Time	Carb1	Carb2	Carb3	Carb4	Carb5	Carb6	Carb7	Carb8	Carb9	Carb10	Carb11	Carb12	Carb13	Carb14	Carb15	Sil1	Sil2	Sil3	Sil4	Sil5	Sil6	Sil7	Sil8	Sil9	Sil10	Sil11	Sil12	Sil13	Sil14	Sil15	c131	c132	c133	c134	c135	c136	c137	c138	c139	c1310	c1311	c1312	c1313	c1314	c1315	
0	6.8679e+17	2.79524e+17	1.22321e+17	7.73932e+16	1.54786e+17	2.3218e+17	3.09573e+17	3.86966e+17	4.64359e+17	5.41753e+17	6.19146e+17	6.96539e+17	7.5909e+17	2.85587e+17	5.49164e+15	5.6223e+15	5.13779e+15	2.24831e+15	1.42252e+15	2.84505e+15	4.26757e+15	5.69009e+15	7.11261e+15	8.53514e+15	9.95766e+15	1.13802e+16	1.28027e+16	2.32723e+16	2.63861e+17	2.89924e+17	4.68986	4.68986	4.68986	4.68986	4.68986	4.68986	4.68986	4.68986	4.68986	4.68986	4.68986	4.68986	4.68986	4.68986	4.68986	
252.681	6.86548e+17	2.79491e+17	1.22306e+17	7.73841e+16	1.54768e+17	2.32152e+17	3.09536e+17	3.8692e+17	4.64304e+17	5.41689e+17	6.19073e+17	6.96106e+17	7.58202e+17	3.35241e+17	8.60016e+15	5.62032e+15	5.13719e+15	2.24804e+15	1.42235e+15	2.84472e+15	4.26706e+15	5.68942e+15	7.11177e+15	8.53414e+15	9.95648e+15	1.13789e+16	1.27947e+16	2.32451e+16	3.09738e+17	4.54034e+17	4.68986	4.68986	4.68986	4.68986	4.68986	4.68986	4.68986	4.68986	4.68986	4.68986	4.68986	4.68986	4.68986	4.68986	4.68986	
503.024	6.86548e+17	2.79491e+17	1.22306e+17	7.73841e+16	1.54768e+17	2.32152e+17	3.09536e+17	3.8692e+17	4.64304e+17	5.41688e+17	6.19072e+17	6.96117e+17	7.583e+17	3.35257e+17	8.60008e+15	5.62032e+15	5.13719e+15	2.24804e+15	1.42235e+15	2.84472e+15	4.26706e+15	5.68941e+15	7.11177e+15	8.53414e+15	9.95647e+15	1.13788e+16	1.27949e+16	2.32481e+16	3.09752e+17	4.5403e+17	4.68986	4.68986	4.68986	4.68986	4.68986	4.68986	4.68986	4.68986	4.68986	4.68986	4.68986	4.68986	4.68986	4.68986	4.68986	
753.859	6.86547e+17	2.79491e+17	1.22306e+17	7.7384e+16	1.54768e+17	2.32152e+17	3.09536e+17	3.8692e+17	4.64304e+17	5.41688e+17	6.19072e+17	6.96123e+17	7.58346e+17	3.35248e+17	8.59943e+15	5.62031e+15	5.13719e+15	2.24804e+15	1.42235e+15	2.84472e+15	4.26706e+15	5.68941e+15	7.11177e+15	8.53413e+15	9.95647e+15	1.13788e+16	1.2795e+16	2.32495e+16	3.09744e+17	4.53996e+17	4.68986	4.68986	4.68986	4.68986	4.68986	4.68986	4.68986	4.68986	4.68986	4.68986	4.68986	4.68986	4.68986	4.68986	4.68986	
1005.21	6.86547e+17	2.79491e+17	1.22306e+17	7.7384e+16	1.54768e+17	2.32152e+17	3.09536e+17	3.8692e+17	4.64304e+17	5.41688e+17	6.19072e+17	6.96126e+17	7.58373e+17	3.35238e+17	8.59943e+15	5.62031e+15	5.13718e+15	2.24803e+15	1.42235e+15	2.84472e+15	4.26706e+15	5.68941e+15	7.11177e+15	8.53413e+15	9.95647e+15	1.13788e+16	1.27951e+16	2.32503e+16	3.09735e+17	4.53996e+17	4.68986	4.68986	4.68986	4.68986	4.68986	4.68986	4.68986	4.68986	4.68986	4.68986	4.68986	4.68986	4.68986	4.68986	4.68986	
1255.64	6.86547e+17	2.79491e+17	1.22306e+17	7.7384e+16	1.54768e+17	2.32152e+17	3.09536e+17	3.8692e+17	4.64304e+17	5.41688e+17	6.19072e+17	6.96128e+17	7.58392e+17	3.3523e+17	8.59943e+15	5.62031e+15	5.13718e+15	2.24803e+15	1.42235e+15	2.84472e+15	4.26705e+15	5.68941e+15	7.11176e+15	8.53413e+15	9.95646e+15	1.13788e+16	1.27951e+16	2.32509e+16	3.09727e+17	4.53996e+17	4.68986	4.68986	4.68986	4.68986	4.68986	4.68986	4.68986	4.68986	4.68986	4.68986	4.68986	4.68986	4.68986	4.68986	4.68986	
1506.22	6.86547e+17	2.79491e+17	1.22306e+17	7.7384e+16	1.54768e+17	2.32152e+17	3.09536e+17	3.8692e+17	4.64304e+17	5.41688e+17	6.19072e+17	6.96129e+17	7.58406e+17	3.35224e+17	8.59943e+15	5.62031e+15	5.13718e+15	2.24803e+15	1.42235e+15	2.84472e+15	4.26705e+15	5.68941e+15	7.11176e+15	8.53413e+15	9.95646e+15	1.13788e+16	1.27952e+16	2.32513e+16	3.09722e+17	4.53996e+17	4.68986	4.68986	4.68986	4.68986	4.68986	4.68986	4.68986	4.68986	4.68986	4.68986	4.68986	4.68986	4.68986	4.68986	4.68986	
1757.2	6.86547e+17	2.79491e+17	1.22306e+17	7.7384e+16	1.54768e+17	2.32152e+17	3.09536e+17	3.8692e+17	4.64304e+17	5.41688e+17	6.19072e+17	6.9613e+17	7.58418e+17	3.3522e+17	8.59943e+15	5.62031e+15	5.13718e+15	2.24803e+15	1.42235e+15	2.84472e+15	4.26705e+15	5.68941e+15	7.11176e+15	8.53412e+15	9.95646e+15	1.13788e+16	1.27952e+16	2.32517e+16	3.09718e+17	4.53996e+17	4.68986	4.68986	4.68986	4.68986	4.68986	4.68986	4.68986	4.68986	4.68986	4.68986	4.68986	4.68986	4.68986	4.68986	4.68986	
2007.76	6.86547e+17	2.79491e+17	1.22306e+17	7.73839e+16	1.54768e+17	2.32152e+17	3.09536e+17	3.8692e+17	4.64304e+17	5.41688e+17	6.19072e+17	6.96131e+17	7.58427e+17	3.35216e+17	8.59943e+15	5.62031e+15	5.13718e+15	2.24803e+15	1.42235e+15	2.84472e+15	4.26705e+15	5.68941e+15	7.11176e+15	8.53412e+15	9.95646e+15	1.13788e+16	1.27952e+16	2.3252e+16	3.09715e+17	4.53996e+17	4.68986	4.68986	4.68986	4.68986	4.68986	4.68986	4.68986	4.68986	4.68986	4.68986	4.68986	4.68986	4.68986	4.68986	4.68986	
2258.76	6.86546e+17	2.79491e+17	1.22306e+17	7.73839e+16	1.54768e+17	2.32152e+17	3.09536e+17	3.8692e+17	4.64304e+17	5.41688e+17	6.19071e+17	6.96132e+17	7.58436e+17	3.35214e+17	8.59943e+15	5.62031e+15	5.13718e+15	2.24803e+15	1.42235e+15	2.84472e+15	4.26705e+15	5.6894e+15	7.11176e+15	8.53412e+15	9.95646e+15	1.13788e+16	1.27952e+16	2.32522e+16	3.09713e+17	4.53996e+17	4.68986	4.68986	4.68986	4.68986	4.68986	4.68986	4.68986	4.68986	4.68986	4.68986	4.68986	4.68986	4.68986	4.68986	4.68986	
2510.08	6.86546e+17	2.79491e+17	1.22306e+17	7.73839e+16	1.54768e+17	2.32152e+17	3.09536e+17	3.8692e+17	4.64304e+17	5.41687e+17	6.19071e+17	6.96132e+17	7.58443e+17	3.35212e+17	8.59943e+15	5.62031e+15	5.13718e+15	2.24803e+15	1.42235e+15	2.84472e+15	4.26705e+15	5.6894e+15	7.11176e+15	8.53412e+15	9.95646e+15	1.13788e+16	1.27952e+16	2.32525e+16	3.09711e+17	4.53996e+17	4.68986	4.68986	4.68986	4.68986	4.68986	4.68986	4.68986	4.68986	4.68986	4.68986	4.68986	4.68986	4.68986	4.68986	4.68986	
2760.58	6.86546e+17	2.79491e+17	1.22306e+17	7.73839e+16	1.54768e+17	2.32152e+17	3.09536e+17	3.8692e+17	4.64303e+17	5.41687e+17	6.19071e+17	6.96133e+17	7.5845e+17	3.3521e+17	8.59943e+15	5.62031e+15	5.13718e+15	2.24803e+15	1.42235e+15	2.84472e+15	4.26705e+15	5.6894e+15	7.11176e+15	8.53412e+15	9.95645e+15	1.13788e+16	1.27952e+16	2.32527e+16	3.09709e+17	4.53996e+17	4.68986	4.68986	4.68986	4.68986	4.68986	4.68986	4.68986	4.68986	4.68986	4.68986	4.68986	4.68986	4.68986	4.68986	4.68986	
3011.83	6.86546e+17	2.79491e+17	1.22306e+17	7.73839e+16	1.54768e+17	2.32152e+17	3.09536e+17	3.8692e+17	4.64303e+17	5.41687e+17	6.19071e+17	6.96133e+17	7.58456e+17	3.35209e+17	8.59943e+15	5.62031e+15	5.13718e+15	2.24803e+15	1.42235e+15	2.84472e+15	4.26705e+15	5.6894e+15	7.11176e+15	8.53412e+15	9.95645e+15	1.13788e+16	1.27952e+16	2.32529e+16	3.09708e+17	4.53996e+17	4.68987	4.68986	4.68986	4.68986	4.68986	4.68986	4.68986	4.68986	4.68986	4.68986	4.68986	4.68986	4.68986	4.68986	4.68986	
3262.15	6.86546e+17	2.79491e+17	1.22306e+17	7.73839e+16	1.54768e+17	2.32152e+17	3.09536e+17	3.86919e+17	4.64303e+17	5.41687e+17	6.19071e+17	6.96133e+17	7.58462e+17	3.35208e+17	8.59943e+15	5.62032e+15	5.13718e+15	2.24803e+15	1.42235e+15	2.84471e+15	4.26705e+15	5.6894e+15	7.11175e+15	8.53412e+15	9.95645e+15	1.13788e+16	1.27952e+16	2.32531e+16	3.09707e+17	4.53996e+17	4.68987	4.68986	4.68986	4.68986	4.68986	4.68986	4.68986	4.68986	4.68986	4.68986	4.68986	4.68986	4.68986	4.68986	4.68986	
3512.71	6.86546e+17	2.79491e+17	1.22306e+17	7.73839e+16	1.54768e+17	2.32152e+17	3.09536e+17	3.86919e+17	4.64303e+17	5.41687e+17	6.19071e+17	6.96134e+17	7.58467e+17	3.35208e+17	8.59943e+15	5.62034e+15	5.13718e+15	2.24803e+15	1.42235e+15	2.84471e+15	4.26705e+15	5.6894e+15	7.11175e+15	8.53412e+15	9.95645e+15	1.13788e+16	1.27952e+16	2.32532e+16	3.09707e+17	4.53996e+17	4.68987	4.68986	4.68986	4.68986	4.68986	4.68986	4.68986	4.68986	4.68986	4.68986	4.68986	4.68986	4.68986	4.68986	4.68986	
3764.19	6.86546e+17	2.79491e+17	1.22306e+17	7.73839e+16	1.54768e+17	2.32152e+17	3.09536e+17	3.86919e+17	4.64303e+17	5.41687e+17	6.19071e+17	6.96134e+17	7.58472e+17	3.35207e+17	8.59943e+15	5.62037e+15	5.13718e+15	2.24803e+15	1.42235e+15	2.84471e+15	4.26705e+15	5.6894e+15	7.11175e+15	8.53412e+15	9.95645e+15	1.13788e+16	1.27953e+16	2.32534e+16	3.09706e+17	4.53996e+17	4.68987	4.68986	4.68986	4.68986	4.68986	4.68986	4.68986	4.68986	4.68986	4.68986	4.68986	4.68986	4.68986	4.68986	4.68986	
4014.97	6.86546e+17	2.79491e+17	1.22306e+17	7.73839e+16	1.54768e+17	2.32152e+17	3.09536e+17	3.86919e+17	4.64303e+17	5.41687e+17	6.19071e+17	6.96134e+17	7.58477e+17	3.35207e+17	8.59943e+15	5.62043e+15	5.13718e+15	2.24803e+15	1.42235e+15	2.84471e+15	4.26705e+15	5.6894e+15	7.11175e+15	8.53412e+15	9.95645e+15	1.13788e+16	1.27953e+16	2.32535e+16	3.09706e+17	4.53996e+17	4.68988	4.68986	4.68986	4.68986	4.68986	4.68986	4.68986	4.68986	4.68986	4.68986	4.68986	4.68986	4.68986	4.68986	4.68986	
4265.4	6.86546e+17	2.79491e+17	1.22306e+17	7.73839e+16	1.54768e+17	2.32152e+17	3.09535e+17	3.86919e+17	4.64303e+17	5.41687e+17	6.19071e+17	6.96134e+17	7.58481e+17	3.35206e+17	8.59943e+15	5.62053e+15	5.13717e+15	2.24803e+15	1.42235e+15	2.84471e+15	4.26705e+15	5.6894e+15	7.11175e+15	8.53411e+15	9.95645e+15	1.13788e+16	1.27953e+16	2.32536e+16	3.09705e+17	4.53996e+17	4.68989	4.68986	4.68986	4.68986	4.68986	4.68986	4.68986	4.68986	4.68986	4.68986	4.68986	4.68986	4.68986	4.68986	4.68986	
4516.65	6.86546e+17	2.79491e+17	1.22306e+17	7.73839e+16	1.54768e+17	2.32152e+17	3.09535e+17	3.86919e+17	4.64303e+17	5.41687e+17	6.19071e+17	6.96134e+17	7.58485e+17	3.35206e+17	8.59943e+15	5.6207e+15	5.13717e+15	2.24803e+15	1.42235e+15	2.84471e+15	4.26705e+15	5.6894e+15	7.11175e+15	8.53411e+15	9.95645e+15	1.13788e+16	1.27953e+16	2.32538e+16	3.09705e+17	4.53996e+17	4.68991	4.68986	4.68986	4.68986	4.68986	4.68986	4.68986	4.68986	4.68986	4.68986	4.68986	4.68986	4.68986	4.68986	4.68986	
4767.14	6.86545e+17	2.7949e+17	1.22306e+17	7.73839e+16	1.54768e+17	2.32152e+17	3.09535e+17	3.86919e+17	4.64303e+17	5.41687e+17	6.19071e+17	6.96134e+17	7.58489e+17	3.35206e+17	8.59943e+15	5.62096e+15	5.13717e+15	2.24803e+15	1.42235e+15	2.84471e+15	4.26705e+15	5.6894e+15	7.11175e+15	8.53411e+15	9.95645e+15	1.13788e+16	1.27953e+16	2.32539e+16	3.09705e+17	4.53996e+17	4.68994	4.68986	4.68986	4.68986	4.68986	4.68986	4.68986	4.68986	4.68986	4.68986	4.68986	4.68986	4.68986	4.68986	4.68986	
5018	6.86544e+17	2.7949e+17	1.22306e+17	7.73839e+16	1.54768e+17	2.32152e+17	3.09535e+17	3.86919e+17	4.64303e+17	5.41687e+17	6.19071e+17	6.96134e+17	7.58492e+17	3.35206e+17	8.59943e+15	5.62136e+15	5.13717e+15	2.24803e+15	1.42235e+15	2.84471e+15	4.26705e+15	5.6894e+15	7.11175e+15	8.53411e+15	9.95645e+15	1.13788e+16	1.27953e+16	2.3254e+16	3.09705e+17	4.53996e+17	4.68999	4.68986	4.68986	4.68986	4.68986	4.68986	4.68986	4.68986	4.68986	4.68986	4.68986	4.68986	4.68986	4.68986	4.68986	
5269.07	6.86544e+17	2.7949e+17	1.22306e+17	7.73839e+16	1.54768e+17	2.32152e+17	3.09535e+17	3.86919e+17	4.64303e+17	5.41687e+17	6.19071e+17	6.96134e+17	7.58495e+17	3.35205e+17	8.59943e+15	5.62194e+15	5.13717e+15	2.24803e+15	1.42235e+15	2.84471e+15	4.26705e+15	5.6894e+15	7.11175e+15	8.53411e+15	9.95645e+15	1.13788e+16	1.27953e+16	2.3254e+16	3.09705e+17	4.53996e+17	4.69006	4.68986	4.68986	4.68986	4.68986	4.68986	4.68986	4.68986	4.68986	4.68986	4.68986	4.68986	4.68986	4.68986	4.68986	
5519.26	6.86542e+17	2.7949e+17	1.22306e+17	7.73839e+16	1.54768e+17	2.32152e+17	3.09535e+17	3.86919e+17	4.64303e+17	5.41687e+17	6.19071e+17	6.96134e+17	7.58497e+17	3.35205e+17	8.59943e+15	5.62276e+15	5.13717e+15	2.24803e+15	1.42235e+15	2.84471e+15	4.26705e+15	5.6894e+15	7.11175e+15	8.53411e+15	9.95645e+15	1.13788e+16	1.27952e+16	2.32541e+16	3.09705e+17	4.53996e+17	4.69016	4.68986	4.68986	4.68986	4.68986	4.68986	4.68986	4.68986	4.68986	4.68986	4.68986	4.68986	4.68986	4.68986	4.68986	
5770.33	6.8654e+17	2.7949e+17	1.22306e+17	7.73839e+16	1.54768e+17	2.32152e+17	3.09535e+17	3.86919e+17	4.64303e+17	5.41687e+17	6.19071e+17	6.96134e+17	7.585e+17	3.35205e+17	8.59943e+15	5.62389e+15	5.13717e+15	2.24803e+15	1.42235e+15	2.84471e+15	4.26705e+15	5.6894e+15	7.11175e+15	8.53411e+15	9.95645e+15	1.13788e+16	1.27952e+16	2.32542e+16	3.09705e+17	4.53996e+17	4.6903	4.68986	4.68986	4.68986	4.68986	4.68986	4.68986	4.68986	4.68986	4.68986	4.68986	4.68986	4.68986	4.68986	4.68986	
6021.61	6.86538e+17	2.7949e+17	1.22306e+17	7.73838e+16	1.54768e+17	2.32152e+17	3.09535e+17	3.86919e+17	4.64303e+17	5.41687e+17	6.19071e+17	6.96133e+17	7.58502e+17	3.35205e+17	8.59943e+15	5.62541e+15	5.13717e+15	2.24803e+15	1.42235e+15	2.84471e+15	4.26705e+15	5.6894e+15	7.11175e+15	8.53411e+15	9.95645e+15	1.13788e+16	1.27952e+16	2.32543e+16	3.09704e+17	4.53996e+17	4.69048	4.68986	4.68986	4.68986	4.68986	4.68986	4.68986	4.68986	4.68986	4.68986	4.68986	4.68986	4.68986	4.68986	4.68986	
6271.92	6.86535e+17	2.7949e+17	1.22306e+17	7.73838e+16	1.54768e+17	2.32152e+17	3.09535e+17	3.86919e+17	4.64303e+17	5.41687e+17	6.19071e+17	6.96133e+17	7.58505e+17	3.35205e+17	8.59943e+15	5.62739e+15	5.13718e+15	2.24803e+15	1.42235e+15	2.84471e+15	4.26705e+15	5.6894e+15	7.11175e+15	8.53412e+15	9.95645e+15	1.13788e+16	1.27952e+16	2.32544e+16	3.09704e+17	4.53996e+17	4.69073	4.68986	4.68986	4.68986	4.68986	4.68986	4.68986	4.68986	4.68986	4.68986	4.68986	4.68986	4.68986	4.68986	4.68986	
6522.95	6.86531e+17	2.7949e+17	1.22306e+17	7.73838e+16	1.54768e+17	2.32152e+17	3.09535e+17	3.86919e+17	4.64303e+17	5.41687e+17	6.19071e+17	6.96133e+17	7.58507e+17	3.35205e+17	8.59943e+15	5.62994e+15	5.13718e+15	2.24803e+15	1.42235e+15	2.84472e+15	4.26705e+15	5.6894e+15	7.11176e+15	8.53412e+15	9.95645e+15	1.13788e+16	1.27952e+16	2.32544e+16	3.09704e+17	4.53996e+17	4.69104	4.68987	4.68987	4.68987	4.68987	4.68987	4.68987	4.68987	4.68987	4.68987	4.68987	4.68986	4.68986	4.68986	4.68986	
6773.63	6.86526e+17	2.7949e+17	1.22306e+17	7.73838e+16	1.54768e+17	2.32152e+17	3.09535e+17	3.86919e+17	4.64303e+17	5.41687e+17	6.19071e+17	6.96133e+17	7.58509e+17	3.35205e+17	8.59943e+15	5.63314e+15	5.13718e+15	2.24803e+15	1.42235e+15	2.84472e+15	4.26705e+15	5.68941e+15	7.11176e+15	8.53412e+15	9.95646e+15	1.13788e+16	1.27952e+16	2.32545e+16	3.09704e+17	4.53996e+17	4.69144	4.68987	4.68987	4.68987	4.68987	4.68987	4.68987	4.68987	4.68987	4.68987	4.68987	4.68986	4.68986	4.68986	4.68986	
7024.26	6.8652e+17	2.7949e+17	1.22306e+17	7.73838e+16	1.54768e+17	2.32152e+17	3.09535e+17	3.86919e+17	4.64303e+17	5.41687e+17	6.19071e+17	6.96133e+17	7.58511e+17	3.35205e+17	8.59943e+15	5.63709e+15	5.13718e+15	2.24803e+15	1.42235e+15	2.84472e+15	4.26705e+15	5.68941e+15	7.11176e+15	8.53413e+15	9.95646e+15	1.13788e+16	1.27952e+16	2.32545e+16	3.09704e+17	4.53996e+17	4.69192	4.68987	4.68987	4.68987	4.68987	4.68987	4.68987	4.68987	4.68987	4.68987	4.68987	4.68986	4.68986	4.68986	4.68986	
7275.73	6.86512e+17	2.7949e+17	1.22306e+17	7.73838e+16	1.54768e+17	2.32151e+17	3.09535e+17	3.86919e+17	4.64303e+17	5.41687e+17	6.19071e+17	6.96133e+17	7.58513e+17	3.35205e+17	8.59943e+15	5.6419e+15	5.13719e+15	2.24804e+15	1.42235e+15	2.84472e+15	4.26706e+15	5.68941e+15	7.11177e+15	8.53414e+15	9.95647e+15	1.13788e+16	1.27952e+16	2.32546e+16	3.09704e+17	4.53996e+17	4.69252	4.68987	4.68987	4.68987	4.68987	4.68987	4.68987	4.68987	4.68987	4.68987	4.68987	4.68986	4.68986	4.68986	4.68986	
7529.76	6.86503e+17	2.7949e+17	1.22306e+17	7.73838e+16	1.54768e+17	2.32151e+17	3.09535e+17	3.86919e+17	4.64303e+17	5.41687e+17	6.19071e+17	6.96132e+17	7.58514e+17	3.35205e+17	8.59943e+15	5.64771e+15	5.13719e+15	2.24804e+15	1.42235e+15	2.84472e+15	4.26706e+15	5.68942e+15	7.11178e+15	8.53415e+15	9.95649e+15	1.13789e+16	1.27952e+16	2.32547e+16	3.09704e+17	4.53996e+17	4.69324	4.68987	4.68987	4.68987	4.68987	4.68987	4.68987	4.68987	4.68987	4.68987	4.68987	4.68986	4.68986	4.68986	4.68986	
7780.79	6.86492e+17	2.7949e+17	1.22306e+17	7.73838e+16	1.54768e+17	2.32151e+17	3.09535e+17	3.86919e+17	4.64303e+17	5.41687e+17	6.19071e+17	6.96132e+17	7.58516e+17	3.35205e+17	8.59943e+15	5.65446e+15	5.1372e+15	2.24804e+15	1.42236e+15	2.84473e+15	4.26707e+15	5.68943e+15	7.11179e+15	8.53416e+15	9.9565e+15	1.13789e+16	1.27952e+16	2.32547e+16	3.09704e+17	4.53996e+17	4.69408	4.68987	4.68987	4.68987	4.68987	4.68987	4.68987	4.68987	4.68987	4.68987	4.68987	4.68986	4.68986	4.68986	4.68986	
8031.48	6.8648e+17	2.7949e+17	1.22306e+17	7.73838e+16	1.54768e+17	2.32151e+17	3.09535e+17	3.86919e+17	4.64303e+17	5.41687e+17	6.1907e+17	6.96132e+17	7.58518e+17	3.35205e+17	8.59943e+15	5.66229e+15	5.13721e+15	2.24805e+15	1.42236e+15	2.84474e+15	4.26708e+15	5.68944e+15	7.11181e+15	8.53418e+15	9.95653e+15	1.13789e+16	1.27952e+16	2.32548e+16	3.09704e+17	4.53996e+17	4.69506	4.68987	4.68987	4.68987	4.68987	4.68987	4.68987	4.68987	4.68987	4.68987	4.68987	4.68986	4.68986	4.68986	4.68986	
8282.11	6.86466e+17	2.7949e+17	1.22306e+17	7.73838e+16	1.54768e+17	2.32151e+17	3.09535e+17	3.86919e+17	4.64303e+17	5.41687e+17	6.1907e+17	6.96132e+17	7.58519e+17	3.35205e+17	8.59943e+15	5.67124e+15	5.13723e+15	2.24805e+15	1.42236e+15	2.84474e+15	4.26709e+15	5.68946e+15	7.11183e+15	8.53421e+15	9.95656e+15	1.13789e+16	1.27952e+16	2.32548e+16	3.09704e+17	4.53996e+17	4.69618	4.68987	4.68987	4.68987	4.68987	4.68987	4.68987	4.68987	4.68987	4.68987	4.68987	4.68986	4.68986	4.68986	4.68986	
8533.58	6.8645e+17	2.7949e+17	1.22306e+17	7.73838e+16	1.54768e+17	2.32151e+17	3.09535e+17	3.86919e+17	4.64303e+17	5.41687e+17	6.1907e+17	6.96131e+17	7.58521e+17	3.35205e+17	8.59943e+15	5.6814e+15	5.13725e+15	2.24806e+15	1.42237e+15	2.84476e+15	4.26711e+15	5.68948e+15	7.11186e+15	8.53424e+15	9.9566e+15	1.1379e+16	1.27952e+16	2.32548e+16	3.09704e+17	4.53996e+17	4.69744	4.68988	4.68988	4.68988	4.68988	4.68988	4.68988	4.68988	4.68988	4.68988	4.68988	4.68986	4.68986	4.68986	4.68986	
8787.61	6.86432e+17	2.7949e+17	1.22306e+17	7.73838e+16	1.54768e+17	2.32151e+17	3.09535e+17	3.86919e+17	4.64303e+17	5.41686e+17	6.1907e+17	6.96131e+17	7.58522e+17	3.35205e+17	8.59943e+15	5.69288e+15	5.13728e+15	2.24808e+15	1.42238e+15	2.84477e+15	4.26713e+15	5.68951e+15	7.1119e+15	8.53429e+15	9.95665e+15	1.13791e+16	1.27952e+16	2.32549e+16	3.09704e+17	4.53996e+17	4.69888	4.68988	4.68988	4.68988	4.68988	4.68988	4.68988	4.68988	4.68988	4.68988	4.68988	4.68986	4.68986	4.68986	4.68986	
9038.64	6.86412e+17	2.7949e+17	1.22306e+17	7.73838e+16	1.54768e+17	2.32151e+17	3.09535e+17	3.86919e+17	4.64303e+17	5.41686e+17	6.1907e+17	6.96131e+17	7.58523e+17	3.35205e+17	8.59943e+15	5.70543e+15	5.13731e+15	2.24809e+15	1.42239e+15	2.84479e+15	4.26716e+15	5.68955e+15	7.11194e+15	8.53434e+15	9.95672e+15	1.13791e+16	1.27952e+16	2.32549e+16	3.09704e+17	4.53996e+17	4.70045	4.68988	4.68988	4.68988	4.68988	4.68988	4.68988	4.68988	4.68988	4.68988	4.68988	4.68986	4.68986	4.68986	4.68986	
9289.33	6.8639e+17	2.7949e+17	1.22306e+17	7.73837e+16	1.54767e+17	2.32151e+17	3.09535e+17	3.86919e+17	4.64302e+17	5.41686e+17	6.1907e+17	6.9613e+17	7.58524e+17	3.35205e+17	8.59943e+15	5.71914e+15	5.13736e+15	2.24811e+15	1.4224e+15	2.84481e+15	4.2672e+15	5.6896e+15	7.112e+15	8.53442e+15	9.9568e+15	1.13792e+16	1.27952e+16	2.3255e+16	3.09704e+17	4.53996e+17	4.70216	4.68989	4.68989	4.68989	4.68989	4.68989	4.68989	4.68989	4.68989	4.68989	4.68989	4.68986	4.68986	4.68986	4.68986	
9539.96	6.86367e+17	2.7949e+17	1.22306e+17	7.73837e+16	1.54767e+17	2.32151e+17	3.09535e+17	3.86919e+17	4.64302e+17	5.41686e+17	6.1907e+17	6.9613e+17	7.58526e+17	3.35205e+17	8.59943e+15	5.73399e+15	5.13741e+15	2.24813e+15	1.42241e+15	2.84484e+15	4.26724e+15	5.68966e+15	7.11208e+15	8.53451e+15	9.95691e+15	1.13793e+16	1.27952e+16	2.3255e+16	3.09705e+17	4.53996e+17	4.70402	4.6899	4.6899	4.6899	4.6899	4.6899	4.6899	4.6899	4.6899	4.6899	4.6899	4.68986	4.68986	4.68986	4.68986	
9791.42	6.86342e+17	2.7949e+17	1.22306e+17	7.73837e+16	1.54767e+17	2.32151e+17	3.09535e+17	3.86918e+17	4.64302e+17	5.41686e+17	6.19069e+17	6.9613e+17	7.58527e+17	3.35205e+17	8.59943e+15	5.74999e+15	5.13748e+15	2.24816e+15	1.42243e+15	2.84488e+15	4.2673e+15	5.68974e+15	7.11217e+15	8.53462e+15	9.95704e+15	1.13795e+16	1.27952e+16	2.3255e+16	3.09705e+17	4.53996e+17	4.70602	4.68991	4.68991	4.68991	4.68991	4.68991	4.68991	4.68991	4.68991	4.68991	4.68991	4.68986	4.68986	4.68986	4.68986	
10045.5	6.86315e+17	2.7949e+17	1.22305e+17	7.73837e+16	1.54767e+17	2.32151e+17	3.09535e+17	3.86918e+17	4.64302e+17	5.41686e+17	6.19069e+17	6.9613e+17	7.58528e+17	3.35205e+17	8.59943e+15	5.7672e+15	5.13756e+15	2.2482e+15	1.42246e+15	2.84493e+15	4.26737e+15	5.68983e+15	7.11229e+15	8.53476e+15	9.9572e+15	1.13797e+16	1.27952e+16	2.32551e+16	3.09705e+17	4.53996e+17	4.70817	4.68992	4.68992	4.68992	4.68992	4.68992	4.68992	4.68992	4.68992	4.68992	4.68992	4.68987	4.68986	4.68986	4.68986	
10296.5	6.86286e+17	2.7949e+17	1.22305e+17	7.73836e+16	1.54767e+17	2.32151e+17	3.09534e+17	3.86918e+17	4.64302e+17	5.41685e+17	6.19069e+17	6.96129e+17	7.58529e+17	3.35205e+17	8.59943e+15	5.78515e+15	5.13767e+15	2.24825e+15	1.42249e+15	2.84499e+15	4.26746e+15	5.68995e+15	7.11244e+15	8.53493e+15	9.9574e+15	1.13799e+16	1.27953e+16	2.32551e+16	3.09705e+17	4.53996e+17	4.71041	4.68993	4.68993	4.68993	4.68993	4.68993	4.68993	4.68993	4.68993	4.68993	4.68993	4.68987	4.68986	4.68986	4.68986	
10547.2	6.86257e+17	2.79489e+17	1.22305e+17	7.73836e+16	1.54767e+17	2.32151e+17	3.09534e+17	3.86918e+17	4.64301e+17	5.41685e+17	6.19068e+17	6.96129e+17	7.5853e+17	3.35205e+17	8.59943e+15	5.80393e+15	5.13779e+15	2.2483e+15	1.42252e+15	2.84506e+15	4.26756e+15	5.69009e+15	7.11261e+15	8.53514e+15	9.95765e+15	1.13802e+16	1.27953e+16	2.32551e+16	3.09705e+17	4.53996e+17	4.71275	4.68995	4.68995	4.68995	4.68995	4.68995	4.68995	4.68995	4.68995	4.68995	4.68995	4.68987	4.68986	4.68986	4.68986	
10797.8	6.86226e+17	2.79489e+17	1.22305e+17	7.73835e+16	1.54767e+17	2.3215e+17	3.09534e+17	3.86917e+17	4.64301e+17	5.41684e+17	6.19068e+17	6.96128e+17	7.58531e+17	3.35205e+17	8.59943e+15	5.82343e+15	5.13794e+15	2.24837e+15	1.42256e+15	2.84514e+15	4.26769e+15	5.69025e+15	7.11282e+15	8.53539e+15	9.95794e+15	1.13805e+16	1.27953e+16	2.32552e+16	3.09705e+17	4.53996e+17	4.71519	4.68997	4.68997	4.68997	4.68997	4.68997	4.68997	4.68997	4.68997	4.68997	4.68997	4.68987	4.68986	4.68986	4.68986	
11049.3	6.86194e+17	2.79489e+17	1.22305e+17	7.73834e+16	1.54767e+17	2.3215e+17	3.09534e+17	3.86917e+17	4.643e+17	5.41684e+17	6.19067e+17	6.96128e+17	7.58532e+17	3.35205e+17	8.59943e+15	5.84362e+15	5.13813e+15	2.24845e+15	1.42261e+15	2.84524e+15	4.26784e+15	5.69045e+15	7.11307e+15	8.53569e+15	9.95829e+15	1.13809e+16	1.27953e+16	2.32552e+16	3.09705e+17	4.53996e+17	4.71771	4.69	4.69	4.69	4.69	4.69	4.69	4.69	4.69	4.69	4.69	4.68987	4.68986	4.68986	4.68986	
11303.3	6.86161e+17	2.79488e+17	1.22305e+17	7.73833e+16	1.54767e+17	2.3215e+17	3.09533e+17	3.86917e+17	4.643e+17	5.41683e+17	6.19066e+17	6.96128e+17	7.58533e+17	3.35205e+17	8.59943e+15	5.86452e+15	5.13834e+15	2.24854e+15	1.42267e+15	2.84536e+15	4.26802e+15	5.69069e+15	7.11337e+15	8.53605e+15	9.95871e+15	1.13814e+16	1.27954e+16	2.32552e+16	3.09705e+17	4.53996e+17	4.72031	4.69003	4.69003	4.69003	4.69003	4.69003	4.69003	4.69003	4.69003	4.69003	4.69003	4.68987	4.68986	4.68986	4.68986	
11554.3	6.86128e+17	2.79488e+17	1.22305e+17	7.73832e+16	1.54766e+17	2.3215e+17	3.09533e+17	3.86916e+17	4.64299e+17	5.41682e+17	6.19065e+17	6.96127e+17	7.58534e+17	3.35205e+17	8.59943e+15	5.88555e+15	5.1386e+15	2.24865e+15	1.42274e+15	2.8455e+15	4.26823e+15	5.69098e+15	7.11372e+15	8.53648e+15	9.9592e+15	1.1382e+16	1.27955e+16	2.32552e+16	3.09705e+17	4.53996e+17	4.72293	4.69006	4.69006	4.69006	4.69006	4.69006	4.69006	4.69006	4.69006	4.69006	4.69006	4.68987	4.68986	4.68986	4.68986	
11805	6.86095e+17	2.79488e+17	1.22305e+17	7.73831e+16	1.54766e+17	2.32149e+17	3.09532e+17	3.86915e+17	4.64298e+17	5.41681e+17	6.19064e+17	6.96127e+17	7.58534e+17	3.35205e+17	8.59943e+15	5.9068e+15	5.13889e+15	2.24878e+15	1.42282e+15	2.84567e+15	4.26848e+15	5.6913e+15	7.11413e+15	8.53697e+15	9.95978e+15	1.13827e+16	1.27955e+16	2.32553e+16	3.09705e+17	4.53996e+17	4.72557	4.6901	4.6901	4.6901	4.6901	4.6901	4.6901	4.6901	4.6901	4.6901	4.6901	4.68987	4.68986	4.68986	4.68986	
12055.7	6.86061e+17	2.79487e+17	1.22304e+17	7.73829e+16	1.54766e+17	2.32149e+17	3.09532e+17	3.86915e+17	4.64297e+17	5.4168e+17	6.19063e+17	6.96126e+17	7.58535e+17	3.35205e+17	8.59943e+15	5.92815e+15	5.13924e+15	2.24893e+15	1.42292e+15	2.84586e+15	4.26876e+15	5.69169e+15	7.11461e+15	8.53755e+15	9.96045e+15	1.13834e+16	1.27956e+16	2.32553e+16	3.09705e+17	4.53996e+17	4.72822	4.69015	4.69015	4.69015	4.69015	4.69015	4.69015	4.69015	4.69015	4.69015	4.69015	4.68987	4.68986	4.68986	4.68986	
12307.1	6.86028e+17	2.79486e+17	1.22304e+17	7.73827e+16	1.54765e+17	2.32148e+17	3.09531e+17	3.86914e+17	4.64296e+17	5.41679e+17	6.19062e+17	6.96126e+17	7.58536e+17	3.35205e+17	8.59943e+15	5.94958e+15	5.13964e+15	2.24911e+15	1.42303e+15	2.84608e+15	4.2691e+15	5.69213e+15	7.11517e+15	8.53821e+15	9.96123e+15	1.13843e+16	1.27957e+16	2.32553e+16	3.09705e+17	4.53996e+17	4.73087	4.69021	4.69021	4.69021	4.69021	4.69021	4.69021	4.69021	4.69021	4.69021	4.69021	4.68987	4.68986	4.68986	4.68986	
12561.2	6.85994e+17	2.79486e+17	1.22304e+17	7.73825e+16	1.54765e+17	2.32148e+17	3.0953e+17	3.86913e+17	4.64295e+17	5.41678e+17	6.1906e+17	6.96125e+17	7.58536e+17	3.35205e+17	8.59943e+15	5.97109e+15	5.14011e+15	2.24932e+15	1.42316e+15	2.84634e+15	4.26949e+15	5.69265e+15	7.11582e+15	8.53899e+15	9.96214e+15	1.13854e+16	1.27959e+16	2.32553e+16	3.09705e+17	4.53996e+17	4.73354	4.69027	4.69027	4.69027	4.69027	4.69027	4.69027	4.69027	4.69027	4.69027	4.69027	4.68987	4.68986	4.68986	4.68986	
12812.2	6.85961e+17	2.79485e+17	1.22303e+17	7.73823e+16	1.54765e+17	2.32147e+17	3.09529e+17	3.86911e+17	4.64294e+17	5.41676e+17	6.19058e+17	6.96125e+17	7.58537e+17	3.35205e+17	8.59943e+15	5.99212e+15	5.14064e+15	2.24955e+15	1.42331e+15	2.84663e+15	4.26993e+15	5.69324e+15	7.11655e+15	8.53988e+15	9.96317e+15	1.13866e+16	1.2796e+16	2.32554e+16	3.09705e+17	4.53996e+17	4.73614	4.69035	4.69035	4.69035	4.69035	4.69035	4.69035	4.69035	4.69035	4.69035	4.69035	4.68987	4.68986	4.68986	4.68986	
13062.9	6.85928e+17	2.79484e+17	1.22303e+17	7.7382e+16	1.54764e+17	2.32146e+17	3.09528e+17	3.8691e+17	4.64292e+17	5.41674e+17	6.19056e+17	6.96124e+17	7.58538e+17	3.35205e+17	8.59943e+15	6.01279e+15	5.14125e+15	2.24981e+15	1.42348e+15	2.84697e+15	4.27043e+15	5.69391e+15	7.11739e+15	8.54088e+15	9.96435e+15	1.13879e+16	1.27962e+16	2.32554e+16	3.09705e+17	4.53996e+17	4.73869	4.69043	4.69043	4.69043	4.69043	4.69043	4.69043	4.69043	4.69043	4.69043	4.69043	4.68987	4.68986	4.68986	4.68986	
13313.5	6.85896e+17	2.79483e+17	1.22302e+17	7.73817e+16	1.54763e+17	2.32145e+17	3.09527e+17	3.86909e+17	4.6429e+17	5.41672e+17	6.19054e+17	6.96123e+17	7.58538e+17	3.35205e+17	8.59943e+15	6.03301e+15	5.14194e+15	2.25011e+15	1.42367e+15	2.84735e+15	4.271e+15	5.69467e+15	7.11834e+15	8.54202e+15	9.96568e+15	1.13894e+16	1.27965e+16	2.32554e+16	3.09705e+17	4.53996e+17	4.74118	4.69053	4.69053	4.69053	4.69053	4.69053	4.69053	4.69053	4.69053	4.69053	4.69053	4.68988	4.68986	4.68986	4.68986	
13565	6.85865e+17	2.79482e+17	1.22302e+17	7.73814e+16	1.54763e+17	2.32144e+17	3.09526e+17	3.86907e+17	4.64288e+17	5.4167e+17	6.19051e+17	6.96122e+17	7.58539e+17	3.35205e+17	8.59943e+15	6.0528e+15	5.14272e+15	2.25046e+15	1.42388e+15	2.84778e+15	4.27165e+15	5.69554e+15	7.11942e+15	8.54332e+15	9.96719e+15	1.13912e+16	1.27967e+16	2.32554e+16	3.09705e+17	4.53996e+17	4.74361	4.69064	4.69064	4.69064	4.69064	4.69064	4.69064	4.69064	4.69064	4.69064	4.69064	4.68988	4.68986	4.68986	4.68986	
13819	6.85835e+17	2.7948e+17	1.22301e+17	7.7381e+16	1.54762e+17	2.32143e+17	3.09524e+17	3.86905e+17	4.64286e+17	5.41667e+17	6.19048e+17	6.96122e+17	7.58539e+17	3.35205e+17	8.59943e+15	6.07218e+15	5.1436e+15	2.25084e+15	1.42413e+15	2.84827e+15	4.27239e+15	5.69652e+15	7.12065e+15	8.54479e+15	9.9689e+15	1.13931e+16	1.2797e+16	2.32554e+16	3.09705e+17	4.53996e+17	4.74599	4.69076	4.69076	4.69076	4.69076	4.69076	4.69076	4.69076	4.69076	4.69076	4.69076	4.68988	4.68986	4.68986	4.68986	
14070	6.85805e+17	2.79479e+17	1.22301e+17	7.73806e+16	1.54761e+17	2.32142e+17	3.09522e+17	3.86903e+17	4.64283e+17	5.41664e+17	6.19044e+17	6.96121e+17	7.5854e+17	3.35205e+17	8.59943e+15	6.09068e+15	5.14458e+15	2.25127e+15	1.4244e+15	2.84881e+15	4.2732e+15	5.6976e+15	7.12201e+15	8.54642e+15	9.9708e+15	1.13953e+16	1.27974e+16	2.32554e+16	3.09705e+17	4.53996e+17	4.74826	4.6909	4.6909	4.6909	4.6909	4.6909	4.6909	4.6909	4.6909	4.6909	4.6909	4.68989	4.68986	4.68986	4.68986	
14320.7	6.85777e+17	2.79477e+17	1.223e+17	7.73801e+16	1.5476e+17	2.3214e+17	3.0952e+17	3.869e+17	4.64281e+17	5.41661e+17	6.19041e+17	6.9612e+17	7.5854e+17	3.35205e+17	8.59943e+15	6.10845e+15	5.14567e+15	2.25175e+15	1.4247e+15	2.84942e+15	4.27411e+15	5.69881e+15	7.12352e+15	8.54823e+15	9.97292e+15	1.13977e+16	1.27979e+16	2.32555e+16	3.09705e+17	4.53996e+17	4.75044	4.69105	4.69105	4.69105	4.69105	4.69105	4.69105	4.69105	4.69105	4.69105	4.69105	4.68989	4.68986	4.68986	4.68986	
14571.3	6.85751e+17	2.79475e+17	1.22299e+17	7.73796e+16	1.54759e+17	2.32139e+17	3.09518e+17	3.86898e+17	4.64277e+17	5.41657e+17	6.19036e+17	6.96118e+17	7.58541e+17	3.35205e+17	8.59943e+15	6.12547e+15	5.14688e+15	2.25228e+15	1.42504e+15	2.85009e+15	4.27511e+15	5.70015e+15	7.12519e+15	8.55024e+15	9.97527e+15	1.14004e+16	1.27984e+16	2.32555e+16	3.09705e+17	4.53996e+17	4.75252	4.69122	4.69122	4.69122	4.69122	4.69122	4.69122	4.69122	4.69122	4.69122	4.69122	4.68989	4.68986	4.68986	4.68986	
14822.8	6.85725e+17	2.79473e+17	1.22298e+17	7.7379e+16	1.54758e+17	2.32137e+17	3.09516e+17	3.86895e+17	4.64274e+17	5.41653e+17	6.19032e+17	6.96117e+17	7.58541e+17	3.35205e+17	8.59943e+15	6.14176e+15	5.14823e+15	2.25287e+15	1.42541e+15	2.85083e+15	4.27623e+15	5.70164e+15	7.12705e+15	8.55248e+15	9.97787e+15	1.14034e+16	1.27989e+16	2.32555e+16	3.09705e+17	4.53996e+17	4.75451	4.69141	4.69141	4.69141	4.69141	4.69141	4.69141	4.69141	4.69141	4.69141	4.69141	4.6899	4.68986	4.68986	4.68986	
15076.8	6.857e+17	2.7947e+17	1.22297e+17	7.73783e+16	1.54757e+17	2.32135e+17	3.09513e+17	3.86892e+17	4.6427e+17	5.41648e+17	6.19026e+17	6.96116e+17	7.58542e+17	3.35205e+17	8.59943e+15	6.15741e+15	5.14972e+15	2.25352e+15	1.42582e+15	2.85166e+15	4.27747e+15	5.7033e+15	7.12913e+15	8.55496e+15	9.98077e+15	1.14068e+16	1.27996e+16	2.32555e+16	3.09705e+17	4.53996e+17	4.75641	4.69162	4.69162	4.69162	4.69162	4.69162	4.69162	4.69162	4.69162	4.69162	4.69162	4.68991	4.68986	4.68986	4.68986	
15327.9	6.85677e+17	2.79468e+17	1.22296e+17	7.73776e+16	1.54755e+17	2.32133e+17	3.0951e+17	3.86888e+17	4.64266e+17	5.41643e+17	6.19021e+17	6.96114e+17	7.58542e+17	3.35205e+17	8.59943e+15	6.17205e+15	5.15135e+15	2.25423e+15	1.42627e+15	2.85256e+15	4.27882e+15	5.7051e+15	7.13138e+15	8.55766e+15	9.98392e+15	1.14104e+16	1.28004e+16	2.32555e+16	3.09705e+17	4.53996e+17	4.7582	4.69184	4.69184	4.69184	4.69184	4.69184	4.69184	4.69184	4.69184	4.69184	4.69184	4.68991	4.68986	4.68986	4.68986	
15578.6	6.85656e+17	2.79465e+17	1.22295e+17	7.73768e+16	1.54754e+17	2.3213e+17	3.09507e+17	3.86884e+17	4.64261e+17	5.41638e+17	6.19014e+17	6.96112e+17	7.58542e+17	3.35205e+17	8.59943e+15	6.18585e+15	5.15312e+15	2.25501e+15	1.42676e+15	2.85355e+15	4.2803e+15	5.70706e+15	7.13383e+15	8.56061e+15	9.98736e+15	1.14143e+16	1.28013e+16	2.32555e+16	3.09705e+17	4.53996e+17	4.75987	4.69209	4.69209	4.69209	4.69209	4.69209	4.69209	4.69209	4.69209	4.69209	4.69209	4.68992	4.68986	4.68986	4.68986	
15829.2	6.85635e+17	2.79462e+17	1.22293e+17	7.7376e+16	1.54752e+17	2.32128e+17	3.09504e+17	3.8688e+17	4.64256e+17	5.41632e+17	6.19008e+17	6.96111e+17	7.58543e+17	3.35205e+17	8.59943e+15	6.19882e+15	5.15506e+15	2.25586e+15	1.4273e+15	2.85462e+15	4.2819e+15	5.70921e+15	7.13651e+15	8.56382e+15	9.99111e+15	1.14186e+16	1.28022e+16	2.32555e+16	3.09705e+17	4.53996e+17	4.76145	4.69236	4.69236	4.69236	4.69236	4.69236	4.69236	4.69236	4.69236	4.69236	4.69236	4.68993	4.68986	4.68986	4.68986	
16080.7	6.85616e+17	2.79459e+17	1.22292e+17	7.73751e+16	1.5475e+17	2.32125e+17	3.095e+17	3.86875e+17	4.6425e+17	5.41625e+17	6.19e+17	6.96108e+17	7.58543e+17	3.35205e+17	8.59943e+15	6.21103e+15	5.15717e+15	2.25678e+15	1.42788e+15	2.85578e+15	4.28365e+15	5.71154e+15	7.13943e+15	8.56733e+15	9.9952e+15	1.14233e+16	1.28034e+16	2.32555e+16	3.09705e+17	4.53996e+17	4.76294	4.69266	4.69266	4.69266	4.69266	4.69266	4.69266	4.69266	4.69266	4.69266	4.69266	4.68994	4.68986	4.68986	4.68986	
16334.7	6.85598e+17	2.79455e+17	1.2229e+17	7.73741e+16	1.54748e+17	2.32122e+17	3.09496e+17	3.8687e+17	4.64244e+17	5.41618e+17	6.18992e+17	6.96106e+17	7.58543e+17	3.35205e+17	8.59943e+15	6.22255e+15	5.15947e+15	2.25779e+15	1.42852e+15	2.85706e+15	4.28557e+15	5.7141e+15	7.14262e+15	8.57116e+15	9.99967e+15	1.14284e+16	1.28047e+16	2.32555e+16	3.09705e+17	4.53996e+17	4.76434	4.69298	4.69298	4.69298	4.69298	4.69298	4.69298	4.69298	4.69298	4.69298	4.69298	4.68995	4.68986	4.68986	4.68986	
16585.7	6.85581e+17	2.79451e+17	1.22289e+17	7.7373e+16	1.54746e+17	2.32119e+17	3.09492e+17	3.86865e+17	4.64238e+17	5.41611e+17	6.18983e+17	6.96103e+17	7.58544e+17	3.35205e+17	8.59943e+15	6.23315e+15	5.16194e+15	2.25887e+15	1.42921e+15	2.85843e+15	4.28762e+15	5.71683e+15	7.14603e+15	8.57525e+15	1.00044e+16	1.14339e+16	1.28061e+16	2.32556e+16	3.09705e+17	4.53996e+17	4.76563	4.69332	4.69332	4.69332	4.69332	4.69332	4.69332	4.69332	4.69332	4.69332	4.69332	4.68997	4.68986	4.68986	4.68986	
16836.4	6.85566e+17	2.79447e+17	1.22287e+17	7.73718e+16	1.54744e+17	2.32115e+17	3.09487e+17	3.86859e+17	4.64231e+17	5.41603e+17	6.18974e+17	6.96101e+17	7.58544e+17	3.35205e+17	8.59943e+15	6.24299e+15	5.16458e+15	2.26003e+15	1.42994e+15	2.85989e+15	4.28982e+15	5.71976e+15	7.1497e+15	8.57965e+15	1.00096e+16	1.14398e+16	1.28077e+16	2.32556e+16	3.09705e+17	4.53996e+17	4.76682	4.69369	4.69369	4.69369	4.69369	4.69369	4.69369	4.69369	4.69369	4.69369	4.69369	4.68998	4.68986	4.68986	4.68986	
17087	6.85551e+17	2.79442e+17	1.22285e+17	7.73706e+16	1.54741e+17	2.32112e+17	3.09482e+17	3.86853e+17	4.64223e+17	5.41594e+17	6.18964e+17	6.96097e+17	7.58544e+17	3.35205e+17	8.59943e+15	6.25209e+15	5.16743e+15	2.26127e+15	1.43072e+15	2.86146e+15	4.29218e+15	5.7229e+15	7.15363e+15	8.58437e+15	1.00151e+16	1.14461e+16	1.28095e+16	2.32556e+16	3.09705e+17	4.53996e+17	4.76794	4.69409	4.69409	4.69409	4.69409	4.69409	4.69409	4.69409	4.69409	4.69409	4.69409	4.69	4.68986	4.68986	4.68986	
17338.5	6.85538e+17	2.79438e+17	1.22283e+17	7.73692e+16	1.54738e+17	2.32108e+17	3.09477e+17	3.86846e+17	4.64215e+17	5.41585e+17	6.18953e+17	6.96094e+17	7.58544e+17	3.35205e+17	8.59943e+15	6.26053e+15	5.17048e+15	2.2626e+15	1.43157e+15	2.86315e+15	4.29471e+15	5.72628e+15	7.15785e+15	8.58944e+15	1.0021e+16	1.14529e+16	1.28115e+16	2.32556e+16	3.09705e+17	4.53996e+17	4.76897	4.69451	4.69451	4.69451	4.69451	4.69451	4.69451	4.69451	4.69451	4.69451	4.69451	4.69001	4.68986	4.68986	4.68986	
17592.5	6.85526e+17	2.79432e+17	1.2228e+17	7.73678e+16	1.54736e+17	2.32103e+17	3.09471e+17	3.86839e+17	4.64207e+17	5.41575e+17	6.18942e+17	6.9609e+17	7.58545e+17	3.35205e+17	8.59943e+15	6.26838e+15	5.17377e+15	2.26404e+15	1.43248e+15	2.86498e+15	4.29744e+15	5.72993e+15	7.16241e+15	8.5949e+15	1.00274e+16	1.14602e+16	1.28137e+16	2.32556e+16	3.09705e+17	4.53995e+17	4.76993	4.69497	4.69497	4.69497	4.69497	4.69497	4.69497	4.69497	4.69497	4.69497	4.69497	4.69004	4.68986	4.68986	4.68986	
17843.6	6.85514e+17	2.79427e+17	1.22278e+17	7.73663e+16	1.54733e+17	2.32099e+17	3.09465e+17	3.86831e+17	4.64198e+17	5.41564e+17	6.1893e+17	6.96086e+17	7.58545e+17	3.35205e+17	8.59943e+15	6.2755e+15	5.17723e+15	2.26556e+15	1.43344e+15	2.86689e+15	4.30032e+15	5.73376e+15	7.1672e+15	8.60065e+15	1.00341e+16	1.14679e+16	1.28162e+16	2.32556e+16	3.09705e+17	4.53995e+17	4.77081	4.69545	4.69545	4.69545	4.69545	4.69545	4.69545	4.69545	4.69545	4.69545	4.69545	4.69006	4.68986	4.68986	4.68986	
18094.3	6.85504e+17	2.79421e+17	1.22275e+17	7.73647e+16	1.54729e+17	2.32094e+17	3.09459e+17	3.86823e+17	4.64188e+17	5.41553e+17	6.18917e+17	6.96081e+17	7.58545e+17	3.35205e+17	8.59943e+15	6.28202e+15	5.1809e+15	2.26716e+15	1.43445e+15	2.86892e+15	4.30337e+15	5.73782e+15	7.17228e+15	8.60675e+15	1.00412e+16	1.1476e+16	1.28189e+16	2.32556e+16	3.09705e+17	4.53995e+17	4.77162	4.69596	4.69596	4.69596	4.69596	4.69596	4.69596	4.69596	4.69596	4.69596	4.69596	4.69008	4.68986	4.68986	4.68986	
18344.9	6.85495e+17	2.79415e+17	1.22273e+17	7.7363e+16	1.54726e+17	2.32089e+17	3.09452e+17	3.86815e+17	4.64178e+17	5.41541e+17	6.18903e+17	6.96076e+17	7.58545e+17	3.35205e+17	8.59943e+15	6.28798e+15	5.18478e+15	2.26886e+15	1.43553e+15	2.87107e+15	4.30659e+15	5.74212e+15	7.17766e+15	8.6132e+15	1.00487e+16	1.14846e+16	1.28219e+16	2.32556e+16	3.09705e+17	4.53995e+17	4.77237	4.69651	4.69651	4.69651	4.69651	4.69651	4.69651	4.69651	4.69651	4.69651	4.6965	4.69011	4.68986	4.68986	4.68986	
18596.4	6.85486e+17	2.79409e+17	1.2227e+17	7.73612e+16	1.54722e+17	2.32084e+17	3.09445e+17	3.86806e+17	4.64167e+17	5.41528e+17	6.18889e+17	6.9607e+17	7.58545e+17	3.35205e+17	8.59943e+15	6.29343e+15	5.1889e+15	2.27067e+15	1.43667e+15	2.87335e+15	4.31001e+15	5.74668e+15	7.18336e+15	8.62004e+15	1.00567e+16	1.14938e+16	1.28252e+16	2.32556e+16	3.09705e+17	4.53995e+17	4.77305	4.69708	4.69708	4.69708	4.69708	4.69708	4.69708	4.69708	4.69708	4.69708	4.69708	4.69014	4.68986	4.68986	4.68986	
18850.4	6.85478e+17	2.79402e+17	1.22267e+17	7.73593e+16	1.54719e+17	2.32078e+17	3.09437e+17	3.86796e+17	4.64156e+17	5.41515e+17	6.18873e+17	6.96064e+17	7.58545e+17	3.35205e+17	8.59943e+15	6.29843e+15	5.19328e+15	2.27258e+15	1.43788e+15	2.87578e+15	4.31365e+15	5.75154e+15	7.18942e+15	8.62732e+15	1.00652e+16	1.15035e+16	1.28289e+16	2.32556e+16	3.09705e+17	4.53995e+17	4.77369	4.69769	4.69769	4.69769	4.69769	4.69769	4.69769	4.69769	4.69769	4.69769	4.69769	4.69018	4.68986	4.68986	4.68986	
19101.4	6.85471e+17	2.79394e+17	1.22264e+17	7.73573e+16	1.54715e+17	2.32072e+17	3.09429e+17	3.86786e+17	4.64144e+17	5.41501e+17	6.18857e+17	6.96058e+17	7.58546e+17	3.35205e+17	8.59943e+15	6.30292e+15	5.19783e+15	2.27458e+15	1.43914e+15	2.8783e+15	4.31743e+15	5.75658e+15	7.19573e+15	8.63488e+15	1.0074e+16	1.15136e+16	1.28329e+16	2.32556e+16	3.09705e+17	4.53995e+17	4.77427	4.69832	4.69832	4.69832	4.69832	4.69832	4.69832	4.69832	4.69832	4.69832	4.69832	4.69021	4.68986	4.68986	4.68986	
19352.1	6.85465e+17	2.79387e+17	1.2226e+17	7.73552e+16	1.5471e+17	2.32066e+17	3.09421e+17	3.86776e+17	4.64131e+17	5.41486e+17	6.18841e+17	6.9605e+17	7.58546e+17	3.35205e+17	8.59943e+15	6.30698e+15	5.2026e+15	2.27666e+15	1.44046e+15	2.88094e+15	4.3214e+15	5.76186e+15	7.20233e+15	8.64281e+15	1.00833e+16	1.15242e+16	1.28373e+16	2.32556e+16	3.09705e+17	4.53995e+17	4.77481	4.69899	4.69899	4.69899	4.69899	4.69899	4.69899	4.69899	4.69899	4.69899	4.69898	4.69025	4.68986	4.68986	4.68986	
19602.7	6.85459e+17	2.79379e+17	1.22257e+17	7.7353e+16	1.54706e+17	2.32059e+17	3.09412e+17	3.86765e+17	4.64118e+17	5.41471e+17	6.18823e+17	6.96043e+17	7.58546e+17	3.35205e+17	8.59943e+15	6.31065e+15	5.20759e+15	2.27885e+15	1.44185e+15	2.88371e+15	4.32554e+15	5.76739e+15	7.20924e+15	8.6511e+15	1.00929e+16	1.15353e+16	1.2842e+16	2.32556e+16	3.09705e+17	4.53995e+17	4.7753	4.69968	4.69968	4.69968	4.69968	4.69968	4.69968	4.69968	4.69968	4.69968	4.69968	4.6903	4.68986	4.68986	4.68986	
19854.2	6.85454e+17	2.79371e+17	1.22253e+17	7.73507e+16	1.54701e+17	2.32052e+17	3.09403e+17	3.86754e+17	4.64104e+17	5.41455e+17	6.18805e+17	6.96034e+17	7.58546e+17	3.35205e+17	8.59943e+15	6.31397e+15	5.21282e+15	2.28114e+15	1.44329e+15	2.8866e+15	4.32989e+15	5.77318e+15	7.21648e+15	8.65979e+15	1.01031e+16	1.15469e+16	1.28472e+16	2.32556e+16	3.09705e+17	4.53995e+17	4.77575	4.70041	4.70041	4.70041	4.70041	4.70041	4.70041	4.70041	4.70041	4.70041	4.7004	4.69034	4.68986	4.68986	4.68986	
20106.2	6.85449e+17	2.79362e+17	1.2225e+17	7.73483e+16	1.54697e+17	2.32045e+17	3.09393e+17	3.86742e+17	4.6409e+17	5.41438e+17	6.18786e+17	6.96034e+17	7.58555e+17	3.35204e+17	8.59943e+15	6.31697e+15	5.21829e+15	2.28353e+15	1.44481e+15	2.88963e+15	4.33442e+15	5.77923e+15	7.22404e+15	8.66886e+15	1.01137e+16	1.1559e+16	1.2853e+16	2.32559e+16	3.09704e+17	4.53995e+17	4.77617	4.70117	4.70117	4.70117	4.70117	4.70117	4.70117	4.70117	4.70117	4.70117	4.70116	4.6904	4.68986	4.68986	4.68986	
20357.8	6.85449e+17	2.79354e+17	1.22246e+17	7.7346e+16	1.54692e+17	2.32038e+17	3.09384e+17	3.8673e+17	4.64076e+17	5.41422e+17	6.18658e+17	6.95828e+17	7.58419e+17	3.35218e+17	8.59943e+15	6.31969e+15	5.22398e+15	2.28602e+15	1.44638e+15	2.89278e+15	4.33915e+15	5.78554e+15	7.23192e+15	8.67831e+15	1.01247e+16	1.15693e+16	1.28552e+16	2.32517e+16	3.09717e+17	4.53996e+17	4.77656	4.70195	4.70195	4.70195	4.70195	4.70195	4.70195	4.70195	4.70195	4.70195	4.70193	4.69045	4.68986	4.68986	4.68986	
20608.8	6.85446e+17	2.79345e+17	1.22242e+17	7.73435e+16	1.54687e+17	2.32031e+17	3.09374e+17	3.86718e+17	4.64061e+17	5.41405e+17	6.18464e+17	6.9534e+17	7.58083e+17	3.35231e+17	8.59943e+15	6.32211e+15	5.22987e+15	2.2886e+15	1.44801e+15	2.89604e+15	4.34404e+15	5.79206e+15	7.24008e+15	8.6881e+15	1.01361e+16	1.15754e+16	1.2848e+16	2.32414e+16	3.09728e+17	4.53995e+17	4.77692	4.70277	4.70277	4.70277	4.70277	4.70277	4.70277	4.70277	4.70277	4.70277	4.70253	4.69047	4.68986	4.68986	4.68986	
20860.2	6.85444e+17	2.79335e+17	1.22238e+17	7.73409e+16	1.54682e+17	2.32023e+17	3.09364e+17	3.86705e+17	4.64046e+17	5.4128e+17	6.18257e+17	6.9464e+17	7.58571e+17	3.3523e+17	8.59943e+15	6.32429e+15	5.23599e+15	2.29127e+15	1.44971e+15	2.89943e+15	4.34913e+15	5.79884e+15	7.24855e+15	8.69826e+15	1.01454e+16	1.15791e+16	1.28329e+16	2.32564e+16	3.09728e+17	4.53995e+17	4.77726	4.70362	4.70362	4.70362	4.70362	4.70362	4.70362	4.70362	4.70362	4.70358	4.70299	4.69045	4.68986	4.68986	4.68986	
21110.9	6.85443e+17	2.79326e+17	1.22234e+17	7.73382e+16	1.54676e+17	2.32015e+17	3.09353e+17	3.86691e+17	4.64029e+17	5.41169e+17	6.18042e+17	6.93717e+17	7.58715e+17	3.35226e+17	8.59943e+15	6.32623e+15	5.24229e+15	2.29403e+15	1.45145e+15	2.90292e+15	4.35437e+15	5.80582e+15	7.25728e+15	8.70875e+15	1.01529e+16	1.15789e+16	1.28098e+16	2.32608e+16	3.09723e+17	4.53995e+17	4.77757	4.70449	4.70449	4.70449	4.70449	4.70449	4.70449	4.70449	4.70449	4.70425	4.70322	4.69039	4.68986	4.68986	4.68986	
21361.6	6.85442e+17	2.79316e+17	1.22229e+17	7.73355e+16	1.54671e+17	2.32006e+17	3.09342e+17	3.86677e+17	4.64013e+17	5.41111e+17	6.17854e+17	6.92837e+17	7.58642e+17	3.35205e+17	8.59943e+15	6.32797e+15	5.24881e+15	2.29689e+15	1.45326e+15	2.90653e+15	4.35978e+15	5.81304e+15	7.26631e+15	8.71958e+15	1.01606e+16	1.1576e+16	1.27842e+16	2.32586e+16	3.09704e+17	4.53995e+17	4.77786	4.7054	4.7054	4.7054	4.7054	4.7054	4.7054	4.7054	4.7054	4.70486	4.70325	4.69031	4.68986	4.68986	4.68986	
21613.1	6.85441e+17	2.79305e+17	1.22225e+17	7.73326e+16	1.54665e+17	2.31998e+17	3.0933e+17	3.86663e+17	4.63996e+17	5.41076e+17	6.17702e+17	6.92273e+17	7.58587e+17	3.35205e+17	8.59943e+15	6.32952e+15	5.25556e+15	2.29984e+15	1.45513e+15	2.91027e+15	4.36538e+15	5.82051e+15	7.27564e+15	8.73078e+15	1.01683e+16	1.15713e+16	1.27635e+16	2.32569e+16	3.09704e+17	4.53995e+17	4.77813	4.70633	4.70633	4.70633	4.70633	4.70633	4.70633	4.70633	4.70633	4.70544	4.70315	4.69022	4.68986	4.68986	4.68986	
21863.5	6.85441e+17	2.79295e+17	1.2222e+17	7.73297e+16	1.54659e+17	2.31989e+17	3.09319e+17	3.86648e+17	4.63975e+17	5.41048e+17	6.17591e+17	6.92036e+17	7.58562e+17	3.35205e+17	8.59943e+15	6.3309e+15	5.26247e+15	2.30286e+15	1.45704e+15	2.91409e+15	4.37112e+15	5.82816e+15	7.28521e+15	8.74219e+15	1.01759e+16	1.15659e+16	1.27499e+16	2.32561e+16	3.09704e+17	4.53995e+17	4.77839	4.70729	4.70729	4.70729	4.70729	4.70729	4.70729	4.70729	4.70729	4.706	4.70294	4.69013	4.68986	4.68986	4.68986	
22115.3	6.8544e+17	2.79284e+17	1.22215e+17	7.73266e+16	1.54653e+17	2.3198e+17	3.09307e+17	3.86633e+17	4.63929e+17	5.40995e+17	6.1751e+17	6.92044e+17	7.58552e+17	3.35205e+17	8.59943e+15	6.33214e+15	5.26961e+15	2.30599e+15	1.45902e+15	2.91805e+15	4.37705e+15	5.83607e+15	7.29509e+15	8.75317e+15	1.01827e+16	1.15599e+16	1.27428e+16	2.32558e+16	3.09704e+17	4.53995e+17	4.77864	4.70828	4.70828	4.70828	4.70828	4.70828	4.70828	4.70828	4.70825	4.70654	4.70267	4.69007	4.68986	4.68986	4.68986	
22367.2	6.85441e+17	2.79273e+17	1.2221e+17	7.73235e+16	1.54647e+17	2.31971e+17	3.09294e+17	3.86618e+17	4.63892e+17	5.40953e+17	6.17444e+17	6.92219e+17	7.58539e+17	3.35205e+17	8.59943e+15	6.33324e+15	5.27693e+15	2.30919e+15	1.46105e+15	2.9221e+15	4.38314e+15	5.84419e+15	7.30523e+15	8.76412e+15	1.01891e+16	1.15532e+16	1.27405e+16	2.32554e+16	3.09704e+17	4.53995e+17	4.77887	4.70929	4.70929	4.70929	4.70929	4.70929	4.70929	4.70929	4.70919	4.70705	4.70234	4.69002	4.68986	4.68986	4.68986	
22618.1	6.85441e+17	2.79261e+17	1.22205e+17	7.73204e+16	1.54641e+17	2.31961e+17	3.09281e+17	3.86602e+17	4.63856e+17	5.40914e+17	6.17376e+17	6.92512e+17	7.5852e+17	3.35205e+17	8.59943e+15	6.33421e+15	5.28441e+15	2.31246e+15	1.46312e+15	2.92624e+15	4.38935e+15	5.85246e+15	7.31558e+15	8.77492e+15	1.01951e+16	1.15459e+16	1.2742e+16	2.32548e+16	3.09704e+17	4.53995e+17	4.77909	4.71033	4.71033	4.71033	4.71033	4.71033	4.71033	4.71033	4.71012	4.70751	4.70197	4.68998	4.68986	4.68986	4.68986	
22869.7	6.85441e+17	2.79249e+17	1.222e+17	7.73171e+16	1.54634e+17	2.31951e+17	3.09268e+17	3.86585e+17	4.63821e+17	5.40875e+17	6.17299e+17	6.92927e+17	7.5852e+17	3.35205e+17	8.59943e+15	6.33508e+15	5.29207e+15	2.31582e+15	1.46524e+15	2.93048e+15	4.39571e+15	5.86095e+15	7.32619e+15	8.78561e+15	1.02006e+16	1.15376e+16	1.27469e+16	2.32548e+16	3.09704e+17	4.53995e+17	4.7793	4.71139	4.71139	4.71139	4.71139	4.71139	4.71139	4.71139	4.71104	4.70795	4.70155	4.68996	4.68986	4.68986	4.68986	
23121.5	6.85442e+17	2.79237e+17	1.22195e+17	7.73138e+16	1.54628e+17	2.31941e+17	3.09255e+17	3.86569e+17	4.63785e+17	5.40834e+17	6.17201e+17	6.93499e+17	7.5852e+17	3.35205e+17	8.59943e+15	6.33585e+15	5.2999e+15	2.31924e+15	1.4674e+15	2.93482e+15	4.40222e+15	5.86962e+15	7.33703e+15	8.7961e+15	1.02055e+16	1.1528e+16	1.27556e+16	2.32548e+16	3.09704e+17	4.53995e+17	4.7795	4.71247	4.71247	4.71247	4.71247	4.71247	4.71247	4.71247	4.71195	4.70834	4.70108	4.68994	4.68986	4.68986	4.68986	
23373.1	6.85443e+17	2.79225e+17	1.2219e+17	7.73104e+16	1.54621e+17	2.31931e+17	3.09242e+17	3.86552e+17	4.63745e+17	5.40782e+17	6.17047e+17	6.94393e+17	7.5852e+17	3.35205e+17	8.59943e+15	6.33653e+15	5.30787e+15	2.32273e+15	1.46961e+15	2.93924e+15	4.40884e+15	5.87845e+15	7.34807e+15	8.80624e+15	1.02095e+16	1.15164e+16	1.27709e+16	2.32548e+16	3.09704e+17	4.53995e+17	4.77967	4.71358	4.71358	4.71358	4.71358	4.71358	4.71358	4.71358	4.71283	4.70869	4.70054	4.68993	4.68986	4.68986	4.68986	
23623.9	6.85443e+17	2.79213e+17	1.22184e+17	7.73069e+16	1.54614e+17	2.31921e+17	3.09228e+17	3.86535e+17	4.63714e+17	5.40744e+17	6.16942e+17	6.95712e+17	7.5852e+17	3.35205e+17	8.59943e+15	6.33713e+15	5.31596e+15	2.32627e+15	1.47185e+15	2.94371e+15	4.41556e+15	5.88741e+15	7.35926e+15	8.81622e+15	1.0213e+16	1.15045e+16	1.27951e+16	2.32548e+16	3.09704e+17	4.53995e+17	4.77982	4.7147	4.7147	4.7147	4.7147	4.7147	4.7147	4.7147	4.71369	4.70898	4.69994	4.68993	4.68986	4.68986	4.68986	
23875.3	6.85444e+17	2.792e+17	1.22179e+17	7.73034e+16	1.54607e+17	2.3191e+17	3.09214e+17	3.86517e+17	4.63696e+17	5.40734e+17	6.16965e+17	6.95667e+17	7.5852e+17	3.35205e+17	8.59943e+15	6.33766e+15	5.32419e+15	2.32987e+15	1.47413e+15	2.94827e+15	4.4224e+15	5.89653e+15	7.37066e+15	8.82642e+15	1.02167e+16	1.14949e+16	1.27945e+16	2.32548e+16	3.09704e+17	4.53995e+17	4.77992	4.71584	4.71584	4.71584	4.71584	4.71584	4.71584	4.71584	4.71454	4.70925	4.69932	4.68993	4.68986	4.68986	4.68986	
24126.2	6.85445e+17	2.79187e+17	1.22173e+17	7.72998e+16	1.546e+17	2.31899e+17	3.09199e+17	3.86499e+17	4.63693e+17	5.40756e+17	6.17128e+17	6.95615e+17	7.5852e+17	3.35205e+17	8.59943e+15	6.33812e+15	5.33253e+15	2.33352e+15	1.47644e+15	2.95289e+15	4.42932e+15	5.90576e+15	7.3822e+15	8.83713e+15	1.02212e+16	1.14892e+16	1.27937e+16	2.32548e+16	3.09704e+17	4.53995e+17	4.77994	4.71699	4.71699	4.71699	4.71699	4.71699	4.71699	4.71699	4.71541	4.70954	4.69879	4.68994	4.68986	4.68986	4.68986	
24377.3	6.85445e+17	2.79174e+17	1.22167e+17	7.72962e+16	1.54592e+17	2.31889e+17	3.09185e+17	3.86481e+17	4.63701e+17	5.40797e+17	6.17353e+17	6.95588e+17	7.58521e+17	3.35205e+17	8.59943e+15	6.33854e+15	5.34098e+15	2.33722e+15	1.47878e+15	2.95757e+15	4.43634e+15	5.91512e+15	7.3939e+15	8.84865e+15	1.02269e+16	1.14867e+16	1.27934e+16	2.32548e+16	3.09704e+17	4.53995e+17	4.77983	4.71816	4.71816	4.71816	4.71816	4.71816	4.71816	4.71816	4.71633	4.70988	4.69838	4.68994	4.68986	4.68986	4.68986	
24628.6	6.85446e+17	2.79161e+17	1.22161e+17	7.72925e+16	1.54585e+17	2.31878e+17	3.0917e+17	3.86463e+17	4.63721e+17	5.4085e+17	6.17578e+17	6.95574e+17	7.58521e+17	3.35205e+17	8.59943e+15	6.3389e+15	5.34953e+15	2.34096e+15	1.48115e+15	2.9623e+15	4.44344e+15	5.92459e+15	7.40574e+15	8.86127e+15	1.02341e+16	1.14862e+16	1.27932e+16	2.32548e+16	3.09704e+17	4.53995e+17	4.77954	4.71934	4.71934	4.71934	4.71934	4.71934	4.71934	4.71934	4.71732	4.71031	4.69809	4.68994	4.68986	4.68986	4.68986	
24880.5	6.85447e+17	2.79147e+17	1.22156e+17	7.72888e+16	1.54578e+17	2.31866e+17	3.09155e+17	3.86444e+17	4.63752e+17	5.40916e+17	6.17775e+17	6.95564e+17	7.58521e+17	3.35205e+17	8.59943e+15	6.33922e+15	5.35819e+15	2.34475e+15	1.48354e+15	2.9671e+15	4.45064e+15	5.93418e+15	7.41773e+15	8.87532e+15	1.02431e+16	1.14869e+16	1.27931e+16	2.32548e+16	3.09704e+17	4.53995e+17	4.77898	4.72054	4.72054	4.72054	4.72054	4.72054	4.72054	4.72054	4.71841	4.71085	4.69791	4.68994	4.68986	4.68986	4.68986	
25132.9	6.85448e+17	2.79134e+17	1.2215e+17	7.7285e+16	1.5457e+17	2.31855e+17	3.0914e+17	3.86425e+17	4.63749e+17	5.40941e+17	6.17937e+17	6.95556e+17	7.58521e+17	3.35205e+17	8.59942e+15	6.3395e+15	5.36694e+15	2.34858e+15	1.48597e+15	2.97195e+15	4.45791e+15	5.94388e+15	7.42985e+15	8.8899e+15	1.02529e+16	1.14883e+16	1.2793e+16	2.32549e+16	3.09704e+17	4.53995e+17	4.77802	4.72176	4.72176	4.72176	4.72176	4.72176	4.72176	4.72176	4.7196	4.71149	4.69782	4.68994	4.68986	4.68986	4.68986	
25385.2	6.85449e+17	2.7912e+17	1.22144e+17	7.72812e+16	1.54562e+17	2.31844e+17	3.09125e+17	3.86406e+17	4.63727e+17	5.40948e+17	6.18067e+17	6.95548e+17	7.58521e+17	3.35205e+17	8.59942e+15	6.33973e+15	5.37576e+15	2.35244e+15	1.48841e+15	2.97682e+15	4.46523e+15	5.95363e+15	7.44205e+15	8.90431e+15	1.02629e+16	1.14904e+16	1.27929e+16	2.32549e+16	3.09704e+17	4.53995e+17	4.77652	4.72298	4.72298	4.72298	4.72298	4.72298	4.72298	4.72298	4.7208	4.71218	4.6978	4.68994	4.68986	4.68986	4.68986	
25636.9	6.85449e+17	2.79106e+17	1.22138e+17	7.72774e+16	1.54555e+17	2.31832e+17	3.0911e+17	3.86387e+17	4.63705e+17	5.4096e+17	6.18154e+17	6.95538e+17	7.58521e+17	3.35205e+17	8.59942e+15	6.33993e+15	5.3846e+15	2.35631e+15	1.49086e+15	2.98172e+15	4.47257e+15	5.96343e+15	7.45429e+15	8.91881e+15	1.02736e+16	1.14927e+16	1.27928e+16	2.32549e+16	3.09704e+17	4.53995e+17	4.7743	4.7242	4.7242	4.7242	4.7242	4.7242	4.7242	4.7242	4.72201	4.71291	4.69784	4.68994	4.68986	4.68986	4.68986	
25887	6.8545e+17	2.79092e+17	1.22132e+17	7.72736e+16	1.54547e+17	2.31821e+17	3.09094e+17	3.86368e+17	4.63682e+17	5.40979e+17	6.18226e+17	6.95529e+17	7.58521e+17	3.35205e+17	8.59942e+15	6.3401e+15	5.39343e+15	2.36017e+15	1.4933e+15	2.98661e+15	4.47991e+15	5.97321e+15	7.46651e+15	8.93334e+15	1.02853e+16	1.14957e+16	1.27926e+16	2.32549e+16	3.09704e+17	4.53995e+17	4.77116	4.72542	4.72542	4.72542	4.72542	4.72542	4.72542	4.72542	4.72322	4.71369	4.69794	4.68994	4.68986	4.68986	4.68986	
26138.9	6.85451e+17	2.79078e+17	1.22125e+17	7.72698e+16	1.5454e+17	2.31809e+17	3.09079e+17	3.86349e+17	4.63659e+17	5.41006e+17	6.18295e+17	6.94096e+17	7.58521e+17	3.35205e+17	8.59942e+15	6.34023e+15	5.40235e+15	2.36408e+15	1.49577e+15	2.99155e+15	4.48731e+15	5.98308e+15	7.47886e+15	8.94804e+15	1.02982e+16	1.14995e+16	1.27663e+16	2.32549e+16	3.09704e+17	4.53995e+17	4.76682	4.72666	4.72666	4.72666	4.72666	4.72666	4.72666	4.72666	4.72444	4.71456	4.69809	4.68994	4.68986	4.68986	4.68986	
26391.4	6.85452e+17	2.79064e+17	1.22119e+17	7.72659e+16	1.54532e+17	2.31798e+17	3.09064e+17	3.8633e+17	4.63637e+17	5.41048e+17	6.18373e+17	6.95548e+17	7.58521e+17	3.35205e+17	8.59942e+15	6.34032e+15	5.41131e+15	2.368e+15	1.49825e+15	2.99651e+15	4.49476e+15	5.99301e+15	7.49126e+15	8.96285e+15	1.03129e+16	1.15044e+16	1.27917e+16	2.32549e+16	3.09704e+17	4.53995e+17	4.76096	4.72789	4.72789	4.72789	4.72789	4.72789	4.72789	4.72789	4.72568	4.71552	4.6983	4.68993	4.68986	4.68986	4.68986	
26642.1	6.85453e+17	2.79051e+17	1.22113e+17	7.72621e+16	1.54524e+17	2.31786e+17	3.09048e+17	3.8631e+17	4.63614e+17	5.41098e+17	6.18458e+17	6.95567e+17	7.58522e+17	3.35205e+17	8.59942e+15	6.34036e+15	5.42021e+15	2.37189e+15	1.50072e+15	3.00144e+15	4.50215e+15	6.00287e+15	7.50359e+15	8.9776e+15	1.03293e+16	1.15105e+16	1.27921e+16	2.32549e+16	3.09704e+17	4.53995e+17	4.75335	4.72912	4.72912	4.72912	4.72912	4.72912	4.72912	4.72912	4.7269	4.71659	4.69858	4.68993	4.68986	4.68986	4.68986	
26893	6.85454e+17	2.79037e+17	1.22107e+17	7.72582e+16	1.54516e+17	2.31775e+17	3.09033e+17	3.86291e+17	4.63591e+17	5.41077e+17	6.18478e+17	6.95578e+17	7.58515e+17	3.35205e+17	8.59942e+15	6.34036e+15	5.42911e+15	2.37579e+15	1.50318e+15	3.00637e+15	4.50955e+15	6.01273e+15	7.51591e+15	8.99239e+15	1.03456e+16	1.15163e+16	1.27924e+16	2.32547e+16	3.09704e+17	4.53995e+17	4.74359	4.73035	4.73035	4.73035	4.73035	4.73035	4.73035	4.73035	4.72813	4.71775	4.69891	4.68993	4.68986	4.68986	4.68986	
27144.6	6.85455e+17	2.79023e+17	1.22101e+17	7.72544e+16	1.54509e+17	2.31763e+17	3.09018e+17	3.86272e+17	4.63568e+17	5.41053e+17	6.18498e+17	6.95588e+17	7.58505e+17	3.35205e+17	8.59942e+15	6.34032e+15	5.43803e+15	2.37969e+15	1.50565e+15	3.01131e+15	4.51695e+15	6.0226e+15	7.52826e+15	9.00723e+15	1.0362e+16	1.15225e+16	1.27927e+16	2.32544e+16	3.09704e+17	4.53995e+17	4.73128	4.73158	4.73158	4.73158	4.73158	4.73158	4.73158	4.73158	4.72937	4.71892	4.69926	4.68993	4.68986	4.68986	4.68986	
27395.7	6.85457e+17	2.79009e+17	1.22095e+17	7.72505e+16	1.54501e+17	2.31752e+17	3.09002e+17	3.86253e+17	4.63545e+17	5.41028e+17	6.18521e+17	6.95603e+17	7.58494e+17	3.35205e+17	8.59942e+15	6.34021e+15	5.4469e+15	2.38358e+15	1.50811e+15	3.01622e+15	4.52433e+15	6.03243e+15	7.54054e+15	9.02204e+15	1.03786e+16	1.15294e+16	1.27931e+16	2.3254e+16	3.09704e+17	4.53995e+17	4.71608	4.7328	4.7328	4.7328	4.7328	4.7328	4.7328	4.7328	4.7306	4.7201	4.69965	4.68993	4.68986	4.68986	4.68986	
27646.4	6.85458e+17	2.78995e+17	1.22089e+17	7.72467e+16	1.54493e+17	2.3174e+17	3.08987e+17	3.86234e+17	4.63522e+17	5.41003e+17	6.18549e+17	6.95624e+17	7.58484e+17	3.35205e+17	8.59942e+15	6.34005e+15	5.45573e+15	2.38744e+15	1.51055e+15	3.02111e+15	4.53166e+15	6.04221e+15	7.55276e+15	9.03679e+15	1.03954e+16	1.15369e+16	1.27936e+16	2.32537e+16	3.09704e+17	4.53995e+17	4.69764	4.734	4.734	4.734	4.734	4.734	4.734	4.734	4.73182	4.7213	4.70008	4.68993	4.68986	4.68986	4.68986	
27896.9	6.85459e+17	2.78982e+17	1.22083e+17	7.72429e+16	1.54486e+17	2.31729e+17	3.08972e+17	3.86215e+17	4.63499e+17	5.40977e+17	6.18583e+17	6.95654e+17	7.58548e+17	3.35205e+17	8.59942e+15	6.33981e+15	5.4645e+15	2.39128e+15	1.51298e+15	3.02597e+15	4.53894e+15	6.05192e+15	7.56491e+15	9.05149e+15	1.04122e+16	1.15453e+16	1.27943e+16	2.32557e+16	3.09704e+17	4.53995e+17	4.67558	4.73519	4.73519	4.73519	4.73519	4.73519	4.73519	4.73519	4.73303	4.72251	4.70056	4.68993	4.68986	4.68986	4.68986	
28147.2	6.85461e+17	2.78968e+17	1.22077e+17	7.72392e+16	1.54478e+17	2.31718e+17	3.08957e+17	3.86196e+17	4.63476e+17	5.40951e+17	6.18623e+17	6.95697e+17	7.58543e+17	3.35205e+17	8.59942e+15	6.3395e+15	5.47321e+15	2.39509e+15	1.51539e+15	3.03079e+15	4.54618e+15	6.06157e+15	7.57697e+15	9.06612e+15	1.04292e+16	1.15548e+16	1.27953e+16	2.32555e+16	3.09704e+17	4.53995e+17	4.64956	4.73636	4.73636	4.73636	4.73636	4.73636	4.73636	4.73636	4.73423	4.72372	4.70108	4.68994	4.68986	4.68986	4.68986	
28399.8	6.85462e+17	2.78954e+17	1.22071e+17	7.72354e+16	1.54471e+17	2.31706e+17	3.08942e+17	3.86177e+17	4.63453e+17	5.40925e+17	6.18666e+17	6.95751e+17	7.58536e+17	3.35205e+17	8.59942e+15	6.3391e+15	5.48194e+15	2.39891e+15	1.51781e+15	3.03562e+15	4.55343e+15	6.07124e+15	7.58905e+15	9.08081e+15	1.04465e+16	1.15654e+16	1.27967e+16	2.32553e+16	3.09704e+17	4.53995e+17	4.61894	4.73752	4.73752	4.73752	4.73752	4.73752	4.73752	4.73752	4.73543	4.72495	4.70168	4.68994	4.68986	4.68986	4.68986	
28651	6.85464e+17	2.78941e+17	1.22065e+17	7.72317e+16	1.54463e+17	2.31695e+17	3.08927e+17	3.86158e+17	4.63431e+17	5.40899e+17	6.18712e+17	6.95817e+17	7.5853e+17	3.35205e+17	8.59942e+15	6.3386e+15	5.49055e+15	2.40267e+15	1.52019e+15	3.04039e+15	4.56058e+15	6.08077e+15	7.60096e+15	9.09532e+15	1.04637e+16	1.15772e+16	1.27983e+16	2.32551e+16	3.09704e+17	4.53995e+17	4.5839	4.73865	4.73865	4.73865	4.73865	4.73865	4.73865	4.73865	4.7366	4.72618	4.70235	4.68994	4.68986	4.68986	4.68986	
28902.1	6.85466e+17	2.78928e+17	1.22059e+17	7.7228e+16	1.54456e+17	2.31684e+17	3.08912e+17	3.8614e+17	4.63408e+17	5.40872e+17	6.18711e+17	6.95862e+17	7.58527e+17	3.35203e+17	8.59942e+15	6.338e+15	5.49907e+15	2.40641e+15	1.52255e+15	3.04511e+15	4.56766e+15	6.09021e+15	7.61276e+15	9.10972e+15	1.0481e+16	1.15892e+16	1.27997e+16	2.32551e+16	3.09702e+17	4.53995e+17	4.54404	4.73974	4.73974	4.73974	4.73974	4.73974	4.73974	4.73974	4.73775	4.72741	4.70308	4.68995	4.68986	4.68986	4.68986	
29154.2	6.85468e+17	2.78914e+17	1.22054e+17	7.72244e+16	1.54449e+17	2.31673e+17	3.08897e+17	3.86122e+17	4.63386e+17	5.40846e+17	6.18699e+17	6.959e+17	7.58527e+17	3.35198e+17	8.59942e+15	6.33728e+15	5.50754e+15	2.41011e+15	1.5249e+15	3.0498e+15	4.57469e+15	6.09959e+15	7.62449e+15	9.12405e+15	1.04984e+16	1.16015e+16	1.28011e+16	2.3255e+16	3.09698e+17	4.53995e+17	4.49902	4.7408	4.7408	4.7408	4.7408	4.7408	4.7408	4.7408	4.73887	4.72865	4.70384	4.68995	4.68986	4.68986	4.68986	
29405.4	6.8547e+17	2.78901e+17	1.22048e+17	7.72208e+16	1.54441e+17	2.31662e+17	3.08883e+17	3.86104e+17	4.63364e+17	5.40819e+17	6.18685e+17	6.95937e+17	7.58531e+17	3.35194e+17	8.59942e+15	6.33645e+15	5.51588e+15	2.41376e+15	1.52721e+15	3.05442e+15	4.58162e+15	6.10883e+15	7.63603e+15	9.1382e+15	1.05157e+16	1.16142e+16	1.28025e+16	2.32552e+16	3.09694e+17	4.53995e+17	4.4491	4.7418	4.7418	4.7418	4.7418	4.7418	4.7418	4.7418	4.73996	4.72988	4.70462	4.68996	4.68986	4.68986	4.68986	
29658	6.85472e+17	2.78888e+17	1.22042e+17	7.72172e+16	1.54434e+17	2.31652e+17	3.08869e+17	3.86086e+17	4.63342e+17	5.40792e+17	6.1867e+17	6.95973e+17	7.58539e+17	3.3519e+17	8.59942e+15	6.33548e+15	5.52416e+15	2.41739e+15	1.5295e+15	3.059e+15	4.5885e+15	6.118e+15	7.6475e+15	9.15228e+15	1.05331e+16	1.16274e+16	1.28041e+16	2.32554e+16	3.0969e+17	4.53995e+17	4.39379	4.74275	4.74275	4.74275	4.74275	4.74275	4.74275	4.74275	4.74101	4.73112	4.70544	4.68997	4.68986	4.68986	4.68986	
29909.8	6.85475e+17	2.78876e+17	1.22037e+17	7.72137e+16	1.54427e+17	2.31641e+17	3.08855e+17	3.86068e+17	4.6332e+17	5.40765e+17	6.18653e+17	6.96009e+17	7.58552e+17	3.35186e+17	8.59942e+15	6.33438e+15	5.53231e+15	2.42095e+15	1.53175e+15	3.06351e+15	4.59526e+15	6.12702e+15	7.65878e+15	9.16616e+15	1.05504e+16	1.1641e+16	1.28058e+16	2.32558e+16	3.09687e+17	4.53995e+17	4.33361	4.74364	4.74364	4.74364	4.74364	4.74364	4.74364	4.74364	4.742	4.73234	4.70629	4.68998	4.68986	4.68986	4.68986	
30159.8	6.85478e+17	2.78863e+17	1.22031e+17	7.72102e+16	1.5442e+17	2.31631e+17	3.08841e+17	3.86051e+17	4.63299e+17	5.40739e+17	6.18635e+17	6.96046e+17	7.5857e+17	3.35183e+17	8.59942e+15	6.33314e+15	5.54028e+15	2.42444e+15	1.53396e+15	3.06793e+15	4.60189e+15	6.13585e+15	7.66981e+15	9.17978e+15	1.05676e+16	1.16549e+16	1.28077e+16	2.32563e+16	3.09684e+17	4.53995e+17	4.26902	4.74444	4.74444	4.74444	4.74444	4.74444	4.74444	4.74444	4.74294	4.73355	4.70715	4.68999	4.68986	4.68986	4.68986	
30411.5	6.85481e+17	2.78851e+17	1.22026e+17	7.72068e+16	1.54414e+17	2.3162e+17	3.08827e+17	3.86034e+17	4.63278e+17	5.40712e+17	6.18615e+17	6.96082e+17	7.58593e+17	3.35181e+17	8.59942e+15	6.33175e+15	5.54818e+15	2.4279e+15	1.53615e+15	3.0723e+15	4.60845e+15	6.1446e+15	7.68075e+15	9.1933e+15	1.05848e+16	1.16693e+16	1.28098e+16	2.32571e+16	3.09682e+17	4.53995e+17	4.19935	4.74515	4.74515	4.74515	4.74515	4.74515	4.74515	4.74515	4.74381	4.73475	4.70805	4.69	4.68986	4.68986	4.68986	
30664.4	6.85484e+17	2.78839e+17	1.22021e+17	7.72034e+16	1.54407e+17	2.3161e+17	3.08814e+17	3.86017e+17	4.63257e+17	5.40685e+17	6.18595e+17	6.9612e+17	7.58621e+17	3.3518e+17	8.59942e+15	6.3302e+15	5.55599e+15	2.43131e+15	1.53831e+15	3.07663e+15	4.61493e+15	6.15325e+15	7.69156e+15	9.2067e+15	1.0602e+16	1.16841e+16	1.28122e+16	2.32579e+16	3.09681e+17	4.53995e+17	4.12497	4.74576	4.74576	4.74576	4.74576	4.74576	4.74576	4.74576	4.7446	4.73594	4.70897	4.69002	4.68986	4.68986	4.68986	
30915	6.85488e+17	2.78827e+17	1.22015e+17	7.72001e+16	1.544e+17	2.316e+17	3.08801e+17	3.86001e+17	4.63237e+17	5.40659e+17	6.18574e+17	6.96157e+17	7.58653e+17	3.35179e+17	8.59942e+15	6.32851e+15	5.56359e+15	2.43464e+15	1.54042e+15	3.08084e+15	4.62125e+15	6.16167e+15	7.70209e+15	9.21979e+15	1.0619e+16	1.16992e+16	1.28148e+16	2.32589e+16	3.0968e+17	4.53995e+17	4.04724	4.74623	4.74623	4.74623	4.74623	4.74623	4.74623	4.74623	4.74528	4.73711	4.70991	4.69003	4.68986	4.68986	4.68986	
31166.8	6.85491e+17	2.78815e+17	1.2201e+17	7.71969e+16	1.54394e+17	2.31591e+17	3.08788e+17	3.85984e+17	4.63216e+17	5.40633e+17	6.18551e+17	6.96194e+17	7.58689e+17	3.35179e+17	8.59942e+15	6.32665e+15	5.57109e+15	2.43792e+15	1.54249e+15	3.08499e+15	4.62748e+15	6.16997e+15	7.71247e+15	9.23273e+15	1.0636e+16	1.17147e+16	1.28177e+16	2.326e+16	3.0968e+17	4.53995e+17	3.96557	4.74657	4.74657	4.74657	4.74657	4.74657	4.74657	4.74657	4.74587	4.73825	4.71088	4.69005	4.68986	4.68986	4.68986	
31417	6.85495e+17	2.78804e+17	1.22005e+17	7.71937e+16	1.54387e+17	2.31581e+17	3.08775e+17	3.85969e+17	4.63197e+17	5.40606e+17	6.18529e+17	6.9623e+17	7.58728e+17	3.3518e+17	8.59942e+15	6.32466e+15	5.5784e+15	2.44112e+15	1.54452e+15	3.08904e+15	4.63355e+15	6.17807e+15	7.72259e+15	9.24539e+15	1.06527e+16	1.17304e+16	1.2821e+16	2.32612e+16	3.09681e+17	4.53995e+17	3.88128	4.74675	4.74675	4.74675	4.74675	4.74675	4.74675	4.74675	4.74632	4.73935	4.71186	4.69008	4.68986	4.68986	4.68986	
31668.5	6.855e+17	2.78793e+17	1.22e+17	7.71906e+16	1.54381e+17	2.31572e+17	3.08763e+17	3.85953e+17	4.63177e+17	5.4058e+17	6.18505e+17	6.96266e+17	7.5877e+17	3.35181e+17	8.59942e+15	6.3225e+15	5.5856e+15	2.44427e+15	1.54651e+15	3.09302e+15	4.63953e+15	6.18604e+15	7.73255e+15	9.25791e+15	1.06695e+16	1.17465e+16	1.28247e+16	2.32625e+16	3.09682e+17	4.53995e+17	3.79394	4.74675	4.74675	4.74675	4.74675	4.74675	4.74675	4.74675	4.74663	4.74041	4.71286	4.69011	4.68986	4.68986	4.68986	
31920.4	6.85504e+17	2.78782e+17	1.21996e+17	7.71876e+16	1.54375e+17	2.31563e+17	3.0875e+17	3.85938e+17	4.63158e+17	5.40554e+17	6.1848e+17	6.963e+17	7.58814e+17	3.35183e+17	8.59942e+15	6.32018e+15	5.59266e+15	2.44736e+15	1.54847e+15	3.09693e+15	4.6454e+15	6.19386e+15	7.74233e+15	9.27023e+15	1.06861e+16	1.1763e+16	1.28289e+16	2.32638e+16	3.09684e+17	4.53995e+17	3.70428	4.74653	4.74653	4.74653	4.74653	4.74653	4.74653	4.74653	4.74677	4.74144	4.71388	4.69014	4.68986	4.68986	4.68986	
32172.8	6.85509e+17	2.78771e+17	1.21991e+17	7.71846e+16	1.54369e+17	2.31554e+17	3.08738e+17	3.85923e+17	4.63139e+17	5.40529e+17	6.18455e+17	6.96332e+17	7.58859e+17	3.35185e+17	8.59942e+15	6.31772e+15	5.59958e+15	2.45039e+15	1.55038e+15	3.10076e+15	4.65114e+15	6.20152e+15	7.75191e+15	9.28237e+15	1.07027e+16	1.17797e+16	1.28336e+16	2.32652e+16	3.09686e+17	4.53995e+17	3.61284	4.74609	4.74609	4.74609	4.74609	4.74609	4.74609	4.74609	4.74673	4.7424	4.71492	4.69017	4.68986	4.68986	4.68986	
32423.5	6.85514e+17	2.7876e+17	1.21986e+17	7.71817e+16	1.54363e+17	2.31545e+17	3.08727e+17	3.85908e+17	4.63121e+17	5.40503e+17	6.1843e+17	6.96357e+17	7.589e+17	3.35187e+17	8.59942e+15	6.31512e+15	5.60629e+15	2.45333e+15	1.55224e+15	3.10448e+15	4.65672e+15	6.20896e+15	7.7612e+15	9.29422e+15	1.07192e+16	1.17967e+16	1.28388e+16	2.32665e+16	3.09688e+17	4.53995e+17	3.52094	4.74538	4.74538	4.74538	4.74538	4.74538	4.74538	4.74538	4.74647	4.7433	4.71597	4.69022	4.68986	4.68986	4.68986	
32675.5	6.85519e+17	2.7875e+17	1.21982e+17	7.71789e+16	1.54358e+17	2.31537e+17	3.08715e+17	3.85894e+17	4.63102e+17	5.40477e+17	6.18403e+17	6.96358e+17	7.58926e+17	3.35189e+17	8.59939e+15	6.31238e+15	5.61288e+15	2.45621e+15	1.55406e+15	3.10813e+15	4.66219e+15	6.21626e+15	7.77032e+15	9.30591e+15	1.07356e+16	1.1814e+16	1.28443e+16	2.32673e+16	3.0969e+17	4.53994e+17	3.42802	4.74438	4.74438	4.74438	4.74438	4.74438	4.74438	4.74438	4.74597	4.74412	4.71704	4.69027	4.68986	4.68986	4.68986	
32928.2	6.85524e+17	2.7874e+17	1.21977e+17	7.71761e+16	1.54352e+17	2.31528e+17	3.08704e+17	3.8588e+17	4.63084e+17	5.40452e+17	6.18376e+17	6.96358e+17	7.58949e+17	3.35191e+17	8.59933e+15	6.3095e+15	5.61932e+15	2.45903e+15	1.55585e+15	3.1117e+15	4.66754e+15	6.22339e+15	7.77924e+15	9.31742e+15	1.0752e+16	1.18317e+16	1.28504e+16	2.3268e+16	3.09692e+17	4.53991e+17	3.33483	4.74305	4.74305	4.74305	4.74305	4.74305	4.74305	4.74305	4.74521	4.74485	4.71812	4.69032	4.68986	4.68986	4.68986	
33180.6	6.8553e+17	2.7873e+17	1.21973e+17	7.71734e+16	1.54347e+17	2.3152e+17	3.08693e+17	3.85867e+17	4.63067e+17	5.40426e+17	6.18349e+17	6.96354e+17	7.58971e+17	3.35193e+17	8.59928e+15	6.3065e+15	5.62559e+15	2.46177e+15	1.55758e+15	3.11517e+15	4.67275e+15	6.23033e+15	7.78792e+15	9.32873e+15	1.07684e+16	1.18496e+16	1.28572e+16	2.32687e+16	3.09694e+17	4.53988e+17	3.24217	4.74136	4.74136	4.74136	4.74136	4.74136	4.74136	4.74136	4.74414	4.74547	4.71921	4.69038	4.68986	4.68986	4.68986	
33430.7	6.85535e+17	2.78721e+17	1.21969e+17	7.71708e+16	1.54342e+17	2.31512e+17	3.08683e+17	3.85854e+17	4.6305e+17	5.40401e+17	6.18321e+17	6.96349e+17	7.58992e+17	3.35196e+17	8.59922e+15	6.30342e+15	5.63164e+15	2.46442e+15	1.55926e+15	3.11852e+15	4.67777e+15	6.23703e+15	7.79629e+15	9.33972e+15	1.07847e+16	1.18678e+16	1.28646e+16	2.32693e+16	3.09696e+17	4.53985e+17	3.15128	4.73929	4.73929	4.73929	4.73929	4.73929	4.73929	4.73929	4.74275	4.74597	4.7203	4.69045	4.68986	4.68986	4.68986	
33681.2	6.85541e+17	2.78712e+17	1.21965e+17	7.71682e+16	1.54336e+17	2.31505e+17	3.08673e+17	3.85841e+17	4.63033e+17	5.40375e+17	6.18293e+17	6.96341e+17	7.59012e+17	3.35198e+17	8.59917e+15	6.30023e+15	5.63753e+15	2.467e+15	1.56089e+15	3.12178e+15	4.68266e+15	6.24355e+15	7.80444e+15	9.35055e+15	1.0801e+16	1.18862e+16	1.28729e+16	2.32699e+16	3.09698e+17	4.53982e+17	3.06155	4.7368	4.7368	4.7368	4.7368	4.7368	4.7368	4.7368	4.741	4.74632	4.72138	4.69053	4.68986	4.68986	4.68986	
33932.6	6.85547e+17	2.78703e+17	1.21961e+17	7.71658e+16	1.54332e+17	2.31497e+17	3.08663e+17	3.85829e+17	4.63016e+17	5.4035e+17	6.18263e+17	6.96331e+17	7.59031e+17	3.35201e+17	8.59913e+15	6.29693e+15	5.64327e+15	2.46951e+15	1.56248e+15	3.12496e+15	4.68743e+15	6.24991e+15	7.81239e+15	9.36124e+15	1.08175e+16	1.19052e+16	1.2882e+16	2.32705e+16	3.097e+17	4.5398e+17	2.97321	4.73383	4.73383	4.73383	4.73383	4.73383	4.73383	4.73383	4.73885	4.74652	4.72248	4.69061	4.68986	4.68986	4.68986	
34184.8	6.85553e+17	2.78694e+17	1.21957e+17	7.71633e+16	1.54327e+17	2.3149e+17	3.08653e+17	3.85817e+17	4.63e+17	5.40323e+17	6.18233e+17	6.96319e+17	7.5905e+17	3.35203e+17	8.59909e+15	6.29354e+15	5.64886e+15	2.47195e+15	1.56403e+15	3.12805e+15	4.69208e+15	6.2561e+15	7.82013e+15	9.37178e+15	1.08341e+16	1.19246e+16	1.28922e+16	2.32711e+16	3.09703e+17	4.53978e+17	2.88666	4.73035	4.73035	4.73035	4.73035	4.73035	4.73035	4.73035	4.73625	4.74652	4.72357	4.6907	4.68986	4.68986	4.68986	
34436.6	6.85559e+17	2.78686e+17	1.21954e+17	7.7161e+16	1.54322e+17	2.31483e+17	3.08644e+17	3.85805e+17	4.62983e+17	5.40297e+17	6.18202e+17	6.96305e+17	7.59068e+17	3.35206e+17	8.59906e+15	6.29009e+15	5.65427e+15	2.47432e+15	1.56552e+15	3.13105e+15	4.69657e+15	6.26209e+15	7.82762e+15	9.38214e+15	1.0851e+16	1.19446e+16	1.29033e+16	2.32716e+16	3.09705e+17	4.53976e+17	2.80258	4.72631	4.72631	4.72631	4.72631	4.72631	4.72631	4.72631	4.73317	4.74632	4.72465	4.6908	4.68986	4.68986	4.68986	
34689.7	6.85566e+17	2.78677e+17	1.2195e+17	7.71588e+16	1.54318e+17	2.31476e+17	3.08635e+17	3.85794e+17	4.62968e+17	5.4027e+17	6.1817e+17	6.96289e+17	7.59085e+17	3.35209e+17	8.59905e+15	6.28654e+15	5.65953e+15	2.47663e+15	1.56698e+15	3.13396e+15	4.70094e+15	6.26792e+15	7.83491e+15	9.39239e+15	1.08682e+16	1.19652e+16	1.29156e+16	2.32722e+16	3.09708e+17	4.53975e+17	2.72068	4.72166	4.72166	4.72166	4.72166	4.72166	4.72166	4.72166	4.72956	4.74588	4.72571	4.69091	4.68986	4.68986	4.68986	
34942.5	6.85572e+17	2.7867e+17	1.21947e+17	7.71566e+16	1.54313e+17	2.3147e+17	3.08626e+17	3.85783e+17	4.62952e+17	5.40243e+17	6.18137e+17	6.9627e+17	7.59102e+17	3.35212e+17	8.59903e+15	6.28295e+15	5.66462e+15	2.47885e+15	1.56839e+15	3.13678e+15	4.70517e+15	6.27356e+15	7.84194e+15	9.40248e+15	1.08856e+16	1.19865e+16	1.29292e+16	2.32727e+16	3.09711e+17	4.53975e+17	2.64176	4.71638	4.71638	4.71638	4.71638	4.71638	4.71638	4.71638	4.72539	4.74516	4.72676	4.69103	4.68986	4.68986	4.68986	
35192.9	6.85578e+17	2.78662e+17	1.21943e+17	7.71545e+16	1.54309e+17	2.31463e+17	3.08618e+17	3.85772e+17	4.62936e+17	5.40215e+17	6.18103e+17	6.96249e+17	7.59118e+17	3.35215e+17	8.59903e+15	6.27935e+15	5.66948e+15	2.48098e+15	1.56974e+15	3.13947e+15	4.70921e+15	6.27895e+15	7.84868e+15	9.41234e+15	1.09033e+16	1.20085e+16	1.2944e+16	2.32732e+16	3.09714e+17	4.53974e+17	2.56651	4.71048	4.71048	4.71048	4.71048	4.71048	4.71048	4.71048	4.72066	4.74416	4.72776	4.69116	4.68986	4.68986	4.68986	
35443.6	6.85585e+17	2.78655e+17	1.2194e+17	7.71525e+16	1.54305e+17	2.31457e+17	3.0861e+17	3.85762e+17	4.62921e+17	5.40187e+17	6.18067e+17	6.96225e+17	7.59134e+17	3.35218e+17	8.59903e+15	6.27571e+15	5.67419e+15	2.48304e+15	1.57104e+15	3.14208e+15	4.71312e+15	6.28416e+15	7.8552e+15	9.4221e+15	1.09215e+16	1.20314e+16	1.29602e+16	2.32736e+16	3.09717e+17	4.53974e+17	2.49421	4.70385	4.70385	4.70385	4.70385	4.70385	4.70385	4.70385	4.71529	4.74283	4.72872	4.6913	4.68986	4.68986	4.68986	
35694.7	6.85591e+17	2.78648e+17	1.21937e+17	7.71505e+16	1.54301e+17	2.31452e+17	3.08602e+17	3.85753e+17	4.62906e+17	5.40158e+17	6.18029e+17	6.96199e+17	7.59148e+17	3.35222e+17	8.59903e+15	6.27204e+15	5.67873e+15	2.48503e+15	1.5723e+15	3.14459e+15	4.71689e+15	6.28918e+15	7.86148e+15	9.43174e+15	1.09402e+16	1.20555e+16	1.29782e+16	2.32741e+16	3.0972e+17	4.53975e+17	2.42501	4.69646	4.69646	4.69646	4.69646	4.69646	4.69646	4.69646	4.70923	4.74113	4.72962	4.69144	4.68986	4.68986	4.68986	
35946	6.85598e+17	2.78641e+17	1.21934e+17	7.71486e+16	1.54297e+17	2.31446e+17	3.08595e+17	3.85743e+17	4.62891e+17	5.40127e+17	6.1799e+17	6.96169e+17	7.59163e+17	3.35225e+17	8.59903e+15	6.26835e+15	5.6831e+15	2.48694e+15	1.57351e+15	3.14702e+15	4.72052e+15	6.29403e+15	7.86754e+15	9.4413e+15	1.09595e+16	1.2081e+16	1.2998e+16	2.32745e+16	3.09723e+17	4.53975e+17	2.35891	4.68825	4.68825	4.68825	4.68825	4.68825	4.68825	4.68825	4.70244	4.73903	4.73047	4.6916	4.68986	4.68986	4.68986	
36198.2	6.85604e+17	2.78634e+17	1.21931e+17	7.71468e+16	1.54294e+17	2.3144e+17	3.08587e+17	3.85734e+17	4.62877e+17	5.40096e+17	6.17947e+17	6.96136e+17	7.59177e+17	3.35228e+17	8.59904e+15	6.26463e+15	5.68732e+15	2.48879e+15	1.57468e+15	3.14935e+15	4.72403e+15	6.2987e+15	7.87338e+15	9.4508e+15	1.09795e+16	1.2108e+16	1.30198e+16	2.3275e+16	3.09726e+17	4.53975e+17	2.29585	4.67918	4.67918	4.67918	4.67918	4.67918	4.67918	4.67918	4.69485	4.73648	4.73123	4.69176	4.68986	4.68986	4.68986	
36449.9	6.85611e+17	2.78628e+17	1.21928e+17	7.71451e+16	1.5429e+17	2.31435e+17	3.0858e+17	3.85725e+17	4.62862e+17	5.40064e+17	6.17902e+17	6.96099e+17	7.5919e+17	3.35232e+17	8.59905e+15	6.26092e+15	5.69136e+15	2.49055e+15	1.57579e+15	3.15159e+15	4.72738e+15	6.30318e+15	7.87897e+15	9.4602e+15	1.10002e+16	1.21367e+16	1.3044e+16	2.32754e+16	3.09729e+17	4.53976e+17	2.23614	4.66924	4.66924	4.66924	4.66924	4.66924	4.66924	4.66924	4.68646	4.73345	4.7319	4.69193	4.68986	4.68986	4.68986	
36702.2	6.85618e+17	2.78622e+17	1.21926e+17	7.71434e+16	1.54287e+17	2.3143e+17	3.08574e+17	3.85717e+17	4.62847e+17	5.4003e+17	6.17854e+17	6.96057e+17	7.59202e+17	3.35235e+17	8.59906e+15	6.25721e+15	5.69525e+15	2.49225e+15	1.57687e+15	3.15374e+15	4.73061e+15	6.30748e+15	7.88435e+15	9.46954e+15	1.10218e+16	1.21674e+16	1.30708e+16	2.32758e+16	3.09732e+17	4.53976e+17	2.17947	4.65834	4.65834	4.65834	4.65834	4.65834	4.65834	4.65834	4.6772	4.72989	4.73245	4.6921	4.68986	4.68986	4.68986	
36954.8	6.85624e+17	2.78616e+17	1.21923e+17	7.71418e+16	1.54284e+17	2.31426e+17	3.08567e+17	3.85709e+17	4.62833e+17	5.39994e+17	6.17802e+17	6.96011e+17	7.59214e+17	3.35239e+17	8.59907e+15	6.2535e+15	5.69897e+15	2.49388e+15	1.5779e+15	3.1558e+15	4.7337e+15	6.3116e+15	7.8895e+15	9.47883e+15	1.10443e+16	1.22005e+16	1.31005e+16	2.32762e+16	3.09736e+17	4.53977e+17	2.12588	4.64646	4.64646	4.64646	4.64646	4.64646	4.64646	4.64646	4.66702	4.72575	4.73286	4.69227	4.68986	4.68986	4.68986	
37207.5	6.85631e+17	2.78611e+17	1.21921e+17	7.71403e+16	1.54281e+17	2.31421e+17	3.08561e+17	3.85702e+17	4.62819e+17	5.39958e+17	6.17747e+17	6.9596e+17	7.59225e+17	3.35243e+17	8.59908e+15	6.24982e+15	5.70252e+15	2.49544e+15	1.57888e+15	3.15777e+15	4.73665e+15	6.31553e+15	7.89442e+15	9.48807e+15	1.10678e+16	1.2236e+16	1.31336e+16	2.32766e+16	3.09739e+17	4.53977e+17	2.07534	4.63358	4.63358	4.63358	4.63358	4.63358	4.63358	4.63358	4.6559	4.721	4.73311	4.69244	4.68986	4.68986	4.68986	
37460.5	6.85637e+17	2.78606e+17	1.21919e+17	7.71389e+16	1.54278e+17	2.31417e+17	3.08555e+17	3.85694e+17	4.62804e+17	5.39919e+17	6.17686e+17	6.95903e+17	7.59236e+17	3.35246e+17	8.59908e+15	6.24615e+15	5.70591e+15	2.49692e+15	1.57982e+15	3.15965e+15	4.73947e+15	6.31929e+15	7.89911e+15	9.49726e+15	1.10923e+16	1.22745e+16	1.31705e+16	2.3277e+16	3.09743e+17	4.53978e+17	2.02771	4.61963	4.61963	4.61963	4.61963	4.61963	4.61963	4.61963	4.64378	4.71557	4.73317	4.6926	4.68986	4.68986	4.68986	
37713.7	6.85644e+17	2.78601e+17	1.21916e+17	7.71375e+16	1.54275e+17	2.31412e+17	3.0855e+17	3.85687e+17	4.6279e+17	5.39879e+17	6.17621e+17	6.95838e+17	7.59246e+17	3.3525e+17	8.59909e+15	6.2425e+15	5.70914e+15	2.49834e+15	1.58072e+15	3.16144e+15	4.74215e+15	6.32287e+15	7.90359e+15	9.50642e+15	1.11179e+16	1.2316e+16	1.32116e+16	2.32774e+16	3.09746e+17	4.53978e+17	1.98291	4.6046	4.6046	4.6046	4.6046	4.6046	4.6046	4.6046	4.63063	4.70944	4.73301	4.69274	4.68986	4.68986	4.68986	
37963.8	6.8565e+17	2.78596e+17	1.21914e+17	7.71362e+16	1.54272e+17	2.31409e+17	3.08545e+17	3.85681e+17	4.62776e+17	5.39837e+17	6.17551e+17	6.95768e+17	7.59256e+17	3.35255e+17	8.5991e+15	6.23893e+15	5.71217e+15	2.49966e+15	1.58156e+15	3.16311e+15	4.74467e+15	6.32622e+15	7.90778e+15	9.51543e+15	1.11443e+16	1.23604e+16	1.32568e+16	2.32778e+16	3.0975e+17	4.53978e+17	1.94138	4.58867	4.58867	4.58867	4.58867	4.58867	4.58867	4.58867	4.61661	4.70264	4.73262	4.69285	4.68986	4.68986	4.68986	
38214.3	6.85656e+17	2.78592e+17	1.21912e+17	7.7135e+16	1.5427e+17	2.31405e+17	3.0854e+17	3.85675e+17	4.62762e+17	5.39794e+17	6.17475e+17	6.95688e+17	7.59265e+17	3.35259e+17	8.59911e+15	6.23539e+15	5.71505e+15	2.50092e+15	1.58235e+15	3.16471e+15	4.74706e+15	6.32941e+15	7.91176e+15	9.52441e+15	1.11719e+16	1.24085e+16	1.33074e+16	2.32783e+16	3.09754e+17	4.53979e+17	1.90236	4.57162	4.57162	4.57162	4.57162	4.57162	4.57162	4.57162	4.6015	4.69504	4.73194	4.69293	4.68986	4.68986	4.68986	
38464.7	6.85663e+17	2.78587e+17	1.21911e+17	7.71338e+16	1.54268e+17	2.31402e+17	3.08535e+17	3.85669e+17	4.62748e+17	5.39749e+17	6.17393e+17	6.956e+17	7.59273e+17	3.35263e+17	8.59912e+15	6.23189e+15	5.71777e+15	2.50211e+15	1.5831e+15	3.16621e+15	4.74931e+15	6.33242e+15	7.91552e+15	9.53335e+15	1.12006e+16	1.24606e+16	1.33637e+16	2.32788e+16	3.09758e+17	4.53979e+17	1.86582	4.55344	4.55344	4.55344	4.55344	4.55344	4.55344	4.55344	4.58532	4.68663	4.73095	4.69296	4.68986	4.68986	4.68986	
38715.5	6.85669e+17	2.78584e+17	1.21909e+17	7.71327e+16	1.54265e+17	2.31398e+17	3.08531e+17	3.85664e+17	4.62734e+17	5.39702e+17	6.17305e+17	6.95501e+17	7.5928e+17	3.35268e+17	8.59912e+15	6.22842e+15	5.72033e+15	2.50323e+15	1.58381e+15	3.16763e+15	4.75145e+15	6.33526e+15	7.91908e+15	9.54226e+15	1.12306e+16	1.25169e+16	1.34267e+16	2.32795e+16	3.09762e+17	4.5398e+17	1.83155	4.53409	4.53409	4.53409	4.53409	4.53409	4.53409	4.53409	4.56799	4.67732	4.72962	4.69293	4.68986	4.68986	4.68986	
38966.2	6.85675e+17	2.7858e+17	1.21907e+17	7.71317e+16	1.54263e+17	2.31395e+17	3.08527e+17	3.85659e+17	4.6272e+17	5.39653e+17	6.17209e+17	6.95391e+17	7.59287e+17	3.35272e+17	8.59913e+15	6.225e+15	5.72274e+15	2.50429e+15	1.58448e+15	3.16897e+15	4.75345e+15	6.33793e+15	7.92241e+15	9.55113e+15	1.12618e+16	1.25777e+16	1.34968e+16	2.32803e+16	3.09767e+17	4.5398e+17	1.79951	4.51359	4.51359	4.51359	4.51359	4.51359	4.51359	4.51359	4.54954	4.66711	4.72789	4.69282	4.68986	4.68986	4.68986	
39217.7	6.85681e+17	2.78576e+17	1.21906e+17	7.71308e+16	1.54262e+17	2.31392e+17	3.08523e+17	3.85654e+17	4.62707e+17	5.39601e+17	6.17105e+17	6.95268e+17	7.59293e+17	3.35277e+17	8.59914e+15	6.2216e+15	5.72501e+15	2.50528e+15	1.58511e+15	3.17022e+15	4.75533e+15	6.34044e+15	7.92555e+15	9.55999e+15	1.12944e+16	1.26436e+16	1.35751e+16	2.32813e+16	3.09771e+17	4.5398e+17	1.76944	4.49182	4.49182	4.49182	4.49182	4.49182	4.49182	4.49182	4.52985	4.6559	4.72573	4.69262	4.68986	4.68986	4.68986	
39470.7	6.85687e+17	2.78573e+17	1.21904e+17	7.71299e+16	1.5426e+17	2.3139e+17	3.0852e+17	3.85649e+17	4.62693e+17	5.39548e+17	6.16992e+17	6.9513e+17	7.59302e+17	3.35283e+17	8.59913e+15	6.21824e+15	5.72713e+15	2.50621e+15	1.5857e+15	3.1714e+15	4.7571e+15	6.34279e+15	7.92849e+15	9.56885e+15	1.13283e+16	1.27149e+16	1.36627e+16	2.32827e+16	3.09776e+17	4.5398e+17	1.74119	4.46874	4.46874	4.46874	4.46874	4.46874	4.46874	4.46874	4.50887	4.64361	4.72307	4.6923	4.68986	4.68986	4.68986	
39721.6	6.85693e+17	2.7857e+17	1.21903e+17	7.71291e+16	1.54258e+17	2.31387e+17	3.08516e+17	3.85645e+17	4.62679e+17	5.39493e+17	6.16873e+17	6.94978e+17	7.59314e+17	3.35291e+17	8.59911e+15	6.21494e+15	5.72909e+15	2.50707e+15	1.58624e+15	3.17248e+15	4.75872e+15	6.34496e+15	7.93121e+15	9.57759e+15	1.13632e+16	1.27909e+16	1.37592e+16	2.32846e+16	3.09784e+17	4.53979e+17	1.71503	4.44466	4.44466	4.44466	4.44466	4.44466	4.44466	4.44466	4.48687	4.63039	4.71991	4.69184	4.68986	4.68986	4.68986	
39974.4	6.85699e+17	2.78567e+17	1.21902e+17	7.71283e+16	1.54257e+17	2.31385e+17	3.08513e+17	3.85641e+17	4.62666e+17	5.39436e+17	6.16743e+17	6.94808e+17	7.59328e+17	3.353e+17	8.59908e+15	6.21167e+15	5.73092e+15	2.50786e+15	1.58675e+15	3.17349e+15	4.76024e+15	6.34699e+15	7.93373e+15	9.58632e+15	1.13996e+16	1.28731e+16	1.38668e+16	2.32871e+16	3.09792e+17	4.53978e+17	1.69042	4.41919	4.41919	4.41919	4.41919	4.41919	4.41919	4.41919	4.46351	4.61599	4.71616	4.69121	4.68985	4.68986	4.68986	
40225.3	6.85704e+17	2.78565e+17	1.21901e+17	7.71276e+16	1.54255e+17	2.31383e+17	3.0851e+17	3.85638e+17	4.62652e+17	5.39377e+17	6.16605e+17	6.94622e+17	7.59341e+17	3.35311e+17	8.59906e+15	6.20847e+15	5.73259e+15	2.50859e+15	1.58721e+15	3.17442e+15	4.76162e+15	6.34883e+15	7.93604e+15	9.59492e+15	1.14368e+16	1.29603e+16	1.39849e+16	2.32903e+16	3.09802e+17	4.53976e+17	1.6676	4.39272	4.39272	4.39272	4.39272	4.39272	4.39272	4.39272	4.43911	4.60059	4.71181	4.69039	4.68985	4.68986	4.68986	
40476.5	6.8571e+17	2.78563e+17	1.219e+17	7.7127e+16	1.54254e+17	2.31381e+17	3.08508e+17	3.85635e+17	4.62639e+17	5.39317e+17	6.16458e+17	6.94416e+17	7.59354e+17	3.35322e+17	8.59904e+15	6.20531e+15	5.73411e+15	2.50926e+15	1.58763e+15	3.17526e+15	4.76289e+15	6.35052e+15	7.93815e+15	9.60345e+15	1.14752e+16	1.30534e+16	1.41152e+16	2.32945e+16	3.09812e+17	4.53975e+17	1.64626	4.36503	4.36503	4.36503	4.36503	4.36503	4.36503	4.36503	4.41348	4.58403	4.7068	4.68935	4.68984	4.68986	4.68986	
40729.2	6.85715e+17	2.78561e+17	1.21899e+17	7.71264e+16	1.54253e+17	2.31379e+17	3.08506e+17	3.85632e+17	4.62626e+17	5.39254e+17	6.16301e+17	6.94189e+17	7.59365e+17	3.35333e+17	8.59903e+15	6.20218e+15	5.7355e+15	2.50987e+15	1.58802e+15	3.17603e+15	4.76405e+15	6.35206e+15	7.94008e+15	9.61193e+15	1.15149e+16	1.3153e+16	1.42592e+16	2.32998e+16	3.09823e+17	4.53974e+17	1.62623	4.336	4.336	4.336	4.336	4.336	4.336	4.336	4.3865	4.5662	4.70103	4.68803	4.68982	4.68986	4.68986	
40979.6	6.85721e+17	2.78559e+17	1.21898e+17	7.71259e+16	1.54252e+17	2.31378e+17	3.08503e+17	3.85629e+17	4.62613e+17	5.39191e+17	6.16136e+17	6.93942e+17	7.59373e+17	3.35345e+17	8.59902e+15	6.19912e+15	5.73675e+15	2.51041e+15	1.58836e+15	3.17672e+15	4.76508e+15	6.35344e+15	7.9418e+15	9.62022e+15	1.15551e+16	1.32576e+16	1.44156e+16	2.33067e+16	3.09834e+17	4.53974e+17	1.60768	4.30608	4.30608	4.30608	4.30608	4.30608	4.30608	4.30608	4.35857	4.54735	4.69455	4.68643	4.6898	4.68986	4.68986	
41230	6.85726e+17	2.78557e+17	1.21897e+17	7.71254e+16	1.54251e+17	2.31376e+17	3.08502e+17	3.85627e+17	4.626e+17	5.39126e+17	6.15961e+17	6.93672e+17	7.59378e+17	3.35357e+17	8.59902e+15	6.19611e+15	5.73785e+15	2.5109e+15	1.58867e+15	3.17733e+15	4.766e+15	6.35466e+15	7.94333e+15	9.62839e+15	1.15962e+16	1.33682e+16	1.45862e+16	2.33154e+16	3.09845e+17	4.53974e+17	1.59036	4.27504	4.27504	4.27504	4.27504	4.27504	4.27504	4.27504	4.32949	4.52731	4.68725	4.68449	4.68978	4.68986	4.68986	
41482	6.85731e+17	2.78556e+17	1.21897e+17	7.7125e+16	1.5425e+17	2.31375e+17	3.085e+17	3.85625e+17	4.62587e+17	5.39059e+17	6.15776e+17	6.93377e+17	7.59378e+17	3.3537e+17	8.59902e+15	6.19312e+15	5.73883e+15	2.51133e+15	1.58894e+15	3.17787e+15	4.76681e+15	6.35575e+15	7.94469e+15	9.63648e+15	1.16384e+16	1.34855e+16	1.47731e+16	2.33265e+16	3.09856e+17	4.53974e+17	1.57406	4.24268	4.24268	4.24268	4.24268	4.24268	4.24268	4.24268	4.29905	4.50591	4.67904	4.68216	4.68974	4.68986	4.68986	
41734.5	6.85737e+17	2.78554e+17	1.21896e+17	7.71247e+16	1.54249e+17	2.31374e+17	3.08499e+17	3.85623e+17	4.62575e+17	5.38992e+17	6.15581e+17	6.93056e+17	7.59372e+17	3.35382e+17	8.59903e+15	6.19017e+15	5.73968e+15	2.5117e+15	1.58917e+15	3.17834e+15	4.76752e+15	6.35669e+15	7.94586e+15	9.64443e+15	1.16814e+16	1.36091e+16	1.49763e+16	2.33407e+16	3.09868e+17	4.53974e+17	1.55879	4.20914	4.20914	4.20914	4.20914	4.20914	4.20914	4.20914	4.26739	4.48321	4.66989	4.67939	4.68969	4.68986	4.68986	
41987.4	6.85742e+17	2.78553e+17	1.21896e+17	7.71244e+16	1.54249e+17	2.31373e+17	3.08498e+17	3.85622e+17	4.62563e+17	5.38923e+17	6.15376e+17	6.92708e+17	7.59359e+17	3.35394e+17	8.59904e+15	6.18725e+15	5.7404e+15	2.51201e+15	1.58937e+15	3.17874e+15	4.76811e+15	6.35748e+15	7.94686e+15	9.65221e+15	1.17251e+16	1.37387e+16	1.51964e+16	2.33587e+16	3.09879e+17	4.53975e+17	1.5445	4.17449	4.17449	4.17449	4.17449	4.17449	4.17449	4.17449	4.23455	4.45923	4.65974	4.67615	4.68962	4.68986	4.68986	
42240.4	6.85747e+17	2.78553e+17	1.21895e+17	7.71242e+16	1.54248e+17	2.31372e+17	3.08497e+17	3.85621e+17	4.62551e+17	5.38853e+17	6.15162e+17	6.92334e+17	7.59338e+17	3.35407e+17	8.59905e+15	6.18437e+15	5.74099e+15	2.51227e+15	1.58953e+15	3.17907e+15	4.7686e+15	6.35814e+15	7.94767e+15	9.65981e+15	1.17692e+16	1.3874e+16	1.54336e+16	2.33813e+16	3.0989e+17	4.53975e+17	1.53114	4.13878	4.13878	4.13878	4.13878	4.13878	4.13878	4.13878	4.20059	4.43397	4.64856	4.67237	4.68952	4.68986	4.68986	
42491.3	6.85752e+17	2.78552e+17	1.21895e+17	7.7124e+16	1.54248e+17	2.31372e+17	3.08496e+17	3.8562e+17	4.6254e+17	5.38784e+17	6.14942e+17	6.91934e+17	7.59307e+17	3.35418e+17	8.59906e+15	6.18156e+15	5.74145e+15	2.51247e+15	1.58966e+15	3.17933e+15	4.76899e+15	6.35865e+15	7.94831e+15	9.66714e+15	1.18133e+16	1.40137e+16	1.56862e+16	2.34091e+16	3.09901e+17	4.53976e+17	1.51873	4.10237	4.10237	4.10237	4.10237	4.10237	4.10237	4.10237	4.16586	4.40766	4.63642	4.66804	4.68939	4.68986	4.68986	
42742.6	6.85757e+17	2.78551e+17	1.21895e+17	7.71239e+16	1.54248e+17	2.31372e+17	3.08495e+17	3.85619e+17	4.62529e+17	5.38714e+17	6.14712e+17	6.91506e+17	7.59264e+17	3.3543e+17	8.59907e+15	6.17878e+15	5.74179e+15	2.51262e+15	1.58976e+15	3.17951e+15	4.76927e+15	6.35903e+15	7.94879e+15	9.67426e+15	1.18577e+16	1.41588e+16	1.59567e+16	2.34436e+16	3.09912e+17	4.53977e+17	1.5071	4.06495	4.06495	4.06495	4.06495	4.06495	4.06495	4.06495	4.13003	4.38007	4.62315	4.66309	4.68922	4.68986	4.68986	
42994.1	6.85762e+17	2.78551e+17	1.21895e+17	7.71238e+16	1.54248e+17	2.31371e+17	3.08495e+17	3.85619e+17	4.62518e+17	5.38643e+17	6.14475e+17	6.9105e+17	7.59208e+17	3.35441e+17	8.59908e+15	6.17604e+15	5.74201e+15	2.51272e+15	1.58982e+15	3.17964e+15	4.76946e+15	6.35927e+15	7.94909e+15	9.68114e+15	1.19022e+16	1.43089e+16	1.62453e+16	2.34858e+16	3.09922e+17	4.53977e+17	1.4962	4.02659	4.02659	4.02659	4.02659	4.02659	4.02659	4.02659	4.09319	4.35121	4.60873	4.65745	4.68899	4.68986	4.68986	
43246.2	6.85767e+17	2.78551e+17	1.21895e+17	7.71238e+16	1.54248e+17	2.31371e+17	3.08495e+17	3.85619e+17	4.62508e+17	5.38573e+17	6.1423e+17	6.90564e+17	7.59134e+17	3.35451e+17	8.59909e+15	6.17332e+15	5.74212e+15	2.51277e+15	1.58985e+15	3.1797e+15	4.76954e+15	6.35939e+15	7.94924e+15	9.68778e+15	1.19468e+16	1.44639e+16	1.65526e+16	2.35372e+16	3.09932e+17	4.53978e+17	1.48596	3.98726	3.98726	3.98726	3.98726	3.98726	3.98726	3.98726	4.05528	4.32104	4.59308	4.65106	4.6887	4.68986	4.68986	
43498.9	6.85771e+17	2.78551e+17	1.21895e+17	7.71238e+16	1.54248e+17	2.31371e+17	3.08495e+17	3.85619e+17	4.62498e+17	5.38503e+17	6.13977e+17	6.90048e+17	7.59037e+17	3.35458e+17	8.5991e+15	6.17063e+15	5.74211e+15	2.51276e+15	1.58985e+15	3.17969e+15	4.76954e+15	6.35938e+15	7.94923e+15	9.69415e+15	1.19912e+16	1.46236e+16	1.68785e+16	2.35987e+16	3.09938e+17	4.53978e+17	1.47634	3.94701	3.94701	3.94701	3.94701	3.94701	3.94701	3.94701	4.01637	4.28959	4.57618	4.64385	4.68832	4.68986	4.68986	
43751.6	6.85776e+17	2.78552e+17	1.21895e+17	7.71239e+16	1.54248e+17	2.31372e+17	3.08496e+17	3.85619e+17	4.62488e+17	5.38433e+17	6.13719e+17	6.89504e+17	7.58922e+17	3.35465e+17	8.59911e+15	6.16797e+15	5.74199e+15	2.51271e+15	1.58981e+15	3.17962e+15	4.76944e+15	6.35925e+15	7.94906e+15	9.70023e+15	1.20353e+16	1.4787e+16	1.72223e+16	2.36718e+16	3.09944e+17	4.53979e+17	1.46733	3.90597	3.90597	3.90597	3.90597	3.90597	3.90597	3.90597	3.97659	4.25693	4.558	4.63579	4.68785	4.68986	4.68986	
44004.3	6.85781e+17	2.78552e+17	1.21895e+17	7.7124e+16	1.54248e+17	2.31372e+17	3.08496e+17	3.8562e+17	4.62479e+17	5.38365e+17	6.13455e+17	6.88932e+17	7.58787e+17	3.35471e+17	8.59912e+15	6.16534e+15	5.74176e+15	2.51261e+15	1.58975e+15	3.1795e+15	4.76924e+15	6.35899e+15	7.94874e+15	9.70599e+15	1.2079e+16	1.49538e+16	1.75837e+16	2.37578e+16	3.0995e+17	4.53979e+17	1.45888	3.8642	3.8642	3.8642	3.8642	3.8642	3.8642	3.8642	3.93596	4.22308	4.53853	4.62682	4.68726	4.68986	4.68986	
44258	6.85786e+17	2.78553e+17	1.21895e+17	7.71242e+16	1.54248e+17	2.31373e+17	3.08497e+17	3.85621e+17	4.62471e+17	5.38297e+17	6.13186e+17	6.88331e+17	7.58627e+17	3.35477e+17	8.59913e+15	6.16274e+15	5.74142e+15	2.51246e+15	1.58965e+15	3.17931e+15	4.76896e+15	6.35862e+15	7.94827e+15	9.71145e+15	1.21221e+16	1.51242e+16	1.79637e+16	2.38587e+16	3.09956e+17	4.5398e+17	1.45093	3.82157	3.82157	3.82157	3.82157	3.82157	3.82157	3.82157	3.89439	4.18794	4.51767	4.61683	4.68652	4.68986	4.68986	
44508.4	6.8579e+17	2.78553e+17	1.21896e+17	7.71244e+16	1.54249e+17	2.31373e+17	3.08498e+17	3.85622e+17	4.62463e+17	5.38231e+17	6.12916e+17	6.87711e+17	7.58445e+17	3.35483e+17	8.59914e+15	6.16019e+15	5.74099e+15	2.51227e+15	1.58953e+15	3.17907e+15	4.7686e+15	6.35813e+15	7.94767e+15	9.71649e+15	1.2164e+16	1.52947e+16	1.83551e+16	2.39739e+16	3.09961e+17	4.5398e+17	1.44357	3.77889	3.77889	3.77889	3.77889	3.77889	3.77889	3.77889	3.85264	4.15215	4.49575	4.60597	4.68563	4.68986	4.68986	
44759.1	6.85795e+17	2.78554e+17	1.21896e+17	7.71247e+16	1.54249e+17	2.31374e+17	3.08499e+17	3.85623e+17	4.62456e+17	5.38166e+17	6.12643e+17	6.87066e+17	7.58235e+17	3.35488e+17	8.59914e+15	6.15767e+15	5.74045e+15	2.51204e+15	1.58939e+15	3.17877e+15	4.76816e+15	6.35754e+15	7.94693e+15	9.72119e+15	1.22049e+16	1.54671e+16	1.87624e+16	2.41065e+16	3.09966e+17	4.53981e+17	1.43667	3.7356	3.7356	3.7356	3.7356	3.7356	3.7356	3.7356	3.81019	4.11525	4.47249	4.59404	4.68455	4.68986	4.68986	
45009.6	6.85799e+17	2.78556e+17	1.21897e+17	7.7125e+16	1.5425e+17	2.31375e+17	3.085e+17	3.85625e+17	4.62449e+17	5.38103e+17	6.12369e+17	6.86398e+17	7.57996e+17	3.35493e+17	8.59915e+15	6.15518e+15	5.73982e+15	2.51176e+15	1.58921e+15	3.17842e+15	4.76763e+15	6.35684e+15	7.94605e+15	9.72551e+15	1.22448e+16	1.56406e+16	1.91843e+16	2.42576e+16	3.09971e+17	4.53981e+17	1.43019	3.69182	3.69182	3.69182	3.69182	3.69182	3.69182	3.69182	3.76714	4.07735	4.44789	4.581	4.68325	4.68986	4.68986	
45260.5	6.85803e+17	2.78557e+17	1.21897e+17	7.71253e+16	1.54251e+17	2.31376e+17	3.08501e+17	3.85627e+17	4.62443e+17	5.38042e+17	6.12093e+17	6.85706e+17	7.57724e+17	3.35498e+17	8.59916e+15	6.15271e+15	5.73909e+15	2.51144e+15	1.58901e+15	3.17802e+15	4.76703e+15	6.35604e+15	7.94505e+15	9.72946e+15	1.22836e+16	1.5815e+16	1.96205e+16	2.4429e+16	3.09975e+17	4.53981e+17	1.42412	3.64753	3.64753	3.64753	3.64753	3.64753	3.64753	3.64753	3.72348	4.03841	4.42192	4.5668	4.6817	4.68986	4.68986	
45511.9	6.85808e+17	2.78558e+17	1.21898e+17	7.71257e+16	1.54251e+17	2.31377e+17	3.08503e+17	3.85629e+17	4.62438e+17	5.37983e+17	6.11816e+17	6.84993e+17	7.57418e+17	3.35502e+17	8.59917e+15	6.15025e+15	5.73827e+15	2.51108e+15	1.58878e+15	3.17757e+15	4.76635e+15	6.35513e+15	7.94391e+15	9.73303e+15	1.23212e+16	1.59898e+16	2.00704e+16	2.46224e+16	3.09979e+17	4.53982e+17	1.41843	3.60275	3.60275	3.60275	3.60275	3.60275	3.60275	3.60275	3.67922	3.99844	4.39454	4.55136	4.67985	4.68986	4.68986	
45763.7	6.85812e+17	2.7856e+17	1.21898e+17	7.71261e+16	1.54252e+17	2.31378e+17	3.08505e+17	3.85631e+17	4.62433e+17	5.37926e+17	6.1154e+17	6.84261e+17	7.57074e+17	3.35506e+17	8.59917e+15	6.14782e+15	5.73736e+15	2.51069e+15	1.58853e+15	3.17706e+15	4.76559e+15	6.35412e+15	7.94266e+15	9.7362e+15	1.23573e+16	1.61643e+16	2.05326e+16	2.48392e+16	3.09983e+17	4.53982e+17	1.4131	3.55756	3.55756	3.55756	3.55756	3.55756	3.55756	3.55756	3.63444	3.9575	4.36576	4.53464	4.67767	4.68986	4.68986	
46015.6	6.85817e+17	2.78561e+17	1.21899e+17	7.71266e+16	1.54253e+17	2.3138e+17	3.08506e+17	3.85633e+17	4.62429e+17	5.37871e+17	6.11265e+17	6.83511e+17	7.56692e+17	3.3551e+17	8.59918e+15	6.14541e+15	5.73637e+15	2.51025e+15	1.58826e+15	3.17651e+15	4.76477e+15	6.35302e+15	7.94128e+15	9.73896e+15	1.2392e+16	1.63378e+16	2.10054e+16	2.50805e+16	3.09987e+17	4.53983e+17	1.40812	3.51206	3.51206	3.51206	3.51206	3.51206	3.51206	3.51206	3.58925	3.91569	4.33561	4.51662	4.67512	4.68986	4.68986	
46267.8	6.85821e+17	2.78563e+17	1.219e+17	7.71271e+16	1.54254e+17	2.31381e+17	3.08508e+17	3.85636e+17	4.62425e+17	5.37819e+17	6.10993e+17	6.82746e+17	7.56268e+17	3.35514e+17	8.59919e+15	6.14302e+15	5.73529e+15	2.50978e+15	1.58796e+15	3.17591e+15	4.76387e+15	6.35183e+15	7.93978e+15	9.74131e+15	1.2425e+16	1.65098e+16	2.14878e+16	2.53477e+16	3.0999e+17	4.53983e+17	1.40349	3.46627	3.46627	3.46627	3.46627	3.46627	3.46627	3.46627	3.54366	3.87302	4.30409	4.49724	4.67214	4.68986	4.68986	
46520.2	6.85825e+17	2.78565e+17	1.21901e+17	7.71276e+16	1.54255e+17	2.31383e+17	3.08511e+17	3.85638e+17	4.62422e+17	5.3777e+17	6.10724e+17	6.81968e+17	7.55801e+17	3.35517e+17	8.59919e+15	6.14064e+15	5.73413e+15	2.50927e+15	1.58764e+15	3.17527e+15	4.76291e+15	6.35054e+15	7.93818e+15	9.74323e+15	1.24562e+16	1.66794e+16	2.19779e+16	2.56418e+16	3.09993e+17	4.53983e+17	1.39917	3.4203	3.4203	3.4203	3.4203	3.4203	3.4203	3.4203	3.49778	3.8296	4.27124	4.47649	4.6687	4.68986	4.68986	
46772.6	6.85829e+17	2.78567e+17	1.21902e+17	7.71282e+16	1.54256e+17	2.31385e+17	3.08513e+17	3.85641e+17	4.6242e+17	5.37723e+17	6.1046e+17	6.81181e+17	7.5529e+17	3.35519e+17	8.5992e+15	6.13829e+15	5.73289e+15	2.50873e+15	1.58729e+15	3.17459e+15	4.76188e+15	6.34917e+15	7.93647e+15	9.74471e+15	1.24856e+16	1.68463e+16	2.24741e+16	2.59637e+16	3.09996e+17	4.53984e+17	1.39518	3.37418	3.37418	3.37418	3.37418	3.37418	3.37418	3.37418	3.45165	3.78545	4.23707	4.45434	4.66474	4.68986	4.68986	
47025.3	6.85834e+17	2.78569e+17	1.21903e+17	7.71288e+16	1.54258e+17	2.31386e+17	3.08515e+17	3.85644e+17	4.62418e+17	5.3768e+17	6.10201e+17	6.80385e+17	7.54733e+17	3.35522e+17	8.59921e+15	6.13595e+15	5.73158e+15	2.50815e+15	1.58693e+15	3.17386e+15	4.76079e+15	6.34772e+15	7.93465e+15	9.74577e+15	1.2513e+16	1.70097e+16	2.29751e+16	2.63144e+16	3.09999e+17	4.53984e+17	1.39149	3.32795	3.32795	3.32795	3.32795	3.32795	3.32795	3.32795	3.40532	3.74063	4.20159	4.43075	4.66021	4.68986	4.68986	
47278.2	6.85838e+17	2.78572e+17	1.21904e+17	7.71294e+16	1.54259e+17	2.31388e+17	3.08518e+17	3.85647e+17	4.62418e+17	5.3764e+17	6.09949e+17	6.79585e+17	7.5413e+17	3.35524e+17	8.59921e+15	6.13363e+15	5.7302e+15	2.50755e+15	1.58655e+15	3.17309e+15	4.75964e+15	6.34619e+15	7.93273e+15	9.74638e+15	1.25384e+16	1.71691e+16	2.34792e+16	2.66945e+16	3.10002e+17	4.53984e+17	1.3881	3.28168	3.28168	3.28168	3.28168	3.28168	3.28168	3.28168	3.35884	3.6952	4.16484	4.4057	4.65505	4.68986	4.68986	
47531.3	6.85842e+17	2.78574e+17	1.21905e+17	7.71301e+16	1.5426e+17	2.3139e+17	3.0852e+17	3.85651e+17	4.62417e+17	5.37603e+17	6.09703e+17	6.78782e+17	7.53479e+17	3.35526e+17	8.59922e+15	6.13134e+15	5.72874e+15	2.50691e+15	1.58614e+15	3.17229e+15	4.75843e+15	6.34457e+15	7.93072e+15	9.74656e+15	1.25618e+16	1.7324e+16	2.39844e+16	2.71044e+16	3.10004e+17	4.53985e+17	1.38501	3.23542	3.23542	3.23542	3.23542	3.23542	3.23542	3.23542	3.31228	3.64923	4.12686	4.37919	4.6492	4.68986	4.68986	
47784.6	6.85846e+17	2.78577e+17	1.21906e+17	7.71308e+16	1.54262e+17	2.31392e+17	3.08523e+17	3.85654e+17	4.62418e+17	5.3757e+17	6.09466e+17	6.7798e+17	7.52779e+17	3.35527e+17	8.59923e+15	6.12905e+15	5.72722e+15	2.50625e+15	1.58572e+15	3.17144e+15	4.75717e+15	6.34289e+15	7.92861e+15	9.7463e+15	1.25829e+16	1.74739e+16	2.44892e+16	2.75445e+16	3.10006e+17	4.53985e+17	1.3822	3.18922	3.18922	3.18922	3.18922	3.18922	3.18922	3.18922	3.26568	3.60275	4.08767	4.35118	4.64261	4.68986	4.68986	
48038	6.8585e+17	2.78579e+17	1.21907e+17	7.71315e+16	1.54263e+17	2.31395e+17	3.08526e+17	3.85658e+17	4.62419e+17	5.3754e+17	6.09238e+17	6.77182e+17	7.52033e+17	3.35528e+17	8.59923e+15	6.12679e+15	5.72563e+15	2.50555e+15	1.58528e+15	3.17057e+15	4.75585e+15	6.34113e+15	7.92641e+15	9.74561e+15	1.26019e+16	1.76181e+16	2.49915e+16	2.80144e+16	3.10008e+17	4.53985e+17	1.37967	3.14316	3.14316	3.14316	3.14316	3.14316	3.14316	3.14316	3.21912	3.55588	4.04735	4.32171	4.63522	4.68986	4.68986	
48288.6	6.85854e+17	2.78582e+17	1.21908e+17	7.71323e+16	1.54265e+17	2.31397e+17	3.08529e+17	3.85661e+17	4.62421e+17	5.37514e+17	6.09022e+17	6.76399e+17	7.51248e+17	3.35528e+17	8.59924e+15	6.12457e+15	5.724e+15	2.50484e+15	1.58483e+15	3.16966e+15	4.7545e+15	6.33933e+15	7.92416e+15	9.74449e+15	1.26184e+16	1.77545e+16	2.54838e+16	2.8508e+16	3.1001e+17	4.53986e+17	1.37744	3.0978	3.0978	3.0978	3.0978	3.0978	3.0978	3.0978	3.1732	3.5092	4.00642	4.29114	4.62706	4.68986	4.68986	
48542.5	6.85858e+17	2.78585e+17	1.21909e+17	7.7133e+16	1.54266e+17	2.31399e+17	3.08532e+17	3.85665e+17	4.62424e+17	5.37492e+17	6.08813e+17	6.75616e+17	7.50407e+17	3.35528e+17	8.59924e+15	6.12234e+15	5.7223e+15	2.50409e+15	1.58436e+15	3.16872e+15	4.75308e+15	6.33744e+15	7.9218e+15	9.74294e+15	1.26328e+16	1.78862e+16	2.59763e+16	2.90369e+16	3.10012e+17	4.53986e+17	1.37546	3.0521	3.0521	3.0521	3.0521	3.0521	3.0521	3.0521	3.12684	3.46165	3.96394	4.25872	4.61788	4.68985	4.68986	
48792.5	6.85862e+17	2.78587e+17	1.21911e+17	7.71338e+16	1.54268e+17	2.31401e+17	3.08535e+17	3.85669e+17	4.62427e+17	5.37473e+17	6.08618e+17	6.74857e+17	7.49534e+17	3.35528e+17	8.59925e+15	6.12017e+15	5.72056e+15	2.50333e+15	1.58388e+15	3.16776e+15	4.75164e+15	6.33552e+15	7.9194e+15	9.741e+15	1.26447e+16	1.8009e+16	2.64536e+16	2.95856e+16	3.10014e+17	4.53986e+17	1.37377	3.00738	3.00738	3.00738	3.00738	3.00738	3.00738	3.00738	3.08139	3.41462	3.92114	4.22539	4.60789	4.68985	4.68986	
49042.8	6.85866e+17	2.7859e+17	1.21912e+17	7.71346e+16	1.54269e+17	2.31404e+17	3.08538e+17	3.85673e+17	4.62431e+17	5.37458e+17	6.08435e+17	6.74112e+17	7.48618e+17	3.35527e+17	8.59925e+15	6.11801e+15	5.71878e+15	2.50255e+15	1.58338e+15	3.16677e+15	4.75015e+15	6.33354e+15	7.91692e+15	9.73865e+15	1.26544e+16	1.81247e+16	2.69218e+16	3.01613e+16	3.10016e+17	4.53986e+17	1.37233	2.96294	2.96294	2.96294	2.96294	2.96294	2.96294	2.96294	3.03614	3.3674	3.87742	4.19066	4.59687	4.68984	4.68986	
49293.9	6.8587e+17	2.78593e+17	1.21913e+17	7.71355e+16	1.54271e+17	2.31406e+17	3.08542e+17	3.85677e+17	4.62435e+17	5.37446e+17	6.08263e+17	6.73383e+17	7.47659e+17	3.35526e+17	8.59926e+15	6.11586e+15	5.71694e+15	2.50175e+15	1.58288e+15	3.16575e+15	4.74863e+15	6.3315e+15	7.91438e+15	9.73589e+15	1.26618e+16	1.82332e+16	2.73803e+16	3.07642e+16	3.10019e+17	4.53987e+17	1.37115	2.91874	2.91874	2.91874	2.91874	2.91874	2.91874	2.91874	2.99107	3.31997	3.83275	4.15447	4.58476	4.68983	4.68986	
49544.6	6.85873e+17	2.78596e+17	1.21915e+17	7.71363e+16	1.54273e+17	2.31409e+17	3.08545e+17	3.85682e+17	4.62441e+17	5.37438e+17	6.08104e+17	6.72674e+17	7.46662e+17	3.35524e+17	8.59926e+15	6.11373e+15	5.71505e+15	2.50092e+15	1.58235e+15	3.16471e+15	4.74706e+15	6.32941e+15	7.91177e+15	9.73276e+15	1.26669e+16	1.83337e+16	2.78255e+16	3.13902e+16	3.10021e+17	4.53987e+17	1.37023	2.87502	2.87502	2.87502	2.87502	2.87502	2.87502	2.87502	2.9464	3.27259	3.78737	4.11701	4.57153	4.68982	4.68986	
49795.9	6.85877e+17	2.786e+17	1.21916e+17	7.71372e+16	1.54274e+17	2.31412e+17	3.08549e+17	3.85686e+17	4.62446e+17	5.37434e+17	6.07957e+17	6.71987e+17	7.45627e+17	3.35521e+17	8.59926e+15	6.11162e+15	5.71312e+15	2.50008e+15	1.58182e+15	3.16364e+15	4.74546e+15	6.32728e+15	7.90909e+15	9.72924e+15	1.26698e+16	1.84262e+16	2.82573e+16	3.20401e+16	3.10023e+17	4.53987e+17	1.36955	2.83165	2.83165	2.83165	2.83165	2.83165	2.83165	2.83165	2.90204	3.22515	3.7412	4.0782	4.55711	4.68981	4.68986	
50047.4	6.85881e+17	2.78603e+17	1.21917e+17	7.71381e+16	1.54276e+17	2.31414e+17	3.08552e+17	3.8569e+17	4.62453e+17	5.37433e+17	6.07824e+17	6.71323e+17	7.44558e+17	3.35517e+17	8.59927e+15	6.10953e+15	5.71115e+15	2.49921e+15	1.58127e+15	3.16254e+15	4.74382e+15	6.32509e+15	7.90636e+15	9.72535e+15	1.26704e+16	1.85105e+16	2.86739e+16	3.27115e+16	3.10026e+17	4.53987e+17	1.36912	2.78873	2.78873	2.78873	2.78873	2.78873	2.78873	2.78873	2.85805	3.17774	3.69434	4.0381	4.54143	4.68979	4.68986	
50298.3	6.85885e+17	2.78606e+17	1.21919e+17	7.7139e+16	1.54278e+17	2.31417e+17	3.08556e+17	3.85695e+17	4.62459e+17	5.37436e+17	6.07704e+17	6.70689e+17	7.43461e+17	3.35513e+17	8.59927e+15	6.10746e+15	5.70914e+15	2.49833e+15	1.58072e+15	3.16143e+15	4.74215e+15	6.32287e+15	7.90358e+15	9.72111e+15	1.26688e+16	1.85861e+16	2.90723e+16	3.33997e+16	3.10029e+17	4.53987e+17	1.36893	2.74643	2.74643	2.74643	2.74643	2.74643	2.74643	2.74643	2.81464	3.13062	3.64703	3.99692	4.52453	4.68976	4.68986	
50550	6.85889e+17	2.78609e+17	1.2192e+17	7.71399e+16	1.5428e+17	2.3142e+17	3.0856e+17	3.85699e+17	4.62467e+17	5.37442e+17	6.07598e+17	6.70082e+17	7.42334e+17	3.35508e+17	8.59927e+15	6.10541e+15	5.70709e+15	2.49744e+15	1.58015e+15	3.1603e+15	4.74045e+15	6.32059e+15	7.90074e+15	9.71652e+15	1.26651e+16	1.86532e+16	2.94535e+16	3.41065e+16	3.10032e+17	4.53988e+17	1.36899	2.70457	2.70457	2.70457	2.70457	2.70457	2.70457	2.70457	2.77161	3.08356	3.59909	3.95447	4.50625	4.68973	4.68986	
50801	6.85892e+17	2.78613e+17	1.21922e+17	7.71408e+16	1.54282e+17	2.31422e+17	3.08563e+17	3.85704e+17	4.62475e+17	5.37452e+17	6.07506e+17	6.69507e+17	7.41187e+17	3.35502e+17	8.59928e+15	6.10338e+15	5.70501e+15	2.49653e+15	1.57957e+15	3.15915e+15	4.73872e+15	6.31829e+15	7.89787e+15	9.71161e+15	1.26592e+16	1.87114e+16	2.98142e+16	3.48255e+16	3.10035e+17	4.53988e+17	1.36928	2.6634	2.6634	2.6634	2.6634	2.6634	2.6634	2.6634	2.72923	3.03689	3.55085	3.91106	4.48667	4.68968	4.68986	
51052.4	6.85896e+17	2.78616e+17	1.21923e+17	7.71418e+16	1.54284e+17	2.31425e+17	3.08567e+17	3.85709e+17	4.62483e+17	5.37464e+17	6.07428e+17	6.68964e+17	7.4002e+17	3.35495e+17	8.59928e+15	6.10137e+15	5.7029e+15	2.4956e+15	1.57899e+15	3.15798e+15	4.73697e+15	6.31595e+15	7.89494e+15	9.70639e+15	1.26512e+16	1.87609e+16	3.01548e+16	3.55571e+16	3.10039e+17	4.53988e+17	1.3698	2.62278	2.62278	2.62278	2.62278	2.62278	2.62278	2.62278	2.68736	2.99046	3.50218	3.86657	4.46566	4.68963	4.68986	
51304.6	6.85899e+17	2.7862e+17	1.21925e+17	7.71427e+16	1.54285e+17	2.31428e+17	3.08571e+17	3.85714e+17	4.62492e+17	5.3748e+17	6.07363e+17	6.68454e+17	7.38834e+17	3.35487e+17	8.59928e+15	6.09937e+15	5.70075e+15	2.49466e+15	1.57839e+15	3.15679e+15	4.73518e+15	6.31357e+15	7.89197e+15	9.70084e+15	1.26411e+16	1.88016e+16	3.04747e+16	3.63003e+16	3.10043e+17	4.53988e+17	1.37056	2.58266	2.58266	2.58266	2.58266	2.58266	2.58266	2.58266	2.64595	2.94424	3.45306	3.82098	4.44315	4.68956	4.68986	
51556.2	6.85903e+17	2.78623e+17	1.21926e+17	7.71437e+16	1.54287e+17	2.31431e+17	3.08575e+17	3.85719e+17	4.62501e+17	5.375e+17	6.07313e+17	6.67982e+17	7.37641e+17	3.35478e+17	8.59929e+15	6.09739e+15	5.69858e+15	2.49371e+15	1.57779e+15	3.15559e+15	4.73338e+15	6.31117e+15	7.88896e+15	9.69502e+15	1.26292e+16	1.88334e+16	3.07712e+16	3.70477e+16	3.10048e+17	4.53988e+17	1.37155	2.54332	2.54332	2.54332	2.54332	2.54332	2.54332	2.54332	2.60529	2.89855	3.40386	3.77463	4.41925	4.68948	4.68986	
51808	6.85907e+17	2.78627e+17	1.21928e+17	7.71447e+16	1.54289e+17	2.31434e+17	3.08579e+17	3.85723e+17	4.62511e+17	5.37522e+17	6.07277e+17	6.67546e+17	7.3644e+17	3.35468e+17	8.59929e+15	6.09544e+15	5.69638e+15	2.49275e+15	1.57718e+15	3.15437e+15	4.73155e+15	6.30874e+15	7.88592e+15	9.68893e+15	1.26153e+16	1.88563e+16	3.10447e+16	3.77993e+16	3.10053e+17	4.53988e+17	1.37276	2.50463	2.50463	2.50463	2.50463	2.50463	2.50463	2.50463	2.56525	2.85328	3.35447	3.72742	4.39385	4.68938	4.68986	
52060.2	6.8591e+17	2.7863e+17	1.21929e+17	7.71457e+16	1.54291e+17	2.31437e+17	3.08583e+17	3.85728e+17	4.62521e+17	5.37547e+17	6.07254e+17	6.67147e+17	7.35237e+17	3.35457e+17	8.59929e+15	6.0935e+15	5.69416e+15	2.49178e+15	1.57657e+15	3.15314e+15	4.72971e+15	6.30628e+15	7.88284e+15	9.68257e+15	1.25995e+16	1.88705e+16	3.12945e+16	3.85527e+16	3.10058e+17	4.53988e+17	1.37419	2.46658	2.46658	2.46658	2.46658	2.46658	2.46658	2.46658	2.52582	2.80842	3.30493	3.6794	4.36691	4.68925	4.68986	
52311.8	6.85914e+17	2.78634e+17	1.21931e+17	7.71467e+16	1.54293e+17	2.3144e+17	3.08587e+17	3.85733e+17	4.62532e+17	5.37575e+17	6.07246e+17	6.66789e+17	7.34039e+17	3.35444e+17	8.59929e+15	6.09158e+15	5.69192e+15	2.4908e+15	1.57595e+15	3.1519e+15	4.72785e+15	6.3038e+15	7.87975e+15	9.67599e+15	1.25821e+16	1.88761e+16	3.15192e+16	3.93019e+16	3.10064e+17	4.53988e+17	1.37583	2.42935	2.42935	2.42935	2.42935	2.42935	2.42935	2.42935	2.48719	2.76421	3.2555	3.63084	4.33854	4.6891	4.68986	
52563.6	6.85917e+17	2.78638e+17	1.21933e+17	7.71477e+16	1.54295e+17	2.31443e+17	3.08591e+17	3.85739e+17	4.62543e+17	5.37605e+17	6.0725e+17	6.6647e+17	7.32849e+17	3.35431e+17	8.59929e+15	6.08968e+15	5.68966e+15	2.48981e+15	1.57532e+15	3.15065e+15	4.72597e+15	6.30129e+15	7.87662e+15	9.66918e+15	1.2563e+16	1.88732e+16	3.17191e+16	4.00462e+16	3.10071e+17	4.53988e+17	1.37768	2.39283	2.39283	2.39283	2.39283	2.39283	2.39283	2.39283	2.44926	2.72056	3.2061	3.58167	4.30864	4.68892	4.68986	
52816.5	6.8592e+17	2.78641e+17	1.21934e+17	7.71487e+16	1.54297e+17	2.31446e+17	3.08595e+17	3.85744e+17	4.62554e+17	5.37638e+17	6.07269e+17	6.66191e+17	7.31666e+17	3.35416e+17	8.59929e+15	6.08779e+15	5.68738e+15	2.48881e+15	1.57469e+15	3.14938e+15	4.72407e+15	6.29876e+15	7.87345e+15	9.66213e+15	1.25422e+16	1.88619e+16	3.18944e+16	4.07854e+16	3.10078e+17	4.53989e+17	1.37975	2.35692	2.35692	2.35692	2.35692	2.35692	2.35692	2.35692	2.41191	2.67732	3.15662	3.53179	4.27711	4.68869	4.68986	
53068.2	6.85924e+17	2.78645e+17	1.21936e+17	7.71498e+16	1.543e+17	2.31449e+17	3.08599e+17	3.85749e+17	4.62566e+17	5.37673e+17	6.073e+17	6.65953e+17	7.30507e+17	3.354e+17	8.5993e+15	6.08593e+15	5.68509e+15	2.48781e+15	1.57406e+15	3.14811e+15	4.72217e+15	6.29623e+15	7.87028e+15	9.65493e+15	1.252e+16	1.88425e+16	3.20433e+16	4.151e+16	3.10085e+17	4.53989e+17	1.38201	2.32194	2.32194	2.32194	2.32194	2.32194	2.32194	2.32194	2.3755	2.63494	3.10756	3.48173	4.24424	4.68843	4.68986	
53320.6	6.85927e+17	2.78649e+17	1.21937e+17	7.71508e+16	1.54302e+17	2.31452e+17	3.08603e+17	3.85754e+17	4.62577e+17	5.37711e+17	6.07343e+17	6.65756e+17	7.29366e+17	3.35383e+17	8.5993e+15	6.08409e+15	5.68278e+15	2.4868e+15	1.57342e+15	3.14683e+15	4.72025e+15	6.29367e+15	7.86708e+15	9.64753e+15	1.24963e+16	1.88152e+16	3.2167e+16	4.22228e+16	3.10093e+17	4.53989e+17	1.38447	2.28763	2.28763	2.28763	2.28763	2.28763	2.28763	2.28763	2.33975	2.5931	3.05861	3.43117	4.20978	4.68812	4.68986	
53573.5	6.85931e+17	2.78652e+17	1.21939e+17	7.71518e+16	1.54304e+17	2.31456e+17	3.08607e+17	3.85759e+17	4.6259e+17	5.37751e+17	6.07399e+17	6.656e+17	7.2825e+17	3.35365e+17	8.5993e+15	6.08225e+15	5.68045e+15	2.48578e+15	1.57277e+15	3.14555e+15	4.71832e+15	6.29109e+15	7.86386e+15	9.63995e+15	1.24712e+16	1.87801e+16	3.22652e+16	4.29194e+16	3.10101e+17	4.53989e+17	1.38712	2.25407	2.25407	2.25407	2.25407	2.25407	2.25407	2.25407	2.30473	2.55192	3.00991	3.3803	4.17382	4.68775	4.68986	
53825.4	6.85934e+17	2.78656e+17	1.21941e+17	7.71529e+16	1.54306e+17	2.31459e+17	3.08612e+17	3.85764e+17	4.62602e+17	5.37792e+17	6.07466e+17	6.65484e+17	7.2717e+17	3.35347e+17	8.5993e+15	6.08045e+15	5.67812e+15	2.48476e+15	1.57213e+15	3.14426e+15	4.71639e+15	6.28851e+15	7.86064e+15	9.63227e+15	1.2445e+16	1.87377e+16	3.23374e+16	4.35939e+16	3.1011e+17	4.53989e+17	1.38995	2.22142	2.22142	2.22142	2.22142	2.22142	2.22142	2.22142	2.27064	2.51162	2.96177	3.32944	4.13656	4.68731	4.68986	
54078.2	6.85937e+17	2.7866e+17	1.21942e+17	7.71539e+16	1.54308e+17	2.31462e+17	3.08616e+17	3.8577e+17	4.62614e+17	5.37836e+17	6.07546e+17	6.65409e+17	7.26121e+17	3.35327e+17	8.5993e+15	6.07865e+15	5.67578e+15	2.48373e+15	1.57148e+15	3.14296e+15	4.71444e+15	6.28592e+15	7.8574e+15	9.62442e+15	1.24176e+16	1.8688e+16	3.23846e+16	4.42486e+16	3.10119e+17	4.53989e+17	1.39296	2.18945	2.18945	2.18945	2.18945	2.18945	2.18945	2.18945	2.23723	2.47192	2.91387	3.2783	4.09776	4.68681	4.68986	
54330.4	6.8594e+17	2.78664e+17	1.21944e+17	7.7155e+16	1.5431e+17	2.31465e+17	3.0862e+17	3.85775e+17	4.62627e+17	5.37881e+17	6.07635e+17	6.65374e+17	7.25114e+17	3.35308e+17	8.5993e+15	6.07688e+15	5.67343e+15	2.48271e+15	1.57083e+15	3.14166e+15	4.71249e+15	6.28332e+15	7.85415e+15	9.61648e+15	1.23892e+16	1.86316e+16	3.24066e+16	4.48766e+16	3.10128e+17	4.53989e+17	1.39614	2.15838	2.15838	2.15838	2.15838	2.15838	2.15838	2.15838	2.20472	2.43312	2.86659	3.2273	4.05773	4.68622	4.68986	
54582.8	6.85944e+17	2.78668e+17	1.21946e+17	7.7156e+16	1.54312e+17	2.31468e+17	3.08624e+17	3.8578e+17	4.6264e+17	5.37928e+17	6.07735e+17	6.65379e+17	7.2415e+17	3.35288e+17	8.59931e+15	6.07512e+15	5.67108e+15	2.48168e+15	1.57018e+15	3.14036e+15	4.71054e+15	6.28071e+15	7.85089e+15	9.60844e+15	1.23598e+16	1.85686e+16	3.2404e+16	4.54779e+16	3.10137e+17	4.53989e+17	1.39949	2.12809	2.12809	2.12809	2.12809	2.12809	2.12809	2.12809	2.17299	2.39508	2.8198	3.17632	4.01635	4.68553	4.68986	
54835.7	6.85947e+17	2.78671e+17	1.21947e+17	7.71571e+16	1.54314e+17	2.31471e+17	3.08628e+17	3.85785e+17	4.62653e+17	5.37976e+17	6.07846e+17	6.65422e+17	7.23231e+17	3.35268e+17	8.59931e+15	6.07337e+15	5.66872e+15	2.48065e+15	1.56952e+15	3.13905e+15	4.70857e+15	6.2781e+15	7.84762e+15	9.6003e+15	1.23295e+16	1.84992e+16	3.23771e+16	4.60507e+16	3.10146e+17	4.53989e+17	1.403	2.09856	2.09856	2.09856	2.09856	2.09856	2.09856	2.09856	2.14204	2.35779	2.77351	3.12539	3.97364	4.68474	4.68986	
55088.2	6.8595e+17	2.78675e+17	1.21949e+17	7.71581e+16	1.54316e+17	2.31474e+17	3.08633e+17	3.85791e+17	4.62666e+17	5.38025e+17	6.07965e+17	6.65503e+17	7.22364e+17	3.35249e+17	8.59931e+15	6.07165e+15	5.66636e+15	2.47961e+15	1.56887e+15	3.13774e+15	4.70661e+15	6.27548e+15	7.84436e+15	9.59209e+15	1.22984e+16	1.84241e+16	3.23267e+16	4.65911e+16	3.10155e+17	4.53989e+17	1.40667	2.06987	2.06987	2.06987	2.06987	2.06987	2.06987	2.06987	2.11194	2.32139	2.72791	3.07476	3.9298	4.68384	4.68986	
55341.2	6.85953e+17	2.78679e+17	1.21951e+17	7.71592e+16	1.54318e+17	2.31478e+17	3.08637e+17	3.85796e+17	4.62679e+17	5.38076e+17	6.08093e+17	6.6562e+17	7.2155e+17	3.3523e+17	8.59931e+15	6.06993e+15	5.66399e+15	2.47858e+15	1.56822e+15	3.13643e+15	4.70465e+15	6.27286e+15	7.84108e+15	9.58382e+15	1.22666e+16	1.83433e+16	3.22531e+16	4.70987e+16	3.10163e+17	4.53989e+17	1.41048	2.04195	2.04195	2.04195	2.04195	2.04195	2.04195	2.04195	2.08263	2.28578	2.68292	3.02434	3.88477	4.6828	4.68986	
55594.2	6.85956e+17	2.78683e+17	1.21952e+17	7.71603e+16	1.54321e+17	2.31481e+17	3.08641e+17	3.85801e+17	4.62693e+17	5.38127e+17	6.0823e+17	6.65774e+17	7.20792e+17	3.35213e+17	8.59931e+15	6.06823e+15	5.66162e+15	2.47754e+15	1.56756e+15	3.13512e+15	4.70268e+15	6.27024e+15	7.8378e+15	9.57551e+15	1.22342e+16	1.82573e+16	3.21572e+16	4.7571e+16	3.10171e+17	4.5399e+17	1.41445	2.01483	2.01483	2.01483	2.01483	2.01483	2.01483	2.01483	2.05413	2.25101	2.63861	2.97427	3.83865	4.68162	4.68986	
55846.6	6.85959e+17	2.78687e+17	1.21954e+17	7.71613e+16	1.54323e+17	2.31484e+17	3.08645e+17	3.85807e+17	4.62706e+17	5.38179e+17	6.08374e+17	6.65961e+17	7.20095e+17	3.35198e+17	8.59932e+15	6.06655e+15	5.65926e+15	2.47651e+15	1.56691e+15	3.13381e+15	4.70072e+15	6.26763e+15	7.83453e+15	9.56718e+15	1.22013e+16	1.81667e+16	3.204e+16	4.80051e+16	3.10177e+17	4.5399e+17	1.41853	1.98858	1.98858	1.98858	1.98858	1.98858	1.98858	1.98858	2.02653	2.2172	2.59518	2.92477	3.79168	4.68028	4.68986	
56099.9	6.85962e+17	2.78691e+17	1.21956e+17	7.71624e+16	1.54325e+17	2.31487e+17	3.0865e+17	3.85812e+17	4.62719e+17	5.38232e+17	6.08525e+17	6.66182e+17	7.19457e+17	3.35186e+17	8.59932e+15	6.06488e+15	5.6569e+15	2.47547e+15	1.56625e+15	3.1325e+15	4.69876e+15	6.26501e+15	7.83126e+15	9.55881e+15	1.21679e+16	1.80714e+16	3.19017e+16	4.84023e+16	3.10183e+17	4.5399e+17	1.42276	1.96305	1.96305	1.96305	1.96305	1.96305	1.96305	1.96305	1.99966	2.18416	2.55238	2.8756	3.74365	4.67877	4.68986	
56352.8	6.85965e+17	2.78694e+17	1.21957e+17	7.71634e+16	1.54327e+17	2.3149e+17	3.08654e+17	3.85817e+17	4.62733e+17	5.38286e+17	6.08683e+17	6.66434e+17	7.18883e+17	3.35176e+17	8.59932e+15	6.06323e+15	5.65454e+15	2.47444e+15	1.5656e+15	3.1312e+15	4.69679e+15	6.26239e+15	7.82799e+15	9.55044e+15	1.21341e+16	1.7972e+16	3.17436e+16	4.87593e+16	3.10187e+17	4.5399e+17	1.42711	1.93834	1.93834	1.93834	1.93834	1.93834	1.93834	1.93834	1.97364	2.15204	2.51045	2.82706	3.69485	4.67707	4.68986	
56605.1	6.85968e+17	2.78698e+17	1.21959e+17	7.71645e+16	1.54329e+17	2.31493e+17	3.08658e+17	3.85822e+17	4.62746e+17	5.3834e+17	6.08846e+17	6.66716e+17	7.18376e+17	3.35171e+17	8.59932e+15	6.06159e+15	5.65219e+15	2.47341e+15	1.56495e+15	3.12989e+15	4.69484e+15	6.25979e+15	7.82474e+15	9.5421e+15	1.21002e+16	1.78691e+16	3.1567e+16	4.90749e+16	3.10189e+17	4.5399e+17	1.43156	1.91449	1.91449	1.91449	1.91449	1.91449	1.91449	1.91449	1.94849	2.12088	2.46947	2.77925	3.64545	4.67516	4.68986	
56855.2	6.85971e+17	2.78702e+17	1.21961e+17	7.71655e+16	1.54331e+17	2.31497e+17	3.08662e+17	3.85828e+17	4.62759e+17	5.38394e+17	6.09013e+17	6.67024e+17	7.17939e+17	3.3517e+17	8.59933e+15	6.05999e+15	5.64986e+15	2.47239e+15	1.5643e+15	3.12861e+15	4.69291e+15	6.25722e+15	7.82152e+15	9.53385e+15	1.20663e+16	1.77637e+16	3.13743e+16	4.9347e+16	3.10188e+17	4.5399e+17	1.43608	1.89161	1.89161	1.89161	1.89161	1.89161	1.89161	1.89161	1.92437	2.09088	2.42971	2.73254	3.59585	4.67305	4.68986	
57107.7	6.85974e+17	2.78706e+17	1.21962e+17	7.71666e+16	1.54333e+17	2.315e+17	3.08666e+17	3.85833e+17	4.62772e+17	5.38448e+17	6.09187e+17	6.67362e+17	7.17565e+17	3.35174e+17	8.59933e+15	6.05837e+15	5.64752e+15	2.47137e+15	1.56366e+15	3.12731e+15	4.69097e+15	6.25462e+15	7.81828e+15	9.52554e+15	1.2032e+16	1.76543e+16	3.11628e+16	4.95801e+16	3.10186e+17	4.53991e+17	1.44075	1.86927	1.86927	1.86927	1.86927	1.86927	1.86927	1.86927	1.90079	2.06146	2.39044	2.68607	3.54519	4.67067	4.68986	
57360.4	6.85977e+17	2.78709e+17	1.21964e+17	7.71676e+16	1.54335e+17	2.31503e+17	3.0867e+17	3.85838e+17	4.62786e+17	5.38503e+17	6.09365e+17	6.67725e+17	7.17255e+17	3.35183e+17	8.59933e+15	6.05677e+15	5.64518e+15	2.47035e+15	1.56301e+15	3.12602e+15	4.68903e+15	6.25203e+15	7.81504e+15	9.51726e+15	1.19976e+16	1.75421e+16	3.09351e+16	4.97705e+16	3.10178e+17	4.53991e+17	1.44553	1.84769	1.84769	1.84769	1.84769	1.84769	1.84769	1.84769	1.87799	2.03291	2.35205	2.64035	3.49411	4.66804	4.68986	
57614.1	6.8598e+17	2.78713e+17	1.21966e+17	7.71687e+16	1.54337e+17	2.31506e+17	3.08675e+17	3.85843e+17	4.62799e+17	5.38557e+17	6.09548e+17	6.68114e+17	7.17013e+17	3.35199e+17	8.59934e+15	6.05518e+15	5.64284e+15	2.46932e+15	1.56236e+15	3.12472e+15	4.68708e+15	6.24944e+15	7.8118e+15	9.50899e+15	1.19631e+16	1.74271e+16	3.06914e+16	4.99183e+16	3.10166e+17	4.53991e+17	1.45042	1.82677	1.82677	1.82677	1.82677	1.82677	1.82677	1.82677	1.85588	2.00513	2.31444	2.59527	3.44266	4.66513	4.68986	
57866.6	6.85983e+17	2.78717e+17	1.21967e+17	7.71697e+16	1.54339e+17	2.31509e+17	3.08679e+17	3.85848e+17	4.62812e+17	5.38612e+17	6.09733e+17	6.68523e+17	7.16841e+17	3.35223e+17	8.59934e+15	6.05361e+15	5.64053e+15	2.46831e+15	1.56172e+15	3.12344e+15	4.68516e+15	6.24688e+15	7.8086e+15	9.50081e+15	1.19287e+16	1.73106e+16	3.0435e+16	5.00228e+16	3.10151e+17	4.53991e+17	1.45538	1.8067	1.8067	1.8067	1.8067	1.8067	1.8067	1.8067	1.83466	1.97837	2.27796	2.55126	3.3914	4.66196	4.68986	
58116.8	6.85986e+17	2.78721e+17	1.21969e+17	7.71707e+16	1.54341e+17	2.31512e+17	3.08683e+17	3.85854e+17	4.62825e+17	5.38666e+17	6.09919e+17	6.68949e+17	7.16737e+17	3.35255e+17	8.59935e+15	6.05206e+15	5.63824e+15	2.46731e+15	1.56109e+15	3.12217e+15	4.68326e+15	6.24434e+15	7.80543e+15	9.49277e+15	1.18948e+16	1.71934e+16	3.01681e+16	5.00851e+16	3.10131e+17	4.53991e+17	1.46038	1.78754	1.78754	1.78754	1.78754	1.78754	1.78754	1.78754	1.81438	1.95271	2.24275	2.50853	3.34061	4.65852	4.68986	
58369.5	6.85989e+17	2.78724e+17	1.21971e+17	7.71717e+16	1.54343e+17	2.31515e+17	3.08687e+17	3.85859e+17	4.62838e+17	5.3872e+17	6.10108e+17	6.69398e+17	7.16697e+17	3.35298e+17	8.59935e+15	6.05051e+15	5.63594e+15	2.4663e+15	1.56045e+15	3.1209e+15	4.68134e+15	6.24179e+15	7.80224e+15	9.48471e+15	1.18608e+16	1.70737e+16	2.98867e+16	5.0107e+16	3.10107e+17	4.53992e+17	1.4655	1.76891	1.76891	1.76891	1.76891	1.76891	1.76891	1.76891	1.79464	1.92766	2.20815	2.46629	3.28942	4.65475	4.68986	
58622.3	6.85992e+17	2.78728e+17	1.21972e+17	7.71728e+16	1.54346e+17	2.31518e+17	3.08691e+17	3.85864e+17	4.6285e+17	5.38773e+17	6.103e+17	6.69864e+17	7.16723e+17	3.35352e+17	8.59936e+15	6.04897e+15	5.63364e+15	2.4653e+15	1.55981e+15	3.11963e+15	4.67944e+15	6.23925e+15	7.79907e+15	9.47672e+15	1.18269e+16	1.69528e+16	2.95943e+16	5.00887e+16	3.10078e+17	4.53992e+17	1.47071	1.75097	1.75097	1.75097	1.75097	1.75097	1.75097	1.75097	1.77564	1.90346	2.1745	2.42498	3.23837	4.65065	4.68986	
58875.7	6.85995e+17	2.78732e+17	1.21974e+17	7.71738e+16	1.54348e+17	2.31521e+17	3.08695e+17	3.85869e+17	4.62863e+17	5.38827e+17	6.10494e+17	6.70347e+17	7.16813e+17	3.35417e+17	8.59936e+15	6.04744e+15	5.63135e+15	2.4643e+15	1.55918e+15	3.11836e+15	4.67754e+15	6.23672e+15	7.7959e+15	9.46879e+15	1.17933e+16	1.68308e+16	2.92912e+16	5.00308e+16	3.10043e+17	4.53992e+17	1.476	1.73369	1.73369	1.73369	1.73369	1.73369	1.73369	1.73369	1.75732	1.88005	2.14174	2.38455	3.18744	4.6462	4.68986	
59128.7	6.85997e+17	2.78735e+17	1.21975e+17	7.71748e+16	1.5435e+17	2.31524e+17	3.08699e+17	3.85874e+17	4.62876e+17	5.38879e+17	6.10688e+17	6.70844e+17	7.16964e+17	3.35496e+17	8.59936e+15	6.04592e+15	5.62908e+15	2.4633e+15	1.55855e+15	3.1171e+15	4.67565e+15	6.2342e+15	7.79275e+15	9.46096e+15	1.176e+16	1.67084e+16	2.89798e+16	4.99347e+16	3.10002e+17	4.53992e+17	1.48135	1.71713	1.71713	1.71713	1.71713	1.71713	1.71713	1.71713	1.73975	1.85753	2.11002	2.34519	3.13693	4.6414	4.68986	
59379.1	6.86e+17	2.78739e+17	1.21977e+17	7.71758e+16	1.54352e+17	2.31527e+17	3.08703e+17	3.85879e+17	4.62888e+17	5.38931e+17	6.1088e+17	6.71347e+17	7.17172e+17	3.35588e+17	8.59937e+15	6.04442e+15	5.62685e+15	2.46232e+15	1.55793e+15	3.11586e+15	4.67379e+15	6.23173e+15	7.78966e+15	9.45331e+15	1.17274e+16	1.65871e+16	2.8664e+16	4.98031e+16	3.09955e+17	4.53992e+17	1.4867	1.70141	1.70141	1.70141	1.70141	1.70141	1.70141	1.70141	1.72306	1.83607	2.07961	2.30726	3.08734	4.63629	4.68986	
59631.9	6.86003e+17	2.78743e+17	1.21979e+17	7.71768e+16	1.54354e+17	2.3153e+17	3.08707e+17	3.85884e+17	4.629e+17	5.38983e+17	6.11075e+17	6.71866e+17	7.1744e+17	3.35695e+17	8.59937e+15	6.04292e+15	5.6246e+15	2.46134e+15	1.55731e+15	3.11462e+15	4.67193e+15	6.22924e+15	7.78655e+15	9.44567e+15	1.16949e+16	1.64645e+16	2.83382e+16	4.96346e+16	3.099e+17	4.53993e+17	1.49217	1.6862	1.6862	1.6862	1.6862	1.6862	1.6862	1.6862	1.70689	1.81521	2.04986	2.26997	3.03771	4.63074	4.68986	
59882.1	6.86006e+17	2.78746e+17	1.2198e+17	7.71778e+16	1.54356e+17	2.31533e+17	3.08711e+17	3.85889e+17	4.62912e+17	5.39033e+17	6.11267e+17	6.72389e+17	7.17759e+17	3.35817e+17	8.59937e+15	6.04145e+15	5.62239e+15	2.46037e+15	1.5567e+15	3.11339e+15	4.67009e+15	6.22679e+15	7.78349e+15	9.43821e+15	1.16632e+16	1.63434e+16	2.80099e+16	4.94339e+16	3.09838e+17	4.53993e+17	1.49764	1.67178	1.67178	1.67178	1.67178	1.67178	1.67178	1.67178	1.69156	1.79537	2.02139	2.2341	2.98913	4.62485	4.68986	
60135.3	6.86008e+17	2.7875e+17	1.21982e+17	7.71788e+16	1.54358e+17	2.31536e+17	3.08715e+17	3.85894e+17	4.62924e+17	5.39083e+17	6.1146e+17	6.72926e+17	7.18135e+17	3.35957e+17	8.59938e+15	6.03997e+15	5.62017e+15	2.4594e+15	1.55608e+15	3.11216e+15	4.66825e+15	6.22433e+15	7.78041e+15	9.43076e+15	1.16316e+16	1.62214e+16	2.76729e+16	4.9198e+16	3.09768e+17	4.53993e+17	1.50322	1.65783	1.65783	1.65783	1.65783	1.65783	1.65783	1.65783	1.67672	1.77609	1.99356	2.19887	2.94056	4.61849	4.68986	
60385.4	6.86011e+17	2.78753e+17	1.21983e+17	7.71798e+16	1.5436e+17	2.31539e+17	3.08719e+17	3.85899e+17	4.62935e+17	5.39132e+17	6.1165e+17	6.73463e+17	7.18557e+17	3.36114e+17	8.59938e+15	6.03852e+15	5.61798e+15	2.45844e+15	1.55548e+15	3.11095e+15	4.66643e+15	6.22191e+15	7.77739e+15	9.4235e+15	1.16008e+16	1.61014e+16	2.73358e+16	4.89337e+16	3.0969e+17	4.53993e+17	1.50879	1.64465	1.64465	1.64465	1.64465	1.64465	1.64465	1.64465	1.6627	1.75781	1.967	2.16511	2.89321	4.61179	4.68986	
60638.5	6.86014e+17	2.78757e+17	1.21985e+17	7.71808e+16	1.54362e+17	2.31542e+17	3.08723e+17	3.85904e+17	4.62947e+17	5.3918e+17	6.11841e+17	6.74011e+17	7.19031e+17	3.36291e+17	8.59938e+15	6.03705e+15	5.61579e+15	2.45748e+15	1.55487e+15	3.10974e+15	4.66461e+15	6.21948e+15	7.77435e+15	9.41628e+15	1.15702e+16	1.5981e+16	2.69916e+16	4.86364e+16	3.09601e+17	4.53993e+17	1.51447	1.63193	1.63193	1.63193	1.63193	1.63193	1.63193	1.63193	1.64915	1.74009	1.9411	2.13201	2.84601	4.60457	4.68986	
60888.5	6.86016e+17	2.7876e+17	1.21986e+17	7.71817e+16	1.54363e+17	2.31545e+17	3.08727e+17	3.85909e+17	4.62958e+17	5.39228e+17	6.12029e+17	6.74556e+17	7.19545e+17	3.36486e+17	8.59939e+15	6.03562e+15	5.61363e+15	2.45654e+15	1.55427e+15	3.10855e+15	4.66282e+15	6.21709e+15	7.77136e+15	9.40924e+15	1.15405e+16	1.5863e+16	2.66493e+16	4.83146e+16	3.09505e+17	4.53993e+17	1.52013	1.61995	1.61995	1.61995	1.61995	1.61995	1.61995	1.61995	1.63638	1.72333	1.91644	2.10037	2.80012	4.597	4.68986	
61138.5	6.86019e+17	2.78764e+17	1.21988e+17	7.71827e+16	1.54365e+17	2.31548e+17	3.08731e+17	3.85913e+17	4.62969e+17	5.39274e+17	6.12214e+17	6.75103e+17	7.20102e+17	3.36702e+17	8.59939e+15	6.03419e+15	5.61149e+15	2.4556e+15	1.55368e+15	3.10736e+15	4.66104e+15	6.21472e+15	7.7684e+15	9.40232e+15	1.15114e+16	1.57462e+16	2.63054e+16	4.79665e+16	3.09398e+17	4.53994e+17	1.52583	1.60855	1.60855	1.60855	1.60855	1.60855	1.60855	1.60855	1.6242	1.7073	1.8927	2.06978	2.755	4.58897	4.68986	
61388.6	6.86022e+17	2.78767e+17	1.21989e+17	7.71836e+16	1.54367e+17	2.31551e+17	3.08735e+17	3.85918e+17	4.6298e+17	5.39319e+17	6.12397e+17	6.75652e+17	7.20698e+17	3.36939e+17	8.59939e+15	6.03277e+15	5.60936e+15	2.45467e+15	1.55309e+15	3.10618e+15	4.65927e+15	6.21237e+15	7.76546e+15	9.39551e+15	1.14829e+16	1.56307e+16	2.59606e+16	4.75934e+16	3.09281e+17	4.53994e+17	1.53156	1.59769	1.59769	1.59769	1.59769	1.59769	1.59769	1.59769	1.61261	1.69197	1.86987	2.04022	2.71069	4.58049	4.68986	
61638.8	6.86024e+17	2.78771e+17	1.21991e+17	7.71846e+16	1.54369e+17	2.31554e+17	3.08738e+17	3.85923e+17	4.62991e+17	5.39363e+17	6.12577e+17	6.76201e+17	7.21332e+17	3.37199e+17	8.59939e+15	6.03136e+15	5.60725e+15	2.45375e+15	1.55251e+15	3.10501e+15	4.65752e+15	6.21002e+15	7.76253e+15	9.38881e+15	1.14549e+16	1.55167e+16	2.56157e+16	4.71968e+16	3.09153e+17	4.53994e+17	1.53734	1.58738	1.58738	1.58738	1.58738	1.58738	1.58738	1.58738	1.60159	1.67734	1.84792	2.01168	2.66721	4.57154	4.68986	
61889.4	6.86027e+17	2.78774e+17	1.21992e+17	7.71855e+16	1.54371e+17	2.31557e+17	3.08742e+17	3.85928e+17	4.63001e+17	5.39407e+17	6.12756e+17	6.76749e+17	7.22002e+17	3.37483e+17	8.5994e+15	6.02996e+15	5.60515e+15	2.45283e+15	1.55192e+15	3.10385e+15	4.65577e+15	6.2077e+15	7.75962e+15	9.38221e+15	1.14275e+16	1.54042e+16	2.52709e+16	4.67781e+16	3.09014e+17	4.53994e+17	1.54316	1.57759	1.57759	1.57759	1.57759	1.57759	1.57759	1.57759	1.59112	1.66337	1.82684	1.98415	2.62457	4.5621	4.68986	
62142.4	6.8603e+17	2.78778e+17	1.21994e+17	7.71865e+16	1.54373e+17	2.31559e+17	3.08746e+17	3.85932e+17	4.63012e+17	5.3945e+17	6.12933e+17	6.77301e+17	7.22711e+17	3.37795e+17	8.5994e+15	6.02854e+15	5.60304e+15	2.45191e+15	1.55134e+15	3.10268e+15	4.65402e+15	6.20536e+15	7.75671e+15	9.37567e+15	1.14004e+16	1.52924e+16	2.4924e+16	4.63344e+16	3.08861e+17	4.53994e+17	1.54907	1.56823	1.56823	1.56823	1.56823	1.56823	1.56823	1.56823	1.58109	1.64995	1.80643	1.95738	2.58243	4.55207	4.68986	
62393.3	6.86032e+17	2.78781e+17	1.21995e+17	7.71874e+16	1.54375e+17	2.31562e+17	3.0875e+17	3.85937e+17	4.63022e+17	5.39491e+17	6.13106e+17	6.77845e+17	7.23444e+17	3.3813e+17	8.5994e+15	6.02715e+15	5.60097e+15	2.451e+15	1.55077e+15	3.10153e+15	4.6523e+15	6.20307e+15	7.75384e+15	9.3693e+15	1.13742e+16	1.51834e+16	2.4582e+16	4.58759e+16	3.08696e+17	4.53994e+17	1.55496	1.55947	1.55947	1.55947	1.55947	1.55947	1.55947	1.55947	1.5717	1.6373	1.78707	1.93187	2.54162	4.54164	4.68986	
62646.7	6.86035e+17	2.78784e+17	1.21997e+17	7.71883e+16	1.54377e+17	2.31565e+17	3.08753e+17	3.85942e+17	4.63032e+17	5.39532e+17	6.13277e+17	6.7839e+17	7.24212e+17	3.38495e+17	8.5994e+15	6.02576e+15	5.59889e+15	2.45009e+15	1.55019e+15	3.10038e+15	4.65057e+15	6.20077e+15	7.75096e+15	9.36298e+15	1.13484e+16	1.50753e+16	2.42391e+16	4.53954e+16	3.08518e+17	4.53994e+17	1.56093	1.55112	1.55112	1.55112	1.55112	1.55112	1.55112	1.55112	1.56273	1.62518	1.76837	1.90712	2.50137	4.53059	4.68986	
62897.1	6.86037e+17	2.78788e+17	1.21998e+17	7.71892e+16	1.54378e+17	2.31568e+17	3.08757e+17	3.85946e+17	4.63042e+17	5.39572e+17	6.13443e+17	6.78924e+17	7.24996e+17	3.38883e+17	8.5994e+15	6.02438e+15	5.59685e+15	2.4492e+15	1.54963e+15	3.09925e+15	4.64888e+15	6.19851e+15	7.74814e+15	9.35686e+15	1.13236e+16	1.49707e+16	2.39033e+16	4.49049e+16	3.08328e+17	4.53994e+17	1.56687	1.54335	1.54335	1.54335	1.54335	1.54335	1.54335	1.54335	1.55439	1.61384	1.75073	1.88367	2.46259	4.51918	4.68986	
63147.4	6.8604e+17	2.78791e+17	1.22e+17	7.71901e+16	1.5438e+17	2.3157e+17	3.08761e+17	3.85951e+17	4.63052e+17	5.3961e+17	6.13605e+17	6.79452e+17	7.25802e+17	3.393e+17	8.5994e+15	6.02302e+15	5.59483e+15	2.44831e+15	1.54907e+15	3.09813e+15	4.6472e+15	6.19627e+15	7.74534e+15	9.35085e+15	1.12994e+16	1.48682e+16	2.35711e+16	4.44005e+16	3.08124e+17	4.53994e+17	1.57283	1.53606	1.53606	1.53606	1.53606	1.53606	1.53606	1.53606	1.54654	1.6031	1.7339	1.8612	2.42482	4.50727	4.68986	
63397.9	6.86042e+17	2.78794e+17	1.22001e+17	7.7191e+16	1.54382e+17	2.31573e+17	3.08764e+17	3.85955e+17	4.63061e+17	5.39648e+17	6.13764e+17	6.79974e+17	7.26629e+17	3.39745e+17	8.59941e+15	6.02166e+15	5.59282e+15	2.44743e+15	1.54851e+15	3.09702e+15	4.64553e+15	6.19404e+15	7.74256e+15	9.34495e+15	1.12758e+16	1.47678e+16	2.32427e+16	4.38831e+16	3.07907e+17	4.53994e+17	1.57881	1.52923	1.52923	1.52923	1.52923	1.52923	1.52923	1.52923	1.53917	1.59296	1.71786	1.83967	2.38804	4.49486	4.68986	
63648.5	6.86045e+17	2.78797e+17	1.22002e+17	7.71919e+16	1.54384e+17	2.31576e+17	3.08768e+17	3.8596e+17	4.6307e+17	5.39684e+17	6.1392e+17	6.80489e+17	7.27474e+17	3.4022e+17	8.59941e+15	6.0203e+15	5.59083e+15	2.44656e+15	1.54796e+15	3.09592e+15	4.64388e+15	6.19184e+15	7.7398e+15	9.33916e+15	1.12528e+16	1.46697e+16	2.29185e+16	4.33544e+16	3.07675e+17	4.53995e+17	1.58482	1.52283	1.52283	1.52283	1.52283	1.52283	1.52283	1.52283	1.53226	1.58338	1.7026	1.81909	2.35226	4.48193	4.68986	
63899	6.86047e+17	2.78801e+17	1.22004e+17	7.71928e+16	1.54386e+17	2.31578e+17	3.08771e+17	3.85964e+17	4.63079e+17	5.3972e+17	6.14071e+17	6.80996e+17	7.28333e+17	3.40725e+17	8.59941e+15	6.01896e+15	5.58885e+15	2.4457e+15	1.54741e+15	3.09482e+15	4.64224e+15	6.18965e+15	7.73706e+15	9.3335e+15	1.12305e+16	1.4574e+16	2.25994e+16	4.28163e+16	3.07428e+17	4.53995e+17	1.59085	1.51688	1.51688	1.51688	1.51688	1.51688	1.51688	1.51688	1.52582	1.57439	1.6881	1.79945	2.31753	4.46851	4.68986	
64149.7	6.8605e+17	2.78804e+17	1.22005e+17	7.71937e+16	1.54387e+17	2.31581e+17	3.08775e+17	3.85968e+17	4.63088e+17	5.39754e+17	6.14219e+17	6.81495e+17	7.29207e+17	3.41261e+17	8.59941e+15	6.01762e+15	5.58689e+15	2.44484e+15	1.54687e+15	3.09374e+15	4.64061e+15	6.18747e+15	7.73434e+15	9.32793e+15	1.12088e+16	1.44805e+16	2.22851e+16	4.22691e+16	3.07167e+17	4.53995e+17	1.59691	1.51134	1.51134	1.51134	1.51134	1.51134	1.51134	1.51134	1.51981	1.56593	1.67434	1.7807	2.2838	4.45458	4.68986	
64400.3	6.86052e+17	2.78807e+17	1.22007e+17	7.71946e+16	1.54389e+17	2.31584e+17	3.08778e+17	3.85973e+17	4.63097e+17	5.39787e+17	6.14364e+17	6.81985e+17	7.30092e+17	3.41829e+17	8.59941e+15	6.01628e+15	5.58494e+15	2.44399e+15	1.54633e+15	3.09266e+15	4.63899e+15	6.18532e+15	7.73165e+15	9.32248e+15	1.11878e+16	1.43895e+16	2.19764e+16	4.1715e+16	3.06889e+17	4.53995e+17	1.60298	1.50622	1.50622	1.50622	1.50622	1.50622	1.50622	1.50622	1.51424	1.55801	1.66131	1.76285	2.25111	4.44015	4.68986	
64651	6.86055e+17	2.7881e+17	1.22008e+17	7.71954e+16	1.54391e+17	2.31586e+17	3.08782e+17	3.85977e+17	4.63106e+17	5.3982e+17	6.14504e+17	6.82466e+17	7.30986e+17	3.42429e+17	8.59941e+15	6.01496e+15	5.58301e+15	2.44314e+15	1.5458e+15	3.09159e+15	4.63739e+15	6.18318e+15	7.72898e+15	9.31714e+15	1.11673e+16	1.43009e+16	2.16734e+16	4.11549e+16	3.06596e+17	4.53995e+17	1.60907	1.50149	1.50149	1.50149	1.50149	1.50149	1.50149	1.50149	1.50909	1.5506	1.64899	1.74587	2.21944	4.42522	4.68986	
64901.7	6.86057e+17	2.78813e+17	1.22009e+17	7.71963e+16	1.54393e+17	2.31589e+17	3.08785e+17	3.85981e+17	4.63114e+17	5.39851e+17	6.1464e+17	6.82938e+17	7.31887e+17	3.43062e+17	8.59941e+15	6.01364e+15	5.5811e+15	2.4423e+15	1.54526e+15	3.09053e+15	4.63579e+15	6.18106e+15	7.72632e+15	9.3119e+15	1.11475e+16	1.42147e+16	2.13764e+16	4.05902e+16	3.06287e+17	4.53995e+17	1.61517	1.49715	1.49715	1.49715	1.49715	1.49715	1.49715	1.49715	1.50435	1.54371	1.63736	1.72975	2.1888	4.40981	4.68986	
65152.5	6.8606e+17	2.78816e+17	1.22011e+17	7.71971e+16	1.54394e+17	2.31591e+17	3.08789e+17	3.85986e+17	4.63122e+17	5.39882e+17	6.14773e+17	6.834e+17	7.32795e+17	3.43728e+17	8.59941e+15	6.01232e+15	5.5792e+15	2.44147e+15	1.54474e+15	3.08948e+15	4.63422e+15	6.17895e+15	7.72369e+15	9.30677e+15	1.11283e+16	1.41309e+16	2.10855e+16	4.00217e+16	3.05962e+17	4.53995e+17	1.62129	1.49319	1.49319	1.49319	1.49319	1.49319	1.49319	1.49319	1.5	1.5373	1.62639	1.71445	2.15916	4.3939	4.68986	
65403.5	6.86062e+17	2.78819e+17	1.22012e+17	7.7198e+16	1.54396e+17	2.31594e+17	3.08792e+17	3.8599e+17	4.6313e+17	5.39911e+17	6.14902e+17	6.83851e+17	7.33706e+17	3.44428e+17	8.59942e+15	6.01101e+15	5.57731e+15	2.44065e+15	1.54422e+15	3.08843e+15	4.63265e+15	6.17686e+15	7.72108e+15	9.30174e+15	1.11097e+16	1.40496e+16	2.0801e+16	3.94505e+16	3.0562e+17	4.53995e+17	1.62743	1.4896	1.4896	1.4896	1.4896	1.4896	1.4896	1.4896	1.49603	1.53136	1.61608	1.69996	2.13052	4.37751	4.68986	
65654.2	6.86065e+17	2.78822e+17	1.22013e+17	7.71988e+16	1.54398e+17	2.31596e+17	3.08795e+17	3.85994e+17	4.63138e+17	5.3994e+17	6.15027e+17	6.84292e+17	7.34618e+17	3.45162e+17	8.59942e+15	6.00971e+15	5.57544e+15	2.43983e+15	1.5437e+15	3.0874e+15	4.6311e+15	6.17479e+15	7.71849e+15	9.29682e+15	1.10916e+16	1.39707e+16	2.05233e+16	3.88786e+16	3.05261e+17	4.53995e+17	1.63358	1.48637	1.48637	1.48637	1.48637	1.48637	1.48637	1.48637	1.49244	1.5259	1.60641	1.68628	2.10291	4.36067	4.68986	
65905.2	6.86067e+17	2.78825e+17	1.22015e+17	7.71997e+16	1.54399e+17	2.31599e+17	3.08799e+17	3.85998e+17	4.63146e+17	5.39968e+17	6.15148e+17	6.84722e+17	7.35531e+17	3.45931e+17	8.59942e+15	6.00841e+15	5.57359e+15	2.43902e+15	1.54318e+15	3.08637e+15	4.62955e+15	6.17274e+15	7.71592e+15	9.29199e+15	1.10742e+16	1.38943e+16	2.02521e+16	3.83058e+16	3.04885e+17	4.53995e+17	1.63975	1.48347	1.48347	1.48347	1.48347	1.48347	1.48347	1.48347	1.48922	1.52088	1.59736	1.67335	2.07626	4.34334	4.68986	
66156.2	6.8607e+17	2.78828e+17	1.22016e+17	7.72005e+16	1.54401e+17	2.31601e+17	3.08802e+17	3.86002e+17	4.63154e+17	5.39995e+17	6.15265e+17	6.85141e+17	7.36443e+17	3.46734e+17	8.59942e+15	6.00712e+15	5.57175e+15	2.43821e+15	1.54268e+15	3.08535e+15	4.62803e+15	6.1707e+15	7.71338e+15	9.28726e+15	1.10573e+16	1.38202e+16	1.99879e+16	3.77338e+16	3.04492e+17	4.53995e+17	1.64592	1.48092	1.48092	1.48092	1.48092	1.48092	1.48092	1.48092	1.48634	1.51629	1.5889	1.66119	2.05061	4.32558	4.68986	
66407.3	6.86072e+17	2.78831e+17	1.22017e+17	7.72013e+16	1.54403e+17	2.31604e+17	3.08805e+17	3.86006e+17	4.63161e+17	5.40021e+17	6.15379e+17	6.85549e+17	7.37352e+17	3.47572e+17	8.59942e+15	6.00584e+15	5.56992e+15	2.43741e+15	1.54217e+15	3.08434e+15	4.62651e+15	6.16868e+15	7.71085e+15	9.28262e+15	1.1041e+16	1.37485e+16	1.97306e+16	3.71632e+16	3.04082e+17	4.53995e+17	1.6521	1.47869	1.47869	1.47869	1.47869	1.47869	1.47869	1.47869	1.48381	1.51212	1.58103	1.64975	2.02591	4.30736	4.68986	
66658.3	6.86074e+17	2.78834e+17	1.22019e+17	7.72021e+16	1.54404e+17	2.31606e+17	3.08808e+17	3.86011e+17	4.63168e+17	5.40046e+17	6.15489e+17	6.85946e+17	7.38257e+17	3.48445e+17	8.59942e+15	6.00456e+15	5.56811e+15	2.43662e+15	1.54167e+15	3.08334e+15	4.62501e+15	6.16668e+15	7.70835e+15	9.27809e+15	1.10252e+16	1.36793e+16	1.94804e+16	3.65952e+16	3.03654e+17	4.53995e+17	1.6583	1.47678	1.47678	1.47678	1.47678	1.47678	1.47678	1.47678	1.48161	1.50837	1.57373	1.63902	2.00217	4.28873	4.68986	
66909.4	6.86077e+17	2.78837e+17	1.2202e+17	7.72029e+16	1.54406e+17	2.31609e+17	3.08812e+17	3.86015e+17	4.63175e+17	5.4007e+17	6.15595e+17	6.86332e+17	7.39157e+17	3.49354e+17	8.59942e+15	6.00328e+15	5.56631e+15	2.43583e+15	1.54117e+15	3.08234e+15	4.62352e+15	6.16469e+15	7.70586e+15	9.27363e+15	1.10099e+16	1.36123e+16	1.92371e+16	3.60302e+16	3.03208e+17	4.53995e+17	1.6645	1.47518	1.47518	1.47518	1.47518	1.47518	1.47518	1.47518	1.47973	1.50501	1.56697	1.62898	1.97936	4.26967	4.68986	
67160.7	6.86079e+17	2.7884e+17	1.22021e+17	7.72037e+16	1.54407e+17	2.31611e+17	3.08815e+17	3.86019e+17	4.63182e+17	5.40093e+17	6.15697e+17	6.86707e+17	7.4005e+17	3.50299e+17	8.59942e+15	6.00201e+15	5.56453e+15	2.43505e+15	1.54068e+15	3.08136e+15	4.62204e+15	6.16272e+15	7.70339e+15	9.26927e+15	1.09952e+16	1.35476e+16	1.90009e+16	3.54689e+16	3.02745e+17	4.53995e+17	1.67071	1.47387	1.47387	1.47387	1.47387	1.47387	1.47387	1.47387	1.47816	1.50203	1.56075	1.6196	1.95745	4.2502	4.68986	
67411.8	6.86081e+17	2.78843e+17	1.22022e+17	7.72045e+16	1.54409e+17	2.31614e+17	3.08818e+17	3.86023e+17	4.63189e+17	5.40116e+17	6.15796e+17	6.8707e+17	7.40935e+17	3.51278e+17	8.59942e+15	6.00075e+15	5.56277e+15	2.43428e+15	1.54019e+15	3.08038e+15	4.62057e+15	6.16076e+15	7.70095e+15	9.265e+15	1.09809e+16	1.34853e+16	1.8772e+16	3.49129e+16	3.02264e+17	4.53995e+17	1.67692	1.47285	1.47285	1.47285	1.47285	1.47285	1.47285	1.47285	1.47689	1.49942	1.55504	1.61088	1.93647	4.23036	4.68986	
67663.2	6.86084e+17	2.78846e+17	1.22024e+17	7.72053e+16	1.54411e+17	2.31616e+17	3.08821e+17	3.86026e+17	4.63196e+17	5.40138e+17	6.15891e+17	6.87422e+17	7.41812e+17	3.52294e+17	8.59942e+15	5.99949e+15	5.56102e+15	2.43352e+15	1.5397e+15	3.07941e+15	4.61911e+15	6.15882e+15	7.69852e+15	9.26081e+15	1.09672e+16	1.34251e+16	1.85499e+16	3.43616e+16	3.01765e+17	4.53995e+17	1.68314	1.47211	1.47211	1.47211	1.47211	1.47211	1.47211	1.47211	1.47592	1.49717	1.54983	1.60278	1.91635	4.21013	4.68986	
67914.4	6.86086e+17	2.78848e+17	1.22025e+17	7.72061e+16	1.54412e+17	2.31618e+17	3.08824e+17	3.8603e+17	4.63203e+17	5.40159e+17	6.15983e+17	6.87762e+17	7.42679e+17	3.53344e+17	8.59942e+15	5.99824e+15	5.55928e+15	2.43275e+15	1.53922e+15	3.07845e+15	4.61767e+15	6.1569e+15	7.69612e+15	9.2567e+15	1.09539e+16	1.33672e+16	1.8335e+16	3.38166e+16	3.01248e+17	4.53995e+17	1.68936	1.47164	1.47164	1.47164	1.47164	1.47164	1.47164	1.47164	1.47522	1.49527	1.5451	1.59529	1.89711	4.18954	4.68986	
68165.8	6.86088e+17	2.78851e+17	1.22026e+17	7.72068e+16	1.54414e+17	2.31621e+17	3.08827e+17	3.86034e+17	4.63209e+17	5.40179e+17	6.16071e+17	6.88092e+17	7.43536e+17	3.5443e+17	8.59943e+15	5.99699e+15	5.55756e+15	2.432e+15	1.53875e+15	3.07749e+15	4.61624e+15	6.15499e+15	7.69373e+15	9.25268e+15	1.09411e+16	1.33114e+16	1.81271e+16	3.32779e+16	3.00714e+17	4.53995e+17	1.69558	1.47143	1.47143	1.47143	1.47143	1.47143	1.47143	1.47143	1.47481	1.4937	1.54083	1.58839	1.87871	4.16861	4.68986	
68417.2	6.86091e+17	2.78854e+17	1.22027e+17	7.72076e+16	1.54415e+17	2.31623e+17	3.0883e+17	3.86038e+17	4.63215e+17	5.40199e+17	6.16156e+17	6.8841e+17	7.44381e+17	3.55551e+17	8.59943e+15	5.99575e+15	5.55585e+15	2.43125e+15	1.53827e+15	3.07655e+15	4.61482e+15	6.15309e+15	7.69137e+15	9.24873e+15	1.09287e+16	1.32577e+16	1.79262e+16	3.27465e+16	3.00161e+17	4.53996e+17	1.70181	1.47148	1.47148	1.47148	1.47148	1.47148	1.47148	1.47148	1.47465	1.49245	1.53701	1.58205	1.86113	4.14736	4.68986	
68668.7	6.86093e+17	2.78857e+17	1.22028e+17	7.72084e+16	1.54417e+17	2.31625e+17	3.08833e+17	3.86042e+17	4.63222e+17	5.40218e+17	6.16238e+17	6.88718e+17	7.45214e+17	3.56707e+17	8.59943e+15	5.99451e+15	5.55415e+15	2.43051e+15	1.5378e+15	3.07561e+15	4.61341e+15	6.15122e+15	7.68902e+15	9.24486e+15	1.09168e+16	1.32061e+16	1.77321e+16	3.22223e+16	2.99591e+17	4.53996e+17	1.70803	1.47177	1.47177	1.47177	1.47177	1.47177	1.47177	1.47177	1.47475	1.49152	1.53363	1.57627	1.84436	4.1258	4.68986	
68920.3	6.86095e+17	2.78859e+17	1.2203e+17	7.72091e+16	1.54418e+17	2.31627e+17	3.08836e+17	3.86046e+17	4.63228e+17	5.40236e+17	6.16317e+17	6.89015e+17	7.46035e+17	3.57899e+17	8.59943e+15	5.99328e+15	5.55247e+15	2.42977e+15	1.53734e+15	3.07468e+15	4.61202e+15	6.14935e+15	7.68669e+15	9.24106e+15	1.09053e+16	1.31564e+16	1.75447e+16	3.17059e+16	2.99003e+17	4.53996e+17	1.71426	1.4723	1.4723	1.4723	1.4723	1.4723	1.4723	1.4723	1.47511	1.49089	1.53067	1.57101	1.82837	4.10393	4.68986	
69171.7	6.86098e+17	2.78862e+17	1.22031e+17	7.72099e+16	1.5442e+17	2.3163e+17	3.08839e+17	3.86049e+17	4.63234e+17	5.40254e+17	6.16392e+17	6.89301e+17	7.46841e+17	3.59123e+17	8.59943e+15	5.99205e+15	5.5508e+15	2.42905e+15	1.53688e+15	3.07375e+15	4.61063e+15	6.14751e+15	7.68438e+15	9.23733e+15	1.08942e+16	1.31087e+16	1.73642e+16	3.11982e+16	2.98397e+17	4.53996e+17	1.72048	1.47306	1.47306	1.47306	1.47306	1.47306	1.47306	1.47306	1.4757	1.49055	1.52811	1.56626	1.81316	4.08181	4.68986	
69423.4	6.861e+17	2.78865e+17	1.22032e+17	7.72106e+16	1.54421e+17	2.31632e+17	3.08842e+17	3.86053e+17	4.6324e+17	5.40271e+17	6.16465e+17	6.89576e+17	7.47634e+17	3.60383e+17	8.59943e+15	5.99083e+15	5.54915e+15	2.42832e+15	1.53642e+15	3.07284e+15	4.60926e+15	6.14567e+15	7.68209e+15	9.23367e+15	1.08836e+16	1.3063e+16	1.71902e+16	3.06988e+16	2.97774e+17	4.53996e+17	1.72671	1.47404	1.47404	1.47404	1.47404	1.47404	1.47404	1.47404	1.47652	1.49049	1.52594	1.562	1.79868	4.05941	4.68986	
69675	6.86102e+17	2.78867e+17	1.22033e+17	7.72113e+16	1.54423e+17	2.31634e+17	3.08845e+17	3.86057e+17	4.63245e+17	5.40287e+17	6.16535e+17	6.89842e+17	7.48412e+17	3.61676e+17	8.59943e+15	5.98961e+15	5.54751e+15	2.4276e+15	1.53596e+15	3.07193e+15	4.60789e+15	6.14386e+15	7.67982e+15	9.23008e+15	1.08732e+16	1.3019e+16	1.70227e+16	3.02086e+16	2.97133e+17	4.53996e+17	1.73293	1.47524	1.47524	1.47524	1.47524	1.47524	1.47524	1.47524	1.47757	1.4907	1.52414	1.55823	1.78494	4.03679	4.68986	
69926.7	6.86104e+17	2.7887e+17	1.22034e+17	7.72121e+16	1.54424e+17	2.31636e+17	3.08848e+17	3.8606e+17	4.63251e+17	5.40303e+17	6.16601e+17	6.90097e+17	7.49176e+17	3.63003e+17	8.59943e+15	5.9884e+15	5.54588e+15	2.42689e+15	1.53551e+15	3.07103e+15	4.60654e+15	6.14205e+15	7.67757e+15	9.22656e+15	1.08633e+16	1.29769e+16	1.68615e+16	2.97276e+16	2.96475e+17	4.53996e+17	1.73914	1.47665	1.47665	1.47665	1.47665	1.47665	1.47665	1.47665	1.47883	1.49118	1.52271	1.5549	1.77189	4.01394	4.68986	
70178.4	6.86107e+17	2.78873e+17	1.22035e+17	7.72128e+16	1.54426e+17	2.31638e+17	3.08851e+17	3.86064e+17	4.63257e+17	5.40318e+17	6.16665e+17	6.90342e+17	7.49924e+17	3.64362e+17	8.59943e+15	5.98719e+15	5.54426e+15	2.42618e+15	1.53507e+15	3.07013e+15	4.6052e+15	6.14027e+15	7.67533e+15	9.22309e+15	1.08537e+16	1.29365e+16	1.67066e+16	2.92562e+16	2.958e+17	4.53996e+17	1.74535	1.47825	1.47825	1.47825	1.47825	1.47825	1.47825	1.47825	1.4803	1.4919	1.52162	1.55202	1.75954	3.99089	4.68986	
70430.2	6.86109e+17	2.78875e+17	1.22037e+17	7.72135e+16	1.54427e+17	2.31641e+17	3.08854e+17	3.86068e+17	4.63262e+17	5.40333e+17	6.16727e+17	6.90578e+17	7.50657e+17	3.65754e+17	8.59943e+15	5.98599e+15	5.54266e+15	2.42548e+15	1.53462e+15	3.06925e+15	4.60387e+15	6.13849e+15	7.67311e+15	9.21969e+15	1.08445e+16	1.28978e+16	1.65577e+16	2.87942e+16	2.95107e+17	4.53996e+17	1.75156	1.48005	1.48005	1.48005	1.48005	1.48005	1.48005	1.48005	1.48197	1.49287	1.52087	1.54956	1.74784	3.96765	4.68986	
70682.1	6.86111e+17	2.78878e+17	1.22038e+17	7.72142e+16	1.54428e+17	2.31643e+17	3.08857e+17	3.86071e+17	4.63268e+17	5.40347e+17	6.16786e+17	6.90805e+17	7.51374e+17	3.67179e+17	8.59943e+15	5.98479e+15	5.54107e+15	2.42479e+15	1.53418e+15	3.06836e+15	4.60255e+15	6.13673e+15	7.67091e+15	9.21635e+15	1.08356e+16	1.28607e+16	1.64147e+16	2.83421e+16	2.94398e+17	4.53996e+17	1.75777	1.48204	1.48204	1.48204	1.48204	1.48204	1.48204	1.48204	1.48384	1.49407	1.52044	1.54751	1.73679	3.94424	4.68986	
70933.8	6.86113e+17	2.7888e+17	1.22039e+17	7.72149e+16	1.5443e+17	2.31645e+17	3.0886e+17	3.86075e+17	4.63273e+17	5.40361e+17	6.16842e+17	6.91022e+17	7.52074e+17	3.68633e+17	8.59943e+15	5.9836e+15	5.53949e+15	2.4241e+15	1.53375e+15	3.06749e+15	4.60124e+15	6.13498e+15	7.66873e+15	9.21307e+15	1.0827e+16	1.28253e+16	1.62777e+16	2.79003e+16	2.93673e+17	4.53996e+17	1.76396	1.48421	1.48421	1.48421	1.48421	1.48421	1.48421	1.48421	1.4859	1.4955	1.52033	1.54584	1.72637	3.92071	4.68986	
71185.8	6.86116e+17	2.78883e+17	1.2204e+17	7.72156e+16	1.54431e+17	2.31647e+17	3.08863e+17	3.86078e+17	4.63278e+17	5.40374e+17	6.16896e+17	6.9123e+17	7.52759e+17	3.70119e+17	8.59943e+15	5.98241e+15	5.53793e+15	2.42341e+15	1.53331e+15	3.06662e+15	4.59994e+15	6.13325e+15	7.66656e+15	9.20984e+15	1.08187e+16	1.27913e+16	1.61462e+16	2.74683e+16	2.92931e+17	4.53996e+17	1.77015	1.48655	1.48655	1.48655	1.48655	1.48655	1.48655	1.48655	1.48813	1.49714	1.52051	1.54456	1.71654	3.89703	4.68986	
71437.7	6.86118e+17	2.78885e+17	1.22041e+17	7.72163e+16	1.54433e+17	2.31649e+17	3.08865e+17	3.86082e+17	4.63283e+17	5.40387e+17	6.16947e+17	6.9143e+17	7.53427e+17	3.71635e+17	8.59944e+15	5.98123e+15	5.53637e+15	2.42273e+15	1.53288e+15	3.06576e+15	4.59865e+15	6.13153e+15	7.66441e+15	9.20666e+15	1.08107e+16	1.27588e+16	1.60202e+16	2.70467e+16	2.92173e+17	4.53996e+17	1.77633	1.48907	1.48907	1.48907	1.48907	1.48907	1.48907	1.48907	1.49054	1.49899	1.52097	1.54363	1.70731	3.87324	4.68986	
71689.8	6.8612e+17	2.78888e+17	1.22042e+17	7.7217e+16	1.54434e+17	2.31651e+17	3.08868e+17	3.86085e+17	4.63288e+17	5.40399e+17	6.16996e+17	6.91621e+17	7.54079e+17	3.7318e+17	8.59944e+15	5.98005e+15	5.53483e+15	2.42206e+15	1.53246e+15	3.06491e+15	4.59737e+15	6.12982e+15	7.66228e+15	9.20354e+15	1.0803e+16	1.27277e+16	1.58996e+16	2.66352e+16	2.91399e+17	4.53996e+17	1.78251	1.49174	1.49174	1.49174	1.49174	1.49174	1.49174	1.49174	1.49312	1.50104	1.52171	1.54305	1.69864	3.84936	4.68986	
71941.7	6.86122e+17	2.7889e+17	1.22043e+17	7.72177e+16	1.54435e+17	2.31653e+17	3.08871e+17	3.86089e+17	4.63293e+17	5.40411e+17	6.17043e+17	6.91803e+17	7.54714e+17	3.74754e+17	8.59944e+15	5.97888e+15	5.5333e+15	2.42139e+15	1.53203e+15	3.06406e+15	4.5961e+15	6.12813e+15	7.66016e+15	9.20047e+15	1.07956e+16	1.26981e+16	1.57842e+16	2.62342e+16	2.9061e+17	4.53996e+17	1.78868	1.49457	1.49457	1.49457	1.49457	1.49457	1.49457	1.49457	1.49587	1.50329	1.52271	1.54281	1.69052	3.82542	4.68986	
72193.9	6.86124e+17	2.78893e+17	1.22044e+17	7.72184e+16	1.54437e+17	2.31655e+17	3.08874e+17	3.86092e+17	4.63298e+17	5.40423e+17	6.17088e+17	6.91978e+17	7.55333e+17	3.76356e+17	8.59944e+15	5.97771e+15	5.53179e+15	2.42072e+15	1.53161e+15	3.06322e+15	4.59484e+15	6.12645e+15	7.65806e+15	9.19744e+15	1.07884e+16	1.26697e+16	1.56738e+16	2.58433e+16	2.89805e+17	4.53996e+17	1.79484	1.49755	1.49755	1.49755	1.49755	1.49755	1.49755	1.49755	1.49877	1.50572	1.52397	1.54288	1.68293	3.8014	4.68986	
72446.1	6.86127e+17	2.78895e+17	1.22045e+17	7.72191e+16	1.54438e+17	2.31657e+17	3.08876e+17	3.86095e+17	4.63303e+17	5.40434e+17	6.17131e+17	6.92145e+17	7.55935e+17	3.77987e+17	8.59944e+15	5.97655e+15	5.53028e+15	2.42006e+15	1.53119e+15	3.06239e+15	4.59358e+15	6.12478e+15	7.65597e+15	9.19446e+15	1.07814e+16	1.26426e+16	1.55682e+16	2.54627e+16	2.88986e+17	4.53996e+17	1.801	1.50068	1.50068	1.50068	1.50068	1.50068	1.50068	1.50068	1.50182	1.50832	1.52546	1.54326	1.67584	3.77734	4.68986	
72698.1	6.86129e+17	2.78898e+17	1.22046e+17	7.72198e+16	1.5444e+17	2.31659e+17	3.08879e+17	3.86099e+17	4.63308e+17	5.40445e+17	6.17172e+17	6.92305e+17	7.56521e+17	3.79642e+17	8.59944e+15	5.97539e+15	5.52878e+15	2.41941e+15	1.53078e+15	3.06156e+15	4.59234e+15	6.12312e+15	7.6539e+15	9.19153e+15	1.07748e+16	1.26167e+16	1.54674e+16	2.50926e+16	2.88152e+17	4.53996e+17	1.80714	1.50395	1.50395	1.50395	1.50395	1.50395	1.50395	1.50395	1.50501	1.5111	1.52719	1.54392	1.66926	3.75328	4.68986	
72950.4	6.86131e+17	2.789e+17	1.22047e+17	7.72204e+16	1.54441e+17	2.31661e+17	3.08882e+17	3.86102e+17	4.63312e+17	5.40455e+17	6.17212e+17	6.92457e+17	7.57091e+17	3.81324e+17	8.59944e+15	5.97424e+15	5.5273e+15	2.41876e+15	1.53037e+15	3.06074e+15	4.59111e+15	6.12148e+15	7.65185e+15	9.18864e+15	1.07683e+16	1.2592e+16	1.53711e+16	2.47325e+16	2.87303e+17	4.53996e+17	1.81328	1.50735	1.50735	1.50735	1.50735	1.50735	1.50735	1.50735	1.50834	1.51404	1.52914	1.54487	1.66314	3.72919	4.68986	
73202.7	6.86133e+17	2.78903e+17	1.22048e+17	7.72211e+16	1.54442e+17	2.31663e+17	3.08884e+17	3.86105e+17	4.63317e+17	5.40465e+17	6.17249e+17	6.92603e+17	7.57644e+17	3.83031e+17	8.59944e+15	5.97309e+15	5.52583e+15	2.41812e+15	1.52996e+15	3.05992e+15	4.58988e+15	6.11985e+15	7.64981e+15	9.18579e+15	1.0762e+16	1.25684e+16	1.52793e+16	2.43827e+16	2.86441e+17	4.53996e+17	1.81941	1.51088	1.51088	1.51088	1.51088	1.51088	1.51088	1.51088	1.51181	1.51714	1.53131	1.54609	1.65749	3.70512	4.68986	
73455	6.86135e+17	2.78905e+17	1.2205e+17	7.72217e+16	1.54443e+17	2.31665e+17	3.08887e+17	3.86109e+17	4.63322e+17	5.40475e+17	6.17285e+17	6.92742e+17	7.58181e+17	3.84762e+17	8.59944e+15	5.97195e+15	5.52436e+15	2.41748e+15	1.52956e+15	3.05911e+15	4.58867e+15	6.11823e+15	7.64778e+15	9.18298e+15	1.0756e+16	1.25459e+16	1.51916e+16	2.4043e+16	2.85565e+17	4.53996e+17	1.82553	1.51454	1.51454	1.51454	1.51454	1.51454	1.51454	1.51454	1.51541	1.52039	1.53368	1.54756	1.65228	3.68107	4.68986	
73707.3	6.86137e+17	2.78907e+17	1.22051e+17	7.72224e+16	1.54445e+17	2.31667e+17	3.0889e+17	3.86112e+17	4.63326e+17	5.40484e+17	6.17319e+17	6.92874e+17	7.58702e+17	3.86517e+17	8.59944e+15	5.97081e+15	5.52291e+15	2.41684e+15	1.52915e+15	3.05831e+15	4.58746e+15	6.11662e+15	7.64577e+15	9.18022e+15	1.07502e+16	1.25244e+16	1.51081e+16	2.37134e+16	2.84676e+17	4.53996e+17	1.83165	1.51832	1.51832	1.51832	1.51832	1.51832	1.51832	1.51832	1.51913	1.52379	1.53624	1.54928	1.6475	3.65706	4.68986	
73959.7	6.86139e+17	2.7891e+17	1.22052e+17	7.7223e+16	1.54446e+17	2.31669e+17	3.08892e+17	3.86115e+17	4.6333e+17	5.40493e+17	6.17351e+17	6.93e+17	7.59208e+17	3.88294e+17	8.59944e+15	5.96968e+15	5.52147e+15	2.41621e+15	1.52876e+15	3.05751e+15	4.58627e+15	6.11502e+15	7.64378e+15	9.17749e+15	1.07445e+16	1.25039e+16	1.50285e+16	2.33935e+16	2.83774e+17	4.53996e+17	1.83775	1.52221	1.52221	1.52221	1.52221	1.52221	1.52221	1.52221	1.52297	1.52732	1.53899	1.55123	1.64313	3.6331	4.68986	
74212.2	6.86141e+17	2.78912e+17	1.22053e+17	7.72237e+16	1.54447e+17	2.31671e+17	3.08895e+17	3.86118e+17	4.63335e+17	5.40502e+17	6.17382e+17	6.9312e+17	7.59698e+17	3.90094e+17	8.59944e+15	5.96855e+15	5.52004e+15	2.41558e+15	1.52836e+15	3.05672e+15	4.58508e+15	6.11343e+15	7.64179e+15	9.17479e+15	1.0739e+16	1.24844e+16	1.49527e+16	2.30834e+16	2.8286e+17	4.53996e+17	1.84386	1.52622	1.52622	1.52622	1.52622	1.52622	1.52622	1.52622	1.52692	1.53099	1.54192	1.5534	1.63915	3.6092	4.68986	
74464.5	6.86144e+17	2.78914e+17	1.22054e+17	7.72243e+16	1.54449e+17	2.31673e+17	3.08897e+17	3.86122e+17	4.63339e+17	5.4051e+17	6.17412e+17	6.93234e+17	7.60172e+17	3.91912e+17	8.59944e+15	5.96742e+15	5.51862e+15	2.41496e+15	1.52797e+15	3.05593e+15	4.5839e+15	6.11186e+15	7.63983e+15	9.17213e+15	1.07337e+16	1.24657e+16	1.48805e+16	2.27832e+16	2.81934e+17	4.53996e+17	1.84994	1.53033	1.53033	1.53033	1.53033	1.53033	1.53033	1.53033	1.53098	1.53478	1.54502	1.55579	1.63555	3.5854	4.68986	
74717.1	6.86146e+17	2.78917e+17	1.22055e+17	7.7225e+16	1.5445e+17	2.31675e+17	3.089e+17	3.86125e+17	4.63343e+17	5.40518e+17	6.1744e+17	6.93343e+17	7.60632e+17	3.93753e+17	8.59944e+15	5.9663e+15	5.5172e+15	2.41434e+15	1.52757e+15	3.05515e+15	4.58272e+15	6.1103e+15	7.63787e+15	9.16951e+15	1.07286e+16	1.2448e+16	1.48118e+16	2.24923e+16	2.80996e+17	4.53996e+17	1.85603	1.53454	1.53454	1.53454	1.53454	1.53454	1.53454	1.53454	1.53515	1.5387	1.54828	1.55838	1.63232	3.56168	4.68986	
74969.7	6.86148e+17	2.78919e+17	1.22056e+17	7.72256e+16	1.54451e+17	2.31677e+17	3.08902e+17	3.86128e+17	4.63348e+17	5.40526e+17	6.17467e+17	6.93446e+17	7.61076e+17	3.95611e+17	8.59944e+15	5.96519e+15	5.5158e+15	2.41373e+15	1.52719e+15	3.05437e+15	4.58156e+15	6.10874e+15	7.63593e+15	9.16692e+15	1.07236e+16	1.2431e+16	1.47465e+16	2.22109e+16	2.80046e+17	4.53996e+17	1.8621	1.53886	1.53886	1.53886	1.53886	1.53886	1.53886	1.53886	1.53942	1.54273	1.5517	1.56117	1.62944	3.53807	4.68986	
75222.3	6.8615e+17	2.78921e+17	1.22057e+17	7.72262e+16	1.54452e+17	2.31679e+17	3.08905e+17	3.86131e+17	4.63352e+17	5.40534e+17	6.17493e+17	6.93545e+17	7.61506e+17	3.97488e+17	8.59944e+15	5.96408e+15	5.51441e+15	2.41312e+15	1.5268e+15	3.0536e+15	4.5804e+15	6.1072e+15	7.634e+15	9.16436e+15	1.07188e+16	1.24148e+16	1.46844e+16	2.19387e+16	2.79086e+17	4.53996e+17	1.86817	1.54326	1.54326	1.54326	1.54326	1.54326	1.54326	1.54326	1.54379	1.54688	1.55527	1.56414	1.6269	3.51458	4.68986	
75474.8	6.86152e+17	2.78923e+17	1.22058e+17	7.72268e+16	1.54454e+17	2.3168e+17	3.08907e+17	3.86134e+17	4.63356e+17	5.40542e+17	6.17517e+17	6.93638e+17	7.61921e+17	3.99382e+17	8.59944e+15	5.96298e+15	5.51303e+15	2.41251e+15	1.52642e+15	3.05284e+15	4.57925e+15	6.10567e+15	7.63209e+15	9.16183e+15	1.07141e+16	1.23994e+16	1.46254e+16	2.16757e+16	2.78116e+17	4.53997e+17	1.87423	1.54776	1.54776	1.54776	1.54776	1.54776	1.54776	1.54776	1.54825	1.55113	1.55897	1.56728	1.62468	3.49123	4.68986	
75727.5	6.86154e+17	2.78926e+17	1.22059e+17	7.72275e+16	1.54455e+17	2.31682e+17	3.0891e+17	3.86137e+17	4.6336e+17	5.40549e+17	6.17541e+17	6.93727e+17	7.62322e+17	4.01293e+17	8.59944e+15	5.96188e+15	5.51165e+15	2.41191e+15	1.52604e+15	3.05207e+15	4.57811e+15	6.10415e+15	7.63019e+15	9.15933e+15	1.07096e+16	1.23847e+16	1.45693e+16	2.14215e+16	2.77135e+17	4.53997e+17	1.88028	1.55234	1.55234	1.55234	1.55234	1.55234	1.55234	1.55234	1.5528	1.55549	1.56282	1.5706	1.62278	3.468	4.68986	
75980.4	6.86156e+17	2.78928e+17	1.2206e+17	7.72281e+16	1.54456e+17	2.31684e+17	3.08912e+17	3.8614e+17	4.63364e+17	5.40556e+17	6.17563e+17	6.93811e+17	7.62709e+17	4.0322e+17	8.59945e+15	5.96078e+15	5.51029e+15	2.41132e+15	1.52566e+15	3.05132e+15	4.57698e+15	6.10264e+15	7.6283e+15	9.15685e+15	1.07052e+16	1.23707e+16	1.4516e+16	2.11759e+16	2.76145e+17	4.53997e+17	1.88633	1.55701	1.55701	1.55701	1.55701	1.55701	1.55701	1.55701	1.55744	1.55994	1.56679	1.57407	1.62117	3.44492	4.68986	
76233	6.86158e+17	2.7893e+17	1.2206e+17	7.72287e+16	1.54457e+17	2.31686e+17	3.08915e+17	3.86143e+17	4.63368e+17	5.40563e+17	6.17584e+17	6.93892e+17	7.63082e+17	4.0516e+17	8.59945e+15	5.95969e+15	5.50893e+15	2.41072e+15	1.52528e+15	3.05057e+15	4.57585e+15	6.10114e+15	7.62642e+15	9.15441e+15	1.07009e+16	1.23573e+16	1.44655e+16	2.09392e+16	2.75146e+17	4.53997e+17	1.89236	1.56176	1.56176	1.56176	1.56176	1.56176	1.56176	1.56176	1.56216	1.56449	1.57089	1.5777	1.61985	3.42203	4.68986	
76485.8	6.8616e+17	2.78932e+17	1.22061e+17	7.72293e+16	1.54459e+17	2.31688e+17	3.08917e+17	3.86146e+17	4.63372e+17	5.4057e+17	6.17605e+17	6.93968e+17	7.63443e+17	4.07115e+17	8.59945e+15	5.95861e+15	5.50758e+15	2.41013e+15	1.52491e+15	3.04982e+15	4.57473e+15	6.09964e+15	7.62455e+15	9.15199e+15	1.06967e+16	1.23445e+16	1.44175e+16	2.07107e+16	2.74138e+17	4.53997e+17	1.89839	1.56658	1.56658	1.56658	1.56658	1.56658	1.56658	1.56658	1.56695	1.56912	1.5751	1.58147	1.61881	3.39929	4.68986	
76738.6	6.86162e+17	2.78934e+17	1.22062e+17	7.72299e+16	1.5446e+17	2.3169e+17	3.0892e+17	3.86149e+17	4.63376e+17	5.40576e+17	6.17624e+17	6.9404e+17	7.6379e+17	4.09083e+17	8.59945e+15	5.95753e+15	5.50625e+15	2.40955e+15	1.52454e+15	3.04908e+15	4.57362e+15	6.09816e+15	7.6227e+15	9.1496e+15	1.06926e+16	1.23324e+16	1.4372e+16	2.04905e+16	2.73122e+17	4.53997e+17	1.90441	1.57148	1.57148	1.57148	1.57148	1.57148	1.57148	1.57148	1.57182	1.57384	1.57942	1.58538	1.61803	3.37673	4.68986	
76991.5	6.86164e+17	2.78937e+17	1.22063e+17	7.72305e+16	1.54461e+17	2.31691e+17	3.08922e+17	3.86152e+17	4.63379e+17	5.40583e+17	6.17643e+17	6.94108e+17	7.64124e+17	4.11062e+17	8.59945e+15	5.95645e+15	5.50492e+15	2.40897e+15	1.52417e+15	3.04834e+15	4.57252e+15	6.09669e+15	7.62086e+15	9.14723e+15	1.06887e+16	1.23207e+16	1.43288e+16	2.02782e+16	2.72098e+17	4.53997e+17	1.91043	1.57644	1.57644	1.57644	1.57644	1.57644	1.57644	1.57644	1.57676	1.57865	1.58385	1.58942	1.61751	3.35436	4.68986	
77244.4	6.86166e+17	2.78939e+17	1.22064e+17	7.72311e+16	1.54462e+17	2.31693e+17	3.08924e+17	3.86155e+17	4.63383e+17	5.40589e+17	6.1766e+17	6.94173e+17	7.64446e+17	4.13052e+17	8.59945e+15	5.95538e+15	5.50359e+15	2.40839e+15	1.52381e+15	3.04761e+15	4.57142e+15	6.09522e+15	7.61903e+15	9.14489e+15	1.06848e+16	1.23096e+16	1.42879e+16	2.0074e+16	2.71067e+17	4.53997e+17	1.91644	1.58148	1.58148	1.58148	1.58148	1.58148	1.58148	1.58148	1.58177	1.58352	1.58838	1.59358	1.61723	3.33219	4.68986	
77497.3	6.86168e+17	2.78941e+17	1.22065e+17	7.72317e+16	1.54463e+17	2.31695e+17	3.08927e+17	3.86158e+17	4.63387e+17	5.40595e+17	6.17677e+17	6.94234e+17	7.64755e+17	4.15053e+17	8.59945e+15	5.95432e+15	5.50228e+15	2.40781e+15	1.52344e+15	3.04688e+15	4.57033e+15	6.09377e+15	7.61721e+15	9.14257e+15	1.06811e+16	1.22991e+16	1.42491e+16	1.98773e+16	2.70028e+17	4.53997e+17	1.92244	1.58657	1.58657	1.58657	1.58657	1.58657	1.58657	1.58657	1.58685	1.58848	1.59301	1.59787	1.61718	3.31022	4.68986	
77750.4	6.8617e+17	2.78943e+17	1.22066e+17	7.72323e+16	1.54465e+17	2.31697e+17	3.08929e+17	3.86161e+17	4.63391e+17	5.40601e+17	6.17693e+17	6.94293e+17	7.65053e+17	4.17064e+17	8.59945e+15	5.95325e+15	5.50098e+15	2.40724e+15	1.52308e+15	3.04616e+15	4.56924e+15	6.09232e+15	7.61541e+15	9.14027e+15	1.06774e+16	1.22889e+16	1.42123e+16	1.96881e+16	2.68983e+17	4.53997e+17	1.92844	1.59173	1.59173	1.59173	1.59173	1.59173	1.59173	1.59173	1.59199	1.5935	1.59772	1.60226	1.61735	3.28845	4.68986	
78002.7	6.86172e+17	2.78945e+17	1.22067e+17	7.72328e+16	1.54466e+17	2.31699e+17	3.08931e+17	3.86164e+17	4.63394e+17	5.40606e+17	6.17709e+17	6.94348e+17	7.65338e+17	4.19074e+17	8.59945e+15	5.9522e+15	5.49968e+15	2.40667e+15	1.52272e+15	3.04545e+15	4.56817e+15	6.09089e+15	7.61361e+15	9.138e+15	1.06738e+16	1.22793e+16	1.41775e+16	1.95067e+16	2.67936e+17	4.53997e+17	1.93441	1.59693	1.59693	1.59693	1.59693	1.59693	1.59693	1.59693	1.59717	1.59858	1.60251	1.60675	1.61774	3.26698	4.68986	
78255	6.86174e+17	2.78947e+17	1.22068e+17	7.72334e+16	1.54467e+17	2.317e+17	3.08934e+17	3.86167e+17	4.63398e+17	5.40612e+17	6.17723e+17	6.944e+17	7.65609e+17	4.21076e+17	8.59946e+15	5.95115e+15	5.4984e+15	2.40611e+15	1.52237e+15	3.04473e+15	4.5671e+15	6.08947e+15	7.61183e+15	9.13575e+15	1.06704e+16	1.22701e+16	1.41446e+16	1.93328e+16	2.66889e+17	4.53997e+17	1.94037	1.60218	1.60218	1.60218	1.60218	1.60218	1.60218	1.60218	1.60241	1.60372	1.60738	1.61134	1.61832	3.24589	4.68986	
78506.9	6.86176e+17	2.78949e+17	1.22069e+17	7.7234e+16	1.54468e+17	2.31702e+17	3.08936e+17	3.8617e+17	4.63402e+17	5.40618e+17	6.17737e+17	6.94449e+17	7.65868e+17	4.23059e+17	8.59947e+15	5.95011e+15	5.49712e+15	2.40555e+15	1.52201e+15	3.04403e+15	4.56604e+15	6.08805e+15	7.61007e+15	9.13352e+15	1.06669e+16	1.22613e+16	1.41134e+16	1.91665e+16	2.6585e+17	4.53998e+17	1.94632	1.60748	1.60748	1.60748	1.60748	1.60748	1.60748	1.60748	1.60769	1.6089	1.61232	1.61601	1.6191	3.22526	4.68986	
78758.5	6.86178e+17	2.78951e+17	1.2207e+17	7.72346e+16	1.54469e+17	2.31704e+17	3.08938e+17	3.86173e+17	4.63405e+17	5.40623e+17	6.17751e+17	6.94496e+17	7.66115e+17	4.25023e+17	8.59948e+15	5.94907e+15	5.49585e+15	2.405e+15	1.52166e+15	3.04333e+15	4.56499e+15	6.08665e+15	7.60831e+15	9.13132e+15	1.06636e+16	1.22529e+16	1.4084e+16	1.90075e+16	2.6482e+17	4.53998e+17	1.95226	1.61282	1.61282	1.61282	1.61282	1.61282	1.61282	1.61282	1.61301	1.61414	1.61733	1.62077	1.62006	3.20512	4.68986	
79009.9	6.8618e+17	2.78953e+17	1.22071e+17	7.72351e+16	1.5447e+17	2.31705e+17	3.08941e+17	3.86176e+17	4.63409e+17	5.40628e+17	6.17764e+17	6.9454e+17	7.66351e+17	4.26964e+17	8.59949e+15	5.94804e+15	5.4946e+15	2.40445e+15	1.52131e+15	3.04263e+15	4.56394e+15	6.08526e+15	7.60657e+15	9.12914e+15	1.06604e+16	1.22449e+16	1.40561e+16	1.88555e+16	2.63799e+17	4.53999e+17	1.95818	1.6182	1.6182	1.6182	1.6182	1.6182	1.6182	1.6182	1.61838	1.61943	1.62239	1.62561	1.62118	3.18547	4.68986	
79261.3	6.86182e+17	2.78955e+17	1.22072e+17	7.72357e+16	1.54471e+17	2.31707e+17	3.08943e+17	3.86178e+17	4.63412e+17	5.40633e+17	6.17776e+17	6.94582e+17	7.66577e+17	4.28885e+17	8.59949e+15	5.94702e+15	5.49335e+15	2.4039e+15	1.52097e+15	3.04194e+15	4.56291e+15	6.08387e+15	7.60484e+15	9.12697e+15	1.06572e+16	1.22372e+16	1.40297e+16	1.87101e+16	2.62789e+17	4.53999e+17	1.96409	1.62363	1.62363	1.62363	1.62363	1.62363	1.62363	1.62363	1.62379	1.62477	1.62753	1.63052	1.62247	3.16628	4.68986	
79512.5	6.86184e+17	2.78957e+17	1.22072e+17	7.72363e+16	1.54473e+17	2.31709e+17	3.08945e+17	3.86181e+17	4.63416e+17	5.40638e+17	6.17788e+17	6.94622e+17	7.66793e+17	4.30784e+17	8.5995e+15	5.946e+15	5.4921e+15	2.40336e+15	1.52062e+15	3.04125e+15	4.56187e+15	6.0825e+15	7.60312e+15	9.12483e+15	1.06541e+16	1.22298e+16	1.40047e+16	1.85712e+16	2.61788e+17	4.53999e+17	1.97	1.62909	1.62909	1.62909	1.62909	1.62909	1.62909	1.62909	1.62924	1.63015	1.63272	1.63551	1.62391	3.14754	4.68986	
79763.4	6.86186e+17	2.78959e+17	1.22073e+17	7.72368e+16	1.54474e+17	2.3171e+17	3.08947e+17	3.86184e+17	4.63419e+17	5.40643e+17	6.17799e+17	6.94659e+17	7.66999e+17	4.3266e+17	8.5995e+15	5.94498e+15	5.49087e+15	2.40282e+15	1.52028e+15	3.04057e+15	4.56085e+15	6.08113e+15	7.60142e+15	9.1227e+15	1.0651e+16	1.22227e+16	1.3981e+16	1.84385e+16	2.60798e+17	4.53999e+17	1.97589	1.63459	1.63459	1.63459	1.63459	1.63459	1.63459	1.63459	1.63473	1.63557	1.63796	1.64056	1.62549	3.12927	4.68986	
80014.4	6.86187e+17	2.78961e+17	1.22074e+17	7.72374e+16	1.54475e+17	2.31712e+17	3.08949e+17	3.86187e+17	4.63423e+17	5.40648e+17	6.1781e+17	6.94695e+17	7.67196e+17	4.34518e+17	8.5995e+15	5.94397e+15	5.48964e+15	2.40228e+15	1.51994e+15	3.03989e+15	4.55983e+15	6.07977e+15	7.59972e+15	9.1206e+15	1.0648e+16	1.2216e+16	1.39586e+16	1.83117e+16	2.59817e+17	4.53999e+17	1.98177	1.64012	1.64012	1.64012	1.64012	1.64012	1.64012	1.64012	1.64025	1.64103	1.64326	1.64568	1.62721	3.1114	4.68986	
80265.1	6.86189e+17	2.78963e+17	1.22075e+17	7.72379e+16	1.54476e+17	2.31714e+17	3.08952e+17	3.8619e+17	4.63426e+17	5.40653e+17	6.1782e+17	6.94729e+17	7.67385e+17	4.36356e+17	8.5995e+15	5.94297e+15	5.48842e+15	2.40175e+15	1.51961e+15	3.03921e+15	4.55882e+15	6.07842e+15	7.59803e+15	9.11851e+15	1.06451e+16	1.22095e+16	1.39374e+16	1.81906e+16	2.58845e+17	4.53999e+17	1.98765	1.64569	1.64569	1.64569	1.64569	1.64569	1.64569	1.64569	1.64581	1.64653	1.6486	1.65086	1.62905	3.09393	4.68986	
80515.8	6.86191e+17	2.78965e+17	1.22076e+17	7.72385e+16	1.54477e+17	2.31715e+17	3.08954e+17	3.86192e+17	4.63429e+17	5.40658e+17	6.1783e+17	6.94761e+17	7.67565e+17	4.38175e+17	8.5995e+15	5.94197e+15	5.48721e+15	2.40122e+15	1.51927e+15	3.03854e+15	4.55781e+15	6.07708e+15	7.59635e+15	9.11643e+15	1.06422e+16	1.22032e+16	1.39173e+16	1.8075e+16	2.57881e+17	4.53999e+17	1.99351	1.65128	1.65128	1.65128	1.65128	1.65128	1.65128	1.65128	1.65139	1.65207	1.65399	1.65609	1.63103	3.07685	4.68986	
80766.4	6.86193e+17	2.78967e+17	1.22077e+17	7.7239e+16	1.54478e+17	2.31717e+17	3.08956e+17	3.86195e+17	4.63433e+17	5.40662e+17	6.1784e+17	6.94791e+17	7.67736e+17	4.39976e+17	8.5995e+15	5.94097e+15	5.48601e+15	2.40069e+15	1.51894e+15	3.03787e+15	4.55681e+15	6.07575e+15	7.59469e+15	9.11437e+15	1.06393e+16	1.21972e+16	1.38983e+16	1.79647e+16	2.56926e+17	4.53999e+17	1.99937	1.65691	1.65691	1.65691	1.65691	1.65691	1.65691	1.65691	1.65701	1.65764	1.65942	1.66138	1.63311	3.06013	4.68986	
81016.9	6.86195e+17	2.78969e+17	1.22078e+17	7.72395e+16	1.54479e+17	2.31719e+17	3.08958e+17	3.86198e+17	4.63436e+17	5.40667e+17	6.17849e+17	6.94819e+17	7.679e+17	4.41762e+17	8.5995e+15	5.93998e+15	5.48481e+15	2.40017e+15	1.51861e+15	3.03721e+15	4.55582e+15	6.07442e+15	7.59303e+15	9.11233e+15	1.06365e+16	1.21915e+16	1.38803e+16	1.78593e+16	2.55979e+17	4.53999e+17	2.00522	1.66256	1.66256	1.66256	1.66256	1.66256	1.66256	1.66256	1.66266	1.66324	1.6649	1.66672	1.63532	3.04376	4.68986	
81267.5	6.86197e+17	2.78971e+17	1.22079e+17	7.72401e+16	1.5448e+17	2.3172e+17	3.0896e+17	3.862e+17	4.63439e+17	5.40671e+17	6.17858e+17	6.94847e+17	7.68057e+17	4.43532e+17	8.59949e+15	5.939e+15	5.48362e+15	2.39965e+15	1.51828e+15	3.03655e+15	4.55483e+15	6.0731e+15	7.59138e+15	9.1103e+15	1.06338e+16	1.21859e+16	1.38632e+16	1.77588e+16	2.55038e+17	4.53999e+17	2.01107	1.66825	1.66825	1.66825	1.66825	1.66825	1.66825	1.66825	1.66833	1.66887	1.67041	1.67211	1.63763	3.02771	4.68986	
81517.7	6.86199e+17	2.78973e+17	1.22079e+17	7.72406e+16	1.54481e+17	2.31722e+17	3.08962e+17	3.86203e+17	4.63443e+17	5.40676e+17	6.17866e+17	6.94872e+17	7.68206e+17	4.45284e+17	8.59949e+15	5.93802e+15	5.48244e+15	2.39913e+15	1.51795e+15	3.0359e+15	4.55385e+15	6.07179e+15	7.58974e+15	9.10829e+15	1.06311e+16	1.21806e+16	1.38471e+16	1.76631e+16	2.54106e+17	4.53999e+17	2.0169	1.67395	1.67395	1.67395	1.67395	1.67395	1.67395	1.67395	1.67403	1.67453	1.67596	1.67754	1.64004	3.012	4.68986	
81768.2	6.86201e+17	2.78975e+17	1.2208e+17	7.72411e+16	1.54482e+17	2.31723e+17	3.08965e+17	3.86206e+17	4.63446e+17	5.4068e+17	6.17875e+17	6.94897e+17	7.68348e+17	4.47024e+17	8.59949e+15	5.93704e+15	5.48126e+15	2.39861e+15	1.51762e+15	3.03525e+15	4.55287e+15	6.07049e+15	7.58811e+15	9.10629e+15	1.06284e+16	1.21754e+16	1.38317e+16	1.75717e+16	2.5318e+17	4.53999e+17	2.02273	1.67968	1.67968	1.67968	1.67968	1.67968	1.67968	1.67968	1.67975	1.68022	1.68155	1.68302	1.64254	2.99657	4.68986	
82018.4	6.86202e+17	2.78977e+17	1.22081e+17	7.72417e+16	1.54483e+17	2.31725e+17	3.08967e+17	3.86208e+17	4.63449e+17	5.40684e+17	6.17883e+17	6.9492e+17	7.68484e+17	4.48749e+17	8.59949e+15	5.93607e+15	5.48009e+15	2.3981e+15	1.5173e+15	3.0346e+15	4.5519e+15	6.06919e+15	7.58649e+15	9.10431e+15	1.06258e+16	1.21705e+16	1.38172e+16	1.74848e+16	2.5226e+17	4.53999e+17	2.02854	1.68543	1.68543	1.68543	1.68543	1.68543	1.68543	1.68543	1.6855	1.68593	1.68716	1.68853	1.64514	2.98145	4.68986	
82268.7	6.86204e+17	2.78979e+17	1.22082e+17	7.72422e+16	1.54484e+17	2.31727e+17	3.08969e+17	3.86211e+17	4.63452e+17	5.40688e+17	6.1789e+17	6.94942e+17	7.68612e+17	4.50461e+17	8.59948e+15	5.93511e+15	5.47893e+15	2.39759e+15	1.51698e+15	3.03395e+15	4.55093e+15	6.06791e+15	7.58488e+15	9.10234e+15	1.06232e+16	1.21657e+16	1.38034e+16	1.7402e+16	2.51346e+17	4.53999e+17	2.03435	1.6912	1.6912	1.6912	1.6912	1.6912	1.6912	1.6912	1.69127	1.69166	1.69281	1.69408	1.64783	2.96659	4.68986	
82518.8	6.86206e+17	2.78981e+17	1.22083e+17	7.72427e+16	1.54485e+17	2.31728e+17	3.08971e+17	3.86214e+17	4.63456e+17	5.40693e+17	6.17898e+17	6.94962e+17	7.68735e+17	4.5216e+17	8.59948e+15	5.93415e+15	5.47777e+15	2.39709e+15	1.51666e+15	3.03331e+15	4.54997e+15	6.06662e+15	7.58328e+15	9.10038e+15	1.06206e+16	1.2161e+16	1.37904e+16	1.73233e+16	2.50439e+17	4.53998e+17	2.04015	1.69699	1.69699	1.69699	1.69699	1.69699	1.69699	1.69699	1.69705	1.69742	1.69848	1.69966	1.65061	2.95202	4.68986	
82769	6.86208e+17	2.78983e+17	1.22084e+17	7.72432e+16	1.54486e+17	2.3173e+17	3.08973e+17	3.86216e+17	4.63459e+17	5.40697e+17	6.17905e+17	6.94982e+17	7.68852e+17	4.53847e+17	8.59948e+15	5.93319e+15	5.47662e+15	2.39658e+15	1.51634e+15	3.03267e+15	4.54901e+15	6.06535e+15	7.58169e+15	9.09844e+15	1.06181e+16	1.21565e+16	1.3778e+16	1.72485e+16	2.49536e+17	4.53998e+17	2.04595	1.7028	1.7028	1.7028	1.7028	1.7028	1.7028	1.7028	1.70285	1.70319	1.70418	1.70528	1.65347	2.93769	4.68986	
83019.3	6.8621e+17	2.78984e+17	1.22084e+17	7.72438e+16	1.54488e+17	2.31731e+17	3.08975e+17	3.86219e+17	4.63462e+17	5.40701e+17	6.17912e+17	6.95001e+17	7.68963e+17	4.55523e+17	8.59947e+15	5.93223e+15	5.47547e+15	2.39608e+15	1.51602e+15	3.03204e+15	4.54806e+15	6.06408e+15	7.5801e+15	9.0965e+15	1.06156e+16	1.21522e+16	1.37662e+16	1.71774e+16	2.48639e+17	4.53998e+17	2.05173	1.70863	1.70863	1.70863	1.70863	1.70863	1.70863	1.70863	1.70868	1.70899	1.70991	1.71093	1.6564	2.9236	4.68986	
83273.1	6.86212e+17	2.78986e+17	1.22085e+17	7.72443e+16	1.54489e+17	2.31733e+17	3.08977e+17	3.86221e+17	4.63465e+17	5.40705e+17	6.17919e+17	6.95019e+17	7.69069e+17	4.57212e+17	8.59947e+15	5.93127e+15	5.47432e+15	2.39557e+15	1.5157e+15	3.0314e+15	4.5471e+15	6.0628e+15	7.5785e+15	9.09455e+15	1.06131e+16	1.21479e+16	1.37548e+16	1.71089e+16	2.47733e+17	4.53998e+17	2.05759	1.71456	1.71456	1.71456	1.71456	1.71456	1.71456	1.71456	1.7146	1.71489	1.71574	1.71669	1.65945	2.90956	4.68986	
83526.3	6.86213e+17	2.78988e+17	1.22086e+17	7.72448e+16	1.5449e+17	2.31734e+17	3.08979e+17	3.86224e+17	4.63468e+17	5.40709e+17	6.17926e+17	6.95036e+17	7.6917e+17	4.58885e+17	8.59947e+15	5.93032e+15	5.47317e+15	2.39507e+15	1.51538e+15	3.03076e+15	4.54615e+15	6.06153e+15	7.57691e+15	9.09262e+15	1.06107e+16	1.21438e+16	1.37441e+16	1.70443e+16	2.46836e+17	4.53998e+17	2.06341	1.72048	1.72048	1.72048	1.72048	1.72048	1.72048	1.72048	1.72053	1.7208	1.72158	1.72246	1.66257	2.89579	4.68986	
83776.7	6.86215e+17	2.7899e+17	1.22087e+17	7.72453e+16	1.54491e+17	2.31736e+17	3.08981e+17	3.86227e+17	4.63471e+17	5.40713e+17	6.17932e+17	6.95052e+17	7.69264e+17	4.6053e+17	8.59947e+15	5.92938e+15	5.47204e+15	2.39458e+15	1.51507e+15	3.03014e+15	4.54521e+15	6.06028e+15	7.57535e+15	9.09072e+15	1.06083e+16	1.21398e+16	1.3734e+16	1.69837e+16	2.45952e+17	4.53998e+17	2.06916	1.72636	1.72636	1.72636	1.72636	1.72636	1.72636	1.72636	1.7264	1.72665	1.72738	1.72819	1.66573	2.88239	4.68986	
84030	6.86217e+17	2.78992e+17	1.22088e+17	7.72458e+16	1.54492e+17	2.31737e+17	3.08983e+17	3.86229e+17	4.63474e+17	5.40717e+17	6.17938e+17	6.95068e+17	7.69355e+17	4.62183e+17	8.59946e+15	5.92843e+15	5.4709e+15	2.39408e+15	1.51476e+15	3.02951e+15	4.54427e+15	6.05902e+15	7.57378e+15	9.08881e+15	1.06059e+16	1.21359e+16	1.37242e+16	1.69258e+16	2.45063e+17	4.53998e+17	2.07496	1.73232	1.73232	1.73232	1.73232	1.73232	1.73232	1.73232	1.73236	1.73259	1.73326	1.73402	1.66898	2.86906	4.68986	
84280.3	6.86219e+17	2.78994e+17	1.22088e+17	7.72463e+16	1.54493e+17	2.31739e+17	3.08985e+17	3.86232e+17	4.63478e+17	5.40721e+17	6.17944e+17	6.95083e+17	7.69439e+17	4.63807e+17	8.59946e+15	5.9275e+15	5.46979e+15	2.39359e+15	1.51445e+15	3.02889e+15	4.54334e+15	6.05778e+15	7.57223e+15	9.08694e+15	1.06035e+16	1.21321e+16	1.37151e+16	1.68717e+16	2.44189e+17	4.53997e+17	2.08067	1.73822	1.73822	1.73822	1.73822	1.73822	1.73822	1.73822	1.73826	1.73847	1.73909	1.73979	1.67226	2.85609	4.68986	
84533.4	6.86221e+17	2.78996e+17	1.22089e+17	7.72468e+16	1.54494e+17	2.31741e+17	3.08987e+17	3.86234e+17	4.63481e+17	5.40724e+17	6.1795e+17	6.95097e+17	7.69519e+17	4.65439e+17	8.59946e+15	5.92656e+15	5.46867e+15	2.3931e+15	1.51414e+15	3.02827e+15	4.54241e+15	6.05654e+15	7.57068e+15	9.08505e+15	1.06012e+16	1.21285e+16	1.37063e+16	1.68202e+16	2.4331e+17	4.53997e+17	2.08642	1.7442	1.7442	1.7442	1.7442	1.7442	1.7442	1.7442	1.74423	1.74443	1.745	1.74565	1.67564	2.84319	4.68986	
84783.4	6.86222e+17	2.78997e+17	1.2209e+17	7.72473e+16	1.54495e+17	2.31742e+17	3.08989e+17	3.86237e+17	4.63484e+17	5.40728e+17	6.17956e+17	6.9511e+17	7.69594e+17	4.67042e+17	8.59946e+15	5.92563e+15	5.46756e+15	2.39262e+15	1.51383e+15	3.02766e+15	4.54149e+15	6.05532e+15	7.56915e+15	9.0832e+15	1.05989e+16	1.21249e+16	1.3698e+16	1.67722e+16	2.42445e+17	4.53997e+17	2.09208	1.75011	1.75011	1.75011	1.75011	1.75011	1.75011	1.75011	1.75014	1.75032	1.75086	1.75146	1.67904	2.83063	4.68986	
85037.3	6.86224e+17	2.78999e+17	1.22091e+17	7.72478e+16	1.54496e+17	2.31744e+17	3.08991e+17	3.86239e+17	4.63487e+17	5.40732e+17	6.17962e+17	6.95123e+17	7.69665e+17	4.68661e+17	8.59946e+15	5.9247e+15	5.46645e+15	2.39213e+15	1.51352e+15	3.02704e+15	4.54056e+15	6.05408e+15	7.5676e+15	9.08133e+15	1.05965e+16	1.21214e+16	1.369e+16	1.67264e+16	2.4157e+17	4.53997e+17	2.09781	1.75613	1.75613	1.75613	1.75613	1.75613	1.75613	1.75613	1.75616	1.75632	1.75682	1.75738	1.68254	2.81808	4.68986	
85290.2	6.86226e+17	2.79001e+17	1.22092e+17	7.72483e+16	1.54497e+17	2.31745e+17	3.08993e+17	3.86242e+17	4.6349e+17	5.40736e+17	6.17967e+17	6.95135e+17	7.69732e+17	4.70265e+17	8.59946e+15	5.92377e+15	5.46534e+15	2.39165e+15	1.51321e+15	3.02643e+15	4.53964e+15	6.05286e+15	7.56607e+15	9.07948e+15	1.05943e+16	1.2118e+16	1.36823e+16	1.66835e+16	2.40704e+17	4.53997e+17	2.10347	1.76213	1.76213	1.76213	1.76213	1.76213	1.76213	1.76213	1.76216	1.76231	1.76277	1.76328	1.68608	2.80576	4.68986	
85540.2	6.86228e+17	2.79003e+17	1.22092e+17	7.72488e+16	1.54498e+17	2.31746e+17	3.08995e+17	3.86244e+17	4.63493e+17	5.40739e+17	6.17973e+17	6.95146e+17	7.69793e+17	4.71841e+17	8.59945e+15	5.92286e+15	5.46425e+15	2.39117e+15	1.51291e+15	3.02583e+15	4.53874e+15	6.05165e+15	7.56457e+15	9.07766e+15	1.0592e+16	1.21147e+16	1.36751e+16	1.66438e+16	2.39851e+17	4.53997e+17	2.10904	1.76807	1.76807	1.76807	1.76807	1.76807	1.76807	1.76807	1.76809	1.76823	1.76866	1.76914	1.68964	2.79377	4.68986	
85790.3	6.86229e+17	2.79005e+17	1.22093e+17	7.72493e+16	1.54499e+17	2.31748e+17	3.08997e+17	3.86247e+17	4.63496e+17	5.40743e+17	6.17978e+17	6.95157e+17	7.69851e+17	4.7341e+17	8.59945e+15	5.92195e+15	5.46317e+15	2.3907e+15	1.51261e+15	3.02523e+15	4.53784e+15	6.05045e+15	7.56307e+15	9.07585e+15	1.05898e+16	1.21114e+16	1.36682e+16	1.66067e+16	2.39001e+17	4.53997e+17	2.11458	1.77402	1.77402	1.77402	1.77402	1.77402	1.77402	1.77402	1.77404	1.77417	1.77456	1.775	1.69324	2.78195	4.68986	
86044	6.86231e+17	2.79006e+17	1.22094e+17	7.72498e+16	1.545e+17	2.31749e+17	3.08999e+17	3.86249e+17	4.63499e+17	5.40747e+17	6.17983e+17	6.95168e+17	7.69906e+17	4.74993e+17	8.59945e+15	5.92103e+15	5.46208e+15	2.39022e+15	1.51231e+15	3.02462e+15	4.53693e+15	6.04924e+15	7.56156e+15	9.07402e+15	1.05876e+16	1.21082e+16	1.36616e+16	1.65716e+16	2.38143e+17	4.53997e+17	2.12016	1.78006	1.78006	1.78006	1.78006	1.78006	1.78006	1.78006	1.78008	1.7802	1.78056	1.78097	1.69694	2.77013	4.68986	
86297	6.86233e+17	2.79008e+17	1.22095e+17	7.72503e+16	1.54501e+17	2.31751e+17	3.09001e+17	3.86252e+17	4.63502e+17	5.4075e+17	6.17988e+17	6.95178e+17	7.69956e+17	4.76563e+17	8.59945e+15	5.92012e+15	5.46099e+15	2.38974e+15	1.51201e+15	3.02402e+15	4.53603e+15	6.04804e+15	7.56005e+15	9.0722e+15	1.05854e+16	1.21051e+16	1.36552e+16	1.6539e+16	2.37291e+17	4.53997e+17	2.12568	1.78608	1.78608	1.78608	1.78608	1.78608	1.78608	1.78608	1.7861	1.78621	1.78655	1.78693	1.70068	2.75852	4.68986	
86547.4	6.86235e+17	2.7901e+17	1.22095e+17	7.72508e+16	1.54502e+17	2.31752e+17	3.09003e+17	3.86254e+17	4.63505e+17	5.40754e+17	6.17993e+17	6.95188e+17	7.70003e+17	4.78109e+17	8.59945e+15	5.91921e+15	5.45992e+15	2.38928e+15	1.51172e+15	3.02343e+15	4.53515e+15	6.04686e+15	7.55858e+15	9.07042e+15	1.05832e+16	1.21021e+16	1.36491e+16	1.65091e+16	2.36451e+17	4.53997e+17	2.13111	1.79205	1.79205	1.79205	1.79205	1.79205	1.79205	1.79205	1.79207	1.79217	1.79248	1.79283	1.70442	2.74719	4.68986	
86800.6	6.86236e+17	2.79012e+17	1.22096e+17	7.72513e+16	1.54503e+17	2.31754e+17	3.09005e+17	3.86256e+17	4.63507e+17	5.40757e+17	6.17998e+17	6.95197e+17	7.70046e+17	4.79664e+17	8.59945e+15	5.9183e+15	5.45885e+15	2.38881e+15	1.51142e+15	3.02284e+15	4.53425e+15	6.04567e+15	7.55709e+15	9.06862e+15	1.0581e+16	1.20991e+16	1.36433e+16	1.64811e+16	2.35606e+17	4.53997e+17	2.13654	1.79809	1.79809	1.79809	1.79809	1.79809	1.79809	1.79809	1.79811	1.7982	1.79849	1.79881	1.70824	2.7359	4.68986	
87050.8	6.86238e+17	2.79013e+17	1.22097e+17	7.72518e+16	1.54504e+17	2.31755e+17	3.09007e+17	3.86259e+17	4.6351e+17	5.40761e+17	6.18003e+17	6.95206e+17	7.70085e+17	4.81193e+17	8.59945e+15	5.91741e+15	5.45779e+15	2.38834e+15	1.51112e+15	3.02225e+15	4.53337e+15	6.0445e+15	7.55562e+15	9.06686e+15	1.05789e+16	1.20962e+16	1.36377e+16	1.64556e+16	2.34773e+17	4.53997e+17	2.14187	1.80407	1.80407	1.80407	1.80407	1.80407	1.80407	1.80407	1.80408	1.80417	1.80443	1.80473	1.71205	2.72489	4.68986	
87303.9	6.8624e+17	2.79015e+17	1.22098e+17	7.72522e+16	1.54504e+17	2.31757e+17	3.09009e+17	3.86261e+17	4.63513e+17	5.40764e+17	6.18007e+17	6.95215e+17	7.70122e+17	4.82731e+17	8.59945e+15	5.9165e+15	5.45673e+15	2.38788e+15	1.51083e+15	3.02166e+15	4.53249e+15	6.04332e+15	7.55415e+15	9.06508e+15	1.05767e+16	1.20933e+16	1.36323e+16	1.64319e+16	2.33935e+17	4.53997e+17	2.1472	1.81011	1.81011	1.81011	1.81011	1.81011	1.81011	1.81011	1.81012	1.8102	1.81044	1.81072	1.71595	2.71392	4.68986	
87553.9	6.86242e+17	2.79017e+17	1.22098e+17	7.72527e+16	1.54505e+17	2.31758e+17	3.09011e+17	3.86264e+17	4.63516e+17	5.40768e+17	6.18012e+17	6.95223e+17	7.70155e+17	4.84244e+17	8.59945e+15	5.91561e+15	5.45568e+15	2.38742e+15	1.51054e+15	3.02108e+15	4.53162e+15	6.04216e+15	7.5527e+15	9.06334e+15	1.05746e+16	1.20905e+16	1.36271e+16	1.64106e+16	2.33111e+17	4.53997e+17	2.15242	1.81608	1.81608	1.81608	1.81608	1.81608	1.81608	1.81608	1.81609	1.81617	1.81639	1.81665	1.71984	2.70323	4.68986	
87807.8	6.86243e+17	2.79019e+17	1.22099e+17	7.72532e+16	1.54506e+17	2.3176e+17	3.09013e+17	3.86266e+17	4.63519e+17	5.40771e+17	6.18017e+17	6.95231e+17	7.70185e+17	4.85772e+17	8.59945e+15	5.91471e+15	5.45463e+15	2.38696e+15	1.51025e+15	3.0205e+15	4.53074e+15	6.04099e+15	7.55124e+15	9.06158e+15	1.05725e+16	1.20877e+16	1.36221e+16	1.63909e+16	2.32277e+17	4.53997e+17	2.15766	1.82214	1.82214	1.82214	1.82214	1.82214	1.82214	1.82214	1.82216	1.82222	1.82243	1.82267	1.72382	2.69252	4.68986	
88060.7	6.86245e+17	2.7902e+17	1.221e+17	7.72537e+16	1.54507e+17	2.31761e+17	3.09015e+17	3.86268e+17	4.63522e+17	5.40774e+17	6.18021e+17	6.95239e+17	7.70213e+17	4.87286e+17	8.59945e+15	5.91381e+15	5.45358e+15	2.3865e+15	1.50996e+15	3.01992e+15	4.52987e+15	6.03983e+15	7.54979e+15	9.05983e+15	1.05704e+16	1.20849e+16	1.36173e+16	1.63732e+16	2.31449e+17	4.53997e+17	2.16283	1.82819	1.82819	1.82819	1.82819	1.82819	1.82819	1.82819	1.8282	1.82826	1.82845	1.82867	1.72782	2.68201	4.68986	
88310.7	6.86247e+17	2.79022e+17	1.22101e+17	7.72541e+16	1.54508e+17	2.31762e+17	3.09017e+17	3.86271e+17	4.63525e+17	5.40778e+17	6.18025e+17	6.95247e+17	7.70237e+17	4.88776e+17	8.59944e+15	5.91292e+15	5.45255e+15	2.38605e+15	1.50967e+15	3.01935e+15	4.52902e+15	6.03869e+15	7.54836e+15	9.05811e+15	1.05684e+16	1.20822e+16	1.36127e+16	1.63575e+16	2.30635e+17	4.53997e+17	2.16788	1.83416	1.83416	1.83416	1.83416	1.83416	1.83416	1.83416	1.83417	1.83423	1.8344	1.83461	1.7318	2.67175	4.68986	
88560.8	6.86248e+17	2.79024e+17	1.22101e+17	7.72546e+16	1.54509e+17	2.31764e+17	3.09018e+17	3.86273e+17	4.63527e+17	5.40781e+17	6.1803e+17	6.95254e+17	7.70258e+17	4.90258e+17	8.59944e+15	5.91204e+15	5.45152e+15	2.3856e+15	1.50939e+15	3.01878e+15	4.52817e+15	6.03755e+15	7.54694e+15	9.0564e+15	1.05663e+16	1.20796e+16	1.36082e+16	1.63435e+16	2.29823e+17	4.53997e+17	2.17288	1.84013	1.84013	1.84013	1.84013	1.84013	1.84013	1.84013	1.84014	1.8402	1.84036	1.84054	1.73581	2.66163	4.68986	
88814.6	6.8625e+17	2.79025e+17	1.22102e+17	7.72551e+16	1.5451e+17	2.31765e+17	3.0902e+17	3.86275e+17	4.6353e+17	5.40785e+17	6.18034e+17	6.95261e+17	7.70277e+17	4.91755e+17	8.59944e+15	5.91114e+15	5.45048e+15	2.38515e+15	1.5091e+15	3.0182e+15	4.5273e+15	6.03641e+15	7.54551e+15	9.05467e+15	1.05643e+16	1.20769e+16	1.36039e+16	1.63311e+16	2.29004e+17	4.53997e+17	2.1779	1.84619	1.84619	1.84619	1.84619	1.84619	1.84619	1.84619	1.8462	1.84625	1.8464	1.84657	1.73992	2.6515	4.68986	
89067.7	6.86252e+17	2.79027e+17	1.22103e+17	7.72555e+16	1.54511e+17	2.31767e+17	3.09022e+17	3.86278e+17	4.63533e+17	5.40788e+17	6.18038e+17	6.95268e+17	7.70293e+17	4.9324e+17	8.59944e+15	5.91025e+15	5.44946e+15	2.3847e+15	1.50882e+15	3.01763e+15	4.52645e+15	6.03527e+15	7.54408e+15	9.05296e+15	1.05622e+16	1.20744e+16	1.35997e+16	1.63204e+16	2.28189e+17	4.53996e+17	2.18284	1.85224	1.85224	1.85224	1.85224	1.85224	1.85224	1.85224	1.85224	1.85229	1.85243	1.85258	1.74403	2.64154	4.68986	
89318.1	6.86254e+17	2.79029e+17	1.22104e+17	7.7256e+16	1.54512e+17	2.31768e+17	3.09024e+17	3.8628e+17	4.63536e+17	5.40791e+17	6.18042e+17	6.95274e+17	7.70307e+17	4.94702e+17	8.59944e+15	5.90936e+15	5.44844e+15	2.38425e+15	1.50854e+15	3.01707e+15	4.52561e+15	6.03414e+15	7.54268e+15	9.05127e+15	1.05602e+16	1.20718e+16	1.35956e+16	1.63114e+16	2.27387e+17	4.53996e+17	2.18767	1.85821	1.85821	1.85821	1.85821	1.85821	1.85821	1.85821	1.85822	1.85826	1.85839	1.85853	1.74813	2.63181	4.68986	
89571.4	6.86255e+17	2.7903e+17	1.22104e+17	7.72564e+16	1.54513e+17	2.31769e+17	3.09026e+17	3.86282e+17	4.63539e+17	5.40794e+17	6.18046e+17	6.95281e+17	7.70318e+17	4.96173e+17	8.59944e+15	5.90847e+15	5.44742e+15	2.38381e+15	1.50825e+15	3.01651e+15	4.52476e+15	6.03301e+15	7.54127e+15	9.04957e+15	1.05582e+16	1.20693e+16	1.35917e+16	1.63038e+16	2.26579e+17	4.53996e+17	2.1925	1.86425	1.86425	1.86425	1.86425	1.86425	1.86425	1.86425	1.86426	1.8643	1.86441	1.86455	1.75231	2.6221	4.68986	
89821.7	6.86257e+17	2.79032e+17	1.22105e+17	7.72569e+16	1.54514e+17	2.31771e+17	3.09028e+17	3.86285e+17	4.63541e+17	5.40798e+17	6.1805e+17	6.95287e+17	7.70327e+17	4.97619e+17	8.59944e+15	5.90759e+15	5.44642e+15	2.38337e+15	1.50798e+15	3.01595e+15	4.52393e+15	6.0319e+15	7.53988e+15	9.0479e+15	1.05562e+16	1.20668e+16	1.35879e+16	1.62978e+16	2.25784e+17	4.53996e+17	2.19722	1.87022	1.87022	1.87022	1.87022	1.87022	1.87022	1.87022	1.87022	1.87026	1.87037	1.87049	1.75646	2.61264	4.68986	
90074.8	6.86259e+17	2.79034e+17	1.22106e+17	7.72574e+16	1.54515e+17	2.31772e+17	3.09029e+17	3.86287e+17	4.63544e+17	5.40801e+17	6.18055e+17	6.95293e+17	7.70333e+17	4.99075e+17	8.59944e+15	5.9067e+15	5.44541e+15	2.38293e+15	1.5077e+15	3.01539e+15	4.52309e+15	6.03079e+15	7.53848e+15	9.04622e+15	1.05543e+16	1.20643e+16	1.35841e+16	1.62932e+16	2.24983e+17	4.53996e+17	2.20193	1.87625	1.87625	1.87625	1.87625	1.87625	1.87625	1.87625	1.87625	1.87629	1.87639	1.8765	1.76067	2.60319	4.68986	
90324.9	6.8626e+17	2.79035e+17	1.22107e+17	7.72578e+16	1.54516e+17	2.31773e+17	3.09031e+17	3.86289e+17	4.63547e+17	5.40804e+17	6.18058e+17	6.95299e+17	7.70338e+17	5.00505e+17	8.59944e+15	5.90582e+15	5.44442e+15	2.38249e+15	1.50742e+15	3.01484e+15	4.52226e+15	6.02969e+15	7.53711e+15	9.04457e+15	1.05523e+16	1.20619e+16	1.35805e+16	1.62899e+16	2.24195e+17	4.53996e+17	2.20653	1.8822	1.8822	1.8822	1.8822	1.8822	1.8822	1.8822	1.88221	1.88224	1.88233	1.88243	1.76486	2.59399	4.68986	
90575	6.86262e+17	2.79037e+17	1.22107e+17	7.72583e+16	1.54517e+17	2.31775e+17	3.09033e+17	3.86291e+17	4.63549e+17	5.40807e+17	6.18062e+17	6.95304e+17	7.7034e+17	5.01928e+17	8.59944e+15	5.90494e+15	5.44343e+15	2.38206e+15	1.50715e+15	3.0143e+15	4.52144e+15	6.02859e+15	7.53574e+15	9.04292e+15	1.05504e+16	1.20595e+16	1.3577e+16	1.6288e+16	2.23411e+17	4.53996e+17	2.21107	1.88815	1.88815	1.88815	1.88815	1.88815	1.88815	1.88815	1.88815	1.88818	1.88826	1.88836	1.76907	2.5849	4.68986	
90825.1	6.86264e+17	2.79038e+17	1.22108e+17	7.72587e+16	1.54517e+17	2.31776e+17	3.09035e+17	3.86294e+17	4.63552e+17	5.4081e+17	6.18066e+17	6.9531e+17	7.70341e+17	5.03344e+17	8.59944e+15	5.90406e+15	5.44244e+15	2.38163e+15	1.50688e+15	3.01375e+15	4.52063e+15	6.0275e+15	7.53438e+15	9.04128e+15	1.05484e+16	1.20572e+16	1.35736e+16	1.62874e+16	2.22629e+17	4.53996e+17	2.21556	1.89409	1.89409	1.89409	1.89409	1.89409	1.89409	1.89409	1.89409	1.89412	1.89419	1.89429	1.7733	2.57594	4.68986	
91075.2	6.86265e+17	2.7904e+17	1.22109e+17	7.72591e+16	1.54518e+17	2.31777e+17	3.09037e+17	3.86296e+17	4.63555e+17	5.40814e+17	6.1807e+17	6.95315e+17	7.70339e+17	5.04753e+17	8.59944e+15	5.90319e+15	5.44146e+15	2.3812e+15	1.5066e+15	3.01321e+15	4.51981e+15	6.02642e+15	7.53302e+15	9.03965e+15	1.05465e+16	1.20548e+16	1.35703e+16	1.6288e+16	2.21851e+17	4.53996e+17	2.22	1.90003	1.90003	1.90003	1.90003	1.90003	1.90003	1.90003	1.90003	1.90005	1.90012	1.90021	1.77755	2.56708	4.68986	
91325.7	6.86267e+17	2.79042e+17	1.22109e+17	7.72596e+16	1.54519e+17	2.31779e+17	3.09038e+17	3.86298e+17	4.63558e+17	5.40817e+17	6.18074e+17	6.95321e+17	7.70336e+17	5.06156e+17	8.59944e+15	5.90231e+15	5.44049e+15	2.38077e+15	1.50633e+15	3.01267e+15	4.519e+15	6.02533e+15	7.53167e+15	9.03803e+15	1.05446e+16	1.20525e+16	1.3567e+16	1.62898e+16	2.21076e+17	4.53996e+17	2.22439	1.90596	1.90596	1.90596	1.90596	1.90596	1.90596	1.90596	1.90596	1.90599	1.90605	1.90613	1.78182	2.55834	4.68986	
91578.7	6.86269e+17	2.79043e+17	1.2211e+17	7.726e+16	1.5452e+17	2.3178e+17	3.0904e+17	3.863e+17	4.6356e+17	5.4082e+17	6.18078e+17	6.95326e+17	7.7033e+17	5.07566e+17	8.59944e+15	5.90142e+15	5.43951e+15	2.38034e+15	1.50606e+15	3.01212e+15	4.51818e+15	6.02425e+15	7.53031e+15	9.03639e+15	1.05427e+16	1.20502e+16	1.35638e+16	1.62928e+16	2.20296e+17	4.53996e+17	2.22877	1.91195	1.91195	1.91195	1.91195	1.91195	1.91195	1.91195	1.91195	1.91197	1.91203	1.9121	1.78615	2.54962	4.68986	
91829.4	6.8627e+17	2.79045e+17	1.22111e+17	7.72605e+16	1.54521e+17	2.31781e+17	3.09042e+17	3.86302e+17	4.63563e+17	5.40823e+17	6.18081e+17	6.95331e+17	7.70323e+17	5.08956e+17	8.59944e+15	5.90055e+15	5.43854e+15	2.37992e+15	1.50579e+15	3.01159e+15	4.51738e+15	6.02317e+15	7.52897e+15	9.03478e+15	1.05408e+16	1.20479e+16	1.35607e+16	1.62968e+16	2.19527e+17	4.53996e+17	2.23307	1.91788	1.91788	1.91788	1.91788	1.91788	1.91788	1.91788	1.91788	1.9179	1.91795	1.91802	1.79046	2.5411	4.68986	
92082.6	6.86272e+17	2.79046e+17	1.22111e+17	7.72609e+16	1.54522e+17	2.31783e+17	3.09044e+17	3.86305e+17	4.63565e+17	5.40826e+17	6.18085e+17	6.95336e+17	7.70315e+17	5.10352e+17	8.59944e+15	5.89966e+15	5.43756e+15	2.37949e+15	1.50552e+15	3.01105e+15	4.51657e+15	6.02209e+15	7.52762e+15	9.03316e+15	1.05389e+16	1.20456e+16	1.35576e+16	1.6302e+16	2.18754e+17	4.53996e+17	2.23736	1.92385	1.92385	1.92385	1.92385	1.92385	1.92385	1.92385	1.92385	1.92387	1.92392	1.92398	1.79483	2.5326	4.68986	
92332.8	6.86274e+17	2.79048e+17	1.22112e+17	7.72614e+16	1.54523e+17	2.31784e+17	3.09045e+17	3.86307e+17	4.63568e+17	5.40829e+17	6.18089e+17	6.95341e+17	7.70304e+17	5.11723e+17	8.59944e+15	5.89879e+15	5.4366e+15	2.37907e+15	1.50526e+15	3.01052e+15	4.51578e+15	6.02103e+15	7.52629e+15	9.03157e+15	1.0537e+16	1.20434e+16	1.35546e+16	1.63082e+16	2.17993e+17	4.53996e+17	2.24155	1.92975	1.92975	1.92975	1.92975	1.92975	1.92975	1.92975	1.92975	1.92976	1.92981	1.92987	1.79916	2.52431	4.68986	
92582.9	6.86275e+17	2.7905e+17	1.22113e+17	7.72618e+16	1.54524e+17	2.31785e+17	3.09047e+17	3.86309e+17	4.63571e+17	5.40832e+17	6.18092e+17	6.95345e+17	7.70292e+17	5.13087e+17	8.59944e+15	5.89792e+15	5.43565e+15	2.37866e+15	1.50499e+15	3.00999e+15	4.51498e+15	6.01998e+15	7.52497e+15	9.02998e+15	1.05351e+16	1.20412e+16	1.35516e+16	1.63153e+16	2.17237e+17	4.53996e+17	2.24569	1.93563	1.93563	1.93563	1.93563	1.93563	1.93563	1.93563	1.93563	1.93565	1.93569	1.93574	1.80351	2.51614	4.68986	
92833.2	6.86277e+17	2.79051e+17	1.22114e+17	7.72622e+16	1.54524e+17	2.31787e+17	3.09049e+17	3.86311e+17	4.63573e+17	5.40835e+17	6.18096e+17	6.9535e+17	7.70279e+17	5.14444e+17	8.59944e+15	5.89705e+15	5.4347e+15	2.37824e+15	1.50473e+15	3.00946e+15	4.51419e+15	6.01893e+15	7.52366e+15	9.02841e+15	1.05333e+16	1.2039e+16	1.35488e+16	1.63234e+16	2.16483e+17	4.53996e+17	2.24979	1.9415	1.9415	1.9415	1.9415	1.9415	1.9415	1.9415	1.94151	1.94152	1.94156	1.94161	1.80786	2.50807	4.68986	
93083.5	6.86279e+17	2.79053e+17	1.22114e+17	7.72626e+16	1.54525e+17	2.31788e+17	3.09051e+17	3.86313e+17	4.63576e+17	5.40838e+17	6.18099e+17	6.95355e+17	7.70264e+17	5.15794e+17	8.59944e+15	5.89617e+15	5.43376e+15	2.37783e+15	1.50447e+15	3.00894e+15	4.51341e+15	6.01788e+15	7.52235e+15	9.02683e+15	1.05314e+16	1.20368e+16	1.35459e+16	1.63324e+16	2.15733e+17	4.53996e+17	2.25385	1.94737	1.94737	1.94737	1.94737	1.94737	1.94737	1.94737	1.94737	1.94738	1.94742	1.94746	1.81224	2.5001	4.68986	
93333.6	6.8628e+17	2.79054e+17	1.22115e+17	7.72631e+16	1.54526e+17	2.31789e+17	3.09052e+17	3.86315e+17	4.63578e+17	5.40841e+17	6.18103e+17	6.95359e+17	7.70248e+17	5.17136e+17	8.59944e+15	5.89531e+15	5.43281e+15	2.37741e+15	1.50421e+15	3.00842e+15	4.51263e+15	6.01684e+15	7.52105e+15	9.02527e+15	1.05296e+16	1.20346e+16	1.35431e+16	1.63424e+16	2.14987e+17	4.53996e+17	2.25786	1.95322	1.95322	1.95322	1.95322	1.95322	1.95322	1.95322	1.95322	1.95323	1.95326	1.9533	1.81662	2.49224	4.68986	
93583.9	6.86282e+17	2.79056e+17	1.22116e+17	7.72635e+16	1.54527e+17	2.3179e+17	3.09054e+17	3.86317e+17	4.63581e+17	5.40844e+17	6.18107e+17	6.95364e+17	7.7023e+17	5.18471e+17	8.59944e+15	5.89444e+15	5.43188e+15	2.377e+15	1.50395e+15	3.0079e+15	4.51185e+15	6.0158e+15	7.51975e+15	9.02371e+15	1.05278e+16	1.20325e+16	1.35404e+16	1.63531e+16	2.14243e+17	4.53996e+17	2.26184	1.95905	1.95905	1.95905	1.95905	1.95905	1.95905	1.95905	1.95906	1.95907	1.9591	1.95913	1.82102	2.48447	4.68986	
93834.1	6.86284e+17	2.79057e+17	1.22116e+17	7.72639e+16	1.54528e+17	2.31792e+17	3.09056e+17	3.8632e+17	4.63583e+17	5.40847e+17	6.1811e+17	6.95368e+17	7.70211e+17	5.19798e+17	8.59944e+15	5.89357e+15	5.43094e+15	2.37659e+15	1.50369e+15	3.00738e+15	4.51107e+15	6.01476e+15	7.51846e+15	9.02216e+15	1.05259e+16	1.20303e+16	1.35377e+16	1.63648e+16	2.13504e+17	4.53996e+17	2.26578	1.96488	1.96488	1.96488	1.96488	1.96488	1.96488	1.96488	1.96488	1.96489	1.96492	1.96495	1.82542	2.47681	4.68986	
94084.4	6.86285e+17	2.79059e+17	1.22117e+17	7.72643e+16	1.54529e+17	2.31793e+17	3.09057e+17	3.86322e+17	4.63586e+17	5.4085e+17	6.18114e+17	6.95373e+17	7.70191e+17	5.21118e+17	8.59944e+15	5.8927e+15	5.43001e+15	2.37619e+15	1.50343e+15	3.00687e+15	4.5103e+15	6.01373e+15	7.51717e+15	9.02061e+15	1.05241e+16	1.20282e+16	1.3535e+16	1.63772e+16	2.12769e+17	4.53996e+17	2.26969	1.97069	1.97069	1.97069	1.97069	1.97069	1.97069	1.97069	1.97069	1.9707	1.97072	1.97075	1.82984	2.46925	4.68986	
94334.6	6.86287e+17	2.7906e+17	1.22118e+17	7.72648e+16	1.5453e+17	2.31794e+17	3.09059e+17	3.86324e+17	4.63589e+17	5.40853e+17	6.18117e+17	6.95377e+17	7.7017e+17	5.2243e+17	8.59944e+15	5.89184e+15	5.42909e+15	2.37578e+15	1.50318e+15	3.00635e+15	4.50953e+15	6.01271e+15	7.51589e+15	9.01907e+15	1.05223e+16	1.20261e+16	1.35324e+16	1.63904e+16	2.12037e+17	4.53996e+17	2.27356	1.97648	1.97648	1.97648	1.97648	1.97648	1.97648	1.97648	1.97648	1.97649	1.97651	1.97654	1.83427	2.46179	4.68986	
94584.9	6.86289e+17	2.79062e+17	1.22118e+17	7.72652e+16	1.5453e+17	2.31796e+17	3.09061e+17	3.86326e+17	4.63591e+17	5.40856e+17	6.1812e+17	6.95381e+17	7.70147e+17	5.23735e+17	8.59944e+15	5.89097e+15	5.42817e+15	2.37538e+15	1.50292e+15	3.00584e+15	4.50877e+15	6.01169e+15	7.51461e+15	9.01754e+15	1.05205e+16	1.2024e+16	1.35298e+16	1.64044e+16	2.11308e+17	4.53996e+17	2.27739	1.98226	1.98226	1.98226	1.98226	1.98226	1.98226	1.98226	1.98226	1.98227	1.98229	1.98231	1.8387	2.45442	4.68986	
94835.4	6.8629e+17	2.79063e+17	1.22119e+17	7.72656e+16	1.54531e+17	2.31797e+17	3.09062e+17	3.86328e+17	4.63594e+17	5.40859e+17	6.18124e+17	6.95385e+17	7.70123e+17	5.25032e+17	8.59944e+15	5.89011e+15	5.42725e+15	2.37498e+15	1.50267e+15	3.00534e+15	4.508e+15	6.01067e+15	7.51334e+15	9.01601e+15	1.05188e+16	1.20219e+16	1.35272e+16	1.64191e+16	2.10583e+17	4.53996e+17	2.2812	1.98802	1.98802	1.98802	1.98802	1.98802	1.98802	1.98802	1.98802	1.98803	1.98805	1.98807	1.84315	2.44715	4.68986	
95085.5	6.86292e+17	2.79065e+17	1.2212e+17	7.7266e+16	1.54532e+17	2.31798e+17	3.09064e+17	3.8633e+17	4.63596e+17	5.40862e+17	6.18127e+17	6.95389e+17	7.70099e+17	5.26321e+17	8.59944e+15	5.88925e+15	5.42633e+15	2.37458e+15	1.50241e+15	3.00483e+15	4.50724e+15	6.00966e+15	7.51207e+15	9.0145e+15	1.0517e+16	1.20199e+16	1.35247e+16	1.64345e+16	2.09863e+17	4.53996e+17	2.28497	1.99376	1.99376	1.99376	1.99376	1.99376	1.99376	1.99376	1.99376	1.99377	1.99379	1.99381	1.8476	2.43997	4.68986	
95336	6.86294e+17	2.79066e+17	1.2212e+17	7.72664e+16	1.54533e+17	2.31799e+17	3.09066e+17	3.86332e+17	4.63599e+17	5.40865e+17	6.18131e+17	6.95393e+17	7.70073e+17	5.27604e+17	8.59944e+15	5.88838e+15	5.42542e+15	2.37418e+15	1.50216e+15	3.00432e+15	4.50649e+15	6.00865e+15	7.51081e+15	9.01298e+15	1.05152e+16	1.20178e+16	1.35222e+16	1.64506e+16	2.09145e+17	4.53996e+17	2.28871	1.99949	1.99949	1.99949	1.99949	1.99949	1.99949	1.99949	1.99949	1.9995	1.99951	1.99953	1.85206	2.43289	4.68986	
95586.3	6.86295e+17	2.79068e+17	1.22121e+17	7.72668e+16	1.54534e+17	2.318e+17	3.09067e+17	3.86334e+17	4.63601e+17	5.40868e+17	6.18134e+17	6.95398e+17	7.70046e+17	5.28878e+17	8.59944e+15	5.88753e+15	5.42451e+15	2.37378e+15	1.50191e+15	3.00382e+15	4.50573e+15	6.00764e+15	7.50956e+15	9.01147e+15	1.05134e+16	1.20157e+16	1.35197e+16	1.64673e+16	2.08432e+17	4.53996e+17	2.29242	2.0052	2.0052	2.0052	2.0052	2.0052	2.0052	2.0052	2.0052	2.0052	2.00522	2.00524	1.85653	2.42589	4.68986	
95836.7	6.86297e+17	2.79069e+17	1.22121e+17	7.72672e+16	1.54534e+17	2.31802e+17	3.09069e+17	3.86336e+17	4.63603e+17	5.40871e+17	6.18137e+17	6.95402e+17	7.70018e+17	5.30145e+17	8.59944e+15	5.88667e+15	5.42361e+15	2.37339e+15	1.50166e+15	3.00332e+15	4.50498e+15	6.00664e+15	7.5083e+15	9.00997e+15	1.05117e+16	1.20137e+16	1.35173e+16	1.64847e+16	2.07722e+17	4.53997e+17	2.29611	2.01089	2.01089	2.01089	2.01089	2.01089	2.01089	2.01089	2.01089	2.01089	2.01091	2.01092	1.861	2.41899	4.68986	
96087	6.86299e+17	2.79071e+17	1.22122e+17	7.72677e+16	1.54535e+17	2.31803e+17	3.09071e+17	3.86338e+17	4.63606e+17	5.40873e+17	6.18141e+17	6.95406e+17	7.69989e+17	5.31404e+17	8.59944e+15	5.88581e+15	5.42271e+15	2.37299e+15	1.50141e+15	3.00282e+15	4.50423e+15	6.00565e+15	7.50706e+15	9.00848e+15	1.05099e+16	1.20117e+16	1.35148e+16	1.65028e+16	2.07016e+17	4.53997e+17	2.29977	2.01655	2.01655	2.01655	2.01655	2.01655	2.01655	2.01655	2.01655	2.01656	2.01657	2.01658	1.86548	2.41218	4.68986	
96337.4	6.863e+17	2.79072e+17	1.22123e+17	7.72681e+16	1.54536e+17	2.31804e+17	3.09072e+17	3.8634e+17	4.63608e+17	5.40876e+17	6.18144e+17	6.95409e+17	7.69959e+17	5.32656e+17	8.59944e+15	5.88496e+15	5.42181e+15	2.3726e+15	1.50116e+15	3.00233e+15	4.50349e+15	6.00465e+15	7.50582e+15	9.00698e+15	1.05082e+16	1.20097e+16	1.35124e+16	1.65214e+16	2.06313e+17	4.53997e+17	2.30341	2.0222	2.0222	2.0222	2.0222	2.0222	2.0222	2.0222	2.0222	2.0222	2.02221	2.02223	1.86997	2.40545	4.68986	
96588	6.86302e+17	2.79074e+17	1.22123e+17	7.72685e+16	1.54537e+17	2.31805e+17	3.09074e+17	3.86342e+17	4.63611e+17	5.40879e+17	6.18147e+17	6.95413e+17	7.69928e+17	5.339e+17	8.59944e+15	5.8841e+15	5.42092e+15	2.37221e+15	1.50092e+15	3.00183e+15	4.50275e+15	6.00366e+15	7.50458e+15	9.0055e+15	1.05065e+16	1.20076e+16	1.351e+16	1.65406e+16	2.05615e+17	4.53997e+17	2.30702	2.02782	2.02782	2.02782	2.02782	2.02782	2.02782	2.02782	2.02782	2.02783	2.02784	2.02785	1.87446	2.39881	4.68986	
96838.2	6.86303e+17	2.79075e+17	1.22124e+17	7.72689e+16	1.54538e+17	2.31807e+17	3.09075e+17	3.86344e+17	4.63613e+17	5.40882e+17	6.1815e+17	6.95417e+17	7.69896e+17	5.35136e+17	8.59944e+15	5.88325e+15	5.42003e+15	2.37182e+15	1.50067e+15	3.00134e+15	4.50201e+15	6.00268e+15	7.50335e+15	9.00402e+15	1.05047e+16	1.20057e+16	1.35077e+16	1.65604e+16	2.0492e+17	4.53997e+17	2.31061	2.03342	2.03342	2.03342	2.03342	2.03342	2.03342	2.03342	2.03342	2.03342	2.03343	2.03345	1.87896	2.39227	4.68986	
97088.8	6.86305e+17	2.79077e+17	1.22125e+17	7.72693e+16	1.54539e+17	2.31808e+17	3.09077e+17	3.86346e+17	4.63616e+17	5.40885e+17	6.18154e+17	6.95421e+17	7.69863e+17	5.36365e+17	8.59944e+15	5.8824e+15	5.41914e+15	2.37143e+15	1.50042e+15	3.00085e+15	4.50127e+15	6.00169e+15	7.50212e+15	9.00255e+15	1.0503e+16	1.20037e+16	1.35053e+16	1.65807e+16	2.04229e+17	4.53997e+17	2.31418	2.039	2.039	2.039	2.039	2.039	2.039	2.039	2.039	2.039	2.03901	2.03902	1.88346	2.3858	4.68986	
97339.2	6.86307e+17	2.79078e+17	1.22125e+17	7.72697e+16	1.54539e+17	2.31809e+17	3.09079e+17	3.86348e+17	4.63618e+17	5.40888e+17	6.18157e+17	6.95425e+17	7.6983e+17	5.37586e+17	8.59944e+15	5.88155e+15	5.41826e+15	2.37104e+15	1.50018e+15	3.00036e+15	4.50054e+15	6.00072e+15	7.50089e+15	9.00108e+15	1.05013e+16	1.20017e+16	1.3503e+16	1.66016e+16	2.03543e+17	4.53997e+17	2.31773	2.04455	2.04455	2.04455	2.04455	2.04455	2.04455	2.04455	2.04455	2.04455	2.04456	2.04457	1.88796	2.37942	4.68986	
97589.7	6.86308e+17	2.7908e+17	1.22126e+17	7.72701e+16	1.5454e+17	2.3181e+17	3.0908e+17	3.8635e+17	4.6362e+17	5.4089e+17	6.1816e+17	6.95429e+17	7.69795e+17	5.38799e+17	8.59944e+15	5.88071e+15	5.41738e+15	2.37066e+15	1.49993e+15	2.99987e+15	4.4998e+15	5.99974e+15	7.49967e+15	8.99961e+15	1.04996e+16	1.19997e+16	1.35007e+16	1.6623e+16	2.02859e+17	4.53997e+17	2.32126	2.05008	2.05008	2.05008	2.05008	2.05008	2.05008	2.05008	2.05008	2.05008	2.05009	2.0501	1.89247	2.37311	4.68986	
97840.1	6.8631e+17	2.79081e+17	1.22127e+17	7.72705e+16	1.54541e+17	2.31811e+17	3.09082e+17	3.86352e+17	4.63623e+17	5.40893e+17	6.18163e+17	6.95432e+17	7.6976e+17	5.40005e+17	8.59944e+15	5.87986e+15	5.4165e+15	2.37027e+15	1.49969e+15	2.99938e+15	4.49908e+15	5.99877e+15	7.49846e+15	8.99815e+15	1.04979e+16	1.19977e+16	1.34984e+16	1.66449e+16	2.0218e+17	4.53997e+17	2.32477	2.05558	2.05558	2.05558	2.05558	2.05558	2.05558	2.05558	2.05558	2.05558	2.05559	2.0556	1.89698	2.3669	4.68986	
98090.7	6.86311e+17	2.79082e+17	1.22127e+17	7.72709e+16	1.54542e+17	2.31813e+17	3.09083e+17	3.86354e+17	4.63625e+17	5.40896e+17	6.18167e+17	6.95436e+17	7.69724e+17	5.41203e+17	8.59944e+15	5.87902e+15	5.41563e+15	2.36989e+15	1.49945e+15	2.9989e+15	4.49835e+15	5.9978e+15	7.49725e+15	8.9967e+15	1.04962e+16	1.19958e+16	1.34961e+16	1.66673e+16	2.01505e+17	4.53997e+17	2.32826	2.06106	2.06106	2.06106	2.06106	2.06106	2.06106	2.06106	2.06106	2.06106	2.06107	2.06107	1.90149	2.36076	4.68986	
98341.3	6.86313e+17	2.79084e+17	1.22128e+17	7.72713e+16	1.54543e+17	2.31814e+17	3.09085e+17	3.86356e+17	4.63628e+17	5.40899e+17	6.1817e+17	6.9544e+17	7.69688e+17	5.42394e+17	8.59944e+15	5.87818e+15	5.41475e+15	2.36951e+15	1.49921e+15	2.99842e+15	4.49762e+15	5.99683e+15	7.49604e+15	8.99525e+15	1.04945e+16	1.19938e+16	1.34939e+16	1.66902e+16	2.00833e+17	4.53997e+17	2.33174	2.06651	2.06651	2.06651	2.06651	2.06651	2.06651	2.06651	2.06651	2.06651	2.06652	2.06652	1.90601	2.3547	4.68986	
98591.7	6.86315e+17	2.79085e+17	1.22128e+17	7.72717e+16	1.54543e+17	2.31815e+17	3.09087e+17	3.86358e+17	4.6363e+17	5.40902e+17	6.18173e+17	6.95443e+17	7.6965e+17	5.43576e+17	8.59944e+15	5.87734e+15	5.41388e+15	2.36913e+15	1.49897e+15	2.99794e+15	4.4969e+15	5.99587e+15	7.49484e+15	8.99381e+15	1.04928e+16	1.19919e+16	1.34916e+16	1.67136e+16	2.00166e+17	4.53997e+17	2.3352	2.07192	2.07192	2.07192	2.07192	2.07192	2.07192	2.07192	2.07192	2.07193	2.07193	2.07194	1.91052	2.34872	4.68986	
98842.3	6.86316e+17	2.79087e+17	1.22129e+17	7.7272e+16	1.54544e+17	2.31816e+17	3.09088e+17	3.8636e+17	4.63632e+17	5.40904e+17	6.18176e+17	6.95447e+17	7.69612e+17	5.44751e+17	8.59944e+15	5.8765e+15	5.41302e+15	2.36875e+15	1.49873e+15	2.99746e+15	4.49618e+15	5.99491e+15	7.49364e+15	8.99237e+15	1.04911e+16	1.199e+16	1.34894e+16	1.67374e+16	1.99502e+17	4.53997e+17	2.33864	2.07732	2.07732	2.07732	2.07732	2.07732	2.07732	2.07732	2.07732	2.07732	2.07733	2.07733	1.91504	2.34282	4.68986	
99092.9	6.86318e+17	2.79088e+17	1.2213e+17	7.72724e+16	1.54545e+17	2.31817e+17	3.0909e+17	3.86362e+17	4.63635e+17	5.40907e+17	6.18179e+17	6.95451e+17	7.69573e+17	5.45918e+17	8.59944e+15	5.87567e+15	5.41215e+15	2.36837e+15	1.49849e+15	2.99698e+15	4.49547e+15	5.99396e+15	7.49244e+15	8.99094e+15	1.04894e+16	1.1988e+16	1.34872e+16	1.67616e+16	1.98843e+17	4.53997e+17	2.34207	2.08268	2.08268	2.08268	2.08268	2.08268	2.08268	2.08268	2.08268	2.08268	2.08269	2.08269	1.91956	2.33699	4.68986	
99343.5	6.86319e+17	2.7909e+17	1.2213e+17	7.72728e+16	1.54546e+17	2.31818e+17	3.09091e+17	3.86364e+17	4.63637e+17	5.4091e+17	6.18182e+17	6.95454e+17	7.69534e+17	5.47078e+17	8.59944e+15	5.87484e+15	5.41129e+15	2.368e+15	1.49825e+15	2.9965e+15	4.49475e+15	5.993e+15	7.49125e+15	8.98951e+15	1.04878e+16	1.19861e+16	1.3485e+16	1.67863e+16	1.98187e+17	4.53997e+17	2.34548	2.08802	2.08802	2.08802	2.08802	2.08802	2.08802	2.08802	2.08802	2.08802	2.08802	2.08803	1.92408	2.33124	4.68986	
99594	6.86321e+17	2.79091e+17	1.22131e+17	7.72732e+16	1.54546e+17	2.3182e+17	3.09093e+17	3.86366e+17	4.63639e+17	5.40913e+17	6.18186e+17	6.95458e+17	7.69494e+17	5.48229e+17	8.59944e+15	5.87401e+15	5.41044e+15	2.36762e+15	1.49801e+15	2.99603e+15	4.49404e+15	5.99205e+15	7.49007e+15	8.98808e+15	1.04861e+16	1.19842e+16	1.34828e+16	1.68114e+16	1.97536e+17	4.53997e+17	2.34888	2.09332	2.09332	2.09332	2.09332	2.09332	2.09332	2.09332	2.09332	2.09332	2.09332	2.09333	1.92859	2.32557	4.68986	
99844.6	6.86323e+17	2.79092e+17	1.22132e+17	7.72736e+16	1.54547e+17	2.31821e+17	3.09094e+17	3.86368e+17	4.63642e+17	5.40915e+17	6.18189e+17	6.95462e+17	7.69453e+17	5.49374e+17	8.59945e+15	5.87318e+15	5.40958e+15	2.36725e+15	1.49778e+15	2.99555e+15	4.49333e+15	5.99111e+15	7.48888e+15	8.98666e+15	1.04844e+16	1.19823e+16	1.34806e+16	1.68369e+16	1.96888e+17	4.53997e+17	2.35227	2.09859	2.09859	2.09859	2.09859	2.09859	2.09859	2.09859	2.09859	2.09859	2.0986	2.0986	1.93311	2.31996	4.68986	
100095	6.86324e+17	2.79094e+17	1.22132e+17	7.7274e+16	1.54548e+17	2.31822e+17	3.09096e+17	3.8637e+17	4.63644e+17	5.40918e+17	6.18192e+17	6.95465e+17	7.69411e+17	5.50511e+17	8.59945e+15	5.87235e+15	5.40873e+15	2.36687e+15	1.49754e+15	2.99508e+15	4.49262e+15	5.99016e+15	7.4877e+15	8.98524e+15	1.04828e+16	1.19804e+16	1.34784e+16	1.68629e+16	1.96244e+17	4.53997e+17	2.35565	2.10384	2.10384	2.10384	2.10384	2.10384	2.10384	2.10384	2.10384	2.10384	2.10384	2.10384	1.93763	2.31443	4.68986	
100346	6.86326e+17	2.79095e+17	1.22133e+17	7.72744e+16	1.54549e+17	2.31823e+17	3.09098e+17	3.86372e+17	4.63646e+17	5.40921e+17	6.18195e+17	6.95469e+17	7.69369e+17	5.51639e+17	8.59945e+15	5.87153e+15	5.40788e+15	2.3665e+15	1.4973e+15	2.99461e+15	4.49191e+15	5.98922e+15	7.48652e+15	8.98383e+15	1.04811e+16	1.19785e+16	1.34762e+16	1.68892e+16	1.95604e+17	4.53997e+17	2.35901	2.10904	2.10904	2.10904	2.10904	2.10904	2.10904	2.10904	2.10904	2.10904	2.10905	2.10905	1.94214	2.30898	4.68986	
100597	6.86327e+17	2.79096e+17	1.22133e+17	7.72748e+16	1.5455e+17	2.31824e+17	3.09099e+17	3.86374e+17	4.63649e+17	5.40923e+17	6.18198e+17	6.95472e+17	7.69326e+17	5.5276e+17	8.59945e+15	5.8707e+15	5.40703e+15	2.36613e+15	1.49707e+15	2.99414e+15	4.49121e+15	5.98828e+15	7.48535e+15	8.98242e+15	1.04795e+16	1.19766e+16	1.34741e+16	1.69159e+16	1.94968e+17	4.53997e+17	2.36236	2.11422	2.11422	2.11422	2.11422	2.11422	2.11422	2.11422	2.11422	2.11422	2.11423	2.11423	1.94665	2.30359	4.68986	
100847	6.86329e+17	2.79098e+17	1.22134e+17	7.72751e+16	1.5455e+17	2.31825e+17	3.09101e+17	3.86376e+17	4.63651e+17	5.40926e+17	6.18201e+17	6.95476e+17	7.69283e+17	5.53873e+17	8.59945e+15	5.86988e+15	5.40618e+15	2.36576e+15	1.49684e+15	2.99367e+15	4.49051e+15	5.98734e+15	7.48418e+15	8.98102e+15	1.04779e+16	1.19748e+16	1.34719e+16	1.6943e+16	1.94336e+17	4.53997e+17	2.3657	2.11937	2.11937	2.11937	2.11937	2.11937	2.11937	2.11937	2.11937	2.11937	2.11937	2.11937	1.95116	2.29827	4.68986	
101098	6.8633e+17	2.79099e+17	1.22135e+17	7.72755e+16	1.54551e+17	2.31827e+17	3.09102e+17	3.86378e+17	4.63653e+17	5.40929e+17	6.18204e+17	6.95479e+17	7.69239e+17	5.54979e+17	8.59945e+15	5.86907e+15	5.40534e+15	2.36539e+15	1.4966e+15	2.99321e+15	4.48981e+15	5.98641e+15	7.48301e+15	8.97962e+15	1.04762e+16	1.19729e+16	1.34698e+16	1.69704e+16	1.93708e+17	4.53997e+17	2.36903	2.12448	2.12448	2.12448	2.12448	2.12448	2.12448	2.12448	2.12448	2.12448	2.12449	2.12449	1.95567	2.29303	4.68986	
101349	6.86332e+17	2.79101e+17	1.22135e+17	7.72759e+16	1.54552e+17	2.31828e+17	3.09104e+17	3.8638e+17	4.63655e+17	5.40931e+17	6.18207e+17	6.95483e+17	7.69195e+17	5.56077e+17	8.59945e+15	5.86825e+15	5.4045e+15	2.36502e+15	1.49637e+15	2.99274e+15	4.48911e+15	5.98548e+15	7.48185e+15	8.97822e+15	1.04746e+16	1.1971e+16	1.34677e+16	1.69982e+16	1.93085e+17	4.53997e+17	2.37235	2.12956	2.12956	2.12956	2.12956	2.12956	2.12956	2.12956	2.12956	2.12956	2.12956	2.12957	1.96017	2.28785	4.68986	
101599	6.86333e+17	2.79102e+17	1.22136e+17	7.72763e+16	1.54553e+17	2.31829e+17	3.09105e+17	3.86381e+17	4.63658e+17	5.40934e+17	6.1821e+17	6.95486e+17	7.6915e+17	5.57168e+17	8.59945e+15	5.86744e+15	5.40366e+15	2.36466e+15	1.49614e+15	2.99228e+15	4.48841e+15	5.98455e+15	7.48069e+15	8.97683e+15	1.0473e+16	1.19692e+16	1.34656e+16	1.70263e+16	1.92465e+17	4.53997e+17	2.37566	2.13461	2.13461	2.13461	2.13461	2.13461	2.13461	2.13461	2.13461	2.13461	2.13461	2.13461	1.96467	2.28274	4.68986	
101850	6.86335e+17	2.79103e+17	1.22136e+17	7.72767e+16	1.54553e+17	2.3183e+17	3.09107e+17	3.86383e+17	4.6366e+17	5.40937e+17	6.18213e+17	6.9549e+17	7.69104e+17	5.58251e+17	8.59945e+15	5.86662e+15	5.40283e+15	2.36429e+15	1.49591e+15	2.99181e+15	4.48772e+15	5.98362e+15	7.47953e+15	8.97544e+15	1.04713e+16	1.19673e+16	1.34634e+16	1.70548e+16	1.91848e+17	4.53997e+17	2.37897	2.13962	2.13962	2.13962	2.13962	2.13962	2.13962	2.13962	2.13962	2.13962	2.13963	2.13963	1.96917	2.27769	4.68986	
102101	6.86337e+17	2.79105e+17	1.22137e+17	7.72771e+16	1.54554e+17	2.31831e+17	3.09108e+17	3.86385e+17	4.63662e+17	5.40939e+17	6.18216e+17	6.95493e+17	7.69058e+17	5.59325e+17	8.59945e+15	5.86581e+15	5.40199e+15	2.36393e+15	1.49568e+15	2.99135e+15	4.48703e+15	5.9827e+15	7.47838e+15	8.97405e+15	1.04697e+16	1.19654e+16	1.34613e+16	1.70836e+16	1.91237e+17	4.53997e+17	2.38225	2.1446	2.1446	2.1446	2.1446	2.1446	2.1446	2.1446	2.1446	2.1446	2.1446	2.1446	1.97366	2.27271	4.68986	
102352	6.86338e+17	2.79106e+17	1.22138e+17	7.72774e+16	1.54555e+17	2.31832e+17	3.0911e+17	3.86387e+17	4.63665e+17	5.40942e+17	6.18219e+17	6.95496e+17	7.69012e+17	5.60393e+17	8.59945e+15	5.86501e+15	5.40116e+15	2.36356e+15	1.49544e+15	2.99089e+15	4.48633e+15	5.98178e+15	7.47722e+15	8.97267e+15	1.04681e+16	1.19636e+16	1.34593e+16	1.71128e+16	1.90629e+17	4.53997e+17	2.38554	2.14955	2.14955	2.14955	2.14955	2.14955	2.14955	2.14955	2.14955	2.14955	2.14955	2.14955	1.97815	2.26779	4.68986	
102602	6.8634e+17	2.79107e+17	1.22138e+17	7.72778e+16	1.54556e+17	2.31833e+17	3.09111e+17	3.86389e+17	4.63667e+17	5.40945e+17	6.18222e+17	6.955e+17	7.68965e+17	5.61453e+17	8.59945e+15	5.8642e+15	5.40033e+15	2.3632e+15	1.49522e+15	2.99043e+15	4.48565e+15	5.98086e+15	7.47608e+15	8.97129e+15	1.04665e+16	1.19618e+16	1.34572e+16	1.71422e+16	1.90025e+17	4.53997e+17	2.38881	2.15446	2.15446	2.15446	2.15446	2.15446	2.15446	2.15446	2.15446	2.15446	2.15446	2.15446	1.98263	2.26294	4.68986	
102853	6.86341e+17	2.79109e+17	1.22139e+17	7.72782e+16	1.54556e+17	2.31835e+17	3.09113e+17	3.86391e+17	4.63669e+17	5.40947e+17	6.18225e+17	6.95503e+17	7.68917e+17	5.62506e+17	8.59945e+15	5.8634e+15	5.3995e+15	2.36284e+15	1.49499e+15	2.98997e+15	4.48496e+15	5.97994e+15	7.47493e+15	8.96992e+15	1.04649e+16	1.19599e+16	1.34551e+16	1.7172e+16	1.89425e+17	4.53997e+17	2.39208	2.15934	2.15934	2.15934	2.15934	2.15934	2.15934	2.15934	2.15934	2.15934	2.15934	2.15934	1.9871	2.25815	4.68986	
103104	6.86343e+17	2.7911e+17	1.22139e+17	7.72786e+16	1.54557e+17	2.31836e+17	3.09114e+17	3.86393e+17	4.63671e+17	5.4095e+17	6.18228e+17	6.95507e+17	7.68869e+17	5.6355e+17	8.59945e+15	5.8626e+15	5.39868e+15	2.36248e+15	1.49476e+15	2.98951e+15	4.48427e+15	5.97903e+15	7.47379e+15	8.96854e+15	1.04633e+16	1.19581e+16	1.3453e+16	1.7202e+16	1.88829e+17	4.53997e+17	2.39533	2.16418	2.16418	2.16418	2.16418	2.16418	2.16418	2.16418	2.16418	2.16418	2.16418	2.16418	1.99157	2.25343	4.68986	
103355	6.86344e+17	2.79112e+17	1.2214e+17	7.72789e+16	1.54558e+17	2.31837e+17	3.09116e+17	3.86395e+17	4.63674e+17	5.40953e+17	6.18231e+17	6.9551e+17	7.68821e+17	5.64588e+17	8.59945e+15	5.8618e+15	5.39785e+15	2.36211e+15	1.49453e+15	2.98906e+15	4.48359e+15	5.97812e+15	7.47265e+15	8.96718e+15	1.04617e+16	1.19563e+16	1.34509e+16	1.72323e+16	1.88237e+17	4.53997e+17	2.39858	2.16898	2.16898	2.16898	2.16898	2.16898	2.16898	2.16898	2.16899	2.16899	2.16899	2.16899	1.99604	2.24876	4.68986	
103606	6.86346e+17	2.79113e+17	1.22141e+17	7.72793e+16	1.54559e+17	2.31838e+17	3.09117e+17	3.86397e+17	4.63676e+17	5.40955e+17	6.18234e+17	6.95513e+17	7.68772e+17	5.65618e+17	8.59945e+15	5.861e+15	5.39703e+15	2.36176e+15	1.4943e+15	2.9886e+15	4.48291e+15	5.97721e+15	7.47151e+15	8.96581e+15	1.04601e+16	1.19544e+16	1.34489e+16	1.7263e+16	1.87649e+17	4.53997e+17	2.40183	2.17376	2.17376	2.17376	2.17376	2.17376	2.17376	2.17376	2.17376	2.17376	2.17376	2.17376	2.00049	2.24415	4.68986	
103856	6.86347e+17	2.79114e+17	1.22141e+17	7.72797e+16	1.54559e+17	2.31839e+17	3.09119e+17	3.86398e+17	4.63678e+17	5.40958e+17	6.18237e+17	6.95517e+17	7.68723e+17	5.6664e+17	8.59945e+15	5.86021e+15	5.39621e+15	2.3614e+15	1.49407e+15	2.98815e+15	4.48222e+15	5.9763e+15	7.47037e+15	8.96445e+15	1.04585e+16	1.19526e+16	1.34468e+16	1.72938e+16	1.87065e+17	4.53997e+17	2.40506	2.1785	2.1785	2.1785	2.1785	2.1785	2.1785	2.1785	2.1785	2.1785	2.1785	2.1785	2.00494	2.23961	4.68986	
104107	6.86349e+17	2.79116e+17	1.22142e+17	7.728e+16	1.5456e+17	2.3184e+17	3.0912e+17	3.864e+17	4.6368e+17	5.4096e+17	6.1824e+17	6.9552e+17	7.68673e+17	5.67655e+17	8.59945e+15	5.85942e+15	5.39539e+15	2.36104e+15	1.49385e+15	2.9877e+15	4.48155e+15	5.97539e+15	7.46924e+15	8.96309e+15	1.04569e+16	1.19508e+16	1.34448e+16	1.7325e+16	1.86485e+17	4.53997e+17	2.40829	2.1832	2.1832	2.1832	2.1832	2.1832	2.1832	2.1832	2.1832	2.1832	2.1832	2.18321	2.00938	2.23512	4.68986	
104358	6.8635e+17	2.79117e+17	1.22142e+17	7.72804e+16	1.54561e+17	2.31841e+17	3.09122e+17	3.86402e+17	4.63682e+17	5.40963e+17	6.18243e+17	6.95524e+17	7.68623e+17	5.68662e+17	8.59945e+15	5.85863e+15	5.39458e+15	2.36068e+15	1.49362e+15	2.98725e+15	4.48087e+15	5.97449e+15	7.46811e+15	8.96174e+15	1.04554e+16	1.1949e+16	1.34427e+16	1.73564e+16	1.85909e+17	4.53997e+17	2.41151	2.18787	2.18787	2.18787	2.18787	2.18787	2.18787	2.18787	2.18787	2.18787	2.18787	2.18788	2.01382	2.23069	4.68986	
104609	6.86352e+17	2.79118e+17	1.22143e+17	7.72808e+16	1.54562e+17	2.31842e+17	3.09123e+17	3.86404e+17	4.63685e+17	5.40965e+17	6.18246e+17	6.95527e+17	7.68572e+17	5.69662e+17	8.59945e+15	5.85784e+15	5.39376e+15	2.36033e+15	1.4934e+15	2.98679e+15	4.48019e+15	5.97359e+15	7.46699e+15	8.96038e+15	1.04538e+16	1.19472e+16	1.34407e+16	1.73881e+16	1.85337e+17	4.53997e+17	2.41472	2.19251	2.19251	2.19251	2.19251	2.19251	2.19251	2.19251	2.19251	2.19251	2.19251	2.19251	2.01824	2.22632	4.68986	
104860	6.86353e+17	2.7912e+17	1.22143e+17	7.72812e+16	1.54562e+17	2.31843e+17	3.09125e+17	3.86406e+17	4.63687e+17	5.40968e+17	6.18249e+17	6.9553e+17	7.68521e+17	5.70654e+17	8.59945e+15	5.85705e+15	5.39295e+15	2.35997e+15	1.49317e+15	2.98634e+15	4.47952e+15	5.97269e+15	7.46586e+15	8.95903e+15	1.04522e+16	1.19454e+16	1.34387e+16	1.742e+16	1.84769e+17	4.53997e+17	2.41793	2.19711	2.19711	2.19711	2.19711	2.19711	2.19711	2.19711	2.19711	2.19711	2.19711	2.19711	2.02266	2.22201	4.68986	
105111	6.86355e+17	2.79121e+17	1.22144e+17	7.72815e+16	1.54563e+17	2.31845e+17	3.09126e+17	3.86408e+17	4.63689e+17	5.40971e+17	6.18252e+17	6.95534e+17	7.6847e+17	5.7164e+17	8.59945e+15	5.85627e+15	5.39214e+15	2.35962e+15	1.49295e+15	2.9859e+15	4.47884e+15	5.97179e+15	7.46474e+15	8.95769e+15	1.04506e+16	1.19436e+16	1.34366e+16	1.74521e+16	1.84205e+17	4.53997e+17	2.42113	2.20168	2.20168	2.20168	2.20168	2.20168	2.20168	2.20168	2.20168	2.20168	2.20168	2.20168	2.02707	2.21775	4.68986	
105362	6.86356e+17	2.79122e+17	1.22145e+17	7.72819e+16	1.54564e+17	2.31846e+17	3.09128e+17	3.86409e+17	4.63691e+17	5.40973e+17	6.18255e+17	6.95537e+17	7.68418e+17	5.72618e+17	8.59945e+15	5.85549e+15	5.39133e+15	2.35926e+15	1.49272e+15	2.98545e+15	4.47817e+15	5.9709e+15	7.46362e+15	8.95634e+15	1.04491e+16	1.19418e+16	1.34346e+16	1.74845e+16	1.83644e+17	4.53997e+17	2.42432	2.20622	2.20622	2.20622	2.20622	2.20622	2.20622	2.20622	2.20622	2.20622	2.20622	2.20622	2.03146	2.21354	4.68986	
105613	6.86358e+17	2.79124e+17	1.22145e+17	7.72823e+16	1.54565e+17	2.31847e+17	3.09129e+17	3.86411e+17	4.63694e+17	5.40976e+17	6.18258e+17	6.9554e+17	7.68366e+17	5.73588e+17	8.59945e+15	5.85471e+15	5.39053e+15	2.35891e+15	1.4925e+15	2.985e+15	4.4775e+15	5.97e+15	7.4625e+15	8.955e+15	1.04475e+16	1.194e+16	1.34326e+16	1.7517e+16	1.83088e+17	4.53997e+17	2.42751	2.21072	2.21072	2.21072	2.21072	2.21072	2.21072	2.21072	2.21072	2.21072	2.21072	2.21072	2.03585	2.20939	4.68986	
105864	6.86359e+17	2.79125e+17	1.22146e+17	7.72826e+16	1.54565e+17	2.31848e+17	3.0913e+17	3.86413e+17	4.63696e+17	5.40978e+17	6.18261e+17	6.95543e+17	7.68314e+17	5.74551e+17	8.59945e+15	5.85393e+15	5.38972e+15	2.35856e+15	1.49228e+15	2.98456e+15	4.47683e+15	5.96911e+15	7.46139e+15	8.95367e+15	1.04459e+16	1.19382e+16	1.34306e+16	1.75498e+16	1.82535e+17	4.53997e+17	2.43069	2.21519	2.21519	2.21519	2.21519	2.21519	2.21519	2.21519	2.21519	2.21519	2.21519	2.21519	2.04023	2.2053	4.68986	
106115	6.86361e+17	2.79126e+17	1.22146e+17	7.7283e+16	1.54566e+17	2.31849e+17	3.09132e+17	3.86415e+17	4.63698e+17	5.40981e+17	6.18264e+17	6.95547e+17	7.68261e+17	5.75507e+17	8.59945e+15	5.85316e+15	5.38892e+15	2.3582e+15	1.49206e+15	2.98411e+15	4.47617e+15	5.96822e+15	7.46028e+15	8.95233e+15	1.04444e+16	1.19365e+16	1.34286e+16	1.75828e+16	1.81987e+17	4.53997e+17	2.43386	2.21962	2.21962	2.21962	2.21962	2.21962	2.21962	2.21962	2.21962	2.21962	2.21962	2.21962	2.0446	2.20125	4.68986	
106366	6.86362e+17	2.79127e+17	1.22147e+17	7.72833e+16	1.54567e+17	2.3185e+17	3.09133e+17	3.86417e+17	4.637e+17	5.40983e+17	6.18267e+17	6.9555e+17	7.68209e+17	5.76456e+17	8.59945e+15	5.85239e+15	5.38812e+15	2.35785e+15	1.49183e+15	2.98367e+15	4.4755e+15	5.96733e+15	7.45917e+15	8.951e+15	1.04428e+16	1.19347e+16	1.34266e+16	1.76159e+16	1.81442e+17	4.53997e+17	2.43703	2.22402	2.22402	2.22402	2.22402	2.22402	2.22402	2.22402	2.22402	2.22402	2.22402	2.22402	2.04896	2.19726	4.68986	
106617	6.86364e+17	2.79129e+17	1.22147e+17	7.72837e+16	1.54567e+17	2.31851e+17	3.09135e+17	3.86419e+17	4.63702e+17	5.40986e+17	6.1827e+17	6.95553e+17	7.68155e+17	5.77397e+17	8.59945e+15	5.85162e+15	5.38732e+15	2.3575e+15	1.49161e+15	2.98322e+15	4.47484e+15	5.96645e+15	7.45806e+15	8.94967e+15	1.04413e+16	1.19329e+16	1.34246e+16	1.76492e+16	1.80902e+17	4.53997e+17	2.44019	2.22839	2.22839	2.22839	2.22839	2.22839	2.22839	2.22839	2.22839	2.22839	2.22839	2.22839	2.0533	2.19332	4.68986	
106868	6.86365e+17	2.7913e+17	1.22148e+17	7.72841e+16	1.54568e+17	2.31852e+17	3.09136e+17	3.8642e+17	4.63704e+17	5.40989e+17	6.18273e+17	6.95557e+17	7.68102e+17	5.78332e+17	8.59945e+15	5.85085e+15	5.38652e+15	2.35715e+15	1.49139e+15	2.98278e+15	4.47417e+15	5.96556e+15	7.45696e+15	8.94835e+15	1.04397e+16	1.19311e+16	1.34226e+16	1.76828e+16	1.80365e+17	4.53997e+17	2.44335	2.23273	2.23273	2.23273	2.23273	2.23273	2.23273	2.23273	2.23273	2.23273	2.23273	2.23273	2.05764	2.18943	4.68986	
107119	6.86366e+17	2.79131e+17	1.22149e+17	7.72844e+16	1.54569e+17	2.31853e+17	3.09138e+17	3.86422e+17	4.63707e+17	5.40991e+17	6.18275e+17	6.9556e+17	7.68048e+17	5.79259e+17	8.59945e+15	5.85008e+15	5.38572e+15	2.35681e+15	1.49117e+15	2.98234e+15	4.47351e+15	5.96468e+15	7.45585e+15	8.94702e+15	1.04382e+16	1.19294e+16	1.34206e+16	1.77164e+16	1.79832e+17	4.53997e+17	2.4465	2.23704	2.23704	2.23704	2.23704	2.23704	2.23704	2.23704	2.23704	2.23704	2.23704	2.23704	2.06196	2.18559	4.68986	
107370	6.86368e+17	2.79133e+17	1.22149e+17	7.72848e+16	1.5457e+17	2.31854e+17	3.09139e+17	3.86424e+17	4.63709e+17	5.40994e+17	6.18278e+17	6.95563e+17	7.67994e+17	5.80179e+17	8.59945e+15	5.84932e+15	5.38493e+15	2.35646e+15	1.49095e+15	2.9819e+15	4.47285e+15	5.9638e+15	7.45475e+15	8.9457e+15	1.04367e+16	1.19276e+16	1.34186e+16	1.77502e+16	1.79303e+17	4.53997e+17	2.44965	2.24131	2.24131	2.24131	2.24131	2.24131	2.24131	2.24131	2.24131	2.24131	2.24131	2.24131	2.06627	2.18181	4.68986	
107621	6.86369e+17	2.79134e+17	1.2215e+17	7.72852e+16	1.5457e+17	2.31855e+17	3.09141e+17	3.86426e+17	4.63711e+17	5.40996e+17	6.18281e+17	6.95566e+17	7.6794e+17	5.81092e+17	8.59945e+15	5.84856e+15	5.38413e+15	2.35611e+15	1.49073e+15	2.98146e+15	4.47219e+15	5.96292e+15	7.45365e+15	8.94439e+15	1.04351e+16	1.19259e+16	1.34166e+16	1.77842e+16	1.78777e+17	4.53997e+17	2.45279	2.24556	2.24556	2.24556	2.24556	2.24556	2.24556	2.24556	2.24556	2.24556	2.24556	2.24556	2.07057	2.17806	4.68986	
107872	6.86371e+17	2.79135e+17	1.2215e+17	7.72855e+16	1.54571e+17	2.31857e+17	3.09142e+17	3.86428e+17	4.63713e+17	5.40999e+17	6.18284e+17	6.9557e+17	7.67886e+17	5.81998e+17	8.59945e+15	5.8478e+15	5.38334e+15	2.35577e+15	1.49051e+15	2.98102e+15	4.47154e+15	5.96205e+15	7.45256e+15	8.94307e+15	1.04336e+16	1.19241e+16	1.34146e+16	1.78183e+16	1.78256e+17	4.53997e+17	2.45592	2.24977	2.24977	2.24977	2.24977	2.24977	2.24977	2.24977	2.24977	2.24977	2.24977	2.24977	2.07486	2.17437	4.68986	
108123	6.86372e+17	2.79137e+17	1.22151e+17	7.72859e+16	1.54572e+17	2.31858e+17	3.09143e+17	3.86429e+17	4.63715e+17	5.41001e+17	6.18287e+17	6.95573e+17	7.67831e+17	5.82897e+17	8.59945e+15	5.84704e+15	5.38255e+15	2.35542e+15	1.49029e+15	2.98059e+15	4.47088e+15	5.96117e+15	7.45147e+15	8.94176e+15	1.04321e+16	1.19224e+16	1.34127e+16	1.78525e+16	1.77738e+17	4.53997e+17	2.45905	2.25396	2.25396	2.25396	2.25396	2.25396	2.25396	2.25396	2.25396	2.25396	2.25396	2.25396	2.07914	2.17073	4.68986	
108374	6.86374e+17	2.79138e+17	1.22151e+17	7.72862e+16	1.54572e+17	2.31859e+17	3.09145e+17	3.86431e+17	4.63717e+17	5.41004e+17	6.1829e+17	6.95576e+17	7.67776e+17	5.83789e+17	8.59945e+15	5.84629e+15	5.38177e+15	2.35507e+15	1.49008e+15	2.98015e+15	4.47023e+15	5.9603e+15	7.45038e+15	8.94045e+15	1.04305e+16	1.19206e+16	1.34107e+16	1.78868e+16	1.77224e+17	4.53997e+17	2.46217	2.25811	2.25811	2.25811	2.25811	2.25811	2.25811	2.25811	2.25811	2.25811	2.25811	2.25811	2.0834	2.16713	4.68986	
108625	6.86375e+17	2.79139e+17	1.22152e+17	7.72866e+16	1.54573e+17	2.3186e+17	3.09146e+17	3.86433e+17	4.6372e+17	5.41006e+17	6.18293e+17	6.95579e+17	7.67721e+17	5.84674e+17	8.59945e+15	5.84554e+15	5.38098e+15	2.35473e+15	1.48986e+15	2.97971e+15	4.46957e+15	5.95943e+15	7.44929e+15	8.93914e+15	1.0429e+16	1.19189e+16	1.34087e+16	1.79213e+16	1.76714e+17	4.53997e+17	2.46529	2.26224	2.26224	2.26224	2.26224	2.26224	2.26224	2.26224	2.26224	2.26224	2.26224	2.26224	2.08765	2.16357	4.68986	
108877	6.86377e+17	2.7914e+17	1.22153e+17	7.72869e+16	1.54574e+17	2.31861e+17	3.09148e+17	3.86435e+17	4.63722e+17	5.41009e+17	6.18296e+17	6.95582e+17	7.67666e+17	5.85552e+17	8.59945e+15	5.84479e+15	5.3802e+15	2.35439e+15	1.48964e+15	2.97928e+15	4.46892e+15	5.95856e+15	7.4482e+15	8.93784e+15	1.04275e+16	1.19171e+16	1.34068e+16	1.79558e+16	1.76208e+17	4.53997e+17	2.4684	2.26634	2.26634	2.26634	2.26634	2.26634	2.26634	2.26634	2.26634	2.26634	2.26634	2.26634	2.09188	2.16006	4.68986	
109128	6.86378e+17	2.79142e+17	1.22153e+17	7.72873e+16	1.54575e+17	2.31862e+17	3.09149e+17	3.86436e+17	4.63724e+17	5.41011e+17	6.18298e+17	6.95586e+17	7.67611e+17	5.86423e+17	8.59945e+15	5.84404e+15	5.37941e+15	2.35404e+15	1.48942e+15	2.97885e+15	4.46827e+15	5.95769e+15	7.44712e+15	8.93654e+15	1.0426e+16	1.19154e+16	1.34048e+16	1.79904e+16	1.75705e+17	4.53997e+17	2.47151	2.2704	2.2704	2.2704	2.2704	2.2704	2.2704	2.2704	2.2704	2.2704	2.2704	2.2704	2.0961	2.1566	4.68986	
109379	6.86379e+17	2.79143e+17	1.22154e+17	7.72877e+16	1.54575e+17	2.31863e+17	3.09151e+17	3.86438e+17	4.63726e+17	5.41014e+17	6.18301e+17	6.95589e+17	7.67556e+17	5.87288e+17	8.59945e+15	5.84329e+15	5.37863e+15	2.3537e+15	1.48921e+15	2.97841e+15	4.46762e+15	5.95683e+15	7.44604e+15	8.93524e+15	1.04245e+16	1.19137e+16	1.34029e+16	1.80251e+16	1.75206e+17	4.53997e+17	2.47461	2.27445	2.27445	2.27445	2.27445	2.27445	2.27445	2.27445	2.27445	2.27445	2.27445	2.27445	2.10031	2.15318	4.68986	
109630	6.86381e+17	2.79144e+17	1.22154e+17	7.7288e+16	1.54576e+17	2.31864e+17	3.09152e+17	3.8644e+17	4.63728e+17	5.41016e+17	6.18304e+17	6.95592e+17	7.675e+17	5.88146e+17	8.59945e+15	5.84255e+15	5.37785e+15	2.35336e+15	1.48899e+15	2.97798e+15	4.46697e+15	5.95597e+15	7.44496e+15	8.93395e+15	1.04229e+16	1.19119e+16	1.34009e+16	1.80598e+16	1.74711e+17	4.53997e+17	2.47771	2.27846	2.27846	2.27846	2.27846	2.27846	2.27846	2.27846	2.27846	2.27846	2.27846	2.27846	2.10451	2.14981	4.68986	
109881	6.86382e+17	2.79146e+17	1.22155e+17	7.72884e+16	1.54577e+17	2.31865e+17	3.09153e+17	3.86442e+17	4.6373e+17	5.41019e+17	6.18307e+17	6.95595e+17	7.67445e+17	5.88997e+17	8.59945e+15	5.84181e+15	5.37707e+15	2.35302e+15	1.48878e+15	2.97755e+15	4.46633e+15	5.9551e+15	7.44388e+15	8.93266e+15	1.04214e+16	1.19102e+16	1.3399e+16	1.80946e+16	1.7422e+17	4.53997e+17	2.4808	2.28245	2.28245	2.28245	2.28245	2.28245	2.28245	2.28245	2.28245	2.28245	2.28245	2.28245	2.10869	2.14648	4.68986	
110132	6.86384e+17	2.79147e+17	1.22155e+17	7.72887e+16	1.54577e+17	2.31866e+17	3.09155e+17	3.86444e+17	4.63732e+17	5.41021e+17	6.1831e+17	6.95598e+17	7.67389e+17	5.89841e+17	8.59945e+15	5.84107e+15	5.3763e+15	2.35268e+15	1.48856e+15	2.97712e+15	4.46568e+15	5.95424e+15	7.44281e+15	8.93137e+15	1.04199e+16	1.19085e+16	1.33971e+16	1.81294e+16	1.73732e+17	4.53997e+17	2.48389	2.28641	2.28641	2.28641	2.28641	2.28641	2.28641	2.28641	2.28641	2.28641	2.28641	2.28641	2.11286	2.14319	4.68986	
110384	6.86385e+17	2.79148e+17	1.22156e+17	7.72891e+16	1.54578e+17	2.31867e+17	3.09156e+17	3.86445e+17	4.63734e+17	5.41023e+17	6.18312e+17	6.95602e+17	7.67334e+17	5.90679e+17	8.59945e+15	5.84033e+15	5.37552e+15	2.35234e+15	1.48835e+15	2.97669e+15	4.46504e+15	5.95339e+15	7.44173e+15	8.93008e+15	1.04184e+16	1.19068e+16	1.33951e+16	1.81643e+16	1.73248e+17	4.53997e+17	2.48697	2.29035	2.29035	2.29035	2.29035	2.29035	2.29035	2.29035	2.29035	2.29035	2.29035	2.29035	2.11701	2.13994	4.68986	
110635	6.86386e+17	2.79149e+17	1.22156e+17	7.72894e+16	1.54579e+17	2.31868e+17	3.09158e+17	3.86447e+17	4.63736e+17	5.41026e+17	6.18315e+17	6.95605e+17	7.67278e+17	5.9151e+17	8.59945e+15	5.8396e+15	5.37475e+15	2.352e+15	1.48813e+15	2.97627e+15	4.4644e+15	5.95253e+15	7.44066e+15	8.9288e+15	1.04169e+16	1.19051e+16	1.33932e+16	1.81992e+16	1.72767e+17	4.53997e+17	2.49005	2.29426	2.29426	2.29426	2.29426	2.29426	2.29426	2.29426	2.29426	2.29426	2.29426	2.29426	2.12115	2.13673	4.68986	
110886	6.86388e+17	2.79151e+17	1.22157e+17	7.72898e+16	1.5458e+17	2.31869e+17	3.09159e+17	3.86449e+17	4.63739e+17	5.41028e+17	6.18318e+17	6.95608e+17	7.67222e+17	5.92334e+17	8.59945e+15	5.83886e+15	5.37398e+15	2.35167e+15	1.48792e+15	2.97584e+15	4.46376e+15	5.95168e+15	7.4396e+15	8.92752e+15	1.04154e+16	1.19034e+16	1.33913e+16	1.82341e+16	1.7229e+17	4.53997e+17	2.49312	2.29814	2.29814	2.29814	2.29814	2.29814	2.29814	2.29814	2.29814	2.29814	2.29814	2.29814	2.12527	2.13357	4.68986	
111137	6.86389e+17	2.79152e+17	1.22158e+17	7.72901e+16	1.5458e+17	2.3187e+17	3.0916e+17	3.86451e+17	4.63741e+17	5.41031e+17	6.18321e+17	6.95611e+17	7.67167e+17	5.93152e+17	8.59945e+15	5.83813e+15	5.37321e+15	2.35133e+15	1.48771e+15	2.97541e+15	4.46312e+15	5.95082e+15	7.43853e+15	8.92624e+15	1.04139e+16	1.19017e+16	1.33894e+16	1.82691e+16	1.71817e+17	4.53997e+17	2.49619	2.302	2.302	2.302	2.302	2.302	2.302	2.302	2.302	2.302	2.302	2.302	2.12938	2.13044	4.68986	
111389	6.86391e+17	2.79153e+17	1.22158e+17	7.72905e+16	1.54581e+17	2.31871e+17	3.09162e+17	3.86452e+17	4.63743e+17	5.41033e+17	6.18324e+17	6.95614e+17	7.67111e+17	5.93964e+17	8.59945e+15	5.8374e+15	5.37244e+15	2.35099e+15	1.48749e+15	2.97499e+15	4.46248e+15	5.94997e+15	7.43747e+15	8.92496e+15	1.04125e+16	1.19e+16	1.33875e+16	1.8304e+16	1.71347e+17	4.53997e+17	2.49925	2.30584	2.30584	2.30584	2.30584	2.30584	2.30584	2.30584	2.30584	2.30584	2.30584	2.30584	2.13347	2.12735	4.68986	
111640	6.86392e+17	2.79154e+17	1.22159e+17	7.72908e+16	1.54582e+17	2.31872e+17	3.09163e+17	3.86454e+17	4.63745e+17	5.41036e+17	6.18326e+17	6.95617e+17	7.67055e+17	5.94769e+17	8.59945e+15	5.83668e+15	5.37168e+15	2.35066e+15	1.48728e+15	2.97456e+15	4.46184e+15	5.94913e+15	7.43641e+15	8.92369e+15	1.0411e+16	1.18983e+16	1.33855e+16	1.83389e+16	1.70881e+17	4.53997e+17	2.5023	2.30966	2.30966	2.30966	2.30966	2.30966	2.30966	2.30966	2.30966	2.30966	2.30966	2.30966	2.13755	2.12431	4.68986	
111891	6.86393e+17	2.79156e+17	1.22159e+17	7.72912e+16	1.54582e+17	2.31873e+17	3.09165e+17	3.86456e+17	4.63747e+17	5.41038e+17	6.18329e+17	6.9562e+17	7.67e+17	5.95567e+17	8.59945e+15	5.83595e+15	5.37091e+15	2.35033e+15	1.48707e+15	2.97414e+15	4.46121e+15	5.94828e+15	7.43535e+15	8.92242e+15	1.04095e+16	1.18966e+16	1.33836e+16	1.83738e+16	1.70418e+17	4.53997e+17	2.50535	2.31345	2.31345	2.31345	2.31345	2.31345	2.31345	2.31345	2.31345	2.31345	2.31345	2.31345	2.14161	2.1213	4.68986	
112143	6.86395e+17	2.79157e+17	1.2216e+17	7.72915e+16	1.54583e+17	2.31874e+17	3.09166e+17	3.86457e+17	4.63749e+17	5.4104e+17	6.18332e+17	6.95623e+17	7.66944e+17	5.9636e+17	8.59945e+15	5.83523e+15	5.37015e+15	2.34999e+15	1.48686e+15	2.97372e+15	4.46058e+15	5.94744e+15	7.43429e+15	8.92115e+15	1.0408e+16	1.18949e+16	1.33817e+16	1.84086e+16	1.69959e+17	4.53997e+17	2.5084	2.31722	2.31722	2.31722	2.31722	2.31722	2.31722	2.31722	2.31722	2.31722	2.31722	2.31722	2.14566	2.11832	4.68986	
112394	6.86396e+17	2.79158e+17	1.2216e+17	7.72918e+16	1.54584e+17	2.31876e+17	3.09167e+17	3.86459e+17	4.63751e+17	5.41043e+17	6.18335e+17	6.95627e+17	7.66888e+17	5.97146e+17	8.59945e+15	5.83451e+15	5.36939e+15	2.34966e+15	1.48665e+15	2.9733e+15	4.45994e+15	5.94659e+15	7.43324e+15	8.91989e+15	1.04065e+16	1.18932e+16	1.33798e+16	1.84434e+16	1.69503e+17	4.53997e+17	2.51145	2.32097	2.32097	2.32097	2.32097	2.32097	2.32097	2.32097	2.32097	2.32097	2.32097	2.32097	2.14969	2.11539	4.68986	
112645	6.86397e+17	2.79159e+17	1.22161e+17	7.72922e+16	1.54584e+17	2.31877e+17	3.09169e+17	3.86461e+17	4.63753e+17	5.41045e+17	6.18337e+17	6.9563e+17	7.66833e+17	5.97925e+17	8.59945e+15	5.83379e+15	5.36863e+15	2.34933e+15	1.48644e+15	2.97288e+15	4.45931e+15	5.94575e+15	7.43219e+15	8.91863e+15	1.04051e+16	1.18915e+16	1.33779e+16	1.84782e+16	1.69051e+17	4.53997e+17	2.51448	2.32469	2.32469	2.32469	2.32469	2.32469	2.32469	2.32469	2.32469	2.32469	2.32469	2.32469	2.15371	2.11249	4.68986	
112897	6.86399e+17	2.79161e+17	1.22161e+17	7.72925e+16	1.54585e+17	2.31878e+17	3.0917e+17	3.86463e+17	4.63755e+17	5.41048e+17	6.1834e+17	6.95633e+17	7.66778e+17	5.98699e+17	8.59945e+15	5.83308e+15	5.36787e+15	2.34899e+15	1.48623e+15	2.97246e+15	4.45868e+15	5.94491e+15	7.43114e+15	8.91737e+15	1.04036e+16	1.18898e+16	1.33761e+16	1.85129e+16	1.68602e+17	4.53997e+17	2.51752	2.3284	2.3284	2.3284	2.3284	2.3284	2.3284	2.3284	2.3284	2.3284	2.3284	2.3284	2.15771	2.10963	4.68986	
113148	6.864e+17	2.79162e+17	1.22162e+17	7.72929e+16	1.54586e+17	2.31879e+17	3.09171e+17	3.86464e+17	4.63757e+17	5.4105e+17	6.18343e+17	6.95636e+17	7.66722e+17	5.99466e+17	8.59945e+15	5.83236e+15	5.36712e+15	2.34866e+15	1.48602e+15	2.97204e+15	4.45806e+15	5.94408e+15	7.4301e+15	8.91611e+15	1.04021e+16	1.18882e+16	1.33742e+16	1.85475e+16	1.68157e+17	4.53997e+17	2.52054	2.33209	2.33209	2.33209	2.33209	2.33209	2.33209	2.33209	2.33209	2.33209	2.33209	2.33209	2.16169	2.1068	4.68986	
113399	6.86401e+17	2.79163e+17	1.22163e+17	7.72932e+16	1.54586e+17	2.3188e+17	3.09173e+17	3.86466e+17	4.63759e+17	5.41053e+17	6.18346e+17	6.95639e+17	7.66667e+17	6.00228e+17	8.59945e+15	5.83165e+15	5.36636e+15	2.34833e+15	1.48581e+15	2.97162e+15	4.45743e+15	5.94324e+15	7.42905e+15	8.91486e+15	1.04007e+16	1.18865e+16	1.33723e+16	1.8582e+16	1.67715e+17	4.53997e+17	2.52357	2.33575	2.33575	2.33575	2.33575	2.33575	2.33575	2.33575	2.33575	2.33575	2.33575	2.33575	2.16566	2.10401	4.68986	
113651	6.86403e+17	2.79164e+17	1.22163e+17	7.72936e+16	1.54587e+17	2.31881e+17	3.09174e+17	3.86468e+17	4.63761e+17	5.41055e+17	6.18348e+17	6.95642e+17	7.66612e+17	6.00983e+17	8.59945e+15	5.83094e+15	5.36561e+15	2.34801e+15	1.4856e+15	2.9712e+15	4.45681e+15	5.94241e+15	7.42801e+15	8.91361e+15	1.03992e+16	1.18848e+16	1.33704e+16	1.86165e+16	1.67276e+17	4.53997e+17	2.52658	2.3394	2.3394	2.3394	2.3394	2.3394	2.3394	2.3394	2.3394	2.3394	2.3394	2.3394	2.16961	2.10126	4.68986	
113902	6.86404e+17	2.79166e+17	1.22164e+17	7.72939e+16	1.54588e+17	2.31882e+17	3.09176e+17	3.86469e+17	4.63763e+17	5.41057e+17	6.18351e+17	6.95645e+17	7.66558e+17	6.01732e+17	8.59945e+15	5.83023e+15	5.36486e+15	2.34768e+15	1.48539e+15	2.97079e+15	4.45618e+15	5.94158e+15	7.42697e+15	8.91237e+15	1.03978e+16	1.18832e+16	1.33686e+16	1.86508e+16	1.66841e+17	4.53997e+17	2.5296	2.34303	2.34303	2.34303	2.34303	2.34303	2.34303	2.34303	2.34303	2.34303	2.34303	2.34303	2.17355	2.09853	4.68986	
114154	6.86406e+17	2.79167e+17	1.22164e+17	7.72942e+16	1.54588e+17	2.31883e+17	3.09177e+17	3.86471e+17	4.63765e+17	5.4106e+17	6.18354e+17	6.95648e+17	7.66503e+17	6.02475e+17	8.59945e+15	5.82953e+15	5.36411e+15	2.34735e+15	1.48519e+15	2.97037e+15	4.45556e+15	5.94075e+15	7.42594e+15	8.91112e+15	1.03963e+16	1.18815e+16	1.33667e+16	1.86851e+16	1.66409e+17	4.53997e+17	2.53261	2.34664	2.34664	2.34664	2.34664	2.34664	2.34664	2.34664	2.34664	2.34664	2.34664	2.34664	2.17748	2.09584	4.68986	
114405	6.86407e+17	2.79168e+17	1.22165e+17	7.72946e+16	1.54589e+17	2.31884e+17	3.09178e+17	3.86473e+17	4.63767e+17	5.41062e+17	6.18357e+17	6.95651e+17	7.66448e+17	6.03212e+17	8.59945e+15	5.82882e+15	5.36337e+15	2.34702e+15	1.48498e+15	2.96996e+15	4.45494e+15	5.93992e+15	7.4249e+15	8.90988e+15	1.03949e+16	1.18798e+16	1.33648e+16	1.87192e+16	1.6598e+17	4.53997e+17	2.53561	2.35023	2.35023	2.35023	2.35023	2.35023	2.35023	2.35023	2.35023	2.35023	2.35023	2.35023	2.18138	2.09319	4.68986	
114656	6.86408e+17	2.79169e+17	1.22165e+17	7.72949e+16	1.5459e+17	2.31885e+17	3.0918e+17	3.86475e+17	4.63769e+17	5.41064e+17	6.18359e+17	6.95654e+17	7.66394e+17	6.03944e+17	8.59945e+15	5.82812e+15	5.36262e+15	2.3467e+15	1.48477e+15	2.96955e+15	4.45432e+15	5.9391e+15	7.42387e+15	8.90865e+15	1.03934e+16	1.18782e+16	1.3363e+16	1.87532e+16	1.65555e+17	4.53997e+17	2.53861	2.35381	2.35381	2.35381	2.35381	2.35381	2.35381	2.35381	2.35381	2.35381	2.35381	2.35381	2.18527	2.09057	4.68986	
114908	6.8641e+17	2.7917e+17	1.22166e+17	7.72952e+16	1.5459e+17	2.31886e+17	3.09181e+17	3.86476e+17	4.63771e+17	5.41067e+17	6.18362e+17	6.95657e+17	7.6634e+17	6.04669e+17	8.59945e+15	5.82742e+15	5.36188e+15	2.34637e+15	1.48457e+15	2.96914e+15	4.45371e+15	5.93827e+15	7.42284e+15	8.90741e+15	1.0392e+16	1.18765e+16	1.33611e+16	1.87871e+16	1.65132e+17	4.53997e+17	2.54161	2.35737	2.35737	2.35737	2.35737	2.35737	2.35737	2.35737	2.35737	2.35737	2.35737	2.35737	2.18915	2.08798	4.68986	
115159	6.86411e+17	2.79172e+17	1.22166e+17	7.72956e+16	1.54591e+17	2.31887e+17	3.09182e+17	3.86478e+17	4.63774e+17	5.41069e+17	6.18365e+17	6.9566e+17	7.66286e+17	6.05389e+17	8.59945e+15	5.82673e+15	5.36114e+15	2.34605e+15	1.48436e+15	2.96873e+15	4.45309e+15	5.93745e+15	7.42182e+15	8.90618e+15	1.03905e+16	1.18749e+16	1.33593e+16	1.88208e+16	1.64714e+17	4.53997e+17	2.5446	2.36091	2.36091	2.36091	2.36091	2.36091	2.36091	2.36091	2.36091	2.36091	2.36091	2.36091	2.19301	2.08542	4.68986	
115411	6.86412e+17	2.79173e+17	1.22167e+17	7.72959e+16	1.54592e+17	2.31888e+17	3.09184e+17	3.8648e+17	4.63776e+17	5.41071e+17	6.18367e+17	6.95663e+17	7.66233e+17	6.06103e+17	8.59945e+15	5.82603e+15	5.3604e+15	2.34572e+15	1.48416e+15	2.96832e+15	4.45248e+15	5.93663e+15	7.42079e+15	8.90495e+15	1.03891e+16	1.18733e+16	1.33574e+16	1.88544e+16	1.64298e+17	4.53997e+17	2.54758	2.36443	2.36443	2.36443	2.36443	2.36443	2.36443	2.36443	2.36443	2.36443	2.36443	2.36443	2.19685	2.08289	4.68986	
115662	6.86414e+17	2.79174e+17	1.22167e+17	7.72963e+16	1.54593e+17	2.31889e+17	3.09185e+17	3.86481e+17	4.63778e+17	5.41074e+17	6.1837e+17	6.95666e+17	7.66179e+17	6.06812e+17	8.59945e+15	5.82534e+15	5.35966e+15	2.3454e+15	1.48395e+15	2.96791e+15	4.45186e+15	5.93582e+15	7.41977e+15	8.90373e+15	1.03877e+16	1.18716e+16	1.33556e+16	1.88879e+16	1.63885e+17	4.53997e+17	2.55057	2.36794	2.36794	2.36794	2.36794	2.36794	2.36794	2.36794	2.36794	2.36794	2.36794	2.36794	2.20068	2.08039	4.68986	
115914	6.86415e+17	2.79175e+17	1.22168e+17	7.72966e+16	1.54593e+17	2.3189e+17	3.09186e+17	3.86483e+17	4.6378e+17	5.41076e+17	6.18373e+17	6.95669e+17	7.66126e+17	6.07515e+17	8.59945e+15	5.82465e+15	5.35892e+15	2.34508e+15	1.48375e+15	2.9675e+15	4.45125e+15	5.935e+15	7.41875e+15	8.9025e+15	1.03863e+16	1.187e+16	1.33538e+16	1.89211e+16	1.63476e+17	4.53997e+17	2.55354	2.37144	2.37144	2.37144	2.37144	2.37144	2.37144	2.37144	2.37144	2.37144	2.37144	2.37144	2.20449	2.07792	4.68986	
116165	6.86416e+17	2.79177e+17	1.22168e+17	7.72969e+16	1.54594e+17	2.31891e+17	3.09188e+17	3.86485e+17	4.63782e+17	5.41078e+17	6.18375e+17	6.95672e+17	7.66073e+17	6.08212e+17	8.59945e+15	5.82396e+15	5.35819e+15	2.34476e+15	1.48355e+15	2.9671e+15	4.45064e+15	5.93419e+15	7.41774e+15	8.90129e+15	1.03848e+16	1.18684e+16	1.33519e+16	1.89542e+16	1.6307e+17	4.53997e+17	2.55652	2.37491	2.37491	2.37491	2.37491	2.37491	2.37491	2.37491	2.37491	2.37491	2.37491	2.37491	2.20828	2.07549	4.68986	
116417	6.86417e+17	2.79178e+17	1.22169e+17	7.72973e+16	1.54595e+17	2.31892e+17	3.09189e+17	3.86486e+17	4.63784e+17	5.41081e+17	6.18378e+17	6.95675e+17	7.66021e+17	6.08904e+17	8.59945e+15	5.82327e+15	5.35746e+15	2.34444e+15	1.48334e+15	2.96669e+15	4.45003e+15	5.93338e+15	7.41672e+15	8.90007e+15	1.03834e+16	1.18668e+16	1.33501e+16	1.89872e+16	1.62666e+17	4.53997e+17	2.55948	2.37838	2.37838	2.37838	2.37838	2.37838	2.37838	2.37838	2.37838	2.37838	2.37838	2.37838	2.21206	2.07308	4.68986	
116668	6.86419e+17	2.79179e+17	1.22169e+17	7.72976e+16	1.54595e+17	2.31893e+17	3.0919e+17	3.86488e+17	4.63786e+17	5.41083e+17	6.18381e+17	6.95678e+17	7.65968e+17	6.0959e+17	8.59945e+15	5.82259e+15	5.35673e+15	2.34412e+15	1.48314e+15	2.96629e+15	4.44943e+15	5.93257e+15	7.41571e+15	8.89886e+15	1.0382e+16	1.18651e+16	1.33483e+16	1.90199e+16	1.62266e+17	4.53997e+17	2.56245	2.38183	2.38183	2.38183	2.38183	2.38183	2.38183	2.38183	2.38183	2.38183	2.38183	2.38183	2.21583	2.0707	4.68986	
116920	6.8642e+17	2.7918e+17	1.2217e+17	7.72979e+16	1.54596e+17	2.31894e+17	3.09192e+17	3.8649e+17	4.63787e+17	5.41085e+17	6.18383e+17	6.95681e+17	7.65916e+17	6.10271e+17	8.59945e+15	5.8219e+15	5.356e+15	2.3438e+15	1.48294e+15	2.96588e+15	4.44882e+15	5.93176e+15	7.4147e+15	8.89765e+15	1.03806e+16	1.18635e+16	1.33465e+16	1.90525e+16	1.61869e+17	4.53997e+17	2.56541	2.38527	2.38527	2.38527	2.38527	2.38527	2.38527	2.38527	2.38527	2.38527	2.38527	2.38527	2.21958	2.06835	4.68986	
117171	6.86421e+17	2.79181e+17	1.2217e+17	7.72982e+16	1.54596e+17	2.31895e+17	3.09193e+17	3.86491e+17	4.63789e+17	5.41088e+17	6.18386e+17	6.95684e+17	7.65865e+17	6.10946e+17	8.59945e+15	5.82122e+15	5.35527e+15	2.34348e+15	1.48274e+15	2.96548e+15	4.44822e+15	5.93096e+15	7.4137e+15	8.89644e+15	1.03792e+16	1.18619e+16	1.33447e+16	1.90849e+16	1.61475e+17	4.53997e+17	2.56836	2.38869	2.38869	2.38869	2.38869	2.38869	2.38869	2.38869	2.38869	2.38869	2.38869	2.38869	2.22331	2.06603	4.68986	
117423	6.86423e+17	2.79182e+17	1.22171e+17	7.72986e+16	1.54597e+17	2.31896e+17	3.09194e+17	3.86493e+17	4.63791e+17	5.4109e+17	6.18389e+17	6.95687e+17	7.65813e+17	6.11616e+17	8.59945e+15	5.82054e+15	5.35455e+15	2.34316e+15	1.48254e+15	2.96508e+15	4.44762e+15	5.93016e+15	7.4127e+15	8.89524e+15	1.03778e+16	1.18603e+16	1.33429e+16	1.91171e+16	1.61084e+17	4.53997e+17	2.57131	2.3921	2.3921	2.3921	2.3921	2.3921	2.3921	2.3921	2.3921	2.3921	2.3921	2.3921	2.22703	2.06374	4.68986	
117675	6.86424e+17	2.79184e+17	1.22171e+17	7.72989e+16	1.54598e+17	2.31897e+17	3.09196e+17	3.86495e+17	4.63793e+17	5.41092e+17	6.18391e+17	6.9569e+17	7.65762e+17	6.12281e+17	8.59945e+15	5.81987e+15	5.35383e+15	2.34285e+15	1.48234e+15	2.96468e+15	4.44702e+15	5.92936e+15	7.4117e+15	8.89403e+15	1.03764e+16	1.18587e+16	1.33411e+16	1.9149e+16	1.60696e+17	4.53997e+17	2.57426	2.3955	2.3955	2.3955	2.3955	2.3955	2.3955	2.3955	2.3955	2.3955	2.3955	2.3955	2.23073	2.06147	4.68986	
117926	6.86425e+17	2.79185e+17	1.22172e+17	7.72992e+16	1.54598e+17	2.31898e+17	3.09197e+17	3.86496e+17	4.63795e+17	5.41095e+17	6.18394e+17	6.95693e+17	7.65712e+17	6.12941e+17	8.59945e+15	5.81919e+15	5.35311e+15	2.34253e+15	1.48214e+15	2.96428e+15	4.44642e+15	5.92856e+15	7.4107e+15	8.89284e+15	1.0375e+16	1.18571e+16	1.33393e+16	1.91808e+16	1.60311e+17	4.53997e+17	2.5772	2.39888	2.39888	2.39888	2.39888	2.39888	2.39888	2.39888	2.39888	2.39888	2.39888	2.39888	2.23442	2.05923	4.68986	
118178	6.86426e+17	2.79186e+17	1.22173e+17	7.72996e+16	1.54599e+17	2.31899e+17	3.09198e+17	3.86498e+17	4.63797e+17	5.41097e+17	6.18396e+17	6.95696e+17	7.65661e+17	6.13596e+17	8.59945e+15	5.81852e+15	5.35239e+15	2.34222e+15	1.48194e+15	2.96388e+15	4.44582e+15	5.92776e+15	7.4097e+15	8.89164e+15	1.03736e+16	1.18555e+16	1.33375e+16	1.92123e+16	1.59928e+17	4.53997e+17	2.58013	2.40225	2.40225	2.40225	2.40225	2.40225	2.40225	2.40225	2.40225	2.40225	2.40225	2.40225	2.23809	2.05702	4.68986	
118429	6.86428e+17	2.79187e+17	1.22173e+17	7.72999e+16	1.546e+17	2.319e+17	3.092e+17	3.86499e+17	4.63799e+17	5.41099e+17	6.18399e+17	6.95699e+17	7.65611e+17	6.14245e+17	8.59945e+15	5.81785e+15	5.35167e+15	2.3419e+15	1.48174e+15	2.96348e+15	4.44523e+15	5.92697e+15	7.40871e+15	8.89045e+15	1.03722e+16	1.18539e+16	1.33357e+16	1.92437e+16	1.59549e+17	4.53997e+17	2.58307	2.40561	2.40561	2.40561	2.40561	2.40561	2.40561	2.40561	2.40561	2.40561	2.40561	2.40561	2.24175	2.05483	4.68986	
118681	6.86429e+17	2.79188e+17	1.22174e+17	7.73002e+16	1.546e+17	2.31901e+17	3.09201e+17	3.86501e+17	4.63801e+17	5.41101e+17	6.18402e+17	6.95702e+17	7.65561e+17	6.14889e+17	8.59945e+15	5.81718e+15	5.35095e+15	2.34159e+15	1.48154e+15	2.96309e+15	4.44463e+15	5.92618e+15	7.40772e+15	8.88926e+15	1.03708e+16	1.18524e+16	1.33339e+16	1.92748e+16	1.59172e+17	4.53997e+17	2.58599	2.40896	2.40896	2.40896	2.40896	2.40896	2.40896	2.40896	2.40896	2.40896	2.40896	2.40896	2.24539	2.05267	4.68986	
118932	6.8643e+17	2.7919e+17	1.22174e+17	7.73005e+16	1.54601e+17	2.31902e+17	3.09202e+17	3.86503e+17	4.63803e+17	5.41104e+17	6.18404e+17	6.95705e+17	7.65512e+17	6.15528e+17	8.59945e+15	5.81651e+15	5.35024e+15	2.34128e+15	1.48135e+15	2.96269e+15	4.44404e+15	5.92539e+15	7.40673e+15	8.88808e+15	1.03694e+16	1.18508e+16	1.33321e+16	1.93056e+16	1.58798e+17	4.53997e+17	2.58892	2.4123	2.4123	2.4123	2.4123	2.4123	2.4123	2.4123	2.4123	2.4123	2.4123	2.4123	2.24901	2.05053	4.68986	
119184	6.86432e+17	2.79191e+17	1.22175e+17	7.73008e+16	1.54602e+17	2.31903e+17	3.09203e+17	3.86504e+17	4.63805e+17	5.41106e+17	6.18407e+17	6.95708e+17	7.65463e+17	6.16163e+17	8.59945e+15	5.81585e+15	5.34953e+15	2.34097e+15	1.48115e+15	2.9623e+15	4.44345e+15	5.9246e+15	7.40575e+15	8.8869e+15	1.0368e+16	1.18492e+16	1.33303e+16	1.93363e+16	1.58427e+17	4.53997e+17	2.59184	2.41563	2.41563	2.41563	2.41563	2.41563	2.41563	2.41563	2.41563	2.41563	2.41563	2.41563	2.25263	2.04842	4.68986	
119436	6.86433e+17	2.79192e+17	1.22175e+17	7.73012e+16	1.54602e+17	2.31904e+17	3.09205e+17	3.86506e+17	4.63807e+17	5.41108e+17	6.18409e+17	6.95711e+17	7.65415e+17	6.16793e+17	8.59946e+15	5.81518e+15	5.34882e+15	2.34066e+15	1.48095e+15	2.96191e+15	4.44286e+15	5.92381e+15	7.40476e+15	8.88572e+15	1.03667e+16	1.18476e+16	1.33286e+16	1.93667e+16	1.58059e+17	4.53997e+17	2.59475	2.41894	2.41894	2.41894	2.41894	2.41894	2.41894	2.41894	2.41894	2.41894	2.41894	2.41894	2.25622	2.04633	4.68986	
119687	6.86434e+17	2.79193e+17	1.22176e+17	7.73015e+16	1.54603e+17	2.31904e+17	3.09206e+17	3.86507e+17	4.63809e+17	5.4111e+17	6.18412e+17	6.95713e+17	7.65366e+17	6.17417e+17	8.59946e+15	5.81452e+15	5.34811e+15	2.34035e+15	1.48076e+15	2.96151e+15	4.44227e+15	5.92303e+15	7.40379e+15	8.88454e+15	1.03653e+16	1.18461e+16	1.33268e+16	1.93968e+16	1.57694e+17	4.53997e+17	2.59766	2.42225	2.42225	2.42225	2.42225	2.42225	2.42225	2.42225	2.42225	2.42225	2.42225	2.42225	2.2598	2.04427	4.68986	
119939	6.86435e+17	2.79194e+17	1.22176e+17	7.73018e+16	1.54604e+17	2.31905e+17	3.09207e+17	3.86509e+17	4.63811e+17	5.41113e+17	6.18414e+17	6.95716e+17	7.65319e+17	6.18037e+17	8.59946e+15	5.81386e+15	5.34741e+15	2.34004e+15	1.48056e+15	2.96112e+15	4.44169e+15	5.92225e+15	7.40281e+15	8.88337e+15	1.03639e+16	1.18445e+16	1.33251e+16	1.94268e+16	1.57331e+17	4.53997e+17	2.60057	2.42554	2.42554	2.42554	2.42554	2.42554	2.42554	2.42554	2.42554	2.42554	2.42554	2.42554	2.26337	2.04223	4.68986	
120191	6.86437e+17	2.79195e+17	1.22177e+17	7.73021e+16	1.54604e+17	2.31906e+17	3.09209e+17	3.86511e+17	4.63813e+17	5.41115e+17	6.18417e+17	6.95719e+17	7.65271e+17	6.18652e+17	8.59946e+15	5.81321e+15	5.3467e+15	2.33973e+15	1.48037e+15	2.96073e+15	4.4411e+15	5.92147e+15	7.40183e+15	8.8822e+15	1.03626e+16	1.18429e+16	1.33233e+16	1.94564e+16	1.56971e+17	4.53997e+17	2.60347	2.42883	2.42883	2.42883	2.42883	2.42883	2.42883	2.42883	2.42883	2.42883	2.42883	2.42883	2.26693	2.04022	4.68986	
120442	6.86438e+17	2.79196e+17	1.22177e+17	7.73024e+16	1.54605e+17	2.31907e+17	3.0921e+17	3.86512e+17	4.63815e+17	5.41117e+17	6.1842e+17	6.95722e+17	7.65224e+17	6.19263e+17	8.59946e+15	5.81255e+15	5.346e+15	2.33942e+15	1.48017e+15	2.96035e+15	4.44052e+15	5.92069e+15	7.40086e+15	8.88104e+15	1.03612e+16	1.18414e+16	1.33216e+16	1.94859e+16	1.56613e+17	4.53997e+17	2.60637	2.4321	2.4321	2.4321	2.4321	2.4321	2.4321	2.4321	2.4321	2.4321	2.4321	2.4321	2.27047	2.03822	4.68986	
120694	6.86439e+17	2.79198e+17	1.22178e+17	7.73028e+16	1.54606e+17	2.31908e+17	3.09211e+17	3.86514e+17	4.63817e+17	5.41119e+17	6.18422e+17	6.95725e+17	7.65177e+17	6.19868e+17	8.59946e+15	5.8119e+15	5.3453e+15	2.33912e+15	1.47998e+15	2.95996e+15	4.43994e+15	5.91992e+15	7.39989e+15	8.87987e+15	1.03599e+16	1.18398e+16	1.33198e+16	1.9515e+16	1.56259e+17	4.53997e+17	2.60926	2.43537	2.43537	2.43537	2.43537	2.43537	2.43537	2.43537	2.43537	2.43537	2.43537	2.43537	2.27399	2.03625	4.68986	
120946	6.8644e+17	2.79199e+17	1.22178e+17	7.73031e+16	1.54606e+17	2.31909e+17	3.09212e+17	3.86515e+17	4.63818e+17	5.41122e+17	6.18425e+17	6.95728e+17	7.65131e+17	6.2047e+17	8.59946e+15	5.81125e+15	5.3446e+15	2.33881e+15	1.47979e+15	2.95957e+15	4.43936e+15	5.91914e+15	7.39893e+15	8.87871e+15	1.03585e+16	1.18383e+16	1.33181e+16	1.95439e+16	1.55906e+17	4.53997e+17	2.61215	2.43863	2.43863	2.43863	2.43863	2.43863	2.43863	2.43863	2.43863	2.43863	2.43863	2.43863	2.2775	2.03431	4.68986	
121198	6.86442e+17	2.792e+17	1.22179e+17	7.73034e+16	1.54607e+17	2.3191e+17	3.09214e+17	3.86517e+17	4.6382e+17	5.41124e+17	6.18427e+17	6.95731e+17	7.65085e+17	6.21067e+17	8.59946e+15	5.8106e+15	5.34391e+15	2.33851e+15	1.47959e+15	2.95919e+15	4.43878e+15	5.91837e+15	7.39796e+15	8.87756e+15	1.03571e+16	1.18367e+16	1.33163e+16	1.95726e+16	1.55556e+17	4.53997e+17	2.61504	2.44187	2.44187	2.44187	2.44187	2.44187	2.44187	2.44187	2.44187	2.44187	2.44187	2.44187	2.281	2.03238	4.68986	
121449	6.86443e+17	2.79201e+17	1.22179e+17	7.73037e+16	1.54607e+17	2.31911e+17	3.09215e+17	3.86519e+17	4.63822e+17	5.41126e+17	6.1843e+17	6.95733e+17	7.6504e+17	6.21658e+17	8.59946e+15	5.80995e+15	5.34321e+15	2.3382e+15	1.4794e+15	2.9588e+15	4.4382e+15	5.9176e+15	7.397e+15	8.8764e+15	1.03558e+16	1.18352e+16	1.33146e+16	1.9601e+16	1.55209e+17	4.53997e+17	2.61791	2.44511	2.44511	2.44511	2.44511	2.44511	2.44511	2.44511	2.44511	2.44511	2.44511	2.44511	2.28448	2.03048	4.68986	
121701	6.86444e+17	2.79202e+17	1.2218e+17	7.7304e+16	1.54608e+17	2.31912e+17	3.09216e+17	3.8652e+17	4.63824e+17	5.41128e+17	6.18432e+17	6.95736e+17	7.64995e+17	6.22246e+17	8.59946e+15	5.8093e+15	5.34252e+15	2.3379e+15	1.47921e+15	2.95842e+15	4.43763e+15	5.91684e+15	7.39605e+15	8.87525e+15	1.03545e+16	1.18337e+16	1.33129e+16	1.96292e+16	1.54865e+17	4.53997e+17	2.62079	2.44834	2.44834	2.44834	2.44834	2.44834	2.44834	2.44834	2.44834	2.44834	2.44834	2.44834	2.28795	2.02859	4.68986	
121953	6.86445e+17	2.79203e+17	1.2218e+17	7.73043e+16	1.54609e+17	2.31913e+17	3.09217e+17	3.86522e+17	4.63826e+17	5.4113e+17	6.18435e+17	6.95739e+17	7.6495e+17	6.2283e+17	8.59946e+15	5.80866e+15	5.34183e+15	2.3376e+15	1.47902e+15	2.95804e+15	4.43705e+15	5.91607e+15	7.39509e+15	8.87411e+15	1.03531e+16	1.18321e+16	1.33112e+16	1.9657e+16	1.54523e+17	4.53997e+17	2.62366	2.45156	2.45156	2.45156	2.45156	2.45156	2.45156	2.45156	2.45156	2.45156	2.45156	2.45156	2.2914	2.02673	4.68985	
122205	6.86446e+17	2.79204e+17	1.22181e+17	7.73047e+16	1.54609e+17	2.31914e+17	3.09219e+17	3.86523e+17	4.63828e+17	5.41133e+17	6.18437e+17	6.95742e+17	7.64906e+17	6.23409e+17	8.59946e+15	5.80802e+15	5.34114e+15	2.3373e+15	1.47883e+15	2.95765e+15	4.43648e+15	5.91531e+15	7.39414e+15	8.87296e+15	1.03518e+16	1.18306e+16	1.33094e+16	1.96847e+16	1.54183e+17	4.53997e+17	2.62653	2.45478	2.45478	2.45478	2.45478	2.45478	2.45478	2.45478	2.45478	2.45478	2.45478	2.45478	2.29485	2.02489	4.68985	
122456	6.86448e+17	2.79206e+17	1.22181e+17	7.7305e+16	1.5461e+17	2.31915e+17	3.0922e+17	3.86525e+17	4.6383e+17	5.41135e+17	6.1844e+17	6.95745e+17	7.64862e+17	6.23984e+17	8.59946e+15	5.80738e+15	5.34046e+15	2.337e+15	1.47864e+15	2.95727e+15	4.43591e+15	5.91455e+15	7.39319e+15	8.87182e+15	1.03505e+16	1.18291e+16	1.33077e+16	1.9712e+16	1.53846e+17	4.53997e+17	2.62939	2.45798	2.45798	2.45798	2.45798	2.45798	2.45798	2.45798	2.45798	2.45798	2.45798	2.45798	2.29827	2.02307	4.68985	
122708	6.86449e+17	2.79207e+17	1.22182e+17	7.73053e+16	1.54611e+17	2.31916e+17	3.09221e+17	3.86526e+17	4.63832e+17	5.41137e+17	6.18442e+17	6.95747e+17	7.64819e+17	6.24554e+17	8.59946e+15	5.80674e+15	5.33977e+15	2.3367e+15	1.47845e+15	2.9569e+15	4.43534e+15	5.91379e+15	7.39224e+15	8.87069e+15	1.03491e+16	1.18276e+16	1.3306e+16	1.97391e+16	1.53511e+17	4.53997e+17	2.63225	2.46118	2.46118	2.46118	2.46118	2.46118	2.46118	2.46118	2.46118	2.46118	2.46118	2.46118	2.30169	2.02127	4.68985	
122960	6.8645e+17	2.79208e+17	1.22182e+17	7.73056e+16	1.54611e+17	2.31917e+17	3.09222e+17	3.86528e+17	4.63833e+17	5.41139e+17	6.18445e+17	6.9575e+17	7.64776e+17	6.25121e+17	8.59946e+15	5.8061e+15	5.33909e+15	2.3364e+15	1.47826e+15	2.95652e+15	4.43478e+15	5.91304e+15	7.39129e+15	8.86955e+15	1.03478e+16	1.18261e+16	1.33043e+16	1.9766e+16	1.53178e+17	4.53997e+17	2.63511	2.46437	2.46437	2.46437	2.46437	2.46437	2.46437	2.46437	2.46437	2.46437	2.46437	2.46437	2.30509	2.01949	4.68985	
123212	6.86451e+17	2.79209e+17	1.22183e+17	7.73059e+16	1.54612e+17	2.31918e+17	3.09224e+17	3.86529e+17	4.63835e+17	5.41141e+17	6.18447e+17	6.95753e+17	7.64734e+17	6.25683e+17	8.59946e+15	5.80547e+15	5.33841e+15	2.3361e+15	1.47807e+15	2.95614e+15	4.43421e+15	5.91228e+15	7.39035e+15	8.86842e+15	1.03465e+16	1.18246e+16	1.33026e+16	1.97925e+16	1.52848e+17	4.53997e+17	2.63796	2.46754	2.46754	2.46754	2.46754	2.46754	2.46754	2.46754	2.46754	2.46754	2.46754	2.46754	2.30848	2.01773	4.68985	
123463	6.86453e+17	2.7921e+17	1.22183e+17	7.73062e+16	1.54612e+17	2.31919e+17	3.09225e+17	3.86531e+17	4.63837e+17	5.41143e+17	6.1845e+17	6.95756e+17	7.64691e+17	6.26241e+17	8.59946e+15	5.80484e+15	5.33773e+15	2.3358e+15	1.47788e+15	2.95577e+15	4.43365e+15	5.91153e+15	7.38941e+15	8.8673e+15	1.03452e+16	1.18231e+16	1.33009e+16	1.98188e+16	1.5252e+17	4.53997e+17	2.64081	2.47072	2.47072	2.47072	2.47072	2.47072	2.47072	2.47072	2.47072	2.47072	2.47072	2.47072	2.31186	2.01598	4.68985	
123715	6.86454e+17	2.79211e+17	1.22184e+17	7.73065e+16	1.54613e+17	2.3192e+17	3.09226e+17	3.86533e+17	4.63839e+17	5.41146e+17	6.18452e+17	6.95759e+17	7.6465e+17	6.26796e+17	8.59946e+15	5.80421e+15	5.33705e+15	2.33551e+15	1.4777e+15	2.95539e+15	4.43309e+15	5.91078e+15	7.38848e+15	8.86617e+15	1.03439e+16	1.18216e+16	1.32993e+16	1.98449e+16	1.52195e+17	4.53997e+17	2.64365	2.47388	2.47388	2.47388	2.47388	2.47388	2.47388	2.47388	2.47388	2.47388	2.47388	2.47388	2.31522	2.01426	4.68985	
123967	6.86455e+17	2.79212e+17	1.22184e+17	7.73068e+16	1.54614e+17	2.3192e+17	3.09227e+17	3.86534e+17	4.63841e+17	5.41148e+17	6.18454e+17	6.95761e+17	7.64608e+17	6.27346e+17	8.59946e+15	5.80358e+15	5.33638e+15	2.33521e+15	1.47751e+15	2.95502e+15	4.43253e+15	5.91003e+15	7.38754e+15	8.86505e+15	1.03426e+16	1.18201e+16	1.32976e+16	1.98706e+16	1.51871e+17	4.53997e+17	2.64649	2.47704	2.47704	2.47704	2.47704	2.47704	2.47704	2.47704	2.47704	2.47704	2.47704	2.47704	2.31857	2.01256	4.68985	
124219	6.86456e+17	2.79213e+17	1.22184e+17	7.73071e+16	1.54614e+17	2.31921e+17	3.09228e+17	3.86536e+17	4.63843e+17	5.4115e+17	6.18457e+17	6.95764e+17	7.64568e+17	6.27892e+17	8.59946e+15	5.80295e+15	5.33571e+15	2.33492e+15	1.47732e+15	2.95464e+15	4.43197e+15	5.90929e+15	7.38661e+15	8.86393e+15	1.03413e+16	1.18186e+16	1.32959e+16	1.98961e+16	1.5155e+17	4.53997e+17	2.64932	2.48019	2.48019	2.48019	2.48019	2.48019	2.48019	2.48019	2.48019	2.48019	2.48019	2.48019	2.32191	2.01087	4.68985	
124471	6.86457e+17	2.79214e+17	1.22185e+17	7.73074e+16	1.54615e+17	2.31922e+17	3.0923e+17	3.86537e+17	4.63845e+17	5.41152e+17	6.18459e+17	6.95767e+17	7.64527e+17	6.28435e+17	8.59946e+15	5.80233e+15	5.33503e+15	2.33463e+15	1.47714e+15	2.95427e+15	4.43141e+15	5.90855e+15	7.38568e+15	8.86282e+15	1.034e+16	1.18171e+16	1.32942e+16	1.99214e+16	1.51231e+17	4.53997e+17	2.65215	2.48334	2.48334	2.48334	2.48334	2.48334	2.48334	2.48334	2.48334	2.48334	2.48334	2.48334	2.32524	2.0092	4.68985	
124723	6.86459e+17	2.79216e+17	1.22185e+17	7.73077e+16	1.54615e+17	2.31923e+17	3.09231e+17	3.86539e+17	4.63846e+17	5.41154e+17	6.18462e+17	6.9577e+17	7.64487e+17	6.28974e+17	8.59947e+15	5.8017e+15	5.33437e+15	2.33433e+15	1.47695e+15	2.9539e+15	4.43085e+15	5.9078e+15	7.38476e+15	8.86171e+15	1.03387e+16	1.18156e+16	1.32926e+16	1.99464e+16	1.50914e+17	4.53997e+17	2.65498	2.48648	2.48648	2.48648	2.48648	2.48648	2.48648	2.48648	2.48648	2.48648	2.48648	2.48648	2.32856	2.00755	4.68985	
124974	6.8646e+17	2.79217e+17	1.22186e+17	7.7308e+16	1.54616e+17	2.31924e+17	3.09232e+17	3.8654e+17	4.63848e+17	5.41156e+17	6.18464e+17	6.95772e+17	7.64448e+17	6.29509e+17	8.59947e+15	5.80108e+15	5.3337e+15	2.33404e+15	1.47677e+15	2.95353e+15	4.4303e+15	5.90707e+15	7.38383e+15	8.8606e+15	1.03374e+16	1.18141e+16	1.32909e+16	1.99711e+16	1.506e+17	4.53998e+17	2.6578	2.48961	2.48961	2.48961	2.48961	2.48961	2.48961	2.48961	2.48961	2.48961	2.48961	2.48961	2.33186	2.00591	4.68985	
125226	6.86461e+17	2.79218e+17	1.22186e+17	7.73083e+16	1.54617e+17	2.31925e+17	3.09233e+17	3.86542e+17	4.6385e+17	5.41158e+17	6.18467e+17	6.95775e+17	7.64408e+17	6.3004e+17	8.59947e+15	5.80046e+15	5.33303e+15	2.33375e+15	1.47658e+15	2.95316e+15	4.42975e+15	5.90633e+15	7.38291e+15	8.85949e+15	1.03361e+16	1.18127e+16	1.32892e+16	1.99956e+16	1.50287e+17	4.53998e+17	2.66062	2.49273	2.49273	2.49273	2.49273	2.49273	2.49273	2.49273	2.49273	2.49273	2.49273	2.49273	2.33515	2.00429	4.68985	
125478	6.86462e+17	2.79219e+17	1.22187e+17	7.73086e+16	1.54617e+17	2.31926e+17	3.09235e+17	3.86543e+17	4.63852e+17	5.4116e+17	6.18469e+17	6.95778e+17	7.6437e+17	6.30568e+17	8.59947e+15	5.79985e+15	5.33237e+15	2.33346e+15	1.4764e+15	2.9528e+15	4.4292e+15	5.90559e+15	7.38199e+15	8.85839e+15	1.03348e+16	1.18112e+16	1.32876e+16	2.00198e+16	1.49977e+17	4.53998e+17	2.66343	2.49585	2.49585	2.49585	2.49585	2.49585	2.49585	2.49585	2.49585	2.49585	2.49585	2.49585	2.33843	2.00269	4.68985	
125730	6.86463e+17	2.7922e+17	1.22187e+17	7.73089e+16	1.54618e+17	2.31927e+17	3.09236e+17	3.86545e+17	4.63854e+17	5.41162e+17	6.18471e+17	6.9578e+17	7.64331e+17	6.31092e+17	8.59947e+15	5.79923e+15	5.33171e+15	2.33317e+15	1.47622e+15	2.95243e+15	4.42865e+15	5.90486e+15	7.38108e+15	8.85729e+15	1.03335e+16	1.18097e+16	1.32859e+16	2.00437e+16	1.49668e+17	4.53998e+17	2.66624	2.49896	2.49896	2.49896	2.49896	2.49896	2.49896	2.49896	2.49896	2.49896	2.49896	2.49896	2.3417	2.00111	4.68985	
125982	6.86464e+17	2.79221e+17	1.22188e+17	7.73092e+16	1.54618e+17	2.31928e+17	3.09237e+17	3.86546e+17	4.63855e+17	5.41165e+17	6.18474e+17	6.95783e+17	7.64293e+17	6.31612e+17	8.59947e+15	5.79862e+15	5.33105e+15	2.33288e+15	1.47603e+15	2.95207e+15	4.4281e+15	5.90413e+15	7.38017e+15	8.8562e+15	1.03322e+16	1.18083e+16	1.32843e+16	2.00674e+16	1.49362e+17	4.53998e+17	2.66904	2.50206	2.50206	2.50206	2.50206	2.50206	2.50206	2.50206	2.50206	2.50206	2.50206	2.50206	2.34495	1.99954	4.68985	
126234	6.86466e+17	2.79222e+17	1.22188e+17	7.73095e+16	1.54619e+17	2.31929e+17	3.09238e+17	3.86548e+17	4.63857e+17	5.41167e+17	6.18476e+17	6.95786e+17	7.64256e+17	6.32129e+17	8.59947e+15	5.798e+15	5.33039e+15	2.33259e+15	1.47585e+15	2.9517e+15	4.42755e+15	5.9034e+15	7.37926e+15	8.85511e+15	1.0331e+16	1.18068e+16	1.32827e+16	2.00908e+16	1.49058e+17	4.53998e+17	2.67185	2.50516	2.50516	2.50516	2.50516	2.50516	2.50516	2.50516	2.50516	2.50516	2.50516	2.50516	2.3482	1.99799	4.68985	
126486	6.86467e+17	2.79223e+17	1.22189e+17	7.73098e+16	1.5462e+17	2.31929e+17	3.09239e+17	3.86549e+17	4.63859e+17	5.41169e+17	6.18479e+17	6.95788e+17	7.64218e+17	6.32643e+17	8.59947e+15	5.79739e+15	5.32974e+15	2.33231e+15	1.47567e+15	2.95134e+15	4.42701e+15	5.90268e+15	7.37835e+15	8.85402e+15	1.03297e+16	1.18054e+16	1.3281e+16	2.0114e+16	1.48755e+17	4.53998e+17	2.67464	2.50826	2.50826	2.50826	2.50826	2.50826	2.50826	2.50826	2.50826	2.50826	2.50826	2.50826	2.35144	1.99645	4.68985	
126737	6.86468e+17	2.79224e+17	1.22189e+17	7.73101e+16	1.5462e+17	2.3193e+17	3.0924e+17	3.86551e+17	4.63861e+17	5.41171e+17	6.18481e+17	6.95791e+17	7.64182e+17	6.33153e+17	8.59947e+15	5.79678e+15	5.32908e+15	2.33202e+15	1.47549e+15	2.95098e+15	4.42647e+15	5.90195e+15	7.37744e+15	8.85293e+15	1.03284e+16	1.18039e+16	1.32794e+16	2.01369e+16	1.48455e+17	4.53998e+17	2.67744	2.51134	2.51134	2.51134	2.51134	2.51134	2.51134	2.51134	2.51134	2.51134	2.51134	2.51134	2.35466	1.99493	4.68985	
126989	6.86469e+17	2.79225e+17	1.2219e+17	7.73104e+16	1.54621e+17	2.31931e+17	3.09242e+17	3.86552e+17	4.63862e+17	5.41173e+17	6.18483e+17	6.95794e+17	7.64145e+17	6.3366e+17	8.59947e+15	5.79618e+15	5.32843e+15	2.33174e+15	1.47531e+15	2.95062e+15	4.42592e+15	5.90123e+15	7.37654e+15	8.85185e+15	1.03272e+16	1.18025e+16	1.32778e+16	2.01596e+16	1.48156e+17	4.53998e+17	2.68023	2.51442	2.51442	2.51442	2.51442	2.51442	2.51442	2.51442	2.51442	2.51442	2.51442	2.51442	2.35787	1.99342	4.68984	
127241	6.8647e+17	2.79226e+17	1.2219e+17	7.73107e+16	1.54621e+17	2.31932e+17	3.09243e+17	3.86554e+17	4.63864e+17	5.41175e+17	6.18486e+17	6.95796e+17	7.64109e+17	6.34163e+17	8.59947e+15	5.79557e+15	5.32778e+15	2.33145e+15	1.47513e+15	2.95026e+15	4.42538e+15	5.90051e+15	7.37564e+15	8.85077e+15	1.03259e+16	1.1801e+16	1.32762e+16	2.01821e+16	1.4786e+17	4.53998e+17	2.68301	2.5175	2.5175	2.5175	2.5175	2.5175	2.5175	2.5175	2.5175	2.5175	2.5175	2.5175	2.36107	1.99193	4.68984	
127493	6.86471e+17	2.79227e+17	1.22191e+17	7.7311e+16	1.54622e+17	2.31933e+17	3.09244e+17	3.86555e+17	4.63866e+17	5.41177e+17	6.18488e+17	6.95799e+17	7.64074e+17	6.34663e+17	8.59947e+15	5.79497e+15	5.32713e+15	2.33117e+15	1.47495e+15	2.9499e+15	4.42485e+15	5.8998e+15	7.37474e+15	8.84969e+15	1.03246e+16	1.17996e+16	1.32745e+16	2.02043e+16	1.47565e+17	4.53998e+17	2.68579	2.52056	2.52056	2.52056	2.52056	2.52056	2.52056	2.52056	2.52056	2.52056	2.52056	2.52056	2.36426	1.99046	4.68984	
127745	6.86473e+17	2.79228e+17	1.22191e+17	7.73113e+16	1.54623e+17	2.31934e+17	3.09245e+17	3.86556e+17	4.63868e+17	5.41179e+17	6.1849e+17	6.95802e+17	7.64038e+17	6.3516e+17	8.59948e+15	5.79437e+15	5.32649e+15	2.33089e+15	1.47477e+15	2.94954e+15	4.42431e+15	5.89908e+15	7.37385e+15	8.84862e+15	1.03234e+16	1.17982e+16	1.32729e+16	2.02262e+16	1.47272e+17	4.53998e+17	2.68857	2.52362	2.52362	2.52362	2.52362	2.52362	2.52362	2.52362	2.52362	2.52362	2.52362	2.52362	2.36744	1.98899	4.68984	
127997	6.86474e+17	2.79229e+17	1.22192e+17	7.73116e+16	1.54623e+17	2.31935e+17	3.09246e+17	3.86558e+17	4.6387e+17	5.41181e+17	6.18493e+17	6.95804e+17	7.64003e+17	6.35654e+17	8.59948e+15	5.79377e+15	5.32584e+15	2.3306e+15	1.47459e+15	2.94918e+15	4.42378e+15	5.89837e+15	7.37296e+15	8.84755e+15	1.03221e+16	1.17967e+16	1.32713e+16	2.02479e+16	1.46981e+17	4.53998e+17	2.69134	2.52668	2.52668	2.52668	2.52668	2.52668	2.52668	2.52668	2.52668	2.52668	2.52668	2.52668	2.37062	1.98755	4.68984	
128249	6.86475e+17	2.79231e+17	1.22192e+17	7.73119e+16	1.54624e+17	2.31936e+17	3.09248e+17	3.86559e+17	4.63871e+17	5.41183e+17	6.18495e+17	6.95807e+17	7.63969e+17	6.36145e+17	8.59948e+15	5.79317e+15	5.3252e+15	2.33032e+15	1.47441e+15	2.94883e+15	4.42324e+15	5.89766e+15	7.37207e+15	8.84648e+15	1.03209e+16	1.17953e+16	1.32697e+16	2.02694e+16	1.46691e+17	4.53998e+17	2.69412	2.52973	2.52973	2.52973	2.52973	2.52973	2.52973	2.52973	2.52973	2.52973	2.52973	2.52973	2.37378	1.98611	4.68984	
128501	6.86476e+17	2.79232e+17	1.22192e+17	7.73122e+16	1.54624e+17	2.31937e+17	3.09249e+17	3.86561e+17	4.63873e+17	5.41185e+17	6.18497e+17	6.9581e+17	7.63935e+17	6.36632e+17	8.59948e+15	5.79258e+15	5.32456e+15	2.33004e+15	1.47424e+15	2.94847e+15	4.42271e+15	5.89695e+15	7.37118e+15	8.84542e+15	1.03197e+16	1.17939e+16	1.32681e+16	2.02906e+16	1.46404e+17	4.53998e+17	2.69688	2.53278	2.53278	2.53278	2.53278	2.53278	2.53278	2.53278	2.53278	2.53278	2.53278	2.53278	2.37693	1.98469	4.68984	
128753	6.86477e+17	2.79233e+17	1.22193e+17	7.73125e+16	1.54625e+17	2.31937e+17	3.0925e+17	3.86562e+17	4.63875e+17	5.41187e+17	6.185e+17	6.95812e+17	7.63901e+17	6.37117e+17	8.59948e+15	5.79198e+15	5.32392e+15	2.32976e+15	1.47406e+15	2.94812e+15	4.42218e+15	5.89624e+15	7.3703e+15	8.84436e+15	1.03184e+16	1.17925e+16	1.32665e+16	2.03117e+16	1.46118e+17	4.53998e+17	2.69964	2.53582	2.53582	2.53582	2.53582	2.53582	2.53582	2.53582	2.53582	2.53582	2.53582	2.53582	2.38007	1.98328	4.68984	
129005	6.86478e+17	2.79234e+17	1.22193e+17	7.73127e+16	1.54625e+17	2.31938e+17	3.09251e+17	3.86564e+17	4.63876e+17	5.41189e+17	6.18502e+17	6.95815e+17	7.63868e+17	6.37599e+17	8.59948e+15	5.79139e+15	5.32329e+15	2.32948e+15	1.47388e+15	2.94777e+15	4.42165e+15	5.89553e+15	7.36942e+15	8.8433e+15	1.03172e+16	1.17911e+16	1.3265e+16	2.03324e+16	1.45834e+17	4.53998e+17	2.7024	2.53885	2.53885	2.53885	2.53885	2.53885	2.53885	2.53885	2.53885	2.53885	2.53885	2.53885	2.3832	1.98189	4.68984	
129257	6.86479e+17	2.79235e+17	1.22194e+17	7.7313e+16	1.54626e+17	2.31939e+17	3.09252e+17	3.86565e+17	4.63878e+17	5.41191e+17	6.18504e+17	6.95817e+17	7.63835e+17	6.38077e+17	8.59948e+15	5.7908e+15	5.32265e+15	2.32921e+15	1.47371e+15	2.94742e+15	4.42112e+15	5.89483e+15	7.36854e+15	8.84225e+15	1.0316e+16	1.17897e+16	1.32634e+16	2.0353e+16	1.45551e+17	4.53998e+17	2.70515	2.54188	2.54188	2.54188	2.54188	2.54188	2.54188	2.54188	2.54188	2.54188	2.54188	2.54188	2.38632	1.98051	4.68984	
129508	6.8648e+17	2.79236e+17	1.22194e+17	7.73133e+16	1.54627e+17	2.3194e+17	3.09253e+17	3.86567e+17	4.6388e+17	5.41193e+17	6.18507e+17	6.9582e+17	7.63802e+17	6.38553e+17	8.59948e+15	5.79021e+15	5.32202e+15	2.32893e+15	1.47353e+15	2.94707e+15	4.4206e+15	5.89413e+15	7.36766e+15	8.8412e+15	1.03147e+16	1.17883e+16	1.32618e+16	2.03733e+16	1.4527e+17	4.53998e+17	2.7079	2.5449	2.5449	2.5449	2.5449	2.5449	2.5449	2.5449	2.5449	2.5449	2.5449	2.5449	2.38943	1.97914	4.68984	
129760	6.86482e+17	2.79237e+17	1.22195e+17	7.73136e+16	1.54627e+17	2.31941e+17	3.09254e+17	3.86568e+17	4.63882e+17	5.41195e+17	6.18509e+17	6.95822e+17	7.6377e+17	6.39026e+17	8.59949e+15	5.78962e+15	5.32139e+15	2.32865e+15	1.47336e+15	2.94672e+15	4.42007e+15	5.89343e+15	7.36679e+15	8.84015e+15	1.03135e+16	1.17869e+16	1.32602e+16	2.03934e+16	1.44991e+17	4.53998e+17	2.71065	2.54792	2.54792	2.54792	2.54792	2.54792	2.54792	2.54792	2.54792	2.54792	2.54792	2.54792	2.39253	1.97779	4.68984	
130013	6.86483e+17	2.79238e+17	1.22195e+17	7.73139e+16	1.54628e+17	2.31942e+17	3.09256e+17	3.86569e+17	4.63883e+17	5.41197e+17	6.18511e+17	6.95825e+17	7.63738e+17	6.39496e+17	8.59949e+15	5.78904e+15	5.32076e+15	2.32838e+15	1.47318e+15	2.94637e+15	4.41955e+15	5.89274e+15	7.36592e+15	8.8391e+15	1.03123e+16	1.17855e+16	1.32587e+16	2.04133e+16	1.44713e+17	4.53998e+17	2.71339	2.55094	2.55094	2.55094	2.55094	2.55094	2.55094	2.55094	2.55094	2.55094	2.55094	2.55094	2.39563	1.97644	4.68983	
130264	6.86484e+17	2.79239e+17	1.22196e+17	7.73142e+16	1.54628e+17	2.31943e+17	3.09257e+17	3.86571e+17	4.63885e+17	5.41199e+17	6.18513e+17	6.95828e+17	7.63706e+17	6.39963e+17	8.59949e+15	5.78845e+15	5.32013e+15	2.3281e+15	1.47301e+15	2.94602e+15	4.41903e+15	5.89204e+15	7.36505e+15	8.83806e+15	1.03111e+16	1.17841e+16	1.32571e+16	2.0433e+16	1.44438e+17	4.53998e+17	2.71613	2.55394	2.55394	2.55394	2.55394	2.55394	2.55394	2.55394	2.55394	2.55394	2.55394	2.55394	2.39871	1.97511	4.68983	
130516	6.86485e+17	2.7924e+17	1.22196e+17	7.73145e+16	1.54629e+17	2.31943e+17	3.09258e+17	3.86572e+17	4.63887e+17	5.41201e+17	6.18516e+17	6.9583e+17	7.63675e+17	6.40428e+17	8.59949e+15	5.78787e+15	5.31951e+15	2.32783e+15	1.47284e+15	2.94567e+15	4.41851e+15	5.89135e+15	7.36419e+15	8.83702e+15	1.03099e+16	1.17827e+16	1.32555e+16	2.04525e+16	1.44163e+17	4.53998e+17	2.71887	2.55694	2.55694	2.55694	2.55694	2.55694	2.55694	2.55694	2.55694	2.55694	2.55694	2.55694	2.40179	1.9738	4.68983	
130768	6.86486e+17	2.79241e+17	1.22197e+17	7.73147e+16	1.54629e+17	2.31944e+17	3.09259e+17	3.86574e+17	4.63888e+17	5.41203e+17	6.18518e+17	6.95833e+17	7.63644e+17	6.4089e+17	8.59949e+15	5.78729e+15	5.31888e+15	2.32756e+15	1.47266e+15	2.94533e+15	4.41799e+15	5.89066e+15	7.36332e+15	8.83599e+15	1.03087e+16	1.17813e+16	1.3254e+16	2.04718e+16	1.4389e+17	4.53998e+17	2.7216	2.55994	2.55994	2.55994	2.55994	2.55994	2.55994	2.55994	2.55994	2.55994	2.55994	2.55994	2.40485	1.97249	4.68983	
131020	6.86487e+17	2.79242e+17	1.22197e+17	7.7315e+16	1.5463e+17	2.31945e+17	3.0926e+17	3.86575e+17	4.6389e+17	5.41205e+17	6.1852e+17	6.95835e+17	7.63613e+17	6.41349e+17	8.59949e+15	5.78671e+15	5.31826e+15	2.32729e+15	1.47249e+15	2.94499e+15	4.41748e+15	5.88997e+15	7.36246e+15	8.83496e+15	1.03074e+16	1.17799e+16	1.32524e+16	2.04908e+16	1.43619e+17	4.53998e+17	2.72432	2.56293	2.56293	2.56293	2.56293	2.56293	2.56293	2.56293	2.56293	2.56293	2.56293	2.56293	2.40791	1.97119	4.68983	
131272	6.86488e+17	2.79243e+17	1.22197e+17	7.73153e+16	1.54631e+17	2.31946e+17	3.09261e+17	3.86577e+17	4.63892e+17	5.41207e+17	6.18522e+17	6.95838e+17	7.63583e+17	6.41806e+17	8.5995e+15	5.78613e+15	5.31764e+15	2.32701e+15	1.47232e+15	2.94464e+15	4.41696e+15	5.88928e+15	7.36161e+15	8.83393e+15	1.03062e+16	1.17786e+16	1.32509e+16	2.05097e+16	1.43349e+17	4.53998e+17	2.72705	2.56592	2.56592	2.56592	2.56592	2.56592	2.56592	2.56592	2.56592	2.56592	2.56592	2.56592	2.41096	1.96991	4.68983	
131524	6.86489e+17	2.79244e+17	1.22198e+17	7.73156e+16	1.54631e+17	2.31947e+17	3.09262e+17	3.86578e+17	4.63894e+17	5.41209e+17	6.18525e+17	6.9584e+17	7.63553e+17	6.4226e+17	8.5995e+15	5.78556e+15	5.31703e+15	2.32674e+15	1.47215e+15	2.9443e+15	4.41645e+15	5.8886e+15	7.36075e+15	8.8329e+15	1.0305e+16	1.17772e+16	1.32493e+16	2.05283e+16	1.4308e+17	4.53998e+17	2.72977	2.5689	2.5689	2.5689	2.5689	2.5689	2.5689	2.5689	2.5689	2.5689	2.5689	2.5689	2.414	1.96864	4.68983	
131776	6.8649e+17	2.79245e+17	1.22198e+17	7.73159e+16	1.54632e+17	2.31948e+17	3.09263e+17	3.86579e+17	4.63895e+17	5.41211e+17	6.18527e+17	6.95843e+17	7.63523e+17	6.42712e+17	8.5995e+15	5.78498e+15	5.31641e+15	2.32647e+15	1.47198e+15	2.94396e+15	4.41594e+15	5.88792e+15	7.3599e+15	8.83188e+15	1.03039e+16	1.17758e+16	1.32478e+16	2.05468e+16	1.42813e+17	4.53998e+17	2.73248	2.57188	2.57188	2.57188	2.57188	2.57188	2.57188	2.57188	2.57188	2.57188	2.57188	2.57188	2.41703	1.96738	4.68983	
132028	6.86492e+17	2.79246e+17	1.22199e+17	7.73161e+16	1.54632e+17	2.31948e+17	3.09265e+17	3.86581e+17	4.63897e+17	5.41213e+17	6.18529e+17	6.95845e+17	7.63493e+17	6.43161e+17	8.5995e+15	5.78441e+15	5.3158e+15	2.32621e+15	1.47181e+15	2.94362e+15	4.41543e+15	5.88724e+15	7.35905e+15	8.83086e+15	1.03027e+16	1.17745e+16	1.32463e+16	2.05651e+16	1.42548e+17	4.53998e+17	2.73519	2.57485	2.57485	2.57485	2.57485	2.57485	2.57485	2.57485	2.57485	2.57485	2.57485	2.57485	2.42005	1.96613	4.68983	
132280	6.86493e+17	2.79247e+17	1.22199e+17	7.73164e+16	1.54633e+17	2.31949e+17	3.09266e+17	3.86582e+17	4.63899e+17	5.41215e+17	6.18531e+17	6.95848e+17	7.63464e+17	6.43608e+17	8.5995e+15	5.78384e+15	5.31518e+15	2.32594e+15	1.47164e+15	2.94328e+15	4.41492e+15	5.88656e+15	7.3582e+15	8.82984e+15	1.03015e+16	1.17731e+16	1.32448e+16	2.05832e+16	1.42283e+17	4.53998e+17	2.7379	2.57782	2.57782	2.57782	2.57782	2.57782	2.57782	2.57782	2.57782	2.57782	2.57782	2.57782	2.42307	1.96489	4.68982	
132532	6.86494e+17	2.79248e+17	1.222e+17	7.73167e+16	1.54633e+17	2.3195e+17	3.09267e+17	3.86584e+17	4.639e+17	5.41217e+17	6.18534e+17	6.9585e+17	7.63435e+17	6.44052e+17	8.59951e+15	5.78327e+15	5.31457e+15	2.32567e+15	1.47147e+15	2.94294e+15	4.41441e+15	5.88588e+15	7.35735e+15	8.82882e+15	1.03003e+16	1.17718e+16	1.32432e+16	2.06011e+16	1.42021e+17	4.53998e+17	2.74061	2.58078	2.58078	2.58078	2.58078	2.58078	2.58078	2.58078	2.58078	2.58078	2.58078	2.58078	2.42608	1.96366	4.68982	
132784	6.86495e+17	2.79249e+17	1.222e+17	7.7317e+16	1.54634e+17	2.31951e+17	3.09268e+17	3.86585e+17	4.63902e+17	5.41219e+17	6.18536e+17	6.95853e+17	7.63407e+17	6.44494e+17	8.59951e+15	5.78271e+15	5.31396e+15	2.3254e+15	1.4713e+15	2.9426e+15	4.41391e+15	5.88521e+15	7.35651e+15	8.82781e+15	1.02991e+16	1.17704e+16	1.32417e+16	2.06188e+16	1.41759e+17	4.53998e+17	2.74331	2.58374	2.58374	2.58374	2.58374	2.58374	2.58374	2.58374	2.58374	2.58374	2.58374	2.58374	2.42908	1.96244	4.68982	
133036	6.86496e+17	2.7925e+17	1.222e+17	7.73173e+16	1.54635e+17	2.31952e+17	3.09269e+17	3.86586e+17	4.63904e+17	5.41221e+17	6.18538e+17	6.95855e+17	7.63379e+17	6.44934e+17	8.59951e+15	5.78214e+15	5.31336e+15	2.32514e+15	1.47113e+15	2.94227e+15	4.4134e+15	5.88454e+15	7.35567e+15	8.82681e+15	1.02979e+16	1.17691e+16	1.32402e+16	2.06363e+16	1.41499e+17	4.53998e+17	2.746	2.58669	2.58669	2.58669	2.58669	2.58669	2.58669	2.58669	2.58669	2.58669	2.58669	2.58669	2.43207	1.96123	4.68982	
133288	6.86497e+17	2.79251e+17	1.22201e+17	7.73175e+16	1.54635e+17	2.31953e+17	3.0927e+17	3.86588e+17	4.63905e+17	5.41223e+17	6.1854e+17	6.95858e+17	7.63351e+17	6.45371e+17	8.59951e+15	5.78158e+15	5.31275e+15	2.32487e+15	1.47097e+15	2.94193e+15	4.4129e+15	5.88387e+15	7.35483e+15	8.8258e+15	1.02968e+16	1.17677e+16	1.32387e+16	2.06537e+16	1.4124e+17	4.53998e+17	2.7487	2.58964	2.58964	2.58964	2.58964	2.58964	2.58964	2.58964	2.58964	2.58964	2.58964	2.58964	2.43505	1.96003	4.68982	
133540	6.86498e+17	2.79252e+17	1.22201e+17	7.73178e+16	1.54636e+17	2.31953e+17	3.09271e+17	3.86589e+17	4.63907e+17	5.41225e+17	6.18542e+17	6.9586e+17	7.63323e+17	6.45807e+17	8.59952e+15	5.78102e+15	5.31215e+15	2.32461e+15	1.4708e+15	2.9416e+15	4.4124e+15	5.8832e+15	7.354e+15	8.8248e+15	1.02956e+16	1.17664e+16	1.32372e+16	2.06709e+16	1.40982e+17	4.53998e+17	2.75139	2.59258	2.59258	2.59258	2.59258	2.59258	2.59258	2.59258	2.59258	2.59258	2.59258	2.59258	2.43803	1.95885	4.68982	
133792	6.86499e+17	2.79253e+17	1.22202e+17	7.73181e+16	1.54636e+17	2.31954e+17	3.09272e+17	3.8659e+17	4.63908e+17	5.41227e+17	6.18545e+17	6.95863e+17	7.63295e+17	6.46239e+17	8.59952e+15	5.78046e+15	5.31155e+15	2.32435e+15	1.47063e+15	2.94127e+15	4.4119e+15	5.88253e+15	7.35317e+15	8.8238e+15	1.02944e+16	1.17651e+16	1.32357e+16	2.06879e+16	1.40726e+17	4.53998e+17	2.75407	2.59552	2.59552	2.59552	2.59552	2.59552	2.59552	2.59552	2.59552	2.59552	2.59552	2.59552	2.44099	1.95767	4.68982	
134044	6.865e+17	2.79254e+17	1.22202e+17	7.73183e+16	1.54637e+17	2.31955e+17	3.09273e+17	3.86592e+17	4.6391e+17	5.41228e+17	6.18547e+17	6.95865e+17	7.63268e+17	6.4667e+17	8.59952e+15	5.7799e+15	5.31095e+15	2.32408e+15	1.47047e+15	2.94093e+15	4.4114e+15	5.88187e+15	7.35234e+15	8.8228e+15	1.02933e+16	1.17637e+16	1.32342e+16	2.07048e+16	1.40471e+17	4.53998e+17	2.75676	2.59845	2.59845	2.59845	2.59845	2.59845	2.59845	2.59845	2.59845	2.59845	2.59845	2.59845	2.44395	1.9565	4.68981	
134296	6.86501e+17	2.79255e+17	1.22203e+17	7.73186e+16	1.54637e+17	2.31956e+17	3.09274e+17	3.86593e+17	4.63912e+17	5.4123e+17	6.18549e+17	6.95868e+17	7.63241e+17	6.47099e+17	8.59952e+15	5.77934e+15	5.31035e+15	2.32382e+15	1.4703e+15	2.9406e+15	4.41091e+15	5.88121e+15	7.35151e+15	8.82181e+15	1.02921e+16	1.17624e+16	1.32327e+16	2.07215e+16	1.40217e+17	4.53998e+17	2.75943	2.60138	2.60138	2.60138	2.60138	2.60138	2.60138	2.60138	2.60138	2.60138	2.60138	2.60138	2.44691	1.95534	4.68981	
134548	6.86502e+17	2.79256e+17	1.22203e+17	7.73189e+16	1.54638e+17	2.31957e+17	3.09276e+17	3.86594e+17	4.63913e+17	5.41232e+17	6.18551e+17	6.9587e+17	7.63215e+17	6.47525e+17	8.59953e+15	5.77878e+15	5.30975e+15	2.32356e+15	1.47014e+15	2.94027e+15	4.41041e+15	5.88055e+15	7.35068e+15	8.82082e+15	1.0291e+16	1.17611e+16	1.32312e+16	2.0738e+16	1.39965e+17	4.53998e+17	2.76211	2.6043	2.6043	2.6043	2.6043	2.6043	2.6043	2.6043	2.6043	2.6043	2.6043	2.6043	2.44985	1.95419	4.68981	
134800	6.86503e+17	2.79257e+17	1.22204e+17	7.73192e+16	1.54638e+17	2.31957e+17	3.09277e+17	3.86596e+17	4.63915e+17	5.41234e+17	6.18553e+17	6.95872e+17	7.63188e+17	6.4795e+17	8.59953e+15	5.77823e+15	5.30916e+15	2.3233e+15	1.46997e+15	2.93994e+15	4.40992e+15	5.87989e+15	7.34986e+15	8.81983e+15	1.02898e+16	1.17598e+16	1.32298e+16	2.07544e+16	1.39713e+17	4.53998e+17	2.76478	2.60722	2.60722	2.60722	2.60722	2.60722	2.60722	2.60722	2.60722	2.60722	2.60722	2.60722	2.45279	1.95305	4.68981	
135052	6.86504e+17	2.79258e+17	1.22204e+17	7.73194e+16	1.54639e+17	2.31958e+17	3.09278e+17	3.86597e+17	4.63917e+17	5.41236e+17	6.18555e+17	6.95875e+17	7.63162e+17	6.48372e+17	8.59953e+15	5.77768e+15	5.30857e+15	2.32304e+15	1.46981e+15	2.93962e+15	4.40942e+15	5.87923e+15	7.34904e+15	8.81885e+15	1.02887e+16	1.17585e+16	1.32283e+16	2.07706e+16	1.39463e+17	4.53998e+17	2.76745	2.61013	2.61013	2.61013	2.61013	2.61013	2.61013	2.61013	2.61013	2.61013	2.61013	2.61013	2.45572	1.95192	4.68981	
135304	6.86505e+17	2.79259e+17	1.22204e+17	7.73197e+16	1.54639e+17	2.31959e+17	3.09279e+17	3.86598e+17	4.63918e+17	5.41238e+17	6.18558e+17	6.95877e+17	7.63136e+17	6.48792e+17	8.59954e+15	5.77713e+15	5.30798e+15	2.32278e+15	1.46964e+15	2.93929e+15	4.40893e+15	5.87858e+15	7.34822e+15	8.81787e+15	1.02875e+16	1.17572e+16	1.32268e+16	2.07867e+16	1.39214e+17	4.53998e+17	2.77011	2.61305	2.61305	2.61305	2.61305	2.61305	2.61305	2.61305	2.61305	2.61305	2.61305	2.61305	2.45865	1.95079	4.68981	
135556	6.86507e+17	2.7926e+17	1.22205e+17	7.732e+16	1.5464e+17	2.3196e+17	3.0928e+17	3.866e+17	4.6392e+17	5.4124e+17	6.1856e+17	6.9588e+17	7.6311e+17	6.49211e+17	8.59954e+15	5.77658e+15	5.30739e+15	2.32253e+15	1.46948e+15	2.93896e+15	4.40845e+15	5.87793e+15	7.34741e+15	8.81689e+15	1.02864e+16	1.17559e+16	1.32253e+16	2.08027e+16	1.38966e+17	4.53998e+17	2.77277	2.61595	2.61595	2.61595	2.61595	2.61595	2.61595	2.61595	2.61595	2.61595	2.61595	2.61595	2.46156	1.94968	4.6898	
135808	6.86508e+17	2.79261e+17	1.22205e+17	7.73202e+16	1.5464e+17	2.31961e+17	3.09281e+17	3.86601e+17	4.63921e+17	5.41242e+17	6.18562e+17	6.95882e+17	7.63085e+17	6.49627e+17	8.59954e+15	5.77603e+15	5.3068e+15	2.32227e+15	1.46932e+15	2.93864e+15	4.40796e+15	5.87728e+15	7.3466e+15	8.81591e+15	1.02852e+16	1.17546e+16	1.32239e+16	2.08185e+16	1.38719e+17	4.53998e+17	2.77543	2.61885	2.61885	2.61885	2.61885	2.61885	2.61885	2.61885	2.61885	2.61885	2.61885	2.61885	2.46447	1.94857	4.6898	
136060	6.86509e+17	2.79262e+17	1.22206e+17	7.73205e+16	1.54641e+17	2.31961e+17	3.09282e+17	3.86602e+17	4.63923e+17	5.41243e+17	6.18564e+17	6.95884e+17	7.63059e+17	6.50042e+17	8.59955e+15	5.77548e+15	5.30622e+15	2.32201e+15	1.46916e+15	2.93831e+15	4.40747e+15	5.87663e+15	7.34579e+15	8.81494e+15	1.02841e+16	1.17533e+16	1.32224e+16	2.08341e+16	1.38473e+17	4.53998e+17	2.77808	2.62175	2.62175	2.62175	2.62175	2.62175	2.62175	2.62175	2.62175	2.62175	2.62175	2.62175	2.46737	1.94748	4.6898	
136312	6.8651e+17	2.79263e+17	1.22206e+17	7.73208e+16	1.54642e+17	2.31962e+17	3.09283e+17	3.86604e+17	4.63925e+17	5.41245e+17	6.18566e+17	6.95887e+17	7.63034e+17	6.50454e+17	8.59955e+15	5.77494e+15	5.30563e+15	2.32176e+15	1.469e+15	2.93799e+15	4.40699e+15	5.87598e+15	7.34498e+15	8.81397e+15	1.0283e+16	1.1752e+16	1.3221e+16	2.08497e+16	1.38229e+17	4.53998e+17	2.78073	2.62464	2.62464	2.62464	2.62464	2.62464	2.62464	2.62464	2.62464	2.62464	2.62464	2.62464	2.47027	1.94639	4.6898	
136564	6.86511e+17	2.79264e+17	1.22206e+17	7.7321e+16	1.54642e+17	2.31963e+17	3.09284e+17	3.86605e+17	4.63926e+17	5.41247e+17	6.18568e+17	6.95889e+17	7.63009e+17	6.50865e+17	8.59955e+15	5.7744e+15	5.30505e+15	2.3215e+15	1.46883e+15	2.93767e+15	4.4065e+15	5.87534e+15	7.34417e+15	8.81301e+15	1.02818e+16	1.17507e+16	1.32195e+16	2.0865e+16	1.37985e+17	4.53998e+17	2.78338	2.62752	2.62752	2.62752	2.62752	2.62752	2.62752	2.62752	2.62752	2.62752	2.62752	2.62752	2.47316	1.94531	4.6898	
136816	6.86512e+17	2.79264e+17	1.22207e+17	7.73213e+16	1.54643e+17	2.31964e+17	3.09285e+17	3.86606e+17	4.63928e+17	5.41249e+17	6.1857e+17	6.95892e+17	7.62985e+17	6.51274e+17	8.59956e+15	5.77386e+15	5.30447e+15	2.32125e+15	1.46867e+15	2.93735e+15	4.40602e+15	5.8747e+15	7.34337e+15	8.81204e+15	1.02807e+16	1.17494e+16	1.32181e+16	2.08803e+16	1.37742e+17	4.53998e+17	2.78602	2.63041	2.63041	2.63041	2.63041	2.63041	2.63041	2.63041	2.63041	2.63041	2.63041	2.63041	2.47604	1.94423	4.68979	
137068	6.86513e+17	2.79265e+17	1.22207e+17	7.73215e+16	1.54643e+17	2.31965e+17	3.09286e+17	3.86608e+17	4.63929e+17	5.41251e+17	6.18572e+17	6.95894e+17	7.6296e+17	6.51681e+17	8.59956e+15	5.77332e+15	5.30389e+15	2.321e+15	1.46851e+15	2.93703e+15	4.40554e+15	5.87405e+15	7.34257e+15	8.81108e+15	1.02796e+16	1.17481e+16	1.32166e+16	2.08954e+16	1.37501e+17	4.53998e+17	2.78866	2.63329	2.63329	2.63329	2.63329	2.63329	2.63329	2.63329	2.63329	2.63329	2.63329	2.63329	2.47892	1.94317	4.68979	
137320	6.86514e+17	2.79266e+17	1.22208e+17	7.73218e+16	1.54644e+17	2.31965e+17	3.09287e+17	3.86609e+17	4.63931e+17	5.41253e+17	6.18574e+17	6.95896e+17	7.62936e+17	6.52086e+17	8.59956e+15	5.77278e+15	5.30332e+15	2.32074e+15	1.46835e+15	2.93671e+15	4.40506e+15	5.87342e+15	7.34177e+15	8.81012e+15	1.02785e+16	1.17468e+16	1.32152e+16	2.09104e+16	1.3726e+17	4.53998e+17	2.7913	2.63616	2.63616	2.63616	2.63616	2.63616	2.63616	2.63616	2.63616	2.63616	2.63616	2.63616	2.48179	1.94211	4.68979	
137572	6.86515e+17	2.79267e+17	1.22208e+17	7.73221e+16	1.54644e+17	2.31966e+17	3.09288e+17	3.8661e+17	4.63932e+17	5.41254e+17	6.18577e+17	6.95899e+17	7.62912e+17	6.5249e+17	8.59957e+15	5.77224e+15	5.30274e+15	2.32049e+15	1.46819e+15	2.93639e+15	4.40458e+15	5.87278e+15	7.34097e+15	8.80917e+15	1.02774e+16	1.17456e+16	1.32138e+16	2.09253e+16	1.37021e+17	4.53998e+17	2.79393	2.63903	2.63903	2.63903	2.63903	2.63903	2.63903	2.63903	2.63903	2.63903	2.63903	2.63903	2.48465	1.94106	4.68979	
137824	6.86516e+17	2.79268e+17	1.22209e+17	7.73223e+16	1.54645e+17	2.31967e+17	3.09289e+17	3.86612e+17	4.63934e+17	5.41256e+17	6.18579e+17	6.95901e+17	7.62888e+17	6.52892e+17	8.59957e+15	5.77171e+15	5.30217e+15	2.32024e+15	1.46804e+15	2.93607e+15	4.40411e+15	5.87214e+15	7.34018e+15	8.80822e+15	1.02763e+16	1.17443e+16	1.32123e+16	2.09401e+16	1.36782e+17	4.53998e+17	2.79656	2.64189	2.64189	2.64189	2.64189	2.64189	2.64189	2.64189	2.64189	2.64189	2.64189	2.64189	2.48751	1.94002	4.68978	
138076	6.86517e+17	2.79269e+17	1.22209e+17	7.73226e+16	1.54645e+17	2.31968e+17	3.0929e+17	3.86613e+17	4.63936e+17	5.41258e+17	6.18581e+17	6.95903e+17	7.62864e+17	6.53292e+17	8.59958e+15	5.77117e+15	5.3016e+15	2.31999e+15	1.46788e+15	2.93576e+15	4.40363e+15	5.87151e+15	7.33939e+15	8.80727e+15	1.02751e+16	1.1743e+16	1.32109e+16	2.09547e+16	1.36545e+17	4.53998e+17	2.79918	2.64475	2.64475	2.64475	2.64475	2.64475	2.64475	2.64475	2.64475	2.64475	2.64475	2.64475	2.49036	1.93899	4.68978	
138328	6.86518e+17	2.7927e+17	1.22209e+17	7.73228e+16	1.54646e+17	2.31969e+17	3.09291e+17	3.86614e+17	4.63937e+17	5.4126e+17	6.18583e+17	6.95906e+17	7.62841e+17	6.5369e+17	8.59958e+15	5.77064e+15	5.30103e+15	2.31974e+15	1.46772e+15	2.93544e+15	4.40316e+15	5.87088e+15	7.3386e+15	8.80632e+15	1.0274e+16	1.17418e+16	1.32095e+16	2.09693e+16	1.36308e+17	4.53998e+17	2.8018	2.64761	2.64761	2.64761	2.64761	2.64761	2.64761	2.64761	2.64761	2.64761	2.64761	2.64761	2.4932	1.93796	4.68978	
138580	6.86519e+17	2.79271e+17	1.2221e+17	7.73231e+16	1.54646e+17	2.31969e+17	3.09292e+17	3.86616e+17	4.63939e+17	5.41262e+17	6.18585e+17	6.95908e+17	7.62817e+17	6.54087e+17	8.59959e+15	5.77011e+15	5.30046e+15	2.31949e+15	1.46756e+15	2.93513e+15	4.40269e+15	5.87025e+15	7.33782e+15	8.80538e+15	1.02729e+16	1.17405e+16	1.32081e+16	2.09837e+16	1.36073e+17	4.53998e+17	2.80442	2.65046	2.65046	2.65046	2.65046	2.65046	2.65046	2.65046	2.65046	2.65046	2.65046	2.65046	2.49604	1.93694	4.68978	
138832	6.8652e+17	2.79272e+17	1.2221e+17	7.73234e+16	1.54647e+17	2.3197e+17	3.09293e+17	3.86617e+17	4.6394e+17	5.41264e+17	6.18587e+17	6.9591e+17	7.62794e+17	6.54482e+17	8.59959e+15	5.76958e+15	5.29989e+15	2.31925e+15	1.46741e+15	2.93481e+15	4.40222e+15	5.86962e+15	7.33703e+15	8.80444e+15	1.02718e+16	1.17392e+16	1.32067e+16	2.0998e+16	1.35838e+17	4.53998e+17	2.80704	2.65331	2.65331	2.65331	2.65331	2.65331	2.65331	2.65331	2.65331	2.65331	2.65331	2.65331	2.49887	1.93593	4.68977	
139084	6.86521e+17	2.79273e+17	1.22211e+17	7.73236e+16	1.54647e+17	2.31971e+17	3.09294e+17	3.86618e+17	4.63942e+17	5.41265e+17	6.18589e+17	6.95913e+17	7.62771e+17	6.54876e+17	8.5996e+15	5.76905e+15	5.29933e+15	2.319e+15	1.46725e+15	2.9345e+15	4.40175e+15	5.869e+15	7.33625e+15	8.8035e+15	1.02707e+16	1.1738e+16	1.32052e+16	2.10123e+16	1.35604e+17	4.53998e+17	2.80965	2.65615	2.65615	2.65615	2.65615	2.65615	2.65615	2.65615	2.65615	2.65615	2.65615	2.65615	2.5017	1.93493	4.68977	
139336	6.86522e+17	2.79274e+17	1.22211e+17	7.73239e+16	1.54648e+17	2.31972e+17	3.09295e+17	3.86619e+17	4.63943e+17	5.41267e+17	6.18591e+17	6.95915e+17	7.62748e+17	6.55268e+17	8.5996e+15	5.76853e+15	5.29876e+15	2.31875e+15	1.46709e+15	2.93419e+15	4.40128e+15	5.86838e+15	7.33547e+15	8.80256e+15	1.02697e+16	1.17368e+16	1.32038e+16	2.10264e+16	1.35371e+17	4.53998e+17	2.81226	2.65899	2.65899	2.65899	2.65899	2.65899	2.65899	2.65899	2.65899	2.65899	2.65899	2.65899	2.50452	1.93393	4.68977	
139588	6.86523e+17	2.79275e+17	1.22211e+17	7.73241e+16	1.54648e+17	2.31972e+17	3.09297e+17	3.86621e+17	4.63945e+17	5.41269e+17	6.18593e+17	6.95917e+17	7.62725e+17	6.55658e+17	8.59961e+15	5.768e+15	5.2982e+15	2.31851e+15	1.46694e+15	2.93388e+15	4.40082e+15	5.86776e+15	7.33469e+15	8.80163e+15	1.02686e+16	1.17355e+16	1.32024e+16	2.10404e+16	1.35139e+17	4.53998e+17	2.81486	2.66182	2.66182	2.66182	2.66182	2.66182	2.66182	2.66182	2.66182	2.66182	2.66182	2.66182	2.50733	1.93294	4.68977	
139840	6.86524e+17	2.79276e+17	1.22212e+17	7.73244e+16	1.54649e+17	2.31973e+17	3.09298e+17	3.86622e+17	4.63946e+17	5.41271e+17	6.18595e+17	6.95919e+17	7.62703e+17	6.56047e+17	8.59961e+15	5.76748e+15	5.29764e+15	2.31826e+15	1.46678e+15	2.93357e+15	4.40035e+15	5.86714e+15	7.33392e+15	8.8007e+15	1.02675e+16	1.17343e+16	1.32011e+16	2.10543e+16	1.34908e+17	4.53998e+17	2.81746	2.66465	2.66465	2.66465	2.66465	2.66465	2.66465	2.66465	2.66465	2.66465	2.66465	2.66465	2.51014	1.93196	4.68976	
140092	6.86525e+17	2.79277e+17	1.22212e+17	7.73246e+16	1.54649e+17	2.31974e+17	3.09299e+17	3.86623e+17	4.63948e+17	5.41272e+17	6.18597e+17	6.95922e+17	7.6268e+17	6.56435e+17	8.59962e+15	5.76696e+15	5.29709e+15	2.31802e+15	1.46663e+15	2.93326e+15	4.39989e+15	5.86652e+15	7.33315e+15	8.79978e+15	1.02664e+16	1.1733e+16	1.31997e+16	2.10681e+16	1.34678e+17	4.53998e+17	2.82006	2.66748	2.66748	2.66748	2.66748	2.66748	2.66748	2.66748	2.66748	2.66748	2.66748	2.66748	2.51294	1.93098	4.68976	
140344	6.86526e+17	2.79278e+17	1.22213e+17	7.73249e+16	1.5465e+17	2.31975e+17	3.093e+17	3.86624e+17	4.63949e+17	5.41274e+17	6.18599e+17	6.95924e+17	7.62658e+17	6.56821e+17	8.59962e+15	5.76644e+15	5.29653e+15	2.31778e+15	1.46648e+15	2.93295e+15	4.39943e+15	5.8659e+15	7.33238e+15	8.79885e+15	1.02653e+16	1.17318e+16	1.31983e+16	2.10819e+16	1.34449e+17	4.53998e+17	2.82265	2.6703	2.6703	2.6703	2.6703	2.6703	2.6703	2.6703	2.6703	2.6703	2.6703	2.6703	2.51573	1.93001	4.68976	
140596	6.86527e+17	2.79278e+17	1.22213e+17	7.73251e+16	1.5465e+17	2.31975e+17	3.09301e+17	3.86626e+17	4.63951e+17	5.41276e+17	6.18601e+17	6.95926e+17	7.62636e+17	6.57205e+17	8.59963e+15	5.76592e+15	5.29598e+15	2.31753e+15	1.46632e+15	2.93264e+15	4.39897e+15	5.86529e+15	7.33161e+15	8.79793e+15	1.02643e+16	1.17306e+16	1.31969e+16	2.10955e+16	1.3422e+17	4.53998e+17	2.82525	2.67312	2.67312	2.67312	2.67312	2.67312	2.67312	2.67312	2.67312	2.67312	2.67312	2.67312	2.51853	1.92904	4.68975	
140848	6.86528e+17	2.79279e+17	1.22213e+17	7.73254e+16	1.54651e+17	2.31976e+17	3.09302e+17	3.86627e+17	4.63952e+17	5.41278e+17	6.18603e+17	6.95929e+17	7.62614e+17	6.57588e+17	8.59963e+15	5.7654e+15	5.29542e+15	2.31729e+15	1.46617e+15	2.93234e+15	4.39851e+15	5.86468e+15	7.33084e+15	8.79701e+15	1.02632e+16	1.17294e+16	1.31955e+16	2.11091e+16	1.33992e+17	4.53998e+17	2.82783	2.67593	2.67593	2.67593	2.67593	2.67593	2.67593	2.67593	2.67593	2.67593	2.67593	2.67593	2.52131	1.92809	4.68975	
141100	6.86529e+17	2.7928e+17	1.22214e+17	7.73256e+16	1.54651e+17	2.31977e+17	3.09303e+17	3.86628e+17	4.63954e+17	5.41279e+17	6.18605e+17	6.95931e+17	7.62592e+17	6.57969e+17	8.59964e+15	5.76489e+15	5.29487e+15	2.31705e+15	1.46602e+15	2.93203e+15	4.39805e+15	5.86407e+15	7.33008e+15	8.7961e+15	1.02621e+16	1.17281e+16	1.31941e+16	2.11226e+16	1.33765e+17	4.53998e+17	2.83042	2.67874	2.67874	2.67874	2.67874	2.67874	2.67874	2.67874	2.67874	2.67874	2.67874	2.67874	2.52409	1.92714	4.68975	
141352	6.8653e+17	2.79281e+17	1.22214e+17	7.73259e+16	1.54652e+17	2.31978e+17	3.09304e+17	3.86629e+17	4.63955e+17	5.41281e+17	6.18607e+17	6.95933e+17	7.6257e+17	6.58349e+17	8.59965e+15	5.76437e+15	5.29432e+15	2.31681e+15	1.46586e+15	2.93173e+15	4.39759e+15	5.86346e+15	7.32932e+15	8.79519e+15	1.0261e+16	1.17269e+16	1.31928e+16	2.1136e+16	1.33539e+17	4.53998e+17	2.833	2.68154	2.68154	2.68154	2.68154	2.68154	2.68154	2.68154	2.68154	2.68154	2.68154	2.68154	2.52686	1.92619	4.68974	
141604	6.86531e+17	2.79282e+17	1.22215e+17	7.73261e+16	1.54652e+17	2.31978e+17	3.09305e+17	3.86631e+17	4.63957e+17	5.41283e+17	6.18609e+17	6.95935e+17	7.62549e+17	6.58728e+17	8.59965e+15	5.76386e+15	5.29377e+15	2.31657e+15	1.46571e+15	2.93142e+15	4.39714e+15	5.86285e+15	7.32856e+15	8.79427e+15	1.026e+16	1.17257e+16	1.31914e+16	2.11493e+16	1.33314e+17	4.53998e+17	2.83558	2.68434	2.68434	2.68434	2.68434	2.68434	2.68434	2.68434	2.68434	2.68434	2.68434	2.68434	2.52963	1.92526	4.68974	
141856	6.86532e+17	2.79283e+17	1.22215e+17	7.73264e+16	1.54653e+17	2.31979e+17	3.09306e+17	3.86632e+17	4.63958e+17	5.41285e+17	6.18611e+17	6.95937e+17	7.62527e+17	6.59105e+17	8.59966e+15	5.76335e+15	5.29323e+15	2.31633e+15	1.46556e+15	2.93112e+15	4.39668e+15	5.86225e+15	7.32781e+15	8.79337e+15	1.02589e+16	1.17245e+16	1.31901e+16	2.11625e+16	1.3309e+17	4.53998e+17	2.83815	2.68714	2.68714	2.68714	2.68714	2.68714	2.68714	2.68714	2.68714	2.68714	2.68714	2.68714	2.53239	1.92432	4.68974	
142108	6.86533e+17	2.79284e+17	1.22215e+17	7.73266e+16	1.54653e+17	2.3198e+17	3.09307e+17	3.86633e+17	4.6396e+17	5.41286e+17	6.18613e+17	6.9594e+17	7.62506e+17	6.59481e+17	8.59967e+15	5.76284e+15	5.29268e+15	2.31609e+15	1.46541e+15	2.93082e+15	4.39623e+15	5.86164e+15	7.32705e+15	8.79246e+15	1.02579e+16	1.17233e+16	1.31887e+16	2.11757e+16	1.32866e+17	4.53998e+17	2.84072	2.68993	2.68993	2.68993	2.68993	2.68993	2.68993	2.68993	2.68993	2.68993	2.68993	2.68993	2.53515	1.9234	4.68973	
142360	6.86534e+17	2.79285e+17	1.22216e+17	7.73269e+16	1.54654e+17	2.31981e+17	3.09308e+17	3.86634e+17	4.63961e+17	5.41288e+17	6.18615e+17	6.95942e+17	7.62485e+17	6.59856e+17	8.59967e+15	5.76233e+15	5.29214e+15	2.31585e+15	1.46526e+15	2.93052e+15	4.39578e+15	5.86104e+15	7.3263e+15	8.79156e+15	1.02568e+16	1.17221e+16	1.31873e+16	2.11888e+16	1.32643e+17	4.53998e+17	2.84329	2.69272	2.69272	2.69272	2.69272	2.69272	2.69272	2.69272	2.69272	2.69272	2.69272	2.69272	2.5379	1.92248	4.68973	
142612	6.86535e+17	2.79286e+17	1.22216e+17	7.73271e+16	1.54654e+17	2.31981e+17	3.09308e+17	3.86636e+17	4.63963e+17	5.4129e+17	6.18617e+17	6.95944e+17	7.62463e+17	6.60229e+17	8.59968e+15	5.76182e+15	5.2916e+15	2.31562e+15	1.46511e+15	2.93022e+15	4.39533e+15	5.86044e+15	7.32555e+15	8.79066e+15	1.02558e+16	1.17209e+16	1.3186e+16	2.12018e+16	1.32421e+17	4.53998e+17	2.84585	2.6955	2.6955	2.6955	2.6955	2.6955	2.6955	2.6955	2.6955	2.6955	2.6955	2.6955	2.54065	1.92157	4.68973	
142864	6.86536e+17	2.79286e+17	1.22216e+17	7.73274e+16	1.54655e+17	2.31982e+17	3.09309e+17	3.86637e+17	4.63964e+17	5.41292e+17	6.18619e+17	6.95946e+17	7.62442e+17	6.60601e+17	8.59969e+15	5.76132e+15	5.29106e+15	2.31538e+15	1.46496e+15	2.92992e+15	4.39488e+15	5.85984e+15	7.3248e+15	8.78977e+15	1.02547e+16	1.17197e+16	1.31846e+16	2.12148e+16	1.32199e+17	4.53998e+17	2.84841	2.69828	2.69828	2.69828	2.69828	2.69828	2.69828	2.69828	2.69828	2.69828	2.69828	2.69828	2.54339	1.92066	4.68972	
143116	6.86537e+17	2.79287e+17	1.22217e+17	7.73276e+16	1.54655e+17	2.31983e+17	3.0931e+17	3.86638e+17	4.63966e+17	5.41293e+17	6.18621e+17	6.95949e+17	7.62422e+17	6.60972e+17	8.5997e+15	5.76081e+15	5.29052e+15	2.31515e+15	1.46481e+15	2.92962e+15	4.39444e+15	5.85925e+15	7.32406e+15	8.78887e+15	1.02537e+16	1.17185e+16	1.31833e+16	2.12276e+16	1.31979e+17	4.53998e+17	2.85097	2.70106	2.70106	2.70106	2.70106	2.70106	2.70106	2.70106	2.70106	2.70106	2.70106	2.70106	2.54612	1.91976	4.68972	
143368	6.86538e+17	2.79288e+17	1.22217e+17	7.73279e+16	1.54656e+17	2.31984e+17	3.09311e+17	3.86639e+17	4.63967e+17	5.41295e+17	6.18623e+17	6.95951e+17	7.62401e+17	6.61341e+17	8.5997e+15	5.76031e+15	5.28999e+15	2.31491e+15	1.46466e+15	2.92933e+15	4.39399e+15	5.85865e+15	7.32332e+15	8.78798e+15	1.02526e+16	1.17173e+16	1.3182e+16	2.12405e+16	1.31759e+17	4.53998e+17	2.85352	2.70383	2.70383	2.70383	2.70383	2.70383	2.70383	2.70383	2.70383	2.70383	2.70383	2.70383	2.54885	1.91886	4.68971	
143620	6.86539e+17	2.79289e+17	1.22218e+17	7.73281e+16	1.54656e+17	2.31984e+17	3.09312e+17	3.86641e+17	4.63969e+17	5.41297e+17	6.18625e+17	6.95953e+17	7.6238e+17	6.61709e+17	8.59971e+15	5.75981e+15	5.28945e+15	2.31468e+15	1.46452e+15	2.92903e+15	4.39355e+15	5.85806e+15	7.32258e+15	8.78709e+15	1.02516e+16	1.17161e+16	1.31806e+16	2.12532e+16	1.3154e+17	4.53998e+17	2.85607	2.7066	2.7066	2.7066	2.7066	2.7066	2.7066	2.7066	2.7066	2.7066	2.7066	2.7066	2.55158	1.91797	4.68971	
143872	6.8654e+17	2.7929e+17	1.22218e+17	7.73283e+16	1.54657e+17	2.31985e+17	3.09313e+17	3.86642e+17	4.6397e+17	5.41298e+17	6.18627e+17	6.95955e+17	7.62359e+17	6.62076e+17	8.59972e+15	5.75931e+15	5.28892e+15	2.31444e+15	1.46437e+15	2.92874e+15	4.3931e+15	5.85747e+15	7.32184e+15	8.78621e+15	1.02506e+16	1.17149e+16	1.31793e+16	2.12659e+16	1.31321e+17	4.53998e+17	2.85862	2.70936	2.70936	2.70936	2.70936	2.70936	2.70936	2.70936	2.70936	2.70936	2.70936	2.70936	2.5543	1.91709	4.68971	
144124	6.86541e+17	2.79291e+17	1.22218e+17	7.73286e+16	1.54657e+17	2.31986e+17	3.09314e+17	3.86643e+17	4.63972e+17	5.413e+17	6.18629e+17	6.95957e+17	7.62339e+17	6.62442e+17	8.59973e+15	5.75881e+15	5.28839e+15	2.31421e+15	1.46422e+15	2.92844e+15	4.39266e+15	5.85688e+15	7.3211e+15	8.78532e+15	1.02495e+16	1.17138e+16	1.3178e+16	2.12786e+16	1.31103e+17	4.53998e+17	2.86117	2.71212	2.71212	2.71212	2.71212	2.71212	2.71212	2.71212	2.71212	2.71212	2.71212	2.71212	2.55701	1.91621	4.6897	
144376	6.86541e+17	2.79292e+17	1.22219e+17	7.73288e+16	1.54658e+17	2.31986e+17	3.09315e+17	3.86644e+17	4.63973e+17	5.41302e+17	6.18631e+17	6.95959e+17	7.62318e+17	6.62806e+17	8.59974e+15	5.75831e+15	5.28786e+15	2.31398e+15	1.46407e+15	2.92815e+15	4.39222e+15	5.8563e+15	7.32037e+15	8.78444e+15	1.02485e+16	1.17126e+16	1.31767e+16	2.12912e+16	1.30887e+17	4.53998e+17	2.86371	2.71487	2.71487	2.71487	2.71487	2.71487	2.71487	2.71487	2.71487	2.71487	2.71487	2.71487	2.55972	1.91534	4.6897	
144628	6.86542e+17	2.79293e+17	1.22219e+17	7.73291e+16	1.54658e+17	2.31987e+17	3.09316e+17	3.86645e+17	4.63974e+17	5.41303e+17	6.18633e+17	6.95962e+17	7.62298e+17	6.63169e+17	8.59975e+15	5.75782e+15	5.28733e+15	2.31375e+15	1.46393e+15	2.92785e+15	4.39178e+15	5.85571e+15	7.31964e+15	8.78356e+15	1.02475e+16	1.17114e+16	1.31753e+16	2.13037e+16	1.3067e+17	4.53998e+17	2.86625	2.71763	2.71763	2.71763	2.71763	2.71763	2.71763	2.71763	2.71763	2.71763	2.71763	2.71763	2.56243	1.91447	4.68969	
144879	6.86543e+17	2.79293e+17	1.2222e+17	7.73293e+16	1.54659e+17	2.31988e+17	3.09317e+17	3.86647e+17	4.63976e+17	5.41305e+17	6.18634e+17	6.95964e+17	7.62278e+17	6.63531e+17	8.59976e+15	5.75732e+15	5.2868e+15	2.31352e+15	1.46378e+15	2.92756e+15	4.39134e+15	5.85513e+15	7.31891e+15	8.78269e+15	1.02465e+16	1.17103e+16	1.3174e+16	2.13162e+16	1.30455e+17	4.53998e+17	2.86878	2.72037	2.72037	2.72037	2.72037	2.72037	2.72037	2.72037	2.72037	2.72037	2.72037	2.72037	2.56513	1.91361	4.68969	
145131	6.86544e+17	2.79294e+17	1.2222e+17	7.73295e+16	1.54659e+17	2.31989e+17	3.09318e+17	3.86648e+17	4.63977e+17	5.41307e+17	6.18636e+17	6.95966e+17	7.62257e+17	6.63891e+17	8.59977e+15	5.75683e+15	5.28628e+15	2.31329e+15	1.46364e+15	2.92727e+15	4.39091e+15	5.85454e+15	7.31818e+15	8.78182e+15	1.02455e+16	1.17091e+16	1.31727e+16	2.13286e+16	1.3024e+17	4.53999e+17	2.87131	2.72312	2.72312	2.72312	2.72312	2.72312	2.72312	2.72312	2.72312	2.72312	2.72312	2.72312	2.56782	1.91275	4.68968	
145383	6.86545e+17	2.79295e+17	1.2222e+17	7.73298e+16	1.5466e+17	2.31989e+17	3.09319e+17	3.86649e+17	4.63979e+17	5.41308e+17	6.18638e+17	6.95968e+17	7.62237e+17	6.64251e+17	8.59978e+15	5.75634e+15	5.28575e+15	2.31306e+15	1.46349e+15	2.92698e+15	4.39047e+15	5.85396e+15	7.31746e+15	8.78095e+15	1.02444e+16	1.17079e+16	1.31714e+16	2.1341e+16	1.30025e+17	4.53999e+17	2.87384	2.72585	2.72585	2.72585	2.72585	2.72585	2.72585	2.72585	2.72585	2.72585	2.72585	2.72585	2.57051	1.9119	4.68968	
145635	6.86546e+17	2.79296e+17	1.22221e+17	7.733e+16	1.5466e+17	2.3199e+17	3.0932e+17	3.8665e+17	4.6398e+17	5.4131e+17	6.1864e+17	6.9597e+17	7.62217e+17	6.64609e+17	8.59979e+15	5.75585e+15	5.28523e+15	2.31283e+15	1.46335e+15	2.92669e+15	4.39004e+15	5.85339e+15	7.31673e+15	8.78008e+15	1.02434e+16	1.17068e+16	1.31701e+16	2.13533e+16	1.29812e+17	4.53999e+17	2.87637	2.72859	2.72859	2.72859	2.72859	2.72859	2.72859	2.72859	2.72859	2.72859	2.72859	2.72859	2.57319	1.91106	4.68967	
145887	6.86547e+17	2.79297e+17	1.22221e+17	7.73303e+16	1.54661e+17	2.31991e+17	3.09321e+17	3.86651e+17	4.63982e+17	5.41312e+17	6.18642e+17	6.95972e+17	7.62197e+17	6.64966e+17	8.5998e+15	5.75536e+15	5.28471e+15	2.3126e+15	1.4632e+15	2.9264e+15	4.38961e+15	5.85281e+15	7.31601e+15	8.77921e+15	1.02424e+16	1.17056e+16	1.31688e+16	2.13656e+16	1.29599e+17	4.53999e+17	2.87889	2.73132	2.73132	2.73132	2.73132	2.73132	2.73132	2.73132	2.73132	2.73132	2.73132	2.73132	2.57587	1.91022	4.68967	
146139	6.86548e+17	2.79298e+17	1.22221e+17	7.73305e+16	1.54661e+17	2.31991e+17	3.09322e+17	3.86652e+17	4.63983e+17	5.41313e+17	6.18644e+17	6.95974e+17	7.62177e+17	6.65322e+17	8.59981e+15	5.75487e+15	5.28419e+15	2.31238e+15	1.46306e+15	2.92612e+15	4.38918e+15	5.85223e+15	7.31529e+15	8.77835e+15	1.02414e+16	1.17045e+16	1.31675e+16	2.13778e+16	1.29387e+17	4.53999e+17	2.88141	2.73405	2.73405	2.73405	2.73405	2.73405	2.73405	2.73405	2.73405	2.73405	2.73405	2.73405	2.57855	1.90938	4.68966	
146391	6.86549e+17	2.79299e+17	1.22222e+17	7.73307e+16	1.54661e+17	2.31992e+17	3.09323e+17	3.86654e+17	4.63984e+17	5.41315e+17	6.18646e+17	6.95977e+17	7.62157e+17	6.65677e+17	8.59982e+15	5.75438e+15	5.28367e+15	2.31215e+15	1.46292e+15	2.92583e+15	4.38875e+15	5.85166e+15	7.31458e+15	8.77749e+15	1.02404e+16	1.17033e+16	1.31662e+16	2.13901e+16	1.29175e+17	4.53999e+17	2.88392	2.73677	2.73677	2.73677	2.73677	2.73677	2.73677	2.73677	2.73677	2.73677	2.73677	2.73677	2.58122	1.90855	4.68966	
146643	6.8655e+17	2.79299e+17	1.22222e+17	7.7331e+16	1.54662e+17	2.31993e+17	3.09324e+17	3.86655e+17	4.63986e+17	5.41317e+17	6.18648e+17	6.95979e+17	7.62138e+17	6.6603e+17	8.59983e+15	5.7539e+15	5.28316e+15	2.31192e+15	1.46277e+15	2.92554e+15	4.38832e+15	5.85109e+15	7.31386e+15	8.77663e+15	1.02394e+16	1.17022e+16	1.3165e+16	2.14022e+16	1.28964e+17	4.53999e+17	2.88643	2.73949	2.73949	2.73949	2.73949	2.73949	2.73949	2.73949	2.73949	2.73949	2.73949	2.73949	2.58388	1.90773	4.68965	
146895	6.86551e+17	2.793e+17	1.22223e+17	7.73312e+16	1.54662e+17	2.31994e+17	3.09325e+17	3.86656e+17	4.63987e+17	5.41318e+17	6.1865e+17	6.95981e+17	7.62118e+17	6.66383e+17	8.59984e+15	5.75341e+15	5.28264e+15	2.3117e+15	1.46263e+15	2.92526e+15	4.38789e+15	5.85052e+15	7.31315e+15	8.77578e+15	1.02384e+16	1.1701e+16	1.31637e+16	2.14143e+16	1.28754e+17	4.53999e+17	2.88894	2.74221	2.74221	2.74221	2.74221	2.74221	2.74221	2.74221	2.74221	2.74221	2.74221	2.74221	2.58654	1.90691	4.68964	
147146	6.86552e+17	2.79301e+17	1.22223e+17	7.73314e+16	1.54663e+17	2.31994e+17	3.09326e+17	3.86657e+17	4.63989e+17	5.4132e+17	6.18651e+17	6.95983e+17	7.62098e+17	6.66734e+17	8.59986e+15	5.75293e+15	5.28213e+15	2.31147e+15	1.46249e+15	2.92498e+15	4.38746e+15	5.84995e+15	7.31244e+15	8.77493e+15	1.02374e+16	1.16999e+16	1.31624e+16	2.14264e+16	1.28544e+17	4.53999e+17	2.89145	2.74492	2.74492	2.74492	2.74492	2.74492	2.74492	2.74492	2.74492	2.74492	2.74492	2.74492	2.5892	1.90609	4.68964	
147398	6.86553e+17	2.79302e+17	1.22223e+17	7.73317e+16	1.54663e+17	2.31995e+17	3.09327e+17	3.86658e+17	4.6399e+17	5.41322e+17	6.18653e+17	6.95985e+17	7.62079e+17	6.67085e+17	8.59987e+15	5.75245e+15	5.28162e+15	2.31125e+15	1.46235e+15	2.92469e+15	4.38704e+15	5.84939e+15	7.31173e+15	8.77408e+15	1.02364e+16	1.16988e+16	1.31611e+16	2.14385e+16	1.28335e+17	4.53999e+17	2.89395	2.74763	2.74763	2.74763	2.74763	2.74763	2.74763	2.74763	2.74763	2.74763	2.74763	2.74763	2.59185	1.90528	4.68963	
147650	6.86554e+17	2.79303e+17	1.22224e+17	7.73319e+16	1.54664e+17	2.31996e+17	3.09328e+17	3.86659e+17	4.63991e+17	5.41323e+17	6.18655e+17	6.95987e+17	7.62059e+17	6.67434e+17	8.59988e+15	5.75197e+15	5.28111e+15	2.31103e+15	1.46221e+15	2.92441e+15	4.38662e+15	5.84882e+15	7.31103e+15	8.77323e+15	1.02354e+16	1.16976e+16	1.31598e+16	2.14505e+16	1.28126e+17	4.53999e+17	2.89645	2.75033	2.75033	2.75033	2.75033	2.75033	2.75033	2.75033	2.75033	2.75033	2.75033	2.75033	2.5945	1.90448	4.68963	
147902	6.86555e+17	2.79304e+17	1.22224e+17	7.73321e+16	1.54664e+17	2.31996e+17	3.09328e+17	3.86661e+17	4.63993e+17	5.41325e+17	6.18657e+17	6.95989e+17	7.62039e+17	6.67782e+17	8.5999e+15	5.75149e+15	5.2806e+15	2.3108e+15	1.46206e+15	2.92413e+15	4.38619e+15	5.84826e+15	7.31032e+15	8.77239e+15	1.02345e+16	1.16965e+16	1.31586e+16	2.14625e+16	1.27919e+17	4.53999e+17	2.89895	2.75303	2.75303	2.75303	2.75303	2.75303	2.75303	2.75303	2.75303	2.75303	2.75303	2.75303	2.59714	1.90368	4.68962	
148154	6.86555e+17	2.79304e+17	1.22224e+17	7.73324e+16	1.54665e+17	2.31997e+17	3.09329e+17	3.86662e+17	4.63994e+17	5.41326e+17	6.18659e+17	6.95991e+17	7.6202e+17	6.68129e+17	8.59991e+15	5.75101e+15	5.28009e+15	2.31058e+15	1.46192e+15	2.92385e+15	4.38577e+15	5.8477e+15	7.30962e+15	8.77154e+15	1.02335e+16	1.16954e+16	1.31573e+16	2.14744e+16	1.27711e+17	4.53999e+17	2.90144	2.75573	2.75573	2.75573	2.75573	2.75573	2.75573	2.75573	2.75573	2.75573	2.75573	2.75573	2.59978	1.90288	4.68961	
148405	6.86556e+17	2.79305e+17	1.22225e+17	7.73326e+16	1.54665e+17	2.31998e+17	3.0933e+17	3.86663e+17	4.63995e+17	5.41328e+17	6.18661e+17	6.95993e+17	7.62001e+17	6.68475e+17	8.59992e+15	5.75053e+15	5.27959e+15	2.31036e+15	1.46178e+15	2.92357e+15	4.38535e+15	5.84714e+15	7.30892e+15	8.7707e+15	1.02325e+16	1.16943e+16	1.31561e+16	2.14864e+16	1.27505e+17	4.53999e+17	2.90393	2.75842	2.75842	2.75842	2.75842	2.75842	2.75842	2.75842	2.75842	2.75842	2.75842	2.75842	2.60241	1.90209	4.68961	
148657	6.86557e+17	2.79306e+17	1.22225e+17	7.73328e+16	1.54666e+17	2.31998e+17	3.09331e+17	3.86664e+17	4.63997e+17	5.4133e+17	6.18662e+17	6.95995e+17	7.61981e+17	6.6882e+17	8.59994e+15	5.75006e+15	5.27908e+15	2.31014e+15	1.46164e+15	2.92329e+15	4.38493e+15	5.84658e+15	7.30822e+15	8.76987e+15	1.02315e+16	1.16932e+16	1.31548e+16	2.14982e+16	1.27299e+17	4.53999e+17	2.90642	2.76111	2.76111	2.76111	2.76111	2.76111	2.76111	2.76111	2.76111	2.76111	2.76111	2.76111	2.60504	1.90131	4.6896	
148909	6.86558e+17	2.79307e+17	1.22225e+17	7.7333e+16	1.54666e+17	2.31999e+17	3.09332e+17	3.86665e+17	4.63998e+17	5.41331e+17	6.18664e+17	6.95997e+17	7.61962e+17	6.69164e+17	8.59995e+15	5.74959e+15	5.27858e+15	2.30992e+15	1.46151e+15	2.92301e+15	4.38452e+15	5.84602e+15	7.30753e+15	8.76903e+15	1.02305e+16	1.1692e+16	1.31535e+16	2.15101e+16	1.27094e+17	4.53999e+17	2.9089	2.76379	2.76379	2.76379	2.76379	2.76379	2.76379	2.76379	2.76379	2.76379	2.76379	2.76379	2.60766	1.90053	4.68959	
149161	6.86559e+17	2.79308e+17	1.22226e+17	7.73333e+16	1.54667e+17	2.32e+17	3.09333e+17	3.86666e+17	4.64e+17	5.41333e+17	6.18666e+17	6.95999e+17	7.61943e+17	6.69507e+17	8.59997e+15	5.74911e+15	5.27808e+15	2.3097e+15	1.46137e+15	2.92273e+15	4.3841e+15	5.84547e+15	7.30683e+15	8.7682e+15	1.02296e+16	1.16909e+16	1.31523e+16	2.15219e+16	1.26889e+17	4.53999e+17	2.91138	2.76647	2.76647	2.76647	2.76647	2.76647	2.76647	2.76647	2.76647	2.76647	2.76647	2.76647	2.61028	1.89975	4.68958	
149413	6.8656e+17	2.79309e+17	1.22226e+17	7.73335e+16	1.54667e+17	2.32e+17	3.09334e+17	3.86667e+17	4.64001e+17	5.41334e+17	6.18668e+17	6.96001e+17	7.61923e+17	6.69848e+17	8.59998e+15	5.74864e+15	5.27758e+15	2.30948e+15	1.46123e+15	2.92246e+15	4.38369e+15	5.84491e+15	7.30614e+15	8.76737e+15	1.02286e+16	1.16898e+16	1.31511e+16	2.15338e+16	1.26685e+17	4.53999e+17	2.91386	2.76915	2.76915	2.76915	2.76915	2.76915	2.76915	2.76915	2.76915	2.76915	2.76915	2.76915	2.61289	1.89898	4.68958	
149664	6.86561e+17	2.79309e+17	1.22227e+17	7.73337e+16	1.54667e+17	2.32001e+17	3.09335e+17	3.86669e+17	4.64002e+17	5.41336e+17	6.1867e+17	6.96003e+17	7.61904e+17	6.70189e+17	8.6e+15	5.74817e+15	5.27708e+15	2.30926e+15	1.46109e+15	2.92218e+15	4.38327e+15	5.84436e+15	7.30545e+15	8.76654e+15	1.02276e+16	1.16887e+16	1.31498e+16	2.15456e+16	1.26481e+17	4.53999e+17	2.91633	2.77182	2.77182	2.77182	2.77182	2.77182	2.77182	2.77182	2.77182	2.77182	2.77182	2.77182	2.6155	1.89821	4.68957	
149916	6.86562e+17	2.7931e+17	1.22227e+17	7.73339e+16	1.54668e+17	2.32002e+17	3.09336e+17	3.8667e+17	4.64004e+17	5.41338e+17	6.18672e+17	6.96005e+17	7.61885e+17	6.70529e+17	8.60001e+15	5.7477e+15	5.27658e+15	2.30905e+15	1.46095e+15	2.92191e+15	4.38286e+15	5.84381e+15	7.30476e+15	8.76572e+15	1.02267e+16	1.16876e+16	1.31486e+16	2.15573e+16	1.26278e+17	4.53999e+17	2.9188	2.7745	2.7745	2.7745	2.7745	2.7745	2.7745	2.7745	2.7745	2.7745	2.7745	2.7745	2.61811	1.89745	4.68956	
150168	6.86563e+17	2.79311e+17	1.22227e+17	7.73342e+16	1.54668e+17	2.32003e+17	3.09337e+17	3.86671e+17	4.64005e+17	5.41339e+17	6.18673e+17	6.96008e+17	7.61866e+17	6.70867e+17	8.60003e+15	5.74723e+15	5.27609e+15	2.30883e+15	1.46082e+15	2.92163e+15	4.38245e+15	5.84326e+15	7.30408e+15	8.7649e+15	1.02257e+16	1.16865e+16	1.31473e+16	2.15691e+16	1.26076e+17	4.53999e+17	2.92127	2.77716	2.77716	2.77716	2.77716	2.77716	2.77716	2.77716	2.77716	2.77716	2.77716	2.77716	2.62071	1.89669	4.68955	
150420	6.86564e+17	2.79312e+17	1.22228e+17	7.73344e+16	1.54669e+17	2.32003e+17	3.09338e+17	3.86672e+17	4.64006e+17	5.41341e+17	6.18675e+17	6.9601e+17	7.61847e+17	6.71205e+17	8.60005e+15	5.74677e+15	5.2756e+15	2.30861e+15	1.46068e+15	2.92136e+15	4.38204e+15	5.84272e+15	7.3034e+15	8.76408e+15	1.02248e+16	1.16854e+16	1.31461e+16	2.15808e+16	1.25874e+17	4.53999e+17	2.92373	2.77982	2.77982	2.77982	2.77982	2.77982	2.77982	2.77982	2.77982	2.77982	2.77982	2.77982	2.62331	1.89594	4.68955	
150671	6.86565e+17	2.79313e+17	1.22228e+17	7.73346e+16	1.54669e+17	2.32004e+17	3.09338e+17	3.86673e+17	4.64008e+17	5.41342e+17	6.18677e+17	6.96012e+17	7.61828e+17	6.71542e+17	8.60007e+15	5.7463e+15	5.2751e+15	2.3084e+15	1.46054e+15	2.92109e+15	4.38163e+15	5.84217e+15	7.30271e+15	8.76326e+15	1.02238e+16	1.16843e+16	1.31449e+16	2.15925e+16	1.25673e+17	4.53999e+17	2.92619	2.78248	2.78248	2.78248	2.78248	2.78248	2.78248	2.78248	2.78248	2.78248	2.78248	2.78248	2.6259	1.89519	4.68954	
150923	6.86565e+17	2.79313e+17	1.22228e+17	7.73348e+16	1.5467e+17	2.32005e+17	3.09339e+17	3.86674e+17	4.64009e+17	5.41344e+17	6.18679e+17	6.96014e+17	7.61809e+17	6.71877e+17	8.60008e+15	5.74584e+15	5.27461e+15	2.30818e+15	1.46041e+15	2.92081e+15	4.38122e+15	5.84163e+15	7.30203e+15	8.76244e+15	1.02228e+16	1.16833e+16	1.31437e+16	2.16042e+16	1.25472e+17	4.53999e+17	2.92865	2.78514	2.78514	2.78514	2.78514	2.78514	2.78514	2.78514	2.78514	2.78514	2.78514	2.78514	2.62848	1.89445	4.68953	
151175	6.86566e+17	2.79314e+17	1.22229e+17	7.73351e+16	1.5467e+17	2.32005e+17	3.0934e+17	3.86675e+17	4.6401e+17	5.41345e+17	6.18681e+17	6.96016e+17	7.6179e+17	6.72212e+17	8.6001e+15	5.74537e+15	5.27412e+15	2.30797e+15	1.46027e+15	2.92054e+15	4.38081e+15	5.84109e+15	7.30136e+15	8.76163e+15	1.02219e+16	1.16822e+16	1.31424e+16	2.16159e+16	1.25272e+17	4.53999e+17	2.93111	2.78779	2.78779	2.78779	2.78779	2.78779	2.78779	2.78779	2.78779	2.78779	2.78779	2.78779	2.63107	1.89371	4.68952	
151427	6.86567e+17	2.79315e+17	1.22229e+17	7.73353e+16	1.54671e+17	2.32006e+17	3.09341e+17	3.86676e+17	4.64012e+17	5.41347e+17	6.18682e+17	6.96018e+17	7.61771e+17	6.72545e+17	8.60012e+15	5.74491e+15	5.27364e+15	2.30776e+15	1.46014e+15	2.92027e+15	4.38041e+15	5.84055e+15	7.30068e+15	8.76082e+15	1.0221e+16	1.16811e+16	1.31412e+16	2.16275e+16	1.25073e+17	4.53999e+17	2.93356	2.79043	2.79043	2.79043	2.79043	2.79043	2.79043	2.79043	2.79043	2.79043	2.79043	2.79043	2.63365	1.89298	4.68951	
151678	6.86568e+17	2.79316e+17	1.22229e+17	7.73355e+16	1.54671e+17	2.32007e+17	3.09342e+17	3.86678e+17	4.64013e+17	5.41349e+17	6.18684e+17	6.9602e+17	7.61752e+17	6.72878e+17	8.60014e+15	5.74445e+15	5.27315e+15	2.30754e+15	1.46e+15	2.92e+15	4.38e+15	5.84001e+15	7.30001e+15	8.76001e+15	1.022e+16	1.168e+16	1.314e+16	2.16392e+16	1.24874e+17	4.53999e+17	2.93601	2.79308	2.79308	2.79308	2.79308	2.79308	2.79308	2.79308	2.79308	2.79308	2.79308	2.79308	2.63622	1.89225	4.6895	
151930	6.86569e+17	2.79317e+17	1.2223e+17	7.73357e+16	1.54671e+17	2.32007e+17	3.09343e+17	3.86679e+17	4.64014e+17	5.4135e+17	6.18686e+17	6.96022e+17	7.61733e+17	6.7321e+17	8.60016e+15	5.74399e+15	5.27266e+15	2.30733e+15	1.45987e+15	2.91973e+15	4.3796e+15	5.83947e+15	7.29934e+15	8.7592e+15	1.02191e+16	1.16789e+16	1.31388e+16	2.16508e+16	1.24675e+17	4.53999e+17	2.93845	2.79572	2.79572	2.79572	2.79572	2.79572	2.79572	2.79572	2.79572	2.79572	2.79572	2.79572	2.63879	1.89152	4.68949	
152182	6.8657e+17	2.79317e+17	1.2223e+17	7.73359e+16	1.54672e+17	2.32008e+17	3.09344e+17	3.8668e+17	4.64016e+17	5.41352e+17	6.18688e+17	6.96024e+17	7.61714e+17	6.73541e+17	8.60018e+15	5.74354e+15	5.27218e+15	2.30712e+15	1.45973e+15	2.91947e+15	4.3792e+15	5.83893e+15	7.29867e+15	8.7584e+15	1.02181e+16	1.16779e+16	1.31376e+16	2.16624e+16	1.24477e+17	4.53999e+17	2.9409	2.79836	2.79836	2.79836	2.79836	2.79836	2.79836	2.79836	2.79836	2.79836	2.79836	2.79836	2.64136	1.8908	4.68948	
152433	6.86571e+17	2.79318e+17	1.2223e+17	7.73362e+16	1.54672e+17	2.32008e+17	3.09345e+17	3.86681e+17	4.64017e+17	5.41353e+17	6.18689e+17	6.96025e+17	7.61695e+17	6.7387e+17	8.6002e+15	5.74308e+15	5.2717e+15	2.30691e+15	1.4596e+15	2.9192e+15	4.3788e+15	5.8384e+15	7.298e+15	8.7576e+15	1.02172e+16	1.16768e+16	1.31364e+16	2.1674e+16	1.2428e+17	4.53999e+17	2.94333	2.80099	2.80099	2.80099	2.80099	2.80099	2.80099	2.80099	2.80099	2.80099	2.80099	2.80099	2.64392	1.89008	4.68947	
152685	6.86572e+17	2.79319e+17	1.22231e+17	7.73364e+16	1.54673e+17	2.32009e+17	3.09346e+17	3.86682e+17	4.64018e+17	5.41355e+17	6.18691e+17	6.96027e+17	7.61676e+17	6.74199e+17	8.60022e+15	5.74262e+15	5.27122e+15	2.3067e+15	1.45947e+15	2.91893e+15	4.3784e+15	5.83787e+15	7.29733e+15	8.7568e+15	1.02163e+16	1.16757e+16	1.31352e+16	2.16856e+16	1.24083e+17	4.53999e+17	2.94577	2.80362	2.80362	2.80362	2.80362	2.80362	2.80362	2.80362	2.80362	2.80362	2.80362	2.80362	2.64648	1.88937	4.68946	
152937	6.86572e+17	2.7932e+17	1.22231e+17	7.73366e+16	1.54673e+17	2.3201e+17	3.09346e+17	3.86683e+17	4.6402e+17	5.41356e+17	6.18693e+17	6.96029e+17	7.61657e+17	6.74527e+17	8.60025e+15	5.74217e+15	5.27074e+15	2.30649e+15	1.45933e+15	2.91867e+15	4.378e+15	5.83734e+15	7.29667e+15	8.756e+15	1.02153e+16	1.16747e+16	1.3134e+16	2.16972e+16	1.23887e+17	4.53999e+17	2.9482	2.80624	2.80624	2.80624	2.80624	2.80624	2.80624	2.80624	2.80624	2.80624	2.80624	2.80624	2.64904	1.88866	4.68945	
153188	6.86573e+17	2.79321e+17	1.22231e+17	7.73368e+16	1.54674e+17	2.3201e+17	3.09347e+17	3.86684e+17	4.64021e+17	5.41358e+17	6.18695e+17	6.96031e+17	7.61638e+17	6.74854e+17	8.60027e+15	5.74171e+15	5.27026e+15	2.30628e+15	1.4592e+15	2.9184e+15	4.3776e+15	5.83681e+15	7.29601e+15	8.75521e+15	1.02144e+16	1.16736e+16	1.31328e+16	2.17088e+16	1.23692e+17	4.54e+17	2.95063	2.80887	2.80887	2.80887	2.80887	2.80887	2.80887	2.80887	2.80887	2.80887	2.80887	2.80887	2.65158	1.88795	4.68944	
153440	6.86574e+17	2.79321e+17	1.22232e+17	7.7337e+16	1.54674e+17	2.32011e+17	3.09348e+17	3.86685e+17	4.64022e+17	5.41359e+17	6.18696e+17	6.96033e+17	7.61619e+17	6.7518e+17	8.60029e+15	5.74126e+15	5.26978e+15	2.30607e+15	1.45907e+15	2.91814e+15	4.37721e+15	5.83628e+15	7.29535e+15	8.75442e+15	1.02135e+16	1.16726e+16	1.31316e+16	2.17204e+16	1.23496e+17	4.54e+17	2.95306	2.81148	2.81148	2.81148	2.81148	2.81148	2.81148	2.81148	2.81148	2.81148	2.81148	2.81148	2.65413	1.88725	4.68943	
153692	6.86575e+17	2.79322e+17	1.22232e+17	7.73373e+16	1.54675e+17	2.32012e+17	3.09349e+17	3.86686e+17	4.64024e+17	5.41361e+17	6.18698e+17	6.96035e+17	7.61601e+17	6.75505e+17	8.60032e+15	5.74081e+15	5.26931e+15	2.30586e+15	1.45894e+15	2.91788e+15	4.37681e+15	5.83575e+15	7.29469e+15	8.75363e+15	1.02126e+16	1.16715e+16	1.31304e+16	2.1732e+16	1.23302e+17	4.54e+17	2.95548	2.8141	2.8141	2.8141	2.8141	2.8141	2.8141	2.8141	2.8141	2.8141	2.8141	2.8141	2.65667	1.88656	4.68942	
153943	6.86576e+17	2.79323e+17	1.22232e+17	7.73375e+16	1.54675e+17	2.32012e+17	3.0935e+17	3.86687e+17	4.64025e+17	5.41362e+17	6.187e+17	6.96037e+17	7.61582e+17	6.75829e+17	8.60034e+15	5.74036e+15	5.26883e+15	2.30565e+15	1.45881e+15	2.91761e+15	4.37642e+15	5.83523e+15	7.29403e+15	8.75284e+15	1.02116e+16	1.16705e+16	1.31293e+16	2.17435e+16	1.23108e+17	4.54e+17	2.9579	2.81671	2.81671	2.81671	2.81671	2.81671	2.81671	2.81671	2.81671	2.81671	2.81671	2.81671	2.65921	1.88586	4.68941	
154195	6.86577e+17	2.79324e+17	1.22233e+17	7.73377e+16	1.54675e+17	2.32013e+17	3.09351e+17	3.86688e+17	4.64026e+17	5.41364e+17	6.18701e+17	6.96039e+17	7.61563e+17	6.76152e+17	8.60037e+15	5.73991e+15	5.26836e+15	2.30545e+15	1.45868e+15	2.91735e+15	4.37603e+15	5.8347e+15	7.29338e+15	8.75205e+15	1.02107e+16	1.16694e+16	1.31281e+16	2.17551e+16	1.22914e+17	4.54e+17	2.96032	2.81932	2.81932	2.81932	2.81932	2.81932	2.81932	2.81932	2.81932	2.81932	2.81932	2.81932	2.66174	1.88518	4.6894	
154447	6.86578e+17	2.79324e+17	1.22233e+17	7.73379e+16	1.54676e+17	2.32014e+17	3.09352e+17	3.86689e+17	4.64027e+17	5.41365e+17	6.18703e+17	6.96041e+17	7.61544e+17	6.76474e+17	8.60039e+15	5.73946e+15	5.26789e+15	2.30524e+15	1.45855e+15	2.91709e+15	4.37564e+15	5.83418e+15	7.29273e+15	8.75127e+15	1.02098e+16	1.16684e+16	1.31269e+16	2.17666e+16	1.22721e+17	4.54e+17	2.96273	2.82192	2.82192	2.82192	2.82192	2.82192	2.82192	2.82192	2.82192	2.82192	2.82192	2.82192	2.66427	1.88449	4.68939	
154698	6.86579e+17	2.79325e+17	1.22233e+17	7.73381e+16	1.54676e+17	2.32014e+17	3.09352e+17	3.86691e+17	4.64029e+17	5.41367e+17	6.18705e+17	6.96042e+17	7.61524e+17	6.76796e+17	8.60042e+15	5.73902e+15	5.26742e+15	2.30504e+15	1.45841e+15	2.91683e+15	4.37524e+15	5.83366e+15	7.29207e+15	8.75049e+15	1.02089e+16	1.16673e+16	1.31257e+16	2.17782e+16	1.22529e+17	4.54e+17	2.96514	2.82452	2.82452	2.82452	2.82452	2.82452	2.82452	2.82452	2.82452	2.82452	2.82452	2.82452	2.6668	1.88381	4.68937	
154950	6.86579e+17	2.79326e+17	1.22234e+17	7.73383e+16	1.54677e+17	2.32015e+17	3.09353e+17	3.86692e+17	4.6403e+17	5.41368e+17	6.18707e+17	6.96042e+17	7.61504e+17	6.77116e+17	8.60045e+15	5.73857e+15	5.26695e+15	2.30483e+15	1.45829e+15	2.91657e+15	4.37486e+15	5.83314e+15	7.29143e+15	8.74971e+15	1.0208e+16	1.16663e+16	1.31245e+16	2.17896e+16	1.22337e+17	4.54e+17	2.96755	2.82712	2.82712	2.82712	2.82712	2.82712	2.82712	2.82712	2.82712	2.82712	2.82712	2.82711	2.66931	1.88314	4.68936	
155201	6.8658e+17	2.79327e+17	1.22234e+17	7.73385e+16	1.54677e+17	2.32016e+17	3.09354e+17	3.86693e+17	4.64031e+17	5.4137e+17	6.18708e+17	6.96042e+17	7.61483e+17	6.77435e+17	8.60048e+15	5.73813e+15	5.26648e+15	2.30463e+15	1.45816e+15	2.91631e+15	4.37447e+15	5.83262e+15	7.29078e+15	8.74893e+15	1.02071e+16	1.16652e+16	1.31233e+16	2.1801e+16	1.22146e+17	4.54e+17	2.96996	2.82971	2.82971	2.82971	2.82971	2.82971	2.82971	2.82971	2.82971	2.82971	2.82971	2.8297	2.67181	1.88246	4.68935	
155453	6.86581e+17	2.79328e+17	1.22234e+17	7.73387e+16	1.54677e+17	2.32016e+17	3.09355e+17	3.86694e+17	4.64032e+17	5.41371e+17	6.1871e+17	6.96043e+17	7.61463e+17	6.77754e+17	8.60051e+15	5.73768e+15	5.26602e+15	2.30442e+15	1.45803e+15	2.91605e+15	4.37408e+15	5.83211e+15	7.29013e+15	8.74816e+15	1.02062e+16	1.16642e+16	1.31221e+16	2.18124e+16	1.21955e+17	4.54e+17	2.97236	2.8323	2.8323	2.8323	2.8323	2.8323	2.8323	2.8323	2.8323	2.8323	2.8323	2.83228	2.67431	1.8818	4.68934	
155705	6.86582e+17	2.79328e+17	1.22235e+17	7.7339e+16	1.54678e+17	2.32017e+17	3.09356e+17	3.86695e+17	4.64034e+17	5.41373e+17	6.18712e+17	6.96043e+17	7.61443e+17	6.78072e+17	8.60053e+15	5.73724e+15	5.26555e+15	2.30422e+15	1.4579e+15	2.9158e+15	4.37369e+15	5.83159e+15	7.28949e+15	8.74739e+15	1.02053e+16	1.16632e+16	1.3121e+16	2.18238e+16	1.21764e+17	4.54e+17	2.97475	2.83489	2.83489	2.83489	2.83489	2.83489	2.83489	2.83489	2.83489	2.83489	2.83489	2.83485	2.67679	1.88113	4.68932	
155956	6.86583e+17	2.79329e+17	1.22235e+17	7.73392e+16	1.54678e+17	2.32018e+17	3.09357e+17	3.86696e+17	4.64035e+17	5.41374e+17	6.18713e+17	6.96044e+17	7.61423e+17	6.78389e+17	8.60056e+15	5.7368e+15	5.26509e+15	2.30402e+15	1.45777e+15	2.91554e+15	4.37331e+15	5.83108e+15	7.28885e+15	8.74662e+15	1.02044e+16	1.16622e+16	1.31198e+16	2.18352e+16	1.21574e+17	4.54e+17	2.97715	2.83747	2.83747	2.83747	2.83747	2.83747	2.83747	2.83747	2.83747	2.83747	2.83747	2.83741	2.67926	1.88047	4.68931	
156208	6.86584e+17	2.7933e+17	1.22235e+17	7.73394e+16	1.54679e+17	2.32018e+17	3.09358e+17	3.86697e+17	4.64036e+17	5.41376e+17	6.18715e+17	6.96044e+17	7.61403e+17	6.78705e+17	8.60059e+15	5.73636e+15	5.26463e+15	2.30381e+15	1.45764e+15	2.91528e+15	4.37293e+15	5.83057e+15	7.28821e+15	8.74585e+15	1.02035e+16	1.16611e+16	1.31186e+16	2.18465e+16	1.21385e+17	4.54e+17	2.97954	2.84005	2.84005	2.84005	2.84005	2.84005	2.84005	2.84005	2.84005	2.84005	2.84005	2.83996	2.68173	1.87981	4.68929	
156459	6.86585e+17	2.79331e+17	1.22236e+17	7.73396e+16	1.54679e+17	2.32019e+17	3.09358e+17	3.86698e+17	4.64038e+17	5.41377e+17	6.18717e+17	6.96045e+17	7.61383e+17	6.79021e+17	8.60063e+15	5.73592e+15	5.26416e+15	2.30361e+15	1.45751e+15	2.91503e+15	4.37254e+15	5.83006e+15	7.28757e+15	8.74508e+15	1.02026e+16	1.16601e+16	1.31175e+16	2.18579e+16	1.21196e+17	4.54e+17	2.98193	2.84263	2.84263	2.84263	2.84263	2.84263	2.84263	2.84263	2.84263	2.84263	2.84263	2.84251	2.68419	1.87916	4.68928	
156711	6.86585e+17	2.79331e+17	1.22236e+17	7.73398e+16	1.5468e+17	2.32019e+17	3.09359e+17	3.86699e+17	4.64039e+17	5.41379e+17	6.18718e+17	6.96045e+17	7.61364e+17	6.79335e+17	8.60066e+15	5.73548e+15	5.2637e+15	2.30341e+15	1.45739e+15	2.91477e+15	4.37216e+15	5.82955e+15	7.28693e+15	8.74432e+15	1.02017e+16	1.16591e+16	1.31163e+16	2.18692e+16	1.21007e+17	4.54e+17	2.98431	2.8452	2.8452	2.8452	2.8452	2.8452	2.8452	2.8452	2.8452	2.8452	2.8452	2.84506	2.68663	1.87851	4.68927	
156962	6.86586e+17	2.79332e+17	1.22236e+17	7.734e+16	1.5468e+17	2.3202e+17	3.0936e+17	3.867e+17	4.6404e+17	5.4138e+17	6.1872e+17	6.96046e+17	7.61344e+17	6.79649e+17	8.60069e+15	5.73504e+15	5.26325e+15	2.30321e+15	1.45726e+15	2.91452e+15	4.37178e+15	5.82904e+15	7.2863e+15	8.74356e+15	1.02008e+16	1.16581e+16	1.31152e+16	2.18805e+16	1.20819e+17	4.54e+17	2.9867	2.84777	2.84777	2.84777	2.84777	2.84777	2.84777	2.84777	2.84777	2.84777	2.84777	2.84759	2.68908	1.87786	4.68925	
157214	6.86587e+17	2.79333e+17	1.22237e+17	7.73402e+16	1.5468e+17	2.32021e+17	3.09361e+17	3.86701e+17	4.64041e+17	5.41381e+17	6.18722e+17	6.96047e+17	7.61325e+17	6.79962e+17	8.60073e+15	5.73461e+15	5.26279e+15	2.30301e+15	1.45713e+15	2.91427e+15	4.3714e+15	5.82853e+15	7.28567e+15	8.7428e+15	1.01999e+16	1.16571e+16	1.3114e+16	2.18918e+16	1.20631e+17	4.54001e+17	2.98907	2.85034	2.85034	2.85034	2.85034	2.85034	2.85034	2.85034	2.85034	2.85034	2.85034	2.85012	2.69151	1.87722	4.68924	
157466	6.86588e+17	2.79334e+17	1.22237e+17	7.73404e+16	1.54681e+17	2.32021e+17	3.09362e+17	3.86702e+17	4.64043e+17	5.41383e+17	6.18723e+17	6.96048e+17	7.61305e+17	6.80275e+17	8.6007e+15	5.73417e+15	5.26233e+15	2.30281e+15	1.45701e+15	2.91401e+15	4.37102e+15	5.82803e+15	7.28503e+15	8.74204e+15	1.0199e+16	1.16561e+16	1.31129e+16	2.19031e+16	1.20444e+17	4.53997e+17	2.99146	2.85291	2.85291	2.85291	2.85291	2.85291	2.85291	2.85291	2.85291	2.85291	2.85291	2.85265	2.69394	1.87658	4.68922	
157717	6.86589e+17	2.79334e+17	1.22237e+17	7.73406e+16	1.54681e+17	2.32022e+17	3.09363e+17	3.86703e+17	4.64044e+17	5.41384e+17	6.18725e+17	6.96048e+17	7.61286e+17	6.80585e+17	8.60073e+15	5.73374e+15	5.26188e+15	2.30261e+15	1.45688e+15	2.91376e+15	4.37064e+15	5.82752e+15	7.28441e+15	8.74129e+15	1.01982e+16	1.1655e+16	1.31117e+16	2.19143e+16	1.20257e+17	4.53997e+17	2.99383	2.85546	2.85546	2.85546	2.85546	2.85546	2.85546	2.85546	2.85546	2.85546	2.85546	2.85517	2.69636	1.87595	4.68921	
157969	6.8659e+17	2.79335e+17	1.22238e+17	7.73408e+16	1.54682e+17	2.32023e+17	3.09363e+17	3.86704e+17	4.64045e+17	5.41386e+17	6.18727e+17	6.96049e+17	7.61267e+17	6.80896e+17	8.60077e+15	5.7333e+15	5.26143e+15	2.30241e+15	1.45676e+15	2.91351e+15	4.37027e+15	5.82702e+15	7.28378e+15	8.74053e+15	1.01973e+16	1.1654e+16	1.31106e+16	2.19256e+16	1.20071e+17	4.53997e+17	2.99619	2.85802	2.85802	2.85802	2.85802	2.85802	2.85802	2.85802	2.85802	2.85802	2.85802	2.85768	2.69877	1.87532	4.68919	
158220	6.8659e+17	2.79336e+17	1.22238e+17	7.7341e+16	1.54682e+17	2.32023e+17	3.09364e+17	3.86705e+17	4.64046e+17	5.41387e+17	6.18728e+17	6.9605e+17	7.61247e+17	6.81205e+17	8.6008e+15	5.73287e+15	5.26097e+15	2.30222e+15	1.45663e+15	2.91326e+15	4.36989e+15	5.82652e+15	7.28315e+15	8.73978e+15	1.01964e+16	1.1653e+16	1.31095e+16	2.19368e+16	1.19886e+17	4.53997e+17	2.99856	2.86057	2.86057	2.86057	2.86057	2.86057	2.86057	2.86057	2.86057	2.86057	2.86057	2.86018	2.70117	1.87469	4.68918	
158471	6.86591e+17	2.79337e+17	1.22238e+17	7.73412e+16	1.54682e+17	2.32024e+17	3.09365e+17	3.86706e+17	4.64047e+17	5.41389e+17	6.1873e+17	6.96051e+17	7.61228e+17	6.81514e+17	8.60083e+15	5.73244e+15	5.26052e+15	2.30202e+15	1.45651e+15	2.91301e+15	4.36952e+15	5.82602e+15	7.28253e+15	8.73904e+15	1.01955e+16	1.1652e+16	1.31084e+16	2.1948e+16	1.197e+17	4.53997e+17	3.00092	2.86311	2.86311	2.86311	2.86311	2.86311	2.86311	2.86311	2.86311	2.86311	2.86311	2.86268	2.70356	1.87407	4.68916	
158722	6.86592e+17	2.79337e+17	1.22239e+17	7.73414e+16	1.54683e+17	2.32024e+17	3.09366e+17	3.86707e+17	4.64049e+17	5.4139e+17	6.18732e+17	6.96052e+17	7.61209e+17	6.81821e+17	8.60087e+15	5.73201e+15	5.26007e+15	2.30182e+15	1.45638e+15	2.91276e+15	4.36915e+15	5.82553e+15	7.28191e+15	8.73829e+15	1.01947e+16	1.16511e+16	1.31073e+16	2.19593e+16	1.19516e+17	4.53997e+17	3.00328	2.86566	2.86566	2.86566	2.86566	2.86566	2.86566	2.86566	2.86566	2.86566	2.86566	2.86518	2.70595	1.87345	4.68914	
158974	6.86593e+17	2.79338e+17	1.22239e+17	7.73417e+16	1.54683e+17	2.32025e+17	3.09367e+17	3.86708e+17	4.6405e+17	5.41392e+17	6.18733e+17	6.96053e+17	7.6119e+17	6.82128e+17	8.6009e+15	5.73158e+15	5.25963e+15	2.30163e+15	1.45626e+15	2.91252e+15	4.36877e+15	5.82503e+15	7.28129e+15	8.73755e+15	1.01938e+16	1.16501e+16	1.31061e+16	2.19705e+16	1.19331e+17	4.53997e+17	3.00563	2.8682	2.8682	2.8682	2.8682	2.8682	2.8682	2.8682	2.8682	2.8682	2.8682	2.86766	2.70833	1.87283	4.68913	
159225	6.86594e+17	2.79339e+17	1.22239e+17	7.73419e+16	1.54684e+17	2.32026e+17	3.09367e+17	3.86709e+17	4.64051e+17	5.41393e+17	6.18735e+17	6.96054e+17	7.61171e+17	6.82435e+17	8.60094e+15	5.73116e+15	5.25918e+15	2.30143e+15	1.45613e+15	2.91227e+15	4.3684e+15	5.82454e+15	7.28067e+15	8.7368e+15	1.01929e+16	1.16491e+16	1.3105e+16	2.19817e+16	1.19148e+17	4.53997e+17	3.00798	2.87074	2.87074	2.87074	2.87074	2.87074	2.87074	2.87074	2.87074	2.87074	2.87074	2.87015	2.71071	1.87222	4.68911	
159476	6.86594e+17	2.7934e+17	1.2224e+17	7.73421e+16	1.54684e+17	2.32026e+17	3.09368e+17	3.8671e+17	4.64052e+17	5.41394e+17	6.18736e+17	6.96055e+17	7.61152e+17	6.8274e+17	8.60098e+15	5.73073e+15	5.25873e+15	2.30124e+15	1.45601e+15	2.91202e+15	4.36803e+15	5.82404e+15	7.28005e+15	8.73606e+15	1.01921e+16	1.16481e+16	1.31039e+16	2.1993e+16	1.18964e+17	4.53997e+17	3.01033	2.87327	2.87327	2.87327	2.87327	2.87327	2.87327	2.87327	2.87327	2.87327	2.87327	2.87262	2.71308	1.87161	4.68909	
159728	6.86595e+17	2.7934e+17	1.2224e+17	7.73423e+16	1.54685e+17	2.32027e+17	3.09369e+17	3.86711e+17	4.64054e+17	5.41396e+17	6.18738e+17	6.96055e+17	7.61133e+17	6.83045e+17	8.60102e+15	5.7303e+15	5.25829e+15	2.30104e+15	1.45589e+15	2.91178e+15	4.36766e+15	5.82355e+15	7.27944e+15	8.73533e+15	1.01912e+16	1.16471e+16	1.31028e+16	2.20042e+16	1.18781e+17	4.53997e+17	3.01267	2.8758	2.8758	2.8758	2.8758	2.8758	2.8758	2.8758	2.8758	2.8758	2.8758	2.8751	2.71545	1.871	4.68907	
159979	6.86596e+17	2.79341e+17	1.2224e+17	7.73425e+16	1.54685e+17	2.32027e+17	3.0937e+17	3.86712e+17	4.64055e+17	5.41397e+17	6.1874e+17	6.96056e+17	7.61114e+17	6.83349e+17	8.60105e+15	5.72988e+15	5.25785e+15	2.30085e+15	1.45576e+15	2.91153e+15	4.36729e+15	5.82306e+15	7.27882e+15	8.73459e+15	1.01904e+16	1.16461e+16	1.31017e+16	2.20154e+16	1.18599e+17	4.53997e+17	3.01502	2.87833	2.87833	2.87833	2.87833	2.87833	2.87833	2.87833	2.87833	2.87833	2.87833	2.87756	2.71781	1.8704	4.68906	
160230	6.86597e+17	2.79342e+17	1.22241e+17	7.73427e+16	1.54685e+17	2.32028e+17	3.09371e+17	3.86713e+17	4.64056e+17	5.41399e+17	6.18741e+17	6.96057e+17	7.61095e+17	6.83653e+17	8.60109e+15	5.72946e+15	5.2574e+15	2.30065e+15	1.45564e+15	2.91129e+15	4.36693e+15	5.82257e+15	7.27821e+15	8.73386e+15	1.01895e+16	1.16451e+16	1.31007e+16	2.20266e+16	1.18416e+17	4.53997e+17	3.01735	2.88085	2.88085	2.88085	2.88085	2.88085	2.88085	2.88085	2.88085	2.88085	2.88085	2.88003	2.72016	1.8698	4.68904	
160482	6.86598e+17	2.79342e+17	1.22241e+17	7.73429e+16	1.54686e+17	2.32029e+17	3.09371e+17	3.86714e+17	4.64057e+17	5.414e+17	6.18743e+17	6.96058e+17	7.61077e+17	6.83955e+17	8.60114e+15	5.72903e+15	5.25696e+15	2.30046e+15	1.45552e+15	2.91104e+15	4.36656e+15	5.82208e+15	7.2776e+15	8.73312e+15	1.01886e+16	1.16442e+16	1.30996e+16	2.20379e+16	1.18235e+17	4.53997e+17	3.01969	2.88338	2.88338	2.88338	2.88338	2.88338	2.88338	2.88338	2.88338	2.88338	2.88338	2.88248	2.72251	1.8692	4.68902	
160733	6.86599e+17	2.79343e+17	1.22241e+17	7.73431e+16	1.54686e+17	2.32029e+17	3.09372e+17	3.86715e+17	4.64058e+17	5.41401e+17	6.18744e+17	6.96059e+17	7.61058e+17	6.84257e+17	8.60118e+15	5.72861e+15	5.25652e+15	2.30027e+15	1.4554e+15	2.9108e+15	4.3662e+15	5.82159e+15	7.27699e+15	8.73239e+15	1.01878e+16	1.16432e+16	1.30985e+16	2.20491e+16	1.18053e+17	4.53997e+17	3.02202	2.88589	2.88589	2.88589	2.88589	2.88589	2.88589	2.88589	2.88589	2.88589	2.88589	2.88494	2.72485	1.86861	4.689	
160984	6.86599e+17	2.79344e+17	1.22242e+17	7.73433e+16	1.54687e+17	2.3203e+17	3.09373e+17	3.86716e+17	4.6406e+17	5.41403e+17	6.18746e+17	6.9606e+17	7.61039e+17	6.84559e+17	8.60122e+15	5.72819e+15	5.25609e+15	2.30008e+15	1.45528e+15	2.91055e+15	4.36583e+15	5.82111e+15	7.27639e+15	8.73166e+15	1.01869e+16	1.16422e+16	1.30974e+16	2.20603e+16	1.17872e+17	4.53997e+17	3.02435	2.88841	2.88841	2.88841	2.88841	2.88841	2.88841	2.88841	2.88841	2.88841	2.88841	2.88738	2.72719	1.86802	4.68898	
161236	6.866e+17	2.79345e+17	1.22242e+17	7.73435e+16	1.54687e+17	2.3203e+17	3.09374e+17	3.86717e+17	4.64061e+17	5.41404e+17	6.18748e+17	6.96061e+17	7.6102e+17	6.84859e+17	8.60126e+15	5.72777e+15	5.25565e+15	2.29989e+15	1.45516e+15	2.91031e+15	4.36547e+15	5.82062e+15	7.27578e+15	8.73094e+15	1.01861e+16	1.16412e+16	1.30963e+16	2.20716e+16	1.17692e+17	4.53997e+17	3.02668	2.89092	2.89092	2.89092	2.89092	2.89092	2.89092	2.89092	2.89092	2.89092	2.89092	2.88983	2.72953	1.86743	4.68896	
161487	6.86601e+17	2.79345e+17	1.22242e+17	7.73437e+16	1.54687e+17	2.32031e+17	3.09375e+17	3.86718e+17	4.64062e+17	5.41406e+17	6.18749e+17	6.96062e+17	7.61001e+17	6.85159e+17	8.60131e+15	5.72735e+15	5.25521e+15	2.29969e+15	1.45504e+15	2.91007e+15	4.36511e+15	5.82014e+15	7.27518e+15	8.73021e+15	1.01852e+16	1.16403e+16	1.30953e+16	2.20828e+16	1.17511e+17	4.53997e+17	3.029	2.89343	2.89343	2.89343	2.89343	2.89343	2.89343	2.89343	2.89343	2.89343	2.89343	2.89227	2.73186	1.86685	4.68894	
161739	6.86602e+17	2.79346e+17	1.22243e+17	7.73439e+16	1.54688e+17	2.32032e+17	3.09375e+17	3.86719e+17	4.64063e+17	5.41407e+17	6.18751e+17	6.96064e+17	7.60982e+17	6.85458e+17	8.60135e+15	5.72693e+15	5.25478e+15	2.2995e+15	1.45491e+15	2.90983e+15	4.36474e+15	5.81966e+15	7.27457e+15	8.72949e+15	1.01844e+16	1.16393e+16	1.30942e+16	2.20941e+16	1.17332e+17	4.53997e+17	3.03132	2.89594	2.89594	2.89594	2.89594	2.89594	2.89594	2.89594	2.89594	2.89594	2.89594	2.8947	2.73418	1.86627	4.68892	
161990	6.86603e+17	2.79347e+17	1.22243e+17	7.73441e+16	1.54688e+17	2.32032e+17	3.09376e+17	3.8672e+17	4.64064e+17	5.41408e+17	6.18752e+17	6.96065e+17	7.60963e+17	6.85757e+17	8.6014e+15	5.72652e+15	5.25434e+15	2.29931e+15	1.45479e+15	2.90959e+15	4.36438e+15	5.81918e+15	7.27397e+15	8.72877e+15	1.01836e+16	1.16384e+16	1.30931e+16	2.21053e+16	1.17152e+17	4.53997e+17	3.03364	2.89844	2.89844	2.89844	2.89844	2.89844	2.89844	2.89844	2.89844	2.89844	2.89844	2.89713	2.7365	1.86569	4.6889	
162242	6.86603e+17	2.79347e+17	1.22243e+17	7.73443e+16	1.54689e+17	2.32033e+17	3.09377e+17	3.86721e+17	4.64066e+17	5.4141e+17	6.18754e+17	6.96066e+17	7.60945e+17	6.86055e+17	8.60144e+15	5.7261e+15	5.25391e+15	2.29912e+15	1.45467e+15	2.90935e+15	4.36402e+15	5.8187e+15	7.27337e+15	8.72805e+15	1.01827e+16	1.16374e+16	1.30921e+16	2.21166e+16	1.16973e+17	4.53997e+17	3.03595	2.90094	2.90094	2.90094	2.90094	2.90094	2.90094	2.90094	2.90094	2.90094	2.90094	2.89955	2.73881	1.86512	4.68888	
162493	6.86604e+17	2.79348e+17	1.22243e+17	7.73444e+16	1.54689e+17	2.32033e+17	3.09378e+17	3.86722e+17	4.64067e+17	5.41411e+17	6.18756e+17	6.96067e+17	7.60926e+17	6.86352e+17	8.60149e+15	5.72569e+15	5.25348e+15	2.29894e+15	1.45456e+15	2.90911e+15	4.36367e+15	5.81822e+15	7.27278e+15	8.72733e+15	1.01819e+16	1.16364e+16	1.3091e+16	2.21279e+16	1.16795e+17	4.53997e+17	3.03826	2.90343	2.90343	2.90343	2.90343	2.90343	2.90343	2.90343	2.90343	2.90343	2.90343	2.90197	2.74112	1.86455	4.68886	
162744	6.86605e+17	2.79349e+17	1.22244e+17	7.73446e+16	1.54689e+17	2.32034e+17	3.09379e+17	3.86723e+17	4.64068e+17	5.41412e+17	6.18757e+17	6.96068e+17	7.60907e+17	6.86649e+17	8.60154e+15	5.72527e+15	5.25305e+15	2.29875e+15	1.45444e+15	2.90887e+15	4.36331e+15	5.81774e+15	7.27218e+15	8.72662e+15	1.01811e+16	1.16355e+16	1.309e+16	2.21392e+16	1.16616e+17	4.53997e+17	3.04056	2.90593	2.90593	2.90593	2.90593	2.90593	2.90593	2.90593	2.90593	2.90593	2.90593	2.90439	2.74342	1.86398	4.68884	
162996	6.86606e+17	2.7935e+17	1.22244e+17	7.73448e+16	1.5469e+17	2.32035e+17	3.09379e+17	3.86724e+17	4.64069e+17	5.41414e+17	6.18759e+17	6.96069e+17	7.60888e+17	6.86945e+17	8.60159e+15	5.72486e+15	5.25262e+15	2.29856e+15	1.45432e+15	2.90863e+15	4.36295e+15	5.81727e+15	7.27159e+15	8.7259e+15	1.01802e+16	1.16345e+16	1.30889e+16	2.21505e+16	1.16438e+17	4.53997e+17	3.04286	2.90842	2.90842	2.90842	2.90842	2.90842	2.90842	2.90842	2.90842	2.90842	2.90842	2.9068	2.74572	1.86341	4.68881	
163247	6.86607e+17	2.7935e+17	1.22244e+17	7.7345e+16	1.5469e+17	2.32035e+17	3.0938e+17	3.86725e+17	4.6407e+17	5.41415e+17	6.1876e+17	6.9607e+17	7.60869e+17	6.8724e+17	8.60164e+15	5.72445e+15	5.25219e+15	2.29837e+15	1.4542e+15	2.9084e+15	4.3626e+15	5.81679e+15	7.27099e+15	8.72519e+15	1.01794e+16	1.16336e+16	1.30879e+16	2.21618e+16	1.16261e+17	4.53997e+17	3.04516	2.91091	2.91091	2.91091	2.91091	2.91091	2.91091	2.91091	2.91091	2.91091	2.91091	2.90921	2.74802	1.86285	4.68879	
163499	6.86607e+17	2.79351e+17	1.22245e+17	7.73452e+16	1.5469e+17	2.32036e+17	3.09381e+17	3.86726e+17	4.64071e+17	5.41417e+17	6.18762e+17	6.96071e+17	7.60851e+17	6.87535e+17	8.60169e+15	5.72403e+15	5.25176e+15	2.29818e+15	1.45408e+15	2.90816e+15	4.36224e+15	5.81632e+15	7.2704e+15	8.72448e+15	1.01786e+16	1.16326e+16	1.30869e+16	2.21731e+16	1.16083e+17	4.53997e+17	3.04745	2.91339	2.91339	2.91339	2.91339	2.91339	2.91339	2.91339	2.91339	2.91339	2.91339	2.91161	2.75031	1.86229	4.68877	
163750	6.86608e+17	2.79352e+17	1.22245e+17	7.73454e+16	1.54691e+17	2.32036e+17	3.09382e+17	3.86727e+17	4.64073e+17	5.41418e+17	6.18763e+17	6.96072e+17	7.60832e+17	6.87829e+17	8.60175e+15	5.72362e+15	5.25134e+15	2.298e+15	1.45396e+15	2.90792e+15	4.36189e+15	5.81585e+15	7.26981e+15	8.72377e+15	1.01777e+16	1.16317e+16	1.30858e+16	2.21844e+16	1.15907e+17	4.53997e+17	3.04973	2.91587	2.91587	2.91587	2.91587	2.91587	2.91587	2.91587	2.91587	2.91587	2.91587	2.91401	2.7526	1.86174	4.68874	
164002	6.86609e+17	2.79352e+17	1.22245e+17	7.73456e+16	1.54691e+17	2.32037e+17	3.09382e+17	3.86728e+17	4.64074e+17	5.41419e+17	6.18765e+17	6.96073e+17	7.60813e+17	6.88123e+17	8.6018e+15	5.72321e+15	5.25091e+15	2.29781e+15	1.45384e+15	2.90769e+15	4.36153e+15	5.81538e+15	7.26922e+15	8.72307e+15	1.01769e+16	1.16308e+16	1.30848e+16	2.21958e+16	1.1573e+17	4.53997e+17	3.05201	2.91835	2.91835	2.91835	2.91835	2.91835	2.91835	2.91835	2.91835	2.91835	2.91835	2.9164	2.75488	1.86118	4.68872	
164254	6.8661e+17	2.79353e+17	1.22246e+17	7.73458e+16	1.54692e+17	2.32037e+17	3.09383e+17	3.86729e+17	4.64075e+17	5.41421e+17	6.18766e+17	6.96074e+17	7.60794e+17	6.88416e+17	8.60186e+15	5.72281e+15	5.25049e+15	2.29763e+15	1.45373e+15	2.90745e+15	4.36118e+15	5.81491e+15	7.26863e+15	8.72236e+15	1.01761e+16	1.16298e+16	1.30838e+16	2.22071e+16	1.15554e+17	4.53997e+17	3.05429	2.92083	2.92083	2.92083	2.92083	2.92083	2.92083	2.92083	2.92083	2.92083	2.92083	2.91879	2.75715	1.86063	4.68869	
164505	6.8661e+17	2.79354e+17	1.22246e+17	7.7346e+16	1.54692e+17	2.32038e+17	3.09384e+17	3.8673e+17	4.64076e+17	5.41422e+17	6.18768e+17	6.96075e+17	7.60775e+17	6.88708e+17	8.60191e+15	5.7224e+15	5.25006e+15	2.29744e+15	1.45361e+15	2.90722e+15	4.36083e+15	5.81444e+15	7.26805e+15	8.72166e+15	1.01753e+16	1.16289e+16	1.30828e+16	2.22185e+16	1.15378e+17	4.53997e+17	3.05656	2.9233	2.9233	2.9233	2.9233	2.9233	2.9233	2.9233	2.9233	2.9233	2.9233	2.92118	2.75943	1.86009	4.68867	
164757	6.86611e+17	2.79354e+17	1.22246e+17	7.73462e+16	1.54692e+17	2.32039e+17	3.09385e+17	3.86731e+17	4.64077e+17	5.41423e+17	6.1877e+17	6.96076e+17	7.60756e+17	6.89e+17	8.60197e+15	5.72199e+15	5.24964e+15	2.29726e+15	1.45349e+15	2.90699e+15	4.36048e+15	5.81397e+15	7.26746e+15	8.72096e+15	1.01744e+16	1.16279e+16	1.30818e+16	2.22298e+16	1.15202e+17	4.53997e+17	3.05883	2.92577	2.92577	2.92577	2.92577	2.92577	2.92577	2.92577	2.92577	2.92577	2.92577	2.92356	2.7617	1.85954	4.68864	
165009	6.86612e+17	2.79355e+17	1.22247e+17	7.73464e+16	1.54693e+17	2.32039e+17	3.09386e+17	3.86732e+17	4.64078e+17	5.41425e+17	6.18771e+17	6.96077e+17	7.60737e+17	6.89291e+17	8.60203e+15	5.72159e+15	5.24922e+15	2.29707e+15	1.45338e+15	2.90675e+15	4.36013e+15	5.8135e+15	7.26688e+15	8.72026e+15	1.01736e+16	1.1627e+16	1.30808e+16	2.22412e+16	1.15027e+17	4.53997e+17	3.06109	2.92823	2.92823	2.92823	2.92823	2.92823	2.92823	2.92823	2.92823	2.92823	2.92823	2.92594	2.76396	1.859	4.68862	
165260	6.86613e+17	2.79356e+17	1.22247e+17	7.73466e+16	1.54693e+17	2.3204e+17	3.09386e+17	3.86733e+17	4.64079e+17	5.41426e+17	6.18773e+17	6.96078e+17	7.60719e+17	6.89581e+17	8.60209e+15	5.72118e+15	5.2488e+15	2.29689e+15	1.45326e+15	2.90652e+15	4.35978e+15	5.81304e+15	7.2663e+15	8.71956e+15	1.01728e+16	1.16261e+16	1.30798e+16	2.22526e+16	1.14853e+17	4.53997e+17	3.06334	2.9307	2.9307	2.9307	2.9307	2.9307	2.9307	2.9307	2.9307	2.9307	2.9307	2.92831	2.76622	1.85846	4.68859	
165512	6.86614e+17	2.79357e+17	1.22247e+17	7.73468e+16	1.54694e+17	2.3204e+17	3.09387e+17	3.86734e+17	4.64081e+17	5.41427e+17	6.18774e+17	6.96079e+17	7.607e+17	6.89871e+17	8.60215e+15	5.72078e+15	5.24838e+15	2.2967e+15	1.45314e+15	2.90629e+15	4.35943e+15	5.81258e+15	7.26572e+15	8.71886e+15	1.0172e+16	1.16252e+16	1.30788e+16	2.2264e+16	1.14678e+17	4.53997e+17	3.06559	2.93316	2.93316	2.93316	2.93316	2.93316	2.93316	2.93316	2.93316	2.93316	2.93316	2.93068	2.76848	1.85793	4.68856	
165764	6.86614e+17	2.79357e+17	1.22247e+17	7.7347e+16	1.54694e+17	2.32041e+17	3.09388e+17	3.86735e+17	4.64082e+17	5.41429e+17	6.18776e+17	6.9608e+17	7.60681e+17	6.90161e+17	8.60221e+15	5.72037e+15	5.24796e+15	2.29652e+15	1.45303e+15	2.90606e+15	4.35908e+15	5.81211e+15	7.26514e+15	8.71817e+15	1.01712e+16	1.16242e+16	1.30779e+16	2.22755e+16	1.14504e+17	4.53997e+17	3.06783	2.93562	2.93562	2.93562	2.93562	2.93562	2.93562	2.93562	2.93562	2.93562	2.93562	2.93304	2.77073	1.8574	4.68854	
166015	6.86615e+17	2.79358e+17	1.22248e+17	7.73471e+16	1.54694e+17	2.32041e+17	3.09389e+17	3.86736e+17	4.64083e+17	5.4143e+17	6.18777e+17	6.96081e+17	7.60662e+17	6.90449e+17	8.60227e+15	5.71997e+15	5.24755e+15	2.29634e+15	1.45291e+15	2.90583e+15	4.35874e+15	5.81165e+15	7.26456e+15	8.71748e+15	1.01704e+16	1.16233e+16	1.3077e+16	2.22869e+16	1.1433e+17	4.53997e+17	3.07006	2.93807	2.93807	2.93807	2.93807	2.93807	2.93807	2.93807	2.93807	2.93807	2.93807	2.9354	2.77298	1.85687	4.68851	
166267	6.86616e+17	2.79359e+17	1.22248e+17	7.73473e+16	1.54695e+17	2.32042e+17	3.09389e+17	3.86737e+17	4.64084e+17	5.41431e+17	6.18779e+17	6.96082e+17	7.60643e+17	6.90737e+17	8.60234e+15	5.71957e+15	5.24713e+15	2.29616e+15	1.4528e+15	2.9056e+15	4.35839e+15	5.81119e+15	7.26399e+15	8.71679e+15	1.01696e+16	1.16224e+16	1.3076e+16	2.22984e+16	1.14157e+17	4.53997e+17	3.07229	2.94052	2.94052	2.94052	2.94052	2.94052	2.94052	2.94052	2.94052	2.94052	2.94052	2.93776	2.77522	1.85634	4.68848	
166519	6.86617e+17	2.79359e+17	1.22248e+17	7.73475e+16	1.54695e+17	2.32043e+17	3.0939e+17	3.86738e+17	4.64085e+17	5.41433e+17	6.1878e+17	6.96083e+17	7.60624e+17	6.91025e+17	8.6024e+15	5.71917e+15	5.24672e+15	2.29598e+15	1.45268e+15	2.90537e+15	4.35805e+15	5.81073e+15	7.26341e+15	8.7161e+15	1.01688e+16	1.16215e+16	1.30751e+16	2.23098e+16	1.13984e+17	4.53997e+17	3.07451	2.94297	2.94297	2.94297	2.94297	2.94297	2.94297	2.94297	2.94297	2.94297	2.94297	2.94011	2.77746	1.85582	4.68845	
166770	6.86617e+17	2.7936e+17	1.22249e+17	7.73477e+16	1.54695e+17	2.32043e+17	3.09391e+17	3.86739e+17	4.64086e+17	5.41434e+17	6.18782e+17	6.96084e+17	7.60605e+17	6.91312e+17	8.60247e+15	5.71877e+15	5.2463e+15	2.2958e+15	1.45257e+15	2.90514e+15	4.35771e+15	5.81027e+15	7.26284e+15	8.71541e+15	1.0168e+16	1.16205e+16	1.30742e+16	2.23213e+16	1.13811e+17	4.53997e+17	3.07673	2.94541	2.94541	2.94541	2.94541	2.94541	2.94541	2.94541	2.94541	2.94541	2.94541	2.94245	2.7797	1.8553	4.68842	
167022	6.86618e+17	2.79361e+17	1.22249e+17	7.73479e+16	1.54696e+17	2.32044e+17	3.09392e+17	3.86739e+17	4.64087e+17	5.41435e+17	6.18783e+17	6.96084e+17	7.60586e+17	6.91598e+17	8.60254e+15	5.71838e+15	5.24589e+15	2.29561e+15	1.45245e+15	2.90491e+15	4.35736e+15	5.80982e+15	7.26227e+15	8.71472e+15	1.01672e+16	1.16196e+16	1.30734e+16	2.23328e+16	1.13638e+17	4.53997e+17	3.07893	2.94785	2.94785	2.94785	2.94785	2.94785	2.94785	2.94785	2.94785	2.94785	2.94785	2.9448	2.78193	1.85478	4.68839	
167274	6.86619e+17	2.79361e+17	1.22249e+17	7.73481e+16	1.54696e+17	2.32044e+17	3.09392e+17	3.8674e+17	4.64088e+17	5.41437e+17	6.18785e+17	6.96085e+17	7.60567e+17	6.91884e+17	8.60261e+15	5.71798e+15	5.24548e+15	2.29543e+15	1.45234e+15	2.90468e+15	4.35702e+15	5.80936e+15	7.2617e+15	8.71404e+15	1.01664e+16	1.16187e+16	1.30726e+16	2.23443e+16	1.13466e+17	4.53997e+17	3.08114	2.95029	2.95029	2.95029	2.95029	2.95029	2.95029	2.95029	2.95029	2.95029	2.95029	2.94714	2.78416	1.85426	4.68836	
167526	6.8662e+17	2.79362e+17	1.2225e+17	7.73483e+16	1.54697e+17	2.32045e+17	3.09393e+17	3.86741e+17	4.6409e+17	5.41438e+17	6.18786e+17	6.96086e+17	7.60548e+17	6.9217e+17	8.60268e+15	5.71758e+15	5.24507e+15	2.29525e+15	1.45223e+15	2.90445e+15	4.35668e+15	5.80891e+15	7.26113e+15	8.71336e+15	1.01656e+16	1.16178e+16	1.30718e+16	2.23559e+16	1.13294e+17	4.53997e+17	3.08333	2.95273	2.95273	2.95273	2.95273	2.95273	2.95273	2.95273	2.95273	2.95273	2.95273	2.94947	2.78638	1.85375	4.68833	
167777	6.8662e+17	2.79363e+17	1.2225e+17	7.73485e+16	1.54697e+17	2.32045e+17	3.09394e+17	3.86742e+17	4.64091e+17	5.41439e+17	6.18788e+17	6.96087e+17	7.60528e+17	6.92454e+17	8.60275e+15	5.71719e+15	5.24466e+15	2.29508e+15	1.45211e+15	2.90423e+15	4.35634e+15	5.80845e+15	7.26056e+15	8.71268e+15	1.01648e+16	1.16169e+16	1.3071e+16	2.23674e+16	1.13123e+17	4.53997e+17	3.08552	2.95516	2.95516	2.95516	2.95516	2.95516	2.95516	2.95516	2.95516	2.95516	2.95516	2.9518	2.7886	1.85324	4.6883	
168029	6.86621e+17	2.79363e+17	1.2225e+17	7.73486e+16	1.54697e+17	2.32046e+17	3.09395e+17	3.86743e+17	4.64092e+17	5.4144e+17	6.18789e+17	6.96087e+17	7.60509e+17	6.92738e+17	8.60282e+15	5.7168e+15	5.24425e+15	2.2949e+15	1.452e+15	2.904e+15	4.356e+15	5.808e+15	7.26e+15	8.712e+15	1.0164e+16	1.1616e+16	1.30702e+16	2.2379e+16	1.12952e+17	4.53997e+17	3.0877	2.95759	2.95759	2.95759	2.95759	2.95759	2.95759	2.95759	2.95759	2.95759	2.95759	2.95413	2.79082	1.85273	4.68826	
168281	6.86622e+17	2.79364e+17	1.2225e+17	7.73488e+16	1.54698e+17	2.32046e+17	3.09395e+17	3.86744e+17	4.64093e+17	5.41442e+17	6.18791e+17	6.96088e+17	7.6049e+17	6.93022e+17	8.6029e+15	5.71641e+15	5.24384e+15	2.29472e+15	1.45189e+15	2.90377e+15	4.35566e+15	5.80755e+15	7.25943e+15	8.71132e+15	1.01632e+16	1.16151e+16	1.30696e+16	2.23906e+16	1.12781e+17	4.53997e+17	3.08987	2.96001	2.96001	2.96001	2.96001	2.96001	2.96001	2.96001	2.96001	2.96001	2.96001	2.95645	2.79303	1.85223	4.68823	
168533	6.86623e+17	2.79365e+17	1.22251e+17	7.7349e+16	1.54698e+17	2.32047e+17	3.09396e+17	3.86745e+17	4.64094e+17	5.41443e+17	6.18792e+17	6.96089e+17	7.60471e+17	6.93305e+17	8.60298e+15	5.71601e+15	5.24343e+15	2.29454e+15	1.45177e+15	2.90355e+15	4.35532e+15	5.8071e+15	7.25887e+15	8.71065e+15	1.01624e+16	1.16142e+16	1.30689e+16	2.24022e+16	1.1261e+17	4.53997e+17	3.09203	2.96244	2.96244	2.96244	2.96244	2.96244	2.96244	2.96244	2.96244	2.96244	2.96244	2.95877	2.79524	1.85173	4.6882	
168785	6.86623e+17	2.79365e+17	1.22251e+17	7.73492e+16	1.54698e+17	2.32048e+17	3.09397e+17	3.86746e+17	4.64095e+17	5.41444e+17	6.18794e+17	6.96089e+17	7.60452e+17	6.93587e+17	8.60305e+15	5.71562e+15	5.24303e+15	2.29436e+15	1.45166e+15	2.90332e+15	4.35499e+15	5.80665e+15	7.25831e+15	8.70997e+15	1.01616e+16	1.16133e+16	1.30683e+16	2.24138e+16	1.1244e+17	4.53997e+17	3.09419	2.96486	2.96486	2.96486	2.96486	2.96486	2.96486	2.96486	2.96486	2.96486	2.96486	2.96108	2.79744	1.85123	4.68816	
169037	6.86624e+17	2.79366e+17	1.22251e+17	7.73494e+16	1.54699e+17	2.32048e+17	3.09398e+17	3.86747e+17	4.64096e+17	5.41446e+17	6.18795e+17	6.96089e+17	7.60433e+17	6.93869e+17	8.60313e+15	5.71524e+15	5.24262e+15	2.29419e+15	1.45155e+15	2.9031e+15	4.35465e+15	5.8062e+15	7.25775e+15	8.7093e+15	1.01608e+16	1.16124e+16	1.30677e+16	2.24255e+16	1.1227e+17	4.53997e+17	3.09634	2.96727	2.96727	2.96727	2.96727	2.96727	2.96727	2.96727	2.96727	2.96727	2.96727	2.96339	2.79964	1.85073	4.68813	
169289	6.86625e+17	2.79367e+17	1.22252e+17	7.73496e+16	1.54699e+17	2.32049e+17	3.09398e+17	3.86748e+17	4.64097e+17	5.41447e+17	6.18796e+17	6.9609e+17	7.60413e+17	6.94151e+17	8.60321e+15	5.71485e+15	5.24222e+15	2.29401e+15	1.45144e+15	2.90288e+15	4.35431e+15	5.80575e+15	7.25719e+15	8.70863e+15	1.01601e+16	1.16115e+16	1.30672e+16	2.24371e+16	1.12101e+17	4.53997e+17	3.09849	2.96969	2.96969	2.96969	2.96969	2.96969	2.96969	2.96969	2.96969	2.96969	2.96969	2.9657	2.80184	1.85024	4.68809	
169541	6.86626e+17	2.79367e+17	1.22252e+17	7.73497e+16	1.54699e+17	2.32049e+17	3.09399e+17	3.86749e+17	4.64098e+17	5.41448e+17	6.18798e+17	6.9609e+17	7.60394e+17	6.94431e+17	8.6033e+15	5.71446e+15	5.24182e+15	2.29383e+15	1.45133e+15	2.90265e+15	4.35398e+15	5.80531e+15	7.25663e+15	8.70796e+15	1.01593e+16	1.16106e+16	1.30668e+16	2.24488e+16	1.11931e+17	4.53997e+17	3.10063	2.97209	2.97209	2.97209	2.97209	2.97209	2.97209	2.97209	2.97209	2.97209	2.97209	2.968	2.80403	1.84975	4.68806	
169793	6.86626e+17	2.79368e+17	1.22252e+17	7.73499e+16	1.547e+17	2.3205e+17	3.094e+17	3.8675e+17	4.641e+17	5.41449e+17	6.18799e+17	6.9609e+17	7.60375e+17	6.94711e+17	8.60338e+15	5.71408e+15	5.24141e+15	2.29366e+15	1.45122e+15	2.90243e+15	4.35365e+15	5.80486e+15	7.25608e+15	8.70729e+15	1.01585e+16	1.16097e+16	1.30664e+16	2.24605e+16	1.11762e+17	4.53997e+17	3.10276	2.9745	2.9745	2.9745	2.9745	2.9745	2.9745	2.9745	2.9745	2.9745	2.9745	2.9703	2.80622	1.84926	4.68802	
170045	6.86627e+17	2.79369e+17	1.22252e+17	7.73501e+16	1.547e+17	2.3205e+17	3.094e+17	3.86751e+17	4.64101e+17	5.41451e+17	6.18801e+17	6.9609e+17	7.60355e+17	6.94991e+17	8.60347e+15	5.71369e+15	5.24101e+15	2.29348e+15	1.4511e+15	2.90221e+15	4.35331e+15	5.80442e+15	7.25552e+15	8.70663e+15	1.01577e+16	1.16088e+16	1.30661e+16	2.24722e+16	1.11594e+17	4.53997e+17	3.10488	2.9769	2.9769	2.9769	2.9769	2.9769	2.9769	2.9769	2.9769	2.9769	2.9769	2.97259	2.80841	1.84877	4.68798	
170297	6.86628e+17	2.79369e+17	1.22253e+17	7.73503e+16	1.54701e+17	2.32051e+17	3.09401e+17	3.86751e+17	4.64102e+17	5.41452e+17	6.18802e+17	6.9609e+17	7.60336e+17	6.9527e+17	8.60355e+15	5.71331e+15	5.24061e+15	2.29331e+15	1.45099e+15	2.90199e+15	4.35298e+15	5.80397e+15	7.25497e+15	8.70596e+15	1.0157e+16	1.16079e+16	1.30659e+16	2.2484e+16	1.11426e+17	4.53997e+17	3.107	2.9793	2.9793	2.9793	2.9793	2.9793	2.9793	2.9793	2.9793	2.9793	2.9793	2.97488	2.81059	1.84829	4.68795	
170549	6.86629e+17	2.7937e+17	1.22253e+17	7.73505e+16	1.54701e+17	2.32051e+17	3.09402e+17	3.86752e+17	4.64103e+17	5.41453e+17	6.18804e+17	6.9609e+17	7.60317e+17	6.95549e+17	8.60364e+15	5.71293e+15	5.24022e+15	2.29313e+15	1.45088e+15	2.90177e+15	4.35265e+15	5.80353e+15	7.25442e+15	8.7053e+15	1.01562e+16	1.16071e+16	1.30657e+16	2.24957e+16	1.11258e+17	4.53997e+17	3.10911	2.9817	2.9817	2.9817	2.9817	2.9817	2.9817	2.9817	2.9817	2.9817	2.9817	2.97716	2.81277	1.84781	4.68791	
170801	6.86629e+17	2.79371e+17	1.22253e+17	7.73506e+16	1.54701e+17	2.32052e+17	3.09403e+17	3.86753e+17	4.64104e+17	5.41455e+17	6.18805e+17	6.96089e+17	7.60297e+17	6.95827e+17	8.60373e+15	5.71255e+15	5.23982e+15	2.29296e+15	1.45077e+15	2.90155e+15	4.35232e+15	5.80309e+15	7.25386e+15	8.70464e+15	1.01554e+16	1.16062e+16	1.30656e+16	2.25075e+16	1.1109e+17	4.53997e+17	3.11122	2.98409	2.98409	2.98409	2.98409	2.98409	2.98409	2.98409	2.98409	2.98409	2.98409	2.97945	2.81494	1.84733	4.68787	
171053	6.8663e+17	2.79371e+17	1.22254e+17	7.73508e+16	1.54702e+17	2.32052e+17	3.09403e+17	3.86754e+17	4.64105e+17	5.41456e+17	6.18807e+17	6.96089e+17	7.60278e+17	6.96104e+17	8.60382e+15	5.71217e+15	5.23942e+15	2.29278e+15	1.45066e+15	2.90133e+15	4.35199e+15	5.80265e+15	7.25332e+15	8.70398e+15	1.01546e+16	1.16053e+16	1.30656e+16	2.25194e+16	1.10923e+17	4.53997e+17	3.11332	2.98648	2.98648	2.98648	2.98648	2.98648	2.98648	2.98648	2.98648	2.98648	2.98648	2.98172	2.81712	1.84686	4.68783	
171305	6.86631e+17	2.79372e+17	1.22254e+17	7.7351e+16	1.54702e+17	2.32053e+17	3.09404e+17	3.86755e+17	4.64106e+17	5.41457e+17	6.18808e+17	6.96088e+17	7.60258e+17	6.96381e+17	8.60392e+15	5.71179e+15	5.23902e+15	2.29261e+15	1.45055e+15	2.90111e+15	4.35166e+15	5.80221e+15	7.25277e+15	8.70332e+15	1.01539e+16	1.16044e+16	1.30657e+16	2.25312e+16	1.10756e+17	4.53997e+17	3.11541	2.98887	2.98887	2.98887	2.98887	2.98887	2.98887	2.98887	2.98887	2.98887	2.98887	2.98399	2.81928	1.84638	4.68779	
171557	6.86631e+17	2.79373e+17	1.22254e+17	7.73512e+16	1.54702e+17	2.32054e+17	3.09405e+17	3.86756e+17	4.64107e+17	5.41458e+17	6.18809e+17	6.96087e+17	7.60239e+17	6.96657e+17	8.60401e+15	5.71142e+15	5.23863e+15	2.29244e+15	1.45044e+15	2.90089e+15	4.35133e+15	5.80178e+15	7.25222e+15	8.70266e+15	1.01531e+16	1.16036e+16	1.30659e+16	2.2543e+16	1.10589e+17	4.53997e+17	3.1175	2.99125	2.99125	2.99125	2.99125	2.99125	2.99125	2.99125	2.99125	2.99125	2.99125	2.98626	2.82145	1.84591	4.68775	
171809	6.86632e+17	2.79373e+17	1.22254e+17	7.73514e+16	1.54703e+17	2.32054e+17	3.09405e+17	3.86757e+17	4.64108e+17	5.4146e+17	6.18811e+17	6.96086e+17	7.60219e+17	6.96933e+17	8.60411e+15	5.71104e+15	5.23823e+15	2.29227e+15	1.45033e+15	2.90067e+15	4.351e+15	5.80134e+15	7.25167e+15	8.70201e+15	1.01523e+16	1.16027e+16	1.30662e+16	2.25549e+16	1.10423e+17	4.53997e+17	3.11958	2.99363	2.99363	2.99363	2.99363	2.99363	2.99363	2.99363	2.99363	2.99363	2.99363	2.98853	2.82361	1.84545	4.6877	
172061	6.86633e+17	2.79374e+17	1.22255e+17	7.73515e+16	1.54703e+17	2.32055e+17	3.09406e+17	3.86758e+17	4.64109e+17	5.41461e+17	6.18812e+17	6.96085e+17	7.602e+17	6.97208e+17	8.60421e+15	5.71067e+15	5.23784e+15	2.29209e+15	1.45023e+15	2.90045e+15	4.35068e+15	5.8009e+15	7.25113e+15	8.70136e+15	1.01516e+16	1.16018e+16	1.30666e+16	2.25668e+16	1.10256e+17	4.53997e+17	3.12166	2.996	2.996	2.996	2.996	2.996	2.996	2.996	2.996	2.996	2.996	2.99079	2.82576	1.84498	4.68766	
172313	6.86634e+17	2.79374e+17	1.22255e+17	7.73517e+16	1.54703e+17	2.32055e+17	3.09407e+17	3.86759e+17	4.6411e+17	5.41462e+17	6.18814e+17	6.96084e+17	7.6018e+17	6.97483e+17	8.60431e+15	5.71029e+15	5.23745e+15	2.29192e+15	1.45012e+15	2.90023e+15	4.35035e+15	5.80047e+15	7.25059e+15	8.7007e+15	1.01508e+16	1.16009e+16	1.30671e+16	2.25788e+16	1.10091e+17	4.53997e+17	3.12373	2.99837	2.99837	2.99837	2.99837	2.99837	2.99837	2.99837	2.99837	2.99837	2.99837	2.99304	2.82792	1.84452	4.68762	
172565	6.86634e+17	2.79375e+17	1.22255e+17	7.73519e+16	1.54704e+17	2.32056e+17	3.09408e+17	3.86759e+17	4.64111e+17	5.41463e+17	6.18815e+17	6.96083e+17	7.6016e+17	6.97757e+17	8.60441e+15	5.70992e+15	5.23706e+15	2.29175e+15	1.45001e+15	2.90002e+15	4.35003e+15	5.80004e+15	7.25005e+15	8.70005e+15	1.01501e+16	1.16001e+16	1.30677e+16	2.25907e+16	1.09925e+17	4.53997e+17	3.12579	3.00074	3.00074	3.00074	3.00074	3.00074	3.00074	3.00074	3.00074	3.00074	3.00074	2.99529	2.83007	1.84406	4.68757	
172818	6.86635e+17	2.79376e+17	1.22256e+17	7.73521e+16	1.54704e+17	2.32056e+17	3.09408e+17	3.8676e+17	4.64112e+17	5.41465e+17	6.18817e+17	6.96081e+17	7.6014e+17	6.98031e+17	8.60452e+15	5.70955e+15	5.23667e+15	2.29158e+15	1.4499e+15	2.8998e+15	4.3497e+15	5.7996e+15	7.2495e+15	8.69941e+15	1.01493e+16	1.15992e+16	1.30685e+16	2.26027e+16	1.0976e+17	4.53997e+17	3.12786	3.0031	3.0031	3.0031	3.0031	3.0031	3.0031	3.0031	3.0031	3.0031	3.0031	2.99754	2.83221	1.8436	4.68753	
173070	6.86636e+17	2.79376e+17	1.22256e+17	7.73523e+16	1.54705e+17	2.32057e+17	3.09409e+17	3.86761e+17	4.64114e+17	5.41466e+17	6.18818e+17	6.96079e+17	7.60121e+17	6.98304e+17	8.60462e+15	5.70918e+15	5.23628e+15	2.29141e+15	1.44979e+15	2.89959e+15	4.34938e+15	5.79917e+15	7.24897e+15	8.69876e+15	1.01486e+16	1.15983e+16	1.30694e+16	2.26147e+16	1.09595e+17	4.53997e+17	3.12991	3.00546	3.00546	3.00546	3.00546	3.00546	3.00546	3.00546	3.00546	3.00546	3.00546	2.99978	2.83436	1.84315	4.68748	
173322	6.86636e+17	2.79377e+17	1.22256e+17	7.73524e+16	1.54705e+17	2.32057e+17	3.0941e+17	3.86762e+17	4.64115e+17	5.41467e+17	6.18819e+17	6.96077e+17	7.60101e+17	6.98576e+17	8.60473e+15	5.70882e+15	5.23589e+15	2.29124e+15	1.44969e+15	2.89937e+15	4.34906e+15	5.79874e+15	7.24843e+15	8.69811e+15	1.01478e+16	1.15975e+16	1.30703e+16	2.26268e+16	1.09431e+17	4.53997e+17	3.13196	3.00781	3.00781	3.00781	3.00781	3.00781	3.00781	3.00781	3.00781	3.00781	3.00781	3.00202	2.8365	1.8427	4.68744	
173574	6.86637e+17	2.79378e+17	1.22256e+17	7.73526e+16	1.54705e+17	2.32058e+17	3.0941e+17	3.86763e+17	4.64116e+17	5.41468e+17	6.18821e+17	6.96075e+17	7.60081e+17	6.98848e+17	8.60484e+15	5.70845e+15	5.2355e+15	2.29107e+15	1.44958e+15	2.89916e+15	4.34873e+15	5.79831e+15	7.24789e+15	8.69747e+15	1.0147e+16	1.15966e+16	1.30715e+16	2.26389e+16	1.09267e+17	4.53997e+17	3.134	3.01016	3.01016	3.01016	3.01016	3.01016	3.01016	3.01016	3.01016	3.01016	3.01016	3.00425	2.83863	1.84225	4.68739	
173826	6.86638e+17	2.79378e+17	1.22257e+17	7.73528e+16	1.54706e+17	2.32058e+17	3.09411e+17	3.86764e+17	4.64117e+17	5.41469e+17	6.18822e+17	6.96072e+17	7.60061e+17	6.9912e+17	8.60495e+15	5.70809e+15	5.23512e+15	2.2909e+15	1.44947e+15	2.89894e+15	4.34841e+15	5.79788e+15	7.24736e+15	8.69683e+15	1.01463e+16	1.15958e+16	1.30727e+16	2.2651e+16	1.09103e+17	4.53997e+17	3.13605	3.01251	3.01251	3.01251	3.01251	3.01251	3.01251	3.01251	3.01251	3.01251	3.01251	3.00648	2.84076	1.8418	4.68734	
174079	6.86638e+17	2.79379e+17	1.22257e+17	7.7353e+16	1.54706e+17	2.32059e+17	3.09412e+17	3.86765e+17	4.64118e+17	5.41471e+17	6.18824e+17	6.9607e+17	7.60041e+17	6.99391e+17	8.60507e+15	5.70772e+15	5.23473e+15	2.29073e+15	1.44936e+15	2.89873e+15	4.34809e+15	5.79746e+15	7.24682e+15	8.69619e+15	1.01456e+16	1.15949e+16	1.30741e+16	2.26631e+16	1.08939e+17	4.53997e+17	3.13808	3.01485	3.01485	3.01485	3.01485	3.01485	3.01485	3.01485	3.01485	3.01485	3.01485	3.00871	2.84289	1.84136	4.68729	
174331	6.86639e+17	2.7938e+17	1.22257e+17	7.73531e+16	1.54706e+17	2.32059e+17	3.09413e+17	3.86766e+17	4.64119e+17	5.41472e+17	6.18825e+17	6.96067e+17	7.60021e+17	6.99661e+17	8.60518e+15	5.70736e+15	5.23435e+15	2.29056e+15	1.44926e+15	2.89852e+15	4.34777e+15	5.79703e+15	7.24629e+15	8.69555e+15	1.01448e+16	1.15941e+16	1.30757e+16	2.26753e+16	1.08776e+17	4.53997e+17	3.14011	3.01719	3.01719	3.01719	3.01719	3.01719	3.01719	3.01719	3.01719	3.01719	3.01719	3.01093	2.84502	1.84092	4.68724	
174583	6.8664e+17	2.7938e+17	1.22257e+17	7.73533e+16	1.54707e+17	2.3206e+17	3.09413e+17	3.86767e+17	4.6412e+17	5.41473e+17	6.18826e+17	6.96064e+17	7.60001e+17	6.99931e+17	8.6053e+15	5.707e+15	5.23396e+15	2.2904e+15	1.44915e+15	2.8983e+15	4.34745e+15	5.79661e+15	7.24576e+15	8.69491e+15	1.01441e+16	1.15932e+16	1.30773e+16	2.26875e+16	1.08613e+17	4.53997e+17	3.14214	3.01952	3.01952	3.01952	3.01952	3.01952	3.01952	3.01952	3.01952	3.01952	3.01952	3.01314	2.84714	1.84048	4.68719	
174835	6.8664e+17	2.79381e+17	1.22258e+17	7.73535e+16	1.54707e+17	2.3206e+17	3.09414e+17	3.86767e+17	4.64121e+17	5.41474e+17	6.18828e+17	6.9606e+17	7.59981e+17	7.002e+17	8.60542e+15	5.70664e+15	5.23358e+15	2.29023e+15	1.44905e+15	2.89809e+15	4.34714e+15	5.79618e+15	7.24523e+15	8.69427e+15	1.01433e+16	1.15924e+16	1.30792e+16	2.26998e+16	1.0845e+17	4.53997e+17	3.14416	3.02185	3.02185	3.02185	3.02185	3.02185	3.02185	3.02185	3.02185	3.02185	3.02185	3.01535	2.84926	1.84004	4.68714	
175088	6.86641e+17	2.79381e+17	1.22258e+17	7.73537e+16	1.54707e+17	2.32061e+17	3.09415e+17	3.86768e+17	4.64122e+17	5.41476e+17	6.18829e+17	6.96057e+17	7.59961e+17	7.00469e+17	8.60554e+15	5.70628e+15	5.2332e+15	2.29006e+15	1.44894e+15	2.89788e+15	4.34682e+15	5.79576e+15	7.2447e+15	8.69364e+15	1.01426e+16	1.15915e+16	1.30811e+16	2.27121e+16	1.08288e+17	4.53997e+17	3.14618	3.02418	3.02418	3.02418	3.02418	3.02418	3.02418	3.02418	3.02418	3.02418	3.02418	3.01756	2.85137	1.83961	4.68709	
175340	6.86642e+17	2.79382e+17	1.22258e+17	7.73538e+16	1.54708e+17	2.32061e+17	3.09415e+17	3.86769e+17	4.64123e+17	5.41477e+17	6.18831e+17	6.96053e+17	7.5994e+17	7.00737e+17	8.60567e+15	5.70592e+15	5.23282e+15	2.28989e+15	1.44883e+15	2.89767e+15	4.3465e+15	5.79534e+15	7.24417e+15	8.69301e+15	1.01418e+16	1.15907e+16	1.30833e+16	2.27244e+16	1.08126e+17	4.53997e+17	3.14819	3.0265	3.0265	3.0265	3.0265	3.0265	3.0265	3.0265	3.0265	3.0265	3.0265	3.01976	2.85348	1.83917	4.68703	
175592	6.86643e+17	2.79383e+17	1.22259e+17	7.7354e+16	1.54708e+17	2.32062e+17	3.09416e+17	3.8677e+17	4.64124e+17	5.41478e+17	6.18832e+17	6.96049e+17	7.5992e+17	7.01005e+17	8.60579e+15	5.70557e+15	5.23244e+15	2.28973e+15	1.44873e+15	2.89746e+15	4.34619e+15	5.79492e+15	7.24365e+15	8.69238e+15	1.01411e+16	1.15898e+16	1.30856e+16	2.27368e+16	1.07964e+17	4.53997e+17	3.1502	3.02881	3.02881	3.02881	3.02881	3.02881	3.02881	3.02881	3.02881	3.02881	3.02881	3.02196	2.85559	1.83875	4.68698	
175845	6.86643e+17	2.79383e+17	1.22259e+17	7.73542e+16	1.54708e+17	2.32063e+17	3.09417e+17	3.86771e+17	4.64125e+17	5.41479e+17	6.18833e+17	6.96045e+17	7.599e+17	7.01272e+17	8.60592e+15	5.70521e+15	5.23206e+15	2.28956e+15	1.44862e+15	2.89725e+15	4.34587e+15	5.7945e+15	7.24312e+15	8.69175e+15	1.01404e+16	1.1589e+16	1.3088e+16	2.27492e+16	1.07803e+17	4.53997e+17	3.15221	3.03113	3.03113	3.03113	3.03113	3.03113	3.03113	3.03113	3.03113	3.03113	3.03113	3.02416	2.85769	1.83832	4.68693	
176097	6.86644e+17	2.79384e+17	1.22259e+17	7.73543e+16	1.54709e+17	2.32063e+17	3.09417e+17	3.86772e+17	4.64126e+17	5.4148e+17	6.18835e+17	6.9604e+17	7.59879e+17	7.01538e+17	8.60605e+15	5.70486e+15	5.23168e+15	2.2894e+15	1.44852e+15	2.89704e+15	4.34556e+15	5.79408e+15	7.2426e+15	8.69112e+15	1.01396e+16	1.15882e+16	1.30906e+16	2.27616e+16	1.07642e+17	4.53997e+17	3.15421	3.03343	3.03343	3.03343	3.03343	3.03343	3.03343	3.03343	3.03343	3.03343	3.03343	3.02634	2.8598	1.83789	4.68687	
176350	6.86645e+17	2.79385e+17	1.22259e+17	7.73545e+16	1.54709e+17	2.32064e+17	3.09418e+17	3.86773e+17	4.64127e+17	5.41482e+17	6.18836e+17	6.96035e+17	7.59859e+17	7.01804e+17	8.60619e+15	5.70451e+15	5.2313e+15	2.28923e+15	1.44842e+15	2.89683e+15	4.34525e+15	5.79366e+15	7.24208e+15	8.69049e+15	1.01389e+16	1.15873e+16	1.30933e+16	2.27741e+16	1.07481e+17	4.53997e+17	3.15621	3.03574	3.03574	3.03574	3.03574	3.03574	3.03574	3.03574	3.03574	3.03574	3.03574	3.02853	2.86189	1.83747	4.68681	
176602	6.86645e+17	2.79385e+17	1.2226e+17	7.73547e+16	1.54709e+17	2.32064e+17	3.09419e+17	3.86773e+17	4.64128e+17	5.41483e+17	6.18837e+17	6.9603e+17	7.59838e+17	7.0207e+17	8.60632e+15	5.70416e+15	5.23093e+15	2.28907e+15	1.44831e+15	2.89662e+15	4.34493e+15	5.79324e+15	7.24156e+15	8.68987e+15	1.01382e+16	1.15865e+16	1.30962e+16	2.27867e+16	1.0732e+17	4.53997e+17	3.1582	3.03803	3.03803	3.03803	3.03803	3.03803	3.03803	3.03803	3.03803	3.03803	3.03803	3.03071	2.86399	1.83705	4.68676	
176854	6.86646e+17	2.79386e+17	1.2226e+17	7.73548e+16	1.5471e+17	2.32065e+17	3.09419e+17	3.86774e+17	4.64129e+17	5.41484e+17	6.18839e+17	6.96025e+17	7.59817e+17	7.02335e+17	8.60646e+15	5.70381e+15	5.23055e+15	2.2889e+15	1.44821e+15	2.89641e+15	4.34462e+15	5.79283e+15	7.24104e+15	8.68924e+15	1.01375e+16	1.15857e+16	1.30993e+16	2.27993e+16	1.0716e+17	4.53997e+17	3.1602	3.04032	3.04032	3.04032	3.04032	3.04032	3.04032	3.04032	3.04032	3.04032	3.04032	3.03288	2.86608	1.83664	4.6867	
177107	6.86647e+17	2.79386e+17	1.2226e+17	7.7355e+16	1.5471e+17	2.32065e+17	3.0942e+17	3.86775e+17	4.6413e+17	5.41485e+17	6.1884e+17	6.96019e+17	7.59797e+17	7.02599e+17	8.6066e+15	5.70346e+15	5.23018e+15	2.28874e+15	1.4481e+15	2.89621e+15	4.34431e+15	5.79241e+15	7.24052e+15	8.68862e+15	1.01367e+16	1.15848e+16	1.31025e+16	2.28119e+16	1.07e+17	4.53997e+17	3.16218	3.04261	3.04261	3.04261	3.04261	3.04261	3.04261	3.04261	3.04261	3.04261	3.04261	3.03505	2.86817	1.83622	4.68664	
177359	6.86647e+17	2.79387e+17	1.2226e+17	7.73552e+16	1.5471e+17	2.32066e+17	3.09421e+17	3.86776e+17	4.64131e+17	5.41486e+17	6.18842e+17	6.96014e+17	7.59776e+17	7.02863e+17	8.60674e+15	5.70312e+15	5.2298e+15	2.28858e+15	1.448e+15	2.896e+15	4.344e+15	5.792e+15	7.24e+15	8.688e+15	1.0136e+16	1.1584e+16	1.31059e+16	2.28246e+16	1.06841e+17	4.53997e+17	3.16417	3.04489	3.04489	3.04489	3.04489	3.04489	3.04489	3.04489	3.04489	3.04489	3.04489	3.03722	2.87025	1.83581	4.68658	
177612	6.86648e+17	2.79388e+17	1.22261e+17	7.73554e+16	1.54711e+17	2.32066e+17	3.09421e+17	3.86777e+17	4.64132e+17	5.41487e+17	6.18843e+17	6.96008e+17	7.59755e+17	7.03126e+17	8.60689e+15	5.70277e+15	5.22943e+15	2.28841e+15	1.4479e+15	2.89579e+15	4.34369e+15	5.79159e+15	7.23949e+15	8.68738e+15	1.01353e+16	1.15832e+16	1.31094e+16	2.28374e+16	1.06681e+17	4.53997e+17	3.16615	3.04717	3.04717	3.04717	3.04717	3.04717	3.04717	3.04717	3.04717	3.04717	3.04717	3.03938	2.87233	1.8354	4.68652	
177864	6.86648e+17	2.79388e+17	1.22261e+17	7.73555e+16	1.54711e+17	2.32067e+17	3.09422e+17	3.86778e+17	4.64133e+17	5.41489e+17	6.18844e+17	6.96001e+17	7.59734e+17	7.03389e+17	8.60703e+15	5.70243e+15	5.22906e+15	2.28825e+15	1.44779e+15	2.89559e+15	4.34338e+15	5.79118e+15	7.23897e+15	8.68677e+15	1.01346e+16	1.15824e+16	1.31131e+16	2.28502e+16	1.06522e+17	4.53997e+17	3.16812	3.04944	3.04944	3.04944	3.04944	3.04944	3.04944	3.04944	3.04944	3.04944	3.04944	3.04154	2.87441	1.83499	4.68645	
178117	6.86649e+17	2.79389e+17	1.22261e+17	7.73557e+16	1.54711e+17	2.32067e+17	3.09423e+17	3.86778e+17	4.64134e+17	5.4149e+17	6.18846e+17	6.95995e+17	7.59713e+17	7.03652e+17	8.60718e+15	5.70208e+15	5.22869e+15	2.28809e+15	1.44769e+15	2.89538e+15	4.34308e+15	5.79077e+15	7.23846e+15	8.68615e+15	1.01338e+16	1.15815e+16	1.31169e+16	2.28631e+16	1.06364e+17	4.53997e+17	3.1701	3.05171	3.05171	3.05171	3.05171	3.05171	3.05171	3.05171	3.05171	3.05171	3.05171	3.04369	2.87648	1.83459	4.68639	
178369	6.8665e+17	2.79389e+17	1.22262e+17	7.73559e+16	1.54712e+17	2.32068e+17	3.09423e+17	3.86779e+17	4.64135e+17	5.41491e+17	6.18847e+17	6.95988e+17	7.59692e+17	7.03913e+17	8.60734e+15	5.70174e+15	5.22832e+15	2.28793e+15	1.44759e+15	2.89518e+15	4.34277e+15	5.79036e+15	7.23795e+15	8.68554e+15	1.01331e+16	1.15807e+16	1.31209e+16	2.2876e+16	1.06205e+17	4.53997e+17	3.17207	3.05397	3.05397	3.05397	3.05397	3.05397	3.05397	3.05397	3.05397	3.05397	3.05397	3.04584	2.87855	1.83419	4.68633	
178622	6.8665e+17	2.7939e+17	1.22262e+17	7.7356e+16	1.54712e+17	2.32068e+17	3.09424e+17	3.8678e+17	4.64136e+17	5.41492e+17	6.18848e+17	6.95981e+17	7.5967e+17	7.04175e+17	8.60749e+15	5.7014e+15	5.22795e+15	2.28777e+15	1.44749e+15	2.89498e+15	4.34246e+15	5.78995e+15	7.23744e+15	8.68493e+15	1.01324e+16	1.15799e+16	1.3125e+16	2.2889e+16	1.06047e+17	4.53997e+17	3.17403	3.05623	3.05623	3.05623	3.05623	3.05623	3.05623	3.05623	3.05623	3.05623	3.05623	3.04798	2.88062	1.83379	4.68626	
178874	6.86651e+17	2.79391e+17	1.22262e+17	7.73562e+16	1.54712e+17	2.32069e+17	3.09425e+17	3.86781e+17	4.64137e+17	5.41493e+17	6.1885e+17	6.95974e+17	7.59649e+17	7.04436e+17	8.60765e+15	5.70107e+15	5.22758e+15	2.2876e+15	1.44739e+15	2.89477e+15	4.34216e+15	5.78954e+15	7.23693e+15	8.68432e+15	1.01317e+16	1.15791e+16	1.31293e+16	2.2902e+16	1.0589e+17	4.53997e+17	3.176	3.05848	3.05848	3.05848	3.05848	3.05848	3.05848	3.05848	3.05848	3.05848	3.05848	3.05012	2.88269	1.83339	4.68619	
179127	6.86652e+17	2.79391e+17	1.22262e+17	7.73564e+16	1.54713e+17	2.32069e+17	3.09425e+17	3.86782e+17	4.64138e+17	5.41495e+17	6.18851e+17	6.95966e+17	7.59627e+17	7.04696e+17	8.60781e+15	5.70073e+15	5.22722e+15	2.28744e+15	1.44728e+15	2.89457e+15	4.34185e+15	5.78914e+15	7.23642e+15	8.68371e+15	1.0131e+16	1.15783e+16	1.31337e+16	2.29152e+16	1.05732e+17	4.53997e+17	3.17795	3.06073	3.06073	3.06073	3.06073	3.06073	3.06073	3.06073	3.06073	3.06073	3.06073	3.05225	2.88475	1.83299	4.68613	
179380	6.86652e+17	2.79392e+17	1.22263e+17	7.73565e+16	1.54713e+17	2.3207e+17	3.09426e+17	3.86783e+17	4.64139e+17	5.41496e+17	6.18852e+17	6.95959e+17	7.59606e+17	7.04955e+17	8.60797e+15	5.70039e+15	5.22685e+15	2.28728e+15	1.44718e+15	2.89437e+15	4.34155e+15	5.78873e+15	7.23592e+15	8.6831e+15	1.01303e+16	1.15775e+16	1.31383e+16	2.29283e+16	1.05575e+17	4.53997e+17	3.17991	3.06297	3.06297	3.06297	3.06297	3.06297	3.06297	3.06297	3.06297	3.06297	3.06297	3.05438	2.8868	1.8326	4.68606	
179632	6.86653e+17	2.79392e+17	1.22263e+17	7.73567e+16	1.54713e+17	2.3207e+17	3.09427e+17	3.86783e+17	4.6414e+17	5.41497e+17	6.18854e+17	6.95951e+17	7.59584e+17	7.05215e+17	8.60814e+15	5.70006e+15	5.22649e+15	2.28712e+15	1.44708e+15	2.89416e+15	4.34125e+15	5.78833e+15	7.23541e+15	8.68249e+15	1.01296e+16	1.15767e+16	1.3143e+16	2.29416e+16	1.05418e+17	4.53997e+17	3.18186	3.06521	3.06521	3.06521	3.06521	3.06521	3.06521	3.06521	3.06521	3.06521	3.06521	3.0565	2.88886	1.83221	4.68599	
179885	6.86654e+17	2.79393e+17	1.22263e+17	7.73569e+16	1.54714e+17	2.32071e+17	3.09427e+17	3.86784e+17	4.64141e+17	5.41498e+17	6.18855e+17	6.95943e+17	7.59562e+17	7.05473e+17	8.6083e+15	5.69972e+15	5.22612e+15	2.28697e+15	1.44698e+15	2.89396e+15	4.34095e+15	5.78793e+15	7.23491e+15	8.68189e+15	1.01289e+16	1.15759e+16	1.31478e+16	2.29549e+16	1.05262e+17	4.53997e+17	3.18382	3.06744	3.06744	3.06744	3.06744	3.06744	3.06744	3.06744	3.06744	3.06744	3.06744	3.05862	2.89091	1.83182	4.68592	
180137	6.86654e+17	2.79394e+17	1.22263e+17	7.7357e+16	1.54714e+17	2.32071e+17	3.09428e+17	3.86785e+17	4.64142e+17	5.41499e+17	6.18856e+17	6.95935e+17	7.5954e+17	7.05731e+17	8.60847e+15	5.69939e+15	5.22576e+15	2.28681e+15	1.44688e+15	2.89376e+15	4.34064e+15	5.78753e+15	7.23441e+15	8.68129e+15	1.01282e+16	1.15751e+16	1.31528e+16	2.29683e+16	1.05105e+17	4.53997e+17	3.18576	3.06967	3.06967	3.06967	3.06967	3.06967	3.06967	3.06967	3.06967	3.06967	3.06967	3.06073	2.89296	1.83144	4.68584	
180390	6.86655e+17	2.79394e+17	1.22264e+17	7.73572e+16	1.54714e+17	2.32072e+17	3.09429e+17	3.86786e+17	4.64143e+17	5.415e+17	6.18857e+17	6.95926e+17	7.59518e+17	7.05989e+17	8.60865e+15	5.69906e+15	5.2254e+15	2.28665e+15	1.44678e+15	2.89356e+15	4.34034e+15	5.78713e+15	7.23391e+15	8.68069e+15	1.01275e+16	1.15743e+16	1.31579e+16	2.29818e+16	1.0495e+17	4.53997e+17	3.18771	3.07189	3.07189	3.07189	3.07189	3.07189	3.07189	3.07189	3.07189	3.07189	3.07189	3.06284	2.895	1.83105	4.68577	
180643	6.86656e+17	2.79395e+17	1.22264e+17	7.73573e+16	1.54715e+17	2.32072e+17	3.09429e+17	3.86787e+17	4.64144e+17	5.41501e+17	6.18859e+17	6.95917e+17	7.59496e+17	7.06246e+17	8.60882e+15	5.69873e+15	5.22504e+15	2.28649e+15	1.44668e+15	2.89336e+15	4.34004e+15	5.78673e+15	7.23341e+15	8.68009e+15	1.01268e+16	1.15735e+16	1.31632e+16	2.29954e+16	1.04794e+17	4.53997e+17	3.18965	3.07411	3.07411	3.07411	3.07411	3.07411	3.07411	3.07411	3.07411	3.07411	3.07411	3.06495	2.89704	1.83067	4.6857	
180896	6.86656e+17	2.79395e+17	1.22264e+17	7.73575e+16	1.54715e+17	2.32073e+17	3.0943e+17	3.86788e+17	4.64145e+17	5.41503e+17	6.1886e+17	6.95908e+17	7.59474e+17	7.06502e+17	8.609e+15	5.6984e+15	5.22468e+15	2.28633e+15	1.44658e+15	2.89316e+15	4.33975e+15	5.78633e+15	7.23291e+15	8.67949e+15	1.01261e+16	1.15727e+16	1.31685e+16	2.30091e+16	1.04639e+17	4.53997e+17	3.19158	3.07632	3.07632	3.07632	3.07632	3.07632	3.07632	3.07632	3.07632	3.07632	3.07632	3.06705	2.89908	1.83029	4.68562	
181148	6.86657e+17	2.79396e+17	1.22264e+17	7.73577e+16	1.54715e+17	2.32073e+17	3.09431e+17	3.86788e+17	4.64146e+17	5.41504e+17	6.18861e+17	6.95899e+17	7.59451e+17	7.06758e+17	8.60919e+15	5.69808e+15	5.22432e+15	2.28618e+15	1.44648e+15	2.89297e+15	4.33945e+15	5.78593e+15	7.23241e+15	8.6789e+15	1.01254e+16	1.15719e+16	1.3174e+16	2.30228e+16	1.04484e+17	4.53997e+17	3.19352	3.07852	3.07852	3.07852	3.07852	3.07852	3.07852	3.07852	3.07852	3.07852	3.07852	3.06914	2.90112	1.82992	4.68555	
181401	6.86657e+17	2.79397e+17	1.22265e+17	7.73578e+16	1.54716e+17	2.32073e+17	3.09431e+17	3.86789e+17	4.64147e+17	5.41505e+17	6.18863e+17	6.9589e+17	7.59429e+17	7.07014e+17	8.60937e+15	5.69775e+15	5.22397e+15	2.28602e+15	1.44638e+15	2.89277e+15	4.33915e+15	5.78554e+15	7.23192e+15	8.6783e+15	1.01247e+16	1.15711e+16	1.31796e+16	2.30366e+16	1.04329e+17	4.53997e+17	3.19545	3.08072	3.08072	3.08072	3.08072	3.08072	3.08072	3.08072	3.08072	3.08072	3.08072	3.07123	2.90315	1.82954	4.68547	
181654	6.86658e+17	2.79397e+17	1.22265e+17	7.7358e+16	1.54716e+17	2.32074e+17	3.09432e+17	3.8679e+17	4.64148e+17	5.41506e+17	6.18864e+17	6.95881e+17	7.59406e+17	7.07269e+17	8.60956e+15	5.69743e+15	5.22361e+15	2.28586e+15	1.44629e+15	2.89257e+15	4.33886e+15	5.78514e+15	7.23143e+15	8.67771e+15	1.0124e+16	1.15703e+16	1.31853e+16	2.30505e+16	1.04174e+17	4.53997e+17	3.19738	3.08292	3.08292	3.08292	3.08292	3.08292	3.08292	3.08292	3.08292	3.08292	3.08292	3.07332	2.90518	1.82917	4.68539	
181906	6.86659e+17	2.79398e+17	1.22265e+17	7.73582e+16	1.54716e+17	2.32074e+17	3.09433e+17	3.86791e+17	4.64149e+17	5.41507e+17	6.18865e+17	6.95871e+17	7.59383e+17	7.07523e+17	8.60975e+15	5.6971e+15	5.22325e+15	2.28571e+15	1.44619e+15	2.89237e+15	4.33856e+15	5.78475e+15	7.23094e+15	8.67712e+15	1.01233e+16	1.15695e+16	1.31911e+16	2.30645e+16	1.0402e+17	4.53997e+17	3.1993	3.0851	3.0851	3.0851	3.0851	3.0851	3.0851	3.0851	3.0851	3.0851	3.0851	3.0754	2.9072	1.8288	4.68531	
182159	6.86659e+17	2.79398e+17	1.22265e+17	7.73583e+16	1.54717e+17	2.32075e+17	3.09433e+17	3.86792e+17	4.6415e+17	5.41508e+17	6.18867e+17	6.95861e+17	7.5936e+17	7.07777e+17	8.60994e+15	5.69678e+15	5.2229e+15	2.28555e+15	1.44609e+15	2.89218e+15	4.33827e+15	5.78436e+15	7.23045e+15	8.67653e+15	1.01226e+16	1.15687e+16	1.31971e+16	2.30786e+16	1.03867e+17	4.53997e+17	3.20123	3.08729	3.08729	3.08729	3.08729	3.08729	3.08729	3.08729	3.08729	3.08729	3.08729	3.07748	2.90922	1.82843	4.68523	
182412	6.8666e+17	2.79399e+17	1.22266e+17	7.73585e+16	1.54717e+17	2.32075e+17	3.09434e+17	3.86792e+17	4.64151e+17	5.41509e+17	6.18868e+17	6.95851e+17	7.59337e+17	7.08031e+17	8.61014e+15	5.69646e+15	5.22255e+15	2.2854e+15	1.44599e+15	2.89198e+15	4.33797e+15	5.78397e+15	7.22996e+15	8.67595e+15	1.01219e+16	1.15679e+16	1.32031e+16	2.30928e+16	1.03713e+17	4.53997e+17	3.20315	3.08947	3.08947	3.08947	3.08947	3.08947	3.08947	3.08947	3.08947	3.08947	3.08947	3.07955	2.91124	1.82807	4.68515	
182665	6.8666e+17	2.79399e+17	1.22266e+17	7.73586e+16	1.54717e+17	2.32076e+17	3.09435e+17	3.86793e+17	4.64152e+17	5.4151e+17	6.18869e+17	6.95841e+17	7.59314e+17	7.08284e+17	8.61034e+15	5.69614e+15	5.22219e+15	2.28525e+15	1.44589e+15	2.89179e+15	4.33768e+15	5.78358e+15	7.22947e+15	8.67536e+15	1.01213e+16	1.15672e+16	1.32092e+16	2.31071e+16	1.0356e+17	4.53997e+17	3.20507	3.09164	3.09164	3.09164	3.09164	3.09164	3.09164	3.09164	3.09164	3.09164	3.09164	3.08162	2.91326	1.82771	4.68506	
182918	6.86661e+17	2.794e+17	1.22266e+17	7.73588e+16	1.54718e+17	2.32076e+17	3.09435e+17	3.86794e+17	4.64153e+17	5.41512e+17	6.1887e+17	6.95831e+17	7.5929e+17	7.08536e+17	8.61055e+15	5.69582e+15	5.22184e+15	2.28509e+15	1.4458e+15	2.89159e+15	4.33739e+15	5.78319e+15	7.22898e+15	8.67478e+15	1.01206e+16	1.15664e+16	1.32154e+16	2.31215e+16	1.03407e+17	4.53997e+17	3.20698	3.09381	3.09381	3.09381	3.09381	3.09381	3.09381	3.09381	3.09381	3.09381	3.09381	3.08368	2.91527	1.82735	4.68498	
183171	6.86662e+17	2.79401e+17	1.22266e+17	7.7359e+16	1.54718e+17	2.32077e+17	3.09436e+17	3.86795e+17	4.64154e+17	5.41513e+17	6.18872e+17	6.9582e+17	7.59266e+17	7.08788e+17	8.61075e+15	5.69551e+15	5.22149e+15	2.28494e+15	1.4457e+15	2.8914e+15	4.3371e+15	5.7828e+15	7.2285e+15	8.6742e+15	1.01199e+16	1.15656e+16	1.32217e+16	2.3136e+16	1.03254e+17	4.53997e+17	3.20889	3.09597	3.09597	3.09597	3.09597	3.09597	3.09597	3.09597	3.09597	3.09597	3.09597	3.08574	2.91728	1.82699	4.68489	
183424	6.86662e+17	2.79401e+17	1.22267e+17	7.73591e+16	1.54718e+17	2.32077e+17	3.09436e+17	3.86796e+17	4.64155e+17	5.41514e+17	6.18873e+17	6.9581e+17	7.59243e+17	7.09039e+17	8.61096e+15	5.69519e+15	5.22114e+15	2.28479e+15	1.4456e+15	2.89121e+15	4.33681e+15	5.78241e+15	7.22802e+15	8.67362e+15	1.01192e+16	1.15648e+16	1.32281e+16	2.31506e+16	1.03102e+17	4.53997e+17	3.2108	3.09813	3.09813	3.09813	3.09813	3.09813	3.09813	3.09813	3.09813	3.09813	3.09813	3.08779	2.91928	1.82663	4.6848	
183676	6.86663e+17	2.79402e+17	1.22267e+17	7.73593e+16	1.54719e+17	2.32078e+17	3.09437e+17	3.86796e+17	4.64156e+17	5.41515e+17	6.18874e+17	6.95799e+17	7.59219e+17	7.0929e+17	8.61118e+15	5.69488e+15	5.2208e+15	2.28463e+15	1.44551e+15	2.89101e+15	4.33652e+15	5.78203e+15	7.22753e+15	8.67304e+15	1.01185e+16	1.15641e+16	1.32345e+16	2.31653e+16	1.0295e+17	4.53997e+17	3.2127	3.10028	3.10028	3.10028	3.10028	3.10028	3.10028	3.10028	3.10028	3.10028	3.10028	3.08984	2.92128	1.82628	4.68471	
183929	6.86663e+17	2.79402e+17	1.22267e+17	7.73594e+16	1.54719e+17	2.32078e+17	3.09438e+17	3.86797e+17	4.64157e+17	5.41516e+17	6.18875e+17	6.95789e+17	7.59194e+17	7.0954e+17	8.61139e+15	5.69457e+15	5.22045e+15	2.28448e+15	1.44541e+15	2.89082e+15	4.33623e+15	5.78164e+15	7.22705e+15	8.67247e+15	1.01179e+16	1.15633e+16	1.32411e+16	2.31801e+16	1.02798e+17	4.53997e+17	3.21461	3.10243	3.10243	3.10243	3.10243	3.10243	3.10243	3.10243	3.10243	3.10243	3.10243	3.09189	2.92328	1.82593	4.68462	
184182	6.86664e+17	2.79403e+17	1.22267e+17	7.73596e+16	1.54719e+17	2.32079e+17	3.09438e+17	3.86798e+17	4.64157e+17	5.41517e+17	6.18877e+17	6.95778e+17	7.5917e+17	7.0979e+17	8.61161e+15	5.69425e+15	5.2201e+15	2.28433e+15	1.44532e+15	2.89063e+15	4.33595e+15	5.78126e+15	7.22658e+15	8.67189e+15	1.01172e+16	1.15625e+16	1.32477e+16	2.3195e+16	1.02647e+17	4.53997e+17	3.21651	3.10457	3.10457	3.10457	3.10457	3.10457	3.10457	3.10457	3.10457	3.10457	3.10457	3.09393	2.92528	1.82558	4.68453	
184435	6.86665e+17	2.79403e+17	1.22268e+17	7.73597e+16	1.54719e+17	2.32079e+17	3.09439e+17	3.86799e+17	4.64158e+17	5.41518e+17	6.18878e+17	6.95767e+17	7.59146e+17	7.10039e+17	8.61184e+15	5.69394e+15	5.21976e+15	2.28418e+15	1.44522e+15	2.89044e+15	4.33566e+15	5.78088e+15	7.2261e+15	8.67132e+15	1.01165e+16	1.15618e+16	1.32543e+16	2.32101e+16	1.02496e+17	4.53997e+17	3.2184	3.10671	3.10671	3.10671	3.10671	3.10671	3.10671	3.10671	3.10671	3.10671	3.10671	3.09596	2.92727	1.82523	4.68444	
184688	6.86665e+17	2.79404e+17	1.22268e+17	7.73599e+16	1.5472e+17	2.3208e+17	3.0944e+17	3.86799e+17	4.64159e+17	5.41519e+17	6.18879e+17	6.95756e+17	7.59121e+17	7.10288e+17	8.61206e+15	5.69363e+15	5.21942e+15	2.28403e+15	1.44512e+15	2.89025e+15	4.33537e+15	5.7805e+15	7.22562e+15	8.67075e+15	1.01159e+16	1.1561e+16	1.3261e+16	2.32252e+16	1.02345e+17	4.53997e+17	3.2203	3.10884	3.10884	3.10884	3.10884	3.10884	3.10884	3.10884	3.10884	3.10884	3.10884	3.098	2.92926	1.82489	4.68435	
184941	6.86666e+17	2.79404e+17	1.22268e+17	7.736e+16	1.5472e+17	2.3208e+17	3.0944e+17	3.868e+17	4.6416e+17	5.4152e+17	6.1888e+17	6.95745e+17	7.59096e+17	7.10536e+17	8.61229e+15	5.69333e+15	5.21907e+15	2.28388e+15	1.44503e+15	2.89006e+15	4.33509e+15	5.78012e+15	7.22515e+15	8.67018e+15	1.01152e+16	1.15602e+16	1.32678e+16	2.32405e+16	1.02194e+17	4.53997e+17	3.22219	3.11097	3.11097	3.11097	3.11097	3.11097	3.11097	3.11097	3.11097	3.11097	3.11097	3.10002	2.93125	1.82454	4.68425	
185194	6.86666e+17	2.79405e+17	1.22268e+17	7.73602e+16	1.5472e+17	2.32081e+17	3.09441e+17	3.86801e+17	4.64161e+17	5.41521e+17	6.18882e+17	6.95733e+17	7.59071e+17	7.10784e+17	8.61253e+15	5.69302e+15	5.21873e+15	2.28373e+15	1.44494e+15	2.88987e+15	4.33481e+15	5.77974e+15	7.22468e+15	8.66961e+15	1.01145e+16	1.15595e+16	1.32747e+16	2.32559e+16	1.02044e+17	4.53997e+17	3.22408	3.11309	3.11309	3.11309	3.11309	3.11309	3.11309	3.11309	3.11309	3.11309	3.11309	3.10205	2.93323	1.8242	4.68415	
185447	6.86667e+17	2.79406e+17	1.22269e+17	7.73604e+16	1.54721e+17	2.32081e+17	3.09441e+17	3.86802e+17	4.64162e+17	5.41522e+17	6.18883e+17	6.95722e+17	7.59046e+17	7.11031e+17	8.61277e+15	5.69272e+15	5.21839e+15	2.28358e+15	1.44484e+15	2.88968e+15	4.33452e+15	5.77937e+15	7.22421e+15	8.66905e+15	1.01139e+16	1.15587e+16	1.32815e+16	2.32714e+16	1.01894e+17	4.53997e+17	3.22596	3.1152	3.1152	3.1152	3.1152	3.1152	3.1152	3.1152	3.1152	3.1152	3.1152	3.10406	2.93521	1.82387	4.68405	
185700	6.86668e+17	2.79406e+17	1.22269e+17	7.73605e+16	1.54721e+17	2.32082e+17	3.09442e+17	3.86803e+17	4.64163e+17	5.41524e+17	6.18884e+17	6.95711e+17	7.5902e+17	7.11278e+17	8.61301e+15	5.69241e+15	5.21805e+15	2.28343e+15	1.44475e+15	2.88949e+15	4.33424e+15	5.77899e+15	7.22374e+15	8.66848e+15	1.01132e+16	1.1558e+16	1.32885e+16	2.32871e+16	1.01745e+17	4.53997e+17	3.22785	3.11732	3.11732	3.11732	3.11732	3.11732	3.11732	3.11732	3.11732	3.11732	3.11732	3.10608	2.93719	1.82353	4.68395	
185953	6.86668e+17	2.79407e+17	1.22269e+17	7.73607e+16	1.54721e+17	2.32082e+17	3.09443e+17	3.86803e+17	4.64164e+17	5.41525e+17	6.18885e+17	6.95699e+17	7.58994e+17	7.11524e+17	8.61325e+15	5.69211e+15	5.21772e+15	2.28329e+15	1.44465e+15	2.88931e+15	4.33396e+15	5.77862e+15	7.22327e+15	8.66792e+15	1.01126e+16	1.15572e+16	1.32954e+16	2.33028e+16	1.01595e+17	4.53997e+17	3.22973	3.11942	3.11942	3.11942	3.11942	3.11942	3.11942	3.11942	3.11942	3.11942	3.11942	3.10809	2.93916	1.8232	4.68385	
186203	6.86669e+17	2.79407e+17	1.22269e+17	7.73608e+16	1.54722e+17	2.32082e+17	3.09443e+17	3.86804e+17	4.64165e+17	5.41526e+17	6.18886e+17	6.95688e+17	7.58969e+17	7.11767e+17	8.6135e+15	5.69181e+15	5.21738e+15	2.28314e+15	1.44456e+15	2.88912e+15	4.33369e+15	5.77825e+15	7.22281e+15	8.66737e+15	1.01119e+16	1.15565e+16	1.33024e+16	2.33185e+16	1.01448e+17	4.53997e+17	3.23158	3.1215	3.1215	3.1215	3.1215	3.1215	3.1215	3.1215	3.1215	3.1215	3.1215	3.11007	2.94111	1.82287	4.68375	
186455	6.86669e+17	2.79408e+17	1.2227e+17	7.7361e+16	1.54722e+17	2.32083e+17	3.09444e+17	3.86805e+17	4.64166e+17	5.41527e+17	6.18888e+17	6.95676e+17	7.58943e+17	7.12011e+17	8.61375e+15	5.69151e+15	5.21705e+15	2.28299e+15	1.44447e+15	2.88894e+15	4.33341e+15	5.77788e+15	7.22235e+15	8.66681e+15	1.01113e+16	1.15558e+16	1.33094e+16	2.33345e+16	1.013e+17	4.53997e+17	3.23345	3.12359	3.12359	3.12359	3.12359	3.12359	3.12359	3.12359	3.12359	3.12359	3.12359	3.11206	2.94307	1.82254	4.68365	
186708	6.8667e+17	2.79408e+17	1.2227e+17	7.73611e+16	1.54722e+17	2.32083e+17	3.09444e+17	3.86806e+17	4.64167e+17	5.41528e+17	6.18889e+17	6.95665e+17	7.58917e+17	7.12256e+17	8.61401e+15	5.69121e+15	5.21671e+15	2.28285e+15	1.44438e+15	2.88875e+15	4.33313e+15	5.77751e+15	7.22188e+15	8.66626e+15	1.01106e+16	1.1555e+16	1.33165e+16	2.33507e+16	1.01151e+17	4.53997e+17	3.23532	3.12569	3.12569	3.12569	3.12569	3.12569	3.12569	3.12569	3.12569	3.12569	3.12569	3.11406	2.94503	1.82221	4.68354	
186959	6.8667e+17	2.79409e+17	1.2227e+17	7.73613e+16	1.54723e+17	2.32084e+17	3.09445e+17	3.86806e+17	4.64168e+17	5.41529e+17	6.1889e+17	6.95653e+17	7.5889e+17	7.12498e+17	8.61426e+15	5.69092e+15	5.21638e+15	2.2827e+15	1.44429e+15	2.88857e+15	4.33286e+15	5.77714e+15	7.22143e+15	8.66571e+15	1.011e+16	1.15543e+16	1.33235e+16	2.33668e+16	1.01005e+17	4.53997e+17	3.23717	3.12775	3.12775	3.12775	3.12775	3.12775	3.12775	3.12775	3.12775	3.12775	3.12775	3.11603	2.94697	1.82189	4.68343	
187211	6.86671e+17	2.79409e+17	1.2227e+17	7.73614e+16	1.54723e+17	2.32084e+17	3.09446e+17	3.86807e+17	4.64168e+17	5.4153e+17	6.18891e+17	6.95642e+17	7.58864e+17	7.12741e+17	8.61453e+15	5.69062e+15	5.21605e+15	2.28256e+15	1.44419e+15	2.88839e+15	4.33258e+15	5.77677e+15	7.22097e+15	8.66516e+15	1.01094e+16	1.15535e+16	1.33306e+16	2.33832e+16	1.00857e+17	4.53997e+17	3.23903	3.12983	3.12983	3.12983	3.12983	3.12983	3.12983	3.12983	3.12983	3.12983	3.12983	3.11802	2.94893	1.82157	4.68333	
187464	6.86671e+17	2.7941e+17	1.22271e+17	7.73616e+16	1.54723e+17	2.32085e+17	3.09446e+17	3.86808e+17	4.64169e+17	5.41531e+17	6.18892e+17	6.9563e+17	7.58837e+17	7.12984e+17	8.6148e+15	5.69033e+15	5.21572e+15	2.28241e+15	1.4441e+15	2.8882e+15	4.3323e+15	5.77641e+15	7.22051e+15	8.66461e+15	1.01087e+16	1.15528e+16	1.33378e+16	2.33998e+16	1.0071e+17	4.53997e+17	3.2409	3.13191	3.13191	3.13191	3.13191	3.13191	3.13191	3.13191	3.13191	3.13191	3.13191	3.12	2.95088	1.82125	4.68322	
187714	6.86672e+17	2.79411e+17	1.22271e+17	7.73617e+16	1.54723e+17	2.32085e+17	3.09447e+17	3.86809e+17	4.6417e+17	5.41532e+17	6.18894e+17	6.95618e+17	7.5881e+17	7.13224e+17	8.61506e+15	5.69003e+15	5.2154e+15	2.28227e+15	1.44401e+15	2.88802e+15	4.33203e+15	5.77604e+15	7.22006e+15	8.66407e+15	1.01081e+16	1.15521e+16	1.33449e+16	2.34163e+16	1.00564e+17	4.53997e+17	3.24274	3.13395	3.13395	3.13395	3.13395	3.13395	3.13395	3.13395	3.13395	3.13395	3.13395	3.12196	2.95281	1.82093	4.6831	
187967	6.86673e+17	2.79411e+17	1.22271e+17	7.73619e+16	1.54724e+17	2.32086e+17	3.09447e+17	3.86809e+17	4.64171e+17	5.41533e+17	6.18895e+17	6.95607e+17	7.58783e+17	7.13465e+17	8.61534e+15	5.68974e+15	5.21507e+15	2.28213e+15	1.44392e+15	2.88784e+15	4.33176e+15	5.77568e+15	7.2196e+15	8.66352e+15	1.01074e+16	1.15514e+16	1.3352e+16	2.3433e+16	1.00418e+17	4.53997e+17	3.24459	3.13602	3.13602	3.13602	3.13602	3.13602	3.13602	3.13602	3.13602	3.13602	3.13602	3.12393	2.95475	1.82062	4.68299	
188221	6.86673e+17	2.79412e+17	1.22271e+17	7.7362e+16	1.54724e+17	2.32086e+17	3.09448e+17	3.8681e+17	4.64172e+17	5.41534e+17	6.18896e+17	6.95595e+17	7.58755e+17	7.13708e+17	8.61562e+15	5.68945e+15	5.21474e+15	2.28198e+15	1.44383e+15	2.88766e+15	4.33149e+15	5.77532e+15	7.21915e+15	8.66298e+15	1.01068e+16	1.15506e+16	1.33592e+16	2.34501e+16	1.00271e+17	4.53997e+17	3.24645	3.13809	3.13809	3.13809	3.13809	3.13809	3.13809	3.13809	3.13809	3.13809	3.13809	3.12591	2.9567	1.8203	4.68288	
188474	6.86674e+17	2.79412e+17	1.22271e+17	7.73622e+16	1.54724e+17	2.32086e+17	3.09449e+17	3.86811e+17	4.64173e+17	5.41535e+17	6.18897e+17	6.95583e+17	7.58727e+17	7.13949e+17	8.61591e+15	5.68916e+15	5.21441e+15	2.28184e+15	1.44374e+15	2.88748e+15	4.33122e+15	5.77496e+15	7.21869e+15	8.66243e+15	1.01062e+16	1.15499e+16	1.33665e+16	2.34672e+16	1.00124e+17	4.53997e+17	3.2483	3.14015	3.14015	3.14015	3.14015	3.14015	3.14015	3.14015	3.14015	3.14015	3.14015	3.12788	2.95864	1.81999	4.68276	
188727	6.86674e+17	2.79413e+17	1.22272e+17	7.73623e+16	1.54725e+17	2.32087e+17	3.09449e+17	3.86812e+17	4.64174e+17	5.41536e+17	6.18898e+17	6.95571e+17	7.58699e+17	7.14189e+17	8.61619e+15	5.68887e+15	5.21409e+15	2.2817e+15	1.44365e+15	2.8873e+15	4.33095e+15	5.7746e+15	7.21824e+15	8.66189e+15	1.01055e+16	1.15492e+16	1.33737e+16	2.34844e+16	9.99783e+16	4.53997e+17	3.25015	3.1422	3.1422	3.1422	3.1422	3.1422	3.1422	3.1422	3.1422	3.1422	3.1422	3.12984	2.96058	1.81968	4.68264	
188980	6.86675e+17	2.79413e+17	1.22272e+17	7.73624e+16	1.54725e+17	2.32087e+17	3.0945e+17	3.86812e+17	4.64175e+17	5.41537e+17	6.189e+17	6.95559e+17	7.58671e+17	7.1443e+17	8.61649e+15	5.68858e+15	5.21376e+15	2.28156e+15	1.44356e+15	2.88712e+15	4.33068e+15	5.77424e+15	7.21779e+15	8.66135e+15	1.01049e+16	1.15485e+16	1.33809e+16	2.35019e+16	9.98323e+16	4.53997e+17	3.252	3.14425	3.14425	3.14425	3.14425	3.14425	3.14425	3.14425	3.14425	3.14425	3.14425	3.13181	2.96252	1.81937	4.68252	
189233	6.86675e+17	2.79414e+17	1.22272e+17	7.73626e+16	1.54725e+17	2.32088e+17	3.0945e+17	3.86813e+17	4.64176e+17	5.41538e+17	6.18901e+17	6.95547e+17	7.58643e+17	7.14669e+17	8.61678e+15	5.68829e+15	5.21344e+15	2.28141e+15	1.44347e+15	2.88694e+15	4.33041e+15	5.77388e+15	7.21735e+15	8.66082e+15	1.01043e+16	1.15478e+16	1.33881e+16	2.35194e+16	9.96871e+16	4.53997e+17	3.25384	3.1463	3.1463	3.1463	3.1463	3.1463	3.1463	3.1463	3.1463	3.1463	3.1463	3.13376	2.96445	1.81907	4.6824	
189487	6.86676e+17	2.79414e+17	1.22272e+17	7.73627e+16	1.54725e+17	2.32088e+17	3.09451e+17	3.86814e+17	4.64176e+17	5.41539e+17	6.18902e+17	6.95536e+17	7.58614e+17	7.14908e+17	8.61709e+15	5.68801e+15	5.21312e+15	2.28127e+15	1.44338e+15	2.88676e+15	4.33014e+15	5.77352e+15	7.2169e+15	8.66028e+15	1.01037e+16	1.1547e+16	1.33954e+16	2.35371e+16	9.95415e+16	4.53997e+17	3.25569	3.14834	3.14834	3.14834	3.14834	3.14834	3.14834	3.14834	3.14834	3.14834	3.14834	3.13572	2.96638	1.81876	4.68227	
189739	6.86676e+17	2.79415e+17	1.22273e+17	7.73629e+16	1.54726e+17	2.32089e+17	3.09452e+17	3.86814e+17	4.64177e+17	5.4154e+17	6.18903e+17	6.95524e+17	7.58585e+17	7.15146e+17	8.61739e+15	5.68772e+15	5.2128e+15	2.28113e+15	1.44329e+15	2.88658e+15	4.32987e+15	5.77317e+15	7.21646e+15	8.65975e+15	1.0103e+16	1.15463e+16	1.34026e+16	2.35549e+16	9.9397e+16	4.53997e+17	3.25752	3.15038	3.15038	3.15038	3.15038	3.15038	3.15038	3.15038	3.15038	3.15038	3.15038	3.13766	2.9683	1.81846	4.68215	
189993	6.86677e+17	2.79415e+17	1.22273e+17	7.7363e+16	1.54726e+17	2.32089e+17	3.09452e+17	3.86815e+17	4.64178e+17	5.41541e+17	6.18904e+17	6.95512e+17	7.58556e+17	7.15385e+17	8.6177e+15	5.68744e+15	5.21248e+15	2.28099e+15	1.4432e+15	2.88641e+15	4.32961e+15	5.77281e+15	7.21601e+15	8.65922e+15	1.01024e+16	1.15456e+16	1.34098e+16	2.35729e+16	9.9252e+16	4.53997e+17	3.25937	3.15242	3.15242	3.15242	3.15242	3.15242	3.15242	3.15242	3.15242	3.15242	3.15242	3.13962	2.97023	1.81816	4.68202	
190247	6.86677e+17	2.79416e+17	1.22273e+17	7.73632e+16	1.54726e+17	2.3209e+17	3.09453e+17	3.86816e+17	4.64179e+17	5.41542e+17	6.18905e+17	6.955e+17	7.58526e+17	7.15623e+17	8.61802e+15	5.68716e+15	5.21216e+15	2.28085e+15	1.44311e+15	2.88623e+15	4.32934e+15	5.77246e+15	7.21557e+15	8.65869e+15	1.01018e+16	1.15449e+16	1.3417e+16	2.35911e+16	9.91077e+16	4.53997e+17	3.2612	3.15444	3.15444	3.15444	3.15444	3.15444	3.15444	3.15444	3.15444	3.15444	3.15444	3.14156	2.97215	1.81786	4.68189	
190500	6.86678e+17	2.79416e+17	1.22273e+17	7.73633e+16	1.54727e+17	2.3209e+17	3.09453e+17	3.86817e+17	4.6418e+17	5.41543e+17	6.18907e+17	6.95488e+17	7.58497e+17	7.1586e+17	8.61834e+15	5.68688e+15	5.21184e+15	2.28071e+15	1.44303e+15	2.88605e+15	4.32908e+15	5.77211e+15	7.21513e+15	8.65816e+15	1.01012e+16	1.15442e+16	1.34242e+16	2.36093e+16	9.89637e+16	4.53997e+17	3.26303	3.15647	3.15647	3.15647	3.15647	3.15647	3.15647	3.15647	3.15647	3.15647	3.15647	3.14349	2.97406	1.81757	4.68176	
190750	6.86679e+17	2.79417e+17	1.22274e+17	7.73635e+16	1.54727e+17	2.3209e+17	3.09454e+17	3.86817e+17	4.64181e+17	5.41544e+17	6.18908e+17	6.95477e+17	7.58467e+17	7.16093e+17	8.61866e+15	5.6866e+15	5.21153e+15	2.28058e+15	1.44294e+15	2.88588e+15	4.32882e+15	5.77176e+15	7.2147e+15	8.65764e+15	1.01006e+16	1.15435e+16	1.34314e+16	2.36275e+16	9.88218e+16	4.53997e+17	3.26484	3.15846	3.15846	3.15846	3.15846	3.15846	3.15846	3.15846	3.15846	3.15846	3.15846	3.14541	2.97595	1.81728	4.68163	
191003	6.86679e+17	2.79417e+17	1.22274e+17	7.73636e+16	1.54727e+17	2.32091e+17	3.09454e+17	3.86818e+17	4.64182e+17	5.41545e+17	6.18909e+17	6.95465e+17	7.58437e+17	7.16329e+17	8.61899e+15	5.68632e+15	5.21121e+15	2.28044e+15	1.44285e+15	2.88571e+15	4.32856e+15	5.77141e+15	7.21427e+15	8.65712e+15	1.01e+16	1.15428e+16	1.34385e+16	2.36461e+16	9.86785e+16	4.53997e+17	3.26666	3.16048	3.16048	3.16048	3.16048	3.16048	3.16048	3.16048	3.16048	3.16048	3.16048	3.14733	2.97786	1.81699	4.6815	
191256	6.8668e+17	2.79418e+17	1.22274e+17	7.73637e+16	1.54727e+17	2.32091e+17	3.09455e+17	3.86819e+17	4.64182e+17	5.41546e+17	6.1891e+17	6.95453e+17	7.58407e+17	7.16565e+17	8.61932e+15	5.68605e+15	5.2109e+15	2.2803e+15	1.44277e+15	2.88553e+15	4.3283e+15	5.77106e+15	7.21383e+15	8.6566e+15	1.00994e+16	1.15421e+16	1.34457e+16	2.36648e+16	9.85354e+16	4.53997e+17	3.26848	3.16249	3.16249	3.16249	3.16249	3.16249	3.16249	3.16249	3.16249	3.16249	3.16249	3.14926	2.97976	1.8167	4.68136	
191506	6.8668e+17	2.79418e+17	1.22274e+17	7.73639e+16	1.54728e+17	2.32092e+17	3.09456e+17	3.86819e+17	4.64183e+17	5.41547e+17	6.18911e+17	6.95442e+17	7.58376e+17	7.16797e+17	8.61966e+15	5.68577e+15	5.21059e+15	2.28017e+15	1.44268e+15	2.88536e+15	4.32804e+15	5.77072e+15	7.2134e+15	8.65608e+15	1.00988e+16	1.15414e+16	1.34528e+16	2.36835e+16	9.83942e+16	4.53997e+17	3.27028	3.16447	3.16447	3.16447	3.16447	3.16447	3.16447	3.16447	3.16447	3.16447	3.16447	3.15116	2.98164	1.81641	4.68122	
191759	6.86681e+17	2.79419e+17	1.22274e+17	7.7364e+16	1.54728e+17	2.32092e+17	3.09456e+17	3.8682e+17	4.64184e+17	5.41548e+17	6.18912e+17	6.9543e+17	7.58346e+17	7.17031e+17	8.62e+15	5.6855e+15	5.21028e+15	2.28003e+15	1.44259e+15	2.88519e+15	4.32778e+15	5.77038e+15	7.21297e+15	8.65557e+15	1.00982e+16	1.15408e+16	1.346e+16	2.37024e+16	9.8252e+16	4.53997e+17	3.2721	3.16647	3.16647	3.16647	3.16647	3.16647	3.16647	3.16647	3.16647	3.16647	3.16647	3.15308	2.98354	1.81613	4.68108	
192009	6.86681e+17	2.79419e+17	1.22275e+17	7.73642e+16	1.54728e+17	2.32092e+17	3.09457e+17	3.86821e+17	4.64185e+17	5.41549e+17	6.18913e+17	6.95418e+17	7.58315e+17	7.17262e+17	8.62034e+15	5.68523e+15	5.20997e+15	2.2799e+15	1.44251e+15	2.88502e+15	4.32753e+15	5.77004e+15	7.21255e+15	8.65506e+15	1.00976e+16	1.15401e+16	1.3467e+16	2.37214e+16	9.81115e+16	4.53997e+17	3.27389	3.16845	3.16845	3.16845	3.16845	3.16845	3.16845	3.16845	3.16845	3.16845	3.16845	3.15497	2.98541	1.81585	4.68094	
192260	6.86682e+17	2.7942e+17	1.22275e+17	7.73643e+16	1.54729e+17	2.32093e+17	3.09457e+17	3.86822e+17	4.64186e+17	5.4155e+17	6.18914e+17	6.95407e+17	7.58284e+17	7.17493e+17	8.62069e+15	5.68496e+15	5.20967e+15	2.27976e+15	1.44242e+15	2.88485e+15	4.32727e+15	5.7697e+15	7.21212e+15	8.65455e+15	1.0097e+16	1.15394e+16	1.34741e+16	2.37405e+16	9.79711e+16	4.53997e+17	3.27568	3.17042	3.17042	3.17042	3.17042	3.17042	3.17042	3.17042	3.17042	3.17042	3.17042	3.15686	2.98729	1.81557	4.6808	
192512	6.86682e+17	2.7942e+17	1.22275e+17	7.73644e+16	1.54729e+17	2.32093e+17	3.09458e+17	3.86822e+17	4.64187e+17	5.41551e+17	6.18916e+17	6.95395e+17	7.58253e+17	7.17726e+17	8.62105e+15	5.68469e+15	5.20936e+15	2.27963e+15	1.44234e+15	2.88468e+15	4.32702e+15	5.76936e+15	7.2117e+15	8.65404e+15	1.00964e+16	1.15387e+16	1.34812e+16	2.37599e+16	9.78298e+16	4.53997e+17	3.27749	3.17241	3.17241	3.17241	3.17241	3.17241	3.17241	3.17241	3.17241	3.17241	3.17241	3.15877	2.98917	1.81529	4.68066	
192763	6.86683e+17	2.79421e+17	1.22275e+17	7.73646e+16	1.54729e+17	2.32094e+17	3.09458e+17	3.86823e+17	4.64187e+17	5.41552e+17	6.18917e+17	6.95384e+17	7.58221e+17	7.17956e+17	8.62141e+15	5.68442e+15	5.20905e+15	2.2795e+15	1.44226e+15	2.88451e+15	4.32677e+15	5.76902e+15	7.21128e+15	8.65353e+15	1.00958e+16	1.1538e+16	1.34882e+16	2.37792e+16	9.76901e+16	4.53997e+17	3.27927	3.17438	3.17438	3.17438	3.17438	3.17438	3.17438	3.17438	3.17438	3.17438	3.17438	3.16065	2.99104	1.81502	4.68051	
193016	6.86683e+17	2.79421e+17	1.22276e+17	7.73647e+16	1.54729e+17	2.32094e+17	3.09459e+17	3.86824e+17	4.64188e+17	5.41553e+17	6.18918e+17	6.95372e+17	7.58189e+17	7.18188e+17	8.62178e+15	5.68415e+15	5.20875e+15	2.27936e+15	1.44217e+15	2.88434e+15	4.32651e+15	5.76868e+15	7.21085e+15	8.65302e+15	1.00952e+16	1.15374e+16	1.34953e+16	2.3799e+16	9.75487e+16	4.53997e+17	3.28108	3.17637	3.17637	3.17637	3.17637	3.17637	3.17637	3.17637	3.17637	3.17637	3.17637	3.16256	2.99292	1.81474	4.68036	
193269	6.86684e+17	2.79422e+17	1.22276e+17	7.73649e+16	1.5473e+17	2.32095e+17	3.09459e+17	3.86824e+17	4.64189e+17	5.41554e+17	6.18919e+17	6.95361e+17	7.58157e+17	7.1842e+17	8.62215e+15	5.68388e+15	5.20844e+15	2.27923e+15	1.44209e+15	2.88417e+15	4.32626e+15	5.76835e+15	7.21043e+15	8.65252e+15	1.00946e+16	1.15367e+16	1.35023e+16	2.38189e+16	9.7408e+16	4.53996e+17	3.28288	3.17835	3.17835	3.17835	3.17835	3.17835	3.17835	3.17835	3.17835	3.17835	3.17835	3.16446	2.9948	1.81447	4.68021	
193523	6.86684e+17	2.79422e+17	1.22276e+17	7.7365e+16	1.5473e+17	2.32095e+17	3.0946e+17	3.86825e+17	4.6419e+17	5.41555e+17	6.1892e+17	6.95349e+17	7.58125e+17	7.18651e+17	8.62253e+15	5.68362e+15	5.20814e+15	2.2791e+15	1.442e+15	2.884e+15	4.32601e+15	5.76801e+15	7.21001e+15	8.65201e+15	1.0094e+16	1.1536e+16	1.35094e+16	2.3839e+16	9.72674e+16	4.53996e+17	3.28468	3.18032	3.18032	3.18032	3.18032	3.18032	3.18032	3.18032	3.18032	3.18032	3.18032	3.16636	2.99668	1.8142	4.68005	
193773	6.86685e+17	2.79423e+17	1.22276e+17	7.73651e+16	1.5473e+17	2.32095e+17	3.09461e+17	3.86826e+17	4.64191e+17	5.41556e+17	6.18921e+17	6.95338e+17	7.58092e+17	7.18879e+17	8.62291e+15	5.68335e+15	5.20784e+15	2.27896e+15	1.44192e+15	2.88384e+15	4.32576e+15	5.76768e+15	7.2096e+15	8.65152e+15	1.00934e+16	1.15354e+16	1.35163e+16	2.38589e+16	9.71288e+16	4.53996e+17	3.28646	3.18228	3.18228	3.18228	3.18228	3.18228	3.18228	3.18228	3.18228	3.18228	3.18228	3.16823	2.99854	1.81393	4.6799	
194026	6.86685e+17	2.79423e+17	1.22276e+17	7.73653e+16	1.54731e+17	2.32096e+17	3.09461e+17	3.86826e+17	4.64192e+17	5.41557e+17	6.18922e+17	6.95326e+17	7.5806e+17	7.19109e+17	8.6233e+15	5.68309e+15	5.20754e+15	2.27883e+15	1.44184e+15	2.88367e+15	4.32551e+15	5.76735e+15	7.20918e+15	8.65102e+15	1.00929e+16	1.15347e+16	1.35233e+16	2.38792e+16	9.69891e+16	4.53996e+17	3.28825	3.18424	3.18424	3.18424	3.18424	3.18424	3.18424	3.18424	3.18424	3.18424	3.18424	3.17011	3.0004	1.81366	4.67974	
194276	6.86686e+17	2.79424e+17	1.22277e+17	7.73654e+16	1.54731e+17	2.32096e+17	3.09462e+17	3.86827e+17	4.64192e+17	5.41558e+17	6.18923e+17	6.95315e+17	7.58027e+17	7.19335e+17	8.62369e+15	5.68283e+15	5.20724e+15	2.2787e+15	1.44175e+15	2.88351e+15	4.32526e+15	5.76702e+15	7.20877e+15	8.65053e+15	1.00923e+16	1.1534e+16	1.35302e+16	2.38995e+16	9.68512e+16	4.53996e+17	3.29002	3.18618	3.18618	3.18618	3.18618	3.18618	3.18618	3.18618	3.18618	3.18618	3.18618	3.17198	3.00225	1.8134	4.67958	
194527	6.86686e+17	2.79424e+17	1.22277e+17	7.73655e+16	1.54731e+17	2.32097e+17	3.09462e+17	3.86828e+17	4.64193e+17	5.41559e+17	6.18924e+17	6.95304e+17	7.57994e+17	7.19562e+17	8.62408e+15	5.68257e+15	5.20695e+15	2.27857e+15	1.44167e+15	2.88335e+15	4.32502e+15	5.76669e+15	7.20836e+15	8.65004e+15	1.00917e+16	1.15334e+16	1.35371e+16	2.39198e+16	9.67136e+16	4.53996e+17	3.29178	3.18812	3.18812	3.18812	3.18812	3.18812	3.18812	3.18812	3.18812	3.18812	3.18812	3.17384	3.00409	1.81314	4.67942	
194780	6.86687e+17	2.79425e+17	1.22277e+17	7.73657e+16	1.54731e+17	2.32097e+17	3.09463e+17	3.86828e+17	4.64194e+17	5.4156e+17	6.18925e+17	6.95292e+17	7.5796e+17	7.1979e+17	8.62449e+15	5.68231e+15	5.20665e+15	2.27844e+15	1.44159e+15	2.88318e+15	4.32477e+15	5.76636e+15	7.20795e+15	8.64954e+15	1.00911e+16	1.15327e+16	1.3544e+16	2.39406e+16	9.65746e+16	4.53996e+17	3.29357	3.19008	3.19008	3.19008	3.19008	3.19008	3.19008	3.19008	3.19008	3.19008	3.19008	3.17572	3.00595	1.81288	4.67926	
195030	6.86687e+17	2.79425e+17	1.22277e+17	7.73658e+16	1.54732e+17	2.32097e+17	3.09463e+17	3.86829e+17	4.64195e+17	5.41561e+17	6.18926e+17	6.95281e+17	7.57927e+17	7.20016e+17	8.62489e+15	5.68205e+15	5.20636e+15	2.27832e+15	1.44151e+15	2.88302e+15	4.32453e+15	5.76604e+15	7.20754e+15	8.64905e+15	1.00906e+16	1.15321e+16	1.35508e+16	2.39612e+16	9.64375e+16	4.53996e+17	3.29533	3.19201	3.19201	3.19201	3.19201	3.19201	3.19201	3.19201	3.19201	3.19201	3.19201	3.17757	3.00779	1.81262	4.6791	
195280	6.86688e+17	2.79426e+17	1.22277e+17	7.73659e+16	1.54732e+17	2.32098e+17	3.09464e+17	3.8683e+17	4.64196e+17	5.41561e+17	6.18927e+17	6.9527e+17	7.57893e+17	7.2024e+17	8.62531e+15	5.6818e+15	5.20607e+15	2.27819e+15	1.44143e+15	2.88286e+15	4.32428e+15	5.76571e+15	7.20714e+15	8.64857e+15	1.009e+16	1.15314e+16	1.35576e+16	2.3982e+16	9.63008e+16	4.53996e+17	3.29709	3.19394	3.19394	3.19394	3.19394	3.19394	3.19394	3.19394	3.19394	3.19394	3.19394	3.17942	3.00962	1.81237	4.67893	
195531	6.86688e+17	2.79426e+17	1.22278e+17	7.73661e+16	1.54732e+17	2.32098e+17	3.09464e+17	3.8683e+17	4.64196e+17	5.41562e+17	6.18928e+17	6.95259e+17	7.5786e+17	7.20465e+17	8.62572e+15	5.68154e+15	5.20578e+15	2.27806e+15	1.44135e+15	2.8827e+15	4.32404e+15	5.76539e+15	7.20674e+15	8.64809e+15	1.00894e+16	1.15308e+16	1.35644e+16	2.4003e+16	9.61641e+16	4.53996e+17	3.29885	3.19587	3.19587	3.19587	3.19587	3.19587	3.19587	3.19587	3.19587	3.19587	3.19587	3.18127	3.01145	1.81212	4.67876	
195781	6.86689e+17	2.79427e+17	1.22278e+17	7.73662e+16	1.54732e+17	2.32099e+17	3.09465e+17	3.86831e+17	4.64197e+17	5.41563e+17	6.1893e+17	6.95248e+17	7.57826e+17	7.20689e+17	8.62615e+15	5.68129e+15	5.20549e+15	2.27793e+15	1.44127e+15	2.88253e+15	4.3238e+15	5.76507e+15	7.20634e+15	8.6476e+15	1.00889e+16	1.15301e+16	1.35712e+16	2.4024e+16	9.60279e+16	4.53996e+17	3.3006	3.19779	3.19779	3.19779	3.19779	3.19779	3.19779	3.19779	3.19779	3.19779	3.19779	3.18312	3.01328	1.81187	4.67859	
196034	6.86689e+17	2.79427e+17	1.22278e+17	7.73663e+16	1.54733e+17	2.32099e+17	3.09465e+17	3.86832e+17	4.64198e+17	5.41564e+17	6.18931e+17	6.95237e+17	7.57791e+17	7.20915e+17	8.62658e+15	5.68103e+15	5.20519e+15	2.27781e+15	1.44119e+15	2.88237e+15	4.32356e+15	5.76475e+15	7.20593e+15	8.64712e+15	1.00883e+16	1.15295e+16	1.3578e+16	2.40454e+16	9.58904e+16	4.53996e+17	3.30237	3.19973	3.19973	3.19973	3.19973	3.19973	3.19973	3.19973	3.19973	3.19973	3.19973	3.18498	3.01512	1.81162	4.67842	
196284	6.8669e+17	2.79428e+17	1.22278e+17	7.73665e+16	1.54733e+17	2.32099e+17	3.09466e+17	3.86832e+17	4.64199e+17	5.41565e+17	6.18932e+17	6.95226e+17	7.57756e+17	7.21138e+17	8.62701e+15	5.68078e+15	5.20491e+15	2.27768e+15	1.44111e+15	2.88221e+15	4.32332e+15	5.76443e+15	7.20554e+15	8.64664e+15	1.00877e+16	1.15289e+16	1.35847e+16	2.40668e+16	9.57548e+16	4.53996e+17	3.30412	3.20164	3.20164	3.20164	3.20164	3.20164	3.20164	3.20164	3.20164	3.20164	3.20164	3.18682	3.01694	1.81137	4.67824	
196535	6.8669e+17	2.79428e+17	1.22278e+17	7.73666e+16	1.54733e+17	2.321e+17	3.09466e+17	3.86833e+17	4.64199e+17	5.41566e+17	6.18933e+17	6.95215e+17	7.57722e+17	7.2136e+17	8.62746e+15	5.68053e+15	5.20462e+15	2.27756e+15	1.44103e+15	2.88206e+15	4.32308e+15	5.76411e+15	7.20514e+15	8.64617e+15	1.00872e+16	1.15282e+16	1.35915e+16	2.40883e+16	9.56192e+16	4.53996e+17	3.30587	3.20355	3.20355	3.20355	3.20355	3.20355	3.20355	3.20355	3.20355	3.20355	3.20355	3.18866	3.01876	1.81112	4.67806	
196788	6.86691e+17	2.79429e+17	1.22279e+17	7.73667e+16	1.54733e+17	2.321e+17	3.09467e+17	3.86834e+17	4.642e+17	5.41567e+17	6.18934e+17	6.95204e+17	7.57687e+17	7.21585e+17	8.62791e+15	5.68028e+15	5.20433e+15	2.27743e+15	1.44095e+15	2.8819e+15	4.32284e+15	5.76379e+15	7.20474e+15	8.64569e+15	1.00866e+16	1.15276e+16	1.35982e+16	2.41101e+16	9.54826e+16	4.53996e+17	3.30763	3.20548	3.20548	3.20548	3.20548	3.20548	3.20548	3.20548	3.20548	3.20548	3.20548	3.19051	3.0206	1.81088	4.67788	
197038	6.86691e+17	2.79429e+17	1.22279e+17	7.73668e+16	1.54734e+17	2.32101e+17	3.09467e+17	3.86834e+17	4.64201e+17	5.41568e+17	6.18935e+17	6.95193e+17	7.57651e+17	7.21806e+17	8.62836e+15	5.68003e+15	5.20405e+15	2.2773e+15	1.44087e+15	2.88174e+15	4.32261e+15	5.76348e+15	7.20435e+15	8.64522e+15	1.00861e+16	1.1527e+16	1.36049e+16	2.41318e+16	9.53477e+16	4.53996e+17	3.30937	3.20739	3.20739	3.20739	3.20739	3.20739	3.20739	3.20739	3.20739	3.20739	3.20739	3.19234	3.02241	1.81064	4.6777	
197289	6.86691e+17	2.79429e+17	1.22279e+17	7.7367e+16	1.54734e+17	2.32101e+17	3.09468e+17	3.86835e+17	4.64202e+17	5.41569e+17	6.18936e+17	6.95182e+17	7.57616e+17	7.22028e+17	8.62882e+15	5.67978e+15	5.20376e+15	2.27718e+15	1.44079e+15	2.88158e+15	4.32237e+15	5.76316e+15	7.20395e+15	8.64475e+15	1.00855e+16	1.15263e+16	1.36115e+16	2.41537e+16	9.52129e+16	4.53996e+17	3.31111	3.20929	3.20929	3.20929	3.20929	3.20929	3.20929	3.20929	3.20929	3.20929	3.20929	3.19417	3.02422	1.8104	4.67751	
197542	6.86692e+17	2.7943e+17	1.22279e+17	7.73671e+16	1.54734e+17	2.32101e+17	3.09468e+17	3.86835e+17	4.64203e+17	5.4157e+17	6.18937e+17	6.95171e+17	7.5758e+17	7.22251e+17	8.62929e+15	5.67953e+15	5.20348e+15	2.27706e+15	1.44071e+15	2.88142e+15	4.32214e+15	5.76285e+15	7.20356e+15	8.64427e+15	1.0085e+16	1.15257e+16	1.36182e+16	2.41759e+16	9.50773e+16	4.53996e+17	3.31287	3.21121	3.21121	3.21121	3.21121	3.21121	3.21121	3.21121	3.21121	3.21121	3.21121	3.19602	3.02605	1.81016	4.67732	
197792	6.86692e+17	2.7943e+17	1.22279e+17	7.73672e+16	1.54734e+17	2.32102e+17	3.09469e+17	3.86836e+17	4.64203e+17	5.41571e+17	6.18938e+17	6.9516e+17	7.57545e+17	7.22471e+17	8.62976e+15	5.67929e+15	5.2032e+15	2.27693e+15	1.44063e+15	2.88127e+15	4.3219e+15	5.76254e+15	7.20317e+15	8.64381e+15	1.00844e+16	1.15251e+16	1.36248e+16	2.4198e+16	9.49431e+16	4.53996e+17	3.3146	3.21311	3.21311	3.21311	3.21311	3.21311	3.21311	3.21311	3.21311	3.21311	3.21311	3.19784	3.02785	1.80992	4.67714	
198043	6.86693e+17	2.79431e+17	1.2228e+17	7.73673e+16	1.54735e+17	2.32102e+17	3.09469e+17	3.86837e+17	4.64204e+17	5.41571e+17	6.18939e+17	6.95149e+17	7.57509e+17	7.22691e+17	8.63024e+15	5.67905e+15	5.20292e+15	2.27681e+15	1.44056e+15	2.88111e+15	4.32167e+15	5.76223e+15	7.20278e+15	8.64334e+15	1.00839e+16	1.15245e+16	1.36314e+16	2.42203e+16	9.48094e+16	4.53996e+17	3.31633	3.215	3.215	3.215	3.215	3.215	3.215	3.215	3.215	3.215	3.215	3.19966	3.02965	1.80969	4.67694	
198293	6.86693e+17	2.79431e+17	1.2228e+17	7.73675e+16	1.54735e+17	2.32102e+17	3.0947e+17	3.86837e+17	4.64205e+17	5.41572e+17	6.1894e+17	6.95139e+17	7.57473e+17	7.2291e+17	8.63072e+15	5.6788e+15	5.20264e+15	2.27669e+15	1.44048e+15	2.88096e+15	4.32144e+15	5.76192e+15	7.2024e+15	8.64288e+15	1.00834e+16	1.15238e+16	1.36379e+16	2.42426e+16	9.46759e+16	4.53996e+17	3.31806	3.21689	3.21689	3.21689	3.21689	3.21689	3.21689	3.21689	3.21689	3.21689	3.21689	3.20148	3.03145	1.80946	4.67675	
198543	6.86694e+17	2.79432e+17	1.2228e+17	7.73676e+16	1.54735e+17	2.32103e+17	3.0947e+17	3.86838e+17	4.64206e+17	5.41573e+17	6.18941e+17	6.95128e+17	7.57436e+17	7.23129e+17	8.63121e+15	5.67856e+15	5.20236e+15	2.27657e+15	1.4404e+15	2.88081e+15	4.32121e+15	5.76161e+15	7.20201e+15	8.64242e+15	1.00828e+16	1.15232e+16	1.36445e+16	2.42651e+16	9.45428e+16	4.53996e+17	3.31979	3.21878	3.21878	3.21878	3.21878	3.21878	3.21878	3.21878	3.21878	3.21878	3.21878	3.20329	3.03324	1.80923	4.67655	
198793	6.86694e+17	2.79432e+17	1.2228e+17	7.73677e+16	1.54735e+17	2.32103e+17	3.09471e+17	3.86839e+17	4.64206e+17	5.41574e+17	6.18942e+17	6.95117e+17	7.574e+17	7.23346e+17	8.6317e+15	5.67832e+15	5.20209e+15	2.27645e+15	1.44033e+15	2.88065e+15	4.32098e+15	5.76131e+15	7.20163e+15	8.64196e+15	1.00823e+16	1.15226e+16	1.3651e+16	2.42876e+16	9.441e+16	4.53996e+17	3.32151	3.22066	3.22066	3.22066	3.22066	3.22066	3.22066	3.22066	3.22066	3.22066	3.22066	3.2051	3.03503	1.809	4.67635	
199043	6.86695e+17	2.79433e+17	1.2228e+17	7.73678e+16	1.54736e+17	2.32104e+17	3.09471e+17	3.86839e+17	4.64207e+17	5.41575e+17	6.18943e+17	6.95107e+17	7.57363e+17	7.23564e+17	8.6322e+15	5.67808e+15	5.20181e+15	2.27633e+15	1.44025e+15	2.8805e+15	4.32075e+15	5.761e+15	7.20125e+15	8.6415e+15	1.00818e+16	1.1522e+16	1.36575e+16	2.43103e+16	9.42776e+16	4.53996e+17	3.32323	3.22254	3.22254	3.22254	3.22254	3.22254	3.22254	3.22254	3.22254	3.22254	3.22254	3.2069	3.03682	1.80877	4.67615	
199294	6.86695e+17	2.79433e+17	1.22281e+17	7.7368e+16	1.54736e+17	2.32104e+17	3.09472e+17	3.8684e+17	4.64208e+17	5.41576e+17	6.18944e+17	6.95096e+17	7.57327e+17	7.23781e+17	8.63271e+15	5.67784e+15	5.20154e+15	2.27621e+15	1.44017e+15	2.88035e+15	4.32052e+15	5.7607e+15	7.20087e+15	8.64105e+15	1.00812e+16	1.15214e+16	1.36639e+16	2.43331e+16	9.41452e+16	4.53996e+17	3.32495	3.22441	3.22441	3.22441	3.22441	3.22441	3.22441	3.22441	3.22441	3.22441	3.22441	3.20871	3.0386	1.80855	4.67595	
199545	6.86696e+17	2.79434e+17	1.22281e+17	7.73681e+16	1.54736e+17	2.32104e+17	3.09472e+17	3.8684e+17	4.64209e+17	5.41577e+17	6.18945e+17	6.95085e+17	7.5729e+17	7.23998e+17	8.63323e+15	5.67761e+15	5.20127e+15	2.27609e+15	1.4401e+15	2.8802e+15	4.3203e+15	5.7604e+15	7.20049e+15	8.64059e+15	1.00807e+16	1.15208e+16	1.36704e+16	2.43561e+16	9.40129e+16	4.53996e+17	3.32667	3.22629	3.22629	3.22629	3.22629	3.22629	3.22629	3.22629	3.22629	3.22629	3.22629	3.21051	3.04039	1.80832	4.67574	
199798	6.86696e+17	2.79434e+17	1.22281e+17	7.73682e+16	1.54736e+17	2.32105e+17	3.09473e+17	3.86841e+17	4.64209e+17	5.41578e+17	6.18946e+17	6.95075e+17	7.57252e+17	7.24217e+17	8.63376e+15	5.67737e+15	5.20099e+15	2.27597e+15	1.44002e+15	2.88005e+15	4.32007e+15	5.76009e+15	7.20011e+15	8.64014e+15	1.00802e+16	1.15202e+16	1.36769e+16	2.43794e+16	9.38796e+16	4.53996e+17	3.3284	3.22818	3.22818	3.22818	3.22818	3.22818	3.22818	3.22818	3.22818	3.22818	3.22818	3.21233	3.04218	1.8081	4.67553	
200000	6.86696e+17	2.79434e+17	1.22281e+17	7.73683e+16	1.54737e+17	2.32105e+17	3.09473e+17	3.86842e+17	4.6421e+17	5.41578e+17	6.18947e+17	6.95066e+17	7.57222e+17	7.24391e+17	8.63419e+15	5.67718e+15	5.20077e+15	2.27587e+15	1.43996e+15	2.87992e+15	4.31989e+15	5.75985e+15	7.19981e+15	8.63977e+15	1.00797e+16	1.15197e+16	1.36821e+16	2.4398e+16	9.37735e+16	4.53996e+17	3.32978	3.22969	3.22969	3.22969	3.22969	3.22969	3.22969	3.22969	3.22969	3.22969	3.22969	3.21379	3.04362	1.80792	4.67536	
