Time	Carb1	Carb2	Carb3	Carb4	Carb5	Carb6	Carb7	Carb8	Carb9	Carb10	Carb11	Carb12	Carb13	Carb14	Carb15	Sil1	Sil2	Sil3	Sil4	Sil5	Sil6	Sil7	Sil8	Sil9	Sil10	Sil11	Sil12	Sil13	Sil14	Sil15	c131	c132	c133	c134	c135	c136	c137	c138	c139	c1310	c1311	c1312	c1313	c1314	c1315	
0	6.8679e+17	2.79524e+17	1.22321e+17	7.73932e+16	1.54786e+17	2.3218e+17	3.09573e+17	3.86966e+17	4.64359e+17	5.41753e+17	6.19146e+17	6.96539e+17	7.5909e+17	2.85587e+17	5.49164e+15	5.6223e+15	5.13779e+15	2.24831e+15	1.42252e+15	2.84505e+15	4.26757e+15	5.69009e+15	7.11261e+15	8.53514e+15	9.95766e+15	1.13802e+16	1.28027e+16	2.32723e+16	2.63861e+17	2.89924e+17	4.68986	4.68986	4.68986	4.68986	4.68986	4.68986	4.68986	4.68986	4.68986	4.68986	4.68986	4.68986	4.68986	4.68986	4.68986	
252.681	6.86548e+17	2.79491e+17	1.22306e+17	7.73841e+16	1.54768e+17	2.32152e+17	3.09536e+17	3.8692e+17	4.64304e+17	5.41689e+17	6.19073e+17	6.96106e+17	7.58199e+17	3.3524e+17	8.60084e+15	5.62032e+15	5.13719e+15	2.24804e+15	1.42235e+15	2.84472e+15	4.26706e+15	5.68942e+15	7.11177e+15	8.53414e+15	9.95648e+15	1.13789e+16	1.27947e+16	2.3245e+16	3.09737e+17	4.5407e+17	4.68986	4.68986	4.68986	4.68986	4.68986	4.68986	4.68986	4.68986	4.68986	4.68986	4.68986	4.68986	4.68986	4.68986	4.68986	
503.024	6.86548e+17	2.79491e+17	1.22306e+17	7.73841e+16	1.54768e+17	2.32152e+17	3.09536e+17	3.8692e+17	4.64304e+17	5.41688e+17	6.19072e+17	6.96117e+17	7.58298e+17	3.35257e+17	8.60077e+15	5.62032e+15	5.13719e+15	2.24804e+15	1.42235e+15	2.84472e+15	4.26706e+15	5.68941e+15	7.11177e+15	8.53414e+15	9.95647e+15	1.13788e+16	1.27949e+16	2.3248e+16	3.09752e+17	4.54066e+17	4.68986	4.68986	4.68986	4.68986	4.68986	4.68986	4.68986	4.68986	4.68986	4.68986	4.68986	4.68986	4.68986	4.68986	4.68986	
753.859	6.86547e+17	2.79491e+17	1.22306e+17	7.7384e+16	1.54768e+17	2.32152e+17	3.09536e+17	3.8692e+17	4.64304e+17	5.41688e+17	6.19072e+17	6.96123e+17	7.58345e+17	3.35248e+17	8.6001e+15	5.62031e+15	5.13719e+15	2.24804e+15	1.42235e+15	2.84472e+15	4.26706e+15	5.68941e+15	7.11177e+15	8.53413e+15	9.95647e+15	1.13788e+16	1.2795e+16	2.32495e+16	3.09744e+17	4.54031e+17	4.68986	4.68986	4.68986	4.68986	4.68986	4.68986	4.68986	4.68986	4.68986	4.68986	4.68986	4.68986	4.68986	4.68986	4.68986	
1005.21	6.86547e+17	2.79491e+17	1.22306e+17	7.7384e+16	1.54768e+17	2.32152e+17	3.09536e+17	3.8692e+17	4.64304e+17	5.41688e+17	6.19072e+17	6.96126e+17	7.58373e+17	3.35238e+17	8.6001e+15	5.62031e+15	5.13718e+15	2.24803e+15	1.42235e+15	2.84472e+15	4.26706e+15	5.68941e+15	7.11177e+15	8.53413e+15	9.95647e+15	1.13788e+16	1.27951e+16	2.32503e+16	3.09735e+17	4.54031e+17	4.68986	4.68986	4.68986	4.68986	4.68986	4.68986	4.68986	4.68986	4.68986	4.68986	4.68986	4.68986	4.68986	4.68986	4.68986	
1255.64	6.86547e+17	2.79491e+17	1.22306e+17	7.7384e+16	1.54768e+17	2.32152e+17	3.09536e+17	3.8692e+17	4.64304e+17	5.41688e+17	6.19072e+17	6.96128e+17	7.58392e+17	3.3523e+17	8.6001e+15	5.62031e+15	5.13718e+15	2.24803e+15	1.42235e+15	2.84472e+15	4.26705e+15	5.68941e+15	7.11176e+15	8.53413e+15	9.95646e+15	1.13788e+16	1.27951e+16	2.32509e+16	3.09728e+17	4.54031e+17	4.68986	4.68986	4.68986	4.68986	4.68986	4.68986	4.68986	4.68986	4.68986	4.68986	4.68986	4.68986	4.68986	4.68986	4.68986	
1506.22	6.86547e+17	2.79491e+17	1.22306e+17	7.7384e+16	1.54768e+17	2.32152e+17	3.09536e+17	3.8692e+17	4.64304e+17	5.41688e+17	6.19072e+17	6.96129e+17	7.58406e+17	3.35224e+17	8.6001e+15	5.62031e+15	5.13718e+15	2.24803e+15	1.42235e+15	2.84472e+15	4.26705e+15	5.68941e+15	7.11176e+15	8.53413e+15	9.95646e+15	1.13788e+16	1.27952e+16	2.32513e+16	3.09722e+17	4.54031e+17	4.68986	4.68986	4.68986	4.68986	4.68986	4.68986	4.68986	4.68986	4.68986	4.68986	4.68986	4.68986	4.68986	4.68986	4.68986	
1757.2	6.86547e+17	2.79491e+17	1.22306e+17	7.7384e+16	1.54768e+17	2.32152e+17	3.09536e+17	3.8692e+17	4.64304e+17	5.41688e+17	6.19072e+17	6.9613e+17	7.58417e+17	3.3522e+17	8.6001e+15	5.62031e+15	5.13718e+15	2.24803e+15	1.42235e+15	2.84472e+15	4.26705e+15	5.68941e+15	7.11176e+15	8.53412e+15	9.95646e+15	1.13788e+16	1.27952e+16	2.32517e+16	3.09718e+17	4.54031e+17	4.68986	4.68986	4.68986	4.68986	4.68986	4.68986	4.68986	4.68986	4.68986	4.68986	4.68986	4.68986	4.68986	4.68986	4.68986	
2007.76	6.86547e+17	2.79491e+17	1.22306e+17	7.73839e+16	1.54768e+17	2.32152e+17	3.09536e+17	3.8692e+17	4.64304e+17	5.41688e+17	6.19072e+17	6.96131e+17	7.58427e+17	3.35216e+17	8.6001e+15	5.62031e+15	5.13718e+15	2.24803e+15	1.42235e+15	2.84472e+15	4.26705e+15	5.68941e+15	7.11176e+15	8.53412e+15	9.95646e+15	1.13788e+16	1.27952e+16	2.3252e+16	3.09715e+17	4.54031e+17	4.68986	4.68986	4.68986	4.68986	4.68986	4.68986	4.68986	4.68986	4.68986	4.68986	4.68986	4.68986	4.68986	4.68986	4.68986	
2258.76	6.86546e+17	2.79491e+17	1.22306e+17	7.73839e+16	1.54768e+17	2.32152e+17	3.09536e+17	3.8692e+17	4.64304e+17	5.41688e+17	6.19071e+17	6.96132e+17	7.58436e+17	3.35214e+17	8.6001e+15	5.62031e+15	5.13718e+15	2.24803e+15	1.42235e+15	2.84472e+15	4.26705e+15	5.6894e+15	7.11176e+15	8.53412e+15	9.95646e+15	1.13788e+16	1.27952e+16	2.32522e+16	3.09713e+17	4.54031e+17	4.68986	4.68986	4.68986	4.68986	4.68986	4.68986	4.68986	4.68986	4.68986	4.68986	4.68986	4.68986	4.68986	4.68986	4.68986	
2510.08	6.86546e+17	2.79491e+17	1.22306e+17	7.73839e+16	1.54768e+17	2.32152e+17	3.09536e+17	3.8692e+17	4.64304e+17	5.41687e+17	6.19071e+17	6.96132e+17	7.58443e+17	3.35212e+17	8.6001e+15	5.62031e+15	5.13718e+15	2.24803e+15	1.42235e+15	2.84472e+15	4.26705e+15	5.6894e+15	7.11176e+15	8.53412e+15	9.95646e+15	1.13788e+16	1.27952e+16	2.32525e+16	3.09711e+17	4.54031e+17	4.68986	4.68986	4.68986	4.68986	4.68986	4.68986	4.68986	4.68986	4.68986	4.68986	4.68986	4.68986	4.68986	4.68986	4.68986	
2760.58	6.86546e+17	2.79491e+17	1.22306e+17	7.73839e+16	1.54768e+17	2.32152e+17	3.09536e+17	3.8692e+17	4.64303e+17	5.41687e+17	6.19071e+17	6.96133e+17	7.5845e+17	3.3521e+17	8.6001e+15	5.62031e+15	5.13718e+15	2.24803e+15	1.42235e+15	2.84472e+15	4.26705e+15	5.6894e+15	7.11176e+15	8.53412e+15	9.95645e+15	1.13788e+16	1.27952e+16	2.32527e+16	3.09709e+17	4.54031e+17	4.68986	4.68986	4.68986	4.68986	4.68986	4.68986	4.68986	4.68986	4.68986	4.68986	4.68986	4.68986	4.68986	4.68986	4.68986	
3011.83	6.86546e+17	2.79491e+17	1.22306e+17	7.73839e+16	1.54768e+17	2.32152e+17	3.09536e+17	3.8692e+17	4.64303e+17	5.41687e+17	6.19071e+17	6.96133e+17	7.58456e+17	3.35209e+17	8.6001e+15	5.62031e+15	5.13718e+15	2.24803e+15	1.42235e+15	2.84472e+15	4.26705e+15	5.6894e+15	7.11176e+15	8.53412e+15	9.95645e+15	1.13788e+16	1.27952e+16	2.32529e+16	3.09708e+17	4.54031e+17	4.68986	4.68986	4.68986	4.68986	4.68986	4.68986	4.68986	4.68986	4.68986	4.68986	4.68986	4.68986	4.68986	4.68986	4.68986	
3262.15	6.86546e+17	2.79491e+17	1.22306e+17	7.73839e+16	1.54768e+17	2.32152e+17	3.09536e+17	3.86919e+17	4.64303e+17	5.41687e+17	6.19071e+17	6.96133e+17	7.58462e+17	3.35208e+17	8.6001e+15	5.62031e+15	5.13718e+15	2.24803e+15	1.42235e+15	2.84471e+15	4.26705e+15	5.6894e+15	7.11175e+15	8.53412e+15	9.95645e+15	1.13788e+16	1.27952e+16	2.3253e+16	3.09707e+17	4.54031e+17	4.68986	4.68986	4.68986	4.68986	4.68986	4.68986	4.68986	4.68986	4.68986	4.68986	4.68986	4.68986	4.68986	4.68986	4.68986	
3512.71	6.86546e+17	2.79491e+17	1.22306e+17	7.73839e+16	1.54768e+17	2.32152e+17	3.09536e+17	3.86919e+17	4.64303e+17	5.41687e+17	6.19071e+17	6.96134e+17	7.58467e+17	3.35208e+17	8.6001e+15	5.62031e+15	5.13718e+15	2.24803e+15	1.42235e+15	2.84471e+15	4.26705e+15	5.6894e+15	7.11175e+15	8.53412e+15	9.95645e+15	1.13788e+16	1.27952e+16	2.32532e+16	3.09707e+17	4.54031e+17	4.68986	4.68986	4.68986	4.68986	4.68986	4.68986	4.68986	4.68986	4.68986	4.68986	4.68986	4.68986	4.68986	4.68986	4.68986	
3764.19	6.86546e+17	2.79491e+17	1.22306e+17	7.73839e+16	1.54768e+17	2.32152e+17	3.09536e+17	3.86919e+17	4.64303e+17	5.41687e+17	6.19071e+17	6.96134e+17	7.58472e+17	3.35207e+17	8.6001e+15	5.62031e+15	5.13718e+15	2.24803e+15	1.42235e+15	2.84471e+15	4.26705e+15	5.6894e+15	7.11175e+15	8.53412e+15	9.95645e+15	1.13788e+16	1.27953e+16	2.32534e+16	3.09706e+17	4.54031e+17	4.68986	4.68986	4.68986	4.68986	4.68986	4.68986	4.68986	4.68986	4.68986	4.68986	4.68986	4.68986	4.68986	4.68986	4.68986	
4014.97	6.86546e+17	2.79491e+17	1.22306e+17	7.73839e+16	1.54768e+17	2.32152e+17	3.09536e+17	3.86919e+17	4.64303e+17	5.41687e+17	6.19071e+17	6.96134e+17	7.58477e+17	3.35207e+17	8.6001e+15	5.62031e+15	5.13718e+15	2.24803e+15	1.42235e+15	2.84471e+15	4.26705e+15	5.6894e+15	7.11175e+15	8.53411e+15	9.95645e+15	1.13788e+16	1.27953e+16	2.32535e+16	3.09706e+17	4.54031e+17	4.68987	4.68986	4.68986	4.68986	4.68986	4.68986	4.68986	4.68986	4.68986	4.68986	4.68986	4.68986	4.68986	4.68986	4.68986	
4265.4	6.86546e+17	2.79491e+17	1.22306e+17	7.73839e+16	1.54768e+17	2.32152e+17	3.09535e+17	3.86919e+17	4.64303e+17	5.41687e+17	6.19071e+17	6.96134e+17	7.58481e+17	3.35206e+17	8.6001e+15	5.62032e+15	5.13717e+15	2.24803e+15	1.42235e+15	2.84471e+15	4.26705e+15	5.6894e+15	7.11175e+15	8.53411e+15	9.95645e+15	1.13788e+16	1.27953e+16	2.32536e+16	3.09705e+17	4.54031e+17	4.68987	4.68986	4.68986	4.68986	4.68986	4.68986	4.68986	4.68986	4.68986	4.68986	4.68986	4.68986	4.68986	4.68986	4.68986	
4516.65	6.86546e+17	2.79491e+17	1.22306e+17	7.73839e+16	1.54768e+17	2.32152e+17	3.09535e+17	3.86919e+17	4.64303e+17	5.41687e+17	6.19071e+17	6.96134e+17	7.58485e+17	3.35206e+17	8.6001e+15	5.62034e+15	5.13717e+15	2.24803e+15	1.42235e+15	2.84471e+15	4.26705e+15	5.6894e+15	7.11175e+15	8.53411e+15	9.95645e+15	1.13788e+16	1.27953e+16	2.32538e+16	3.09705e+17	4.54031e+17	4.68987	4.68986	4.68986	4.68986	4.68986	4.68986	4.68986	4.68986	4.68986	4.68986	4.68986	4.68986	4.68986	4.68986	4.68986	
4767.14	6.86546e+17	2.7949e+17	1.22306e+17	7.73839e+16	1.54768e+17	2.32152e+17	3.09535e+17	3.86919e+17	4.64303e+17	5.41687e+17	6.19071e+17	6.96134e+17	7.58489e+17	3.35206e+17	8.6001e+15	5.62037e+15	5.13717e+15	2.24803e+15	1.42235e+15	2.84471e+15	4.26705e+15	5.6894e+15	7.11175e+15	8.53411e+15	9.95645e+15	1.13788e+16	1.27953e+16	2.32539e+16	3.09705e+17	4.54031e+17	4.68987	4.68986	4.68986	4.68986	4.68986	4.68986	4.68986	4.68986	4.68986	4.68986	4.68986	4.68986	4.68986	4.68986	4.68986	
5018	6.86546e+17	2.7949e+17	1.22306e+17	7.73839e+16	1.54768e+17	2.32152e+17	3.09535e+17	3.86919e+17	4.64303e+17	5.41687e+17	6.19071e+17	6.96134e+17	7.58492e+17	3.35206e+17	8.6001e+15	5.62042e+15	5.13717e+15	2.24803e+15	1.42235e+15	2.84471e+15	4.26705e+15	5.6894e+15	7.11175e+15	8.53411e+15	9.95645e+15	1.13788e+16	1.27953e+16	2.3254e+16	3.09705e+17	4.54031e+17	4.68988	4.68986	4.68986	4.68986	4.68986	4.68986	4.68986	4.68986	4.68986	4.68986	4.68986	4.68986	4.68986	4.68986	4.68986	
5269.07	6.86546e+17	2.7949e+17	1.22306e+17	7.73839e+16	1.54768e+17	2.32152e+17	3.09535e+17	3.86919e+17	4.64303e+17	5.41687e+17	6.19071e+17	6.96134e+17	7.58495e+17	3.35205e+17	8.6001e+15	5.62051e+15	5.13717e+15	2.24803e+15	1.42235e+15	2.84471e+15	4.26705e+15	5.6894e+15	7.11175e+15	8.53411e+15	9.95645e+15	1.13788e+16	1.27953e+16	2.3254e+16	3.09705e+17	4.54031e+17	4.68989	4.68986	4.68986	4.68986	4.68986	4.68986	4.68986	4.68986	4.68986	4.68986	4.68986	4.68986	4.68986	4.68986	4.68986	
5519.26	6.86546e+17	2.7949e+17	1.22306e+17	7.73839e+16	1.54768e+17	2.32152e+17	3.09535e+17	3.86919e+17	4.64303e+17	5.41687e+17	6.19071e+17	6.96134e+17	7.58497e+17	3.35205e+17	8.6001e+15	5.62064e+15	5.13717e+15	2.24803e+15	1.42235e+15	2.84471e+15	4.26705e+15	5.6894e+15	7.11175e+15	8.53411e+15	9.95645e+15	1.13788e+16	1.27952e+16	2.32541e+16	3.09705e+17	4.54031e+17	4.6899	4.68986	4.68986	4.68986	4.68986	4.68986	4.68986	4.68986	4.68986	4.68986	4.68986	4.68986	4.68986	4.68986	4.68986	
5770.33	6.86545e+17	2.7949e+17	1.22306e+17	7.73839e+16	1.54768e+17	2.32152e+17	3.09535e+17	3.86919e+17	4.64303e+17	5.41687e+17	6.19071e+17	6.96134e+17	7.585e+17	3.35205e+17	8.6001e+15	5.62084e+15	5.13717e+15	2.24803e+15	1.42235e+15	2.84471e+15	4.26705e+15	5.6894e+15	7.11175e+15	8.53411e+15	9.95645e+15	1.13788e+16	1.27952e+16	2.32542e+16	3.09705e+17	4.54031e+17	4.68993	4.68986	4.68986	4.68986	4.68986	4.68986	4.68986	4.68986	4.68986	4.68986	4.68986	4.68986	4.68986	4.68986	4.68986	
6021.61	6.86545e+17	2.7949e+17	1.22306e+17	7.73838e+16	1.54768e+17	2.32152e+17	3.09535e+17	3.86919e+17	4.64303e+17	5.41687e+17	6.19071e+17	6.96133e+17	7.58502e+17	3.35205e+17	8.6001e+15	5.62114e+15	5.13717e+15	2.24803e+15	1.42235e+15	2.84471e+15	4.26705e+15	5.6894e+15	7.11175e+15	8.53411e+15	9.95645e+15	1.13788e+16	1.27952e+16	2.32543e+16	3.09705e+17	4.54031e+17	4.68996	4.68986	4.68986	4.68986	4.68986	4.68986	4.68986	4.68986	4.68986	4.68986	4.68986	4.68986	4.68986	4.68986	4.68986	
6271.92	6.86544e+17	2.7949e+17	1.22306e+17	7.73838e+16	1.54768e+17	2.32152e+17	3.09535e+17	3.86919e+17	4.64303e+17	5.41687e+17	6.19071e+17	6.96133e+17	7.58505e+17	3.35205e+17	8.6001e+15	5.62155e+15	5.13717e+15	2.24803e+15	1.42235e+15	2.84471e+15	4.26705e+15	5.6894e+15	7.11175e+15	8.53411e+15	9.95645e+15	1.13788e+16	1.27952e+16	2.32544e+16	3.09704e+17	4.54031e+17	4.69001	4.68986	4.68986	4.68986	4.68986	4.68986	4.68986	4.68986	4.68986	4.68986	4.68986	4.68986	4.68986	4.68986	4.68986	
6522.95	6.86543e+17	2.7949e+17	1.22306e+17	7.73838e+16	1.54768e+17	2.32152e+17	3.09535e+17	3.86919e+17	4.64303e+17	5.41687e+17	6.19071e+17	6.96133e+17	7.58507e+17	3.35205e+17	8.6001e+15	5.62213e+15	5.13717e+15	2.24803e+15	1.42235e+15	2.84471e+15	4.26705e+15	5.6894e+15	7.11175e+15	8.53411e+15	9.95645e+15	1.13788e+16	1.27952e+16	2.32544e+16	3.09704e+17	4.54031e+17	4.69008	4.68986	4.68986	4.68986	4.68986	4.68986	4.68986	4.68986	4.68986	4.68986	4.68986	4.68986	4.68986	4.68986	4.68986	
6773.63	6.86542e+17	2.7949e+17	1.22306e+17	7.73838e+16	1.54768e+17	2.32152e+17	3.09535e+17	3.86919e+17	4.64303e+17	5.41687e+17	6.19071e+17	6.96133e+17	7.58509e+17	3.35205e+17	8.6001e+15	5.62291e+15	5.13717e+15	2.24803e+15	1.42235e+15	2.84471e+15	4.26705e+15	5.6894e+15	7.11175e+15	8.53411e+15	9.95645e+15	1.13788e+16	1.27952e+16	2.32545e+16	3.09704e+17	4.54031e+17	4.69018	4.68986	4.68986	4.68986	4.68986	4.68986	4.68986	4.68986	4.68986	4.68986	4.68986	4.68986	4.68986	4.68986	4.68986	
7024.26	6.8654e+17	2.7949e+17	1.22306e+17	7.73838e+16	1.54768e+17	2.32152e+17	3.09535e+17	3.86919e+17	4.64303e+17	5.41687e+17	6.19071e+17	6.96133e+17	7.58511e+17	3.35205e+17	8.6001e+15	5.62396e+15	5.13717e+15	2.24803e+15	1.42235e+15	2.84471e+15	4.26705e+15	5.6894e+15	7.11175e+15	8.53411e+15	9.95645e+15	1.13788e+16	1.27952e+16	2.32545e+16	3.09704e+17	4.54031e+17	4.69031	4.68986	4.68986	4.68986	4.68986	4.68986	4.68986	4.68986	4.68986	4.68986	4.68986	4.68986	4.68986	4.68986	4.68986	
7275.73	6.86538e+17	2.7949e+17	1.22306e+17	7.73838e+16	1.54768e+17	2.32152e+17	3.09535e+17	3.86919e+17	4.64303e+17	5.41687e+17	6.19071e+17	6.96133e+17	7.58513e+17	3.35205e+17	8.6001e+15	5.62532e+15	5.13717e+15	2.24803e+15	1.42235e+15	2.84471e+15	4.26705e+15	5.6894e+15	7.11175e+15	8.53411e+15	9.95645e+15	1.13788e+16	1.27952e+16	2.32546e+16	3.09704e+17	4.54031e+17	4.69048	4.68986	4.68986	4.68986	4.68986	4.68986	4.68986	4.68986	4.68986	4.68986	4.68986	4.68986	4.68986	4.68986	4.68986	
7529.76	6.86535e+17	2.7949e+17	1.22306e+17	7.73838e+16	1.54768e+17	2.32152e+17	3.09535e+17	3.86919e+17	4.64303e+17	5.41687e+17	6.19071e+17	6.96132e+17	7.58514e+17	3.35205e+17	8.6001e+15	5.62708e+15	5.13717e+15	2.24803e+15	1.42235e+15	2.84471e+15	4.26705e+15	5.6894e+15	7.11175e+15	8.53411e+15	9.95645e+15	1.13788e+16	1.27952e+16	2.32547e+16	3.09704e+17	4.54031e+17	4.69069	4.68986	4.68986	4.68986	4.68986	4.68986	4.68986	4.68986	4.68986	4.68986	4.68986	4.68986	4.68986	4.68986	4.68986	
7780.79	6.86532e+17	2.7949e+17	1.22306e+17	7.73838e+16	1.54768e+17	2.32151e+17	3.09535e+17	3.86919e+17	4.64303e+17	5.41687e+17	6.19071e+17	6.96132e+17	7.58516e+17	3.35205e+17	8.6001e+15	5.62928e+15	5.13717e+15	2.24803e+15	1.42235e+15	2.84471e+15	4.26705e+15	5.6894e+15	7.11175e+15	8.53411e+15	9.95645e+15	1.13788e+16	1.27952e+16	2.32547e+16	3.09704e+17	4.54031e+17	4.69096	4.68986	4.68986	4.68986	4.68986	4.68986	4.68986	4.68986	4.68986	4.68986	4.68986	4.68986	4.68986	4.68986	4.68986	
8031.48	6.86528e+17	2.7949e+17	1.22306e+17	7.73838e+16	1.54768e+17	2.32151e+17	3.09535e+17	3.86919e+17	4.64303e+17	5.41687e+17	6.19071e+17	6.96132e+17	7.58518e+17	3.35205e+17	8.6001e+15	5.63199e+15	5.13717e+15	2.24803e+15	1.42235e+15	2.84471e+15	4.26705e+15	5.6894e+15	7.11175e+15	8.53411e+15	9.95645e+15	1.13788e+16	1.27952e+16	2.32548e+16	3.09704e+17	4.54031e+17	4.6913	4.68986	4.68986	4.68986	4.68986	4.68986	4.68986	4.68986	4.68986	4.68986	4.68986	4.68986	4.68986	4.68986	4.68986	
8282.11	6.86522e+17	2.7949e+17	1.22306e+17	7.73838e+16	1.54768e+17	2.32151e+17	3.09535e+17	3.86919e+17	4.64303e+17	5.41687e+17	6.19071e+17	6.96132e+17	7.58519e+17	3.35205e+17	8.6001e+15	5.63529e+15	5.13718e+15	2.24803e+15	1.42235e+15	2.84471e+15	4.26705e+15	5.6894e+15	7.11175e+15	8.53412e+15	9.95645e+15	1.13788e+16	1.27952e+16	2.32548e+16	3.09704e+17	4.54031e+17	4.69171	4.68987	4.68987	4.68987	4.68987	4.68987	4.68987	4.68987	4.68987	4.68987	4.68987	4.68986	4.68986	4.68986	4.68986	
8533.58	6.86516e+17	2.7949e+17	1.22306e+17	7.73838e+16	1.54768e+17	2.32151e+17	3.09535e+17	3.86919e+17	4.64303e+17	5.41687e+17	6.19071e+17	6.96131e+17	7.5852e+17	3.35205e+17	8.6001e+15	5.63927e+15	5.13718e+15	2.24803e+15	1.42235e+15	2.84472e+15	4.26705e+15	5.6894e+15	7.11176e+15	8.53412e+15	9.95645e+15	1.13788e+16	1.27952e+16	2.32548e+16	3.09704e+17	4.54031e+17	4.6922	4.68987	4.68987	4.68987	4.68987	4.68987	4.68987	4.68987	4.68987	4.68987	4.68987	4.68986	4.68986	4.68986	4.68986	
8787.61	6.86508e+17	2.7949e+17	1.22306e+17	7.73838e+16	1.54768e+17	2.32151e+17	3.09535e+17	3.86919e+17	4.64303e+17	5.41687e+17	6.19071e+17	6.96131e+17	7.58522e+17	3.35205e+17	8.6001e+15	5.64405e+15	5.13718e+15	2.24803e+15	1.42235e+15	2.84472e+15	4.26705e+15	5.68941e+15	7.11176e+15	8.53412e+15	9.95646e+15	1.13788e+16	1.27952e+16	2.32549e+16	3.09704e+17	4.54031e+17	4.6928	4.68987	4.68987	4.68987	4.68987	4.68987	4.68987	4.68987	4.68987	4.68987	4.68987	4.68986	4.68986	4.68986	4.68986	
9038.64	6.865e+17	2.7949e+17	1.22306e+17	7.73838e+16	1.54768e+17	2.32151e+17	3.09535e+17	3.86919e+17	4.64303e+17	5.41687e+17	6.19071e+17	6.96131e+17	7.58523e+17	3.35205e+17	8.6001e+15	5.64957e+15	5.13718e+15	2.24803e+15	1.42235e+15	2.84472e+15	4.26705e+15	5.68941e+15	7.11176e+15	8.53413e+15	9.95646e+15	1.13788e+16	1.27952e+16	2.32549e+16	3.09704e+17	4.54031e+17	4.69348	4.68987	4.68987	4.68987	4.68987	4.68987	4.68987	4.68987	4.68987	4.68987	4.68987	4.68986	4.68986	4.68986	4.68986	
9289.33	6.8649e+17	2.7949e+17	1.22306e+17	7.73838e+16	1.54768e+17	2.32151e+17	3.09535e+17	3.86919e+17	4.64303e+17	5.41687e+17	6.19071e+17	6.96131e+17	7.58524e+17	3.35205e+17	8.6001e+15	5.65596e+15	5.13719e+15	2.24804e+15	1.42235e+15	2.84472e+15	4.26706e+15	5.68941e+15	7.11177e+15	8.53413e+15	9.95647e+15	1.13788e+16	1.27952e+16	2.3255e+16	3.09705e+17	4.54031e+17	4.69428	4.68987	4.68987	4.68987	4.68987	4.68987	4.68987	4.68987	4.68987	4.68987	4.68987	4.68986	4.68986	4.68986	4.68986	
9539.96	6.86478e+17	2.7949e+17	1.22306e+17	7.73838e+16	1.54768e+17	2.32151e+17	3.09535e+17	3.86919e+17	4.64303e+17	5.41687e+17	6.1907e+17	6.9613e+17	7.58526e+17	3.35205e+17	8.6001e+15	5.66326e+15	5.13719e+15	2.24804e+15	1.42235e+15	2.84472e+15	4.26706e+15	5.68942e+15	7.11178e+15	8.53414e+15	9.95648e+15	1.13789e+16	1.27952e+16	2.3255e+16	3.09705e+17	4.54031e+17	4.69519	4.68987	4.68987	4.68987	4.68987	4.68987	4.68987	4.68987	4.68987	4.68987	4.68987	4.68986	4.68986	4.68986	4.68986	
9791.42	6.86465e+17	2.7949e+17	1.22306e+17	7.73838e+16	1.54768e+17	2.32151e+17	3.09535e+17	3.86919e+17	4.64303e+17	5.41687e+17	6.1907e+17	6.9613e+17	7.58527e+17	3.35205e+17	8.6001e+15	5.67154e+15	5.1372e+15	2.24804e+15	1.42236e+15	2.84473e+15	4.26707e+15	5.68943e+15	7.11179e+15	8.53416e+15	9.9565e+15	1.13789e+16	1.27952e+16	2.3255e+16	3.09705e+17	4.54031e+17	4.69622	4.68987	4.68987	4.68987	4.68987	4.68987	4.68987	4.68987	4.68987	4.68987	4.68987	4.68986	4.68986	4.68986	4.68986	
10045.5	6.8645e+17	2.7949e+17	1.22306e+17	7.73838e+16	1.54768e+17	2.32151e+17	3.09535e+17	3.86919e+17	4.64303e+17	5.41687e+17	6.1907e+17	6.9613e+17	7.58528e+17	3.35205e+17	8.6001e+15	5.68093e+15	5.13721e+15	2.24805e+15	1.42236e+15	2.84473e+15	4.26708e+15	5.68944e+15	7.1118e+15	8.53417e+15	9.95652e+15	1.13789e+16	1.27952e+16	2.32551e+16	3.09705e+17	4.54031e+17	4.69739	4.68987	4.68987	4.68987	4.68987	4.68987	4.68987	4.68987	4.68987	4.68987	4.68987	4.68986	4.68986	4.68986	4.68986	
10296.5	6.86434e+17	2.7949e+17	1.22306e+17	7.73838e+16	1.54768e+17	2.32151e+17	3.09535e+17	3.86919e+17	4.64303e+17	5.41687e+17	6.1907e+17	6.96129e+17	7.58529e+17	3.35205e+17	8.6001e+15	5.69122e+15	5.13722e+15	2.24805e+15	1.42236e+15	2.84474e+15	4.26709e+15	5.68945e+15	7.11182e+15	8.53419e+15	9.95654e+15	1.13789e+16	1.27952e+16	2.32551e+16	3.09705e+17	4.54031e+17	4.69868	4.68987	4.68987	4.68987	4.68987	4.68987	4.68987	4.68987	4.68987	4.68987	4.68987	4.68986	4.68986	4.68986	4.68986	
10547.2	6.86416e+17	2.7949e+17	1.22306e+17	7.73838e+16	1.54768e+17	2.32151e+17	3.09535e+17	3.86919e+17	4.64303e+17	5.41687e+17	6.1907e+17	6.96129e+17	7.5853e+17	3.35205e+17	8.6001e+15	5.70253e+15	5.13724e+15	2.24806e+15	1.42237e+15	2.84475e+15	4.2671e+15	5.68947e+15	7.11184e+15	8.53422e+15	9.95657e+15	1.1379e+16	1.27952e+16	2.32551e+16	3.09705e+17	4.54031e+17	4.70009	4.68987	4.68987	4.68987	4.68987	4.68987	4.68987	4.68987	4.68987	4.68987	4.68987	4.68986	4.68986	4.68986	4.68986	
10797.8	6.86397e+17	2.7949e+17	1.22306e+17	7.73838e+16	1.54768e+17	2.32151e+17	3.09535e+17	3.86919e+17	4.64303e+17	5.41686e+17	6.1907e+17	6.96129e+17	7.58531e+17	3.35205e+17	8.6001e+15	5.71484e+15	5.13726e+15	2.24807e+15	1.42237e+15	2.84476e+15	4.26712e+15	5.68949e+15	7.11187e+15	8.53425e+15	9.95661e+15	1.1379e+16	1.27952e+16	2.32552e+16	3.09705e+17	4.54031e+17	4.70163	4.68988	4.68988	4.68988	4.68988	4.68988	4.68988	4.68988	4.68988	4.68988	4.68988	4.68986	4.68986	4.68986	4.68986	
11049.3	6.86376e+17	2.7949e+17	1.22306e+17	7.73838e+16	1.54768e+17	2.32151e+17	3.09535e+17	3.86919e+17	4.64303e+17	5.41686e+17	6.1907e+17	6.96128e+17	7.58532e+17	3.35205e+17	8.6001e+15	5.72819e+15	5.13728e+15	2.24808e+15	1.42238e+15	2.84477e+15	4.26714e+15	5.68952e+15	7.1119e+15	8.53429e+15	9.95665e+15	1.13791e+16	1.27952e+16	2.32552e+16	3.09705e+17	4.54031e+17	4.70329	4.68988	4.68988	4.68988	4.68988	4.68988	4.68988	4.68988	4.68988	4.68988	4.68988	4.68986	4.68986	4.68986	4.68986	
11303.3	6.86353e+17	2.7949e+17	1.22306e+17	7.73838e+16	1.54767e+17	2.32151e+17	3.09535e+17	3.86919e+17	4.64303e+17	5.41686e+17	6.1907e+17	6.96128e+17	7.58533e+17	3.35205e+17	8.6001e+15	5.74267e+15	5.13731e+15	2.24809e+15	1.42239e+15	2.84479e+15	4.26716e+15	5.68955e+15	7.11194e+15	8.53434e+15	9.95672e+15	1.13791e+16	1.27952e+16	2.32552e+16	3.09705e+17	4.54031e+17	4.7051	4.68988	4.68988	4.68988	4.68988	4.68988	4.68988	4.68988	4.68988	4.68988	4.68988	4.68986	4.68986	4.68986	4.68986	
11554.3	6.86329e+17	2.7949e+17	1.22306e+17	7.73837e+16	1.54767e+17	2.32151e+17	3.09535e+17	3.86919e+17	4.64302e+17	5.41686e+17	6.1907e+17	6.96128e+17	7.58533e+17	3.35205e+17	8.6001e+15	5.75789e+15	5.13735e+15	2.24811e+15	1.4224e+15	2.84481e+15	4.26719e+15	5.68959e+15	7.112e+15	8.53441e+15	9.95679e+15	1.13792e+16	1.27952e+16	2.32552e+16	3.09705e+17	4.54031e+17	4.707	4.68989	4.68989	4.68989	4.68989	4.68989	4.68989	4.68989	4.68989	4.68989	4.68989	4.68986	4.68986	4.68986	4.68986	
11805	6.86304e+17	2.7949e+17	1.22306e+17	7.73837e+16	1.54767e+17	2.32151e+17	3.09535e+17	3.86919e+17	4.64302e+17	5.41686e+17	6.1907e+17	6.96127e+17	7.58534e+17	3.35205e+17	8.6001e+15	5.77396e+15	5.1374e+15	2.24813e+15	1.42241e+15	2.84484e+15	4.26723e+15	5.68965e+15	7.11206e+15	8.53448e+15	9.95688e+15	1.13793e+16	1.27952e+16	2.32553e+16	3.09705e+17	4.54031e+17	4.70901	4.6899	4.6899	4.6899	4.6899	4.6899	4.6899	4.6899	4.6899	4.6899	4.6899	4.68986	4.68986	4.68986	4.68986	
12055.7	6.86277e+17	2.7949e+17	1.22306e+17	7.73837e+16	1.54767e+17	2.32151e+17	3.09535e+17	3.86918e+17	4.64302e+17	5.41686e+17	6.1907e+17	6.96127e+17	7.58535e+17	3.35205e+17	8.6001e+15	5.79081e+15	5.13745e+15	2.24815e+15	1.42243e+15	2.84487e+15	4.26728e+15	5.68971e+15	7.11214e+15	8.53458e+15	9.95699e+15	1.13794e+16	1.27952e+16	2.32553e+16	3.09705e+17	4.54031e+17	4.71111	4.6899	4.6899	4.6899	4.6899	4.6899	4.6899	4.6899	4.6899	4.6899	4.6899	4.68986	4.68986	4.68986	4.68986	
12307.1	6.8625e+17	2.7949e+17	1.22305e+17	7.73837e+16	1.54767e+17	2.32151e+17	3.09535e+17	3.86918e+17	4.64302e+17	5.41686e+17	6.19069e+17	6.96127e+17	7.58536e+17	3.35205e+17	8.6001e+15	5.80843e+15	5.13752e+15	2.24818e+15	1.42244e+15	2.84491e+15	4.26734e+15	5.68978e+15	7.11223e+15	8.53469e+15	9.95712e+15	1.13796e+16	1.27952e+16	2.32553e+16	3.09705e+17	4.54031e+17	4.7133	4.68991	4.68991	4.68991	4.68991	4.68991	4.68991	4.68991	4.68991	4.68991	4.68991	4.68986	4.68986	4.68986	4.68986	
12561.2	6.86221e+17	2.7949e+17	1.22305e+17	7.73836e+16	1.54767e+17	2.32151e+17	3.09535e+17	3.86918e+17	4.64302e+17	5.41685e+17	6.19069e+17	6.96126e+17	7.58536e+17	3.35205e+17	8.6001e+15	5.82687e+15	5.1376e+15	2.24822e+15	1.42247e+15	2.84495e+15	4.2674e+15	5.68988e+15	7.11235e+15	8.53483e+15	9.95728e+15	1.13798e+16	1.27952e+16	2.32553e+16	3.09705e+17	4.54031e+17	4.7156	4.68992	4.68992	4.68992	4.68992	4.68992	4.68992	4.68992	4.68992	4.68992	4.68992	4.68986	4.68986	4.68986	4.68986	
12812.2	6.86191e+17	2.79489e+17	1.22305e+17	7.73836e+16	1.54767e+17	2.32151e+17	3.09534e+17	3.86918e+17	4.64301e+17	5.41685e+17	6.19069e+17	6.96126e+17	7.58537e+17	3.35205e+17	8.6001e+15	5.84564e+15	5.1377e+15	2.24826e+15	1.42249e+15	2.84501e+15	4.26749e+15	5.68998e+15	7.11248e+15	8.53499e+15	9.95747e+15	1.138e+16	1.27952e+16	2.32553e+16	3.09705e+17	4.54031e+17	4.71794	4.68994	4.68994	4.68994	4.68994	4.68994	4.68994	4.68994	4.68994	4.68994	4.68994	4.68987	4.68986	4.68986	4.68986	
13062.9	6.86161e+17	2.79489e+17	1.22305e+17	7.73835e+16	1.54767e+17	2.32151e+17	3.09534e+17	3.86918e+17	4.64301e+17	5.41685e+17	6.19068e+17	6.96126e+17	7.58538e+17	3.35205e+17	8.6001e+15	5.86481e+15	5.13782e+15	2.24831e+15	1.42253e+15	2.84507e+15	4.26758e+15	5.69011e+15	7.11264e+15	8.53518e+15	9.95769e+15	1.13803e+16	1.27952e+16	2.32554e+16	3.09705e+17	4.54031e+17	4.72032	4.68995	4.68995	4.68995	4.68995	4.68995	4.68995	4.68995	4.68995	4.68995	4.68995	4.68987	4.68986	4.68986	4.68986	
13313.5	6.8613e+17	2.79489e+17	1.22305e+17	7.73835e+16	1.54767e+17	2.3215e+17	3.09534e+17	3.86917e+17	4.64301e+17	5.41684e+17	6.19068e+17	6.96125e+17	7.58538e+17	3.35205e+17	8.6001e+15	5.88431e+15	5.13795e+15	2.24837e+15	1.42256e+15	2.84515e+15	4.2677e+15	5.69026e+15	7.11283e+15	8.53541e+15	9.95796e+15	1.13806e+16	1.27952e+16	2.32554e+16	3.09705e+17	4.54031e+17	4.72274	4.68997	4.68997	4.68997	4.68997	4.68997	4.68997	4.68997	4.68997	4.68997	4.68997	4.68987	4.68986	4.68986	4.68986	
13565	6.86099e+17	2.79489e+17	1.22305e+17	7.73834e+16	1.54767e+17	2.3215e+17	3.09534e+17	3.86917e+17	4.643e+17	5.41684e+17	6.19067e+17	6.96125e+17	7.58539e+17	3.35205e+17	8.6001e+15	5.90412e+15	5.13811e+15	2.24844e+15	1.42261e+15	2.84523e+15	4.26783e+15	5.69044e+15	7.11305e+15	8.53568e+15	9.95827e+15	1.13809e+16	1.27952e+16	2.32554e+16	3.09705e+17	4.54031e+17	4.7252	4.69	4.69	4.69	4.69	4.69	4.69	4.69	4.69	4.69	4.69	4.68987	4.68986	4.68986	4.68986	
13819	6.86067e+17	2.79489e+17	1.22305e+17	7.73833e+16	1.54767e+17	2.3215e+17	3.09533e+17	3.86917e+17	4.643e+17	5.41683e+17	6.19066e+17	6.96124e+17	7.58539e+17	3.35205e+17	8.6001e+15	5.92426e+15	5.1383e+15	2.24853e+15	1.42266e+15	2.84534e+15	4.26799e+15	5.69065e+15	7.11332e+15	8.53599e+15	9.95864e+15	1.13813e+16	1.27952e+16	2.32554e+16	3.09705e+17	4.54031e+17	4.7277	4.69002	4.69002	4.69002	4.69002	4.69002	4.69002	4.69002	4.69002	4.69002	4.69002	4.68987	4.68986	4.68986	4.68986	
14070	6.86036e+17	2.79488e+17	1.22305e+17	7.73832e+16	1.54766e+17	2.3215e+17	3.09533e+17	3.86916e+17	4.64299e+17	5.41683e+17	6.19066e+17	6.96124e+17	7.5854e+17	3.35205e+17	8.6001e+15	5.9442e+15	5.13852e+15	2.24862e+15	1.42272e+15	2.84546e+15	4.26817e+15	5.69089e+15	7.11362e+15	8.53635e+15	9.95906e+15	1.13818e+16	1.27953e+16	2.32554e+16	3.09705e+17	4.54031e+17	4.73017	4.69005	4.69005	4.69005	4.69005	4.69005	4.69005	4.69005	4.69005	4.69005	4.69005	4.68987	4.68986	4.68986	4.68986	
14320.7	6.86005e+17	2.79488e+17	1.22305e+17	7.73831e+16	1.54766e+17	2.32149e+17	3.09532e+17	3.86916e+17	4.64299e+17	5.41682e+17	6.19065e+17	6.96124e+17	7.5854e+17	3.35205e+17	8.6001e+15	5.96405e+15	5.13877e+15	2.24873e+15	1.42279e+15	2.8456e+15	4.26838e+15	5.69117e+15	7.11397e+15	8.53677e+15	9.95955e+15	1.13824e+16	1.27953e+16	2.32555e+16	3.09705e+17	4.54031e+17	4.73262	4.69009	4.69009	4.69009	4.69009	4.69009	4.69009	4.69009	4.69009	4.69009	4.69009	4.68987	4.68986	4.68986	4.68986	
14571.3	6.85974e+17	2.79487e+17	1.22304e+17	7.7383e+16	1.54766e+17	2.32149e+17	3.09532e+17	3.86915e+17	4.64298e+17	5.41681e+17	6.19064e+17	6.96123e+17	7.58541e+17	3.35205e+17	8.6001e+15	5.98374e+15	5.13906e+15	2.24886e+15	1.42287e+15	2.84576e+15	4.26862e+15	5.69149e+15	7.11437e+15	8.53725e+15	9.96011e+15	1.1383e+16	1.27953e+16	2.32555e+16	3.09705e+17	4.54031e+17	4.73506	4.69013	4.69013	4.69013	4.69013	4.69013	4.69013	4.69013	4.69013	4.69013	4.69013	4.68987	4.68986	4.68986	4.68986	
14822.8	6.85943e+17	2.79487e+17	1.22304e+17	7.73828e+16	1.54766e+17	2.32149e+17	3.09531e+17	3.86914e+17	4.64297e+17	5.4168e+17	6.19063e+17	6.96123e+17	7.58541e+17	3.35205e+17	8.6001e+15	6.00325e+15	5.13939e+15	2.249e+15	1.42296e+15	2.84594e+15	4.26889e+15	5.69186e+15	7.11483e+15	8.5378e+15	9.96075e+15	1.13838e+16	1.27954e+16	2.32555e+16	3.09705e+17	4.54031e+17	4.73746	4.69017	4.69017	4.69017	4.69017	4.69017	4.69017	4.69017	4.69017	4.69017	4.69017	4.68987	4.68986	4.68986	4.68986	
15076.8	6.85912e+17	2.79486e+17	1.22304e+17	7.73827e+16	1.54765e+17	2.32148e+17	3.09531e+17	3.86913e+17	4.64296e+17	5.41679e+17	6.19061e+17	6.96122e+17	7.58542e+17	3.35205e+17	8.6001e+15	6.02263e+15	5.13978e+15	2.24917e+15	1.42307e+15	2.84616e+15	4.26921e+15	5.69228e+15	7.11536e+15	8.53844e+15	9.96149e+15	1.13846e+16	1.27955e+16	2.32555e+16	3.09705e+17	4.54031e+17	4.73985	4.69023	4.69023	4.69023	4.69023	4.69023	4.69023	4.69023	4.69023	4.69023	4.69023	4.68987	4.68986	4.68986	4.68986	
15327.9	6.85883e+17	2.79486e+17	1.22304e+17	7.73825e+16	1.54765e+17	2.32147e+17	3.0953e+17	3.86912e+17	4.64295e+17	5.41677e+17	6.1906e+17	6.96122e+17	7.58542e+17	3.35205e+17	8.6001e+15	6.04138e+15	5.14021e+15	2.24936e+15	1.42319e+15	2.84639e+15	4.26957e+15	5.69276e+15	7.11595e+15	8.53915e+15	9.96232e+15	1.13856e+16	1.27955e+16	2.32555e+16	3.09705e+17	4.54031e+17	4.74216	4.69029	4.69029	4.69029	4.69029	4.69029	4.69029	4.69029	4.69029	4.69029	4.69029	4.68987	4.68986	4.68986	4.68986	
15578.6	6.85854e+17	2.79485e+17	1.22303e+17	7.73823e+16	1.54765e+17	2.32147e+17	3.09529e+17	3.86911e+17	4.64294e+17	5.41676e+17	6.19058e+17	6.96121e+17	7.58542e+17	3.35205e+17	8.6001e+15	6.05964e+15	5.14069e+15	2.24957e+15	1.42332e+15	2.84666e+15	4.26997e+15	5.69329e+15	7.11662e+15	8.53996e+15	9.96326e+15	1.13867e+16	1.27956e+16	2.32555e+16	3.09705e+17	4.54031e+17	4.7444	4.69036	4.69036	4.69036	4.69036	4.69036	4.69036	4.69036	4.69036	4.69036	4.69036	4.68987	4.68986	4.68986	4.68986	
15829.2	6.85826e+17	2.79484e+17	1.22303e+17	7.7382e+16	1.54764e+17	2.32146e+17	3.09528e+17	3.8691e+17	4.64292e+17	5.41674e+17	6.19056e+17	6.96121e+17	7.58543e+17	3.35205e+17	8.6001e+15	6.07737e+15	5.14124e+15	2.24981e+15	1.42347e+15	2.84696e+15	4.27042e+15	5.6939e+15	7.11738e+15	8.54086e+15	9.96432e+15	1.13879e+16	1.27958e+16	2.32555e+16	3.09705e+17	4.54031e+17	4.74658	4.69043	4.69043	4.69043	4.69043	4.69043	4.69043	4.69043	4.69043	4.69043	4.69043	4.68987	4.68986	4.68986	4.68986	
16080.7	6.85799e+17	2.79483e+17	1.22302e+17	7.73818e+16	1.54763e+17	2.32145e+17	3.09527e+17	3.86909e+17	4.64291e+17	5.41672e+17	6.19054e+17	6.9612e+17	7.58543e+17	3.35205e+17	8.6001e+15	6.09459e+15	5.14185e+15	2.25008e+15	1.42364e+15	2.8473e+15	4.27093e+15	5.69458e+15	7.11822e+15	8.54188e+15	9.96551e+15	1.13892e+16	1.27959e+16	2.32555e+16	3.09705e+17	4.54031e+17	4.74869	4.69052	4.69052	4.69052	4.69052	4.69052	4.69052	4.69052	4.69052	4.69052	4.69052	4.68987	4.68986	4.68986	4.68986	
16334.7	6.85773e+17	2.79482e+17	1.22302e+17	7.73815e+16	1.54763e+17	2.32144e+17	3.09526e+17	3.86907e+17	4.64289e+17	5.4167e+17	6.19052e+17	6.9612e+17	7.58543e+17	3.35205e+17	8.6001e+15	6.11135e+15	5.14254e+15	2.25038e+15	1.42383e+15	2.84769e+15	4.27151e+15	5.69535e+15	7.11918e+15	8.54303e+15	9.96685e+15	1.13908e+16	1.2796e+16	2.32555e+16	3.09705e+17	4.54031e+17	4.75075	4.69061	4.69061	4.69061	4.69061	4.69061	4.69061	4.69061	4.69061	4.69061	4.69061	4.68987	4.68986	4.68986	4.68986	
16585.7	6.85748e+17	2.79481e+17	1.22301e+17	7.73811e+16	1.54762e+17	2.32143e+17	3.09524e+17	3.86906e+17	4.64287e+17	5.41668e+17	6.19049e+17	6.96119e+17	7.58544e+17	3.35205e+17	8.6001e+15	6.12726e+15	5.14331e+15	2.25071e+15	1.42405e+15	2.84811e+15	4.27214e+15	5.69619e+15	7.12024e+15	8.5443e+15	9.96833e+15	1.13925e+16	1.27962e+16	2.32556e+16	3.09705e+17	4.54031e+17	4.75269	4.69072	4.69072	4.69072	4.69072	4.69072	4.69072	4.69072	4.69072	4.69072	4.69072	4.68988	4.68986	4.68986	4.68986	
16836.4	6.85724e+17	2.79479e+17	1.22301e+17	7.73808e+16	1.54761e+17	2.32142e+17	3.09523e+17	3.86904e+17	4.64284e+17	5.41665e+17	6.19046e+17	6.96118e+17	7.58544e+17	3.35205e+17	8.6001e+15	6.14247e+15	5.14415e+15	2.25108e+15	1.42428e+15	2.84858e+15	4.27284e+15	5.69713e+15	7.12141e+15	8.5457e+15	9.96997e+15	1.13944e+16	1.27964e+16	2.32556e+16	3.09705e+17	4.54031e+17	4.75455	4.69084	4.69084	4.69084	4.69084	4.69084	4.69084	4.69084	4.69084	4.69084	4.69084	4.68988	4.68986	4.68986	4.68986	
17087	6.85701e+17	2.79478e+17	1.223e+17	7.73803e+16	1.54761e+17	2.32141e+17	3.09521e+17	3.86902e+17	4.64282e+17	5.41662e+17	6.19043e+17	6.96118e+17	7.58544e+17	3.35205e+17	8.6001e+15	6.15698e+15	5.14509e+15	2.25149e+15	1.42454e+15	2.84909e+15	4.27362e+15	5.69816e+15	7.1227e+15	8.54726e+15	9.97178e+15	1.13964e+16	1.27967e+16	2.32556e+16	3.09705e+17	4.54031e+17	4.75633	4.69097	4.69097	4.69097	4.69097	4.69097	4.69097	4.69097	4.69097	4.69097	4.69097	4.68988	4.68986	4.68986	4.68986	
17338.5	6.85679e+17	2.79476e+17	1.223e+17	7.73799e+16	1.5476e+17	2.3214e+17	3.0952e+17	3.86899e+17	4.64279e+17	5.41659e+17	6.19039e+17	6.96117e+17	7.58544e+17	3.35205e+17	8.6001e+15	6.17082e+15	5.14612e+15	2.25194e+15	1.42483e+15	2.84967e+15	4.27448e+15	5.69931e+15	7.12413e+15	8.54897e+15	9.97378e+15	1.13987e+16	1.2797e+16	2.32556e+16	3.09705e+17	4.54031e+17	4.75802	4.69111	4.69111	4.69111	4.69111	4.69111	4.69111	4.69111	4.69111	4.69111	4.69111	4.68988	4.68986	4.68986	4.68986	
17592.5	6.85658e+17	2.79474e+17	1.22299e+17	7.73794e+16	1.54759e+17	2.32138e+17	3.09518e+17	3.86897e+17	4.64276e+17	5.41656e+17	6.19035e+17	6.96116e+17	7.58545e+17	3.35205e+17	8.6001e+15	6.18408e+15	5.14727e+15	2.25245e+15	1.42514e+15	2.8503e+15	4.27543e+15	5.70058e+15	7.12572e+15	8.55088e+15	9.97601e+15	1.14013e+16	1.27973e+16	2.32556e+16	3.09705e+17	4.54031e+17	4.75964	4.69127	4.69127	4.69127	4.69127	4.69127	4.69127	4.69127	4.69127	4.69127	4.69127	4.68989	4.68986	4.68986	4.68986	
17843.6	6.85639e+17	2.79472e+17	1.22298e+17	7.73788e+16	1.54758e+17	2.32137e+17	3.09515e+17	3.86894e+17	4.64273e+17	5.41652e+17	6.19031e+17	6.96115e+17	7.58545e+17	3.35205e+17	8.6001e+15	6.19645e+15	5.14851e+15	2.25299e+15	1.42549e+15	2.85099e+15	4.27646e+15	5.70195e+15	7.12744e+15	8.55294e+15	9.97842e+15	1.1404e+16	1.27976e+16	2.32556e+16	3.09705e+17	4.54031e+17	4.76115	4.69145	4.69145	4.69145	4.69145	4.69145	4.69145	4.69145	4.69145	4.69145	4.69145	4.68989	4.68986	4.68986	4.68986	
18094.3	6.8562e+17	2.7947e+17	1.22297e+17	7.73783e+16	1.54756e+17	2.32135e+17	3.09513e+17	3.86891e+17	4.64269e+17	5.41648e+17	6.19026e+17	6.96114e+17	7.58545e+17	3.35205e+17	8.6001e+15	6.20809e+15	5.14986e+15	2.25358e+15	1.42586e+15	2.85174e+15	4.27759e+15	5.70345e+15	7.12932e+15	8.55519e+15	9.98104e+15	1.14071e+16	1.27981e+16	2.32556e+16	3.09705e+17	4.54031e+17	4.76257	4.69164	4.69164	4.69164	4.69164	4.69164	4.69164	4.69164	4.69164	4.69164	4.69164	4.68989	4.68986	4.68986	4.68986	
18344.9	6.85603e+17	2.79468e+17	1.22296e+17	7.73776e+16	1.54755e+17	2.32133e+17	3.0951e+17	3.86888e+17	4.64266e+17	5.41643e+17	6.19021e+17	6.96113e+17	7.58545e+17	3.35205e+17	8.6001e+15	6.21902e+15	5.15134e+15	2.25423e+15	1.42627e+15	2.85256e+15	4.27881e+15	5.70509e+15	7.13136e+15	8.55764e+15	9.9839e+15	1.14103e+16	1.27985e+16	2.32556e+16	3.09705e+17	4.54031e+17	4.7639	4.69184	4.69184	4.69184	4.69184	4.69184	4.69184	4.69184	4.69184	4.69184	4.69184	4.6899	4.68986	4.68986	4.68986	
18596.4	6.85587e+17	2.79465e+17	1.22295e+17	7.73769e+16	1.54754e+17	2.32131e+17	3.09508e+17	3.86885e+17	4.64261e+17	5.41638e+17	6.19015e+17	6.96112e+17	7.58545e+17	3.35205e+17	8.6001e+15	6.2293e+15	5.15294e+15	2.25493e+15	1.42671e+15	2.85345e+15	4.28015e+15	5.70686e+15	7.13358e+15	8.56031e+15	9.98701e+15	1.14139e+16	1.27991e+16	2.32556e+16	3.09705e+17	4.54031e+17	4.76516	4.69207	4.69207	4.69207	4.69207	4.69207	4.69207	4.69207	4.69207	4.69207	4.69207	4.6899	4.68986	4.68986	4.68986	
18850.4	6.85572e+17	2.79463e+17	1.22294e+17	7.73761e+16	1.54752e+17	2.32128e+17	3.09505e+17	3.86881e+17	4.64257e+17	5.41633e+17	6.19009e+17	6.96111e+17	7.58545e+17	3.35205e+17	8.6001e+15	6.23899e+15	5.1547e+15	2.2557e+15	1.4272e+15	2.85442e+15	4.28161e+15	5.70881e+15	7.13601e+15	8.56323e+15	9.99042e+15	1.14178e+16	1.27997e+16	2.32556e+16	3.09705e+17	4.54031e+17	4.76635	4.69231	4.69231	4.69231	4.69231	4.69231	4.69231	4.69231	4.69231	4.69231	4.69231	4.68991	4.68986	4.68986	4.68986	
19101.4	6.85558e+17	2.7946e+17	1.22292e+17	7.73753e+16	1.54751e+17	2.32126e+17	3.09501e+17	3.86877e+17	4.64252e+17	5.41627e+17	6.19002e+17	6.96109e+17	7.58546e+17	3.35205e+17	8.6001e+15	6.24791e+15	5.15657e+15	2.25652e+15	1.42772e+15	2.85546e+15	4.28316e+15	5.71089e+15	7.13861e+15	8.56634e+15	9.99405e+15	1.1422e+16	1.28004e+16	2.32556e+16	3.09705e+17	4.54031e+17	4.76745	4.69257	4.69257	4.69257	4.69257	4.69257	4.69257	4.69257	4.69257	4.69257	4.69257	4.68991	4.68986	4.68986	4.68986	
19352.1	6.85545e+17	2.79456e+17	1.22291e+17	7.73744e+16	1.54749e+17	2.32123e+17	3.09498e+17	3.86872e+17	4.64247e+17	5.41621e+17	6.18995e+17	6.96108e+17	7.58546e+17	3.35205e+17	8.6001e+15	6.25619e+15	5.15859e+15	2.2574e+15	1.42828e+15	2.85657e+15	4.28484e+15	5.71312e+15	7.1414e+15	8.56969e+15	9.99796e+15	1.14265e+16	1.28011e+16	2.32556e+16	3.09705e+17	4.54031e+17	4.76847	4.69285	4.69285	4.69285	4.69285	4.69285	4.69285	4.69285	4.69285	4.69285	4.69285	4.68992	4.68986	4.68986	4.68986	
19602.7	6.85533e+17	2.79453e+17	1.22289e+17	7.73735e+16	1.54747e+17	2.3212e+17	3.09494e+17	3.86867e+17	4.64241e+17	5.41614e+17	6.18988e+17	6.96106e+17	7.58546e+17	3.35205e+17	8.6001e+15	6.26387e+15	5.16076e+15	2.25835e+15	1.42888e+15	2.85777e+15	4.28664e+15	5.71552e+15	7.1444e+15	8.57329e+15	1.00022e+16	1.14313e+16	1.2802e+16	2.32556e+16	3.09705e+17	4.54031e+17	4.76942	4.69316	4.69316	4.69316	4.69316	4.69316	4.69316	4.69316	4.69316	4.69316	4.69315	4.68993	4.68986	4.68986	4.68986	
19854.2	6.85521e+17	2.79449e+17	1.22288e+17	7.73725e+16	1.54745e+17	2.32117e+17	3.0949e+17	3.86862e+17	4.64235e+17	5.41607e+17	6.18979e+17	6.96104e+17	7.58546e+17	3.35205e+17	8.6001e+15	6.27099e+15	5.16308e+15	2.25937e+15	1.42952e+15	2.85906e+15	4.28857e+15	5.7181e+15	7.14762e+15	8.57716e+15	1.00067e+16	1.14364e+16	1.2803e+16	2.32556e+16	3.09705e+17	4.54031e+17	4.77031	4.69348	4.69348	4.69348	4.69348	4.69348	4.69348	4.69348	4.69348	4.69348	4.69348	4.68994	4.68986	4.68986	4.68986	
20106.2	6.85511e+17	2.79445e+17	1.22286e+17	7.73714e+16	1.54743e+17	2.32114e+17	3.09486e+17	3.86857e+17	4.64228e+17	5.416e+17	6.18971e+17	6.9611e+17	7.58554e+17	3.35205e+17	8.6001e+15	6.27758e+15	5.16558e+15	2.26046e+15	1.43021e+15	2.86044e+15	4.29064e+15	5.72086e+15	7.15107e+15	8.5813e+15	1.00115e+16	1.1442e+16	1.28042e+16	2.32559e+16	3.09704e+17	4.54031e+17	4.77113	4.69383	4.69383	4.69383	4.69383	4.69383	4.69383	4.69383	4.69383	4.69383	4.69383	4.68995	4.68986	4.68986	4.68986	
20357.8	6.85505e+17	2.79442e+17	1.22285e+17	7.73704e+16	1.54741e+17	2.32111e+17	3.09482e+17	3.86852e+17	4.64222e+17	5.41593e+17	6.18861e+17	6.95924e+17	7.58428e+17	3.35218e+17	8.6001e+15	6.28366e+15	5.16825e+15	2.26163e+15	1.43095e+15	2.86192e+15	4.29286e+15	5.72381e+15	7.15477e+15	8.58573e+15	1.00167e+16	1.14459e+16	1.28019e+16	2.3252e+16	3.09716e+17	4.54031e+17	4.7719	4.6942	4.6942	4.6942	4.6942	4.6942	4.6942	4.6942	4.6942	4.6942	4.69419	4.68996	4.68986	4.68986	4.68986	
20608.8	6.85498e+17	2.79438e+17	1.22283e+17	7.73692e+16	1.54738e+17	2.32108e+17	3.09477e+17	3.86846e+17	4.64215e+17	5.41585e+17	6.18669e+17	6.95439e+17	7.58085e+17	3.35231e+17	8.6001e+15	6.28923e+15	5.17108e+15	2.26287e+15	1.43174e+15	2.86349e+15	4.29521e+15	5.72695e+15	7.15869e+15	8.59043e+15	1.00222e+16	1.14471e+16	1.27934e+16	2.32415e+16	3.09728e+17	4.54031e+17	4.77261	4.69459	4.69459	4.69459	4.69459	4.69459	4.69459	4.69459	4.69459	4.69459	4.69448	4.68996	4.68986	4.68986	4.68986	
20860.2	6.85491e+17	2.79433e+17	1.22281e+17	7.7368e+16	1.54736e+17	2.32104e+17	3.09472e+17	3.8684e+17	4.64208e+17	5.41472e+17	6.18471e+17	6.94742e+17	7.58563e+17	3.3523e+17	8.6001e+15	6.29434e+15	5.17409e+15	2.26418e+15	1.43257e+15	2.86515e+15	4.29771e+15	5.73028e+15	7.16286e+15	8.59544e+15	1.00258e+16	1.14471e+16	1.27802e+16	2.32561e+16	3.09728e+17	4.54031e+17	4.77326	4.69501	4.69501	4.69501	4.69501	4.69501	4.69501	4.69501	4.69501	4.69499	4.6947	4.68996	4.68986	4.68986	4.68986	
21110.9	6.85486e+17	2.79428e+17	1.22279e+17	7.73667e+16	1.54733e+17	2.321e+17	3.09467e+17	3.86833e+17	4.642e+17	5.41366e+17	6.18258e+17	6.93814e+17	7.58716e+17	3.35227e+17	8.6001e+15	6.299e+15	5.17727e+15	2.26558e+15	1.43345e+15	2.86691e+15	4.30035e+15	5.7338e+15	7.16726e+15	8.60072e+15	1.00287e+16	1.14451e+16	1.27621e+16	2.32608e+16	3.09725e+17	4.54031e+17	4.77387	4.69545	4.69545	4.69545	4.69545	4.69545	4.69545	4.69545	4.69545	4.69533	4.69482	4.68995	4.68986	4.68986	4.68986	
21361.6	6.85481e+17	2.79423e+17	1.22276e+17	7.73653e+16	1.54731e+17	2.32096e+17	3.09461e+17	3.86826e+17	4.64192e+17	5.41314e+17	6.1807e+17	6.92917e+17	7.58643e+17	3.35205e+17	8.6001e+15	6.30326e+15	5.18063e+15	2.26705e+15	1.43438e+15	2.86878e+15	4.30315e+15	5.73753e+15	7.17192e+15	8.60631e+15	1.00322e+16	1.14419e+16	1.2744e+16	2.32586e+16	3.09704e+17	4.54031e+17	4.77443	4.69592	4.69592	4.69592	4.69592	4.69592	4.69592	4.69592	4.69592	4.69564	4.69484	4.68993	4.68986	4.68986	4.68986	
21613.1	6.85476e+17	2.79418e+17	1.22274e+17	7.73638e+16	1.54728e+17	2.32091e+17	3.09455e+17	3.86819e+17	4.64183e+17	5.41286e+17	6.17915e+17	6.92332e+17	7.58588e+17	3.35205e+17	8.6001e+15	6.30716e+15	5.1842e+15	2.26861e+15	1.43537e+15	2.87075e+15	4.30611e+15	5.74148e+15	7.17685e+15	8.61223e+15	1.0036e+16	1.14383e+16	1.27315e+16	2.32569e+16	3.09704e+17	4.54031e+17	4.77496	4.69641	4.69641	4.69641	4.69641	4.69641	4.69641	4.69641	4.69641	4.69594	4.69479	4.68992	4.68986	4.68986	4.68986	
21863.5	6.85472e+17	2.79413e+17	1.22272e+17	7.73623e+16	1.54725e+17	2.32087e+17	3.09449e+17	3.86811e+17	4.64171e+17	5.41264e+17	6.178e+17	6.92077e+17	7.58562e+17	3.35205e+17	8.6001e+15	6.31069e+15	5.18794e+15	2.27025e+15	1.4364e+15	2.87282e+15	4.30921e+15	5.74562e+15	7.18203e+15	8.6184e+15	1.00399e+16	1.14347e+16	1.27253e+16	2.32561e+16	3.09704e+17	4.54031e+17	4.77544	4.69693	4.69693	4.69693	4.69693	4.69693	4.69693	4.69693	4.69693	4.69624	4.69471	4.68991	4.68986	4.68986	4.68986	
22115.3	6.85469e+17	2.79407e+17	1.22269e+17	7.73606e+16	1.54721e+17	2.32082e+17	3.09443e+17	3.86803e+17	4.64134e+17	5.41217e+17	6.17716e+17	6.92072e+17	7.58552e+17	3.35205e+17	8.6001e+15	6.31391e+15	5.19189e+15	2.27198e+15	1.4375e+15	2.87501e+15	4.3125e+15	5.75e+15	7.1875e+15	8.62425e+15	1.00432e+16	1.14312e+16	1.2724e+16	2.32558e+16	3.09704e+17	4.54031e+17	4.77589	4.69748	4.69748	4.69748	4.69748	4.69748	4.69748	4.69748	4.69747	4.69653	4.69459	4.68989	4.68986	4.68986	4.68986	
22367.2	6.85466e+17	2.794e+17	1.22266e+17	7.73589e+16	1.54718e+17	2.32077e+17	3.09436e+17	3.86795e+17	4.64103e+17	5.4118e+17	6.17644e+17	6.92237e+17	7.58543e+17	3.35205e+17	8.6001e+15	6.31683e+15	5.19604e+15	2.27379e+15	1.43865e+15	2.87731e+15	4.31595e+15	5.7546e+15	7.19325e+15	8.63028e+15	1.00464e+16	1.14276e+16	1.27262e+16	2.32555e+16	3.09704e+17	4.54031e+17	4.77631	4.69806	4.69806	4.69806	4.69806	4.69806	4.69806	4.69806	4.698	4.69681	4.69445	4.68989	4.68986	4.68986	4.68986	
22618.1	6.85464e+17	2.79394e+17	1.22264e+17	7.73571e+16	1.54714e+17	2.32071e+17	3.09428e+17	3.86786e+17	4.64075e+17	5.41145e+17	6.17571e+17	6.92522e+17	7.5852e+17	3.35205e+17	8.6001e+15	6.31946e+15	5.20037e+15	2.27569e+15	1.43985e+15	2.87971e+15	4.31954e+15	5.75939e+15	7.19924e+15	8.63639e+15	1.00494e+16	1.14237e+16	1.27308e+16	2.32548e+16	3.09704e+17	4.54031e+17	4.7767	4.69866	4.69866	4.69866	4.69866	4.69866	4.69866	4.69866	4.69854	4.69706	4.69429	4.68988	4.68986	4.68986	4.68986	
22869.7	6.85462e+17	2.79387e+17	1.22261e+17	7.73552e+16	1.5471e+17	2.32066e+17	3.09421e+17	3.86776e+17	4.64047e+17	5.4111e+17	6.17488e+17	6.92931e+17	7.5852e+17	3.35205e+17	8.6001e+15	6.32184e+15	5.20491e+15	2.27768e+15	1.4411e+15	2.88222e+15	4.32332e+15	5.76442e+15	7.20553e+15	8.64255e+15	1.00522e+16	1.14193e+16	1.27379e+16	2.32548e+16	3.09704e+17	4.54031e+17	4.77706	4.69929	4.69929	4.69929	4.69929	4.69929	4.69929	4.69929	4.69908	4.6973	4.69411	4.68988	4.68986	4.68986	4.68986	
23121.5	6.85461e+17	2.7938e+17	1.22257e+17	7.73533e+16	1.54706e+17	2.3206e+17	3.09413e+17	3.86766e+17	4.64018e+17	5.41073e+17	6.17384e+17	6.93496e+17	7.5852e+17	3.35205e+17	8.6001e+15	6.32399e+15	5.20966e+15	2.27975e+15	1.44242e+15	2.88485e+15	4.32726e+15	5.76968e+15	7.2121e+15	8.64872e+15	1.00547e+16	1.14141e+16	1.2748e+16	2.32548e+16	3.09704e+17	4.54031e+17	4.7774	4.69995	4.69995	4.69995	4.69995	4.69995	4.69995	4.69995	4.69963	4.69753	4.69392	4.68988	4.68986	4.68986	4.68986	
23373.1	6.8546e+17	2.79372e+17	1.22254e+17	7.73512e+16	1.54702e+17	2.32054e+17	3.09405e+17	3.86756e+17	4.63985e+17	5.41024e+17	6.17223e+17	6.94375e+17	7.5852e+17	3.35205e+17	8.6001e+15	6.32593e+15	5.2146e+15	2.28191e+15	1.44379e+15	2.88759e+15	4.33136e+15	5.77515e+15	7.21894e+15	8.65476e+15	1.00566e+16	1.14075e+16	1.2764e+16	2.32548e+16	3.09704e+17	4.54031e+17	4.77772	4.70063	4.70063	4.70063	4.70063	4.70063	4.70063	4.70063	4.70017	4.69772	4.69369	4.68987	4.68986	4.68986	4.68986	
23623.9	6.85458e+17	2.79365e+17	1.22251e+17	7.7349e+16	1.54698e+17	2.32047e+17	3.09396e+17	3.86745e+17	4.6396e+17	5.40989e+17	6.17107e+17	6.9572e+17	7.5852e+17	3.35205e+17	8.6001e+15	6.32765e+15	5.21971e+15	2.28415e+15	1.4452e+15	2.89042e+15	4.33561e+15	5.78082e+15	7.22602e+15	8.66087e+15	1.00584e+16	1.14013e+16	1.27887e+16	2.32548e+16	3.09704e+17	4.54031e+17	4.77801	4.70134	4.70134	4.70134	4.70134	4.70134	4.70134	4.70134	4.7007	4.69789	4.69345	4.68987	4.68986	4.68986	4.68986	
23875.3	6.85457e+17	2.79357e+17	1.22247e+17	7.73468e+16	1.54694e+17	2.3204e+17	3.09387e+17	3.86734e+17	4.63947e+17	5.40981e+17	6.17117e+17	6.95679e+17	7.5852e+17	3.35205e+17	8.6001e+15	6.32921e+15	5.22504e+15	2.28648e+15	1.44668e+15	2.89337e+15	4.34003e+15	5.78671e+15	7.23339e+15	8.6673e+15	1.00604e+16	1.13974e+16	1.2788e+16	2.32548e+16	3.09704e+17	4.54031e+17	4.77829	4.70208	4.70208	4.70208	4.70208	4.70208	4.70208	4.70208	4.70125	4.69804	4.6932	4.68987	4.68986	4.68986	4.68986	
24126.2	6.85457e+17	2.79348e+17	1.22243e+17	7.73444e+16	1.54689e+17	2.32033e+17	3.09378e+17	3.86722e+17	4.6395e+17	5.41004e+17	6.1727e+17	6.95626e+17	7.5852e+17	3.35205e+17	8.6001e+15	6.33059e+15	5.23055e+15	2.28889e+15	1.4482e+15	2.89642e+15	4.34461e+15	5.79281e+15	7.24102e+15	8.67427e+15	1.00632e+16	1.13968e+16	1.27871e+16	2.32548e+16	3.09704e+17	4.54031e+17	4.77854	4.70284	4.70284	4.70284	4.70284	4.70284	4.70284	4.70284	4.70181	4.69821	4.69298	4.68987	4.68986	4.68986	4.68986	
24377.3	6.85456e+17	2.79339e+17	1.2224e+17	7.7342e+16	1.54684e+17	2.32026e+17	3.09368e+17	3.8671e+17	4.63964e+17	5.41049e+17	6.17489e+17	6.95599e+17	7.58521e+17	3.35205e+17	8.6001e+15	6.33184e+15	5.23625e+15	2.29139e+15	1.44978e+15	2.89957e+15	4.34934e+15	5.79913e+15	7.24891e+15	8.68195e+15	1.00669e+16	1.13981e+16	1.27866e+16	2.32548e+16	3.09704e+17	4.54031e+17	4.77877	4.70363	4.70363	4.70363	4.70363	4.70363	4.70363	4.70363	4.70241	4.69841	4.69282	4.68987	4.68986	4.68986	4.68986	
24628.6	6.85455e+17	2.7933e+17	1.22236e+17	7.73395e+16	1.54679e+17	2.32018e+17	3.09358e+17	3.86697e+17	4.6399e+17	5.41106e+17	6.1771e+17	6.95585e+17	7.58521e+17	3.35205e+17	8.6001e+15	6.33295e+15	5.24214e+15	2.29397e+15	1.45141e+15	2.90284e+15	4.35424e+15	5.80565e+15	7.25707e+15	8.69056e+15	1.00716e+16	1.14003e+16	1.27863e+16	2.32548e+16	3.09704e+17	4.54031e+17	4.77896	4.70445	4.70445	4.70445	4.70445	4.70445	4.70445	4.70445	4.70307	4.69866	4.6927	4.68987	4.68986	4.68986	4.68986	
24880.5	6.85455e+17	2.79321e+17	1.22232e+17	7.73369e+16	1.54674e+17	2.32011e+17	3.09348e+17	3.86684e+17	4.64027e+17	5.41176e+17	6.17904e+17	6.95575e+17	7.58521e+17	3.35205e+17	8.6001e+15	6.33394e+15	5.24823e+15	2.29663e+15	1.4531e+15	2.90621e+15	4.3593e+15	5.8124e+15	7.2655e+15	8.70037e+15	1.00774e+16	1.14027e+16	1.27862e+16	2.32548e+16	3.09704e+17	4.54031e+17	4.7791	4.7053	4.7053	4.7053	4.7053	4.7053	4.7053	4.7053	4.70381	4.69897	4.69263	4.68987	4.68986	4.68986	4.68986	
25132.9	6.85455e+17	2.79311e+17	1.22227e+17	7.73342e+16	1.54668e+17	2.32003e+17	3.09337e+17	3.86671e+17	4.64032e+17	5.41208e+17	6.18065e+17	6.95567e+17	7.58521e+17	3.35205e+17	8.6001e+15	6.33483e+15	5.25451e+15	2.29938e+15	1.45484e+15	2.90969e+15	4.36452e+15	5.81936e+15	7.2742e+15	8.71057e+15	1.00835e+16	1.14051e+16	1.2786e+16	2.32549e+16	3.09704e+17	4.54031e+17	4.77917	4.70617	4.70617	4.70617	4.70617	4.70617	4.70617	4.70617	4.70463	4.69936	4.6926	4.68988	4.68986	4.68986	4.68986	
25385.2	6.85455e+17	2.79301e+17	1.22223e+17	7.73314e+16	1.54663e+17	2.31994e+17	3.09326e+17	3.86657e+17	4.64017e+17	5.41221e+17	6.18196e+17	6.95559e+17	7.58521e+17	3.35205e+17	8.6001e+15	6.33561e+15	5.26097e+15	2.30221e+15	1.45663e+15	2.91326e+15	4.36988e+15	5.82651e+15	7.28313e+15	8.72075e+15	1.00897e+16	1.14073e+16	1.27859e+16	2.32549e+16	3.09704e+17	4.54031e+17	4.77914	4.70706	4.70706	4.70706	4.70706	4.70706	4.70706	4.70706	4.70548	4.69977	4.69259	4.68988	4.68986	4.68986	4.68986	
25636.9	6.85455e+17	2.79291e+17	1.22218e+17	7.73286e+16	1.54657e+17	2.31986e+17	3.09314e+17	3.86643e+17	4.64001e+17	5.4124e+17	6.18284e+17	6.9555e+17	7.58521e+17	3.35205e+17	8.6001e+15	6.33631e+15	5.26758e+15	2.3051e+15	1.45846e+15	2.91692e+15	4.37537e+15	5.83383e+15	7.29229e+15	8.73121e+15	1.00965e+16	1.14093e+16	1.27857e+16	2.32549e+16	3.09704e+17	4.54031e+17	4.77896	4.70798	4.70798	4.70798	4.70798	4.70798	4.70798	4.70798	4.70635	4.70022	4.6926	4.68988	4.68986	4.68986	4.68986	
25887	6.85455e+17	2.79281e+17	1.22214e+17	7.73257e+16	1.54651e+17	2.31977e+17	3.09303e+17	3.86629e+17	4.63985e+17	5.41265e+17	6.18358e+17	6.9554e+17	7.58521e+17	3.35205e+17	8.6001e+15	6.33692e+15	5.27431e+15	2.30805e+15	1.46032e+15	2.92065e+15	4.38096e+15	5.84128e+15	7.30161e+15	8.7419e+15	1.0104e+16	1.14113e+16	1.27856e+16	2.32549e+16	3.09704e+17	4.54031e+17	4.77858	4.70891	4.70891	4.70891	4.70891	4.70891	4.70891	4.70891	4.70724	4.70071	4.69265	4.68988	4.68986	4.68986	4.68986	
26138.9	6.85456e+17	2.7927e+17	1.22209e+17	7.73228e+16	1.54645e+17	2.31968e+17	3.09291e+17	3.86614e+17	4.63968e+17	5.41299e+17	6.18428e+17	6.94775e+17	7.58521e+17	3.35205e+17	8.6001e+15	6.33747e+15	5.28125e+15	2.31108e+15	1.46224e+15	2.92449e+15	4.38672e+15	5.84897e+15	7.31121e+15	8.75293e+15	1.01125e+16	1.14137e+16	1.27715e+16	2.32549e+16	3.09704e+17	4.54031e+17	4.77791	4.70987	4.70987	4.70987	4.70987	4.70987	4.70987	4.70987	4.70816	4.70125	4.69271	4.68988	4.68986	4.68986	4.68986	
26391.4	6.85456e+17	2.79259e+17	1.22204e+17	7.73197e+16	1.54639e+17	2.31959e+17	3.09279e+17	3.86598e+17	4.6395e+17	5.41348e+17	6.1851e+17	6.95557e+17	7.58521e+17	3.35205e+17	8.6001e+15	6.33795e+15	5.28836e+15	2.31419e+15	1.46421e+15	2.92843e+15	4.39263e+15	5.85684e+15	7.32105e+15	8.76427e+15	1.01223e+16	1.14168e+16	1.27857e+16	2.32549e+16	3.09704e+17	4.54031e+17	4.77685	4.71085	4.71085	4.71085	4.71085	4.71085	4.71085	4.71085	4.7091	4.70187	4.69281	4.68987	4.68986	4.68986	4.68986	
26642.1	6.85456e+17	2.79248e+17	1.22199e+17	7.73166e+16	1.54633e+17	2.3195e+17	3.09266e+17	3.86583e+17	4.63933e+17	5.41405e+17	6.18598e+17	6.95576e+17	7.58522e+17	3.35205e+17	8.6001e+15	6.33836e+15	5.29556e+15	2.31734e+15	1.4662e+15	2.93241e+15	4.39861e+15	5.86481e+15	7.33102e+15	8.77579e+15	1.01335e+16	1.14205e+16	1.2786e+16	2.32549e+16	3.09704e+17	4.54031e+17	4.7753	4.71185	4.71185	4.71185	4.71185	4.71185	4.71185	4.71185	4.71007	4.70258	4.69293	4.68987	4.68986	4.68986	4.68986	
26893	6.85457e+17	2.79236e+17	1.22194e+17	7.73134e+16	1.54627e+17	2.3194e+17	3.09254e+17	3.86567e+17	4.63914e+17	5.41395e+17	6.18624e+17	6.95587e+17	7.58515e+17	3.35205e+17	8.6001e+15	6.33872e+15	5.3029e+15	2.32055e+15	1.46823e+15	2.93648e+15	4.40471e+15	5.87294e+15	7.34118e+15	8.78757e+15	1.01444e+16	1.14234e+16	1.27863e+16	2.32547e+16	3.09704e+17	4.54031e+17	4.77309	4.71287	4.71287	4.71287	4.71287	4.71287	4.71287	4.71287	4.71105	4.70335	4.69308	4.68987	4.68986	4.68986	4.68986	
27144.6	6.85457e+17	2.79225e+17	1.22189e+17	7.73102e+16	1.5462e+17	2.31931e+17	3.09241e+17	3.86551e+17	4.63896e+17	5.41379e+17	6.18649e+17	6.95598e+17	7.58505e+17	3.35205e+17	8.6001e+15	6.33903e+15	5.31039e+15	2.32383e+15	1.47031e+15	2.94063e+15	4.41093e+15	5.88124e+15	7.35155e+15	8.79961e+15	1.01557e+16	1.14266e+16	1.27865e+16	2.32544e+16	3.09704e+17	4.54031e+17	4.77006	4.71391	4.71391	4.71391	4.71391	4.71391	4.71391	4.71391	4.71205	4.70415	4.69325	4.68987	4.68986	4.68986	4.68986	
27395.7	6.85458e+17	2.79213e+17	1.22184e+17	7.7307e+16	1.54614e+17	2.31921e+17	3.09228e+17	3.86535e+17	4.63877e+17	5.41362e+17	6.18677e+17	6.95612e+17	7.58494e+17	3.35205e+17	8.6001e+15	6.33929e+15	5.31798e+15	2.32716e+15	1.47241e+15	2.94483e+15	4.41724e+15	5.88965e+15	7.36207e+15	8.81187e+15	1.01673e+16	1.14301e+16	1.27868e+16	2.3254e+16	3.09704e+17	4.54031e+17	4.766	4.71496	4.71496	4.71496	4.71496	4.71496	4.71496	4.71496	4.71307	4.70498	4.69343	4.68987	4.68986	4.68986	4.68986	
27646.4	6.85459e+17	2.79201e+17	1.22179e+17	7.73036e+16	1.54607e+17	2.31911e+17	3.09215e+17	3.86518e+17	4.63858e+17	5.41344e+17	6.18711e+17	6.95633e+17	7.58484e+17	3.35205e+17	8.6001e+15	6.33949e+15	5.32568e+15	2.33053e+15	1.47454e+15	2.9491e+15	4.42363e+15	5.89818e+15	7.37272e+15	8.82431e+15	1.01792e+16	1.1434e+16	1.27872e+16	2.32537e+16	3.09704e+17	4.54031e+17	4.7607	4.71602	4.71602	4.71602	4.71602	4.71602	4.71602	4.71602	4.71411	4.70584	4.69363	4.68987	4.68986	4.68986	4.68986	
27896.9	6.85459e+17	2.79189e+17	1.22174e+17	7.73003e+16	1.54601e+17	2.31901e+17	3.09201e+17	3.86501e+17	4.63838e+17	5.41326e+17	6.18751e+17	6.95664e+17	7.58548e+17	3.35205e+17	8.6001e+15	6.33964e+15	5.33348e+15	2.33394e+15	1.4767e+15	2.95341e+15	4.43011e+15	5.90681e+15	7.38351e+15	8.83694e+15	1.01915e+16	1.14385e+16	1.27878e+16	2.32557e+16	3.09704e+17	4.54031e+17	4.75391	4.7171	4.7171	4.7171	4.7171	4.7171	4.7171	4.7171	4.71516	4.70671	4.69386	4.68987	4.68986	4.68986	4.68986	
28147.2	6.8546e+17	2.79176e+17	1.22168e+17	7.72969e+16	1.54594e+17	2.31891e+17	3.09188e+17	3.86484e+17	4.63818e+17	5.41307e+17	6.18797e+17	6.95706e+17	7.58543e+17	3.35205e+17	8.6001e+15	6.33974e+15	5.34136e+15	2.33739e+15	1.47888e+15	2.95778e+15	4.43666e+15	5.91554e+15	7.39443e+15	8.84974e+15	1.02041e+16	1.14436e+16	1.27886e+16	2.32555e+16	3.09704e+17	4.54031e+17	4.74537	4.71819	4.71819	4.71819	4.71819	4.71819	4.71819	4.71819	4.71623	4.70761	4.69412	4.68987	4.68986	4.68986	4.68986	
28399.8	6.85461e+17	2.79164e+17	1.22163e+17	7.72934e+16	1.54587e+17	2.3188e+17	3.09174e+17	3.86467e+17	4.63798e+17	5.41288e+17	6.18848e+17	6.95761e+17	7.58536e+17	3.35205e+17	8.6001e+15	6.33979e+15	5.3494e+15	2.34091e+15	1.48111e+15	2.96223e+15	4.44334e+15	5.92445e+15	7.40556e+15	8.86284e+15	1.02171e+16	1.14495e+16	1.27896e+16	2.32553e+16	3.09704e+17	4.54031e+17	4.73467	4.7193	4.7193	4.7193	4.7193	4.7193	4.7193	4.7193	4.71732	4.70855	4.69442	4.68988	4.68986	4.68986	4.68986	
28651	6.85462e+17	2.79151e+17	1.22157e+17	7.72899e+16	1.5458e+17	2.3187e+17	3.0916e+17	3.8645e+17	4.63777e+17	5.41267e+17	6.18902e+17	6.95828e+17	7.58531e+17	3.35205e+17	8.6001e+15	6.33977e+15	5.35748e+15	2.34444e+15	1.48335e+15	2.9667e+15	4.45004e+15	5.93339e+15	7.41674e+15	8.87601e+15	1.02304e+16	1.1456e+16	1.27909e+16	2.32551e+16	3.09704e+17	4.54031e+17	4.72167	4.72042	4.72042	4.72042	4.72042	4.72042	4.72042	4.72042	4.71841	4.7095	4.69476	4.68988	4.68986	4.68986	4.68986	
28902.1	6.85463e+17	2.79139e+17	1.22152e+17	7.72864e+16	1.54573e+17	2.31859e+17	3.09146e+17	3.86432e+17	4.63757e+17	5.41247e+17	6.18911e+17	6.95874e+17	7.58527e+17	3.35203e+17	8.6001e+15	6.3397e+15	5.36562e+15	2.34801e+15	1.4856e+15	2.97121e+15	4.45681e+15	5.94241e+15	7.42802e+15	8.88933e+15	1.0244e+16	1.14624e+16	1.27919e+16	2.32551e+16	3.09702e+17	4.54031e+17	4.70601	4.72154	4.72154	4.72154	4.72154	4.72154	4.72154	4.72154	4.71952	4.71047	4.69513	4.68988	4.68986	4.68986	4.68986	
29154.2	6.85464e+17	2.79126e+17	1.22146e+17	7.72829e+16	1.54566e+17	2.31849e+17	3.09131e+17	3.86414e+17	4.63736e+17	5.41225e+17	6.18908e+17	6.95913e+17	7.58527e+17	3.35198e+17	8.6001e+15	6.33956e+15	5.37386e+15	2.35161e+15	1.48788e+15	2.97577e+15	4.46365e+15	5.95153e+15	7.43942e+15	8.90283e+15	1.0258e+16	1.14689e+16	1.27927e+16	2.3255e+16	3.09698e+17	4.54031e+17	4.68729	4.72267	4.72267	4.72267	4.72267	4.72267	4.72267	4.72267	4.72064	4.71146	4.69554	4.68988	4.68986	4.68986	4.68986	
29405.4	6.85465e+17	2.79113e+17	1.2214e+17	7.72793e+16	1.54559e+17	2.31838e+17	3.09117e+17	3.86396e+17	4.63714e+17	5.41204e+17	6.18904e+17	6.9595e+17	7.58531e+17	3.35194e+17	8.6001e+15	6.33934e+15	5.38211e+15	2.35522e+15	1.49017e+15	2.98034e+15	4.47051e+15	5.96067e+15	7.45084e+15	8.91638e+15	1.02722e+16	1.14758e+16	1.27935e+16	2.32552e+16	3.09694e+17	4.54031e+17	4.66538	4.7238	4.7238	4.7238	4.7238	4.7238	4.7238	4.7238	4.72177	4.71247	4.69596	4.68988	4.68986	4.68986	4.68986	
29658	6.85467e+17	2.791e+17	1.22135e+17	7.72757e+16	1.54551e+17	2.31827e+17	3.09103e+17	3.86378e+17	4.63693e+17	5.41181e+17	6.18898e+17	6.95988e+17	7.58539e+17	3.3519e+17	8.6001e+15	6.33905e+15	5.39045e+15	2.35887e+15	1.49248e+15	2.98496e+15	4.47744e+15	5.96991e+15	7.46239e+15	8.93012e+15	1.02867e+16	1.14832e+16	1.27944e+16	2.32554e+16	3.0969e+17	4.54031e+17	4.63977	4.72494	4.72494	4.72494	4.72494	4.72494	4.72494	4.72494	4.7229	4.71351	4.69641	4.68988	4.68986	4.68986	4.68986	
29909.8	6.85468e+17	2.79087e+17	1.22129e+17	7.72721e+16	1.54544e+17	2.31816e+17	3.09088e+17	3.8636e+17	4.63672e+17	5.41159e+17	6.1889e+17	6.96025e+17	7.58551e+17	3.35186e+17	8.6001e+15	6.33867e+15	5.3988e+15	2.36253e+15	1.49479e+15	2.98959e+15	4.48437e+15	5.97916e+15	7.47395e+15	8.94389e+15	1.03014e+16	1.14908e+16	1.27953e+16	2.32558e+16	3.09687e+17	4.54031e+17	4.61043	4.72607	4.72607	4.72607	4.72607	4.72607	4.72607	4.72607	4.72403	4.71456	4.69689	4.68988	4.68986	4.68986	4.68986	
30159.8	6.8547e+17	2.79074e+17	1.22123e+17	7.72685e+16	1.54537e+17	2.31805e+17	3.09074e+17	3.86342e+17	4.6365e+17	5.41136e+17	6.18881e+17	6.96063e+17	7.58569e+17	3.35183e+17	8.6001e+15	6.3382e+15	5.40711e+15	2.36616e+15	1.49709e+15	2.99419e+15	4.49127e+15	5.98837e+15	7.48546e+15	8.95763e+15	1.03162e+16	1.14988e+16	1.27962e+16	2.32563e+16	3.09684e+17	4.54031e+17	4.57731	4.72719	4.72719	4.72719	4.72719	4.72719	4.72719	4.72719	4.72516	4.71562	4.69738	4.68988	4.68986	4.68986	4.68986	
30411.5	6.85472e+17	2.79061e+17	1.22118e+17	7.72649e+16	1.5453e+17	2.31795e+17	3.09059e+17	3.86324e+17	4.63628e+17	5.41112e+17	6.18871e+17	6.96101e+17	7.58592e+17	3.35181e+17	8.6001e+15	6.33763e+15	5.4155e+15	2.36983e+15	1.49941e+15	2.99883e+15	4.49824e+15	5.99765e+15	7.49706e+15	8.97151e+15	1.03314e+16	1.15072e+16	1.27972e+16	2.3257e+16	3.09682e+17	4.54031e+17	4.53979	4.72831	4.72831	4.72831	4.72831	4.72831	4.72831	4.72831	4.72629	4.7167	4.69791	4.68989	4.68986	4.68986	4.68986	
30664.4	6.85474e+17	2.79048e+17	1.22112e+17	7.72612e+16	1.54522e+17	2.31784e+17	3.09045e+17	3.86306e+17	4.63607e+17	5.41089e+17	6.1886e+17	6.96141e+17	7.5862e+17	3.3518e+17	8.6001e+15	6.33695e+15	5.42392e+15	2.37352e+15	1.50174e+15	3.00349e+15	4.50523e+15	6.00698e+15	7.50872e+15	8.98549e+15	1.03468e+16	1.15161e+16	1.27982e+16	2.32579e+16	3.09681e+17	4.54031e+17	4.49775	4.72942	4.72942	4.72942	4.72942	4.72942	4.72942	4.72942	4.72742	4.7178	4.69846	4.68989	4.68986	4.68986	4.68986	
30915	6.85476e+17	2.79034e+17	1.22106e+17	7.72576e+16	1.54515e+17	2.31773e+17	3.0903e+17	3.86288e+17	4.63585e+17	5.41065e+17	6.18849e+17	6.9618e+17	7.58652e+17	3.35179e+17	8.6001e+15	6.33617e+15	5.43227e+15	2.37717e+15	1.50405e+15	3.00812e+15	4.51217e+15	6.01622e+15	7.52028e+15	8.99937e+15	1.03623e+16	1.15252e+16	1.27993e+16	2.32589e+16	3.0968e+17	4.54031e+17	4.45168	4.7305	4.7305	4.7305	4.7305	4.7305	4.7305	4.7305	4.72854	4.7189	4.69903	4.68989	4.68986	4.68986	4.68986	
31166.8	6.85478e+17	2.79021e+17	1.22101e+17	7.7254e+16	1.54508e+17	2.31762e+17	3.09016e+17	3.8627e+17	4.63563e+17	5.4104e+17	6.18836e+17	6.9622e+17	7.58688e+17	3.35179e+17	8.6001e+15	6.33526e+15	5.44064e+15	2.38083e+15	1.50637e+15	3.01275e+15	4.51912e+15	6.02549e+15	7.53187e+15	9.01332e+15	1.03779e+16	1.15348e+16	1.28005e+16	2.326e+16	3.0968e+17	4.54031e+17	4.401	4.73157	4.73157	4.73157	4.73157	4.73157	4.73157	4.73157	4.72964	4.72002	4.69963	4.6899	4.68986	4.68986	4.68986	
31417	6.8548e+17	2.79008e+17	1.22095e+17	7.72504e+16	1.54501e+17	2.31751e+17	3.09002e+17	3.86252e+17	4.63542e+17	5.41016e+17	6.18822e+17	6.96259e+17	7.58727e+17	3.3518e+17	8.6001e+15	6.33423e+15	5.44893e+15	2.38446e+15	1.50867e+15	3.01735e+15	4.52601e+15	6.03468e+15	7.54335e+15	9.02718e+15	1.03937e+16	1.15447e+16	1.28018e+16	2.32612e+16	3.09681e+17	4.54031e+17	4.34628	4.73261	4.73261	4.73261	4.73261	4.73261	4.73261	4.73261	4.73072	4.72114	4.70024	4.6899	4.68986	4.68986	4.68986	
31668.5	6.85483e+17	2.78995e+17	1.22089e+17	7.72468e+16	1.54494e+17	2.3174e+17	3.08987e+17	3.86234e+17	4.6352e+17	5.40991e+17	6.18807e+17	6.96299e+17	7.58769e+17	3.35181e+17	8.6001e+15	6.33307e+15	5.45724e+15	2.3881e+15	1.51097e+15	3.02194e+15	4.53291e+15	6.04388e+15	7.55485e+15	9.04107e+15	1.04096e+16	1.15551e+16	1.28032e+16	2.32625e+16	3.09682e+17	4.54031e+17	4.28703	4.73362	4.73362	4.73362	4.73362	4.73362	4.73362	4.73362	4.73179	4.72227	4.70089	4.68991	4.68986	4.68986	4.68986	
31920.4	6.85486e+17	2.78983e+17	1.22083e+17	7.72432e+16	1.54486e+17	2.3173e+17	3.08973e+17	3.86216e+17	4.63498e+17	5.40966e+17	6.18792e+17	6.96337e+17	7.58813e+17	3.35183e+17	8.6001e+15	6.33177e+15	5.46552e+15	2.39172e+15	1.51326e+15	3.02653e+15	4.53979e+15	6.05305e+15	7.56632e+15	9.05497e+15	1.04257e+16	1.15658e+16	1.28047e+16	2.32638e+16	3.09684e+17	4.54031e+17	4.22351	4.73459	4.73459	4.73459	4.73459	4.73459	4.73459	4.73459	4.73282	4.7234	4.70156	4.68991	4.68986	4.68986	4.68986	
32172.8	6.85489e+17	2.7897e+17	1.22078e+17	7.72397e+16	1.54479e+17	2.31719e+17	3.08959e+17	3.86198e+17	4.63477e+17	5.40941e+17	6.18775e+17	6.96375e+17	7.58858e+17	3.35185e+17	8.6001e+15	6.33034e+15	5.47378e+15	2.39534e+15	1.51555e+15	3.0311e+15	4.54665e+15	6.06219e+15	7.57774e+15	9.06883e+15	1.0442e+16	1.1577e+16	1.28063e+16	2.32652e+16	3.09686e+17	4.54031e+17	4.15593	4.73551	4.73551	4.73551	4.73551	4.73551	4.73551	4.73551	4.73383	4.72454	4.70226	4.68992	4.68986	4.68986	4.68986	
32423.5	6.85492e+17	2.78957e+17	1.22072e+17	7.72361e+16	1.54472e+17	2.31708e+17	3.08945e+17	3.86181e+17	4.63455e+17	5.40915e+17	6.18759e+17	6.96405e+17	7.589e+17	3.35187e+17	8.6001e+15	6.32877e+15	5.48192e+15	2.3989e+15	1.5178e+15	3.03561e+15	4.55341e+15	6.07121e+15	7.58902e+15	9.08255e+15	1.04582e+16	1.15885e+16	1.2808e+16	2.32665e+16	3.09688e+17	4.54031e+17	4.08513	4.73637	4.73637	4.73637	4.73637	4.73637	4.73637	4.73637	4.73479	4.72568	4.70297	4.68993	4.68986	4.68986	4.68986	
32675.5	6.85496e+17	2.78944e+17	1.22067e+17	7.72326e+16	1.54465e+17	2.31698e+17	3.0893e+17	3.86163e+17	4.63434e+17	5.4089e+17	6.18741e+17	6.96413e+17	7.58925e+17	3.35189e+17	8.60007e+15	6.32705e+15	5.49004e+15	2.40245e+15	1.52005e+15	3.04011e+15	4.56016e+15	6.08021e+15	7.60026e+15	9.09626e+15	1.04745e+16	1.16004e+16	1.28094e+16	2.32672e+16	3.0969e+17	4.54029e+17	4.0106	4.73717	4.73717	4.73717	4.73717	4.73717	4.73717	4.73717	4.7357	4.72681	4.70371	4.68994	4.68986	4.68986	4.68986	
32928.2	6.85499e+17	2.78932e+17	1.22061e+17	7.72291e+16	1.54458e+17	2.31687e+17	3.08916e+17	3.86146e+17	4.63412e+17	5.40864e+17	6.18722e+17	6.9642e+17	7.58949e+17	3.35191e+17	8.60001e+15	6.32518e+15	5.49811e+15	2.40599e+15	1.52229e+15	3.04458e+15	4.56686e+15	6.08915e+15	7.61144e+15	9.10992e+15	1.0491e+16	1.16127e+16	1.2811e+16	2.3268e+16	3.09692e+17	4.54026e+17	3.93282	4.7379	4.7379	4.7379	4.7379	4.7379	4.7379	4.7379	4.73655	4.72794	4.70448	4.68996	4.68986	4.68986	4.68986	
33180.6	6.85503e+17	2.78919e+17	1.22056e+17	7.72257e+16	1.54451e+17	2.31677e+17	3.08903e+17	3.86128e+17	4.63391e+17	5.40839e+17	6.18703e+17	6.96424e+17	7.58971e+17	3.35193e+17	8.59995e+15	6.32317e+15	5.5061e+15	2.40948e+15	1.5245e+15	3.049e+15	4.5735e+15	6.098e+15	7.6225e+15	9.12347e+15	1.05074e+16	1.16253e+16	1.28128e+16	2.32686e+16	3.09694e+17	4.54023e+17	3.85243	4.73853	4.73853	4.73853	4.73853	4.73853	4.73853	4.73853	4.73734	4.72905	4.70527	4.68997	4.68986	4.68986	4.68986	
33430.7	6.85507e+17	2.78907e+17	1.2205e+17	7.72223e+16	1.54445e+17	2.31667e+17	3.08889e+17	3.86111e+17	4.6337e+17	5.40813e+17	6.18684e+17	6.96427e+17	7.58992e+17	3.35196e+17	8.5999e+15	6.32104e+15	5.51394e+15	2.41291e+15	1.52667e+15	3.05334e+15	4.58001e+15	6.10667e+15	7.63334e+15	9.1368e+15	1.05238e+16	1.16382e+16	1.28148e+16	2.32693e+16	3.09696e+17	4.5402e+17	3.77055	4.73906	4.73906	4.73906	4.73906	4.73906	4.73906	4.73906	4.73804	4.73014	4.70607	4.68999	4.68986	4.68986	4.68986	
33681.2	6.85512e+17	2.78895e+17	1.22045e+17	7.72189e+16	1.54438e+17	2.31657e+17	3.08876e+17	3.86095e+17	4.6335e+17	5.40787e+17	6.18663e+17	6.96429e+17	7.59012e+17	3.35198e+17	8.59985e+15	6.31877e+15	5.52169e+15	2.41631e+15	1.52882e+15	3.05764e+15	4.58645e+15	6.11527e+15	7.64408e+15	9.15003e+15	1.05402e+16	1.16515e+16	1.28171e+16	2.32699e+16	3.09698e+17	4.54018e+17	3.6867	4.73947	4.73947	4.73947	4.73947	4.73947	4.73947	4.73947	4.73865	4.73121	4.7069	4.69001	4.68986	4.68986	4.68986	
33932.6	6.85516e+17	2.78883e+17	1.2204e+17	7.72156e+16	1.54431e+17	2.31647e+17	3.08862e+17	3.86078e+17	4.63329e+17	5.40762e+17	6.18643e+17	6.9643e+17	7.59031e+17	3.35201e+17	8.5998e+15	6.31636e+15	5.52938e+15	2.41967e+15	1.53094e+15	3.06189e+15	4.59284e+15	6.12378e+15	7.65473e+15	9.16319e+15	1.05567e+16	1.16652e+16	1.28196e+16	2.32705e+16	3.097e+17	4.54015e+17	3.60115	4.73975	4.73975	4.73975	4.73975	4.73975	4.73975	4.73975	4.73916	4.73226	4.70775	4.69003	4.68986	4.68986	4.68986	
34184.8	6.85521e+17	2.78871e+17	1.22035e+17	7.72123e+16	1.54425e+17	2.31637e+17	3.08849e+17	3.86062e+17	4.63309e+17	5.40736e+17	6.18621e+17	6.9643e+17	7.59049e+17	3.35203e+17	8.59977e+15	6.31381e+15	5.537e+15	2.423e+15	1.53305e+15	3.06611e+15	4.59916e+15	6.13221e+15	7.66527e+15	9.17626e+15	1.05733e+16	1.16792e+16	1.28224e+16	2.32711e+16	3.09703e+17	4.54014e+17	3.51436	4.73988	4.73988	4.73988	4.73988	4.73988	4.73988	4.73988	4.73955	4.73328	4.70862	4.69006	4.68986	4.68986	4.68986	
34436.6	6.85526e+17	2.78859e+17	1.2203e+17	7.72091e+16	1.54418e+17	2.31627e+17	3.08836e+17	3.86045e+17	4.63288e+17	5.4071e+17	6.18599e+17	6.96428e+17	7.59067e+17	3.35206e+17	8.59974e+15	6.31114e+15	5.54449e+15	2.42628e+15	1.53513e+15	3.07026e+15	4.60538e+15	6.14051e+15	7.67564e+15	9.18918e+15	1.05898e+16	1.16936e+16	1.28256e+16	2.32716e+16	3.09705e+17	4.54012e+17	3.42712	4.73985	4.73985	4.73985	4.73985	4.73985	4.73985	4.73985	4.7398	4.73426	4.7095	4.69009	4.68986	4.68986	4.68986	
34689.7	6.85531e+17	2.78848e+17	1.22024e+17	7.72059e+16	1.54412e+17	2.31618e+17	3.08823e+17	3.86029e+17	4.63268e+17	5.40684e+17	6.18576e+17	6.96425e+17	7.59085e+17	3.35209e+17	8.59972e+15	6.30833e+15	5.55191e+15	2.42953e+15	1.53718e+15	3.07437e+15	4.61155e+15	6.14873e+15	7.68591e+15	9.20203e+15	1.06065e+16	1.17085e+16	1.28292e+16	2.32721e+16	3.09708e+17	4.54011e+17	3.33931	4.73962	4.73962	4.73962	4.73962	4.73962	4.73962	4.73962	4.7399	4.73519	4.71041	4.69012	4.68986	4.68986	4.68986	
34942.5	6.85537e+17	2.78836e+17	1.22019e+17	7.72027e+16	1.54405e+17	2.31608e+17	3.08811e+17	3.86014e+17	4.63249e+17	5.40658e+17	6.18552e+17	6.96422e+17	7.59102e+17	3.35212e+17	8.59971e+15	6.30542e+15	5.5592e+15	2.43272e+15	1.5392e+15	3.0784e+15	4.6176e+15	6.1568e+15	7.696e+15	9.2147e+15	1.06232e+16	1.17237e+16	1.28332e+16	2.32727e+16	3.09711e+17	4.5401e+17	3.25191	4.73919	4.73919	4.73919	4.73919	4.73919	4.73919	4.73919	4.73983	4.73607	4.71134	4.69016	4.68986	4.68986	4.68986	
35192.9	6.85542e+17	2.78825e+17	1.22015e+17	7.71996e+16	1.54399e+17	2.31599e+17	3.08799e+17	3.85998e+17	4.63229e+17	5.40632e+17	6.18529e+17	6.96417e+17	7.59118e+17	3.35215e+17	8.5997e+15	6.30242e+15	5.5663e+15	2.43582e+15	1.54117e+15	3.08234e+15	4.6235e+15	6.16467e+15	7.70583e+15	9.22712e+15	1.06397e+16	1.17391e+16	1.28377e+16	2.32732e+16	3.09714e+17	4.5401e+17	3.16597	4.73853	4.73853	4.73853	4.73853	4.73853	4.73853	4.73853	4.73956	4.73687	4.71227	4.6902	4.68986	4.68986	4.68986	
35443.6	6.85548e+17	2.78814e+17	1.2201e+17	7.71966e+16	1.54393e+17	2.3159e+17	3.08786e+17	3.85983e+17	4.6321e+17	5.40606e+17	6.18504e+17	6.96411e+17	7.59133e+17	3.35218e+17	8.5997e+15	6.29933e+15	5.57329e+15	2.43888e+15	1.5431e+15	3.0862e+15	4.6293e+15	6.1724e+15	7.71551e+15	9.2394e+15	1.06563e+16	1.17549e+16	1.28426e+16	2.32736e+16	3.09717e+17	4.5401e+17	3.0809	4.73762	4.73762	4.73762	4.73762	4.73762	4.73762	4.73762	4.73909	4.7376	4.71321	4.69024	4.68986	4.68986	4.68986	
35694.7	6.85553e+17	2.78804e+17	1.22005e+17	7.71937e+16	1.54387e+17	2.31581e+17	3.08775e+17	3.85968e+17	4.63191e+17	5.4058e+17	6.18479e+17	6.96404e+17	7.59148e+17	3.35222e+17	8.5997e+15	6.29614e+15	5.58015e+15	2.44189e+15	1.545e+15	3.09001e+15	4.635e+15	6.18001e+15	7.72501e+15	9.25154e+15	1.0673e+16	1.17711e+16	1.28482e+16	2.32741e+16	3.0972e+17	4.5401e+17	2.99709	4.73643	4.73643	4.73643	4.73643	4.73643	4.73643	4.73643	4.73838	4.73824	4.71416	4.69029	4.68986	4.68986	4.68986	
35946	6.85559e+17	2.78793e+17	1.22001e+17	7.71907e+16	1.54381e+17	2.31572e+17	3.08763e+17	3.85954e+17	4.63172e+17	5.40554e+17	6.18453e+17	6.96396e+17	7.59162e+17	3.35225e+17	8.59971e+15	6.29288e+15	5.58689e+15	2.44484e+15	1.54687e+15	3.09374e+15	4.6406e+15	6.18747e+15	7.73434e+15	9.26355e+15	1.06898e+16	1.17877e+16	1.28543e+16	2.32745e+16	3.09723e+17	4.5401e+17	2.91478	4.73493	4.73493	4.73493	4.73493	4.73493	4.73493	4.73493	4.73741	4.73877	4.71512	4.69035	4.68986	4.68986	4.68986	
36198.2	6.85565e+17	2.78783e+17	1.21996e+17	7.71879e+16	1.54376e+17	2.31564e+17	3.08752e+17	3.85939e+17	4.63154e+17	5.40527e+17	6.18426e+17	6.96386e+17	7.59176e+17	3.35228e+17	8.59971e+15	6.28952e+15	5.59351e+15	2.44773e+15	1.5487e+15	3.09741e+15	4.64611e+15	6.19481e+15	7.74351e+15	9.27544e+15	1.07067e+16	1.18049e+16	1.28611e+16	2.32749e+16	3.09726e+17	4.54011e+17	2.83413	4.73309	4.73309	4.73309	4.73309	4.73309	4.73309	4.73309	4.73615	4.73919	4.71609	4.69041	4.68986	4.68986	4.68986	
36449.9	6.85571e+17	2.78773e+17	1.21992e+17	7.71851e+16	1.5437e+17	2.31555e+17	3.0874e+17	3.85925e+17	4.63135e+17	5.40501e+17	6.18399e+17	6.96376e+17	7.59189e+17	3.35232e+17	8.59972e+15	6.28611e+15	5.59998e+15	2.45057e+15	1.55049e+15	3.10099e+15	4.65148e+15	6.20197e+15	7.75247e+15	9.28716e+15	1.07237e+16	1.18225e+16	1.28687e+16	2.32753e+16	3.09729e+17	4.54011e+17	2.75578	4.73089	4.73089	4.73089	4.73089	4.73089	4.73089	4.73089	4.73458	4.73948	4.71705	4.69047	4.68986	4.68986	4.68986	
36702.2	6.85578e+17	2.78763e+17	1.21987e+17	7.71823e+16	1.54365e+17	2.31547e+17	3.08729e+17	3.85912e+17	4.63117e+17	5.40474e+17	6.1837e+17	6.96363e+17	7.59202e+17	3.35235e+17	8.59973e+15	6.28264e+15	5.60633e+15	2.45334e+15	1.55225e+15	3.1045e+15	4.65675e+15	6.209e+15	7.76125e+15	9.29876e+15	1.07409e+16	1.18408e+16	1.28771e+16	2.32757e+16	3.09732e+17	4.54012e+17	2.67958	4.72829	4.72829	4.72829	4.72829	4.72829	4.72829	4.72829	4.73267	4.73961	4.71801	4.69055	4.68986	4.68986	4.68986	
36954.8	6.85584e+17	2.78753e+17	1.21983e+17	7.71797e+16	1.54359e+17	2.31539e+17	3.08719e+17	3.85898e+17	4.63099e+17	5.40446e+17	6.18341e+17	6.9635e+17	7.59214e+17	3.35239e+17	8.59974e+15	6.27912e+15	5.61253e+15	2.45606e+15	1.55397e+15	3.10794e+15	4.6619e+15	6.21587e+15	7.76984e+15	9.31022e+15	1.07583e+16	1.18596e+16	1.28864e+16	2.32761e+16	3.09735e+17	4.54012e+17	2.6058	4.72526	4.72526	4.72526	4.72526	4.72526	4.72526	4.72526	4.73038	4.73957	4.71897	4.69062	4.68986	4.68986	4.68986	
37207.5	6.8559e+17	2.78744e+17	1.21979e+17	7.71771e+16	1.54354e+17	2.31531e+17	3.08708e+17	3.85885e+17	4.63082e+17	5.40419e+17	6.1831e+17	6.96334e+17	7.59225e+17	3.35242e+17	8.59975e+15	6.27556e+15	5.61859e+15	2.45871e+15	1.55564e+15	3.11129e+15	4.66693e+15	6.22258e+15	7.77822e+15	9.32154e+15	1.07759e+16	1.18792e+16	1.28967e+16	2.32765e+16	3.09739e+17	4.54013e+17	2.53466	4.72177	4.72177	4.72177	4.72177	4.72177	4.72177	4.72177	4.72769	4.73934	4.71991	4.69071	4.68986	4.68986	4.68986	
37460.5	6.85597e+17	2.78734e+17	1.21975e+17	7.71745e+16	1.54349e+17	2.31524e+17	3.08698e+17	3.85873e+17	4.63064e+17	5.40391e+17	6.18279e+17	6.96317e+17	7.59236e+17	3.35246e+17	8.59976e+15	6.27196e+15	5.6245e+15	2.46129e+15	1.55728e+15	3.11456e+15	4.67184e+15	6.22912e+15	7.7864e+15	9.33273e+15	1.07938e+16	1.18995e+16	1.29081e+16	2.32768e+16	3.09743e+17	4.54013e+17	2.46618	4.71778	4.71778	4.71778	4.71778	4.71778	4.71778	4.71778	4.72455	4.73889	4.72083	4.6908	4.68986	4.68986	4.68986	
37713.7	6.85603e+17	2.78725e+17	1.21971e+17	7.7172e+16	1.54344e+17	2.31516e+17	3.08688e+17	3.8586e+17	4.63047e+17	5.40362e+17	6.18245e+17	6.96298e+17	7.59247e+17	3.3525e+17	8.59977e+15	6.26834e+15	5.63026e+15	2.46382e+15	1.55888e+15	3.11776e+15	4.67663e+15	6.23551e+15	7.79438e+15	9.34379e+15	1.0812e+16	1.19208e+16	1.29208e+16	2.32771e+16	3.09746e+17	4.54014e+17	2.40047	4.71326	4.71326	4.71326	4.71326	4.71326	4.71326	4.71326	4.72095	4.7382	4.72172	4.6909	4.68986	4.68986	4.68986	
37963.8	6.85609e+17	2.78717e+17	1.21967e+17	7.71696e+16	1.54339e+17	2.31509e+17	3.08679e+17	3.85848e+17	4.6303e+17	5.40334e+17	6.18211e+17	6.96277e+17	7.59256e+17	3.35254e+17	8.59978e+15	6.26475e+15	5.6358e+15	2.46624e+15	1.56041e+15	3.12082e+15	4.68123e+15	6.24164e+15	7.80205e+15	9.35458e+15	1.08303e+16	1.19427e+16	1.29347e+16	2.32774e+16	3.0975e+17	4.54014e+17	2.33841	4.70824	4.70824	4.70824	4.70824	4.70824	4.70824	4.70824	4.71689	4.73726	4.72256	4.691	4.68986	4.68986	4.68986	
38214.3	6.85616e+17	2.78708e+17	1.21964e+17	7.71673e+16	1.54335e+17	2.31502e+17	3.08669e+17	3.85837e+17	4.63014e+17	5.40304e+17	6.18175e+17	6.96253e+17	7.59265e+17	3.35259e+17	8.59978e+15	6.26115e+15	5.6412e+15	2.4686e+15	1.5619e+15	3.12381e+15	4.68571e+15	6.24762e+15	7.80952e+15	9.36526e+15	1.08491e+16	1.19657e+16	1.295e+16	2.32777e+16	3.09754e+17	4.54014e+17	2.27909	4.70263	4.70263	4.70263	4.70263	4.70263	4.70263	4.70263	4.71231	4.73603	4.72336	4.6911	4.68986	4.68986	4.68986	
38464.7	6.85622e+17	2.787e+17	1.2196e+17	7.71651e+16	1.5433e+17	2.31495e+17	3.0866e+17	3.85825e+17	4.62997e+17	5.40274e+17	6.18137e+17	6.96227e+17	7.59274e+17	3.35263e+17	8.59979e+15	6.25754e+15	5.64643e+15	2.47089e+15	1.56335e+15	3.12671e+15	4.69006e+15	6.25341e+15	7.81677e+15	9.37582e+15	1.08682e+16	1.19898e+16	1.29671e+16	2.3278e+16	3.09758e+17	4.54015e+17	2.22264	4.69641	4.69641	4.69641	4.69641	4.69641	4.69641	4.69641	4.70717	4.73449	4.7241	4.69121	4.68986	4.68986	4.68986	
38715.5	6.85629e+17	2.78692e+17	1.21956e+17	7.71629e+16	1.54326e+17	2.31489e+17	3.08651e+17	3.85814e+17	4.62981e+17	5.40244e+17	6.18097e+17	6.96197e+17	7.59282e+17	3.35268e+17	8.5998e+15	6.25394e+15	5.65152e+15	2.47312e+15	1.56476e+15	3.12953e+15	4.69429e+15	6.25905e+15	7.82381e+15	9.38628e+15	1.08878e+16	1.20153e+16	1.2986e+16	2.32782e+16	3.09762e+17	4.54015e+17	2.1689	4.68952	4.68952	4.68952	4.68952	4.68952	4.68952	4.68952	4.70143	4.73261	4.72477	4.69131	4.68986	4.68986	4.68986	
38966.2	6.85635e+17	2.78685e+17	1.21953e+17	7.71607e+16	1.54321e+17	2.31482e+17	3.08643e+17	3.85804e+17	4.62965e+17	5.40212e+17	6.18055e+17	6.96165e+17	7.5929e+17	3.35272e+17	8.59981e+15	6.25035e+15	5.65645e+15	2.47528e+15	1.56613e+15	3.13226e+15	4.69838e+15	6.26451e+15	7.83064e+15	9.39661e+15	1.09079e+16	1.20423e+16	1.3007e+16	2.32785e+16	3.09766e+17	4.54016e+17	2.11796	4.68195	4.68195	4.68195	4.68195	4.68195	4.68195	4.68195	4.69506	4.73036	4.72536	4.69142	4.68986	4.68986	4.68986	
39217.7	6.85641e+17	2.78677e+17	1.2195e+17	7.71587e+16	1.54317e+17	2.31476e+17	3.08635e+17	3.85793e+17	4.62949e+17	5.4018e+17	6.1801e+17	6.96128e+17	7.59297e+17	3.35277e+17	8.59981e+15	6.24676e+15	5.66124e+15	2.47737e+15	1.56745e+15	3.13491e+15	4.70236e+15	6.26981e+15	7.83727e+15	9.40688e+15	1.09287e+16	1.2071e+16	1.30304e+16	2.32788e+16	3.09771e+17	4.54016e+17	2.06955	4.67364	4.67364	4.67364	4.67364	4.67364	4.67364	4.67364	4.68801	4.72769	4.72586	4.69152	4.68986	4.68986	4.68986	
39470.7	6.85648e+17	2.7867e+17	1.21947e+17	7.71567e+16	1.54313e+17	2.3147e+17	3.08627e+17	3.85783e+17	4.62933e+17	5.40146e+17	6.17962e+17	6.96087e+17	7.59307e+17	3.35283e+17	8.59981e+15	6.24317e+15	5.66589e+15	2.47941e+15	1.56874e+15	3.13749e+15	4.70623e+15	6.27497e+15	7.84371e+15	9.4171e+15	1.09502e+16	1.21017e+16	1.30565e+16	2.32791e+16	3.09776e+17	4.54016e+17	2.02357	4.66451	4.66451	4.66451	4.66451	4.66451	4.66451	4.66451	4.68022	4.72457	4.72624	4.69162	4.68986	4.68986	4.68986	
39721.6	6.85654e+17	2.78663e+17	1.21944e+17	7.71548e+16	1.5431e+17	2.31464e+17	3.08619e+17	3.85774e+17	4.62917e+17	5.40111e+17	6.17911e+17	6.96042e+17	7.59321e+17	3.35291e+17	8.59979e+15	6.23964e+15	5.67035e+15	2.48136e+15	1.56998e+15	3.13996e+15	4.70993e+15	6.27991e+15	7.84988e+15	9.42714e+15	1.09721e+16	1.21342e+16	1.30854e+16	2.32796e+16	3.09784e+17	4.54015e+17	1.98054	4.65468	4.65468	4.65468	4.65468	4.65468	4.65468	4.65468	4.67175	4.721	4.72648	4.6917	4.68986	4.68986	4.68986	
39974.4	6.8566e+17	2.78656e+17	1.21941e+17	7.71529e+16	1.54306e+17	2.31459e+17	3.08612e+17	3.85765e+17	4.62901e+17	5.40075e+17	6.17856e+17	6.95992e+17	7.59338e+17	3.353e+17	8.59976e+15	6.23611e+15	5.67468e+15	2.48326e+15	1.57118e+15	3.14235e+15	4.71353e+15	6.2847e+15	7.85588e+15	9.43716e+15	1.0995e+16	1.2169e+16	1.31177e+16	2.32803e+16	3.09792e+17	4.54013e+17	1.9397	4.64395	4.64395	4.64395	4.64395	4.64395	4.64395	4.64395	4.66246	4.71689	4.72658	4.69177	4.68986	4.68986	4.68986	
40225.3	6.85666e+17	2.7865e+17	1.21938e+17	7.71511e+16	1.54302e+17	2.31453e+17	3.08604e+17	3.85756e+17	4.62886e+17	5.40039e+17	6.17798e+17	6.95936e+17	7.59356e+17	3.3531e+17	8.59973e+15	6.23263e+15	5.67882e+15	2.48507e+15	1.57232e+15	3.14465e+15	4.71697e+15	6.28929e+15	7.86161e+15	9.44701e+15	1.10183e+16	1.2206e+16	1.31534e+16	2.3281e+16	3.09802e+17	4.54012e+17	1.90153	4.63245	4.63245	4.63245	4.63245	4.63245	4.63245	4.63245	4.65245	4.71228	4.7265	4.69181	4.68986	4.68986	4.68986	
40476.5	6.85672e+17	2.78644e+17	1.21935e+17	7.71494e+16	1.54299e+17	2.31448e+17	3.08598e+17	3.85747e+17	4.62871e+17	5.40001e+17	6.17735e+17	6.95873e+17	7.59374e+17	3.35321e+17	8.59971e+15	6.22919e+15	5.68281e+15	2.48681e+15	1.57343e+15	3.14685e+15	4.72028e+15	6.2937e+15	7.86713e+15	9.45679e+15	1.10425e+16	1.22456e+16	1.31931e+16	2.32818e+16	3.09812e+17	4.54011e+17	1.86561	4.62007	4.62007	4.62007	4.62007	4.62007	4.62007	4.62007	4.64159	4.70708	4.72622	4.69182	4.68986	4.68986	4.68986	
40729.2	6.85678e+17	2.78638e+17	1.21933e+17	7.71478e+16	1.54296e+17	2.31443e+17	3.08591e+17	3.85739e+17	4.62856e+17	5.39961e+17	6.17668e+17	6.95804e+17	7.59392e+17	3.35333e+17	8.5997e+15	6.22576e+15	5.68666e+15	2.4885e+15	1.57449e+15	3.14898e+15	4.72348e+15	6.29797e+15	7.87246e+15	9.46653e+15	1.10677e+16	1.22882e+16	1.32374e+16	2.32827e+16	3.09822e+17	4.5401e+17	1.83168	4.60672	4.60672	4.60672	4.60672	4.60672	4.60672	4.60672	4.62982	4.70125	4.72572	4.6918	4.68986	4.68986	4.68986	
40979.6	6.85684e+17	2.78632e+17	1.2193e+17	7.71462e+16	1.54292e+17	2.31439e+17	3.08585e+17	3.85731e+17	4.62841e+17	5.39921e+17	6.17597e+17	6.95727e+17	7.59409e+17	3.35345e+17	8.59969e+15	6.2224e+15	5.69032e+15	2.4901e+15	1.5755e+15	3.15101e+15	4.72651e+15	6.30202e+15	7.87752e+15	9.47611e+15	1.10934e+16	1.23334e+16	1.32862e+16	2.32837e+16	3.09833e+17	4.5401e+17	1.80013	4.59256	4.59256	4.59256	4.59256	4.59256	4.59256	4.59256	4.61727	4.69482	4.72498	4.69172	4.68986	4.68986	4.68986	
41230	6.8569e+17	2.78627e+17	1.21928e+17	7.71447e+16	1.54289e+17	2.31434e+17	3.08579e+17	3.85723e+17	4.62826e+17	5.39879e+17	6.17521e+17	6.95642e+17	7.59426e+17	3.35357e+17	8.59969e+15	6.21908e+15	5.69382e+15	2.49163e+15	1.57647e+15	3.15295e+15	4.72942e+15	6.3059e+15	7.88237e+15	9.4856e+15	1.112e+16	1.23817e+16	1.33403e+16	2.32849e+16	3.09845e+17	4.54009e+17	1.77054	4.57747	4.57747	4.57747	4.57747	4.57747	4.57747	4.57747	4.60383	4.68772	4.72397	4.69159	4.68986	4.68986	4.68986	
41482	6.85696e+17	2.78621e+17	1.21925e+17	7.71432e+16	1.54286e+17	2.3143e+17	3.08573e+17	3.85716e+17	4.62811e+17	5.39835e+17	6.17439e+17	6.95547e+17	7.59441e+17	3.35369e+17	8.59969e+15	6.21578e+15	5.69719e+15	2.4931e+15	1.57741e+15	3.15481e+15	4.73222e+15	6.30963e+15	7.88703e+15	9.49507e+15	1.11476e+16	1.24337e+16	1.34006e+16	2.32863e+16	3.09856e+17	4.5401e+17	1.74263	4.56132	4.56132	4.56132	4.56132	4.56132	4.56132	4.56132	4.58937	4.67985	4.72265	4.69138	4.68986	4.68986	4.68986	
41734.5	6.85701e+17	2.78616e+17	1.21923e+17	7.71419e+16	1.54284e+17	2.31426e+17	3.08567e+17	3.85709e+17	4.62796e+17	5.3979e+17	6.17351e+17	6.95442e+17	7.59455e+17	3.35382e+17	8.5997e+15	6.21252e+15	5.7004e+15	2.49451e+15	1.5783e+15	3.1566e+15	4.73489e+15	6.31319e+15	7.89149e+15	9.50447e+15	1.11762e+16	1.24894e+16	1.34674e+16	2.3288e+16	3.09868e+17	4.5401e+17	1.71643	4.54414	4.54414	4.54414	4.54414	4.54414	4.54414	4.54414	4.57391	4.67121	4.72098	4.69108	4.68986	4.68986	4.68986	
41987.4	6.85707e+17	2.78612e+17	1.21921e+17	7.71406e+16	1.54281e+17	2.31422e+17	3.08562e+17	3.85703e+17	4.62782e+17	5.39744e+17	6.17258e+17	6.95325e+17	7.59467e+17	3.35394e+17	8.59971e+15	6.20929e+15	5.70347e+15	2.49585e+15	1.57915e+15	3.15829e+15	4.73744e+15	6.31659e+15	7.89573e+15	9.51381e+15	1.12058e+16	1.25489e+16	1.35413e+16	2.32901e+16	3.09879e+17	4.5401e+17	1.69188	4.52592	4.52592	4.52592	4.52592	4.52592	4.52592	4.52592	4.55745	4.66176	4.71894	4.69068	4.68985	4.68986	4.68986	
42240.4	6.85713e+17	2.78607e+17	1.21919e+17	7.71393e+16	1.54279e+17	2.31418e+17	3.08557e+17	3.85697e+17	4.62767e+17	5.39696e+17	6.17157e+17	6.95197e+17	7.59478e+17	3.35406e+17	8.59972e+15	6.2061e+15	5.70638e+15	2.49713e+15	1.57995e+15	3.15991e+15	4.73986e+15	6.31981e+15	7.89976e+15	9.52305e+15	1.12362e+16	1.26124e+16	1.36228e+16	2.32928e+16	3.0989e+17	4.54011e+17	1.6689	4.50668	4.50668	4.50668	4.50668	4.50668	4.50668	4.50668	4.53998	4.65148	4.7165	4.69015	4.68984	4.68986	4.68986	
42491.3	6.85718e+17	2.78603e+17	1.21917e+17	7.71381e+16	1.54276e+17	2.31414e+17	3.08553e+17	3.85691e+17	4.62753e+17	5.39647e+17	6.17052e+17	6.95057e+17	7.59486e+17	3.35418e+17	8.59973e+15	6.20299e+15	5.70912e+15	2.49832e+15	1.58071e+15	3.16142e+15	4.74213e+15	6.32284e+15	7.90355e+15	9.53213e+15	1.12673e+16	1.26795e+16	1.37116e+16	2.32961e+16	3.09901e+17	4.54012e+17	1.64758	4.48657	4.48657	4.48657	4.48657	4.48657	4.48657	4.48657	4.52165	4.64044	4.71363	4.68949	4.68983	4.68986	4.68986	
42742.6	6.85724e+17	2.78599e+17	1.21916e+17	7.7137e+16	1.54274e+17	2.31411e+17	3.08548e+17	3.85685e+17	4.62739e+17	5.39597e+17	6.16939e+17	6.94903e+17	7.59491e+17	3.3543e+17	8.59974e+15	6.19991e+15	5.71171e+15	2.49946e+15	1.58143e+15	3.16286e+15	4.74428e+15	6.32571e+15	7.90714e+15	9.54112e+15	1.12994e+16	1.27509e+16	1.38091e+16	2.33004e+16	3.09912e+17	4.54012e+17	1.6276	4.46541	4.46541	4.46541	4.46541	4.46541	4.46541	4.46541	4.50228	4.6285	4.71029	4.68867	4.68982	4.68986	4.68986	
42994.1	6.85729e+17	2.78595e+17	1.21914e+17	7.7136e+16	1.54272e+17	2.31408e+17	3.08544e+17	3.8568e+17	4.62725e+17	5.39545e+17	6.16819e+17	6.94734e+17	7.59493e+17	3.35441e+17	8.59975e+15	6.19687e+15	5.71415e+15	2.50053e+15	1.5821e+15	3.16421e+15	4.74631e+15	6.32842e+15	7.91052e+15	9.55003e+15	1.13323e+16	1.28266e+16	1.3916e+16	2.33058e+16	3.09922e+17	4.54013e+17	1.6089	4.44319	4.44319	4.44319	4.44319	4.44319	4.44319	4.44319	4.48186	4.61564	4.70644	4.68766	4.6898	4.68986	4.68986	
43246.2	6.85734e+17	2.78592e+17	1.21912e+17	7.7135e+16	1.5427e+17	2.31405e+17	3.0854e+17	3.85675e+17	4.62711e+17	5.39491e+17	6.16693e+17	6.9455e+17	7.5949e+17	3.35451e+17	8.59977e+15	6.19387e+15	5.71645e+15	2.50153e+15	1.58274e+15	3.16548e+15	4.74822e+15	6.33096e+15	7.91371e+15	9.55884e+15	1.13662e+16	1.29071e+16	1.40329e+16	2.33127e+16	3.09931e+17	4.54013e+17	1.59135	4.41987	4.41987	4.41987	4.41987	4.41987	4.41987	4.41987	4.46034	4.60181	4.70202	4.68643	4.68977	4.68986	4.68986	
43498.9	6.8574e+17	2.78588e+17	1.21911e+17	7.71341e+16	1.54268e+17	2.31402e+17	3.08536e+17	3.85671e+17	4.62698e+17	5.39437e+17	6.16558e+17	6.94348e+17	7.59478e+17	3.35458e+17	8.59978e+15	6.19089e+15	5.71861e+15	2.50248e+15	1.58334e+15	3.16668e+15	4.75002e+15	6.33336e+15	7.91669e+15	9.56757e+15	1.14009e+16	1.29922e+16	1.41605e+16	2.33211e+16	3.09938e+17	4.54014e+17	1.57491	4.39546	4.39546	4.39546	4.39546	4.39546	4.39546	4.39546	4.43773	4.58697	4.697	4.68496	4.68974	4.68986	4.68986	
43751.6	6.85745e+17	2.78585e+17	1.2191e+17	7.71333e+16	1.54266e+17	2.314e+17	3.08533e+17	3.85666e+17	4.62684e+17	5.39381e+17	6.16416e+17	6.94129e+17	7.59462e+17	3.35465e+17	8.59979e+15	6.18796e+15	5.72062e+15	2.50336e+15	1.5839e+15	3.16779e+15	4.75169e+15	6.33559e+15	7.91948e+15	9.57616e+15	1.14365e+16	1.3082e+16	1.42991e+16	2.33318e+16	3.09944e+17	4.54015e+17	1.55953	4.37	4.37	4.37	4.37	4.37	4.37	4.37	4.41406	4.57113	4.69135	4.68322	4.68969	4.68986	4.68986	
44004.3	6.8575e+17	2.78583e+17	1.21908e+17	7.71325e+16	1.54265e+17	2.31397e+17	3.0853e+17	3.85662e+17	4.62671e+17	5.39324e+17	6.16267e+17	6.93892e+17	7.59442e+17	3.35471e+17	8.59979e+15	6.18507e+15	5.72249e+15	2.50418e+15	1.58441e+15	3.16883e+15	4.75324e+15	6.33766e+15	7.92207e+15	9.58463e+15	1.14727e+16	1.31765e+16	1.44492e+16	2.3345e+16	3.0995e+17	4.54015e+17	1.54514	4.34351	4.34351	4.34351	4.34351	4.34351	4.34351	4.34351	4.38934	4.55428	4.68502	4.68119	4.68962	4.68986	4.68986	
44258	6.85755e+17	2.7858e+17	1.21907e+17	7.71317e+16	1.54263e+17	2.31395e+17	3.08527e+17	3.85659e+17	4.62658e+17	5.39265e+17	6.1611e+17	6.93635e+17	7.59416e+17	3.35477e+17	8.5998e+15	6.18221e+15	5.72423e+15	2.50494e+15	1.58489e+15	3.16979e+15	4.75468e+15	6.33958e+15	7.92447e+15	9.59299e+15	1.15098e+16	1.3276e+16	1.46121e+16	2.33614e+16	3.09956e+17	4.54015e+17	1.53162	4.31587	4.31587	4.31587	4.31587	4.31587	4.31587	4.31587	4.36346	4.53631	4.67795	4.6788	4.68954	4.68986	4.68986	
44508.4	6.8576e+17	2.78577e+17	1.21906e+17	7.71311e+16	1.54262e+17	2.31393e+17	3.08524e+17	3.85655e+17	4.62646e+17	5.39206e+17	6.15948e+17	6.93362e+17	7.59386e+17	3.35483e+17	8.59981e+15	6.17942e+15	5.7258e+15	2.50563e+15	1.58533e+15	3.17066e+15	4.75599e+15	6.34132e+15	7.92665e+15	9.60109e+15	1.1547e+16	1.33789e+16	1.47851e+16	2.33811e+16	3.09961e+17	4.54016e+17	1.51914	4.28759	4.28759	4.28759	4.28759	4.28759	4.28759	4.28759	4.33689	4.51753	4.67023	4.67608	4.68943	4.68986	4.68986	
44759.1	6.85765e+17	2.78575e+17	1.21905e+17	7.71305e+16	1.54261e+17	2.31391e+17	3.08522e+17	3.85652e+17	4.62633e+17	5.39147e+17	6.15778e+17	6.93068e+17	7.59348e+17	3.35488e+17	8.59982e+15	6.17666e+15	5.72724e+15	2.50625e+15	1.58573e+15	3.17146e+15	4.75718e+15	6.34291e+15	7.92864e+15	9.60904e+15	1.15848e+16	1.34864e+16	1.4971e+16	2.3405e+16	3.09966e+17	4.54016e+17	1.50744	4.2583	4.2583	4.2583	4.2583	4.2583	4.2583	4.2583	4.30928	4.49769	4.66172	4.67296	4.68929	4.68986	4.68986	
45009.6	6.8577e+17	2.78573e+17	1.21904e+17	7.71299e+16	1.5426e+17	2.3139e+17	3.0852e+17	3.8565e+17	4.62621e+17	5.39087e+17	6.15601e+17	6.92754e+17	7.59303e+17	3.35493e+17	8.59983e+15	6.17394e+15	5.72854e+15	2.50683e+15	1.58609e+15	3.17218e+15	4.75827e+15	6.34436e+15	7.93045e+15	9.61682e+15	1.1623e+16	1.35983e+16	1.51699e+16	2.34337e+16	3.09971e+17	4.54017e+17	1.49649	4.22805	4.22805	4.22805	4.22805	4.22805	4.22805	4.22805	4.28068	4.47679	4.65239	4.66941	4.68911	4.68986	4.68986	
45260.5	6.85774e+17	2.78572e+17	1.21904e+17	7.71294e+16	1.54259e+17	2.31388e+17	3.08518e+17	3.85647e+17	4.62609e+17	5.39026e+17	6.15417e+17	6.92418e+17	7.5925e+17	3.35498e+17	8.59983e+15	6.17124e+15	5.72972e+15	2.50734e+15	1.58641e+15	3.17283e+15	4.75924e+15	6.34566e+15	7.93207e+15	9.62442e+15	1.16616e+16	1.37147e+16	1.53824e+16	2.3468e+16	3.09975e+17	4.54017e+17	1.48622	4.19682	4.19682	4.19682	4.19682	4.19682	4.19682	4.19682	4.25106	4.45479	4.6422	4.66538	4.68889	4.68986	4.68986	
45511.9	6.85779e+17	2.7857e+17	1.21903e+17	7.7129e+16	1.54258e+17	2.31387e+17	3.08516e+17	3.85645e+17	4.62598e+17	5.38964e+17	6.15226e+17	6.9206e+17	7.59186e+17	3.35503e+17	8.59984e+15	6.16858e+15	5.73077e+15	2.5078e+15	1.5867e+15	3.17341e+15	4.76011e+15	6.34682e+15	7.93352e+15	9.63185e+15	1.17007e+16	1.38356e+16	1.5609e+16	2.35086e+16	3.09979e+17	4.54017e+17	1.47657	4.1646	4.1646	4.1646	4.1646	4.1646	4.1646	4.1646	4.22039	4.43167	4.63109	4.66082	4.68861	4.68986	4.68986	
45763.7	6.85784e+17	2.78569e+17	1.21902e+17	7.71286e+16	1.54257e+17	2.31386e+17	3.08515e+17	3.85643e+17	4.62586e+17	5.38902e+17	6.15028e+17	6.91679e+17	7.5911e+17	3.35507e+17	8.59985e+15	6.16594e+15	5.73169e+15	2.5082e+15	1.58696e+15	3.17392e+15	4.76088e+15	6.34784e+15	7.9348e+15	9.63908e+15	1.174e+16	1.39607e+16	1.58499e+16	2.35564e+16	3.09983e+17	4.54018e+17	1.46753	4.13141	4.13141	4.13141	4.13141	4.13141	4.13141	4.13141	4.18872	4.40742	4.61904	4.65569	4.68826	4.68986	4.68986	
46015.6	6.85788e+17	2.78568e+17	1.21902e+17	7.71283e+16	1.54257e+17	2.31385e+17	3.08513e+17	3.85642e+17	4.62575e+17	5.3884e+17	6.14824e+17	6.91276e+17	7.59022e+17	3.35511e+17	8.59985e+15	6.16333e+15	5.73248e+15	2.50855e+15	1.58718e+15	3.17436e+15	4.76154e+15	6.34872e+15	7.9359e+15	9.64609e+15	1.17794e+16	1.40898e+16	1.61049e+16	2.36122e+16	3.09987e+17	4.54018e+17	1.45906	4.09734	4.09734	4.09734	4.09734	4.09734	4.09734	4.09734	4.1561	4.38208	4.60601	4.64996	4.68784	4.68986	4.68986	
46267.8	6.85793e+17	2.78567e+17	1.21901e+17	7.7128e+16	1.54256e+17	2.31384e+17	3.08512e+17	3.8564e+17	4.62565e+17	5.38778e+17	6.14614e+17	6.9085e+17	7.5892e+17	3.35514e+17	8.59986e+15	6.16074e+15	5.73315e+15	2.50884e+15	1.58737e+15	3.17473e+15	4.7621e+15	6.34946e+15	7.93683e+15	9.65288e+15	1.18189e+16	1.42228e+16	1.63742e+16	2.3677e+16	3.0999e+17	4.54018e+17	1.45112	4.06236	4.06236	4.06236	4.06236	4.06236	4.06236	4.06236	4.12253	4.35561	4.59196	4.64358	4.68733	4.68986	4.68986	
46520.2	6.85797e+17	2.78566e+17	1.21901e+17	7.71278e+16	1.54256e+17	2.31383e+17	3.08511e+17	3.85639e+17	4.62555e+17	5.38716e+17	6.14398e+17	6.90401e+17	7.58801e+17	3.35517e+17	8.59987e+15	6.15819e+15	5.7337e+15	2.50908e+15	1.58752e+15	3.17504e+15	4.76255e+15	6.35007e+15	7.93759e+15	9.65943e+15	1.18584e+16	1.43592e+16	1.66577e+16	2.37518e+16	3.09993e+17	4.54019e+17	1.44368	4.02656	4.02656	4.02656	4.02656	4.02656	4.02656	4.02656	4.08806	4.32806	4.57688	4.63651	4.68671	4.68986	4.68986	
46772.6	6.85802e+17	2.78565e+17	1.21901e+17	7.71277e+16	1.54255e+17	2.31383e+17	3.08511e+17	3.85638e+17	4.62545e+17	5.38654e+17	6.14178e+17	6.8993e+17	7.58666e+17	3.3552e+17	8.59987e+15	6.15565e+15	5.73414e+15	2.50927e+15	1.58764e+15	3.17527e+15	4.76291e+15	6.35055e+15	7.93819e+15	9.66573e+15	1.18977e+16	1.44988e+16	1.69553e+16	2.38375e+16	3.09996e+17	4.54019e+17	1.43673	3.98995	3.98995	3.98995	3.98995	3.98995	3.98995	3.98995	4.05272	4.29942	4.56072	4.6287	4.68596	4.68986	4.68986	
47025.3	6.85806e+17	2.78565e+17	1.21901e+17	7.71276e+16	1.54255e+17	2.31383e+17	3.0851e+17	3.85638e+17	4.62535e+17	5.38592e+17	6.13952e+17	6.89437e+17	7.58511e+17	3.35523e+17	8.59988e+15	6.15315e+15	5.73445e+15	2.50941e+15	1.58772e+15	3.17545e+15	4.76317e+15	6.3509e+15	7.93862e+15	9.67176e+15	1.19367e+16	1.46414e+16	1.72669e+16	2.39352e+16	3.09998e+17	4.5402e+17	1.43022	3.95255	3.95255	3.95255	3.95255	3.95255	3.95255	3.95255	4.01652	4.26969	4.54347	4.6201	4.68507	4.68986	4.68986	
47278.2	6.85811e+17	2.78565e+17	1.21901e+17	7.71275e+16	1.54255e+17	2.31382e+17	3.0851e+17	3.85637e+17	4.62526e+17	5.38531e+17	6.13723e+17	6.88922e+17	7.58336e+17	3.35526e+17	8.59989e+15	6.15066e+15	5.73465e+15	2.5095e+15	1.58778e+15	3.17556e+15	4.76334e+15	6.35112e+15	7.9389e+15	9.67751e+15	1.19754e+16	1.47866e+16	1.75922e+16	2.4046e+16	3.10001e+17	4.5402e+17	1.42414	3.91442	3.91442	3.91442	3.91442	3.91442	3.91442	3.91442	3.97951	4.2389	4.52509	4.61068	4.68402	4.68986	4.68986	
47531.3	6.85815e+17	2.78565e+17	1.21901e+17	7.71275e+16	1.54255e+17	2.31382e+17	3.0851e+17	3.85637e+17	4.62518e+17	5.38471e+17	6.13489e+17	6.88386e+17	7.58138e+17	3.35528e+17	8.59989e+15	6.1482e+15	5.73474e+15	2.50954e+15	1.5878e+15	3.17561e+15	4.76341e+15	6.35122e+15	7.93902e+15	9.68298e+15	1.20137e+16	1.49341e+16	1.79307e+16	2.4171e+16	3.10003e+17	4.5402e+17	1.41846	3.87558	3.87558	3.87558	3.87558	3.87558	3.87558	3.87558	3.94172	4.20706	4.50557	4.60038	4.68277	4.68986	4.68986	
47784.6	6.8582e+17	2.78565e+17	1.21901e+17	7.71275e+16	1.54255e+17	2.31383e+17	3.0851e+17	3.85638e+17	4.6251e+17	5.38411e+17	6.13253e+17	6.8783e+17	7.57916e+17	3.3553e+17	8.5999e+15	6.14576e+15	5.73472e+15	2.50953e+15	1.5878e+15	3.1756e+15	4.7634e+15	6.3512e+15	7.939e+15	9.68814e+15	1.20513e+16	1.50835e+16	1.82822e+16	2.43111e+16	3.10005e+17	4.54021e+17	1.41318	3.83607	3.83607	3.83607	3.83607	3.83607	3.83607	3.83607	3.90318	4.17418	4.48488	4.58917	4.68131	4.68986	4.68986	
48038	6.85824e+17	2.78565e+17	1.21901e+17	7.71276e+16	1.54255e+17	2.31383e+17	3.0851e+17	3.85638e+17	4.62502e+17	5.38353e+17	6.13014e+17	6.87254e+17	7.57668e+17	3.35532e+17	8.59991e+15	6.14334e+15	5.73459e+15	2.50947e+15	1.58776e+15	3.17553e+15	4.76329e+15	6.35105e+15	7.93882e+15	9.69299e+15	1.20883e+16	1.52344e+16	1.86457e+16	2.44675e+16	3.10006e+17	4.54021e+17	1.40826	3.79596	3.79596	3.79596	3.79596	3.79596	3.79596	3.79596	3.86396	4.14031	4.46302	4.577	4.67961	4.68986	4.68986	
48288.6	6.85828e+17	2.78565e+17	1.21901e+17	7.71277e+16	1.54255e+17	2.31383e+17	3.08511e+17	3.85639e+17	4.62496e+17	5.38297e+17	6.12777e+17	6.86667e+17	7.57396e+17	3.35533e+17	8.59991e+15	6.14097e+15	5.73436e+15	2.50937e+15	1.5877e+15	3.1754e+15	4.7631e+15	6.3508e+15	7.9385e+15	9.69746e+15	1.2124e+16	1.53845e+16	1.90164e+16	2.4639e+16	3.10008e+17	4.54021e+17	1.40376	3.75576	3.75576	3.75576	3.75576	3.75576	3.75576	3.75576	3.82455	4.10589	4.44026	4.564	4.67766	4.68986	4.68986	
48542.5	6.85832e+17	2.78566e+17	1.21901e+17	7.71279e+16	1.54256e+17	2.31384e+17	3.08512e+17	3.85639e+17	4.62489e+17	5.38241e+17	6.12535e+17	6.86055e+17	7.57092e+17	3.35535e+17	8.59992e+15	6.13859e+15	5.73403e+15	2.50923e+15	1.58761e+15	3.17522e+15	4.76282e+15	6.35043e+15	7.93804e+15	9.70165e+15	1.21593e+16	1.55371e+16	1.94025e+16	2.48307e+16	3.10009e+17	4.54021e+17	1.39955	3.71453	3.71453	3.71453	3.71453	3.71453	3.71453	3.71453	3.78404	4.07009	4.41601	4.54981	4.67539	4.68986	4.68986	
48792.5	6.85837e+17	2.78567e+17	1.21902e+17	7.71281e+16	1.54256e+17	2.31384e+17	3.08512e+17	3.85641e+17	4.62483e+17	5.38188e+17	6.12297e+17	6.85437e+17	7.56763e+17	3.35536e+17	8.59992e+15	6.13627e+15	5.73361e+15	2.50904e+15	1.58749e+15	3.17498e+15	4.76247e+15	6.34996e+15	7.93745e+15	9.70545e+15	1.21931e+16	1.56876e+16	1.97925e+16	2.50382e+16	3.10011e+17	4.54022e+17	1.39572	3.67347	3.67347	3.67347	3.67347	3.67347	3.67347	3.67347	3.74361	4.03396	4.39098	4.53479	4.67282	4.68986	4.68986	
49042.8	6.85841e+17	2.78568e+17	1.21902e+17	7.71284e+16	1.54257e+17	2.31385e+17	3.08513e+17	3.85642e+17	4.62478e+17	5.38136e+17	6.12059e+17	6.84805e+17	7.56402e+17	3.35537e+17	8.59993e+15	6.13396e+15	5.73309e+15	2.50881e+15	1.58735e+15	3.17469e+15	4.76204e+15	6.34939e+15	7.93673e+15	9.7089e+15	1.22258e+16	1.58379e+16	2.01915e+16	2.52652e+16	3.10012e+17	4.54022e+17	1.39221	3.63197	3.63197	3.63197	3.63197	3.63197	3.63197	3.63197	3.70265	3.99696	4.36476	4.51868	4.66989	4.68986	4.68986	
49293.9	6.85845e+17	2.78569e+17	1.21902e+17	7.71287e+16	1.54257e+17	2.31386e+17	3.08515e+17	3.85643e+17	4.62473e+17	5.38086e+17	6.11822e+17	6.84158e+17	7.56009e+17	3.35538e+17	8.59993e+15	6.13167e+15	5.73247e+15	2.50855e+15	1.58718e+15	3.17435e+15	4.76153e+15	6.34871e+15	7.93589e+15	9.71202e+15	1.22575e+16	1.5988e+16	2.05994e+16	2.55131e+16	3.10013e+17	4.54022e+17	1.38899	3.58999	3.58999	3.58999	3.58999	3.58999	3.58999	3.58999	3.66113	3.95905	4.33731	4.50144	4.66655	4.68986	4.68986	
49544.6	6.85849e+17	2.7857e+17	1.21903e+17	7.7129e+16	1.54258e+17	2.31387e+17	3.08516e+17	3.85645e+17	4.62469e+17	5.38038e+17	6.11587e+17	6.83501e+17	7.55583e+17	3.35538e+17	8.59993e+15	6.1294e+15	5.73178e+15	2.50824e+15	1.58698e+15	3.17397e+15	4.76095e+15	6.34793e+15	7.93492e+15	9.71477e+15	1.22878e+16	1.61367e+16	2.10136e+16	2.57814e+16	3.10014e+17	4.54022e+17	1.38608	3.54776	3.54776	3.54776	3.54776	3.54776	3.54776	3.54776	3.61927	3.92044	4.30876	4.48309	4.66279	4.68986	4.68986	
49795.9	6.85853e+17	2.78571e+17	1.21904e+17	7.71294e+16	1.54259e+17	2.31388e+17	3.08517e+17	3.85647e+17	4.62465e+17	5.37993e+17	6.11353e+17	6.82834e+17	7.55123e+17	3.35539e+17	8.59994e+15	6.12715e+15	5.73099e+15	2.5079e+15	1.58677e+15	3.17353e+15	4.7603e+15	6.34706e+15	7.93383e+15	9.71716e+15	1.23169e+16	1.6284e+16	2.14343e+16	2.60715e+16	3.10015e+17	4.54023e+17	1.38345	3.50518	3.50518	3.50518	3.50518	3.50518	3.50518	3.50518	3.57698	3.88103	4.27901	4.46355	4.65854	4.68986	4.68986	
50047.4	6.85857e+17	2.78573e+17	1.21904e+17	7.71298e+16	1.5426e+17	2.31389e+17	3.08519e+17	3.85649e+17	4.62462e+17	5.37949e+17	6.11123e+17	6.82158e+17	7.54626e+17	3.35539e+17	8.59994e+15	6.12492e+15	5.73012e+15	2.50751e+15	1.58652e+15	3.17305e+15	4.75957e+15	6.3461e+15	7.93262e+15	9.71919e+15	1.23445e+16	1.64295e+16	2.18602e+16	2.6384e+16	3.10015e+17	4.54023e+17	1.38111	3.46233	3.46233	3.46233	3.46233	3.46233	3.46233	3.46233	3.53432	3.84089	4.2481	4.44281	4.65377	4.68986	4.68986	
50298.3	6.85861e+17	2.78574e+17	1.21905e+17	7.71302e+16	1.5426e+17	2.31391e+17	3.08521e+17	3.85651e+17	4.6246e+17	5.37908e+17	6.10897e+17	6.81479e+17	7.54096e+17	3.35539e+17	8.59995e+15	6.12271e+15	5.72917e+15	2.5071e+15	1.58626e+15	3.17252e+15	4.75878e+15	6.34504e+15	7.93131e+15	9.72084e+15	1.23706e+16	1.65722e+16	2.22884e+16	2.67177e+16	3.10016e+17	4.54023e+17	1.37905	3.41942	3.41942	3.41942	3.41942	3.41942	3.41942	3.41942	3.49153	3.80022	4.21617	4.42094	4.64846	4.68986	4.68986	
50550	6.85865e+17	2.78576e+17	1.21906e+17	7.71307e+16	1.54261e+17	2.31392e+17	3.08523e+17	3.85653e+17	4.62458e+17	5.37869e+17	6.10675e+17	6.80793e+17	7.53529e+17	3.35539e+17	8.59995e+15	6.12051e+15	5.72813e+15	2.50665e+15	1.58598e+15	3.17195e+15	4.75793e+15	6.3439e+15	7.92988e+15	9.72212e+15	1.23952e+16	1.67123e+16	2.27201e+16	2.70749e+16	3.10017e+17	4.54023e+17	1.37726	3.37625	3.37625	3.37625	3.37625	3.37625	3.37625	3.37625	3.44839	3.75885	4.18305	4.3978	4.64253	4.68986	4.68986	
50801	6.85869e+17	2.78578e+17	1.21906e+17	7.71312e+16	1.54262e+17	2.31394e+17	3.08525e+17	3.85656e+17	4.62457e+17	5.37833e+17	6.10459e+17	6.80108e+17	7.52927e+17	3.35539e+17	8.59995e+15	6.11834e+15	5.72703e+15	2.50616e+15	1.58567e+15	3.17134e+15	4.75701e+15	6.34268e+15	7.92835e+15	9.72303e+15	1.24181e+16	1.68488e+16	2.31517e+16	2.74536e+16	3.10017e+17	4.54023e+17	1.37575	3.33312	3.33312	3.33312	3.33312	3.33312	3.33312	3.33312	3.40521	3.71704	4.14898	4.3735	4.63597	4.68986	4.68986	
51052.4	6.85873e+17	2.7858e+17	1.21907e+17	7.71317e+16	1.54263e+17	2.31395e+17	3.08527e+17	3.85659e+17	4.62456e+17	5.378e+17	6.10249e+17	6.79422e+17	7.52289e+17	3.35539e+17	8.59995e+15	6.11619e+15	5.72585e+15	2.50565e+15	1.58534e+15	3.17069e+15	4.75603e+15	6.34137e+15	7.92672e+15	9.72356e+15	1.24394e+16	1.69818e+16	2.35836e+16	2.78552e+16	3.10018e+17	4.54023e+17	1.37449	3.28988	3.28988	3.28988	3.28988	3.28988	3.28988	3.28988	3.36184	3.67468	4.11382	4.34795	4.62872	4.68985	4.68986	
51304.6	6.85876e+17	2.78582e+17	1.21908e+17	7.71323e+16	1.54265e+17	2.31397e+17	3.08529e+17	3.85661e+17	4.62456e+17	5.37769e+17	6.10044e+17	6.78736e+17	7.51613e+17	3.35538e+17	8.59996e+15	6.11405e+15	5.7246e+15	2.5051e+15	1.585e+15	3.16999e+15	4.75499e+15	6.33999e+15	7.92498e+15	9.72371e+15	1.2459e+16	1.71112e+16	2.40155e+16	2.82805e+16	3.10019e+17	4.54024e+17	1.37349	3.24651	3.24651	3.24651	3.24651	3.24651	3.24651	3.24651	3.31826	3.63174	4.07754	4.32109	4.62071	4.68985	4.68986	
51556.2	6.8588e+17	2.78584e+17	1.21909e+17	7.71329e+16	1.54266e+17	2.31399e+17	3.08532e+17	3.85664e+17	4.62456e+17	5.37741e+17	6.09847e+17	6.78056e+17	7.50904e+17	3.35537e+17	8.59996e+15	6.11193e+15	5.72328e+15	2.50452e+15	1.58463e+15	3.16926e+15	4.7539e+15	6.33853e+15	7.92316e+15	9.72349e+15	1.24768e+16	1.72357e+16	2.44434e+16	2.87265e+16	3.10019e+17	4.54024e+17	1.37275	3.20332	3.20332	3.20332	3.20332	3.20332	3.20332	3.20332	3.27477	3.58852	4.0404	4.29307	4.61195	4.68985	4.68986	
51808	6.85884e+17	2.78586e+17	1.2191e+17	7.71335e+16	1.54267e+17	2.31401e+17	3.08534e+17	3.85668e+17	4.62457e+17	5.37716e+17	6.09657e+17	6.77382e+17	7.5016e+17	3.35536e+17	8.59996e+15	6.10983e+15	5.7219e+15	2.50392e+15	1.58425e+15	3.1685e+15	4.75275e+15	6.337e+15	7.92125e+15	9.7229e+15	1.24927e+16	1.73555e+16	2.48676e+16	2.91943e+16	3.1002e+17	4.54024e+17	1.37227	3.16018	3.16018	3.16018	3.16018	3.16018	3.16018	3.16018	3.23127	3.54492	4.0023	4.26381	4.60236	4.68984	4.68986	
52060.2	6.85888e+17	2.78589e+17	1.21911e+17	7.71342e+16	1.54268e+17	2.31403e+17	3.08537e+17	3.85671e+17	4.62459e+17	5.37693e+17	6.09475e+17	6.76716e+17	7.49382e+17	3.35535e+17	8.59996e+15	6.10775e+15	5.72045e+15	2.50328e+15	1.58385e+15	3.1677e+15	4.75155e+15	6.33539e+15	7.91924e+15	9.72194e+15	1.25069e+16	1.74704e+16	2.52871e+16	2.96837e+16	3.10021e+17	4.54024e+17	1.37203	3.1171	3.1171	3.1171	3.1171	3.1171	3.1171	3.1171	3.18775	3.50094	3.96324	4.23329	4.59188	4.68983	4.68986	
52311.8	6.85891e+17	2.78591e+17	1.21912e+17	7.71349e+16	1.5427e+17	2.31405e+17	3.08539e+17	3.85674e+17	4.62461e+17	5.37674e+17	6.09302e+17	6.76061e+17	7.48573e+17	3.35533e+17	8.59996e+15	6.10569e+15	5.71895e+15	2.50263e+15	1.58343e+15	3.16686e+15	4.7503e+15	6.33373e+15	7.91716e+15	9.72061e+15	1.25192e+16	1.75795e+16	2.56989e+16	3.01918e+16	3.10022e+17	4.54024e+17	1.37203	3.0743	3.0743	3.0743	3.0743	3.0743	3.0743	3.0743	3.14445	3.45684	3.92344	4.20164	4.58052	4.68982	4.68986	
52563.6	6.85895e+17	2.78594e+17	1.21913e+17	7.71356e+16	1.54271e+17	2.31407e+17	3.08542e+17	3.85678e+17	4.62464e+17	5.37658e+17	6.09138e+17	6.75418e+17	7.47734e+17	3.35531e+17	8.59997e+15	6.10365e+15	5.71739e+15	2.50194e+15	1.583e+15	3.166e+15	4.749e+15	6.332e+15	7.915e+15	9.71893e+15	1.25296e+16	1.76829e+16	2.61031e+16	3.07192e+16	3.10022e+17	4.54024e+17	1.37227	3.0317	3.0317	3.0317	3.0317	3.0317	3.0317	3.0317	3.10128	3.41252	3.88282	4.16881	4.5682	4.68981	4.68986	
52816.5	6.85899e+17	2.78596e+17	1.21915e+17	7.71363e+16	1.54273e+17	2.31409e+17	3.08545e+17	3.85682e+17	4.62468e+17	5.37645e+17	6.08983e+17	6.74787e+17	7.46862e+17	3.35529e+17	8.59997e+15	6.10163e+15	5.71576e+15	2.50123e+15	1.58255e+15	3.1651e+15	4.74765e+15	6.3302e+15	7.91275e+15	9.71688e+15	1.25381e+16	1.77808e+16	2.64999e+16	3.12669e+16	3.10023e+17	4.54024e+17	1.37275	2.98917	2.98917	2.98917	2.98917	2.98917	2.98917	2.98917	3.05811	3.36786	3.84127	4.13467	4.55483	4.68979	4.68986	
53068.2	6.85902e+17	2.78599e+17	1.21916e+17	7.71371e+16	1.54274e+17	2.31411e+17	3.08548e+17	3.85685e+17	4.62471e+17	5.37634e+17	6.08839e+17	6.74175e+17	7.45967e+17	3.35526e+17	8.59997e+15	6.09963e+15	5.7141e+15	2.5005e+15	1.58209e+15	3.16418e+15	4.74627e+15	6.32836e+15	7.91045e+15	9.71449e+15	1.25447e+16	1.78719e+16	2.68845e+16	3.18287e+16	3.10025e+17	4.54024e+17	1.37347	2.94714	2.94714	2.94714	2.94714	2.94714	2.94714	2.94714	3.01538	3.32333	3.79922	4.09957	4.54049	4.68977	4.68986	
53320.6	6.85906e+17	2.78602e+17	1.21917e+17	7.71378e+16	1.54276e+17	2.31414e+17	3.08551e+17	3.85689e+17	4.62476e+17	5.37627e+17	6.08705e+17	6.7358e+17	7.45045e+17	3.35523e+17	8.59997e+15	6.09764e+15	5.71238e+15	2.49975e+15	1.58161e+15	3.16322e+15	4.74484e+15	6.32645e+15	7.90806e+15	9.71176e+15	1.25494e+16	1.79568e+16	2.72588e+16	3.24077e+16	3.10026e+17	4.54024e+17	1.37441	2.90531	2.90531	2.90531	2.90531	2.90531	2.90531	2.90531	2.97278	3.27862	3.75638	4.06325	4.52504	4.68975	4.68986	
53573.5	6.85909e+17	2.78605e+17	1.21918e+17	7.71386e+16	1.54277e+17	2.31416e+17	3.08555e+17	3.85693e+17	4.62481e+17	5.37623e+17	6.08581e+17	6.73003e+17	7.44099e+17	3.3552e+17	8.59997e+15	6.09567e+15	5.7106e+15	2.49897e+15	1.58112e+15	3.16224e+15	4.74337e+15	6.32449e+15	7.90561e+15	9.70868e+15	1.25523e+16	1.80352e+16	2.7621e+16	3.30013e+16	3.10027e+17	4.54024e+17	1.37557	2.86378	2.86378	2.86378	2.86378	2.86378	2.86378	2.86378	2.93044	3.23386	3.71289	4.02582	4.50846	4.68972	4.68986	
53825.4	6.85913e+17	2.78608e+17	1.21919e+17	7.71395e+16	1.54279e+17	2.31418e+17	3.08558e+17	3.85697e+17	4.62486e+17	5.37621e+17	6.08468e+17	6.72451e+17	7.43137e+17	3.35516e+17	8.59997e+15	6.09373e+15	5.70879e+15	2.49818e+15	1.58062e+15	3.16124e+15	4.74186e+15	6.32248e+15	7.9031e+15	9.7053e+15	1.25533e+16	1.81064e+16	2.79683e+16	3.36049e+16	3.10029e+17	4.54024e+17	1.37696	2.82281	2.82281	2.82281	2.82281	2.82281	2.82281	2.82281	2.8886	3.18932	3.66902	3.9875	4.4908	4.68968	4.68986	
54078.2	6.85916e+17	2.78611e+17	1.21921e+17	7.71403e+16	1.54281e+17	2.31421e+17	3.08561e+17	3.85701e+17	4.62492e+17	5.37623e+17	6.08366e+17	6.71919e+17	7.42154e+17	3.35511e+17	8.59998e+15	6.0918e+15	5.70694e+15	2.49737e+15	1.58011e+15	3.16021e+15	4.74032e+15	6.32042e+15	7.90053e+15	9.70159e+15	1.25524e+16	1.8171e+16	2.83023e+16	3.42214e+16	3.1003e+17	4.54025e+17	1.37856	2.78211	2.78211	2.78211	2.78211	2.78211	2.78211	2.78211	2.84698	3.14471	3.6245	3.94805	4.4719	4.68963	4.68986	
54330.4	6.8592e+17	2.78614e+17	1.21922e+17	7.71411e+16	1.54282e+17	2.31423e+17	3.08565e+17	3.85706e+17	4.62499e+17	5.37627e+17	6.08275e+17	6.71413e+17	7.4116e+17	3.35506e+17	8.59998e+15	6.08989e+15	5.70504e+15	2.49654e+15	1.57958e+15	3.15916e+15	4.73875e+15	6.31833e+15	7.89791e+15	9.69758e+15	1.25497e+16	1.82282e+16	2.86198e+16	3.48449e+16	3.10032e+17	4.54025e+17	1.38036	2.74199	2.74199	2.74199	2.74199	2.74199	2.74199	2.74199	2.8059	3.10039	3.57968	3.90778	4.45186	4.68958	4.68986	
54582.8	6.85923e+17	2.78617e+17	1.21924e+17	7.7142e+16	1.54284e+17	2.31426e+17	3.08568e+17	3.8571e+17	4.62506e+17	5.37634e+17	6.08196e+17	6.70933e+17	7.40153e+17	3.35501e+17	8.59998e+15	6.08801e+15	5.70311e+15	2.4957e+15	1.57905e+15	3.15809e+15	4.73714e+15	6.31619e+15	7.89523e+15	9.69328e+15	1.25452e+16	1.82784e+16	2.89213e+16	3.54758e+16	3.10035e+17	4.54025e+17	1.38237	2.70231	2.70231	2.70231	2.70231	2.70231	2.70231	2.70231	2.76521	3.05621	3.53443	3.86657	4.43058	4.68951	4.68986	
54835.7	6.85927e+17	2.7862e+17	1.21925e+17	7.71429e+16	1.54286e+17	2.31429e+17	3.08572e+17	3.85714e+17	4.62513e+17	5.37644e+17	6.08127e+17	6.70479e+17	7.39137e+17	3.35495e+17	8.59998e+15	6.08613e+15	5.70114e+15	2.49483e+15	1.5785e+15	3.157e+15	4.7355e+15	6.314e+15	7.8925e+15	9.68869e+15	1.2539e+16	1.83215e+16	2.92062e+16	3.61127e+16	3.10037e+17	4.54025e+17	1.38459	2.66308	2.66308	2.66308	2.66308	2.66308	2.66308	2.66308	2.72493	3.01221	3.4888	3.82444	4.40802	4.68943	4.68986	
55088.2	6.8593e+17	2.78623e+17	1.21926e+17	7.71438e+16	1.54288e+17	2.31431e+17	3.08575e+17	3.85719e+17	4.62521e+17	5.37657e+17	6.08071e+17	6.70055e+17	7.38117e+17	3.35489e+17	8.59998e+15	6.08428e+15	5.69913e+15	2.49396e+15	1.57795e+15	3.15589e+15	4.73384e+15	6.31179e+15	7.88973e+15	9.68383e+15	1.2531e+16	1.83572e+16	2.94727e+16	3.67516e+16	3.10039e+17	4.54025e+17	1.38699	2.62443	2.62443	2.62443	2.62443	2.62443	2.62443	2.62443	2.68521	2.96854	3.44297	3.78159	4.38423	4.68934	4.68986	
55341.2	6.85933e+17	2.78627e+17	1.21928e+17	7.71447e+16	1.54289e+17	2.31434e+17	3.08579e+17	3.85724e+17	4.62529e+17	5.37673e+17	6.08026e+17	6.69659e+17	7.37094e+17	3.35482e+17	8.59999e+15	6.08244e+15	5.6971e+15	2.49306e+15	1.57738e+15	3.15476e+15	4.73215e+15	6.30953e+15	7.88691e+15	9.6787e+15	1.25214e+16	1.83858e+16	2.97211e+16	3.73921e+16	3.10042e+17	4.54025e+17	1.38959	2.5863	2.5863	2.5863	2.5863	2.5863	2.5863	2.5863	2.64596	2.92513	3.39687	3.73794	4.35914	4.68923	4.68986	
55594.2	6.85937e+17	2.7863e+17	1.21929e+17	7.71456e+16	1.54291e+17	2.31437e+17	3.08583e+17	3.85728e+17	4.62538e+17	5.37691e+17	6.07992e+17	6.69294e+17	7.36073e+17	3.35475e+17	8.59999e+15	6.08062e+15	5.69503e+15	2.49216e+15	1.57681e+15	3.15362e+15	4.73043e+15	6.30724e+15	7.88405e+15	9.67333e+15	1.25102e+16	1.84072e+16	2.99505e+16	3.80315e+16	3.10045e+17	4.54025e+17	1.39238	2.54873	2.54873	2.54873	2.54873	2.54873	2.54873	2.54873	2.60725	2.88207	3.35061	3.6936	4.33275	4.68909	4.68986	
55846.6	6.8594e+17	2.78633e+17	1.21931e+17	7.71466e+16	1.54293e+17	2.3144e+17	3.08586e+17	3.85733e+17	4.62547e+17	5.37711e+17	6.0797e+17	6.6896e+17	7.3506e+17	3.35467e+17	8.59999e+15	6.07882e+15	5.69294e+15	2.49125e+15	1.57623e+15	3.15246e+15	4.7287e+15	6.30493e+15	7.88116e+15	9.66773e+15	1.24974e+16	1.84213e+16	3.01596e+16	3.86656e+16	3.10048e+17	4.54025e+17	1.39533	2.51187	2.51187	2.51187	2.51187	2.51187	2.51187	2.51187	2.56922	2.83953	3.3044	3.64877	4.30516	4.68894	4.68986	
56099.9	6.85943e+17	2.78637e+17	1.21932e+17	7.71475e+16	1.54295e+17	2.31443e+17	3.0859e+17	3.85738e+17	4.62556e+17	5.37734e+17	6.07959e+17	6.68658e+17	7.34052e+17	3.35458e+17	8.59999e+15	6.07703e+15	5.69082e+15	2.49032e+15	1.57564e+15	3.15129e+15	4.72693e+15	6.30258e+15	7.87822e+15	9.66189e+15	1.2483e+16	1.84283e+16	3.03495e+16	3.9296e+16	3.10052e+17	4.54025e+17	1.39846	2.47552	2.47552	2.47552	2.47552	2.47552	2.47552	2.47552	2.53167	2.79729	3.258	3.60324	4.2762	4.68876	4.68986	
56352.8	6.85946e+17	2.7864e+17	1.21934e+17	7.71485e+16	1.54297e+17	2.31445e+17	3.08594e+17	3.85742e+17	4.62566e+17	5.37759e+17	6.07959e+17	6.68388e+17	7.33058e+17	3.3545e+17	8.6e+15	6.07527e+15	5.68868e+15	2.48938e+15	1.57505e+15	3.1501e+15	4.72516e+15	6.30021e+15	7.87526e+15	9.65585e+15	1.24673e+16	1.84283e+16	3.05187e+16	3.99178e+16	3.10055e+17	4.54026e+17	1.40176	2.43985	2.43985	2.43985	2.43985	2.43985	2.43985	2.43985	2.49478	2.75557	3.21169	3.55728	4.24599	4.68854	4.68986	
56605.1	6.8595e+17	2.78644e+17	1.21935e+17	7.71495e+16	1.54299e+17	2.31448e+17	3.08598e+17	3.85747e+17	4.62576e+17	5.37786e+17	6.0797e+17	6.68152e+17	7.32082e+17	3.35441e+17	8.6e+15	6.07352e+15	5.68652e+15	2.48844e+15	1.57446e+15	3.14891e+15	4.72337e+15	6.29782e+15	7.87228e+15	9.64963e+15	1.24501e+16	1.84215e+16	3.0667e+16	4.0528e+16	3.10059e+17	4.54026e+17	1.40521	2.40493	2.40493	2.40493	2.40493	2.40493	2.40493	2.40493	2.45863	2.71447	3.16559	3.51102	4.2146	4.6883	4.68986	
56855.2	6.85953e+17	2.78647e+17	1.21937e+17	7.71504e+16	1.54301e+17	2.31451e+17	3.08602e+17	3.85752e+17	4.62586e+17	5.37815e+17	6.07992e+17	6.6795e+17	7.31134e+17	3.35431e+17	8.6e+15	6.0718e+15	5.68437e+15	2.48749e+15	1.57386e+15	3.14772e+15	4.72157e+15	6.29543e+15	7.86929e+15	9.64329e+15	1.24319e+16	1.84081e+16	3.07936e+16	4.11207e+16	3.10063e+17	4.54026e+17	1.40877	2.37098	2.37098	2.37098	2.37098	2.37098	2.37098	2.37098	2.42345	2.67427	3.12004	3.46483	4.18226	4.68802	4.68986	
57107.7	6.85956e+17	2.78651e+17	1.21938e+17	7.71514e+16	1.54303e+17	2.31454e+17	3.08606e+17	3.85757e+17	4.62597e+17	5.37847e+17	6.08024e+17	6.6778e+17	7.30198e+17	3.35422e+17	8.60001e+15	6.07008e+15	5.68217e+15	2.48653e+15	1.57325e+15	3.1465e+15	4.71975e+15	6.293e+15	7.86625e+15	9.6367e+15	1.24122e+16	1.83879e+16	3.09008e+16	4.17054e+16	3.10067e+17	4.54026e+17	1.41252	2.33737	2.33737	2.33737	2.33737	2.33737	2.33737	2.33737	2.38859	2.63422	3.07422	3.41789	4.14838	4.68769	4.68986	
57360.4	6.85959e+17	2.78655e+17	1.2194e+17	7.71524e+16	1.54305e+17	2.31457e+17	3.0861e+17	3.85762e+17	4.62607e+17	5.3788e+17	6.08066e+17	6.67642e+17	7.29286e+17	3.35411e+17	8.60001e+15	6.06838e+15	5.67996e+15	2.48557e+15	1.57264e+15	3.14528e+15	4.71791e+15	6.29055e+15	7.86319e+15	9.62996e+15	1.23913e+16	1.83614e+16	3.09873e+16	4.22732e+16	3.10069e+17	4.54026e+17	1.41641	2.30444	2.30444	2.30444	2.30444	2.30444	2.30444	2.30444	2.35439	2.59476	3.02863	3.37072	4.11333	4.68732	4.68986	
57614.1	6.85962e+17	2.78658e+17	1.21942e+17	7.71534e+16	1.54307e+17	2.3146e+17	3.08614e+17	3.85767e+17	4.62618e+17	5.37915e+17	6.08118e+17	6.67537e+17	7.284e+17	3.35398e+17	8.60001e+15	6.06669e+15	5.67773e+15	2.48459e+15	1.57202e+15	3.14404e+15	4.71606e+15	6.28808e+15	7.86009e+15	9.62305e+15	1.23692e+16	1.83284e+16	3.10532e+16	4.28229e+16	3.1007e+17	4.54027e+17	1.42046	2.27208	2.27208	2.27208	2.27208	2.27208	2.27208	2.27208	2.32076	2.55576	2.98315	3.3232	4.0771	4.68689	4.68986	
57866.6	6.85965e+17	2.78662e+17	1.21943e+17	7.71544e+16	1.54309e+17	2.31463e+17	3.08618e+17	3.85772e+17	4.6263e+17	5.37951e+17	6.0818e+17	6.67465e+17	7.27555e+17	3.35387e+17	8.60002e+15	6.06502e+15	5.67549e+15	2.48361e+15	1.5714e+15	3.1428e+15	4.7142e+15	6.2856e+15	7.857e+15	9.61604e+15	1.23461e+16	1.82896e+16	3.10981e+16	4.33479e+16	3.10072e+17	4.54027e+17	1.42461	2.2406	2.2406	2.2406	2.2406	2.2406	2.2406	2.2406	2.28801	2.51759	2.93823	3.27582	4.04009	4.68642	4.68986	
58116.8	6.85968e+17	2.78665e+17	1.21945e+17	7.71554e+16	1.54311e+17	2.31466e+17	3.08622e+17	3.85777e+17	4.62641e+17	5.37989e+17	6.0825e+17	6.67427e+17	7.26754e+17	3.35376e+17	8.60002e+15	6.06337e+15	5.67326e+15	2.48263e+15	1.57078e+15	3.14157e+15	4.71235e+15	6.28313e+15	7.85391e+15	9.60897e+15	1.23223e+16	1.82454e+16	3.11226e+16	4.38452e+16	3.10073e+17	4.54027e+17	1.42885	2.21011	2.21011	2.21011	2.21011	2.21011	2.21011	2.21011	2.25626	2.48043	2.8941	3.22885	4.00249	4.68589	4.68986	
58369.5	6.85971e+17	2.78669e+17	1.21946e+17	7.71564e+16	1.54313e+17	2.31469e+17	3.08626e+17	3.85782e+17	4.62653e+17	5.38029e+17	6.0833e+17	6.67419e+17	7.25984e+17	3.35366e+17	8.60003e+15	6.06173e+15	5.671e+15	2.48165e+15	1.57016e+15	3.14031e+15	4.71047e+15	6.28063e+15	7.85079e+15	9.60173e+15	1.22974e+16	1.81952e+16	3.11272e+16	4.43231e+16	3.10075e+17	4.54027e+17	1.43325	2.18004	2.18004	2.18004	2.18004	2.18004	2.18004	2.18004	2.22492	2.44359	2.84997	3.18146	3.96365	4.68528	4.68986	
58622.3	6.85974e+17	2.78673e+17	1.21948e+17	7.71574e+16	1.54315e+17	2.31472e+17	3.0863e+17	3.85787e+17	4.62664e+17	5.3807e+17	6.08419e+17	6.67444e+17	7.25255e+17	3.35356e+17	8.60003e+15	6.0601e+15	5.66873e+15	2.48065e+15	1.56953e+15	3.13906e+15	4.70859e+15	6.27812e+15	7.84765e+15	9.59438e+15	1.22716e+16	1.81396e+16	3.1112e+16	4.47754e+16	3.10076e+17	4.54027e+17	1.43777	2.15068	2.15068	2.15068	2.15068	2.15068	2.15068	2.15068	2.19429	2.40743	2.80628	3.13414	3.92395	4.68461	4.68986	
58875.7	6.85977e+17	2.78676e+17	1.21949e+17	7.71584e+16	1.54317e+17	2.31475e+17	3.08634e+17	3.85792e+17	4.62676e+17	5.38112e+17	6.08515e+17	6.675e+17	7.24568e+17	3.35348e+17	8.60003e+15	6.05847e+15	5.66645e+15	2.47965e+15	1.5689e+15	3.1378e+15	4.70669e+15	6.27559e+15	7.84449e+15	9.58694e+15	1.2245e+16	1.80788e+16	3.10772e+16	4.5202e+16	3.10076e+17	4.54028e+17	1.4424	2.12199	2.12199	2.12199	2.12199	2.12199	2.12199	2.12199	2.16433	2.3719	2.763	3.08687	3.88336	4.68386	4.68986	
59128.7	6.8598e+17	2.7868e+17	1.21951e+17	7.71595e+16	1.54319e+17	2.31478e+17	3.08638e+17	3.85797e+17	4.62688e+17	5.38155e+17	6.0862e+17	6.67586e+17	7.23926e+17	3.35341e+17	8.60004e+15	6.05687e+15	5.66417e+15	2.47866e+15	1.56827e+15	3.13653e+15	4.7048e+15	6.27306e+15	7.84133e+15	9.57943e+15	1.22177e+16	1.80131e+16	3.10234e+16	4.56e+16	3.10076e+17	4.54028e+17	1.44713	2.09408	2.09408	2.09408	2.09408	2.09408	2.09408	2.09408	2.13516	2.33718	2.72035	3.03992	3.84211	4.68303	4.68986	
59379.1	6.85983e+17	2.78684e+17	1.21953e+17	7.71605e+16	1.54321e+17	2.31481e+17	3.08642e+17	3.85802e+17	4.627e+17	5.38199e+17	6.0873e+17	6.677e+17	7.23336e+17	3.35335e+17	8.60004e+15	6.05529e+15	5.66191e+15	2.47767e+15	1.56764e+15	3.13528e+15	4.70292e+15	6.27056e+15	7.8382e+15	9.57195e+15	1.21901e+16	1.79437e+16	3.09519e+16	4.59655e+16	3.10076e+17	4.54028e+17	1.4519	2.06719	2.06719	2.06719	2.06719	2.06719	2.06719	2.06719	2.10704	2.30356	2.67873	2.99374	3.80064	4.68211	4.68986	
59631.9	6.85986e+17	2.78687e+17	1.21954e+17	7.71615e+16	1.54323e+17	2.31484e+17	3.08646e+17	3.85807e+17	4.62712e+17	5.38244e+17	6.08848e+17	6.67844e+17	7.22787e+17	3.35332e+17	8.60005e+15	6.05371e+15	5.65962e+15	2.47667e+15	1.56701e+15	3.13401e+15	4.70102e+15	6.26802e+15	7.83503e+15	9.56434e+15	1.21616e+16	1.78692e+16	3.08618e+16	4.63055e+16	3.10075e+17	4.54028e+17	1.45681	2.04076	2.04076	2.04076	2.04076	2.04076	2.04076	2.04076	2.07938	2.27037	2.63731	2.94743	3.75814	4.6811	4.68986	
59882.1	6.85989e+17	2.78691e+17	1.21956e+17	7.71625e+16	1.54325e+17	2.31488e+17	3.0865e+17	3.85813e+17	4.62724e+17	5.3829e+17	6.08972e+17	6.68014e+17	7.22291e+17	3.3533e+17	8.60005e+15	6.05215e+15	5.65736e+15	2.47567e+15	1.56638e+15	3.13276e+15	4.69914e+15	6.26552e+15	7.83189e+15	9.55677e+15	1.2133e+16	1.77915e+16	3.07555e+16	4.66125e+16	3.10072e+17	4.54028e+17	1.46176	2.01534	2.01534	2.01534	2.01534	2.01534	2.01534	2.01534	2.05275	2.23827	2.59697	2.902	3.71554	4.67999	4.68986	
60135.3	6.85992e+17	2.78695e+17	1.21958e+17	7.71635e+16	1.54327e+17	2.31491e+17	3.08654e+17	3.85818e+17	4.62737e+17	5.38337e+17	6.09102e+17	6.68212e+17	7.21838e+17	3.3533e+17	8.60005e+15	6.0506e+15	5.65506e+15	2.47467e+15	1.56574e+15	3.13149e+15	4.69723e+15	6.26298e+15	7.82872e+15	9.54908e+15	1.21036e+16	1.7709e+16	3.06311e+16	4.68926e+16	3.10069e+17	4.54029e+17	1.46685	1.99034	1.99034	1.99034	1.99034	1.99034	1.99034	1.99034	2.02655	2.20658	2.55684	2.85648	3.67196	4.67877	4.68986	
60385.4	6.85994e+17	2.78698e+17	1.21959e+17	7.71645e+16	1.54329e+17	2.31494e+17	3.08658e+17	3.85823e+17	4.62749e+17	5.38383e+17	6.09237e+17	6.68434e+17	7.21439e+17	3.35334e+17	8.60005e+15	6.04907e+15	5.6528e+15	2.47368e+15	1.56512e+15	3.13023e+15	4.69535e+15	6.26047e+15	7.82559e+15	9.54147e+15	1.20741e+16	1.76241e+16	3.04924e+16	4.71391e+16	3.10065e+17	4.54029e+17	1.47195	1.96636	1.96636	1.96636	1.96636	1.96636	1.96636	1.96636	2.00139	2.17604	2.51787	2.81198	3.62847	4.67744	4.68986	
60638.5	6.85997e+17	2.78702e+17	1.21961e+17	7.71656e+16	1.54331e+17	2.31497e+17	3.08662e+17	3.85828e+17	4.62761e+17	5.38431e+17	6.09379e+17	6.68682e+17	7.21086e+17	3.3534e+17	8.60006e+15	6.04753e+15	5.65051e+15	2.47268e+15	1.56448e+15	3.12897e+15	4.69345e+15	6.25793e+15	7.82242e+15	9.53376e+15	1.20441e+16	1.7535e+16	3.03366e+16	4.73574e+16	3.10059e+17	4.54029e+17	1.47719	1.94283	1.94283	1.94283	1.94283	1.94283	1.94283	1.94283	1.97668	2.14594	2.4792	2.76752	3.58412	4.67598	4.68986	
60888.5	6.86e+17	2.78706e+17	1.21962e+17	7.71666e+16	1.54333e+17	2.315e+17	3.08666e+17	3.85833e+17	4.62773e+17	5.38479e+17	6.09523e+17	6.68951e+17	7.20786e+17	3.35349e+17	8.60006e+15	6.04602e+15	5.64825e+15	2.47169e+15	1.56386e+15	3.12772e+15	4.69157e+15	6.25543e+15	7.81929e+15	9.52614e+15	1.20141e+16	1.7444e+16	3.01682e+16	4.75424e+16	3.10052e+17	4.54029e+17	1.48243	1.92028	1.92028	1.92028	1.92028	1.92028	1.92028	1.92028	1.95299	2.11697	2.44172	2.72416	3.54	4.6744	4.68986	
61138.5	6.86003e+17	2.78709e+17	1.21964e+17	7.71676e+16	1.54335e+17	2.31503e+17	3.0867e+17	3.85838e+17	4.62786e+17	5.38526e+17	6.09672e+17	6.69241e+17	7.20535e+17	3.35362e+17	8.60006e+15	6.04452e+15	5.64599e+15	2.4707e+15	1.56323e+15	3.12647e+15	4.6897e+15	6.25293e+15	7.81616e+15	9.51853e+15	1.1984e+16	1.73503e+16	2.9986e+16	4.76968e+16	3.10043e+17	4.54029e+17	1.48774	1.89844	1.89844	1.89844	1.89844	1.89844	1.89844	1.89844	1.93002	2.08879	2.40501	2.68142	3.49566	4.6727	4.68986	
61388.6	6.86006e+17	2.78713e+17	1.21966e+17	7.71686e+16	1.54337e+17	2.31506e+17	3.08674e+17	3.85843e+17	4.62798e+17	5.38574e+17	6.09824e+17	6.69553e+17	7.20333e+17	3.35379e+17	8.60006e+15	6.04304e+15	5.64374e+15	2.46972e+15	1.56261e+15	3.12522e+15	4.68783e+15	6.25044e+15	7.81305e+15	9.51093e+15	1.19538e+16	1.72543e+16	2.97908e+16	4.78207e+16	3.10032e+17	4.54029e+17	1.49311	1.87728	1.87728	1.87728	1.87728	1.87728	1.87728	1.87728	1.90776	2.06138	2.36907	2.63931	3.45112	4.67085	4.68986	
61638.8	6.86008e+17	2.78717e+17	1.21967e+17	7.71696e+16	1.54339e+17	2.31509e+17	3.08678e+17	3.85848e+17	4.6281e+17	5.38622e+17	6.0998e+17	6.69884e+17	7.2018e+17	3.354e+17	8.60007e+15	6.04156e+15	5.64149e+15	2.46873e+15	1.56199e+15	3.12397e+15	4.68596e+15	6.24795e+15	7.80993e+15	9.50336e+15	1.19234e+16	1.7156e+16	2.95832e+16	4.79142e+16	3.10019e+17	4.54029e+17	1.49855	1.8568	1.8568	1.8568	1.8568	1.8568	1.8568	1.8568	1.8862	2.03474	2.3339	2.59788	3.40646	4.66885	4.68986	
61889.4	6.86011e+17	2.7872e+17	1.21969e+17	7.71706e+16	1.54341e+17	2.31512e+17	3.08682e+17	3.85853e+17	4.62822e+17	5.38671e+17	6.10139e+17	6.70234e+17	7.20075e+17	3.35426e+17	8.60007e+15	6.04009e+15	5.63925e+15	2.46775e+15	1.56136e+15	3.12273e+15	4.68409e+15	6.24546e+15	7.80682e+15	9.4958e+15	1.1893e+16	1.70557e+16	2.93639e+16	4.79776e+16	3.10004e+17	4.54029e+17	1.50404	1.83698	1.83698	1.83698	1.83698	1.83698	1.83698	1.83698	1.86532	2.00885	2.2995	2.55712	3.36169	4.66669	4.68986	
62142.4	6.86014e+17	2.78724e+17	1.2197e+17	7.71716e+16	1.54343e+17	2.31515e+17	3.08686e+17	3.85858e+17	4.62834e+17	5.38719e+17	6.10303e+17	6.70604e+17	7.20018e+17	3.35457e+17	8.60007e+15	6.03861e+15	5.63698e+15	2.46676e+15	1.56074e+15	3.12148e+15	4.68221e+15	6.24295e+15	7.80369e+15	9.48821e+15	1.18623e+16	1.69528e+16	2.91313e+16	4.80113e+16	3.09986e+17	4.5403e+17	1.50964	1.81765	1.81765	1.81765	1.81765	1.81765	1.81765	1.81765	1.84493	1.98348	2.26558	2.51671	3.31647	4.66434	4.68986	
62393.3	6.86016e+17	2.78728e+17	1.21972e+17	7.71726e+16	1.54345e+17	2.31518e+17	3.0869e+17	3.85863e+17	4.62846e+17	5.38767e+17	6.10467e+17	6.70988e+17	7.2001e+17	3.35494e+17	8.60007e+15	6.03716e+15	5.63475e+15	2.46578e+15	1.56012e+15	3.12024e+15	4.68036e+15	6.24048e+15	7.8006e+15	9.48073e+15	1.1832e+16	1.68493e+16	2.88908e+16	4.8015e+16	3.09965e+17	4.5403e+17	1.51524	1.79915	1.79915	1.79915	1.79915	1.79915	1.79915	1.79915	1.82542	1.95913	2.23281	2.47745	3.27172	4.66184	4.68986	
62646.7	6.86019e+17	2.78731e+17	1.21973e+17	7.71736e+16	1.54347e+17	2.31521e+17	3.08694e+17	3.85868e+17	4.62858e+17	5.38816e+17	6.10635e+17	6.7139e+17	7.20048e+17	3.35537e+17	8.60007e+15	6.0357e+15	5.6325e+15	2.4648e+15	1.5595e+15	3.11899e+15	4.67849e+15	6.23799e+15	7.79748e+15	9.47322e+15	1.18015e+16	1.67436e+16	2.86384e+16	4.79892e+16	3.09942e+17	4.5403e+17	1.52095	1.78114	1.78114	1.78114	1.78114	1.78114	1.78114	1.78114	1.8064	1.93531	2.20055	2.4386	3.22664	4.65914	4.68986	
62897.1	6.86022e+17	2.78735e+17	1.21975e+17	7.71746e+16	1.54349e+17	2.31524e+17	3.08698e+17	3.85873e+17	4.6287e+17	5.38864e+17	6.10802e+17	6.71801e+17	7.20133e+17	3.35586e+17	8.60008e+15	6.03427e+15	5.63029e+15	2.46383e+15	1.55888e+15	3.11777e+15	4.67665e+15	6.23553e+15	7.79442e+15	9.46586e+15	1.17715e+16	1.66382e+16	2.83805e+16	4.79352e+16	3.09916e+17	4.5403e+17	1.52663	1.764	1.764	1.764	1.764	1.764	1.764	1.764	1.78829	1.91255	2.16954	2.40106	3.18227	4.65628	4.68986	
63147.4	6.86024e+17	2.78738e+17	1.21977e+17	7.71756e+16	1.54351e+17	2.31527e+17	3.08702e+17	3.85878e+17	4.62881e+17	5.38911e+17	6.1097e+17	6.72224e+17	7.20261e+17	3.35642e+17	8.60008e+15	6.03284e+15	5.62808e+15	2.46286e+15	1.55827e+15	3.11655e+15	4.67482e+15	6.23309e+15	7.79137e+15	9.45857e+15	1.17417e+16	1.65321e+16	2.8115e+16	4.78535e+16	3.09886e+17	4.5403e+17	1.53235	1.7475	1.7475	1.7475	1.7475	1.7475	1.7475	1.7475	1.77085	1.89055	2.13938	2.36437	3.13815	4.65322	4.68986	
63397.9	6.86027e+17	2.78742e+17	1.21978e+17	7.71766e+16	1.54353e+17	2.3153e+17	3.08706e+17	3.85883e+17	4.62893e+17	5.38958e+17	6.11139e+17	6.72659e+17	7.20433e+17	3.35705e+17	8.60008e+15	6.03142e+15	5.62588e+15	2.4619e+15	1.55767e+15	3.11533e+15	4.673e+15	6.23066e+15	7.78833e+15	9.45133e+15	1.17121e+16	1.64254e+16	2.78424e+16	4.77447e+16	3.09853e+17	4.5403e+17	1.53811	1.73161	1.73161	1.73161	1.73161	1.73161	1.73161	1.73161	1.75404	1.8693	2.11005	2.32852	3.09428	4.64997	4.68986	
63648.5	6.8603e+17	2.78745e+17	1.2198e+17	7.71775e+16	1.54355e+17	2.31533e+17	3.0871e+17	3.85888e+17	4.62904e+17	5.39004e+17	6.11309e+17	6.73103e+17	7.20648e+17	3.35776e+17	8.60008e+15	6.03001e+15	5.6237e+15	2.46094e+15	1.55706e+15	3.11412e+15	4.67118e+15	6.22824e+15	7.7853e+15	9.44417e+15	1.16828e+16	1.63184e+16	2.75634e+16	4.76095e+16	3.09816e+17	4.5403e+17	1.54391	1.71635	1.71635	1.71635	1.71635	1.71635	1.71635	1.71635	1.73788	1.84878	2.08158	2.29354	3.05073	4.6465	4.68986	
63899	6.86032e+17	2.78749e+17	1.21981e+17	7.71785e+16	1.54357e+17	2.31536e+17	3.08714e+17	3.85893e+17	4.62916e+17	5.3905e+17	6.11479e+17	6.73555e+17	7.20903e+17	3.35855e+17	8.60008e+15	6.02861e+15	5.62152e+15	2.45999e+15	1.55646e+15	3.11291e+15	4.66937e+15	6.22583e+15	7.78229e+15	9.43708e+15	1.16537e+16	1.62114e+16	2.72793e+16	4.74489e+16	3.09776e+17	4.5403e+17	1.54974	1.7017	1.7017	1.7017	1.7017	1.7017	1.7017	1.7017	1.72236	1.82902	2.05398	2.25949	3.00758	4.64283	4.68986	
64149.7	6.86035e+17	2.78752e+17	1.21983e+17	7.71795e+16	1.54359e+17	2.31538e+17	3.08718e+17	3.85897e+17	4.62927e+17	5.39096e+17	6.11648e+17	6.74016e+17	7.21198e+17	3.35943e+17	8.60008e+15	6.02722e+15	5.61936e+15	2.45904e+15	1.55586e+15	3.11172e+15	4.66757e+15	6.22343e+15	7.77929e+15	9.43006e+15	1.1625e+16	1.61044e+16	2.699e+16	4.72636e+16	3.09731e+17	4.5403e+17	1.55561	1.68764	1.68764	1.68764	1.68764	1.68764	1.68764	1.68764	1.70745	1.80996	2.02721	2.2263	2.96481	4.63893	4.68986	
64400.3	6.86037e+17	2.78756e+17	1.21984e+17	7.71804e+16	1.54361e+17	2.31541e+17	3.08722e+17	3.85902e+17	4.62938e+17	5.39141e+17	6.11818e+17	6.74483e+17	7.21531e+17	3.36041e+17	8.60008e+15	6.02583e+15	5.6172e+15	2.4581e+15	1.55526e+15	3.11052e+15	4.66578e+15	6.22105e+15	7.77631e+15	9.42313e+15	1.15967e+16	1.59976e+16	2.66969e+16	4.70545e+16	3.09682e+17	4.5403e+17	1.5615	1.67417	1.67417	1.67417	1.67417	1.67417	1.67417	1.67417	1.69316	1.79163	2.0013	2.19404	2.92253	4.63481	4.68986	
64651	6.8604e+17	2.78759e+17	1.21986e+17	7.71814e+16	1.54363e+17	2.31544e+17	3.08726e+17	3.85907e+17	4.62949e+17	5.39185e+17	6.11986e+17	6.74955e+17	7.21901e+17	3.36148e+17	8.60009e+15	6.02446e+15	5.61506e+15	2.45716e+15	1.55467e+15	3.10934e+15	4.664e+15	6.21867e+15	7.77334e+15	9.41628e+15	1.15687e+16	1.58913e+16	2.64002e+16	4.68225e+16	3.09628e+17	4.5403e+17	1.56743	1.66128	1.66128	1.66128	1.66128	1.66128	1.66128	1.66128	1.67947	1.77401	1.97624	2.16269	2.88073	4.63044	4.68986	
64901.7	6.86043e+17	2.78763e+17	1.21987e+17	7.71824e+16	1.54365e+17	2.31547e+17	3.08729e+17	3.85912e+17	4.6296e+17	5.39229e+17	6.12154e+17	6.75431e+17	7.22306e+17	3.36265e+17	8.60009e+15	6.02308e+15	5.61293e+15	2.45623e+15	1.55408e+15	3.10816e+15	4.66223e+15	6.21631e+15	7.77039e+15	9.40952e+15	1.15412e+16	1.57855e+16	2.61009e+16	4.65686e+16	3.09569e+17	4.5403e+17	1.57338	1.64895	1.64895	1.64895	1.64895	1.64895	1.64895	1.64895	1.66637	1.75709	1.95203	2.13227	2.83947	4.62584	4.68986	
65152.5	6.86045e+17	2.78766e+17	1.21989e+17	7.71833e+16	1.54367e+17	2.3155e+17	3.08733e+17	3.85917e+17	4.6297e+17	5.39272e+17	6.1232e+17	6.75911e+17	7.22745e+17	3.36392e+17	8.60009e+15	6.02172e+15	5.61081e+15	2.4553e+15	1.55349e+15	3.10698e+15	4.66047e+15	6.21397e+15	7.76746e+15	9.40285e+15	1.15141e+16	1.56805e+16	2.57994e+16	4.62937e+16	3.09505e+17	4.5403e+17	1.57936	1.63718	1.63718	1.63718	1.63718	1.63718	1.63718	1.63718	1.65385	1.74084	1.92864	2.10276	2.79878	4.621	4.68986	
65403.5	6.86048e+17	2.7877e+17	1.2199e+17	7.71842e+16	1.54368e+17	2.31553e+17	3.08737e+17	3.85921e+17	4.62981e+17	5.39314e+17	6.12485e+17	6.76393e+17	7.23216e+17	3.36531e+17	8.60009e+15	6.02036e+15	5.6087e+15	2.45438e+15	1.55291e+15	3.10582e+15	4.65872e+15	6.21163e+15	7.76454e+15	9.39627e+15	1.14874e+16	1.55763e+16	2.54963e+16	4.59988e+16	3.09436e+17	4.54031e+17	1.58537	1.62595	1.62595	1.62595	1.62595	1.62595	1.62595	1.62595	1.64189	1.72527	1.90608	2.07417	2.75867	4.61589	4.68986	
65654.2	6.8605e+17	2.78773e+17	1.21992e+17	7.71852e+16	1.5437e+17	2.31556e+17	3.08741e+17	3.85926e+17	4.62991e+17	5.39356e+17	6.12649e+17	6.76877e+17	7.23717e+17	3.36681e+17	8.60009e+15	6.01901e+15	5.60661e+15	2.45347e+15	1.55233e+15	3.10466e+15	4.65699e+15	6.20931e+15	7.76164e+15	9.38978e+15	1.14612e+16	1.54732e+16	2.51926e+16	4.56852e+16	3.09361e+17	4.54031e+17	1.5914	1.61526	1.61526	1.61526	1.61526	1.61526	1.61526	1.61526	1.6305	1.71038	1.88436	2.04652	2.71924	4.61054	4.68986	
65905.2	6.86053e+17	2.78776e+17	1.21993e+17	7.71861e+16	1.54372e+17	2.31558e+17	3.08744e+17	3.85931e+17	4.63001e+17	5.39397e+17	6.12811e+17	6.77361e+17	7.24246e+17	3.36843e+17	8.60009e+15	6.01767e+15	5.60453e+15	2.45256e+15	1.55175e+15	3.1035e+15	4.65526e+15	6.20701e+15	7.75876e+15	9.38339e+15	1.14354e+16	1.53711e+16	2.48883e+16	4.53534e+16	3.09281e+17	4.54031e+17	1.59745	1.60508	1.60508	1.60508	1.60508	1.60508	1.60508	1.60508	1.61965	1.69613	1.86343	2.01978	2.68044	4.60492	4.68986	
66156.2	6.86055e+17	2.7878e+17	1.21995e+17	7.7187e+16	1.54374e+17	2.31561e+17	3.08748e+17	3.85935e+17	4.63012e+17	5.39437e+17	6.1297e+17	6.77844e+17	7.24803e+17	3.37018e+17	8.60009e+15	6.01633e+15	5.60246e+15	2.45165e+15	1.55118e+15	3.10236e+15	4.65354e+15	6.20472e+15	7.7559e+15	9.37709e+15	1.14101e+16	1.52704e+16	2.45844e+16	4.50049e+16	3.09194e+17	4.54031e+17	1.60352	1.59542	1.59542	1.59542	1.59542	1.59542	1.59542	1.59542	1.60933	1.68253	1.84332	1.99396	2.64234	4.59903	4.68986	
66407.3	6.86057e+17	2.78783e+17	1.21996e+17	7.7188e+16	1.54376e+17	2.31564e+17	3.08752e+17	3.8594e+17	4.63021e+17	5.39476e+17	6.13128e+17	6.78326e+17	7.25385e+17	3.37205e+17	8.60009e+15	6.015e+15	5.60041e+15	2.45075e+15	1.55061e+15	3.10122e+15	4.65183e+15	6.20245e+15	7.75306e+15	9.37089e+15	1.13854e+16	1.5171e+16	2.42812e+16	4.46405e+16	3.09101e+17	4.54031e+17	1.60961	1.58626	1.58626	1.58626	1.58626	1.58626	1.58626	1.58626	1.59954	1.66955	1.824	1.96905	2.60494	4.59287	4.68986	
66658.3	6.8606e+17	2.78786e+17	1.21998e+17	7.71889e+16	1.54378e+17	2.31567e+17	3.08755e+17	3.85944e+17	4.63031e+17	5.39514e+17	6.13283e+17	6.78806e+17	7.25991e+17	3.37406e+17	8.60009e+15	6.01367e+15	5.59837e+15	2.44986e+15	1.55005e+15	3.10009e+15	4.65014e+15	6.20019e+15	7.75023e+15	9.36479e+15	1.13611e+16	1.50731e+16	2.39793e+16	4.42614e+16	3.09002e+17	4.54031e+17	1.61571	1.57759	1.57759	1.57759	1.57759	1.57759	1.57759	1.57759	1.59026	1.65719	1.80547	1.94505	2.56828	4.58644	4.68986	
66909.4	6.86062e+17	2.7879e+17	1.21999e+17	7.71898e+16	1.5438e+17	2.31569e+17	3.08759e+17	3.85949e+17	4.63041e+17	5.39552e+17	6.13436e+17	6.79283e+17	7.26618e+17	3.37621e+17	8.6001e+15	6.01235e+15	5.59634e+15	2.44897e+15	1.54949e+15	3.09897e+15	4.64846e+15	6.19794e+15	7.74743e+15	9.35879e+15	1.13374e+16	1.49766e+16	2.3679e+16	4.38683e+16	3.08897e+17	4.54031e+17	1.62183	1.5694	1.5694	1.5694	1.5694	1.5694	1.5694	1.5694	1.58148	1.64543	1.7877	1.92193	2.53236	4.57973	4.68986	
67160.7	6.86065e+17	2.78793e+17	1.22e+17	7.71907e+16	1.54381e+17	2.31572e+17	3.08763e+17	3.85953e+17	4.6305e+17	5.39589e+17	6.13586e+17	6.79757e+17	7.27266e+17	3.3785e+17	8.6001e+15	6.01104e+15	5.59433e+15	2.44809e+15	1.54893e+15	3.09786e+15	4.64679e+15	6.19571e+15	7.74464e+15	9.35288e+15	1.13142e+16	1.48818e+16	2.33808e+16	4.34624e+16	3.08784e+17	4.54031e+17	1.62798	1.56167	1.56167	1.56167	1.56167	1.56167	1.56167	1.56167	1.57318	1.63426	1.77069	1.8997	2.4972	4.57273	4.68986	
67411.8	6.86067e+17	2.78796e+17	1.22002e+17	7.71916e+16	1.54383e+17	2.31575e+17	3.08766e+17	3.85958e+17	4.6306e+17	5.39625e+17	6.13733e+17	6.80226e+17	7.27933e+17	3.38093e+17	8.6001e+15	6.00973e+15	5.59233e+15	2.44722e+15	1.54838e+15	3.09675e+15	4.64513e+15	6.1935e+15	7.74188e+15	9.34708e+15	1.12915e+16	1.47888e+16	2.30854e+16	4.30452e+16	3.08664e+17	4.54031e+17	1.63412	1.5544	1.5544	1.5544	1.5544	1.5544	1.5544	1.5544	1.56537	1.62367	1.75443	1.87837	2.46285	4.56545	4.68986	
67663.2	6.8607e+17	2.78799e+17	1.22003e+17	7.71924e+16	1.54385e+17	2.31577e+17	3.0877e+17	3.85962e+17	4.63069e+17	5.3966e+17	6.13878e+17	6.80691e+17	7.28617e+17	3.38351e+17	8.6001e+15	6.00843e+15	5.59035e+15	2.44635e+15	1.54783e+15	3.09565e+15	4.64348e+15	6.1913e+15	7.73913e+15	9.34137e+15	1.12694e+16	1.46974e+16	2.27927e+16	4.26169e+16	3.08537e+17	4.54031e+17	1.64029	1.54757	1.54757	1.54757	1.54757	1.54757	1.54757	1.54757	1.55801	1.61364	1.7389	1.85788	2.42926	4.55788	4.68986	
67914.4	6.86072e+17	2.78802e+17	1.22005e+17	7.71933e+16	1.54387e+17	2.3158e+17	3.08773e+17	3.85967e+17	4.63078e+17	5.39694e+17	6.1402e+17	6.81151e+17	7.29316e+17	3.38625e+17	8.6001e+15	6.00713e+15	5.58838e+15	2.44549e+15	1.54728e+15	3.09456e+15	4.64184e+15	6.18912e+15	7.7364e+15	9.33576e+15	1.12478e+16	1.4608e+16	2.25035e+16	4.2179e+16	3.08403e+17	4.54031e+17	1.64647	1.54118	1.54118	1.54118	1.54118	1.54118	1.54118	1.54118	1.55112	1.60417	1.7241	1.83825	2.39648	4.55003	4.68986	
68165.8	6.86074e+17	2.78806e+17	1.22006e+17	7.71942e+16	1.54388e+17	2.31583e+17	3.08777e+17	3.85971e+17	4.63086e+17	5.39728e+17	6.14159e+17	6.81604e+17	7.30029e+17	3.38914e+17	8.6001e+15	6.00584e+15	5.58642e+15	2.44463e+15	1.54674e+15	3.09348e+15	4.64022e+15	6.18696e+15	7.7337e+15	9.33025e+15	1.12267e+16	1.45203e+16	2.22179e+16	4.17323e+16	3.08261e+17	4.54031e+17	1.65265	1.53521	1.53521	1.53521	1.53521	1.53521	1.53521	1.53521	1.54467	1.59523	1.71	1.81947	2.36451	4.54188	4.68986	
68417.2	6.86077e+17	2.78809e+17	1.22007e+17	7.71951e+16	1.5439e+17	2.31585e+17	3.0878e+17	3.85975e+17	4.63095e+17	5.3976e+17	6.14295e+17	6.82052e+17	7.30754e+17	3.3922e+17	8.6001e+15	6.00456e+15	5.58448e+15	2.44378e+15	1.5462e+15	3.0924e+15	4.63861e+15	6.18481e+15	7.73101e+15	9.32484e+15	1.12062e+16	1.44347e+16	2.19364e+16	4.12779e+16	3.08111e+17	4.54031e+17	1.65885	1.52965	1.52965	1.52965	1.52965	1.52965	1.52965	1.52965	1.53865	1.58682	1.69659	1.80151	2.33336	4.53344	4.68986	
68668.7	6.86079e+17	2.78812e+17	1.22009e+17	7.71959e+16	1.54392e+17	2.31588e+17	3.08784e+17	3.8598e+17	4.63104e+17	5.39792e+17	6.14427e+17	6.82492e+17	7.3149e+17	3.39542e+17	8.6001e+15	6.00328e+15	5.58255e+15	2.44294e+15	1.54567e+15	3.09134e+15	4.63701e+15	6.18267e+15	7.72834e+15	9.31952e+15	1.11862e+16	1.43509e+16	2.1659e+16	4.08164e+16	3.07954e+17	4.54031e+17	1.66505	1.5245	1.5245	1.5245	1.5245	1.5245	1.5245	1.5245	1.53304	1.57892	1.68385	1.78436	2.30302	4.5247	4.68986	
68920.3	6.86082e+17	2.78815e+17	1.2201e+17	7.71968e+16	1.54394e+17	2.3159e+17	3.08787e+17	3.85984e+17	4.63112e+17	5.39823e+17	6.14557e+17	6.82925e+17	7.32236e+17	3.3988e+17	8.6001e+15	6.00201e+15	5.58064e+15	2.4421e+15	1.54514e+15	3.09028e+15	4.63542e+15	6.18056e+15	7.72569e+15	9.3143e+15	1.11668e+16	1.42691e+16	2.13861e+16	4.03489e+16	3.07788e+17	4.54031e+17	1.67126	1.51973	1.51973	1.51973	1.51973	1.51973	1.51973	1.51973	1.52785	1.57152	1.67178	1.768	2.27349	4.51567	4.68986	
69171.7	6.86084e+17	2.78818e+17	1.22011e+17	7.71976e+16	1.54395e+17	2.31593e+17	3.08791e+17	3.85988e+17	4.6312e+17	5.39853e+17	6.14683e+17	6.83351e+17	7.32989e+17	3.40236e+17	8.6001e+15	6.00074e+15	5.57875e+15	2.44127e+15	1.54461e+15	3.08923e+15	4.63384e+15	6.17845e+15	7.72307e+15	9.30918e+15	1.11478e+16	1.41894e+16	2.11181e+16	3.98767e+16	3.07614e+17	4.54031e+17	1.67747	1.51535	1.51535	1.51535	1.51535	1.51535	1.51535	1.51535	1.52306	1.56461	1.66036	1.75243	2.24482	4.50636	4.68986	
69423.4	6.86086e+17	2.78821e+17	1.22013e+17	7.71985e+16	1.54397e+17	2.31595e+17	3.08794e+17	3.85992e+17	4.63128e+17	5.39882e+17	6.14806e+17	6.83768e+17	7.3375e+17	3.40609e+17	8.6001e+15	5.99948e+15	5.57686e+15	2.44045e+15	1.54409e+15	3.08818e+15	4.63228e+15	6.17637e+15	7.72046e+15	9.30414e+15	1.11294e+16	1.41117e+16	2.08549e+16	3.93998e+16	3.07431e+17	4.54031e+17	1.6837	1.51134	1.51134	1.51134	1.51134	1.51134	1.51134	1.51134	1.51866	1.55817	1.64956	1.73762	2.21693	4.49674	4.68986	
69675	6.86089e+17	2.78824e+17	1.22014e+17	7.71993e+16	1.54399e+17	2.31598e+17	3.08797e+17	3.85997e+17	4.63136e+17	5.39911e+17	6.14926e+17	6.84178e+17	7.34515e+17	3.40999e+17	8.6001e+15	5.99822e+15	5.57499e+15	2.43963e+15	1.54357e+15	3.08715e+15	4.63072e+15	6.1743e+15	7.71787e+15	9.2992e+15	1.11115e+16	1.4036e+16	2.0597e+16	3.89198e+16	3.0724e+17	4.54031e+17	1.68992	1.50769	1.50769	1.50769	1.50769	1.50769	1.50769	1.50769	1.51464	1.55219	1.63938	1.72356	2.18988	4.48684	4.68986	
69926.7	6.86091e+17	2.78827e+17	1.22015e+17	7.72001e+16	1.544e+17	2.316e+17	3.08801e+17	3.86001e+17	4.63144e+17	5.39938e+17	6.15043e+17	6.84579e+17	7.35285e+17	3.41408e+17	8.6001e+15	5.99697e+15	5.57314e+15	2.43882e+15	1.54306e+15	3.08612e+15	4.62918e+15	6.17225e+15	7.71531e+15	9.29436e+15	1.10942e+16	1.39623e+16	2.03443e+16	3.8437e+16	3.0704e+17	4.54031e+17	1.69615	1.50439	1.50439	1.50439	1.50439	1.50439	1.50439	1.50439	1.51098	1.54666	1.62981	1.71023	2.16364	4.47665	4.68986	
70178.4	6.86093e+17	2.7883e+17	1.22017e+17	7.7201e+16	1.54402e+17	2.31603e+17	3.08804e+17	3.86005e+17	4.63152e+17	5.39965e+17	6.15156e+17	6.84971e+17	7.36057e+17	3.41834e+17	8.60011e+15	5.99573e+15	5.5713e+15	2.43802e+15	1.54255e+15	3.0851e+15	4.62766e+15	6.17021e+15	7.71276e+15	9.2896e+15	1.10773e+16	1.38907e+16	2.00972e+16	3.79526e+16	3.06832e+17	4.54031e+17	1.70237	1.50143	1.50143	1.50143	1.50143	1.50143	1.50143	1.50143	1.50768	1.54157	1.62082	1.69762	2.13823	4.46617	4.68986	
70430.2	6.86096e+17	2.78833e+17	1.22018e+17	7.72018e+16	1.54404e+17	2.31605e+17	3.08807e+17	3.86009e+17	4.63159e+17	5.39991e+17	6.15266e+17	6.85354e+17	7.36831e+17	3.42278e+17	8.60011e+15	5.99448e+15	5.56947e+15	2.43722e+15	1.54205e+15	3.08409e+15	4.62614e+15	6.16819e+15	7.71023e+15	9.28493e+15	1.10609e+16	1.38212e+16	1.98556e+16	3.74668e+16	3.06614e+17	4.54031e+17	1.7086	1.49881	1.49881	1.49881	1.49881	1.49881	1.49881	1.49881	1.50473	1.53689	1.6124	1.68571	2.1136	4.45541	4.68986	
70682.1	6.86098e+17	2.78836e+17	1.22019e+17	7.72026e+16	1.54405e+17	2.31608e+17	3.0881e+17	3.86013e+17	4.63166e+17	5.40016e+17	6.15373e+17	6.85728e+17	7.37606e+17	3.42741e+17	8.60011e+15	5.99325e+15	5.56766e+15	2.43642e+15	1.54154e+15	3.08309e+15	4.62463e+15	6.16618e+15	7.70772e+15	9.28035e+15	1.10451e+16	1.37536e+16	1.96196e+16	3.69805e+16	3.06388e+17	4.54031e+17	1.71484	1.4965	1.4965	1.4965	1.4965	1.4965	1.4965	1.4965	1.50211	1.53263	1.60453	1.67447	2.08977	4.44436	4.68986	
70933.8	6.861e+17	2.78839e+17	1.22021e+17	7.72034e+16	1.54407e+17	2.3161e+17	3.08814e+17	3.86017e+17	4.63174e+17	5.40041e+17	6.15477e+17	6.86093e+17	7.38379e+17	3.43223e+17	8.60011e+15	5.99202e+15	5.56587e+15	2.43564e+15	1.54105e+15	3.0821e+15	4.62314e+15	6.16419e+15	7.70524e+15	9.27586e+15	1.10297e+16	1.36882e+16	1.93896e+16	3.6495e+16	3.06152e+17	4.54032e+17	1.72106	1.49452	1.49452	1.49452	1.49452	1.49452	1.49452	1.49452	1.49983	1.52877	1.59721	1.6639	2.06675	4.43304	4.68986	
71185.8	6.86102e+17	2.78842e+17	1.22022e+17	7.72042e+16	1.54408e+17	2.31613e+17	3.08817e+17	3.86021e+17	4.63181e+17	5.40064e+17	6.15578e+17	6.86449e+17	7.39151e+17	3.43723e+17	8.60011e+15	5.99079e+15	5.56408e+15	2.43486e+15	1.54055e+15	3.08111e+15	4.62166e+15	6.16222e+15	7.70277e+15	9.27144e+15	1.10148e+16	1.36247e+16	1.91652e+16	3.60099e+16	3.05907e+17	4.54032e+17	1.72729	1.49283	1.49283	1.49283	1.49283	1.49283	1.49283	1.49283	1.49786	1.5253	1.5904	1.65397	2.04449	4.42144	4.68986	
71437.7	6.86105e+17	2.78844e+17	1.22023e+17	7.7205e+16	1.5441e+17	2.31615e+17	3.0882e+17	3.86025e+17	4.63188e+17	5.40087e+17	6.15675e+17	6.86795e+17	7.39921e+17	3.44242e+17	8.60011e+15	5.98957e+15	5.56231e+15	2.43408e+15	1.54006e+15	3.08013e+15	4.62019e+15	6.16026e+15	7.70032e+15	9.26712e+15	1.10003e+16	1.35632e+16	1.89469e+16	3.55266e+16	3.05653e+17	4.54032e+17	1.73351	1.49144	1.49144	1.49144	1.49144	1.49144	1.49144	1.49144	1.49619	1.5222	1.58411	1.64467	2.02302	4.40957	4.68986	
71689.8	6.86107e+17	2.78847e+17	1.22024e+17	7.72058e+16	1.54412e+17	2.31617e+17	3.08823e+17	3.86029e+17	4.63195e+17	5.4011e+17	6.15769e+17	6.87132e+17	7.40687e+17	3.4478e+17	8.60011e+15	5.98836e+15	5.56056e+15	2.43332e+15	1.53958e+15	3.07916e+15	4.61874e+15	6.15831e+15	7.69789e+15	9.26287e+15	1.09863e+16	1.35037e+16	1.87344e+16	3.50453e+16	3.0539e+17	4.54032e+17	1.73973	1.49034	1.49034	1.49034	1.49034	1.49034	1.49034	1.49034	1.49483	1.51947	1.57831	1.63598	2.0023	4.39743	4.68986	
71941.7	6.86109e+17	2.7885e+17	1.22026e+17	7.72066e+16	1.54413e+17	2.3162e+17	3.08826e+17	3.86033e+17	4.63201e+17	5.40131e+17	6.15861e+17	6.87459e+17	7.41448e+17	3.45337e+17	8.60011e+15	5.98715e+15	5.55882e+15	2.43255e+15	1.5391e+15	3.07819e+15	4.61729e+15	6.15639e+15	7.69548e+15	9.2587e+15	1.09728e+16	1.34461e+16	1.85279e+16	3.45668e+16	3.05117e+17	4.54032e+17	1.74595	1.48951	1.48951	1.48951	1.48951	1.48951	1.48951	1.48951	1.49376	1.51709	1.57299	1.62789	1.98234	4.38504	4.68986	
72193.9	6.86111e+17	2.78853e+17	1.22027e+17	7.72073e+16	1.54415e+17	2.31622e+17	3.08829e+17	3.86037e+17	4.63208e+17	5.40152e+17	6.15949e+17	6.87777e+17	7.42204e+17	3.45913e+17	8.60011e+15	5.98594e+15	5.55709e+15	2.4318e+15	1.53862e+15	3.07724e+15	4.61585e+15	6.15447e+15	7.69309e+15	9.2546e+15	1.09596e+16	1.33904e+16	1.83273e+16	3.40913e+16	3.04835e+17	4.54032e+17	1.75217	1.48895	1.48895	1.48895	1.48895	1.48895	1.48895	1.48895	1.49297	1.51505	1.56814	1.62037	1.96311	4.37238	4.68986	
72446.1	6.86114e+17	2.78856e+17	1.22028e+17	7.72081e+16	1.54416e+17	2.31624e+17	3.08832e+17	3.8604e+17	4.63214e+17	5.40172e+17	6.16034e+17	6.88086e+17	7.42955e+17	3.46508e+17	8.60011e+15	5.98474e+15	5.55538e+15	2.43105e+15	1.53814e+15	3.07629e+15	4.61443e+15	6.15257e+15	7.69072e+15	9.25058e+15	1.09469e+16	1.33366e+16	1.81326e+16	3.36193e+16	3.04543e+17	4.54032e+17	1.75838	1.48866	1.48866	1.48866	1.48866	1.48866	1.48866	1.48866	1.49245	1.51334	1.56373	1.6134	1.9446	4.35948	4.68986	
72698.1	6.86116e+17	2.78858e+17	1.22029e+17	7.72089e+16	1.54418e+17	2.31627e+17	3.08835e+17	3.86044e+17	4.63221e+17	5.40192e+17	6.16116e+17	6.88385e+17	7.43698e+17	3.47122e+17	8.60011e+15	5.98355e+15	5.55368e+15	2.4303e+15	1.53767e+15	3.07535e+15	4.61302e+15	6.15069e+15	7.68837e+15	9.24664e+15	1.09347e+16	1.32847e+16	1.7944e+16	3.31519e+16	3.04243e+17	4.54032e+17	1.76458	1.48862	1.48862	1.48862	1.48862	1.48862	1.48862	1.48862	1.4922	1.51195	1.55977	1.60699	1.92683	4.34634	4.68986	
72950.4	6.86118e+17	2.78861e+17	1.2203e+17	7.72096e+16	1.54419e+17	2.31629e+17	3.08838e+17	3.86048e+17	4.63227e+17	5.40211e+17	6.16196e+17	6.88675e+17	7.44435e+17	3.47755e+17	8.60011e+15	5.98236e+15	5.55199e+15	2.42957e+15	1.53721e+15	3.07441e+15	4.61162e+15	6.14882e+15	7.68603e+15	9.24277e+15	1.09228e+16	1.32346e+16	1.7761e+16	3.26886e+16	3.03932e+17	4.54032e+17	1.77078	1.48882	1.48882	1.48882	1.48882	1.48882	1.48882	1.48882	1.4922	1.51087	1.55622	1.60109	1.90974	4.33295	4.68986	
73202.7	6.8612e+17	2.78864e+17	1.22032e+17	7.72104e+16	1.54421e+17	2.31631e+17	3.08841e+17	3.86052e+17	4.63233e+17	5.40229e+17	6.16272e+17	6.88955e+17	7.45163e+17	3.48407e+17	8.60011e+15	5.98117e+15	5.55032e+15	2.42883e+15	1.53674e+15	3.07349e+15	4.61023e+15	6.14697e+15	7.68371e+15	9.23897e+15	1.09113e+16	1.31863e+16	1.7584e+16	3.22305e+16	3.03612e+17	4.54032e+17	1.77697	1.48926	1.48926	1.48926	1.48926	1.48926	1.48926	1.48926	1.49245	1.51009	1.55309	1.5957	1.89334	4.31934	4.68986	
73455	6.86122e+17	2.78867e+17	1.22033e+17	7.72111e+16	1.54422e+17	2.31633e+17	3.08844e+17	3.86056e+17	4.63239e+17	5.40247e+17	6.16346e+17	6.89227e+17	7.45882e+17	3.49078e+17	8.60011e+15	5.97999e+15	5.54866e+15	2.42811e+15	1.53628e+15	3.07257e+15	4.60885e+15	6.14513e+15	7.68142e+15	9.23523e+15	1.09002e+16	1.31397e+16	1.74127e+16	3.17776e+16	3.03282e+17	4.54032e+17	1.78315	1.48993	1.48993	1.48993	1.48993	1.48993	1.48993	1.48993	1.49294	1.5096	1.55035	1.5908	1.87761	4.3055	4.68986	
73707.3	6.86125e+17	2.78869e+17	1.22034e+17	7.72118e+16	1.54424e+17	2.31636e+17	3.08847e+17	3.86059e+17	4.63245e+17	5.40264e+17	6.16417e+17	6.89489e+17	7.46592e+17	3.49768e+17	8.60011e+15	5.97882e+15	5.54701e+15	2.42739e+15	1.53583e+15	3.07165e+15	4.60748e+15	6.14331e+15	7.67914e+15	9.23156e+15	1.08894e+16	1.30949e+16	1.72472e+16	3.13305e+16	3.02944e+17	4.54032e+17	1.78933	1.49082	1.49082	1.49082	1.49082	1.49082	1.49082	1.49082	1.49366	1.50939	1.54799	1.58637	1.86255	4.29145	4.68986	
73959.7	6.86127e+17	2.78872e+17	1.22035e+17	7.72126e+16	1.54425e+17	2.31638e+17	3.0885e+17	3.86063e+17	4.63251e+17	5.4028e+17	6.16485e+17	6.89742e+17	7.47293e+17	3.50477e+17	8.60012e+15	5.97765e+15	5.54538e+15	2.42667e+15	1.53537e+15	3.07075e+15	4.60612e+15	6.1415e+15	7.67687e+15	9.22796e+15	1.08791e+16	1.30517e+16	1.70873e+16	3.08892e+16	3.02595e+17	4.54032e+17	1.7955	1.49193	1.49193	1.49193	1.49193	1.49193	1.49193	1.49193	1.4946	1.50945	1.546	1.58241	1.84812	4.27719	4.68986	
74212.2	6.86129e+17	2.78874e+17	1.22036e+17	7.72133e+16	1.54427e+17	2.3164e+17	3.08853e+17	3.86067e+17	4.63256e+17	5.40296e+17	6.16551e+17	6.89987e+17	7.47984e+17	3.51205e+17	8.60012e+15	5.97648e+15	5.54375e+15	2.42596e+15	1.53493e+15	3.06985e+15	4.60478e+15	6.1397e+15	7.67463e+15	9.22441e+15	1.0869e+16	1.30101e+16	1.69328e+16	3.0454e+16	3.02237e+17	4.54032e+17	1.80167	1.49325	1.49325	1.49325	1.49325	1.49325	1.49325	1.49325	1.49577	1.50978	1.54436	1.57889	1.83433	4.26272	4.68986	
74464.5	6.86131e+17	2.78877e+17	1.22037e+17	7.7214e+16	1.54428e+17	2.31642e+17	3.08856e+17	3.8607e+17	4.63262e+17	5.40312e+17	6.16615e+17	6.90223e+17	7.48664e+17	3.51951e+17	8.60012e+15	5.97533e+15	5.54215e+15	2.42526e+15	1.53448e+15	3.06896e+15	4.60344e+15	6.13792e+15	7.6724e+15	9.22093e+15	1.08593e+16	1.29701e+16	1.6784e+16	3.00258e+16	3.0187e+17	4.54032e+17	1.80782	1.49477	1.49477	1.49477	1.49477	1.49477	1.49477	1.49477	1.49714	1.51035	1.54307	1.57579	1.82116	4.24807	4.68986	
74717.1	6.86133e+17	2.7888e+17	1.22038e+17	7.72147e+16	1.54429e+17	2.31644e+17	3.08859e+17	3.86074e+17	4.63267e+17	5.40327e+17	6.16676e+17	6.9045e+17	7.49333e+17	3.52716e+17	8.60012e+15	5.97417e+15	5.54055e+15	2.42456e+15	1.53404e+15	3.06808e+15	4.60211e+15	6.13615e+15	7.67019e+15	9.21751e+15	1.08499e+16	1.29316e+16	1.66403e+16	2.96039e+16	3.01494e+17	4.54032e+17	1.81397	1.49648	1.49648	1.49648	1.49648	1.49648	1.49648	1.49648	1.49871	1.51117	1.54211	1.57311	1.80858	4.23322	4.68986	
74969.7	6.86135e+17	2.78882e+17	1.2204e+17	7.72154e+16	1.54431e+17	2.31646e+17	3.08862e+17	3.86077e+17	4.63273e+17	5.40341e+17	6.16734e+17	6.90669e+17	7.49991e+17	3.53498e+17	8.60012e+15	5.97302e+15	5.53897e+15	2.42387e+15	1.5336e+15	3.0672e+15	4.6008e+15	6.1344e+15	7.668e+15	9.21415e+15	1.08409e+16	1.28947e+16	1.6502e+16	2.91892e+16	3.01108e+17	4.54032e+17	1.82011	1.49838	1.49838	1.49838	1.49838	1.49838	1.49838	1.49838	1.50048	1.51222	1.54147	1.57083	1.79659	4.2182	4.68986	
75222.3	6.86137e+17	2.78885e+17	1.22041e+17	7.72162e+16	1.54432e+17	2.31648e+17	3.08865e+17	3.86081e+17	4.63278e+17	5.40355e+17	6.1679e+17	6.9088e+17	7.50638e+17	3.54299e+17	8.60012e+15	5.97187e+15	5.53739e+15	2.42318e+15	1.53316e+15	3.06633e+15	4.59949e+15	6.13266e+15	7.66582e+15	9.21084e+15	1.08321e+16	1.28592e+16	1.63689e+16	2.87816e+16	3.00714e+17	4.54032e+17	1.82625	1.50046	1.50046	1.50046	1.50046	1.50046	1.50046	1.50046	1.50244	1.51349	1.54113	1.56893	1.78517	4.20301	4.68986	
75474.8	6.8614e+17	2.78887e+17	1.22042e+17	7.72169e+16	1.54434e+17	2.31651e+17	3.08867e+17	3.86084e+17	4.63283e+17	5.40369e+17	6.16844e+17	6.91083e+17	7.51273e+17	3.55118e+17	8.60012e+15	5.97073e+15	5.53583e+15	2.42249e+15	1.53273e+15	3.06546e+15	4.5982e+15	6.13093e+15	7.66366e+15	9.20759e+15	1.08237e+16	1.28251e+16	1.62408e+16	2.83814e+16	3.0031e+17	4.54032e+17	1.83237	1.50272	1.50272	1.50272	1.50272	1.50272	1.50272	1.50272	1.50458	1.51499	1.5411	1.5674	1.77431	4.18766	4.68986	
75727.5	6.86142e+17	2.7889e+17	1.22043e+17	7.72175e+16	1.54435e+17	2.31653e+17	3.0887e+17	3.86088e+17	4.63289e+17	5.40382e+17	6.16896e+17	6.91278e+17	7.51895e+17	3.55954e+17	8.60012e+15	5.9696e+15	5.53428e+15	2.42182e+15	1.5323e+15	3.06461e+15	4.59691e+15	6.12921e+15	7.66152e+15	9.20438e+15	1.08155e+16	1.27924e+16	1.61176e+16	2.79885e+16	2.99897e+17	4.54032e+17	1.83849	1.50515	1.50515	1.50515	1.50515	1.50515	1.50515	1.50515	1.50689	1.51669	1.54134	1.56622	1.76399	4.17216	4.68986	
75980.4	6.86144e+17	2.78892e+17	1.22044e+17	7.72182e+16	1.54436e+17	2.31655e+17	3.08873e+17	3.86091e+17	4.63294e+17	5.40394e+17	6.16946e+17	6.91466e+17	7.52506e+17	3.56808e+17	8.60012e+15	5.96847e+15	5.53275e+15	2.42114e+15	1.53188e+15	3.06376e+15	4.59563e+15	6.12751e+15	7.65939e+15	9.20123e+15	1.08076e+16	1.2761e+16	1.59991e+16	2.76031e+16	2.99475e+17	4.54032e+17	1.8446	1.50774	1.50774	1.50774	1.50774	1.50774	1.50774	1.50774	1.50938	1.5186	1.54187	1.56539	1.7542	4.15651	4.68986	
76233	6.86146e+17	2.78895e+17	1.22045e+17	7.72189e+16	1.54438e+17	2.31657e+17	3.08876e+17	3.86095e+17	4.63299e+17	5.40406e+17	6.16994e+17	6.91646e+17	7.53104e+17	3.57678e+17	8.60012e+15	5.96734e+15	5.53122e+15	2.42048e+15	1.53146e+15	3.06291e+15	4.59437e+15	6.12582e+15	7.65728e+15	9.19813e+15	1.07999e+16	1.2731e+16	1.58855e+16	2.72258e+16	2.99045e+17	4.54032e+17	1.8507	1.51048	1.51048	1.51048	1.51048	1.51048	1.51048	1.51048	1.51202	1.5207	1.54265	1.56489	1.74493	4.14074	4.68986	
76485.8	6.86148e+17	2.78897e+17	1.22046e+17	7.72196e+16	1.54439e+17	2.31659e+17	3.08878e+17	3.86098e+17	4.63304e+17	5.40418e+17	6.17039e+17	6.91818e+17	7.5369e+17	3.58566e+17	8.60012e+15	5.96622e+15	5.52971e+15	2.41981e+15	1.53104e+15	3.06207e+15	4.59311e+15	6.12415e+15	7.65518e+15	9.19508e+15	1.07925e+16	1.27021e+16	1.57763e+16	2.6856e+16	2.98606e+17	4.54032e+17	1.8568	1.51338	1.51338	1.51338	1.51338	1.51338	1.51338	1.51338	1.51483	1.52299	1.54369	1.5647	1.73614	4.12484	4.68986	
76738.6	6.8615e+17	2.789e+17	1.22047e+17	7.72203e+16	1.54441e+17	2.31661e+17	3.08881e+17	3.86101e+17	4.63308e+17	5.4043e+17	6.17083e+17	6.91984e+17	7.54263e+17	3.5947e+17	8.60012e+15	5.96511e+15	5.52821e+15	2.41916e+15	1.53062e+15	3.06124e+15	4.59186e+15	6.12248e+15	7.6531e+15	9.19207e+15	1.07854e+16	1.26745e+16	1.56716e+16	2.64941e+16	2.98158e+17	4.54032e+17	1.86289	1.51643	1.51643	1.51643	1.51643	1.51643	1.51643	1.51643	1.51779	1.52546	1.54498	1.56482	1.72785	4.10882	4.68986	
76991.5	6.86152e+17	2.78902e+17	1.22048e+17	7.72209e+16	1.54442e+17	2.31663e+17	3.08884e+17	3.86105e+17	4.63313e+17	5.40441e+17	6.17125e+17	6.92143e+17	7.54824e+17	3.6039e+17	8.60012e+15	5.964e+15	5.52671e+15	2.4185e+15	1.53021e+15	3.06041e+15	4.59062e+15	6.12083e+15	7.65104e+15	9.18911e+15	1.07784e+16	1.2648e+16	1.55713e+16	2.61402e+16	2.97702e+17	4.54032e+17	1.86897	1.51962	1.51962	1.51962	1.51962	1.51962	1.51962	1.51962	1.52089	1.5281	1.54649	1.56523	1.72002	4.09269	4.68986	
77244.4	6.86154e+17	2.78904e+17	1.22049e+17	7.72216e+16	1.54443e+17	2.31665e+17	3.08886e+17	3.86108e+17	4.63318e+17	5.40451e+17	6.17166e+17	6.92295e+17	7.55371e+17	3.61326e+17	8.60012e+15	5.96289e+15	5.52523e+15	2.41786e+15	1.5298e+15	3.05959e+15	4.58939e+15	6.11919e+15	7.64899e+15	9.18619e+15	1.07718e+16	1.26226e+16	1.54751e+16	2.57943e+16	2.97238e+17	4.54032e+17	1.87504	1.52294	1.52294	1.52294	1.52294	1.52294	1.52294	1.52294	1.52414	1.53091	1.54823	1.56592	1.71266	4.07647	4.68986	
77497.3	6.86156e+17	2.78907e+17	1.2205e+17	7.72223e+16	1.54445e+17	2.31667e+17	3.08889e+17	3.86111e+17	4.63323e+17	5.40462e+17	6.17204e+17	6.92441e+17	7.55906e+17	3.62278e+17	8.60012e+15	5.96179e+15	5.52376e+15	2.41721e+15	1.52939e+15	3.05878e+15	4.58817e+15	6.11756e+15	7.64695e+15	9.18331e+15	1.07653e+16	1.25983e+16	1.5383e+16	2.54562e+16	2.96765e+17	4.54032e+17	1.8811	1.5264	1.5264	1.5264	1.5264	1.5264	1.5264	1.5264	1.52752	1.53388	1.55019	1.56688	1.70573	4.06016	4.68986	
77750.4	6.86158e+17	2.78909e+17	1.22051e+17	7.72229e+16	1.54446e+17	2.31669e+17	3.08892e+17	3.86115e+17	4.63327e+17	5.40472e+17	6.17241e+17	6.92581e+17	7.56429e+17	3.63245e+17	8.60012e+15	5.96069e+15	5.5223e+15	2.41657e+15	1.52899e+15	3.05797e+15	4.58696e+15	6.11594e+15	7.64493e+15	9.18047e+15	1.0759e+16	1.2575e+16	1.52948e+16	2.51261e+16	2.96285e+17	4.54032e+17	1.88716	1.52998	1.52998	1.52998	1.52998	1.52998	1.52998	1.52998	1.53103	1.537	1.55236	1.56809	1.69923	4.04376	4.68986	
78002.7	6.8616e+17	2.78912e+17	1.22052e+17	7.72236e+16	1.54447e+17	2.31671e+17	3.08894e+17	3.86118e+17	4.63332e+17	5.40481e+17	6.17276e+17	6.92714e+17	7.56936e+17	3.64222e+17	8.60013e+15	5.9596e+15	5.52086e+15	2.41594e+15	1.52859e+15	3.05717e+15	4.58576e+15	6.11434e+15	7.64293e+15	9.17768e+15	1.0753e+16	1.25528e+16	1.52106e+16	2.4805e+16	2.95798e+17	4.54032e+17	1.89319	1.53367	1.53367	1.53367	1.53367	1.53367	1.53367	1.53367	1.53466	1.54026	1.55472	1.56955	1.69317	4.02735	4.68986	
78255	6.86162e+17	2.78914e+17	1.22053e+17	7.72242e+16	1.54448e+17	2.31673e+17	3.08897e+17	3.86121e+17	4.63336e+17	5.40491e+17	6.1731e+17	6.92842e+17	7.57428e+17	3.65206e+17	8.60013e+15	5.95852e+15	5.51942e+15	2.41531e+15	1.52819e+15	3.05638e+15	4.58457e+15	6.11275e+15	7.64094e+15	9.17493e+15	1.07471e+16	1.25316e+16	1.51301e+16	2.44924e+16	2.95306e+17	4.54033e+17	1.89922	1.53748	1.53748	1.53748	1.53748	1.53748	1.53748	1.53748	1.53841	1.54366	1.55726	1.57124	1.68752	4.01101	4.68986	
78506.9	6.86164e+17	2.78916e+17	1.22054e+17	7.72249e+16	1.5445e+17	2.31675e+17	3.08899e+17	3.86124e+17	4.6334e+17	5.405e+17	6.17342e+17	6.92963e+17	7.57905e+17	3.66191e+17	8.60014e+15	5.95744e+15	5.518e+15	2.41469e+15	1.52779e+15	3.05559e+15	4.58338e+15	6.11118e+15	7.63897e+15	9.17222e+15	1.07414e+16	1.25113e+16	1.50533e+16	2.41891e+16	2.94812e+17	4.54033e+17	1.90522	1.54139	1.54139	1.54139	1.54139	1.54139	1.54139	1.54139	1.54226	1.54719	1.55998	1.57316	1.68228	3.9948	4.68986	
78758.5	6.86166e+17	2.78918e+17	1.22055e+17	7.72255e+16	1.54451e+17	2.31676e+17	3.08902e+17	3.86127e+17	4.63345e+17	5.40509e+17	6.17373e+17	6.93079e+17	7.58368e+17	3.67176e+17	8.60015e+15	5.95637e+15	5.51659e+15	2.41407e+15	1.5274e+15	3.05481e+15	4.58221e+15	6.10962e+15	7.63702e+15	9.16955e+15	1.07359e+16	1.24919e+16	1.498e+16	2.38947e+16	2.94317e+17	4.54034e+17	1.91122	1.54541	1.54541	1.54541	1.54541	1.54541	1.54541	1.54541	1.54622	1.55084	1.56287	1.57529	1.67743	3.97875	4.68986	
79009.9	6.86168e+17	2.78921e+17	1.22056e+17	7.72261e+16	1.54452e+17	2.31678e+17	3.08904e+17	3.86131e+17	4.63349e+17	5.40517e+17	6.17402e+17	6.9319e+17	7.58817e+17	3.6816e+17	8.60016e+15	5.95531e+15	5.51519e+15	2.41346e+15	1.52702e+15	3.05403e+15	4.58105e+15	6.10807e+15	7.63508e+15	9.16692e+15	1.07306e+16	1.24733e+16	1.49101e+16	2.36091e+16	2.93823e+17	4.54034e+17	1.91719	1.54952	1.54952	1.54952	1.54952	1.54952	1.54952	1.54952	1.55028	1.55462	1.56593	1.57762	1.67295	3.96289	4.68986	
79261.3	6.8617e+17	2.78923e+17	1.22057e+17	7.72267e+16	1.54453e+17	2.3168e+17	3.08907e+17	3.86134e+17	4.63353e+17	5.40525e+17	6.17431e+17	6.93296e+17	7.59252e+17	3.69142e+17	8.60017e+15	5.95425e+15	5.5138e+15	2.41285e+15	1.52663e+15	3.05326e+15	4.5799e+15	6.10653e+15	7.63316e+15	9.16431e+15	1.07255e+16	1.24556e+16	1.48433e+16	2.3332e+16	2.93329e+17	4.54035e+17	1.92316	1.55373	1.55373	1.55373	1.55373	1.55373	1.55373	1.55373	1.55444	1.55851	1.56913	1.58014	1.66883	3.94721	4.68986	
79512.5	6.86172e+17	2.78925e+17	1.22058e+17	7.72274e+16	1.54455e+17	2.31682e+17	3.08909e+17	3.86137e+17	4.63357e+17	5.40534e+17	6.17457e+17	6.93397e+17	7.59674e+17	3.70123e+17	8.60017e+15	5.95319e+15	5.51242e+15	2.41225e+15	1.52625e+15	3.0525e+15	4.57875e+15	6.105e+15	7.63125e+15	9.16175e+15	1.07205e+16	1.24386e+16	1.47796e+16	2.30632e+16	2.92835e+17	4.54035e+17	1.92913	1.55804	1.55804	1.55804	1.55804	1.55804	1.55804	1.55804	1.5587	1.56251	1.57249	1.58285	1.66505	3.93171	4.68986	
79763.4	6.86174e+17	2.78927e+17	1.22059e+17	7.7228e+16	1.54456e+17	2.31684e+17	3.08912e+17	3.8614e+17	4.63362e+17	5.40541e+17	6.17483e+17	6.93493e+17	7.60084e+17	3.71102e+17	8.60017e+15	5.95214e+15	5.51105e+15	2.41165e+15	1.52587e+15	3.05174e+15	4.57761e+15	6.10348e+15	7.62935e+15	9.15921e+15	1.07156e+16	1.24225e+16	1.47189e+16	2.28028e+16	2.92343e+17	4.54035e+17	1.93507	1.56242	1.56242	1.56242	1.56242	1.56242	1.56242	1.56242	1.56304	1.56661	1.57599	1.58574	1.6616	3.91641	4.68986	
80014.4	6.86176e+17	2.7893e+17	1.2206e+17	7.72286e+16	1.54457e+17	2.31686e+17	3.08914e+17	3.86143e+17	4.63366e+17	5.40549e+17	6.17508e+17	6.93585e+17	7.60481e+17	3.72079e+17	8.60017e+15	5.9511e+15	5.50969e+15	2.41106e+15	1.52549e+15	3.05099e+15	4.57648e+15	6.10198e+15	7.62747e+15	9.15671e+15	1.07109e+16	1.2407e+16	1.4661e+16	2.255e+16	2.91851e+17	4.54035e+17	1.94101	1.5669	1.5669	1.5669	1.5669	1.5669	1.5669	1.5669	1.56748	1.57082	1.57962	1.58879	1.65846	3.90126	4.68986	
80265.1	6.86178e+17	2.78932e+17	1.22061e+17	7.72292e+16	1.54458e+17	2.31688e+17	3.08917e+17	3.86146e+17	4.6337e+17	5.40556e+17	6.17531e+17	6.93672e+17	7.60866e+17	3.73055e+17	8.60017e+15	5.95006e+15	5.50834e+15	2.41046e+15	1.52512e+15	3.05024e+15	4.57536e+15	6.10048e+15	7.6256e+15	9.15424e+15	1.07063e+16	1.23922e+16	1.46058e+16	2.2305e+16	2.91359e+17	4.54035e+17	1.94694	1.57145	1.57145	1.57145	1.57145	1.57145	1.57145	1.57145	1.57199	1.57512	1.58339	1.59201	1.65561	3.88629	4.68986	
80515.8	6.8618e+17	2.78934e+17	1.22062e+17	7.72298e+16	1.5446e+17	2.31689e+17	3.08919e+17	3.86149e+17	4.63374e+17	5.40563e+17	6.17554e+17	6.93755e+17	7.6124e+17	3.74029e+17	8.60017e+15	5.94903e+15	5.507e+15	2.40988e+15	1.52475e+15	3.0495e+15	4.57425e+15	6.099e+15	7.62375e+15	9.15179e+15	1.07019e+16	1.2378e+16	1.45532e+16	2.20675e+16	2.90868e+17	4.54035e+17	1.95286	1.57608	1.57608	1.57608	1.57608	1.57608	1.57608	1.57608	1.57659	1.57951	1.58727	1.59538	1.65306	3.87149	4.68986	
80766.4	6.86182e+17	2.78936e+17	1.22063e+17	7.72304e+16	1.54461e+17	2.31691e+17	3.08922e+17	3.86152e+17	4.63377e+17	5.4057e+17	6.17575e+17	6.93835e+17	7.61602e+17	3.75002e+17	8.60017e+15	5.948e+15	5.50567e+15	2.4093e+15	1.52438e+15	3.04876e+15	4.57314e+15	6.09753e+15	7.62191e+15	9.14938e+15	1.06975e+16	1.23645e+16	1.45032e+16	2.18373e+16	2.90378e+17	4.54035e+17	1.95876	1.58078	1.58078	1.58078	1.58078	1.58078	1.58078	1.58078	1.58126	1.58399	1.59127	1.59889	1.65077	3.85684	4.68986	
81016.9	6.86184e+17	2.78938e+17	1.22064e+17	7.7231e+16	1.54462e+17	2.31693e+17	3.08924e+17	3.86155e+17	4.63381e+17	5.40577e+17	6.17596e+17	6.9391e+17	7.61953e+17	3.75974e+17	8.60017e+15	5.94698e+15	5.50435e+15	2.40872e+15	1.52402e+15	3.04803e+15	4.57205e+15	6.09606e+15	7.62008e+15	9.14699e+15	1.06933e+16	1.23515e+16	1.44555e+16	2.16141e+16	2.89888e+17	4.54035e+17	1.96467	1.58556	1.58556	1.58556	1.58556	1.58556	1.58556	1.58556	1.586	1.58856	1.59539	1.60255	1.64875	3.84233	4.68986	
81267.5	6.86186e+17	2.78941e+17	1.22065e+17	7.72316e+16	1.54463e+17	2.31695e+17	3.08926e+17	3.86158e+17	4.63385e+17	5.40584e+17	6.17616e+17	6.93982e+17	7.62293e+17	3.76946e+17	8.60017e+15	5.94596e+15	5.50304e+15	2.40814e+15	1.52365e+15	3.0473e+15	4.57095e+15	6.09461e+15	7.61826e+15	9.14462e+15	1.06892e+16	1.23391e+16	1.44101e+16	2.13978e+16	2.89397e+17	4.54035e+17	1.97056	1.5904	1.5904	1.5904	1.5904	1.5904	1.5904	1.5904	1.59081	1.59321	1.59961	1.60634	1.64698	3.82797	4.68986	
81517.7	6.86188e+17	2.78943e+17	1.22066e+17	7.72322e+16	1.54464e+17	2.31697e+17	3.08929e+17	3.86161e+17	4.63389e+17	5.4059e+17	6.17635e+17	6.94051e+17	7.62623e+17	3.77916e+17	8.60017e+15	5.94495e+15	5.50173e+15	2.40757e+15	1.52329e+15	3.04658e+15	4.56987e+15	6.09316e+15	7.61645e+15	9.14229e+15	1.06852e+16	1.23273e+16	1.43669e+16	2.11885e+16	2.88907e+17	4.54035e+17	1.97644	1.5953	1.5953	1.5953	1.5953	1.5953	1.5953	1.5953	1.59569	1.59793	1.60393	1.61025	1.64545	3.81375	4.68986	
81768.2	6.8619e+17	2.78945e+17	1.22067e+17	7.72328e+16	1.54466e+17	2.31698e+17	3.08931e+17	3.86164e+17	4.63393e+17	5.40596e+17	6.17653e+17	6.94116e+17	7.62942e+17	3.78886e+17	8.60016e+15	5.94394e+15	5.50044e+15	2.407e+15	1.52293e+15	3.04586e+15	4.56879e+15	6.09173e+15	7.61466e+15	9.13997e+15	1.06813e+16	1.23159e+16	1.43258e+16	2.09855e+16	2.88417e+17	4.54034e+17	1.98232	1.60027	1.60027	1.60027	1.60027	1.60027	1.60027	1.60027	1.60064	1.60273	1.60835	1.61428	1.64416	3.79966	4.68986	
82018.4	6.86192e+17	2.78947e+17	1.22068e+17	7.72333e+16	1.54467e+17	2.317e+17	3.08933e+17	3.86167e+17	4.63396e+17	5.40603e+17	6.1767e+17	6.94178e+17	7.63251e+17	3.79856e+17	8.60016e+15	5.94294e+15	5.49915e+15	2.40644e+15	1.52258e+15	3.04515e+15	4.56773e+15	6.0903e+15	7.61288e+15	9.13768e+15	1.06775e+16	1.23051e+16	1.42867e+16	2.07891e+16	2.87927e+17	4.54034e+17	1.98819	1.6053	1.6053	1.6053	1.6053	1.6053	1.6053	1.6053	1.60564	1.6076	1.61286	1.61843	1.64309	3.7857	4.68986	
82268.7	6.86194e+17	2.78949e+17	1.22069e+17	7.72339e+16	1.54468e+17	2.31702e+17	3.08936e+17	3.8617e+17	4.634e+17	5.40608e+17	6.17686e+17	6.94237e+17	7.6355e+17	3.80825e+17	8.60016e+15	5.94194e+15	5.49787e+15	2.40588e+15	1.52222e+15	3.04444e+15	4.56666e+15	6.08888e+15	7.6111e+15	9.13541e+15	1.06738e+16	1.22947e+16	1.42495e+16	2.05989e+16	2.87437e+17	4.54034e+17	1.99405	1.61039	1.61039	1.61039	1.61039	1.61039	1.61039	1.61039	1.6107	1.61253	1.61746	1.62268	1.64223	3.77187	4.68986	
82518.8	6.86195e+17	2.78951e+17	1.2207e+17	7.72345e+16	1.54469e+17	2.31703e+17	3.08938e+17	3.86172e+17	4.63404e+17	5.40614e+17	6.17702e+17	6.94293e+17	7.6384e+17	3.81794e+17	8.60015e+15	5.94094e+15	5.4966e+15	2.40533e+15	1.52187e+15	3.04374e+15	4.56561e+15	6.08748e+15	7.60934e+15	9.13317e+15	1.06702e+16	1.22848e+16	1.42141e+16	2.04149e+16	2.86946e+17	4.54034e+17	1.99991	1.61552	1.61552	1.61552	1.61552	1.61552	1.61552	1.61552	1.61582	1.61752	1.62214	1.62704	1.64158	3.75815	4.68986	
82769	6.86197e+17	2.78953e+17	1.22071e+17	7.72351e+16	1.5447e+17	2.31705e+17	3.0894e+17	3.86175e+17	4.63407e+17	5.4062e+17	6.17717e+17	6.94346e+17	7.64121e+17	3.82764e+17	8.60015e+15	5.93995e+15	5.49533e+15	2.40477e+15	1.52152e+15	3.04304e+15	4.56456e+15	6.08608e+15	7.60759e+15	9.13094e+15	1.06667e+16	1.22752e+16	1.41805e+16	2.02368e+16	2.86455e+17	4.54034e+17	2.00575	1.62071	1.62071	1.62071	1.62071	1.62071	1.62071	1.62071	1.62099	1.62258	1.6269	1.63149	1.64113	3.74455	4.68986	
83019.3	6.86199e+17	2.78955e+17	1.22071e+17	7.72356e+16	1.54471e+17	2.31707e+17	3.08942e+17	3.86178e+17	4.63411e+17	5.40626e+17	6.17732e+17	6.94397e+17	7.64392e+17	3.83733e+17	8.60015e+15	5.93897e+15	5.49408e+15	2.40422e+15	1.52117e+15	3.04234e+15	4.56351e+15	6.08468e+15	7.60586e+15	9.12874e+15	1.06632e+16	1.22661e+16	1.41485e+16	2.00645e+16	2.85964e+17	4.54034e+17	2.0116	1.62595	1.62595	1.62595	1.62595	1.62595	1.62595	1.62595	1.62621	1.6277	1.63174	1.63604	1.64087	3.73105	4.68986	
83273.1	6.86201e+17	2.78957e+17	1.22072e+17	7.72362e+16	1.54472e+17	2.31709e+17	3.08945e+17	3.86181e+17	4.63415e+17	5.40631e+17	6.17746e+17	6.94446e+17	7.64658e+17	3.84718e+17	8.60015e+15	5.93798e+15	5.49281e+15	2.40367e+15	1.52082e+15	3.04164e+15	4.56246e+15	6.08328e+15	7.6041e+15	9.12652e+15	1.06598e+16	1.22572e+16	1.41176e+16	1.98955e+16	2.85465e+17	4.54034e+17	2.01751	1.63132	1.63132	1.63132	1.63132	1.63132	1.63132	1.63132	1.63156	1.63295	1.63672	1.64075	1.6408	3.71747	4.68986	
83526.3	6.86203e+17	2.78959e+17	1.22073e+17	7.72368e+16	1.54474e+17	2.3171e+17	3.08947e+17	3.86184e+17	4.63418e+17	5.40637e+17	6.1776e+17	6.94492e+17	7.64914e+17	3.85699e+17	8.60014e+15	5.93699e+15	5.49155e+15	2.40312e+15	1.52047e+15	3.04095e+15	4.56142e+15	6.08189e+15	7.60236e+15	9.12433e+15	1.06564e+16	1.22487e+16	1.40884e+16	1.97326e+16	2.84966e+17	4.54033e+17	2.02341	1.63672	1.63672	1.63672	1.63672	1.63672	1.63672	1.63672	1.63694	1.63823	1.64176	1.64553	1.64091	3.70404	4.68986	
83776.7	6.86205e+17	2.78961e+17	1.22074e+17	7.72373e+16	1.54475e+17	2.31712e+17	3.08949e+17	3.86187e+17	4.63422e+17	5.40642e+17	6.17773e+17	6.94535e+17	7.65159e+17	3.86671e+17	8.60014e+15	5.93602e+15	5.49032e+15	2.40258e+15	1.52013e+15	3.04026e+15	4.56039e+15	6.08052e+15	7.60065e+15	9.12218e+15	1.06532e+16	1.22407e+16	1.4061e+16	1.9577e+16	2.84473e+17	4.54033e+17	2.02923	1.6421	1.6421	1.6421	1.6421	1.6421	1.6421	1.6421	1.6423	1.64351	1.64681	1.65034	1.64119	3.69085	4.68986	
84030	6.86207e+17	2.78963e+17	1.22075e+17	7.72379e+16	1.54476e+17	2.31714e+17	3.08951e+17	3.86189e+17	4.63425e+17	5.40647e+17	6.17785e+17	6.94577e+17	7.65399e+17	3.87655e+17	8.60014e+15	5.93504e+15	5.48908e+15	2.40203e+15	1.51979e+15	3.03957e+15	4.55936e+15	6.07915e+15	7.59893e+15	9.12002e+15	1.065e+16	1.22329e+16	1.40346e+16	1.9425e+16	2.83973e+17	4.54033e+17	2.03511	1.64758	1.64758	1.64758	1.64758	1.64758	1.64758	1.64758	1.64777	1.6489	1.65198	1.65528	1.64164	3.67761	4.68986	
84280.3	6.86208e+17	2.78965e+17	1.22076e+17	7.72384e+16	1.54477e+17	2.31715e+17	3.08954e+17	3.86192e+17	4.63429e+17	5.40652e+17	6.17797e+17	6.94617e+17	7.65627e+17	3.88627e+17	8.60014e+15	5.93407e+15	5.48786e+15	2.4015e+15	1.51945e+15	3.0389e+15	4.55835e+15	6.0778e+15	7.59725e+15	9.11791e+15	1.06469e+16	1.22255e+16	1.40099e+16	1.928e+16	2.83479e+17	4.54033e+17	2.04091	1.65304	1.65304	1.65304	1.65304	1.65304	1.65304	1.65304	1.65322	1.65427	1.65715	1.66024	1.64225	3.66462	4.68986	
84533.4	6.8621e+17	2.78967e+17	1.22077e+17	7.7239e+16	1.54478e+17	2.31717e+17	3.08956e+17	3.86195e+17	4.63432e+17	5.40657e+17	6.17808e+17	6.94654e+17	7.6585e+17	3.89611e+17	8.60014e+15	5.93311e+15	5.48663e+15	2.40096e+15	1.51911e+15	3.03822e+15	4.55733e+15	6.07644e+15	7.59555e+15	9.11579e+15	1.06438e+16	1.22183e+16	1.39861e+16	1.91386e+16	2.82978e+17	4.54033e+17	2.04677	1.65859	1.65859	1.65859	1.65859	1.65859	1.65859	1.65859	1.65876	1.65974	1.66242	1.66532	1.64301	3.65159	4.68986	
84783.4	6.86212e+17	2.78969e+17	1.22078e+17	7.72395e+16	1.54479e+17	2.31719e+17	3.08958e+17	3.86198e+17	4.63435e+17	5.40662e+17	6.17819e+17	6.9469e+17	7.66062e+17	3.90583e+17	8.60013e+15	5.93215e+15	5.48543e+15	2.40044e+15	1.51878e+15	3.03755e+15	4.55633e+15	6.0751e+15	7.59388e+15	9.11371e+15	1.06408e+16	1.22115e+16	1.39638e+16	1.90038e+16	2.82483e+17	4.54033e+17	2.05254	1.66412	1.66412	1.66412	1.66412	1.66412	1.66412	1.66412	1.66427	1.66518	1.66769	1.6704	1.64392	3.63881	4.68986	
85037.3	6.86214e+17	2.78971e+17	1.22079e+17	7.72401e+16	1.5448e+17	2.3172e+17	3.0896e+17	3.862e+17	4.63439e+17	5.40667e+17	6.1783e+17	6.94724e+17	7.6627e+17	3.91572e+17	8.60013e+15	5.93119e+15	5.48421e+15	2.3999e+15	1.51844e+15	3.03688e+15	4.55532e+15	6.07376e+15	7.5922e+15	9.11162e+15	1.06378e+16	1.22048e+16	1.39423e+16	1.88718e+16	2.81979e+17	4.54033e+17	2.05838	1.66976	1.66976	1.66976	1.66976	1.66976	1.66976	1.66976	1.66991	1.67075	1.67309	1.67562	1.64499	3.62592	4.68986	
85290.2	6.86216e+17	2.78973e+17	1.22079e+17	7.72406e+16	1.54481e+17	2.31722e+17	3.08962e+17	3.86203e+17	4.63442e+17	5.40671e+17	6.1784e+17	6.94756e+17	7.66469e+17	3.92557e+17	8.60013e+15	5.93023e+15	5.483e+15	2.39938e+15	1.51811e+15	3.03621e+15	4.55432e+15	6.07242e+15	7.59053e+15	9.10955e+15	1.06349e+16	1.21984e+16	1.3922e+16	1.87451e+16	2.81477e+17	4.54033e+17	2.06419	1.67541	1.67541	1.67541	1.67541	1.67541	1.67541	1.67541	1.67555	1.67633	1.67852	1.68088	1.64619	3.61317	4.68986	
85540.2	6.86218e+17	2.78975e+17	1.2208e+17	7.72411e+16	1.54482e+17	2.31723e+17	3.08965e+17	3.86206e+17	4.63446e+17	5.40676e+17	6.1785e+17	6.94786e+17	7.66659e+17	3.93531e+17	8.60013e+15	5.92929e+15	5.48182e+15	2.39886e+15	1.51778e+15	3.03556e+15	4.55333e+15	6.07111e+15	7.58889e+15	9.10752e+15	1.06321e+16	1.21923e+16	1.39029e+16	1.86246e+16	2.80979e+17	4.54033e+17	2.06992	1.68103	1.68103	1.68103	1.68103	1.68103	1.68103	1.68103	1.68116	1.68189	1.68393	1.68613	1.64751	3.60066	4.68986	
85790.3	6.86219e+17	2.78977e+17	1.22081e+17	7.72417e+16	1.54483e+17	2.31725e+17	3.08967e+17	3.86208e+17	4.63449e+17	5.4068e+17	6.17859e+17	6.94815e+17	7.66842e+17	3.94507e+17	8.60013e+15	5.92836e+15	5.48064e+15	2.39834e+15	1.51745e+15	3.0349e+15	4.55235e+15	6.06981e+15	7.58726e+15	9.10551e+15	1.06293e+16	1.21865e+16	1.38847e+16	1.85084e+16	2.80481e+17	4.54033e+17	2.07562	1.68668	1.68668	1.68668	1.68668	1.68668	1.68668	1.68668	1.68679	1.68747	1.68937	1.69144	1.64896	3.58824	4.68986	
86044	6.86221e+17	2.78979e+17	1.22082e+17	7.72422e+16	1.54484e+17	2.31727e+17	3.08969e+17	3.86211e+17	4.63452e+17	5.40685e+17	6.17869e+17	6.94843e+17	7.6702e+17	3.95497e+17	8.60013e+15	5.92741e+15	5.47945e+15	2.39782e+15	1.51712e+15	3.03424e+15	4.55137e+15	6.06849e+15	7.58561e+15	9.10348e+15	1.06265e+16	1.21808e+16	1.38672e+16	1.83951e+16	2.79974e+17	4.54032e+17	2.08139	1.69243	1.69243	1.69243	1.69243	1.69243	1.69243	1.69243	1.69254	1.69317	1.69494	1.69687	1.65055	3.57572	4.68986	
86297	6.86223e+17	2.78981e+17	1.22083e+17	7.72427e+16	1.54485e+17	2.31728e+17	3.08971e+17	3.86214e+17	4.63455e+17	5.40689e+17	6.17877e+17	6.94869e+17	7.67191e+17	3.96486e+17	8.60013e+15	5.92647e+15	5.47827e+15	2.39731e+15	1.5168e+15	3.03359e+15	4.55039e+15	6.06718e+15	7.58398e+15	9.10147e+15	1.06237e+16	1.21752e+16	1.38506e+16	1.82864e+16	2.79469e+17	4.54032e+17	2.08712	1.69819	1.69819	1.69819	1.69819	1.69819	1.69819	1.69819	1.69829	1.69888	1.70053	1.70233	1.65226	3.56332	4.68986	
86547.4	6.86225e+17	2.78983e+17	1.22084e+17	7.72433e+16	1.54487e+17	2.3173e+17	3.08973e+17	3.86216e+17	4.63459e+17	5.40694e+17	6.17886e+17	6.94894e+17	7.67354e+17	3.97464e+17	8.60012e+15	5.92554e+15	5.47711e+15	2.3968e+15	1.51647e+15	3.03295e+15	4.54942e+15	6.0659e+15	7.58237e+15	9.09949e+15	1.06211e+16	1.217e+16	1.38351e+16	1.8183e+16	2.78968e+17	4.54032e+17	2.09276	1.70392	1.70392	1.70392	1.70392	1.70392	1.70392	1.70392	1.70401	1.70456	1.7061	1.70778	1.65406	3.55113	4.68986	
86800.6	6.86227e+17	2.78985e+17	1.22084e+17	7.72438e+16	1.54488e+17	2.31731e+17	3.08975e+17	3.86219e+17	4.63462e+17	5.40698e+17	6.17894e+17	6.94918e+17	7.67512e+17	3.98455e+17	8.60012e+15	5.92461e+15	5.47595e+15	2.39629e+15	1.51615e+15	3.0323e+15	4.54845e+15	6.0646e+15	7.58076e+15	9.09751e+15	1.06184e+16	1.21649e+16	1.38201e+16	1.80826e+16	2.7846e+17	4.54032e+17	2.09844	1.70973	1.70973	1.70973	1.70973	1.70973	1.70973	1.70973	1.70982	1.71033	1.71176	1.71332	1.656	3.5389	4.68986	
87050.8	6.86228e+17	2.78986e+17	1.22085e+17	7.72443e+16	1.54489e+17	2.31733e+17	3.08977e+17	3.86222e+17	4.63465e+17	5.40702e+17	6.17902e+17	6.9494e+17	7.67662e+17	3.99434e+17	8.60012e+15	5.92369e+15	5.4748e+15	2.39579e+15	1.51583e+15	3.03167e+15	4.5475e+15	6.06333e+15	7.57917e+15	9.09556e+15	1.06158e+16	1.216e+16	1.3806e+16	1.79874e+16	2.77958e+17	4.54032e+17	2.10402	1.7155	1.7155	1.7155	1.7155	1.7155	1.7155	1.7155	1.71558	1.71605	1.71739	1.71884	1.65802	3.52689	4.68986	
87303.9	6.8623e+17	2.78988e+17	1.22086e+17	7.72448e+16	1.5449e+17	2.31735e+17	3.08979e+17	3.86224e+17	4.63468e+17	5.40706e+17	6.1791e+17	6.94962e+17	7.67807e+17	4.00425e+17	8.60012e+15	5.92277e+15	5.47365e+15	2.39528e+15	1.51551e+15	3.03103e+15	4.54654e+15	6.06206e+15	7.57757e+15	9.0936e+15	1.06133e+16	1.21552e+16	1.37925e+16	1.7895e+16	2.7745e+17	4.54032e+17	2.10963	1.72135	1.72135	1.72135	1.72135	1.72135	1.72135	1.72135	1.72142	1.72186	1.7231	1.72446	1.66017	3.51482	4.68986	
87553.9	6.86232e+17	2.7899e+17	1.22087e+17	7.72453e+16	1.54491e+17	2.31736e+17	3.08981e+17	3.86227e+17	4.63471e+17	5.40711e+17	6.17917e+17	6.94982e+17	7.67945e+17	4.01405e+17	8.60012e+15	5.92185e+15	5.47251e+15	2.39478e+15	1.5152e+15	3.0304e+15	4.5456e+15	6.0608e+15	7.576e+15	9.09168e+15	1.06107e+16	1.21506e+16	1.37798e+16	1.78075e+16	2.76946e+17	4.54032e+17	2.11513	1.72714	1.72714	1.72714	1.72714	1.72714	1.72714	1.72714	1.72721	1.72762	1.72878	1.73005	1.66238	3.50299	4.68986	
87807.8	6.86234e+17	2.78992e+17	1.22088e+17	7.72459e+16	1.54492e+17	2.31738e+17	3.08983e+17	3.86229e+17	4.63474e+17	5.40715e+17	6.17924e+17	6.95002e+17	7.68079e+17	4.024e+17	8.60012e+15	5.92093e+15	5.47136e+15	2.39428e+15	1.51488e+15	3.02977e+15	4.54465e+15	6.05953e+15	7.57441e+15	9.08975e+15	1.06082e+16	1.21461e+16	1.37675e+16	1.77223e+16	2.76435e+17	4.54032e+17	2.12068	1.73305	1.73305	1.73305	1.73305	1.73305	1.73305	1.73305	1.73311	1.73349	1.73457	1.73575	1.66473	3.49105	4.68986	
88060.7	6.86235e+17	2.78994e+17	1.22088e+17	7.72464e+16	1.54493e+17	2.31739e+17	3.08986e+17	3.86232e+17	4.63478e+17	5.40719e+17	6.17931e+17	6.9502e+17	7.68207e+17	4.03392e+17	8.60012e+15	5.92002e+15	5.47023e+15	2.39379e+15	1.51457e+15	3.02914e+15	4.5437e+15	6.05827e+15	7.57284e+15	9.08783e+15	1.06057e+16	1.21417e+16	1.37559e+16	1.76411e+16	2.75925e+17	4.54032e+17	2.12617	1.73894	1.73894	1.73894	1.73894	1.73894	1.73894	1.73894	1.739	1.73936	1.74035	1.74145	1.66716	3.47924	4.68986	
88310.7	6.86237e+17	2.78996e+17	1.22089e+17	7.72469e+16	1.54494e+17	2.31741e+17	3.08988e+17	3.86234e+17	4.63481e+17	5.40723e+17	6.17938e+17	6.95038e+17	7.68327e+17	4.04374e+17	8.60012e+15	5.91911e+15	5.46911e+15	2.3933e+15	1.51426e+15	3.02852e+15	4.54278e+15	6.05704e+15	7.5713e+15	9.08594e+15	1.06033e+16	1.21376e+16	1.37449e+16	1.75644e+16	2.7542e+17	4.54032e+17	2.13156	1.74479	1.74479	1.74479	1.74479	1.74479	1.74479	1.74479	1.74484	1.74517	1.7461	1.74712	1.66965	3.46764	4.68986	
88560.8	6.86239e+17	2.78998e+17	1.2209e+17	7.72474e+16	1.54495e+17	2.31742e+17	3.0899e+17	3.86237e+17	4.63484e+17	5.40727e+17	6.17944e+17	6.95054e+17	7.68443e+17	4.05355e+17	8.60012e+15	5.91821e+15	5.468e+15	2.39281e+15	1.51395e+15	3.0279e+15	4.54185e+15	6.05581e+15	7.56976e+15	9.08407e+15	1.06009e+16	1.21335e+16	1.37345e+16	1.7491e+16	2.74914e+17	4.54032e+17	2.1369	1.75065	1.75065	1.75065	1.75065	1.75065	1.75065	1.75065	1.7507	1.751	1.75186	1.75282	1.67223	3.45613	4.68986	
88814.6	6.8624e+17	2.78999e+17	1.22091e+17	7.72479e+16	1.54496e+17	2.31744e+17	3.08992e+17	3.86239e+17	4.63487e+17	5.4073e+17	6.17951e+17	6.9507e+17	7.68555e+17	4.06352e+17	8.60012e+15	5.9173e+15	5.46688e+15	2.39232e+15	1.51364e+15	3.02728e+15	4.54092e+15	6.05456e+15	7.5682e+15	9.08218e+15	1.05985e+16	1.21295e+16	1.37244e+16	1.74198e+16	2.744e+17	4.54032e+17	2.14227	1.7566	1.7566	1.7566	1.7566	1.7566	1.7566	1.7566	1.75665	1.75693	1.75773	1.75862	1.67492	3.44452	4.68986	
89067.7	6.86242e+17	2.79001e+17	1.22092e+17	7.72484e+16	1.54497e+17	2.31745e+17	3.08994e+17	3.86242e+17	4.6349e+17	5.40734e+17	6.17957e+17	6.95086e+17	7.68661e+17	4.07346e+17	8.60012e+15	5.91639e+15	5.46577e+15	2.39183e+15	1.51333e+15	3.02667e+15	4.54e+15	6.05333e+15	7.56666e+15	9.08031e+15	1.05961e+16	1.21257e+16	1.37148e+16	1.73522e+16	2.73887e+17	4.54032e+17	2.14757	1.76255	1.76255	1.76255	1.76255	1.76255	1.76255	1.76255	1.76259	1.76285	1.7636	1.76443	1.67769	3.43303	4.68986	
89318.1	6.86244e+17	2.79003e+17	1.22092e+17	7.72489e+16	1.54498e+17	2.31747e+17	3.08996e+17	3.86244e+17	4.63493e+17	5.40738e+17	6.17963e+17	6.951e+17	7.68761e+17	4.08329e+17	8.60012e+15	5.9155e+15	5.46467e+15	2.39135e+15	1.51303e+15	3.02606e+15	4.53909e+15	6.05212e+15	7.56515e+15	9.07847e+15	1.05938e+16	1.21219e+16	1.37058e+16	1.72883e+16	2.73379e+17	4.54032e+17	2.15277	1.76845	1.76845	1.76845	1.76845	1.76845	1.76845	1.76845	1.76849	1.76873	1.76942	1.77019	1.6805	3.42173	4.68986	
89571.4	6.86246e+17	2.79005e+17	1.22093e+17	7.72494e+16	1.54499e+17	2.31748e+17	3.08998e+17	3.86247e+17	4.63496e+17	5.40742e+17	6.17969e+17	6.95114e+17	7.68858e+17	4.09324e+17	8.60012e+15	5.91459e+15	5.46357e+15	2.39087e+15	1.51272e+15	3.02545e+15	4.53817e+15	6.0509e+15	7.56362e+15	9.07661e+15	1.05915e+16	1.21183e+16	1.3697e+16	1.72268e+16	2.72865e+17	4.54032e+17	2.15798	1.77442	1.77442	1.77442	1.77442	1.77442	1.77442	1.77442	1.77446	1.77469	1.77533	1.77604	1.68342	3.41039	4.68986	
89821.7	6.86247e+17	2.79007e+17	1.22094e+17	7.72499e+16	1.545e+17	2.3175e+17	3.08999e+17	3.86249e+17	4.63499e+17	5.40746e+17	6.17975e+17	6.95127e+17	7.68949e+17	4.10307e+17	8.60012e+15	5.9137e+15	5.46248e+15	2.3904e+15	1.51242e+15	3.02485e+15	4.53727e+15	6.04969e+15	7.56212e+15	9.07479e+15	1.05892e+16	1.21147e+16	1.36888e+16	1.71691e+16	2.72357e+17	4.54032e+17	2.16308	1.78034	1.78034	1.78034	1.78034	1.78034	1.78034	1.78034	1.78037	1.78058	1.78118	1.78184	1.68637	3.39926	4.68986	
90074.8	6.86249e+17	2.79008e+17	1.22095e+17	7.72504e+16	1.54501e+17	2.31751e+17	3.09001e+17	3.86252e+17	4.63502e+17	5.40749e+17	6.1798e+17	6.9514e+17	7.69036e+17	4.11302e+17	8.60012e+15	5.9128e+15	5.46139e+15	2.38992e+15	1.51212e+15	3.02424e+15	4.53636e+15	6.04849e+15	7.56061e+15	9.07296e+15	1.05869e+16	1.21112e+16	1.36808e+16	1.71135e+16	2.71842e+17	4.54032e+17	2.16817	1.78632	1.78632	1.78632	1.78632	1.78632	1.78632	1.78632	1.78635	1.78655	1.7871	1.78772	1.68943	3.38808	4.68986	
90324.9	6.86251e+17	2.7901e+17	1.22096e+17	7.72509e+16	1.54502e+17	2.31753e+17	3.09003e+17	3.86254e+17	4.63505e+17	5.40753e+17	6.17986e+17	6.95152e+17	7.69118e+17	4.12284e+17	8.60012e+15	5.91191e+15	5.46032e+15	2.38945e+15	1.51182e+15	3.02365e+15	4.53547e+15	6.0473e+15	7.55912e+15	9.07116e+15	1.05847e+16	1.21079e+16	1.36733e+16	1.70614e+16	2.71333e+17	4.54032e+17	2.17316	1.79224	1.79224	1.79224	1.79224	1.79224	1.79224	1.79224	1.79227	1.79245	1.79297	1.79354	1.69251	3.37712	4.68986	
90575	6.86252e+17	2.79012e+17	1.22096e+17	7.72513e+16	1.54503e+17	2.31754e+17	3.09005e+17	3.86257e+17	4.63508e+17	5.40756e+17	6.17991e+17	6.95163e+17	7.69195e+17	4.13266e+17	8.60012e+15	5.91103e+15	5.45925e+15	2.38898e+15	1.51153e+15	3.02306e+15	4.53459e+15	6.04612e+15	7.55765e+15	9.06937e+15	1.05825e+16	1.21046e+16	1.36661e+16	1.70121e+16	2.70824e+17	4.54032e+17	2.17808	1.79817	1.79817	1.79817	1.79817	1.79817	1.79817	1.79817	1.7982	1.79836	1.79884	1.79938	1.69565	3.36624	4.68986	
90825.1	6.86254e+17	2.79014e+17	1.22097e+17	7.72518e+16	1.54504e+17	2.31755e+17	3.09007e+17	3.86259e+17	4.63511e+17	5.4076e+17	6.17996e+17	6.95175e+17	7.69268e+17	4.14248e+17	8.60012e+15	5.91014e+15	5.45819e+15	2.38852e+15	1.51124e+15	3.02247e+15	4.53371e+15	6.04494e+15	7.55618e+15	9.0676e+15	1.05803e+16	1.21014e+16	1.36592e+16	1.69653e+16	2.70315e+17	4.54032e+17	2.18295	1.8041	1.8041	1.8041	1.8041	1.8041	1.8041	1.8041	1.80413	1.80428	1.80472	1.80522	1.69885	3.35543	4.68986	
91075.2	6.86256e+17	2.79015e+17	1.22098e+17	7.72523e+16	1.54505e+17	2.31757e+17	3.09009e+17	3.86261e+17	4.63513e+17	5.40764e+17	6.18001e+17	6.95185e+17	7.69338e+17	4.15229e+17	8.60012e+15	5.90926e+15	5.45713e+15	2.38806e+15	1.51094e+15	3.02188e+15	4.53283e+15	6.04377e+15	7.55471e+15	9.06583e+15	1.05782e+16	1.20982e+16	1.36526e+16	1.69211e+16	2.69805e+17	4.54032e+17	2.18777	1.81004	1.81004	1.81004	1.81004	1.81004	1.81004	1.81004	1.81006	1.8102	1.81062	1.81108	1.70211	3.3447	4.68986	
91325.7	6.86258e+17	2.79017e+17	1.22099e+17	7.72528e+16	1.54506e+17	2.31758e+17	3.09011e+17	3.86264e+17	4.63516e+17	5.40767e+17	6.18006e+17	6.95195e+17	7.69403e+17	4.16212e+17	8.60012e+15	5.90837e+15	5.45608e+15	2.38759e+15	1.51065e+15	3.0213e+15	4.53195e+15	6.0426e+15	7.55325e+15	9.06406e+15	1.0576e+16	1.20951e+16	1.36463e+16	1.68793e+16	2.69295e+17	4.54032e+17	2.19254	1.81599	1.81599	1.81599	1.81599	1.81599	1.81599	1.81599	1.81601	1.81614	1.81652	1.81695	1.70543	3.33403	4.68986	
91578.7	6.86259e+17	2.79019e+17	1.22099e+17	7.72532e+16	1.54506e+17	2.3176e+17	3.09013e+17	3.86266e+17	4.63519e+17	5.40771e+17	6.18011e+17	6.95205e+17	7.69466e+17	4.17203e+17	8.60012e+15	5.90748e+15	5.45502e+15	2.38713e+15	1.51036e+15	3.02072e+15	4.53107e+15	6.04143e+15	7.55179e+15	9.06229e+15	1.05738e+16	1.20921e+16	1.36401e+16	1.68396e+16	2.68779e+17	4.54032e+17	2.19731	1.822	1.822	1.822	1.822	1.822	1.822	1.822	1.82202	1.82214	1.82249	1.82289	1.70883	3.32333	4.68986	
91829.4	6.86261e+17	2.7902e+17	1.221e+17	7.72537e+16	1.54507e+17	2.31761e+17	3.09015e+17	3.86269e+17	4.63522e+17	5.40774e+17	6.18016e+17	6.95214e+17	7.69524e+17	4.18186e+17	8.60012e+15	5.9066e+15	5.45398e+15	2.38667e+15	1.51007e+15	3.02014e+15	4.53021e+15	6.04027e+15	7.55034e+15	9.06055e+15	1.05717e+16	1.20891e+16	1.36343e+16	1.68025e+16	2.68268e+17	4.54032e+17	2.20197	1.82795	1.82795	1.82795	1.82795	1.82795	1.82795	1.82795	1.82797	1.82809	1.82841	1.82878	1.71226	3.31281	4.68986	
92082.6	6.86263e+17	2.79022e+17	1.22101e+17	7.72542e+16	1.54508e+17	2.31763e+17	3.09017e+17	3.86271e+17	4.63525e+17	5.40778e+17	6.18021e+17	6.95224e+17	7.69578e+17	4.19177e+17	8.60012e+15	5.9057e+15	5.45293e+15	2.38622e+15	1.50978e+15	3.01956e+15	4.52933e+15	6.03911e+15	7.54889e+15	9.05879e+15	1.05696e+16	1.20862e+16	1.36286e+16	1.67674e+16	2.67752e+17	4.54032e+17	2.20663	1.83397	1.83397	1.83397	1.83397	1.83397	1.83397	1.83397	1.83399	1.83409	1.8344	1.83474	1.71576	3.30226	4.68986	
92332.8	6.86264e+17	2.79024e+17	1.22102e+17	7.72547e+16	1.54509e+17	2.31764e+17	3.09019e+17	3.86273e+17	4.63528e+17	5.40781e+17	6.18026e+17	6.95232e+17	7.69629e+17	4.20156e+17	8.60012e+15	5.90482e+15	5.4519e+15	2.38576e+15	1.50949e+15	3.01898e+15	4.52848e+15	6.03797e+15	7.54746e+15	9.05707e+15	1.05675e+16	1.20833e+16	1.36232e+16	1.6735e+16	2.67242e+17	4.54032e+17	2.21117	1.83992	1.83992	1.83992	1.83992	1.83992	1.83992	1.83992	1.83994	1.84003	1.84031	1.84063	1.71927	3.29192	4.68986	
92582.9	6.86266e+17	2.79026e+17	1.22102e+17	7.72551e+16	1.5451e+17	2.31765e+17	3.0902e+17	3.86276e+17	4.63531e+17	5.40784e+17	6.1803e+17	6.95241e+17	7.69677e+17	4.21134e+17	8.60012e+15	5.90395e+15	5.45087e+15	2.38531e+15	1.50921e+15	3.01842e+15	4.52762e+15	6.03683e+15	7.54604e+15	9.05536e+15	1.05654e+16	1.20805e+16	1.3618e+16	1.67047e+16	2.66732e+17	4.54032e+17	2.21567	1.84586	1.84586	1.84586	1.84586	1.84586	1.84586	1.84586	1.84588	1.84597	1.84623	1.84652	1.72283	3.28166	4.68986	
92833.2	6.86268e+17	2.79027e+17	1.22103e+17	7.72556e+16	1.54511e+17	2.31767e+17	3.09022e+17	3.86278e+17	4.63533e+17	5.40788e+17	6.18035e+17	6.95249e+17	7.69721e+17	4.22111e+17	8.60012e+15	5.90307e+15	5.44985e+15	2.38487e+15	1.50892e+15	3.01785e+15	4.52677e+15	6.0357e+15	7.54462e+15	9.05365e+15	1.05634e+16	1.20778e+16	1.3613e+16	1.66764e+16	2.66222e+17	4.54032e+17	2.22011	1.85181	1.85181	1.85181	1.85181	1.85181	1.85181	1.85181	1.85182	1.85191	1.85215	1.85242	1.72643	3.27147	4.68986	
93083.5	6.86269e+17	2.79029e+17	1.22104e+17	7.7256e+16	1.54512e+17	2.31768e+17	3.09024e+17	3.8628e+17	4.63536e+17	5.40791e+17	6.18039e+17	6.95256e+17	7.69762e+17	4.23087e+17	8.60012e+15	5.90219e+15	5.44883e+15	2.38442e+15	1.50864e+15	3.01729e+15	4.52593e+15	6.03457e+15	7.54321e+15	9.05195e+15	1.05614e+16	1.20751e+16	1.36082e+16	1.66502e+16	2.65712e+17	4.54032e+17	2.2245	1.85776	1.85776	1.85776	1.85776	1.85776	1.85776	1.85776	1.85777	1.85784	1.85807	1.85832	1.73007	3.26135	4.68986	
93333.6	6.86271e+17	2.79031e+17	1.22104e+17	7.72565e+16	1.54513e+17	2.3177e+17	3.09026e+17	3.86283e+17	4.63539e+17	5.40794e+17	6.18043e+17	6.95264e+17	7.698e+17	4.24062e+17	8.60012e+15	5.90131e+15	5.44782e+15	2.38398e+15	1.50836e+15	3.01673e+15	4.52509e+15	6.03345e+15	7.54181e+15	9.05026e+15	1.05593e+16	1.20724e+16	1.36035e+16	1.66259e+16	2.65202e+17	4.54032e+17	2.22885	1.86369	1.86369	1.86369	1.86369	1.86369	1.86369	1.86369	1.86371	1.86378	1.86398	1.86422	1.73375	3.25132	4.68986	
93583.9	6.86273e+17	2.79032e+17	1.22105e+17	7.7257e+16	1.54514e+17	2.31771e+17	3.09028e+17	3.86285e+17	4.63542e+17	5.40798e+17	6.18048e+17	6.95271e+17	7.69835e+17	4.25036e+17	8.60012e+15	5.90044e+15	5.44681e+15	2.38354e+15	1.50808e+15	3.01617e+15	4.52425e+15	6.03233e+15	7.54042e+15	9.04858e+15	1.05573e+16	1.20698e+16	1.3599e+16	1.66035e+16	2.64692e+17	4.54032e+17	2.23314	1.86964	1.86964	1.86964	1.86964	1.86964	1.86964	1.86964	1.86965	1.86971	1.8699	1.87012	1.73747	3.24136	4.68986	
93834.1	6.86274e+17	2.79034e+17	1.22106e+17	7.72574e+16	1.54515e+17	2.31772e+17	3.0903e+17	3.86287e+17	4.63544e+17	5.40801e+17	6.18052e+17	6.95278e+17	7.69867e+17	4.26009e+17	8.60012e+15	5.89956e+15	5.4458e+15	2.3831e+15	1.50781e+15	3.01561e+15	4.52342e+15	6.03122e+15	7.53903e+15	9.04691e+15	1.05553e+16	1.20672e+16	1.35946e+16	1.65829e+16	2.64183e+17	4.54032e+17	2.23739	1.87557	1.87557	1.87557	1.87557	1.87557	1.87557	1.87557	1.87558	1.87564	1.87582	1.87602	1.74123	3.23148	4.68986	
94084.4	6.86276e+17	2.79035e+17	1.22107e+17	7.72579e+16	1.54516e+17	2.31774e+17	3.09031e+17	3.86289e+17	4.63547e+17	5.40804e+17	6.18056e+17	6.95285e+17	7.69896e+17	4.2698e+17	8.60012e+15	5.89869e+15	5.44481e+15	2.38266e+15	1.50753e+15	3.01506e+15	4.52259e+15	6.03012e+15	7.53765e+15	9.04524e+15	1.05533e+16	1.20646e+16	1.35904e+16	1.65641e+16	2.63674e+17	4.54032e+17	2.24159	1.8815	1.8815	1.8815	1.8815	1.8815	1.8815	1.8815	1.88151	1.88157	1.88173	1.88192	1.74502	3.22168	4.68986	
94334.6	6.86278e+17	2.79037e+17	1.22107e+17	7.72583e+16	1.54517e+17	2.31775e+17	3.09033e+17	3.86292e+17	4.6355e+17	5.40807e+17	6.1806e+17	6.95292e+17	7.69922e+17	4.2795e+17	8.60012e+15	5.89782e+15	5.44381e+15	2.38223e+15	1.50725e+15	3.01451e+15	4.52176e+15	6.02902e+15	7.53627e+15	9.04359e+15	1.05514e+16	1.20621e+16	1.35863e+16	1.65471e+16	2.63166e+17	4.54032e+17	2.24575	1.88743	1.88743	1.88743	1.88743	1.88743	1.88743	1.88743	1.88744	1.88749	1.88764	1.88781	1.74884	3.21195	4.68986	
94584.9	6.86279e+17	2.79039e+17	1.22108e+17	7.72588e+16	1.54518e+17	2.31776e+17	3.09035e+17	3.86294e+17	4.63552e+17	5.4081e+17	6.18064e+17	6.95298e+17	7.69946e+17	4.28919e+17	8.60012e+15	5.89694e+15	5.44282e+15	2.38179e+15	1.50698e+15	3.01396e+15	4.52094e+15	6.02792e+15	7.5349e+15	9.04194e+15	1.05494e+16	1.20596e+16	1.35823e+16	1.65317e+16	2.62657e+17	4.54032e+17	2.24987	1.89335	1.89335	1.89335	1.89335	1.89335	1.89335	1.89335	1.89336	1.8934	1.89355	1.89371	1.7527	3.2023	4.68986	
94835.4	6.86281e+17	2.7904e+17	1.22109e+17	7.72592e+16	1.54518e+17	2.31778e+17	3.09037e+17	3.86296e+17	4.63555e+17	5.40814e+17	6.18068e+17	6.95304e+17	7.69967e+17	4.29886e+17	8.60012e+15	5.89607e+15	5.44184e+15	2.38136e+15	1.50671e+15	3.01341e+15	4.52012e+15	6.02683e+15	7.53353e+15	9.0403e+15	1.05474e+16	1.20571e+16	1.35785e+16	1.65179e+16	2.62149e+17	4.54032e+17	2.25394	1.89927	1.89927	1.89927	1.89927	1.89927	1.89927	1.89927	1.89927	1.89932	1.89945	1.8996	1.75658	3.19272	4.68986	
95085.5	6.86283e+17	2.79042e+17	1.22109e+17	7.72597e+16	1.54519e+17	2.31779e+17	3.09039e+17	3.86298e+17	4.63558e+17	5.40817e+17	6.18072e+17	6.9531e+17	7.69986e+17	4.30851e+17	8.60012e+15	5.8952e+15	5.44086e+15	2.38093e+15	1.50644e+15	3.01287e+15	4.51931e+15	6.02574e+15	7.53218e+15	9.03866e+15	1.05455e+16	1.20547e+16	1.35747e+16	1.65057e+16	2.61642e+17	4.54032e+17	2.25797	1.90517	1.90517	1.90517	1.90517	1.90517	1.90517	1.90517	1.90518	1.90522	1.90534	1.90548	1.7605	3.18323	4.68986	
95336	6.86284e+17	2.79044e+17	1.2211e+17	7.72601e+16	1.5452e+17	2.3178e+17	3.0904e+17	3.863e+17	4.6356e+17	5.4082e+17	6.18076e+17	6.95316e+17	7.70002e+17	4.31815e+17	8.60012e+15	5.89433e+15	5.43988e+15	2.38051e+15	1.50617e+15	3.01233e+15	4.5185e+15	6.02466e+15	7.53083e+15	9.03704e+15	1.05436e+16	1.20523e+16	1.35711e+16	1.6495e+16	2.61135e+17	4.54032e+17	2.26197	1.91107	1.91107	1.91107	1.91107	1.91107	1.91107	1.91107	1.91108	1.91112	1.91123	1.91136	1.76445	3.1738	4.68986	
95586.3	6.86286e+17	2.79045e+17	1.22111e+17	7.72605e+16	1.54521e+17	2.31782e+17	3.09042e+17	3.86303e+17	4.63563e+17	5.40823e+17	6.1808e+17	6.95322e+17	7.70016e+17	4.32777e+17	8.60012e+15	5.89346e+15	5.43891e+15	2.38008e+15	1.5059e+15	3.01179e+15	4.51769e+15	6.02358e+15	7.52948e+15	9.03542e+15	1.05417e+16	1.20499e+16	1.35675e+16	1.64858e+16	2.60629e+17	4.54032e+17	2.26592	1.91697	1.91697	1.91697	1.91697	1.91697	1.91697	1.91697	1.91697	1.91701	1.91711	1.91723	1.76842	3.16446	4.68986	
95836.7	6.86288e+17	2.79047e+17	1.22112e+17	7.7261e+16	1.54522e+17	2.31783e+17	3.09044e+17	3.86305e+17	4.63566e+17	5.40826e+17	6.18084e+17	6.95328e+17	7.70028e+17	4.33738e+17	8.60012e+15	5.8926e+15	5.43794e+15	2.37966e+15	1.50563e+15	3.01126e+15	4.51688e+15	6.02251e+15	7.52814e+15	9.03381e+15	1.05398e+16	1.20476e+16	1.35641e+16	1.64781e+16	2.60123e+17	4.54032e+17	2.26984	1.92285	1.92285	1.92285	1.92285	1.92285	1.92285	1.92285	1.92286	1.92289	1.92298	1.92309	1.77242	3.15519	4.68986	
96087	6.86289e+17	2.79048e+17	1.22112e+17	7.72614e+16	1.54523e+17	2.31784e+17	3.09046e+17	3.86307e+17	4.63568e+17	5.40829e+17	6.18088e+17	6.95333e+17	7.70038e+17	4.34696e+17	8.60012e+15	5.89173e+15	5.43698e+15	2.37923e+15	1.50536e+15	3.01072e+15	4.51608e+15	6.02144e+15	7.52681e+15	9.0322e+15	1.05379e+16	1.20453e+16	1.35607e+16	1.64717e+16	2.59618e+17	4.54032e+17	2.27373	1.92872	1.92872	1.92872	1.92872	1.92872	1.92872	1.92872	1.92873	1.92876	1.92884	1.92895	1.77644	3.14599	4.68986	
96337.4	6.86291e+17	2.7905e+17	1.22113e+17	7.72618e+16	1.54524e+17	2.31786e+17	3.09047e+17	3.86309e+17	4.63571e+17	5.40832e+17	6.18091e+17	6.95338e+17	7.70045e+17	4.35653e+17	8.60012e+15	5.89087e+15	5.43602e+15	2.37881e+15	1.5051e+15	3.01019e+15	4.51529e+15	6.02038e+15	7.52548e+15	9.03061e+15	1.0536e+16	1.2043e+16	1.35574e+16	1.64667e+16	2.59114e+17	4.54032e+17	2.27758	1.93459	1.93459	1.93459	1.93459	1.93459	1.93459	1.93459	1.93459	1.93462	1.9347	1.93479	1.78049	3.13687	4.68986	
96588	6.86293e+17	2.79051e+17	1.22114e+17	7.72623e+16	1.54525e+17	2.31787e+17	3.09049e+17	3.86311e+17	4.63574e+17	5.40835e+17	6.18095e+17	6.95344e+17	7.70051e+17	4.36607e+17	8.60012e+15	5.89e+15	5.43506e+15	2.3784e+15	1.50483e+15	3.00966e+15	4.51449e+15	6.01932e+15	7.52415e+15	9.02902e+15	1.05341e+16	1.20407e+16	1.35541e+16	1.64629e+16	2.5861e+17	4.54032e+17	2.2814	1.94044	1.94044	1.94044	1.94044	1.94044	1.94044	1.94044	1.94045	1.94047	1.94055	1.94063	1.78456	3.12783	4.68986	
96838.2	6.86294e+17	2.79053e+17	1.22114e+17	7.72627e+16	1.54525e+17	2.31788e+17	3.09051e+17	3.86314e+17	4.63576e+17	5.40839e+17	6.18099e+17	6.95349e+17	7.70054e+17	4.37559e+17	8.60012e+15	5.88914e+15	5.43411e+15	2.37798e+15	1.50457e+15	3.00914e+15	4.5137e+15	6.01827e+15	7.52284e+15	9.02743e+15	1.05322e+16	1.20384e+16	1.3551e+16	1.64605e+16	2.58107e+17	4.54032e+17	2.28518	1.94628	1.94628	1.94628	1.94628	1.94628	1.94628	1.94628	1.94628	1.94631	1.94638	1.94646	1.78866	3.11886	4.68986	
97088.8	6.86296e+17	2.79054e+17	1.22115e+17	7.72631e+16	1.54526e+17	2.31789e+17	3.09053e+17	3.86316e+17	4.63579e+17	5.40842e+17	6.18102e+17	6.95354e+17	7.70055e+17	4.38509e+17	8.60012e+15	5.88828e+15	5.43316e+15	2.37757e+15	1.50431e+15	3.00861e+15	4.51292e+15	6.01722e+15	7.52153e+15	9.02586e+15	1.05304e+16	1.20362e+16	1.35479e+16	1.64592e+16	2.57605e+17	4.54032e+17	2.28894	1.95211	1.95211	1.95211	1.95211	1.95211	1.95211	1.95211	1.95211	1.95213	1.9522	1.95227	1.79277	3.10996	4.68986	
97339.2	6.86297e+17	2.79056e+17	1.22116e+17	7.72636e+16	1.54527e+17	2.31791e+17	3.09054e+17	3.86318e+17	4.63581e+17	5.40845e+17	6.18106e+17	6.95359e+17	7.70055e+17	4.39457e+17	8.60012e+15	5.88742e+15	5.43222e+15	2.37715e+15	1.50404e+15	3.00809e+15	4.51213e+15	6.01618e+15	7.52022e+15	9.02429e+15	1.05285e+16	1.2034e+16	1.35449e+16	1.64592e+16	2.57104e+17	4.54032e+17	2.29267	1.95792	1.95792	1.95792	1.95792	1.95792	1.95792	1.95792	1.95793	1.95795	1.95801	1.95807	1.79691	3.10115	4.68986	
97589.7	6.86299e+17	2.79058e+17	1.22116e+17	7.7264e+16	1.54528e+17	2.31792e+17	3.09056e+17	3.8632e+17	4.63584e+17	5.40848e+17	6.1811e+17	6.95363e+17	7.70053e+17	4.40403e+17	8.60012e+15	5.88656e+15	5.43128e+15	2.37674e+15	1.50378e+15	3.00757e+15	4.51135e+15	6.01514e+15	7.51892e+15	9.02273e+15	1.05267e+16	1.20318e+16	1.35419e+16	1.64603e+16	2.56604e+17	4.54032e+17	2.29638	1.96373	1.96373	1.96373	1.96373	1.96373	1.96373	1.96373	1.96373	1.96375	1.9638	1.96386	1.80106	3.0924	4.68986	
97840.1	6.86301e+17	2.79059e+17	1.22117e+17	7.72644e+16	1.54529e+17	2.31793e+17	3.09058e+17	3.86322e+17	4.63586e+17	5.40851e+17	6.18113e+17	6.95368e+17	7.70049e+17	4.41345e+17	8.60012e+15	5.8857e+15	5.43034e+15	2.37633e+15	1.50352e+15	3.00705e+15	4.51057e+15	6.0141e+15	7.51762e+15	9.02117e+15	1.05249e+16	1.20296e+16	1.3539e+16	1.64625e+16	2.56104e+17	4.54032e+17	2.30005	1.96951	1.96951	1.96951	1.96951	1.96951	1.96951	1.96951	1.96951	1.96953	1.96958	1.96964	1.80523	3.08373	4.68986	
98090.7	6.86302e+17	2.79061e+17	1.22118e+17	7.72648e+16	1.5453e+17	2.31794e+17	3.09059e+17	3.86324e+17	4.63589e+17	5.40854e+17	6.18117e+17	6.95373e+17	7.70043e+17	4.42286e+17	8.60012e+15	5.88485e+15	5.42941e+15	2.37592e+15	1.50327e+15	3.00653e+15	4.5098e+15	6.01307e+15	7.51633e+15	9.01962e+15	1.0523e+16	1.20274e+16	1.35361e+16	1.64657e+16	2.55606e+17	4.54032e+17	2.3037	1.97528	1.97528	1.97528	1.97528	1.97528	1.97528	1.97528	1.97529	1.9753	1.97535	1.9754	1.80942	3.07513	4.68986	
98341.3	6.86304e+17	2.79062e+17	1.22118e+17	7.72653e+16	1.54531e+17	2.31796e+17	3.09061e+17	3.86326e+17	4.63591e+17	5.40857e+17	6.1812e+17	6.95377e+17	7.70036e+17	4.43224e+17	8.60012e+15	5.88399e+15	5.42848e+15	2.37552e+15	1.50301e+15	3.00602e+15	4.50903e+15	6.01204e+15	7.51505e+15	9.01808e+15	1.05212e+16	1.20252e+16	1.35333e+16	1.64701e+16	2.55108e+17	4.54032e+17	2.30733	1.98104	1.98104	1.98104	1.98104	1.98104	1.98104	1.98104	1.98104	1.98106	1.9811	1.98115	1.81363	3.06661	4.68986	
98591.7	6.86306e+17	2.79064e+17	1.22119e+17	7.72657e+16	1.54531e+17	2.31797e+17	3.09063e+17	3.86328e+17	4.63594e+17	5.40859e+17	6.18124e+17	6.95382e+17	7.70027e+17	4.44159e+17	8.60012e+15	5.88314e+15	5.42756e+15	2.37511e+15	1.50275e+15	3.00551e+15	4.50826e+15	6.01102e+15	7.51377e+15	9.01654e+15	1.05194e+16	1.20231e+16	1.35305e+16	1.64754e+16	2.54612e+17	4.54032e+17	2.31093	1.98677	1.98677	1.98677	1.98677	1.98677	1.98677	1.98677	1.98678	1.98679	1.98683	1.98687	1.81785	3.05816	4.68986	
98842.3	6.86307e+17	2.79065e+17	1.2212e+17	7.72661e+16	1.54532e+17	2.31798e+17	3.09064e+17	3.8633e+17	4.63597e+17	5.40862e+17	6.18127e+17	6.95386e+17	7.70017e+17	4.45092e+17	8.60012e+15	5.88229e+15	5.42664e+15	2.37471e+15	1.5025e+15	3.005e+15	4.5075e+15	6.01e+15	7.5125e+15	9.01501e+15	1.05176e+16	1.2021e+16	1.35278e+16	1.64817e+16	2.54116e+17	4.54032e+17	2.31452	1.9925	1.9925	1.9925	1.9925	1.9925	1.9925	1.9925	1.9925	1.99251	1.99255	1.99259	1.82209	3.04979	4.68986	
99092.9	6.86309e+17	2.79067e+17	1.2212e+17	7.72665e+16	1.54533e+17	2.318e+17	3.09066e+17	3.86333e+17	4.63599e+17	5.40865e+17	6.18131e+17	6.95391e+17	7.70005e+17	4.46022e+17	8.60012e+15	5.88144e+15	5.42572e+15	2.37431e+15	1.50225e+15	3.00449e+15	4.50674e+15	6.00898e+15	7.51123e+15	9.01349e+15	1.05158e+16	1.20189e+16	1.35251e+16	1.6489e+16	2.53622e+17	4.54032e+17	2.31808	1.9982	1.9982	1.9982	1.9982	1.9982	1.9982	1.9982	1.9982	1.99821	1.99824	1.99828	1.82634	3.04149	4.68986	
99343.5	6.8631e+17	2.79068e+17	1.22121e+17	7.72669e+16	1.54534e+17	2.31801e+17	3.09068e+17	3.86335e+17	4.63601e+17	5.40868e+17	6.18134e+17	6.95395e+17	7.69991e+17	4.4695e+17	8.60012e+15	5.8806e+15	5.42481e+15	2.37391e+15	1.50199e+15	3.00399e+15	4.50598e+15	6.00797e+15	7.50996e+15	9.01197e+15	1.05141e+16	1.20168e+16	1.35225e+16	1.64972e+16	2.53129e+17	4.54032e+17	2.32162	2.00388	2.00388	2.00388	2.00388	2.00388	2.00388	2.00388	2.00388	2.00389	2.00392	2.00396	1.83061	3.03325	4.68986	
99594	6.86312e+17	2.7907e+17	1.22122e+17	7.72673e+16	1.54535e+17	2.31802e+17	3.09069e+17	3.86337e+17	4.63604e+17	5.40871e+17	6.18137e+17	6.95399e+17	7.69976e+17	4.47874e+17	8.60012e+15	5.87975e+15	5.4239e+15	2.37351e+15	1.50174e+15	3.00348e+15	4.50522e+15	6.00696e+15	7.5087e+15	9.01046e+15	1.05123e+16	1.20147e+16	1.35199e+16	1.65062e+16	2.52637e+17	4.54032e+17	2.32514	2.00954	2.00954	2.00954	2.00954	2.00954	2.00954	2.00954	2.00954	2.00955	2.00958	2.00961	1.83488	3.0251	4.68986	
99844.6	6.86314e+17	2.79071e+17	1.22122e+17	7.72677e+16	1.54535e+17	2.31803e+17	3.09071e+17	3.86339e+17	4.63606e+17	5.40874e+17	6.18141e+17	6.95404e+17	7.6996e+17	4.48795e+17	8.60012e+15	5.87891e+15	5.42299e+15	2.37312e+15	1.50149e+15	3.00298e+15	4.50447e+15	6.00596e+15	7.50745e+15	9.00895e+15	1.05105e+16	1.20126e+16	1.35173e+16	1.65162e+16	2.52147e+17	4.54032e+17	2.32865	2.01518	2.01518	2.01518	2.01518	2.01518	2.01518	2.01518	2.01519	2.01519	2.01522	2.01525	1.83917	3.01701	4.68986	
100095	6.86315e+17	2.79073e+17	1.22123e+17	7.72681e+16	1.54536e+17	2.31804e+17	3.09073e+17	3.86341e+17	4.63609e+17	5.40877e+17	6.18144e+17	6.95408e+17	7.69943e+17	4.49714e+17	8.60012e+15	5.87807e+15	5.42209e+15	2.37272e+15	1.50124e+15	3.00248e+15	4.50372e+15	6.00496e+15	7.5062e+15	9.00745e+15	1.05088e+16	1.20106e+16	1.35147e+16	1.6527e+16	2.51657e+17	4.54032e+17	2.33214	2.02081	2.02081	2.02081	2.02081	2.02081	2.02081	2.02081	2.02081	2.02082	2.02084	2.02087	1.84348	3.009	4.68986	
100346	6.86317e+17	2.79074e+17	1.22124e+17	7.72686e+16	1.54537e+17	2.31806e+17	3.09074e+17	3.86343e+17	4.63611e+17	5.4088e+17	6.18147e+17	6.95412e+17	7.69924e+17	4.50629e+17	8.60012e+15	5.87723e+15	5.42119e+15	2.37233e+15	1.50099e+15	3.00198e+15	4.50297e+15	6.00396e+15	7.50495e+15	9.00595e+15	1.0507e+16	1.20085e+16	1.35122e+16	1.65386e+16	2.51169e+17	4.54032e+17	2.3356	2.0264	2.0264	2.0264	2.0264	2.0264	2.0264	2.0264	2.0264	2.02641	2.02643	2.02646	1.84779	3.00106	4.68986	
100597	6.86318e+17	2.79076e+17	1.22124e+17	7.7269e+16	1.54538e+17	2.31807e+17	3.09076e+17	3.86345e+17	4.63614e+17	5.40883e+17	6.18151e+17	6.95416e+17	7.69904e+17	4.51542e+17	8.60012e+15	5.87639e+15	5.42029e+15	2.37193e+15	1.50074e+15	3.00149e+15	4.50223e+15	6.00297e+15	7.50371e+15	9.00446e+15	1.05053e+16	1.20065e+16	1.35097e+16	1.6551e+16	2.50682e+17	4.54032e+17	2.33906	2.03198	2.03198	2.03198	2.03198	2.03198	2.03198	2.03198	2.03198	2.03199	2.03201	2.03203	1.85211	2.99319	4.68986	
100847	6.8632e+17	2.79077e+17	1.22125e+17	7.72694e+16	1.54539e+17	2.31808e+17	3.09077e+17	3.86347e+17	4.63616e+17	5.40885e+17	6.18154e+17	6.9542e+17	7.69882e+17	4.52451e+17	8.60012e+15	5.87556e+15	5.4194e+15	2.37154e+15	1.5005e+15	3.00099e+15	4.50149e+15	6.00198e+15	7.50248e+15	9.00298e+15	1.05035e+16	1.20045e+16	1.35073e+16	1.65642e+16	2.50197e+17	4.54032e+17	2.3425	2.03753	2.03753	2.03753	2.03753	2.03753	2.03753	2.03753	2.03754	2.03754	2.03756	2.03758	1.85644	2.98539	4.68986	
101098	6.86321e+17	2.79078e+17	1.22125e+17	7.72698e+16	1.5454e+17	2.31809e+17	3.09079e+17	3.86349e+17	4.63619e+17	5.40888e+17	6.18157e+17	6.95424e+17	7.6986e+17	4.53357e+17	8.60012e+15	5.87472e+15	5.41851e+15	2.37115e+15	1.50025e+15	3.0005e+15	4.50075e+15	6.001e+15	7.50124e+15	9.0015e+15	1.05018e+16	1.20025e+16	1.35048e+16	1.65781e+16	2.49713e+17	4.54032e+17	2.34592	2.04306	2.04306	2.04306	2.04306	2.04306	2.04306	2.04306	2.04306	2.04307	2.04309	2.04311	1.86078	2.97766	4.68986	
101349	6.86323e+17	2.7908e+17	1.22126e+17	7.72702e+16	1.5454e+17	2.31811e+17	3.09081e+17	3.86351e+17	4.63621e+17	5.40891e+17	6.18161e+17	6.95428e+17	7.69836e+17	4.5426e+17	8.60012e+15	5.87389e+15	5.41763e+15	2.37077e+15	1.5e+15	3.00001e+15	4.50001e+15	6.00001e+15	7.50002e+15	9.00003e+15	1.05001e+16	1.20005e+16	1.35024e+16	1.65927e+16	2.4923e+17	4.54032e+17	2.34933	2.04857	2.04857	2.04857	2.04857	2.04857	2.04857	2.04857	2.04857	2.04857	2.04859	2.04861	1.86513	2.97	4.68986	
101599	6.86325e+17	2.79081e+17	1.22127e+17	7.72706e+16	1.54541e+17	2.31812e+17	3.09082e+17	3.86353e+17	4.63623e+17	5.40894e+17	6.18164e+17	6.95432e+17	7.69812e+17	4.5516e+17	8.60012e+15	5.87306e+15	5.41674e+15	2.37038e+15	1.49976e+15	2.99952e+15	4.49928e+15	5.99904e+15	7.49879e+15	8.99856e+15	1.04984e+16	1.19985e+16	1.35e+16	1.6608e+16	2.48749e+17	4.54032e+17	2.35273	2.05405	2.05405	2.05405	2.05405	2.05405	2.05405	2.05405	2.05405	2.05405	2.05407	2.05408	1.86949	2.96241	4.68986	
101850	6.86326e+17	2.79083e+17	1.22127e+17	7.7271e+16	1.54542e+17	2.31813e+17	3.09084e+17	3.86355e+17	4.63626e+17	5.40897e+17	6.18167e+17	6.95436e+17	7.69786e+17	4.56056e+17	8.60012e+15	5.87224e+15	5.41586e+15	2.36999e+15	1.49951e+15	2.99903e+15	4.49854e+15	5.99806e+15	7.49757e+15	8.9971e+15	1.04967e+16	1.19965e+16	1.34977e+16	1.6624e+16	2.48269e+17	4.54032e+17	2.35612	2.0595	2.0595	2.0595	2.0595	2.0595	2.0595	2.0595	2.0595	2.05951	2.05952	2.05954	1.87386	2.95489	4.68986	
102101	6.86328e+17	2.79084e+17	1.22128e+17	7.72714e+16	1.54543e+17	2.31814e+17	3.09085e+17	3.86357e+17	4.63628e+17	5.409e+17	6.1817e+17	6.95439e+17	7.69759e+17	4.56949e+17	8.60012e+15	5.87141e+15	5.41498e+15	2.36961e+15	1.49927e+15	2.99854e+15	4.49782e+15	5.99709e+15	7.49636e+15	8.99564e+15	1.0495e+16	1.19945e+16	1.34953e+16	1.66407e+16	2.47791e+17	4.54032e+17	2.35949	2.06493	2.06493	2.06493	2.06493	2.06493	2.06493	2.06493	2.06493	2.06493	2.06494	2.06496	1.87822	2.94744	4.68986	
102352	6.86329e+17	2.79086e+17	1.22129e+17	7.72718e+16	1.54544e+17	2.31815e+17	3.09087e+17	3.86359e+17	4.63631e+17	5.40902e+17	6.18174e+17	6.95443e+17	7.69731e+17	4.57839e+17	8.60012e+15	5.87059e+15	5.41411e+15	2.36923e+15	1.49903e+15	2.99806e+15	4.49709e+15	5.99612e+15	7.49515e+15	8.99418e+15	1.04933e+16	1.19926e+16	1.3493e+16	1.6658e+16	2.47315e+17	4.54032e+17	2.36285	2.07033	2.07033	2.07033	2.07033	2.07033	2.07033	2.07033	2.07033	2.07033	2.07034	2.07036	1.8826	2.94005	4.68986	
102602	6.86331e+17	2.79087e+17	1.22129e+17	7.72722e+16	1.54544e+17	2.31816e+17	3.09089e+17	3.86361e+17	4.63633e+17	5.40905e+17	6.18177e+17	6.95447e+17	7.69702e+17	4.58725e+17	8.60012e+15	5.86977e+15	5.41324e+15	2.36885e+15	1.49879e+15	2.99758e+15	4.49637e+15	5.99515e+15	7.49394e+15	8.99274e+15	1.04916e+16	1.19906e+16	1.34907e+16	1.6676e+16	2.46839e+17	4.54032e+17	2.3662	2.0757	2.0757	2.0757	2.0757	2.0757	2.0757	2.0757	2.0757	2.0757	2.07571	2.07573	1.88698	2.93274	4.68986	
102853	6.86332e+17	2.79088e+17	1.2213e+17	7.72726e+16	1.54545e+17	2.31818e+17	3.0909e+17	3.86363e+17	4.63635e+17	5.40908e+17	6.1818e+17	6.95451e+17	7.69673e+17	4.59607e+17	8.60012e+15	5.86895e+15	5.41237e+15	2.36847e+15	1.49855e+15	2.9971e+15	4.49564e+15	5.99419e+15	7.49274e+15	8.99129e+15	1.04899e+16	1.19887e+16	1.34884e+16	1.66945e+16	2.46366e+17	4.54032e+17	2.36953	2.08104	2.08104	2.08104	2.08104	2.08104	2.08104	2.08104	2.08104	2.08105	2.08106	2.08107	1.89137	2.92549	4.68986	
103104	6.86334e+17	2.7909e+17	1.2213e+17	7.72729e+16	1.54546e+17	2.31819e+17	3.09092e+17	3.86365e+17	4.63638e+17	5.40911e+17	6.18183e+17	6.95454e+17	7.69642e+17	4.60486e+17	8.60012e+15	5.86813e+15	5.4115e+15	2.36809e+15	1.49831e+15	2.99662e+15	4.49492e+15	5.99323e+15	7.49154e+15	8.98985e+15	1.04882e+16	1.19867e+16	1.34861e+16	1.67136e+16	2.45894e+17	4.54032e+17	2.37286	2.08636	2.08636	2.08636	2.08636	2.08636	2.08636	2.08636	2.08636	2.08636	2.08637	2.08638	1.89576	2.91831	4.68986	
103355	6.86335e+17	2.79091e+17	1.22131e+17	7.72733e+16	1.54547e+17	2.3182e+17	3.09093e+17	3.86367e+17	4.6364e+17	5.40913e+17	6.18186e+17	6.95458e+17	7.6961e+17	4.61361e+17	8.60012e+15	5.86732e+15	5.41064e+15	2.36771e+15	1.49807e+15	2.99614e+15	4.49421e+15	5.99228e+15	7.49034e+15	8.98842e+15	1.04865e+16	1.19848e+16	1.34839e+16	1.67333e+16	2.45424e+17	4.54032e+17	2.37618	2.09164	2.09164	2.09164	2.09164	2.09164	2.09164	2.09164	2.09164	2.09165	2.09166	2.09166	1.90016	2.9112	4.68986	
103606	6.86337e+17	2.79093e+17	1.22132e+17	7.72737e+16	1.54547e+17	2.31821e+17	3.09095e+17	3.86369e+17	4.63642e+17	5.40916e+17	6.18189e+17	6.95462e+17	7.69578e+17	4.62233e+17	8.60012e+15	5.86651e+15	5.40978e+15	2.36733e+15	1.49783e+15	2.99566e+15	4.49349e+15	5.99132e+15	7.48915e+15	8.98699e+15	1.04848e+16	1.19829e+16	1.34816e+16	1.67536e+16	2.44955e+17	4.54032e+17	2.37949	2.0969	2.0969	2.0969	2.0969	2.0969	2.0969	2.0969	2.0969	2.09691	2.09691	2.09692	1.90456	2.90415	4.68986	
103856	6.86339e+17	2.79094e+17	1.22132e+17	7.72741e+16	1.54548e+17	2.31822e+17	3.09096e+17	3.86371e+17	4.63645e+17	5.40919e+17	6.18193e+17	6.95465e+17	7.69544e+17	4.63101e+17	8.60012e+15	5.8657e+15	5.40892e+15	2.36696e+15	1.49759e+15	2.99519e+15	4.49278e+15	5.99037e+15	7.48797e+15	8.98556e+15	1.04832e+16	1.19809e+16	1.34794e+16	1.67744e+16	2.44489e+17	4.54032e+17	2.38278	2.10213	2.10213	2.10213	2.10213	2.10213	2.10213	2.10213	2.10213	2.10213	2.10214	2.10214	1.90896	2.89718	4.68986	
104107	6.8634e+17	2.79096e+17	1.22133e+17	7.72745e+16	1.54549e+17	2.31824e+17	3.09098e+17	3.86373e+17	4.63647e+17	5.40921e+17	6.18196e+17	6.95469e+17	7.6951e+17	4.63966e+17	8.60012e+15	5.86489e+15	5.40806e+15	2.36658e+15	1.49736e+15	2.99471e+15	4.49207e+15	5.98942e+15	7.48678e+15	8.98414e+15	1.04815e+16	1.1979e+16	1.34772e+16	1.67957e+16	2.44023e+17	4.54032e+17	2.38607	2.10732	2.10732	2.10732	2.10732	2.10732	2.10732	2.10732	2.10732	2.10733	2.10733	2.10734	1.91336	2.89026	4.68986	
104358	6.86342e+17	2.79097e+17	1.22134e+17	7.72749e+16	1.5455e+17	2.31825e+17	3.091e+17	3.86374e+17	4.63649e+17	5.40924e+17	6.18199e+17	6.95473e+17	7.69475e+17	4.64826e+17	8.60012e+15	5.86408e+15	5.40721e+15	2.36621e+15	1.49712e+15	2.99424e+15	4.49136e+15	5.98848e+15	7.4856e+15	8.98272e+15	1.04799e+16	1.19771e+16	1.3475e+16	1.68176e+16	2.4356e+17	4.54032e+17	2.38935	2.11249	2.11249	2.11249	2.11249	2.11249	2.11249	2.11249	2.11249	2.11249	2.1125	2.1125	1.91777	2.88341	4.68986	
104609	6.86343e+17	2.79098e+17	1.22134e+17	7.72753e+16	1.54551e+17	2.31826e+17	3.09101e+17	3.86376e+17	4.63652e+17	5.40927e+17	6.18202e+17	6.95476e+17	7.69439e+17	4.65683e+17	8.60012e+15	5.86328e+15	5.40636e+15	2.36584e+15	1.49688e+15	2.99377e+15	4.49065e+15	5.98754e+15	7.48442e+15	8.98131e+15	1.04782e+16	1.19752e+16	1.34728e+16	1.68399e+16	2.43098e+17	4.54032e+17	2.39262	2.11762	2.11762	2.11762	2.11762	2.11762	2.11762	2.11762	2.11762	2.11763	2.11763	2.11764	1.92218	2.87663	4.68986	
104860	6.86345e+17	2.791e+17	1.22135e+17	7.72757e+16	1.54551e+17	2.31827e+17	3.09103e+17	3.86378e+17	4.63654e+17	5.4093e+17	6.18205e+17	6.9548e+17	7.69403e+17	4.66536e+17	8.60012e+15	5.86248e+15	5.40551e+15	2.36547e+15	1.49665e+15	2.9933e+15	4.48995e+15	5.9866e+15	7.48325e+15	8.9799e+15	1.04766e+16	1.19733e+16	1.34706e+16	1.68627e+16	2.42638e+17	4.54032e+17	2.39588	2.12273	2.12273	2.12273	2.12273	2.12273	2.12273	2.12273	2.12273	2.12273	2.12273	2.12274	1.92658	2.86991	4.68986	
105111	6.86346e+17	2.79101e+17	1.22135e+17	7.7276e+16	1.54552e+17	2.31828e+17	3.09104e+17	3.8638e+17	4.63656e+17	5.40932e+17	6.18208e+17	6.95483e+17	7.69366e+17	4.67386e+17	8.60012e+15	5.86168e+15	5.40467e+15	2.3651e+15	1.49642e+15	2.99283e+15	4.48925e+15	5.98566e+15	7.48208e+15	8.97849e+15	1.04749e+16	1.19715e+16	1.34684e+16	1.6886e+16	2.4218e+17	4.54032e+17	2.39914	2.1278	2.1278	2.1278	2.1278	2.1278	2.1278	2.1278	2.1278	2.1278	2.1278	2.12781	1.93099	2.86325	4.68986	
105362	6.86348e+17	2.79102e+17	1.22136e+17	7.72764e+16	1.54553e+17	2.31829e+17	3.09106e+17	3.86382e+17	4.63659e+17	5.40935e+17	6.18211e+17	6.95487e+17	7.69328e+17	4.68231e+17	8.60012e+15	5.86088e+15	5.40382e+15	2.36473e+15	1.49618e+15	2.99236e+15	4.48855e+15	5.98473e+15	7.48091e+15	8.97709e+15	1.04733e+16	1.19696e+16	1.34663e+16	1.69097e+16	2.41724e+17	4.54032e+17	2.40239	2.13284	2.13284	2.13284	2.13284	2.13284	2.13284	2.13284	2.13284	2.13284	2.13285	2.13285	1.9354	2.85665	4.68986	
105613	6.86349e+17	2.79104e+17	1.22137e+17	7.72768e+16	1.54554e+17	2.3183e+17	3.09107e+17	3.86384e+17	4.63661e+17	5.40938e+17	6.18214e+17	6.9549e+17	7.69289e+17	4.69073e+17	8.60013e+15	5.86009e+15	5.40298e+15	2.36436e+15	1.49595e+15	2.9919e+15	4.48785e+15	5.9838e+15	7.47975e+15	8.9757e+15	1.04717e+16	1.19677e+16	1.34641e+16	1.69339e+16	2.41269e+17	4.54032e+17	2.40563	2.13784	2.13784	2.13784	2.13784	2.13784	2.13784	2.13784	2.13784	2.13785	2.13785	2.13785	1.93981	2.85013	4.68986	
105864	6.86351e+17	2.79105e+17	1.22137e+17	7.72772e+16	1.54554e+17	2.31832e+17	3.09109e+17	3.86386e+17	4.63663e+17	5.4094e+17	6.18217e+17	6.95494e+17	7.6925e+17	4.69911e+17	8.60013e+15	5.85929e+15	5.40214e+15	2.36399e+15	1.49572e+15	2.99143e+15	4.48715e+15	5.98287e+15	7.47858e+15	8.9743e+15	1.047e+16	1.19658e+16	1.3462e+16	1.69585e+16	2.40817e+17	4.54032e+17	2.40886	2.14282	2.14282	2.14282	2.14282	2.14282	2.14282	2.14282	2.14282	2.14282	2.14283	2.14283	1.94422	2.84366	4.68986	
106115	6.86352e+17	2.79107e+17	1.22138e+17	7.72776e+16	1.54555e+17	2.31833e+17	3.0911e+17	3.86388e+17	4.63665e+17	5.40943e+17	6.1822e+17	6.95497e+17	7.69209e+17	4.70744e+17	8.60013e+15	5.8585e+15	5.40131e+15	2.36363e+15	1.49549e+15	2.99097e+15	4.48646e+15	5.98194e+15	7.47743e+15	8.97291e+15	1.04684e+16	1.1964e+16	1.34599e+16	1.69836e+16	2.40366e+17	4.54032e+17	2.41208	2.14776	2.14776	2.14776	2.14776	2.14776	2.14776	2.14776	2.14776	2.14776	2.14777	2.14777	1.94862	2.83725	4.68986	
106366	6.86354e+17	2.79108e+17	1.22138e+17	7.72779e+16	1.54556e+17	2.31834e+17	3.09112e+17	3.8639e+17	4.63668e+17	5.40946e+17	6.18223e+17	6.95501e+17	7.69169e+17	4.71574e+17	8.60013e+15	5.85772e+15	5.40047e+15	2.36326e+15	1.49525e+15	2.99051e+15	4.48576e+15	5.98102e+15	7.47627e+15	8.97153e+15	1.04668e+16	1.19621e+16	1.34577e+16	1.7009e+16	2.39917e+17	4.54032e+17	2.4153	2.15267	2.15267	2.15267	2.15267	2.15267	2.15267	2.15267	2.15267	2.15267	2.15268	2.15268	1.95303	2.83091	4.68986	
106617	6.86355e+17	2.79109e+17	1.22139e+17	7.72783e+16	1.54557e+17	2.31835e+17	3.09113e+17	3.86392e+17	4.6367e+17	5.40948e+17	6.18226e+17	6.95504e+17	7.69128e+17	4.724e+17	8.60013e+15	5.85693e+15	5.39964e+15	2.3629e+15	1.49502e+15	2.99005e+15	4.48507e+15	5.98009e+15	7.47512e+15	8.97014e+15	1.04652e+16	1.19603e+16	1.34556e+16	1.70348e+16	2.3947e+17	4.54032e+17	2.41851	2.15755	2.15755	2.15755	2.15755	2.15755	2.15755	2.15755	2.15755	2.15755	2.15755	2.15756	1.95743	2.82463	4.68986	
106868	6.86357e+17	2.79111e+17	1.2214e+17	7.72787e+16	1.54557e+17	2.31836e+17	3.09115e+17	3.86393e+17	4.63672e+17	5.40951e+17	6.18229e+17	6.95508e+17	7.69086e+17	4.73222e+17	8.60013e+15	5.85615e+15	5.39881e+15	2.36253e+15	1.49479e+15	2.98959e+15	4.48438e+15	5.97918e+15	7.47397e+15	8.96876e+15	1.04636e+16	1.19584e+16	1.34535e+16	1.70611e+16	2.39025e+17	4.54032e+17	2.42172	2.16239	2.16239	2.16239	2.16239	2.16239	2.16239	2.16239	2.16239	2.16239	2.1624	2.1624	1.96183	2.8184	4.68986	
107119	6.86358e+17	2.79112e+17	1.2214e+17	7.72791e+16	1.54558e+17	2.31837e+17	3.09116e+17	3.86395e+17	4.63674e+17	5.40953e+17	6.18232e+17	6.95511e+17	7.69043e+17	4.7404e+17	8.60013e+15	5.85536e+15	5.39798e+15	2.36217e+15	1.49456e+15	2.98913e+15	4.48369e+15	5.97826e+15	7.47282e+15	8.96739e+15	1.0462e+16	1.19566e+16	1.34514e+16	1.70877e+16	2.38582e+17	4.54032e+17	2.42492	2.16721	2.16721	2.16721	2.16721	2.16721	2.16721	2.16721	2.16721	2.16721	2.16721	2.16721	1.96622	2.81224	4.68986	
107370	6.8636e+17	2.79113e+17	1.22141e+17	7.72794e+16	1.54559e+17	2.31838e+17	3.09118e+17	3.86397e+17	4.63677e+17	5.40956e+17	6.18235e+17	6.95514e+17	7.69e+17	4.74853e+17	8.60013e+15	5.85459e+15	5.39716e+15	2.36181e+15	1.49434e+15	2.98867e+15	4.48301e+15	5.97734e+15	7.47168e+15	8.96602e+15	1.04604e+16	1.19547e+16	1.34494e+16	1.71146e+16	2.38141e+17	4.54032e+17	2.4281	2.17198	2.17198	2.17198	2.17198	2.17198	2.17198	2.17198	2.17198	2.17198	2.17199	2.17199	1.97061	2.80614	4.68986	
107621	6.86361e+17	2.79115e+17	1.22141e+17	7.72798e+16	1.5456e+17	2.31839e+17	3.09119e+17	3.86399e+17	4.63679e+17	5.40959e+17	6.18238e+17	6.95518e+17	7.68956e+17	4.75663e+17	8.60013e+15	5.85381e+15	5.39633e+15	2.36145e+15	1.49411e+15	2.98822e+15	4.48232e+15	5.97643e+15	7.47054e+15	8.96465e+15	1.04588e+16	1.19529e+16	1.34473e+16	1.71419e+16	2.37702e+17	4.54033e+17	2.43129	2.17673	2.17673	2.17673	2.17673	2.17673	2.17673	2.17673	2.17673	2.17673	2.17673	2.17673	1.975	2.80009	4.68986	
107872	6.86363e+17	2.79116e+17	1.22142e+17	7.72802e+16	1.5456e+17	2.31841e+17	3.09121e+17	3.86401e+17	4.63681e+17	5.40961e+17	6.18241e+17	6.95521e+17	7.68912e+17	4.76469e+17	8.60013e+15	5.85303e+15	5.39551e+15	2.36109e+15	1.49388e+15	2.98776e+15	4.48164e+15	5.97552e+15	7.4694e+15	8.96328e+15	1.04572e+16	1.19511e+16	1.34452e+16	1.71696e+16	2.37265e+17	4.54033e+17	2.43447	2.18144	2.18144	2.18144	2.18144	2.18144	2.18144	2.18144	2.18144	2.18144	2.18144	2.18145	1.97939	2.79411	4.68986	
108123	6.86364e+17	2.79117e+17	1.22143e+17	7.72806e+16	1.54561e+17	2.31842e+17	3.09122e+17	3.86403e+17	4.63683e+17	5.40964e+17	6.18244e+17	6.95525e+17	7.68867e+17	4.7727e+17	8.60013e+15	5.85226e+15	5.39469e+15	2.36073e+15	1.49365e+15	2.98731e+15	4.48096e+15	5.97461e+15	7.46827e+15	8.96192e+15	1.04556e+16	1.19493e+16	1.34431e+16	1.71975e+16	2.36829e+17	4.54033e+17	2.43764	2.18612	2.18612	2.18612	2.18612	2.18612	2.18612	2.18612	2.18612	2.18612	2.18612	2.18613	1.98377	2.78818	4.68986	
108374	6.86365e+17	2.79119e+17	1.22143e+17	7.72809e+16	1.54562e+17	2.31843e+17	3.09124e+17	3.86405e+17	4.63686e+17	5.40967e+17	6.18247e+17	6.95528e+17	7.68822e+17	4.78068e+17	8.60013e+15	5.85149e+15	5.39387e+15	2.36037e+15	1.49343e+15	2.98685e+15	4.48028e+15	5.97371e+15	7.46713e+15	8.96056e+15	1.0454e+16	1.19475e+16	1.34411e+16	1.72258e+16	2.36396e+17	4.54033e+17	2.44081	2.19077	2.19077	2.19077	2.19077	2.19077	2.19077	2.19077	2.19077	2.19077	2.19077	2.19077	1.98814	2.78232	4.68986	
108625	6.86367e+17	2.7912e+17	1.22144e+17	7.72813e+16	1.54563e+17	2.31844e+17	3.09125e+17	3.86407e+17	4.63688e+17	5.40969e+17	6.1825e+17	6.95531e+17	7.68777e+17	4.78861e+17	8.60013e+15	5.85072e+15	5.39306e+15	2.36002e+15	1.4932e+15	2.9864e+15	4.4796e+15	5.9728e+15	7.466e+15	8.95921e+15	1.04524e+16	1.19456e+16	1.3439e+16	1.72544e+16	2.35965e+17	4.54033e+17	2.44397	2.19538	2.19538	2.19538	2.19538	2.19538	2.19538	2.19538	2.19538	2.19538	2.19538	2.19539	1.99251	2.7765	4.68986	
108877	6.86368e+17	2.79121e+17	1.22144e+17	7.72817e+16	1.54563e+17	2.31845e+17	3.09127e+17	3.86408e+17	4.6369e+17	5.40972e+17	6.18253e+17	6.95535e+17	7.6873e+17	4.79651e+17	8.60013e+15	5.84996e+15	5.39224e+15	2.35966e+15	1.49298e+15	2.98595e+15	4.47893e+15	5.9719e+15	7.46488e+15	8.95785e+15	1.04508e+16	1.19438e+16	1.3437e+16	1.72834e+16	2.35535e+17	4.54033e+17	2.44712	2.19997	2.19997	2.19997	2.19997	2.19997	2.19997	2.19997	2.19997	2.19997	2.19997	2.19997	1.99688	2.77074	4.68986	
109128	6.8637e+17	2.79123e+17	1.22145e+17	7.7282e+16	1.54564e+17	2.31846e+17	3.09128e+17	3.8641e+17	4.63692e+17	5.40974e+17	6.18256e+17	6.95538e+17	7.68684e+17	4.80436e+17	8.60013e+15	5.84919e+15	5.39143e+15	2.3593e+15	1.49275e+15	2.9855e+15	4.47825e+15	5.971e+15	7.46375e+15	8.9565e+15	1.04493e+16	1.1942e+16	1.34349e+16	1.73126e+16	2.35109e+17	4.54033e+17	2.45027	2.20451	2.20451	2.20451	2.20451	2.20451	2.20451	2.20451	2.20451	2.20451	2.20451	2.20452	2.00123	2.76505	4.68986	
109379	6.86371e+17	2.79124e+17	1.22145e+17	7.72824e+16	1.54565e+17	2.31847e+17	3.0913e+17	3.86412e+17	4.63694e+17	5.40977e+17	6.18259e+17	6.95541e+17	7.68637e+17	4.81217e+17	8.60013e+15	5.84843e+15	5.39062e+15	2.35895e+15	1.49253e+15	2.98505e+15	4.47758e+15	5.97011e+15	7.46263e+15	8.95516e+15	1.04477e+16	1.19402e+16	1.34329e+16	1.7342e+16	2.34683e+17	4.54033e+17	2.45341	2.20903	2.20903	2.20903	2.20903	2.20903	2.20903	2.20903	2.20903	2.20903	2.20903	2.20904	2.00558	2.7594	4.68986	
109630	6.86373e+17	2.79125e+17	1.22146e+17	7.72828e+16	1.54566e+17	2.31848e+17	3.09131e+17	3.86414e+17	4.63697e+17	5.40979e+17	6.18262e+17	6.95545e+17	7.68589e+17	4.81994e+17	8.60013e+15	5.84767e+15	5.38981e+15	2.3586e+15	1.4923e+15	2.98461e+15	4.47691e+15	5.96921e+15	7.46151e+15	8.95382e+15	1.04461e+16	1.19384e+16	1.34309e+16	1.73718e+16	2.3426e+17	4.54033e+17	2.45655	2.21352	2.21352	2.21352	2.21352	2.21352	2.21352	2.21352	2.21352	2.21352	2.21352	2.21352	2.00993	2.75381	4.68986	
109881	6.86374e+17	2.79127e+17	1.22147e+17	7.72831e+16	1.54566e+17	2.31849e+17	3.09133e+17	3.86416e+17	4.63699e+17	5.40982e+17	6.18265e+17	6.95548e+17	7.68541e+17	4.82767e+17	8.60013e+15	5.84691e+15	5.389e+15	2.35824e+15	1.49208e+15	2.98416e+15	4.47624e+15	5.96832e+15	7.4604e+15	8.95248e+15	1.04446e+16	1.19367e+16	1.34289e+16	1.74018e+16	2.33839e+17	4.54033e+17	2.45968	2.21797	2.21797	2.21797	2.21797	2.21797	2.21797	2.21797	2.21797	2.21797	2.21797	2.21797	2.01426	2.74828	4.68986	
110132	6.86376e+17	2.79128e+17	1.22147e+17	7.72835e+16	1.54567e+17	2.31851e+17	3.09134e+17	3.86418e+17	4.63701e+17	5.40985e+17	6.18268e+17	6.95551e+17	7.68493e+17	4.83535e+17	8.60013e+15	5.84616e+15	5.3882e+15	2.35789e+15	1.49186e+15	2.98371e+15	4.47557e+15	5.96743e+15	7.45928e+15	8.95114e+15	1.0443e+16	1.19349e+16	1.34268e+16	1.7432e+16	2.3342e+17	4.54033e+17	2.46281	2.22239	2.22239	2.22239	2.22239	2.22239	2.22239	2.22239	2.22239	2.22239	2.22239	2.2224	2.01859	2.7428	4.68986	
110384	6.86377e+17	2.79129e+17	1.22148e+17	7.72839e+16	1.54568e+17	2.31852e+17	3.09135e+17	3.86419e+17	4.63703e+17	5.40987e+17	6.18271e+17	6.95555e+17	7.68444e+17	4.843e+17	8.60013e+15	5.84541e+15	5.3874e+15	2.35754e+15	1.49163e+15	2.98327e+15	4.4749e+15	5.96654e+15	7.45817e+15	8.94981e+15	1.04414e+16	1.19331e+16	1.34248e+16	1.74625e+16	2.33003e+17	4.54033e+17	2.46593	2.22679	2.22679	2.22679	2.22679	2.22679	2.22679	2.22679	2.22679	2.22679	2.22679	2.22679	2.02291	2.73737	4.68986	
110635	6.86378e+17	2.79131e+17	1.22148e+17	7.72842e+16	1.54568e+17	2.31853e+17	3.09137e+17	3.86421e+17	4.63705e+17	5.4099e+17	6.18274e+17	6.95558e+17	7.68395e+17	4.85061e+17	8.60013e+15	5.84466e+15	5.3866e+15	2.35719e+15	1.49141e+15	2.98282e+15	4.47424e+15	5.96565e+15	7.45706e+15	8.94847e+15	1.04399e+16	1.19313e+16	1.34228e+16	1.74933e+16	2.32588e+17	4.54033e+17	2.46905	2.23115	2.23115	2.23115	2.23115	2.23115	2.23115	2.23115	2.23115	2.23115	2.23115	2.23115	2.02723	2.732	4.68986	
110886	6.8638e+17	2.79132e+17	1.22149e+17	7.72846e+16	1.54569e+17	2.31854e+17	3.09138e+17	3.86423e+17	4.63708e+17	5.40992e+17	6.18277e+17	6.95561e+17	7.68346e+17	4.85816e+17	8.60013e+15	5.84391e+15	5.3858e+15	2.35684e+15	1.49119e+15	2.98238e+15	4.47357e+15	5.96476e+15	7.45596e+15	8.94715e+15	1.04383e+16	1.19295e+16	1.34208e+16	1.75242e+16	2.32175e+17	4.54033e+17	2.47216	2.23548	2.23548	2.23548	2.23548	2.23548	2.23548	2.23548	2.23548	2.23548	2.23548	2.23548	2.03153	2.72668	4.68986	
111137	6.86381e+17	2.79133e+17	1.22149e+17	7.7285e+16	1.5457e+17	2.31855e+17	3.0914e+17	3.86425e+17	4.6371e+17	5.40995e+17	6.1828e+17	6.95564e+17	7.68296e+17	4.86569e+17	8.60013e+15	5.84316e+15	5.385e+15	2.35649e+15	1.49097e+15	2.98194e+15	4.47291e+15	5.96388e+15	7.45485e+15	8.94582e+15	1.04368e+16	1.19278e+16	1.34188e+16	1.75554e+16	2.31764e+17	4.54033e+17	2.47526	2.23978	2.23978	2.23978	2.23978	2.23978	2.23978	2.23978	2.23978	2.23978	2.23978	2.23978	2.03583	2.72141	4.68986	
111389	6.86383e+17	2.79135e+17	1.2215e+17	7.72853e+16	1.54571e+17	2.31856e+17	3.09141e+17	3.86427e+17	4.63712e+17	5.40997e+17	6.18282e+17	6.95568e+17	7.68246e+17	4.87316e+17	8.60013e+15	5.84242e+15	5.3842e+15	2.35614e+15	1.49075e+15	2.9815e+15	4.47225e+15	5.963e+15	7.45375e+15	8.9445e+15	1.04353e+16	1.1926e+16	1.34168e+16	1.75868e+16	2.31356e+17	4.54033e+17	2.47836	2.24405	2.24405	2.24405	2.24405	2.24405	2.24405	2.24405	2.24405	2.24405	2.24405	2.24405	2.04011	2.71619	4.68986	
111640	6.86384e+17	2.79136e+17	1.22151e+17	7.72857e+16	1.54571e+17	2.31857e+17	3.09143e+17	3.86428e+17	4.63714e+17	5.41e+17	6.18285e+17	6.95571e+17	7.68196e+17	4.8806e+17	8.60013e+15	5.84167e+15	5.38341e+15	2.35579e+15	1.49053e+15	2.98106e+15	4.47159e+15	5.96212e+15	7.45265e+15	8.94318e+15	1.04337e+16	1.19243e+16	1.34148e+16	1.76183e+16	2.30949e+17	4.54033e+17	2.48146	2.24829	2.24829	2.24829	2.24829	2.24829	2.24829	2.24829	2.24829	2.24829	2.24829	2.24829	2.04439	2.71103	4.68986	
111891	6.86385e+17	2.79137e+17	1.22151e+17	7.7286e+16	1.54572e+17	2.31858e+17	3.09144e+17	3.8643e+17	4.63716e+17	5.41002e+17	6.18288e+17	6.95574e+17	7.68145e+17	4.888e+17	8.60013e+15	5.84094e+15	5.38262e+15	2.35545e+15	1.49031e+15	2.98062e+15	4.47093e+15	5.96124e+15	7.45156e+15	8.94187e+15	1.04322e+16	1.19225e+16	1.34129e+16	1.765e+16	2.30545e+17	4.54033e+17	2.48454	2.2525	2.2525	2.2525	2.2525	2.2525	2.2525	2.2525	2.2525	2.2525	2.2525	2.2525	2.04866	2.70591	4.68986	
112143	6.86387e+17	2.79138e+17	1.22152e+17	7.72864e+16	1.54573e+17	2.31859e+17	3.09146e+17	3.86432e+17	4.63718e+17	5.41005e+17	6.18291e+17	6.95577e+17	7.68094e+17	4.89535e+17	8.60013e+15	5.8402e+15	5.38183e+15	2.3551e+15	1.49009e+15	2.98018e+15	4.47028e+15	5.96037e+15	7.45046e+15	8.94055e+15	1.04306e+16	1.19207e+16	1.34109e+16	1.7682e+16	2.30142e+17	4.54033e+17	2.48763	2.25668	2.25668	2.25668	2.25668	2.25668	2.25668	2.25668	2.25668	2.25668	2.25668	2.25668	2.05291	2.70085	4.68986	
112394	6.86388e+17	2.7914e+17	1.22152e+17	7.72867e+16	1.54573e+17	2.3186e+17	3.09147e+17	3.86434e+17	4.6372e+17	5.41007e+17	6.18294e+17	6.95581e+17	7.68043e+17	4.90267e+17	8.60013e+15	5.83946e+15	5.38104e+15	2.35476e+15	1.48987e+15	2.97975e+15	4.46962e+15	5.95949e+15	7.44937e+15	8.93924e+15	1.04291e+16	1.1919e+16	1.34089e+16	1.7714e+16	2.29742e+17	4.54033e+17	2.49071	2.26084	2.26084	2.26084	2.26084	2.26084	2.26084	2.26084	2.26084	2.26084	2.26084	2.26084	2.05716	2.69583	4.68986	
112645	6.8639e+17	2.79141e+17	1.22153e+17	7.72871e+16	1.54574e+17	2.31861e+17	3.09148e+17	3.86436e+17	4.63723e+17	5.4101e+17	6.18297e+17	6.95584e+17	7.67991e+17	4.90994e+17	8.60013e+15	5.83873e+15	5.38025e+15	2.35441e+15	1.48966e+15	2.97931e+15	4.46897e+15	5.95862e+15	7.44828e+15	8.93794e+15	1.04276e+16	1.19173e+16	1.3407e+16	1.77463e+16	2.29344e+17	4.54033e+17	2.49378	2.26496	2.26496	2.26496	2.26496	2.26496	2.26496	2.26496	2.26496	2.26496	2.26496	2.26496	2.0614	2.69086	4.68986	
112897	6.86391e+17	2.79142e+17	1.22153e+17	7.72875e+16	1.54575e+17	2.31862e+17	3.0915e+17	3.86437e+17	4.63725e+17	5.41012e+17	6.183e+17	6.95587e+17	7.6794e+17	4.91717e+17	8.60013e+15	5.838e+15	5.37947e+15	2.35407e+15	1.48944e+15	2.97888e+15	4.46832e+15	5.95775e+15	7.44719e+15	8.93663e+15	1.04261e+16	1.19155e+16	1.3405e+16	1.77786e+16	2.28947e+17	4.54033e+17	2.49685	2.26906	2.26906	2.26906	2.26906	2.26906	2.26906	2.26906	2.26906	2.26906	2.26906	2.26906	2.06563	2.68594	4.68986	
113148	6.86392e+17	2.79144e+17	1.22154e+17	7.72878e+16	1.54576e+17	2.31863e+17	3.09151e+17	3.86439e+17	4.63727e+17	5.41015e+17	6.18302e+17	6.9559e+17	7.67888e+17	4.92436e+17	8.60013e+15	5.83727e+15	5.37868e+15	2.35373e+15	1.48922e+15	2.97844e+15	4.46767e+15	5.95689e+15	7.44611e+15	8.93533e+15	1.04246e+16	1.19138e+16	1.3403e+16	1.78111e+16	2.28553e+17	4.54033e+17	2.49992	2.27313	2.27313	2.27313	2.27313	2.27313	2.27313	2.27313	2.27313	2.27313	2.27313	2.27313	2.06984	2.68107	4.68986	
113399	6.86394e+17	2.79145e+17	1.22155e+17	7.72882e+16	1.54576e+17	2.31865e+17	3.09153e+17	3.86441e+17	4.63729e+17	5.41017e+17	6.18305e+17	6.95593e+17	7.67836e+17	4.93151e+17	8.60013e+15	5.83654e+15	5.3779e+15	2.35338e+15	1.48901e+15	2.97801e+15	4.46702e+15	5.95602e+15	7.44503e+15	8.93403e+15	1.0423e+16	1.1912e+16	1.34011e+16	1.78438e+16	2.28161e+17	4.54033e+17	2.50298	2.27718	2.27718	2.27718	2.27718	2.27718	2.27718	2.27718	2.27718	2.27718	2.27718	2.27718	2.07404	2.67625	4.68986	
113651	6.86395e+17	2.79146e+17	1.22155e+17	7.72885e+16	1.54577e+17	2.31866e+17	3.09154e+17	3.86443e+17	4.63731e+17	5.4102e+17	6.18308e+17	6.95597e+17	7.67784e+17	4.93861e+17	8.60013e+15	5.83582e+15	5.37712e+15	2.35304e+15	1.48879e+15	2.97758e+15	4.46637e+15	5.95516e+15	7.44395e+15	8.93274e+15	1.04215e+16	1.19103e+16	1.33991e+16	1.78765e+16	2.27771e+17	4.54033e+17	2.50603	2.2812	2.2812	2.2812	2.2812	2.2812	2.2812	2.2812	2.2812	2.2812	2.2812	2.2812	2.07823	2.67148	4.68986	
113902	6.86397e+17	2.79147e+17	1.22156e+17	7.72889e+16	1.54578e+17	2.31867e+17	3.09155e+17	3.86444e+17	4.63733e+17	5.41022e+17	6.18311e+17	6.956e+17	7.67731e+17	4.94568e+17	8.60013e+15	5.83509e+15	5.37634e+15	2.3527e+15	1.48857e+15	2.97715e+15	4.46572e+15	5.9543e+15	7.44287e+15	8.93144e+15	1.042e+16	1.19086e+16	1.33972e+16	1.79094e+16	2.27383e+17	4.54033e+17	2.50908	2.28519	2.28519	2.28519	2.28519	2.28519	2.28519	2.28519	2.28519	2.28519	2.28519	2.28519	2.08242	2.66675	4.68986	
114154	6.86398e+17	2.79149e+17	1.22156e+17	7.72892e+16	1.54578e+17	2.31868e+17	3.09157e+17	3.86446e+17	4.63735e+17	5.41025e+17	6.18314e+17	6.95603e+17	7.67679e+17	4.95271e+17	8.60013e+15	5.83437e+15	5.37557e+15	2.35236e+15	1.48836e+15	2.97672e+15	4.46508e+15	5.95344e+15	7.44179e+15	8.93015e+15	1.04185e+16	1.19069e+16	1.33953e+16	1.79424e+16	2.26997e+17	4.54033e+17	2.51213	2.28916	2.28916	2.28916	2.28916	2.28916	2.28916	2.28916	2.28916	2.28916	2.28916	2.28916	2.08659	2.66206	4.68986	
114405	6.86399e+17	2.7915e+17	1.22157e+17	7.72896e+16	1.54579e+17	2.31869e+17	3.09158e+17	3.86448e+17	4.63737e+17	5.41027e+17	6.18317e+17	6.95606e+17	7.67626e+17	4.95969e+17	8.60013e+15	5.83366e+15	5.37479e+15	2.35202e+15	1.48814e+15	2.97629e+15	4.46443e+15	5.95258e+15	7.44072e+15	8.92887e+15	1.0417e+16	1.19052e+16	1.33933e+16	1.79754e+16	2.26614e+17	4.54033e+17	2.51516	2.2931	2.2931	2.2931	2.2931	2.2931	2.2931	2.2931	2.2931	2.2931	2.2931	2.2931	2.09074	2.65743	4.68986	
114656	6.86401e+17	2.79151e+17	1.22157e+17	7.72899e+16	1.5458e+17	2.3187e+17	3.0916e+17	3.8645e+17	4.6374e+17	5.41029e+17	6.18319e+17	6.95609e+17	7.67573e+17	4.96663e+17	8.60013e+15	5.83294e+15	5.37402e+15	2.35169e+15	1.48793e+15	2.97586e+15	4.46379e+15	5.95172e+15	7.43965e+15	8.92758e+15	1.04155e+16	1.19034e+16	1.33914e+16	1.80085e+16	2.26232e+17	4.54033e+17	2.5182	2.29702	2.29702	2.29702	2.29702	2.29702	2.29702	2.29702	2.29702	2.29702	2.29702	2.29702	2.09489	2.65283	4.68986	
114908	6.86402e+17	2.79152e+17	1.22158e+17	7.72903e+16	1.54581e+17	2.31871e+17	3.09161e+17	3.86451e+17	4.63742e+17	5.41032e+17	6.18322e+17	6.95612e+17	7.6752e+17	4.97354e+17	8.60013e+15	5.83222e+15	5.37325e+15	2.35135e+15	1.48772e+15	2.97543e+15	4.46315e+15	5.95087e+15	7.43859e+15	8.9263e+15	1.0414e+16	1.19017e+16	1.33895e+16	1.80417e+16	2.25853e+17	4.54033e+17	2.52123	2.30091	2.30091	2.30091	2.30091	2.30091	2.30091	2.30091	2.30091	2.30091	2.30091	2.30091	2.09902	2.64829	4.68986	
115159	6.86403e+17	2.79154e+17	1.22158e+17	7.72906e+16	1.54581e+17	2.31872e+17	3.09162e+17	3.86453e+17	4.63744e+17	5.41034e+17	6.18325e+17	6.95616e+17	7.67467e+17	4.9804e+17	8.60013e+15	5.83151e+15	5.37248e+15	2.35101e+15	1.4875e+15	2.97501e+15	4.46251e+15	5.95002e+15	7.43752e+15	8.92502e+15	1.04125e+16	1.19e+16	1.33876e+16	1.80749e+16	2.25475e+17	4.54033e+17	2.52426	2.30478	2.30478	2.30478	2.30478	2.30478	2.30478	2.30478	2.30478	2.30478	2.30478	2.30478	2.10314	2.64378	4.68986	
115411	6.86405e+17	2.79155e+17	1.22159e+17	7.7291e+16	1.54582e+17	2.31873e+17	3.09164e+17	3.86455e+17	4.63746e+17	5.41037e+17	6.18328e+17	6.95619e+17	7.67414e+17	4.98722e+17	8.60013e+15	5.8308e+15	5.37171e+15	2.35068e+15	1.48729e+15	2.97458e+15	4.46188e+15	5.94917e+15	7.43646e+15	8.92375e+15	1.0411e+16	1.18983e+16	1.33856e+16	1.81082e+16	2.251e+17	4.54033e+17	2.52728	2.30863	2.30863	2.30863	2.30863	2.30863	2.30863	2.30863	2.30863	2.30863	2.30863	2.30863	2.10724	2.63932	4.68986	
115662	6.86406e+17	2.79156e+17	1.2216e+17	7.72913e+16	1.54583e+17	2.31874e+17	3.09165e+17	3.86457e+17	4.63748e+17	5.41039e+17	6.18331e+17	6.95622e+17	7.67361e+17	4.99401e+17	8.60013e+15	5.8301e+15	5.37095e+15	2.35034e+15	1.48708e+15	2.97416e+15	4.46124e+15	5.94832e+15	7.4354e+15	8.92248e+15	1.04096e+16	1.18966e+16	1.33837e+16	1.81416e+16	2.24726e+17	4.54033e+17	2.53029	2.31246	2.31246	2.31246	2.31246	2.31246	2.31246	2.31246	2.31246	2.31246	2.31246	2.31246	2.11134	2.63491	4.68986	
115914	6.86407e+17	2.79158e+17	1.2216e+17	7.72917e+16	1.54583e+17	2.31875e+17	3.09167e+17	3.86458e+17	4.6375e+17	5.41042e+17	6.18333e+17	6.95625e+17	7.67307e+17	5.00075e+17	8.60013e+15	5.82939e+15	5.37018e+15	2.35001e+15	1.48687e+15	2.97374e+15	4.4606e+15	5.94747e+15	7.43434e+15	8.92121e+15	1.04081e+16	1.18949e+16	1.33818e+16	1.8175e+16	2.24354e+17	4.54033e+17	2.5333	2.31626	2.31626	2.31626	2.31626	2.31626	2.31626	2.31626	2.31626	2.31626	2.31626	2.31626	2.11542	2.63053	4.68986	
116165	6.86409e+17	2.79159e+17	1.22161e+17	7.7292e+16	1.54584e+17	2.31876e+17	3.09168e+17	3.8646e+17	4.63752e+17	5.41044e+17	6.18336e+17	6.95628e+17	7.67254e+17	5.00745e+17	8.60013e+15	5.82869e+15	5.36942e+15	2.34967e+15	1.48666e+15	2.97331e+15	4.45997e+15	5.94663e+15	7.43329e+15	8.91994e+15	1.04066e+16	1.18933e+16	1.33799e+16	1.82084e+16	2.23985e+17	4.54033e+17	2.53631	2.32004	2.32004	2.32004	2.32004	2.32004	2.32004	2.32004	2.32004	2.32004	2.32004	2.32004	2.11948	2.6262	4.68986	
116417	6.8641e+17	2.7916e+17	1.22161e+17	7.72924e+16	1.54585e+17	2.31877e+17	3.09169e+17	3.86462e+17	4.63754e+17	5.41046e+17	6.18339e+17	6.95631e+17	7.67201e+17	5.01412e+17	8.60013e+15	5.82798e+15	5.36866e+15	2.34934e+15	1.48645e+15	2.97289e+15	4.45934e+15	5.94579e+15	7.43223e+15	8.91868e+15	1.04051e+16	1.18916e+16	1.3378e+16	1.82418e+16	2.23618e+17	4.54033e+17	2.53931	2.3238	2.3238	2.3238	2.3238	2.3238	2.3238	2.3238	2.3238	2.3238	2.3238	2.3238	2.12354	2.62191	4.68986	
116668	6.86411e+17	2.79161e+17	1.22162e+17	7.72927e+16	1.54585e+17	2.31878e+17	3.09171e+17	3.86463e+17	4.63756e+17	5.41049e+17	6.18342e+17	6.95634e+17	7.67147e+17	5.02074e+17	8.60013e+15	5.82728e+15	5.3679e+15	2.34901e+15	1.48624e+15	2.97247e+15	4.45871e+15	5.94495e+15	7.43118e+15	8.91742e+15	1.04037e+16	1.18899e+16	1.33761e+16	1.82752e+16	2.23252e+17	4.54033e+17	2.54231	2.32754	2.32754	2.32754	2.32754	2.32754	2.32754	2.32754	2.32754	2.32754	2.32754	2.32754	2.12757	2.61766	4.68986	
116920	6.86413e+17	2.79162e+17	1.22162e+17	7.7293e+16	1.54586e+17	2.31879e+17	3.09172e+17	3.86465e+17	4.63758e+17	5.41051e+17	6.18344e+17	6.95637e+17	7.67094e+17	5.02733e+17	8.60013e+15	5.82659e+15	5.36715e+15	2.34868e+15	1.48603e+15	2.97205e+15	4.45808e+15	5.94411e+15	7.43013e+15	8.91616e+15	1.04022e+16	1.18882e+16	1.33743e+16	1.83086e+16	2.22889e+17	4.54033e+17	2.5453	2.33126	2.33126	2.33126	2.33126	2.33126	2.33126	2.33126	2.33126	2.33126	2.33126	2.33126	2.1316	2.61345	4.68986	
117171	6.86414e+17	2.79164e+17	1.22163e+17	7.72934e+16	1.54587e+17	2.3188e+17	3.09174e+17	3.86467e+17	4.6376e+17	5.41054e+17	6.18347e+17	6.9564e+17	7.67041e+17	5.03388e+17	8.60013e+15	5.82589e+15	5.36639e+15	2.34835e+15	1.48582e+15	2.97164e+15	4.45745e+15	5.94327e+15	7.42909e+15	8.91491e+15	1.04007e+16	1.18865e+16	1.33724e+16	1.8342e+16	2.22528e+17	4.54033e+17	2.54829	2.33496	2.33496	2.33496	2.33496	2.33496	2.33496	2.33496	2.33496	2.33496	2.33496	2.33496	2.13561	2.60928	4.68986	
117423	6.86415e+17	2.79165e+17	1.22163e+17	7.72937e+16	1.54587e+17	2.31881e+17	3.09175e+17	3.86469e+17	4.63762e+17	5.41056e+17	6.1835e+17	6.95643e+17	7.66988e+17	5.04039e+17	8.60013e+15	5.8252e+15	5.36564e+15	2.34802e+15	1.48561e+15	2.97122e+15	4.45683e+15	5.94244e+15	7.42805e+15	8.91366e+15	1.03993e+16	1.18849e+16	1.33705e+16	1.83754e+16	2.22168e+17	4.54033e+17	2.55127	2.33864	2.33864	2.33864	2.33864	2.33864	2.33864	2.33864	2.33864	2.33864	2.33864	2.33864	2.13961	2.60515	4.68986	
117675	6.86417e+17	2.79166e+17	1.22164e+17	7.72941e+16	1.54588e+17	2.31882e+17	3.09176e+17	3.8647e+17	4.63764e+17	5.41058e+17	6.18352e+17	6.95647e+17	7.66934e+17	5.04686e+17	8.60013e+15	5.82451e+15	5.36489e+15	2.34769e+15	1.4854e+15	2.9708e+15	4.4562e+15	5.9416e+15	7.42701e+15	8.91241e+15	1.03978e+16	1.18832e+16	1.33686e+16	1.84088e+16	2.21811e+17	4.54033e+17	2.55425	2.3423	2.3423	2.3423	2.3423	2.3423	2.3423	2.3423	2.3423	2.3423	2.3423	2.3423	2.1436	2.60106	4.68986	
117926	6.86418e+17	2.79167e+17	1.22164e+17	7.72944e+16	1.54589e+17	2.31883e+17	3.09178e+17	3.86472e+17	4.63766e+17	5.41061e+17	6.18355e+17	6.9565e+17	7.66881e+17	5.05329e+17	8.60013e+15	5.82382e+15	5.36414e+15	2.34736e+15	1.48519e+15	2.97039e+15	4.45558e+15	5.94077e+15	7.42597e+15	8.91116e+15	1.03964e+16	1.18816e+16	1.33668e+16	1.84421e+16	2.21456e+17	4.54033e+17	2.55723	2.34594	2.34594	2.34594	2.34594	2.34594	2.34594	2.34594	2.34594	2.34594	2.34594	2.34594	2.14756	2.59702	4.68986	
118178	6.86419e+17	2.79169e+17	1.22165e+17	7.72947e+16	1.54589e+17	2.31884e+17	3.09179e+17	3.86474e+17	4.63768e+17	5.41063e+17	6.18358e+17	6.95653e+17	7.66828e+17	5.05969e+17	8.60013e+15	5.82313e+15	5.36339e+15	2.34703e+15	1.48499e+15	2.96997e+15	4.45496e+15	5.93995e+15	7.42493e+15	8.90992e+15	1.03949e+16	1.18799e+16	1.33649e+16	1.84754e+16	2.21102e+17	4.54033e+17	2.5602	2.34956	2.34956	2.34956	2.34956	2.34956	2.34956	2.34956	2.34956	2.34956	2.34956	2.34956	2.15152	2.593	4.68986	
118429	6.86421e+17	2.7917e+17	1.22165e+17	7.72951e+16	1.5459e+17	2.31885e+17	3.0918e+17	3.86475e+17	4.6377e+17	5.41066e+17	6.18361e+17	6.95656e+17	7.66775e+17	5.06604e+17	8.60013e+15	5.82244e+15	5.36264e+15	2.34671e+15	1.48478e+15	2.96956e+15	4.45434e+15	5.93912e+15	7.4239e+15	8.90868e+15	1.03935e+16	1.18782e+16	1.3363e+16	1.85086e+16	2.20751e+17	4.54033e+17	2.56316	2.35317	2.35317	2.35317	2.35317	2.35317	2.35317	2.35317	2.35317	2.35317	2.35317	2.35317	2.15546	2.58903	4.68986	
118681	6.86422e+17	2.79171e+17	1.22166e+17	7.72954e+16	1.54591e+17	2.31886e+17	3.09182e+17	3.86477e+17	4.63772e+17	5.41068e+17	6.18363e+17	6.95659e+17	7.66722e+17	5.07236e+17	8.60013e+15	5.82176e+15	5.3619e+15	2.34638e+15	1.48457e+15	2.96915e+15	4.45372e+15	5.9383e+15	7.42287e+15	8.90744e+15	1.0392e+16	1.18766e+16	1.33612e+16	1.85417e+16	2.20401e+17	4.54033e+17	2.56612	2.35676	2.35676	2.35676	2.35676	2.35676	2.35676	2.35676	2.35676	2.35676	2.35676	2.35676	2.15939	2.58509	4.68986	
118932	6.86423e+17	2.79172e+17	1.22167e+17	7.72958e+16	1.54592e+17	2.31887e+17	3.09183e+17	3.86479e+17	4.63775e+17	5.4107e+17	6.18366e+17	6.95662e+17	7.66669e+17	5.07864e+17	8.60013e+15	5.82108e+15	5.36116e+15	2.34606e+15	1.48437e+15	2.96874e+15	4.45311e+15	5.93747e+15	7.42184e+15	8.90621e+15	1.03906e+16	1.18749e+16	1.33593e+16	1.85748e+16	2.20053e+17	4.54033e+17	2.56908	2.36033	2.36033	2.36033	2.36033	2.36033	2.36033	2.36033	2.36033	2.36033	2.36033	2.36033	2.1633	2.58119	4.68986	
119184	6.86424e+17	2.79173e+17	1.22167e+17	7.72961e+16	1.54592e+17	2.31888e+17	3.09184e+17	3.8648e+17	4.63777e+17	5.41073e+17	6.18369e+17	6.95665e+17	7.66617e+17	5.08489e+17	8.60013e+15	5.8204e+15	5.36041e+15	2.34573e+15	1.48416e+15	2.96833e+15	4.45249e+15	5.93665e+15	7.42082e+15	8.90498e+15	1.03891e+16	1.18733e+16	1.33575e+16	1.86078e+16	2.19708e+17	4.54033e+17	2.57203	2.36388	2.36388	2.36388	2.36388	2.36388	2.36388	2.36388	2.36388	2.36388	2.36388	2.36388	2.1672	2.57733	4.68986	
119436	6.86426e+17	2.79175e+17	1.22168e+17	7.72964e+16	1.54593e+17	2.31889e+17	3.09186e+17	3.86482e+17	4.63779e+17	5.41075e+17	6.18371e+17	6.95668e+17	7.66564e+17	5.0911e+17	8.60013e+15	5.81972e+15	5.35968e+15	2.34541e+15	1.48396e+15	2.96792e+15	4.45188e+15	5.93584e+15	7.41979e+15	8.90375e+15	1.03877e+16	1.18717e+16	1.33556e+16	1.86408e+16	2.19364e+17	4.54033e+17	2.57498	2.36742	2.36742	2.36742	2.36742	2.36742	2.36742	2.36742	2.36742	2.36742	2.36742	2.36742	2.17108	2.5735	4.68986	
119687	6.86427e+17	2.79176e+17	1.22168e+17	7.72968e+16	1.54594e+17	2.3189e+17	3.09187e+17	3.86484e+17	4.63781e+17	5.41077e+17	6.18374e+17	6.95671e+17	7.66512e+17	5.09727e+17	8.60013e+15	5.81905e+15	5.35894e+15	2.34509e+15	1.48375e+15	2.96751e+15	4.45126e+15	5.93502e+15	7.41877e+15	8.90253e+15	1.03863e+16	1.187e+16	1.33538e+16	1.86736e+16	2.19022e+17	4.54033e+17	2.57792	2.37095	2.37095	2.37095	2.37095	2.37095	2.37095	2.37095	2.37095	2.37095	2.37095	2.37095	2.17495	2.56971	4.68986	
119939	6.86428e+17	2.79177e+17	1.22169e+17	7.72971e+16	1.54594e+17	2.31891e+17	3.09188e+17	3.86485e+17	4.63783e+17	5.4108e+17	6.18377e+17	6.95674e+17	7.66459e+17	5.10341e+17	8.60013e+15	5.81838e+15	5.3582e+15	2.34476e+15	1.48355e+15	2.9671e+15	4.45065e+15	5.93421e+15	7.41776e+15	8.90131e+15	1.03849e+16	1.18684e+16	1.3352e+16	1.87064e+16	2.18682e+17	4.54033e+17	2.58086	2.37445	2.37445	2.37445	2.37445	2.37445	2.37445	2.37445	2.37445	2.37445	2.37445	2.37445	2.17881	2.56595	4.68986	
120191	6.8643e+17	2.79178e+17	1.22169e+17	7.72974e+16	1.54595e+17	2.31892e+17	3.0919e+17	3.86487e+17	4.63785e+17	5.41082e+17	6.18379e+17	6.95677e+17	7.66407e+17	5.10951e+17	8.60013e+15	5.8177e+15	5.35747e+15	2.34444e+15	1.48335e+15	2.9667e+15	4.45005e+15	5.93339e+15	7.41674e+15	8.90009e+15	1.03834e+16	1.18668e+16	1.33501e+16	1.8739e+16	2.18344e+17	4.54033e+17	2.58379	2.37795	2.37795	2.37795	2.37795	2.37795	2.37795	2.37795	2.37795	2.37795	2.37795	2.37795	2.18265	2.56223	4.68986	
120442	6.86431e+17	2.7918e+17	1.2217e+17	7.72977e+16	1.54595e+17	2.31893e+17	3.09191e+17	3.86489e+17	4.63786e+17	5.41084e+17	6.18382e+17	6.9568e+17	7.66355e+17	5.11558e+17	8.60013e+15	5.81704e+15	5.35674e+15	2.34412e+15	1.48315e+15	2.96629e+15	4.44944e+15	5.93258e+15	7.41573e+15	8.89888e+15	1.0382e+16	1.18652e+16	1.33483e+16	1.87715e+16	2.18007e+17	4.54033e+17	2.58672	2.38142	2.38142	2.38142	2.38142	2.38142	2.38142	2.38142	2.38142	2.38142	2.38142	2.38142	2.18647	2.55854	4.68986	
120694	6.86432e+17	2.79181e+17	1.2217e+17	7.72981e+16	1.54596e+17	2.31894e+17	3.09192e+17	3.8649e+17	4.63788e+17	5.41087e+17	6.18385e+17	6.95683e+17	7.66304e+17	5.12161e+17	8.60013e+15	5.81637e+15	5.35601e+15	2.3438e+15	1.48294e+15	2.96589e+15	4.44883e+15	5.93178e+15	7.41472e+15	8.89766e+15	1.03806e+16	1.18636e+16	1.33465e+16	1.88039e+16	2.17673e+17	4.54033e+17	2.58965	2.38489	2.38489	2.38489	2.38489	2.38489	2.38489	2.38489	2.38489	2.38489	2.38489	2.38489	2.19028	2.55489	4.68986	
120946	6.86433e+17	2.79182e+17	1.22171e+17	7.72984e+16	1.54597e+17	2.31895e+17	3.09194e+17	3.86492e+17	4.6379e+17	5.41089e+17	6.18387e+17	6.95686e+17	7.66252e+17	5.1276e+17	8.60013e+15	5.8157e+15	5.35528e+15	2.34349e+15	1.48274e+15	2.96549e+15	4.44823e+15	5.93097e+15	7.41371e+15	8.89646e+15	1.03792e+16	1.18619e+16	1.33447e+16	1.88362e+16	2.1734e+17	4.54033e+17	2.59257	2.38834	2.38834	2.38834	2.38834	2.38834	2.38834	2.38834	2.38834	2.38834	2.38834	2.38834	2.19408	2.55126	4.68986	
121198	6.86435e+17	2.79183e+17	1.22171e+17	7.72987e+16	1.54597e+17	2.31896e+17	3.09195e+17	3.86494e+17	4.63792e+17	5.41091e+17	6.1839e+17	6.95689e+17	7.66201e+17	5.13357e+17	8.60013e+15	5.81504e+15	5.35456e+15	2.34317e+15	1.48254e+15	2.96508e+15	4.44762e+15	5.93017e+15	7.41271e+15	8.89525e+15	1.03778e+16	1.18603e+16	1.33429e+16	1.88683e+16	2.17009e+17	4.54033e+17	2.59549	2.39177	2.39177	2.39177	2.39177	2.39177	2.39177	2.39177	2.39177	2.39177	2.39177	2.39177	2.19786	2.54767	4.68986	
121449	6.86436e+17	2.79184e+17	1.22172e+17	7.72991e+16	1.54598e+17	2.31897e+17	3.09196e+17	3.86495e+17	4.63794e+17	5.41093e+17	6.18393e+17	6.95692e+17	7.6615e+17	5.13949e+17	8.60013e+15	5.81438e+15	5.35383e+15	2.34285e+15	1.48234e+15	2.96468e+15	4.44702e+15	5.92937e+15	7.41171e+15	8.89405e+15	1.03764e+16	1.18587e+16	1.33411e+16	1.89003e+16	2.1668e+17	4.54033e+17	2.5984	2.39519	2.39519	2.39519	2.39519	2.39519	2.39519	2.39519	2.39519	2.39519	2.39519	2.39519	2.20163	2.54412	4.68986	
121701	6.86437e+17	2.79185e+17	1.22172e+17	7.72994e+16	1.54599e+17	2.31898e+17	3.09198e+17	3.86497e+17	4.63796e+17	5.41096e+17	6.18395e+17	6.95695e+17	7.66099e+17	5.14539e+17	8.60013e+15	5.81372e+15	5.35311e+15	2.34254e+15	1.48214e+15	2.96428e+15	4.44642e+15	5.92857e+15	7.41071e+15	8.89285e+15	1.0375e+16	1.18571e+16	1.33393e+16	1.89322e+16	2.16353e+17	4.54033e+17	2.60131	2.3986	2.3986	2.3986	2.3986	2.3986	2.3986	2.3986	2.3986	2.3986	2.3986	2.3986	2.20538	2.54059	4.68986	
121953	6.86438e+17	2.79187e+17	1.22173e+17	7.72997e+16	1.54599e+17	2.31899e+17	3.09199e+17	3.86499e+17	4.63798e+17	5.41098e+17	6.18398e+17	6.95697e+17	7.66048e+17	5.15124e+17	8.60014e+15	5.81306e+15	5.35239e+15	2.34222e+15	1.48194e+15	2.96388e+15	4.44583e+15	5.92777e+15	7.40971e+15	8.89165e+15	1.03736e+16	1.18555e+16	1.33375e+16	1.89639e+16	2.16027e+17	4.54033e+17	2.60421	2.402	2.402	2.402	2.402	2.402	2.402	2.402	2.402	2.402	2.402	2.402	2.20912	2.5371	4.68986	
122205	6.8644e+17	2.79188e+17	1.22173e+17	7.73e+16	1.546e+17	2.319e+17	3.092e+17	3.865e+17	4.638e+17	5.411e+17	6.184e+17	6.957e+17	7.65998e+17	5.15707e+17	8.60014e+15	5.81241e+15	5.35167e+15	2.34191e+15	1.48174e+15	2.96349e+15	4.44523e+15	5.92697e+15	7.40872e+15	8.89046e+15	1.03722e+16	1.18539e+16	1.33357e+16	1.89954e+16	2.15703e+17	4.54033e+17	2.60711	2.40539	2.40539	2.40539	2.40539	2.40539	2.40539	2.40539	2.40539	2.40539	2.40539	2.40539	2.21284	2.53364	4.68986	
122456	6.86441e+17	2.79189e+17	1.22174e+17	7.73004e+16	1.54601e+17	2.31901e+17	3.09201e+17	3.86502e+17	4.63802e+17	5.41103e+17	6.18403e+17	6.95703e+17	7.65948e+17	5.16286e+17	8.60014e+15	5.81175e+15	5.35096e+15	2.34159e+15	1.48155e+15	2.96309e+15	4.44464e+15	5.92618e+15	7.40773e+15	8.88927e+15	1.03708e+16	1.18524e+16	1.33339e+16	1.90268e+16	2.15381e+17	4.54033e+17	2.61	2.40876	2.40876	2.40876	2.40876	2.40876	2.40876	2.40876	2.40876	2.40876	2.40876	2.40876	2.21655	2.53021	4.68986	
122708	6.86442e+17	2.7919e+17	1.22174e+17	7.73007e+16	1.54601e+17	2.31902e+17	3.09203e+17	3.86503e+17	4.63804e+17	5.41105e+17	6.18406e+17	6.95706e+17	7.65898e+17	5.16862e+17	8.60014e+15	5.8111e+15	5.35024e+15	2.34128e+15	1.48135e+15	2.96269e+15	4.44404e+15	5.92539e+15	7.40674e+15	8.88808e+15	1.03694e+16	1.18508e+16	1.33321e+16	1.9058e+16	2.15061e+17	4.54033e+17	2.61289	2.41212	2.41212	2.41212	2.41212	2.41212	2.41212	2.41212	2.41212	2.41212	2.41212	2.41212	2.22024	2.52681	4.68986	
122960	6.86443e+17	2.79191e+17	1.22175e+17	7.7301e+16	1.54602e+17	2.31903e+17	3.09204e+17	3.86505e+17	4.63806e+17	5.41107e+17	6.18408e+17	6.95709e+17	7.65848e+17	5.17435e+17	8.60014e+15	5.81045e+15	5.34953e+15	2.34097e+15	1.48115e+15	2.9623e+15	4.44345e+15	5.9246e+15	7.40575e+15	8.8869e+15	1.0368e+16	1.18492e+16	1.33304e+16	1.90891e+16	2.14742e+17	4.54033e+17	2.61578	2.41547	2.41547	2.41547	2.41547	2.41547	2.41547	2.41547	2.41547	2.41547	2.41547	2.41547	2.22392	2.52344	4.68986	
123212	6.86445e+17	2.79192e+17	1.22175e+17	7.73013e+16	1.54603e+17	2.31904e+17	3.09205e+17	3.86507e+17	4.63808e+17	5.41109e+17	6.18411e+17	6.95712e+17	7.65799e+17	5.18004e+17	8.60014e+15	5.8098e+15	5.34882e+15	2.34066e+15	1.48095e+15	2.96191e+15	4.44286e+15	5.92381e+15	7.40477e+15	8.88572e+15	1.03667e+16	1.18476e+16	1.33286e+16	1.91199e+16	2.14425e+17	4.54033e+17	2.61866	2.4188	2.4188	2.4188	2.4188	2.4188	2.4188	2.4188	2.4188	2.4188	2.4188	2.4188	2.22759	2.5201	4.68986	
123463	6.86446e+17	2.79194e+17	1.22176e+17	7.73017e+16	1.54603e+17	2.31905e+17	3.09207e+17	3.86508e+17	4.6381e+17	5.41112e+17	6.18413e+17	6.95715e+17	7.6575e+17	5.18571e+17	8.60014e+15	5.80916e+15	5.34811e+15	2.34035e+15	1.48076e+15	2.96151e+15	4.44227e+15	5.92303e+15	7.40379e+15	8.88454e+15	1.03653e+16	1.18461e+16	1.33268e+16	1.91506e+16	2.1411e+17	4.54033e+17	2.62154	2.42213	2.42213	2.42213	2.42213	2.42213	2.42213	2.42213	2.42213	2.42213	2.42213	2.42213	2.23124	2.51679	4.68986	
123715	6.86447e+17	2.79195e+17	1.22176e+17	7.7302e+16	1.54604e+17	2.31906e+17	3.09208e+17	3.8651e+17	4.63812e+17	5.41114e+17	6.18416e+17	6.95718e+17	7.65701e+17	5.19134e+17	8.60014e+15	5.80851e+15	5.34741e+15	2.34004e+15	1.48056e+15	2.96112e+15	4.44168e+15	5.92225e+15	7.40281e+15	8.88337e+15	1.03639e+16	1.18445e+16	1.33251e+16	1.91811e+16	2.13796e+17	4.54033e+17	2.62441	2.42545	2.42545	2.42545	2.42545	2.42545	2.42545	2.42545	2.42545	2.42545	2.42545	2.42545	2.23487	2.5135	4.68986	
123967	6.86448e+17	2.79196e+17	1.22177e+17	7.73023e+16	1.54605e+17	2.31907e+17	3.09209e+17	3.86511e+17	4.63814e+17	5.41116e+17	6.18418e+17	6.95721e+17	7.65653e+17	5.19695e+17	8.60014e+15	5.80787e+15	5.3467e+15	2.33973e+15	1.48037e+15	2.96073e+15	4.4411e+15	5.92147e+15	7.40183e+15	8.8822e+15	1.03626e+16	1.18429e+16	1.33233e+16	1.92114e+16	2.13484e+17	4.54033e+17	2.62728	2.42875	2.42875	2.42875	2.42875	2.42875	2.42875	2.42875	2.42875	2.42875	2.42875	2.42875	2.2385	2.51025	4.68986	
124219	6.86449e+17	2.79197e+17	1.22177e+17	7.73026e+16	1.54605e+17	2.31908e+17	3.0921e+17	3.86513e+17	4.63816e+17	5.41118e+17	6.18421e+17	6.95724e+17	7.65604e+17	5.20252e+17	8.60014e+15	5.80723e+15	5.346e+15	2.33942e+15	1.48017e+15	2.96034e+15	4.44052e+15	5.92069e+15	7.40086e+15	8.88103e+15	1.03612e+16	1.18414e+16	1.33215e+16	1.92415e+16	2.13174e+17	4.54033e+17	2.63015	2.43205	2.43205	2.43205	2.43205	2.43205	2.43205	2.43205	2.43205	2.43205	2.43205	2.43205	2.2421	2.50702	4.68986	
124471	6.86451e+17	2.79198e+17	1.22178e+17	7.73029e+16	1.54606e+17	2.31909e+17	3.09212e+17	3.86515e+17	4.63818e+17	5.41121e+17	6.18423e+17	6.95726e+17	7.65557e+17	5.20806e+17	8.60014e+15	5.80659e+15	5.3453e+15	2.33912e+15	1.47998e+15	2.95996e+15	4.43993e+15	5.91991e+15	7.39989e+15	8.87987e+15	1.03598e+16	1.18398e+16	1.33198e+16	1.92714e+16	2.12865e+17	4.54033e+17	2.63301	2.43533	2.43533	2.43533	2.43533	2.43533	2.43533	2.43533	2.43533	2.43533	2.43533	2.43533	2.2457	2.50382	4.68986	
124723	6.86452e+17	2.79199e+17	1.22178e+17	7.73032e+16	1.54606e+17	2.3191e+17	3.09213e+17	3.86516e+17	4.63819e+17	5.41123e+17	6.18426e+17	6.95729e+17	7.65509e+17	5.21357e+17	8.60014e+15	5.80596e+15	5.3446e+15	2.33881e+15	1.47978e+15	2.95957e+15	4.43935e+15	5.91914e+15	7.39892e+15	8.87871e+15	1.03585e+16	1.18383e+16	1.33181e+16	1.93011e+16	2.12557e+17	4.54033e+17	2.63587	2.43861	2.43861	2.43861	2.43861	2.43861	2.43861	2.43861	2.43861	2.43861	2.43861	2.43861	2.24928	2.50065	4.68986	
124974	6.86453e+17	2.792e+17	1.22179e+17	7.73036e+16	1.54607e+17	2.31911e+17	3.09214e+17	3.86518e+17	4.63821e+17	5.41125e+17	6.18428e+17	6.95732e+17	7.65462e+17	5.21905e+17	8.60014e+15	5.80532e+15	5.3439e+15	2.33851e+15	1.47959e+15	2.95918e+15	4.43877e+15	5.91837e+15	7.39796e+15	8.87755e+15	1.03571e+16	1.18367e+16	1.33163e+16	1.93306e+16	2.12252e+17	4.54033e+17	2.63872	2.44187	2.44187	2.44187	2.44187	2.44187	2.44187	2.44187	2.44187	2.44187	2.44187	2.44187	2.25284	2.4975	4.68986	
125226	6.86454e+17	2.79202e+17	1.22179e+17	7.73039e+16	1.54608e+17	2.31912e+17	3.09216e+17	3.86519e+17	4.63823e+17	5.41127e+17	6.18431e+17	6.95735e+17	7.65415e+17	5.2245e+17	8.60014e+15	5.80469e+15	5.34321e+15	2.3382e+15	1.4794e+15	2.9588e+15	4.4382e+15	5.9176e+15	7.39699e+15	8.87639e+15	1.03558e+16	1.18352e+16	1.33146e+16	1.93599e+16	2.11947e+17	4.54033e+17	2.64156	2.44513	2.44513	2.44513	2.44513	2.44513	2.44513	2.44513	2.44513	2.44513	2.44513	2.44513	2.25639	2.49438	4.68986	
125478	6.86455e+17	2.79203e+17	1.2218e+17	7.73042e+16	1.54608e+17	2.31913e+17	3.09217e+17	3.86521e+17	4.63825e+17	5.41129e+17	6.18434e+17	6.95738e+17	7.65369e+17	5.22992e+17	8.60014e+15	5.80406e+15	5.34251e+15	2.3379e+15	1.47921e+15	2.95841e+15	4.43762e+15	5.91683e+15	7.39604e+15	8.87524e+15	1.03544e+16	1.18337e+16	1.33129e+16	1.9389e+16	2.11645e+17	4.54033e+17	2.64441	2.44838	2.44838	2.44838	2.44838	2.44838	2.44838	2.44838	2.44838	2.44838	2.44838	2.44838	2.25993	2.49129	4.68986	
125730	6.86457e+17	2.79204e+17	1.2218e+17	7.73045e+16	1.54609e+17	2.31914e+17	3.09218e+17	3.86523e+17	4.63827e+17	5.41132e+17	6.18436e+17	6.95741e+17	7.65322e+17	5.23532e+17	8.60014e+15	5.80343e+15	5.34182e+15	2.3376e+15	1.47902e+15	2.95803e+15	4.43705e+15	5.91606e+15	7.39508e+15	8.87409e+15	1.03531e+16	1.18321e+16	1.33111e+16	1.94179e+16	2.11344e+17	4.54033e+17	2.64725	2.45161	2.45161	2.45161	2.45161	2.45161	2.45161	2.45161	2.45161	2.45161	2.45161	2.45161	2.26346	2.48822	4.68986	
125982	6.86458e+17	2.79205e+17	1.22181e+17	7.73048e+16	1.5461e+17	2.31914e+17	3.09219e+17	3.86524e+17	4.63829e+17	5.41134e+17	6.18439e+17	6.95743e+17	7.65277e+17	5.24068e+17	8.60014e+15	5.8028e+15	5.34113e+15	2.33729e+15	1.47882e+15	2.95765e+15	4.43647e+15	5.9153e+15	7.39412e+15	8.87295e+15	1.03518e+16	1.18306e+16	1.33094e+16	1.94465e+16	2.11044e+17	4.54033e+17	2.65008	2.45484	2.45484	2.45484	2.45484	2.45484	2.45484	2.45484	2.45484	2.45484	2.45484	2.45484	2.26697	2.48518	4.68986	
126234	6.86459e+17	2.79206e+17	1.22181e+17	7.73051e+16	1.5461e+17	2.31915e+17	3.09221e+17	3.86526e+17	4.63831e+17	5.41136e+17	6.18441e+17	6.95746e+17	7.65231e+17	5.24602e+17	8.60014e+15	5.80218e+15	5.34045e+15	2.33699e+15	1.47863e+15	2.95727e+15	4.4359e+15	5.91454e+15	7.39317e+15	8.87181e+15	1.03504e+16	1.18291e+16	1.33077e+16	1.94749e+16	2.10746e+17	4.54033e+17	2.65291	2.45806	2.45806	2.45806	2.45806	2.45806	2.45806	2.45806	2.45806	2.45806	2.45806	2.45806	2.27046	2.48216	4.68986	
126486	6.8646e+17	2.79207e+17	1.22182e+17	7.73054e+16	1.54611e+17	2.31916e+17	3.09222e+17	3.86527e+17	4.63833e+17	5.41138e+17	6.18443e+17	6.95749e+17	7.65186e+17	5.25134e+17	8.60014e+15	5.80156e+15	5.33976e+15	2.33669e+15	1.47844e+15	2.95689e+15	4.43533e+15	5.91378e+15	7.39222e+15	8.87067e+15	1.03491e+16	1.18276e+16	1.3306e+16	1.95031e+16	2.10449e+17	4.54033e+17	2.65574	2.46128	2.46128	2.46128	2.46128	2.46128	2.46128	2.46128	2.46128	2.46128	2.46128	2.46128	2.27395	2.47916	4.68986	
126737	6.86461e+17	2.79208e+17	1.22182e+17	7.73057e+16	1.54611e+17	2.31917e+17	3.09223e+17	3.86529e+17	4.63834e+17	5.4114e+17	6.18446e+17	6.95752e+17	7.65141e+17	5.25662e+17	8.60014e+15	5.80094e+15	5.33908e+15	2.33639e+15	1.47826e+15	2.95651e+15	4.43477e+15	5.91302e+15	7.39128e+15	8.86953e+15	1.03478e+16	1.1826e+16	1.33043e+16	1.95311e+16	2.10154e+17	4.54033e+17	2.65856	2.46448	2.46448	2.46448	2.46448	2.46448	2.46448	2.46448	2.46448	2.46448	2.46448	2.46448	2.27742	2.4762	4.68986	
126989	6.86463e+17	2.79209e+17	1.22183e+17	7.73061e+16	1.54612e+17	2.31918e+17	3.09224e+17	3.8653e+17	4.63836e+17	5.41142e+17	6.18448e+17	6.95754e+17	7.65097e+17	5.26188e+17	8.60014e+15	5.80032e+15	5.3384e+15	2.3361e+15	1.47807e+15	2.95613e+15	4.4342e+15	5.91227e+15	7.39033e+15	8.8684e+15	1.03465e+16	1.18245e+16	1.33026e+16	1.95589e+16	2.0986e+17	4.54033e+17	2.66138	2.46767	2.46767	2.46767	2.46767	2.46767	2.46767	2.46767	2.46767	2.46767	2.46767	2.46767	2.28087	2.47325	4.68986	
127241	6.86464e+17	2.79211e+17	1.22183e+17	7.73064e+16	1.54613e+17	2.31919e+17	3.09225e+17	3.86532e+17	4.63838e+17	5.41145e+17	6.18451e+17	6.95757e+17	7.65053e+17	5.26711e+17	8.60014e+15	5.7997e+15	5.33772e+15	2.3358e+15	1.47788e+15	2.95576e+15	4.43364e+15	5.91152e+15	7.38939e+15	8.86727e+15	1.03452e+16	1.1823e+16	1.33009e+16	1.95864e+16	2.09567e+17	4.54033e+17	2.6642	2.47086	2.47086	2.47086	2.47086	2.47086	2.47086	2.47086	2.47086	2.47086	2.47086	2.47086	2.28432	2.47033	4.68986	
127493	6.86465e+17	2.79212e+17	1.22184e+17	7.73067e+16	1.54613e+17	2.3192e+17	3.09227e+17	3.86533e+17	4.6384e+17	5.41147e+17	6.18453e+17	6.9576e+17	7.65009e+17	5.27231e+17	8.60014e+15	5.79908e+15	5.33704e+15	2.3355e+15	1.47769e+15	2.95538e+15	4.43307e+15	5.91077e+15	7.38846e+15	8.86615e+15	1.03438e+16	1.18215e+16	1.32992e+16	1.96137e+16	2.09276e+17	4.54033e+17	2.66701	2.47404	2.47404	2.47404	2.47404	2.47404	2.47404	2.47404	2.47404	2.47404	2.47404	2.47404	2.28775	2.46743	4.68986	
127745	6.86466e+17	2.79213e+17	1.22184e+17	7.7307e+16	1.54614e+17	2.31921e+17	3.09228e+17	3.86535e+17	4.63842e+17	5.41149e+17	6.18456e+17	6.95763e+17	7.64966e+17	5.27749e+17	8.60014e+15	5.79847e+15	5.33636e+15	2.33521e+15	1.4775e+15	2.95501e+15	4.43251e+15	5.91002e+15	7.38752e+15	8.86503e+15	1.03425e+16	1.182e+16	1.32975e+16	1.96407e+16	2.08986e+17	4.54033e+17	2.66982	2.47721	2.47721	2.47721	2.47721	2.47721	2.47721	2.47721	2.47721	2.47721	2.47721	2.47721	2.29117	2.46455	4.68986	
127997	6.86467e+17	2.79214e+17	1.22185e+17	7.73073e+16	1.54615e+17	2.31922e+17	3.09229e+17	3.86536e+17	4.63844e+17	5.41151e+17	6.18458e+17	6.95766e+17	7.64923e+17	5.28265e+17	8.60014e+15	5.79786e+15	5.33569e+15	2.33491e+15	1.47732e+15	2.95464e+15	4.43195e+15	5.90927e+15	7.38659e+15	8.86391e+15	1.03412e+16	1.18185e+16	1.32959e+16	1.96676e+16	2.08698e+17	4.54033e+17	2.67262	2.48038	2.48038	2.48038	2.48038	2.48038	2.48038	2.48038	2.48038	2.48038	2.48038	2.48038	2.29457	2.46169	4.68986	
128249	6.86468e+17	2.79215e+17	1.22185e+17	7.73076e+16	1.54615e+17	2.31923e+17	3.0923e+17	3.86538e+17	4.63846e+17	5.41153e+17	6.18461e+17	6.95768e+17	7.6488e+17	5.28778e+17	8.60014e+15	5.79725e+15	5.33502e+15	2.33462e+15	1.47713e+15	2.95426e+15	4.43139e+15	5.90853e+15	7.38566e+15	8.86279e+15	1.03399e+16	1.18171e+16	1.32942e+16	1.96942e+16	2.0841e+17	4.54033e+17	2.67542	2.48354	2.48354	2.48354	2.48354	2.48354	2.48354	2.48354	2.48354	2.48354	2.48354	2.48354	2.29796	2.45886	4.68986	
128501	6.8647e+17	2.79216e+17	1.22186e+17	7.73079e+16	1.54616e+17	2.31924e+17	3.09232e+17	3.86539e+17	4.63847e+17	5.41155e+17	6.18463e+17	6.95771e+17	7.64838e+17	5.29288e+17	8.60014e+15	5.79664e+15	5.33435e+15	2.33432e+15	1.47695e+15	2.95389e+15	4.43084e+15	5.90779e+15	7.38473e+15	8.86168e+15	1.03386e+16	1.18156e+16	1.32925e+16	1.97205e+16	2.08125e+17	4.54033e+17	2.67821	2.48668	2.48668	2.48668	2.48668	2.48668	2.48668	2.48668	2.48668	2.48668	2.48668	2.48668	2.30134	2.45605	4.68986	
128753	6.86471e+17	2.79217e+17	1.22186e+17	7.73082e+16	1.54616e+17	2.31925e+17	3.09233e+17	3.86541e+17	4.63849e+17	5.41157e+17	6.18466e+17	6.95774e+17	7.64796e+17	5.29796e+17	8.60014e+15	5.79603e+15	5.33368e+15	2.33403e+15	1.47676e+15	2.95352e+15	4.43028e+15	5.90705e+15	7.38381e+15	8.86057e+15	1.03373e+16	1.18141e+16	1.32909e+16	1.97467e+16	2.0784e+17	4.54033e+17	2.681	2.48983	2.48983	2.48983	2.48983	2.48983	2.48983	2.48983	2.48983	2.48983	2.48983	2.48983	2.30471	2.45326	4.68986	
129005	6.86472e+17	2.79218e+17	1.22187e+17	7.73085e+16	1.54617e+17	2.31925e+17	3.09234e+17	3.86542e+17	4.63851e+17	5.41159e+17	6.18468e+17	6.95776e+17	7.64755e+17	5.30301e+17	8.60014e+15	5.79543e+15	5.33301e+15	2.33374e+15	1.47658e+15	2.95315e+15	4.42973e+15	5.90631e+15	7.38288e+15	8.85946e+15	1.0336e+16	1.18126e+16	1.32892e+16	1.97725e+16	2.07557e+17	4.54033e+17	2.68379	2.49296	2.49296	2.49296	2.49296	2.49296	2.49296	2.49296	2.49296	2.49296	2.49296	2.49296	2.30806	2.45049	4.68986	
129257	6.86473e+17	2.79219e+17	1.22187e+17	7.73088e+16	1.54618e+17	2.31926e+17	3.09235e+17	3.86544e+17	4.63853e+17	5.41162e+17	6.1847e+17	6.95779e+17	7.64714e+17	5.30805e+17	8.60014e+15	5.79482e+15	5.33235e+15	2.33345e+15	1.47639e+15	2.95279e+15	4.42918e+15	5.90557e+15	7.38197e+15	8.85836e+15	1.03348e+16	1.18111e+16	1.32875e+16	1.97982e+16	2.07275e+17	4.54033e+17	2.68657	2.49609	2.49609	2.49609	2.49609	2.49609	2.49609	2.49609	2.49609	2.49609	2.49609	2.49609	2.31141	2.44774	4.68986	
129508	6.86474e+17	2.7922e+17	1.22188e+17	7.73091e+16	1.54618e+17	2.31927e+17	3.09236e+17	3.86545e+17	4.63855e+17	5.41164e+17	6.18473e+17	6.95782e+17	7.64673e+17	5.31306e+17	8.60014e+15	5.79422e+15	5.33169e+15	2.33316e+15	1.47621e+15	2.95242e+15	4.42863e+15	5.90484e+15	7.38105e+15	8.85726e+15	1.03335e+16	1.18097e+16	1.32859e+16	1.98236e+16	2.06994e+17	4.54033e+17	2.68935	2.49921	2.49921	2.49921	2.49921	2.49921	2.49921	2.49921	2.49921	2.49921	2.49921	2.49921	2.31474	2.44501	4.68986	
129760	6.86475e+17	2.79222e+17	1.22188e+17	7.73094e+16	1.54619e+17	2.31928e+17	3.09238e+17	3.86547e+17	4.63856e+17	5.41166e+17	6.18475e+17	6.95785e+17	7.64633e+17	5.31804e+17	8.60014e+15	5.79362e+15	5.33103e+15	2.33287e+15	1.47603e+15	2.95205e+15	4.42808e+15	5.90411e+15	7.38013e+15	8.85616e+15	1.03322e+16	1.18082e+16	1.32842e+16	1.98488e+16	2.06714e+17	4.54033e+17	2.69213	2.50233	2.50233	2.50233	2.50233	2.50233	2.50233	2.50233	2.50233	2.50233	2.50233	2.50233	2.31805	2.4423	4.68986	
130013	6.86476e+17	2.79223e+17	1.22189e+17	7.73097e+16	1.54619e+17	2.31929e+17	3.09239e+17	3.86548e+17	4.63858e+17	5.41168e+17	6.18478e+17	6.95787e+17	7.64593e+17	5.32301e+17	8.60014e+15	5.79302e+15	5.33037e+15	2.33258e+15	1.47584e+15	2.95169e+15	4.42753e+15	5.90338e+15	7.37922e+15	8.85507e+15	1.03309e+16	1.18068e+16	1.32826e+16	1.98738e+16	2.06436e+17	4.54033e+17	2.6949	2.50544	2.50544	2.50544	2.50544	2.50544	2.50544	2.50544	2.50544	2.50544	2.50544	2.50544	2.32136	2.43961	4.68986	
130264	6.86478e+17	2.79224e+17	1.22189e+17	7.731e+16	1.5462e+17	2.3193e+17	3.0924e+17	3.8655e+17	4.6386e+17	5.4117e+17	6.1848e+17	6.9579e+17	7.64553e+17	5.32795e+17	8.60014e+15	5.79243e+15	5.32971e+15	2.3323e+15	1.47566e+15	2.95133e+15	4.42699e+15	5.90265e+15	7.37832e+15	8.85398e+15	1.03296e+16	1.18053e+16	1.3281e+16	1.98985e+16	2.06159e+17	4.54033e+17	2.69766	2.50854	2.50854	2.50854	2.50854	2.50854	2.50854	2.50854	2.50854	2.50854	2.50854	2.50854	2.32465	2.43694	4.68986	
130516	6.86479e+17	2.79225e+17	1.22189e+17	7.73103e+16	1.54621e+17	2.31931e+17	3.09241e+17	3.86551e+17	4.63862e+17	5.41172e+17	6.18482e+17	6.95793e+17	7.64514e+17	5.33287e+17	8.60014e+15	5.79183e+15	5.32906e+15	2.33201e+15	1.47548e+15	2.95096e+15	4.42645e+15	5.90193e+15	7.37741e+15	8.85289e+15	1.03284e+16	1.18039e+16	1.32793e+16	1.99229e+16	2.05883e+17	4.54033e+17	2.70043	2.51164	2.51164	2.51164	2.51164	2.51164	2.51164	2.51164	2.51164	2.51164	2.51164	2.51164	2.32794	2.43429	4.68986	
130768	6.8648e+17	2.79226e+17	1.2219e+17	7.73106e+16	1.54621e+17	2.31932e+17	3.09242e+17	3.86553e+17	4.63863e+17	5.41174e+17	6.18485e+17	6.95795e+17	7.64475e+17	5.33777e+17	8.60014e+15	5.79124e+15	5.32841e+15	2.33172e+15	1.4753e+15	2.9506e+15	4.4259e+15	5.9012e+15	7.37651e+15	8.85181e+15	1.03271e+16	1.18024e+16	1.32777e+16	1.99472e+16	2.05608e+17	4.54033e+17	2.70319	2.51473	2.51473	2.51473	2.51473	2.51473	2.51473	2.51473	2.51473	2.51473	2.51473	2.51473	2.33121	2.43166	4.68986	
131020	6.86481e+17	2.79227e+17	1.2219e+17	7.73109e+16	1.54622e+17	2.31933e+17	3.09243e+17	3.86554e+17	4.63865e+17	5.41176e+17	6.18487e+17	6.95798e+17	7.64436e+17	5.34264e+17	8.60014e+15	5.79065e+15	5.32776e+15	2.33144e+15	1.47512e+15	2.95024e+15	4.42536e+15	5.90048e+15	7.3756e+15	8.85073e+15	1.03258e+16	1.1801e+16	1.32761e+16	1.99712e+16	2.05334e+17	4.54033e+17	2.70594	2.51781	2.51781	2.51781	2.51781	2.51781	2.51781	2.51781	2.51781	2.51781	2.51781	2.51781	2.33447	2.42904	4.68986	
131272	6.86482e+17	2.79228e+17	1.22191e+17	7.73112e+16	1.54622e+17	2.31934e+17	3.09245e+17	3.86556e+17	4.63867e+17	5.41178e+17	6.18489e+17	6.95801e+17	7.64398e+17	5.3475e+17	8.60014e+15	5.79006e+15	5.32711e+15	2.33116e+15	1.47494e+15	2.94988e+15	4.42482e+15	5.89977e+15	7.37471e+15	8.84965e+15	1.03246e+16	1.17995e+16	1.32745e+16	1.9995e+16	2.05061e+17	4.54033e+17	2.70869	2.52089	2.52089	2.52089	2.52089	2.52089	2.52089	2.52089	2.52089	2.52089	2.52089	2.52089	2.33771	2.42645	4.68986	
131524	6.86483e+17	2.79229e+17	1.22191e+17	7.73115e+16	1.54623e+17	2.31934e+17	3.09246e+17	3.86557e+17	4.63869e+17	5.4118e+17	6.18492e+17	6.95803e+17	7.6436e+17	5.35234e+17	8.60014e+15	5.78947e+15	5.32646e+15	2.33087e+15	1.47476e+15	2.94952e+15	4.42429e+15	5.89905e+15	7.37381e+15	8.84857e+15	1.03233e+16	1.17981e+16	1.32729e+16	2.00185e+16	2.04789e+17	4.54033e+17	2.71144	2.52396	2.52396	2.52396	2.52396	2.52396	2.52396	2.52396	2.52396	2.52396	2.52396	2.52396	2.34095	2.42387	4.68986	
131776	6.86484e+17	2.7923e+17	1.22192e+17	7.73118e+16	1.54624e+17	2.31935e+17	3.09247e+17	3.86559e+17	4.63871e+17	5.41182e+17	6.18494e+17	6.95806e+17	7.64323e+17	5.35715e+17	8.60014e+15	5.78889e+15	5.32582e+15	2.33059e+15	1.47458e+15	2.94917e+15	4.42375e+15	5.89833e+15	7.37292e+15	8.8475e+15	1.03221e+16	1.17967e+16	1.32713e+16	2.00418e+16	2.04519e+17	4.54033e+17	2.71418	2.52702	2.52702	2.52702	2.52702	2.52702	2.52702	2.52702	2.52702	2.52702	2.52702	2.52702	2.34418	2.42131	4.68986	
132028	6.86485e+17	2.79231e+17	1.22192e+17	7.7312e+16	1.54624e+17	2.31936e+17	3.09248e+17	3.8656e+17	4.63872e+17	5.41184e+17	6.18496e+17	6.95808e+17	7.64286e+17	5.36195e+17	8.60014e+15	5.7883e+15	5.32517e+15	2.33031e+15	1.47441e+15	2.94881e+15	4.42322e+15	5.89762e+15	7.37203e+15	8.84644e+15	1.03208e+16	1.17952e+16	1.32697e+16	2.00649e+16	2.04249e+17	4.54033e+17	2.71692	2.53008	2.53008	2.53008	2.53008	2.53008	2.53008	2.53008	2.53008	2.53008	2.53008	2.53008	2.34739	2.41877	4.68986	
132280	6.86487e+17	2.79232e+17	1.22193e+17	7.73123e+16	1.54625e+17	2.31937e+17	3.09249e+17	3.86562e+17	4.63874e+17	5.41186e+17	6.18499e+17	6.95811e+17	7.64249e+17	5.36672e+17	8.60014e+15	5.78772e+15	5.32453e+15	2.33003e+15	1.47423e+15	2.94846e+15	4.42268e+15	5.89691e+15	7.37114e+15	8.84537e+15	1.03196e+16	1.17938e+16	1.32681e+16	2.00878e+16	2.03981e+17	4.54033e+17	2.71966	2.53313	2.53313	2.53313	2.53313	2.53313	2.53313	2.53313	2.53313	2.53313	2.53313	2.53313	2.3506	2.41624	4.68986	
132532	6.86488e+17	2.79233e+17	1.22193e+17	7.73126e+16	1.54625e+17	2.31938e+17	3.0925e+17	3.86563e+17	4.63876e+17	5.41188e+17	6.18501e+17	6.95814e+17	7.64213e+17	5.37148e+17	8.60014e+15	5.78714e+15	5.32389e+15	2.32975e+15	1.47405e+15	2.9481e+15	4.42215e+15	5.89621e+15	7.37026e+15	8.84431e+15	1.03184e+16	1.17924e+16	1.32665e+16	2.01104e+16	2.03713e+17	4.54033e+17	2.72239	2.53618	2.53618	2.53618	2.53618	2.53618	2.53618	2.53618	2.53618	2.53618	2.53618	2.53618	2.35379	2.41373	4.68986	
132784	6.86489e+17	2.79234e+17	1.22194e+17	7.73129e+16	1.54626e+17	2.31939e+17	3.09252e+17	3.86565e+17	4.63877e+17	5.4119e+17	6.18503e+17	6.95816e+17	7.64177e+17	5.37622e+17	8.60014e+15	5.78656e+15	5.32326e+15	2.32947e+15	1.47387e+15	2.94775e+15	4.42162e+15	5.8955e+15	7.36937e+15	8.84325e+15	1.03171e+16	1.1791e+16	1.32649e+16	2.01328e+16	2.03447e+17	4.54033e+17	2.72512	2.53922	2.53922	2.53922	2.53922	2.53922	2.53922	2.53922	2.53922	2.53922	2.53922	2.53922	2.35697	2.41124	4.68986	
133036	6.8649e+17	2.79235e+17	1.22194e+17	7.73132e+16	1.54626e+17	2.3194e+17	3.09253e+17	3.86566e+17	4.63879e+17	5.41192e+17	6.18506e+17	6.95819e+17	7.64141e+17	5.38094e+17	8.60014e+15	5.78599e+15	5.32262e+15	2.32919e+15	1.4737e+15	2.9474e+15	4.4211e+15	5.8948e+15	7.3685e+15	8.84219e+15	1.03159e+16	1.17896e+16	1.32633e+16	2.0155e+16	2.03181e+17	4.54033e+17	2.72784	2.54226	2.54226	2.54226	2.54226	2.54226	2.54226	2.54226	2.54226	2.54226	2.54226	2.54226	2.36014	2.40877	4.68986	
133288	6.86491e+17	2.79236e+17	1.22195e+17	7.73135e+16	1.54627e+17	2.3194e+17	3.09254e+17	3.86567e+17	4.63881e+17	5.41194e+17	6.18508e+17	6.95821e+17	7.64106e+17	5.38564e+17	8.60014e+15	5.78541e+15	5.32199e+15	2.32892e+15	1.47352e+15	2.94705e+15	4.42057e+15	5.89409e+15	7.36762e+15	8.84114e+15	1.03147e+16	1.17882e+16	1.32617e+16	2.01769e+16	2.02916e+17	4.54033e+17	2.73056	2.54529	2.54529	2.54529	2.54529	2.54529	2.54529	2.54529	2.54529	2.54529	2.54529	2.54529	2.36331	2.40631	4.68986	
133540	6.86492e+17	2.79237e+17	1.22195e+17	7.73138e+16	1.54628e+17	2.31941e+17	3.09255e+17	3.86569e+17	4.63883e+17	5.41196e+17	6.1851e+17	6.95824e+17	7.64071e+17	5.39032e+17	8.60014e+15	5.78484e+15	5.32135e+15	2.32864e+15	1.47335e+15	2.9467e+15	4.42005e+15	5.89339e+15	7.36674e+15	8.84009e+15	1.03134e+16	1.17868e+16	1.32601e+16	2.01987e+16	2.02653e+17	4.54033e+17	2.73328	2.54832	2.54832	2.54832	2.54832	2.54832	2.54832	2.54832	2.54832	2.54832	2.54832	2.54832	2.36646	2.40386	4.68986	
133792	6.86493e+17	2.79238e+17	1.22195e+17	7.73141e+16	1.54628e+17	2.31942e+17	3.09256e+17	3.8657e+17	4.63884e+17	5.41198e+17	6.18512e+17	6.95827e+17	7.64037e+17	5.39499e+17	8.60014e+15	5.78427e+15	5.32073e+15	2.32836e+15	1.47317e+15	2.94635e+15	4.41952e+15	5.8927e+15	7.36587e+15	8.83905e+15	1.03122e+16	1.17854e+16	1.32586e+16	2.02202e+16	2.0239e+17	4.54033e+17	2.73599	2.55133	2.55133	2.55133	2.55133	2.55133	2.55133	2.55133	2.55133	2.55133	2.55133	2.55133	2.3696	2.40143	4.68986	
134044	6.86494e+17	2.79239e+17	1.22196e+17	7.73143e+16	1.54629e+17	2.31943e+17	3.09257e+17	3.86572e+17	4.63886e+17	5.412e+17	6.18515e+17	6.95829e+17	7.64002e+17	5.39964e+17	8.60014e+15	5.7837e+15	5.3201e+15	2.32809e+15	1.473e+15	2.946e+15	4.419e+15	5.892e+15	7.365e+15	8.838e+15	1.0311e+16	1.1784e+16	1.3257e+16	2.02415e+16	2.02128e+17	4.54033e+17	2.7387	2.55435	2.55435	2.55435	2.55435	2.55435	2.55435	2.55435	2.55435	2.55435	2.55435	2.55435	2.37273	2.39902	4.68986	
134296	6.86495e+17	2.7924e+17	1.22196e+17	7.73146e+16	1.54629e+17	2.31944e+17	3.09259e+17	3.86573e+17	4.63888e+17	5.41202e+17	6.18517e+17	6.95832e+17	7.63969e+17	5.40427e+17	8.60014e+15	5.78313e+15	5.31947e+15	2.32781e+15	1.47283e+15	2.94565e+15	4.41848e+15	5.89131e+15	7.36414e+15	8.83696e+15	1.03098e+16	1.17826e+16	1.32554e+16	2.02626e+16	2.01868e+17	4.54033e+17	2.7414	2.55736	2.55736	2.55736	2.55736	2.55736	2.55736	2.55736	2.55736	2.55736	2.55736	2.55736	2.37585	2.39662	4.68986	
134548	6.86496e+17	2.79241e+17	1.22197e+17	7.73149e+16	1.5463e+17	2.31945e+17	3.0926e+17	3.86575e+17	4.63889e+17	5.41204e+17	6.18519e+17	6.95834e+17	7.63935e+17	5.40888e+17	8.60014e+15	5.78256e+15	5.31885e+15	2.32754e+15	1.47265e+15	2.94531e+15	4.41796e+15	5.89062e+15	7.36327e+15	8.83593e+15	1.03086e+16	1.17812e+16	1.32539e+16	2.02834e+16	2.01607e+17	4.54033e+17	2.74411	2.56036	2.56036	2.56036	2.56036	2.56036	2.56036	2.56036	2.56036	2.56036	2.56036	2.56036	2.37896	2.39424	4.68986	
134800	6.86497e+17	2.79242e+17	1.22197e+17	7.73152e+16	1.5463e+17	2.31946e+17	3.09261e+17	3.86576e+17	4.63891e+17	5.41206e+17	6.18522e+17	6.95837e+17	7.63902e+17	5.41348e+17	8.60014e+15	5.78199e+15	5.31823e+15	2.32727e+15	1.47248e+15	2.94496e+15	4.41745e+15	5.88993e+15	7.36241e+15	8.83489e+15	1.03074e+16	1.17799e+16	1.32523e+16	2.03041e+16	2.01348e+17	4.54033e+17	2.7468	2.56336	2.56336	2.56336	2.56336	2.56336	2.56336	2.56336	2.56336	2.56336	2.56336	2.56336	2.38206	2.39187	4.68986	
135052	6.86498e+17	2.79244e+17	1.22198e+17	7.73155e+16	1.54631e+17	2.31946e+17	3.09262e+17	3.86577e+17	4.63893e+17	5.41208e+17	6.18524e+17	6.95839e+17	7.63869e+17	5.41806e+17	8.60015e+15	5.78143e+15	5.3176e+15	2.327e+15	1.47231e+15	2.94462e+15	4.41693e+15	5.88924e+15	7.36155e+15	8.83386e+15	1.03062e+16	1.17785e+16	1.32508e+16	2.03246e+16	2.0109e+17	4.54034e+17	2.7495	2.56635	2.56635	2.56635	2.56635	2.56635	2.56635	2.56635	2.56635	2.56635	2.56635	2.56635	2.38515	2.38951	4.68986	
135304	6.865e+17	2.79245e+17	1.22198e+17	7.73158e+16	1.54632e+17	2.31947e+17	3.09263e+17	3.86579e+17	4.63895e+17	5.4121e+17	6.18526e+17	6.95842e+17	7.63836e+17	5.42263e+17	8.60015e+15	5.78087e+15	5.31699e+15	2.32673e+15	1.47214e+15	2.94428e+15	4.41642e+15	5.88856e+15	7.3607e+15	8.83283e+15	1.0305e+16	1.17771e+16	1.32493e+16	2.03448e+16	2.00833e+17	4.54034e+17	2.75219	2.56934	2.56934	2.56934	2.56934	2.56934	2.56934	2.56934	2.56934	2.56934	2.56934	2.56934	2.38824	2.38717	4.68986	
135556	6.86501e+17	2.79246e+17	1.22199e+17	7.7316e+16	1.54632e+17	2.31948e+17	3.09264e+17	3.8658e+17	4.63896e+17	5.41212e+17	6.18528e+17	6.95844e+17	7.63804e+17	5.42718e+17	8.60015e+15	5.78031e+15	5.31637e+15	2.32646e+15	1.47197e+15	2.94394e+15	4.41591e+15	5.88787e+15	7.35984e+15	8.83181e+15	1.03038e+16	1.17757e+16	1.32477e+16	2.03648e+16	2.00576e+17	4.54034e+17	2.75487	2.57232	2.57232	2.57232	2.57232	2.57232	2.57232	2.57232	2.57232	2.57232	2.57232	2.57232	2.39131	2.38485	4.68986	
135808	6.86502e+17	2.79247e+17	1.22199e+17	7.73163e+16	1.54633e+17	2.31949e+17	3.09265e+17	3.86582e+17	4.63898e+17	5.41214e+17	6.1853e+17	6.95847e+17	7.63772e+17	5.43171e+17	8.60015e+15	5.77975e+15	5.31575e+15	2.32619e+15	1.4718e+15	2.9436e+15	4.41539e+15	5.88719e+15	7.35899e+15	8.83079e+15	1.03026e+16	1.17744e+16	1.32462e+16	2.03847e+16	2.0032e+17	4.54034e+17	2.75756	2.5753	2.5753	2.5753	2.5753	2.5753	2.5753	2.5753	2.5753	2.5753	2.5753	2.5753	2.39437	2.38253	4.68986	
136060	6.86503e+17	2.79248e+17	1.22199e+17	7.73166e+16	1.54633e+17	2.3195e+17	3.09266e+17	3.86583e+17	4.639e+17	5.41216e+17	6.18533e+17	6.95849e+17	7.6374e+17	5.43623e+17	8.60015e+15	5.77919e+15	5.31514e+15	2.32592e+15	1.47163e+15	2.94326e+15	4.41489e+15	5.88651e+15	7.35814e+15	8.82977e+15	1.03014e+16	1.1773e+16	1.32447e+16	2.04043e+16	2.00065e+17	4.54034e+17	2.76024	2.57827	2.57827	2.57827	2.57827	2.57827	2.57827	2.57827	2.57827	2.57827	2.57827	2.57827	2.39743	2.38023	4.68986	
136312	6.86504e+17	2.79249e+17	1.222e+17	7.73169e+16	1.54634e+17	2.31951e+17	3.09267e+17	3.86584e+17	4.63901e+17	5.41218e+17	6.18535e+17	6.95852e+17	7.63709e+17	5.44074e+17	8.60015e+15	5.77864e+15	5.31453e+15	2.32565e+15	1.47146e+15	2.94292e+15	4.41438e+15	5.88584e+15	7.3573e+15	8.82876e+15	1.03002e+16	1.17717e+16	1.32431e+16	2.04238e+16	1.99811e+17	4.54034e+17	2.76291	2.58124	2.58124	2.58124	2.58124	2.58124	2.58124	2.58124	2.58124	2.58124	2.58124	2.58124	2.40047	2.37795	4.68986	
136564	6.86505e+17	2.7925e+17	1.222e+17	7.73171e+16	1.54634e+17	2.31951e+17	3.09269e+17	3.86586e+17	4.63903e+17	5.4122e+17	6.18537e+17	6.95854e+17	7.63678e+17	5.44523e+17	8.60015e+15	5.77808e+15	5.31392e+15	2.32539e+15	1.47129e+15	2.94258e+15	4.41387e+15	5.88516e+15	7.35645e+15	8.82774e+15	1.0299e+16	1.17703e+16	1.32416e+16	2.0443e+16	1.99558e+17	4.54034e+17	2.76558	2.5842	2.5842	2.5842	2.5842	2.5842	2.5842	2.5842	2.5842	2.5842	2.5842	2.5842	2.40351	2.37567	4.68986	
136816	6.86506e+17	2.79251e+17	1.22201e+17	7.73174e+16	1.54635e+17	2.31952e+17	3.0927e+17	3.86587e+17	4.63904e+17	5.41222e+17	6.18539e+17	6.95857e+17	7.63647e+17	5.4497e+17	8.60015e+15	5.77753e+15	5.31331e+15	2.32512e+15	1.47112e+15	2.94224e+15	4.41337e+15	5.88449e+15	7.35561e+15	8.82673e+15	1.02979e+16	1.1769e+16	1.32401e+16	2.04621e+16	1.99305e+17	4.54034e+17	2.76825	2.58716	2.58716	2.58716	2.58716	2.58716	2.58716	2.58716	2.58716	2.58716	2.58716	2.58716	2.40654	2.37341	4.68986	
137068	6.86507e+17	2.79252e+17	1.22201e+17	7.73177e+16	1.54635e+17	2.31953e+17	3.09271e+17	3.86588e+17	4.63906e+17	5.41224e+17	6.18542e+17	6.95859e+17	7.63617e+17	5.45417e+17	8.60015e+15	5.77698e+15	5.31271e+15	2.32485e+15	1.47095e+15	2.94191e+15	4.41286e+15	5.88382e+15	7.35477e+15	8.82573e+15	1.02967e+16	1.17676e+16	1.32386e+16	2.0481e+16	1.99053e+17	4.54034e+17	2.77092	2.59011	2.59011	2.59011	2.59011	2.59011	2.59011	2.59011	2.59011	2.59011	2.59011	2.59011	2.40956	2.37116	4.68986	
137320	6.86508e+17	2.79253e+17	1.22202e+17	7.7318e+16	1.54636e+17	2.31954e+17	3.09272e+17	3.8659e+17	4.63908e+17	5.41226e+17	6.18544e+17	6.95862e+17	7.63587e+17	5.45861e+17	8.60015e+15	5.77643e+15	5.31211e+15	2.32459e+15	1.47079e+15	2.94158e+15	4.41236e+15	5.88315e+15	7.35394e+15	8.82473e+15	1.02955e+16	1.17663e+16	1.32371e+16	2.04997e+16	1.98802e+17	4.54034e+17	2.77358	2.59305	2.59305	2.59305	2.59305	2.59305	2.59305	2.59305	2.59305	2.59305	2.59305	2.59305	2.41257	2.36893	4.68986	
137572	6.86509e+17	2.79253e+17	1.22202e+17	7.73182e+16	1.54636e+17	2.31955e+17	3.09273e+17	3.86591e+17	4.63909e+17	5.41228e+17	6.18546e+17	6.95864e+17	7.63557e+17	5.46305e+17	8.60015e+15	5.77588e+15	5.3115e+15	2.32433e+15	1.47062e+15	2.94124e+15	4.41186e+15	5.88248e+15	7.3531e+15	8.82373e+15	1.02943e+16	1.1765e+16	1.32356e+16	2.05182e+16	1.98551e+17	4.54034e+17	2.77623	2.596	2.596	2.596	2.596	2.596	2.596	2.596	2.596	2.596	2.596	2.596	2.41557	2.36671	4.68986	
137824	6.8651e+17	2.79254e+17	1.22202e+17	7.73185e+16	1.54637e+17	2.31956e+17	3.09274e+17	3.86593e+17	4.63911e+17	5.4123e+17	6.18548e+17	6.95867e+17	7.63528e+17	5.46746e+17	8.60015e+15	5.77534e+15	5.3109e+15	2.32406e+15	1.47045e+15	2.94091e+15	4.41136e+15	5.88182e+15	7.35227e+15	8.82273e+15	1.02932e+16	1.17636e+16	1.32341e+16	2.05365e+16	1.98301e+17	4.54034e+17	2.77889	2.59893	2.59893	2.59893	2.59893	2.59893	2.59893	2.59893	2.59893	2.59893	2.59893	2.59893	2.41856	2.3645	4.68986	
138076	6.86511e+17	2.79255e+17	1.22203e+17	7.73188e+16	1.54638e+17	2.31956e+17	3.09275e+17	3.86594e+17	4.63913e+17	5.41231e+17	6.1855e+17	6.95869e+17	7.63498e+17	5.47187e+17	8.60015e+15	5.77479e+15	5.3103e+15	2.3238e+15	1.47029e+15	2.94058e+15	4.41087e+15	5.88116e+15	7.35145e+15	8.82173e+15	1.0292e+16	1.17623e+16	1.32326e+16	2.05547e+16	1.98052e+17	4.54034e+17	2.78154	2.60187	2.60187	2.60187	2.60187	2.60187	2.60187	2.60187	2.60187	2.60187	2.60187	2.60187	2.42155	2.3623	4.68986	
138328	6.86512e+17	2.79256e+17	1.22203e+17	7.7319e+16	1.54638e+17	2.31957e+17	3.09276e+17	3.86595e+17	4.63914e+17	5.41233e+17	6.18552e+17	6.95871e+17	7.63469e+17	5.47627e+17	8.60015e+15	5.77425e+15	5.30971e+15	2.32354e+15	1.47012e+15	2.94025e+15	4.41037e+15	5.8805e+15	7.35062e+15	8.82074e+15	1.02909e+16	1.1761e+16	1.32311e+16	2.05726e+16	1.97804e+17	4.54034e+17	2.78418	2.60479	2.60479	2.60479	2.60479	2.60479	2.60479	2.60479	2.60479	2.60479	2.60479	2.60479	2.42452	2.36011	4.68986	
138580	6.86513e+17	2.79257e+17	1.22204e+17	7.73193e+16	1.54639e+17	2.31958e+17	3.09277e+17	3.86597e+17	4.63916e+17	5.41235e+17	6.18555e+17	6.95874e+17	7.63441e+17	5.48065e+17	8.60015e+15	5.77371e+15	5.30911e+15	2.32328e+15	1.46996e+15	2.93992e+15	4.40988e+15	5.87984e+15	7.3498e+15	8.81976e+15	1.02897e+16	1.17597e+16	1.32296e+16	2.05904e+16	1.97556e+17	4.54034e+17	2.78683	2.60772	2.60772	2.60772	2.60772	2.60772	2.60772	2.60772	2.60772	2.60772	2.60772	2.60772	2.42749	2.35794	4.68986	
138832	6.86514e+17	2.79258e+17	1.22204e+17	7.73196e+16	1.54639e+17	2.31959e+17	3.09278e+17	3.86598e+17	4.63918e+17	5.41237e+17	6.18557e+17	6.95876e+17	7.63412e+17	5.48502e+17	8.60015e+15	5.77317e+15	5.30852e+15	2.32302e+15	1.4698e+15	2.93959e+15	4.40939e+15	5.87918e+15	7.34898e+15	8.81877e+15	1.02886e+16	1.17584e+16	1.32282e+16	2.06081e+16	1.97309e+17	4.54034e+17	2.78947	2.61064	2.61064	2.61064	2.61064	2.61064	2.61064	2.61064	2.61064	2.61064	2.61064	2.61064	2.43045	2.35577	4.68986	
139084	6.86515e+17	2.79259e+17	1.22205e+17	7.73199e+16	1.5464e+17	2.3196e+17	3.09279e+17	3.86599e+17	4.63919e+17	5.41239e+17	6.18559e+17	6.95879e+17	7.63384e+17	5.48937e+17	8.60015e+15	5.77263e+15	5.30793e+15	2.32276e+15	1.46963e+15	2.93926e+15	4.40889e+15	5.87853e+15	7.34816e+15	8.81779e+15	1.02874e+16	1.17571e+16	1.32267e+16	2.06255e+16	1.97063e+17	4.54034e+17	2.7921	2.61355	2.61355	2.61355	2.61355	2.61355	2.61355	2.61355	2.61355	2.61355	2.61355	2.61355	2.4334	2.35362	4.68986	
139336	6.86516e+17	2.7926e+17	1.22205e+17	7.73201e+16	1.5464e+17	2.3196e+17	3.0928e+17	3.86601e+17	4.63921e+17	5.41241e+17	6.18561e+17	6.95881e+17	7.63356e+17	5.49372e+17	8.60015e+15	5.7721e+15	5.30734e+15	2.32251e+15	1.46947e+15	2.93894e+15	4.4084e+15	5.87787e+15	7.34734e+15	8.81681e+15	1.02863e+16	1.17557e+16	1.32252e+16	2.06429e+16	1.96817e+17	4.54034e+17	2.79474	2.61646	2.61646	2.61646	2.61646	2.61646	2.61646	2.61646	2.61646	2.61646	2.61646	2.61646	2.43635	2.35148	4.68986	
139588	6.86517e+17	2.79261e+17	1.22205e+17	7.73204e+16	1.54641e+17	2.31961e+17	3.09282e+17	3.86602e+17	4.63922e+17	5.41243e+17	6.18563e+17	6.95883e+17	7.63328e+17	5.49805e+17	8.60015e+15	5.77156e+15	5.30675e+15	2.32225e+15	1.46931e+15	2.93861e+15	4.40792e+15	5.87722e+15	7.34653e+15	8.81583e+15	1.02851e+16	1.17544e+16	1.32238e+16	2.066e+16	1.96572e+17	4.54034e+17	2.79736	2.61936	2.61936	2.61936	2.61936	2.61936	2.61936	2.61936	2.61936	2.61936	2.61936	2.61936	2.43929	2.34935	4.68986	
139840	6.86518e+17	2.79262e+17	1.22206e+17	7.73207e+16	1.54641e+17	2.31962e+17	3.09283e+17	3.86603e+17	4.63924e+17	5.41245e+17	6.18565e+17	6.95886e+17	7.63301e+17	5.50237e+17	8.60015e+15	5.77103e+15	5.30617e+15	2.32199e+15	1.46914e+15	2.93829e+15	4.40743e+15	5.87657e+15	7.34572e+15	8.81486e+15	1.0284e+16	1.17531e+16	1.32223e+16	2.0677e+16	1.96327e+17	4.54034e+17	2.79999	2.62226	2.62226	2.62226	2.62226	2.62226	2.62226	2.62226	2.62226	2.62226	2.62226	2.62226	2.44221	2.34723	4.68986	
140092	6.86519e+17	2.79263e+17	1.22206e+17	7.73209e+16	1.54642e+17	2.31963e+17	3.09284e+17	3.86605e+17	4.63926e+17	5.41246e+17	6.18567e+17	6.95888e+17	7.63274e+17	5.50667e+17	8.60015e+15	5.7705e+15	5.30558e+15	2.32174e+15	1.46898e+15	2.93796e+15	4.40695e+15	5.87593e+15	7.34491e+15	8.81389e+15	1.02829e+16	1.17519e+16	1.32208e+16	2.06938e+16	1.96083e+17	4.54034e+17	2.80261	2.62516	2.62516	2.62516	2.62516	2.62516	2.62516	2.62516	2.62516	2.62516	2.62516	2.62516	2.44513	2.34512	4.68986	
140344	6.8652e+17	2.79264e+17	1.22207e+17	7.73212e+16	1.54642e+17	2.31964e+17	3.09285e+17	3.86606e+17	4.63927e+17	5.41248e+17	6.18569e+17	6.95891e+17	7.63247e+17	5.51097e+17	8.60015e+15	5.76997e+15	5.305e+15	2.32148e+15	1.46882e+15	2.93764e+15	4.40646e+15	5.87528e+15	7.3441e+15	8.81292e+15	1.02817e+16	1.17506e+16	1.32194e+16	2.07105e+16	1.9584e+17	4.54034e+17	2.80523	2.62805	2.62805	2.62805	2.62805	2.62805	2.62805	2.62805	2.62805	2.62805	2.62805	2.62805	2.44805	2.34303	4.68986	
140596	6.86521e+17	2.79265e+17	1.22207e+17	7.73214e+16	1.54643e+17	2.31964e+17	3.09286e+17	3.86607e+17	4.63929e+17	5.4125e+17	6.18572e+17	6.95893e+17	7.6322e+17	5.51526e+17	8.60015e+15	5.76944e+15	5.30442e+15	2.32123e+15	1.46866e+15	2.93732e+15	4.40598e+15	5.87464e+15	7.3433e+15	8.81196e+15	1.02806e+16	1.17493e+16	1.32179e+16	2.0727e+16	1.95597e+17	4.54034e+17	2.80785	2.63094	2.63094	2.63094	2.63094	2.63094	2.63094	2.63094	2.63094	2.63094	2.63094	2.63094	2.45096	2.34094	4.68986	
140848	6.86522e+17	2.79266e+17	1.22208e+17	7.73217e+16	1.54643e+17	2.31965e+17	3.09287e+17	3.86609e+17	4.6393e+17	5.41252e+17	6.18574e+17	6.95895e+17	7.63194e+17	5.51953e+17	8.60015e+15	5.76891e+15	5.30384e+15	2.32097e+15	1.4685e+15	2.937e+15	4.4055e+15	5.874e+15	7.3425e+15	8.811e+15	1.02795e+16	1.1748e+16	1.32165e+16	2.07434e+16	1.95355e+17	4.54034e+17	2.81046	2.63382	2.63382	2.63382	2.63382	2.63382	2.63382	2.63382	2.63382	2.63382	2.63382	2.63382	2.45385	2.33886	4.68986	
141100	6.86523e+17	2.79267e+17	1.22208e+17	7.7322e+16	1.54644e+17	2.31966e+17	3.09288e+17	3.8661e+17	4.63932e+17	5.41254e+17	6.18576e+17	6.95898e+17	7.63167e+17	5.5238e+17	8.60015e+15	5.76838e+15	5.30326e+15	2.32072e+15	1.46834e+15	2.93668e+15	4.40502e+15	5.87336e+15	7.3417e+15	8.81004e+15	1.02784e+16	1.17467e+16	1.32151e+16	2.07596e+16	1.95113e+17	4.54034e+17	2.81307	2.63669	2.63669	2.63669	2.63669	2.63669	2.63669	2.63669	2.63669	2.63669	2.63669	2.63669	2.45675	2.3368	4.68986	
141352	6.86524e+17	2.79268e+17	1.22208e+17	7.73222e+16	1.54644e+17	2.31967e+17	3.09289e+17	3.86611e+17	4.63933e+17	5.41256e+17	6.18578e+17	6.959e+17	7.63141e+17	5.52805e+17	8.60015e+15	5.76786e+15	5.30269e+15	2.32047e+15	1.46818e+15	2.93636e+15	4.40454e+15	5.87272e+15	7.3409e+15	8.80908e+15	1.02773e+16	1.17454e+16	1.32136e+16	2.07757e+16	1.94872e+17	4.54034e+17	2.81567	2.63956	2.63956	2.63956	2.63956	2.63956	2.63956	2.63956	2.63956	2.63956	2.63956	2.63956	2.45963	2.33474	4.68986	
141604	6.86525e+17	2.79269e+17	1.22209e+17	7.73225e+16	1.54645e+17	2.31967e+17	3.0929e+17	3.86612e+17	4.63935e+17	5.41257e+17	6.1858e+17	6.95902e+17	7.63116e+17	5.53229e+17	8.60015e+15	5.76734e+15	5.30211e+15	2.32022e+15	1.46802e+15	2.93604e+15	4.40406e+15	5.87209e+15	7.34011e+15	8.80813e+15	1.02762e+16	1.17442e+16	1.32122e+16	2.07917e+16	1.94632e+17	4.54034e+17	2.81827	2.64243	2.64243	2.64243	2.64243	2.64243	2.64243	2.64243	2.64243	2.64243	2.64243	2.64243	2.46251	2.33269	4.68986	
141856	6.86526e+17	2.7927e+17	1.22209e+17	7.73227e+16	1.54645e+17	2.31968e+17	3.09291e+17	3.86614e+17	4.63936e+17	5.41259e+17	6.18582e+17	6.95905e+17	7.6309e+17	5.53652e+17	8.60015e+15	5.76682e+15	5.30154e+15	2.31997e+15	1.46786e+15	2.93573e+15	4.40359e+15	5.87145e+15	7.33932e+15	8.80718e+15	1.0275e+16	1.17429e+16	1.32108e+16	2.08075e+16	1.94392e+17	4.54034e+17	2.82087	2.6453	2.6453	2.6453	2.6453	2.6453	2.6453	2.6453	2.6453	2.6453	2.6453	2.6453	2.46538	2.33066	4.68986	
142108	6.86527e+17	2.79271e+17	1.2221e+17	7.7323e+16	1.54646e+17	2.31969e+17	3.09292e+17	3.86615e+17	4.63938e+17	5.41261e+17	6.18584e+17	6.95907e+17	7.63065e+17	5.54074e+17	8.60015e+15	5.76629e+15	5.30097e+15	2.31972e+15	1.46771e+15	2.93541e+15	4.40312e+15	5.87082e+15	7.33853e+15	8.80623e+15	1.02739e+16	1.17416e+16	1.32093e+16	2.08231e+16	1.94152e+17	4.54034e+17	2.82346	2.64815	2.64815	2.64815	2.64815	2.64815	2.64815	2.64815	2.64815	2.64815	2.64815	2.64815	2.46824	2.32863	4.68986	
142360	6.86528e+17	2.79272e+17	1.2221e+17	7.73233e+16	1.54647e+17	2.3197e+17	3.09293e+17	3.86616e+17	4.6394e+17	5.41263e+17	6.18586e+17	6.95909e+17	7.6304e+17	5.54495e+17	8.60015e+15	5.76578e+15	5.3004e+15	2.31947e+15	1.46755e+15	2.9351e+15	4.40264e+15	5.87019e+15	7.33774e+15	8.80529e+15	1.02728e+16	1.17404e+16	1.32079e+16	2.08387e+16	1.93913e+17	4.54034e+17	2.82606	2.65101	2.65101	2.65101	2.65101	2.65101	2.65101	2.65101	2.65101	2.65101	2.65101	2.65101	2.4711	2.32661	4.68986	
142612	6.86529e+17	2.79273e+17	1.2221e+17	7.73235e+16	1.54647e+17	2.31971e+17	3.09294e+17	3.86618e+17	4.63941e+17	5.41265e+17	6.18588e+17	6.95912e+17	7.63015e+17	5.54915e+17	8.60015e+15	5.76526e+15	5.29984e+15	2.31922e+15	1.46739e+15	2.93478e+15	4.40217e+15	5.86956e+15	7.33696e+15	8.80435e+15	1.02717e+16	1.17391e+16	1.32065e+16	2.08541e+16	1.93675e+17	4.54034e+17	2.82864	2.65386	2.65386	2.65386	2.65386	2.65386	2.65386	2.65386	2.65386	2.65386	2.65386	2.65386	2.47395	2.32461	4.68986	
142864	6.8653e+17	2.79274e+17	1.22211e+17	7.73238e+16	1.54648e+17	2.31971e+17	3.09295e+17	3.86619e+17	4.63943e+17	5.41266e+17	6.1859e+17	6.95914e+17	7.6299e+17	5.55334e+17	8.60016e+15	5.76474e+15	5.29927e+15	2.31898e+15	1.46723e+15	2.93447e+15	4.4017e+15	5.86894e+15	7.33617e+15	8.80341e+15	1.02706e+16	1.17379e+16	1.32051e+16	2.08694e+16	1.93437e+17	4.54034e+17	2.83123	2.6567	2.6567	2.6567	2.6567	2.6567	2.6567	2.6567	2.6567	2.6567	2.6567	2.6567	2.47679	2.32261	4.68986	
143116	6.86531e+17	2.79274e+17	1.22211e+17	7.7324e+16	1.54648e+17	2.31972e+17	3.09296e+17	3.8662e+17	4.63944e+17	5.41268e+17	6.18592e+17	6.95916e+17	7.62965e+17	5.55752e+17	8.60016e+15	5.76423e+15	5.29871e+15	2.31873e+15	1.46708e+15	2.93416e+15	4.40124e+15	5.86832e+15	7.33539e+15	8.80247e+15	1.02696e+16	1.17366e+16	1.32037e+16	2.08846e+16	1.932e+17	4.54034e+17	2.83381	2.65955	2.65955	2.65955	2.65955	2.65955	2.65955	2.65955	2.65955	2.65955	2.65955	2.65955	2.47963	2.32062	4.68986	
143368	6.86532e+17	2.79275e+17	1.22212e+17	7.73243e+16	1.54649e+17	2.31973e+17	3.09297e+17	3.86621e+17	4.63946e+17	5.4127e+17	6.18594e+17	6.95919e+17	7.62941e+17	5.56169e+17	8.60016e+15	5.76372e+15	5.29815e+15	2.31848e+15	1.46692e+15	2.93385e+15	4.40077e+15	5.86769e+15	7.33462e+15	8.80154e+15	1.02685e+16	1.17354e+16	1.32023e+16	2.08996e+16	1.92963e+17	4.54034e+17	2.83639	2.66238	2.66238	2.66238	2.66238	2.66238	2.66238	2.66238	2.66238	2.66238	2.66238	2.66238	2.48245	2.31864	4.68986	
143620	6.86533e+17	2.79276e+17	1.22212e+17	7.73245e+16	1.54649e+17	2.31974e+17	3.09298e+17	3.86623e+17	4.63947e+17	5.41272e+17	6.18596e+17	6.95921e+17	7.62917e+17	5.56585e+17	8.60016e+15	5.76321e+15	5.29759e+15	2.31824e+15	1.46677e+15	2.93354e+15	4.40031e+15	5.86707e+15	7.33384e+15	8.80061e+15	1.02674e+16	1.17341e+16	1.32009e+16	2.09146e+16	1.92727e+17	4.54034e+17	2.83896	2.66521	2.66521	2.66521	2.66521	2.66521	2.66521	2.66521	2.66521	2.66521	2.66521	2.66521	2.48528	2.31667	4.68986	
143872	6.86534e+17	2.79277e+17	1.22212e+17	7.73248e+16	1.5465e+17	2.31974e+17	3.09299e+17	3.86624e+17	4.63949e+17	5.41274e+17	6.18598e+17	6.95923e+17	7.62893e+17	5.57001e+17	8.60016e+15	5.7627e+15	5.29703e+15	2.31799e+15	1.46661e+15	2.93323e+15	4.39984e+15	5.86646e+15	7.33307e+15	8.79968e+15	1.02663e+16	1.17329e+16	1.31995e+16	2.09294e+16	1.92491e+17	4.54034e+17	2.84153	2.66804	2.66804	2.66804	2.66804	2.66804	2.66804	2.66804	2.66804	2.66804	2.66804	2.66804	2.48809	2.31471	4.68986	
144124	6.86535e+17	2.79278e+17	1.22213e+17	7.7325e+16	1.5465e+17	2.31975e+17	3.093e+17	3.86625e+17	4.6395e+17	5.41275e+17	6.186e+17	6.95925e+17	7.62869e+17	5.57415e+17	8.60016e+15	5.76219e+15	5.29647e+15	2.31775e+15	1.46646e+15	2.93292e+15	4.39938e+15	5.86584e+15	7.3323e+15	8.79876e+15	1.02652e+16	1.17317e+16	1.31981e+16	2.09441e+16	1.92255e+17	4.54034e+17	2.8441	2.67087	2.67087	2.67087	2.67087	2.67087	2.67087	2.67087	2.67087	2.67087	2.67087	2.67087	2.4909	2.31275	4.68986	
144376	6.86536e+17	2.79279e+17	1.22213e+17	7.73253e+16	1.54651e+17	2.31976e+17	3.09301e+17	3.86626e+17	4.63952e+17	5.41277e+17	6.18602e+17	6.95928e+17	7.62845e+17	5.57828e+17	8.60016e+15	5.76168e+15	5.29592e+15	2.31751e+15	1.46631e+15	2.93261e+15	4.39892e+15	5.86522e+15	7.33153e+15	8.79784e+15	1.02641e+16	1.17304e+16	1.31968e+16	2.09587e+16	1.9202e+17	4.54034e+17	2.84666	2.67369	2.67369	2.67369	2.67369	2.67369	2.67369	2.67369	2.67369	2.67369	2.67369	2.67369	2.49371	2.31081	4.68986	
144628	6.86537e+17	2.7928e+17	1.22214e+17	7.73255e+16	1.54651e+17	2.31977e+17	3.09302e+17	3.86628e+17	4.63953e+17	5.41279e+17	6.18604e+17	6.9593e+17	7.62822e+17	5.58241e+17	8.60016e+15	5.76118e+15	5.29537e+15	2.31727e+15	1.46615e+15	2.93231e+15	4.39846e+15	5.86461e+15	7.33076e+15	8.79692e+15	1.02631e+16	1.17292e+16	1.31954e+16	2.09732e+16	1.91786e+17	4.54034e+17	2.84922	2.6765	2.6765	2.6765	2.6765	2.6765	2.6765	2.6765	2.6765	2.6765	2.6765	2.6765	2.4965	2.30888	4.68986	
144879	6.86538e+17	2.79281e+17	1.22214e+17	7.73258e+16	1.54652e+17	2.31977e+17	3.09303e+17	3.86629e+17	4.63955e+17	5.41281e+17	6.18606e+17	6.95932e+17	7.62798e+17	5.58652e+17	8.60016e+15	5.76067e+15	5.29481e+15	2.31702e+15	1.466e+15	2.932e+15	4.398e+15	5.864e+15	7.33e+15	8.796e+15	1.0262e+16	1.1728e+16	1.3194e+16	2.09876e+16	1.91552e+17	4.54034e+17	2.85178	2.67931	2.67931	2.67931	2.67931	2.67931	2.67931	2.67931	2.67931	2.67931	2.67931	2.67931	2.4993	2.30695	4.68986	
145131	6.86539e+17	2.79282e+17	1.22214e+17	7.7326e+16	1.54652e+17	2.31978e+17	3.09304e+17	3.8663e+17	4.63956e+17	5.41282e+17	6.18608e+17	6.95934e+17	7.62775e+17	5.59063e+17	8.60016e+15	5.76017e+15	5.29426e+15	2.31678e+15	1.46585e+15	2.9317e+15	4.39754e+15	5.86339e+15	7.32924e+15	8.79509e+15	1.02609e+16	1.17268e+16	1.31926e+16	2.10019e+16	1.91319e+17	4.54034e+17	2.85433	2.68212	2.68212	2.68212	2.68212	2.68212	2.68212	2.68212	2.68212	2.68212	2.68212	2.68212	2.50208	2.30503	4.68986	
145383	6.8654e+17	2.79283e+17	1.22215e+17	7.73263e+16	1.54653e+17	2.31979e+17	3.09305e+17	3.86631e+17	4.63958e+17	5.41284e+17	6.1861e+17	6.95937e+17	7.62752e+17	5.59472e+17	8.60016e+15	5.75967e+15	5.29372e+15	2.31654e+15	1.4657e+15	2.93139e+15	4.39709e+15	5.86279e+15	7.32848e+15	8.79418e+15	1.02599e+16	1.17256e+16	1.31913e+16	2.1016e+16	1.91086e+17	4.54034e+17	2.85688	2.68492	2.68492	2.68492	2.68492	2.68492	2.68492	2.68492	2.68492	2.68492	2.68492	2.68492	2.50486	2.30312	4.68986	
145635	6.86541e+17	2.79283e+17	1.22215e+17	7.73265e+16	1.54653e+17	2.3198e+17	3.09306e+17	3.86633e+17	4.63959e+17	5.41286e+17	6.18612e+17	6.95939e+17	7.62729e+17	5.59881e+17	8.60016e+15	5.75917e+15	5.29317e+15	2.3163e+15	1.46554e+15	2.93109e+15	4.39663e+15	5.86218e+15	7.32772e+15	8.79327e+15	1.02588e+16	1.17244e+16	1.31899e+16	2.10301e+16	1.90853e+17	4.54034e+17	2.85943	2.68772	2.68772	2.68772	2.68772	2.68772	2.68772	2.68772	2.68772	2.68772	2.68772	2.68772	2.50763	2.30122	4.68986	
145887	6.86542e+17	2.79284e+17	1.22216e+17	7.73268e+16	1.54654e+17	2.3198e+17	3.09307e+17	3.86634e+17	4.63961e+17	5.41288e+17	6.18614e+17	6.95941e+17	7.62707e+17	5.60289e+17	8.60016e+15	5.75867e+15	5.29262e+15	2.31607e+15	1.46539e+15	2.93079e+15	4.39618e+15	5.86158e+15	7.32697e+15	8.79236e+15	1.02578e+16	1.17232e+16	1.31885e+16	2.10441e+16	1.90621e+17	4.54034e+17	2.86198	2.69051	2.69051	2.69051	2.69051	2.69051	2.69051	2.69051	2.69051	2.69051	2.69051	2.69051	2.5104	2.29933	4.68986	
146139	6.86543e+17	2.79285e+17	1.22216e+17	7.7327e+16	1.54654e+17	2.31981e+17	3.09308e+17	3.86635e+17	4.63962e+17	5.41289e+17	6.18616e+17	6.95943e+17	7.62684e+17	5.60696e+17	8.60016e+15	5.75817e+15	5.29208e+15	2.31583e+15	1.46524e+15	2.93049e+15	4.39573e+15	5.86097e+15	7.32622e+15	8.79146e+15	1.02567e+16	1.17219e+16	1.31872e+16	2.1058e+16	1.90389e+17	4.54034e+17	2.86452	2.6933	2.6933	2.6933	2.6933	2.6933	2.6933	2.6933	2.6933	2.6933	2.6933	2.6933	2.51316	2.29745	4.68986	
146391	6.86544e+17	2.79286e+17	1.22216e+17	7.73273e+16	1.54655e+17	2.31982e+17	3.09309e+17	3.86636e+17	4.63964e+17	5.41291e+17	6.18618e+17	6.95946e+17	7.62662e+17	5.61103e+17	8.60016e+15	5.75768e+15	5.29154e+15	2.31559e+15	1.46509e+15	2.93019e+15	4.39528e+15	5.86037e+15	7.32547e+15	8.79056e+15	1.02557e+16	1.17207e+16	1.31858e+16	2.10718e+16	1.90158e+17	4.54034e+17	2.86706	2.69609	2.69609	2.69609	2.69609	2.69609	2.69609	2.69609	2.69609	2.69609	2.69609	2.69609	2.51591	2.29557	4.68986	
146643	6.86545e+17	2.79287e+17	1.22217e+17	7.73275e+16	1.54655e+17	2.31983e+17	3.0931e+17	3.86638e+17	4.63965e+17	5.41293e+17	6.1862e+17	6.95948e+17	7.6264e+17	5.61508e+17	8.60016e+15	5.75718e+15	5.291e+15	2.31536e+15	1.46494e+15	2.92989e+15	4.39483e+15	5.85978e+15	7.32472e+15	8.78967e+15	1.02546e+16	1.17196e+16	1.31845e+16	2.10855e+16	1.89927e+17	4.54034e+17	2.86959	2.69887	2.69887	2.69887	2.69887	2.69887	2.69887	2.69887	2.69887	2.69887	2.69887	2.69887	2.51866	2.2937	4.68986	
146895	6.86546e+17	2.79288e+17	1.22217e+17	7.73278e+16	1.54656e+17	2.31983e+17	3.09311e+17	3.86639e+17	4.63967e+17	5.41294e+17	6.18622e+17	6.9595e+17	7.62617e+17	5.61913e+17	8.60016e+15	5.75669e+15	5.29046e+15	2.31512e+15	1.4648e+15	2.92959e+15	4.39439e+15	5.85918e+15	7.32398e+15	8.78877e+15	1.02536e+16	1.17184e+16	1.31832e+16	2.10992e+16	1.89697e+17	4.54034e+17	2.87212	2.70165	2.70165	2.70165	2.70165	2.70165	2.70165	2.70165	2.70165	2.70165	2.70165	2.70165	2.52141	2.29184	4.68986	
147146	6.86547e+17	2.79289e+17	1.22218e+17	7.7328e+16	1.54656e+17	2.31984e+17	3.09312e+17	3.8664e+17	4.63968e+17	5.41296e+17	6.18624e+17	6.95952e+17	7.62595e+17	5.62316e+17	8.60016e+15	5.7562e+15	5.28993e+15	2.31488e+15	1.46465e+15	2.92929e+15	4.39394e+15	5.85859e+15	7.32323e+15	8.78788e+15	1.02525e+16	1.17172e+16	1.31818e+16	2.11127e+16	1.89467e+17	4.54034e+17	2.87465	2.70442	2.70442	2.70442	2.70442	2.70442	2.70442	2.70442	2.70442	2.70442	2.70442	2.70442	2.52414	2.28999	4.68986	
147398	6.86548e+17	2.7929e+17	1.22218e+17	7.73283e+16	1.54657e+17	2.31985e+17	3.09313e+17	3.86641e+17	4.6397e+17	5.41298e+17	6.18626e+17	6.95954e+17	7.62574e+17	5.62719e+17	8.60017e+15	5.75571e+15	5.28939e+15	2.31465e+15	1.4645e+15	2.929e+15	4.3935e+15	5.85799e+15	7.32249e+15	8.78699e+15	1.02515e+16	1.1716e+16	1.31805e+16	2.11262e+16	1.89237e+17	4.54034e+17	2.87717	2.70719	2.70719	2.70719	2.70719	2.70719	2.70719	2.70719	2.70719	2.70719	2.70719	2.70719	2.52687	2.28815	4.68986	
147650	6.86549e+17	2.79291e+17	1.22218e+17	7.73285e+16	1.54657e+17	2.31985e+17	3.09314e+17	3.86642e+17	4.63971e+17	5.41299e+17	6.18628e+17	6.95956e+17	7.62552e+17	5.63121e+17	8.60017e+15	5.75522e+15	5.28886e+15	2.31442e+15	1.46435e+15	2.9287e+15	4.39305e+15	5.8574e+15	7.32175e+15	8.7861e+15	1.02505e+16	1.17148e+16	1.31792e+16	2.11396e+16	1.89008e+17	4.54034e+17	2.8797	2.70996	2.70996	2.70996	2.70996	2.70996	2.70996	2.70996	2.70996	2.70996	2.70996	2.70996	2.5296	2.28631	4.68986	
147902	6.86549e+17	2.79291e+17	1.22219e+17	7.73287e+16	1.54657e+17	2.31986e+17	3.09315e+17	3.86644e+17	4.63972e+17	5.41301e+17	6.1863e+17	6.95959e+17	7.6253e+17	5.63522e+17	8.60017e+15	5.75473e+15	5.28832e+15	2.31418e+15	1.4642e+15	2.92841e+15	4.39261e+15	5.85681e+15	7.32102e+15	8.78522e+15	1.02494e+16	1.17136e+16	1.31778e+16	2.11528e+16	1.8878e+17	4.54034e+17	2.88221	2.71272	2.71272	2.71272	2.71272	2.71272	2.71272	2.71272	2.71272	2.71272	2.71272	2.71272	2.53232	2.28448	4.68986	
148154	6.8655e+17	2.79292e+17	1.22219e+17	7.7329e+16	1.54658e+17	2.31987e+17	3.09316e+17	3.86645e+17	4.63974e+17	5.41303e+17	6.18632e+17	6.95961e+17	7.62509e+17	5.63923e+17	8.60017e+15	5.75424e+15	5.28779e+15	2.31395e+15	1.46406e+15	2.92811e+15	4.39217e+15	5.85623e+15	7.32028e+15	8.78434e+15	1.02484e+16	1.17125e+16	1.31765e+16	2.11661e+16	1.88551e+17	4.54034e+17	2.88473	2.71547	2.71547	2.71547	2.71547	2.71547	2.71547	2.71547	2.71547	2.71547	2.71547	2.71547	2.53504	2.28266	4.68986	
148405	6.86551e+17	2.79293e+17	1.22219e+17	7.73292e+16	1.54658e+17	2.31988e+17	3.09317e+17	3.86646e+17	4.63975e+17	5.41305e+17	6.18634e+17	6.95963e+17	7.62487e+17	5.64323e+17	8.60017e+15	5.75376e+15	5.28727e+15	2.31372e+15	1.46391e+15	2.92782e+15	4.39173e+15	5.85564e+15	7.31955e+15	8.78346e+15	1.02474e+16	1.17113e+16	1.31752e+16	2.11792e+16	1.88323e+17	4.54034e+17	2.88724	2.71823	2.71823	2.71823	2.71823	2.71823	2.71823	2.71823	2.71823	2.71823	2.71823	2.71823	2.53775	2.28085	4.68986	
148657	6.86552e+17	2.79294e+17	1.2222e+17	7.73295e+16	1.54659e+17	2.31988e+17	3.09318e+17	3.86647e+17	4.63977e+17	5.41306e+17	6.18636e+17	6.95965e+17	7.62466e+17	5.64722e+17	8.60017e+15	5.75327e+15	5.28674e+15	2.31349e+15	1.46376e+15	2.92753e+15	4.39129e+15	5.85506e+15	7.31882e+15	8.78259e+15	1.02463e+16	1.17101e+16	1.31739e+16	2.11923e+16	1.88096e+17	4.54034e+17	2.88975	2.72098	2.72098	2.72098	2.72098	2.72098	2.72098	2.72098	2.72098	2.72098	2.72098	2.72098	2.54045	2.27905	4.68986	
148909	6.86553e+17	2.79295e+17	1.2222e+17	7.73297e+16	1.54659e+17	2.31989e+17	3.09319e+17	3.86648e+17	4.63978e+17	5.41308e+17	6.18638e+17	6.95967e+17	7.62445e+17	5.65119e+17	8.60017e+15	5.75279e+15	5.28621e+15	2.31326e+15	1.46362e+15	2.92724e+15	4.39086e+15	5.85448e+15	7.31809e+15	8.78171e+15	1.02453e+16	1.1709e+16	1.31726e+16	2.12053e+16	1.87869e+17	4.54034e+17	2.89226	2.72372	2.72372	2.72372	2.72372	2.72372	2.72372	2.72372	2.72372	2.72372	2.72372	2.72372	2.54315	2.27725	4.68986	
149161	6.86554e+17	2.79296e+17	1.22221e+17	7.73299e+16	1.5466e+17	2.3199e+17	3.0932e+17	3.8665e+17	4.6398e+17	5.4131e+17	6.18639e+17	6.95969e+17	7.62424e+17	5.65517e+17	8.60017e+15	5.75231e+15	5.28569e+15	2.31303e+15	1.46347e+15	2.92695e+15	4.39042e+15	5.85389e+15	7.31737e+15	8.78084e+15	1.02443e+16	1.17078e+16	1.31713e+16	2.12183e+16	1.87642e+17	4.54034e+17	2.89476	2.72646	2.72646	2.72646	2.72646	2.72646	2.72646	2.72646	2.72646	2.72646	2.72646	2.72646	2.54584	2.27546	4.68986	
149413	6.86555e+17	2.79297e+17	1.22221e+17	7.73302e+16	1.5466e+17	2.31991e+17	3.09321e+17	3.86651e+17	4.63981e+17	5.41311e+17	6.18641e+17	6.95972e+17	7.62403e+17	5.65914e+17	8.60017e+15	5.75183e+15	5.28517e+15	2.3128e+15	1.46333e+15	2.92666e+15	4.38999e+15	5.85332e+15	7.31664e+15	8.77997e+15	1.02433e+16	1.17066e+16	1.317e+16	2.12312e+16	1.87416e+17	4.54035e+17	2.89726	2.7292	2.7292	2.7292	2.7292	2.7292	2.7292	2.7292	2.7292	2.7292	2.7292	2.7292	2.54853	2.27368	4.68986	
149664	6.86556e+17	2.79297e+17	1.22221e+17	7.73304e+16	1.54661e+17	2.31991e+17	3.09322e+17	3.86652e+17	4.63982e+17	5.41313e+17	6.18643e+17	6.95974e+17	7.62382e+17	5.66309e+17	8.60017e+15	5.75135e+15	5.28465e+15	2.31257e+15	1.46318e+15	2.92637e+15	4.38955e+15	5.85274e+15	7.31592e+15	8.77911e+15	1.02423e+16	1.17055e+16	1.31687e+16	2.1244e+16	1.8719e+17	4.54035e+17	2.89975	2.73193	2.73193	2.73193	2.73193	2.73193	2.73193	2.73193	2.73193	2.73193	2.73193	2.73193	2.55121	2.2719	4.68986	
149916	6.86557e+17	2.79298e+17	1.22222e+17	7.73306e+16	1.54661e+17	2.31992e+17	3.09323e+17	3.86653e+17	4.63984e+17	5.41315e+17	6.18645e+17	6.95976e+17	7.62362e+17	5.66704e+17	8.60017e+15	5.75087e+15	5.28413e+15	2.31235e+15	1.46304e+15	2.92608e+15	4.38912e+15	5.85216e+15	7.3152e+15	8.77825e+15	1.02413e+16	1.17043e+16	1.31674e+16	2.12567e+16	1.86964e+17	4.54035e+17	2.90225	2.73466	2.73466	2.73466	2.73466	2.73466	2.73466	2.73466	2.73466	2.73466	2.73466	2.73466	2.55389	2.27013	4.68986	
150168	6.86558e+17	2.79299e+17	1.22222e+17	7.73309e+16	1.54662e+17	2.31993e+17	3.09324e+17	3.86654e+17	4.63985e+17	5.41316e+17	6.18647e+17	6.95978e+17	7.62341e+17	5.67098e+17	8.60017e+15	5.7504e+15	5.28361e+15	2.31212e+15	1.4629e+15	2.9258e+15	4.38869e+15	5.85159e+15	7.31449e+15	8.77739e+15	1.02403e+16	1.17032e+16	1.31661e+16	2.12694e+16	1.86739e+17	4.54035e+17	2.90474	2.73738	2.73738	2.73738	2.73738	2.73738	2.73738	2.73738	2.73738	2.73738	2.73738	2.73738	2.55656	2.26837	4.68986	
150420	6.86559e+17	2.793e+17	1.22222e+17	7.73311e+16	1.54662e+17	2.31993e+17	3.09324e+17	3.86656e+17	4.63987e+17	5.41318e+17	6.18649e+17	6.9598e+17	7.6232e+17	5.67492e+17	8.60018e+15	5.74992e+15	5.28309e+15	2.31189e+15	1.46275e+15	2.92551e+15	4.38826e+15	5.85102e+15	7.31377e+15	8.77653e+15	1.02393e+16	1.1702e+16	1.31648e+16	2.12821e+16	1.86515e+17	4.54035e+17	2.90722	2.7401	2.7401	2.7401	2.7401	2.7401	2.7401	2.7401	2.7401	2.7401	2.7401	2.7401	2.55923	2.26662	4.68986	
150671	6.8656e+17	2.79301e+17	1.22223e+17	7.73313e+16	1.54663e+17	2.31994e+17	3.09325e+17	3.86657e+17	4.63988e+17	5.41319e+17	6.18651e+17	6.95982e+17	7.623e+17	5.67885e+17	8.60018e+15	5.74945e+15	5.28258e+15	2.31167e+15	1.46261e+15	2.92522e+15	4.38784e+15	5.85045e+15	7.31306e+15	8.77567e+15	1.02383e+16	1.17009e+16	1.31635e+16	2.12947e+16	1.8629e+17	4.54035e+17	2.9097	2.74282	2.74282	2.74282	2.74282	2.74282	2.74282	2.74282	2.74282	2.74282	2.74282	2.74282	2.56189	2.26487	4.68986	
150923	6.8656e+17	2.79302e+17	1.22223e+17	7.73316e+16	1.54663e+17	2.31995e+17	3.09326e+17	3.86658e+17	4.63989e+17	5.41321e+17	6.18653e+17	6.95984e+17	7.6228e+17	5.68277e+17	8.60018e+15	5.74898e+15	5.28206e+15	2.31144e+15	1.46247e+15	2.92494e+15	4.38741e+15	5.84988e+15	7.31235e+15	8.77482e+15	1.02373e+16	1.16998e+16	1.31622e+16	2.13072e+16	1.86066e+17	4.54035e+17	2.91218	2.74553	2.74553	2.74553	2.74553	2.74553	2.74553	2.74553	2.74553	2.74553	2.74553	2.74553	2.56455	2.26313	4.68986	
151175	6.86561e+17	2.79303e+17	1.22224e+17	7.73318e+16	1.54664e+17	2.31995e+17	3.09327e+17	3.86659e+17	4.63991e+17	5.41323e+17	6.18654e+17	6.95986e+17	7.62259e+17	5.68668e+17	8.60018e+15	5.7485e+15	5.28155e+15	2.31122e+15	1.46233e+15	2.92466e+15	4.38699e+15	5.84931e+15	7.31164e+15	8.77397e+15	1.02363e+16	1.16986e+16	1.3161e+16	2.13197e+16	1.85843e+17	4.54035e+17	2.91466	2.74824	2.74824	2.74824	2.74824	2.74824	2.74824	2.74824	2.74824	2.74824	2.74824	2.74824	2.5672	2.2614	4.68986	
151427	6.86562e+17	2.79303e+17	1.22224e+17	7.7332e+16	1.54664e+17	2.31996e+17	3.09328e+17	3.8666e+17	4.63992e+17	5.41324e+17	6.18656e+17	6.95988e+17	7.62239e+17	5.69058e+17	8.60018e+15	5.74803e+15	5.28104e+15	2.311e+15	1.46219e+15	2.92437e+15	4.38656e+15	5.84875e+15	7.31094e+15	8.77312e+15	1.02353e+16	1.16975e+16	1.31597e+16	2.13321e+16	1.8562e+17	4.54035e+17	2.91713	2.75095	2.75095	2.75095	2.75095	2.75095	2.75095	2.75095	2.75095	2.75095	2.75095	2.75095	2.56985	2.25968	4.68986	
151678	6.86563e+17	2.79304e+17	1.22224e+17	7.73323e+16	1.54665e+17	2.31997e+17	3.09329e+17	3.86661e+17	4.63994e+17	5.41326e+17	6.18658e+17	6.9599e+17	7.62219e+17	5.69448e+17	8.60018e+15	5.74757e+15	5.28053e+15	2.31078e+15	1.46205e+15	2.92409e+15	4.38614e+15	5.84819e+15	7.31023e+15	8.77228e+15	1.02343e+16	1.16964e+16	1.31584e+16	2.13445e+16	1.85397e+17	4.54035e+17	2.91961	2.75365	2.75365	2.75365	2.75365	2.75365	2.75365	2.75365	2.75365	2.75365	2.75365	2.75365	2.57249	2.25796	4.68986	
151930	6.86564e+17	2.79305e+17	1.22225e+17	7.73325e+16	1.54665e+17	2.31998e+17	3.0933e+17	3.86663e+17	4.63995e+17	5.41328e+17	6.1866e+17	6.95993e+17	7.62199e+17	5.69837e+17	8.60018e+15	5.7471e+15	5.28003e+15	2.31055e+15	1.46191e+15	2.92381e+15	4.38572e+15	5.84762e+15	7.30953e+15	8.77144e+15	1.02333e+16	1.16952e+16	1.31572e+16	2.13568e+16	1.85174e+17	4.54035e+17	2.92207	2.75635	2.75635	2.75635	2.75635	2.75635	2.75635	2.75635	2.75635	2.75635	2.75635	2.75635	2.57513	2.25625	4.68985	
152182	6.86565e+17	2.79306e+17	1.22225e+17	7.73327e+16	1.54665e+17	2.31998e+17	3.09331e+17	3.86664e+17	4.63996e+17	5.41329e+17	6.18662e+17	6.95995e+17	7.62179e+17	5.70226e+17	8.60018e+15	5.74663e+15	5.27952e+15	2.31033e+15	1.46177e+15	2.92353e+15	4.3853e+15	5.84706e+15	7.30883e+15	8.7706e+15	1.02324e+16	1.16941e+16	1.31559e+16	2.13691e+16	1.84952e+17	4.54035e+17	2.92454	2.75904	2.75904	2.75904	2.75904	2.75904	2.75904	2.75904	2.75904	2.75904	2.75904	2.75904	2.57776	2.25454	4.68985	
152433	6.86566e+17	2.79307e+17	1.22225e+17	7.7333e+16	1.54666e+17	2.31999e+17	3.09332e+17	3.86665e+17	4.63998e+17	5.41331e+17	6.18664e+17	6.95997e+17	7.62159e+17	5.70613e+17	8.60018e+15	5.74617e+15	5.27902e+15	2.31011e+15	1.46163e+15	2.92325e+15	4.38488e+15	5.84651e+15	7.30813e+15	8.76976e+15	1.02314e+16	1.1693e+16	1.31546e+16	2.13813e+16	1.84731e+17	4.54035e+17	2.927	2.76173	2.76173	2.76173	2.76173	2.76173	2.76173	2.76173	2.76173	2.76173	2.76173	2.76173	2.58039	2.25285	4.68985	
152685	6.86567e+17	2.79308e+17	1.22226e+17	7.73332e+16	1.54666e+17	2.32e+17	3.09333e+17	3.86666e+17	4.63999e+17	5.41332e+17	6.18666e+17	6.95999e+17	7.62139e+17	5.71e+17	8.60019e+15	5.7457e+15	5.27851e+15	2.30989e+15	1.46149e+15	2.92297e+15	4.38446e+15	5.84595e+15	7.30744e+15	8.76892e+15	1.02304e+16	1.16919e+16	1.31534e+16	2.13935e+16	1.84509e+17	4.54035e+17	2.92945	2.76442	2.76442	2.76442	2.76442	2.76442	2.76442	2.76442	2.76442	2.76442	2.76442	2.76442	2.58301	2.25116	4.68985	
152937	6.86568e+17	2.79308e+17	1.22226e+17	7.73334e+16	1.54667e+17	2.32e+17	3.09334e+17	3.86667e+17	4.64001e+17	5.41334e+17	6.18667e+17	6.96001e+17	7.62119e+17	5.71387e+17	8.60019e+15	5.74524e+15	5.27801e+15	2.30967e+15	1.46135e+15	2.9227e+15	4.38405e+15	5.84539e+15	7.30674e+15	8.76809e+15	1.02294e+16	1.16908e+16	1.31521e+16	2.14056e+16	1.84288e+17	4.54035e+17	2.93191	2.7671	2.7671	2.7671	2.7671	2.7671	2.7671	2.7671	2.7671	2.7671	2.7671	2.7671	2.58563	2.24947	4.68985	
153188	6.86569e+17	2.79309e+17	1.22226e+17	7.73336e+16	1.54667e+17	2.32001e+17	3.09335e+17	3.86668e+17	4.64002e+17	5.41336e+17	6.18669e+17	6.96003e+17	7.621e+17	5.71772e+17	8.60019e+15	5.74478e+15	5.27751e+15	2.30945e+15	1.46121e+15	2.92242e+15	4.38363e+15	5.84484e+15	7.30605e+15	8.76726e+15	1.02285e+16	1.16897e+16	1.31509e+16	2.14177e+16	1.84068e+17	4.54035e+17	2.93436	2.76978	2.76978	2.76978	2.76978	2.76978	2.76978	2.76978	2.76978	2.76978	2.76978	2.76978	2.58824	2.2478	4.68985	
153440	6.86569e+17	2.7931e+17	1.22227e+17	7.73339e+16	1.54668e+17	2.32002e+17	3.09335e+17	3.86669e+17	4.64003e+17	5.41337e+17	6.18671e+17	6.96005e+17	7.6208e+17	5.72157e+17	8.60019e+15	5.74432e+15	5.27701e+15	2.30924e+15	1.46107e+15	2.92214e+15	4.38322e+15	5.84429e+15	7.30536e+15	8.76643e+15	1.02275e+16	1.16886e+16	1.31496e+16	2.14298e+16	1.83847e+17	4.54035e+17	2.93681	2.77245	2.77245	2.77245	2.77245	2.77245	2.77245	2.77245	2.77245	2.77245	2.77245	2.77245	2.59085	2.24613	4.68985	
153692	6.8657e+17	2.79311e+17	1.22227e+17	7.73341e+16	1.54668e+17	2.32002e+17	3.09336e+17	3.8667e+17	4.64005e+17	5.41339e+17	6.18673e+17	6.96007e+17	7.62061e+17	5.72541e+17	8.60019e+15	5.74386e+15	5.27652e+15	2.30902e+15	1.46093e+15	2.92187e+15	4.3828e+15	5.84374e+15	7.30467e+15	8.76561e+15	1.02265e+16	1.16875e+16	1.31484e+16	2.14419e+16	1.83628e+17	4.54035e+17	2.93925	2.77512	2.77512	2.77512	2.77512	2.77512	2.77512	2.77512	2.77512	2.77512	2.77512	2.77512	2.59346	2.24446	4.68985	
153943	6.86571e+17	2.79312e+17	1.22227e+17	7.73343e+16	1.54669e+17	2.32003e+17	3.09337e+17	3.86672e+17	4.64006e+17	5.4134e+17	6.18675e+17	6.96009e+17	7.62041e+17	5.72924e+17	8.60019e+15	5.7434e+15	5.27602e+15	2.3088e+15	1.4608e+15	2.92159e+15	4.38239e+15	5.84319e+15	7.30399e+15	8.76478e+15	1.02256e+16	1.16864e+16	1.31472e+16	2.14539e+16	1.83408e+17	4.54035e+17	2.9417	2.77779	2.77779	2.77779	2.77779	2.77779	2.77779	2.77779	2.77779	2.77779	2.77779	2.77779	2.59605	2.24281	4.68985	
154195	6.86572e+17	2.79312e+17	1.22228e+17	7.73345e+16	1.54669e+17	2.32004e+17	3.09338e+17	3.86673e+17	4.64007e+17	5.41342e+17	6.18676e+17	6.96011e+17	7.62022e+17	5.73307e+17	8.6002e+15	5.74294e+15	5.27553e+15	2.30859e+15	1.46066e+15	2.92132e+15	4.38198e+15	5.84264e+15	7.3033e+15	8.76396e+15	1.02246e+16	1.16853e+16	1.31459e+16	2.14658e+16	1.83189e+17	4.54035e+17	2.94413	2.78045	2.78045	2.78045	2.78045	2.78045	2.78045	2.78045	2.78045	2.78045	2.78045	2.78045	2.59865	2.24116	4.68985	
154447	6.86573e+17	2.79313e+17	1.22228e+17	7.73348e+16	1.5467e+17	2.32004e+17	3.09339e+17	3.86674e+17	4.64009e+17	5.41343e+17	6.18678e+17	6.96013e+17	7.62002e+17	5.73689e+17	8.6002e+15	5.74249e+15	5.27504e+15	2.30837e+15	1.46052e+15	2.92105e+15	4.38157e+15	5.8421e+15	7.30262e+15	8.76315e+15	1.02237e+16	1.16842e+16	1.31447e+16	2.14778e+16	1.8297e+17	4.54035e+17	2.94657	2.78311	2.78311	2.78311	2.78311	2.78311	2.78311	2.78311	2.78311	2.78311	2.78311	2.78311	2.60124	2.23951	4.68985	
154698	6.86574e+17	2.79314e+17	1.22229e+17	7.7335e+16	1.5467e+17	2.32005e+17	3.0934e+17	3.86675e+17	4.6401e+17	5.41345e+17	6.1868e+17	6.96014e+17	7.61982e+17	5.74071e+17	8.6002e+15	5.74203e+15	5.27455e+15	2.30815e+15	1.46039e+15	2.92078e+15	4.38116e+15	5.84155e+15	7.30194e+15	8.76233e+15	1.02227e+16	1.16831e+16	1.31435e+16	2.14896e+16	1.82751e+17	4.54036e+17	2.949	2.78577	2.78577	2.78577	2.78577	2.78577	2.78577	2.78577	2.78577	2.78577	2.78577	2.78577	2.60383	2.23787	4.68985	
154950	6.86575e+17	2.79315e+17	1.22229e+17	7.73352e+16	1.5467e+17	2.32006e+17	3.09341e+17	3.86676e+17	4.64011e+17	5.41346e+17	6.18682e+17	6.96014e+17	7.61961e+17	5.74451e+17	8.6002e+15	5.74158e+15	5.27406e+15	2.30794e+15	1.46025e+15	2.92051e+15	4.38076e+15	5.84101e+15	7.30126e+15	8.76152e+15	1.02218e+16	1.1682e+16	1.31422e+16	2.15014e+16	1.82533e+17	4.54036e+17	2.95143	2.78842	2.78842	2.78842	2.78842	2.78842	2.78842	2.78842	2.78842	2.78842	2.78842	2.78841	2.6064	2.23624	4.68985	
155201	6.86576e+17	2.79316e+17	1.22229e+17	7.73354e+16	1.54671e+17	2.32006e+17	3.09342e+17	3.86677e+17	4.64013e+17	5.41348e+17	6.18683e+17	6.96014e+17	7.6194e+17	5.74831e+17	8.6002e+15	5.74113e+15	5.27357e+15	2.30773e+15	1.46012e+15	2.92024e+15	4.38035e+15	5.84047e+15	7.30059e+15	8.76071e+15	1.02208e+16	1.16809e+16	1.3141e+16	2.15131e+16	1.82316e+17	4.54036e+17	2.95386	2.79107	2.79107	2.79107	2.79107	2.79107	2.79107	2.79107	2.79107	2.79107	2.79107	2.79105	2.60896	2.23462	4.68985	
155453	6.86576e+17	2.79316e+17	1.2223e+17	7.73357e+16	1.54671e+17	2.32007e+17	3.09343e+17	3.86678e+17	4.64014e+17	5.4135e+17	6.18685e+17	6.96015e+17	7.61919e+17	5.75211e+17	8.60021e+15	5.74068e+15	5.27308e+15	2.30751e+15	1.45998e+15	2.91997e+15	4.37995e+15	5.83993e+15	7.29991e+15	8.7599e+15	1.02199e+16	1.16799e+16	1.31397e+16	2.15248e+16	1.82098e+17	4.54036e+17	2.95628	2.79371	2.79371	2.79371	2.79371	2.79371	2.79371	2.79371	2.79371	2.79371	2.79371	2.79368	2.61151	2.233	4.68985	
155705	6.86577e+17	2.79317e+17	1.2223e+17	7.73359e+16	1.54672e+17	2.32008e+17	3.09344e+17	3.86679e+17	4.64015e+17	5.41351e+17	6.18687e+17	6.96015e+17	7.61898e+17	5.7559e+17	8.60021e+15	5.74023e+15	5.2726e+15	2.3073e+15	1.45985e+15	2.9197e+15	4.37955e+15	5.83939e+15	7.29924e+15	8.75909e+15	1.02189e+16	1.16788e+16	1.31385e+16	2.15364e+16	1.81881e+17	4.54036e+17	2.9587	2.79635	2.79635	2.79635	2.79635	2.79635	2.79635	2.79635	2.79635	2.79635	2.79635	2.79631	2.61405	2.23139	4.68985	
155956	6.86578e+17	2.79318e+17	1.2223e+17	7.73361e+16	1.54672e+17	2.32008e+17	3.09344e+17	3.8668e+17	4.64017e+17	5.41353e+17	6.18689e+17	6.96016e+17	7.61878e+17	5.75968e+17	8.60021e+15	5.73978e+15	5.27211e+15	2.30709e+15	1.45971e+15	2.91943e+15	4.37914e+15	5.83886e+15	7.29857e+15	8.75829e+15	1.0218e+16	1.16777e+16	1.31373e+16	2.1548e+16	1.81664e+17	4.54036e+17	2.96111	2.79899	2.79899	2.79899	2.79899	2.79899	2.79899	2.79899	2.79899	2.79899	2.79899	2.79892	2.61658	2.22978	4.68985	
156208	6.86579e+17	2.79319e+17	1.22231e+17	7.73363e+16	1.54673e+17	2.32009e+17	3.09345e+17	3.86682e+17	4.64018e+17	5.41354e+17	6.18691e+17	6.96017e+17	7.61858e+17	5.76346e+17	8.60021e+15	5.73933e+15	5.27163e+15	2.30688e+15	1.45958e+15	2.91916e+15	4.37874e+15	5.83832e+15	7.2979e+15	8.75749e+15	1.02171e+16	1.16766e+16	1.31361e+16	2.15595e+16	1.81447e+17	4.54036e+17	2.96353	2.80163	2.80163	2.80163	2.80163	2.80163	2.80163	2.80163	2.80163	2.80163	2.80163	2.80153	2.6191	2.22818	4.68985	
156459	6.8658e+17	2.7932e+17	1.22231e+17	7.73365e+16	1.54673e+17	2.3201e+17	3.09346e+17	3.86683e+17	4.64019e+17	5.41356e+17	6.18692e+17	6.96017e+17	7.61838e+17	5.76723e+17	8.60021e+15	5.73888e+15	5.27115e+15	2.30667e+15	1.45945e+15	2.9189e+15	4.37834e+15	5.83779e+15	7.29724e+15	8.75669e+15	1.02161e+16	1.16756e+16	1.31349e+16	2.1571e+16	1.81231e+17	4.54036e+17	2.96594	2.80426	2.80426	2.80426	2.80426	2.80426	2.80426	2.80426	2.80426	2.80426	2.80426	2.80414	2.62162	2.22658	4.68985	
156711	6.86581e+17	2.7932e+17	1.22231e+17	7.73368e+16	1.54674e+17	2.3201e+17	3.09347e+17	3.86684e+17	4.64021e+17	5.41357e+17	6.18694e+17	6.96018e+17	7.61818e+17	5.77099e+17	8.60022e+15	5.73844e+15	5.27067e+15	2.30646e+15	1.45931e+15	2.91863e+15	4.37794e+15	5.83726e+15	7.29657e+15	8.75589e+15	1.02152e+16	1.16745e+16	1.31337e+16	2.15825e+16	1.81015e+17	4.54036e+17	2.96835	2.80688	2.80688	2.80688	2.80688	2.80688	2.80688	2.80688	2.80688	2.80688	2.80688	2.80673	2.62412	2.225	4.68985	
156962	6.86582e+17	2.79321e+17	1.22232e+17	7.7337e+16	1.54674e+17	2.32011e+17	3.09348e+17	3.86685e+17	4.64022e+17	5.41359e+17	6.18696e+17	6.96019e+17	7.61799e+17	5.77475e+17	8.60022e+15	5.73799e+15	5.27019e+15	2.30625e+15	1.45918e+15	2.91836e+15	4.37755e+15	5.83673e+15	7.29591e+15	8.75509e+15	1.02143e+16	1.16735e+16	1.31325e+16	2.15939e+16	1.80799e+17	4.54036e+17	2.97075	2.80951	2.80951	2.80951	2.80951	2.80951	2.80951	2.80951	2.80951	2.80951	2.80951	2.80932	2.62662	2.22341	4.68985	
157214	6.86582e+17	2.79322e+17	1.22232e+17	7.73372e+16	1.54674e+17	2.32012e+17	3.09349e+17	3.86686e+17	4.64023e+17	5.4136e+17	6.18697e+17	6.9602e+17	7.61779e+17	5.7785e+17	8.60022e+15	5.73755e+15	5.26971e+15	2.30604e+15	1.45905e+15	2.9181e+15	4.37715e+15	5.8362e+15	7.29525e+15	8.7543e+15	1.02134e+16	1.16724e+16	1.31313e+16	2.16053e+16	1.80584e+17	4.54036e+17	2.97315	2.81212	2.81212	2.81212	2.81212	2.81212	2.81212	2.81212	2.81212	2.81212	2.81212	2.8119	2.6291	2.22184	4.68985	
157466	6.86583e+17	2.79323e+17	1.22232e+17	7.73374e+16	1.54675e+17	2.32012e+17	3.0935e+17	3.86687e+17	4.64024e+17	5.41362e+17	6.18699e+17	6.96021e+17	7.6176e+17	5.78226e+17	8.60016e+15	5.73711e+15	5.26924e+15	2.30583e+15	1.45892e+15	2.91784e+15	4.37675e+15	5.83567e+15	7.29459e+15	8.75351e+15	1.02124e+16	1.16713e+16	1.31301e+16	2.16166e+16	1.80368e+17	4.54033e+17	2.97555	2.81475	2.81475	2.81475	2.81475	2.81475	2.81475	2.81475	2.81475	2.81475	2.81475	2.81449	2.63159	2.22026	4.68985	
157717	6.86584e+17	2.79323e+17	1.22233e+17	7.73376e+16	1.54675e+17	2.32013e+17	3.0935e+17	3.86688e+17	4.64026e+17	5.41363e+17	6.18701e+17	6.96021e+17	7.6174e+17	5.786e+17	8.60016e+15	5.73667e+15	5.26876e+15	2.30562e+15	1.45879e+15	2.91757e+15	4.37636e+15	5.83515e+15	7.29394e+15	8.75272e+15	1.02115e+16	1.16703e+16	1.31289e+16	2.16279e+16	1.80154e+17	4.54033e+17	2.97795	2.81736	2.81736	2.81736	2.81736	2.81736	2.81736	2.81736	2.81736	2.81736	2.81736	2.81706	2.63406	2.2187	4.68985	
157969	6.86585e+17	2.79324e+17	1.22233e+17	7.73378e+16	1.54676e+17	2.32013e+17	3.09351e+17	3.86689e+17	4.64027e+17	5.41365e+17	6.18703e+17	6.96022e+17	7.61721e+17	5.78973e+17	8.60017e+15	5.73623e+15	5.26829e+15	2.30542e+15	1.45866e+15	2.91731e+15	4.37597e+15	5.83463e+15	7.29328e+15	8.75194e+15	1.02106e+16	1.16693e+16	1.31277e+16	2.16392e+16	1.79939e+17	4.54033e+17	2.98033	2.81996	2.81996	2.81996	2.81996	2.81996	2.81996	2.81996	2.81996	2.81996	2.81996	2.81962	2.63652	2.21714	4.68984	
158220	6.86586e+17	2.79325e+17	1.22233e+17	7.7338e+16	1.54676e+17	2.32014e+17	3.09352e+17	3.8669e+17	4.64028e+17	5.41366e+17	6.18704e+17	6.96023e+17	7.61702e+17	5.79345e+17	8.60017e+15	5.73579e+15	5.26782e+15	2.30521e+15	1.45853e+15	2.91705e+15	4.37558e+15	5.8341e+15	7.29263e+15	8.75116e+15	1.02097e+16	1.16682e+16	1.31266e+16	2.16504e+16	1.79725e+17	4.54033e+17	2.98272	2.82256	2.82256	2.82256	2.82256	2.82256	2.82256	2.82256	2.82256	2.82256	2.82256	2.82217	2.63898	2.21558	4.68984	
158471	6.86587e+17	2.79326e+17	1.22234e+17	7.73383e+16	1.54677e+17	2.32015e+17	3.09353e+17	3.86691e+17	4.6403e+17	5.41368e+17	6.18706e+17	6.96024e+17	7.61682e+17	5.79717e+17	8.60017e+15	5.73535e+15	5.26735e+15	2.30501e+15	1.4584e+15	2.91679e+15	4.37519e+15	5.83358e+15	7.29198e+15	8.75037e+15	1.02088e+16	1.16672e+16	1.31254e+16	2.16616e+16	1.79512e+17	4.54033e+17	2.9851	2.82516	2.82516	2.82516	2.82516	2.82516	2.82516	2.82516	2.82516	2.82516	2.82516	2.82472	2.64143	2.21404	4.68984	
158722	6.86587e+17	2.79327e+17	1.22234e+17	7.73385e+16	1.54677e+17	2.32015e+17	3.09354e+17	3.86692e+17	4.64031e+17	5.41369e+17	6.18708e+17	6.96025e+17	7.61663e+17	5.80089e+17	8.60017e+15	5.73491e+15	5.26688e+15	2.3048e+15	1.45827e+15	2.91653e+15	4.3748e+15	5.83306e+15	7.29133e+15	8.7496e+15	1.02079e+16	1.16661e+16	1.31242e+16	2.16728e+16	1.79298e+17	4.54033e+17	2.98748	2.82776	2.82776	2.82776	2.82776	2.82776	2.82776	2.82776	2.82776	2.82776	2.82776	2.82727	2.64387	2.2125	4.68984	
158974	6.86588e+17	2.79327e+17	1.22234e+17	7.73387e+16	1.54677e+17	2.32016e+17	3.09355e+17	3.86693e+17	4.64032e+17	5.41371e+17	6.18709e+17	6.96026e+17	7.61645e+17	5.8046e+17	8.60017e+15	5.73448e+15	5.26641e+15	2.3046e+15	1.45814e+15	2.91627e+15	4.37441e+15	5.83255e+15	7.29068e+15	8.74882e+15	1.0207e+16	1.16651e+16	1.31231e+16	2.1684e+16	1.79085e+17	4.54033e+17	2.98986	2.83035	2.83035	2.83035	2.83035	2.83035	2.83035	2.83035	2.83035	2.83035	2.83035	2.82981	2.6463	2.21096	4.68984	
159225	6.86589e+17	2.79328e+17	1.22235e+17	7.73389e+16	1.54678e+17	2.32017e+17	3.09356e+17	3.86694e+17	4.64033e+17	5.41372e+17	6.18711e+17	6.96027e+17	7.61626e+17	5.8083e+17	8.60017e+15	5.73404e+15	5.26595e+15	2.30439e+15	1.45801e+15	2.91602e+15	4.37402e+15	5.83203e+15	7.29004e+15	8.74805e+15	1.02061e+16	1.16641e+16	1.31219e+16	2.16951e+16	1.78872e+17	4.54033e+17	2.99223	2.83294	2.83294	2.83294	2.83294	2.83294	2.83294	2.83294	2.83294	2.83294	2.83294	2.83234	2.64873	2.20943	4.68984	
159476	6.8659e+17	2.79329e+17	1.22235e+17	7.73391e+16	1.54678e+17	2.32017e+17	3.09356e+17	3.86696e+17	4.64035e+17	5.41374e+17	6.18713e+17	6.96028e+17	7.61607e+17	5.812e+17	8.60017e+15	5.73361e+15	5.26548e+15	2.30419e+15	1.45788e+15	2.91576e+15	4.37364e+15	5.83152e+15	7.28939e+15	8.74727e+15	1.02052e+16	1.1663e+16	1.31208e+16	2.17063e+16	1.7866e+17	4.54033e+17	2.9946	2.83553	2.83553	2.83553	2.83553	2.83553	2.83553	2.83553	2.83553	2.83553	2.83553	2.83487	2.65115	2.2079	4.68984	
159728	6.86591e+17	2.7933e+17	1.22235e+17	7.73393e+16	1.54679e+17	2.32018e+17	3.09357e+17	3.86697e+17	4.64036e+17	5.41375e+17	6.18715e+17	6.96029e+17	7.61588e+17	5.8157e+17	8.60017e+15	5.73318e+15	5.26502e+15	2.30399e+15	1.45775e+15	2.9155e+15	4.37325e+15	5.831e+15	7.28875e+15	8.7465e+15	1.02043e+16	1.1662e+16	1.31196e+16	2.17174e+16	1.78447e+17	4.54033e+17	2.99697	2.83811	2.83811	2.83811	2.83811	2.83811	2.83811	2.83811	2.83811	2.83811	2.83811	2.83739	2.65357	2.20638	4.68984	
159979	6.86592e+17	2.7933e+17	1.22236e+17	7.73395e+16	1.54679e+17	2.32019e+17	3.09358e+17	3.86698e+17	4.64037e+17	5.41377e+17	6.18716e+17	6.9603e+17	7.61569e+17	5.81939e+17	8.60017e+15	5.73275e+15	5.26456e+15	2.30378e+15	1.45762e+15	2.91525e+15	4.37287e+15	5.83049e+15	7.28811e+15	8.74574e+15	1.02034e+16	1.1661e+16	1.31185e+16	2.17284e+16	1.78235e+17	4.54033e+17	2.99933	2.84069	2.84069	2.84069	2.84069	2.84069	2.84069	2.84069	2.84069	2.84069	2.84069	2.83991	2.65598	2.20487	4.68984	
160230	6.86592e+17	2.79331e+17	1.22236e+17	7.73397e+16	1.54679e+17	2.32019e+17	3.09359e+17	3.86699e+17	4.64038e+17	5.41378e+17	6.18718e+17	6.96031e+17	7.61551e+17	5.82307e+17	8.60018e+15	5.73231e+15	5.2641e+15	2.30358e+15	1.4575e+15	2.91499e+15	4.37249e+15	5.82998e+15	7.28748e+15	8.74497e+15	1.02025e+16	1.166e+16	1.31173e+16	2.17395e+16	1.78023e+17	4.54033e+17	3.00169	2.84327	2.84327	2.84327	2.84327	2.84327	2.84327	2.84327	2.84327	2.84327	2.84327	2.84242	2.65838	2.20336	4.68984	
160482	6.86593e+17	2.79332e+17	1.22236e+17	7.73399e+16	1.5468e+17	2.3202e+17	3.0936e+17	3.867e+17	4.6404e+17	5.4138e+17	6.1872e+17	6.96032e+17	7.61532e+17	5.82675e+17	8.60018e+15	5.73188e+15	5.26364e+15	2.30338e+15	1.45737e+15	2.91474e+15	4.3721e+15	5.82947e+15	7.28684e+15	8.74421e+15	1.02016e+16	1.16589e+16	1.31162e+16	2.17506e+16	1.77811e+17	4.54033e+17	3.00405	2.84584	2.84584	2.84584	2.84584	2.84584	2.84584	2.84584	2.84584	2.84584	2.84584	2.84493	2.66078	2.20185	4.68984	
160733	6.86594e+17	2.79333e+17	1.22237e+17	7.73402e+16	1.5468e+17	2.3202e+17	3.09361e+17	3.86701e+17	4.64041e+17	5.41381e+17	6.18721e+17	6.96033e+17	7.61514e+17	5.83043e+17	8.60018e+15	5.73146e+15	5.26318e+15	2.30318e+15	1.45724e+15	2.91448e+15	4.37172e+15	5.82896e+15	7.2862e+15	8.74345e+15	1.02007e+16	1.16579e+16	1.31151e+16	2.17616e+16	1.776e+17	4.54033e+17	3.00641	2.84841	2.84841	2.84841	2.84841	2.84841	2.84841	2.84841	2.84841	2.84841	2.84841	2.84743	2.66317	2.20036	4.68984	
160984	6.86595e+17	2.79333e+17	1.22237e+17	7.73404e+16	1.54681e+17	2.32021e+17	3.09361e+17	3.86702e+17	4.64042e+17	5.41383e+17	6.18723e+17	6.96034e+17	7.61495e+17	5.8341e+17	8.60018e+15	5.73103e+15	5.26272e+15	2.30298e+15	1.45711e+15	2.91423e+15	4.37134e+15	5.82846e+15	7.28557e+15	8.74269e+15	1.01998e+16	1.16569e+16	1.3114e+16	2.17726e+16	1.77389e+17	4.54033e+17	3.00876	2.85098	2.85098	2.85098	2.85098	2.85098	2.85098	2.85098	2.85098	2.85098	2.85098	2.84993	2.66556	2.19886	4.68984	
161236	6.86596e+17	2.79334e+17	1.22237e+17	7.73406e+16	1.54681e+17	2.32022e+17	3.09362e+17	3.86703e+17	4.64043e+17	5.41384e+17	6.18725e+17	6.96035e+17	7.61477e+17	5.83776e+17	8.60018e+15	5.7306e+15	5.26226e+15	2.30278e+15	1.45699e+15	2.91398e+15	4.37096e+15	5.82795e+15	7.28494e+15	8.74193e+15	1.01989e+16	1.16559e+16	1.31128e+16	2.17837e+16	1.77178e+17	4.54033e+17	3.01111	2.85354	2.85354	2.85354	2.85354	2.85354	2.85354	2.85354	2.85354	2.85354	2.85354	2.85243	2.66794	2.19737	4.68984	
161487	6.86597e+17	2.79335e+17	1.22238e+17	7.73408e+16	1.54682e+17	2.32022e+17	3.09363e+17	3.86704e+17	4.64045e+17	5.41385e+17	6.18726e+17	6.96036e+17	7.61458e+17	5.84142e+17	8.60018e+15	5.73018e+15	5.26181e+15	2.30258e+15	1.45686e+15	2.91372e+15	4.37059e+15	5.82745e+15	7.28431e+15	8.74117e+15	1.0198e+16	1.16549e+16	1.31117e+16	2.17947e+16	1.76967e+17	4.54033e+17	3.01345	2.8561	2.8561	2.8561	2.8561	2.8561	2.8561	2.8561	2.8561	2.8561	2.8561	2.85491	2.67031	2.19589	4.68984	
161739	6.86597e+17	2.79336e+17	1.22238e+17	7.7341e+16	1.54682e+17	2.32023e+17	3.09364e+17	3.86705e+17	4.64046e+17	5.41387e+17	6.18728e+17	6.96038e+17	7.6144e+17	5.84508e+17	8.60018e+15	5.72975e+15	5.26136e+15	2.30238e+15	1.45674e+15	2.91347e+15	4.37021e+15	5.82695e+15	7.28368e+15	8.74042e+15	1.01972e+16	1.16539e+16	1.31106e+16	2.18056e+16	1.76757e+17	4.54033e+17	3.0158	2.85866	2.85866	2.85866	2.85866	2.85866	2.85866	2.85866	2.85866	2.85866	2.85866	2.8574	2.67268	2.19441	4.68983	
161990	6.86598e+17	2.79336e+17	1.22238e+17	7.73412e+16	1.54682e+17	2.32024e+17	3.09365e+17	3.86706e+17	4.64047e+17	5.41388e+17	6.18729e+17	6.96039e+17	7.61421e+17	5.84873e+17	8.60018e+15	5.72933e+15	5.2609e+15	2.30219e+15	1.45661e+15	2.91322e+15	4.36983e+15	5.82645e+15	7.28306e+15	8.73967e+15	1.01963e+16	1.16529e+16	1.31095e+16	2.18166e+16	1.76546e+17	4.54033e+17	3.01814	2.86121	2.86121	2.86121	2.86121	2.86121	2.86121	2.86121	2.86121	2.86121	2.86121	2.85988	2.67505	2.19293	4.68983	
162242	6.86599e+17	2.79337e+17	1.22239e+17	7.73414e+16	1.54683e+17	2.32024e+17	3.09366e+17	3.86707e+17	4.64048e+17	5.4139e+17	6.18731e+17	6.9604e+17	7.61403e+17	5.85238e+17	8.60019e+15	5.7289e+15	5.26045e+15	2.30199e+15	1.45649e+15	2.91297e+15	4.36946e+15	5.82595e+15	7.28243e+15	8.73892e+15	1.01954e+16	1.16519e+16	1.31084e+16	2.18276e+16	1.76336e+17	4.54033e+17	3.02047	2.86376	2.86376	2.86376	2.86376	2.86376	2.86376	2.86376	2.86376	2.86376	2.86376	2.86235	2.67741	2.19146	4.68983	
162493	6.866e+17	2.79338e+17	1.22239e+17	7.73416e+16	1.54683e+17	2.32025e+17	3.09366e+17	3.86708e+17	4.6405e+17	5.41391e+17	6.18733e+17	6.96041e+17	7.61385e+17	5.85602e+17	8.60019e+15	5.72848e+15	5.26e+15	2.30179e+15	1.45636e+15	2.91272e+15	4.36909e+15	5.82545e+15	7.28181e+15	8.73817e+15	1.01945e+16	1.16509e+16	1.31073e+16	2.18386e+16	1.76126e+17	4.54033e+17	3.0228	2.86631	2.86631	2.86631	2.86631	2.86631	2.86631	2.86631	2.86631	2.86631	2.86631	2.86482	2.67976	2.19	4.68983	
162744	6.86601e+17	2.79339e+17	1.22239e+17	7.73418e+16	1.54684e+17	2.32025e+17	3.09367e+17	3.86709e+17	4.64051e+17	5.41393e+17	6.18734e+17	6.96042e+17	7.61366e+17	5.85966e+17	8.60019e+15	5.72806e+15	5.25955e+15	2.30159e+15	1.45624e+15	2.91248e+15	4.36871e+15	5.82495e+15	7.28119e+15	8.73743e+15	1.01937e+16	1.16499e+16	1.31062e+16	2.18495e+16	1.75917e+17	4.54033e+17	3.02513	2.86885	2.86885	2.86885	2.86885	2.86885	2.86885	2.86885	2.86885	2.86885	2.86885	2.86728	2.68211	2.18854	4.68983	
162996	6.86601e+17	2.79339e+17	1.2224e+17	7.7342e+16	1.54684e+17	2.32026e+17	3.09368e+17	3.8671e+17	4.64052e+17	5.41394e+17	6.18736e+17	6.96043e+17	7.61348e+17	5.8633e+17	8.60019e+15	5.72764e+15	5.25911e+15	2.3014e+15	1.45611e+15	2.91223e+15	4.36834e+15	5.82446e+15	7.28057e+15	8.73668e+15	1.01928e+16	1.16489e+16	1.31051e+16	2.18605e+16	1.75707e+17	4.54033e+17	3.02746	2.87139	2.87139	2.87139	2.87139	2.87139	2.87139	2.87139	2.87139	2.87139	2.87139	2.86974	2.68446	2.18708	4.68983	
163247	6.86602e+17	2.7934e+17	1.2224e+17	7.73422e+16	1.54684e+17	2.32027e+17	3.09369e+17	3.86711e+17	4.64053e+17	5.41395e+17	6.18738e+17	6.96044e+17	7.6133e+17	5.86693e+17	8.60019e+15	5.72722e+15	5.25866e+15	2.3012e+15	1.45599e+15	2.91198e+15	4.36797e+15	5.82396e+15	7.27995e+15	8.73594e+15	1.01919e+16	1.16479e+16	1.3104e+16	2.18714e+16	1.75498e+17	4.54033e+17	3.02978	2.87393	2.87393	2.87393	2.87393	2.87393	2.87393	2.87393	2.87393	2.87393	2.87393	2.8722	2.6868	2.18563	4.68983	
163499	6.86603e+17	2.79341e+17	1.2224e+17	7.73424e+16	1.54685e+17	2.32027e+17	3.0937e+17	3.86712e+17	4.64054e+17	5.41397e+17	6.18739e+17	6.96045e+17	7.61312e+17	5.87055e+17	8.60019e+15	5.72681e+15	5.25822e+15	2.30101e+15	1.45587e+15	2.91173e+15	4.3676e+15	5.82347e+15	7.27933e+15	8.7352e+15	1.01911e+16	1.16469e+16	1.31029e+16	2.18824e+16	1.75289e+17	4.54033e+17	3.0321	2.87647	2.87647	2.87647	2.87647	2.87647	2.87647	2.87647	2.87647	2.87647	2.87647	2.87465	2.68913	2.18419	4.68983	
163750	6.86604e+17	2.79342e+17	1.22241e+17	7.73426e+16	1.54685e+17	2.32028e+17	3.0937e+17	3.86713e+17	4.64056e+17	5.41398e+17	6.18741e+17	6.96047e+17	7.61293e+17	5.87418e+17	8.6002e+15	5.72639e+15	5.25777e+15	2.30081e+15	1.45574e+15	2.91149e+15	4.36723e+15	5.82298e+15	7.27872e+15	8.73446e+15	1.01902e+16	1.1646e+16	1.31019e+16	2.18933e+16	1.7508e+17	4.54033e+17	3.03442	2.879	2.879	2.879	2.879	2.879	2.879	2.879	2.879	2.879	2.879	2.8771	2.69147	2.18274	4.68983	
164002	6.86605e+17	2.79342e+17	1.22241e+17	7.73428e+16	1.54686e+17	2.32028e+17	3.09371e+17	3.86714e+17	4.64057e+17	5.414e+17	6.18742e+17	6.96048e+17	7.61275e+17	5.8778e+17	8.6002e+15	5.72597e+15	5.25733e+15	2.30062e+15	1.45562e+15	2.91124e+15	4.36686e+15	5.82249e+15	7.27811e+15	8.73373e+15	1.01893e+16	1.1645e+16	1.31008e+16	2.19043e+16	1.74871e+17	4.54033e+17	3.03673	2.88153	2.88153	2.88153	2.88153	2.88153	2.88153	2.88153	2.88153	2.88153	2.88153	2.87954	2.69379	2.18131	4.68983	
164254	6.86605e+17	2.79343e+17	1.22241e+17	7.7343e+16	1.54686e+17	2.32029e+17	3.09372e+17	3.86715e+17	4.64058e+17	5.41401e+17	6.18744e+17	6.96049e+17	7.61257e+17	5.88141e+17	8.6002e+15	5.72556e+15	5.25689e+15	2.30043e+15	1.4555e+15	2.911e+15	4.3665e+15	5.822e+15	7.2775e+15	8.733e+15	1.01885e+16	1.1644e+16	1.30997e+16	2.19152e+16	1.74663e+17	4.54033e+17	3.03903	2.88405	2.88405	2.88405	2.88405	2.88405	2.88405	2.88405	2.88405	2.88405	2.88405	2.88198	2.69611	2.17988	4.68983	
164505	6.86606e+17	2.79344e+17	1.22242e+17	7.73432e+16	1.54686e+17	2.3203e+17	3.09373e+17	3.86716e+17	4.64059e+17	5.41402e+17	6.18746e+17	6.9605e+17	7.61239e+17	5.88502e+17	8.6002e+15	5.72514e+15	5.25645e+15	2.30023e+15	1.45538e+15	2.91075e+15	4.36613e+15	5.82151e+15	7.27689e+15	8.73226e+15	1.01876e+16	1.1643e+16	1.30986e+16	2.19261e+16	1.74454e+17	4.54033e+17	3.04134	2.88657	2.88657	2.88657	2.88657	2.88657	2.88657	2.88657	2.88657	2.88657	2.88657	2.88441	2.69843	2.17845	4.68982	
164757	6.86607e+17	2.79344e+17	1.22242e+17	7.73434e+16	1.54687e+17	2.3203e+17	3.09374e+17	3.86717e+17	4.6406e+17	5.41404e+17	6.18747e+17	6.96051e+17	7.61221e+17	5.88863e+17	8.6002e+15	5.72473e+15	5.25601e+15	2.30004e+15	1.45526e+15	2.91051e+15	4.36577e+15	5.82102e+15	7.27628e+15	8.73153e+15	1.01868e+16	1.1642e+16	1.30976e+16	2.19371e+16	1.74246e+17	4.54033e+17	3.04364	2.88909	2.88909	2.88909	2.88909	2.88909	2.88909	2.88909	2.88909	2.88909	2.88909	2.88684	2.70074	2.17702	4.68982	
165009	6.86608e+17	2.79345e+17	1.22242e+17	7.73436e+16	1.54687e+17	2.32031e+17	3.09374e+17	3.86718e+17	4.64062e+17	5.41405e+17	6.18749e+17	6.96052e+17	7.61202e+17	5.89224e+17	8.6002e+15	5.72432e+15	5.25557e+15	2.29985e+15	1.45513e+15	2.91027e+15	4.3654e+15	5.82054e+15	7.27567e+15	8.73081e+15	1.01859e+16	1.16411e+16	1.30965e+16	2.1948e+16	1.74038e+17	4.54033e+17	3.04593	2.89161	2.89161	2.89161	2.89161	2.89161	2.89161	2.89161	2.89161	2.89161	2.89161	2.88926	2.70305	2.17561	4.68982	
165260	6.86608e+17	2.79346e+17	1.22242e+17	7.73438e+16	1.54688e+17	2.32031e+17	3.09375e+17	3.86719e+17	4.64063e+17	5.41407e+17	6.1875e+17	6.96053e+17	7.61184e+17	5.89584e+17	8.60021e+15	5.7239e+15	5.25513e+15	2.29966e+15	1.45501e+15	2.91003e+15	4.36504e+15	5.82005e+15	7.27507e+15	8.73008e+15	1.01851e+16	1.16401e+16	1.30955e+16	2.19589e+16	1.73831e+17	4.54033e+17	3.04822	2.89412	2.89412	2.89412	2.89412	2.89412	2.89412	2.89412	2.89412	2.89412	2.89412	2.89168	2.70535	2.17419	4.68982	
165512	6.86609e+17	2.79347e+17	1.22243e+17	7.7344e+16	1.54688e+17	2.32032e+17	3.09376e+17	3.8672e+17	4.64064e+17	5.41408e+17	6.18752e+17	6.96054e+17	7.61166e+17	5.89943e+17	8.60021e+15	5.72349e+15	5.2547e+15	2.29947e+15	1.45489e+15	2.90979e+15	4.36468e+15	5.81957e+15	7.27446e+15	8.72936e+15	1.01842e+16	1.16391e+16	1.30944e+16	2.19699e+16	1.73623e+17	4.54033e+17	3.0505	2.89663	2.89663	2.89663	2.89663	2.89663	2.89663	2.89663	2.89663	2.89663	2.89663	2.8941	2.70765	2.17278	4.68982	
165764	6.8661e+17	2.79347e+17	1.22243e+17	7.73442e+16	1.54688e+17	2.32033e+17	3.09377e+17	3.86721e+17	4.64065e+17	5.41409e+17	6.18754e+17	6.96056e+17	7.61148e+17	5.90303e+17	8.60021e+15	5.72308e+15	5.25426e+15	2.29928e+15	1.45477e+15	2.90954e+15	4.36432e+15	5.81909e+15	7.27386e+15	8.72863e+15	1.01834e+16	1.16382e+16	1.30934e+16	2.19808e+16	1.73415e+17	4.54033e+17	3.05278	2.89914	2.89914	2.89914	2.89914	2.89914	2.89914	2.89914	2.89914	2.89914	2.89914	2.89651	2.70995	2.17137	4.68982	
166015	6.86611e+17	2.79348e+17	1.22243e+17	7.73444e+16	1.54689e+17	2.32033e+17	3.09378e+17	3.86722e+17	4.64066e+17	5.41411e+17	6.18755e+17	6.96057e+17	7.6113e+17	5.90661e+17	8.60021e+15	5.72268e+15	5.25383e+15	2.29909e+15	1.45465e+15	2.9093e+15	4.36396e+15	5.81861e+15	7.27326e+15	8.72791e+15	1.01826e+16	1.16372e+16	1.30923e+16	2.19918e+16	1.73208e+17	4.54033e+17	3.05506	2.90164	2.90164	2.90164	2.90164	2.90164	2.90164	2.90164	2.90164	2.90164	2.90164	2.89892	2.71224	2.16997	4.68982	
166267	6.86612e+17	2.79349e+17	1.22244e+17	7.73446e+16	1.54689e+17	2.32034e+17	3.09378e+17	3.86723e+17	4.64068e+17	5.41412e+17	6.18757e+17	6.96058e+17	7.61112e+17	5.9102e+17	8.60022e+15	5.72227e+15	5.25339e+15	2.2989e+15	1.45453e+15	2.90906e+15	4.3636e+15	5.81813e+15	7.27266e+15	8.72719e+15	1.01817e+16	1.16363e+16	1.30913e+16	2.20027e+16	1.73001e+17	4.54033e+17	3.05733	2.90414	2.90414	2.90414	2.90414	2.90414	2.90414	2.90414	2.90414	2.90414	2.90414	2.90132	2.71452	2.16858	4.68982	
166519	6.86612e+17	2.79349e+17	1.22244e+17	7.73448e+16	1.5469e+17	2.32034e+17	3.09379e+17	3.86724e+17	4.64069e+17	5.41413e+17	6.18758e+17	6.96059e+17	7.61093e+17	5.91378e+17	8.60022e+15	5.72186e+15	5.25296e+15	2.29871e+15	1.45441e+15	2.90883e+15	4.36324e+15	5.81765e+15	7.27206e+15	8.72648e+15	1.01809e+16	1.16353e+16	1.30903e+16	2.20137e+16	1.72794e+17	4.54033e+17	3.05959	2.90664	2.90664	2.90664	2.90664	2.90664	2.90664	2.90664	2.90664	2.90664	2.90664	2.90372	2.7168	2.16718	4.68982	
166770	6.86613e+17	2.7935e+17	1.22244e+17	7.7345e+16	1.5469e+17	2.32035e+17	3.0938e+17	3.86725e+17	4.6407e+17	5.41415e+17	6.1876e+17	6.9606e+17	7.61075e+17	5.91736e+17	8.60022e+15	5.72146e+15	5.25253e+15	2.29852e+15	1.45429e+15	2.90859e+15	4.36288e+15	5.81717e+15	7.27147e+15	8.72576e+15	1.01801e+16	1.16343e+16	1.30892e+16	2.20246e+16	1.72588e+17	4.54033e+17	3.06185	2.90913	2.90913	2.90913	2.90913	2.90913	2.90913	2.90913	2.90913	2.90913	2.90913	2.90612	2.71908	2.1658	4.68981	
167022	6.86614e+17	2.79351e+17	1.22245e+17	7.73452e+16	1.5469e+17	2.32036e+17	3.09381e+17	3.86726e+17	4.64071e+17	5.41416e+17	6.18761e+17	6.96061e+17	7.61057e+17	5.92093e+17	8.60022e+15	5.72105e+15	5.2521e+15	2.29833e+15	1.45417e+15	2.90835e+15	4.36252e+15	5.8167e+15	7.27087e+15	8.72505e+15	1.01792e+16	1.16334e+16	1.30882e+16	2.20356e+16	1.72381e+17	4.54033e+17	3.0641	2.91163	2.91163	2.91163	2.91163	2.91163	2.91163	2.91163	2.91163	2.91163	2.91163	2.90851	2.72135	2.16441	4.68981	
167274	6.86615e+17	2.79351e+17	1.22245e+17	7.73454e+16	1.54691e+17	2.32036e+17	3.09381e+17	3.86727e+17	4.64072e+17	5.41418e+17	6.18763e+17	6.96062e+17	7.61039e+17	5.9245e+17	8.60022e+15	5.72065e+15	5.25168e+15	2.29815e+15	1.45406e+15	2.90811e+15	4.36217e+15	5.81623e+15	7.27028e+15	8.72434e+15	1.01784e+16	1.16325e+16	1.30872e+16	2.20465e+16	1.72175e+17	4.54033e+17	3.06634	2.91411	2.91411	2.91411	2.91411	2.91411	2.91411	2.91411	2.91411	2.91411	2.91411	2.91089	2.72362	2.16303	4.68981	
167526	6.86615e+17	2.79352e+17	1.22245e+17	7.73456e+16	1.54691e+17	2.32037e+17	3.09382e+17	3.86728e+17	4.64073e+17	5.41419e+17	6.18764e+17	6.96063e+17	7.61021e+17	5.92807e+17	8.60023e+15	5.72025e+15	5.25125e+15	2.29796e+15	1.45394e+15	2.90788e+15	4.36181e+15	5.81575e+15	7.26969e+15	8.72363e+15	1.01776e+16	1.16315e+16	1.30862e+16	2.20575e+16	1.71969e+17	4.54033e+17	3.06858	2.9166	2.9166	2.9166	2.9166	2.9166	2.9166	2.9166	2.9166	2.9166	2.9166	2.91328	2.72589	2.16166	4.68981	
167777	6.86616e+17	2.79353e+17	1.22246e+17	7.73458e+16	1.54692e+17	2.32037e+17	3.09383e+17	3.86729e+17	4.64075e+17	5.4142e+17	6.18766e+17	6.96064e+17	7.61003e+17	5.93163e+17	8.60023e+15	5.71984e+15	5.25082e+15	2.29777e+15	1.45382e+15	2.90764e+15	4.36146e+15	5.81528e+15	7.2691e+15	8.72292e+15	1.01767e+16	1.16306e+16	1.30852e+16	2.20685e+16	1.71763e+17	4.54033e+17	3.07081	2.91908	2.91908	2.91908	2.91908	2.91908	2.91908	2.91908	2.91908	2.91908	2.91908	2.91565	2.72815	2.16029	4.68981	
168029	6.86617e+17	2.79354e+17	1.22246e+17	7.73459e+16	1.54692e+17	2.32038e+17	3.09384e+17	3.8673e+17	4.64076e+17	5.41422e+17	6.18768e+17	6.96065e+17	7.60985e+17	5.93519e+17	8.60023e+15	5.71944e+15	5.2504e+15	2.29759e+15	1.4537e+15	2.9074e+15	4.36111e+15	5.81481e+15	7.26851e+15	8.72221e+15	1.01759e+16	1.16296e+16	1.30843e+16	2.20794e+16	1.71557e+17	4.54033e+17	3.07304	2.92156	2.92156	2.92156	2.92156	2.92156	2.92156	2.92156	2.92156	2.92156	2.92156	2.91803	2.7304	2.15892	4.68981	
168281	6.86618e+17	2.79354e+17	1.22246e+17	7.73461e+16	1.54692e+17	2.32038e+17	3.09385e+17	3.86731e+17	4.64077e+17	5.41423e+17	6.18769e+17	6.96066e+17	7.60966e+17	5.93875e+17	8.60024e+15	5.71904e+15	5.24997e+15	2.2974e+15	1.45359e+15	2.90717e+15	4.36076e+15	5.81434e+15	7.26793e+15	8.72151e+15	1.01751e+16	1.16287e+16	1.30833e+16	2.20904e+16	1.71351e+17	4.54033e+17	3.07526	2.92404	2.92404	2.92404	2.92404	2.92404	2.92404	2.92404	2.92404	2.92404	2.92404	2.9204	2.73266	2.15755	4.68981	
168533	6.86618e+17	2.79355e+17	1.22246e+17	7.73463e+16	1.54693e+17	2.32039e+17	3.09385e+17	3.86732e+17	4.64078e+17	5.41424e+17	6.18771e+17	6.96067e+17	7.60948e+17	5.9423e+17	8.60024e+15	5.71865e+15	5.24955e+15	2.29722e+15	1.45347e+15	2.90694e+15	4.3604e+15	5.81387e+15	7.26734e+15	8.72081e+15	1.01743e+16	1.16277e+16	1.30823e+16	2.21014e+16	1.71146e+17	4.54033e+17	3.07747	2.92651	2.92651	2.92651	2.92651	2.92651	2.92651	2.92651	2.92651	2.92651	2.92651	2.92276	2.73491	2.1562	4.68981	
168785	6.86619e+17	2.79356e+17	1.22247e+17	7.73465e+16	1.54693e+17	2.3204e+17	3.09386e+17	3.86733e+17	4.64079e+17	5.41426e+17	6.18772e+17	6.96068e+17	7.6093e+17	5.94585e+17	8.60024e+15	5.71825e+15	5.24913e+15	2.29703e+15	1.45335e+15	2.9067e+15	4.36005e+15	5.81341e+15	7.26676e+15	8.72011e+15	1.01735e+16	1.16268e+16	1.30814e+16	2.21124e+16	1.7094e+17	4.54033e+17	3.07968	2.92898	2.92898	2.92898	2.92898	2.92898	2.92898	2.92898	2.92898	2.92898	2.92898	2.92513	2.73715	2.15484	4.6898	
169037	6.8662e+17	2.79356e+17	1.22247e+17	7.73467e+16	1.54693e+17	2.3204e+17	3.09387e+17	3.86734e+17	4.6408e+17	5.41427e+17	6.18774e+17	6.96069e+17	7.60912e+17	5.9494e+17	8.60024e+15	5.71785e+15	5.24871e+15	2.29685e+15	1.45323e+15	2.90647e+15	4.3597e+15	5.81294e+15	7.26617e+15	8.71941e+15	1.01726e+16	1.16259e+16	1.30805e+16	2.21234e+16	1.70735e+17	4.54033e+17	3.08188	2.93144	2.93144	2.93144	2.93144	2.93144	2.93144	2.93144	2.93144	2.93144	2.93144	2.92748	2.73939	2.15349	4.6898	
169289	6.86621e+17	2.79357e+17	1.22247e+17	7.73469e+16	1.54694e+17	2.32041e+17	3.09388e+17	3.86735e+17	4.64081e+17	5.41428e+17	6.18775e+17	6.9607e+17	7.60893e+17	5.95294e+17	8.60025e+15	5.71746e+15	5.24829e+15	2.29666e+15	1.45312e+15	2.90624e+15	4.35936e+15	5.81247e+15	7.26559e+15	8.71871e+15	1.01718e+16	1.16249e+16	1.30796e+16	2.21344e+16	1.7053e+17	4.54033e+17	3.08407	2.93391	2.93391	2.93391	2.93391	2.93391	2.93391	2.93391	2.93391	2.93391	2.93391	2.92984	2.74163	2.15214	4.6898	
169541	6.86621e+17	2.79358e+17	1.22248e+17	7.73471e+16	1.54694e+17	2.32041e+17	3.09388e+17	3.86735e+17	4.64083e+17	5.4143e+17	6.18777e+17	6.96071e+17	7.60875e+17	5.95648e+17	8.60025e+15	5.71706e+15	5.24787e+15	2.29648e+15	1.453e+15	2.90601e+15	4.35901e+15	5.81201e+15	7.26501e+15	8.71802e+15	1.0171e+16	1.1624e+16	1.30787e+16	2.21455e+16	1.70325e+17	4.54033e+17	3.08626	2.93637	2.93637	2.93637	2.93637	2.93637	2.93637	2.93637	2.93637	2.93637	2.93637	2.93219	2.74386	2.1508	4.6898	
169793	6.86622e+17	2.79358e+17	1.22248e+17	7.73473e+16	1.54695e+17	2.32042e+17	3.09389e+17	3.86736e+17	4.64084e+17	5.41431e+17	6.18778e+17	6.96072e+17	7.60857e+17	5.96002e+17	8.60025e+15	5.71667e+15	5.24745e+15	2.2963e+15	1.45289e+15	2.90577e+15	4.35866e+15	5.81155e+15	7.26444e+15	8.71732e+15	1.01702e+16	1.16231e+16	1.30778e+16	2.21565e+16	1.70121e+17	4.54033e+17	3.08844	2.93883	2.93883	2.93883	2.93883	2.93883	2.93883	2.93883	2.93883	2.93883	2.93883	2.93453	2.74609	2.14946	4.6898	
170045	6.86623e+17	2.79359e+17	1.22248e+17	7.73475e+16	1.54695e+17	2.32042e+17	3.0939e+17	3.86737e+17	4.64085e+17	5.41432e+17	6.1878e+17	6.96073e+17	7.60839e+17	5.96355e+17	8.60026e+15	5.71628e+15	5.24704e+15	2.29612e+15	1.45277e+15	2.90554e+15	4.35832e+15	5.81109e+15	7.26386e+15	8.71663e+15	1.01694e+16	1.16222e+16	1.3077e+16	2.21675e+16	1.69916e+17	4.54033e+17	3.09061	2.94128	2.94128	2.94128	2.94128	2.94128	2.94128	2.94128	2.94128	2.94128	2.94128	2.93687	2.74831	2.14813	4.6898	
170297	6.86624e+17	2.7936e+17	1.22249e+17	7.73477e+16	1.54695e+17	2.32043e+17	3.09391e+17	3.86738e+17	4.64086e+17	5.41434e+17	6.18781e+17	6.96074e+17	7.6082e+17	5.96708e+17	8.60026e+15	5.71589e+15	5.24662e+15	2.29593e+15	1.45266e+15	2.90531e+15	4.35797e+15	5.81063e+15	7.26328e+15	8.71594e+15	1.01686e+16	1.16213e+16	1.30762e+16	2.21786e+16	1.69712e+17	4.54033e+17	3.09277	2.94373	2.94373	2.94373	2.94373	2.94373	2.94373	2.94373	2.94373	2.94373	2.94373	2.93921	2.75053	2.1468	4.68979	
170549	6.86624e+17	2.7936e+17	1.22249e+17	7.73478e+16	1.54696e+17	2.32044e+17	3.09391e+17	3.86739e+17	4.64087e+17	5.41435e+17	6.18783e+17	6.96074e+17	7.60802e+17	5.9706e+17	8.60026e+15	5.7155e+15	5.24621e+15	2.29575e+15	1.45254e+15	2.90508e+15	4.35763e+15	5.81017e+15	7.26271e+15	8.71525e+15	1.01678e+16	1.16203e+16	1.30754e+16	2.21896e+16	1.69508e+17	4.54033e+17	3.09493	2.94618	2.94618	2.94618	2.94618	2.94618	2.94618	2.94618	2.94618	2.94618	2.94618	2.94154	2.75275	2.14548	4.68979	
170801	6.86625e+17	2.79361e+17	1.22249e+17	7.7348e+16	1.54696e+17	2.32044e+17	3.09392e+17	3.8674e+17	4.64088e+17	5.41436e+17	6.18784e+17	6.96075e+17	7.60784e+17	5.97412e+17	8.60027e+15	5.71511e+15	5.24579e+15	2.29557e+15	1.45243e+15	2.90486e+15	4.35728e+15	5.80971e+15	7.26214e+15	8.71457e+15	1.0167e+16	1.16194e+16	1.30747e+16	2.22007e+16	1.69304e+17	4.54033e+17	3.09708	2.94862	2.94862	2.94862	2.94862	2.94862	2.94862	2.94862	2.94862	2.94862	2.94862	2.94387	2.75496	2.14415	4.68979	
171053	6.86626e+17	2.79362e+17	1.22249e+17	7.73482e+16	1.54696e+17	2.32045e+17	3.09393e+17	3.86741e+17	4.64089e+17	5.41438e+17	6.18786e+17	6.96076e+17	7.60766e+17	5.97764e+17	8.60027e+15	5.71472e+15	5.24538e+15	2.29539e+15	1.45231e+15	2.90463e+15	4.35694e+15	5.80925e+15	7.26157e+15	8.71388e+15	1.01662e+16	1.16185e+16	1.3074e+16	2.22118e+16	1.691e+17	4.54033e+17	3.09923	2.95106	2.95106	2.95106	2.95106	2.95106	2.95106	2.95106	2.95106	2.95106	2.95106	2.9462	2.75717	2.14284	4.68979	
171305	6.86627e+17	2.79362e+17	1.2225e+17	7.73484e+16	1.54697e+17	2.32045e+17	3.09394e+17	3.86742e+17	4.6409e+17	5.41439e+17	6.18787e+17	6.96076e+17	7.60747e+17	5.98115e+17	8.60027e+15	5.71434e+15	5.24497e+15	2.29521e+15	1.4522e+15	2.9044e+15	4.3566e+15	5.8088e+15	7.261e+15	8.7132e+15	1.01654e+16	1.16176e+16	1.30733e+16	2.22229e+16	1.68897e+17	4.54033e+17	3.10136	2.9535	2.9535	2.9535	2.9535	2.9535	2.9535	2.9535	2.9535	2.9535	2.9535	2.94852	2.75937	2.14152	4.68979	
171557	6.86627e+17	2.79363e+17	1.2225e+17	7.73486e+16	1.54697e+17	2.32046e+17	3.09394e+17	3.86743e+17	4.64092e+17	5.4144e+17	6.18789e+17	6.96077e+17	7.60729e+17	5.98467e+17	8.60028e+15	5.71395e+15	5.24456e+15	2.29503e+15	1.45209e+15	2.90417e+15	4.35626e+15	5.80834e+15	7.26043e+15	8.71252e+15	1.01646e+16	1.16167e+16	1.30727e+16	2.2234e+16	1.68693e+17	4.54033e+17	3.1035	2.95594	2.95594	2.95594	2.95594	2.95594	2.95594	2.95594	2.95594	2.95594	2.95594	2.95083	2.76158	2.14021	4.68979	
171809	6.86628e+17	2.79364e+17	1.2225e+17	7.73488e+16	1.54698e+17	2.32046e+17	3.09395e+17	3.86744e+17	4.64093e+17	5.41441e+17	6.1879e+17	6.96077e+17	7.60711e+17	5.98817e+17	8.60028e+15	5.71357e+15	5.24415e+15	2.29485e+15	1.45197e+15	2.90395e+15	4.35592e+15	5.80789e+15	7.25986e+15	8.71184e+15	1.01638e+16	1.16158e+16	1.30721e+16	2.22451e+16	1.6849e+17	4.54033e+17	3.10562	2.95837	2.95837	2.95837	2.95837	2.95837	2.95837	2.95837	2.95837	2.95837	2.95837	2.95315	2.76377	2.13891	4.68978	
172061	6.86629e+17	2.79364e+17	1.22251e+17	7.7349e+16	1.54698e+17	2.32047e+17	3.09396e+17	3.86745e+17	4.64094e+17	5.41443e+17	6.18792e+17	6.96078e+17	7.60692e+17	5.99168e+17	8.60028e+15	5.71318e+15	5.24374e+15	2.29467e+15	1.45186e+15	2.90372e+15	4.35558e+15	5.80744e+15	7.2593e+15	8.71116e+15	1.0163e+16	1.16149e+16	1.30715e+16	2.22563e+16	1.68287e+17	4.54033e+17	3.10774	2.9608	2.9608	2.9608	2.9608	2.9608	2.9608	2.9608	2.9608	2.9608	2.9608	2.95546	2.76597	2.13761	4.68978	
172313	6.8663e+17	2.79365e+17	1.22251e+17	7.73491e+16	1.54698e+17	2.32047e+17	3.09397e+17	3.86746e+17	4.64095e+17	5.41444e+17	6.18793e+17	6.96078e+17	7.60674e+17	5.99518e+17	8.60029e+15	5.7128e+15	5.24333e+15	2.2945e+15	1.45175e+15	2.90349e+15	4.35524e+15	5.80699e+15	7.25873e+15	8.71048e+15	1.01622e+16	1.1614e+16	1.3071e+16	2.22674e+16	1.68084e+17	4.54033e+17	3.10985	2.96322	2.96322	2.96322	2.96322	2.96322	2.96322	2.96322	2.96322	2.96322	2.96322	2.95776	2.76816	2.13631	4.68978	
172565	6.8663e+17	2.79366e+17	1.22251e+17	7.73493e+16	1.54699e+17	2.32048e+17	3.09397e+17	3.86747e+17	4.64096e+17	5.41445e+17	6.18795e+17	6.96078e+17	7.60655e+17	5.99867e+17	8.60029e+15	5.71242e+15	5.24293e+15	2.29432e+15	1.45163e+15	2.90327e+15	4.3549e+15	5.80654e+15	7.25817e+15	8.70981e+15	1.01614e+16	1.16131e+16	1.30706e+16	2.22786e+16	1.67881e+17	4.54033e+17	3.11196	2.96564	2.96564	2.96564	2.96564	2.96564	2.96564	2.96564	2.96564	2.96564	2.96564	2.96006	2.77034	2.13501	4.68978	
172818	6.86631e+17	2.79366e+17	1.22251e+17	7.73495e+16	1.54699e+17	2.32049e+17	3.09398e+17	3.86748e+17	4.64097e+17	5.41447e+17	6.18796e+17	6.96078e+17	7.60637e+17	6.00217e+17	8.6003e+15	5.71204e+15	5.24252e+15	2.29414e+15	1.45152e+15	2.90304e+15	4.35457e+15	5.80609e+15	7.25761e+15	8.70913e+15	1.01607e+16	1.16122e+16	1.30702e+16	2.22898e+16	1.67678e+17	4.54033e+17	3.11406	2.96806	2.96806	2.96806	2.96806	2.96806	2.96806	2.96806	2.96806	2.96806	2.96806	2.96236	2.77253	2.13372	4.68978	
173070	6.86632e+17	2.79367e+17	1.22252e+17	7.73497e+16	1.54699e+17	2.32049e+17	3.09399e+17	3.86748e+17	4.64098e+17	5.41448e+17	6.18798e+17	6.96078e+17	7.60618e+17	6.00566e+17	8.6003e+15	5.71167e+15	5.24212e+15	2.29396e+15	1.45141e+15	2.90282e+15	4.35423e+15	5.80564e+15	7.25705e+15	8.70846e+15	1.01599e+16	1.16113e+16	1.30699e+16	2.2301e+16	1.67476e+17	4.54033e+17	3.11615	2.97047	2.97047	2.97047	2.97047	2.97047	2.97047	2.97047	2.97047	2.97047	2.97047	2.96465	2.7747	2.13244	4.68977	
173322	6.86632e+17	2.79368e+17	1.22252e+17	7.73499e+16	1.547e+17	2.3205e+17	3.094e+17	3.86749e+17	4.64099e+17	5.41449e+17	6.18799e+17	6.96078e+17	7.606e+17	6.00915e+17	8.60031e+15	5.71129e+15	5.24171e+15	2.29379e+15	1.4513e+15	2.9026e+15	4.35389e+15	5.80519e+15	7.25649e+15	8.70779e+15	1.01591e+16	1.16104e+16	1.30696e+16	2.23122e+16	1.67274e+17	4.54033e+17	3.11824	2.97289	2.97289	2.97289	2.97289	2.97289	2.97289	2.97289	2.97289	2.97289	2.97289	2.96694	2.77688	2.13116	4.68977	
173574	6.86633e+17	2.79368e+17	1.22252e+17	7.73501e+16	1.547e+17	2.3205e+17	3.094e+17	3.8675e+17	4.641e+17	5.4145e+17	6.18801e+17	6.96078e+17	7.60581e+17	6.01263e+17	8.60031e+15	5.71092e+15	5.24131e+15	2.29361e+15	1.45119e+15	2.90237e+15	4.35356e+15	5.80475e+15	7.25593e+15	8.70712e+15	1.01583e+16	1.16095e+16	1.30694e+16	2.23234e+16	1.67071e+17	4.54033e+17	3.12032	2.97529	2.97529	2.97529	2.97529	2.97529	2.97529	2.97529	2.97529	2.97529	2.97529	2.96922	2.77905	2.12988	4.68977	
173826	6.86634e+17	2.79369e+17	1.22253e+17	7.73502e+16	1.547e+17	2.32051e+17	3.09401e+17	3.86751e+17	4.64101e+17	5.41452e+17	6.18802e+17	6.96078e+17	7.60563e+17	6.01611e+17	8.60031e+15	5.71054e+15	5.24091e+15	2.29344e+15	1.45108e+15	2.90215e+15	4.35323e+15	5.8043e+15	7.25538e+15	8.70645e+15	1.01575e+16	1.16086e+16	1.30693e+16	2.23346e+16	1.66869e+17	4.54033e+17	3.1224	2.9777	2.9777	2.9777	2.9777	2.9777	2.9777	2.9777	2.9777	2.9777	2.9777	2.9715	2.78122	2.12861	4.68977	
174079	6.86635e+17	2.7937e+17	1.22253e+17	7.73504e+16	1.54701e+17	2.32051e+17	3.09402e+17	3.86752e+17	4.64103e+17	5.41453e+17	6.18803e+17	6.96077e+17	7.60544e+17	6.01958e+17	8.60032e+15	5.71017e+15	5.24051e+15	2.29326e+15	1.45096e+15	2.90193e+15	4.35289e+15	5.80386e+15	7.25482e+15	8.70579e+15	1.01568e+16	1.16077e+16	1.30693e+16	2.23459e+16	1.66668e+17	4.54033e+17	3.12447	2.9801	2.9801	2.9801	2.9801	2.9801	2.9801	2.9801	2.9801	2.9801	2.9801	2.97378	2.78338	2.12734	4.68976	
174331	6.86635e+17	2.7937e+17	1.22253e+17	7.73506e+16	1.54701e+17	2.32052e+17	3.09402e+17	3.86753e+17	4.64104e+17	5.41454e+17	6.18805e+17	6.96077e+17	7.60526e+17	6.02306e+17	8.60032e+15	5.7098e+15	5.24011e+15	2.29309e+15	1.45085e+15	2.90171e+15	4.35256e+15	5.80342e+15	7.25427e+15	8.70513e+15	1.0156e+16	1.16068e+16	1.30693e+16	2.23572e+16	1.66466e+17	4.54033e+17	3.12654	2.98249	2.98249	2.98249	2.98249	2.98249	2.98249	2.98249	2.98249	2.98249	2.98249	2.97605	2.78554	2.12607	4.68976	
174583	6.86636e+17	2.79371e+17	1.22253e+17	7.73508e+16	1.54702e+17	2.32052e+17	3.09403e+17	3.86754e+17	4.64105e+17	5.41456e+17	6.18806e+17	6.96076e+17	7.60507e+17	6.02653e+17	8.60033e+15	5.70943e+15	5.23971e+15	2.29291e+15	1.45074e+15	2.90149e+15	4.35223e+15	5.80298e+15	7.25372e+15	8.70446e+15	1.01552e+16	1.1606e+16	1.30694e+16	2.23685e+16	1.66265e+17	4.54033e+17	3.1286	2.98489	2.98489	2.98489	2.98489	2.98489	2.98489	2.98489	2.98489	2.98489	2.98489	2.97832	2.7877	2.12481	4.68976	
174835	6.86637e+17	2.79372e+17	1.22254e+17	7.7351e+16	1.54702e+17	2.32053e+17	3.09404e+17	3.86755e+17	4.64106e+17	5.41457e+17	6.18808e+17	6.96075e+17	7.60489e+17	6.02999e+17	8.60033e+15	5.70906e+15	5.23931e+15	2.29274e+15	1.45063e+15	2.90127e+15	4.3519e+15	5.80254e+15	7.25317e+15	8.7038e+15	1.01544e+16	1.16051e+16	1.30696e+16	2.23798e+16	1.66064e+17	4.54033e+17	3.13065	2.98728	2.98728	2.98728	2.98728	2.98728	2.98728	2.98728	2.98728	2.98728	2.98728	2.98058	2.78985	2.12355	4.68976	
175088	6.86637e+17	2.79372e+17	1.22254e+17	7.73511e+16	1.54702e+17	2.32053e+17	3.09405e+17	3.86756e+17	4.64107e+17	5.41458e+17	6.18809e+17	6.96074e+17	7.6047e+17	6.03345e+17	8.60034e+15	5.70869e+15	5.23892e+15	2.29256e+15	1.45052e+15	2.90105e+15	4.35157e+15	5.8021e+15	7.25262e+15	8.70314e+15	1.01537e+16	1.16042e+16	1.30699e+16	2.23911e+16	1.65862e+17	4.54033e+17	3.13271	2.98966	2.98966	2.98966	2.98966	2.98966	2.98966	2.98966	2.98966	2.98966	2.98966	2.98284	2.792	2.1223	4.68975	
175340	6.86638e+17	2.79373e+17	1.22254e+17	7.73513e+16	1.54703e+17	2.32054e+17	3.09405e+17	3.86757e+17	4.64108e+17	5.41459e+17	6.18811e+17	6.96073e+17	7.60451e+17	6.03691e+17	8.60034e+15	5.70833e+15	5.23852e+15	2.29239e+15	1.45041e+15	2.90083e+15	4.35124e+15	5.80166e+15	7.25207e+15	8.70249e+15	1.01529e+16	1.16033e+16	1.30703e+16	2.24024e+16	1.65662e+17	4.54033e+17	3.13475	2.99205	2.99205	2.99205	2.99205	2.99205	2.99205	2.99205	2.99205	2.99205	2.99205	2.98509	2.79415	2.12105	4.68975	
175592	6.86639e+17	2.79374e+17	1.22255e+17	7.73515e+16	1.54703e+17	2.32055e+17	3.09406e+17	3.86758e+17	4.64109e+17	5.41461e+17	6.18812e+17	6.96072e+17	7.60432e+17	6.04037e+17	8.60035e+15	5.70796e+15	5.23813e+15	2.29222e+15	1.45031e+15	2.90061e+15	4.35092e+15	5.80122e+15	7.25153e+15	8.70183e+15	1.01521e+16	1.16024e+16	1.30708e+16	2.24138e+16	1.65461e+17	4.54033e+17	3.13679	2.99442	2.99442	2.99442	2.99442	2.99442	2.99442	2.99442	2.99442	2.99442	2.99442	2.98734	2.79629	2.1198	4.68975	
175845	6.86639e+17	2.79374e+17	1.22255e+17	7.73517e+16	1.54703e+17	2.32055e+17	3.09407e+17	3.86758e+17	4.6411e+17	5.41462e+17	6.18813e+17	6.96071e+17	7.60414e+17	6.04382e+17	8.60036e+15	5.7076e+15	5.23773e+15	2.29205e+15	1.4502e+15	2.90039e+15	4.35059e+15	5.80079e+15	7.25098e+15	8.70118e+15	1.01514e+16	1.16016e+16	1.30714e+16	2.24252e+16	1.6526e+17	4.54033e+17	3.13883	2.9968	2.9968	2.9968	2.9968	2.9968	2.9968	2.9968	2.9968	2.9968	2.9968	2.98959	2.79843	2.11856	4.68975	
176097	6.8664e+17	2.79375e+17	1.22255e+17	7.73519e+16	1.54704e+17	2.32056e+17	3.09407e+17	3.86759e+17	4.64111e+17	5.41463e+17	6.18815e+17	6.96069e+17	7.60395e+17	6.04727e+17	8.60036e+15	5.70724e+15	5.23734e+15	2.29187e+15	1.45009e+15	2.90018e+15	4.35026e+15	5.80035e+15	7.25044e+15	8.70053e+15	1.01506e+16	1.16007e+16	1.30721e+16	2.24366e+16	1.6506e+17	4.54033e+17	3.14086	2.99917	2.99917	2.99917	2.99917	2.99917	2.99917	2.99917	2.99917	2.99917	2.99917	2.99183	2.80056	2.11732	4.68974	
176350	6.86641e+17	2.79376e+17	1.22255e+17	7.7352e+16	1.54704e+17	2.32056e+17	3.09408e+17	3.8676e+17	4.64112e+17	5.41464e+17	6.18816e+17	6.96067e+17	7.60376e+17	6.05071e+17	8.60037e+15	5.70688e+15	5.23695e+15	2.2917e+15	1.44998e+15	2.89996e+15	4.34994e+15	5.79992e+15	7.2499e+15	8.69987e+15	1.01499e+16	1.15998e+16	1.30729e+16	2.2448e+16	1.6486e+17	4.54033e+17	3.14289	3.00154	3.00154	3.00154	3.00154	3.00154	3.00154	3.00154	3.00154	3.00154	3.00154	2.99407	2.8027	2.11608	4.68974	
176602	6.86641e+17	2.79376e+17	1.22256e+17	7.73522e+16	1.54704e+17	2.32057e+17	3.09409e+17	3.86761e+17	4.64113e+17	5.41466e+17	6.18818e+17	6.96066e+17	7.60357e+17	6.05415e+17	8.60037e+15	5.70652e+15	5.23656e+15	2.29153e+15	1.44987e+15	2.89974e+15	4.34961e+15	5.79948e+15	7.24935e+15	8.69923e+15	1.01491e+16	1.1599e+16	1.30739e+16	2.24594e+16	1.6466e+17	4.54033e+17	3.14491	3.0039	3.0039	3.0039	3.0039	3.0039	3.0039	3.0039	3.0039	3.0039	3.0039	2.9963	2.80482	2.11485	4.68974	
176854	6.86642e+17	2.79377e+17	1.22256e+17	7.73524e+16	1.54705e+17	2.32057e+17	3.0941e+17	3.86762e+17	4.64114e+17	5.41467e+17	6.18819e+17	6.96063e+17	7.60338e+17	6.05759e+17	8.60038e+15	5.70616e+15	5.23617e+15	2.29136e+15	1.44976e+15	2.89953e+15	4.34929e+15	5.79905e+15	7.24881e+15	8.69858e+15	1.01483e+16	1.15981e+16	1.30749e+16	2.24709e+16	1.6446e+17	4.54033e+17	3.14693	3.00626	3.00626	3.00626	3.00626	3.00626	3.00626	3.00626	3.00626	3.00626	3.00626	2.99853	2.80695	2.11362	4.68974	
177107	6.86643e+17	2.79377e+17	1.22256e+17	7.73526e+16	1.54705e+17	2.32058e+17	3.0941e+17	3.86763e+17	4.64115e+17	5.41468e+17	6.18821e+17	6.96061e+17	7.60319e+17	6.06102e+17	8.60039e+15	5.7058e+15	5.23578e+15	2.29119e+15	1.44966e+15	2.89931e+15	4.34897e+15	5.79862e+15	7.24828e+15	8.69793e+15	1.01476e+16	1.15972e+16	1.30761e+16	2.24824e+16	1.6426e+17	4.54033e+17	3.14895	3.00861	3.00861	3.00861	3.00861	3.00861	3.00861	3.00861	3.00861	3.00861	3.00861	3.00076	2.80907	2.1124	4.68973	
177359	6.86644e+17	2.79378e+17	1.22257e+17	7.73527e+16	1.54705e+17	2.32058e+17	3.09411e+17	3.86764e+17	4.64116e+17	5.41469e+17	6.18822e+17	6.96059e+17	7.603e+17	6.06445e+17	8.60039e+15	5.70545e+15	5.23539e+15	2.29102e+15	1.44955e+15	2.8991e+15	4.34864e+15	5.79819e+15	7.24774e+15	8.69729e+15	1.01468e+16	1.15964e+16	1.30774e+16	2.24939e+16	1.64061e+17	4.54033e+17	3.15096	3.01096	3.01096	3.01096	3.01096	3.01096	3.01096	3.01096	3.01096	3.01096	3.01096	3.00298	2.81119	2.11118	4.68973	
177612	6.86644e+17	2.79379e+17	1.22257e+17	7.73529e+16	1.54706e+17	2.32059e+17	3.09412e+17	3.86765e+17	4.64118e+17	5.4147e+17	6.18823e+17	6.96056e+17	7.60281e+17	6.06788e+17	8.6004e+15	5.70509e+15	5.23501e+15	2.29085e+15	1.44944e+15	2.89888e+15	4.34832e+15	5.79776e+15	7.2472e+15	8.69665e+15	1.01461e+16	1.15955e+16	1.30788e+16	2.25055e+16	1.63861e+17	4.54033e+17	3.15297	3.01331	3.01331	3.01331	3.01331	3.01331	3.01331	3.01331	3.01331	3.01331	3.01331	3.00519	2.8133	2.10996	4.68973	
177864	6.86645e+17	2.79379e+17	1.22257e+17	7.73531e+16	1.54706e+17	2.32059e+17	3.09412e+17	3.86765e+17	4.64119e+17	5.41472e+17	6.18825e+17	6.96053e+17	7.60262e+17	6.0713e+17	8.6004e+15	5.70474e+15	5.23462e+15	2.29068e+15	1.44933e+15	2.89867e+15	4.348e+15	5.79734e+15	7.24667e+15	8.696e+15	1.01453e+16	1.15947e+16	1.30803e+16	2.2517e+16	1.63662e+17	4.54033e+17	3.15497	3.01565	3.01565	3.01565	3.01565	3.01565	3.01565	3.01565	3.01565	3.01565	3.01565	3.00741	2.81541	2.10875	4.68972	
178117	6.86646e+17	2.7938e+17	1.22257e+17	7.73533e+16	1.54707e+17	2.3206e+17	3.09413e+17	3.86766e+17	4.6412e+17	5.41473e+17	6.18826e+17	6.9605e+17	7.60243e+17	6.07472e+17	8.60041e+15	5.70439e+15	5.23423e+15	2.29051e+15	1.44923e+15	2.89845e+15	4.34768e+15	5.79691e+15	7.24614e+15	8.69536e+15	1.01446e+16	1.15938e+16	1.3082e+16	2.25286e+16	1.63463e+17	4.54033e+17	3.15697	3.01799	3.01799	3.01799	3.01799	3.01799	3.01799	3.01799	3.01799	3.01799	3.01799	3.00962	2.81752	2.10754	4.68972	
178369	6.86646e+17	2.79381e+17	1.22258e+17	7.73534e+16	1.54707e+17	2.3206e+17	3.09414e+17	3.86767e+17	4.64121e+17	5.41474e+17	6.18828e+17	6.96047e+17	7.60224e+17	6.07814e+17	8.60042e+15	5.70404e+15	5.23385e+15	2.29035e+15	1.44912e+15	2.89824e+15	4.34736e+15	5.79648e+15	7.24561e+15	8.69473e+15	1.01438e+16	1.1593e+16	1.30837e+16	2.25402e+16	1.63264e+17	4.54033e+17	3.15896	3.02032	3.02032	3.02032	3.02032	3.02032	3.02032	3.02032	3.02032	3.02032	3.02032	3.01182	2.81962	2.10634	4.68972	
178622	6.86647e+17	2.79381e+17	1.22258e+17	7.73536e+16	1.54707e+17	2.32061e+17	3.09414e+17	3.86768e+17	4.64122e+17	5.41475e+17	6.18829e+17	6.96043e+17	7.60205e+17	6.08155e+17	8.60043e+15	5.70369e+15	5.23347e+15	2.29018e+15	1.44901e+15	2.89803e+15	4.34704e+15	5.79606e+15	7.24507e+15	8.69409e+15	1.01431e+16	1.15921e+16	1.30857e+16	2.25519e+16	1.63066e+17	4.54033e+17	3.16096	3.02265	3.02265	3.02265	3.02265	3.02265	3.02265	3.02265	3.02265	3.02265	3.02265	3.01402	2.82173	2.10514	4.68971	
178874	6.86647e+17	2.79382e+17	1.22258e+17	7.73538e+16	1.54708e+17	2.32061e+17	3.09415e+17	3.86769e+17	4.64123e+17	5.41477e+17	6.1883e+17	6.9604e+17	7.60186e+17	6.08496e+17	8.60043e+15	5.70334e+15	5.23309e+15	2.29001e+15	1.44891e+15	2.89782e+15	4.34673e+15	5.79564e+15	7.24455e+15	8.69345e+15	1.01424e+16	1.15913e+16	1.30877e+16	2.25636e+16	1.62867e+17	4.54033e+17	3.16294	3.02497	3.02497	3.02497	3.02497	3.02497	3.02497	3.02497	3.02497	3.02497	3.02497	3.01621	2.82382	2.10394	4.68971	
179127	6.86648e+17	2.79383e+17	1.22259e+17	7.7354e+16	1.54708e+17	2.32062e+17	3.09416e+17	3.8677e+17	4.64124e+17	5.41478e+17	6.18832e+17	6.96036e+17	7.60167e+17	6.08836e+17	8.60044e+15	5.703e+15	5.2327e+15	2.28984e+15	1.4488e+15	2.89761e+15	4.34641e+15	5.79521e+15	7.24402e+15	8.69282e+15	1.01416e+16	1.15904e+16	1.30899e+16	2.25753e+16	1.62669e+17	4.54033e+17	3.16493	3.02729	3.02729	3.02729	3.02729	3.02729	3.02729	3.02729	3.02729	3.02729	3.02729	3.0184	2.82592	2.10275	4.68971	
179380	6.86649e+17	2.79383e+17	1.22259e+17	7.73541e+16	1.54708e+17	2.32062e+17	3.09417e+17	3.86771e+17	4.64125e+17	5.41479e+17	6.18833e+17	6.96032e+17	7.60147e+17	6.09177e+17	8.60045e+15	5.70265e+15	5.23232e+15	2.28968e+15	1.4487e+15	2.8974e+15	4.3461e+15	5.79479e+15	7.24349e+15	8.69219e+15	1.01409e+16	1.15896e+16	1.30923e+16	2.2587e+16	1.62471e+17	4.54033e+17	3.16691	3.02961	3.02961	3.02961	3.02961	3.02961	3.02961	3.02961	3.02961	3.02961	3.02961	3.02059	2.82801	2.10156	4.6897	
179632	6.86649e+17	2.79384e+17	1.22259e+17	7.73543e+16	1.54709e+17	2.32063e+17	3.09417e+17	3.86772e+17	4.64126e+17	5.4148e+17	6.18834e+17	6.96027e+17	7.60128e+17	6.09516e+17	8.60045e+15	5.70231e+15	5.23195e+15	2.28951e+15	1.44859e+15	2.89719e+15	4.34578e+15	5.79437e+15	7.24297e+15	8.69156e+15	1.01402e+16	1.15887e+16	1.30947e+16	2.25988e+16	1.62273e+17	4.54033e+17	3.16889	3.03192	3.03192	3.03192	3.03192	3.03192	3.03192	3.03192	3.03192	3.03192	3.03192	3.02277	2.83009	2.10037	4.6897	
179885	6.8665e+17	2.79384e+17	1.22259e+17	7.73545e+16	1.54709e+17	2.32063e+17	3.09418e+17	3.86772e+17	4.64127e+17	5.41481e+17	6.18836e+17	6.96023e+17	7.60109e+17	6.09856e+17	8.60046e+15	5.70197e+15	5.23157e+15	2.28935e+15	1.44849e+15	2.89698e+15	4.34547e+15	5.79395e+15	7.24244e+15	8.69093e+15	1.01394e+16	1.15879e+16	1.30974e+16	2.26106e+16	1.62075e+17	4.54033e+17	3.17086	3.03423	3.03423	3.03423	3.03423	3.03423	3.03423	3.03423	3.03423	3.03423	3.03423	3.02495	2.83218	2.09919	4.6897	
180137	6.86651e+17	2.79385e+17	1.2226e+17	7.73546e+16	1.54709e+17	2.32064e+17	3.09419e+17	3.86773e+17	4.64128e+17	5.41483e+17	6.18837e+17	6.96018e+17	7.60089e+17	6.10195e+17	8.60047e+15	5.70163e+15	5.23119e+15	2.28918e+15	1.44838e+15	2.89677e+15	4.34515e+15	5.79354e+15	7.24192e+15	8.69031e+15	1.01387e+16	1.15871e+16	1.31001e+16	2.26224e+16	1.61878e+17	4.54033e+17	3.17283	3.03653	3.03653	3.03653	3.03653	3.03653	3.03653	3.03653	3.03653	3.03653	3.03653	3.02712	2.83426	2.09801	4.68969	
180390	6.86651e+17	2.79386e+17	1.2226e+17	7.73548e+16	1.5471e+17	2.32064e+17	3.09419e+17	3.86774e+17	4.64129e+17	5.41484e+17	6.18839e+17	6.96013e+17	7.6007e+17	6.10534e+17	8.60048e+15	5.70129e+15	5.23081e+15	2.28902e+15	1.44828e+15	2.89656e+15	4.34484e+15	5.79312e+15	7.2414e+15	8.68968e+15	1.0138e+16	1.15862e+16	1.3103e+16	2.26343e+16	1.6168e+17	4.54033e+17	3.1748	3.03882	3.03882	3.03882	3.03882	3.03882	3.03882	3.03882	3.03882	3.03882	3.03882	3.02929	2.83634	2.09684	4.68969	
180643	6.86652e+17	2.79386e+17	1.2226e+17	7.7355e+16	1.5471e+17	2.32065e+17	3.0942e+17	3.86775e+17	4.6413e+17	5.41485e+17	6.1884e+17	6.96008e+17	7.6005e+17	6.10872e+17	8.60049e+15	5.70095e+15	5.23044e+15	2.28885e+15	1.44818e+15	2.89635e+15	4.34453e+15	5.7927e+15	7.24088e+15	8.68906e+15	1.01372e+16	1.15854e+16	1.3106e+16	2.26462e+16	1.61483e+17	4.54033e+17	3.17676	3.04111	3.04111	3.04111	3.04111	3.04111	3.04111	3.04111	3.04111	3.04111	3.04111	3.03145	2.83841	2.09566	4.68968	
180896	6.86653e+17	2.79387e+17	1.2226e+17	7.73552e+16	1.5471e+17	2.32065e+17	3.09421e+17	3.86776e+17	4.64131e+17	5.41486e+17	6.18841e+17	6.96002e+17	7.60031e+17	6.1121e+17	8.6005e+15	5.70061e+15	5.23006e+15	2.28869e+15	1.44807e+15	2.89614e+15	4.34422e+15	5.79229e+15	7.24036e+15	8.68843e+15	1.01365e+16	1.15846e+16	1.31092e+16	2.26581e+16	1.61286e+17	4.54033e+17	3.17872	3.0434	3.0434	3.0434	3.0434	3.0434	3.0434	3.0434	3.0434	3.0434	3.0434	3.03361	2.84048	2.0945	4.68968	
181148	6.86653e+17	2.79387e+17	1.22261e+17	7.73553e+16	1.54711e+17	2.32066e+17	3.09421e+17	3.86777e+17	4.64132e+17	5.41487e+17	6.18843e+17	6.95996e+17	7.60011e+17	6.11548e+17	8.6005e+15	5.70027e+15	5.22969e+15	2.28853e+15	1.44797e+15	2.89594e+15	4.34391e+15	5.79188e+15	7.23985e+15	8.68781e+15	1.01358e+16	1.15838e+16	1.31125e+16	2.26701e+16	1.61089e+17	4.54033e+17	3.18068	3.04568	3.04568	3.04568	3.04568	3.04568	3.04568	3.04568	3.04568	3.04568	3.04568	3.03576	2.84255	2.09333	4.68968	
181401	6.86654e+17	2.79388e+17	1.22261e+17	7.73555e+16	1.54711e+17	2.32066e+17	3.09422e+17	3.86777e+17	4.64133e+17	5.41488e+17	6.18844e+17	6.95991e+17	7.59991e+17	6.11885e+17	8.60051e+15	5.69994e+15	5.22932e+15	2.28836e+15	1.44787e+15	2.89573e+15	4.3436e+15	5.79146e+15	7.23933e+15	8.6872e+15	1.01351e+16	1.15829e+16	1.3116e+16	2.26821e+16	1.60893e+17	4.54033e+17	3.18263	3.04796	3.04796	3.04796	3.04796	3.04796	3.04796	3.04796	3.04796	3.04796	3.04796	3.03791	2.84461	2.09217	4.68967	
181654	6.86655e+17	2.79389e+17	1.22261e+17	7.73557e+16	1.54711e+17	2.32067e+17	3.09423e+17	3.86778e+17	4.64134e+17	5.4149e+17	6.18845e+17	6.95984e+17	7.59971e+17	6.12222e+17	8.60052e+15	5.69961e+15	5.22895e+15	2.2882e+15	1.44776e+15	2.89553e+15	4.34329e+15	5.79105e+15	7.23882e+15	8.68658e+15	1.01343e+16	1.15821e+16	1.31196e+16	2.26942e+16	1.60696e+17	4.54033e+17	3.18458	3.05023	3.05023	3.05023	3.05023	3.05023	3.05023	3.05023	3.05023	3.05023	3.05023	3.04006	2.84667	2.09102	4.68967	
181906	6.86655e+17	2.79389e+17	1.22261e+17	7.73558e+16	1.54712e+17	2.32067e+17	3.09423e+17	3.86779e+17	4.64135e+17	5.41491e+17	6.18847e+17	6.95978e+17	7.59951e+17	6.12559e+17	8.60053e+15	5.69928e+15	5.22858e+15	2.28804e+15	1.44766e+15	2.89532e+15	4.34298e+15	5.79064e+15	7.2383e+15	8.68596e+15	1.01336e+16	1.15813e+16	1.31233e+16	2.27063e+16	1.605e+17	4.54033e+17	3.18653	3.0525	3.0525	3.0525	3.0525	3.0525	3.0525	3.0525	3.0525	3.0525	3.0525	3.0422	2.84873	2.08986	4.68966	
182159	6.86656e+17	2.7939e+17	1.22262e+17	7.7356e+16	1.54712e+17	2.32068e+17	3.09424e+17	3.8678e+17	4.64136e+17	5.41492e+17	6.18848e+17	6.95972e+17	7.59931e+17	6.12895e+17	8.60054e+15	5.69894e+15	5.22821e+15	2.28788e+15	1.44756e+15	2.89512e+15	4.34267e+15	5.79023e+15	7.23779e+15	8.68535e+15	1.01329e+16	1.15805e+16	1.31271e+16	2.27184e+16	1.60304e+17	4.54033e+17	3.18847	3.05476	3.05476	3.05476	3.05476	3.05476	3.05476	3.05476	3.05476	3.05476	3.05476	3.04433	2.85078	2.08871	4.68966	
182412	6.86656e+17	2.7939e+17	1.22262e+17	7.73562e+16	1.54712e+17	2.32068e+17	3.09425e+17	3.86781e+17	4.64137e+17	5.41493e+17	6.18849e+17	6.95965e+17	7.59911e+17	6.13231e+17	8.60055e+15	5.69862e+15	5.22784e+15	2.28772e+15	1.44746e+15	2.89491e+15	4.34237e+15	5.78983e+15	7.23728e+15	8.68474e+15	1.01322e+16	1.15797e+16	1.31311e+16	2.27306e+16	1.60108e+17	4.54033e+17	3.19042	3.05702	3.05702	3.05702	3.05702	3.05702	3.05702	3.05702	3.05702	3.05702	3.05702	3.04646	2.85283	2.08757	4.68966	
182665	6.86657e+17	2.79391e+17	1.22262e+17	7.73563e+16	1.54713e+17	2.32069e+17	3.09425e+17	3.86782e+17	4.64138e+17	5.41494e+17	6.18851e+17	6.95958e+17	7.59891e+17	6.13566e+17	8.60056e+15	5.69829e+15	5.22747e+15	2.28755e+15	1.44735e+15	2.89471e+15	4.34206e+15	5.78942e+15	7.23677e+15	8.68413e+15	1.01315e+16	1.15788e+16	1.31353e+16	2.27429e+16	1.59912e+17	4.54033e+17	3.19235	3.05927	3.05927	3.05927	3.05927	3.05927	3.05927	3.05927	3.05927	3.05927	3.05927	3.04859	2.85488	2.08643	4.68965	
182918	6.86658e+17	2.79392e+17	1.22263e+17	7.73565e+16	1.54713e+17	2.32069e+17	3.09426e+17	3.86782e+17	4.64139e+17	5.41495e+17	6.18852e+17	6.95951e+17	7.59871e+17	6.13902e+17	8.60057e+15	5.69796e+15	5.2271e+15	2.28739e+15	1.44725e+15	2.89451e+15	4.34176e+15	5.78901e+15	7.23627e+15	8.68352e+15	1.01308e+16	1.1578e+16	1.31395e+16	2.27552e+16	1.59716e+17	4.54033e+17	3.19429	3.06151	3.06151	3.06151	3.06151	3.06151	3.06151	3.06151	3.06151	3.06151	3.06151	3.05071	2.85692	2.08529	4.68965	
183171	6.86658e+17	2.79392e+17	1.22263e+17	7.73567e+16	1.54713e+17	2.3207e+17	3.09427e+17	3.86783e+17	4.6414e+17	5.41497e+17	6.18853e+17	6.95943e+17	7.59851e+17	6.14236e+17	8.60058e+15	5.69764e+15	5.22674e+15	2.28723e+15	1.44715e+15	2.8943e+15	4.34146e+15	5.78861e+15	7.23576e+15	8.68291e+15	1.01301e+16	1.15772e+16	1.31439e+16	2.27675e+16	1.59521e+17	4.54033e+17	3.19622	3.06376	3.06376	3.06376	3.06376	3.06376	3.06376	3.06376	3.06376	3.06376	3.06376	3.05283	2.85896	2.08415	4.68964	
183424	6.86659e+17	2.79393e+17	1.22263e+17	7.73568e+16	1.54714e+17	2.3207e+17	3.09427e+17	3.86784e+17	4.64141e+17	5.41498e+17	6.18855e+17	6.95936e+17	7.59831e+17	6.14571e+17	8.60059e+15	5.69731e+15	5.22637e+15	2.28708e+15	1.44705e+15	2.8941e+15	4.34115e+15	5.7882e+15	7.23526e+15	8.68231e+15	1.01294e+16	1.15764e+16	1.31484e+16	2.27799e+16	1.59326e+17	4.54033e+17	3.19815	3.06599	3.06599	3.06599	3.06599	3.06599	3.06599	3.06599	3.06599	3.06599	3.06599	3.05494	2.861	2.08302	4.68964	
183676	6.8666e+17	2.79393e+17	1.22263e+17	7.7357e+16	1.54714e+17	2.32071e+17	3.09428e+17	3.86785e+17	4.64142e+17	5.41499e+17	6.18856e+17	6.95928e+17	7.5981e+17	6.14905e+17	8.6006e+15	5.69699e+15	5.22601e+15	2.28692e+15	1.44695e+15	2.8939e+15	4.34085e+15	5.7878e+15	7.23475e+15	8.6817e+15	1.01287e+16	1.15756e+16	1.31531e+16	2.27923e+16	1.59131e+17	4.54033e+17	3.20008	3.06822	3.06822	3.06822	3.06822	3.06822	3.06822	3.06822	3.06822	3.06822	3.06822	3.05705	2.86304	2.08189	4.68963	
183929	6.8666e+17	2.79394e+17	1.22264e+17	7.73571e+16	1.54714e+17	2.32071e+17	3.09429e+17	3.86786e+17	4.64143e+17	5.415e+17	6.18857e+17	6.9592e+17	7.5979e+17	6.15239e+17	8.60061e+15	5.69667e+15	5.22565e+15	2.28676e+15	1.44685e+15	2.8937e+15	4.34055e+15	5.7874e+15	7.23425e+15	8.6811e+15	1.0128e+16	1.15748e+16	1.31578e+16	2.28048e+16	1.58936e+17	4.54033e+17	3.202	3.07045	3.07045	3.07045	3.07045	3.07045	3.07045	3.07045	3.07045	3.07045	3.07045	3.05916	2.86507	2.08077	4.68963	
184182	6.86661e+17	2.79395e+17	1.22264e+17	7.73573e+16	1.54715e+17	2.32072e+17	3.09429e+17	3.86787e+17	4.64144e+17	5.41501e+17	6.18858e+17	6.95912e+17	7.59769e+17	6.15572e+17	8.60062e+15	5.69635e+15	5.22529e+15	2.2866e+15	1.44675e+15	2.8935e+15	4.34025e+15	5.787e+15	7.23375e+15	8.6805e+15	1.01273e+16	1.1574e+16	1.31627e+16	2.28174e+16	1.58741e+17	4.54033e+17	3.20392	3.07267	3.07267	3.07267	3.07267	3.07267	3.07267	3.07267	3.07267	3.07267	3.07267	3.06126	2.86709	2.07965	4.68962	
184435	6.86661e+17	2.79395e+17	1.22264e+17	7.73575e+16	1.54715e+17	2.32072e+17	3.0943e+17	3.86787e+17	4.64145e+17	5.41502e+17	6.1886e+17	6.95904e+17	7.59749e+17	6.15905e+17	8.60063e+15	5.69603e+15	5.22493e+15	2.28644e+15	1.44665e+15	2.8933e+15	4.33995e+15	5.7866e+15	7.23325e+15	8.6799e+15	1.01266e+16	1.15732e+16	1.31677e+16	2.283e+16	1.58547e+17	4.54033e+17	3.20584	3.07489	3.07489	3.07489	3.07489	3.07489	3.07489	3.07489	3.07489	3.07489	3.07489	3.06335	2.86912	2.07853	4.68962	
184688	6.86662e+17	2.79396e+17	1.22264e+17	7.73576e+16	1.54715e+17	2.32073e+17	3.09431e+17	3.86788e+17	4.64146e+17	5.41503e+17	6.18861e+17	6.95895e+17	7.59728e+17	6.16238e+17	8.60065e+15	5.69571e+15	5.22457e+15	2.28628e+15	1.44655e+15	2.8931e+15	4.33965e+15	5.7862e+15	7.23275e+15	8.67931e+15	1.01259e+16	1.15724e+16	1.31728e+16	2.28426e+16	1.58352e+17	4.54033e+17	3.20775	3.0771	3.0771	3.0771	3.0771	3.0771	3.0771	3.0771	3.0771	3.0771	3.0771	3.06544	2.87114	2.07742	4.68961	
184941	6.86663e+17	2.79396e+17	1.22265e+17	7.73578e+16	1.54716e+17	2.32073e+17	3.09431e+17	3.86789e+17	4.64147e+17	5.41505e+17	6.18862e+17	6.95886e+17	7.59707e+17	6.1657e+17	8.60066e+15	5.69539e+15	5.22421e+15	2.28613e+15	1.44645e+15	2.8929e+15	4.33936e+15	5.78581e+15	7.23226e+15	8.67871e+15	1.01252e+16	1.15716e+16	1.31781e+16	2.28554e+16	1.58158e+17	4.54033e+17	3.20966	3.0793	3.0793	3.0793	3.0793	3.0793	3.0793	3.0793	3.0793	3.0793	3.0793	3.06753	2.87316	2.07631	4.68961	
185194	6.86663e+17	2.79397e+17	1.22265e+17	7.7358e+16	1.54716e+17	2.32074e+17	3.09432e+17	3.8679e+17	4.64148e+17	5.41506e+17	6.18864e+17	6.95878e+17	7.59686e+17	6.16902e+17	8.60067e+15	5.69508e+15	5.22385e+15	2.28597e+15	1.44635e+15	2.89271e+15	4.33906e+15	5.78541e+15	7.23176e+15	8.67812e+15	1.01245e+16	1.15708e+16	1.31834e+16	2.28682e+16	1.57964e+17	4.54033e+17	3.21157	3.08151	3.08151	3.08151	3.08151	3.08151	3.08151	3.08151	3.08151	3.08151	3.08151	3.06961	2.87517	2.0752	4.6896	
185447	6.86664e+17	2.79398e+17	1.22265e+17	7.73581e+16	1.54716e+17	2.32074e+17	3.09432e+17	3.86791e+17	4.64149e+17	5.41507e+17	6.18865e+17	6.95869e+17	7.59665e+17	6.17233e+17	8.60068e+15	5.69477e+15	5.2235e+15	2.28582e+15	1.44625e+15	2.89251e+15	4.33876e+15	5.78502e+15	7.23127e+15	8.67753e+15	1.01238e+16	1.157e+16	1.31888e+16	2.2881e+16	1.57771e+17	4.54033e+17	3.21348	3.0837	3.0837	3.0837	3.0837	3.0837	3.0837	3.0837	3.0837	3.0837	3.0837	3.07169	2.87719	2.0741	4.68959	
185700	6.86664e+17	2.79398e+17	1.22265e+17	7.73583e+16	1.54717e+17	2.32075e+17	3.09433e+17	3.86791e+17	4.6415e+17	5.41508e+17	6.18866e+17	6.95859e+17	7.59644e+17	6.17565e+17	8.60069e+15	5.69445e+15	5.22314e+15	2.28566e+15	1.44616e+15	2.89231e+15	4.33847e+15	5.78462e+15	7.23078e+15	8.67694e+15	1.01231e+16	1.15692e+16	1.31944e+16	2.28939e+16	1.57577e+17	4.54033e+17	3.21538	3.08589	3.08589	3.08589	3.08589	3.08589	3.08589	3.08589	3.08589	3.08589	3.08589	3.07376	2.87919	2.073	4.68959	
185953	6.86665e+17	2.79399e+17	1.22266e+17	7.73584e+16	1.54717e+17	2.32075e+17	3.09434e+17	3.86792e+17	4.64151e+17	5.41509e+17	6.18868e+17	6.9585e+17	7.59623e+17	6.17895e+17	8.60071e+15	5.69414e+15	5.22279e+15	2.28551e+15	1.44606e+15	2.89212e+15	4.33817e+15	5.78423e+15	7.23029e+15	8.67635e+15	1.01224e+16	1.15685e+16	1.32e+16	2.29069e+16	1.57384e+17	4.54033e+17	3.21728	3.08807	3.08807	3.08807	3.08807	3.08807	3.08807	3.08807	3.08807	3.08807	3.08807	3.07583	2.8812	2.0719	4.68958	
186203	6.86665e+17	2.79399e+17	1.22266e+17	7.73586e+16	1.54717e+17	2.32076e+17	3.09434e+17	3.86793e+17	4.64152e+17	5.4151e+17	6.18869e+17	6.95841e+17	7.59602e+17	6.18222e+17	8.60072e+15	5.69384e+15	5.22244e+15	2.28535e+15	1.44596e+15	2.89192e+15	4.33788e+15	5.78385e+15	7.22981e+15	8.67577e+15	1.01217e+16	1.15677e+16	1.32057e+16	2.29198e+16	1.57193e+17	4.54033e+17	3.21916	3.09023	3.09023	3.09023	3.09023	3.09023	3.09023	3.09023	3.09023	3.09023	3.09023	3.07787	2.88318	2.07082	4.68958	
186455	6.86666e+17	2.794e+17	1.22266e+17	7.73588e+16	1.54718e+17	2.32076e+17	3.09435e+17	3.86794e+17	4.64153e+17	5.41511e+17	6.1887e+17	6.95831e+17	7.5958e+17	6.18551e+17	8.60073e+15	5.69353e+15	5.22209e+15	2.2852e+15	1.44586e+15	2.89173e+15	4.33759e+15	5.78346e+15	7.22932e+15	8.67519e+15	1.01211e+16	1.15669e+16	1.32115e+16	2.29329e+16	1.57e+17	4.54033e+17	3.22104	3.09239	3.09239	3.09239	3.09239	3.09239	3.09239	3.09239	3.09239	3.09239	3.09239	3.07992	2.88517	2.06974	4.68957	
186708	6.86667e+17	2.794e+17	1.22266e+17	7.73589e+16	1.54718e+17	2.32077e+17	3.09436e+17	3.86795e+17	4.64153e+17	5.41512e+17	6.18871e+17	6.95821e+17	7.59559e+17	6.18881e+17	8.60075e+15	5.69322e+15	5.22174e+15	2.28505e+15	1.44577e+15	2.89153e+15	4.3373e+15	5.78307e+15	7.22884e+15	8.6746e+15	1.01204e+16	1.15661e+16	1.32174e+16	2.29461e+16	1.56807e+17	4.54033e+17	3.22294	3.09457	3.09457	3.09457	3.09457	3.09457	3.09457	3.09457	3.09457	3.09457	3.09457	3.08197	2.88717	2.06865	4.68957	
186959	6.86667e+17	2.79401e+17	1.22267e+17	7.73591e+16	1.54718e+17	2.32077e+17	3.09436e+17	3.86795e+17	4.64154e+17	5.41514e+17	6.18873e+17	6.95812e+17	7.59537e+17	6.19206e+17	8.60076e+15	5.69292e+15	5.22139e+15	2.28489e+15	1.44567e+15	2.89134e+15	4.33701e+15	5.78269e+15	7.22836e+15	8.67403e+15	1.01197e+16	1.15654e+16	1.32233e+16	2.29592e+16	1.56617e+17	4.54033e+17	3.2248	3.09671	3.09671	3.09671	3.09671	3.09671	3.09671	3.09671	3.09671	3.09671	3.09671	3.084	2.88914	2.06758	4.68956	
187211	6.86668e+17	2.79402e+17	1.22267e+17	7.73592e+16	1.54718e+17	2.32078e+17	3.09437e+17	3.86796e+17	4.64155e+17	5.41515e+17	6.18874e+17	6.95802e+17	7.59515e+17	6.19535e+17	8.60077e+15	5.69261e+15	5.22104e+15	2.28474e+15	1.44557e+15	2.89115e+15	4.33672e+15	5.7823e+15	7.22787e+15	8.67345e+15	1.0119e+16	1.15646e+16	1.32294e+16	2.29726e+16	1.56425e+17	4.54033e+17	3.22669	3.09886	3.09886	3.09886	3.09886	3.09886	3.09886	3.09886	3.09886	3.09886	3.09886	3.08604	2.89113	2.0665	4.68955	
187464	6.86668e+17	2.79402e+17	1.22267e+17	7.73594e+16	1.54719e+17	2.32078e+17	3.09438e+17	3.86797e+17	4.64156e+17	5.41516e+17	6.18875e+17	6.95792e+17	7.59493e+17	6.19864e+17	8.60079e+15	5.69231e+15	5.2207e+15	2.28459e+15	1.44548e+15	2.89096e+15	4.33644e+15	5.78191e+15	7.22739e+15	8.67287e+15	1.01184e+16	1.15638e+16	1.32355e+16	2.2986e+16	1.56232e+17	4.54033e+17	3.22857	3.10101	3.10101	3.10101	3.10101	3.10101	3.10101	3.10101	3.10101	3.10101	3.10101	3.08808	2.89311	2.06543	4.68955	
187714	6.86669e+17	2.79403e+17	1.22267e+17	7.73595e+16	1.54719e+17	2.32079e+17	3.09438e+17	3.86798e+17	4.64157e+17	5.41517e+17	6.18876e+17	6.95781e+17	7.59472e+17	6.20188e+17	8.6008e+15	5.69201e+15	5.22035e+15	2.28444e+15	1.44538e+15	2.89077e+15	4.33615e+15	5.78154e+15	7.22692e+15	8.6723e+15	1.01177e+16	1.15631e+16	1.32416e+16	2.29993e+16	1.56043e+17	4.54033e+17	3.23043	3.10314	3.10314	3.10314	3.10314	3.10314	3.10314	3.10314	3.10314	3.10314	3.10314	3.0901	2.89507	2.06437	4.68954	
187967	6.86669e+17	2.79403e+17	1.22268e+17	7.73597e+16	1.54719e+17	2.32079e+17	3.09439e+17	3.86798e+17	4.64158e+17	5.41518e+17	6.18878e+17	6.95771e+17	7.59449e+17	6.20515e+17	8.60082e+15	5.69171e+15	5.22001e+15	2.28429e+15	1.44529e+15	2.89058e+15	4.33587e+15	5.78115e+15	7.22644e+15	8.67173e+15	1.0117e+16	1.15623e+16	1.32479e+16	2.30129e+16	1.55851e+17	4.54033e+17	3.2323	3.10528	3.10528	3.10528	3.10528	3.10528	3.10528	3.10528	3.10528	3.10528	3.10528	3.09212	2.89705	2.0633	4.68953	
188221	6.8667e+17	2.79404e+17	1.22268e+17	7.73599e+16	1.5472e+17	2.3208e+17	3.09439e+17	3.86799e+17	4.64159e+17	5.41519e+17	6.18879e+17	6.95761e+17	7.59427e+17	6.20843e+17	8.60083e+15	5.69141e+15	5.21966e+15	2.28414e+15	1.44519e+15	2.89039e+15	4.33558e+15	5.78077e+15	7.22596e+15	8.67116e+15	1.01164e+16	1.15615e+16	1.32543e+16	2.30266e+16	1.55659e+17	4.54033e+17	3.23418	3.10742	3.10742	3.10742	3.10742	3.10742	3.10742	3.10742	3.10742	3.10742	3.10742	3.09416	2.89903	2.06224	4.68953	
188474	6.86671e+17	2.79404e+17	1.22268e+17	7.736e+16	1.5472e+17	2.3208e+17	3.0944e+17	3.868e+17	4.6416e+17	5.4152e+17	6.1888e+17	6.9575e+17	7.59405e+17	6.2117e+17	8.60085e+15	5.69111e+15	5.21932e+15	2.28399e+15	1.4451e+15	2.8902e+15	4.33529e+15	5.78039e+15	7.22549e+15	8.67059e+15	1.01157e+16	1.15608e+16	1.32607e+16	2.30403e+16	1.55468e+17	4.54033e+17	3.23605	3.10955	3.10955	3.10955	3.10955	3.10955	3.10955	3.10955	3.10955	3.10955	3.10955	3.09618	2.901	2.06118	4.68952	
188727	6.86671e+17	2.79405e+17	1.22268e+17	7.73602e+16	1.5472e+17	2.3208e+17	3.09441e+17	3.86801e+17	4.64161e+17	5.41521e+17	6.18881e+17	6.95739e+17	7.59382e+17	6.21497e+17	8.60086e+15	5.69081e+15	5.21898e+15	2.28384e+15	1.445e+15	2.89001e+15	4.33501e+15	5.78001e+15	7.22502e+15	8.67002e+15	1.0115e+16	1.156e+16	1.32672e+16	2.30542e+16	1.55276e+17	4.54033e+17	3.23792	3.11168	3.11168	3.11168	3.11168	3.11168	3.11168	3.11168	3.11168	3.11168	3.11168	3.0982	2.90297	2.06012	4.68951	
188980	6.86672e+17	2.79405e+17	1.22269e+17	7.73603e+16	1.54721e+17	2.32081e+17	3.09441e+17	3.86802e+17	4.64162e+17	5.41522e+17	6.18883e+17	6.95729e+17	7.59359e+17	6.21824e+17	8.60088e+15	5.69051e+15	5.21864e+15	2.28369e+15	1.44491e+15	2.88982e+15	4.33473e+15	5.77963e+15	7.22454e+15	8.66945e+15	1.01144e+16	1.15593e+16	1.32737e+16	2.30681e+16	1.55085e+17	4.54033e+17	3.23979	3.11381	3.11381	3.11381	3.11381	3.11381	3.11381	3.11381	3.11381	3.11381	3.11381	3.10022	2.90494	2.05906	4.68951	
189233	6.86672e+17	2.79406e+17	1.22269e+17	7.73605e+16	1.54721e+17	2.32081e+17	3.09442e+17	3.86802e+17	4.64163e+17	5.41523e+17	6.18884e+17	6.95718e+17	7.59336e+17	6.22149e+17	8.6009e+15	5.69022e+15	5.2183e+15	2.28354e+15	1.44481e+15	2.88963e+15	4.33444e+15	5.77926e+15	7.22407e+15	8.66889e+15	1.01137e+16	1.15585e+16	1.32803e+16	2.30821e+16	1.54894e+17	4.54033e+17	3.24165	3.11592	3.11592	3.11592	3.11592	3.11592	3.11592	3.11592	3.11592	3.11592	3.11592	3.10222	2.9069	2.05801	4.6895	
189487	6.86673e+17	2.79407e+17	1.22269e+17	7.73606e+16	1.54721e+17	2.32082e+17	3.09442e+17	3.86803e+17	4.64164e+17	5.41524e+17	6.18885e+17	6.95707e+17	7.59313e+17	6.22476e+17	8.60091e+15	5.68993e+15	5.21796e+15	2.28339e+15	1.44472e+15	2.88944e+15	4.33416e+15	5.77888e+15	7.2236e+15	8.66832e+15	1.0113e+16	1.15578e+16	1.32869e+16	2.30962e+16	1.54703e+17	4.54033e+17	3.24351	3.11804	3.11804	3.11804	3.11804	3.11804	3.11804	3.11804	3.11804	3.11804	3.11804	3.10423	2.90887	2.05696	4.68949	
189739	6.86673e+17	2.79407e+17	1.22269e+17	7.73608e+16	1.54722e+17	2.32082e+17	3.09443e+17	3.86804e+17	4.64165e+17	5.41525e+17	6.18886e+17	6.95696e+17	7.5929e+17	6.228e+17	8.60093e+15	5.68963e+15	5.21762e+15	2.28324e+15	1.44463e+15	2.88926e+15	4.33388e+15	5.77851e+15	7.22314e+15	8.66777e+15	1.01124e+16	1.1557e+16	1.32936e+16	2.31104e+16	1.54513e+17	4.54033e+17	3.24537	3.12014	3.12014	3.12014	3.12014	3.12014	3.12014	3.12014	3.12014	3.12014	3.12014	3.10623	2.91082	2.05592	4.68948	
189993	6.86674e+17	2.79408e+17	1.2227e+17	7.73609e+16	1.54722e+17	2.32083e+17	3.09444e+17	3.86805e+17	4.64166e+17	5.41526e+17	6.18887e+17	6.95685e+17	7.59267e+17	6.23126e+17	8.60095e+15	5.68934e+15	5.21728e+15	2.2831e+15	1.44453e+15	2.88907e+15	4.3336e+15	5.77814e+15	7.22267e+15	8.6672e+15	1.01117e+16	1.15563e+16	1.33003e+16	2.31247e+16	1.54322e+17	4.54033e+17	3.24723	3.12225	3.12225	3.12225	3.12225	3.12225	3.12225	3.12225	3.12225	3.12225	3.12225	3.10824	2.91278	2.05488	4.68948	
190247	6.86675e+17	2.79408e+17	1.2227e+17	7.73611e+16	1.54722e+17	2.32083e+17	3.09444e+17	3.86805e+17	4.64166e+17	5.41528e+17	6.18889e+17	6.95674e+17	7.59243e+17	6.23451e+17	8.60096e+15	5.68905e+15	5.21695e+15	2.28295e+15	1.44444e+15	2.88888e+15	4.33332e+15	5.77776e+15	7.22221e+15	8.66665e+15	1.01111e+16	1.15555e+16	1.33071e+16	2.31391e+16	1.54132e+17	4.54033e+17	3.24908	3.12435	3.12435	3.12435	3.12435	3.12435	3.12435	3.12435	3.12435	3.12435	3.12435	3.11023	2.91473	2.05384	4.68947	
190500	6.86675e+17	2.79409e+17	1.2227e+17	7.73612e+16	1.54722e+17	2.32084e+17	3.09445e+17	3.86806e+17	4.64167e+17	5.41529e+17	6.1889e+17	6.95663e+17	7.5922e+17	6.23775e+17	8.60098e+15	5.68876e+15	5.21661e+15	2.2828e+15	1.44435e+15	2.8887e+15	4.33305e+15	5.77739e+15	7.22174e+15	8.66609e+15	1.01104e+16	1.15548e+16	1.33139e+16	2.31536e+16	1.53942e+17	4.54033e+17	3.25093	3.12645	3.12645	3.12645	3.12645	3.12645	3.12645	3.12645	3.12645	3.12645	3.12645	3.11222	2.91668	2.0528	4.68946	
190750	6.86676e+17	2.79409e+17	1.2227e+17	7.73614e+16	1.54723e+17	2.32084e+17	3.09446e+17	3.86807e+17	4.64168e+17	5.4153e+17	6.18891e+17	6.95652e+17	7.59196e+17	6.24094e+17	8.601e+15	5.68848e+15	5.21629e+15	2.28266e+15	1.44426e+15	2.88852e+15	4.33277e+15	5.77703e+15	7.22129e+15	8.66555e+15	1.01098e+16	1.15541e+16	1.33206e+16	2.3168e+16	1.53755e+17	4.54033e+17	3.25275	3.12851	3.12851	3.12851	3.12851	3.12851	3.12851	3.12851	3.12851	3.12851	3.12851	3.11418	2.9186	2.05179	4.68945	
191003	6.86676e+17	2.7941e+17	1.2227e+17	7.73615e+16	1.54723e+17	2.32085e+17	3.09446e+17	3.86808e+17	4.64169e+17	5.41531e+17	6.18892e+17	6.9564e+17	7.59172e+17	6.24418e+17	8.60102e+15	5.68819e+15	5.21595e+15	2.28251e+15	1.44417e+15	2.88833e+15	4.3325e+15	5.77666e+15	7.22083e+15	8.66499e+15	1.01092e+16	1.15533e+16	1.33275e+16	2.31827e+16	1.53565e+17	4.54033e+17	3.2546	3.13059	3.13059	3.13059	3.13059	3.13059	3.13059	3.13059	3.13059	3.13059	3.13059	3.11616	2.92054	2.05076	4.68944	
191256	6.86677e+17	2.7941e+17	1.22271e+17	7.73617e+16	1.54723e+17	2.32085e+17	3.09447e+17	3.86808e+17	4.6417e+17	5.41532e+17	6.18893e+17	6.95629e+17	7.59148e+17	6.24741e+17	8.60104e+15	5.68791e+15	5.21562e+15	2.28237e+15	1.44407e+15	2.88815e+15	4.33222e+15	5.7763e+15	7.22037e+15	8.66444e+15	1.01085e+16	1.15526e+16	1.33344e+16	2.31975e+16	1.53376e+17	4.54033e+17	3.25644	3.13267	3.13267	3.13267	3.13267	3.13267	3.13267	3.13267	3.13267	3.13267	3.13267	3.11814	2.92248	2.04974	4.68943	
191506	6.86677e+17	2.79411e+17	1.22271e+17	7.73618e+16	1.54724e+17	2.32085e+17	3.09447e+17	3.86809e+17	4.64171e+17	5.41533e+17	6.18895e+17	6.95618e+17	7.59124e+17	6.25059e+17	8.60106e+15	5.68762e+15	5.2153e+15	2.28223e+15	1.44398e+15	2.88797e+15	4.33195e+15	5.77594e+15	7.21992e+15	8.6639e+15	1.01079e+16	1.15519e+16	1.33412e+16	2.32122e+16	1.53189e+17	4.54033e+17	3.25826	3.13472	3.13472	3.13472	3.13472	3.13472	3.13472	3.13472	3.13472	3.13472	3.13472	3.12009	2.92439	2.04873	4.68943	
191759	6.86678e+17	2.79411e+17	1.22271e+17	7.7362e+16	1.54724e+17	2.32086e+17	3.09448e+17	3.8681e+17	4.64172e+17	5.41534e+17	6.18896e+17	6.95607e+17	7.591e+17	6.25381e+17	8.60108e+15	5.68734e+15	5.21497e+15	2.28208e+15	1.44389e+15	2.88779e+15	4.33168e+15	5.77557e+15	7.21947e+15	8.66336e+15	1.01073e+16	1.15511e+16	1.33482e+16	2.32272e+16	1.53e+17	4.54033e+17	3.26009	3.13679	3.13679	3.13679	3.13679	3.13679	3.13679	3.13679	3.13679	3.13679	3.13679	3.12205	2.92632	2.04771	4.68942	
192009	6.86678e+17	2.79412e+17	1.22271e+17	7.73621e+16	1.54724e+17	2.32086e+17	3.09448e+17	3.86811e+17	4.64173e+17	5.41535e+17	6.18897e+17	6.95595e+17	7.59076e+17	6.25699e+17	8.6011e+15	5.68706e+15	5.21465e+15	2.28194e+15	1.4438e+15	2.88761e+15	4.33141e+15	5.77521e+15	7.21902e+15	8.66282e+15	1.01066e+16	1.15504e+16	1.3355e+16	2.32421e+16	1.52814e+17	4.54033e+17	3.2619	3.13883	3.13883	3.13883	3.13883	3.13883	3.13883	3.13883	3.13883	3.13883	3.13883	3.124	2.92823	2.04671	4.68941	
192260	6.86679e+17	2.79413e+17	1.22272e+17	7.73623e+16	1.54725e+17	2.32087e+17	3.09449e+17	3.86811e+17	4.64174e+17	5.41536e+17	6.18898e+17	6.95584e+17	7.59051e+17	6.26017e+17	8.60112e+15	5.68679e+15	5.21432e+15	2.2818e+15	1.44371e+15	2.88743e+15	4.33114e+15	5.77486e+15	7.21857e+15	8.66228e+15	1.0106e+16	1.15497e+16	1.33619e+16	2.32571e+16	1.52627e+17	4.54033e+17	3.26371	3.14087	3.14087	3.14087	3.14087	3.14087	3.14087	3.14087	3.14087	3.14087	3.14087	3.12594	2.93013	2.04571	4.6894	
192512	6.86679e+17	2.79413e+17	1.22272e+17	7.73624e+16	1.54725e+17	2.32087e+17	3.0945e+17	3.86812e+17	4.64174e+17	5.41537e+17	6.18899e+17	6.95573e+17	7.59026e+17	6.26337e+17	8.60114e+15	5.68651e+15	5.214e+15	2.28166e+15	1.44362e+15	2.88725e+15	4.33087e+15	5.7745e+15	7.21812e+15	8.66175e+15	1.01054e+16	1.1549e+16	1.33689e+16	2.32724e+16	1.52439e+17	4.54033e+17	3.26553	3.14292	3.14292	3.14292	3.14292	3.14292	3.14292	3.14292	3.14292	3.14292	3.14292	3.12789	2.93205	2.0447	4.68939	
192763	6.8668e+17	2.79414e+17	1.22272e+17	7.73626e+16	1.54725e+17	2.32088e+17	3.0945e+17	3.86813e+17	4.64175e+17	5.41538e+17	6.189e+17	6.95561e+17	7.59002e+17	6.26654e+17	8.60116e+15	5.68623e+15	5.21368e+15	2.28152e+15	1.44354e+15	2.88707e+15	4.33061e+15	5.77414e+15	7.21768e+15	8.66121e+15	1.01047e+16	1.15483e+16	1.33758e+16	2.32877e+16	1.52253e+17	4.54033e+17	3.26734	3.14495	3.14495	3.14495	3.14495	3.14495	3.14495	3.14495	3.14495	3.14495	3.14495	3.12982	2.93395	2.04371	4.68938	
193016	6.8668e+17	2.79414e+17	1.22272e+17	7.73627e+16	1.54725e+17	2.32088e+17	3.09451e+17	3.86814e+17	4.64176e+17	5.41539e+17	6.18902e+17	6.9555e+17	7.58976e+17	6.26975e+17	8.60118e+15	5.68595e+15	5.21335e+15	2.28138e+15	1.44345e+15	2.88689e+15	4.33034e+15	5.77378e+15	7.21723e+15	8.66068e+15	1.01041e+16	1.15476e+16	1.33828e+16	2.33032e+16	1.52065e+17	4.54033e+17	3.26916	3.147	3.147	3.147	3.147	3.147	3.147	3.147	3.147	3.147	3.147	3.13177	2.93587	2.04271	4.68937	
193269	6.86681e+17	2.79415e+17	1.22273e+17	7.73628e+16	1.54726e+17	2.32089e+17	3.09451e+17	3.86814e+17	4.64177e+17	5.4154e+17	6.18903e+17	6.95538e+17	7.58951e+17	6.27295e+17	8.6012e+15	5.68568e+15	5.21303e+15	2.28124e+15	1.44336e+15	2.88671e+15	4.33007e+15	5.77343e+15	7.21679e+15	8.66014e+15	1.01035e+16	1.15469e+16	1.33899e+16	2.33189e+16	1.51877e+17	4.54033e+17	3.27098	3.14905	3.14905	3.14905	3.14905	3.14905	3.14905	3.14905	3.14905	3.14905	3.14905	3.13372	2.93779	2.04171	4.68936	
193523	6.86681e+17	2.79415e+17	1.22273e+17	7.7363e+16	1.54726e+17	2.32089e+17	3.09452e+17	3.86815e+17	4.64178e+17	5.41541e+17	6.18904e+17	6.95527e+17	7.58925e+17	6.27615e+17	8.60122e+15	5.6854e+15	5.21271e+15	2.2811e+15	1.44327e+15	2.88654e+15	4.3298e+15	5.77307e+15	7.21634e+15	8.65961e+15	1.01029e+16	1.15461e+16	1.33969e+16	2.33347e+16	1.51689e+17	4.54033e+17	3.2728	3.15109	3.15109	3.15109	3.15109	3.15109	3.15109	3.15109	3.15109	3.15109	3.15109	3.13566	2.9397	2.04072	4.68935	
193773	6.86682e+17	2.79416e+17	1.22273e+17	7.73631e+16	1.54726e+17	2.32089e+17	3.09453e+17	3.86816e+17	4.64179e+17	5.41542e+17	6.18905e+17	6.95515e+17	7.589e+17	6.27931e+17	8.60125e+15	5.68513e+15	5.2124e+15	2.28096e+15	1.44318e+15	2.88636e+15	4.32954e+15	5.77272e+15	7.2159e+15	8.65908e+15	1.01023e+16	1.15454e+16	1.34039e+16	2.33504e+16	1.51504e+17	4.54033e+17	3.2746	3.1531	3.1531	3.1531	3.1531	3.1531	3.1531	3.1531	3.1531	3.1531	3.1531	3.13758	2.94158	2.03974	4.68934	
194026	6.86682e+17	2.79416e+17	1.22273e+17	7.73633e+16	1.54727e+17	2.3209e+17	3.09453e+17	3.86816e+17	4.6418e+17	5.41543e+17	6.18906e+17	6.95504e+17	7.58874e+17	6.28249e+17	8.60127e+15	5.68486e+15	5.21208e+15	2.28082e+15	1.44309e+15	2.88619e+15	4.32928e+15	5.77237e+15	7.21546e+15	8.65856e+15	1.01016e+16	1.15447e+16	1.34109e+16	2.33663e+16	1.51317e+17	4.54033e+17	3.2764	3.15513	3.15513	3.15513	3.15513	3.15513	3.15513	3.15513	3.15513	3.15513	3.15513	3.13951	2.94349	2.03875	4.68933	
194276	6.86683e+17	2.79417e+17	1.22273e+17	7.73634e+16	1.54727e+17	2.3209e+17	3.09454e+17	3.86817e+17	4.64181e+17	5.41544e+17	6.18907e+17	6.95493e+17	7.58848e+17	6.28564e+17	8.60129e+15	5.68459e+15	5.21176e+15	2.28068e+15	1.44301e+15	2.88601e+15	4.32902e+15	5.77202e+15	7.21503e+15	8.65804e+15	1.0101e+16	1.1544e+16	1.34178e+16	2.33823e+16	1.51132e+17	4.54032e+17	3.27819	3.15713	3.15713	3.15713	3.15713	3.15713	3.15713	3.15713	3.15713	3.15713	3.15713	3.14142	2.94536	2.03778	4.68932	
194527	6.86683e+17	2.79417e+17	1.22274e+17	7.73636e+16	1.54727e+17	2.32091e+17	3.09454e+17	3.86818e+17	4.64181e+17	5.41545e+17	6.18908e+17	6.95481e+17	7.58822e+17	6.28878e+17	8.60132e+15	5.68433e+15	5.21145e+15	2.28055e+15	1.44292e+15	2.88584e+15	4.32876e+15	5.77168e+15	7.2146e+15	8.65752e+15	1.01004e+16	1.15434e+16	1.34248e+16	2.33983e+16	1.50948e+17	4.54032e+17	3.27998	3.15913	3.15913	3.15913	3.15913	3.15913	3.15913	3.15913	3.15913	3.15913	3.15913	3.14332	2.94724	2.03681	4.68931	
194780	6.86684e+17	2.79418e+17	1.22274e+17	7.73637e+16	1.54727e+17	2.32091e+17	3.09455e+17	3.86819e+17	4.64182e+17	5.41546e+17	6.1891e+17	6.9547e+17	7.58795e+17	6.29195e+17	8.60134e+15	5.68406e+15	5.21114e+15	2.28041e+15	1.44283e+15	2.88567e+15	4.3285e+15	5.77133e+15	7.21416e+15	8.657e+15	1.00998e+16	1.15427e+16	1.34318e+16	2.34146e+16	1.50761e+17	4.54032e+17	3.28178	3.16114	3.16114	3.16114	3.16114	3.16114	3.16114	3.16114	3.16114	3.16114	3.16114	3.14525	2.94913	2.03583	4.6893	
195030	6.86684e+17	2.79418e+17	1.22274e+17	7.73638e+16	1.54728e+17	2.32092e+17	3.09455e+17	3.86819e+17	4.64183e+17	5.41547e+17	6.18911e+17	6.95458e+17	7.58769e+17	6.29509e+17	8.60137e+15	5.68379e+15	5.21083e+15	2.28027e+15	1.44275e+15	2.88549e+15	4.32824e+15	5.77099e+15	7.21373e+15	8.65648e+15	1.00992e+16	1.1542e+16	1.34388e+16	2.34309e+16	1.50577e+17	4.54032e+17	3.28356	3.16313	3.16313	3.16313	3.16313	3.16313	3.16313	3.16313	3.16313	3.16313	3.16313	3.14715	2.951	2.03486	4.68929	
195280	6.86685e+17	2.79419e+17	1.22274e+17	7.7364e+16	1.54728e+17	2.32092e+17	3.09456e+17	3.8682e+17	4.64184e+17	5.41548e+17	6.18912e+17	6.95447e+17	7.58742e+17	6.29822e+17	8.60139e+15	5.68353e+15	5.21052e+15	2.28014e+15	1.44266e+15	2.88532e+15	4.32798e+15	5.77065e+15	7.21331e+15	8.65597e+15	1.00986e+16	1.15413e+16	1.34457e+16	2.34473e+16	1.50393e+17	4.54032e+17	3.28533	3.16512	3.16512	3.16512	3.16512	3.16512	3.16512	3.16512	3.16512	3.16512	3.16512	3.14904	2.95287	2.03391	4.68928	
195531	6.86685e+17	2.79419e+17	1.22275e+17	7.73641e+16	1.54728e+17	2.32092e+17	3.09456e+17	3.86821e+17	4.64185e+17	5.41549e+17	6.18913e+17	6.95436e+17	7.58715e+17	6.30135e+17	8.60142e+15	5.68327e+15	5.21021e+15	2.28e+15	1.44258e+15	2.88515e+15	4.32773e+15	5.7703e+15	7.21288e+15	8.65546e+15	1.0098e+16	1.15406e+16	1.34526e+16	2.34638e+16	1.50209e+17	4.54032e+17	3.28711	3.1671	3.1671	3.1671	3.1671	3.1671	3.1671	3.1671	3.1671	3.1671	3.1671	3.15093	2.95474	2.03295	4.68927	
195781	6.86686e+17	2.7942e+17	1.22275e+17	7.73643e+16	1.54729e+17	2.32093e+17	3.09457e+17	3.86821e+17	4.64186e+17	5.4155e+17	6.18914e+17	6.95424e+17	7.58688e+17	6.30447e+17	8.60144e+15	5.68301e+15	5.20991e+15	2.27987e+15	1.44249e+15	2.88498e+15	4.32747e+15	5.76996e+15	7.21246e+15	8.65495e+15	1.00974e+16	1.15399e+16	1.34596e+16	2.34804e+16	1.50025e+17	4.54032e+17	3.28888	3.16908	3.16908	3.16908	3.16908	3.16908	3.16908	3.16908	3.16908	3.16908	3.16908	3.15282	2.95659	2.03199	4.68926	
196034	6.86686e+17	2.7942e+17	1.22275e+17	7.73644e+16	1.54729e+17	2.32093e+17	3.09458e+17	3.86822e+17	4.64186e+17	5.41551e+17	6.18915e+17	6.95413e+17	7.58661e+17	6.30763e+17	8.60147e+15	5.68274e+15	5.2096e+15	2.27973e+15	1.44241e+15	2.88481e+15	4.32722e+15	5.76962e+15	7.21203e+15	8.65443e+15	1.00968e+16	1.15392e+16	1.34666e+16	2.34974e+16	1.4984e+17	4.54032e+17	3.29067	3.17108	3.17108	3.17108	3.17108	3.17108	3.17108	3.17108	3.17108	3.17108	3.17108	3.15472	2.95847	2.03103	4.68925	
196284	6.86687e+17	2.79421e+17	1.22275e+17	7.73645e+16	1.54729e+17	2.32094e+17	3.09458e+17	3.86823e+17	4.64187e+17	5.41552e+17	6.18916e+17	6.95402e+17	7.58633e+17	6.31075e+17	8.60149e+15	5.68249e+15	5.20929e+15	2.2796e+15	1.44232e+15	2.88464e+15	4.32696e+15	5.76929e+15	7.21161e+15	8.65393e+15	1.00962e+16	1.15386e+16	1.34735e+16	2.35142e+16	1.49657e+17	4.54032e+17	3.29244	3.17305	3.17305	3.17305	3.17305	3.17305	3.17305	3.17305	3.17305	3.17305	3.17305	3.1566	2.96033	2.03008	4.68923	
196535	6.86687e+17	2.79421e+17	1.22275e+17	7.73647e+16	1.54729e+17	2.32094e+17	3.09459e+17	3.86823e+17	4.64188e+17	5.41553e+17	6.18917e+17	6.9539e+17	7.58606e+17	6.31386e+17	8.60152e+15	5.68223e+15	5.20899e+15	2.27947e+15	1.44224e+15	2.88447e+15	4.32671e+15	5.76895e+15	7.21119e+15	8.65342e+15	1.00957e+16	1.15379e+16	1.34804e+16	2.35313e+16	1.49473e+17	4.54032e+17	3.2942	3.17502	3.17502	3.17502	3.17502	3.17502	3.17502	3.17502	3.17502	3.17502	3.17502	3.15848	2.96218	2.02914	4.68922	
196788	6.86688e+17	2.79422e+17	1.22276e+17	7.73648e+16	1.5473e+17	2.32094e+17	3.09459e+17	3.86824e+17	4.64189e+17	5.41554e+17	6.18918e+17	6.95379e+17	7.58578e+17	6.31701e+17	8.60155e+15	5.68197e+15	5.20868e+15	2.27933e+15	1.44215e+15	2.88431e+15	4.32646e+15	5.76861e+15	7.21076e+15	8.65292e+15	1.00951e+16	1.15372e+16	1.34873e+16	2.35486e+16	1.49288e+17	4.54032e+17	3.29598	3.177	3.177	3.177	3.177	3.177	3.177	3.177	3.177	3.177	3.177	3.16037	2.96405	2.02819	4.68921	
197038	6.86688e+17	2.79422e+17	1.22276e+17	7.73649e+16	1.5473e+17	2.32095e+17	3.0946e+17	3.86825e+17	4.6419e+17	5.41555e+17	6.1892e+17	6.95368e+17	7.5855e+17	6.32012e+17	8.60158e+15	5.68171e+15	5.20838e+15	2.2792e+15	1.44207e+15	2.88414e+15	4.32621e+15	5.76828e+15	7.21035e+15	8.65242e+15	1.00945e+16	1.15366e+16	1.34942e+16	2.35658e+16	1.49106e+17	4.54032e+17	3.29774	3.17896	3.17896	3.17896	3.17896	3.17896	3.17896	3.17896	3.17896	3.17896	3.17896	3.16225	2.9659	2.02725	4.6892	
197289	6.86689e+17	2.79423e+17	1.22276e+17	7.73651e+16	1.5473e+17	2.32095e+17	3.0946e+17	3.86825e+17	4.6419e+17	5.41556e+17	6.18921e+17	6.95356e+17	7.58522e+17	6.32322e+17	8.60161e+15	5.68146e+15	5.20808e+15	2.27907e+15	1.44199e+15	2.88397e+15	4.32596e+15	5.76795e+15	7.20993e+15	8.65192e+15	1.00939e+16	1.15359e+16	1.35011e+16	2.35832e+16	1.48923e+17	4.54032e+17	3.2995	3.18092	3.18092	3.18092	3.18092	3.18092	3.18092	3.18092	3.18092	3.18092	3.18092	3.16412	2.96774	2.02631	4.68919	
197542	6.86689e+17	2.79423e+17	1.22276e+17	7.73652e+16	1.5473e+17	2.32096e+17	3.09461e+17	3.86826e+17	4.64191e+17	5.41557e+17	6.18922e+17	6.95345e+17	7.58493e+17	6.32635e+17	8.60164e+15	5.6812e+15	5.20778e+15	2.27894e+15	1.4419e+15	2.88381e+15	4.32571e+15	5.76761e+15	7.20951e+15	8.65142e+15	1.00933e+16	1.15352e+16	1.3508e+16	2.36009e+16	1.48739e+17	4.54032e+17	3.30127	3.18289	3.18289	3.18289	3.18289	3.18289	3.18289	3.18289	3.18289	3.18289	3.18289	3.166	2.9696	2.02537	4.68917	
197792	6.8669e+17	2.79424e+17	1.22277e+17	7.73653e+16	1.54731e+17	2.32096e+17	3.09461e+17	3.86827e+17	4.64192e+17	5.41557e+17	6.18923e+17	6.95334e+17	7.58464e+17	6.32945e+17	8.60167e+15	5.68095e+15	5.20748e+15	2.27881e+15	1.44182e+15	2.88364e+15	4.32546e+15	5.76728e+15	7.2091e+15	8.65092e+15	1.00927e+16	1.15346e+16	1.35149e+16	2.36185e+16	1.48556e+17	4.54032e+17	3.30303	3.18484	3.18484	3.18484	3.18484	3.18484	3.18484	3.18484	3.18484	3.18484	3.18484	3.16786	2.97144	2.02444	4.68916	
198043	6.8669e+17	2.79424e+17	1.22277e+17	7.73655e+16	1.54731e+17	2.32096e+17	3.09462e+17	3.86827e+17	4.64193e+17	5.41558e+17	6.18924e+17	6.95323e+17	7.58436e+17	6.33254e+17	8.6017e+15	5.6807e+15	5.20719e+15	2.27868e+15	1.44174e+15	2.88348e+15	4.32522e+15	5.76695e+15	7.20869e+15	8.65043e+15	1.00922e+16	1.15339e+16	1.35217e+16	2.36362e+16	1.48375e+17	4.54032e+17	3.30478	3.18678	3.18678	3.18678	3.18678	3.18678	3.18678	3.18678	3.18678	3.18678	3.18678	3.16972	2.97327	2.02351	4.68915	
198293	6.86691e+17	2.79425e+17	1.22277e+17	7.73656e+16	1.54731e+17	2.32097e+17	3.09462e+17	3.86828e+17	4.64194e+17	5.41559e+17	6.18925e+17	6.95312e+17	7.58407e+17	6.33563e+17	8.60173e+15	5.68045e+15	5.20689e+15	2.27855e+15	1.44166e+15	2.88331e+15	4.32497e+15	5.76663e+15	7.20828e+15	8.64994e+15	1.00916e+16	1.15333e+16	1.35285e+16	2.36541e+16	1.48193e+17	4.54032e+17	3.30652	3.18873	3.18873	3.18873	3.18873	3.18873	3.18873	3.18873	3.18873	3.18873	3.18873	3.17158	2.9751	2.02259	4.68913	
198543	6.86691e+17	2.79425e+17	1.22277e+17	7.73657e+16	1.54731e+17	2.32097e+17	3.09463e+17	3.86829e+17	4.64194e+17	5.4156e+17	6.18926e+17	6.953e+17	7.58378e+17	6.33871e+17	8.60176e+15	5.6802e+15	5.2066e+15	2.27842e+15	1.44158e+15	2.88315e+15	4.32473e+15	5.7663e+15	7.20788e+15	8.64945e+15	1.0091e+16	1.15326e+16	1.35353e+16	2.36721e+16	1.48011e+17	4.54032e+17	3.30827	3.19066	3.19066	3.19066	3.19066	3.19066	3.19066	3.19066	3.19066	3.19066	3.19066	3.17343	2.97693	2.02167	4.68912	
198793	6.86692e+17	2.79426e+17	1.22277e+17	7.73659e+16	1.54732e+17	2.32098e+17	3.09464e+17	3.86829e+17	4.64195e+17	5.41561e+17	6.18927e+17	6.95289e+17	7.58348e+17	6.34179e+17	8.60179e+15	5.67995e+15	5.2063e+15	2.27829e+15	1.44149e+15	2.88299e+15	4.32448e+15	5.76598e+15	7.20747e+15	8.64897e+15	1.00905e+16	1.1532e+16	1.3542e+16	2.36901e+16	1.4783e+17	4.54032e+17	3.31001	3.1926	3.1926	3.1926	3.1926	3.1926	3.1926	3.1926	3.1926	3.1926	3.1926	3.17527	2.97875	2.02075	4.68911	
199043	6.86692e+17	2.79426e+17	1.22278e+17	7.7366e+16	1.54732e+17	2.32098e+17	3.09464e+17	3.8683e+17	4.64196e+17	5.41562e+17	6.18928e+17	6.95278e+17	7.58319e+17	6.34486e+17	8.60182e+15	5.67971e+15	5.20601e+15	2.27817e+15	1.44141e+15	2.88283e+15	4.32424e+15	5.76565e+15	7.20707e+15	8.64848e+15	1.00899e+16	1.15313e+16	1.35488e+16	2.37083e+16	1.47649e+17	4.54032e+17	3.31174	3.19452	3.19452	3.19452	3.19452	3.19452	3.19452	3.19452	3.19452	3.19452	3.19452	3.17711	2.98057	2.01984	4.68909	
199294	6.86693e+17	2.79427e+17	1.22278e+17	7.73661e+16	1.54732e+17	2.32098e+17	3.09465e+17	3.86831e+17	4.64197e+17	5.41563e+17	6.18929e+17	6.95267e+17	7.58289e+17	6.34794e+17	8.60185e+15	5.67946e+15	5.20572e+15	2.27804e+15	1.44133e+15	2.88267e+15	4.324e+15	5.76533e+15	7.20667e+15	8.648e+15	1.00893e+16	1.15307e+16	1.35555e+16	2.37267e+16	1.47468e+17	4.54032e+17	3.31348	3.19645	3.19645	3.19645	3.19645	3.19645	3.19645	3.19645	3.19645	3.19645	3.19645	3.17896	2.98239	2.01893	4.68908	
199545	6.86693e+17	2.79427e+17	1.22278e+17	7.73663e+16	1.54733e+17	2.32099e+17	3.09465e+17	3.86831e+17	4.64198e+17	5.41564e+17	6.1893e+17	6.95256e+17	7.58259e+17	6.35101e+17	8.60189e+15	5.67922e+15	5.20543e+15	2.27791e+15	1.44125e+15	2.88251e+15	4.32376e+15	5.76501e+15	7.20626e+15	8.64752e+15	1.00888e+16	1.153e+16	1.35622e+16	2.37452e+16	1.47287e+17	4.54032e+17	3.31521	3.19838	3.19838	3.19838	3.19838	3.19838	3.19838	3.19838	3.19838	3.19838	3.19838	3.1808	2.98421	2.01802	4.68906	
199798	6.86694e+17	2.79427e+17	1.22278e+17	7.73664e+16	1.54733e+17	2.32099e+17	3.09466e+17	3.86832e+17	4.64198e+17	5.41565e+17	6.18931e+17	6.95245e+17	7.58229e+17	6.35411e+17	8.60192e+15	5.67897e+15	5.20514e+15	2.27778e+15	1.44117e+15	2.88234e+15	4.32352e+15	5.76469e+15	7.20586e+15	8.64703e+15	1.00882e+16	1.15294e+16	1.3569e+16	2.3764e+16	1.47105e+17	4.54032e+17	3.31697	3.20032	3.20032	3.20032	3.20032	3.20032	3.20032	3.20032	3.20032	3.20032	3.20032	3.18266	2.98605	2.0171	4.68905	
200000	6.86694e+17	2.79428e+17	1.22278e+17	7.73665e+16	1.54733e+17	2.321e+17	3.09466e+17	3.86833e+17	4.64199e+17	5.41566e+17	6.18932e+17	6.95236e+17	7.58204e+17	6.35658e+17	8.60195e+15	5.67877e+15	5.20491e+15	2.27768e+15	1.44111e+15	2.88222e+15	4.32332e+15	5.76443e+15	7.20554e+15	8.64665e+15	1.00878e+16	1.15289e+16	1.35744e+16	2.37791e+16	1.46959e+17	4.54032e+17	3.31836	3.20187	3.20187	3.20187	3.20187	3.20187	3.20187	3.20187	3.20187	3.20187	3.20187	3.18414	2.98751	2.01637	4.68904	
