Time	Carb1	Carb2	Carb3	Carb4	Carb5	Carb6	Carb7	Carb8	Carb9	Carb10	Carb11	Carb12	Carb13	Carb14	Carb15	Sil1	Sil2	Sil3	Sil4	Sil5	Sil6	Sil7	Sil8	Sil9	Sil10	Sil11	Sil12	Sil13	Sil14	Sil15	c131	c132	c133	c134	c135	c136	c137	c138	c139	c1310	c1311	c1312	c1313	c1314	c1315	
0	6.8679e+17	2.79524e+17	1.22321e+17	7.73932e+16	1.54786e+17	2.3218e+17	3.09573e+17	3.86966e+17	4.64359e+17	5.41753e+17	6.19146e+17	6.96539e+17	7.5909e+17	2.85587e+17	5.49164e+15	5.6223e+15	5.13779e+15	2.24831e+15	1.42252e+15	2.84505e+15	4.26757e+15	5.69009e+15	7.11261e+15	8.53514e+15	9.95766e+15	1.13802e+16	1.28027e+16	2.32723e+16	2.63861e+17	2.89924e+17	4.68986	4.68986	4.68986	4.68986	4.68986	4.68986	4.68986	4.68986	4.68986	4.68986	4.68986	4.68986	4.68986	4.68986	4.68986	
251.725	6.86548e+17	2.79491e+17	1.22306e+17	7.73841e+16	1.54768e+17	2.32152e+17	3.09536e+17	3.8692e+17	4.64305e+17	5.41689e+17	6.19073e+17	6.96105e+17	7.58187e+17	3.35235e+17	8.60109e+15	5.62032e+15	5.13719e+15	2.24804e+15	1.42235e+15	2.84472e+15	4.26706e+15	5.68942e+15	7.11177e+15	8.53414e+15	9.95648e+15	1.13789e+16	1.27947e+16	2.32446e+16	3.09732e+17	4.54083e+17	4.68986	4.68986	4.68986	4.68986	4.68986	4.68986	4.68986	4.68986	4.68986	4.68986	4.68986	4.68986	4.68986	4.68986	4.68986	
503.25	6.86548e+17	2.79491e+17	1.22306e+17	7.73841e+16	1.54768e+17	2.32152e+17	3.09536e+17	3.8692e+17	4.64304e+17	5.41688e+17	6.19072e+17	6.96116e+17	7.58292e+17	3.35257e+17	8.601e+15	5.62032e+15	5.13719e+15	2.24804e+15	1.42235e+15	2.84472e+15	4.26706e+15	5.68941e+15	7.11177e+15	8.53414e+15	9.95647e+15	1.13788e+16	1.27949e+16	2.32478e+16	3.09752e+17	4.54079e+17	4.68986	4.68986	4.68986	4.68986	4.68986	4.68986	4.68986	4.68986	4.68986	4.68986	4.68986	4.68986	4.68986	4.68986	4.68986	
753.775	6.86547e+17	2.79491e+17	1.22306e+17	7.7384e+16	1.54768e+17	2.32152e+17	3.09536e+17	3.8692e+17	4.64304e+17	5.41688e+17	6.19072e+17	6.96122e+17	7.5834e+17	3.35249e+17	8.60033e+15	5.62031e+15	5.13719e+15	2.24804e+15	1.42235e+15	2.84472e+15	4.26706e+15	5.68941e+15	7.11177e+15	8.53413e+15	9.95647e+15	1.13788e+16	1.2795e+16	2.32493e+16	3.09745e+17	4.54043e+17	4.68986	4.68986	4.68986	4.68986	4.68986	4.68986	4.68986	4.68986	4.68986	4.68986	4.68986	4.68986	4.68986	4.68986	4.68986	
1005.02	6.86547e+17	2.79491e+17	1.22306e+17	7.7384e+16	1.54768e+17	2.32152e+17	3.09536e+17	3.8692e+17	4.64304e+17	5.41688e+17	6.19072e+17	6.96125e+17	7.58369e+17	3.35239e+17	8.60033e+15	5.62031e+15	5.13718e+15	2.24803e+15	1.42235e+15	2.84472e+15	4.26706e+15	5.68941e+15	7.11177e+15	8.53413e+15	9.95647e+15	1.13788e+16	1.27951e+16	2.32502e+16	3.09736e+17	4.54043e+17	4.68986	4.68986	4.68986	4.68986	4.68986	4.68986	4.68986	4.68986	4.68986	4.68986	4.68986	4.68986	4.68986	4.68986	4.68986	
1255.34	6.86547e+17	2.79491e+17	1.22306e+17	7.7384e+16	1.54768e+17	2.32152e+17	3.09536e+17	3.8692e+17	4.64304e+17	5.41688e+17	6.19072e+17	6.96127e+17	7.58387e+17	3.35231e+17	8.60033e+15	5.62031e+15	5.13718e+15	2.24803e+15	1.42235e+15	2.84472e+15	4.26706e+15	5.68941e+15	7.11176e+15	8.53413e+15	9.95646e+15	1.13788e+16	1.27951e+16	2.32508e+16	3.09728e+17	4.54043e+17	4.68986	4.68986	4.68986	4.68986	4.68986	4.68986	4.68986	4.68986	4.68986	4.68986	4.68986	4.68986	4.68986	4.68986	4.68986	
1505.91	6.86547e+17	2.79491e+17	1.22306e+17	7.7384e+16	1.54768e+17	2.32152e+17	3.09536e+17	3.8692e+17	4.64304e+17	5.41688e+17	6.19072e+17	6.96129e+17	7.58401e+17	3.35225e+17	8.60033e+15	5.62031e+15	5.13718e+15	2.24803e+15	1.42235e+15	2.84472e+15	4.26705e+15	5.68941e+15	7.11176e+15	8.53413e+15	9.95646e+15	1.13788e+16	1.27952e+16	2.32512e+16	3.09723e+17	4.54043e+17	4.68986	4.68986	4.68986	4.68986	4.68986	4.68986	4.68986	4.68986	4.68986	4.68986	4.68986	4.68986	4.68986	4.68986	4.68986	
1757.38	6.86547e+17	2.79491e+17	1.22306e+17	7.7384e+16	1.54768e+17	2.32152e+17	3.09536e+17	3.8692e+17	4.64304e+17	5.41688e+17	6.19072e+17	6.9613e+17	7.58412e+17	3.3522e+17	8.60033e+15	5.62031e+15	5.13718e+15	2.24803e+15	1.42235e+15	2.84472e+15	4.26705e+15	5.68941e+15	7.11176e+15	8.53412e+15	9.95646e+15	1.13788e+16	1.27952e+16	2.32515e+16	3.09718e+17	4.54043e+17	4.68986	4.68986	4.68986	4.68986	4.68986	4.68986	4.68986	4.68986	4.68986	4.68986	4.68986	4.68986	4.68986	4.68986	4.68986	
2008.16	6.86547e+17	2.79491e+17	1.22306e+17	7.7384e+16	1.54768e+17	2.32152e+17	3.09536e+17	3.8692e+17	4.64304e+17	5.41688e+17	6.19072e+17	6.9613e+17	7.58422e+17	3.35217e+17	8.60033e+15	5.62031e+15	5.13718e+15	2.24803e+15	1.42235e+15	2.84472e+15	4.26705e+15	5.68941e+15	7.11176e+15	8.53412e+15	9.95646e+15	1.13788e+16	1.27952e+16	2.32518e+16	3.09715e+17	4.54043e+17	4.68986	4.68986	4.68986	4.68986	4.68986	4.68986	4.68986	4.68986	4.68986	4.68986	4.68986	4.68986	4.68986	4.68986	4.68986	
2258.59	6.86547e+17	2.79491e+17	1.22306e+17	7.73839e+16	1.54768e+17	2.32152e+17	3.09536e+17	3.8692e+17	4.64304e+17	5.41688e+17	6.19071e+17	6.96131e+17	7.5843e+17	3.35214e+17	8.60033e+15	5.62031e+15	5.13718e+15	2.24803e+15	1.42235e+15	2.84472e+15	4.26705e+15	5.68941e+15	7.11176e+15	8.53412e+15	9.95646e+15	1.13788e+16	1.27952e+16	2.32521e+16	3.09713e+17	4.54043e+17	4.68986	4.68986	4.68986	4.68986	4.68986	4.68986	4.68986	4.68986	4.68986	4.68986	4.68986	4.68986	4.68986	4.68986	4.68986	
2509.84	6.86546e+17	2.79491e+17	1.22306e+17	7.73839e+16	1.54768e+17	2.32152e+17	3.09536e+17	3.8692e+17	4.64304e+17	5.41687e+17	6.19071e+17	6.96131e+17	7.58437e+17	3.35212e+17	8.60033e+15	5.62031e+15	5.13718e+15	2.24803e+15	1.42235e+15	2.84472e+15	4.26705e+15	5.6894e+15	7.11176e+15	8.53412e+15	9.95646e+15	1.13788e+16	1.27952e+16	2.32523e+16	3.09711e+17	4.54043e+17	4.68986	4.68986	4.68986	4.68986	4.68986	4.68986	4.68986	4.68986	4.68986	4.68986	4.68986	4.68986	4.68986	4.68986	4.68986	
2760.33	6.86546e+17	2.79491e+17	1.22306e+17	7.73839e+16	1.54768e+17	2.32152e+17	3.09536e+17	3.8692e+17	4.64303e+17	5.41687e+17	6.19071e+17	6.96132e+17	7.58443e+17	3.35211e+17	8.60033e+15	5.62031e+15	5.13718e+15	2.24803e+15	1.42235e+15	2.84472e+15	4.26705e+15	5.6894e+15	7.11176e+15	8.53412e+15	9.95645e+15	1.13788e+16	1.27952e+16	2.32525e+16	3.0971e+17	4.54043e+17	4.68986	4.68986	4.68986	4.68986	4.68986	4.68986	4.68986	4.68986	4.68986	4.68986	4.68986	4.68986	4.68986	4.68986	4.68986	
3011.2	6.86546e+17	2.79491e+17	1.22306e+17	7.73839e+16	1.54768e+17	2.32152e+17	3.09536e+17	3.8692e+17	4.64303e+17	5.41687e+17	6.19071e+17	6.96132e+17	7.5845e+17	3.35209e+17	8.60033e+15	5.62031e+15	5.13718e+15	2.24803e+15	1.42235e+15	2.84472e+15	4.26705e+15	5.6894e+15	7.11176e+15	8.53412e+15	9.95645e+15	1.13788e+16	1.27952e+16	2.32527e+16	3.09708e+17	4.54043e+17	4.68986	4.68986	4.68986	4.68986	4.68986	4.68986	4.68986	4.68986	4.68986	4.68986	4.68986	4.68986	4.68986	4.68986	4.68986	
3262.27	6.86546e+17	2.79491e+17	1.22306e+17	7.73839e+16	1.54768e+17	2.32152e+17	3.09536e+17	3.86919e+17	4.64303e+17	5.41687e+17	6.19071e+17	6.96132e+17	7.58455e+17	3.35209e+17	8.60033e+15	5.62031e+15	5.13718e+15	2.24803e+15	1.42235e+15	2.84472e+15	4.26705e+15	5.6894e+15	7.11176e+15	8.53412e+15	9.95645e+15	1.13788e+16	1.27952e+16	2.32528e+16	3.09708e+17	4.54043e+17	4.68986	4.68986	4.68986	4.68986	4.68986	4.68986	4.68986	4.68986	4.68986	4.68986	4.68986	4.68986	4.68986	4.68986	4.68986	
3512.46	6.86546e+17	2.79491e+17	1.22306e+17	7.73839e+16	1.54768e+17	2.32152e+17	3.09536e+17	3.86919e+17	4.64303e+17	5.41687e+17	6.19071e+17	6.96132e+17	7.58461e+17	3.35208e+17	8.60033e+15	5.62031e+15	5.13718e+15	2.24803e+15	1.42235e+15	2.84471e+15	4.26705e+15	5.6894e+15	7.11175e+15	8.53412e+15	9.95645e+15	1.13788e+16	1.27952e+16	2.3253e+16	3.09707e+17	4.54043e+17	4.68986	4.68986	4.68986	4.68986	4.68986	4.68986	4.68986	4.68986	4.68986	4.68986	4.68986	4.68986	4.68986	4.68986	4.68986	
3763.53	6.86546e+17	2.79491e+17	1.22306e+17	7.73839e+16	1.54768e+17	2.32152e+17	3.09536e+17	3.86919e+17	4.64303e+17	5.41687e+17	6.19071e+17	6.96132e+17	7.58466e+17	3.35207e+17	8.60033e+15	5.62031e+15	5.13718e+15	2.24803e+15	1.42235e+15	2.84471e+15	4.26705e+15	5.6894e+15	7.11175e+15	8.53412e+15	9.95645e+15	1.13788e+16	1.27952e+16	2.32532e+16	3.09706e+17	4.54043e+17	4.68986	4.68986	4.68986	4.68986	4.68986	4.68986	4.68986	4.68986	4.68986	4.68986	4.68986	4.68986	4.68986	4.68986	4.68986	
4014.81	6.86546e+17	2.79491e+17	1.22306e+17	7.73839e+16	1.54768e+17	2.32152e+17	3.09536e+17	3.86919e+17	4.64303e+17	5.41687e+17	6.19071e+17	6.96133e+17	7.58471e+17	3.35207e+17	8.60033e+15	5.62031e+15	5.13718e+15	2.24803e+15	1.42235e+15	2.84471e+15	4.26705e+15	5.6894e+15	7.11175e+15	8.53412e+15	9.95645e+15	1.13788e+16	1.27952e+16	2.32533e+16	3.09706e+17	4.54043e+17	4.68986	4.68986	4.68986	4.68986	4.68986	4.68986	4.68986	4.68986	4.68986	4.68986	4.68986	4.68986	4.68986	4.68986	4.68986	
4265.11	6.86546e+17	2.79491e+17	1.22306e+17	7.73839e+16	1.54768e+17	2.32152e+17	3.09536e+17	3.86919e+17	4.64303e+17	5.41687e+17	6.19071e+17	6.96133e+17	7.58475e+17	3.35206e+17	8.60033e+15	5.6203e+15	5.13718e+15	2.24803e+15	1.42235e+15	2.84471e+15	4.26705e+15	5.6894e+15	7.11175e+15	8.53412e+15	9.95645e+15	1.13788e+16	1.27952e+16	2.32535e+16	3.09706e+17	4.54043e+17	4.68986	4.68986	4.68986	4.68986	4.68986	4.68986	4.68986	4.68986	4.68986	4.68986	4.68986	4.68986	4.68986	4.68986	4.68986	
4516.14	6.86546e+17	2.79491e+17	1.22306e+17	7.73839e+16	1.54768e+17	2.32152e+17	3.09535e+17	3.86919e+17	4.64303e+17	5.41687e+17	6.19071e+17	6.96133e+17	7.5848e+17	3.35206e+17	8.60033e+15	5.6203e+15	5.13717e+15	2.24803e+15	1.42235e+15	2.84471e+15	4.26705e+15	5.6894e+15	7.11175e+15	8.53411e+15	9.95645e+15	1.13788e+16	1.27952e+16	2.32536e+16	3.09705e+17	4.54043e+17	4.68986	4.68986	4.68986	4.68986	4.68986	4.68986	4.68986	4.68986	4.68986	4.68986	4.68986	4.68986	4.68986	4.68986	4.68986	
4766.83	6.86546e+17	2.79491e+17	1.22306e+17	7.73839e+16	1.54768e+17	2.32152e+17	3.09535e+17	3.86919e+17	4.64303e+17	5.41687e+17	6.19071e+17	6.96133e+17	7.58484e+17	3.35206e+17	8.60033e+15	5.6203e+15	5.13717e+15	2.24803e+15	1.42235e+15	2.84471e+15	4.26705e+15	5.6894e+15	7.11175e+15	8.53411e+15	9.95645e+15	1.13788e+16	1.27952e+16	2.32537e+16	3.09705e+17	4.54043e+17	4.68986	4.68986	4.68986	4.68986	4.68986	4.68986	4.68986	4.68986	4.68986	4.68986	4.68986	4.68986	4.68986	4.68986	4.68986	
5017.46	6.86546e+17	2.79491e+17	1.22306e+17	7.73839e+16	1.54768e+17	2.32152e+17	3.09535e+17	3.86919e+17	4.64303e+17	5.41687e+17	6.19071e+17	6.96133e+17	7.58487e+17	3.35206e+17	8.60033e+15	5.6203e+15	5.13717e+15	2.24803e+15	1.42235e+15	2.84471e+15	4.26705e+15	5.6894e+15	7.11175e+15	8.53411e+15	9.95645e+15	1.13788e+16	1.27952e+16	2.32538e+16	3.09705e+17	4.54043e+17	4.68986	4.68986	4.68986	4.68986	4.68986	4.68986	4.68986	4.68986	4.68986	4.68986	4.68986	4.68986	4.68986	4.68986	4.68986	
5268.93	6.86546e+17	2.7949e+17	1.22306e+17	7.73839e+16	1.54768e+17	2.32152e+17	3.09535e+17	3.86919e+17	4.64303e+17	5.41687e+17	6.19071e+17	6.96133e+17	7.58491e+17	3.35205e+17	8.60033e+15	5.62031e+15	5.13717e+15	2.24803e+15	1.42235e+15	2.84471e+15	4.26705e+15	5.6894e+15	7.11175e+15	8.53411e+15	9.95645e+15	1.13788e+16	1.27952e+16	2.32539e+16	3.09705e+17	4.54043e+17	4.68986	4.68986	4.68986	4.68986	4.68986	4.68986	4.68986	4.68986	4.68986	4.68986	4.68986	4.68986	4.68986	4.68986	4.68986	
5522.96	6.86546e+17	2.7949e+17	1.22306e+17	7.73839e+16	1.54768e+17	2.32152e+17	3.09535e+17	3.86919e+17	4.64303e+17	5.41687e+17	6.19071e+17	6.96133e+17	7.58494e+17	3.35205e+17	8.60033e+15	5.62031e+15	5.13717e+15	2.24803e+15	1.42235e+15	2.84471e+15	4.26705e+15	5.6894e+15	7.11175e+15	8.53411e+15	9.95645e+15	1.13788e+16	1.27952e+16	2.3254e+16	3.09705e+17	4.54043e+17	4.68986	4.68986	4.68986	4.68986	4.68986	4.68986	4.68986	4.68986	4.68986	4.68986	4.68986	4.68986	4.68986	4.68986	4.68986	
5773.99	6.86546e+17	2.7949e+17	1.22306e+17	7.73839e+16	1.54768e+17	2.32152e+17	3.09535e+17	3.86919e+17	4.64303e+17	5.41687e+17	6.19071e+17	6.96133e+17	7.58497e+17	3.35205e+17	8.60033e+15	5.62031e+15	5.13717e+15	2.24803e+15	1.42235e+15	2.84471e+15	4.26705e+15	5.6894e+15	7.11175e+15	8.53411e+15	9.95645e+15	1.13788e+16	1.27952e+16	2.32541e+16	3.09705e+17	4.54043e+17	4.68986	4.68986	4.68986	4.68986	4.68986	4.68986	4.68986	4.68986	4.68986	4.68986	4.68986	4.68986	4.68986	4.68986	4.68986	
6024.68	6.86546e+17	2.7949e+17	1.22306e+17	7.73839e+16	1.54768e+17	2.32152e+17	3.09535e+17	3.86919e+17	4.64303e+17	5.41687e+17	6.19071e+17	6.96133e+17	7.585e+17	3.35205e+17	8.60033e+15	5.62031e+15	5.13717e+15	2.24803e+15	1.42235e+15	2.84471e+15	4.26705e+15	5.6894e+15	7.11175e+15	8.53411e+15	9.95645e+15	1.13788e+16	1.27952e+16	2.32542e+16	3.09704e+17	4.54043e+17	4.68986	4.68986	4.68986	4.68986	4.68986	4.68986	4.68986	4.68986	4.68986	4.68986	4.68986	4.68986	4.68986	4.68986	4.68986	
6275.31	6.86546e+17	2.7949e+17	1.22306e+17	7.73839e+16	1.54768e+17	2.32152e+17	3.09535e+17	3.86919e+17	4.64303e+17	5.41687e+17	6.19071e+17	6.96133e+17	7.58502e+17	3.35205e+17	8.60033e+15	5.62031e+15	5.13717e+15	2.24803e+15	1.42235e+15	2.84471e+15	4.26705e+15	5.6894e+15	7.11175e+15	8.53411e+15	9.95645e+15	1.13788e+16	1.27952e+16	2.32543e+16	3.09704e+17	4.54043e+17	4.68987	4.68986	4.68986	4.68986	4.68986	4.68986	4.68986	4.68986	4.68986	4.68986	4.68986	4.68986	4.68986	4.68986	4.68986	
6526.78	6.86546e+17	2.7949e+17	1.22306e+17	7.73839e+16	1.54768e+17	2.32152e+17	3.09535e+17	3.86919e+17	4.64303e+17	5.41687e+17	6.19071e+17	6.96132e+17	7.58505e+17	3.35205e+17	8.60033e+15	5.62032e+15	5.13717e+15	2.24803e+15	1.42235e+15	2.84471e+15	4.26705e+15	5.6894e+15	7.11175e+15	8.53411e+15	9.95645e+15	1.13788e+16	1.27952e+16	2.32544e+16	3.09704e+17	4.54043e+17	4.68987	4.68986	4.68986	4.68986	4.68986	4.68986	4.68986	4.68986	4.68986	4.68986	4.68986	4.68986	4.68986	4.68986	4.68986	
6780.81	6.86546e+17	2.7949e+17	1.22306e+17	7.73839e+16	1.54768e+17	2.32152e+17	3.09535e+17	3.86919e+17	4.64303e+17	5.41687e+17	6.19071e+17	6.96132e+17	7.58507e+17	3.35205e+17	8.60033e+15	5.62032e+15	5.13717e+15	2.24803e+15	1.42235e+15	2.84471e+15	4.26705e+15	5.6894e+15	7.11175e+15	8.53411e+15	9.95645e+15	1.13788e+16	1.27952e+16	2.32544e+16	3.09704e+17	4.54043e+17	4.68987	4.68986	4.68986	4.68986	4.68986	4.68986	4.68986	4.68986	4.68986	4.68986	4.68986	4.68986	4.68986	4.68986	4.68986	
7031.84	6.86546e+17	2.7949e+17	1.22306e+17	7.73839e+16	1.54768e+17	2.32152e+17	3.09535e+17	3.86919e+17	4.64303e+17	5.41687e+17	6.19071e+17	6.96132e+17	7.58509e+17	3.35205e+17	8.60033e+15	5.62034e+15	5.13717e+15	2.24803e+15	1.42235e+15	2.84471e+15	4.26705e+15	5.6894e+15	7.11175e+15	8.53411e+15	9.95645e+15	1.13788e+16	1.27952e+16	2.32545e+16	3.09704e+17	4.54043e+17	4.68987	4.68986	4.68986	4.68986	4.68986	4.68986	4.68986	4.68986	4.68986	4.68986	4.68986	4.68986	4.68986	4.68986	4.68986	
7282.53	6.86546e+17	2.7949e+17	1.22306e+17	7.73839e+16	1.54768e+17	2.32152e+17	3.09535e+17	3.86919e+17	4.64303e+17	5.41687e+17	6.19071e+17	6.96132e+17	7.58511e+17	3.35205e+17	8.60033e+15	5.62036e+15	5.13717e+15	2.24803e+15	1.42235e+15	2.84471e+15	4.26705e+15	5.6894e+15	7.11175e+15	8.53411e+15	9.95645e+15	1.13788e+16	1.27952e+16	2.32546e+16	3.09704e+17	4.54043e+17	4.68987	4.68986	4.68986	4.68986	4.68986	4.68986	4.68986	4.68986	4.68986	4.68986	4.68986	4.68986	4.68986	4.68986	4.68986	
7533.16	6.86546e+17	2.7949e+17	1.22306e+17	7.73838e+16	1.54768e+17	2.32152e+17	3.09535e+17	3.86919e+17	4.64303e+17	5.41687e+17	6.19071e+17	6.96132e+17	7.58513e+17	3.35205e+17	8.60033e+15	5.62039e+15	5.13717e+15	2.24803e+15	1.42235e+15	2.84471e+15	4.26705e+15	5.6894e+15	7.11175e+15	8.53411e+15	9.95645e+15	1.13788e+16	1.27952e+16	2.32546e+16	3.09704e+17	4.54043e+17	4.68987	4.68986	4.68986	4.68986	4.68986	4.68986	4.68986	4.68986	4.68986	4.68986	4.68986	4.68986	4.68986	4.68986	4.68986	
7784.62	6.86546e+17	2.7949e+17	1.22306e+17	7.73838e+16	1.54768e+17	2.32152e+17	3.09535e+17	3.86919e+17	4.64303e+17	5.41687e+17	6.19071e+17	6.96132e+17	7.58515e+17	3.35205e+17	8.60033e+15	5.62043e+15	5.13717e+15	2.24803e+15	1.42235e+15	2.84471e+15	4.26705e+15	5.6894e+15	7.11175e+15	8.53411e+15	9.95645e+15	1.13788e+16	1.27952e+16	2.32547e+16	3.09704e+17	4.54043e+17	4.68988	4.68986	4.68986	4.68986	4.68986	4.68986	4.68986	4.68986	4.68986	4.68986	4.68986	4.68986	4.68986	4.68986	4.68986	
8038.66	6.86546e+17	2.7949e+17	1.22306e+17	7.73838e+16	1.54768e+17	2.32152e+17	3.09535e+17	3.86919e+17	4.64303e+17	5.41687e+17	6.19071e+17	6.96132e+17	7.58517e+17	3.35205e+17	8.60033e+15	5.6205e+15	5.13717e+15	2.24803e+15	1.42235e+15	2.84471e+15	4.26705e+15	5.6894e+15	7.11175e+15	8.53411e+15	9.95645e+15	1.13788e+16	1.27952e+16	2.32547e+16	3.09704e+17	4.54043e+17	4.68989	4.68986	4.68986	4.68986	4.68986	4.68986	4.68986	4.68986	4.68986	4.68986	4.68986	4.68986	4.68986	4.68986	4.68986	
8289.69	6.86546e+17	2.7949e+17	1.22306e+17	7.73838e+16	1.54768e+17	2.32152e+17	3.09535e+17	3.86919e+17	4.64303e+17	5.41687e+17	6.19071e+17	6.96131e+17	7.58519e+17	3.35205e+17	8.60033e+15	5.6206e+15	5.13717e+15	2.24803e+15	1.42235e+15	2.84471e+15	4.26705e+15	5.6894e+15	7.11175e+15	8.53411e+15	9.95645e+15	1.13788e+16	1.27952e+16	2.32548e+16	3.09704e+17	4.54043e+17	4.6899	4.68986	4.68986	4.68986	4.68986	4.68986	4.68986	4.68986	4.68986	4.68986	4.68986	4.68986	4.68986	4.68986	4.68986	
8540.37	6.86546e+17	2.7949e+17	1.22306e+17	7.73838e+16	1.54768e+17	2.32152e+17	3.09535e+17	3.86919e+17	4.64303e+17	5.41687e+17	6.19071e+17	6.96131e+17	7.5852e+17	3.35205e+17	8.60033e+15	5.62073e+15	5.13717e+15	2.24803e+15	1.42235e+15	2.84471e+15	4.26705e+15	5.6894e+15	7.11175e+15	8.53411e+15	9.95645e+15	1.13788e+16	1.27952e+16	2.32548e+16	3.09704e+17	4.54043e+17	4.68992	4.68986	4.68986	4.68986	4.68986	4.68986	4.68986	4.68986	4.68986	4.68986	4.68986	4.68986	4.68986	4.68986	4.68986	
8791	6.86545e+17	2.7949e+17	1.22306e+17	7.73838e+16	1.54768e+17	2.32152e+17	3.09535e+17	3.86919e+17	4.64303e+17	5.41687e+17	6.19071e+17	6.96131e+17	7.58522e+17	3.35205e+17	8.60033e+15	5.62091e+15	5.13717e+15	2.24803e+15	1.42235e+15	2.84471e+15	4.26705e+15	5.6894e+15	7.11175e+15	8.53411e+15	9.95645e+15	1.13788e+16	1.27952e+16	2.32549e+16	3.09704e+17	4.54043e+17	4.68994	4.68986	4.68986	4.68986	4.68986	4.68986	4.68986	4.68986	4.68986	4.68986	4.68986	4.68986	4.68986	4.68986	4.68986	
9042.47	6.86545e+17	2.7949e+17	1.22306e+17	7.73838e+16	1.54768e+17	2.32152e+17	3.09535e+17	3.86919e+17	4.64303e+17	5.41687e+17	6.19071e+17	6.96131e+17	7.58523e+17	3.35205e+17	8.60033e+15	5.62116e+15	5.13717e+15	2.24803e+15	1.42235e+15	2.84471e+15	4.26705e+15	5.6894e+15	7.11175e+15	8.53411e+15	9.95645e+15	1.13788e+16	1.27952e+16	2.32549e+16	3.09704e+17	4.54043e+17	4.68997	4.68986	4.68986	4.68986	4.68986	4.68986	4.68986	4.68986	4.68986	4.68986	4.68986	4.68986	4.68986	4.68986	4.68986	
9296.51	6.86544e+17	2.7949e+17	1.22306e+17	7.73838e+16	1.54768e+17	2.32152e+17	3.09535e+17	3.86919e+17	4.64303e+17	5.41687e+17	6.19071e+17	6.9613e+17	7.58525e+17	3.35205e+17	8.60033e+15	5.62149e+15	5.13717e+15	2.24803e+15	1.42235e+15	2.84471e+15	4.26705e+15	5.6894e+15	7.11175e+15	8.53411e+15	9.95644e+15	1.13788e+16	1.27952e+16	2.3255e+16	3.09704e+17	4.54043e+17	4.69001	4.68986	4.68986	4.68986	4.68986	4.68986	4.68986	4.68986	4.68986	4.68986	4.68986	4.68986	4.68986	4.68986	4.68986	
9547.54	6.86544e+17	2.7949e+17	1.22306e+17	7.73838e+16	1.54768e+17	2.32152e+17	3.09535e+17	3.86919e+17	4.64303e+17	5.41687e+17	6.19071e+17	6.9613e+17	7.58526e+17	3.35205e+17	8.60033e+15	5.62191e+15	5.13717e+15	2.24803e+15	1.42235e+15	2.84471e+15	4.26705e+15	5.6894e+15	7.11175e+15	8.53411e+15	9.95644e+15	1.13788e+16	1.27952e+16	2.3255e+16	3.09704e+17	4.54043e+17	4.69006	4.68986	4.68986	4.68986	4.68986	4.68986	4.68986	4.68986	4.68986	4.68986	4.68986	4.68986	4.68986	4.68986	4.68986	
9798.22	6.86543e+17	2.7949e+17	1.22306e+17	7.73838e+16	1.54768e+17	2.32152e+17	3.09535e+17	3.86919e+17	4.64303e+17	5.41687e+17	6.19071e+17	6.9613e+17	7.58527e+17	3.35205e+17	8.60033e+15	5.62247e+15	5.13717e+15	2.24803e+15	1.42235e+15	2.84471e+15	4.26705e+15	5.6894e+15	7.11175e+15	8.53411e+15	9.95644e+15	1.13788e+16	1.27952e+16	2.3255e+16	3.09704e+17	4.54043e+17	4.69013	4.68986	4.68986	4.68986	4.68986	4.68986	4.68986	4.68986	4.68986	4.68986	4.68986	4.68986	4.68986	4.68986	4.68986	
10048.9	6.86542e+17	2.7949e+17	1.22306e+17	7.73838e+16	1.54768e+17	2.32152e+17	3.09535e+17	3.86919e+17	4.64303e+17	5.41687e+17	6.19071e+17	6.9613e+17	7.58528e+17	3.35205e+17	8.60033e+15	5.62317e+15	5.13717e+15	2.24803e+15	1.42235e+15	2.84471e+15	4.26705e+15	5.6894e+15	7.11175e+15	8.53411e+15	9.95644e+15	1.13788e+16	1.27952e+16	2.32551e+16	3.09704e+17	4.54043e+17	4.69021	4.68986	4.68986	4.68986	4.68986	4.68986	4.68986	4.68986	4.68986	4.68986	4.68986	4.68986	4.68986	4.68986	4.68986	
10300.3	6.8654e+17	2.7949e+17	1.22306e+17	7.73838e+16	1.54768e+17	2.32152e+17	3.09535e+17	3.86919e+17	4.64303e+17	5.41687e+17	6.19071e+17	6.96129e+17	7.5853e+17	3.35205e+17	8.60033e+15	5.62405e+15	5.13717e+15	2.24803e+15	1.42235e+15	2.84471e+15	4.26705e+15	5.6894e+15	7.11175e+15	8.53411e+15	9.95644e+15	1.13788e+16	1.27952e+16	2.32551e+16	3.09705e+17	4.54043e+17	4.69032	4.68986	4.68986	4.68986	4.68986	4.68986	4.68986	4.68986	4.68986	4.68986	4.68986	4.68986	4.68986	4.68986	4.68986	
10554.4	6.86538e+17	2.7949e+17	1.22306e+17	7.73838e+16	1.54768e+17	2.32152e+17	3.09535e+17	3.86919e+17	4.64303e+17	5.41687e+17	6.19071e+17	6.96129e+17	7.58531e+17	3.35205e+17	8.60033e+15	5.62516e+15	5.13717e+15	2.24803e+15	1.42235e+15	2.84471e+15	4.26705e+15	5.6894e+15	7.11175e+15	8.53411e+15	9.95644e+15	1.13788e+16	1.27952e+16	2.32552e+16	3.09705e+17	4.54043e+17	4.69046	4.68986	4.68986	4.68986	4.68986	4.68986	4.68986	4.68986	4.68986	4.68986	4.68986	4.68986	4.68986	4.68986	4.68986	
10805.4	6.86536e+17	2.7949e+17	1.22306e+17	7.73838e+16	1.54768e+17	2.32152e+17	3.09535e+17	3.86919e+17	4.64303e+17	5.41687e+17	6.19071e+17	6.96129e+17	7.58532e+17	3.35205e+17	8.60033e+15	5.62651e+15	5.13717e+15	2.24803e+15	1.42235e+15	2.84471e+15	4.26705e+15	5.6894e+15	7.11175e+15	8.53411e+15	9.95644e+15	1.13788e+16	1.27952e+16	2.32552e+16	3.09705e+17	4.54043e+17	4.69062	4.68986	4.68986	4.68986	4.68986	4.68986	4.68986	4.68986	4.68986	4.68986	4.68986	4.68986	4.68986	4.68986	4.68986	
11056.1	6.86534e+17	2.7949e+17	1.22306e+17	7.73838e+16	1.54768e+17	2.32152e+17	3.09535e+17	3.86919e+17	4.64303e+17	5.41687e+17	6.19071e+17	6.96129e+17	7.58533e+17	3.35205e+17	8.60033e+15	5.62815e+15	5.13717e+15	2.24803e+15	1.42235e+15	2.84471e+15	4.26705e+15	5.6894e+15	7.11175e+15	8.53411e+15	9.95644e+15	1.13788e+16	1.27952e+16	2.32552e+16	3.09705e+17	4.54043e+17	4.69082	4.68986	4.68986	4.68986	4.68986	4.68986	4.68986	4.68986	4.68986	4.68986	4.68986	4.68986	4.68986	4.68986	4.68986	
11306.7	6.86531e+17	2.7949e+17	1.22306e+17	7.73838e+16	1.54768e+17	2.32152e+17	3.09535e+17	3.86919e+17	4.64303e+17	5.41687e+17	6.19071e+17	6.96128e+17	7.58534e+17	3.35205e+17	8.60033e+15	5.63011e+15	5.13717e+15	2.24803e+15	1.42235e+15	2.84471e+15	4.26705e+15	5.6894e+15	7.11175e+15	8.53411e+15	9.95644e+15	1.13788e+16	1.27952e+16	2.32552e+16	3.09705e+17	4.54043e+17	4.69106	4.68986	4.68986	4.68986	4.68986	4.68986	4.68986	4.68986	4.68986	4.68986	4.68986	4.68986	4.68986	4.68986	4.68986	
11558.2	6.86527e+17	2.7949e+17	1.22306e+17	7.73838e+16	1.54768e+17	2.32152e+17	3.09535e+17	3.86919e+17	4.64303e+17	5.41687e+17	6.19071e+17	6.96128e+17	7.58534e+17	3.35205e+17	8.60033e+15	5.63245e+15	5.13717e+15	2.24803e+15	1.42235e+15	2.84471e+15	4.26705e+15	5.6894e+15	7.11175e+15	8.53411e+15	9.95645e+15	1.13788e+16	1.27951e+16	2.32553e+16	3.09705e+17	4.54043e+17	4.69135	4.68986	4.68986	4.68986	4.68986	4.68986	4.68986	4.68986	4.68986	4.68986	4.68986	4.68986	4.68986	4.68986	4.68986	
11812.2	6.86523e+17	2.7949e+17	1.22306e+17	7.73838e+16	1.54768e+17	2.32152e+17	3.09535e+17	3.86919e+17	4.64303e+17	5.41687e+17	6.19071e+17	6.96128e+17	7.58535e+17	3.35205e+17	8.60033e+15	5.63524e+15	5.13717e+15	2.24803e+15	1.42235e+15	2.84471e+15	4.26705e+15	5.6894e+15	7.11175e+15	8.53411e+15	9.95645e+15	1.13788e+16	1.27951e+16	2.32553e+16	3.09705e+17	4.54043e+17	4.6917	4.68986	4.68986	4.68986	4.68986	4.68986	4.68986	4.68986	4.68986	4.68986	4.68986	4.68986	4.68986	4.68986	4.68986	
12063.2	6.86518e+17	2.7949e+17	1.22306e+17	7.73838e+16	1.54768e+17	2.32152e+17	3.09535e+17	3.86919e+17	4.64303e+17	5.41687e+17	6.19071e+17	6.96127e+17	7.58536e+17	3.35205e+17	8.60033e+15	5.63846e+15	5.13717e+15	2.24803e+15	1.42235e+15	2.84471e+15	4.26705e+15	5.6894e+15	7.11175e+15	8.53411e+15	9.95645e+15	1.13788e+16	1.27951e+16	2.32553e+16	3.09705e+17	4.54043e+17	4.69209	4.68986	4.68986	4.68986	4.68986	4.68986	4.68986	4.68986	4.68986	4.68986	4.68986	4.68986	4.68986	4.68986	4.68986	
12313.9	6.86512e+17	2.7949e+17	1.22306e+17	7.73838e+16	1.54768e+17	2.32152e+17	3.09535e+17	3.86919e+17	4.64303e+17	5.41687e+17	6.19071e+17	6.96127e+17	7.58537e+17	3.35205e+17	8.60033e+15	5.64218e+15	5.13717e+15	2.24803e+15	1.42235e+15	2.84471e+15	4.26705e+15	5.6894e+15	7.11175e+15	8.53411e+15	9.95645e+15	1.13788e+16	1.27951e+16	2.32553e+16	3.09705e+17	4.54043e+17	4.69255	4.68986	4.68986	4.68986	4.68986	4.68986	4.68986	4.68986	4.68986	4.68986	4.68986	4.68986	4.68986	4.68986	4.68986	
12564.5	6.86505e+17	2.7949e+17	1.22306e+17	7.73838e+16	1.54768e+17	2.32152e+17	3.09535e+17	3.86919e+17	4.64303e+17	5.41687e+17	6.19071e+17	6.96127e+17	7.58537e+17	3.35205e+17	8.60033e+15	5.64643e+15	5.13717e+15	2.24803e+15	1.42235e+15	2.84471e+15	4.26705e+15	5.6894e+15	7.11175e+15	8.53411e+15	9.95645e+15	1.13788e+16	1.27951e+16	2.32554e+16	3.09705e+17	4.54043e+17	4.69308	4.68986	4.68986	4.68986	4.68986	4.68986	4.68986	4.68986	4.68986	4.68986	4.68986	4.68986	4.68986	4.68986	4.68986	
12816	6.86497e+17	2.7949e+17	1.22306e+17	7.73838e+16	1.54768e+17	2.32152e+17	3.09535e+17	3.86919e+17	4.64303e+17	5.41687e+17	6.19071e+17	6.96127e+17	7.58538e+17	3.35205e+17	8.60033e+15	5.65129e+15	5.13717e+15	2.24803e+15	1.42235e+15	2.84471e+15	4.26705e+15	5.6894e+15	7.11175e+15	8.53411e+15	9.95645e+15	1.13788e+16	1.27951e+16	2.32554e+16	3.09705e+17	4.54043e+17	4.69368	4.68986	4.68986	4.68986	4.68986	4.68986	4.68986	4.68986	4.68986	4.68986	4.68986	4.68986	4.68986	4.68986	4.68986	
13070	6.86489e+17	2.7949e+17	1.22306e+17	7.73838e+16	1.54768e+17	2.32152e+17	3.09535e+17	3.86919e+17	4.64303e+17	5.41687e+17	6.19071e+17	6.96126e+17	7.58539e+17	3.35205e+17	8.60033e+15	5.65684e+15	5.13717e+15	2.24803e+15	1.42235e+15	2.84471e+15	4.26705e+15	5.6894e+15	7.11175e+15	8.53411e+15	9.95645e+15	1.13788e+16	1.27951e+16	2.32554e+16	3.09705e+17	4.54043e+17	4.69436	4.68986	4.68986	4.68986	4.68986	4.68986	4.68986	4.68986	4.68986	4.68986	4.68986	4.68986	4.68986	4.68986	4.68986	
13321.1	6.86479e+17	2.7949e+17	1.22306e+17	7.73838e+16	1.54768e+17	2.32152e+17	3.09535e+17	3.86919e+17	4.64303e+17	5.41687e+17	6.19071e+17	6.96126e+17	7.58539e+17	3.35205e+17	8.60033e+15	5.66298e+15	5.13718e+15	2.24803e+15	1.42235e+15	2.84471e+15	4.26705e+15	5.6894e+15	7.11175e+15	8.53412e+15	9.95645e+15	1.13788e+16	1.27951e+16	2.32554e+16	3.09705e+17	4.54043e+17	4.69512	4.68986	4.68986	4.68986	4.68986	4.68986	4.68986	4.68986	4.68986	4.68986	4.68986	4.68986	4.68986	4.68986	4.68986	
13571.8	6.86468e+17	2.7949e+17	1.22306e+17	7.73838e+16	1.54768e+17	2.32152e+17	3.09535e+17	3.86919e+17	4.64303e+17	5.41687e+17	6.19071e+17	6.96126e+17	7.5854e+17	3.35205e+17	8.60033e+15	5.6698e+15	5.13718e+15	2.24803e+15	1.42235e+15	2.84472e+15	4.26705e+15	5.6894e+15	7.11176e+15	8.53412e+15	9.95645e+15	1.13788e+16	1.27951e+16	2.32554e+16	3.09705e+17	4.54043e+17	4.69596	4.68987	4.68987	4.68987	4.68987	4.68987	4.68987	4.68987	4.68987	4.68987	4.68987	4.68986	4.68986	4.68986	4.68986	
13822.4	6.86456e+17	2.7949e+17	1.22306e+17	7.73838e+16	1.54768e+17	2.32151e+17	3.09535e+17	3.86919e+17	4.64303e+17	5.41687e+17	6.19071e+17	6.96125e+17	7.5854e+17	3.35205e+17	8.60033e+15	5.67732e+15	5.13718e+15	2.24803e+15	1.42235e+15	2.84472e+15	4.26705e+15	5.6894e+15	7.11176e+15	8.53412e+15	9.95646e+15	1.13788e+16	1.27951e+16	2.32555e+16	3.09705e+17	4.54043e+17	4.69689	4.68987	4.68987	4.68987	4.68987	4.68987	4.68987	4.68987	4.68987	4.68987	4.68987	4.68986	4.68986	4.68986	4.68986	
14073.9	6.86443e+17	2.7949e+17	1.22306e+17	7.73838e+16	1.54768e+17	2.32151e+17	3.09535e+17	3.86919e+17	4.64303e+17	5.41687e+17	6.19071e+17	6.96125e+17	7.58541e+17	3.35205e+17	8.60033e+15	5.6856e+15	5.13718e+15	2.24803e+15	1.42235e+15	2.84472e+15	4.26705e+15	5.68941e+15	7.11176e+15	8.53412e+15	9.95646e+15	1.13788e+16	1.27951e+16	2.32555e+16	3.09705e+17	4.54043e+17	4.69791	4.68987	4.68987	4.68987	4.68987	4.68987	4.68987	4.68987	4.68987	4.68987	4.68987	4.68986	4.68986	4.68986	4.68986	
14327.9	6.86429e+17	2.7949e+17	1.22306e+17	7.73838e+16	1.54768e+17	2.32151e+17	3.09535e+17	3.86919e+17	4.64303e+17	5.41687e+17	6.19071e+17	6.96125e+17	7.58541e+17	3.35205e+17	8.60033e+15	5.69472e+15	5.13718e+15	2.24803e+15	1.42235e+15	2.84472e+15	4.26705e+15	5.68941e+15	7.11176e+15	8.53413e+15	9.95646e+15	1.13788e+16	1.27951e+16	2.32555e+16	3.09705e+17	4.54043e+17	4.69904	4.68987	4.68987	4.68987	4.68987	4.68987	4.68987	4.68987	4.68987	4.68987	4.68987	4.68986	4.68986	4.68986	4.68986	
14578.9	6.86414e+17	2.7949e+17	1.22306e+17	7.73838e+16	1.54768e+17	2.32151e+17	3.09535e+17	3.86919e+17	4.64303e+17	5.41687e+17	6.19071e+17	6.96124e+17	7.58542e+17	3.35205e+17	8.60033e+15	5.70448e+15	5.13718e+15	2.24803e+15	1.42235e+15	2.84472e+15	4.26706e+15	5.68941e+15	7.11177e+15	8.53413e+15	9.95647e+15	1.13788e+16	1.27951e+16	2.32555e+16	3.09705e+17	4.54043e+17	4.70024	4.68987	4.68987	4.68987	4.68987	4.68987	4.68987	4.68987	4.68987	4.68987	4.68987	4.68986	4.68986	4.68986	4.68986	
14829.6	6.86397e+17	2.7949e+17	1.22306e+17	7.73838e+16	1.54768e+17	2.32151e+17	3.09535e+17	3.86919e+17	4.64303e+17	5.41687e+17	6.19071e+17	6.96124e+17	7.58542e+17	3.35205e+17	8.60033e+15	5.71497e+15	5.13719e+15	2.24804e+15	1.42235e+15	2.84472e+15	4.26706e+15	5.68942e+15	7.11177e+15	8.53414e+15	9.95648e+15	1.13789e+16	1.27951e+16	2.32555e+16	3.09705e+17	4.54043e+17	4.70154	4.68987	4.68987	4.68987	4.68987	4.68987	4.68987	4.68987	4.68987	4.68987	4.68987	4.68986	4.68986	4.68986	4.68986	
15080.2	6.86379e+17	2.7949e+17	1.22306e+17	7.73838e+16	1.54768e+17	2.32151e+17	3.09535e+17	3.86919e+17	4.64303e+17	5.41687e+17	6.19071e+17	6.96124e+17	7.58543e+17	3.35205e+17	8.60033e+15	5.7262e+15	5.13719e+15	2.24804e+15	1.42235e+15	2.84472e+15	4.26706e+15	5.68942e+15	7.11178e+15	8.53414e+15	9.95648e+15	1.13789e+16	1.27951e+16	2.32555e+16	3.09705e+17	4.54043e+17	4.70292	4.68987	4.68987	4.68987	4.68987	4.68987	4.68987	4.68987	4.68987	4.68987	4.68987	4.68986	4.68986	4.68986	4.68986	
15331.7	6.86361e+17	2.7949e+17	1.22306e+17	7.73838e+16	1.54768e+17	2.32151e+17	3.09535e+17	3.86919e+17	4.64303e+17	5.41687e+17	6.19071e+17	6.96123e+17	7.58543e+17	3.35205e+17	8.60033e+15	5.73818e+15	5.1372e+15	2.24804e+15	1.42235e+15	2.84473e+15	4.26707e+15	5.68943e+15	7.11178e+15	8.53415e+15	9.95649e+15	1.13789e+16	1.27951e+16	2.32555e+16	3.09705e+17	4.54043e+17	4.7044	4.68987	4.68987	4.68987	4.68987	4.68987	4.68987	4.68987	4.68987	4.68987	4.68987	4.68986	4.68986	4.68986	4.68986	
15585.7	6.8634e+17	2.7949e+17	1.22306e+17	7.73838e+16	1.54768e+17	2.32151e+17	3.09535e+17	3.86919e+17	4.64303e+17	5.41687e+17	6.19071e+17	6.96123e+17	7.58543e+17	3.35205e+17	8.60033e+15	5.75099e+15	5.1372e+15	2.24804e+15	1.42236e+15	2.84473e+15	4.26707e+15	5.68943e+15	7.11179e+15	8.53416e+15	9.95651e+15	1.13789e+16	1.27951e+16	2.32555e+16	3.09705e+17	4.54043e+17	4.70598	4.68987	4.68987	4.68987	4.68987	4.68987	4.68987	4.68987	4.68987	4.68987	4.68987	4.68986	4.68986	4.68986	4.68986	
15836.8	6.86319e+17	2.7949e+17	1.22306e+17	7.73838e+16	1.54768e+17	2.32151e+17	3.09535e+17	3.86919e+17	4.64303e+17	5.41687e+17	6.1907e+17	6.96123e+17	7.58544e+17	3.35205e+17	8.60033e+15	5.76433e+15	5.13721e+15	2.24805e+15	1.42236e+15	2.84473e+15	4.26708e+15	5.68944e+15	7.1118e+15	8.53418e+15	9.95652e+15	1.13789e+16	1.2795e+16	2.32555e+16	3.09705e+17	4.54043e+17	4.70762	4.68987	4.68987	4.68987	4.68987	4.68987	4.68987	4.68987	4.68987	4.68987	4.68987	4.68986	4.68986	4.68986	4.68986	
16087.5	6.86297e+17	2.7949e+17	1.22306e+17	7.73838e+16	1.54768e+17	2.32151e+17	3.09535e+17	3.86919e+17	4.64303e+17	5.41687e+17	6.1907e+17	6.96122e+17	7.58544e+17	3.35205e+17	8.60033e+15	5.77827e+15	5.13722e+15	2.24805e+15	1.42236e+15	2.84474e+15	4.26709e+15	5.68945e+15	7.11182e+15	8.53419e+15	9.95654e+15	1.13789e+16	1.2795e+16	2.32556e+16	3.09705e+17	4.54043e+17	4.70933	4.68987	4.68987	4.68987	4.68987	4.68987	4.68987	4.68987	4.68987	4.68987	4.68987	4.68986	4.68986	4.68986	4.68986	
16338.1	6.86275e+17	2.7949e+17	1.22306e+17	7.73838e+16	1.54768e+17	2.32151e+17	3.09535e+17	3.86919e+17	4.64303e+17	5.41687e+17	6.1907e+17	6.96122e+17	7.58544e+17	3.35205e+17	8.60033e+15	5.7928e+15	5.13723e+15	2.24806e+15	1.42236e+15	2.84475e+15	4.2671e+15	5.68947e+15	7.11183e+15	8.53421e+15	9.95656e+15	1.1379e+16	1.2795e+16	2.32556e+16	3.09705e+17	4.54043e+17	4.71112	4.68987	4.68987	4.68987	4.68987	4.68987	4.68987	4.68987	4.68987	4.68987	4.68987	4.68986	4.68986	4.68986	4.68986	
16589.6	6.86251e+17	2.7949e+17	1.22306e+17	7.73838e+16	1.54768e+17	2.32151e+17	3.09535e+17	3.86919e+17	4.64303e+17	5.41687e+17	6.1907e+17	6.96122e+17	7.58544e+17	3.35205e+17	8.60033e+15	5.80792e+15	5.13725e+15	2.24806e+15	1.42237e+15	2.84475e+15	4.26711e+15	5.68948e+15	7.11185e+15	8.53424e+15	9.95659e+15	1.1379e+16	1.2795e+16	2.32556e+16	3.09705e+17	4.54043e+17	4.71297	4.68987	4.68987	4.68987	4.68987	4.68987	4.68987	4.68987	4.68987	4.68987	4.68987	4.68986	4.68986	4.68986	4.68986	
16843.6	6.86226e+17	2.7949e+17	1.22306e+17	7.73838e+16	1.54768e+17	2.32151e+17	3.09535e+17	3.86919e+17	4.64303e+17	5.41687e+17	6.1907e+17	6.96121e+17	7.58545e+17	3.35205e+17	8.60033e+15	5.82369e+15	5.13726e+15	2.24807e+15	1.42237e+15	2.84476e+15	4.26712e+15	5.6895e+15	7.11188e+15	8.53426e+15	9.95662e+15	1.1379e+16	1.2795e+16	2.32556e+16	3.09705e+17	4.54043e+17	4.71491	4.68988	4.68988	4.68988	4.68988	4.68988	4.68988	4.68988	4.68988	4.68988	4.68988	4.68986	4.68986	4.68986	4.68986	
17094.6	6.86201e+17	2.7949e+17	1.22306e+17	7.73838e+16	1.54768e+17	2.32151e+17	3.09535e+17	3.86919e+17	4.64303e+17	5.41686e+17	6.1907e+17	6.96121e+17	7.58545e+17	3.35205e+17	8.60033e+15	5.8397e+15	5.13728e+15	2.24808e+15	1.42238e+15	2.84477e+15	4.26714e+15	5.68952e+15	7.1119e+15	8.5343e+15	9.95666e+15	1.13791e+16	1.2795e+16	2.32556e+16	3.09705e+17	4.54043e+17	4.71687	4.68988	4.68988	4.68988	4.68988	4.68988	4.68988	4.68988	4.68988	4.68988	4.68988	4.68986	4.68986	4.68986	4.68986	
17345.3	6.86175e+17	2.7949e+17	1.22306e+17	7.73838e+16	1.54768e+17	2.32151e+17	3.09535e+17	3.86919e+17	4.64303e+17	5.41686e+17	6.1907e+17	6.96121e+17	7.58545e+17	3.35205e+17	8.60033e+15	5.85607e+15	5.13731e+15	2.24809e+15	1.42239e+15	2.84479e+15	4.26716e+15	5.68955e+15	7.11194e+15	8.53434e+15	9.95671e+15	1.13791e+16	1.2795e+16	2.32556e+16	3.09705e+17	4.54043e+17	4.71887	4.68988	4.68988	4.68988	4.68988	4.68988	4.68988	4.68988	4.68988	4.68988	4.68988	4.68986	4.68986	4.68986	4.68986	
17595.9	6.86149e+17	2.7949e+17	1.22306e+17	7.73838e+16	1.54767e+17	2.32151e+17	3.09535e+17	3.86919e+17	4.64303e+17	5.41686e+17	6.1907e+17	6.9612e+17	7.58545e+17	3.35205e+17	8.60033e+15	5.87274e+15	5.13734e+15	2.2481e+15	1.42239e+15	2.8448e+15	4.26718e+15	5.68958e+15	7.11198e+15	8.53438e+15	9.95676e+15	1.13792e+16	1.2795e+16	2.32556e+16	3.09705e+17	4.54043e+17	4.72091	4.68989	4.68989	4.68989	4.68989	4.68989	4.68989	4.68989	4.68989	4.68989	4.68989	4.68986	4.68986	4.68986	4.68986	
17847.4	6.86122e+17	2.7949e+17	1.22306e+17	7.73837e+16	1.54767e+17	2.32151e+17	3.09535e+17	3.86919e+17	4.64302e+17	5.41686e+17	6.1907e+17	6.9612e+17	7.58545e+17	3.35205e+17	8.60033e+15	5.8897e+15	5.13737e+15	2.24812e+15	1.4224e+15	2.84482e+15	4.26721e+15	5.68962e+15	7.11202e+15	8.53444e+15	9.95683e+15	1.13793e+16	1.2795e+16	2.32556e+16	3.09705e+17	4.54043e+17	4.72298	4.68989	4.68989	4.68989	4.68989	4.68989	4.68989	4.68989	4.68989	4.68989	4.68989	4.68986	4.68986	4.68986	4.68986	
18101.4	6.86095e+17	2.7949e+17	1.22306e+17	7.73837e+16	1.54767e+17	2.32151e+17	3.09535e+17	3.86919e+17	4.64302e+17	5.41686e+17	6.1907e+17	6.9612e+17	7.58546e+17	3.35205e+17	8.60033e+15	5.90703e+15	5.13741e+15	2.24813e+15	1.42241e+15	2.84484e+15	4.26724e+15	5.68966e+15	7.11208e+15	8.5345e+15	9.9569e+15	1.13793e+16	1.2795e+16	2.32556e+16	3.09705e+17	4.54043e+17	4.72509	4.6899	4.6899	4.6899	4.6899	4.6899	4.6899	4.6899	4.6899	4.6899	4.6899	4.68986	4.68986	4.68986	4.68986	
18352.5	6.86068e+17	2.7949e+17	1.22306e+17	7.73837e+16	1.54767e+17	2.32151e+17	3.09535e+17	3.86919e+17	4.64302e+17	5.41686e+17	6.1907e+17	6.96119e+17	7.58546e+17	3.35205e+17	8.60033e+15	5.92426e+15	5.13745e+15	2.24815e+15	1.42243e+15	2.84487e+15	4.26728e+15	5.68971e+15	7.11214e+15	8.53458e+15	9.95699e+15	1.13794e+16	1.2795e+16	2.32556e+16	3.09705e+17	4.54043e+17	4.72719	4.6899	4.6899	4.6899	4.6899	4.6899	4.6899	4.6899	4.6899	4.6899	4.6899	4.68986	4.68986	4.68986	4.68986	
18603.2	6.86041e+17	2.7949e+17	1.22305e+17	7.73837e+16	1.54767e+17	2.32151e+17	3.09535e+17	3.86918e+17	4.64302e+17	5.41686e+17	6.19069e+17	6.96119e+17	7.58546e+17	3.35205e+17	8.60033e+15	5.94152e+15	5.13751e+15	2.24818e+15	1.42244e+15	2.8449e+15	4.26732e+15	5.68977e+15	7.11221e+15	8.53467e+15	9.95709e+15	1.13796e+16	1.2795e+16	2.32556e+16	3.09705e+17	4.54043e+17	4.72929	4.68991	4.68991	4.68991	4.68991	4.68991	4.68991	4.68991	4.68991	4.68991	4.68991	4.68986	4.68986	4.68986	4.68986	
18853.8	6.86013e+17	2.7949e+17	1.22305e+17	7.73837e+16	1.54767e+17	2.32151e+17	3.09535e+17	3.86918e+17	4.64302e+17	5.41686e+17	6.19069e+17	6.96119e+17	7.58546e+17	3.35205e+17	8.60033e+15	5.95875e+15	5.13757e+15	2.2482e+15	1.42246e+15	2.84493e+15	4.26737e+15	5.68984e+15	7.1123e+15	8.53477e+15	9.95721e+15	1.13797e+16	1.2795e+16	2.32556e+16	3.09705e+17	4.54043e+17	4.73138	4.68992	4.68992	4.68992	4.68992	4.68992	4.68992	4.68992	4.68992	4.68992	4.68992	4.68986	4.68986	4.68986	4.68986	
19105.2	6.85986e+17	2.7949e+17	1.22305e+17	7.73836e+16	1.54767e+17	2.32151e+17	3.09535e+17	3.86918e+17	4.64302e+17	5.41685e+17	6.19069e+17	6.96118e+17	7.58546e+17	3.35205e+17	8.60033e+15	5.97597e+15	5.13764e+15	2.24823e+15	1.42248e+15	2.84497e+15	4.26743e+15	5.68991e+15	7.11239e+15	8.53488e+15	9.95735e+15	1.13799e+16	1.2795e+16	2.32556e+16	3.09705e+17	4.54043e+17	4.73347	4.68993	4.68993	4.68993	4.68993	4.68993	4.68993	4.68993	4.68993	4.68993	4.68993	4.68986	4.68986	4.68986	4.68986	
19359.3	6.85959e+17	2.7949e+17	1.22305e+17	7.73836e+16	1.54767e+17	2.32151e+17	3.09534e+17	3.86918e+17	4.64302e+17	5.41685e+17	6.19069e+17	6.96118e+17	7.58546e+17	3.35205e+17	8.60033e+15	5.99322e+15	5.13772e+15	2.24827e+15	1.4225e+15	2.84502e+15	4.2675e+15	5.69e+15	7.11251e+15	8.53502e+15	9.9575e+15	1.138e+16	1.2795e+16	2.32556e+16	3.09705e+17	4.54043e+17	4.73556	4.68994	4.68994	4.68994	4.68994	4.68994	4.68994	4.68994	4.68994	4.68994	4.68994	4.68986	4.68986	4.68986	4.68986	
19610.3	6.85933e+17	2.79489e+17	1.22305e+17	7.73836e+16	1.54767e+17	2.32151e+17	3.09534e+17	3.86918e+17	4.64301e+17	5.41685e+17	6.19068e+17	6.96118e+17	7.58546e+17	3.35205e+17	8.60033e+15	6.01008e+15	5.13781e+15	2.24831e+15	1.42252e+15	2.84507e+15	4.26758e+15	5.69011e+15	7.11263e+15	8.53517e+15	9.95768e+15	1.13802e+16	1.2795e+16	2.32556e+16	3.09705e+17	4.54043e+17	4.7376	4.68995	4.68995	4.68995	4.68995	4.68995	4.68995	4.68995	4.68995	4.68995	4.68995	4.68986	4.68986	4.68986	4.68986	
19861	6.85907e+17	2.79489e+17	1.22305e+17	7.73835e+16	1.54767e+17	2.32151e+17	3.09534e+17	3.86918e+17	4.64301e+17	5.41685e+17	6.19068e+17	6.96118e+17	7.58546e+17	3.35205e+17	8.60033e+15	6.02666e+15	5.13792e+15	2.24836e+15	1.42255e+15	2.84513e+15	4.26767e+15	5.69022e+15	7.11278e+15	8.53535e+15	9.95789e+15	1.13805e+16	1.2795e+16	2.32556e+16	3.09705e+17	4.54043e+17	4.7396	4.68997	4.68997	4.68997	4.68997	4.68997	4.68997	4.68997	4.68997	4.68997	4.68997	4.68986	4.68986	4.68986	4.68986	
20111.6	6.85881e+17	2.79489e+17	1.22305e+17	7.73835e+16	1.54767e+17	2.3215e+17	3.09534e+17	3.86917e+17	4.64301e+17	5.41684e+17	6.19068e+17	6.96117e+17	7.58547e+17	3.35205e+17	8.60033e+15	6.04295e+15	5.13804e+15	2.24841e+15	1.42259e+15	2.84519e+15	4.26777e+15	5.69036e+15	7.11295e+15	8.53555e+15	9.95812e+15	1.13807e+16	1.2795e+16	2.32556e+16	3.09705e+17	4.54043e+17	4.74156	4.68998	4.68998	4.68998	4.68998	4.68998	4.68998	4.68998	4.68998	4.68998	4.68998	4.68986	4.68986	4.68986	4.68986	
20363.1	6.85856e+17	2.79489e+17	1.22305e+17	7.73834e+16	1.54767e+17	2.3215e+17	3.09534e+17	3.86917e+17	4.643e+17	5.41684e+17	6.19067e+17	6.96116e+17	7.58546e+17	3.35205e+17	8.60033e+15	6.05895e+15	5.13818e+15	2.24847e+15	1.42263e+15	2.84527e+15	4.26788e+15	5.69051e+15	7.11314e+15	8.53578e+15	9.95839e+15	1.1381e+16	1.2795e+16	2.32556e+16	3.09705e+17	4.54043e+17	4.74349	4.69	4.69	4.69	4.69	4.69	4.69	4.69	4.69	4.69	4.69	4.68986	4.68986	4.68986	4.68986	
20615	6.85832e+17	2.79489e+17	1.22305e+17	7.73833e+16	1.54767e+17	2.3215e+17	3.09533e+17	3.86917e+17	4.643e+17	5.41683e+17	6.19067e+17	6.96103e+17	7.5853e+17	3.35208e+17	8.60033e+15	6.0746e+15	5.13833e+15	2.24854e+15	1.42267e+15	2.84535e+15	4.26801e+15	5.69068e+15	7.11335e+15	8.53604e+15	9.95869e+15	1.13814e+16	1.27947e+16	2.32551e+16	3.09707e+17	4.54043e+17	4.74537	4.69002	4.69002	4.69002	4.69002	4.69002	4.69002	4.69002	4.69002	4.69002	4.69002	4.68986	4.68986	4.68986	4.68986	
20866.5	6.85808e+17	2.79488e+17	1.22305e+17	7.73833e+16	1.54767e+17	2.3215e+17	3.09533e+17	3.86916e+17	4.643e+17	5.41683e+17	6.19048e+17	6.96062e+17	7.58504e+17	3.35213e+17	8.60033e+15	6.0898e+15	5.13851e+15	2.24861e+15	1.42272e+15	2.84545e+15	4.26816e+15	5.69088e+15	7.1136e+15	8.53633e+15	9.95903e+15	1.13815e+16	1.2794e+16	2.32543e+16	3.09711e+17	4.54043e+17	4.74719	4.69005	4.69005	4.69005	4.69005	4.69005	4.69005	4.69005	4.69005	4.69005	4.69005	4.68987	4.68986	4.68986	4.68986	
21117	6.85785e+17	2.79488e+17	1.22305e+17	7.73832e+16	1.54766e+17	2.3215e+17	3.09533e+17	3.86916e+17	4.64299e+17	5.41683e+17	6.18972e+17	6.95952e+17	7.58481e+17	3.35216e+17	8.60033e+15	6.1045e+15	5.1387e+15	2.2487e+15	1.42277e+15	2.84556e+15	4.26832e+15	5.69109e+15	7.11387e+15	8.53666e+15	9.95941e+15	1.13805e+16	1.2792e+16	2.32536e+16	3.09715e+17	4.54043e+17	4.74895	4.69008	4.69008	4.69008	4.69008	4.69008	4.69008	4.69008	4.69008	4.69008	4.69007	4.68987	4.68986	4.68986	4.68986	
21370.5	6.85763e+17	2.79488e+17	1.22305e+17	7.73831e+16	1.54766e+17	2.32149e+17	3.09533e+17	3.86916e+17	4.64299e+17	5.41682e+17	6.18909e+17	6.95851e+17	7.58465e+17	3.35219e+17	8.60033e+15	6.11889e+15	5.13893e+15	2.2488e+15	1.42283e+15	2.84569e+15	4.26851e+15	5.69134e+15	7.11418e+15	8.53703e+15	9.95985e+15	1.13797e+16	1.27901e+16	2.32532e+16	3.09717e+17	4.54043e+17	4.75067	4.69011	4.69011	4.69011	4.69011	4.69011	4.69011	4.69011	4.69011	4.69011	4.6901	4.68987	4.68986	4.68986	4.68986	
21623.2	6.85741e+17	2.79488e+17	1.22304e+17	7.7383e+16	1.54766e+17	2.32149e+17	3.09532e+17	3.86915e+17	4.64298e+17	5.41681e+17	6.1886e+17	6.95753e+17	7.58494e+17	3.3522e+17	8.60033e+15	6.13273e+15	5.13918e+15	2.24891e+15	1.4229e+15	2.84582e+15	4.26871e+15	5.69162e+15	7.11453e+15	8.53744e+15	9.96033e+15	1.13793e+16	1.27883e+16	2.3254e+16	3.09718e+17	4.54043e+17	4.75233	4.69014	4.69014	4.69014	4.69014	4.69014	4.69014	4.69014	4.69014	4.69014	4.69012	4.68987	4.68986	4.68986	4.68986	
21873.7	6.85721e+17	2.79487e+17	1.22304e+17	7.73829e+16	1.54766e+17	2.32149e+17	3.09532e+17	3.86915e+17	4.64298e+17	5.41681e+17	6.18821e+17	6.95651e+17	7.58533e+17	3.35221e+17	8.60033e+15	6.14593e+15	5.13945e+15	2.24903e+15	1.42298e+15	2.84598e+15	4.26894e+15	5.69192e+15	7.11491e+15	8.5379e+15	9.96087e+15	1.1379e+16	1.27865e+16	2.32552e+16	3.09719e+17	4.54043e+17	4.7539	4.69018	4.69018	4.69018	4.69018	4.69018	4.69018	4.69018	4.69018	4.69018	4.69015	4.68987	4.68986	4.68986	4.68986	
22123.8	6.85702e+17	2.79487e+17	1.22304e+17	7.73828e+16	1.54766e+17	2.32148e+17	3.09531e+17	3.86914e+17	4.64297e+17	5.4168e+17	6.1879e+17	6.95537e+17	7.58575e+17	3.3521e+17	8.60033e+15	6.15857e+15	5.13976e+15	2.24916e+15	1.42306e+15	2.84615e+15	4.2692e+15	5.69226e+15	7.11533e+15	8.53841e+15	9.96146e+15	1.13788e+16	1.27844e+16	2.32565e+16	3.09709e+17	4.54043e+17	4.75541	4.69022	4.69022	4.69022	4.69022	4.69022	4.69022	4.69022	4.69022	4.69022	4.69018	4.68987	4.68986	4.68986	4.68986	
22376.6	6.85683e+17	2.79486e+17	1.22304e+17	7.73827e+16	1.54765e+17	2.32148e+17	3.09531e+17	3.86913e+17	4.64296e+17	5.41679e+17	6.18765e+17	6.95402e+17	7.586e+17	3.35205e+17	8.60033e+15	6.17082e+15	5.1401e+15	2.24931e+15	1.42316e+15	2.84634e+15	4.26948e+15	5.69265e+15	7.11581e+15	8.53898e+15	9.96213e+15	1.13788e+16	1.27819e+16	2.32573e+16	3.09704e+17	4.54043e+17	4.75687	4.69027	4.69027	4.69027	4.69027	4.69027	4.69027	4.69027	4.69027	4.69027	4.6902	4.68987	4.68986	4.68986	4.68986	
22627.3	6.85665e+17	2.79486e+17	1.22304e+17	7.73826e+16	1.54765e+17	2.32148e+17	3.0953e+17	3.86913e+17	4.64295e+17	5.41678e+17	6.18745e+17	6.95251e+17	7.58605e+17	3.35205e+17	8.60033e+15	6.18241e+15	5.14048e+15	2.24948e+15	1.42326e+15	2.84655e+15	4.2698e+15	5.69306e+15	7.11633e+15	8.53961e+15	9.96286e+15	1.13789e+16	1.27791e+16	2.32574e+16	3.09704e+17	4.54043e+17	4.75825	4.69032	4.69032	4.69032	4.69032	4.69032	4.69032	4.69032	4.69032	4.69032	4.69023	4.68987	4.68986	4.68986	4.68986	
22877.6	6.85648e+17	2.79485e+17	1.22303e+17	7.73824e+16	1.54765e+17	2.32147e+17	3.0953e+17	3.86912e+17	4.64294e+17	5.41641e+17	6.18687e+17	6.95092e+17	7.58595e+17	3.35205e+17	8.60033e+15	6.19343e+15	5.1409e+15	2.24966e+15	1.42338e+15	2.84678e+15	4.27014e+15	5.69352e+15	7.11691e+15	8.5403e+15	9.96298e+15	1.13783e+16	1.27762e+16	2.32571e+16	3.09704e+17	4.54043e+17	4.75956	4.69038	4.69038	4.69038	4.69038	4.69038	4.69038	4.69038	4.69038	4.69038	4.69026	4.68987	4.68986	4.68986	4.68986	
23129.3	6.85632e+17	2.79485e+17	1.22303e+17	7.73822e+16	1.54764e+17	2.32147e+17	3.09529e+17	3.86911e+17	4.64293e+17	5.41599e+17	6.18625e+17	6.94945e+17	7.58581e+17	3.35205e+17	8.60033e+15	6.20396e+15	5.14136e+15	2.24986e+15	1.42351e+15	2.84703e+15	4.27052e+15	5.69403e+15	7.11754e+15	8.54106e+15	9.96306e+15	1.13776e+16	1.27735e+16	2.32567e+16	3.09704e+17	4.54043e+17	4.76082	4.69044	4.69044	4.69044	4.69044	4.69044	4.69044	4.69044	4.69044	4.69043	4.69028	4.68987	4.68986	4.68986	4.68986	
23380.5	6.85617e+17	2.79484e+17	1.22303e+17	7.7382e+16	1.54764e+17	2.32146e+17	3.09528e+17	3.8691e+17	4.64292e+17	5.41569e+17	6.18579e+17	6.94817e+17	7.58568e+17	3.35205e+17	8.60033e+15	6.21392e+15	5.14186e+15	2.25008e+15	1.42365e+15	2.84731e+15	4.27094e+15	5.69459e+15	7.11824e+15	8.5419e+15	9.96337e+15	1.13771e+16	1.27711e+16	2.32563e+16	3.09704e+17	4.54043e+17	4.762	4.69051	4.69051	4.69051	4.69051	4.69051	4.69051	4.69051	4.69051	4.69049	4.69031	4.68987	4.68986	4.68986	4.68986	
23631.2	6.85602e+17	2.79483e+17	1.22303e+17	7.73818e+16	1.54764e+17	2.32145e+17	3.09527e+17	3.86909e+17	4.64291e+17	5.41547e+17	6.18543e+17	6.94712e+17	7.58558e+17	3.35205e+17	8.60033e+15	6.22332e+15	5.14242e+15	2.25032e+15	1.4238e+15	2.84762e+15	4.2714e+15	5.69521e+15	7.11901e+15	8.54282e+15	9.96385e+15	1.13768e+16	1.27692e+16	2.3256e+16	3.09704e+17	4.54043e+17	4.76313	4.69059	4.69059	4.69059	4.69059	4.69059	4.69059	4.69059	4.69059	4.69056	4.69033	4.68987	4.68986	4.68986	4.68986	
23881.4	6.85589e+17	2.79482e+17	1.22302e+17	7.73816e+16	1.54763e+17	2.32145e+17	3.09526e+17	3.86908e+17	4.64289e+17	5.4153e+17	6.18514e+17	6.94631e+17	7.58551e+17	3.35205e+17	8.60033e+15	6.23218e+15	5.14302e+15	2.25059e+15	1.42397e+15	2.84795e+15	4.2719e+15	5.69587e+15	7.11984e+15	8.54382e+15	9.96448e+15	1.13766e+16	1.27677e+16	2.32558e+16	3.09704e+17	4.54043e+17	4.76418	4.69067	4.69067	4.69067	4.69067	4.69067	4.69067	4.69067	4.69067	4.69062	4.69035	4.68987	4.68986	4.68986	4.68986	
24131.5	6.85576e+17	2.79481e+17	1.22302e+17	7.73813e+16	1.54763e+17	2.32144e+17	3.09525e+17	3.86907e+17	4.64288e+17	5.41517e+17	6.18491e+17	6.94573e+17	7.58546e+17	3.35205e+17	8.60033e+15	6.24052e+15	5.14368e+15	2.25088e+15	1.42415e+15	2.84831e+15	4.27245e+15	5.6966e+15	7.12075e+15	8.54492e+15	9.96521e+15	1.13765e+16	1.27666e+16	2.32556e+16	3.09704e+17	4.54043e+17	4.76518	4.69076	4.69076	4.69076	4.69076	4.69076	4.69076	4.69076	4.69076	4.69069	4.69037	4.68987	4.68986	4.68986	4.68986	
24382.1	6.85564e+17	2.7948e+17	1.22301e+17	7.7381e+16	1.54762e+17	2.32143e+17	3.09524e+17	3.86905e+17	4.64286e+17	5.41506e+17	6.18473e+17	6.94535e+17	7.58542e+17	3.35205e+17	8.60033e+15	6.24836e+15	5.14439e+15	2.25119e+15	1.42435e+15	2.84871e+15	4.27305e+15	5.6974e+15	7.12175e+15	8.54611e+15	9.96605e+15	1.13764e+16	1.27659e+16	2.32555e+16	3.09704e+17	4.54043e+17	4.76612	4.69086	4.69086	4.69086	4.69086	4.69086	4.69086	4.69086	4.69086	4.69076	4.69038	4.68986	4.68986	4.68986	4.68986	
24632.8	6.85553e+17	2.79479e+17	1.22301e+17	7.73807e+16	1.54761e+17	2.32142e+17	3.09523e+17	3.86904e+17	4.64284e+17	5.41498e+17	6.18458e+17	6.94515e+17	7.5854e+17	3.35205e+17	8.60033e+15	6.25572e+15	5.14517e+15	2.25153e+15	1.42456e+15	2.84914e+15	4.27369e+15	5.69826e+15	7.12283e+15	8.5474e+15	9.96698e+15	1.13764e+16	1.27655e+16	2.32555e+16	3.09704e+17	4.54043e+17	4.76701	4.69097	4.69097	4.69097	4.69097	4.69097	4.69097	4.69097	4.69097	4.69083	4.6904	4.68986	4.68986	4.68986	4.68986	
24883.8	6.85543e+17	2.79478e+17	1.223e+17	7.73804e+16	1.54761e+17	2.32141e+17	3.09521e+17	3.86902e+17	4.64282e+17	5.41491e+17	6.18446e+17	6.94511e+17	7.5854e+17	3.35205e+17	8.60033e+15	6.26261e+15	5.14602e+15	2.2519e+15	1.4248e+15	2.84961e+15	4.2744e+15	5.6992e+15	7.124e+15	8.54881e+15	9.96799e+15	1.13765e+16	1.27655e+16	2.32554e+16	3.09704e+17	4.54043e+17	4.76784	4.69108	4.69108	4.69108	4.69108	4.69108	4.69108	4.69108	4.69108	4.69091	4.69042	4.68986	4.68986	4.68986	4.68986	
25134.8	6.85534e+17	2.79477e+17	1.223e+17	7.738e+16	1.5476e+17	2.3214e+17	3.0952e+17	3.869e+17	4.6428e+17	5.41484e+17	6.18435e+17	6.94521e+17	7.58523e+17	3.35205e+17	8.60032e+15	6.26905e+15	5.14694e+15	2.2523e+15	1.42505e+15	2.85012e+15	4.27516e+15	5.70021e+15	7.12527e+15	8.55033e+15	9.96908e+15	1.13766e+16	1.27657e+16	2.32549e+16	3.09704e+17	4.54043e+17	4.76862	4.69121	4.69121	4.69121	4.69121	4.69121	4.69121	4.69121	4.69121	4.691	4.69043	4.68986	4.68986	4.68986	4.68986	
25387	6.85525e+17	2.79475e+17	1.22299e+17	7.73796e+16	1.54759e+17	2.32139e+17	3.09518e+17	3.86898e+17	4.64277e+17	5.41478e+17	6.18426e+17	6.94539e+17	7.58521e+17	3.35205e+17	8.60032e+15	6.27507e+15	5.14793e+15	2.25274e+15	1.42533e+15	2.85067e+15	4.27598e+15	5.70132e+15	7.12665e+15	8.55199e+15	9.97025e+15	1.13766e+16	1.2766e+16	2.32549e+16	3.09704e+17	4.54043e+17	4.76936	4.69135	4.69135	4.69135	4.69135	4.69135	4.69135	4.69135	4.69135	4.69109	4.69045	4.68986	4.68986	4.68986	4.68986	
25639.7	6.85516e+17	2.79473e+17	1.22298e+17	7.73791e+16	1.54758e+17	2.32137e+17	3.09517e+17	3.86896e+17	4.64275e+17	5.41474e+17	6.18421e+17	6.9458e+17	7.58521e+17	3.35205e+17	8.60032e+15	6.28068e+15	5.14901e+15	2.25321e+15	1.42562e+15	2.85127e+15	4.27688e+15	5.70251e+15	7.12813e+15	8.55377e+15	9.97153e+15	1.13768e+16	1.27667e+16	2.32549e+16	3.09704e+17	4.54043e+17	4.77005	4.69149	4.69149	4.69149	4.69149	4.69149	4.69149	4.69149	4.69149	4.69118	4.69046	4.68986	4.68986	4.68986	4.68986	
25889.9	6.85508e+17	2.79472e+17	1.22298e+17	7.73787e+16	1.54757e+17	2.32136e+17	3.09515e+17	3.86893e+17	4.64272e+17	5.41481e+17	6.18442e+17	6.94716e+17	7.58521e+17	3.35205e+17	8.60032e+15	6.28582e+15	5.15015e+15	2.25371e+15	1.42594e+15	2.8519e+15	4.27783e+15	5.70377e+15	7.12972e+15	8.55567e+15	9.97309e+15	1.13775e+16	1.27692e+16	2.32549e+16	3.09704e+17	4.54043e+17	4.77069	4.69165	4.69165	4.69165	4.69165	4.69165	4.69165	4.69165	4.69165	4.69128	4.69048	4.68986	4.68986	4.68986	4.68986	
26142.3	6.85501e+17	2.7947e+17	1.22297e+17	7.73781e+16	1.54756e+17	2.32134e+17	3.09513e+17	3.86891e+17	4.64269e+17	5.41498e+17	6.18481e+17	6.94892e+17	7.58521e+17	3.35205e+17	8.60032e+15	6.29063e+15	5.15139e+15	2.25425e+15	1.42628e+15	2.85259e+15	4.27886e+15	5.70515e+15	7.13143e+15	8.55773e+15	9.97495e+15	1.13785e+16	1.27725e+16	2.32549e+16	3.09704e+17	4.54043e+17	4.77129	4.69182	4.69182	4.69182	4.69182	4.69182	4.69182	4.69182	4.69182	4.69139	4.6905	4.68986	4.68986	4.68986	4.68986	
26394.5	6.85495e+17	2.79468e+17	1.22296e+17	7.73776e+16	1.54755e+17	2.32133e+17	3.0951e+17	3.86888e+17	4.64265e+17	5.41521e+17	6.18528e+17	6.95064e+17	7.58521e+17	3.35205e+17	8.60032e+15	6.29507e+15	5.15272e+15	2.25483e+15	1.42665e+15	2.85332e+15	4.27996e+15	5.70662e+15	7.13327e+15	8.55994e+15	9.9771e+15	1.13798e+16	1.27756e+16	2.32549e+16	3.09704e+17	4.54043e+17	4.77185	4.692	4.692	4.692	4.692	4.692	4.692	4.692	4.692	4.6915	4.69052	4.68986	4.68986	4.68986	4.68986	
26647.7	6.85488e+17	2.79466e+17	1.22295e+17	7.7377e+16	1.54754e+17	2.32131e+17	3.09508e+17	3.86885e+17	4.64262e+17	5.4155e+17	6.1858e+17	6.95216e+17	7.58521e+17	3.35205e+17	8.60032e+15	6.29918e+15	5.15415e+15	2.25546e+15	1.42705e+15	2.85411e+15	4.28115e+15	5.7082e+15	7.13525e+15	8.56231e+15	9.97958e+15	1.13812e+16	1.27784e+16	2.32549e+16	3.09704e+17	4.54043e+17	4.77238	4.6922	4.6922	4.6922	4.6922	4.6922	4.6922	4.6922	4.6922	4.69164	4.69055	4.68986	4.68986	4.68986	4.68986	
26898.6	6.85483e+17	2.79463e+17	1.22294e+17	7.73763e+16	1.54753e+17	2.32129e+17	3.09505e+17	3.86882e+17	4.64258e+17	5.41585e+17	6.18636e+17	6.95343e+17	7.58522e+17	3.35205e+17	8.60032e+15	6.30293e+15	5.15566e+15	2.25612e+15	1.42747e+15	2.85495e+15	4.2824e+15	5.70987e+15	7.13734e+15	8.56482e+15	9.98238e+15	1.13828e+16	1.27807e+16	2.32549e+16	3.09704e+17	4.54043e+17	4.77286	4.69241	4.69241	4.69241	4.69241	4.69241	4.69241	4.69241	4.69241	4.69179	4.69059	4.68986	4.68986	4.68986	4.68986	
27150.5	6.85478e+17	2.79461e+17	1.22293e+17	7.73756e+16	1.54751e+17	2.32127e+17	3.09502e+17	3.86878e+17	4.64254e+17	5.41626e+17	6.18697e+17	6.95446e+17	7.58522e+17	3.35205e+17	8.60032e+15	6.30639e+15	5.15727e+15	2.25683e+15	1.42791e+15	2.85584e+15	4.28374e+15	5.71166e+15	7.13958e+15	8.5675e+15	9.98559e+15	1.13847e+16	1.27826e+16	2.32549e+16	3.09704e+17	4.54043e+17	4.77331	4.69263	4.69263	4.69263	4.69263	4.69263	4.69263	4.69263	4.69263	4.69196	4.69063	4.68986	4.68986	4.68986	4.68986	
27402.2	6.85473e+17	2.79458e+17	1.22292e+17	7.73749e+16	1.5475e+17	2.32125e+17	3.095e+17	3.86874e+17	4.64249e+17	5.41637e+17	6.18726e+17	6.95531e+17	7.58519e+17	3.35205e+17	8.60032e+15	6.30957e+15	5.15899e+15	2.25758e+15	1.42839e+15	2.8568e+15	4.28517e+15	5.71357e+15	7.14196e+15	8.57036e+15	9.98855e+15	1.13861e+16	1.27842e+16	2.32548e+16	3.09704e+17	4.54043e+17	4.77373	4.69287	4.69287	4.69287	4.69287	4.69287	4.69287	4.69287	4.69287	4.69215	4.69068	4.68986	4.68986	4.68986	4.68986	
27653.7	6.85469e+17	2.79455e+17	1.2229e+17	7.73741e+16	1.54748e+17	2.32122e+17	3.09496e+17	3.8687e+17	4.64245e+17	5.41633e+17	6.1874e+17	6.9557e+17	7.58514e+17	3.35205e+17	8.60032e+15	6.31247e+15	5.16082e+15	2.25838e+15	1.4289e+15	2.85781e+15	4.28669e+15	5.71559e+15	7.14449e+15	8.57339e+15	9.99144e+15	1.13872e+16	1.27849e+16	2.32546e+16	3.09704e+17	4.54043e+17	4.77412	4.69312	4.69312	4.69312	4.69312	4.69312	4.69312	4.69312	4.69312	4.69235	4.69074	4.68986	4.68986	4.68986	4.68986	
27904.7	6.85465e+17	2.79452e+17	1.22289e+17	7.73733e+16	1.54747e+17	2.3212e+17	3.09493e+17	3.86866e+17	4.6424e+17	5.41629e+17	6.18755e+17	6.95601e+17	7.58507e+17	3.35205e+17	8.60032e+15	6.31512e+15	5.16275e+15	2.25922e+15	1.42943e+15	2.85888e+15	4.28829e+15	5.71773e+15	7.14716e+15	8.5766e+15	9.9945e+15	1.13885e+16	1.27855e+16	2.32544e+16	3.09704e+17	4.54043e+17	4.77446	4.69338	4.69338	4.69338	4.69338	4.69338	4.69338	4.69338	4.69338	4.69257	4.6908	4.68986	4.68986	4.68986	4.68986	
28157.8	6.85461e+17	2.79449e+17	1.22288e+17	7.73724e+16	1.54745e+17	2.32117e+17	3.0949e+17	3.86862e+17	4.64234e+17	5.41624e+17	6.18773e+17	6.95628e+17	7.58501e+17	3.35205e+17	8.60032e+15	6.31756e+15	5.16481e+15	2.26013e+15	1.43e+15	2.86002e+15	4.29001e+15	5.72001e+15	7.15002e+15	8.58003e+15	9.9978e+15	1.139e+16	1.2786e+16	2.32542e+16	3.09704e+17	4.54043e+17	4.77477	4.69366	4.69366	4.69366	4.69366	4.69366	4.69366	4.69366	4.69366	4.6928	4.69087	4.68986	4.68986	4.68986	4.68986	
28410	6.85458e+17	2.79446e+17	1.22286e+17	7.73714e+16	1.54743e+17	2.32114e+17	3.09486e+17	3.86857e+17	4.64229e+17	5.41619e+17	6.18793e+17	6.95654e+17	7.58495e+17	3.35205e+17	8.60032e+15	6.31977e+15	5.16699e+15	2.26108e+15	1.4306e+15	2.86122e+15	4.29181e+15	5.72242e+15	7.15303e+15	8.58364e+15	1.00013e+16	1.13915e+16	1.27865e+16	2.3254e+16	3.09704e+17	4.54043e+17	4.77504	4.69396	4.69396	4.69396	4.69396	4.69396	4.69396	4.69396	4.69396	4.69305	4.69094	4.68986	4.68986	4.68986	4.68986	
28661.6	6.85455e+17	2.79442e+17	1.22285e+17	7.73705e+16	1.54741e+17	2.32111e+17	3.09482e+17	3.86852e+17	4.64223e+17	5.41613e+17	6.18816e+17	6.95681e+17	7.58489e+17	3.35205e+17	8.60032e+15	6.32179e+15	5.16928e+15	2.26208e+15	1.43124e+15	2.86249e+15	4.29372e+15	5.72496e+15	7.1562e+15	8.58745e+15	1.0005e+16	1.13933e+16	1.27869e+16	2.32539e+16	3.09704e+17	4.54043e+17	4.77526	4.69428	4.69428	4.69428	4.69428	4.69428	4.69428	4.69428	4.69428	4.69331	4.69102	4.68986	4.68986	4.68986	4.68986	
28912.3	6.85453e+17	2.79438e+17	1.22283e+17	7.73694e+16	1.54739e+17	2.32108e+17	3.09478e+17	3.86847e+17	4.64216e+17	5.41607e+17	6.18841e+17	6.95709e+17	7.58485e+17	3.35205e+17	8.60032e+15	6.32361e+15	5.17168e+15	2.26313e+15	1.4319e+15	2.86382e+15	4.29571e+15	5.72762e+15	7.15953e+15	8.59144e+15	1.00089e+16	1.13952e+16	1.27875e+16	2.32538e+16	3.09704e+17	4.54043e+17	4.77541	4.69461	4.69461	4.69461	4.69461	4.69461	4.69461	4.69461	4.69461	4.69358	4.69111	4.68986	4.68986	4.68986	4.68986	
29163.9	6.8545e+17	2.79434e+17	1.22281e+17	7.73683e+16	1.54737e+17	2.32105e+17	3.09473e+17	3.86842e+17	4.6421e+17	5.41601e+17	6.18868e+17	6.95742e+17	7.57229e+17	3.35205e+17	8.60032e+15	6.32527e+15	5.17422e+15	2.26424e+15	1.43261e+15	2.86523e+15	4.29782e+15	5.73043e+15	7.16304e+15	8.59566e+15	1.0013e+16	1.13973e+16	1.27881e+16	2.32153e+16	3.09704e+17	4.54043e+17	4.7755	4.69495	4.69495	4.69495	4.69495	4.69495	4.69495	4.69495	4.69495	4.69388	4.69121	4.68986	4.68986	4.68986	4.68986	
29414.9	6.85448e+17	2.7943e+17	1.22279e+17	7.73672e+16	1.54734e+17	2.32102e+17	3.09469e+17	3.86836e+17	4.64203e+17	5.41594e+17	6.189e+17	6.95779e+17	7.58543e+17	3.35205e+17	8.60032e+15	6.32676e+15	5.17688e+15	2.26541e+15	1.43334e+15	2.8667e+15	4.30003e+15	5.73338e+15	7.16672e+15	8.60008e+15	1.00174e+16	1.13997e+16	1.27888e+16	2.32555e+16	3.09704e+17	4.54043e+17	4.77549	4.69532	4.69532	4.69532	4.69532	4.69532	4.69532	4.69532	4.69532	4.69419	4.69132	4.68986	4.68986	4.68986	4.68986	
29667.1	6.85446e+17	2.79426e+17	1.22277e+17	7.7366e+16	1.54732e+17	2.32098e+17	3.09464e+17	3.8683e+17	4.64196e+17	5.41587e+17	6.18933e+17	6.95821e+17	7.58536e+17	3.35205e+17	8.60032e+15	6.32813e+15	5.17969e+15	2.26664e+15	1.43412e+15	2.86825e+15	4.30236e+15	5.73648e+15	7.17061e+15	8.60474e+15	1.0022e+16	1.14024e+16	1.27895e+16	2.32553e+16	3.09704e+17	4.54043e+17	4.77538	4.6957	4.6957	4.6957	4.6957	4.6957	4.6957	4.6957	4.6957	4.69451	4.69144	4.68986	4.68986	4.68986	4.68986	
29917.3	6.85444e+17	2.79421e+17	1.22275e+17	7.73647e+16	1.54729e+17	2.32094e+17	3.09459e+17	3.86823e+17	4.64188e+17	5.4158e+17	6.18966e+17	6.95866e+17	7.58531e+17	3.35205e+17	8.60032e+15	6.32935e+15	5.1826e+15	2.26791e+15	1.43493e+15	2.86987e+15	4.30478e+15	5.73971e+15	7.17464e+15	8.60958e+15	1.00268e+16	1.14053e+16	1.27904e+16	2.32552e+16	3.09704e+17	4.54043e+17	4.77514	4.6961	4.6961	4.6961	4.6961	4.6961	4.6961	4.6961	4.6961	4.69485	4.69158	4.68986	4.68986	4.68986	4.68986	
30169.4	6.85443e+17	2.79416e+17	1.22273e+17	7.73634e+16	1.54727e+17	2.3209e+17	3.09453e+17	3.86817e+17	4.6418e+17	5.41572e+17	6.19e+17	6.95915e+17	7.58527e+17	3.35205e+17	8.60032e+15	6.33046e+15	5.18567e+15	2.26926e+15	1.43578e+15	2.87157e+15	4.30734e+15	5.74312e+15	7.1789e+15	8.61469e+15	1.00319e+16	1.14085e+16	1.27913e+16	2.3255e+16	3.09704e+17	4.54043e+17	4.77474	4.69652	4.69652	4.69652	4.69652	4.69652	4.69652	4.69652	4.69652	4.69521	4.69173	4.68986	4.68986	4.68986	4.68986	
30419.7	6.85442e+17	2.79411e+17	1.22271e+17	7.7362e+16	1.54724e+17	2.32086e+17	3.09448e+17	3.8681e+17	4.64172e+17	5.41564e+17	6.19014e+17	6.95951e+17	7.58525e+17	3.35205e+17	8.60032e+15	6.33145e+15	5.18886e+15	2.27065e+15	1.43666e+15	2.87333e+15	4.30998e+15	5.74664e+15	7.18331e+15	8.61998e+15	1.00372e+16	1.14116e+16	1.27919e+16	2.3255e+16	3.09704e+17	4.54043e+17	4.77414	4.69696	4.69696	4.69696	4.69696	4.69696	4.69696	4.69696	4.69696	4.69559	4.6919	4.68986	4.68986	4.68986	4.68986	
30671	6.8544e+17	2.79406e+17	1.22269e+17	7.73605e+16	1.54721e+17	2.32082e+17	3.09442e+17	3.86803e+17	4.64163e+17	5.41555e+17	6.19011e+17	6.95974e+17	7.58525e+17	3.35202e+17	8.60032e+15	6.33234e+15	5.1922e+15	2.27211e+15	1.43758e+15	2.87518e+15	4.31275e+15	5.75034e+15	7.18793e+15	8.62552e+15	1.00428e+16	1.14146e+16	1.27924e+16	2.3255e+16	3.09702e+17	4.54043e+17	4.7733	4.69741	4.69741	4.69741	4.69741	4.69741	4.69741	4.69741	4.69741	4.69599	4.69209	4.68986	4.68986	4.68986	4.68986	
30924	6.85439e+17	2.79401e+17	1.22266e+17	7.7359e+16	1.54718e+17	2.32077e+17	3.09436e+17	3.86795e+17	4.64154e+17	5.41546e+17	6.19007e+17	6.95996e+17	7.58526e+17	3.352e+17	8.60032e+15	6.33315e+15	5.1957e+15	2.27364e+15	1.43855e+15	2.87712e+15	4.31566e+15	5.75422e+15	7.19277e+15	8.63133e+15	1.00487e+16	1.14179e+16	1.27928e+16	2.3255e+16	3.09699e+17	4.54043e+17	4.77217	4.69789	4.69789	4.69789	4.69789	4.69789	4.69789	4.69789	4.69789	4.6964	4.69229	4.68987	4.68986	4.68986	4.68986	
31174.4	6.85438e+17	2.79395e+17	1.22264e+17	7.73574e+16	1.54715e+17	2.32072e+17	3.0943e+17	3.86787e+17	4.64145e+17	5.41536e+17	6.19003e+17	6.96017e+17	7.58529e+17	3.35197e+17	8.60032e+15	6.33386e+15	5.1993e+15	2.27522e+15	1.43955e+15	2.87911e+15	4.31865e+15	5.75821e+15	7.19776e+15	8.63732e+15	1.00548e+16	1.14213e+16	1.27932e+16	2.32551e+16	3.09697e+17	4.54043e+17	4.77071	4.69839	4.69839	4.69839	4.69839	4.69839	4.69839	4.69839	4.69839	4.69683	4.6925	4.68987	4.68986	4.68986	4.68986	
31425.3	6.85438e+17	2.79389e+17	1.22261e+17	7.73558e+16	1.54712e+17	2.32067e+17	3.09423e+17	3.86779e+17	4.64135e+17	5.41526e+17	6.18998e+17	6.96038e+17	7.58534e+17	3.35195e+17	8.60032e+15	6.3345e+15	5.20305e+15	2.27686e+15	1.44059e+15	2.88119e+15	4.32177e+15	5.76236e+15	7.20295e+15	8.64355e+15	1.00612e+16	1.1425e+16	1.27936e+16	2.32552e+16	3.09695e+17	4.54043e+17	4.76886	4.6989	4.6989	4.6989	4.6989	4.6989	4.6989	4.6989	4.6989	4.69728	4.69273	4.68987	4.68986	4.68986	4.68986	
31678	6.85437e+17	2.79383e+17	1.22259e+17	7.73541e+16	1.54708e+17	2.32062e+17	3.09416e+17	3.86771e+17	4.64125e+17	5.41516e+17	6.18992e+17	6.96058e+17	7.58541e+17	3.35193e+17	8.60032e+15	6.33507e+15	5.20697e+15	2.27858e+15	1.44167e+15	2.88336e+15	4.32503e+15	5.7667e+15	7.20838e+15	8.65007e+15	1.00679e+16	1.14289e+16	1.2794e+16	2.32555e+16	3.09693e+17	4.54043e+17	4.76652	4.69943	4.69943	4.69943	4.69943	4.69943	4.69943	4.69943	4.69943	4.69776	4.69297	4.68987	4.68986	4.68986	4.68986	
31928.3	6.85436e+17	2.79377e+17	1.22256e+17	7.73524e+16	1.54705e+17	2.32057e+17	3.09409e+17	3.86762e+17	4.64114e+17	5.41505e+17	6.18987e+17	6.96079e+17	7.58549e+17	3.35191e+17	8.60032e+15	6.33557e+15	5.211e+15	2.28034e+15	1.44279e+15	2.88559e+15	4.32837e+15	5.77116e+15	7.21395e+15	8.65675e+15	1.00748e+16	1.14331e+16	1.27943e+16	2.32557e+16	3.09691e+17	4.54043e+17	4.76366	4.69998	4.69998	4.69998	4.69998	4.69998	4.69998	4.69998	4.69998	4.69824	4.69322	4.68987	4.68986	4.68986	4.68986	
32180.1	6.85436e+17	2.7937e+17	1.22253e+17	7.73505e+16	1.54701e+17	2.32052e+17	3.09402e+17	3.86753e+17	4.64103e+17	5.41494e+17	6.1898e+17	6.96099e+17	7.5856e+17	3.3519e+17	8.60032e+15	6.33602e+15	5.21518e+15	2.28217e+15	1.44395e+15	2.88791e+15	4.33185e+15	5.7758e+15	7.21975e+15	8.66371e+15	1.0082e+16	1.14375e+16	1.27947e+16	2.32561e+16	3.0969e+17	4.54043e+17	4.76018	4.70056	4.70056	4.70056	4.70056	4.70056	4.70056	4.70056	4.70056	4.69875	4.6935	4.68987	4.68986	4.68986	4.68986	
32432.1	6.85435e+17	2.79363e+17	1.2225e+17	7.73487e+16	1.54697e+17	2.32046e+17	3.09395e+17	3.86743e+17	4.64092e+17	5.41482e+17	6.18974e+17	6.96118e+17	7.58572e+17	3.35189e+17	8.60032e+15	6.33641e+15	5.21952e+15	2.28407e+15	1.44515e+15	2.89031e+15	4.33545e+15	5.7806e+15	7.22575e+15	8.67091e+15	1.00895e+16	1.14421e+16	1.27951e+16	2.32564e+16	3.0969e+17	4.54043e+17	4.75598	4.70115	4.70115	4.70115	4.70115	4.70115	4.70115	4.70115	4.70115	4.69928	4.69378	4.68987	4.68986	4.68986	4.68986	
32685.1	6.85435e+17	2.79356e+17	1.22247e+17	7.73467e+16	1.54693e+17	2.3204e+17	3.09387e+17	3.86733e+17	4.6408e+17	5.4147e+17	6.18966e+17	6.96138e+17	7.58586e+17	3.35189e+17	8.60032e+15	6.33674e+15	5.22401e+15	2.28603e+15	1.44639e+15	2.8928e+15	4.33918e+15	5.78557e+15	7.23197e+15	8.67837e+15	1.00973e+16	1.14471e+16	1.27955e+16	2.32569e+16	3.09689e+17	4.54043e+17	4.75097	4.70176	4.70176	4.70176	4.70176	4.70176	4.70176	4.70176	4.70176	4.69983	4.69409	4.68987	4.68986	4.68986	4.68986	
32935.2	6.85435e+17	2.79349e+17	1.22244e+17	7.73447e+16	1.54689e+17	2.32034e+17	3.09379e+17	3.86724e+17	4.64068e+17	5.41457e+17	6.18959e+17	6.96157e+17	7.58602e+17	3.35189e+17	8.60032e+15	6.33703e+15	5.22859e+15	2.28804e+15	1.44766e+15	2.89533e+15	4.34298e+15	5.79065e+15	7.23831e+15	8.68598e+15	1.01053e+16	1.14522e+16	1.27959e+16	2.32573e+16	3.09689e+17	4.54043e+17	4.74513	4.70238	4.70238	4.70238	4.70238	4.70238	4.70238	4.70238	4.70238	4.70039	4.69441	4.68987	4.68986	4.68986	4.68986	
33186.5	6.85435e+17	2.79342e+17	1.22241e+17	7.73426e+16	1.54685e+17	2.32028e+17	3.09371e+17	3.86713e+17	4.64056e+17	5.41444e+17	6.18951e+17	6.96176e+17	7.58618e+17	3.35189e+17	8.60032e+15	6.33727e+15	5.23333e+15	2.29011e+15	1.44897e+15	2.89796e+15	4.34692e+15	5.79589e+15	7.24487e+15	8.69385e+15	1.01136e+16	1.14577e+16	1.27963e+16	2.32578e+16	3.09689e+17	4.54043e+17	4.73829	4.70303	4.70303	4.70303	4.70303	4.70303	4.70303	4.70303	4.70303	4.70098	4.69474	4.68987	4.68986	4.68986	4.68986	
33438.1	6.85435e+17	2.79334e+17	1.22237e+17	7.73405e+16	1.54681e+17	2.32022e+17	3.09362e+17	3.86703e+17	4.64043e+17	5.41431e+17	6.18942e+17	6.96194e+17	7.58636e+17	3.35189e+17	8.60032e+15	6.33747e+15	5.23821e+15	2.29225e+15	1.45032e+15	2.90066e+15	4.35097e+15	5.8013e+15	7.25163e+15	8.70196e+15	1.01222e+16	1.14635e+16	1.27966e+16	2.32584e+16	3.09689e+17	4.54043e+17	4.73035	4.7037	4.7037	4.7037	4.7037	4.7037	4.7037	4.7037	4.7037	4.70158	4.6951	4.68987	4.68986	4.68986	4.68986	
33690.7	6.85434e+17	2.79326e+17	1.22234e+17	7.73383e+16	1.54677e+17	2.32015e+17	3.09353e+17	3.86692e+17	4.6403e+17	5.41417e+17	6.18933e+17	6.96212e+17	7.58655e+17	3.35189e+17	8.60032e+15	6.33764e+15	5.24325e+15	2.29445e+15	1.45172e+15	2.90345e+15	4.35516e+15	5.80688e+15	7.2586e+15	8.71033e+15	1.01311e+16	1.14695e+16	1.2797e+16	2.3259e+16	3.0969e+17	4.54043e+17	4.7212	4.70438	4.70438	4.70438	4.70438	4.70438	4.70438	4.70438	4.70438	4.70221	4.69547	4.68987	4.68986	4.68986	4.68986	
33941.3	6.85434e+17	2.79318e+17	1.2223e+17	7.73361e+16	1.54672e+17	2.32008e+17	3.09344e+17	3.8668e+17	4.64016e+17	5.41403e+17	6.18923e+17	6.9623e+17	7.58674e+17	3.3519e+17	8.60032e+15	6.33776e+15	5.24837e+15	2.29669e+15	1.45314e+15	2.90629e+15	4.35942e+15	5.81256e+15	7.2657e+15	8.71884e+15	1.01402e+16	1.14758e+16	1.27974e+16	2.32595e+16	3.0969e+17	4.54043e+17	4.71085	4.70508	4.70508	4.70508	4.70508	4.70508	4.70508	4.70508	4.70508	4.70285	4.69586	4.68987	4.68986	4.68986	4.68986	
34191.6	6.85435e+17	2.7931e+17	1.22227e+17	7.73338e+16	1.54668e+17	2.32001e+17	3.09335e+17	3.86669e+17	4.64003e+17	5.41388e+17	6.18913e+17	6.96247e+17	7.58694e+17	3.35191e+17	8.60032e+15	6.33784e+15	5.25362e+15	2.29899e+15	1.45459e+15	2.9092e+15	4.36378e+15	5.81837e+15	7.27297e+15	8.72757e+15	1.01495e+16	1.14824e+16	1.27978e+16	2.32601e+16	3.09691e+17	4.54043e+17	4.69915	4.70579	4.70579	4.70579	4.70579	4.70579	4.70579	4.70579	4.70579	4.7035	4.69627	4.68987	4.68986	4.68986	4.68986	
34442.7	6.85435e+17	2.79301e+17	1.22223e+17	7.73314e+16	1.54663e+17	2.31994e+17	3.09326e+17	3.86657e+17	4.63989e+17	5.41373e+17	6.18902e+17	6.96263e+17	7.58713e+17	3.35191e+17	8.60032e+15	6.33789e+15	5.25902e+15	2.30135e+15	1.45609e+15	2.91218e+15	4.36826e+15	5.82435e+15	7.28043e+15	8.73653e+15	1.01592e+16	1.14893e+16	1.27981e+16	2.32608e+16	3.09692e+17	4.54043e+17	4.68595	4.70653	4.70653	4.70653	4.70653	4.70653	4.70653	4.70653	4.70653	4.70418	4.69669	4.68987	4.68986	4.68986	4.68986	
34694.8	6.85435e+17	2.79292e+17	1.22219e+17	7.7329e+16	1.54658e+17	2.31987e+17	3.09316e+17	3.86645e+17	4.63974e+17	5.41357e+17	6.18891e+17	6.96279e+17	7.58733e+17	3.35192e+17	8.60032e+15	6.33791e+15	5.26456e+15	2.30378e+15	1.45762e+15	2.91525e+15	4.37286e+15	5.83048e+15	7.2881e+15	8.74573e+15	1.01691e+16	1.14966e+16	1.27985e+16	2.32614e+16	3.09692e+17	4.54043e+17	4.67115	4.70728	4.70728	4.70728	4.70728	4.70728	4.70728	4.70728	4.70728	4.70488	4.69714	4.68987	4.68986	4.68986	4.68986	
34946.7	6.85435e+17	2.79284e+17	1.22215e+17	7.73266e+16	1.54653e+17	2.3198e+17	3.09306e+17	3.86633e+17	4.63959e+17	5.41341e+17	6.18879e+17	6.96293e+17	7.58753e+17	3.35193e+17	8.60032e+15	6.33789e+15	5.27021e+15	2.30625e+15	1.45918e+15	2.91838e+15	4.37756e+15	5.83674e+15	7.29593e+15	8.75513e+15	1.01793e+16	1.15041e+16	1.27989e+16	2.3262e+16	3.09693e+17	4.54043e+17	4.65472	4.70805	4.70805	4.70805	4.70805	4.70805	4.70805	4.70805	4.70805	4.70559	4.69761	4.68987	4.68986	4.68986	4.68986	
35199.1	6.85435e+17	2.79274e+17	1.22211e+17	7.7324e+16	1.54648e+17	2.31972e+17	3.09296e+17	3.8662e+17	4.63944e+17	5.41325e+17	6.18867e+17	6.96308e+17	7.58773e+17	3.35194e+17	8.60032e+15	6.33783e+15	5.276e+15	2.30878e+15	1.46079e+15	2.92159e+15	4.38237e+15	5.84315e+15	7.30394e+15	8.76474e+15	1.01897e+16	1.1512e+16	1.27993e+16	2.32626e+16	3.09694e+17	4.54043e+17	4.63654	4.70883	4.70883	4.70883	4.70883	4.70883	4.70883	4.70883	4.70883	4.70632	4.69809	4.68987	4.68986	4.68986	4.68986	
35449.4	6.85436e+17	2.79265e+17	1.22207e+17	7.73215e+16	1.54643e+17	2.31964e+17	3.09286e+17	3.86607e+17	4.63929e+17	5.41308e+17	6.18854e+17	6.96321e+17	7.58793e+17	3.35194e+17	8.60032e+15	6.33774e+15	5.28185e+15	2.31135e+15	1.46241e+15	2.92483e+15	4.38723e+15	5.84963e+15	7.31204e+15	8.77446e+15	1.02003e+16	1.15201e+16	1.27997e+16	2.32632e+16	3.09694e+17	4.54043e+17	4.61677	4.70962	4.70962	4.70962	4.70962	4.70962	4.70962	4.70962	4.70962	4.70707	4.69859	4.68987	4.68986	4.68986	4.68986	
35699.9	6.85436e+17	2.79256e+17	1.22203e+17	7.73189e+16	1.54638e+17	2.31957e+17	3.09276e+17	3.86594e+17	4.63913e+17	5.41291e+17	6.18841e+17	6.96334e+17	7.58812e+17	3.35195e+17	8.60032e+15	6.33762e+15	5.28782e+15	2.31396e+15	1.46406e+15	2.92813e+15	4.39218e+15	5.85624e+15	7.3203e+15	8.78437e+15	1.02111e+16	1.15286e+16	1.28001e+16	2.32638e+16	3.09695e+17	4.54043e+17	4.59518	4.71043	4.71043	4.71043	4.71043	4.71043	4.71043	4.71043	4.71043	4.70782	4.69911	4.68987	4.68986	4.68986	4.68986	
35950	6.85436e+17	2.79246e+17	1.22199e+17	7.73163e+16	1.54632e+17	2.31949e+17	3.09265e+17	3.86581e+17	4.63897e+17	5.41274e+17	6.18827e+17	6.96346e+17	7.58831e+17	3.35196e+17	8.60032e+15	6.33747e+15	5.29388e+15	2.31661e+15	1.46574e+15	2.93149e+15	4.39721e+15	5.86295e+15	7.32869e+15	8.79444e+15	1.02222e+16	1.15373e+16	1.28005e+16	2.32643e+16	3.09696e+17	4.54043e+17	4.5718	4.71124	4.71124	4.71124	4.71124	4.71124	4.71124	4.71124	4.71124	4.7086	4.69965	4.68988	4.68986	4.68986	4.68986	
36201.6	6.85437e+17	2.79237e+17	1.22195e+17	7.73135e+16	1.54627e+17	2.31941e+17	3.09254e+17	3.86568e+17	4.63881e+17	5.41256e+17	6.18813e+17	6.96357e+17	7.58849e+17	3.35196e+17	8.60032e+15	6.33728e+15	5.30008e+15	2.31932e+15	1.46745e+15	2.93492e+15	4.40236e+15	5.86982e+15	7.33728e+15	8.80474e+15	1.02335e+16	1.15464e+16	1.2801e+16	2.32649e+16	3.09696e+17	4.54043e+17	4.5464	4.71207	4.71207	4.71207	4.71207	4.71207	4.71207	4.71207	4.71207	4.70939	4.70021	4.68988	4.68986	4.68986	4.68986	
36452.4	6.85437e+17	2.79227e+17	1.2219e+17	7.73108e+16	1.54622e+17	2.31932e+17	3.09243e+17	3.86554e+17	4.63865e+17	5.41238e+17	6.18798e+17	6.96368e+17	7.58867e+17	3.35197e+17	8.60032e+15	6.33705e+15	5.30635e+15	2.32207e+15	1.46919e+15	2.93839e+15	4.40758e+15	5.87677e+15	7.34596e+15	8.81516e+15	1.02451e+16	1.15558e+16	1.28014e+16	2.32654e+16	3.09697e+17	4.54043e+17	4.51922	4.71291	4.71291	4.71291	4.71291	4.71291	4.71291	4.71291	4.71291	4.71019	4.70079	4.68988	4.68986	4.68986	4.68986	
36704.6	6.85438e+17	2.79217e+17	1.22186e+17	7.7308e+16	1.54616e+17	2.31924e+17	3.09232e+17	3.8654e+17	4.63848e+17	5.41219e+17	6.18783e+17	6.96377e+17	7.58884e+17	3.35198e+17	8.60032e+15	6.33679e+15	5.31275e+15	2.32487e+15	1.47096e+15	2.94194e+15	4.41289e+15	5.88386e+15	7.35483e+15	8.8258e+15	1.02569e+16	1.15656e+16	1.2802e+16	2.3266e+16	3.09698e+17	4.54043e+17	4.49001	4.71377	4.71377	4.71377	4.71377	4.71377	4.71377	4.71377	4.71377	4.71101	4.70139	4.68988	4.68986	4.68986	4.68986	
36956.2	6.85439e+17	2.79206e+17	1.22181e+17	7.73052e+16	1.5461e+17	2.31916e+17	3.09221e+17	3.86526e+17	4.63831e+17	5.412e+17	6.18767e+17	6.96386e+17	7.58901e+17	3.35198e+17	8.60032e+15	6.3365e+15	5.31923e+15	2.3277e+15	1.47276e+15	2.94552e+15	4.41827e+15	5.89103e+15	7.36379e+15	8.83656e+15	1.02688e+16	1.15756e+16	1.28025e+16	2.32665e+16	3.09698e+17	4.54043e+17	4.45901	4.71463	4.71463	4.71463	4.71463	4.71463	4.71463	4.71463	4.71463	4.71184	4.70201	4.68989	4.68986	4.68986	4.68986	
37209	6.85439e+17	2.79196e+17	1.22177e+17	7.73023e+16	1.54605e+17	2.31907e+17	3.09209e+17	3.86512e+17	4.63814e+17	5.41181e+17	6.18751e+17	6.96395e+17	7.58917e+17	3.35199e+17	8.60032e+15	6.33616e+15	5.32582e+15	2.33059e+15	1.47458e+15	2.94917e+15	4.42375e+15	5.89833e+15	7.37292e+15	8.84751e+15	1.0281e+16	1.1586e+16	1.28031e+16	2.3267e+16	3.09699e+17	4.54043e+17	4.42602	4.7155	4.7155	4.7155	4.7155	4.7155	4.7155	4.7155	4.7155	4.71269	4.70265	4.68989	4.68986	4.68986	4.68986	
37461.9	6.8544e+17	2.79185e+17	1.22172e+17	7.72994e+16	1.54599e+17	2.31898e+17	3.09198e+17	3.86497e+17	4.63796e+17	5.41161e+17	6.18734e+17	6.96402e+17	7.58932e+17	3.352e+17	8.60032e+15	6.3358e+15	5.33249e+15	2.33351e+15	1.47643e+15	2.95287e+15	4.42929e+15	5.90572e+15	7.38215e+15	8.85859e+15	1.02934e+16	1.15967e+16	1.28038e+16	2.32675e+16	3.09699e+17	4.54043e+17	4.39125	4.71638	4.71638	4.71638	4.71638	4.71638	4.71638	4.71638	4.71638	4.71354	4.7033	4.6899	4.68986	4.68986	4.68986	
37714.3	6.85441e+17	2.79175e+17	1.22168e+17	7.72965e+16	1.54593e+17	2.31889e+17	3.09186e+17	3.86482e+17	4.63779e+17	5.41142e+17	6.18717e+17	6.96409e+17	7.58947e+17	3.352e+17	8.60032e+15	6.33539e+15	5.33922e+15	2.33645e+15	1.47829e+15	2.9566e+15	4.43488e+15	5.91317e+15	7.39147e+15	8.86977e+15	1.0306e+16	1.16077e+16	1.28045e+16	2.32679e+16	3.097e+17	4.54043e+17	4.35484	4.71726	4.71726	4.71726	4.71726	4.71726	4.71726	4.71726	4.71726	4.7144	4.70398	4.6899	4.68986	4.68986	4.68986	
37968	6.85442e+17	2.79164e+17	1.22163e+17	7.72935e+16	1.54587e+17	2.3188e+17	3.09174e+17	3.86467e+17	4.63761e+17	5.41122e+17	6.18699e+17	6.96415e+17	7.58961e+17	3.35201e+17	8.60032e+15	6.33495e+15	5.34606e+15	2.33944e+15	1.48019e+15	2.96038e+15	4.44056e+15	5.92074e+15	7.40093e+15	8.88112e+15	1.03188e+16	1.16191e+16	1.28053e+16	2.32684e+16	3.097e+17	4.54043e+17	4.31658	4.71815	4.71815	4.71815	4.71815	4.71815	4.71815	4.71815	4.71815	4.71528	4.70468	4.68991	4.68986	4.68986	4.68986	
38220.8	6.85442e+17	2.79153e+17	1.22158e+17	7.72905e+16	1.54581e+17	2.31871e+17	3.09162e+17	3.86452e+17	4.63743e+17	5.41101e+17	6.18681e+17	6.96421e+17	7.58975e+17	3.35201e+17	8.60032e+15	6.33448e+15	5.35293e+15	2.34245e+15	1.48209e+15	2.96418e+15	4.44626e+15	5.92835e+15	7.41044e+15	8.89254e+15	1.03317e+16	1.16307e+16	1.28062e+16	2.32688e+16	3.09701e+17	4.54043e+17	4.27694	4.71903	4.71903	4.71903	4.71903	4.71903	4.71903	4.71903	4.71903	4.71615	4.70539	4.68991	4.68986	4.68986	4.68986	
38471.1	6.85443e+17	2.79142e+17	1.22153e+17	7.72875e+16	1.54575e+17	2.31862e+17	3.0915e+17	3.86437e+17	4.63725e+17	5.41081e+17	6.18662e+17	6.96426e+17	7.58987e+17	3.35202e+17	8.60032e+15	6.33397e+15	5.35979e+15	2.34545e+15	1.48399e+15	2.96798e+15	4.45196e+15	5.93595e+15	7.41994e+15	8.90393e+15	1.03446e+16	1.16425e+16	1.28072e+16	2.32692e+16	3.09701e+17	4.54043e+17	4.23628	4.7199	4.7199	4.7199	4.7199	4.7199	4.7199	4.7199	4.7199	4.71702	4.70611	4.68992	4.68986	4.68986	4.68986	
38721.9	6.85444e+17	2.79132e+17	1.22149e+17	7.72845e+16	1.54569e+17	2.31853e+17	3.09138e+17	3.86422e+17	4.63707e+17	5.4106e+17	6.18643e+17	6.9643e+17	7.58999e+17	3.35202e+17	8.60032e+15	6.33343e+15	5.36671e+15	2.34848e+15	1.4859e+15	2.97182e+15	4.45771e+15	5.94362e+15	7.42952e+15	8.91543e+15	1.03577e+16	1.16546e+16	1.28083e+16	2.32695e+16	3.09701e+17	4.54043e+17	4.19426	4.72077	4.72077	4.72077	4.72077	4.72077	4.72077	4.72077	4.72077	4.7179	4.70685	4.68993	4.68986	4.68986	4.68986	
38975.1	6.85446e+17	2.7912e+17	1.22144e+17	7.72814e+16	1.54563e+17	2.31844e+17	3.09126e+17	3.86407e+17	4.63688e+17	5.41039e+17	6.18624e+17	6.96433e+17	7.59011e+17	3.35202e+17	8.60032e+15	6.33285e+15	5.37374e+15	2.35156e+15	1.48785e+15	2.97571e+15	4.46355e+15	5.9514e+15	7.43926e+15	8.92711e+15	1.0371e+16	1.16671e+16	1.28096e+16	2.32699e+16	3.09702e+17	4.54043e+17	4.15067	4.72164	4.72164	4.72164	4.72164	4.72164	4.72164	4.72164	4.72164	4.71878	4.70761	4.68994	4.68986	4.68986	4.68986	
39226.1	6.85447e+17	2.79109e+17	1.22139e+17	7.72783e+16	1.54557e+17	2.31835e+17	3.09113e+17	3.86392e+17	4.6367e+17	5.41018e+17	6.18604e+17	6.96436e+17	7.59022e+17	3.35203e+17	8.60032e+15	6.33224e+15	5.38075e+15	2.35463e+15	1.48979e+15	2.97959e+15	4.46938e+15	5.95917e+15	7.44897e+15	8.93876e+15	1.03844e+16	1.16798e+16	1.2811e+16	2.32702e+16	3.09702e+17	4.54043e+17	4.10642	4.7225	4.7225	4.7225	4.7225	4.7225	4.7225	4.7225	4.7225	4.71966	4.70838	4.68995	4.68986	4.68986	4.68986	
39477	6.85448e+17	2.79098e+17	1.22134e+17	7.72753e+16	1.54551e+17	2.31826e+17	3.09101e+17	3.86376e+17	4.63652e+17	5.40997e+17	6.18583e+17	6.96438e+17	7.59032e+17	3.35203e+17	8.60032e+15	6.3316e+15	5.38779e+15	2.35771e+15	1.49174e+15	2.98349e+15	4.47523e+15	5.96697e+15	7.45871e+15	8.95046e+15	1.03978e+16	1.16927e+16	1.28125e+16	2.32705e+16	3.09702e+17	4.54043e+17	4.06133	4.72334	4.72334	4.72334	4.72334	4.72334	4.72334	4.72334	4.72334	4.72053	4.70917	4.68997	4.68986	4.68986	4.68986	
39728.2	6.85449e+17	2.79087e+17	1.22129e+17	7.72722e+16	1.54544e+17	2.31817e+17	3.09089e+17	3.86361e+17	4.63633e+17	5.40976e+17	6.18563e+17	6.96439e+17	7.59041e+17	3.35203e+17	8.60032e+15	6.33093e+15	5.39487e+15	2.3608e+15	1.4937e+15	2.98741e+15	4.4811e+15	5.97481e+15	7.46851e+15	8.96221e+15	1.04113e+16	1.17059e+16	1.28143e+16	2.32708e+16	3.09703e+17	4.54043e+17	4.01545	4.72417	4.72417	4.72417	4.72417	4.72417	4.72417	4.72417	4.72417	4.7214	4.70997	4.68998	4.68986	4.68986	4.68986	
39979.2	6.8545e+17	2.79076e+17	1.22124e+17	7.72691e+16	1.54538e+17	2.31807e+17	3.09076e+17	3.86345e+17	4.63615e+17	5.40954e+17	6.18541e+17	6.96437e+17	7.59047e+17	3.35203e+17	8.60032e+15	6.33023e+15	5.40196e+15	2.36391e+15	1.49566e+15	2.99134e+15	4.487e+15	5.98266e+15	7.47833e+15	8.974e+15	1.04249e+16	1.17193e+16	1.28162e+16	2.3271e+16	3.09703e+17	4.54043e+17	3.96903	4.72498	4.72498	4.72498	4.72498	4.72498	4.72498	4.72498	4.72498	4.72225	4.71078	4.69	4.68986	4.68986	4.68986	
40230.1	6.85452e+17	2.79065e+17	1.22119e+17	7.7266e+16	1.54532e+17	2.31798e+17	3.09064e+17	3.8633e+17	4.63596e+17	5.40933e+17	6.1852e+17	6.96434e+17	7.59052e+17	3.35204e+17	8.60032e+15	6.3295e+15	5.40907e+15	2.36702e+15	1.49763e+15	2.99527e+15	4.4929e+15	5.99053e+15	7.48817e+15	8.9858e+15	1.04386e+16	1.1733e+16	1.28183e+16	2.32711e+16	3.09703e+17	4.54043e+17	3.9222	4.72576	4.72576	4.72576	4.72576	4.72576	4.72576	4.72576	4.72576	4.7231	4.71161	4.69002	4.68986	4.68986	4.68986	
40481.1	6.85453e+17	2.79054e+17	1.22115e+17	7.72629e+16	1.54526e+17	2.31789e+17	3.09052e+17	3.86314e+17	4.63577e+17	5.40911e+17	6.18498e+17	6.96431e+17	7.59057e+17	3.35204e+17	8.60032e+15	6.32874e+15	5.41619e+15	2.37013e+15	1.4996e+15	2.99922e+15	4.49881e+15	5.99842e+15	7.49802e+15	8.99763e+15	1.04524e+16	1.17469e+16	1.28207e+16	2.32713e+16	3.09703e+17	4.54043e+17	3.87508	4.72652	4.72652	4.72652	4.72652	4.72652	4.72652	4.72652	4.72652	4.72393	4.71244	4.69004	4.68986	4.68986	4.68986	
40733.5	6.85454e+17	2.79042e+17	1.2211e+17	7.72598e+16	1.54519e+17	2.31779e+17	3.09039e+17	3.86299e+17	4.63559e+17	5.40889e+17	6.18476e+17	6.96427e+17	7.59061e+17	3.35204e+17	8.60032e+15	6.32795e+15	5.42335e+15	2.37327e+15	1.50159e+15	3.00318e+15	4.50476e+15	6.00635e+15	7.50794e+15	9.00953e+15	1.04663e+16	1.17611e+16	1.28234e+16	2.32714e+16	3.09703e+17	4.54043e+17	3.8276	4.72726	4.72726	4.72726	4.72726	4.72726	4.72726	4.72726	4.72726	4.72475	4.71329	4.69007	4.68986	4.68986	4.68986	
40986.6	6.85456e+17	2.79031e+17	1.22105e+17	7.72566e+16	1.54513e+17	2.3177e+17	3.09026e+17	3.86283e+17	4.6354e+17	5.40867e+17	6.18453e+17	6.96423e+17	7.59065e+17	3.35204e+17	8.60032e+15	6.32714e+15	5.43054e+15	2.37641e+15	1.50358e+15	3.00716e+15	4.51073e+15	6.0143e+15	7.51788e+15	9.02146e+15	1.04803e+16	1.17756e+16	1.28264e+16	2.32715e+16	3.09704e+17	4.54043e+17	3.78001	4.72796	4.72796	4.72796	4.72796	4.72796	4.72796	4.72796	4.72796	4.72555	4.71415	4.69009	4.68986	4.68986	4.68986	
41238.3	6.85457e+17	2.7902e+17	1.221e+17	7.72535e+16	1.54507e+17	2.31761e+17	3.09014e+17	3.86268e+17	4.63521e+17	5.40845e+17	6.1843e+17	6.96418e+17	7.59069e+17	3.35204e+17	8.60031e+15	6.3263e+15	5.43767e+15	2.37953e+15	1.50555e+15	3.01111e+15	4.51666e+15	6.02221e+15	7.52776e+15	9.03332e+15	1.04942e+16	1.17902e+16	1.28297e+16	2.32717e+16	3.09704e+17	4.54042e+17	3.73287	4.72862	4.72862	4.72862	4.72862	4.72862	4.72862	4.72862	4.72862	4.72632	4.71501	4.69012	4.68986	4.68986	4.68986	
41490.1	6.85459e+17	2.79008e+17	1.22095e+17	7.72504e+16	1.54501e+17	2.31751e+17	3.09002e+17	3.86252e+17	4.63502e+17	5.40823e+17	6.18406e+17	6.96412e+17	7.59073e+17	3.35205e+17	8.6003e+15	6.32545e+15	5.4448e+15	2.38265e+15	1.50752e+15	3.01506e+15	4.52258e+15	6.0301e+15	7.53763e+15	9.04516e+15	1.05082e+16	1.18051e+16	1.28334e+16	2.32718e+16	3.09704e+17	4.54042e+17	3.68604	4.72923	4.72923	4.72923	4.72923	4.72923	4.72923	4.72923	4.72923	4.72706	4.71588	4.69016	4.68986	4.68986	4.68986	
41742.5	6.8546e+17	2.78997e+17	1.2209e+17	7.72473e+16	1.54495e+17	2.31742e+17	3.08989e+17	3.86236e+17	4.63484e+17	5.40801e+17	6.18383e+17	6.96406e+17	7.59076e+17	3.35205e+17	8.6003e+15	6.32457e+15	5.45192e+15	2.38577e+15	1.5095e+15	3.019e+15	4.52849e+15	6.03799e+15	7.54749e+15	9.05699e+15	1.05223e+16	1.18202e+16	1.28374e+16	2.32719e+16	3.09704e+17	4.54042e+17	3.63955	4.72979	4.72979	4.72979	4.72979	4.72979	4.72979	4.72979	4.72979	4.72776	4.71676	4.69019	4.68986	4.68986	4.68986	
41995.3	6.85462e+17	2.78986e+17	1.22085e+17	7.72442e+16	1.54488e+17	2.31733e+17	3.08977e+17	3.86221e+17	4.63465e+17	5.40779e+17	6.18358e+17	6.96399e+17	7.59079e+17	3.35205e+17	8.60029e+15	6.32367e+15	5.45904e+15	2.38889e+15	1.51147e+15	3.02294e+15	4.5344e+15	6.04587e+15	7.55734e+15	9.06881e+15	1.05363e+16	1.18355e+16	1.28419e+16	2.3272e+16	3.09704e+17	4.54041e+17	3.59359	4.7303	4.7303	4.7303	4.7303	4.7303	4.7303	4.7303	4.7303	4.72843	4.71763	4.69023	4.68986	4.68986	4.68986	
42247.1	6.85463e+17	2.78975e+17	1.2208e+17	7.72411e+16	1.54482e+17	2.31723e+17	3.08964e+17	3.86205e+17	4.63447e+17	5.40757e+17	6.18334e+17	6.96392e+17	7.59082e+17	3.35205e+17	8.60029e+15	6.32277e+15	5.4661e+15	2.39197e+15	1.51342e+15	3.02685e+15	4.54027e+15	6.05369e+15	7.56711e+15	9.08054e+15	1.05504e+16	1.1851e+16	1.28469e+16	2.3272e+16	3.09704e+17	4.54041e+17	3.54851	4.73075	4.73075	4.73075	4.73075	4.73075	4.73075	4.73075	4.73075	4.72906	4.71851	4.69028	4.68986	4.68986	4.68986	
42499.9	6.85465e+17	2.78964e+17	1.22075e+17	7.7238e+16	1.54476e+17	2.31714e+17	3.08952e+17	3.8619e+17	4.63428e+17	5.40734e+17	6.18309e+17	6.96383e+17	7.59084e+17	3.35205e+17	8.60028e+15	6.32184e+15	5.47315e+15	2.39506e+15	1.51538e+15	3.03076e+15	4.54613e+15	6.0615e+15	7.57688e+15	9.09226e+15	1.05645e+16	1.18667e+16	1.28523e+16	2.32721e+16	3.09704e+17	4.54041e+17	3.50407	4.73113	4.73113	4.73113	4.73113	4.73113	4.73113	4.73113	4.73113	4.72963	4.71938	4.69033	4.68986	4.68986	4.68986	
42752.1	6.85467e+17	2.78953e+17	1.2207e+17	7.7235e+16	1.5447e+17	2.31705e+17	3.0894e+17	3.86175e+17	4.6341e+17	5.40712e+17	6.18284e+17	6.96374e+17	7.59087e+17	3.35205e+17	8.60028e+15	6.3209e+15	5.48015e+15	2.39812e+15	1.51731e+15	3.03463e+15	4.55194e+15	6.06925e+15	7.58657e+15	9.10388e+15	1.05785e+16	1.18826e+16	1.28583e+16	2.32722e+16	3.09705e+17	4.54041e+17	3.46068	4.73143	4.73143	4.73143	4.73143	4.73143	4.73143	4.73143	4.73143	4.73015	4.72025	4.69038	4.68986	4.68986	4.68986	
43004.9	6.85468e+17	2.78942e+17	1.22066e+17	7.72319e+16	1.54464e+17	2.31696e+17	3.08928e+17	3.8616e+17	4.63391e+17	5.4069e+17	6.18259e+17	6.96364e+17	7.59089e+17	3.35205e+17	8.60027e+15	6.31996e+15	5.48712e+15	2.40118e+15	1.51924e+15	3.03849e+15	4.55773e+15	6.07697e+15	7.59622e+15	9.11547e+15	1.05926e+16	1.18987e+16	1.28648e+16	2.32723e+16	3.09705e+17	4.5404e+17	3.41818	4.73165	4.73165	4.73165	4.73165	4.73165	4.73165	4.73165	4.73165	4.73062	4.72111	4.69044	4.68986	4.68986	4.68986	
43257.5	6.8547e+17	2.78931e+17	1.22061e+17	7.72289e+16	1.54458e+17	2.31687e+17	3.08916e+17	3.86144e+17	4.63373e+17	5.40668e+17	6.18233e+17	6.96353e+17	7.59091e+17	3.35206e+17	8.60027e+15	6.319e+15	5.49404e+15	2.4042e+15	1.52116e+15	3.04232e+15	4.56348e+15	6.08464e+15	7.6058e+15	9.12696e+15	1.06067e+16	1.1915e+16	1.2872e+16	2.32723e+16	3.09705e+17	4.5404e+17	3.37682	4.73178	4.73178	4.73178	4.73178	4.73178	4.73178	4.73178	4.73178	4.73101	4.72197	4.6905	4.68986	4.68986	4.68986	
43510.7	6.85471e+17	2.7892e+17	1.22056e+17	7.72259e+16	1.54452e+17	2.31678e+17	3.08904e+17	3.86129e+17	4.63355e+17	5.40646e+17	6.18207e+17	6.9634e+17	7.59093e+17	3.35206e+17	8.60027e+15	6.31804e+15	5.50092e+15	2.40722e+15	1.52306e+15	3.04614e+15	4.5692e+15	6.09226e+15	7.61533e+15	9.1384e+15	1.06207e+16	1.19316e+16	1.28798e+16	2.32724e+16	3.09705e+17	4.5404e+17	3.33653	4.73181	4.73181	4.73181	4.73181	4.73181	4.73181	4.73181	4.73181	4.73133	4.72281	4.69057	4.68986	4.68986	4.68986	
43763.2	6.85473e+17	2.78909e+17	1.22051e+17	7.72229e+16	1.54446e+17	2.31669e+17	3.08892e+17	3.86115e+17	4.63338e+17	5.40624e+17	6.1818e+17	6.96327e+17	7.59095e+17	3.35206e+17	8.60027e+15	6.31707e+15	5.50773e+15	2.41019e+15	1.52495e+15	3.04991e+15	4.57485e+15	6.0998e+15	7.62475e+15	9.14971e+15	1.06347e+16	1.19483e+16	1.28883e+16	2.32724e+16	3.09705e+17	4.5404e+17	3.29757	4.73173	4.73173	4.73173	4.73173	4.73173	4.73173	4.73173	4.73173	4.73156	4.72363	4.69065	4.68986	4.68986	4.68986	
44015.9	6.85475e+17	2.78899e+17	1.22047e+17	7.722e+16	1.5444e+17	2.3166e+17	3.0888e+17	3.861e+17	4.6332e+17	5.40602e+17	6.18154e+17	6.96313e+17	7.59097e+17	3.35206e+17	8.60026e+15	6.3161e+15	5.51448e+15	2.41315e+15	1.52682e+15	3.05364e+15	4.58046e+15	6.10728e+15	7.6341e+15	9.16092e+15	1.06487e+16	1.19653e+16	1.28976e+16	2.32725e+16	3.09705e+17	4.5404e+17	3.25986	4.73154	4.73154	4.73154	4.73154	4.73154	4.73154	4.73154	4.73154	4.73171	4.72443	4.69073	4.68986	4.68986	4.68986	
44269.1	6.85476e+17	2.78888e+17	1.22042e+17	7.7217e+16	1.54434e+17	2.31651e+17	3.08868e+17	3.86085e+17	4.63302e+17	5.40579e+17	6.18127e+17	6.96297e+17	7.59098e+17	3.35206e+17	8.60026e+15	6.31512e+15	5.52118e+15	2.41608e+15	1.52867e+15	3.05735e+15	4.58602e+15	6.1147e+15	7.64338e+15	9.17205e+15	1.06627e+16	1.19825e+16	1.29077e+16	2.32725e+16	3.09705e+17	4.5404e+17	3.22341	4.73122	4.73122	4.73122	4.73122	4.73122	4.73122	4.73122	4.73122	4.73176	4.72521	4.69081	4.68986	4.68986	4.68986	
44522.7	6.85478e+17	2.78878e+17	1.22038e+17	7.72141e+16	1.54428e+17	2.31642e+17	3.08857e+17	3.86071e+17	4.63285e+17	5.40557e+17	6.18099e+17	6.9628e+17	7.59099e+17	3.35206e+17	8.60026e+15	6.31415e+15	5.52782e+15	2.41899e+15	1.53051e+15	3.06103e+15	4.59154e+15	6.12205e+15	7.65257e+15	9.18308e+15	1.06766e+16	1.2e+16	1.29186e+16	2.32726e+16	3.09705e+17	4.5404e+17	3.18825	4.73076	4.73076	4.73076	4.73076	4.73076	4.73076	4.73076	4.73076	4.7317	4.72597	4.69091	4.68986	4.68986	4.68986	
44775.5	6.8548e+17	2.78867e+17	1.22033e+17	7.72113e+16	1.54423e+17	2.31634e+17	3.08845e+17	3.86056e+17	4.63268e+17	5.40536e+17	6.18071e+17	6.96261e+17	7.59101e+17	3.35206e+17	8.60026e+15	6.31318e+15	5.53437e+15	2.42185e+15	1.53233e+15	3.06466e+15	4.59698e+15	6.12931e+15	7.66163e+15	9.19396e+15	1.06905e+16	1.20176e+16	1.29305e+16	2.32726e+16	3.09705e+17	4.5404e+17	3.15458	4.73016	4.73016	4.73016	4.73016	4.73016	4.73016	4.73016	4.73016	4.73153	4.72668	4.69101	4.68986	4.68986	4.68986	
45028.5	6.85481e+17	2.78857e+17	1.22029e+17	7.72085e+16	1.54417e+17	2.31625e+17	3.08834e+17	3.86042e+17	4.63251e+17	5.40514e+17	6.18043e+17	6.96241e+17	7.59102e+17	3.35206e+17	8.60026e+15	6.31221e+15	5.54085e+15	2.42469e+15	1.53412e+15	3.06824e+15	4.60236e+15	6.13648e+15	7.6706e+15	9.20472e+15	1.07043e+16	1.20355e+16	1.29433e+16	2.32727e+16	3.09706e+17	4.5404e+17	3.12227	4.72941	4.72941	4.72941	4.72941	4.72941	4.72941	4.72941	4.72941	4.73123	4.72736	4.69112	4.68986	4.68986	4.68986	
45282	6.85483e+17	2.78847e+17	1.22024e+17	7.72057e+16	1.54411e+17	2.31617e+17	3.08823e+17	3.86028e+17	4.63234e+17	5.40492e+17	6.18014e+17	6.96219e+17	7.59103e+17	3.35206e+17	8.60026e+15	6.31124e+15	5.54726e+15	2.42749e+15	1.53589e+15	3.07179e+15	4.60768e+15	6.14358e+15	7.67947e+15	9.21537e+15	1.07182e+16	1.20538e+16	1.29571e+16	2.32727e+16	3.09706e+17	4.5404e+17	3.09128	4.72849	4.72849	4.72849	4.72849	4.72849	4.72849	4.72849	4.72849	4.7308	4.728	4.69123	4.68986	4.68986	4.68986	
45535.9	6.85485e+17	2.78837e+17	1.2202e+17	7.72029e+16	1.54406e+17	2.31609e+17	3.08812e+17	3.86014e+17	4.63217e+17	5.4047e+17	6.17985e+17	6.96195e+17	7.59104e+17	3.35207e+17	8.60026e+15	6.31028e+15	5.55359e+15	2.43026e+15	1.53765e+15	3.0753e+15	4.61295e+15	6.15059e+15	7.68824e+15	9.22589e+15	1.0732e+16	1.20723e+16	1.29721e+16	2.32727e+16	3.09706e+17	4.5404e+17	3.06166	4.72738	4.72738	4.72738	4.72738	4.72738	4.72738	4.72738	4.72738	4.73023	4.72859	4.69135	4.68986	4.68986	4.68986	
45789.3	6.85486e+17	2.78827e+17	1.22015e+17	7.72002e+16	1.544e+17	2.31601e+17	3.08801e+17	3.86001e+17	4.63201e+17	5.40448e+17	6.17955e+17	6.9617e+17	7.59105e+17	3.35207e+17	8.60026e+15	6.30933e+15	5.55983e+15	2.43299e+15	1.53937e+15	3.07875e+15	4.61813e+15	6.1575e+15	7.69688e+15	9.23625e+15	1.07457e+16	1.20911e+16	1.29882e+16	2.32728e+16	3.09706e+17	4.5404e+17	3.03348	4.7261	4.7261	4.7261	4.7261	4.7261	4.7261	4.7261	4.7261	4.7295	4.72912	4.69148	4.68986	4.68986	4.68986	
46042.1	6.85488e+17	2.78817e+17	1.22011e+17	7.71975e+16	1.54395e+17	2.31593e+17	3.0879e+17	3.85988e+17	4.63185e+17	5.40427e+17	6.17925e+17	6.96143e+17	7.59106e+17	3.35207e+17	8.60026e+15	6.30838e+15	5.56596e+15	2.43568e+15	1.54107e+15	3.08215e+15	4.62322e+15	6.16429e+15	7.70537e+15	9.24644e+15	1.07594e+16	1.21102e+16	1.30055e+16	2.32728e+16	3.09706e+17	4.5404e+17	3.00674	4.72461	4.72461	4.72461	4.72461	4.72461	4.72461	4.72461	4.72461	4.7286	4.72959	4.69162	4.68986	4.68986	4.68986	
46292.1	6.8549e+17	2.78808e+17	1.22007e+17	7.71949e+16	1.5439e+17	2.31585e+17	3.0878e+17	3.85974e+17	4.63169e+17	5.40406e+17	6.17895e+17	6.96114e+17	7.59107e+17	3.35207e+17	8.60026e+15	6.30746e+15	5.57194e+15	2.43829e+15	1.54273e+15	3.08546e+15	4.62818e+15	6.17091e+15	7.71364e+15	9.25637e+15	1.07729e+16	1.21294e+16	1.30239e+16	2.32728e+16	3.09706e+17	4.5404e+17	2.98161	4.72294	4.72294	4.72294	4.72294	4.72294	4.72294	4.72294	4.72294	4.72755	4.72999	4.69176	4.68986	4.68986	4.68986	
46542.8	6.85491e+17	2.78799e+17	1.22003e+17	7.71923e+16	1.54385e+17	2.31577e+17	3.08769e+17	3.85962e+17	4.63154e+17	5.40384e+17	6.17864e+17	6.96083e+17	7.59108e+17	3.35207e+17	8.60026e+15	6.30654e+15	5.57784e+15	2.44087e+15	1.54436e+15	3.08873e+15	4.63308e+15	6.17744e+15	7.72181e+15	9.26617e+15	1.07864e+16	1.21491e+16	1.30438e+16	2.32729e+16	3.09706e+17	4.5404e+17	2.9577	4.72104	4.72104	4.72104	4.72104	4.72104	4.72104	4.72104	4.72104	4.72631	4.73031	4.6919	4.68986	4.68986	4.68986	
46796.1	6.85493e+17	2.78789e+17	1.21999e+17	7.71898e+16	1.5438e+17	2.31569e+17	3.08759e+17	3.85949e+17	4.63139e+17	5.40363e+17	6.17832e+17	6.96049e+17	7.59109e+17	3.35207e+17	8.60026e+15	6.30562e+15	5.5837e+15	2.44344e+15	1.54598e+15	3.09197e+15	4.63795e+15	6.18394e+15	7.72992e+15	9.27591e+15	1.08e+16	1.21693e+16	1.30653e+16	2.32729e+16	3.09706e+17	4.5404e+17	2.93485	4.71889	4.71889	4.71889	4.71889	4.71889	4.71889	4.71889	4.71889	4.72486	4.73056	4.69206	4.68986	4.68986	4.68986	
47046.3	6.85494e+17	2.7878e+17	1.21995e+17	7.71873e+16	1.54375e+17	2.31562e+17	3.08749e+17	3.85936e+17	4.63124e+17	5.40342e+17	6.178e+17	6.96013e+17	7.59109e+17	3.35207e+17	8.60026e+15	6.30472e+15	5.5894e+15	2.44593e+15	1.54756e+15	3.09513e+15	4.64268e+15	6.19025e+15	7.73781e+15	9.28537e+15	1.08134e+16	1.21897e+16	1.3088e+16	2.32729e+16	3.09706e+17	4.5404e+17	2.91352	4.71652	4.71652	4.71652	4.71652	4.71652	4.71652	4.71652	4.71652	4.72322	4.73071	4.69222	4.68986	4.68986	4.68986	
47296.7	6.85496e+17	2.78772e+17	1.21991e+17	7.71848e+16	1.5437e+17	2.31554e+17	3.08739e+17	3.85924e+17	4.63109e+17	5.40321e+17	6.17767e+17	6.95974e+17	7.5911e+17	3.35207e+17	8.60027e+15	6.30384e+15	5.595e+15	2.44838e+15	1.54911e+15	3.09823e+15	4.64734e+15	6.19645e+15	7.74556e+15	9.29468e+15	1.08268e+16	1.22105e+16	1.31124e+16	2.32729e+16	3.09706e+17	4.5404e+17	2.89337	4.71389	4.71389	4.71389	4.71389	4.71389	4.71389	4.71389	4.71389	4.72136	4.73076	4.69238	4.68986	4.68986	4.68986	
47546.8	6.85497e+17	2.78763e+17	1.21987e+17	7.71824e+16	1.54365e+17	2.31547e+17	3.0873e+17	3.85912e+17	4.63095e+17	5.403e+17	6.17733e+17	6.95933e+17	7.59111e+17	3.35207e+17	8.60027e+15	6.30296e+15	5.60049e+15	2.45079e+15	1.55063e+15	3.10127e+15	4.6519e+15	6.20253e+15	7.75317e+15	9.3038e+15	1.08401e+16	1.22318e+16	1.31385e+16	2.32729e+16	3.09706e+17	4.5404e+17	2.87441	4.71101	4.71101	4.71101	4.71101	4.71101	4.71101	4.71101	4.71101	4.71927	4.73071	4.69255	4.68986	4.68986	4.68986	
47797.1	6.85499e+17	2.78754e+17	1.21984e+17	7.71801e+16	1.5436e+17	2.3154e+17	3.0872e+17	3.859e+17	4.6308e+17	5.40279e+17	6.17699e+17	6.95889e+17	7.59111e+17	3.35207e+17	8.60027e+15	6.3021e+15	5.60589e+15	2.45315e+15	1.55213e+15	3.10426e+15	4.65638e+15	6.20851e+15	7.76064e+15	9.31277e+15	1.08534e+16	1.22537e+16	1.31664e+16	2.3273e+16	3.09706e+17	4.5404e+17	2.85655	4.70785	4.70785	4.70785	4.70785	4.70785	4.70785	4.70785	4.70785	4.71695	4.73055	4.69271	4.68986	4.68986	4.68986	
48047.6	6.855e+17	2.78746e+17	1.2198e+17	7.71778e+16	1.54356e+17	2.31533e+17	3.08711e+17	3.85889e+17	4.63067e+17	5.40258e+17	6.17663e+17	6.95842e+17	7.59112e+17	3.35207e+17	8.60027e+15	6.30125e+15	5.61119e+15	2.45547e+15	1.55359e+15	3.10719e+15	4.66079e+15	6.21438e+15	7.76798e+15	9.32157e+15	1.08667e+16	1.22761e+16	1.31963e+16	2.3273e+16	3.09706e+17	4.5404e+17	2.83977	4.70439	4.70439	4.70439	4.70439	4.70439	4.70439	4.70439	4.70439	4.71437	4.73026	4.69288	4.68986	4.68986	4.68986	
48297.9	6.85502e+17	2.78738e+17	1.21976e+17	7.71755e+16	1.54351e+17	2.31526e+17	3.08702e+17	3.85877e+17	4.63053e+17	5.40237e+17	6.17627e+17	6.95792e+17	7.59112e+17	3.35207e+17	8.60027e+15	6.30041e+15	5.61638e+15	2.45774e+15	1.55503e+15	3.11007e+15	4.6651e+15	6.22013e+15	7.77516e+15	9.33019e+15	1.088e+16	1.2299e+16	1.32282e+16	2.3273e+16	3.09707e+17	4.5404e+17	2.82405	4.70064	4.70064	4.70064	4.70064	4.70064	4.70064	4.70064	4.70064	4.71153	4.72983	4.69305	4.68986	4.68986	4.68986	
48548.4	6.85503e+17	2.7873e+17	1.21973e+17	7.71733e+16	1.54347e+17	2.3152e+17	3.08693e+17	3.85866e+17	4.6304e+17	5.40216e+17	6.1759e+17	6.95738e+17	7.59113e+17	3.35207e+17	8.60027e+15	6.29958e+15	5.62146e+15	2.45997e+15	1.55644e+15	3.11288e+15	4.66932e+15	6.22576e+15	7.7822e+15	9.33864e+15	1.08933e+16	1.23225e+16	1.32622e+16	2.3273e+16	3.09707e+17	4.5404e+17	2.80932	4.69657	4.69657	4.69657	4.69657	4.69657	4.69657	4.69657	4.69657	4.70841	4.72926	4.69322	4.68986	4.68986	4.68986	
48799	6.85505e+17	2.78722e+17	1.2197e+17	7.71711e+16	1.54342e+17	2.31513e+17	3.08684e+17	3.85856e+17	4.63027e+17	5.40195e+17	6.17552e+17	6.95681e+17	7.59113e+17	3.35208e+17	8.60028e+15	6.29876e+15	5.62645e+15	2.46215e+15	1.55782e+15	3.11564e+15	4.67346e+15	6.23128e+15	7.7891e+15	9.34692e+15	1.09065e+16	1.23467e+16	1.32985e+16	2.3273e+16	3.09707e+17	4.5404e+17	2.79555	4.69217	4.69217	4.69217	4.69217	4.69217	4.69217	4.69217	4.69217	4.705	4.72854	4.69338	4.68986	4.68986	4.68986	
49049.5	6.85506e+17	2.78714e+17	1.21966e+17	7.7169e+16	1.54338e+17	2.31507e+17	3.08676e+17	3.85845e+17	4.63014e+17	5.40174e+17	6.17513e+17	6.9562e+17	7.59114e+17	3.35208e+17	8.60028e+15	6.29796e+15	5.63132e+15	2.46428e+15	1.55917e+15	3.11834e+15	4.67751e+15	6.23668e+15	7.79585e+15	9.35502e+15	1.09198e+16	1.23716e+16	1.33371e+16	2.3273e+16	3.09707e+17	4.5404e+17	2.78271	4.68744	4.68744	4.68744	4.68744	4.68744	4.68744	4.68744	4.68744	4.70129	4.72765	4.69354	4.68986	4.68986	4.68986	
49300.1	6.85507e+17	2.78707e+17	1.21963e+17	7.71669e+16	1.54334e+17	2.31501e+17	3.08668e+17	3.85834e+17	4.63001e+17	5.40153e+17	6.17472e+17	6.95555e+17	7.59114e+17	3.35208e+17	8.60028e+15	6.29717e+15	5.63609e+15	2.46636e+15	1.56049e+15	3.12098e+15	4.68147e+15	6.24196e+15	7.80245e+15	9.36294e+15	1.0933e+16	1.23971e+16	1.33783e+16	2.32731e+16	3.09707e+17	4.54041e+17	2.77074	4.68237	4.68237	4.68237	4.68237	4.68237	4.68237	4.68237	4.68237	4.69727	4.72658	4.69369	4.68986	4.68986	4.68986	
49550.8	6.85509e+17	2.787e+17	1.2196e+17	7.71649e+16	1.5433e+17	2.31495e+17	3.08659e+17	3.85824e+17	4.62989e+17	5.40132e+17	6.17431e+17	6.95485e+17	7.59114e+17	3.35208e+17	8.60028e+15	6.2964e+15	5.64075e+15	2.4684e+15	1.56178e+15	3.12356e+15	4.68534e+15	6.24712e+15	7.8089e+15	9.37068e+15	1.09462e+16	1.24235e+16	1.34222e+16	2.32731e+16	3.09707e+17	4.54041e+17	2.7596	4.67693	4.67693	4.67693	4.67693	4.67693	4.67693	4.67693	4.67693	4.69292	4.72532	4.69383	4.68986	4.68986	4.68986	
49801.4	6.8551e+17	2.78692e+17	1.21957e+17	7.71629e+16	1.54326e+17	2.31489e+17	3.08652e+17	3.85814e+17	4.62977e+17	5.40111e+17	6.17388e+17	6.95412e+17	7.59115e+17	3.35208e+17	8.60028e+15	6.29563e+15	5.6453e+15	2.47039e+15	1.56304e+15	3.12608e+15	4.68912e+15	6.25216e+15	7.8152e+15	9.37824e+15	1.09595e+16	1.24505e+16	1.34689e+16	2.32731e+16	3.09707e+17	4.54041e+17	2.74927	4.67112	4.67112	4.67112	4.67112	4.67112	4.67112	4.67112	4.67112	4.68824	4.72387	4.69395	4.68986	4.68986	4.68986	
50052.1	6.85511e+17	2.78685e+17	1.21953e+17	7.71609e+16	1.54322e+17	2.31483e+17	3.08644e+17	3.85805e+17	4.62966e+17	5.40091e+17	6.17344e+17	6.95333e+17	7.59115e+17	3.35208e+17	8.60028e+15	6.29488e+15	5.64974e+15	2.47234e+15	1.56427e+15	3.12854e+15	4.69281e+15	6.25708e+15	7.82134e+15	9.38561e+15	1.09727e+16	1.24784e+16	1.35185e+16	2.32731e+16	3.09707e+17	4.54041e+17	2.73969	4.66494	4.66494	4.66494	4.66494	4.66494	4.66494	4.66494	4.66494	4.68321	4.7222	4.69405	4.68986	4.68986	4.68986	
50303	6.85513e+17	2.78679e+17	1.2195e+17	7.71591e+16	1.54318e+17	2.31477e+17	3.08636e+17	3.85795e+17	4.62954e+17	5.4007e+17	6.17299e+17	6.9525e+17	7.59115e+17	3.35208e+17	8.60028e+15	6.29414e+15	5.65407e+15	2.47424e+15	1.56547e+15	3.13094e+15	4.69641e+15	6.26188e+15	7.82735e+15	9.39282e+15	1.09859e+16	1.25071e+16	1.35712e+16	2.32731e+16	3.09707e+17	4.54041e+17	2.73083	4.65836	4.65836	4.65836	4.65836	4.65836	4.65836	4.65836	4.65836	4.67781	4.7203	4.69413	4.68986	4.68986	4.68986	
50553.6	6.85514e+17	2.78672e+17	1.21948e+17	7.71572e+16	1.54314e+17	2.31472e+17	3.08629e+17	3.85786e+17	4.62943e+17	5.40049e+17	6.17252e+17	6.95162e+17	7.59115e+17	3.35208e+17	8.60029e+15	6.29341e+15	5.65829e+15	2.47608e+15	1.56664e+15	3.13328e+15	4.69991e+15	6.26655e+15	7.83319e+15	9.39983e+15	1.09992e+16	1.25367e+16	1.36271e+16	2.32732e+16	3.09707e+17	4.54041e+17	2.72266	4.65139	4.65139	4.65139	4.65139	4.65139	4.65139	4.65139	4.65139	4.67205	4.71817	4.69418	4.68986	4.68986	4.68986	
50804.5	6.85515e+17	2.78665e+17	1.21945e+17	7.71554e+16	1.54311e+17	2.31466e+17	3.08622e+17	3.85777e+17	4.62932e+17	5.40028e+17	6.17204e+17	6.95068e+17	7.59116e+17	3.35208e+17	8.60029e+15	6.29269e+15	5.66241e+15	2.47788e+15	1.56778e+15	3.13556e+15	4.70333e+15	6.27111e+15	7.83889e+15	9.40666e+15	1.10124e+16	1.25672e+16	1.36865e+16	2.32732e+16	3.09707e+17	4.54041e+17	2.71514	4.644	4.644	4.644	4.644	4.644	4.644	4.644	4.644	4.66591	4.71578	4.6942	4.68986	4.68986	4.68986	
51055.5	6.85517e+17	2.78659e+17	1.21942e+17	7.71537e+16	1.54307e+17	2.31461e+17	3.08615e+17	3.85768e+17	4.62922e+17	5.40007e+17	6.17154e+17	6.94969e+17	7.59116e+17	3.35208e+17	8.60029e+15	6.29199e+15	5.66642e+15	2.47964e+15	1.56889e+15	3.13778e+15	4.70666e+15	6.27555e+15	7.84443e+15	9.41332e+15	1.10257e+16	1.25986e+16	1.37495e+16	2.32732e+16	3.09707e+17	4.54041e+17	2.70822	4.6362	4.6362	4.6362	4.6362	4.6362	4.6362	4.6362	4.6362	4.65938	4.71313	4.69418	4.68986	4.68986	4.68986	
51306.2	6.85518e+17	2.78653e+17	1.21939e+17	7.7152e+16	1.54304e+17	2.31456e+17	3.08608e+17	3.8576e+17	4.62912e+17	5.39986e+17	6.17103e+17	6.94863e+17	7.59116e+17	3.35208e+17	8.60029e+15	6.29129e+15	5.67031e+15	2.48134e+15	1.56996e+15	3.13993e+15	4.7099e+15	6.27986e+15	7.84983e+15	9.41979e+15	1.10389e+16	1.26309e+16	1.38161e+16	2.32732e+16	3.09707e+17	4.54041e+17	2.70189	4.62798	4.62798	4.62798	4.62798	4.62798	4.62798	4.62798	4.62798	4.65245	4.71021	4.69412	4.68986	4.68986	4.68986	
51557.2	6.85519e+17	2.78647e+17	1.21937e+17	7.71503e+16	1.54301e+17	2.31451e+17	3.08601e+17	3.85752e+17	4.62902e+17	5.39965e+17	6.17051e+17	6.94752e+17	7.59116e+17	3.35208e+17	8.60029e+15	6.29061e+15	5.6741e+15	2.483e+15	1.57101e+15	3.14203e+15	4.71304e+15	6.28406e+15	7.85507e+15	9.42609e+15	1.10521e+16	1.26642e+16	1.38866e+16	2.32733e+16	3.09707e+17	4.54041e+17	2.69611	4.61932	4.61932	4.61932	4.61932	4.61932	4.61932	4.61932	4.61932	4.6451	4.707	4.694	4.68986	4.68986	4.68986	
51808.3	6.8552e+17	2.78641e+17	1.21934e+17	7.71487e+16	1.54297e+17	2.31446e+17	3.08595e+17	3.85744e+17	4.62892e+17	5.39944e+17	6.16997e+17	6.94634e+17	7.59116e+17	3.35208e+17	8.60029e+15	6.28994e+15	5.67778e+15	2.48461e+15	1.57203e+15	3.14407e+15	4.7161e+15	6.28814e+15	7.86017e+15	9.43221e+15	1.10654e+16	1.26984e+16	1.39613e+16	2.32733e+16	3.09707e+17	4.54041e+17	2.69085	4.61022	4.61022	4.61022	4.61022	4.61022	4.61022	4.61022	4.61022	4.63734	4.70348	4.69383	4.68986	4.68986	4.68986	
52059.1	6.85521e+17	2.78636e+17	1.21932e+17	7.71472e+16	1.54294e+17	2.31441e+17	3.08589e+17	3.85736e+17	4.62883e+17	5.39923e+17	6.16941e+17	6.9451e+17	7.59116e+17	3.35208e+17	8.60029e+15	6.28927e+15	5.68135e+15	2.48617e+15	1.57302e+15	3.14605e+15	4.71907e+15	6.29209e+15	7.86512e+15	9.43814e+15	1.10786e+16	1.27337e+16	1.40401e+16	2.32734e+16	3.09707e+17	4.54041e+17	2.68607	4.60069	4.60069	4.60069	4.60069	4.60069	4.60069	4.60069	4.60069	4.62916	4.69965	4.6936	4.68986	4.68986	4.68986	
52310.2	6.85522e+17	2.7863e+17	1.21929e+17	7.71456e+16	1.54291e+17	2.31437e+17	3.08583e+17	3.85728e+17	4.62874e+17	5.39903e+17	6.16884e+17	6.94378e+17	7.59116e+17	3.35208e+17	8.60029e+15	6.28862e+15	5.68482e+15	2.48769e+15	1.57398e+15	3.14797e+15	4.72195e+15	6.29593e+15	7.86992e+15	9.4439e+15	1.10919e+16	1.27699e+16	1.41232e+16	2.32735e+16	3.09707e+17	4.54041e+17	2.68176	4.5907	4.5907	4.5907	4.5907	4.5907	4.5907	4.5907	4.5907	4.62053	4.6955	4.69329	4.68986	4.68986	4.68986	
52561.4	6.85524e+17	2.78625e+17	1.21927e+17	7.71442e+16	1.54288e+17	2.31433e+17	3.08577e+17	3.85721e+17	4.62865e+17	5.39882e+17	6.16825e+17	6.94239e+17	7.59116e+17	3.35208e+17	8.60029e+15	6.28798e+15	5.68819e+15	2.48916e+15	1.57491e+15	3.14983e+15	4.72474e+15	6.29966e+15	7.87457e+15	9.44949e+15	1.11051e+16	1.28072e+16	1.4211e+16	2.32735e+16	3.09707e+17	4.54041e+17	2.67789	4.58025	4.58025	4.58025	4.58025	4.58025	4.58025	4.58025	4.58025	4.61147	4.691	4.6929	4.68986	4.68986	4.68986	
52812.3	6.85525e+17	2.7862e+17	1.21925e+17	7.71428e+16	1.54286e+17	2.31428e+17	3.08571e+17	3.85714e+17	4.62857e+17	5.39861e+17	6.16764e+17	6.94093e+17	7.59116e+17	3.35208e+17	8.60029e+15	6.28735e+15	5.69144e+15	2.49059e+15	1.57582e+15	3.15163e+15	4.72745e+15	6.30326e+15	7.87908e+15	9.4549e+15	1.11183e+16	1.28454e+16	1.43034e+16	2.32736e+16	3.09707e+17	4.54041e+17	2.67442	4.56935	4.56935	4.56935	4.56935	4.56935	4.56935	4.56935	4.56935	4.60196	4.68615	4.69243	4.68986	4.68986	4.68986	
53063.4	6.85526e+17	2.78615e+17	1.21923e+17	7.71414e+16	1.54283e+17	2.31424e+17	3.08566e+17	3.85707e+17	4.62848e+17	5.3984e+17	6.16702e+17	6.9394e+17	7.59116e+17	3.35208e+17	8.6003e+15	6.28672e+15	5.6946e+15	2.49197e+15	1.57669e+15	3.15338e+15	4.73007e+15	6.30676e+15	7.88345e+15	9.46014e+15	1.11315e+16	1.28846e+16	1.44007e+16	2.32737e+16	3.09707e+17	4.54041e+17	2.67135	4.55799	4.55799	4.55799	4.55799	4.55799	4.55799	4.55799	4.55799	4.592	4.68093	4.69185	4.68986	4.68986	4.68986	
53314.7	6.85527e+17	2.7861e+17	1.2192e+17	7.71401e+16	1.5428e+17	2.3142e+17	3.0856e+17	3.857e+17	4.6284e+17	5.39819e+17	6.16639e+17	6.93778e+17	7.59116e+17	3.35208e+17	8.6003e+15	6.28611e+15	5.69765e+15	2.49331e+15	1.57753e+15	3.15507e+15	4.7326e+15	6.31014e+15	7.88767e+15	9.46521e+15	1.11447e+16	1.29249e+16	1.4503e+16	2.32739e+16	3.09707e+17	4.54041e+17	2.66863	4.54616	4.54616	4.54616	4.54616	4.54616	4.54616	4.54616	4.54616	4.58158	4.67534	4.69117	4.68986	4.68986	4.68986	
53565.7	6.85528e+17	2.78605e+17	1.21918e+17	7.71388e+16	1.54278e+17	2.31416e+17	3.08555e+17	3.85694e+17	4.62833e+17	5.39798e+17	6.16574e+17	6.93608e+17	7.59116e+17	3.35208e+17	8.6003e+15	6.2855e+15	5.7006e+15	2.4946e+15	1.57835e+15	3.1567e+15	4.73505e+15	6.3134e+15	7.89176e+15	9.47011e+15	1.11578e+16	1.29661e+16	1.46104e+16	2.3274e+16	3.09707e+17	4.54042e+17	2.66627	4.53388	4.53388	4.53388	4.53388	4.53388	4.53388	4.53388	4.53388	4.57071	4.66936	4.69036	4.68986	4.68986	4.68986	
53816.9	6.85529e+17	2.78601e+17	1.21916e+17	7.71375e+16	1.54275e+17	2.31413e+17	3.0855e+17	3.85688e+17	4.62825e+17	5.39778e+17	6.16507e+17	6.9343e+17	7.59116e+17	3.35208e+17	8.6003e+15	6.2849e+15	5.70345e+15	2.49584e+15	1.57914e+15	3.15828e+15	4.73742e+15	6.31656e+15	7.8957e+15	9.47484e+15	1.11709e+16	1.30083e+16	1.4723e+16	2.32742e+16	3.09707e+17	4.54042e+17	2.66422	4.52113	4.52113	4.52113	4.52113	4.52113	4.52113	4.52113	4.52113	4.55936	4.66298	4.68943	4.68986	4.68986	4.68986	
54068.3	6.8553e+17	2.78596e+17	1.21915e+17	7.71363e+16	1.54273e+17	2.31409e+17	3.08545e+17	3.85682e+17	4.62818e+17	5.39757e+17	6.16439e+17	6.93243e+17	7.59116e+17	3.35208e+17	8.6003e+15	6.28431e+15	5.7062e+15	2.49705e+15	1.5799e+15	3.1598e+15	4.73971e+15	6.31961e+15	7.89951e+15	9.47941e+15	1.1184e+16	1.30515e+16	1.48412e+16	2.32744e+16	3.09707e+17	4.54042e+17	2.66248	4.5079	4.5079	4.5079	4.5079	4.5079	4.5079	4.5079	4.5079	4.54755	4.65619	4.68835	4.68986	4.68986	4.68986	
54319.3	6.85531e+17	2.78592e+17	1.21913e+17	7.71352e+16	1.5427e+17	2.31406e+17	3.08541e+17	3.85676e+17	4.62811e+17	5.39737e+17	6.16369e+17	6.93048e+17	7.59115e+17	3.35208e+17	8.6003e+15	6.28373e+15	5.70885e+15	2.49821e+15	1.58064e+15	3.16127e+15	4.74191e+15	6.32254e+15	7.90318e+15	9.48382e+15	1.1197e+16	1.30956e+16	1.49647e+16	2.32747e+16	3.09708e+17	4.54042e+17	2.66103	4.49424	4.49424	4.49424	4.49424	4.49424	4.49424	4.49424	4.49424	4.53528	4.64898	4.68713	4.68986	4.68986	4.68986	
54570.6	6.85532e+17	2.78588e+17	1.21911e+17	7.71341e+16	1.54268e+17	2.31402e+17	3.08536e+17	3.8567e+17	4.62804e+17	5.39716e+17	6.16298e+17	6.92844e+17	7.59115e+17	3.35208e+17	8.6003e+15	6.28315e+15	5.71141e+15	2.49933e+15	1.58134e+15	3.16269e+15	4.74403e+15	6.32537e+15	7.90672e+15	9.48806e+15	1.121e+16	1.31406e+16	1.50938e+16	2.3275e+16	3.09708e+17	4.54042e+17	2.65985	4.4801	4.4801	4.4801	4.4801	4.4801	4.4801	4.4801	4.4801	4.52253	4.64135	4.68573	4.68986	4.68986	4.68986	
54822	6.85533e+17	2.78584e+17	1.21909e+17	7.7133e+16	1.54266e+17	2.31399e+17	3.08532e+17	3.85665e+17	4.62798e+17	5.39696e+17	6.16225e+17	6.9263e+17	7.59114e+17	3.35209e+17	8.6003e+15	6.28258e+15	5.71387e+15	2.5004e+15	1.58203e+15	3.16405e+15	4.74608e+15	6.3281e+15	7.91013e+15	9.49215e+15	1.12228e+16	1.31865e+16	1.52288e+16	2.32753e+16	3.09708e+17	4.54042e+17	2.65893	4.46549	4.46549	4.46549	4.46549	4.46549	4.46549	4.46549	4.46549	4.50931	4.63326	4.68416	4.68986	4.68986	4.68986	
55073.2	6.85534e+17	2.78581e+17	1.21908e+17	7.7132e+16	1.54264e+17	2.31396e+17	3.08528e+17	3.8566e+17	4.62792e+17	5.39676e+17	6.16152e+17	6.92408e+17	7.59114e+17	3.35209e+17	8.6003e+15	6.28202e+15	5.71623e+15	2.50144e+15	1.58268e+15	3.16536e+15	4.74804e+15	6.33072e+15	7.9134e+15	9.49608e+15	1.12356e+16	1.32332e+16	1.53694e+16	2.32757e+16	3.09708e+17	4.54042e+17	2.65824	4.45046	4.45046	4.45046	4.45046	4.45046	4.45046	4.45046	4.45046	4.49564	4.62474	4.6824	4.68986	4.68986	4.68986	
55324.5	6.85535e+17	2.78577e+17	1.21906e+17	7.7131e+16	1.54262e+17	2.31393e+17	3.08524e+17	3.85655e+17	4.62786e+17	5.39656e+17	6.16077e+17	6.92177e+17	7.59113e+17	3.35209e+17	8.6003e+15	6.28147e+15	5.71851e+15	2.50243e+15	1.58331e+15	3.16662e+15	4.74993e+15	6.33324e+15	7.91655e+15	9.49986e+15	1.12483e+16	1.32806e+16	1.55158e+16	2.32762e+16	3.09708e+17	4.54042e+17	2.65778	4.43496	4.43496	4.43496	4.43496	4.43496	4.43496	4.43496	4.43496	4.4815	4.61576	4.68044	4.68986	4.68986	4.68986	
55576	6.85536e+17	2.78574e+17	1.21905e+17	7.713e+16	1.5426e+17	2.3139e+17	3.0852e+17	3.8565e+17	4.6278e+17	5.39636e+17	6.16e+17	6.91935e+17	7.59112e+17	3.35209e+17	8.6003e+15	6.28092e+15	5.72069e+15	2.50339e+15	1.58392e+15	3.16783e+15	4.75175e+15	6.33566e+15	7.91958e+15	9.50349e+15	1.12609e+16	1.33289e+16	1.56683e+16	2.32767e+16	3.09708e+17	4.54042e+17	2.65753	4.41901	4.41901	4.41901	4.41901	4.41901	4.41901	4.41901	4.41901	4.46688	4.60632	4.67825	4.68986	4.68986	4.68986	
55827.2	6.85537e+17	2.7857e+17	1.21903e+17	7.71291e+16	1.54258e+17	2.31387e+17	3.08516e+17	3.85646e+17	4.62775e+17	5.39616e+17	6.15923e+17	6.91685e+17	7.59111e+17	3.35209e+17	8.6003e+15	6.28038e+15	5.72279e+15	2.50431e+15	1.5845e+15	3.16899e+15	4.75349e+15	6.33798e+15	7.92248e+15	9.50697e+15	1.12734e+16	1.33777e+16	1.58265e+16	2.32773e+16	3.09708e+17	4.54042e+17	2.65748	4.40265	4.40265	4.40265	4.40265	4.40265	4.40265	4.40265	4.40265	4.45183	4.59641	4.67584	4.68986	4.68986	4.68986	
56078.6	6.85538e+17	2.78567e+17	1.21902e+17	7.71282e+16	1.54256e+17	2.31385e+17	3.08513e+17	3.85641e+17	4.62769e+17	5.39597e+17	6.15845e+17	6.91425e+17	7.5911e+17	3.35209e+17	8.6003e+15	6.27984e+15	5.7248e+15	2.50519e+15	1.58505e+15	3.1701e+15	4.75515e+15	6.3402e+15	7.92526e+15	9.51031e+15	1.12858e+16	1.34272e+16	1.59906e+16	2.3278e+16	3.09708e+17	4.54042e+17	2.65761	4.38585	4.38585	4.38585	4.38585	4.38585	4.38585	4.38585	4.38585	4.43631	4.58603	4.67318	4.68985	4.68986	4.68986	
56330.2	6.85539e+17	2.78564e+17	1.219e+17	7.71274e+16	1.54255e+17	2.31382e+17	3.0851e+17	3.85637e+17	4.62764e+17	5.39577e+17	6.15766e+17	6.91156e+17	7.59109e+17	3.35209e+17	8.6003e+15	6.27931e+15	5.72672e+15	2.50603e+15	1.58558e+15	3.17117e+15	4.75675e+15	6.34233e+15	7.92792e+15	9.5135e+15	1.1298e+16	1.34774e+16	1.61608e+16	2.32788e+16	3.09708e+17	4.54042e+17	2.65793	4.36862	4.36862	4.36862	4.36862	4.36862	4.36862	4.36862	4.36862	4.42034	4.57516	4.67026	4.68985	4.68986	4.68986	
56581.5	6.8554e+17	2.78561e+17	1.21899e+17	7.71266e+16	1.54253e+17	2.3138e+17	3.08506e+17	3.85633e+17	4.6276e+17	5.39558e+17	6.15686e+17	6.90878e+17	7.59107e+17	3.35209e+17	8.60031e+15	6.27878e+15	5.72856e+15	2.50683e+15	1.58609e+15	3.17219e+15	4.75828e+15	6.34437e+15	7.93046e+15	9.51655e+15	1.13101e+16	1.35279e+16	1.63367e+16	2.32797e+16	3.09708e+17	4.54042e+17	2.6584	4.351	4.351	4.351	4.351	4.351	4.351	4.351	4.351	4.40395	4.56383	4.66707	4.68985	4.68986	4.68986	
56832.9	6.85541e+17	2.78559e+17	1.21898e+17	7.71258e+16	1.54252e+17	2.31378e+17	3.08503e+17	3.85629e+17	4.62755e+17	5.3954e+17	6.15605e+17	6.9059e+17	7.59105e+17	3.35209e+17	8.60031e+15	6.27826e+15	5.73031e+15	2.5076e+15	1.58658e+15	3.17316e+15	4.75974e+15	6.34631e+15	7.93289e+15	9.51947e+15	1.1322e+16	1.35789e+16	1.65184e+16	2.32808e+16	3.09708e+17	4.54042e+17	2.65904	4.33297	4.33297	4.33297	4.33297	4.33297	4.33297	4.33297	4.33297	4.38712	4.552	4.66359	4.68985	4.68986	4.68986	
57084.5	6.85542e+17	2.78556e+17	1.21897e+17	7.71251e+16	1.5425e+17	2.31375e+17	3.085e+17	3.85626e+17	4.62751e+17	5.39521e+17	6.15524e+17	6.90293e+17	7.59104e+17	3.35209e+17	8.60031e+15	6.27774e+15	5.73199e+15	2.50833e+15	1.58704e+15	3.17408e+15	4.76113e+15	6.34817e+15	7.93521e+15	9.52225e+15	1.13337e+16	1.36304e+16	1.67061e+16	2.3282e+16	3.09708e+17	4.54042e+17	2.65982	4.31453	4.31453	4.31453	4.31453	4.31453	4.31453	4.31453	4.31453	4.36985	4.53968	4.65981	4.68984	4.68986	4.68986	
57335.9	6.85543e+17	2.78553e+17	1.21896e+17	7.71244e+16	1.54249e+17	2.31373e+17	3.08498e+17	3.85622e+17	4.62747e+17	5.39503e+17	6.15442e+17	6.89988e+17	7.59101e+17	3.35209e+17	8.60031e+15	6.27723e+15	5.73358e+15	2.50903e+15	1.58748e+15	3.17497e+15	4.76245e+15	6.34993e+15	7.93742e+15	9.5249e+15	1.13452e+16	1.3682e+16	1.68991e+16	2.32833e+16	3.09708e+17	4.54042e+17	2.66073	4.29574	4.29574	4.29574	4.29574	4.29574	4.29574	4.29574	4.29574	4.35218	4.52688	4.65571	4.68984	4.68986	4.68986	
57587.4	6.85544e+17	2.78551e+17	1.21895e+17	7.71238e+16	1.54248e+17	2.31371e+17	3.08495e+17	3.85619e+17	4.62743e+17	5.39485e+17	6.1536e+17	6.89673e+17	7.59099e+17	3.35209e+17	8.60031e+15	6.27672e+15	5.7351e+15	2.50969e+15	1.5879e+15	3.17581e+15	4.76371e+15	6.35162e+15	7.93952e+15	9.52743e+15	1.13566e+16	1.37339e+16	1.70978e+16	2.32849e+16	3.09708e+17	4.54042e+17	2.66178	4.27658	4.27658	4.27658	4.27658	4.27658	4.27658	4.27658	4.27658	4.3341	4.5136	4.65128	4.68983	4.68986	4.68986	
57839	6.85545e+17	2.78549e+17	1.21894e+17	7.71231e+16	1.54246e+17	2.31369e+17	3.08493e+17	3.85616e+17	4.62739e+17	5.39467e+17	6.15278e+17	6.8935e+17	7.59096e+17	3.35209e+17	8.60031e+15	6.27622e+15	5.73654e+15	2.51033e+15	1.5883e+15	3.17661e+15	4.76491e+15	6.35322e+15	7.94152e+15	9.52982e+15	1.13677e+16	1.37859e+16	1.7302e+16	2.32866e+16	3.09708e+17	4.54042e+17	2.66294	4.25705	4.25705	4.25705	4.25705	4.25705	4.25705	4.25705	4.25705	4.31562	4.49981	4.6465	4.68983	4.68986	4.68986	
58090.4	6.85546e+17	2.78547e+17	1.21893e+17	7.71225e+16	1.54245e+17	2.31368e+17	3.0849e+17	3.85613e+17	4.62735e+17	5.3945e+17	6.15196e+17	6.89019e+17	7.59093e+17	3.35209e+17	8.60031e+15	6.27572e+15	5.73791e+15	2.51092e+15	1.58868e+15	3.17737e+15	4.76605e+15	6.35473e+15	7.94341e+15	9.5321e+15	1.13786e+16	1.38379e+16	1.75112e+16	2.32886e+16	3.09708e+17	4.54042e+17	2.66422	4.2372	4.2372	4.2372	4.2372	4.2372	4.2372	4.2372	4.2372	4.29677	4.48556	4.64136	4.68982	4.68986	4.68986	
58341.9	6.85546e+17	2.78545e+17	1.21892e+17	7.7122e+16	1.54244e+17	2.31366e+17	3.08488e+17	3.8561e+17	4.62732e+17	5.39433e+17	6.15114e+17	6.88679e+17	7.59089e+17	3.35209e+17	8.60031e+15	6.27523e+15	5.73921e+15	2.51149e+15	1.58904e+15	3.17808e+15	4.76712e+15	6.35617e+15	7.94521e+15	9.53425e+15	1.13893e+16	1.38899e+16	1.77256e+16	2.32908e+16	3.09708e+17	4.54042e+17	2.66561	4.21702	4.21702	4.21702	4.21702	4.21702	4.21702	4.21702	4.21702	4.27754	4.47082	4.63585	4.68981	4.68986	4.68986	
58593.7	6.85547e+17	2.78543e+17	1.21891e+17	7.71215e+16	1.54243e+17	2.31364e+17	3.08486e+17	3.85607e+17	4.62729e+17	5.39417e+17	6.15032e+17	6.88332e+17	7.59085e+17	3.35209e+17	8.60031e+15	6.27474e+15	5.74043e+15	2.51203e+15	1.58938e+15	3.17876e+15	4.76814e+15	6.35752e+15	7.94691e+15	9.53629e+15	1.13997e+16	1.39418e+16	1.7945e+16	2.32933e+16	3.09708e+17	4.54042e+17	2.66709	4.19651	4.19651	4.19651	4.19651	4.19651	4.19651	4.19651	4.19651	4.25795	4.45559	4.62995	4.68981	4.68986	4.68986	
58845.1	6.85548e+17	2.78541e+17	1.2189e+17	7.7121e+16	1.54242e+17	2.31363e+17	3.08484e+17	3.85605e+17	4.62726e+17	5.39401e+17	6.1495e+17	6.87978e+17	7.59081e+17	3.35209e+17	8.60031e+15	6.27425e+15	5.74159e+15	2.51254e+15	1.5897e+15	3.1794e+15	4.7691e+15	6.35881e+15	7.94851e+15	9.53821e+15	1.14098e+16	1.39934e+16	1.81686e+16	2.32961e+16	3.09708e+17	4.54042e+17	2.66867	4.17573	4.17573	4.17573	4.17573	4.17573	4.17573	4.17573	4.17573	4.23803	4.43991	4.62366	4.6898	4.68986	4.68986	
59096.7	6.85549e+17	2.78539e+17	1.2189e+17	7.71205e+16	1.54241e+17	2.31361e+17	3.08482e+17	3.85602e+17	4.62723e+17	5.39385e+17	6.14869e+17	6.87616e+17	7.59076e+17	3.35209e+17	8.60031e+15	6.27377e+15	5.74268e+15	2.51301e+15	1.59e+15	3.18001e+15	4.77001e+15	6.36001e+15	7.95002e+15	9.54002e+15	1.14197e+16	1.40447e+16	1.83968e+16	2.32992e+16	3.09708e+17	4.54042e+17	2.67033	4.15466	4.15466	4.15466	4.15466	4.15466	4.15466	4.15466	4.15466	4.21777	4.42375	4.61695	4.68979	4.68986	4.68986	
59348.4	6.8555e+17	2.78538e+17	1.21889e+17	7.712e+16	1.5424e+17	2.3136e+17	3.0848e+17	3.856e+17	4.6272e+17	5.3937e+17	6.14788e+17	6.87248e+17	7.5907e+17	3.35209e+17	8.60031e+15	6.27329e+15	5.74371e+15	2.51346e+15	1.59029e+15	3.18058e+15	4.77086e+15	6.36115e+15	7.95144e+15	9.54173e+15	1.14293e+16	1.40957e+16	1.86292e+16	2.33026e+16	3.09708e+17	4.54042e+17	2.67208	4.13331	4.13331	4.13331	4.13331	4.13331	4.13331	4.13331	4.13331	4.19718	4.40712	4.60981	4.68977	4.68986	4.68986	
59599.9	6.85551e+17	2.78536e+17	1.21888e+17	7.71196e+16	1.54239e+17	2.31359e+17	3.08479e+17	3.85598e+17	4.62718e+17	5.39356e+17	6.14708e+17	6.86874e+17	7.59064e+17	3.35209e+17	8.60031e+15	6.27281e+15	5.74467e+15	2.51388e+15	1.59055e+15	3.18111e+15	4.77166e+15	6.36221e+15	7.95277e+15	9.54332e+15	1.14385e+16	1.41461e+16	1.88651e+16	2.33065e+16	3.09708e+17	4.54042e+17	2.6739	4.11175	4.11175	4.11175	4.11175	4.11175	4.11175	4.11175	4.11175	4.17632	4.39006	4.60225	4.68976	4.68986	4.68986	
59851.5	6.85552e+17	2.78535e+17	1.21888e+17	7.71192e+16	1.54238e+17	2.31358e+17	3.08477e+17	3.85596e+17	4.62715e+17	5.39342e+17	6.1463e+17	6.86495e+17	7.59057e+17	3.35209e+17	8.60031e+15	6.27234e+15	5.74557e+15	2.51428e+15	1.5908e+15	3.18161e+15	4.77241e+15	6.36321e+15	7.95401e+15	9.54482e+15	1.14475e+16	1.4196e+16	1.91046e+16	2.33108e+16	3.09708e+17	4.54042e+17	2.6758	4.08993	4.08993	4.08993	4.08993	4.08993	4.08993	4.08993	4.08993	4.15516	4.37254	4.59424	4.68974	4.68986	4.68986	
60103.3	6.85553e+17	2.78533e+17	1.21887e+17	7.71189e+16	1.54238e+17	2.31357e+17	3.08476e+17	3.85594e+17	4.62713e+17	5.39328e+17	6.14552e+17	6.8611e+17	7.59049e+17	3.35209e+17	8.60031e+15	6.27187e+15	5.74641e+15	2.51464e+15	1.59104e+15	3.18207e+15	4.77311e+15	6.36414e+15	7.95518e+15	9.54621e+15	1.14561e+16	1.42452e+16	1.93473e+16	2.33156e+16	3.09708e+17	4.54042e+17	2.67776	4.0679	4.0679	4.0679	4.0679	4.0679	4.0679	4.0679	4.0679	4.13373	4.35458	4.58576	4.68972	4.68986	4.68986	
60354.8	6.85553e+17	2.78532e+17	1.21886e+17	7.71185e+16	1.54237e+17	2.31356e+17	3.08474e+17	3.85593e+17	4.62711e+17	5.39315e+17	6.14475e+17	6.85721e+17	7.59041e+17	3.35209e+17	8.60031e+15	6.2714e+15	5.74719e+15	2.51499e+15	1.59125e+15	3.1825e+15	4.77376e+15	6.36501e+15	7.95626e+15	9.54751e+15	1.14644e+16	1.42936e+16	1.95926e+16	2.33209e+16	3.09708e+17	4.54042e+17	2.67979	4.04569	4.04569	4.04569	4.04569	4.04569	4.04569	4.04569	4.04569	4.11207	4.33622	4.57683	4.6897	4.68986	4.68986	
60606.5	6.85554e+17	2.78531e+17	1.21886e+17	7.71182e+16	1.54236e+17	2.31355e+17	3.08473e+17	3.85591e+17	4.62709e+17	5.39302e+17	6.144e+17	6.85329e+17	7.59031e+17	3.35209e+17	8.60031e+15	6.27094e+15	5.74792e+15	2.5153e+15	1.59145e+15	3.18291e+15	4.77436e+15	6.36581e+15	7.95727e+15	9.54872e+15	1.14724e+16	1.43412e+16	1.98404e+16	2.33267e+16	3.09708e+17	4.54042e+17	2.68187	4.0233	4.0233	4.0233	4.0233	4.0233	4.0233	4.0233	4.0233	4.09016	4.31743	4.56742	4.68968	4.68986	4.68986	
60858.3	6.85555e+17	2.7853e+17	1.21885e+17	7.71179e+16	1.54236e+17	2.31354e+17	3.08472e+17	3.8559e+17	4.62708e+17	5.3929e+17	6.14326e+17	6.84932e+17	7.59021e+17	3.35209e+17	8.60031e+15	6.27047e+15	5.74859e+15	2.5156e+15	1.59164e+15	3.18328e+15	4.77492e+15	6.36655e+15	7.95819e+15	9.54983e+15	1.148e+16	1.43878e+16	2.00903e+16	2.33331e+16	3.09708e+17	4.54042e+17	2.68401	4.00073	4.00073	4.00073	4.00073	4.00073	4.00073	4.00073	4.00073	4.06802	4.29824	4.55753	4.68965	4.68986	4.68986	
61109.8	6.85556e+17	2.78529e+17	1.21885e+17	7.71177e+16	1.54235e+17	2.31353e+17	3.08471e+17	3.85588e+17	4.62706e+17	5.39279e+17	6.14254e+17	6.84534e+17	7.59009e+17	3.35209e+17	8.60031e+15	6.27001e+15	5.74921e+15	2.51587e+15	1.59181e+15	3.18362e+15	4.77543e+15	6.36724e+15	7.95905e+15	9.55086e+15	1.14873e+16	1.44334e+16	2.03415e+16	2.33402e+16	3.09708e+17	4.54042e+17	2.68619	3.97805	3.97805	3.97805	3.97805	3.97805	3.97805	3.97805	3.97805	4.04572	4.27868	4.54715	4.68962	4.68986	4.68986	
61361.5	6.85557e+17	2.78528e+17	1.21885e+17	7.71174e+16	1.54235e+17	2.31352e+17	3.0847e+17	3.85587e+17	4.62705e+17	5.39268e+17	6.14184e+17	6.84133e+17	7.58997e+17	3.35209e+17	8.60031e+15	6.26956e+15	5.74977e+15	2.51611e+15	1.59197e+15	3.18393e+15	4.7759e+15	6.36786e+15	7.95983e+15	9.5518e+15	1.14942e+16	1.4478e+16	2.05941e+16	2.3348e+16	3.09708e+17	4.54042e+17	2.68843	3.95523	3.95523	3.95523	3.95523	3.95523	3.95523	3.95523	3.95523	4.02322	4.25873	4.53628	4.68959	4.68986	4.68986	
61613.4	6.85558e+17	2.78527e+17	1.21884e+17	7.71172e+16	1.54234e+17	2.31352e+17	3.08469e+17	3.85586e+17	4.62703e+17	5.39258e+17	6.14115e+17	6.83731e+17	7.58983e+17	3.35209e+17	8.60032e+15	6.2691e+15	5.75029e+15	2.51634e+15	1.59211e+15	3.18422e+15	4.77633e+15	6.36844e+15	7.96054e+15	9.55265e+15	1.15007e+16	1.45213e+16	2.08476e+16	2.33566e+16	3.09708e+17	4.54042e+17	2.69071	3.93229	3.93229	3.93229	3.93229	3.93229	3.93229	3.93229	3.93229	4.00055	4.23842	4.5249	4.68955	4.68986	4.68986	
61864.9	6.85558e+17	2.78527e+17	1.21884e+17	7.7117e+16	1.54234e+17	2.31351e+17	3.08468e+17	3.85585e+17	4.62702e+17	5.39248e+17	6.14049e+17	6.83329e+17	7.58968e+17	3.35209e+17	8.60032e+15	6.26865e+15	5.75075e+15	2.51654e+15	1.59224e+15	3.18448e+15	4.77671e+15	6.36895e+15	7.96119e+15	9.55343e+15	1.15068e+16	1.45633e+16	2.11011e+16	2.33659e+16	3.09708e+17	4.54042e+17	2.69303	3.9093	3.9093	3.9093	3.9093	3.9093	3.9093	3.9093	3.9093	3.97776	4.21778	4.51303	4.68951	4.68986	4.68986	
62116.7	6.85559e+17	2.78526e+17	1.21884e+17	7.71168e+16	1.54234e+17	2.31351e+17	3.08467e+17	3.85584e+17	4.62701e+17	5.39239e+17	6.13984e+17	6.82927e+17	7.58952e+17	3.35209e+17	8.60032e+15	6.2682e+15	5.75117e+15	2.51673e+15	1.59235e+15	3.18471e+15	4.77706e+15	6.36942e+15	7.96177e+15	9.55413e+15	1.15126e+16	1.46041e+16	2.13546e+16	2.33762e+16	3.09708e+17	4.54043e+17	2.69539	3.88623	3.88623	3.88623	3.88623	3.88623	3.88623	3.88623	3.88623	3.95484	4.19681	4.50065	4.68946	4.68986	4.68986	
62368.6	6.8556e+17	2.78526e+17	1.21883e+17	7.71167e+16	1.54233e+17	2.3135e+17	3.08467e+17	3.85583e+17	4.627e+17	5.39231e+17	6.13922e+17	6.82526e+17	7.58934e+17	3.35209e+17	8.60032e+15	6.26776e+15	5.75155e+15	2.51689e+15	1.59246e+15	3.18492e+15	4.77738e+15	6.36983e+15	7.96229e+15	9.55475e+15	1.15179e+16	1.46434e+16	2.16077e+16	2.33873e+16	3.09708e+17	4.54043e+17	2.69778	3.86309	3.86309	3.86309	3.86309	3.86309	3.86309	3.86309	3.86309	3.9318	4.17552	4.48775	4.68941	4.68986	4.68986	
62620.1	6.85561e+17	2.78525e+17	1.21883e+17	7.71165e+16	1.54233e+17	2.3135e+17	3.08466e+17	3.85583e+17	4.62699e+17	5.39223e+17	6.13862e+17	6.82126e+17	7.58914e+17	3.35209e+17	8.60032e+15	6.26731e+15	5.75188e+15	2.51704e+15	1.59255e+15	3.1851e+15	4.77765e+15	6.3702e+15	7.96275e+15	9.5553e+15	1.15229e+16	1.46812e+16	2.18594e+16	2.33995e+16	3.09708e+17	4.54043e+17	2.70021	3.83995	3.83995	3.83995	3.83995	3.83995	3.83995	3.83995	3.83995	3.9087	4.15396	4.47436	4.68935	4.68986	4.68986	
62871.9	6.85562e+17	2.78525e+17	1.21883e+17	7.71164e+16	1.54233e+17	2.31349e+17	3.08466e+17	3.85582e+17	4.62699e+17	5.39216e+17	6.13805e+17	6.81729e+17	7.58893e+17	3.35209e+17	8.60032e+15	6.26687e+15	5.75217e+15	2.51716e+15	1.59263e+15	3.18526e+15	4.77789e+15	6.37052e+15	7.96315e+15	9.55578e+15	1.15275e+16	1.47175e+16	2.21097e+16	2.34127e+16	3.09708e+17	4.54043e+17	2.70267	3.81679	3.81679	3.81679	3.81679	3.81679	3.81679	3.81679	3.81679	3.88551	4.13211	4.46045	4.68929	4.68986	4.68986	
63123.8	6.85562e+17	2.78524e+17	1.21883e+17	7.71163e+16	1.54233e+17	2.31349e+17	3.08465e+17	3.85582e+17	4.62698e+17	5.39209e+17	6.1375e+17	6.81334e+17	7.5887e+17	3.35209e+17	8.60032e+15	6.26643e+15	5.75242e+15	2.51727e+15	1.5927e+15	3.1854e+15	4.7781e+15	6.3708e+15	7.9635e+15	9.5562e+15	1.15316e+16	1.47522e+16	2.23582e+16	2.34271e+16	3.09708e+17	4.54043e+17	2.70516	3.79361	3.79361	3.79361	3.79361	3.79361	3.79361	3.79361	3.79361	3.86227	4.10999	4.44603	4.68922	4.68986	4.68986	
63375.4	6.85563e+17	2.78524e+17	1.21883e+17	7.71162e+16	1.54232e+17	2.31349e+17	3.08465e+17	3.85581e+17	4.62697e+17	5.39203e+17	6.13698e+17	6.80944e+17	7.58845e+17	3.35209e+17	8.60032e+15	6.26599e+15	5.75263e+15	2.51736e+15	1.59276e+15	3.18551e+15	4.77827e+15	6.37103e+15	7.96379e+15	9.55654e+15	1.15354e+16	1.47852e+16	2.2604e+16	2.34427e+16	3.09708e+17	4.54043e+17	2.70767	3.77049	3.77049	3.77049	3.77049	3.77049	3.77049	3.77049	3.77049	3.83903	4.08765	4.43112	4.68914	4.68986	4.68986	
63627.2	6.85564e+17	2.78524e+17	1.21883e+17	7.71162e+16	1.54232e+17	2.31348e+17	3.08465e+17	3.85581e+17	4.62697e+17	5.39198e+17	6.13648e+17	6.80558e+17	7.58818e+17	3.35209e+17	8.60032e+15	6.26556e+15	5.7528e+15	2.51744e+15	1.5928e+15	3.18561e+15	4.77841e+15	6.37122e+15	7.96402e+15	9.55683e+15	1.15388e+16	1.48166e+16	2.2847e+16	2.34596e+16	3.09708e+17	4.54043e+17	2.71021	3.7474	3.7474	3.7474	3.7474	3.7474	3.7474	3.7474	3.7474	3.81576	4.06509	4.4157	4.68905	4.68986	4.68986	
63879.1	6.85565e+17	2.78523e+17	1.21883e+17	7.71161e+16	1.54232e+17	2.31348e+17	3.08464e+17	3.85581e+17	4.62697e+17	5.39193e+17	6.13601e+17	6.80178e+17	7.58789e+17	3.35209e+17	8.60032e+15	6.26512e+15	5.75293e+15	2.5175e+15	1.59284e+15	3.18568e+15	4.77853e+15	6.37137e+15	7.96421e+15	9.55705e+15	1.15418e+16	1.48461e+16	2.30867e+16	2.34779e+16	3.09708e+17	4.54043e+17	2.71278	3.72435	3.72435	3.72435	3.72435	3.72435	3.72435	3.72435	3.72435	3.79248	4.04231	4.39978	4.68895	4.68986	4.68986	
64130.8	6.85566e+17	2.78523e+17	1.21883e+17	7.71161e+16	1.54232e+17	2.31348e+17	3.08464e+17	3.8558e+17	4.62696e+17	5.39189e+17	6.13557e+17	6.79804e+17	7.58758e+17	3.35209e+17	8.60032e+15	6.26469e+15	5.75303e+15	2.51754e+15	1.59287e+15	3.18574e+15	4.77861e+15	6.37148e+15	7.96435e+15	9.55722e+15	1.15443e+16	1.48739e+16	2.33223e+16	2.34976e+16	3.09708e+17	4.54043e+17	2.71536	3.7014	3.7014	3.7014	3.7014	3.7014	3.7014	3.7014	3.7014	3.76926	4.01938	4.38339	4.68885	4.68986	4.68986	
64382.6	6.85566e+17	2.78523e+17	1.21882e+17	7.7116e+16	1.54232e+17	2.31348e+17	3.08464e+17	3.8558e+17	4.62696e+17	5.39186e+17	6.13516e+17	6.79436e+17	7.58724e+17	3.35209e+17	8.60032e+15	6.26426e+15	5.7531e+15	2.51757e+15	1.59289e+15	3.18578e+15	4.77866e+15	6.37155e+15	7.96444e+15	9.55733e+15	1.15465e+16	1.48998e+16	2.35537e+16	2.35189e+16	3.09708e+17	4.54043e+17	2.71797	3.67854	3.67854	3.67854	3.67854	3.67854	3.67854	3.67854	3.67854	3.74607	3.99628	4.36651	4.68873	4.68986	4.68986	
64634.5	6.85567e+17	2.78523e+17	1.21882e+17	7.7116e+16	1.54232e+17	2.31348e+17	3.08464e+17	3.8558e+17	4.62696e+17	5.39183e+17	6.13478e+17	6.79076e+17	7.58687e+17	3.35209e+17	8.60032e+15	6.26384e+15	5.75313e+15	2.51759e+15	1.5929e+15	3.18579e+15	4.77869e+15	6.37159e+15	7.96449e+15	9.55738e+15	1.15483e+16	1.49238e+16	2.37805e+16	2.35418e+16	3.09708e+17	4.54043e+17	2.72059	3.65577	3.65577	3.65577	3.65577	3.65577	3.65577	3.65577	3.65577	3.72292	3.97302	4.34915	4.6886	4.68986	4.68986	
64886.2	6.85568e+17	2.78523e+17	1.21882e+17	7.7116e+16	1.54232e+17	2.31348e+17	3.08464e+17	3.8558e+17	4.62696e+17	5.39181e+17	6.13444e+17	6.78724e+17	7.58648e+17	3.35209e+17	8.60032e+15	6.26341e+15	5.75314e+15	2.51759e+15	1.5929e+15	3.1858e+15	4.77869e+15	6.37159e+15	7.96449e+15	9.55739e+15	1.15497e+16	1.49459e+16	2.40018e+16	2.35664e+16	3.09708e+17	4.54043e+17	2.72323	3.63315	3.63315	3.63315	3.63315	3.63315	3.63315	3.63315	3.63315	3.69988	3.94967	4.33135	4.68846	4.68986	4.68986	
65138	6.85569e+17	2.78523e+17	1.21883e+17	7.71161e+16	1.54232e+17	2.31348e+17	3.08464e+17	3.8558e+17	4.62696e+17	5.39179e+17	6.13412e+17	6.78381e+17	7.58606e+17	3.35209e+17	8.60032e+15	6.26299e+15	5.75311e+15	2.51758e+15	1.59289e+15	3.18578e+15	4.77867e+15	6.37156e+15	7.96445e+15	9.55734e+15	1.15507e+16	1.49661e+16	2.42177e+16	2.35928e+16	3.09708e+17	4.54043e+17	2.72588	3.61065	3.61065	3.61065	3.61065	3.61065	3.61065	3.61065	3.61065	3.67692	3.92621	4.31308	4.6883	4.68986	4.68986	
65390	6.85569e+17	2.78523e+17	1.21883e+17	7.71161e+16	1.54232e+17	2.31348e+17	3.08464e+17	3.8558e+17	4.62697e+17	5.39178e+17	6.13383e+17	6.78047e+17	7.58561e+17	3.35209e+17	8.60032e+15	6.26256e+15	5.75305e+15	2.51755e+15	1.59288e+15	3.18575e+15	4.77863e+15	6.3715e+15	7.96438e+15	9.55725e+15	1.15513e+16	1.49844e+16	2.44277e+16	2.36212e+16	3.09708e+17	4.54043e+17	2.72856	3.5883	3.5883	3.5883	3.5883	3.5883	3.5883	3.5883	3.5883	3.65407	3.90265	4.29436	4.68814	4.68986	4.68986	
65641.7	6.8557e+17	2.78524e+17	1.21883e+17	7.71161e+16	1.54232e+17	2.31348e+17	3.08465e+17	3.85581e+17	4.62697e+17	5.39178e+17	6.13357e+17	6.77724e+17	7.58512e+17	3.35209e+17	8.60032e+15	6.26214e+15	5.75297e+15	2.51752e+15	1.59285e+15	3.18571e+15	4.77856e+15	6.37141e+15	7.96426e+15	9.55712e+15	1.15515e+16	1.50007e+16	2.4631e+16	2.36515e+16	3.09708e+17	4.54043e+17	2.73124	3.56615	3.56615	3.56615	3.56615	3.56615	3.56615	3.56615	3.56615	3.63136	3.87906	4.27524	4.68795	4.68986	4.68986	
65893.5	6.85571e+17	2.78524e+17	1.21883e+17	7.71162e+16	1.54232e+17	2.31349e+17	3.08465e+17	3.85581e+17	4.62697e+17	5.39178e+17	6.13334e+17	6.77412e+17	7.58461e+17	3.35209e+17	8.60032e+15	6.26172e+15	5.75286e+15	2.51747e+15	1.59282e+15	3.18565e+15	4.77847e+15	6.37129e+15	7.96411e+15	9.55693e+15	1.15513e+16	1.5015e+16	2.48276e+16	2.36839e+16	3.09708e+17	4.54043e+17	2.73394	3.54416	3.54416	3.54416	3.54416	3.54416	3.54416	3.54416	3.54416	3.60879	3.85542	4.2557	4.68775	4.68986	4.68986	
66145.5	6.85572e+17	2.78524e+17	1.21883e+17	7.71162e+16	1.54232e+17	2.31349e+17	3.08465e+17	3.85581e+17	4.62697e+17	5.39179e+17	6.13315e+17	6.7711e+17	7.58405e+17	3.35209e+17	8.60032e+15	6.26131e+15	5.75273e+15	2.51741e+15	1.59279e+15	3.18557e+15	4.77836e+15	6.37114e+15	7.96393e+15	9.55671e+15	1.15508e+16	1.50273e+16	2.50172e+16	2.37186e+16	3.09708e+17	4.54043e+17	2.73665	3.52237	3.52237	3.52237	3.52237	3.52237	3.52237	3.52237	3.52237	3.58636	3.83175	4.23574	4.68753	4.68986	4.68986	
66397.2	6.85573e+17	2.78524e+17	1.21883e+17	7.71163e+16	1.54233e+17	2.31349e+17	3.08465e+17	3.85582e+17	4.62698e+17	5.39181e+17	6.13299e+17	6.76821e+17	7.58346e+17	3.35209e+17	8.60032e+15	6.26089e+15	5.75257e+15	2.51734e+15	1.59274e+15	3.18548e+15	4.77823e+15	6.37097e+15	7.96371e+15	9.55645e+15	1.155e+16	1.50377e+16	2.51991e+16	2.37555e+16	3.09708e+17	4.54043e+17	2.73937	3.5008	3.5008	3.5008	3.5008	3.5008	3.5008	3.5008	3.5008	3.56414	3.8081	4.21543	4.6873	4.68986	4.68986	
66649	6.85573e+17	2.78525e+17	1.21883e+17	7.71164e+16	1.54233e+17	2.31349e+17	3.08466e+17	3.85582e+17	4.62698e+17	5.39183e+17	6.13285e+17	6.76544e+17	7.58284e+17	3.35209e+17	8.60032e+15	6.26048e+15	5.75239e+15	2.51726e+15	1.59269e+15	3.18538e+15	4.77808e+15	6.37077e+15	7.96346e+15	9.55615e+15	1.15487e+16	1.5046e+16	2.53732e+16	2.37949e+16	3.09708e+17	4.54043e+17	2.7421	3.47945	3.47945	3.47945	3.47945	3.47945	3.47945	3.47945	3.47945	3.54209	3.78447	4.19474	4.68704	4.68986	4.68986	
66901	6.85574e+17	2.78525e+17	1.21883e+17	7.71165e+16	1.54233e+17	2.3135e+17	3.08466e+17	3.85583e+17	4.62699e+17	5.39185e+17	6.13275e+17	6.7628e+17	7.58217e+17	3.35209e+17	8.60032e+15	6.26006e+15	5.75219e+15	2.51717e+15	1.59264e+15	3.18527e+15	4.77791e+15	6.37054e+15	7.96318e+15	9.55582e+15	1.15472e+16	1.50524e+16	2.55393e+16	2.38368e+16	3.09708e+17	4.54043e+17	2.74484	3.45832	3.45832	3.45832	3.45832	3.45832	3.45832	3.45832	3.45832	3.52023	3.76085	4.17369	4.68676	4.68986	4.68986	
67152.7	6.85575e+17	2.78525e+17	1.21883e+17	7.71166e+16	1.54233e+17	2.3135e+17	3.08466e+17	3.85583e+17	4.627e+17	5.39188e+17	6.13268e+17	6.7603e+17	7.58146e+17	3.35209e+17	8.60032e+15	6.25965e+15	5.75197e+15	2.51708e+15	1.59257e+15	3.18515e+15	4.77772e+15	6.3703e+15	7.96287e+15	9.55545e+15	1.15453e+16	1.50569e+16	2.56968e+16	2.38812e+16	3.09708e+17	4.54043e+17	2.74759	3.43747	3.43747	3.43747	3.43747	3.43747	3.43747	3.43747	3.43747	3.49861	3.73733	4.15233	4.68646	4.68986	4.68986	
67404.6	6.85576e+17	2.78526e+17	1.21884e+17	7.71167e+16	1.54233e+17	2.3135e+17	3.08467e+17	3.85584e+17	4.627e+17	5.39192e+17	6.13264e+17	6.75793e+17	7.58071e+17	3.35209e+17	8.60033e+15	6.25924e+15	5.75172e+15	2.51697e+15	1.59251e+15	3.18501e+15	4.77752e+15	6.37003e+15	7.96254e+15	9.55504e+15	1.1543e+16	1.50594e+16	2.58457e+16	2.39284e+16	3.09708e+17	4.54043e+17	2.75034	3.41686	3.41686	3.41686	3.41686	3.41686	3.41686	3.41686	3.41686	3.47721	3.71387	4.13066	4.68613	4.68986	4.68986	
67656.6	6.85576e+17	2.78526e+17	1.21884e+17	7.71168e+16	1.54234e+17	2.31351e+17	3.08467e+17	3.85584e+17	4.62701e+17	5.39196e+17	6.13263e+17	6.7557e+17	7.57991e+17	3.35209e+17	8.60033e+15	6.25884e+15	5.75146e+15	2.51686e+15	1.59243e+15	3.18487e+15	4.7773e+15	6.36974e+15	7.96217e+15	9.55461e+15	1.15405e+16	1.506e+16	2.59858e+16	2.39785e+16	3.09708e+17	4.54043e+17	2.75311	3.39651	3.39651	3.39651	3.39651	3.39651	3.39651	3.39651	3.39651	3.45604	3.69049	4.10867	4.68578	4.68986	4.68986	
67908.3	6.85577e+17	2.78527e+17	1.21884e+17	7.7117e+16	1.54234e+17	2.31351e+17	3.08468e+17	3.85585e+17	4.62702e+17	5.392e+17	6.13266e+17	6.75362e+17	7.57907e+17	3.35209e+17	8.60033e+15	6.25843e+15	5.75118e+15	2.51673e+15	1.59236e+15	3.18472e+15	4.77707e+15	6.36943e+15	7.96179e+15	9.55415e+15	1.15376e+16	1.50587e+16	2.61165e+16	2.40315e+16	3.09708e+17	4.54043e+17	2.75588	3.37646	3.37646	3.37646	3.37646	3.37646	3.37646	3.37646	3.37646	3.43515	3.66726	4.08645	4.6854	4.68986	4.68986	
68160.2	6.85578e+17	2.78527e+17	1.21884e+17	7.71171e+16	1.54234e+17	2.31351e+17	3.08468e+17	3.85585e+17	4.62703e+17	5.39205e+17	6.13271e+17	6.75169e+17	7.57818e+17	3.35209e+17	8.60033e+15	6.25803e+15	5.75089e+15	2.5166e+15	1.59228e+15	3.18455e+15	4.77683e+15	6.3691e+15	7.96138e+15	9.55365e+15	1.15345e+16	1.50555e+16	2.6238e+16	2.40875e+16	3.09708e+17	4.54043e+17	2.75865	3.35668	3.35668	3.35668	3.35668	3.35668	3.35668	3.35668	3.35668	3.4145	3.64414	4.06396	4.68499	4.68986	4.68986	
68412.2	6.85579e+17	2.78528e+17	1.21884e+17	7.71172e+16	1.54234e+17	2.31352e+17	3.08469e+17	3.85586e+17	4.62703e+17	5.39211e+17	6.13279e+17	6.74991e+17	7.57724e+17	3.35209e+17	8.60033e+15	6.25762e+15	5.75058e+15	2.51647e+15	1.59219e+15	3.18438e+15	4.77657e+15	6.36876e+15	7.96095e+15	9.55314e+15	1.1531e+16	1.50505e+16	2.635e+16	2.41467e+16	3.09708e+17	4.54043e+17	2.76144	3.33719	3.33719	3.33719	3.33719	3.33719	3.33719	3.33719	3.33719	3.39412	3.62116	4.04123	4.68455	4.68986	4.68986	
68663.9	6.85579e+17	2.78528e+17	1.21885e+17	7.71174e+16	1.54235e+17	2.31352e+17	3.0847e+17	3.85587e+17	4.62704e+17	5.39217e+17	6.13289e+17	6.74828e+17	7.57624e+17	3.35209e+17	8.60033e+15	6.25722e+15	5.75025e+15	2.51632e+15	1.5921e+15	3.1842e+15	4.7763e+15	6.3684e+15	7.9605e+15	9.55259e+15	1.15273e+16	1.50437e+16	2.64523e+16	2.42091e+16	3.09708e+17	4.54043e+17	2.76422	3.31803	3.31803	3.31803	3.31803	3.31803	3.31803	3.31803	3.31803	3.37405	3.59838	4.01832	4.68408	4.68986	4.68986	
68915.8	6.8558e+17	2.78529e+17	1.21885e+17	7.71175e+16	1.54235e+17	2.31353e+17	3.0847e+17	3.85588e+17	4.62705e+17	5.39223e+17	6.13303e+17	6.74681e+17	7.5752e+17	3.35209e+17	8.60033e+15	6.25682e+15	5.74991e+15	2.51618e+15	1.592e+15	3.18401e+15	4.77601e+15	6.36802e+15	7.96002e+15	9.55203e+15	1.15233e+16	1.50351e+16	2.65449e+16	2.42749e+16	3.09708e+17	4.54043e+17	2.76701	3.29917	3.29917	3.29917	3.29917	3.29917	3.29917	3.29917	3.29917	3.35426	3.57576	3.99522	4.68357	4.68986	4.68986	
69167.9	6.85581e+17	2.78529e+17	1.21885e+17	7.71177e+16	1.54235e+17	2.31353e+17	3.08471e+17	3.85589e+17	4.62706e+17	5.3923e+17	6.13319e+17	6.74549e+17	7.57409e+17	3.35209e+17	8.60033e+15	6.25642e+15	5.74956e+15	2.51602e+15	1.59191e+15	3.18381e+15	4.77572e+15	6.36763e+15	7.95953e+15	9.55144e+15	1.15191e+16	1.50248e+16	2.66276e+16	2.43443e+16	3.09708e+17	4.54043e+17	2.76981	3.28062	3.28062	3.28062	3.28062	3.28062	3.28062	3.28062	3.28062	3.33477	3.55333	3.97194	4.68303	4.68986	4.68986	
69419.6	6.85581e+17	2.7853e+17	1.21885e+17	7.71179e+16	1.54236e+17	2.31354e+17	3.08471e+17	3.85589e+17	4.62707e+17	5.39237e+17	6.13338e+17	6.74434e+17	7.57294e+17	3.35209e+17	8.60033e+15	6.25603e+15	5.74919e+15	2.51586e+15	1.59181e+15	3.18361e+15	4.77542e+15	6.36722e+15	7.95903e+15	9.55083e+15	1.15146e+16	1.50129e+16	2.67003e+16	2.44171e+16	3.09708e+17	4.54043e+17	2.77261	3.26242	3.26242	3.26242	3.26242	3.26242	3.26242	3.26242	3.26242	3.31561	3.53113	3.94854	4.68245	4.68986	4.68986	
69671.5	6.85582e+17	2.7853e+17	1.21886e+17	7.7118e+16	1.54236e+17	2.31354e+17	3.08472e+17	3.8559e+17	4.62708e+17	5.39244e+17	6.1336e+17	6.74334e+17	7.57172e+17	3.35209e+17	8.60033e+15	6.25563e+15	5.74881e+15	2.51569e+15	1.5917e+15	3.1834e+15	4.7751e+15	6.3668e+15	7.9585e+15	9.5502e+15	1.15099e+16	1.49993e+16	2.6763e+16	2.44937e+16	3.09708e+17	4.54043e+17	2.77542	3.24454	3.24454	3.24454	3.24454	3.24454	3.24454	3.24454	3.24454	3.29675	3.50915	3.92502	4.68183	4.68986	4.68986	
69923.5	6.85583e+17	2.78531e+17	1.21886e+17	7.71182e+16	1.54236e+17	2.31355e+17	3.08473e+17	3.85591e+17	4.62709e+17	5.39252e+17	6.13384e+17	6.7425e+17	7.57044e+17	3.35209e+17	8.60033e+15	6.25524e+15	5.74842e+15	2.51552e+15	1.59159e+15	3.18318e+15	4.77478e+15	6.36637e+15	7.95796e+15	9.54955e+15	1.1505e+16	1.49841e+16	2.68158e+16	2.45741e+16	3.09708e+17	4.54043e+17	2.77823	3.22698	3.22698	3.22698	3.22698	3.22698	3.22698	3.22698	3.22698	3.27821	3.4874	3.90139	4.68116	4.68986	4.68986	
70175.2	6.85584e+17	2.78532e+17	1.21886e+17	7.71184e+16	1.54237e+17	2.31355e+17	3.08474e+17	3.85592e+17	4.6271e+17	5.3926e+17	6.1341e+17	6.74182e+17	7.5691e+17	3.35209e+17	8.60033e+15	6.25484e+15	5.74802e+15	2.51535e+15	1.59148e+15	3.18296e+15	4.77444e+15	6.36593e+15	7.95741e+15	9.54889e+15	1.14998e+16	1.49674e+16	2.68585e+16	2.46583e+16	3.09708e+17	4.54043e+17	2.78104	3.20979	3.20979	3.20979	3.20979	3.20979	3.20979	3.20979	3.20979	3.26003	3.46593	3.87771	4.68045	4.68986	4.68986	
70427.1	6.85584e+17	2.78532e+17	1.21886e+17	7.71186e+16	1.54237e+17	2.31356e+17	3.08474e+17	3.85593e+17	4.62711e+17	5.39269e+17	6.13439e+17	6.7413e+17	7.5677e+17	3.35209e+17	8.60033e+15	6.25445e+15	5.74761e+15	2.51517e+15	1.59137e+15	3.18274e+15	4.7741e+15	6.36547e+15	7.95684e+15	9.54821e+15	1.14945e+16	1.49493e+16	2.68912e+16	2.47465e+16	3.09708e+17	4.54043e+17	2.78385	3.19294	3.19294	3.19294	3.19294	3.19294	3.19294	3.19294	3.19294	3.24217	3.44471	3.85398	4.6797	4.68986	4.68986	
70679.2	6.85585e+17	2.78533e+17	1.21887e+17	7.71188e+16	1.54238e+17	2.31356e+17	3.08475e+17	3.85594e+17	4.62713e+17	5.39278e+17	6.1347e+17	6.74094e+17	7.56623e+17	3.35209e+17	8.60033e+15	6.25406e+15	5.74719e+15	2.51499e+15	1.59125e+15	3.1825e+15	4.77376e+15	6.36501e+15	7.95626e+15	9.54751e+15	1.1489e+16	1.49297e+16	2.6914e+16	2.48388e+16	3.09708e+17	4.54043e+17	2.78667	3.17642	3.17642	3.17642	3.17642	3.17642	3.17642	3.17642	3.17642	3.22464	3.42377	3.8302	4.67889	4.68986	4.68986	
70930.9	6.85586e+17	2.78534e+17	1.21887e+17	7.7119e+16	1.54238e+17	2.31357e+17	3.08476e+17	3.85595e+17	4.62714e+17	5.39287e+17	6.13503e+17	6.74073e+17	7.56469e+17	3.35209e+17	8.60033e+15	6.25367e+15	5.74676e+15	2.5148e+15	1.59113e+15	3.18227e+15	4.7734e+15	6.36454e+15	7.95567e+15	9.5468e+15	1.14833e+16	1.49088e+16	2.69268e+16	2.49352e+16	3.09708e+17	4.54043e+17	2.78949	3.16028	3.16028	3.16028	3.16028	3.16028	3.16028	3.16028	3.16028	3.20749	3.40313	3.80645	4.67803	4.68986	4.68986	
71182.8	6.85587e+17	2.78534e+17	1.21887e+17	7.71192e+16	1.54238e+17	2.31357e+17	3.08477e+17	3.85596e+17	4.62715e+17	5.39296e+17	6.13539e+17	6.74069e+17	7.56309e+17	3.35209e+17	8.60033e+15	6.25328e+15	5.74633e+15	2.51461e+15	1.59101e+15	3.18203e+15	4.77304e+15	6.36405e+15	7.95507e+15	9.54608e+15	1.14775e+16	1.48865e+16	2.69299e+16	2.5036e+16	3.09708e+17	4.54043e+17	2.79231	3.14449	3.14449	3.14449	3.14449	3.14449	3.14449	3.14449	3.14449	3.19068	3.38278	3.78271	4.67712	4.68986	4.68986	
71434.9	6.85587e+17	2.78535e+17	1.21888e+17	7.71194e+16	1.54239e+17	2.31358e+17	3.08477e+17	3.85597e+17	4.62716e+17	5.39305e+17	6.13576e+17	6.74079e+17	7.56142e+17	3.35209e+17	8.60033e+15	6.2529e+15	5.74589e+15	2.51441e+15	1.59089e+15	3.18178e+15	4.77267e+15	6.36356e+15	7.95445e+15	9.54534e+15	1.14715e+16	1.4863e+16	2.69233e+16	2.51411e+16	3.09708e+17	4.54043e+17	2.79513	3.12904	3.12904	3.12904	3.12904	3.12904	3.12904	3.12904	3.12904	3.17421	3.36274	3.75899	4.67616	4.68986	4.68986	
71686.6	6.85588e+17	2.78536e+17	1.21888e+17	7.71196e+16	1.54239e+17	2.31359e+17	3.08478e+17	3.85598e+17	4.62717e+17	5.39315e+17	6.13615e+17	6.74105e+17	7.55968e+17	3.35209e+17	8.60033e+15	6.25251e+15	5.74544e+15	2.51422e+15	1.59077e+15	3.18153e+15	4.7723e+15	6.36306e+15	7.95383e+15	9.5446e+15	1.14653e+16	1.48384e+16	2.69071e+16	2.52505e+16	3.09708e+17	4.54043e+17	2.79795	3.11398	3.11398	3.11398	3.11398	3.11398	3.11398	3.11398	3.11398	3.15813	3.34304	3.73536	4.67513	4.68986	4.68986	
71938.5	6.85589e+17	2.78537e+17	1.21888e+17	7.71198e+16	1.5424e+17	2.31359e+17	3.08479e+17	3.85599e+17	4.62719e+17	5.39325e+17	6.13656e+17	6.74146e+17	7.55787e+17	3.35209e+17	8.60033e+15	6.25213e+15	5.74498e+15	2.51402e+15	1.59064e+15	3.18128e+15	4.77192e+15	6.36256e+15	7.9532e+15	9.54384e+15	1.14591e+16	1.48126e+16	2.68815e+16	2.53645e+16	3.09708e+17	4.54043e+17	2.80078	3.09927	3.09927	3.09927	3.09927	3.09927	3.09927	3.09927	3.09927	3.14239	3.32365	3.7118	4.67404	4.68986	4.68986	
72190.6	6.85589e+17	2.78537e+17	1.21889e+17	7.712e+16	1.5424e+17	2.3136e+17	3.0848e+17	3.856e+17	4.6272e+17	5.39335e+17	6.13698e+17	6.74201e+17	7.55598e+17	3.35209e+17	8.60033e+15	6.25174e+15	5.74452e+15	2.51382e+15	1.59051e+15	3.18102e+15	4.77154e+15	6.36205e+15	7.95256e+15	9.54307e+15	1.14527e+16	1.47858e+16	2.68467e+16	2.54832e+16	3.09708e+17	4.54044e+17	2.8036	3.08491	3.08491	3.08491	3.08491	3.08491	3.08491	3.08491	3.08491	3.12702	3.30459	3.68834	4.67289	4.68986	4.68986	
72442.3	6.8559e+17	2.78538e+17	1.21889e+17	7.71202e+16	1.5424e+17	2.31361e+17	3.08481e+17	3.85601e+17	4.62721e+17	5.39345e+17	6.13742e+17	6.74271e+17	7.55402e+17	3.35209e+17	8.60034e+15	6.25136e+15	5.74405e+15	2.51361e+15	1.59038e+15	3.18077e+15	4.77115e+15	6.36153e+15	7.95192e+15	9.5423e+15	1.14462e+16	1.4758e+16	2.68028e+16	2.56063e+16	3.09708e+17	4.54044e+17	2.80643	3.07093	3.07093	3.07093	3.07093	3.07093	3.07093	3.07093	3.07093	3.11202	3.2859	3.66502	4.67167	4.68986	4.68986	
72694.2	6.85591e+17	2.78539e+17	1.21889e+17	7.71204e+16	1.54241e+17	2.31361e+17	3.08482e+17	3.85602e+17	4.62722e+17	5.39356e+17	6.13788e+17	6.74355e+17	7.55198e+17	3.35209e+17	8.60034e+15	6.25098e+15	5.74358e+15	2.51341e+15	1.59025e+15	3.18051e+15	4.77076e+15	6.36101e+15	7.95126e+15	9.54152e+15	1.14397e+16	1.47292e+16	2.675e+16	2.57342e+16	3.09708e+17	4.54044e+17	2.80926	3.05731	3.05731	3.05731	3.05731	3.05731	3.05731	3.05731	3.05731	3.09739	3.26755	3.64184	4.67039	4.68986	4.68986	
72946.3	6.85591e+17	2.7854e+17	1.2189e+17	7.71206e+16	1.54241e+17	2.31362e+17	3.08482e+17	3.85603e+17	4.62724e+17	5.39366e+17	6.13835e+17	6.74453e+17	7.54987e+17	3.35209e+17	8.60034e+15	6.2506e+15	5.74311e+15	2.5132e+15	1.59012e+15	3.18024e+15	4.77036e+15	6.36048e+15	7.95061e+15	9.54073e+15	1.1433e+16	1.46996e+16	2.66886e+16	2.5867e+16	3.09708e+17	4.54044e+17	2.81209	3.04404	3.04404	3.04404	3.04404	3.04404	3.04404	3.04404	3.04404	3.08312	3.24954	3.61881	4.66903	4.68986	4.68986	
73198	6.85592e+17	2.7854e+17	1.2189e+17	7.71208e+16	1.54242e+17	2.31362e+17	3.08483e+17	3.85604e+17	4.62725e+17	5.39377e+17	6.13883e+17	6.74564e+17	7.54769e+17	3.35209e+17	8.60034e+15	6.25023e+15	5.74263e+15	2.51299e+15	1.58999e+15	3.17998e+15	4.76997e+15	6.35995e+15	7.94994e+15	9.53993e+15	1.14263e+16	1.46692e+16	2.66187e+16	2.60044e+16	3.09708e+17	4.54044e+17	2.81491	3.03116	3.03116	3.03116	3.03116	3.03116	3.03116	3.03116	3.03116	3.06923	3.23192	3.59599	4.6676	4.68986	4.68986	
73449.9	6.85593e+17	2.78541e+17	1.2189e+17	7.7121e+16	1.54242e+17	2.31363e+17	3.08484e+17	3.85605e+17	4.62726e+17	5.39388e+17	6.13932e+17	6.74688e+17	7.54542e+17	3.35209e+17	8.60034e+15	6.24985e+15	5.74214e+15	2.51278e+15	1.58985e+15	3.17971e+15	4.76956e+15	6.35942e+15	7.94927e+15	9.53913e+15	1.14196e+16	1.4638e+16	2.65407e+16	2.61468e+16	3.09708e+17	4.54044e+17	2.81774	3.01862	3.01862	3.01862	3.01862	3.01862	3.01862	3.01862	3.01862	3.0557	3.21466	3.57335	4.66608	4.68986	4.68986	
73702	6.85594e+17	2.78542e+17	1.21891e+17	7.71213e+16	1.54243e+17	2.31364e+17	3.08485e+17	3.85606e+17	4.62728e+17	5.39399e+17	6.13983e+17	6.74825e+17	7.54308e+17	3.35209e+17	8.60034e+15	6.24947e+15	5.74166e+15	2.51256e+15	1.58972e+15	3.17944e+15	4.76916e+15	6.35888e+15	7.9486e+15	9.53832e+15	1.14127e+16	1.46061e+16	2.64547e+16	2.62942e+16	3.09708e+17	4.54044e+17	2.82057	3.00644	3.00644	3.00644	3.00644	3.00644	3.00644	3.00644	3.00644	3.04253	3.19776	3.55092	4.66449	4.68986	4.68986	
73953.7	6.85594e+17	2.78543e+17	1.21891e+17	7.71215e+16	1.54243e+17	2.31364e+17	3.08486e+17	3.85607e+17	4.62729e+17	5.3941e+17	6.14034e+17	6.74974e+17	7.54066e+17	3.35209e+17	8.60034e+15	6.2491e+15	5.74117e+15	2.51235e+15	1.58958e+15	3.17917e+15	4.76875e+15	6.35834e+15	7.94792e+15	9.53751e+15	1.14059e+16	1.45736e+16	2.63611e+16	2.64464e+16	3.09708e+17	4.54044e+17	2.8234	2.99463	2.99463	2.99463	2.99463	2.99463	2.99463	2.99463	2.99463	3.02974	3.18125	3.52874	4.66282	4.68986	4.68986	
74205.6	6.85595e+17	2.78544e+17	1.21891e+17	7.71217e+16	1.54243e+17	2.31365e+17	3.08487e+17	3.85608e+17	4.6273e+17	5.3942e+17	6.14087e+17	6.75135e+17	7.53815e+17	3.35208e+17	8.60034e+15	6.24873e+15	5.74068e+15	2.51214e+15	1.58945e+15	3.1789e+15	4.76835e+15	6.3578e+15	7.94725e+15	9.53669e+15	1.1399e+16	1.45406e+16	2.62601e+16	2.66036e+16	3.09708e+17	4.54044e+17	2.82623	2.98316	2.98316	2.98316	2.98316	2.98316	2.98316	2.98316	2.98316	3.01731	3.16511	3.50681	4.66106	4.68986	4.68986	
74457.7	6.85596e+17	2.78544e+17	1.21892e+17	7.71219e+16	1.54244e+17	2.31366e+17	3.08488e+17	3.8561e+17	4.62731e+17	5.39431e+17	6.1414e+17	6.75307e+17	7.53557e+17	3.35208e+17	8.60034e+15	6.24835e+15	5.74019e+15	2.51192e+15	1.58931e+15	3.17862e+15	4.76794e+15	6.35725e+15	7.94656e+15	9.53587e+15	1.13921e+16	1.4507e+16	2.6152e+16	2.67659e+16	3.09708e+17	4.54044e+17	2.82906	2.97204	2.97204	2.97204	2.97204	2.97204	2.97204	2.97204	2.97204	3.00524	3.14935	3.48513	4.65921	4.68986	4.68986	
74709.4	6.85596e+17	2.78545e+17	1.21892e+17	7.71221e+16	1.54244e+17	2.31366e+17	3.08489e+17	3.85611e+17	4.62733e+17	5.39442e+17	6.14194e+17	6.7549e+17	7.53291e+17	3.35208e+17	8.60034e+15	6.24798e+15	5.73969e+15	2.5117e+15	1.58918e+15	3.17835e+15	4.76753e+15	6.3567e+15	7.94588e+15	9.53505e+15	1.13851e+16	1.44731e+16	2.60371e+16	2.69331e+16	3.09708e+17	4.54044e+17	2.83189	2.96129	2.96129	2.96129	2.96129	2.96129	2.96129	2.96129	2.96129	2.99355	3.13399	3.46375	4.65727	4.68986	4.68986	
74961.3	6.85597e+17	2.78546e+17	1.21892e+17	7.71224e+16	1.54245e+17	2.31367e+17	3.08489e+17	3.85612e+17	4.62734e+17	5.39453e+17	6.14248e+17	6.75683e+17	7.53017e+17	3.35208e+17	8.60034e+15	6.24761e+15	5.7392e+15	2.51149e+15	1.58904e+15	3.17808e+15	4.76712e+15	6.35615e+15	7.94519e+15	9.53423e+15	1.13782e+16	1.44387e+16	2.59157e+16	2.71054e+16	3.09708e+17	4.54044e+17	2.83471	2.95088	2.95088	2.95088	2.95088	2.95088	2.95088	2.95088	2.95088	2.9822	3.119	3.44265	4.65524	4.68986	4.68986	
75213.3	6.85598e+17	2.78547e+17	1.21893e+17	7.71226e+16	1.54245e+17	2.31368e+17	3.0849e+17	3.85613e+17	4.62735e+17	5.39464e+17	6.14303e+17	6.75886e+17	7.52735e+17	3.35208e+17	8.60034e+15	6.24725e+15	5.7387e+15	2.51127e+15	1.5889e+15	3.1778e+15	4.7667e+15	6.3556e+15	7.9445e+15	9.5334e+15	1.13713e+16	1.44039e+16	2.5788e+16	2.72828e+16	3.09708e+17	4.54044e+17	2.83754	2.9408	2.9408	2.9408	2.9408	2.9408	2.9408	2.9408	2.9408	2.97121	3.10439	3.42184	4.6531	4.68986	4.68986	
75465.1	6.85598e+17	2.78548e+17	1.21893e+17	7.71228e+16	1.54246e+17	2.31368e+17	3.08491e+17	3.85614e+17	4.62737e+17	5.39475e+17	6.14359e+17	6.76099e+17	7.52445e+17	3.35208e+17	8.60034e+15	6.24688e+15	5.7382e+15	2.51105e+15	1.58876e+15	3.17753e+15	4.76629e+15	6.35505e+15	7.94381e+15	9.53258e+15	1.13644e+16	1.4369e+16	2.56545e+16	2.7465e+16	3.09708e+17	4.54044e+17	2.84037	2.93108	2.93108	2.93108	2.93108	2.93108	2.93108	2.93108	2.93108	2.96058	3.09018	3.40138	4.65087	4.68986	4.68986	
75717	6.85599e+17	2.78548e+17	1.21894e+17	7.7123e+16	1.54246e+17	2.31369e+17	3.08492e+17	3.85615e+17	4.62738e+17	5.39486e+17	6.14414e+17	6.7632e+17	7.52147e+17	3.35208e+17	8.60034e+15	6.24651e+15	5.7377e+15	2.51083e+15	1.58862e+15	3.17725e+15	4.76587e+15	6.3545e+15	7.94312e+15	9.53175e+15	1.13575e+16	1.43337e+16	2.55154e+16	2.76524e+16	3.09707e+17	4.54044e+17	2.84319	2.92169	2.92169	2.92169	2.92169	2.92169	2.92169	2.92169	2.92169	2.9503	3.07635	3.38123	4.64854	4.68986	4.68986	
75969	6.856e+17	2.78549e+17	1.21894e+17	7.71233e+16	1.54247e+17	2.3137e+17	3.08493e+17	3.85616e+17	4.6274e+17	5.39497e+17	6.1447e+17	6.7655e+17	7.5184e+17	3.35208e+17	8.60034e+15	6.24615e+15	5.7372e+15	2.51062e+15	1.58849e+15	3.17697e+15	4.76546e+15	6.35395e+15	7.94243e+15	9.53092e+15	1.13506e+16	1.42983e+16	2.53709e+16	2.78449e+16	3.09707e+17	4.54044e+17	2.84602	2.91262	2.91262	2.91262	2.91262	2.91262	2.91262	2.91262	2.91262	2.94035	3.06289	3.36141	4.64609	4.68986	4.68986	
76220.7	6.856e+17	2.7855e+17	1.21894e+17	7.71235e+16	1.54247e+17	2.3137e+17	3.08494e+17	3.85617e+17	4.62741e+17	5.39508e+17	6.14527e+17	6.76787e+17	7.51526e+17	3.35208e+17	8.60035e+15	6.24578e+15	5.73671e+15	2.5104e+15	1.58835e+15	3.1767e+15	4.76505e+15	6.35339e+15	7.94174e+15	9.53009e+15	1.13438e+16	1.42628e+16	2.52217e+16	2.80421e+16	3.09707e+17	4.54044e+17	2.84884	2.90389	2.90389	2.90389	2.90389	2.90389	2.90389	2.90389	2.90389	2.93077	3.04984	3.34197	4.64354	4.68986	4.68986	
76472.6	6.85601e+17	2.78551e+17	1.21895e+17	7.71237e+16	1.54247e+17	2.31371e+17	3.08495e+17	3.85618e+17	4.62742e+17	5.39519e+17	6.14583e+17	6.77032e+17	7.51204e+17	3.35208e+17	8.60035e+15	6.24542e+15	5.73621e+15	2.51018e+15	1.58821e+15	3.17642e+15	4.76463e+15	6.35284e+15	7.94105e+15	9.52926e+15	1.1337e+16	1.42273e+16	2.50677e+16	2.82444e+16	3.09707e+17	4.54044e+17	2.85166	2.89548	2.89548	2.89548	2.89548	2.89548	2.89548	2.89548	2.89548	2.92151	3.03716	3.32287	4.64088	4.68986	4.68986	
76724.7	6.85602e+17	2.78552e+17	1.21895e+17	7.71239e+16	1.54248e+17	2.31372e+17	3.08496e+17	3.8562e+17	4.62744e+17	5.3953e+17	6.14639e+17	6.77284e+17	7.50874e+17	3.35208e+17	8.60035e+15	6.24506e+15	5.73571e+15	2.50996e+15	1.58807e+15	3.17615e+15	4.76422e+15	6.35229e+15	7.94036e+15	9.52844e+15	1.13302e+16	1.41916e+16	2.49093e+16	2.84518e+16	3.09707e+17	4.54044e+17	2.85448	2.88739	2.88739	2.88739	2.88739	2.88739	2.88739	2.88739	2.88739	2.91258	3.02486	3.30412	4.6381	4.68986	4.68986	
76976.4	6.85602e+17	2.78552e+17	1.21895e+17	7.71241e+16	1.54248e+17	2.31372e+17	3.08497e+17	3.85621e+17	4.62745e+17	5.3954e+17	6.14696e+17	6.77542e+17	7.50537e+17	3.35208e+17	8.60035e+15	6.2447e+15	5.73521e+15	2.50974e+15	1.58793e+15	3.17587e+15	4.7638e+15	6.35174e+15	7.93967e+15	9.52761e+15	1.13235e+16	1.41561e+16	2.47472e+16	2.86638e+16	3.09707e+17	4.54044e+17	2.8573	2.87961	2.87961	2.87961	2.87961	2.87961	2.87961	2.87961	2.87961	2.904	3.01295	3.28577	4.63521	4.68986	4.68986	
77228.3	6.85603e+17	2.78553e+17	1.21896e+17	7.71244e+16	1.54249e+17	2.31373e+17	3.08497e+17	3.85622e+17	4.62746e+17	5.39551e+17	6.14752e+17	6.77806e+17	7.50191e+17	3.35208e+17	8.60035e+15	6.24434e+15	5.73471e+15	2.50953e+15	1.5878e+15	3.17559e+15	4.76339e+15	6.35119e+15	7.93899e+15	9.52678e+15	1.13169e+16	1.41205e+16	2.45812e+16	2.88807e+16	3.09707e+17	4.54044e+17	2.86012	2.87215	2.87215	2.87215	2.87215	2.87215	2.87215	2.87215	2.87215	2.89573	3.0014	3.26778	4.63219	4.68986	4.68986	
77480.3	6.85604e+17	2.78554e+17	1.21896e+17	7.71246e+16	1.54249e+17	2.31374e+17	3.08498e+17	3.85623e+17	4.62748e+17	5.39561e+17	6.14808e+17	6.78075e+17	7.49838e+17	3.35208e+17	8.60035e+15	6.24398e+15	5.73422e+15	2.50931e+15	1.58766e+15	3.17532e+15	4.76298e+15	6.35064e+15	7.9383e+15	9.52596e+15	1.13103e+16	1.40851e+16	2.44118e+16	2.91024e+16	3.09707e+17	4.54044e+17	2.86293	2.86498	2.86498	2.86498	2.86498	2.86498	2.86498	2.86498	2.86498	2.88778	2.99023	3.25017	4.62905	4.68986	4.68986	
77732	6.85604e+17	2.78555e+17	1.21896e+17	7.71248e+16	1.5425e+17	2.31374e+17	3.08499e+17	3.85624e+17	4.62749e+17	5.39571e+17	6.14864e+17	6.78349e+17	7.49478e+17	3.35208e+17	8.60035e+15	6.24362e+15	5.73372e+15	2.50909e+15	1.58752e+15	3.17505e+15	4.76257e+15	6.35009e+15	7.93761e+15	9.52514e+15	1.13038e+16	1.40498e+16	2.42396e+16	2.93286e+16	3.09707e+17	4.54044e+17	2.86575	2.85812	2.85812	2.85812	2.85812	2.85812	2.85812	2.85812	2.85812	2.88016	2.97943	3.23297	4.62578	4.68986	4.68986	
77983.9	6.85605e+17	2.78556e+17	1.21897e+17	7.7125e+16	1.5425e+17	2.31375e+17	3.085e+17	3.85625e+17	4.6275e+17	5.39582e+17	6.14919e+17	6.78627e+17	7.4911e+17	3.35208e+17	8.60035e+15	6.24326e+15	5.73323e+15	2.50888e+15	1.58739e+15	3.17477e+15	4.76216e+15	6.34954e+15	7.93693e+15	9.52431e+15	1.12973e+16	1.40147e+16	2.40645e+16	2.95596e+16	3.09707e+17	4.54044e+17	2.86856	2.85154	2.85154	2.85154	2.85154	2.85154	2.85154	2.85154	2.85154	2.87284	2.969	3.21616	4.62239	4.68986	4.68986	
78235.9	6.85606e+17	2.78556e+17	1.21897e+17	7.71253e+16	1.54251e+17	2.31376e+17	3.08501e+17	3.85626e+17	4.62752e+17	5.39592e+17	6.14975e+17	6.78909e+17	7.48735e+17	3.35208e+17	8.60035e+15	6.24291e+15	5.73273e+15	2.50866e+15	1.58725e+15	3.1745e+15	4.76175e+15	6.349e+15	7.93625e+15	9.5235e+15	1.1291e+16	1.39798e+16	2.38869e+16	2.97952e+16	3.09707e+17	4.54044e+17	2.87137	2.84526	2.84526	2.84526	2.84526	2.84526	2.84526	2.84526	2.84526	2.86582	2.95892	3.19973	4.61886	4.68986	4.68986	
78487.7	6.85606e+17	2.78557e+17	1.21897e+17	7.71255e+16	1.54251e+17	2.31376e+17	3.08502e+17	3.85627e+17	4.62753e+17	5.39602e+17	6.1503e+17	6.79195e+17	7.48353e+17	3.35208e+17	8.60035e+15	6.24255e+15	5.73224e+15	2.50844e+15	1.58711e+15	3.17423e+15	4.76134e+15	6.34845e+15	7.93557e+15	9.52268e+15	1.12847e+16	1.39452e+16	2.37073e+16	3.00349e+16	3.09707e+17	4.54045e+17	2.87418	2.83926	2.83926	2.83926	2.83926	2.83926	2.83926	2.83926	2.83926	2.85911	2.94921	3.18372	4.6152	4.68986	4.68986	
78739.5	6.85607e+17	2.78558e+17	1.21898e+17	7.71257e+16	1.54251e+17	2.31377e+17	3.08503e+17	3.85628e+17	4.62754e+17	5.39612e+17	6.15084e+17	6.79483e+17	7.47964e+17	3.35208e+17	8.60036e+15	6.2422e+15	5.73175e+15	2.50823e+15	1.58698e+15	3.17396e+15	4.76093e+15	6.34791e+15	7.93489e+15	9.52187e+15	1.12785e+16	1.39109e+16	2.35258e+16	3.02791e+16	3.09707e+17	4.54045e+17	2.87699	2.83353	2.83353	2.83353	2.83353	2.83353	2.83353	2.83353	2.83353	2.85268	2.93985	3.16811	4.6114	4.68986	4.68986	
78991.5	6.85608e+17	2.78559e+17	1.21898e+17	7.71259e+16	1.54252e+17	2.31378e+17	3.08504e+17	3.8563e+17	4.62755e+17	5.39621e+17	6.15138e+17	6.79773e+17	7.47567e+17	3.35208e+17	8.60036e+15	6.24185e+15	5.73126e+15	2.50802e+15	1.58684e+15	3.17368e+15	4.76053e+15	6.34737e+15	7.93421e+15	9.52105e+15	1.12724e+16	1.38768e+16	2.33426e+16	3.05276e+16	3.09707e+17	4.54045e+17	2.87979	2.82808	2.82808	2.82808	2.82808	2.82808	2.82808	2.82808	2.82808	2.84655	2.93083	3.1529	4.60746	4.68986	4.68986	
79243.3	6.85608e+17	2.7856e+17	1.21898e+17	7.71261e+16	1.54252e+17	2.31378e+17	3.08505e+17	3.85631e+17	4.62757e+17	5.39631e+17	6.15191e+17	6.80065e+17	7.47165e+17	3.35208e+17	8.60036e+15	6.2415e+15	5.73078e+15	2.5078e+15	1.58671e+15	3.17342e+15	4.76012e+15	6.34683e+15	7.93354e+15	9.52025e+15	1.12664e+16	1.38432e+16	2.31585e+16	3.07795e+16	3.09707e+17	4.54045e+17	2.8826	2.82289	2.82289	2.82289	2.82289	2.82289	2.82289	2.82289	2.82289	2.8407	2.92217	3.13812	4.60339	4.68986	4.68986	
79495.1	6.85609e+17	2.7856e+17	1.21899e+17	7.71263e+16	1.54253e+17	2.31379e+17	3.08505e+17	3.85632e+17	4.62758e+17	5.3964e+17	6.15244e+17	6.80358e+17	7.46756e+17	3.35208e+17	8.60036e+15	6.24114e+15	5.73029e+15	2.50759e+15	1.58657e+15	3.17315e+15	4.75972e+15	6.34629e+15	7.93287e+15	9.51944e+15	1.12604e+16	1.38098e+16	2.29736e+16	3.10351e+16	3.09707e+17	4.54045e+17	2.8854	2.81797	2.81797	2.81797	2.81797	2.81797	2.81797	2.81797	2.81797	2.83513	2.91384	3.12375	4.59919	4.68986	4.68986	
79747.1	6.8561e+17	2.78561e+17	1.21899e+17	7.71266e+16	1.54253e+17	2.3138e+17	3.08506e+17	3.85633e+17	4.62759e+17	5.3965e+17	6.15296e+17	6.80652e+17	7.46342e+17	3.35208e+17	8.60036e+15	6.24079e+15	5.72981e+15	2.50738e+15	1.58644e+15	3.17288e+15	4.75932e+15	6.34576e+15	7.9322e+15	9.51864e+15	1.12546e+16	1.37769e+16	2.27879e+16	3.12942e+16	3.09707e+17	4.54045e+17	2.8882	2.81329	2.81329	2.81329	2.81329	2.81329	2.81329	2.81329	2.81329	2.82982	2.90583	3.1098	4.59484	4.68986	4.68986	
79998.8	6.8561e+17	2.78562e+17	1.21899e+17	7.71268e+16	1.54254e+17	2.3138e+17	3.08507e+17	3.85634e+17	4.62761e+17	5.39659e+17	6.15347e+17	6.80946e+17	7.45923e+17	3.35208e+17	8.60036e+15	6.24045e+15	5.72933e+15	2.50717e+15	1.58631e+15	3.17261e+15	4.75892e+15	6.34523e+15	7.93153e+15	9.51784e+15	1.12488e+16	1.37444e+16	2.26022e+16	3.15564e+16	3.09707e+17	4.54045e+17	2.89099	2.80887	2.80887	2.80887	2.80887	2.80887	2.80887	2.80887	2.80887	2.82479	2.89817	3.09627	4.59035	4.68986	4.68986	
80250.7	6.85611e+17	2.78563e+17	1.219e+17	7.7127e+16	1.54254e+17	2.31381e+17	3.08508e+17	3.85635e+17	4.62762e+17	5.39668e+17	6.15398e+17	6.8124e+17	7.45499e+17	3.35208e+17	8.60036e+15	6.2401e+15	5.72885e+15	2.50696e+15	1.58617e+15	3.17235e+15	4.75852e+15	6.3447e+15	7.93087e+15	9.51704e+15	1.12432e+16	1.37124e+16	2.24162e+16	3.18219e+16	3.09707e+17	4.54045e+17	2.89379	2.80469	2.80469	2.80469	2.80469	2.80469	2.80469	2.80469	2.80469	2.82001	2.89082	3.08315	4.58572	4.68986	4.68986	
80502.7	6.85611e+17	2.78564e+17	1.219e+17	7.71272e+16	1.54254e+17	2.31382e+17	3.08509e+17	3.85636e+17	4.62763e+17	5.39676e+17	6.15448e+17	6.81535e+17	7.4507e+17	3.35208e+17	8.60036e+15	6.23975e+15	5.72837e+15	2.50675e+15	1.58604e+15	3.17208e+15	4.75813e+15	6.34417e+15	7.93021e+15	9.51625e+15	1.12376e+16	1.36807e+16	2.22303e+16	3.20907e+16	3.09707e+17	4.54045e+17	2.89658	2.80074	2.80074	2.80074	2.80074	2.80074	2.80074	2.80074	2.80074	2.81549	2.88379	3.07043	4.58094	4.68986	4.68986	
80754.4	6.85612e+17	2.78564e+17	1.219e+17	7.71274e+16	1.54255e+17	2.31382e+17	3.0851e+17	3.85637e+17	4.62765e+17	5.39685e+17	6.15497e+17	6.81828e+17	7.44636e+17	3.35208e+17	8.60036e+15	6.23941e+15	5.7279e+15	2.50654e+15	1.58591e+15	3.17182e+15	4.75773e+15	6.34364e+15	7.92955e+15	9.51546e+15	1.12322e+16	1.36496e+16	2.2045e+16	3.23621e+16	3.09707e+17	4.54045e+17	2.89937	2.79703	2.79703	2.79703	2.79703	2.79703	2.79703	2.79703	2.79703	2.81122	2.87707	3.05813	4.57603	4.68986	4.68986	
81006.8	6.85613e+17	2.78565e+17	1.21901e+17	7.71276e+16	1.54255e+17	2.31383e+17	3.08511e+17	3.85638e+17	4.62766e+17	5.39694e+17	6.15546e+17	6.82121e+17	7.44197e+17	3.35208e+17	8.60036e+15	6.23906e+15	5.72743e+15	2.50634e+15	1.58578e+15	3.17156e+15	4.75734e+15	6.34312e+15	7.9289e+15	9.51468e+15	1.12269e+16	1.3619e+16	2.18598e+16	3.26369e+16	3.09707e+17	4.54045e+17	2.90216	2.79354	2.79354	2.79354	2.79354	2.79354	2.79354	2.79354	2.79354	2.80718	2.87065	3.0462	4.57095	4.68986	4.68986	
81258.5	6.85613e+17	2.78566e+17	1.21901e+17	7.71278e+16	1.54256e+17	2.31384e+17	3.08511e+17	3.85639e+17	4.62767e+17	5.39702e+17	6.15594e+17	6.82413e+17	7.43755e+17	3.35208e+17	8.60033e+15	6.23872e+15	5.72696e+15	2.50613e+15	1.58565e+15	3.1713e+15	4.75695e+15	6.3426e+15	7.92825e+15	9.5139e+15	1.12216e+16	1.35889e+16	2.16759e+16	3.29136e+16	3.09707e+17	4.54043e+17	2.90495	2.79027	2.79027	2.79027	2.79027	2.79027	2.79027	2.79027	2.79027	2.80338	2.86453	3.03469	4.56573	4.68986	4.68986	
81510	6.85614e+17	2.78567e+17	1.21901e+17	7.7128e+16	1.54256e+17	2.31384e+17	3.08512e+17	3.8564e+17	4.62768e+17	5.3971e+17	6.1564e+17	6.82702e+17	7.43309e+17	3.35208e+17	8.60033e+15	6.23837e+15	5.72649e+15	2.50593e+15	1.58552e+15	3.17104e+15	4.75656e+15	6.34208e+15	7.9276e+15	9.51312e+15	1.12165e+16	1.35593e+16	2.1493e+16	3.31926e+16	3.09707e+17	4.54043e+17	2.90773	2.78722	2.78722	2.78722	2.78722	2.78722	2.78722	2.78722	2.78722	2.79982	2.85872	3.02359	4.56037	4.68986	4.68986	
81761.2	6.85615e+17	2.78567e+17	1.21902e+17	7.71283e+16	1.54257e+17	2.31385e+17	3.08513e+17	3.85641e+17	4.6277e+17	5.39718e+17	6.15686e+17	6.82989e+17	7.4286e+17	3.35208e+17	8.60033e+15	6.23803e+15	5.72602e+15	2.50572e+15	1.58539e+15	3.17078e+15	4.75617e+15	6.34157e+15	7.92696e+15	9.51235e+15	1.12115e+16	1.35303e+16	2.13116e+16	3.34736e+16	3.09707e+17	4.54043e+17	2.9105	2.78439	2.78439	2.78439	2.78439	2.78439	2.78439	2.78439	2.78439	2.79649	2.85319	3.01289	4.55486	4.68986	4.68986	
82013.1	6.85615e+17	2.78568e+17	1.21902e+17	7.71285e+16	1.54257e+17	2.31385e+17	3.08514e+17	3.85642e+17	4.62771e+17	5.39726e+17	6.15731e+17	6.83275e+17	7.42407e+17	3.35208e+17	8.60033e+15	6.23769e+15	5.72556e+15	2.50552e+15	1.58526e+15	3.17053e+15	4.75579e+15	6.34105e+15	7.92632e+15	9.51158e+15	1.12065e+16	1.35018e+16	2.1131e+16	3.37573e+16	3.09707e+17	4.54043e+17	2.91328	2.78175	2.78175	2.78175	2.78175	2.78175	2.78175	2.78175	2.78175	2.79337	2.84793	3.00254	4.54919	4.68986	4.68986	
82264.6	6.85616e+17	2.78569e+17	1.21902e+17	7.71287e+16	1.54257e+17	2.31386e+17	3.08515e+17	3.85643e+17	4.62772e+17	5.39733e+17	6.15776e+17	6.83558e+17	7.41951e+17	3.35208e+17	8.60033e+15	6.23735e+15	5.7251e+15	2.50532e+15	1.58514e+15	3.17027e+15	4.75541e+15	6.34054e+15	7.92568e+15	9.51081e+15	1.12017e+16	1.34739e+16	2.09522e+16	3.40426e+16	3.09707e+17	4.54043e+17	2.91605	2.77931	2.77931	2.77931	2.77931	2.77931	2.77931	2.77931	2.77931	2.79046	2.84295	2.99258	4.54337	4.68986	4.68986	
82515.9	6.85617e+17	2.7857e+17	1.21903e+17	7.71289e+16	1.54258e+17	2.31387e+17	3.08516e+17	3.85644e+17	4.62773e+17	5.39741e+17	6.15819e+17	6.83839e+17	7.41493e+17	3.35208e+17	8.60033e+15	6.23701e+15	5.72464e+15	2.50512e+15	1.58501e+15	3.17002e+15	4.75503e+15	6.34004e+15	7.92505e+15	9.51005e+15	1.1197e+16	1.34466e+16	2.07752e+16	3.43295e+16	3.09707e+17	4.54043e+17	2.91882	2.77706	2.77706	2.77706	2.77706	2.77706	2.77706	2.77706	2.77706	2.78776	2.83825	2.98301	4.5374	4.68986	4.68986	
82767.7	6.85617e+17	2.7857e+17	1.21903e+17	7.71291e+16	1.54258e+17	2.31387e+17	3.08516e+17	3.85645e+17	4.62774e+17	5.39748e+17	6.15861e+17	6.84117e+17	7.41031e+17	3.35208e+17	8.60033e+15	6.23668e+15	5.72419e+15	2.50492e+15	1.58488e+15	3.16977e+15	4.75465e+15	6.33953e+15	7.92441e+15	9.5093e+15	1.11924e+16	1.34198e+16	2.05995e+16	3.46185e+16	3.09707e+17	4.54043e+17	2.92159	2.775	2.775	2.775	2.775	2.775	2.775	2.775	2.775	2.78526	2.83379	2.97377	4.53127	4.68986	4.68986	
83019.3	6.85618e+17	2.78571e+17	1.21903e+17	7.71293e+16	1.54259e+17	2.31388e+17	3.08517e+17	3.85646e+17	4.62776e+17	5.39755e+17	6.15903e+17	6.84391e+17	7.40567e+17	3.35208e+17	8.60033e+15	6.23634e+15	5.72373e+15	2.50472e+15	1.58476e+15	3.16951e+15	4.75427e+15	6.33903e+15	7.92379e+15	9.50854e+15	1.11879e+16	1.33935e+16	2.04261e+16	3.49087e+16	3.09707e+17	4.54043e+17	2.92435	2.77312	2.77312	2.77312	2.77312	2.77312	2.77312	2.77312	2.77312	2.78296	2.82959	2.96491	4.52498	4.68986	4.68986	
83270.6	6.85618e+17	2.78572e+17	1.21904e+17	7.71295e+16	1.54259e+17	2.31388e+17	3.08518e+17	3.85647e+17	4.62777e+17	5.39762e+17	6.15943e+17	6.84662e+17	7.40101e+17	3.35208e+17	8.60033e+15	6.236e+15	5.72328e+15	2.50452e+15	1.58463e+15	3.16927e+15	4.7539e+15	6.33853e+15	7.92316e+15	9.5078e+15	1.11835e+16	1.33679e+16	2.02548e+16	3.51999e+16	3.09707e+17	4.54043e+17	2.92711	2.77141	2.77141	2.77141	2.77141	2.77141	2.77141	2.77141	2.77141	2.78085	2.82564	2.95641	4.51854	4.68986	4.68986	
83522.4	6.85619e+17	2.78572e+17	1.21904e+17	7.71297e+16	1.54259e+17	2.31389e+17	3.08519e+17	3.85648e+17	4.62778e+17	5.39769e+17	6.15983e+17	6.84931e+17	7.39633e+17	3.35208e+17	8.60033e+15	6.23567e+15	5.72283e+15	2.50433e+15	1.58451e+15	3.16902e+15	4.75352e+15	6.33803e+15	7.92254e+15	9.50705e+15	1.11792e+16	1.33428e+16	2.00853e+16	3.54927e+16	3.09707e+17	4.54043e+17	2.92987	2.76988	2.76988	2.76988	2.76988	2.76988	2.76988	2.76988	2.76988	2.77892	2.82193	2.94823	4.51193	4.68986	4.68986	
83774	6.8562e+17	2.78573e+17	1.21904e+17	7.71299e+16	1.5426e+17	2.3139e+17	3.0852e+17	3.85649e+17	4.62779e+17	5.39776e+17	6.16022e+17	6.85195e+17	7.39164e+17	3.35208e+17	8.60033e+15	6.23533e+15	5.72239e+15	2.50413e+15	1.58438e+15	3.16877e+15	4.75315e+15	6.33754e+15	7.92192e+15	9.50631e+15	1.1175e+16	1.33184e+16	1.99184e+16	3.57862e+16	3.09707e+17	4.54043e+17	2.93263	2.76851	2.76851	2.76851	2.76851	2.76851	2.76851	2.76851	2.76851	2.77717	2.81846	2.94041	4.50517	4.68986	4.68986	
84025.3	6.8562e+17	2.78574e+17	1.21905e+17	7.71301e+16	1.5426e+17	2.3139e+17	3.0852e+17	3.8565e+17	4.62781e+17	5.39782e+17	6.1606e+17	6.85455e+17	7.38694e+17	3.35208e+17	8.60033e+15	6.235e+15	5.72195e+15	2.50394e+15	1.58426e+15	3.16852e+15	4.75279e+15	6.33705e+15	7.92131e+15	9.50557e+15	1.11709e+16	1.32945e+16	1.97539e+16	3.608e+16	3.09707e+17	4.54043e+17	2.93538	2.7673	2.7673	2.7673	2.7673	2.7673	2.7673	2.7673	2.7673	2.77559	2.81522	2.93293	4.49825	4.68986	4.68986	
84277.2	6.85621e+17	2.78575e+17	1.21905e+17	7.71303e+16	1.54261e+17	2.31391e+17	3.08521e+17	3.85651e+17	4.62782e+17	5.39789e+17	6.16097e+17	6.85712e+17	7.38222e+17	3.35208e+17	8.60033e+15	6.23467e+15	5.7215e+15	2.50374e+15	1.58414e+15	3.16828e+15	4.75242e+15	6.33656e+15	7.9207e+15	9.50484e+15	1.11669e+16	1.32711e+16	1.95916e+16	3.6375e+16	3.09707e+17	4.54043e+17	2.93813	2.76625	2.76625	2.76625	2.76625	2.76625	2.76625	2.76625	2.76625	2.77419	2.81219	2.92575	4.49117	4.68986	4.68986	
84528.8	6.85621e+17	2.78575e+17	1.21905e+17	7.71305e+16	1.54261e+17	2.31391e+17	3.08522e+17	3.85652e+17	4.62783e+17	5.39795e+17	6.16133e+17	6.85965e+17	7.3775e+17	3.35208e+17	8.60033e+15	6.23434e+15	5.72107e+15	2.50355e+15	1.58402e+15	3.16804e+15	4.75206e+15	6.33607e+15	7.92009e+15	9.50411e+15	1.1163e+16	1.32484e+16	1.9432e+16	3.66699e+16	3.09707e+17	4.54043e+17	2.94088	2.76535	2.76535	2.76535	2.76535	2.76535	2.76535	2.76535	2.76535	2.77294	2.80938	2.91891	4.48393	4.68986	4.68986	
84780.2	6.85622e+17	2.78576e+17	1.21906e+17	7.71307e+16	1.54261e+17	2.31392e+17	3.08523e+17	3.85653e+17	4.62784e+17	5.39801e+17	6.16168e+17	6.86213e+17	7.37279e+17	3.35208e+17	8.60033e+15	6.234e+15	5.72063e+15	2.50336e+15	1.5839e+15	3.1678e+15	4.75169e+15	6.33559e+15	7.91949e+15	9.50339e+15	1.11592e+16	1.32263e+16	1.92752e+16	3.69647e+16	3.09707e+17	4.54043e+17	2.94363	2.7646	2.7646	2.7646	2.7646	2.7646	2.7646	2.7646	2.7646	2.77186	2.80679	2.91239	4.47654	4.68986	4.68986	
85032.1	6.85623e+17	2.78577e+17	1.21906e+17	7.71309e+16	1.54262e+17	2.31393e+17	3.08523e+17	3.85654e+17	4.62785e+17	5.39807e+17	6.16202e+17	6.86457e+17	7.36806e+17	3.35208e+17	8.60033e+15	6.23367e+15	5.72019e+15	2.50317e+15	1.58378e+15	3.16755e+15	4.75133e+15	6.33511e+15	7.91889e+15	9.50266e+15	1.11555e+16	1.32047e+16	1.91208e+16	3.72601e+16	3.09707e+17	4.54043e+17	2.94637	2.76398	2.76398	2.76398	2.76398	2.76398	2.76398	2.76398	2.76398	2.77093	2.8044	2.90616	4.46897	4.68986	4.68986	
85283.7	6.85623e+17	2.78577e+17	1.21906e+17	7.71311e+16	1.54262e+17	2.31393e+17	3.08524e+17	3.85655e+17	4.62786e+17	5.39813e+17	6.16235e+17	6.86697e+17	7.36335e+17	3.35208e+17	8.60033e+15	6.23335e+15	5.71976e+15	2.50298e+15	1.58366e+15	3.16732e+15	4.75097e+15	6.33463e+15	7.91829e+15	9.50195e+15	1.11519e+16	1.31837e+16	1.89693e+16	3.75549e+16	3.09707e+17	4.54043e+17	2.94911	2.76351	2.76351	2.76351	2.76351	2.76351	2.76351	2.76351	2.76351	2.77015	2.80221	2.90023	4.46125	4.68986	4.68986	
85535.1	6.85624e+17	2.78578e+17	1.21907e+17	7.71313e+16	1.54263e+17	2.31394e+17	3.08525e+17	3.85656e+17	4.62788e+17	5.39818e+17	6.16267e+17	6.86932e+17	7.35864e+17	3.35208e+17	8.60033e+15	6.23302e+15	5.71933e+15	2.5028e+15	1.58354e+15	3.16708e+15	4.75062e+15	6.33416e+15	7.9177e+15	9.50123e+15	1.11484e+16	1.31632e+16	1.88208e+16	3.78489e+16	3.09707e+17	4.54043e+17	2.95184	2.76317	2.76317	2.76317	2.76317	2.76317	2.76317	2.76317	2.76317	2.76951	2.80021	2.89461	4.45339	4.68986	4.68986	
85787	6.85625e+17	2.78579e+17	1.21907e+17	7.71314e+16	1.54263e+17	2.31394e+17	3.08526e+17	3.85657e+17	4.62789e+17	5.39824e+17	6.16299e+17	6.87162e+17	7.35394e+17	3.35208e+17	8.60033e+15	6.23269e+15	5.71891e+15	2.50261e+15	1.58342e+15	3.16684e+15	4.75026e+15	6.33368e+15	7.9171e+15	9.50052e+15	1.1145e+16	1.31433e+16	1.86748e+16	3.81429e+16	3.09707e+17	4.54043e+17	2.95458	2.76295	2.76295	2.76295	2.76295	2.76295	2.76295	2.76295	2.76295	2.76901	2.7984	2.88926	4.44535	4.68986	4.68986	
86038.7	6.85625e+17	2.7858e+17	1.21907e+17	7.71316e+16	1.54263e+17	2.31395e+17	3.08527e+17	3.85658e+17	4.6279e+17	5.39829e+17	6.1633e+17	6.87389e+17	7.34925e+17	3.35208e+17	8.60033e+15	6.23236e+15	5.71848e+15	2.50242e+15	1.5833e+15	3.16661e+15	4.74991e+15	6.33321e+15	7.91652e+15	9.49982e+15	1.11416e+16	1.3124e+16	1.85319e+16	3.84358e+16	3.09707e+17	4.54043e+17	2.95731	2.76286	2.76286	2.76286	2.76286	2.76286	2.76286	2.76286	2.76286	2.76865	2.79677	2.88419	4.43716	4.68986	4.68986	
86290.1	6.85626e+17	2.7858e+17	1.21907e+17	7.71318e+16	1.54264e+17	2.31395e+17	3.08527e+17	3.85659e+17	4.62791e+17	5.39834e+17	6.16359e+17	6.8761e+17	7.34458e+17	3.35208e+17	8.60033e+15	6.23204e+15	5.71806e+15	2.50224e+15	1.58319e+15	3.16637e+15	4.74956e+15	6.33275e+15	7.91593e+15	9.49912e+15	1.11384e+16	1.31053e+16	1.8392e+16	3.87273e+16	3.09707e+17	4.54043e+17	2.96004	2.76289	2.76289	2.76289	2.76289	2.76289	2.76289	2.76289	2.76289	2.76841	2.79532	2.87941	4.42882	4.68986	4.68986	
86542.1	6.85626e+17	2.78581e+17	1.21908e+17	7.7132e+16	1.54264e+17	2.31396e+17	3.08528e+17	3.8566e+17	4.62792e+17	5.39839e+17	6.16388e+17	6.87827e+17	7.33992e+17	3.35208e+17	8.60033e+15	6.23171e+15	5.71764e+15	2.50205e+15	1.58307e+15	3.16614e+15	4.74921e+15	6.33228e+15	7.91535e+15	9.49842e+15	1.11352e+16	1.3087e+16	1.82548e+16	3.90183e+16	3.09707e+17	4.54043e+17	2.96277	2.76303	2.76303	2.76303	2.76303	2.76303	2.76303	2.76303	2.76303	2.76831	2.79403	2.87487	4.42031	4.68986	4.68986	
86793.7	6.85627e+17	2.78582e+17	1.21908e+17	7.71322e+16	1.54264e+17	2.31397e+17	3.08529e+17	3.85661e+17	4.62793e+17	5.39844e+17	6.16416e+17	6.88039e+17	7.33529e+17	3.35208e+17	8.60033e+15	6.23139e+15	5.71722e+15	2.50187e+15	1.58295e+15	3.16591e+15	4.74886e+15	6.33182e+15	7.91477e+15	9.49773e+15	1.11321e+16	1.30693e+16	1.81208e+16	3.93075e+16	3.09707e+17	4.54043e+17	2.96549	2.76329	2.76329	2.76329	2.76329	2.76329	2.76329	2.76329	2.76329	2.76832	2.79291	2.87061	4.41165	4.68986	4.68986	
87045.2	6.85628e+17	2.78582e+17	1.21908e+17	7.71324e+16	1.54265e+17	2.31397e+17	3.0853e+17	3.85662e+17	4.62794e+17	5.39849e+17	6.16443e+17	6.88246e+17	7.33069e+17	3.35208e+17	8.60033e+15	6.23106e+15	5.71681e+15	2.50169e+15	1.58284e+15	3.16568e+15	4.74852e+15	6.33136e+15	7.9142e+15	9.49704e+15	1.11292e+16	1.30522e+16	1.79898e+16	3.95948e+16	3.09707e+17	4.54043e+17	2.9682	2.76365	2.76365	2.76365	2.76365	2.76365	2.76365	2.76365	2.76365	2.76845	2.79195	2.86659	4.40285	4.68986	4.68986	
87297.2	6.85628e+17	2.78583e+17	1.21909e+17	7.71326e+16	1.54265e+17	2.31398e+17	3.0853e+17	3.85663e+17	4.62795e+17	5.39853e+17	6.1647e+17	6.88448e+17	7.32611e+17	3.35208e+17	8.60033e+15	6.23074e+15	5.71639e+15	2.50151e+15	1.58272e+15	3.16545e+15	4.74817e+15	6.3309e+15	7.91362e+15	9.49635e+15	1.11262e+16	1.30355e+16	1.78616e+16	3.98809e+16	3.09707e+17	4.54043e+17	2.97092	2.76412	2.76412	2.76412	2.76412	2.76412	2.76412	2.76412	2.76412	2.76869	2.79115	2.86282	4.39388	4.68986	4.68986	
87548.9	6.85629e+17	2.78584e+17	1.21909e+17	7.71328e+16	1.54266e+17	2.31398e+17	3.08531e+17	3.85664e+17	4.62797e+17	5.39858e+17	6.16495e+17	6.88646e+17	7.32156e+17	3.35208e+17	8.60033e+15	6.23042e+15	5.71598e+15	2.50133e+15	1.58261e+15	3.16522e+15	4.74783e+15	6.33044e+15	7.91306e+15	9.49567e+15	1.11234e+16	1.30194e+16	1.77366e+16	4.01647e+16	3.09707e+17	4.54043e+17	2.97364	2.76469	2.76469	2.76469	2.76469	2.76469	2.76469	2.76469	2.76469	2.76905	2.79049	2.85928	4.38477	4.68986	4.68986	
87800.4	6.85629e+17	2.78584e+17	1.21909e+17	7.71329e+16	1.54266e+17	2.31399e+17	3.08532e+17	3.85665e+17	4.62798e+17	5.39862e+17	6.1652e+17	6.88839e+17	7.31705e+17	3.35208e+17	8.60033e+15	6.2301e+15	5.71557e+15	2.50115e+15	1.5825e+15	3.165e+15	4.74749e+15	6.32999e+15	7.91249e+15	9.49499e+15	1.11207e+16	1.30038e+16	1.76147e+16	4.0446e+16	3.09707e+17	4.54043e+17	2.97634	2.76535	2.76535	2.76535	2.76535	2.76535	2.76535	2.76535	2.76535	2.7695	2.78998	2.85599	4.37552	4.68986	4.68986	
88052.4	6.8563e+17	2.78585e+17	1.21909e+17	7.71331e+16	1.54266e+17	2.31399e+17	3.08533e+17	3.85666e+17	4.62799e+17	5.39867e+17	6.16544e+17	6.89027e+17	7.31257e+17	3.35208e+17	8.60033e+15	6.22978e+15	5.71517e+15	2.50097e+15	1.58239e+15	3.16477e+15	4.74716e+15	6.32954e+15	7.91193e+15	9.49431e+15	1.1118e+16	1.29886e+16	1.74956e+16	4.07256e+16	3.09707e+17	4.54043e+17	2.97905	2.76611	2.76611	2.76611	2.76611	2.76611	2.76611	2.76611	2.76611	2.77007	2.78961	2.85291	4.3661	4.68986	4.68986	
88304.2	6.8563e+17	2.78586e+17	1.2191e+17	7.71333e+16	1.54267e+17	2.314e+17	3.08533e+17	3.85667e+17	4.628e+17	5.39871e+17	6.16567e+17	6.8921e+17	7.30814e+17	3.35208e+17	8.60033e+15	6.22946e+15	5.71476e+15	2.50079e+15	1.58227e+15	3.16455e+15	4.74682e+15	6.32909e+15	7.91137e+15	9.49364e+15	1.11154e+16	1.2974e+16	1.73795e+16	4.10024e+16	3.09707e+17	4.54043e+17	2.98176	2.76695	2.76695	2.76695	2.76695	2.76695	2.76695	2.76695	2.76695	2.77072	2.78937	2.85005	4.35654	4.68986	4.68986	
88555.7	6.85631e+17	2.78586e+17	1.2191e+17	7.71335e+16	1.54267e+17	2.314e+17	3.08534e+17	3.85667e+17	4.62801e+17	5.39875e+17	6.1659e+17	6.89389e+17	7.30375e+17	3.35208e+17	8.60033e+15	6.22914e+15	5.71436e+15	2.50062e+15	1.58216e+15	3.16432e+15	4.74649e+15	6.32865e+15	7.91081e+15	9.49297e+15	1.11128e+16	1.29598e+16	1.72666e+16	4.12761e+16	3.09707e+17	4.54043e+17	2.98446	2.76788	2.76788	2.76788	2.76788	2.76788	2.76788	2.76788	2.76788	2.77147	2.78926	2.8474	4.34686	4.68986	4.68986	
88807.7	6.85632e+17	2.78587e+17	1.2191e+17	7.71337e+16	1.54267e+17	2.31401e+17	3.08535e+17	3.85668e+17	4.62802e+17	5.39879e+17	6.16611e+17	6.89563e+17	7.2994e+17	3.35208e+17	8.60033e+15	6.22882e+15	5.71396e+15	2.50044e+15	1.58205e+15	3.1641e+15	4.74615e+15	6.3282e+15	7.91025e+15	9.49231e+15	1.11104e+16	1.29461e+16	1.71564e+16	4.15476e+16	3.09707e+17	4.54043e+17	2.98716	2.7689	2.7689	2.7689	2.7689	2.7689	2.7689	2.7689	2.7689	2.77232	2.78928	2.84496	4.337	4.68986	4.68986	
89059.5	6.85632e+17	2.78588e+17	1.21911e+17	7.71338e+16	1.54268e+17	2.31402e+17	3.08535e+17	3.85669e+17	4.62803e+17	5.39883e+17	6.16632e+17	6.89732e+17	7.2951e+17	3.35208e+17	8.60033e+15	6.22851e+15	5.71356e+15	2.50027e+15	1.58194e+15	3.16388e+15	4.74582e+15	6.32776e+15	7.9097e+15	9.49164e+15	1.1108e+16	1.29328e+16	1.70493e+16	4.18157e+16	3.09707e+17	4.54043e+17	2.98985	2.77	2.77	2.77	2.77	2.77	2.77	2.77	2.77	2.77325	2.78941	2.84272	4.32703	4.68986	4.68986	
89311.1	6.85633e+17	2.78588e+17	1.21911e+17	7.7134e+16	1.54268e+17	2.31402e+17	3.08536e+17	3.8567e+17	4.62804e+17	5.39886e+17	6.16653e+17	6.89897e+17	7.29086e+17	3.35208e+17	8.60033e+15	6.22819e+15	5.71316e+15	2.5001e+15	1.58183e+15	3.16366e+15	4.74549e+15	6.32732e+15	7.90915e+15	9.49099e+15	1.11056e+16	1.292e+16	1.69452e+16	4.20802e+16	3.09707e+17	4.54043e+17	2.99254	2.77117	2.77117	2.77117	2.77117	2.77117	2.77117	2.77117	2.77117	2.77426	2.78967	2.84067	4.31692	4.68986	4.68986	
89563.2	6.85633e+17	2.78589e+17	1.21911e+17	7.71342e+16	1.54268e+17	2.31403e+17	3.08537e+17	3.85671e+17	4.62805e+17	5.3989e+17	6.16672e+17	6.90057e+17	7.28666e+17	3.35208e+17	8.60033e+15	6.22787e+15	5.71277e+15	2.49992e+15	1.58172e+15	3.16344e+15	4.74516e+15	6.32689e+15	7.90861e+15	9.49033e+15	1.11034e+16	1.29076e+16	1.68437e+16	4.2342e+16	3.09707e+17	4.54043e+17	2.99523	2.77241	2.77241	2.77241	2.77241	2.77241	2.77241	2.77241	2.77241	2.77536	2.79003	2.83881	4.30666	4.68986	4.68986	
89815	6.85634e+17	2.78589e+17	1.21911e+17	7.71344e+16	1.54269e+17	2.31403e+17	3.08538e+17	3.85672e+17	4.62806e+17	5.39893e+17	6.16691e+17	6.90212e+17	7.28252e+17	3.35208e+17	8.60033e+15	6.22756e+15	5.71238e+15	2.49975e+15	1.58161e+15	3.16323e+15	4.74484e+15	6.32645e+15	7.90806e+15	9.48968e+15	1.11012e+16	1.28956e+16	1.67453e+16	4.25998e+16	3.09707e+17	4.54043e+17	2.99791	2.77373	2.77373	2.77373	2.77373	2.77373	2.77373	2.77373	2.77373	2.77653	2.79051	2.83713	4.29627	4.68986	4.68986	
90066.6	6.85635e+17	2.7859e+17	1.21912e+17	7.71346e+16	1.54269e+17	2.31404e+17	3.08538e+17	3.85673e+17	4.62807e+17	5.39897e+17	6.1671e+17	6.90363e+17	7.27845e+17	3.35208e+17	8.60033e+15	6.22725e+15	5.71199e+15	2.49958e+15	1.5815e+15	3.16301e+15	4.74451e+15	6.32602e+15	7.90752e+15	9.48903e+15	1.1099e+16	1.28841e+16	1.66497e+16	4.28537e+16	3.09707e+17	4.54043e+17	3.00059	2.77511	2.77511	2.77511	2.77511	2.77511	2.77511	2.77511	2.77511	2.77777	2.79108	2.83563	4.28577	4.68986	4.68986	
90318.7	6.85635e+17	2.78591e+17	1.21912e+17	7.71347e+16	1.54269e+17	2.31404e+17	3.08539e+17	3.85674e+17	4.62808e+17	5.399e+17	6.16727e+17	6.9051e+17	7.27443e+17	3.35208e+17	8.60033e+15	6.22693e+15	5.7116e+15	2.49941e+15	1.5814e+15	3.16279e+15	4.74419e+15	6.32559e+15	7.90699e+15	9.48838e+15	1.1097e+16	1.28729e+16	1.65568e+16	4.31043e+16	3.09707e+17	4.54043e+17	3.00327	2.77657	2.77657	2.77657	2.77657	2.77657	2.77657	2.77657	2.77657	2.77909	2.79176	2.83429	4.27512	4.68986	4.68986	
90570.6	6.85636e+17	2.78591e+17	1.21912e+17	7.71349e+16	1.5427e+17	2.31405e+17	3.0854e+17	3.85675e+17	4.62809e+17	5.39903e+17	6.16744e+17	6.90652e+17	7.27048e+17	3.35208e+17	8.60033e+15	6.22662e+15	5.71121e+15	2.49924e+15	1.58129e+15	3.16258e+15	4.74387e+15	6.32516e+15	7.90645e+15	9.48774e+15	1.10949e+16	1.28622e+16	1.64667e+16	4.33505e+16	3.09707e+17	4.54043e+17	3.00595	2.77808	2.77808	2.77808	2.77808	2.77808	2.77808	2.77808	2.77808	2.78048	2.79253	2.83312	4.26436	4.68986	4.68986	
90822.2	6.85636e+17	2.78592e+17	1.21913e+17	7.71351e+16	1.5427e+17	2.31405e+17	3.0854e+17	3.85675e+17	4.6281e+17	5.39906e+17	6.16761e+17	6.9079e+17	7.2666e+17	3.35208e+17	8.60033e+15	6.22631e+15	5.71083e+15	2.49907e+15	1.58118e+15	3.16237e+15	4.74355e+15	6.32473e+15	7.90592e+15	9.4871e+15	1.1093e+16	1.28518e+16	1.63794e+16	4.35923e+16	3.09707e+17	4.54043e+17	3.00862	2.77965	2.77965	2.77965	2.77965	2.77965	2.77965	2.77965	2.77965	2.78193	2.7934	2.83211	4.25348	4.68986	4.68986	
91074.3	6.85637e+17	2.78593e+17	1.21913e+17	7.71352e+16	1.5427e+17	2.31406e+17	3.08541e+17	3.85676e+17	4.62811e+17	5.3991e+17	6.16777e+17	6.90924e+17	7.26278e+17	3.35208e+17	8.60033e+15	6.226e+15	5.71044e+15	2.4989e+15	1.58108e+15	3.16216e+15	4.74323e+15	6.32431e+15	7.90539e+15	9.48647e+15	1.10911e+16	1.28418e+16	1.62946e+16	4.38303e+16	3.09707e+17	4.54043e+17	3.01129	2.78128	2.78128	2.78128	2.78128	2.78128	2.78128	2.78128	2.78128	2.78345	2.79435	2.83125	4.24247	4.68986	4.68986	
91326.2	6.85637e+17	2.78593e+17	1.21913e+17	7.71354e+16	1.54271e+17	2.31406e+17	3.08542e+17	3.85677e+17	4.62812e+17	5.39913e+17	6.16792e+17	6.91053e+17	7.25903e+17	3.35208e+17	8.60033e+15	6.22569e+15	5.71006e+15	2.49874e+15	1.58097e+15	3.16194e+15	4.74292e+15	6.32389e+15	7.90486e+15	9.48583e+15	1.10892e+16	1.28321e+16	1.62126e+16	4.40636e+16	3.09707e+17	4.54043e+17	3.01395	2.78297	2.78297	2.78297	2.78297	2.78297	2.78297	2.78297	2.78297	2.78502	2.79539	2.83054	4.23135	4.68986	4.68986	
91577.9	6.85638e+17	2.78594e+17	1.21913e+17	7.71356e+16	1.54271e+17	2.31407e+17	3.08542e+17	3.85678e+17	4.62814e+17	5.39915e+17	6.16807e+17	6.91179e+17	7.25536e+17	3.35208e+17	8.60033e+15	6.22538e+15	5.70968e+15	2.49857e+15	1.58087e+15	3.16173e+15	4.7426e+15	6.32347e+15	7.90434e+15	9.4852e+15	1.10874e+16	1.28228e+16	1.61331e+16	4.4292e+16	3.09707e+17	4.54043e+17	3.01661	2.78471	2.78471	2.78471	2.78471	2.78471	2.78471	2.78471	2.78471	2.78666	2.79651	2.82997	4.22013	4.68986	4.68986	
91830.1	6.85639e+17	2.78594e+17	1.21914e+17	7.71358e+16	1.54272e+17	2.31407e+17	3.08543e+17	3.85679e+17	4.62815e+17	5.39918e+17	6.16821e+17	6.913e+17	7.25176e+17	3.35208e+17	8.60033e+15	6.22507e+15	5.70931e+15	2.49841e+15	1.58076e+15	3.16152e+15	4.74229e+15	6.32305e+15	7.90381e+15	9.48457e+15	1.10856e+16	1.28139e+16	1.60561e+16	4.45162e+16	3.09707e+17	4.54043e+17	3.01927	2.7865	2.7865	2.7865	2.7865	2.7865	2.7865	2.7865	2.7865	2.78835	2.79771	2.82954	4.20878	4.68986	4.68986	
92082	6.85639e+17	2.78595e+17	1.21914e+17	7.71359e+16	1.54272e+17	2.31408e+17	3.08544e+17	3.8568e+17	4.62816e+17	5.39921e+17	6.16835e+17	6.91418e+17	7.24824e+17	3.35208e+17	8.60033e+15	6.22476e+15	5.70893e+15	2.49824e+15	1.58066e+15	3.16132e+15	4.74198e+15	6.32263e+15	7.90329e+15	9.48395e+15	1.10839e+16	1.28052e+16	1.59816e+16	4.47353e+16	3.09707e+17	4.54043e+17	3.02193	2.78834	2.78834	2.78834	2.78834	2.78834	2.78834	2.78834	2.78834	2.79009	2.79899	2.82924	4.19733	4.68986	4.68986	
92333.7	6.8564e+17	2.78596e+17	1.21914e+17	7.71361e+16	1.54272e+17	2.31408e+17	3.08544e+17	3.8568e+17	4.62817e+17	5.39924e+17	6.16848e+17	6.91531e+17	7.24481e+17	3.35208e+17	8.60033e+15	6.22446e+15	5.70856e+15	2.49808e+15	1.58055e+15	3.16111e+15	4.74166e+15	6.32222e+15	7.90277e+15	9.48333e+15	1.10822e+16	1.27969e+16	1.59096e+16	4.49492e+16	3.09707e+17	4.54043e+17	3.02457	2.79022	2.79022	2.79022	2.79022	2.79022	2.79022	2.79022	2.79022	2.79188	2.80033	2.82907	4.1858	4.68986	4.68986	
92585.9	6.8564e+17	2.78596e+17	1.21914e+17	7.71363e+16	1.54273e+17	2.31409e+17	3.08545e+17	3.85681e+17	4.62818e+17	5.39926e+17	6.1686e+17	6.91642e+17	7.24145e+17	3.35208e+17	8.60033e+15	6.22415e+15	5.70818e+15	2.49792e+15	1.58045e+15	3.1609e+15	4.74136e+15	6.32181e+15	7.90226e+15	9.48271e+15	1.10806e+16	1.27889e+16	1.58399e+16	4.51585e+16	3.09707e+17	4.54043e+17	3.02722	2.79216	2.79216	2.79216	2.79216	2.79216	2.79216	2.79216	2.79216	2.79373	2.80175	2.82902	4.17414	4.68986	4.68986	
92837.9	6.85641e+17	2.78597e+17	1.21915e+17	7.71364e+16	1.54273e+17	2.31409e+17	3.08546e+17	3.85682e+17	4.62819e+17	5.39929e+17	6.16873e+17	6.91748e+17	7.23817e+17	3.35208e+17	8.60033e+15	6.22384e+15	5.70781e+15	2.49775e+15	1.58035e+15	3.1607e+15	4.74105e+15	6.3214e+15	7.90175e+15	9.48209e+15	1.1079e+16	1.27812e+16	1.57726e+16	4.53623e+16	3.09707e+17	4.54043e+17	3.02987	2.79413	2.79413	2.79413	2.79413	2.79413	2.79413	2.79413	2.79413	2.79562	2.80323	2.8291	4.16241	4.68986	4.68986	
93089.6	6.85641e+17	2.78597e+17	1.21915e+17	7.71366e+16	1.54273e+17	2.3141e+17	3.08546e+17	3.85683e+17	4.6282e+17	5.39931e+17	6.16884e+17	6.9185e+17	7.23498e+17	3.35208e+17	8.60033e+15	6.22354e+15	5.70744e+15	2.49759e+15	1.58025e+15	3.16049e+15	4.74074e+15	6.32099e+15	7.90123e+15	9.48148e+15	1.10775e+16	1.27738e+16	1.57076e+16	4.55607e+16	3.09707e+17	4.54043e+17	3.0325	2.79614	2.79614	2.79614	2.79614	2.79614	2.79614	2.79614	2.79614	2.79755	2.80478	2.82928	4.15059	4.68986	4.68986	
93341.9	6.85642e+17	2.78598e+17	1.21915e+17	7.71368e+16	1.54274e+17	2.3141e+17	3.08547e+17	3.85684e+17	4.62821e+17	5.39934e+17	6.16896e+17	6.91949e+17	7.23188e+17	3.35208e+17	8.60033e+15	6.22324e+15	5.70708e+15	2.49743e+15	1.58015e+15	3.16029e+15	4.74044e+15	6.32058e+15	7.90073e+15	9.48087e+15	1.1076e+16	1.27667e+16	1.56447e+16	4.5754e+16	3.09707e+17	4.54043e+17	3.03514	2.7982	2.7982	2.7982	2.7982	2.7982	2.7982	2.7982	2.7982	2.79953	2.80638	2.82958	4.13866	4.68986	4.68986	
93593.9	6.85643e+17	2.78599e+17	1.21915e+17	7.71369e+16	1.54274e+17	2.31411e+17	3.08548e+17	3.85685e+17	4.62822e+17	5.39936e+17	6.16907e+17	6.92045e+17	7.22886e+17	3.35208e+17	8.60033e+15	6.22293e+15	5.70671e+15	2.49727e+15	1.58004e+15	3.16009e+15	4.74013e+15	6.32018e+15	7.90022e+15	9.48026e+15	1.10745e+16	1.27598e+16	1.55841e+16	4.59417e+16	3.09707e+17	4.54043e+17	3.03777	2.80029	2.80029	2.80029	2.80029	2.80029	2.80029	2.80029	2.80029	2.80155	2.80805	2.82998	4.12666	4.68986	4.68986	
93845.7	6.85643e+17	2.78599e+17	1.21916e+17	7.71371e+16	1.54274e+17	2.31411e+17	3.08548e+17	3.85685e+17	4.62823e+17	5.39938e+17	6.16917e+17	6.92137e+17	7.22594e+17	3.35208e+17	8.60033e+15	6.22263e+15	5.70635e+15	2.49711e+15	1.57994e+15	3.15989e+15	4.73983e+15	6.31977e+15	7.89972e+15	9.47966e+15	1.10731e+16	1.27532e+16	1.55256e+16	4.61235e+16	3.09707e+17	4.54043e+17	3.04039	2.80241	2.80241	2.80241	2.80241	2.80241	2.80241	2.80241	2.80241	2.80361	2.80977	2.83048	4.1146	4.68986	4.68986	
94098	6.85644e+17	2.786e+17	1.21916e+17	7.71372e+16	1.54274e+17	2.31412e+17	3.08549e+17	3.85686e+17	4.62823e+17	5.3994e+17	6.16927e+17	6.92226e+17	7.2231e+17	3.35208e+17	8.60033e+15	6.22233e+15	5.70598e+15	2.49695e+15	1.57984e+15	3.15968e+15	4.73953e+15	6.31937e+15	7.89921e+15	9.47905e+15	1.10717e+16	1.27468e+16	1.54691e+16	4.63001e+16	3.09707e+17	4.54043e+17	3.04302	2.80457	2.80457	2.80457	2.80457	2.80457	2.80457	2.80457	2.80457	2.80571	2.81154	2.83108	4.10243	4.68986	4.68986	
94350	6.85644e+17	2.786e+17	1.21916e+17	7.71374e+16	1.54275e+17	2.31412e+17	3.0855e+17	3.85687e+17	4.62824e+17	5.39943e+17	6.16937e+17	6.92312e+17	7.22035e+17	3.35208e+17	8.60033e+15	6.22203e+15	5.70562e+15	2.49679e+15	1.57974e+15	3.15948e+15	4.73923e+15	6.31897e+15	7.89871e+15	9.47845e+15	1.10704e+16	1.27407e+16	1.54147e+16	4.64708e+16	3.09707e+17	4.54043e+17	3.04564	2.80676	2.80676	2.80676	2.80676	2.80676	2.80676	2.80676	2.80676	2.80784	2.81337	2.83177	4.09021	4.68986	4.68986	
94601.8	6.85645e+17	2.78601e+17	1.21917e+17	7.71376e+16	1.54275e+17	2.31413e+17	3.0855e+17	3.85688e+17	4.62825e+17	5.39945e+17	6.16946e+17	6.92395e+17	7.2177e+17	3.35208e+17	8.60033e+15	6.22173e+15	5.70526e+15	2.49664e+15	1.57964e+15	3.15929e+15	4.73893e+15	6.31857e+15	7.89821e+15	9.47786e+15	1.1069e+16	1.27349e+16	1.53623e+16	4.66355e+16	3.09707e+17	4.54043e+17	3.04825	2.80898	2.80898	2.80898	2.80898	2.80898	2.80898	2.80898	2.80898	2.81	2.81524	2.83256	4.07793	4.68986	4.68986	
94854.1	6.85645e+17	2.78602e+17	1.21917e+17	7.71377e+16	1.54275e+17	2.31413e+17	3.08551e+17	3.85689e+17	4.62826e+17	5.39947e+17	6.16955e+17	6.92474e+17	7.21514e+17	3.35208e+17	8.60033e+15	6.22143e+15	5.7049e+15	2.49648e+15	1.57954e+15	3.15909e+15	4.73863e+15	6.31817e+15	7.89772e+15	9.47726e+15	1.10678e+16	1.27292e+16	1.53117e+16	4.67946e+16	3.09707e+17	4.54043e+17	3.05086	2.81124	2.81124	2.81124	2.81124	2.81124	2.81124	2.81124	2.81124	2.8122	2.81716	2.83343	4.06556	4.68986	4.68986	
95106.2	6.85646e+17	2.78602e+17	1.21917e+17	7.71379e+16	1.54276e+17	2.31414e+17	3.08552e+17	3.85689e+17	4.62827e+17	5.39949e+17	6.16964e+17	6.92551e+17	7.21268e+17	3.35208e+17	8.60033e+15	6.22113e+15	5.70455e+15	2.49632e+15	1.57944e+15	3.15889e+15	4.73833e+15	6.31778e+15	7.89722e+15	9.47667e+15	1.10665e+16	1.27238e+16	1.5263e+16	4.69476e+16	3.09707e+17	4.54043e+17	3.05347	2.81352	2.81352	2.81352	2.81352	2.81352	2.81352	2.81352	2.81352	2.81442	2.81912	2.83438	4.05315	4.68986	4.68986	
95358	6.85646e+17	2.78603e+17	1.21917e+17	7.71381e+16	1.54276e+17	2.31414e+17	3.08552e+17	3.8569e+17	4.62828e+17	5.39951e+17	6.16972e+17	6.92625e+17	7.21032e+17	3.35208e+17	8.60033e+15	6.22083e+15	5.70419e+15	2.49617e+15	1.57935e+15	3.15869e+15	4.73804e+15	6.31739e+15	7.89673e+15	9.47608e+15	1.10653e+16	1.27186e+16	1.52162e+16	4.70945e+16	3.09707e+17	4.54043e+17	3.05606	2.81582	2.81582	2.81582	2.81582	2.81582	2.81582	2.81582	2.81582	2.81668	2.82113	2.83541	4.0407	4.68986	4.68986	
95610.4	6.85647e+17	2.78603e+17	1.21918e+17	7.71382e+16	1.54276e+17	2.31415e+17	3.08553e+17	3.85691e+17	4.62829e+17	5.39953e+17	6.1698e+17	6.92696e+17	7.20805e+17	3.35208e+17	8.60033e+15	6.22053e+15	5.70384e+15	2.49601e+15	1.57925e+15	3.1585e+15	4.73775e+15	6.31699e+15	7.89624e+15	9.47549e+15	1.10641e+16	1.27136e+16	1.5171e+16	4.72356e+16	3.09707e+17	4.54043e+17	3.05866	2.81816	2.81816	2.81816	2.81816	2.81816	2.81816	2.81816	2.81816	2.81897	2.82318	2.83652	4.02816	4.68986	4.68986	
95862.5	6.85647e+17	2.78604e+17	1.21918e+17	7.71384e+16	1.54277e+17	2.31415e+17	3.08553e+17	3.85692e+17	4.6283e+17	5.39955e+17	6.16988e+17	6.92764e+17	7.20588e+17	3.35208e+17	8.60033e+15	6.22024e+15	5.70349e+15	2.49586e+15	1.57915e+15	3.1583e+15	4.73745e+15	6.3166e+15	7.89575e+15	9.47491e+15	1.10629e+16	1.27088e+16	1.51276e+16	4.73705e+16	3.09707e+17	4.54043e+17	3.06125	2.82051	2.82051	2.82051	2.82051	2.82051	2.82051	2.82051	2.82051	2.82128	2.82526	2.83771	4.0156	4.68986	4.68986	
96114.4	6.85648e+17	2.78604e+17	1.21918e+17	7.71385e+16	1.54277e+17	2.31416e+17	3.08554e+17	3.85693e+17	4.62831e+17	5.39956e+17	6.16995e+17	6.9283e+17	7.20381e+17	3.35208e+17	8.60033e+15	6.21994e+15	5.70313e+15	2.49571e+15	1.57905e+15	3.15811e+15	4.73716e+15	6.31622e+15	7.89527e+15	9.47432e+15	1.10617e+16	1.27041e+16	1.50859e+16	4.74991e+16	3.09707e+17	4.54043e+17	3.06384	2.82289	2.82289	2.82289	2.82289	2.82289	2.82289	2.82289	2.82289	2.82361	2.82738	2.83896	4.00301	4.68986	4.68986	
96366.8	6.85649e+17	2.78605e+17	1.21918e+17	7.71387e+16	1.54277e+17	2.31416e+17	3.08555e+17	3.85693e+17	4.62832e+17	5.39958e+17	6.17002e+17	6.92893e+17	7.20183e+17	3.35208e+17	8.60033e+15	6.21964e+15	5.70278e+15	2.49555e+15	1.57896e+15	3.15791e+15	4.73687e+15	6.31583e+15	7.89478e+15	9.47374e+15	1.10606e+16	1.26997e+16	1.50457e+16	4.76217e+16	3.09707e+17	4.54043e+17	3.06642	2.82529	2.82529	2.82529	2.82529	2.82529	2.82529	2.82529	2.82529	2.82598	2.82954	2.84028	3.99035	4.68986	4.68986	
96618.9	6.85649e+17	2.78606e+17	1.21919e+17	7.71388e+16	1.54278e+17	2.31417e+17	3.08555e+17	3.85694e+17	4.62833e+17	5.3996e+17	6.17009e+17	6.92954e+17	7.19996e+17	3.35208e+17	8.60033e+15	6.21935e+15	5.70244e+15	2.4954e+15	1.57886e+15	3.15772e+15	4.73658e+15	6.31544e+15	7.8943e+15	9.47316e+15	1.10595e+16	1.26954e+16	1.50071e+16	4.77381e+16	3.09707e+17	4.54043e+17	3.069	2.82772	2.82772	2.82772	2.82772	2.82772	2.82772	2.82772	2.82772	2.82836	2.83173	2.84166	3.97767	4.68986	4.68986	
96870.8	6.8565e+17	2.78606e+17	1.21919e+17	7.7139e+16	1.54278e+17	2.31417e+17	3.08556e+17	3.85695e+17	4.62834e+17	5.39962e+17	6.17015e+17	6.93012e+17	7.19818e+17	3.35208e+17	8.60033e+15	6.21906e+15	5.70209e+15	2.49525e+15	1.57876e+15	3.15753e+15	4.73629e+15	6.31506e+15	7.89382e+15	9.47259e+15	1.10584e+16	1.26913e+16	1.497e+16	4.78481e+16	3.09707e+17	4.54043e+17	3.07157	2.83015	2.83015	2.83015	2.83015	2.83015	2.83015	2.83015	2.83015	2.83076	2.83395	2.8431	3.96497	4.68986	4.68986	
97123.3	6.8565e+17	2.78607e+17	1.21919e+17	7.71392e+16	1.54278e+17	2.31417e+17	3.08557e+17	3.85696e+17	4.62835e+17	5.39963e+17	6.17022e+17	6.93068e+17	7.19651e+17	3.35208e+17	8.60033e+15	6.21876e+15	5.70174e+15	2.4951e+15	1.57867e+15	3.15734e+15	4.73601e+15	6.31467e+15	7.89334e+15	9.47201e+15	1.10574e+16	1.26873e+16	1.49343e+16	4.79521e+16	3.09707e+17	4.54043e+17	3.07413	2.83262	2.83262	2.83262	2.83262	2.83262	2.83262	2.83262	2.83262	2.83319	2.8362	2.84461	3.95223	4.68986	4.68986	
97375.5	6.85651e+17	2.78607e+17	1.21919e+17	7.71393e+16	1.54279e+17	2.31418e+17	3.08557e+17	3.85697e+17	4.62836e+17	5.39965e+17	6.17028e+17	6.93122e+17	7.19494e+17	3.35208e+17	8.60033e+15	6.21847e+15	5.7014e+15	2.49495e+15	1.57857e+15	3.15715e+15	4.73572e+15	6.31429e+15	7.89287e+15	9.47144e+15	1.10564e+16	1.26836e+16	1.49001e+16	4.80498e+16	3.09707e+17	4.54043e+17	3.07669	2.8351	2.8351	2.8351	2.8351	2.8351	2.8351	2.8351	2.8351	2.83564	2.83848	2.84616	3.93947	4.68986	4.68986	
97627.4	6.85651e+17	2.78608e+17	1.21919e+17	7.71395e+16	1.54279e+17	2.31418e+17	3.08558e+17	3.85697e+17	4.62837e+17	5.39967e+17	6.17033e+17	6.93174e+17	7.19346e+17	3.35208e+17	8.60033e+15	6.21818e+15	5.70106e+15	2.4948e+15	1.57848e+15	3.15696e+15	4.73543e+15	6.31391e+15	7.89239e+15	9.47087e+15	1.10554e+16	1.26799e+16	1.48673e+16	4.8141e+16	3.09707e+17	4.54043e+17	3.07925	2.83759	2.83759	2.83759	2.83759	2.83759	2.83759	2.83759	2.83759	2.8381	2.84078	2.84777	3.92672	4.68986	4.68986	
97879.9	6.85652e+17	2.78608e+17	1.2192e+17	7.71396e+16	1.54279e+17	2.31419e+17	3.08558e+17	3.85698e+17	4.62838e+17	5.39968e+17	6.17039e+17	6.93223e+17	7.19209e+17	3.35208e+17	8.60033e+15	6.21789e+15	5.70071e+15	2.49465e+15	1.57838e+15	3.15677e+15	4.73515e+15	6.31353e+15	7.89192e+15	9.4703e+15	1.10544e+16	1.26764e+16	1.48358e+16	4.82262e+16	3.09707e+17	4.54043e+17	3.0818	2.8401	2.8401	2.8401	2.8401	2.8401	2.8401	2.8401	2.8401	2.84058	2.84312	2.84944	3.91392	4.68986	4.68986	
98132.1	6.85652e+17	2.78609e+17	1.2192e+17	7.71398e+16	1.5428e+17	2.31419e+17	3.08559e+17	3.85699e+17	4.62839e+17	5.3997e+17	6.17044e+17	6.93271e+17	7.19082e+17	3.35208e+17	8.60033e+15	6.2176e+15	5.70037e+15	2.4945e+15	1.57829e+15	3.15658e+15	4.73487e+15	6.31316e+15	7.89145e+15	9.46973e+15	1.10534e+16	1.2673e+16	1.48055e+16	4.8305e+16	3.09707e+17	4.54043e+17	3.08434	2.84263	2.84263	2.84263	2.84263	2.84263	2.84263	2.84263	2.84263	2.84308	2.84547	2.85115	3.90113	4.68986	4.68986	
98384.1	6.85653e+17	2.78609e+17	1.2192e+17	7.71399e+16	1.5428e+17	2.3142e+17	3.0856e+17	3.857e+17	4.6284e+17	5.39971e+17	6.17049e+17	6.93316e+17	7.18965e+17	3.35208e+17	8.60033e+15	6.21731e+15	5.70003e+15	2.49435e+15	1.5782e+15	3.15639e+15	4.73459e+15	6.31278e+15	7.89098e+15	9.46917e+15	1.10524e+16	1.26698e+16	1.47765e+16	4.83775e+16	3.09707e+17	4.54043e+17	3.08688	2.84516	2.84516	2.84516	2.84516	2.84516	2.84516	2.84516	2.84516	2.84559	2.84785	2.85291	3.88834	4.68986	4.68986	
98636.6	6.85653e+17	2.7861e+17	1.2192e+17	7.71401e+16	1.5428e+17	2.3142e+17	3.0856e+17	3.857e+17	4.6284e+17	5.39973e+17	6.17054e+17	6.9336e+17	7.18858e+17	3.35208e+17	8.60033e+15	6.21702e+15	5.69969e+15	2.4942e+15	1.5781e+15	3.1562e+15	4.7343e+15	6.31241e+15	7.89051e+15	9.46861e+15	1.10515e+16	1.26667e+16	1.47487e+16	4.84439e+16	3.09707e+17	4.54043e+17	3.08941	2.84772	2.84772	2.84772	2.84772	2.84772	2.84772	2.84772	2.84772	2.84812	2.85025	2.85471	3.87553	4.68986	4.68986	
98888.8	6.85654e+17	2.78611e+17	1.21921e+17	7.71402e+16	1.5428e+17	2.31421e+17	3.08561e+17	3.85701e+17	4.62841e+17	5.39974e+17	6.17059e+17	6.93402e+17	7.18761e+17	3.35208e+17	8.60033e+15	6.21673e+15	5.69936e+15	2.49405e+15	1.57801e+15	3.15602e+15	4.73402e+15	6.31203e+15	7.89004e+15	9.46805e+15	1.10506e+16	1.26637e+16	1.4722e+16	4.8504e+16	3.09707e+17	4.54043e+17	3.09194	2.85029	2.85029	2.85029	2.85029	2.85029	2.85029	2.85029	2.85029	2.85067	2.85268	2.85656	3.86274	4.68986	4.68986	
99140.9	6.85654e+17	2.78611e+17	1.21921e+17	7.71404e+16	1.54281e+17	2.31421e+17	3.08562e+17	3.85702e+17	4.62842e+17	5.39976e+17	6.17064e+17	6.93442e+17	7.18674e+17	3.35208e+17	8.60033e+15	6.21645e+15	5.69902e+15	2.49391e+15	1.57792e+15	3.15583e+15	4.73375e+15	6.31166e+15	7.88958e+15	9.46749e+15	1.10497e+16	1.26608e+16	1.46965e+16	4.85578e+16	3.09707e+17	4.54043e+17	3.09446	2.85286	2.85286	2.85286	2.85286	2.85286	2.85286	2.85286	2.85286	2.85322	2.85511	2.85844	3.84997	4.68986	4.68986	
99393.4	6.85655e+17	2.78612e+17	1.21921e+17	7.71405e+16	1.54281e+17	2.31422e+17	3.08562e+17	3.85703e+17	4.62843e+17	5.39977e+17	6.17068e+17	6.93481e+17	7.18597e+17	3.35208e+17	8.60033e+15	6.21616e+15	5.69869e+15	2.49376e+15	1.57782e+15	3.15564e+15	4.73347e+15	6.31129e+15	7.88911e+15	9.46693e+15	1.10488e+16	1.2658e+16	1.4672e+16	4.86055e+16	3.09707e+17	4.54043e+17	3.09698	2.85545	2.85545	2.85545	2.85545	2.85545	2.85545	2.85545	2.85545	2.85579	2.85758	2.86036	3.83719	4.68986	4.68986	
99645.7	6.85656e+17	2.78612e+17	1.21921e+17	7.71407e+16	1.54281e+17	2.31422e+17	3.08563e+17	3.85703e+17	4.62844e+17	5.39979e+17	6.17072e+17	6.93517e+17	7.1853e+17	3.35208e+17	8.60033e+15	6.21587e+15	5.69835e+15	2.49361e+15	1.57773e+15	3.15546e+15	4.73319e+15	6.31092e+15	7.88865e+15	9.46638e+15	1.10479e+16	1.26554e+16	1.46485e+16	4.8647e+16	3.09707e+17	4.54043e+17	3.09949	2.85805	2.85805	2.85805	2.85805	2.85805	2.85805	2.85805	2.85805	2.85837	2.86005	2.86232	3.82443	4.68986	4.68986	
99897.7	6.85656e+17	2.78613e+17	1.21922e+17	7.71408e+16	1.54282e+17	2.31422e+17	3.08563e+17	3.85704e+17	4.62845e+17	5.3998e+17	6.17077e+17	6.93552e+17	7.18472e+17	3.35208e+17	8.60033e+15	6.21559e+15	5.69802e+15	2.49347e+15	1.57764e+15	3.15528e+15	4.73291e+15	6.31055e+15	7.88819e+15	9.46583e+15	1.10471e+16	1.26528e+16	1.46261e+16	4.86823e+16	3.09707e+17	4.54043e+17	3.10199	2.86066	2.86066	2.86066	2.86066	2.86066	2.86066	2.86066	2.86066	2.86096	2.86255	2.86432	3.81171	4.68986	4.68986	
100150	6.85657e+17	2.78613e+17	1.21922e+17	7.7141e+16	1.54282e+17	2.31423e+17	3.08564e+17	3.85705e+17	4.62846e+17	5.39981e+17	6.1708e+17	6.93586e+17	7.18425e+17	3.35208e+17	8.60033e+15	6.21531e+15	5.69769e+15	2.49332e+15	1.57755e+15	3.15509e+15	4.73264e+15	6.31019e+15	7.88773e+15	9.46528e+15	1.10462e+16	1.26503e+16	1.46045e+16	4.87117e+16	3.09707e+17	4.54043e+17	3.1045	2.86328	2.86328	2.86328	2.86328	2.86328	2.86328	2.86328	2.86328	2.86356	2.86506	2.86635	3.79899	4.68986	4.68986	
100403	6.85657e+17	2.78614e+17	1.21922e+17	7.71411e+16	1.54282e+17	2.31423e+17	3.08564e+17	3.85706e+17	4.62847e+17	5.39983e+17	6.17084e+17	6.93618e+17	7.18387e+17	3.35208e+17	8.60033e+15	6.21502e+15	5.69736e+15	2.49318e+15	1.57745e+15	3.15491e+15	4.73236e+15	6.30982e+15	7.88727e+15	9.46473e+15	1.10454e+16	1.26479e+16	1.4584e+16	4.87349e+16	3.09707e+17	4.54043e+17	3.10699	2.86591	2.86591	2.86591	2.86591	2.86591	2.86591	2.86591	2.86591	2.86617	2.86758	2.86841	3.7863	4.68986	4.68986	
100655	6.85658e+17	2.78614e+17	1.21922e+17	7.71413e+16	1.54283e+17	2.31424e+17	3.08565e+17	3.85706e+17	4.62848e+17	5.39984e+17	6.17088e+17	6.93649e+17	7.18359e+17	3.35208e+17	8.60033e+15	6.21474e+15	5.69703e+15	2.49304e+15	1.57736e+15	3.15473e+15	4.73209e+15	6.30946e+15	7.88682e+15	9.46418e+15	1.10446e+16	1.26456e+16	1.45643e+16	4.87521e+16	3.09707e+17	4.54043e+17	3.10947	2.86854	2.86854	2.86854	2.86854	2.86854	2.86854	2.86854	2.86854	2.86879	2.87012	2.87049	3.77367	4.68986	4.68986	
100907	6.85658e+17	2.78615e+17	1.21923e+17	7.71414e+16	1.54283e+17	2.31424e+17	3.08566e+17	3.85707e+17	4.62849e+17	5.39985e+17	6.17091e+17	6.93679e+17	7.1834e+17	3.35208e+17	8.60033e+15	6.21446e+15	5.6967e+15	2.49289e+15	1.57727e+15	3.15455e+15	4.73182e+15	6.30909e+15	7.88636e+15	9.46364e+15	1.10438e+16	1.26434e+16	1.45454e+16	4.87634e+16	3.09707e+17	4.54043e+17	3.11196	2.87119	2.87119	2.87119	2.87119	2.87119	2.87119	2.87119	2.87119	2.87142	2.87267	2.87261	3.76104	4.68986	4.68986	
101160	6.85659e+17	2.78615e+17	1.21923e+17	7.71416e+16	1.54283e+17	2.31425e+17	3.08566e+17	3.85708e+17	4.62849e+17	5.39987e+17	6.17095e+17	6.93707e+17	7.18331e+17	3.35208e+17	8.60033e+15	6.21418e+15	5.69638e+15	2.49275e+15	1.57718e+15	3.15436e+15	4.73155e+15	6.30873e+15	7.88591e+15	9.46309e+15	1.1043e+16	1.26413e+16	1.45274e+16	4.87687e+16	3.09707e+17	4.54043e+17	3.11444	2.87384	2.87384	2.87384	2.87384	2.87384	2.87384	2.87384	2.87384	2.87406	2.87524	2.87475	3.74847	4.68986	4.68986	
101412	6.85659e+17	2.78616e+17	1.21923e+17	7.71417e+16	1.54283e+17	2.31425e+17	3.08567e+17	3.85709e+17	4.6285e+17	5.39988e+17	6.17098e+17	6.93734e+17	7.18332e+17	3.35208e+17	8.60033e+15	6.2139e+15	5.69605e+15	2.49261e+15	1.57709e+15	3.15418e+15	4.73128e+15	6.30837e+15	7.88546e+15	9.46255e+15	1.10422e+16	1.26392e+16	1.45102e+16	4.87683e+16	3.09707e+17	4.54043e+17	3.1169	2.87649	2.87649	2.87649	2.87649	2.87649	2.87649	2.87649	2.87649	2.8767	2.87781	2.87692	3.73595	4.68986	4.68986	
101665	6.8566e+17	2.78616e+17	1.21923e+17	7.71419e+16	1.54284e+17	2.31426e+17	3.08567e+17	3.85709e+17	4.62851e+17	5.39989e+17	6.17101e+17	6.9376e+17	7.18341e+17	3.35208e+17	8.60033e+15	6.21362e+15	5.69572e+15	2.49246e+15	1.577e+15	3.154e+15	4.73101e+15	6.30801e+15	7.88501e+15	9.46201e+15	1.10414e+16	1.26372e+16	1.44937e+16	4.8762e+16	3.09707e+17	4.54043e+17	3.11937	2.87916	2.87916	2.87916	2.87916	2.87916	2.87916	2.87916	2.87916	2.87935	2.8804	2.87912	3.72345	4.68986	4.68986	
101917	6.8566e+17	2.78617e+17	1.21924e+17	7.7142e+16	1.54284e+17	2.31426e+17	3.08568e+17	3.8571e+17	4.62852e+17	5.3999e+17	6.17104e+17	6.93784e+17	7.1836e+17	3.35208e+17	8.60033e+15	6.21334e+15	5.6954e+15	2.49232e+15	1.57691e+15	3.15383e+15	4.73074e+15	6.30765e+15	7.88456e+15	9.46148e+15	1.10406e+16	1.26353e+16	1.4478e+16	4.875e+16	3.09707e+17	4.54043e+17	3.12183	2.88183	2.88183	2.88183	2.88183	2.88183	2.88183	2.88183	2.88183	2.88201	2.88299	2.88133	3.71101	4.68986	4.68986	
102169	6.85661e+17	2.78618e+17	1.21924e+17	7.71421e+16	1.54284e+17	2.31426e+17	3.08569e+17	3.85711e+17	4.62853e+17	5.39992e+17	6.17107e+17	6.93808e+17	7.18388e+17	3.35208e+17	8.60033e+15	6.21306e+15	5.69508e+15	2.49218e+15	1.57682e+15	3.15365e+15	4.73047e+15	6.30729e+15	7.88412e+15	9.46094e+15	1.10399e+16	1.26335e+16	1.4463e+16	4.87324e+16	3.09707e+17	4.54043e+17	3.12428	2.8845	2.8845	2.8845	2.8845	2.8845	2.8845	2.8845	2.8845	2.88467	2.88559	2.88357	3.69865	4.68986	4.68986	
102422	6.85661e+17	2.78618e+17	1.21924e+17	7.71423e+16	1.54285e+17	2.31427e+17	3.08569e+17	3.85711e+17	4.62854e+17	5.39993e+17	6.1711e+17	6.9383e+17	7.18425e+17	3.35208e+17	8.60033e+15	6.21278e+15	5.69476e+15	2.49204e+15	1.57673e+15	3.15347e+15	4.7302e+15	6.30694e+15	7.88367e+15	9.46041e+15	1.10391e+16	1.26317e+16	1.44486e+16	4.87091e+16	3.09707e+17	4.54043e+17	3.12673	2.88718	2.88718	2.88718	2.88718	2.88718	2.88718	2.88718	2.88718	2.88734	2.88821	2.88583	3.68631	4.68986	4.68986	
102674	6.85662e+17	2.78619e+17	1.21924e+17	7.71424e+16	1.54285e+17	2.31427e+17	3.0857e+17	3.85712e+17	4.62855e+17	5.39994e+17	6.17113e+17	6.93851e+17	7.18471e+17	3.35208e+17	8.60033e+15	6.21251e+15	5.69444e+15	2.4919e+15	1.57665e+15	3.15329e+15	4.72994e+15	6.30658e+15	7.88323e+15	9.45987e+15	1.10384e+16	1.26299e+16	1.44349e+16	4.86804e+16	3.09707e+17	4.54043e+17	3.12918	2.88987	2.88987	2.88987	2.88987	2.88987	2.88987	2.88987	2.88987	2.89002	2.89083	2.8881	3.67405	4.68986	4.68986	
102926	6.85662e+17	2.78619e+17	1.21924e+17	7.71426e+16	1.54285e+17	2.31428e+17	3.0857e+17	3.85713e+17	4.62855e+17	5.39995e+17	6.17116e+17	6.93872e+17	7.18525e+17	3.35208e+17	8.60033e+15	6.21223e+15	5.69412e+15	2.49176e+15	1.57656e+15	3.15311e+15	4.72967e+15	6.30623e+15	7.88279e+15	9.45934e+15	1.10377e+16	1.26283e+16	1.44219e+16	4.86462e+16	3.09707e+17	4.54043e+17	3.13161	2.89255	2.89255	2.89255	2.89255	2.89255	2.89255	2.89255	2.89255	2.89269	2.89346	2.8904	3.66186	4.68986	4.68986	
103179	6.85663e+17	2.7862e+17	1.21925e+17	7.71427e+16	1.54285e+17	2.31428e+17	3.08571e+17	3.85714e+17	4.62856e+17	5.39996e+17	6.17118e+17	6.93891e+17	7.18588e+17	3.35208e+17	8.60032e+15	6.21196e+15	5.6938e+15	2.49162e+15	1.57647e+15	3.15294e+15	4.72941e+15	6.30587e+15	7.88234e+15	9.45881e+15	1.10369e+16	1.26267e+16	1.44094e+16	4.86067e+16	3.09707e+17	4.54043e+17	3.13405	2.89525	2.89525	2.89525	2.89525	2.89525	2.89525	2.89525	2.89525	2.89538	2.8961	2.89271	3.64971	4.68986	4.68986	
103432	6.85663e+17	2.7862e+17	1.21925e+17	7.71429e+16	1.54286e+17	2.31429e+17	3.08571e+17	3.85714e+17	4.62857e+17	5.39998e+17	6.17121e+17	6.9391e+17	7.1866e+17	3.35208e+17	8.60032e+15	6.21168e+15	5.69348e+15	2.49148e+15	1.57638e+15	3.15276e+15	4.72914e+15	6.30552e+15	7.8819e+15	9.45828e+15	1.10362e+16	1.26251e+16	1.43975e+16	4.85618e+16	3.09707e+17	4.54043e+17	3.13648	2.89794	2.89794	2.89794	2.89794	2.89794	2.89794	2.89794	2.89794	2.89807	2.89874	2.89504	3.63765	4.68986	4.68986	
103684	6.85664e+17	2.78621e+17	1.21925e+17	7.7143e+16	1.54286e+17	2.31429e+17	3.08572e+17	3.85715e+17	4.62858e+17	5.39999e+17	6.17123e+17	6.93927e+17	7.1874e+17	3.35207e+17	8.60032e+15	6.21141e+15	5.69316e+15	2.49134e+15	1.57629e+15	3.15259e+15	4.72888e+15	6.30517e+15	7.88147e+15	9.45776e+15	1.10355e+16	1.26236e+16	1.43861e+16	4.85119e+16	3.09707e+17	4.54043e+17	3.13889	2.90064	2.90064	2.90064	2.90064	2.90064	2.90064	2.90064	2.90064	2.90075	2.90139	2.89738	3.62567	4.68986	4.68986	
103937	6.85664e+17	2.78621e+17	1.21925e+17	7.71432e+16	1.54286e+17	2.31429e+17	3.08573e+17	3.85716e+17	4.62859e+17	5.4e+17	6.17126e+17	6.93944e+17	7.18828e+17	3.35207e+17	8.60032e+15	6.21114e+15	5.69285e+15	2.4912e+15	1.57621e+15	3.15241e+15	4.72862e+15	6.30482e+15	7.88103e+15	9.45723e+15	1.10348e+16	1.26221e+16	1.43753e+16	4.84567e+16	3.09707e+17	4.54043e+17	3.14131	2.90334	2.90334	2.90334	2.90334	2.90334	2.90334	2.90334	2.90334	2.90345	2.90405	2.89974	3.61375	4.68986	4.68986	
104189	6.85665e+17	2.78622e+17	1.21926e+17	7.71433e+16	1.54287e+17	2.3143e+17	3.08573e+17	3.85716e+17	4.6286e+17	5.40001e+17	6.17128e+17	6.9396e+17	7.18924e+17	3.35207e+17	8.60032e+15	6.21086e+15	5.69253e+15	2.49107e+15	1.57612e+15	3.15224e+15	4.72836e+15	6.30447e+15	7.88059e+15	9.45671e+15	1.10341e+16	1.26207e+16	1.4365e+16	4.83966e+16	3.09707e+17	4.54043e+17	3.14372	2.90604	2.90604	2.90604	2.90604	2.90604	2.90604	2.90604	2.90604	2.90615	2.90671	2.90211	3.60191	4.68986	4.68986	
104441	6.85665e+17	2.78622e+17	1.21926e+17	7.71434e+16	1.54287e+17	2.3143e+17	3.08574e+17	3.85717e+17	4.62861e+17	5.40002e+17	6.1713e+17	6.93976e+17	7.19028e+17	3.35207e+17	8.60032e+15	6.21059e+15	5.69222e+15	2.49093e+15	1.57603e+15	3.15206e+15	4.7281e+15	6.30413e+15	7.88016e+15	9.45619e+15	1.10334e+16	1.26193e+16	1.43552e+16	4.83315e+16	3.09707e+17	4.54043e+17	3.14613	2.90875	2.90875	2.90875	2.90875	2.90875	2.90875	2.90875	2.90875	2.90884	2.90937	2.90449	3.59017	4.68986	4.68986	
104694	6.85666e+17	2.78623e+17	1.21926e+17	7.71436e+16	1.54287e+17	2.31431e+17	3.08574e+17	3.85718e+17	4.62861e+17	5.40003e+17	6.17132e+17	6.9399e+17	7.1914e+17	3.35207e+17	8.60032e+15	6.21032e+15	5.69191e+15	2.49079e+15	1.57594e+15	3.15189e+15	4.72783e+15	6.30378e+15	7.87972e+15	9.45567e+15	1.10328e+16	1.26179e+16	1.43458e+16	4.82616e+16	3.09707e+17	4.54043e+17	3.14853	2.91146	2.91146	2.91146	2.91146	2.91146	2.91146	2.91146	2.91146	2.91155	2.91204	2.90689	3.57849	4.68986	4.68986	
104947	6.85666e+17	2.78623e+17	1.21926e+17	7.71437e+16	1.54287e+17	2.31431e+17	3.08575e+17	3.85719e+17	4.62862e+17	5.40004e+17	6.17134e+17	6.94004e+17	7.1926e+17	3.35207e+17	8.60032e+15	6.21005e+15	5.69159e+15	2.49066e+15	1.57586e+15	3.15172e+15	4.72758e+15	6.30343e+15	7.87929e+15	9.45515e+15	1.10321e+16	1.26166e+16	1.43369e+16	4.81869e+16	3.09707e+17	4.54043e+17	3.15093	2.91417	2.91417	2.91417	2.91417	2.91417	2.91417	2.91417	2.91417	2.91425	2.91471	2.90929	3.56691	4.68986	4.68986	
105199	6.85667e+17	2.78624e+17	1.21926e+17	7.71439e+16	1.54288e+17	2.31432e+17	3.08575e+17	3.85719e+17	4.62863e+17	5.40005e+17	6.17136e+17	6.94017e+17	7.19386e+17	3.35207e+17	8.60032e+15	6.20979e+15	5.69128e+15	2.49052e+15	1.57577e+15	3.15155e+15	4.72732e+15	6.30309e+15	7.87886e+15	9.45464e+15	1.10314e+16	1.26154e+16	1.43284e+16	4.81077e+16	3.09707e+17	4.54043e+17	3.15332	2.91687	2.91687	2.91687	2.91687	2.91687	2.91687	2.91687	2.91687	2.91695	2.91739	2.91171	3.55543	4.68986	4.68986	
105452	6.85667e+17	2.78624e+17	1.21927e+17	7.7144e+16	1.54288e+17	2.31432e+17	3.08576e+17	3.8572e+17	4.62864e+17	5.40006e+17	6.17138e+17	6.94029e+17	7.19521e+17	3.35207e+17	8.60032e+15	6.20952e+15	5.69097e+15	2.49038e+15	1.57569e+15	3.15137e+15	4.72706e+15	6.30275e+15	7.87843e+15	9.45412e+15	1.10308e+16	1.26141e+16	1.43204e+16	4.80237e+16	3.09707e+17	4.54043e+17	3.15571	2.91959	2.91959	2.91959	2.91959	2.91959	2.91959	2.91959	2.91959	2.91966	2.92007	2.91414	3.54402	4.68986	4.68986	
105704	6.85668e+17	2.78625e+17	1.21927e+17	7.71441e+16	1.54288e+17	2.31432e+17	3.08577e+17	3.85721e+17	4.62865e+17	5.40008e+17	6.1714e+17	6.94041e+17	7.19662e+17	3.35207e+17	8.60032e+15	6.20925e+15	5.69066e+15	2.49025e+15	1.5756e+15	3.1512e+15	4.7268e+15	6.3024e+15	7.878e+15	9.45361e+15	1.10301e+16	1.26129e+16	1.43127e+16	4.79354e+16	3.09707e+17	4.54043e+17	3.15809	2.9223	2.9223	2.9223	2.9223	2.9223	2.9223	2.9223	2.9223	2.92237	2.92275	2.91657	3.53272	4.68986	4.68986	
105957	6.85668e+17	2.78625e+17	1.21927e+17	7.71443e+16	1.54289e+17	2.31433e+17	3.08577e+17	3.85721e+17	4.62866e+17	5.40009e+17	6.17142e+17	6.94052e+17	7.19811e+17	3.35207e+17	8.60032e+15	6.20898e+15	5.69036e+15	2.49011e+15	1.57552e+15	3.15103e+15	4.72655e+15	6.30206e+15	7.87758e+15	9.45309e+15	1.10294e+16	1.26118e+16	1.43055e+16	4.78428e+16	3.09707e+17	4.54043e+17	3.16046	2.92501	2.92501	2.92501	2.92501	2.92501	2.92501	2.92501	2.92501	2.92508	2.92543	2.91901	3.52152	4.68986	4.68986	
106210	6.85669e+17	2.78626e+17	1.21927e+17	7.71444e+16	1.54289e+17	2.31433e+17	3.08578e+17	3.85722e+17	4.62866e+17	5.4001e+17	6.17144e+17	6.94063e+17	7.19966e+17	3.35207e+17	8.60032e+15	6.20872e+15	5.69005e+15	2.48998e+15	1.57543e+15	3.15086e+15	4.72629e+15	6.30172e+15	7.87715e+15	9.45258e+15	1.10288e+16	1.26106e+16	1.42986e+16	4.77458e+16	3.09707e+17	4.54043e+17	3.16284	2.92773	2.92773	2.92773	2.92773	2.92773	2.92773	2.92773	2.92773	2.92779	2.92812	2.92146	3.5104	4.68986	4.68986	
106462	6.85669e+17	2.78626e+17	1.21928e+17	7.71445e+16	1.54289e+17	2.31434e+17	3.08578e+17	3.85723e+17	4.62867e+17	5.40011e+17	6.17146e+17	6.94073e+17	7.20128e+17	3.35207e+17	8.60032e+15	6.20845e+15	5.68974e+15	2.48985e+15	1.57535e+15	3.15069e+15	4.72604e+15	6.30138e+15	7.87673e+15	9.45207e+15	1.10282e+16	1.26095e+16	1.4292e+16	4.76447e+16	3.09707e+17	4.54043e+17	3.1652	2.93044	2.93044	2.93044	2.93044	2.93044	2.93044	2.93044	2.93044	2.9305	2.93081	2.92392	3.49939	4.68986	4.68986	
106715	6.8567e+17	2.78627e+17	1.21928e+17	7.71447e+16	1.54289e+17	2.31434e+17	3.08579e+17	3.85723e+17	4.62868e+17	5.40012e+17	6.17147e+17	6.94083e+17	7.20296e+17	3.35207e+17	8.60032e+15	6.20819e+15	5.68944e+15	2.48971e+15	1.57526e+15	3.15052e+15	4.72578e+15	6.30104e+15	7.87631e+15	9.45157e+15	1.10275e+16	1.26084e+16	1.42858e+16	4.75397e+16	3.09707e+17	4.54043e+17	3.16756	2.93315	2.93315	2.93315	2.93315	2.93315	2.93315	2.93315	2.93315	2.9332	2.9335	2.92638	3.48849	4.68986	4.68986	
106967	6.8567e+17	2.78627e+17	1.21928e+17	7.71448e+16	1.5429e+17	2.31434e+17	3.08579e+17	3.85724e+17	4.62869e+17	5.40013e+17	6.17149e+17	6.94092e+17	7.20471e+17	3.35207e+17	8.60032e+15	6.20793e+15	5.68913e+15	2.48958e+15	1.57518e+15	3.15035e+15	4.72553e+15	6.30071e+15	7.87588e+15	9.45106e+15	1.10269e+16	1.26074e+16	1.42799e+16	4.74305e+16	3.09707e+17	4.54043e+17	3.16992	2.93587	2.93587	2.93587	2.93587	2.93587	2.93587	2.93587	2.93587	2.93592	2.93619	2.92886	3.47768	4.68986	4.68986	
107220	6.85671e+17	2.78628e+17	1.21928e+17	7.7145e+16	1.5429e+17	2.31435e+17	3.0858e+17	3.85725e+17	4.6287e+17	5.40014e+17	6.17151e+17	6.941e+17	7.20652e+17	3.35207e+17	8.60032e+15	6.20766e+15	5.68883e+15	2.48945e+15	1.57509e+15	3.15018e+15	4.72528e+15	6.30037e+15	7.87546e+15	9.45055e+15	1.10263e+16	1.26063e+16	1.42744e+16	4.73176e+16	3.09707e+17	4.54043e+17	3.17228	2.93858	2.93858	2.93858	2.93858	2.93858	2.93858	2.93858	2.93858	2.93863	2.93889	2.93133	3.46698	4.68986	4.68986	
107472	6.85671e+17	2.78628e+17	1.21928e+17	7.71451e+16	1.5429e+17	2.31435e+17	3.0858e+17	3.85725e+17	4.62871e+17	5.40015e+17	6.17152e+17	6.94108e+17	7.20839e+17	3.35207e+17	8.60032e+15	6.2074e+15	5.68852e+15	2.48931e+15	1.57501e+15	3.15002e+15	4.72503e+15	6.30003e+15	7.87504e+15	9.45005e+15	1.10256e+16	1.26053e+16	1.42691e+16	4.72011e+16	3.09707e+17	4.54043e+17	3.17462	2.94129	2.94129	2.94129	2.94129	2.94129	2.94129	2.94129	2.94129	2.94133	2.94158	2.93381	3.45641	4.68986	4.68986	
107725	6.85672e+17	2.78629e+17	1.21929e+17	7.71452e+16	1.5429e+17	2.31436e+17	3.08581e+17	3.85726e+17	4.62871e+17	5.40016e+17	6.17154e+17	6.94116e+17	7.21032e+17	3.35207e+17	8.60032e+15	6.20714e+15	5.68822e+15	2.48918e+15	1.57492e+15	3.14985e+15	4.72477e+15	6.2997e+15	7.87462e+15	9.44955e+15	1.1025e+16	1.26043e+16	1.42642e+16	4.70807e+16	3.09707e+17	4.54043e+17	3.17697	2.94401	2.94401	2.94401	2.94401	2.94401	2.94401	2.94401	2.94401	2.94405	2.94427	2.9363	3.44592	4.68986	4.68986	
107978	6.85672e+17	2.78629e+17	1.21929e+17	7.71454e+16	1.54291e+17	2.31436e+17	3.08581e+17	3.85727e+17	4.62872e+17	5.40017e+17	6.17156e+17	6.94123e+17	7.2123e+17	3.35207e+17	8.60032e+15	6.20688e+15	5.68792e+15	2.48905e+15	1.57484e+15	3.14968e+15	4.72452e+15	6.29937e+15	7.87421e+15	9.44905e+15	1.10244e+16	1.26034e+16	1.42595e+16	4.69569e+16	3.09707e+17	4.54043e+17	3.17931	2.94672	2.94672	2.94672	2.94672	2.94672	2.94672	2.94672	2.94672	2.94676	2.94697	2.93879	3.43556	4.68986	4.68986	
108230	6.85673e+17	2.7863e+17	1.21929e+17	7.71455e+16	1.54291e+17	2.31437e+17	3.08582e+17	3.85728e+17	4.62873e+17	5.40018e+17	6.17157e+17	6.9413e+17	7.21434e+17	3.35207e+17	8.60032e+15	6.20662e+15	5.68762e+15	2.48892e+15	1.57476e+15	3.14952e+15	4.72427e+15	6.29903e+15	7.87379e+15	9.44855e+15	1.10238e+16	1.26024e+16	1.42551e+16	4.68299e+16	3.09707e+17	4.54043e+17	3.18164	2.94942	2.94942	2.94942	2.94942	2.94942	2.94942	2.94942	2.94942	2.94946	2.94966	2.94128	3.42532	4.68986	4.68986	
108483	6.85673e+17	2.7863e+17	1.21929e+17	7.71456e+16	1.54291e+17	2.31437e+17	3.08583e+17	3.85728e+17	4.62874e+17	5.40019e+17	6.17159e+17	6.94136e+17	7.21643e+17	3.35207e+17	8.60032e+15	6.20636e+15	5.68732e+15	2.48879e+15	1.57468e+15	3.14935e+15	4.72403e+15	6.2987e+15	7.87338e+15	9.44805e+15	1.10232e+16	1.26015e+16	1.42509e+16	4.66992e+16	3.09707e+17	4.54043e+17	3.18398	2.95214	2.95214	2.95214	2.95214	2.95214	2.95214	2.95214	2.95214	2.95217	2.95236	2.94378	3.41517	4.68986	4.68986	
108736	6.85673e+17	2.78631e+17	1.21929e+17	7.71458e+16	1.54292e+17	2.31437e+17	3.08583e+17	3.85729e+17	4.62875e+17	5.4002e+17	6.1716e+17	6.94142e+17	7.21857e+17	3.35207e+17	8.60032e+15	6.2061e+15	5.68702e+15	2.48866e+15	1.57459e+15	3.14918e+15	4.72378e+15	6.29837e+15	7.87296e+15	9.44755e+15	1.10226e+16	1.26006e+16	1.4247e+16	4.65655e+16	3.09707e+17	4.54043e+17	3.1863	2.95484	2.95484	2.95484	2.95484	2.95484	2.95484	2.95484	2.95484	2.95488	2.95505	2.94627	3.40515	4.68986	4.68986	
108989	6.85674e+17	2.78631e+17	1.2193e+17	7.71459e+16	1.54292e+17	2.31438e+17	3.08584e+17	3.8573e+17	4.62875e+17	5.40021e+17	6.17162e+17	6.94147e+17	7.22076e+17	3.35207e+17	8.60032e+15	6.20585e+15	5.68672e+15	2.48852e+15	1.57451e+15	3.14902e+15	4.72353e+15	6.29804e+15	7.87255e+15	9.44706e+15	1.1022e+16	1.25997e+16	1.42434e+16	4.64289e+16	3.09707e+17	4.54043e+17	3.18862	2.95755	2.95755	2.95755	2.95755	2.95755	2.95755	2.95755	2.95755	2.95758	2.95774	2.94877	3.39526	4.68986	4.68986	
109242	6.85674e+17	2.78632e+17	1.2193e+17	7.7146e+16	1.54292e+17	2.31438e+17	3.08584e+17	3.8573e+17	4.62876e+17	5.40022e+17	6.17163e+17	6.94152e+17	7.223e+17	3.35207e+17	8.60032e+15	6.20559e+15	5.68643e+15	2.48839e+15	1.57443e+15	3.14886e+15	4.72328e+15	6.29771e+15	7.87214e+15	9.44657e+15	1.10214e+16	1.25988e+16	1.424e+16	4.6289e+16	3.09707e+17	4.54043e+17	3.19094	2.96026	2.96026	2.96026	2.96026	2.96026	2.96026	2.96026	2.96026	2.96028	2.96044	2.95128	3.38546	4.68986	4.68986	
109494	6.85675e+17	2.78632e+17	1.2193e+17	7.71462e+16	1.54292e+17	2.31439e+17	3.08585e+17	3.85731e+17	4.62877e+17	5.40023e+17	6.17164e+17	6.94157e+17	7.22529e+17	3.35207e+17	8.60032e+15	6.20534e+15	5.68613e+15	2.48826e+15	1.57435e+15	3.14869e+15	4.72304e+15	6.29738e+15	7.87173e+15	9.44607e+15	1.10208e+16	1.25979e+16	1.42368e+16	4.61463e+16	3.09706e+17	4.54043e+17	3.19326	2.96296	2.96296	2.96296	2.96296	2.96296	2.96296	2.96296	2.96296	2.96298	2.96313	2.95379	3.37579	4.68986	4.68986	
109747	6.85675e+17	2.78633e+17	1.2193e+17	7.71463e+16	1.54293e+17	2.31439e+17	3.08585e+17	3.85732e+17	4.62878e+17	5.40024e+17	6.17166e+17	6.94161e+17	7.22761e+17	3.35207e+17	8.60032e+15	6.20508e+15	5.68583e+15	2.48814e+15	1.57426e+15	3.14853e+15	4.72279e+15	6.29706e+15	7.87132e+15	9.44558e+15	1.10202e+16	1.25971e+16	1.42338e+16	4.6001e+16	3.09706e+17	4.54043e+17	3.19557	2.96566	2.96566	2.96566	2.96566	2.96566	2.96566	2.96566	2.96566	2.96568	2.96582	2.95629	3.36626	4.68986	4.68986	
110000	6.85676e+17	2.78633e+17	1.21931e+17	7.71464e+16	1.54293e+17	2.31439e+17	3.08586e+17	3.85732e+17	4.62879e+17	5.40025e+17	6.17167e+17	6.94166e+17	7.22999e+17	3.35207e+17	8.60032e+15	6.20483e+15	5.68554e+15	2.48801e+15	1.57418e+15	3.14836e+15	4.72255e+15	6.29673e+15	7.87091e+15	9.44509e+15	1.10196e+16	1.25962e+16	1.42311e+16	4.58528e+16	3.09706e+17	4.54043e+17	3.19787	2.96836	2.96836	2.96836	2.96836	2.96836	2.96836	2.96836	2.96836	2.96838	2.96851	2.9588	3.35682	4.68986	4.68986	
110253	6.85676e+17	2.78633e+17	1.21931e+17	7.71466e+16	1.54293e+17	2.3144e+17	3.08586e+17	3.85733e+17	4.62879e+17	5.40026e+17	6.17168e+17	6.94169e+17	7.2324e+17	3.35207e+17	8.60032e+15	6.20457e+15	5.68525e+15	2.48788e+15	1.5741e+15	3.1482e+15	4.7223e+15	6.2964e+15	7.8705e+15	9.4446e+15	1.1019e+16	1.25954e+16	1.42285e+16	4.57021e+16	3.09706e+17	4.54043e+17	3.20018	2.97106	2.97106	2.97106	2.97106	2.97106	2.97106	2.97106	2.97106	2.97108	2.9712	2.96131	3.34752	4.68986	4.68986	
110505	6.85677e+17	2.78634e+17	1.21931e+17	7.71467e+16	1.54293e+17	2.3144e+17	3.08587e+17	3.85733e+17	4.6288e+17	5.40026e+17	6.1717e+17	6.94173e+17	7.23485e+17	3.35207e+17	8.60032e+15	6.20432e+15	5.68495e+15	2.48775e+15	1.57402e+15	3.14804e+15	4.72206e+15	6.29608e+15	7.8701e+15	9.44412e+15	1.10184e+16	1.25946e+16	1.42262e+16	4.55492e+16	3.09706e+17	4.54043e+17	3.20247	2.97375	2.97375	2.97375	2.97375	2.97375	2.97375	2.97375	2.97375	2.97377	2.97388	2.96382	3.33836	4.68986	4.68986	
110758	6.85677e+17	2.78634e+17	1.21931e+17	7.71468e+16	1.54294e+17	2.3144e+17	3.08587e+17	3.85734e+17	4.62881e+17	5.40027e+17	6.17171e+17	6.94176e+17	7.23735e+17	3.35207e+17	8.60032e+15	6.20407e+15	5.68466e+15	2.48762e+15	1.57394e+15	3.14788e+15	4.72182e+15	6.29575e+15	7.86969e+15	9.44363e+15	1.10178e+16	1.25938e+16	1.42241e+16	4.53936e+16	3.09706e+17	4.54043e+17	3.20477	2.97645	2.97645	2.97645	2.97645	2.97645	2.97645	2.97645	2.97645	2.97646	2.97657	2.96634	3.32929	4.68986	4.68986	
111011	6.85678e+17	2.78635e+17	1.21931e+17	7.7147e+16	1.54294e+17	2.31441e+17	3.08588e+17	3.85735e+17	4.62882e+17	5.40028e+17	6.17172e+17	6.94179e+17	7.23987e+17	3.35207e+17	8.60032e+15	6.20382e+15	5.68437e+15	2.48749e+15	1.57386e+15	3.14772e+15	4.72157e+15	6.29543e+15	7.86929e+15	9.44315e+15	1.10172e+16	1.2593e+16	1.42221e+16	4.52359e+16	3.09706e+17	4.54043e+17	3.20706	2.97914	2.97914	2.97914	2.97914	2.97914	2.97914	2.97914	2.97914	2.97915	2.97925	2.96885	3.32036	4.68986	4.68986	
111264	6.85678e+17	2.78635e+17	1.21932e+17	7.71471e+16	1.54294e+17	2.31441e+17	3.08588e+17	3.85735e+17	4.62883e+17	5.40029e+17	6.17174e+17	6.94181e+17	7.24243e+17	3.35207e+17	8.60032e+15	6.20357e+15	5.68408e+15	2.48737e+15	1.57378e+15	3.14755e+15	4.72133e+15	6.29511e+15	7.86889e+15	9.44266e+15	1.10167e+16	1.25922e+16	1.42203e+16	4.50763e+16	3.09706e+17	4.54043e+17	3.20934	2.98182	2.98182	2.98182	2.98182	2.98182	2.98182	2.98182	2.98182	2.98184	2.98193	2.97136	3.31157	4.68986	4.68986	
111517	6.85679e+17	2.78636e+17	1.21932e+17	7.71472e+16	1.54294e+17	2.31442e+17	3.08589e+17	3.85736e+17	4.62883e+17	5.4003e+17	6.17175e+17	6.94183e+17	7.24502e+17	3.35207e+17	8.60032e+15	6.20332e+15	5.68379e+15	2.48724e+15	1.5737e+15	3.14739e+15	4.72109e+15	6.29479e+15	7.86849e+15	9.44218e+15	1.10161e+16	1.25914e+16	1.42187e+16	4.49142e+16	3.09706e+17	4.54043e+17	3.21163	2.98451	2.98451	2.98451	2.98451	2.98451	2.98451	2.98451	2.98451	2.98453	2.98461	2.97387	3.30288	4.68986	4.68986	
111770	6.85679e+17	2.78636e+17	1.21932e+17	7.71474e+16	1.54295e+17	2.31442e+17	3.08589e+17	3.85737e+17	4.62884e+17	5.40031e+17	6.17176e+17	6.94185e+17	7.24765e+17	3.35207e+17	8.60032e+15	6.20307e+15	5.6835e+15	2.48711e+15	1.57362e+15	3.14723e+15	4.72085e+15	6.29447e+15	7.86808e+15	9.4417e+15	1.10155e+16	1.25907e+16	1.42173e+16	4.47504e+16	3.09706e+17	4.54043e+17	3.21391	2.98719	2.98719	2.98719	2.98719	2.98719	2.98719	2.98719	2.98719	2.98721	2.98728	2.97638	3.29432	4.68986	4.68986	
112022	6.85679e+17	2.78637e+17	1.21932e+17	7.71475e+16	1.54295e+17	2.31442e+17	3.0859e+17	3.85737e+17	4.62885e+17	5.40032e+17	6.17177e+17	6.94187e+17	7.25029e+17	3.35207e+17	8.60032e+15	6.20282e+15	5.68321e+15	2.48699e+15	1.57354e+15	3.14707e+15	4.72061e+15	6.29415e+15	7.86769e+15	9.44122e+15	1.10149e+16	1.25899e+16	1.42161e+16	4.4585e+16	3.09706e+17	4.54043e+17	3.21618	2.98987	2.98987	2.98987	2.98987	2.98987	2.98987	2.98987	2.98987	2.98988	2.98996	2.97889	3.2859	4.68986	4.68986	
112275	6.8568e+17	2.78637e+17	1.21932e+17	7.71476e+16	1.54295e+17	2.31443e+17	3.0859e+17	3.85738e+17	4.62886e+17	5.40033e+17	6.17178e+17	6.94188e+17	7.25298e+17	3.35207e+17	8.60032e+15	6.20258e+15	5.68292e+15	2.48686e+15	1.57346e+15	3.14691e+15	4.72037e+15	6.29383e+15	7.86729e+15	9.44074e+15	1.10144e+16	1.25892e+16	1.4215e+16	4.44174e+16	3.09706e+17	4.54043e+17	3.21845	2.99255	2.99255	2.99255	2.99255	2.99255	2.99255	2.99255	2.99255	2.99256	2.99263	2.9814	3.27759	4.68986	4.68986	
112528	6.8568e+17	2.78638e+17	1.21933e+17	7.71477e+16	1.54295e+17	2.31443e+17	3.08591e+17	3.85739e+17	4.62886e+17	5.40034e+17	6.1718e+17	6.9419e+17	7.25568e+17	3.35207e+17	8.60032e+15	6.20233e+15	5.68263e+15	2.48674e+15	1.57338e+15	3.14676e+15	4.72013e+15	6.29351e+15	7.86689e+15	9.44027e+15	1.10138e+16	1.25884e+16	1.42141e+16	4.42485e+16	3.09706e+17	4.54043e+17	3.22072	2.99523	2.99523	2.99523	2.99523	2.99523	2.99523	2.99523	2.99523	2.99524	2.9953	2.98391	3.26942	4.68986	4.68986	
112781	6.85681e+17	2.78638e+17	1.21933e+17	7.71479e+16	1.54296e+17	2.31444e+17	3.08591e+17	3.85739e+17	4.62887e+17	5.40035e+17	6.17181e+17	6.94191e+17	7.25841e+17	3.35207e+17	8.60032e+15	6.20208e+15	5.68235e+15	2.48661e+15	1.5733e+15	3.1466e+15	4.7199e+15	6.2932e+15	7.86649e+15	9.43979e+15	1.10132e+16	1.25877e+16	1.42133e+16	4.40781e+16	3.09706e+17	4.54043e+17	3.22298	2.99789	2.99789	2.99789	2.99789	2.99789	2.99789	2.99789	2.99789	2.9979	2.99796	2.98641	3.26138	4.68986	4.68986	
113034	6.85681e+17	2.78639e+17	1.21933e+17	7.7148e+16	1.54296e+17	2.31444e+17	3.08592e+17	3.8574e+17	4.62888e+17	5.40036e+17	6.17182e+17	6.94191e+17	7.26117e+17	3.35207e+17	8.60032e+15	6.20184e+15	5.68206e+15	2.48649e+15	1.57322e+15	3.14644e+15	4.71966e+15	6.29288e+15	7.8661e+15	9.43932e+15	1.10127e+16	1.2587e+16	1.42127e+16	4.3906e+16	3.09706e+17	4.54043e+17	3.22524	3.00057	3.00057	3.00057	3.00057	3.00057	3.00057	3.00057	3.00057	3.00058	3.00063	2.98892	3.25345	4.68986	4.68986	
113287	6.85682e+17	2.78639e+17	1.21933e+17	7.71481e+16	1.54296e+17	2.31444e+17	3.08592e+17	3.85741e+17	4.62889e+17	5.40037e+17	6.17183e+17	6.94192e+17	7.26394e+17	3.35207e+17	8.60032e+15	6.20159e+15	5.68178e+15	2.48636e+15	1.57314e+15	3.14628e+15	4.71942e+15	6.29256e+15	7.8657e+15	9.43885e+15	1.10121e+16	1.25863e+16	1.42123e+16	4.37327e+16	3.09706e+17	4.54043e+17	3.2275	3.00323	3.00323	3.00323	3.00323	3.00323	3.00323	3.00323	3.00323	3.00324	3.00329	2.99143	3.24566	4.68986	4.68986	
113540	6.85682e+17	2.7864e+17	1.21933e+17	7.71483e+16	1.54297e+17	2.31445e+17	3.08593e+17	3.85741e+17	4.6289e+17	5.40038e+17	6.17184e+17	6.94192e+17	7.26673e+17	3.35207e+17	8.60032e+15	6.20135e+15	5.68149e+15	2.48624e+15	1.57306e+15	3.14612e+15	4.71919e+15	6.29225e+15	7.86531e+15	9.43837e+15	1.10116e+16	1.25856e+16	1.4212e+16	4.35583e+16	3.09706e+17	4.54043e+17	3.22975	3.00589	3.00589	3.00589	3.00589	3.00589	3.00589	3.00589	3.00589	3.0059	3.00595	2.99393	3.238	4.68986	4.68986	
113793	6.85683e+17	2.7864e+17	1.21934e+17	7.71484e+16	1.54297e+17	2.31445e+17	3.08594e+17	3.85742e+17	4.6289e+17	5.40038e+17	6.17185e+17	6.94192e+17	7.26955e+17	3.35207e+17	8.60032e+15	6.20111e+15	5.68121e+15	2.48611e+15	1.57298e+15	3.14597e+15	4.71895e+15	6.29194e+15	7.86492e+15	9.4379e+15	1.1011e+16	1.25849e+16	1.42118e+16	4.33825e+16	3.09706e+17	4.54043e+17	3.232	3.00855	3.00855	3.00855	3.00855	3.00855	3.00855	3.00855	3.00855	3.00856	3.0086	2.99643	3.23046	4.68986	4.68986	
114046	6.85683e+17	2.7864e+17	1.21934e+17	7.71485e+16	1.54297e+17	2.31446e+17	3.08594e+17	3.85743e+17	4.62891e+17	5.40039e+17	6.17187e+17	6.94192e+17	7.27237e+17	3.35207e+17	8.60032e+15	6.20087e+15	5.68093e+15	2.48599e+15	1.57291e+15	3.14581e+15	4.71872e+15	6.29162e+15	7.86453e+15	9.43743e+15	1.10104e+16	1.25842e+16	1.42118e+16	4.32057e+16	3.09706e+17	4.54043e+17	3.23424	3.01121	3.01121	3.01121	3.01121	3.01121	3.01121	3.01121	3.01121	3.01121	3.01126	2.99893	3.22305	4.68986	4.68986	
114299	6.85684e+17	2.78641e+17	1.21934e+17	7.71486e+16	1.54297e+17	2.31446e+17	3.08595e+17	3.85743e+17	4.62892e+17	5.4004e+17	6.17188e+17	6.94191e+17	7.27521e+17	3.35207e+17	8.60032e+15	6.20063e+15	5.68065e+15	2.48587e+15	1.57283e+15	3.14566e+15	4.71848e+15	6.29131e+15	7.86414e+15	9.43697e+15	1.10099e+16	1.25835e+16	1.42119e+16	4.30282e+16	3.09706e+17	4.54043e+17	3.23648	3.01386	3.01386	3.01386	3.01386	3.01386	3.01386	3.01386	3.01386	3.01386	3.0139	3.00142	3.21577	4.68986	4.68986	
114552	6.85684e+17	2.78641e+17	1.21934e+17	7.71488e+16	1.54298e+17	2.31446e+17	3.08595e+17	3.85744e+17	4.62893e+17	5.40041e+17	6.17189e+17	6.94191e+17	7.27808e+17	3.35207e+17	8.60032e+15	6.20039e+15	5.68037e+15	2.48574e+15	1.57275e+15	3.1455e+15	4.71825e+15	6.291e+15	7.86375e+15	9.4365e+15	1.10093e+16	1.25828e+16	1.42121e+16	4.28494e+16	3.09706e+17	4.54043e+17	3.23872	3.01651	3.01651	3.01651	3.01651	3.01651	3.01651	3.01651	3.01651	3.01651	3.01655	3.00392	3.2086	4.68986	4.68986	
114805	6.85684e+17	2.78642e+17	1.21934e+17	7.71489e+16	1.54298e+17	2.31447e+17	3.08596e+17	3.85744e+17	4.62893e+17	5.40042e+17	6.1719e+17	6.9419e+17	7.28095e+17	3.35207e+17	8.60032e+15	6.20015e+15	5.68009e+15	2.48562e+15	1.57267e+15	3.14534e+15	4.71802e+15	6.29069e+15	7.86336e+15	9.43603e+15	1.10088e+16	1.25822e+16	1.42125e+16	4.267e+16	3.09706e+17	4.54043e+17	3.24095	3.01915	3.01915	3.01915	3.01915	3.01915	3.01915	3.01915	3.01915	3.01916	3.01919	3.00642	3.20157	4.68986	4.68986	
115058	6.85685e+17	2.78642e+17	1.21935e+17	7.7149e+16	1.54298e+17	2.31447e+17	3.08596e+17	3.85745e+17	4.62894e+17	5.40043e+17	6.17191e+17	6.94189e+17	7.28382e+17	3.35207e+17	8.60032e+15	6.19991e+15	5.67981e+15	2.4855e+15	1.5726e+15	3.14519e+15	4.71779e+15	6.29038e+15	7.86298e+15	9.43557e+15	1.10082e+16	1.25815e+16	1.4213e+16	4.24901e+16	3.09706e+17	4.54043e+17	3.24318	3.02179	3.02179	3.02179	3.02179	3.02179	3.02179	3.02179	3.02179	3.0218	3.02183	3.0089	3.19467	4.68986	4.68986	
115311	6.85685e+17	2.78643e+17	1.21935e+17	7.71491e+16	1.54298e+17	2.31447e+17	3.08597e+17	3.85746e+17	4.62895e+17	5.40044e+17	6.17192e+17	6.94187e+17	7.28672e+17	3.35207e+17	8.60032e+15	6.19967e+15	5.67953e+15	2.48538e+15	1.57252e+15	3.14504e+15	4.71755e+15	6.29007e+15	7.86259e+15	9.43511e+15	1.10077e+16	1.25808e+16	1.42137e+16	4.23092e+16	3.09706e+17	4.54043e+17	3.24541	3.02443	3.02443	3.02443	3.02443	3.02443	3.02443	3.02443	3.02443	3.02444	3.02447	3.01139	3.18788	4.68986	4.68986	
115564	6.85686e+17	2.78643e+17	1.21935e+17	7.71493e+16	1.54299e+17	2.31448e+17	3.08597e+17	3.85746e+17	4.62896e+17	5.40045e+17	6.17193e+17	6.94186e+17	7.28962e+17	3.35207e+17	8.60032e+15	6.19943e+15	5.67925e+15	2.48525e+15	1.57244e+15	3.14488e+15	4.71732e+15	6.28976e+15	7.8622e+15	9.43465e+15	1.10072e+16	1.25802e+16	1.42144e+16	4.2128e+16	3.09706e+17	4.54043e+17	3.24763	3.02707	3.02707	3.02707	3.02707	3.02707	3.02707	3.02707	3.02707	3.02707	3.0271	3.01388	3.18123	4.68986	4.68986	
115817	6.85686e+17	2.78644e+17	1.21935e+17	7.71494e+16	1.54299e+17	2.31448e+17	3.08598e+17	3.85747e+17	4.62896e+17	5.40046e+17	6.17194e+17	6.94184e+17	7.29252e+17	3.35207e+17	8.60032e+15	6.19919e+15	5.67897e+15	2.48513e+15	1.57236e+15	3.14473e+15	4.71709e+15	6.28946e+15	7.86182e+15	9.43419e+15	1.10066e+16	1.25795e+16	1.42153e+16	4.19464e+16	3.09706e+17	4.54043e+17	3.24985	3.02969	3.02969	3.02969	3.02969	3.02969	3.02969	3.02969	3.02969	3.0297	3.02972	3.01636	3.1747	4.68986	4.68986	
116070	6.85687e+17	2.78644e+17	1.21935e+17	7.71495e+16	1.54299e+17	2.31449e+17	3.08598e+17	3.85748e+17	4.62897e+17	5.40046e+17	6.17195e+17	6.94182e+17	7.29543e+17	3.35207e+17	8.60032e+15	6.19896e+15	5.6787e+15	2.48501e+15	1.57229e+15	3.14458e+15	4.71686e+15	6.28915e+15	7.86144e+15	9.43373e+15	1.10061e+16	1.25788e+16	1.42163e+16	4.17642e+16	3.09706e+17	4.54043e+17	3.25207	3.03232	3.03232	3.03232	3.03232	3.03232	3.03232	3.03232	3.03232	3.03233	3.03235	3.01884	3.16829	4.68986	4.68986	
116323	6.85687e+17	2.78645e+17	1.21936e+17	7.71496e+16	1.54299e+17	2.31449e+17	3.08599e+17	3.85748e+17	4.62898e+17	5.40047e+17	6.17196e+17	6.9418e+17	7.29835e+17	3.35207e+17	8.60032e+15	6.19872e+15	5.67842e+15	2.48489e+15	1.57221e+15	3.14442e+15	4.71663e+15	6.28885e+15	7.86106e+15	9.43327e+15	1.10055e+16	1.25782e+16	1.42174e+16	4.15818e+16	3.09706e+17	4.54043e+17	3.25428	3.03494	3.03494	3.03494	3.03494	3.03494	3.03494	3.03494	3.03494	3.03495	3.03497	3.02132	3.162	4.68986	4.68986	
116576	6.85687e+17	2.78645e+17	1.21936e+17	7.71498e+16	1.543e+17	2.31449e+17	3.08599e+17	3.85749e+17	4.62899e+17	5.40048e+17	6.17197e+17	6.94178e+17	7.30127e+17	3.35207e+17	8.60032e+15	6.19849e+15	5.67815e+15	2.48477e+15	1.57214e+15	3.14427e+15	4.71641e+15	6.28854e+15	7.86068e+15	9.43281e+15	1.1005e+16	1.25776e+16	1.42187e+16	4.13994e+16	3.09706e+17	4.54043e+17	3.25649	3.03756	3.03756	3.03756	3.03756	3.03756	3.03756	3.03756	3.03756	3.03756	3.03758	3.02379	3.15585	4.68986	4.68986	
116829	6.85688e+17	2.78645e+17	1.21936e+17	7.71499e+16	1.543e+17	2.3145e+17	3.086e+17	3.85749e+17	4.62899e+17	5.40049e+17	6.17198e+17	6.94176e+17	7.30419e+17	3.35207e+17	8.60032e+15	6.19825e+15	5.67787e+15	2.48465e+15	1.57206e+15	3.14412e+15	4.71618e+15	6.28824e+15	7.8603e+15	9.43236e+15	1.10045e+16	1.25769e+16	1.422e+16	4.12165e+16	3.09706e+17	4.54043e+17	3.25869	3.04018	3.04018	3.04018	3.04018	3.04018	3.04018	3.04018	3.04018	3.04018	3.0402	3.02626	3.1498	4.68986	4.68986	
117082	6.85688e+17	2.78646e+17	1.21936e+17	7.715e+16	1.543e+17	2.3145e+17	3.086e+17	3.8575e+17	4.629e+17	5.4005e+17	6.17199e+17	6.94173e+17	7.30711e+17	3.35207e+17	8.60032e+15	6.19802e+15	5.6776e+15	2.48453e+15	1.57198e+15	3.14397e+15	4.71595e+15	6.28793e+15	7.85992e+15	9.4319e+15	1.10039e+16	1.25763e+16	1.42215e+16	4.10337e+16	3.09706e+17	4.54043e+17	3.2609	3.04279	3.04279	3.04279	3.04279	3.04279	3.04279	3.04279	3.04279	3.04279	3.04281	3.02873	3.14389	4.68986	4.68986	
117335	6.85689e+17	2.78646e+17	1.21936e+17	7.71501e+16	1.543e+17	2.3145e+17	3.086e+17	3.85751e+17	4.62901e+17	5.40051e+17	6.172e+17	6.9417e+17	7.31003e+17	3.35207e+17	8.60032e+15	6.19779e+15	5.67733e+15	2.48441e+15	1.57191e+15	3.14382e+15	4.71572e+15	6.28763e+15	7.85954e+15	9.43145e+15	1.10034e+16	1.25757e+16	1.42231e+16	4.08511e+16	3.09706e+17	4.54043e+17	3.26309	3.04539	3.04539	3.04539	3.04539	3.04539	3.04539	3.04539	3.04539	3.04539	3.04541	3.0312	3.13809	4.68986	4.68986	
117588	6.85689e+17	2.78647e+17	1.21937e+17	7.71502e+16	1.543e+17	2.31451e+17	3.08601e+17	3.85751e+17	4.62901e+17	5.40052e+17	6.17201e+17	6.94167e+17	7.31296e+17	3.35207e+17	8.60032e+15	6.19756e+15	5.67705e+15	2.48429e+15	1.57183e+15	3.14367e+15	4.7155e+15	6.28733e+15	7.85916e+15	9.431e+15	1.10029e+16	1.2575e+16	1.42248e+16	4.06682e+16	3.09706e+17	4.54043e+17	3.26529	3.048	3.048	3.048	3.048	3.048	3.048	3.048	3.048	3.048	3.04801	3.03366	3.13241	4.68986	4.68986	
117841	6.8569e+17	2.78647e+17	1.21937e+17	7.71504e+16	1.54301e+17	2.31451e+17	3.08601e+17	3.85752e+17	4.62902e+17	5.40053e+17	6.17202e+17	6.94164e+17	7.31587e+17	3.35207e+17	8.60032e+15	6.19733e+15	5.67678e+15	2.48417e+15	1.57176e+15	3.14352e+15	4.71527e+15	6.28703e+15	7.85879e+15	9.43055e+15	1.10023e+16	1.25744e+16	1.42266e+16	4.04857e+16	3.09706e+17	4.54043e+17	3.26748	3.05059	3.05059	3.05059	3.05059	3.05059	3.05059	3.05059	3.05059	3.0506	3.05061	3.03612	3.12686	4.68986	4.68986	
118094	6.8569e+17	2.78648e+17	1.21937e+17	7.71505e+16	1.54301e+17	2.31451e+17	3.08602e+17	3.85752e+17	4.62903e+17	5.40053e+17	6.17203e+17	6.94161e+17	7.31878e+17	3.35207e+17	8.60032e+15	6.1971e+15	5.67651e+15	2.48406e+15	1.57168e+15	3.14337e+15	4.71505e+15	6.28673e+15	7.85841e+15	9.4301e+15	1.10018e+16	1.25738e+16	1.42284e+16	4.03035e+16	3.09706e+17	4.54043e+17	3.26966	3.05318	3.05318	3.05318	3.05318	3.05318	3.05318	3.05318	3.05318	3.05319	3.0532	3.03857	3.12142	4.68986	4.68986	
118348	6.8569e+17	2.78648e+17	1.21937e+17	7.71506e+16	1.54301e+17	2.31452e+17	3.08602e+17	3.85753e+17	4.62904e+17	5.40054e+17	6.17204e+17	6.94158e+17	7.3217e+17	3.35207e+17	8.60032e+15	6.19687e+15	5.67624e+15	2.48394e+15	1.57161e+15	3.14322e+15	4.71482e+15	6.28643e+15	7.85804e+15	9.42965e+15	1.10013e+16	1.25732e+16	1.42304e+16	4.01212e+16	3.09706e+17	4.54043e+17	3.27185	3.05578	3.05578	3.05578	3.05578	3.05578	3.05578	3.05578	3.05578	3.05578	3.05579	3.04103	3.1161	4.68986	4.68986	
118601	6.85691e+17	2.78649e+17	1.21937e+17	7.71507e+16	1.54301e+17	2.31452e+17	3.08603e+17	3.85754e+17	4.62904e+17	5.40055e+17	6.17205e+17	6.94154e+17	7.3246e+17	3.35207e+17	8.60032e+15	6.19664e+15	5.67597e+15	2.48382e+15	1.57153e+15	3.14307e+15	4.7146e+15	6.28613e+15	7.85767e+15	9.4292e+15	1.10008e+16	1.25725e+16	1.42325e+16	3.99395e+16	3.09706e+17	4.54043e+17	3.27403	3.05836	3.05836	3.05836	3.05836	3.05836	3.05836	3.05836	3.05836	3.05836	3.05838	3.04348	3.11089	4.68986	4.68986	
118854	6.85691e+17	2.78649e+17	1.21938e+17	7.71509e+16	1.54302e+17	2.31453e+17	3.08603e+17	3.85754e+17	4.62905e+17	5.40056e+17	6.17206e+17	6.9415e+17	7.32749e+17	3.35207e+17	8.60032e+15	6.19641e+15	5.6757e+15	2.4837e+15	1.57146e+15	3.14292e+15	4.71438e+15	6.28584e+15	7.8573e+15	9.42875e+15	1.10002e+16	1.25719e+16	1.42347e+16	3.97584e+16	3.09706e+17	4.54043e+17	3.27621	3.06094	3.06094	3.06094	3.06094	3.06094	3.06094	3.06094	3.06094	3.06094	3.06095	3.04592	3.10581	4.68986	4.68986	
119107	6.85692e+17	2.78649e+17	1.21938e+17	7.7151e+16	1.54302e+17	2.31453e+17	3.08604e+17	3.85755e+17	4.62906e+17	5.40057e+17	6.17207e+17	6.94146e+17	7.33039e+17	3.35207e+17	8.60032e+15	6.19618e+15	5.67544e+15	2.48359e+15	1.57138e+15	3.14277e+15	4.71415e+15	6.28554e+15	7.85692e+15	9.42831e+15	1.09997e+16	1.25713e+16	1.4237e+16	3.95774e+16	3.09706e+17	4.54043e+17	3.27838	3.06352	3.06352	3.06352	3.06352	3.06352	3.06352	3.06352	3.06352	3.06352	3.06353	3.04836	3.10083	4.68986	4.68986	
119360	6.85692e+17	2.7865e+17	1.21938e+17	7.71511e+16	1.54302e+17	2.31453e+17	3.08604e+17	3.85755e+17	4.62907e+17	5.40058e+17	6.17208e+17	6.94142e+17	7.33327e+17	3.35207e+17	8.60032e+15	6.19596e+15	5.67517e+15	2.48347e+15	1.57131e+15	3.14262e+15	4.71393e+15	6.28524e+15	7.85655e+15	9.42787e+15	1.09992e+16	1.25707e+16	1.42394e+16	3.9397e+16	3.09706e+17	4.54043e+17	3.28055	3.06609	3.06609	3.06609	3.06609	3.06609	3.06609	3.06609	3.06609	3.06609	3.0661	3.0508	3.09597	4.68986	4.68986	
119613	6.85693e+17	2.7865e+17	1.21938e+17	7.71512e+16	1.54302e+17	2.31454e+17	3.08605e+17	3.85756e+17	4.62907e+17	5.40058e+17	6.17209e+17	6.94138e+17	7.33613e+17	3.35207e+17	8.60032e+15	6.19573e+15	5.6749e+15	2.48335e+15	1.57124e+15	3.14247e+15	4.71371e+15	6.28495e+15	7.85619e+15	9.42742e+15	1.09987e+16	1.25701e+16	1.42419e+16	3.92175e+16	3.09706e+17	4.54043e+17	3.28272	3.06866	3.06866	3.06866	3.06866	3.06866	3.06866	3.06866	3.06866	3.06866	3.06867	3.05323	3.09123	4.68986	4.68986	
119867	6.85693e+17	2.78651e+17	1.21938e+17	7.71513e+16	1.54303e+17	2.31454e+17	3.08605e+17	3.85757e+17	4.62908e+17	5.40059e+17	6.1721e+17	6.94134e+17	7.339e+17	3.35207e+17	8.60032e+15	6.1955e+15	5.67464e+15	2.48324e+15	1.57116e+15	3.14233e+15	4.71349e+15	6.28465e+15	7.85582e+15	9.42698e+15	1.09982e+16	1.25695e+16	1.42444e+16	3.90382e+16	3.09706e+17	4.54043e+17	3.28489	3.07122	3.07122	3.07122	3.07122	3.07122	3.07122	3.07122	3.07122	3.07123	3.07123	3.05567	3.08659	4.68986	4.68986	
120120	6.85693e+17	2.78651e+17	1.21938e+17	7.71515e+16	1.54303e+17	2.31454e+17	3.08606e+17	3.85757e+17	4.62909e+17	5.4006e+17	6.17211e+17	6.94129e+17	7.34185e+17	3.35207e+17	8.60032e+15	6.19528e+15	5.67437e+15	2.48312e+15	1.57109e+15	3.14218e+15	4.71327e+15	6.28436e+15	7.85545e+15	9.42654e+15	1.09977e+16	1.25689e+16	1.42471e+16	3.88598e+16	3.09706e+17	4.54043e+17	3.28705	3.07378	3.07378	3.07378	3.07378	3.07378	3.07378	3.07378	3.07378	3.07378	3.07379	3.05809	3.08207	4.68986	4.68986	
120373	6.85694e+17	2.78652e+17	1.21939e+17	7.71516e+16	1.54303e+17	2.31455e+17	3.08606e+17	3.85758e+17	4.62909e+17	5.40061e+17	6.17212e+17	6.94125e+17	7.34468e+17	3.35207e+17	8.60032e+15	6.19506e+15	5.67411e+15	2.483e+15	1.57102e+15	3.14203e+15	4.71305e+15	6.28407e+15	7.85509e+15	9.4261e+15	1.09971e+16	1.25683e+16	1.42498e+16	3.86823e+16	3.09706e+17	4.54043e+17	3.2892	3.07633	3.07633	3.07633	3.07633	3.07633	3.07633	3.07633	3.07633	3.07634	3.07634	3.06051	3.07766	4.68986	4.68986	
120627	6.85694e+17	2.78652e+17	1.21939e+17	7.71517e+16	1.54303e+17	2.31455e+17	3.08607e+17	3.85758e+17	4.6291e+17	5.40062e+17	6.17213e+17	6.9412e+17	7.34751e+17	3.35207e+17	8.60032e+15	6.19483e+15	5.67384e+15	2.48289e+15	1.57094e+15	3.14189e+15	4.71283e+15	6.28378e+15	7.85472e+15	9.42567e+15	1.09966e+16	1.25677e+16	1.42526e+16	3.85053e+16	3.09706e+17	4.54043e+17	3.29136	3.07889	3.07889	3.07889	3.07889	3.07889	3.07889	3.07889	3.07889	3.07889	3.0789	3.06294	3.07335	4.68986	4.68986	
120880	6.85695e+17	2.78652e+17	1.21939e+17	7.71518e+16	1.54304e+17	2.31455e+17	3.08607e+17	3.85759e+17	4.62911e+17	5.40063e+17	6.17214e+17	6.94115e+17	7.35032e+17	3.35207e+17	8.60032e+15	6.19461e+15	5.67358e+15	2.48277e+15	1.57087e+15	3.14174e+15	4.71261e+15	6.28349e+15	7.85436e+15	9.42523e+15	1.09961e+16	1.25671e+16	1.42555e+16	3.83293e+16	3.09706e+17	4.54043e+17	3.29351	3.08143	3.08143	3.08143	3.08143	3.08143	3.08143	3.08143	3.08143	3.08143	3.08144	3.06535	3.06916	4.68986	4.68986	
121133	6.85695e+17	2.78653e+17	1.21939e+17	7.71519e+16	1.54304e+17	2.31456e+17	3.08608e+17	3.8576e+17	4.62912e+17	5.40063e+17	6.17215e+17	6.9411e+17	7.35311e+17	3.35207e+17	8.60032e+15	6.19439e+15	5.67332e+15	2.48266e+15	1.5708e+15	3.1416e+15	4.7124e+15	6.2832e+15	7.85399e+15	9.42479e+15	1.09956e+16	1.25665e+16	1.42585e+16	3.81543e+16	3.09706e+17	4.54043e+17	3.29565	3.08397	3.08397	3.08397	3.08397	3.08397	3.08397	3.08397	3.08397	3.08397	3.08398	3.06776	3.06508	4.68986	4.68986	
121386	6.85695e+17	2.78653e+17	1.21939e+17	7.7152e+16	1.54304e+17	2.31456e+17	3.08608e+17	3.8576e+17	4.62912e+17	5.40064e+17	6.17216e+17	6.94105e+17	7.35589e+17	3.35207e+17	8.60032e+15	6.19417e+15	5.67306e+15	2.48255e+15	1.57073e+15	3.14145e+15	4.71218e+15	6.28291e+15	7.85363e+15	9.42436e+15	1.09951e+16	1.25659e+16	1.42616e+16	3.798e+16	3.09706e+17	4.54043e+17	3.2978	3.08651	3.08651	3.08651	3.08651	3.08651	3.08651	3.08651	3.08651	3.08651	3.08652	3.07018	3.06109	4.68986	4.68986	
121640	6.85696e+17	2.78654e+17	1.2194e+17	7.71522e+16	1.54304e+17	2.31456e+17	3.08609e+17	3.85761e+17	4.62913e+17	5.40065e+17	6.17217e+17	6.941e+17	7.35866e+17	3.35207e+17	8.60032e+15	6.19395e+15	5.6728e+15	2.48243e+15	1.57065e+15	3.14131e+15	4.71196e+15	6.28262e+15	7.85327e+15	9.42393e+15	1.09946e+16	1.25653e+16	1.42647e+16	3.78068e+16	3.09706e+17	4.54043e+17	3.29994	3.08904	3.08904	3.08904	3.08904	3.08904	3.08904	3.08904	3.08904	3.08904	3.08905	3.07258	3.05721	4.68986	4.68986	
121893	6.85696e+17	2.78654e+17	1.2194e+17	7.71523e+16	1.54305e+17	2.31457e+17	3.08609e+17	3.85761e+17	4.62914e+17	5.40066e+17	6.17218e+17	6.94095e+17	7.3614e+17	3.35207e+17	8.60032e+15	6.19373e+15	5.67254e+15	2.48232e+15	1.57058e+15	3.14116e+15	4.71175e+15	6.28233e+15	7.85291e+15	9.42349e+15	1.09941e+16	1.25648e+16	1.42679e+16	3.76348e+16	3.09706e+17	4.54043e+17	3.30207	3.09157	3.09157	3.09157	3.09157	3.09157	3.09157	3.09157	3.09157	3.09157	3.09157	3.07498	3.05344	4.68986	4.68986	
122146	6.85697e+17	2.78655e+17	1.2194e+17	7.71524e+16	1.54305e+17	2.31457e+17	3.0861e+17	3.85762e+17	4.62914e+17	5.40067e+17	6.17219e+17	6.94089e+17	7.36413e+17	3.35207e+17	8.60032e+15	6.19351e+15	5.67228e+15	2.4822e+15	1.57051e+15	3.14102e+15	4.71153e+15	6.28204e+15	7.85255e+15	9.42306e+15	1.09936e+16	1.25642e+16	1.42712e+16	3.74635e+16	3.09706e+17	4.54043e+17	3.30421	3.09409	3.09409	3.09409	3.09409	3.09409	3.09409	3.09409	3.09409	3.09409	3.0941	3.07738	3.04976	4.68986	4.68986	
122400	6.85697e+17	2.78655e+17	1.2194e+17	7.71525e+16	1.54305e+17	2.31458e+17	3.0861e+17	3.85763e+17	4.62915e+17	5.40068e+17	6.1722e+17	6.94084e+17	7.36685e+17	3.35207e+17	8.60032e+15	6.19329e+15	5.67202e+15	2.48209e+15	1.57044e+15	3.14088e+15	4.71132e+15	6.28176e+15	7.8522e+15	9.42263e+15	1.09931e+16	1.25636e+16	1.42746e+16	3.72935e+16	3.09706e+17	4.54043e+17	3.30634	3.09661	3.09661	3.09661	3.09661	3.09661	3.09661	3.09661	3.09661	3.09661	3.09662	3.07977	3.04619	4.68986	4.68986	
122653	6.85697e+17	2.78655e+17	1.2194e+17	7.71526e+16	1.54305e+17	2.31458e+17	3.0861e+17	3.85763e+17	4.62916e+17	5.40068e+17	6.17221e+17	6.94078e+17	7.36954e+17	3.35207e+17	8.60032e+15	6.19307e+15	5.67176e+15	2.48198e+15	1.57037e+15	3.14074e+15	4.7111e+15	6.28147e+15	7.85184e+15	9.42221e+15	1.09926e+16	1.2563e+16	1.4278e+16	3.71249e+16	3.09706e+17	4.54043e+17	3.30846	3.09912	3.09912	3.09912	3.09912	3.09912	3.09912	3.09912	3.09912	3.09912	3.09913	3.08216	3.04273	4.68986	4.68986	
122906	6.85698e+17	2.78656e+17	1.2194e+17	7.71527e+16	1.54305e+17	2.31458e+17	3.08611e+17	3.85764e+17	4.62916e+17	5.40069e+17	6.17222e+17	6.94072e+17	7.37221e+17	3.35207e+17	8.60032e+15	6.19286e+15	5.67151e+15	2.48187e+15	1.5703e+15	3.14059e+15	4.71089e+15	6.28119e+15	7.85148e+15	9.42178e+15	1.09921e+16	1.25625e+16	1.42815e+16	3.6957e+16	3.09706e+17	4.54043e+17	3.31059	3.10164	3.10164	3.10164	3.10164	3.10164	3.10164	3.10164	3.10164	3.10164	3.10164	3.08455	3.03935	4.68986	4.68986	
123160	6.85698e+17	2.78656e+17	1.21941e+17	7.71529e+16	1.54306e+17	2.31459e+17	3.08611e+17	3.85764e+17	4.62917e+17	5.4007e+17	6.17223e+17	6.94066e+17	7.37487e+17	3.35207e+17	8.60032e+15	6.19264e+15	5.67125e+15	2.48175e+15	1.57023e+15	3.14045e+15	4.71068e+15	6.2809e+15	7.85113e+15	9.42135e+15	1.09916e+16	1.25619e+16	1.42851e+16	3.67906e+16	3.09706e+17	4.54043e+17	3.31271	3.10414	3.10414	3.10414	3.10414	3.10414	3.10414	3.10414	3.10414	3.10414	3.10414	3.08693	3.03608	4.68986	4.68986	
123413	6.85699e+17	2.78657e+17	1.21941e+17	7.7153e+16	1.54306e+17	2.31459e+17	3.08612e+17	3.85765e+17	4.62918e+17	5.40071e+17	6.17224e+17	6.9406e+17	7.3775e+17	3.35207e+17	8.60032e+15	6.19243e+15	5.67099e+15	2.48164e+15	1.57015e+15	3.14031e+15	4.71046e+15	6.28062e+15	7.85077e+15	9.42093e+15	1.09911e+16	1.25613e+16	1.42887e+16	3.66256e+16	3.09706e+17	4.54043e+17	3.31483	3.10664	3.10664	3.10664	3.10664	3.10664	3.10664	3.10664	3.10664	3.10664	3.10664	3.0893	3.03291	4.68986	4.68986	
123666	6.85699e+17	2.78657e+17	1.21941e+17	7.71531e+16	1.54306e+17	2.31459e+17	3.08612e+17	3.85765e+17	4.62918e+17	5.40072e+17	6.17225e+17	6.94054e+17	7.38012e+17	3.35207e+17	8.60032e+15	6.19221e+15	5.67074e+15	2.48153e+15	1.57008e+15	3.14017e+15	4.71025e+15	6.28034e+15	7.85042e+15	9.4205e+15	1.09906e+16	1.25607e+16	1.42924e+16	3.64615e+16	3.09706e+17	4.54043e+17	3.31694	3.10914	3.10914	3.10914	3.10914	3.10914	3.10914	3.10914	3.10914	3.10914	3.10914	3.09168	3.02982	4.68986	4.68986	
123920	6.85699e+17	2.78657e+17	1.21941e+17	7.71532e+16	1.54306e+17	2.3146e+17	3.08613e+17	3.85766e+17	4.62919e+17	5.40072e+17	6.17225e+17	6.94048e+17	7.38271e+17	3.35207e+17	8.60032e+15	6.192e+15	5.67048e+15	2.48142e+15	1.57001e+15	3.14003e+15	4.71004e+15	6.28005e+15	7.85007e+15	9.42008e+15	1.09901e+16	1.25602e+16	1.42961e+16	3.6299e+16	3.09706e+17	4.54043e+17	3.31905	3.11163	3.11163	3.11163	3.11163	3.11163	3.11163	3.11163	3.11163	3.11163	3.11163	3.09405	3.02684	4.68986	4.68986	
124173	6.857e+17	2.78658e+17	1.21941e+17	7.71533e+16	1.54307e+17	2.3146e+17	3.08613e+17	3.85767e+17	4.6292e+17	5.40073e+17	6.17226e+17	6.94042e+17	7.38528e+17	3.35207e+17	8.60032e+15	6.19178e+15	5.67023e+15	2.48131e+15	1.56994e+15	3.13989e+15	4.70983e+15	6.27977e+15	7.84972e+15	9.41966e+15	1.09896e+16	1.25596e+16	1.42999e+16	3.61379e+16	3.09706e+17	4.54043e+17	3.32116	3.11411	3.11411	3.11411	3.11411	3.11411	3.11411	3.11411	3.11411	3.11411	3.11411	3.09641	3.02394	4.68986	4.68986	
124426	6.857e+17	2.78658e+17	1.21942e+17	7.71534e+16	1.54307e+17	2.3146e+17	3.08614e+17	3.85767e+17	4.62921e+17	5.40074e+17	6.17227e+17	6.94035e+17	7.38783e+17	3.35207e+17	8.60032e+15	6.19157e+15	5.66998e+15	2.4812e+15	1.56987e+15	3.13975e+15	4.70962e+15	6.27949e+15	7.84937e+15	9.41924e+15	1.09891e+16	1.2559e+16	1.43038e+16	3.59779e+16	3.09706e+17	4.54043e+17	3.32326	3.11659	3.11659	3.11659	3.11659	3.11659	3.11659	3.11659	3.11659	3.1166	3.1166	3.09878	3.02114	4.68986	4.68986	
124680	6.85701e+17	2.78659e+17	1.21942e+17	7.71535e+16	1.54307e+17	2.31461e+17	3.08614e+17	3.85768e+17	4.62921e+17	5.40075e+17	6.17228e+17	6.94029e+17	7.39035e+17	3.35207e+17	8.60032e+15	6.19136e+15	5.66973e+15	2.48109e+15	1.5698e+15	3.13961e+15	4.70941e+15	6.27921e+15	7.84902e+15	9.41882e+15	1.09886e+16	1.25585e+16	1.43077e+16	3.58194e+16	3.09706e+17	4.54043e+17	3.32536	3.11907	3.11907	3.11907	3.11907	3.11907	3.11907	3.11907	3.11907	3.11907	3.11907	3.10114	3.01843	4.68986	4.68986	
124933	6.85701e+17	2.78659e+17	1.21942e+17	7.71537e+16	1.54307e+17	2.31461e+17	3.08615e+17	3.85768e+17	4.62922e+17	5.40076e+17	6.17229e+17	6.94022e+17	7.39286e+17	3.35207e+17	8.60032e+15	6.19115e+15	5.66947e+15	2.48098e+15	1.56973e+15	3.13947e+15	4.7092e+15	6.27894e+15	7.84867e+15	9.4184e+15	1.09881e+16	1.25579e+16	1.43117e+16	3.56625e+16	3.09706e+17	4.54043e+17	3.32746	3.12154	3.12154	3.12154	3.12154	3.12154	3.12154	3.12154	3.12154	3.12154	3.12154	3.10349	3.01581	4.68986	4.68986	
125187	6.85701e+17	2.78659e+17	1.21942e+17	7.71538e+16	1.54308e+17	2.31461e+17	3.08615e+17	3.85769e+17	4.62923e+17	5.40076e+17	6.1723e+17	6.94016e+17	7.39534e+17	3.35207e+17	8.60032e+15	6.19094e+15	5.66922e+15	2.48087e+15	1.56966e+15	3.13933e+15	4.70899e+15	6.27866e+15	7.84832e+15	9.41799e+15	1.09877e+16	1.25574e+16	1.43157e+16	3.55068e+16	3.09706e+17	4.54043e+17	3.32956	3.12401	3.12401	3.12401	3.12401	3.12401	3.12401	3.12401	3.12401	3.12401	3.12401	3.10584	3.01328	4.68986	4.68986	
125440	6.85702e+17	2.7866e+17	1.21942e+17	7.71539e+16	1.54308e+17	2.31462e+17	3.08616e+17	3.85769e+17	4.62923e+17	5.40077e+17	6.17231e+17	6.94009e+17	7.39779e+17	3.35207e+17	8.60032e+15	6.19073e+15	5.66897e+15	2.48076e+15	1.5696e+15	3.13919e+15	4.70879e+15	6.27838e+15	7.84798e+15	9.41757e+15	1.09872e+16	1.25568e+16	1.43198e+16	3.53527e+16	3.09706e+17	4.54043e+17	3.33165	3.12648	3.12648	3.12648	3.12648	3.12648	3.12648	3.12648	3.12648	3.12648	3.12648	3.10819	3.01083	4.68986	4.68986	
125693	6.85702e+17	2.7866e+17	1.21942e+17	7.7154e+16	1.54308e+17	2.31462e+17	3.08616e+17	3.8577e+17	4.62924e+17	5.40078e+17	6.17232e+17	6.94002e+17	7.40022e+17	3.35207e+17	8.60032e+15	6.19052e+15	5.66872e+15	2.48065e+15	1.56953e+15	3.13905e+15	4.70858e+15	6.27811e+15	7.84763e+15	9.41716e+15	1.09867e+16	1.25562e+16	1.43239e+16	3.52002e+16	3.09706e+17	4.54043e+17	3.33373	3.12893	3.12893	3.12893	3.12893	3.12893	3.12893	3.12893	3.12893	3.12893	3.12893	3.11053	3.00847	4.68986	4.68986	
125947	6.85702e+17	2.78661e+17	1.21943e+17	7.71541e+16	1.54308e+17	2.31462e+17	3.08616e+17	3.8577e+17	4.62925e+17	5.40079e+17	6.17233e+17	6.93995e+17	7.40263e+17	3.35207e+17	8.60032e+15	6.19031e+15	5.66847e+15	2.48054e+15	1.56946e+15	3.13891e+15	4.70837e+15	6.27783e+15	7.84729e+15	9.41674e+15	1.09862e+16	1.25557e+16	1.43281e+16	3.50489e+16	3.09706e+17	4.54043e+17	3.33582	3.13139	3.13139	3.13139	3.13139	3.13139	3.13139	3.13139	3.13139	3.13139	3.13139	3.11287	3.0062	4.68986	4.68986	
126201	6.85703e+17	2.78661e+17	1.21943e+17	7.71542e+16	1.54308e+17	2.31463e+17	3.08617e+17	3.85771e+17	4.62925e+17	5.40079e+17	6.17234e+17	6.93988e+17	7.40502e+17	3.35207e+17	8.60032e+15	6.1901e+15	5.66823e+15	2.48043e+15	1.56939e+15	3.13878e+15	4.70817e+15	6.27756e+15	7.84694e+15	9.41633e+15	1.09857e+16	1.25551e+16	1.43323e+16	3.48994e+16	3.09706e+17	4.54043e+17	3.3379	3.13384	3.13384	3.13384	3.13384	3.13384	3.13384	3.13384	3.13384	3.13384	3.13384	3.11521	3.00401	4.68986	4.68986	
126454	6.85703e+17	2.78661e+17	1.21943e+17	7.71543e+16	1.54309e+17	2.31463e+17	3.08617e+17	3.85772e+17	4.62926e+17	5.4008e+17	6.17235e+17	6.93982e+17	7.40737e+17	3.35207e+17	8.60032e+15	6.18989e+15	5.66798e+15	2.48032e+15	1.56932e+15	3.13864e+15	4.70796e+15	6.27728e+15	7.8466e+15	9.41592e+15	1.09852e+16	1.25546e+16	1.43365e+16	3.47515e+16	3.09706e+17	4.54043e+17	3.33998	3.13628	3.13628	3.13628	3.13628	3.13628	3.13628	3.13628	3.13628	3.13628	3.13628	3.11753	3.0019	4.68986	4.68986	
126708	6.85704e+17	2.78662e+17	1.21943e+17	7.71544e+16	1.54309e+17	2.31463e+17	3.08618e+17	3.85772e+17	4.62927e+17	5.40081e+17	6.17235e+17	6.93974e+17	7.40971e+17	3.35207e+17	8.60032e+15	6.18969e+15	5.66773e+15	2.48021e+15	1.56925e+15	3.1385e+15	4.70776e+15	6.27701e+15	7.84626e+15	9.41551e+15	1.09848e+16	1.2554e+16	1.43408e+16	3.46049e+16	3.09706e+17	4.54043e+17	3.34205	3.13872	3.13872	3.13872	3.13872	3.13872	3.13872	3.13872	3.13872	3.13872	3.13872	3.11986	2.99987	4.68986	4.68986	
126961	6.85704e+17	2.78662e+17	1.21943e+17	7.71545e+16	1.54309e+17	2.31464e+17	3.08618e+17	3.85773e+17	4.62927e+17	5.40082e+17	6.17236e+17	6.93967e+17	7.41202e+17	3.35207e+17	8.60032e+15	6.18948e+15	5.66749e+15	2.48011e+15	1.56918e+15	3.13837e+15	4.70755e+15	6.27674e+15	7.84592e+15	9.4151e+15	1.09843e+16	1.25535e+16	1.43451e+16	3.446e+16	3.09706e+17	4.54043e+17	3.34412	3.14116	3.14116	3.14116	3.14116	3.14116	3.14116	3.14116	3.14116	3.14116	3.14116	3.12219	2.99792	4.68986	4.68986	
127214	6.85704e+17	2.78663e+17	1.21944e+17	7.71547e+16	1.54309e+17	2.31464e+17	3.08619e+17	3.85773e+17	4.62928e+17	5.40083e+17	6.17237e+17	6.9396e+17	7.4143e+17	3.35207e+17	8.60032e+15	6.18928e+15	5.66724e+15	2.48e+15	1.56912e+15	3.13823e+15	4.70735e+15	6.27646e+15	7.84558e+15	9.4147e+15	1.09838e+16	1.2553e+16	1.43495e+16	3.43169e+16	3.09706e+17	4.54043e+17	3.34619	3.14359	3.14359	3.14359	3.14359	3.14359	3.14359	3.14359	3.14359	3.14359	3.14359	3.1245	2.99606	4.68986	4.68986	
127468	6.85705e+17	2.78663e+17	1.21944e+17	7.71548e+16	1.5431e+17	2.31464e+17	3.08619e+17	3.85774e+17	4.62929e+17	5.40083e+17	6.17238e+17	6.93953e+17	7.41655e+17	3.35207e+17	8.60032e+15	6.18907e+15	5.667e+15	2.47989e+15	1.56905e+15	3.1381e+15	4.70715e+15	6.27619e+15	7.84524e+15	9.41429e+15	1.09833e+16	1.25524e+16	1.43539e+16	3.41751e+16	3.09706e+17	4.54043e+17	3.34826	3.14602	3.14602	3.14602	3.14602	3.14602	3.14602	3.14602	3.14602	3.14602	3.14602	3.12682	2.99426	4.68986	4.68986	
127722	6.85705e+17	2.78663e+17	1.21944e+17	7.71549e+16	1.5431e+17	2.31465e+17	3.08619e+17	3.85774e+17	4.62929e+17	5.40084e+17	6.17239e+17	6.93946e+17	7.41878e+17	3.35207e+17	8.60032e+15	6.18887e+15	5.66675e+15	2.47979e+15	1.56898e+15	3.13796e+15	4.70694e+15	6.27592e+15	7.8449e+15	9.41389e+15	1.09829e+16	1.25519e+16	1.43583e+16	3.4035e+16	3.09706e+17	4.54043e+17	3.35032	3.14844	3.14844	3.14844	3.14844	3.14844	3.14844	3.14844	3.14844	3.14844	3.14844	3.12913	2.99255	4.68986	4.68986	
127975	6.85705e+17	2.78664e+17	1.21944e+17	7.7155e+16	1.5431e+17	2.31465e+17	3.0862e+17	3.85775e+17	4.6293e+17	5.40085e+17	6.1724e+17	6.93938e+17	7.42099e+17	3.35207e+17	8.60032e+15	6.18866e+15	5.66651e+15	2.47968e+15	1.56891e+15	3.13783e+15	4.70674e+15	6.27565e+15	7.84457e+15	9.41348e+15	1.09824e+16	1.25513e+16	1.43628e+16	3.38968e+16	3.09706e+17	4.54043e+17	3.35238	3.15085	3.15085	3.15085	3.15085	3.15085	3.15085	3.15085	3.15085	3.15085	3.15085	3.13144	2.99091	4.68986	4.68986	
128225	6.85706e+17	2.78664e+17	1.21944e+17	7.71551e+16	1.5431e+17	2.31465e+17	3.0862e+17	3.85775e+17	4.62931e+17	5.40086e+17	6.17241e+17	6.93931e+17	7.42313e+17	3.35207e+17	8.60032e+15	6.18846e+15	5.66627e+15	2.47958e+15	1.56885e+15	3.1377e+15	4.70654e+15	6.27539e+15	7.84424e+15	9.41309e+15	1.09819e+16	1.25508e+16	1.43672e+16	3.37619e+16	3.09706e+17	4.54043e+17	3.3544	3.15323	3.15323	3.15323	3.15323	3.15323	3.15323	3.15323	3.15323	3.15323	3.15323	3.13371	2.98937	4.68986	4.68986	
128479	6.85706e+17	2.78665e+17	1.21944e+17	7.71552e+16	1.5431e+17	2.31466e+17	3.08621e+17	3.85776e+17	4.62931e+17	5.40086e+17	6.17242e+17	6.93924e+17	7.42529e+17	3.35207e+17	8.60032e+15	6.18826e+15	5.66603e+15	2.47947e+15	1.56878e+15	3.13756e+15	4.70634e+15	6.27512e+15	7.8439e+15	9.41268e+15	1.09815e+16	1.25503e+16	1.43718e+16	3.36267e+16	3.09706e+17	4.54043e+17	3.35646	3.15564	3.15564	3.15564	3.15564	3.15564	3.15564	3.15564	3.15564	3.15564	3.15564	3.13601	2.98788	4.68986	4.68986	
128729	6.85707e+17	2.78665e+17	1.21945e+17	7.71553e+16	1.54311e+17	2.31466e+17	3.08621e+17	3.85777e+17	4.62932e+17	5.40087e+17	6.17242e+17	6.93916e+17	7.42738e+17	3.35207e+17	8.60032e+15	6.18806e+15	5.66579e+15	2.47937e+15	1.56871e+15	3.13743e+15	4.70614e+15	6.27486e+15	7.84357e+15	9.41229e+15	1.0981e+16	1.25497e+16	1.43763e+16	3.34949e+16	3.09706e+17	4.54043e+17	3.35848	3.15801	3.15801	3.15801	3.15801	3.15801	3.15801	3.15801	3.15801	3.15801	3.15801	3.13827	2.98647	4.68986	4.68986	
128982	6.85707e+17	2.78665e+17	1.21945e+17	7.71554e+16	1.54311e+17	2.31466e+17	3.08622e+17	3.85777e+17	4.62932e+17	5.40088e+17	6.17243e+17	6.93909e+17	7.42948e+17	3.35207e+17	8.60032e+15	6.18786e+15	5.66555e+15	2.47926e+15	1.56865e+15	3.1373e+15	4.70595e+15	6.27459e+15	7.84324e+15	9.41189e+15	1.09805e+16	1.25492e+16	1.43808e+16	3.33635e+16	3.09706e+17	4.54043e+17	3.36052	3.16041	3.16041	3.16041	3.16041	3.16041	3.16041	3.16041	3.16041	3.16041	3.16041	3.14056	2.98513	4.68986	4.68986	
129232	6.85707e+17	2.78666e+17	1.21945e+17	7.71555e+16	1.54311e+17	2.31467e+17	3.08622e+17	3.85778e+17	4.62933e+17	5.40089e+17	6.17244e+17	6.93902e+17	7.43152e+17	3.35207e+17	8.60032e+15	6.18766e+15	5.66532e+15	2.47916e+15	1.56858e+15	3.13717e+15	4.70575e+15	6.27433e+15	7.84291e+15	9.4115e+15	1.09801e+16	1.25487e+16	1.43854e+16	3.3235e+16	3.09706e+17	4.54043e+17	3.36254	3.16277	3.16277	3.16277	3.16277	3.16277	3.16277	3.16277	3.16277	3.16277	3.16277	3.14282	2.98386	4.68986	4.68986	
129482	6.85708e+17	2.78666e+17	1.21945e+17	7.71556e+16	1.54311e+17	2.31467e+17	3.08622e+17	3.85778e+17	4.62934e+17	5.40089e+17	6.17245e+17	6.93894e+17	7.43354e+17	3.35207e+17	8.60032e+15	6.18747e+15	5.66508e+15	2.47905e+15	1.56852e+15	3.13704e+15	4.70555e+15	6.27407e+15	7.84259e+15	9.41111e+15	1.09796e+16	1.25482e+16	1.43899e+16	3.31082e+16	3.09706e+17	4.54043e+17	3.36455	3.16513	3.16513	3.16513	3.16513	3.16513	3.16513	3.16513	3.16513	3.16513	3.16513	3.14507	2.98266	4.68986	4.68986	
129736	6.85708e+17	2.78667e+17	1.21945e+17	7.71557e+16	1.54311e+17	2.31467e+17	3.08623e+17	3.85779e+17	4.62934e+17	5.4009e+17	6.17246e+17	6.93886e+17	7.43556e+17	3.35207e+17	8.60032e+15	6.18727e+15	5.66484e+15	2.47895e+15	1.56845e+15	3.1369e+15	4.70535e+15	6.27381e+15	7.84226e+15	9.41071e+15	1.09792e+16	1.25476e+16	1.43946e+16	3.29811e+16	3.09706e+17	4.54043e+17	3.36659	3.16752	3.16752	3.16752	3.16752	3.16752	3.16752	3.16752	3.16752	3.16752	3.16752	3.14735	2.98152	4.68986	4.68986	
129990	6.85708e+17	2.78667e+17	1.21945e+17	7.71558e+16	1.54312e+17	2.31468e+17	3.08623e+17	3.85779e+17	4.62935e+17	5.40091e+17	6.17247e+17	6.93879e+17	7.43755e+17	3.35207e+17	8.60032e+15	6.18707e+15	5.6646e+15	2.47885e+15	1.56839e+15	3.13677e+15	4.70516e+15	6.27354e+15	7.84193e+15	9.41031e+15	1.09787e+16	1.25471e+16	1.43993e+16	3.2856e+16	3.09706e+17	4.54043e+17	3.36862	3.1699	3.1699	3.1699	3.1699	3.1699	3.1699	3.1699	3.1699	3.1699	3.1699	3.14963	2.98043	4.68986	4.68986	
130243	6.85709e+17	2.78667e+17	1.21946e+17	7.71559e+16	1.54312e+17	2.31468e+17	3.08624e+17	3.8578e+17	4.62936e+17	5.40092e+17	6.17248e+17	6.93871e+17	7.43952e+17	3.35207e+17	8.60032e+15	6.18687e+15	5.66437e+15	2.47874e+15	1.56832e+15	3.13664e+15	4.70496e+15	6.27328e+15	7.8416e+15	9.40992e+15	1.09782e+16	1.25466e+16	1.4404e+16	3.27327e+16	3.09706e+17	4.54043e+17	3.37065	3.17227	3.17227	3.17227	3.17227	3.17227	3.17227	3.17227	3.17227	3.17227	3.17227	3.1519	2.97942	4.68986	4.68986	
130497	6.85709e+17	2.78668e+17	1.21946e+17	7.7156e+16	1.54312e+17	2.31468e+17	3.08624e+17	3.8578e+17	4.62936e+17	5.40092e+17	6.17248e+17	6.93863e+17	7.44146e+17	3.35207e+17	8.60032e+15	6.18668e+15	5.66413e+15	2.47864e+15	1.56825e+15	3.13651e+15	4.70476e+15	6.27302e+15	7.84127e+15	9.40953e+15	1.09778e+16	1.2546e+16	1.44087e+16	3.26107e+16	3.09706e+17	4.54043e+17	3.37268	3.17465	3.17465	3.17465	3.17465	3.17465	3.17465	3.17465	3.17465	3.17465	3.17465	3.15417	2.97847	4.68986	4.68986	
130751	6.85709e+17	2.78668e+17	1.21946e+17	7.71562e+16	1.54312e+17	2.31468e+17	3.08625e+17	3.85781e+17	4.62937e+17	5.40093e+17	6.17249e+17	6.93856e+17	7.44337e+17	3.35207e+17	8.60032e+15	6.18648e+15	5.6639e+15	2.47854e+15	1.56819e+15	3.13638e+15	4.70457e+15	6.27276e+15	7.84095e+15	9.40914e+15	1.09773e+16	1.25455e+16	1.44134e+16	3.24906e+16	3.09706e+17	4.54043e+17	3.3747	3.17702	3.17702	3.17702	3.17702	3.17702	3.17702	3.17702	3.17702	3.17702	3.17702	3.15644	2.97758	4.68986	4.68986	
131004	6.8571e+17	2.78668e+17	1.21946e+17	7.71563e+16	1.54313e+17	2.31469e+17	3.08625e+17	3.85781e+17	4.62938e+17	5.40094e+17	6.1725e+17	6.93848e+17	7.44525e+17	3.35207e+17	8.60032e+15	6.18628e+15	5.66366e+15	2.47843e+15	1.56812e+15	3.13625e+15	4.70437e+15	6.2725e+15	7.84062e+15	9.40875e+15	1.09769e+16	1.2545e+16	1.44181e+16	3.23723e+16	3.09706e+17	4.54043e+17	3.37672	3.17938	3.17938	3.17938	3.17938	3.17938	3.17938	3.17938	3.17938	3.17938	3.17938	3.1587	2.97676	4.68986	4.68986	
131258	6.8571e+17	2.78669e+17	1.21946e+17	7.71564e+16	1.54313e+17	2.31469e+17	3.08625e+17	3.85782e+17	4.62938e+17	5.40095e+17	6.17251e+17	6.9384e+17	7.44711e+17	3.35207e+17	8.60032e+15	6.18609e+15	5.66343e+15	2.47833e+15	1.56806e+15	3.13612e+15	4.70418e+15	6.27224e+15	7.8403e+15	9.40836e+15	1.09764e+16	1.25445e+16	1.44229e+16	3.22554e+16	3.09706e+17	4.54043e+17	3.37874	3.18174	3.18174	3.18174	3.18174	3.18174	3.18174	3.18174	3.18174	3.18174	3.18174	3.16096	2.97599	4.68986	4.68986	
131512	6.85711e+17	2.78669e+17	1.21946e+17	7.71565e+16	1.54313e+17	2.31469e+17	3.08626e+17	3.85782e+17	4.62939e+17	5.40095e+17	6.17252e+17	6.93832e+17	7.44894e+17	3.35207e+17	8.60032e+15	6.1859e+15	5.66319e+15	2.47823e+15	1.568e+15	3.13599e+15	4.70399e+15	6.27198e+15	7.83998e+15	9.40797e+15	1.0976e+16	1.2544e+16	1.44277e+16	3.21404e+16	3.09706e+17	4.54043e+17	3.38076	3.1841	3.1841	3.1841	3.1841	3.1841	3.1841	3.1841	3.1841	3.1841	3.1841	3.16321	2.97528	4.68986	4.68986	
131765	6.85711e+17	2.7867e+17	1.21947e+17	7.71566e+16	1.54313e+17	2.3147e+17	3.08626e+17	3.85783e+17	4.62939e+17	5.40096e+17	6.17253e+17	6.93825e+17	7.45074e+17	3.35207e+17	8.60032e+15	6.1857e+15	5.66296e+15	2.47813e+15	1.56793e+15	3.13586e+15	4.70379e+15	6.27172e+15	7.83965e+15	9.40758e+15	1.09755e+16	1.25435e+16	1.44324e+16	3.20272e+16	3.09706e+17	4.54043e+17	3.38277	3.18645	3.18645	3.18645	3.18645	3.18645	3.18645	3.18645	3.18645	3.18645	3.18645	3.16546	2.97464	4.68986	4.68986	
132019	6.85711e+17	2.7867e+17	1.21947e+17	7.71567e+16	1.54313e+17	2.3147e+17	3.08627e+17	3.85783e+17	4.6294e+17	5.40097e+17	6.17253e+17	6.93817e+17	7.45251e+17	3.35207e+17	8.60032e+15	6.18551e+15	5.66273e+15	2.47802e+15	1.56787e+15	3.13573e+15	4.7036e+15	6.27147e+15	7.83933e+15	9.4072e+15	1.09751e+16	1.25429e+16	1.44372e+16	3.19154e+16	3.09706e+17	4.54043e+17	3.38478	3.1888	3.1888	3.1888	3.1888	3.1888	3.1888	3.1888	3.1888	3.1888	3.1888	3.16771	2.97405	4.68986	4.68986	
132273	6.85712e+17	2.7867e+17	1.21947e+17	7.71568e+16	1.54314e+17	2.3147e+17	3.08627e+17	3.85784e+17	4.62941e+17	5.40097e+17	6.17254e+17	6.93809e+17	7.45426e+17	3.35207e+17	8.60032e+15	6.18532e+15	5.6625e+15	2.47792e+15	1.5678e+15	3.1356e+15	4.70341e+15	6.27121e+15	7.83901e+15	9.40681e+15	1.09746e+16	1.25424e+16	1.4442e+16	3.18054e+16	3.09706e+17	4.54043e+17	3.38678	3.19114	3.19114	3.19114	3.19114	3.19114	3.19114	3.19114	3.19114	3.19114	3.19114	3.16995	2.97352	4.68986	4.68986	
132526	6.85712e+17	2.78671e+17	1.21947e+17	7.71569e+16	1.54314e+17	2.31471e+17	3.08628e+17	3.85784e+17	4.62941e+17	5.40098e+17	6.17255e+17	6.93801e+17	7.45598e+17	3.35207e+17	8.60032e+15	6.18512e+15	5.66227e+15	2.47782e+15	1.56774e+15	3.13548e+15	4.70322e+15	6.27095e+15	7.83869e+15	9.40643e+15	1.09742e+16	1.25419e+16	1.44469e+16	3.16972e+16	3.09706e+17	4.54043e+17	3.38878	3.19348	3.19348	3.19348	3.19348	3.19348	3.19348	3.19348	3.19348	3.19348	3.19348	3.17219	2.97304	4.68986	4.68986	
132781	6.85712e+17	2.78671e+17	1.21947e+17	7.7157e+16	1.54314e+17	2.31471e+17	3.08628e+17	3.85785e+17	4.62942e+17	5.40099e+17	6.17256e+17	6.93793e+17	7.45768e+17	3.35207e+17	8.60032e+15	6.18493e+15	5.66204e+15	2.47772e+15	1.56767e+15	3.13535e+15	4.70302e+15	6.2707e+15	7.83837e+15	9.40605e+15	1.09737e+16	1.25414e+16	1.44517e+16	3.15904e+16	3.09706e+17	4.54043e+17	3.39078	3.19581	3.19581	3.19581	3.19581	3.19581	3.19581	3.19581	3.19581	3.19581	3.19581	3.17443	2.97262	4.68986	4.68986	
133034	6.85713e+17	2.78671e+17	1.21947e+17	7.71571e+16	1.54314e+17	2.31471e+17	3.08628e+17	3.85785e+17	4.62943e+17	5.401e+17	6.17257e+17	6.93785e+17	7.45935e+17	3.35207e+17	8.60032e+15	6.18474e+15	5.66181e+15	2.47762e+15	1.56761e+15	3.13522e+15	4.70283e+15	6.27045e+15	7.83806e+15	9.40567e+15	1.09733e+16	1.25409e+16	1.44565e+16	3.14855e+16	3.09706e+17	4.54043e+17	3.39278	3.19814	3.19814	3.19814	3.19814	3.19814	3.19814	3.19814	3.19814	3.19814	3.19814	3.17666	2.97225	4.68986	4.68986	
133288	6.85713e+17	2.78672e+17	1.21948e+17	7.71572e+16	1.54314e+17	2.31472e+17	3.08629e+17	3.85786e+17	4.62943e+17	5.401e+17	6.17258e+17	6.93777e+17	7.46099e+17	3.35207e+17	8.60032e+15	6.18455e+15	5.66158e+15	2.47752e+15	1.56755e+15	3.1351e+15	4.70264e+15	6.27019e+15	7.83774e+15	9.40529e+15	1.09728e+16	1.25404e+16	1.44613e+16	3.13823e+16	3.09706e+17	4.54043e+17	3.39477	3.20047	3.20047	3.20047	3.20047	3.20047	3.20047	3.20047	3.20047	3.20047	3.20047	3.17888	2.97194	4.68986	4.68986	
133538	6.85713e+17	2.78672e+17	1.21948e+17	7.71573e+16	1.54315e+17	2.31472e+17	3.08629e+17	3.85786e+17	4.62944e+17	5.40101e+17	6.17258e+17	6.9377e+17	7.46258e+17	3.35207e+17	8.60032e+15	6.18437e+15	5.66135e+15	2.47742e+15	1.56749e+15	3.13497e+15	4.70246e+15	6.26994e+15	7.83743e+15	9.40492e+15	1.09724e+16	1.25399e+16	1.44661e+16	3.12821e+16	3.09706e+17	4.54043e+17	3.39673	3.20275	3.20275	3.20275	3.20275	3.20275	3.20275	3.20275	3.20275	3.20275	3.20275	3.18107	2.97168	4.68986	4.68986	
133792	6.85714e+17	2.78673e+17	1.21948e+17	7.71574e+16	1.54315e+17	2.31472e+17	3.0863e+17	3.85787e+17	4.62944e+17	5.40102e+17	6.17259e+17	6.93762e+17	7.46417e+17	3.35207e+17	8.60032e+15	6.18418e+15	5.66113e+15	2.47732e+15	1.56742e+15	3.13485e+15	4.70227e+15	6.26969e+15	7.83711e+15	9.40454e+15	1.0972e+16	1.25394e+16	1.4471e+16	3.11821e+16	3.09706e+17	4.54043e+17	3.39872	3.20507	3.20507	3.20507	3.20507	3.20507	3.20507	3.20507	3.20507	3.20507	3.20507	3.18329	2.97147	4.68986	4.68986	
134045	6.85714e+17	2.78673e+17	1.21948e+17	7.71575e+16	1.54315e+17	2.31472e+17	3.0863e+17	3.85787e+17	4.62945e+17	5.40102e+17	6.1726e+17	6.93754e+17	7.46573e+17	3.35207e+17	8.60032e+15	6.18399e+15	5.6609e+15	2.47722e+15	1.56736e+15	3.13472e+15	4.70208e+15	6.26944e+15	7.8368e+15	9.40416e+15	1.09715e+16	1.25389e+16	1.44758e+16	3.10837e+16	3.09706e+17	4.54043e+17	3.4007	3.20739	3.20739	3.20739	3.20739	3.20739	3.20739	3.20739	3.20739	3.20739	3.20739	3.18551	2.9713	4.68986	4.68986	
134299	6.85714e+17	2.78673e+17	1.21948e+17	7.71576e+16	1.54315e+17	2.31473e+17	3.0863e+17	3.85788e+17	4.62946e+17	5.40103e+17	6.17261e+17	6.93746e+17	7.46727e+17	3.35207e+17	8.60032e+15	6.1838e+15	5.66067e+15	2.47713e+15	1.5673e+15	3.1346e+15	4.70189e+15	6.26919e+15	7.83649e+15	9.40379e+15	1.09711e+16	1.25384e+16	1.44807e+16	3.0987e+16	3.09706e+17	4.54043e+17	3.40268	3.20969	3.20969	3.20969	3.20969	3.20969	3.20969	3.20969	3.20969	3.20969	3.20969	3.18773	2.97119	4.68986	4.68986	
134553	6.85715e+17	2.78674e+17	1.21948e+17	7.71577e+16	1.54315e+17	2.31473e+17	3.08631e+17	3.85789e+17	4.62946e+17	5.40104e+17	6.17262e+17	6.93738e+17	7.46878e+17	3.35207e+17	8.60032e+15	6.18361e+15	5.66045e+15	2.47703e+15	1.56724e+15	3.13447e+15	4.70171e+15	6.26894e+15	7.83618e+15	9.40341e+15	1.09706e+16	1.25379e+16	1.44855e+16	3.08918e+16	3.09706e+17	4.54043e+17	3.40466	3.212	3.212	3.212	3.212	3.212	3.212	3.212	3.212	3.212	3.212	3.18994	2.97112	4.68986	4.68986	
134807	6.85715e+17	2.78674e+17	1.21948e+17	7.71578e+16	1.54316e+17	2.31473e+17	3.08631e+17	3.85789e+17	4.62947e+17	5.40105e+17	6.17262e+17	6.9373e+17	7.47027e+17	3.35207e+17	8.60032e+15	6.18343e+15	5.66022e+15	2.47693e+15	1.56717e+15	3.13435e+15	4.70152e+15	6.26869e+15	7.83587e+15	9.40304e+15	1.09702e+16	1.25374e+16	1.44904e+16	3.07983e+16	3.09706e+17	4.54043e+17	3.40664	3.2143	3.2143	3.2143	3.2143	3.2143	3.2143	3.2143	3.2143	3.2143	3.2143	3.19214	2.9711	4.68986	4.68986	
135061	6.85715e+17	2.78674e+17	1.21949e+17	7.71579e+16	1.54316e+17	2.31474e+17	3.08632e+17	3.8579e+17	4.62947e+17	5.40105e+17	6.17263e+17	6.93722e+17	7.47173e+17	3.35207e+17	8.60032e+15	6.18324e+15	5.66e+15	2.47683e+15	1.56711e+15	3.13422e+15	4.70133e+15	6.26844e+15	7.83556e+15	9.40267e+15	1.09698e+16	1.25369e+16	1.44953e+16	3.07064e+16	3.09706e+17	4.54043e+17	3.40861	3.2166	3.2166	3.2166	3.2166	3.2166	3.2166	3.2166	3.2166	3.2166	3.2166	3.19434	2.97113	4.68986	4.68986	
135314	6.85716e+17	2.78675e+17	1.21949e+17	7.7158e+16	1.54316e+17	2.31474e+17	3.08632e+17	3.8579e+17	4.62948e+17	5.40106e+17	6.17264e+17	6.93714e+17	7.47316e+17	3.35207e+17	8.60032e+15	6.18306e+15	5.65978e+15	2.47673e+15	1.56705e+15	3.1341e+15	4.70115e+15	6.2682e+15	7.83525e+15	9.4023e+15	1.09693e+16	1.25364e+16	1.45001e+16	3.06161e+16	3.09706e+17	4.54043e+17	3.41058	3.21889	3.21889	3.21889	3.21889	3.21889	3.21889	3.21889	3.21889	3.21889	3.21889	3.19654	2.9712	4.68986	4.68986	
135564	6.85716e+17	2.78675e+17	1.21949e+17	7.71581e+16	1.54316e+17	2.31474e+17	3.08632e+17	3.85791e+17	4.62949e+17	5.40107e+17	6.17265e+17	6.93706e+17	7.47455e+17	3.35207e+17	8.60032e+15	6.18288e+15	5.65956e+15	2.47664e+15	1.56699e+15	3.13398e+15	4.70097e+15	6.26795e+15	7.83494e+15	9.40193e+15	1.09689e+16	1.25359e+16	1.45049e+16	3.05287e+16	3.09706e+17	4.54043e+17	3.41251	3.22115	3.22115	3.22115	3.22115	3.22115	3.22115	3.22115	3.22115	3.22115	3.22115	3.19871	2.97132	4.68986	4.68986	
135815	6.85716e+17	2.78675e+17	1.21949e+17	7.71582e+16	1.54316e+17	2.31475e+17	3.08633e+17	3.85791e+17	4.62949e+17	5.40107e+17	6.17266e+17	6.93699e+17	7.47592e+17	3.35207e+17	8.60032e+15	6.1827e+15	5.65934e+15	2.47654e+15	1.56693e+15	3.13386e+15	4.70078e+15	6.26771e+15	7.83464e+15	9.40157e+15	1.09685e+16	1.25354e+16	1.45097e+16	3.04427e+16	3.09706e+17	4.54043e+17	3.41445	3.2234	3.2234	3.2234	3.2234	3.2234	3.2234	3.2234	3.2234	3.2234	3.2234	3.20087	2.97147	4.68986	4.68986	
136066	6.85717e+17	2.78676e+17	1.21949e+17	7.71583e+16	1.54317e+17	2.31475e+17	3.08633e+17	3.85791e+17	4.6295e+17	5.40108e+17	6.17266e+17	6.93691e+17	7.47726e+17	3.35207e+17	8.60032e+15	6.18251e+15	5.65912e+15	2.47645e+15	1.56687e+15	3.13374e+15	4.7006e+15	6.26747e+15	7.83434e+15	9.40121e+15	1.09681e+16	1.25349e+16	1.45145e+16	3.03581e+16	3.09706e+17	4.54043e+17	3.41638	3.22565	3.22565	3.22565	3.22565	3.22565	3.22565	3.22565	3.22565	3.22565	3.22565	3.20303	2.97167	4.68986	4.68986	
136320	6.85717e+17	2.78676e+17	1.21949e+17	7.71584e+16	1.54317e+17	2.31475e+17	3.08634e+17	3.85792e+17	4.6295e+17	5.40109e+17	6.17267e+17	6.93683e+17	7.4786e+17	3.35207e+17	8.60032e+15	6.18233e+15	5.6589e+15	2.47635e+15	1.56681e+15	3.13361e+15	4.70042e+15	6.26723e+15	7.83403e+15	9.40084e+15	1.09676e+16	1.25345e+16	1.45194e+16	3.0274e+16	3.09706e+17	4.54043e+17	3.41834	3.22793	3.22793	3.22793	3.22793	3.22793	3.22793	3.22793	3.22793	3.22793	3.22793	3.20522	2.97192	4.68986	4.68986	
136573	6.85717e+17	2.78677e+17	1.2195e+17	7.71585e+16	1.54317e+17	2.31475e+17	3.08634e+17	3.85792e+17	4.62951e+17	5.40109e+17	6.17268e+17	6.93675e+17	7.47991e+17	3.35207e+17	8.60032e+15	6.18215e+15	5.65868e+15	2.47625e+15	1.56675e+15	3.13349e+15	4.70024e+15	6.26698e+15	7.83373e+15	9.40047e+15	1.09672e+16	1.2534e+16	1.45242e+16	3.01915e+16	3.09706e+17	4.54043e+17	3.42029	3.2302	3.2302	3.2302	3.2302	3.2302	3.2302	3.2302	3.2302	3.2302	3.2302	3.2074	2.9722	4.68986	4.68986	
136827	6.85718e+17	2.78677e+17	1.2195e+17	7.71586e+16	1.54317e+17	2.31476e+17	3.08634e+17	3.85793e+17	4.62952e+17	5.4011e+17	6.17269e+17	6.93667e+17	7.48119e+17	3.35207e+17	8.60032e+15	6.18197e+15	5.65846e+15	2.47616e+15	1.56668e+15	3.13337e+15	4.70005e+15	6.26674e+15	7.83342e+15	9.40011e+15	1.09668e+16	1.25335e+16	1.45291e+16	3.01105e+16	3.09706e+17	4.54043e+17	3.42224	3.23247	3.23247	3.23247	3.23247	3.23247	3.23247	3.23247	3.23247	3.23247	3.23247	3.20958	2.97253	4.68986	4.68986	
137081	6.85718e+17	2.78677e+17	1.2195e+17	7.71587e+16	1.54317e+17	2.31476e+17	3.08635e+17	3.85793e+17	4.62952e+17	5.40111e+17	6.1727e+17	6.93659e+17	7.48245e+17	3.35207e+17	8.60032e+15	6.18179e+15	5.65824e+15	2.47606e+15	1.56662e+15	3.13325e+15	4.69987e+15	6.2665e+15	7.83312e+15	9.39975e+15	1.09664e+16	1.2533e+16	1.45339e+16	3.0031e+16	3.09706e+17	4.54043e+17	3.42419	3.23474	3.23474	3.23474	3.23474	3.23474	3.23474	3.23474	3.23474	3.23474	3.23474	3.21175	2.97289	4.68986	4.68986	
137335	6.85718e+17	2.78678e+17	1.2195e+17	7.71588e+16	1.54318e+17	2.31476e+17	3.08635e+17	3.85794e+17	4.62953e+17	5.40112e+17	6.1727e+17	6.93651e+17	7.48369e+17	3.35207e+17	8.60032e+15	6.18161e+15	5.65802e+15	2.47597e+15	1.56656e+15	3.13313e+15	4.69969e+15	6.26626e+15	7.83282e+15	9.39938e+15	1.09659e+16	1.25325e+16	1.45388e+16	2.9953e+16	3.09706e+17	4.54043e+17	3.42614	3.237	3.237	3.237	3.237	3.237	3.237	3.237	3.237	3.237	3.237	3.21392	2.97329	4.68986	4.68986	
137589	6.85719e+17	2.78678e+17	1.2195e+17	7.71589e+16	1.54318e+17	2.31477e+17	3.08636e+17	3.85794e+17	4.62953e+17	5.40112e+17	6.17271e+17	6.93643e+17	7.48491e+17	3.35207e+17	8.60032e+15	6.18143e+15	5.65781e+15	2.47587e+15	1.5665e+15	3.13301e+15	4.69951e+15	6.26602e+15	7.83252e+15	9.39902e+15	1.09655e+16	1.2532e+16	1.45436e+16	2.98765e+16	3.09706e+17	4.54043e+17	3.42808	3.23926	3.23926	3.23926	3.23926	3.23926	3.23926	3.23926	3.23926	3.23926	3.23926	3.21609	2.97373	4.68986	4.68986	
137843	6.85719e+17	2.78678e+17	1.2195e+17	7.7159e+16	1.54318e+17	2.31477e+17	3.08636e+17	3.85795e+17	4.62954e+17	5.40113e+17	6.17272e+17	6.93635e+17	7.4861e+17	3.35207e+17	8.60032e+15	6.18125e+15	5.65759e+15	2.47578e+15	1.56644e+15	3.13289e+15	4.69933e+15	6.26578e+15	7.83222e+15	9.39866e+15	1.09651e+16	1.25316e+16	1.45484e+16	2.98015e+16	3.09706e+17	4.54043e+17	3.43002	3.24151	3.24151	3.24151	3.24151	3.24151	3.24151	3.24151	3.24151	3.24151	3.24151	3.21826	2.97421	4.68986	4.68986	
138097	6.85719e+17	2.78679e+17	1.21951e+17	7.71591e+16	1.54318e+17	2.31477e+17	3.08636e+17	3.85795e+17	4.62954e+17	5.40114e+17	6.17273e+17	6.93628e+17	7.48726e+17	3.35207e+17	8.60032e+15	6.18107e+15	5.65737e+15	2.47568e+15	1.56638e+15	3.13277e+15	4.69915e+15	6.26554e+15	7.83192e+15	9.39831e+15	1.09647e+16	1.25311e+16	1.45533e+16	2.9728e+16	3.09706e+17	4.54043e+17	3.43195	3.24376	3.24376	3.24376	3.24376	3.24376	3.24376	3.24376	3.24376	3.24376	3.24376	3.22042	2.97472	4.68986	4.68986	
138351	6.8572e+17	2.78679e+17	1.21951e+17	7.71592e+16	1.54318e+17	2.31478e+17	3.08637e+17	3.85796e+17	4.62955e+17	5.40114e+17	6.17273e+17	6.9362e+17	7.48841e+17	3.35207e+17	8.60032e+15	6.18089e+15	5.65716e+15	2.47559e+15	1.56632e+15	3.13265e+15	4.69897e+15	6.2653e+15	7.83162e+15	9.39795e+15	1.09643e+16	1.25306e+16	1.45581e+16	2.96559e+16	3.09706e+17	4.54043e+17	3.43388	3.24601	3.24601	3.24601	3.24601	3.24601	3.24601	3.24601	3.24601	3.24601	3.24601	3.22257	2.97527	4.68986	4.68986	
138605	6.8572e+17	2.78679e+17	1.21951e+17	7.71593e+16	1.54319e+17	2.31478e+17	3.08637e+17	3.85796e+17	4.62956e+17	5.40115e+17	6.17274e+17	6.93612e+17	7.48953e+17	3.35207e+17	8.60032e+15	6.18072e+15	5.65695e+15	2.47549e+15	1.56627e+15	3.13253e+15	4.6988e+15	6.26506e+15	7.83133e+15	9.39759e+15	1.09639e+16	1.25301e+16	1.45629e+16	2.95853e+16	3.09706e+17	4.54043e+17	3.43581	3.24825	3.24825	3.24825	3.24825	3.24825	3.24825	3.24825	3.24825	3.24825	3.24825	3.22473	2.97586	4.68986	4.68986	
138859	6.8572e+17	2.7868e+17	1.21951e+17	7.71594e+16	1.54319e+17	2.31478e+17	3.08637e+17	3.85797e+17	4.62956e+17	5.40116e+17	6.17275e+17	6.93604e+17	7.49062e+17	3.35207e+17	8.60032e+15	6.18054e+15	5.65673e+15	2.4754e+15	1.56621e+15	3.13241e+15	4.69862e+15	6.26482e+15	7.83103e+15	9.39724e+15	1.09634e+16	1.25296e+16	1.45678e+16	2.95161e+16	3.09706e+17	4.54043e+17	3.43774	3.25049	3.25049	3.25049	3.25049	3.25049	3.25049	3.25049	3.25049	3.25049	3.25049	3.22688	2.97647	4.68986	4.68986	
139113	6.85721e+17	2.7868e+17	1.21951e+17	7.71595e+16	1.54319e+17	2.31478e+17	3.08638e+17	3.85797e+17	4.62957e+17	5.40116e+17	6.17276e+17	6.93596e+17	7.4917e+17	3.35207e+17	8.60032e+15	6.18036e+15	5.65652e+15	2.47531e+15	1.56615e+15	3.13229e+15	4.69844e+15	6.26459e+15	7.83073e+15	9.39688e+15	1.0963e+16	1.25292e+16	1.45726e+16	2.94483e+16	3.09706e+17	4.54043e+17	3.43966	3.25272	3.25272	3.25272	3.25272	3.25272	3.25272	3.25272	3.25272	3.25272	3.25272	3.22903	2.97712	4.68986	4.68986	
139367	6.85721e+17	2.7868e+17	1.21951e+17	7.71596e+16	1.54319e+17	2.31479e+17	3.08638e+17	3.85798e+17	4.62957e+17	5.40117e+17	6.17276e+17	6.93588e+17	7.49275e+17	3.35207e+17	8.60032e+15	6.18019e+15	5.65631e+15	2.47521e+15	1.56609e+15	3.13218e+15	4.69826e+15	6.26435e+15	7.83044e+15	9.39653e+15	1.09626e+16	1.25287e+16	1.45774e+16	2.93819e+16	3.09706e+17	4.54043e+17	3.44158	3.25495	3.25495	3.25495	3.25495	3.25495	3.25495	3.25495	3.25495	3.25495	3.25495	3.23117	2.97781	4.68986	4.68986	
139621	6.85721e+17	2.78681e+17	1.21951e+17	7.71597e+16	1.54319e+17	2.31479e+17	3.08639e+17	3.85798e+17	4.62958e+17	5.40118e+17	6.17277e+17	6.9358e+17	7.49378e+17	3.35207e+17	8.60032e+15	6.18001e+15	5.65609e+15	2.47512e+15	1.56603e+15	3.13206e+15	4.69809e+15	6.26412e+15	7.83015e+15	9.39618e+15	1.09622e+16	1.25282e+16	1.45822e+16	2.9317e+16	3.09706e+17	4.54043e+17	3.4435	3.25718	3.25718	3.25718	3.25718	3.25718	3.25718	3.25718	3.25718	3.25718	3.25718	3.23331	2.97852	4.68986	4.68986	
139871	6.85722e+17	2.78681e+17	1.21952e+17	7.71597e+16	1.54319e+17	2.31479e+17	3.08639e+17	3.85799e+17	4.62958e+17	5.40118e+17	6.17278e+17	6.93573e+17	7.49478e+17	3.35207e+17	8.60032e+15	6.17984e+15	5.65589e+15	2.47503e+15	1.56597e+15	3.13194e+15	4.69792e+15	6.26389e+15	7.82986e+15	9.39583e+15	1.09618e+16	1.25278e+16	1.45869e+16	2.92544e+16	3.09706e+17	4.54043e+17	3.44539	3.25936	3.25936	3.25936	3.25936	3.25936	3.25936	3.25936	3.25936	3.25936	3.25936	3.23542	2.97926	4.68986	4.68986	
140121	6.85722e+17	2.78681e+17	1.21952e+17	7.71598e+16	1.5432e+17	2.3148e+17	3.08639e+17	3.85799e+17	4.62959e+17	5.40119e+17	6.17279e+17	6.93565e+17	7.49575e+17	3.35207e+17	8.60032e+15	6.17967e+15	5.65568e+15	2.47494e+15	1.56591e+15	3.13183e+15	4.69774e+15	6.26366e+15	7.82957e+15	9.39549e+15	1.09614e+16	1.25273e+16	1.45916e+16	2.9193e+16	3.09706e+17	4.54043e+17	3.44727	3.26155	3.26155	3.26155	3.26155	3.26155	3.26155	3.26155	3.26155	3.26155	3.26155	3.23752	2.98002	4.68986	4.68986	
140372	6.85722e+17	2.78682e+17	1.21952e+17	7.71599e+16	1.5432e+17	2.3148e+17	3.0864e+17	3.858e+17	4.6296e+17	5.4012e+17	6.17279e+17	6.93557e+17	7.4967e+17	3.35207e+17	8.60032e+15	6.1795e+15	5.65547e+15	2.47485e+15	1.56586e+15	3.13171e+15	4.69757e+15	6.26343e+15	7.82928e+15	9.39514e+15	1.0961e+16	1.25269e+16	1.45963e+16	2.91329e+16	3.09706e+17	4.54043e+17	3.44915	3.26374	3.26374	3.26374	3.26374	3.26374	3.26374	3.26374	3.26374	3.26374	3.26374	3.23962	2.98082	4.68986	4.68986	
140623	6.85723e+17	2.78682e+17	1.21952e+17	7.716e+16	1.5432e+17	2.3148e+17	3.0864e+17	3.858e+17	4.6296e+17	5.4012e+17	6.1728e+17	6.9355e+17	7.49763e+17	3.35207e+17	8.60032e+15	6.17933e+15	5.65526e+15	2.47476e+15	1.5658e+15	3.1316e+15	4.6974e+15	6.2632e+15	7.829e+15	9.3948e+15	1.09606e+16	1.25264e+16	1.4601e+16	2.9074e+16	3.09706e+17	4.54043e+17	3.45103	3.26592	3.26592	3.26592	3.26592	3.26592	3.26592	3.26592	3.26592	3.26592	3.26592	3.24172	2.98164	4.68986	4.68986	
140873	6.85723e+17	2.78682e+17	1.21952e+17	7.71601e+16	1.5432e+17	2.3148e+17	3.0864e+17	3.85801e+17	4.62961e+17	5.40121e+17	6.17281e+17	6.93542e+17	7.49855e+17	3.35207e+17	8.60032e+15	6.17916e+15	5.65506e+15	2.47467e+15	1.56574e+15	3.13149e+15	4.69723e+15	6.26297e+15	7.82871e+15	9.39446e+15	1.09602e+16	1.25259e+16	1.46057e+16	2.90165e+16	3.09706e+17	4.54043e+17	3.45291	3.2681	3.2681	3.2681	3.2681	3.2681	3.2681	3.2681	3.2681	3.2681	3.2681	3.24382	2.98249	4.68986	4.68986	
141123	6.85723e+17	2.78683e+17	1.21952e+17	7.71602e+16	1.5432e+17	2.31481e+17	3.08641e+17	3.85801e+17	4.62961e+17	5.40121e+17	6.17282e+17	6.93534e+17	7.49944e+17	3.35207e+17	8.60032e+15	6.17899e+15	5.65485e+15	2.47458e+15	1.56569e+15	3.13137e+15	4.69706e+15	6.26274e+15	7.82843e+15	9.39412e+15	1.09598e+16	1.25255e+16	1.46104e+16	2.89604e+16	3.09706e+17	4.54043e+17	3.45478	3.27027	3.27027	3.27027	3.27027	3.27027	3.27027	3.27027	3.27027	3.27027	3.27027	3.24591	2.98337	4.68986	4.68986	
141374	6.85724e+17	2.78683e+17	1.21952e+17	7.71603e+16	1.54321e+17	2.31481e+17	3.08641e+17	3.85802e+17	4.62962e+17	5.40122e+17	6.17282e+17	6.93527e+17	7.50031e+17	3.35207e+17	8.60032e+15	6.17882e+15	5.65465e+15	2.47449e+15	1.56563e+15	3.13126e+15	4.69689e+15	6.26252e+15	7.82815e+15	9.39378e+15	1.09594e+16	1.2525e+16	1.46151e+16	2.89054e+16	3.09706e+17	4.54043e+17	3.45665	3.27244	3.27244	3.27244	3.27244	3.27244	3.27244	3.27244	3.27244	3.27244	3.27244	3.24799	2.98427	4.68986	4.68986	
141624	6.85724e+17	2.78683e+17	1.21953e+17	7.71604e+16	1.54321e+17	2.31481e+17	3.08642e+17	3.85802e+17	4.62962e+17	5.40123e+17	6.17283e+17	6.93519e+17	7.50116e+17	3.35207e+17	8.60032e+15	6.17866e+15	5.65445e+15	2.4744e+15	1.56557e+15	3.13115e+15	4.69672e+15	6.26229e+15	7.82787e+15	9.39344e+15	1.0959e+16	1.25246e+16	1.46198e+16	2.88518e+16	3.09706e+17	4.54043e+17	3.45851	3.2746	3.2746	3.2746	3.2746	3.2746	3.2746	3.2746	3.2746	3.2746	3.2746	3.25008	2.9852	4.68986	4.68986	
141875	6.85724e+17	2.78684e+17	1.21953e+17	7.71605e+16	1.54321e+17	2.31481e+17	3.08642e+17	3.85802e+17	4.62963e+17	5.40123e+17	6.17284e+17	6.93512e+17	7.50199e+17	3.35207e+17	8.60032e+15	6.17849e+15	5.65424e+15	2.47431e+15	1.56552e+15	3.13103e+15	4.69655e+15	6.26207e+15	7.82758e+15	9.3931e+15	1.09586e+16	1.25241e+16	1.46244e+16	2.87992e+16	3.09706e+17	4.54043e+17	3.46038	3.27676	3.27676	3.27676	3.27676	3.27676	3.27676	3.27676	3.27676	3.27676	3.27676	3.25216	2.98616	4.68986	4.68986	
142125	6.85724e+17	2.78684e+17	1.21953e+17	7.71606e+16	1.54321e+17	2.31482e+17	3.08642e+17	3.85803e+17	4.62963e+17	5.40124e+17	6.17285e+17	6.93504e+17	7.5028e+17	3.35207e+17	8.60032e+15	6.17832e+15	5.65404e+15	2.47422e+15	1.56546e+15	3.13092e+15	4.69638e+15	6.26184e+15	7.8273e+15	9.39276e+15	1.09582e+16	1.25237e+16	1.46291e+16	2.87478e+16	3.09706e+17	4.54043e+17	3.46224	3.27893	3.27893	3.27893	3.27893	3.27893	3.27893	3.27893	3.27893	3.27893	3.27893	3.25424	2.98714	4.68986	4.68986	
142376	6.85725e+17	2.78684e+17	1.21953e+17	7.71607e+16	1.54321e+17	2.31482e+17	3.08643e+17	3.85803e+17	4.62964e+17	5.40125e+17	6.17285e+17	6.93496e+17	7.5036e+17	3.35207e+17	8.60032e+15	6.17816e+15	5.65384e+15	2.47413e+15	1.5654e+15	3.13081e+15	4.69621e+15	6.26162e+15	7.82702e+15	9.39243e+15	1.09578e+16	1.25232e+16	1.46338e+16	2.86978e+16	3.09706e+17	4.54043e+17	3.4641	3.28108	3.28108	3.28108	3.28108	3.28108	3.28108	3.28108	3.28108	3.28108	3.28108	3.25631	2.98814	4.68986	4.68986	
142626	6.85725e+17	2.78685e+17	1.21953e+17	7.71608e+16	1.54322e+17	2.31482e+17	3.08643e+17	3.85804e+17	4.62965e+17	5.40125e+17	6.17286e+17	6.93489e+17	7.50437e+17	3.35207e+17	8.60032e+15	6.17799e+15	5.65364e+15	2.47405e+15	1.56535e+15	3.1307e+15	4.69605e+15	6.2614e+15	7.82675e+15	9.39209e+15	1.09574e+16	1.25228e+16	1.46384e+16	2.86489e+16	3.09706e+17	4.54043e+17	3.46596	3.28323	3.28323	3.28323	3.28323	3.28323	3.28323	3.28323	3.28323	3.28323	3.28323	3.25839	2.98917	4.68986	4.68986	
142877	6.85725e+17	2.78685e+17	1.21953e+17	7.71608e+16	1.54322e+17	2.31483e+17	3.08643e+17	3.85804e+17	4.62965e+17	5.40126e+17	6.17287e+17	6.93481e+17	7.50513e+17	3.35207e+17	8.60032e+15	6.17782e+15	5.65344e+15	2.47396e+15	1.56529e+15	3.13059e+15	4.69588e+15	6.26117e+15	7.82647e+15	9.39176e+15	1.09571e+16	1.25223e+16	1.46431e+16	2.86011e+16	3.09706e+17	4.54043e+17	3.46781	3.28538	3.28538	3.28538	3.28538	3.28538	3.28538	3.28538	3.28538	3.28538	3.28538	3.26046	2.99022	4.68986	4.68986	
143128	6.85726e+17	2.78685e+17	1.21953e+17	7.71609e+16	1.54322e+17	2.31483e+17	3.08644e+17	3.85805e+17	4.62966e+17	5.40127e+17	6.17288e+17	6.93474e+17	7.50587e+17	3.35207e+17	8.60032e+15	6.17766e+15	5.65324e+15	2.47387e+15	1.56524e+15	3.13048e+15	4.69571e+15	6.26095e+15	7.82619e+15	9.39143e+15	1.09567e+16	1.25219e+16	1.46477e+16	2.85544e+16	3.09706e+17	4.54043e+17	3.46966	3.28753	3.28753	3.28753	3.28753	3.28753	3.28753	3.28753	3.28753	3.28753	3.28753	3.26253	2.9913	4.68986	4.68986	
143378	6.85726e+17	2.78686e+17	1.21954e+17	7.7161e+16	1.54322e+17	2.31483e+17	3.08644e+17	3.85805e+17	4.62966e+17	5.40127e+17	6.17288e+17	6.93466e+17	7.50659e+17	3.35207e+17	8.60032e+15	6.1775e+15	5.65304e+15	2.47378e+15	1.56518e+15	3.13037e+15	4.69555e+15	6.26073e+15	7.82591e+15	9.3911e+15	1.09563e+16	1.25215e+16	1.46523e+16	2.85091e+16	3.09706e+17	4.54043e+17	3.47151	3.28967	3.28967	3.28967	3.28967	3.28967	3.28967	3.28967	3.28967	3.28967	3.28967	3.26459	2.99239	4.68986	4.68986	
143628	6.85726e+17	2.78686e+17	1.21954e+17	7.71611e+16	1.54322e+17	2.31483e+17	3.08644e+17	3.85806e+17	4.62967e+17	5.40128e+17	6.17289e+17	6.93459e+17	7.50729e+17	3.35207e+17	8.60032e+15	6.17733e+15	5.65284e+15	2.4737e+15	1.56513e+15	3.13026e+15	4.69538e+15	6.26051e+15	7.82564e+15	9.39077e+15	1.09559e+16	1.2521e+16	1.46569e+16	2.84648e+16	3.09706e+17	4.54043e+17	3.47335	3.2918	3.2918	3.2918	3.2918	3.2918	3.2918	3.2918	3.2918	3.2918	3.2918	3.26664	2.99351	4.68986	4.68986	
143879	6.85727e+17	2.78686e+17	1.21954e+17	7.71612e+16	1.54322e+17	2.31484e+17	3.08645e+17	3.85806e+17	4.62967e+17	5.40128e+17	6.1729e+17	6.93451e+17	7.50797e+17	3.35207e+17	8.60032e+15	6.17717e+15	5.65264e+15	2.47361e+15	1.56507e+15	3.13015e+15	4.69522e+15	6.26029e+15	7.82536e+15	9.39044e+15	1.09555e+16	1.25206e+16	1.46615e+16	2.84215e+16	3.09706e+17	4.54043e+17	3.4752	3.29394	3.29394	3.29394	3.29394	3.29394	3.29394	3.29394	3.29394	3.29394	3.29394	3.2687	2.99465	4.68986	4.68986	
144130	6.85727e+17	2.78687e+17	1.21954e+17	7.71613e+16	1.54323e+17	2.31484e+17	3.08645e+17	3.85806e+17	4.62968e+17	5.40129e+17	6.1729e+17	6.93444e+17	7.50864e+17	3.35207e+17	8.60032e+15	6.17701e+15	5.65244e+15	2.47352e+15	1.56502e+15	3.13004e+15	4.69505e+15	6.26007e+15	7.82509e+15	9.39011e+15	1.09551e+16	1.25201e+16	1.46661e+16	2.83793e+16	3.09706e+17	4.54043e+17	3.47704	3.29607	3.29607	3.29607	3.29607	3.29607	3.29607	3.29607	3.29607	3.29607	3.29607	3.27076	2.99581	4.68986	4.68986	
144381	6.85727e+17	2.78687e+17	1.21954e+17	7.71614e+16	1.54323e+17	2.31484e+17	3.08646e+17	3.85807e+17	4.62968e+17	5.4013e+17	6.17291e+17	6.93436e+17	7.50929e+17	3.35207e+17	8.60032e+15	6.17685e+15	5.65224e+15	2.47344e+15	1.56496e+15	3.12993e+15	4.69489e+15	6.25985e+15	7.82482e+15	9.38978e+15	1.09547e+16	1.25197e+16	1.46707e+16	2.83383e+16	3.09706e+17	4.54043e+17	3.47887	3.2982	3.2982	3.2982	3.2982	3.2982	3.2982	3.2982	3.2982	3.2982	3.2982	3.27281	2.99699	4.68986	4.68986	
144631	6.85727e+17	2.78687e+17	1.21954e+17	7.71615e+16	1.54323e+17	2.31484e+17	3.08646e+17	3.85807e+17	4.62969e+17	5.4013e+17	6.17292e+17	6.93429e+17	7.50992e+17	3.35207e+17	8.60032e+15	6.17669e+15	5.65205e+15	2.47335e+15	1.56491e+15	3.12982e+15	4.69473e+15	6.25964e+15	7.82455e+15	9.38946e+15	1.09544e+16	1.25193e+16	1.46753e+16	2.82983e+16	3.09706e+17	4.54043e+17	3.48071	3.30032	3.30032	3.30032	3.30032	3.30032	3.30032	3.30032	3.30032	3.30032	3.30032	3.27486	2.99818	4.68986	4.68986	
144881	6.85728e+17	2.78688e+17	1.21954e+17	7.71616e+16	1.54323e+17	2.31485e+17	3.08646e+17	3.85808e+17	4.62969e+17	5.40131e+17	6.17292e+17	6.93421e+17	7.51054e+17	3.35207e+17	8.60032e+15	6.17652e+15	5.65185e+15	2.47327e+15	1.56486e+15	3.12971e+15	4.69457e+15	6.25942e+15	7.82428e+15	9.38913e+15	1.0954e+16	1.25188e+16	1.46799e+16	2.82594e+16	3.09706e+17	4.54043e+17	3.48254	3.30244	3.30244	3.30244	3.30244	3.30244	3.30244	3.30244	3.30244	3.30244	3.30244	3.2769	2.9994	4.68986	4.68986	
145132	6.85728e+17	2.78688e+17	1.21955e+17	7.71616e+16	1.54323e+17	2.31485e+17	3.08647e+17	3.85808e+17	4.6297e+17	5.40132e+17	6.17293e+17	6.93414e+17	7.51113e+17	3.35207e+17	8.60032e+15	6.17637e+15	5.65166e+15	2.47318e+15	1.5648e+15	3.1296e+15	4.6944e+15	6.2592e+15	7.82401e+15	9.38881e+15	1.09536e+16	1.25184e+16	1.46844e+16	2.82216e+16	3.09706e+17	4.54043e+17	3.48436	3.30456	3.30456	3.30456	3.30456	3.30456	3.30456	3.30456	3.30456	3.30456	3.30456	3.27894	3.00064	4.68986	4.68986	
145383	6.85728e+17	2.78688e+17	1.21955e+17	7.71617e+16	1.54323e+17	2.31485e+17	3.08647e+17	3.85809e+17	4.6297e+17	5.40132e+17	6.17294e+17	6.93406e+17	7.51172e+17	3.35207e+17	8.60032e+15	6.17621e+15	5.65146e+15	2.47309e+15	1.56475e+15	3.12949e+15	4.69424e+15	6.25899e+15	7.82374e+15	9.38848e+15	1.09532e+16	1.2518e+16	1.4689e+16	2.81847e+16	3.09706e+17	4.54043e+17	3.48619	3.30667	3.30667	3.30667	3.30667	3.30667	3.30667	3.30667	3.30667	3.30667	3.30667	3.28098	3.00189	4.68986	4.68986	
145633	6.85729e+17	2.78689e+17	1.21955e+17	7.71618e+16	1.54324e+17	2.31485e+17	3.08647e+17	3.85809e+17	4.62971e+17	5.40133e+17	6.17295e+17	6.93399e+17	7.51228e+17	3.35207e+17	8.60032e+15	6.17605e+15	5.65127e+15	2.47301e+15	1.56469e+15	3.12939e+15	4.69408e+15	6.25877e+15	7.82347e+15	9.38816e+15	1.09529e+16	1.25175e+16	1.46936e+16	2.81489e+16	3.09706e+17	4.54043e+17	3.48801	3.30879	3.30879	3.30879	3.30879	3.30879	3.30879	3.30879	3.30879	3.30879	3.30879	3.28302	3.00317	4.68986	4.68986	
145884	6.85729e+17	2.78689e+17	1.21955e+17	7.71619e+16	1.54324e+17	2.31486e+17	3.08648e+17	3.8581e+17	4.62971e+17	5.40133e+17	6.17295e+17	6.93391e+17	7.51283e+17	3.35207e+17	8.60032e+15	6.17589e+15	5.65108e+15	2.47293e+15	1.56464e+15	3.12928e+15	4.69392e+15	6.25856e+15	7.8232e+15	9.38784e+15	1.09525e+16	1.25171e+16	1.46981e+16	2.8114e+16	3.09706e+17	4.54043e+17	3.48983	3.31089	3.31089	3.31089	3.31089	3.31089	3.31089	3.31089	3.31089	3.31089	3.31089	3.28505	3.00445	4.68986	4.68986	
146134	6.85729e+17	2.78689e+17	1.21955e+17	7.7162e+16	1.54324e+17	2.31486e+17	3.08648e+17	3.8581e+17	4.62972e+17	5.40134e+17	6.17296e+17	6.93384e+17	7.51337e+17	3.35207e+17	8.60032e+15	6.17573e+15	5.65088e+15	2.47284e+15	1.56459e+15	3.12917e+15	4.69376e+15	6.25835e+15	7.82293e+15	9.38752e+15	1.09521e+16	1.25167e+16	1.47026e+16	2.80802e+16	3.09706e+17	4.54043e+17	3.49165	3.31299	3.31299	3.31299	3.31299	3.31299	3.31299	3.31299	3.31299	3.31299	3.31299	3.28708	3.00576	4.68986	4.68986	
146385	6.85729e+17	2.78689e+17	1.21955e+17	7.71621e+16	1.54324e+17	2.31486e+17	3.08648e+17	3.8581e+17	4.62972e+17	5.40135e+17	6.17297e+17	6.93377e+17	7.51389e+17	3.35207e+17	8.60032e+15	6.17557e+15	5.65069e+15	2.47276e+15	1.56453e+15	3.12907e+15	4.6936e+15	6.25813e+15	7.82267e+15	9.3872e+15	1.09517e+16	1.25163e+16	1.47072e+16	2.80473e+16	3.09706e+17	4.54043e+17	3.49346	3.3151	3.3151	3.3151	3.3151	3.3151	3.3151	3.3151	3.3151	3.3151	3.3151	3.28911	3.00708	4.68986	4.68986	
146636	6.8573e+17	2.7869e+17	1.21955e+17	7.71622e+16	1.54324e+17	2.31486e+17	3.08649e+17	3.85811e+17	4.62973e+17	5.40135e+17	6.17297e+17	6.93369e+17	7.51439e+17	3.35207e+17	8.60032e+15	6.17542e+15	5.6505e+15	2.47267e+15	1.56448e+15	3.12896e+15	4.69344e+15	6.25792e+15	7.8224e+15	9.38688e+15	1.09514e+16	1.25158e+16	1.47117e+16	2.80153e+16	3.09706e+17	4.54043e+17	3.49528	3.3172	3.3172	3.3172	3.3172	3.3172	3.3172	3.3172	3.3172	3.3172	3.3172	3.29114	3.00842	4.68986	4.68986	
146886	6.8573e+17	2.7869e+17	1.21956e+17	7.71623e+16	1.54325e+17	2.31487e+17	3.08649e+17	3.85811e+17	4.62974e+17	5.40136e+17	6.17298e+17	6.93362e+17	7.51488e+17	3.35207e+17	8.60032e+15	6.17526e+15	5.65031e+15	2.47259e+15	1.56443e+15	3.12886e+15	4.69328e+15	6.25771e+15	7.82214e+15	9.38657e+15	1.0951e+16	1.25154e+16	1.47162e+16	2.79843e+16	3.09706e+17	4.54043e+17	3.49708	3.31929	3.31929	3.31929	3.31929	3.31929	3.31929	3.31929	3.31929	3.31929	3.31929	3.29315	3.00978	4.68986	4.68986	
147137	6.8573e+17	2.7869e+17	1.21956e+17	7.71623e+16	1.54325e+17	2.31487e+17	3.08649e+17	3.85812e+17	4.62974e+17	5.40136e+17	6.17299e+17	6.93355e+17	7.51536e+17	3.35207e+17	8.60032e+15	6.1751e+15	5.65012e+15	2.47251e+15	1.56437e+15	3.12875e+15	4.69312e+15	6.2575e+15	7.82187e+15	9.38625e+15	1.09506e+16	1.2515e+16	1.47207e+16	2.79543e+16	3.09706e+17	4.54043e+17	3.49889	3.32138	3.32138	3.32138	3.32138	3.32138	3.32138	3.32138	3.32138	3.32138	3.32138	3.29517	3.01114	4.68986	4.68986	
147388	6.85731e+17	2.78691e+17	1.21956e+17	7.71624e+16	1.54325e+17	2.31487e+17	3.0865e+17	3.85812e+17	4.62975e+17	5.40137e+17	6.17299e+17	6.93347e+17	7.51582e+17	3.35207e+17	8.60032e+15	6.17495e+15	5.64993e+15	2.47242e+15	1.56432e+15	3.12864e+15	4.69297e+15	6.25729e+15	7.82161e+15	9.38593e+15	1.09503e+16	1.25146e+16	1.47252e+16	2.79251e+16	3.09706e+17	4.54043e+17	3.50069	3.32347	3.32347	3.32347	3.32347	3.32347	3.32347	3.32347	3.32347	3.32347	3.32347	3.29719	3.01253	4.68986	4.68986	
147639	6.85731e+17	2.78691e+17	1.21956e+17	7.71625e+16	1.54325e+17	2.31488e+17	3.0865e+17	3.85813e+17	4.62975e+17	5.40138e+17	6.173e+17	6.9334e+17	7.51626e+17	3.35207e+17	8.60032e+15	6.17479e+15	5.64974e+15	2.47234e+15	1.56427e+15	3.12854e+15	4.69281e+15	6.25708e+15	7.82135e+15	9.38562e+15	1.09499e+16	1.25142e+16	1.47297e+16	2.78968e+16	3.09706e+17	4.54043e+17	3.50249	3.32555	3.32555	3.32555	3.32555	3.32555	3.32555	3.32555	3.32555	3.32555	3.32555	3.2992	3.01393	4.68986	4.68986	
147890	6.85731e+17	2.78691e+17	1.21956e+17	7.71626e+16	1.54325e+17	2.31488e+17	3.0865e+17	3.85813e+17	4.62976e+17	5.40138e+17	6.17301e+17	6.93333e+17	7.5167e+17	3.35207e+17	8.60032e+15	6.17464e+15	5.64955e+15	2.47226e+15	1.56422e+15	3.12844e+15	4.69265e+15	6.25687e+15	7.82109e+15	9.38531e+15	1.09495e+16	1.25137e+16	1.47342e+16	2.78695e+16	3.09706e+17	4.54043e+17	3.50429	3.32763	3.32763	3.32763	3.32763	3.32763	3.32763	3.32763	3.32763	3.32763	3.32763	3.30121	3.01535	4.68986	4.68986	
148140	6.85731e+17	2.78692e+17	1.21956e+17	7.71627e+16	1.54325e+17	2.31488e+17	3.08651e+17	3.85813e+17	4.62976e+17	5.40139e+17	6.17301e+17	6.93325e+17	7.51711e+17	3.35207e+17	8.60032e+15	6.17449e+15	5.64936e+15	2.47218e+15	1.56417e+15	3.12833e+15	4.6925e+15	6.25666e+15	7.82083e+15	9.38499e+15	1.09492e+16	1.25133e+16	1.47387e+16	2.7843e+16	3.09706e+17	4.54043e+17	3.50608	3.32971	3.32971	3.32971	3.32971	3.32971	3.32971	3.32971	3.32971	3.32971	3.32971	3.30322	3.01677	4.68986	4.68986	
148391	6.85732e+17	2.78692e+17	1.21956e+17	7.71628e+16	1.54326e+17	2.31488e+17	3.08651e+17	3.85814e+17	4.62977e+17	5.40139e+17	6.17302e+17	6.93318e+17	7.51752e+17	3.35207e+17	8.60032e+15	6.17433e+15	5.64918e+15	2.47209e+15	1.56411e+15	3.12823e+15	4.69234e+15	6.25646e+15	7.82057e+15	9.38468e+15	1.09488e+16	1.25129e+16	1.47432e+16	2.78174e+16	3.09706e+17	4.54043e+17	3.50788	3.33178	3.33178	3.33178	3.33178	3.33178	3.33178	3.33178	3.33178	3.33178	3.33178	3.30522	3.01821	4.68986	4.68986	
148641	6.85732e+17	2.78692e+17	1.21956e+17	7.71628e+16	1.54326e+17	2.31489e+17	3.08651e+17	3.85814e+17	4.62977e+17	5.4014e+17	6.17303e+17	6.93311e+17	7.51791e+17	3.35207e+17	8.60032e+15	6.17418e+15	5.64899e+15	2.47201e+15	1.56406e+15	3.12812e+15	4.69219e+15	6.25625e+15	7.82031e+15	9.38437e+15	1.09484e+16	1.25125e+16	1.47476e+16	2.77927e+16	3.09706e+17	4.54043e+17	3.50966	3.33385	3.33385	3.33385	3.33385	3.33385	3.33385	3.33385	3.33385	3.33385	3.33385	3.30722	3.01966	4.68986	4.68986	
148892	6.85732e+17	2.78693e+17	1.21957e+17	7.71629e+16	1.54326e+17	2.31489e+17	3.08652e+17	3.85815e+17	4.62978e+17	5.4014e+17	6.17303e+17	6.93303e+17	7.51828e+17	3.35207e+17	8.60032e+15	6.17403e+15	5.6488e+15	2.47193e+15	1.56401e+15	3.12802e+15	4.69203e+15	6.25604e+15	7.82005e+15	9.38406e+15	1.09481e+16	1.25121e+16	1.47521e+16	2.77687e+16	3.09706e+17	4.54043e+17	3.51145	3.33592	3.33592	3.33592	3.33592	3.33592	3.33592	3.33592	3.33592	3.33592	3.33592	3.30922	3.02113	4.68986	4.68986	
149143	6.85733e+17	2.78693e+17	1.21957e+17	7.7163e+16	1.54326e+17	2.31489e+17	3.08652e+17	3.85815e+17	4.62978e+17	5.40141e+17	6.17304e+17	6.93296e+17	7.51865e+17	3.35206e+17	8.60032e+15	6.17388e+15	5.64862e+15	2.47185e+15	1.56396e+15	3.12792e+15	4.69188e+15	6.25584e+15	7.8198e+15	9.38376e+15	1.09477e+16	1.25117e+16	1.47565e+16	2.77456e+16	3.09706e+17	4.54043e+17	3.51324	3.33799	3.33799	3.33799	3.33799	3.33799	3.33799	3.33799	3.33799	3.33799	3.33799	3.31121	3.02261	4.68986	4.68986	
149394	6.85733e+17	2.78693e+17	1.21957e+17	7.71631e+16	1.54326e+17	2.31489e+17	3.08652e+17	3.85815e+17	4.62979e+17	5.40142e+17	6.17305e+17	6.93289e+17	7.519e+17	3.35206e+17	8.60032e+15	6.17373e+15	5.64843e+15	2.47177e+15	1.56391e+15	3.12782e+15	4.69172e+15	6.25563e+15	7.81954e+15	9.38345e+15	1.09474e+16	1.25113e+16	1.4761e+16	2.77233e+16	3.09706e+17	4.54043e+17	3.51502	3.34005	3.34005	3.34005	3.34005	3.34005	3.34005	3.34005	3.34005	3.34005	3.34005	3.3132	3.0241	4.68986	4.68986	
149644	6.85733e+17	2.78693e+17	1.21957e+17	7.71632e+16	1.54326e+17	2.3149e+17	3.08653e+17	3.85816e+17	4.62979e+17	5.40142e+17	6.17305e+17	6.93282e+17	7.51934e+17	3.35206e+17	8.60032e+15	6.17358e+15	5.64825e+15	2.47169e+15	1.56386e+15	3.12771e+15	4.69157e+15	6.25543e+15	7.81929e+15	9.38314e+15	1.0947e+16	1.25109e+16	1.47654e+16	2.77018e+16	3.09706e+17	4.54043e+17	3.51679	3.3421	3.3421	3.3421	3.3421	3.3421	3.3421	3.3421	3.3421	3.3421	3.3421	3.31519	3.0256	4.68986	4.68986	
149895	6.85733e+17	2.78694e+17	1.21957e+17	7.71633e+16	1.54327e+17	2.3149e+17	3.08653e+17	3.85816e+17	4.6298e+17	5.40143e+17	6.17306e+17	6.93274e+17	7.51967e+17	3.35206e+17	8.60032e+15	6.17343e+15	5.64806e+15	2.47161e+15	1.56381e+15	3.12761e+15	4.69142e+15	6.25522e+15	7.81903e+15	9.38284e+15	1.09466e+16	1.25104e+16	1.47699e+16	2.7681e+16	3.09706e+17	4.54043e+17	3.51857	3.34416	3.34416	3.34416	3.34416	3.34416	3.34416	3.34416	3.34416	3.34416	3.34416	3.31718	3.02711	4.68986	4.68986	
150147	6.85734e+17	2.78694e+17	1.21957e+17	7.71633e+16	1.54327e+17	2.3149e+17	3.08653e+17	3.85817e+17	4.6298e+17	5.40143e+17	6.17307e+17	6.93267e+17	7.51998e+17	3.35206e+17	8.60032e+15	6.17328e+15	5.64788e+15	2.47153e+15	1.56376e+15	3.12751e+15	4.69127e+15	6.25502e+15	7.81878e+15	9.38253e+15	1.09463e+16	1.251e+16	1.47743e+16	2.7661e+16	3.09706e+17	4.54043e+17	3.52035	3.34621	3.34621	3.34621	3.34621	3.34621	3.34621	3.34621	3.34621	3.34621	3.34621	3.31917	3.02864	4.68986	4.68986	
150397	6.85734e+17	2.78694e+17	1.21957e+17	7.71634e+16	1.54327e+17	2.3149e+17	3.08654e+17	3.85817e+17	4.62981e+17	5.40144e+17	6.17307e+17	6.9326e+17	7.52028e+17	3.35206e+17	8.60032e+15	6.17313e+15	5.6477e+15	2.47145e+15	1.5637e+15	3.12741e+15	4.69111e+15	6.25482e+15	7.81852e+15	9.38223e+15	1.09459e+16	1.25096e+16	1.47787e+16	2.76418e+16	3.09706e+17	4.54043e+17	3.52211	3.34826	3.34826	3.34826	3.34826	3.34826	3.34826	3.34826	3.34826	3.34826	3.34826	3.32114	3.03017	4.68986	4.68986	
150648	6.85734e+17	2.78695e+17	1.21957e+17	7.71635e+16	1.54327e+17	2.31491e+17	3.08654e+17	3.85818e+17	4.62981e+17	5.40145e+17	6.17308e+17	6.93253e+17	7.52057e+17	3.35206e+17	8.60032e+15	6.17298e+15	5.64752e+15	2.47137e+15	1.56365e+15	3.12731e+15	4.69096e+15	6.25462e+15	7.81827e+15	9.38193e+15	1.09456e+16	1.25092e+16	1.47831e+16	2.76234e+16	3.09706e+17	4.54043e+17	3.52388	3.3503	3.3503	3.3503	3.3503	3.3503	3.3503	3.3503	3.3503	3.3503	3.3503	3.32312	3.03171	4.68986	4.68986	
150899	6.85734e+17	2.78695e+17	1.21958e+17	7.71636e+16	1.54327e+17	2.31491e+17	3.08654e+17	3.85818e+17	4.62982e+17	5.40145e+17	6.17309e+17	6.93246e+17	7.52085e+17	3.35206e+17	8.60032e+15	6.17283e+15	5.64733e+15	2.47129e+15	1.5636e+15	3.12721e+15	4.69081e+15	6.25442e+15	7.81802e+15	9.38163e+15	1.09452e+16	1.25088e+16	1.47875e+16	2.76057e+16	3.09706e+17	4.54043e+17	3.52565	3.35234	3.35234	3.35234	3.35234	3.35234	3.35234	3.35234	3.35234	3.35234	3.35234	3.3251	3.03327	4.68986	4.68986	
151150	6.85735e+17	2.78695e+17	1.21958e+17	7.71637e+16	1.54327e+17	2.31491e+17	3.08655e+17	3.85818e+17	4.62982e+17	5.40146e+17	6.17309e+17	6.93238e+17	7.52112e+17	3.35206e+17	8.60032e+15	6.17268e+15	5.64715e+15	2.47121e+15	1.56355e+15	3.12711e+15	4.69066e+15	6.25422e+15	7.81777e+15	9.38133e+15	1.09449e+16	1.25084e+16	1.47919e+16	2.75887e+16	3.09706e+17	4.54043e+17	3.52741	3.35439	3.35439	3.35439	3.35439	3.35439	3.35439	3.35439	3.35439	3.35439	3.35439	3.32707	3.03484	4.68986	4.68986	
151401	6.85735e+17	2.78696e+17	1.21958e+17	7.71637e+16	1.54327e+17	2.31491e+17	3.08655e+17	3.85819e+17	4.62982e+17	5.40146e+17	6.1731e+17	6.93231e+17	7.52137e+17	3.35206e+17	8.60032e+15	6.17254e+15	5.64697e+15	2.47113e+15	1.5635e+15	3.12701e+15	4.69051e+15	6.25402e+15	7.81752e+15	9.38103e+15	1.09445e+16	1.2508e+16	1.47963e+16	2.75724e+16	3.09706e+17	4.54043e+17	3.52917	3.35642	3.35642	3.35642	3.35642	3.35642	3.35642	3.35642	3.35642	3.35642	3.35642	3.32904	3.03641	4.68986	4.68986	
151651	6.85735e+17	2.78696e+17	1.21958e+17	7.71638e+16	1.54328e+17	2.31491e+17	3.08655e+17	3.85819e+17	4.62983e+17	5.40147e+17	6.17311e+17	6.93224e+17	7.52162e+17	3.35206e+17	8.60032e+15	6.17239e+15	5.64679e+15	2.47105e+15	1.56345e+15	3.12691e+15	4.69036e+15	6.25382e+15	7.81727e+15	9.38073e+15	1.09442e+16	1.25076e+16	1.48007e+16	2.75568e+16	3.09706e+17	4.54043e+17	3.53093	3.35845	3.35845	3.35845	3.35845	3.35845	3.35845	3.35845	3.35845	3.35845	3.35845	3.33101	3.03799	4.68986	4.68986	
151902	6.85736e+17	2.78696e+17	1.21958e+17	7.71639e+16	1.54328e+17	2.31492e+17	3.08656e+17	3.8582e+17	4.62983e+17	5.40147e+17	6.17311e+17	6.93217e+17	7.52185e+17	3.35206e+17	8.60032e+15	6.17225e+15	5.64661e+15	2.47097e+15	1.5634e+15	3.12681e+15	4.69021e+15	6.25362e+15	7.81702e+15	9.38043e+15	1.09438e+16	1.25072e+16	1.48051e+16	2.75419e+16	3.09706e+17	4.54043e+17	3.53268	3.36048	3.36048	3.36048	3.36048	3.36048	3.36048	3.36048	3.36048	3.36048	3.36048	3.33297	3.03959	4.68986	4.68986	
152152	6.85736e+17	2.78696e+17	1.21958e+17	7.7164e+16	1.54328e+17	2.31492e+17	3.08656e+17	3.8582e+17	4.62984e+17	5.40148e+17	6.17312e+17	6.9321e+17	7.52207e+17	3.35206e+17	8.60032e+15	6.1721e+15	5.64644e+15	2.4709e+15	1.56336e+15	3.12671e+15	4.69007e+15	6.25342e+15	7.81678e+15	9.38013e+15	1.09435e+16	1.25068e+16	1.48094e+16	2.75277e+16	3.09706e+17	4.54043e+17	3.53443	3.3625	3.3625	3.3625	3.3625	3.3625	3.3625	3.3625	3.3625	3.3625	3.3625	3.33493	3.04118	4.68986	4.68986	
152404	6.85736e+17	2.78697e+17	1.21958e+17	7.71641e+16	1.54328e+17	2.31492e+17	3.08656e+17	3.8582e+17	4.62984e+17	5.40148e+17	6.17313e+17	6.93203e+17	7.52229e+17	3.35206e+17	8.60032e+15	6.17196e+15	5.64626e+15	2.47082e+15	1.56331e+15	3.12661e+15	4.68992e+15	6.25323e+15	7.81653e+15	9.37984e+15	1.09431e+16	1.25065e+16	1.48138e+16	2.75141e+16	3.09706e+17	4.54043e+17	3.53618	3.36453	3.36453	3.36453	3.36453	3.36453	3.36453	3.36453	3.36453	3.36453	3.36453	3.33689	3.0428	4.68986	4.68986	
152655	6.85736e+17	2.78697e+17	1.21959e+17	7.71641e+16	1.54328e+17	2.31492e+17	3.08657e+17	3.85821e+17	4.62985e+17	5.40149e+17	6.17313e+17	6.93196e+17	7.52249e+17	3.35206e+17	8.60032e+15	6.17181e+15	5.64608e+15	2.47074e+15	1.56326e+15	3.12651e+15	4.68977e+15	6.25303e+15	7.81629e+15	9.37954e+15	1.09428e+16	1.25061e+16	1.48182e+16	2.75012e+16	3.09706e+17	4.54043e+17	3.53793	3.36655	3.36655	3.36655	3.36655	3.36655	3.36655	3.36655	3.36655	3.36655	3.36655	3.33884	3.04442	4.68986	4.68986	
152906	6.85737e+17	2.78697e+17	1.21959e+17	7.71642e+16	1.54328e+17	2.31493e+17	3.08657e+17	3.85821e+17	4.62985e+17	5.4015e+17	6.17314e+17	6.93189e+17	7.52268e+17	3.35206e+17	8.60032e+15	6.17167e+15	5.6459e+15	2.47066e+15	1.56321e+15	3.12642e+15	4.68962e+15	6.25283e+15	7.81604e+15	9.37925e+15	1.09425e+16	1.25057e+16	1.48225e+16	2.74889e+16	3.09706e+17	4.54043e+17	3.53967	3.36856	3.36856	3.36856	3.36856	3.36856	3.36856	3.36856	3.36856	3.36856	3.36856	3.34079	3.04604	4.68986	4.68986	
153156	6.85737e+17	2.78698e+17	1.21959e+17	7.71643e+16	1.54329e+17	2.31493e+17	3.08657e+17	3.85822e+17	4.62986e+17	5.4015e+17	6.17314e+17	6.93181e+17	7.52286e+17	3.35206e+17	8.60032e+15	6.17152e+15	5.64573e+15	2.47059e+15	1.56316e+15	3.12632e+15	4.68948e+15	6.25264e+15	7.8158e+15	9.37896e+15	1.09421e+16	1.25053e+16	1.48269e+16	2.74773e+16	3.09706e+17	4.54043e+17	3.54141	3.37057	3.37057	3.37057	3.37057	3.37057	3.37057	3.37057	3.37057	3.37057	3.37057	3.34274	3.04767	4.68986	4.68986	
153407	6.85737e+17	2.78698e+17	1.21959e+17	7.71644e+16	1.54329e+17	2.31493e+17	3.08658e+17	3.85822e+17	4.62986e+17	5.40151e+17	6.17315e+17	6.93174e+17	7.52303e+17	3.35206e+17	8.60032e+15	6.17138e+15	5.64555e+15	2.47051e+15	1.56311e+15	3.12622e+15	4.68933e+15	6.25244e+15	7.81555e+15	9.37866e+15	1.09418e+16	1.25049e+16	1.48312e+16	2.74663e+16	3.09706e+17	4.54043e+17	3.54315	3.37259	3.37259	3.37259	3.37259	3.37259	3.37259	3.37259	3.37259	3.37259	3.37259	3.34469	3.04931	4.68986	4.68986	
153659	6.85737e+17	2.78698e+17	1.21959e+17	7.71645e+16	1.54329e+17	2.31493e+17	3.08658e+17	3.85822e+17	4.62987e+17	5.40151e+17	6.17316e+17	6.93167e+17	7.5232e+17	3.35206e+17	8.60032e+15	6.17124e+15	5.64538e+15	2.47043e+15	1.56306e+15	3.12612e+15	4.68919e+15	6.25225e+15	7.81531e+15	9.37837e+15	1.09414e+16	1.25045e+16	1.48356e+16	2.74558e+16	3.09706e+17	4.54043e+17	3.54489	3.3746	3.3746	3.3746	3.3746	3.3746	3.3746	3.3746	3.3746	3.3746	3.3746	3.34664	3.05097	4.68986	4.68986	
153909	6.85738e+17	2.78698e+17	1.21959e+17	7.71645e+16	1.54329e+17	2.31494e+17	3.08658e+17	3.85823e+17	4.62987e+17	5.40152e+17	6.17316e+17	6.9316e+17	7.52335e+17	3.35206e+17	8.60032e+15	6.1711e+15	5.6452e+15	2.47036e+15	1.56301e+15	3.12603e+15	4.68904e+15	6.25206e+15	7.81507e+15	9.37808e+15	1.09411e+16	1.25041e+16	1.48399e+16	2.7446e+16	3.09706e+17	4.54043e+17	3.54662	3.3766	3.3766	3.3766	3.3766	3.3766	3.3766	3.3766	3.3766	3.3766	3.3766	3.34858	3.05262	4.68986	4.68986	
154160	6.85738e+17	2.78699e+17	1.21959e+17	7.71646e+16	1.54329e+17	2.31494e+17	3.08658e+17	3.85823e+17	4.62988e+17	5.40152e+17	6.17317e+17	6.93153e+17	7.52349e+17	3.35206e+17	8.60032e+15	6.17096e+15	5.64503e+15	2.47028e+15	1.56297e+15	3.12593e+15	4.6889e+15	6.25186e+15	7.81483e+15	9.37779e+15	1.09408e+16	1.25037e+16	1.48442e+16	2.74368e+16	3.09706e+17	4.54043e+17	3.54835	3.3786	3.3786	3.3786	3.3786	3.3786	3.3786	3.3786	3.3786	3.3786	3.3786	3.35051	3.05428	4.68986	4.68986	
154411	6.85738e+17	2.78699e+17	1.21959e+17	7.71647e+16	1.54329e+17	2.31494e+17	3.08659e+17	3.85823e+17	4.62988e+17	5.40153e+17	6.17318e+17	6.93146e+17	7.52363e+17	3.35206e+17	8.60032e+15	6.17082e+15	5.64486e+15	2.4702e+15	1.56292e+15	3.12584e+15	4.68875e+15	6.25167e+15	7.81459e+15	9.37751e+15	1.09404e+16	1.25033e+16	1.48485e+16	2.74282e+16	3.09706e+17	4.54043e+17	3.55008	3.3806	3.3806	3.3806	3.3806	3.3806	3.3806	3.3806	3.3806	3.3806	3.3806	3.35245	3.05595	4.68986	4.68986	
154662	6.85738e+17	2.78699e+17	1.2196e+17	7.71648e+16	1.5433e+17	2.31494e+17	3.08659e+17	3.85824e+17	4.62989e+17	5.40153e+17	6.17318e+17	6.93139e+17	7.52375e+17	3.35206e+17	8.60032e+15	6.17068e+15	5.64468e+15	2.47013e+15	1.56287e+15	3.12574e+15	4.68861e+15	6.25148e+15	7.81435e+15	9.37722e+15	1.09401e+16	1.2503e+16	1.48529e+16	2.74201e+16	3.09706e+17	4.54043e+17	3.55181	3.38259	3.38259	3.38259	3.38259	3.38259	3.38259	3.38259	3.38259	3.38259	3.38259	3.35439	3.05763	4.68986	4.68986	
154914	6.85739e+17	2.787e+17	1.2196e+17	7.71649e+16	1.5433e+17	2.31495e+17	3.08659e+17	3.85824e+17	4.62989e+17	5.40154e+17	6.17319e+17	6.93132e+17	7.52387e+17	3.35206e+17	8.60032e+15	6.17054e+15	5.64451e+15	2.47005e+15	1.56282e+15	3.12564e+15	4.68847e+15	6.25129e+15	7.81411e+15	9.37693e+15	1.09398e+16	1.25026e+16	1.48572e+16	2.74125e+16	3.09706e+17	4.54043e+17	3.55353	3.38458	3.38458	3.38458	3.38458	3.38458	3.38458	3.38458	3.38458	3.38458	3.38458	3.35632	3.05931	4.68986	4.68986	
155164	6.85739e+17	2.787e+17	1.2196e+17	7.71649e+16	1.5433e+17	2.31495e+17	3.0866e+17	3.85825e+17	4.6299e+17	5.40154e+17	6.17319e+17	6.93125e+17	7.52397e+17	3.35206e+17	8.60032e+15	6.1704e+15	5.64434e+15	2.46998e+15	1.56277e+15	3.12555e+15	4.68832e+15	6.2511e+15	7.81387e+15	9.37665e+15	1.09394e+16	1.25022e+16	1.48615e+16	2.74056e+16	3.09706e+17	4.54043e+17	3.55525	3.38657	3.38657	3.38657	3.38657	3.38657	3.38657	3.38657	3.38657	3.38657	3.38657	3.35824	3.06099	4.68986	4.68986	
155415	6.85739e+17	2.787e+17	1.2196e+17	7.7165e+16	1.5433e+17	2.31495e+17	3.0866e+17	3.85825e+17	4.6299e+17	5.40155e+17	6.1732e+17	6.93118e+17	7.52407e+17	3.35206e+17	8.60032e+15	6.17026e+15	5.64417e+15	2.4699e+15	1.56273e+15	3.12545e+15	4.68818e+15	6.25091e+15	7.81364e+15	9.37636e+15	1.09391e+16	1.25018e+16	1.48658e+16	2.73991e+16	3.09706e+17	4.54043e+17	3.55696	3.38856	3.38856	3.38856	3.38856	3.38856	3.38856	3.38856	3.38856	3.38856	3.38856	3.36017	3.06269	4.68986	4.68986	
155666	6.85739e+17	2.787e+17	1.2196e+17	7.71651e+16	1.5433e+17	2.31495e+17	3.0866e+17	3.85825e+17	4.6299e+17	5.40156e+17	6.17321e+17	6.93111e+17	7.52416e+17	3.35206e+17	8.60032e+15	6.17012e+15	5.644e+15	2.46983e+15	1.56268e+15	3.12536e+15	4.68804e+15	6.25072e+15	7.8134e+15	9.37608e+15	1.09388e+16	1.25014e+16	1.48701e+16	2.73932e+16	3.09706e+17	4.54043e+17	3.55868	3.39053	3.39053	3.39053	3.39053	3.39053	3.39053	3.39053	3.39053	3.39053	3.39053	3.36209	3.06438	4.68986	4.68986	
155917	6.8574e+17	2.78701e+17	1.2196e+17	7.71652e+16	1.5433e+17	2.31495e+17	3.08661e+17	3.85826e+17	4.62991e+17	5.40156e+17	6.17321e+17	6.93104e+17	7.52425e+17	3.35206e+17	8.60032e+15	6.16998e+15	5.64383e+15	2.46975e+15	1.56263e+15	3.12527e+15	4.6879e+15	6.25053e+15	7.81316e+15	9.3758e+15	1.09384e+16	1.25011e+16	1.48744e+16	2.73878e+16	3.09706e+17	4.54043e+17	3.56039	3.39252	3.39252	3.39252	3.39252	3.39252	3.39252	3.39252	3.39252	3.39252	3.39252	3.36401	3.06609	4.68986	4.68986	
156168	6.8574e+17	2.78701e+17	1.2196e+17	7.71652e+16	1.5433e+17	2.31496e+17	3.08661e+17	3.85826e+17	4.62991e+17	5.40157e+17	6.17322e+17	6.93097e+17	7.52432e+17	3.35206e+17	8.60032e+15	6.16984e+15	5.64366e+15	2.46968e+15	1.56259e+15	3.12517e+15	4.68776e+15	6.25034e+15	7.81293e+15	9.37552e+15	1.09381e+16	1.25007e+16	1.48787e+16	2.73829e+16	3.09706e+17	4.54043e+17	3.5621	3.39449	3.39449	3.39449	3.39449	3.39449	3.39449	3.39449	3.39449	3.39449	3.39449	3.36593	3.0678	4.68986	4.68986	
156419	6.8574e+17	2.78701e+17	1.2196e+17	7.71653e+16	1.54331e+17	2.31496e+17	3.08661e+17	3.85827e+17	4.62992e+17	5.40157e+17	6.17322e+17	6.9309e+17	7.52439e+17	3.35206e+17	8.60032e+15	6.16971e+15	5.64349e+15	2.4696e+15	1.56254e+15	3.12508e+15	4.68762e+15	6.25016e+15	7.8127e+15	9.37524e+15	1.09378e+16	1.25003e+16	1.48829e+16	2.73785e+16	3.09706e+17	4.54043e+17	3.56381	3.39646	3.39646	3.39646	3.39646	3.39646	3.39646	3.39646	3.39646	3.39646	3.39646	3.36784	3.06951	4.68986	4.68986	
156670	6.8574e+17	2.78701e+17	1.2196e+17	7.71654e+16	1.54331e+17	2.31496e+17	3.08662e+17	3.85827e+17	4.62992e+17	5.40158e+17	6.17323e+17	6.93083e+17	7.52445e+17	3.35206e+17	8.60032e+15	6.16957e+15	5.64332e+15	2.46953e+15	1.56249e+15	3.12499e+15	4.68748e+15	6.24997e+15	7.81246e+15	9.37496e+15	1.09374e+16	1.24999e+16	1.48872e+16	2.73746e+16	3.09706e+17	4.54043e+17	3.56551	3.39843	3.39843	3.39843	3.39843	3.39843	3.39843	3.39843	3.39843	3.39843	3.39843	3.36975	3.07123	4.68986	4.68986	
156921	6.85741e+17	2.78702e+17	1.21961e+17	7.71655e+16	1.54331e+17	2.31496e+17	3.08662e+17	3.85827e+17	4.62993e+17	5.40158e+17	6.17324e+17	6.93076e+17	7.5245e+17	3.35206e+17	8.60032e+15	6.16944e+15	5.64315e+15	2.46946e+15	1.56245e+15	3.12489e+15	4.68734e+15	6.24978e+15	7.81223e+15	9.37468e+15	1.09371e+16	1.24996e+16	1.48915e+16	2.73712e+16	3.09706e+17	4.54043e+17	3.56721	3.4004	3.4004	3.4004	3.4004	3.4004	3.4004	3.4004	3.4004	3.4004	3.4004	3.37166	3.07295	4.68986	4.68986	
157173	6.85741e+17	2.78702e+17	1.21961e+17	7.71655e+16	1.54331e+17	2.31497e+17	3.08662e+17	3.85828e+17	4.62993e+17	5.40159e+17	6.17324e+17	6.93069e+17	7.52454e+17	3.35206e+17	8.60032e+15	6.1693e+15	5.64298e+15	2.46938e+15	1.5624e+15	3.1248e+15	4.6872e+15	6.2496e+15	7.812e+15	9.3744e+15	1.09368e+16	1.24992e+16	1.48958e+16	2.73682e+16	3.09706e+17	4.54043e+17	3.56891	3.40237	3.40237	3.40237	3.40237	3.40237	3.40237	3.40237	3.40237	3.40237	3.40237	3.37357	3.07468	4.68986	4.68986	
157423	6.85741e+17	2.78702e+17	1.21961e+17	7.71656e+16	1.54331e+17	2.31497e+17	3.08662e+17	3.85828e+17	4.62994e+17	5.40159e+17	6.17325e+17	6.93062e+17	7.52458e+17	3.35206e+17	8.60032e+15	6.16917e+15	5.64282e+15	2.46931e+15	1.56235e+15	3.12471e+15	4.68706e+15	6.24941e+15	7.81177e+15	9.37412e+15	1.09365e+16	1.24988e+16	1.49e+16	2.73657e+16	3.09706e+17	4.54043e+17	3.57061	3.40433	3.40433	3.40433	3.40433	3.40433	3.40433	3.40433	3.40433	3.40433	3.40433	3.37547	3.07641	4.68986	4.68986	
157674	6.85741e+17	2.78703e+17	1.21961e+17	7.71657e+16	1.54331e+17	2.31497e+17	3.08663e+17	3.85828e+17	4.62994e+17	5.4016e+17	6.17325e+17	6.93055e+17	7.52461e+17	3.35206e+17	8.60032e+15	6.16903e+15	5.64265e+15	2.46924e+15	1.56231e+15	3.12462e+15	4.68692e+15	6.24923e+15	7.81154e+15	9.37385e+15	1.09362e+16	1.24985e+16	1.49043e+16	2.73637e+16	3.09706e+17	4.54043e+17	3.5723	3.40628	3.40628	3.40628	3.40628	3.40628	3.40628	3.40628	3.40628	3.40628	3.40628	3.37737	3.07814	4.68986	4.68986	
157926	6.85742e+17	2.78703e+17	1.21961e+17	7.71658e+16	1.54332e+17	2.31497e+17	3.08663e+17	3.85829e+17	4.62995e+17	5.4016e+17	6.17326e+17	6.93048e+17	7.52463e+17	3.35206e+17	8.60032e+15	6.1689e+15	5.64249e+15	2.46917e+15	1.56226e+15	3.12452e+15	4.68679e+15	6.24905e+15	7.81131e+15	9.37357e+15	1.09358e+16	1.24981e+16	1.49085e+16	2.73621e+16	3.09706e+17	4.54043e+17	3.57399	3.40824	3.40824	3.40824	3.40824	3.40824	3.40824	3.40824	3.40824	3.40824	3.40824	3.37927	3.07989	4.68986	4.68986	
158177	6.85742e+17	2.78703e+17	1.21961e+17	7.71658e+16	1.54332e+17	2.31497e+17	3.08663e+17	3.85829e+17	4.62995e+17	5.40161e+17	6.17327e+17	6.93041e+17	7.52465e+17	3.35206e+17	8.60032e+15	6.16876e+15	5.64232e+15	2.46909e+15	1.56222e+15	3.12443e+15	4.68665e+15	6.24886e+15	7.81108e+15	9.3733e+15	1.09355e+16	1.24977e+16	1.49128e+16	2.73609e+16	3.09706e+17	4.54043e+17	3.57568	3.41019	3.41019	3.41019	3.41019	3.41019	3.41019	3.41019	3.41019	3.41019	3.41019	3.38116	3.08163	4.68986	4.68986	
158428	6.85742e+17	2.78703e+17	1.21961e+17	7.71659e+16	1.54332e+17	2.31498e+17	3.08664e+17	3.8583e+17	4.62995e+17	5.40161e+17	6.17327e+17	6.93034e+17	7.52465e+17	3.35206e+17	8.60032e+15	6.16863e+15	5.64216e+15	2.46902e+15	1.56217e+15	3.12434e+15	4.68651e+15	6.24868e+15	7.81085e+15	9.37302e+15	1.09352e+16	1.24974e+16	1.4917e+16	2.73601e+16	3.09706e+17	4.54043e+17	3.57737	3.41214	3.41214	3.41214	3.41214	3.41214	3.41214	3.41214	3.41214	3.41214	3.41214	3.38306	3.08338	4.68986	4.68986	
158679	6.85742e+17	2.78704e+17	1.21961e+17	7.7166e+16	1.54332e+17	2.31498e+17	3.08664e+17	3.8583e+17	4.62996e+17	5.40162e+17	6.17328e+17	6.93028e+17	7.52466e+17	3.35206e+17	8.60032e+15	6.1685e+15	5.64199e+15	2.46895e+15	1.56213e+15	3.12425e+15	4.68638e+15	6.2485e+15	7.81063e+15	9.37275e+15	1.09349e+16	1.2497e+16	1.49212e+16	2.73598e+16	3.09706e+17	4.54043e+17	3.57905	3.41408	3.41408	3.41408	3.41408	3.41408	3.41408	3.41408	3.41408	3.41408	3.41408	3.38494	3.08513	4.68986	4.68986	
158930	6.85743e+17	2.78704e+17	1.21962e+17	7.71661e+16	1.54332e+17	2.31498e+17	3.08664e+17	3.8583e+17	4.62996e+17	5.40162e+17	6.17328e+17	6.93021e+17	7.52465e+17	3.35206e+17	8.60032e+15	6.16837e+15	5.64183e+15	2.46888e+15	1.56208e+15	3.12416e+15	4.68624e+15	6.24832e+15	7.8104e+15	9.37248e+15	1.09346e+16	1.24966e+16	1.49255e+16	2.73599e+16	3.09706e+17	4.54043e+17	3.58073	3.41603	3.41603	3.41603	3.41603	3.41603	3.41603	3.41603	3.41603	3.41603	3.41603	3.38683	3.08688	4.68986	4.68986	
159181	6.85743e+17	2.78704e+17	1.21962e+17	7.71661e+16	1.54332e+17	2.31498e+17	3.08665e+17	3.85831e+17	4.62997e+17	5.40163e+17	6.17329e+17	6.93014e+17	7.52464e+17	3.35206e+17	8.60032e+15	6.16824e+15	5.64167e+15	2.46881e+15	1.56203e+15	3.12407e+15	4.6861e+15	6.24814e+15	7.81017e+15	9.37221e+15	1.09342e+16	1.24963e+16	1.49297e+16	2.73604e+16	3.09706e+17	4.54043e+17	3.58241	3.41796	3.41796	3.41796	3.41796	3.41796	3.41796	3.41796	3.41796	3.41796	3.41796	3.38871	3.08864	4.68986	4.68986	
159432	6.85743e+17	2.78704e+17	1.21962e+17	7.71662e+16	1.54332e+17	2.31499e+17	3.08665e+17	3.85831e+17	4.62997e+17	5.40163e+17	6.1733e+17	6.93007e+17	7.52462e+17	3.35206e+17	8.60032e+15	6.1681e+15	5.6415e+15	2.46874e+15	1.56199e+15	3.12398e+15	4.68597e+15	6.24796e+15	7.80995e+15	9.37194e+15	1.09339e+16	1.24959e+16	1.49339e+16	2.73613e+16	3.09706e+17	4.54043e+17	3.58409	3.4199	3.4199	3.4199	3.4199	3.4199	3.4199	3.4199	3.4199	3.4199	3.4199	3.39059	3.0904	4.68986	4.68986	
159684	6.85743e+17	2.78705e+17	1.21962e+17	7.71663e+16	1.54333e+17	2.31499e+17	3.08665e+17	3.85831e+17	4.62998e+17	5.40164e+17	6.1733e+17	6.93e+17	7.5246e+17	3.35206e+17	8.60032e+15	6.16797e+15	5.64134e+15	2.46867e+15	1.56194e+15	3.12389e+15	4.68583e+15	6.24778e+15	7.80972e+15	9.37167e+15	1.09336e+16	1.24956e+16	1.49382e+16	2.73626e+16	3.09706e+17	4.54043e+17	3.58576	3.42184	3.42184	3.42184	3.42184	3.42184	3.42184	3.42184	3.42184	3.42184	3.42184	3.39247	3.09216	4.68986	4.68986	
159935	6.85744e+17	2.78705e+17	1.21962e+17	7.71663e+16	1.54333e+17	2.31499e+17	3.08665e+17	3.85832e+17	4.62998e+17	5.40164e+17	6.17331e+17	6.92993e+17	7.52457e+17	3.35206e+17	8.60032e+15	6.16784e+15	5.64118e+15	2.46859e+15	1.5619e+15	3.1238e+15	4.6857e+15	6.2476e+15	7.8095e+15	9.3714e+15	1.09333e+16	1.24952e+16	1.49424e+16	2.73642e+16	3.09706e+17	4.54043e+17	3.58743	3.42377	3.42377	3.42377	3.42377	3.42377	3.42377	3.42377	3.42377	3.42377	3.42377	3.39435	3.09393	4.68986	4.68986	
160185	6.85744e+17	2.78705e+17	1.21962e+17	7.71664e+16	1.54333e+17	2.31499e+17	3.08666e+17	3.85832e+17	4.62998e+17	5.40165e+17	6.17331e+17	6.92986e+17	7.52453e+17	3.35206e+17	8.60032e+15	6.16771e+15	5.64102e+15	2.46852e+15	1.56186e+15	3.12371e+15	4.68557e+15	6.24742e+15	7.80928e+15	9.37113e+15	1.0933e+16	1.24948e+16	1.49466e+16	2.73662e+16	3.09706e+17	4.54043e+17	3.5891	3.42569	3.42569	3.42569	3.42569	3.42569	3.42569	3.42569	3.42569	3.42569	3.42569	3.39622	3.09569	4.68986	4.68986	
160437	6.85744e+17	2.78705e+17	1.21962e+17	7.71665e+16	1.54333e+17	2.31499e+17	3.08666e+17	3.85832e+17	4.62999e+17	5.40165e+17	6.17332e+17	6.92979e+17	7.52449e+17	3.35206e+17	8.60032e+15	6.16759e+15	5.64086e+15	2.46845e+15	1.56181e+15	3.12362e+15	4.68543e+15	6.24725e+15	7.80906e+15	9.37087e+15	1.09327e+16	1.24945e+16	1.49508e+16	2.73686e+16	3.09705e+17	4.54043e+17	3.59077	3.42762	3.42762	3.42762	3.42762	3.42762	3.42762	3.42762	3.42762	3.42762	3.42762	3.39809	3.09747	4.68986	4.68986	
160688	6.85744e+17	2.78706e+17	1.21962e+17	7.71666e+16	1.54333e+17	2.315e+17	3.08666e+17	3.85833e+17	4.62999e+17	5.40166e+17	6.17332e+17	6.92972e+17	7.52445e+17	3.35206e+17	8.60032e+15	6.16746e+15	5.6407e+15	2.46838e+15	1.56177e+15	3.12353e+15	4.6853e+15	6.24707e+15	7.80883e+15	9.3706e+15	1.09324e+16	1.24941e+16	1.4955e+16	2.73714e+16	3.09705e+17	4.54043e+17	3.59243	3.42954	3.42954	3.42954	3.42954	3.42954	3.42954	3.42954	3.42954	3.42954	3.42954	3.39997	3.09924	4.68986	4.68986	
160939	6.85745e+17	2.78706e+17	1.21962e+17	7.71666e+16	1.54333e+17	2.315e+17	3.08667e+17	3.85833e+17	4.63e+17	5.40166e+17	6.17333e+17	6.92966e+17	7.52439e+17	3.35206e+17	8.60032e+15	6.16733e+15	5.64054e+15	2.46831e+15	1.56172e+15	3.12345e+15	4.68517e+15	6.24689e+15	7.80861e+15	9.37034e+15	1.09321e+16	1.24938e+16	1.49592e+16	2.73744e+16	3.09705e+17	4.54043e+17	3.59409	3.43146	3.43146	3.43146	3.43146	3.43146	3.43146	3.43146	3.43146	3.43146	3.43146	3.40183	3.10102	4.68986	4.68986	
161190	6.85745e+17	2.78706e+17	1.21963e+17	7.71667e+16	1.54333e+17	2.315e+17	3.08667e+17	3.85834e+17	4.63e+17	5.40167e+17	6.17334e+17	6.92959e+17	7.52434e+17	3.35206e+17	8.60032e+15	6.1672e+15	5.64038e+15	2.46825e+15	1.56168e+15	3.12336e+15	4.68504e+15	6.24672e+15	7.8084e+15	9.37007e+15	1.09318e+16	1.24934e+16	1.49634e+16	2.73779e+16	3.09705e+17	4.54043e+17	3.59575	3.43337	3.43337	3.43337	3.43337	3.43337	3.43337	3.43337	3.43337	3.43337	3.43337	3.40369	3.10279	4.68986	4.68986	
161442	6.85745e+17	2.78706e+17	1.21963e+17	7.71668e+16	1.54334e+17	2.315e+17	3.08667e+17	3.85834e+17	4.63001e+17	5.40167e+17	6.17334e+17	6.92952e+17	7.52427e+17	3.35206e+17	8.60032e+15	6.16707e+15	5.64022e+15	2.46818e+15	1.56164e+15	3.12327e+15	4.68491e+15	6.24654e+15	7.80818e+15	9.36981e+15	1.09314e+16	1.24931e+16	1.49676e+16	2.73816e+16	3.09705e+17	4.54043e+17	3.59741	3.43529	3.43529	3.43529	3.43529	3.43529	3.43529	3.43529	3.43529	3.43529	3.43529	3.40555	3.10458	4.68986	4.68986	
161693	6.85745e+17	2.78707e+17	1.21963e+17	7.71668e+16	1.54334e+17	2.31501e+17	3.08667e+17	3.85834e+17	4.63001e+17	5.40168e+17	6.17335e+17	6.92945e+17	7.5242e+17	3.35206e+17	8.60032e+15	6.16695e+15	5.64007e+15	2.46811e+15	1.56159e+15	3.12318e+15	4.68477e+15	6.24637e+15	7.80796e+15	9.36955e+15	1.09311e+16	1.24927e+16	1.49718e+16	2.73857e+16	3.09705e+17	4.54043e+17	3.59906	3.4372	3.4372	3.4372	3.4372	3.4372	3.4372	3.4372	3.4372	3.4372	3.4372	3.40741	3.10636	4.68986	4.68986	
161945	6.85745e+17	2.78707e+17	1.21963e+17	7.71669e+16	1.54334e+17	2.31501e+17	3.08668e+17	3.85835e+17	4.63001e+17	5.40168e+17	6.17335e+17	6.92938e+17	7.52413e+17	3.35206e+17	8.60032e+15	6.16682e+15	5.63991e+15	2.46804e+15	1.56155e+15	3.1231e+15	4.68464e+15	6.24619e+15	7.80774e+15	9.36929e+15	1.09308e+16	1.24924e+16	1.4976e+16	2.73902e+16	3.09705e+17	4.54043e+17	3.60071	3.43911	3.43911	3.43911	3.43911	3.43911	3.43911	3.43911	3.43911	3.43911	3.43911	3.40927	3.10814	4.68986	4.68986	
162196	6.85746e+17	2.78707e+17	1.21963e+17	7.7167e+16	1.54334e+17	2.31501e+17	3.08668e+17	3.85835e+17	4.63002e+17	5.40169e+17	6.17336e+17	6.92931e+17	7.52405e+17	3.35206e+17	8.60032e+15	6.16669e+15	5.63975e+15	2.46797e+15	1.5615e+15	3.12301e+15	4.68451e+15	6.24602e+15	7.80752e+15	9.36903e+15	1.09305e+16	1.2492e+16	1.49801e+16	2.73949e+16	3.09705e+17	4.54043e+17	3.60236	3.44101	3.44101	3.44101	3.44101	3.44101	3.44101	3.44101	3.44101	3.44101	3.44101	3.41112	3.10993	4.68986	4.68986	
162447	6.85746e+17	2.78707e+17	1.21963e+17	7.71671e+16	1.54334e+17	2.31501e+17	3.08668e+17	3.85835e+17	4.63002e+17	5.40169e+17	6.17336e+17	6.92925e+17	7.52397e+17	3.35206e+17	8.60032e+15	6.16657e+15	5.6396e+15	2.4679e+15	1.56146e+15	3.12292e+15	4.68438e+15	6.24585e+15	7.80731e+15	9.36877e+15	1.09302e+16	1.24917e+16	1.49843e+16	2.73999e+16	3.09705e+17	4.54043e+17	3.604	3.44291	3.44291	3.44291	3.44291	3.44291	3.44291	3.44291	3.44291	3.44291	3.44291	3.41297	3.11171	4.68986	4.68986	
162698	6.85746e+17	2.78708e+17	1.21963e+17	7.71671e+16	1.54334e+17	2.31501e+17	3.08668e+17	3.85836e+17	4.63003e+17	5.4017e+17	6.17337e+17	6.92918e+17	7.52388e+17	3.35206e+17	8.60032e+15	6.16644e+15	5.63944e+15	2.46783e+15	1.56142e+15	3.12284e+15	4.68426e+15	6.24567e+15	7.80709e+15	9.36851e+15	1.09299e+16	1.24913e+16	1.49885e+16	2.74053e+16	3.09705e+17	4.54043e+17	3.60564	3.4448	3.4448	3.4448	3.4448	3.4448	3.4448	3.4448	3.4448	3.4448	3.4448	3.41481	3.1135	4.68986	4.68986	
162949	6.85746e+17	2.78708e+17	1.21963e+17	7.71672e+16	1.54334e+17	2.31502e+17	3.08669e+17	3.85836e+17	4.63003e+17	5.4017e+17	6.17338e+17	6.92911e+17	7.52379e+17	3.35206e+17	8.60032e+15	6.16632e+15	5.63929e+15	2.46777e+15	1.56138e+15	3.12275e+15	4.68413e+15	6.2455e+15	7.80688e+15	9.36825e+15	1.09296e+16	1.2491e+16	1.49926e+16	2.74109e+16	3.09705e+17	4.54043e+17	3.60729	3.4467	3.4467	3.4467	3.4467	3.4467	3.4467	3.4467	3.4467	3.4467	3.4467	3.41666	3.11529	4.68986	4.68986	
163201	6.85747e+17	2.78708e+17	1.21963e+17	7.71673e+16	1.54335e+17	2.31502e+17	3.08669e+17	3.85836e+17	4.63004e+17	5.40171e+17	6.17338e+17	6.92904e+17	7.52369e+17	3.35206e+17	8.60032e+15	6.1662e+15	5.63913e+15	2.4677e+15	1.56133e+15	3.12267e+15	4.684e+15	6.24533e+15	7.80666e+15	9.368e+15	1.09293e+16	1.24907e+16	1.49968e+16	2.74168e+16	3.09705e+17	4.54043e+17	3.60893	3.4486	3.4486	3.4486	3.4486	3.4486	3.4486	3.4486	3.4486	3.4486	3.4486	3.4185	3.11709	4.68986	4.68986	
163452	6.85747e+17	2.78708e+17	1.21964e+17	7.71673e+16	1.54335e+17	2.31502e+17	3.08669e+17	3.85837e+17	4.63004e+17	5.40171e+17	6.17339e+17	6.92898e+17	7.52359e+17	3.35206e+17	8.60032e+15	6.16607e+15	5.63898e+15	2.46763e+15	1.56129e+15	3.12258e+15	4.68387e+15	6.24516e+15	7.80645e+15	9.36774e+15	1.0929e+16	1.24903e+16	1.5001e+16	2.7423e+16	3.09705e+17	4.54043e+17	3.61056	3.45048	3.45048	3.45048	3.45048	3.45048	3.45048	3.45048	3.45048	3.45048	3.45048	3.42034	3.11888	4.68986	4.68986	
163703	6.85747e+17	2.78709e+17	1.21964e+17	7.71674e+16	1.54335e+17	2.31502e+17	3.0867e+17	3.85837e+17	4.63004e+17	5.40172e+17	6.17339e+17	6.92891e+17	7.52348e+17	3.35206e+17	8.60032e+15	6.16595e+15	5.63882e+15	2.46756e+15	1.56125e+15	3.1225e+15	4.68374e+15	6.24499e+15	7.80624e+15	9.36749e+15	1.09287e+16	1.249e+16	1.50051e+16	2.74295e+16	3.09705e+17	4.54043e+17	3.61219	3.45237	3.45237	3.45237	3.45237	3.45237	3.45237	3.45237	3.45237	3.45237	3.45237	3.42218	3.12067	4.68986	4.68986	
163954	6.85747e+17	2.78709e+17	1.21964e+17	7.71675e+16	1.54335e+17	2.31502e+17	3.0867e+17	3.85837e+17	4.63005e+17	5.40172e+17	6.1734e+17	6.92884e+17	7.52337e+17	3.35206e+17	8.60032e+15	6.16583e+15	5.63867e+15	2.4675e+15	1.56121e+15	3.12241e+15	4.68362e+15	6.24482e+15	7.80603e+15	9.36723e+15	1.09284e+16	1.24896e+16	1.50093e+16	2.74363e+16	3.09705e+17	4.54043e+17	3.61383	3.45425	3.45425	3.45425	3.45425	3.45425	3.45425	3.45425	3.45425	3.45425	3.45425	3.42401	3.12247	4.68986	4.68986	
164206	6.85748e+17	2.78709e+17	1.21964e+17	7.71675e+16	1.54335e+17	2.31503e+17	3.0867e+17	3.85838e+17	4.63005e+17	5.40173e+17	6.1734e+17	6.92877e+17	7.52326e+17	3.35206e+17	8.60032e+15	6.1657e+15	5.63852e+15	2.46743e+15	1.56116e+15	3.12233e+15	4.68349e+15	6.24465e+15	7.80582e+15	9.36698e+15	1.09281e+16	1.24893e+16	1.50134e+16	2.74433e+16	3.09705e+17	4.54043e+17	3.61546	3.45614	3.45614	3.45614	3.45614	3.45614	3.45614	3.45614	3.45614	3.45614	3.45614	3.42585	3.12426	4.68986	4.68986	
164457	6.85748e+17	2.78709e+17	1.21964e+17	7.71676e+16	1.54335e+17	2.31503e+17	3.0867e+17	3.85838e+17	4.63006e+17	5.40173e+17	6.17341e+17	6.9287e+17	7.52314e+17	3.35206e+17	8.60032e+15	6.16558e+15	5.63837e+15	2.46736e+15	1.56112e+15	3.12224e+15	4.68336e+15	6.24448e+15	7.80561e+15	9.36673e+15	1.09278e+16	1.2489e+16	1.50176e+16	2.74506e+16	3.09705e+17	4.54043e+17	3.61708	3.45801	3.45801	3.45801	3.45801	3.45801	3.45801	3.45801	3.45801	3.45801	3.45801	3.42767	3.12606	4.68986	4.68986	
164708	6.85748e+17	2.7871e+17	1.21964e+17	7.71677e+16	1.54335e+17	2.31503e+17	3.08671e+17	3.85838e+17	4.63006e+17	5.40174e+17	6.17341e+17	6.92864e+17	7.52302e+17	3.35206e+17	8.60032e+15	6.16546e+15	5.63821e+15	2.4673e+15	1.56108e+15	3.12216e+15	4.68324e+15	6.24432e+15	7.8054e+15	9.36647e+15	1.09276e+16	1.24886e+16	1.50217e+16	2.74581e+16	3.09705e+17	4.54043e+17	3.6187	3.45989	3.45989	3.45989	3.45989	3.45989	3.45989	3.45989	3.45989	3.45989	3.45989	3.4295	3.12785	4.68986	4.68986	
164960	6.85748e+17	2.7871e+17	1.21964e+17	7.71677e+16	1.54335e+17	2.31503e+17	3.08671e+17	3.85839e+17	4.63006e+17	5.40174e+17	6.17342e+17	6.92857e+17	7.52289e+17	3.35206e+17	8.60032e+15	6.16534e+15	5.63806e+15	2.46723e+15	1.56104e+15	3.12207e+15	4.68311e+15	6.24415e+15	7.80519e+15	9.36622e+15	1.09273e+16	1.24883e+16	1.50258e+16	2.74659e+16	3.09705e+17	4.54043e+17	3.62032	3.46176	3.46176	3.46176	3.46176	3.46176	3.46176	3.46176	3.46176	3.46176	3.46176	3.43132	3.12966	4.68986	4.68986	
165211	6.85748e+17	2.7871e+17	1.21964e+17	7.71678e+16	1.54336e+17	2.31503e+17	3.08671e+17	3.85839e+17	4.63007e+17	5.40175e+17	6.17342e+17	6.9285e+17	7.52276e+17	3.35206e+17	8.60032e+15	6.16522e+15	5.63791e+15	2.46717e+15	1.561e+15	3.12199e+15	4.68299e+15	6.24398e+15	7.80498e+15	9.36597e+15	1.0927e+16	1.2488e+16	1.503e+16	2.7474e+16	3.09705e+17	4.54043e+17	3.62194	3.46363	3.46363	3.46363	3.46363	3.46363	3.46363	3.46363	3.46363	3.46363	3.46363	3.43315	3.13146	4.68986	4.68986	
165463	6.85749e+17	2.7871e+17	1.21964e+17	7.71679e+16	1.54336e+17	2.31504e+17	3.08671e+17	3.85839e+17	4.63007e+17	5.40175e+17	6.17343e+17	6.92843e+17	7.52262e+17	3.35206e+17	8.60032e+15	6.1651e+15	5.63776e+15	2.4671e+15	1.56095e+15	3.12191e+15	4.68286e+15	6.24382e+15	7.80477e+15	9.36572e+15	1.09267e+16	1.24876e+16	1.50341e+16	2.74822e+16	3.09705e+17	4.54043e+17	3.62356	3.4655	3.4655	3.4655	3.4655	3.4655	3.4655	3.4655	3.4655	3.4655	3.4655	3.43497	3.13326	4.68986	4.68986	
165714	6.85749e+17	2.78711e+17	1.21965e+17	7.71679e+16	1.54336e+17	2.31504e+17	3.08672e+17	3.8584e+17	4.63008e+17	5.40176e+17	6.17344e+17	6.92837e+17	7.52248e+17	3.35206e+17	8.60032e+15	6.16498e+15	5.63761e+15	2.46703e+15	1.56091e+15	3.12183e+15	4.68274e+15	6.24365e+15	7.80456e+15	9.36548e+15	1.09264e+16	1.24873e+16	1.50382e+16	2.74907e+16	3.09705e+17	4.54043e+17	3.62517	3.46736	3.46736	3.46736	3.46736	3.46736	3.46736	3.46736	3.46736	3.46736	3.46736	3.43678	3.13505	4.68986	4.68986	
165965	6.85749e+17	2.78711e+17	1.21965e+17	7.7168e+16	1.54336e+17	2.31504e+17	3.08672e+17	3.8584e+17	4.63008e+17	5.40176e+17	6.17344e+17	6.9283e+17	7.52234e+17	3.35206e+17	8.60032e+15	6.16486e+15	5.63746e+15	2.46697e+15	1.56087e+15	3.12174e+15	4.68261e+15	6.24349e+15	7.80436e+15	9.36523e+15	1.09261e+16	1.2487e+16	1.50424e+16	2.74995e+16	3.09705e+17	4.54043e+17	3.62678	3.46922	3.46922	3.46922	3.46922	3.46922	3.46922	3.46922	3.46922	3.46922	3.46922	3.43859	3.13685	4.68986	4.68986	
166216	6.85749e+17	2.78711e+17	1.21965e+17	7.71681e+16	1.54336e+17	2.31504e+17	3.08672e+17	3.8584e+17	4.63008e+17	5.40177e+17	6.17345e+17	6.92823e+17	7.5222e+17	3.35206e+17	8.60032e+15	6.16474e+15	5.63732e+15	2.4669e+15	1.56083e+15	3.12166e+15	4.68249e+15	6.24332e+15	7.80415e+15	9.36498e+15	1.09258e+16	1.24866e+16	1.50465e+16	2.75084e+16	3.09705e+17	4.54043e+17	3.62839	3.47107	3.47107	3.47107	3.47107	3.47107	3.47107	3.47107	3.47107	3.47107	3.47107	3.4404	3.13865	4.68986	4.68986	
166468	6.85749e+17	2.78711e+17	1.21965e+17	7.71681e+16	1.54336e+17	2.31504e+17	3.08673e+17	3.85841e+17	4.63009e+17	5.40177e+17	6.17345e+17	6.92817e+17	7.52205e+17	3.35206e+17	8.60032e+15	6.16463e+15	5.63717e+15	2.46684e+15	1.56079e+15	3.12158e+15	4.68237e+15	6.24316e+15	7.80395e+15	9.36474e+15	1.09255e+16	1.24863e+16	1.50506e+16	2.75176e+16	3.09705e+17	4.54043e+17	3.63	3.47293	3.47293	3.47293	3.47293	3.47293	3.47293	3.47293	3.47293	3.47293	3.47293	3.44221	3.14046	4.68986	4.68986	
166719	6.8575e+17	2.78712e+17	1.21965e+17	7.71682e+16	1.54336e+17	2.31505e+17	3.08673e+17	3.85841e+17	4.63009e+17	5.40177e+17	6.17346e+17	6.9281e+17	7.5219e+17	3.35206e+17	8.60032e+15	6.16451e+15	5.63702e+15	2.46678e+15	1.56075e+15	3.1215e+15	4.68225e+15	6.24299e+15	7.80374e+15	9.36449e+15	1.09252e+16	1.2486e+16	1.50547e+16	2.75269e+16	3.09705e+17	4.54043e+17	3.6316	3.47478	3.47478	3.47478	3.47478	3.47478	3.47478	3.47478	3.47478	3.47478	3.47478	3.44402	3.14226	4.68986	4.68986	
166971	6.8575e+17	2.78712e+17	1.21965e+17	7.71683e+16	1.54337e+17	2.31505e+17	3.08673e+17	3.85841e+17	4.6301e+17	5.40178e+17	6.17346e+17	6.92803e+17	7.52174e+17	3.35206e+17	8.60032e+15	6.16439e+15	5.63687e+15	2.46671e+15	1.56071e+15	3.12142e+15	4.68212e+15	6.24283e+15	7.80354e+15	9.36425e+15	1.0925e+16	1.24857e+16	1.50588e+16	2.75365e+16	3.09705e+17	4.54043e+17	3.6332	3.47663	3.47663	3.47663	3.47663	3.47663	3.47663	3.47663	3.47663	3.47663	3.47663	3.44582	3.14406	4.68986	4.68986	
167222	6.8575e+17	2.78712e+17	1.21965e+17	7.71683e+16	1.54337e+17	2.31505e+17	3.08673e+17	3.85842e+17	4.6301e+17	5.40178e+17	6.17347e+17	6.92797e+17	7.52158e+17	3.35206e+17	8.60032e+15	6.16427e+15	5.63673e+15	2.46665e+15	1.56067e+15	3.12134e+15	4.682e+15	6.24267e+15	7.80334e+15	9.36401e+15	1.09247e+16	1.24853e+16	1.50629e+16	2.75463e+16	3.09705e+17	4.54043e+17	3.6348	3.47847	3.47847	3.47847	3.47847	3.47847	3.47847	3.47847	3.47847	3.47847	3.47847	3.44762	3.14586	4.68986	4.68986	
167474	6.8575e+17	2.78712e+17	1.21965e+17	7.71684e+16	1.54337e+17	2.31505e+17	3.08674e+17	3.85842e+17	4.6301e+17	5.40179e+17	6.17347e+17	6.9279e+17	7.52142e+17	3.35206e+17	8.60032e+15	6.16416e+15	5.63658e+15	2.46658e+15	1.56063e+15	3.12125e+15	4.68188e+15	6.24251e+15	7.80314e+15	9.36376e+15	1.09244e+16	1.2485e+16	1.5067e+16	2.75563e+16	3.09705e+17	4.54043e+17	3.6364	3.48032	3.48032	3.48032	3.48032	3.48032	3.48032	3.48032	3.48032	3.48032	3.48032	3.44942	3.14766	4.68986	4.68986	
167725	6.85751e+17	2.78713e+17	1.21965e+17	7.71685e+16	1.54337e+17	2.31505e+17	3.08674e+17	3.85842e+17	4.63011e+17	5.40179e+17	6.17348e+17	6.92783e+17	7.52125e+17	3.35206e+17	8.60032e+15	6.16404e+15	5.63644e+15	2.46652e+15	1.56059e+15	3.12117e+15	4.68176e+15	6.24235e+15	7.80293e+15	9.36352e+15	1.09241e+16	1.24847e+16	1.50711e+16	2.75665e+16	3.09705e+17	4.54043e+17	3.63799	3.48216	3.48216	3.48216	3.48216	3.48216	3.48216	3.48216	3.48216	3.48216	3.48216	3.45122	3.14946	4.68986	4.68986	
167976	6.85751e+17	2.78713e+17	1.21965e+17	7.71685e+16	1.54337e+17	2.31506e+17	3.08674e+17	3.85843e+17	4.63011e+17	5.4018e+17	6.17348e+17	6.92777e+17	7.52109e+17	3.35206e+17	8.60032e+15	6.16393e+15	5.63629e+15	2.46646e+15	1.56055e+15	3.12109e+15	4.68164e+15	6.24219e+15	7.80273e+15	9.36328e+15	1.09238e+16	1.24844e+16	1.50752e+16	2.75769e+16	3.09705e+17	4.54043e+17	3.63958	3.484	3.484	3.484	3.484	3.484	3.484	3.484	3.484	3.484	3.484	3.45301	3.15126	4.68986	4.68986	
168228	6.85751e+17	2.78713e+17	1.21966e+17	7.71686e+16	1.54337e+17	2.31506e+17	3.08674e+17	3.85843e+17	4.63012e+17	5.4018e+17	6.17349e+17	6.9277e+17	7.52092e+17	3.35206e+17	8.60032e+15	6.16381e+15	5.63615e+15	2.46639e+15	1.56051e+15	3.12101e+15	4.68152e+15	6.24203e+15	7.80253e+15	9.36304e+15	1.09235e+16	1.24841e+16	1.50793e+16	2.75874e+16	3.09705e+17	4.54043e+17	3.64117	3.48583	3.48583	3.48583	3.48583	3.48583	3.48583	3.48583	3.48583	3.48583	3.48583	3.4548	3.15306	4.68986	4.68986	
168479	6.85751e+17	2.78713e+17	1.21966e+17	7.71687e+16	1.54337e+17	2.31506e+17	3.08675e+17	3.85843e+17	4.63012e+17	5.40181e+17	6.17349e+17	6.92763e+17	7.52074e+17	3.35206e+17	8.60032e+15	6.1637e+15	5.636e+15	2.46633e+15	1.56047e+15	3.12093e+15	4.6814e+15	6.24187e+15	7.80234e+15	9.3628e+15	1.09233e+16	1.24837e+16	1.50834e+16	2.75982e+16	3.09705e+17	4.54043e+17	3.64276	3.48766	3.48766	3.48766	3.48766	3.48766	3.48766	3.48766	3.48766	3.48766	3.48766	3.45659	3.15487	4.68986	4.68986	
168731	6.85751e+17	2.78713e+17	1.21966e+17	7.71687e+16	1.54337e+17	2.31506e+17	3.08675e+17	3.85844e+17	4.63012e+17	5.40181e+17	6.1735e+17	6.92757e+17	7.52056e+17	3.35206e+17	8.60032e+15	6.16358e+15	5.63586e+15	2.46627e+15	1.56043e+15	3.12085e+15	4.68128e+15	6.24171e+15	7.80214e+15	9.36256e+15	1.0923e+16	1.24834e+16	1.50875e+16	2.76091e+16	3.09705e+17	4.54043e+17	3.64435	3.4895	3.4895	3.4895	3.4895	3.4895	3.4895	3.4895	3.4895	3.4895	3.4895	3.45838	3.15667	4.68986	4.68986	
168983	6.85752e+17	2.78714e+17	1.21966e+17	7.71688e+16	1.54338e+17	2.31506e+17	3.08675e+17	3.85844e+17	4.63013e+17	5.40182e+17	6.1735e+17	6.9275e+17	7.52038e+17	3.35206e+17	8.60032e+15	6.16347e+15	5.63572e+15	2.4662e+15	1.56039e+15	3.12078e+15	4.68116e+15	6.24155e+15	7.80194e+15	9.36233e+15	1.09227e+16	1.24831e+16	1.50915e+16	2.76202e+16	3.09705e+17	4.54043e+17	3.64593	3.49132	3.49132	3.49132	3.49132	3.49132	3.49132	3.49132	3.49132	3.49132	3.49132	3.46016	3.15847	4.68986	4.68986	
169234	6.85752e+17	2.78714e+17	1.21966e+17	7.71689e+16	1.54338e+17	2.31507e+17	3.08675e+17	3.85844e+17	4.63013e+17	5.40182e+17	6.17351e+17	6.92743e+17	7.5202e+17	3.35206e+17	8.60032e+15	6.16336e+15	5.63557e+15	2.46614e+15	1.56035e+15	3.1207e+15	4.68104e+15	6.24139e+15	7.80174e+15	9.36209e+15	1.09224e+16	1.24828e+16	1.50956e+16	2.76314e+16	3.09705e+17	4.54043e+17	3.64751	3.49314	3.49314	3.49314	3.49314	3.49314	3.49314	3.49314	3.49314	3.49314	3.49314	3.46194	3.16027	4.68986	4.68986	
169485	6.85752e+17	2.78714e+17	1.21966e+17	7.71689e+16	1.54338e+17	2.31507e+17	3.08676e+17	3.85845e+17	4.63014e+17	5.40182e+17	6.17351e+17	6.92737e+17	7.52002e+17	3.35206e+17	8.60032e+15	6.16324e+15	5.63543e+15	2.46608e+15	1.56031e+15	3.12062e+15	4.68093e+15	6.24124e+15	7.80155e+15	9.36185e+15	1.09222e+16	1.24825e+16	1.50997e+16	2.76429e+16	3.09705e+17	4.54043e+17	3.64908	3.49496	3.49496	3.49496	3.49496	3.49496	3.49496	3.49496	3.49496	3.49496	3.49496	3.46372	3.16207	4.68986	4.68986	
169736	6.85752e+17	2.78714e+17	1.21966e+17	7.7169e+16	1.54338e+17	2.31507e+17	3.08676e+17	3.85845e+17	4.63014e+17	5.40183e+17	6.17352e+17	6.9273e+17	7.51983e+17	3.35206e+17	8.60032e+15	6.16313e+15	5.63529e+15	2.46602e+15	1.56027e+15	3.12054e+15	4.68081e+15	6.24108e+15	7.80135e+15	9.36162e+15	1.09219e+16	1.24822e+16	1.51037e+16	2.76544e+16	3.09705e+17	4.54043e+17	3.65066	3.49678	3.49678	3.49678	3.49678	3.49678	3.49678	3.49678	3.49678	3.49678	3.49678	3.46549	3.16386	4.68986	4.68986	
169988	6.85752e+17	2.78715e+17	1.21966e+17	7.7169e+16	1.54338e+17	2.31507e+17	3.08676e+17	3.85845e+17	4.63014e+17	5.40183e+17	6.17352e+17	6.92723e+17	7.51964e+17	3.35206e+17	8.60032e+15	6.16302e+15	5.63515e+15	2.46596e+15	1.56023e+15	3.12046e+15	4.68069e+15	6.24092e+15	7.80115e+15	9.36139e+15	1.09216e+16	1.24818e+16	1.51078e+16	2.76662e+16	3.09705e+17	4.54043e+17	3.65223	3.4986	3.4986	3.4986	3.4986	3.4986	3.4986	3.4986	3.4986	3.4986	3.4986	3.46727	3.16566	4.68986	4.68986	
170240	6.85753e+17	2.78715e+17	1.21966e+17	7.71691e+16	1.54338e+17	2.31507e+17	3.08676e+17	3.85846e+17	4.63015e+17	5.40184e+17	6.17353e+17	6.92717e+17	7.51945e+17	3.35206e+17	8.60032e+15	6.16291e+15	5.63501e+15	2.4659e+15	1.56019e+15	3.12038e+15	4.68058e+15	6.24077e+15	7.80096e+15	9.36115e+15	1.09213e+16	1.24815e+16	1.51119e+16	2.76781e+16	3.09705e+17	4.54043e+17	3.6538	3.50041	3.50041	3.50041	3.50041	3.50041	3.50041	3.50041	3.50041	3.50041	3.50041	3.46904	3.16746	4.68986	4.68986	
170491	6.85753e+17	2.78715e+17	1.21966e+17	7.71692e+16	1.54338e+17	2.31508e+17	3.08677e+17	3.85846e+17	4.63015e+17	5.40184e+17	6.17353e+17	6.9271e+17	7.51925e+17	3.35206e+17	8.60032e+15	6.1628e+15	5.63487e+15	2.46583e+15	1.56015e+15	3.12031e+15	4.68046e+15	6.24061e+15	7.80077e+15	9.36092e+15	1.09211e+16	1.24812e+16	1.51159e+16	2.76901e+16	3.09705e+17	4.54043e+17	3.65537	3.50222	3.50222	3.50222	3.50222	3.50222	3.50222	3.50222	3.50222	3.50222	3.50222	3.47081	3.16926	4.68986	4.68986	
170743	6.85753e+17	2.78715e+17	1.21967e+17	7.71692e+16	1.54338e+17	2.31508e+17	3.08677e+17	3.85846e+17	4.63015e+17	5.40185e+17	6.17354e+17	6.92704e+17	7.51906e+17	3.35206e+17	8.60032e+15	6.16269e+15	5.63473e+15	2.46577e+15	1.56011e+15	3.12023e+15	4.68034e+15	6.24046e+15	7.80057e+15	9.36069e+15	1.09208e+16	1.24809e+16	1.512e+16	2.77023e+16	3.09705e+17	4.54043e+17	3.65693	3.50402	3.50402	3.50402	3.50402	3.50402	3.50402	3.50402	3.50402	3.50402	3.50402	3.47257	3.17105	4.68986	4.68986	
170994	6.85753e+17	2.78716e+17	1.21967e+17	7.71693e+16	1.54339e+17	2.31508e+17	3.08677e+17	3.85846e+17	4.63016e+17	5.40185e+17	6.17354e+17	6.92697e+17	7.51886e+17	3.35206e+17	8.60032e+15	6.16258e+15	5.63459e+15	2.46571e+15	1.56008e+15	3.12015e+15	4.68023e+15	6.2403e+15	7.80038e+15	9.36046e+15	1.09205e+16	1.24806e+16	1.5124e+16	2.77146e+16	3.09705e+17	4.54043e+17	3.6585	3.50583	3.50583	3.50583	3.50583	3.50583	3.50583	3.50583	3.50583	3.50583	3.50583	3.47434	3.17285	4.68986	4.68986	
171246	6.85753e+17	2.78716e+17	1.21967e+17	7.71694e+16	1.54339e+17	2.31508e+17	3.08677e+17	3.85847e+17	4.63016e+17	5.40185e+17	6.17355e+17	6.9269e+17	7.51866e+17	3.35206e+17	8.60032e+15	6.16247e+15	5.63445e+15	2.46565e+15	1.56004e+15	3.12008e+15	4.68011e+15	6.24015e+15	7.80019e+15	9.36023e+15	1.09203e+16	1.24803e+16	1.51281e+16	2.77271e+16	3.09705e+17	4.54043e+17	3.66006	3.50763	3.50763	3.50763	3.50763	3.50763	3.50763	3.50763	3.50763	3.50763	3.50763	3.4761	3.17465	4.68986	4.68986	
171498	6.85754e+17	2.78716e+17	1.21967e+17	7.71694e+16	1.54339e+17	2.31508e+17	3.08678e+17	3.85847e+17	4.63017e+17	5.40186e+17	6.17355e+17	6.92684e+17	7.51845e+17	3.35206e+17	8.60032e+15	6.16236e+15	5.63432e+15	2.46559e+15	1.56e+15	3.12e+15	4.68e+15	6.24e+15	7.8e+15	9.36e+15	1.092e+16	1.248e+16	1.51321e+16	2.77397e+16	3.09705e+17	4.54043e+17	3.66161	3.50943	3.50943	3.50943	3.50943	3.50943	3.50943	3.50943	3.50943	3.50943	3.50943	3.47785	3.17644	4.68986	4.68986	
171749	6.85754e+17	2.78716e+17	1.21967e+17	7.71695e+16	1.54339e+17	2.31508e+17	3.08678e+17	3.85847e+17	4.63017e+17	5.40186e+17	6.17356e+17	6.92677e+17	7.51825e+17	3.35206e+17	8.60032e+15	6.16225e+15	5.63418e+15	2.46553e+15	1.55996e+15	3.11992e+15	4.67988e+15	6.23985e+15	7.79981e+15	9.35977e+15	1.09197e+16	1.24797e+16	1.51362e+16	2.77524e+16	3.09705e+17	4.54043e+17	3.66317	3.51122	3.51122	3.51122	3.51122	3.51122	3.51122	3.51122	3.51122	3.51122	3.51122	3.47961	3.17823	4.68986	4.68986	
172001	6.85754e+17	2.78716e+17	1.21967e+17	7.71695e+16	1.54339e+17	2.31509e+17	3.08678e+17	3.85848e+17	4.63017e+17	5.40187e+17	6.17356e+17	6.92671e+17	7.51804e+17	3.35206e+17	8.60032e+15	6.16214e+15	5.63404e+15	2.46547e+15	1.55992e+15	3.11985e+15	4.67977e+15	6.23969e+15	7.79962e+15	9.35954e+15	1.09195e+16	1.24794e+16	1.51402e+16	2.77653e+16	3.09705e+17	4.54043e+17	3.66472	3.51302	3.51302	3.51302	3.51302	3.51302	3.51302	3.51302	3.51302	3.51302	3.51302	3.48136	3.18003	4.68986	4.68986	
172253	6.85754e+17	2.78717e+17	1.21967e+17	7.71696e+16	1.54339e+17	2.31509e+17	3.08678e+17	3.85848e+17	4.63018e+17	5.40187e+17	6.17357e+17	6.92664e+17	7.51783e+17	3.35206e+17	8.60032e+15	6.16203e+15	5.6339e+15	2.46541e+15	1.55989e+15	3.11977e+15	4.67966e+15	6.23954e+15	7.79943e+15	9.35931e+15	1.09192e+16	1.24791e+16	1.51442e+16	2.77783e+16	3.09705e+17	4.54043e+17	3.66628	3.51481	3.51481	3.51481	3.51481	3.51481	3.51481	3.51481	3.51481	3.51481	3.51481	3.48312	3.18182	4.68986	4.68986	
172504	6.85754e+17	2.78717e+17	1.21967e+17	7.71697e+16	1.54339e+17	2.31509e+17	3.08679e+17	3.85848e+17	4.63018e+17	5.40188e+17	6.17357e+17	6.92657e+17	7.51762e+17	3.35206e+17	8.60032e+15	6.16192e+15	5.63377e+15	2.46535e+15	1.55985e+15	3.1197e+15	4.67954e+15	6.23939e+15	7.79924e+15	9.35909e+15	1.09189e+16	1.24788e+16	1.51483e+16	2.77915e+16	3.09705e+17	4.54043e+17	3.66783	3.5166	3.5166	3.5166	3.5166	3.5166	3.5166	3.5166	3.5166	3.5166	3.5166	3.48487	3.18361	4.68986	4.68986	
172756	6.85755e+17	2.78717e+17	1.21967e+17	7.71697e+16	1.54339e+17	2.31509e+17	3.08679e+17	3.85849e+17	4.63018e+17	5.40188e+17	6.17358e+17	6.92651e+17	7.5174e+17	3.35206e+17	8.60032e+15	6.16182e+15	5.63363e+15	2.46529e+15	1.55981e+15	3.11962e+15	4.67943e+15	6.23924e+15	7.79905e+15	9.35886e+15	1.09187e+16	1.24785e+16	1.51523e+16	2.78047e+16	3.09705e+17	4.54043e+17	3.66937	3.51838	3.51838	3.51838	3.51838	3.51838	3.51838	3.51838	3.51838	3.51838	3.51838	3.48661	3.1854	4.68986	4.68986	
173007	6.85755e+17	2.78717e+17	1.21967e+17	7.71698e+16	1.5434e+17	2.31509e+17	3.08679e+17	3.85849e+17	4.63019e+17	5.40188e+17	6.17358e+17	6.92644e+17	7.51719e+17	3.35206e+17	8.60032e+15	6.16171e+15	5.6335e+15	2.46523e+15	1.55977e+15	3.11955e+15	4.67932e+15	6.23909e+15	7.79887e+15	9.35864e+15	1.09184e+16	1.24782e+16	1.51563e+16	2.7818e+16	3.09705e+17	4.54043e+17	3.67091	3.52016	3.52016	3.52016	3.52016	3.52016	3.52016	3.52016	3.52016	3.52016	3.52016	3.48835	3.18719	4.68986	4.68986	
173258	6.85755e+17	2.78718e+17	1.21968e+17	7.71698e+16	1.5434e+17	2.3151e+17	3.08679e+17	3.85849e+17	4.63019e+17	5.40189e+17	6.17359e+17	6.92638e+17	7.51697e+17	3.35206e+17	8.60032e+15	6.1616e+15	5.63336e+15	2.46517e+15	1.55974e+15	3.11947e+15	4.67921e+15	6.23894e+15	7.79868e+15	9.35841e+15	1.09182e+16	1.24779e+16	1.51603e+16	2.78315e+16	3.09705e+17	4.54043e+17	3.67245	3.52194	3.52194	3.52194	3.52194	3.52194	3.52194	3.52194	3.52194	3.52194	3.52194	3.49009	3.18897	4.68986	4.68986	
173510	6.85755e+17	2.78718e+17	1.21968e+17	7.71699e+16	1.5434e+17	2.3151e+17	3.0868e+17	3.8585e+17	4.63019e+17	5.40189e+17	6.17359e+17	6.92631e+17	7.51675e+17	3.35206e+17	8.60032e+15	6.1615e+15	5.63323e+15	2.46512e+15	1.5597e+15	3.1194e+15	4.6791e+15	6.23879e+15	7.79849e+15	9.35819e+15	1.09179e+16	1.24776e+16	1.51643e+16	2.78451e+16	3.09705e+17	4.54043e+17	3.67399	3.52372	3.52372	3.52372	3.52372	3.52372	3.52372	3.52372	3.52372	3.52372	3.52372	3.49183	3.19076	4.68986	4.68986	
173762	6.85755e+17	2.78718e+17	1.21968e+17	7.717e+16	1.5434e+17	2.3151e+17	3.0868e+17	3.8585e+17	4.6302e+17	5.4019e+17	6.1736e+17	6.92625e+17	7.51653e+17	3.35206e+17	8.60032e+15	6.16139e+15	5.63309e+15	2.46506e+15	1.55966e+15	3.11932e+15	4.67898e+15	6.23865e+15	7.79831e+15	9.35797e+15	1.09176e+16	1.24773e+16	1.51684e+16	2.78588e+16	3.09705e+17	4.54043e+17	3.67553	3.52549	3.52549	3.52549	3.52549	3.52549	3.52549	3.52549	3.52549	3.52549	3.52549	3.49357	3.19255	4.68986	4.68986	
174014	6.85756e+17	2.78718e+17	1.21968e+17	7.717e+16	1.5434e+17	2.3151e+17	3.0868e+17	3.8585e+17	4.6302e+17	5.4019e+17	6.1736e+17	6.92618e+17	7.51631e+17	3.35206e+17	8.60032e+15	6.16129e+15	5.63296e+15	2.465e+15	1.55962e+15	3.11925e+15	4.67887e+15	6.2385e+15	7.79812e+15	9.35775e+15	1.09174e+16	1.2477e+16	1.51724e+16	2.78726e+16	3.09705e+17	4.54043e+17	3.67707	3.52726	3.52726	3.52726	3.52726	3.52726	3.52726	3.52726	3.52726	3.52726	3.52726	3.4953	3.19433	4.68986	4.68986	
174265	6.85756e+17	2.78718e+17	1.21968e+17	7.71701e+16	1.5434e+17	2.3151e+17	3.0868e+17	3.8585e+17	4.6302e+17	5.40191e+17	6.17361e+17	6.92612e+17	7.51609e+17	3.35206e+17	8.60032e+15	6.16118e+15	5.63283e+15	2.46494e+15	1.55959e+15	3.11918e+15	4.67876e+15	6.23835e+15	7.79794e+15	9.35753e+15	1.09171e+16	1.24767e+16	1.51764e+16	2.78865e+16	3.09705e+17	4.54043e+17	3.6786	3.52903	3.52903	3.52903	3.52903	3.52903	3.52903	3.52903	3.52903	3.52903	3.52903	3.49703	3.19611	4.68986	4.68986	
174517	6.85756e+17	2.78719e+17	1.21968e+17	7.71701e+16	1.5434e+17	2.3151e+17	3.08681e+17	3.85851e+17	4.63021e+17	5.40191e+17	6.17361e+17	6.92605e+17	7.51586e+17	3.35206e+17	8.60032e+15	6.16108e+15	5.6327e+15	2.46488e+15	1.55955e+15	3.1191e+15	4.67865e+15	6.2382e+15	7.79776e+15	9.35731e+15	1.09169e+16	1.24764e+16	1.51804e+16	2.79005e+16	3.09705e+17	4.54043e+17	3.68013	3.53079	3.53079	3.53079	3.53079	3.53079	3.53079	3.53079	3.53079	3.53079	3.53079	3.49876	3.1979	4.68986	4.68986	
174769	6.85756e+17	2.78719e+17	1.21968e+17	7.71702e+16	1.5434e+17	2.31511e+17	3.08681e+17	3.85851e+17	4.63021e+17	5.40191e+17	6.17362e+17	6.92599e+17	7.51563e+17	3.35206e+17	8.60032e+15	6.16097e+15	5.63256e+15	2.46482e+15	1.55951e+15	3.11903e+15	4.67854e+15	6.23806e+15	7.79757e+15	9.35709e+15	1.09166e+16	1.24761e+16	1.51844e+16	2.79146e+16	3.09705e+17	4.54043e+17	3.68166	3.53256	3.53256	3.53256	3.53256	3.53256	3.53256	3.53256	3.53256	3.53256	3.53256	3.50049	3.19968	4.68986	4.68986	
175020	6.85756e+17	2.78719e+17	1.21968e+17	7.71703e+16	1.54341e+17	2.31511e+17	3.08681e+17	3.85851e+17	4.63022e+17	5.40192e+17	6.17362e+17	6.92592e+17	7.5154e+17	3.35206e+17	8.60032e+15	6.16087e+15	5.63243e+15	2.46477e+15	1.55948e+15	3.11896e+15	4.67843e+15	6.23791e+15	7.79739e+15	9.35687e+15	1.09163e+16	1.24758e+16	1.51884e+16	2.79288e+16	3.09705e+17	4.54043e+17	3.68318	3.53432	3.53432	3.53432	3.53432	3.53432	3.53432	3.53432	3.53432	3.53432	3.53432	3.50221	3.20146	4.68986	4.68986	
175272	6.85756e+17	2.78719e+17	1.21968e+17	7.71703e+16	1.54341e+17	2.31511e+17	3.08681e+17	3.85852e+17	4.63022e+17	5.40192e+17	6.17363e+17	6.92586e+17	7.51517e+17	3.35206e+17	8.60032e+15	6.16077e+15	5.6323e+15	2.46471e+15	1.55944e+15	3.11888e+15	4.67833e+15	6.23777e+15	7.79721e+15	9.35665e+15	1.09161e+16	1.24755e+16	1.51924e+16	2.79431e+16	3.09705e+17	4.54043e+17	3.6847	3.53607	3.53607	3.53607	3.53607	3.53607	3.53607	3.53607	3.53607	3.53607	3.53607	3.50393	3.20324	4.68986	4.68986	
175524	6.85757e+17	2.78719e+17	1.21968e+17	7.71704e+16	1.54341e+17	2.31511e+17	3.08682e+17	3.85852e+17	4.63022e+17	5.40193e+17	6.17363e+17	6.92579e+17	7.51494e+17	3.35206e+17	8.60032e+15	6.16067e+15	5.63217e+15	2.46465e+15	1.55941e+15	3.11881e+15	4.67822e+15	6.23762e+15	7.79703e+15	9.35644e+15	1.09158e+16	1.24752e+16	1.51964e+16	2.79575e+16	3.09705e+17	4.54043e+17	3.68623	3.53783	3.53783	3.53783	3.53783	3.53783	3.53783	3.53783	3.53783	3.53783	3.53783	3.50565	3.20501	4.68986	4.68986	
175776	6.85757e+17	2.7872e+17	1.21968e+17	7.71704e+16	1.54341e+17	2.31511e+17	3.08682e+17	3.85852e+17	4.63023e+17	5.40193e+17	6.17363e+17	6.92573e+17	7.51471e+17	3.35206e+17	8.60032e+15	6.16056e+15	5.63204e+15	2.4646e+15	1.55937e+15	3.11874e+15	4.67811e+15	6.23748e+15	7.79685e+15	9.35622e+15	1.09156e+16	1.2475e+16	1.52004e+16	2.79719e+16	3.09705e+17	4.54043e+17	3.68775	3.53958	3.53958	3.53958	3.53958	3.53958	3.53958	3.53958	3.53958	3.53958	3.53958	3.50737	3.20679	4.68986	4.68986	
176028	6.85757e+17	2.7872e+17	1.21969e+17	7.71705e+16	1.54341e+17	2.31511e+17	3.08682e+17	3.85852e+17	4.63023e+17	5.40193e+17	6.17364e+17	6.92566e+17	7.51447e+17	3.35206e+17	8.60032e+15	6.16046e+15	5.63191e+15	2.46454e+15	1.55933e+15	3.11867e+15	4.678e+15	6.23734e+15	7.79667e+15	9.356e+15	1.09153e+16	1.24747e+16	1.52043e+16	2.79865e+16	3.09705e+17	4.54043e+17	3.68926	3.54133	3.54133	3.54133	3.54133	3.54133	3.54133	3.54133	3.54133	3.54133	3.54133	3.50908	3.20857	4.68986	4.68986	
176279	6.85757e+17	2.7872e+17	1.21969e+17	7.71706e+16	1.54341e+17	2.31512e+17	3.08682e+17	3.85853e+17	4.63023e+17	5.40194e+17	6.17364e+17	6.9256e+17	7.51424e+17	3.35206e+17	8.60032e+15	6.16036e+15	5.63178e+15	2.46448e+15	1.5593e+15	3.1186e+15	4.67789e+15	6.23719e+15	7.79649e+15	9.35579e+15	1.09151e+16	1.24744e+16	1.52083e+16	2.80011e+16	3.09705e+17	4.54043e+17	3.69077	3.54308	3.54308	3.54308	3.54308	3.54308	3.54308	3.54308	3.54308	3.54308	3.54308	3.51079	3.21034	4.68986	4.68986	
176531	6.85757e+17	2.7872e+17	1.21969e+17	7.71706e+16	1.54341e+17	2.31512e+17	3.08682e+17	3.85853e+17	4.63024e+17	5.40194e+17	6.17365e+17	6.92553e+17	7.514e+17	3.35206e+17	8.60032e+15	6.16026e+15	5.63165e+15	2.46443e+15	1.55926e+15	3.11853e+15	4.67779e+15	6.23705e+15	7.79631e+15	9.35558e+15	1.09148e+16	1.24741e+16	1.52123e+16	2.80158e+16	3.09705e+17	4.54043e+17	3.69229	3.54482	3.54482	3.54482	3.54482	3.54482	3.54482	3.54482	3.54482	3.54482	3.54482	3.5125	3.21211	4.68986	4.68986	
176782	6.85758e+17	2.78721e+17	1.21969e+17	7.71707e+16	1.54341e+17	2.31512e+17	3.08683e+17	3.85853e+17	4.63024e+17	5.40195e+17	6.17365e+17	6.92547e+17	7.51376e+17	3.35206e+17	8.60032e+15	6.16016e+15	5.63153e+15	2.46437e+15	1.55923e+15	3.11845e+15	4.67768e+15	6.23691e+15	7.79614e+15	9.35536e+15	1.09146e+16	1.24738e+16	1.52163e+16	2.80306e+16	3.09705e+17	4.54043e+17	3.69379	3.54656	3.54656	3.54656	3.54656	3.54656	3.54656	3.54656	3.54656	3.54656	3.54656	3.51421	3.21388	4.68986	4.68986	
177034	6.85758e+17	2.78721e+17	1.21969e+17	7.71707e+16	1.54341e+17	2.31512e+17	3.08683e+17	3.85854e+17	4.63024e+17	5.40195e+17	6.17366e+17	6.9254e+17	7.51352e+17	3.35206e+17	8.60032e+15	6.16006e+15	5.6314e+15	2.46431e+15	1.55919e+15	3.11838e+15	4.67758e+15	6.23677e+15	7.79596e+15	9.35515e+15	1.09143e+16	1.24735e+16	1.52202e+16	2.80455e+16	3.09705e+17	4.54043e+17	3.6953	3.5483	3.5483	3.5483	3.5483	3.5483	3.5483	3.5483	3.5483	3.5483	3.5483	3.51591	3.21565	4.68986	4.68986	
177286	6.85758e+17	2.78721e+17	1.21969e+17	7.71708e+16	1.54342e+17	2.31512e+17	3.08683e+17	3.85854e+17	4.63025e+17	5.40195e+17	6.17366e+17	6.92534e+17	7.51328e+17	3.35206e+17	8.60032e+15	6.15996e+15	5.63127e+15	2.46426e+15	1.55916e+15	3.11831e+15	4.67747e+15	6.23663e+15	7.79578e+15	9.35494e+15	1.09141e+16	1.24733e+16	1.52242e+16	2.80605e+16	3.09705e+17	4.54043e+17	3.69681	3.55004	3.55004	3.55004	3.55004	3.55004	3.55004	3.55004	3.55004	3.55004	3.55004	3.51762	3.21742	4.68986	4.68986	
177538	6.85758e+17	2.78721e+17	1.21969e+17	7.71708e+16	1.54342e+17	2.31513e+17	3.08683e+17	3.85854e+17	4.63025e+17	5.40196e+17	6.17367e+17	6.92527e+17	7.51304e+17	3.35206e+17	8.60032e+15	6.15986e+15	5.63114e+15	2.4642e+15	1.55912e+15	3.11824e+15	4.67736e+15	6.23649e+15	7.79561e+15	9.35473e+15	1.09138e+16	1.2473e+16	1.52282e+16	2.80755e+16	3.09705e+17	4.54043e+17	3.69831	3.55177	3.55177	3.55177	3.55177	3.55177	3.55177	3.55177	3.55177	3.55177	3.55177	3.51931	3.21918	4.68986	4.68986	
177789	6.85758e+17	2.78721e+17	1.21969e+17	7.71709e+16	1.54342e+17	2.31513e+17	3.08684e+17	3.85854e+17	4.63025e+17	5.40196e+17	6.17367e+17	6.92521e+17	7.5128e+17	3.35206e+17	8.60032e+15	6.15976e+15	5.63102e+15	2.46415e+15	1.55909e+15	3.11817e+15	4.67726e+15	6.23635e+15	7.79543e+15	9.35452e+15	1.09136e+16	1.24727e+16	1.52321e+16	2.80906e+16	3.09705e+17	4.54043e+17	3.69981	3.5535	3.5535	3.5535	3.5535	3.5535	3.5535	3.5535	3.5535	3.5535	3.5535	3.52101	3.22094	4.68986	4.68986	
178041	6.85759e+17	2.78722e+17	1.21969e+17	7.7171e+16	1.54342e+17	2.31513e+17	3.08684e+17	3.85855e+17	4.63026e+17	5.40197e+17	6.17368e+17	6.92514e+17	7.51255e+17	3.35206e+17	8.60032e+15	6.15966e+15	5.63089e+15	2.46409e+15	1.55905e+15	3.1181e+15	4.67715e+15	6.23621e+15	7.79526e+15	9.35431e+15	1.09134e+16	1.24724e+16	1.52361e+16	2.81057e+16	3.09705e+17	4.54043e+17	3.70131	3.55523	3.55523	3.55523	3.55523	3.55523	3.55523	3.55523	3.55523	3.55523	3.55523	3.52271	3.22271	4.68986	4.68986	
178294	6.85759e+17	2.78722e+17	1.21969e+17	7.7171e+16	1.54342e+17	2.31513e+17	3.08684e+17	3.85855e+17	4.63026e+17	5.40197e+17	6.17368e+17	6.92508e+17	7.51231e+17	3.35206e+17	8.60032e+15	6.15956e+15	5.63077e+15	2.46404e+15	1.55902e+15	3.11803e+15	4.67705e+15	6.23607e+15	7.79508e+15	9.3541e+15	1.09131e+16	1.24721e+16	1.524e+16	2.8121e+16	3.09705e+17	4.54043e+17	3.7028	3.55696	3.55696	3.55696	3.55696	3.55696	3.55696	3.55696	3.55696	3.55696	3.55696	3.5244	3.22447	4.68986	4.68986	
178545	6.85759e+17	2.78722e+17	1.21969e+17	7.71711e+16	1.54342e+17	2.31513e+17	3.08684e+17	3.85855e+17	4.63026e+17	5.40197e+17	6.17368e+17	6.92501e+17	7.51206e+17	3.35206e+17	8.60032e+15	6.15947e+15	5.63064e+15	2.46398e+15	1.55898e+15	3.11796e+15	4.67695e+15	6.23593e+15	7.79491e+15	9.35389e+15	1.09129e+16	1.24719e+16	1.5244e+16	2.81363e+16	3.09705e+17	4.54043e+17	3.70429	3.55868	3.55868	3.55868	3.55868	3.55868	3.55868	3.55868	3.55868	3.55868	3.55868	3.52609	3.22623	4.68986	4.68986	
178797	6.85759e+17	2.78722e+17	1.2197e+17	7.71711e+16	1.54342e+17	2.31513e+17	3.08684e+17	3.85856e+17	4.63027e+17	5.40198e+17	6.17369e+17	6.92495e+17	7.51181e+17	3.35206e+17	8.60032e+15	6.15937e+15	5.63052e+15	2.46393e+15	1.55895e+15	3.1179e+15	4.67684e+15	6.23579e+15	7.79474e+15	9.35369e+15	1.09126e+16	1.24716e+16	1.52479e+16	2.81516e+16	3.09705e+17	4.54043e+17	3.70578	3.56039	3.56039	3.56039	3.56039	3.56039	3.56039	3.56039	3.56039	3.56039	3.56039	3.52778	3.22799	4.68986	4.68986	
179049	6.85759e+17	2.78722e+17	1.2197e+17	7.71712e+16	1.54342e+17	2.31514e+17	3.08685e+17	3.85856e+17	4.63027e+17	5.40198e+17	6.17369e+17	6.92489e+17	7.51157e+17	3.35206e+17	8.60032e+15	6.15927e+15	5.63039e+15	2.46387e+15	1.55891e+15	3.11783e+15	4.67674e+15	6.23565e+15	7.79457e+15	9.35348e+15	1.09124e+16	1.24713e+16	1.52519e+16	2.81671e+16	3.09705e+17	4.54043e+17	3.70727	3.56211	3.56211	3.56211	3.56211	3.56211	3.56211	3.56211	3.56211	3.56211	3.56211	3.52946	3.22975	4.68986	4.68986	
179301	6.85759e+17	2.78723e+17	1.2197e+17	7.71712e+16	1.54342e+17	2.31514e+17	3.08685e+17	3.85856e+17	4.63027e+17	5.40199e+17	6.1737e+17	6.92482e+17	7.51132e+17	3.35206e+17	8.60032e+15	6.15917e+15	5.63027e+15	2.46382e+15	1.55888e+15	3.11776e+15	4.67664e+15	6.23552e+15	7.79439e+15	9.35327e+15	1.09122e+16	1.2471e+16	1.52558e+16	2.81826e+16	3.09705e+17	4.54043e+17	3.70876	3.56383	3.56383	3.56383	3.56383	3.56383	3.56383	3.56383	3.56383	3.56383	3.56383	3.53115	3.2315	4.68986	4.68986	
179553	6.8576e+17	2.78723e+17	1.2197e+17	7.71713e+16	1.54343e+17	2.31514e+17	3.08685e+17	3.85856e+17	4.63028e+17	5.40199e+17	6.1737e+17	6.92476e+17	7.51107e+17	3.35206e+17	8.60032e+15	6.15908e+15	5.63014e+15	2.46377e+15	1.55884e+15	3.11769e+15	4.67653e+15	6.23538e+15	7.79422e+15	9.35307e+15	1.09119e+16	1.24708e+16	1.52598e+16	2.81981e+16	3.09705e+17	4.54043e+17	3.71025	3.56554	3.56554	3.56554	3.56554	3.56554	3.56554	3.56554	3.56554	3.56554	3.56554	3.53283	3.23326	4.68986	4.68986	
179804	6.8576e+17	2.78723e+17	1.2197e+17	7.71713e+16	1.54343e+17	2.31514e+17	3.08685e+17	3.85857e+17	4.63028e+17	5.40199e+17	6.17371e+17	6.92469e+17	7.51081e+17	3.35206e+17	8.60032e+15	6.15898e+15	5.63002e+15	2.46371e+15	1.55881e+15	3.11762e+15	4.67643e+15	6.23524e+15	7.79405e+15	9.35287e+15	1.09117e+16	1.24705e+16	1.52637e+16	2.82137e+16	3.09705e+17	4.54043e+17	3.71173	3.56725	3.56725	3.56725	3.56725	3.56725	3.56725	3.56725	3.56725	3.56725	3.56725	3.5345	3.23501	4.68986	4.68986	
180056	6.8576e+17	2.78723e+17	1.2197e+17	7.71714e+16	1.54343e+17	2.31514e+17	3.08686e+17	3.85857e+17	4.63028e+17	5.402e+17	6.17371e+17	6.92463e+17	7.51056e+17	3.35206e+17	8.60032e+15	6.15889e+15	5.6299e+15	2.46366e+15	1.55878e+15	3.11755e+15	4.67633e+15	6.23511e+15	7.79389e+15	9.35266e+15	1.09114e+16	1.24702e+16	1.52676e+16	2.82294e+16	3.09705e+17	4.54043e+17	3.71321	3.56896	3.56896	3.56896	3.56896	3.56896	3.56896	3.56896	3.56896	3.56896	3.56896	3.53618	3.23676	4.68986	4.68986	
180308	6.8576e+17	2.78723e+17	1.2197e+17	7.71714e+16	1.54343e+17	2.31514e+17	3.08686e+17	3.85857e+17	4.63029e+17	5.402e+17	6.17372e+17	6.92456e+17	7.51031e+17	3.35206e+17	8.60032e+15	6.15879e+15	5.62978e+15	2.46361e+15	1.55874e+15	3.11749e+15	4.67623e+15	6.23497e+15	7.79372e+15	9.35246e+15	1.09112e+16	1.24699e+16	1.52715e+16	2.82451e+16	3.09705e+17	4.54043e+17	3.71468	3.57066	3.57066	3.57066	3.57066	3.57066	3.57066	3.57066	3.57066	3.57066	3.57066	3.53785	3.2385	4.68986	4.68986	
180560	6.8576e+17	2.78724e+17	1.2197e+17	7.71715e+16	1.54343e+17	2.31515e+17	3.08686e+17	3.85858e+17	4.63029e+17	5.40201e+17	6.17372e+17	6.9245e+17	7.51006e+17	3.35206e+17	8.60032e+15	6.1587e+15	5.62966e+15	2.46355e+15	1.55871e+15	3.11742e+15	4.67613e+15	6.23484e+15	7.79355e+15	9.35226e+15	1.0911e+16	1.24697e+16	1.52755e+16	2.82608e+16	3.09705e+17	4.54043e+17	3.71616	3.57236	3.57236	3.57236	3.57236	3.57236	3.57236	3.57236	3.57236	3.57236	3.57236	3.53952	3.24025	4.68986	4.68986	
180812	6.8576e+17	2.78724e+17	1.2197e+17	7.71716e+16	1.54343e+17	2.31515e+17	3.08686e+17	3.85858e+17	4.63029e+17	5.40201e+17	6.17372e+17	6.92444e+17	7.5098e+17	3.35206e+17	8.60032e+15	6.1586e+15	5.62954e+15	2.4635e+15	1.55868e+15	3.11735e+15	4.67603e+15	6.2347e+15	7.79338e+15	9.35206e+15	1.09107e+16	1.24694e+16	1.52794e+16	2.82767e+16	3.09705e+17	4.54043e+17	3.71763	3.57406	3.57406	3.57406	3.57406	3.57406	3.57406	3.57406	3.57406	3.57406	3.57406	3.54119	3.242	4.68986	4.68986	
181064	6.85761e+17	2.78724e+17	1.2197e+17	7.71716e+16	1.54343e+17	2.31515e+17	3.08686e+17	3.85858e+17	4.6303e+17	5.40201e+17	6.17373e+17	6.92437e+17	7.50955e+17	3.35206e+17	8.60032e+15	6.15851e+15	5.62941e+15	2.46345e+15	1.55864e+15	3.11729e+15	4.67593e+15	6.23457e+15	7.79321e+15	9.35186e+15	1.09105e+16	1.24691e+16	1.52833e+16	2.82925e+16	3.09705e+17	4.54043e+17	3.7191	3.57576	3.57576	3.57576	3.57576	3.57576	3.57576	3.57576	3.57576	3.57576	3.57576	3.54286	3.24374	4.68986	4.68986	
181315	6.85761e+17	2.78724e+17	1.2197e+17	7.71717e+16	1.54343e+17	2.31515e+17	3.08687e+17	3.85858e+17	4.6303e+17	5.40202e+17	6.17373e+17	6.92431e+17	7.50929e+17	3.35206e+17	8.60032e+15	6.15842e+15	5.62929e+15	2.46339e+15	1.55861e+15	3.11722e+15	4.67583e+15	6.23444e+15	7.79305e+15	9.35166e+15	1.09103e+16	1.24689e+16	1.52872e+16	2.83084e+16	3.09705e+17	4.54043e+17	3.72057	3.57745	3.57745	3.57745	3.57745	3.57745	3.57745	3.57745	3.57745	3.57745	3.57745	3.54452	3.24548	4.68986	4.68986	
181567	6.85761e+17	2.78724e+17	1.2197e+17	7.71717e+16	1.54343e+17	2.31515e+17	3.08687e+17	3.85859e+17	4.6303e+17	5.40202e+17	6.17374e+17	6.92425e+17	7.50903e+17	3.35206e+17	8.60032e+15	6.15832e+15	5.62917e+15	2.46334e+15	1.55858e+15	3.11715e+15	4.67573e+15	6.23431e+15	7.79288e+15	9.35146e+15	1.091e+16	1.24686e+16	1.52911e+16	2.83244e+16	3.09705e+17	4.54043e+17	3.72204	3.57914	3.57914	3.57914	3.57914	3.57914	3.57914	3.57914	3.57914	3.57914	3.57914	3.54618	3.24722	4.68986	4.68986	
181820	6.85761e+17	2.78724e+17	1.21971e+17	7.71718e+16	1.54344e+17	2.31515e+17	3.08687e+17	3.85859e+17	4.63031e+17	5.40202e+17	6.17374e+17	6.92418e+17	7.50877e+17	3.35206e+17	8.60032e+15	6.15823e+15	5.62906e+15	2.46329e+15	1.55854e+15	3.11709e+15	4.67563e+15	6.23417e+15	7.79272e+15	9.35126e+15	1.09098e+16	1.24683e+16	1.52951e+16	2.83405e+16	3.09705e+17	4.54043e+17	3.7235	3.58083	3.58083	3.58083	3.58083	3.58083	3.58083	3.58083	3.58083	3.58083	3.58083	3.54785	3.24896	4.68986	4.68986	
182071	6.85761e+17	2.78725e+17	1.21971e+17	7.71718e+16	1.54344e+17	2.31515e+17	3.08687e+17	3.85859e+17	4.63031e+17	5.40203e+17	6.17375e+17	6.92412e+17	7.50852e+17	3.35206e+17	8.60032e+15	6.15814e+15	5.62894e+15	2.46324e+15	1.55851e+15	3.11702e+15	4.67553e+15	6.23404e+15	7.79255e+15	9.35106e+15	1.09096e+16	1.24681e+16	1.5299e+16	2.83565e+16	3.09705e+17	4.54043e+17	3.72496	3.58252	3.58252	3.58252	3.58252	3.58252	3.58252	3.58252	3.58252	3.58252	3.58252	3.5495	3.2507	4.68986	4.68986	
182323	6.85761e+17	2.78725e+17	1.21971e+17	7.71719e+16	1.54344e+17	2.31516e+17	3.08688e+17	3.85859e+17	4.63031e+17	5.40203e+17	6.17375e+17	6.92405e+17	7.50826e+17	3.35206e+17	8.60032e+15	6.15805e+15	5.62882e+15	2.46319e+15	1.55848e+15	3.11696e+15	4.67543e+15	6.23391e+15	7.79239e+15	9.35087e+15	1.09093e+16	1.24678e+16	1.53029e+16	2.83726e+16	3.09705e+17	4.54043e+17	3.72642	3.5842	3.5842	3.5842	3.5842	3.5842	3.5842	3.5842	3.5842	3.5842	3.5842	3.55115	3.25243	4.68986	4.68986	
182575	6.85762e+17	2.78725e+17	1.21971e+17	7.71719e+16	1.54344e+17	2.31516e+17	3.08688e+17	3.8586e+17	4.63032e+17	5.40204e+17	6.17375e+17	6.92399e+17	7.508e+17	3.35206e+17	8.60032e+15	6.15795e+15	5.6287e+15	2.46313e+15	1.55844e+15	3.11689e+15	4.67533e+15	6.23378e+15	7.79222e+15	9.35067e+15	1.09091e+16	1.24676e+16	1.53068e+16	2.83887e+16	3.09705e+17	4.54043e+17	3.72788	3.58588	3.58588	3.58588	3.58588	3.58588	3.58588	3.58588	3.58588	3.58588	3.58588	3.55281	3.25416	4.68986	4.68986	
182827	6.85762e+17	2.78725e+17	1.21971e+17	7.7172e+16	1.54344e+17	2.31516e+17	3.08688e+17	3.8586e+17	4.63032e+17	5.40204e+17	6.17376e+17	6.92393e+17	7.50774e+17	3.35206e+17	8.60032e+15	6.15786e+15	5.62858e+15	2.46308e+15	1.55841e+15	3.11682e+15	4.67524e+15	6.23365e+15	7.79206e+15	9.35047e+15	1.09089e+16	1.24673e+16	1.53107e+16	2.84049e+16	3.09705e+17	4.54043e+17	3.72934	3.58756	3.58756	3.58756	3.58756	3.58756	3.58756	3.58756	3.58756	3.58756	3.58756	3.55446	3.2559	4.68986	4.68986	
183080	6.85762e+17	2.78725e+17	1.21971e+17	7.7172e+16	1.54344e+17	2.31516e+17	3.08688e+17	3.8586e+17	4.63032e+17	5.40204e+17	6.17376e+17	6.92386e+17	7.50748e+17	3.35206e+17	8.60032e+15	6.15777e+15	5.62847e+15	2.46303e+15	1.55838e+15	3.11676e+15	4.67514e+15	6.23352e+15	7.7919e+15	9.35028e+15	1.09087e+16	1.2467e+16	1.53146e+16	2.84211e+16	3.09705e+17	4.54043e+17	3.73079	3.58924	3.58924	3.58924	3.58924	3.58924	3.58924	3.58924	3.58924	3.58924	3.58924	3.55611	3.25763	4.68986	4.68986	
183331	6.85762e+17	2.78726e+17	1.21971e+17	7.71721e+16	1.54344e+17	2.31516e+17	3.08688e+17	3.8586e+17	4.63033e+17	5.40205e+17	6.17377e+17	6.9238e+17	7.50722e+17	3.35206e+17	8.60032e+15	6.15768e+15	5.62835e+15	2.46298e+15	1.55835e+15	3.1167e+15	4.67504e+15	6.23339e+15	7.79174e+15	9.35009e+15	1.09084e+16	1.24668e+16	1.53184e+16	2.84374e+16	3.09705e+17	4.54043e+17	3.73224	3.59091	3.59091	3.59091	3.59091	3.59091	3.59091	3.59091	3.59091	3.59091	3.59091	3.55775	3.25935	4.68986	4.68986	
183583	6.85762e+17	2.78726e+17	1.21971e+17	7.71721e+16	1.54344e+17	2.31516e+17	3.08689e+17	3.85861e+17	4.63033e+17	5.40205e+17	6.17377e+17	6.92374e+17	7.50695e+17	3.35206e+17	8.60032e+15	6.15759e+15	5.62823e+15	2.46293e+15	1.55832e+15	3.11663e+15	4.67495e+15	6.23326e+15	7.79158e+15	9.34989e+15	1.09082e+16	1.24665e+16	1.53223e+16	2.84537e+16	3.09705e+17	4.54043e+17	3.73369	3.59258	3.59258	3.59258	3.59258	3.59258	3.59258	3.59258	3.59258	3.59258	3.59258	3.55939	3.26108	4.68986	4.68986	
183835	6.85762e+17	2.78726e+17	1.21971e+17	7.71722e+16	1.54344e+17	2.31517e+17	3.08689e+17	3.85861e+17	4.63033e+17	5.40205e+17	6.17378e+17	6.92367e+17	7.50669e+17	3.35206e+17	8.60032e+15	6.1575e+15	5.62812e+15	2.46288e+15	1.55828e+15	3.11657e+15	4.67485e+15	6.23313e+15	7.79142e+15	9.3497e+15	1.0908e+16	1.24663e+16	1.53262e+16	2.847e+16	3.09705e+17	4.54043e+17	3.73513	3.59424	3.59424	3.59424	3.59424	3.59424	3.59424	3.59424	3.59424	3.59424	3.59424	3.56103	3.2628	4.68986	4.68986	
184087	6.85763e+17	2.78726e+17	1.21971e+17	7.71722e+16	1.54344e+17	2.31517e+17	3.08689e+17	3.85861e+17	4.63033e+17	5.40206e+17	6.17378e+17	6.92361e+17	7.50643e+17	3.35206e+17	8.60032e+15	6.15741e+15	5.628e+15	2.46283e+15	1.55825e+15	3.1165e+15	4.67475e+15	6.23301e+15	7.79126e+15	9.34951e+15	1.09078e+16	1.2466e+16	1.53301e+16	2.84864e+16	3.09705e+17	4.54043e+17	3.73658	3.59591	3.59591	3.59591	3.59591	3.59591	3.59591	3.59591	3.59591	3.59591	3.59591	3.56267	3.26452	4.68986	4.68986	
184339	6.85763e+17	2.78726e+17	1.21971e+17	7.71723e+16	1.54345e+17	2.31517e+17	3.08689e+17	3.85861e+17	4.63034e+17	5.40206e+17	6.17378e+17	6.92355e+17	7.50616e+17	3.35206e+17	8.60032e+15	6.15732e+15	5.62789e+15	2.46278e+15	1.55822e+15	3.11644e+15	4.67466e+15	6.23288e+15	7.7911e+15	9.34932e+15	1.09075e+16	1.24658e+16	1.5334e+16	2.85028e+16	3.09705e+17	4.54043e+17	3.73802	3.59757	3.59757	3.59757	3.59757	3.59757	3.59757	3.59757	3.59757	3.59757	3.59757	3.56431	3.26625	4.68986	4.68986	
184591	6.85763e+17	2.78727e+17	1.21971e+17	7.71723e+16	1.54345e+17	2.31517e+17	3.08689e+17	3.85862e+17	4.63034e+17	5.40206e+17	6.17379e+17	6.92348e+17	7.5059e+17	3.35206e+17	8.60032e+15	6.15724e+15	5.62777e+15	2.46273e+15	1.55819e+15	3.11638e+15	4.67456e+15	6.23275e+15	7.79094e+15	9.34913e+15	1.09073e+16	1.24655e+16	1.53378e+16	2.85192e+16	3.09705e+17	4.54043e+17	3.73946	3.59923	3.59923	3.59923	3.59923	3.59923	3.59923	3.59923	3.59923	3.59923	3.59923	3.56594	3.26796	4.68986	4.68986	
184843	6.85763e+17	2.78727e+17	1.21972e+17	7.71724e+16	1.54345e+17	2.31517e+17	3.0869e+17	3.85862e+17	4.63034e+17	5.40207e+17	6.17379e+17	6.92342e+17	7.50563e+17	3.35206e+17	8.60032e+15	6.15715e+15	5.62766e+15	2.46268e+15	1.55816e+15	3.11631e+15	4.67447e+15	6.23263e+15	7.79078e+15	9.34894e+15	1.09071e+16	1.24653e+16	1.53417e+16	2.85356e+16	3.09705e+17	4.54043e+17	3.7409	3.60089	3.60089	3.60089	3.60089	3.60089	3.60089	3.60089	3.60089	3.60089	3.60089	3.56757	3.26968	4.68986	4.68986	
185095	6.85763e+17	2.78727e+17	1.21972e+17	7.71724e+16	1.54345e+17	2.31517e+17	3.0869e+17	3.85862e+17	4.63035e+17	5.40207e+17	6.1738e+17	6.92336e+17	7.50537e+17	3.35206e+17	8.60032e+15	6.15706e+15	5.62754e+15	2.46263e+15	1.55812e+15	3.11625e+15	4.67437e+15	6.2325e+15	7.79062e+15	9.34875e+15	1.09069e+16	1.2465e+16	1.53456e+16	2.85522e+16	3.09705e+17	4.54043e+17	3.74233	3.60255	3.60255	3.60255	3.60255	3.60255	3.60255	3.60255	3.60255	3.60255	3.60255	3.5692	3.2714	4.68986	4.68986	
185347	6.85763e+17	2.78727e+17	1.21972e+17	7.71725e+16	1.54345e+17	2.31517e+17	3.0869e+17	3.85862e+17	4.63035e+17	5.40207e+17	6.1738e+17	6.9233e+17	7.5051e+17	3.35206e+17	8.60032e+15	6.15697e+15	5.62743e+15	2.46258e+15	1.55809e+15	3.11619e+15	4.67428e+15	6.23237e+15	7.79047e+15	9.34856e+15	1.09067e+16	1.24647e+16	1.53495e+16	2.85687e+16	3.09705e+17	4.54043e+17	3.74377	3.6042	3.6042	3.6042	3.6042	3.6042	3.6042	3.6042	3.6042	3.6042	3.6042	3.57083	3.27311	4.68986	4.68986	
185599	6.85764e+17	2.78727e+17	1.21972e+17	7.71725e+16	1.54345e+17	2.31518e+17	3.0869e+17	3.85863e+17	4.63035e+17	5.40208e+17	6.1738e+17	6.92323e+17	7.50484e+17	3.35206e+17	8.60032e+15	6.15689e+15	5.62732e+15	2.46253e+15	1.55806e+15	3.11612e+15	4.67419e+15	6.23225e+15	7.79031e+15	9.34837e+15	1.09064e+16	1.24645e+16	1.53533e+16	2.85852e+16	3.09705e+17	4.54043e+17	3.7452	3.60585	3.60585	3.60585	3.60585	3.60585	3.60585	3.60585	3.60585	3.60585	3.60585	3.57245	3.27482	4.68986	4.68986	
185851	6.85764e+17	2.78727e+17	1.21972e+17	7.71726e+16	1.54345e+17	2.31518e+17	3.0869e+17	3.85863e+17	4.63036e+17	5.40208e+17	6.17381e+17	6.92317e+17	7.50457e+17	3.35206e+17	8.60032e+15	6.1568e+15	5.62721e+15	2.46248e+15	1.55803e+15	3.11606e+15	4.67409e+15	6.23212e+15	7.79016e+15	9.34819e+15	1.09062e+16	1.24642e+16	1.53572e+16	2.86018e+16	3.09705e+17	4.54043e+17	3.74663	3.60749	3.60749	3.60749	3.60749	3.60749	3.60749	3.60749	3.60749	3.60749	3.60749	3.57407	3.27653	4.68986	4.68986	
186103	6.85764e+17	2.78728e+17	1.21972e+17	7.71726e+16	1.54345e+17	2.31518e+17	3.08691e+17	3.85863e+17	4.63036e+17	5.40209e+17	6.17381e+17	6.92311e+17	7.5043e+17	3.35206e+17	8.60032e+15	6.15671e+15	5.62709e+15	2.46243e+15	1.558e+15	3.116e+15	4.674e+15	6.232e+15	7.79e+15	9.348e+15	1.0906e+16	1.2464e+16	1.5361e+16	2.86184e+16	3.09705e+17	4.54043e+17	3.74805	3.60914	3.60914	3.60914	3.60914	3.60914	3.60914	3.60914	3.60914	3.60914	3.60914	3.57569	3.27824	4.68986	4.68986	
186356	6.85764e+17	2.78728e+17	1.21972e+17	7.71727e+16	1.54345e+17	2.31518e+17	3.08691e+17	3.85863e+17	4.63036e+17	5.40209e+17	6.17382e+17	6.92304e+17	7.50403e+17	3.35206e+17	8.60032e+15	6.15663e+15	5.62698e+15	2.46238e+15	1.55797e+15	3.11594e+15	4.67391e+15	6.23188e+15	7.78985e+15	9.34781e+15	1.09058e+16	1.24638e+16	1.53649e+16	2.86351e+16	3.09705e+17	4.54043e+17	3.74948	3.61079	3.61079	3.61079	3.61079	3.61079	3.61079	3.61079	3.61079	3.61079	3.61079	3.57731	3.27995	4.68986	4.68986	
186608	6.85764e+17	2.78728e+17	1.21972e+17	7.71727e+16	1.54345e+17	2.31518e+17	3.08691e+17	3.85864e+17	4.63036e+17	5.40209e+17	6.17382e+17	6.92298e+17	7.50377e+17	3.35206e+17	8.60032e+15	6.15654e+15	5.62687e+15	2.46233e+15	1.55794e+15	3.11588e+15	4.67381e+15	6.23175e+15	7.78969e+15	9.34763e+15	1.09056e+16	1.24635e+16	1.53687e+16	2.86518e+16	3.09705e+17	4.54043e+17	3.7509	3.61243	3.61243	3.61243	3.61243	3.61243	3.61243	3.61243	3.61243	3.61243	3.61243	3.57893	3.28165	4.68986	4.68986	
186860	6.85764e+17	2.78728e+17	1.21972e+17	7.71728e+16	1.54346e+17	2.31518e+17	3.08691e+17	3.85864e+17	4.63037e+17	5.4021e+17	6.17382e+17	6.92292e+17	7.5035e+17	3.35206e+17	8.60032e+15	6.15646e+15	5.62676e+15	2.46228e+15	1.55791e+15	3.11582e+15	4.67372e+15	6.23163e+15	7.78954e+15	9.34745e+15	1.09054e+16	1.24633e+16	1.53726e+16	2.86684e+16	3.09705e+17	4.54043e+17	3.75232	3.61406	3.61406	3.61406	3.61406	3.61406	3.61406	3.61406	3.61406	3.61406	3.61406	3.58054	3.28335	4.68986	4.68986	
187112	6.85764e+17	2.78728e+17	1.21972e+17	7.71728e+16	1.54346e+17	2.31519e+17	3.08691e+17	3.85864e+17	4.63037e+17	5.4021e+17	6.17383e+17	6.92286e+17	7.50323e+17	3.35206e+17	8.60032e+15	6.15637e+15	5.62665e+15	2.46224e+15	1.55788e+15	3.11575e+15	4.67363e+15	6.23151e+15	7.78939e+15	9.34726e+15	1.09051e+16	1.2463e+16	1.53764e+16	2.86851e+16	3.09705e+17	4.54043e+17	3.75374	3.6157	3.6157	3.6157	3.6157	3.6157	3.6157	3.6157	3.6157	3.6157	3.6157	3.58215	3.28505	4.68986	4.68986	
187363	6.85765e+17	2.78729e+17	1.21972e+17	7.71729e+16	1.54346e+17	2.31519e+17	3.08692e+17	3.85864e+17	4.63037e+17	5.4021e+17	6.17383e+17	6.92279e+17	7.50296e+17	3.35206e+17	8.60032e+15	6.15629e+15	5.62654e+15	2.46219e+15	1.55785e+15	3.11569e+15	4.67354e+15	6.23139e+15	7.78923e+15	9.34708e+15	1.09049e+16	1.24628e+16	1.53803e+16	2.87018e+16	3.09705e+17	4.54043e+17	3.75515	3.61733	3.61733	3.61733	3.61733	3.61733	3.61733	3.61733	3.61733	3.61733	3.61733	3.58376	3.28674	4.68986	4.68986	
187616	6.85765e+17	2.78729e+17	1.21972e+17	7.71729e+16	1.54346e+17	2.31519e+17	3.08692e+17	3.85865e+17	4.63038e+17	5.40211e+17	6.17384e+17	6.92273e+17	7.50269e+17	3.35206e+17	8.60032e+15	6.1562e+15	5.62643e+15	2.46214e+15	1.55782e+15	3.11563e+15	4.67345e+15	6.23127e+15	7.78908e+15	9.3469e+15	1.09047e+16	1.24625e+16	1.53841e+16	2.87186e+16	3.09705e+17	4.54043e+17	3.75657	3.61896	3.61896	3.61896	3.61896	3.61896	3.61896	3.61896	3.61896	3.61896	3.61896	3.58536	3.28844	4.68986	4.68986	
187868	6.85765e+17	2.78729e+17	1.21972e+17	7.7173e+16	1.54346e+17	2.31519e+17	3.08692e+17	3.85865e+17	4.63038e+17	5.40211e+17	6.17384e+17	6.92267e+17	7.50242e+17	3.35206e+17	8.60032e+15	6.15612e+15	5.62632e+15	2.46209e+15	1.55779e+15	3.11557e+15	4.67336e+15	6.23114e+15	7.78893e+15	9.34672e+15	1.09045e+16	1.24623e+16	1.53879e+16	2.87354e+16	3.09705e+17	4.54043e+17	3.75798	3.62059	3.62059	3.62059	3.62059	3.62059	3.62059	3.62059	3.62059	3.62059	3.62059	3.58697	3.29014	4.68986	4.68986	
188120	6.85765e+17	2.78729e+17	1.21973e+17	7.7173e+16	1.54346e+17	2.31519e+17	3.08692e+17	3.85865e+17	4.63038e+17	5.40211e+17	6.17384e+17	6.92261e+17	7.50215e+17	3.35206e+17	8.60032e+15	6.15604e+15	5.62621e+15	2.46204e+15	1.55776e+15	3.11551e+15	4.67327e+15	6.23102e+15	7.78878e+15	9.34654e+15	1.09043e+16	1.2462e+16	1.53918e+16	2.87522e+16	3.09705e+17	4.54043e+17	3.75939	3.62221	3.62221	3.62221	3.62221	3.62221	3.62221	3.62221	3.62221	3.62221	3.62221	3.58857	3.29183	4.68986	4.68986	
188372	6.85765e+17	2.78729e+17	1.21973e+17	7.71731e+16	1.54346e+17	2.31519e+17	3.08692e+17	3.85865e+17	4.63039e+17	5.40212e+17	6.17385e+17	6.92254e+17	7.50188e+17	3.35206e+17	8.60032e+15	6.15595e+15	5.6261e+15	2.462e+15	1.55773e+15	3.11545e+15	4.67318e+15	6.2309e+15	7.78863e+15	9.34636e+15	1.09041e+16	1.24618e+16	1.53956e+16	2.8769e+16	3.09705e+17	4.54043e+17	3.7608	3.62383	3.62383	3.62383	3.62383	3.62383	3.62383	3.62383	3.62383	3.62383	3.62383	3.59017	3.29352	4.68986	4.68986	
188624	6.85765e+17	2.78729e+17	1.21973e+17	7.71731e+16	1.54346e+17	2.31519e+17	3.08693e+17	3.85866e+17	4.63039e+17	5.40212e+17	6.17385e+17	6.92248e+17	7.50161e+17	3.35206e+17	8.60032e+15	6.15587e+15	5.626e+15	2.46195e+15	1.5577e+15	3.11539e+15	4.67309e+15	6.23078e+15	7.78848e+15	9.34618e+15	1.09039e+16	1.24616e+16	1.53994e+16	2.87859e+16	3.09705e+17	4.54043e+17	3.7622	3.62545	3.62545	3.62545	3.62545	3.62545	3.62545	3.62545	3.62545	3.62545	3.62545	3.59177	3.29521	4.68986	4.68986	
188877	6.85766e+17	2.7873e+17	1.21973e+17	7.71732e+16	1.54346e+17	2.3152e+17	3.08693e+17	3.85866e+17	4.63039e+17	5.40212e+17	6.17386e+17	6.92242e+17	7.50134e+17	3.35206e+17	8.60032e+15	6.15579e+15	5.62589e+15	2.4619e+15	1.55767e+15	3.11533e+15	4.673e+15	6.23067e+15	7.78833e+15	9.346e+15	1.09037e+16	1.24613e+16	1.54032e+16	2.88028e+16	3.09705e+17	4.54043e+17	3.76361	3.62707	3.62707	3.62707	3.62707	3.62707	3.62707	3.62707	3.62707	3.62707	3.62707	3.59336	3.2969	4.68986	4.68986	
189129	6.85766e+17	2.7873e+17	1.21973e+17	7.71732e+16	1.54346e+17	2.3152e+17	3.08693e+17	3.85866e+17	4.63039e+17	5.40213e+17	6.17386e+17	6.92236e+17	7.50107e+17	3.35206e+17	8.60032e+15	6.15571e+15	5.62578e+15	2.46186e+15	1.55764e+15	3.11527e+15	4.67291e+15	6.23055e+15	7.78818e+15	9.34582e+15	1.09035e+16	1.24611e+16	1.5407e+16	2.88196e+16	3.09705e+17	4.54043e+17	3.76501	3.62868	3.62868	3.62868	3.62868	3.62868	3.62868	3.62868	3.62868	3.62868	3.62868	3.59495	3.29858	4.68986	4.68986	
189381	6.85766e+17	2.7873e+17	1.21973e+17	7.71733e+16	1.54347e+17	2.3152e+17	3.08693e+17	3.85866e+17	4.6304e+17	5.40213e+17	6.17386e+17	6.9223e+17	7.5008e+17	3.35206e+17	8.60032e+15	6.15563e+15	5.62567e+15	2.46181e+15	1.55761e+15	3.11521e+15	4.67282e+15	6.23043e+15	7.78804e+15	9.34564e+15	1.09032e+16	1.24609e+16	1.54109e+16	2.88365e+16	3.09705e+17	4.54043e+17	3.76641	3.6303	3.6303	3.6303	3.6303	3.6303	3.6303	3.6303	3.6303	3.6303	3.6303	3.59654	3.30026	4.68986	4.68986	
189633	6.85766e+17	2.7873e+17	1.21973e+17	7.71733e+16	1.54347e+17	2.3152e+17	3.08693e+17	3.85867e+17	4.6304e+17	5.40213e+17	6.17387e+17	6.92223e+17	7.50052e+17	3.35206e+17	8.60032e+15	6.15554e+15	5.62557e+15	2.46176e+15	1.55758e+15	3.11516e+15	4.67273e+15	6.23031e+15	7.78789e+15	9.34547e+15	1.0903e+16	1.24606e+16	1.54147e+16	2.88534e+16	3.09705e+17	4.54043e+17	3.7678	3.63191	3.63191	3.63191	3.63191	3.63191	3.63191	3.63191	3.63191	3.63191	3.63191	3.59813	3.30195	4.68986	4.68986	
189886	6.85766e+17	2.7873e+17	1.21973e+17	7.71734e+16	1.54347e+17	2.3152e+17	3.08694e+17	3.85867e+17	4.6304e+17	5.40214e+17	6.17387e+17	6.92217e+17	7.50025e+17	3.35206e+17	8.60032e+15	6.15546e+15	5.62546e+15	2.46172e+15	1.55755e+15	3.1151e+15	4.67264e+15	6.23019e+15	7.78774e+15	9.34529e+15	1.09028e+16	1.24604e+16	1.54185e+16	2.88704e+16	3.09705e+17	4.54043e+17	3.7692	3.63352	3.63352	3.63352	3.63352	3.63352	3.63352	3.63352	3.63352	3.63352	3.63352	3.59972	3.30363	4.68986	4.68986	
190138	6.85766e+17	2.7873e+17	1.21973e+17	7.71734e+16	1.54347e+17	2.3152e+17	3.08694e+17	3.85867e+17	4.63041e+17	5.40214e+17	6.17387e+17	6.92211e+17	7.49998e+17	3.35206e+17	8.60032e+15	6.15538e+15	5.62536e+15	2.46167e+15	1.55752e+15	3.11504e+15	4.67256e+15	6.23008e+15	7.7876e+15	9.34511e+15	1.09026e+16	1.24602e+16	1.54223e+16	2.88874e+16	3.09705e+17	4.54043e+17	3.77059	3.63512	3.63512	3.63512	3.63512	3.63512	3.63512	3.63512	3.63512	3.63512	3.63512	3.6013	3.3053	4.68986	4.68986	
190390	6.85766e+17	2.78731e+17	1.21973e+17	7.71735e+16	1.54347e+17	2.3152e+17	3.08694e+17	3.85867e+17	4.63041e+17	5.40214e+17	6.17388e+17	6.92205e+17	7.49971e+17	3.35206e+17	8.60032e+15	6.1553e+15	5.62525e+15	2.46162e+15	1.55749e+15	3.11498e+15	4.67247e+15	6.22996e+15	7.78745e+15	9.34494e+15	1.09024e+16	1.24599e+16	1.54261e+16	2.89043e+16	3.09705e+17	4.54043e+17	3.77198	3.63672	3.63672	3.63672	3.63672	3.63672	3.63672	3.63672	3.63672	3.63672	3.63672	3.60288	3.30698	4.68986	4.68986	
190642	6.85767e+17	2.78731e+17	1.21973e+17	7.71735e+16	1.54347e+17	2.31521e+17	3.08694e+17	3.85868e+17	4.63041e+17	5.40215e+17	6.17388e+17	6.92199e+17	7.49943e+17	3.35206e+17	8.60032e+15	6.15522e+15	5.62515e+15	2.46158e+15	1.55746e+15	3.11492e+15	4.67238e+15	6.22984e+15	7.78731e+15	9.34477e+15	1.09022e+16	1.24597e+16	1.54299e+16	2.89213e+16	3.09705e+17	4.54043e+17	3.77337	3.63832	3.63832	3.63832	3.63832	3.63832	3.63832	3.63832	3.63832	3.63832	3.63832	3.60446	3.30865	4.68986	4.68986	
190894	6.85767e+17	2.78731e+17	1.21973e+17	7.71736e+16	1.54347e+17	2.31521e+17	3.08694e+17	3.85868e+17	4.63041e+17	5.40215e+17	6.17389e+17	6.92192e+17	7.49916e+17	3.35206e+17	8.60032e+15	6.15514e+15	5.62504e+15	2.46153e+15	1.55743e+15	3.11486e+15	4.6723e+15	6.22973e+15	7.78716e+15	9.34459e+15	1.0902e+16	1.24595e+16	1.54337e+16	2.89382e+16	3.09705e+17	4.54043e+17	3.77475	3.63992	3.63992	3.63992	3.63992	3.63992	3.63992	3.63992	3.63992	3.63992	3.63992	3.60603	3.31032	4.68986	4.68986	
191146	6.85767e+17	2.78731e+17	1.21973e+17	7.71736e+16	1.54347e+17	2.31521e+17	3.08694e+17	3.85868e+17	4.63042e+17	5.40215e+17	6.17389e+17	6.92186e+17	7.49889e+17	3.35206e+17	8.60032e+15	6.15507e+15	5.62494e+15	2.46149e+15	1.5574e+15	3.11481e+15	4.67221e+15	6.22961e+15	7.78702e+15	9.34442e+15	1.09018e+16	1.24592e+16	1.54375e+16	2.89553e+16	3.09705e+17	4.54043e+17	3.77614	3.64152	3.64152	3.64152	3.64152	3.64152	3.64152	3.64152	3.64152	3.64152	3.64152	3.60761	3.31199	4.68986	4.68986	
191399	6.85767e+17	2.78731e+17	1.21974e+17	7.71737e+16	1.54347e+17	2.31521e+17	3.08695e+17	3.85868e+17	4.63042e+17	5.40216e+17	6.17389e+17	6.9218e+17	7.49861e+17	3.35206e+17	8.60032e+15	6.15499e+15	5.62484e+15	2.46144e+15	1.55737e+15	3.11475e+15	4.67212e+15	6.2295e+15	7.78687e+15	9.34425e+15	1.09016e+16	1.2459e+16	1.54413e+16	2.89723e+16	3.09705e+17	4.54043e+17	3.77752	3.64311	3.64311	3.64311	3.64311	3.64311	3.64311	3.64311	3.64311	3.64311	3.64311	3.60918	3.31366	4.68986	4.68986	
191651	6.85767e+17	2.78731e+17	1.21974e+17	7.71737e+16	1.54347e+17	2.31521e+17	3.08695e+17	3.85869e+17	4.63042e+17	5.40216e+17	6.1739e+17	6.92174e+17	7.49834e+17	3.35206e+17	8.60032e+15	6.15491e+15	5.62473e+15	2.4614e+15	1.55735e+15	3.11469e+15	4.67204e+15	6.22939e+15	7.78673e+15	9.34408e+15	1.09014e+16	1.24588e+16	1.54451e+16	2.89893e+16	3.09705e+17	4.54043e+17	3.7789	3.6447	3.6447	3.6447	3.6447	3.6447	3.6447	3.6447	3.6447	3.6447	3.6447	3.61075	3.31532	4.68986	4.68986	
191903	6.85767e+17	2.78732e+17	1.21974e+17	7.71737e+16	1.54347e+17	2.31521e+17	3.08695e+17	3.85869e+17	4.63042e+17	5.40216e+17	6.1739e+17	6.92168e+17	7.49806e+17	3.35206e+17	8.60032e+15	6.15483e+15	5.62463e+15	2.46135e+15	1.55732e+15	3.11464e+15	4.67195e+15	6.22927e+15	7.78659e+15	9.34391e+15	1.09012e+16	1.24585e+16	1.54488e+16	2.90064e+16	3.09705e+17	4.54043e+17	3.78028	3.64629	3.64629	3.64629	3.64629	3.64629	3.64629	3.64629	3.64629	3.64629	3.64629	3.61232	3.31699	4.68986	4.68986	
192155	6.85767e+17	2.78732e+17	1.21974e+17	7.71738e+16	1.54348e+17	2.31521e+17	3.08695e+17	3.85869e+17	4.63043e+17	5.40217e+17	6.1739e+17	6.92162e+17	7.49779e+17	3.35206e+17	8.60032e+15	6.15475e+15	5.62453e+15	2.46131e+15	1.55729e+15	3.11458e+15	4.67187e+15	6.22916e+15	7.78645e+15	9.34374e+15	1.0901e+16	1.24583e+16	1.54526e+16	2.90234e+16	3.09705e+17	4.54043e+17	3.78166	3.64787	3.64787	3.64787	3.64787	3.64787	3.64787	3.64787	3.64787	3.64787	3.64787	3.61389	3.31865	4.68986	4.68986	
192408	6.85768e+17	2.78732e+17	1.21974e+17	7.71738e+16	1.54348e+17	2.31522e+17	3.08695e+17	3.85869e+17	4.63043e+17	5.40217e+17	6.17391e+17	6.92155e+17	7.49752e+17	3.35206e+17	8.60032e+15	6.15468e+15	5.62443e+15	2.46126e+15	1.55726e+15	3.11452e+15	4.67178e+15	6.22905e+15	7.78631e+15	9.34357e+15	1.09008e+16	1.24581e+16	1.54564e+16	2.90405e+16	3.09705e+17	4.54043e+17	3.78303	3.64946	3.64946	3.64946	3.64946	3.64946	3.64946	3.64946	3.64946	3.64946	3.64946	3.61545	3.32031	4.68986	4.68986	
192660	6.85768e+17	2.78732e+17	1.21974e+17	7.71739e+16	1.54348e+17	2.31522e+17	3.08696e+17	3.85869e+17	4.63043e+17	5.40217e+17	6.17391e+17	6.92149e+17	7.49724e+17	3.35206e+17	8.60032e+15	6.1546e+15	5.62432e+15	2.46122e+15	1.55723e+15	3.11447e+15	4.6717e+15	6.22893e+15	7.78617e+15	9.3434e+15	1.09006e+16	1.24579e+16	1.54602e+16	2.90576e+16	3.09705e+17	4.54043e+17	3.7844	3.65104	3.65104	3.65104	3.65104	3.65104	3.65104	3.65104	3.65104	3.65104	3.65104	3.61701	3.32197	4.68986	4.68986	
192912	6.85768e+17	2.78732e+17	1.21974e+17	7.71739e+16	1.54348e+17	2.31522e+17	3.08696e+17	3.8587e+17	4.63044e+17	5.40218e+17	6.17391e+17	6.92143e+17	7.49697e+17	3.35206e+17	8.60032e+15	6.15452e+15	5.62422e+15	2.46117e+15	1.55721e+15	3.11441e+15	4.67162e+15	6.22882e+15	7.78603e+15	9.34323e+15	1.09004e+16	1.24576e+16	1.54639e+16	2.90747e+16	3.09705e+17	4.54043e+17	3.78577	3.65261	3.65261	3.65261	3.65261	3.65261	3.65261	3.65261	3.65261	3.65261	3.65261	3.61857	3.32362	4.68986	4.68986	
193164	6.85768e+17	2.78732e+17	1.21974e+17	7.7174e+16	1.54348e+17	2.31522e+17	3.08696e+17	3.8587e+17	4.63044e+17	5.40218e+17	6.17392e+17	6.92137e+17	7.49669e+17	3.35206e+17	8.60032e+15	6.15445e+15	5.62412e+15	2.46113e+15	1.55718e+15	3.11435e+15	4.67153e+15	6.22871e+15	7.78589e+15	9.34306e+15	1.09002e+16	1.24574e+16	1.54677e+16	2.90918e+16	3.09705e+17	4.54043e+17	3.78714	3.65419	3.65419	3.65419	3.65419	3.65419	3.65419	3.65419	3.65419	3.65419	3.65419	3.62013	3.32528	4.68986	4.68986	
193417	6.85768e+17	2.78733e+17	1.21974e+17	7.7174e+16	1.54348e+17	2.31522e+17	3.08696e+17	3.8587e+17	4.63044e+17	5.40218e+17	6.17392e+17	6.92131e+17	7.49642e+17	3.35206e+17	8.60032e+15	6.15437e+15	5.62402e+15	2.46109e+15	1.55715e+15	3.1143e+15	4.67145e+15	6.2286e+15	7.78575e+15	9.3429e+15	1.09e+16	1.24572e+16	1.54715e+16	2.91089e+16	3.09705e+17	4.54043e+17	3.78851	3.65577	3.65577	3.65577	3.65577	3.65577	3.65577	3.65577	3.65577	3.65577	3.65577	3.62168	3.32693	4.68986	4.68986	
193669	6.85768e+17	2.78733e+17	1.21974e+17	7.71741e+16	1.54348e+17	2.31522e+17	3.08696e+17	3.8587e+17	4.63044e+17	5.40218e+17	6.17393e+17	6.92125e+17	7.49614e+17	3.35206e+17	8.60032e+15	6.1543e+15	5.62392e+15	2.46104e+15	1.55712e+15	3.11424e+15	4.67137e+15	6.22849e+15	7.78561e+15	9.34273e+15	1.08999e+16	1.2457e+16	1.54752e+16	2.91261e+16	3.09705e+17	4.54043e+17	3.78987	3.65734	3.65734	3.65734	3.65734	3.65734	3.65734	3.65734	3.65734	3.65734	3.65734	3.62324	3.32858	4.68986	4.68986	
193921	6.85768e+17	2.78733e+17	1.21974e+17	7.71741e+16	1.54348e+17	2.31522e+17	3.08696e+17	3.85871e+17	4.63045e+17	5.40219e+17	6.17393e+17	6.92119e+17	7.49586e+17	3.35206e+17	8.60032e+15	6.15422e+15	5.62382e+15	2.461e+15	1.55709e+15	3.11419e+15	4.67128e+15	6.22838e+15	7.78547e+15	9.34257e+15	1.08997e+16	1.24568e+16	1.5479e+16	2.91432e+16	3.09705e+17	4.54043e+17	3.79123	3.6589	3.6589	3.6589	3.6589	3.6589	3.6589	3.6589	3.6589	3.6589	3.6589	3.62478	3.33023	4.68986	4.68986	
194174	6.85768e+17	2.78733e+17	1.21974e+17	7.71742e+16	1.54348e+17	2.31522e+17	3.08697e+17	3.85871e+17	4.63045e+17	5.40219e+17	6.17393e+17	6.92112e+17	7.49559e+17	3.35206e+17	8.60032e+15	6.15415e+15	5.62372e+15	2.46096e+15	1.55707e+15	3.11413e+15	4.6712e+15	6.22827e+15	7.78533e+15	9.3424e+15	1.08995e+16	1.24565e+16	1.54827e+16	2.91603e+16	3.09705e+17	4.54043e+17	3.79259	3.66047	3.66047	3.66047	3.66047	3.66047	3.66047	3.66047	3.66047	3.66047	3.66047	3.62633	3.33187	4.68986	4.68986	
194426	6.85769e+17	2.78733e+17	1.21974e+17	7.71742e+16	1.54348e+17	2.31523e+17	3.08697e+17	3.85871e+17	4.63045e+17	5.40219e+17	6.17394e+17	6.92106e+17	7.49531e+17	3.35206e+17	8.60032e+15	6.15407e+15	5.62362e+15	2.46091e+15	1.55704e+15	3.11408e+15	4.67112e+15	6.22816e+15	7.7852e+15	9.34224e+15	1.08993e+16	1.24563e+16	1.54865e+16	2.91775e+16	3.09705e+17	4.54043e+17	3.79394	3.66203	3.66203	3.66203	3.66203	3.66203	3.66203	3.66203	3.66203	3.66203	3.66203	3.62788	3.33351	4.68986	4.68986	
194678	6.85769e+17	2.78733e+17	1.21974e+17	7.71742e+16	1.54348e+17	2.31523e+17	3.08697e+17	3.85871e+17	4.63045e+17	5.4022e+17	6.17394e+17	6.921e+17	7.49504e+17	3.35206e+17	8.60032e+15	6.154e+15	5.62353e+15	2.46087e+15	1.55701e+15	3.11402e+15	4.67104e+15	6.22805e+15	7.78506e+15	9.34207e+15	1.08991e+16	1.24561e+16	1.54903e+16	2.91946e+16	3.09705e+17	4.54043e+17	3.7953	3.66359	3.66359	3.66359	3.66359	3.66359	3.66359	3.66359	3.66359	3.66359	3.66359	3.62942	3.33516	4.68986	4.68986	
194931	6.85769e+17	2.78734e+17	1.21975e+17	7.71743e+16	1.54349e+17	2.31523e+17	3.08697e+17	3.85871e+17	4.63046e+17	5.4022e+17	6.17394e+17	6.92094e+17	7.49476e+17	3.35206e+17	8.60032e+15	6.15392e+15	5.62343e+15	2.46083e+15	1.55699e+15	3.11397e+15	4.67096e+15	6.22794e+15	7.78493e+15	9.34191e+15	1.08989e+16	1.24559e+16	1.5494e+16	2.92118e+16	3.09705e+17	4.54043e+17	3.79666	3.66515	3.66515	3.66515	3.66515	3.66515	3.66515	3.66515	3.66515	3.66515	3.66515	3.63096	3.3368	4.68986	4.68986	
195183	6.85769e+17	2.78734e+17	1.21975e+17	7.71743e+16	1.54349e+17	2.31523e+17	3.08697e+17	3.85872e+17	4.63046e+17	5.4022e+17	6.17395e+17	6.92088e+17	7.49449e+17	3.35206e+17	8.60032e+15	6.15385e+15	5.62333e+15	2.46078e+15	1.55696e+15	3.11392e+15	4.67087e+15	6.22783e+15	7.78479e+15	9.34175e+15	1.08987e+16	1.24557e+16	1.54977e+16	2.9229e+16	3.09705e+17	4.54043e+17	3.79801	3.66671	3.66671	3.66671	3.66671	3.66671	3.66671	3.66671	3.66671	3.66671	3.66671	3.6325	3.33844	4.68986	4.68986	
195435	6.85769e+17	2.78734e+17	1.21975e+17	7.71744e+16	1.54349e+17	2.31523e+17	3.08697e+17	3.85872e+17	4.63046e+17	5.40221e+17	6.17395e+17	6.92082e+17	7.49421e+17	3.35206e+17	8.60032e+15	6.15378e+15	5.62323e+15	2.46074e+15	1.55693e+15	3.11386e+15	4.67079e+15	6.22773e+15	7.78466e+15	9.34159e+15	1.08985e+16	1.24555e+16	1.55015e+16	2.92462e+16	3.09705e+17	4.54043e+17	3.79935	3.66826	3.66826	3.66826	3.66826	3.66826	3.66826	3.66826	3.66826	3.66826	3.66826	3.63404	3.34007	4.68986	4.68986	
195688	6.85769e+17	2.78734e+17	1.21975e+17	7.71744e+16	1.54349e+17	2.31523e+17	3.08698e+17	3.85872e+17	4.63047e+17	5.40221e+17	6.17395e+17	6.92076e+17	7.49393e+17	3.35206e+17	8.60032e+15	6.1537e+15	5.62314e+15	2.4607e+15	1.5569e+15	3.11381e+15	4.67071e+15	6.22762e+15	7.78452e+15	9.34143e+15	1.08983e+16	1.24552e+16	1.55052e+16	2.92634e+16	3.09705e+17	4.54043e+17	3.8007	3.66982	3.66982	3.66982	3.66982	3.66982	3.66982	3.66982	3.66982	3.66982	3.66982	3.63557	3.34171	4.68986	4.68986	
195940	6.85769e+17	2.78734e+17	1.21975e+17	7.71745e+16	1.54349e+17	2.31523e+17	3.08698e+17	3.85872e+17	4.63047e+17	5.40221e+17	6.17396e+17	6.9207e+17	7.49366e+17	3.35206e+17	8.60032e+15	6.15363e+15	5.62304e+15	2.46066e+15	1.55688e+15	3.11376e+15	4.67063e+15	6.22751e+15	7.78439e+15	9.34127e+15	1.08981e+16	1.2455e+16	1.5509e+16	2.92806e+16	3.09705e+17	4.54043e+17	3.80205	3.67137	3.67137	3.67137	3.67137	3.67137	3.67137	3.67137	3.67137	3.67137	3.67137	3.63711	3.34334	4.68986	4.68986	
196192	6.8577e+17	2.78734e+17	1.21975e+17	7.71745e+16	1.54349e+17	2.31524e+17	3.08698e+17	3.85873e+17	4.63047e+17	5.40222e+17	6.17396e+17	6.92064e+17	7.49338e+17	3.35206e+17	8.60032e+15	6.15356e+15	5.62294e+15	2.46061e+15	1.55685e+15	3.1137e+15	4.67055e+15	6.2274e+15	7.78426e+15	9.34111e+15	1.0898e+16	1.24548e+16	1.55127e+16	2.92978e+16	3.09705e+17	4.54043e+17	3.80339	3.67291	3.67291	3.67291	3.67291	3.67291	3.67291	3.67291	3.67291	3.67291	3.67291	3.63864	3.34497	4.68986	4.68986	
196445	6.8577e+17	2.78735e+17	1.21975e+17	7.71745e+16	1.54349e+17	2.31524e+17	3.08698e+17	3.85873e+17	4.63047e+17	5.40222e+17	6.17396e+17	6.92058e+17	7.4931e+17	3.35206e+17	8.60032e+15	6.15349e+15	5.62285e+15	2.46057e+15	1.55682e+15	3.11365e+15	4.67047e+15	6.2273e+15	7.78412e+15	9.34095e+15	1.08978e+16	1.24546e+16	1.55164e+16	2.9315e+16	3.09705e+17	4.54043e+17	3.80473	3.67446	3.67446	3.67446	3.67446	3.67446	3.67446	3.67446	3.67446	3.67446	3.67446	3.64016	3.3466	4.68986	4.68986	
196697	6.8577e+17	2.78735e+17	1.21975e+17	7.71746e+16	1.54349e+17	2.31524e+17	3.08698e+17	3.85873e+17	4.63048e+17	5.40222e+17	6.17397e+17	6.92052e+17	7.49283e+17	3.35206e+17	8.60032e+15	6.15342e+15	5.62275e+15	2.46053e+15	1.5568e+15	3.1136e+15	4.67039e+15	6.22719e+15	7.78399e+15	9.34079e+15	1.08976e+16	1.24544e+16	1.55201e+16	2.93322e+16	3.09705e+17	4.54043e+17	3.80607	3.676	3.676	3.676	3.676	3.676	3.676	3.676	3.676	3.676	3.676	3.64169	3.34823	4.68986	4.68986	
196950	6.8577e+17	2.78735e+17	1.21975e+17	7.71746e+16	1.54349e+17	2.31524e+17	3.08699e+17	3.85873e+17	4.63048e+17	5.40222e+17	6.17397e+17	6.92046e+17	7.49255e+17	3.35206e+17	8.60032e+15	6.15335e+15	5.62266e+15	2.46049e+15	1.55677e+15	3.11354e+15	4.67032e+15	6.22709e+15	7.78386e+15	9.34063e+15	1.08974e+16	1.24542e+16	1.55239e+16	2.93495e+16	3.09705e+17	4.54043e+17	3.80741	3.67754	3.67754	3.67754	3.67754	3.67754	3.67754	3.67754	3.67754	3.67754	3.67754	3.64322	3.34985	4.68986	4.68986	
197203	6.8577e+17	2.78735e+17	1.21975e+17	7.71747e+16	1.54349e+17	2.31524e+17	3.08699e+17	3.85873e+17	4.63048e+17	5.40223e+17	6.17397e+17	6.92039e+17	7.49227e+17	3.35206e+17	8.60032e+15	6.15328e+15	5.62256e+15	2.46045e+15	1.55675e+15	3.11349e+15	4.67024e+15	6.22698e+15	7.78373e+15	9.34047e+15	1.08972e+16	1.2454e+16	1.55276e+16	2.93667e+16	3.09705e+17	4.54043e+17	3.80874	3.67908	3.67908	3.67908	3.67908	3.67908	3.67908	3.67908	3.67908	3.67908	3.67908	3.64474	3.35148	4.68986	4.68986	
197455	6.8577e+17	2.78735e+17	1.21975e+17	7.71747e+16	1.54349e+17	2.31524e+17	3.08699e+17	3.85874e+17	4.63048e+17	5.40223e+17	6.17398e+17	6.92033e+17	7.49199e+17	3.35206e+17	8.60032e+15	6.1532e+15	5.62247e+15	2.46041e+15	1.55672e+15	3.11344e+15	4.67016e+15	6.22688e+15	7.7836e+15	9.34032e+15	1.0897e+16	1.24538e+16	1.55313e+16	2.93839e+16	3.09705e+17	4.54043e+17	3.81007	3.68061	3.68061	3.68061	3.68061	3.68061	3.68061	3.68061	3.68061	3.68061	3.68061	3.64626	3.35309	4.68986	4.68986	
197707	6.8577e+17	2.78735e+17	1.21975e+17	7.71748e+16	1.5435e+17	2.31524e+17	3.08699e+17	3.85874e+17	4.63049e+17	5.40223e+17	6.17398e+17	6.92027e+17	7.49172e+17	3.35206e+17	8.60032e+15	6.15313e+15	5.62238e+15	2.46037e+15	1.55669e+15	3.11339e+15	4.67008e+15	6.22677e+15	7.78347e+15	9.34016e+15	1.08969e+16	1.24535e+16	1.5535e+16	2.94012e+16	3.09705e+17	4.54043e+17	3.8114	3.68215	3.68215	3.68215	3.68215	3.68215	3.68215	3.68215	3.68215	3.68215	3.68215	3.64777	3.35471	4.68986	4.68986	
197959	6.8577e+17	2.78735e+17	1.21975e+17	7.71748e+16	1.5435e+17	2.31524e+17	3.08699e+17	3.85874e+17	4.63049e+17	5.40224e+17	6.17398e+17	6.92021e+17	7.49144e+17	3.35206e+17	8.60032e+15	6.15307e+15	5.62228e+15	2.46033e+15	1.55667e+15	3.11334e+15	4.67e+15	6.22667e+15	7.78334e+15	9.34001e+15	1.08967e+16	1.24533e+16	1.55387e+16	2.94184e+16	3.09705e+17	4.54043e+17	3.81273	3.68367	3.68367	3.68367	3.68367	3.68367	3.68367	3.68367	3.68367	3.68367	3.68367	3.64929	3.35633	4.68986	4.68986	
198212	6.85771e+17	2.78736e+17	1.21975e+17	7.71748e+16	1.5435e+17	2.31525e+17	3.08699e+17	3.85874e+17	4.63049e+17	5.40224e+17	6.17399e+17	6.92015e+17	7.49116e+17	3.35206e+17	8.60032e+15	6.153e+15	5.62219e+15	2.46028e+15	1.55664e+15	3.11328e+15	4.66993e+15	6.22657e+15	7.78321e+15	9.33985e+15	1.08965e+16	1.24531e+16	1.55424e+16	2.94357e+16	3.09705e+17	4.54043e+17	3.81406	3.6852	3.6852	3.6852	3.6852	3.6852	3.6852	3.6852	3.6852	3.6852	3.6852	3.6508	3.35794	4.68986	4.68986	
198464	6.85771e+17	2.78736e+17	1.21975e+17	7.71749e+16	1.5435e+17	2.31525e+17	3.087e+17	3.85874e+17	4.63049e+17	5.40224e+17	6.17399e+17	6.92009e+17	7.49089e+17	3.35206e+17	8.60032e+15	6.15293e+15	5.6221e+15	2.46024e+15	1.55662e+15	3.11323e+15	4.66985e+15	6.22647e+15	7.78308e+15	9.3397e+15	1.08963e+16	1.24529e+16	1.55461e+16	2.94529e+16	3.09705e+17	4.54043e+17	3.81539	3.68673	3.68673	3.68673	3.68673	3.68673	3.68673	3.68673	3.68673	3.68673	3.68673	3.65231	3.35956	4.68986	4.68986	
198717	6.85771e+17	2.78736e+17	1.21976e+17	7.71749e+16	1.5435e+17	2.31525e+17	3.087e+17	3.85875e+17	4.6305e+17	5.40224e+17	6.17399e+17	6.92003e+17	7.49061e+17	3.35206e+17	8.60032e+15	6.15286e+15	5.622e+15	2.4602e+15	1.55659e+15	3.11318e+15	4.66977e+15	6.22636e+15	7.78295e+15	9.33955e+15	1.08961e+16	1.24527e+16	1.55498e+16	2.94702e+16	3.09705e+17	4.54043e+17	3.81671	3.68825	3.68825	3.68825	3.68825	3.68825	3.68825	3.68825	3.68825	3.68825	3.68825	3.65382	3.36117	4.68986	4.68986	
198969	6.85771e+17	2.78736e+17	1.21976e+17	7.7175e+16	1.5435e+17	2.31525e+17	3.087e+17	3.85875e+17	4.6305e+17	5.40225e+17	6.174e+17	6.91997e+17	7.49033e+17	3.35206e+17	8.60032e+15	6.15279e+15	5.62191e+15	2.46016e+15	1.55657e+15	3.11313e+15	4.6697e+15	6.22626e+15	7.78283e+15	9.33939e+15	1.0896e+16	1.24525e+16	1.55535e+16	2.94874e+16	3.09705e+17	4.54043e+17	3.81803	3.68977	3.68977	3.68977	3.68977	3.68977	3.68977	3.68977	3.68977	3.68977	3.68977	3.65533	3.36278	4.68986	4.68986	
199222	6.85771e+17	2.78736e+17	1.21976e+17	7.7175e+16	1.5435e+17	2.31525e+17	3.087e+17	3.85875e+17	4.6305e+17	5.40225e+17	6.174e+17	6.91991e+17	7.49005e+17	3.35206e+17	8.60032e+15	6.15272e+15	5.62182e+15	2.46012e+15	1.55654e+15	3.11308e+15	4.66962e+15	6.22616e+15	7.7827e+15	9.33924e+15	1.08958e+16	1.24523e+16	1.55572e+16	2.95047e+16	3.09705e+17	4.54043e+17	3.81935	3.69129	3.69129	3.69129	3.69129	3.69129	3.69129	3.69129	3.69129	3.69129	3.69129	3.65683	3.36438	4.68986	4.68986	
199475	6.85771e+17	2.78736e+17	1.21976e+17	7.7175e+16	1.5435e+17	2.31525e+17	3.087e+17	3.85875e+17	4.6305e+17	5.40225e+17	6.174e+17	6.91985e+17	7.48977e+17	3.35206e+17	8.60032e+15	6.15265e+15	5.62173e+15	2.46008e+15	1.55651e+15	3.11303e+15	4.66954e+15	6.22606e+15	7.78257e+15	9.33909e+15	1.08956e+16	1.24521e+16	1.55609e+16	2.9522e+16	3.09705e+17	4.54043e+17	3.82067	3.69281	3.69281	3.69281	3.69281	3.69281	3.69281	3.69281	3.69281	3.69281	3.69281	3.65834	3.36599	4.68986	4.68986	
199727	6.85771e+17	2.78736e+17	1.21976e+17	7.71751e+16	1.5435e+17	2.31525e+17	3.087e+17	3.85875e+17	4.63051e+17	5.40226e+17	6.17401e+17	6.91979e+17	7.4895e+17	3.35206e+17	8.60032e+15	6.15259e+15	5.62164e+15	2.46004e+15	1.55649e+15	3.11298e+15	4.66947e+15	6.22596e+15	7.78245e+15	9.33894e+15	1.08954e+16	1.24519e+16	1.55646e+16	2.95393e+16	3.09705e+17	4.54043e+17	3.82198	3.69432	3.69432	3.69432	3.69432	3.69432	3.69432	3.69432	3.69432	3.69432	3.69432	3.65984	3.36759	4.68986	4.68986	
199979	6.85771e+17	2.78737e+17	1.21976e+17	7.71751e+16	1.5435e+17	2.31525e+17	3.08701e+17	3.85876e+17	4.63051e+17	5.40226e+17	6.17401e+17	6.91973e+17	7.48922e+17	3.35206e+17	8.60032e+15	6.15252e+15	5.62155e+15	2.46e+15	1.55646e+15	3.11293e+15	4.66939e+15	6.22586e+15	7.78232e+15	9.33879e+15	1.08953e+16	1.24517e+16	1.55683e+16	2.95565e+16	3.09705e+17	4.54043e+17	3.82329	3.69584	3.69584	3.69584	3.69584	3.69584	3.69584	3.69584	3.69584	3.69584	3.69584	3.66133	3.36919	4.68986	4.68986	
200000	6.85771e+17	2.78737e+17	1.21976e+17	7.71751e+16	1.5435e+17	2.31525e+17	3.08701e+17	3.85876e+17	4.63051e+17	5.40226e+17	6.17401e+17	6.91973e+17	7.4892e+17	3.35206e+17	8.60032e+15	6.15251e+15	5.62154e+15	2.46e+15	1.55646e+15	3.11293e+15	4.66939e+15	6.22585e+15	7.78231e+15	9.33878e+15	1.08952e+16	1.24517e+16	1.55686e+16	2.9558e+16	3.09705e+17	4.54043e+17	3.8234	3.69596	3.69596	3.69596	3.69596	3.69596	3.69596	3.69596	3.69596	3.69596	3.69596	3.66146	3.36933	4.68986	4.68986	
