Time	Carb1	Carb2	Carb3	Carb4	Carb5	Carb6	Carb7	Carb8	Carb9	Carb10	Carb11	Carb12	Carb13	Carb14	Carb15	Sil1	Sil2	Sil3	Sil4	Sil5	Sil6	Sil7	Sil8	Sil9	Sil10	Sil11	Sil12	Sil13	Sil14	Sil15	c131	c132	c133	c134	c135	c136	c137	c138	c139	c1310	c1311	c1312	c1313	c1314	c1315	
0	6.8679e+17	2.79524e+17	1.22321e+17	7.73932e+16	1.54786e+17	2.3218e+17	3.09573e+17	3.86966e+17	4.64359e+17	5.41753e+17	6.19146e+17	6.96539e+17	7.5909e+17	2.85587e+17	5.49164e+15	5.6223e+15	5.13779e+15	2.24831e+15	1.42252e+15	2.84505e+15	4.26757e+15	5.69009e+15	7.11261e+15	8.53514e+15	9.95766e+15	1.13802e+16	1.28027e+16	2.32723e+16	2.63861e+17	2.89924e+17	4.68986	4.68986	4.68986	4.68986	4.68986	4.68986	4.68986	4.68986	4.68986	4.68986	4.68986	4.68986	4.68986	4.68986	4.68986	
251.725	6.86548e+17	2.79491e+17	1.22306e+17	7.73841e+16	1.54768e+17	2.32152e+17	3.09536e+17	3.8692e+17	4.64305e+17	5.41689e+17	6.19073e+17	6.96105e+17	7.58186e+17	3.35234e+17	8.60109e+15	5.62032e+15	5.13719e+15	2.24804e+15	1.42235e+15	2.84472e+15	4.26706e+15	5.68942e+15	7.11177e+15	8.53414e+15	9.95648e+15	1.13789e+16	1.27947e+16	2.32446e+16	3.09732e+17	4.54084e+17	4.68986	4.68986	4.68986	4.68986	4.68986	4.68986	4.68986	4.68986	4.68986	4.68986	4.68986	4.68986	4.68986	4.68986	4.68986	
503.25	6.86548e+17	2.79491e+17	1.22306e+17	7.73841e+16	1.54768e+17	2.32152e+17	3.09536e+17	3.8692e+17	4.64304e+17	5.41688e+17	6.19072e+17	6.96116e+17	7.58291e+17	3.35257e+17	8.601e+15	5.62032e+15	5.13719e+15	2.24804e+15	1.42235e+15	2.84472e+15	4.26706e+15	5.68941e+15	7.11177e+15	8.53414e+15	9.95647e+15	1.13788e+16	1.27949e+16	2.32478e+16	3.09752e+17	4.54079e+17	4.68986	4.68986	4.68986	4.68986	4.68986	4.68986	4.68986	4.68986	4.68986	4.68986	4.68986	4.68986	4.68986	4.68986	4.68986	
753.775	6.86547e+17	2.79491e+17	1.22306e+17	7.7384e+16	1.54768e+17	2.32152e+17	3.09536e+17	3.8692e+17	4.64304e+17	5.41688e+17	6.19072e+17	6.96122e+17	7.5834e+17	3.35249e+17	8.60033e+15	5.62031e+15	5.13719e+15	2.24804e+15	1.42235e+15	2.84472e+15	4.26706e+15	5.68941e+15	7.11177e+15	8.53413e+15	9.95647e+15	1.13788e+16	1.2795e+16	2.32493e+16	3.09745e+17	4.54043e+17	4.68986	4.68986	4.68986	4.68986	4.68986	4.68986	4.68986	4.68986	4.68986	4.68986	4.68986	4.68986	4.68986	4.68986	4.68986	
1005.02	6.86547e+17	2.79491e+17	1.22306e+17	7.7384e+16	1.54768e+17	2.32152e+17	3.09536e+17	3.8692e+17	4.64304e+17	5.41688e+17	6.19072e+17	6.96125e+17	7.58368e+17	3.35239e+17	8.60033e+15	5.62031e+15	5.13718e+15	2.24803e+15	1.42235e+15	2.84472e+15	4.26706e+15	5.68941e+15	7.11177e+15	8.53413e+15	9.95647e+15	1.13788e+16	1.27951e+16	2.32502e+16	3.09736e+17	4.54043e+17	4.68986	4.68986	4.68986	4.68986	4.68986	4.68986	4.68986	4.68986	4.68986	4.68986	4.68986	4.68986	4.68986	4.68986	4.68986	
1255.34	6.86547e+17	2.79491e+17	1.22306e+17	7.7384e+16	1.54768e+17	2.32152e+17	3.09536e+17	3.8692e+17	4.64304e+17	5.41688e+17	6.19072e+17	6.96127e+17	7.58387e+17	3.35231e+17	8.60033e+15	5.62031e+15	5.13718e+15	2.24803e+15	1.42235e+15	2.84472e+15	4.26706e+15	5.68941e+15	7.11176e+15	8.53413e+15	9.95646e+15	1.13788e+16	1.27951e+16	2.32508e+16	3.09728e+17	4.54043e+17	4.68986	4.68986	4.68986	4.68986	4.68986	4.68986	4.68986	4.68986	4.68986	4.68986	4.68986	4.68986	4.68986	4.68986	4.68986	
1505.91	6.86547e+17	2.79491e+17	1.22306e+17	7.7384e+16	1.54768e+17	2.32152e+17	3.09536e+17	3.8692e+17	4.64304e+17	5.41688e+17	6.19072e+17	6.96129e+17	7.58401e+17	3.35225e+17	8.60033e+15	5.62031e+15	5.13718e+15	2.24803e+15	1.42235e+15	2.84472e+15	4.26705e+15	5.68941e+15	7.11176e+15	8.53413e+15	9.95646e+15	1.13788e+16	1.27952e+16	2.32512e+16	3.09723e+17	4.54043e+17	4.68986	4.68986	4.68986	4.68986	4.68986	4.68986	4.68986	4.68986	4.68986	4.68986	4.68986	4.68986	4.68986	4.68986	4.68986	
1757.38	6.86547e+17	2.79491e+17	1.22306e+17	7.7384e+16	1.54768e+17	2.32152e+17	3.09536e+17	3.8692e+17	4.64304e+17	5.41688e+17	6.19072e+17	6.9613e+17	7.58412e+17	3.3522e+17	8.60033e+15	5.62031e+15	5.13718e+15	2.24803e+15	1.42235e+15	2.84472e+15	4.26705e+15	5.68941e+15	7.11176e+15	8.53412e+15	9.95646e+15	1.13788e+16	1.27952e+16	2.32515e+16	3.09718e+17	4.54043e+17	4.68986	4.68986	4.68986	4.68986	4.68986	4.68986	4.68986	4.68986	4.68986	4.68986	4.68986	4.68986	4.68986	4.68986	4.68986	
2008.16	6.86547e+17	2.79491e+17	1.22306e+17	7.7384e+16	1.54768e+17	2.32152e+17	3.09536e+17	3.8692e+17	4.64304e+17	5.41688e+17	6.19072e+17	6.9613e+17	7.58421e+17	3.35217e+17	8.60033e+15	5.62031e+15	5.13718e+15	2.24803e+15	1.42235e+15	2.84472e+15	4.26705e+15	5.68941e+15	7.11176e+15	8.53412e+15	9.95646e+15	1.13788e+16	1.27952e+16	2.32518e+16	3.09715e+17	4.54043e+17	4.68986	4.68986	4.68986	4.68986	4.68986	4.68986	4.68986	4.68986	4.68986	4.68986	4.68986	4.68986	4.68986	4.68986	4.68986	
2258.59	6.86547e+17	2.79491e+17	1.22306e+17	7.73839e+16	1.54768e+17	2.32152e+17	3.09536e+17	3.8692e+17	4.64304e+17	5.41688e+17	6.19071e+17	6.96131e+17	7.58429e+17	3.35214e+17	8.60033e+15	5.62031e+15	5.13718e+15	2.24803e+15	1.42235e+15	2.84472e+15	4.26705e+15	5.68941e+15	7.11176e+15	8.53412e+15	9.95646e+15	1.13788e+16	1.27952e+16	2.3252e+16	3.09713e+17	4.54043e+17	4.68986	4.68986	4.68986	4.68986	4.68986	4.68986	4.68986	4.68986	4.68986	4.68986	4.68986	4.68986	4.68986	4.68986	4.68986	
2509.84	6.86546e+17	2.79491e+17	1.22306e+17	7.73839e+16	1.54768e+17	2.32152e+17	3.09536e+17	3.8692e+17	4.64304e+17	5.41687e+17	6.19071e+17	6.96131e+17	7.58437e+17	3.35212e+17	8.60033e+15	5.62031e+15	5.13718e+15	2.24803e+15	1.42235e+15	2.84472e+15	4.26705e+15	5.6894e+15	7.11176e+15	8.53412e+15	9.95646e+15	1.13788e+16	1.27952e+16	2.32523e+16	3.09711e+17	4.54043e+17	4.68986	4.68986	4.68986	4.68986	4.68986	4.68986	4.68986	4.68986	4.68986	4.68986	4.68986	4.68986	4.68986	4.68986	4.68986	
2760.33	6.86546e+17	2.79491e+17	1.22306e+17	7.73839e+16	1.54768e+17	2.32152e+17	3.09536e+17	3.8692e+17	4.64303e+17	5.41687e+17	6.19071e+17	6.96132e+17	7.58443e+17	3.35211e+17	8.60033e+15	5.62031e+15	5.13718e+15	2.24803e+15	1.42235e+15	2.84472e+15	4.26705e+15	5.6894e+15	7.11176e+15	8.53412e+15	9.95645e+15	1.13788e+16	1.27952e+16	2.32525e+16	3.0971e+17	4.54043e+17	4.68986	4.68986	4.68986	4.68986	4.68986	4.68986	4.68986	4.68986	4.68986	4.68986	4.68986	4.68986	4.68986	4.68986	4.68986	
3011.2	6.86546e+17	2.79491e+17	1.22306e+17	7.73839e+16	1.54768e+17	2.32152e+17	3.09536e+17	3.8692e+17	4.64303e+17	5.41687e+17	6.19071e+17	6.96132e+17	7.58449e+17	3.35209e+17	8.60033e+15	5.62031e+15	5.13718e+15	2.24803e+15	1.42235e+15	2.84472e+15	4.26705e+15	5.6894e+15	7.11176e+15	8.53412e+15	9.95645e+15	1.13788e+16	1.27952e+16	2.32527e+16	3.09708e+17	4.54043e+17	4.68986	4.68986	4.68986	4.68986	4.68986	4.68986	4.68986	4.68986	4.68986	4.68986	4.68986	4.68986	4.68986	4.68986	4.68986	
3262.27	6.86546e+17	2.79491e+17	1.22306e+17	7.73839e+16	1.54768e+17	2.32152e+17	3.09536e+17	3.86919e+17	4.64303e+17	5.41687e+17	6.19071e+17	6.96132e+17	7.58455e+17	3.35209e+17	8.60033e+15	5.62031e+15	5.13718e+15	2.24803e+15	1.42235e+15	2.84472e+15	4.26705e+15	5.6894e+15	7.11176e+15	8.53412e+15	9.95645e+15	1.13788e+16	1.27952e+16	2.32528e+16	3.09708e+17	4.54043e+17	4.68986	4.68986	4.68986	4.68986	4.68986	4.68986	4.68986	4.68986	4.68986	4.68986	4.68986	4.68986	4.68986	4.68986	4.68986	
3512.46	6.86546e+17	2.79491e+17	1.22306e+17	7.73839e+16	1.54768e+17	2.32152e+17	3.09536e+17	3.86919e+17	4.64303e+17	5.41687e+17	6.19071e+17	6.96132e+17	7.58461e+17	3.35208e+17	8.60033e+15	5.62031e+15	5.13718e+15	2.24803e+15	1.42235e+15	2.84471e+15	4.26705e+15	5.6894e+15	7.11175e+15	8.53412e+15	9.95645e+15	1.13788e+16	1.27952e+16	2.3253e+16	3.09707e+17	4.54043e+17	4.68986	4.68986	4.68986	4.68986	4.68986	4.68986	4.68986	4.68986	4.68986	4.68986	4.68986	4.68986	4.68986	4.68986	4.68986	
3763.53	6.86546e+17	2.79491e+17	1.22306e+17	7.73839e+16	1.54768e+17	2.32152e+17	3.09536e+17	3.86919e+17	4.64303e+17	5.41687e+17	6.19071e+17	6.96132e+17	7.58466e+17	3.35207e+17	8.60033e+15	5.62031e+15	5.13718e+15	2.24803e+15	1.42235e+15	2.84471e+15	4.26705e+15	5.6894e+15	7.11175e+15	8.53412e+15	9.95645e+15	1.13788e+16	1.27952e+16	2.32532e+16	3.09706e+17	4.54043e+17	4.68986	4.68986	4.68986	4.68986	4.68986	4.68986	4.68986	4.68986	4.68986	4.68986	4.68986	4.68986	4.68986	4.68986	4.68986	
4014.81	6.86546e+17	2.79491e+17	1.22306e+17	7.73839e+16	1.54768e+17	2.32152e+17	3.09536e+17	3.86919e+17	4.64303e+17	5.41687e+17	6.19071e+17	6.96132e+17	7.58471e+17	3.35207e+17	8.60033e+15	5.62031e+15	5.13718e+15	2.24803e+15	1.42235e+15	2.84471e+15	4.26705e+15	5.6894e+15	7.11175e+15	8.53412e+15	9.95645e+15	1.13788e+16	1.27952e+16	2.32533e+16	3.09706e+17	4.54043e+17	4.68986	4.68986	4.68986	4.68986	4.68986	4.68986	4.68986	4.68986	4.68986	4.68986	4.68986	4.68986	4.68986	4.68986	4.68986	
4265.11	6.86546e+17	2.79491e+17	1.22306e+17	7.73839e+16	1.54768e+17	2.32152e+17	3.09536e+17	3.86919e+17	4.64303e+17	5.41687e+17	6.19071e+17	6.96133e+17	7.58475e+17	3.35206e+17	8.60033e+15	5.6203e+15	5.13718e+15	2.24803e+15	1.42235e+15	2.84471e+15	4.26705e+15	5.6894e+15	7.11175e+15	8.53412e+15	9.95645e+15	1.13788e+16	1.27952e+16	2.32535e+16	3.09706e+17	4.54043e+17	4.68986	4.68986	4.68986	4.68986	4.68986	4.68986	4.68986	4.68986	4.68986	4.68986	4.68986	4.68986	4.68986	4.68986	4.68986	
4516.14	6.86546e+17	2.79491e+17	1.22306e+17	7.73839e+16	1.54768e+17	2.32152e+17	3.09535e+17	3.86919e+17	4.64303e+17	5.41687e+17	6.19071e+17	6.96133e+17	7.5848e+17	3.35206e+17	8.60033e+15	5.6203e+15	5.13717e+15	2.24803e+15	1.42235e+15	2.84471e+15	4.26705e+15	5.6894e+15	7.11175e+15	8.53411e+15	9.95645e+15	1.13788e+16	1.27952e+16	2.32536e+16	3.09705e+17	4.54043e+17	4.68986	4.68986	4.68986	4.68986	4.68986	4.68986	4.68986	4.68986	4.68986	4.68986	4.68986	4.68986	4.68986	4.68986	4.68986	
4766.83	6.86546e+17	2.79491e+17	1.22306e+17	7.73839e+16	1.54768e+17	2.32152e+17	3.09535e+17	3.86919e+17	4.64303e+17	5.41687e+17	6.19071e+17	6.96133e+17	7.58484e+17	3.35206e+17	8.60033e+15	5.6203e+15	5.13717e+15	2.24803e+15	1.42235e+15	2.84471e+15	4.26705e+15	5.6894e+15	7.11175e+15	8.53411e+15	9.95645e+15	1.13788e+16	1.27952e+16	2.32537e+16	3.09705e+17	4.54043e+17	4.68986	4.68986	4.68986	4.68986	4.68986	4.68986	4.68986	4.68986	4.68986	4.68986	4.68986	4.68986	4.68986	4.68986	4.68986	
5017.46	6.86546e+17	2.79491e+17	1.22306e+17	7.73839e+16	1.54768e+17	2.32152e+17	3.09535e+17	3.86919e+17	4.64303e+17	5.41687e+17	6.19071e+17	6.96133e+17	7.58487e+17	3.35206e+17	8.60033e+15	5.6203e+15	5.13717e+15	2.24803e+15	1.42235e+15	2.84471e+15	4.26705e+15	5.6894e+15	7.11175e+15	8.53411e+15	9.95645e+15	1.13788e+16	1.27952e+16	2.32538e+16	3.09705e+17	4.54043e+17	4.68986	4.68986	4.68986	4.68986	4.68986	4.68986	4.68986	4.68986	4.68986	4.68986	4.68986	4.68986	4.68986	4.68986	4.68986	
5268.93	6.86546e+17	2.7949e+17	1.22306e+17	7.73839e+16	1.54768e+17	2.32152e+17	3.09535e+17	3.86919e+17	4.64303e+17	5.41687e+17	6.19071e+17	6.96133e+17	7.58491e+17	3.35205e+17	8.60033e+15	5.6203e+15	5.13717e+15	2.24803e+15	1.42235e+15	2.84471e+15	4.26705e+15	5.6894e+15	7.11175e+15	8.53411e+15	9.95645e+15	1.13788e+16	1.27952e+16	2.32539e+16	3.09705e+17	4.54043e+17	4.68986	4.68986	4.68986	4.68986	4.68986	4.68986	4.68986	4.68986	4.68986	4.68986	4.68986	4.68986	4.68986	4.68986	4.68986	
5522.96	6.86546e+17	2.7949e+17	1.22306e+17	7.73839e+16	1.54768e+17	2.32152e+17	3.09535e+17	3.86919e+17	4.64303e+17	5.41687e+17	6.19071e+17	6.96133e+17	7.58494e+17	3.35205e+17	8.60033e+15	5.6203e+15	5.13717e+15	2.24803e+15	1.42235e+15	2.84471e+15	4.26705e+15	5.6894e+15	7.11175e+15	8.53411e+15	9.95645e+15	1.13788e+16	1.27952e+16	2.3254e+16	3.09705e+17	4.54043e+17	4.68986	4.68986	4.68986	4.68986	4.68986	4.68986	4.68986	4.68986	4.68986	4.68986	4.68986	4.68986	4.68986	4.68986	4.68986	
5773.99	6.86546e+17	2.7949e+17	1.22306e+17	7.73839e+16	1.54768e+17	2.32152e+17	3.09535e+17	3.86919e+17	4.64303e+17	5.41687e+17	6.19071e+17	6.96133e+17	7.58497e+17	3.35205e+17	8.60033e+15	5.62031e+15	5.13717e+15	2.24803e+15	1.42235e+15	2.84471e+15	4.26705e+15	5.6894e+15	7.11175e+15	8.53411e+15	9.95645e+15	1.13788e+16	1.27952e+16	2.32541e+16	3.09705e+17	4.54043e+17	4.68986	4.68986	4.68986	4.68986	4.68986	4.68986	4.68986	4.68986	4.68986	4.68986	4.68986	4.68986	4.68986	4.68986	4.68986	
6024.68	6.86546e+17	2.7949e+17	1.22306e+17	7.73839e+16	1.54768e+17	2.32152e+17	3.09535e+17	3.86919e+17	4.64303e+17	5.41687e+17	6.19071e+17	6.96133e+17	7.585e+17	3.35205e+17	8.60033e+15	5.62031e+15	5.13717e+15	2.24803e+15	1.42235e+15	2.84471e+15	4.26705e+15	5.6894e+15	7.11175e+15	8.53411e+15	9.95645e+15	1.13788e+16	1.27952e+16	2.32542e+16	3.09704e+17	4.54043e+17	4.68986	4.68986	4.68986	4.68986	4.68986	4.68986	4.68986	4.68986	4.68986	4.68986	4.68986	4.68986	4.68986	4.68986	4.68986	
6275.31	6.86546e+17	2.7949e+17	1.22306e+17	7.73839e+16	1.54768e+17	2.32152e+17	3.09535e+17	3.86919e+17	4.64303e+17	5.41687e+17	6.19071e+17	6.96133e+17	7.58502e+17	3.35205e+17	8.60033e+15	5.62031e+15	5.13717e+15	2.24803e+15	1.42235e+15	2.84471e+15	4.26705e+15	5.6894e+15	7.11175e+15	8.53411e+15	9.95645e+15	1.13788e+16	1.27952e+16	2.32543e+16	3.09704e+17	4.54043e+17	4.68986	4.68986	4.68986	4.68986	4.68986	4.68986	4.68986	4.68986	4.68986	4.68986	4.68986	4.68986	4.68986	4.68986	4.68986	
6526.78	6.86546e+17	2.7949e+17	1.22306e+17	7.73839e+16	1.54768e+17	2.32152e+17	3.09535e+17	3.86919e+17	4.64303e+17	5.41687e+17	6.19071e+17	6.96132e+17	7.58505e+17	3.35205e+17	8.60033e+15	5.62031e+15	5.13717e+15	2.24803e+15	1.42235e+15	2.84471e+15	4.26705e+15	5.6894e+15	7.11175e+15	8.53411e+15	9.95645e+15	1.13788e+16	1.27952e+16	2.32544e+16	3.09704e+17	4.54043e+17	4.68986	4.68986	4.68986	4.68986	4.68986	4.68986	4.68986	4.68986	4.68986	4.68986	4.68986	4.68986	4.68986	4.68986	4.68986	
6780.81	6.86546e+17	2.7949e+17	1.22306e+17	7.73839e+16	1.54768e+17	2.32152e+17	3.09535e+17	3.86919e+17	4.64303e+17	5.41687e+17	6.19071e+17	6.96132e+17	7.58507e+17	3.35205e+17	8.60033e+15	5.62031e+15	5.13717e+15	2.24803e+15	1.42235e+15	2.84471e+15	4.26705e+15	5.6894e+15	7.11175e+15	8.53411e+15	9.95645e+15	1.13788e+16	1.27952e+16	2.32544e+16	3.09704e+17	4.54043e+17	4.68987	4.68986	4.68986	4.68986	4.68986	4.68986	4.68986	4.68986	4.68986	4.68986	4.68986	4.68986	4.68986	4.68986	4.68986	
7031.84	6.86546e+17	2.7949e+17	1.22306e+17	7.73839e+16	1.54768e+17	2.32152e+17	3.09535e+17	3.86919e+17	4.64303e+17	5.41687e+17	6.19071e+17	6.96132e+17	7.58509e+17	3.35205e+17	8.60033e+15	5.62032e+15	5.13717e+15	2.24803e+15	1.42235e+15	2.84471e+15	4.26705e+15	5.6894e+15	7.11175e+15	8.53411e+15	9.95645e+15	1.13788e+16	1.27952e+16	2.32545e+16	3.09704e+17	4.54043e+17	4.68987	4.68986	4.68986	4.68986	4.68986	4.68986	4.68986	4.68986	4.68986	4.68986	4.68986	4.68986	4.68986	4.68986	4.68986	
7282.53	6.86546e+17	2.7949e+17	1.22306e+17	7.73839e+16	1.54768e+17	2.32152e+17	3.09535e+17	3.86919e+17	4.64303e+17	5.41687e+17	6.19071e+17	6.96132e+17	7.58511e+17	3.35205e+17	8.60033e+15	5.62032e+15	5.13717e+15	2.24803e+15	1.42235e+15	2.84471e+15	4.26705e+15	5.6894e+15	7.11175e+15	8.53411e+15	9.95645e+15	1.13788e+16	1.27952e+16	2.32546e+16	3.09704e+17	4.54043e+17	4.68987	4.68986	4.68986	4.68986	4.68986	4.68986	4.68986	4.68986	4.68986	4.68986	4.68986	4.68986	4.68986	4.68986	4.68986	
7533.16	6.86546e+17	2.7949e+17	1.22306e+17	7.73838e+16	1.54768e+17	2.32152e+17	3.09535e+17	3.86919e+17	4.64303e+17	5.41687e+17	6.19071e+17	6.96132e+17	7.58513e+17	3.35205e+17	8.60033e+15	5.62033e+15	5.13717e+15	2.24803e+15	1.42235e+15	2.84471e+15	4.26705e+15	5.6894e+15	7.11175e+15	8.53411e+15	9.95645e+15	1.13788e+16	1.27952e+16	2.32546e+16	3.09704e+17	4.54043e+17	4.68987	4.68986	4.68986	4.68986	4.68986	4.68986	4.68986	4.68986	4.68986	4.68986	4.68986	4.68986	4.68986	4.68986	4.68986	
7784.62	6.86546e+17	2.7949e+17	1.22306e+17	7.73838e+16	1.54768e+17	2.32152e+17	3.09535e+17	3.86919e+17	4.64303e+17	5.41687e+17	6.19071e+17	6.96132e+17	7.58515e+17	3.35205e+17	8.60033e+15	5.62035e+15	5.13717e+15	2.24803e+15	1.42235e+15	2.84471e+15	4.26705e+15	5.6894e+15	7.11175e+15	8.53411e+15	9.95645e+15	1.13788e+16	1.27952e+16	2.32547e+16	3.09704e+17	4.54043e+17	4.68987	4.68986	4.68986	4.68986	4.68986	4.68986	4.68986	4.68986	4.68986	4.68986	4.68986	4.68986	4.68986	4.68986	4.68986	
8038.66	6.86546e+17	2.7949e+17	1.22306e+17	7.73838e+16	1.54768e+17	2.32152e+17	3.09535e+17	3.86919e+17	4.64303e+17	5.41687e+17	6.19071e+17	6.96132e+17	7.58517e+17	3.35205e+17	8.60033e+15	5.62038e+15	5.13717e+15	2.24803e+15	1.42235e+15	2.84471e+15	4.26705e+15	5.6894e+15	7.11175e+15	8.53411e+15	9.95645e+15	1.13788e+16	1.27952e+16	2.32547e+16	3.09704e+17	4.54043e+17	4.68987	4.68986	4.68986	4.68986	4.68986	4.68986	4.68986	4.68986	4.68986	4.68986	4.68986	4.68986	4.68986	4.68986	4.68986	
8289.69	6.86546e+17	2.7949e+17	1.22306e+17	7.73838e+16	1.54768e+17	2.32152e+17	3.09535e+17	3.86919e+17	4.64303e+17	5.41687e+17	6.19071e+17	6.96131e+17	7.58519e+17	3.35205e+17	8.60033e+15	5.62042e+15	5.13717e+15	2.24803e+15	1.42235e+15	2.84471e+15	4.26705e+15	5.6894e+15	7.11175e+15	8.53411e+15	9.95645e+15	1.13788e+16	1.27952e+16	2.32548e+16	3.09704e+17	4.54043e+17	4.68988	4.68986	4.68986	4.68986	4.68986	4.68986	4.68986	4.68986	4.68986	4.68986	4.68986	4.68986	4.68986	4.68986	4.68986	
8540.37	6.86546e+17	2.7949e+17	1.22306e+17	7.73838e+16	1.54768e+17	2.32152e+17	3.09535e+17	3.86919e+17	4.64303e+17	5.41687e+17	6.19071e+17	6.96131e+17	7.5852e+17	3.35205e+17	8.60033e+15	5.62048e+15	5.13717e+15	2.24803e+15	1.42235e+15	2.84471e+15	4.26705e+15	5.6894e+15	7.11175e+15	8.53411e+15	9.95645e+15	1.13788e+16	1.27952e+16	2.32548e+16	3.09704e+17	4.54043e+17	4.68989	4.68986	4.68986	4.68986	4.68986	4.68986	4.68986	4.68986	4.68986	4.68986	4.68986	4.68986	4.68986	4.68986	4.68986	
8791	6.86546e+17	2.7949e+17	1.22306e+17	7.73838e+16	1.54768e+17	2.32152e+17	3.09535e+17	3.86919e+17	4.64303e+17	5.41687e+17	6.19071e+17	6.96131e+17	7.58522e+17	3.35205e+17	8.60033e+15	5.62056e+15	5.13717e+15	2.24803e+15	1.42235e+15	2.84471e+15	4.26705e+15	5.6894e+15	7.11175e+15	8.53411e+15	9.95645e+15	1.13788e+16	1.27952e+16	2.32549e+16	3.09704e+17	4.54043e+17	4.68989	4.68986	4.68986	4.68986	4.68986	4.68986	4.68986	4.68986	4.68986	4.68986	4.68986	4.68986	4.68986	4.68986	4.68986	
9042.47	6.86546e+17	2.7949e+17	1.22306e+17	7.73838e+16	1.54768e+17	2.32152e+17	3.09535e+17	3.86919e+17	4.64303e+17	5.41687e+17	6.19071e+17	6.96131e+17	7.58523e+17	3.35205e+17	8.60033e+15	5.62067e+15	5.13717e+15	2.24803e+15	1.42235e+15	2.84471e+15	4.26705e+15	5.6894e+15	7.11175e+15	8.53411e+15	9.95645e+15	1.13788e+16	1.27952e+16	2.32549e+16	3.09704e+17	4.54043e+17	4.68991	4.68986	4.68986	4.68986	4.68986	4.68986	4.68986	4.68986	4.68986	4.68986	4.68986	4.68986	4.68986	4.68986	4.68986	
9296.51	6.86545e+17	2.7949e+17	1.22306e+17	7.73838e+16	1.54768e+17	2.32152e+17	3.09535e+17	3.86919e+17	4.64303e+17	5.41687e+17	6.19071e+17	6.9613e+17	7.58525e+17	3.35205e+17	8.60033e+15	5.62083e+15	5.13717e+15	2.24803e+15	1.42235e+15	2.84471e+15	4.26705e+15	5.6894e+15	7.11175e+15	8.53411e+15	9.95644e+15	1.13788e+16	1.27952e+16	2.3255e+16	3.09704e+17	4.54043e+17	4.68993	4.68986	4.68986	4.68986	4.68986	4.68986	4.68986	4.68986	4.68986	4.68986	4.68986	4.68986	4.68986	4.68986	4.68986	
9547.54	6.86545e+17	2.7949e+17	1.22306e+17	7.73838e+16	1.54768e+17	2.32152e+17	3.09535e+17	3.86919e+17	4.64303e+17	5.41687e+17	6.19071e+17	6.9613e+17	7.58526e+17	3.35205e+17	8.60033e+15	5.62103e+15	5.13717e+15	2.24803e+15	1.42235e+15	2.84471e+15	4.26705e+15	5.6894e+15	7.11175e+15	8.53411e+15	9.95644e+15	1.13788e+16	1.27952e+16	2.3255e+16	3.09704e+17	4.54043e+17	4.68995	4.68986	4.68986	4.68986	4.68986	4.68986	4.68986	4.68986	4.68986	4.68986	4.68986	4.68986	4.68986	4.68986	4.68986	
9798.22	6.86545e+17	2.7949e+17	1.22306e+17	7.73838e+16	1.54768e+17	2.32152e+17	3.09535e+17	3.86919e+17	4.64303e+17	5.41687e+17	6.19071e+17	6.9613e+17	7.58527e+17	3.35205e+17	8.60033e+15	5.62131e+15	5.13717e+15	2.24803e+15	1.42235e+15	2.84471e+15	4.26705e+15	5.6894e+15	7.11175e+15	8.53411e+15	9.95644e+15	1.13788e+16	1.27952e+16	2.3255e+16	3.09704e+17	4.54043e+17	4.68999	4.68986	4.68986	4.68986	4.68986	4.68986	4.68986	4.68986	4.68986	4.68986	4.68986	4.68986	4.68986	4.68986	4.68986	
10048.9	6.86544e+17	2.7949e+17	1.22306e+17	7.73838e+16	1.54768e+17	2.32152e+17	3.09535e+17	3.86919e+17	4.64303e+17	5.41687e+17	6.19071e+17	6.9613e+17	7.58528e+17	3.35205e+17	8.60033e+15	5.62166e+15	5.13717e+15	2.24803e+15	1.42235e+15	2.84471e+15	4.26705e+15	5.6894e+15	7.11175e+15	8.53411e+15	9.95644e+15	1.13788e+16	1.27952e+16	2.32551e+16	3.09704e+17	4.54043e+17	4.69003	4.68986	4.68986	4.68986	4.68986	4.68986	4.68986	4.68986	4.68986	4.68986	4.68986	4.68986	4.68986	4.68986	4.68986	
10300.3	6.86543e+17	2.7949e+17	1.22306e+17	7.73838e+16	1.54768e+17	2.32152e+17	3.09535e+17	3.86919e+17	4.64303e+17	5.41687e+17	6.19071e+17	6.96129e+17	7.5853e+17	3.35205e+17	8.60033e+15	5.62213e+15	5.13717e+15	2.24803e+15	1.42235e+15	2.84471e+15	4.26705e+15	5.6894e+15	7.11175e+15	8.53411e+15	9.95644e+15	1.13788e+16	1.27952e+16	2.32551e+16	3.09705e+17	4.54043e+17	4.69009	4.68986	4.68986	4.68986	4.68986	4.68986	4.68986	4.68986	4.68986	4.68986	4.68986	4.68986	4.68986	4.68986	4.68986	
10554.4	6.86542e+17	2.7949e+17	1.22306e+17	7.73838e+16	1.54768e+17	2.32152e+17	3.09535e+17	3.86919e+17	4.64303e+17	5.41687e+17	6.19071e+17	6.96129e+17	7.58531e+17	3.35205e+17	8.60033e+15	5.62272e+15	5.13717e+15	2.24803e+15	1.42235e+15	2.84471e+15	4.26705e+15	5.6894e+15	7.11175e+15	8.53411e+15	9.95644e+15	1.13788e+16	1.27952e+16	2.32552e+16	3.09705e+17	4.54043e+17	4.69016	4.68986	4.68986	4.68986	4.68986	4.68986	4.68986	4.68986	4.68986	4.68986	4.68986	4.68986	4.68986	4.68986	4.68986	
10805.4	6.86541e+17	2.7949e+17	1.22306e+17	7.73838e+16	1.54768e+17	2.32152e+17	3.09535e+17	3.86919e+17	4.64303e+17	5.41687e+17	6.19071e+17	6.96129e+17	7.58532e+17	3.35205e+17	8.60033e+15	5.62346e+15	5.13717e+15	2.24803e+15	1.42235e+15	2.84471e+15	4.26705e+15	5.6894e+15	7.11175e+15	8.53411e+15	9.95644e+15	1.13788e+16	1.27952e+16	2.32552e+16	3.09705e+17	4.54043e+17	4.69025	4.68986	4.68986	4.68986	4.68986	4.68986	4.68986	4.68986	4.68986	4.68986	4.68986	4.68986	4.68986	4.68986	4.68986	
11056.1	6.8654e+17	2.7949e+17	1.22306e+17	7.73838e+16	1.54768e+17	2.32152e+17	3.09535e+17	3.86919e+17	4.64303e+17	5.41687e+17	6.19071e+17	6.96129e+17	7.58533e+17	3.35205e+17	8.60033e+15	5.62438e+15	5.13717e+15	2.24803e+15	1.42235e+15	2.84471e+15	4.26705e+15	5.6894e+15	7.11175e+15	8.53411e+15	9.95644e+15	1.13788e+16	1.27952e+16	2.32552e+16	3.09705e+17	4.54043e+17	4.69036	4.68986	4.68986	4.68986	4.68986	4.68986	4.68986	4.68986	4.68986	4.68986	4.68986	4.68986	4.68986	4.68986	4.68986	
11306.7	6.86538e+17	2.7949e+17	1.22306e+17	7.73838e+16	1.54768e+17	2.32152e+17	3.09535e+17	3.86919e+17	4.64303e+17	5.41687e+17	6.19071e+17	6.96128e+17	7.58534e+17	3.35205e+17	8.60033e+15	5.62551e+15	5.13717e+15	2.24803e+15	1.42235e+15	2.84471e+15	4.26705e+15	5.6894e+15	7.11175e+15	8.53411e+15	9.95644e+15	1.13788e+16	1.27952e+16	2.32552e+16	3.09705e+17	4.54043e+17	4.6905	4.68986	4.68986	4.68986	4.68986	4.68986	4.68986	4.68986	4.68986	4.68986	4.68986	4.68986	4.68986	4.68986	4.68986	
11558.2	6.86536e+17	2.7949e+17	1.22306e+17	7.73838e+16	1.54768e+17	2.32152e+17	3.09535e+17	3.86919e+17	4.64303e+17	5.41687e+17	6.19071e+17	6.96128e+17	7.58534e+17	3.35205e+17	8.60033e+15	5.62688e+15	5.13717e+15	2.24803e+15	1.42235e+15	2.84471e+15	4.26705e+15	5.6894e+15	7.11175e+15	8.53411e+15	9.95644e+15	1.13788e+16	1.27951e+16	2.32553e+16	3.09705e+17	4.54043e+17	4.69067	4.68986	4.68986	4.68986	4.68986	4.68986	4.68986	4.68986	4.68986	4.68986	4.68986	4.68986	4.68986	4.68986	4.68986	
11812.2	6.86533e+17	2.7949e+17	1.22306e+17	7.73838e+16	1.54768e+17	2.32152e+17	3.09535e+17	3.86919e+17	4.64303e+17	5.41687e+17	6.19071e+17	6.96128e+17	7.58535e+17	3.35205e+17	8.60033e+15	5.62856e+15	5.13717e+15	2.24803e+15	1.42235e+15	2.84471e+15	4.26705e+15	5.6894e+15	7.11175e+15	8.53411e+15	9.95644e+15	1.13788e+16	1.27951e+16	2.32553e+16	3.09705e+17	4.54043e+17	4.69087	4.68986	4.68986	4.68986	4.68986	4.68986	4.68986	4.68986	4.68986	4.68986	4.68986	4.68986	4.68986	4.68986	4.68986	
12063.2	6.8653e+17	2.7949e+17	1.22306e+17	7.73838e+16	1.54768e+17	2.32152e+17	3.09535e+17	3.86919e+17	4.64303e+17	5.41687e+17	6.19071e+17	6.96127e+17	7.58536e+17	3.35205e+17	8.60033e+15	5.63053e+15	5.13717e+15	2.24803e+15	1.42235e+15	2.84471e+15	4.26705e+15	5.6894e+15	7.11175e+15	8.53411e+15	9.95644e+15	1.13788e+16	1.27951e+16	2.32553e+16	3.09705e+17	4.54043e+17	4.69112	4.68986	4.68986	4.68986	4.68986	4.68986	4.68986	4.68986	4.68986	4.68986	4.68986	4.68986	4.68986	4.68986	4.68986	
12313.9	6.86526e+17	2.7949e+17	1.22306e+17	7.73838e+16	1.54768e+17	2.32152e+17	3.09535e+17	3.86919e+17	4.64303e+17	5.41687e+17	6.19071e+17	6.96127e+17	7.58537e+17	3.35205e+17	8.60033e+15	5.63286e+15	5.13717e+15	2.24803e+15	1.42235e+15	2.84471e+15	4.26705e+15	5.6894e+15	7.11175e+15	8.53411e+15	9.95644e+15	1.13788e+16	1.27951e+16	2.32553e+16	3.09705e+17	4.54043e+17	4.6914	4.68986	4.68986	4.68986	4.68986	4.68986	4.68986	4.68986	4.68986	4.68986	4.68986	4.68986	4.68986	4.68986	4.68986	
12564.5	6.86522e+17	2.7949e+17	1.22306e+17	7.73838e+16	1.54768e+17	2.32152e+17	3.09535e+17	3.86919e+17	4.64303e+17	5.41687e+17	6.19071e+17	6.96127e+17	7.58537e+17	3.35205e+17	8.60033e+15	5.63558e+15	5.13717e+15	2.24803e+15	1.42235e+15	2.84471e+15	4.26705e+15	5.6894e+15	7.11175e+15	8.53411e+15	9.95644e+15	1.13788e+16	1.27951e+16	2.32554e+16	3.09705e+17	4.54043e+17	4.69174	4.68986	4.68986	4.68986	4.68986	4.68986	4.68986	4.68986	4.68986	4.68986	4.68986	4.68986	4.68986	4.68986	4.68986	
12816	6.86517e+17	2.7949e+17	1.22306e+17	7.73838e+16	1.54768e+17	2.32152e+17	3.09535e+17	3.86919e+17	4.64303e+17	5.41687e+17	6.19071e+17	6.96127e+17	7.58538e+17	3.35205e+17	8.60033e+15	5.63875e+15	5.13717e+15	2.24803e+15	1.42235e+15	2.84471e+15	4.26705e+15	5.6894e+15	7.11175e+15	8.53411e+15	9.95645e+15	1.13788e+16	1.27951e+16	2.32554e+16	3.09705e+17	4.54043e+17	4.69213	4.68986	4.68986	4.68986	4.68986	4.68986	4.68986	4.68986	4.68986	4.68986	4.68986	4.68986	4.68986	4.68986	4.68986	
13070	6.86511e+17	2.7949e+17	1.22306e+17	7.73838e+16	1.54768e+17	2.32152e+17	3.09535e+17	3.86919e+17	4.64303e+17	5.41687e+17	6.19071e+17	6.96126e+17	7.58539e+17	3.35205e+17	8.60033e+15	5.64243e+15	5.13717e+15	2.24803e+15	1.42235e+15	2.84471e+15	4.26705e+15	5.6894e+15	7.11175e+15	8.53411e+15	9.95645e+15	1.13788e+16	1.27951e+16	2.32554e+16	3.09705e+17	4.54043e+17	4.69258	4.68986	4.68986	4.68986	4.68986	4.68986	4.68986	4.68986	4.68986	4.68986	4.68986	4.68986	4.68986	4.68986	4.68986	
13321.1	6.86505e+17	2.7949e+17	1.22306e+17	7.73838e+16	1.54768e+17	2.32152e+17	3.09535e+17	3.86919e+17	4.64303e+17	5.41687e+17	6.19071e+17	6.96126e+17	7.58539e+17	3.35205e+17	8.60033e+15	5.64659e+15	5.13717e+15	2.24803e+15	1.42235e+15	2.84471e+15	4.26705e+15	5.6894e+15	7.11175e+15	8.53411e+15	9.95645e+15	1.13788e+16	1.27951e+16	2.32554e+16	3.09705e+17	4.54043e+17	4.6931	4.68986	4.68986	4.68986	4.68986	4.68986	4.68986	4.68986	4.68986	4.68986	4.68986	4.68986	4.68986	4.68986	4.68986	
13571.8	6.86497e+17	2.7949e+17	1.22306e+17	7.73838e+16	1.54768e+17	2.32152e+17	3.09535e+17	3.86919e+17	4.64303e+17	5.41687e+17	6.19071e+17	6.96126e+17	7.5854e+17	3.35205e+17	8.60033e+15	5.6513e+15	5.13717e+15	2.24803e+15	1.42235e+15	2.84471e+15	4.26705e+15	5.6894e+15	7.11175e+15	8.53411e+15	9.95645e+15	1.13788e+16	1.27951e+16	2.32554e+16	3.09705e+17	4.54043e+17	4.69368	4.68986	4.68986	4.68986	4.68986	4.68986	4.68986	4.68986	4.68986	4.68986	4.68986	4.68986	4.68986	4.68986	4.68986	
13822.4	6.86489e+17	2.7949e+17	1.22306e+17	7.73838e+16	1.54768e+17	2.32152e+17	3.09535e+17	3.86919e+17	4.64303e+17	5.41687e+17	6.19071e+17	6.96125e+17	7.5854e+17	3.35205e+17	8.60033e+15	5.65659e+15	5.13717e+15	2.24803e+15	1.42235e+15	2.84471e+15	4.26705e+15	5.6894e+15	7.11175e+15	8.53411e+15	9.95645e+15	1.13788e+16	1.27951e+16	2.32555e+16	3.09705e+17	4.54043e+17	4.69433	4.68986	4.68986	4.68986	4.68986	4.68986	4.68986	4.68986	4.68986	4.68986	4.68986	4.68986	4.68986	4.68986	4.68986	
14073.9	6.8648e+17	2.7949e+17	1.22306e+17	7.73838e+16	1.54768e+17	2.32152e+17	3.09535e+17	3.86919e+17	4.64303e+17	5.41687e+17	6.19071e+17	6.96125e+17	7.58541e+17	3.35205e+17	8.60033e+15	5.66253e+15	5.13717e+15	2.24803e+15	1.42235e+15	2.84471e+15	4.26705e+15	5.6894e+15	7.11175e+15	8.53411e+15	9.95645e+15	1.13788e+16	1.27951e+16	2.32555e+16	3.09705e+17	4.54043e+17	4.69506	4.68986	4.68986	4.68986	4.68986	4.68986	4.68986	4.68986	4.68986	4.68986	4.68986	4.68986	4.68986	4.68986	4.68986	
14327.9	6.86469e+17	2.7949e+17	1.22306e+17	7.73838e+16	1.54768e+17	2.32152e+17	3.09535e+17	3.86919e+17	4.64303e+17	5.41687e+17	6.19071e+17	6.96125e+17	7.58541e+17	3.35205e+17	8.60033e+15	5.66918e+15	5.13718e+15	2.24803e+15	1.42235e+15	2.84471e+15	4.26705e+15	5.6894e+15	7.11175e+15	8.53412e+15	9.95645e+15	1.13788e+16	1.27951e+16	2.32555e+16	3.09705e+17	4.54043e+17	4.69589	4.68986	4.68986	4.68986	4.68986	4.68986	4.68986	4.68986	4.68986	4.68986	4.68986	4.68986	4.68986	4.68986	4.68986	
14578.9	6.86458e+17	2.7949e+17	1.22306e+17	7.73838e+16	1.54768e+17	2.32151e+17	3.09535e+17	3.86919e+17	4.64303e+17	5.41687e+17	6.19071e+17	6.96124e+17	7.58542e+17	3.35205e+17	8.60033e+15	5.67642e+15	5.13718e+15	2.24803e+15	1.42235e+15	2.84471e+15	4.26705e+15	5.6894e+15	7.11175e+15	8.53412e+15	9.95645e+15	1.13788e+16	1.27951e+16	2.32555e+16	3.09705e+17	4.54043e+17	4.69678	4.68987	4.68987	4.68987	4.68987	4.68987	4.68987	4.68987	4.68987	4.68987	4.68987	4.68986	4.68986	4.68986	4.68986	
14829.6	6.86445e+17	2.7949e+17	1.22306e+17	7.73838e+16	1.54768e+17	2.32151e+17	3.09535e+17	3.86919e+17	4.64303e+17	5.41687e+17	6.19071e+17	6.96124e+17	7.58542e+17	3.35205e+17	8.60033e+15	5.68435e+15	5.13718e+15	2.24803e+15	1.42235e+15	2.84472e+15	4.26705e+15	5.6894e+15	7.11176e+15	8.53412e+15	9.95645e+15	1.13788e+16	1.27951e+16	2.32555e+16	3.09705e+17	4.54043e+17	4.69776	4.68987	4.68987	4.68987	4.68987	4.68987	4.68987	4.68987	4.68987	4.68987	4.68987	4.68986	4.68986	4.68986	4.68986	
15080.2	6.86432e+17	2.7949e+17	1.22306e+17	7.73838e+16	1.54768e+17	2.32151e+17	3.09535e+17	3.86919e+17	4.64303e+17	5.41687e+17	6.19071e+17	6.96124e+17	7.58543e+17	3.35205e+17	8.60033e+15	5.69297e+15	5.13718e+15	2.24803e+15	1.42235e+15	2.84472e+15	4.26705e+15	5.68941e+15	7.11176e+15	8.53412e+15	9.95646e+15	1.13788e+16	1.27951e+16	2.32555e+16	3.09705e+17	4.54043e+17	4.69882	4.68987	4.68987	4.68987	4.68987	4.68987	4.68987	4.68987	4.68987	4.68987	4.68987	4.68986	4.68986	4.68986	4.68986	
15331.7	6.86417e+17	2.7949e+17	1.22306e+17	7.73838e+16	1.54768e+17	2.32151e+17	3.09535e+17	3.86919e+17	4.64303e+17	5.41687e+17	6.19071e+17	6.96123e+17	7.58543e+17	3.35205e+17	8.60033e+15	5.70233e+15	5.13718e+15	2.24803e+15	1.42235e+15	2.84472e+15	4.26705e+15	5.68941e+15	7.11176e+15	8.53412e+15	9.95646e+15	1.13788e+16	1.27951e+16	2.32555e+16	3.09705e+17	4.54043e+17	4.69998	4.68987	4.68987	4.68987	4.68987	4.68987	4.68987	4.68987	4.68987	4.68987	4.68987	4.68986	4.68986	4.68986	4.68986	
15585.7	6.86401e+17	2.7949e+17	1.22306e+17	7.73838e+16	1.54768e+17	2.32151e+17	3.09535e+17	3.86919e+17	4.64303e+17	5.41687e+17	6.19071e+17	6.96123e+17	7.58543e+17	3.35205e+17	8.60033e+15	5.7125e+15	5.13718e+15	2.24803e+15	1.42235e+15	2.84472e+15	4.26706e+15	5.68941e+15	7.11176e+15	8.53413e+15	9.95647e+15	1.13788e+16	1.27951e+16	2.32555e+16	3.09705e+17	4.54043e+17	4.70123	4.68987	4.68987	4.68987	4.68987	4.68987	4.68987	4.68987	4.68987	4.68987	4.68987	4.68986	4.68986	4.68986	4.68986	
15836.8	6.86384e+17	2.7949e+17	1.22306e+17	7.73838e+16	1.54768e+17	2.32151e+17	3.09535e+17	3.86919e+17	4.64303e+17	5.41687e+17	6.19071e+17	6.96123e+17	7.58544e+17	3.35205e+17	8.60033e+15	5.72326e+15	5.13719e+15	2.24804e+15	1.42235e+15	2.84472e+15	4.26706e+15	5.68941e+15	7.11177e+15	8.53413e+15	9.95647e+15	1.13788e+16	1.2795e+16	2.32555e+16	3.09705e+17	4.54043e+17	4.70256	4.68987	4.68987	4.68987	4.68987	4.68987	4.68987	4.68987	4.68987	4.68987	4.68987	4.68986	4.68986	4.68986	4.68986	
16087.5	6.86366e+17	2.7949e+17	1.22306e+17	7.73838e+16	1.54768e+17	2.32151e+17	3.09535e+17	3.86919e+17	4.64303e+17	5.41687e+17	6.19071e+17	6.96122e+17	7.58544e+17	3.35205e+17	8.60033e+15	5.73469e+15	5.13719e+15	2.24804e+15	1.42235e+15	2.84472e+15	4.26706e+15	5.68942e+15	7.11177e+15	8.53414e+15	9.95648e+15	1.13789e+16	1.2795e+16	2.32556e+16	3.09705e+17	4.54043e+17	4.70397	4.68987	4.68987	4.68987	4.68987	4.68987	4.68987	4.68987	4.68987	4.68987	4.68987	4.68986	4.68986	4.68986	4.68986	
16338.1	6.86347e+17	2.7949e+17	1.22306e+17	7.73838e+16	1.54768e+17	2.32151e+17	3.09535e+17	3.86919e+17	4.64303e+17	5.41687e+17	6.19071e+17	6.96122e+17	7.58544e+17	3.35205e+17	8.60033e+15	5.74679e+15	5.13719e+15	2.24804e+15	1.42235e+15	2.84472e+15	4.26706e+15	5.68942e+15	7.11178e+15	8.53415e+15	9.95649e+15	1.13789e+16	1.2795e+16	2.32556e+16	3.09705e+17	4.54043e+17	4.70546	4.68987	4.68987	4.68987	4.68987	4.68987	4.68987	4.68987	4.68987	4.68987	4.68987	4.68986	4.68986	4.68986	4.68986	
16589.6	6.86327e+17	2.7949e+17	1.22306e+17	7.73838e+16	1.54768e+17	2.32151e+17	3.09535e+17	3.86919e+17	4.64303e+17	5.41687e+17	6.19071e+17	6.96122e+17	7.58544e+17	3.35205e+17	8.60033e+15	5.75958e+15	5.1372e+15	2.24804e+15	1.42236e+15	2.84473e+15	4.26707e+15	5.68943e+15	7.11179e+15	8.53416e+15	9.9565e+15	1.13789e+16	1.2795e+16	2.32556e+16	3.09705e+17	4.54043e+17	4.70703	4.68987	4.68987	4.68987	4.68987	4.68987	4.68987	4.68987	4.68987	4.68987	4.68987	4.68986	4.68986	4.68986	4.68986	
16843.6	6.86306e+17	2.7949e+17	1.22306e+17	7.73838e+16	1.54768e+17	2.32151e+17	3.09535e+17	3.86919e+17	4.64303e+17	5.41687e+17	6.19071e+17	6.96121e+17	7.58545e+17	3.35205e+17	8.60033e+15	5.77312e+15	5.13721e+15	2.24804e+15	1.42236e+15	2.84473e+15	4.26707e+15	5.68944e+15	7.1118e+15	8.53417e+15	9.95651e+15	1.13789e+16	1.2795e+16	2.32556e+16	3.09705e+17	4.54043e+17	4.70869	4.68987	4.68987	4.68987	4.68987	4.68987	4.68987	4.68987	4.68987	4.68987	4.68987	4.68986	4.68986	4.68986	4.68986	
17094.6	6.86284e+17	2.7949e+17	1.22306e+17	7.73838e+16	1.54768e+17	2.32151e+17	3.09535e+17	3.86919e+17	4.64303e+17	5.41687e+17	6.1907e+17	6.96121e+17	7.58545e+17	3.35205e+17	8.60033e+15	5.78707e+15	5.13721e+15	2.24805e+15	1.42236e+15	2.84474e+15	4.26708e+15	5.68944e+15	7.11181e+15	8.53418e+15	9.95652e+15	1.13789e+16	1.2795e+16	2.32556e+16	3.09705e+17	4.54043e+17	4.71041	4.68987	4.68987	4.68987	4.68987	4.68987	4.68987	4.68987	4.68987	4.68987	4.68987	4.68986	4.68986	4.68986	4.68986	
17345.3	6.86261e+17	2.7949e+17	1.22306e+17	7.73838e+16	1.54768e+17	2.32151e+17	3.09535e+17	3.86919e+17	4.64303e+17	5.41687e+17	6.1907e+17	6.96121e+17	7.58545e+17	3.35205e+17	8.60033e+15	5.80155e+15	5.13722e+15	2.24805e+15	1.42236e+15	2.84474e+15	4.26709e+15	5.68945e+15	7.11182e+15	8.5342e+15	9.95654e+15	1.13789e+16	1.2795e+16	2.32556e+16	3.09705e+17	4.54043e+17	4.71218	4.68987	4.68987	4.68987	4.68987	4.68987	4.68987	4.68987	4.68987	4.68987	4.68987	4.68986	4.68986	4.68986	4.68986	
17595.9	6.86237e+17	2.7949e+17	1.22306e+17	7.73838e+16	1.54768e+17	2.32151e+17	3.09535e+17	3.86919e+17	4.64303e+17	5.41687e+17	6.1907e+17	6.9612e+17	7.58545e+17	3.35205e+17	8.60033e+15	5.81651e+15	5.13723e+15	2.24806e+15	1.42237e+15	2.84475e+15	4.2671e+15	5.68947e+15	7.11184e+15	8.53421e+15	9.95657e+15	1.1379e+16	1.2795e+16	2.32556e+16	3.09705e+17	4.54043e+17	4.71402	4.68987	4.68987	4.68987	4.68987	4.68987	4.68987	4.68987	4.68987	4.68987	4.68987	4.68986	4.68986	4.68986	4.68986	
17847.4	6.86213e+17	2.7949e+17	1.22306e+17	7.73838e+16	1.54768e+17	2.32151e+17	3.09535e+17	3.86919e+17	4.64303e+17	5.41687e+17	6.1907e+17	6.9612e+17	7.58545e+17	3.35205e+17	8.60033e+15	5.83195e+15	5.13725e+15	2.24806e+15	1.42237e+15	2.84475e+15	4.26711e+15	5.68948e+15	7.11185e+15	8.53424e+15	9.95659e+15	1.1379e+16	1.2795e+16	2.32556e+16	3.09705e+17	4.54043e+17	4.71591	4.68988	4.68988	4.68988	4.68988	4.68988	4.68988	4.68988	4.68988	4.68988	4.68988	4.68986	4.68986	4.68986	4.68986	
18101.4	6.86188e+17	2.7949e+17	1.22306e+17	7.73838e+16	1.54768e+17	2.32151e+17	3.09535e+17	3.86919e+17	4.64303e+17	5.41687e+17	6.1907e+17	6.9612e+17	7.58546e+17	3.35205e+17	8.60033e+15	5.84794e+15	5.13726e+15	2.24807e+15	1.42237e+15	2.84476e+15	4.26712e+15	5.6895e+15	7.11188e+15	8.53426e+15	9.95662e+15	1.1379e+16	1.2795e+16	2.32556e+16	3.09705e+17	4.54043e+17	4.71787	4.68988	4.68988	4.68988	4.68988	4.68988	4.68988	4.68988	4.68988	4.68988	4.68988	4.68986	4.68986	4.68986	4.68986	
18352.5	6.86162e+17	2.7949e+17	1.22306e+17	7.73838e+16	1.54768e+17	2.32151e+17	3.09535e+17	3.86919e+17	4.64303e+17	5.41686e+17	6.1907e+17	6.96119e+17	7.58546e+17	3.35205e+17	8.60033e+15	5.86408e+15	5.13728e+15	2.24808e+15	1.42238e+15	2.84477e+15	4.26714e+15	5.68952e+15	7.1119e+15	8.5343e+15	9.95666e+15	1.13791e+16	1.2795e+16	2.32556e+16	3.09705e+17	4.54043e+17	4.71984	4.68988	4.68988	4.68988	4.68988	4.68988	4.68988	4.68988	4.68988	4.68988	4.68988	4.68986	4.68986	4.68986	4.68986	
18603.2	6.86137e+17	2.7949e+17	1.22306e+17	7.73838e+16	1.54768e+17	2.32151e+17	3.09535e+17	3.86919e+17	4.64303e+17	5.41686e+17	6.1907e+17	6.96119e+17	7.58546e+17	3.35205e+17	8.60033e+15	5.88046e+15	5.13731e+15	2.24809e+15	1.42239e+15	2.84479e+15	4.26716e+15	5.68955e+15	7.11194e+15	8.53433e+15	9.9567e+15	1.13791e+16	1.2795e+16	2.32556e+16	3.09705e+17	4.54043e+17	4.72184	4.68988	4.68988	4.68988	4.68988	4.68988	4.68988	4.68988	4.68988	4.68988	4.68988	4.68986	4.68986	4.68986	4.68986	
18853.8	6.86111e+17	2.7949e+17	1.22306e+17	7.73838e+16	1.54767e+17	2.32151e+17	3.09535e+17	3.86919e+17	4.64303e+17	5.41686e+17	6.1907e+17	6.96119e+17	7.58546e+17	3.35205e+17	8.60033e+15	5.89704e+15	5.13733e+15	2.2481e+15	1.42239e+15	2.8448e+15	4.26718e+15	5.68958e+15	7.11197e+15	8.53438e+15	9.95676e+15	1.13792e+16	1.2795e+16	2.32556e+16	3.09705e+17	4.54043e+17	4.72386	4.68989	4.68989	4.68989	4.68989	4.68989	4.68989	4.68989	4.68989	4.68989	4.68989	4.68986	4.68986	4.68986	4.68986	
19105.2	6.86084e+17	2.7949e+17	1.22306e+17	7.73837e+16	1.54767e+17	2.32151e+17	3.09535e+17	3.86919e+17	4.64302e+17	5.41686e+17	6.1907e+17	6.96118e+17	7.58546e+17	3.35205e+17	8.60033e+15	5.91382e+15	5.13736e+15	2.24811e+15	1.4224e+15	2.84482e+15	4.26721e+15	5.68961e+15	7.11202e+15	8.53443e+15	9.95682e+15	1.13792e+16	1.2795e+16	2.32556e+16	3.09705e+17	4.54043e+17	4.7259	4.68989	4.68989	4.68989	4.68989	4.68989	4.68989	4.68989	4.68989	4.68989	4.68989	4.68986	4.68986	4.68986	4.68986	
19359.3	6.86057e+17	2.7949e+17	1.22306e+17	7.73837e+16	1.54767e+17	2.32151e+17	3.09535e+17	3.86919e+17	4.64302e+17	5.41686e+17	6.1907e+17	6.96118e+17	7.58546e+17	3.35205e+17	8.60033e+15	5.93087e+15	5.1374e+15	2.24813e+15	1.42241e+15	2.84484e+15	4.26724e+15	5.68965e+15	7.11207e+15	8.53449e+15	9.95689e+15	1.13793e+16	1.2795e+16	2.32556e+16	3.09705e+17	4.54043e+17	4.72798	4.6899	4.6899	4.6899	4.6899	4.6899	4.6899	4.6899	4.6899	4.6899	4.6899	4.68986	4.68986	4.68986	4.68986	
19610.3	6.86031e+17	2.7949e+17	1.22306e+17	7.73837e+16	1.54767e+17	2.32151e+17	3.09535e+17	3.86919e+17	4.64302e+17	5.41686e+17	6.1907e+17	6.96118e+17	7.58546e+17	3.35205e+17	8.60033e+15	5.94773e+15	5.13744e+15	2.24815e+15	1.42242e+15	2.84486e+15	4.26727e+15	5.6897e+15	7.11212e+15	8.53456e+15	9.95697e+15	1.13794e+16	1.2795e+16	2.32556e+16	3.09705e+17	4.54043e+17	4.73003	4.6899	4.6899	4.6899	4.6899	4.6899	4.6899	4.6899	4.6899	4.6899	4.6899	4.68986	4.68986	4.68986	4.68986	
19861	6.86004e+17	2.7949e+17	1.22306e+17	7.73837e+16	1.54767e+17	2.32151e+17	3.09535e+17	3.86918e+17	4.64302e+17	5.41686e+17	6.19069e+17	6.96118e+17	7.58546e+17	3.35205e+17	8.60033e+15	5.96455e+15	5.13749e+15	2.24817e+15	1.42244e+15	2.84489e+15	4.26731e+15	5.68975e+15	7.11219e+15	8.53464e+15	9.95706e+15	1.13795e+16	1.2795e+16	2.32556e+16	3.09705e+17	4.54043e+17	4.73207	4.68991	4.68991	4.68991	4.68991	4.68991	4.68991	4.68991	4.68991	4.68991	4.68991	4.68986	4.68986	4.68986	4.68986	
20111.6	6.85978e+17	2.7949e+17	1.22305e+17	7.73837e+16	1.54767e+17	2.32151e+17	3.09535e+17	3.86918e+17	4.64302e+17	5.41686e+17	6.19069e+17	6.96117e+17	7.58547e+17	3.35205e+17	8.60033e+15	5.98127e+15	5.13755e+15	2.24819e+15	1.42245e+15	2.84492e+15	4.26736e+15	5.68981e+15	7.11227e+15	8.53473e+15	9.95717e+15	1.13797e+16	1.2795e+16	2.32556e+16	3.09705e+17	4.54043e+17	4.73409	4.68992	4.68992	4.68992	4.68992	4.68992	4.68992	4.68992	4.68992	4.68992	4.68992	4.68986	4.68986	4.68986	4.68986	
20363.1	6.85952e+17	2.7949e+17	1.22305e+17	7.73836e+16	1.54767e+17	2.32151e+17	3.09535e+17	3.86918e+17	4.64302e+17	5.41686e+17	6.19069e+17	6.96116e+17	7.58546e+17	3.35205e+17	8.60033e+15	5.9979e+15	5.13761e+15	2.24822e+15	1.42247e+15	2.84496e+15	4.26741e+15	5.68989e+15	7.11236e+15	8.53484e+15	9.9573e+15	1.13798e+16	1.27949e+16	2.32556e+16	3.09705e+17	4.54043e+17	4.7361	4.68993	4.68993	4.68993	4.68993	4.68993	4.68993	4.68993	4.68993	4.68993	4.68993	4.68986	4.68986	4.68986	4.68986	
20615	6.85926e+17	2.7949e+17	1.22305e+17	7.73836e+16	1.54767e+17	2.32151e+17	3.09535e+17	3.86918e+17	4.64302e+17	5.41685e+17	6.19069e+17	6.96103e+17	7.5853e+17	3.35208e+17	8.60033e+15	6.01437e+15	5.13769e+15	2.24826e+15	1.42249e+15	2.845e+15	4.26747e+15	5.68997e+15	7.11246e+15	8.53497e+15	9.95744e+15	1.138e+16	1.27947e+16	2.32551e+16	3.09707e+17	4.54043e+17	4.73809	4.68994	4.68994	4.68994	4.68994	4.68994	4.68994	4.68994	4.68994	4.68994	4.68994	4.68986	4.68986	4.68986	4.68986	
20866.5	6.85901e+17	2.7949e+17	1.22305e+17	7.73836e+16	1.54767e+17	2.32151e+17	3.09534e+17	3.86918e+17	4.64302e+17	5.41685e+17	6.19052e+17	6.96063e+17	7.58504e+17	3.35213e+17	8.60033e+15	6.03056e+15	5.13777e+15	2.24829e+15	1.42251e+15	2.84505e+15	4.26755e+15	5.69006e+15	7.11258e+15	8.53511e+15	9.95761e+15	1.13798e+16	1.2794e+16	2.32543e+16	3.09711e+17	4.54043e+17	4.74005	4.68995	4.68995	4.68995	4.68995	4.68995	4.68995	4.68995	4.68995	4.68995	4.68995	4.68986	4.68986	4.68986	4.68986	
21117	6.85877e+17	2.79489e+17	1.22305e+17	7.73836e+16	1.54767e+17	2.32151e+17	3.09534e+17	3.86918e+17	4.64301e+17	5.41685e+17	6.18976e+17	6.95953e+17	7.58481e+17	3.35216e+17	8.60033e+15	6.04641e+15	5.13787e+15	2.24834e+15	1.42254e+15	2.8451e+15	4.26763e+15	5.69017e+15	7.11272e+15	8.53527e+15	9.9578e+15	1.13786e+16	1.2792e+16	2.32536e+16	3.09715e+17	4.54043e+17	4.74196	4.68996	4.68996	4.68996	4.68996	4.68996	4.68996	4.68996	4.68996	4.68996	4.68996	4.68986	4.68986	4.68986	4.68986	
21370.5	6.85852e+17	2.79489e+17	1.22305e+17	7.73836e+16	1.54767e+17	2.32151e+17	3.09534e+17	3.86918e+17	4.64301e+17	5.41685e+17	6.18913e+17	6.95852e+17	7.58465e+17	3.35219e+17	8.60033e+15	6.06211e+15	5.13798e+15	2.24838e+15	1.42257e+15	2.84516e+15	4.26772e+15	5.6903e+15	7.11287e+15	8.53546e+15	9.95801e+15	1.13777e+16	1.27901e+16	2.32532e+16	3.09717e+17	4.54043e+17	4.74384	4.68998	4.68998	4.68998	4.68998	4.68998	4.68998	4.68998	4.68998	4.68998	4.68997	4.68986	4.68986	4.68986	4.68986	
21623.2	6.85829e+17	2.79489e+17	1.22305e+17	7.73835e+16	1.54767e+17	2.32151e+17	3.09534e+17	3.86918e+17	4.64301e+17	5.41685e+17	6.18864e+17	6.95754e+17	7.58494e+17	3.3522e+17	8.60033e+15	6.07739e+15	5.13811e+15	2.24844e+15	1.42261e+15	2.84523e+15	4.26782e+15	5.69043e+15	7.11304e+15	8.53567e+15	9.95826e+15	1.1377e+16	1.27883e+16	2.3254e+16	3.09718e+17	4.54043e+17	4.74568	4.68999	4.68999	4.68999	4.68999	4.68999	4.68999	4.68999	4.68999	4.68999	4.68999	4.68986	4.68986	4.68986	4.68986	
21873.7	6.85806e+17	2.79489e+17	1.22305e+17	7.73835e+16	1.54767e+17	2.3215e+17	3.09534e+17	3.86917e+17	4.64301e+17	5.41684e+17	6.18826e+17	6.95652e+17	7.58533e+17	3.35221e+17	8.60033e+15	6.09214e+15	5.13825e+15	2.2485e+15	1.42265e+15	2.84531e+15	4.26794e+15	5.69059e+15	7.11324e+15	8.5359e+15	9.95853e+15	1.13765e+16	1.27864e+16	2.32552e+16	3.09719e+17	4.54043e+17	4.74745	4.69001	4.69001	4.69001	4.69001	4.69001	4.69001	4.69001	4.69001	4.69001	4.69	4.68986	4.68986	4.68986	4.68986	
22123.8	6.85784e+17	2.79489e+17	1.22305e+17	7.73834e+16	1.54767e+17	2.3215e+17	3.09534e+17	3.86917e+17	4.64301e+17	5.41684e+17	6.18795e+17	6.95539e+17	7.58574e+17	3.35211e+17	8.60033e+15	6.10643e+15	5.13841e+15	2.24857e+15	1.42269e+15	2.8454e+15	4.26807e+15	5.69076e+15	7.11346e+15	8.53616e+15	9.95884e+15	1.13762e+16	1.27843e+16	2.32565e+16	3.09709e+17	4.54043e+17	4.74916	4.69003	4.69003	4.69003	4.69003	4.69003	4.69003	4.69003	4.69003	4.69003	4.69001	4.68986	4.68986	4.68986	4.68986	
22376.6	6.85762e+17	2.79489e+17	1.22305e+17	7.73834e+16	1.54767e+17	2.3215e+17	3.09533e+17	3.86917e+17	4.643e+17	5.41684e+17	6.1877e+17	6.95404e+17	7.586e+17	3.35205e+17	8.60033e+15	6.12042e+15	5.13859e+15	2.24865e+15	1.42274e+15	2.8455e+15	4.26822e+15	5.69096e+15	7.11371e+15	8.53646e+15	9.95918e+15	1.1376e+16	1.27819e+16	2.32573e+16	3.09704e+17	4.54043e+17	4.75084	4.69006	4.69006	4.69006	4.69006	4.69006	4.69006	4.69006	4.69006	4.69006	4.69003	4.68986	4.68986	4.68986	4.68986	
22627.3	6.85741e+17	2.79488e+17	1.22305e+17	7.73833e+16	1.54767e+17	2.3215e+17	3.09533e+17	3.86916e+17	4.643e+17	5.41683e+17	6.1875e+17	6.95253e+17	7.58605e+17	3.35205e+17	8.60033e+15	6.13382e+15	5.13878e+15	2.24874e+15	1.42279e+15	2.84561e+15	4.26839e+15	5.69118e+15	7.11398e+15	8.53679e+15	9.95957e+15	1.13758e+16	1.27791e+16	2.32574e+16	3.09704e+17	4.54043e+17	4.75244	4.69009	4.69009	4.69009	4.69009	4.69009	4.69009	4.69009	4.69009	4.69009	4.69004	4.68986	4.68986	4.68986	4.68986	
22877.6	6.85721e+17	2.79488e+17	1.22305e+17	7.73832e+16	1.54766e+17	2.3215e+17	3.09533e+17	3.86916e+17	4.64299e+17	5.41647e+17	6.18693e+17	6.95094e+17	7.58595e+17	3.35205e+17	8.60033e+15	6.1467e+15	5.13901e+15	2.24883e+15	1.42286e+15	2.84573e+15	4.26857e+15	5.69143e+15	7.11429e+15	8.53716e+15	9.95933e+15	1.1375e+16	1.27762e+16	2.32571e+16	3.09704e+17	4.54043e+17	4.75398	4.69012	4.69012	4.69012	4.69012	4.69012	4.69012	4.69012	4.69012	4.69012	4.69005	4.68986	4.68986	4.68986	4.68986	
23129.3	6.85702e+17	2.79488e+17	1.22305e+17	7.73831e+16	1.54766e+17	2.32149e+17	3.09533e+17	3.86916e+17	4.64299e+17	5.41606e+17	6.18631e+17	6.94947e+17	7.58581e+17	3.35205e+17	8.60033e+15	6.15914e+15	5.13925e+15	2.24894e+15	1.42292e+15	2.84587e+15	4.26878e+15	5.6917e+15	7.11463e+15	8.53757e+15	9.95903e+15	1.13741e+16	1.27735e+16	2.32567e+16	3.09704e+17	4.54043e+17	4.75546	4.69015	4.69015	4.69015	4.69015	4.69015	4.69015	4.69015	4.69015	4.69015	4.69007	4.68986	4.68986	4.68986	4.68986	
23380.5	6.85684e+17	2.79488e+17	1.22304e+17	7.7383e+16	1.54766e+17	2.32149e+17	3.09532e+17	3.86915e+17	4.64298e+17	5.41576e+17	6.18585e+17	6.94819e+17	7.58568e+17	3.35205e+17	8.60033e+15	6.17104e+15	5.13953e+15	2.24906e+15	1.423e+15	2.84602e+15	4.269e+15	5.69201e+15	7.11501e+15	8.53802e+15	9.95895e+15	1.13734e+16	1.27711e+16	2.32563e+16	3.09704e+17	4.54043e+17	4.75689	4.69019	4.69019	4.69019	4.69019	4.69019	4.69019	4.69019	4.69019	4.69018	4.69008	4.68986	4.68986	4.68986	4.68986	
23631.2	6.85667e+17	2.79487e+17	1.22304e+17	7.73829e+16	1.54766e+17	2.32149e+17	3.09532e+17	3.86915e+17	4.64298e+17	5.41555e+17	6.18549e+17	6.94714e+17	7.58558e+17	3.35205e+17	8.60033e+15	6.18239e+15	5.13983e+15	2.24919e+15	1.42308e+15	2.84619e+15	4.26926e+15	5.69234e+15	7.11543e+15	8.53853e+15	9.95904e+15	1.1373e+16	1.27692e+16	2.3256e+16	3.09704e+17	4.54043e+17	4.75824	4.69023	4.69023	4.69023	4.69023	4.69023	4.69023	4.69023	4.69023	4.69021	4.69009	4.68986	4.68986	4.68986	4.68986	
23881.4	6.8565e+17	2.79487e+17	1.22304e+17	7.73828e+16	1.54766e+17	2.32148e+17	3.09531e+17	3.86914e+17	4.64297e+17	5.41538e+17	6.18521e+17	6.94632e+17	7.58551e+17	3.35205e+17	8.60033e+15	6.1932e+15	5.14017e+15	2.24934e+15	1.42318e+15	2.84637e+15	4.26953e+15	5.69271e+15	7.1159e+15	8.53909e+15	9.95926e+15	1.13726e+16	1.27677e+16	2.32558e+16	3.09704e+17	4.54043e+17	4.75953	4.69028	4.69028	4.69028	4.69028	4.69028	4.69028	4.69028	4.69028	4.69025	4.6901	4.68986	4.68986	4.68986	4.68986	
24131.5	6.85635e+17	2.79486e+17	1.22304e+17	7.73827e+16	1.54765e+17	2.32148e+17	3.09531e+17	3.86913e+17	4.64296e+17	5.41526e+17	6.18498e+17	6.94573e+17	7.58546e+17	3.35205e+17	8.60033e+15	6.20348e+15	5.14054e+15	2.2495e+15	1.42328e+15	2.84658e+15	4.26984e+15	5.69312e+15	7.11641e+15	8.5397e+15	9.95957e+15	1.13724e+16	1.27666e+16	2.32556e+16	3.09704e+17	4.54043e+17	4.76076	4.69033	4.69033	4.69033	4.69033	4.69033	4.69033	4.69033	4.69033	4.69029	4.69011	4.68986	4.68986	4.68986	4.68986	
24382.1	6.8562e+17	2.79486e+17	1.22304e+17	7.73825e+16	1.54765e+17	2.32148e+17	3.0953e+17	3.86913e+17	4.64295e+17	5.41516e+17	6.1848e+17	6.94535e+17	7.58542e+17	3.35205e+17	8.60033e+15	6.21325e+15	5.14094e+15	2.24968e+15	1.42339e+15	2.8468e+15	4.27018e+15	5.69357e+15	7.11697e+15	8.54038e+15	9.95997e+15	1.13722e+16	1.27659e+16	2.32555e+16	3.09704e+17	4.54043e+17	4.76192	4.69038	4.69038	4.69038	4.69038	4.69038	4.69038	4.69038	4.69038	4.69033	4.69012	4.68986	4.68986	4.68986	4.68986	
24632.8	6.85606e+17	2.79485e+17	1.22303e+17	7.73824e+16	1.54765e+17	2.32147e+17	3.09529e+17	3.86912e+17	4.64294e+17	5.41508e+17	6.18465e+17	6.94515e+17	7.5854e+17	3.35205e+17	8.60033e+15	6.22251e+15	5.14139e+15	2.24988e+15	1.42352e+15	2.84705e+15	4.27055e+15	5.69407e+15	7.11759e+15	8.54112e+15	9.96044e+15	1.13721e+16	1.27655e+16	2.32555e+16	3.09704e+17	4.54043e+17	4.76303	4.69044	4.69044	4.69044	4.69044	4.69044	4.69044	4.69044	4.69044	4.69037	4.69013	4.68986	4.68986	4.68986	4.68986	
24883.8	6.85592e+17	2.79484e+17	1.22303e+17	7.73822e+16	1.54764e+17	2.32147e+17	3.09529e+17	3.86911e+17	4.64293e+17	5.41502e+17	6.18453e+17	6.94511e+17	7.5854e+17	3.35205e+17	8.60033e+15	6.23128e+15	5.14188e+15	2.25009e+15	1.42365e+15	2.84732e+15	4.27096e+15	5.69461e+15	7.11827e+15	8.54193e+15	9.96097e+15	1.1372e+16	1.27654e+16	2.32554e+16	3.09704e+17	4.54043e+17	4.76408	4.69051	4.69051	4.69051	4.69051	4.69051	4.69051	4.69051	4.69051	4.69041	4.69014	4.68986	4.68986	4.68986	4.68986	
25134.8	6.8558e+17	2.79484e+17	1.22303e+17	7.7382e+16	1.54764e+17	2.32146e+17	3.09528e+17	3.8691e+17	4.64292e+17	5.41496e+17	6.18443e+17	6.94521e+17	7.58524e+17	3.35205e+17	8.60033e+15	6.23954e+15	5.14242e+15	2.25032e+15	1.4238e+15	2.84762e+15	4.2714e+15	5.6952e+15	7.11901e+15	8.54282e+15	9.96157e+15	1.13719e+16	1.27656e+16	2.32549e+16	3.09704e+17	4.54043e+17	4.76507	4.69058	4.69058	4.69058	4.69058	4.69058	4.69058	4.69058	4.69058	4.69046	4.69015	4.68986	4.68986	4.68986	4.68986	
25387	6.85568e+17	2.79483e+17	1.22302e+17	7.73817e+16	1.54763e+17	2.32145e+17	3.09527e+17	3.86909e+17	4.6429e+17	5.41491e+17	6.18433e+17	6.94539e+17	7.58521e+17	3.35205e+17	8.60033e+15	6.24735e+15	5.143e+15	2.25058e+15	1.42396e+15	2.84794e+15	4.27189e+15	5.69586e+15	7.11982e+15	8.5438e+15	9.96221e+15	1.13719e+16	1.2766e+16	2.32549e+16	3.09704e+17	4.54043e+17	4.76601	4.69067	4.69067	4.69067	4.69067	4.69067	4.69067	4.69067	4.69067	4.69051	4.69016	4.68986	4.68986	4.68986	4.68986	
25639.7	6.85557e+17	2.79482e+17	1.22302e+17	7.73815e+16	1.54763e+17	2.32144e+17	3.09526e+17	3.86907e+17	4.64289e+17	5.41488e+17	6.18428e+17	6.94579e+17	7.58521e+17	3.35205e+17	8.60033e+15	6.2547e+15	5.14364e+15	2.25086e+15	1.42414e+15	2.8483e+15	4.27242e+15	5.69656e+15	7.12071e+15	8.54486e+15	9.96294e+15	1.1372e+16	1.27667e+16	2.32549e+16	3.09704e+17	4.54043e+17	4.7669	4.69075	4.69075	4.69075	4.69075	4.69075	4.69075	4.69075	4.69075	4.69057	4.69016	4.68986	4.68986	4.68986	4.68986	
25889.9	6.85547e+17	2.79481e+17	1.22302e+17	7.73812e+16	1.54762e+17	2.32144e+17	3.09525e+17	3.86906e+17	4.64287e+17	5.41496e+17	6.1845e+17	6.94714e+17	7.58521e+17	3.35205e+17	8.60033e+15	6.26151e+15	5.14433e+15	2.25116e+15	1.42433e+15	2.84868e+15	4.27299e+15	5.69733e+15	7.12166e+15	8.546e+15	9.96392e+15	1.13725e+16	1.27692e+16	2.32549e+16	3.09704e+17	4.54043e+17	4.76773	4.69085	4.69085	4.69085	4.69085	4.69085	4.69085	4.69085	4.69085	4.69063	4.69017	4.68986	4.68986	4.68986	4.68986	
26142.3	6.85537e+17	2.7948e+17	1.22301e+17	7.73809e+16	1.54762e+17	2.32143e+17	3.09524e+17	3.86904e+17	4.64285e+17	5.41513e+17	6.18488e+17	6.9489e+17	7.58521e+17	3.35205e+17	8.60033e+15	6.26793e+15	5.14508e+15	2.25149e+15	1.42454e+15	2.84909e+15	4.27362e+15	5.69816e+15	7.1227e+15	8.54726e+15	9.96517e+15	1.13734e+16	1.27724e+16	2.32549e+16	3.09704e+17	4.54043e+17	4.76851	4.69095	4.69095	4.69095	4.69095	4.69095	4.69095	4.69095	4.69095	4.69069	4.69018	4.68986	4.68986	4.68986	4.68986	
26394.5	6.85528e+17	2.79479e+17	1.22301e+17	7.73805e+16	1.54761e+17	2.32142e+17	3.09522e+17	3.86903e+17	4.64283e+17	5.41537e+17	6.18535e+17	6.95062e+17	7.58521e+17	3.35205e+17	8.60033e+15	6.27392e+15	5.1459e+15	2.25185e+15	1.42476e+15	2.84955e+15	4.2743e+15	5.69906e+15	7.12383e+15	8.54861e+15	9.96664e+15	1.13745e+16	1.27756e+16	2.32549e+16	3.09704e+17	4.54043e+17	4.76924	4.69106	4.69106	4.69106	4.69106	4.69106	4.69106	4.69106	4.69106	4.69076	4.6902	4.68986	4.68986	4.68986	4.68986	
26647.7	6.85519e+17	2.79477e+17	1.223e+17	7.73802e+16	1.5476e+17	2.32141e+17	3.09521e+17	3.86901e+17	4.64281e+17	5.41568e+17	6.18588e+17	6.95215e+17	7.58521e+17	3.35205e+17	8.60033e+15	6.27952e+15	5.14678e+15	2.25224e+15	1.42501e+15	2.85003e+15	4.27503e+15	5.70004e+15	7.12506e+15	8.55008e+15	9.96836e+15	1.13757e+16	1.27784e+16	2.32549e+16	3.09704e+17	4.54043e+17	4.76994	4.69119	4.69119	4.69119	4.69119	4.69119	4.69119	4.69119	4.69119	4.69084	4.69021	4.68986	4.68986	4.68986	4.68986	
26898.6	6.85512e+17	2.79476e+17	1.22299e+17	7.73798e+16	1.5476e+17	2.32139e+17	3.09519e+17	3.86899e+17	4.64279e+17	5.41604e+17	6.18644e+17	6.95341e+17	7.58522e+17	3.35205e+17	8.60033e+15	6.28467e+15	5.14773e+15	2.25265e+15	1.42527e+15	2.85056e+15	4.27581e+15	5.70109e+15	7.12636e+15	8.55165e+15	9.97034e+15	1.13771e+16	1.27807e+16	2.32549e+16	3.09704e+17	4.54043e+17	4.77058	4.69132	4.69132	4.69132	4.69132	4.69132	4.69132	4.69132	4.69132	4.69093	4.69023	4.68986	4.68986	4.68986	4.68986	
27150.5	6.85504e+17	2.79474e+17	1.22299e+17	7.73793e+16	1.54759e+17	2.32138e+17	3.09517e+17	3.86897e+17	4.64276e+17	5.41646e+17	6.18706e+17	6.95445e+17	7.58522e+17	3.35205e+17	8.60033e+15	6.28948e+15	5.14875e+15	2.2531e+15	1.42555e+15	2.85112e+15	4.27666e+15	5.70222e+15	7.12777e+15	8.55334e+15	9.97261e+15	1.13786e+16	1.27826e+16	2.32549e+16	3.09704e+17	4.54043e+17	4.77118	4.69146	4.69146	4.69146	4.69146	4.69146	4.69146	4.69146	4.69146	4.69104	4.69026	4.68986	4.68986	4.68986	4.68986	
27402.2	6.85498e+17	2.79473e+17	1.22298e+17	7.73789e+16	1.54758e+17	2.32137e+17	3.09516e+17	3.86894e+17	4.64273e+17	5.41659e+17	6.18736e+17	6.95531e+17	7.5852e+17	3.35205e+17	8.60033e+15	6.29392e+15	5.14984e+15	2.25357e+15	1.42586e+15	2.85173e+15	4.27757e+15	5.70343e+15	7.12929e+15	8.55516e+15	9.97456e+15	1.13796e+16	1.27842e+16	2.32548e+16	3.09704e+17	4.54043e+17	4.77174	4.69161	4.69161	4.69161	4.69161	4.69161	4.69161	4.69161	4.69161	4.69115	4.69028	4.68986	4.68986	4.68986	4.68986	
27653.7	6.85491e+17	2.79471e+17	1.22297e+17	7.73784e+16	1.54757e+17	2.32135e+17	3.09514e+17	3.86892e+17	4.6427e+17	5.41657e+17	6.1875e+17	6.9557e+17	7.58514e+17	3.35205e+17	8.60033e+15	6.29802e+15	5.15102e+15	2.25409e+15	1.42618e+15	2.85238e+15	4.27855e+15	5.70473e+15	7.13092e+15	8.55711e+15	9.97636e+15	1.13804e+16	1.27849e+16	2.32546e+16	3.09704e+17	4.54043e+17	4.77227	4.69177	4.69177	4.69177	4.69177	4.69177	4.69177	4.69177	4.69177	4.69128	4.69032	4.68986	4.68986	4.68986	4.68986	
27904.7	6.85486e+17	2.79469e+17	1.22296e+17	7.73779e+16	1.54756e+17	2.32134e+17	3.09511e+17	3.86889e+17	4.64267e+17	5.41654e+17	6.18767e+17	6.95601e+17	7.58507e+17	3.35205e+17	8.60033e+15	6.3018e+15	5.15227e+15	2.25464e+15	1.42653e+15	2.85307e+15	4.27959e+15	5.70612e+15	7.13265e+15	8.55919e+15	9.9783e+15	1.13813e+16	1.27855e+16	2.32544e+16	3.09704e+17	4.54043e+17	4.77275	4.69194	4.69194	4.69194	4.69194	4.69194	4.69194	4.69194	4.69194	4.69142	4.69035	4.68986	4.68986	4.68986	4.68986	
28157.8	6.85481e+17	2.79467e+17	1.22295e+17	7.73773e+16	1.54755e+17	2.32132e+17	3.09509e+17	3.86886e+17	4.64264e+17	5.41651e+17	6.18785e+17	6.95628e+17	7.58501e+17	3.35205e+17	8.60033e+15	6.30531e+15	5.15362e+15	2.25523e+15	1.4269e+15	2.85382e+15	4.28071e+15	5.70762e+15	7.13452e+15	8.56144e+15	9.98039e+15	1.13822e+16	1.2786e+16	2.32542e+16	3.09704e+17	4.54043e+17	4.7732	4.69213	4.69213	4.69213	4.69213	4.69213	4.69213	4.69213	4.69213	4.69157	4.69039	4.68986	4.68986	4.68986	4.68986	
28410	6.85476e+17	2.79464e+17	1.22294e+17	7.73767e+16	1.54753e+17	2.3213e+17	3.09507e+17	3.86883e+17	4.6426e+17	5.41648e+17	6.18806e+17	6.95654e+17	7.58495e+17	3.35205e+17	8.60033e+15	6.30852e+15	5.15506e+15	2.25586e+15	1.4273e+15	2.85462e+15	4.2819e+15	5.70921e+15	7.13651e+15	8.56382e+15	9.98263e+15	1.13833e+16	1.27864e+16	2.3254e+16	3.09704e+17	4.54043e+17	4.77361	4.69232	4.69232	4.69232	4.69232	4.69232	4.69232	4.69232	4.69232	4.69172	4.69043	4.68986	4.68986	4.68986	4.68986	
28661.6	6.85471e+17	2.79462e+17	1.22293e+17	7.7376e+16	1.54752e+17	2.32128e+17	3.09504e+17	3.8688e+17	4.64256e+17	5.41645e+17	6.1883e+17	6.9568e+17	7.58489e+17	3.35205e+17	8.60033e+15	6.31147e+15	5.15658e+15	2.25652e+15	1.42772e+15	2.85546e+15	4.28317e+15	5.7109e+15	7.13862e+15	8.56636e+15	9.98502e+15	1.13845e+16	1.27869e+16	2.32539e+16	3.09704e+17	4.54043e+17	4.77398	4.69253	4.69253	4.69253	4.69253	4.69253	4.69253	4.69253	4.69253	4.69189	4.69047	4.68986	4.68986	4.68986	4.68986	
28912.3	6.85467e+17	2.7946e+17	1.22292e+17	7.73753e+16	1.54751e+17	2.32126e+17	3.09501e+17	3.86877e+17	4.64252e+17	5.41641e+17	6.18855e+17	6.95709e+17	7.58485e+17	3.35205e+17	8.60033e+15	6.31415e+15	5.1582e+15	2.25723e+15	1.42817e+15	2.85636e+15	4.28451e+15	5.71269e+15	7.14086e+15	8.56904e+15	9.98757e+15	1.13858e+16	1.27875e+16	2.32538e+16	3.09704e+17	4.54043e+17	4.7743	4.69275	4.69275	4.69275	4.69275	4.69275	4.69275	4.69275	4.69275	4.69207	4.69053	4.68986	4.68986	4.68986	4.68986	
29163.9	6.85464e+17	2.79457e+17	1.22291e+17	7.73746e+16	1.54749e+17	2.32124e+17	3.09498e+17	3.86873e+17	4.64247e+17	5.41637e+17	6.18884e+17	6.95741e+17	7.57386e+17	3.35205e+17	8.60033e+15	6.31662e+15	5.15992e+15	2.25799e+15	1.42865e+15	2.85731e+15	4.28594e+15	5.71459e+15	7.14324e+15	8.5719e+15	9.99029e+15	1.13873e+16	1.2788e+16	2.32201e+16	3.09704e+17	4.54043e+17	4.77458	4.69299	4.69299	4.69299	4.69299	4.69299	4.69299	4.69299	4.69299	4.69227	4.69058	4.68986	4.68986	4.68986	4.68986	
29414.9	6.8546e+17	2.79454e+17	1.2229e+17	7.73738e+16	1.54748e+17	2.32121e+17	3.09495e+17	3.86869e+17	4.64243e+17	5.41633e+17	6.18916e+17	6.95779e+17	7.58543e+17	3.35205e+17	8.60033e+15	6.31888e+15	5.16174e+15	2.25878e+15	1.42915e+15	2.85832e+15	4.28745e+15	5.71661e+15	7.14576e+15	8.57493e+15	9.99319e+15	1.1389e+16	1.27887e+16	2.32555e+16	3.09704e+17	4.54043e+17	4.7748	4.69324	4.69324	4.69324	4.69324	4.69324	4.69324	4.69324	4.69324	4.69247	4.69065	4.68986	4.68986	4.68986	4.68986	
29667.1	6.85457e+17	2.79451e+17	1.22289e+17	7.7373e+16	1.54746e+17	2.32119e+17	3.09492e+17	3.86865e+17	4.64238e+17	5.41628e+17	6.18951e+17	6.95821e+17	7.58536e+17	3.35205e+17	8.60033e+15	6.32094e+15	5.16368e+15	2.25963e+15	1.42969e+15	2.85939e+15	4.28906e+15	5.71875e+15	7.14844e+15	8.57814e+15	9.99629e+15	1.13908e+16	1.27895e+16	2.32553e+16	3.09704e+17	4.54043e+17	4.77495	4.69351	4.69351	4.69351	4.69351	4.69351	4.69351	4.69351	4.69351	4.69269	4.69072	4.68986	4.68986	4.68986	4.68986	
29917.3	6.85455e+17	2.79448e+17	1.22287e+17	7.73721e+16	1.54744e+17	2.32116e+17	3.09488e+17	3.8686e+17	4.64232e+17	5.41623e+17	6.18986e+17	6.95866e+17	7.58531e+17	3.35205e+17	8.60033e+15	6.3228e+15	5.16571e+15	2.26052e+15	1.43025e+15	2.86051e+15	4.29075e+15	5.721e+15	7.15125e+15	8.58151e+15	9.99955e+15	1.13928e+16	1.27903e+16	2.32552e+16	3.09704e+17	4.54043e+17	4.77503	4.69378	4.69378	4.69378	4.69378	4.69378	4.69378	4.69378	4.69378	4.69292	4.6908	4.68986	4.68986	4.68986	4.68986	
30169.4	6.85452e+17	2.79445e+17	1.22286e+17	7.73712e+16	1.54742e+17	2.32113e+17	3.09485e+17	3.86856e+17	4.64227e+17	5.41618e+17	6.19021e+17	6.95915e+17	7.58527e+17	3.35205e+17	8.60033e+15	6.32451e+15	5.16786e+15	2.26146e+15	1.43085e+15	2.86171e+15	4.29254e+15	5.72339e+15	7.15424e+15	8.58509e+15	1.0003e+16	1.1395e+16	1.27912e+16	2.3255e+16	3.09704e+17	4.54043e+17	4.77501	4.69408	4.69408	4.69408	4.69408	4.69408	4.69408	4.69408	4.69408	4.69317	4.6909	4.68986	4.68986	4.68986	4.68986	
30419.7	6.8545e+17	2.79441e+17	1.22284e+17	7.73702e+16	1.5474e+17	2.32111e+17	3.09481e+17	3.86851e+17	4.64221e+17	5.41612e+17	6.19037e+17	6.95951e+17	7.58525e+17	3.35205e+17	8.60033e+15	6.32605e+15	5.17012e+15	2.26245e+15	1.43147e+15	2.86295e+15	4.29441e+15	5.72588e+15	7.15736e+15	8.58884e+15	1.00067e+16	1.13971e+16	1.27919e+16	2.3255e+16	3.09704e+17	4.54043e+17	4.77487	4.69439	4.69439	4.69439	4.69439	4.69439	4.69439	4.69439	4.69439	4.69343	4.691	4.68986	4.68986	4.68986	4.68986	
30671	6.85448e+17	2.79437e+17	1.22283e+17	7.73691e+16	1.54738e+17	2.32107e+17	3.09477e+17	3.86846e+17	4.64215e+17	5.41606e+17	6.19035e+17	6.95973e+17	7.58525e+17	3.35202e+17	8.60033e+15	6.32746e+15	5.1725e+15	2.26349e+15	1.43213e+15	2.86427e+15	4.29639e+15	5.72852e+15	7.16065e+15	8.59279e+15	1.00106e+16	1.13989e+16	1.27923e+16	2.3255e+16	3.09702e+17	4.54043e+17	4.7746	4.69471	4.69471	4.69471	4.69471	4.69471	4.69471	4.69471	4.69471	4.6937	4.69112	4.68986	4.68986	4.68986	4.68986	
30924	6.85446e+17	2.79433e+17	1.22281e+17	7.73681e+16	1.54736e+17	2.32104e+17	3.09472e+17	3.8684e+17	4.64208e+17	5.416e+17	6.19034e+17	6.95995e+17	7.58526e+17	3.352e+17	8.60033e+15	6.32873e+15	5.17502e+15	2.26459e+15	1.43283e+15	2.86567e+15	4.29848e+15	5.73131e+15	7.16414e+15	8.59698e+15	1.00147e+16	1.1401e+16	1.27927e+16	2.3255e+16	3.09699e+17	4.54043e+17	4.77415	4.69506	4.69506	4.69506	4.69506	4.69506	4.69506	4.69506	4.69506	4.69399	4.69124	4.68986	4.68986	4.68986	4.68986	
31174.4	6.85445e+17	2.79429e+17	1.22279e+17	7.73669e+16	1.54734e+17	2.32101e+17	3.09468e+17	3.86835e+17	4.64202e+17	5.41593e+17	6.19031e+17	6.96017e+17	7.58529e+17	3.35197e+17	8.60033e+15	6.32988e+15	5.17763e+15	2.26573e+15	1.43355e+15	2.86711e+15	4.30065e+15	5.7342e+15	7.16776e+15	8.60132e+15	1.0019e+16	1.14031e+16	1.27931e+16	2.32551e+16	3.09697e+17	4.54043e+17	4.77351	4.69542	4.69542	4.69542	4.69542	4.69542	4.69542	4.69542	4.69542	4.6943	4.69137	4.68986	4.68986	4.68986	4.68986	
31425.3	6.85443e+17	2.79425e+17	1.22277e+17	7.73657e+16	1.54731e+17	2.32097e+17	3.09463e+17	3.86829e+17	4.64194e+17	5.41586e+17	6.19029e+17	6.96038e+17	7.58534e+17	3.35195e+17	8.60033e+15	6.33091e+15	5.18037e+15	2.26694e+15	1.43431e+15	2.86863e+15	4.30293e+15	5.73724e+15	7.17156e+15	8.60588e+15	1.00236e+16	1.14055e+16	1.27935e+16	2.32552e+16	3.09695e+17	4.54043e+17	4.77262	4.69579	4.69579	4.69579	4.69579	4.69579	4.69579	4.69579	4.69579	4.69462	4.69152	4.68986	4.68986	4.68986	4.68986	
31678	6.85442e+17	2.7942e+17	1.22275e+17	7.73645e+16	1.54729e+17	2.32093e+17	3.09458e+17	3.86822e+17	4.64187e+17	5.41579e+17	6.19026e+17	6.96058e+17	7.58541e+17	3.35193e+17	8.60033e+15	6.33185e+15	5.18326e+15	2.2682e+15	1.43511e+15	2.87023e+15	4.30533e+15	5.74044e+15	7.17556e+15	8.61068e+15	1.00284e+16	1.1408e+16	1.27939e+16	2.32555e+16	3.09693e+17	4.54043e+17	4.77143	4.69619	4.69619	4.69619	4.69619	4.69619	4.69619	4.69619	4.69619	4.69496	4.69167	4.68986	4.68986	4.68986	4.68986	
31928.3	6.85441e+17	2.79416e+17	1.22273e+17	7.73632e+16	1.54726e+17	2.3209e+17	3.09453e+17	3.86816e+17	4.64179e+17	5.41571e+17	6.19022e+17	6.96078e+17	7.58549e+17	3.35191e+17	8.60033e+15	6.33268e+15	5.18625e+15	2.26951e+15	1.43594e+15	2.87189e+15	4.30782e+15	5.74376e+15	7.1797e+15	8.61565e+15	1.00334e+16	1.14107e+16	1.27943e+16	2.32557e+16	3.09691e+17	4.54043e+17	4.76992	4.6966	4.6966	4.6966	4.6966	4.6966	4.6966	4.6966	4.6966	4.69531	4.69184	4.68986	4.68986	4.68986	4.68986	
32180.1	6.8544e+17	2.79411e+17	1.22271e+17	7.73618e+16	1.54724e+17	2.32085e+17	3.09447e+17	3.86809e+17	4.64171e+17	5.41563e+17	6.19018e+17	6.96098e+17	7.5856e+17	3.3519e+17	8.60033e+15	6.33343e+15	5.18939e+15	2.27088e+15	1.43681e+15	2.87363e+15	4.31042e+15	5.74723e+15	7.18404e+15	8.62086e+15	1.00386e+16	1.14135e+16	1.27946e+16	2.3256e+16	3.0969e+17	4.54043e+17	4.768	4.69703	4.69703	4.69703	4.69703	4.69703	4.69703	4.69703	4.69703	4.69569	4.69201	4.68986	4.68986	4.68986	4.68986	
32432.1	6.85439e+17	2.79406e+17	1.22269e+17	7.73604e+16	1.54721e+17	2.32081e+17	3.09442e+17	3.86802e+17	4.64162e+17	5.41554e+17	6.19014e+17	6.96118e+17	7.58572e+17	3.35189e+17	8.60033e+15	6.3341e+15	5.19266e+15	2.27231e+15	1.43771e+15	2.87544e+15	4.31314e+15	5.75085e+15	7.18857e+15	8.62629e+15	1.00442e+16	1.14166e+16	1.2795e+16	2.32564e+16	3.0969e+17	4.54043e+17	4.76562	4.69747	4.69747	4.69747	4.69747	4.69747	4.69747	4.69747	4.69747	4.69607	4.6922	4.68986	4.68986	4.68986	4.68986	
32685.1	6.85438e+17	2.794e+17	1.22266e+17	7.73589e+16	1.54718e+17	2.32077e+17	3.09436e+17	3.86795e+17	4.64153e+17	5.41545e+17	6.19009e+17	6.96138e+17	7.58586e+17	3.35189e+17	8.60033e+15	6.3347e+15	5.19608e+15	2.27381e+15	1.43866e+15	2.87733e+15	4.31598e+15	5.75464e+15	7.1933e+15	8.63197e+15	1.00499e+16	1.14199e+16	1.27954e+16	2.32569e+16	3.09689e+17	4.54043e+17	4.76269	4.69794	4.69794	4.69794	4.69794	4.69794	4.69794	4.69794	4.69794	4.69648	4.69241	4.68987	4.68986	4.68986	4.68986	
32935.2	6.85438e+17	2.79395e+17	1.22264e+17	7.73574e+16	1.54715e+17	2.32072e+17	3.0943e+17	3.86787e+17	4.64144e+17	5.41536e+17	6.19004e+17	6.96157e+17	7.58602e+17	3.35189e+17	8.60033e+15	6.33522e+15	5.19959e+15	2.27535e+15	1.43963e+15	2.87928e+15	4.3189e+15	5.75853e+15	7.19817e+15	8.63781e+15	1.00559e+16	1.14233e+16	1.27957e+16	2.32573e+16	3.09689e+17	4.54043e+17	4.75919	4.69842	4.69842	4.69842	4.69842	4.69842	4.69842	4.69842	4.69842	4.6969	4.69262	4.68987	4.68986	4.68986	4.68986	
33186.5	6.85437e+17	2.79389e+17	1.22261e+17	7.73558e+16	1.54712e+17	2.32067e+17	3.09423e+17	3.86779e+17	4.64135e+17	5.41526e+17	6.18999e+17	6.96176e+17	7.58618e+17	3.35189e+17	8.60033e+15	6.33569e+15	5.20325e+15	2.27695e+15	1.44064e+15	2.8813e+15	4.32194e+15	5.76259e+15	7.20323e+15	8.64389e+15	1.00622e+16	1.1427e+16	1.27961e+16	2.32578e+16	3.09689e+17	4.54043e+17	4.755	4.69892	4.69892	4.69892	4.69892	4.69892	4.69892	4.69892	4.69892	4.69735	4.69285	4.68987	4.68986	4.68986	4.68986	
33438.1	6.85437e+17	2.79383e+17	1.22259e+17	7.73541e+16	1.54708e+17	2.32062e+17	3.09417e+17	3.86771e+17	4.64125e+17	5.41516e+17	6.18993e+17	6.96194e+17	7.58636e+17	3.35189e+17	8.60033e+15	6.3361e+15	5.20706e+15	2.27861e+15	1.4417e+15	2.88341e+15	4.3251e+15	5.7668e+15	7.2085e+15	8.6502e+15	1.00687e+16	1.1431e+16	1.27965e+16	2.32584e+16	3.09689e+17	4.54043e+17	4.75003	4.69944	4.69944	4.69944	4.69944	4.69944	4.69944	4.69944	4.69944	4.69781	4.69309	4.68987	4.68986	4.68986	4.68986	
33690.7	6.85436e+17	2.79377e+17	1.22256e+17	7.73524e+16	1.54705e+17	2.32057e+17	3.0941e+17	3.86762e+17	4.64115e+17	5.41505e+17	6.18987e+17	6.96212e+17	7.58655e+17	3.35189e+17	8.60033e+15	6.33645e+15	5.21101e+15	2.28034e+15	1.44279e+15	2.8856e+15	4.32838e+15	5.77117e+15	7.21397e+15	8.65677e+15	1.00755e+16	1.14351e+16	1.27968e+16	2.3259e+16	3.0969e+17	4.54043e+17	4.74418	4.69998	4.69998	4.69998	4.69998	4.69998	4.69998	4.69998	4.69998	4.69829	4.69335	4.68987	4.68986	4.68986	4.68986	
33941.3	6.85436e+17	2.79371e+17	1.22253e+17	7.73507e+16	1.54701e+17	2.32052e+17	3.09403e+17	3.86753e+17	4.64104e+17	5.41494e+17	6.1898e+17	6.9623e+17	7.58674e+17	3.3519e+17	8.60033e+15	6.33675e+15	5.21506e+15	2.28212e+15	1.44391e+15	2.88784e+15	4.33174e+15	5.77566e+15	7.21958e+15	8.6635e+15	1.00825e+16	1.14395e+16	1.27971e+16	2.32595e+16	3.0969e+17	4.54043e+17	4.73744	4.70053	4.70053	4.70053	4.70053	4.70053	4.70053	4.70053	4.70053	4.69878	4.69362	4.68987	4.68986	4.68986	4.68986	
34191.6	6.85436e+17	2.79364e+17	1.2225e+17	7.73488e+16	1.54698e+17	2.32047e+17	3.09395e+17	3.86744e+17	4.64093e+17	5.41482e+17	6.18973e+17	6.96247e+17	7.58693e+17	3.35191e+17	8.60033e+15	6.337e+15	5.21924e+15	2.28395e+15	1.44507e+15	2.89016e+15	4.33522e+15	5.78029e+15	7.22537e+15	8.67045e+15	1.00898e+16	1.14441e+16	1.27975e+16	2.32601e+16	3.09691e+17	4.54043e+17	4.72968	4.7011	4.7011	4.7011	4.7011	4.7011	4.7011	4.7011	4.7011	4.69929	4.6939	4.68987	4.68986	4.68986	4.68986	
34442.7	6.85436e+17	2.79357e+17	1.22247e+17	7.7347e+16	1.54694e+17	2.32041e+17	3.09388e+17	3.86735e+17	4.64082e+17	5.41471e+17	6.18966e+17	6.96263e+17	7.58713e+17	3.35191e+17	8.60033e+15	6.33721e+15	5.22357e+15	2.28584e+15	1.44627e+15	2.89255e+15	4.33881e+15	5.78508e+15	7.23136e+15	8.67764e+15	1.00973e+16	1.1449e+16	1.27978e+16	2.32607e+16	3.09692e+17	4.54043e+17	4.72077	4.70169	4.70169	4.70169	4.70169	4.70169	4.70169	4.70169	4.70169	4.69982	4.6942	4.68987	4.68986	4.68986	4.68986	
34694.8	6.85436e+17	2.7935e+17	1.22244e+17	7.7345e+16	1.5469e+17	2.32035e+17	3.0938e+17	3.86725e+17	4.6407e+17	5.41458e+17	6.18958e+17	6.96279e+17	7.58733e+17	3.35192e+17	8.60033e+15	6.33738e+15	5.22805e+15	2.2878e+15	1.44751e+15	2.89503e+15	4.34253e+15	5.79004e+15	7.23755e+15	8.68507e+15	1.01051e+16	1.14541e+16	1.27981e+16	2.32614e+16	3.09692e+17	4.54043e+17	4.7106	4.7023	4.7023	4.7023	4.7023	4.7023	4.7023	4.7023	4.7023	4.70037	4.69452	4.68987	4.68986	4.68986	4.68986	
34946.7	6.85436e+17	2.79343e+17	1.22241e+17	7.7343e+16	1.54686e+17	2.32029e+17	3.09372e+17	3.86715e+17	4.64058e+17	5.41446e+17	6.1895e+17	6.96294e+17	7.58753e+17	3.35193e+17	8.60033e+15	6.33751e+15	5.23265e+15	2.28981e+15	1.44878e+15	2.89758e+15	4.34636e+15	5.79514e+15	7.24393e+15	8.69273e+15	1.01132e+16	1.14595e+16	1.27985e+16	2.3262e+16	3.09693e+17	4.54043e+17	4.69913	4.70293	4.70293	4.70293	4.70293	4.70293	4.70293	4.70293	4.70293	4.70094	4.69485	4.68987	4.68986	4.68986	4.68986	
35199.1	6.85436e+17	2.79335e+17	1.22238e+17	7.73409e+16	1.54682e+17	2.32023e+17	3.09364e+17	3.86705e+17	4.64046e+17	5.41432e+17	6.18941e+17	6.96308e+17	7.58773e+17	3.35194e+17	8.60033e+15	6.33759e+15	5.2374e+15	2.29189e+15	1.4501e+15	2.90021e+15	4.3503e+15	5.8004e+15	7.2505e+15	8.70061e+15	1.01216e+16	1.14652e+16	1.27988e+16	2.32626e+16	3.09694e+17	4.54043e+17	4.68622	4.70358	4.70358	4.70358	4.70358	4.70358	4.70358	4.70358	4.70358	4.70153	4.6952	4.68987	4.68986	4.68986	4.68986	
35449.4	6.85436e+17	2.79328e+17	1.22235e+17	7.73388e+16	1.54678e+17	2.32016e+17	3.09355e+17	3.86694e+17	4.64033e+17	5.41419e+17	6.18932e+17	6.96322e+17	7.58793e+17	3.35194e+17	8.60033e+15	6.33764e+15	5.24223e+15	2.29401e+15	1.45144e+15	2.90289e+15	4.35431e+15	5.80575e+15	7.25719e+15	8.70864e+15	1.01301e+16	1.14711e+16	1.27991e+16	2.32632e+16	3.09694e+17	4.54043e+17	4.67196	4.70423	4.70423	4.70423	4.70423	4.70423	4.70423	4.70423	4.70423	4.70213	4.69557	4.68987	4.68986	4.68986	4.68986	
35699.9	6.85436e+17	2.7932e+17	1.22231e+17	7.73367e+16	1.54673e+17	2.3201e+17	3.09347e+17	3.86683e+17	4.6402e+17	5.41405e+17	6.18922e+17	6.96335e+17	7.58812e+17	3.35195e+17	8.60033e+15	6.33765e+15	5.24719e+15	2.29618e+15	1.45281e+15	2.90563e+15	4.35844e+15	5.81125e+15	7.26406e+15	8.71688e+15	1.01389e+16	1.14773e+16	1.27994e+16	2.32638e+16	3.09695e+17	4.54043e+17	4.65615	4.70491	4.70491	4.70491	4.70491	4.70491	4.70491	4.70491	4.70491	4.70275	4.69595	4.68987	4.68986	4.68986	4.68986	
35950	6.85436e+17	2.79312e+17	1.22228e+17	7.73345e+16	1.54669e+17	2.32003e+17	3.09338e+17	3.86672e+17	4.64007e+17	5.41391e+17	6.18912e+17	6.96347e+17	7.5883e+17	3.35196e+17	8.60033e+15	6.33763e+15	5.25227e+15	2.2984e+15	1.45422e+15	2.90845e+15	4.36265e+15	5.81687e+15	7.27109e+15	8.72532e+15	1.0148e+16	1.14838e+16	1.27997e+16	2.32643e+16	3.09696e+17	4.54043e+17	4.63875	4.7056	4.7056	4.7056	4.7056	4.7056	4.7056	4.7056	4.7056	4.70338	4.69635	4.68987	4.68986	4.68986	4.68986	
36201.6	6.85436e+17	2.79304e+17	1.22224e+17	7.73322e+16	1.54664e+17	2.31997e+17	3.09329e+17	3.86661e+17	4.63993e+17	5.41376e+17	6.18901e+17	6.96359e+17	7.58849e+17	3.35196e+17	8.60033e+15	6.33757e+15	5.2575e+15	2.30069e+15	1.45567e+15	2.91134e+15	4.367e+15	5.82267e+15	7.27833e+15	8.73401e+15	1.01573e+16	1.14906e+16	1.28e+16	2.32649e+16	3.09696e+17	4.54043e+17	4.61958	4.70631	4.70631	4.70631	4.70631	4.70631	4.70631	4.70631	4.70631	4.70404	4.69677	4.68987	4.68986	4.68986	4.68986	
36452.4	6.85437e+17	2.79295e+17	1.2222e+17	7.73298e+16	1.5466e+17	2.3199e+17	3.09319e+17	3.86649e+17	4.63979e+17	5.41361e+17	6.1889e+17	6.96369e+17	7.58866e+17	3.35197e+17	8.60033e+15	6.33747e+15	5.26283e+15	2.30302e+15	1.45714e+15	2.9143e+15	4.37143e+15	5.82857e+15	7.28572e+15	8.74287e+15	1.01669e+16	1.14976e+16	1.28003e+16	2.32654e+16	3.09697e+17	4.54043e+17	4.59876	4.70703	4.70703	4.70703	4.70703	4.70703	4.70703	4.70703	4.70703	4.70471	4.6972	4.68987	4.68986	4.68986	4.68986	
36704.6	6.85437e+17	2.79287e+17	1.22217e+17	7.73275e+16	1.54655e+17	2.31982e+17	3.0931e+17	3.86637e+17	4.63965e+17	5.41346e+17	6.18879e+17	6.96379e+17	7.58884e+17	3.35198e+17	8.60033e+15	6.33734e+15	5.26831e+15	2.30542e+15	1.45866e+15	2.91733e+15	4.37598e+15	5.83464e+15	7.2933e+15	8.75197e+15	1.01767e+16	1.1505e+16	1.28007e+16	2.3266e+16	3.09698e+17	4.54043e+17	4.57605	4.70777	4.70777	4.70777	4.70777	4.70777	4.70777	4.70777	4.70777	4.7054	4.69766	4.68987	4.68986	4.68986	4.68986	
36956.2	6.85437e+17	2.79278e+17	1.22213e+17	7.7325e+16	1.5465e+17	2.31975e+17	3.093e+17	3.86625e+17	4.6395e+17	5.4133e+17	6.18867e+17	6.96389e+17	7.589e+17	3.35198e+17	8.60033e+15	6.33717e+15	5.27389e+15	2.30786e+15	1.4602e+15	2.92042e+15	4.38061e+15	5.84082e+15	7.30102e+15	8.76123e+15	1.01868e+16	1.15127e+16	1.2801e+16	2.32665e+16	3.09698e+17	4.54043e+17	4.55161	4.70852	4.70852	4.70852	4.70852	4.70852	4.70852	4.70852	4.70852	4.70611	4.69813	4.68987	4.68986	4.68986	4.68986	
37209	6.85438e+17	2.79269e+17	1.22209e+17	7.73225e+16	1.54645e+17	2.31968e+17	3.0929e+17	3.86613e+17	4.63935e+17	5.41314e+17	6.18854e+17	6.96397e+17	7.58916e+17	3.35199e+17	8.60033e+15	6.33697e+15	5.27961e+15	2.31036e+15	1.46179e+15	2.92358e+15	4.38536e+15	5.84715e+15	7.30894e+15	8.77073e+15	1.01972e+16	1.15207e+16	1.28013e+16	2.3267e+16	3.09699e+17	4.54043e+17	4.52523	4.70929	4.70929	4.70929	4.70929	4.70929	4.70929	4.70929	4.70929	4.70683	4.69862	4.68988	4.68986	4.68986	4.68986	
37461.9	6.85438e+17	2.7926e+17	1.22205e+17	7.732e+16	1.5464e+17	2.3196e+17	3.0928e+17	3.866e+17	4.6392e+17	5.41297e+17	6.18841e+17	6.96405e+17	7.58932e+17	3.352e+17	8.60033e+15	6.33673e+15	5.28543e+15	2.31291e+15	1.4634e+15	2.92681e+15	4.3902e+15	5.8536e+15	7.31701e+15	8.78041e+15	1.02078e+16	1.1529e+16	1.28017e+16	2.32675e+16	3.09699e+17	4.54043e+17	4.49703	4.71007	4.71007	4.71007	4.71007	4.71007	4.71007	4.71007	4.71007	4.70757	4.69913	4.68988	4.68986	4.68986	4.68986	
37714.3	6.85439e+17	2.7925e+17	1.22201e+17	7.73174e+16	1.54635e+17	2.31952e+17	3.0927e+17	3.86587e+17	4.63904e+17	5.4128e+17	6.18828e+17	6.96413e+17	7.58947e+17	3.352e+17	8.60033e+15	6.33646e+15	5.29135e+15	2.3155e+15	1.46504e+15	2.93009e+15	4.39512e+15	5.86016e+15	7.3252e+15	8.79025e+15	1.02186e+16	1.15376e+16	1.28021e+16	2.32679e+16	3.097e+17	4.54043e+17	4.46709	4.71086	4.71086	4.71086	4.71086	4.71086	4.71086	4.71086	4.71086	4.70832	4.69966	4.68988	4.68986	4.68986	4.68986	
37968	6.8544e+17	2.79241e+17	1.22197e+17	7.73148e+16	1.5463e+17	2.31944e+17	3.09259e+17	3.86574e+17	4.63889e+17	5.41262e+17	6.18814e+17	6.9642e+17	7.58961e+17	3.35201e+17	8.60033e+15	6.33615e+15	5.29741e+15	2.31815e+15	1.46671e+15	2.93344e+15	4.40014e+15	5.86686e+15	7.33358e+15	8.8003e+15	1.02296e+16	1.15466e+16	1.28026e+16	2.32683e+16	3.097e+17	4.54043e+17	4.43521	4.71167	4.71167	4.71167	4.71167	4.71167	4.71167	4.71167	4.71167	4.70909	4.70021	4.68988	4.68986	4.68986	4.68986	
38220.8	6.8544e+17	2.79231e+17	1.22192e+17	7.73121e+16	1.54624e+17	2.31936e+17	3.09248e+17	3.86561e+17	4.63873e+17	5.41245e+17	6.18799e+17	6.96426e+17	7.58975e+17	3.35201e+17	8.60033e+15	6.3358e+15	5.30353e+15	2.32083e+15	1.46841e+15	2.93683e+15	4.40523e+15	5.87364e+15	7.34205e+15	8.81047e+15	1.02409e+16	1.15558e+16	1.2803e+16	2.32688e+16	3.09701e+17	4.54043e+17	4.40173	4.71248	4.71248	4.71248	4.71248	4.71248	4.71248	4.71248	4.71248	4.70987	4.70078	4.68989	4.68986	4.68986	4.68986	
38471.1	6.85441e+17	2.79222e+17	1.22188e+17	7.73094e+16	1.54619e+17	2.31928e+17	3.09238e+17	3.86547e+17	4.63856e+17	5.41227e+17	6.18784e+17	6.96431e+17	7.58987e+17	3.35202e+17	8.60033e+15	6.33543e+15	5.30968e+15	2.32353e+15	1.47011e+15	2.94024e+15	4.41034e+15	5.88046e+15	7.35058e+15	8.8207e+15	1.02522e+16	1.15652e+16	1.28036e+16	2.32691e+16	3.09701e+17	4.54043e+17	4.36693	4.7133	4.7133	4.7133	4.7133	4.7133	4.7133	4.7133	4.7133	4.71065	4.70136	4.68989	4.68986	4.68986	4.68986	
38721.9	6.85442e+17	2.79212e+17	1.22184e+17	7.73067e+16	1.54613e+17	2.3192e+17	3.09227e+17	3.86533e+17	4.6384e+17	5.41209e+17	6.18769e+17	6.96436e+17	7.58999e+17	3.35202e+17	8.60033e+15	6.33501e+15	5.31594e+15	2.32626e+15	1.47184e+15	2.9437e+15	4.41554e+15	5.88738e+15	7.35923e+15	8.83108e+15	1.02638e+16	1.15749e+16	1.28041e+16	2.32695e+16	3.09701e+17	4.54043e+17	4.33049	4.71412	4.71412	4.71412	4.71412	4.71412	4.71412	4.71412	4.71412	4.71144	4.70196	4.68989	4.68986	4.68986	4.68986	
38975.1	6.85443e+17	2.79202e+17	1.22179e+17	7.73039e+16	1.54608e+17	2.31912e+17	3.09216e+17	3.86519e+17	4.63823e+17	5.4119e+17	6.18753e+17	6.96441e+17	7.59011e+17	3.35202e+17	8.60033e+15	6.33456e+15	5.32233e+15	2.32906e+15	1.47361e+15	2.94724e+15	4.42085e+15	5.89446e+15	7.36808e+15	8.8417e+15	1.02756e+16	1.1585e+16	1.28048e+16	2.32699e+16	3.09702e+17	4.54043e+17	4.29222	4.71495	4.71495	4.71495	4.71495	4.71495	4.71495	4.71495	4.71495	4.71226	4.70258	4.6899	4.68986	4.68986	4.68986	
39226.1	6.85444e+17	2.79192e+17	1.22175e+17	7.73011e+16	1.54602e+17	2.31903e+17	3.09204e+17	3.86505e+17	4.63807e+17	5.41171e+17	6.18737e+17	6.96444e+17	7.59021e+17	3.35203e+17	8.60033e+15	6.33408e+15	5.32875e+15	2.33187e+15	1.47539e+15	2.95079e+15	4.42618e+15	5.90157e+15	7.37697e+15	8.85236e+15	1.02875e+16	1.15954e+16	1.28055e+16	2.32702e+16	3.09702e+17	4.54043e+17	4.25285	4.71578	4.71578	4.71578	4.71578	4.71578	4.71578	4.71578	4.71578	4.71307	4.70321	4.6899	4.68986	4.68986	4.68986	
39477	6.85445e+17	2.79181e+17	1.2217e+17	7.72983e+16	1.54597e+17	2.31895e+17	3.09193e+17	3.86491e+17	4.6379e+17	5.41152e+17	6.1872e+17	6.96448e+17	7.59031e+17	3.35203e+17	8.60033e+15	6.33356e+15	5.33523e+15	2.3347e+15	1.47719e+15	2.95438e+15	4.43156e+15	5.90875e+15	7.38594e+15	8.86314e+15	1.02996e+16	1.1606e+16	1.28063e+16	2.32705e+16	3.09702e+17	4.54043e+17	4.21225	4.71662	4.71662	4.71662	4.71662	4.71662	4.71662	4.71662	4.71662	4.71389	4.70386	4.68991	4.68986	4.68986	4.68986	
39728.2	6.85446e+17	2.79171e+17	1.22166e+17	7.72954e+16	1.54591e+17	2.31886e+17	3.09182e+17	3.86477e+17	4.63772e+17	5.41133e+17	6.18703e+17	6.96451e+17	7.59041e+17	3.35203e+17	8.60033e+15	6.33301e+15	5.34179e+15	2.33758e+15	1.479e+15	2.95802e+15	4.43701e+15	5.91602e+15	7.39502e+15	8.87403e+15	1.03119e+16	1.16169e+16	1.28072e+16	2.32708e+16	3.09703e+17	4.54043e+17	4.17041	4.71745	4.71745	4.71745	4.71745	4.71745	4.71745	4.71745	4.71745	4.71472	4.70453	4.68992	4.68986	4.68986	4.68986	
39979.2	6.85447e+17	2.79161e+17	1.22161e+17	7.72925e+16	1.54585e+17	2.31878e+17	3.0917e+17	3.86463e+17	4.63755e+17	5.41113e+17	6.18686e+17	6.9645e+17	7.59047e+17	3.35203e+17	8.60033e+15	6.33243e+15	5.34841e+15	2.34047e+15	1.48084e+15	2.96168e+15	4.44251e+15	5.92334e+15	7.40418e+15	8.88503e+15	1.03243e+16	1.16281e+16	1.28081e+16	2.3271e+16	3.09703e+17	4.54043e+17	4.12756	4.71828	4.71828	4.71828	4.71828	4.71828	4.71828	4.71828	4.71828	4.71555	4.70521	4.68993	4.68986	4.68986	4.68986	
40230.1	6.85448e+17	2.7915e+17	1.22157e+17	7.72896e+16	1.54579e+17	2.31869e+17	3.09158e+17	3.86448e+17	4.63738e+17	5.41094e+17	6.18668e+17	6.96449e+17	7.59052e+17	3.35204e+17	8.60033e+15	6.33181e+15	5.35508e+15	2.34339e+15	1.48268e+15	2.96537e+15	4.44805e+15	5.93073e+15	7.41342e+15	8.89611e+15	1.03369e+16	1.16395e+16	1.28092e+16	2.32711e+16	3.09703e+17	4.54043e+17	4.08381	4.71911	4.71911	4.71911	4.71911	4.71911	4.71911	4.71911	4.71911	4.71638	4.70591	4.68994	4.68986	4.68986	4.68986	
40481.1	6.85449e+17	2.79139e+17	1.22152e+17	7.72867e+16	1.54573e+17	2.3186e+17	3.09147e+17	3.86433e+17	4.6372e+17	5.41074e+17	6.18649e+17	6.96447e+17	7.59056e+17	3.35204e+17	8.60033e+15	6.33117e+15	5.36181e+15	2.34633e+15	1.48455e+15	2.9691e+15	4.45364e+15	5.93818e+15	7.42273e+15	8.90728e+15	1.03496e+16	1.16512e+16	1.28104e+16	2.32713e+16	3.09703e+17	4.54043e+17	4.03926	4.71993	4.71993	4.71993	4.71993	4.71993	4.71993	4.71993	4.71993	4.71721	4.70662	4.68995	4.68986	4.68986	4.68986	
40733.5	6.8545e+17	2.79129e+17	1.22147e+17	7.72837e+16	1.54567e+17	2.31851e+17	3.09135e+17	3.86419e+17	4.63702e+17	5.41053e+17	6.1863e+17	6.96445e+17	7.59061e+17	3.35204e+17	8.60033e+15	6.33049e+15	5.36861e+15	2.34931e+15	1.48643e+15	2.97287e+15	4.45929e+15	5.94573e+15	7.43216e+15	8.91859e+15	1.03625e+16	1.16633e+16	1.28118e+16	2.32714e+16	3.09703e+17	4.54043e+17	3.99385	4.72075	4.72075	4.72075	4.72075	4.72075	4.72075	4.72075	4.72075	4.71805	4.70736	4.68996	4.68986	4.68986	4.68986	
40986.6	6.85452e+17	2.79118e+17	1.22143e+17	7.72807e+16	1.54561e+17	2.31842e+17	3.09123e+17	3.86404e+17	4.63684e+17	5.41033e+17	6.18611e+17	6.96443e+17	7.59065e+17	3.35204e+17	8.60032e+15	6.32978e+15	5.37549e+15	2.35232e+15	1.48833e+15	2.97668e+15	4.465e+15	5.95334e+15	7.44167e+15	8.93001e+15	1.03755e+16	1.16757e+16	1.28133e+16	2.32715e+16	3.09704e+17	4.54043e+17	3.94779	4.72156	4.72156	4.72156	4.72156	4.72156	4.72156	4.72156	4.72156	4.71889	4.70811	4.68997	4.68986	4.68986	4.68986	
41238.3	6.85453e+17	2.79107e+17	1.22138e+17	7.72777e+16	1.54555e+17	2.31833e+17	3.09111e+17	3.86389e+17	4.63666e+17	5.41012e+17	6.18591e+17	6.96441e+17	7.59069e+17	3.35204e+17	8.60031e+15	6.32904e+15	5.38236e+15	2.35533e+15	1.49024e+15	2.98048e+15	4.47071e+15	5.96094e+15	7.45118e+15	8.94142e+15	1.03886e+16	1.16882e+16	1.28151e+16	2.32717e+16	3.09704e+17	4.54042e+17	3.90164	4.72235	4.72235	4.72235	4.72235	4.72235	4.72235	4.72235	4.72235	4.71971	4.70886	4.68999	4.68986	4.68986	4.68986	
41490.1	6.85454e+17	2.79096e+17	1.22133e+17	7.72747e+16	1.54549e+17	2.31824e+17	3.09099e+17	3.86373e+17	4.63648e+17	5.40991e+17	6.18571e+17	6.96438e+17	7.59073e+17	3.35205e+17	8.60031e+15	6.32828e+15	5.38926e+15	2.35835e+15	1.49215e+15	2.9843e+15	4.47644e+15	5.96859e+15	7.46074e+15	8.95289e+15	1.04018e+16	1.17011e+16	1.2817e+16	2.32718e+16	3.09704e+17	4.54042e+17	3.85528	4.72312	4.72312	4.72312	4.72312	4.72312	4.72312	4.72312	4.72312	4.72053	4.70964	4.69001	4.68986	4.68986	4.68986	
41742.5	6.85456e+17	2.79085e+17	1.22128e+17	7.72717e+16	1.54543e+17	2.31815e+17	3.09087e+17	3.86358e+17	4.6363e+17	5.4097e+17	6.1855e+17	6.96435e+17	7.59076e+17	3.35205e+17	8.6003e+15	6.32749e+15	5.3962e+15	2.36139e+15	1.49407e+15	2.98815e+15	4.48221e+15	5.97628e+15	7.47035e+15	8.96443e+15	1.04151e+16	1.17142e+16	1.28192e+16	2.32719e+16	3.09704e+17	4.54042e+17	3.80874	4.72387	4.72387	4.72387	4.72387	4.72387	4.72387	4.72387	4.72387	4.72134	4.71042	4.69003	4.68986	4.68986	4.68986	
41995.3	6.85457e+17	2.79074e+17	1.22124e+17	7.72686e+16	1.54537e+17	2.31806e+17	3.09074e+17	3.86343e+17	4.63612e+17	5.40949e+17	6.18529e+17	6.96431e+17	7.59079e+17	3.35205e+17	8.6003e+15	6.32668e+15	5.40318e+15	2.36444e+15	1.496e+15	2.99201e+15	4.48801e+15	5.98401e+15	7.48001e+15	8.97602e+15	1.04286e+16	1.17275e+16	1.28216e+16	2.3272e+16	3.09704e+17	4.54042e+17	3.76221	4.7246	4.7246	4.7246	4.7246	4.7246	4.7246	4.7246	4.7246	4.72213	4.71122	4.69005	4.68986	4.68986	4.68986	
42247.1	6.85458e+17	2.79063e+17	1.22119e+17	7.72656e+16	1.54531e+17	2.31797e+17	3.09062e+17	3.86328e+17	4.63593e+17	5.40928e+17	6.18508e+17	6.96427e+17	7.59082e+17	3.35205e+17	8.60029e+15	6.32584e+15	5.41015e+15	2.36749e+15	1.49793e+15	2.99587e+15	4.49379e+15	5.99172e+15	7.48966e+15	8.98759e+15	1.0442e+16	1.17411e+16	1.28242e+16	2.3272e+16	3.09704e+17	4.54041e+17	3.71608	4.72529	4.72529	4.72529	4.72529	4.72529	4.72529	4.72529	4.72529	4.72291	4.71202	4.69007	4.68986	4.68986	4.68986	
42499.9	6.8546e+17	2.79052e+17	1.22114e+17	7.72625e+16	1.54525e+17	2.31788e+17	3.0905e+17	3.86313e+17	4.63575e+17	5.40906e+17	6.18486e+17	6.96423e+17	7.59084e+17	3.35205e+17	8.60029e+15	6.32499e+15	5.41715e+15	2.37055e+15	1.49987e+15	2.99974e+15	4.49961e+15	5.99948e+15	7.49935e+15	8.99922e+15	1.04556e+16	1.1755e+16	1.28272e+16	2.32721e+16	3.09704e+17	4.54041e+17	3.67012	4.72596	4.72596	4.72596	4.72596	4.72596	4.72596	4.72596	4.72596	4.72367	4.71284	4.6901	4.68986	4.68986	4.68986	
42752.1	6.85461e+17	2.79041e+17	1.22109e+17	7.72595e+16	1.54519e+17	2.31778e+17	3.09038e+17	3.86297e+17	4.63557e+17	5.40885e+17	6.18464e+17	6.96418e+17	7.59087e+17	3.35205e+17	8.60028e+15	6.32411e+15	5.42413e+15	2.37361e+15	1.5018e+15	3.00361e+15	4.50541e+15	6.00722e+15	7.50902e+15	9.01083e+15	1.04692e+16	1.1769e+16	1.28305e+16	2.32722e+16	3.09705e+17	4.54041e+17	3.62476	4.72658	4.72658	4.72658	4.72658	4.72658	4.72658	4.72658	4.72658	4.7244	4.71366	4.69013	4.68986	4.68986	4.68986	
43004.9	6.85463e+17	2.7903e+17	1.22104e+17	7.72564e+16	1.54513e+17	2.31769e+17	3.09026e+17	3.86282e+17	4.63538e+17	5.40863e+17	6.18441e+17	6.96412e+17	7.59089e+17	3.35205e+17	8.60028e+15	6.32322e+15	5.43114e+15	2.37668e+15	1.50374e+15	3.00749e+15	4.51123e+15	6.01497e+15	7.51872e+15	9.02247e+15	1.04829e+16	1.17833e+16	1.28342e+16	2.32723e+16	3.09705e+17	4.54041e+17	3.57987	4.72717	4.72717	4.72717	4.72717	4.72717	4.72717	4.72717	4.72717	4.7251	4.71448	4.69016	4.68986	4.68986	4.68986	
43257.5	6.85465e+17	2.79019e+17	1.221e+17	7.72534e+16	1.54507e+17	2.3176e+17	3.09013e+17	3.86267e+17	4.6352e+17	5.40842e+17	6.18418e+17	6.96406e+17	7.59091e+17	3.35206e+17	8.60028e+15	6.32232e+15	5.43813e+15	2.37974e+15	1.50568e+15	3.01137e+15	4.51704e+15	6.02272e+15	7.5284e+15	9.03408e+15	1.04967e+16	1.17979e+16	1.28382e+16	2.32723e+16	3.09705e+17	4.5404e+17	3.53574	4.7277	4.7277	4.7277	4.7277	4.7277	4.7277	4.7277	4.7277	4.72577	4.71531	4.6902	4.68986	4.68986	4.68986	
43510.7	6.85466e+17	2.79008e+17	1.22095e+17	7.72503e+16	1.54501e+17	2.31751e+17	3.09001e+17	3.86252e+17	4.63502e+17	5.4082e+17	6.18395e+17	6.96399e+17	7.59093e+17	3.35206e+17	8.60027e+15	6.3214e+15	5.44513e+15	2.3828e+15	1.50762e+15	3.01524e+15	4.52285e+15	6.03047e+15	7.53809e+15	9.04571e+15	1.05105e+16	1.18127e+16	1.28426e+16	2.32724e+16	3.09705e+17	4.5404e+17	3.4923	4.72818	4.72818	4.72818	4.72818	4.72818	4.72818	4.72818	4.72818	4.72641	4.71615	4.69024	4.68986	4.68986	4.68986	
43763.2	6.85468e+17	2.78997e+17	1.2209e+17	7.72473e+16	1.54495e+17	2.31742e+17	3.08989e+17	3.86236e+17	4.63484e+17	5.40798e+17	6.18371e+17	6.96392e+17	7.59095e+17	3.35206e+17	8.60027e+15	6.32047e+15	5.4521e+15	2.38585e+15	1.50955e+15	3.0191e+15	4.52864e+15	6.03818e+15	7.54773e+15	9.05728e+15	1.05243e+16	1.18276e+16	1.28475e+16	2.32724e+16	3.09705e+17	4.5404e+17	3.44989	4.72861	4.72861	4.72861	4.72861	4.72861	4.72861	4.72861	4.72861	4.727	4.71698	4.69028	4.68986	4.68986	4.68986	
44015.9	6.85469e+17	2.78986e+17	1.22085e+17	7.72442e+16	1.54488e+17	2.31733e+17	3.08977e+17	3.86221e+17	4.63465e+17	5.40776e+17	6.18347e+17	6.96383e+17	7.59096e+17	3.35206e+17	8.60027e+15	6.31953e+15	5.45904e+15	2.38889e+15	1.51147e+15	3.02294e+15	4.53441e+15	6.04588e+15	7.55735e+15	9.06882e+15	1.05381e+16	1.18429e+16	1.28529e+16	2.32725e+16	3.09705e+17	4.5404e+17	3.40844	4.72896	4.72896	4.72896	4.72896	4.72896	4.72896	4.72896	4.72896	4.72755	4.71781	4.69033	4.68986	4.68986	4.68986	
44269.1	6.85471e+17	2.78975e+17	1.2208e+17	7.72412e+16	1.54482e+17	2.31724e+17	3.08965e+17	3.86206e+17	4.63447e+17	5.40754e+17	6.18323e+17	6.96374e+17	7.59098e+17	3.35206e+17	8.60027e+15	6.31858e+15	5.46598e+15	2.39192e+15	1.51339e+15	3.02678e+15	4.54017e+15	6.05356e+15	7.56695e+15	9.08034e+15	1.05519e+16	1.18583e+16	1.28587e+16	2.32725e+16	3.09705e+17	4.5404e+17	3.36798	4.72925	4.72925	4.72925	4.72925	4.72925	4.72925	4.72925	4.72925	4.72804	4.71864	4.69038	4.68986	4.68986	4.68986	
44522.7	6.85473e+17	2.78964e+17	1.22076e+17	7.72382e+16	1.54476e+17	2.31715e+17	3.08953e+17	3.86191e+17	4.63429e+17	5.40733e+17	6.18298e+17	6.96364e+17	7.59099e+17	3.35206e+17	8.60026e+15	6.31762e+15	5.47289e+15	2.39495e+15	1.5153e+15	3.03061e+15	4.54591e+15	6.06121e+15	7.57652e+15	9.09182e+15	1.05658e+16	1.1874e+16	1.28651e+16	2.32726e+16	3.09705e+17	4.5404e+17	3.3286	4.72946	4.72946	4.72946	4.72946	4.72946	4.72946	4.72946	4.72946	4.72848	4.71946	4.69044	4.68986	4.68986	4.68986	
44775.5	6.85474e+17	2.78954e+17	1.22071e+17	7.72352e+16	1.5447e+17	2.31706e+17	3.08941e+17	3.86176e+17	4.63411e+17	5.40711e+17	6.18273e+17	6.96353e+17	7.59101e+17	3.35206e+17	8.60026e+15	6.31666e+15	5.47975e+15	2.39795e+15	1.5172e+15	3.03441e+15	4.5516e+15	6.06881e+15	7.58601e+15	9.10321e+15	1.05797e+16	1.18899e+16	1.28721e+16	2.32726e+16	3.09705e+17	4.5404e+17	3.29052	4.72957	4.72957	4.72957	4.72957	4.72957	4.72957	4.72957	4.72957	4.72885	4.72027	4.6905	4.68986	4.68986	4.68986	
45028.5	6.85476e+17	2.78943e+17	1.22066e+17	7.72322e+16	1.54464e+17	2.31697e+17	3.08929e+17	3.86161e+17	4.63393e+17	5.40689e+17	6.18248e+17	6.96341e+17	7.59102e+17	3.35206e+17	8.60026e+15	6.3157e+15	5.48657e+15	2.40093e+15	1.51909e+15	3.03818e+15	4.55727e+15	6.07636e+15	7.59545e+15	9.11454e+15	1.05936e+16	1.1906e+16	1.28798e+16	2.32727e+16	3.09706e+17	4.5404e+17	3.25365	4.7296	4.7296	4.7296	4.7296	4.7296	4.7296	4.7296	4.7296	4.72915	4.72106	4.69057	4.68986	4.68986	4.68986	
45282	6.85478e+17	2.78932e+17	1.22061e+17	7.72293e+16	1.54458e+17	2.31688e+17	3.08917e+17	3.86146e+17	4.63376e+17	5.40667e+17	6.18222e+17	6.96328e+17	7.59103e+17	3.35206e+17	8.60026e+15	6.31474e+15	5.49336e+15	2.4039e+15	1.52097e+15	3.04194e+15	4.56291e+15	6.08388e+15	7.60485e+15	9.12583e+15	1.06075e+16	1.19224e+16	1.28881e+16	2.32727e+16	3.09706e+17	4.5404e+17	3.21797	4.72952	4.72952	4.72952	4.72952	4.72952	4.72952	4.72952	4.72952	4.72937	4.72184	4.69064	4.68986	4.68986	4.68986	
45535.9	6.85479e+17	2.78921e+17	1.22057e+17	7.72263e+16	1.54453e+17	2.31679e+17	3.08905e+17	3.86132e+17	4.63358e+17	5.40645e+17	6.18196e+17	6.96314e+17	7.59104e+17	3.35207e+17	8.60026e+15	6.31377e+15	5.50011e+15	2.40686e+15	1.52284e+15	3.04568e+15	4.56852e+15	6.09136e+15	7.6142e+15	9.13704e+15	1.06214e+16	1.1939e+16	1.28971e+16	2.32727e+16	3.09706e+17	4.5404e+17	3.18355	4.72934	4.72934	4.72934	4.72934	4.72934	4.72934	4.72934	4.72934	4.72951	4.72261	4.69071	4.68986	4.68986	4.68986	
45789.3	6.85481e+17	2.78911e+17	1.22052e+17	7.72234e+16	1.54447e+17	2.3167e+17	3.08894e+17	3.86117e+17	4.6334e+17	5.40623e+17	6.18169e+17	6.96299e+17	7.59105e+17	3.35207e+17	8.60026e+15	6.31281e+15	5.50679e+15	2.40978e+15	1.52469e+15	3.04938e+15	4.57407e+15	6.09876e+15	7.62345e+15	9.14814e+15	1.06353e+16	1.19559e+16	1.29069e+16	2.32728e+16	3.09706e+17	4.5404e+17	3.15054	4.72903	4.72903	4.72903	4.72903	4.72903	4.72903	4.72903	4.72903	4.72955	4.72334	4.6908	4.68986	4.68986	4.68986	
46042.1	6.85483e+17	2.789e+17	1.22048e+17	7.72205e+16	1.54441e+17	2.31662e+17	3.08882e+17	3.86103e+17	4.63323e+17	5.40601e+17	6.18142e+17	6.96282e+17	7.59106e+17	3.35207e+17	8.60026e+15	6.31185e+15	5.5134e+15	2.41267e+15	1.52652e+15	3.05304e+15	4.57956e+15	6.10608e+15	7.6326e+15	9.15912e+15	1.06491e+16	1.19729e+16	1.29175e+16	2.32728e+16	3.09706e+17	4.5404e+17	3.11894	4.7286	4.7286	4.7286	4.7286	4.7286	4.7286	4.7286	4.7286	4.72949	4.72405	4.69089	4.68986	4.68986	4.68986	
46292.1	6.85484e+17	2.7889e+17	1.22043e+17	7.72177e+16	1.54435e+17	2.31653e+17	3.08871e+17	3.86088e+17	4.63306e+17	5.4058e+17	6.18115e+17	6.96264e+17	7.59107e+17	3.35207e+17	8.60027e+15	6.31091e+15	5.51988e+15	2.41551e+15	1.52831e+15	3.05663e+15	4.58494e+15	6.11325e+15	7.64157e+15	9.16988e+15	1.06627e+16	1.199e+16	1.29288e+16	2.32728e+16	3.09706e+17	4.5404e+17	3.089	4.72804	4.72804	4.72804	4.72804	4.72804	4.72804	4.72804	4.72804	4.72933	4.72472	4.69098	4.68986	4.68986	4.68986	
46542.8	6.85486e+17	2.7888e+17	1.22039e+17	7.72149e+16	1.5443e+17	2.31645e+17	3.08859e+17	3.86074e+17	4.63289e+17	5.40558e+17	6.18088e+17	6.96245e+17	7.59108e+17	3.35207e+17	8.60027e+15	6.30997e+15	5.52631e+15	2.41832e+15	1.53009e+15	3.06019e+15	4.59028e+15	6.12038e+15	7.65047e+15	9.18057e+15	1.06764e+16	1.20075e+16	1.29411e+16	2.32728e+16	3.09706e+17	4.5404e+17	3.06028	4.72733	4.72733	4.72733	4.72733	4.72733	4.72733	4.72733	4.72733	4.72905	4.72536	4.69108	4.68986	4.68986	4.68986	
46796.1	6.85487e+17	2.7887e+17	1.22034e+17	7.72121e+16	1.54424e+17	2.31636e+17	3.08848e+17	3.8606e+17	4.63272e+17	5.40536e+17	6.18059e+17	6.96224e+17	7.59109e+17	3.35207e+17	8.60027e+15	6.30902e+15	5.53274e+15	2.42114e+15	1.53187e+15	3.06375e+15	4.59562e+15	6.1275e+15	7.65937e+15	9.19125e+15	1.06902e+16	1.20254e+16	1.29545e+16	2.32729e+16	3.09706e+17	4.5404e+17	3.03261	4.72646	4.72646	4.72646	4.72646	4.72646	4.72646	4.72646	4.72646	4.72864	4.72596	4.69119	4.68986	4.68986	4.68986	
47046.3	6.85489e+17	2.7886e+17	1.2203e+17	7.72093e+16	1.54419e+17	2.31628e+17	3.08837e+17	3.86047e+17	4.63256e+17	5.40515e+17	6.18031e+17	6.96201e+17	7.59109e+17	3.35207e+17	8.60027e+15	6.3081e+15	5.53902e+15	2.42389e+15	1.53361e+15	3.06723e+15	4.60084e+15	6.13445e+15	7.66807e+15	9.20168e+15	1.07038e+16	1.20434e+16	1.29687e+16	2.32729e+16	3.09706e+17	4.5404e+17	3.00657	4.72544	4.72544	4.72544	4.72544	4.72544	4.72544	4.72544	4.72544	4.7281	4.7265	4.6913	4.68986	4.68986	4.68986	
47296.7	6.85491e+17	2.7885e+17	1.22026e+17	7.72066e+16	1.54413e+17	2.3162e+17	3.08826e+17	3.86033e+17	4.6324e+17	5.40494e+17	6.18002e+17	6.96177e+17	7.5911e+17	3.35207e+17	8.60027e+15	6.30718e+15	5.54523e+15	2.4266e+15	1.53533e+15	3.07067e+15	4.606e+15	6.14133e+15	7.67666e+15	9.212e+15	1.07174e+16	1.20617e+16	1.29841e+16	2.32729e+16	3.09706e+17	4.5404e+17	2.98179	4.72425	4.72425	4.72425	4.72425	4.72425	4.72425	4.72425	4.72425	4.72742	4.727	4.69141	4.68986	4.68986	4.68986	
47546.8	6.85492e+17	2.78841e+17	1.22021e+17	7.72039e+16	1.54408e+17	2.31612e+17	3.08816e+17	3.8602e+17	4.63224e+17	5.40472e+17	6.17973e+17	6.96151e+17	7.59111e+17	3.35207e+17	8.60027e+15	6.30627e+15	5.55136e+15	2.42929e+15	1.53703e+15	3.07406e+15	4.61109e+15	6.14812e+15	7.68515e+15	9.22218e+15	1.07309e+16	1.20803e+16	1.30006e+16	2.32729e+16	3.09706e+17	4.5404e+17	2.95828	4.72287	4.72287	4.72287	4.72287	4.72287	4.72287	4.72287	4.72287	4.7266	4.72743	4.69154	4.68986	4.68986	4.68986	
47797.1	6.85494e+17	2.78831e+17	1.22017e+17	7.72013e+16	1.54403e+17	2.31604e+17	3.08805e+17	3.86006e+17	4.63208e+17	5.40451e+17	6.17943e+17	6.96123e+17	7.59111e+17	3.35207e+17	8.60027e+15	6.30538e+15	5.55741e+15	2.43193e+15	1.5387e+15	3.07741e+15	4.61612e+15	6.15482e+15	7.69353e+15	9.23223e+15	1.07444e+16	1.20993e+16	1.30183e+16	2.3273e+16	3.09706e+17	4.5404e+17	2.93598	4.7213	4.7213	4.7213	4.7213	4.7213	4.7213	4.7213	4.7213	4.72561	4.72781	4.69166	4.68986	4.68986	4.68986	
48047.6	6.85495e+17	2.78822e+17	1.22013e+17	7.71987e+16	1.54397e+17	2.31596e+17	3.08795e+17	3.85993e+17	4.63192e+17	5.4043e+17	6.17912e+17	6.96093e+17	7.59112e+17	3.35207e+17	8.60027e+15	6.30449e+15	5.56339e+15	2.43455e+15	1.54036e+15	3.08072e+15	4.62108e+15	6.16144e+15	7.7018e+15	9.24216e+15	1.0758e+16	1.21186e+16	1.30374e+16	2.3273e+16	3.09706e+17	4.5404e+17	2.91486	4.71953	4.71953	4.71953	4.71953	4.71953	4.71953	4.71953	4.71953	4.72444	4.72811	4.6918	4.68986	4.68986	4.68986	
48297.9	6.85497e+17	2.78812e+17	1.22009e+17	7.71961e+16	1.54392e+17	2.31588e+17	3.08784e+17	3.85981e+17	4.63177e+17	5.40408e+17	6.17881e+17	6.96061e+17	7.59112e+17	3.35207e+17	8.60028e+15	6.30361e+15	5.56927e+15	2.43713e+15	1.54199e+15	3.08398e+15	4.62597e+15	6.16796e+15	7.70995e+15	9.25194e+15	1.07714e+16	1.21383e+16	1.30578e+16	2.3273e+16	3.09707e+17	4.5404e+17	2.89493	4.71754	4.71754	4.71754	4.71754	4.71754	4.71754	4.71754	4.71754	4.7231	4.72834	4.69193	4.68986	4.68986	4.68986	
48548.4	6.85498e+17	2.78803e+17	1.22005e+17	7.71936e+16	1.54387e+17	2.31581e+17	3.08774e+17	3.85968e+17	4.63161e+17	5.40387e+17	6.17849e+17	6.96026e+17	7.59113e+17	3.35207e+17	8.60028e+15	6.30274e+15	5.57507e+15	2.43966e+15	1.5436e+15	3.08719e+15	4.63079e+15	6.17438e+15	7.71798e+15	9.26158e+15	1.07849e+16	1.21585e+16	1.30797e+16	2.3273e+16	3.09707e+17	4.5404e+17	2.87612	4.71533	4.71533	4.71533	4.71533	4.71533	4.71533	4.71533	4.71533	4.72157	4.72848	4.69207	4.68986	4.68986	4.68986	
48799	6.855e+17	2.78794e+17	1.22001e+17	7.71911e+16	1.54382e+17	2.31573e+17	3.08764e+17	3.85955e+17	4.63147e+17	5.40366e+17	6.17817e+17	6.95989e+17	7.59113e+17	3.35208e+17	8.60028e+15	6.30188e+15	5.58079e+15	2.44217e+15	1.54518e+15	3.09036e+15	4.63554e+15	6.18071e+15	7.72589e+15	9.27108e+15	1.07983e+16	1.21791e+16	1.31031e+16	2.3273e+16	3.09707e+17	4.54041e+17	2.85839	4.71288	4.71288	4.71288	4.71288	4.71288	4.71288	4.71288	4.71288	4.71983	4.72853	4.69222	4.68986	4.68986	4.68986	
49049.5	6.85501e+17	2.78785e+17	1.21997e+17	7.71886e+16	1.54377e+17	2.31566e+17	3.08755e+17	3.85943e+17	4.63132e+17	5.40345e+17	6.17784e+17	6.9595e+17	7.59114e+17	3.35208e+17	8.60028e+15	6.30104e+15	5.58641e+15	2.44463e+15	1.54673e+15	3.09347e+15	4.6402e+15	6.18694e+15	7.73367e+15	9.28041e+15	1.08118e+16	1.22001e+16	1.31282e+16	2.3273e+16	3.09707e+17	4.54041e+17	2.84174	4.71019	4.71019	4.71019	4.71019	4.71019	4.71019	4.71019	4.71019	4.71788	4.72848	4.69236	4.68986	4.68986	4.68986	
49300.1	6.85503e+17	2.78777e+17	1.21993e+17	7.71862e+16	1.54372e+17	2.31559e+17	3.08745e+17	3.85931e+17	4.63117e+17	5.40324e+17	6.1775e+17	6.95908e+17	7.59114e+17	3.35208e+17	8.60028e+15	6.3002e+15	5.59194e+15	2.44705e+15	1.54827e+15	3.09653e+15	4.6448e+15	6.19306e+15	7.74133e+15	9.2896e+15	1.08252e+16	1.22217e+16	1.3155e+16	2.3273e+16	3.09707e+17	4.54041e+17	2.82609	4.70723	4.70723	4.70723	4.70723	4.70723	4.70723	4.70723	4.70723	4.71571	4.72832	4.69251	4.68986	4.68986	4.68986	
49550.8	6.85504e+17	2.78768e+17	1.2199e+17	7.71838e+16	1.54368e+17	2.31552e+17	3.08735e+17	3.85919e+17	4.63103e+17	5.40302e+17	6.17715e+17	6.95862e+17	7.59114e+17	3.35208e+17	8.60028e+15	6.29938e+15	5.59738e+15	2.44943e+15	1.54977e+15	3.09955e+15	4.64932e+15	6.19909e+15	7.74886e+15	9.29864e+15	1.08386e+16	1.22437e+16	1.31837e+16	2.32731e+16	3.09707e+17	4.54041e+17	2.81143	4.70401	4.70401	4.70401	4.70401	4.70401	4.70401	4.70401	4.70401	4.7133	4.72804	4.69266	4.68986	4.68986	4.68986	
49801.4	6.85505e+17	2.7876e+17	1.21986e+17	7.71815e+16	1.54363e+17	2.31545e+17	3.08726e+17	3.85908e+17	4.63089e+17	5.40281e+17	6.17679e+17	6.95814e+17	7.59115e+17	3.35208e+17	8.60028e+15	6.29857e+15	5.60272e+15	2.45176e+15	1.55125e+15	3.1025e+15	4.65375e+15	6.205e+15	7.75625e+15	9.3075e+15	1.08519e+16	1.22663e+16	1.32143e+16	2.32731e+16	3.09707e+17	4.54041e+17	2.79772	4.7005	4.7005	4.7005	4.7005	4.7005	4.7005	4.7005	4.7005	4.71065	4.72764	4.6928	4.68986	4.68986	4.68986	
50052.1	6.85507e+17	2.78751e+17	1.21982e+17	7.71792e+16	1.54358e+17	2.31538e+17	3.08717e+17	3.85896e+17	4.63075e+17	5.4026e+17	6.17643e+17	6.95762e+17	7.59115e+17	3.35208e+17	8.60029e+15	6.29777e+15	5.60796e+15	2.45406e+15	1.5527e+15	3.10541e+15	4.6581e+15	6.21081e+15	7.76351e+15	9.31621e+15	1.08653e+16	1.22895e+16	1.3247e+16	2.32731e+16	3.09707e+17	4.54041e+17	2.7849	4.6967	4.6967	4.6967	4.6967	4.6967	4.6967	4.6967	4.6967	4.70773	4.7271	4.69294	4.68986	4.68986	4.68986	
50303	6.85508e+17	2.78743e+17	1.21979e+17	7.7177e+16	1.54354e+17	2.31531e+17	3.08708e+17	3.85885e+17	4.63062e+17	5.40239e+17	6.17605e+17	6.95707e+17	7.59115e+17	3.35208e+17	8.60029e+15	6.29699e+15	5.61311e+15	2.45631e+15	1.55413e+15	3.10825e+15	4.66238e+15	6.2165e+15	7.77063e+15	9.32476e+15	1.08786e+16	1.23133e+16	1.32819e+16	2.32731e+16	3.09707e+17	4.54041e+17	2.77294	4.6926	4.6926	4.6926	4.6926	4.6926	4.6926	4.6926	4.6926	4.70455	4.72642	4.69307	4.68986	4.68986	4.68986	
50553.6	6.8551e+17	2.78735e+17	1.21975e+17	7.71748e+16	1.5435e+17	2.31524e+17	3.08699e+17	3.85874e+17	4.63049e+17	5.40218e+17	6.17567e+17	6.95649e+17	7.59116e+17	3.35208e+17	8.60029e+15	6.29622e+15	5.61815e+15	2.45851e+15	1.55552e+15	3.11105e+15	4.66657e+15	6.22209e+15	7.77761e+15	9.33313e+15	1.0892e+16	1.23377e+16	1.3319e+16	2.32731e+16	3.09707e+17	4.54041e+17	2.76182	4.68819	4.68819	4.68819	4.68819	4.68819	4.68819	4.68819	4.68819	4.70108	4.72558	4.6932	4.68986	4.68986	4.68986	
50804.5	6.85511e+17	2.78728e+17	1.21972e+17	7.71726e+16	1.54345e+17	2.31518e+17	3.08691e+17	3.85863e+17	4.63036e+17	5.40197e+17	6.17527e+17	6.95586e+17	7.59116e+17	3.35208e+17	8.60029e+15	6.29545e+15	5.62309e+15	2.46068e+15	1.55689e+15	3.11378e+15	4.67067e+15	6.22756e+15	7.78445e+15	9.34134e+15	1.09053e+16	1.23628e+16	1.33585e+16	2.32731e+16	3.09707e+17	4.54041e+17	2.75149	4.68345	4.68345	4.68345	4.68345	4.68345	4.68345	4.68345	4.68345	4.69733	4.72457	4.69332	4.68986	4.68986	4.68986	
51055.5	6.85512e+17	2.7872e+17	1.21969e+17	7.71705e+16	1.54341e+17	2.31512e+17	3.08682e+17	3.85853e+17	4.63023e+17	5.40176e+17	6.17486e+17	6.9552e+17	7.59116e+17	3.35208e+17	8.60029e+15	6.2947e+15	5.62793e+15	2.46279e+15	1.55823e+15	3.11646e+15	4.67469e+15	6.23292e+15	7.79115e+15	9.34939e+15	1.09186e+16	1.23886e+16	1.34006e+16	2.32731e+16	3.09707e+17	4.54041e+17	2.74189	4.67837	4.67837	4.67837	4.67837	4.67837	4.67837	4.67837	4.67837	4.69327	4.72339	4.69342	4.68986	4.68986	4.68986	
51306.2	6.85514e+17	2.78712e+17	1.21965e+17	7.71684e+16	1.54337e+17	2.31505e+17	3.08674e+17	3.85842e+17	4.63011e+17	5.40155e+17	6.17444e+17	6.95449e+17	7.59116e+17	3.35208e+17	8.60029e+15	6.29397e+15	5.63266e+15	2.46487e+15	1.55954e+15	3.11908e+15	4.67862e+15	6.23816e+15	7.79771e+15	9.35725e+15	1.09319e+16	1.2415e+16	1.34453e+16	2.32731e+16	3.09707e+17	4.54041e+17	2.73302	4.67296	4.67296	4.67296	4.67296	4.67296	4.67296	4.67296	4.67296	4.6889	4.72202	4.6935	4.68986	4.68986	4.68986	
51557.2	6.85515e+17	2.78705e+17	1.21962e+17	7.71664e+16	1.54333e+17	2.31499e+17	3.08666e+17	3.85832e+17	4.62999e+17	5.40134e+17	6.17401e+17	6.95374e+17	7.59116e+17	3.35208e+17	8.60029e+15	6.29324e+15	5.63729e+15	2.46689e+15	1.56082e+15	3.12165e+15	4.68247e+15	6.24329e+15	7.80412e+15	9.36494e+15	1.09452e+16	1.24423e+16	1.34929e+16	2.32732e+16	3.09707e+17	4.54041e+17	2.72482	4.66718	4.66718	4.66718	4.66718	4.66718	4.66718	4.66718	4.66718	4.6842	4.72045	4.69357	4.68986	4.68986	4.68986	
51808.3	6.85516e+17	2.78698e+17	1.21959e+17	7.71645e+16	1.54329e+17	2.31493e+17	3.08658e+17	3.85822e+17	4.62987e+17	5.40113e+17	6.17357e+17	6.95294e+17	7.59117e+17	3.35208e+17	8.60029e+15	6.29253e+15	5.64183e+15	2.46888e+15	1.56208e+15	3.12416e+15	4.68623e+15	6.24831e+15	7.81039e+15	9.37247e+15	1.09585e+16	1.24703e+16	1.35434e+16	2.32732e+16	3.09707e+17	4.54041e+17	2.71727	4.66104	4.66104	4.66104	4.66104	4.66104	4.66104	4.66104	4.66104	4.67916	4.71867	4.69361	4.68986	4.68986	4.68986	
52059.1	6.85517e+17	2.78691e+17	1.21956e+17	7.71625e+16	1.54325e+17	2.31488e+17	3.0865e+17	3.85813e+17	4.62975e+17	5.40092e+17	6.17312e+17	6.9521e+17	7.59117e+17	3.35208e+17	8.6003e+15	6.29182e+15	5.64625e+15	2.47081e+15	1.5633e+15	3.12661e+15	4.68991e+15	6.25321e+15	7.81651e+15	9.37981e+15	1.09718e+16	1.24991e+16	1.3597e+16	2.32732e+16	3.09707e+17	4.54041e+17	2.71033	4.65453	4.65453	4.65453	4.65453	4.65453	4.65453	4.65453	4.65453	4.67379	4.71667	4.69362	4.68986	4.68986	4.68986	
52310.2	6.85518e+17	2.78684e+17	1.21953e+17	7.71606e+16	1.54321e+17	2.31482e+17	3.08643e+17	3.85803e+17	4.62964e+17	5.40071e+17	6.17265e+17	6.9512e+17	7.59117e+17	3.35208e+17	8.6003e+15	6.29113e+15	5.65056e+15	2.4727e+15	1.5645e+15	3.129e+15	4.69349e+15	6.25799e+15	7.82249e+15	9.38699e+15	1.09851e+16	1.25287e+16	1.36537e+16	2.32732e+16	3.09707e+17	4.54041e+17	2.70396	4.64764	4.64764	4.64764	4.64764	4.64764	4.64764	4.64764	4.64764	4.66805	4.71443	4.6936	4.68986	4.68986	4.68986	
52561.4	6.8552e+17	2.78678e+17	1.2195e+17	7.71588e+16	1.54318e+17	2.31476e+17	3.08635e+17	3.85794e+17	4.62953e+17	5.4005e+17	6.17217e+17	6.95025e+17	7.59117e+17	3.35208e+17	8.6003e+15	6.29045e+15	5.65478e+15	2.47455e+15	1.56566e+15	3.13133e+15	4.697e+15	6.26266e+15	7.82833e+15	9.39399e+15	1.09984e+16	1.25592e+16	1.37139e+16	2.32732e+16	3.09707e+17	4.54042e+17	2.69814	4.64035	4.64035	4.64035	4.64035	4.64035	4.64035	4.64035	4.64035	4.66195	4.71195	4.69354	4.68986	4.68986	4.68986	
52812.3	6.85521e+17	2.78671e+17	1.21947e+17	7.7157e+16	1.54314e+17	2.31471e+17	3.08628e+17	3.85785e+17	4.62942e+17	5.40029e+17	6.17167e+17	6.94925e+17	7.59117e+17	3.35208e+17	8.6003e+15	6.28978e+15	5.65889e+15	2.47634e+15	1.5668e+15	3.13361e+15	4.70041e+15	6.26721e+15	7.83401e+15	9.40081e+15	1.10117e+16	1.25905e+16	1.37776e+16	2.32733e+16	3.09707e+17	4.54042e+17	2.69284	4.63267	4.63267	4.63267	4.63267	4.63267	4.63267	4.63267	4.63267	4.65548	4.70921	4.69344	4.68986	4.68986	4.68986	
53063.4	6.85522e+17	2.78665e+17	1.21944e+17	7.71553e+16	1.54311e+17	2.31466e+17	3.08621e+17	3.85776e+17	4.62932e+17	5.40008e+17	6.17117e+17	6.94818e+17	7.59117e+17	3.35208e+17	8.6003e+15	6.28912e+15	5.66289e+15	2.47809e+15	1.56791e+15	3.13582e+15	4.70373e+15	6.27164e+15	7.83955e+15	9.40746e+15	1.1025e+16	1.26227e+16	1.38449e+16	2.32733e+16	3.09707e+17	4.54042e+17	2.68803	4.62458	4.62458	4.62458	4.62458	4.62458	4.62458	4.62458	4.62458	4.64863	4.70621	4.69329	4.68986	4.68986	4.68986	
53314.7	6.85523e+17	2.78659e+17	1.21942e+17	7.71536e+16	1.54307e+17	2.31461e+17	3.08614e+17	3.85768e+17	4.62921e+17	5.39987e+17	6.17064e+17	6.94706e+17	7.59117e+17	3.35208e+17	8.6003e+15	6.28847e+15	5.66679e+15	2.4798e+15	1.56899e+15	3.13798e+15	4.70697e+15	6.27596e+15	7.84495e+15	9.41394e+15	1.10383e+16	1.26558e+16	1.39161e+16	2.32733e+16	3.09707e+17	4.54042e+17	2.68368	4.61608	4.61608	4.61608	4.61608	4.61608	4.61608	4.61608	4.61608	4.64137	4.70292	4.69308	4.68986	4.68986	4.68986	
53565.7	6.85524e+17	2.78653e+17	1.21939e+17	7.71519e+16	1.54304e+17	2.31456e+17	3.08608e+17	3.8576e+17	4.62911e+17	5.39967e+17	6.17011e+17	6.94587e+17	7.59117e+17	3.35208e+17	8.6003e+15	6.28782e+15	5.67058e+15	2.48146e+15	1.57004e+15	3.14008e+15	4.71012e+15	6.28016e+15	7.8502e+15	9.42024e+15	1.10515e+16	1.26897e+16	1.39912e+16	2.32734e+16	3.09707e+17	4.54042e+17	2.67976	4.60716	4.60716	4.60716	4.60716	4.60716	4.60716	4.60716	4.60716	4.63373	4.69934	4.69281	4.68986	4.68986	4.68986	
53816.9	6.85525e+17	2.78647e+17	1.21937e+17	7.71503e+16	1.54301e+17	2.31451e+17	3.08601e+17	3.85752e+17	4.62902e+17	5.39946e+17	6.16956e+17	6.94462e+17	7.59117e+17	3.35208e+17	8.6003e+15	6.28719e+15	5.67427e+15	2.48307e+15	1.57106e+15	3.14212e+15	4.71318e+15	6.28424e+15	7.85531e+15	9.42637e+15	1.10647e+16	1.27246e+16	1.40704e+16	2.32734e+16	3.09707e+17	4.54042e+17	2.67626	4.59782	4.59782	4.59782	4.59782	4.59782	4.59782	4.59782	4.59782	4.62567	4.69545	4.69247	4.68986	4.68986	4.68986	
54068.3	6.85527e+17	2.78641e+17	1.21934e+17	7.71487e+16	1.54297e+17	2.31446e+17	3.08595e+17	3.85744e+17	4.62892e+17	5.39925e+17	6.16899e+17	6.9433e+17	7.59117e+17	3.35208e+17	8.6003e+15	6.28657e+15	5.67786e+15	2.48464e+15	1.57205e+15	3.14411e+15	4.71616e+15	6.28822e+15	7.86027e+15	9.43233e+15	1.1078e+16	1.27605e+16	1.4154e+16	2.32735e+16	3.09707e+17	4.54042e+17	2.67315	4.58804	4.58804	4.58804	4.58804	4.58804	4.58804	4.58804	4.58804	4.6172	4.69124	4.69205	4.68986	4.68986	4.68986	
54319.3	6.85528e+17	2.78636e+17	1.21932e+17	7.71472e+16	1.54294e+17	2.31442e+17	3.08589e+17	3.85736e+17	4.62883e+17	5.39904e+17	6.16841e+17	6.94191e+17	7.59117e+17	3.35208e+17	8.6003e+15	6.28595e+15	5.68134e+15	2.48617e+15	1.57302e+15	3.14604e+15	4.71905e+15	6.29207e+15	7.86509e+15	9.43811e+15	1.10912e+16	1.27972e+16	1.42418e+16	2.32736e+16	3.09708e+17	4.54042e+17	2.6704	4.57784	4.57784	4.57784	4.57784	4.57784	4.57784	4.57784	4.57784	4.60831	4.68671	4.69155	4.68986	4.68986	4.68986	
54570.6	6.85529e+17	2.78631e+17	1.21929e+17	7.71457e+16	1.54291e+17	2.31437e+17	3.08583e+17	3.85729e+17	4.62874e+17	5.39883e+17	6.16781e+17	6.94045e+17	7.59117e+17	3.35208e+17	8.6003e+15	6.28535e+15	5.68472e+15	2.48765e+15	1.57395e+15	3.14791e+15	4.72186e+15	6.29581e+15	7.86977e+15	9.44372e+15	1.11044e+16	1.28349e+16	1.43342e+16	2.32737e+16	3.09708e+17	4.54042e+17	2.668	4.5672	4.5672	4.5672	4.5672	4.5672	4.5672	4.5672	4.5672	4.599	4.68184	4.69095	4.68986	4.68986	4.68986	
54822	6.8553e+17	2.78625e+17	1.21927e+17	7.71443e+16	1.54289e+17	2.31433e+17	3.08577e+17	3.85722e+17	4.62866e+17	5.39862e+17	6.1672e+17	6.93892e+17	7.59117e+17	3.35209e+17	8.6003e+15	6.28475e+15	5.68799e+15	2.48908e+15	1.57486e+15	3.14972e+15	4.72458e+15	6.29945e+15	7.87431e+15	9.44917e+15	1.11175e+16	1.28735e+16	1.44313e+16	2.32738e+16	3.09708e+17	4.54042e+17	2.66592	4.55612	4.55612	4.55612	4.55612	4.55612	4.55612	4.55612	4.55612	4.58924	4.67662	4.69025	4.68986	4.68986	4.68986	
55073.2	6.85531e+17	2.7862e+17	1.21925e+17	7.71429e+16	1.54286e+17	2.31429e+17	3.08572e+17	3.85715e+17	4.62858e+17	5.39842e+17	6.16658e+17	6.93731e+17	7.59116e+17	3.35209e+17	8.60031e+15	6.28416e+15	5.69117e+15	2.49047e+15	1.57574e+15	3.15148e+15	4.72722e+15	6.30296e+15	7.8787e+15	9.45444e+15	1.11306e+16	1.29129e+16	1.45331e+16	2.32739e+16	3.09708e+17	4.54042e+17	2.66415	4.5446	4.5446	4.5446	4.5446	4.5446	4.5446	4.5446	4.5446	4.57907	4.67103	4.68943	4.68986	4.68986	4.68986	
55324.5	6.85532e+17	2.78616e+17	1.21923e+17	7.71416e+16	1.54283e+17	2.31425e+17	3.08566e+17	3.85708e+17	4.6285e+17	5.39821e+17	6.16594e+17	6.93562e+17	7.59116e+17	3.35209e+17	8.60031e+15	6.28358e+15	5.69425e+15	2.49182e+15	1.57659e+15	3.15319e+15	4.72978e+15	6.30637e+15	7.88296e+15	9.45956e+15	1.11437e+16	1.29533e+16	1.46399e+16	2.32741e+16	3.09708e+17	4.54042e+17	2.66267	4.53264	4.53264	4.53264	4.53264	4.53264	4.53264	4.53264	4.53264	4.56844	4.66508	4.68849	4.68986	4.68986	4.68986	
55576	6.85533e+17	2.78611e+17	1.21921e+17	7.71403e+16	1.54281e+17	2.31421e+17	3.08561e+17	3.85701e+17	4.62842e+17	5.39801e+17	6.16529e+17	6.93385e+17	7.59116e+17	3.35209e+17	8.60031e+15	6.283e+15	5.69723e+15	2.49312e+15	1.57742e+15	3.15484e+15	4.73225e+15	6.30967e+15	7.88709e+15	9.46451e+15	1.11567e+16	1.29946e+16	1.47518e+16	2.32742e+16	3.09708e+17	4.54042e+17	2.66146	4.52023	4.52023	4.52023	4.52023	4.52023	4.52023	4.52023	4.52023	4.55737	4.65873	4.68742	4.68986	4.68986	4.68986	
55827.2	6.85534e+17	2.78606e+17	1.21919e+17	7.7139e+16	1.54278e+17	2.31417e+17	3.08556e+17	3.85695e+17	4.62834e+17	5.3978e+17	6.16463e+17	6.932e+17	7.59116e+17	3.35209e+17	8.60031e+15	6.28243e+15	5.7001e+15	2.49438e+15	1.57821e+15	3.15643e+15	4.73464e+15	6.31286e+15	7.89107e+15	9.46929e+15	1.11697e+16	1.30367e+16	1.48686e+16	2.32744e+16	3.09708e+17	4.54042e+17	2.6605	4.50739	4.50739	4.50739	4.50739	4.50739	4.50739	4.50739	4.50739	4.54587	4.65201	4.68621	4.68986	4.68986	4.68986	
56078.6	6.85535e+17	2.78602e+17	1.21917e+17	7.71378e+16	1.54276e+17	2.31413e+17	3.08551e+17	3.85689e+17	4.62827e+17	5.3976e+17	6.16395e+17	6.93007e+17	7.59115e+17	3.35209e+17	8.60031e+15	6.28187e+15	5.70289e+15	2.4956e+15	1.57898e+15	3.15797e+15	4.73695e+15	6.31594e+15	7.89492e+15	9.47391e+15	1.11826e+16	1.30797e+16	1.49908e+16	2.32747e+16	3.09708e+17	4.54042e+17	2.65979	4.4941	4.4941	4.4941	4.4941	4.4941	4.4941	4.4941	4.4941	4.53392	4.64487	4.68484	4.68986	4.68986	4.68986	
56330.2	6.85536e+17	2.78598e+17	1.21915e+17	7.71367e+16	1.54273e+17	2.3141e+17	3.08547e+17	3.85683e+17	4.6282e+17	5.39739e+17	6.16325e+17	6.92806e+17	7.59115e+17	3.35209e+17	8.60031e+15	6.28132e+15	5.70557e+15	2.49677e+15	1.57973e+15	3.15946e+15	4.73919e+15	6.31892e+15	7.89865e+15	9.47838e+15	1.11955e+16	1.31235e+16	1.51183e+16	2.3275e+16	3.09708e+17	4.54042e+17	2.6593	4.48037	4.48037	4.48037	4.48037	4.48037	4.48037	4.48037	4.48037	4.52151	4.63733	4.6833	4.68986	4.68986	4.68986	
56581.5	6.85537e+17	2.78594e+17	1.21913e+17	7.71355e+16	1.54271e+17	2.31407e+17	3.08542e+17	3.85678e+17	4.62813e+17	5.39719e+17	6.16255e+17	6.92596e+17	7.59114e+17	3.35209e+17	8.60031e+15	6.28077e+15	5.70817e+15	2.49791e+15	1.58045e+15	3.16089e+15	4.74134e+15	6.32179e+15	7.90223e+15	9.48268e+15	1.12082e+16	1.3168e+16	1.5251e+16	2.32753e+16	3.09708e+17	4.54042e+17	2.65903	4.46621	4.46621	4.46621	4.46621	4.46621	4.46621	4.46621	4.46621	4.50867	4.62937	4.68159	4.68986	4.68986	4.68986	
56832.9	6.85538e+17	2.7859e+17	1.21912e+17	7.71344e+16	1.54269e+17	2.31403e+17	3.08538e+17	3.85672e+17	4.62807e+17	5.39699e+17	6.16183e+17	6.92377e+17	7.59114e+17	3.35209e+17	8.60031e+15	6.28023e+15	5.71066e+15	2.499e+15	1.58114e+15	3.16228e+15	4.74342e+15	6.32455e+15	7.90569e+15	9.48683e+15	1.12209e+16	1.32133e+16	1.53892e+16	2.32756e+16	3.09708e+17	4.54042e+17	2.65895	4.45162	4.45162	4.45162	4.45162	4.45162	4.45162	4.45162	4.45162	4.49538	4.62098	4.67968	4.68986	4.68986	4.68986	
57084.5	6.85539e+17	2.78586e+17	1.2191e+17	7.71334e+16	1.54267e+17	2.314e+17	3.08534e+17	3.85667e+17	4.628e+17	5.3968e+17	6.16111e+17	6.9215e+17	7.59113e+17	3.35209e+17	8.60031e+15	6.27969e+15	5.71307e+15	2.50006e+15	1.58181e+15	3.16361e+15	4.74542e+15	6.32722e+15	7.90903e+15	9.49083e+15	1.12334e+16	1.32593e+16	1.5533e+16	2.32761e+16	3.09708e+17	4.54042e+17	2.65907	4.43658	4.43658	4.43658	4.43658	4.43658	4.43658	4.43658	4.43658	4.48164	4.61215	4.67757	4.68986	4.68986	4.68986	
57335.9	6.8554e+17	2.78582e+17	1.21908e+17	7.71324e+16	1.54265e+17	2.31397e+17	3.0853e+17	3.85662e+17	4.62794e+17	5.3966e+17	6.16037e+17	6.91914e+17	7.59112e+17	3.35209e+17	8.60031e+15	6.27916e+15	5.71539e+15	2.50107e+15	1.58245e+15	3.16489e+15	4.74734e+15	6.32979e+15	7.91223e+15	9.49468e+15	1.12459e+16	1.33059e+16	1.56822e+16	2.32766e+16	3.09708e+17	4.54042e+17	2.65936	4.42114	4.42114	4.42114	4.42114	4.42114	4.42114	4.42114	4.42114	4.46748	4.6029	4.67525	4.68986	4.68986	4.68986	
57587.4	6.85541e+17	2.78579e+17	1.21907e+17	7.71314e+16	1.54263e+17	2.31394e+17	3.08526e+17	3.85657e+17	4.62789e+17	5.3964e+17	6.15962e+17	6.91669e+17	7.59111e+17	3.35209e+17	8.60031e+15	6.27863e+15	5.71762e+15	2.50204e+15	1.58306e+15	3.16613e+15	4.74919e+15	6.33225e+15	7.91532e+15	9.49838e+15	1.12582e+16	1.33532e+16	1.58369e+16	2.32771e+16	3.09708e+17	4.54042e+17	2.65982	4.40528	4.40528	4.40528	4.40528	4.40528	4.40528	4.40528	4.40528	4.45286	4.59319	4.6727	4.68986	4.68986	4.68986	
57839	6.85542e+17	2.78575e+17	1.21905e+17	7.71305e+16	1.54261e+17	2.31391e+17	3.08522e+17	3.85652e+17	4.62783e+17	5.39621e+17	6.15887e+17	6.91415e+17	7.5911e+17	3.35209e+17	8.60031e+15	6.27811e+15	5.71976e+15	2.50298e+15	1.58366e+15	3.16731e+15	4.75097e+15	6.33463e+15	7.91828e+15	9.50194e+15	1.12705e+16	1.3401e+16	1.59972e+16	2.32778e+16	3.09708e+17	4.54042e+17	2.66044	4.38899	4.38899	4.38899	4.38899	4.38899	4.38899	4.38899	4.38899	4.43781	4.58303	4.66991	4.68985	4.68986	4.68986	
58090.4	6.85543e+17	2.78572e+17	1.21904e+17	7.71296e+16	1.54259e+17	2.31389e+17	3.08518e+17	3.85648e+17	4.62778e+17	5.39602e+17	6.1581e+17	6.91153e+17	7.59109e+17	3.35209e+17	8.60031e+15	6.27759e+15	5.72181e+15	2.50388e+15	1.58422e+15	3.16845e+15	4.75267e+15	6.3369e+15	7.92112e+15	9.50535e+15	1.12825e+16	1.34493e+16	1.61628e+16	2.32785e+16	3.09708e+17	4.54042e+17	2.6612	4.37232	4.37232	4.37232	4.37232	4.37232	4.37232	4.37232	4.37232	4.42235	4.57242	4.66687	4.68985	4.68986	4.68986	
58341.9	6.85543e+17	2.78569e+17	1.21903e+17	7.71287e+16	1.54257e+17	2.31386e+17	3.08515e+17	3.85644e+17	4.62772e+17	5.39583e+17	6.15733e+17	6.90883e+17	7.59107e+17	3.35209e+17	8.60031e+15	6.27708e+15	5.72378e+15	2.50474e+15	1.58477e+15	3.16954e+15	4.75431e+15	6.33908e+15	7.92385e+15	9.50862e+15	1.12945e+16	1.34981e+16	1.6334e+16	2.32793e+16	3.09708e+17	4.54042e+17	2.6621	4.35525	4.35525	4.35525	4.35525	4.35525	4.35525	4.35525	4.35525	4.40646	4.56135	4.66356	4.68985	4.68986	4.68986	
58593.7	6.85544e+17	2.78566e+17	1.21901e+17	7.71279e+16	1.54256e+17	2.31384e+17	3.08512e+17	3.8564e+17	4.62768e+17	5.39565e+17	6.15656e+17	6.90603e+17	7.59106e+17	3.35209e+17	8.60031e+15	6.27658e+15	5.72567e+15	2.50557e+15	1.58529e+15	3.17059e+15	4.75588e+15	6.34117e+15	7.92646e+15	9.51176e+15	1.13062e+16	1.35472e+16	1.65106e+16	2.32803e+16	3.09708e+17	4.54042e+17	2.66313	4.33778	4.33778	4.33778	4.33778	4.33778	4.33778	4.33778	4.33778	4.39014	4.54982	4.65996	4.68985	4.68986	4.68986	
58845.1	6.85545e+17	2.78563e+17	1.219e+17	7.71271e+16	1.54254e+17	2.31381e+17	3.08509e+17	3.85636e+17	4.62763e+17	5.39546e+17	6.15578e+17	6.90316e+17	7.59104e+17	3.35209e+17	8.60031e+15	6.27607e+15	5.72747e+15	2.50636e+15	1.58579e+15	3.17159e+15	4.75738e+15	6.34317e+15	7.92896e+15	9.51475e+15	1.13178e+16	1.35966e+16	1.66924e+16	2.32813e+16	3.09708e+17	4.54042e+17	2.66428	4.31995	4.31995	4.31995	4.31995	4.31995	4.31995	4.31995	4.31995	4.37344	4.53783	4.65608	4.68984	4.68986	4.68986	
59096.7	6.85546e+17	2.78561e+17	1.21899e+17	7.71264e+16	1.54253e+17	2.31379e+17	3.08506e+17	3.85632e+17	4.62758e+17	5.39528e+17	6.15499e+17	6.90019e+17	7.59102e+17	3.35209e+17	8.60031e+15	6.27558e+15	5.7292e+15	2.50711e+15	1.58627e+15	3.17254e+15	4.75881e+15	6.34508e+15	7.93135e+15	9.51762e+15	1.13292e+16	1.36463e+16	1.68794e+16	2.32825e+16	3.09708e+17	4.54042e+17	2.66554	4.30175	4.30175	4.30175	4.30175	4.30175	4.30175	4.30175	4.30175	4.35632	4.52538	4.65188	4.68984	4.68986	4.68986	
59348.4	6.85547e+17	2.78558e+17	1.21898e+17	7.71257e+16	1.54251e+17	2.31377e+17	3.08503e+17	3.85628e+17	4.62754e+17	5.39511e+17	6.1542e+17	6.89715e+17	7.591e+17	3.35209e+17	8.60031e+15	6.27508e+15	5.73085e+15	2.50783e+15	1.58673e+15	3.17345e+15	4.76018e+15	6.3469e+15	7.93363e+15	9.52036e+15	1.13404e+16	1.36962e+16	1.70717e+16	2.32839e+16	3.09708e+17	4.54042e+17	2.66691	4.28318	4.28318	4.28318	4.28318	4.28318	4.28318	4.28318	4.28318	4.33881	4.51245	4.64737	4.68983	4.68986	4.68986	
59599.9	6.85548e+17	2.78556e+17	1.21897e+17	7.7125e+16	1.5425e+17	2.31375e+17	3.085e+17	3.85625e+17	4.6275e+17	5.39493e+17	6.15341e+17	6.89403e+17	7.59097e+17	3.35209e+17	8.60032e+15	6.27459e+15	5.73241e+15	2.50852e+15	1.58716e+15	3.17432e+15	4.76148e+15	6.34864e+15	7.9358e+15	9.52296e+15	1.13514e+16	1.37462e+16	1.72687e+16	2.32854e+16	3.09708e+17	4.54042e+17	2.66838	4.26429	4.26429	4.26429	4.26429	4.26429	4.26429	4.26429	4.26429	4.32093	4.49907	4.64253	4.68983	4.68986	4.68986	
59851.5	6.85549e+17	2.78553e+17	1.21896e+17	7.71243e+16	1.54249e+17	2.31373e+17	3.08497e+17	3.85622e+17	4.62746e+17	5.39476e+17	6.15262e+17	6.89084e+17	7.59094e+17	3.35209e+17	8.60032e+15	6.2741e+15	5.73391e+15	2.50917e+15	1.58757e+15	3.17515e+15	4.76272e+15	6.3503e+15	7.93787e+15	9.52545e+15	1.13622e+16	1.37962e+16	1.74706e+16	2.32872e+16	3.09708e+17	4.54042e+17	2.66995	4.24506	4.24506	4.24506	4.24506	4.24506	4.24506	4.24506	4.24506	4.30268	4.48523	4.63734	4.68982	4.68986	4.68986	
60103.3	6.8555e+17	2.78551e+17	1.21895e+17	7.71237e+16	1.54247e+17	2.31371e+17	3.08495e+17	3.85619e+17	4.62742e+17	5.3946e+17	6.15183e+17	6.88756e+17	7.59091e+17	3.35209e+17	8.60032e+15	6.27362e+15	5.73533e+15	2.5098e+15	1.58797e+15	3.17594e+15	4.76391e+15	6.35187e+15	7.93984e+15	9.52781e+15	1.13727e+16	1.38461e+16	1.76773e+16	2.32891e+16	3.09708e+17	4.54043e+17	2.6716	4.2255	4.2255	4.2255	4.2255	4.2255	4.2255	4.2255	4.2255	4.28405	4.47092	4.63178	4.68982	4.68986	4.68986	
60354.8	6.85551e+17	2.78549e+17	1.21894e+17	7.71231e+16	1.54246e+17	2.31369e+17	3.08493e+17	3.85616e+17	4.62739e+17	5.39444e+17	6.15104e+17	6.88422e+17	7.59088e+17	3.35209e+17	8.60032e+15	6.27314e+15	5.73668e+15	2.51039e+15	1.58834e+15	3.17668e+15	4.76503e+15	6.35337e+15	7.94171e+15	9.53005e+15	1.1383e+16	1.38959e+16	1.78882e+16	2.32912e+16	3.09708e+17	4.54043e+17	2.67334	4.20566	4.20566	4.20566	4.20566	4.20566	4.20566	4.20566	4.20566	4.2651	4.45617	4.62587	4.68981	4.68986	4.68986	
60606.5	6.85551e+17	2.78547e+17	1.21893e+17	7.71226e+16	1.54245e+17	2.31368e+17	3.0849e+17	3.85613e+17	4.62736e+17	5.39428e+17	6.15026e+17	6.88082e+17	7.59084e+17	3.35209e+17	8.60032e+15	6.27266e+15	5.73796e+15	2.51095e+15	1.5887e+15	3.17739e+15	4.76609e+15	6.35479e+15	7.94348e+15	9.53218e+15	1.13931e+16	1.39455e+16	1.81034e+16	2.32937e+16	3.09708e+17	4.54043e+17	2.67515	4.18552	4.18552	4.18552	4.18552	4.18552	4.18552	4.18552	4.18552	4.2458	4.44096	4.61957	4.6898	4.68986	4.68986	
60858.3	6.85552e+17	2.78545e+17	1.21892e+17	7.71221e+16	1.54244e+17	2.31366e+17	3.08488e+17	3.8561e+17	4.62732e+17	5.39412e+17	6.14948e+17	6.87734e+17	7.59079e+17	3.35209e+17	8.60032e+15	6.27219e+15	5.73917e+15	2.51148e+15	1.58903e+15	3.17806e+15	4.7671e+15	6.35613e+15	7.94516e+15	9.53419e+15	1.14029e+16	1.39949e+16	1.83227e+16	2.32963e+16	3.09708e+17	4.54043e+17	2.67704	4.16508	4.16508	4.16508	4.16508	4.16508	4.16508	4.16508	4.16508	4.22617	4.4253	4.61287	4.68979	4.68986	4.68986	
61109.8	6.85553e+17	2.78543e+17	1.21891e+17	7.71216e+16	1.54243e+17	2.31365e+17	3.08486e+17	3.85608e+17	4.62729e+17	5.39397e+17	6.14871e+17	6.87381e+17	7.59074e+17	3.35209e+17	8.60032e+15	6.27172e+15	5.74032e+15	2.51198e+15	1.58935e+15	3.1787e+15	4.76805e+15	6.3574e+15	7.94674e+15	9.53609e+15	1.14124e+16	1.40438e+16	1.85454e+16	2.32993e+16	3.09708e+17	4.54043e+17	2.67899	4.14441	4.14441	4.14441	4.14441	4.14441	4.14441	4.14441	4.14441	4.20626	4.40921	4.60578	4.68978	4.68986	4.68986	
61361.5	6.85554e+17	2.78541e+17	1.2189e+17	7.71211e+16	1.54242e+17	2.31363e+17	3.08484e+17	3.85605e+17	4.62727e+17	5.39383e+17	6.14794e+17	6.87023e+17	7.59069e+17	3.35209e+17	8.60032e+15	6.27125e+15	5.7414e+15	2.51245e+15	1.58965e+15	3.1793e+15	4.76894e+15	6.35859e+15	7.94824e+15	9.53789e+15	1.14216e+16	1.40923e+16	1.87717e+16	2.33027e+16	3.09708e+17	4.54043e+17	2.68101	4.12348	4.12348	4.12348	4.12348	4.12348	4.12348	4.12348	4.12348	4.18604	4.39269	4.59827	4.68977	4.68986	4.68986	
61613.4	6.85555e+17	2.7854e+17	1.2189e+17	7.71207e+16	1.54241e+17	2.31362e+17	3.08483e+17	3.85603e+17	4.62724e+17	5.39369e+17	6.14718e+17	6.86659e+17	7.59063e+17	3.35209e+17	8.60032e+15	6.27079e+15	5.74241e+15	2.5129e+15	1.58993e+15	3.17986e+15	4.76979e+15	6.35972e+15	7.94965e+15	9.53958e+15	1.14305e+16	1.41403e+16	1.90014e+16	2.33063e+16	3.09708e+17	4.54043e+17	2.68308	4.10231	4.10231	4.10231	4.10231	4.10231	4.10231	4.10231	4.10231	4.16553	4.37573	4.59033	4.68975	4.68986	4.68986	
61864.9	6.85556e+17	2.78538e+17	1.21889e+17	7.71202e+16	1.5424e+17	2.31361e+17	3.08481e+17	3.85601e+17	4.62721e+17	5.39355e+17	6.14643e+17	6.86291e+17	7.59056e+17	3.35209e+17	8.60032e+15	6.27033e+15	5.74337e+15	2.51331e+15	1.59019e+15	3.18039e+15	4.77058e+15	6.36077e+15	7.95097e+15	9.54116e+15	1.14392e+16	1.41876e+16	1.92336e+16	2.33104e+16	3.09708e+17	4.54043e+17	2.68521	4.08095	4.08095	4.08095	4.08095	4.08095	4.08095	4.08095	4.08095	4.14478	4.35837	4.58197	4.68974	4.68986	4.68986	
62116.7	6.85557e+17	2.78537e+17	1.21889e+17	7.71199e+16	1.5424e+17	2.3136e+17	3.08479e+17	3.85599e+17	4.62719e+17	5.39342e+17	6.14569e+17	6.85919e+17	7.59049e+17	3.35209e+17	8.60032e+15	6.26987e+15	5.74426e+15	2.5137e+15	1.59044e+15	3.18088e+15	4.77132e+15	6.36176e+15	7.95221e+15	9.54265e+15	1.14475e+16	1.42343e+16	1.94684e+16	2.33149e+16	3.09708e+17	4.54043e+17	2.68739	4.05938	4.05938	4.05938	4.05938	4.05938	4.05938	4.05938	4.05938	4.12376	4.3406	4.57316	4.68972	4.68986	4.68986	
62368.6	6.85557e+17	2.78536e+17	1.21888e+17	7.71195e+16	1.54239e+17	2.31359e+17	3.08478e+17	3.85598e+17	4.62717e+17	5.39329e+17	6.14497e+17	6.85543e+17	7.59041e+17	3.35209e+17	8.60032e+15	6.26941e+15	5.7451e+15	2.51407e+15	1.59067e+15	3.18135e+15	4.77202e+15	6.36269e+15	7.95336e+15	9.54404e+15	1.14555e+16	1.42802e+16	1.97056e+16	2.33199e+16	3.09708e+17	4.54043e+17	2.68962	4.03761	4.03761	4.03761	4.03761	4.03761	4.03761	4.03761	4.03761	4.1025	4.32241	4.56389	4.6897	4.68986	4.68986	
62620.1	6.85558e+17	2.78535e+17	1.21887e+17	7.71192e+16	1.54238e+17	2.31358e+17	3.08477e+17	3.85596e+17	4.62715e+17	5.39317e+17	6.14426e+17	6.85164e+17	7.59032e+17	3.35209e+17	8.60032e+15	6.26896e+15	5.74588e+15	2.51441e+15	1.59089e+15	3.18178e+15	4.77267e+15	6.36355e+15	7.95444e+15	9.54533e+15	1.14631e+16	1.43251e+16	1.99443e+16	2.33253e+16	3.09708e+17	4.54043e+17	2.69189	4.01571	4.01571	4.01571	4.01571	4.01571	4.01571	4.01571	4.01571	4.08105	4.30387	4.55418	4.68967	4.68986	4.68986	
62871.9	6.85559e+17	2.78533e+17	1.21887e+17	7.71189e+16	1.54238e+17	2.31357e+17	3.08475e+17	3.85594e+17	4.62713e+17	5.39306e+17	6.14356e+17	6.84783e+17	7.59022e+17	3.35209e+17	8.60032e+15	6.26851e+15	5.7466e+15	2.51473e+15	1.59109e+15	3.18218e+15	4.77327e+15	6.36436e+15	7.95545e+15	9.54653e+15	1.14704e+16	1.43692e+16	2.01847e+16	2.33313e+16	3.09708e+17	4.54043e+17	2.6942	3.99364	3.99364	3.99364	3.99364	3.99364	3.99364	3.99364	3.99364	4.05939	4.28494	4.544	4.68965	4.68986	4.68986	
63123.8	6.8556e+17	2.78532e+17	1.21886e+17	7.71186e+16	1.54237e+17	2.31356e+17	3.08474e+17	3.85593e+17	4.62711e+17	5.39295e+17	6.14288e+17	6.844e+17	7.59012e+17	3.35209e+17	8.60032e+15	6.26806e+15	5.74727e+15	2.51502e+15	1.59127e+15	3.18255e+15	4.77382e+15	6.3651e+15	7.95637e+15	9.54765e+15	1.14774e+16	1.44123e+16	2.04262e+16	2.33379e+16	3.09708e+17	4.54043e+17	2.69656	3.97143	3.97143	3.97143	3.97143	3.97143	3.97143	3.97143	3.97143	4.03753	4.26564	4.53335	4.68962	4.68986	4.68986	
63375.4	6.85561e+17	2.78531e+17	1.21886e+17	7.71183e+16	1.54237e+17	2.31355e+17	3.08473e+17	3.85592e+17	4.6271e+17	5.39284e+17	6.14221e+17	6.84016e+17	7.59e+17	3.35209e+17	8.60032e+15	6.26761e+15	5.74789e+15	2.51529e+15	1.59145e+15	3.18289e+15	4.77434e+15	6.36578e+15	7.95723e+15	9.54868e+15	1.1484e+16	1.44543e+16	2.06682e+16	2.33451e+16	3.09708e+17	4.54043e+17	2.69895	3.94914	3.94914	3.94914	3.94914	3.94914	3.94914	3.94914	3.94914	4.01553	4.24601	4.52224	4.68958	4.68986	4.68986	
63627.2	6.85561e+17	2.78531e+17	1.21886e+17	7.71181e+16	1.54236e+17	2.31354e+17	3.08472e+17	3.8559e+17	4.62708e+17	5.39275e+17	6.14157e+17	6.83632e+17	7.58988e+17	3.35209e+17	8.60032e+15	6.26717e+15	5.74846e+15	2.51554e+15	1.5916e+15	3.18321e+15	4.77481e+15	6.36641e+15	7.95802e+15	9.54962e+15	1.14903e+16	1.44951e+16	2.09106e+16	2.33529e+16	3.09708e+17	4.54043e+17	2.70137	3.92673	3.92673	3.92673	3.92673	3.92673	3.92673	3.92673	3.92673	3.99337	4.22604	4.51065	4.68955	4.68986	4.68986	
63879.1	6.85562e+17	2.7853e+17	1.21885e+17	7.71178e+16	1.54236e+17	2.31354e+17	3.08471e+17	3.85589e+17	4.62707e+17	5.39265e+17	6.14094e+17	6.83247e+17	7.58974e+17	3.35209e+17	8.60032e+15	6.26673e+15	5.74898e+15	2.51577e+15	1.59175e+15	3.18349e+15	4.77524e+15	6.36699e+15	7.95874e+15	9.55048e+15	1.14961e+16	1.45348e+16	2.1153e+16	2.33615e+16	3.09708e+17	4.54043e+17	2.70382	3.90423	3.90423	3.90423	3.90423	3.90423	3.90423	3.90423	3.90423	3.97106	4.20574	4.49857	4.68951	4.68986	4.68986	
64130.8	6.85563e+17	2.78529e+17	1.21885e+17	7.71176e+16	1.54235e+17	2.31353e+17	3.08471e+17	3.85588e+17	4.62706e+17	5.39257e+17	6.14034e+17	6.82864e+17	7.58959e+17	3.35209e+17	8.60032e+15	6.26629e+15	5.74945e+15	2.51597e+15	1.59188e+15	3.18376e+15	4.77563e+15	6.36751e+15	7.95939e+15	9.55127e+15	1.15017e+16	1.45731e+16	2.13947e+16	2.33708e+16	3.09708e+17	4.54043e+17	2.70631	3.88169	3.88169	3.88169	3.88169	3.88169	3.88169	3.88169	3.88169	3.94866	4.18516	4.48602	4.68946	4.68986	4.68986	
64382.6	6.85564e+17	2.78528e+17	1.21885e+17	7.71175e+16	1.54235e+17	2.31352e+17	3.0847e+17	3.85587e+17	4.62705e+17	5.39248e+17	6.13975e+17	6.82482e+17	7.58942e+17	3.35209e+17	8.60032e+15	6.26585e+15	5.74988e+15	2.51616e+15	1.592e+15	3.18399e+15	4.77599e+15	6.36798e+15	7.95998e+15	9.55198e+15	1.15068e+16	1.46101e+16	2.16355e+16	2.3381e+16	3.09708e+17	4.54043e+17	2.70882	3.8591	3.8591	3.8591	3.8591	3.8591	3.8591	3.8591	3.8591	3.92616	4.16428	4.47299	4.68941	4.68986	4.68986	
64634.5	6.85565e+17	2.78528e+17	1.21884e+17	7.71173e+16	1.54235e+17	2.31352e+17	3.08469e+17	3.85586e+17	4.62704e+17	5.39241e+17	6.13919e+17	6.82102e+17	7.58925e+17	3.35209e+17	8.60032e+15	6.26541e+15	5.75026e+15	2.51633e+15	1.5921e+15	3.1842e+15	4.77631e+15	6.36841e+15	7.96051e+15	9.55261e+15	1.15116e+16	1.46456e+16	2.18751e+16	2.33921e+16	3.09708e+17	4.54043e+17	2.71135	3.83647	3.83647	3.83647	3.83647	3.83647	3.83647	3.83647	3.83647	3.90356	4.14311	4.45947	4.68936	4.68986	4.68986	
64886.2	6.85565e+17	2.78527e+17	1.21884e+17	7.71172e+16	1.54234e+17	2.31351e+17	3.08469e+17	3.85586e+17	4.62703e+17	5.39234e+17	6.13865e+17	6.81725e+17	7.58905e+17	3.35209e+17	8.60032e+15	6.26498e+15	5.7506e+15	2.51648e+15	1.5922e+15	3.18439e+15	4.77659e+15	6.36878e+15	7.96098e+15	9.55317e+15	1.1516e+16	1.46797e+16	2.21126e+16	2.34041e+16	3.09708e+17	4.54043e+17	2.71391	3.81385	3.81385	3.81385	3.81385	3.81385	3.81385	3.81385	3.81385	3.88092	4.12171	4.44548	4.6893	4.68986	4.68986	
65138	6.85566e+17	2.78527e+17	1.21884e+17	7.7117e+16	1.54234e+17	2.31351e+17	3.08468e+17	3.85585e+17	4.62702e+17	5.39228e+17	6.13813e+17	6.81351e+17	7.58885e+17	3.35209e+17	8.60033e+15	6.26455e+15	5.7509e+15	2.51661e+15	1.59228e+15	3.18456e+15	4.77683e+15	6.36911e+15	7.96139e+15	9.55367e+15	1.152e+16	1.47123e+16	2.2348e+16	2.3417e+16	3.09708e+17	4.54043e+17	2.71649	3.79122	3.79122	3.79122	3.79122	3.79122	3.79122	3.79122	3.79122	3.85823	4.10007	4.43101	4.68923	4.68986	4.68986	
65390	6.85567e+17	2.78526e+17	1.21884e+17	7.71169e+16	1.54234e+17	2.31351e+17	3.08468e+17	3.85585e+17	4.62702e+17	5.39222e+17	6.13764e+17	6.80981e+17	7.58862e+17	3.35209e+17	8.60033e+15	6.26412e+15	5.75115e+15	2.51672e+15	1.59235e+15	3.1847e+15	4.77705e+15	6.3694e+15	7.96175e+15	9.5541e+15	1.15237e+16	1.47433e+16	2.25809e+16	2.34311e+16	3.09708e+17	4.54043e+17	2.7191	3.76861	3.76861	3.76861	3.76861	3.76861	3.76861	3.76861	3.76861	3.8355	4.07818	4.41606	4.68915	4.68986	4.68986	
65641.7	6.85568e+17	2.78526e+17	1.21884e+17	7.71168e+16	1.54234e+17	2.3135e+17	3.08467e+17	3.85584e+17	4.62701e+17	5.39217e+17	6.13718e+17	6.80617e+17	7.58838e+17	3.35209e+17	8.60033e+15	6.26369e+15	5.75137e+15	2.51682e+15	1.59241e+15	3.18482e+15	4.77723e+15	6.36964e+15	7.96205e+15	9.55446e+15	1.15269e+16	1.47727e+16	2.28105e+16	2.34463e+16	3.09708e+17	4.54043e+17	2.72171	3.74606	3.74606	3.74606	3.74606	3.74606	3.74606	3.74606	3.74606	3.81279	4.05612	4.40066	4.68907	4.68986	4.68986	
65893.5	6.85569e+17	2.78526e+17	1.21884e+17	7.71168e+16	1.54234e+17	2.3135e+17	3.08467e+17	3.85584e+17	4.62701e+17	5.39212e+17	6.13674e+17	6.80257e+17	7.58812e+17	3.35209e+17	8.60033e+15	6.26327e+15	5.75156e+15	2.5169e+15	1.59246e+15	3.18492e+15	4.77738e+15	6.36984e+15	7.9623e+15	9.55476e+15	1.15298e+16	1.48004e+16	2.30367e+16	2.34626e+16	3.09708e+17	4.54043e+17	2.72435	3.72355	3.72355	3.72355	3.72355	3.72355	3.72355	3.72355	3.72355	3.79007	4.03387	4.38479	4.68898	4.68986	4.68986	
66145.5	6.85569e+17	2.78526e+17	1.21884e+17	7.71167e+16	1.54233e+17	2.3135e+17	3.08467e+17	3.85583e+17	4.627e+17	5.39208e+17	6.13633e+17	6.79904e+17	7.58783e+17	3.35209e+17	8.60033e+15	6.26284e+15	5.7517e+15	2.51696e+15	1.5925e+15	3.185e+15	4.7775e+15	6.37e+15	7.96251e+15	9.55501e+15	1.15323e+16	1.48265e+16	2.32592e+16	2.34803e+16	3.09708e+17	4.54043e+17	2.72701	3.70111	3.70111	3.70111	3.70111	3.70111	3.70111	3.70111	3.70111	3.76736	4.01143	4.36845	4.68888	4.68986	4.68986	
66397.2	6.8557e+17	2.78525e+17	1.21883e+17	7.71167e+16	1.54233e+17	2.3135e+17	3.08467e+17	3.85583e+17	4.627e+17	5.39205e+17	6.13594e+17	6.79558e+17	7.58753e+17	3.35209e+17	8.60033e+15	6.26242e+15	5.75181e+15	2.51701e+15	1.59253e+15	3.18506e+15	4.7776e+15	6.37013e+15	7.96266e+15	9.55519e+15	1.15345e+16	1.48507e+16	2.34771e+16	2.34993e+16	3.09708e+17	4.54043e+17	2.72967	3.67877	3.67877	3.67877	3.67877	3.67877	3.67877	3.67877	3.67877	3.74473	3.98887	4.35168	4.68877	4.68986	4.68986	
66649	6.85571e+17	2.78525e+17	1.21883e+17	7.71166e+16	1.54233e+17	2.3135e+17	3.08466e+17	3.85583e+17	4.627e+17	5.39202e+17	6.13559e+17	6.79219e+17	7.58721e+17	3.35209e+17	8.60033e+15	6.262e+15	5.75189e+15	2.51704e+15	1.59255e+15	3.18511e+15	4.77766e+15	6.37022e+15	7.96277e+15	9.55532e+15	1.15362e+16	1.48733e+16	2.36905e+16	2.35196e+16	3.09708e+17	4.54043e+17	2.73235	3.65653	3.65653	3.65653	3.65653	3.65653	3.65653	3.65653	3.65653	3.72213	3.96617	4.33445	4.68866	4.68986	4.68986	
66901	6.85572e+17	2.78525e+17	1.21883e+17	7.71166e+16	1.54233e+17	2.3135e+17	3.08466e+17	3.85583e+17	4.627e+17	5.392e+17	6.13526e+17	6.78888e+17	7.58686e+17	3.35209e+17	8.60033e+15	6.26158e+15	5.75194e+15	2.51706e+15	1.59257e+15	3.18513e+15	4.7777e+15	6.37027e+15	7.96284e+15	9.5554e+15	1.15376e+16	1.4894e+16	2.38988e+16	2.35415e+16	3.09708e+17	4.54043e+17	2.73505	3.63439	3.63439	3.63439	3.63439	3.63439	3.63439	3.63439	3.63439	3.6996	3.94335	4.31679	4.68853	4.68986	4.68986	
67152.7	6.85572e+17	2.78525e+17	1.21883e+17	7.71166e+16	1.54233e+17	2.3135e+17	3.08466e+17	3.85583e+17	4.627e+17	5.39199e+17	6.13496e+17	6.78566e+17	7.58648e+17	3.35209e+17	8.60033e+15	6.26116e+15	5.75196e+15	2.51707e+15	1.59257e+15	3.18514e+15	4.77771e+15	6.37029e+15	7.96286e+15	9.55543e+15	1.15386e+16	1.4913e+16	2.41015e+16	2.35649e+16	3.09708e+17	4.54043e+17	2.73776	3.61241	3.61241	3.61241	3.61241	3.61241	3.61241	3.61241	3.61241	3.67719	3.92046	4.29873	4.68838	4.68986	4.68986	
67404.6	6.85573e+17	2.78525e+17	1.21883e+17	7.71166e+16	1.54233e+17	2.3135e+17	3.08466e+17	3.85583e+17	4.627e+17	5.39198e+17	6.13469e+17	6.78253e+17	7.58608e+17	3.35209e+17	8.60033e+15	6.26075e+15	5.75194e+15	2.51707e+15	1.59257e+15	3.18514e+15	4.7777e+15	6.37027e+15	7.96284e+15	9.55541e+15	1.15393e+16	1.49301e+16	2.42984e+16	2.359e+16	3.09708e+17	4.54043e+17	2.74048	3.59056	3.59056	3.59056	3.59056	3.59056	3.59056	3.59056	3.59056	3.65486	3.89749	4.28025	4.68823	4.68986	4.68986	
67656.6	6.85574e+17	2.78525e+17	1.21883e+17	7.71166e+16	1.54233e+17	2.3135e+17	3.08467e+17	3.85583e+17	4.627e+17	5.39197e+17	6.13445e+17	6.7795e+17	7.58565e+17	3.35209e+17	8.60033e+15	6.26034e+15	5.7519e+15	2.51705e+15	1.59256e+15	3.18511e+15	4.77767e+15	6.37023e+15	7.96278e+15	9.55534e+15	1.15396e+16	1.49454e+16	2.44893e+16	2.36169e+16	3.09708e+17	4.54043e+17	2.74321	3.56886	3.56886	3.56886	3.56886	3.56886	3.56886	3.56886	3.56886	3.63265	3.87444	4.26136	4.68806	4.68986	4.68986	
67908.3	6.85575e+17	2.78526e+17	1.21883e+17	7.71167e+16	1.54233e+17	2.3135e+17	3.08467e+17	3.85583e+17	4.627e+17	5.39197e+17	6.13424e+17	6.77657e+17	7.5852e+17	3.35209e+17	8.60033e+15	6.25992e+15	5.75184e+15	2.51702e+15	1.59254e+15	3.18508e+15	4.77761e+15	6.37015e+15	7.96269e+15	9.55523e+15	1.15395e+16	1.49588e+16	2.46735e+16	2.36455e+16	3.09708e+17	4.54043e+17	2.74594	3.54736	3.54736	3.54736	3.54736	3.54736	3.54736	3.54736	3.54736	3.6106	3.8514	4.24212	4.68788	4.68986	4.68986	
68160.2	6.85575e+17	2.78526e+17	1.21884e+17	7.71167e+16	1.54233e+17	2.3135e+17	3.08467e+17	3.85584e+17	4.627e+17	5.39198e+17	6.13405e+17	6.77375e+17	7.58471e+17	3.35209e+17	8.60033e+15	6.25951e+15	5.75174e+15	2.51698e+15	1.59251e+15	3.18502e+15	4.77754e+15	6.37005e+15	7.96256e+15	9.55507e+15	1.15391e+16	1.49704e+16	2.48509e+16	2.3676e+16	3.09708e+17	4.54043e+17	2.74869	3.52603	3.52603	3.52603	3.52603	3.52603	3.52603	3.52603	3.52603	3.58868	3.82832	4.22249	4.68768	4.68986	4.68986	
68412.2	6.85576e+17	2.78526e+17	1.21884e+17	7.71168e+16	1.54234e+17	2.3135e+17	3.08467e+17	3.85584e+17	4.62701e+17	5.39199e+17	6.1339e+17	6.77104e+17	7.58419e+17	3.35209e+17	8.60033e+15	6.2591e+15	5.75162e+15	2.51692e+15	1.59248e+15	3.18496e+15	4.77744e+15	6.36992e+15	7.96239e+15	9.55487e+15	1.15384e+16	1.49802e+16	2.50212e+16	2.37085e+16	3.09708e+17	4.54043e+17	2.75145	3.50489	3.50489	3.50489	3.50489	3.50489	3.50489	3.50489	3.50489	3.56692	3.80522	4.2025	4.68747	4.68986	4.68986	
68663.9	6.85577e+17	2.78526e+17	1.21884e+17	7.71168e+16	1.54234e+17	2.31351e+17	3.08467e+17	3.85584e+17	4.62701e+17	5.39201e+17	6.13378e+17	6.76846e+17	7.58364e+17	3.35209e+17	8.60033e+15	6.2587e+15	5.75148e+15	2.51686e+15	1.59244e+15	3.18488e+15	4.77732e+15	6.36976e+15	7.9622e+15	9.55464e+15	1.15373e+16	1.4988e+16	2.5184e+16	2.37431e+16	3.09708e+17	4.54043e+17	2.75421	3.48399	3.48399	3.48399	3.48399	3.48399	3.48399	3.48399	3.48399	3.54536	3.78218	4.18219	4.68724	4.68986	4.68986	
68915.8	6.85578e+17	2.78526e+17	1.21884e+17	7.71169e+16	1.54234e+17	2.31351e+17	3.08468e+17	3.85585e+17	4.62702e+17	5.39203e+17	6.13368e+17	6.76599e+17	7.58306e+17	3.35209e+17	8.60033e+15	6.25829e+15	5.75132e+15	2.51679e+15	1.59239e+15	3.18479e+15	4.77718e+15	6.36958e+15	7.96197e+15	9.55436e+15	1.15359e+16	1.49941e+16	2.53391e+16	2.37799e+16	3.09708e+17	4.54043e+17	2.75698	3.4633	3.4633	3.4633	3.4633	3.4633	3.4633	3.4633	3.4633	3.52398	3.75916	4.16155	4.68699	4.68986	4.68986	
69167.9	6.85578e+17	2.78527e+17	1.21884e+17	7.7117e+16	1.54234e+17	2.31351e+17	3.08468e+17	3.85585e+17	4.62702e+17	5.39206e+17	6.13361e+17	6.76365e+17	7.58243e+17	3.35209e+17	8.60033e+15	6.25789e+15	5.75113e+15	2.51671e+15	1.59234e+15	3.18468e+15	4.77703e+15	6.36937e+15	7.96171e+15	9.55405e+15	1.15341e+16	1.49983e+16	2.54863e+16	2.38189e+16	3.09708e+17	4.54043e+17	2.75975	3.44283	3.44283	3.44283	3.44283	3.44283	3.44283	3.44283	3.44283	3.50279	3.73619	4.14059	4.68671	4.68986	4.68986	
69419.6	6.85579e+17	2.78527e+17	1.21884e+17	7.71171e+16	1.54234e+17	2.31351e+17	3.08468e+17	3.85586e+17	4.62703e+17	5.39209e+17	6.13358e+17	6.76144e+17	7.58177e+17	3.35209e+17	8.60033e+15	6.25748e+15	5.75092e+15	2.51662e+15	1.59228e+15	3.18457e+15	4.77686e+15	6.36914e+15	7.96143e+15	9.55371e+15	1.15321e+16	1.50008e+16	2.56252e+16	2.38603e+16	3.09708e+17	4.54043e+17	2.76253	3.42262	3.42262	3.42262	3.42262	3.42262	3.42262	3.42262	3.42262	3.48185	3.71332	4.11938	4.68642	4.68986	4.68986	
69671.5	6.8558e+17	2.78527e+17	1.21884e+17	7.71172e+16	1.54234e+17	2.31352e+17	3.08469e+17	3.85586e+17	4.62703e+17	5.39213e+17	6.13357e+17	6.75936e+17	7.58108e+17	3.35209e+17	8.60033e+15	6.25708e+15	5.7507e+15	2.51652e+15	1.59222e+15	3.18444e+15	4.77667e+15	6.36889e+15	7.96111e+15	9.55333e+15	1.15298e+16	1.50014e+16	2.57558e+16	2.39041e+16	3.09708e+17	4.54043e+17	2.76532	3.40266	3.40266	3.40266	3.40266	3.40266	3.40266	3.40266	3.40266	3.46112	3.69052	4.09788	4.68611	4.68986	4.68986	
69923.5	6.85581e+17	2.78528e+17	1.21885e+17	7.71173e+16	1.54235e+17	2.31352e+17	3.08469e+17	3.85587e+17	4.62704e+17	5.39217e+17	6.13358e+17	6.75742e+17	7.58034e+17	3.35209e+17	8.60033e+15	6.25668e+15	5.75045e+15	2.51641e+15	1.59215e+15	3.18431e+15	4.77646e+15	6.36862e+15	7.96077e+15	9.55293e+15	1.15271e+16	1.50002e+16	2.58778e+16	2.39504e+16	3.09708e+17	4.54043e+17	2.76811	3.38296	3.38296	3.38296	3.38296	3.38296	3.38296	3.38296	3.38296	3.44061	3.66782	4.07612	4.68577	4.68986	4.68986	
70175.2	6.85581e+17	2.78528e+17	1.21885e+17	7.71174e+16	1.54235e+17	2.31352e+17	3.0847e+17	3.85587e+17	4.62705e+17	5.39222e+17	6.13363e+17	6.75562e+17	7.57956e+17	3.35209e+17	8.60033e+15	6.25629e+15	5.75019e+15	2.5163e+15	1.59208e+15	3.18416e+15	4.77624e+15	6.36833e+15	7.96041e+15	9.55249e+15	1.15242e+16	1.49973e+16	2.5991e+16	2.39994e+16	3.09708e+17	4.54043e+17	2.77091	3.36355	3.36355	3.36355	3.36355	3.36355	3.36355	3.36355	3.36355	3.42039	3.64527	4.05416	4.6854	4.68986	4.68986	
70427.1	6.85582e+17	2.78529e+17	1.21885e+17	7.71176e+16	1.54235e+17	2.31353e+17	3.0847e+17	3.85588e+17	4.62705e+17	5.39227e+17	6.1337e+17	6.75396e+17	7.57874e+17	3.35209e+17	8.60033e+15	6.25589e+15	5.74991e+15	2.51617e+15	1.592e+15	3.18401e+15	4.77601e+15	6.36802e+15	7.96002e+15	9.55203e+15	1.1521e+16	1.49927e+16	2.60953e+16	2.40511e+16	3.09708e+17	4.54044e+17	2.77371	3.34441	3.34441	3.34441	3.34441	3.34441	3.34441	3.34441	3.34441	3.40041	3.62285	4.03197	4.68501	4.68986	4.68986	
70679.2	6.85583e+17	2.78529e+17	1.21885e+17	7.71177e+16	1.54235e+17	2.31353e+17	3.08471e+17	3.85589e+17	4.62706e+17	5.39232e+17	6.1338e+17	6.75245e+17	7.57787e+17	3.35209e+17	8.60034e+15	6.25549e+15	5.74961e+15	2.51605e+15	1.59192e+15	3.18384e+15	4.77577e+15	6.36769e+15	7.95961e+15	9.55153e+15	1.15176e+16	1.49865e+16	2.61907e+16	2.41056e+16	3.09708e+17	4.54044e+17	2.77651	3.32554	3.32554	3.32554	3.32554	3.32554	3.32554	3.32554	3.32554	3.38068	3.60058	4.00959	4.68459	4.68986	4.68986	
70930.9	6.85584e+17	2.7853e+17	1.21885e+17	7.71179e+16	1.54236e+17	2.31354e+17	3.08471e+17	3.85589e+17	4.62707e+17	5.39238e+17	6.13393e+17	6.75108e+17	7.57695e+17	3.35209e+17	8.60034e+15	6.2551e+15	5.7493e+15	2.51591e+15	1.59184e+15	3.18367e+15	4.77551e+15	6.36735e+15	7.95918e+15	9.55102e+15	1.15138e+16	1.49785e+16	2.62767e+16	2.4163e+16	3.09708e+17	4.54044e+17	2.77932	3.307	3.307	3.307	3.307	3.307	3.307	3.307	3.307	3.36126	3.5785	3.98706	4.68414	4.68986	4.68986	
71182.8	6.85584e+17	2.7853e+17	1.21886e+17	7.7118e+16	1.54236e+17	2.31354e+17	3.08472e+17	3.8559e+17	4.62708e+17	5.39245e+17	6.13408e+17	6.74986e+17	7.57599e+17	3.35209e+17	8.60034e+15	6.25471e+15	5.74898e+15	2.51577e+15	1.59175e+15	3.18349e+15	4.77524e+15	6.36699e+15	7.95873e+15	9.55048e+15	1.15099e+16	1.4969e+16	2.63537e+16	2.42234e+16	3.09708e+17	4.54044e+17	2.78213	3.28875	3.28875	3.28875	3.28875	3.28875	3.28875	3.28875	3.28875	3.34212	3.55659	3.96437	4.68366	4.68986	4.68986	
71434.9	6.85585e+17	2.78531e+17	1.21886e+17	7.71182e+16	1.54236e+17	2.31354e+17	3.08473e+17	3.85591e+17	4.62709e+17	5.39251e+17	6.13426e+17	6.74878e+17	7.57498e+17	3.35209e+17	8.60034e+15	6.25431e+15	5.74864e+15	2.51562e+15	1.59165e+15	3.18331e+15	4.77496e+15	6.36661e+15	7.95826e+15	9.54992e+15	1.15057e+16	1.49578e+16	2.64213e+16	2.4287e+16	3.09708e+17	4.54044e+17	2.78494	3.2708	3.2708	3.2708	3.2708	3.2708	3.2708	3.2708	3.2708	3.32326	3.53488	3.94154	4.68315	4.68986	4.68986	
71686.6	6.85586e+17	2.78531e+17	1.21886e+17	7.71183e+16	1.54237e+17	2.31355e+17	3.08473e+17	3.85592e+17	4.6271e+17	5.39258e+17	6.13446e+17	6.74785e+17	7.57392e+17	3.35209e+17	8.60034e+15	6.25392e+15	5.74829e+15	2.51547e+15	1.59156e+15	3.18311e+15	4.77467e+15	6.36622e+15	7.95778e+15	9.54933e+15	1.15013e+16	1.49452e+16	2.64796e+16	2.43537e+16	3.09708e+17	4.54044e+17	2.78776	3.25319	3.25319	3.25319	3.25319	3.25319	3.25319	3.25319	3.25319	3.30472	3.5134	3.91863	4.6826	4.68986	4.68986	
71938.5	6.85586e+17	2.78532e+17	1.21886e+17	7.71185e+16	1.54237e+17	2.31355e+17	3.08474e+17	3.85592e+17	4.62711e+17	5.39266e+17	6.13468e+17	6.74707e+17	7.57281e+17	3.35209e+17	8.60034e+15	6.25354e+15	5.74792e+15	2.51531e+15	1.59145e+15	3.18291e+15	4.77436e+15	6.36582e+15	7.95727e+15	9.54873e+15	1.14967e+16	1.49311e+16	2.65286e+16	2.44236e+16	3.09708e+17	4.54044e+17	2.79058	3.23588	3.23588	3.23588	3.23588	3.23588	3.23588	3.23588	3.23588	3.28648	3.49214	3.89562	4.68201	4.68986	4.68986	
72190.6	6.85587e+17	2.78533e+17	1.21887e+17	7.71186e+16	1.54237e+17	2.31356e+17	3.08475e+17	3.85593e+17	4.62712e+17	5.39273e+17	6.13493e+17	6.74644e+17	7.57164e+17	3.35209e+17	8.60034e+15	6.25315e+15	5.74755e+15	2.51514e+15	1.59135e+15	3.1827e+15	4.77405e+15	6.3654e+15	7.95676e+15	9.54811e+15	1.14919e+16	1.49155e+16	2.65682e+16	2.44971e+16	3.09708e+17	4.54044e+17	2.7934	3.2189	3.2189	3.2189	3.2189	3.2189	3.2189	3.2189	3.2189	3.26855	3.4711	3.87254	4.68138	4.68986	4.68986	
72442.3	6.85588e+17	2.78533e+17	1.21887e+17	7.71188e+16	1.54238e+17	2.31356e+17	3.08475e+17	3.85594e+17	4.62713e+17	5.39281e+17	6.1352e+17	6.74596e+17	7.57042e+17	3.35209e+17	8.60034e+15	6.25276e+15	5.74716e+15	2.51497e+15	1.59124e+15	3.18249e+15	4.77373e+15	6.36498e+15	7.95622e+15	9.54747e+15	1.14869e+16	1.48985e+16	2.65985e+16	2.45738e+16	3.09708e+17	4.54044e+17	2.79622	3.20226	3.20226	3.20226	3.20226	3.20226	3.20226	3.20226	3.20226	3.25097	3.45034	3.84944	4.68072	4.68986	4.68986	
72694.2	6.85589e+17	2.78534e+17	1.21887e+17	7.7119e+16	1.54238e+17	2.31357e+17	3.08476e+17	3.85595e+17	4.62714e+17	5.39289e+17	6.13549e+17	6.74563e+17	7.56914e+17	3.35209e+17	8.60034e+15	6.25238e+15	5.74677e+15	2.5148e+15	1.59114e+15	3.18227e+15	4.77341e+15	6.36454e+15	7.95568e+15	9.54681e+15	1.14817e+16	1.48802e+16	2.66195e+16	2.46542e+16	3.09708e+17	4.54044e+17	2.79904	3.18595	3.18595	3.18595	3.18595	3.18595	3.18595	3.18595	3.18595	3.2337	3.42984	3.82631	4.68001	4.68986	4.68986	
72946.3	6.85589e+17	2.78535e+17	1.21887e+17	7.71192e+16	1.54238e+17	2.31358e+17	3.08477e+17	3.85596e+17	4.62715e+17	5.39298e+17	6.1358e+17	6.74544e+17	7.5678e+17	3.35209e+17	8.60034e+15	6.25199e+15	5.74637e+15	2.51462e+15	1.59102e+15	3.18205e+15	4.77307e+15	6.36409e+15	7.95512e+15	9.54614e+15	1.14763e+16	1.48607e+16	2.66313e+16	2.47382e+16	3.09708e+17	4.54044e+17	2.80187	3.16997	3.16997	3.16997	3.16997	3.16997	3.16997	3.16997	3.16997	3.21675	3.40959	3.80316	4.67926	4.68986	4.68986	
73198	6.8559e+17	2.78535e+17	1.21888e+17	7.71194e+16	1.54239e+17	2.31358e+17	3.08477e+17	3.85597e+17	4.62716e+17	5.39307e+17	6.13613e+17	6.7454e+17	7.56641e+17	3.35209e+17	8.60034e+15	6.25161e+15	5.74595e+15	2.51444e+15	1.59091e+15	3.18182e+15	4.77273e+15	6.36364e+15	7.95455e+15	9.54546e+15	1.14708e+16	1.48398e+16	2.66339e+16	2.48259e+16	3.09708e+17	4.54044e+17	2.80469	3.15435	3.15435	3.15435	3.15435	3.15435	3.15435	3.15435	3.15435	3.20016	3.38966	3.78005	4.67846	4.68986	4.68986	
73449.9	6.85591e+17	2.78536e+17	1.21888e+17	7.71196e+16	1.54239e+17	2.31359e+17	3.08478e+17	3.85598e+17	4.62717e+17	5.39316e+17	6.13648e+17	6.7455e+17	7.56495e+17	3.35209e+17	8.60034e+15	6.25123e+15	5.74553e+15	2.51426e+15	1.59079e+15	3.18159e+15	4.77238e+15	6.36317e+15	7.95396e+15	9.54476e+15	1.14652e+16	1.48178e+16	2.66275e+16	2.49174e+16	3.09708e+17	4.54044e+17	2.80752	3.13906	3.13906	3.13906	3.13906	3.13906	3.13906	3.13906	3.13906	3.18389	3.37	3.75698	4.67761	4.68986	4.68986	
73702	6.85591e+17	2.78537e+17	1.21888e+17	7.71197e+16	1.54239e+17	2.31359e+17	3.08479e+17	3.85599e+17	4.62718e+17	5.39325e+17	6.13684e+17	6.74575e+17	7.56343e+17	3.35209e+17	8.60034e+15	6.25085e+15	5.7451e+15	2.51407e+15	1.59067e+15	3.18135e+15	4.77202e+15	6.3627e+15	7.95337e+15	9.54404e+15	1.14594e+16	1.47947e+16	2.66121e+16	2.50128e+16	3.09708e+17	4.54044e+17	2.81035	3.12411	3.12411	3.12411	3.12411	3.12411	3.12411	3.12411	3.12411	3.16797	3.35064	3.73395	4.67671	4.68986	4.68986	
73953.7	6.85592e+17	2.78537e+17	1.21889e+17	7.71199e+16	1.5424e+17	2.3136e+17	3.0848e+17	3.856e+17	4.6272e+17	5.39334e+17	6.13723e+17	6.74613e+17	7.56185e+17	3.35209e+17	8.60034e+15	6.25047e+15	5.74467e+15	2.51388e+15	1.59055e+15	3.18111e+15	4.77166e+15	6.36221e+15	7.95277e+15	9.54332e+15	1.14535e+16	1.47705e+16	2.6588e+16	2.51121e+16	3.09708e+17	4.54044e+17	2.81317	3.10952	3.10952	3.10952	3.10952	3.10952	3.10952	3.10952	3.10952	3.1524	3.33161	3.71103	4.67576	4.68986	4.68986	
74205.6	6.85593e+17	2.78538e+17	1.21889e+17	7.71201e+16	1.5424e+17	2.3136e+17	3.08481e+17	3.85601e+17	4.62721e+17	5.39344e+17	6.13763e+17	6.74665e+17	7.56021e+17	3.35208e+17	8.60034e+15	6.25009e+15	5.74423e+15	2.51369e+15	1.59043e+15	3.18086e+15	4.77129e+15	6.36172e+15	7.95216e+15	9.54259e+15	1.14474e+16	1.47453e+16	2.65553e+16	2.52154e+16	3.09708e+17	4.54044e+17	2.816	3.09528	3.09528	3.09528	3.09528	3.09528	3.09528	3.09528	3.09528	3.13718	3.31289	3.68819	4.67475	4.68986	4.68986	
74457.7	6.85593e+17	2.78539e+17	1.21889e+17	7.71203e+16	1.54241e+17	2.31361e+17	3.08481e+17	3.85602e+17	4.62722e+17	5.39354e+17	6.13804e+17	6.74731e+17	7.5585e+17	3.35208e+17	8.60034e+15	6.24972e+15	5.74378e+15	2.51349e+15	1.59031e+15	3.18061e+15	4.77092e+15	6.36123e+15	7.95154e+15	9.54184e+15	1.14413e+16	1.47191e+16	2.6514e+16	2.53229e+16	3.09708e+17	4.54044e+17	2.81883	3.08137	3.08137	3.08137	3.08137	3.08137	3.08137	3.08137	3.08137	3.1223	3.29449	3.66546	4.67368	4.68986	4.68986	
74709.4	6.85594e+17	2.78539e+17	1.2189e+17	7.71205e+16	1.54241e+17	2.31362e+17	3.08482e+17	3.85603e+17	4.62723e+17	5.39363e+17	6.13847e+17	6.7481e+17	7.55673e+17	3.35208e+17	8.60034e+15	6.24934e+15	5.74333e+15	2.51329e+15	1.59018e+15	3.18036e+15	4.77055e+15	6.36073e+15	7.95091e+15	9.54109e+15	1.14351e+16	1.46921e+16	2.64645e+16	2.54344e+16	3.09708e+17	4.54044e+17	2.82166	3.06783	3.06783	3.06783	3.06783	3.06783	3.06783	3.06783	3.06783	3.10779	3.27644	3.64289	4.67256	4.68986	4.68986	
74961.3	6.85595e+17	2.7854e+17	1.2189e+17	7.71208e+16	1.54242e+17	2.31362e+17	3.08483e+17	3.85604e+17	4.62725e+17	5.39373e+17	6.13891e+17	6.74902e+17	7.55489e+17	3.35208e+17	8.60035e+15	6.24897e+15	5.74287e+15	2.51309e+15	1.59005e+15	3.18011e+15	4.77016e+15	6.36022e+15	7.95027e+15	9.54033e+15	1.14288e+16	1.46642e+16	2.64068e+16	2.55501e+16	3.09708e+17	4.54044e+17	2.82449	3.05463	3.05463	3.05463	3.05463	3.05463	3.05463	3.05463	3.05463	3.09363	3.25872	3.62046	4.67137	4.68986	4.68986	
75213.3	6.85596e+17	2.78541e+17	1.2189e+17	7.7121e+16	1.54242e+17	2.31363e+17	3.08484e+17	3.85605e+17	4.62726e+17	5.39384e+17	6.13937e+17	6.75006e+17	7.55298e+17	3.35208e+17	8.60035e+15	6.24859e+15	5.7424e+15	2.51289e+15	1.58993e+15	3.17985e+15	4.76978e+15	6.35971e+15	7.94963e+15	9.53956e+15	1.14224e+16	1.46355e+16	2.63412e+16	2.56702e+16	3.09708e+17	4.54044e+17	2.82732	3.04177	3.04177	3.04177	3.04177	3.04177	3.04177	3.04177	3.04177	3.07981	3.24133	3.59819	4.67012	4.68986	4.68986	
75465.1	6.85596e+17	2.78542e+17	1.21891e+17	7.71212e+16	1.54242e+17	2.31364e+17	3.08485e+17	3.85606e+17	4.62727e+17	5.39394e+17	6.13983e+17	6.75123e+17	7.551e+17	3.35208e+17	8.60035e+15	6.24822e+15	5.74194e+15	2.51269e+15	1.5898e+15	3.1796e+15	4.76939e+15	6.35919e+15	7.94899e+15	9.53879e+15	1.14159e+16	1.46061e+16	2.6268e+16	2.57945e+16	3.09708e+17	4.54044e+17	2.83014	3.02928	3.02928	3.02928	3.02928	3.02928	3.02928	3.02928	3.02928	3.06636	3.22432	3.57613	4.6688	4.68986	4.68986	
75717	6.85597e+17	2.78542e+17	1.21891e+17	7.71214e+16	1.54243e+17	2.31364e+17	3.08486e+17	3.85607e+17	4.62728e+17	5.39404e+17	6.14031e+17	6.75251e+17	7.54895e+17	3.35208e+17	8.60035e+15	6.24785e+15	5.74147e+15	2.51248e+15	1.58967e+15	3.17933e+15	4.769e+15	6.35867e+15	7.94834e+15	9.538e+15	1.14094e+16	1.4576e+16	2.61873e+16	2.59232e+16	3.09707e+17	4.54044e+17	2.83297	3.01712	3.01712	3.01712	3.01712	3.01712	3.01712	3.01712	3.01712	3.05325	3.20764	3.55427	4.66741	4.68986	4.68986	
75969	6.85598e+17	2.78543e+17	1.21891e+17	7.71216e+16	1.54243e+17	2.31365e+17	3.08486e+17	3.85608e+17	4.6273e+17	5.39415e+17	6.1408e+17	6.75391e+17	7.54683e+17	3.35208e+17	8.60035e+15	6.24748e+15	5.74099e+15	2.51227e+15	1.58954e+15	3.17907e+15	4.76861e+15	6.35814e+15	7.94768e+15	9.53722e+15	1.14029e+16	1.45453e+16	2.60993e+16	2.60564e+16	3.09707e+17	4.54044e+17	2.8358	3.00531	3.00531	3.00531	3.00531	3.00531	3.00531	3.00531	3.00531	3.04049	3.19132	3.53261	4.66595	4.68986	4.68986	
76220.7	6.85598e+17	2.78544e+17	1.21892e+17	7.71218e+16	1.54244e+17	2.31365e+17	3.08487e+17	3.85609e+17	4.62731e+17	5.39425e+17	6.14129e+17	6.75542e+17	7.54464e+17	3.35208e+17	8.60035e+15	6.24711e+15	5.74052e+15	2.51206e+15	1.5894e+15	3.17881e+15	4.76821e+15	6.35762e+15	7.94702e+15	9.53642e+15	1.13963e+16	1.4514e+16	2.60045e+16	2.61939e+16	3.09707e+17	4.54044e+17	2.83862	2.99385	2.99385	2.99385	2.99385	2.99385	2.99385	2.99385	2.99385	3.0281	3.17538	3.51121	4.66442	4.68986	4.68986	
76472.6	6.85599e+17	2.78545e+17	1.21892e+17	7.7122e+16	1.54244e+17	2.31366e+17	3.08488e+17	3.8561e+17	4.62732e+17	5.39435e+17	6.14179e+17	6.75704e+17	7.54238e+17	3.35208e+17	8.60035e+15	6.24675e+15	5.74004e+15	2.51186e+15	1.58927e+15	3.17854e+15	4.76781e+15	6.35709e+15	7.94636e+15	9.53563e+15	1.13897e+16	1.44822e+16	2.59029e+16	2.6336e+16	3.09707e+17	4.54044e+17	2.84145	2.98272	2.98272	2.98272	2.98272	2.98272	2.98272	2.98272	2.98272	3.01605	3.15979	3.49005	4.66281	4.68986	4.68986	
76724.7	6.856e+17	2.78546e+17	1.21892e+17	7.71222e+16	1.54244e+17	2.31367e+17	3.08489e+17	3.85611e+17	4.62733e+17	5.39446e+17	6.14231e+17	6.75876e+17	7.54005e+17	3.35208e+17	8.60035e+15	6.24638e+15	5.73956e+15	2.51164e+15	1.58914e+15	3.17828e+15	4.76741e+15	6.35655e+15	7.94569e+15	9.53483e+15	1.13831e+16	1.445e+16	2.57948e+16	2.64826e+16	3.09707e+17	4.54044e+17	2.84427	2.97193	2.97193	2.97193	2.97193	2.97193	2.97193	2.97193	2.97193	3.00435	3.14455	3.46914	4.66111	4.68986	4.68986	
76976.4	6.856e+17	2.78546e+17	1.21893e+17	7.71225e+16	1.54245e+17	2.31367e+17	3.0849e+17	3.85612e+17	4.62735e+17	5.39457e+17	6.14282e+17	6.76057e+17	7.53765e+17	3.35208e+17	8.60035e+15	6.24602e+15	5.73907e+15	2.51143e+15	1.589e+15	3.17801e+15	4.76701e+15	6.35602e+15	7.94502e+15	9.53402e+15	1.13764e+16	1.44174e+16	2.56806e+16	2.66336e+16	3.09707e+17	4.54044e+17	2.84709	2.96149	2.96149	2.96149	2.96149	2.96149	2.96149	2.96149	2.96149	2.993	3.12971	3.44853	4.65934	4.68986	4.68986	
77228.3	6.85601e+17	2.78547e+17	1.21893e+17	7.71227e+16	1.54245e+17	2.31368e+17	3.08491e+17	3.85613e+17	4.62736e+17	5.39467e+17	6.14334e+17	6.76248e+17	7.53517e+17	3.35208e+17	8.60035e+15	6.24565e+15	5.73859e+15	2.51122e+15	1.58887e+15	3.17774e+15	4.76661e+15	6.35548e+15	7.94435e+15	9.53322e+15	1.13698e+16	1.43844e+16	2.55605e+16	2.67893e+16	3.09707e+17	4.54044e+17	2.84992	2.95138	2.95138	2.95138	2.95138	2.95138	2.95138	2.95138	2.95138	2.982	3.11522	3.42819	4.65748	4.68986	4.68986	
77480.3	6.85602e+17	2.78548e+17	1.21893e+17	7.71229e+16	1.54246e+17	2.31369e+17	3.08492e+17	3.85614e+17	4.62737e+17	5.39478e+17	6.14387e+17	6.76449e+17	7.53262e+17	3.35208e+17	8.60035e+15	6.24529e+15	5.7381e+15	2.51101e+15	1.58873e+15	3.17747e+15	4.7662e+15	6.35494e+15	7.94367e+15	9.53241e+15	1.13631e+16	1.43511e+16	2.54347e+16	2.69496e+16	3.09707e+17	4.54045e+17	2.85274	2.94158	2.94158	2.94158	2.94158	2.94158	2.94158	2.94158	2.94158	2.97133	3.10109	3.40814	4.65554	4.68986	4.68986	
77732	6.85602e+17	2.78549e+17	1.21894e+17	7.71231e+16	1.54246e+17	2.31369e+17	3.08492e+17	3.85616e+17	4.62739e+17	5.39488e+17	6.1444e+17	6.76657e+17	7.53e+17	3.35208e+17	8.60035e+15	6.24493e+15	5.73761e+15	2.51079e+15	1.5886e+15	3.1772e+15	4.7658e+15	6.3544e+15	7.943e+15	9.5316e+15	1.13565e+16	1.43176e+16	2.53037e+16	2.71143e+16	3.09707e+17	4.54045e+17	2.85556	2.93213	2.93213	2.93213	2.93213	2.93213	2.93213	2.93213	2.93213	2.96101	3.08735	3.38842	4.6535	4.68986	4.68986	
77983.9	6.85603e+17	2.7855e+17	1.21894e+17	7.71233e+16	1.54247e+17	2.3137e+17	3.08493e+17	3.85617e+17	4.6274e+17	5.39499e+17	6.14494e+17	6.76873e+17	7.5273e+17	3.35208e+17	8.60036e+15	6.24457e+15	5.73712e+15	2.51058e+15	1.58846e+15	3.17693e+15	4.76539e+15	6.35386e+15	7.94232e+15	9.53079e+15	1.13499e+16	1.42839e+16	2.51676e+16	2.72836e+16	3.09707e+17	4.54045e+17	2.85838	2.923	2.923	2.923	2.923	2.923	2.923	2.923	2.923	2.95102	3.07398	3.36901	4.65137	4.68986	4.68986	
78235.9	6.85604e+17	2.7855e+17	1.21894e+17	7.71235e+16	1.54247e+17	2.31371e+17	3.08494e+17	3.85618e+17	4.62741e+17	5.39509e+17	6.14547e+17	6.77098e+17	7.52453e+17	3.35208e+17	8.60036e+15	6.24421e+15	5.73663e+15	2.51037e+15	1.58833e+15	3.17666e+15	4.76499e+15	6.35332e+15	7.94164e+15	9.52997e+15	1.13433e+16	1.425e+16	2.50267e+16	2.74576e+16	3.09707e+17	4.54045e+17	2.86119	2.91418	2.91418	2.91418	2.91418	2.91418	2.91418	2.91418	2.91418	2.94136	3.06096	3.34992	4.64915	4.68986	4.68986	
78487.7	6.85604e+17	2.78551e+17	1.21895e+17	7.71238e+16	1.54248e+17	2.31371e+17	3.08495e+17	3.85619e+17	4.62743e+17	5.39519e+17	6.14601e+17	6.77329e+17	7.5217e+17	3.35208e+17	8.60036e+15	6.24385e+15	5.73614e+15	2.51015e+15	1.58819e+15	3.17639e+15	4.76458e+15	6.35277e+15	7.94097e+15	9.52916e+15	1.13368e+16	1.4216e+16	2.48814e+16	2.7636e+16	3.09707e+17	4.54045e+17	2.86401	2.90568	2.90568	2.90568	2.90568	2.90568	2.90568	2.90568	2.90568	2.93204	3.04833	3.33119	4.64683	4.68986	4.68986	
78739.5	6.85605e+17	2.78552e+17	1.21895e+17	7.7124e+16	1.54248e+17	2.31372e+17	3.08496e+17	3.8562e+17	4.62744e+17	5.3953e+17	6.14655e+17	6.77566e+17	7.51878e+17	3.35208e+17	8.60036e+15	6.24349e+15	5.73565e+15	2.50994e+15	1.58806e+15	3.17612e+15	4.76417e+15	6.35223e+15	7.94029e+15	9.52835e+15	1.13302e+16	1.4182e+16	2.47319e+16	2.78191e+16	3.09707e+17	4.54045e+17	2.86682	2.89749	2.89749	2.89749	2.89749	2.89749	2.89749	2.89749	2.89749	2.92304	3.03605	3.31279	4.64441	4.68986	4.68986	
78991.5	6.85606e+17	2.78553e+17	1.21895e+17	7.71242e+16	1.54248e+17	2.31373e+17	3.08497e+17	3.85621e+17	4.62745e+17	5.3954e+17	6.14709e+17	6.7781e+17	7.51579e+17	3.35208e+17	8.60036e+15	6.24314e+15	5.73516e+15	2.50972e+15	1.58792e+15	3.17584e+15	4.76377e+15	6.35169e+15	7.93961e+15	9.52753e+15	1.13238e+16	1.41479e+16	2.45784e+16	2.80066e+16	3.09707e+17	4.54045e+17	2.86964	2.88961	2.88961	2.88961	2.88961	2.88961	2.88961	2.88961	2.88961	2.91436	3.02413	3.29473	4.64188	4.68986	4.68986	
79243.3	6.85606e+17	2.78553e+17	1.21896e+17	7.71244e+16	1.54249e+17	2.31373e+17	3.08498e+17	3.85622e+17	4.62747e+17	5.3955e+17	6.14763e+17	6.78058e+17	7.51273e+17	3.35208e+17	8.60036e+15	6.24278e+15	5.73468e+15	2.50951e+15	1.58779e+15	3.17557e+15	4.76336e+15	6.35115e+15	7.93893e+15	9.52672e+15	1.13173e+16	1.41139e+16	2.44217e+16	2.81981e+16	3.09707e+17	4.54045e+17	2.87244	2.88204	2.88204	2.88204	2.88204	2.88204	2.88204	2.88204	2.88204	2.906	3.01259	3.27708	4.63926	4.68986	4.68986	
79495.1	6.85607e+17	2.78554e+17	1.21896e+17	7.71246e+16	1.54249e+17	2.31374e+17	3.08499e+17	3.85623e+17	4.62748e+17	5.3956e+17	6.14817e+17	6.78311e+17	7.5096e+17	3.35208e+17	8.60036e+15	6.24243e+15	5.73419e+15	2.50929e+15	1.58765e+15	3.1753e+15	4.76295e+15	6.35061e+15	7.93826e+15	9.52591e+15	1.1311e+16	1.40799e+16	2.42618e+16	2.83939e+16	3.09707e+17	4.54045e+17	2.87525	2.87475	2.87475	2.87475	2.87475	2.87475	2.87475	2.87475	2.87475	2.89795	3.00141	3.25979	4.63653	4.68986	4.68986	
79747.1	6.85608e+17	2.78555e+17	1.21896e+17	7.71249e+16	1.5425e+17	2.31375e+17	3.08499e+17	3.85624e+17	4.62749e+17	5.3957e+17	6.1487e+17	6.78569e+17	7.50641e+17	3.35208e+17	8.60036e+15	6.24207e+15	5.7337e+15	2.50908e+15	1.58752e+15	3.17503e+15	4.76255e+15	6.35006e+15	7.93758e+15	9.5251e+15	1.13046e+16	1.4046e+16	2.40989e+16	2.85938e+16	3.09707e+17	4.54045e+17	2.87806	2.86776	2.86776	2.86776	2.86776	2.86776	2.86776	2.86776	2.86776	2.89021	2.99057	3.24288	4.63369	4.68986	4.68986	
79998.8	6.85608e+17	2.78556e+17	1.21897e+17	7.71251e+16	1.5425e+17	2.31375e+17	3.085e+17	3.85625e+17	4.6275e+17	5.3958e+17	6.14924e+17	6.78831e+17	7.50316e+17	3.35208e+17	8.60036e+15	6.24172e+15	5.73321e+15	2.50887e+15	1.58738e+15	3.17476e+15	4.76214e+15	6.34952e+15	7.93691e+15	9.52429e+15	1.12984e+16	1.40123e+16	2.39336e+16	2.87975e+16	3.09707e+17	4.54045e+17	2.88086	2.86107	2.86107	2.86107	2.86107	2.86107	2.86107	2.86107	2.86107	2.88278	2.9801	3.22638	4.63075	4.68986	4.68986	
80250.7	6.85609e+17	2.78557e+17	1.21897e+17	7.71253e+16	1.54251e+17	2.31376e+17	3.08501e+17	3.85626e+17	4.62752e+17	5.3959e+17	6.14977e+17	6.79096e+17	7.49984e+17	3.35208e+17	8.60037e+15	6.24137e+15	5.73272e+15	2.50865e+15	1.58725e+15	3.17449e+15	4.76174e+15	6.34899e+15	7.93623e+15	9.52348e+15	1.12922e+16	1.39788e+16	2.3766e+16	2.90053e+16	3.09707e+17	4.54045e+17	2.88367	2.85465	2.85465	2.85465	2.85465	2.85465	2.85465	2.85465	2.85465	2.87564	2.96998	3.21025	4.6277	4.68986	4.68986	
80502.7	6.85609e+17	2.78557e+17	1.21897e+17	7.71255e+16	1.54251e+17	2.31377e+17	3.08502e+17	3.85628e+17	4.62753e+17	5.396e+17	6.1503e+17	6.79365e+17	7.49646e+17	3.35208e+17	8.60037e+15	6.24102e+15	5.73224e+15	2.50844e+15	1.58711e+15	3.17422e+15	4.76134e+15	6.34845e+15	7.93556e+15	9.52267e+15	1.12861e+16	1.39454e+16	2.35962e+16	2.92171e+16	3.09707e+17	4.54045e+17	2.88647	2.84851	2.84851	2.84851	2.84851	2.84851	2.84851	2.84851	2.84851	2.86879	2.96019	3.1945	4.62453	4.68986	4.68986	
80754.4	6.8561e+17	2.78558e+17	1.21898e+17	7.71257e+16	1.54251e+17	2.31377e+17	3.08503e+17	3.85629e+17	4.62754e+17	5.39609e+17	6.15082e+17	6.79637e+17	7.49302e+17	3.35208e+17	8.60037e+15	6.24067e+15	5.73175e+15	2.50823e+15	1.58698e+15	3.17396e+15	4.76093e+15	6.34791e+15	7.93489e+15	9.52187e+15	1.128e+16	1.39123e+16	2.34249e+16	2.94325e+16	3.09707e+17	4.54045e+17	2.88926	2.84264	2.84264	2.84264	2.84264	2.84264	2.84264	2.84264	2.84264	2.86224	2.95076	3.17916	4.62126	4.68986	4.68986	
81006.8	6.85611e+17	2.78559e+17	1.21898e+17	7.71259e+16	1.54252e+17	2.31378e+17	3.08504e+17	3.8563e+17	4.62756e+17	5.39619e+17	6.15134e+17	6.79911e+17	7.48951e+17	3.35208e+17	8.60037e+15	6.24032e+15	5.73127e+15	2.50802e+15	1.58684e+15	3.17369e+15	4.76053e+15	6.34737e+15	7.93422e+15	9.52106e+15	1.1274e+16	1.38794e+16	2.32517e+16	2.96523e+16	3.09707e+17	4.54045e+17	2.89207	2.83704	2.83704	2.83704	2.83704	2.83704	2.83704	2.83704	2.83704	2.85596	2.94165	3.16418	4.61785	4.68986	4.68986	
81258.5	6.85611e+17	2.7856e+17	1.21898e+17	7.71262e+16	1.54252e+17	2.31378e+17	3.08505e+17	3.85631e+17	4.62757e+17	5.39628e+17	6.15186e+17	6.80187e+17	7.48596e+17	3.35208e+17	8.60033e+15	6.23997e+15	5.73079e+15	2.50781e+15	1.58671e+15	3.17342e+15	4.76013e+15	6.34684e+15	7.93355e+15	9.52026e+15	1.12682e+16	1.38468e+16	2.30777e+16	2.98752e+16	3.09707e+17	4.54043e+17	2.89486	2.8317	2.8317	2.8317	2.8317	2.8317	2.8317	2.8317	2.8317	2.84997	2.93289	3.14963	4.61434	4.68986	4.68986	
81510	6.85612e+17	2.78561e+17	1.21899e+17	7.71264e+16	1.54253e+17	2.31379e+17	3.08506e+17	3.85632e+17	4.62758e+17	5.39637e+17	6.15237e+17	6.80464e+17	7.48234e+17	3.35208e+17	8.60033e+15	6.23963e+15	5.73031e+15	2.5076e+15	1.58658e+15	3.17316e+15	4.75973e+15	6.34631e+15	7.93289e+15	9.51947e+15	1.12624e+16	1.38146e+16	2.29028e+16	3.01015e+16	3.09707e+17	4.54043e+17	2.89765	2.82663	2.82663	2.82663	2.82663	2.82663	2.82663	2.82663	2.82663	2.84426	2.92447	3.13548	4.61071	4.68986	4.68986	
81761.2	6.85613e+17	2.78561e+17	1.21899e+17	7.71266e+16	1.54253e+17	2.3138e+17	3.08506e+17	3.85633e+17	4.6276e+17	5.39647e+17	6.15287e+17	6.80742e+17	7.47868e+17	3.35208e+17	8.60033e+15	6.23928e+15	5.72983e+15	2.50739e+15	1.58645e+15	3.17289e+15	4.75934e+15	6.34578e+15	7.93223e+15	9.51867e+15	1.12567e+16	1.37828e+16	2.27273e+16	3.03311e+16	3.09707e+17	4.54043e+17	2.90043	2.82182	2.82182	2.82182	2.82182	2.82182	2.82182	2.82182	2.82182	2.83882	2.91638	3.12173	4.60696	4.68986	4.68986	
82013.1	6.85613e+17	2.78562e+17	1.21899e+17	7.71268e+16	1.54254e+17	2.3138e+17	3.08507e+17	3.85634e+17	4.62761e+17	5.39655e+17	6.15337e+17	6.81021e+17	7.47495e+17	3.35208e+17	8.60033e+15	6.23894e+15	5.72935e+15	2.50718e+15	1.58631e+15	3.17263e+15	4.75894e+15	6.34525e+15	7.93157e+15	9.51788e+15	1.1251e+16	1.37512e+16	2.2551e+16	3.05646e+16	3.09707e+17	4.54043e+17	2.90322	2.81724	2.81724	2.81724	2.81724	2.81724	2.81724	2.81724	2.81724	2.83363	2.9086	3.10834	4.60308	4.68986	4.68986	
82264.6	6.85614e+17	2.78563e+17	1.219e+17	7.7127e+16	1.54254e+17	2.31381e+17	3.08508e+17	3.85635e+17	4.62762e+17	5.39664e+17	6.15386e+17	6.81301e+17	7.47117e+17	3.35208e+17	8.60033e+15	6.23859e+15	5.72888e+15	2.50697e+15	1.58618e+15	3.17236e+15	4.75855e+15	6.34473e+15	7.93091e+15	9.51709e+15	1.12455e+16	1.37201e+16	2.23745e+16	3.08012e+16	3.09707e+17	4.54043e+17	2.906	2.8129	2.8129	2.8129	2.8129	2.8129	2.8129	2.8129	2.8129	2.8287	2.90114	3.09535	4.59908	4.68986	4.68986	
82515.9	6.85615e+17	2.78564e+17	1.219e+17	7.71272e+16	1.54254e+17	2.31382e+17	3.08509e+17	3.85636e+17	4.62763e+17	5.39673e+17	6.15435e+17	6.8158e+17	7.46735e+17	3.35208e+17	8.60033e+15	6.23825e+15	5.72841e+15	2.50677e+15	1.58605e+15	3.1721e+15	4.75815e+15	6.3442e+15	7.93025e+15	9.51631e+15	1.124e+16	1.36895e+16	2.21982e+16	3.10407e+16	3.09707e+17	4.54043e+17	2.90877	2.8088	2.8088	2.8088	2.8088	2.8088	2.8088	2.8088	2.8088	2.82403	2.89399	3.08276	4.59495	4.68986	4.68986	
82767.7	6.85615e+17	2.78564e+17	1.219e+17	7.71274e+16	1.54255e+17	2.31382e+17	3.0851e+17	3.85637e+17	4.62765e+17	5.39681e+17	6.15483e+17	6.8186e+17	7.46347e+17	3.35208e+17	8.60033e+15	6.23791e+15	5.72793e+15	2.50656e+15	1.58592e+15	3.17184e+15	4.75776e+15	6.34368e+15	7.9296e+15	9.51552e+15	1.12347e+16	1.36592e+16	2.20216e+16	3.12839e+16	3.09707e+17	4.54043e+17	2.91155	2.80493	2.80493	2.80493	2.80493	2.80493	2.80493	2.80493	2.80493	2.8196	2.88713	3.07052	4.59069	4.68986	4.68986	
83019.3	6.85616e+17	2.78565e+17	1.21901e+17	7.71276e+16	1.54255e+17	2.31383e+17	3.08511e+17	3.85638e+17	4.62766e+17	5.3969e+17	6.1553e+17	6.82139e+17	7.45954e+17	3.35208e+17	8.60033e+15	6.23757e+15	5.72747e+15	2.50635e+15	1.58579e+15	3.17158e+15	4.75737e+15	6.34316e+15	7.92895e+15	9.51474e+15	1.12294e+16	1.36293e+16	2.18455e+16	3.15298e+16	3.09707e+17	4.54043e+17	2.91433	2.80128	2.80128	2.80128	2.80128	2.80128	2.80128	2.80128	2.80128	2.8154	2.88058	3.05868	4.5863	4.68986	4.68986	
83270.6	6.85616e+17	2.78566e+17	1.21901e+17	7.71279e+16	1.54256e+17	2.31384e+17	3.08511e+17	3.85639e+17	4.62767e+17	5.39698e+17	6.15576e+17	6.82417e+17	7.45558e+17	3.35208e+17	8.60033e+15	6.23723e+15	5.727e+15	2.50615e+15	1.58566e+15	3.17132e+15	4.75698e+15	6.34264e+15	7.92831e+15	9.51397e+15	1.12243e+16	1.36e+16	2.16701e+16	3.17783e+16	3.09707e+17	4.54043e+17	2.9171	2.79786	2.79786	2.79786	2.79786	2.79786	2.79786	2.79786	2.79786	2.81145	2.87432	3.04722	4.58178	4.68986	4.68986	
83522.4	6.85617e+17	2.78567e+17	1.21901e+17	7.71281e+16	1.54256e+17	2.31384e+17	3.08512e+17	3.8564e+17	4.62768e+17	5.39706e+17	6.15622e+17	6.82694e+17	7.45156e+17	3.35208e+17	8.60033e+15	6.23689e+15	5.72653e+15	2.50595e+15	1.58553e+15	3.17106e+15	4.7566e+15	6.34213e+15	7.92766e+15	9.51319e+15	1.12192e+16	1.35711e+16	2.1495e+16	3.20302e+16	3.09707e+17	4.54043e+17	2.91987	2.79464	2.79464	2.79464	2.79464	2.79464	2.79464	2.79464	2.79464	2.80772	2.86834	3.03611	4.57712	4.68986	4.68986	
83774	6.85618e+17	2.78567e+17	1.21902e+17	7.71283e+16	1.54257e+17	2.31385e+17	3.08513e+17	3.85641e+17	4.6277e+17	5.39714e+17	6.15667e+17	6.8297e+17	7.4475e+17	3.35208e+17	8.60033e+15	6.23656e+15	5.72607e+15	2.50574e+15	1.5854e+15	3.17081e+15	4.75621e+15	6.34162e+15	7.92702e+15	9.51242e+15	1.12142e+16	1.35427e+16	2.1321e+16	3.22843e+16	3.09707e+17	4.54043e+17	2.92263	2.79163	2.79163	2.79163	2.79163	2.79163	2.79163	2.79163	2.79163	2.80421	2.86265	3.02538	4.57232	4.68986	4.68986	
84025.3	6.85618e+17	2.78568e+17	1.21902e+17	7.71285e+16	1.54257e+17	2.31385e+17	3.08514e+17	3.85642e+17	4.62771e+17	5.39722e+17	6.15711e+17	6.83244e+17	7.4434e+17	3.35208e+17	8.60033e+15	6.23622e+15	5.72561e+15	2.50554e+15	1.58528e+15	3.17055e+15	4.75583e+15	6.34111e+15	7.92638e+15	9.51166e+15	1.12094e+16	1.35148e+16	2.11482e+16	3.25408e+16	3.09707e+17	4.54043e+17	2.92539	2.78883	2.78883	2.78883	2.78883	2.78883	2.78883	2.78883	2.78883	2.80093	2.85724	3.01503	4.5674	4.68986	4.68986	
84277.2	6.85619e+17	2.78569e+17	1.21902e+17	7.71287e+16	1.54257e+17	2.31386e+17	3.08515e+17	3.85643e+17	4.62772e+17	5.39729e+17	6.15755e+17	6.83516e+17	7.43926e+17	3.35208e+17	8.60033e+15	6.23588e+15	5.72515e+15	2.50534e+15	1.58515e+15	3.1703e+15	4.75545e+15	6.3406e+15	7.92575e+15	9.5109e+15	1.12046e+16	1.34873e+16	2.09762e+16	3.28002e+16	3.09707e+17	4.54043e+17	2.92816	2.78623	2.78623	2.78623	2.78623	2.78623	2.78623	2.78623	2.78623	2.79785	2.85209	3.00501	4.56232	4.68986	4.68986	
84528.8	6.8562e+17	2.7857e+17	1.21903e+17	7.71289e+16	1.54258e+17	2.31387e+17	3.08516e+17	3.85644e+17	4.62773e+17	5.39737e+17	6.15797e+17	6.83786e+17	7.43509e+17	3.35208e+17	8.60033e+15	6.23555e+15	5.72469e+15	2.50514e+15	1.58502e+15	3.17005e+15	4.75507e+15	6.34009e+15	7.92512e+15	9.51014e+15	1.11999e+16	1.34604e+16	2.08058e+16	3.30615e+16	3.09707e+17	4.54043e+17	2.93092	2.78381	2.78381	2.78381	2.78381	2.78381	2.78381	2.78381	2.78381	2.79498	2.84721	2.99536	4.55711	4.68986	4.68986	
84780.2	6.8562e+17	2.7857e+17	1.21903e+17	7.71291e+16	1.54258e+17	2.31387e+17	3.08516e+17	3.85645e+17	4.62775e+17	5.39744e+17	6.15839e+17	6.84053e+17	7.43089e+17	3.35208e+17	8.60033e+15	6.23521e+15	5.72424e+15	2.50494e+15	1.5849e+15	3.16979e+15	4.75469e+15	6.33959e+15	7.92449e+15	9.50938e+15	1.11953e+16	1.34341e+16	2.0637e+16	3.33246e+16	3.09707e+17	4.54043e+17	2.93367	2.78159	2.78159	2.78159	2.78159	2.78159	2.78159	2.78159	2.78159	2.79231	2.84259	2.98607	4.55176	4.68986	4.68986	
85032.1	6.85621e+17	2.78571e+17	1.21903e+17	7.71293e+16	1.54259e+17	2.31388e+17	3.08517e+17	3.85646e+17	4.62776e+17	5.39751e+17	6.1588e+17	6.84319e+17	7.42664e+17	3.35208e+17	8.60033e+15	6.23488e+15	5.72379e+15	2.50474e+15	1.58477e+15	3.16954e+15	4.75432e+15	6.33909e+15	7.92386e+15	9.50863e+15	1.11908e+16	1.34082e+16	2.04695e+16	3.35903e+16	3.09707e+17	4.54043e+17	2.93643	2.77954	2.77954	2.77954	2.77954	2.77954	2.77954	2.77954	2.77954	2.78984	2.83821	2.97711	4.54626	4.68986	4.68986	
85283.7	6.85621e+17	2.78572e+17	1.21904e+17	7.71295e+16	1.54259e+17	2.31388e+17	3.08518e+17	3.85647e+17	4.62777e+17	5.39758e+17	6.1592e+17	6.84581e+17	7.42237e+17	3.35208e+17	8.60033e+15	6.23455e+15	5.72334e+15	2.50455e+15	1.58465e+15	3.1693e+15	4.75394e+15	6.33859e+15	7.92324e+15	9.50789e+15	1.11864e+16	1.33829e+16	2.03039e+16	3.38575e+16	3.09707e+17	4.54043e+17	2.93918	2.77768	2.77768	2.77768	2.77768	2.77768	2.77768	2.77768	2.77768	2.78756	2.83408	2.96849	4.54063	4.68986	4.68986	
85535.1	6.85622e+17	2.78573e+17	1.21904e+17	7.71297e+16	1.54259e+17	2.31389e+17	3.08519e+17	3.85648e+17	4.62778e+17	5.39765e+17	6.15959e+17	6.8484e+17	7.41808e+17	3.35208e+17	8.60033e+15	6.23422e+15	5.72289e+15	2.50435e+15	1.58452e+15	3.16905e+15	4.75357e+15	6.33809e+15	7.92262e+15	9.50714e+15	1.11822e+16	1.33582e+16	2.01404e+16	3.4126e+16	3.09707e+17	4.54043e+17	2.94192	2.77598	2.77598	2.77598	2.77598	2.77598	2.77598	2.77598	2.77598	2.78546	2.8302	2.96022	4.53485	4.68986	4.68986	
85787	6.85623e+17	2.78573e+17	1.21904e+17	7.71299e+16	1.5426e+17	2.3139e+17	3.0852e+17	3.85649e+17	4.62779e+17	5.39771e+17	6.15998e+17	6.85096e+17	7.41376e+17	3.35208e+17	8.60033e+15	6.23389e+15	5.72244e+15	2.50416e+15	1.5844e+15	3.1688e+15	4.7532e+15	6.3376e+15	7.922e+15	9.5064e+15	1.1178e+16	1.33339e+16	1.99784e+16	3.43967e+16	3.09707e+17	4.54043e+17	2.94467	2.77445	2.77445	2.77445	2.77445	2.77445	2.77445	2.77445	2.77445	2.78355	2.82654	2.95226	4.52892	4.68986	4.68986	
86038.7	6.85623e+17	2.78574e+17	1.21905e+17	7.71301e+16	1.5426e+17	2.3139e+17	3.0852e+17	3.8565e+17	4.62781e+17	5.39778e+17	6.16035e+17	6.85349e+17	7.40942e+17	3.35208e+17	8.60033e+15	6.23356e+15	5.722e+15	2.50396e+15	1.58428e+15	3.16856e+15	4.75283e+15	6.33711e+15	7.92139e+15	9.50567e+15	1.11739e+16	1.33103e+16	1.98188e+16	3.46684e+16	3.09707e+17	4.54043e+17	2.94741	2.77309	2.77309	2.77309	2.77309	2.77309	2.77309	2.77309	2.77309	2.78181	2.82312	2.94463	4.52285	4.68986	4.68986	
86290.1	6.85624e+17	2.78575e+17	1.21905e+17	7.71303e+16	1.54261e+17	2.31391e+17	3.08521e+17	3.85651e+17	4.62782e+17	5.39784e+17	6.16072e+17	6.85598e+17	7.40506e+17	3.35208e+17	8.60033e+15	6.23323e+15	5.72156e+15	2.50377e+15	1.58416e+15	3.16831e+15	4.75247e+15	6.33662e+15	7.92078e+15	9.50493e+15	1.11699e+16	1.32872e+16	1.96615e+16	3.4941e+16	3.09707e+17	4.54043e+17	2.95015	2.77188	2.77188	2.77188	2.77188	2.77188	2.77188	2.77188	2.77188	2.78024	2.81992	2.93732	4.51664	4.68986	4.68986	
86542.1	6.85624e+17	2.78575e+17	1.21905e+17	7.71305e+16	1.54261e+17	2.31391e+17	3.08522e+17	3.85652e+17	4.62783e+17	5.39791e+17	6.16107e+17	6.85844e+17	7.40068e+17	3.35208e+17	8.60033e+15	6.2329e+15	5.72112e+15	2.50358e+15	1.58403e+15	3.16807e+15	4.7521e+15	6.33614e+15	7.92017e+15	9.50421e+15	1.11659e+16	1.32646e+16	1.95061e+16	3.52152e+16	3.09707e+17	4.54043e+17	2.95289	2.77083	2.77083	2.77083	2.77083	2.77083	2.77083	2.77083	2.77083	2.77883	2.81693	2.93032	4.51027	4.68986	4.68986	
86793.7	6.85625e+17	2.78576e+17	1.21906e+17	7.71307e+16	1.54261e+17	2.31392e+17	3.08523e+17	3.85653e+17	4.62784e+17	5.39797e+17	6.16142e+17	6.86086e+17	7.39629e+17	3.35208e+17	8.60033e+15	6.23257e+15	5.72069e+15	2.50339e+15	1.58391e+15	3.16783e+15	4.75174e+15	6.33565e+15	7.91957e+15	9.50348e+15	1.11621e+16	1.32425e+16	1.93532e+16	3.549e+16	3.09707e+17	4.54043e+17	2.95562	2.76992	2.76992	2.76992	2.76992	2.76992	2.76992	2.76992	2.76992	2.77759	2.81415	2.92362	4.50376	4.68986	4.68986	
87045.2	6.85626e+17	2.78577e+17	1.21906e+17	7.71309e+16	1.54262e+17	2.31393e+17	3.08524e+17	3.85654e+17	4.62785e+17	5.39803e+17	6.16176e+17	6.86324e+17	7.39189e+17	3.35208e+17	8.60033e+15	6.23224e+15	5.72025e+15	2.5032e+15	1.58379e+15	3.16759e+15	4.75138e+15	6.33517e+15	7.91897e+15	9.50276e+15	1.11584e+16	1.3221e+16	1.92028e+16	3.57652e+16	3.09707e+17	4.54043e+17	2.95835	2.76916	2.76916	2.76916	2.76916	2.76916	2.76916	2.76916	2.76916	2.7765	2.81159	2.91723	4.49711	4.68986	4.68986	
87297.2	6.85626e+17	2.78578e+17	1.21906e+17	7.71311e+16	1.54262e+17	2.31393e+17	3.08524e+17	3.85655e+17	4.62786e+17	5.39808e+17	6.1621e+17	6.86558e+17	7.38747e+17	3.35208e+17	8.60033e+15	6.23192e+15	5.71982e+15	2.50301e+15	1.58367e+15	3.16735e+15	4.75102e+15	6.33469e+15	7.91837e+15	9.50204e+15	1.11548e+16	1.32001e+16	1.90547e+16	3.60416e+16	3.09707e+17	4.54043e+17	2.96108	2.76853	2.76853	2.76853	2.76853	2.76853	2.76853	2.76853	2.76853	2.77556	2.80921	2.91113	4.49029	4.68986	4.68986	
87548.9	6.85627e+17	2.78578e+17	1.21907e+17	7.71313e+16	1.54263e+17	2.31394e+17	3.08525e+17	3.85656e+17	4.62788e+17	5.39814e+17	6.16242e+17	6.86788e+17	7.38305e+17	3.35208e+17	8.60033e+15	6.23159e+15	5.71939e+15	2.50282e+15	1.58355e+15	3.16711e+15	4.75066e+15	6.33422e+15	7.91777e+15	9.50133e+15	1.11512e+16	1.31796e+16	1.89092e+16	3.6318e+16	3.09707e+17	4.54043e+17	2.9638	2.76805	2.76805	2.76805	2.76805	2.76805	2.76805	2.76805	2.76805	2.77477	2.80704	2.90531	4.48334	4.68986	4.68986	
87800.4	6.85627e+17	2.78579e+17	1.21907e+17	7.71315e+16	1.54263e+17	2.31394e+17	3.08526e+17	3.85657e+17	4.62789e+17	5.39819e+17	6.16273e+17	6.87014e+17	7.37863e+17	3.35208e+17	8.60033e+15	6.23127e+15	5.71896e+15	2.50263e+15	1.58344e+15	3.16687e+15	4.75031e+15	6.33375e+15	7.91718e+15	9.50062e+15	1.11478e+16	1.31598e+16	1.87665e+16	3.65943e+16	3.09707e+17	4.54043e+17	2.96652	2.76769	2.76769	2.76769	2.76769	2.76769	2.76769	2.76769	2.76769	2.77412	2.80505	2.89978	4.47625	4.68986	4.68986	
88052.4	6.85628e+17	2.7858e+17	1.21907e+17	7.71316e+16	1.54263e+17	2.31395e+17	3.08527e+17	3.85658e+17	4.6279e+17	5.39825e+17	6.16304e+17	6.87236e+17	7.3742e+17	3.35208e+17	8.60033e+15	6.23095e+15	5.71854e+15	2.50245e+15	1.58332e+15	3.16664e+15	4.74996e+15	6.33328e+15	7.91659e+15	9.49991e+15	1.11444e+16	1.31404e+16	1.86261e+16	3.68713e+16	3.09707e+17	4.54043e+17	2.96925	2.76746	2.76746	2.76746	2.76746	2.76746	2.76746	2.76746	2.76746	2.77361	2.80324	2.89451	4.46899	4.68986	4.68986	
88304.2	6.85629e+17	2.7858e+17	1.21907e+17	7.71318e+16	1.54264e+17	2.31396e+17	3.08527e+17	3.85659e+17	4.62791e+17	5.3983e+17	6.16334e+17	6.87454e+17	7.36978e+17	3.35208e+17	8.60033e+15	6.23062e+15	5.71812e+15	2.50226e+15	1.5832e+15	3.1664e+15	4.74961e+15	6.33281e+15	7.91601e+15	9.49921e+15	1.11411e+16	1.31216e+16	1.84885e+16	3.71478e+16	3.09707e+17	4.54043e+17	2.97196	2.76735	2.76735	2.76735	2.76735	2.76735	2.76735	2.76735	2.76735	2.77323	2.80162	2.88952	4.46159	4.68986	4.68986	
88555.7	6.85629e+17	2.78581e+17	1.21908e+17	7.7132e+16	1.54264e+17	2.31396e+17	3.08528e+17	3.8566e+17	4.62792e+17	5.39835e+17	6.16363e+17	6.87667e+17	7.36536e+17	3.35208e+17	8.60033e+15	6.2303e+15	5.7177e+15	2.50208e+15	1.58309e+15	3.16617e+15	4.74926e+15	6.33234e+15	7.91543e+15	9.49851e+15	1.11379e+16	1.31033e+16	1.83538e+16	3.74237e+16	3.09707e+17	4.54043e+17	2.97467	2.76736	2.76736	2.76736	2.76736	2.76736	2.76736	2.76736	2.76736	2.77298	2.80016	2.8848	4.45406	4.68986	4.68986	
88807.7	6.8563e+17	2.78582e+17	1.21908e+17	7.71322e+16	1.54264e+17	2.31397e+17	3.08529e+17	3.85661e+17	4.62793e+17	5.3984e+17	6.16391e+17	6.87876e+17	7.36095e+17	3.35208e+17	8.60033e+15	6.22998e+15	5.71728e+15	2.5019e+15	1.58297e+15	3.16594e+15	4.74891e+15	6.33188e+15	7.91485e+15	9.49782e+15	1.11348e+16	1.30855e+16	1.82216e+16	3.76998e+16	3.09707e+17	4.54043e+17	2.97738	2.76748	2.76748	2.76748	2.76748	2.76748	2.76748	2.76748	2.76748	2.77285	2.79887	2.88032	4.44636	4.68986	4.68986	
89059.5	6.8563e+17	2.78582e+17	1.21908e+17	7.71324e+16	1.54265e+17	2.31397e+17	3.0853e+17	3.85662e+17	4.62794e+17	5.39845e+17	6.16418e+17	6.8808e+17	7.35655e+17	3.35208e+17	8.60033e+15	6.22966e+15	5.71686e+15	2.50171e+15	1.58285e+15	3.16571e+15	4.74856e+15	6.33142e+15	7.91427e+15	9.49713e+15	1.11318e+16	1.30682e+16	1.80922e+16	3.79748e+16	3.09707e+17	4.54043e+17	2.98009	2.76771	2.76771	2.76771	2.76771	2.76771	2.76771	2.76771	2.76771	2.77284	2.79774	2.87609	4.43852	4.68986	4.68986	
89311.1	6.85631e+17	2.78583e+17	1.21909e+17	7.71326e+16	1.54265e+17	2.31398e+17	3.0853e+17	3.85663e+17	4.62796e+17	5.3985e+17	6.16445e+17	6.8828e+17	7.35216e+17	3.35208e+17	8.60033e+15	6.22934e+15	5.71645e+15	2.50153e+15	1.58274e+15	3.16548e+15	4.74822e+15	6.33096e+15	7.9137e+15	9.49644e+15	1.11288e+16	1.30514e+16	1.79658e+16	3.82488e+16	3.09707e+17	4.54043e+17	2.98279	2.76805	2.76805	2.76805	2.76805	2.76805	2.76805	2.76805	2.76805	2.77295	2.79677	2.87211	4.43055	4.68986	4.68986	
89563.2	6.85632e+17	2.78584e+17	1.21909e+17	7.71328e+16	1.54266e+17	2.31398e+17	3.08531e+17	3.85664e+17	4.62797e+17	5.39854e+17	6.16471e+17	6.88476e+17	7.34778e+17	3.35208e+17	8.60033e+15	6.22902e+15	5.71604e+15	2.50135e+15	1.58263e+15	3.16525e+15	4.74788e+15	6.3305e+15	7.91313e+15	9.49576e+15	1.11259e+16	1.30351e+16	1.78418e+16	3.85225e+16	3.09707e+17	4.54043e+17	2.98549	2.76849	2.76849	2.76849	2.76849	2.76849	2.76849	2.76849	2.76849	2.77317	2.79595	2.86836	4.42242	4.68986	4.68986	
89815	6.85632e+17	2.78584e+17	1.21909e+17	7.7133e+16	1.54266e+17	2.31399e+17	3.08532e+17	3.85665e+17	4.62798e+17	5.39859e+17	6.16496e+17	6.88668e+17	7.34343e+17	3.35208e+17	8.60033e+15	6.22871e+15	5.71563e+15	2.50117e+15	1.58251e+15	3.16503e+15	4.74754e+15	6.33005e+15	7.91256e+15	9.49508e+15	1.11231e+16	1.30193e+16	1.77209e+16	3.87946e+16	3.09707e+17	4.54043e+17	2.98819	2.76904	2.76904	2.76904	2.76904	2.76904	2.76904	2.76904	2.76904	2.7735	2.79528	2.86484	4.41415	4.68986	4.68986	
90066.6	6.85633e+17	2.78585e+17	1.2191e+17	7.71331e+16	1.54266e+17	2.31399e+17	3.08533e+17	3.85666e+17	4.62799e+17	5.39863e+17	6.1652e+17	6.88854e+17	7.33909e+17	3.35208e+17	8.60033e+15	6.22839e+15	5.71522e+15	2.50099e+15	1.5824e+15	3.1648e+15	4.7472e+15	6.3296e+15	7.912e+15	9.4944e+15	1.11204e+16	1.3004e+16	1.76028e+16	3.90651e+16	3.09707e+17	4.54043e+17	2.99088	2.76967	2.76967	2.76967	2.76967	2.76967	2.76967	2.76967	2.76967	2.77393	2.79475	2.86155	4.40574	4.68986	4.68986	
90318.7	6.85633e+17	2.78586e+17	1.2191e+17	7.71333e+16	1.54267e+17	2.314e+17	3.08533e+17	3.85667e+17	4.628e+17	5.39867e+17	6.16543e+17	6.89037e+17	7.33478e+17	3.35208e+17	8.60033e+15	6.22807e+15	5.71481e+15	2.50082e+15	1.58229e+15	3.16457e+15	4.74686e+15	6.32915e+15	7.91144e+15	9.49372e+15	1.11178e+16	1.29891e+16	1.74873e+16	3.93347e+16	3.09707e+17	4.54043e+17	2.99358	2.77041	2.77041	2.77041	2.77041	2.77041	2.77041	2.77041	2.77041	2.77446	2.79436	2.85847	4.39718	4.68986	4.68986	
90570.6	6.85634e+17	2.78586e+17	1.2191e+17	7.71335e+16	1.54267e+17	2.31401e+17	3.08534e+17	3.85668e+17	4.62801e+17	5.39871e+17	6.16566e+17	6.89215e+17	7.33049e+17	3.35208e+17	8.60033e+15	6.22776e+15	5.71441e+15	2.50064e+15	1.58218e+15	3.16435e+15	4.74653e+15	6.3287e+15	7.91088e+15	9.49305e+15	1.11152e+16	1.29747e+16	1.73747e+16	3.96024e+16	3.09707e+17	4.54043e+17	2.99626	2.77122	2.77122	2.77122	2.77122	2.77122	2.77122	2.77122	2.77122	2.77509	2.79409	2.85561	4.38849	4.68986	4.68986	
90822.2	6.85635e+17	2.78587e+17	1.2191e+17	7.71337e+16	1.54267e+17	2.31401e+17	3.08535e+17	3.85668e+17	4.62802e+17	5.39875e+17	6.16588e+17	6.89388e+17	7.32624e+17	3.35208e+17	8.60033e+15	6.22745e+15	5.71401e+15	2.50047e+15	1.58206e+15	3.16413e+15	4.74619e+15	6.32826e+15	7.91032e+15	9.49239e+15	1.11127e+16	1.29608e+16	1.7265e+16	3.9868e+16	3.09707e+17	4.54043e+17	2.99894	2.77213	2.77213	2.77213	2.77213	2.77213	2.77213	2.77213	2.77213	2.77582	2.79396	2.85295	4.37966	4.68986	4.68986	
91074.3	6.85635e+17	2.78588e+17	1.21911e+17	7.71339e+16	1.54268e+17	2.31402e+17	3.08535e+17	3.85669e+17	4.62803e+17	5.39879e+17	6.1661e+17	6.89557e+17	7.322e+17	3.35208e+17	8.60033e+15	6.22713e+15	5.71361e+15	2.50029e+15	1.58195e+15	3.16391e+15	4.74586e+15	6.32782e+15	7.90977e+15	9.49173e+15	1.11102e+16	1.29473e+16	1.71579e+16	4.01321e+16	3.09707e+17	4.54043e+17	3.00163	2.77312	2.77312	2.77312	2.77312	2.77312	2.77312	2.77312	2.77312	2.77663	2.79395	2.85049	4.37068	4.68986	4.68986	
91326.2	6.85636e+17	2.78588e+17	1.21911e+17	7.7134e+16	1.54268e+17	2.31402e+17	3.08536e+17	3.8567e+17	4.62804e+17	5.39883e+17	6.1663e+17	6.89722e+17	7.31781e+17	3.35208e+17	8.60033e+15	6.22682e+15	5.71321e+15	2.50012e+15	1.58184e+15	3.16369e+15	4.74553e+15	6.32738e+15	7.90922e+15	9.49107e+15	1.11078e+16	1.29342e+16	1.70536e+16	4.03939e+16	3.09707e+17	4.54043e+17	3.00431	2.77418	2.77418	2.77418	2.77418	2.77418	2.77418	2.77418	2.77418	2.77753	2.79406	2.84823	4.36158	4.68986	4.68986	
91577.9	6.85636e+17	2.78589e+17	1.21911e+17	7.71342e+16	1.54268e+17	2.31403e+17	3.08537e+17	3.85671e+17	4.62805e+17	5.39887e+17	6.1665e+17	6.89882e+17	7.31366e+17	3.35208e+17	8.60033e+15	6.22651e+15	5.71282e+15	2.49994e+15	1.58173e+15	3.16347e+15	4.7452e+15	6.32694e+15	7.90867e+15	9.49041e+15	1.11055e+16	1.29216e+16	1.69522e+16	4.0653e+16	3.09707e+17	4.54043e+17	3.00698	2.77533	2.77533	2.77533	2.77533	2.77533	2.77533	2.77533	2.77533	2.77852	2.79428	2.84616	4.35235	4.68986	4.68986	
91830.1	6.85637e+17	2.78589e+17	1.21911e+17	7.71344e+16	1.54269e+17	2.31403e+17	3.08538e+17	3.85672e+17	4.62806e+17	5.3989e+17	6.1667e+17	6.90039e+17	7.30954e+17	3.35208e+17	8.60033e+15	6.22619e+15	5.71242e+15	2.49977e+15	1.58163e+15	3.16325e+15	4.74488e+15	6.3265e+15	7.90813e+15	9.48976e+15	1.11033e+16	1.29094e+16	1.68532e+16	4.09102e+16	3.09707e+17	4.54043e+17	3.00965	2.77655	2.77655	2.77655	2.77655	2.77655	2.77655	2.77655	2.77655	2.77958	2.79462	2.84426	4.34296	4.68986	4.68986	
92082	6.85637e+17	2.7859e+17	1.21912e+17	7.71346e+16	1.54269e+17	2.31404e+17	3.08538e+17	3.85673e+17	4.62807e+17	5.39894e+17	6.16689e+17	6.90191e+17	7.30546e+17	3.35208e+17	8.60033e+15	6.22588e+15	5.71203e+15	2.4996e+15	1.58152e+15	3.16304e+15	4.74455e+15	6.32607e+15	7.90759e+15	9.48911e+15	1.11011e+16	1.28975e+16	1.67571e+16	4.11646e+16	3.09707e+17	4.54043e+17	3.01232	2.77783	2.77783	2.77783	2.77783	2.77783	2.77783	2.77783	2.77783	2.78072	2.79506	2.84255	4.33346	4.68986	4.68986	
92333.7	6.85638e+17	2.78591e+17	1.21912e+17	7.71347e+16	1.54269e+17	2.31404e+17	3.08539e+17	3.85674e+17	4.62808e+17	5.39897e+17	6.16707e+17	6.90338e+17	7.30143e+17	3.35208e+17	8.60033e+15	6.22557e+15	5.71164e+15	2.49943e+15	1.58141e+15	3.16282e+15	4.74423e+15	6.32564e+15	7.90705e+15	9.48846e+15	1.1099e+16	1.28861e+16	1.66637e+16	4.14159e+16	3.09707e+17	4.54043e+17	3.01498	2.77919	2.77919	2.77919	2.77919	2.77919	2.77919	2.77919	2.77919	2.78194	2.79561	2.841	4.32384	4.68986	4.68986	
92585.9	6.85639e+17	2.78591e+17	1.21912e+17	7.71349e+16	1.5427e+17	2.31405e+17	3.0854e+17	3.85675e+17	4.62809e+17	5.39901e+17	6.16724e+17	6.90482e+17	7.29744e+17	3.35208e+17	8.60033e+15	6.22527e+15	5.71126e+15	2.49926e+15	1.5813e+15	3.1626e+15	4.74391e+15	6.32521e+15	7.90651e+15	9.48781e+15	1.10969e+16	1.28751e+16	1.65728e+16	4.16648e+16	3.09707e+17	4.54043e+17	3.01764	2.78061	2.78061	2.78061	2.78061	2.78061	2.78061	2.78061	2.78061	2.78323	2.79625	2.83962	4.31407	4.68986	4.68986	
92837.9	6.85639e+17	2.78592e+17	1.21913e+17	7.71351e+16	1.5427e+17	2.31405e+17	3.0854e+17	3.85675e+17	4.62811e+17	5.39904e+17	6.16741e+17	6.90621e+17	7.2935e+17	3.35208e+17	8.60033e+15	6.22496e+15	5.71087e+15	2.49909e+15	1.5812e+15	3.16239e+15	4.74359e+15	6.32478e+15	7.90598e+15	9.48717e+15	1.10949e+16	1.28644e+16	1.64846e+16	4.19104e+16	3.09707e+17	4.54043e+17	3.0203	2.7821	2.7821	2.7821	2.7821	2.7821	2.7821	2.7821	2.7821	2.78458	2.79699	2.83841	4.30418	4.68986	4.68986	
93089.6	6.8564e+17	2.78593e+17	1.21913e+17	7.71353e+16	1.54271e+17	2.31406e+17	3.08541e+17	3.85676e+17	4.62812e+17	5.39907e+17	6.16757e+17	6.90756e+17	7.28962e+17	3.35208e+17	8.60033e+15	6.22465e+15	5.71049e+15	2.49892e+15	1.58109e+15	3.16218e+15	4.74327e+15	6.32436e+15	7.90545e+15	9.48654e+15	1.10929e+16	1.28541e+16	1.6399e+16	4.21525e+16	3.09707e+17	4.54043e+17	3.02295	2.78364	2.78364	2.78364	2.78364	2.78364	2.78364	2.78364	2.78364	2.78601	2.79782	2.83735	4.29419	4.68986	4.68986	
93341.9	6.8564e+17	2.78593e+17	1.21913e+17	7.71354e+16	1.54271e+17	2.31406e+17	3.08542e+17	3.85677e+17	4.62813e+17	5.3991e+17	6.16773e+17	6.90888e+17	7.28578e+17	3.35208e+17	8.60033e+15	6.22434e+15	5.7101e+15	2.49876e+15	1.58098e+15	3.16197e+15	4.74295e+15	6.32393e+15	7.90492e+15	9.4859e+15	1.1091e+16	1.28442e+16	1.63157e+16	4.23918e+16	3.09707e+17	4.54043e+17	3.0256	2.78525	2.78525	2.78525	2.78525	2.78525	2.78525	2.78525	2.78525	2.78749	2.79874	2.83643	4.28405	4.68986	4.68986	
93593.9	6.85641e+17	2.78594e+17	1.21913e+17	7.71356e+16	1.54271e+17	2.31407e+17	3.08542e+17	3.85678e+17	4.62814e+17	5.39913e+17	6.16788e+17	6.91015e+17	7.282e+17	3.35208e+17	8.60033e+15	6.22404e+15	5.70972e+15	2.49859e+15	1.58088e+15	3.16176e+15	4.74263e+15	6.32351e+15	7.90439e+15	9.48527e+15	1.10891e+16	1.28346e+16	1.62351e+16	4.26273e+16	3.09707e+17	4.54043e+17	3.02825	2.78691	2.78691	2.78691	2.78691	2.78691	2.78691	2.78691	2.78691	2.78904	2.79975	2.83567	4.27381	4.68986	4.68986	
93845.7	6.85641e+17	2.78594e+17	1.21914e+17	7.71358e+16	1.54272e+17	2.31407e+17	3.08543e+17	3.85679e+17	4.62815e+17	5.39916e+17	6.16803e+17	6.91138e+17	7.27829e+17	3.35208e+17	8.60033e+15	6.22373e+15	5.70935e+15	2.49842e+15	1.58077e+15	3.16155e+15	4.74232e+15	6.32309e+15	7.90387e+15	9.48464e+15	1.10873e+16	1.28253e+16	1.61569e+16	4.2859e+16	3.09707e+17	4.54043e+17	3.03088	2.78862	2.78862	2.78862	2.78862	2.78862	2.78862	2.78862	2.78862	2.79064	2.80083	2.83504	4.26346	4.68986	4.68986	
94098	6.85642e+17	2.78595e+17	1.21914e+17	7.71359e+16	1.54272e+17	2.31408e+17	3.08544e+17	3.8568e+17	4.62816e+17	5.39919e+17	6.16817e+17	6.91258e+17	7.27462e+17	3.35208e+17	8.60033e+15	6.22343e+15	5.70897e+15	2.49826e+15	1.58067e+15	3.16134e+15	4.74201e+15	6.32268e+15	7.90335e+15	9.48401e+15	1.10855e+16	1.28164e+16	1.6081e+16	4.30874e+16	3.09707e+17	4.54043e+17	3.03353	2.79038	2.79038	2.79038	2.79038	2.79038	2.79038	2.79038	2.79038	2.79231	2.802	2.83455	4.25297	4.68986	4.68986	
94350	6.85642e+17	2.78596e+17	1.21914e+17	7.71361e+16	1.54272e+17	2.31408e+17	3.08544e+17	3.85681e+17	4.62817e+17	5.39921e+17	6.16831e+17	6.91374e+17	7.27102e+17	3.35208e+17	8.60033e+15	6.22312e+15	5.70859e+15	2.4981e+15	1.58057e+15	3.16113e+15	4.7417e+15	6.32226e+15	7.90283e+15	9.48339e+15	1.10838e+16	1.28078e+16	1.60076e+16	4.33117e+16	3.09707e+17	4.54043e+17	3.03616	2.79219	2.79219	2.79219	2.79219	2.79219	2.79219	2.79219	2.79219	2.79402	2.80324	2.83419	4.24239	4.68986	4.68986	
94601.8	6.85643e+17	2.78596e+17	1.21914e+17	7.71363e+16	1.54273e+17	2.31409e+17	3.08545e+17	3.85681e+17	4.62818e+17	5.39924e+17	6.16844e+17	6.91486e+17	7.26749e+17	3.35208e+17	8.60033e+15	6.22282e+15	5.70822e+15	2.49793e+15	1.58046e+15	3.16092e+15	4.74139e+15	6.32185e+15	7.90231e+15	9.48277e+15	1.10821e+16	1.27995e+16	1.59365e+16	4.35317e+16	3.09707e+17	4.54043e+17	3.03879	2.79405	2.79405	2.79405	2.79405	2.79405	2.79405	2.79405	2.79405	2.79579	2.80455	2.83396	4.23172	4.68986	4.68986	
94854.1	6.85644e+17	2.78597e+17	1.21915e+17	7.71364e+16	1.54273e+17	2.31409e+17	3.08546e+17	3.85682e+17	4.62819e+17	5.39927e+17	6.16857e+17	6.91595e+17	7.26402e+17	3.35208e+17	8.60033e+15	6.22252e+15	5.70785e+15	2.49777e+15	1.58036e+15	3.16072e+15	4.74108e+15	6.32144e+15	7.90179e+15	9.48215e+15	1.10805e+16	1.27915e+16	1.58676e+16	4.37481e+16	3.09707e+17	4.54043e+17	3.04141	2.79596	2.79596	2.79596	2.79596	2.79596	2.79596	2.79596	2.79596	2.7976	2.80593	2.83385	4.22091	4.68986	4.68986	
95106.2	6.85644e+17	2.78598e+17	1.21915e+17	7.71366e+16	1.54273e+17	2.3141e+17	3.08546e+17	3.85683e+17	4.6282e+17	5.39929e+17	6.16869e+17	6.917e+17	7.26062e+17	3.35208e+17	8.60033e+15	6.22222e+15	5.70748e+15	2.49761e+15	1.58026e+15	3.16051e+15	4.74077e+15	6.32103e+15	7.90128e+15	9.48154e+15	1.10789e+16	1.27838e+16	1.5801e+16	4.396e+16	3.09707e+17	4.54043e+17	3.04404	2.7979	2.7979	2.7979	2.7979	2.7979	2.7979	2.7979	2.7979	2.79947	2.80738	2.83386	4.21002	4.68986	4.68986	
95358	6.85645e+17	2.78598e+17	1.21915e+17	7.71368e+16	1.54274e+17	2.3141e+17	3.08547e+17	3.85684e+17	4.62821e+17	5.39932e+17	6.16881e+17	6.91801e+17	7.25729e+17	3.35208e+17	8.60033e+15	6.22191e+15	5.70711e+15	2.49745e+15	1.58015e+15	3.16031e+15	4.74046e+15	6.32062e+15	7.90077e+15	9.48093e+15	1.10774e+16	1.27764e+16	1.57366e+16	4.41674e+16	3.09707e+17	4.54043e+17	3.04665	2.79989	2.79989	2.79989	2.79989	2.79989	2.79989	2.79989	2.79989	2.80137	2.80889	2.83398	4.19904	4.68986	4.68986	
95610.4	6.85645e+17	2.78599e+17	1.21916e+17	7.71369e+16	1.54274e+17	2.31411e+17	3.08548e+17	3.85685e+17	4.62822e+17	5.39934e+17	6.16892e+17	6.919e+17	7.25402e+17	3.35208e+17	8.60033e+15	6.22161e+15	5.70674e+15	2.49729e+15	1.58005e+15	3.16011e+15	4.74016e+15	6.32021e+15	7.90026e+15	9.48032e+15	1.10759e+16	1.27692e+16	1.56742e+16	4.43707e+16	3.09707e+17	4.54043e+17	3.04927	2.80192	2.80192	2.80192	2.80192	2.80192	2.80192	2.80192	2.80192	2.80333	2.81047	2.8342	4.18795	4.68986	4.68986	
95862.5	6.85646e+17	2.78599e+17	1.21916e+17	7.71371e+16	1.54274e+17	2.31411e+17	3.08548e+17	3.85686e+17	4.62823e+17	5.39936e+17	6.16903e+17	6.91995e+17	7.25083e+17	3.35208e+17	8.60033e+15	6.22131e+15	5.70638e+15	2.49713e+15	1.57995e+15	3.1599e+15	4.73986e+15	6.31981e+15	7.89976e+15	9.47971e+15	1.10744e+16	1.27623e+16	1.5614e+16	4.45692e+16	3.09707e+17	4.54043e+17	3.05187	2.80399	2.80399	2.80399	2.80399	2.80399	2.80399	2.80399	2.80399	2.80532	2.8121	2.83454	4.17677	4.68986	4.68986	
96114.4	6.85646e+17	2.786e+17	1.21916e+17	7.71373e+16	1.54275e+17	2.31412e+17	3.08549e+17	3.85686e+17	4.62824e+17	5.39939e+17	6.16913e+17	6.92086e+17	7.24772e+17	3.35208e+17	8.60033e+15	6.22102e+15	5.70601e+15	2.49697e+15	1.57985e+15	3.1597e+15	4.73955e+15	6.3194e+15	7.89926e+15	9.47911e+15	1.1073e+16	1.27557e+16	1.55558e+16	4.47629e+16	3.09707e+17	4.54043e+17	3.05447	2.80609	2.80609	2.80609	2.80609	2.80609	2.80609	2.80609	2.80609	2.80735	2.81378	2.83497	4.16552	4.68986	4.68986	
96366.8	6.85647e+17	2.786e+17	1.21916e+17	7.71374e+16	1.54275e+17	2.31412e+17	3.0855e+17	3.85687e+17	4.62825e+17	5.39941e+17	6.16923e+17	6.92175e+17	7.24468e+17	3.35208e+17	8.60033e+15	6.22072e+15	5.70565e+15	2.49681e+15	1.57975e+15	3.1595e+15	4.73925e+15	6.319e+15	7.89875e+15	9.47851e+15	1.10716e+16	1.27493e+16	1.54996e+16	4.49523e+16	3.09707e+17	4.54043e+17	3.05708	2.80822	2.80822	2.80822	2.80822	2.80822	2.80822	2.80822	2.80822	2.80942	2.81553	2.83551	4.15415	4.68986	4.68986	
96618.9	6.85647e+17	2.78601e+17	1.21917e+17	7.71376e+16	1.54275e+17	2.31413e+17	3.0855e+17	3.85688e+17	4.62826e+17	5.39943e+17	6.16933e+17	6.92261e+17	7.24172e+17	3.35208e+17	8.60033e+15	6.22042e+15	5.70529e+15	2.49665e+15	1.57965e+15	3.1593e+15	4.73895e+15	6.3186e+15	7.89826e+15	9.47791e+15	1.10702e+16	1.27432e+16	1.54453e+16	4.51366e+16	3.09707e+17	4.54043e+17	3.05967	2.81039	2.81039	2.81039	2.81039	2.81039	2.81039	2.81039	2.81039	2.81153	2.81732	2.83613	4.14272	4.68986	4.68986	
96870.8	6.85648e+17	2.78602e+17	1.21917e+17	7.71378e+16	1.54276e+17	2.31413e+17	3.08551e+17	3.85689e+17	4.62827e+17	5.39945e+17	6.16943e+17	6.92343e+17	7.23884e+17	3.35208e+17	8.60033e+15	6.22012e+15	5.70493e+15	2.49649e+15	1.57955e+15	3.1591e+15	4.73866e+15	6.31821e+15	7.89776e+15	9.47731e+15	1.10689e+16	1.27373e+16	1.5393e+16	4.53158e+16	3.09707e+17	4.54043e+17	3.06226	2.81259	2.81259	2.81259	2.81259	2.81259	2.81259	2.81259	2.81259	2.81366	2.81916	2.83685	4.13122	4.68986	4.68986	
97123.3	6.85649e+17	2.78602e+17	1.21917e+17	7.71379e+16	1.54276e+17	2.31414e+17	3.08552e+17	3.8569e+17	4.62827e+17	5.39947e+17	6.16952e+17	6.92423e+17	7.23603e+17	3.35208e+17	8.60033e+15	6.21983e+15	5.70457e+15	2.49634e+15	1.57945e+15	3.15891e+15	4.73836e+15	6.31781e+15	7.89726e+15	9.47672e+15	1.10676e+16	1.27316e+16	1.53425e+16	4.54903e+16	3.09707e+17	4.54043e+17	3.06484	2.81482	2.81482	2.81482	2.81482	2.81482	2.81482	2.81482	2.81482	2.81584	2.82105	2.83765	4.11963	4.68986	4.68986	
97375.5	6.85649e+17	2.78603e+17	1.21917e+17	7.71381e+16	1.54276e+17	2.31414e+17	3.08552e+17	3.8569e+17	4.62828e+17	5.39949e+17	6.1696e+17	6.925e+17	7.23331e+17	3.35208e+17	8.60033e+15	6.21953e+15	5.70422e+15	2.49618e+15	1.57935e+15	3.15871e+15	4.73806e+15	6.31742e+15	7.89677e+15	9.47612e+15	1.10663e+16	1.27261e+16	1.52938e+16	4.56596e+16	3.09707e+17	4.54043e+17	3.06742	2.81708	2.81708	2.81708	2.81708	2.81708	2.81708	2.81708	2.81708	2.81804	2.82298	2.83854	4.10797	4.68986	4.68986	
97627.4	6.8565e+17	2.78603e+17	1.21918e+17	7.71382e+16	1.54276e+17	2.31415e+17	3.08553e+17	3.85691e+17	4.62829e+17	5.39951e+17	6.16969e+17	6.92573e+17	7.23068e+17	3.35208e+17	8.60033e+15	6.21924e+15	5.70386e+15	2.49603e+15	1.57926e+15	3.15851e+15	4.73777e+15	6.31702e+15	7.89628e+15	9.47553e+15	1.10651e+16	1.27208e+16	1.52468e+16	4.58235e+16	3.09707e+17	4.54043e+17	3.06999	2.81937	2.81937	2.81937	2.81937	2.81937	2.81937	2.81937	2.81937	2.82027	2.82496	2.83951	4.09626	4.68986	4.68986	
97879.9	6.8565e+17	2.78604e+17	1.21918e+17	7.71384e+16	1.54277e+17	2.31415e+17	3.08554e+17	3.85692e+17	4.6283e+17	5.39953e+17	6.16977e+17	6.92645e+17	7.22812e+17	3.35208e+17	8.60033e+15	6.21895e+15	5.70351e+15	2.49587e+15	1.57916e+15	3.15832e+15	4.73747e+15	6.31663e+15	7.89579e+15	9.47495e+15	1.10639e+16	1.27158e+16	1.52015e+16	4.59826e+16	3.09707e+17	4.54043e+17	3.07257	2.82168	2.82168	2.82168	2.82168	2.82168	2.82168	2.82168	2.82168	2.82254	2.82698	2.84055	4.08446	4.68986	4.68986	
98132.1	6.85651e+17	2.78605e+17	1.21918e+17	7.71385e+16	1.54277e+17	2.31416e+17	3.08554e+17	3.85693e+17	4.62831e+17	5.39955e+17	6.16984e+17	6.92713e+17	7.22565e+17	3.35208e+17	8.60033e+15	6.21865e+15	5.70316e+15	2.49572e+15	1.57906e+15	3.15812e+15	4.73718e+15	6.31624e+15	7.8953e+15	9.47436e+15	1.10627e+16	1.27109e+16	1.51579e+16	4.61362e+16	3.09707e+17	4.54043e+17	3.07513	2.82402	2.82402	2.82402	2.82402	2.82402	2.82402	2.82402	2.82402	2.82483	2.82903	2.84167	4.07261	4.68986	4.68986	
98384.1	6.85651e+17	2.78605e+17	1.21918e+17	7.71387e+16	1.54277e+17	2.31416e+17	3.08555e+17	3.85694e+17	4.62832e+17	5.39957e+17	6.16992e+17	6.9278e+17	7.22327e+17	3.35208e+17	8.60033e+15	6.21836e+15	5.70281e+15	2.49556e+15	1.57896e+15	3.15793e+15	4.73689e+15	6.31585e+15	7.89482e+15	9.47378e+15	1.10615e+16	1.27062e+16	1.5116e+16	4.62843e+16	3.09707e+17	4.54043e+17	3.07768	2.82637	2.82637	2.82637	2.82637	2.82637	2.82637	2.82637	2.82637	2.82714	2.83112	2.84285	4.06071	4.68986	4.68986	
98636.6	6.85652e+17	2.78606e+17	1.21919e+17	7.71389e+16	1.54278e+17	2.31417e+17	3.08555e+17	3.85694e+17	4.62833e+17	5.39959e+17	6.16999e+17	6.92843e+17	7.22097e+17	3.35208e+17	8.60033e+15	6.21807e+15	5.70246e+15	2.49541e+15	1.57887e+15	3.15773e+15	4.7366e+15	6.31547e+15	7.89433e+15	9.4732e+15	1.10604e+16	1.27017e+16	1.50755e+16	4.64273e+16	3.09707e+17	4.54043e+17	3.08024	2.82876	2.82876	2.82876	2.82876	2.82876	2.82876	2.82876	2.82876	2.82949	2.83325	2.84411	4.04874	4.68986	4.68986	
98888.8	6.85652e+17	2.78606e+17	1.21919e+17	7.7139e+16	1.54278e+17	2.31417e+17	3.08556e+17	3.85695e+17	4.62834e+17	5.39961e+17	6.17006e+17	6.92904e+17	7.21876e+17	3.35208e+17	8.60033e+15	6.21778e+15	5.70211e+15	2.49526e+15	1.57877e+15	3.15754e+15	4.73631e+15	6.31508e+15	7.89385e+15	9.47262e+15	1.10593e+16	1.26974e+16	1.50366e+16	4.65647e+16	3.09707e+17	4.54043e+17	3.08279	2.83116	2.83116	2.83116	2.83116	2.83116	2.83116	2.83116	2.83116	2.83185	2.83542	2.84543	4.03673	4.68986	4.68986	
99140.9	6.85653e+17	2.78607e+17	1.21919e+17	7.71392e+16	1.54278e+17	2.31418e+17	3.08557e+17	3.85696e+17	4.62835e+17	5.39962e+17	6.17013e+17	6.92963e+17	7.21664e+17	3.35208e+17	8.60033e+15	6.21749e+15	5.70176e+15	2.49511e+15	1.57867e+15	3.15735e+15	4.73602e+15	6.3147e+15	7.89337e+15	9.47205e+15	1.10582e+16	1.26932e+16	1.49992e+16	4.66965e+16	3.09707e+17	4.54043e+17	3.08533	2.83358	2.83358	2.83358	2.83358	2.83358	2.83358	2.83358	2.83358	2.83423	2.83761	2.84681	4.02469	4.68986	4.68986	
99393.4	6.85653e+17	2.78607e+17	1.21919e+17	7.71393e+16	1.54279e+17	2.31418e+17	3.08557e+17	3.85697e+17	4.62836e+17	5.39964e+17	6.17019e+17	6.9302e+17	7.2146e+17	3.35208e+17	8.60033e+15	6.2172e+15	5.70142e+15	2.49496e+15	1.57858e+15	3.15716e+15	4.73574e+15	6.31432e+15	7.89289e+15	9.47147e+15	1.10571e+16	1.26892e+16	1.49632e+16	4.6823e+16	3.09707e+17	4.54043e+17	3.08787	2.83603	2.83603	2.83603	2.83603	2.83603	2.83603	2.83603	2.83603	2.83664	2.83984	2.84825	4.01258	4.68986	4.68986	
99645.7	6.85654e+17	2.78608e+17	1.2192e+17	7.71395e+16	1.54279e+17	2.31418e+17	3.08558e+17	3.85697e+17	4.62837e+17	5.39966e+17	6.17025e+17	6.93074e+17	7.21266e+17	3.35208e+17	8.60033e+15	6.21691e+15	5.70107e+15	2.49481e+15	1.57848e+15	3.15697e+15	4.73545e+15	6.31393e+15	7.89242e+15	9.4709e+15	1.10561e+16	1.26853e+16	1.49286e+16	4.69439e+16	3.09707e+17	4.54043e+17	3.0904	2.83849	2.83849	2.83849	2.83849	2.83849	2.83849	2.83849	2.83849	2.83907	2.84209	2.84975	4.00045	4.68986	4.68986	
99897.7	6.85654e+17	2.78608e+17	1.2192e+17	7.71396e+16	1.54279e+17	2.31419e+17	3.08559e+17	3.85698e+17	4.62838e+17	5.39967e+17	6.17031e+17	6.93127e+17	7.2108e+17	3.35208e+17	8.60033e+15	6.21662e+15	5.70073e+15	2.49466e+15	1.57839e+15	3.15678e+15	4.73517e+15	6.31356e+15	7.89194e+15	9.47033e+15	1.10551e+16	1.26816e+16	1.48953e+16	4.70589e+16	3.09707e+17	4.54043e+17	3.09292	2.84097	2.84097	2.84097	2.84097	2.84097	2.84097	2.84097	2.84097	2.84151	2.84437	2.8513	3.98829	4.68986	4.68986	
100150	6.85655e+17	2.78609e+17	1.2192e+17	7.71398e+16	1.5428e+17	2.31419e+17	3.08559e+17	3.85699e+17	4.62839e+17	5.39969e+17	6.17037e+17	6.93177e+17	7.20904e+17	3.35208e+17	8.60033e+15	6.21634e+15	5.70039e+15	2.49451e+15	1.57829e+15	3.15659e+15	4.73488e+15	6.31318e+15	7.89147e+15	9.46977e+15	1.10541e+16	1.2678e+16	1.48633e+16	4.71687e+16	3.09707e+17	4.54043e+17	3.09545	2.84346	2.84346	2.84346	2.84346	2.84346	2.84346	2.84346	2.84346	2.84398	2.84668	2.8529	3.97608	4.68986	4.68986	
100403	6.85655e+17	2.7861e+17	1.2192e+17	7.71399e+16	1.5428e+17	2.3142e+17	3.0856e+17	3.857e+17	4.6284e+17	5.39971e+17	6.17042e+17	6.93225e+17	7.20736e+17	3.35208e+17	8.60033e+15	6.21605e+15	5.70005e+15	2.49436e+15	1.5782e+15	3.1564e+15	4.7346e+15	6.3128e+15	7.891e+15	9.4692e+15	1.10531e+16	1.26746e+16	1.48326e+16	4.72726e+16	3.09707e+17	4.54043e+17	3.09796	2.84597	2.84597	2.84597	2.84597	2.84597	2.84597	2.84597	2.84597	2.84646	2.84901	2.85456	3.96385	4.68986	4.68986	
100655	6.85656e+17	2.7861e+17	1.21921e+17	7.71401e+16	1.5428e+17	2.3142e+17	3.0856e+17	3.857e+17	4.62841e+17	5.39972e+17	6.17047e+17	6.93272e+17	7.20578e+17	3.35208e+17	8.60033e+15	6.21577e+15	5.69971e+15	2.49421e+15	1.57811e+15	3.15621e+15	4.73432e+15	6.31243e+15	7.89053e+15	9.46864e+15	1.10521e+16	1.26713e+16	1.48031e+16	4.73708e+16	3.09707e+17	4.54043e+17	3.10047	2.84849	2.84849	2.84849	2.84849	2.84849	2.84849	2.84849	2.84849	2.84896	2.85137	2.85626	3.95161	4.68986	4.68986	
100907	6.85657e+17	2.78611e+17	1.21921e+17	7.71402e+16	1.5428e+17	2.31421e+17	3.08561e+17	3.85701e+17	4.62841e+17	5.39974e+17	6.17052e+17	6.93316e+17	7.20429e+17	3.35208e+17	8.60033e+15	6.21548e+15	5.69937e+15	2.49406e+15	1.57801e+15	3.15603e+15	4.73404e+15	6.31205e+15	7.89006e+15	9.46808e+15	1.10512e+16	1.26681e+16	1.47747e+16	4.74635e+16	3.09707e+17	4.54043e+17	3.10297	2.85104	2.85104	2.85104	2.85104	2.85104	2.85104	2.85104	2.85104	2.85147	2.85375	2.858	3.93933	4.68986	4.68986	
101160	6.85657e+17	2.78611e+17	1.21921e+17	7.71404e+16	1.54281e+17	2.31421e+17	3.08562e+17	3.85702e+17	4.62842e+17	5.39975e+17	6.17057e+17	6.93359e+17	7.20289e+17	3.35208e+17	8.60033e+15	6.2152e+15	5.69904e+15	2.49391e+15	1.57792e+15	3.15584e+15	4.73376e+15	6.31168e+15	7.8896e+15	9.46752e+15	1.10502e+16	1.26651e+16	1.47475e+16	4.75504e+16	3.09707e+17	4.54043e+17	3.10547	2.85359	2.85359	2.85359	2.85359	2.85359	2.85359	2.85359	2.85359	2.854	2.85615	2.85979	3.92705	4.68986	4.68986	
101412	6.85658e+17	2.78612e+17	1.21921e+17	7.71406e+16	1.54281e+17	2.31422e+17	3.08562e+17	3.85703e+17	4.62843e+17	5.39977e+17	6.17062e+17	6.934e+17	7.20158e+17	3.35208e+17	8.60033e+15	6.21491e+15	5.6987e+15	2.49377e+15	1.57783e+15	3.15565e+15	4.73348e+15	6.31131e+15	7.88913e+15	9.46696e+15	1.10493e+16	1.26621e+16	1.47215e+16	4.76315e+16	3.09707e+17	4.54043e+17	3.10796	2.85615	2.85615	2.85615	2.85615	2.85615	2.85615	2.85615	2.85615	2.85654	2.85857	2.86162	3.91477	4.68986	4.68986	
101665	6.85658e+17	2.78612e+17	1.21921e+17	7.71407e+16	1.54281e+17	2.31422e+17	3.08563e+17	3.85704e+17	4.62844e+17	5.39978e+17	6.17066e+17	6.93439e+17	7.20036e+17	3.35208e+17	8.60033e+15	6.21463e+15	5.69837e+15	2.49362e+15	1.57773e+15	3.15547e+15	4.7332e+15	6.31094e+15	7.88867e+15	9.4664e+15	1.10484e+16	1.26593e+16	1.46964e+16	4.77071e+16	3.09707e+17	4.54043e+17	3.11045	2.85873	2.85873	2.85873	2.85873	2.85873	2.85873	2.85873	2.85873	2.85909	2.86101	2.8635	3.90245	4.68986	4.68986	
101917	6.85659e+17	2.78613e+17	1.21922e+17	7.71409e+16	1.54282e+17	2.31423e+17	3.08563e+17	3.85704e+17	4.62845e+17	5.3998e+17	6.17071e+17	6.93477e+17	7.19924e+17	3.35208e+17	8.60033e+15	6.21435e+15	5.69803e+15	2.49347e+15	1.57764e+15	3.15528e+15	4.73293e+15	6.31057e+15	7.88821e+15	9.46585e+15	1.10476e+16	1.26565e+16	1.46724e+16	4.77769e+16	3.09707e+17	4.54043e+17	3.11293	2.86131	2.86131	2.86131	2.86131	2.86131	2.86131	2.86131	2.86131	2.86166	2.86347	2.8654	3.89014	4.68986	4.68986	
102169	6.85659e+17	2.78613e+17	1.21922e+17	7.7141e+16	1.54282e+17	2.31423e+17	3.08564e+17	3.85705e+17	4.62846e+17	5.39981e+17	6.17075e+17	6.93513e+17	7.1982e+17	3.35208e+17	8.60033e+15	6.21407e+15	5.6977e+15	2.49333e+15	1.57755e+15	3.1551e+15	4.73265e+15	6.3102e+15	7.88775e+15	9.4653e+15	1.10467e+16	1.26539e+16	1.46494e+16	4.7841e+16	3.09707e+17	4.54043e+17	3.1154	2.86391	2.86391	2.86391	2.86391	2.86391	2.86391	2.86391	2.86391	2.86423	2.86594	2.86735	3.87784	4.68986	4.68986	
102422	6.8566e+17	2.78614e+17	1.21922e+17	7.71411e+16	1.54282e+17	2.31423e+17	3.08565e+17	3.85706e+17	4.62847e+17	5.39982e+17	6.17079e+17	6.93548e+17	7.19726e+17	3.35208e+17	8.60033e+15	6.21379e+15	5.69737e+15	2.49318e+15	1.57746e+15	3.15492e+15	4.73238e+15	6.30983e+15	7.88729e+15	9.46475e+15	1.10458e+16	1.26514e+16	1.46273e+16	4.78995e+16	3.09707e+17	4.54043e+17	3.11787	2.86652	2.86652	2.86652	2.86652	2.86652	2.86652	2.86652	2.86652	2.86682	2.86843	2.86933	3.86553	4.68986	4.68986	
102674	6.8566e+17	2.78614e+17	1.21922e+17	7.71413e+16	1.54283e+17	2.31424e+17	3.08565e+17	3.85706e+17	4.62848e+17	5.39984e+17	6.17083e+17	6.93581e+17	7.1964e+17	3.35208e+17	8.60033e+15	6.21351e+15	5.69704e+15	2.49304e+15	1.57737e+15	3.15473e+15	4.7321e+15	6.30947e+15	7.88684e+15	9.4642e+15	1.1045e+16	1.26489e+16	1.46062e+16	4.79524e+16	3.09707e+17	4.54043e+17	3.12034	2.86913	2.86913	2.86913	2.86913	2.86913	2.86913	2.86913	2.86913	2.86942	2.87094	2.87134	3.85323	4.68986	4.68986	
102926	6.85661e+17	2.78615e+17	1.21923e+17	7.71414e+16	1.54283e+17	2.31424e+17	3.08566e+17	3.85707e+17	4.62849e+17	5.39985e+17	6.17087e+17	6.93612e+17	7.19564e+17	3.35208e+17	8.60033e+15	6.21323e+15	5.69671e+15	2.4929e+15	1.57728e+15	3.15455e+15	4.73183e+15	6.30911e+15	7.88638e+15	9.46366e+15	1.10442e+16	1.26466e+16	1.4586e+16	4.79995e+16	3.09707e+17	4.54043e+17	3.12279	2.87176	2.87176	2.87176	2.87176	2.87176	2.87176	2.87176	2.87176	2.87203	2.87346	2.87338	3.84095	4.68986	4.68986	
103179	6.85661e+17	2.78615e+17	1.21923e+17	7.71416e+16	1.54283e+17	2.31425e+17	3.08566e+17	3.85708e+17	4.6285e+17	5.39986e+17	6.1709e+17	6.93643e+17	7.19497e+17	3.35208e+17	8.60033e+15	6.21295e+15	5.69639e+15	2.49275e+15	1.57719e+15	3.15437e+15	4.73156e+15	6.30874e+15	7.88593e+15	9.46311e+15	1.10434e+16	1.26443e+16	1.45665e+16	4.80411e+16	3.09707e+17	4.54043e+17	3.12525	2.87439	2.87439	2.87439	2.87439	2.87439	2.87439	2.87439	2.87439	2.87464	2.876	2.87545	3.82867	4.68986	4.68986	
103432	6.85662e+17	2.78616e+17	1.21923e+17	7.71417e+16	1.54283e+17	2.31425e+17	3.08567e+17	3.85709e+17	4.6285e+17	5.39988e+17	6.17094e+17	6.93672e+17	7.19439e+17	3.35208e+17	8.60033e+15	6.21268e+15	5.69606e+15	2.49261e+15	1.5771e+15	3.15419e+15	4.73129e+15	6.30838e+15	7.88548e+15	9.46257e+15	1.10425e+16	1.26421e+16	1.4548e+16	4.80771e+16	3.09707e+17	4.54043e+17	3.1277	2.87703	2.87703	2.87703	2.87703	2.87703	2.87703	2.87703	2.87703	2.87727	2.87854	2.87755	3.81641	4.68986	4.68986	
103684	6.85662e+17	2.78617e+17	1.21923e+17	7.71419e+16	1.54284e+17	2.31426e+17	3.08568e+17	3.85709e+17	4.62851e+17	5.39989e+17	6.17097e+17	6.937e+17	7.19389e+17	3.35207e+17	8.60033e+15	6.2124e+15	5.69574e+15	2.49247e+15	1.57701e+15	3.15401e+15	4.73102e+15	6.30802e+15	7.88503e+15	9.46203e+15	1.10418e+16	1.264e+16	1.45302e+16	4.81075e+16	3.09707e+17	4.54043e+17	3.13014	2.87967	2.87967	2.87967	2.87967	2.87967	2.87967	2.87967	2.87967	2.8799	2.8811	2.87967	3.80419	4.68986	4.68986	
103937	6.85663e+17	2.78617e+17	1.21924e+17	7.7142e+16	1.54284e+17	2.31426e+17	3.08568e+17	3.8571e+17	4.62852e+17	5.3999e+17	6.171e+17	6.93726e+17	7.19349e+17	3.35207e+17	8.60033e+15	6.21213e+15	5.69541e+15	2.49233e+15	1.57692e+15	3.15383e+15	4.73075e+15	6.30766e+15	7.88458e+15	9.46149e+15	1.1041e+16	1.2638e+16	1.45132e+16	4.81325e+16	3.09707e+17	4.54043e+17	3.13257	2.88233	2.88233	2.88233	2.88233	2.88233	2.88233	2.88233	2.88233	2.88254	2.88367	2.88182	3.79197	4.68986	4.68986	
104189	6.85663e+17	2.78618e+17	1.21924e+17	7.71422e+16	1.54284e+17	2.31427e+17	3.08569e+17	3.85711e+17	4.62853e+17	5.39991e+17	6.17104e+17	6.93752e+17	7.19317e+17	3.35207e+17	8.60033e+15	6.21185e+15	5.69509e+15	2.49218e+15	1.57683e+15	3.15365e+15	4.73048e+15	6.3073e+15	7.88413e+15	9.46095e+15	1.10402e+16	1.2636e+16	1.44969e+16	4.81519e+16	3.09707e+17	4.54043e+17	3.13501	2.88499	2.88499	2.88499	2.88499	2.88499	2.88499	2.88499	2.88499	2.88519	2.88625	2.884	3.77979	4.68986	4.68986	
104441	6.85664e+17	2.78618e+17	1.21924e+17	7.71423e+16	1.54285e+17	2.31427e+17	3.08569e+17	3.85712e+17	4.62854e+17	5.39993e+17	6.17107e+17	6.93776e+17	7.19294e+17	3.35207e+17	8.60033e+15	6.21158e+15	5.69477e+15	2.49204e+15	1.57674e+15	3.15347e+15	4.73021e+15	6.30695e+15	7.88368e+15	9.46042e+15	1.10394e+16	1.26341e+16	1.44813e+16	4.81659e+16	3.09707e+17	4.54043e+17	3.13743	2.88765	2.88765	2.88765	2.88765	2.88765	2.88765	2.88765	2.88765	2.88784	2.88884	2.88619	3.76765	4.68986	4.68986	
104694	6.85664e+17	2.78619e+17	1.21924e+17	7.71425e+16	1.54285e+17	2.31427e+17	3.0857e+17	3.85712e+17	4.62855e+17	5.39994e+17	6.1711e+17	6.93799e+17	7.1928e+17	3.35207e+17	8.60033e+15	6.2113e+15	5.69444e+15	2.4919e+15	1.57665e+15	3.1533e+15	4.72994e+15	6.30659e+15	7.88324e+15	9.45989e+15	1.10387e+16	1.26323e+16	1.44665e+16	4.81745e+16	3.09707e+17	4.54043e+17	3.13985	2.89032	2.89032	2.89032	2.89032	2.89032	2.89032	2.89032	2.89032	2.8905	2.89145	2.88841	3.75553	4.68986	4.68986	
104947	6.85665e+17	2.78619e+17	1.21924e+17	7.71426e+16	1.54285e+17	2.31428e+17	3.0857e+17	3.85713e+17	4.62856e+17	5.39995e+17	6.17112e+17	6.93822e+17	7.19274e+17	3.35207e+17	8.60033e+15	6.21103e+15	5.69412e+15	2.49176e+15	1.57656e+15	3.15312e+15	4.72968e+15	6.30624e+15	7.8828e+15	9.45935e+15	1.10379e+16	1.26305e+16	1.44522e+16	4.81778e+16	3.09707e+17	4.54043e+17	3.14227	2.893	2.893	2.893	2.893	2.893	2.893	2.893	2.893	2.89316	2.89405	2.89065	3.74345	4.68986	4.68986	
105199	6.85665e+17	2.7862e+17	1.21925e+17	7.71427e+16	1.54285e+17	2.31428e+17	3.08571e+17	3.85714e+17	4.62856e+17	5.39996e+17	6.17115e+17	6.93843e+17	7.19277e+17	3.35207e+17	8.60033e+15	6.21076e+15	5.6938e+15	2.49162e+15	1.57647e+15	3.15294e+15	4.72941e+15	6.30588e+15	7.88235e+15	9.45882e+15	1.10372e+16	1.26288e+16	1.44387e+16	4.81757e+16	3.09707e+17	4.54043e+17	3.14468	2.89567	2.89567	2.89567	2.89567	2.89567	2.89567	2.89567	2.89567	2.89583	2.89667	2.8929	3.73143	4.68986	4.68986	
105452	6.85666e+17	2.7862e+17	1.21925e+17	7.71429e+16	1.54286e+17	2.31429e+17	3.08572e+17	3.85714e+17	4.62857e+17	5.39997e+17	6.17118e+17	6.93863e+17	7.19288e+17	3.35207e+17	8.60033e+15	6.21049e+15	5.69349e+15	2.49148e+15	1.57638e+15	3.15277e+15	4.72915e+15	6.30553e+15	7.88191e+15	9.4583e+15	1.10365e+16	1.26271e+16	1.44257e+16	4.81684e+16	3.09707e+17	4.54043e+17	3.14708	2.89836	2.89836	2.89836	2.89836	2.89836	2.89836	2.89836	2.89836	2.89851	2.8993	2.89518	3.71943	4.68986	4.68986	
105704	6.85666e+17	2.78621e+17	1.21925e+17	7.7143e+16	1.54286e+17	2.31429e+17	3.08572e+17	3.85715e+17	4.62858e+17	5.39999e+17	6.1712e+17	6.93882e+17	7.19308e+17	3.35207e+17	8.60033e+15	6.21022e+15	5.69317e+15	2.49135e+15	1.57629e+15	3.15259e+15	4.72888e+15	6.30518e+15	7.88147e+15	9.45777e+15	1.10358e+16	1.26255e+16	1.44133e+16	4.8156e+16	3.09707e+17	4.54043e+17	3.14948	2.90105	2.90105	2.90105	2.90105	2.90105	2.90105	2.90105	2.90105	2.90118	2.90193	2.89747	3.70749	4.68986	4.68986	
105957	6.85667e+17	2.78621e+17	1.21925e+17	7.71432e+16	1.54286e+17	2.3143e+17	3.08573e+17	3.85716e+17	4.62859e+17	5.4e+17	6.17123e+17	6.93901e+17	7.19336e+17	3.35207e+17	8.60033e+15	6.20995e+15	5.69285e+15	2.49121e+15	1.57621e+15	3.15241e+15	4.72862e+15	6.30483e+15	7.88104e+15	9.45724e+15	1.1035e+16	1.26239e+16	1.44014e+16	4.81384e+16	3.09707e+17	4.54043e+17	3.15188	2.90373	2.90373	2.90373	2.90373	2.90373	2.90373	2.90373	2.90373	2.90386	2.90456	2.89978	3.69561	4.68986	4.68986	
106210	6.85667e+17	2.78622e+17	1.21926e+17	7.71433e+16	1.54287e+17	2.3143e+17	3.08573e+17	3.85717e+17	4.6286e+17	5.40001e+17	6.17125e+17	6.93918e+17	7.19372e+17	3.35207e+17	8.60033e+15	6.20968e+15	5.69254e+15	2.49107e+15	1.57612e+15	3.15224e+15	4.72836e+15	6.30448e+15	7.8806e+15	9.45672e+15	1.10343e+16	1.26224e+16	1.43901e+16	4.81157e+16	3.09707e+17	4.54043e+17	3.15427	2.90643	2.90643	2.90643	2.90643	2.90643	2.90643	2.90643	2.90643	2.90655	2.90721	2.9021	3.68376	4.68986	4.68986	
106462	6.85668e+17	2.78622e+17	1.21926e+17	7.71435e+16	1.54287e+17	2.3143e+17	3.08574e+17	3.85717e+17	4.62861e+17	5.40002e+17	6.17128e+17	6.93935e+17	7.19416e+17	3.35207e+17	8.60033e+15	6.20941e+15	5.69222e+15	2.49093e+15	1.57603e+15	3.15207e+15	4.7281e+15	6.30413e+15	7.88016e+15	9.4562e+15	1.10336e+16	1.26209e+16	1.43794e+16	4.8088e+16	3.09707e+17	4.54043e+17	3.15665	2.90913	2.90913	2.90913	2.90913	2.90913	2.90913	2.90913	2.90913	2.90924	2.90986	2.90444	3.67199	4.68986	4.68986	
106715	6.85668e+17	2.78623e+17	1.21926e+17	7.71436e+16	1.54287e+17	2.31431e+17	3.08574e+17	3.85718e+17	4.62862e+17	5.40003e+17	6.1713e+17	6.93951e+17	7.19468e+17	3.35207e+17	8.60033e+15	6.20915e+15	5.69191e+15	2.49079e+15	1.57595e+15	3.15189e+15	4.72784e+15	6.30378e+15	7.87973e+15	9.45568e+15	1.1033e+16	1.26195e+16	1.43691e+16	4.80554e+16	3.09707e+17	4.54043e+17	3.15903	2.91182	2.91182	2.91182	2.91182	2.91182	2.91182	2.91182	2.91182	2.91193	2.91251	2.90679	3.66028	4.68986	4.68986	
106967	6.85669e+17	2.78623e+17	1.21926e+17	7.71437e+16	1.54287e+17	2.31431e+17	3.08575e+17	3.85719e+17	4.62862e+17	5.40004e+17	6.17132e+17	6.93966e+17	7.19528e+17	3.35207e+17	8.60033e+15	6.20888e+15	5.6916e+15	2.49066e+15	1.57586e+15	3.15172e+15	4.72758e+15	6.30344e+15	7.8793e+15	9.45516e+15	1.10323e+16	1.26181e+16	1.43593e+16	4.80179e+16	3.09707e+17	4.54043e+17	3.16141	2.91452	2.91452	2.91452	2.91452	2.91452	2.91452	2.91452	2.91452	2.91462	2.91517	2.90915	3.64861	4.68986	4.68986	
107220	6.85669e+17	2.78624e+17	1.21926e+17	7.71439e+16	1.54288e+17	2.31432e+17	3.08576e+17	3.85719e+17	4.62863e+17	5.40005e+17	6.17134e+17	6.93981e+17	7.19595e+17	3.35207e+17	8.60033e+15	6.20862e+15	5.69129e+15	2.49052e+15	1.57577e+15	3.15155e+15	4.72732e+15	6.30309e+15	7.87887e+15	9.45464e+15	1.10316e+16	1.26168e+16	1.435e+16	4.79756e+16	3.09707e+17	4.54043e+17	3.16378	2.91723	2.91723	2.91723	2.91723	2.91723	2.91723	2.91723	2.91723	2.91732	2.91783	2.91153	3.63702	4.68986	4.68986	
107472	6.8567e+17	2.78624e+17	1.21927e+17	7.7144e+16	1.54288e+17	2.31432e+17	3.08576e+17	3.8572e+17	4.62864e+17	5.40006e+17	6.17136e+17	6.93994e+17	7.1967e+17	3.35207e+17	8.60033e+15	6.20835e+15	5.69098e+15	2.49039e+15	1.57569e+15	3.15137e+15	4.72706e+15	6.30275e+15	7.87844e+15	9.45412e+15	1.10309e+16	1.26155e+16	1.43411e+16	4.79286e+16	3.09707e+17	4.54043e+17	3.16614	2.91993	2.91993	2.91993	2.91993	2.91993	2.91993	2.91993	2.91993	2.92001	2.9205	2.91391	3.62551	4.68986	4.68986	
107725	6.8567e+17	2.78625e+17	1.21927e+17	7.71442e+16	1.54288e+17	2.31432e+17	3.08577e+17	3.85721e+17	4.62865e+17	5.40007e+17	6.17138e+17	6.94007e+17	7.19753e+17	3.35207e+17	8.60033e+15	6.20809e+15	5.69067e+15	2.49025e+15	1.5756e+15	3.1512e+15	4.72681e+15	6.30241e+15	7.87801e+15	9.45361e+15	1.10303e+16	1.26142e+16	1.43327e+16	4.78769e+16	3.09707e+17	4.54043e+17	3.16851	2.92263	2.92263	2.92263	2.92263	2.92263	2.92263	2.92263	2.92263	2.92272	2.92317	2.91631	3.61405	4.68986	4.68986	
107978	6.85671e+17	2.78625e+17	1.21927e+17	7.71443e+16	1.54289e+17	2.31433e+17	3.08577e+17	3.85721e+17	4.62866e+17	5.40009e+17	6.1714e+17	6.9402e+17	7.19843e+17	3.35207e+17	8.60033e+15	6.20782e+15	5.69036e+15	2.49012e+15	1.57552e+15	3.15103e+15	4.72655e+15	6.30206e+15	7.87758e+15	9.4531e+15	1.10296e+16	1.2613e+16	1.43246e+16	4.78206e+16	3.09707e+17	4.54043e+17	3.17086	2.92534	2.92534	2.92534	2.92534	2.92534	2.92534	2.92534	2.92534	2.92542	2.92584	2.91872	3.60268	4.68986	4.68986	
108230	6.85671e+17	2.78626e+17	1.21927e+17	7.71444e+16	1.54289e+17	2.31433e+17	3.08578e+17	3.85722e+17	4.62867e+17	5.4001e+17	6.17142e+17	6.94032e+17	7.1994e+17	3.35207e+17	8.60033e+15	6.20756e+15	5.69005e+15	2.48998e+15	1.57543e+15	3.15086e+15	4.72629e+15	6.30172e+15	7.87716e+15	9.45259e+15	1.10289e+16	1.26118e+16	1.4317e+16	4.77599e+16	3.09707e+17	4.54043e+17	3.17321	2.92804	2.92804	2.92804	2.92804	2.92804	2.92804	2.92804	2.92804	2.92812	2.92851	2.92113	3.59139	4.68986	4.68986	
108483	6.85672e+17	2.78626e+17	1.21928e+17	7.71446e+16	1.54289e+17	2.31434e+17	3.08578e+17	3.85723e+17	4.62867e+17	5.40011e+17	6.17144e+17	6.94043e+17	7.20044e+17	3.35207e+17	8.60033e+15	6.2073e+15	5.68974e+15	2.48985e+15	1.57535e+15	3.15069e+15	4.72604e+15	6.30138e+15	7.87673e+15	9.45208e+15	1.10283e+16	1.26106e+16	1.43097e+16	4.76947e+16	3.09707e+17	4.54043e+17	3.17557	2.93075	2.93075	2.93075	2.93075	2.93075	2.93075	2.93075	2.93075	2.93082	2.9312	2.92356	3.58015	4.68986	4.68986	
108736	6.85672e+17	2.78627e+17	1.21928e+17	7.71447e+16	1.54289e+17	2.31434e+17	3.08579e+17	3.85724e+17	4.62868e+17	5.40012e+17	6.17146e+17	6.94053e+17	7.20155e+17	3.35207e+17	8.60033e+15	6.20704e+15	5.68944e+15	2.48971e+15	1.57526e+15	3.15052e+15	4.72578e+15	6.30105e+15	7.87631e+15	9.45157e+15	1.10276e+16	1.26095e+16	1.43029e+16	4.76252e+16	3.09707e+17	4.54043e+17	3.17791	2.93346	2.93346	2.93346	2.93346	2.93346	2.93346	2.93346	2.93346	2.93352	2.93388	2.92599	3.56901	4.68986	4.68986	
108989	6.85672e+17	2.78627e+17	1.21928e+17	7.71448e+16	1.5429e+17	2.31435e+17	3.08579e+17	3.85724e+17	4.62869e+17	5.40013e+17	6.17148e+17	6.94063e+17	7.20273e+17	3.35207e+17	8.60033e+15	6.20678e+15	5.68913e+15	2.48958e+15	1.57518e+15	3.15035e+15	4.72553e+15	6.30071e+15	7.87588e+15	9.45106e+15	1.1027e+16	1.26084e+16	1.42963e+16	4.75515e+16	3.09707e+17	4.54043e+17	3.18025	2.93617	2.93617	2.93617	2.93617	2.93617	2.93617	2.93617	2.93617	2.93623	2.93655	2.92843	3.55797	4.68986	4.68986	
109242	6.85673e+17	2.78628e+17	1.21928e+17	7.7145e+16	1.5429e+17	2.31435e+17	3.0858e+17	3.85725e+17	4.6287e+17	5.40014e+17	6.1715e+17	6.94073e+17	7.20398e+17	3.35207e+17	8.60033e+15	6.20652e+15	5.68883e+15	2.48945e+15	1.57509e+15	3.15019e+15	4.72528e+15	6.30037e+15	7.87546e+15	9.45056e+15	1.10264e+16	1.26073e+16	1.42901e+16	4.74736e+16	3.09707e+17	4.54043e+17	3.18258	2.93888	2.93888	2.93888	2.93888	2.93888	2.93888	2.93888	2.93888	2.93893	2.93924	2.93087	3.54698	4.68986	4.68986	
109494	6.85673e+17	2.78628e+17	1.21928e+17	7.71451e+16	1.5429e+17	2.31435e+17	3.0858e+17	3.85726e+17	4.62871e+17	5.40015e+17	6.17151e+17	6.94082e+17	7.20529e+17	3.35207e+17	8.60033e+15	6.20626e+15	5.68852e+15	2.48931e+15	1.57501e+15	3.15002e+15	4.72503e+15	6.30003e+15	7.87504e+15	9.45005e+15	1.10257e+16	1.26062e+16	1.42843e+16	4.73916e+16	3.09706e+17	4.54043e+17	3.18491	2.94158	2.94158	2.94158	2.94158	2.94158	2.94158	2.94158	2.94158	2.94164	2.94193	2.93332	3.5361	4.68986	4.68986	
109747	6.85674e+17	2.78629e+17	1.21929e+17	7.71453e+16	1.54291e+17	2.31436e+17	3.08581e+17	3.85726e+17	4.62872e+17	5.40016e+17	6.17153e+17	6.9409e+17	7.20667e+17	3.35207e+17	8.60033e+15	6.20601e+15	5.68822e+15	2.48918e+15	1.57492e+15	3.14985e+15	4.72477e+15	6.2997e+15	7.87462e+15	9.44955e+15	1.10251e+16	1.26052e+16	1.42787e+16	4.73057e+16	3.09706e+17	4.54043e+17	3.18724	2.94429	2.94429	2.94429	2.94429	2.94429	2.94429	2.94429	2.94429	2.94434	2.94461	2.93578	3.52531	4.68986	4.68986	
110000	6.85674e+17	2.78629e+17	1.21929e+17	7.71454e+16	1.54291e+17	2.31436e+17	3.08582e+17	3.85727e+17	4.62872e+17	5.40017e+17	6.17155e+17	6.94098e+17	7.20811e+17	3.35207e+17	8.60033e+15	6.20575e+15	5.68792e+15	2.48905e+15	1.57484e+15	3.14968e+15	4.72452e+15	6.29936e+15	7.87421e+15	9.44905e+15	1.10245e+16	1.26042e+16	1.42735e+16	4.72157e+16	3.09706e+17	4.54043e+17	3.18956	2.947	2.947	2.947	2.947	2.947	2.947	2.947	2.947	2.94704	2.9473	2.93824	3.5146	4.68986	4.68986	
110253	6.85675e+17	2.7863e+17	1.21929e+17	7.71455e+16	1.54291e+17	2.31437e+17	3.08582e+17	3.85728e+17	4.62873e+17	5.40018e+17	6.17156e+17	6.94106e+17	7.20961e+17	3.35207e+17	8.60033e+15	6.20549e+15	5.68762e+15	2.48892e+15	1.57476e+15	3.14952e+15	4.72427e+15	6.29903e+15	7.87379e+15	9.44855e+15	1.10239e+16	1.26032e+16	1.42685e+16	4.7122e+16	3.09706e+17	4.54043e+17	3.19188	2.9497	2.9497	2.9497	2.9497	2.9497	2.9497	2.9497	2.9497	2.94975	2.94998	2.94071	3.50399	4.68986	4.68986	
110505	6.85675e+17	2.7863e+17	1.21929e+17	7.71457e+16	1.54291e+17	2.31437e+17	3.08583e+17	3.85728e+17	4.62874e+17	5.40019e+17	6.17158e+17	6.94113e+17	7.21117e+17	3.35207e+17	8.60033e+15	6.20524e+15	5.68732e+15	2.48879e+15	1.57467e+15	3.14935e+15	4.72402e+15	6.2987e+15	7.87337e+15	9.44805e+15	1.10232e+16	1.26022e+16	1.42639e+16	4.70247e+16	3.09706e+17	4.54043e+17	3.19419	2.9524	2.9524	2.9524	2.9524	2.9524	2.9524	2.9524	2.9524	2.95244	2.95267	2.94318	3.49348	4.68986	4.68986	
110758	6.85676e+17	2.78631e+17	1.2193e+17	7.71458e+16	1.54292e+17	2.31437e+17	3.08583e+17	3.85729e+17	4.62875e+17	5.4002e+17	6.17159e+17	6.9412e+17	7.21279e+17	3.35207e+17	8.60033e+15	6.20498e+15	5.68702e+15	2.48865e+15	1.57459e+15	3.14918e+15	4.72378e+15	6.29837e+15	7.87296e+15	9.44755e+15	1.10226e+16	1.26012e+16	1.42595e+16	4.69235e+16	3.09706e+17	4.54043e+17	3.1965	2.95511	2.95511	2.95511	2.95511	2.95511	2.95511	2.95511	2.95511	2.95515	2.95536	2.94566	3.48305	4.68986	4.68986	
111011	6.85676e+17	2.78631e+17	1.2193e+17	7.71459e+16	1.54292e+17	2.31438e+17	3.08584e+17	3.8573e+17	4.62876e+17	5.40021e+17	6.17161e+17	6.94126e+17	7.21446e+17	3.35207e+17	8.60033e+15	6.20473e+15	5.68672e+15	2.48852e+15	1.57451e+15	3.14902e+15	4.72353e+15	6.29804e+15	7.87255e+15	9.44706e+15	1.1022e+16	1.26003e+16	1.42554e+16	4.68189e+16	3.09706e+17	4.54043e+17	3.19881	2.95781	2.95781	2.95781	2.95781	2.95781	2.95781	2.95781	2.95781	2.95785	2.95804	2.94814	3.47274	4.68986	4.68986	
111264	6.85677e+17	2.78632e+17	1.2193e+17	7.71461e+16	1.54292e+17	2.31438e+17	3.08584e+17	3.8573e+17	4.62876e+17	5.40022e+17	6.17162e+17	6.94132e+17	7.21619e+17	3.35207e+17	8.60033e+15	6.20448e+15	5.68642e+15	2.48839e+15	1.57443e+15	3.14885e+15	4.72328e+15	6.29771e+15	7.87214e+15	9.44656e+15	1.10214e+16	1.25994e+16	1.42515e+16	4.6711e+16	3.09706e+17	4.54043e+17	3.20111	2.96051	2.96051	2.96051	2.96051	2.96051	2.96051	2.96051	2.96051	2.96054	2.96073	2.95062	3.46253	4.68986	4.68986	
111517	6.85677e+17	2.78632e+17	1.2193e+17	7.71462e+16	1.54292e+17	2.31439e+17	3.08585e+17	3.85731e+17	4.62877e+17	5.40023e+17	6.17164e+17	6.94137e+17	7.21798e+17	3.35207e+17	8.60033e+15	6.20422e+15	5.68613e+15	2.48826e+15	1.57434e+15	3.14869e+15	4.72303e+15	6.29738e+15	7.87172e+15	9.44607e+15	1.10208e+16	1.25985e+16	1.42479e+16	4.65995e+16	3.09706e+17	4.54043e+17	3.20341	2.96321	2.96321	2.96321	2.96321	2.96321	2.96321	2.96321	2.96321	2.96324	2.96342	2.9531	3.4524	4.68986	4.68986	
111770	6.85678e+17	2.78633e+17	1.2193e+17	7.71463e+16	1.54293e+17	2.31439e+17	3.08585e+17	3.85732e+17	4.62878e+17	5.40024e+17	6.17165e+17	6.94142e+17	7.21981e+17	3.35207e+17	8.60033e+15	6.20397e+15	5.68583e+15	2.48813e+15	1.57426e+15	3.14853e+15	4.72279e+15	6.29705e+15	7.87131e+15	9.44558e+15	1.10202e+16	1.25976e+16	1.42445e+16	4.64848e+16	3.09706e+17	4.54043e+17	3.2057	2.96591	2.96591	2.96591	2.96591	2.96591	2.96591	2.96591	2.96591	2.96594	2.9661	2.95559	3.44239	4.68986	4.68986	
112022	6.85678e+17	2.78633e+17	1.21931e+17	7.71465e+16	1.54293e+17	2.31439e+17	3.08586e+17	3.85732e+17	4.62879e+17	5.40025e+17	6.17167e+17	6.94147e+17	7.2217e+17	3.35207e+17	8.60033e+15	6.20372e+15	5.68554e+15	2.48801e+15	1.57418e+15	3.14836e+15	4.72254e+15	6.29673e+15	7.87091e+15	9.44509e+15	1.10196e+16	1.25967e+16	1.42414e+16	4.63671e+16	3.09706e+17	4.54043e+17	3.20799	2.9686	2.9686	2.9686	2.9686	2.9686	2.9686	2.9686	2.9686	2.96863	2.96878	2.95808	3.43249	4.68986	4.68986	
112275	6.85679e+17	2.78634e+17	1.21931e+17	7.71466e+16	1.54293e+17	2.3144e+17	3.08586e+17	3.85733e+17	4.6288e+17	5.40026e+17	6.17168e+17	6.94151e+17	7.22364e+17	3.35207e+17	8.60033e+15	6.20347e+15	5.68524e+15	2.48788e+15	1.5741e+15	3.1482e+15	4.7223e+15	6.2964e+15	7.8705e+15	9.4446e+15	1.1019e+16	1.25959e+16	1.42385e+16	4.62461e+16	3.09706e+17	4.54043e+17	3.21027	2.9713	2.9713	2.9713	2.9713	2.9713	2.9713	2.9713	2.9713	2.97133	2.97147	2.96057	3.42267	4.68986	4.68986	
112528	6.85679e+17	2.78634e+17	1.21931e+17	7.71467e+16	1.54293e+17	2.3144e+17	3.08587e+17	3.85734e+17	4.6288e+17	5.40027e+17	6.17169e+17	6.94155e+17	7.22562e+17	3.35207e+17	8.60033e+15	6.20322e+15	5.68495e+15	2.48775e+15	1.57402e+15	3.14804e+15	4.72206e+15	6.29607e+15	7.87009e+15	9.44411e+15	1.10184e+16	1.2595e+16	1.42358e+16	4.61222e+16	3.09706e+17	4.54043e+17	3.21255	2.97399	2.97399	2.97399	2.97399	2.97399	2.97399	2.97399	2.97399	2.97402	2.97415	2.96306	3.41298	4.68986	4.68986	
112781	6.85679e+17	2.78635e+17	1.21931e+17	7.71469e+16	1.54294e+17	2.31441e+17	3.08587e+17	3.85734e+17	4.62881e+17	5.40028e+17	6.17171e+17	6.94159e+17	7.22765e+17	3.35207e+17	8.60033e+15	6.20297e+15	5.68466e+15	2.48762e+15	1.57394e+15	3.14788e+15	4.72181e+15	6.29575e+15	7.86969e+15	9.44363e+15	1.10179e+16	1.25942e+16	1.42333e+16	4.59956e+16	3.09706e+17	4.54043e+17	3.21483	2.97668	2.97668	2.97668	2.97668	2.97668	2.97668	2.97668	2.97668	2.9767	2.97683	2.96555	3.4034	4.68986	4.68986	
113034	6.8568e+17	2.78635e+17	1.21931e+17	7.7147e+16	1.54294e+17	2.31441e+17	3.08588e+17	3.85735e+17	4.62882e+17	5.40028e+17	6.17172e+17	6.94162e+17	7.22973e+17	3.35207e+17	8.60033e+15	6.20273e+15	5.68436e+15	2.48749e+15	1.57386e+15	3.14771e+15	4.72157e+15	6.29543e+15	7.86928e+15	9.44314e+15	1.10173e+16	1.25934e+16	1.4231e+16	4.58659e+16	3.09706e+17	4.54043e+17	3.21711	2.97937	2.97937	2.97937	2.97937	2.97937	2.97937	2.97937	2.97937	2.97939	2.97951	2.96805	3.39391	4.68986	4.68986	
113287	6.8568e+17	2.78635e+17	1.21932e+17	7.71471e+16	1.54294e+17	2.31441e+17	3.08588e+17	3.85736e+17	4.62883e+17	5.40029e+17	6.17173e+17	6.94165e+17	7.23185e+17	3.35207e+17	8.60033e+15	6.20248e+15	5.68407e+15	2.48736e+15	1.57378e+15	3.14755e+15	4.72133e+15	6.2951e+15	7.86888e+15	9.44266e+15	1.10167e+16	1.25926e+16	1.42289e+16	4.57336e+16	3.09706e+17	4.54043e+17	3.21938	2.98206	2.98206	2.98206	2.98206	2.98206	2.98206	2.98206	2.98206	2.98208	2.98219	2.97054	3.38455	4.68986	4.68986	
113540	6.85681e+17	2.78636e+17	1.21932e+17	7.71473e+16	1.54295e+17	2.31442e+17	3.08589e+17	3.85736e+17	4.62884e+17	5.4003e+17	6.17174e+17	6.94168e+17	7.234e+17	3.35207e+17	8.60033e+15	6.20223e+15	5.68378e+15	2.48724e+15	1.5737e+15	3.14739e+15	4.72109e+15	6.29478e+15	7.86848e+15	9.44218e+15	1.10161e+16	1.25918e+16	1.4227e+16	4.55989e+16	3.09706e+17	4.54043e+17	3.22164	2.98474	2.98474	2.98474	2.98474	2.98474	2.98474	2.98474	2.98474	2.98476	2.98486	2.97304	3.3753	4.68986	4.68986	
113793	6.85681e+17	2.78636e+17	1.21932e+17	7.71474e+16	1.54295e+17	2.31442e+17	3.0859e+17	3.85737e+17	4.62884e+17	5.40031e+17	6.17176e+17	6.94171e+17	7.23621e+17	3.35207e+17	8.60033e+15	6.20199e+15	5.68349e+15	2.48711e+15	1.57362e+15	3.14723e+15	4.72085e+15	6.29446e+15	7.86808e+15	9.44169e+15	1.10155e+16	1.2591e+16	1.42253e+16	4.54614e+16	3.09706e+17	4.54043e+17	3.2239	2.98742	2.98742	2.98742	2.98742	2.98742	2.98742	2.98742	2.98742	2.98744	2.98753	2.97554	3.36615	4.68986	4.68986	
114046	6.85682e+17	2.78637e+17	1.21932e+17	7.71475e+16	1.54295e+17	2.31443e+17	3.0859e+17	3.85738e+17	4.62885e+17	5.40032e+17	6.17177e+17	6.94173e+17	7.23844e+17	3.35207e+17	8.60033e+15	6.20174e+15	5.6832e+15	2.48698e+15	1.57354e+15	3.14707e+15	4.72061e+15	6.29414e+15	7.86768e+15	9.44121e+15	1.1015e+16	1.25902e+16	1.42238e+16	4.53216e+16	3.09706e+17	4.54043e+17	3.22616	2.9901	2.9901	2.9901	2.9901	2.9901	2.9901	2.9901	2.9901	2.99012	2.9902	2.97803	3.35712	4.68986	4.68986	
114299	6.85682e+17	2.78637e+17	1.21932e+17	7.71476e+16	1.54295e+17	2.31443e+17	3.08591e+17	3.85738e+17	4.62886e+17	5.40033e+17	6.17178e+17	6.94175e+17	7.24072e+17	3.35207e+17	8.60033e+15	6.2015e+15	5.68292e+15	2.48686e+15	1.57346e+15	3.14691e+15	4.72037e+15	6.29382e+15	7.86728e+15	9.44074e+15	1.10144e+16	1.25895e+16	1.42224e+16	4.51797e+16	3.09706e+17	4.54043e+17	3.22842	2.99277	2.99277	2.99277	2.99277	2.99277	2.99277	2.99277	2.99277	2.99279	2.99287	2.98052	3.34821	4.68986	4.68986	
114552	6.85683e+17	2.78638e+17	1.21933e+17	7.71478e+16	1.54296e+17	2.31443e+17	3.08591e+17	3.85739e+17	4.62887e+17	5.40034e+17	6.17179e+17	6.94176e+17	7.24303e+17	3.35207e+17	8.60033e+15	6.20126e+15	5.68263e+15	2.48673e+15	1.57338e+15	3.14675e+15	4.72013e+15	6.29351e+15	7.86688e+15	9.44026e+15	1.10138e+16	1.25887e+16	1.42212e+16	4.50352e+16	3.09706e+17	4.54043e+17	3.23067	2.99545	2.99545	2.99545	2.99545	2.99545	2.99545	2.99545	2.99545	2.99546	2.99554	2.98302	3.3394	4.68986	4.68986	
114805	6.85683e+17	2.78638e+17	1.21933e+17	7.71479e+16	1.54296e+17	2.31444e+17	3.08592e+17	3.85739e+17	4.62887e+17	5.40035e+17	6.17181e+17	6.94177e+17	7.24538e+17	3.35207e+17	8.60033e+15	6.20101e+15	5.68234e+15	2.48661e+15	1.5733e+15	3.14659e+15	4.71989e+15	6.29319e+15	7.86649e+15	9.43978e+15	1.10133e+16	1.2588e+16	1.42202e+16	4.48887e+16	3.09706e+17	4.54043e+17	3.23292	2.99812	2.99812	2.99812	2.99812	2.99812	2.99812	2.99812	2.99812	2.99813	2.9982	2.98551	3.33072	4.68986	4.68986	
115058	6.85683e+17	2.78639e+17	1.21933e+17	7.7148e+16	1.54296e+17	2.31444e+17	3.08592e+17	3.8574e+17	4.62888e+17	5.40036e+17	6.17182e+17	6.94179e+17	7.24775e+17	3.35207e+17	8.60033e+15	6.20077e+15	5.68206e+15	2.48648e+15	1.57322e+15	3.14644e+15	4.71965e+15	6.29287e+15	7.86609e+15	9.43931e+15	1.10127e+16	1.25872e+16	1.42194e+16	4.47404e+16	3.09706e+17	4.54043e+17	3.23516	3.00078	3.00078	3.00078	3.00078	3.00078	3.00078	3.00078	3.00078	3.00079	3.00086	2.988	3.32216	4.68986	4.68986	
115311	6.85684e+17	2.78639e+17	1.21933e+17	7.71482e+16	1.54296e+17	2.31444e+17	3.08593e+17	3.85741e+17	4.62889e+17	5.40037e+17	6.17183e+17	6.94179e+17	7.25016e+17	3.35207e+17	8.60033e+15	6.20053e+15	5.68177e+15	2.48636e+15	1.57314e+15	3.14628e+15	4.71942e+15	6.29256e+15	7.8657e+15	9.43884e+15	1.10121e+16	1.25865e+16	1.42187e+16	4.45898e+16	3.09706e+17	4.54043e+17	3.2374	3.00345	3.00345	3.00345	3.00345	3.00345	3.00345	3.00345	3.00345	3.00346	3.00352	2.9905	3.3137	4.68986	4.68986	
115564	6.85684e+17	2.7864e+17	1.21933e+17	7.71483e+16	1.54297e+17	2.31445e+17	3.08593e+17	3.85741e+17	4.6289e+17	5.40038e+17	6.17184e+17	6.9418e+17	7.2526e+17	3.35207e+17	8.60033e+15	6.20029e+15	5.68149e+15	2.48623e+15	1.57306e+15	3.14612e+15	4.71918e+15	6.29224e+15	7.8653e+15	9.43836e+15	1.10116e+16	1.25858e+16	1.42182e+16	4.44375e+16	3.09706e+17	4.54043e+17	3.23964	3.00611	3.00611	3.00611	3.00611	3.00611	3.00611	3.00611	3.00611	3.00612	3.00618	2.99299	3.30536	4.68986	4.68986	
115817	6.85685e+17	2.7864e+17	1.21934e+17	7.71484e+16	1.54297e+17	2.31445e+17	3.08594e+17	3.85742e+17	4.6289e+17	5.40039e+17	6.17185e+17	6.9418e+17	7.25507e+17	3.35207e+17	8.60033e+15	6.20005e+15	5.68121e+15	2.48611e+15	1.57298e+15	3.14596e+15	4.71895e+15	6.29193e+15	7.86491e+15	9.43789e+15	1.1011e+16	1.25851e+16	1.42178e+16	4.42835e+16	3.09706e+17	4.54043e+17	3.24187	3.00876	3.00876	3.00876	3.00876	3.00876	3.00876	3.00876	3.00876	3.00877	3.00883	2.99548	3.29715	4.68986	4.68986	
116070	6.85685e+17	2.78641e+17	1.21934e+17	7.71485e+16	1.54297e+17	2.31446e+17	3.08594e+17	3.85743e+17	4.62891e+17	5.4004e+17	6.17186e+17	6.9418e+17	7.25756e+17	3.35207e+17	8.60033e+15	6.19981e+15	5.68092e+15	2.48599e+15	1.5729e+15	3.14581e+15	4.71871e+15	6.29162e+15	7.86452e+15	9.43742e+15	1.10104e+16	1.25844e+16	1.42176e+16	4.41276e+16	3.09706e+17	4.54043e+17	3.2441	3.01142	3.01142	3.01142	3.01142	3.01142	3.01142	3.01142	3.01142	3.01143	3.01148	2.99797	3.28904	4.68986	4.68986	
116323	6.85686e+17	2.78641e+17	1.21934e+17	7.71487e+16	1.54297e+17	2.31446e+17	3.08595e+17	3.85743e+17	4.62892e+17	5.4004e+17	6.17188e+17	6.9418e+17	7.26008e+17	3.35207e+17	8.60033e+15	6.19957e+15	5.68064e+15	2.48586e+15	1.57283e+15	3.14565e+15	4.71848e+15	6.2913e+15	7.86413e+15	9.43696e+15	1.10099e+16	1.25837e+16	1.42175e+16	4.39702e+16	3.09706e+17	4.54043e+17	3.24632	3.01407	3.01407	3.01407	3.01407	3.01407	3.01407	3.01407	3.01407	3.01408	3.01413	3.00045	3.28106	4.68986	4.68986	
116576	6.85686e+17	2.78641e+17	1.21934e+17	7.71488e+16	1.54298e+17	2.31446e+17	3.08595e+17	3.85744e+17	4.62893e+17	5.40041e+17	6.17189e+17	6.9418e+17	7.26262e+17	3.35207e+17	8.60033e+15	6.19934e+15	5.68036e+15	2.48574e+15	1.57275e+15	3.1455e+15	4.71824e+15	6.29099e+15	7.86374e+15	9.43649e+15	1.10093e+16	1.2583e+16	1.42175e+16	4.38115e+16	3.09706e+17	4.54043e+17	3.24854	3.01671	3.01671	3.01671	3.01671	3.01671	3.01671	3.01671	3.01671	3.01672	3.01677	3.00294	3.27321	4.68986	4.68986	
116829	6.85687e+17	2.78642e+17	1.21934e+17	7.71489e+16	1.54298e+17	2.31447e+17	3.08596e+17	3.85745e+17	4.62893e+17	5.40042e+17	6.1719e+17	6.94179e+17	7.26519e+17	3.35207e+17	8.60033e+15	6.1991e+15	5.68008e+15	2.48562e+15	1.57267e+15	3.14534e+15	4.71801e+15	6.29068e+15	7.86335e+15	9.43602e+15	1.10088e+16	1.25823e+16	1.42177e+16	4.36511e+16	3.09706e+17	4.54043e+17	3.25077	3.01936	3.01936	3.01936	3.01936	3.01936	3.01936	3.01936	3.01936	3.01937	3.01941	3.00542	3.26545	4.68986	4.68986	
117082	6.85687e+17	2.78642e+17	1.21935e+17	7.7149e+16	1.54298e+17	2.31447e+17	3.08596e+17	3.85745e+17	4.62894e+17	5.40043e+17	6.17191e+17	6.94178e+17	7.26778e+17	3.35207e+17	8.60033e+15	6.19887e+15	5.6798e+15	2.4855e+15	1.57259e+15	3.14519e+15	4.71778e+15	6.29037e+15	7.86297e+15	9.43556e+15	1.10082e+16	1.25816e+16	1.42181e+16	4.34895e+16	3.09706e+17	4.54043e+17	3.25298	3.022	3.022	3.022	3.022	3.022	3.022	3.022	3.022	3.02201	3.02205	3.0079	3.25782	4.68986	4.68986	
117335	6.85687e+17	2.78643e+17	1.21935e+17	7.71492e+16	1.54298e+17	2.31447e+17	3.08597e+17	3.85746e+17	4.62895e+17	5.40044e+17	6.17192e+17	6.94177e+17	7.27038e+17	3.35207e+17	8.60033e+15	6.19863e+15	5.67952e+15	2.48537e+15	1.57252e+15	3.14503e+15	4.71755e+15	6.29006e+15	7.86258e+15	9.4351e+15	1.10077e+16	1.2581e+16	1.42185e+16	4.33268e+16	3.09706e+17	4.54043e+17	3.25519	3.02463	3.02463	3.02463	3.02463	3.02463	3.02463	3.02463	3.02463	3.02464	3.02468	3.01038	3.25032	4.68986	4.68986	
117588	6.85688e+17	2.78643e+17	1.21935e+17	7.71493e+16	1.54299e+17	2.31448e+17	3.08597e+17	3.85746e+17	4.62896e+17	5.40045e+17	6.17193e+17	6.94176e+17	7.27301e+17	3.35207e+17	8.60033e+15	6.1984e+15	5.67924e+15	2.48525e+15	1.57244e+15	3.14488e+15	4.71732e+15	6.28976e+15	7.86219e+15	9.43463e+15	1.10072e+16	1.25803e+16	1.42191e+16	4.31625e+16	3.09706e+17	4.54043e+17	3.2574	3.02727	3.02727	3.02727	3.02727	3.02727	3.02727	3.02727	3.02727	3.02728	3.02731	3.01286	3.24292	4.68986	4.68986	
117841	6.85688e+17	2.78644e+17	1.21935e+17	7.71494e+16	1.54299e+17	2.31448e+17	3.08598e+17	3.85747e+17	4.62896e+17	5.40046e+17	6.17194e+17	6.94175e+17	7.27565e+17	3.35207e+17	8.60033e+15	6.19816e+15	5.67897e+15	2.48513e+15	1.57236e+15	3.14472e+15	4.71709e+15	6.28945e+15	7.86181e+15	9.43417e+15	1.10066e+16	1.25796e+16	1.42199e+16	4.29974e+16	3.09706e+17	4.54043e+17	3.2596	3.0299	3.0299	3.0299	3.0299	3.0299	3.0299	3.0299	3.0299	3.02991	3.02994	3.01533	3.23565	4.68986	4.68986	
118094	6.85689e+17	2.78644e+17	1.21935e+17	7.71495e+16	1.54299e+17	2.31449e+17	3.08598e+17	3.85748e+17	4.62897e+17	5.40047e+17	6.17195e+17	6.94173e+17	7.2783e+17	3.35207e+17	8.60033e+15	6.19793e+15	5.67869e+15	2.48501e+15	1.57229e+15	3.14457e+15	4.71686e+15	6.28914e+15	7.86143e+15	9.43371e+15	1.10061e+16	1.2579e+16	1.42207e+16	4.28315e+16	3.09706e+17	4.54043e+17	3.2618	3.03252	3.03252	3.03252	3.03252	3.03252	3.03252	3.03252	3.03252	3.03253	3.03256	3.0178	3.22851	4.68986	4.68986	
118348	6.85689e+17	2.78645e+17	1.21936e+17	7.71497e+16	1.54299e+17	2.31449e+17	3.08599e+17	3.85748e+17	4.62898e+17	5.40048e+17	6.17196e+17	6.94171e+17	7.28098e+17	3.35207e+17	8.60033e+15	6.1977e+15	5.67841e+15	2.48489e+15	1.57221e+15	3.14442e+15	4.71663e+15	6.28884e+15	7.86105e+15	9.43325e+15	1.10055e+16	1.25783e+16	1.42217e+16	4.26643e+16	3.09706e+17	4.54043e+17	3.264	3.03515	3.03515	3.03515	3.03515	3.03515	3.03515	3.03515	3.03515	3.03515	3.03518	3.02027	3.22146	4.68986	4.68986	
118601	6.8569e+17	2.78645e+17	1.21936e+17	7.71498e+16	1.543e+17	2.31449e+17	3.08599e+17	3.85749e+17	4.62899e+17	5.40048e+17	6.17197e+17	6.94169e+17	7.28366e+17	3.35207e+17	8.60033e+15	6.19747e+15	5.67814e+15	2.48477e+15	1.57213e+15	3.14427e+15	4.7164e+15	6.28853e+15	7.86066e+15	9.4328e+15	1.1005e+16	1.25777e+16	1.42228e+16	4.24965e+16	3.09706e+17	4.54043e+17	3.2662	3.03776	3.03776	3.03776	3.03776	3.03776	3.03776	3.03776	3.03776	3.03777	3.03779	3.02274	3.21454	4.68986	4.68986	
118854	6.8569e+17	2.78646e+17	1.21936e+17	7.71499e+16	1.543e+17	2.3145e+17	3.086e+17	3.8575e+17	4.62899e+17	5.40049e+17	6.17198e+17	6.94167e+17	7.28636e+17	3.35207e+17	8.60033e+15	6.19724e+15	5.67786e+15	2.48465e+15	1.57206e+15	3.14411e+15	4.71617e+15	6.28823e+15	7.86029e+15	9.43234e+15	1.10045e+16	1.2577e+16	1.4224e+16	4.2328e+16	3.09706e+17	4.54043e+17	3.26838	3.04037	3.04037	3.04037	3.04037	3.04037	3.04037	3.04037	3.04037	3.04038	3.0404	3.0252	3.20775	4.68986	4.68986	
119107	6.8569e+17	2.78646e+17	1.21936e+17	7.715e+16	1.543e+17	2.3145e+17	3.086e+17	3.8575e+17	4.629e+17	5.4005e+17	6.17199e+17	6.94165e+17	7.28907e+17	3.35207e+17	8.60033e+15	6.19701e+15	5.67759e+15	2.48453e+15	1.57198e+15	3.14396e+15	4.71594e+15	6.28792e+15	7.85991e+15	9.43189e+15	1.10039e+16	1.25764e+16	1.42253e+16	4.21585e+16	3.09706e+17	4.54043e+17	3.27057	3.04299	3.04299	3.04299	3.04299	3.04299	3.04299	3.04299	3.04299	3.04299	3.04301	3.02766	3.20106	4.68986	4.68986	
119360	6.85691e+17	2.78646e+17	1.21936e+17	7.71502e+16	1.543e+17	2.3145e+17	3.08601e+17	3.85751e+17	4.62901e+17	5.40051e+17	6.172e+17	6.94162e+17	7.29179e+17	3.35207e+17	8.60033e+15	6.19678e+15	5.67732e+15	2.48441e+15	1.57191e+15	3.14381e+15	4.71572e+15	6.28762e+15	7.85953e+15	9.43143e+15	1.10034e+16	1.25757e+16	1.42268e+16	4.19886e+16	3.09706e+17	4.54043e+17	3.27276	3.04559	3.04559	3.04559	3.04559	3.04559	3.04559	3.04559	3.04559	3.0456	3.04562	3.03012	3.1945	4.68986	4.68986	
119613	6.85691e+17	2.78647e+17	1.21937e+17	7.71503e+16	1.54301e+17	2.31451e+17	3.08601e+17	3.85751e+17	4.62902e+17	5.40052e+17	6.17201e+17	6.9416e+17	7.29451e+17	3.35207e+17	8.60033e+15	6.19655e+15	5.67704e+15	2.48429e+15	1.57183e+15	3.14366e+15	4.71549e+15	6.28732e+15	7.85915e+15	9.43098e+15	1.10029e+16	1.25751e+16	1.42283e+16	4.18183e+16	3.09706e+17	4.54043e+17	3.27494	3.04819	3.04819	3.04819	3.04819	3.04819	3.04819	3.04819	3.04819	3.0482	3.04821	3.03257	3.18806	4.68986	4.68986	
119867	6.85692e+17	2.78647e+17	1.21937e+17	7.71504e+16	1.54301e+17	2.31451e+17	3.08602e+17	3.85752e+17	4.62902e+17	5.40053e+17	6.17203e+17	6.94157e+17	7.29724e+17	3.35207e+17	8.60033e+15	6.19632e+15	5.67677e+15	2.48417e+15	1.57176e+15	3.14351e+15	4.71527e+15	6.28702e+15	7.85878e+15	9.43053e+15	1.10023e+16	1.25745e+16	1.423e+16	4.16473e+16	3.09706e+17	4.54043e+17	3.27711	3.05079	3.05079	3.05079	3.05079	3.05079	3.05079	3.05079	3.05079	3.0508	3.05081	3.03502	3.18172	4.68986	4.68986	
120120	6.85692e+17	2.78648e+17	1.21937e+17	7.71505e+16	1.54301e+17	2.31452e+17	3.08602e+17	3.85753e+17	4.62903e+17	5.40054e+17	6.17204e+17	6.94154e+17	7.29998e+17	3.35207e+17	8.60033e+15	6.19609e+15	5.6765e+15	2.48405e+15	1.57168e+15	3.14336e+15	4.71504e+15	6.28672e+15	7.8584e+15	9.43008e+15	1.10018e+16	1.25738e+16	1.42317e+16	4.1476e+16	3.09706e+17	4.54043e+17	3.27929	3.05339	3.05339	3.05339	3.05339	3.05339	3.05339	3.05339	3.05339	3.05339	3.0534	3.03747	3.1755	4.68986	4.68986	
120373	6.85692e+17	2.78648e+17	1.21937e+17	7.71506e+16	1.54301e+17	2.31452e+17	3.08603e+17	3.85753e+17	4.62904e+17	5.40054e+17	6.17205e+17	6.9415e+17	7.30272e+17	3.35207e+17	8.60033e+15	6.19587e+15	5.67623e+15	2.48393e+15	1.57161e+15	3.14321e+15	4.71482e+15	6.28642e+15	7.85803e+15	9.42963e+15	1.10013e+16	1.25732e+16	1.42336e+16	4.13045e+16	3.09706e+17	4.54043e+17	3.28145	3.05597	3.05597	3.05597	3.05597	3.05597	3.05597	3.05597	3.05597	3.05597	3.05599	3.03992	3.16941	4.68986	4.68986	
120627	6.85693e+17	2.78649e+17	1.21937e+17	7.71508e+16	1.54302e+17	2.31452e+17	3.08603e+17	3.85754e+17	4.62905e+17	5.40055e+17	6.17206e+17	6.94147e+17	7.30547e+17	3.35207e+17	8.60033e+15	6.19564e+15	5.67596e+15	2.48382e+15	1.57153e+15	3.14306e+15	4.71459e+15	6.28612e+15	7.85765e+15	9.42918e+15	1.10008e+16	1.25726e+16	1.42356e+16	4.11325e+16	3.09706e+17	4.54043e+17	3.28362	3.05856	3.05856	3.05856	3.05856	3.05856	3.05856	3.05856	3.05856	3.05856	3.05858	3.04236	3.16342	4.68986	4.68986	
120880	6.85693e+17	2.78649e+17	1.21938e+17	7.71509e+16	1.54302e+17	2.31453e+17	3.08604e+17	3.85754e+17	4.62905e+17	5.40056e+17	6.17207e+17	6.94144e+17	7.30822e+17	3.35207e+17	8.60033e+15	6.19542e+15	5.67569e+15	2.4837e+15	1.57146e+15	3.14291e+15	4.71437e+15	6.28583e+15	7.85728e+15	9.42874e+15	1.10002e+16	1.2572e+16	1.42376e+16	4.09605e+16	3.09706e+17	4.54043e+17	3.28579	3.06114	3.06114	3.06114	3.06114	3.06114	3.06114	3.06114	3.06114	3.06114	3.06116	3.0448	3.15755	4.68986	4.68986	
121133	6.85694e+17	2.78649e+17	1.21938e+17	7.7151e+16	1.54302e+17	2.31453e+17	3.08604e+17	3.85755e+17	4.62906e+17	5.40057e+17	6.17208e+17	6.9414e+17	7.31097e+17	3.35207e+17	8.60033e+15	6.19519e+15	5.67543e+15	2.48358e+15	1.57138e+15	3.14276e+15	4.71415e+15	6.28553e+15	7.85691e+15	9.42829e+15	1.09997e+16	1.25714e+16	1.42398e+16	4.07885e+16	3.09706e+17	4.54043e+17	3.28794	3.06371	3.06371	3.06371	3.06371	3.06371	3.06371	3.06371	3.06371	3.06372	3.06373	3.04723	3.15179	4.68986	4.68986	
121386	6.85694e+17	2.7865e+17	1.21938e+17	7.71511e+16	1.54302e+17	2.31453e+17	3.08604e+17	3.85756e+17	4.62907e+17	5.40058e+17	6.17209e+17	6.94136e+17	7.31373e+17	3.35207e+17	8.60033e+15	6.19497e+15	5.67516e+15	2.48346e+15	1.57131e+15	3.14262e+15	4.71392e+15	6.28523e+15	7.85654e+15	9.42785e+15	1.09992e+16	1.25707e+16	1.42421e+16	4.06161e+16	3.09706e+17	4.54043e+17	3.2901	3.06629	3.06629	3.06629	3.06629	3.06629	3.06629	3.06629	3.06629	3.06629	3.0663	3.04967	3.14614	4.68986	4.68986	
121640	6.85695e+17	2.7865e+17	1.21938e+17	7.71512e+16	1.54302e+17	2.31454e+17	3.08605e+17	3.85756e+17	4.62907e+17	5.40059e+17	6.1721e+17	6.94132e+17	7.31648e+17	3.35207e+17	8.60033e+15	6.19474e+15	5.67489e+15	2.48335e+15	1.57123e+15	3.14247e+15	4.7137e+15	6.28494e+15	7.85617e+15	9.42741e+15	1.09987e+16	1.25701e+16	1.42444e+16	4.0444e+16	3.09706e+17	4.54043e+17	3.29226	3.06886	3.06886	3.06886	3.06886	3.06886	3.06886	3.06886	3.06886	3.06886	3.06887	3.0521	3.14061	4.68986	4.68986	
121893	6.85695e+17	2.78651e+17	1.21938e+17	7.71514e+16	1.54303e+17	2.31454e+17	3.08605e+17	3.85757e+17	4.62908e+17	5.40059e+17	6.17211e+17	6.94128e+17	7.31923e+17	3.35207e+17	8.60033e+15	6.19452e+15	5.67463e+15	2.48323e+15	1.57116e+15	3.14232e+15	4.71348e+15	6.28464e+15	7.85581e+15	9.42697e+15	1.09982e+16	1.25695e+16	1.42469e+16	4.02721e+16	3.09706e+17	4.54043e+17	3.2944	3.07142	3.07142	3.07142	3.07142	3.07142	3.07142	3.07142	3.07142	3.07142	3.07143	3.05452	3.1352	4.68986	4.68986	
122146	6.85695e+17	2.78651e+17	1.21938e+17	7.71515e+16	1.54303e+17	2.31454e+17	3.08606e+17	3.85757e+17	4.62909e+17	5.4006e+17	6.17211e+17	6.94124e+17	7.32198e+17	3.35207e+17	8.60033e+15	6.1943e+15	5.67436e+15	2.48312e+15	1.57109e+15	3.14218e+15	4.71326e+15	6.28435e+15	7.85544e+15	9.42653e+15	1.09976e+16	1.25689e+16	1.42494e+16	4.00999e+16	3.09706e+17	4.54043e+17	3.29655	3.07398	3.07398	3.07398	3.07398	3.07398	3.07398	3.07398	3.07398	3.07398	3.07399	3.05694	3.12989	4.68986	4.68986	
122400	6.85696e+17	2.78652e+17	1.21939e+17	7.71516e+16	1.54303e+17	2.31455e+17	3.08606e+17	3.85758e+17	4.6291e+17	5.40061e+17	6.17212e+17	6.94119e+17	7.32472e+17	3.35207e+17	8.60033e+15	6.19408e+15	5.6741e+15	2.483e+15	1.57101e+15	3.14203e+15	4.71304e+15	6.28406e+15	7.85507e+15	9.42609e+15	1.09971e+16	1.25683e+16	1.4252e+16	3.99282e+16	3.09706e+17	4.54043e+17	3.29869	3.07653	3.07653	3.07653	3.07653	3.07653	3.07653	3.07653	3.07653	3.07654	3.07654	3.05936	3.12469	4.68986	4.68986	
122653	6.85696e+17	2.78652e+17	1.21939e+17	7.71517e+16	1.54303e+17	2.31455e+17	3.08607e+17	3.85759e+17	4.6291e+17	5.40062e+17	6.17213e+17	6.94115e+17	7.32746e+17	3.35207e+17	8.60033e+15	6.19386e+15	5.67383e+15	2.48288e+15	1.57094e+15	3.14188e+15	4.71282e+15	6.28377e+15	7.85471e+15	9.42565e+15	1.09966e+16	1.25677e+16	1.42547e+16	3.97569e+16	3.09706e+17	4.54043e+17	3.30083	3.07908	3.07908	3.07908	3.07908	3.07908	3.07908	3.07908	3.07908	3.07908	3.07909	3.06178	3.11961	4.68986	4.68986	
122906	6.85697e+17	2.78652e+17	1.21939e+17	7.71518e+16	1.54304e+17	2.31456e+17	3.08607e+17	3.85759e+17	4.62911e+17	5.40063e+17	6.17214e+17	6.9411e+17	7.33019e+17	3.35207e+17	8.60033e+15	6.19364e+15	5.67357e+15	2.48277e+15	1.57087e+15	3.14174e+15	4.71261e+15	6.28347e+15	7.85434e+15	9.42521e+15	1.09961e+16	1.25671e+16	1.42575e+16	3.95855e+16	3.09706e+17	4.54043e+17	3.30297	3.08163	3.08163	3.08163	3.08163	3.08163	3.08163	3.08163	3.08163	3.08163	3.08164	3.06419	3.11462	4.68986	4.68986	
123160	6.85697e+17	2.78653e+17	1.21939e+17	7.7152e+16	1.54304e+17	2.31456e+17	3.08608e+17	3.8576e+17	4.62912e+17	5.40064e+17	6.17215e+17	6.94105e+17	7.33292e+17	3.35207e+17	8.60033e+15	6.19342e+15	5.67331e+15	2.48265e+15	1.5708e+15	3.14159e+15	4.71239e+15	6.28318e+15	7.85398e+15	9.42478e+15	1.09956e+16	1.25665e+16	1.42604e+16	3.94147e+16	3.09706e+17	4.54043e+17	3.3051	3.08417	3.08417	3.08417	3.08417	3.08417	3.08417	3.08417	3.08417	3.08417	3.08418	3.0666	3.10975	4.68986	4.68986	
123413	6.85697e+17	2.78653e+17	1.21939e+17	7.71521e+16	1.54304e+17	2.31456e+17	3.08608e+17	3.8576e+17	4.62912e+17	5.40064e+17	6.17216e+17	6.941e+17	7.33564e+17	3.35207e+17	8.60033e+15	6.1932e+15	5.67305e+15	2.48254e+15	1.57072e+15	3.14145e+15	4.71217e+15	6.28289e+15	7.85362e+15	9.42434e+15	1.09951e+16	1.25659e+16	1.42634e+16	3.92445e+16	3.09706e+17	4.54043e+17	3.30723	3.08671	3.08671	3.08671	3.08671	3.08671	3.08671	3.08671	3.08671	3.08671	3.08671	3.069	3.10499	4.68986	4.68986	
123666	6.85698e+17	2.78654e+17	1.2194e+17	7.71522e+16	1.54304e+17	2.31457e+17	3.08609e+17	3.85761e+17	4.62913e+17	5.40065e+17	6.17217e+17	6.94095e+17	7.33836e+17	3.35207e+17	8.60033e+15	6.19299e+15	5.67279e+15	2.48243e+15	1.57065e+15	3.1413e+15	4.71195e+15	6.28261e+15	7.85326e+15	9.42391e+15	1.09946e+16	1.25654e+16	1.42664e+16	3.90744e+16	3.09706e+17	4.54043e+17	3.30936	3.08924	3.08924	3.08924	3.08924	3.08924	3.08924	3.08924	3.08924	3.08924	3.08925	3.0714	3.10033	4.68986	4.68986	
123920	6.85698e+17	2.78654e+17	1.2194e+17	7.71523e+16	1.54305e+17	2.31457e+17	3.08609e+17	3.85762e+17	4.62914e+17	5.40066e+17	6.17218e+17	6.9409e+17	7.34106e+17	3.35207e+17	8.60033e+15	6.19277e+15	5.67253e+15	2.48231e+15	1.57058e+15	3.14116e+15	4.71174e+15	6.28232e+15	7.8529e+15	9.42348e+15	1.09941e+16	1.25648e+16	1.42695e+16	3.89051e+16	3.09706e+17	4.54043e+17	3.31148	3.09177	3.09177	3.09177	3.09177	3.09177	3.09177	3.09177	3.09177	3.09177	3.09177	3.0738	3.09578	4.68986	4.68986	
124173	6.85699e+17	2.78655e+17	1.2194e+17	7.71524e+16	1.54305e+17	2.31457e+17	3.0861e+17	3.85762e+17	4.62915e+17	5.40067e+17	6.17219e+17	6.94085e+17	7.34375e+17	3.35207e+17	8.60033e+15	6.19255e+15	5.67227e+15	2.4822e+15	1.57051e+15	3.14102e+15	4.71152e+15	6.28203e+15	7.85254e+15	9.42305e+15	1.09936e+16	1.25642e+16	1.42727e+16	3.87365e+16	3.09706e+17	4.54043e+17	3.3136	3.09429	3.09429	3.09429	3.09429	3.09429	3.09429	3.09429	3.09429	3.09429	3.09429	3.07619	3.09134	4.68986	4.68986	
124426	6.85699e+17	2.78655e+17	1.2194e+17	7.71525e+16	1.54305e+17	2.31458e+17	3.0861e+17	3.85763e+17	4.62915e+17	5.40068e+17	6.1722e+17	6.94079e+17	7.34644e+17	3.35207e+17	8.60033e+15	6.19234e+15	5.67201e+15	2.48209e+15	1.57044e+15	3.14087e+15	4.71131e+15	6.28174e+15	7.85218e+15	9.42262e+15	1.09931e+16	1.25636e+16	1.42759e+16	3.85681e+16	3.09706e+17	4.54043e+17	3.31572	3.09681	3.09681	3.09681	3.09681	3.09681	3.09681	3.09681	3.09681	3.09681	3.09682	3.07858	3.08699	4.68986	4.68986	
124680	6.85699e+17	2.78655e+17	1.2194e+17	7.71527e+16	1.54305e+17	2.31458e+17	3.08611e+17	3.85763e+17	4.62916e+17	5.40069e+17	6.17221e+17	6.94074e+17	7.34912e+17	3.35207e+17	8.60033e+15	6.19212e+15	5.67175e+15	2.48197e+15	1.57036e+15	3.14073e+15	4.71109e+15	6.28146e+15	7.85182e+15	9.42219e+15	1.09926e+16	1.2563e+16	1.42793e+16	3.84006e+16	3.09706e+17	4.54043e+17	3.31783	3.09932	3.09932	3.09932	3.09932	3.09932	3.09932	3.09932	3.09932	3.09932	3.09933	3.08096	3.08275	4.68986	4.68986	
124933	6.857e+17	2.78656e+17	1.21941e+17	7.71528e+16	1.54306e+17	2.31458e+17	3.08611e+17	3.85764e+17	4.62917e+17	5.40069e+17	6.17222e+17	6.94068e+17	7.35177e+17	3.35207e+17	8.60033e+15	6.19191e+15	5.67149e+15	2.48186e+15	1.57029e+15	3.14059e+15	4.71088e+15	6.28117e+15	7.85147e+15	9.42176e+15	1.09921e+16	1.25624e+16	1.42826e+16	3.8234e+16	3.09706e+17	4.54043e+17	3.31994	3.10183	3.10183	3.10183	3.10183	3.10183	3.10183	3.10183	3.10183	3.10183	3.10184	3.08334	3.07862	4.68986	4.68986	
125187	6.857e+17	2.78656e+17	1.21941e+17	7.71529e+16	1.54306e+17	2.31459e+17	3.08612e+17	3.85764e+17	4.62917e+17	5.4007e+17	6.17223e+17	6.94063e+17	7.35443e+17	3.35207e+17	8.60033e+15	6.1917e+15	5.67124e+15	2.48175e+15	1.57022e+15	3.14044e+15	4.71067e+15	6.28089e+15	7.85111e+15	9.42133e+15	1.09916e+16	1.25619e+16	1.42861e+16	3.80678e+16	3.09706e+17	4.54043e+17	3.32205	3.10434	3.10434	3.10434	3.10434	3.10434	3.10434	3.10434	3.10434	3.10434	3.10434	3.08572	3.07458	4.68986	4.68986	
125440	6.85701e+17	2.78657e+17	1.21941e+17	7.7153e+16	1.54306e+17	2.31459e+17	3.08612e+17	3.85765e+17	4.62918e+17	5.40071e+17	6.17224e+17	6.94057e+17	7.35706e+17	3.35207e+17	8.60033e+15	6.19149e+15	5.67098e+15	2.48164e+15	1.57015e+15	3.1403e+15	4.71046e+15	6.28061e+15	7.85076e+15	9.42091e+15	1.09911e+16	1.25613e+16	1.42896e+16	3.79026e+16	3.09706e+17	4.54043e+17	3.32415	3.10684	3.10684	3.10684	3.10684	3.10684	3.10684	3.10684	3.10684	3.10684	3.10684	3.0881	3.07064	4.68986	4.68986	
125693	6.85701e+17	2.78657e+17	1.21941e+17	7.71531e+16	1.54306e+17	2.31459e+17	3.08612e+17	3.85766e+17	4.62919e+17	5.40072e+17	6.17225e+17	6.94051e+17	7.35968e+17	3.35207e+17	8.60033e+15	6.19127e+15	5.67073e+15	2.48152e+15	1.57008e+15	3.14016e+15	4.71024e+15	6.28032e+15	7.85041e+15	9.42049e+15	1.09906e+16	1.25607e+16	1.42932e+16	3.77385e+16	3.09706e+17	4.54043e+17	3.32625	3.10933	3.10933	3.10933	3.10933	3.10933	3.10933	3.10933	3.10933	3.10933	3.10934	3.09047	3.06681	4.68986	4.68986	
125947	6.85701e+17	2.78658e+17	1.21941e+17	7.71532e+16	1.54306e+17	2.3146e+17	3.08613e+17	3.85766e+17	4.62919e+17	5.40073e+17	6.17226e+17	6.94045e+17	7.3623e+17	3.35207e+17	8.60033e+15	6.19106e+15	5.67047e+15	2.48141e+15	1.57001e+15	3.14002e+15	4.71003e+15	6.28004e+15	7.85005e+15	9.42006e+15	1.09901e+16	1.25602e+16	1.42969e+16	3.75748e+16	3.09706e+17	4.54043e+17	3.32835	3.11183	3.11183	3.11183	3.11183	3.11183	3.11183	3.11183	3.11183	3.11183	3.11183	3.09283	3.06307	4.68986	4.68986	
126201	6.85702e+17	2.78658e+17	1.21941e+17	7.71533e+16	1.54307e+17	2.3146e+17	3.08613e+17	3.85767e+17	4.6292e+17	5.40073e+17	6.17227e+17	6.94039e+17	7.36489e+17	3.35207e+17	8.60033e+15	6.19085e+15	5.67022e+15	2.4813e+15	1.56994e+15	3.13988e+15	4.70982e+15	6.27976e+15	7.8497e+15	9.41964e+15	1.09896e+16	1.25596e+16	1.43006e+16	3.74123e+16	3.09706e+17	4.54043e+17	3.33044	3.11431	3.11431	3.11431	3.11431	3.11431	3.11431	3.11431	3.11431	3.11431	3.11432	3.0952	3.05943	4.68986	4.68986	
126454	6.85702e+17	2.78658e+17	1.21942e+17	7.71535e+16	1.54307e+17	2.3146e+17	3.08614e+17	3.85767e+17	4.62921e+17	5.40074e+17	6.17228e+17	6.94032e+17	7.36746e+17	3.35207e+17	8.60033e+15	6.19064e+15	5.66997e+15	2.48119e+15	1.56987e+15	3.13974e+15	4.70961e+15	6.27948e+15	7.84935e+15	9.41922e+15	1.09891e+16	1.2559e+16	1.43043e+16	3.72509e+16	3.09706e+17	4.54043e+17	3.33253	3.11679	3.11679	3.11679	3.11679	3.11679	3.11679	3.11679	3.11679	3.11679	3.1168	3.09755	3.05588	4.68986	4.68986	
126708	6.85702e+17	2.78659e+17	1.21942e+17	7.71536e+16	1.54307e+17	2.31461e+17	3.08614e+17	3.85768e+17	4.62921e+17	5.40075e+17	6.17228e+17	6.94026e+17	7.37003e+17	3.35207e+17	8.60033e+15	6.19043e+15	5.66971e+15	2.48108e+15	1.5698e+15	3.1396e+15	4.7094e+15	6.2792e+15	7.849e+15	9.4188e+15	1.09886e+16	1.25585e+16	1.43082e+16	3.70901e+16	3.09706e+17	4.54043e+17	3.33462	3.11927	3.11927	3.11927	3.11927	3.11927	3.11927	3.11927	3.11927	3.11927	3.11928	3.09991	3.05243	4.68986	4.68986	
126961	6.85703e+17	2.78659e+17	1.21942e+17	7.71537e+16	1.54307e+17	2.31461e+17	3.08615e+17	3.85768e+17	4.62922e+17	5.40076e+17	6.17229e+17	6.9402e+17	7.37257e+17	3.35207e+17	8.60033e+15	6.19022e+15	5.66946e+15	2.48097e+15	1.56973e+15	3.13946e+15	4.70919e+15	6.27892e+15	7.84865e+15	9.41839e+15	1.09881e+16	1.25579e+16	1.4312e+16	3.69306e+16	3.09706e+17	4.54043e+17	3.3367	3.12175	3.12175	3.12175	3.12175	3.12175	3.12175	3.12175	3.12175	3.12175	3.12175	3.10226	3.04907	4.68986	4.68986	
127214	6.85703e+17	2.7866e+17	1.21942e+17	7.71538e+16	1.54308e+17	2.31461e+17	3.08615e+17	3.85769e+17	4.62923e+17	5.40077e+17	6.1723e+17	6.94013e+17	7.3751e+17	3.35207e+17	8.60033e+15	6.19002e+15	5.66921e+15	2.48086e+15	1.56966e+15	3.13932e+15	4.70898e+15	6.27865e+15	7.84831e+15	9.41797e+15	1.09876e+16	1.25573e+16	1.4316e+16	3.67722e+16	3.09706e+17	4.54043e+17	3.33878	3.12421	3.12421	3.12421	3.12421	3.12421	3.12421	3.12421	3.12421	3.12421	3.12421	3.10461	3.04581	4.68986	4.68986	
127468	6.85704e+17	2.7866e+17	1.21942e+17	7.71539e+16	1.54308e+17	2.31462e+17	3.08616e+17	3.8577e+17	4.62923e+17	5.40077e+17	6.17231e+17	6.94007e+17	7.37761e+17	3.35207e+17	8.60033e+15	6.18981e+15	5.66896e+15	2.48075e+15	1.56959e+15	3.13918e+15	4.70878e+15	6.27837e+15	7.84796e+15	9.41755e+15	1.09872e+16	1.25568e+16	1.43199e+16	3.66147e+16	3.09706e+17	4.54043e+17	3.34086	3.12668	3.12668	3.12668	3.12668	3.12668	3.12668	3.12668	3.12668	3.12668	3.12668	3.10695	3.04264	4.68986	4.68986	
127722	6.85704e+17	2.7866e+17	1.21942e+17	7.7154e+16	1.54308e+17	2.31462e+17	3.08616e+17	3.8577e+17	4.62924e+17	5.40078e+17	6.17232e+17	6.94e+17	7.3801e+17	3.35207e+17	8.60033e+15	6.1896e+15	5.66871e+15	2.48064e+15	1.56952e+15	3.13905e+15	4.70857e+15	6.27809e+15	7.84762e+15	9.41714e+15	1.09867e+16	1.25562e+16	1.4324e+16	3.64584e+16	3.09706e+17	4.54043e+17	3.34293	3.12914	3.12914	3.12914	3.12914	3.12914	3.12914	3.12914	3.12914	3.12914	3.12914	3.10929	3.03956	4.68986	4.68986	
127975	6.85704e+17	2.78661e+17	1.21943e+17	7.71541e+16	1.54308e+17	2.31462e+17	3.08617e+17	3.85771e+17	4.62925e+17	5.40079e+17	6.17233e+17	6.93993e+17	7.38257e+17	3.35207e+17	8.60033e+15	6.1894e+15	5.66846e+15	2.48053e+15	1.56945e+15	3.13891e+15	4.70836e+15	6.27782e+15	7.84727e+15	9.41673e+15	1.09862e+16	1.25557e+16	1.4328e+16	3.63035e+16	3.09706e+17	4.54043e+17	3.345	3.13159	3.13159	3.13159	3.13159	3.13159	3.13159	3.13159	3.13159	3.13159	3.13159	3.11162	3.03657	4.68986	4.68986	
128225	6.85705e+17	2.78661e+17	1.21943e+17	7.71542e+16	1.54308e+17	2.31463e+17	3.08617e+17	3.85771e+17	4.62925e+17	5.4008e+17	6.17234e+17	6.93987e+17	7.38499e+17	3.35207e+17	8.60033e+15	6.1892e+15	5.66822e+15	2.48043e+15	1.56939e+15	3.13877e+15	4.70816e+15	6.27755e+15	7.84693e+15	9.41632e+15	1.09857e+16	1.25551e+16	1.43321e+16	3.61518e+16	3.09706e+17	4.54043e+17	3.34704	3.134	3.134	3.134	3.134	3.134	3.134	3.134	3.134	3.13401	3.13401	3.11392	3.03371	4.68986	4.68986	
128479	6.85705e+17	2.78662e+17	1.21943e+17	7.71543e+16	1.54309e+17	2.31463e+17	3.08617e+17	3.85772e+17	4.62926e+17	5.4008e+17	6.17235e+17	6.9398e+17	7.38743e+17	3.35207e+17	8.60033e+15	6.18899e+15	5.66797e+15	2.48032e+15	1.56932e+15	3.13864e+15	4.70795e+15	6.27727e+15	7.84659e+15	9.41591e+15	1.09852e+16	1.25546e+16	1.43362e+16	3.5999e+16	3.09706e+17	4.54043e+17	3.3491	3.13645	3.13645	3.13645	3.13645	3.13645	3.13645	3.13645	3.13645	3.13645	3.13645	3.11625	3.03089	4.68986	4.68986	
128729	6.85705e+17	2.78662e+17	1.21943e+17	7.71545e+16	1.54309e+17	2.31463e+17	3.08618e+17	3.85772e+17	4.62927e+17	5.40081e+17	6.17236e+17	6.93973e+17	7.38981e+17	3.35207e+17	8.60033e+15	6.18879e+15	5.66773e+15	2.48021e+15	1.56925e+15	3.1385e+15	4.70775e+15	6.277e+15	7.84625e+15	9.4155e+15	1.09848e+16	1.2554e+16	1.43404e+16	3.58495e+16	3.09706e+17	4.54043e+17	3.35114	3.13886	3.13886	3.13886	3.13886	3.13886	3.13886	3.13886	3.13886	3.13886	3.13886	3.11855	3.0282	4.68986	4.68986	
128982	6.85706e+17	2.78662e+17	1.21943e+17	7.71546e+16	1.54309e+17	2.31464e+17	3.08618e+17	3.85773e+17	4.62927e+17	5.40082e+17	6.17236e+17	6.93966e+17	7.3922e+17	3.35207e+17	8.60033e+15	6.18859e+15	5.66748e+15	2.48011e+15	1.56918e+15	3.13837e+15	4.70755e+15	6.27673e+15	7.84591e+15	9.4151e+15	1.09843e+16	1.25535e+16	1.43446e+16	3.56997e+16	3.09706e+17	4.54043e+17	3.35319	3.14129	3.14129	3.14129	3.14129	3.14129	3.14129	3.14129	3.14129	3.14129	3.14129	3.12086	3.02556	4.68986	4.68986	
129232	6.85706e+17	2.78663e+17	1.21944e+17	7.71547e+16	1.54309e+17	2.31464e+17	3.08619e+17	3.85773e+17	4.62928e+17	5.40083e+17	6.17237e+17	6.93959e+17	7.39454e+17	3.35207e+17	8.60033e+15	6.18839e+15	5.66724e+15	2.48e+15	1.56912e+15	3.13823e+15	4.70735e+15	6.27646e+15	7.84558e+15	9.41469e+15	1.09838e+16	1.2553e+16	1.43488e+16	3.55526e+16	3.09706e+17	4.54043e+17	3.35522	3.14369	3.14369	3.14369	3.14369	3.14369	3.14369	3.14369	3.14369	3.14369	3.14369	3.12315	3.02303	4.68986	4.68986	
129482	6.85707e+17	2.78663e+17	1.21944e+17	7.71548e+16	1.5431e+17	2.31464e+17	3.08619e+17	3.85774e+17	4.62929e+17	5.40083e+17	6.17238e+17	6.93952e+17	7.39686e+17	3.35207e+17	8.60033e+15	6.18819e+15	5.667e+15	2.47989e+15	1.56905e+15	3.1381e+15	4.70715e+15	6.2762e+15	7.84524e+15	9.41429e+15	1.09833e+16	1.25524e+16	1.43531e+16	3.5407e+16	3.09706e+17	4.54043e+17	3.35724	3.14609	3.14609	3.14609	3.14609	3.14609	3.14609	3.14609	3.14609	3.14609	3.14609	3.12543	3.02059	4.68986	4.68986	
129736	6.85707e+17	2.78664e+17	1.21944e+17	7.71549e+16	1.5431e+17	2.31465e+17	3.0862e+17	3.85774e+17	4.62929e+17	5.40084e+17	6.17239e+17	6.93945e+17	7.3992e+17	3.35207e+17	8.60033e+15	6.18799e+15	5.66676e+15	2.47979e+15	1.56898e+15	3.13796e+15	4.70694e+15	6.27593e+15	7.84491e+15	9.41389e+15	1.09829e+16	1.25519e+16	1.43574e+16	3.52605e+16	3.09706e+17	4.54043e+17	3.35929	3.14851	3.14851	3.14851	3.14851	3.14851	3.14851	3.14851	3.14851	3.14851	3.14851	3.12774	3.01819	4.68986	4.68986	
129990	6.85707e+17	2.78664e+17	1.21944e+17	7.7155e+16	1.5431e+17	2.31465e+17	3.0862e+17	3.85775e+17	4.6293e+17	5.40085e+17	6.1724e+17	6.93938e+17	7.40151e+17	3.35207e+17	8.60033e+15	6.18779e+15	5.66651e+15	2.47968e+15	1.56891e+15	3.13783e+15	4.70674e+15	6.27566e+15	7.84457e+15	9.41348e+15	1.09824e+16	1.25513e+16	1.43618e+16	3.51155e+16	3.09706e+17	4.54043e+17	3.36134	3.15093	3.15093	3.15093	3.15093	3.15093	3.15093	3.15093	3.15093	3.15093	3.15093	3.13004	3.01588	4.68986	4.68986	
130243	6.85708e+17	2.78664e+17	1.21944e+17	7.71551e+16	1.5431e+17	2.31465e+17	3.0862e+17	3.85776e+17	4.62931e+17	5.40086e+17	6.17241e+17	6.93931e+17	7.40379e+17	3.35207e+17	8.60033e+15	6.18759e+15	5.66627e+15	2.47957e+15	1.56885e+15	3.13769e+15	4.70654e+15	6.27539e+15	7.84423e+15	9.41308e+15	1.09819e+16	1.25508e+16	1.43662e+16	3.49721e+16	3.09706e+17	4.54043e+17	3.36338	3.15334	3.15334	3.15334	3.15334	3.15334	3.15334	3.15334	3.15334	3.15334	3.15334	3.13234	3.01364	4.68986	4.68986	
130497	6.85708e+17	2.78665e+17	1.21944e+17	7.71552e+16	1.5431e+17	2.31466e+17	3.08621e+17	3.85776e+17	4.62931e+17	5.40087e+17	6.17242e+17	6.93924e+17	7.40606e+17	3.35207e+17	8.60033e+15	6.18739e+15	5.66603e+15	2.47947e+15	1.56878e+15	3.13756e+15	4.70634e+15	6.27512e+15	7.8439e+15	9.41268e+15	1.09815e+16	1.25503e+16	1.43707e+16	3.48297e+16	3.09706e+17	4.54043e+17	3.36542	3.15575	3.15575	3.15575	3.15575	3.15575	3.15575	3.15575	3.15575	3.15575	3.15576	3.13464	3.01149	4.68986	4.68986	
130751	6.85708e+17	2.78665e+17	1.21945e+17	7.71553e+16	1.54311e+17	2.31466e+17	3.08621e+17	3.85777e+17	4.62932e+17	5.40087e+17	6.17243e+17	6.93916e+17	7.40831e+17	3.35207e+17	8.60033e+15	6.18719e+15	5.66579e+15	2.47936e+15	1.56871e+15	3.13743e+15	4.70614e+15	6.27485e+15	7.84357e+15	9.41228e+15	1.0981e+16	1.25497e+16	1.43751e+16	3.46889e+16	3.09706e+17	4.54043e+17	3.36746	3.15816	3.15816	3.15816	3.15816	3.15816	3.15816	3.15816	3.15816	3.15816	3.15816	3.13693	3.00941	4.68986	4.68986	
131004	6.85709e+17	2.78665e+17	1.21945e+17	7.71554e+16	1.54311e+17	2.31466e+17	3.08622e+17	3.85777e+17	4.62933e+17	5.40088e+17	6.17243e+17	6.93909e+17	7.41052e+17	3.35207e+17	8.60033e+15	6.18699e+15	5.66555e+15	2.47926e+15	1.56865e+15	3.13729e+15	4.70594e+15	6.27459e+15	7.84323e+15	9.41188e+15	1.09805e+16	1.25492e+16	1.43796e+16	3.45497e+16	3.09706e+17	4.54043e+17	3.36949	3.16056	3.16056	3.16056	3.16056	3.16056	3.16056	3.16056	3.16056	3.16056	3.16056	3.13922	3.00741	4.68986	4.68986	
131258	6.85709e+17	2.78666e+17	1.21945e+17	7.71555e+16	1.54311e+17	2.31467e+17	3.08622e+17	3.85778e+17	4.62933e+17	5.40089e+17	6.17244e+17	6.93901e+17	7.41273e+17	3.35207e+17	8.60033e+15	6.18679e+15	5.66531e+15	2.47915e+15	1.56858e+15	3.13716e+15	4.70574e+15	6.27432e+15	7.8429e+15	9.41148e+15	1.09801e+16	1.25487e+16	1.43842e+16	3.44115e+16	3.09706e+17	4.54043e+17	3.37152	3.16296	3.16296	3.16296	3.16296	3.16296	3.16296	3.16296	3.16296	3.16296	3.16296	3.14151	3.00549	4.68986	4.68986	
131512	6.85709e+17	2.78666e+17	1.21945e+17	7.71556e+16	1.54311e+17	2.31467e+17	3.08623e+17	3.85778e+17	4.62934e+17	5.4009e+17	6.17245e+17	6.93894e+17	7.4149e+17	3.35207e+17	8.60033e+15	6.1866e+15	5.66507e+15	2.47905e+15	1.56851e+15	3.13703e+15	4.70554e+15	6.27406e+15	7.84257e+15	9.41108e+15	1.09796e+16	1.25481e+16	1.43887e+16	3.4275e+16	3.09706e+17	4.54043e+17	3.37354	3.16535	3.16535	3.16535	3.16535	3.16535	3.16535	3.16535	3.16535	3.16535	3.16535	3.14379	3.00364	4.68986	4.68986	
131765	6.8571e+17	2.78667e+17	1.21945e+17	7.71558e+16	1.54312e+17	2.31467e+17	3.08623e+17	3.85779e+17	4.62935e+17	5.4009e+17	6.17246e+17	6.93887e+17	7.41705e+17	3.35207e+17	8.60033e+15	6.1864e+15	5.66483e+15	2.47894e+15	1.56845e+15	3.1369e+15	4.70534e+15	6.27379e+15	7.84224e+15	9.41069e+15	1.09791e+16	1.25476e+16	1.43933e+16	3.41401e+16	3.09706e+17	4.54043e+17	3.37556	3.16773	3.16773	3.16773	3.16773	3.16773	3.16773	3.16773	3.16773	3.16773	3.16773	3.14607	3.00187	4.68986	4.68986	
132019	6.8571e+17	2.78667e+17	1.21945e+17	7.71559e+16	1.54312e+17	2.31468e+17	3.08623e+17	3.85779e+17	4.62935e+17	5.40091e+17	6.17247e+17	6.93879e+17	7.41918e+17	3.35207e+17	8.60033e+15	6.1862e+15	5.66459e+15	2.47884e+15	1.56838e+15	3.13676e+15	4.70515e+15	6.27353e+15	7.84191e+15	9.41029e+15	1.09787e+16	1.25471e+16	1.43979e+16	3.40064e+16	3.09706e+17	4.54043e+17	3.37759	3.17012	3.17012	3.17012	3.17012	3.17012	3.17012	3.17012	3.17012	3.17012	3.17012	3.14834	3.00016	4.68986	4.68986	
132273	6.85711e+17	2.78667e+17	1.21946e+17	7.7156e+16	1.54312e+17	2.31468e+17	3.08624e+17	3.8578e+17	4.62936e+17	5.40092e+17	6.17248e+17	6.93871e+17	7.42128e+17	3.35207e+17	8.60033e+15	6.18601e+15	5.66435e+15	2.47874e+15	1.56832e+15	3.13663e+15	4.70495e+15	6.27327e+15	7.84158e+15	9.4099e+15	1.09782e+16	1.25465e+16	1.44025e+16	3.38743e+16	3.09706e+17	4.54043e+17	3.3796	3.1725	3.1725	3.1725	3.1725	3.1725	3.1725	3.1725	3.1725	3.1725	3.1725	3.15061	2.99853	4.68986	4.68986	
132526	6.85711e+17	2.78668e+17	1.21946e+17	7.71561e+16	1.54312e+17	2.31468e+17	3.08624e+17	3.8578e+17	4.62936e+17	5.40093e+17	6.17249e+17	6.93864e+17	7.42336e+17	3.35207e+17	8.60033e+15	6.18582e+15	5.66412e+15	2.47863e+15	1.56825e+15	3.1365e+15	4.70475e+15	6.27301e+15	7.84126e+15	9.40951e+15	1.09778e+16	1.2546e+16	1.44072e+16	3.37439e+16	3.09706e+17	4.54043e+17	3.38162	3.17487	3.17487	3.17487	3.17487	3.17487	3.17487	3.17487	3.17487	3.17487	3.17487	3.15288	2.99697	4.68986	4.68986	
132781	6.85711e+17	2.78668e+17	1.21946e+17	7.71562e+16	1.54312e+17	2.31469e+17	3.08625e+17	3.85781e+17	4.62937e+17	5.40093e+17	6.17249e+17	6.93856e+17	7.42541e+17	3.35207e+17	8.60033e+15	6.18562e+15	5.66388e+15	2.47853e+15	1.56819e+15	3.13637e+15	4.70456e+15	6.27274e+15	7.84093e+15	9.40912e+15	1.09773e+16	1.25455e+16	1.44118e+16	3.36146e+16	3.09706e+17	4.54043e+17	3.38363	3.17724	3.17724	3.17724	3.17724	3.17724	3.17724	3.17724	3.17724	3.17724	3.17724	3.15514	2.99548	4.68986	4.68986	
133034	6.85712e+17	2.78669e+17	1.21946e+17	7.71563e+16	1.54313e+17	2.31469e+17	3.08625e+17	3.85781e+17	4.62938e+17	5.40094e+17	6.1725e+17	6.93849e+17	7.42745e+17	3.35207e+17	8.60033e+15	6.18543e+15	5.66365e+15	2.47843e+15	1.56812e+15	3.13624e+15	4.70436e+15	6.27248e+15	7.84061e+15	9.40873e+15	1.09768e+16	1.2545e+16	1.44165e+16	3.3487e+16	3.09706e+17	4.54043e+17	3.38564	3.17961	3.17961	3.17961	3.17961	3.17961	3.17961	3.17961	3.17961	3.17961	3.17961	3.1574	2.99406	4.68986	4.68986	
133288	6.85712e+17	2.78669e+17	1.21946e+17	7.71564e+16	1.54313e+17	2.31469e+17	3.08626e+17	3.85782e+17	4.62938e+17	5.40095e+17	6.17251e+17	6.93841e+17	7.42945e+17	3.35207e+17	8.60033e+15	6.18524e+15	5.66341e+15	2.47832e+15	1.56806e+15	3.13611e+15	4.70417e+15	6.27223e+15	7.84028e+15	9.40834e+15	1.09764e+16	1.25445e+16	1.44212e+16	3.33611e+16	3.09706e+17	4.54043e+17	3.38764	3.18196	3.18196	3.18196	3.18196	3.18196	3.18196	3.18196	3.18196	3.18196	3.18196	3.15966	2.99271	4.68986	4.68986	
133538	6.85712e+17	2.78669e+17	1.21946e+17	7.71565e+16	1.54313e+17	2.31469e+17	3.08626e+17	3.85782e+17	4.62939e+17	5.40095e+17	6.17252e+17	6.93833e+17	7.4314e+17	3.35207e+17	8.60033e+15	6.18505e+15	5.66318e+15	2.47822e+15	1.56799e+15	3.13599e+15	4.70398e+15	6.27197e+15	7.83996e+15	9.40796e+15	1.09759e+16	1.25439e+16	1.44258e+16	3.32384e+16	3.09706e+17	4.54043e+17	3.38961	3.18429	3.18429	3.18429	3.18429	3.18429	3.18429	3.18429	3.18429	3.18429	3.18429	3.16187	2.99144	4.68986	4.68986	
133792	6.85713e+17	2.7867e+17	1.21947e+17	7.71566e+16	1.54313e+17	2.3147e+17	3.08626e+17	3.85783e+17	4.6294e+17	5.40096e+17	6.17253e+17	6.93826e+17	7.43336e+17	3.35207e+17	8.60033e+15	6.18486e+15	5.66295e+15	2.47812e+15	1.56793e+15	3.13586e+15	4.70378e+15	6.27171e+15	7.83964e+15	9.40757e+15	1.09755e+16	1.25434e+16	1.44306e+16	3.31154e+16	3.09706e+17	4.54043e+17	3.39161	3.18664	3.18664	3.18664	3.18664	3.18664	3.18664	3.18664	3.18664	3.18664	3.18664	3.16412	2.99022	4.68986	4.68986	
134045	6.85713e+17	2.7867e+17	1.21947e+17	7.71567e+16	1.54313e+17	2.3147e+17	3.08627e+17	3.85784e+17	4.6294e+17	5.40097e+17	6.17254e+17	6.93818e+17	7.43529e+17	3.35207e+17	8.60033e+15	6.18467e+15	5.66272e+15	2.47802e+15	1.56786e+15	3.13573e+15	4.70359e+15	6.27146e+15	7.83932e+15	9.40718e+15	1.0975e+16	1.25429e+16	1.44353e+16	3.29939e+16	3.09706e+17	4.54043e+17	3.3936	3.18899	3.18899	3.18899	3.18899	3.18899	3.18899	3.18899	3.18899	3.18899	3.18899	3.16637	2.98906	4.68986	4.68986	
134299	6.85713e+17	2.7867e+17	1.21947e+17	7.71568e+16	1.54314e+17	2.3147e+17	3.08627e+17	3.85784e+17	4.62941e+17	5.40098e+17	6.17254e+17	6.9381e+17	7.4372e+17	3.35207e+17	8.60033e+15	6.18448e+15	5.66249e+15	2.47792e+15	1.5678e+15	3.1356e+15	4.7034e+15	6.2712e+15	7.839e+15	9.4068e+15	1.09746e+16	1.25424e+16	1.444e+16	3.2874e+16	3.09706e+17	4.54043e+17	3.3956	3.19133	3.19133	3.19133	3.19133	3.19133	3.19133	3.19133	3.19133	3.19133	3.19133	3.16861	2.98796	4.68986	4.68986	
134553	6.85714e+17	2.78671e+17	1.21947e+17	7.71569e+16	1.54314e+17	2.31471e+17	3.08628e+17	3.85785e+17	4.62941e+17	5.40098e+17	6.17255e+17	6.93802e+17	7.43909e+17	3.35207e+17	8.60033e+15	6.18429e+15	5.66226e+15	2.47782e+15	1.56774e+15	3.13547e+15	4.70321e+15	6.27094e+15	7.83868e+15	9.40642e+15	1.09742e+16	1.25419e+16	1.44448e+16	3.27556e+16	3.09706e+17	4.54043e+17	3.39759	3.19367	3.19367	3.19367	3.19367	3.19367	3.19367	3.19367	3.19367	3.19367	3.19367	3.17084	2.98693	4.68986	4.68986	
134807	6.85714e+17	2.78671e+17	1.21947e+17	7.7157e+16	1.54314e+17	2.31471e+17	3.08628e+17	3.85785e+17	4.62942e+17	5.40099e+17	6.17256e+17	6.93795e+17	7.44094e+17	3.35207e+17	8.60033e+15	6.1841e+15	5.66203e+15	2.47772e+15	1.56767e+15	3.13534e+15	4.70302e+15	6.27069e+15	7.83836e+15	9.40603e+15	1.09737e+16	1.25414e+16	1.44496e+16	3.26387e+16	3.09706e+17	4.54043e+17	3.39957	3.19601	3.19601	3.19601	3.19601	3.19601	3.19601	3.19601	3.19601	3.19601	3.19601	3.17308	2.98596	4.68986	4.68986	
135061	6.85714e+17	2.78672e+17	1.21947e+17	7.71571e+16	1.54314e+17	2.31471e+17	3.08628e+17	3.85786e+17	4.62943e+17	5.401e+17	6.17257e+17	6.93787e+17	7.44278e+17	3.35207e+17	8.60033e+15	6.18391e+15	5.6618e+15	2.47762e+15	1.56761e+15	3.13522e+15	4.70283e+15	6.27043e+15	7.83804e+15	9.40565e+15	1.09733e+16	1.25409e+16	1.44543e+16	3.25234e+16	3.09706e+17	4.54043e+17	3.40155	3.19834	3.19834	3.19834	3.19834	3.19834	3.19834	3.19834	3.19834	3.19834	3.19834	3.17531	2.98505	4.68986	4.68986	
135314	6.85715e+17	2.78672e+17	1.21948e+17	7.71572e+16	1.54314e+17	2.31472e+17	3.08629e+17	3.85786e+17	4.62943e+17	5.40101e+17	6.17258e+17	6.93779e+17	7.44459e+17	3.35207e+17	8.60033e+15	6.18372e+15	5.66157e+15	2.47752e+15	1.56755e+15	3.13509e+15	4.70264e+15	6.27018e+15	7.83773e+15	9.40527e+15	1.09728e+16	1.25404e+16	1.44591e+16	3.24097e+16	3.09706e+17	4.54043e+17	3.40353	3.20066	3.20066	3.20066	3.20066	3.20066	3.20066	3.20066	3.20066	3.20066	3.20066	3.17753	2.9842	4.68986	4.68986	
135564	6.85715e+17	2.78672e+17	1.21948e+17	7.71573e+16	1.54315e+17	2.31472e+17	3.08629e+17	3.85787e+17	4.62944e+17	5.40101e+17	6.17259e+17	6.93771e+17	7.44635e+17	3.35207e+17	8.60033e+15	6.18354e+15	5.66134e+15	2.47742e+15	1.56748e+15	3.13497e+15	4.70245e+15	6.26993e+15	7.83742e+15	9.4049e+15	1.09724e+16	1.25399e+16	1.44639e+16	3.22992e+16	3.09706e+17	4.54043e+17	3.40548	3.20295	3.20295	3.20295	3.20295	3.20295	3.20295	3.20295	3.20295	3.20295	3.20295	3.17972	2.98342	4.68986	4.68986	
135815	6.85715e+17	2.78673e+17	1.21948e+17	7.71574e+16	1.54315e+17	2.31472e+17	3.0863e+17	3.85787e+17	4.62945e+17	5.40102e+17	6.17259e+17	6.93764e+17	7.44808e+17	3.35207e+17	8.60033e+15	6.18336e+15	5.66112e+15	2.47732e+15	1.56742e+15	3.13484e+15	4.70226e+15	6.26968e+15	7.83711e+15	9.40453e+15	1.09719e+16	1.25394e+16	1.44686e+16	3.21899e+16	3.09706e+17	4.54043e+17	3.40743	3.20524	3.20524	3.20524	3.20524	3.20524	3.20524	3.20524	3.20524	3.20524	3.20524	3.18191	2.98269	4.68986	4.68986	
136066	6.85716e+17	2.78673e+17	1.21948e+17	7.71575e+16	1.54315e+17	2.31473e+17	3.0863e+17	3.85788e+17	4.62945e+17	5.40103e+17	6.1726e+17	6.93756e+17	7.4498e+17	3.35207e+17	8.60033e+15	6.18317e+15	5.6609e+15	2.47722e+15	1.56736e+15	3.13472e+15	4.70208e+15	6.26944e+15	7.8368e+15	9.40415e+15	1.09715e+16	1.25389e+16	1.44733e+16	3.20822e+16	3.09706e+17	4.54043e+17	3.40938	3.20752	3.20752	3.20752	3.20752	3.20752	3.20752	3.20752	3.20752	3.20752	3.20752	3.1841	2.98202	4.68986	4.68986	
136320	6.85716e+17	2.78673e+17	1.21948e+17	7.71576e+16	1.54315e+17	2.31473e+17	3.0863e+17	3.85788e+17	4.62946e+17	5.40103e+17	6.17261e+17	6.93748e+17	7.45151e+17	3.35207e+17	8.60033e+15	6.18299e+15	5.66067e+15	2.47712e+15	1.5673e+15	3.13459e+15	4.70189e+15	6.26919e+15	7.83648e+15	9.40378e+15	1.09711e+16	1.25384e+16	1.44781e+16	3.19745e+16	3.09706e+17	4.54043e+17	3.41134	3.20984	3.20984	3.20984	3.20984	3.20984	3.20984	3.20984	3.20984	3.20984	3.20984	3.18631	2.98139	4.68986	4.68986	
136573	6.85716e+17	2.78674e+17	1.21948e+17	7.71577e+16	1.54315e+17	2.31473e+17	3.08631e+17	3.85789e+17	4.62946e+17	5.40104e+17	6.17262e+17	6.9374e+17	7.45319e+17	3.35207e+17	8.60033e+15	6.18281e+15	5.66044e+15	2.47703e+15	1.56723e+15	3.13447e+15	4.7017e+15	6.26894e+15	7.83617e+15	9.40341e+15	1.09706e+16	1.25379e+16	1.4483e+16	3.18685e+16	3.09706e+17	4.54043e+17	3.41331	3.21214	3.21214	3.21214	3.21214	3.21214	3.21214	3.21214	3.21214	3.21214	3.21214	3.18852	2.98082	4.68986	4.68986	
136827	6.85717e+17	2.78674e+17	1.21949e+17	7.71578e+16	1.54316e+17	2.31473e+17	3.08631e+17	3.85789e+17	4.62947e+17	5.40105e+17	6.17263e+17	6.93732e+17	7.45486e+17	3.35207e+17	8.60033e+15	6.18262e+15	5.66022e+15	2.47693e+15	1.56717e+15	3.13434e+15	4.70152e+15	6.26869e+15	7.83586e+15	9.40303e+15	1.09702e+16	1.25374e+16	1.44878e+16	3.17639e+16	3.09706e+17	4.54043e+17	3.41527	3.21444	3.21444	3.21444	3.21444	3.21444	3.21444	3.21444	3.21444	3.21444	3.21444	3.19072	2.98031	4.68986	4.68986	
137081	6.85717e+17	2.78674e+17	1.21949e+17	7.71579e+16	1.54316e+17	2.31474e+17	3.08632e+17	3.8579e+17	4.62948e+17	5.40105e+17	6.17263e+17	6.93724e+17	7.45649e+17	3.35207e+17	8.60033e+15	6.18244e+15	5.66e+15	2.47683e+15	1.56711e+15	3.13422e+15	4.70133e+15	6.26844e+15	7.83555e+15	9.40266e+15	1.09698e+16	1.25369e+16	1.44926e+16	3.16609e+16	3.09706e+17	4.54043e+17	3.41723	3.21674	3.21674	3.21674	3.21674	3.21674	3.21674	3.21674	3.21674	3.21674	3.21674	3.19292	2.97984	4.68986	4.68986	
137335	6.85717e+17	2.78675e+17	1.21949e+17	7.7158e+16	1.54316e+17	2.31474e+17	3.08632e+17	3.8579e+17	4.62948e+17	5.40106e+17	6.17264e+17	6.93717e+17	7.45811e+17	3.35207e+17	8.60033e+15	6.18226e+15	5.65977e+15	2.47673e+15	1.56705e+15	3.1341e+15	4.70114e+15	6.26819e+15	7.83524e+15	9.40229e+15	1.09693e+16	1.25364e+16	1.44974e+16	3.15595e+16	3.09706e+17	4.54043e+17	3.41918	3.21904	3.21904	3.21904	3.21904	3.21904	3.21904	3.21904	3.21904	3.21904	3.21904	3.19512	2.97943	4.68986	4.68986	
137589	6.85718e+17	2.78675e+17	1.21949e+17	7.71581e+16	1.54316e+17	2.31474e+17	3.08632e+17	3.85791e+17	4.62949e+17	5.40107e+17	6.17265e+17	6.93709e+17	7.45969e+17	3.35207e+17	8.60033e+15	6.18207e+15	5.65955e+15	2.47663e+15	1.56699e+15	3.13397e+15	4.70096e+15	6.26795e+15	7.83493e+15	9.40192e+15	1.09689e+16	1.25359e+16	1.45022e+16	3.14596e+16	3.09706e+17	4.54043e+17	3.42114	3.22133	3.22133	3.22133	3.22133	3.22133	3.22133	3.22133	3.22133	3.22133	3.22133	3.19731	2.97907	4.68986	4.68986	
137843	6.85718e+17	2.78676e+17	1.21949e+17	7.71582e+16	1.54316e+17	2.31475e+17	3.08633e+17	3.85791e+17	4.62949e+17	5.40108e+17	6.17266e+17	6.93701e+17	7.46126e+17	3.35207e+17	8.60033e+15	6.18189e+15	5.65933e+15	2.47654e+15	1.56693e+15	3.13385e+15	4.70078e+15	6.2677e+15	7.83463e+15	9.40155e+15	1.09685e+16	1.25354e+16	1.45071e+16	3.13612e+16	3.09706e+17	4.54043e+17	3.42309	3.22361	3.22361	3.22361	3.22361	3.22361	3.22361	3.22361	3.22361	3.22361	3.22361	3.19951	2.97876	4.68986	4.68986	
138097	6.85718e+17	2.78676e+17	1.21949e+17	7.71583e+16	1.54317e+17	2.31475e+17	3.08633e+17	3.85792e+17	4.6295e+17	5.40108e+17	6.17267e+17	6.93693e+17	7.4628e+17	3.35207e+17	8.60033e+15	6.18171e+15	5.65911e+15	2.47644e+15	1.56686e+15	3.13373e+15	4.70059e+15	6.26746e+15	7.83432e+15	9.40118e+15	1.0968e+16	1.25349e+16	1.45119e+16	3.12644e+16	3.09706e+17	4.54043e+17	3.42503	3.22589	3.22589	3.22589	3.22589	3.22589	3.22589	3.22589	3.22589	3.22589	3.22589	3.20169	2.9785	4.68986	4.68986	
138351	6.85719e+17	2.78676e+17	1.21949e+17	7.71584e+16	1.54317e+17	2.31475e+17	3.08634e+17	3.85792e+17	4.62951e+17	5.40109e+17	6.17267e+17	6.93685e+17	7.46431e+17	3.35207e+17	8.60033e+15	6.18153e+15	5.65889e+15	2.47634e+15	1.5668e+15	3.13361e+15	4.70041e+15	6.26721e+15	7.83401e+15	9.40082e+15	1.09676e+16	1.25344e+16	1.45167e+16	3.1169e+16	3.09706e+17	4.54043e+17	3.42698	3.22817	3.22817	3.22817	3.22817	3.22817	3.22817	3.22817	3.22817	3.22817	3.22817	3.20388	2.97829	4.68986	4.68986	
138605	6.85719e+17	2.78677e+17	1.2195e+17	7.71585e+16	1.54317e+17	2.31476e+17	3.08634e+17	3.85793e+17	4.62951e+17	5.4011e+17	6.17268e+17	6.93677e+17	7.4658e+17	3.35207e+17	8.60033e+15	6.18135e+15	5.65867e+15	2.47625e+15	1.56674e+15	3.13348e+15	4.70023e+15	6.26697e+15	7.83371e+15	9.40045e+15	1.09672e+16	1.25339e+16	1.45215e+16	3.10752e+16	3.09706e+17	4.54043e+17	3.42892	3.23045	3.23045	3.23045	3.23045	3.23045	3.23045	3.23045	3.23045	3.23045	3.23045	3.20606	2.97812	4.68986	4.68986	
138859	6.85719e+17	2.78677e+17	1.2195e+17	7.71586e+16	1.54317e+17	2.31476e+17	3.08634e+17	3.85793e+17	4.62952e+17	5.4011e+17	6.17269e+17	6.93669e+17	7.46727e+17	3.35207e+17	8.60033e+15	6.18117e+15	5.65845e+15	2.47615e+15	1.56668e+15	3.13336e+15	4.70004e+15	6.26672e+15	7.83341e+15	9.40009e+15	1.09668e+16	1.25335e+16	1.45264e+16	3.09829e+16	3.09706e+17	4.54043e+17	3.43086	3.23272	3.23272	3.23272	3.23272	3.23272	3.23272	3.23272	3.23272	3.23272	3.23272	3.20823	2.978	4.68986	4.68986	
139113	6.8572e+17	2.78677e+17	1.2195e+17	7.71587e+16	1.54317e+17	2.31476e+17	3.08635e+17	3.85794e+17	4.62952e+17	5.40111e+17	6.1727e+17	6.93662e+17	7.46871e+17	3.35207e+17	8.60033e+15	6.181e+15	5.65823e+15	2.47606e+15	1.56662e+15	3.13324e+15	4.69986e+15	6.26648e+15	7.8331e+15	9.39972e+15	1.09663e+16	1.2533e+16	1.45312e+16	3.08921e+16	3.09706e+17	4.54043e+17	3.43279	3.23498	3.23498	3.23498	3.23498	3.23498	3.23498	3.23498	3.23498	3.23498	3.23498	3.21041	2.97793	4.68986	4.68986	
139367	6.8572e+17	2.78678e+17	1.2195e+17	7.71588e+16	1.54318e+17	2.31476e+17	3.08635e+17	3.85794e+17	4.62953e+17	5.40112e+17	6.17271e+17	6.93654e+17	7.47013e+17	3.35207e+17	8.60033e+15	6.18082e+15	5.65801e+15	2.47596e+15	1.56656e+15	3.13312e+15	4.69968e+15	6.26624e+15	7.8328e+15	9.39936e+15	1.09659e+16	1.25325e+16	1.4536e+16	3.08027e+16	3.09706e+17	4.54043e+17	3.43472	3.23725	3.23725	3.23725	3.23725	3.23725	3.23725	3.23725	3.23725	3.23725	3.23725	3.21258	2.9779	4.68986	4.68986	
139621	6.8572e+17	2.78678e+17	1.2195e+17	7.71589e+16	1.54318e+17	2.31477e+17	3.08636e+17	3.85795e+17	4.62953e+17	5.40112e+17	6.17271e+17	6.93646e+17	7.47153e+17	3.35207e+17	8.60033e+15	6.18064e+15	5.65779e+15	2.47587e+15	1.5665e+15	3.133e+15	4.6995e+15	6.266e+15	7.8325e+15	9.399e+15	1.09655e+16	1.2532e+16	1.45408e+16	3.07149e+16	3.09706e+17	4.54043e+17	3.43665	3.2395	3.2395	3.2395	3.2395	3.2395	3.2395	3.2395	3.2395	3.2395	3.2395	3.21474	2.97792	4.68986	4.68986	
139871	6.85721e+17	2.78678e+17	1.2195e+17	7.7159e+16	1.54318e+17	2.31477e+17	3.08636e+17	3.85795e+17	4.62954e+17	5.40113e+17	6.17272e+17	6.93638e+17	7.47288e+17	3.35207e+17	8.60033e+15	6.18047e+15	5.65758e+15	2.47577e+15	1.56644e+15	3.13288e+15	4.69932e+15	6.26576e+15	7.83221e+15	9.39865e+15	1.09651e+16	1.25315e+16	1.45456e+16	3.06299e+16	3.09706e+17	4.54043e+17	3.43855	3.24172	3.24172	3.24172	3.24172	3.24172	3.24172	3.24172	3.24172	3.24172	3.24172	3.21687	2.97798	4.68986	4.68986	
140121	6.85721e+17	2.78679e+17	1.21951e+17	7.71591e+16	1.54318e+17	2.31477e+17	3.08636e+17	3.85796e+17	4.62955e+17	5.40114e+17	6.17273e+17	6.9363e+17	7.47421e+17	3.35207e+17	8.60033e+15	6.1803e+15	5.65737e+15	2.47568e+15	1.56638e+15	3.13276e+15	4.69915e+15	6.26553e+15	7.83191e+15	9.39829e+15	1.09647e+16	1.25311e+16	1.45503e+16	3.05463e+16	3.09706e+17	4.54043e+17	3.44044	3.24394	3.24394	3.24394	3.24394	3.24394	3.24394	3.24394	3.24394	3.24394	3.24394	3.219	2.97807	4.68986	4.68986	
140372	6.85721e+17	2.78679e+17	1.21951e+17	7.71592e+16	1.54318e+17	2.31478e+17	3.08637e+17	3.85796e+17	4.62955e+17	5.40114e+17	6.17274e+17	6.93623e+17	7.47551e+17	3.35207e+17	8.60033e+15	6.18012e+15	5.65716e+15	2.47559e+15	1.56632e+15	3.13265e+15	4.69897e+15	6.26529e+15	7.83162e+15	9.39794e+15	1.09643e+16	1.25306e+16	1.4555e+16	3.04639e+16	3.09706e+17	4.54043e+17	3.44233	3.24616	3.24616	3.24616	3.24616	3.24616	3.24616	3.24616	3.24616	3.24616	3.24616	3.22112	2.97821	4.68986	4.68986	
140623	6.85722e+17	2.78679e+17	1.21951e+17	7.71593e+16	1.54319e+17	2.31478e+17	3.08637e+17	3.85796e+17	4.62956e+17	5.40115e+17	6.17274e+17	6.93615e+17	7.4768e+17	3.35207e+17	8.60033e+15	6.17995e+15	5.65694e+15	2.47549e+15	1.56626e+15	3.13253e+15	4.69879e+15	6.26506e+15	7.83132e+15	9.39759e+15	1.09639e+16	1.25301e+16	1.45598e+16	3.03829e+16	3.09706e+17	4.54043e+17	3.44423	3.24837	3.24837	3.24837	3.24837	3.24837	3.24837	3.24837	3.24837	3.24837	3.24837	3.22325	2.97839	4.68986	4.68986	
140873	6.85722e+17	2.7868e+17	1.21951e+17	7.71594e+16	1.54319e+17	2.31478e+17	3.08638e+17	3.85797e+17	4.62956e+17	5.40116e+17	6.17275e+17	6.93607e+17	7.47806e+17	3.35207e+17	8.60033e+15	6.17978e+15	5.65673e+15	2.4754e+15	1.56621e+15	3.13241e+15	4.69862e+15	6.26483e+15	7.83103e+15	9.39724e+15	1.09634e+16	1.25297e+16	1.45645e+16	3.03034e+16	3.09706e+17	4.54043e+17	3.44611	3.25058	3.25058	3.25058	3.25058	3.25058	3.25058	3.25058	3.25058	3.25058	3.25058	3.22537	2.97861	4.68986	4.68986	
141123	6.85722e+17	2.7868e+17	1.21951e+17	7.71595e+16	1.54319e+17	2.31478e+17	3.08638e+17	3.85797e+17	4.62957e+17	5.40116e+17	6.17276e+17	6.936e+17	7.4793e+17	3.35207e+17	8.60033e+15	6.17961e+15	5.65652e+15	2.47531e+15	1.56615e+15	3.1323e+15	4.69844e+15	6.26459e+15	7.83074e+15	9.39689e+15	1.0963e+16	1.25292e+16	1.45692e+16	3.02254e+16	3.09706e+17	4.54043e+17	3.44799	3.25278	3.25278	3.25278	3.25278	3.25278	3.25278	3.25278	3.25278	3.25278	3.25278	3.22748	2.97887	4.68986	4.68986	
141374	6.85723e+17	2.7868e+17	1.21951e+17	7.71596e+16	1.54319e+17	2.31479e+17	3.08638e+17	3.85798e+17	4.62957e+17	5.40117e+17	6.17277e+17	6.93592e+17	7.48052e+17	3.35207e+17	8.60033e+15	6.17944e+15	5.65631e+15	2.47522e+15	1.56609e+15	3.13218e+15	4.69827e+15	6.26436e+15	7.83045e+15	9.39654e+15	1.09626e+16	1.25287e+16	1.45739e+16	3.01487e+16	3.09706e+17	4.54043e+17	3.44988	3.25498	3.25498	3.25498	3.25498	3.25498	3.25498	3.25498	3.25498	3.25498	3.25498	3.22959	2.97917	4.68986	4.68986	
141624	6.85723e+17	2.78681e+17	1.21951e+17	7.71597e+16	1.54319e+17	2.31479e+17	3.08639e+17	3.85798e+17	4.62958e+17	5.40118e+17	6.17277e+17	6.93584e+17	7.48171e+17	3.35207e+17	8.60033e+15	6.17927e+15	5.6561e+15	2.47513e+15	1.56603e+15	3.13206e+15	4.6981e+15	6.26413e+15	7.83016e+15	9.39619e+15	1.09622e+16	1.25283e+16	1.45787e+16	3.00735e+16	3.09706e+17	4.54043e+17	3.45175	3.25717	3.25717	3.25717	3.25717	3.25717	3.25717	3.25717	3.25717	3.25717	3.25717	3.2317	2.9795	4.68986	4.68986	
141875	6.85723e+17	2.78681e+17	1.21952e+17	7.71598e+16	1.5432e+17	2.31479e+17	3.08639e+17	3.85799e+17	4.62959e+17	5.40118e+17	6.17278e+17	6.93576e+17	7.48289e+17	3.35207e+17	8.60033e+15	6.1791e+15	5.6559e+15	2.47503e+15	1.56597e+15	3.13195e+15	4.69792e+15	6.2639e+15	7.82987e+15	9.39585e+15	1.09618e+16	1.25278e+16	1.45834e+16	2.99994e+16	3.09706e+17	4.54043e+17	3.45363	3.25937	3.25937	3.25937	3.25937	3.25937	3.25937	3.25937	3.25937	3.25937	3.25937	3.23381	2.97986	4.68986	4.68986	
142125	6.85723e+17	2.78681e+17	1.21952e+17	7.71599e+16	1.5432e+17	2.3148e+17	3.08639e+17	3.85799e+17	4.62959e+17	5.40119e+17	6.17279e+17	6.93569e+17	7.48404e+17	3.35207e+17	8.60033e+15	6.17893e+15	5.65569e+15	2.47494e+15	1.56592e+15	3.13183e+15	4.69775e+15	6.26367e+15	7.82959e+15	9.3955e+15	1.09614e+16	1.25273e+16	1.45881e+16	2.99267e+16	3.09706e+17	4.54043e+17	3.4555	3.26156	3.26156	3.26156	3.26156	3.26156	3.26156	3.26156	3.26156	3.26156	3.26156	3.23591	2.98027	4.68986	4.68986	
142376	6.85724e+17	2.78682e+17	1.21952e+17	7.71599e+16	1.5432e+17	2.3148e+17	3.0864e+17	3.858e+17	4.6296e+17	5.4012e+17	6.1728e+17	6.93561e+17	7.48517e+17	3.35207e+17	8.60033e+15	6.17876e+15	5.65548e+15	2.47485e+15	1.56586e+15	3.13172e+15	4.69758e+15	6.26344e+15	7.8293e+15	9.39516e+15	1.0961e+16	1.25269e+16	1.45928e+16	2.98555e+16	3.09706e+17	4.54043e+17	3.45737	3.26374	3.26374	3.26374	3.26374	3.26374	3.26374	3.26374	3.26374	3.26374	3.26374	3.23801	2.9807	4.68986	4.68986	
142626	6.85724e+17	2.78682e+17	1.21952e+17	7.716e+16	1.5432e+17	2.3148e+17	3.0864e+17	3.858e+17	4.6296e+17	5.4012e+17	6.1728e+17	6.93554e+17	7.48628e+17	3.35207e+17	8.60033e+15	6.17859e+15	5.65527e+15	2.47476e+15	1.5658e+15	3.13161e+15	4.69741e+15	6.26321e+15	7.82901e+15	9.39482e+15	1.09606e+16	1.25264e+16	1.45975e+16	2.97856e+16	3.09706e+17	4.54043e+17	3.45923	3.26592	3.26592	3.26592	3.26592	3.26592	3.26592	3.26592	3.26592	3.26592	3.26592	3.2401	2.98118	4.68986	4.68986	
142877	6.85724e+17	2.78682e+17	1.21952e+17	7.71601e+16	1.5432e+17	2.3148e+17	3.08641e+17	3.85801e+17	4.62961e+17	5.40121e+17	6.17281e+17	6.93546e+17	7.48737e+17	3.35207e+17	8.60033e+15	6.17843e+15	5.65507e+15	2.47467e+15	1.56575e+15	3.13149e+15	4.69724e+15	6.26298e+15	7.82873e+15	9.39447e+15	1.09602e+16	1.2526e+16	1.46021e+16	2.97169e+16	3.09706e+17	4.54043e+17	3.4611	3.2681	3.2681	3.2681	3.2681	3.2681	3.2681	3.2681	3.2681	3.2681	3.2681	3.2422	2.98168	4.68986	4.68986	
143128	6.85725e+17	2.78683e+17	1.21952e+17	7.71602e+16	1.5432e+17	2.31481e+17	3.08641e+17	3.85801e+17	4.62961e+17	5.40122e+17	6.17282e+17	6.93538e+17	7.48844e+17	3.35207e+17	8.60033e+15	6.17826e+15	5.65486e+15	2.47458e+15	1.56569e+15	3.13138e+15	4.69707e+15	6.26275e+15	7.82844e+15	9.39413e+15	1.09598e+16	1.25255e+16	1.46068e+16	2.96495e+16	3.09706e+17	4.54043e+17	3.46296	3.27028	3.27028	3.27028	3.27028	3.27028	3.27028	3.27028	3.27028	3.27028	3.27028	3.24429	2.98222	4.68986	4.68986	
143378	6.85725e+17	2.78683e+17	1.21952e+17	7.71603e+16	1.54321e+17	2.31481e+17	3.08641e+17	3.85802e+17	4.62962e+17	5.40122e+17	6.17283e+17	6.93531e+17	7.48949e+17	3.35207e+17	8.60033e+15	6.17809e+15	5.65466e+15	2.47449e+15	1.56563e+15	3.13126e+15	4.6969e+15	6.26253e+15	7.82816e+15	9.39379e+15	1.09594e+16	1.25251e+16	1.46115e+16	2.95836e+16	3.09706e+17	4.54043e+17	3.46482	3.27245	3.27245	3.27245	3.27245	3.27245	3.27245	3.27245	3.27245	3.27245	3.27245	3.24638	2.98279	4.68986	4.68986	
143628	6.85725e+17	2.78683e+17	1.21953e+17	7.71604e+16	1.54321e+17	2.31481e+17	3.08642e+17	3.85802e+17	4.62962e+17	5.40123e+17	6.17283e+17	6.93523e+17	7.49051e+17	3.35207e+17	8.60033e+15	6.17793e+15	5.65446e+15	2.4744e+15	1.56558e+15	3.13115e+15	4.69673e+15	6.2623e+15	7.82788e+15	9.39345e+15	1.0959e+16	1.25246e+16	1.46162e+16	2.95189e+16	3.09706e+17	4.54043e+17	3.46667	3.27461	3.27461	3.27461	3.27461	3.27461	3.27461	3.27461	3.27461	3.27461	3.27461	3.24846	2.98339	4.68986	4.68986	
143879	6.85726e+17	2.78684e+17	1.21953e+17	7.71605e+16	1.54321e+17	2.31481e+17	3.08642e+17	3.85802e+17	4.62963e+17	5.40123e+17	6.17284e+17	6.93515e+17	7.49152e+17	3.35207e+17	8.60033e+15	6.17776e+15	5.65425e+15	2.47432e+15	1.56552e+15	3.13104e+15	4.69656e+15	6.26208e+15	7.8276e+15	9.39312e+15	1.09586e+16	1.25242e+16	1.46208e+16	2.94554e+16	3.09706e+17	4.54043e+17	3.46853	3.27678	3.27678	3.27678	3.27678	3.27678	3.27678	3.27678	3.27678	3.27678	3.27678	3.25054	2.98402	4.68986	4.68986	
144130	6.85726e+17	2.78684e+17	1.21953e+17	7.71606e+16	1.54321e+17	2.31482e+17	3.08642e+17	3.85803e+17	4.62964e+17	5.40124e+17	6.17285e+17	6.93508e+17	7.49251e+17	3.35207e+17	8.60033e+15	6.1776e+15	5.65405e+15	2.47423e+15	1.56546e+15	3.13093e+15	4.69639e+15	6.26185e+15	7.82732e+15	9.39278e+15	1.09582e+16	1.25237e+16	1.46255e+16	2.93931e+16	3.09706e+17	4.54043e+17	3.47038	3.27894	3.27894	3.27894	3.27894	3.27894	3.27894	3.27894	3.27894	3.27894	3.27894	3.25262	2.98468	4.68986	4.68986	
144381	6.85726e+17	2.78684e+17	1.21953e+17	7.71607e+16	1.54321e+17	2.31482e+17	3.08643e+17	3.85803e+17	4.62964e+17	5.40125e+17	6.17285e+17	6.935e+17	7.49347e+17	3.35207e+17	8.60033e+15	6.17744e+15	5.65385e+15	2.47414e+15	1.56541e+15	3.13081e+15	4.69622e+15	6.26163e+15	7.82704e+15	9.39244e+15	1.09579e+16	1.25233e+16	1.46301e+16	2.93322e+16	3.09706e+17	4.54043e+17	3.47223	3.2811	3.2811	3.2811	3.2811	3.2811	3.2811	3.2811	3.2811	3.2811	3.2811	3.25469	2.98538	4.68986	4.68986	
144631	6.85727e+17	2.78685e+17	1.21953e+17	7.71608e+16	1.54322e+17	2.31482e+17	3.08643e+17	3.85804e+17	4.62965e+17	5.40125e+17	6.17286e+17	6.93493e+17	7.49442e+17	3.35207e+17	8.60033e+15	6.17727e+15	5.65365e+15	2.47405e+15	1.56535e+15	3.1307e+15	4.69605e+15	6.26141e+15	7.82676e+15	9.39211e+15	1.09575e+16	1.25228e+16	1.46348e+16	2.92725e+16	3.09706e+17	4.54043e+17	3.47407	3.28325	3.28325	3.28325	3.28325	3.28325	3.28325	3.28325	3.28325	3.28325	3.28325	3.25676	2.9861	4.68986	4.68986	
144881	6.85727e+17	2.78685e+17	1.21953e+17	7.71609e+16	1.54322e+17	2.31483e+17	3.08643e+17	3.85804e+17	4.62965e+17	5.40126e+17	6.17287e+17	6.93485e+17	7.49535e+17	3.35207e+17	8.60033e+15	6.17711e+15	5.65344e+15	2.47396e+15	1.5653e+15	3.13059e+15	4.69589e+15	6.26118e+15	7.82648e+15	9.39178e+15	1.09571e+16	1.25224e+16	1.46394e+16	2.92141e+16	3.09706e+17	4.54043e+17	3.47591	3.2854	3.2854	3.2854	3.2854	3.2854	3.2854	3.2854	3.2854	3.2854	3.2854	3.25883	2.98684	4.68986	4.68986	
145132	6.85727e+17	2.78685e+17	1.21953e+17	7.7161e+16	1.54322e+17	2.31483e+17	3.08644e+17	3.85805e+17	4.62966e+17	5.40127e+17	6.17288e+17	6.93478e+17	7.49625e+17	3.35207e+17	8.60033e+15	6.17695e+15	5.65324e+15	2.47387e+15	1.56524e+15	3.13048e+15	4.69572e+15	6.26096e+15	7.8262e+15	9.39144e+15	1.09567e+16	1.25219e+16	1.4644e+16	2.91569e+16	3.09706e+17	4.54043e+17	3.47774	3.28754	3.28754	3.28754	3.28754	3.28754	3.28754	3.28754	3.28754	3.28754	3.28754	3.26089	2.98762	4.68986	4.68986	
145383	6.85727e+17	2.78686e+17	1.21954e+17	7.7161e+16	1.54322e+17	2.31483e+17	3.08644e+17	3.85805e+17	4.62966e+17	5.40127e+17	6.17288e+17	6.9347e+17	7.49714e+17	3.35207e+17	8.60033e+15	6.17679e+15	5.65304e+15	2.47379e+15	1.56519e+15	3.13037e+15	4.69556e+15	6.26074e+15	7.82593e+15	9.39111e+15	1.09563e+16	1.25215e+16	1.46486e+16	2.91008e+16	3.09706e+17	4.54043e+17	3.47958	3.28969	3.28969	3.28969	3.28969	3.28969	3.28969	3.28969	3.28969	3.28969	3.28969	3.26296	2.98842	4.68986	4.68986	
145633	6.85728e+17	2.78686e+17	1.21954e+17	7.71611e+16	1.54322e+17	2.31483e+17	3.08645e+17	3.85806e+17	4.62967e+17	5.40128e+17	6.17289e+17	6.93463e+17	7.49801e+17	3.35207e+17	8.60033e+15	6.17663e+15	5.65285e+15	2.4737e+15	1.56513e+15	3.13026e+15	4.69539e+15	6.26052e+15	7.82565e+15	9.39078e+15	1.09559e+16	1.2521e+16	1.46532e+16	2.90459e+16	3.09706e+17	4.54043e+17	3.48142	3.29183	3.29183	3.29183	3.29183	3.29183	3.29183	3.29183	3.29183	3.29183	3.29183	3.26502	2.98925	4.68986	4.68986	
145884	6.85728e+17	2.78686e+17	1.21954e+17	7.71612e+16	1.54322e+17	2.31484e+17	3.08645e+17	3.85806e+17	4.62967e+17	5.40129e+17	6.1729e+17	6.93455e+17	7.49886e+17	3.35207e+17	8.60033e+15	6.17647e+15	5.65265e+15	2.47361e+15	1.56508e+15	3.13015e+15	4.69523e+15	6.2603e+15	7.82538e+15	9.39045e+15	1.09555e+16	1.25206e+16	1.46578e+16	2.89922e+16	3.09706e+17	4.54043e+17	3.48325	3.29396	3.29396	3.29396	3.29396	3.29396	3.29396	3.29396	3.29396	3.29396	3.29396	3.26707	2.99011	4.68986	4.68986	
146134	6.85728e+17	2.78687e+17	1.21954e+17	7.71613e+16	1.54323e+17	2.31484e+17	3.08645e+17	3.85807e+17	4.62968e+17	5.40129e+17	6.1729e+17	6.93448e+17	7.49969e+17	3.35207e+17	8.60033e+15	6.17631e+15	5.65245e+15	2.47353e+15	1.56502e+15	3.13004e+15	4.69506e+15	6.26008e+15	7.8251e+15	9.39012e+15	1.09551e+16	1.25202e+16	1.46624e+16	2.89398e+16	3.09706e+17	4.54043e+17	3.48507	3.29609	3.29609	3.29609	3.29609	3.29609	3.29609	3.29609	3.29609	3.29609	3.29609	3.26912	2.99099	4.68986	4.68986	
146385	6.85729e+17	2.78687e+17	1.21954e+17	7.71614e+16	1.54323e+17	2.31484e+17	3.08646e+17	3.85807e+17	4.62968e+17	5.4013e+17	6.17291e+17	6.9344e+17	7.50051e+17	3.35207e+17	8.60033e+15	6.17615e+15	5.65225e+15	2.47344e+15	1.56497e+15	3.12993e+15	4.6949e+15	6.25986e+15	7.82483e+15	9.3898e+15	1.09548e+16	1.25197e+16	1.4667e+16	2.88884e+16	3.09706e+17	4.54043e+17	3.4869	3.29822	3.29822	3.29822	3.29822	3.29822	3.29822	3.29822	3.29822	3.29822	3.29822	3.27117	2.9919	4.68986	4.68986	
146636	6.85729e+17	2.78687e+17	1.21954e+17	7.71615e+16	1.54323e+17	2.31484e+17	3.08646e+17	3.85807e+17	4.62969e+17	5.4013e+17	6.17292e+17	6.93433e+17	7.50131e+17	3.35207e+17	8.60033e+15	6.17599e+15	5.65206e+15	2.47335e+15	1.56491e+15	3.12982e+15	4.69473e+15	6.25965e+15	7.82456e+15	9.38947e+15	1.09544e+16	1.25193e+16	1.46716e+16	2.88381e+16	3.09706e+17	4.54043e+17	3.48872	3.30035	3.30035	3.30035	3.30035	3.30035	3.30035	3.30035	3.30035	3.30035	3.30035	3.27322	2.99283	4.68986	4.68986	
146886	6.85729e+17	2.78688e+17	1.21954e+17	7.71616e+16	1.54323e+17	2.31485e+17	3.08646e+17	3.85808e+17	4.62969e+17	5.40131e+17	6.17293e+17	6.93425e+17	7.50208e+17	3.35207e+17	8.60033e+15	6.17583e+15	5.65186e+15	2.47327e+15	1.56486e+15	3.12971e+15	4.69457e+15	6.25943e+15	7.82429e+15	9.38914e+15	1.0954e+16	1.25189e+16	1.46762e+16	2.87891e+16	3.09706e+17	4.54043e+17	3.49054	3.30247	3.30247	3.30247	3.30247	3.30247	3.30247	3.30247	3.30247	3.30247	3.30247	3.27526	2.99378	4.68986	4.68986	
147137	6.85729e+17	2.78688e+17	1.21955e+17	7.71617e+16	1.54323e+17	2.31485e+17	3.08647e+17	3.85808e+17	4.6297e+17	5.40132e+17	6.17293e+17	6.93418e+17	7.50284e+17	3.35207e+17	8.60033e+15	6.17567e+15	5.65167e+15	2.47318e+15	1.5648e+15	3.12961e+15	4.69441e+15	6.25921e+15	7.82402e+15	9.38882e+15	1.09536e+16	1.25184e+16	1.46807e+16	2.87411e+16	3.09706e+17	4.54043e+17	3.49235	3.30459	3.30459	3.30459	3.30459	3.30459	3.30459	3.30459	3.30459	3.30459	3.30459	3.2773	2.99476	4.68986	4.68986	
147388	6.8573e+17	2.78688e+17	1.21955e+17	7.71617e+16	1.54323e+17	2.31485e+17	3.08647e+17	3.85809e+17	4.6297e+17	5.40132e+17	6.17294e+17	6.9341e+17	7.50358e+17	3.35207e+17	8.60033e+15	6.17551e+15	5.65147e+15	2.4731e+15	1.56475e+15	3.1295e+15	4.69425e+15	6.259e+15	7.82375e+15	9.3885e+15	1.09532e+16	1.2518e+16	1.46853e+16	2.86942e+16	3.09706e+17	4.54043e+17	3.49417	3.3067	3.3067	3.3067	3.3067	3.3067	3.3067	3.3067	3.3067	3.3067	3.3067	3.27934	2.99576	4.68986	4.68986	
147639	6.8573e+17	2.78689e+17	1.21955e+17	7.71618e+16	1.54324e+17	2.31485e+17	3.08647e+17	3.85809e+17	4.62971e+17	5.40133e+17	6.17295e+17	6.93403e+17	7.50431e+17	3.35207e+17	8.60033e+15	6.17536e+15	5.65128e+15	2.47301e+15	1.5647e+15	3.12939e+15	4.69409e+15	6.25878e+15	7.82348e+15	9.38817e+15	1.09529e+16	1.25176e+16	1.46898e+16	2.86484e+16	3.09706e+17	4.54043e+17	3.49598	3.30882	3.30882	3.30882	3.30882	3.30882	3.30882	3.30882	3.30882	3.30882	3.30882	3.28138	2.99678	4.68986	4.68986	
147890	6.8573e+17	2.78689e+17	1.21955e+17	7.71619e+16	1.54324e+17	2.31486e+17	3.08648e+17	3.8581e+17	4.62972e+17	5.40133e+17	6.17295e+17	6.93396e+17	7.50502e+17	3.35207e+17	8.60033e+15	6.1752e+15	5.65108e+15	2.47293e+15	1.56464e+15	3.12928e+15	4.69393e+15	6.25857e+15	7.82321e+15	9.38785e+15	1.09525e+16	1.25171e+16	1.46944e+16	2.86036e+16	3.09706e+17	4.54043e+17	3.49779	3.31093	3.31093	3.31093	3.31093	3.31093	3.31093	3.31093	3.31093	3.31093	3.31093	3.28341	2.99783	4.68986	4.68986	
148140	6.85731e+17	2.78689e+17	1.21955e+17	7.7162e+16	1.54324e+17	2.31486e+17	3.08648e+17	3.8581e+17	4.62972e+17	5.40134e+17	6.17296e+17	6.93388e+17	7.50571e+17	3.35207e+17	8.60033e+15	6.17505e+15	5.65089e+15	2.47284e+15	1.56459e+15	3.12918e+15	4.69377e+15	6.25835e+15	7.82294e+15	9.38753e+15	1.09521e+16	1.25167e+16	1.46989e+16	2.85601e+16	3.09706e+17	4.54043e+17	3.49959	3.31303	3.31303	3.31303	3.31303	3.31303	3.31303	3.31303	3.31303	3.31303	3.31303	3.28544	2.99889	4.68986	4.68986	
148391	6.85731e+17	2.7869e+17	1.21955e+17	7.71621e+16	1.54324e+17	2.31486e+17	3.08648e+17	3.8581e+17	4.62973e+17	5.40135e+17	6.17297e+17	6.93381e+17	7.50638e+17	3.35207e+17	8.60033e+15	6.17489e+15	5.6507e+15	2.47276e+15	1.56454e+15	3.12907e+15	4.69361e+15	6.25814e+15	7.82268e+15	9.38721e+15	1.09517e+16	1.25163e+16	1.47034e+16	2.85175e+16	3.09706e+17	4.54043e+17	3.50139	3.31513	3.31513	3.31513	3.31513	3.31513	3.31513	3.31513	3.31513	3.31513	3.31513	3.28747	2.99998	4.68986	4.68986	
148641	6.85731e+17	2.7869e+17	1.21955e+17	7.71622e+16	1.54324e+17	2.31487e+17	3.08649e+17	3.85811e+17	4.62973e+17	5.40135e+17	6.17297e+17	6.93373e+17	7.50704e+17	3.35207e+17	8.60033e+15	6.17474e+15	5.65051e+15	2.47268e+15	1.56448e+15	3.12897e+15	4.69345e+15	6.25793e+15	7.82241e+15	9.3869e+15	1.09514e+16	1.25159e+16	1.4708e+16	2.8476e+16	3.09706e+17	4.54043e+17	3.50319	3.31723	3.31723	3.31723	3.31723	3.31723	3.31723	3.31723	3.31723	3.31723	3.31723	3.28948	3.00108	4.68986	4.68986	
148892	6.85731e+17	2.7869e+17	1.21956e+17	7.71623e+16	1.54325e+17	2.31487e+17	3.08649e+17	3.85811e+17	4.62974e+17	5.40136e+17	6.17298e+17	6.93366e+17	7.50768e+17	3.35207e+17	8.60033e+15	6.17458e+15	5.65032e+15	2.47259e+15	1.56443e+15	3.12886e+15	4.69329e+15	6.25772e+15	7.82215e+15	9.38658e+15	1.0951e+16	1.25154e+16	1.47125e+16	2.84354e+16	3.09706e+17	4.54043e+17	3.50499	3.31932	3.31932	3.31932	3.31932	3.31932	3.31932	3.31932	3.31932	3.31932	3.31932	3.29151	3.00221	4.68986	4.68986	
149143	6.85732e+17	2.7869e+17	1.21956e+17	7.71623e+16	1.54325e+17	2.31487e+17	3.08649e+17	3.85812e+17	4.62974e+17	5.40136e+17	6.17299e+17	6.93359e+17	7.50831e+17	3.35206e+17	8.60033e+15	6.17443e+15	5.65013e+15	2.47251e+15	1.56438e+15	3.12875e+15	4.69313e+15	6.25751e+15	7.82188e+15	9.38626e+15	1.09506e+16	1.2515e+16	1.4717e+16	2.83959e+16	3.09706e+17	4.54043e+17	3.50679	3.32142	3.32142	3.32142	3.32142	3.32142	3.32142	3.32142	3.32142	3.32142	3.32142	3.29353	3.00336	4.68986	4.68986	
149394	6.85732e+17	2.78691e+17	1.21956e+17	7.71624e+16	1.54325e+17	2.31487e+17	3.0865e+17	3.85812e+17	4.62975e+17	5.40137e+17	6.17299e+17	6.93351e+17	7.50891e+17	3.35206e+17	8.60033e+15	6.17428e+15	5.64994e+15	2.47243e+15	1.56432e+15	3.12865e+15	4.69297e+15	6.2573e+15	7.82162e+15	9.38595e+15	1.09503e+16	1.25146e+16	1.47215e+16	2.83574e+16	3.09706e+17	4.54043e+17	3.50858	3.3235	3.3235	3.3235	3.3235	3.3235	3.3235	3.3235	3.3235	3.3235	3.3235	3.29554	3.00452	4.68986	4.68986	
149644	6.85732e+17	2.78691e+17	1.21956e+17	7.71625e+16	1.54325e+17	2.31488e+17	3.0865e+17	3.85813e+17	4.62975e+17	5.40138e+17	6.173e+17	6.93344e+17	7.50951e+17	3.35206e+17	8.60033e+15	6.17412e+15	5.64975e+15	2.47234e+15	1.56427e+15	3.12854e+15	4.69282e+15	6.25709e+15	7.82136e+15	9.38563e+15	1.09499e+16	1.25142e+16	1.4726e+16	2.83199e+16	3.09706e+17	4.54043e+17	3.51036	3.32559	3.32559	3.32559	3.32559	3.32559	3.32559	3.32559	3.32559	3.32559	3.32559	3.29755	3.00571	4.68986	4.68986	
149895	6.85733e+17	2.78691e+17	1.21956e+17	7.71626e+16	1.54325e+17	2.31488e+17	3.0865e+17	3.85813e+17	4.62976e+17	5.40138e+17	6.17301e+17	6.93337e+17	7.51009e+17	3.35206e+17	8.60033e+15	6.17397e+15	5.64956e+15	2.47226e+15	1.56422e+15	3.12844e+15	4.69266e+15	6.25688e+15	7.8211e+15	9.38532e+15	1.09495e+16	1.25138e+16	1.47305e+16	2.82833e+16	3.09706e+17	4.54043e+17	3.51215	3.32767	3.32767	3.32767	3.32767	3.32767	3.32767	3.32767	3.32767	3.32767	3.32767	3.29956	3.00691	4.68986	4.68986	
150147	6.85733e+17	2.78692e+17	1.21956e+17	7.71627e+16	1.54325e+17	2.31488e+17	3.08651e+17	3.85813e+17	4.62976e+17	5.40139e+17	6.17302e+17	6.93329e+17	7.51065e+17	3.35206e+17	8.60033e+15	6.17382e+15	5.64937e+15	2.47218e+15	1.56417e+15	3.12834e+15	4.6925e+15	6.25667e+15	7.82084e+15	9.38501e+15	1.09492e+16	1.25133e+16	1.47349e+16	2.82477e+16	3.09706e+17	4.54043e+17	3.51394	3.32975	3.32975	3.32975	3.32975	3.32975	3.32975	3.32975	3.32975	3.32975	3.32975	3.30157	3.00813	4.68986	4.68986	
150397	6.85733e+17	2.78692e+17	1.21956e+17	7.71628e+16	1.54326e+17	2.31488e+17	3.08651e+17	3.85814e+17	4.62977e+17	5.40139e+17	6.17302e+17	6.93322e+17	7.5112e+17	3.35206e+17	8.60033e+15	6.17367e+15	5.64918e+15	2.4721e+15	1.56412e+15	3.12823e+15	4.69235e+15	6.25646e+15	7.82058e+15	9.38469e+15	1.09488e+16	1.25129e+16	1.47394e+16	2.82131e+16	3.09706e+17	4.54043e+17	3.51571	3.33182	3.33182	3.33182	3.33182	3.33182	3.33182	3.33182	3.33182	3.33182	3.33182	3.30356	3.00936	4.68986	4.68986	
150648	6.85733e+17	2.78692e+17	1.21956e+17	7.71629e+16	1.54326e+17	2.31489e+17	3.08651e+17	3.85814e+17	4.62977e+17	5.4014e+17	6.17303e+17	6.93315e+17	7.51173e+17	3.35206e+17	8.60033e+15	6.17352e+15	5.649e+15	2.47202e+15	1.56406e+15	3.12813e+15	4.69219e+15	6.25626e+15	7.82032e+15	9.38438e+15	1.09484e+16	1.25125e+16	1.47439e+16	2.81795e+16	3.09706e+17	4.54043e+17	3.51749	3.33389	3.33389	3.33389	3.33389	3.33389	3.33389	3.33389	3.33389	3.33389	3.33389	3.30556	3.01062	4.68986	4.68986	
150899	6.85734e+17	2.78693e+17	1.21957e+17	7.71629e+16	1.54326e+17	2.31489e+17	3.08652e+17	3.85815e+17	4.62978e+17	5.40141e+17	6.17304e+17	6.93308e+17	7.51225e+17	3.35206e+17	8.60033e+15	6.17337e+15	5.64881e+15	2.47193e+15	1.56401e+15	3.12803e+15	4.69204e+15	6.25605e+15	7.82006e+15	9.38408e+15	1.09481e+16	1.25121e+16	1.47483e+16	2.81467e+16	3.09706e+17	4.54043e+17	3.51927	3.33596	3.33596	3.33596	3.33596	3.33596	3.33596	3.33596	3.33596	3.33596	3.33596	3.30756	3.01189	4.68986	4.68986	
151150	6.85734e+17	2.78693e+17	1.21957e+17	7.7163e+16	1.54326e+17	2.31489e+17	3.08652e+17	3.85815e+17	4.62978e+17	5.40141e+17	6.17304e+17	6.933e+17	7.51275e+17	3.35206e+17	8.60033e+15	6.17322e+15	5.64862e+15	2.47185e+15	1.56396e+15	3.12792e+15	4.69188e+15	6.25584e+15	7.81981e+15	9.38377e+15	1.09477e+16	1.25117e+16	1.47528e+16	2.81148e+16	3.09706e+17	4.54043e+17	3.52104	3.33803	3.33803	3.33803	3.33803	3.33803	3.33803	3.33803	3.33803	3.33803	3.33803	3.30956	3.01318	4.68986	4.68986	
151401	6.85734e+17	2.78693e+17	1.21957e+17	7.71631e+16	1.54326e+17	2.31489e+17	3.08652e+17	3.85816e+17	4.62979e+17	5.40142e+17	6.17305e+17	6.93293e+17	7.51324e+17	3.35206e+17	8.60033e+15	6.17307e+15	5.64844e+15	2.47177e+15	1.56391e+15	3.12782e+15	4.69173e+15	6.25564e+15	7.81955e+15	9.38346e+15	1.09474e+16	1.25113e+16	1.47572e+16	2.80838e+16	3.09706e+17	4.54043e+17	3.52281	3.3401	3.3401	3.3401	3.3401	3.3401	3.3401	3.3401	3.3401	3.3401	3.3401	3.31155	3.01448	4.68986	4.68986	
151651	6.85734e+17	2.78693e+17	1.21957e+17	7.71632e+16	1.54326e+17	2.3149e+17	3.08653e+17	3.85816e+17	4.62979e+17	5.40142e+17	6.17306e+17	6.93286e+17	7.51371e+17	3.35206e+17	8.60033e+15	6.17292e+15	5.64825e+15	2.47169e+15	1.56386e+15	3.12772e+15	4.69158e+15	6.25544e+15	7.81929e+15	9.38315e+15	1.0947e+16	1.25109e+16	1.47617e+16	2.80538e+16	3.09706e+17	4.54043e+17	3.52458	3.34215	3.34215	3.34215	3.34215	3.34215	3.34215	3.34215	3.34215	3.34215	3.34215	3.31353	3.01579	4.68986	4.68986	
151902	6.85735e+17	2.78694e+17	1.21957e+17	7.71633e+16	1.54327e+17	2.3149e+17	3.08653e+17	3.85816e+17	4.6298e+17	5.40143e+17	6.17306e+17	6.93279e+17	7.51417e+17	3.35206e+17	8.60033e+15	6.17278e+15	5.64807e+15	2.47161e+15	1.56381e+15	3.12762e+15	4.69142e+15	6.25523e+15	7.81904e+15	9.38285e+15	1.09467e+16	1.25105e+16	1.47661e+16	2.80246e+16	3.09706e+17	4.54043e+17	3.52634	3.34421	3.34421	3.34421	3.34421	3.34421	3.34421	3.34421	3.34421	3.34421	3.34421	3.31552	3.01712	4.68986	4.68986	
152152	6.85735e+17	2.78694e+17	1.21957e+17	7.71634e+16	1.54327e+17	2.3149e+17	3.08653e+17	3.85817e+17	4.6298e+17	5.40143e+17	6.17307e+17	6.93271e+17	7.51462e+17	3.35206e+17	8.60033e+15	6.17263e+15	5.64789e+15	2.47153e+15	1.56376e+15	3.12751e+15	4.69127e+15	6.25503e+15	7.81879e+15	9.38254e+15	1.09463e+16	1.25101e+16	1.47705e+16	2.79963e+16	3.09706e+17	4.54043e+17	3.5281	3.34625	3.34625	3.34625	3.34625	3.34625	3.34625	3.34625	3.34625	3.34625	3.34625	3.3175	3.01847	4.68986	4.68986	
152404	6.85735e+17	2.78694e+17	1.21957e+17	7.71634e+16	1.54327e+17	2.3149e+17	3.08654e+17	3.85817e+17	4.62981e+17	5.40144e+17	6.17307e+17	6.93264e+17	7.51505e+17	3.35206e+17	8.60033e+15	6.17248e+15	5.6477e+15	2.47145e+15	1.56371e+15	3.12741e+15	4.69112e+15	6.25483e+15	7.81853e+15	9.38224e+15	1.09459e+16	1.25097e+16	1.47749e+16	2.79688e+16	3.09706e+17	4.54043e+17	3.52986	3.34831	3.34831	3.34831	3.34831	3.34831	3.34831	3.34831	3.34831	3.34831	3.34831	3.31948	3.01983	4.68986	4.68986	
152655	6.85736e+17	2.78695e+17	1.21958e+17	7.71635e+16	1.54327e+17	2.31491e+17	3.08654e+17	3.85818e+17	4.62981e+17	5.40145e+17	6.17308e+17	6.93257e+17	7.51548e+17	3.35206e+17	8.60033e+15	6.17234e+15	5.64752e+15	2.47137e+15	1.56366e+15	3.12731e+15	4.69097e+15	6.25462e+15	7.81828e+15	9.38194e+15	1.09456e+16	1.25092e+16	1.47793e+16	2.79422e+16	3.09706e+17	4.54043e+17	3.53162	3.35035	3.35035	3.35035	3.35035	3.35035	3.35035	3.35035	3.35035	3.35035	3.35035	3.32146	3.0212	4.68986	4.68986	
152906	6.85736e+17	2.78695e+17	1.21958e+17	7.71636e+16	1.54327e+17	2.31491e+17	3.08654e+17	3.85818e+17	4.62982e+17	5.40145e+17	6.17309e+17	6.9325e+17	7.51588e+17	3.35206e+17	8.60033e+15	6.17219e+15	5.64734e+15	2.47129e+15	1.56361e+15	3.12721e+15	4.69082e+15	6.25442e+15	7.81803e+15	9.38164e+15	1.09452e+16	1.25088e+16	1.47837e+16	2.79164e+16	3.09706e+17	4.54043e+17	3.53337	3.3524	3.3524	3.3524	3.3524	3.3524	3.3524	3.3524	3.3524	3.3524	3.3524	3.32343	3.02259	4.68986	4.68986	
153156	6.85736e+17	2.78695e+17	1.21958e+17	7.71637e+16	1.54327e+17	2.31491e+17	3.08655e+17	3.85818e+17	4.62982e+17	5.40146e+17	6.17309e+17	6.93243e+17	7.51628e+17	3.35206e+17	8.60033e+15	6.17205e+15	5.64716e+15	2.47121e+15	1.56356e+15	3.12711e+15	4.69067e+15	6.25422e+15	7.81778e+15	9.38134e+15	1.09449e+16	1.25084e+16	1.47881e+16	2.78914e+16	3.09706e+17	4.54043e+17	3.53512	3.35443	3.35443	3.35443	3.35443	3.35443	3.35443	3.35443	3.35443	3.35443	3.35443	3.3254	3.02399	4.68986	4.68986	
153407	6.85736e+17	2.78696e+17	1.21958e+17	7.71638e+16	1.54328e+17	2.31491e+17	3.08655e+17	3.85819e+17	4.62983e+17	5.40146e+17	6.1731e+17	6.93236e+17	7.51666e+17	3.35206e+17	8.60033e+15	6.1719e+15	5.64698e+15	2.47113e+15	1.56351e+15	3.12701e+15	4.69052e+15	6.25402e+15	7.81753e+15	9.38104e+15	1.09445e+16	1.2508e+16	1.47925e+16	2.78672e+16	3.09706e+17	4.54043e+17	3.53687	3.35647	3.35647	3.35647	3.35647	3.35647	3.35647	3.35647	3.35647	3.35647	3.35647	3.32737	3.02541	4.68986	4.68986	
153659	6.85737e+17	2.78696e+17	1.21958e+17	7.71638e+16	1.54328e+17	2.31492e+17	3.08655e+17	3.85819e+17	4.62983e+17	5.40147e+17	6.17311e+17	6.93228e+17	7.51703e+17	3.35206e+17	8.60033e+15	6.17176e+15	5.6468e+15	2.47105e+15	1.56346e+15	3.12691e+15	4.69037e+15	6.25382e+15	7.81728e+15	9.38074e+15	1.09442e+16	1.25076e+16	1.47969e+16	2.78437e+16	3.09706e+17	4.54043e+17	3.53862	3.35851	3.35851	3.35851	3.35851	3.35851	3.35851	3.35851	3.35851	3.35851	3.35851	3.32934	3.02683	4.68986	4.68986	
153909	6.85737e+17	2.78696e+17	1.21958e+17	7.71639e+16	1.54328e+17	2.31492e+17	3.08656e+17	3.8582e+17	4.62984e+17	5.40147e+17	6.17311e+17	6.93221e+17	7.51738e+17	3.35206e+17	8.60033e+15	6.17161e+15	5.64662e+15	2.47098e+15	1.56341e+15	3.12681e+15	4.69022e+15	6.25363e+15	7.81703e+15	9.38044e+15	1.09438e+16	1.25073e+16	1.48013e+16	2.78211e+16	3.09706e+17	4.54043e+17	3.54036	3.36053	3.36053	3.36053	3.36053	3.36053	3.36053	3.36053	3.36053	3.36053	3.36053	3.3313	3.02827	4.68986	4.68986	
154160	6.85737e+17	2.78696e+17	1.21958e+17	7.7164e+16	1.54328e+17	2.31492e+17	3.08656e+17	3.8582e+17	4.62984e+17	5.40148e+17	6.17312e+17	6.93214e+17	7.51773e+17	3.35206e+17	8.60033e+15	6.17147e+15	5.64644e+15	2.4709e+15	1.56336e+15	3.12671e+15	4.69007e+15	6.25343e+15	7.81679e+15	9.38014e+15	1.09435e+16	1.25069e+16	1.48057e+16	2.77993e+16	3.09706e+17	4.54043e+17	3.5421	3.36256	3.36256	3.36256	3.36256	3.36256	3.36256	3.36256	3.36256	3.36256	3.36256	3.33325	3.02972	4.68986	4.68986	
154411	6.85737e+17	2.78697e+17	1.21958e+17	7.71641e+16	1.54328e+17	2.31492e+17	3.08656e+17	3.8582e+17	4.62984e+17	5.40149e+17	6.17313e+17	6.93207e+17	7.51806e+17	3.35206e+17	8.60033e+15	6.17133e+15	5.64626e+15	2.47082e+15	1.56331e+15	3.12662e+15	4.68992e+15	6.25323e+15	7.81654e+15	9.37985e+15	1.09432e+16	1.25065e+16	1.481e+16	2.77782e+16	3.09706e+17	4.54043e+17	3.54384	3.36458	3.36458	3.36458	3.36458	3.36458	3.36458	3.36458	3.36458	3.36458	3.36458	3.33521	3.03118	4.68986	4.68986	
154662	6.85738e+17	2.78697e+17	1.21959e+17	7.71642e+16	1.54328e+17	2.31492e+17	3.08657e+17	3.85821e+17	4.62985e+17	5.40149e+17	6.17313e+17	6.932e+17	7.51838e+17	3.35206e+17	8.60033e+15	6.17119e+15	5.64609e+15	2.47074e+15	1.56326e+15	3.12652e+15	4.68978e+15	6.25303e+15	7.81629e+15	9.37955e+15	1.09428e+16	1.25061e+16	1.48144e+16	2.77578e+16	3.09706e+17	4.54043e+17	3.54557	3.36661	3.36661	3.36661	3.36661	3.36661	3.36661	3.36661	3.36661	3.36661	3.36661	3.33717	3.03266	4.68986	4.68986	
154914	6.85738e+17	2.78697e+17	1.21959e+17	7.71642e+16	1.54328e+17	2.31493e+17	3.08657e+17	3.85821e+17	4.62985e+17	5.4015e+17	6.17314e+17	6.93193e+17	7.51869e+17	3.35206e+17	8.60033e+15	6.17104e+15	5.64591e+15	2.47066e+15	1.56321e+15	3.12642e+15	4.68963e+15	6.25284e+15	7.81605e+15	9.37926e+15	1.09425e+16	1.25057e+16	1.48188e+16	2.77382e+16	3.09706e+17	4.54043e+17	3.54731	3.36863	3.36863	3.36863	3.36863	3.36863	3.36863	3.36863	3.36863	3.36863	3.36863	3.33912	3.03414	4.68986	4.68986	
155164	6.85738e+17	2.78698e+17	1.21959e+17	7.71643e+16	1.54329e+17	2.31493e+17	3.08657e+17	3.85822e+17	4.62986e+17	5.4015e+17	6.17315e+17	6.93186e+17	7.51899e+17	3.35206e+17	8.60033e+15	6.1709e+15	5.64573e+15	2.47059e+15	1.56316e+15	3.12632e+15	4.68948e+15	6.25264e+15	7.8158e+15	9.37896e+15	1.09421e+16	1.25053e+16	1.48231e+16	2.77193e+16	3.09706e+17	4.54043e+17	3.54903	3.37064	3.37064	3.37064	3.37064	3.37064	3.37064	3.37064	3.37064	3.37064	3.37064	3.34107	3.03563	4.68986	4.68986	
155415	6.85738e+17	2.78698e+17	1.21959e+17	7.71644e+16	1.54329e+17	2.31493e+17	3.08658e+17	3.85822e+17	4.62986e+17	5.40151e+17	6.17315e+17	6.93179e+17	7.51927e+17	3.35206e+17	8.60033e+15	6.17076e+15	5.64556e+15	2.47051e+15	1.56311e+15	3.12622e+15	4.68934e+15	6.25245e+15	7.81556e+15	9.37867e+15	1.09418e+16	1.25049e+16	1.48274e+16	2.77011e+16	3.09706e+17	4.54043e+17	3.55076	3.37265	3.37265	3.37265	3.37265	3.37265	3.37265	3.37265	3.37265	3.37265	3.37265	3.34301	3.03714	4.68986	4.68986	
155666	6.85739e+17	2.78698e+17	1.21959e+17	7.71645e+16	1.54329e+17	2.31493e+17	3.08658e+17	3.85822e+17	4.62987e+17	5.40151e+17	6.17316e+17	6.93172e+17	7.51955e+17	3.35206e+17	8.60033e+15	6.17062e+15	5.64538e+15	2.47043e+15	1.56306e+15	3.12613e+15	4.68919e+15	6.25226e+15	7.81532e+15	9.37838e+15	1.09414e+16	1.25045e+16	1.48318e+16	2.76836e+16	3.09706e+17	4.54043e+17	3.55248	3.37465	3.37465	3.37465	3.37465	3.37465	3.37465	3.37465	3.37465	3.37465	3.37465	3.34495	3.03865	4.68986	4.68986	
155917	6.85739e+17	2.78698e+17	1.21959e+17	7.71646e+16	1.54329e+17	2.31494e+17	3.08658e+17	3.85823e+17	4.62987e+17	5.40152e+17	6.17316e+17	6.93164e+17	7.51981e+17	3.35206e+17	8.60033e+15	6.17048e+15	5.64521e+15	2.47036e+15	1.56302e+15	3.12603e+15	4.68905e+15	6.25206e+15	7.81508e+15	9.37809e+15	1.09411e+16	1.25041e+16	1.48361e+16	2.76668e+16	3.09706e+17	4.54043e+17	3.55421	3.37666	3.37666	3.37666	3.37666	3.37666	3.37666	3.37666	3.37666	3.37666	3.37666	3.3469	3.04017	4.68986	4.68986	
156168	6.85739e+17	2.78699e+17	1.21959e+17	7.71646e+16	1.54329e+17	2.31494e+17	3.08659e+17	3.85823e+17	4.62988e+17	5.40152e+17	6.17317e+17	6.93157e+17	7.52006e+17	3.35206e+17	8.60033e+15	6.17034e+15	5.64503e+15	2.47028e+15	1.56297e+15	3.12593e+15	4.6889e+15	6.25187e+15	7.81484e+15	9.3778e+15	1.09408e+16	1.25037e+16	1.48404e+16	2.76507e+16	3.09706e+17	4.54043e+17	3.55593	3.37866	3.37866	3.37866	3.37866	3.37866	3.37866	3.37866	3.37866	3.37866	3.37866	3.34883	3.04171	4.68986	4.68986	
156419	6.85739e+17	2.78699e+17	1.21959e+17	7.71647e+16	1.54329e+17	2.31494e+17	3.08659e+17	3.85824e+17	4.62988e+17	5.40153e+17	6.17318e+17	6.9315e+17	7.52031e+17	3.35206e+17	8.60033e+15	6.17021e+15	5.64486e+15	2.47021e+15	1.56292e+15	3.12584e+15	4.68876e+15	6.25168e+15	7.8146e+15	9.37751e+15	1.09404e+16	1.25034e+16	1.48448e+16	2.76352e+16	3.09706e+17	4.54043e+17	3.55764	3.38066	3.38066	3.38066	3.38066	3.38066	3.38066	3.38066	3.38066	3.38066	3.38066	3.35077	3.04325	4.68986	4.68986	
156670	6.8574e+17	2.78699e+17	1.2196e+17	7.71648e+16	1.5433e+17	2.31494e+17	3.08659e+17	3.85824e+17	4.62989e+17	5.40153e+17	6.17318e+17	6.93143e+17	7.52054e+17	3.35206e+17	8.60033e+15	6.17007e+15	5.64469e+15	2.47013e+15	1.56287e+15	3.12574e+15	4.68861e+15	6.25149e+15	7.81436e+15	9.37723e+15	1.09401e+16	1.2503e+16	1.48491e+16	2.76204e+16	3.09706e+17	4.54043e+17	3.55936	3.38265	3.38265	3.38265	3.38265	3.38265	3.38265	3.38265	3.38265	3.38265	3.38265	3.3527	3.0448	4.68986	4.68986	
156921	6.8574e+17	2.787e+17	1.2196e+17	7.71649e+16	1.5433e+17	2.31495e+17	3.08659e+17	3.85824e+17	4.62989e+17	5.40154e+17	6.17319e+17	6.93136e+17	7.52076e+17	3.35206e+17	8.60033e+15	6.16993e+15	5.64451e+15	2.47005e+15	1.56282e+15	3.12565e+15	4.68847e+15	6.25129e+15	7.81412e+15	9.37694e+15	1.09398e+16	1.25026e+16	1.48534e+16	2.76063e+16	3.09706e+17	4.54043e+17	3.56107	3.38465	3.38465	3.38465	3.38465	3.38465	3.38465	3.38465	3.38465	3.38465	3.38465	3.35463	3.04636	4.68986	4.68986	
157173	6.8574e+17	2.787e+17	1.2196e+17	7.71649e+16	1.5433e+17	2.31495e+17	3.0866e+17	3.85825e+17	4.6299e+17	5.40155e+17	6.1732e+17	6.93129e+17	7.52097e+17	3.35206e+17	8.60033e+15	6.16979e+15	5.64434e+15	2.46998e+15	1.56278e+15	3.12555e+15	4.68833e+15	6.2511e+15	7.81388e+15	9.37666e+15	1.09394e+16	1.25022e+16	1.48577e+16	2.75927e+16	3.09706e+17	4.54043e+17	3.56278	3.38664	3.38664	3.38664	3.38664	3.38664	3.38664	3.38664	3.38664	3.38664	3.38664	3.35656	3.04793	4.68986	4.68986	
157423	6.8574e+17	2.787e+17	1.2196e+17	7.7165e+16	1.5433e+17	2.31495e+17	3.0866e+17	3.85825e+17	4.6299e+17	5.40155e+17	6.1732e+17	6.93122e+17	7.52117e+17	3.35206e+17	8.60033e+15	6.16966e+15	5.64417e+15	2.4699e+15	1.56273e+15	3.12546e+15	4.68819e+15	6.25091e+15	7.81364e+15	9.37637e+15	1.09391e+16	1.25018e+16	1.4862e+16	2.75798e+16	3.09706e+17	4.54043e+17	3.56448	3.38862	3.38862	3.38862	3.38862	3.38862	3.38862	3.38862	3.38862	3.38862	3.38862	3.35848	3.04951	4.68986	4.68986	
157674	6.85741e+17	2.787e+17	1.2196e+17	7.71651e+16	1.5433e+17	2.31495e+17	3.0866e+17	3.85825e+17	4.62991e+17	5.40156e+17	6.17321e+17	6.93115e+17	7.52137e+17	3.35206e+17	8.60033e+15	6.16952e+15	5.644e+15	2.46983e+15	1.56268e+15	3.12536e+15	4.68804e+15	6.25073e+15	7.81341e+15	9.37609e+15	1.09388e+16	1.25015e+16	1.48663e+16	2.75676e+16	3.09706e+17	4.54043e+17	3.56619	3.3906	3.3906	3.3906	3.3906	3.3906	3.3906	3.3906	3.3906	3.3906	3.3906	3.3604	3.05109	4.68986	4.68986	
157926	6.85741e+17	2.78701e+17	1.2196e+17	7.71652e+16	1.5433e+17	2.31496e+17	3.08661e+17	3.85826e+17	4.62991e+17	5.40156e+17	6.17321e+17	6.93108e+17	7.52155e+17	3.35206e+17	8.60033e+15	6.16938e+15	5.64383e+15	2.46975e+15	1.56263e+15	3.12527e+15	4.6879e+15	6.25054e+15	7.81317e+15	9.3758e+15	1.09384e+16	1.25011e+16	1.48706e+16	2.75559e+16	3.09706e+17	4.54043e+17	3.56789	3.39258	3.39258	3.39258	3.39258	3.39258	3.39258	3.39258	3.39258	3.39258	3.39258	3.36232	3.05269	4.68986	4.68986	
158177	6.85741e+17	2.78701e+17	1.2196e+17	7.71652e+16	1.5433e+17	2.31496e+17	3.08661e+17	3.85826e+17	4.62991e+17	5.40157e+17	6.17322e+17	6.93101e+17	7.52172e+17	3.35206e+17	8.60033e+15	6.16925e+15	5.64366e+15	2.46968e+15	1.56259e+15	3.12517e+15	4.68776e+15	6.25035e+15	7.81294e+15	9.37552e+15	1.09381e+16	1.25007e+16	1.48749e+16	2.75448e+16	3.09706e+17	4.54043e+17	3.56959	3.39456	3.39456	3.39456	3.39456	3.39456	3.39456	3.39456	3.39456	3.39456	3.39456	3.36424	3.05429	4.68986	4.68986	
158428	6.85741e+17	2.78701e+17	1.2196e+17	7.71653e+16	1.54331e+17	2.31496e+17	3.08661e+17	3.85827e+17	4.62992e+17	5.40157e+17	6.17323e+17	6.93094e+17	7.52189e+17	3.35206e+17	8.60033e+15	6.16911e+15	5.64349e+15	2.46961e+15	1.56254e+15	3.12508e+15	4.68762e+15	6.25016e+15	7.8127e+15	9.37524e+15	1.09378e+16	1.25003e+16	1.48792e+16	2.75343e+16	3.09706e+17	4.54043e+17	3.57129	3.39654	3.39654	3.39654	3.39654	3.39654	3.39654	3.39654	3.39654	3.39654	3.39654	3.36615	3.0559	4.68986	4.68986	
158679	6.85742e+17	2.78701e+17	1.2196e+17	7.71654e+16	1.54331e+17	2.31496e+17	3.08662e+17	3.85827e+17	4.62992e+17	5.40158e+17	6.17323e+17	6.93087e+17	7.52204e+17	3.35206e+17	8.60033e+15	6.16898e+15	5.64332e+15	2.46953e+15	1.56249e+15	3.12499e+15	4.68748e+15	6.24997e+15	7.81247e+15	9.37496e+15	1.09375e+16	1.24999e+16	1.48834e+16	2.75243e+16	3.09706e+17	4.54043e+17	3.57298	3.39851	3.39851	3.39851	3.39851	3.39851	3.39851	3.39851	3.39851	3.39851	3.39851	3.36806	3.05751	4.68986	4.68986	
158930	6.85742e+17	2.78702e+17	1.21961e+17	7.71655e+16	1.54331e+17	2.31496e+17	3.08662e+17	3.85827e+17	4.62993e+17	5.40158e+17	6.17324e+17	6.9308e+17	7.52219e+17	3.35206e+17	8.60033e+15	6.16885e+15	5.64316e+15	2.46946e+15	1.56245e+15	3.12489e+15	4.68734e+15	6.24979e+15	7.81224e+15	9.37468e+15	1.09371e+16	1.24996e+16	1.48877e+16	2.7515e+16	3.09706e+17	4.54043e+17	3.57467	3.40047	3.40047	3.40047	3.40047	3.40047	3.40047	3.40047	3.40047	3.40047	3.40047	3.36997	3.05913	4.68986	4.68986	
159181	6.85742e+17	2.78702e+17	1.21961e+17	7.71655e+16	1.54331e+17	2.31497e+17	3.08662e+17	3.85828e+17	4.62993e+17	5.40159e+17	6.17324e+17	6.93073e+17	7.52232e+17	3.35206e+17	8.60033e+15	6.16871e+15	5.64299e+15	2.46939e+15	1.5624e+15	3.1248e+15	4.6872e+15	6.2496e+15	7.812e+15	9.37441e+15	1.09368e+16	1.24992e+16	1.48919e+16	2.75062e+16	3.09706e+17	4.54043e+17	3.57635	3.40243	3.40243	3.40243	3.40243	3.40243	3.40243	3.40243	3.40243	3.40243	3.40243	3.37187	3.06076	4.68986	4.68986	
159432	6.85742e+17	2.78702e+17	1.21961e+17	7.71656e+16	1.54331e+17	2.31497e+17	3.08662e+17	3.85828e+17	4.62994e+17	5.40159e+17	6.17325e+17	6.93066e+17	7.52245e+17	3.35206e+17	8.60033e+15	6.16858e+15	5.64282e+15	2.46931e+15	1.56235e+15	3.12471e+15	4.68706e+15	6.24942e+15	7.81177e+15	9.37413e+15	1.09365e+16	1.24988e+16	1.48962e+16	2.74979e+16	3.09706e+17	4.54043e+17	3.57804	3.4044	3.4044	3.4044	3.4044	3.4044	3.4044	3.4044	3.4044	3.4044	3.4044	3.37377	3.06239	4.68986	4.68986	
159684	6.85743e+17	2.78703e+17	1.21961e+17	7.71657e+16	1.54331e+17	2.31497e+17	3.08663e+17	3.85828e+17	4.62994e+17	5.4016e+17	6.17326e+17	6.9306e+17	7.52257e+17	3.35206e+17	8.60033e+15	6.16845e+15	5.64266e+15	2.46924e+15	1.56231e+15	3.12462e+15	4.68693e+15	6.24923e+15	7.81154e+15	9.37385e+15	1.09362e+16	1.24985e+16	1.49005e+16	2.74902e+16	3.09706e+17	4.54043e+17	3.57972	3.40636	3.40636	3.40636	3.40636	3.40636	3.40636	3.40636	3.40636	3.40636	3.40636	3.37567	3.06404	4.68986	4.68986	
159935	6.85743e+17	2.78703e+17	1.21961e+17	7.71658e+16	1.54332e+17	2.31497e+17	3.08663e+17	3.85829e+17	4.62995e+17	5.4016e+17	6.17326e+17	6.93053e+17	7.52268e+17	3.35206e+17	8.60033e+15	6.16832e+15	5.64249e+15	2.46917e+15	1.56226e+15	3.12453e+15	4.68679e+15	6.24905e+15	7.81131e+15	9.37358e+15	1.09358e+16	1.24981e+16	1.49047e+16	2.7483e+16	3.09706e+17	4.54043e+17	3.5814	3.40831	3.40831	3.40831	3.40831	3.40831	3.40831	3.40831	3.40831	3.40831	3.40831	3.37757	3.06568	4.68986	4.68986	
160185	6.85743e+17	2.78703e+17	1.21961e+17	7.71658e+16	1.54332e+17	2.31498e+17	3.08663e+17	3.85829e+17	4.62995e+17	5.40161e+17	6.17327e+17	6.93046e+17	7.52278e+17	3.35206e+17	8.60033e+15	6.16819e+15	5.64232e+15	2.4691e+15	1.56222e+15	3.12443e+15	4.68665e+15	6.24887e+15	7.81109e+15	9.3733e+15	1.09355e+16	1.24977e+16	1.4909e+16	2.74763e+16	3.09706e+17	4.54043e+17	3.58308	3.41026	3.41026	3.41026	3.41026	3.41026	3.41026	3.41026	3.41026	3.41026	3.41026	3.37946	3.06733	4.68986	4.68986	
160437	6.85743e+17	2.78703e+17	1.21961e+17	7.71659e+16	1.54332e+17	2.31498e+17	3.08664e+17	3.8583e+17	4.62996e+17	5.40161e+17	6.17327e+17	6.93039e+17	7.52288e+17	3.35206e+17	8.60033e+15	6.16805e+15	5.64216e+15	2.46902e+15	1.56217e+15	3.12434e+15	4.68651e+15	6.24869e+15	7.81086e+15	9.37303e+15	1.09352e+16	1.24974e+16	1.49132e+16	2.74701e+16	3.09705e+17	4.54043e+17	3.58476	3.41221	3.41221	3.41221	3.41221	3.41221	3.41221	3.41221	3.41221	3.41221	3.41221	3.38135	3.06899	4.68986	4.68986	
160688	6.85744e+17	2.78704e+17	1.21961e+17	7.7166e+16	1.54332e+17	2.31498e+17	3.08664e+17	3.8583e+17	4.62996e+17	5.40162e+17	6.17328e+17	6.93032e+17	7.52297e+17	3.35206e+17	8.60033e+15	6.16792e+15	5.642e+15	2.46895e+15	1.56213e+15	3.12425e+15	4.68638e+15	6.2485e+15	7.81063e+15	9.37276e+15	1.09349e+16	1.2497e+16	1.49175e+16	2.74644e+16	3.09705e+17	4.54043e+17	3.58643	3.41416	3.41416	3.41416	3.41416	3.41416	3.41416	3.41416	3.41416	3.41416	3.41416	3.38324	3.07066	4.68986	4.68986	
160939	6.85744e+17	2.78704e+17	1.21962e+17	7.71661e+16	1.54332e+17	2.31498e+17	3.08664e+17	3.8583e+17	4.62996e+17	5.40162e+17	6.17329e+17	6.93025e+17	7.52305e+17	3.35206e+17	8.60033e+15	6.16779e+15	5.64183e+15	2.46888e+15	1.56208e+15	3.12416e+15	4.68624e+15	6.24832e+15	7.8104e+15	9.37248e+15	1.09346e+16	1.24966e+16	1.49217e+16	2.74592e+16	3.09705e+17	4.54043e+17	3.5881	3.4161	3.4161	3.4161	3.4161	3.4161	3.4161	3.4161	3.4161	3.4161	3.4161	3.38513	3.07232	4.68986	4.68986	
161190	6.85744e+17	2.78704e+17	1.21962e+17	7.71661e+16	1.54332e+17	2.31498e+17	3.08665e+17	3.85831e+17	4.62997e+17	5.40163e+17	6.17329e+17	6.93018e+17	7.52312e+17	3.35206e+17	8.60033e+15	6.16767e+15	5.64167e+15	2.46881e+15	1.56204e+15	3.12407e+15	4.68611e+15	6.24814e+15	7.81018e+15	9.37221e+15	1.09342e+16	1.24963e+16	1.49259e+16	2.74545e+16	3.09705e+17	4.54043e+17	3.58977	3.41804	3.41804	3.41804	3.41804	3.41804	3.41804	3.41804	3.41804	3.41804	3.41804	3.38701	3.074	4.68986	4.68986	
161442	6.85744e+17	2.78704e+17	1.21962e+17	7.71662e+16	1.54332e+17	2.31499e+17	3.08665e+17	3.85831e+17	4.62997e+17	5.40163e+17	6.1733e+17	6.93011e+17	7.52318e+17	3.35206e+17	8.60033e+15	6.16754e+15	5.64151e+15	2.46874e+15	1.56199e+15	3.12398e+15	4.68597e+15	6.24796e+15	7.80995e+15	9.37194e+15	1.09339e+16	1.24959e+16	1.49301e+16	2.74503e+16	3.09705e+17	4.54043e+17	3.59143	3.41998	3.41998	3.41998	3.41998	3.41998	3.41998	3.41998	3.41998	3.41998	3.41998	3.38889	3.07568	4.68986	4.68986	
161693	6.85745e+17	2.78705e+17	1.21962e+17	7.71663e+16	1.54333e+17	2.31499e+17	3.08665e+17	3.85831e+17	4.62998e+17	5.40164e+17	6.1733e+17	6.93004e+17	7.52324e+17	3.35206e+17	8.60033e+15	6.16741e+15	5.64134e+15	2.46867e+15	1.56195e+15	3.12389e+15	4.68584e+15	6.24778e+15	7.80973e+15	9.37167e+15	1.09336e+16	1.24956e+16	1.49344e+16	2.74465e+16	3.09705e+17	4.54043e+17	3.5931	3.42192	3.42192	3.42192	3.42192	3.42192	3.42192	3.42192	3.42192	3.42192	3.42192	3.39077	3.07736	4.68986	4.68986	
161945	6.85745e+17	2.78705e+17	1.21962e+17	7.71664e+16	1.54333e+17	2.31499e+17	3.08665e+17	3.85832e+17	4.62998e+17	5.40164e+17	6.17331e+17	6.92997e+17	7.52329e+17	3.35206e+17	8.60033e+15	6.16728e+15	5.64118e+15	2.4686e+15	1.5619e+15	3.1238e+15	4.6857e+15	6.2476e+15	7.80951e+15	9.37141e+15	1.09333e+16	1.24952e+16	1.49386e+16	2.74432e+16	3.09705e+17	4.54043e+17	3.59476	3.42385	3.42385	3.42385	3.42385	3.42385	3.42385	3.42385	3.42385	3.42385	3.42385	3.39265	3.07905	4.68986	4.68986	
162196	6.85745e+17	2.78705e+17	1.21962e+17	7.71664e+16	1.54333e+17	2.31499e+17	3.08666e+17	3.85832e+17	4.62999e+17	5.40165e+17	6.17331e+17	6.92991e+17	7.52333e+17	3.35206e+17	8.60033e+15	6.16715e+15	5.64102e+15	2.46853e+15	1.56186e+15	3.12371e+15	4.68557e+15	6.24743e+15	7.80928e+15	9.37114e+15	1.0933e+16	1.24949e+16	1.49428e+16	2.74403e+16	3.09705e+17	4.54043e+17	3.59641	3.42578	3.42578	3.42578	3.42578	3.42578	3.42578	3.42578	3.42578	3.42578	3.42578	3.39452	3.08074	4.68986	4.68986	
162447	6.85745e+17	2.78705e+17	1.21962e+17	7.71665e+16	1.54333e+17	2.31499e+17	3.08666e+17	3.85832e+17	4.62999e+17	5.40165e+17	6.17332e+17	6.92984e+17	7.52337e+17	3.35206e+17	8.60033e+15	6.16703e+15	5.64086e+15	2.46846e+15	1.56181e+15	3.12362e+15	4.68544e+15	6.24725e+15	7.80906e+15	9.37087e+15	1.09327e+16	1.24945e+16	1.4947e+16	2.74379e+16	3.09705e+17	4.54043e+17	3.59807	3.4277	3.4277	3.4277	3.4277	3.4277	3.4277	3.4277	3.4277	3.4277	3.4277	3.39639	3.08244	4.68986	4.68986	
162698	6.85745e+17	2.78706e+17	1.21962e+17	7.71666e+16	1.54333e+17	2.315e+17	3.08666e+17	3.85833e+17	4.62999e+17	5.40166e+17	6.17333e+17	6.92977e+17	7.52339e+17	3.35206e+17	8.60033e+15	6.1669e+15	5.6407e+15	2.46839e+15	1.56177e+15	3.12354e+15	4.6853e+15	6.24707e+15	7.80884e+15	9.37061e+15	1.09324e+16	1.24941e+16	1.49512e+16	2.74359e+16	3.09705e+17	4.54043e+17	3.59972	3.42962	3.42962	3.42962	3.42962	3.42962	3.42962	3.42962	3.42962	3.42962	3.42962	3.39825	3.08414	4.68986	4.68986	
162949	6.85746e+17	2.78706e+17	1.21962e+17	7.71666e+16	1.54333e+17	2.315e+17	3.08667e+17	3.85833e+17	4.63e+17	5.40166e+17	6.17333e+17	6.9297e+17	7.52342e+17	3.35206e+17	8.60033e+15	6.16677e+15	5.64054e+15	2.46832e+15	1.56172e+15	3.12345e+15	4.68517e+15	6.2469e+15	7.80862e+15	9.37034e+15	1.09321e+16	1.24938e+16	1.49554e+16	2.74343e+16	3.09705e+17	4.54043e+17	3.60137	3.43154	3.43154	3.43154	3.43154	3.43154	3.43154	3.43154	3.43154	3.43154	3.43154	3.40012	3.08585	4.68986	4.68986	
163201	6.85746e+17	2.78706e+17	1.21963e+17	7.71667e+16	1.54333e+17	2.315e+17	3.08667e+17	3.85834e+17	4.63e+17	5.40167e+17	6.17334e+17	6.92963e+17	7.52343e+17	3.35206e+17	8.60033e+15	6.16665e+15	5.64038e+15	2.46825e+15	1.56168e+15	3.12336e+15	4.68504e+15	6.24672e+15	7.8084e+15	9.37008e+15	1.09318e+16	1.24934e+16	1.49596e+16	2.74331e+16	3.09705e+17	4.54043e+17	3.60302	3.43346	3.43346	3.43346	3.43346	3.43346	3.43346	3.43346	3.43346	3.43346	3.43346	3.40198	3.08756	4.68986	4.68986	
163452	6.85746e+17	2.78706e+17	1.21963e+17	7.71668e+16	1.54334e+17	2.315e+17	3.08667e+17	3.85834e+17	4.63001e+17	5.40167e+17	6.17334e+17	6.92956e+17	7.52344e+17	3.35206e+17	8.60033e+15	6.16652e+15	5.64023e+15	2.46818e+15	1.56164e+15	3.12327e+15	4.68491e+15	6.24654e+15	7.80818e+15	9.36982e+15	1.09315e+16	1.24931e+16	1.49638e+16	2.74324e+16	3.09705e+17	4.54043e+17	3.60466	3.43537	3.43537	3.43537	3.43537	3.43537	3.43537	3.43537	3.43537	3.43537	3.43537	3.40384	3.08927	4.68986	4.68986	
163703	6.85746e+17	2.78707e+17	1.21963e+17	7.71669e+16	1.54334e+17	2.31501e+17	3.08667e+17	3.85834e+17	4.63001e+17	5.40168e+17	6.17335e+17	6.9295e+17	7.52344e+17	3.35206e+17	8.60033e+15	6.1664e+15	5.64007e+15	2.46811e+15	1.56159e+15	3.12318e+15	4.68478e+15	6.24637e+15	7.80796e+15	9.36955e+15	1.09311e+16	1.24927e+16	1.49679e+16	2.7432e+16	3.09705e+17	4.54043e+17	3.6063	3.43728	3.43728	3.43728	3.43728	3.43728	3.43728	3.43728	3.43728	3.43728	3.43728	3.4057	3.09098	4.68986	4.68986	
163954	6.85747e+17	2.78707e+17	1.21963e+17	7.71669e+16	1.54334e+17	2.31501e+17	3.08668e+17	3.85835e+17	4.63002e+17	5.40168e+17	6.17335e+17	6.92943e+17	7.52344e+17	3.35206e+17	8.60033e+15	6.16627e+15	5.63991e+15	2.46804e+15	1.56155e+15	3.1231e+15	4.68465e+15	6.2462e+15	7.80774e+15	9.36929e+15	1.09308e+16	1.24924e+16	1.49721e+16	2.74321e+16	3.09705e+17	4.54043e+17	3.60795	3.43919	3.43919	3.43919	3.43919	3.43919	3.43919	3.43919	3.43919	3.43919	3.43919	3.40755	3.0927	4.68986	4.68986	
164206	6.85747e+17	2.78707e+17	1.21963e+17	7.7167e+16	1.54334e+17	2.31501e+17	3.08668e+17	3.85835e+17	4.63002e+17	5.40169e+17	6.17336e+17	6.92936e+17	7.52343e+17	3.35206e+17	8.60033e+15	6.16615e+15	5.63975e+15	2.46797e+15	1.56151e+15	3.12301e+15	4.68452e+15	6.24602e+15	7.80753e+15	9.36903e+15	1.09305e+16	1.2492e+16	1.49763e+16	2.74325e+16	3.09705e+17	4.54043e+17	3.60959	3.4411	3.4411	3.4411	3.4411	3.4411	3.4411	3.4411	3.4411	3.4411	3.4411	3.40941	3.09443	4.68986	4.68986	
164457	6.85747e+17	2.78707e+17	1.21963e+17	7.71671e+16	1.54334e+17	2.31501e+17	3.08668e+17	3.85835e+17	4.63002e+17	5.40169e+17	6.17337e+17	6.92929e+17	7.52341e+17	3.35206e+17	8.60033e+15	6.16603e+15	5.6396e+15	2.4679e+15	1.56146e+15	3.12292e+15	4.68439e+15	6.24585e+15	7.80731e+15	9.36877e+15	1.09302e+16	1.24917e+16	1.49805e+16	2.74333e+16	3.09705e+17	4.54043e+17	3.61122	3.443	3.443	3.443	3.443	3.443	3.443	3.443	3.443	3.443	3.443	3.41125	3.09615	4.68986	4.68986	
164708	6.85747e+17	2.78708e+17	1.21963e+17	7.71671e+16	1.54334e+17	2.31501e+17	3.08669e+17	3.85836e+17	4.63003e+17	5.4017e+17	6.17337e+17	6.92922e+17	7.52339e+17	3.35206e+17	8.60033e+15	6.1659e+15	5.63944e+15	2.46783e+15	1.56142e+15	3.12284e+15	4.68426e+15	6.24568e+15	7.8071e+15	9.36852e+15	1.09299e+16	1.24914e+16	1.49846e+16	2.74345e+16	3.09705e+17	4.54043e+17	3.61285	3.44489	3.44489	3.44489	3.44489	3.44489	3.44489	3.44489	3.44489	3.44489	3.44489	3.4131	3.09788	4.68986	4.68986	
164960	6.85747e+17	2.78708e+17	1.21963e+17	7.71672e+16	1.54334e+17	2.31502e+17	3.08669e+17	3.85836e+17	4.63003e+17	5.4017e+17	6.17338e+17	6.92916e+17	7.52336e+17	3.35206e+17	8.60033e+15	6.16578e+15	5.63929e+15	2.46777e+15	1.56138e+15	3.12275e+15	4.68413e+15	6.2455e+15	7.80688e+15	9.36826e+15	1.09296e+16	1.2491e+16	1.49888e+16	2.7436e+16	3.09705e+17	4.54043e+17	3.61448	3.44679	3.44679	3.44679	3.44679	3.44679	3.44679	3.44679	3.44679	3.44679	3.44679	3.41494	3.09961	4.68986	4.68986	
165211	6.85748e+17	2.78708e+17	1.21963e+17	7.71673e+16	1.54335e+17	2.31502e+17	3.08669e+17	3.85836e+17	4.63004e+17	5.40171e+17	6.17338e+17	6.92909e+17	7.52333e+17	3.35206e+17	8.60033e+15	6.16566e+15	5.63913e+15	2.4677e+15	1.56133e+15	3.12267e+15	4.684e+15	6.24533e+15	7.80667e+15	9.368e+15	1.09293e+16	1.24907e+16	1.4993e+16	2.74379e+16	3.09705e+17	4.54043e+17	3.61611	3.44869	3.44869	3.44869	3.44869	3.44869	3.44869	3.44869	3.44869	3.44869	3.44869	3.41679	3.10135	4.68986	4.68986	
165463	6.85748e+17	2.78708e+17	1.21964e+17	7.71673e+16	1.54335e+17	2.31502e+17	3.08669e+17	3.85837e+17	4.63004e+17	5.40171e+17	6.17339e+17	6.92902e+17	7.52329e+17	3.35206e+17	8.60033e+15	6.16554e+15	5.63898e+15	2.46763e+15	1.56129e+15	3.12258e+15	4.68387e+15	6.24516e+15	7.80645e+15	9.36774e+15	1.0929e+16	1.24903e+16	1.49971e+16	2.74401e+16	3.09705e+17	4.54043e+17	3.61774	3.45058	3.45058	3.45058	3.45058	3.45058	3.45058	3.45058	3.45058	3.45058	3.45058	3.41863	3.10309	4.68986	4.68986	
165714	6.85748e+17	2.78709e+17	1.21964e+17	7.71674e+16	1.54335e+17	2.31502e+17	3.0867e+17	3.85837e+17	4.63004e+17	5.40172e+17	6.17339e+17	6.92895e+17	7.52325e+17	3.35206e+17	8.60033e+15	6.16542e+15	5.63883e+15	2.46756e+15	1.56125e+15	3.1225e+15	4.68374e+15	6.24499e+15	7.80624e+15	9.36749e+15	1.09287e+16	1.249e+16	1.50013e+16	2.74427e+16	3.09705e+17	4.54043e+17	3.61936	3.45246	3.45246	3.45246	3.45246	3.45246	3.45246	3.45246	3.45246	3.45246	3.45246	3.42046	3.10482	4.68986	4.68986	
165965	6.85748e+17	2.78709e+17	1.21964e+17	7.71675e+16	1.54335e+17	2.31502e+17	3.0867e+17	3.85837e+17	4.63005e+17	5.40172e+17	6.1734e+17	6.92888e+17	7.5232e+17	3.35206e+17	8.60033e+15	6.1653e+15	5.63867e+15	2.4675e+15	1.56121e+15	3.12241e+15	4.68362e+15	6.24482e+15	7.80603e+15	9.36724e+15	1.09284e+16	1.24896e+16	1.50054e+16	2.74456e+16	3.09705e+17	4.54043e+17	3.62098	3.45435	3.45435	3.45435	3.45435	3.45435	3.45435	3.45435	3.45435	3.45435	3.45435	3.42229	3.10657	4.68986	4.68986	
166216	6.85749e+17	2.78709e+17	1.21964e+17	7.71675e+16	1.54335e+17	2.31503e+17	3.0867e+17	3.85838e+17	4.63005e+17	5.40173e+17	6.1734e+17	6.92882e+17	7.52314e+17	3.35206e+17	8.60033e+15	6.16518e+15	5.63852e+15	2.46743e+15	1.56116e+15	3.12233e+15	4.68349e+15	6.24466e+15	7.80582e+15	9.36698e+15	1.09281e+16	1.24893e+16	1.50096e+16	2.74489e+16	3.09705e+17	4.54043e+17	3.62259	3.45622	3.45622	3.45622	3.45622	3.45622	3.45622	3.45622	3.45622	3.45622	3.45622	3.42412	3.10831	4.68986	4.68986	
166468	6.85749e+17	2.78709e+17	1.21964e+17	7.71676e+16	1.54335e+17	2.31503e+17	3.0867e+17	3.85838e+17	4.63006e+17	5.40173e+17	6.17341e+17	6.92875e+17	7.52308e+17	3.35206e+17	8.60033e+15	6.16506e+15	5.63837e+15	2.46736e+15	1.56112e+15	3.12224e+15	4.68336e+15	6.24449e+15	7.80561e+15	9.36673e+15	1.09279e+16	1.2489e+16	1.50137e+16	2.74525e+16	3.09705e+17	4.54043e+17	3.62421	3.4581	3.4581	3.4581	3.4581	3.4581	3.4581	3.4581	3.4581	3.4581	3.4581	3.42595	3.11006	4.68986	4.68986	
166719	6.85749e+17	2.7871e+17	1.21964e+17	7.71677e+16	1.54335e+17	2.31503e+17	3.08671e+17	3.85838e+17	4.63006e+17	5.40174e+17	6.17341e+17	6.92868e+17	7.52302e+17	3.35206e+17	8.60033e+15	6.16494e+15	5.63822e+15	2.4673e+15	1.56108e+15	3.12216e+15	4.68324e+15	6.24432e+15	7.8054e+15	9.36648e+15	1.09276e+16	1.24886e+16	1.50178e+16	2.74564e+16	3.09705e+17	4.54043e+17	3.62582	3.45998	3.45998	3.45998	3.45998	3.45998	3.45998	3.45998	3.45998	3.45998	3.45998	3.42778	3.1118	4.68986	4.68986	
166971	6.85749e+17	2.7871e+17	1.21964e+17	7.71678e+16	1.54336e+17	2.31503e+17	3.08671e+17	3.85839e+17	4.63007e+17	5.40174e+17	6.17342e+17	6.92861e+17	7.52295e+17	3.35206e+17	8.60033e+15	6.16482e+15	5.63807e+15	2.46723e+15	1.56104e+15	3.12208e+15	4.68311e+15	6.24415e+15	7.80519e+15	9.36623e+15	1.09273e+16	1.24883e+16	1.5022e+16	2.74606e+16	3.09705e+17	4.54043e+17	3.62743	3.46185	3.46185	3.46185	3.46185	3.46185	3.46185	3.46185	3.46185	3.46185	3.46185	3.4296	3.11355	4.68986	4.68986	
167222	6.85749e+17	2.7871e+17	1.21964e+17	7.71678e+16	1.54336e+17	2.31503e+17	3.08671e+17	3.85839e+17	4.63007e+17	5.40175e+17	6.17343e+17	6.92855e+17	7.52287e+17	3.35206e+17	8.60033e+15	6.1647e+15	5.63792e+15	2.46717e+15	1.561e+15	3.12199e+15	4.68299e+15	6.24399e+15	7.80498e+15	9.36598e+15	1.0927e+16	1.2488e+16	1.50261e+16	2.7465e+16	3.09705e+17	4.54043e+17	3.62904	3.46372	3.46372	3.46372	3.46372	3.46372	3.46372	3.46372	3.46372	3.46372	3.46372	3.43142	3.1153	4.68986	4.68986	
167474	6.8575e+17	2.7871e+17	1.21964e+17	7.71679e+16	1.54336e+17	2.31504e+17	3.08672e+17	3.85839e+17	4.63007e+17	5.40175e+17	6.17343e+17	6.92848e+17	7.52279e+17	3.35206e+17	8.60033e+15	6.16458e+15	5.63777e+15	2.4671e+15	1.56095e+15	3.12191e+15	4.68286e+15	6.24382e+15	7.80477e+15	9.36573e+15	1.09267e+16	1.24876e+16	1.50302e+16	2.74699e+16	3.09705e+17	4.54043e+17	3.63065	3.46559	3.46559	3.46559	3.46559	3.46559	3.46559	3.46559	3.46559	3.46559	3.46559	3.43324	3.11706	4.68986	4.68986	
167725	6.8575e+17	2.78711e+17	1.21965e+17	7.7168e+16	1.54336e+17	2.31504e+17	3.08672e+17	3.8584e+17	4.63008e+17	5.40176e+17	6.17344e+17	6.92841e+17	7.52271e+17	3.35206e+17	8.60033e+15	6.16446e+15	5.63762e+15	2.46704e+15	1.56091e+15	3.12183e+15	4.68274e+15	6.24365e+15	7.80457e+15	9.36548e+15	1.09264e+16	1.24873e+16	1.50344e+16	2.7475e+16	3.09705e+17	4.54043e+17	3.63225	3.46745	3.46745	3.46745	3.46745	3.46745	3.46745	3.46745	3.46745	3.46745	3.46745	3.43506	3.11882	4.68986	4.68986	
167976	6.8575e+17	2.78711e+17	1.21965e+17	7.7168e+16	1.54336e+17	2.31504e+17	3.08672e+17	3.8584e+17	4.63008e+17	5.40176e+17	6.17344e+17	6.92835e+17	7.52262e+17	3.35206e+17	8.60033e+15	6.16435e+15	5.63747e+15	2.46697e+15	1.56087e+15	3.12174e+15	4.68262e+15	6.24349e+15	7.80436e+15	9.36523e+15	1.09261e+16	1.2487e+16	1.50385e+16	2.74803e+16	3.09705e+17	4.54043e+17	3.63385	3.46931	3.46931	3.46931	3.46931	3.46931	3.46931	3.46931	3.46931	3.46931	3.46931	3.43687	3.12057	4.68986	4.68986	
168228	6.8575e+17	2.78711e+17	1.21965e+17	7.71681e+16	1.54336e+17	2.31504e+17	3.08672e+17	3.8584e+17	4.63009e+17	5.40177e+17	6.17345e+17	6.92828e+17	7.52253e+17	3.35206e+17	8.60033e+15	6.16423e+15	5.63732e+15	2.46691e+15	1.56083e+15	3.12166e+15	4.68249e+15	6.24332e+15	7.80416e+15	9.36499e+15	1.09258e+16	1.24866e+16	1.50426e+16	2.7486e+16	3.09705e+17	4.54043e+17	3.63545	3.47117	3.47117	3.47117	3.47117	3.47117	3.47117	3.47117	3.47117	3.47117	3.47117	3.43868	3.12233	4.68986	4.68986	
168479	6.85751e+17	2.78711e+17	1.21965e+17	7.71682e+16	1.54336e+17	2.31504e+17	3.08673e+17	3.85841e+17	4.63009e+17	5.40177e+17	6.17345e+17	6.92821e+17	7.52243e+17	3.35206e+17	8.60033e+15	6.16411e+15	5.63717e+15	2.46684e+15	1.56079e+15	3.12158e+15	4.68237e+15	6.24316e+15	7.80395e+15	9.36474e+15	1.09255e+16	1.24863e+16	1.50467e+16	2.74919e+16	3.09705e+17	4.54043e+17	3.63705	3.47303	3.47303	3.47303	3.47303	3.47303	3.47303	3.47303	3.47303	3.47303	3.47303	3.44049	3.12409	4.68986	4.68986	
168731	6.85751e+17	2.78712e+17	1.21965e+17	7.71682e+16	1.54336e+17	2.31505e+17	3.08673e+17	3.85841e+17	4.63009e+17	5.40178e+17	6.17346e+17	6.92814e+17	7.52233e+17	3.35206e+17	8.60033e+15	6.164e+15	5.63702e+15	2.46678e+15	1.56075e+15	3.1215e+15	4.68225e+15	6.243e+15	7.80375e+15	9.3645e+15	1.09252e+16	1.2486e+16	1.50508e+16	2.74981e+16	3.09705e+17	4.54043e+17	3.63864	3.47488	3.47488	3.47488	3.47488	3.47488	3.47488	3.47488	3.47488	3.47488	3.47488	3.44229	3.12585	4.68986	4.68986	
168983	6.85751e+17	2.78712e+17	1.21965e+17	7.71683e+16	1.54337e+17	2.31505e+17	3.08673e+17	3.85841e+17	4.6301e+17	5.40178e+17	6.17346e+17	6.92808e+17	7.52222e+17	3.35206e+17	8.60033e+15	6.16388e+15	5.63688e+15	2.46671e+15	1.56071e+15	3.12142e+15	4.68213e+15	6.24283e+15	7.80354e+15	9.36425e+15	1.0925e+16	1.24857e+16	1.50549e+16	2.75046e+16	3.09705e+17	4.54043e+17	3.64023	3.47673	3.47673	3.47673	3.47673	3.47673	3.47673	3.47673	3.47673	3.47673	3.47673	3.4441	3.12762	4.68986	4.68986	
169234	6.85751e+17	2.78712e+17	1.21965e+17	7.71683e+16	1.54337e+17	2.31505e+17	3.08673e+17	3.85842e+17	4.6301e+17	5.40178e+17	6.17347e+17	6.92801e+17	7.52211e+17	3.35206e+17	8.60033e+15	6.16377e+15	5.63673e+15	2.46665e+15	1.56067e+15	3.12134e+15	4.682e+15	6.24267e+15	7.80334e+15	9.36401e+15	1.09247e+16	1.24853e+16	1.5059e+16	2.75113e+16	3.09705e+17	4.54043e+17	3.64182	3.47858	3.47858	3.47858	3.47858	3.47858	3.47858	3.47858	3.47858	3.47858	3.47858	3.4459	3.12938	4.68986	4.68986	
169485	6.85751e+17	2.78712e+17	1.21965e+17	7.71684e+16	1.54337e+17	2.31505e+17	3.08674e+17	3.85842e+17	4.6301e+17	5.40179e+17	6.17347e+17	6.92794e+17	7.522e+17	3.35206e+17	8.60033e+15	6.16365e+15	5.63658e+15	2.46658e+15	1.56063e+15	3.12126e+15	4.68188e+15	6.24251e+15	7.80314e+15	9.36377e+15	1.09244e+16	1.2485e+16	1.50631e+16	2.75183e+16	3.09705e+17	4.54043e+17	3.6434	3.48042	3.48042	3.48042	3.48042	3.48042	3.48042	3.48042	3.48042	3.48042	3.48042	3.44769	3.13114	4.68986	4.68986	
169736	6.85752e+17	2.78713e+17	1.21965e+17	7.71685e+16	1.54337e+17	2.31505e+17	3.08674e+17	3.85842e+17	4.63011e+17	5.40179e+17	6.17348e+17	6.92788e+17	7.52188e+17	3.35206e+17	8.60033e+15	6.16354e+15	5.63644e+15	2.46652e+15	1.56059e+15	3.12117e+15	4.68176e+15	6.24235e+15	7.80294e+15	9.36352e+15	1.09241e+16	1.24847e+16	1.50672e+16	2.75255e+16	3.09705e+17	4.54043e+17	3.64498	3.48226	3.48226	3.48226	3.48226	3.48226	3.48226	3.48226	3.48226	3.48226	3.48226	3.44948	3.1329	4.68986	4.68986	
169988	6.85752e+17	2.78713e+17	1.21965e+17	7.71685e+16	1.54337e+17	2.31506e+17	3.08674e+17	3.85843e+17	4.63011e+17	5.4018e+17	6.17348e+17	6.92781e+17	7.52176e+17	3.35206e+17	8.60033e+15	6.16343e+15	5.63629e+15	2.46646e+15	1.56055e+15	3.12109e+15	4.68164e+15	6.24219e+15	7.80274e+15	9.36328e+15	1.09238e+16	1.24844e+16	1.50713e+16	2.7533e+16	3.09705e+17	4.54043e+17	3.64657	3.4841	3.4841	3.4841	3.4841	3.4841	3.4841	3.4841	3.4841	3.4841	3.4841	3.45128	3.13467	4.68986	4.68986	
170240	6.85752e+17	2.78713e+17	1.21966e+17	7.71686e+16	1.54337e+17	2.31506e+17	3.08674e+17	3.85843e+17	4.63012e+17	5.4018e+17	6.17349e+17	6.92774e+17	7.52163e+17	3.35206e+17	8.60033e+15	6.16331e+15	5.63615e+15	2.46639e+15	1.56051e+15	3.12101e+15	4.68152e+15	6.24203e+15	7.80254e+15	9.36304e+15	1.09236e+16	1.24841e+16	1.50754e+16	2.75407e+16	3.09705e+17	4.54043e+17	3.64815	3.48593	3.48593	3.48593	3.48593	3.48593	3.48593	3.48593	3.48593	3.48593	3.48593	3.45307	3.13644	4.68986	4.68986	
170491	6.85752e+17	2.78713e+17	1.21966e+17	7.71687e+16	1.54337e+17	2.31506e+17	3.08675e+17	3.85843e+17	4.63012e+17	5.40181e+17	6.17349e+17	6.92768e+17	7.5215e+17	3.35206e+17	8.60033e+15	6.1632e+15	5.63601e+15	2.46633e+15	1.56047e+15	3.12093e+15	4.6814e+15	6.24187e+15	7.80234e+15	9.3628e+15	1.09233e+16	1.24837e+16	1.50795e+16	2.75486e+16	3.09705e+17	4.54043e+17	3.64972	3.48777	3.48777	3.48777	3.48777	3.48777	3.48777	3.48777	3.48777	3.48777	3.48777	3.45486	3.1382	4.68986	4.68986	
170743	6.85752e+17	2.78714e+17	1.21966e+17	7.71687e+16	1.54337e+17	2.31506e+17	3.08675e+17	3.85844e+17	4.63012e+17	5.40181e+17	6.1735e+17	6.92761e+17	7.52137e+17	3.35206e+17	8.60033e+15	6.16309e+15	5.63586e+15	2.46627e+15	1.56043e+15	3.12086e+15	4.68128e+15	6.24171e+15	7.80214e+15	9.36257e+15	1.0923e+16	1.24834e+16	1.50835e+16	2.75567e+16	3.09705e+17	4.54043e+17	3.6513	3.48959	3.48959	3.48959	3.48959	3.48959	3.48959	3.48959	3.48959	3.48959	3.48959	3.45664	3.13997	4.68986	4.68986	
170994	6.85753e+17	2.78714e+17	1.21966e+17	7.71688e+16	1.54338e+17	2.31506e+17	3.08675e+17	3.85844e+17	4.63013e+17	5.40182e+17	6.1735e+17	6.92755e+17	7.52124e+17	3.35206e+17	8.60033e+15	6.16298e+15	5.63572e+15	2.46621e+15	1.56039e+15	3.12078e+15	4.68116e+15	6.24155e+15	7.80194e+15	9.36233e+15	1.09227e+16	1.24831e+16	1.50876e+16	2.75651e+16	3.09705e+17	4.54043e+17	3.65287	3.49142	3.49142	3.49142	3.49142	3.49142	3.49142	3.49142	3.49142	3.49142	3.49142	3.45843	3.14174	4.68986	4.68986	
171246	6.85753e+17	2.78714e+17	1.21966e+17	7.71689e+16	1.54338e+17	2.31507e+17	3.08675e+17	3.85844e+17	4.63013e+17	5.40182e+17	6.17351e+17	6.92748e+17	7.5211e+17	3.35206e+17	8.60033e+15	6.16287e+15	5.63558e+15	2.46614e+15	1.56035e+15	3.1207e+15	4.68105e+15	6.24139e+15	7.80174e+15	9.36209e+15	1.09224e+16	1.24828e+16	1.50917e+16	2.75737e+16	3.09705e+17	4.54043e+17	3.65444	3.49325	3.49325	3.49325	3.49325	3.49325	3.49325	3.49325	3.49325	3.49325	3.49325	3.46021	3.14351	4.68986	4.68986	
171498	6.85753e+17	2.78714e+17	1.21966e+17	7.71689e+16	1.54338e+17	2.31507e+17	3.08676e+17	3.85845e+17	4.63014e+17	5.40182e+17	6.17351e+17	6.92741e+17	7.52095e+17	3.35206e+17	8.60033e+15	6.16275e+15	5.63543e+15	2.46608e+15	1.56031e+15	3.12062e+15	4.68093e+15	6.24124e+15	7.80155e+15	9.36186e+15	1.09222e+16	1.24825e+16	1.50958e+16	2.75825e+16	3.09705e+17	4.54043e+17	3.65601	3.49507	3.49507	3.49507	3.49507	3.49507	3.49507	3.49507	3.49507	3.49507	3.49507	3.46198	3.14528	4.68986	4.68986	
171749	6.85753e+17	2.78714e+17	1.21966e+17	7.7169e+16	1.54338e+17	2.31507e+17	3.08676e+17	3.85845e+17	4.63014e+17	5.40183e+17	6.17352e+17	6.92735e+17	7.52081e+17	3.35206e+17	8.60033e+15	6.16264e+15	5.63529e+15	2.46602e+15	1.56027e+15	3.12054e+15	4.68081e+15	6.24108e+15	7.80135e+15	9.36162e+15	1.09219e+16	1.24822e+16	1.50998e+16	2.75916e+16	3.09705e+17	4.54043e+17	3.65757	3.49688	3.49688	3.49688	3.49688	3.49688	3.49688	3.49688	3.49688	3.49688	3.49688	3.46376	3.14705	4.68986	4.68986	
172001	6.85753e+17	2.78715e+17	1.21966e+17	7.71691e+16	1.54338e+17	2.31507e+17	3.08676e+17	3.85845e+17	4.63014e+17	5.40183e+17	6.17352e+17	6.92728e+17	7.52066e+17	3.35206e+17	8.60033e+15	6.16253e+15	5.63515e+15	2.46596e+15	1.56023e+15	3.12046e+15	4.68069e+15	6.24092e+15	7.80116e+15	9.36139e+15	1.09216e+16	1.24818e+16	1.51039e+16	2.76008e+16	3.09705e+17	4.54043e+17	3.65913	3.4987	3.4987	3.4987	3.4987	3.4987	3.4987	3.4987	3.4987	3.4987	3.4987	3.46553	3.14882	4.68986	4.68986	
172253	6.85754e+17	2.78715e+17	1.21966e+17	7.71691e+16	1.54338e+17	2.31507e+17	3.08676e+17	3.85846e+17	4.63015e+17	5.40184e+17	6.17353e+17	6.92721e+17	7.5205e+17	3.35206e+17	8.60033e+15	6.16242e+15	5.63501e+15	2.4659e+15	1.56019e+15	3.12038e+15	4.68058e+15	6.24077e+15	7.80096e+15	9.36115e+15	1.09213e+16	1.24815e+16	1.51079e+16	2.76102e+16	3.09705e+17	4.54043e+17	3.66069	3.50052	3.50052	3.50052	3.50052	3.50052	3.50052	3.50052	3.50052	3.50052	3.50052	3.4673	3.15059	4.68986	4.68986	
172504	6.85754e+17	2.78715e+17	1.21966e+17	7.71692e+16	1.54338e+17	2.31508e+17	3.08677e+17	3.85846e+17	4.63015e+17	5.40184e+17	6.17353e+17	6.92715e+17	7.52035e+17	3.35206e+17	8.60033e+15	6.16232e+15	5.63487e+15	2.46583e+15	1.56015e+15	3.12031e+15	4.68046e+15	6.24061e+15	7.80077e+15	9.36092e+15	1.09211e+16	1.24812e+16	1.5112e+16	2.76198e+16	3.09705e+17	4.54043e+17	3.66225	3.50233	3.50233	3.50233	3.50233	3.50233	3.50233	3.50233	3.50233	3.50233	3.50233	3.46907	3.15236	4.68986	4.68986	
172756	6.85754e+17	2.78715e+17	1.21967e+17	7.71692e+16	1.54338e+17	2.31508e+17	3.08677e+17	3.85846e+17	4.63015e+17	5.40185e+17	6.17354e+17	6.92708e+17	7.52019e+17	3.35206e+17	8.60033e+15	6.16221e+15	5.63473e+15	2.46577e+15	1.56011e+15	3.12023e+15	4.68034e+15	6.24046e+15	7.80057e+15	9.36069e+15	1.09208e+16	1.24809e+16	1.5116e+16	2.76296e+16	3.09705e+17	4.54043e+17	3.66381	3.50413	3.50413	3.50413	3.50413	3.50413	3.50413	3.50413	3.50413	3.50413	3.50413	3.47083	3.15413	4.68986	4.68986	
173007	6.85754e+17	2.78716e+17	1.21967e+17	7.71693e+16	1.54339e+17	2.31508e+17	3.08677e+17	3.85847e+17	4.63016e+17	5.40185e+17	6.17354e+17	6.92702e+17	7.52003e+17	3.35206e+17	8.60033e+15	6.1621e+15	5.63459e+15	2.46571e+15	1.56008e+15	3.12015e+15	4.68023e+15	6.24031e+15	7.80038e+15	9.36046e+15	1.09205e+16	1.24806e+16	1.51201e+16	2.76396e+16	3.09705e+17	4.54043e+17	3.66536	3.50594	3.50594	3.50594	3.50594	3.50594	3.50594	3.50594	3.50594	3.50594	3.50594	3.4726	3.1559	4.68986	4.68986	
173258	6.85754e+17	2.78716e+17	1.21967e+17	7.71694e+16	1.54339e+17	2.31508e+17	3.08677e+17	3.85847e+17	4.63016e+17	5.40186e+17	6.17355e+17	6.92695e+17	7.51986e+17	3.35206e+17	8.60033e+15	6.16199e+15	5.63445e+15	2.46565e+15	1.56004e+15	3.12008e+15	4.68011e+15	6.24015e+15	7.80019e+15	9.36023e+15	1.09203e+16	1.24803e+16	1.51241e+16	2.76498e+16	3.09705e+17	4.54043e+17	3.66691	3.50773	3.50773	3.50773	3.50773	3.50773	3.50773	3.50773	3.50773	3.50773	3.50773	3.47435	3.15767	4.68986	4.68986	
173510	6.85755e+17	2.78716e+17	1.21967e+17	7.71694e+16	1.54339e+17	2.31508e+17	3.08678e+17	3.85847e+17	4.63017e+17	5.40186e+17	6.17355e+17	6.92688e+17	7.51969e+17	3.35206e+17	8.60033e+15	6.16188e+15	5.63432e+15	2.46559e+15	1.56e+15	3.12e+15	4.68e+15	6.24e+15	7.8e+15	9.36e+15	1.092e+16	1.248e+16	1.51282e+16	2.76602e+16	3.09705e+17	4.54043e+17	3.66846	3.50954	3.50954	3.50954	3.50954	3.50954	3.50954	3.50954	3.50954	3.50954	3.50954	3.47611	3.15944	4.68986	4.68986	
173762	6.85755e+17	2.78716e+17	1.21967e+17	7.71695e+16	1.54339e+17	2.31508e+17	3.08678e+17	3.85847e+17	4.63017e+17	5.40186e+17	6.17356e+17	6.92682e+17	7.51952e+17	3.35206e+17	8.60033e+15	6.16178e+15	5.63418e+15	2.46553e+15	1.55996e+15	3.11992e+15	4.67989e+15	6.23985e+15	7.79981e+15	9.35977e+15	1.09197e+16	1.24797e+16	1.51322e+16	2.76707e+16	3.09705e+17	4.54043e+17	3.67	3.51133	3.51133	3.51133	3.51133	3.51133	3.51133	3.51133	3.51133	3.51133	3.51133	3.47787	3.16121	4.68986	4.68986	
174014	6.85755e+17	2.78716e+17	1.21967e+17	7.71696e+16	1.54339e+17	2.31509e+17	3.08678e+17	3.85848e+17	4.63017e+17	5.40187e+17	6.17356e+17	6.92675e+17	7.51935e+17	3.35206e+17	8.60033e+15	6.16167e+15	5.63404e+15	2.46547e+15	1.55992e+15	3.11985e+15	4.67977e+15	6.2397e+15	7.79962e+15	9.35954e+15	1.09195e+16	1.24794e+16	1.51362e+16	2.76814e+16	3.09705e+17	4.54043e+17	3.67154	3.51313	3.51313	3.51313	3.51313	3.51313	3.51313	3.51313	3.51313	3.51313	3.51313	3.47962	3.16298	4.68986	4.68986	
174265	6.85755e+17	2.78717e+17	1.21967e+17	7.71696e+16	1.54339e+17	2.31509e+17	3.08678e+17	3.85848e+17	4.63018e+17	5.40187e+17	6.17357e+17	6.92669e+17	7.51917e+17	3.35206e+17	8.60033e+15	6.16156e+15	5.63391e+15	2.46541e+15	1.55989e+15	3.11977e+15	4.67966e+15	6.23954e+15	7.79943e+15	9.35932e+15	1.09192e+16	1.24791e+16	1.51403e+16	2.76923e+16	3.09705e+17	4.54043e+17	3.67308	3.51491	3.51491	3.51491	3.51491	3.51491	3.51491	3.51491	3.51491	3.51491	3.51491	3.48137	3.16475	4.68986	4.68986	
174517	6.85755e+17	2.78717e+17	1.21967e+17	7.71697e+16	1.54339e+17	2.31509e+17	3.08679e+17	3.85848e+17	4.63018e+17	5.40188e+17	6.17357e+17	6.92662e+17	7.519e+17	3.35206e+17	8.60033e+15	6.16146e+15	5.63377e+15	2.46535e+15	1.55985e+15	3.1197e+15	4.67954e+15	6.23939e+15	7.79924e+15	9.35909e+15	1.09189e+16	1.24788e+16	1.51443e+16	2.77033e+16	3.09705e+17	4.54043e+17	3.67462	3.5167	3.5167	3.5167	3.5167	3.5167	3.5167	3.5167	3.5167	3.5167	3.5167	3.48312	3.16652	4.68986	4.68986	
174769	6.85756e+17	2.78717e+17	1.21967e+17	7.71697e+16	1.54339e+17	2.31509e+17	3.08679e+17	3.85849e+17	4.63018e+17	5.40188e+17	6.17358e+17	6.92656e+17	7.51881e+17	3.35206e+17	8.60033e+15	6.16135e+15	5.63363e+15	2.46529e+15	1.55981e+15	3.11962e+15	4.67943e+15	6.23924e+15	7.79905e+15	9.35886e+15	1.09187e+16	1.24785e+16	1.51483e+16	2.77145e+16	3.09705e+17	4.54043e+17	3.67616	3.51849	3.51849	3.51849	3.51849	3.51849	3.51849	3.51849	3.51849	3.51849	3.51849	3.48487	3.16829	4.68986	4.68986	
175020	6.85756e+17	2.78717e+17	1.21967e+17	7.71698e+16	1.5434e+17	2.31509e+17	3.08679e+17	3.85849e+17	4.63019e+17	5.40189e+17	6.17358e+17	6.92649e+17	7.51863e+17	3.35206e+17	8.60033e+15	6.16125e+15	5.6335e+15	2.46523e+15	1.55977e+15	3.11955e+15	4.67932e+15	6.23909e+15	7.79887e+15	9.35864e+15	1.09184e+16	1.24782e+16	1.51523e+16	2.77258e+16	3.09705e+17	4.54043e+17	3.67769	3.52027	3.52027	3.52027	3.52027	3.52027	3.52027	3.52027	3.52027	3.52027	3.52027	3.48661	3.17005	4.68986	4.68986	
175272	6.85756e+17	2.78718e+17	1.21968e+17	7.71699e+16	1.5434e+17	2.3151e+17	3.08679e+17	3.85849e+17	4.63019e+17	5.40189e+17	6.17359e+17	6.92642e+17	7.51845e+17	3.35206e+17	8.60033e+15	6.16114e+15	5.63336e+15	2.46517e+15	1.55974e+15	3.11947e+15	4.67921e+15	6.23894e+15	7.79868e+15	9.35842e+15	1.09182e+16	1.24779e+16	1.51564e+16	2.77373e+16	3.09705e+17	4.54043e+17	3.67922	3.52205	3.52205	3.52205	3.52205	3.52205	3.52205	3.52205	3.52205	3.52205	3.52205	3.48835	3.17182	4.68986	4.68986	
175524	6.85756e+17	2.78718e+17	1.21968e+17	7.71699e+16	1.5434e+17	2.3151e+17	3.0868e+17	3.8585e+17	4.63019e+17	5.40189e+17	6.17359e+17	6.92636e+17	7.51826e+17	3.35206e+17	8.60033e+15	6.16104e+15	5.63323e+15	2.46512e+15	1.5597e+15	3.1194e+15	4.6791e+15	6.23879e+15	7.79849e+15	9.35819e+15	1.09179e+16	1.24776e+16	1.51604e+16	2.7749e+16	3.09705e+17	4.54043e+17	3.68076	3.52383	3.52383	3.52383	3.52383	3.52383	3.52383	3.52383	3.52383	3.52383	3.52383	3.49009	3.17359	4.68986	4.68986	
175776	6.85756e+17	2.78718e+17	1.21968e+17	7.717e+16	1.5434e+17	2.3151e+17	3.0868e+17	3.8585e+17	4.6302e+17	5.4019e+17	6.1736e+17	6.92629e+17	7.51807e+17	3.35206e+17	8.60033e+15	6.16093e+15	5.63309e+15	2.46506e+15	1.55966e+15	3.11932e+15	4.67898e+15	6.23865e+15	7.79831e+15	9.35797e+15	1.09176e+16	1.24773e+16	1.51644e+16	2.77608e+16	3.09705e+17	4.54043e+17	3.68228	3.5256	3.5256	3.5256	3.5256	3.5256	3.5256	3.5256	3.5256	3.5256	3.5256	3.49182	3.17536	4.68986	4.68986	
176028	6.85756e+17	2.78718e+17	1.21968e+17	7.717e+16	1.5434e+17	2.3151e+17	3.0868e+17	3.8585e+17	4.6302e+17	5.4019e+17	6.1736e+17	6.92623e+17	7.51787e+17	3.35206e+17	8.60033e+15	6.16083e+15	5.63296e+15	2.465e+15	1.55962e+15	3.11925e+15	4.67887e+15	6.2385e+15	7.79812e+15	9.35775e+15	1.09174e+16	1.2477e+16	1.51684e+16	2.77727e+16	3.09705e+17	4.54043e+17	3.68381	3.52738	3.52738	3.52738	3.52738	3.52738	3.52738	3.52738	3.52738	3.52738	3.52738	3.49356	3.17713	4.68986	4.68986	
176279	6.85757e+17	2.78718e+17	1.21968e+17	7.71701e+16	1.5434e+17	2.3151e+17	3.0868e+17	3.8585e+17	4.63021e+17	5.40191e+17	6.17361e+17	6.92616e+17	7.51768e+17	3.35206e+17	8.60033e+15	6.16073e+15	5.63283e+15	2.46494e+15	1.55959e+15	3.11918e+15	4.67876e+15	6.23835e+15	7.79794e+15	9.35753e+15	1.09171e+16	1.24767e+16	1.51724e+16	2.77848e+16	3.09705e+17	4.54043e+17	3.68533	3.52914	3.52914	3.52914	3.52914	3.52914	3.52914	3.52914	3.52914	3.52914	3.52914	3.49529	3.17889	4.68986	4.68986	
176531	6.85757e+17	2.78719e+17	1.21968e+17	7.71702e+16	1.5434e+17	2.3151e+17	3.08681e+17	3.85851e+17	4.63021e+17	5.40191e+17	6.17361e+17	6.9261e+17	7.51748e+17	3.35206e+17	8.60033e+15	6.16063e+15	5.6327e+15	2.46488e+15	1.55955e+15	3.1191e+15	4.67865e+15	6.23821e+15	7.79776e+15	9.35731e+15	1.09169e+16	1.24764e+16	1.51764e+16	2.7797e+16	3.09705e+17	4.54043e+17	3.68685	3.53091	3.53091	3.53091	3.53091	3.53091	3.53091	3.53091	3.53091	3.53091	3.53091	3.49701	3.18066	4.68986	4.68986	
176782	6.85757e+17	2.78719e+17	1.21968e+17	7.71702e+16	1.5434e+17	2.31511e+17	3.08681e+17	3.85851e+17	4.63021e+17	5.40191e+17	6.17362e+17	6.92603e+17	7.51728e+17	3.35206e+17	8.60033e+15	6.16052e+15	5.63256e+15	2.46482e+15	1.55951e+15	3.11903e+15	4.67854e+15	6.23806e+15	7.79757e+15	9.35709e+15	1.09166e+16	1.24761e+16	1.51804e+16	2.78093e+16	3.09705e+17	4.54043e+17	3.68836	3.53267	3.53267	3.53267	3.53267	3.53267	3.53267	3.53267	3.53267	3.53267	3.53267	3.49874	3.18242	4.68986	4.68986	
177034	6.85757e+17	2.78719e+17	1.21968e+17	7.71703e+16	1.54341e+17	2.31511e+17	3.08681e+17	3.85851e+17	4.63022e+17	5.40192e+17	6.17362e+17	6.92597e+17	7.51708e+17	3.35206e+17	8.60033e+15	6.16042e+15	5.63243e+15	2.46477e+15	1.55948e+15	3.11896e+15	4.67844e+15	6.23791e+15	7.79739e+15	9.35687e+15	1.09163e+16	1.24758e+16	1.51844e+16	2.78218e+16	3.09705e+17	4.54043e+17	3.68988	3.53443	3.53443	3.53443	3.53443	3.53443	3.53443	3.53443	3.53443	3.53443	3.53443	3.50046	3.18418	4.68986	4.68986	
177286	6.85757e+17	2.78719e+17	1.21968e+17	7.71703e+16	1.54341e+17	2.31511e+17	3.08681e+17	3.85852e+17	4.63022e+17	5.40192e+17	6.17363e+17	6.9259e+17	7.51688e+17	3.35206e+17	8.60033e+15	6.16032e+15	5.6323e+15	2.46471e+15	1.55944e+15	3.11888e+15	4.67833e+15	6.23777e+15	7.79721e+15	9.35665e+15	1.09161e+16	1.24755e+16	1.51884e+16	2.78344e+16	3.09705e+17	4.54043e+17	3.6914	3.53619	3.53619	3.53619	3.53619	3.53619	3.53619	3.53619	3.53619	3.53619	3.53619	3.50218	3.18595	4.68986	4.68986	
177538	6.85758e+17	2.7872e+17	1.21968e+17	7.71704e+16	1.54341e+17	2.31511e+17	3.08682e+17	3.85852e+17	4.63022e+17	5.40193e+17	6.17363e+17	6.92584e+17	7.51667e+17	3.35206e+17	8.60033e+15	6.16022e+15	5.63217e+15	2.46465e+15	1.55941e+15	3.11881e+15	4.67822e+15	6.23762e+15	7.79703e+15	9.35644e+15	1.09158e+16	1.24752e+16	1.51924e+16	2.78471e+16	3.09705e+17	4.54043e+17	3.69291	3.53794	3.53794	3.53794	3.53794	3.53794	3.53794	3.53794	3.53794	3.53794	3.53794	3.5039	3.18771	4.68986	4.68986	
177789	6.85758e+17	2.7872e+17	1.21968e+17	7.71704e+16	1.54341e+17	2.31511e+17	3.08682e+17	3.85852e+17	4.63023e+17	5.40193e+17	6.17364e+17	6.92577e+17	7.51647e+17	3.35206e+17	8.60033e+15	6.16012e+15	5.63204e+15	2.4646e+15	1.55937e+15	3.11874e+15	4.67811e+15	6.23748e+15	7.79685e+15	9.35622e+15	1.09156e+16	1.2475e+16	1.51963e+16	2.78599e+16	3.09705e+17	4.54043e+17	3.69441	3.5397	3.5397	3.5397	3.5397	3.5397	3.5397	3.5397	3.5397	3.5397	3.5397	3.50562	3.18947	4.68986	4.68986	
178041	6.85758e+17	2.7872e+17	1.21969e+17	7.71705e+16	1.54341e+17	2.31512e+17	3.08682e+17	3.85853e+17	4.63023e+17	5.40194e+17	6.17364e+17	6.92571e+17	7.51626e+17	3.35206e+17	8.60033e+15	6.16002e+15	5.63191e+15	2.46454e+15	1.55933e+15	3.11867e+15	4.678e+15	6.23734e+15	7.79667e+15	9.356e+15	1.09153e+16	1.24747e+16	1.52003e+16	2.78729e+16	3.09705e+17	4.54043e+17	3.69592	3.54145	3.54145	3.54145	3.54145	3.54145	3.54145	3.54145	3.54145	3.54145	3.54145	3.50733	3.19123	4.68986	4.68986	
178294	6.85758e+17	2.7872e+17	1.21969e+17	7.71706e+16	1.54341e+17	2.31512e+17	3.08682e+17	3.85853e+17	4.63023e+17	5.40194e+17	6.17364e+17	6.92564e+17	7.51604e+17	3.35206e+17	8.60033e+15	6.15992e+15	5.63178e+15	2.46448e+15	1.5593e+15	3.1186e+15	4.67789e+15	6.23719e+15	7.79649e+15	9.35579e+15	1.09151e+16	1.24744e+16	1.52043e+16	2.7886e+16	3.09705e+17	4.54043e+17	3.69743	3.5432	3.5432	3.5432	3.5432	3.5432	3.5432	3.5432	3.5432	3.5432	3.5432	3.50905	3.19299	4.68986	4.68986	
178545	6.85758e+17	2.7872e+17	1.21969e+17	7.71706e+16	1.54341e+17	2.31512e+17	3.08682e+17	3.85853e+17	4.63024e+17	5.40194e+17	6.17365e+17	6.92558e+17	7.51583e+17	3.35206e+17	8.60033e+15	6.15982e+15	5.63165e+15	2.46443e+15	1.55926e+15	3.11853e+15	4.67779e+15	6.23705e+15	7.79631e+15	9.35558e+15	1.09148e+16	1.24741e+16	1.52083e+16	2.78991e+16	3.09705e+17	4.54043e+17	3.69893	3.54494	3.54494	3.54494	3.54494	3.54494	3.54494	3.54494	3.54494	3.54494	3.54494	3.51075	3.19475	4.68986	4.68986	
178797	6.85758e+17	2.78721e+17	1.21969e+17	7.71707e+16	1.54341e+17	2.31512e+17	3.08683e+17	3.85853e+17	4.63024e+17	5.40195e+17	6.17365e+17	6.92551e+17	7.51562e+17	3.35206e+17	8.60033e+15	6.15972e+15	5.63153e+15	2.46437e+15	1.55923e+15	3.11845e+15	4.67768e+15	6.23691e+15	7.79614e+15	9.35536e+15	1.09146e+16	1.24738e+16	1.52122e+16	2.79124e+16	3.09705e+17	4.54043e+17	3.70042	3.54668	3.54668	3.54668	3.54668	3.54668	3.54668	3.54668	3.54668	3.54668	3.54668	3.51246	3.1965	4.68986	4.68986	
179049	6.85759e+17	2.78721e+17	1.21969e+17	7.71707e+16	1.54341e+17	2.31512e+17	3.08683e+17	3.85854e+17	4.63024e+17	5.40195e+17	6.17366e+17	6.92545e+17	7.5154e+17	3.35206e+17	8.60033e+15	6.15962e+15	5.6314e+15	2.46431e+15	1.55919e+15	3.11838e+15	4.67758e+15	6.23677e+15	7.79596e+15	9.35515e+15	1.09143e+16	1.24735e+16	1.52162e+16	2.79258e+16	3.09705e+17	4.54043e+17	3.70192	3.54842	3.54842	3.54842	3.54842	3.54842	3.54842	3.54842	3.54842	3.54842	3.54842	3.51416	3.19826	4.68986	4.68986	
179301	6.85759e+17	2.78721e+17	1.21969e+17	7.71708e+16	1.54342e+17	2.31512e+17	3.08683e+17	3.85854e+17	4.63025e+17	5.40196e+17	6.17366e+17	6.92538e+17	7.51518e+17	3.35206e+17	8.60033e+15	6.15952e+15	5.63127e+15	2.46426e+15	1.55916e+15	3.11831e+15	4.67747e+15	6.23663e+15	7.79578e+15	9.35494e+15	1.09141e+16	1.24733e+16	1.52202e+16	2.79394e+16	3.09705e+17	4.54043e+17	3.70342	3.55016	3.55016	3.55016	3.55016	3.55016	3.55016	3.55016	3.55016	3.55016	3.55016	3.51587	3.20002	4.68986	4.68986	
179553	6.85759e+17	2.78721e+17	1.21969e+17	7.71708e+16	1.54342e+17	2.31513e+17	3.08683e+17	3.85854e+17	4.63025e+17	5.40196e+17	6.17367e+17	6.92532e+17	7.51496e+17	3.35206e+17	8.60033e+15	6.15943e+15	5.63114e+15	2.4642e+15	1.55912e+15	3.11824e+15	4.67736e+15	6.23649e+15	7.79561e+15	9.35473e+15	1.09138e+16	1.2473e+16	1.52241e+16	2.7953e+16	3.09705e+17	4.54043e+17	3.70491	3.55189	3.55189	3.55189	3.55189	3.55189	3.55189	3.55189	3.55189	3.55189	3.55189	3.51757	3.20177	4.68986	4.68986	
179804	6.85759e+17	2.78721e+17	1.21969e+17	7.71709e+16	1.54342e+17	2.31513e+17	3.08684e+17	3.85855e+17	4.63025e+17	5.40196e+17	6.17367e+17	6.92526e+17	7.51474e+17	3.35206e+17	8.60033e+15	6.15933e+15	5.63102e+15	2.46415e+15	1.55909e+15	3.11817e+15	4.67726e+15	6.23635e+15	7.79543e+15	9.35452e+15	1.09136e+16	1.24727e+16	1.52281e+16	2.79667e+16	3.09705e+17	4.54043e+17	3.7064	3.55362	3.55362	3.55362	3.55362	3.55362	3.55362	3.55362	3.55362	3.55362	3.55362	3.51926	3.20353	4.68986	4.68986	
180056	6.85759e+17	2.78722e+17	1.21969e+17	7.7171e+16	1.54342e+17	2.31513e+17	3.08684e+17	3.85855e+17	4.63026e+17	5.40197e+17	6.17368e+17	6.92519e+17	7.51452e+17	3.35206e+17	8.60033e+15	6.15923e+15	5.63089e+15	2.46409e+15	1.55905e+15	3.1181e+15	4.67715e+15	6.23621e+15	7.79526e+15	9.35431e+15	1.09134e+16	1.24724e+16	1.52321e+16	2.79805e+16	3.09705e+17	4.54043e+17	3.70789	3.55535	3.55535	3.55535	3.55535	3.55535	3.55535	3.55535	3.55535	3.55535	3.55535	3.52095	3.20528	4.68986	4.68986	
180308	6.8576e+17	2.78722e+17	1.21969e+17	7.7171e+16	1.54342e+17	2.31513e+17	3.08684e+17	3.85855e+17	4.63026e+17	5.40197e+17	6.17368e+17	6.92513e+17	7.5143e+17	3.35206e+17	8.60033e+15	6.15914e+15	5.63077e+15	2.46404e+15	1.55902e+15	3.11803e+15	4.67705e+15	6.23607e+15	7.79508e+15	9.3541e+15	1.09131e+16	1.24721e+16	1.5236e+16	2.79943e+16	3.09705e+17	4.54043e+17	3.70937	3.55707	3.55707	3.55707	3.55707	3.55707	3.55707	3.55707	3.55707	3.55707	3.55707	3.52264	3.20703	4.68986	4.68986	
180560	6.8576e+17	2.78722e+17	1.21969e+17	7.71711e+16	1.54342e+17	2.31513e+17	3.08684e+17	3.85855e+17	4.63026e+17	5.40198e+17	6.17369e+17	6.92506e+17	7.51407e+17	3.35206e+17	8.60033e+15	6.15904e+15	5.63064e+15	2.46398e+15	1.55898e+15	3.11796e+15	4.67695e+15	6.23593e+15	7.79491e+15	9.35389e+15	1.09129e+16	1.24719e+16	1.524e+16	2.80083e+16	3.09705e+17	4.54043e+17	3.71086	3.5588	3.5588	3.5588	3.5588	3.5588	3.5588	3.5588	3.5588	3.5588	3.5588	3.52434	3.20878	4.68986	4.68986	
180812	6.8576e+17	2.78722e+17	1.2197e+17	7.71711e+16	1.54342e+17	2.31513e+17	3.08685e+17	3.85856e+17	4.63027e+17	5.40198e+17	6.17369e+17	6.925e+17	7.51385e+17	3.35206e+17	8.60033e+15	6.15894e+15	5.63052e+15	2.46393e+15	1.55895e+15	3.1179e+15	4.67684e+15	6.23579e+15	7.79474e+15	9.35369e+15	1.09126e+16	1.24716e+16	1.52439e+16	2.80224e+16	3.09705e+17	4.54043e+17	3.71234	3.56052	3.56052	3.56052	3.56052	3.56052	3.56052	3.56052	3.56052	3.56052	3.56052	3.52602	3.21053	4.68986	4.68986	
181064	6.8576e+17	2.78722e+17	1.2197e+17	7.71712e+16	1.54342e+17	2.31514e+17	3.08685e+17	3.85856e+17	4.63027e+17	5.40198e+17	6.17369e+17	6.92493e+17	7.51362e+17	3.35206e+17	8.60033e+15	6.15885e+15	5.63039e+15	2.46387e+15	1.55891e+15	3.11783e+15	4.67674e+15	6.23565e+15	7.79457e+15	9.35348e+15	1.09124e+16	1.24713e+16	1.52478e+16	2.80366e+16	3.09705e+17	4.54043e+17	3.71382	3.56223	3.56223	3.56223	3.56223	3.56223	3.56223	3.56223	3.56223	3.56223	3.56223	3.52771	3.21227	4.68986	4.68986	
181315	6.8576e+17	2.78723e+17	1.2197e+17	7.71712e+16	1.54342e+17	2.31514e+17	3.08685e+17	3.85856e+17	4.63027e+17	5.40199e+17	6.1737e+17	6.92487e+17	7.51339e+17	3.35206e+17	8.60033e+15	6.15875e+15	5.63027e+15	2.46382e+15	1.55888e+15	3.11776e+15	4.67664e+15	6.23552e+15	7.7944e+15	9.35327e+15	1.09122e+16	1.2471e+16	1.52518e+16	2.80508e+16	3.09705e+17	4.54043e+17	3.71529	3.56395	3.56395	3.56395	3.56395	3.56395	3.56395	3.56395	3.56395	3.56395	3.56395	3.52939	3.21402	4.68986	4.68986	
181567	6.8576e+17	2.78723e+17	1.2197e+17	7.71713e+16	1.54343e+17	2.31514e+17	3.08685e+17	3.85856e+17	4.63028e+17	5.40199e+17	6.1737e+17	6.92481e+17	7.51316e+17	3.35206e+17	8.60033e+15	6.15866e+15	5.63014e+15	2.46377e+15	1.55884e+15	3.11769e+15	4.67653e+15	6.23538e+15	7.79422e+15	9.35307e+15	1.09119e+16	1.24708e+16	1.52557e+16	2.80652e+16	3.09705e+17	4.54043e+17	3.71677	3.56566	3.56566	3.56566	3.56566	3.56566	3.56566	3.56566	3.56566	3.56566	3.56566	3.53107	3.21576	4.68986	4.68986	
181820	6.85761e+17	2.78723e+17	1.2197e+17	7.71713e+16	1.54343e+17	2.31514e+17	3.08685e+17	3.85857e+17	4.63028e+17	5.40199e+17	6.17371e+17	6.92474e+17	7.51292e+17	3.35206e+17	8.60033e+15	6.15857e+15	5.63002e+15	2.46371e+15	1.55881e+15	3.11762e+15	4.67643e+15	6.23524e+15	7.79405e+15	9.35286e+15	1.09117e+16	1.24705e+16	1.52596e+16	2.80796e+16	3.09705e+17	4.54043e+17	3.71824	3.56737	3.56737	3.56737	3.56737	3.56737	3.56737	3.56737	3.56737	3.56737	3.56737	3.53275	3.21751	4.68986	4.68986	
182071	6.85761e+17	2.78723e+17	1.2197e+17	7.71714e+16	1.54343e+17	2.31514e+17	3.08686e+17	3.85857e+17	4.63028e+17	5.402e+17	6.17371e+17	6.92468e+17	7.51269e+17	3.35206e+17	8.60033e+15	6.15847e+15	5.6299e+15	2.46366e+15	1.55878e+15	3.11755e+15	4.67633e+15	6.23511e+15	7.79388e+15	9.35266e+15	1.09114e+16	1.24702e+16	1.52636e+16	2.80941e+16	3.09705e+17	4.54043e+17	3.71971	3.56908	3.56908	3.56908	3.56908	3.56908	3.56908	3.56908	3.56908	3.56908	3.56908	3.53442	3.21925	4.68986	4.68986	
182323	6.85761e+17	2.78723e+17	1.2197e+17	7.71715e+16	1.54343e+17	2.31514e+17	3.08686e+17	3.85857e+17	4.63029e+17	5.402e+17	6.17372e+17	6.92461e+17	7.51246e+17	3.35206e+17	8.60033e+15	6.15838e+15	5.62978e+15	2.46361e+15	1.55874e+15	3.11749e+15	4.67623e+15	6.23497e+15	7.79372e+15	9.35246e+15	1.09112e+16	1.24699e+16	1.52675e+16	2.81086e+16	3.09705e+17	4.54043e+17	3.72118	3.57078	3.57078	3.57078	3.57078	3.57078	3.57078	3.57078	3.57078	3.57078	3.57078	3.5361	3.22099	4.68986	4.68986	
182575	6.85761e+17	2.78724e+17	1.2197e+17	7.71715e+16	1.54343e+17	2.31515e+17	3.08686e+17	3.85858e+17	4.63029e+17	5.40201e+17	6.17372e+17	6.92455e+17	7.51222e+17	3.35206e+17	8.60033e+15	6.15829e+15	5.62966e+15	2.46355e+15	1.55871e+15	3.11742e+15	4.67613e+15	6.23484e+15	7.79355e+15	9.35226e+15	1.0911e+16	1.24697e+16	1.52714e+16	2.81233e+16	3.09705e+17	4.54043e+17	3.72265	3.57249	3.57249	3.57249	3.57249	3.57249	3.57249	3.57249	3.57249	3.57249	3.57249	3.53777	3.22273	4.68986	4.68986	
182827	6.85761e+17	2.78724e+17	1.2197e+17	7.71716e+16	1.54343e+17	2.31515e+17	3.08686e+17	3.85858e+17	4.63029e+17	5.40201e+17	6.17373e+17	6.92449e+17	7.51198e+17	3.35206e+17	8.60033e+15	6.15819e+15	5.62953e+15	2.4635e+15	1.55868e+15	3.11735e+15	4.67603e+15	6.2347e+15	7.79338e+15	9.35206e+15	1.09107e+16	1.24694e+16	1.52753e+16	2.8138e+16	3.09705e+17	4.54043e+17	3.72411	3.57419	3.57419	3.57419	3.57419	3.57419	3.57419	3.57419	3.57419	3.57419	3.57419	3.53944	3.22447	4.68986	4.68986	
183080	6.85761e+17	2.78724e+17	1.2197e+17	7.71716e+16	1.54343e+17	2.31515e+17	3.08686e+17	3.85858e+17	4.6303e+17	5.40201e+17	6.17373e+17	6.92442e+17	7.51174e+17	3.35206e+17	8.60033e+15	6.1581e+15	5.62941e+15	2.46345e+15	1.55864e+15	3.11729e+15	4.67593e+15	6.23457e+15	7.79321e+15	9.35186e+15	1.09105e+16	1.24691e+16	1.52793e+16	2.81528e+16	3.09705e+17	4.54043e+17	3.72557	3.57588	3.57588	3.57588	3.57588	3.57588	3.57588	3.57588	3.57588	3.57588	3.57588	3.5411	3.22621	4.68986	4.68986	
183331	6.85762e+17	2.78724e+17	1.2197e+17	7.71717e+16	1.54343e+17	2.31515e+17	3.08687e+17	3.85858e+17	4.6303e+17	5.40202e+17	6.17373e+17	6.92436e+17	7.51151e+17	3.35206e+17	8.60033e+15	6.15801e+15	5.62929e+15	2.46339e+15	1.55861e+15	3.11722e+15	4.67583e+15	6.23444e+15	7.79305e+15	9.35166e+15	1.09103e+16	1.24689e+16	1.52832e+16	2.81677e+16	3.09705e+17	4.54043e+17	3.72703	3.57758	3.57758	3.57758	3.57758	3.57758	3.57758	3.57758	3.57758	3.57758	3.57758	3.54277	3.22794	4.68986	4.68986	
183583	6.85762e+17	2.78724e+17	1.2197e+17	7.71717e+16	1.54343e+17	2.31515e+17	3.08687e+17	3.85859e+17	4.6303e+17	5.40202e+17	6.17374e+17	6.9243e+17	7.51127e+17	3.35206e+17	8.60033e+15	6.15792e+15	5.62917e+15	2.46334e+15	1.55858e+15	3.11715e+15	4.67573e+15	6.2343e+15	7.79288e+15	9.35146e+15	1.091e+16	1.24686e+16	1.52871e+16	2.81826e+16	3.09705e+17	4.54043e+17	3.72849	3.57927	3.57927	3.57927	3.57927	3.57927	3.57927	3.57927	3.57927	3.57927	3.57927	3.54443	3.22968	4.68986	4.68986	
183835	6.85762e+17	2.78725e+17	1.21971e+17	7.71718e+16	1.54344e+17	2.31515e+17	3.08687e+17	3.85859e+17	4.63031e+17	5.40202e+17	6.17374e+17	6.92423e+17	7.51102e+17	3.35206e+17	8.60033e+15	6.15783e+15	5.62906e+15	2.46329e+15	1.55854e+15	3.11709e+15	4.67563e+15	6.23417e+15	7.79272e+15	9.35126e+15	1.09098e+16	1.24683e+16	1.5291e+16	2.81975e+16	3.09705e+17	4.54043e+17	3.72994	3.58095	3.58095	3.58095	3.58095	3.58095	3.58095	3.58095	3.58095	3.58095	3.58095	3.54608	3.23141	4.68986	4.68986	
184087	6.85762e+17	2.78725e+17	1.21971e+17	7.71718e+16	1.54344e+17	2.31516e+17	3.08687e+17	3.85859e+17	4.63031e+17	5.40203e+17	6.17375e+17	6.92417e+17	7.51078e+17	3.35206e+17	8.60033e+15	6.15774e+15	5.62894e+15	2.46324e+15	1.55851e+15	3.11702e+15	4.67553e+15	6.23404e+15	7.79255e+15	9.35106e+15	1.09096e+16	1.24681e+16	1.52949e+16	2.82126e+16	3.09705e+17	4.54043e+17	3.73139	3.58264	3.58264	3.58264	3.58264	3.58264	3.58264	3.58264	3.58264	3.58264	3.58264	3.54774	3.23314	4.68986	4.68986	
184339	6.85762e+17	2.78725e+17	1.21971e+17	7.71719e+16	1.54344e+17	2.31516e+17	3.08688e+17	3.85859e+17	4.63031e+17	5.40203e+17	6.17375e+17	6.9241e+17	7.51054e+17	3.35206e+17	8.60033e+15	6.15765e+15	5.62882e+15	2.46319e+15	1.55848e+15	3.11695e+15	4.67543e+15	6.23391e+15	7.79239e+15	9.35086e+15	1.09093e+16	1.24678e+16	1.52988e+16	2.82278e+16	3.09705e+17	4.54043e+17	3.73284	3.58433	3.58433	3.58433	3.58433	3.58433	3.58433	3.58433	3.58433	3.58433	3.58433	3.5494	3.23487	4.68986	4.68986	
184591	6.85762e+17	2.78725e+17	1.21971e+17	7.71719e+16	1.54344e+17	2.31516e+17	3.08688e+17	3.8586e+17	4.63032e+17	5.40204e+17	6.17376e+17	6.92404e+17	7.51029e+17	3.35206e+17	8.60033e+15	6.15756e+15	5.6287e+15	2.46313e+15	1.55844e+15	3.11689e+15	4.67533e+15	6.23378e+15	7.79222e+15	9.35067e+15	1.09091e+16	1.24676e+16	1.53027e+16	2.82429e+16	3.09705e+17	4.54043e+17	3.73429	3.58601	3.58601	3.58601	3.58601	3.58601	3.58601	3.58601	3.58601	3.58601	3.58601	3.55105	3.2366	4.68986	4.68986	
184843	6.85763e+17	2.78725e+17	1.21971e+17	7.7172e+16	1.54344e+17	2.31516e+17	3.08688e+17	3.8586e+17	4.63032e+17	5.40204e+17	6.17376e+17	6.92398e+17	7.51005e+17	3.35206e+17	8.60033e+15	6.15747e+15	5.62858e+15	2.46308e+15	1.55841e+15	3.11682e+15	4.67524e+15	6.23365e+15	7.79206e+15	9.35047e+15	1.09089e+16	1.24673e+16	1.53066e+16	2.82581e+16	3.09705e+17	4.54043e+17	3.73573	3.58768	3.58768	3.58768	3.58768	3.58768	3.58768	3.58768	3.58768	3.58768	3.58768	3.5527	3.23832	4.68986	4.68986	
185095	6.85763e+17	2.78725e+17	1.21971e+17	7.7172e+16	1.54344e+17	2.31516e+17	3.08688e+17	3.8586e+17	4.63032e+17	5.40204e+17	6.17376e+17	6.92391e+17	7.5098e+17	3.35206e+17	8.60033e+15	6.15738e+15	5.62847e+15	2.46303e+15	1.55838e+15	3.11676e+15	4.67514e+15	6.23352e+15	7.7919e+15	9.35028e+15	1.09087e+16	1.2467e+16	1.53105e+16	2.82735e+16	3.09705e+17	4.54043e+17	3.73718	3.58936	3.58936	3.58936	3.58936	3.58936	3.58936	3.58936	3.58936	3.58936	3.58936	3.55435	3.24005	4.68986	4.68986	
185347	6.85763e+17	2.78726e+17	1.21971e+17	7.71721e+16	1.54344e+17	2.31516e+17	3.08688e+17	3.8586e+17	4.63033e+17	5.40205e+17	6.17377e+17	6.92385e+17	7.50955e+17	3.35206e+17	8.60033e+15	6.15729e+15	5.62835e+15	2.46298e+15	1.55835e+15	3.11669e+15	4.67504e+15	6.23339e+15	7.79174e+15	9.35008e+15	1.09084e+16	1.24668e+16	1.53144e+16	2.82888e+16	3.09705e+17	4.54043e+17	3.73862	3.59104	3.59104	3.59104	3.59104	3.59104	3.59104	3.59104	3.59104	3.59104	3.59104	3.55599	3.24177	4.68986	4.68986	
185599	6.85763e+17	2.78726e+17	1.21971e+17	7.71721e+16	1.54344e+17	2.31516e+17	3.08689e+17	3.85861e+17	4.63033e+17	5.40205e+17	6.17377e+17	6.92379e+17	7.50931e+17	3.35206e+17	8.60033e+15	6.1572e+15	5.62823e+15	2.46293e+15	1.55832e+15	3.11663e+15	4.67495e+15	6.23326e+15	7.79158e+15	9.34989e+15	1.09082e+16	1.24665e+16	1.53182e+16	2.83042e+16	3.09705e+17	4.54043e+17	3.74006	3.59271	3.59271	3.59271	3.59271	3.59271	3.59271	3.59271	3.59271	3.59271	3.59271	3.55763	3.24349	4.68986	4.68986	
185851	6.85763e+17	2.78726e+17	1.21971e+17	7.71722e+16	1.54344e+17	2.31517e+17	3.08689e+17	3.85861e+17	4.63033e+17	5.40205e+17	6.17378e+17	6.92372e+17	7.50906e+17	3.35206e+17	8.60033e+15	6.15711e+15	5.62812e+15	2.46288e+15	1.55828e+15	3.11657e+15	4.67485e+15	6.23313e+15	7.79142e+15	9.3497e+15	1.0908e+16	1.24663e+16	1.53221e+16	2.83197e+16	3.09705e+17	4.54043e+17	3.7415	3.59437	3.59437	3.59437	3.59437	3.59437	3.59437	3.59437	3.59437	3.59437	3.59437	3.55927	3.24521	4.68986	4.68986	
186103	6.85763e+17	2.78726e+17	1.21971e+17	7.71723e+16	1.54345e+17	2.31517e+17	3.08689e+17	3.85861e+17	4.63034e+17	5.40206e+17	6.17378e+17	6.92366e+17	7.50881e+17	3.35206e+17	8.60033e+15	6.15703e+15	5.628e+15	2.46283e+15	1.55825e+15	3.1165e+15	4.67475e+15	6.233e+15	7.79126e+15	9.34951e+15	1.09078e+16	1.2466e+16	1.5326e+16	2.83352e+16	3.09705e+17	4.54043e+17	3.74293	3.59604	3.59604	3.59604	3.59604	3.59604	3.59604	3.59604	3.59604	3.59604	3.59604	3.56091	3.24693	4.68986	4.68986	
186356	6.85764e+17	2.78726e+17	1.21971e+17	7.71723e+16	1.54345e+17	2.31517e+17	3.08689e+17	3.85862e+17	4.63034e+17	5.40206e+17	6.17378e+17	6.9236e+17	7.50856e+17	3.35206e+17	8.60033e+15	6.15694e+15	5.62789e+15	2.46278e+15	1.55822e+15	3.11644e+15	4.67466e+15	6.23288e+15	7.7911e+15	9.34932e+15	1.09075e+16	1.24658e+16	1.53299e+16	2.83508e+16	3.09705e+17	4.54043e+17	3.74437	3.59771	3.59771	3.59771	3.59771	3.59771	3.59771	3.59771	3.59771	3.59771	3.59771	3.56255	3.24865	4.68986	4.68986	
186608	6.85764e+17	2.78727e+17	1.21971e+17	7.71724e+16	1.54345e+17	2.31517e+17	3.08689e+17	3.85862e+17	4.63034e+17	5.40206e+17	6.17379e+17	6.92354e+17	7.50831e+17	3.35206e+17	8.60033e+15	6.15685e+15	5.62777e+15	2.46273e+15	1.55819e+15	3.11638e+15	4.67456e+15	6.23275e+15	7.79094e+15	9.34913e+15	1.09073e+16	1.24655e+16	1.53337e+16	2.83664e+16	3.09705e+17	4.54043e+17	3.7458	3.59937	3.59937	3.59937	3.59937	3.59937	3.59937	3.59937	3.59937	3.59937	3.59937	3.56418	3.25037	4.68986	4.68986	
186860	6.85764e+17	2.78727e+17	1.21972e+17	7.71724e+16	1.54345e+17	2.31517e+17	3.0869e+17	3.85862e+17	4.63034e+17	5.40207e+17	6.17379e+17	6.92347e+17	7.50805e+17	3.35206e+17	8.60033e+15	6.15677e+15	5.62766e+15	2.46268e+15	1.55816e+15	3.11631e+15	4.67447e+15	6.23262e+15	7.79078e+15	9.34894e+15	1.09071e+16	1.24652e+16	1.53376e+16	2.83821e+16	3.09705e+17	4.54043e+17	3.74722	3.60102	3.60102	3.60102	3.60102	3.60102	3.60102	3.60102	3.60102	3.60102	3.60102	3.56581	3.25208	4.68986	4.68986	
187112	6.85764e+17	2.78727e+17	1.21972e+17	7.71725e+16	1.54345e+17	2.31517e+17	3.0869e+17	3.85862e+17	4.63035e+17	5.40207e+17	6.1738e+17	6.92341e+17	7.5078e+17	3.35206e+17	8.60033e+15	6.15668e+15	5.62754e+15	2.46263e+15	1.55812e+15	3.11625e+15	4.67437e+15	6.2325e+15	7.79062e+15	9.34875e+15	1.09069e+16	1.2465e+16	1.53415e+16	2.83978e+16	3.09705e+17	4.54043e+17	3.74865	3.60268	3.60268	3.60268	3.60268	3.60268	3.60268	3.60268	3.60268	3.60268	3.60268	3.56744	3.25379	4.68986	4.68986	
187363	6.85764e+17	2.78727e+17	1.21972e+17	7.71725e+16	1.54345e+17	2.31518e+17	3.0869e+17	3.85863e+17	4.63035e+17	5.40208e+17	6.1738e+17	6.92335e+17	7.50755e+17	3.35206e+17	8.60033e+15	6.15659e+15	5.62743e+15	2.46258e+15	1.55809e+15	3.11619e+15	4.67428e+15	6.23237e+15	7.79047e+15	9.34856e+15	1.09067e+16	1.24647e+16	1.53453e+16	2.84135e+16	3.09705e+17	4.54043e+17	3.75007	3.60433	3.60433	3.60433	3.60433	3.60433	3.60433	3.60433	3.60433	3.60433	3.60433	3.56906	3.2555	4.68986	4.68986	
187616	6.85764e+17	2.78727e+17	1.21972e+17	7.71726e+16	1.54345e+17	2.31518e+17	3.0869e+17	3.85863e+17	4.63035e+17	5.40208e+17	6.1738e+17	6.92328e+17	7.50729e+17	3.35206e+17	8.60033e+15	6.15651e+15	5.62732e+15	2.46253e+15	1.55806e+15	3.11612e+15	4.67419e+15	6.23225e+15	7.79031e+15	9.34837e+15	1.09064e+16	1.24645e+16	1.53492e+16	2.84293e+16	3.09705e+17	4.54043e+17	3.7515	3.60598	3.60598	3.60598	3.60598	3.60598	3.60598	3.60598	3.60598	3.60598	3.60598	3.57069	3.25721	4.68986	4.68986	
187868	6.85764e+17	2.78728e+17	1.21972e+17	7.71726e+16	1.54345e+17	2.31518e+17	3.0869e+17	3.85863e+17	4.63036e+17	5.40208e+17	6.17381e+17	6.92322e+17	7.50704e+17	3.35206e+17	8.60033e+15	6.15642e+15	5.6272e+15	2.46248e+15	1.55803e+15	3.11606e+15	4.67409e+15	6.23212e+15	7.79015e+15	9.34818e+15	1.09062e+16	1.24642e+16	1.5353e+16	2.84452e+16	3.09705e+17	4.54043e+17	3.75292	3.60763	3.60763	3.60763	3.60763	3.60763	3.60763	3.60763	3.60763	3.60763	3.60763	3.57231	3.25892	4.68986	4.68986	
188120	6.85765e+17	2.78728e+17	1.21972e+17	7.71727e+16	1.54345e+17	2.31518e+17	3.08691e+17	3.85863e+17	4.63036e+17	5.40209e+17	6.17381e+17	6.92316e+17	7.50678e+17	3.35206e+17	8.60033e+15	6.15634e+15	5.62709e+15	2.46243e+15	1.558e+15	3.116e+15	4.674e+15	6.232e+15	7.79e+15	9.348e+15	1.0906e+16	1.2464e+16	1.53569e+16	2.8461e+16	3.09705e+17	4.54043e+17	3.75433	3.60927	3.60927	3.60927	3.60927	3.60927	3.60927	3.60927	3.60927	3.60927	3.60927	3.57393	3.26062	4.68986	4.68986	
188372	6.85765e+17	2.78728e+17	1.21972e+17	7.71727e+16	1.54345e+17	2.31518e+17	3.08691e+17	3.85864e+17	4.63036e+17	5.40209e+17	6.17382e+17	6.9231e+17	7.50653e+17	3.35206e+17	8.60033e+15	6.15625e+15	5.62698e+15	2.46238e+15	1.55797e+15	3.11594e+15	4.67391e+15	6.23188e+15	7.78984e+15	9.34781e+15	1.09058e+16	1.24638e+16	1.53607e+16	2.84769e+16	3.09705e+17	4.54043e+17	3.75575	3.61091	3.61091	3.61091	3.61091	3.61091	3.61091	3.61091	3.61091	3.61091	3.61091	3.57555	3.26232	4.68986	4.68986	
188624	6.85765e+17	2.78728e+17	1.21972e+17	7.71728e+16	1.54346e+17	2.31518e+17	3.08691e+17	3.85864e+17	4.63037e+17	5.40209e+17	6.17382e+17	6.92303e+17	7.50627e+17	3.35206e+17	8.60033e+15	6.15617e+15	5.62687e+15	2.46233e+15	1.55794e+15	3.11588e+15	4.67381e+15	6.23175e+15	7.78969e+15	9.34763e+15	1.09056e+16	1.24635e+16	1.53646e+16	2.84929e+16	3.09705e+17	4.54043e+17	3.75716	3.61256	3.61256	3.61256	3.61256	3.61256	3.61256	3.61256	3.61256	3.61256	3.61256	3.57716	3.26403	4.68986	4.68986	
188877	6.85765e+17	2.78728e+17	1.21972e+17	7.71728e+16	1.54346e+17	2.31518e+17	3.08691e+17	3.85864e+17	4.63037e+17	5.4021e+17	6.17382e+17	6.92297e+17	7.50601e+17	3.35206e+17	8.60033e+15	6.15609e+15	5.62676e+15	2.46228e+15	1.55791e+15	3.11581e+15	4.67372e+15	6.23163e+15	7.78954e+15	9.34744e+15	1.09054e+16	1.24633e+16	1.53684e+16	2.85089e+16	3.09705e+17	4.54043e+17	3.75857	3.6142	3.6142	3.6142	3.6142	3.6142	3.6142	3.6142	3.6142	3.6142	3.6142	3.57878	3.26573	4.68986	4.68986	
189129	6.85765e+17	2.78728e+17	1.21972e+17	7.71729e+16	1.54346e+17	2.31519e+17	3.08691e+17	3.85864e+17	4.63037e+17	5.4021e+17	6.17383e+17	6.92291e+17	7.50576e+17	3.35206e+17	8.60033e+15	6.156e+15	5.62665e+15	2.46224e+15	1.55788e+15	3.11575e+15	4.67363e+15	6.23151e+15	7.78938e+15	9.34726e+15	1.09051e+16	1.2463e+16	1.53723e+16	2.8525e+16	3.09705e+17	4.54043e+17	3.75998	3.61583	3.61583	3.61583	3.61583	3.61583	3.61583	3.61583	3.61583	3.61583	3.61583	3.58039	3.26743	4.68986	4.68986	
189381	6.85765e+17	2.78729e+17	1.21972e+17	7.71729e+16	1.54346e+17	2.31519e+17	3.08692e+17	3.85865e+17	4.63037e+17	5.4021e+17	6.17383e+17	6.92285e+17	7.5055e+17	3.35206e+17	8.60033e+15	6.15592e+15	5.62654e+15	2.46219e+15	1.55785e+15	3.11569e+15	4.67354e+15	6.23139e+15	7.78923e+15	9.34708e+15	1.09049e+16	1.24628e+16	1.53761e+16	2.8541e+16	3.09705e+17	4.54043e+17	3.76139	3.61746	3.61746	3.61746	3.61746	3.61746	3.61746	3.61746	3.61746	3.61746	3.61746	3.58199	3.26912	4.68986	4.68986	
189633	6.85766e+17	2.78729e+17	1.21972e+17	7.7173e+16	1.54346e+17	2.31519e+17	3.08692e+17	3.85865e+17	4.63038e+17	5.40211e+17	6.17384e+17	6.92278e+17	7.50524e+17	3.35206e+17	8.60033e+15	6.15584e+15	5.62643e+15	2.46214e+15	1.55782e+15	3.11563e+15	4.67345e+15	6.23126e+15	7.78908e+15	9.3469e+15	1.09047e+16	1.24625e+16	1.53799e+16	2.85571e+16	3.09705e+17	4.54043e+17	3.76279	3.61909	3.61909	3.61909	3.61909	3.61909	3.61909	3.61909	3.61909	3.61909	3.61909	3.5836	3.27082	4.68986	4.68986	
189886	6.85766e+17	2.78729e+17	1.21973e+17	7.7173e+16	1.54346e+17	2.31519e+17	3.08692e+17	3.85865e+17	4.63038e+17	5.40211e+17	6.17384e+17	6.92272e+17	7.50498e+17	3.35206e+17	8.60033e+15	6.15576e+15	5.62632e+15	2.46209e+15	1.55779e+15	3.11557e+15	4.67336e+15	6.23114e+15	7.78893e+15	9.34671e+15	1.09045e+16	1.24623e+16	1.53838e+16	2.85733e+16	3.09705e+17	4.54043e+17	3.7642	3.62072	3.62072	3.62072	3.62072	3.62072	3.62072	3.62072	3.62072	3.62072	3.62072	3.58521	3.27251	4.68986	4.68986	
190138	6.85766e+17	2.78729e+17	1.21973e+17	7.71731e+16	1.54346e+17	2.31519e+17	3.08692e+17	3.85865e+17	4.63038e+17	5.40211e+17	6.17384e+17	6.92266e+17	7.50472e+17	3.35206e+17	8.60033e+15	6.15567e+15	5.62621e+15	2.46204e+15	1.55776e+15	3.11551e+15	4.67327e+15	6.23102e+15	7.78878e+15	9.34653e+15	1.09043e+16	1.2462e+16	1.53876e+16	2.85895e+16	3.09705e+17	4.54043e+17	3.7656	3.62235	3.62235	3.62235	3.62235	3.62235	3.62235	3.62235	3.62235	3.62235	3.62235	3.58681	3.27421	4.68986	4.68986	
190390	6.85766e+17	2.78729e+17	1.21973e+17	7.71731e+16	1.54346e+17	2.31519e+17	3.08692e+17	3.85865e+17	4.63039e+17	5.40212e+17	6.17385e+17	6.9226e+17	7.50446e+17	3.35206e+17	8.60033e+15	6.15559e+15	5.6261e+15	2.462e+15	1.55773e+15	3.11545e+15	4.67318e+15	6.2309e+15	7.78863e+15	9.34635e+15	1.09041e+16	1.24618e+16	1.53914e+16	2.86057e+16	3.09705e+17	4.54043e+17	3.76699	3.62397	3.62397	3.62397	3.62397	3.62397	3.62397	3.62397	3.62397	3.62397	3.62397	3.58841	3.27589	4.68986	4.68986	
190642	6.85766e+17	2.78729e+17	1.21973e+17	7.71731e+16	1.54346e+17	2.31519e+17	3.08693e+17	3.85866e+17	4.63039e+17	5.40212e+17	6.17385e+17	6.92253e+17	7.5042e+17	3.35206e+17	8.60033e+15	6.15551e+15	5.62599e+15	2.46195e+15	1.5577e+15	3.11539e+15	4.67309e+15	6.23078e+15	7.78848e+15	9.34617e+15	1.09039e+16	1.24616e+16	1.53953e+16	2.86219e+16	3.09705e+17	4.54043e+17	3.76839	3.62559	3.62559	3.62559	3.62559	3.62559	3.62559	3.62559	3.62559	3.62559	3.62559	3.59	3.27758	4.68986	4.68986	
190894	6.85766e+17	2.7873e+17	1.21973e+17	7.71732e+16	1.54346e+17	2.3152e+17	3.08693e+17	3.85866e+17	4.63039e+17	5.40212e+17	6.17386e+17	6.92247e+17	7.50393e+17	3.35206e+17	8.60033e+15	6.15543e+15	5.62589e+15	2.4619e+15	1.55767e+15	3.11533e+15	4.673e+15	6.23066e+15	7.78833e+15	9.346e+15	1.09037e+16	1.24613e+16	1.53991e+16	2.86382e+16	3.09705e+17	4.54043e+17	3.76978	3.6272	3.6272	3.6272	3.6272	3.6272	3.6272	3.6272	3.6272	3.6272	3.6272	3.59159	3.27926	4.68986	4.68986	
191146	6.85766e+17	2.7873e+17	1.21973e+17	7.71732e+16	1.54346e+17	2.3152e+17	3.08693e+17	3.85866e+17	4.63039e+17	5.40213e+17	6.17386e+17	6.92241e+17	7.50367e+17	3.35206e+17	8.60033e+15	6.15535e+15	5.62578e+15	2.46186e+15	1.55764e+15	3.11527e+15	4.67291e+15	6.23055e+15	7.78818e+15	9.34582e+15	1.09035e+16	1.24611e+16	1.54029e+16	2.86545e+16	3.09705e+17	4.54043e+17	3.77118	3.62882	3.62882	3.62882	3.62882	3.62882	3.62882	3.62882	3.62882	3.62882	3.62882	3.59319	3.28095	4.68986	4.68986	
191399	6.85767e+17	2.7873e+17	1.21973e+17	7.71733e+16	1.54347e+17	2.3152e+17	3.08693e+17	3.85866e+17	4.6304e+17	5.40213e+17	6.17386e+17	6.92235e+17	7.50341e+17	3.35206e+17	8.60032e+15	6.15527e+15	5.62567e+15	2.46181e+15	1.55761e+15	3.11521e+15	4.67282e+15	6.23043e+15	7.78803e+15	9.34564e+15	1.09032e+16	1.24609e+16	1.54067e+16	2.86708e+16	3.09705e+17	4.54043e+17	3.77257	3.63044	3.63044	3.63044	3.63044	3.63044	3.63044	3.63044	3.63044	3.63044	3.63044	3.59478	3.28264	4.68986	4.68986	
191651	6.85767e+17	2.7873e+17	1.21973e+17	7.71733e+16	1.54347e+17	2.3152e+17	3.08693e+17	3.85867e+17	4.6304e+17	5.40213e+17	6.17387e+17	6.92229e+17	7.50315e+17	3.35206e+17	8.60032e+15	6.15519e+15	5.62557e+15	2.46176e+15	1.55758e+15	3.11515e+15	4.67273e+15	6.23031e+15	7.78789e+15	9.34546e+15	1.0903e+16	1.24606e+16	1.54105e+16	2.86872e+16	3.09705e+17	4.54043e+17	3.77395	3.63204	3.63204	3.63204	3.63204	3.63204	3.63204	3.63204	3.63204	3.63204	3.63204	3.59637	3.28432	4.68986	4.68986	
191903	6.85767e+17	2.7873e+17	1.21973e+17	7.71734e+16	1.54347e+17	2.3152e+17	3.08694e+17	3.85867e+17	4.6304e+17	5.40214e+17	6.17387e+17	6.92222e+17	7.50288e+17	3.35206e+17	8.60032e+15	6.15511e+15	5.62546e+15	2.46172e+15	1.55755e+15	3.1151e+15	4.67264e+15	6.23019e+15	7.78774e+15	9.34529e+15	1.09028e+16	1.24604e+16	1.54143e+16	2.87035e+16	3.09705e+17	4.54043e+17	3.77534	3.63365	3.63365	3.63365	3.63365	3.63365	3.63365	3.63365	3.63365	3.63365	3.63365	3.59795	3.28599	4.68986	4.68986	
192155	6.85767e+17	2.7873e+17	1.21973e+17	7.71734e+16	1.54347e+17	2.3152e+17	3.08694e+17	3.85867e+17	4.63041e+17	5.40214e+17	6.17387e+17	6.92216e+17	7.50262e+17	3.35206e+17	8.60032e+15	6.15503e+15	5.62536e+15	2.46167e+15	1.55752e+15	3.11504e+15	4.67256e+15	6.23008e+15	7.78759e+15	9.34511e+15	1.09026e+16	1.24602e+16	1.54181e+16	2.872e+16	3.09705e+17	4.54043e+17	3.77672	3.63526	3.63526	3.63526	3.63526	3.63526	3.63526	3.63526	3.63526	3.63526	3.63526	3.59954	3.28767	4.68986	4.68986	
192408	6.85767e+17	2.78731e+17	1.21973e+17	7.71735e+16	1.54347e+17	2.3152e+17	3.08694e+17	3.85867e+17	4.63041e+17	5.40214e+17	6.17388e+17	6.9221e+17	7.50235e+17	3.35206e+17	8.60032e+15	6.15496e+15	5.62525e+15	2.46162e+15	1.55749e+15	3.11498e+15	4.67247e+15	6.22996e+15	7.78745e+15	9.34494e+15	1.09024e+16	1.24599e+16	1.54219e+16	2.87364e+16	3.09705e+17	4.54043e+17	3.77811	3.63686	3.63686	3.63686	3.63686	3.63686	3.63686	3.63686	3.63686	3.63686	3.63686	3.60112	3.28935	4.68986	4.68986	
192660	6.85767e+17	2.78731e+17	1.21973e+17	7.71735e+16	1.54347e+17	2.31521e+17	3.08694e+17	3.85868e+17	4.63041e+17	5.40215e+17	6.17388e+17	6.92204e+17	7.50209e+17	3.35206e+17	8.60032e+15	6.15488e+15	5.62515e+15	2.46158e+15	1.55746e+15	3.11492e+15	4.67238e+15	6.22984e+15	7.7873e+15	9.34476e+15	1.09022e+16	1.24597e+16	1.54257e+16	2.87529e+16	3.09705e+17	4.54043e+17	3.77948	3.63846	3.63846	3.63846	3.63846	3.63846	3.63846	3.63846	3.63846	3.63846	3.63846	3.6027	3.29102	4.68986	4.68986	
192912	6.85767e+17	2.78731e+17	1.21973e+17	7.71736e+16	1.54347e+17	2.31521e+17	3.08694e+17	3.85868e+17	4.63041e+17	5.40215e+17	6.17389e+17	6.92198e+17	7.50183e+17	3.35206e+17	8.60032e+15	6.1548e+15	5.62504e+15	2.46153e+15	1.55743e+15	3.11486e+15	4.6723e+15	6.22973e+15	7.78716e+15	9.34459e+15	1.0902e+16	1.24595e+16	1.54295e+16	2.87693e+16	3.09705e+17	4.54043e+17	3.78086	3.64006	3.64006	3.64006	3.64006	3.64006	3.64006	3.64006	3.64006	3.64006	3.64006	3.60427	3.29269	4.68986	4.68986	
193164	6.85768e+17	2.78731e+17	1.21973e+17	7.71736e+16	1.54347e+17	2.31521e+17	3.08694e+17	3.85868e+17	4.63042e+17	5.40215e+17	6.17389e+17	6.92191e+17	7.50156e+17	3.35206e+17	8.60032e+15	6.15472e+15	5.62494e+15	2.46149e+15	1.5574e+15	3.11481e+15	4.67221e+15	6.22961e+15	7.78702e+15	9.34442e+15	1.09018e+16	1.24592e+16	1.54333e+16	2.87859e+16	3.09705e+17	4.54043e+17	3.78224	3.64166	3.64166	3.64166	3.64166	3.64166	3.64166	3.64166	3.64166	3.64166	3.64166	3.60585	3.29436	4.68986	4.68986	
193417	6.85768e+17	2.78731e+17	1.21974e+17	7.71737e+16	1.54347e+17	2.31521e+17	3.08695e+17	3.85868e+17	4.63042e+17	5.40216e+17	6.17389e+17	6.92185e+17	7.50129e+17	3.35206e+17	8.60032e+15	6.15465e+15	5.62483e+15	2.46144e+15	1.55737e+15	3.11475e+15	4.67212e+15	6.2295e+15	7.78687e+15	9.34425e+15	1.09016e+16	1.2459e+16	1.54371e+16	2.88024e+16	3.09705e+17	4.54043e+17	3.78361	3.64325	3.64325	3.64325	3.64325	3.64325	3.64325	3.64325	3.64325	3.64325	3.64325	3.60742	3.29603	4.68986	4.68986	
193669	6.85768e+17	2.78732e+17	1.21974e+17	7.71737e+16	1.54347e+17	2.31521e+17	3.08695e+17	3.85869e+17	4.63042e+17	5.40216e+17	6.1739e+17	6.92179e+17	7.50103e+17	3.35206e+17	8.60032e+15	6.15457e+15	5.62473e+15	2.4614e+15	1.55735e+15	3.11469e+15	4.67204e+15	6.22938e+15	7.78673e+15	9.34408e+15	1.09014e+16	1.24588e+16	1.54409e+16	2.8819e+16	3.09705e+17	4.54043e+17	3.78498	3.64484	3.64484	3.64484	3.64484	3.64484	3.64484	3.64484	3.64484	3.64484	3.64484	3.60899	3.2977	4.68986	4.68986	
193921	6.85768e+17	2.78732e+17	1.21974e+17	7.71738e+16	1.54348e+17	2.31521e+17	3.08695e+17	3.85869e+17	4.63043e+17	5.40216e+17	6.1739e+17	6.92173e+17	7.50076e+17	3.35206e+17	8.60032e+15	6.15449e+15	5.62463e+15	2.46135e+15	1.55732e+15	3.11464e+15	4.67195e+15	6.22927e+15	7.78659e+15	9.34391e+15	1.09012e+16	1.24585e+16	1.54446e+16	2.88355e+16	3.09705e+17	4.54043e+17	3.78635	3.64643	3.64643	3.64643	3.64643	3.64643	3.64643	3.64643	3.64643	3.64643	3.64643	3.61056	3.29936	4.68986	4.68986	
194174	6.85768e+17	2.78732e+17	1.21974e+17	7.71738e+16	1.54348e+17	2.31521e+17	3.08695e+17	3.85869e+17	4.63043e+17	5.40217e+17	6.1739e+17	6.92167e+17	7.50049e+17	3.35206e+17	8.60032e+15	6.15442e+15	5.62453e+15	2.46131e+15	1.55729e+15	3.11458e+15	4.67187e+15	6.22916e+15	7.78645e+15	9.34374e+15	1.0901e+16	1.24583e+16	1.54484e+16	2.88521e+16	3.09705e+17	4.54043e+17	3.78772	3.64801	3.64801	3.64801	3.64801	3.64801	3.64801	3.64801	3.64801	3.64801	3.64801	3.61212	3.30103	4.68986	4.68986	
194426	6.85768e+17	2.78732e+17	1.21974e+17	7.71738e+16	1.54348e+17	2.31522e+17	3.08695e+17	3.85869e+17	4.63043e+17	5.40217e+17	6.17391e+17	6.92161e+17	7.50023e+17	3.35206e+17	8.60032e+15	6.15434e+15	5.62442e+15	2.46126e+15	1.55726e+15	3.11452e+15	4.67178e+15	6.22904e+15	7.78631e+15	9.34357e+15	1.09008e+16	1.24581e+16	1.54522e+16	2.88687e+16	3.09705e+17	4.54043e+17	3.78908	3.64959	3.64959	3.64959	3.64959	3.64959	3.64959	3.64959	3.64959	3.64959	3.64959	3.61368	3.30268	4.68986	4.68986	
194678	6.85768e+17	2.78732e+17	1.21974e+17	7.71739e+16	1.54348e+17	2.31522e+17	3.08696e+17	3.85869e+17	4.63043e+17	5.40217e+17	6.17391e+17	6.92155e+17	7.49996e+17	3.35206e+17	8.60032e+15	6.15427e+15	5.62432e+15	2.46122e+15	1.55723e+15	3.11447e+15	4.6717e+15	6.22893e+15	7.78616e+15	9.3434e+15	1.09006e+16	1.24579e+16	1.5456e+16	2.88854e+16	3.09705e+17	4.54043e+17	3.79044	3.65118	3.65118	3.65118	3.65118	3.65118	3.65118	3.65118	3.65118	3.65118	3.65118	3.61525	3.30434	4.68986	4.68986	
194931	6.85768e+17	2.78732e+17	1.21974e+17	7.71739e+16	1.54348e+17	2.31522e+17	3.08696e+17	3.8587e+17	4.63044e+17	5.40218e+17	6.17392e+17	6.92148e+17	7.49969e+17	3.35206e+17	8.60032e+15	6.15419e+15	5.62422e+15	2.46117e+15	1.5572e+15	3.11441e+15	4.67161e+15	6.22882e+15	7.78602e+15	9.34323e+15	1.09004e+16	1.24576e+16	1.54597e+16	2.8902e+16	3.09705e+17	4.54043e+17	3.7918	3.65276	3.65276	3.65276	3.65276	3.65276	3.65276	3.65276	3.65276	3.65276	3.65276	3.61681	3.306	4.68986	4.68986	
195183	6.85769e+17	2.78732e+17	1.21974e+17	7.7174e+16	1.54348e+17	2.31522e+17	3.08696e+17	3.8587e+17	4.63044e+17	5.40218e+17	6.17392e+17	6.92142e+17	7.49942e+17	3.35206e+17	8.60032e+15	6.15412e+15	5.62412e+15	2.46113e+15	1.55718e+15	3.11435e+15	4.67153e+15	6.22871e+15	7.78589e+15	9.34306e+15	1.09002e+16	1.24574e+16	1.54635e+16	2.89187e+16	3.09705e+17	4.54043e+17	3.79316	3.65433	3.65433	3.65433	3.65433	3.65433	3.65433	3.65433	3.65433	3.65433	3.65433	3.61836	3.30766	4.68986	4.68986	
195435	6.85769e+17	2.78733e+17	1.21974e+17	7.7174e+16	1.54348e+17	2.31522e+17	3.08696e+17	3.8587e+17	4.63044e+17	5.40218e+17	6.17392e+17	6.92136e+17	7.49916e+17	3.35206e+17	8.60032e+15	6.15404e+15	5.62402e+15	2.46109e+15	1.55715e+15	3.1143e+15	4.67145e+15	6.2286e+15	7.78575e+15	9.3429e+15	1.09e+16	1.24572e+16	1.54673e+16	2.89354e+16	3.09705e+17	4.54043e+17	3.79452	3.6559	3.6559	3.6559	3.6559	3.6559	3.6559	3.6559	3.6559	3.6559	3.6559	3.61992	3.30931	4.68986	4.68986	
195688	6.85769e+17	2.78733e+17	1.21974e+17	7.71741e+16	1.54348e+17	2.31522e+17	3.08696e+17	3.8587e+17	4.63044e+17	5.40219e+17	6.17393e+17	6.9213e+17	7.49889e+17	3.35206e+17	8.60032e+15	6.15397e+15	5.62392e+15	2.46104e+15	1.55712e+15	3.11424e+15	4.67136e+15	6.22849e+15	7.78561e+15	9.34273e+15	1.08999e+16	1.2457e+16	1.5471e+16	2.89521e+16	3.09705e+17	4.54043e+17	3.79587	3.65748	3.65748	3.65748	3.65748	3.65748	3.65748	3.65748	3.65748	3.65748	3.65748	3.62147	3.31096	4.68986	4.68986	
195940	6.85769e+17	2.78733e+17	1.21974e+17	7.71741e+16	1.54348e+17	2.31522e+17	3.08696e+17	3.85871e+17	4.63045e+17	5.40219e+17	6.17393e+17	6.92124e+17	7.49862e+17	3.35206e+17	8.60032e+15	6.15389e+15	5.62382e+15	2.461e+15	1.55709e+15	3.11419e+15	4.67128e+15	6.22838e+15	7.78547e+15	9.34256e+15	1.08997e+16	1.24568e+16	1.54748e+16	2.89688e+16	3.09705e+17	4.54043e+17	3.79723	3.65905	3.65905	3.65905	3.65905	3.65905	3.65905	3.65905	3.65905	3.65905	3.65905	3.62302	3.31261	4.68986	4.68986	
196192	6.85769e+17	2.78733e+17	1.21974e+17	7.71742e+16	1.54348e+17	2.31522e+17	3.08697e+17	3.85871e+17	4.63045e+17	5.40219e+17	6.17393e+17	6.92118e+17	7.49835e+17	3.35206e+17	8.60032e+15	6.15382e+15	5.62372e+15	2.46096e+15	1.55707e+15	3.11413e+15	4.6712e+15	6.22827e+15	7.78533e+15	9.3424e+15	1.08995e+16	1.24565e+16	1.54785e+16	2.89855e+16	3.09705e+17	4.54043e+17	3.79858	3.66061	3.66061	3.66061	3.66061	3.66061	3.66061	3.66061	3.66061	3.66061	3.66061	3.62457	3.31426	4.68986	4.68986	
196445	6.85769e+17	2.78733e+17	1.21974e+17	7.71742e+16	1.54348e+17	2.31523e+17	3.08697e+17	3.85871e+17	4.63045e+17	5.40219e+17	6.17394e+17	6.92112e+17	7.49808e+17	3.35206e+17	8.60032e+15	6.15375e+15	5.62362e+15	2.46091e+15	1.55704e+15	3.11408e+15	4.67112e+15	6.22816e+15	7.7852e+15	9.34224e+15	1.08993e+16	1.24563e+16	1.54823e+16	2.90023e+16	3.09705e+17	4.54043e+17	3.79992	3.66217	3.66217	3.66217	3.66217	3.66217	3.66217	3.66217	3.66217	3.66217	3.66217	3.62611	3.3159	4.68986	4.68986	
196697	6.85769e+17	2.78733e+17	1.21974e+17	7.71743e+16	1.54349e+17	2.31523e+17	3.08697e+17	3.85871e+17	4.63046e+17	5.4022e+17	6.17394e+17	6.92106e+17	7.49781e+17	3.35206e+17	8.60032e+15	6.15368e+15	5.62353e+15	2.46087e+15	1.55701e+15	3.11402e+15	4.67104e+15	6.22805e+15	7.78506e+15	9.34207e+15	1.08991e+16	1.24561e+16	1.5486e+16	2.90191e+16	3.09705e+17	4.54043e+17	3.80127	3.66374	3.66374	3.66374	3.66374	3.66374	3.66374	3.66374	3.66374	3.66374	3.66374	3.62766	3.31755	4.68986	4.68986	
196950	6.8577e+17	2.78734e+17	1.21975e+17	7.71743e+16	1.54349e+17	2.31523e+17	3.08697e+17	3.85871e+17	4.63046e+17	5.4022e+17	6.17394e+17	6.92099e+17	7.49754e+17	3.35206e+17	8.60032e+15	6.1536e+15	5.62343e+15	2.46083e+15	1.55698e+15	3.11397e+15	4.67095e+15	6.22794e+15	7.78492e+15	9.34191e+15	1.08989e+16	1.24559e+16	1.54898e+16	2.90359e+16	3.09705e+17	4.54043e+17	3.80262	3.6653	3.6653	3.6653	3.6653	3.6653	3.6653	3.6653	3.6653	3.6653	3.6653	3.6292	3.31919	4.68986	4.68986	
197203	6.8577e+17	2.78734e+17	1.21975e+17	7.71743e+16	1.54349e+17	2.31523e+17	3.08697e+17	3.85872e+17	4.63046e+17	5.4022e+17	6.17395e+17	6.92093e+17	7.49727e+17	3.35206e+17	8.60032e+15	6.15353e+15	5.62333e+15	2.46078e+15	1.55696e+15	3.11392e+15	4.67087e+15	6.22783e+15	7.78479e+15	9.34175e+15	1.08987e+16	1.24557e+16	1.54935e+16	2.90527e+16	3.09705e+17	4.54043e+17	3.80396	3.66686	3.66686	3.66686	3.66686	3.66686	3.66686	3.66686	3.66686	3.66686	3.66686	3.63074	3.32084	4.68986	4.68986	
197455	6.8577e+17	2.78734e+17	1.21975e+17	7.71744e+16	1.54349e+17	2.31523e+17	3.08698e+17	3.85872e+17	4.63046e+17	5.40221e+17	6.17395e+17	6.92087e+17	7.497e+17	3.35206e+17	8.60032e+15	6.15346e+15	5.62323e+15	2.46074e+15	1.55693e+15	3.11386e+15	4.67079e+15	6.22772e+15	7.78465e+15	9.34159e+15	1.08985e+16	1.24554e+16	1.54973e+16	2.90695e+16	3.09705e+17	4.54043e+17	3.8053	3.66841	3.66841	3.66841	3.66841	3.66841	3.66841	3.66841	3.66841	3.66841	3.66841	3.63228	3.32247	4.68986	4.68986	
197707	6.8577e+17	2.78734e+17	1.21975e+17	7.71744e+16	1.54349e+17	2.31523e+17	3.08698e+17	3.85872e+17	4.63047e+17	5.40221e+17	6.17395e+17	6.92081e+17	7.49673e+17	3.35206e+17	8.60032e+15	6.15339e+15	5.62314e+15	2.4607e+15	1.5569e+15	3.11381e+15	4.67071e+15	6.22762e+15	7.78452e+15	9.34142e+15	1.08983e+16	1.24552e+16	1.5501e+16	2.90863e+16	3.09705e+17	4.54043e+17	3.80664	3.66996	3.66996	3.66996	3.66996	3.66996	3.66996	3.66996	3.66996	3.66996	3.66996	3.63381	3.32411	4.68986	4.68986	
197959	6.8577e+17	2.78734e+17	1.21975e+17	7.71745e+16	1.54349e+17	2.31523e+17	3.08698e+17	3.85872e+17	4.63047e+17	5.40221e+17	6.17396e+17	6.92075e+17	7.49646e+17	3.35206e+17	8.60032e+15	6.15332e+15	5.62304e+15	2.46066e+15	1.55688e+15	3.11375e+15	4.67063e+15	6.22751e+15	7.78439e+15	9.34126e+15	1.08981e+16	1.2455e+16	1.55047e+16	2.91031e+16	3.09705e+17	4.54043e+17	3.80797	3.67151	3.67151	3.67151	3.67151	3.67151	3.67151	3.67151	3.67151	3.67151	3.67151	3.63534	3.32574	4.68986	4.68986	
198212	6.8577e+17	2.78734e+17	1.21975e+17	7.71745e+16	1.54349e+17	2.31524e+17	3.08698e+17	3.85873e+17	4.63047e+17	5.40222e+17	6.17396e+17	6.92069e+17	7.49619e+17	3.35206e+17	8.60032e+15	6.15325e+15	5.62294e+15	2.46061e+15	1.55685e+15	3.1137e+15	4.67055e+15	6.2274e+15	7.78425e+15	9.3411e+15	1.0898e+16	1.24548e+16	1.55084e+16	2.912e+16	3.09705e+17	4.54043e+17	3.80931	3.67306	3.67306	3.67306	3.67306	3.67306	3.67306	3.67306	3.67306	3.67306	3.67306	3.63687	3.32738	4.68986	4.68986	
198464	6.8577e+17	2.78735e+17	1.21975e+17	7.71746e+16	1.54349e+17	2.31524e+17	3.08698e+17	3.85873e+17	4.63047e+17	5.40222e+17	6.17396e+17	6.92063e+17	7.49592e+17	3.35206e+17	8.60032e+15	6.15318e+15	5.62285e+15	2.46057e+15	1.55682e+15	3.11365e+15	4.67047e+15	6.2273e+15	7.78412e+15	9.34095e+15	1.08978e+16	1.24546e+16	1.55122e+16	2.91368e+16	3.09705e+17	4.54043e+17	3.81064	3.6746	3.6746	3.6746	3.6746	3.6746	3.6746	3.6746	3.6746	3.6746	3.6746	3.6384	3.32901	4.68986	4.68986	
198717	6.8577e+17	2.78735e+17	1.21975e+17	7.71746e+16	1.54349e+17	2.31524e+17	3.08698e+17	3.85873e+17	4.63048e+17	5.40222e+17	6.17397e+17	6.92057e+17	7.49565e+17	3.35206e+17	8.60032e+15	6.15311e+15	5.62275e+15	2.46053e+15	1.5568e+15	3.1136e+15	4.67039e+15	6.22719e+15	7.78399e+15	9.34079e+15	1.08976e+16	1.24544e+16	1.55159e+16	2.91537e+16	3.09705e+17	4.54043e+17	3.81197	3.67615	3.67615	3.67615	3.67615	3.67615	3.67615	3.67615	3.67615	3.67615	3.67615	3.63993	3.33064	4.68986	4.68986	
198969	6.85771e+17	2.78735e+17	1.21975e+17	7.71746e+16	1.54349e+17	2.31524e+17	3.08699e+17	3.85873e+17	4.63048e+17	5.40222e+17	6.17397e+17	6.92051e+17	7.49537e+17	3.35206e+17	8.60032e+15	6.15304e+15	5.62266e+15	2.46049e+15	1.55677e+15	3.11354e+15	4.67031e+15	6.22709e+15	7.78386e+15	9.34063e+15	1.08974e+16	1.24542e+16	1.55196e+16	2.91706e+16	3.09705e+17	4.54043e+17	3.8133	3.67768	3.67768	3.67768	3.67768	3.67768	3.67768	3.67768	3.67768	3.67768	3.67768	3.64145	3.33226	4.68986	4.68986	
199222	6.85771e+17	2.78735e+17	1.21975e+17	7.71747e+16	1.54349e+17	2.31524e+17	3.08699e+17	3.85873e+17	4.63048e+17	5.40223e+17	6.17397e+17	6.92045e+17	7.4951e+17	3.35206e+17	8.60032e+15	6.15297e+15	5.62256e+15	2.46045e+15	1.55675e+15	3.11349e+15	4.67024e+15	6.22698e+15	7.78373e+15	9.34047e+15	1.08972e+16	1.2454e+16	1.55233e+16	2.91875e+16	3.09705e+17	4.54043e+17	3.81462	3.67922	3.67922	3.67922	3.67922	3.67922	3.67922	3.67922	3.67922	3.67922	3.67922	3.64297	3.33389	4.68986	4.68986	
199475	6.85771e+17	2.78735e+17	1.21975e+17	7.71747e+16	1.54349e+17	2.31524e+17	3.08699e+17	3.85874e+17	4.63048e+17	5.40223e+17	6.17398e+17	6.92039e+17	7.49483e+17	3.35206e+17	8.60032e+15	6.1529e+15	5.62247e+15	2.46041e+15	1.55672e+15	3.11344e+15	4.67016e+15	6.22688e+15	7.7836e+15	9.34032e+15	1.0897e+16	1.24538e+16	1.55271e+16	2.92044e+16	3.09705e+17	4.54043e+17	3.81595	3.68076	3.68076	3.68076	3.68076	3.68076	3.68076	3.68076	3.68076	3.68076	3.68076	3.6445	3.33551	4.68986	4.68986	
199727	6.85771e+17	2.78735e+17	1.21975e+17	7.71748e+16	1.5435e+17	2.31524e+17	3.08699e+17	3.85874e+17	4.63049e+17	5.40223e+17	6.17398e+17	6.92033e+17	7.49456e+17	3.35206e+17	8.60032e+15	6.15283e+15	5.62237e+15	2.46037e+15	1.55669e+15	3.11339e+15	4.67008e+15	6.22677e+15	7.78347e+15	9.34016e+15	1.08969e+16	1.24535e+16	1.55308e+16	2.92213e+16	3.09705e+17	4.54043e+17	3.81727	3.68229	3.68229	3.68229	3.68229	3.68229	3.68229	3.68229	3.68229	3.68229	3.68229	3.64601	3.33713	4.68986	4.68986	
199979	6.85771e+17	2.78735e+17	1.21975e+17	7.71748e+16	1.5435e+17	2.31524e+17	3.08699e+17	3.85874e+17	4.63049e+17	5.40224e+17	6.17398e+17	6.92027e+17	7.49429e+17	3.35206e+17	8.60032e+15	6.15276e+15	5.62228e+15	2.46032e+15	1.55667e+15	3.11334e+15	4.67e+15	6.22667e+15	7.78334e+15	9.34001e+15	1.08967e+16	1.24533e+16	1.55345e+16	2.92382e+16	3.09705e+17	4.54043e+17	3.81859	3.68382	3.68382	3.68382	3.68382	3.68382	3.68382	3.68382	3.68382	3.68382	3.68382	3.64753	3.33875	4.68986	4.68986	
200000	6.85771e+17	2.78735e+17	1.21975e+17	7.71748e+16	1.5435e+17	2.31524e+17	3.08699e+17	3.85874e+17	4.63049e+17	5.40224e+17	6.17398e+17	6.92026e+17	7.49426e+17	3.35206e+17	8.60032e+15	6.15276e+15	5.62227e+15	2.46032e+15	1.55667e+15	3.11333e+15	4.67e+15	6.22666e+15	7.78333e+15	9.33999e+15	1.08967e+16	1.24533e+16	1.55348e+16	2.92396e+16	3.09705e+17	4.54043e+17	3.8187	3.68395	3.68395	3.68395	3.68395	3.68395	3.68395	3.68395	3.68395	3.68395	3.68395	3.64765	3.33889	4.68986	4.68986	
