Time	Carb1	Carb2	Carb3	Carb4	Carb5	Carb6	Carb7	Carb8	Carb9	Carb10	Carb11	Carb12	Carb13	Carb14	Carb15	Sil1	Sil2	Sil3	Sil4	Sil5	Sil6	Sil7	Sil8	Sil9	Sil10	Sil11	Sil12	Sil13	Sil14	Sil15	c131	c132	c133	c134	c135	c136	c137	c138	c139	c1310	c1311	c1312	c1313	c1314	c1315	
0	6.8679e+17	2.79524e+17	1.22321e+17	7.73932e+16	1.54786e+17	2.3218e+17	3.09573e+17	3.86966e+17	4.64359e+17	5.41753e+17	6.19146e+17	6.96539e+17	7.5909e+17	2.85587e+17	5.49164e+15	5.6223e+15	5.13779e+15	2.24831e+15	1.42252e+15	2.84505e+15	4.26757e+15	5.69009e+15	7.11261e+15	8.53514e+15	9.95766e+15	1.13802e+16	1.28027e+16	2.32723e+16	2.63861e+17	2.89924e+17	4.68986	4.68986	4.68986	4.68986	4.68986	4.68986	4.68986	4.68986	4.68986	4.68986	4.68986	4.68986	4.68986	4.68986	4.68986	
251.725	6.86548e+17	2.79491e+17	1.22306e+17	7.73841e+16	1.54768e+17	2.32152e+17	3.09536e+17	3.8692e+17	4.64305e+17	5.41689e+17	6.19073e+17	6.96106e+17	7.58196e+17	3.3524e+17	8.60084e+15	5.62032e+15	5.13719e+15	2.24804e+15	1.42235e+15	2.84472e+15	4.26706e+15	5.68942e+15	7.11177e+15	8.53414e+15	9.95648e+15	1.13789e+16	1.27947e+16	2.32449e+16	3.09736e+17	4.5407e+17	4.68986	4.68986	4.68986	4.68986	4.68986	4.68986	4.68986	4.68986	4.68986	4.68986	4.68986	4.68986	4.68986	4.68986	4.68986	
503.25	6.86548e+17	2.79491e+17	1.22306e+17	7.73841e+16	1.54768e+17	2.32152e+17	3.09536e+17	3.8692e+17	4.64304e+17	5.41688e+17	6.19072e+17	6.96117e+17	7.58295e+17	3.35257e+17	8.60077e+15	5.62032e+15	5.13719e+15	2.24804e+15	1.42235e+15	2.84472e+15	4.26706e+15	5.68941e+15	7.11177e+15	8.53414e+15	9.95647e+15	1.13788e+16	1.27949e+16	2.32479e+16	3.09752e+17	4.54066e+17	4.68986	4.68986	4.68986	4.68986	4.68986	4.68986	4.68986	4.68986	4.68986	4.68986	4.68986	4.68986	4.68986	4.68986	4.68986	
753.775	6.86547e+17	2.79491e+17	1.22306e+17	7.7384e+16	1.54768e+17	2.32152e+17	3.09536e+17	3.8692e+17	4.64304e+17	5.41688e+17	6.19072e+17	6.96122e+17	7.58342e+17	3.35248e+17	8.6001e+15	5.62031e+15	5.13719e+15	2.24804e+15	1.42235e+15	2.84472e+15	4.26706e+15	5.68941e+15	7.11177e+15	8.53413e+15	9.95647e+15	1.13788e+16	1.2795e+16	2.32494e+16	3.09744e+17	4.54031e+17	4.68986	4.68986	4.68986	4.68986	4.68986	4.68986	4.68986	4.68986	4.68986	4.68986	4.68986	4.68986	4.68986	4.68986	4.68986	
1005.02	6.86547e+17	2.79491e+17	1.22306e+17	7.7384e+16	1.54768e+17	2.32152e+17	3.09536e+17	3.8692e+17	4.64304e+17	5.41688e+17	6.19072e+17	6.96125e+17	7.5837e+17	3.35238e+17	8.6001e+15	5.62031e+15	5.13718e+15	2.24803e+15	1.42235e+15	2.84472e+15	4.26706e+15	5.68941e+15	7.11177e+15	8.53413e+15	9.95647e+15	1.13788e+16	1.27951e+16	2.32502e+16	3.09735e+17	4.54031e+17	4.68986	4.68986	4.68986	4.68986	4.68986	4.68986	4.68986	4.68986	4.68986	4.68986	4.68986	4.68986	4.68986	4.68986	4.68986	
1255.34	6.86547e+17	2.79491e+17	1.22306e+17	7.7384e+16	1.54768e+17	2.32152e+17	3.09536e+17	3.8692e+17	4.64304e+17	5.41688e+17	6.19072e+17	6.96127e+17	7.58388e+17	3.3523e+17	8.6001e+15	5.62031e+15	5.13718e+15	2.24803e+15	1.42235e+15	2.84472e+15	4.26706e+15	5.68941e+15	7.11176e+15	8.53413e+15	9.95646e+15	1.13788e+16	1.27951e+16	2.32508e+16	3.09728e+17	4.54031e+17	4.68986	4.68986	4.68986	4.68986	4.68986	4.68986	4.68986	4.68986	4.68986	4.68986	4.68986	4.68986	4.68986	4.68986	4.68986	
1505.91	6.86547e+17	2.79491e+17	1.22306e+17	7.7384e+16	1.54768e+17	2.32152e+17	3.09536e+17	3.8692e+17	4.64304e+17	5.41688e+17	6.19072e+17	6.96129e+17	7.58402e+17	3.35224e+17	8.6001e+15	5.62031e+15	5.13718e+15	2.24803e+15	1.42235e+15	2.84472e+15	4.26705e+15	5.68941e+15	7.11176e+15	8.53413e+15	9.95646e+15	1.13788e+16	1.27952e+16	2.32512e+16	3.09722e+17	4.54031e+17	4.68986	4.68986	4.68986	4.68986	4.68986	4.68986	4.68986	4.68986	4.68986	4.68986	4.68986	4.68986	4.68986	4.68986	4.68986	
1757.38	6.86547e+17	2.79491e+17	1.22306e+17	7.7384e+16	1.54768e+17	2.32152e+17	3.09536e+17	3.8692e+17	4.64304e+17	5.41688e+17	6.19072e+17	6.9613e+17	7.58413e+17	3.3522e+17	8.6001e+15	5.62031e+15	5.13718e+15	2.24803e+15	1.42235e+15	2.84472e+15	4.26705e+15	5.68941e+15	7.11176e+15	8.53412e+15	9.95646e+15	1.13788e+16	1.27952e+16	2.32515e+16	3.09718e+17	4.54031e+17	4.68986	4.68986	4.68986	4.68986	4.68986	4.68986	4.68986	4.68986	4.68986	4.68986	4.68986	4.68986	4.68986	4.68986	4.68986	
2008.16	6.86547e+17	2.79491e+17	1.22306e+17	7.7384e+16	1.54768e+17	2.32152e+17	3.09536e+17	3.8692e+17	4.64304e+17	5.41688e+17	6.19072e+17	6.9613e+17	7.58422e+17	3.35217e+17	8.6001e+15	5.62031e+15	5.13718e+15	2.24803e+15	1.42235e+15	2.84472e+15	4.26705e+15	5.68941e+15	7.11176e+15	8.53412e+15	9.95646e+15	1.13788e+16	1.27952e+16	2.32518e+16	3.09715e+17	4.54031e+17	4.68986	4.68986	4.68986	4.68986	4.68986	4.68986	4.68986	4.68986	4.68986	4.68986	4.68986	4.68986	4.68986	4.68986	4.68986	
2258.59	6.86547e+17	2.79491e+17	1.22306e+17	7.73839e+16	1.54768e+17	2.32152e+17	3.09536e+17	3.8692e+17	4.64304e+17	5.41688e+17	6.19071e+17	6.96131e+17	7.5843e+17	3.35214e+17	8.6001e+15	5.62031e+15	5.13718e+15	2.24803e+15	1.42235e+15	2.84472e+15	4.26705e+15	5.68941e+15	7.11176e+15	8.53412e+15	9.95646e+15	1.13788e+16	1.27952e+16	2.32521e+16	3.09713e+17	4.54031e+17	4.68986	4.68986	4.68986	4.68986	4.68986	4.68986	4.68986	4.68986	4.68986	4.68986	4.68986	4.68986	4.68986	4.68986	4.68986	
2509.84	6.86546e+17	2.79491e+17	1.22306e+17	7.73839e+16	1.54768e+17	2.32152e+17	3.09536e+17	3.8692e+17	4.64304e+17	5.41687e+17	6.19071e+17	6.96131e+17	7.58437e+17	3.35212e+17	8.6001e+15	5.62031e+15	5.13718e+15	2.24803e+15	1.42235e+15	2.84472e+15	4.26705e+15	5.6894e+15	7.11176e+15	8.53412e+15	9.95646e+15	1.13788e+16	1.27952e+16	2.32523e+16	3.09711e+17	4.54031e+17	4.68986	4.68986	4.68986	4.68986	4.68986	4.68986	4.68986	4.68986	4.68986	4.68986	4.68986	4.68986	4.68986	4.68986	4.68986	
2760.33	6.86546e+17	2.79491e+17	1.22306e+17	7.73839e+16	1.54768e+17	2.32152e+17	3.09536e+17	3.8692e+17	4.64303e+17	5.41687e+17	6.19071e+17	6.96132e+17	7.58444e+17	3.35211e+17	8.6001e+15	5.62031e+15	5.13718e+15	2.24803e+15	1.42235e+15	2.84472e+15	4.26705e+15	5.6894e+15	7.11176e+15	8.53412e+15	9.95645e+15	1.13788e+16	1.27952e+16	2.32525e+16	3.09709e+17	4.54031e+17	4.68986	4.68986	4.68986	4.68986	4.68986	4.68986	4.68986	4.68986	4.68986	4.68986	4.68986	4.68986	4.68986	4.68986	4.68986	
3011.2	6.86546e+17	2.79491e+17	1.22306e+17	7.73839e+16	1.54768e+17	2.32152e+17	3.09536e+17	3.8692e+17	4.64303e+17	5.41687e+17	6.19071e+17	6.96132e+17	7.5845e+17	3.35209e+17	8.6001e+15	5.62031e+15	5.13718e+15	2.24803e+15	1.42235e+15	2.84472e+15	4.26705e+15	5.6894e+15	7.11176e+15	8.53412e+15	9.95645e+15	1.13788e+16	1.27952e+16	2.32527e+16	3.09708e+17	4.54031e+17	4.68986	4.68986	4.68986	4.68986	4.68986	4.68986	4.68986	4.68986	4.68986	4.68986	4.68986	4.68986	4.68986	4.68986	4.68986	
3262.27	6.86546e+17	2.79491e+17	1.22306e+17	7.73839e+16	1.54768e+17	2.32152e+17	3.09536e+17	3.86919e+17	4.64303e+17	5.41687e+17	6.19071e+17	6.96132e+17	7.58456e+17	3.35208e+17	8.6001e+15	5.62031e+15	5.13718e+15	2.24803e+15	1.42235e+15	2.84472e+15	4.26705e+15	5.6894e+15	7.11176e+15	8.53412e+15	9.95645e+15	1.13788e+16	1.27952e+16	2.32529e+16	3.09708e+17	4.54031e+17	4.68986	4.68986	4.68986	4.68986	4.68986	4.68986	4.68986	4.68986	4.68986	4.68986	4.68986	4.68986	4.68986	4.68986	4.68986	
3512.46	6.86546e+17	2.79491e+17	1.22306e+17	7.73839e+16	1.54768e+17	2.32152e+17	3.09536e+17	3.86919e+17	4.64303e+17	5.41687e+17	6.19071e+17	6.96132e+17	7.58461e+17	3.35208e+17	8.6001e+15	5.62031e+15	5.13718e+15	2.24803e+15	1.42235e+15	2.84471e+15	4.26705e+15	5.6894e+15	7.11175e+15	8.53412e+15	9.95645e+15	1.13788e+16	1.27952e+16	2.3253e+16	3.09707e+17	4.54031e+17	4.68986	4.68986	4.68986	4.68986	4.68986	4.68986	4.68986	4.68986	4.68986	4.68986	4.68986	4.68986	4.68986	4.68986	4.68986	
3763.53	6.86546e+17	2.79491e+17	1.22306e+17	7.73839e+16	1.54768e+17	2.32152e+17	3.09536e+17	3.86919e+17	4.64303e+17	5.41687e+17	6.19071e+17	6.96132e+17	7.58466e+17	3.35207e+17	8.6001e+15	5.62031e+15	5.13718e+15	2.24803e+15	1.42235e+15	2.84471e+15	4.26705e+15	5.6894e+15	7.11175e+15	8.53412e+15	9.95645e+15	1.13788e+16	1.27952e+16	2.32532e+16	3.09706e+17	4.54031e+17	4.68986	4.68986	4.68986	4.68986	4.68986	4.68986	4.68986	4.68986	4.68986	4.68986	4.68986	4.68986	4.68986	4.68986	4.68986	
4014.81	6.86546e+17	2.79491e+17	1.22306e+17	7.73839e+16	1.54768e+17	2.32152e+17	3.09536e+17	3.86919e+17	4.64303e+17	5.41687e+17	6.19071e+17	6.96133e+17	7.58471e+17	3.35207e+17	8.6001e+15	5.62031e+15	5.13718e+15	2.24803e+15	1.42235e+15	2.84471e+15	4.26705e+15	5.6894e+15	7.11175e+15	8.53412e+15	9.95645e+15	1.13788e+16	1.27952e+16	2.32533e+16	3.09706e+17	4.54031e+17	4.68987	4.68986	4.68986	4.68986	4.68986	4.68986	4.68986	4.68986	4.68986	4.68986	4.68986	4.68986	4.68986	4.68986	4.68986	
4265.11	6.86546e+17	2.79491e+17	1.22306e+17	7.73839e+16	1.54768e+17	2.32152e+17	3.09536e+17	3.86919e+17	4.64303e+17	5.41687e+17	6.19071e+17	6.96133e+17	7.58476e+17	3.35206e+17	8.6001e+15	5.62032e+15	5.13718e+15	2.24803e+15	1.42235e+15	2.84471e+15	4.26705e+15	5.6894e+15	7.11175e+15	8.53412e+15	9.95645e+15	1.13788e+16	1.27952e+16	2.32535e+16	3.09706e+17	4.54031e+17	4.68987	4.68986	4.68986	4.68986	4.68986	4.68986	4.68986	4.68986	4.68986	4.68986	4.68986	4.68986	4.68986	4.68986	4.68986	
4516.14	6.86546e+17	2.79491e+17	1.22306e+17	7.73839e+16	1.54768e+17	2.32152e+17	3.09535e+17	3.86919e+17	4.64303e+17	5.41687e+17	6.19071e+17	6.96133e+17	7.5848e+17	3.35206e+17	8.6001e+15	5.62034e+15	5.13717e+15	2.24803e+15	1.42235e+15	2.84471e+15	4.26705e+15	5.6894e+15	7.11175e+15	8.53411e+15	9.95645e+15	1.13788e+16	1.27952e+16	2.32536e+16	3.09705e+17	4.54031e+17	4.68987	4.68986	4.68986	4.68986	4.68986	4.68986	4.68986	4.68986	4.68986	4.68986	4.68986	4.68986	4.68986	4.68986	4.68986	
4766.83	6.86546e+17	2.79491e+17	1.22306e+17	7.73839e+16	1.54768e+17	2.32152e+17	3.09535e+17	3.86919e+17	4.64303e+17	5.41687e+17	6.19071e+17	6.96133e+17	7.58484e+17	3.35206e+17	8.6001e+15	5.62037e+15	5.13717e+15	2.24803e+15	1.42235e+15	2.84471e+15	4.26705e+15	5.6894e+15	7.11175e+15	8.53411e+15	9.95645e+15	1.13788e+16	1.27952e+16	2.32537e+16	3.09705e+17	4.54031e+17	4.68987	4.68986	4.68986	4.68986	4.68986	4.68986	4.68986	4.68986	4.68986	4.68986	4.68986	4.68986	4.68986	4.68986	4.68986	
5017.46	6.86546e+17	2.79491e+17	1.22306e+17	7.73839e+16	1.54768e+17	2.32152e+17	3.09535e+17	3.86919e+17	4.64303e+17	5.41687e+17	6.19071e+17	6.96133e+17	7.58488e+17	3.35206e+17	8.6001e+15	5.62043e+15	5.13717e+15	2.24803e+15	1.42235e+15	2.84471e+15	4.26705e+15	5.6894e+15	7.11175e+15	8.53411e+15	9.95645e+15	1.13788e+16	1.27952e+16	2.32538e+16	3.09705e+17	4.54031e+17	4.68988	4.68986	4.68986	4.68986	4.68986	4.68986	4.68986	4.68986	4.68986	4.68986	4.68986	4.68986	4.68986	4.68986	4.68986	
5268.93	6.86546e+17	2.7949e+17	1.22306e+17	7.73839e+16	1.54768e+17	2.32152e+17	3.09535e+17	3.86919e+17	4.64303e+17	5.41687e+17	6.19071e+17	6.96133e+17	7.58491e+17	3.35205e+17	8.6001e+15	5.62051e+15	5.13717e+15	2.24803e+15	1.42235e+15	2.84471e+15	4.26705e+15	5.6894e+15	7.11175e+15	8.53411e+15	9.95645e+15	1.13788e+16	1.27952e+16	2.32539e+16	3.09705e+17	4.54031e+17	4.68989	4.68986	4.68986	4.68986	4.68986	4.68986	4.68986	4.68986	4.68986	4.68986	4.68986	4.68986	4.68986	4.68986	4.68986	
5522.96	6.86546e+17	2.7949e+17	1.22306e+17	7.73839e+16	1.54768e+17	2.32152e+17	3.09535e+17	3.86919e+17	4.64303e+17	5.41687e+17	6.19071e+17	6.96133e+17	7.58494e+17	3.35205e+17	8.6001e+15	5.62065e+15	5.13717e+15	2.24803e+15	1.42235e+15	2.84471e+15	4.26705e+15	5.6894e+15	7.11175e+15	8.53411e+15	9.95645e+15	1.13788e+16	1.27952e+16	2.3254e+16	3.09705e+17	4.54031e+17	4.6899	4.68986	4.68986	4.68986	4.68986	4.68986	4.68986	4.68986	4.68986	4.68986	4.68986	4.68986	4.68986	4.68986	4.68986	
5773.99	6.86545e+17	2.7949e+17	1.22306e+17	7.73839e+16	1.54768e+17	2.32152e+17	3.09535e+17	3.86919e+17	4.64303e+17	5.41687e+17	6.19071e+17	6.96133e+17	7.58497e+17	3.35205e+17	8.6001e+15	5.62085e+15	5.13717e+15	2.24803e+15	1.42235e+15	2.84471e+15	4.26705e+15	5.6894e+15	7.11175e+15	8.53411e+15	9.95645e+15	1.13788e+16	1.27952e+16	2.32541e+16	3.09705e+17	4.54031e+17	4.68993	4.68986	4.68986	4.68986	4.68986	4.68986	4.68986	4.68986	4.68986	4.68986	4.68986	4.68986	4.68986	4.68986	4.68986	
6024.68	6.86545e+17	2.7949e+17	1.22306e+17	7.73839e+16	1.54768e+17	2.32152e+17	3.09535e+17	3.86919e+17	4.64303e+17	5.41687e+17	6.19071e+17	6.96133e+17	7.585e+17	3.35205e+17	8.6001e+15	5.62114e+15	5.13717e+15	2.24803e+15	1.42235e+15	2.84471e+15	4.26705e+15	5.6894e+15	7.11175e+15	8.53411e+15	9.95645e+15	1.13788e+16	1.27952e+16	2.32542e+16	3.09704e+17	4.54031e+17	4.68996	4.68986	4.68986	4.68986	4.68986	4.68986	4.68986	4.68986	4.68986	4.68986	4.68986	4.68986	4.68986	4.68986	4.68986	
6275.31	6.86544e+17	2.7949e+17	1.22306e+17	7.73839e+16	1.54768e+17	2.32152e+17	3.09535e+17	3.86919e+17	4.64303e+17	5.41687e+17	6.19071e+17	6.96133e+17	7.58502e+17	3.35205e+17	8.6001e+15	5.62156e+15	5.13717e+15	2.24803e+15	1.42235e+15	2.84471e+15	4.26705e+15	5.6894e+15	7.11175e+15	8.53411e+15	9.95645e+15	1.13788e+16	1.27952e+16	2.32543e+16	3.09704e+17	4.54031e+17	4.69001	4.68986	4.68986	4.68986	4.68986	4.68986	4.68986	4.68986	4.68986	4.68986	4.68986	4.68986	4.68986	4.68986	4.68986	
6526.78	6.86543e+17	2.7949e+17	1.22306e+17	7.73839e+16	1.54768e+17	2.32152e+17	3.09535e+17	3.86919e+17	4.64303e+17	5.41687e+17	6.19071e+17	6.96132e+17	7.58505e+17	3.35205e+17	8.6001e+15	5.62214e+15	5.13717e+15	2.24803e+15	1.42235e+15	2.84471e+15	4.26705e+15	5.6894e+15	7.11175e+15	8.53411e+15	9.95645e+15	1.13788e+16	1.27952e+16	2.32544e+16	3.09704e+17	4.54031e+17	4.69008	4.68986	4.68986	4.68986	4.68986	4.68986	4.68986	4.68986	4.68986	4.68986	4.68986	4.68986	4.68986	4.68986	4.68986	
6780.81	6.86542e+17	2.7949e+17	1.22306e+17	7.73839e+16	1.54768e+17	2.32152e+17	3.09535e+17	3.86919e+17	4.64303e+17	5.41687e+17	6.19071e+17	6.96132e+17	7.58507e+17	3.35205e+17	8.6001e+15	5.62294e+15	5.13717e+15	2.24803e+15	1.42235e+15	2.84471e+15	4.26705e+15	5.6894e+15	7.11175e+15	8.53411e+15	9.95645e+15	1.13788e+16	1.27952e+16	2.32544e+16	3.09704e+17	4.54031e+17	4.69018	4.68986	4.68986	4.68986	4.68986	4.68986	4.68986	4.68986	4.68986	4.68986	4.68986	4.68986	4.68986	4.68986	4.68986	
7031.84	6.8654e+17	2.7949e+17	1.22306e+17	7.73839e+16	1.54768e+17	2.32152e+17	3.09535e+17	3.86919e+17	4.64303e+17	5.41687e+17	6.19071e+17	6.96132e+17	7.58509e+17	3.35205e+17	8.6001e+15	5.624e+15	5.13717e+15	2.24803e+15	1.42235e+15	2.84471e+15	4.26705e+15	5.6894e+15	7.11175e+15	8.53411e+15	9.95645e+15	1.13788e+16	1.27952e+16	2.32545e+16	3.09704e+17	4.54031e+17	4.69031	4.68986	4.68986	4.68986	4.68986	4.68986	4.68986	4.68986	4.68986	4.68986	4.68986	4.68986	4.68986	4.68986	4.68986	
7282.53	6.86538e+17	2.7949e+17	1.22306e+17	7.73839e+16	1.54768e+17	2.32152e+17	3.09535e+17	3.86919e+17	4.64303e+17	5.41687e+17	6.19071e+17	6.96132e+17	7.58512e+17	3.35205e+17	8.6001e+15	5.62537e+15	5.13717e+15	2.24803e+15	1.42235e+15	2.84471e+15	4.26705e+15	5.6894e+15	7.11175e+15	8.53411e+15	9.95645e+15	1.13788e+16	1.27952e+16	2.32546e+16	3.09704e+17	4.54031e+17	4.69048	4.68986	4.68986	4.68986	4.68986	4.68986	4.68986	4.68986	4.68986	4.68986	4.68986	4.68986	4.68986	4.68986	4.68986	
7533.16	6.86535e+17	2.7949e+17	1.22306e+17	7.73838e+16	1.54768e+17	2.32152e+17	3.09535e+17	3.86919e+17	4.64303e+17	5.41687e+17	6.19071e+17	6.96132e+17	7.58514e+17	3.35205e+17	8.6001e+15	5.62712e+15	5.13717e+15	2.24803e+15	1.42235e+15	2.84471e+15	4.26705e+15	5.6894e+15	7.11175e+15	8.53411e+15	9.95645e+15	1.13788e+16	1.27952e+16	2.32546e+16	3.09704e+17	4.54031e+17	4.69069	4.68986	4.68986	4.68986	4.68986	4.68986	4.68986	4.68986	4.68986	4.68986	4.68986	4.68986	4.68986	4.68986	4.68986	
7784.62	6.86532e+17	2.7949e+17	1.22306e+17	7.73838e+16	1.54768e+17	2.32152e+17	3.09535e+17	3.86919e+17	4.64303e+17	5.41687e+17	6.19071e+17	6.96132e+17	7.58515e+17	3.35205e+17	8.6001e+15	5.62932e+15	5.13717e+15	2.24803e+15	1.42235e+15	2.84471e+15	4.26705e+15	5.6894e+15	7.11175e+15	8.53411e+15	9.95645e+15	1.13788e+16	1.27952e+16	2.32547e+16	3.09704e+17	4.54031e+17	4.69096	4.68986	4.68986	4.68986	4.68986	4.68986	4.68986	4.68986	4.68986	4.68986	4.68986	4.68986	4.68986	4.68986	4.68986	
8038.66	6.86528e+17	2.7949e+17	1.22306e+17	7.73838e+16	1.54768e+17	2.32152e+17	3.09535e+17	3.86919e+17	4.64303e+17	5.41687e+17	6.19071e+17	6.96132e+17	7.58517e+17	3.35205e+17	8.6001e+15	5.63208e+15	5.13718e+15	2.24803e+15	1.42235e+15	2.84471e+15	4.26705e+15	5.6894e+15	7.11175e+15	8.53412e+15	9.95645e+15	1.13788e+16	1.27952e+16	2.32547e+16	3.09704e+17	4.54031e+17	4.6913	4.68986	4.68986	4.68986	4.68986	4.68986	4.68986	4.68986	4.68986	4.68986	4.68986	4.68986	4.68986	4.68986	4.68986	
8289.69	6.86522e+17	2.7949e+17	1.22306e+17	7.73838e+16	1.54768e+17	2.32152e+17	3.09535e+17	3.86919e+17	4.64303e+17	5.41687e+17	6.19071e+17	6.96131e+17	7.58519e+17	3.35205e+17	8.6001e+15	5.63541e+15	5.13718e+15	2.24803e+15	1.42235e+15	2.84472e+15	4.26705e+15	5.6894e+15	7.11176e+15	8.53412e+15	9.95645e+15	1.13788e+16	1.27952e+16	2.32548e+16	3.09704e+17	4.54031e+17	4.69171	4.68987	4.68987	4.68987	4.68987	4.68987	4.68987	4.68987	4.68987	4.68987	4.68987	4.68986	4.68986	4.68986	4.68986	
8540.37	6.86516e+17	2.7949e+17	1.22306e+17	7.73838e+16	1.54768e+17	2.32152e+17	3.09535e+17	3.86919e+17	4.64303e+17	5.41687e+17	6.19071e+17	6.96131e+17	7.5852e+17	3.35205e+17	8.6001e+15	5.6394e+15	5.13718e+15	2.24803e+15	1.42235e+15	2.84472e+15	4.26705e+15	5.6894e+15	7.11176e+15	8.53412e+15	9.95646e+15	1.13788e+16	1.27952e+16	2.32548e+16	3.09704e+17	4.54031e+17	4.6922	4.68987	4.68987	4.68987	4.68987	4.68987	4.68987	4.68987	4.68987	4.68987	4.68987	4.68986	4.68986	4.68986	4.68986	
8791	6.86509e+17	2.7949e+17	1.22306e+17	7.73838e+16	1.54768e+17	2.32152e+17	3.09535e+17	3.86919e+17	4.64303e+17	5.41687e+17	6.19071e+17	6.96131e+17	7.58522e+17	3.35205e+17	8.6001e+15	5.64413e+15	5.13718e+15	2.24803e+15	1.42235e+15	2.84472e+15	4.26705e+15	5.68941e+15	7.11176e+15	8.53412e+15	9.95646e+15	1.13788e+16	1.27952e+16	2.32549e+16	3.09704e+17	4.54031e+17	4.69278	4.68987	4.68987	4.68987	4.68987	4.68987	4.68987	4.68987	4.68987	4.68987	4.68987	4.68986	4.68986	4.68986	4.68986	
9042.47	6.865e+17	2.7949e+17	1.22306e+17	7.73838e+16	1.54768e+17	2.32152e+17	3.09535e+17	3.86919e+17	4.64303e+17	5.41687e+17	6.19071e+17	6.96131e+17	7.58523e+17	3.35205e+17	8.6001e+15	5.64968e+15	5.13718e+15	2.24803e+15	1.42235e+15	2.84472e+15	4.26706e+15	5.68941e+15	7.11177e+15	8.53413e+15	9.95647e+15	1.13788e+16	1.27952e+16	2.32549e+16	3.09704e+17	4.54031e+17	4.69347	4.68987	4.68987	4.68987	4.68987	4.68987	4.68987	4.68987	4.68987	4.68987	4.68987	4.68986	4.68986	4.68986	4.68986	
9296.51	6.8649e+17	2.7949e+17	1.22306e+17	7.73838e+16	1.54768e+17	2.32152e+17	3.09535e+17	3.86919e+17	4.64303e+17	5.41687e+17	6.19071e+17	6.9613e+17	7.58525e+17	3.35205e+17	8.6001e+15	5.65617e+15	5.13719e+15	2.24804e+15	1.42235e+15	2.84472e+15	4.26706e+15	5.68942e+15	7.11177e+15	8.53414e+15	9.95647e+15	1.13789e+16	1.27952e+16	2.3255e+16	3.09704e+17	4.54031e+17	4.69427	4.68987	4.68987	4.68987	4.68987	4.68987	4.68987	4.68987	4.68987	4.68987	4.68987	4.68986	4.68986	4.68986	4.68986	
9547.54	6.86478e+17	2.7949e+17	1.22306e+17	7.73838e+16	1.54768e+17	2.32151e+17	3.09535e+17	3.86919e+17	4.64303e+17	5.41687e+17	6.19071e+17	6.9613e+17	7.58526e+17	3.35205e+17	8.6001e+15	5.66351e+15	5.13719e+15	2.24804e+15	1.42235e+15	2.84472e+15	4.26706e+15	5.68942e+15	7.11178e+15	8.53415e+15	9.95649e+15	1.13789e+16	1.27952e+16	2.3255e+16	3.09704e+17	4.54031e+17	4.69518	4.68987	4.68987	4.68987	4.68987	4.68987	4.68987	4.68987	4.68987	4.68987	4.68987	4.68986	4.68986	4.68986	4.68986	
9798.22	6.86465e+17	2.7949e+17	1.22306e+17	7.73838e+16	1.54768e+17	2.32151e+17	3.09535e+17	3.86919e+17	4.64303e+17	5.41687e+17	6.19071e+17	6.9613e+17	7.58527e+17	3.35205e+17	8.6001e+15	5.6718e+15	5.1372e+15	2.24804e+15	1.42236e+15	2.84473e+15	4.26707e+15	5.68943e+15	7.11179e+15	8.53416e+15	9.9565e+15	1.13789e+16	1.27952e+16	2.32551e+16	3.09704e+17	4.54031e+17	4.6962	4.68987	4.68987	4.68987	4.68987	4.68987	4.68987	4.68987	4.68987	4.68987	4.68987	4.68986	4.68986	4.68986	4.68986	
10048.9	6.8645e+17	2.7949e+17	1.22306e+17	7.73838e+16	1.54768e+17	2.32151e+17	3.09535e+17	3.86919e+17	4.64303e+17	5.41687e+17	6.19071e+17	6.9613e+17	7.58529e+17	3.35205e+17	8.6001e+15	5.68109e+15	5.13721e+15	2.24805e+15	1.42236e+15	2.84473e+15	4.26708e+15	5.68944e+15	7.1118e+15	8.53417e+15	9.95652e+15	1.13789e+16	1.27952e+16	2.32551e+16	3.09704e+17	4.54031e+17	4.69735	4.68987	4.68987	4.68987	4.68987	4.68987	4.68987	4.68987	4.68987	4.68987	4.68987	4.68986	4.68986	4.68986	4.68986	
10300.3	6.86434e+17	2.7949e+17	1.22306e+17	7.73838e+16	1.54768e+17	2.32151e+17	3.09535e+17	3.86919e+17	4.64303e+17	5.41687e+17	6.19071e+17	6.96129e+17	7.5853e+17	3.35205e+17	8.6001e+15	5.69142e+15	5.13722e+15	2.24805e+15	1.42236e+15	2.84474e+15	4.26709e+15	5.68945e+15	7.11182e+15	8.53419e+15	9.95654e+15	1.13789e+16	1.27952e+16	2.32551e+16	3.09705e+17	4.54031e+17	4.69863	4.68987	4.68987	4.68987	4.68987	4.68987	4.68987	4.68987	4.68987	4.68987	4.68987	4.68986	4.68986	4.68986	4.68986	
10554.4	6.86416e+17	2.7949e+17	1.22306e+17	7.73838e+16	1.54768e+17	2.32151e+17	3.09535e+17	3.86919e+17	4.64303e+17	5.41687e+17	6.1907e+17	6.96129e+17	7.58531e+17	3.35205e+17	8.6001e+15	5.7029e+15	5.13724e+15	2.24806e+15	1.42237e+15	2.84475e+15	4.2671e+15	5.68947e+15	7.11184e+15	8.53422e+15	9.95657e+15	1.1379e+16	1.27952e+16	2.32552e+16	3.09705e+17	4.54031e+17	4.70005	4.68987	4.68987	4.68987	4.68987	4.68987	4.68987	4.68987	4.68987	4.68987	4.68987	4.68986	4.68986	4.68986	4.68986	
10805.4	6.86397e+17	2.7949e+17	1.22306e+17	7.73838e+16	1.54768e+17	2.32151e+17	3.09535e+17	3.86919e+17	4.64303e+17	5.41687e+17	6.1907e+17	6.96129e+17	7.58532e+17	3.35205e+17	8.6001e+15	5.71526e+15	5.13726e+15	2.24807e+15	1.42237e+15	2.84476e+15	4.26712e+15	5.68949e+15	7.11187e+15	8.53425e+15	9.95661e+15	1.1379e+16	1.27952e+16	2.32552e+16	3.09705e+17	4.54031e+17	4.70158	4.68988	4.68988	4.68988	4.68988	4.68988	4.68988	4.68988	4.68988	4.68988	4.68988	4.68986	4.68986	4.68986	4.68986	
11056.1	6.86376e+17	2.7949e+17	1.22306e+17	7.73838e+16	1.54768e+17	2.32151e+17	3.09535e+17	3.86919e+17	4.64303e+17	5.41687e+17	6.1907e+17	6.96129e+17	7.58533e+17	3.35205e+17	8.6001e+15	5.72861e+15	5.13728e+15	2.24808e+15	1.42238e+15	2.84477e+15	4.26714e+15	5.68952e+15	7.1119e+15	8.53429e+15	9.95666e+15	1.13791e+16	1.27952e+16	2.32552e+16	3.09705e+17	4.54031e+17	4.70323	4.68988	4.68988	4.68988	4.68988	4.68988	4.68988	4.68988	4.68988	4.68988	4.68988	4.68986	4.68986	4.68986	4.68986	
11306.7	6.86353e+17	2.7949e+17	1.22306e+17	7.73838e+16	1.54768e+17	2.32151e+17	3.09535e+17	3.86919e+17	4.64303e+17	5.41686e+17	6.1907e+17	6.96128e+17	7.58534e+17	3.35205e+17	8.6001e+15	5.74291e+15	5.13731e+15	2.24809e+15	1.42239e+15	2.84479e+15	4.26716e+15	5.68955e+15	7.11195e+15	8.53435e+15	9.95672e+15	1.13791e+16	1.27952e+16	2.32552e+16	3.09705e+17	4.54031e+17	4.705	4.68988	4.68988	4.68988	4.68988	4.68988	4.68988	4.68988	4.68988	4.68988	4.68988	4.68986	4.68986	4.68986	4.68986	
11558.2	6.86329e+17	2.7949e+17	1.22306e+17	7.73838e+16	1.54767e+17	2.32151e+17	3.09535e+17	3.86919e+17	4.64303e+17	5.41686e+17	6.1907e+17	6.96128e+17	7.58534e+17	3.35205e+17	8.6001e+15	5.75818e+15	5.13735e+15	2.24811e+15	1.4224e+15	2.84481e+15	4.2672e+15	5.6896e+15	7.112e+15	8.53441e+15	9.95679e+15	1.13792e+16	1.27952e+16	2.32553e+16	3.09705e+17	4.54031e+17	4.70689	4.68989	4.68989	4.68989	4.68989	4.68989	4.68989	4.68989	4.68989	4.68989	4.68989	4.68986	4.68986	4.68986	4.68986	
11812.2	6.86304e+17	2.7949e+17	1.22306e+17	7.73837e+16	1.54767e+17	2.32151e+17	3.09535e+17	3.86919e+17	4.64302e+17	5.41686e+17	6.1907e+17	6.96128e+17	7.58535e+17	3.35205e+17	8.6001e+15	5.77448e+15	5.1374e+15	2.24813e+15	1.42241e+15	2.84484e+15	4.26723e+15	5.68965e+15	7.11206e+15	8.53449e+15	9.95688e+15	1.13793e+16	1.27952e+16	2.32553e+16	3.09705e+17	4.54031e+17	4.7089	4.6899	4.6899	4.6899	4.6899	4.6899	4.6899	4.6899	4.6899	4.6899	4.6899	4.68986	4.68986	4.68986	4.68986	
12063.2	6.86277e+17	2.7949e+17	1.22306e+17	7.73837e+16	1.54767e+17	2.32151e+17	3.09535e+17	3.86919e+17	4.64302e+17	5.41686e+17	6.1907e+17	6.96127e+17	7.58536e+17	3.35205e+17	8.6001e+15	5.79138e+15	5.13746e+15	2.24815e+15	1.42243e+15	2.84487e+15	4.26728e+15	5.68971e+15	7.11214e+15	8.53458e+15	9.95699e+15	1.13794e+16	1.27952e+16	2.32553e+16	3.09705e+17	4.54031e+17	4.71099	4.6899	4.6899	4.6899	4.6899	4.6899	4.6899	4.6899	4.6899	4.6899	4.6899	4.68986	4.68986	4.68986	4.68986	
12313.9	6.86249e+17	2.7949e+17	1.22305e+17	7.73837e+16	1.54767e+17	2.32151e+17	3.09535e+17	3.86918e+17	4.64302e+17	5.41686e+17	6.19069e+17	6.96127e+17	7.58537e+17	3.35205e+17	8.6001e+15	5.80897e+15	5.13752e+15	2.24818e+15	1.42245e+15	2.84491e+15	4.26734e+15	5.68979e+15	7.11224e+15	8.5347e+15	9.95713e+15	1.13796e+16	1.27952e+16	2.32553e+16	3.09705e+17	4.54031e+17	4.71316	4.68991	4.68991	4.68991	4.68991	4.68991	4.68991	4.68991	4.68991	4.68991	4.68991	4.68986	4.68986	4.68986	4.68986	
12564.5	6.86221e+17	2.7949e+17	1.22305e+17	7.73836e+16	1.54767e+17	2.32151e+17	3.09535e+17	3.86918e+17	4.64302e+17	5.41686e+17	6.19069e+17	6.96127e+17	7.58537e+17	3.35205e+17	8.6001e+15	5.82718e+15	5.13761e+15	2.24822e+15	1.42247e+15	2.84495e+15	4.26741e+15	5.68988e+15	7.11235e+15	8.53483e+15	9.95729e+15	1.13798e+16	1.27952e+16	2.32554e+16	3.09705e+17	4.54031e+17	4.7154	4.68992	4.68992	4.68992	4.68992	4.68992	4.68992	4.68992	4.68992	4.68992	4.68992	4.68986	4.68986	4.68986	4.68986	
12816	6.86191e+17	2.7949e+17	1.22305e+17	7.73836e+16	1.54767e+17	2.32151e+17	3.09534e+17	3.86918e+17	4.64302e+17	5.41685e+17	6.19069e+17	6.96126e+17	7.58538e+17	3.35205e+17	8.6001e+15	5.84598e+15	5.13771e+15	2.24826e+15	1.4225e+15	2.84501e+15	4.26749e+15	5.68999e+15	7.11249e+15	8.535e+15	9.95748e+15	1.138e+16	1.27952e+16	2.32554e+16	3.09705e+17	4.54031e+17	4.71771	4.68994	4.68994	4.68994	4.68994	4.68994	4.68994	4.68994	4.68994	4.68994	4.68994	4.68987	4.68986	4.68986	4.68986	
13070	6.8616e+17	2.79489e+17	1.22305e+17	7.73836e+16	1.54767e+17	2.32151e+17	3.09534e+17	3.86918e+17	4.64301e+17	5.41685e+17	6.19068e+17	6.96126e+17	7.58539e+17	3.35205e+17	8.6001e+15	5.86541e+15	5.13782e+15	2.24831e+15	1.42253e+15	2.84507e+15	4.26759e+15	5.69012e+15	7.11265e+15	8.53519e+15	9.95771e+15	1.13803e+16	1.27952e+16	2.32554e+16	3.09705e+17	4.54031e+17	4.72009	4.68995	4.68995	4.68995	4.68995	4.68995	4.68995	4.68995	4.68995	4.68995	4.68995	4.68987	4.68986	4.68986	4.68986	
13321.1	6.8613e+17	2.79489e+17	1.22305e+17	7.73835e+16	1.54767e+17	2.3215e+17	3.09534e+17	3.86917e+17	4.64301e+17	5.41684e+17	6.19068e+17	6.96126e+17	7.58539e+17	3.35205e+17	8.6001e+15	5.88496e+15	5.13796e+15	2.24837e+15	1.42257e+15	2.84515e+15	4.2677e+15	5.69027e+15	7.11284e+15	8.53542e+15	9.95797e+15	1.13806e+16	1.27952e+16	2.32554e+16	3.09705e+17	4.54031e+17	4.72249	4.68997	4.68997	4.68997	4.68997	4.68997	4.68997	4.68997	4.68997	4.68997	4.68997	4.68987	4.68986	4.68986	4.68986	
13571.8	6.86099e+17	2.79489e+17	1.22305e+17	7.73834e+16	1.54767e+17	2.3215e+17	3.09534e+17	3.86917e+17	4.643e+17	5.41684e+17	6.19067e+17	6.96125e+17	7.5854e+17	3.35205e+17	8.6001e+15	5.9047e+15	5.13812e+15	2.24845e+15	1.42261e+15	2.84524e+15	4.26784e+15	5.69045e+15	7.11306e+15	8.53569e+15	9.95828e+15	1.13809e+16	1.27952e+16	2.32554e+16	3.09705e+17	4.54031e+17	4.72491	4.69	4.69	4.69	4.69	4.69	4.69	4.69	4.69	4.69	4.69	4.68987	4.68986	4.68986	4.68986	
13822.4	6.86067e+17	2.79489e+17	1.22305e+17	7.73833e+16	1.54767e+17	2.3215e+17	3.09533e+17	3.86917e+17	4.643e+17	5.41683e+17	6.19067e+17	6.96125e+17	7.5854e+17	3.35205e+17	8.6001e+15	5.92457e+15	5.13831e+15	2.24853e+15	1.42266e+15	2.84534e+15	4.26799e+15	5.69066e+15	7.11332e+15	8.536e+15	9.95865e+15	1.13814e+16	1.27952e+16	2.32555e+16	3.09705e+17	4.54031e+17	4.72734	4.69002	4.69002	4.69002	4.69002	4.69002	4.69002	4.69002	4.69002	4.69002	4.69002	4.68987	4.68986	4.68986	4.68986	
14073.9	6.86036e+17	2.79488e+17	1.22305e+17	7.73832e+16	1.54766e+17	2.3215e+17	3.09533e+17	3.86916e+17	4.64299e+17	5.41683e+17	6.19066e+17	6.96125e+17	7.58541e+17	3.35205e+17	8.6001e+15	5.94454e+15	5.13853e+15	2.24862e+15	1.42272e+15	2.84546e+15	4.26817e+15	5.6909e+15	7.11363e+15	8.53636e+15	9.95907e+15	1.13818e+16	1.27953e+16	2.32555e+16	3.09705e+17	4.54031e+17	4.72977	4.69005	4.69005	4.69005	4.69005	4.69005	4.69005	4.69005	4.69005	4.69005	4.69005	4.68987	4.68986	4.68986	4.68986	
14327.9	6.86004e+17	2.79488e+17	1.22305e+17	7.73831e+16	1.54766e+17	2.32149e+17	3.09533e+17	3.86916e+17	4.64299e+17	5.41682e+17	6.19065e+17	6.96124e+17	7.58541e+17	3.35205e+17	8.6001e+15	5.96464e+15	5.13878e+15	2.24874e+15	1.42279e+15	2.84561e+15	4.26839e+15	5.69118e+15	7.11398e+15	8.53679e+15	9.95957e+15	1.13824e+16	1.27953e+16	2.32555e+16	3.09705e+17	4.54031e+17	4.73222	4.69009	4.69009	4.69009	4.69009	4.69009	4.69009	4.69009	4.69009	4.69009	4.69009	4.68987	4.68986	4.68986	4.68986	
14578.9	6.85973e+17	2.79487e+17	1.22304e+17	7.7383e+16	1.54766e+17	2.32149e+17	3.09532e+17	3.86915e+17	4.64298e+17	5.41681e+17	6.19064e+17	6.96124e+17	7.58542e+17	3.35205e+17	8.6001e+15	5.98434e+15	5.13908e+15	2.24886e+15	1.42287e+15	2.84577e+15	4.26863e+15	5.69151e+15	7.11438e+15	8.53727e+15	9.96013e+15	1.13831e+16	1.27954e+16	2.32555e+16	3.09705e+17	4.54031e+17	4.73461	4.69013	4.69013	4.69013	4.69013	4.69013	4.69013	4.69013	4.69013	4.69013	4.69013	4.68987	4.68986	4.68986	4.68986	
14829.6	6.85943e+17	2.79487e+17	1.22304e+17	7.73829e+16	1.54766e+17	2.32149e+17	3.09531e+17	3.86914e+17	4.64297e+17	5.4168e+17	6.19063e+17	6.96123e+17	7.58542e+17	3.35205e+17	8.6001e+15	6.00377e+15	5.13941e+15	2.24901e+15	1.42297e+15	2.84595e+15	4.2689e+15	5.69187e+15	7.11484e+15	8.53782e+15	9.96078e+15	1.13838e+16	1.27954e+16	2.32555e+16	3.09705e+17	4.54031e+17	4.73697	4.69017	4.69017	4.69017	4.69017	4.69017	4.69017	4.69017	4.69017	4.69017	4.69017	4.68987	4.68986	4.68986	4.68986	
15080.2	6.85913e+17	2.79486e+17	1.22304e+17	7.73827e+16	1.54765e+17	2.32148e+17	3.09531e+17	3.86913e+17	4.64296e+17	5.41679e+17	6.19061e+17	6.96123e+17	7.58543e+17	3.35205e+17	8.6001e+15	6.02287e+15	5.13979e+15	2.24917e+15	1.42307e+15	2.84616e+15	4.26922e+15	5.69229e+15	7.11537e+15	8.53845e+15	9.96151e+15	1.13846e+16	1.27955e+16	2.32555e+16	3.09705e+17	4.54031e+17	4.73928	4.69023	4.69023	4.69023	4.69023	4.69023	4.69023	4.69023	4.69023	4.69023	4.69023	4.68987	4.68986	4.68986	4.68986	
15331.7	6.85883e+17	2.79486e+17	1.22304e+17	7.73825e+16	1.54765e+17	2.32148e+17	3.0953e+17	3.86913e+17	4.64295e+17	5.41678e+17	6.1906e+17	6.96122e+17	7.58543e+17	3.35205e+17	8.6001e+15	6.04164e+15	5.14022e+15	2.24936e+15	1.42319e+15	2.8464e+15	4.26958e+15	5.69277e+15	7.11597e+15	8.53917e+15	9.96235e+15	1.13856e+16	1.27956e+16	2.32555e+16	3.09705e+17	4.54031e+17	4.74154	4.69029	4.69029	4.69029	4.69029	4.69029	4.69029	4.69029	4.69029	4.69029	4.69029	4.68987	4.68986	4.68986	4.68986	
15585.7	6.85854e+17	2.79485e+17	1.22303e+17	7.73823e+16	1.54765e+17	2.32147e+17	3.09529e+17	3.86911e+17	4.64294e+17	5.41676e+17	6.19058e+17	6.96122e+17	7.58543e+17	3.35205e+17	8.6001e+15	6.06011e+15	5.14071e+15	2.24958e+15	1.42333e+15	2.84667e+15	4.26999e+15	5.69332e+15	7.11665e+15	8.53999e+15	9.9633e+15	1.13867e+16	1.27957e+16	2.32555e+16	3.09705e+17	4.54031e+17	4.74377	4.69035	4.69035	4.69035	4.69035	4.69035	4.69035	4.69035	4.69035	4.69035	4.69035	4.68987	4.68986	4.68986	4.68986	
15836.8	6.85826e+17	2.79484e+17	1.22303e+17	7.7382e+16	1.54764e+17	2.32146e+17	3.09528e+17	3.8691e+17	4.64292e+17	5.41674e+17	6.19056e+17	6.96121e+17	7.58544e+17	3.35205e+17	8.6001e+15	6.07784e+15	5.14126e+15	2.24982e+15	1.42348e+15	2.84698e+15	4.27044e+15	5.69392e+15	7.11741e+15	8.5409e+15	9.96437e+15	1.13879e+16	1.27958e+16	2.32555e+16	3.09705e+17	4.54031e+17	4.7459	4.69043	4.69043	4.69043	4.69043	4.69043	4.69043	4.69043	4.69043	4.69043	4.69043	4.68987	4.68986	4.68986	4.68986	
16087.5	6.85799e+17	2.79483e+17	1.22302e+17	7.73818e+16	1.54764e+17	2.32145e+17	3.09527e+17	3.86909e+17	4.64291e+17	5.41672e+17	6.19054e+17	6.96121e+17	7.58544e+17	3.35205e+17	8.6001e+15	6.09497e+15	5.14187e+15	2.25009e+15	1.42365e+15	2.84732e+15	4.27095e+15	5.6946e+15	7.11826e+15	8.54192e+15	9.96556e+15	1.13893e+16	1.27959e+16	2.32556e+16	3.09705e+17	4.54031e+17	4.74795	4.69051	4.69051	4.69051	4.69051	4.69051	4.69051	4.69051	4.69051	4.69051	4.69051	4.68987	4.68986	4.68986	4.68986	
16338.1	6.85773e+17	2.79482e+17	1.22302e+17	7.73815e+16	1.54763e+17	2.32144e+17	3.09526e+17	3.86907e+17	4.64289e+17	5.4167e+17	6.19052e+17	6.9612e+17	7.58544e+17	3.35205e+17	8.6001e+15	6.11148e+15	5.14256e+15	2.25039e+15	1.42384e+15	2.8477e+15	4.27152e+15	5.69536e+15	7.11921e+15	8.54306e+15	9.96689e+15	1.13908e+16	1.27961e+16	2.32556e+16	3.09705e+17	4.54031e+17	4.74992	4.69061	4.69061	4.69061	4.69061	4.69061	4.69061	4.69061	4.69061	4.69061	4.69061	4.68987	4.68986	4.68986	4.68986	
16589.6	6.85748e+17	2.79481e+17	1.22301e+17	7.73811e+16	1.54762e+17	2.32143e+17	3.09525e+17	3.86906e+17	4.64287e+17	5.41668e+17	6.19049e+17	6.9612e+17	7.58544e+17	3.35205e+17	8.6001e+15	6.12739e+15	5.14333e+15	2.25072e+15	1.42405e+15	2.84812e+15	4.27216e+15	5.69621e+15	7.12027e+15	8.54433e+15	9.96837e+15	1.13925e+16	1.27962e+16	2.32556e+16	3.09705e+17	4.54031e+17	4.75182	4.69072	4.69072	4.69072	4.69072	4.69072	4.69072	4.69072	4.69072	4.69072	4.69072	4.68988	4.68986	4.68986	4.68986	
16843.6	6.85724e+17	2.79479e+17	1.22301e+17	7.73808e+16	1.54762e+17	2.32142e+17	3.09523e+17	3.86904e+17	4.64285e+17	5.41665e+17	6.19046e+17	6.96119e+17	7.58545e+17	3.35205e+17	8.6001e+15	6.14276e+15	5.14419e+15	2.2511e+15	1.42429e+15	2.8486e+15	4.27287e+15	5.69716e+15	7.12146e+15	8.54576e+15	9.97004e+15	1.13944e+16	1.27965e+16	2.32556e+16	3.09705e+17	4.54031e+17	4.75365	4.69083	4.69083	4.69083	4.69083	4.69083	4.69083	4.69083	4.69083	4.69083	4.69083	4.68988	4.68986	4.68986	4.68986	
17094.6	6.85701e+17	2.79478e+17	1.223e+17	7.73804e+16	1.54761e+17	2.32141e+17	3.09521e+17	3.86902e+17	4.64282e+17	5.41662e+17	6.19043e+17	6.96118e+17	7.58545e+17	3.35205e+17	8.6001e+15	6.15725e+15	5.14512e+15	2.25151e+15	1.42455e+15	2.84912e+15	4.27365e+15	5.69821e+15	7.12276e+15	8.54732e+15	9.97186e+15	1.13965e+16	1.27967e+16	2.32556e+16	3.09705e+17	4.54031e+17	4.75537	4.69096	4.69096	4.69096	4.69096	4.69096	4.69096	4.69096	4.69096	4.69096	4.69096	4.68988	4.68986	4.68986	4.68986	
17345.3	6.85679e+17	2.79476e+17	1.223e+17	7.73799e+16	1.5476e+17	2.3214e+17	3.0952e+17	3.869e+17	4.64279e+17	5.41659e+17	6.19039e+17	6.96118e+17	7.58545e+17	3.35205e+17	8.6001e+15	6.17101e+15	5.14616e+15	2.25196e+15	1.42484e+15	2.84969e+15	4.27451e+15	5.69935e+15	7.12419e+15	8.54904e+15	9.97386e+15	1.13988e+16	1.2797e+16	2.32556e+16	3.09705e+17	4.54031e+17	4.757	4.69111	4.69111	4.69111	4.69111	4.69111	4.69111	4.69111	4.69111	4.69111	4.69111	4.68988	4.68986	4.68986	4.68986	
17595.9	6.85659e+17	2.79474e+17	1.22299e+17	7.73794e+16	1.54759e+17	2.32138e+17	3.09518e+17	3.86897e+17	4.64276e+17	5.41656e+17	6.19035e+17	6.96117e+17	7.58545e+17	3.35205e+17	8.6001e+15	6.18404e+15	5.14729e+15	2.25246e+15	1.42515e+15	2.85032e+15	4.27545e+15	5.70061e+15	7.12576e+15	8.55092e+15	9.97606e+15	1.14013e+16	1.27973e+16	2.32556e+16	3.09705e+17	4.54031e+17	4.75854	4.69126	4.69126	4.69126	4.69126	4.69126	4.69126	4.69126	4.69126	4.69126	4.69126	4.68989	4.68986	4.68986	4.68986	
17847.4	6.85639e+17	2.79472e+17	1.22298e+17	7.73789e+16	1.54758e+17	2.32137e+17	3.09515e+17	3.86894e+17	4.64273e+17	5.41652e+17	6.19031e+17	6.96116e+17	7.58545e+17	3.35205e+17	8.6001e+15	6.19639e+15	5.14854e+15	2.253e+15	1.4255e+15	2.85101e+15	4.27649e+15	5.70199e+15	7.12749e+15	8.553e+15	9.97848e+15	1.14041e+16	1.27977e+16	2.32556e+16	3.09705e+17	4.54031e+17	4.75999	4.69144	4.69144	4.69144	4.69144	4.69144	4.69144	4.69144	4.69144	4.69144	4.69144	4.68989	4.68986	4.68986	4.68986	
18101.4	6.85621e+17	2.7947e+17	1.22297e+17	7.73783e+16	1.54756e+17	2.32135e+17	3.09513e+17	3.86891e+17	4.6427e+17	5.41648e+17	6.19026e+17	6.96115e+17	7.58546e+17	3.35205e+17	8.6001e+15	6.20815e+15	5.14992e+15	2.25361e+15	1.42588e+15	2.85177e+15	4.27763e+15	5.70351e+15	7.12939e+15	8.55528e+15	9.98115e+15	1.14072e+16	1.27981e+16	2.32556e+16	3.09705e+17	4.54031e+17	4.76138	4.69163	4.69163	4.69163	4.69163	4.69163	4.69163	4.69163	4.69163	4.69163	4.69163	4.68989	4.68986	4.68986	4.68986	
18352.5	6.85604e+17	2.79468e+17	1.22296e+17	7.73776e+16	1.54755e+17	2.32133e+17	3.0951e+17	3.86888e+17	4.64266e+17	5.41643e+17	6.19021e+17	6.96114e+17	7.58546e+17	3.35205e+17	8.6001e+15	6.21905e+15	5.1514e+15	2.25426e+15	1.42629e+15	2.85259e+15	4.27886e+15	5.70515e+15	7.13144e+15	8.55774e+15	9.98402e+15	1.14105e+16	1.27986e+16	2.32556e+16	3.09705e+17	4.54031e+17	4.76266	4.69183	4.69183	4.69183	4.69183	4.69183	4.69183	4.69183	4.69183	4.69183	4.69183	4.6899	4.68986	4.68986	4.68986	
18603.2	6.85588e+17	2.79465e+17	1.22295e+17	7.73769e+16	1.54754e+17	2.32131e+17	3.09508e+17	3.86885e+17	4.64261e+17	5.41638e+17	6.19015e+17	6.96113e+17	7.58546e+17	3.35205e+17	8.6001e+15	6.22925e+15	5.153e+15	2.25496e+15	1.42673e+15	2.85348e+15	4.2802e+15	5.70693e+15	7.13367e+15	8.56041e+15	9.98713e+15	1.1414e+16	1.27991e+16	2.32556e+16	3.09705e+17	4.54031e+17	4.76386	4.69205	4.69205	4.69205	4.69205	4.69205	4.69205	4.69205	4.69205	4.69205	4.69205	4.6899	4.68986	4.68986	4.68986	
18853.8	6.85573e+17	2.79463e+17	1.22294e+17	7.73761e+16	1.54752e+17	2.32128e+17	3.09505e+17	3.86881e+17	4.64257e+17	5.41633e+17	6.19009e+17	6.96111e+17	7.58546e+17	3.35205e+17	8.6001e+15	6.23877e+15	5.15474e+15	2.25572e+15	1.42721e+15	2.85444e+15	4.28164e+15	5.70886e+15	7.13607e+15	8.5633e+15	9.9905e+15	1.14179e+16	1.27997e+16	2.32556e+16	3.09705e+17	4.54031e+17	4.76498	4.69229	4.69229	4.69229	4.69229	4.69229	4.69229	4.69229	4.69229	4.69229	4.69229	4.68991	4.68986	4.68986	4.68986	
19105.2	6.85559e+17	2.7946e+17	1.22292e+17	7.73753e+16	1.54751e+17	2.32126e+17	3.09501e+17	3.86877e+17	4.64252e+17	5.41627e+17	6.19002e+17	6.9611e+17	7.58546e+17	3.35205e+17	8.6001e+15	6.24767e+15	5.15662e+15	2.25654e+15	1.42773e+15	2.85548e+15	4.2832e+15	5.71094e+15	7.13868e+15	8.56642e+15	9.99414e+15	1.14221e+16	1.28004e+16	2.32556e+16	3.09705e+17	4.54031e+17	4.76602	4.69255	4.69255	4.69255	4.69255	4.69255	4.69255	4.69255	4.69255	4.69255	4.69255	4.68991	4.68986	4.68986	4.68986	
19359.3	6.85546e+17	2.79456e+17	1.22291e+17	7.73744e+16	1.54749e+17	2.32123e+17	3.09498e+17	3.86872e+17	4.64247e+17	5.41621e+17	6.18995e+17	6.96108e+17	7.58546e+17	3.35205e+17	8.6001e+15	6.25601e+15	5.15867e+15	2.25744e+15	1.4283e+15	2.85662e+15	4.28491e+15	5.71321e+15	7.14151e+15	8.56983e+15	9.99811e+15	1.14266e+16	1.28012e+16	2.32556e+16	3.09705e+17	4.54031e+17	4.767	4.69283	4.69283	4.69283	4.69283	4.69283	4.69283	4.69283	4.69283	4.69283	4.69283	4.68992	4.68986	4.68986	4.68986	
19610.3	6.85534e+17	2.79453e+17	1.22289e+17	7.73735e+16	1.54747e+17	2.3212e+17	3.09494e+17	3.86867e+17	4.64241e+17	5.41614e+17	6.18987e+17	6.96107e+17	7.58546e+17	3.35205e+17	8.6001e+15	6.26365e+15	5.16085e+15	2.25839e+15	1.4289e+15	2.85782e+15	4.28671e+15	5.71562e+15	7.14452e+15	8.57344e+15	1.00023e+16	1.14315e+16	1.2802e+16	2.32556e+16	3.09705e+17	4.54031e+17	4.7679	4.69313	4.69313	4.69313	4.69313	4.69313	4.69313	4.69313	4.69313	4.69313	4.69313	4.68993	4.68986	4.68986	4.68986	
19861	6.85522e+17	2.79449e+17	1.22288e+17	7.73725e+16	1.54745e+17	2.32117e+17	3.0949e+17	3.86862e+17	4.64235e+17	5.41607e+17	6.18979e+17	6.96105e+17	7.58546e+17	3.35205e+17	8.6001e+15	6.27071e+15	5.16317e+15	2.25941e+15	1.42955e+15	2.85911e+15	4.28864e+15	5.71819e+15	7.14775e+15	8.5773e+15	1.00068e+16	1.14366e+16	1.2803e+16	2.32556e+16	3.09705e+17	4.54031e+17	4.76873	4.69345	4.69345	4.69345	4.69345	4.69345	4.69345	4.69345	4.69345	4.69345	4.69345	4.68994	4.68986	4.68986	4.68986	
20111.6	6.85512e+17	2.79445e+17	1.22286e+17	7.73714e+16	1.54743e+17	2.32114e+17	3.09485e+17	3.86857e+17	4.64228e+17	5.416e+17	6.18971e+17	6.96103e+17	7.58547e+17	3.35205e+17	8.6001e+15	6.27721e+15	5.16566e+15	2.2605e+15	1.43024e+15	2.86049e+15	4.29071e+15	5.72095e+15	7.15119e+15	8.58143e+15	1.00117e+16	1.14421e+16	1.28041e+16	2.32556e+16	3.09705e+17	4.54031e+17	4.7695	4.6938	4.6938	4.6938	4.6938	4.6938	4.6938	4.6938	4.6938	4.6938	4.6938	4.68995	4.68986	4.68986	4.68986	
20363.1	6.85503e+17	2.79441e+17	1.22284e+17	7.73702e+16	1.5474e+17	2.32111e+17	3.09481e+17	3.86851e+17	4.64221e+17	5.41592e+17	6.18961e+17	6.96099e+17	7.58545e+17	3.35206e+17	8.6001e+15	6.28321e+15	5.16832e+15	2.26166e+15	1.43097e+15	2.86196e+15	4.29292e+15	5.72389e+15	7.15487e+15	8.58585e+15	1.00168e+16	1.14481e+16	1.28053e+16	2.32556e+16	3.09705e+17	4.54031e+17	4.77022	4.69416	4.69416	4.69416	4.69416	4.69416	4.69416	4.69416	4.69416	4.69416	4.69416	4.68996	4.68986	4.68986	4.68986	
20615	6.85495e+17	2.79437e+17	1.22282e+17	7.7369e+16	1.54738e+17	2.32107e+17	3.09476e+17	3.86845e+17	4.64214e+17	5.41583e+17	6.18951e+17	6.96083e+17	7.58528e+17	3.35209e+17	8.6001e+15	6.28873e+15	5.17115e+15	2.2629e+15	1.43176e+15	2.86353e+15	4.29527e+15	5.72703e+15	7.15879e+15	8.59056e+15	1.00223e+16	1.14543e+16	1.28063e+16	2.32551e+16	3.09708e+17	4.54031e+17	4.77088	4.69455	4.69455	4.69455	4.69455	4.69455	4.69455	4.69455	4.69455	4.69455	4.69455	4.68997	4.68986	4.68986	4.68986	
20866.5	6.85487e+17	2.79432e+17	1.2228e+17	7.73677e+16	1.54735e+17	2.32103e+17	3.09471e+17	3.86838e+17	4.64206e+17	5.41574e+17	6.18919e+17	6.96035e+17	7.58502e+17	3.35213e+17	8.6001e+15	6.29378e+15	5.17416e+15	2.26422e+15	1.43259e+15	2.86519e+15	4.29777e+15	5.73036e+15	7.16295e+15	8.59555e+15	1.00281e+16	1.14606e+16	1.28069e+16	2.32543e+16	3.09712e+17	4.54031e+17	4.77149	4.69497	4.69497	4.69497	4.69497	4.69497	4.69497	4.69497	4.69497	4.69497	4.69496	4.68998	4.68986	4.68986	4.68986	
21117	6.8548e+17	2.79427e+17	1.22278e+17	7.73663e+16	1.54733e+17	2.32099e+17	3.09465e+17	3.86832e+17	4.64198e+17	5.41564e+17	6.18833e+17	6.95924e+17	7.58479e+17	3.35216e+17	8.6001e+15	6.29838e+15	5.17733e+15	2.2656e+15	1.43347e+15	2.86695e+15	4.3004e+15	5.73387e+15	7.16734e+15	8.60082e+15	1.00343e+16	1.14657e+16	1.28061e+16	2.32536e+16	3.09715e+17	4.54031e+17	4.77205	4.6954	4.6954	4.6954	4.6954	4.6954	4.6954	4.6954	4.6954	4.6954	4.69536	4.68999	4.68986	4.68986	4.68986	
21370.5	6.85474e+17	2.79422e+17	1.22276e+17	7.73649e+16	1.5473e+17	2.32095e+17	3.09459e+17	3.86824e+17	4.64189e+17	5.41554e+17	6.18762e+17	6.95821e+17	7.58466e+17	3.35219e+17	8.6001e+15	6.30262e+15	5.18072e+15	2.26709e+15	1.43441e+15	2.86883e+15	4.30322e+15	5.73763e+15	7.17204e+15	8.60645e+15	1.00408e+16	1.14708e+16	1.28053e+16	2.32532e+16	3.09717e+17	4.54031e+17	4.77257	4.69587	4.69587	4.69587	4.69587	4.69587	4.69587	4.69587	4.69587	4.69587	4.69575	4.69	4.68986	4.68986	4.68986	
21623.2	6.85468e+17	2.79416e+17	1.22273e+17	7.73633e+16	1.54727e+17	2.3209e+17	3.09453e+17	3.86817e+17	4.6418e+17	5.41543e+17	6.18705e+17	6.95722e+17	7.58496e+17	3.3522e+17	8.6001e+15	6.30646e+15	5.18429e+15	2.26865e+15	1.43539e+15	2.8708e+15	4.30618e+15	5.74158e+15	7.17698e+15	8.61238e+15	1.00478e+16	1.14759e+16	1.28044e+16	2.32541e+16	3.09718e+17	4.54031e+17	4.77305	4.69636	4.69636	4.69636	4.69636	4.69636	4.69636	4.69636	4.69636	4.69636	4.69613	4.69001	4.68986	4.68986	4.68986	
21873.7	6.85463e+17	2.7941e+17	1.22271e+17	7.73617e+16	1.54723e+17	2.32085e+17	3.09447e+17	3.86809e+17	4.6417e+17	5.41532e+17	6.18658e+17	6.95619e+17	7.58536e+17	3.35221e+17	8.6001e+15	6.30993e+15	5.18801e+15	2.27028e+15	1.43642e+15	2.87286e+15	4.30928e+15	5.7457e+15	7.18213e+15	8.61856e+15	1.0055e+16	1.1481e+16	1.2803e+16	2.32553e+16	3.09719e+17	4.54031e+17	4.77349	4.69687	4.69687	4.69687	4.69687	4.69687	4.69687	4.69687	4.69687	4.69687	4.69648	4.69002	4.68986	4.68986	4.68986	
22123.8	6.85458e+17	2.79404e+17	1.22268e+17	7.736e+16	1.5472e+17	2.3208e+17	3.0944e+17	3.868e+17	4.6416e+17	5.4152e+17	6.18619e+17	6.95504e+17	7.58577e+17	3.35207e+17	8.6001e+15	6.31306e+15	5.19191e+15	2.27199e+15	1.4375e+15	2.87502e+15	4.31252e+15	5.75002e+15	7.18753e+15	8.62505e+15	1.00625e+16	1.14861e+16	1.28011e+16	2.32566e+16	3.09706e+17	4.54031e+17	4.7739	4.6974	4.6974	4.6974	4.6974	4.6974	4.6974	4.6974	4.6974	4.6974	4.69683	4.69002	4.68986	4.68986	4.68986	
22376.6	6.85454e+17	2.79398e+17	1.22265e+17	7.73582e+16	1.54716e+17	2.32075e+17	3.09433e+17	3.86791e+17	4.64149e+17	5.41508e+17	6.18586e+17	6.95368e+17	7.58601e+17	3.35205e+17	8.6001e+15	6.31593e+15	5.19605e+15	2.2738e+15	1.43865e+15	2.87732e+15	4.31596e+15	5.75461e+15	7.19326e+15	8.63192e+15	1.00706e+16	1.14913e+16	1.27985e+16	2.32573e+16	3.09704e+17	4.54031e+17	4.77428	4.69797	4.69797	4.69797	4.69797	4.69797	4.69797	4.69797	4.69797	4.69797	4.69718	4.69002	4.68986	4.68986	4.68986	
22627.3	6.85451e+17	2.79391e+17	1.22262e+17	7.73564e+16	1.54713e+17	2.32069e+17	3.09425e+17	3.86782e+17	4.64138e+17	5.41495e+17	6.18559e+17	6.95217e+17	7.58604e+17	3.35205e+17	8.6001e+15	6.3185e+15	5.20035e+15	2.27568e+15	1.43984e+15	2.87969e+15	4.31952e+15	5.75936e+15	7.19921e+15	8.63906e+15	1.00789e+16	1.14965e+16	1.27954e+16	2.32574e+16	3.09704e+17	4.54031e+17	4.77463	4.69856	4.69856	4.69856	4.69856	4.69856	4.69856	4.69856	4.69856	4.69856	4.69752	4.69001	4.68986	4.68986	4.68986	
22877.6	6.85447e+17	2.79384e+17	1.22259e+17	7.73544e+16	1.54709e+17	2.32063e+17	3.09418e+17	3.86772e+17	4.64127e+17	5.41443e+17	6.1849e+17	6.95059e+17	7.58594e+17	3.35205e+17	8.6001e+15	6.32081e+15	5.20482e+15	2.27764e+15	1.44108e+15	2.88217e+15	4.32324e+15	5.76432e+15	7.20541e+15	8.6465e+15	1.00867e+16	1.15006e+16	1.2792e+16	2.32571e+16	3.09704e+17	4.54031e+17	4.77496	4.69917	4.69917	4.69917	4.69917	4.69917	4.69917	4.69917	4.69917	4.69916	4.69785	4.69001	4.68986	4.68986	4.68986	
23129.3	6.85445e+17	2.79377e+17	1.22256e+17	7.73524e+16	1.54705e+17	2.32057e+17	3.0941e+17	3.86762e+17	4.64114e+17	5.4139e+17	6.18422e+17	6.94914e+17	7.5858e+17	3.35205e+17	8.6001e+15	6.3229e+15	5.20952e+15	2.27969e+15	1.44238e+15	2.88477e+15	4.32714e+15	5.76952e+15	7.21191e+15	8.6543e+15	1.00942e+16	1.15042e+16	1.27886e+16	2.32567e+16	3.09704e+17	4.54031e+17	4.77527	4.69981	4.69981	4.69981	4.69981	4.69981	4.69981	4.69981	4.69981	4.69975	4.69814	4.69	4.68986	4.68986	4.68986	
23380.5	6.85442e+17	2.79369e+17	1.22253e+17	7.73503e+16	1.54701e+17	2.32051e+17	3.09401e+17	3.86751e+17	4.64102e+17	5.41349e+17	6.18371e+17	6.94788e+17	7.58567e+17	3.35205e+17	8.6001e+15	6.32478e+15	5.2144e+15	2.28182e+15	1.44373e+15	2.88747e+15	4.33119e+15	5.77492e+15	7.21866e+15	8.6624e+15	1.01019e+16	1.15075e+16	1.27854e+16	2.32563e+16	3.09704e+17	4.54031e+17	4.77556	4.70048	4.70048	4.70048	4.70048	4.70048	4.70048	4.70048	4.70048	4.70032	4.69839	4.69	4.68986	4.68986	4.68986	
23631.2	6.8544e+17	2.79361e+17	1.22249e+17	7.73481e+16	1.54696e+17	2.32044e+17	3.09392e+17	3.86741e+17	4.64089e+17	5.41316e+17	6.1833e+17	6.94686e+17	7.58557e+17	3.35205e+17	8.6001e+15	6.32646e+15	5.21945e+15	2.28404e+15	1.44513e+15	2.89027e+15	4.33539e+15	5.78052e+15	7.22566e+15	8.6708e+15	1.01096e+16	1.15106e+16	1.27826e+16	2.3256e+16	3.09704e+17	4.54031e+17	4.77583	4.70117	4.70117	4.70117	4.70117	4.70117	4.70117	4.70117	4.70117	4.70089	4.69862	4.68999	4.68986	4.68986	4.68986	
23881.4	6.85438e+17	2.79353e+17	1.22246e+17	7.73458e+16	1.54692e+17	2.32038e+17	3.09383e+17	3.86729e+17	4.64075e+17	5.41288e+17	6.18297e+17	6.94608e+17	7.5855e+17	3.35205e+17	8.6001e+15	6.32796e+15	5.22468e+15	2.28633e+15	1.44658e+15	2.89317e+15	4.33974e+15	5.78632e+15	7.2329e+15	8.67949e+15	1.01174e+16	1.15135e+16	1.27802e+16	2.32558e+16	3.09704e+17	4.54031e+17	4.77608	4.70189	4.70189	4.70189	4.70189	4.70189	4.70189	4.70189	4.70189	4.70146	4.69884	4.68998	4.68986	4.68986	4.68986	
24131.5	6.85437e+17	2.79345e+17	1.22242e+17	7.73435e+16	1.54687e+17	2.32031e+17	3.09374e+17	3.86717e+17	4.64061e+17	5.41264e+17	6.1827e+17	6.94552e+17	7.58545e+17	3.35205e+17	8.6001e+15	6.3293e+15	5.2301e+15	2.2887e+15	1.44808e+15	2.89617e+15	4.34424e+15	5.79232e+15	7.2404e+15	8.68849e+15	1.01253e+16	1.15163e+16	1.27782e+16	2.32556e+16	3.09704e+17	4.54031e+17	4.77632	4.70263	4.70263	4.70263	4.70263	4.70263	4.70263	4.70263	4.70263	4.70204	4.69903	4.68997	4.68986	4.68986	4.68986	
24382.1	6.85435e+17	2.79336e+17	1.22238e+17	7.73411e+16	1.54682e+17	2.32023e+17	3.09364e+17	3.86705e+17	4.64046e+17	5.41242e+17	6.18247e+17	6.94516e+17	7.58542e+17	3.35205e+17	8.6001e+15	6.33051e+15	5.23571e+15	2.29115e+15	1.44963e+15	2.89928e+15	4.3489e+15	5.79853e+15	7.24817e+15	8.69781e+15	1.01333e+16	1.15189e+16	1.27766e+16	2.32555e+16	3.09704e+17	4.54031e+17	4.77654	4.70339	4.70339	4.70339	4.70339	4.70339	4.70339	4.70339	4.70339	4.70262	4.69922	4.68996	4.68986	4.68986	4.68986	
24632.8	6.85434e+17	2.79327e+17	1.22234e+17	7.73386e+16	1.54677e+17	2.32016e+17	3.09354e+17	3.86693e+17	4.64031e+17	5.41222e+17	6.18228e+17	6.94499e+17	7.5854e+17	3.35205e+17	8.6001e+15	6.33158e+15	5.2415e+15	2.29369e+15	1.45124e+15	2.90248e+15	4.35371e+15	5.80495e+15	7.25619e+15	8.70743e+15	1.01415e+16	1.15215e+16	1.27754e+16	2.32554e+16	3.09704e+17	4.54031e+17	4.77675	4.70419	4.70419	4.70419	4.70419	4.70419	4.70419	4.70419	4.70419	4.7032	4.69939	4.68995	4.68986	4.68986	4.68986	
24883.8	6.85433e+17	2.79318e+17	1.2223e+17	7.7336e+16	1.54672e+17	2.32008e+17	3.09344e+17	3.8668e+17	4.64016e+17	5.41203e+17	6.18212e+17	6.94497e+17	7.5854e+17	3.35205e+17	8.6001e+15	6.33254e+15	5.24748e+15	2.2963e+15	1.45289e+15	2.90579e+15	4.35868e+15	5.81157e+15	7.26446e+15	8.71736e+15	1.01498e+16	1.15239e+16	1.27746e+16	2.32554e+16	3.09704e+17	4.54031e+17	4.77694	4.705	4.705	4.705	4.705	4.705	4.705	4.705	4.705	4.7038	4.69956	4.68995	4.68986	4.68986	4.68986	
25134.8	6.85432e+17	2.79308e+17	1.22226e+17	7.73333e+16	1.54667e+17	2.32e+17	3.09333e+17	3.86667e+17	4.64e+17	5.41185e+17	6.18198e+17	6.94509e+17	7.58522e+17	3.35205e+17	8.6001e+15	6.33339e+15	5.25363e+15	2.299e+15	1.45459e+15	2.9092e+15	4.36378e+15	5.81838e+15	7.27298e+15	8.72758e+15	1.01583e+16	1.15263e+16	1.2774e+16	2.32549e+16	3.09704e+17	4.54031e+17	4.77711	4.70584	4.70584	4.70584	4.70584	4.70584	4.70584	4.70584	4.70584	4.7044	4.69972	4.68994	4.68986	4.68986	4.68986	
25387	6.85432e+17	2.79298e+17	1.22222e+17	7.73306e+16	1.54661e+17	2.31992e+17	3.09322e+17	3.86653e+17	4.63983e+17	5.41167e+17	6.18185e+17	6.94528e+17	7.58521e+17	3.35205e+17	8.6001e+15	6.33415e+15	5.25998e+15	2.30177e+15	1.45635e+15	2.91271e+15	4.36906e+15	5.82541e+15	7.28177e+15	8.73813e+15	1.0167e+16	1.15286e+16	1.27737e+16	2.32549e+16	3.09704e+17	4.54031e+17	4.77726	4.70671	4.70671	4.70671	4.70671	4.70671	4.70671	4.70671	4.70671	4.70501	4.69987	4.68993	4.68986	4.68986	4.68986	
25639.7	6.85431e+17	2.79288e+17	1.22217e+17	7.73277e+16	1.54655e+17	2.31983e+17	3.09311e+17	3.86639e+17	4.63966e+17	5.41152e+17	6.18177e+17	6.94574e+17	7.58521e+17	3.35205e+17	8.6001e+15	6.33483e+15	5.26651e+15	2.30463e+15	1.45816e+15	2.91633e+15	4.37448e+15	5.83264e+15	7.2908e+15	8.74897e+15	1.01758e+16	1.1531e+16	1.27739e+16	2.32549e+16	3.09704e+17	4.54031e+17	4.77736	4.7076	4.7076	4.7076	4.7076	4.7076	4.7076	4.7076	4.7076	4.70564	4.70002	4.68993	4.68986	4.68986	4.68986	
25889.9	6.8543e+17	2.79277e+17	1.22213e+17	7.73249e+16	1.5465e+17	2.31975e+17	3.09299e+17	3.86624e+17	4.63949e+17	5.41147e+17	6.18197e+17	6.94714e+17	7.58521e+17	3.35205e+17	8.6001e+15	6.33542e+15	5.27312e+15	2.30753e+15	1.45999e+15	2.91999e+15	4.37998e+15	5.83997e+15	7.29996e+15	8.75996e+15	1.0185e+16	1.1534e+16	1.2776e+16	2.32549e+16	3.09704e+17	4.54031e+17	4.77742	4.7085	4.7085	4.7085	4.7085	4.7085	4.7085	4.7085	4.7085	4.70627	4.70018	4.68992	4.68986	4.68986	4.68986	
26142.3	6.8543e+17	2.79267e+17	1.22208e+17	7.73219e+16	1.54644e+17	2.31966e+17	3.09288e+17	3.86609e+17	4.63931e+17	5.41151e+17	6.18232e+17	6.94892e+17	7.58521e+17	3.35205e+17	8.6001e+15	6.33594e+15	5.27995e+15	2.31051e+15	1.46188e+15	2.92377e+15	4.38565e+15	5.84753e+15	7.30941e+15	8.7713e+15	1.01949e+16	1.15377e+16	1.27788e+16	2.32549e+16	3.09704e+17	4.54031e+17	4.77739	4.70943	4.70943	4.70943	4.70943	4.70943	4.70943	4.70943	4.70943	4.70694	4.70036	4.68992	4.68986	4.68986	4.68986	
26394.5	6.85429e+17	2.79256e+17	1.22203e+17	7.73189e+16	1.54638e+17	2.31957e+17	3.09275e+17	3.86594e+17	4.63913e+17	5.41162e+17	6.18274e+17	6.95064e+17	7.58521e+17	3.35205e+17	8.6001e+15	6.33641e+15	5.28692e+15	2.31356e+15	1.46381e+15	2.92763e+15	4.39144e+15	5.85525e+15	7.31906e+15	8.78288e+15	1.02055e+16	1.15423e+16	1.27817e+16	2.32549e+16	3.09704e+17	4.54031e+17	4.77727	4.71038	4.71038	4.71038	4.71038	4.71038	4.71038	4.71038	4.71038	4.70766	4.70059	4.68992	4.68986	4.68986	4.68986	
26647.7	6.85429e+17	2.79244e+17	1.22198e+17	7.73157e+16	1.54631e+17	2.31947e+17	3.09263e+17	3.86579e+17	4.63894e+17	5.41177e+17	6.1832e+17	6.95215e+17	7.58521e+17	3.35205e+17	8.6001e+15	6.33682e+15	5.29406e+15	2.31669e+15	1.46579e+15	2.93159e+15	4.39737e+15	5.86316e+15	7.32895e+15	8.79474e+15	1.0217e+16	1.15477e+16	1.27843e+16	2.32549e+16	3.09704e+17	4.54031e+17	4.777	4.71135	4.71135	4.71135	4.71135	4.71135	4.71135	4.71135	4.71135	4.70842	4.70086	4.68992	4.68986	4.68986	4.68986	
26898.6	6.85429e+17	2.79233e+17	1.22193e+17	7.73126e+16	1.54625e+17	2.31938e+17	3.0925e+17	3.86563e+17	4.63876e+17	5.41197e+17	6.18369e+17	6.9534e+17	7.58522e+17	3.35205e+17	8.6001e+15	6.33718e+15	5.30126e+15	2.31984e+15	1.46778e+15	2.93557e+15	4.40335e+15	5.87113e+15	7.33892e+15	8.80671e+15	1.02294e+16	1.1554e+16	1.27865e+16	2.32549e+16	3.09704e+17	4.54031e+17	4.77656	4.71233	4.71233	4.71233	4.71233	4.71233	4.71233	4.71233	4.71233	4.70924	4.70118	4.68992	4.68986	4.68986	4.68986	
27150.5	6.85429e+17	2.79222e+17	1.22188e+17	7.73094e+16	1.54619e+17	2.31928e+17	3.09238e+17	3.86547e+17	4.63856e+17	5.41222e+17	6.18422e+17	6.95443e+17	7.58522e+17	3.35205e+17	8.6001e+15	6.33749e+15	5.30862e+15	2.32306e+15	1.46982e+15	2.93965e+15	4.40946e+15	5.87928e+15	7.34911e+15	8.81893e+15	1.0243e+16	1.15613e+16	1.27883e+16	2.32549e+16	3.09704e+17	4.54031e+17	4.77588	4.71333	4.71333	4.71333	4.71333	4.71333	4.71333	4.71333	4.71333	4.71014	4.70156	4.68991	4.68986	4.68986	4.68986	
27402.2	6.85429e+17	2.7921e+17	1.22183e+17	7.73062e+16	1.54612e+17	2.31918e+17	3.09225e+17	3.86531e+17	4.63837e+17	5.41213e+17	6.18438e+17	6.95526e+17	7.58519e+17	3.35205e+17	8.6001e+15	6.33777e+15	5.31609e+15	2.32633e+15	1.47189e+15	2.94379e+15	4.41567e+15	5.88755e+15	7.35944e+15	8.83134e+15	1.02568e+16	1.15688e+16	1.27898e+16	2.32548e+16	3.09704e+17	4.54031e+17	4.7749	4.71434	4.71434	4.71434	4.71434	4.71434	4.71434	4.71434	4.71434	4.71109	4.702	4.68991	4.68986	4.68986	4.68986	
27653.7	6.85429e+17	2.79198e+17	1.22178e+17	7.73029e+16	1.54606e+17	2.31909e+17	3.09211e+17	3.86514e+17	4.63817e+17	5.41192e+17	6.18441e+17	6.95563e+17	7.58513e+17	3.35205e+17	8.6001e+15	6.33801e+15	5.32366e+15	2.32964e+15	1.47398e+15	2.94798e+15	4.42195e+15	5.89594e+15	7.36993e+15	8.84392e+15	1.02707e+16	1.15765e+16	1.27905e+16	2.32546e+16	3.09704e+17	4.54031e+17	4.77354	4.71537	4.71537	4.71537	4.71537	4.71537	4.71537	4.71537	4.71537	4.71207	4.70245	4.68991	4.68986	4.68986	4.68986	
27904.7	6.85428e+17	2.79186e+17	1.22172e+17	7.72995e+16	1.54599e+17	2.31899e+17	3.09198e+17	3.86498e+17	4.63797e+17	5.4117e+17	6.18446e+17	6.95593e+17	7.58507e+17	3.35205e+17	8.6001e+15	6.33821e+15	5.33132e+15	2.33299e+15	1.4761e+15	2.95222e+15	4.42831e+15	5.90442e+15	7.38052e+15	8.85663e+15	1.02849e+16	1.15846e+16	1.27911e+16	2.32544e+16	3.09704e+17	4.54031e+17	4.77172	4.71641	4.71641	4.71641	4.71641	4.71641	4.71641	4.71641	4.71641	4.71306	4.70293	4.68992	4.68986	4.68986	4.68986	
28157.8	6.85428e+17	2.79174e+17	1.22167e+17	7.72961e+16	1.54592e+17	2.31888e+17	3.09184e+17	3.86481e+17	4.63777e+17	5.41148e+17	6.18453e+17	6.9562e+17	7.585e+17	3.35205e+17	8.6001e+15	6.33839e+15	5.33913e+15	2.33641e+15	1.47827e+15	2.95654e+15	4.4348e+15	5.91307e+15	7.39134e+15	8.86962e+15	1.02993e+16	1.15933e+16	1.27917e+16	2.32542e+16	3.09704e+17	4.54031e+17	4.76932	4.71748	4.71748	4.71748	4.71748	4.71748	4.71748	4.71748	4.71748	4.71407	4.70344	4.68992	4.68986	4.68986	4.68986	
28410	6.85428e+17	2.79161e+17	1.22162e+17	7.72927e+16	1.54585e+17	2.31878e+17	3.09171e+17	3.86463e+17	4.63756e+17	5.41125e+17	6.18461e+17	6.95646e+17	7.58494e+17	3.35205e+17	8.6001e+15	6.33854e+15	5.347e+15	2.33986e+15	1.48045e+15	2.9609e+15	4.44134e+15	5.92179e+15	7.40223e+15	8.88269e+15	1.03139e+16	1.16024e+16	1.27923e+16	2.3254e+16	3.09704e+17	4.54031e+17	4.76625	4.71855	4.71855	4.71855	4.71855	4.71855	4.71855	4.71855	4.71855	4.7151	4.70398	4.68992	4.68986	4.68986	4.68986	
28661.6	6.85429e+17	2.79149e+17	1.22156e+17	7.72892e+16	1.54578e+17	2.31868e+17	3.09157e+17	3.86446e+17	4.63735e+17	5.41102e+17	6.18472e+17	6.95672e+17	7.58489e+17	3.35205e+17	8.6001e+15	6.33867e+15	5.35493e+15	2.34332e+15	1.48264e+15	2.96529e+15	4.44792e+15	5.93057e+15	7.41321e+15	8.89586e+15	1.03288e+16	1.16122e+16	1.2793e+16	2.32539e+16	3.09704e+17	4.54031e+17	4.76239	4.71962	4.71962	4.71962	4.71962	4.71962	4.71962	4.71962	4.71962	4.71614	4.70455	4.68992	4.68986	4.68986	4.68986	
28912.3	6.85429e+17	2.79136e+17	1.22151e+17	7.72858e+16	1.54572e+17	2.31857e+17	3.09143e+17	3.86429e+17	4.63715e+17	5.41078e+17	6.18483e+17	6.95701e+17	7.58485e+17	3.35205e+17	8.6001e+15	6.33876e+15	5.36289e+15	2.34681e+15	1.48485e+15	2.9697e+15	4.45454e+15	5.93939e+15	7.42423e+15	8.90909e+15	1.03437e+16	1.16226e+16	1.27937e+16	2.32537e+16	3.09704e+17	4.54031e+17	4.75763	4.7207	4.7207	4.7207	4.7207	4.7207	4.7207	4.7207	4.7207	4.71718	4.70516	4.68992	4.68986	4.68986	4.68986	
29163.9	6.85429e+17	2.79124e+17	1.22145e+17	7.72823e+16	1.54565e+17	2.31847e+17	3.09129e+17	3.86411e+17	4.63694e+17	5.41055e+17	6.18496e+17	6.95733e+17	7.56225e+17	3.35205e+17	8.6001e+15	6.33884e+15	5.37094e+15	2.35033e+15	1.48707e+15	2.97416e+15	4.46123e+15	5.9483e+15	7.43538e+15	8.92246e+15	1.03588e+16	1.16338e+16	1.27946e+16	2.31845e+16	3.09704e+17	4.54031e+17	4.75179	4.72179	4.72179	4.72179	4.72179	4.72179	4.72179	4.72179	4.72179	4.71825	4.70582	4.68992	4.68986	4.68986	4.68986	
29414.9	6.85429e+17	2.79111e+17	1.2214e+17	7.72787e+16	1.54557e+17	2.31836e+17	3.09115e+17	3.86394e+17	4.63672e+17	5.41031e+17	6.18513e+17	6.95771e+17	7.58542e+17	3.35205e+17	8.6001e+15	6.33889e+15	5.37902e+15	2.35387e+15	1.48931e+15	2.97863e+15	4.46794e+15	5.95725e+15	7.44656e+15	8.93588e+15	1.03741e+16	1.16458e+16	1.27956e+16	2.32555e+16	3.09704e+17	4.54031e+17	4.74477	4.72289	4.72289	4.72289	4.72289	4.72289	4.72289	4.72289	4.72289	4.71932	4.70652	4.68993	4.68986	4.68986	4.68986	
29667.1	6.85429e+17	2.79098e+17	1.22134e+17	7.72752e+16	1.5455e+17	2.31826e+17	3.09101e+17	3.86376e+17	4.63651e+17	5.41007e+17	6.1853e+17	6.95812e+17	7.58536e+17	3.35205e+17	8.6001e+15	6.33892e+15	5.38718e+15	2.35744e+15	1.49157e+15	2.98315e+15	4.47472e+15	5.96629e+15	7.45786e+15	8.94944e+15	1.03896e+16	1.16588e+16	1.27967e+16	2.32553e+16	3.09704e+17	4.54031e+17	4.73637	4.72399	4.72399	4.72399	4.72399	4.72399	4.72399	4.72399	4.72399	4.7204	4.70727	4.68993	4.68986	4.68986	4.68986	
29917.3	6.85429e+17	2.79085e+17	1.22128e+17	7.72716e+16	1.54543e+17	2.31815e+17	3.09087e+17	3.86358e+17	4.6363e+17	5.40982e+17	6.18546e+17	6.95857e+17	7.5853e+17	3.35205e+17	8.6001e+15	6.33893e+15	5.3953e+15	2.36099e+15	1.49382e+15	2.98765e+15	4.48146e+15	5.97528e+15	7.46911e+15	8.96293e+15	1.04051e+16	1.16726e+16	1.2798e+16	2.32551e+16	3.09704e+17	4.54031e+17	4.72656	4.72509	4.72509	4.72509	4.72509	4.72509	4.72509	4.72509	4.72509	4.72148	4.70808	4.68993	4.68986	4.68986	4.68986	
30169.4	6.8543e+17	2.79072e+17	1.22123e+17	7.72681e+16	1.54536e+17	2.31804e+17	3.09072e+17	3.8634e+17	4.63608e+17	5.40958e+17	6.18561e+17	6.95905e+17	7.58527e+17	3.35205e+17	8.6001e+15	6.33891e+15	5.40351e+15	2.36459e+15	1.49609e+15	2.99219e+15	4.48828e+15	5.98438e+15	7.48047e+15	8.97657e+15	1.04208e+16	1.16875e+16	1.27995e+16	2.3255e+16	3.09704e+17	4.54031e+17	4.71503	4.7262	4.7262	4.7262	4.7262	4.7262	4.7262	4.7262	4.7262	4.72258	4.70895	4.68994	4.68986	4.68986	4.68986	
30419.7	6.8543e+17	2.79059e+17	1.22117e+17	7.72645e+16	1.54529e+17	2.31793e+17	3.09058e+17	3.86322e+17	4.63587e+17	5.40933e+17	6.18554e+17	6.95939e+17	7.58525e+17	3.35204e+17	8.6001e+15	6.33887e+15	5.41167e+15	2.36816e+15	1.49835e+15	2.99671e+15	4.49506e+15	5.99342e+15	7.49177e+15	8.99013e+15	1.04364e+16	1.17027e+16	1.28008e+16	2.3255e+16	3.09704e+17	4.54031e+17	4.70183	4.72729	4.72729	4.72729	4.72729	4.72729	4.72729	4.72729	4.72729	4.72367	4.70987	4.68994	4.68986	4.68986	4.68986	
30671	6.8543e+17	2.79046e+17	1.22111e+17	7.72609e+16	1.54522e+17	2.31783e+17	3.09044e+17	3.86305e+17	4.63565e+17	5.40908e+17	6.18531e+17	6.9596e+17	7.58525e+17	3.35202e+17	8.6001e+15	6.3388e+15	5.41988e+15	2.37175e+15	1.50062e+15	3.00126e+15	4.50188e+15	6.0025e+15	7.50313e+15	9.00376e+15	1.04522e+16	1.17181e+16	1.2802e+16	2.3255e+16	3.09701e+17	4.54031e+17	4.68666	4.72839	4.72839	4.72839	4.72839	4.72839	4.72839	4.72839	4.72839	4.72477	4.71081	4.68995	4.68986	4.68986	4.68986	
30924	6.85431e+17	2.79033e+17	1.22106e+17	7.72573e+16	1.54515e+17	2.31772e+17	3.09029e+17	3.86287e+17	4.63544e+17	5.40883e+17	6.18508e+17	6.9598e+17	7.58526e+17	3.35199e+17	8.6001e+15	6.33871e+15	5.42813e+15	2.37536e+15	1.50291e+15	3.00583e+15	4.50873e+15	6.01164e+15	7.51456e+15	9.01747e+15	1.04682e+16	1.1734e+16	1.28032e+16	2.3255e+16	3.09699e+17	4.54031e+17	4.66935	4.7295	4.7295	4.7295	4.7295	4.7295	4.7295	4.7295	4.7295	4.72588	4.71178	4.68996	4.68986	4.68986	4.68986	
31174.4	6.85431e+17	2.79021e+17	1.221e+17	7.72538e+16	1.54508e+17	2.31761e+17	3.09015e+17	3.86269e+17	4.63523e+17	5.40858e+17	6.18483e+17	6.96e+17	7.58529e+17	3.35197e+17	8.6001e+15	6.33858e+15	5.43629e+15	2.37893e+15	1.50517e+15	3.01034e+15	4.51551e+15	6.02068e+15	7.52585e+15	9.03102e+15	1.0484e+16	1.17499e+16	1.28046e+16	2.32551e+16	3.09697e+17	4.54031e+17	4.65007	4.73058	4.73058	4.73058	4.73058	4.73058	4.73058	4.73058	4.73058	4.72698	4.71276	4.68997	4.68986	4.68986	4.68986	
31425.3	6.85431e+17	2.79008e+17	1.22095e+17	7.72502e+16	1.545e+17	2.31751e+17	3.09001e+17	3.86251e+17	4.63501e+17	5.40833e+17	6.18459e+17	6.96019e+17	7.58534e+17	3.35195e+17	8.6001e+15	6.33843e+15	5.44444e+15	2.3825e+15	1.50743e+15	3.01486e+15	4.52228e+15	6.02971e+15	7.53714e+15	9.04457e+15	1.04999e+16	1.17662e+16	1.28061e+16	2.32553e+16	3.09695e+17	4.54031e+17	4.62853	4.73166	4.73166	4.73166	4.73166	4.73166	4.73166	4.73166	4.73166	4.72808	4.71376	4.68998	4.68986	4.68986	4.68986	
31678	6.85432e+17	2.78995e+17	1.22089e+17	7.72466e+16	1.54493e+17	2.3174e+17	3.08987e+17	3.86233e+17	4.6348e+17	5.40808e+17	6.18433e+17	6.96038e+17	7.58541e+17	3.35193e+17	8.6001e+15	6.33825e+15	5.45263e+15	2.38608e+15	1.50969e+15	3.01939e+15	4.52908e+15	6.03878e+15	7.54847e+15	9.05817e+15	1.05159e+16	1.17829e+16	1.28077e+16	2.32555e+16	3.09693e+17	4.54031e+17	4.6045	4.73273	4.73273	4.73273	4.73273	4.73273	4.73273	4.73273	4.73273	4.72918	4.71478	4.68999	4.68986	4.68986	4.68986	
31928.3	6.85433e+17	2.78982e+17	1.22083e+17	7.72431e+16	1.54486e+17	2.31729e+17	3.08972e+17	3.86216e+17	4.63459e+17	5.40783e+17	6.18408e+17	6.96056e+17	7.5855e+17	3.35191e+17	8.6001e+15	6.33804e+15	5.4607e+15	2.38961e+15	1.51193e+15	3.02386e+15	4.53579e+15	6.04772e+15	7.55965e+15	9.07158e+15	1.05317e+16	1.17996e+16	1.28094e+16	2.32557e+16	3.09691e+17	4.54031e+17	4.57833	4.73377	4.73377	4.73377	4.73377	4.73377	4.73377	4.73377	4.73377	4.73027	4.71581	4.69	4.68986	4.68986	4.68986	
32180.1	6.85433e+17	2.78969e+17	1.22078e+17	7.72396e+16	1.54479e+17	2.31719e+17	3.08958e+17	3.86198e+17	4.63437e+17	5.40758e+17	6.18381e+17	6.96073e+17	7.58561e+17	3.3519e+17	8.6001e+15	6.33779e+15	5.46878e+15	2.39315e+15	1.51416e+15	3.02834e+15	4.5425e+15	6.05666e+15	7.57083e+15	9.085e+15	1.05476e+16	1.18167e+16	1.28114e+16	2.32561e+16	3.0969e+17	4.54031e+17	4.54961	4.73481	4.73481	4.73481	4.73481	4.73481	4.73481	4.73481	4.73481	4.73135	4.71685	4.69002	4.68986	4.68986	4.68986	
32432.1	6.85434e+17	2.78957e+17	1.22072e+17	7.72361e+16	1.54472e+17	2.31708e+17	3.08944e+17	3.8618e+17	4.63416e+17	5.40733e+17	6.18355e+17	6.9609e+17	7.58573e+17	3.35189e+17	8.6001e+15	6.33751e+15	5.47681e+15	2.39666e+15	1.51639e+15	3.03278e+15	4.54917e+15	6.06556e+15	7.58195e+15	9.09834e+15	1.05634e+16	1.1834e+16	1.28135e+16	2.32565e+16	3.0969e+17	4.54031e+17	4.51842	4.73582	4.73582	4.73582	4.73582	4.73582	4.73582	4.73582	4.73582	4.73243	4.71791	4.69003	4.68986	4.68986	4.68986	
32685.1	6.85434e+17	2.78944e+17	1.22067e+17	7.72326e+16	1.54465e+17	2.31698e+17	3.0893e+17	3.86163e+17	4.63395e+17	5.40708e+17	6.18327e+17	6.96107e+17	7.58587e+17	3.35189e+17	8.6001e+15	6.33719e+15	5.48482e+15	2.40017e+15	1.51861e+15	3.03722e+15	4.55582e+15	6.07443e+15	7.59304e+15	9.11165e+15	1.05793e+16	1.18515e+16	1.28159e+16	2.32569e+16	3.09689e+17	4.54031e+17	4.48469	4.73682	4.73682	4.73682	4.73682	4.73682	4.73682	4.73682	4.73682	4.73349	4.71899	4.69005	4.68986	4.68986	4.68986	
32935.2	6.85435e+17	2.78932e+17	1.22061e+17	7.72292e+16	1.54458e+17	2.31687e+17	3.08917e+17	3.86146e+17	4.63375e+17	5.40684e+17	6.183e+17	6.96122e+17	7.58603e+17	3.35189e+17	8.6001e+15	6.33683e+15	5.49268e+15	2.40361e+15	1.52078e+15	3.04157e+15	4.56235e+15	6.08313e+15	7.60391e+15	9.1247e+15	1.05949e+16	1.1869e+16	1.28184e+16	2.32574e+16	3.09689e+17	4.54031e+17	4.44898	4.73777	4.73777	4.73777	4.73777	4.73777	4.73777	4.73777	4.73777	4.73452	4.72006	4.69007	4.68986	4.68986	4.68986	
33186.5	6.85436e+17	2.78919e+17	1.22056e+17	7.72257e+16	1.54451e+17	2.31677e+17	3.08903e+17	3.86129e+17	4.63354e+17	5.40659e+17	6.18273e+17	6.96137e+17	7.58619e+17	3.35189e+17	8.6001e+15	6.33644e+15	5.50049e+15	2.40703e+15	1.52295e+15	3.0459e+15	4.56884e+15	6.09179e+15	7.61473e+15	9.13768e+15	1.06104e+16	1.18868e+16	1.28213e+16	2.32579e+16	3.09689e+17	4.54031e+17	4.41082	4.73869	4.73869	4.73869	4.73869	4.73869	4.73869	4.73869	4.73869	4.73554	4.72114	4.69009	4.68986	4.68986	4.68986	
33438.1	6.85437e+17	2.78907e+17	1.22051e+17	7.72224e+16	1.54445e+17	2.31667e+17	3.08889e+17	3.86112e+17	4.63334e+17	5.40635e+17	6.18245e+17	6.96151e+17	7.58637e+17	3.35189e+17	8.6001e+15	6.336e+15	5.50825e+15	2.41042e+15	1.52509e+15	3.05019e+15	4.57528e+15	6.10037e+15	7.62547e+15	9.15056e+15	1.06259e+16	1.19046e+16	1.28244e+16	2.32584e+16	3.0969e+17	4.54031e+17	4.3704	4.73958	4.73958	4.73958	4.73958	4.73958	4.73958	4.73958	4.73958	4.73654	4.72223	4.69012	4.68986	4.68986	4.68986	
33690.7	6.85438e+17	2.78895e+17	1.22045e+17	7.7219e+16	1.54438e+17	2.31657e+17	3.08876e+17	3.86095e+17	4.63314e+17	5.40611e+17	6.18217e+17	6.96164e+17	7.58656e+17	3.35189e+17	8.6001e+15	6.33553e+15	5.51595e+15	2.41379e+15	1.52722e+15	3.05445e+15	4.58168e+15	6.1089e+15	7.63613e+15	9.16336e+15	1.06414e+16	1.19227e+16	1.28279e+16	2.3259e+16	3.0969e+17	4.54031e+17	4.3277	4.74042	4.74042	4.74042	4.74042	4.74042	4.74042	4.74042	4.74042	4.73751	4.72334	4.69015	4.68986	4.68986	4.68986	
33941.3	6.85439e+17	2.78883e+17	1.2204e+17	7.72157e+16	1.54431e+17	2.31647e+17	3.08863e+17	3.86079e+17	4.63294e+17	5.40587e+17	6.18188e+17	6.96176e+17	7.58675e+17	3.3519e+17	8.6001e+15	6.33502e+15	5.5235e+15	2.41709e+15	1.52932e+15	3.05864e+15	4.58795e+15	6.11726e+15	7.64658e+15	9.1759e+15	1.06566e+16	1.19407e+16	1.28318e+16	2.32596e+16	3.0969e+17	4.54031e+17	4.28342	4.7412	4.7412	4.7412	4.7412	4.7412	4.7412	4.7412	4.7412	4.73843	4.72443	4.69018	4.68986	4.68986	4.68986	
34191.6	6.8544e+17	2.78871e+17	1.22035e+17	7.72125e+16	1.54425e+17	2.31637e+17	3.0885e+17	3.86062e+17	4.63275e+17	5.40563e+17	6.1816e+17	6.96187e+17	7.58695e+17	3.35191e+17	8.6001e+15	6.33447e+15	5.53095e+15	2.42036e+15	1.53138e+15	3.06276e+15	4.59414e+15	6.12551e+15	7.65689e+15	9.18828e+15	1.06716e+16	1.19588e+16	1.2836e+16	2.32602e+16	3.09691e+17	4.54031e+17	4.23738	4.74193	4.74193	4.74193	4.74193	4.74193	4.74193	4.74193	4.74193	4.73933	4.72553	4.69021	4.68986	4.68986	4.68986	
34442.7	6.85441e+17	2.7886e+17	1.2203e+17	7.72092e+16	1.54418e+17	2.31628e+17	3.08837e+17	3.86046e+17	4.63255e+17	5.40539e+17	6.18132e+17	6.96196e+17	7.58715e+17	3.35191e+17	8.6001e+15	6.33388e+15	5.53832e+15	2.42358e+15	1.53342e+15	3.06684e+15	4.60026e+15	6.13368e+15	7.6671e+15	9.20053e+15	1.06866e+16	1.1977e+16	1.28407e+16	2.32608e+16	3.09692e+17	4.54031e+17	4.1896	4.74259	4.74259	4.74259	4.74259	4.74259	4.74259	4.74259	4.74259	4.74018	4.72663	4.69026	4.68986	4.68986	4.68986	
34694.8	6.85442e+17	2.78848e+17	1.22025e+17	7.72061e+16	1.54412e+17	2.31618e+17	3.08824e+17	3.8603e+17	4.63236e+17	5.40516e+17	6.18103e+17	6.96204e+17	7.58735e+17	3.35192e+17	8.6001e+15	6.33325e+15	5.54562e+15	2.42678e+15	1.53544e+15	3.07089e+15	4.60633e+15	6.14177e+15	7.67721e+15	9.21265e+15	1.07015e+16	1.19953e+16	1.2846e+16	2.32614e+16	3.09692e+17	4.54031e+17	4.14021	4.74319	4.74319	4.74319	4.74319	4.74319	4.74319	4.74319	4.74319	4.74098	4.72774	4.6903	4.68986	4.68986	4.68986	
34946.7	6.85443e+17	2.78837e+17	1.2202e+17	7.72029e+16	1.54406e+17	2.31609e+17	3.08812e+17	3.86015e+17	4.63217e+17	5.40493e+17	6.18074e+17	6.96211e+17	7.58755e+17	3.35193e+17	8.6001e+15	6.33258e+15	5.55281e+15	2.42992e+15	1.53743e+15	3.07487e+15	4.61229e+15	6.14973e+15	7.68716e+15	9.22459e+15	1.07162e+16	1.20136e+16	1.28517e+16	2.3262e+16	3.09693e+17	4.54031e+17	4.08963	4.7437	4.7437	4.7437	4.7437	4.7437	4.7437	4.7437	4.7437	4.74173	4.72884	4.69035	4.68986	4.68986	4.68986	
35199.1	6.85445e+17	2.78826e+17	1.22015e+17	7.71998e+16	1.544e+17	2.31599e+17	3.08799e+17	3.85999e+17	4.63199e+17	5.4047e+17	6.18045e+17	6.96216e+17	7.58774e+17	3.35194e+17	8.6001e+15	6.33188e+15	5.5599e+15	2.43302e+15	1.53939e+15	3.07879e+15	4.61818e+15	6.15758e+15	7.69697e+15	9.23637e+15	1.07308e+16	1.2032e+16	1.28582e+16	2.32626e+16	3.09694e+17	4.54031e+17	4.03794	4.74412	4.74412	4.74412	4.74412	4.74412	4.74412	4.74412	4.74412	4.74241	4.72993	4.69041	4.68986	4.68986	4.68986	
35449.4	6.85446e+17	2.78815e+17	1.2201e+17	7.71968e+16	1.54394e+17	2.3159e+17	3.08787e+17	3.85984e+17	4.63181e+17	5.40447e+17	6.18017e+17	6.96219e+17	7.58794e+17	3.35194e+17	8.6001e+15	6.33114e+15	5.56681e+15	2.43605e+15	1.54131e+15	3.08262e+15	4.62393e+15	6.16523e+15	7.70654e+15	9.24785e+15	1.07451e+16	1.20502e+16	1.28652e+16	2.32632e+16	3.09694e+17	4.54031e+17	3.98591	4.74443	4.74443	4.74443	4.74443	4.74443	4.74443	4.74443	4.74443	4.74302	4.73101	4.69047	4.68986	4.68986	4.68986	
35699.9	6.85447e+17	2.78804e+17	1.22005e+17	7.71938e+16	1.54388e+17	2.31582e+17	3.08775e+17	3.85969e+17	4.63163e+17	5.40425e+17	6.17988e+17	6.9622e+17	7.58813e+17	3.35195e+17	8.6001e+15	6.33037e+15	5.57361e+15	2.43902e+15	1.54319e+15	3.08638e+15	4.62957e+15	6.17276e+15	7.71596e+15	9.25915e+15	1.07592e+16	1.20685e+16	1.2873e+16	2.32638e+16	3.09695e+17	4.54031e+17	3.93331	4.74464	4.74464	4.74464	4.74464	4.74464	4.74464	4.74464	4.74464	4.74355	4.73208	4.69054	4.68986	4.68986	4.68986	
35950	6.85449e+17	2.78794e+17	1.22001e+17	7.71909e+16	1.54382e+17	2.31573e+17	3.08764e+17	3.85955e+17	4.63146e+17	5.40403e+17	6.17959e+17	6.96219e+17	7.58832e+17	3.35196e+17	8.6001e+15	6.32956e+15	5.58028e+15	2.44194e+15	1.54504e+15	3.09008e+15	4.63511e+15	6.18015e+15	7.72519e+15	9.27023e+15	1.07731e+16	1.20867e+16	1.28815e+16	2.32644e+16	3.09696e+17	4.54031e+17	3.88045	4.74472	4.74472	4.74472	4.74472	4.74472	4.74472	4.74472	4.74472	4.74399	4.73313	4.69061	4.68986	4.68986	4.68986	
36201.6	6.8545e+17	2.78783e+17	1.21996e+17	7.71881e+16	1.54376e+17	2.31564e+17	3.08752e+17	3.8594e+17	4.63128e+17	5.40381e+17	6.1793e+17	6.96216e+17	7.5885e+17	3.35197e+17	8.6001e+15	6.32872e+15	5.58687e+15	2.44483e+15	1.54686e+15	3.09372e+15	4.64058e+15	6.18744e+15	7.73431e+15	9.28117e+15	1.0787e+16	1.21051e+16	1.28909e+16	2.32649e+16	3.09696e+17	4.54031e+17	3.82717	4.74467	4.74467	4.74467	4.74467	4.74467	4.74467	4.74467	4.74467	4.74433	4.73417	4.6907	4.68986	4.68986	4.68986	
36452.4	6.85452e+17	2.78773e+17	1.21992e+17	7.71852e+16	1.5437e+17	2.31556e+17	3.08741e+17	3.85926e+17	4.63111e+17	5.4036e+17	6.17902e+17	6.9621e+17	7.58868e+17	3.35197e+17	8.6001e+15	6.32786e+15	5.5933e+15	2.44764e+15	1.54864e+15	3.09729e+15	4.64593e+15	6.19457e+15	7.74321e+15	9.29186e+15	1.08007e+16	1.21234e+16	1.29013e+16	2.32655e+16	3.09697e+17	4.54031e+17	3.77419	4.74447	4.74447	4.74447	4.74447	4.74447	4.74447	4.74447	4.74447	4.74457	4.73518	4.69079	4.68986	4.68986	4.68986	
36704.6	6.85453e+17	2.78763e+17	1.21987e+17	7.71825e+16	1.54365e+17	2.31547e+17	3.0873e+17	3.85912e+17	4.63095e+17	5.40338e+17	6.17873e+17	6.96203e+17	7.58885e+17	3.35198e+17	8.6001e+15	6.32696e+15	5.59964e+15	2.45042e+15	1.5504e+15	3.1008e+15	4.65119e+15	6.20159e+15	7.75199e+15	9.30239e+15	1.08142e+16	1.21418e+16	1.29127e+16	2.3266e+16	3.09698e+17	4.54031e+17	3.72124	4.74411	4.74411	4.74411	4.74411	4.74411	4.74411	4.74411	4.74411	4.74468	4.73618	4.69089	4.68986	4.68986	4.68986	
36956.2	6.85455e+17	2.78753e+17	1.21983e+17	7.71798e+16	1.5436e+17	2.31539e+17	3.08719e+17	3.85899e+17	4.63079e+17	5.40317e+17	6.17844e+17	6.96193e+17	7.58901e+17	3.35199e+17	8.6001e+15	6.32604e+15	5.60583e+15	2.45313e+15	1.55211e+15	3.10423e+15	4.65634e+15	6.20845e+15	7.76057e+15	9.31268e+15	1.08276e+16	1.21601e+16	1.29252e+16	2.32665e+16	3.09698e+17	4.54031e+17	3.66894	4.74357	4.74357	4.74357	4.74357	4.74357	4.74357	4.74357	4.74357	4.74466	4.73714	4.691	4.68986	4.68986	4.68986	
37209	6.85457e+17	2.78744e+17	1.21979e+17	7.71771e+16	1.54354e+17	2.31531e+17	3.08708e+17	3.85886e+17	4.63063e+17	5.40296e+17	6.17815e+17	6.96181e+17	7.58917e+17	3.35199e+17	8.6001e+15	6.3251e+15	5.61192e+15	2.45579e+15	1.5538e+15	3.1076e+15	4.6614e+15	6.2152e+15	7.76899e+15	9.32279e+15	1.08409e+16	1.21786e+16	1.29389e+16	2.3267e+16	3.09699e+17	4.54031e+17	3.61709	4.74284	4.74284	4.74284	4.74284	4.74284	4.74284	4.74284	4.74284	4.7445	4.73807	4.69113	4.68986	4.68986	4.68986	
37461.9	6.85458e+17	2.78734e+17	1.21975e+17	7.71745e+16	1.54349e+17	2.31524e+17	3.08698e+17	3.85873e+17	4.63047e+17	5.40275e+17	6.17785e+17	6.96166e+17	7.58933e+17	3.352e+17	8.6001e+15	6.32413e+15	5.61788e+15	2.4584e+15	1.55545e+15	3.1109e+15	4.66634e+15	6.22179e+15	7.77724e+15	9.33268e+15	1.08541e+16	1.21972e+16	1.29538e+16	2.32675e+16	3.09699e+17	4.54031e+17	3.56613	4.7419	4.7419	4.7419	4.7419	4.7419	4.7419	4.7419	4.7419	4.74417	4.73896	4.69126	4.68986	4.68986	4.68986	
37714.3	6.8546e+17	2.78725e+17	1.21971e+17	7.7172e+16	1.54344e+17	2.31516e+17	3.08688e+17	3.8586e+17	4.63032e+17	5.40255e+17	6.17756e+17	6.96148e+17	7.58948e+17	3.352e+17	8.6001e+15	6.32315e+15	5.62368e+15	2.46093e+15	1.55705e+15	3.11411e+15	4.67116e+15	6.22821e+15	7.78527e+15	9.34232e+15	1.0867e+16	1.22158e+16	1.29701e+16	2.32679e+16	3.097e+17	4.54031e+17	3.51633	4.74074	4.74074	4.74074	4.74074	4.74074	4.74074	4.74074	4.74074	4.74367	4.73981	4.69141	4.68986	4.68986	4.68986	
37968	6.85462e+17	2.78716e+17	1.21967e+17	7.71695e+16	1.54339e+17	2.31509e+17	3.08678e+17	3.85848e+17	4.63017e+17	5.40235e+17	6.17726e+17	6.96127e+17	7.58962e+17	3.35201e+17	8.6001e+15	6.32215e+15	5.62937e+15	2.46343e+15	1.55863e+15	3.11726e+15	4.67589e+15	6.23452e+15	7.79315e+15	9.35178e+15	1.088e+16	1.22346e+16	1.29879e+16	2.32684e+16	3.097e+17	4.54031e+17	3.46744	4.73933	4.73933	4.73933	4.73933	4.73933	4.73933	4.73933	4.73933	4.74298	4.7406	4.69157	4.68986	4.68986	4.68986	
38220.8	6.85463e+17	2.78708e+17	1.21963e+17	7.71671e+16	1.54334e+17	2.31501e+17	3.08668e+17	3.85835e+17	4.63003e+17	5.40215e+17	6.17697e+17	6.96104e+17	7.58975e+17	3.35201e+17	8.6001e+15	6.32114e+15	5.63491e+15	2.46585e+15	1.56016e+15	3.12033e+15	4.68049e+15	6.24065e+15	7.80081e+15	9.36097e+15	1.08927e+16	1.22535e+16	1.30071e+16	2.32688e+16	3.09701e+17	4.54031e+17	3.42008	4.73766	4.73766	4.73766	4.73766	4.73766	4.73766	4.73766	4.73766	4.74208	4.74133	4.69174	4.68986	4.68986	4.68986	
38471.1	6.85465e+17	2.78699e+17	1.21959e+17	7.71648e+16	1.5433e+17	2.31494e+17	3.08659e+17	3.85824e+17	4.62989e+17	5.40195e+17	6.17667e+17	6.96077e+17	7.58988e+17	3.35202e+17	8.6001e+15	6.32013e+15	5.64025e+15	2.46819e+15	1.56164e+15	3.12328e+15	4.68492e+15	6.24656e+15	7.80821e+15	9.36985e+15	1.09052e+16	1.22724e+16	1.30278e+16	2.32692e+16	3.09701e+17	4.54031e+17	3.37459	4.73573	4.73573	4.73573	4.73573	4.73573	4.73573	4.73573	4.73573	4.74097	4.74198	4.69192	4.68986	4.68986	4.68986	
38721.9	6.85467e+17	2.78691e+17	1.21956e+17	7.71625e+16	1.54325e+17	2.31487e+17	3.0865e+17	3.85812e+17	4.62975e+17	5.40175e+17	6.17637e+17	6.96048e+17	7.59e+17	3.35202e+17	8.6001e+15	6.31912e+15	5.64546e+15	2.47047e+15	1.56308e+15	3.12617e+15	4.68925e+15	6.25234e+15	7.81542e+15	9.37851e+15	1.09177e+16	1.22915e+16	1.30501e+16	2.32695e+16	3.09702e+17	4.54031e+17	3.3305	4.73351	4.73351	4.73351	4.73351	4.73351	4.73351	4.73351	4.73351	4.73963	4.74256	4.69212	4.68986	4.68986	4.68986	
38975.1	6.85469e+17	2.78683e+17	1.21952e+17	7.71603e+16	1.54321e+17	2.31481e+17	3.08641e+17	3.85801e+17	4.62962e+17	5.40156e+17	6.17606e+17	6.96015e+17	7.59011e+17	3.35202e+17	8.6001e+15	6.31808e+15	5.65058e+15	2.47271e+15	1.5645e+15	3.129e+15	4.69351e+15	6.25801e+15	7.82251e+15	9.38701e+15	1.09302e+16	1.23111e+16	1.30745e+16	2.32699e+16	3.09702e+17	4.54031e+17	3.2876	4.73096	4.73096	4.73096	4.73096	4.73096	4.73096	4.73096	4.73096	4.73801	4.74305	4.69234	4.68986	4.68986	4.68986	
39226.1	6.85471e+17	2.78675e+17	1.21949e+17	7.71581e+16	1.54316e+17	2.31474e+17	3.08632e+17	3.85791e+17	4.62949e+17	5.40136e+17	6.17575e+17	6.95979e+17	7.59022e+17	3.35203e+17	8.6001e+15	6.31706e+15	5.65552e+15	2.47487e+15	1.56587e+15	3.13174e+15	4.69761e+15	6.26348e+15	7.82935e+15	9.39522e+15	1.09425e+16	1.23308e+16	1.31005e+16	2.32702e+16	3.09702e+17	4.54031e+17	3.24668	4.72809	4.72809	4.72809	4.72809	4.72809	4.72809	4.72809	4.72809	4.73614	4.74345	4.69257	4.68986	4.68986	4.68986	
39477	6.85472e+17	2.78668e+17	1.21946e+17	7.7156e+16	1.54312e+17	2.31468e+17	3.08624e+17	3.8578e+17	4.62936e+17	5.40117e+17	6.17543e+17	6.95939e+17	7.59032e+17	3.35203e+17	8.6001e+15	6.31603e+15	5.66031e+15	2.47697e+15	1.5672e+15	3.1344e+15	4.70159e+15	6.26879e+15	7.83599e+15	9.40318e+15	1.09547e+16	1.23509e+16	1.31285e+16	2.32705e+16	3.09702e+17	4.54031e+17	3.20747	4.72489	4.72489	4.72489	4.72489	4.72489	4.72489	4.72489	4.72489	4.73398	4.74373	4.69282	4.68986	4.68986	4.68986	
39728.2	6.85474e+17	2.7866e+17	1.21942e+17	7.7154e+16	1.54308e+17	2.31462e+17	3.08616e+17	3.8577e+17	4.62924e+17	5.40098e+17	6.17511e+17	6.95896e+17	7.59041e+17	3.35203e+17	8.6001e+15	6.315e+15	5.66498e+15	2.47901e+15	1.56849e+15	3.13698e+15	4.70547e+15	6.27395e+15	7.84244e+15	9.41093e+15	1.09669e+16	1.23715e+16	1.31586e+16	2.32708e+16	3.09703e+17	4.54031e+17	3.16991	4.7213	4.7213	4.7213	4.7213	4.7213	4.7213	4.7213	4.7213	4.7315	4.7439	4.69308	4.68986	4.68986	4.68986	
39979.2	6.85476e+17	2.78653e+17	1.21939e+17	7.7152e+16	1.54304e+17	2.31456e+17	3.08608e+17	3.8576e+17	4.62912e+17	5.40078e+17	6.17477e+17	6.95845e+17	7.59047e+17	3.35203e+17	8.6001e+15	6.31398e+15	5.6695e+15	2.48099e+15	1.56974e+15	3.13948e+15	4.70922e+15	6.27896e+15	7.84871e+15	9.41845e+15	1.09791e+16	1.23926e+16	1.31907e+16	2.3271e+16	3.09703e+17	4.54031e+17	3.13409	4.71734	4.71734	4.71734	4.71734	4.71734	4.71734	4.71734	4.71734	4.7287	4.74393	4.69336	4.68986	4.68986	4.68986	
40230.1	6.85478e+17	2.78646e+17	1.21936e+17	7.71501e+16	1.543e+17	2.3145e+17	3.086e+17	3.8575e+17	4.62901e+17	5.40059e+17	6.17443e+17	6.95792e+17	7.59052e+17	3.35204e+17	8.6001e+15	6.31296e+15	5.67389e+15	2.48291e+15	1.57096e+15	3.14191e+15	4.71287e+15	6.28382e+15	7.85478e+15	9.42574e+15	1.09913e+16	1.24143e+16	1.32251e+16	2.32711e+16	3.09703e+17	4.54031e+17	3.1	4.71297	4.71297	4.71297	4.71297	4.71297	4.71297	4.71297	4.71297	4.72556	4.74381	4.69365	4.68986	4.68986	4.68986	
40481.1	6.85479e+17	2.7864e+17	1.21933e+17	7.71482e+16	1.54296e+17	2.31445e+17	3.08593e+17	3.85741e+17	4.62889e+17	5.4004e+17	6.17408e+17	6.95734e+17	7.59057e+17	3.35204e+17	8.6001e+15	6.31195e+15	5.67814e+15	2.48477e+15	1.57213e+15	3.14427e+15	4.7164e+15	6.28853e+15	7.86067e+15	9.4328e+15	1.10035e+16	1.24367e+16	1.32617e+16	2.32713e+16	3.09703e+17	4.54031e+17	3.06759	4.70818	4.70818	4.70818	4.70818	4.70818	4.70818	4.70818	4.70818	4.72205	4.74354	4.69396	4.68986	4.68986	4.68986	
40733.5	6.85481e+17	2.78633e+17	1.21931e+17	7.71464e+16	1.54293e+17	2.31439e+17	3.08586e+17	3.85732e+17	4.62879e+17	5.40021e+17	6.17371e+17	6.95673e+17	7.59061e+17	3.35204e+17	8.6001e+15	6.31094e+15	5.68228e+15	2.48658e+15	1.57328e+15	3.14656e+15	4.71984e+15	6.29312e+15	7.8664e+15	9.43968e+15	1.10157e+16	1.24599e+16	1.3301e+16	2.32714e+16	3.09703e+17	4.54031e+17	3.03673	4.70292	4.70292	4.70292	4.70292	4.70292	4.70292	4.70292	4.70292	4.71814	4.74309	4.69428	4.68986	4.68986	4.68986	
40986.6	6.85483e+17	2.78627e+17	1.21928e+17	7.71447e+16	1.54289e+17	2.31434e+17	3.08579e+17	3.85723e+17	4.62868e+17	5.40001e+17	6.17333e+17	6.95606e+17	7.59065e+17	3.35204e+17	8.60009e+15	6.30994e+15	5.6863e+15	2.48834e+15	1.57439e+15	3.14878e+15	4.72317e+15	6.29756e+15	7.87196e+15	9.44635e+15	1.10281e+16	1.2484e+16	1.3343e+16	2.32715e+16	3.09704e+17	4.54031e+17	3.00745	4.69718	4.69718	4.69718	4.69718	4.69718	4.69718	4.69718	4.69718	4.7138	4.74244	4.69462	4.68986	4.68986	4.68986	
41238.3	6.85484e+17	2.78621e+17	1.21925e+17	7.7143e+16	1.54286e+17	2.31429e+17	3.08572e+17	3.85715e+17	4.62858e+17	5.39982e+17	6.17294e+17	6.95537e+17	7.59069e+17	3.35204e+17	8.60008e+15	6.30895e+15	5.69016e+15	2.49003e+15	1.57546e+15	3.15092e+15	4.72638e+15	6.30184e+15	7.8773e+15	9.45276e+15	1.10404e+16	1.25089e+16	1.33875e+16	2.32717e+16	3.09704e+17	4.5403e+17	2.97997	4.69099	4.69099	4.69099	4.69099	4.69099	4.69099	4.69099	4.69099	4.70907	4.74158	4.69496	4.68986	4.68986	4.68986	
41490.1	6.85486e+17	2.78615e+17	1.21923e+17	7.71414e+16	1.54283e+17	2.31424e+17	3.08566e+17	3.85707e+17	4.62848e+17	5.39962e+17	6.17253e+17	6.95462e+17	7.59073e+17	3.35205e+17	8.60008e+15	6.30798e+15	5.69389e+15	2.49166e+15	1.57649e+15	3.15299e+15	4.72948e+15	6.30597e+15	7.88247e+15	9.45896e+15	1.10528e+16	1.25348e+16	1.34348e+16	2.32718e+16	3.09704e+17	4.5403e+17	2.95407	4.6843	4.6843	4.6843	4.6843	4.6843	4.6843	4.6843	4.6843	4.70389	4.7405	4.69532	4.68986	4.68986	4.68986	
41742.5	6.85488e+17	2.78609e+17	1.2192e+17	7.71398e+16	1.5428e+17	2.31419e+17	3.08559e+17	3.85699e+17	4.62839e+17	5.39943e+17	6.1721e+17	6.95382e+17	7.59076e+17	3.35205e+17	8.60007e+15	6.30701e+15	5.6975e+15	2.49324e+15	1.57749e+15	3.15499e+15	4.73248e+15	6.30997e+15	7.88747e+15	9.46496e+15	1.10652e+16	1.25619e+16	1.34853e+16	2.32719e+16	3.09704e+17	4.5403e+17	2.92966	4.67708	4.67708	4.67708	4.67708	4.67708	4.67708	4.67708	4.67708	4.69823	4.73917	4.69568	4.68986	4.68986	4.68986	
41995.3	6.85489e+17	2.78604e+17	1.21918e+17	7.71383e+16	1.54277e+17	2.31415e+17	3.08553e+17	3.85691e+17	4.6283e+17	5.39923e+17	6.17166e+17	6.95298e+17	7.59079e+17	3.35205e+17	8.60007e+15	6.30606e+15	5.70099e+15	2.49477e+15	1.57846e+15	3.15692e+15	4.73538e+15	6.31383e+15	7.89229e+15	9.47075e+15	1.10778e+16	1.25902e+16	1.35392e+16	2.3272e+16	3.09704e+17	4.54029e+17	2.90672	4.66932	4.66932	4.66932	4.66932	4.66932	4.66932	4.66932	4.66932	4.69209	4.73758	4.69605	4.68986	4.68986	4.68986	
42247.1	6.85491e+17	2.78598e+17	1.21915e+17	7.71368e+16	1.54274e+17	2.3141e+17	3.08547e+17	3.85684e+17	4.62821e+17	5.39903e+17	6.17119e+17	6.95208e+17	7.59082e+17	3.35205e+17	8.60006e+15	6.30512e+15	5.70433e+15	2.49623e+15	1.57939e+15	3.15877e+15	4.73816e+15	6.31754e+15	7.89693e+15	9.47631e+15	1.10904e+16	1.26195e+16	1.35962e+16	2.32721e+16	3.09704e+17	4.54029e+17	2.8853	4.66105	4.66105	4.66105	4.66105	4.66105	4.66105	4.66105	4.66105	4.68547	4.7357	4.69642	4.68986	4.68986	4.68986	
42499.9	6.85493e+17	2.78593e+17	1.21913e+17	7.71354e+16	1.54271e+17	2.31406e+17	3.08542e+17	3.85677e+17	4.62813e+17	5.39883e+17	6.1707e+17	6.95112e+17	7.59084e+17	3.35205e+17	8.60006e+15	6.30419e+15	5.70757e+15	2.49765e+15	1.58028e+15	3.16056e+15	4.74084e+15	6.32112e+15	7.90141e+15	9.48169e+15	1.11032e+16	1.26504e+16	1.36571e+16	2.32722e+16	3.09705e+17	4.54029e+17	2.86519	4.65218	4.65218	4.65218	4.65218	4.65218	4.65218	4.65218	4.65218	4.6783	4.73352	4.69678	4.68986	4.68986	4.68986	
42752.1	6.85494e+17	2.78588e+17	1.21911e+17	7.71341e+16	1.54268e+17	2.31402e+17	3.08536e+17	3.8567e+17	4.62804e+17	5.39863e+17	6.1702e+17	6.9501e+17	7.59087e+17	3.35205e+17	8.60005e+15	6.30328e+15	5.71067e+15	2.499e+15	1.58114e+15	3.16228e+15	4.74342e+15	6.32456e+15	7.9057e+15	9.48684e+15	1.1116e+16	1.26825e+16	1.37216e+16	2.32722e+16	3.09705e+17	4.54029e+17	2.84646	4.64277	4.64277	4.64277	4.64277	4.64277	4.64277	4.64277	4.64277	4.67063	4.73101	4.69714	4.68986	4.68986	4.68986	
43004.9	6.85496e+17	2.78584e+17	1.21909e+17	7.71328e+16	1.54266e+17	2.31398e+17	3.08531e+17	3.85664e+17	4.62797e+17	5.39842e+17	6.16966e+17	6.94901e+17	7.59089e+17	3.35205e+17	8.60005e+15	6.30238e+15	5.71366e+15	2.50031e+15	1.58197e+15	3.16394e+15	4.74591e+15	6.32788e+15	7.90984e+15	9.49181e+15	1.1129e+16	1.27162e+16	1.37904e+16	2.32723e+16	3.09705e+17	4.54028e+17	2.82894	4.63275	4.63275	4.63275	4.63275	4.63275	4.63275	4.63275	4.63275	4.66239	4.72815	4.69749	4.68986	4.68986	4.68986	
43257.5	6.85497e+17	2.78579e+17	1.21907e+17	7.71315e+16	1.54263e+17	2.31395e+17	3.08526e+17	3.85658e+17	4.62789e+17	5.39821e+17	6.16911e+17	6.94786e+17	7.59091e+17	3.35206e+17	8.60004e+15	6.3015e+15	5.71653e+15	2.50157e+15	1.58276e+15	3.16553e+15	4.74829e+15	6.33105e+15	7.91382e+15	9.49658e+15	1.11421e+16	1.27515e+16	1.38635e+16	2.32724e+16	3.09705e+17	4.54028e+17	2.81265	4.62215	4.62215	4.62215	4.62215	4.62215	4.62215	4.62215	4.62215	4.6536	4.72493	4.69781	4.68986	4.68986	4.68986	
43510.7	6.85499e+17	2.78575e+17	1.21905e+17	7.71303e+16	1.54261e+17	2.31391e+17	3.08521e+17	3.85652e+17	4.62782e+17	5.39801e+17	6.16853e+17	6.94663e+17	7.59093e+17	3.35206e+17	8.60004e+15	6.30063e+15	5.71929e+15	2.50278e+15	1.58353e+15	3.16706e+15	4.75058e+15	6.33411e+15	7.91764e+15	9.50117e+15	1.11553e+16	1.27884e+16	1.39414e+16	2.32725e+16	3.09705e+17	4.54028e+17	2.79747	4.61091	4.61091	4.61091	4.61091	4.61091	4.61091	4.61091	4.61091	4.6442	4.72131	4.69811	4.68986	4.68986	4.68986	
43763.2	6.855e+17	2.78571e+17	1.21903e+17	7.71292e+16	1.54258e+17	2.31388e+17	3.08517e+17	3.85646e+17	4.62775e+17	5.3978e+17	6.16792e+17	6.94533e+17	7.59095e+17	3.35206e+17	8.60004e+15	6.29978e+15	5.72193e+15	2.50393e+15	1.58426e+15	3.16852e+15	4.75277e+15	6.33703e+15	7.92129e+15	9.50555e+15	1.11687e+16	1.28268e+16	1.40239e+16	2.32726e+16	3.09705e+17	4.54028e+17	2.78342	4.5991	4.5991	4.5991	4.5991	4.5991	4.5991	4.5991	4.5991	4.63425	4.7173	4.69838	4.68986	4.68986	4.68986	
44015.9	6.85502e+17	2.78567e+17	1.21901e+17	7.71281e+16	1.54256e+17	2.31384e+17	3.08512e+17	3.8564e+17	4.62768e+17	5.39758e+17	6.16728e+17	6.94394e+17	7.59096e+17	3.35206e+17	8.60004e+15	6.29894e+15	5.72446e+15	2.50504e+15	1.58496e+15	3.16992e+15	4.75487e+15	6.33983e+15	7.92479e+15	9.50974e+15	1.11821e+16	1.2867e+16	1.41117e+16	2.32727e+16	3.09705e+17	4.54028e+17	2.77039	4.58667	4.58667	4.58667	4.58667	4.58667	4.58667	4.58667	4.58667	4.62369	4.71285	4.6986	4.68986	4.68986	4.68986	
44269.1	6.85503e+17	2.78563e+17	1.219e+17	7.7127e+16	1.54254e+17	2.31381e+17	3.08508e+17	3.85635e+17	4.62762e+17	5.39737e+17	6.16662e+17	6.94246e+17	7.59098e+17	3.35206e+17	8.60004e+15	6.29812e+15	5.72688e+15	2.5061e+15	1.58563e+15	3.17126e+15	4.75688e+15	6.34251e+15	7.92814e+15	9.51377e+15	1.11957e+16	1.2909e+16	1.4205e+16	2.32728e+16	3.09705e+17	4.54028e+17	2.75831	4.57359	4.57359	4.57359	4.57359	4.57359	4.57359	4.57359	4.57359	4.61251	4.70794	4.69877	4.68986	4.68986	4.68986	
44522.7	6.85505e+17	2.78559e+17	1.21898e+17	7.7126e+16	1.54252e+17	2.31378e+17	3.08504e+17	3.8563e+17	4.62756e+17	5.39715e+17	6.16593e+17	6.9409e+17	7.59099e+17	3.35206e+17	8.60003e+15	6.29731e+15	5.72919e+15	2.50711e+15	1.58627e+15	3.17254e+15	4.75881e+15	6.34507e+15	7.93134e+15	9.51761e+15	1.12093e+16	1.29528e+16	1.43043e+16	2.32729e+16	3.09705e+17	4.54028e+17	2.74713	4.55986	4.55986	4.55986	4.55986	4.55986	4.55986	4.55986	4.55986	4.60069	4.70255	4.69887	4.68986	4.68986	4.68986	
44775.5	6.85506e+17	2.78556e+17	1.21897e+17	7.71251e+16	1.5425e+17	2.31375e+17	3.085e+17	3.85625e+17	4.6275e+17	5.39694e+17	6.16521e+17	6.93924e+17	7.591e+17	3.35206e+17	8.60003e+15	6.29652e+15	5.7314e+15	2.50807e+15	1.58688e+15	3.17376e+15	4.76064e+15	6.34751e+15	7.93439e+15	9.52127e+15	1.12231e+16	1.29982e+16	1.44094e+16	2.3273e+16	3.09705e+17	4.54028e+17	2.73685	4.54555	4.54555	4.54555	4.54555	4.54555	4.54555	4.54555	4.54555	4.58829	4.69668	4.6989	4.68986	4.68986	4.68986	
45028.5	6.85507e+17	2.78552e+17	1.21895e+17	7.71241e+16	1.54248e+17	2.31372e+17	3.08497e+17	3.85621e+17	4.62745e+17	5.39672e+17	6.16446e+17	6.93747e+17	7.59101e+17	3.35206e+17	8.60003e+15	6.29574e+15	5.7335e+15	2.50899e+15	1.58746e+15	3.17492e+15	4.76238e+15	6.34984e+15	7.9373e+15	9.52476e+15	1.12369e+16	1.30454e+16	1.4521e+16	2.32732e+16	3.09706e+17	4.54028e+17	2.72738	4.53061	4.53061	4.53061	4.53061	4.53061	4.53061	4.53061	4.53061	4.57525	4.6903	4.69883	4.68986	4.68986	4.68986	
45282	6.85509e+17	2.78549e+17	1.21894e+17	7.71233e+16	1.54247e+17	2.3137e+17	3.08493e+17	3.85616e+17	4.6274e+17	5.3965e+17	6.16369e+17	6.9356e+17	7.59102e+17	3.35206e+17	8.60003e+15	6.29497e+15	5.7355e+15	2.50987e+15	1.58802e+15	3.17603e+15	4.76405e+15	6.35206e+15	7.94008e+15	9.52809e+15	1.12509e+16	1.30946e+16	1.46395e+16	2.32733e+16	3.09706e+17	4.54028e+17	2.71866	4.515	4.515	4.515	4.515	4.515	4.515	4.515	4.515	4.56155	4.68337	4.69867	4.68986	4.68986	4.68986	
45535.9	6.8551e+17	2.78546e+17	1.21893e+17	7.71224e+16	1.54245e+17	2.31367e+17	3.0849e+17	3.85612e+17	4.62735e+17	5.39628e+17	6.16288e+17	6.93361e+17	7.59103e+17	3.35207e+17	8.60003e+15	6.29422e+15	5.73741e+15	2.5107e+15	1.58854e+15	3.17709e+15	4.76563e+15	6.35417e+15	7.94272e+15	9.53126e+15	1.12649e+16	1.31455e+16	1.47652e+16	2.32736e+16	3.09706e+17	4.54028e+17	2.71065	4.49875	4.49875	4.49875	4.49875	4.49875	4.49875	4.49875	4.49875	4.5472	4.67588	4.69838	4.68986	4.68986	4.68986	
45789.3	6.85511e+17	2.78544e+17	1.21891e+17	7.71217e+16	1.54243e+17	2.31365e+17	3.08487e+17	3.85608e+17	4.6273e+17	5.39606e+17	6.16205e+17	6.93151e+17	7.59104e+17	3.35207e+17	8.60003e+15	6.29348e+15	5.73921e+15	2.51149e+15	1.58904e+15	3.17809e+15	4.76713e+15	6.35617e+15	7.94522e+15	9.53426e+15	1.12789e+16	1.31981e+16	1.4898e+16	2.32738e+16	3.09706e+17	4.54028e+17	2.70333	4.48193	4.48193	4.48193	4.48193	4.48193	4.48193	4.48193	4.48193	4.53225	4.66784	4.69796	4.68986	4.68986	4.68986	
46042.1	6.85513e+17	2.78541e+17	1.2189e+17	7.71209e+16	1.54242e+17	2.31363e+17	3.08484e+17	3.85605e+17	4.62726e+17	5.39583e+17	6.1612e+17	6.9293e+17	7.59104e+17	3.35207e+17	8.60003e+15	6.29276e+15	5.74092e+15	2.51224e+15	1.58952e+15	3.17903e+15	4.76855e+15	6.35807e+15	7.94758e+15	9.5371e+15	1.12929e+16	1.32522e+16	1.50381e+16	2.32742e+16	3.09706e+17	4.54028e+17	2.69667	4.46453	4.46453	4.46453	4.46453	4.46453	4.46453	4.46453	4.46453	4.5167	4.65924	4.69738	4.68986	4.68986	4.68986	
46292.1	6.85514e+17	2.78538e+17	1.21889e+17	7.71202e+16	1.5424e+17	2.31361e+17	3.08481e+17	3.85601e+17	4.62721e+17	5.39562e+17	6.16033e+17	6.92699e+17	7.59104e+17	3.35207e+17	8.60004e+15	6.29206e+15	5.74252e+15	2.51294e+15	1.58996e+15	3.17992e+15	4.76988e+15	6.35984e+15	7.9498e+15	9.53976e+15	1.13068e+16	1.33074e+16	1.51844e+16	2.32746e+16	3.09706e+17	4.54028e+17	2.69066	4.44673	4.44673	4.44673	4.44673	4.44673	4.44673	4.44673	4.44673	4.5007	4.65015	4.69664	4.68986	4.68986	4.68986	
46542.8	6.85515e+17	2.78536e+17	1.21888e+17	7.71196e+16	1.54239e+17	2.31359e+17	3.08478e+17	3.85598e+17	4.62717e+17	5.3954e+17	6.15943e+17	6.92454e+17	7.59104e+17	3.35207e+17	8.60004e+15	6.29137e+15	5.74404e+15	2.51361e+15	1.59038e+15	3.18076e+15	4.77114e+15	6.36152e+15	7.9519e+15	9.54227e+15	1.13207e+16	1.33642e+16	1.53391e+16	2.3275e+16	3.09706e+17	4.54028e+17	2.68518	4.4283	4.4283	4.4283	4.4283	4.4283	4.4283	4.4283	4.4283	4.48405	4.64043	4.69571	4.68986	4.68986	4.68986	
46796.1	6.85516e+17	2.78534e+17	1.21887e+17	7.71189e+16	1.54238e+17	2.31357e+17	3.08476e+17	3.85595e+17	4.62714e+17	5.39518e+17	6.1585e+17	6.92194e+17	7.59104e+17	3.35207e+17	8.60004e+15	6.29068e+15	5.74548e+15	2.51424e+15	1.59078e+15	3.18156e+15	4.77234e+15	6.36312e+15	7.9539e+15	9.54467e+15	1.13347e+16	1.34231e+16	1.55037e+16	2.32756e+16	3.09706e+17	4.54028e+17	2.68017	4.40911	4.40911	4.40911	4.40911	4.40911	4.40911	4.40911	4.40911	4.46662	4.62999	4.69457	4.68986	4.68986	4.68986	
47046.3	6.85518e+17	2.78532e+17	1.21886e+17	7.71184e+16	1.54237e+17	2.31355e+17	3.08473e+17	3.85592e+17	4.6271e+17	5.39496e+17	6.15755e+17	6.91923e+17	7.59104e+17	3.35207e+17	8.60004e+15	6.29001e+15	5.74683e+15	2.51483e+15	1.59115e+15	3.1823e+15	4.77345e+15	6.3646e+15	7.95576e+15	9.54691e+15	1.13485e+16	1.34827e+16	1.56748e+16	2.32763e+16	3.09706e+17	4.54028e+17	2.6757	4.3896	4.3896	4.3896	4.3896	4.3896	4.3896	4.3896	4.3896	4.4488	4.61906	4.69321	4.68986	4.68986	4.68986	
47296.7	6.85519e+17	2.7853e+17	1.21885e+17	7.71178e+16	1.54236e+17	2.31353e+17	3.08471e+17	3.85589e+17	4.62707e+17	5.39474e+17	6.15659e+17	6.91639e+17	7.59103e+17	3.35207e+17	8.60004e+15	6.28935e+15	5.74809e+15	2.51538e+15	1.5915e+15	3.183e+15	4.7745e+15	6.366e+15	7.95751e+15	9.54901e+15	1.13622e+16	1.35436e+16	1.58545e+16	2.32772e+16	3.09706e+17	4.54028e+17	2.67168	4.36954	4.36954	4.36954	4.36954	4.36954	4.36954	4.36954	4.36954	4.43039	4.60749	4.69159	4.68986	4.68986	4.68986	
47546.8	6.8552e+17	2.78528e+17	1.21884e+17	7.71173e+16	1.54235e+17	2.31352e+17	3.08469e+17	3.85587e+17	4.62704e+17	5.39453e+17	6.15561e+17	6.91341e+17	7.59102e+17	3.35207e+17	8.60004e+15	6.28871e+15	5.74928e+15	2.5159e+15	1.59183e+15	3.18366e+15	4.77549e+15	6.36732e+15	7.95915e+15	9.55098e+15	1.13758e+16	1.36056e+16	1.60428e+16	2.32782e+16	3.09706e+17	4.54028e+17	2.66809	4.34897	4.34897	4.34897	4.34897	4.34897	4.34897	4.34897	4.34897	4.41142	4.5953	4.68971	4.68986	4.68986	4.68986	
47797.1	6.85521e+17	2.78526e+17	1.21884e+17	7.71168e+16	1.54234e+17	2.3135e+17	3.08467e+17	3.85584e+17	4.62701e+17	5.39432e+17	6.15461e+17	6.91029e+17	7.59101e+17	3.35207e+17	8.60004e+15	6.28807e+15	5.75039e+15	2.51638e+15	1.59214e+15	3.18427e+15	4.77641e+15	6.36855e+15	7.96068e+15	9.55282e+15	1.13892e+16	1.36687e+16	1.62401e+16	2.32794e+16	3.09706e+17	4.54028e+17	2.66489	4.32788	4.32788	4.32788	4.32788	4.32788	4.32788	4.32788	4.32788	4.39187	4.58245	4.68754	4.68986	4.68986	4.68986	
48047.6	6.85522e+17	2.78524e+17	1.21883e+17	7.71164e+16	1.54233e+17	2.31349e+17	3.08466e+17	3.85582e+17	4.62698e+17	5.39411e+17	6.1536e+17	6.90702e+17	7.59099e+17	3.35207e+17	8.60004e+15	6.28745e+15	5.75142e+15	2.51684e+15	1.59242e+15	3.18485e+15	4.77727e+15	6.36969e+15	7.96212e+15	9.55454e+15	1.14025e+16	1.37329e+16	1.64465e+16	2.32808e+16	3.09706e+17	4.54028e+17	2.66206	4.30628	4.30628	4.30628	4.30628	4.30628	4.30628	4.30628	4.30628	4.37176	4.56894	4.68504	4.68985	4.68986	4.68986	
48297.9	6.85523e+17	2.78523e+17	1.21882e+17	7.7116e+16	1.54232e+17	2.31348e+17	3.08464e+17	3.8558e+17	4.62696e+17	5.3939e+17	6.15257e+17	6.90362e+17	7.59097e+17	3.35207e+17	8.60005e+15	6.28683e+15	5.75238e+15	2.51726e+15	1.59269e+15	3.18538e+15	4.77807e+15	6.37076e+15	7.96345e+15	9.55614e+15	1.14157e+16	1.37977e+16	1.66616e+16	2.32825e+16	3.09707e+17	4.54028e+17	2.65959	4.28424	4.28424	4.28424	4.28424	4.28424	4.28424	4.28424	4.28424	4.35114	4.5548	4.68221	4.68985	4.68986	4.68986	
48548.4	6.85524e+17	2.78522e+17	1.21882e+17	7.71156e+16	1.54231e+17	2.31347e+17	3.08462e+17	3.85578e+17	4.62693e+17	5.39369e+17	6.15154e+17	6.90007e+17	7.59094e+17	3.35207e+17	8.60005e+15	6.28622e+15	5.75328e+15	2.51765e+15	1.59294e+15	3.18588e+15	4.77881e+15	6.37175e+15	7.96469e+15	9.55763e+15	1.14286e+16	1.38633e+16	1.68858e+16	2.32846e+16	3.09707e+17	4.54028e+17	2.65744	4.26173	4.26173	4.26173	4.26173	4.26173	4.26173	4.26173	4.26173	4.32998	4.54	4.67901	4.68985	4.68986	4.68986	
48799	6.85525e+17	2.7852e+17	1.21881e+17	7.71152e+16	1.5423e+17	2.31346e+17	3.08461e+17	3.85576e+17	4.62691e+17	5.39349e+17	6.15049e+17	6.89637e+17	7.59091e+17	3.35208e+17	8.60005e+15	6.28562e+15	5.75411e+15	2.51801e+15	1.59317e+15	3.18633e+15	4.7795e+15	6.37267e+15	7.96583e+15	9.559e+15	1.14413e+16	1.39295e+16	1.71192e+16	2.32869e+16	3.09707e+17	4.54028e+17	2.65561	4.23876	4.23876	4.23876	4.23876	4.23876	4.23876	4.23876	4.23876	4.30831	4.52453	4.67542	4.68984	4.68986	4.68986	
49049.5	6.85526e+17	2.78519e+17	1.21881e+17	7.71149e+16	1.5423e+17	2.31345e+17	3.0846e+17	3.85574e+17	4.62689e+17	5.3933e+17	6.14944e+17	6.89255e+17	7.59087e+17	3.35208e+17	8.60005e+15	6.28503e+15	5.75487e+15	2.51835e+15	1.59338e+15	3.18676e+15	4.78013e+15	6.37351e+15	7.96689e+15	9.56026e+15	1.14537e+16	1.3996e+16	1.73611e+16	2.32897e+16	3.09707e+17	4.54029e+17	2.65406	4.21542	4.21542	4.21542	4.21542	4.21542	4.21542	4.21542	4.21542	4.28619	4.50843	4.67142	4.68984	4.68986	4.68986	
49300.1	6.85527e+17	2.78518e+17	1.2188e+17	7.71146e+16	1.54229e+17	2.31344e+17	3.08458e+17	3.85573e+17	4.62688e+17	5.39311e+17	6.14838e+17	6.88857e+17	7.59082e+17	3.35208e+17	8.60005e+15	6.28445e+15	5.75557e+15	2.51865e+15	1.59357e+15	3.18714e+15	4.78071e+15	6.37428e+15	7.96785e+15	9.56143e+15	1.14659e+16	1.40627e+16	1.76119e+16	2.3293e+16	3.09707e+17	4.54029e+17	2.6528	4.19167	4.19167	4.19167	4.19167	4.19167	4.19167	4.19167	4.19167	4.26358	4.49167	4.66698	4.68983	4.68986	4.68986	
49550.8	6.85529e+17	2.78517e+17	1.2188e+17	7.71143e+16	1.54229e+17	2.31343e+17	3.08457e+17	3.85572e+17	4.62686e+17	5.39292e+17	6.14733e+17	6.88447e+17	7.59077e+17	3.35208e+17	8.60005e+15	6.28387e+15	5.7562e+15	2.51893e+15	1.59375e+15	3.18749e+15	4.78124e+15	6.37499e+15	7.96874e+15	9.56248e+15	1.14778e+16	1.41296e+16	1.78713e+16	2.32968e+16	3.09707e+17	4.54029e+17	2.65178	4.16755	4.16755	4.16755	4.16755	4.16755	4.16755	4.16755	4.16755	4.24053	4.47426	4.66207	4.68982	4.68986	4.68986	
49801.4	6.8553e+17	2.78516e+17	1.21879e+17	7.71141e+16	1.54228e+17	2.31342e+17	3.08456e+17	3.8557e+17	4.62684e+17	5.39274e+17	6.14627e+17	6.88023e+17	7.5907e+17	3.35208e+17	8.60006e+15	6.2833e+15	5.75678e+15	2.51918e+15	1.59391e+15	3.18781e+15	4.78172e+15	6.37563e+15	7.96954e+15	9.56344e+15	1.14893e+16	1.41963e+16	1.81387e+16	2.33011e+16	3.09707e+17	4.54029e+17	2.65102	4.14311	4.14311	4.14311	4.14311	4.14311	4.14311	4.14311	4.14311	4.21708	4.45623	4.65669	4.68981	4.68986	4.68986	
50052.1	6.85531e+17	2.78515e+17	1.21879e+17	7.71139e+16	1.54228e+17	2.31342e+17	3.08455e+17	3.85569e+17	4.62683e+17	5.39256e+17	6.14522e+17	6.87587e+17	7.59062e+17	3.35208e+17	8.60006e+15	6.28274e+15	5.7573e+15	2.51941e+15	1.59405e+15	3.1881e+15	4.78215e+15	6.37621e+15	7.97026e+15	9.56431e+15	1.15005e+16	1.42627e+16	1.84143e+16	2.33062e+16	3.09707e+17	4.54029e+17	2.65048	4.11834	4.11834	4.11834	4.11834	4.11834	4.11834	4.11834	4.11834	4.19321	4.43757	4.6508	4.6898	4.68986	4.68986	
50303	6.85532e+17	2.78515e+17	1.21879e+17	7.71137e+16	1.54227e+17	2.31341e+17	3.08455e+17	3.85568e+17	4.62682e+17	5.39239e+17	6.14418e+17	6.87138e+17	7.59053e+17	3.35208e+17	8.60006e+15	6.28219e+15	5.75777e+15	2.51961e+15	1.59418e+15	3.18836e+15	4.78254e+15	6.37672e+15	7.9709e+15	9.56508e+15	1.15113e+16	1.43288e+16	1.86976e+16	2.3312e+16	3.09707e+17	4.54029e+17	2.65015	4.09327	4.09327	4.09327	4.09327	4.09327	4.09327	4.09327	4.09327	4.16897	4.41828	4.64436	4.68979	4.68986	4.68986	
50553.6	6.85533e+17	2.78514e+17	1.21878e+17	7.71135e+16	1.54227e+17	2.3134e+17	3.08454e+17	3.85567e+17	4.62681e+17	5.39223e+17	6.14314e+17	6.86678e+17	7.59043e+17	3.35208e+17	8.60006e+15	6.28164e+15	5.75818e+15	2.51979e+15	1.59429e+15	3.18859e+15	4.78288e+15	6.37718e+15	7.97147e+15	9.56577e+15	1.15217e+16	1.43942e+16	1.89879e+16	2.33187e+16	3.09707e+17	4.54029e+17	2.65003	4.06796	4.06796	4.06796	4.06796	4.06796	4.06796	4.06796	4.06796	4.1444	4.39841	4.63739	4.68977	4.68986	4.68986	
50804.5	6.85534e+17	2.78513e+17	1.21878e+17	7.71133e+16	1.54227e+17	2.3134e+17	3.08453e+17	3.85567e+17	4.6268e+17	5.39207e+17	6.14212e+17	6.86207e+17	7.59031e+17	3.35208e+17	8.60006e+15	6.2811e+15	5.75854e+15	2.51995e+15	1.59439e+15	3.18879e+15	4.78318e+15	6.37758e+15	7.97197e+15	9.56637e+15	1.15317e+16	1.44588e+16	1.92851e+16	2.33263e+16	3.09707e+17	4.54029e+17	2.6501	4.0424	4.0424	4.0424	4.0424	4.0424	4.0424	4.0424	4.0424	4.1195	4.37794	4.62983	4.68975	4.68986	4.68986	
51055.5	6.85534e+17	2.78513e+17	1.21878e+17	7.71132e+16	1.54226e+17	2.3134e+17	3.08453e+17	3.85566e+17	4.62679e+17	5.39192e+17	6.14111e+17	6.85725e+17	7.59018e+17	3.35208e+17	8.60006e+15	6.28056e+15	5.75885e+15	2.52009e+15	1.59448e+15	3.18896e+15	4.78344e+15	6.37792e+15	7.9724e+15	9.56688e+15	1.15412e+16	1.45226e+16	1.95888e+16	2.3335e+16	3.09707e+17	4.54029e+17	2.65035	4.01662	4.01662	4.01662	4.01662	4.01662	4.01662	4.01662	4.01662	4.09428	4.35689	4.62168	4.68973	4.68986	4.68986	
51306.2	6.85535e+17	2.78513e+17	1.21878e+17	7.71131e+16	1.54226e+17	2.31339e+17	3.08452e+17	3.85565e+17	4.62679e+17	5.39177e+17	6.14012e+17	6.85235e+17	7.59002e+17	3.35208e+17	8.60006e+15	6.28003e+15	5.75912e+15	2.5202e+15	1.59455e+15	3.18911e+15	4.78366e+15	6.37821e+15	7.97277e+15	9.56732e+15	1.15503e+16	1.45851e+16	1.98979e+16	2.33448e+16	3.09707e+17	4.54029e+17	2.65077	3.99068	3.99068	3.99068	3.99068	3.99068	3.99068	3.99068	3.99068	4.06883	4.33531	4.61293	4.6897	4.68986	4.68986	
51557.2	6.85536e+17	2.78512e+17	1.21878e+17	7.7113e+16	1.54226e+17	2.31339e+17	3.08452e+17	3.85565e+17	4.62678e+17	5.39164e+17	6.13915e+17	6.84737e+17	7.58985e+17	3.35208e+17	8.60006e+15	6.2795e+15	5.75933e+15	2.5203e+15	1.59461e+15	3.18923e+15	4.78384e+15	6.37845e+15	7.97307e+15	9.56768e+15	1.15589e+16	1.46464e+16	2.02123e+16	2.33559e+16	3.09707e+17	4.54029e+17	2.65134	3.96458	3.96458	3.96458	3.96458	3.96458	3.96458	3.96458	3.96458	4.04312	4.31318	4.60354	4.68967	4.68986	4.68986	
51808.3	6.85537e+17	2.78512e+17	1.21878e+17	7.71129e+16	1.54226e+17	2.31339e+17	3.08452e+17	3.85565e+17	4.62678e+17	5.39151e+17	6.1382e+17	6.84231e+17	7.58965e+17	3.35208e+17	8.60006e+15	6.27898e+15	5.75951e+15	2.52037e+15	1.59466e+15	3.18932e+15	4.78398e+15	6.37865e+15	7.97331e+15	9.56797e+15	1.1567e+16	1.47064e+16	2.05315e+16	2.33685e+16	3.09707e+17	4.54029e+17	2.65207	3.93833	3.93833	3.93833	3.93833	3.93833	3.93833	3.93833	3.93833	4.01718	4.29052	4.5935	4.68963	4.68986	4.68986	
52059.1	6.85538e+17	2.78512e+17	1.21877e+17	7.71129e+16	1.54226e+17	2.31339e+17	3.08452e+17	3.85564e+17	4.62677e+17	5.39139e+17	6.13728e+17	6.83719e+17	7.58943e+17	3.35208e+17	8.60007e+15	6.27847e+15	5.75964e+15	2.52043e+15	1.5947e+15	3.1894e+15	4.78409e+15	6.37879e+15	7.97349e+15	9.56819e+15	1.15746e+16	1.47647e+16	2.08541e+16	2.33825e+16	3.09707e+17	4.54029e+17	2.65294	3.91201	3.91201	3.91201	3.91201	3.91201	3.91201	3.91201	3.91201	3.99108	4.26739	4.58281	4.68958	4.68986	4.68986	
52310.2	6.85539e+17	2.78512e+17	1.21877e+17	7.71129e+16	1.54226e+17	2.31339e+17	3.08451e+17	3.85564e+17	4.62677e+17	5.39128e+17	6.13638e+17	6.83202e+17	7.58918e+17	3.35208e+17	8.60007e+15	6.27796e+15	5.75973e+15	2.52047e+15	1.59472e+15	3.18945e+15	4.78417e+15	6.37889e+15	7.97361e+15	9.56834e+15	1.15817e+16	1.48213e+16	2.11802e+16	2.33983e+16	3.09707e+17	4.54029e+17	2.65394	3.8856	3.8856	3.8856	3.8856	3.8856	3.8856	3.8856	3.8856	3.96481	4.24378	4.57144	4.68953	4.68986	4.68986	
52561.4	6.8554e+17	2.78512e+17	1.21877e+17	7.71128e+16	1.54226e+17	2.31339e+17	3.08451e+17	3.85564e+17	4.62677e+17	5.39118e+17	6.13552e+17	6.8268e+17	7.5889e+17	3.35208e+17	8.60007e+15	6.27745e+15	5.75978e+15	2.52049e+15	1.59474e+15	3.18947e+15	4.78421e+15	6.37895e+15	7.97368e+15	9.56842e+15	1.15883e+16	1.4876e+16	2.15088e+16	2.3416e+16	3.09707e+17	4.54029e+17	2.65506	3.85912	3.85912	3.85912	3.85912	3.85912	3.85912	3.85912	3.85912	3.9384	4.21971	4.55939	4.68947	4.68986	4.68986	
52812.3	6.85541e+17	2.78512e+17	1.21877e+17	7.71128e+16	1.54226e+17	2.31339e+17	3.08451e+17	3.85564e+17	4.62677e+17	5.39108e+17	6.13469e+17	6.82157e+17	7.58859e+17	3.35208e+17	8.60007e+15	6.27695e+15	5.75979e+15	2.5205e+15	1.59474e+15	3.18948e+15	4.78422e+15	6.37896e+15	7.9737e+15	9.56844e+15	1.15943e+16	1.49287e+16	2.18388e+16	2.34356e+16	3.09707e+17	4.54029e+17	2.6563	3.83266	3.83266	3.83266	3.83266	3.83266	3.83266	3.83266	3.83266	3.91191	4.19525	4.54665	4.6894	4.68986	4.68986	
53063.4	6.85542e+17	2.78512e+17	1.21877e+17	7.71129e+16	1.54226e+17	2.31339e+17	3.08451e+17	3.85564e+17	4.62677e+17	5.391e+17	6.13389e+17	6.81631e+17	7.58825e+17	3.35208e+17	8.60007e+15	6.27645e+15	5.75977e+15	2.52049e+15	1.59473e+15	3.18947e+15	4.7842e+15	6.37894e+15	7.97367e+15	9.56841e+15	1.15998e+16	1.49792e+16	2.21698e+16	2.34574e+16	3.09707e+17	4.54029e+17	2.65766	3.80619	3.80619	3.80619	3.80619	3.80619	3.80619	3.80619	3.80619	3.88533	4.17038	4.53321	4.68933	4.68986	4.68986	
53314.7	6.85543e+17	2.78512e+17	1.21877e+17	7.71129e+16	1.54226e+17	2.31339e+17	3.08452e+17	3.85564e+17	4.62677e+17	5.39092e+17	6.13312e+17	6.81105e+17	7.58786e+17	3.35208e+17	8.60007e+15	6.27596e+15	5.75971e+15	2.52046e+15	1.59472e+15	3.18944e+15	4.78416e+15	6.37887e+15	7.97359e+15	9.56831e+15	1.16047e+16	1.50275e+16	2.25011e+16	2.34817e+16	3.09707e+17	4.5403e+17	2.65911	3.77973	3.77973	3.77973	3.77973	3.77973	3.77973	3.77973	3.77973	3.85868	4.14513	4.51906	4.68924	4.68986	4.68986	
53565.7	6.85544e+17	2.78512e+17	1.21878e+17	7.71129e+16	1.54226e+17	2.31339e+17	3.08452e+17	3.85565e+17	4.62678e+17	5.39085e+17	6.1324e+17	6.80581e+17	7.58744e+17	3.35208e+17	8.60007e+15	6.27547e+15	5.75962e+15	2.52043e+15	1.59469e+15	3.18939e+15	4.78408e+15	6.37878e+15	7.97347e+15	9.56816e+15	1.16091e+16	1.50734e+16	2.28312e+16	2.35084e+16	3.09707e+17	4.5403e+17	2.66066	3.75337	3.75337	3.75337	3.75337	3.75337	3.75337	3.75337	3.75337	3.83205	4.11957	4.50421	4.68914	4.68986	4.68986	
53816.9	6.85545e+17	2.78512e+17	1.21878e+17	7.7113e+16	1.54226e+17	2.31339e+17	3.08452e+17	3.85565e+17	4.62678e+17	5.39079e+17	6.13171e+17	6.80059e+17	7.58697e+17	3.35208e+17	8.60007e+15	6.27498e+15	5.7595e+15	2.52037e+15	1.59466e+15	3.18932e+15	4.78398e+15	6.37864e+15	7.9733e+15	9.56796e+15	1.16128e+16	1.51169e+16	2.316e+16	2.35379e+16	3.09707e+17	4.5403e+17	2.6623	3.72707	3.72707	3.72707	3.72707	3.72707	3.72707	3.72707	3.72707	3.80541	4.09369	4.48865	4.68902	4.68986	4.68986	
54068.3	6.85546e+17	2.78512e+17	1.21878e+17	7.71131e+16	1.54226e+17	2.31339e+17	3.08452e+17	3.85565e+17	4.62678e+17	5.39074e+17	6.13106e+17	6.7954e+17	7.58646e+17	3.35208e+17	8.60007e+15	6.2745e+15	5.75935e+15	2.52031e+15	1.59462e+15	3.18924e+15	4.78386e+15	6.37847e+15	7.97309e+15	9.56771e+15	1.16161e+16	1.51577e+16	2.34865e+16	2.35703e+16	3.09707e+17	4.5403e+17	2.66402	3.70086	3.70086	3.70086	3.70086	3.70086	3.70086	3.70086	3.70086	3.77878	4.06751	4.47237	4.68889	4.68986	4.68986	
54319.3	6.85546e+17	2.78513e+17	1.21878e+17	7.71132e+16	1.54226e+17	2.31339e+17	3.08453e+17	3.85566e+17	4.62679e+17	5.3907e+17	6.13046e+17	6.79028e+17	7.5859e+17	3.35208e+17	8.60007e+15	6.27402e+15	5.75917e+15	2.52023e+15	1.59457e+15	3.18914e+15	4.78371e+15	6.37828e+15	7.97285e+15	9.56742e+15	1.16187e+16	1.51959e+16	2.38093e+16	2.36059e+16	3.09708e+17	4.5403e+17	2.66583	3.67481	3.67481	3.67481	3.67481	3.67481	3.67481	3.67481	3.67481	3.75225	4.04111	4.45541	4.68874	4.68986	4.68986	
54570.6	6.85547e+17	2.78513e+17	1.21878e+17	7.71132e+16	1.54226e+17	2.3134e+17	3.08453e+17	3.85566e+17	4.62679e+17	5.39067e+17	6.1299e+17	6.78521e+17	7.58528e+17	3.35208e+17	8.60007e+15	6.27354e+15	5.75897e+15	2.52014e+15	1.59451e+15	3.18902e+15	4.78354e+15	6.37805e+15	7.97256e+15	9.56707e+15	1.16209e+16	1.52314e+16	2.41283e+16	2.36448e+16	3.09708e+17	4.5403e+17	2.6677	3.6489	3.6489	3.6489	3.6489	3.6489	3.6489	3.6489	3.6489	3.72578	4.01447	4.43774	4.68857	4.68986	4.68986	
54822	6.85548e+17	2.78514e+17	1.21878e+17	7.71134e+16	1.54227e+17	2.3134e+17	3.08453e+17	3.85567e+17	4.6268e+17	5.39064e+17	6.12938e+17	6.78022e+17	7.5846e+17	3.35209e+17	8.60007e+15	6.27306e+15	5.75873e+15	2.52004e+15	1.59445e+15	3.1889e+15	4.78334e+15	6.37779e+15	7.97224e+15	9.56669e+15	1.16224e+16	1.52641e+16	2.44425e+16	2.36874e+16	3.09708e+17	4.5403e+17	2.66965	3.62316	3.62316	3.62316	3.62316	3.62316	3.62316	3.62316	3.62316	3.69941	3.98763	4.41938	4.68838	4.68986	4.68986	
55073.2	6.85549e+17	2.78514e+17	1.21878e+17	7.71135e+16	1.54227e+17	2.3134e+17	3.08454e+17	3.85567e+17	4.62681e+17	5.39063e+17	6.12891e+17	6.77532e+17	7.58387e+17	3.35209e+17	8.60008e+15	6.27259e+15	5.75848e+15	2.51992e+15	1.59438e+15	3.18875e+15	4.78313e+15	6.37751e+15	7.97189e+15	9.56626e+15	1.16234e+16	1.52938e+16	2.47505e+16	2.37337e+16	3.09708e+17	4.5403e+17	2.67166	3.59764	3.59764	3.59764	3.59764	3.59764	3.59764	3.59764	3.59764	3.67321	3.96066	4.40035	4.68817	4.68986	4.68986	
55324.5	6.8555e+17	2.78514e+17	1.21879e+17	7.71136e+16	1.54227e+17	2.31341e+17	3.08454e+17	3.85568e+17	4.62682e+17	5.39062e+17	6.12848e+17	6.77052e+17	7.58307e+17	3.35209e+17	8.60008e+15	6.27213e+15	5.7582e+15	2.5198e+15	1.5943e+15	3.1886e+15	4.7829e+15	6.3772e+15	7.9715e+15	9.5658e+15	1.16239e+16	1.53208e+16	2.50522e+16	2.37841e+16	3.09708e+17	4.5403e+17	2.67373	3.57233	3.57233	3.57233	3.57233	3.57233	3.57233	3.57233	3.57233	3.64714	3.93354	4.38065	4.68794	4.68986	4.68986	
55576	6.85551e+17	2.78515e+17	1.21879e+17	7.71137e+16	1.54227e+17	2.31341e+17	3.08455e+17	3.85569e+17	4.62682e+17	5.39062e+17	6.1281e+17	6.76584e+17	7.5822e+17	3.35209e+17	8.60008e+15	6.27166e+15	5.7579e+15	2.51967e+15	1.59422e+15	3.18843e+15	4.78265e+15	6.37686e+15	7.97108e+15	9.5653e+15	1.16238e+16	1.53447e+16	2.53466e+16	2.38387e+16	3.09708e+17	4.5403e+17	2.67586	3.54724	3.54724	3.54724	3.54724	3.54724	3.54724	3.54724	3.54724	3.62125	3.90632	4.36028	4.68768	4.68986	4.68986	
55827.2	6.85552e+17	2.78515e+17	1.21879e+17	7.71139e+16	1.54228e+17	2.31342e+17	3.08456e+17	3.85569e+17	4.62683e+17	5.39063e+17	6.12777e+17	6.7613e+17	7.58126e+17	3.35209e+17	8.60008e+15	6.2712e+15	5.75758e+15	2.51953e+15	1.59413e+15	3.18825e+15	4.78238e+15	6.37651e+15	7.97064e+15	9.56476e+15	1.16232e+16	1.53657e+16	2.56326e+16	2.38978e+16	3.09708e+17	4.5403e+17	2.67804	3.52243	3.52243	3.52243	3.52243	3.52243	3.52243	3.52243	3.52243	3.59558	3.87905	4.3393	4.68738	4.68986	4.68986	
56078.6	6.85552e+17	2.78516e+17	1.21879e+17	7.7114e+16	1.54228e+17	2.31342e+17	3.08456e+17	3.8557e+17	4.62684e+17	5.39065e+17	6.12749e+17	6.75689e+17	7.58025e+17	3.35209e+17	8.60008e+15	6.27074e+15	5.75723e+15	2.51938e+15	1.59403e+15	3.18806e+15	4.7821e+15	6.37613e+15	7.97016e+15	9.56419e+15	1.1622e+16	1.53838e+16	2.59098e+16	2.39617e+16	3.09708e+17	4.5403e+17	2.68026	3.49789	3.49789	3.49789	3.49789	3.49789	3.49789	3.49789	3.49789	3.57013	3.85174	4.3177	4.68706	4.68986	4.68986	
56330.2	6.85553e+17	2.78517e+17	1.2188e+17	7.71142e+16	1.54228e+17	2.31343e+17	3.08457e+17	3.85571e+17	4.62685e+17	5.39068e+17	6.12725e+17	6.75263e+17	7.57916e+17	3.35209e+17	8.60008e+15	6.27028e+15	5.75687e+15	2.51922e+15	1.59393e+15	3.18787e+15	4.7818e+15	6.37573e+15	7.96966e+15	9.5636e+15	1.16204e+16	1.53988e+16	2.61776e+16	2.40306e+16	3.09708e+17	4.5403e+17	2.68254	3.47363	3.47363	3.47363	3.47363	3.47363	3.47363	3.47363	3.47363	3.54491	3.8244	4.29548	4.6867	4.68986	4.68986	
56581.5	6.85554e+17	2.78517e+17	1.2188e+17	7.71144e+16	1.54229e+17	2.31343e+17	3.08458e+17	3.85572e+17	4.62686e+17	5.39071e+17	6.12706e+17	6.74853e+17	7.57798e+17	3.35209e+17	8.60008e+15	6.26983e+15	5.7565e+15	2.51906e+15	1.59383e+15	3.18766e+15	4.78148e+15	6.37531e+15	7.96914e+15	9.56297e+15	1.16182e+16	1.54109e+16	2.64348e+16	2.41046e+16	3.09708e+17	4.5403e+17	2.68485	3.44971	3.44971	3.44971	3.44971	3.44971	3.44971	3.44971	3.44971	3.51998	3.79712	4.27272	4.6863	4.68986	4.68986	
56832.9	6.85555e+17	2.78518e+17	1.2188e+17	7.71146e+16	1.54229e+17	2.31344e+17	3.08458e+17	3.85573e+17	4.62687e+17	5.39075e+17	6.12692e+17	6.74461e+17	7.57672e+17	3.35209e+17	8.60008e+15	6.26938e+15	5.7561e+15	2.51889e+15	1.59372e+15	3.18744e+15	4.78116e+15	6.37488e+15	7.9686e+15	9.56232e+15	1.16156e+16	1.54199e+16	2.66813e+16	2.41842e+16	3.09708e+17	4.5403e+17	2.68721	3.4261	3.4261	3.4261	3.4261	3.4261	3.4261	3.4261	3.4261	3.49533	3.76987	4.2494	4.68586	4.68986	4.68986	
57084.5	6.85556e+17	2.78519e+17	1.2188e+17	7.71147e+16	1.54229e+17	2.31344e+17	3.08459e+17	3.85574e+17	4.62688e+17	5.3908e+17	6.12682e+17	6.74087e+17	7.57536e+17	3.35209e+17	8.60008e+15	6.26893e+15	5.75569e+15	2.51871e+15	1.59361e+15	3.18721e+15	4.78082e+15	6.37442e+15	7.96803e+15	9.56164e+15	1.16125e+16	1.54261e+16	2.69164e+16	2.42695e+16	3.09708e+17	4.5403e+17	2.6896	3.40282	3.40282	3.40282	3.40282	3.40282	3.40282	3.40282	3.40282	3.47096	3.74268	4.22553	4.68538	4.68986	4.68986	
57335.9	6.85557e+17	2.78519e+17	1.21881e+17	7.71149e+16	1.5423e+17	2.31345e+17	3.0846e+17	3.85575e+17	4.6269e+17	5.39086e+17	6.12677e+17	6.73733e+17	7.57391e+17	3.35209e+17	8.60008e+15	6.26848e+15	5.75527e+15	2.51852e+15	1.59349e+15	3.18698e+15	4.78047e+15	6.37396e+15	7.96744e+15	9.56093e+15	1.1609e+16	1.54293e+16	2.71391e+16	2.43606e+16	3.09708e+17	4.5403e+17	2.69202	3.37993	3.37993	3.37993	3.37993	3.37993	3.37993	3.37993	3.37993	3.44693	3.71564	4.2012	4.68485	4.68986	4.68986	
57587.4	6.85557e+17	2.7852e+17	1.21881e+17	7.71151e+16	1.5423e+17	2.31345e+17	3.08461e+17	3.85576e+17	4.62691e+17	5.39092e+17	6.12676e+17	6.73398e+17	7.57237e+17	3.35209e+17	8.60008e+15	6.26803e+15	5.75483e+15	2.51833e+15	1.59337e+15	3.18674e+15	4.7801e+15	6.37347e+15	7.96684e+15	9.56021e+15	1.1605e+16	1.54297e+16	2.73494e+16	2.44579e+16	3.09708e+17	4.5403e+17	2.69448	3.35738	3.35738	3.35738	3.35738	3.35738	3.35738	3.35738	3.35738	3.42323	3.68872	4.17639	4.68427	4.68986	4.68986	
57839	6.85558e+17	2.78521e+17	1.21881e+17	7.71153e+16	1.54231e+17	2.31346e+17	3.08461e+17	3.85577e+17	4.62692e+17	5.39099e+17	6.1268e+17	6.73084e+17	7.57072e+17	3.35209e+17	8.60008e+15	6.26759e+15	5.75438e+15	2.51813e+15	1.59324e+15	3.18649e+15	4.77973e+15	6.37297e+15	7.96622e+15	9.55946e+15	1.16006e+16	1.54272e+16	2.75468e+16	2.45618e+16	3.09708e+17	4.5403e+17	2.69697	3.3352	3.3352	3.3352	3.3352	3.3352	3.3352	3.3352	3.3352	3.39987	3.66194	4.15113	4.68364	4.68986	4.68986	
58090.4	6.85559e+17	2.78521e+17	1.21882e+17	7.71155e+16	1.54231e+17	2.31347e+17	3.08462e+17	3.85578e+17	4.62693e+17	5.39107e+17	6.12689e+17	6.72792e+17	7.56897e+17	3.35209e+17	8.60008e+15	6.26715e+15	5.75392e+15	2.51793e+15	1.59312e+15	3.18623e+15	4.77935e+15	6.37246e+15	7.96558e+15	9.55869e+15	1.15959e+16	1.54219e+16	2.77304e+16	2.46721e+16	3.09708e+17	4.5403e+17	2.69948	3.31344	3.31344	3.31344	3.31344	3.31344	3.31344	3.31344	3.31344	3.37689	3.63539	4.1255	4.68295	4.68986	4.68986	
58341.9	6.8556e+17	2.78522e+17	1.21882e+17	7.71158e+16	1.54232e+17	2.31347e+17	3.08463e+17	3.85579e+17	4.62695e+17	5.39115e+17	6.12701e+17	6.72521e+17	7.56711e+17	3.35209e+17	8.60008e+15	6.26671e+15	5.75345e+15	2.51773e+15	1.59299e+15	3.18597e+15	4.77896e+15	6.37194e+15	7.96493e+15	9.55791e+15	1.15907e+16	1.54139e+16	2.79003e+16	2.47893e+16	3.09708e+17	4.5403e+17	2.70202	3.29207	3.29207	3.29207	3.29207	3.29207	3.29207	3.29207	3.29207	3.35428	3.60903	4.09948	4.68219	4.68986	4.68986	
58593.7	6.85561e+17	2.78523e+17	1.21882e+17	7.7116e+16	1.54232e+17	2.31348e+17	3.08464e+17	3.8558e+17	4.62696e+17	5.39124e+17	6.12718e+17	6.72273e+17	7.56513e+17	3.35209e+17	8.60008e+15	6.26627e+15	5.75297e+15	2.51751e+15	1.59285e+15	3.1857e+15	4.77856e+15	6.37141e+15	7.96426e+15	9.55711e+15	1.15852e+16	1.54033e+16	2.80561e+16	2.49137e+16	3.09708e+17	4.5403e+17	2.70458	3.2711	3.2711	3.2711	3.2711	3.2711	3.2711	3.2711	3.2711	3.33205	3.58289	4.0731	4.68137	4.68986	4.68986	
58845.1	6.85561e+17	2.78524e+17	1.21883e+17	7.71162e+16	1.54232e+17	2.31349e+17	3.08465e+17	3.85581e+17	4.62697e+17	5.39133e+17	6.12739e+17	6.72048e+17	7.56304e+17	3.35209e+17	8.60008e+15	6.26584e+15	5.75248e+15	2.5173e+15	1.59272e+15	3.18543e+15	4.77815e+15	6.37086e+15	7.96358e+15	9.5563e+15	1.15793e+16	1.53901e+16	2.81973e+16	2.50452e+16	3.09708e+17	4.5403e+17	2.70716	3.25057	3.25057	3.25057	3.25057	3.25057	3.25057	3.25057	3.25057	3.31024	3.55704	4.04645	4.68048	4.68986	4.68986	
59096.7	6.85562e+17	2.78525e+17	1.21883e+17	7.71164e+16	1.54233e+17	2.31349e+17	3.08466e+17	3.85582e+17	4.62698e+17	5.39143e+17	6.12764e+17	6.71847e+17	7.56083e+17	3.35209e+17	8.60008e+15	6.26541e+15	5.75198e+15	2.51708e+15	1.59258e+15	3.18516e+15	4.77773e+15	6.37031e+15	7.96289e+15	9.55547e+15	1.15731e+16	1.53744e+16	2.83239e+16	2.51842e+16	3.09708e+17	4.5403e+17	2.70976	3.23045	3.23045	3.23045	3.23045	3.23045	3.23045	3.23045	3.23045	3.28883	3.53146	4.01952	4.67952	4.68986	4.68986	
59348.4	6.85563e+17	2.78525e+17	1.21883e+17	7.71166e+16	1.54233e+17	2.3135e+17	3.08467e+17	3.85583e+17	4.627e+17	5.39153e+17	6.12793e+17	6.71669e+17	7.5585e+17	3.35209e+17	8.60008e+15	6.26497e+15	5.75147e+15	2.51686e+15	1.59244e+15	3.18487e+15	4.77731e+15	6.36975e+15	7.96219e+15	9.55462e+15	1.15666e+16	1.53562e+16	2.84357e+16	2.5331e+16	3.09708e+17	4.5403e+17	2.71238	3.21075	3.21075	3.21075	3.21075	3.21075	3.21075	3.21075	3.21075	3.26783	3.50617	3.99234	4.67847	4.68986	4.68986	
59599.9	6.85564e+17	2.78526e+17	1.21884e+17	7.71169e+16	1.54234e+17	2.31351e+17	3.08467e+17	3.85584e+17	4.62701e+17	5.39164e+17	6.12825e+17	6.71515e+17	7.55604e+17	3.35209e+17	8.60009e+15	6.26455e+15	5.75096e+15	2.51663e+15	1.5923e+15	3.18459e+15	4.77689e+15	6.36918e+15	7.96148e+15	9.55377e+15	1.15598e+16	1.53358e+16	2.85324e+16	2.54854e+16	3.09708e+17	4.5403e+17	2.71502	3.19152	3.19152	3.19152	3.19152	3.19152	3.19152	3.19152	3.19152	3.24728	3.48123	3.96499	4.67735	4.68986	4.68986	
59851.5	6.85565e+17	2.78527e+17	1.21884e+17	7.71171e+16	1.54234e+17	2.31351e+17	3.08468e+17	3.85586e+17	4.62703e+17	5.39175e+17	6.12861e+17	6.71385e+17	7.55346e+17	3.35209e+17	8.60009e+15	6.26412e+15	5.75044e+15	2.51641e+15	1.59215e+15	3.1843e+15	4.77645e+15	6.3686e+15	7.96076e+15	9.55291e+15	1.15527e+16	1.5313e+16	2.86141e+16	2.56479e+16	3.09708e+17	4.5403e+17	2.71768	3.17272	3.17272	3.17272	3.17272	3.17272	3.17272	3.17272	3.17272	3.22716	3.45661	3.93746	4.67613	4.68986	4.68986	
60103.3	6.85565e+17	2.78528e+17	1.21885e+17	7.71173e+16	1.54235e+17	2.31352e+17	3.08469e+17	3.85587e+17	4.62704e+17	5.39187e+17	6.12901e+17	6.71278e+17	7.55075e+17	3.35209e+17	8.60009e+15	6.26369e+15	5.74991e+15	2.51618e+15	1.59201e+15	3.18401e+15	4.77602e+15	6.36802e+15	7.96003e+15	9.55203e+15	1.15454e+16	1.52882e+16	2.86807e+16	2.58187e+16	3.09708e+17	4.5403e+17	2.72035	3.15435	3.15435	3.15435	3.15435	3.15435	3.15435	3.15435	3.15435	3.20746	3.43234	3.90979	4.67482	4.68986	4.68986	
60354.8	6.85566e+17	2.78529e+17	1.21885e+17	7.71176e+16	1.54235e+17	2.31353e+17	3.0847e+17	3.85588e+17	4.62705e+17	5.39199e+17	6.12943e+17	6.71196e+17	7.54791e+17	3.35209e+17	8.60009e+15	6.26327e+15	5.74938e+15	2.51594e+15	1.59186e+15	3.18372e+15	4.77558e+15	6.36743e+15	7.95929e+15	9.55115e+15	1.15379e+16	1.52613e+16	2.87322e+16	2.59975e+16	3.09708e+17	4.5403e+17	2.72303	3.13645	3.13645	3.13645	3.13645	3.13645	3.13645	3.13645	3.13645	3.18824	3.40848	3.88207	4.67342	4.68986	4.68986	
60606.5	6.85567e+17	2.7853e+17	1.21885e+17	7.71178e+16	1.54236e+17	2.31353e+17	3.08471e+17	3.85589e+17	4.62707e+17	5.39211e+17	6.12989e+17	6.71138e+17	7.54493e+17	3.35209e+17	8.60009e+15	6.26285e+15	5.74885e+15	2.51571e+15	1.59171e+15	3.18342e+15	4.77513e+15	6.36684e+15	7.95855e+15	9.55026e+15	1.15301e+16	1.52325e+16	2.87688e+16	2.61849e+16	3.09708e+17	4.5403e+17	2.72572	3.119	3.119	3.119	3.119	3.119	3.119	3.119	3.119	3.16945	3.38498	3.85427	4.67191	4.68986	4.68986	
60858.3	6.85568e+17	2.78531e+17	1.21886e+17	7.71181e+16	1.54236e+17	2.31354e+17	3.08472e+17	3.8559e+17	4.62708e+17	5.39224e+17	6.13038e+17	6.71104e+17	7.54181e+17	3.35209e+17	8.60009e+15	6.26243e+15	5.74831e+15	2.51547e+15	1.59156e+15	3.18312e+15	4.77468e+15	6.36624e+15	7.9578e+15	9.54936e+15	1.15222e+16	1.52018e+16	2.87904e+16	2.63809e+16	3.09708e+17	4.5403e+17	2.72843	3.10199	3.10199	3.10199	3.10199	3.10199	3.10199	3.10199	3.10199	3.15112	3.36188	3.82644	4.67029	4.68986	4.68986	
61109.8	6.85568e+17	2.78531e+17	1.21886e+17	7.71183e+16	1.54237e+17	2.31355e+17	3.08473e+17	3.85592e+17	4.6271e+17	5.39236e+17	6.13089e+17	6.71093e+17	7.53856e+17	3.35209e+17	8.60009e+15	6.26201e+15	5.74776e+15	2.51524e+15	1.59141e+15	3.18282e+15	4.77423e+15	6.36564e+15	7.95705e+15	9.54846e+15	1.15141e+16	1.51694e+16	2.87973e+16	2.65852e+16	3.09708e+17	4.5403e+17	2.73115	3.08546	3.08546	3.08546	3.08546	3.08546	3.08546	3.08546	3.08546	3.13326	3.33923	3.79866	4.66856	4.68986	4.68986	
61361.5	6.85569e+17	2.78532e+17	1.21886e+17	7.71186e+16	1.54237e+17	2.31356e+17	3.08474e+17	3.85593e+17	4.62711e+17	5.39249e+17	6.13143e+17	6.71105e+17	7.53517e+17	3.35209e+17	8.60009e+15	6.26159e+15	5.74722e+15	2.515e+15	1.59126e+15	3.18252e+15	4.77378e+15	6.36504e+15	7.9563e+15	9.54756e+15	1.15059e+16	1.51353e+16	2.87897e+16	2.67984e+16	3.09708e+17	4.54031e+17	2.73388	3.06937	3.06937	3.06937	3.06937	3.06937	3.06937	3.06937	3.06937	3.11586	3.31699	3.77091	4.66671	4.68986	4.68986	
61613.4	6.8557e+17	2.78533e+17	1.21887e+17	7.71188e+16	1.54238e+17	2.31356e+17	3.08475e+17	3.85594e+17	4.62713e+17	5.39263e+17	6.13199e+17	6.7114e+17	7.53164e+17	3.35209e+17	8.60009e+15	6.26118e+15	5.74667e+15	2.51476e+15	1.59111e+15	3.18221e+15	4.77332e+15	6.36443e+15	7.95554e+15	9.54664e+15	1.14975e+16	1.50997e+16	2.87677e+16	2.70205e+16	3.09708e+17	4.54031e+17	2.73662	3.05373	3.05373	3.05373	3.05373	3.05373	3.05373	3.05373	3.05373	3.09891	3.29518	3.74323	4.66474	4.68986	4.68986	
61864.9	6.85571e+17	2.78534e+17	1.21887e+17	7.7119e+16	1.54238e+17	2.31357e+17	3.08476e+17	3.85595e+17	4.62714e+17	5.39276e+17	6.13258e+17	6.71198e+17	7.52797e+17	3.35209e+17	8.60009e+15	6.26076e+15	5.74612e+15	2.51452e+15	1.59095e+15	3.18191e+15	4.77286e+15	6.36382e+15	7.95477e+15	9.54573e+15	1.1489e+16	1.50628e+16	2.87317e+16	2.72512e+16	3.09708e+17	4.54031e+17	2.73936	3.03856	3.03856	3.03856	3.03856	3.03856	3.03856	3.03856	3.03856	3.08244	3.27385	3.7157	4.66264	4.68986	4.68986	
62116.7	6.85572e+17	2.78535e+17	1.21888e+17	7.71193e+16	1.54239e+17	2.31358e+17	3.08477e+17	3.85596e+17	4.62716e+17	5.3929e+17	6.13319e+17	6.71277e+17	7.52416e+17	3.35209e+17	8.60009e+15	6.26035e+15	5.74557e+15	2.51427e+15	1.5908e+15	3.1816e+15	4.77241e+15	6.36321e+15	7.95401e+15	9.54481e+15	1.14804e+16	1.50245e+16	2.8682e+16	2.74908e+16	3.09708e+17	4.54031e+17	2.74212	3.02384	3.02384	3.02384	3.02384	3.02384	3.02384	3.02384	3.02384	3.06643	3.25296	3.6883	4.6604	4.68986	4.68986	
62368.6	6.85572e+17	2.78536e+17	1.21888e+17	7.71195e+16	1.54239e+17	2.31359e+17	3.08478e+17	3.85598e+17	4.62717e+17	5.39304e+17	6.13381e+17	6.71378e+17	7.52021e+17	3.35209e+17	8.60009e+15	6.25994e+15	5.74501e+15	2.51403e+15	1.59065e+15	3.1813e+15	4.77195e+15	6.36259e+15	7.95324e+15	9.54389e+15	1.14717e+16	1.4985e+16	2.86188e+16	2.77393e+16	3.09708e+17	4.54031e+17	2.74488	3.00956	3.00956	3.00956	3.00956	3.00956	3.00956	3.00956	3.00956	3.05087	3.23253	3.66106	4.65802	4.68986	4.68986	
62620.1	6.85573e+17	2.78537e+17	1.21888e+17	7.71198e+16	1.5424e+17	2.31359e+17	3.08479e+17	3.85599e+17	4.62719e+17	5.39318e+17	6.13446e+17	6.71499e+17	7.51612e+17	3.35209e+17	8.60009e+15	6.25953e+15	5.74446e+15	2.51379e+15	1.5905e+15	3.18099e+15	4.77149e+15	6.36198e+15	7.95248e+15	9.54297e+15	1.14629e+16	1.49444e+16	2.85427e+16	2.79965e+16	3.09708e+17	4.54031e+17	2.74765	2.99574	2.99574	2.99574	2.99574	2.99574	2.99574	2.99574	2.99574	3.03579	3.2126	3.63407	4.6555	4.68986	4.68986	
62871.9	6.85574e+17	2.78538e+17	1.21889e+17	7.712e+16	1.5424e+17	2.3136e+17	3.0848e+17	3.856e+17	4.6272e+17	5.39332e+17	6.13511e+17	6.7164e+17	7.51188e+17	3.35209e+17	8.60009e+15	6.25912e+15	5.7439e+15	2.51355e+15	1.59034e+15	3.18068e+15	4.77102e+15	6.36137e+15	7.95171e+15	9.54205e+15	1.14541e+16	1.49028e+16	2.84539e+16	2.82625e+16	3.09708e+17	4.54031e+17	2.75042	2.98236	2.98236	2.98236	2.98236	2.98236	2.98236	2.98236	2.98236	3.02117	3.19314	3.6073	4.65283	4.68986	4.68986	
63123.8	6.85575e+17	2.78539e+17	1.21889e+17	7.71203e+16	1.54241e+17	2.31361e+17	3.08481e+17	3.85601e+17	4.62722e+17	5.39346e+17	6.13579e+17	6.71801e+17	7.50751e+17	3.35209e+17	8.60009e+15	6.25872e+15	5.74335e+15	2.5133e+15	1.59019e+15	3.18038e+15	4.77056e+15	6.36075e+15	7.95094e+15	9.54113e+15	1.14453e+16	1.48603e+16	2.83529e+16	2.85375e+16	3.09708e+17	4.54031e+17	2.7532	2.96942	2.96942	2.96942	2.96942	2.96942	2.96942	2.96942	2.96942	3.007	3.17414	3.58078	4.65	4.68986	4.68986	
63375.4	6.85575e+17	2.78539e+17	1.2189e+17	7.71205e+16	1.54241e+17	2.31362e+17	3.08482e+17	3.85603e+17	4.62723e+17	5.3936e+17	6.13647e+17	6.71981e+17	7.503e+17	3.35209e+17	8.60009e+15	6.25831e+15	5.74279e+15	2.51306e+15	1.59003e+15	3.18007e+15	4.7701e+15	6.36014e+15	7.95017e+15	9.5402e+15	1.14365e+16	1.48171e+16	2.82402e+16	2.88208e+16	3.09708e+17	4.54031e+17	2.75599	2.95692	2.95692	2.95692	2.95692	2.95692	2.95692	2.95692	2.95692	2.99329	3.15566	3.55459	4.64701	4.68986	4.68986	
63627.2	6.85576e+17	2.7854e+17	1.2189e+17	7.71208e+16	1.54242e+17	2.31362e+17	3.08483e+17	3.85604e+17	4.62725e+17	5.39374e+17	6.13717e+17	6.72179e+17	7.49835e+17	3.35209e+17	8.60009e+15	6.25791e+15	5.74224e+15	2.51282e+15	1.58988e+15	3.17976e+15	4.76964e+15	6.35952e+15	7.9494e+15	9.53928e+15	1.14276e+16	1.47731e+16	2.81161e+16	2.91129e+16	3.09708e+17	4.54031e+17	2.75878	2.94486	2.94486	2.94486	2.94486	2.94486	2.94486	2.94486	2.94486	2.98003	3.13766	3.52869	4.64386	4.68986	4.68986	
63879.1	6.85577e+17	2.78541e+17	1.2189e+17	7.7121e+16	1.54242e+17	2.31363e+17	3.08484e+17	3.85605e+17	4.62726e+17	5.39388e+17	6.13787e+17	6.72394e+17	7.49356e+17	3.35209e+17	8.60009e+15	6.25751e+15	5.74168e+15	2.51258e+15	1.58973e+15	3.17945e+15	4.76918e+15	6.35891e+15	7.94864e+15	9.53836e+15	1.14187e+16	1.47285e+16	2.79811e+16	2.94136e+16	3.09708e+17	4.54031e+17	2.76158	2.93321	2.93321	2.93321	2.93321	2.93321	2.93321	2.93321	2.93321	2.96722	3.12014	3.50313	4.64052	4.68986	4.68986	
64130.8	6.85578e+17	2.78542e+17	1.21891e+17	7.71213e+16	1.54243e+17	2.31364e+17	3.08485e+17	3.85606e+17	4.62728e+17	5.39402e+17	6.13859e+17	6.72625e+17	7.48865e+17	3.35209e+17	8.60009e+15	6.25711e+15	5.74113e+15	2.51233e+15	1.58957e+15	3.17915e+15	4.76872e+15	6.3583e+15	7.94787e+15	9.53744e+15	1.14099e+16	1.46835e+16	2.7836e+16	2.97223e+16	3.09708e+17	4.54031e+17	2.76438	2.922	2.922	2.922	2.922	2.922	2.922	2.922	2.922	2.95486	3.10314	3.47795	4.63702	4.68986	4.68986	
64382.6	6.85578e+17	2.78543e+17	1.21891e+17	7.71215e+16	1.54243e+17	2.31365e+17	3.08486e+17	3.85608e+17	4.62729e+17	5.39416e+17	6.13931e+17	6.72872e+17	7.4836e+17	3.35209e+17	8.60009e+15	6.25671e+15	5.74058e+15	2.51209e+15	1.58942e+15	3.17884e+15	4.76826e+15	6.35768e+15	7.94711e+15	9.53653e+15	1.14011e+16	1.46381e+16	2.7681e+16	3.00395e+16	3.09708e+17	4.54031e+17	2.76718	2.9112	2.9112	2.9112	2.9112	2.9112	2.9112	2.9112	2.9112	2.94293	3.08662	3.45315	4.63333	4.68986	4.68986	
64634.5	6.85579e+17	2.78544e+17	1.21892e+17	7.71218e+16	1.54244e+17	2.31365e+17	3.08487e+17	3.85609e+17	4.62731e+17	5.3943e+17	6.14003e+17	6.73133e+17	7.47841e+17	3.35209e+17	8.60009e+15	6.25631e+15	5.74003e+15	2.51185e+15	1.58927e+15	3.17854e+15	4.76781e+15	6.35707e+15	7.94634e+15	9.53561e+15	1.13924e+16	1.45923e+16	2.75166e+16	3.03648e+16	3.09708e+17	4.54031e+17	2.76999	2.90081	2.90081	2.90081	2.90081	2.90081	2.90081	2.90081	2.90081	2.93143	3.07059	3.42873	4.62945	4.68986	4.68986	
64886.2	6.8558e+17	2.78545e+17	1.21892e+17	7.7122e+16	1.54244e+17	2.31366e+17	3.08488e+17	3.8561e+17	4.62732e+17	5.39443e+17	6.14076e+17	6.73409e+17	7.47311e+17	3.35209e+17	8.60009e+15	6.25592e+15	5.73948e+15	2.51161e+15	1.58912e+15	3.17823e+15	4.76735e+15	6.35647e+15	7.94558e+15	9.5347e+15	1.13837e+16	1.45463e+16	2.73437e+16	3.06976e+16	3.09708e+17	4.54031e+17	2.7728	2.89083	2.89083	2.89083	2.89083	2.89083	2.89083	2.89083	2.89083	2.92037	3.05506	3.40476	4.62538	4.68986	4.68986	
65138	6.8558e+17	2.78546e+17	1.21892e+17	7.71223e+16	1.54245e+17	2.31367e+17	3.08489e+17	3.85611e+17	4.62734e+17	5.39457e+17	6.14149e+17	6.73697e+17	7.46768e+17	3.35209e+17	8.6001e+15	6.25552e+15	5.73893e+15	2.51137e+15	1.58897e+15	3.17793e+15	4.7669e+15	6.35586e+15	7.94483e+15	9.53379e+15	1.1375e+16	1.45002e+16	2.71624e+16	3.10383e+16	3.09708e+17	4.54031e+17	2.77561	2.88125	2.88125	2.88125	2.88125	2.88125	2.88125	2.88125	2.88125	2.90972	3.04002	3.38122	4.6211	4.68986	4.68986	
65390	6.85581e+17	2.78547e+17	1.21893e+17	7.71225e+16	1.54245e+17	2.31368e+17	3.0849e+17	3.85613e+17	4.62735e+17	5.39471e+17	6.14222e+17	6.73998e+17	7.46213e+17	3.35209e+17	8.6001e+15	6.25513e+15	5.73839e+15	2.51113e+15	1.58881e+15	3.17763e+15	4.76644e+15	6.35526e+15	7.94407e+15	9.53289e+15	1.13665e+16	1.4454e+16	2.69734e+16	3.13865e+16	3.09708e+17	4.54031e+17	2.77843	2.87205	2.87205	2.87205	2.87205	2.87205	2.87205	2.87205	2.87205	2.89949	3.02546	3.35812	4.61663	4.68986	4.68986	
65641.7	6.85582e+17	2.78547e+17	1.21893e+17	7.71228e+16	1.54246e+17	2.31368e+17	3.08491e+17	3.85614e+17	4.62737e+17	5.39484e+17	6.14295e+17	6.7431e+17	7.45648e+17	3.35209e+17	8.6001e+15	6.25474e+15	5.73784e+15	2.5109e+15	1.58866e+15	3.17733e+15	4.76599e+15	6.35466e+15	7.94332e+15	9.53198e+15	1.1358e+16	1.44078e+16	2.67775e+16	3.17416e+16	3.09708e+17	4.54031e+17	2.78125	2.86325	2.86325	2.86325	2.86325	2.86325	2.86325	2.86325	2.86325	2.88968	3.0114	3.33551	4.61195	4.68986	4.68986	
65893.5	6.85583e+17	2.78548e+17	1.21893e+17	7.7123e+16	1.54246e+17	2.31369e+17	3.08492e+17	3.85615e+17	4.62738e+17	5.39497e+17	6.14368e+17	6.74633e+17	7.4507e+17	3.35209e+17	8.6001e+15	6.25435e+15	5.7373e+15	2.51066e+15	1.58851e+15	3.17703e+15	4.76554e+15	6.35406e+15	7.94257e+15	9.53109e+15	1.13496e+16	1.43617e+16	2.65748e+16	3.21037e+16	3.09708e+17	4.54031e+17	2.78407	2.85482	2.85482	2.85482	2.85482	2.85482	2.85482	2.85482	2.85482	2.88026	2.99781	3.31337	4.60705	4.68986	4.68986	
66145.5	6.85583e+17	2.78549e+17	1.21894e+17	7.71232e+16	1.54246e+17	2.3137e+17	3.08493e+17	3.85616e+17	4.62739e+17	5.3951e+17	6.14441e+17	6.74965e+17	7.44482e+17	3.35209e+17	8.6001e+15	6.25396e+15	5.73676e+15	2.51042e+15	1.58837e+15	3.17673e+15	4.7651e+15	6.35346e+15	7.94183e+15	9.53019e+15	1.13413e+16	1.43157e+16	2.63661e+16	3.24728e+16	3.09708e+17	4.54031e+17	2.78689	2.84676	2.84676	2.84676	2.84676	2.84676	2.84676	2.84676	2.84676	2.87123	2.98469	3.2917	4.60194	4.68986	4.68986	
66397.2	6.85584e+17	2.7855e+17	1.21894e+17	7.71235e+16	1.54247e+17	2.3137e+17	3.08494e+17	3.85617e+17	4.62741e+17	5.39523e+17	6.14514e+17	6.75305e+17	7.43884e+17	3.35209e+17	8.6001e+15	6.25357e+15	5.73623e+15	2.51019e+15	1.58822e+15	3.17643e+15	4.76465e+15	6.35287e+15	7.94108e+15	9.5293e+15	1.13332e+16	1.427e+16	2.6152e+16	3.28477e+16	3.09708e+17	4.54031e+17	2.78971	2.83907	2.83907	2.83907	2.83907	2.83907	2.83907	2.83907	2.83907	2.8626	2.97205	3.27056	4.59661	4.68986	4.68986	
66649	6.85585e+17	2.78551e+17	1.21895e+17	7.71237e+16	1.54247e+17	2.31371e+17	3.08495e+17	3.85619e+17	4.62742e+17	5.39536e+17	6.14586e+17	6.75654e+17	7.43276e+17	3.35209e+17	8.6001e+15	6.25318e+15	5.7357e+15	2.50996e+15	1.58807e+15	3.17614e+15	4.76421e+15	6.35228e+15	7.94035e+15	9.52842e+15	1.13251e+16	1.42246e+16	2.59329e+16	3.32289e+16	3.09708e+17	4.54031e+17	2.79254	2.83173	2.83173	2.83173	2.83173	2.83173	2.83173	2.83173	2.83173	2.85434	2.95988	3.24992	4.59105	4.68986	4.68986	
66901	6.85586e+17	2.78552e+17	1.21895e+17	7.7124e+16	1.54248e+17	2.31372e+17	3.08496e+17	3.8562e+17	4.62744e+17	5.39549e+17	6.14657e+17	6.7601e+17	7.42659e+17	3.35209e+17	8.6001e+15	6.2528e+15	5.73516e+15	2.50972e+15	1.58792e+15	3.17584e+15	4.76377e+15	6.35169e+15	7.93961e+15	9.52753e+15	1.13172e+16	1.41794e+16	2.57092e+16	3.3616e+16	3.09708e+17	4.54031e+17	2.79537	2.82473	2.82473	2.82473	2.82473	2.82473	2.82473	2.82473	2.82473	2.84646	2.94815	3.22978	4.58525	4.68986	4.68986	
67152.7	6.85586e+17	2.78553e+17	1.21895e+17	7.71242e+16	1.54248e+17	2.31373e+17	3.08497e+17	3.85621e+17	4.62745e+17	5.39561e+17	6.14728e+17	6.76372e+17	7.42033e+17	3.35209e+17	8.6001e+15	6.25241e+15	5.73464e+15	2.50949e+15	1.58778e+15	3.17555e+15	4.76333e+15	6.3511e+15	7.93888e+15	9.52666e+15	1.13094e+16	1.41348e+16	2.54819e+16	3.4008e+16	3.09708e+17	4.54031e+17	2.79819	2.81808	2.81808	2.81808	2.81808	2.81808	2.81808	2.81808	2.81808	2.83895	2.9369	3.21019	4.57923	4.68986	4.68986	
67404.6	6.85587e+17	2.78553e+17	1.21896e+17	7.71244e+16	1.54249e+17	2.31373e+17	3.08498e+17	3.85622e+17	4.62747e+17	5.39573e+17	6.14798e+17	6.76739e+17	7.41399e+17	3.35209e+17	8.6001e+15	6.25203e+15	5.73411e+15	2.50926e+15	1.58763e+15	3.17526e+15	4.76289e+15	6.35052e+15	7.93815e+15	9.52579e+15	1.13017e+16	1.40905e+16	2.5251e+16	3.44053e+16	3.09708e+17	4.54031e+17	2.80102	2.81176	2.81176	2.81176	2.81176	2.81176	2.81176	2.81176	2.81176	2.83179	2.92608	3.19111	4.57298	4.68986	4.68986	
67656.6	6.85588e+17	2.78554e+17	1.21896e+17	7.71247e+16	1.54249e+17	2.31374e+17	3.08499e+17	3.85623e+17	4.62748e+17	5.39585e+17	6.14867e+17	6.77111e+17	7.40757e+17	3.35209e+17	8.6001e+15	6.25165e+15	5.73359e+15	2.50903e+15	1.58749e+15	3.17497e+15	4.76246e+15	6.34995e+15	7.93743e+15	9.52492e+15	1.12941e+16	1.40467e+16	2.50171e+16	3.48075e+16	3.09708e+17	4.54031e+17	2.80385	2.80576	2.80576	2.80576	2.80576	2.80576	2.80576	2.80576	2.80576	2.82497	2.9157	3.17254	4.56647	4.68986	4.68986	
67908.3	6.85588e+17	2.78555e+17	1.21896e+17	7.71249e+16	1.5425e+17	2.31375e+17	3.085e+17	3.85624e+17	4.62749e+17	5.39597e+17	6.14936e+17	6.77486e+17	7.40109e+17	3.35209e+17	8.6001e+15	6.25127e+15	5.73307e+15	2.50881e+15	1.58734e+15	3.17469e+15	4.76203e+15	6.34937e+15	7.93671e+15	9.52406e+15	1.12867e+16	1.40035e+16	2.4781e+16	3.52134e+16	3.09708e+17	4.54031e+17	2.80668	2.80008	2.80008	2.80008	2.80008	2.80008	2.80008	2.80008	2.80008	2.8185	2.90576	3.15453	4.55973	4.68986	4.68986	
68160.2	6.85589e+17	2.78556e+17	1.21897e+17	7.71251e+16	1.5425e+17	2.31375e+17	3.085e+17	3.85626e+17	4.62751e+17	5.39609e+17	6.15003e+17	6.77865e+17	7.39454e+17	3.35209e+17	8.6001e+15	6.25089e+15	5.73256e+15	2.50858e+15	1.5872e+15	3.1744e+15	4.7616e+15	6.3488e+15	7.936e+15	9.5232e+15	1.12794e+16	1.39609e+16	2.45428e+16	3.56235e+16	3.09708e+17	4.54031e+17	2.80951	2.79471	2.79471	2.79471	2.79471	2.79471	2.79471	2.79471	2.79471	2.81237	2.89624	3.13705	4.55275	4.68986	4.68986	
68412.2	6.8559e+17	2.78557e+17	1.21897e+17	7.71254e+16	1.54251e+17	2.31376e+17	3.08501e+17	3.85627e+17	4.62752e+17	5.3962e+17	6.1507e+17	6.78246e+17	7.38793e+17	3.35209e+17	8.6001e+15	6.25051e+15	5.73204e+15	2.50836e+15	1.58706e+15	3.17412e+15	4.76117e+15	6.34823e+15	7.93529e+15	9.52235e+15	1.12723e+16	1.39188e+16	2.4303e+16	3.60373e+16	3.09708e+17	4.54031e+17	2.81235	2.78964	2.78964	2.78964	2.78964	2.78964	2.78964	2.78964	2.78964	2.80655	2.88713	3.12008	4.5455	4.68986	4.68986	
68663.9	6.8559e+17	2.78558e+17	1.21898e+17	7.71256e+16	1.54251e+17	2.31377e+17	3.08502e+17	3.85628e+17	4.62753e+17	5.39631e+17	6.15135e+17	6.78629e+17	7.38128e+17	3.35209e+17	8.6001e+15	6.25013e+15	5.73153e+15	2.50813e+15	1.58692e+15	3.17383e+15	4.76075e+15	6.34767e+15	7.93459e+15	9.5215e+15	1.12653e+16	1.38775e+16	2.40624e+16	3.64536e+16	3.09708e+17	4.54031e+17	2.81518	2.78486	2.78486	2.78486	2.78486	2.78486	2.78486	2.78486	2.78486	2.80106	2.87844	3.10367	4.53802	4.68986	4.68986	
68915.8	6.85591e+17	2.78558e+17	1.21898e+17	7.71258e+16	1.54252e+17	2.31377e+17	3.08503e+17	3.85629e+17	4.62755e+17	5.39642e+17	6.15199e+17	6.79012e+17	7.37458e+17	3.35209e+17	8.6001e+15	6.24976e+15	5.73103e+15	2.50791e+15	1.58678e+15	3.17355e+15	4.76033e+15	6.34711e+15	7.93389e+15	9.52066e+15	1.12585e+16	1.38368e+16	2.3821e+16	3.68729e+16	3.09708e+17	4.54031e+17	2.81801	2.78037	2.78037	2.78037	2.78037	2.78037	2.78037	2.78037	2.78037	2.79587	2.87014	3.08778	4.53028	4.68986	4.68986	
69167.9	6.85592e+17	2.78559e+17	1.21898e+17	7.7126e+16	1.54252e+17	2.31378e+17	3.08504e+17	3.8563e+17	4.62756e+17	5.39652e+17	6.15263e+17	6.79396e+17	7.36785e+17	3.35209e+17	8.6001e+15	6.24938e+15	5.73053e+15	2.50769e+15	1.58664e+15	3.17328e+15	4.75991e+15	6.34655e+15	7.93319e+15	9.51983e+15	1.12518e+16	1.37968e+16	2.35792e+16	3.72946e+16	3.09708e+17	4.54031e+17	2.82084	2.77615	2.77615	2.77615	2.77615	2.77615	2.77615	2.77615	2.77615	2.79098	2.86224	3.07241	4.52228	4.68986	4.68986	
69419.6	6.85593e+17	2.7856e+17	1.21899e+17	7.71263e+16	1.54253e+17	2.31379e+17	3.08505e+17	3.85631e+17	4.62758e+17	5.39663e+17	6.15325e+17	6.7978e+17	7.36108e+17	3.35209e+17	8.6001e+15	6.24901e+15	5.73003e+15	2.50747e+15	1.5865e+15	3.173e+15	4.7595e+15	6.346e+15	7.9325e+15	9.519e+15	1.12453e+16	1.37576e+16	2.33379e+16	3.77176e+16	3.09708e+17	4.54031e+17	2.82367	2.77221	2.77221	2.77221	2.77221	2.77221	2.77221	2.77221	2.77221	2.78639	2.85472	3.05758	4.51404	4.68986	4.68986	
69671.5	6.85593e+17	2.78561e+17	1.21899e+17	7.71265e+16	1.54253e+17	2.31379e+17	3.08506e+17	3.85632e+17	4.62759e+17	5.39673e+17	6.15386e+17	6.80162e+17	7.3543e+17	3.35209e+17	8.6001e+15	6.24864e+15	5.72953e+15	2.50726e+15	1.58636e+15	3.17272e+15	4.75909e+15	6.34545e+15	7.93181e+15	9.51817e+15	1.12389e+16	1.37192e+16	2.3097e+16	3.81422e+16	3.09708e+17	4.54031e+17	2.8265	2.76852	2.76852	2.76852	2.76852	2.76852	2.76852	2.76852	2.76852	2.78208	2.84757	3.04327	4.50553	4.68986	4.68986	
69923.5	6.85594e+17	2.78562e+17	1.21899e+17	7.71267e+16	1.54253e+17	2.3138e+17	3.08507e+17	3.85634e+17	4.6276e+17	5.39683e+17	6.15445e+17	6.80544e+17	7.34749e+17	3.35209e+17	8.6001e+15	6.24826e+15	5.72904e+15	2.50704e+15	1.58623e+15	3.17245e+15	4.75868e+15	6.3449e+15	7.93113e+15	9.51735e+15	1.12327e+16	1.36815e+16	2.28569e+16	3.8568e+16	3.09708e+17	4.54031e+17	2.82933	2.76509	2.76509	2.76509	2.76509	2.76509	2.76509	2.76509	2.76509	2.77804	2.84079	3.02946	4.49676	4.68986	4.68986	
70175.2	6.85595e+17	2.78563e+17	1.219e+17	7.71269e+16	1.54254e+17	2.31381e+17	3.08508e+17	3.85635e+17	4.62762e+17	5.39692e+17	6.15504e+17	6.80923e+17	7.34068e+17	3.35209e+17	8.6001e+15	6.2479e+15	5.72855e+15	2.50683e+15	1.58609e+15	3.17218e+15	4.75827e+15	6.34436e+15	7.93045e+15	9.51654e+15	1.12266e+16	1.36447e+16	2.26183e+16	3.89937e+16	3.09708e+17	4.54031e+17	2.83216	2.7619	2.7619	2.7619	2.7619	2.7619	2.7619	2.7619	2.7619	2.77428	2.83436	3.01618	4.48774	4.68986	4.68986	
70427.1	6.85595e+17	2.78563e+17	1.219e+17	7.71271e+16	1.54254e+17	2.31381e+17	3.08509e+17	3.85636e+17	4.62763e+17	5.39702e+17	6.15561e+17	6.813e+17	7.33386e+17	3.35209e+17	8.60011e+15	6.24753e+15	5.72806e+15	2.50661e+15	1.58596e+15	3.17191e+15	4.75787e+15	6.34382e+15	7.92978e+15	9.51573e+15	1.12207e+16	1.36086e+16	2.23811e+16	3.94196e+16	3.09708e+17	4.54031e+17	2.83499	2.75896	2.75896	2.75896	2.75896	2.75896	2.75896	2.75896	2.75896	2.77077	2.82828	3.00339	4.47846	4.68986	4.68986	
70679.2	6.85596e+17	2.78564e+17	1.219e+17	7.71274e+16	1.54255e+17	2.31382e+17	3.08509e+17	3.85637e+17	4.62764e+17	5.39711e+17	6.15617e+17	6.81673e+17	7.32705e+17	3.35209e+17	8.60011e+15	6.24716e+15	5.72758e+15	2.5064e+15	1.58582e+15	3.17164e+15	4.75746e+15	6.34329e+15	7.92911e+15	9.51493e+15	1.12149e+16	1.35734e+16	2.21456e+16	3.98454e+16	3.09708e+17	4.54031e+17	2.83782	2.75624	2.75624	2.75624	2.75624	2.75624	2.75624	2.75624	2.75624	2.76751	2.82254	2.99109	4.46891	4.68986	4.68986	
70930.9	6.85597e+17	2.78565e+17	1.21901e+17	7.71276e+16	1.54255e+17	2.31383e+17	3.0851e+17	3.85638e+17	4.62765e+17	5.3972e+17	6.15671e+17	6.82043e+17	7.32026e+17	3.35209e+17	8.60011e+15	6.24679e+15	5.7271e+15	2.50619e+15	1.58569e+15	3.17138e+15	4.75707e+15	6.34275e+15	7.92844e+15	9.51413e+15	1.12093e+16	1.3539e+16	2.19125e+16	4.02697e+16	3.09708e+17	4.54031e+17	2.84064	2.75375	2.75375	2.75375	2.75375	2.75375	2.75375	2.75375	2.75375	2.7645	2.81713	2.9793	4.45912	4.68986	4.68986	
71182.8	6.85597e+17	2.78566e+17	1.21901e+17	7.71278e+16	1.54256e+17	2.31383e+17	3.08511e+17	3.85639e+17	4.62767e+17	5.39729e+17	6.15724e+17	6.8241e+17	7.31348e+17	3.35209e+17	8.60011e+15	6.24643e+15	5.72662e+15	2.50598e+15	1.58556e+15	3.17111e+15	4.75667e+15	6.34223e+15	7.92778e+15	9.51334e+15	1.12038e+16	1.35054e+16	2.16818e+16	4.0693e+16	3.09708e+17	4.54031e+17	2.84347	2.75148	2.75148	2.75148	2.75148	2.75148	2.75148	2.75148	2.75148	2.76173	2.81204	2.96799	4.44906	4.68986	4.68986	
71434.9	6.85598e+17	2.78566e+17	1.21901e+17	7.7128e+16	1.54256e+17	2.31384e+17	3.08512e+17	3.8564e+17	4.62768e+17	5.39737e+17	6.15776e+17	6.82772e+17	7.30673e+17	3.35209e+17	8.60011e+15	6.24606e+15	5.72615e+15	2.50578e+15	1.58543e+15	3.17085e+15	4.75628e+15	6.3417e+15	7.92713e+15	9.51255e+15	1.11985e+16	1.34727e+16	2.14535e+16	4.11147e+16	3.09708e+17	4.54031e+17	2.84629	2.74941	2.74941	2.74941	2.74941	2.74941	2.74941	2.74941	2.74941	2.75918	2.80725	2.95714	4.43875	4.68986	4.68986	
71686.6	6.85599e+17	2.78567e+17	1.21902e+17	7.71282e+16	1.54256e+17	2.31385e+17	3.08513e+17	3.85641e+17	4.62769e+17	5.39745e+17	6.15826e+17	6.83129e+17	7.30002e+17	3.35209e+17	8.60011e+15	6.2457e+15	5.72568e+15	2.50557e+15	1.5853e+15	3.17059e+15	4.75589e+15	6.34118e+15	7.92648e+15	9.51177e+15	1.11934e+16	1.34409e+16	2.12285e+16	4.15336e+16	3.09708e+17	4.54032e+17	2.84912	2.74755	2.74755	2.74755	2.74755	2.74755	2.74755	2.74755	2.74755	2.75686	2.80278	2.94678	4.42819	4.68986	4.68986	
71938.5	6.85599e+17	2.78568e+17	1.21902e+17	7.71284e+16	1.54257e+17	2.31385e+17	3.08514e+17	3.85642e+17	4.62771e+17	5.39753e+17	6.15875e+17	6.83482e+17	7.29335e+17	3.35209e+17	8.60011e+15	6.24534e+15	5.72521e+15	2.50537e+15	1.58517e+15	3.17033e+15	4.7555e+15	6.34066e+15	7.92583e+15	9.51099e+15	1.11883e+16	1.34099e+16	2.10063e+16	4.19501e+16	3.09708e+17	4.54032e+17	2.85194	2.74589	2.74589	2.74589	2.74589	2.74589	2.74589	2.74589	2.74589	2.75475	2.79859	2.93686	4.41737	4.68986	4.68986	
72190.6	6.856e+17	2.78569e+17	1.21902e+17	7.71286e+16	1.54257e+17	2.31386e+17	3.08515e+17	3.85643e+17	4.62772e+17	5.39761e+17	6.15923e+17	6.83829e+17	7.28672e+17	3.35209e+17	8.60011e+15	6.24497e+15	5.72474e+15	2.50516e+15	1.58504e+15	3.17007e+15	4.75511e+15	6.34015e+15	7.92519e+15	9.51022e+15	1.11834e+16	1.33797e+16	2.07874e+16	4.23637e+16	3.09708e+17	4.54032e+17	2.85476	2.74441	2.74441	2.74441	2.74441	2.74441	2.74441	2.74441	2.74441	2.75285	2.79468	2.92739	4.40629	4.68986	4.68986	
72442.3	6.85601e+17	2.78569e+17	1.21903e+17	7.71288e+16	1.54258e+17	2.31387e+17	3.08515e+17	3.85644e+17	4.62773e+17	5.39768e+17	6.15969e+17	6.8417e+17	7.28016e+17	3.35209e+17	8.60011e+15	6.24461e+15	5.72428e+15	2.50496e+15	1.58491e+15	3.16982e+15	4.75473e+15	6.33964e+15	7.92455e+15	9.50946e+15	1.11787e+16	1.33505e+16	2.05722e+16	4.27732e+16	3.09708e+17	4.54032e+17	2.85758	2.74312	2.74312	2.74312	2.74312	2.74312	2.74312	2.74312	2.74312	2.75115	2.79106	2.91837	4.39498	4.68986	4.68986	
72694.2	6.85601e+17	2.7857e+17	1.21903e+17	7.7129e+16	1.54258e+17	2.31387e+17	3.08516e+17	3.85645e+17	4.62774e+17	5.39776e+17	6.16014e+17	6.84506e+17	7.27365e+17	3.35209e+17	8.60011e+15	6.24426e+15	5.72383e+15	2.50476e+15	1.58478e+15	3.16957e+15	4.75435e+15	6.33913e+15	7.92391e+15	9.5087e+15	1.11741e+16	1.3322e+16	2.03606e+16	4.3179e+16	3.09708e+17	4.54032e+17	2.8604	2.742	2.742	2.742	2.742	2.742	2.742	2.742	2.742	2.74964	2.7877	2.90977	4.38342	4.68986	4.68986	
72946.3	6.85602e+17	2.78571e+17	1.21903e+17	7.71292e+16	1.54258e+17	2.31388e+17	3.08517e+17	3.85646e+17	4.62775e+17	5.39783e+17	6.16058e+17	6.84836e+17	7.26721e+17	3.35209e+17	8.60011e+15	6.2439e+15	5.72337e+15	2.50456e+15	1.58466e+15	3.16931e+15	4.75397e+15	6.33863e+15	7.92328e+15	9.50794e+15	1.11696e+16	1.32944e+16	2.01526e+16	4.35806e+16	3.09708e+17	4.54032e+17	2.86322	2.74106	2.74106	2.74106	2.74106	2.74106	2.74106	2.74106	2.74106	2.74832	2.7846	2.90159	4.37161	4.68986	4.68986	
73198	6.85603e+17	2.78572e+17	1.21904e+17	7.71294e+16	1.54259e+17	2.31388e+17	3.08518e+17	3.85647e+17	4.62777e+17	5.3979e+17	6.161e+17	6.85159e+17	7.26086e+17	3.35209e+17	8.60011e+15	6.24354e+15	5.72292e+15	2.50436e+15	1.58453e+15	3.16906e+15	4.7536e+15	6.33813e+15	7.92266e+15	9.50719e+15	1.11653e+16	1.32676e+16	1.99487e+16	4.39768e+16	3.09708e+17	4.54032e+17	2.86603	2.74028	2.74028	2.74028	2.74028	2.74028	2.74028	2.74028	2.74028	2.74719	2.78174	2.89382	4.35957	4.68986	4.68986	
73449.9	6.85603e+17	2.78572e+17	1.21904e+17	7.71296e+16	1.54259e+17	2.31389e+17	3.08519e+17	3.85648e+17	4.62778e+17	5.39796e+17	6.16142e+17	6.85476e+17	7.25458e+17	3.35209e+17	8.60011e+15	6.24318e+15	5.72247e+15	2.50417e+15	1.58441e+15	3.16882e+15	4.75322e+15	6.33763e+15	7.92204e+15	9.50645e+15	1.11611e+16	1.32417e+16	1.97488e+16	4.43681e+16	3.09708e+17	4.54032e+17	2.86884	2.73966	2.73966	2.73966	2.73966	2.73966	2.73966	2.73966	2.73966	2.74622	2.77913	2.88645	4.34729	4.68986	4.68986	
73702	6.85604e+17	2.78573e+17	1.21904e+17	7.71298e+16	1.5426e+17	2.3139e+17	3.08519e+17	3.85649e+17	4.62779e+17	5.39803e+17	6.16181e+17	6.85787e+17	7.24839e+17	3.35209e+17	8.60011e+15	6.24283e+15	5.72202e+15	2.50397e+15	1.58428e+15	3.16857e+15	4.75285e+15	6.33714e+15	7.92142e+15	9.5057e+15	1.1157e+16	1.32165e+16	1.95529e+16	4.47539e+16	3.09708e+17	4.54032e+17	2.87165	2.73919	2.73919	2.73919	2.73919	2.73919	2.73919	2.73919	2.73919	2.74542	2.77676	2.87947	4.33478	4.68986	4.68986	
73953.7	6.85605e+17	2.78574e+17	1.21905e+17	7.713e+16	1.5426e+17	2.3139e+17	3.0852e+17	3.8565e+17	4.6278e+17	5.39809e+17	6.1622e+17	6.8609e+17	7.24231e+17	3.35209e+17	8.60011e+15	6.24248e+15	5.72158e+15	2.50378e+15	1.58416e+15	3.16832e+15	4.75248e+15	6.33665e+15	7.92081e+15	9.50497e+15	1.11531e+16	1.31922e+16	1.93615e+16	4.51332e+16	3.09708e+17	4.54032e+17	2.87446	2.73886	2.73886	2.73886	2.73886	2.73886	2.73886	2.73886	2.73886	2.74478	2.77461	2.87288	4.32205	4.68986	4.68986	
74205.6	6.85605e+17	2.78575e+17	1.21905e+17	7.71302e+16	1.5426e+17	2.31391e+17	3.08521e+17	3.85651e+17	4.62781e+17	5.39815e+17	6.16257e+17	6.86387e+17	7.23632e+17	3.35208e+17	8.60011e+15	6.24212e+15	5.72114e+15	2.50359e+15	1.58404e+15	3.16808e+15	4.75212e+15	6.33616e+15	7.9202e+15	9.50424e+15	1.11492e+16	1.31687e+16	1.91743e+16	4.55063e+16	3.09708e+17	4.54032e+17	2.87727	2.73868	2.73868	2.73868	2.73868	2.73868	2.73868	2.73868	2.73868	2.7443	2.77267	2.86665	4.30909	4.68986	4.68986	
74457.7	6.85606e+17	2.78575e+17	1.21905e+17	7.71304e+16	1.54261e+17	2.31391e+17	3.08522e+17	3.85652e+17	4.62783e+17	5.39821e+17	6.16293e+17	6.86677e+17	7.23043e+17	3.35208e+17	8.60011e+15	6.24177e+15	5.7207e+15	2.5034e+15	1.58392e+15	3.16784e+15	4.75176e+15	6.33567e+15	7.91959e+15	9.50351e+15	1.11455e+16	1.31459e+16	1.89913e+16	4.58729e+16	3.09708e+17	4.54032e+17	2.88008	2.73864	2.73864	2.73864	2.73864	2.73864	2.73864	2.73864	2.73864	2.74397	2.77095	2.86077	4.29591	4.68986	4.68986	
74709.4	6.85607e+17	2.78576e+17	1.21906e+17	7.71306e+16	1.54261e+17	2.31392e+17	3.08523e+17	3.85653e+17	4.62784e+17	5.39827e+17	6.16328e+17	6.8696e+17	7.22467e+17	3.35208e+17	8.60012e+15	6.24142e+15	5.72027e+15	2.50321e+15	1.5838e+15	3.1676e+15	4.7514e+15	6.33519e+15	7.91899e+15	9.50279e+15	1.1142e+16	1.31239e+16	1.88129e+16	4.62319e+16	3.09708e+17	4.54032e+17	2.88288	2.73872	2.73872	2.73872	2.73872	2.73872	2.73872	2.73872	2.73872	2.74378	2.76943	2.85526	4.28253	4.68986	4.68986	
74961.3	6.85607e+17	2.78577e+17	1.21906e+17	7.71308e+16	1.54262e+17	2.31392e+17	3.08523e+17	3.85654e+17	4.62785e+17	5.39832e+17	6.16362e+17	6.87236e+17	7.21902e+17	3.35208e+17	8.60012e+15	6.24107e+15	5.71984e+15	2.50302e+15	1.58368e+15	3.16736e+15	4.75104e+15	6.33472e+15	7.91839e+15	9.50207e+15	1.11385e+16	1.31026e+16	1.86389e+16	4.65836e+16	3.09708e+17	4.54032e+17	2.88568	2.73894	2.73894	2.73894	2.73894	2.73894	2.73894	2.73894	2.73894	2.74373	2.7681	2.85007	4.26893	4.68986	4.68986	
75213.3	6.85608e+17	2.78577e+17	1.21906e+17	7.7131e+16	1.54262e+17	2.31393e+17	3.08524e+17	3.85655e+17	4.62786e+17	5.39838e+17	6.16394e+17	6.87505e+17	7.21349e+17	3.35208e+17	8.60012e+15	6.24072e+15	5.71941e+15	2.50283e+15	1.58356e+15	3.16712e+15	4.75068e+15	6.33424e+15	7.9178e+15	9.50136e+15	1.11351e+16	1.30821e+16	1.84692e+16	4.69277e+16	3.09708e+17	4.54032e+17	2.88848	2.73927	2.73927	2.73927	2.73927	2.73927	2.73927	2.73927	2.73927	2.74381	2.76696	2.84522	4.25513	4.68986	4.68986	
75465.1	6.85609e+17	2.78578e+17	1.21906e+17	7.71312e+16	1.54262e+17	2.31394e+17	3.08525e+17	3.85656e+17	4.62787e+17	5.39843e+17	6.16425e+17	6.87766e+17	7.2081e+17	3.35208e+17	8.60012e+15	6.24037e+15	5.71898e+15	2.50264e+15	1.58344e+15	3.16688e+15	4.75033e+15	6.33377e+15	7.91721e+15	9.50065e+15	1.11319e+16	1.30624e+16	1.83043e+16	4.72632e+16	3.09708e+17	4.54032e+17	2.89127	2.73972	2.73972	2.73972	2.73972	2.73972	2.73972	2.73972	2.73972	2.74402	2.766	2.84068	4.24115	4.68986	4.68986	
75717	6.85609e+17	2.78579e+17	1.21907e+17	7.71314e+16	1.54263e+17	2.31394e+17	3.08526e+17	3.85657e+17	4.62788e+17	5.39848e+17	6.16456e+17	6.88021e+17	7.20284e+17	3.35208e+17	8.60012e+15	6.24002e+15	5.71856e+15	2.50246e+15	1.58332e+15	3.16665e+15	4.74997e+15	6.3333e+15	7.91662e+15	9.49995e+15	1.11287e+16	1.30433e+16	1.81437e+16	4.75905e+16	3.09707e+17	4.54032e+17	2.89407	2.74028	2.74028	2.74028	2.74028	2.74028	2.74028	2.74028	2.74028	2.74435	2.76522	2.83645	4.22698	4.68986	4.68986	
75969	6.8561e+17	2.78579e+17	1.21907e+17	7.71316e+16	1.54263e+17	2.31395e+17	3.08526e+17	3.85658e+17	4.6279e+17	5.39853e+17	6.16485e+17	6.88268e+17	7.19772e+17	3.35208e+17	8.60012e+15	6.23968e+15	5.71814e+15	2.50227e+15	1.58321e+15	3.16642e+15	4.74962e+15	6.33283e+15	7.91604e+15	9.49925e+15	1.11257e+16	1.30249e+16	1.79875e+16	4.79092e+16	3.09707e+17	4.54032e+17	2.89686	2.74094	2.74094	2.74094	2.74094	2.74094	2.74094	2.74094	2.74094	2.7448	2.7646	2.83252	4.21261	4.68986	4.68986	
76220.7	6.85611e+17	2.7858e+17	1.21907e+17	7.71318e+16	1.54264e+17	2.31395e+17	3.08527e+17	3.85659e+17	4.62791e+17	5.39858e+17	6.16513e+17	6.88508e+17	7.19275e+17	3.35208e+17	8.60012e+15	6.23933e+15	5.71772e+15	2.50209e+15	1.58309e+15	3.16618e+15	4.74928e+15	6.33237e+15	7.91546e+15	9.49855e+15	1.11227e+16	1.30072e+16	1.7836e+16	4.82186e+16	3.09707e+17	4.54032e+17	2.89965	2.74171	2.74171	2.74171	2.74171	2.74171	2.74171	2.74171	2.74171	2.74537	2.76414	2.82889	4.19809	4.68986	4.68986	
76472.6	6.85611e+17	2.78581e+17	1.21908e+17	7.7132e+16	1.54264e+17	2.31396e+17	3.08528e+17	3.8566e+17	4.62792e+17	5.39862e+17	6.1654e+17	6.88741e+17	7.18792e+17	3.35208e+17	8.60012e+15	6.23899e+15	5.7173e+15	2.50191e+15	1.58298e+15	3.16595e+15	4.74893e+15	6.33191e+15	7.91489e+15	9.49786e+15	1.11199e+16	1.29901e+16	1.76888e+16	4.85189e+16	3.09707e+17	4.54032e+17	2.90244	2.74258	2.74258	2.74258	2.74258	2.74258	2.74258	2.74258	2.74258	2.74604	2.76384	2.82553	4.18339	4.68986	4.68986	
76724.7	6.85612e+17	2.78581e+17	1.21908e+17	7.71322e+16	1.54264e+17	2.31396e+17	3.08529e+17	3.85661e+17	4.62793e+17	5.39867e+17	6.16566e+17	6.88967e+17	7.18324e+17	3.35208e+17	8.60012e+15	6.23865e+15	5.71689e+15	2.50173e+15	1.58286e+15	3.16572e+15	4.74859e+15	6.33145e+15	7.91431e+15	9.49717e+15	1.11171e+16	1.29737e+16	1.7546e+16	4.88098e+16	3.09707e+17	4.54032e+17	2.90522	2.74354	2.74354	2.74354	2.74354	2.74354	2.74354	2.74354	2.74354	2.74681	2.76369	2.82243	4.16852	4.68986	4.68986	
76976.4	6.85612e+17	2.78582e+17	1.21908e+17	7.71323e+16	1.54265e+17	2.31397e+17	3.08529e+17	3.85662e+17	4.62794e+17	5.39871e+17	6.16591e+17	6.89186e+17	7.17872e+17	3.35208e+17	8.60012e+15	6.2383e+15	5.71648e+15	2.50155e+15	1.58275e+15	3.1655e+15	4.74825e+15	6.33099e+15	7.91374e+15	9.49649e+15	1.11144e+16	1.29579e+16	1.74078e+16	4.90906e+16	3.09707e+17	4.54032e+17	2.908	2.74459	2.74459	2.74459	2.74459	2.74459	2.74459	2.74459	2.74459	2.74768	2.76367	2.8196	4.15352	4.68986	4.68986	
77228.3	6.85613e+17	2.78583e+17	1.21909e+17	7.71325e+16	1.54265e+17	2.31398e+17	3.0853e+17	3.85663e+17	4.62795e+17	5.39875e+17	6.16615e+17	6.89399e+17	7.17436e+17	3.35208e+17	8.60012e+15	6.23796e+15	5.71607e+15	2.50137e+15	1.58264e+15	3.16527e+15	4.74791e+15	6.33054e+15	7.91318e+15	9.49581e+15	1.11119e+16	1.29427e+16	1.72737e+16	4.93616e+16	3.09707e+17	4.54032e+17	2.91078	2.74573	2.74573	2.74573	2.74573	2.74573	2.74573	2.74573	2.74573	2.74865	2.7638	2.81702	4.13836	4.68986	4.68986	
77480.3	6.85614e+17	2.78583e+17	1.21909e+17	7.71327e+16	1.54265e+17	2.31398e+17	3.08531e+17	3.85664e+17	4.62796e+17	5.39879e+17	6.16638e+17	6.89604e+17	7.17016e+17	3.35208e+17	8.60012e+15	6.23762e+15	5.71566e+15	2.50119e+15	1.58252e+15	3.16505e+15	4.74757e+15	6.33009e+15	7.91261e+15	9.49514e+15	1.11094e+16	1.29281e+16	1.71439e+16	4.96226e+16	3.09707e+17	4.54032e+17	2.91356	2.74695	2.74695	2.74695	2.74695	2.74695	2.74695	2.74695	2.74695	2.74971	2.76405	2.81469	4.12305	4.68986	4.68986	
77732	6.85614e+17	2.78584e+17	1.21909e+17	7.71329e+16	1.54266e+17	2.31399e+17	3.08532e+17	3.85664e+17	4.62797e+17	5.39883e+17	6.1666e+17	6.89803e+17	7.16614e+17	3.35208e+17	8.60013e+15	6.23728e+15	5.71526e+15	2.50101e+15	1.58241e+15	3.16482e+15	4.74723e+15	6.32964e+15	7.91206e+15	9.49447e+15	1.11069e+16	1.29141e+16	1.70185e+16	4.9873e+16	3.09707e+17	4.54032e+17	2.91634	2.74825	2.74825	2.74825	2.74825	2.74825	2.74825	2.74825	2.74825	2.75086	2.76443	2.81258	4.10764	4.68986	4.68986	
77983.9	6.85615e+17	2.78585e+17	1.21909e+17	7.71331e+16	1.54266e+17	2.31399e+17	3.08532e+17	3.85665e+17	4.62798e+17	5.39886e+17	6.16682e+17	6.89995e+17	7.16227e+17	3.35208e+17	8.60013e+15	6.23694e+15	5.71486e+15	2.50084e+15	1.5823e+15	3.1646e+15	4.7469e+15	6.3292e+15	7.9115e+15	9.4938e+15	1.11046e+16	1.29007e+16	1.68972e+16	5.01129e+16	3.09707e+17	4.54032e+17	2.91911	2.74962	2.74962	2.74962	2.74962	2.74962	2.74962	2.74962	2.74962	2.75209	2.76493	2.81071	4.09209	4.68986	4.68986	
78235.9	6.85616e+17	2.78585e+17	1.2191e+17	7.71333e+16	1.54267e+17	2.314e+17	3.08533e+17	3.85666e+17	4.628e+17	5.3989e+17	6.16702e+17	6.90181e+17	7.15858e+17	3.35208e+17	8.60013e+15	6.23661e+15	5.71446e+15	2.50066e+15	1.58219e+15	3.16438e+15	4.74657e+15	6.32876e+15	7.91095e+15	9.49313e+15	1.11023e+16	1.28877e+16	1.67799e+16	5.03423e+16	3.09707e+17	4.54033e+17	2.92188	2.75107	2.75107	2.75107	2.75107	2.75107	2.75107	2.75107	2.75107	2.7534	2.76555	2.80904	4.07642	4.68986	4.68986	
78487.7	6.85616e+17	2.78586e+17	1.2191e+17	7.71334e+16	1.54267e+17	2.314e+17	3.08534e+17	3.85667e+17	4.62801e+17	5.39894e+17	6.16722e+17	6.9036e+17	7.15507e+17	3.35208e+17	8.60013e+15	6.23627e+15	5.71406e+15	2.50049e+15	1.58208e+15	3.16416e+15	4.74624e+15	6.32832e+15	7.9104e+15	9.49247e+15	1.11001e+16	1.28753e+16	1.66668e+16	5.05606e+16	3.09707e+17	4.54033e+17	2.92464	2.75259	2.75259	2.75259	2.75259	2.75259	2.75259	2.75259	2.75259	2.75478	2.76627	2.80759	4.06067	4.68986	4.68986	
78739.5	6.85617e+17	2.78587e+17	1.2191e+17	7.71336e+16	1.54267e+17	2.31401e+17	3.08534e+17	3.85668e+17	4.62802e+17	5.39897e+17	6.16741e+17	6.90533e+17	7.15173e+17	3.35208e+17	8.60013e+15	6.23593e+15	5.71367e+15	2.50031e+15	1.58197e+15	3.16394e+15	4.74591e+15	6.32788e+15	7.90985e+15	9.49182e+15	1.1098e+16	1.28634e+16	1.65576e+16	5.07681e+16	3.09707e+17	4.54033e+17	2.92741	2.75417	2.75417	2.75417	2.75417	2.75417	2.75417	2.75417	2.75417	2.75624	2.7671	2.80634	4.0448	4.68986	4.68986	
78991.5	6.85617e+17	2.78587e+17	1.21911e+17	7.71338e+16	1.54268e+17	2.31401e+17	3.08535e+17	3.85669e+17	4.62803e+17	5.399e+17	6.16759e+17	6.90699e+17	7.14856e+17	3.35208e+17	8.60013e+15	6.2356e+15	5.71327e+15	2.50014e+15	1.58186e+15	3.16372e+15	4.74558e+15	6.32744e+15	7.9093e+15	9.49116e+15	1.1096e+16	1.2852e+16	1.64523e+16	5.09645e+16	3.09707e+17	4.54033e+17	2.93017	2.75582	2.75582	2.75582	2.75582	2.75582	2.75582	2.75582	2.75582	2.75777	2.76804	2.80527	4.02885	4.68986	4.68986	
79243.3	6.85618e+17	2.78588e+17	1.21911e+17	7.7134e+16	1.54268e+17	2.31402e+17	3.08536e+17	3.8567e+17	4.62804e+17	5.39903e+17	6.16776e+17	6.90858e+17	7.14557e+17	3.35208e+17	8.60013e+15	6.23526e+15	5.71288e+15	2.49997e+15	1.58175e+15	3.1635e+15	4.74526e+15	6.32701e+15	7.90876e+15	9.49051e+15	1.1094e+16	1.28411e+16	1.63509e+16	5.11492e+16	3.09707e+17	4.54033e+17	2.93293	2.75752	2.75752	2.75752	2.75752	2.75752	2.75752	2.75752	2.75752	2.75936	2.76906	2.8044	4.01286	4.68986	4.68986	
79495.1	6.85619e+17	2.78589e+17	1.21911e+17	7.71341e+16	1.54268e+17	2.31402e+17	3.08537e+17	3.85671e+17	4.62805e+17	5.39906e+17	6.16793e+17	6.91012e+17	7.14277e+17	3.35208e+17	8.60013e+15	6.23493e+15	5.71249e+15	2.4998e+15	1.58164e+15	3.16329e+15	4.74493e+15	6.32658e+15	7.90822e+15	9.48987e+15	1.10921e+16	1.28306e+16	1.62533e+16	5.13226e+16	3.09707e+17	4.54033e+17	2.93568	2.75928	2.75928	2.75928	2.75928	2.75928	2.75928	2.75928	2.75928	2.76102	2.77018	2.8037	3.99682	4.68986	4.68986	
79747.1	6.85619e+17	2.78589e+17	1.21911e+17	7.71343e+16	1.54269e+17	2.31403e+17	3.08537e+17	3.85672e+17	4.62806e+17	5.39909e+17	6.16809e+17	6.9116e+17	7.14015e+17	3.35208e+17	8.60013e+15	6.2346e+15	5.7121e+15	2.49963e+15	1.58154e+15	3.16307e+15	4.74461e+15	6.32615e+15	7.90769e+15	9.48922e+15	1.10902e+16	1.28205e+16	1.61594e+16	5.14846e+16	3.09707e+17	4.54033e+17	2.93844	2.7611	2.7611	2.7611	2.7611	2.7611	2.7611	2.7611	2.7611	2.76274	2.77139	2.80317	3.98073	4.68986	4.68986	
79998.8	6.8562e+17	2.7859e+17	1.21912e+17	7.71345e+16	1.54269e+17	2.31403e+17	3.08538e+17	3.85672e+17	4.62807e+17	5.39912e+17	6.16824e+17	6.91301e+17	7.13771e+17	3.35208e+17	8.60013e+15	6.23427e+15	5.71172e+15	2.49946e+15	1.58143e+15	3.16286e+15	4.74429e+15	6.32572e+15	7.90715e+15	9.48858e+15	1.10884e+16	1.28109e+16	1.60692e+16	5.1635e+16	3.09707e+17	4.54033e+17	2.94118	2.76297	2.76297	2.76297	2.76297	2.76297	2.76297	2.76297	2.76297	2.76451	2.77268	2.80281	3.96463	4.68986	4.68986	
80250.7	6.85621e+17	2.7859e+17	1.21912e+17	7.71347e+16	1.54269e+17	2.31404e+17	3.08539e+17	3.85673e+17	4.62808e+17	5.39915e+17	6.16838e+17	6.91438e+17	7.13546e+17	3.35208e+17	8.60014e+15	6.23394e+15	5.71134e+15	2.4993e+15	1.58132e+15	3.16265e+15	4.74397e+15	6.3253e+15	7.90662e+15	9.48795e+15	1.10866e+16	1.28017e+16	1.59825e+16	5.17741e+16	3.09707e+17	4.54033e+17	2.94393	2.76489	2.76489	2.76489	2.76489	2.76489	2.76489	2.76489	2.76489	2.76634	2.77404	2.80259	3.94849	4.68986	4.68986	
80502.7	6.85621e+17	2.78591e+17	1.21912e+17	7.71348e+16	1.5427e+17	2.31404e+17	3.08539e+17	3.85674e+17	4.62809e+17	5.39918e+17	6.16852e+17	6.91569e+17	7.13339e+17	3.35208e+17	8.60014e+15	6.23361e+15	5.71095e+15	2.49913e+15	1.58122e+15	3.16244e+15	4.74366e+15	6.32488e+15	7.90609e+15	9.48731e+15	1.10849e+16	1.27929e+16	1.58991e+16	5.19019e+16	3.09707e+17	4.54033e+17	2.94667	2.76686	2.76686	2.76686	2.76686	2.76686	2.76686	2.76686	2.76686	2.76823	2.77549	2.80253	3.93233	4.68986	4.68986	
80754.4	6.85622e+17	2.78592e+17	1.21912e+17	7.7135e+16	1.5427e+17	2.31405e+17	3.0854e+17	3.85675e+17	4.6281e+17	5.3992e+17	6.16866e+17	6.91695e+17	7.13151e+17	3.35208e+17	8.60014e+15	6.23328e+15	5.71057e+15	2.49896e+15	1.58111e+15	3.16223e+15	4.74334e+15	6.32446e+15	7.90557e+15	9.48668e+15	1.10833e+16	1.27845e+16	1.58192e+16	5.20182e+16	3.09707e+17	4.54033e+17	2.94941	2.76887	2.76887	2.76887	2.76887	2.76887	2.76887	2.76887	2.76887	2.77016	2.77701	2.80261	3.91618	4.68986	4.68986	
81006.8	6.85622e+17	2.78592e+17	1.21913e+17	7.71352e+16	1.5427e+17	2.31406e+17	3.08541e+17	3.85676e+17	4.62811e+17	5.39923e+17	6.16879e+17	6.91816e+17	7.1298e+17	3.35208e+17	8.60014e+15	6.23295e+15	5.7102e+15	2.4988e+15	1.58101e+15	3.16202e+15	4.74303e+15	6.32404e+15	7.90505e+15	9.48605e+15	1.10817e+16	1.27764e+16	1.57423e+16	5.21235e+16	3.09707e+17	4.54033e+17	2.95216	2.77093	2.77093	2.77093	2.77093	2.77093	2.77093	2.77093	2.77093	2.77214	2.7786	2.80282	3.89999	4.68986	4.68986	
81258.5	6.85623e+17	2.78593e+17	1.21913e+17	7.71353e+16	1.54271e+17	2.31406e+17	3.08541e+17	3.85677e+17	4.62812e+17	5.39926e+17	6.16891e+17	6.91932e+17	7.12828e+17	3.35208e+17	8.6001e+15	6.23262e+15	5.70982e+15	2.49863e+15	1.58091e+15	3.16181e+15	4.74272e+15	6.32362e+15	7.90453e+15	9.48543e+15	1.10802e+16	1.27686e+16	1.56687e+16	5.22174e+16	3.09707e+17	4.54031e+17	2.95489	2.77302	2.77302	2.77302	2.77302	2.77302	2.77302	2.77302	2.77302	2.77416	2.78025	2.80317	3.88385	4.68986	4.68986	
81510	6.85624e+17	2.78594e+17	1.21913e+17	7.71355e+16	1.54271e+17	2.31407e+17	3.08542e+17	3.85678e+17	4.62813e+17	5.39928e+17	6.16902e+17	6.92042e+17	7.12694e+17	3.35208e+17	8.6001e+15	6.2323e+15	5.70945e+15	2.49847e+15	1.5808e+15	3.1616e+15	4.7424e+15	6.32321e+15	7.90401e+15	9.48481e+15	1.10787e+16	1.27613e+16	1.55982e+16	5.23001e+16	3.09707e+17	4.54031e+17	2.95762	2.77515	2.77515	2.77515	2.77515	2.77515	2.77515	2.77515	2.77515	2.77623	2.78196	2.80363	3.86773	4.68986	4.68986	
81761.2	6.85624e+17	2.78594e+17	1.21914e+17	7.71357e+16	1.54271e+17	2.31407e+17	3.08543e+17	3.85678e+17	4.62814e+17	5.3993e+17	6.16914e+17	6.92149e+17	7.12578e+17	3.35208e+17	8.6001e+15	6.23197e+15	5.70908e+15	2.49831e+15	1.5807e+15	3.1614e+15	4.7421e+15	6.32279e+15	7.90349e+15	9.48419e+15	1.10772e+16	1.27542e+16	1.55307e+16	5.23717e+16	3.09707e+17	4.54031e+17	2.96034	2.77732	2.77732	2.77732	2.77732	2.77732	2.77732	2.77732	2.77732	2.77833	2.78373	2.80421	3.85165	4.68986	4.68986	
82013.1	6.85625e+17	2.78595e+17	1.21914e+17	7.71358e+16	1.54272e+17	2.31408e+17	3.08543e+17	3.85679e+17	4.62815e+17	5.39933e+17	6.16924e+17	6.9225e+17	7.12479e+17	3.35208e+17	8.6001e+15	6.23165e+15	5.7087e+15	2.49814e+15	1.5806e+15	3.16119e+15	4.74179e+15	6.32238e+15	7.90298e+15	9.48358e+15	1.10758e+16	1.27475e+16	1.54659e+16	5.24325e+16	3.09707e+17	4.54031e+17	2.96306	2.77953	2.77953	2.77953	2.77953	2.77953	2.77953	2.77953	2.77953	2.78048	2.78556	2.80491	3.83556	4.68986	4.68986	
82264.6	6.85625e+17	2.78595e+17	1.21914e+17	7.7136e+16	1.54272e+17	2.31408e+17	3.08544e+17	3.8568e+17	4.62816e+17	5.39935e+17	6.16935e+17	6.92348e+17	7.12398e+17	3.35208e+17	8.6001e+15	6.23132e+15	5.70834e+15	2.49798e+15	1.58049e+15	3.16099e+15	4.74148e+15	6.32198e+15	7.90247e+15	9.48296e+15	1.10744e+16	1.2741e+16	1.54038e+16	5.24824e+16	3.09707e+17	4.54031e+17	2.96578	2.78177	2.78177	2.78177	2.78177	2.78177	2.78177	2.78177	2.78177	2.78266	2.78744	2.80571	3.81953	4.68986	4.68986	
82515.9	6.85626e+17	2.78596e+17	1.21914e+17	7.71362e+16	1.54272e+17	2.31409e+17	3.08545e+17	3.85681e+17	4.62817e+17	5.39937e+17	6.16944e+17	6.92441e+17	7.12334e+17	3.35208e+17	8.6001e+15	6.231e+15	5.70797e+15	2.49782e+15	1.58039e+15	3.16078e+15	4.74118e+15	6.32157e+15	7.90196e+15	9.48235e+15	1.10731e+16	1.27348e+16	1.53445e+16	5.25216e+16	3.09707e+17	4.54031e+17	2.9685	2.78403	2.78403	2.78403	2.78403	2.78403	2.78403	2.78403	2.78403	2.78487	2.78937	2.80661	3.80356	4.68986	4.68986	
82767.7	6.85627e+17	2.78597e+17	1.21915e+17	7.71363e+16	1.54273e+17	2.31409e+17	3.08545e+17	3.85682e+17	4.62818e+17	5.39939e+17	6.16954e+17	6.92531e+17	7.12287e+17	3.35208e+17	8.6001e+15	6.23068e+15	5.7076e+15	2.49766e+15	1.58029e+15	3.16058e+15	4.74087e+15	6.32116e+15	7.90146e+15	9.48175e+15	1.10718e+16	1.27289e+16	1.52877e+16	5.25502e+16	3.09707e+17	4.54031e+17	2.97121	2.78633	2.78633	2.78633	2.78633	2.78633	2.78633	2.78633	2.78633	2.78712	2.79136	2.80761	3.7876	4.68986	4.68986	
83019.3	6.85627e+17	2.78597e+17	1.21915e+17	7.71365e+16	1.54273e+17	2.3141e+17	3.08546e+17	3.85683e+17	4.62819e+17	5.39941e+17	6.16963e+17	6.92616e+17	7.12257e+17	3.35208e+17	8.6001e+15	6.23036e+15	5.70724e+15	2.4975e+15	1.58019e+15	3.16038e+15	4.74057e+15	6.32076e+15	7.90095e+15	9.48114e+15	1.10705e+16	1.27233e+16	1.52333e+16	5.25684e+16	3.09707e+17	4.54031e+17	2.97392	2.78866	2.78866	2.78866	2.78866	2.78866	2.78866	2.78866	2.78866	2.7894	2.79339	2.8087	3.77171	4.68986	4.68986	
83270.6	6.85628e+17	2.78598e+17	1.21915e+17	7.71367e+16	1.54273e+17	2.3141e+17	3.08547e+17	3.85683e+17	4.6282e+17	5.39943e+17	6.16971e+17	6.92698e+17	7.12243e+17	3.35208e+17	8.6001e+15	6.23004e+15	5.70688e+15	2.49734e+15	1.58009e+15	3.16018e+15	4.74027e+15	6.32036e+15	7.90045e+15	9.48054e+15	1.10693e+16	1.27179e+16	1.51814e+16	5.25762e+16	3.09707e+17	4.54031e+17	2.97662	2.79101	2.79101	2.79101	2.79101	2.79101	2.79101	2.79101	2.79101	2.79171	2.79545	2.80988	3.7559	4.68986	4.68986	
83522.4	6.85628e+17	2.78598e+17	1.21915e+17	7.71368e+16	1.54274e+17	2.3141e+17	3.08547e+17	3.85684e+17	4.62821e+17	5.39945e+17	6.1698e+17	6.92776e+17	7.12246e+17	3.35208e+17	8.6001e+15	6.22972e+15	5.70652e+15	2.49719e+15	1.57999e+15	3.15998e+15	4.73997e+15	6.31996e+15	7.89995e+15	9.47994e+15	1.10681e+16	1.27127e+16	1.51317e+16	5.25739e+16	3.09707e+17	4.54031e+17	2.97933	2.7934	2.7934	2.7934	2.7934	2.7934	2.7934	2.7934	2.7934	2.79405	2.79757	2.81114	3.74013	4.68986	4.68986	
83774	6.85629e+17	2.78599e+17	1.21916e+17	7.7137e+16	1.54274e+17	2.31411e+17	3.08548e+17	3.85685e+17	4.62822e+17	5.39947e+17	6.16987e+17	6.9285e+17	7.12266e+17	3.35208e+17	8.6001e+15	6.2294e+15	5.70616e+15	2.49703e+15	1.57989e+15	3.15978e+15	4.73967e+15	6.31956e+15	7.89945e+15	9.47934e+15	1.10669e+16	1.27078e+16	1.50842e+16	5.25615e+16	3.09707e+17	4.54031e+17	2.98203	2.7958	2.7958	2.7958	2.7958	2.7958	2.7958	2.7958	2.7958	2.79641	2.79972	2.81248	3.72445	4.68986	4.68986	
84025.3	6.8563e+17	2.78599e+17	1.21916e+17	7.71372e+16	1.54274e+17	2.31411e+17	3.08549e+17	3.85686e+17	4.62823e+17	5.39949e+17	6.16995e+17	6.92922e+17	7.12301e+17	3.35208e+17	8.6001e+15	6.22908e+15	5.7058e+15	2.49687e+15	1.57979e+15	3.15958e+15	4.73938e+15	6.31917e+15	7.89896e+15	9.47875e+15	1.10657e+16	1.27031e+16	1.50389e+16	5.25393e+16	3.09707e+17	4.54031e+17	2.98473	2.79822	2.79822	2.79822	2.79822	2.79822	2.79822	2.79822	2.79822	2.7988	2.80191	2.8139	3.70887	4.68986	4.68986	
84277.2	6.8563e+17	2.786e+17	1.21916e+17	7.71373e+16	1.54275e+17	2.31412e+17	3.08549e+17	3.85687e+17	4.62824e+17	5.3995e+17	6.17002e+17	6.9299e+17	7.12351e+17	3.35208e+17	8.6001e+15	6.22876e+15	5.70544e+15	2.49672e+15	1.57969e+15	3.15939e+15	4.73908e+15	6.31877e+15	7.89846e+15	9.47816e+15	1.10646e+16	1.26986e+16	1.49956e+16	5.25073e+16	3.09707e+17	4.54031e+17	2.98742	2.80068	2.80068	2.80068	2.80068	2.80068	2.80068	2.80068	2.80068	2.80121	2.80414	2.81538	3.69334	4.68986	4.68986	
84528.8	6.85631e+17	2.78601e+17	1.21916e+17	7.71375e+16	1.54275e+17	2.31412e+17	3.0855e+17	3.85687e+17	4.62825e+17	5.39952e+17	6.17009e+17	6.93054e+17	7.12418e+17	3.35208e+17	8.6001e+15	6.22845e+15	5.70509e+15	2.49656e+15	1.57959e+15	3.15919e+15	4.73878e+15	6.31838e+15	7.89797e+15	9.47757e+15	1.10635e+16	1.26943e+16	1.49542e+16	5.24658e+16	3.09707e+17	4.54031e+17	2.99011	2.80315	2.80315	2.80315	2.80315	2.80315	2.80315	2.80315	2.80315	2.80365	2.80639	2.81694	3.67792	4.68986	4.68986	
84780.2	6.85631e+17	2.78601e+17	1.21917e+17	7.71376e+16	1.54275e+17	2.31413e+17	3.08551e+17	3.85688e+17	4.62826e+17	5.39954e+17	6.17015e+17	6.93116e+17	7.12499e+17	3.35208e+17	8.6001e+15	6.22813e+15	5.70473e+15	2.49641e+15	1.5795e+15	3.15899e+15	4.73849e+15	6.31799e+15	7.89748e+15	9.47698e+15	1.10625e+16	1.26902e+16	1.49149e+16	5.2415e+16	3.09707e+17	4.54031e+17	2.9928	2.80563	2.80563	2.80563	2.80563	2.80563	2.80563	2.80563	2.80563	2.8061	2.80868	2.81856	3.66262	4.68986	4.68986	
85032.1	6.85632e+17	2.78602e+17	1.21917e+17	7.71378e+16	1.54276e+17	2.31413e+17	3.08551e+17	3.85689e+17	4.62827e+17	5.39956e+17	6.17022e+17	6.93175e+17	7.12595e+17	3.35208e+17	8.6001e+15	6.22782e+15	5.70438e+15	2.49625e+15	1.5794e+15	3.1588e+15	4.7382e+15	6.3176e+15	7.897e+15	9.4764e+15	1.10614e+16	1.26863e+16	1.48772e+16	5.23549e+16	3.09707e+17	4.54031e+17	2.99549	2.80814	2.80814	2.80814	2.80814	2.80814	2.80814	2.80814	2.80814	2.80858	2.811	2.82024	3.64739	4.68986	4.68986	
85283.7	6.85633e+17	2.78602e+17	1.21917e+17	7.71379e+16	1.54276e+17	2.31414e+17	3.08552e+17	3.8569e+17	4.62828e+17	5.39957e+17	6.17028e+17	6.93232e+17	7.12705e+17	3.35208e+17	8.6001e+15	6.2275e+15	5.70403e+15	2.4961e+15	1.5793e+15	3.1586e+15	4.73791e+15	6.31721e+15	7.89651e+15	9.47581e+15	1.10604e+16	1.26825e+16	1.48413e+16	5.22858e+16	3.09707e+17	4.54031e+17	2.99817	2.81067	2.81067	2.81067	2.81067	2.81067	2.81067	2.81067	2.81067	2.81108	2.81335	2.82198	3.63229	4.68986	4.68986	
85535.1	6.85633e+17	2.78603e+17	1.21917e+17	7.71381e+16	1.54276e+17	2.31414e+17	3.08552e+17	3.85691e+17	4.62829e+17	5.39959e+17	6.17033e+17	6.93285e+17	7.1283e+17	3.35208e+17	8.6001e+15	6.22719e+15	5.70368e+15	2.49595e+15	1.57921e+15	3.15841e+15	4.73762e+15	6.31682e+15	7.89603e+15	9.47523e+15	1.10594e+16	1.26789e+16	1.48072e+16	5.2208e+16	3.09707e+17	4.54031e+17	3.00084	2.8132	2.8132	2.8132	2.8132	2.8132	2.8132	2.8132	2.8132	2.81359	2.81572	2.82377	3.61731	4.68986	4.68986	
85787	6.85634e+17	2.78603e+17	1.21918e+17	7.71383e+16	1.54277e+17	2.31415e+17	3.08553e+17	3.85691e+17	4.6283e+17	5.3996e+17	6.17039e+17	6.93336e+17	7.12969e+17	3.35208e+17	8.6001e+15	6.22688e+15	5.70333e+15	2.49579e+15	1.57911e+15	3.15822e+15	4.73733e+15	6.31644e+15	7.89554e+15	9.47465e+15	1.10584e+16	1.26755e+16	1.47746e+16	5.21215e+16	3.09707e+17	4.54031e+17	3.00352	2.81576	2.81576	2.81576	2.81576	2.81576	2.81576	2.81576	2.81576	2.81613	2.81812	2.82561	3.60243	4.68986	4.68986	
86038.7	6.85634e+17	2.78604e+17	1.21918e+17	7.71384e+16	1.54277e+17	2.31415e+17	3.08554e+17	3.85692e+17	4.62831e+17	5.39962e+17	6.17044e+17	6.93385e+17	7.13121e+17	3.35208e+17	8.6001e+15	6.22657e+15	5.70299e+15	2.49564e+15	1.57901e+15	3.15803e+15	4.73704e+15	6.31605e+15	7.89506e+15	9.47408e+15	1.10575e+16	1.26722e+16	1.47436e+16	5.20266e+16	3.09707e+17	4.54031e+17	3.00619	2.81834	2.81834	2.81834	2.81834	2.81834	2.81834	2.81834	2.81834	2.81867	2.82055	2.82751	3.58769	4.68986	4.68986	
86290.1	6.85635e+17	2.78605e+17	1.21918e+17	7.71386e+16	1.54277e+17	2.31416e+17	3.08554e+17	3.85693e+17	4.62831e+17	5.39964e+17	6.17049e+17	6.93431e+17	7.13286e+17	3.35208e+17	8.6001e+15	6.22626e+15	5.70264e+15	2.49549e+15	1.57892e+15	3.15783e+15	4.73675e+15	6.31567e+15	7.89459e+15	9.4735e+15	1.10565e+16	1.2669e+16	1.4714e+16	5.19236e+16	3.09707e+17	4.54031e+17	3.00886	2.82092	2.82092	2.82092	2.82092	2.82092	2.82092	2.82092	2.82092	2.82124	2.82299	2.82945	3.57309	4.68986	4.68986	
86542.1	6.85635e+17	2.78605e+17	1.21918e+17	7.71387e+16	1.54277e+17	2.31416e+17	3.08555e+17	3.85694e+17	4.62832e+17	5.39965e+17	6.17054e+17	6.93475e+17	7.13465e+17	3.35208e+17	8.6001e+15	6.22595e+15	5.7023e+15	2.49534e+15	1.57882e+15	3.15764e+15	4.73647e+15	6.31529e+15	7.89411e+15	9.47293e+15	1.10556e+16	1.2666e+16	1.46859e+16	5.18124e+16	3.09707e+17	4.54031e+17	3.01152	2.82352	2.82352	2.82352	2.82352	2.82352	2.82352	2.82352	2.82352	2.82381	2.82546	2.83143	3.5586	4.68986	4.68986	
86793.7	6.85636e+17	2.78606e+17	1.21919e+17	7.71389e+16	1.54278e+17	2.31417e+17	3.08556e+17	3.85694e+17	4.62833e+17	5.39966e+17	6.17058e+17	6.93517e+17	7.13655e+17	3.35208e+17	8.6001e+15	6.22564e+15	5.70195e+15	2.49519e+15	1.57873e+15	3.15745e+15	4.73618e+15	6.31491e+15	7.89363e+15	9.47236e+15	1.10547e+16	1.26631e+16	1.46591e+16	5.16935e+16	3.09707e+17	4.54031e+17	3.01419	2.82613	2.82613	2.82613	2.82613	2.82613	2.82613	2.82613	2.82613	2.82641	2.82795	2.83346	3.54426	4.68986	4.68986	
87045.2	6.85637e+17	2.78606e+17	1.21919e+17	7.7139e+16	1.54278e+17	2.31417e+17	3.08556e+17	3.85695e+17	4.62834e+17	5.39968e+17	6.17063e+17	6.93557e+17	7.13858e+17	3.35208e+17	8.6001e+15	6.22533e+15	5.70161e+15	2.49504e+15	1.57863e+15	3.15726e+15	4.7359e+15	6.31453e+15	7.89316e+15	9.47179e+15	1.10538e+16	1.26604e+16	1.46336e+16	5.15672e+16	3.09707e+17	4.54031e+17	3.01684	2.82874	2.82874	2.82874	2.82874	2.82874	2.82874	2.82874	2.82874	2.82901	2.83045	2.83552	3.53008	4.68986	4.68986	
87297.2	6.85637e+17	2.78607e+17	1.21919e+17	7.71392e+16	1.54278e+17	2.31418e+17	3.08557e+17	3.85696e+17	4.62835e+17	5.39969e+17	6.17067e+17	6.93595e+17	7.14073e+17	3.35208e+17	8.6001e+15	6.22502e+15	5.70127e+15	2.49489e+15	1.57854e+15	3.15708e+15	4.73561e+15	6.31415e+15	7.89269e+15	9.47123e+15	1.10529e+16	1.26577e+16	1.46093e+16	5.14332e+16	3.09707e+17	4.54031e+17	3.0195	2.83138	2.83138	2.83138	2.83138	2.83138	2.83138	2.83138	2.83138	2.83162	2.83297	2.83763	3.51602	4.68986	4.68986	
87548.9	6.85638e+17	2.78607e+17	1.21919e+17	7.71393e+16	1.54279e+17	2.31418e+17	3.08557e+17	3.85697e+17	4.62836e+17	5.39971e+17	6.17071e+17	6.93631e+17	7.14299e+17	3.35208e+17	8.6001e+15	6.22471e+15	5.70093e+15	2.49474e+15	1.57844e+15	3.15689e+15	4.73533e+15	6.31378e+15	7.89222e+15	9.47066e+15	1.10521e+16	1.26552e+16	1.45863e+16	5.12923e+16	3.09707e+17	4.54031e+17	3.02215	2.83402	2.83402	2.83402	2.83402	2.83402	2.83402	2.83402	2.83402	2.83425	2.83551	2.83977	3.50212	4.68986	4.68986	
87800.4	6.85638e+17	2.78608e+17	1.2192e+17	7.71395e+16	1.54279e+17	2.31418e+17	3.08558e+17	3.85697e+17	4.62837e+17	5.39972e+17	6.17075e+17	6.93666e+17	7.14537e+17	3.35208e+17	8.6001e+15	6.22441e+15	5.70059e+15	2.49459e+15	1.57835e+15	3.1567e+15	4.73505e+15	6.3134e+15	7.89175e+15	9.4701e+15	1.10512e+16	1.26527e+16	1.45644e+16	5.11445e+16	3.09707e+17	4.54031e+17	3.02479	2.83667	2.83667	2.83667	2.83667	2.83667	2.83667	2.83667	2.83667	2.83688	2.83806	2.84194	3.4884	4.68986	4.68986	
88052.4	6.85639e+17	2.78608e+17	1.2192e+17	7.71397e+16	1.54279e+17	2.31419e+17	3.08559e+17	3.85698e+17	4.62838e+17	5.39973e+17	6.17079e+17	6.93698e+17	7.14785e+17	3.35208e+17	8.6001e+15	6.2241e+15	5.70026e+15	2.49445e+15	1.57826e+15	3.15651e+15	4.73477e+15	6.31303e+15	7.89129e+15	9.46954e+15	1.10504e+16	1.26504e+16	1.45435e+16	5.09898e+16	3.09707e+17	4.54031e+17	3.02744	2.83933	2.83933	2.83933	2.83933	2.83933	2.83933	2.83933	2.83933	2.83953	2.84064	2.84414	3.4748	4.68986	4.68986	
88304.2	6.85639e+17	2.78609e+17	1.2192e+17	7.71398e+16	1.5428e+17	2.31419e+17	3.08559e+17	3.85699e+17	4.62839e+17	5.39975e+17	6.17082e+17	6.93729e+17	7.15044e+17	3.35208e+17	8.6001e+15	6.2238e+15	5.69992e+15	2.4943e+15	1.57816e+15	3.15633e+15	4.73449e+15	6.31266e+15	7.89082e+15	9.46898e+15	1.10496e+16	1.26482e+16	1.45237e+16	5.08287e+16	3.09707e+17	4.54031e+17	3.03008	2.842	2.842	2.842	2.842	2.842	2.842	2.842	2.842	2.84218	2.84322	2.84637	3.46138	4.68986	4.68986	
88555.7	6.8564e+17	2.7861e+17	1.2192e+17	7.714e+16	1.5428e+17	2.3142e+17	3.0856e+17	3.857e+17	4.6284e+17	5.39976e+17	6.17086e+17	6.93759e+17	7.15312e+17	3.35208e+17	8.6001e+15	6.22349e+15	5.69959e+15	2.49415e+15	1.57807e+15	3.15614e+15	4.73421e+15	6.31229e+15	7.89036e+15	9.46843e+15	1.10488e+16	1.2646e+16	1.45049e+16	5.06616e+16	3.09707e+17	4.54031e+17	3.03272	2.84467	2.84467	2.84467	2.84467	2.84467	2.84467	2.84467	2.84467	2.84484	2.84581	2.84863	3.44813	4.68986	4.68986	
88807.7	6.85641e+17	2.7861e+17	1.21921e+17	7.71401e+16	1.5428e+17	2.3142e+17	3.0856e+17	3.85701e+17	4.62841e+17	5.39977e+17	6.17089e+17	6.93787e+17	7.15591e+17	3.35208e+17	8.6001e+15	6.22319e+15	5.69925e+15	2.49401e+15	1.57798e+15	3.15596e+15	4.73394e+15	6.31192e+15	7.8899e+15	9.46787e+15	1.1048e+16	1.26439e+16	1.4487e+16	5.04881e+16	3.09707e+17	4.54031e+17	3.03535	2.84736	2.84736	2.84736	2.84736	2.84736	2.84736	2.84736	2.84736	2.84752	2.84842	2.85092	3.43503	4.68986	4.68986	
89059.5	6.85641e+17	2.78611e+17	1.21921e+17	7.71403e+16	1.54281e+17	2.31421e+17	3.08561e+17	3.85701e+17	4.62842e+17	5.39979e+17	6.17092e+17	6.93813e+17	7.15878e+17	3.35208e+17	8.6001e+15	6.22289e+15	5.69892e+15	2.49386e+15	1.57789e+15	3.15577e+15	4.73366e+15	6.31155e+15	7.88944e+15	9.46732e+15	1.10472e+16	1.2642e+16	1.447e+16	5.03089e+16	3.09707e+17	4.54031e+17	3.03798	2.85004	2.85004	2.85004	2.85004	2.85004	2.85004	2.85004	2.85004	2.8502	2.85104	2.85322	3.42211	4.68986	4.68986	
89311.1	6.85642e+17	2.78611e+17	1.21921e+17	7.71404e+16	1.54281e+17	2.31421e+17	3.08562e+17	3.85702e+17	4.62842e+17	5.3998e+17	6.17095e+17	6.93838e+17	7.16174e+17	3.35208e+17	8.6001e+15	6.22258e+15	5.69859e+15	2.49372e+15	1.5778e+15	3.15559e+15	4.73339e+15	6.31118e+15	7.88898e+15	9.46677e+15	1.10465e+16	1.264e+16	1.44539e+16	5.01244e+16	3.09707e+17	4.54031e+17	3.0406	2.85274	2.85274	2.85274	2.85274	2.85274	2.85274	2.85274	2.85274	2.85288	2.85367	2.85555	3.40938	4.68986	4.68986	
89563.2	6.85642e+17	2.78612e+17	1.21921e+17	7.71406e+16	1.54281e+17	2.31422e+17	3.08562e+17	3.85703e+17	4.62843e+17	5.39981e+17	6.17098e+17	6.93862e+17	7.1648e+17	3.35208e+17	8.6001e+15	6.22228e+15	5.69826e+15	2.49357e+15	1.5777e+15	3.15541e+15	4.73311e+15	6.31082e+15	7.88852e+15	9.46622e+15	1.10457e+16	1.26382e+16	1.44386e+16	4.99341e+16	3.09707e+17	4.54031e+17	3.04323	2.85544	2.85544	2.85544	2.85544	2.85544	2.85544	2.85544	2.85544	2.85557	2.85631	2.85791	3.39679	4.68986	4.68986	
89815	6.85643e+17	2.78612e+17	1.21921e+17	7.71407e+16	1.54281e+17	2.31422e+17	3.08563e+17	3.85704e+17	4.62844e+17	5.39982e+17	6.17101e+17	6.93885e+17	7.16793e+17	3.35208e+17	8.6001e+15	6.22198e+15	5.69793e+15	2.49343e+15	1.57761e+15	3.15523e+15	4.73284e+15	6.31045e+15	7.88806e+15	9.46568e+15	1.10449e+16	1.26364e+16	1.4424e+16	4.97389e+16	3.09707e+17	4.54031e+17	3.04584	2.85814	2.85814	2.85814	2.85814	2.85814	2.85814	2.85814	2.85814	2.85827	2.85896	2.86028	3.38439	4.68986	4.68986	
90066.6	6.85643e+17	2.78613e+17	1.21922e+17	7.71408e+16	1.54282e+17	2.31423e+17	3.08563e+17	3.85704e+17	4.62845e+17	5.39984e+17	6.17104e+17	6.93906e+17	7.17114e+17	3.35208e+17	8.6001e+15	6.22168e+15	5.6976e+15	2.49329e+15	1.57752e+15	3.15504e+15	4.73257e+15	6.31009e+15	7.88761e+15	9.46513e+15	1.10442e+16	1.26347e+16	1.44102e+16	4.9539e+16	3.09707e+17	4.54031e+17	3.04845	2.86085	2.86085	2.86085	2.86085	2.86085	2.86085	2.86085	2.86085	2.86097	2.86161	2.86268	3.37219	4.68986	4.68986	
90318.7	6.85644e+17	2.78613e+17	1.21922e+17	7.7141e+16	1.54282e+17	2.31423e+17	3.08564e+17	3.85705e+17	4.62846e+17	5.39985e+17	6.17106e+17	6.93926e+17	7.17443e+17	3.35208e+17	8.6001e+15	6.22138e+15	5.69727e+15	2.49314e+15	1.57743e+15	3.15486e+15	4.73229e+15	6.30972e+15	7.88716e+15	9.46459e+15	1.10435e+16	1.26331e+16	1.43971e+16	4.9334e+16	3.09707e+17	4.54031e+17	3.05106	2.86357	2.86357	2.86357	2.86357	2.86357	2.86357	2.86357	2.86357	2.86368	2.86428	2.86509	3.36014	4.68986	4.68986	
90570.6	6.85644e+17	2.78614e+17	1.21922e+17	7.71411e+16	1.54282e+17	2.31423e+17	3.08565e+17	3.85706e+17	4.62847e+17	5.39986e+17	6.17109e+17	6.93946e+17	7.17779e+17	3.35208e+17	8.6001e+15	6.22108e+15	5.69695e+15	2.493e+15	1.57734e+15	3.15468e+15	4.73202e+15	6.30936e+15	7.8867e+15	9.46405e+15	1.10427e+16	1.26315e+16	1.43847e+16	4.91247e+16	3.09707e+17	4.54031e+17	3.05367	2.86629	2.86629	2.86629	2.86629	2.86629	2.86629	2.86629	2.86629	2.86639	2.86695	2.86752	3.34828	4.68986	4.68986	
90822.2	6.85645e+17	2.78614e+17	1.21922e+17	7.71413e+16	1.54283e+17	2.31424e+17	3.08565e+17	3.85706e+17	4.62848e+17	5.39987e+17	6.17111e+17	6.93964e+17	7.18122e+17	3.35208e+17	8.6001e+15	6.22079e+15	5.69662e+15	2.49286e+15	1.57725e+15	3.1545e+15	4.73175e+15	6.309e+15	7.88626e+15	9.46351e+15	1.1042e+16	1.26299e+16	1.43729e+16	4.89114e+16	3.09707e+17	4.54031e+17	3.05626	2.86901	2.86901	2.86901	2.86901	2.86901	2.86901	2.86901	2.86901	2.8691	2.86962	2.86996	3.33663	4.68986	4.68986	
91074.3	6.85646e+17	2.78615e+17	1.21923e+17	7.71414e+16	1.54283e+17	2.31424e+17	3.08566e+17	3.85707e+17	4.62849e+17	5.39988e+17	6.17114e+17	6.93981e+17	7.18471e+17	3.35208e+17	8.6001e+15	6.22049e+15	5.6963e+15	2.49272e+15	1.57716e+15	3.15432e+15	4.73148e+15	6.30864e+15	7.88581e+15	9.46297e+15	1.10413e+16	1.26285e+16	1.43617e+16	4.86937e+16	3.09707e+17	4.54031e+17	3.05886	2.87174	2.87174	2.87174	2.87174	2.87174	2.87174	2.87174	2.87174	2.87182	2.87231	2.87242	3.32513	4.68986	4.68986	
91326.2	6.85646e+17	2.78615e+17	1.21923e+17	7.71416e+16	1.54283e+17	2.31425e+17	3.08566e+17	3.85708e+17	4.62849e+17	5.39989e+17	6.17116e+17	6.93998e+17	7.18826e+17	3.35208e+17	8.6001e+15	6.22019e+15	5.69598e+15	2.49257e+15	1.57707e+15	3.15414e+15	4.73122e+15	6.30829e+15	7.88536e+15	9.46243e+15	1.10406e+16	1.2627e+16	1.43511e+16	4.84723e+16	3.09707e+17	4.54031e+17	3.06145	2.87446	2.87446	2.87446	2.87446	2.87446	2.87446	2.87446	2.87446	2.87454	2.875	2.87489	3.31383	4.68986	4.68986	
91577.9	6.85647e+17	2.78616e+17	1.21923e+17	7.71417e+16	1.54283e+17	2.31425e+17	3.08567e+17	3.85709e+17	4.6285e+17	5.3999e+17	6.17118e+17	6.94013e+17	7.19187e+17	3.35208e+17	8.6001e+15	6.2199e+15	5.69565e+15	2.49243e+15	1.57698e+15	3.15397e+15	4.73095e+15	6.30793e+15	7.88491e+15	9.4619e+15	1.10399e+16	1.26256e+16	1.43411e+16	4.82476e+16	3.09707e+17	4.54031e+17	3.06403	2.87719	2.87719	2.87719	2.87719	2.87719	2.87719	2.87719	2.87719	2.87727	2.87769	2.87737	3.30272	4.68986	4.68986	
91830.1	6.85647e+17	2.78617e+17	1.21923e+17	7.71419e+16	1.54284e+17	2.31426e+17	3.08567e+17	3.85709e+17	4.62851e+17	5.39992e+17	6.17121e+17	6.94028e+17	7.19554e+17	3.35208e+17	8.6001e+15	6.2196e+15	5.69533e+15	2.49229e+15	1.57689e+15	3.15379e+15	4.73068e+15	6.30757e+15	7.88447e+15	9.46136e+15	1.10392e+16	1.26243e+16	1.43315e+16	4.80191e+16	3.09707e+17	4.54031e+17	3.06662	2.87993	2.87993	2.87993	2.87993	2.87993	2.87993	2.87993	2.87993	2.88	2.8804	2.87986	3.29179	4.68986	4.68986	
92082	6.85648e+17	2.78617e+17	1.21924e+17	7.7142e+16	1.54284e+17	2.31426e+17	3.08568e+17	3.8571e+17	4.62852e+17	5.39993e+17	6.17123e+17	6.94042e+17	7.19925e+17	3.35208e+17	8.6001e+15	6.21931e+15	5.69501e+15	2.49215e+15	1.57681e+15	3.15361e+15	4.73042e+15	6.30722e+15	7.88403e+15	9.46083e+15	1.10385e+16	1.2623e+16	1.43225e+16	4.77876e+16	3.09707e+17	4.54031e+17	3.06919	2.88266	2.88266	2.88266	2.88266	2.88266	2.88266	2.88266	2.88266	2.88273	2.8831	2.88237	3.28105	4.68986	4.68986	
92333.7	6.85648e+17	2.78618e+17	1.21924e+17	7.71422e+16	1.54284e+17	2.31426e+17	3.08569e+17	3.85711e+17	4.62853e+17	5.39994e+17	6.17125e+17	6.94055e+17	7.20301e+17	3.35208e+17	8.6001e+15	6.21902e+15	5.69469e+15	2.49201e+15	1.57672e+15	3.15343e+15	4.73015e+15	6.30687e+15	7.88358e+15	9.4603e+15	1.10379e+16	1.26217e+16	1.43139e+16	4.75534e+16	3.09707e+17	4.54031e+17	3.07176	2.8854	2.8854	2.8854	2.8854	2.8854	2.8854	2.8854	2.8854	2.88546	2.8858	2.88488	3.27051	4.68986	4.68986	
92585.9	6.85649e+17	2.78618e+17	1.21924e+17	7.71423e+16	1.54285e+17	2.31427e+17	3.08569e+17	3.85712e+17	4.62854e+17	5.39995e+17	6.17127e+17	6.94068e+17	7.20682e+17	3.35208e+17	8.6001e+15	6.21872e+15	5.69438e+15	2.49187e+15	1.57663e+15	3.15326e+15	4.72989e+15	6.30651e+15	7.88314e+15	9.45977e+15	1.10372e+16	1.26205e+16	1.43058e+16	4.73159e+16	3.09707e+17	4.54031e+17	3.07432	2.88814	2.88814	2.88814	2.88814	2.88814	2.88814	2.88814	2.88814	2.8882	2.88852	2.88741	3.26014	4.68986	4.68986	
92837.9	6.85649e+17	2.78619e+17	1.21924e+17	7.71424e+16	1.54285e+17	2.31427e+17	3.0857e+17	3.85712e+17	4.62855e+17	5.39996e+17	6.17129e+17	6.9408e+17	7.21066e+17	3.35208e+17	8.6001e+15	6.21843e+15	5.69406e+15	2.49173e+15	1.57654e+15	3.15308e+15	4.72962e+15	6.30616e+15	7.8827e+15	9.45924e+15	1.10365e+16	1.26193e+16	1.4298e+16	4.70761e+16	3.09707e+17	4.54031e+17	3.07688	2.89088	2.89088	2.89088	2.89088	2.89088	2.89088	2.89088	2.89088	2.89093	2.89123	2.88994	3.24997	4.68986	4.68986	
93089.6	6.8565e+17	2.78619e+17	1.21924e+17	7.71426e+16	1.54285e+17	2.31428e+17	3.0857e+17	3.85713e+17	4.62856e+17	5.39997e+17	6.1713e+17	6.94091e+17	7.21454e+17	3.35208e+17	8.6001e+15	6.21814e+15	5.69374e+15	2.4916e+15	1.57645e+15	3.15291e+15	4.72936e+15	6.30581e+15	7.88227e+15	9.45872e+15	1.10359e+16	1.26181e+16	1.42907e+16	4.68342e+16	3.09707e+17	4.54031e+17	3.07943	2.89362	2.89362	2.89362	2.89362	2.89362	2.89362	2.89362	2.89362	2.89367	2.89394	2.89248	3.24	4.68986	4.68986	
93341.9	6.8565e+17	2.7862e+17	1.21925e+17	7.71427e+16	1.54285e+17	2.31428e+17	3.08571e+17	3.85714e+17	4.62856e+17	5.39998e+17	6.17132e+17	6.94102e+17	7.21846e+17	3.35208e+17	8.6001e+15	6.21785e+15	5.69343e+15	2.49146e+15	1.57637e+15	3.15273e+15	4.7291e+15	6.30546e+15	7.88183e+15	9.4582e+15	1.10352e+16	1.2617e+16	1.42838e+16	4.65896e+16	3.09707e+17	4.54031e+17	3.08199	2.89636	2.89636	2.89636	2.89636	2.89636	2.89636	2.89636	2.89636	2.89641	2.89667	2.89503	3.2302	4.68986	4.68986	
93593.9	6.85651e+17	2.7862e+17	1.21925e+17	7.71429e+16	1.54286e+17	2.31429e+17	3.08571e+17	3.85714e+17	4.62857e+17	5.39999e+17	6.17134e+17	6.94112e+17	7.22241e+17	3.35208e+17	8.6001e+15	6.21756e+15	5.69311e+15	2.49132e+15	1.57628e+15	3.15256e+15	4.72884e+15	6.30512e+15	7.88139e+15	9.45767e+15	1.10345e+16	1.26159e+16	1.42773e+16	4.63433e+16	3.09707e+17	4.54031e+17	3.08453	2.8991	2.8991	2.8991	2.8991	2.8991	2.8991	2.8991	2.8991	2.89915	2.89939	2.89758	3.2206	4.68986	4.68986	
93845.7	6.85652e+17	2.78621e+17	1.21925e+17	7.7143e+16	1.54286e+17	2.31429e+17	3.08572e+17	3.85715e+17	4.62858e+17	5.4e+17	6.17136e+17	6.94121e+17	7.22639e+17	3.35208e+17	8.6001e+15	6.21727e+15	5.6928e+15	2.49118e+15	1.57619e+15	3.15238e+15	4.72858e+15	6.30477e+15	7.88096e+15	9.45715e+15	1.10339e+16	1.26148e+16	1.4271e+16	4.60954e+16	3.09707e+17	4.54031e+17	3.08706	2.90184	2.90184	2.90184	2.90184	2.90184	2.90184	2.90184	2.90184	2.90188	2.90211	2.90014	3.2112	4.68986	4.68986	
94098	6.85652e+17	2.78621e+17	1.21925e+17	7.71432e+16	1.54286e+17	2.31429e+17	3.08573e+17	3.85716e+17	4.62859e+17	5.40001e+17	6.17137e+17	6.9413e+17	7.23039e+17	3.35208e+17	8.6001e+15	6.21698e+15	5.69249e+15	2.49105e+15	1.57611e+15	3.15221e+15	4.72832e+15	6.30442e+15	7.88053e+15	9.45663e+15	1.10333e+16	1.26138e+16	1.42652e+16	4.58455e+16	3.09707e+17	4.54031e+17	3.0896	2.90459	2.90459	2.90459	2.90459	2.90459	2.90459	2.90459	2.90459	2.90463	2.90484	2.90271	3.20196	4.68986	4.68986	
94350	6.85653e+17	2.78622e+17	1.21926e+17	7.71433e+16	1.54287e+17	2.3143e+17	3.08573e+17	3.85716e+17	4.6286e+17	5.40002e+17	6.17139e+17	6.94139e+17	7.23442e+17	3.35208e+17	8.6001e+15	6.2167e+15	5.69217e+15	2.49091e+15	1.57602e+15	3.15204e+15	4.72806e+15	6.30408e+15	7.8801e+15	9.45612e+15	1.10326e+16	1.26128e+16	1.42596e+16	4.55944e+16	3.09707e+17	4.54031e+17	3.09212	2.90733	2.90733	2.90733	2.90733	2.90733	2.90733	2.90733	2.90733	2.90737	2.90756	2.90528	3.19293	4.68986	4.68986	
94601.8	6.85653e+17	2.78622e+17	1.21926e+17	7.71434e+16	1.54287e+17	2.3143e+17	3.08574e+17	3.85717e+17	4.62861e+17	5.40003e+17	6.17141e+17	6.94147e+17	7.23846e+17	3.35208e+17	8.6001e+15	6.21641e+15	5.69186e+15	2.49077e+15	1.57593e+15	3.15187e+15	4.7278e+15	6.30373e+15	7.87967e+15	9.4556e+15	1.1032e+16	1.26118e+16	1.42543e+16	4.53422e+16	3.09707e+17	4.54031e+17	3.09464	2.91007	2.91007	2.91007	2.91007	2.91007	2.91007	2.91007	2.91007	2.9101	2.91029	2.90785	3.18409	4.68986	4.68986	
94854.1	6.85654e+17	2.78623e+17	1.21926e+17	7.71436e+16	1.54287e+17	2.31431e+17	3.08574e+17	3.85718e+17	4.62861e+17	5.40004e+17	6.17142e+17	6.94154e+17	7.24252e+17	3.35208e+17	8.6001e+15	6.21612e+15	5.69155e+15	2.49064e+15	1.57585e+15	3.15169e+15	4.72754e+15	6.30339e+15	7.87924e+15	9.45508e+15	1.10313e+16	1.26108e+16	1.42493e+16	4.50885e+16	3.09707e+17	4.54031e+17	3.09715	2.91282	2.91282	2.91282	2.91282	2.91282	2.91282	2.91282	2.91282	2.91285	2.91302	2.91043	3.17542	4.68986	4.68986	
95106.2	6.85654e+17	2.78623e+17	1.21926e+17	7.71437e+16	1.54287e+17	2.31431e+17	3.08575e+17	3.85719e+17	4.62862e+17	5.40005e+17	6.17144e+17	6.94161e+17	7.2466e+17	3.35208e+17	8.6001e+15	6.21584e+15	5.69124e+15	2.4905e+15	1.57576e+15	3.15152e+15	4.72729e+15	6.30305e+15	7.87881e+15	9.45457e+15	1.10307e+16	1.26098e+16	1.42446e+16	4.48342e+16	3.09707e+17	4.54031e+17	3.09966	2.91556	2.91556	2.91556	2.91556	2.91556	2.91556	2.91556	2.91556	2.91559	2.91575	2.91301	3.16694	4.68986	4.68986	
95358	6.85655e+17	2.78624e+17	1.21926e+17	7.71439e+16	1.54288e+17	2.31432e+17	3.08575e+17	3.85719e+17	4.62863e+17	5.40006e+17	6.17145e+17	6.94168e+17	7.25068e+17	3.35208e+17	8.6001e+15	6.21555e+15	5.69094e+15	2.49037e+15	1.57568e+15	3.15135e+15	4.72703e+15	6.30271e+15	7.87838e+15	9.45406e+15	1.10301e+16	1.26089e+16	1.42401e+16	4.45793e+16	3.09707e+17	4.54031e+17	3.10216	2.9183	2.9183	2.9183	2.9183	2.9183	2.9183	2.9183	2.9183	2.91833	2.91847	2.9156	3.15866	4.68986	4.68986	
95610.4	6.85655e+17	2.78624e+17	1.21927e+17	7.7144e+16	1.54288e+17	2.31432e+17	3.08576e+17	3.8572e+17	4.62864e+17	5.40007e+17	6.17147e+17	6.94175e+17	7.25478e+17	3.35208e+17	8.6001e+15	6.21527e+15	5.69063e+15	2.49023e+15	1.57559e+15	3.15118e+15	4.72677e+15	6.30237e+15	7.87796e+15	9.45355e+15	1.10295e+16	1.2608e+16	1.42359e+16	4.43234e+16	3.09707e+17	4.54031e+17	3.10466	2.92104	2.92104	2.92104	2.92104	2.92104	2.92104	2.92104	2.92104	2.92107	2.9212	2.91819	3.15054	4.68986	4.68986	
95862.5	6.85656e+17	2.78625e+17	1.21927e+17	7.71441e+16	1.54288e+17	2.31432e+17	3.08577e+17	3.85721e+17	4.62865e+17	5.40008e+17	6.17148e+17	6.94181e+17	7.25888e+17	3.35208e+17	8.6001e+15	6.21499e+15	5.69032e+15	2.4901e+15	1.57551e+15	3.15101e+15	4.72652e+15	6.30203e+15	7.87753e+15	9.45304e+15	1.10289e+16	1.26071e+16	1.42319e+16	4.40673e+16	3.09707e+17	4.54031e+17	3.10715	2.92378	2.92378	2.92378	2.92378	2.92378	2.92378	2.92378	2.92378	2.92381	2.92393	2.92078	3.14262	4.68986	4.68986	
96114.4	6.85656e+17	2.78625e+17	1.21927e+17	7.71443e+16	1.54289e+17	2.31433e+17	3.08577e+17	3.85721e+17	4.62866e+17	5.40009e+17	6.1715e+17	6.94186e+17	7.26298e+17	3.35208e+17	8.6001e+15	6.21471e+15	5.69002e+15	2.48997e+15	1.57542e+15	3.15084e+15	4.72627e+15	6.30169e+15	7.87711e+15	9.45253e+15	1.10282e+16	1.26062e+16	1.42281e+16	4.38112e+16	3.09707e+17	4.54031e+17	3.10963	2.92652	2.92652	2.92652	2.92652	2.92652	2.92652	2.92652	2.92652	2.92654	2.92666	2.92336	3.13488	4.68986	4.68986	
96366.8	6.85657e+17	2.78626e+17	1.21927e+17	7.71444e+16	1.54289e+17	2.31433e+17	3.08578e+17	3.85722e+17	4.62866e+17	5.4001e+17	6.17151e+17	6.94192e+17	7.26709e+17	3.35208e+17	8.6001e+15	6.21442e+15	5.68971e+15	2.48983e+15	1.57534e+15	3.15068e+15	4.72601e+15	6.30135e+15	7.87669e+15	9.45203e+15	1.10276e+16	1.26053e+16	1.42245e+16	4.35544e+16	3.09707e+17	4.54031e+17	3.11211	2.92926	2.92926	2.92926	2.92926	2.92926	2.92926	2.92926	2.92926	2.92928	2.92939	2.92596	3.12731	4.68986	4.68986	
96618.9	6.85657e+17	2.78626e+17	1.21928e+17	7.71445e+16	1.54289e+17	2.31434e+17	3.08578e+17	3.85723e+17	4.62867e+17	5.40011e+17	6.17152e+17	6.94197e+17	7.2712e+17	3.35208e+17	8.6001e+15	6.21414e+15	5.68941e+15	2.4897e+15	1.57525e+15	3.15051e+15	4.72576e+15	6.30101e+15	7.87627e+15	9.45152e+15	1.1027e+16	1.26045e+16	1.42212e+16	4.3298e+16	3.09707e+17	4.54031e+17	3.11459	2.932	2.932	2.932	2.932	2.932	2.932	2.932	2.932	2.93202	2.93212	2.92856	3.11993	4.68986	4.68986	
96870.8	6.85658e+17	2.78627e+17	1.21928e+17	7.71447e+16	1.54289e+17	2.31434e+17	3.08579e+17	3.85723e+17	4.62868e+17	5.40012e+17	6.17154e+17	6.94201e+17	7.2753e+17	3.35208e+17	8.6001e+15	6.21386e+15	5.68911e+15	2.48957e+15	1.57517e+15	3.15034e+15	4.72551e+15	6.30068e+15	7.87585e+15	9.45102e+15	1.10264e+16	1.26036e+16	1.4218e+16	4.3042e+16	3.09707e+17	4.54031e+17	3.11705	2.93473	2.93473	2.93473	2.93473	2.93473	2.93473	2.93473	2.93473	2.93475	2.93484	2.93115	3.11273	4.68986	4.68986	
97123.3	6.85658e+17	2.78627e+17	1.21928e+17	7.71448e+16	1.5429e+17	2.31434e+17	3.08579e+17	3.85724e+17	4.62869e+17	5.40013e+17	6.17155e+17	6.94206e+17	7.2794e+17	3.35208e+17	8.6001e+15	6.21358e+15	5.6888e+15	2.48944e+15	1.57509e+15	3.15017e+15	4.72526e+15	6.30034e+15	7.87543e+15	9.45052e+15	1.10258e+16	1.26028e+16	1.4215e+16	4.27857e+16	3.09707e+17	4.54031e+17	3.11951	2.93747	2.93747	2.93747	2.93747	2.93747	2.93747	2.93747	2.93747	2.93748	2.93757	2.93375	3.1057	4.68986	4.68986	
97375.5	6.85659e+17	2.78628e+17	1.21928e+17	7.7145e+16	1.5429e+17	2.31435e+17	3.0858e+17	3.85725e+17	4.6287e+17	5.40014e+17	6.17156e+17	6.9421e+17	7.28349e+17	3.35208e+17	8.6001e+15	6.21331e+15	5.6885e+15	2.4893e+15	1.575e+15	3.15001e+15	4.72501e+15	6.30001e+15	7.87501e+15	9.45002e+15	1.10252e+16	1.2602e+16	1.42122e+16	4.25302e+16	3.09707e+17	4.54031e+17	3.12197	2.9402	2.9402	2.9402	2.9402	2.9402	2.9402	2.9402	2.9402	2.94021	2.94029	2.93634	3.09884	4.68986	4.68986	
97627.4	6.85659e+17	2.78628e+17	1.21928e+17	7.71451e+16	1.5429e+17	2.31435e+17	3.0858e+17	3.85725e+17	4.62871e+17	5.40015e+17	6.17158e+17	6.94214e+17	7.28757e+17	3.35208e+17	8.6001e+15	6.21303e+15	5.6882e+15	2.48917e+15	1.57492e+15	3.14984e+15	4.72476e+15	6.29968e+15	7.8746e+15	9.44952e+15	1.10246e+16	1.26012e+16	1.42096e+16	4.22754e+16	3.09707e+17	4.54031e+17	3.12442	2.94293	2.94293	2.94293	2.94293	2.94293	2.94293	2.94293	2.94293	2.94294	2.94302	2.93894	3.09217	4.68986	4.68986	
97879.9	6.8566e+17	2.78629e+17	1.21929e+17	7.71452e+16	1.5429e+17	2.31436e+17	3.08581e+17	3.85726e+17	4.62871e+17	5.40016e+17	6.17159e+17	6.94217e+17	7.29164e+17	3.35208e+17	8.6001e+15	6.21275e+15	5.6879e+15	2.48904e+15	1.57484e+15	3.14967e+15	4.72451e+15	6.29935e+15	7.87418e+15	9.44902e+15	1.1024e+16	1.26004e+16	1.42071e+16	4.20209e+16	3.09707e+17	4.54031e+17	3.12686	2.94566	2.94566	2.94566	2.94566	2.94566	2.94566	2.94566	2.94566	2.94567	2.94574	2.94154	3.08565	4.68986	4.68986	
98132.1	6.8566e+17	2.78629e+17	1.21929e+17	7.71454e+16	1.54291e+17	2.31436e+17	3.08581e+17	3.85727e+17	4.62872e+17	5.40017e+17	6.1716e+17	6.94221e+17	7.29569e+17	3.35208e+17	8.6001e+15	6.21248e+15	5.6876e+15	2.48891e+15	1.57475e+15	3.14951e+15	4.72426e+15	6.29901e+15	7.87377e+15	9.44852e+15	1.10234e+16	1.25996e+16	1.42048e+16	4.17674e+16	3.09707e+17	4.54031e+17	3.1293	2.94839	2.94839	2.94839	2.94839	2.94839	2.94839	2.94839	2.94839	2.9484	2.94846	2.94413	3.07931	4.68986	4.68986	
98384.1	6.85661e+17	2.7863e+17	1.21929e+17	7.71455e+16	1.54291e+17	2.31436e+17	3.08582e+17	3.85727e+17	4.62873e+17	5.40018e+17	6.17162e+17	6.94224e+17	7.29973e+17	3.35208e+17	8.6001e+15	6.2122e+15	5.68731e+15	2.48878e+15	1.57467e+15	3.14934e+15	4.72401e+15	6.29868e+15	7.87336e+15	9.44803e+15	1.10228e+16	1.25988e+16	1.42027e+16	4.15151e+16	3.09707e+17	4.54031e+17	3.13173	2.95111	2.95111	2.95111	2.95111	2.95111	2.95111	2.95111	2.95111	2.95112	2.95118	2.94673	3.07314	4.68986	4.68986	
98636.6	6.85661e+17	2.7863e+17	1.21929e+17	7.71456e+16	1.54291e+17	2.31437e+17	3.08583e+17	3.85728e+17	4.62874e+17	5.40019e+17	6.17163e+17	6.94227e+17	7.30376e+17	3.35208e+17	8.6001e+15	6.21193e+15	5.68701e+15	2.48865e+15	1.57459e+15	3.14918e+15	4.72377e+15	6.29836e+15	7.87294e+15	9.44753e+15	1.10223e+16	1.25981e+16	1.42007e+16	4.12633e+16	3.09707e+17	4.54031e+17	3.13416	2.95383	2.95383	2.95383	2.95383	2.95383	2.95383	2.95383	2.95383	2.95384	2.9539	2.94932	3.06713	4.68986	4.68986	
98888.8	6.85662e+17	2.78631e+17	1.21929e+17	7.71458e+16	1.54292e+17	2.31437e+17	3.08583e+17	3.85729e+17	4.62875e+17	5.4002e+17	6.17164e+17	6.94229e+17	7.30776e+17	3.35208e+17	8.6001e+15	6.21165e+15	5.68671e+15	2.48852e+15	1.57451e+15	3.14901e+15	4.72352e+15	6.29803e+15	7.87253e+15	9.44704e+15	1.10217e+16	1.25973e+16	1.41988e+16	4.1013e+16	3.09707e+17	4.54031e+17	3.13658	2.95655	2.95655	2.95655	2.95655	2.95655	2.95655	2.95655	2.95655	2.95656	2.95661	2.95192	3.06129	4.68986	4.68986	
99140.9	6.85662e+17	2.78631e+17	1.2193e+17	7.71459e+16	1.54292e+17	2.31438e+17	3.08584e+17	3.85729e+17	4.62875e+17	5.40021e+17	6.17165e+17	6.94232e+17	7.31174e+17	3.35208e+17	8.6001e+15	6.21138e+15	5.68642e+15	2.48839e+15	1.57442e+15	3.14885e+15	4.72327e+15	6.2977e+15	7.87212e+15	9.44655e+15	1.10211e+16	1.25966e+16	1.41971e+16	4.07641e+16	3.09707e+17	4.54031e+17	3.139	2.95927	2.95927	2.95927	2.95927	2.95927	2.95927	2.95927	2.95927	2.95928	2.95932	2.95451	3.05561	4.68986	4.68986	
99393.4	6.85663e+17	2.78632e+17	1.2193e+17	7.7146e+16	1.54292e+17	2.31438e+17	3.08584e+17	3.8573e+17	4.62876e+17	5.40022e+17	6.17166e+17	6.94234e+17	7.3157e+17	3.35208e+17	8.6001e+15	6.21111e+15	5.68612e+15	2.48826e+15	1.57434e+15	3.14869e+15	4.72303e+15	6.29737e+15	7.87172e+15	9.44606e+15	1.10205e+16	1.25958e+16	1.41955e+16	4.0516e+16	3.09707e+17	4.54031e+17	3.14141	2.96199	2.96199	2.96199	2.96199	2.96199	2.96199	2.96199	2.96199	2.96199	2.96204	2.9571	3.05009	4.68986	4.68986	
99645.7	6.85663e+17	2.78632e+17	1.2193e+17	7.71462e+16	1.54292e+17	2.31438e+17	3.08585e+17	3.85731e+17	4.62877e+17	5.40023e+17	6.17168e+17	6.94236e+17	7.31964e+17	3.35208e+17	8.6001e+15	6.21084e+15	5.68583e+15	2.48813e+15	1.57426e+15	3.14852e+15	4.72279e+15	6.29705e+15	7.87131e+15	9.44557e+15	1.10199e+16	1.25951e+16	1.41941e+16	4.02697e+16	3.09707e+17	4.54031e+17	3.14382	2.9647	2.9647	2.9647	2.9647	2.9647	2.9647	2.9647	2.9647	2.96471	2.96475	2.95969	3.04473	4.68986	4.68986	
99897.7	6.85664e+17	2.78632e+17	1.2193e+17	7.71463e+16	1.54293e+17	2.31439e+17	3.08585e+17	3.85731e+17	4.62878e+17	5.40024e+17	6.17169e+17	6.94238e+17	7.32355e+17	3.35208e+17	8.6001e+15	6.21057e+15	5.68553e+15	2.488e+15	1.57418e+15	3.14836e+15	4.72254e+15	6.29672e+15	7.8709e+15	9.44508e+15	1.10194e+16	1.25944e+16	1.41928e+16	4.00252e+16	3.09707e+17	4.54031e+17	3.14622	2.96741	2.96741	2.96741	2.96741	2.96741	2.96741	2.96741	2.96741	2.96741	2.96745	2.96228	3.03953	4.68986	4.68986	
100150	6.85664e+17	2.78633e+17	1.2193e+17	7.71464e+16	1.54293e+17	2.31439e+17	3.08586e+17	3.85732e+17	4.62879e+17	5.40025e+17	6.1717e+17	6.94239e+17	7.32744e+17	3.35208e+17	8.6001e+15	6.2103e+15	5.68524e+15	2.48788e+15	1.5741e+15	3.1482e+15	4.7223e+15	6.2964e+15	7.8705e+15	9.4446e+15	1.10188e+16	1.25937e+16	1.41916e+16	3.97818e+16	3.09707e+17	4.54031e+17	3.14861	2.97012	2.97012	2.97012	2.97012	2.97012	2.97012	2.97012	2.97012	2.97013	2.97016	2.96487	3.03447	4.68986	4.68986	
100403	6.85665e+17	2.78633e+17	1.21931e+17	7.71466e+16	1.54293e+17	2.3144e+17	3.08586e+17	3.85733e+17	4.62879e+17	5.40026e+17	6.17171e+17	6.9424e+17	7.3313e+17	3.35208e+17	8.6001e+15	6.21003e+15	5.68495e+15	2.48775e+15	1.57402e+15	3.14804e+15	4.72206e+15	6.29607e+15	7.87009e+15	9.44411e+15	1.10182e+16	1.2593e+16	1.41906e+16	3.95403e+16	3.09707e+17	4.54031e+17	3.151	2.97282	2.97282	2.97282	2.97282	2.97282	2.97282	2.97282	2.97282	2.97283	2.97286	2.96745	3.02958	4.68986	4.68986	
100655	6.85665e+17	2.78634e+17	1.21931e+17	7.71467e+16	1.54293e+17	2.3144e+17	3.08587e+17	3.85733e+17	4.6288e+17	5.40027e+17	6.17172e+17	6.94242e+17	7.33512e+17	3.35208e+17	8.6001e+15	6.20976e+15	5.68466e+15	2.48762e+15	1.57394e+15	3.14788e+15	4.72181e+15	6.29575e+15	7.86969e+15	9.44363e+15	1.10176e+16	1.25923e+16	1.41897e+16	3.93009e+16	3.09707e+17	4.54031e+17	3.15339	2.97552	2.97552	2.97552	2.97552	2.97552	2.97552	2.97552	2.97552	2.97553	2.97556	2.97003	3.02483	4.68986	4.68986	
100907	6.85666e+17	2.78634e+17	1.21931e+17	7.71468e+16	1.54294e+17	2.3144e+17	3.08587e+17	3.85734e+17	4.62881e+17	5.40028e+17	6.17173e+17	6.94243e+17	7.33892e+17	3.35208e+17	8.6001e+15	6.20949e+15	5.68437e+15	2.48749e+15	1.57386e+15	3.14772e+15	4.72157e+15	6.29543e+15	7.86929e+15	9.44315e+15	1.10171e+16	1.25916e+16	1.41889e+16	3.90628e+16	3.09707e+17	4.54031e+17	3.15577	2.97823	2.97823	2.97823	2.97823	2.97823	2.97823	2.97823	2.97823	2.97823	2.97826	2.97261	3.02023	4.68986	4.68986	
101160	6.85666e+17	2.78635e+17	1.21931e+17	7.71469e+16	1.54294e+17	2.31441e+17	3.08588e+17	3.85735e+17	4.62882e+17	5.40029e+17	6.17175e+17	6.94243e+17	7.34269e+17	3.35208e+17	8.6001e+15	6.20922e+15	5.68408e+15	2.48737e+15	1.57378e+15	3.14756e+15	4.72133e+15	6.29511e+15	7.86889e+15	9.44267e+15	1.10165e+16	1.25909e+16	1.41882e+16	3.8827e+16	3.09707e+17	4.54031e+17	3.15815	2.98092	2.98092	2.98092	2.98092	2.98092	2.98092	2.98092	2.98092	2.98093	2.98095	2.97519	3.01578	4.68986	4.68986	
101412	6.85667e+17	2.78635e+17	1.21932e+17	7.71471e+16	1.54294e+17	2.31441e+17	3.08588e+17	3.85735e+17	4.62882e+17	5.40029e+17	6.17176e+17	6.94244e+17	7.34642e+17	3.35208e+17	8.6001e+15	6.20896e+15	5.68379e+15	2.48724e+15	1.5737e+15	3.1474e+15	4.72109e+15	6.29479e+15	7.86849e+15	9.44219e+15	1.10159e+16	1.25902e+16	1.41877e+16	3.85933e+16	3.09707e+17	4.54031e+17	3.16052	2.98361	2.98361	2.98361	2.98361	2.98361	2.98361	2.98361	2.98361	2.98362	2.98364	2.97776	3.01147	4.68986	4.68986	
101665	6.85667e+17	2.78636e+17	1.21932e+17	7.71472e+16	1.54294e+17	2.31442e+17	3.08589e+17	3.85736e+17	4.62883e+17	5.4003e+17	6.17177e+17	6.94244e+17	7.35013e+17	3.35208e+17	8.6001e+15	6.20869e+15	5.6835e+15	2.48711e+15	1.57362e+15	3.14724e+15	4.72085e+15	6.29447e+15	7.86809e+15	9.44171e+15	1.10154e+16	1.25895e+16	1.41873e+16	3.83613e+16	3.09707e+17	4.54031e+17	3.16289	2.98631	2.98631	2.98631	2.98631	2.98631	2.98631	2.98631	2.98631	2.98631	2.98633	2.98034	3.0073	4.68986	4.68986	
101917	6.85668e+17	2.78636e+17	1.21932e+17	7.71473e+16	1.54295e+17	2.31442e+17	3.08589e+17	3.85737e+17	4.62884e+17	5.40031e+17	6.17178e+17	6.94244e+17	7.35379e+17	3.35208e+17	8.6001e+15	6.20843e+15	5.68321e+15	2.48699e+15	1.57354e+15	3.14708e+15	4.72061e+15	6.29415e+15	7.86769e+15	9.44123e+15	1.10148e+16	1.25888e+16	1.41869e+16	3.81317e+16	3.09707e+17	4.54031e+17	3.16525	2.989	2.989	2.989	2.989	2.989	2.989	2.989	2.989	2.989	2.98902	2.98291	3.00328	4.68986	4.68986	
102169	6.85668e+17	2.78637e+17	1.21932e+17	7.71475e+16	1.54295e+17	2.31442e+17	3.0859e+17	3.85737e+17	4.62885e+17	5.40032e+17	6.17179e+17	6.94244e+17	7.35742e+17	3.35208e+17	8.6001e+15	6.20817e+15	5.68293e+15	2.48686e+15	1.57346e+15	3.14692e+15	4.72038e+15	6.29384e+15	7.8673e+15	9.44075e+15	1.10143e+16	1.25882e+16	1.41868e+16	3.79044e+16	3.09707e+17	4.54031e+17	3.1676	2.99168	2.99168	2.99168	2.99168	2.99168	2.99168	2.99168	2.99168	2.99168	2.9917	2.98547	2.9994	4.68986	4.68986	
102422	6.85669e+17	2.78637e+17	1.21932e+17	7.71476e+16	1.54295e+17	2.31443e+17	3.0859e+17	3.85738e+17	4.62886e+17	5.40033e+17	6.1718e+17	6.94244e+17	7.36102e+17	3.35208e+17	8.6001e+15	6.2079e+15	5.68264e+15	2.48674e+15	1.57338e+15	3.14676e+15	4.72014e+15	6.29352e+15	7.8669e+15	9.44028e+15	1.10137e+16	1.25875e+16	1.41867e+16	3.7679e+16	3.09707e+17	4.54031e+17	3.16996	2.99436	2.99436	2.99436	2.99436	2.99436	2.99436	2.99436	2.99436	2.99436	2.99438	2.98804	2.99564	4.68986	4.68986	
102674	6.85669e+17	2.78638e+17	1.21933e+17	7.71477e+16	1.54295e+17	2.31443e+17	3.08591e+17	3.85739e+17	4.62886e+17	5.40034e+17	6.17181e+17	6.94244e+17	7.36458e+17	3.35207e+17	8.6001e+15	6.20764e+15	5.68236e+15	2.48661e+15	1.5733e+15	3.1466e+15	4.7199e+15	6.2932e+15	7.8665e+15	9.43981e+15	1.10131e+16	1.25868e+16	1.41867e+16	3.74561e+16	3.09707e+17	4.54031e+17	3.17231	2.99704	2.99704	2.99704	2.99704	2.99704	2.99704	2.99704	2.99704	2.99704	2.99706	2.9906	2.99202	4.68986	4.68986	
102926	6.8567e+17	2.78638e+17	1.21933e+17	7.71479e+16	1.54296e+17	2.31444e+17	3.08591e+17	3.85739e+17	4.62887e+17	5.40035e+17	6.17182e+17	6.94243e+17	7.36809e+17	3.35207e+17	8.6001e+15	6.20738e+15	5.68207e+15	2.48649e+15	1.57322e+15	3.14644e+15	4.71967e+15	6.29289e+15	7.86611e+15	9.43933e+15	1.10126e+16	1.25862e+16	1.41869e+16	3.72357e+16	3.09707e+17	4.54031e+17	3.17465	2.99971	2.99971	2.99971	2.99971	2.99971	2.99971	2.99971	2.99971	2.99971	2.99973	2.99316	2.98854	4.68986	4.68986	
103179	6.8567e+17	2.78639e+17	1.21933e+17	7.7148e+16	1.54296e+17	2.31444e+17	3.08592e+17	3.8574e+17	4.62888e+17	5.40036e+17	6.17183e+17	6.94243e+17	7.37158e+17	3.35207e+17	8.6001e+15	6.20712e+15	5.68179e+15	2.48637e+15	1.57314e+15	3.14629e+15	4.71943e+15	6.29257e+15	7.86572e+15	9.43886e+15	1.1012e+16	1.25855e+16	1.41872e+16	3.70173e+16	3.09707e+17	4.54031e+17	3.17699	3.00238	3.00238	3.00238	3.00238	3.00238	3.00238	3.00238	3.00238	3.00239	3.0024	2.99572	2.98518	4.68986	4.68986	
103432	6.85671e+17	2.78639e+17	1.21933e+17	7.71481e+16	1.54296e+17	2.31444e+17	3.08592e+17	3.85741e+17	4.62889e+17	5.40037e+17	6.17184e+17	6.94242e+17	7.37502e+17	3.35207e+17	8.6001e+15	6.20686e+15	5.68151e+15	2.48624e+15	1.57307e+15	3.14613e+15	4.7192e+15	6.29226e+15	7.86533e+15	9.43839e+15	1.10115e+16	1.25849e+16	1.41876e+16	3.68016e+16	3.09707e+17	4.54031e+17	3.17932	3.00505	3.00505	3.00505	3.00505	3.00505	3.00505	3.00505	3.00505	3.00505	3.00507	2.99827	2.98195	4.68986	4.68986	
103684	6.85671e+17	2.78639e+17	1.21933e+17	7.71482e+16	1.54296e+17	2.31445e+17	3.08593e+17	3.85741e+17	4.62889e+17	5.40038e+17	6.17185e+17	6.94241e+17	7.37842e+17	3.35207e+17	8.6001e+15	6.2066e+15	5.68122e+15	2.48612e+15	1.57299e+15	3.14597e+15	4.71896e+15	6.29195e+15	7.86494e+15	9.43792e+15	1.10109e+16	1.25842e+16	1.41881e+16	3.65885e+16	3.09707e+17	4.54031e+17	3.18165	3.00771	3.00771	3.00771	3.00771	3.00771	3.00771	3.00771	3.00771	3.00772	3.00773	3.00081	2.97884	4.68986	4.68986	
103937	6.85672e+17	2.7864e+17	1.21934e+17	7.71484e+16	1.54297e+17	2.31445e+17	3.08593e+17	3.85742e+17	4.6289e+17	5.40038e+17	6.17186e+17	6.94239e+17	7.38179e+17	3.35207e+17	8.6001e+15	6.20634e+15	5.68094e+15	2.486e+15	1.57291e+15	3.14582e+15	4.71873e+15	6.29164e+15	7.86455e+15	9.43746e+15	1.10104e+16	1.25836e+16	1.41887e+16	3.63775e+16	3.09707e+17	4.54031e+17	3.18398	3.01038	3.01038	3.01038	3.01038	3.01038	3.01038	3.01038	3.01038	3.01038	3.01039	3.00336	2.97586	4.68986	4.68986	
104189	6.85672e+17	2.7864e+17	1.21934e+17	7.71485e+16	1.54297e+17	2.31445e+17	3.08594e+17	3.85742e+17	4.62891e+17	5.40039e+17	6.17187e+17	6.94238e+17	7.38511e+17	3.35207e+17	8.6001e+15	6.20608e+15	5.68066e+15	2.48587e+15	1.57283e+15	3.14566e+15	4.7185e+15	6.29133e+15	7.86416e+15	9.43699e+15	1.10098e+16	1.25829e+16	1.41894e+16	3.61693e+16	3.09707e+17	4.54031e+17	3.1863	3.01303	3.01303	3.01303	3.01303	3.01303	3.01303	3.01303	3.01303	3.01303	3.01304	3.00591	2.973	4.68986	4.68986	
104441	6.85673e+17	2.78641e+17	1.21934e+17	7.71486e+16	1.54297e+17	2.31446e+17	3.08594e+17	3.85743e+17	4.62892e+17	5.4004e+17	6.17189e+17	6.94236e+17	7.38838e+17	3.35207e+17	8.6001e+15	6.20583e+15	5.68038e+15	2.48575e+15	1.57275e+15	3.14551e+15	4.71826e+15	6.29102e+15	7.86377e+15	9.43653e+15	1.10093e+16	1.25823e+16	1.41903e+16	3.59639e+16	3.09707e+17	4.54031e+17	3.18862	3.01568	3.01568	3.01568	3.01568	3.01568	3.01568	3.01568	3.01568	3.01568	3.01569	3.00844	2.97026	4.68986	4.68986	
104694	6.85673e+17	2.78641e+17	1.21934e+17	7.71487e+16	1.54297e+17	2.31446e+17	3.08595e+17	3.85744e+17	4.62892e+17	5.40041e+17	6.1719e+17	6.94234e+17	7.39162e+17	3.35207e+17	8.6001e+15	6.20557e+15	5.6801e+15	2.48563e+15	1.57268e+15	3.14535e+15	4.71803e+15	6.29071e+15	7.86338e+15	9.43606e+15	1.10088e+16	1.25816e+16	1.41912e+16	3.57606e+16	3.09707e+17	4.54031e+17	3.19094	3.01833	3.01833	3.01833	3.01833	3.01833	3.01833	3.01833	3.01833	3.01834	3.01834	3.01098	2.96763	4.68986	4.68986	
104947	6.85674e+17	2.78642e+17	1.21934e+17	7.71489e+16	1.54298e+17	2.31447e+17	3.08595e+17	3.85744e+17	4.62893e+17	5.40042e+17	6.17191e+17	6.94232e+17	7.39482e+17	3.35207e+17	8.6001e+15	6.20532e+15	5.67982e+15	2.48551e+15	1.5726e+15	3.1452e+15	4.7178e+15	6.2904e+15	7.863e+15	9.4356e+15	1.10082e+16	1.2581e+16	1.41923e+16	3.55602e+16	3.09707e+17	4.54031e+17	3.19325	3.02098	3.02098	3.02098	3.02098	3.02098	3.02098	3.02098	3.02098	3.02098	3.02099	3.01351	2.96512	4.68986	4.68986	
105199	6.85674e+17	2.78642e+17	1.21935e+17	7.7149e+16	1.54298e+17	2.31447e+17	3.08596e+17	3.85745e+17	4.62894e+17	5.40043e+17	6.17192e+17	6.9423e+17	7.39797e+17	3.35207e+17	8.6001e+15	6.20506e+15	5.67955e+15	2.48538e+15	1.57252e+15	3.14505e+15	4.71757e+15	6.29009e+15	7.86261e+15	9.43514e+15	1.10077e+16	1.25804e+16	1.41935e+16	3.53627e+16	3.09707e+17	4.54031e+17	3.19555	3.02362	3.02362	3.02362	3.02362	3.02362	3.02362	3.02362	3.02362	3.02362	3.02363	3.01604	2.96272	4.68986	4.68986	
105452	6.85675e+17	2.78643e+17	1.21935e+17	7.71491e+16	1.54298e+17	2.31447e+17	3.08596e+17	3.85746e+17	4.62895e+17	5.40044e+17	6.17193e+17	6.94228e+17	7.40108e+17	3.35207e+17	8.6001e+15	6.20481e+15	5.67927e+15	2.48526e+15	1.57245e+15	3.14489e+15	4.71734e+15	6.28978e+15	7.86223e+15	9.43468e+15	1.10071e+16	1.25797e+16	1.41948e+16	3.51673e+16	3.09707e+17	4.54031e+17	3.19785	3.02626	3.02626	3.02626	3.02626	3.02626	3.02626	3.02626	3.02626	3.02626	3.02627	3.01856	2.96043	4.68986	4.68986	
105704	6.85675e+17	2.78643e+17	1.21935e+17	7.71492e+16	1.54298e+17	2.31448e+17	3.08597e+17	3.85746e+17	4.62895e+17	5.40045e+17	6.17194e+17	6.94226e+17	7.40415e+17	3.35207e+17	8.6001e+15	6.20456e+15	5.67899e+15	2.48514e+15	1.57237e+15	3.14474e+15	4.71711e+15	6.28948e+15	7.86185e+15	9.43422e+15	1.10066e+16	1.25791e+16	1.41962e+16	3.4975e+16	3.09707e+17	4.54031e+17	3.20015	3.02889	3.02889	3.02889	3.02889	3.02889	3.02889	3.02889	3.02889	3.02889	3.0289	3.02108	2.95825	4.68986	4.68986	
105957	6.85676e+17	2.78644e+17	1.21935e+17	7.71494e+16	1.54299e+17	2.31448e+17	3.08597e+17	3.85747e+17	4.62896e+17	5.40046e+17	6.17195e+17	6.94223e+17	7.40717e+17	3.35207e+17	8.6001e+15	6.2043e+15	5.67872e+15	2.48502e+15	1.57229e+15	3.14459e+15	4.71688e+15	6.28917e+15	7.86147e+15	9.43376e+15	1.10061e+16	1.25785e+16	1.41977e+16	3.47854e+16	3.09707e+17	4.54031e+17	3.20244	3.03152	3.03152	3.03152	3.03152	3.03152	3.03152	3.03152	3.03152	3.03152	3.03152	3.0236	2.95618	4.68986	4.68986	
106210	6.85676e+17	2.78644e+17	1.21935e+17	7.71495e+16	1.54299e+17	2.31448e+17	3.08598e+17	3.85747e+17	4.62897e+17	5.40046e+17	6.17196e+17	6.9422e+17	7.41015e+17	3.35207e+17	8.6001e+15	6.20405e+15	5.67844e+15	2.4849e+15	1.57222e+15	3.14443e+15	4.71665e+15	6.28887e+15	7.86109e+15	9.4333e+15	1.10055e+16	1.25779e+16	1.41993e+16	3.45982e+16	3.09707e+17	4.54031e+17	3.20474	3.03415	3.03415	3.03415	3.03415	3.03415	3.03415	3.03415	3.03415	3.03415	3.03415	3.02612	2.9542	4.68986	4.68986	
106462	6.85676e+17	2.78644e+17	1.21936e+17	7.71496e+16	1.54299e+17	2.31449e+17	3.08598e+17	3.85748e+17	4.62898e+17	5.40047e+17	6.17197e+17	6.94217e+17	7.41308e+17	3.35207e+17	8.6001e+15	6.2038e+15	5.67817e+15	2.48478e+15	1.57214e+15	3.14428e+15	4.71642e+15	6.28857e+15	7.86071e+15	9.43285e+15	1.1005e+16	1.25773e+16	1.4201e+16	3.4414e+16	3.09707e+17	4.54031e+17	3.20702	3.03677	3.03677	3.03677	3.03677	3.03677	3.03677	3.03677	3.03677	3.03677	3.03677	3.02862	2.95234	4.68986	4.68986	
106715	6.85677e+17	2.78645e+17	1.21936e+17	7.71497e+16	1.54299e+17	2.31449e+17	3.08599e+17	3.85749e+17	4.62898e+17	5.40048e+17	6.17198e+17	6.94214e+17	7.41597e+17	3.35207e+17	8.6001e+15	6.20355e+15	5.6779e+15	2.48466e+15	1.57207e+15	3.14413e+15	4.7162e+15	6.28826e+15	7.86033e+15	9.43239e+15	1.10045e+16	1.25766e+16	1.42029e+16	3.42326e+16	3.09707e+17	4.54031e+17	3.2093	3.03938	3.03938	3.03938	3.03938	3.03938	3.03938	3.03938	3.03938	3.03938	3.03939	3.03113	2.95057	4.68986	4.68986	
106967	6.85677e+17	2.78645e+17	1.21936e+17	7.71499e+16	1.543e+17	2.3145e+17	3.08599e+17	3.85749e+17	4.62899e+17	5.40049e+17	6.17199e+17	6.9421e+17	7.41882e+17	3.35207e+17	8.6001e+15	6.2033e+15	5.67762e+15	2.48454e+15	1.57199e+15	3.14398e+15	4.71597e+15	6.28796e+15	7.85995e+15	9.43194e+15	1.10039e+16	1.2576e+16	1.42048e+16	3.40537e+16	3.09707e+17	4.54031e+17	3.21158	3.042	3.042	3.042	3.042	3.042	3.042	3.042	3.042	3.042	3.042	3.03363	2.9489	4.68986	4.68986	
107220	6.85678e+17	2.78646e+17	1.21936e+17	7.715e+16	1.543e+17	2.3145e+17	3.086e+17	3.8575e+17	4.629e+17	5.4005e+17	6.172e+17	6.94207e+17	7.42163e+17	3.35207e+17	8.6001e+15	6.20305e+15	5.67735e+15	2.48442e+15	1.57191e+15	3.14383e+15	4.71574e+15	6.28766e+15	7.85957e+15	9.43149e+15	1.10034e+16	1.25754e+16	1.42069e+16	3.38776e+16	3.09707e+17	4.54031e+17	3.21386	3.0446	3.0446	3.0446	3.0446	3.0446	3.0446	3.0446	3.0446	3.0446	3.04461	3.03613	2.94733	4.68986	4.68986	
107472	6.85678e+17	2.78646e+17	1.21936e+17	7.71501e+16	1.543e+17	2.3145e+17	3.086e+17	3.85751e+17	4.62901e+17	5.40051e+17	6.17201e+17	6.94203e+17	7.42438e+17	3.35207e+17	8.6001e+15	6.20281e+15	5.67708e+15	2.4843e+15	1.57184e+15	3.14368e+15	4.71552e+15	6.28736e+15	7.8592e+15	9.43104e+15	1.10029e+16	1.25748e+16	1.4209e+16	3.37045e+16	3.09707e+17	4.54031e+17	3.21613	3.0472	3.0472	3.0472	3.0472	3.0472	3.0472	3.0472	3.0472	3.04721	3.04721	3.03862	2.94585	4.68986	4.68986	
107725	6.85679e+17	2.78647e+17	1.21937e+17	7.71502e+16	1.543e+17	2.31451e+17	3.08601e+17	3.85751e+17	4.62901e+17	5.40052e+17	6.17202e+17	6.94199e+17	7.4271e+17	3.35207e+17	8.6001e+15	6.20256e+15	5.67681e+15	2.48419e+15	1.57176e+15	3.14353e+15	4.71529e+15	6.28706e+15	7.85882e+15	9.43059e+15	1.10024e+16	1.25742e+16	1.42113e+16	3.35338e+16	3.09707e+17	4.54031e+17	3.2184	3.04981	3.04981	3.04981	3.04981	3.04981	3.04981	3.04981	3.04981	3.04981	3.04981	3.04111	2.94446	4.68986	4.68986	
107978	6.85679e+17	2.78647e+17	1.21937e+17	7.71503e+16	1.54301e+17	2.31451e+17	3.08601e+17	3.85752e+17	4.62902e+17	5.40052e+17	6.17203e+17	6.94195e+17	7.42977e+17	3.35207e+17	8.6001e+15	6.20231e+15	5.67654e+15	2.48407e+15	1.57169e+15	3.14338e+15	4.71507e+15	6.28676e+15	7.85845e+15	9.43014e+15	1.10018e+16	1.25736e+16	1.42136e+16	3.3366e+16	3.09707e+17	4.54031e+17	3.22066	3.0524	3.0524	3.0524	3.0524	3.0524	3.0524	3.0524	3.0524	3.0524	3.05241	3.0436	2.94317	4.68986	4.68986	
108230	6.8568e+17	2.78648e+17	1.21937e+17	7.71505e+16	1.54301e+17	2.31451e+17	3.08602e+17	3.85752e+17	4.62903e+17	5.40053e+17	6.17204e+17	6.94191e+17	7.4324e+17	3.35207e+17	8.6001e+15	6.20207e+15	5.67627e+15	2.48395e+15	1.57162e+15	3.14323e+15	4.71485e+15	6.28646e+15	7.85808e+15	9.42969e+15	1.10013e+16	1.2573e+16	1.42161e+16	3.32011e+16	3.09707e+17	4.54031e+17	3.22292	3.05499	3.05499	3.05499	3.05499	3.05499	3.05499	3.05499	3.05499	3.05499	3.05499	3.04608	2.94196	4.68986	4.68986	
108483	6.8568e+17	2.78648e+17	1.21937e+17	7.71506e+16	1.54301e+17	2.31452e+17	3.08602e+17	3.85753e+17	4.62904e+17	5.40054e+17	6.17205e+17	6.94187e+17	7.43499e+17	3.35207e+17	8.6001e+15	6.20182e+15	5.676e+15	2.48383e+15	1.57154e+15	3.14308e+15	4.71462e+15	6.28616e+15	7.85771e+15	9.42925e+15	1.10008e+16	1.25724e+16	1.42187e+16	3.30386e+16	3.09707e+17	4.54031e+17	3.22517	3.05758	3.05758	3.05758	3.05758	3.05758	3.05758	3.05758	3.05758	3.05758	3.05758	3.04856	2.94084	4.68986	4.68986	
108736	6.85681e+17	2.78648e+17	1.21937e+17	7.71507e+16	1.54301e+17	2.31452e+17	3.08603e+17	3.85754e+17	4.62904e+17	5.40055e+17	6.17206e+17	6.94182e+17	7.43753e+17	3.35207e+17	8.6001e+15	6.20158e+15	5.67573e+15	2.48372e+15	1.57147e+15	3.14293e+15	4.7144e+15	6.28587e+15	7.85733e+15	9.4288e+15	1.10003e+16	1.25718e+16	1.42213e+16	3.2879e+16	3.09707e+17	4.54031e+17	3.22743	3.06016	3.06016	3.06016	3.06016	3.06016	3.06016	3.06016	3.06016	3.06016	3.06016	3.05103	2.93981	4.68986	4.68986	
108989	6.85681e+17	2.78649e+17	1.21937e+17	7.71508e+16	1.54302e+17	2.31452e+17	3.08603e+17	3.85754e+17	4.62905e+17	5.40056e+17	6.17207e+17	6.94178e+17	7.44002e+17	3.35207e+17	8.6001e+15	6.20134e+15	5.67547e+15	2.4836e+15	1.57139e+15	3.14279e+15	4.71418e+15	6.28557e+15	7.85697e+15	9.42836e+15	1.09998e+16	1.25712e+16	1.42241e+16	3.27223e+16	3.09707e+17	4.54031e+17	3.22967	3.06274	3.06274	3.06274	3.06274	3.06274	3.06274	3.06274	3.06274	3.06274	3.06274	3.0535	2.93886	4.68986	4.68986	
109242	6.85681e+17	2.78649e+17	1.21938e+17	7.7151e+16	1.54302e+17	2.31453e+17	3.08604e+17	3.85755e+17	4.62906e+17	5.40057e+17	6.17208e+17	6.94173e+17	7.44248e+17	3.35207e+17	8.6001e+15	6.2011e+15	5.6752e+15	2.48348e+15	1.57132e+15	3.14264e+15	4.71396e+15	6.28528e+15	7.8566e+15	9.42792e+15	1.09992e+16	1.25706e+16	1.42269e+16	3.2568e+16	3.09707e+17	4.54031e+17	3.23192	3.06531	3.06531	3.06531	3.06531	3.06531	3.06531	3.06531	3.06531	3.06531	3.06531	3.05596	2.93799	4.68986	4.68986	
109494	6.85682e+17	2.7865e+17	1.21938e+17	7.71511e+16	1.54302e+17	2.31453e+17	3.08604e+17	3.85755e+17	4.62906e+17	5.40057e+17	6.17208e+17	6.94168e+17	7.44488e+17	3.35207e+17	8.6001e+15	6.20085e+15	5.67493e+15	2.48337e+15	1.57125e+15	3.14249e+15	4.71374e+15	6.28498e+15	7.85623e+15	9.42747e+15	1.09987e+16	1.257e+16	1.42299e+16	3.24166e+16	3.09707e+17	4.54031e+17	3.23416	3.06788	3.06788	3.06788	3.06788	3.06788	3.06788	3.06788	3.06788	3.06788	3.06788	3.05842	2.9372	4.68986	4.68986	
109747	6.85682e+17	2.7865e+17	1.21938e+17	7.71512e+16	1.54302e+17	2.31454e+17	3.08605e+17	3.85756e+17	4.62907e+17	5.40058e+17	6.17209e+17	6.94163e+17	7.44725e+17	3.35207e+17	8.6001e+15	6.20061e+15	5.67467e+15	2.48325e+15	1.57117e+15	3.14234e+15	4.71352e+15	6.28469e+15	7.85586e+15	9.42703e+15	1.09982e+16	1.25694e+16	1.42329e+16	3.22681e+16	3.09707e+17	4.54031e+17	3.2364	3.07044	3.07044	3.07044	3.07044	3.07044	3.07044	3.07044	3.07044	3.07044	3.07044	3.06088	2.93649	4.68986	4.68986	
110000	6.85683e+17	2.78651e+17	1.21938e+17	7.71513e+16	1.54303e+17	2.31454e+17	3.08605e+17	3.85757e+17	4.62908e+17	5.40059e+17	6.1721e+17	6.94158e+17	7.44957e+17	3.35207e+17	8.6001e+15	6.20037e+15	5.6744e+15	2.48313e+15	1.5711e+15	3.1422e+15	4.7133e+15	6.2844e+15	7.8555e+15	9.42659e+15	1.09977e+16	1.25688e+16	1.42361e+16	3.21219e+16	3.09707e+17	4.54031e+17	3.23863	3.073	3.073	3.073	3.073	3.073	3.073	3.073	3.073	3.073	3.073	3.06333	2.93585	4.68986	4.68986	
110253	6.85683e+17	2.78651e+17	1.21938e+17	7.71514e+16	1.54303e+17	2.31454e+17	3.08606e+17	3.85757e+17	4.62909e+17	5.4006e+17	6.17211e+17	6.94152e+17	7.45185e+17	3.35207e+17	8.6001e+15	6.20013e+15	5.67414e+15	2.48302e+15	1.57103e+15	3.14205e+15	4.71308e+15	6.2841e+15	7.85513e+15	9.42616e+15	1.09972e+16	1.25682e+16	1.42393e+16	3.19785e+16	3.09707e+17	4.54031e+17	3.24086	3.07555	3.07555	3.07555	3.07555	3.07555	3.07555	3.07555	3.07555	3.07556	3.07556	3.06578	2.93529	4.68986	4.68986	
110505	6.85684e+17	2.78651e+17	1.21939e+17	7.71515e+16	1.54303e+17	2.31455e+17	3.08606e+17	3.85758e+17	4.62909e+17	5.40061e+17	6.17212e+17	6.94147e+17	7.45409e+17	3.35207e+17	8.6001e+15	6.1999e+15	5.67388e+15	2.4829e+15	1.57095e+15	3.14191e+15	4.71286e+15	6.28381e+15	7.85477e+15	9.42572e+15	1.09967e+16	1.25677e+16	1.42426e+16	3.18379e+16	3.09707e+17	4.54031e+17	3.24309	3.0781	3.0781	3.0781	3.0781	3.0781	3.0781	3.0781	3.0781	3.0781	3.0781	3.06822	2.9348	4.68986	4.68986	
110758	6.85684e+17	2.78652e+17	1.21939e+17	7.71517e+16	1.54303e+17	2.31455e+17	3.08607e+17	3.85758e+17	4.6291e+17	5.40062e+17	6.17213e+17	6.94141e+17	7.45629e+17	3.35207e+17	8.6001e+15	6.19966e+15	5.67362e+15	2.48279e+15	1.57088e+15	3.14176e+15	4.71264e+15	6.28352e+15	7.8544e+15	9.42528e+15	1.09962e+16	1.25671e+16	1.4246e+16	3.16997e+16	3.09706e+17	4.54031e+17	3.24531	3.08065	3.08065	3.08065	3.08065	3.08065	3.08065	3.08065	3.08065	3.08065	3.08065	3.07067	2.93438	4.68986	4.68986	
111011	6.85685e+17	2.78652e+17	1.21939e+17	7.71518e+16	1.54304e+17	2.31455e+17	3.08607e+17	3.85759e+17	4.62911e+17	5.40062e+17	6.17214e+17	6.94135e+17	7.45844e+17	3.35207e+17	8.6001e+15	6.19942e+15	5.67335e+15	2.48267e+15	1.57081e+15	3.14162e+15	4.71242e+15	6.28323e+15	7.85404e+15	9.42485e+15	1.09957e+16	1.25665e+16	1.42495e+16	3.15643e+16	3.09706e+17	4.54031e+17	3.24753	3.08319	3.08319	3.08319	3.08319	3.08319	3.08319	3.08319	3.08319	3.08319	3.08319	3.0731	2.93404	4.68986	4.68986	
111264	6.85685e+17	2.78653e+17	1.21939e+17	7.71519e+16	1.54304e+17	2.31456e+17	3.08608e+17	3.85759e+17	4.62911e+17	5.40063e+17	6.17215e+17	6.94129e+17	7.46055e+17	3.35207e+17	8.6001e+15	6.19918e+15	5.67309e+15	2.48256e+15	1.57074e+15	3.14147e+15	4.71221e+15	6.28294e+15	7.85368e+15	9.42442e+15	1.09952e+16	1.25659e+16	1.4253e+16	3.14316e+16	3.09706e+17	4.54031e+17	3.24975	3.08572	3.08572	3.08572	3.08572	3.08572	3.08572	3.08572	3.08572	3.08572	3.08572	3.07553	2.93376	4.68986	4.68986	
111517	6.85685e+17	2.78653e+17	1.21939e+17	7.7152e+16	1.54304e+17	2.31456e+17	3.08608e+17	3.8576e+17	4.62912e+17	5.40064e+17	6.17216e+17	6.94123e+17	7.46262e+17	3.35207e+17	8.6001e+15	6.19895e+15	5.67283e+15	2.48245e+15	1.57066e+15	3.14133e+15	4.71199e+15	6.28266e+15	7.85332e+15	9.42398e+15	1.09947e+16	1.25653e+16	1.42566e+16	3.13012e+16	3.09706e+17	4.54031e+17	3.25196	3.08826	3.08826	3.08826	3.08826	3.08826	3.08826	3.08826	3.08826	3.08826	3.08826	3.07796	2.93354	4.68986	4.68986	
111770	6.85686e+17	2.78654e+17	1.2194e+17	7.71521e+16	1.54304e+17	2.31456e+17	3.08609e+17	3.85761e+17	4.62913e+17	5.40065e+17	6.17217e+17	6.94117e+17	7.46465e+17	3.35207e+17	8.6001e+15	6.19871e+15	5.67257e+15	2.48233e+15	1.57059e+15	3.14118e+15	4.71178e+15	6.28237e+15	7.85296e+15	9.42355e+15	1.09941e+16	1.25648e+16	1.42604e+16	3.11735e+16	3.09706e+17	4.54031e+17	3.25417	3.09078	3.09078	3.09078	3.09078	3.09078	3.09078	3.09078	3.09078	3.09078	3.09078	3.08038	2.9334	4.68986	4.68986	
112022	6.85686e+17	2.78654e+17	1.2194e+17	7.71523e+16	1.54305e+17	2.31457e+17	3.08609e+17	3.85761e+17	4.62914e+17	5.40066e+17	6.17218e+17	6.94111e+17	7.46664e+17	3.35207e+17	8.6001e+15	6.19848e+15	5.67231e+15	2.48222e+15	1.57052e+15	3.14104e+15	4.71156e+15	6.28208e+15	7.8526e+15	9.42312e+15	1.09936e+16	1.25642e+16	1.42641e+16	3.10485e+16	3.09706e+17	4.54031e+17	3.25637	3.0933	3.0933	3.0933	3.0933	3.0933	3.0933	3.0933	3.0933	3.0933	3.0933	3.0828	2.93331	4.68986	4.68986	
112275	6.85687e+17	2.78654e+17	1.2194e+17	7.71524e+16	1.54305e+17	2.31457e+17	3.08609e+17	3.85762e+17	4.62914e+17	5.40067e+17	6.17219e+17	6.94105e+17	7.46859e+17	3.35207e+17	8.6001e+15	6.19825e+15	5.67206e+15	2.48211e+15	1.57045e+15	3.1409e+15	4.71135e+15	6.2818e+15	7.85225e+15	9.42269e+15	1.09931e+16	1.25636e+16	1.4268e+16	3.09257e+16	3.09706e+17	4.54031e+17	3.25858	3.09582	3.09582	3.09582	3.09582	3.09582	3.09582	3.09582	3.09582	3.09582	3.09582	3.08521	2.93329	4.68986	4.68986	
112528	6.85687e+17	2.78655e+17	1.2194e+17	7.71525e+16	1.54305e+17	2.31457e+17	3.0861e+17	3.85762e+17	4.62915e+17	5.40067e+17	6.1722e+17	6.94098e+17	7.4705e+17	3.35207e+17	8.6001e+15	6.19801e+15	5.6718e+15	2.48199e+15	1.57038e+15	3.14076e+15	4.71113e+15	6.28151e+15	7.85189e+15	9.42227e+15	1.09926e+16	1.2563e+16	1.42719e+16	3.08056e+16	3.09706e+17	4.54031e+17	3.26078	3.09833	3.09833	3.09833	3.09833	3.09833	3.09833	3.09833	3.09833	3.09833	3.09833	3.08762	2.93333	4.68986	4.68986	
112781	6.85688e+17	2.78655e+17	1.2194e+17	7.71526e+16	1.54305e+17	2.31458e+17	3.0861e+17	3.85763e+17	4.62916e+17	5.40068e+17	6.17221e+17	6.94092e+17	7.47237e+17	3.35207e+17	8.6001e+15	6.19778e+15	5.67154e+15	2.48188e+15	1.57031e+15	3.14061e+15	4.71092e+15	6.28123e+15	7.85153e+15	9.42184e+15	1.09921e+16	1.25625e+16	1.42759e+16	3.06881e+16	3.09706e+17	4.54031e+17	3.26297	3.10083	3.10083	3.10083	3.10083	3.10083	3.10083	3.10083	3.10083	3.10083	3.10084	3.09003	2.93343	4.68986	4.68986	
113034	6.85688e+17	2.78656e+17	1.2194e+17	7.71527e+16	1.54305e+17	2.31458e+17	3.08611e+17	3.85764e+17	4.62916e+17	5.40069e+17	6.17222e+17	6.94085e+17	7.4742e+17	3.35207e+17	8.6001e+15	6.19755e+15	5.67129e+15	2.48177e+15	1.57024e+15	3.14047e+15	4.71071e+15	6.28094e+15	7.85118e+15	9.42142e+15	1.09917e+16	1.25619e+16	1.428e+16	3.05728e+16	3.09706e+17	4.54031e+17	3.26516	3.10334	3.10334	3.10334	3.10334	3.10334	3.10334	3.10334	3.10334	3.10334	3.10334	3.09243	2.93358	4.68986	4.68986	
113287	6.85688e+17	2.78656e+17	1.21941e+17	7.71528e+16	1.54306e+17	2.31458e+17	3.08611e+17	3.85764e+17	4.62917e+17	5.4007e+17	6.17223e+17	6.94078e+17	7.47599e+17	3.35207e+17	8.6001e+15	6.19732e+15	5.67103e+15	2.48166e+15	1.57017e+15	3.14033e+15	4.7105e+15	6.28066e+15	7.85083e+15	9.42099e+15	1.09912e+16	1.25613e+16	1.42841e+16	3.046e+16	3.09706e+17	4.54031e+17	3.26735	3.10584	3.10584	3.10584	3.10584	3.10584	3.10584	3.10584	3.10584	3.10584	3.10584	3.09483	2.9338	4.68986	4.68986	
113540	6.85689e+17	2.78656e+17	1.21941e+17	7.71529e+16	1.54306e+17	2.31459e+17	3.08612e+17	3.85765e+17	4.62918e+17	5.40071e+17	6.17224e+17	6.94071e+17	7.47774e+17	3.35207e+17	8.6001e+15	6.19709e+15	5.67078e+15	2.48155e+15	1.57009e+15	3.14019e+15	4.71028e+15	6.28038e+15	7.85047e+15	9.42057e+15	1.09907e+16	1.25608e+16	1.42883e+16	3.03498e+16	3.09706e+17	4.54031e+17	3.26954	3.10833	3.10833	3.10833	3.10833	3.10833	3.10833	3.10833	3.10833	3.10833	3.10833	3.09722	2.93406	4.68986	4.68986	
113793	6.85689e+17	2.78657e+17	1.21941e+17	7.71531e+16	1.54306e+17	2.31459e+17	3.08612e+17	3.85765e+17	4.62918e+17	5.40071e+17	6.17224e+17	6.94064e+17	7.47946e+17	3.35207e+17	8.6001e+15	6.19686e+15	5.67052e+15	2.48144e+15	1.57002e+15	3.14005e+15	4.71007e+15	6.2801e+15	7.85012e+15	9.42015e+15	1.09902e+16	1.25602e+16	1.42926e+16	3.02417e+16	3.09706e+17	4.54031e+17	3.27172	3.11082	3.11082	3.11082	3.11082	3.11082	3.11082	3.11082	3.11082	3.11082	3.11082	3.09961	2.93438	4.68986	4.68986	
114046	6.8569e+17	2.78657e+17	1.21941e+17	7.71532e+16	1.54306e+17	2.3146e+17	3.08613e+17	3.85766e+17	4.62919e+17	5.40072e+17	6.17225e+17	6.94057e+17	7.48114e+17	3.35207e+17	8.6001e+15	6.19663e+15	5.67027e+15	2.48132e+15	1.56995e+15	3.13991e+15	4.70986e+15	6.27982e+15	7.84977e+15	9.41973e+15	1.09897e+16	1.25596e+16	1.42969e+16	3.01361e+16	3.09706e+17	4.54031e+17	3.2739	3.1133	3.1133	3.1133	3.1133	3.1133	3.1133	3.1133	3.1133	3.1133	3.1133	3.10199	2.93475	4.68986	4.68986	
114299	6.8569e+17	2.78658e+17	1.21941e+17	7.71533e+16	1.54307e+17	2.3146e+17	3.08613e+17	3.85766e+17	4.6292e+17	5.40073e+17	6.17226e+17	6.9405e+17	7.48278e+17	3.35207e+17	8.6001e+15	6.1964e+15	5.67002e+15	2.48121e+15	1.56988e+15	3.13977e+15	4.70965e+15	6.27954e+15	7.84942e+15	9.41931e+15	1.09892e+16	1.25591e+16	1.43012e+16	3.00329e+16	3.09706e+17	4.54031e+17	3.27607	3.11578	3.11578	3.11578	3.11578	3.11578	3.11578	3.11578	3.11578	3.11578	3.11578	3.10437	2.93518	4.68986	4.68986	
114552	6.85691e+17	2.78658e+17	1.21942e+17	7.71534e+16	1.54307e+17	2.3146e+17	3.08614e+17	3.85767e+17	4.6292e+17	5.40074e+17	6.17227e+17	6.94043e+17	7.48438e+17	3.35207e+17	8.6001e+15	6.19618e+15	5.66977e+15	2.4811e+15	1.56981e+15	3.13963e+15	4.70944e+15	6.27926e+15	7.84907e+15	9.41889e+15	1.09887e+16	1.25585e+16	1.43056e+16	2.99318e+16	3.09706e+17	4.54031e+17	3.27824	3.11825	3.11825	3.11825	3.11825	3.11825	3.11825	3.11825	3.11825	3.11825	3.11825	3.10675	2.93565	4.68986	4.68986	
114805	6.85691e+17	2.78659e+17	1.21942e+17	7.71535e+16	1.54307e+17	2.31461e+17	3.08614e+17	3.85768e+17	4.62921e+17	5.40075e+17	6.17228e+17	6.94035e+17	7.48595e+17	3.35207e+17	8.6001e+15	6.19595e+15	5.66951e+15	2.48099e+15	1.56975e+15	3.13949e+15	4.70924e+15	6.27898e+15	7.84873e+15	9.41847e+15	1.09882e+16	1.2558e+16	1.43101e+16	2.98331e+16	3.09706e+17	4.54031e+17	3.28041	3.12072	3.12072	3.12072	3.12072	3.12072	3.12072	3.12072	3.12072	3.12072	3.12072	3.10912	2.93617	4.68986	4.68986	
115058	6.85691e+17	2.78659e+17	1.21942e+17	7.71536e+16	1.54307e+17	2.31461e+17	3.08615e+17	3.85768e+17	4.62922e+17	5.40075e+17	6.17229e+17	6.94028e+17	7.48748e+17	3.35207e+17	8.6001e+15	6.19572e+15	5.66926e+15	2.48088e+15	1.56968e+15	3.13935e+15	4.70903e+15	6.2787e+15	7.84838e+15	9.41806e+15	1.09877e+16	1.25574e+16	1.43146e+16	2.97368e+16	3.09706e+17	4.54031e+17	3.28257	3.12318	3.12318	3.12318	3.12318	3.12318	3.12318	3.12318	3.12318	3.12318	3.12318	3.11149	2.93674	4.68986	4.68986	
115311	6.85692e+17	2.78659e+17	1.21942e+17	7.71537e+16	1.54307e+17	2.31461e+17	3.08615e+17	3.85769e+17	4.62922e+17	5.40076e+17	6.1723e+17	6.94021e+17	7.48898e+17	3.35207e+17	8.6001e+15	6.1955e+15	5.66901e+15	2.48078e+15	1.56961e+15	3.13921e+15	4.70882e+15	6.27843e+15	7.84803e+15	9.41764e+15	1.09872e+16	1.25569e+16	1.43191e+16	2.96424e+16	3.09706e+17	4.54031e+17	3.28474	3.12564	3.12564	3.12564	3.12564	3.12564	3.12564	3.12564	3.12564	3.12564	3.12564	3.11385	2.93736	4.68986	4.68986	
115564	6.85692e+17	2.7866e+17	1.21942e+17	7.71539e+16	1.54308e+17	2.31462e+17	3.08615e+17	3.85769e+17	4.62923e+17	5.40077e+17	6.17231e+17	6.94013e+17	7.49044e+17	3.35207e+17	8.6001e+15	6.19528e+15	5.66876e+15	2.48067e+15	1.56954e+15	3.13908e+15	4.70861e+15	6.27815e+15	7.84769e+15	9.41723e+15	1.09868e+16	1.25563e+16	1.43237e+16	2.95504e+16	3.09706e+17	4.54031e+17	3.2869	3.1281	3.1281	3.1281	3.1281	3.1281	3.1281	3.1281	3.1281	3.1281	3.1281	3.11621	2.93802	4.68986	4.68986	
115817	6.85693e+17	2.7866e+17	1.21942e+17	7.7154e+16	1.54308e+17	2.31462e+17	3.08616e+17	3.8577e+17	4.62924e+17	5.40078e+17	6.17232e+17	6.94005e+17	7.49186e+17	3.35207e+17	8.6001e+15	6.19505e+15	5.66852e+15	2.48056e+15	1.56947e+15	3.13894e+15	4.70841e+15	6.27788e+15	7.84735e+15	9.41681e+15	1.09863e+16	1.25558e+16	1.43284e+16	2.94606e+16	3.09706e+17	4.54031e+17	3.28905	3.13054	3.13054	3.13054	3.13054	3.13054	3.13054	3.13054	3.13054	3.13054	3.13054	3.11856	2.93872	4.68986	4.68986	
116070	6.85693e+17	2.78661e+17	1.21943e+17	7.71541e+16	1.54308e+17	2.31462e+17	3.08616e+17	3.8577e+17	4.62924e+17	5.40079e+17	6.17233e+17	6.93998e+17	7.49325e+17	3.35207e+17	8.6001e+15	6.19483e+15	5.66827e+15	2.48045e+15	1.5694e+15	3.1388e+15	4.7082e+15	6.2776e+15	7.847e+15	9.4164e+15	1.09858e+16	1.25552e+16	1.43331e+16	2.93728e+16	3.09706e+17	4.54031e+17	3.2912	3.13299	3.13299	3.13299	3.13299	3.13299	3.13299	3.13299	3.13299	3.13299	3.13299	3.12091	2.93947	4.68986	4.68986	
116323	6.85694e+17	2.78661e+17	1.21943e+17	7.71542e+16	1.54308e+17	2.31463e+17	3.08617e+17	3.85771e+17	4.62925e+17	5.40079e+17	6.17233e+17	6.9399e+17	7.49461e+17	3.35207e+17	8.6001e+15	6.19461e+15	5.66802e+15	2.48034e+15	1.56933e+15	3.13866e+15	4.708e+15	6.27733e+15	7.84666e+15	9.41599e+15	1.09853e+16	1.25547e+16	1.43378e+16	2.92872e+16	3.09706e+17	4.54031e+17	3.29335	3.13543	3.13543	3.13543	3.13543	3.13543	3.13543	3.13543	3.13543	3.13543	3.13543	3.12326	2.94025	4.68986	4.68986	
116576	6.85694e+17	2.78661e+17	1.21943e+17	7.71543e+16	1.54309e+17	2.31463e+17	3.08617e+17	3.85771e+17	4.62926e+17	5.4008e+17	6.17234e+17	6.93982e+17	7.49594e+17	3.35207e+17	8.6001e+15	6.19439e+15	5.66778e+15	2.48023e+15	1.56926e+15	3.13853e+15	4.70779e+15	6.27706e+15	7.84632e+15	9.41558e+15	1.09848e+16	1.25541e+16	1.43425e+16	2.92037e+16	3.09706e+17	4.54031e+17	3.29549	3.13786	3.13786	3.13786	3.13786	3.13786	3.13786	3.13786	3.13786	3.13786	3.13786	3.1256	2.94108	4.68986	4.68986	
116829	6.85694e+17	2.78662e+17	1.21943e+17	7.71544e+16	1.54309e+17	2.31463e+17	3.08618e+17	3.85772e+17	4.62926e+17	5.40081e+17	6.17235e+17	6.93974e+17	7.49723e+17	3.35207e+17	8.6001e+15	6.19416e+15	5.66753e+15	2.48013e+15	1.5692e+15	3.13839e+15	4.70759e+15	6.27678e+15	7.84598e+15	9.41518e+15	1.09844e+16	1.25536e+16	1.43473e+16	2.91222e+16	3.09706e+17	4.54031e+17	3.29763	3.1403	3.1403	3.1403	3.1403	3.1403	3.1403	3.1403	3.1403	3.1403	3.1403	3.12794	2.94195	4.68986	4.68986	
117082	6.85695e+17	2.78662e+17	1.21943e+17	7.71545e+16	1.54309e+17	2.31464e+17	3.08618e+17	3.85773e+17	4.62927e+17	5.40082e+17	6.17236e+17	6.93967e+17	7.49849e+17	3.35207e+17	8.6001e+15	6.19394e+15	5.66729e+15	2.48002e+15	1.56913e+15	3.13826e+15	4.70738e+15	6.27651e+15	7.84564e+15	9.41477e+15	1.09839e+16	1.2553e+16	1.43521e+16	2.90427e+16	3.09706e+17	4.54031e+17	3.29977	3.14272	3.14272	3.14272	3.14272	3.14272	3.14272	3.14272	3.14272	3.14272	3.14272	3.13027	2.94285	4.68986	4.68986	
117335	6.85695e+17	2.78663e+17	1.21943e+17	7.71546e+16	1.54309e+17	2.31464e+17	3.08619e+17	3.85773e+17	4.62928e+17	5.40082e+17	6.17237e+17	6.93959e+17	7.49972e+17	3.35207e+17	8.6001e+15	6.19373e+15	5.66704e+15	2.47991e+15	1.56906e+15	3.13812e+15	4.70718e+15	6.27624e+15	7.8453e+15	9.41436e+15	1.09834e+16	1.25525e+16	1.43569e+16	2.89653e+16	3.09706e+17	4.54031e+17	3.3019	3.14514	3.14514	3.14514	3.14514	3.14514	3.14514	3.14514	3.14514	3.14514	3.14514	3.1326	2.94379	4.68986	4.68986	
117588	6.85696e+17	2.78663e+17	1.21944e+17	7.71547e+16	1.54309e+17	2.31464e+17	3.08619e+17	3.85774e+17	4.62928e+17	5.40083e+17	6.17238e+17	6.93951e+17	7.50092e+17	3.35207e+17	8.6001e+15	6.19351e+15	5.6668e+15	2.47981e+15	1.56899e+15	3.13799e+15	4.70698e+15	6.27597e+15	7.84497e+15	9.41396e+15	1.0983e+16	1.25519e+16	1.43618e+16	2.88898e+16	3.09706e+17	4.54031e+17	3.30404	3.14756	3.14756	3.14756	3.14756	3.14756	3.14756	3.14756	3.14756	3.14756	3.14756	3.13493	2.94477	4.68986	4.68986	
117841	6.85696e+17	2.78663e+17	1.21944e+17	7.71548e+16	1.5431e+17	2.31465e+17	3.08619e+17	3.85774e+17	4.62929e+17	5.40084e+17	6.17239e+17	6.93943e+17	7.50208e+17	3.35207e+17	8.6001e+15	6.19329e+15	5.66656e+15	2.4797e+15	1.56893e+15	3.13785e+15	4.70678e+15	6.2757e+15	7.84463e+15	9.41356e+15	1.09825e+16	1.25514e+16	1.43667e+16	2.88162e+16	3.09706e+17	4.54031e+17	3.30616	3.14997	3.14997	3.14997	3.14997	3.14997	3.14997	3.14997	3.14997	3.14997	3.14997	3.13725	2.94579	4.68986	4.68986	
118094	6.85696e+17	2.78664e+17	1.21944e+17	7.7155e+16	1.5431e+17	2.31465e+17	3.0862e+17	3.85775e+17	4.6293e+17	5.40085e+17	6.1724e+17	6.93935e+17	7.50322e+17	3.35207e+17	8.6001e+15	6.19307e+15	5.66631e+15	2.47959e+15	1.56886e+15	3.13772e+15	4.70658e+15	6.27544e+15	7.84429e+15	9.41315e+15	1.0982e+16	1.25509e+16	1.43716e+16	2.87447e+16	3.09706e+17	4.54031e+17	3.30829	3.15238	3.15238	3.15238	3.15238	3.15238	3.15238	3.15238	3.15238	3.15238	3.15238	3.13957	2.94683	4.68986	4.68986	
118348	6.85697e+17	2.78664e+17	1.21944e+17	7.71551e+16	1.5431e+17	2.31465e+17	3.0862e+17	3.85775e+17	4.6293e+17	5.40085e+17	6.17241e+17	6.93927e+17	7.50432e+17	3.35207e+17	8.6001e+15	6.19286e+15	5.66607e+15	2.47949e+15	1.56879e+15	3.13758e+15	4.70638e+15	6.27517e+15	7.84396e+15	9.41275e+15	1.09815e+16	1.25503e+16	1.43766e+16	2.86748e+16	3.09706e+17	4.54031e+17	3.31041	3.15478	3.15478	3.15478	3.15478	3.15478	3.15478	3.15478	3.15478	3.15478	3.15479	3.14188	2.94792	4.68986	4.68986	
118601	6.85697e+17	2.78665e+17	1.21944e+17	7.71552e+16	1.5431e+17	2.31466e+17	3.08621e+17	3.85776e+17	4.62931e+17	5.40086e+17	6.17241e+17	6.93918e+17	7.5054e+17	3.35207e+17	8.6001e+15	6.19264e+15	5.66583e+15	2.47938e+15	1.56873e+15	3.13745e+15	4.70618e+15	6.2749e+15	7.84363e+15	9.41235e+15	1.09811e+16	1.25498e+16	1.43815e+16	2.86069e+16	3.09706e+17	4.54031e+17	3.31253	3.15718	3.15718	3.15718	3.15718	3.15718	3.15718	3.15718	3.15718	3.15718	3.15718	3.14419	2.94903	4.68986	4.68986	
118854	6.85698e+17	2.78665e+17	1.21944e+17	7.71553e+16	1.54311e+17	2.31466e+17	3.08621e+17	3.85776e+17	4.62932e+17	5.40087e+17	6.17242e+17	6.9391e+17	7.50645e+17	3.35207e+17	8.6001e+15	6.19242e+15	5.66559e+15	2.47928e+15	1.56866e+15	3.13732e+15	4.70598e+15	6.27464e+15	7.8433e+15	9.41195e+15	1.09806e+16	1.25493e+16	1.43865e+16	2.85409e+16	3.09706e+17	4.54031e+17	3.31464	3.15957	3.15957	3.15957	3.15957	3.15957	3.15957	3.15957	3.15957	3.15957	3.15957	3.14649	2.95018	4.68986	4.68986	
119107	6.85698e+17	2.78665e+17	1.21945e+17	7.71554e+16	1.54311e+17	2.31466e+17	3.08622e+17	3.85777e+17	4.62932e+17	5.40088e+17	6.17243e+17	6.93902e+17	7.50747e+17	3.35207e+17	8.6001e+15	6.19221e+15	5.66535e+15	2.47917e+15	1.56859e+15	3.13719e+15	4.70578e+15	6.27437e+15	7.84296e+15	9.41156e+15	1.09801e+16	1.25487e+16	1.43915e+16	2.84766e+16	3.09706e+17	4.54031e+17	3.31675	3.16197	3.16197	3.16197	3.16197	3.16197	3.16197	3.16197	3.16197	3.16197	3.16197	3.1488	2.95135	4.68986	4.68986	
119360	6.85698e+17	2.78666e+17	1.21945e+17	7.71555e+16	1.54311e+17	2.31466e+17	3.08622e+17	3.85777e+17	4.62933e+17	5.40088e+17	6.17244e+17	6.93894e+17	7.50846e+17	3.35207e+17	8.6001e+15	6.192e+15	5.66511e+15	2.47907e+15	1.56853e+15	3.13705e+15	4.70558e+15	6.27411e+15	7.84263e+15	9.41116e+15	1.09797e+16	1.25482e+16	1.43965e+16	2.84141e+16	3.09706e+17	4.54031e+17	3.31886	3.16435	3.16435	3.16435	3.16435	3.16435	3.16435	3.16435	3.16435	3.16435	3.16435	3.15109	2.95256	4.68986	4.68986	
119613	6.85699e+17	2.78666e+17	1.21945e+17	7.71556e+16	1.54311e+17	2.31467e+17	3.08622e+17	3.85778e+17	4.62934e+17	5.40089e+17	6.17245e+17	6.93886e+17	7.50942e+17	3.35207e+17	8.6001e+15	6.19178e+15	5.66488e+15	2.47896e+15	1.56846e+15	3.13692e+15	4.70538e+15	6.27384e+15	7.8423e+15	9.41076e+15	1.09792e+16	1.25477e+16	1.44015e+16	2.83534e+16	3.09706e+17	4.54031e+17	3.32097	3.16673	3.16673	3.16673	3.16673	3.16673	3.16673	3.16673	3.16673	3.16673	3.16673	3.15339	2.95379	4.68986	4.68986	
119867	6.85699e+17	2.78666e+17	1.21945e+17	7.71557e+16	1.54311e+17	2.31467e+17	3.08623e+17	3.85779e+17	4.62934e+17	5.4009e+17	6.17246e+17	6.93878e+17	7.51035e+17	3.35207e+17	8.6001e+15	6.19157e+15	5.66464e+15	2.47886e+15	1.5684e+15	3.13679e+15	4.70519e+15	6.27358e+15	7.84198e+15	9.41037e+15	1.09788e+16	1.25472e+16	1.44065e+16	2.82943e+16	3.09706e+17	4.54031e+17	3.32307	3.16911	3.16911	3.16911	3.16911	3.16911	3.16911	3.16911	3.16911	3.16911	3.16911	3.15568	2.95506	4.68986	4.68986	
120120	6.857e+17	2.78667e+17	1.21945e+17	7.71558e+16	1.54312e+17	2.31467e+17	3.08623e+17	3.85779e+17	4.62935e+17	5.40091e+17	6.17247e+17	6.93869e+17	7.51126e+17	3.35207e+17	8.6001e+15	6.19136e+15	5.6644e+15	2.47876e+15	1.56833e+15	3.13666e+15	4.70499e+15	6.27332e+15	7.84165e+15	9.40998e+15	1.09783e+16	1.25466e+16	1.44116e+16	2.82369e+16	3.09706e+17	4.54031e+17	3.32517	3.17148	3.17148	3.17148	3.17148	3.17148	3.17148	3.17148	3.17148	3.17148	3.17148	3.15796	2.95635	4.68986	4.68986	
120373	6.857e+17	2.78667e+17	1.21946e+17	7.71559e+16	1.54312e+17	2.31468e+17	3.08624e+17	3.8578e+17	4.62936e+17	5.40091e+17	6.17247e+17	6.93861e+17	7.51214e+17	3.35207e+17	8.6001e+15	6.19115e+15	5.66417e+15	2.47865e+15	1.56826e+15	3.13653e+15	4.70479e+15	6.27306e+15	7.84132e+15	9.40959e+15	1.09779e+16	1.25461e+16	1.44166e+16	2.81813e+16	3.09706e+17	4.54031e+17	3.32726	3.17384	3.17384	3.17384	3.17384	3.17384	3.17384	3.17384	3.17384	3.17384	3.17384	3.16024	2.95766	4.68986	4.68986	
120627	6.857e+17	2.78668e+17	1.21946e+17	7.7156e+16	1.54312e+17	2.31468e+17	3.08624e+17	3.8578e+17	4.62936e+17	5.40092e+17	6.17248e+17	6.93853e+17	7.513e+17	3.35207e+17	8.6001e+15	6.19094e+15	5.66393e+15	2.47855e+15	1.5682e+15	3.1364e+15	4.7046e+15	6.2728e+15	7.841e+15	9.40919e+15	1.09774e+16	1.25456e+16	1.44217e+16	2.81271e+16	3.09706e+17	4.54031e+17	3.32935	3.17621	3.17621	3.17621	3.17621	3.17621	3.17621	3.17621	3.17621	3.17621	3.17621	3.16252	2.959	4.68986	4.68986	
120880	6.85701e+17	2.78668e+17	1.21946e+17	7.71561e+16	1.54312e+17	2.31468e+17	3.08625e+17	3.85781e+17	4.62937e+17	5.40093e+17	6.17249e+17	6.93844e+17	7.51383e+17	3.35207e+17	8.6001e+15	6.19073e+15	5.6637e+15	2.47845e+15	1.56813e+15	3.13627e+15	4.7044e+15	6.27254e+15	7.84067e+15	9.40881e+15	1.09769e+16	1.25451e+16	1.44268e+16	2.80747e+16	3.09706e+17	4.54031e+17	3.33144	3.17857	3.17857	3.17857	3.17857	3.17857	3.17857	3.17857	3.17857	3.17857	3.17857	3.16479	2.96037	4.68986	4.68986	
121133	6.85701e+17	2.78668e+17	1.21946e+17	7.71562e+16	1.54312e+17	2.31469e+17	3.08625e+17	3.85781e+17	4.62937e+17	5.40094e+17	6.1725e+17	6.93836e+17	7.51464e+17	3.35207e+17	8.6001e+15	6.19052e+15	5.66346e+15	2.47835e+15	1.56807e+15	3.13614e+15	4.70421e+15	6.27228e+15	7.84035e+15	9.40842e+15	1.09765e+16	1.25446e+16	1.44318e+16	2.80238e+16	3.09706e+17	4.54031e+17	3.33353	3.18092	3.18092	3.18092	3.18092	3.18092	3.18092	3.18092	3.18092	3.18092	3.18092	3.16706	2.96176	4.68986	4.68986	
121386	6.85701e+17	2.78669e+17	1.21946e+17	7.71563e+16	1.54313e+17	2.31469e+17	3.08625e+17	3.85782e+17	4.62938e+17	5.40094e+17	6.17251e+17	6.93828e+17	7.51542e+17	3.35207e+17	8.6001e+15	6.19031e+15	5.66323e+15	2.47824e+15	1.568e+15	3.13601e+15	4.70401e+15	6.27202e+15	7.84002e+15	9.40803e+15	1.0976e+16	1.2544e+16	1.44369e+16	2.79745e+16	3.09706e+17	4.54031e+17	3.33561	3.18327	3.18327	3.18327	3.18327	3.18327	3.18327	3.18327	3.18327	3.18327	3.18327	3.16933	2.96318	4.68986	4.68986	
121640	6.85702e+17	2.78669e+17	1.21946e+17	7.71564e+16	1.54313e+17	2.31469e+17	3.08626e+17	3.85782e+17	4.62939e+17	5.40095e+17	6.17252e+17	6.9382e+17	7.51617e+17	3.35207e+17	8.6001e+15	6.1901e+15	5.663e+15	2.47814e+15	1.56794e+15	3.13588e+15	4.70382e+15	6.27176e+15	7.8397e+15	9.40764e+15	1.09756e+16	1.25435e+16	1.4442e+16	2.79266e+16	3.09706e+17	4.54031e+17	3.33769	3.18561	3.18561	3.18561	3.18561	3.18561	3.18561	3.18561	3.18561	3.18561	3.18561	3.17159	2.96462	4.68986	4.68986	
121893	6.85702e+17	2.7867e+17	1.21947e+17	7.71566e+16	1.54313e+17	2.3147e+17	3.08626e+17	3.85783e+17	4.62939e+17	5.40096e+17	6.17252e+17	6.93811e+17	7.51691e+17	3.35207e+17	8.6001e+15	6.18989e+15	5.66276e+15	2.47804e+15	1.56788e+15	3.13575e+15	4.70363e+15	6.27151e+15	7.83938e+15	9.40726e+15	1.09751e+16	1.2543e+16	1.44471e+16	2.78804e+16	3.09706e+17	4.54031e+17	3.33976	3.18795	3.18795	3.18795	3.18795	3.18795	3.18795	3.18795	3.18795	3.18795	3.18795	3.17385	2.96607	4.68986	4.68986	
122146	6.85703e+17	2.7867e+17	1.21947e+17	7.71567e+16	1.54313e+17	2.3147e+17	3.08627e+17	3.85783e+17	4.6294e+17	5.40097e+17	6.17253e+17	6.93803e+17	7.51762e+17	3.35207e+17	8.6001e+15	6.18969e+15	5.66253e+15	2.47794e+15	1.56781e+15	3.13562e+15	4.70344e+15	6.27125e+15	7.83906e+15	9.40687e+15	1.09747e+16	1.25425e+16	1.44522e+16	2.78355e+16	3.09706e+17	4.54031e+17	3.34184	3.19029	3.19029	3.19029	3.19029	3.19029	3.19029	3.19029	3.19029	3.19029	3.19029	3.1761	2.96756	4.68986	4.68986	
122400	6.85703e+17	2.7867e+17	1.21947e+17	7.71568e+16	1.54314e+17	2.3147e+17	3.08627e+17	3.85784e+17	4.62941e+17	5.40097e+17	6.17254e+17	6.93795e+17	7.5183e+17	3.35207e+17	8.6001e+15	6.18948e+15	5.6623e+15	2.47784e+15	1.56775e+15	3.1355e+15	4.70325e+15	6.27099e+15	7.83874e+15	9.40649e+15	1.09742e+16	1.2542e+16	1.44572e+16	2.77921e+16	3.09706e+17	4.54031e+17	3.34391	3.19262	3.19262	3.19262	3.19262	3.19262	3.19262	3.19262	3.19262	3.19262	3.19262	3.17835	2.96906	4.68986	4.68986	
122653	6.85703e+17	2.78671e+17	1.21947e+17	7.71569e+16	1.54314e+17	2.31471e+17	3.08627e+17	3.85784e+17	4.62941e+17	5.40098e+17	6.17255e+17	6.93786e+17	7.51896e+17	3.35207e+17	8.6001e+15	6.18928e+15	5.66207e+15	2.47774e+15	1.56769e+15	3.13537e+15	4.70306e+15	6.27074e+15	7.83843e+15	9.40611e+15	1.09738e+16	1.25415e+16	1.44623e+16	2.77501e+16	3.09706e+17	4.54031e+17	3.34597	3.19495	3.19495	3.19495	3.19495	3.19495	3.19495	3.19495	3.19495	3.19495	3.19495	3.1806	2.97058	4.68986	4.68986	
122906	6.85704e+17	2.78671e+17	1.21947e+17	7.7157e+16	1.54314e+17	2.31471e+17	3.08628e+17	3.85785e+17	4.62942e+17	5.40099e+17	6.17256e+17	6.93778e+17	7.51961e+17	3.35207e+17	8.6001e+15	6.18907e+15	5.66184e+15	2.47764e+15	1.56762e+15	3.13524e+15	4.70286e+15	6.27049e+15	7.83811e+15	9.40573e+15	1.09734e+16	1.2541e+16	1.44674e+16	2.77095e+16	3.09706e+17	4.54031e+17	3.34804	3.19728	3.19728	3.19728	3.19728	3.19728	3.19728	3.19728	3.19728	3.19728	3.19728	3.18284	2.97212	4.68986	4.68986	
123160	6.85704e+17	2.78671e+17	1.21947e+17	7.71571e+16	1.54314e+17	2.31471e+17	3.08628e+17	3.85785e+17	4.62942e+17	5.40099e+17	6.17257e+17	6.9377e+17	7.52023e+17	3.35207e+17	8.6001e+15	6.18887e+15	5.66162e+15	2.47754e+15	1.56756e+15	3.13512e+15	4.70268e+15	6.27023e+15	7.83779e+15	9.40535e+15	1.09729e+16	1.25405e+16	1.44725e+16	2.76703e+16	3.09706e+17	4.54031e+17	3.3501	3.1996	3.1996	3.1996	3.1996	3.1996	3.1996	3.1996	3.1996	3.1996	3.1996	3.18508	2.97368	4.68986	4.68986	
123413	6.85705e+17	2.78672e+17	1.21947e+17	7.71572e+16	1.54314e+17	2.31472e+17	3.08629e+17	3.85786e+17	4.62943e+17	5.401e+17	6.17257e+17	6.93762e+17	7.52082e+17	3.35207e+17	8.6001e+15	6.18867e+15	5.66139e+15	2.47744e+15	1.5675e+15	3.13499e+15	4.70249e+15	6.26998e+15	7.83748e+15	9.40497e+15	1.09725e+16	1.254e+16	1.44775e+16	2.76324e+16	3.09706e+17	4.54031e+17	3.35215	3.20191	3.20191	3.20191	3.20191	3.20191	3.20191	3.20191	3.20191	3.20191	3.20191	3.18732	2.97526	4.68986	4.68986	
123666	6.85705e+17	2.78672e+17	1.21948e+17	7.71573e+16	1.54315e+17	2.31472e+17	3.08629e+17	3.85786e+17	4.62944e+17	5.40101e+17	6.17258e+17	6.93753e+17	7.5214e+17	3.35207e+17	8.6001e+15	6.18846e+15	5.66116e+15	2.47734e+15	1.56743e+15	3.13487e+15	4.7023e+15	6.26973e+15	7.83716e+15	9.4046e+15	1.0972e+16	1.25395e+16	1.44826e+16	2.75958e+16	3.09706e+17	4.54031e+17	3.35421	3.20422	3.20422	3.20422	3.20422	3.20422	3.20422	3.20422	3.20422	3.20422	3.20422	3.18955	2.97686	4.68986	4.68986	
123920	6.85705e+17	2.78673e+17	1.21948e+17	7.71574e+16	1.54315e+17	2.31472e+17	3.0863e+17	3.85787e+17	4.62944e+17	5.40102e+17	6.17259e+17	6.93745e+17	7.52196e+17	3.35207e+17	8.6001e+15	6.18826e+15	5.66093e+15	2.47724e+15	1.56737e+15	3.13474e+15	4.70211e+15	6.26948e+15	7.83685e+15	9.40422e+15	1.09716e+16	1.2539e+16	1.44877e+16	2.75605e+16	3.09706e+17	4.54031e+17	3.35626	3.20653	3.20653	3.20653	3.20653	3.20653	3.20653	3.20653	3.20653	3.20653	3.20653	3.19178	2.97847	4.68986	4.68986	
124173	6.85706e+17	2.78673e+17	1.21948e+17	7.71575e+16	1.54315e+17	2.31472e+17	3.0863e+17	3.85787e+17	4.62945e+17	5.40102e+17	6.1726e+17	6.93737e+17	7.5225e+17	3.35207e+17	8.6001e+15	6.18806e+15	5.66071e+15	2.47714e+15	1.56731e+15	3.13461e+15	4.70192e+15	6.26923e+15	7.83654e+15	9.40384e+15	1.09712e+16	1.25385e+16	1.44927e+16	2.75266e+16	3.09706e+17	4.54031e+17	3.3583	3.20883	3.20883	3.20883	3.20883	3.20883	3.20883	3.20883	3.20883	3.20883	3.20883	3.194	2.9801	4.68986	4.68986	
124426	6.85706e+17	2.78673e+17	1.21948e+17	7.71576e+16	1.54315e+17	2.31473e+17	3.0863e+17	3.85788e+17	4.62945e+17	5.40103e+17	6.17261e+17	6.93729e+17	7.52301e+17	3.35207e+17	8.6001e+15	6.18786e+15	5.66048e+15	2.47704e+15	1.56725e+15	3.13449e+15	4.70174e+15	6.26898e+15	7.83623e+15	9.40347e+15	1.09707e+16	1.2538e+16	1.44978e+16	2.74938e+16	3.09706e+17	4.54031e+17	3.36035	3.21113	3.21113	3.21113	3.21113	3.21113	3.21113	3.21113	3.21113	3.21113	3.21113	3.19622	2.98175	4.68986	4.68986	
124680	6.85706e+17	2.78674e+17	1.21948e+17	7.71577e+16	1.54315e+17	2.31473e+17	3.08631e+17	3.85788e+17	4.62946e+17	5.40104e+17	6.17261e+17	6.9372e+17	7.52351e+17	3.35207e+17	8.6001e+15	6.18766e+15	5.66026e+15	2.47694e+15	1.56718e+15	3.13437e+15	4.70155e+15	6.26873e+15	7.83592e+15	9.4031e+15	1.09703e+16	1.25375e+16	1.45029e+16	2.74622e+16	3.09706e+17	4.54031e+17	3.36239	3.21343	3.21343	3.21343	3.21343	3.21343	3.21343	3.21343	3.21343	3.21343	3.21343	3.19844	2.98341	4.68986	4.68986	
124933	6.85707e+17	2.78674e+17	1.21948e+17	7.71578e+16	1.54316e+17	2.31473e+17	3.08631e+17	3.85789e+17	4.62947e+17	5.40104e+17	6.17262e+17	6.93712e+17	7.52399e+17	3.35207e+17	8.6001e+15	6.18746e+15	5.66004e+15	2.47685e+15	1.56712e+15	3.13424e+15	4.70136e+15	6.26848e+15	7.83561e+15	9.40273e+15	1.09698e+16	1.2537e+16	1.45079e+16	2.74319e+16	3.09706e+17	4.54031e+17	3.36442	3.21571	3.21571	3.21571	3.21571	3.21571	3.21571	3.21571	3.21571	3.21571	3.21571	3.20065	2.98509	4.68986	4.68986	
125187	6.85707e+17	2.78674e+17	1.21949e+17	7.71579e+16	1.54316e+17	2.31474e+17	3.08632e+17	3.85789e+17	4.62947e+17	5.40105e+17	6.17263e+17	6.93704e+17	7.52445e+17	3.35207e+17	8.6001e+15	6.18726e+15	5.65981e+15	2.47675e+15	1.56706e+15	3.13412e+15	4.70118e+15	6.26824e+15	7.8353e+15	9.40236e+15	1.09694e+16	1.25365e+16	1.45129e+16	2.74027e+16	3.09706e+17	4.54031e+17	3.36646	3.218	3.218	3.218	3.218	3.218	3.218	3.218	3.218	3.218	3.218	3.20286	2.98678	4.68986	4.68986	
125440	6.85707e+17	2.78675e+17	1.21949e+17	7.7158e+16	1.54316e+17	2.31474e+17	3.08632e+17	3.8579e+17	4.62948e+17	5.40106e+17	6.17264e+17	6.93696e+17	7.52489e+17	3.35207e+17	8.6001e+15	6.18706e+15	5.65959e+15	2.47665e+15	1.567e+15	3.134e+15	4.70099e+15	6.26799e+15	7.83499e+15	9.40199e+15	1.0969e+16	1.2536e+16	1.4518e+16	2.73747e+16	3.09706e+17	4.54031e+17	3.36849	3.22029	3.22029	3.22029	3.22029	3.22029	3.22029	3.22029	3.22029	3.22029	3.22029	3.20507	2.98849	4.68986	4.68986	
125693	6.85708e+17	2.78675e+17	1.21949e+17	7.71581e+16	1.54316e+17	2.31474e+17	3.08632e+17	3.8579e+17	4.62948e+17	5.40107e+17	6.17265e+17	6.93687e+17	7.52531e+17	3.35207e+17	8.6001e+15	6.18687e+15	5.65937e+15	2.47655e+15	1.56694e+15	3.13387e+15	4.70081e+15	6.26775e+15	7.83468e+15	9.40162e+15	1.09686e+16	1.25355e+16	1.4523e+16	2.73479e+16	3.09706e+17	4.54031e+17	3.37052	3.22256	3.22256	3.22256	3.22256	3.22256	3.22256	3.22256	3.22256	3.22256	3.22256	3.20727	2.99021	4.68986	4.68986	
125947	6.85708e+17	2.78675e+17	1.21949e+17	7.71582e+16	1.54316e+17	2.31475e+17	3.08633e+17	3.85791e+17	4.62949e+17	5.40107e+17	6.17265e+17	6.93679e+17	7.52572e+17	3.35207e+17	8.6001e+15	6.18667e+15	5.65915e+15	2.47646e+15	1.56688e+15	3.13375e+15	4.70063e+15	6.2675e+15	7.83438e+15	9.40125e+15	1.09681e+16	1.2535e+16	1.4528e+16	2.73221e+16	3.09706e+17	4.54031e+17	3.37254	3.22484	3.22484	3.22484	3.22484	3.22484	3.22484	3.22484	3.22484	3.22484	3.22484	3.20947	2.99194	4.68986	4.68986	
126201	6.85709e+17	2.78676e+17	1.21949e+17	7.71583e+16	1.54317e+17	2.31475e+17	3.08633e+17	3.85791e+17	4.6295e+17	5.40108e+17	6.17266e+17	6.93671e+17	7.52611e+17	3.35207e+17	8.6001e+15	6.18647e+15	5.65893e+15	2.47636e+15	1.56681e+15	3.13363e+15	4.70044e+15	6.26726e+15	7.83407e+15	9.40089e+15	1.09677e+16	1.25345e+16	1.4533e+16	2.72974e+16	3.09706e+17	4.54031e+17	3.37457	3.22711	3.22711	3.22711	3.22711	3.22711	3.22711	3.22711	3.22711	3.22711	3.22711	3.21167	2.99369	4.68986	4.68986	
126454	6.85709e+17	2.78676e+17	1.21949e+17	7.71584e+16	1.54317e+17	2.31475e+17	3.08634e+17	3.85792e+17	4.6295e+17	5.40109e+17	6.17267e+17	6.93663e+17	7.52648e+17	3.35207e+17	8.6001e+15	6.18628e+15	5.65871e+15	2.47627e+15	1.56675e+15	3.13351e+15	4.70026e+15	6.26701e+15	7.83377e+15	9.40052e+15	1.09673e+16	1.2534e+16	1.4538e+16	2.72738e+16	3.09706e+17	4.54031e+17	3.37658	3.22937	3.22937	3.22937	3.22937	3.22937	3.22937	3.22937	3.22937	3.22937	3.22937	3.21386	2.99544	4.68986	4.68986	
126708	6.85709e+17	2.78676e+17	1.2195e+17	7.71585e+16	1.54317e+17	2.31475e+17	3.08634e+17	3.85792e+17	4.62951e+17	5.40109e+17	6.17268e+17	6.93655e+17	7.52684e+17	3.35207e+17	8.6001e+15	6.18608e+15	5.65849e+15	2.47617e+15	1.56669e+15	3.13339e+15	4.70008e+15	6.26677e+15	7.83346e+15	9.40016e+15	1.09669e+16	1.25335e+16	1.4543e+16	2.72512e+16	3.09706e+17	4.54031e+17	3.3786	3.23164	3.23164	3.23164	3.23164	3.23164	3.23164	3.23164	3.23164	3.23164	3.23164	3.21605	2.99721	4.68986	4.68986	
126961	6.8571e+17	2.78677e+17	1.2195e+17	7.71586e+16	1.54317e+17	2.31476e+17	3.08634e+17	3.85793e+17	4.62951e+17	5.4011e+17	6.17269e+17	6.93647e+17	7.52717e+17	3.35207e+17	8.6001e+15	6.18589e+15	5.65827e+15	2.47607e+15	1.56663e+15	3.13327e+15	4.6999e+15	6.26653e+15	7.83316e+15	9.3998e+15	1.09664e+16	1.25331e+16	1.45479e+16	2.72296e+16	3.09706e+17	4.54031e+17	3.38061	3.2339	3.2339	3.2339	3.2339	3.2339	3.2339	3.2339	3.2339	3.2339	3.2339	3.21823	2.99899	4.68986	4.68986	
127214	6.8571e+17	2.78677e+17	1.2195e+17	7.71587e+16	1.54317e+17	2.31476e+17	3.08635e+17	3.85793e+17	4.62952e+17	5.40111e+17	6.17269e+17	6.93639e+17	7.5275e+17	3.35207e+17	8.6001e+15	6.1857e+15	5.65805e+15	2.47598e+15	1.56657e+15	3.13314e+15	4.69972e+15	6.26629e+15	7.83286e+15	9.39943e+15	1.0966e+16	1.25326e+16	1.45529e+16	2.72091e+16	3.09706e+17	4.54031e+17	3.38262	3.23615	3.23615	3.23615	3.23615	3.23615	3.23615	3.23615	3.23615	3.23615	3.23615	3.22041	3.00078	4.68986	4.68986	
127468	6.8571e+17	2.78678e+17	1.2195e+17	7.71588e+16	1.54318e+17	2.31476e+17	3.08635e+17	3.85794e+17	4.62953e+17	5.40111e+17	6.1727e+17	6.93631e+17	7.5278e+17	3.35207e+17	8.6001e+15	6.1855e+15	5.65784e+15	2.47588e+15	1.56651e+15	3.13302e+15	4.69954e+15	6.26605e+15	7.83256e+15	9.39907e+15	1.09656e+16	1.25321e+16	1.45579e+16	2.71895e+16	3.09706e+17	4.54031e+17	3.38463	3.23841	3.23841	3.23841	3.23841	3.23841	3.23841	3.23841	3.23841	3.23841	3.23841	3.22259	3.00259	4.68986	4.68986	
127722	6.85711e+17	2.78678e+17	1.2195e+17	7.71589e+16	1.54318e+17	2.31477e+17	3.08635e+17	3.85794e+17	4.62953e+17	5.40112e+17	6.17271e+17	6.93622e+17	7.5281e+17	3.35207e+17	8.6001e+15	6.18531e+15	5.65762e+15	2.47579e+15	1.56645e+15	3.1329e+15	4.69936e+15	6.26581e+15	7.83226e+15	9.39871e+15	1.09652e+16	1.25316e+16	1.45628e+16	2.71708e+16	3.09706e+17	4.54031e+17	3.38663	3.24065	3.24065	3.24065	3.24065	3.24065	3.24065	3.24065	3.24065	3.24065	3.24065	3.22477	3.0044	4.68986	4.68986	
127975	6.85711e+17	2.78678e+17	1.2195e+17	7.7159e+16	1.54318e+17	2.31477e+17	3.08636e+17	3.85795e+17	4.62954e+17	5.40113e+17	6.17272e+17	6.93614e+17	7.52837e+17	3.35207e+17	8.6001e+15	6.18512e+15	5.65741e+15	2.4757e+15	1.56639e+15	3.13279e+15	4.69918e+15	6.26557e+15	7.83196e+15	9.39836e+15	1.09647e+16	1.25311e+16	1.45677e+16	2.71532e+16	3.09706e+17	4.54031e+17	3.38863	3.24289	3.24289	3.24289	3.24289	3.24289	3.24289	3.24289	3.24289	3.24289	3.24289	3.22693	3.00622	4.68986	4.68986	
128225	6.85711e+17	2.78679e+17	1.2195e+17	7.71591e+16	1.54318e+17	2.31477e+17	3.08636e+17	3.85795e+17	4.62954e+17	5.40113e+17	6.17272e+17	6.93606e+17	7.52863e+17	3.35207e+17	8.6001e+15	6.18493e+15	5.65719e+15	2.4756e+15	1.56633e+15	3.13267e+15	4.699e+15	6.26534e+15	7.83167e+15	9.398e+15	1.09643e+16	1.25307e+16	1.45726e+16	2.71366e+16	3.09706e+17	4.54031e+17	3.3906	3.2451	3.2451	3.2451	3.2451	3.2451	3.2451	3.2451	3.2451	3.2451	3.2451	3.22907	3.00803	4.68986	4.68986	
128479	6.85712e+17	2.78679e+17	1.21951e+17	7.71592e+16	1.54318e+17	2.31477e+17	3.08637e+17	3.85796e+17	4.62955e+17	5.40114e+17	6.17273e+17	6.93598e+17	7.52888e+17	3.35207e+17	8.6001e+15	6.18474e+15	5.65698e+15	2.47551e+15	1.56627e+15	3.13255e+15	4.69882e+15	6.2651e+15	7.83137e+15	9.39765e+15	1.09639e+16	1.25302e+16	1.45775e+16	2.71208e+16	3.09706e+17	4.54031e+17	3.39259	3.24734	3.24734	3.24734	3.24734	3.24734	3.24734	3.24734	3.24734	3.24734	3.24734	3.23124	3.00987	4.68986	4.68986	
128729	6.85712e+17	2.78679e+17	1.21951e+17	7.71593e+16	1.54319e+17	2.31478e+17	3.08637e+17	3.85796e+17	4.62956e+17	5.40115e+17	6.17274e+17	6.93591e+17	7.52911e+17	3.35207e+17	8.60009e+15	6.18455e+15	5.65677e+15	2.47542e+15	1.56622e+15	3.13243e+15	4.69865e+15	6.26487e+15	7.83108e+15	9.3973e+15	1.09635e+16	1.25297e+16	1.45823e+16	2.7106e+16	3.09706e+17	4.54031e+17	3.39456	3.24954	3.24954	3.24954	3.24954	3.24954	3.24954	3.24954	3.24954	3.24954	3.24954	3.23337	3.01169	4.68986	4.68986	
128982	6.85712e+17	2.7868e+17	1.21951e+17	7.71593e+16	1.54319e+17	2.31478e+17	3.08637e+17	3.85797e+17	4.62956e+17	5.40115e+17	6.17275e+17	6.93583e+17	7.52933e+17	3.35207e+17	8.60009e+15	6.18437e+15	5.65656e+15	2.47532e+15	1.56616e+15	3.13232e+15	4.69847e+15	6.26463e+15	7.83079e+15	9.39695e+15	1.09631e+16	1.25293e+16	1.45872e+16	2.70919e+16	3.09706e+17	4.54031e+17	3.39654	3.25177	3.25177	3.25177	3.25177	3.25177	3.25177	3.25177	3.25177	3.25177	3.25177	3.23552	3.01355	4.68986	4.68986	
129232	6.85713e+17	2.7868e+17	1.21951e+17	7.71594e+16	1.54319e+17	2.31478e+17	3.08638e+17	3.85797e+17	4.62957e+17	5.40116e+17	6.17276e+17	6.93575e+17	7.52954e+17	3.35207e+17	8.60009e+15	6.18418e+15	5.65635e+15	2.47523e+15	1.5661e+15	3.1322e+15	4.6983e+15	6.2644e+15	7.8305e+15	9.3966e+15	1.09627e+16	1.25288e+16	1.4592e+16	2.70787e+16	3.09706e+17	4.54031e+17	3.3985	3.25396	3.25396	3.25396	3.25396	3.25396	3.25396	3.25396	3.25396	3.25396	3.25396	3.23765	3.01539	4.68986	4.68986	
129482	6.85713e+17	2.7868e+17	1.21951e+17	7.71595e+16	1.54319e+17	2.31479e+17	3.08638e+17	3.85798e+17	4.62957e+17	5.40117e+17	6.17276e+17	6.93567e+17	7.52973e+17	3.35206e+17	8.60009e+15	6.18399e+15	5.65614e+15	2.47514e+15	1.56604e+15	3.13208e+15	4.69813e+15	6.26417e+15	7.83021e+15	9.39625e+15	1.09623e+16	1.25283e+16	1.45968e+16	2.70664e+16	3.09706e+17	4.54031e+17	3.40046	3.25615	3.25615	3.25615	3.25615	3.25615	3.25615	3.25615	3.25615	3.25615	3.25615	3.23977	3.01723	4.68986	4.68986	
129736	6.85713e+17	2.78681e+17	1.21951e+17	7.71596e+16	1.54319e+17	2.31479e+17	3.08639e+17	3.85798e+17	4.62958e+17	5.40117e+17	6.17277e+17	6.93559e+17	7.52991e+17	3.35206e+17	8.60009e+15	6.18381e+15	5.65593e+15	2.47505e+15	1.56598e+15	3.13197e+15	4.69795e+15	6.26393e+15	7.82992e+15	9.3959e+15	1.09619e+16	1.25279e+16	1.46017e+16	2.70548e+16	3.09706e+17	4.54031e+17	3.40244	3.25837	3.25837	3.25837	3.25837	3.25837	3.25837	3.25837	3.25837	3.25837	3.25837	3.24192	3.01912	4.68986	4.68986	
129990	6.85714e+17	2.78681e+17	1.21952e+17	7.71597e+16	1.54319e+17	2.31479e+17	3.08639e+17	3.85799e+17	4.62958e+17	5.40118e+17	6.17278e+17	6.93551e+17	7.53008e+17	3.35206e+17	8.60009e+15	6.18362e+15	5.65572e+15	2.47496e+15	1.56592e+15	3.13185e+15	4.69777e+15	6.2637e+15	7.82962e+15	9.39555e+15	1.09615e+16	1.25274e+16	1.46066e+16	2.70439e+16	3.09706e+17	4.54031e+17	3.40441	3.26059	3.26059	3.26059	3.26059	3.26059	3.26059	3.26059	3.26059	3.26059	3.26059	3.24406	3.02101	4.68986	4.68986	
130243	6.85714e+17	2.78681e+17	1.21952e+17	7.71598e+16	1.5432e+17	2.31479e+17	3.08639e+17	3.85799e+17	4.62959e+17	5.40119e+17	6.17279e+17	6.93543e+17	7.53024e+17	3.35206e+17	8.60009e+15	6.18343e+15	5.65551e+15	2.47486e+15	1.56587e+15	3.13173e+15	4.6976e+15	6.26347e+15	7.82933e+15	9.3952e+15	1.09611e+16	1.25269e+16	1.46114e+16	2.70338e+16	3.09706e+17	4.54031e+17	3.40638	3.26279	3.26279	3.26279	3.26279	3.26279	3.26279	3.26279	3.26279	3.26279	3.26279	3.2462	3.0229	4.68986	4.68986	
130497	6.85715e+17	2.78682e+17	1.21952e+17	7.71599e+16	1.5432e+17	2.3148e+17	3.0864e+17	3.858e+17	4.62959e+17	5.40119e+17	6.17279e+17	6.93535e+17	7.53038e+17	3.35206e+17	8.60009e+15	6.18325e+15	5.6553e+15	2.47477e+15	1.56581e+15	3.13162e+15	4.69743e+15	6.26324e+15	7.82905e+15	9.39485e+15	1.09607e+16	1.25265e+16	1.46162e+16	2.70244e+16	3.09706e+17	4.54031e+17	3.40836	3.265	3.265	3.265	3.265	3.265	3.265	3.265	3.265	3.265	3.265	3.24834	3.0248	4.68986	4.68986	
130751	6.85715e+17	2.78682e+17	1.21952e+17	7.716e+16	1.5432e+17	2.3148e+17	3.0864e+17	3.858e+17	4.6296e+17	5.4012e+17	6.1728e+17	6.93527e+17	7.53052e+17	3.35206e+17	8.60009e+15	6.18306e+15	5.65509e+15	2.47468e+15	1.56575e+15	3.1315e+15	4.69725e+15	6.26301e+15	7.82876e+15	9.39451e+15	1.09603e+16	1.2526e+16	1.4621e+16	2.70158e+16	3.09706e+17	4.54031e+17	3.41032	3.26721	3.26721	3.26721	3.26721	3.26721	3.26721	3.26721	3.26721	3.26721	3.26721	3.25048	3.02671	4.68986	4.68986	
131004	6.85715e+17	2.78682e+17	1.21952e+17	7.71601e+16	1.5432e+17	2.3148e+17	3.0864e+17	3.85801e+17	4.62961e+17	5.40121e+17	6.17281e+17	6.9352e+17	7.53064e+17	3.35206e+17	8.60009e+15	6.18288e+15	5.65488e+15	2.47459e+15	1.56569e+15	3.13139e+15	4.69708e+15	6.26278e+15	7.82847e+15	9.39416e+15	1.09599e+16	1.25256e+16	1.46258e+16	2.7008e+16	3.09706e+17	4.54031e+17	3.41228	3.2694	3.2694	3.2694	3.2694	3.2694	3.2694	3.2694	3.2694	3.2694	3.2694	3.2526	3.02862	4.68986	4.68986	
131258	6.85716e+17	2.78683e+17	1.21952e+17	7.71602e+16	1.5432e+17	2.31481e+17	3.08641e+17	3.85801e+17	4.62961e+17	5.40121e+17	6.17282e+17	6.93512e+17	7.53075e+17	3.35206e+17	8.60009e+15	6.1827e+15	5.65467e+15	2.4745e+15	1.56564e+15	3.13127e+15	4.69691e+15	6.26255e+15	7.82818e+15	9.39382e+15	1.09595e+16	1.25251e+16	1.46306e+16	2.70008e+16	3.09706e+17	4.54031e+17	3.41425	3.2716	3.2716	3.2716	3.2716	3.2716	3.2716	3.2716	3.2716	3.2716	3.2716	3.25474	3.03054	4.68986	4.68986	
131512	6.85716e+17	2.78683e+17	1.21952e+17	7.71603e+16	1.54321e+17	2.31481e+17	3.08641e+17	3.85801e+17	4.62962e+17	5.40122e+17	6.17282e+17	6.93504e+17	7.53085e+17	3.35206e+17	8.60009e+15	6.18251e+15	5.65447e+15	2.47441e+15	1.56558e+15	3.13116e+15	4.69674e+15	6.26232e+15	7.8279e+15	9.39348e+15	1.09591e+16	1.25246e+16	1.46354e+16	2.69943e+16	3.09706e+17	4.54031e+17	3.41621	3.27379	3.27379	3.27379	3.27379	3.27379	3.27379	3.27379	3.27379	3.27379	3.27379	3.25686	3.03247	4.68986	4.68986	
131765	6.85716e+17	2.78683e+17	1.21953e+17	7.71604e+16	1.54321e+17	2.31481e+17	3.08642e+17	3.85802e+17	4.62962e+17	5.40123e+17	6.17283e+17	6.93496e+17	7.53093e+17	3.35206e+17	8.60009e+15	6.18233e+15	5.65426e+15	2.47432e+15	1.56552e+15	3.13104e+15	4.69657e+15	6.26209e+15	7.82761e+15	9.39313e+15	1.09587e+16	1.25242e+16	1.46402e+16	2.69885e+16	3.09706e+17	4.54031e+17	3.41816	3.27598	3.27598	3.27598	3.27598	3.27598	3.27598	3.27598	3.27598	3.27598	3.27598	3.25898	3.03439	4.68986	4.68986	
132019	6.85717e+17	2.78684e+17	1.21953e+17	7.71605e+16	1.54321e+17	2.31481e+17	3.08642e+17	3.85802e+17	4.62963e+17	5.40123e+17	6.17284e+17	6.93488e+17	7.53101e+17	3.35206e+17	8.60009e+15	6.18215e+15	5.65406e+15	2.47423e+15	1.56547e+15	3.13093e+15	4.6964e+15	6.26186e+15	7.82733e+15	9.39279e+15	1.09583e+16	1.25237e+16	1.4645e+16	2.69834e+16	3.09706e+17	4.54031e+17	3.42011	3.27817	3.27817	3.27817	3.27817	3.27817	3.27817	3.27817	3.27817	3.27817	3.27817	3.2611	3.03633	4.68986	4.68986	
132273	6.85717e+17	2.78684e+17	1.21953e+17	7.71606e+16	1.54321e+17	2.31482e+17	3.08642e+17	3.85803e+17	4.62963e+17	5.40124e+17	6.17285e+17	6.93481e+17	7.53108e+17	3.35206e+17	8.60009e+15	6.18197e+15	5.65385e+15	2.47414e+15	1.56541e+15	3.13082e+15	4.69623e+15	6.26164e+15	7.82704e+15	9.39245e+15	1.09579e+16	1.25233e+16	1.46497e+16	2.69789e+16	3.09706e+17	4.54031e+17	3.42206	3.28035	3.28035	3.28035	3.28035	3.28035	3.28035	3.28035	3.28035	3.28035	3.28035	3.26321	3.03827	4.68986	4.68986	
132526	6.85717e+17	2.78684e+17	1.21953e+17	7.71607e+16	1.54321e+17	2.31482e+17	3.08643e+17	3.85803e+17	4.62964e+17	5.40125e+17	6.17285e+17	6.93473e+17	7.53114e+17	3.35206e+17	8.60009e+15	6.18179e+15	5.65365e+15	2.47405e+15	1.56535e+15	3.13071e+15	4.69606e+15	6.26141e+15	7.82676e+15	9.39212e+15	1.09575e+16	1.25228e+16	1.46544e+16	2.69751e+16	3.09706e+17	4.54031e+17	3.424	3.28252	3.28252	3.28252	3.28252	3.28252	3.28252	3.28252	3.28252	3.28252	3.28252	3.26532	3.04021	4.68986	4.68986	
132781	6.85718e+17	2.78685e+17	1.21953e+17	7.71607e+16	1.54321e+17	2.31482e+17	3.08643e+17	3.85804e+17	4.62964e+17	5.40125e+17	6.17286e+17	6.93465e+17	7.53118e+17	3.35206e+17	8.60009e+15	6.18161e+15	5.65345e+15	2.47396e+15	1.5653e+15	3.13059e+15	4.69589e+15	6.26118e+15	7.82648e+15	9.39178e+15	1.09571e+16	1.25224e+16	1.46592e+16	2.69718e+16	3.09706e+17	4.54031e+17	3.42595	3.2847	3.2847	3.2847	3.2847	3.2847	3.2847	3.2847	3.2847	3.2847	3.2847	3.26743	3.04217	4.68986	4.68986	
133034	6.85718e+17	2.78685e+17	1.21953e+17	7.71608e+16	1.54322e+17	2.31483e+17	3.08643e+17	3.85804e+17	4.62965e+17	5.40126e+17	6.17287e+17	6.93457e+17	7.53122e+17	3.35206e+17	8.60009e+15	6.18143e+15	5.65324e+15	2.47387e+15	1.56524e+15	3.13048e+15	4.69572e+15	6.26096e+15	7.8262e+15	9.39144e+15	1.09567e+16	1.25219e+16	1.46639e+16	2.69692e+16	3.09706e+17	4.54031e+17	3.42789	3.28687	3.28687	3.28687	3.28687	3.28687	3.28687	3.28687	3.28687	3.28687	3.28687	3.26954	3.04412	4.68986	4.68986	
133288	6.85718e+17	2.78685e+17	1.21953e+17	7.71609e+16	1.54322e+17	2.31483e+17	3.08644e+17	3.85805e+17	4.62966e+17	5.40127e+17	6.17287e+17	6.9345e+17	7.53125e+17	3.35206e+17	8.60009e+15	6.18125e+15	5.65304e+15	2.47379e+15	1.56518e+15	3.13037e+15	4.69555e+15	6.26074e+15	7.82592e+15	9.39111e+15	1.09563e+16	1.25215e+16	1.46686e+16	2.69672e+16	3.09706e+17	4.54031e+17	3.42982	3.28904	3.28904	3.28904	3.28904	3.28904	3.28904	3.28904	3.28904	3.28904	3.28904	3.27164	3.04607	4.68986	4.68986	
133538	6.85719e+17	2.78686e+17	1.21954e+17	7.7161e+16	1.54322e+17	2.31483e+17	3.08644e+17	3.85805e+17	4.62966e+17	5.40127e+17	6.17288e+17	6.93442e+17	7.53127e+17	3.35206e+17	8.60009e+15	6.18107e+15	5.65284e+15	2.4737e+15	1.56513e+15	3.13026e+15	4.69539e+15	6.26052e+15	7.82565e+15	9.39078e+15	1.09559e+16	1.2521e+16	1.46732e+16	2.69657e+16	3.09706e+17	4.54031e+17	3.43173	3.29117	3.29117	3.29117	3.29117	3.29117	3.29117	3.29117	3.29117	3.29117	3.29117	3.27371	3.048	4.68986	4.68986	
133792	6.85719e+17	2.78686e+17	1.21954e+17	7.71611e+16	1.54322e+17	2.31483e+17	3.08644e+17	3.85806e+17	4.62967e+17	5.40128e+17	6.17289e+17	6.93434e+17	7.53128e+17	3.35206e+17	8.60009e+15	6.1809e+15	5.65264e+15	2.47361e+15	1.56507e+15	3.13015e+15	4.69522e+15	6.26029e+15	7.82537e+15	9.39044e+15	1.09555e+16	1.25206e+16	1.46779e+16	2.69648e+16	3.09706e+17	4.54031e+17	3.43366	3.29333	3.29333	3.29333	3.29333	3.29333	3.29333	3.29333	3.29333	3.29333	3.29333	3.2758	3.04997	4.68986	4.68986	
134045	6.85719e+17	2.78686e+17	1.21954e+17	7.71612e+16	1.54322e+17	2.31484e+17	3.08645e+17	3.85806e+17	4.62967e+17	5.40128e+17	6.1729e+17	6.93427e+17	7.53128e+17	3.35206e+17	8.60009e+15	6.18072e+15	5.65244e+15	2.47352e+15	1.56502e+15	3.13004e+15	4.69505e+15	6.26007e+15	7.82509e+15	9.39011e+15	1.09551e+16	1.25201e+16	1.46826e+16	2.69645e+16	3.09706e+17	4.54031e+17	3.43559	3.29548	3.29548	3.29548	3.29548	3.29548	3.29548	3.29548	3.29548	3.29548	3.29548	3.27789	3.05193	4.68986	4.68986	
134299	6.8572e+17	2.78687e+17	1.21954e+17	7.71613e+16	1.54323e+17	2.31484e+17	3.08645e+17	3.85806e+17	4.62968e+17	5.40129e+17	6.1729e+17	6.93419e+17	7.53128e+17	3.35206e+17	8.60009e+15	6.18054e+15	5.65224e+15	2.47344e+15	1.56496e+15	3.12993e+15	4.69489e+15	6.25985e+15	7.82482e+15	9.38978e+15	1.09547e+16	1.25197e+16	1.46873e+16	2.69647e+16	3.09706e+17	4.54031e+17	3.43751	3.29764	3.29764	3.29764	3.29764	3.29764	3.29764	3.29764	3.29764	3.29764	3.29764	3.27998	3.0539	4.68986	4.68986	
134553	6.8572e+17	2.78687e+17	1.21954e+17	7.71614e+16	1.54323e+17	2.31484e+17	3.08646e+17	3.85807e+17	4.62968e+17	5.4013e+17	6.17291e+17	6.93412e+17	7.53126e+17	3.35206e+17	8.60009e+15	6.18037e+15	5.65204e+15	2.47335e+15	1.56491e+15	3.12982e+15	4.69472e+15	6.25963e+15	7.82454e+15	9.38945e+15	1.09544e+16	1.25193e+16	1.4692e+16	2.69654e+16	3.09706e+17	4.54031e+17	3.43943	3.29979	3.29979	3.29979	3.29979	3.29979	3.29979	3.29979	3.29979	3.29979	3.29979	3.28207	3.05588	4.68986	4.68986	
134807	6.8572e+17	2.78687e+17	1.21954e+17	7.71615e+16	1.54323e+17	2.31484e+17	3.08646e+17	3.85807e+17	4.62969e+17	5.4013e+17	6.17292e+17	6.93404e+17	7.53124e+17	3.35206e+17	8.60009e+15	6.18019e+15	5.65185e+15	2.47326e+15	1.56485e+15	3.12971e+15	4.69456e+15	6.25941e+15	7.82427e+15	9.38912e+15	1.0954e+16	1.25188e+16	1.46966e+16	2.69666e+16	3.09706e+17	4.54031e+17	3.44135	3.30193	3.30193	3.30193	3.30193	3.30193	3.30193	3.30193	3.30193	3.30193	3.30193	3.28415	3.05785	4.68986	4.68986	
135061	6.85721e+17	2.78688e+17	1.21954e+17	7.71616e+16	1.54323e+17	2.31485e+17	3.08646e+17	3.85808e+17	4.62969e+17	5.40131e+17	6.17292e+17	6.93396e+17	7.53121e+17	3.35206e+17	8.60009e+15	6.18002e+15	5.65165e+15	2.47318e+15	1.5648e+15	3.1296e+15	4.6944e+15	6.25919e+15	7.82399e+15	9.38879e+15	1.09536e+16	1.25184e+16	1.47013e+16	2.69683e+16	3.09706e+17	4.54031e+17	3.44327	3.30408	3.30408	3.30408	3.30408	3.30408	3.30408	3.30408	3.30408	3.30408	3.30408	3.28623	3.05983	4.68986	4.68986	
135314	6.85721e+17	2.78688e+17	1.21955e+17	7.71616e+16	1.54323e+17	2.31485e+17	3.08647e+17	3.85808e+17	4.6297e+17	5.40132e+17	6.17293e+17	6.93389e+17	7.53117e+17	3.35206e+17	8.60009e+15	6.17984e+15	5.65145e+15	2.47309e+15	1.56474e+15	3.12949e+15	4.69423e+15	6.25898e+15	7.82372e+15	9.38846e+15	1.09532e+16	1.2518e+16	1.47059e+16	2.69705e+16	3.09706e+17	4.54031e+17	3.44518	3.30621	3.30621	3.30621	3.30621	3.30621	3.30621	3.30621	3.30621	3.30621	3.30621	3.28831	3.06181	4.68986	4.68986	
135564	6.85721e+17	2.78688e+17	1.21955e+17	7.71617e+16	1.54323e+17	2.31485e+17	3.08647e+17	3.85809e+17	4.6297e+17	5.40132e+17	6.17294e+17	6.93381e+17	7.53112e+17	3.35206e+17	8.60009e+15	6.17967e+15	5.65126e+15	2.473e+15	1.56469e+15	3.12938e+15	4.69407e+15	6.25876e+15	7.82345e+15	9.38814e+15	1.09528e+16	1.25175e+16	1.47105e+16	2.69732e+16	3.09706e+17	4.54031e+17	3.44706	3.30832	3.30832	3.30832	3.30832	3.30832	3.30832	3.30832	3.30832	3.30832	3.30832	3.29035	3.06377	4.68986	4.68986	
135815	6.85721e+17	2.78689e+17	1.21955e+17	7.71618e+16	1.54324e+17	2.31485e+17	3.08647e+17	3.85809e+17	4.62971e+17	5.40133e+17	6.17295e+17	6.93374e+17	7.53107e+17	3.35206e+17	8.60009e+15	6.1795e+15	5.65106e+15	2.47292e+15	1.56464e+15	3.12927e+15	4.69391e+15	6.25855e+15	7.82318e+15	9.38782e+15	1.09525e+16	1.25171e+16	1.4715e+16	2.69763e+16	3.09706e+17	4.54031e+17	3.44894	3.31042	3.31042	3.31042	3.31042	3.31042	3.31042	3.31042	3.31042	3.31042	3.31042	3.2924	3.06572	4.68986	4.68986	
136066	6.85722e+17	2.78689e+17	1.21955e+17	7.71619e+16	1.54324e+17	2.31486e+17	3.08648e+17	3.8581e+17	4.62971e+17	5.40133e+17	6.17295e+17	6.93367e+17	7.53101e+17	3.35206e+17	8.60009e+15	6.17933e+15	5.65087e+15	2.47284e+15	1.56458e+15	3.12917e+15	4.69375e+15	6.25833e+15	7.82292e+15	9.3875e+15	1.09521e+16	1.25167e+16	1.47196e+16	2.69798e+16	3.09706e+17	4.54031e+17	3.45082	3.31253	3.31253	3.31253	3.31253	3.31253	3.31253	3.31253	3.31253	3.31253	3.31253	3.29444	3.06769	4.68986	4.68986	
136320	6.85722e+17	2.78689e+17	1.21955e+17	7.7162e+16	1.54324e+17	2.31486e+17	3.08648e+17	3.8581e+17	4.62972e+17	5.40134e+17	6.17296e+17	6.93359e+17	7.53094e+17	3.35206e+17	8.60009e+15	6.17916e+15	5.65068e+15	2.47275e+15	1.56453e+15	3.12906e+15	4.69359e+15	6.25812e+15	7.82265e+15	9.38718e+15	1.09517e+16	1.25162e+16	1.47242e+16	2.69838e+16	3.09706e+17	4.54031e+17	3.45272	3.31465	3.31465	3.31465	3.31465	3.31465	3.31465	3.31465	3.31465	3.31465	3.31465	3.2965	3.06968	4.68986	4.68986	
136573	6.85722e+17	2.7869e+17	1.21955e+17	7.71621e+16	1.54324e+17	2.31486e+17	3.08648e+17	3.8581e+17	4.62972e+17	5.40135e+17	6.17297e+17	6.93351e+17	7.53087e+17	3.35206e+17	8.60009e+15	6.17899e+15	5.65048e+15	2.47267e+15	1.56448e+15	3.12895e+15	4.69343e+15	6.2579e+15	7.82238e+15	9.38686e+15	1.09513e+16	1.25158e+16	1.47288e+16	2.69883e+16	3.09706e+17	4.54031e+17	3.45462	3.31677	3.31677	3.31677	3.31677	3.31677	3.31677	3.31677	3.31677	3.31677	3.31677	3.29856	3.07167	4.68986	4.68986	
136827	6.85723e+17	2.7869e+17	1.21955e+17	7.71622e+16	1.54324e+17	2.31487e+17	3.08649e+17	3.85811e+17	4.62973e+17	5.40135e+17	6.17297e+17	6.93344e+17	7.53079e+17	3.35206e+17	8.60009e+15	6.17882e+15	5.65029e+15	2.47258e+15	1.56442e+15	3.12885e+15	4.69327e+15	6.25769e+15	7.82211e+15	9.38654e+15	1.0951e+16	1.25154e+16	1.47333e+16	2.69932e+16	3.09706e+17	4.54031e+17	3.45652	3.31889	3.31889	3.31889	3.31889	3.31889	3.31889	3.31889	3.31889	3.31889	3.31889	3.30062	3.07366	4.68986	4.68986	
137081	6.85723e+17	2.7869e+17	1.21956e+17	7.71623e+16	1.54325e+17	2.31487e+17	3.08649e+17	3.85811e+17	4.62974e+17	5.40136e+17	6.17298e+17	6.93337e+17	7.5307e+17	3.35206e+17	8.60009e+15	6.17865e+15	5.6501e+15	2.4725e+15	1.56437e+15	3.12874e+15	4.69311e+15	6.25748e+15	7.82185e+15	9.38622e+15	1.09506e+16	1.2515e+16	1.47379e+16	2.69985e+16	3.09706e+17	4.54031e+17	3.45841	3.32101	3.32101	3.32101	3.32101	3.32101	3.32101	3.32101	3.32101	3.32101	3.32101	3.30268	3.07565	4.68986	4.68986	
137335	6.85723e+17	2.7869e+17	1.21956e+17	7.71623e+16	1.54325e+17	2.31487e+17	3.08649e+17	3.85812e+17	4.62974e+17	5.40136e+17	6.17299e+17	6.93329e+17	7.5306e+17	3.35206e+17	8.60009e+15	6.17848e+15	5.64991e+15	2.47241e+15	1.56432e+15	3.12863e+15	4.69295e+15	6.25726e+15	7.82158e+15	9.3859e+15	1.09502e+16	1.25145e+16	1.47425e+16	2.70042e+16	3.09706e+17	4.54031e+17	3.4603	3.32312	3.32312	3.32312	3.32312	3.32312	3.32312	3.32312	3.32312	3.32312	3.32312	3.30473	3.07765	4.68986	4.68986	
137589	6.85724e+17	2.78691e+17	1.21956e+17	7.71624e+16	1.54325e+17	2.31487e+17	3.0865e+17	3.85812e+17	4.62975e+17	5.40137e+17	6.17299e+17	6.93322e+17	7.5305e+17	3.35206e+17	8.60009e+15	6.17831e+15	5.64971e+15	2.47233e+15	1.56426e+15	3.12853e+15	4.69279e+15	6.25705e+15	7.82132e+15	9.38558e+15	1.09498e+16	1.25141e+16	1.4747e+16	2.70102e+16	3.09706e+17	4.54031e+17	3.46219	3.32523	3.32523	3.32523	3.32523	3.32523	3.32523	3.32523	3.32523	3.32523	3.32523	3.30678	3.07964	4.68986	4.68986	
137843	6.85724e+17	2.78691e+17	1.21956e+17	7.71625e+16	1.54325e+17	2.31488e+17	3.0865e+17	3.85813e+17	4.62975e+17	5.40138e+17	6.173e+17	6.93314e+17	7.5304e+17	3.35206e+17	8.60009e+15	6.17814e+15	5.64952e+15	2.47225e+15	1.56421e+15	3.12842e+15	4.69263e+15	6.25684e+15	7.82105e+15	9.38526e+15	1.09495e+16	1.25137e+16	1.47516e+16	2.70167e+16	3.09706e+17	4.54031e+17	3.46407	3.32734	3.32734	3.32734	3.32734	3.32734	3.32734	3.32734	3.32734	3.32734	3.32734	3.30883	3.08164	4.68986	4.68986	
138097	6.85724e+17	2.78691e+17	1.21956e+17	7.71626e+16	1.54325e+17	2.31488e+17	3.0865e+17	3.85813e+17	4.62976e+17	5.40138e+17	6.17301e+17	6.93307e+17	7.53028e+17	3.35206e+17	8.60009e+15	6.17797e+15	5.64933e+15	2.47216e+15	1.56416e+15	3.12832e+15	4.69247e+15	6.25663e+15	7.82079e+15	9.38495e+15	1.09491e+16	1.25133e+16	1.47561e+16	2.70235e+16	3.09706e+17	4.54031e+17	3.46595	3.32944	3.32944	3.32944	3.32944	3.32944	3.32944	3.32944	3.32944	3.32944	3.32944	3.31087	3.08364	4.68986	4.68986	
138351	6.85725e+17	2.78692e+17	1.21956e+17	7.71627e+16	1.54325e+17	2.31488e+17	3.08651e+17	3.85813e+17	4.62976e+17	5.40139e+17	6.17301e+17	6.93299e+17	7.53017e+17	3.35206e+17	8.60009e+15	6.17781e+15	5.64914e+15	2.47208e+15	1.56411e+15	3.12821e+15	4.69232e+15	6.25642e+15	7.82053e+15	9.38463e+15	1.09487e+16	1.25128e+16	1.47607e+16	2.70307e+16	3.09706e+17	4.54031e+17	3.46783	3.33154	3.33154	3.33154	3.33154	3.33154	3.33154	3.33154	3.33154	3.33154	3.33154	3.31291	3.08563	4.68986	4.68986	
138605	6.85725e+17	2.78692e+17	1.21956e+17	7.71628e+16	1.54326e+17	2.31488e+17	3.08651e+17	3.85814e+17	4.62977e+17	5.40139e+17	6.17302e+17	6.93292e+17	7.53004e+17	3.35206e+17	8.60009e+15	6.17764e+15	5.64895e+15	2.472e+15	1.56405e+15	3.12811e+15	4.69216e+15	6.25621e+15	7.82026e+15	9.38432e+15	1.09484e+16	1.25124e+16	1.47652e+16	2.70383e+16	3.09706e+17	4.54031e+17	3.4697	3.33363	3.33363	3.33363	3.33363	3.33363	3.33363	3.33363	3.33363	3.33363	3.33363	3.31495	3.08763	4.68986	4.68986	
138859	6.85725e+17	2.78692e+17	1.21956e+17	7.71629e+16	1.54326e+17	2.31489e+17	3.08651e+17	3.85814e+17	4.62977e+17	5.4014e+17	6.17303e+17	6.93285e+17	7.52991e+17	3.35206e+17	8.60009e+15	6.17747e+15	5.64877e+15	2.47191e+15	1.564e+15	3.128e+15	4.692e+15	6.256e+15	7.82e+15	9.384e+15	1.0948e+16	1.2512e+16	1.47697e+16	2.70462e+16	3.09706e+17	4.54031e+17	3.47158	3.33572	3.33572	3.33572	3.33572	3.33572	3.33572	3.33572	3.33572	3.33572	3.33572	3.31698	3.08963	4.68986	4.68986	
139113	6.85726e+17	2.78693e+17	1.21957e+17	7.71629e+16	1.54326e+17	2.31489e+17	3.08652e+17	3.85815e+17	4.62978e+17	5.40141e+17	6.17304e+17	6.93277e+17	7.52978e+17	3.35206e+17	8.60009e+15	6.17731e+15	5.64858e+15	2.47183e+15	1.56395e+15	3.1279e+15	4.69185e+15	6.25579e+15	7.81974e+15	9.38369e+15	1.09476e+16	1.25116e+16	1.47743e+16	2.70544e+16	3.09706e+17	4.54031e+17	3.47344	3.33781	3.33781	3.33781	3.33781	3.33781	3.33781	3.33781	3.33781	3.33781	3.33781	3.31901	3.09163	4.68986	4.68986	
139367	6.85726e+17	2.78693e+17	1.21957e+17	7.7163e+16	1.54326e+17	2.31489e+17	3.08652e+17	3.85815e+17	4.62978e+17	5.40141e+17	6.17304e+17	6.9327e+17	7.52964e+17	3.35206e+17	8.60009e+15	6.17714e+15	5.64839e+15	2.47175e+15	1.5639e+15	3.12779e+15	4.69169e+15	6.25559e+15	7.81948e+15	9.38338e+15	1.09473e+16	1.25112e+16	1.47788e+16	2.70629e+16	3.09706e+17	4.54031e+17	3.47531	3.3399	3.3399	3.3399	3.3399	3.3399	3.3399	3.3399	3.3399	3.3399	3.3399	3.32104	3.09363	4.68986	4.68986	
139621	6.85726e+17	2.78693e+17	1.21957e+17	7.71631e+16	1.54326e+17	2.31489e+17	3.08652e+17	3.85816e+17	4.62979e+17	5.40142e+17	6.17305e+17	6.93262e+17	7.5295e+17	3.35206e+17	8.60009e+15	6.17698e+15	5.64821e+15	2.47167e+15	1.56385e+15	3.12769e+15	4.69154e+15	6.25538e+15	7.81923e+15	9.38307e+15	1.09469e+16	1.25108e+16	1.47833e+16	2.70718e+16	3.09706e+17	4.54031e+17	3.47717	3.34198	3.34198	3.34198	3.34198	3.34198	3.34198	3.34198	3.34198	3.34198	3.34198	3.32307	3.09563	4.68986	4.68986	
139871	6.85726e+17	2.78694e+17	1.21957e+17	7.71632e+16	1.54326e+17	2.3149e+17	3.08653e+17	3.85816e+17	4.62979e+17	5.40142e+17	6.17306e+17	6.93255e+17	7.52935e+17	3.35206e+17	8.60009e+15	6.17682e+15	5.64802e+15	2.47159e+15	1.56379e+15	3.12759e+15	4.69138e+15	6.25518e+15	7.81897e+15	9.38277e+15	1.09466e+16	1.25104e+16	1.47877e+16	2.70808e+16	3.09706e+17	4.54031e+17	3.47901	3.34403	3.34403	3.34403	3.34403	3.34403	3.34403	3.34403	3.34403	3.34403	3.34403	3.32506	3.0976	4.68986	4.68986	
140121	6.85727e+17	2.78694e+17	1.21957e+17	7.71633e+16	1.54327e+17	2.3149e+17	3.08653e+17	3.85816e+17	4.6298e+17	5.40143e+17	6.17306e+17	6.93248e+17	7.5292e+17	3.35206e+17	8.60009e+15	6.17666e+15	5.64784e+15	2.47151e+15	1.56374e+15	3.12749e+15	4.69123e+15	6.25498e+15	7.81872e+15	9.38246e+15	1.09462e+16	1.251e+16	1.47921e+16	2.70901e+16	3.09706e+17	4.54031e+17	3.48084	3.34607	3.34607	3.34607	3.34607	3.34607	3.34607	3.34607	3.34607	3.34607	3.34607	3.32704	3.09957	4.68986	4.68986	
140372	6.85727e+17	2.78694e+17	1.21957e+17	7.71634e+16	1.54327e+17	2.3149e+17	3.08653e+17	3.85817e+17	4.6298e+17	5.40143e+17	6.17307e+17	6.93241e+17	7.52904e+17	3.35206e+17	8.60009e+15	6.1765e+15	5.64766e+15	2.47143e+15	1.56369e+15	3.12739e+15	4.69108e+15	6.25477e+15	7.81847e+15	9.38216e+15	1.09459e+16	1.25095e+16	1.47965e+16	2.70998e+16	3.09706e+17	4.54031e+17	3.48267	3.34812	3.34812	3.34812	3.34812	3.34812	3.34812	3.34812	3.34812	3.34812	3.34812	3.32903	3.10155	4.68986	4.68986	
140623	6.85727e+17	2.78694e+17	1.21957e+17	7.71634e+16	1.54327e+17	2.3149e+17	3.08654e+17	3.85817e+17	4.62981e+17	5.40144e+17	6.17307e+17	6.93234e+17	7.52888e+17	3.35206e+17	8.60009e+15	6.17634e+15	5.64748e+15	2.47135e+15	1.56364e+15	3.12729e+15	4.69093e+15	6.25457e+15	7.81822e+15	9.38186e+15	1.09455e+16	1.25091e+16	1.4801e+16	2.71097e+16	3.09706e+17	4.54031e+17	3.48449	3.35016	3.35016	3.35016	3.35016	3.35016	3.35016	3.35016	3.35016	3.35016	3.35016	3.33102	3.10352	4.68986	4.68986	
140873	6.85728e+17	2.78695e+17	1.21958e+17	7.71635e+16	1.54327e+17	2.31491e+17	3.08654e+17	3.85818e+17	4.62981e+17	5.40145e+17	6.17308e+17	6.93226e+17	7.52871e+17	3.35206e+17	8.60009e+15	6.17618e+15	5.64729e+15	2.47127e+15	1.56359e+15	3.12719e+15	4.69078e+15	6.25437e+15	7.81797e+15	9.38156e+15	1.09452e+16	1.25087e+16	1.48054e+16	2.71198e+16	3.09706e+17	4.54031e+17	3.48632	3.3522	3.3522	3.3522	3.3522	3.3522	3.3522	3.3522	3.3522	3.3522	3.3522	3.333	3.10549	4.68986	4.68986	
141123	6.85728e+17	2.78695e+17	1.21958e+17	7.71636e+16	1.54327e+17	2.31491e+17	3.08654e+17	3.85818e+17	4.62982e+17	5.40145e+17	6.17309e+17	6.93219e+17	7.52854e+17	3.35206e+17	8.60009e+15	6.17602e+15	5.64711e+15	2.47119e+15	1.56354e+15	3.12709e+15	4.69063e+15	6.25417e+15	7.81772e+15	9.38126e+15	1.09448e+16	1.25083e+16	1.48098e+16	2.71303e+16	3.09706e+17	4.54031e+17	3.48814	3.35423	3.35423	3.35423	3.35423	3.35423	3.35423	3.35423	3.35423	3.35423	3.35423	3.33498	3.10746	4.68986	4.68986	
141374	6.85728e+17	2.78695e+17	1.21958e+17	7.71637e+16	1.54327e+17	2.31491e+17	3.08655e+17	3.85818e+17	4.62982e+17	5.40146e+17	6.17309e+17	6.93212e+17	7.52837e+17	3.35205e+17	8.60009e+15	6.17586e+15	5.64693e+15	2.47111e+15	1.56349e+15	3.12699e+15	4.69048e+15	6.25397e+15	7.81747e+15	9.38096e+15	1.09445e+16	1.25079e+16	1.48142e+16	2.71409e+16	3.09706e+17	4.54031e+17	3.48995	3.35626	3.35626	3.35626	3.35626	3.35626	3.35626	3.35626	3.35626	3.35626	3.35626	3.33696	3.10943	4.68986	4.68986	
141624	6.85728e+17	2.78696e+17	1.21958e+17	7.71638e+16	1.54328e+17	2.31491e+17	3.08655e+17	3.85819e+17	4.62983e+17	5.40146e+17	6.1731e+17	6.93205e+17	7.52819e+17	3.35205e+17	8.60009e+15	6.1757e+15	5.64676e+15	2.47103e+15	1.56344e+15	3.12689e+15	4.69033e+15	6.25378e+15	7.81722e+15	9.38066e+15	1.09441e+16	1.25076e+16	1.48185e+16	2.71518e+16	3.09706e+17	4.54031e+17	3.49176	3.35828	3.35828	3.35828	3.35828	3.35828	3.35828	3.35828	3.35828	3.35828	3.35828	3.33893	3.1114	4.68986	4.68986	
141875	6.85729e+17	2.78696e+17	1.21958e+17	7.71638e+16	1.54328e+17	2.31492e+17	3.08655e+17	3.85819e+17	4.62983e+17	5.40147e+17	6.17311e+17	6.93198e+17	7.52801e+17	3.35205e+17	8.60009e+15	6.17555e+15	5.64658e+15	2.47096e+15	1.56339e+15	3.12679e+15	4.69018e+15	6.25358e+15	7.81697e+15	9.38037e+15	1.09438e+16	1.25072e+16	1.48229e+16	2.7163e+16	3.09706e+17	4.54031e+17	3.49358	3.36031	3.36031	3.36031	3.36031	3.36031	3.36031	3.36031	3.36031	3.36031	3.36031	3.3409	3.11337	4.68986	4.68986	
142125	6.85729e+17	2.78696e+17	1.21958e+17	7.71639e+16	1.54328e+17	2.31492e+17	3.08656e+17	3.8582e+17	4.62984e+17	5.40147e+17	6.17311e+17	6.9319e+17	7.52783e+17	3.35205e+17	8.60009e+15	6.17539e+15	5.6464e+15	2.47088e+15	1.56335e+15	3.12669e+15	4.69004e+15	6.25338e+15	7.81673e+15	9.38007e+15	1.09434e+16	1.25068e+16	1.48273e+16	2.71744e+16	3.09706e+17	4.54031e+17	3.49539	3.36233	3.36233	3.36233	3.36233	3.36233	3.36233	3.36233	3.36233	3.36233	3.36233	3.34287	3.11534	4.68986	4.68986	
142376	6.85729e+17	2.78696e+17	1.21958e+17	7.7164e+16	1.54328e+17	2.31492e+17	3.08656e+17	3.8582e+17	4.62984e+17	5.40148e+17	6.17312e+17	6.93183e+17	7.52764e+17	3.35205e+17	8.60009e+15	6.17523e+15	5.64622e+15	2.4708e+15	1.5633e+15	3.12659e+15	4.68989e+15	6.25318e+15	7.81648e+15	9.37978e+15	1.09431e+16	1.25064e+16	1.48317e+16	2.71861e+16	3.09706e+17	4.54031e+17	3.49719	3.36435	3.36435	3.36435	3.36435	3.36435	3.36435	3.36435	3.36435	3.36435	3.36435	3.34483	3.11731	4.68986	4.68986	
142626	6.8573e+17	2.78697e+17	1.21958e+17	7.71641e+16	1.54328e+17	2.31492e+17	3.08656e+17	3.8582e+17	4.62984e+17	5.40149e+17	6.17313e+17	6.93176e+17	7.52745e+17	3.35205e+17	8.60009e+15	6.17508e+15	5.64604e+15	2.47072e+15	1.56325e+15	3.12649e+15	4.68974e+15	6.25299e+15	7.81624e+15	9.37948e+15	1.09427e+16	1.2506e+16	1.4836e+16	2.71979e+16	3.09706e+17	4.54031e+17	3.499	3.36636	3.36636	3.36636	3.36636	3.36636	3.36636	3.36636	3.36636	3.36636	3.36636	3.34679	3.11928	4.68986	4.68986	
142877	6.8573e+17	2.78697e+17	1.21959e+17	7.71642e+16	1.54328e+17	2.31492e+17	3.08657e+17	3.85821e+17	4.62985e+17	5.40149e+17	6.17313e+17	6.93169e+17	7.52725e+17	3.35205e+17	8.60009e+15	6.17492e+15	5.64587e+15	2.47065e+15	1.5632e+15	3.1264e+15	4.68959e+15	6.25279e+15	7.81599e+15	9.37919e+15	1.09424e+16	1.25056e+16	1.48404e+16	2.721e+16	3.09706e+17	4.54031e+17	3.5008	3.36838	3.36838	3.36838	3.36838	3.36838	3.36838	3.36838	3.36838	3.36838	3.36838	3.34875	3.12125	4.68986	4.68986	
143128	6.8573e+17	2.78697e+17	1.21959e+17	7.71642e+16	1.54328e+17	2.31493e+17	3.08657e+17	3.85821e+17	4.62985e+17	5.4015e+17	6.17314e+17	6.93162e+17	7.52705e+17	3.35205e+17	8.60009e+15	6.17477e+15	5.64569e+15	2.47057e+15	1.56315e+15	3.1263e+15	4.68945e+15	6.2526e+15	7.81575e+15	9.3789e+15	1.0942e+16	1.25052e+16	1.48448e+16	2.72223e+16	3.09706e+17	4.54031e+17	3.5026	3.37039	3.37039	3.37039	3.37039	3.37039	3.37039	3.37039	3.37039	3.37039	3.37039	3.35071	3.12322	4.68986	4.68986	
143378	6.8573e+17	2.78698e+17	1.21959e+17	7.71643e+16	1.54329e+17	2.31493e+17	3.08657e+17	3.85822e+17	4.62986e+17	5.4015e+17	6.17315e+17	6.93155e+17	7.52685e+17	3.35205e+17	8.60009e+15	6.17462e+15	5.64552e+15	2.47049e+15	1.5631e+15	3.1262e+15	4.6893e+15	6.2524e+15	7.8155e+15	9.37861e+15	1.09417e+16	1.25048e+16	1.48491e+16	2.72348e+16	3.09706e+17	4.54031e+17	3.50439	3.37239	3.37239	3.37239	3.37239	3.37239	3.37239	3.37239	3.37239	3.37239	3.37239	3.35266	3.12518	4.68986	4.68986	
143628	6.85731e+17	2.78698e+17	1.21959e+17	7.71644e+16	1.54329e+17	2.31493e+17	3.08658e+17	3.85822e+17	4.62986e+17	5.40151e+17	6.17315e+17	6.93148e+17	7.52665e+17	3.35205e+17	8.60009e+15	6.17446e+15	5.64534e+15	2.47042e+15	1.56305e+15	3.12611e+15	4.68916e+15	6.25221e+15	7.81526e+15	9.37832e+15	1.09414e+16	1.25044e+16	1.48534e+16	2.72475e+16	3.09706e+17	4.54031e+17	3.50618	3.37439	3.37439	3.37439	3.37439	3.37439	3.37439	3.37439	3.37439	3.37439	3.37439	3.35461	3.12714	4.68986	4.68986	
143879	6.85731e+17	2.78698e+17	1.21959e+17	7.71645e+16	1.54329e+17	2.31493e+17	3.08658e+17	3.85822e+17	4.62987e+17	5.40151e+17	6.17316e+17	6.93141e+17	7.52644e+17	3.35205e+17	8.60009e+15	6.17431e+15	5.64517e+15	2.47034e+15	1.563e+15	3.12601e+15	4.68901e+15	6.25202e+15	7.81502e+15	9.37803e+15	1.0941e+16	1.2504e+16	1.48578e+16	2.72604e+16	3.09706e+17	4.54031e+17	3.50798	3.37639	3.37639	3.37639	3.37639	3.37639	3.37639	3.37639	3.37639	3.37639	3.37639	3.35656	3.12911	4.68986	4.68986	
144130	6.85731e+17	2.78698e+17	1.21959e+17	7.71646e+16	1.54329e+17	2.31494e+17	3.08658e+17	3.85823e+17	4.62987e+17	5.40152e+17	6.17316e+17	6.93134e+17	7.52623e+17	3.35205e+17	8.60009e+15	6.17416e+15	5.64499e+15	2.47026e+15	1.56296e+15	3.12591e+15	4.68887e+15	6.25182e+15	7.81478e+15	9.37774e+15	1.09407e+16	1.25036e+16	1.48621e+16	2.72734e+16	3.09707e+17	4.54031e+17	3.50977	3.37839	3.37839	3.37839	3.37839	3.37839	3.37839	3.37839	3.37839	3.37839	3.37839	3.35851	3.13107	4.68986	4.68986	
144381	6.85732e+17	2.78699e+17	1.21959e+17	7.71646e+16	1.54329e+17	2.31494e+17	3.08659e+17	3.85823e+17	4.62988e+17	5.40152e+17	6.17317e+17	6.93127e+17	7.52601e+17	3.35205e+17	8.60009e+15	6.174e+15	5.64482e+15	2.47019e+15	1.56291e+15	3.12582e+15	4.68872e+15	6.25163e+15	7.81454e+15	9.37745e+15	1.09404e+16	1.25033e+16	1.48665e+16	2.72867e+16	3.09707e+17	4.54031e+17	3.51155	3.38039	3.38039	3.38039	3.38039	3.38039	3.38039	3.38039	3.38039	3.38039	3.38039	3.36045	3.13304	4.68986	4.68986	
144631	6.85732e+17	2.78699e+17	1.21959e+17	7.71647e+16	1.54329e+17	2.31494e+17	3.08659e+17	3.85824e+17	4.62988e+17	5.40153e+17	6.17318e+17	6.93119e+17	7.52579e+17	3.35205e+17	8.60009e+15	6.17385e+15	5.64465e+15	2.47011e+15	1.56286e+15	3.12572e+15	4.68858e+15	6.25144e+15	7.8143e+15	9.37716e+15	1.094e+16	1.25029e+16	1.48708e+16	2.73001e+16	3.09707e+17	4.54031e+17	3.51333	3.38237	3.38237	3.38237	3.38237	3.38237	3.38237	3.38237	3.38237	3.38237	3.38237	3.36239	3.13499	4.68986	4.68986	
144881	6.85732e+17	2.78699e+17	1.2196e+17	7.71648e+16	1.5433e+17	2.31494e+17	3.08659e+17	3.85824e+17	4.62989e+17	5.40154e+17	6.17318e+17	6.93112e+17	7.52557e+17	3.35205e+17	8.60009e+15	6.1737e+15	5.64448e+15	2.47004e+15	1.56281e+15	3.12563e+15	4.68844e+15	6.25125e+15	7.81407e+15	9.37688e+15	1.09397e+16	1.25025e+16	1.48751e+16	2.73137e+16	3.09707e+17	4.54031e+17	3.51511	3.38436	3.38436	3.38436	3.38436	3.38436	3.38436	3.38436	3.38436	3.38436	3.38436	3.36433	3.13695	4.68986	4.68986	
145132	6.85732e+17	2.787e+17	1.2196e+17	7.71649e+16	1.5433e+17	2.31495e+17	3.08659e+17	3.85824e+17	4.62989e+17	5.40154e+17	6.17319e+17	6.93105e+17	7.52535e+17	3.35205e+17	8.60009e+15	6.17355e+15	5.64431e+15	2.46996e+15	1.56277e+15	3.12553e+15	4.6883e+15	6.25106e+15	7.81383e+15	9.37659e+15	1.09394e+16	1.25021e+16	1.48794e+16	2.73275e+16	3.09707e+17	4.54031e+17	3.51688	3.38634	3.38634	3.38634	3.38634	3.38634	3.38634	3.38634	3.38634	3.38634	3.38634	3.36626	3.13891	4.68986	4.68986	
145383	6.85733e+17	2.787e+17	1.2196e+17	7.71649e+16	1.5433e+17	2.31495e+17	3.0866e+17	3.85825e+17	4.6299e+17	5.40155e+17	6.1732e+17	6.93098e+17	7.52513e+17	3.35205e+17	8.60009e+15	6.1734e+15	5.64413e+15	2.46989e+15	1.56272e+15	3.12544e+15	4.68816e+15	6.25087e+15	7.81359e+15	9.37631e+15	1.0939e+16	1.25017e+16	1.48837e+16	2.73414e+16	3.09707e+17	4.54031e+17	3.51866	3.38832	3.38832	3.38832	3.38832	3.38832	3.38832	3.38832	3.38832	3.38832	3.38832	3.36819	3.14087	4.68986	4.68986	
145633	6.85733e+17	2.787e+17	1.2196e+17	7.7165e+16	1.5433e+17	2.31495e+17	3.0866e+17	3.85825e+17	4.6299e+17	5.40155e+17	6.1732e+17	6.93091e+17	7.5249e+17	3.35205e+17	8.60009e+15	6.17325e+15	5.64396e+15	2.46981e+15	1.56267e+15	3.12534e+15	4.68801e+15	6.25068e+15	7.81336e+15	9.37603e+15	1.09387e+16	1.25014e+16	1.4888e+16	2.73555e+16	3.09707e+17	4.54031e+17	3.52043	3.3903	3.3903	3.3903	3.3903	3.3903	3.3903	3.3903	3.3903	3.3903	3.3903	3.37012	3.14282	4.68986	4.68986	
145884	6.85733e+17	2.787e+17	1.2196e+17	7.71651e+16	1.5433e+17	2.31495e+17	3.0866e+17	3.85825e+17	4.62991e+17	5.40156e+17	6.17321e+17	6.93084e+17	7.52467e+17	3.35205e+17	8.60008e+15	6.17311e+15	5.6438e+15	2.46974e+15	1.56262e+15	3.12525e+15	4.68787e+15	6.2505e+15	7.81312e+15	9.37575e+15	1.09384e+16	1.2501e+16	1.48923e+16	2.73697e+16	3.09707e+17	4.54031e+17	3.5222	3.39228	3.39228	3.39228	3.39228	3.39228	3.39228	3.39228	3.39228	3.39228	3.39228	3.37204	3.14478	4.68986	4.68986	
146134	6.85734e+17	2.78701e+17	1.2196e+17	7.71652e+16	1.5433e+17	2.31496e+17	3.08661e+17	3.85826e+17	4.62991e+17	5.40156e+17	6.17321e+17	6.93077e+17	7.52444e+17	3.35205e+17	8.60008e+15	6.17296e+15	5.64363e+15	2.46967e+15	1.56258e+15	3.12515e+15	4.68773e+15	6.25031e+15	7.81289e+15	9.37546e+15	1.0938e+16	1.25006e+16	1.48966e+16	2.73841e+16	3.09707e+17	4.54031e+17	3.52396	3.39425	3.39425	3.39425	3.39425	3.39425	3.39425	3.39425	3.39425	3.39425	3.39425	3.37397	3.14673	4.68986	4.68986	
146385	6.85734e+17	2.78701e+17	1.2196e+17	7.71652e+16	1.5433e+17	2.31496e+17	3.08661e+17	3.85826e+17	4.62991e+17	5.40157e+17	6.17322e+17	6.9307e+17	7.5242e+17	3.35205e+17	8.60008e+15	6.17281e+15	5.64346e+15	2.46959e+15	1.56253e+15	3.12506e+15	4.68759e+15	6.25012e+15	7.81265e+15	9.37518e+15	1.09377e+16	1.25002e+16	1.49009e+16	2.73987e+16	3.09707e+17	4.54031e+17	3.52573	3.39622	3.39622	3.39622	3.39622	3.39622	3.39622	3.39622	3.39622	3.39622	3.39622	3.37589	3.14868	4.68986	4.68986	
146636	6.85734e+17	2.78701e+17	1.2196e+17	7.71653e+16	1.54331e+17	2.31496e+17	3.08661e+17	3.85827e+17	4.62992e+17	5.40157e+17	6.17323e+17	6.93063e+17	7.52397e+17	3.35205e+17	8.60008e+15	6.17266e+15	5.64329e+15	2.46952e+15	1.56248e+15	3.12497e+15	4.68745e+15	6.24994e+15	7.81242e+15	9.37491e+15	1.09374e+16	1.24999e+16	1.49052e+16	2.74134e+16	3.09707e+17	4.54031e+17	3.52749	3.39819	3.39819	3.39819	3.39819	3.39819	3.39819	3.39819	3.39819	3.39819	3.39819	3.37781	3.15063	4.68986	4.68986	
146886	6.85734e+17	2.78701e+17	1.2196e+17	7.71654e+16	1.54331e+17	2.31496e+17	3.08662e+17	3.85827e+17	4.62992e+17	5.40158e+17	6.17323e+17	6.93056e+17	7.52373e+17	3.35205e+17	8.60008e+15	6.17252e+15	5.64312e+15	2.46944e+15	1.56244e+15	3.12488e+15	4.68731e+15	6.24975e+15	7.81219e+15	9.37463e+15	1.09371e+16	1.24995e+16	1.49095e+16	2.74282e+16	3.09707e+17	4.54031e+17	3.52925	3.40015	3.40015	3.40015	3.40015	3.40015	3.40015	3.40015	3.40015	3.40015	3.40015	3.37972	3.15258	4.68986	4.68986	
147137	6.85735e+17	2.78702e+17	1.21961e+17	7.71655e+16	1.54331e+17	2.31496e+17	3.08662e+17	3.85827e+17	4.62993e+17	5.40158e+17	6.17324e+17	6.93049e+17	7.52349e+17	3.35205e+17	8.60008e+15	6.17237e+15	5.64296e+15	2.46937e+15	1.56239e+15	3.12478e+15	4.68718e+15	6.24957e+15	7.81196e+15	9.37435e+15	1.09367e+16	1.24991e+16	1.49137e+16	2.74431e+16	3.09707e+17	4.54031e+17	3.531	3.4021	3.4021	3.4021	3.4021	3.4021	3.4021	3.4021	3.4021	3.4021	3.4021	3.38163	3.15452	4.68986	4.68986	
147388	6.85735e+17	2.78702e+17	1.21961e+17	7.71655e+16	1.54331e+17	2.31497e+17	3.08662e+17	3.85828e+17	4.62993e+17	5.40159e+17	6.17324e+17	6.93042e+17	7.52324e+17	3.35205e+17	8.60008e+15	6.17222e+15	5.64279e+15	2.4693e+15	1.56235e+15	3.12469e+15	4.68704e+15	6.24938e+15	7.81173e+15	9.37407e+15	1.09364e+16	1.24988e+16	1.4918e+16	2.74582e+16	3.09707e+17	4.54031e+17	3.53275	3.40406	3.40406	3.40406	3.40406	3.40406	3.40406	3.40406	3.40406	3.40406	3.40406	3.38354	3.15647	4.68986	4.68986	
147639	6.85735e+17	2.78702e+17	1.21961e+17	7.71656e+16	1.54331e+17	2.31497e+17	3.08662e+17	3.85828e+17	4.62994e+17	5.40159e+17	6.17325e+17	6.93035e+17	7.523e+17	3.35205e+17	8.60008e+15	6.17208e+15	5.64262e+15	2.46923e+15	1.5623e+15	3.1246e+15	4.6869e+15	6.2492e+15	7.8115e+15	9.3738e+15	1.09361e+16	1.24984e+16	1.49223e+16	2.74734e+16	3.09707e+17	4.54031e+17	3.53451	3.40602	3.40602	3.40602	3.40602	3.40602	3.40602	3.40602	3.40602	3.40602	3.40602	3.38545	3.15842	4.68986	4.68986	
147890	6.85735e+17	2.78703e+17	1.21961e+17	7.71657e+16	1.54331e+17	2.31497e+17	3.08663e+17	3.85828e+17	4.62994e+17	5.4016e+17	6.17326e+17	6.93028e+17	7.52275e+17	3.35205e+17	8.60008e+15	6.17193e+15	5.64246e+15	2.46915e+15	1.56225e+15	3.12451e+15	4.68676e+15	6.24902e+15	7.81127e+15	9.37352e+15	1.09358e+16	1.2498e+16	1.49266e+16	2.74887e+16	3.09707e+17	4.54031e+17	3.53625	3.40797	3.40797	3.40797	3.40797	3.40797	3.40797	3.40797	3.40797	3.40797	3.40797	3.38735	3.16036	4.68986	4.68986	
148140	6.85736e+17	2.78703e+17	1.21961e+17	7.71658e+16	1.54332e+17	2.31497e+17	3.08663e+17	3.85829e+17	4.62995e+17	5.4016e+17	6.17326e+17	6.93021e+17	7.5225e+17	3.35204e+17	8.60008e+15	6.17179e+15	5.64229e+15	2.46908e+15	1.56221e+15	3.12442e+15	4.68662e+15	6.24883e+15	7.81104e+15	9.37325e+15	1.09355e+16	1.24977e+16	1.49308e+16	2.75041e+16	3.09707e+17	4.54031e+17	3.538	3.40991	3.40991	3.40991	3.40991	3.40991	3.40991	3.40991	3.40991	3.40991	3.40991	3.38925	3.1623	4.68986	4.68986	
148391	6.85736e+17	2.78703e+17	1.21961e+17	7.71658e+16	1.54332e+17	2.31498e+17	3.08663e+17	3.85829e+17	4.62995e+17	5.40161e+17	6.17327e+17	6.93014e+17	7.52225e+17	3.35204e+17	8.60008e+15	6.17165e+15	5.64213e+15	2.46901e+15	1.56216e+15	3.12433e+15	4.68649e+15	6.24865e+15	7.81081e+15	9.37298e+15	1.09351e+16	1.24973e+16	1.49351e+16	2.75196e+16	3.09707e+17	4.54031e+17	3.53974	3.41186	3.41186	3.41186	3.41186	3.41186	3.41186	3.41186	3.41186	3.41186	3.41186	3.39115	3.16424	4.68986	4.68986	
148641	6.85736e+17	2.78703e+17	1.21961e+17	7.71659e+16	1.54332e+17	2.31498e+17	3.08664e+17	3.8583e+17	4.62996e+17	5.40161e+17	6.17327e+17	6.93008e+17	7.522e+17	3.35204e+17	8.60008e+15	6.1715e+15	5.64197e+15	2.46894e+15	1.56212e+15	3.12424e+15	4.68635e+15	6.24847e+15	7.81059e+15	9.37271e+15	1.09348e+16	1.24969e+16	1.49393e+16	2.75353e+16	3.09707e+17	4.54031e+17	3.54147	3.4138	3.4138	3.4138	3.4138	3.4138	3.4138	3.4138	3.4138	3.4138	3.4138	3.39304	3.16617	4.68986	4.68986	
148892	6.85736e+17	2.78704e+17	1.21961e+17	7.7166e+16	1.54332e+17	2.31498e+17	3.08664e+17	3.8583e+17	4.62996e+17	5.40162e+17	6.17328e+17	6.93001e+17	7.52175e+17	3.35204e+17	8.60008e+15	6.17136e+15	5.6418e+15	2.46887e+15	1.56207e+15	3.12414e+15	4.68622e+15	6.24829e+15	7.81036e+15	9.37243e+15	1.09345e+16	1.24966e+16	1.49436e+16	2.7551e+16	3.09707e+17	4.54031e+17	3.54321	3.41574	3.41574	3.41574	3.41574	3.41574	3.41574	3.41574	3.41574	3.41574	3.41574	3.39494	3.16811	4.68986	4.68986	
149143	6.85737e+17	2.78704e+17	1.21962e+17	7.71661e+16	1.54332e+17	2.31498e+17	3.08664e+17	3.8583e+17	4.62996e+17	5.40162e+17	6.17329e+17	6.92994e+17	7.52149e+17	3.35204e+17	8.60008e+15	6.17122e+15	5.64164e+15	2.4688e+15	1.56203e+15	3.12405e+15	4.68608e+15	6.24811e+15	7.81014e+15	9.37216e+15	1.09342e+16	1.24962e+16	1.49478e+16	2.75669e+16	3.09707e+17	4.54031e+17	3.54495	3.41768	3.41768	3.41768	3.41768	3.41768	3.41768	3.41768	3.41768	3.41768	3.41768	3.39683	3.17004	4.68986	4.68986	
149394	6.85737e+17	2.78704e+17	1.21962e+17	7.71661e+16	1.54332e+17	2.31498e+17	3.08665e+17	3.85831e+17	4.62997e+17	5.40163e+17	6.17329e+17	6.92987e+17	7.52123e+17	3.35204e+17	8.60008e+15	6.17108e+15	5.64148e+15	2.46873e+15	1.56198e+15	3.12396e+15	4.68595e+15	6.24793e+15	7.80991e+15	9.37189e+15	1.09339e+16	1.24959e+16	1.4952e+16	2.75829e+16	3.09707e+17	4.54031e+17	3.54668	3.41961	3.41961	3.41961	3.41961	3.41961	3.41961	3.41961	3.41961	3.41961	3.41961	3.39872	3.17197	4.68986	4.68986	
149644	6.85737e+17	2.78704e+17	1.21962e+17	7.71662e+16	1.54332e+17	2.31499e+17	3.08665e+17	3.85831e+17	4.62997e+17	5.40163e+17	6.1733e+17	6.9298e+17	7.52097e+17	3.35204e+17	8.60008e+15	6.17094e+15	5.64132e+15	2.46865e+15	1.56194e+15	3.12388e+15	4.68581e+15	6.24775e+15	7.80969e+15	9.37163e+15	1.09336e+16	1.24955e+16	1.49563e+16	2.75989e+16	3.09707e+17	4.54031e+17	3.54841	3.42153	3.42153	3.42153	3.42153	3.42153	3.42153	3.42153	3.42153	3.42153	3.42153	3.4006	3.1739	4.68986	4.68986	
149895	6.85738e+17	2.78705e+17	1.21962e+17	7.71663e+16	1.54333e+17	2.31499e+17	3.08665e+17	3.85831e+17	4.62998e+17	5.40164e+17	6.1733e+17	6.92973e+17	7.52071e+17	3.35204e+17	8.60008e+15	6.1708e+15	5.64115e+15	2.46858e+15	1.56189e+15	3.12379e+15	4.68568e+15	6.24757e+15	7.80947e+15	9.37136e+15	1.09333e+16	1.24951e+16	1.49605e+16	2.76151e+16	3.09707e+17	4.54031e+17	3.55013	3.42346	3.42346	3.42346	3.42346	3.42346	3.42346	3.42346	3.42346	3.42346	3.42346	3.40248	3.17583	4.68986	4.68986	
150147	6.85738e+17	2.78705e+17	1.21962e+17	7.71664e+16	1.54333e+17	2.31499e+17	3.08665e+17	3.85832e+17	4.62998e+17	5.40164e+17	6.17331e+17	6.92966e+17	7.52045e+17	3.35204e+17	8.60008e+15	6.17066e+15	5.64099e+15	2.46851e+15	1.56185e+15	3.1237e+15	4.68555e+15	6.24739e+15	7.80924e+15	9.37109e+15	1.09329e+16	1.24948e+16	1.49647e+16	2.76313e+16	3.09707e+17	4.54031e+17	3.55186	3.42539	3.42539	3.42539	3.42539	3.42539	3.42539	3.42539	3.42539	3.42539	3.42539	3.40436	3.17776	4.68986	4.68986	
150397	6.85738e+17	2.78705e+17	1.21962e+17	7.71664e+16	1.54333e+17	2.31499e+17	3.08666e+17	3.85832e+17	4.62999e+17	5.40165e+17	6.17331e+17	6.92959e+17	7.52019e+17	3.35204e+17	8.60008e+15	6.17052e+15	5.64083e+15	2.46844e+15	1.5618e+15	3.12361e+15	4.68541e+15	6.24722e+15	7.80902e+15	9.37083e+15	1.09326e+16	1.24944e+16	1.4969e+16	2.76476e+16	3.09707e+17	4.54031e+17	3.55358	3.42731	3.42731	3.42731	3.42731	3.42731	3.42731	3.42731	3.42731	3.42731	3.42731	3.40624	3.17968	4.68986	4.68986	
150648	6.85738e+17	2.78705e+17	1.21962e+17	7.71665e+16	1.54333e+17	2.31499e+17	3.08666e+17	3.85832e+17	4.62999e+17	5.40165e+17	6.17332e+17	6.92952e+17	7.51993e+17	3.35204e+17	8.60008e+15	6.17038e+15	5.64068e+15	2.46837e+15	1.56176e+15	3.12352e+15	4.68528e+15	6.24704e+15	7.8088e+15	9.37056e+15	1.09323e+16	1.24941e+16	1.49732e+16	2.7664e+16	3.09707e+17	4.54031e+17	3.55529	3.42922	3.42922	3.42922	3.42922	3.42922	3.42922	3.42922	3.42922	3.42922	3.42922	3.40811	3.1816	4.68986	4.68986	
150899	6.85739e+17	2.78706e+17	1.21962e+17	7.71666e+16	1.54333e+17	2.315e+17	3.08666e+17	3.85833e+17	4.62999e+17	5.40166e+17	6.17333e+17	6.92945e+17	7.51966e+17	3.35204e+17	8.60008e+15	6.17024e+15	5.64052e+15	2.4683e+15	1.56172e+15	3.12343e+15	4.68515e+15	6.24687e+15	7.80858e+15	9.3703e+15	1.0932e+16	1.24937e+16	1.49774e+16	2.76805e+16	3.09707e+17	4.54031e+17	3.55701	3.43114	3.43114	3.43114	3.43114	3.43114	3.43114	3.43114	3.43114	3.43114	3.43114	3.40998	3.18352	4.68986	4.68986	
151150	6.85739e+17	2.78706e+17	1.21962e+17	7.71666e+16	1.54333e+17	2.315e+17	3.08667e+17	3.85833e+17	4.63e+17	5.40166e+17	6.17333e+17	6.92938e+17	7.51939e+17	3.35204e+17	8.60008e+15	6.1701e+15	5.64036e+15	2.46824e+15	1.56167e+15	3.12334e+15	4.68502e+15	6.24669e+15	7.80836e+15	9.37003e+15	1.09317e+16	1.24934e+16	1.49816e+16	2.76971e+16	3.09707e+17	4.54031e+17	3.55873	3.43306	3.43306	3.43306	3.43306	3.43306	3.43306	3.43306	3.43306	3.43306	3.43306	3.41185	3.18544	4.68986	4.68986	
151401	6.85739e+17	2.78706e+17	1.21963e+17	7.71667e+16	1.54333e+17	2.315e+17	3.08667e+17	3.85834e+17	4.63e+17	5.40167e+17	6.17334e+17	6.92932e+17	7.51912e+17	3.35204e+17	8.60008e+15	6.16996e+15	5.6402e+15	2.46817e+15	1.56163e+15	3.12326e+15	4.68489e+15	6.24651e+15	7.80814e+15	9.36977e+15	1.09314e+16	1.2493e+16	1.49858e+16	2.77138e+16	3.09707e+17	4.54031e+17	3.56044	3.43497	3.43497	3.43497	3.43497	3.43497	3.43497	3.43497	3.43497	3.43497	3.43497	3.41372	3.18736	4.68986	4.68986	
151651	6.85739e+17	2.78706e+17	1.21963e+17	7.71668e+16	1.54334e+17	2.315e+17	3.08667e+17	3.85834e+17	4.63001e+17	5.40167e+17	6.17334e+17	6.92925e+17	7.51886e+17	3.35204e+17	8.60008e+15	6.16983e+15	5.64004e+15	2.4681e+15	1.56159e+15	3.12317e+15	4.68476e+15	6.24634e+15	7.80793e+15	9.36951e+15	1.09311e+16	1.24927e+16	1.499e+16	2.77304e+16	3.09707e+17	4.54031e+17	3.56214	3.43687	3.43687	3.43687	3.43687	3.43687	3.43687	3.43687	3.43687	3.43687	3.43687	3.41558	3.18927	4.68986	4.68986	
151902	6.8574e+17	2.78707e+17	1.21963e+17	7.71669e+16	1.54334e+17	2.31501e+17	3.08667e+17	3.85834e+17	4.63001e+17	5.40168e+17	6.17335e+17	6.92918e+17	7.51859e+17	3.35204e+17	8.60008e+15	6.16969e+15	5.63989e+15	2.46803e+15	1.56154e+15	3.12308e+15	4.68463e+15	6.24617e+15	7.80771e+15	9.36925e+15	1.09308e+16	1.24923e+16	1.49942e+16	2.77472e+16	3.09707e+17	4.54031e+17	3.56385	3.43877	3.43877	3.43877	3.43877	3.43877	3.43877	3.43877	3.43877	3.43877	3.43877	3.41744	3.19118	4.68986	4.68986	
152152	6.8574e+17	2.78707e+17	1.21963e+17	7.71669e+16	1.54334e+17	2.31501e+17	3.08668e+17	3.85835e+17	4.63002e+17	5.40168e+17	6.17335e+17	6.92911e+17	7.51831e+17	3.35204e+17	8.60008e+15	6.16955e+15	5.63973e+15	2.46796e+15	1.5615e+15	3.123e+15	4.6845e+15	6.24599e+15	7.80749e+15	9.36899e+15	1.09305e+16	1.2492e+16	1.49984e+16	2.77641e+16	3.09707e+17	4.54031e+17	3.56555	3.44067	3.44067	3.44067	3.44067	3.44067	3.44067	3.44067	3.44067	3.44067	3.44067	3.4193	3.19308	4.68986	4.68986	
152404	6.8574e+17	2.78707e+17	1.21963e+17	7.7167e+16	1.54334e+17	2.31501e+17	3.08668e+17	3.85835e+17	4.63002e+17	5.40169e+17	6.17336e+17	6.92904e+17	7.51804e+17	3.35204e+17	8.60008e+15	6.16942e+15	5.63957e+15	2.46789e+15	1.56146e+15	3.12291e+15	4.68437e+15	6.24582e+15	7.80728e+15	9.36873e+15	1.09302e+16	1.24916e+16	1.50026e+16	2.7781e+16	3.09707e+17	4.54031e+17	3.56725	3.44257	3.44257	3.44257	3.44257	3.44257	3.44257	3.44257	3.44257	3.44257	3.44257	3.42115	3.195	4.68986	4.68986	
152655	6.8574e+17	2.78707e+17	1.21963e+17	7.71671e+16	1.54334e+17	2.31501e+17	3.08668e+17	3.85835e+17	4.63002e+17	5.40169e+17	6.17336e+17	6.92897e+17	7.51777e+17	3.35204e+17	8.60008e+15	6.16928e+15	5.63942e+15	2.46782e+15	1.56141e+15	3.12282e+15	4.68424e+15	6.24565e+15	7.80706e+15	9.36847e+15	1.09299e+16	1.24913e+16	1.50068e+16	2.7798e+16	3.09707e+17	4.54031e+17	3.56895	3.44446	3.44446	3.44446	3.44446	3.44446	3.44446	3.44446	3.44446	3.44446	3.44446	3.42301	3.1969	4.68986	4.68986	
152906	6.85741e+17	2.78708e+17	1.21963e+17	7.71671e+16	1.54334e+17	2.31501e+17	3.08669e+17	3.85836e+17	4.63003e+17	5.4017e+17	6.17337e+17	6.9289e+17	7.51749e+17	3.35204e+17	8.60008e+15	6.16915e+15	5.63926e+15	2.46776e+15	1.56137e+15	3.12274e+15	4.68411e+15	6.24548e+15	7.80685e+15	9.36822e+15	1.09296e+16	1.2491e+16	1.5011e+16	2.7815e+16	3.09707e+17	4.54031e+17	3.57064	3.44636	3.44636	3.44636	3.44636	3.44636	3.44636	3.44636	3.44636	3.44636	3.44636	3.42486	3.1988	4.68986	4.68986	
153156	6.85741e+17	2.78708e+17	1.21963e+17	7.71672e+16	1.54334e+17	2.31502e+17	3.08669e+17	3.85836e+17	4.63003e+17	5.4017e+17	6.17338e+17	6.92884e+17	7.51722e+17	3.35203e+17	8.60008e+15	6.16901e+15	5.63911e+15	2.46769e+15	1.56133e+15	3.12265e+15	4.68398e+15	6.24531e+15	7.80664e+15	9.36796e+15	1.09293e+16	1.24906e+16	1.50151e+16	2.78321e+16	3.09707e+17	4.54031e+17	3.57233	3.44824	3.44824	3.44824	3.44824	3.44824	3.44824	3.44824	3.44824	3.44824	3.44824	3.4267	3.2007	4.68986	4.68986	
153407	6.85741e+17	2.78708e+17	1.21963e+17	7.71673e+16	1.54335e+17	2.31502e+17	3.08669e+17	3.85836e+17	4.63004e+17	5.40171e+17	6.17338e+17	6.92877e+17	7.51694e+17	3.35203e+17	8.60007e+15	6.16888e+15	5.63896e+15	2.46762e+15	1.56128e+15	3.12257e+15	4.68385e+15	6.24514e+15	7.80642e+15	9.36771e+15	1.0929e+16	1.24903e+16	1.50193e+16	2.78493e+16	3.09707e+17	4.54031e+17	3.57402	3.45013	3.45013	3.45013	3.45013	3.45013	3.45013	3.45013	3.45013	3.45013	3.45013	3.42855	3.20261	4.68986	4.68986	
153659	6.85741e+17	2.78708e+17	1.21964e+17	7.71673e+16	1.54335e+17	2.31502e+17	3.08669e+17	3.85837e+17	4.63004e+17	5.40171e+17	6.17339e+17	6.9287e+17	7.51666e+17	3.35203e+17	8.60007e+15	6.16875e+15	5.6388e+15	2.46755e+15	1.56124e+15	3.12248e+15	4.68373e+15	6.24497e+15	7.80621e+15	9.36745e+15	1.09287e+16	1.24899e+16	1.50235e+16	2.78665e+16	3.09707e+17	4.54031e+17	3.57571	3.45202	3.45202	3.45202	3.45202	3.45202	3.45202	3.45202	3.45202	3.45202	3.45202	3.43039	3.20451	4.68986	4.68986	
153909	6.85742e+17	2.78709e+17	1.21964e+17	7.71674e+16	1.54335e+17	2.31502e+17	3.0867e+17	3.85837e+17	4.63004e+17	5.40172e+17	6.17339e+17	6.92863e+17	7.51639e+17	3.35203e+17	8.60007e+15	6.16861e+15	5.63865e+15	2.46749e+15	1.5612e+15	3.1224e+15	4.6836e+15	6.2448e+15	7.806e+15	9.3672e+15	1.09284e+16	1.24896e+16	1.50277e+16	2.78838e+16	3.09707e+17	4.54031e+17	3.5774	3.45389	3.45389	3.45389	3.45389	3.45389	3.45389	3.45389	3.45389	3.45389	3.45389	3.43223	3.2064	4.68986	4.68986	
154160	6.85742e+17	2.78709e+17	1.21964e+17	7.71675e+16	1.54335e+17	2.31502e+17	3.0867e+17	3.85837e+17	4.63005e+17	5.40172e+17	6.1734e+17	6.92856e+17	7.51611e+17	3.35203e+17	8.60007e+15	6.16848e+15	5.6385e+15	2.46742e+15	1.56116e+15	3.12232e+15	4.68347e+15	6.24463e+15	7.80579e+15	9.36695e+15	1.09281e+16	1.24893e+16	1.50318e+16	2.79011e+16	3.09707e+17	4.54031e+17	3.57908	3.45577	3.45577	3.45577	3.45577	3.45577	3.45577	3.45577	3.45577	3.45577	3.45577	3.43406	3.20829	4.68986	4.68986	
154411	6.85742e+17	2.78709e+17	1.21964e+17	7.71675e+16	1.54335e+17	2.31503e+17	3.0867e+17	3.85838e+17	4.63005e+17	5.40173e+17	6.1734e+17	6.9285e+17	7.51583e+17	3.35203e+17	8.60007e+15	6.16835e+15	5.63835e+15	2.46735e+15	1.56112e+15	3.12223e+15	4.68335e+15	6.24446e+15	7.80558e+15	9.36669e+15	1.09278e+16	1.24889e+16	1.5036e+16	2.79185e+16	3.09707e+17	4.54031e+17	3.58076	3.45764	3.45764	3.45764	3.45764	3.45764	3.45764	3.45764	3.45764	3.45764	3.45764	3.4359	3.21018	4.68986	4.68986	
154662	6.85742e+17	2.78709e+17	1.21964e+17	7.71676e+16	1.54335e+17	2.31503e+17	3.0867e+17	3.85838e+17	4.63006e+17	5.40173e+17	6.17341e+17	6.92843e+17	7.51555e+17	3.35203e+17	8.60007e+15	6.16822e+15	5.6382e+15	2.46729e+15	1.56107e+15	3.12215e+15	4.68322e+15	6.2443e+15	7.80537e+15	9.36644e+15	1.09275e+16	1.24886e+16	1.50402e+16	2.79359e+16	3.09707e+17	4.54031e+17	3.58244	3.45952	3.45952	3.45952	3.45952	3.45952	3.45952	3.45952	3.45952	3.45952	3.45952	3.43773	3.21207	4.68986	4.68986	
154914	6.85743e+17	2.7871e+17	1.21964e+17	7.71677e+16	1.54335e+17	2.31503e+17	3.08671e+17	3.85838e+17	4.63006e+17	5.40174e+17	6.17341e+17	6.92836e+17	7.51527e+17	3.35203e+17	8.60007e+15	6.16809e+15	5.63804e+15	2.46722e+15	1.56103e+15	3.12206e+15	4.6831e+15	6.24413e+15	7.80516e+15	9.36619e+15	1.09272e+16	1.24883e+16	1.50443e+16	2.79534e+16	3.09707e+17	4.54031e+17	3.58411	3.46139	3.46139	3.46139	3.46139	3.46139	3.46139	3.46139	3.46139	3.46139	3.46139	3.43956	3.21396	4.68986	4.68986	
155164	6.85743e+17	2.7871e+17	1.21964e+17	7.71677e+16	1.54335e+17	2.31503e+17	3.08671e+17	3.85839e+17	4.63006e+17	5.40174e+17	6.17342e+17	6.92829e+17	7.51498e+17	3.35203e+17	8.60007e+15	6.16796e+15	5.63789e+15	2.46716e+15	1.56099e+15	3.12198e+15	4.68297e+15	6.24396e+15	7.80495e+15	9.36594e+15	1.09269e+16	1.24879e+16	1.50485e+16	2.79709e+16	3.09707e+17	4.54031e+17	3.58578	3.46325	3.46325	3.46325	3.46325	3.46325	3.46325	3.46325	3.46325	3.46325	3.46325	3.44139	3.21584	4.68986	4.68986	
155415	6.85743e+17	2.7871e+17	1.21964e+17	7.71678e+16	1.54336e+17	2.31503e+17	3.08671e+17	3.85839e+17	4.63007e+17	5.40175e+17	6.17343e+17	6.92823e+17	7.5147e+17	3.35203e+17	8.60007e+15	6.16783e+15	5.63775e+15	2.46709e+15	1.56095e+15	3.1219e+15	4.68285e+15	6.2438e+15	7.80475e+15	9.36569e+15	1.09266e+16	1.24876e+16	1.50526e+16	2.79884e+16	3.09707e+17	4.54031e+17	3.58745	3.46511	3.46511	3.46511	3.46511	3.46511	3.46511	3.46511	3.46511	3.46511	3.46511	3.44321	3.21773	4.68986	4.68986	
155666	6.85743e+17	2.7871e+17	1.21964e+17	7.71679e+16	1.54336e+17	2.31504e+17	3.08672e+17	3.85839e+17	4.63007e+17	5.40175e+17	6.17343e+17	6.92816e+17	7.51442e+17	3.35203e+17	8.60007e+15	6.1677e+15	5.6376e+15	2.46703e+15	1.56091e+15	3.12182e+15	4.68272e+15	6.24363e+15	7.80454e+15	9.36545e+15	1.09264e+16	1.24873e+16	1.50567e+16	2.8006e+16	3.09707e+17	4.54031e+17	3.58911	3.46697	3.46697	3.46697	3.46697	3.46697	3.46697	3.46697	3.46697	3.46697	3.46697	3.44503	3.2196	4.68986	4.68986	
155917	6.85743e+17	2.78711e+17	1.21965e+17	7.71679e+16	1.54336e+17	2.31504e+17	3.08672e+17	3.8584e+17	4.63008e+17	5.40176e+17	6.17344e+17	6.92809e+17	7.51414e+17	3.35203e+17	8.60007e+15	6.16757e+15	5.63745e+15	2.46696e+15	1.56087e+15	3.12173e+15	4.6826e+15	6.24347e+15	7.80433e+15	9.3652e+15	1.09261e+16	1.24869e+16	1.50609e+16	2.80236e+16	3.09707e+17	4.54031e+17	3.59078	3.46883	3.46883	3.46883	3.46883	3.46883	3.46883	3.46883	3.46883	3.46883	3.46883	3.44685	3.22148	4.68986	4.68986	
156168	6.85744e+17	2.78711e+17	1.21965e+17	7.7168e+16	1.54336e+17	2.31504e+17	3.08672e+17	3.8584e+17	4.63008e+17	5.40176e+17	6.17344e+17	6.92802e+17	7.51385e+17	3.35203e+17	8.60007e+15	6.16744e+15	5.6373e+15	2.4669e+15	1.56083e+15	3.12165e+15	4.68248e+15	6.2433e+15	7.80413e+15	9.36495e+15	1.09258e+16	1.24866e+16	1.5065e+16	2.80413e+16	3.09707e+17	4.54031e+17	3.59244	3.47068	3.47068	3.47068	3.47068	3.47068	3.47068	3.47068	3.47068	3.47068	3.47068	3.44867	3.22336	4.68986	4.68986	
156419	6.85744e+17	2.78711e+17	1.21965e+17	7.71681e+16	1.54336e+17	2.31504e+17	3.08672e+17	3.8584e+17	4.63008e+17	5.40177e+17	6.17345e+17	6.92795e+17	7.51357e+17	3.35203e+17	8.60007e+15	6.16731e+15	5.63715e+15	2.46683e+15	1.56078e+15	3.12157e+15	4.68235e+15	6.24314e+15	7.80392e+15	9.36471e+15	1.09255e+16	1.24863e+16	1.50691e+16	2.8059e+16	3.09707e+17	4.54031e+17	3.5941	3.47253	3.47253	3.47253	3.47253	3.47253	3.47253	3.47253	3.47253	3.47253	3.47253	3.45048	3.22523	4.68986	4.68986	
156670	6.85744e+17	2.78711e+17	1.21965e+17	7.71681e+16	1.54336e+17	2.31504e+17	3.08673e+17	3.85841e+17	4.63009e+17	5.40177e+17	6.17345e+17	6.92789e+17	7.51328e+17	3.35203e+17	8.60007e+15	6.16719e+15	5.637e+15	2.46677e+15	1.56074e+15	3.12149e+15	4.68223e+15	6.24298e+15	7.80372e+15	9.36447e+15	1.09252e+16	1.2486e+16	1.50733e+16	2.80767e+16	3.09707e+17	4.54031e+17	3.59576	3.47438	3.47438	3.47438	3.47438	3.47438	3.47438	3.47438	3.47438	3.47438	3.47438	3.45229	3.2271	4.68986	4.68986	
156921	6.85744e+17	2.78712e+17	1.21965e+17	7.71682e+16	1.54336e+17	2.31505e+17	3.08673e+17	3.85841e+17	4.63009e+17	5.40177e+17	6.17346e+17	6.92782e+17	7.51299e+17	3.35202e+17	8.60007e+15	6.16706e+15	5.63686e+15	2.4667e+15	1.5607e+15	3.12141e+15	4.68211e+15	6.24281e+15	7.80352e+15	9.36422e+15	1.09249e+16	1.24856e+16	1.50774e+16	2.80945e+16	3.09707e+17	4.54031e+17	3.59741	3.47623	3.47623	3.47623	3.47623	3.47623	3.47623	3.47623	3.47623	3.47623	3.47623	3.4541	3.22897	4.68986	4.68986	
157173	6.85745e+17	2.78712e+17	1.21965e+17	7.71683e+16	1.54337e+17	2.31505e+17	3.08673e+17	3.85841e+17	4.6301e+17	5.40178e+17	6.17346e+17	6.92775e+17	7.51271e+17	3.35202e+17	8.60007e+15	6.16693e+15	5.63671e+15	2.46664e+15	1.56066e+15	3.12133e+15	4.68199e+15	6.24265e+15	7.80332e+15	9.36398e+15	1.09246e+16	1.24853e+16	1.50815e+16	2.81124e+16	3.09707e+17	4.54031e+17	3.59907	3.47808	3.47808	3.47808	3.47808	3.47808	3.47808	3.47808	3.47808	3.47808	3.47808	3.45591	3.23084	4.68986	4.68986	
157423	6.85745e+17	2.78712e+17	1.21965e+17	7.71683e+16	1.54337e+17	2.31505e+17	3.08673e+17	3.85842e+17	4.6301e+17	5.40178e+17	6.17347e+17	6.92769e+17	7.51242e+17	3.35202e+17	8.60007e+15	6.16681e+15	5.63657e+15	2.46658e+15	1.56062e+15	3.12125e+15	4.68187e+15	6.24249e+15	7.80311e+15	9.36374e+15	1.09244e+16	1.2485e+16	1.50856e+16	2.81302e+16	3.09707e+17	4.54031e+17	3.60071	3.47991	3.47991	3.47991	3.47991	3.47991	3.47991	3.47991	3.47991	3.47991	3.47991	3.45771	3.2327	4.68986	4.68986	
157674	6.85745e+17	2.78712e+17	1.21965e+17	7.71684e+16	1.54337e+17	2.31505e+17	3.08674e+17	3.85842e+17	4.6301e+17	5.40179e+17	6.17347e+17	6.92762e+17	7.51213e+17	3.35202e+17	8.60007e+15	6.16668e+15	5.63642e+15	2.46651e+15	1.56058e+15	3.12117e+15	4.68175e+15	6.24233e+15	7.80291e+15	9.3635e+15	1.09241e+16	1.24847e+16	1.50897e+16	2.8148e+16	3.09707e+17	4.54031e+17	3.60236	3.48175	3.48175	3.48175	3.48175	3.48175	3.48175	3.48175	3.48175	3.48175	3.48175	3.4595	3.23456	4.68986	4.68986	
157926	6.85745e+17	2.78713e+17	1.21965e+17	7.71685e+16	1.54337e+17	2.31505e+17	3.08674e+17	3.85842e+17	4.63011e+17	5.40179e+17	6.17348e+17	6.92755e+17	7.51185e+17	3.35202e+17	8.60007e+15	6.16656e+15	5.63628e+15	2.46645e+15	1.56054e+15	3.12109e+15	4.68163e+15	6.24217e+15	7.80271e+15	9.36326e+15	1.09238e+16	1.24843e+16	1.50939e+16	2.81659e+16	3.09708e+17	4.54031e+17	3.60401	3.48358	3.48358	3.48358	3.48358	3.48358	3.48358	3.48358	3.48358	3.48358	3.48358	3.4613	3.23643	4.68986	4.68986	
158177	6.85746e+17	2.78713e+17	1.21965e+17	7.71685e+16	1.54337e+17	2.31506e+17	3.08674e+17	3.85843e+17	4.63011e+17	5.4018e+17	6.17348e+17	6.92748e+17	7.51156e+17	3.35202e+17	8.60007e+15	6.16643e+15	5.63613e+15	2.46639e+15	1.5605e+15	3.12101e+15	4.68151e+15	6.24201e+15	7.80251e+15	9.36302e+15	1.09235e+16	1.2484e+16	1.5098e+16	2.81839e+16	3.09708e+17	4.54031e+17	3.60565	3.48542	3.48542	3.48542	3.48542	3.48542	3.48542	3.48542	3.48542	3.48542	3.48542	3.4631	3.23829	4.68986	4.68986	
158428	6.85746e+17	2.78713e+17	1.21966e+17	7.71686e+16	1.54337e+17	2.31506e+17	3.08674e+17	3.85843e+17	4.63012e+17	5.4018e+17	6.17349e+17	6.92742e+17	7.51127e+17	3.35202e+17	8.60006e+15	6.16631e+15	5.63599e+15	2.46632e+15	1.56046e+15	3.12093e+15	4.68139e+15	6.24185e+15	7.80231e+15	9.36278e+15	1.09232e+16	1.24837e+16	1.51021e+16	2.82018e+16	3.09708e+17	4.54031e+17	3.60729	3.48725	3.48725	3.48725	3.48725	3.48725	3.48725	3.48725	3.48725	3.48725	3.48725	3.46489	3.24014	4.68986	4.68986	
158679	6.85746e+17	2.78713e+17	1.21966e+17	7.71687e+16	1.54337e+17	2.31506e+17	3.08675e+17	3.85843e+17	4.63012e+17	5.40181e+17	6.17349e+17	6.92735e+17	7.51098e+17	3.35202e+17	8.60006e+15	6.16618e+15	5.63585e+15	2.46626e+15	1.56042e+15	3.12085e+15	4.68127e+15	6.24169e+15	7.80212e+15	9.36254e+15	1.0923e+16	1.24834e+16	1.51062e+16	2.82198e+16	3.09708e+17	4.54031e+17	3.60892	3.48907	3.48907	3.48907	3.48907	3.48907	3.48907	3.48907	3.48907	3.48907	3.48907	3.46668	3.24199	4.68986	4.68986	
158930	6.85746e+17	2.78714e+17	1.21966e+17	7.71687e+16	1.54337e+17	2.31506e+17	3.08675e+17	3.85844e+17	4.63012e+17	5.40181e+17	6.1735e+17	6.92728e+17	7.51069e+17	3.35202e+17	8.60006e+15	6.16606e+15	5.6357e+15	2.4662e+15	1.56038e+15	3.12077e+15	4.68115e+15	6.24154e+15	7.80192e+15	9.3623e+15	1.09227e+16	1.24831e+16	1.51103e+16	2.82378e+16	3.09708e+17	4.54031e+17	3.61056	3.49089	3.49089	3.49089	3.49089	3.49089	3.49089	3.49089	3.49089	3.49089	3.49089	3.46847	3.24384	4.68986	4.68986	
159181	6.85747e+17	2.78714e+17	1.21966e+17	7.71688e+16	1.54338e+17	2.31506e+17	3.08675e+17	3.85844e+17	4.63013e+17	5.40182e+17	6.1735e+17	6.92722e+17	7.5104e+17	3.35202e+17	8.60006e+15	6.16594e+15	5.63556e+15	2.46614e+15	1.56034e+15	3.12069e+15	4.68103e+15	6.24138e+15	7.80172e+15	9.36207e+15	1.09224e+16	1.24828e+16	1.51144e+16	2.82558e+16	3.09708e+17	4.54031e+17	3.61219	3.49271	3.49271	3.49271	3.49271	3.49271	3.49271	3.49271	3.49271	3.49271	3.49271	3.47025	3.24569	4.68986	4.68986	
159432	6.85747e+17	2.78714e+17	1.21966e+17	7.71689e+16	1.54338e+17	2.31507e+17	3.08675e+17	3.85844e+17	4.63013e+17	5.40182e+17	6.17351e+17	6.92715e+17	7.51011e+17	3.35202e+17	8.60006e+15	6.16581e+15	5.63542e+15	2.46607e+15	1.56031e+15	3.12061e+15	4.68092e+15	6.24122e+15	7.80153e+15	9.36183e+15	1.09221e+16	1.24824e+16	1.51185e+16	2.82738e+16	3.09708e+17	4.54031e+17	3.61382	3.49453	3.49453	3.49453	3.49453	3.49453	3.49453	3.49453	3.49453	3.49453	3.49453	3.47203	3.24754	4.68986	4.68986	
159684	6.85747e+17	2.78714e+17	1.21966e+17	7.71689e+16	1.54338e+17	2.31507e+17	3.08676e+17	3.85845e+17	4.63014e+17	5.40182e+17	6.17351e+17	6.92708e+17	7.50982e+17	3.35202e+17	8.60006e+15	6.16569e+15	5.63528e+15	2.46601e+15	1.56027e+15	3.12053e+15	4.6808e+15	6.24106e+15	7.80133e+15	9.3616e+15	1.09219e+16	1.24821e+16	1.51225e+16	2.82919e+16	3.09708e+17	4.54031e+17	3.61545	3.49635	3.49635	3.49635	3.49635	3.49635	3.49635	3.49635	3.49635	3.49635	3.49635	3.47382	3.24938	4.68986	4.68986	
159935	6.85747e+17	2.78714e+17	1.21966e+17	7.7169e+16	1.54338e+17	2.31507e+17	3.08676e+17	3.85845e+17	4.63014e+17	5.40183e+17	6.17352e+17	6.92702e+17	7.50953e+17	3.35202e+17	8.60006e+15	6.16557e+15	5.63514e+15	2.46595e+15	1.56023e+15	3.12045e+15	4.68068e+15	6.24091e+15	7.80114e+15	9.36136e+15	1.09216e+16	1.24818e+16	1.51266e+16	2.831e+16	3.09708e+17	4.54031e+17	3.61707	3.49816	3.49816	3.49816	3.49816	3.49816	3.49816	3.49816	3.49816	3.49816	3.49816	3.47559	3.25122	4.68986	4.68986	
160185	6.85747e+17	2.78715e+17	1.21966e+17	7.71691e+16	1.54338e+17	2.31507e+17	3.08676e+17	3.85845e+17	4.63014e+17	5.40183e+17	6.17352e+17	6.92695e+17	7.50924e+17	3.35201e+17	8.60006e+15	6.16545e+15	5.635e+15	2.46589e+15	1.56019e+15	3.12038e+15	4.68057e+15	6.24075e+15	7.80094e+15	9.36113e+15	1.09213e+16	1.24815e+16	1.51307e+16	2.8328e+16	3.09708e+17	4.54031e+17	3.61869	3.49997	3.49997	3.49997	3.49997	3.49997	3.49997	3.49997	3.49997	3.49997	3.49997	3.47736	3.25306	4.68986	4.68986	
160437	6.85748e+17	2.78715e+17	1.21966e+17	7.71691e+16	1.54338e+17	2.31507e+17	3.08676e+17	3.85846e+17	4.63015e+17	5.40184e+17	6.17353e+17	6.92688e+17	7.50895e+17	3.35201e+17	8.60006e+15	6.16533e+15	5.63486e+15	2.46583e+15	1.56015e+15	3.1203e+15	4.68045e+15	6.2406e+15	7.80075e+15	9.3609e+15	1.0921e+16	1.24812e+16	1.51348e+16	2.83462e+16	3.09708e+17	4.54031e+17	3.62031	3.50177	3.50177	3.50177	3.50177	3.50177	3.50177	3.50177	3.50177	3.50177	3.50177	3.47914	3.2549	4.68986	4.68986	
160688	6.85748e+17	2.78715e+17	1.21966e+17	7.71692e+16	1.54338e+17	2.31508e+17	3.08677e+17	3.85846e+17	4.63015e+17	5.40184e+17	6.17353e+17	6.92682e+17	7.50865e+17	3.35201e+17	8.60006e+15	6.16521e+15	5.63472e+15	2.46577e+15	1.56011e+15	3.12022e+15	4.68033e+15	6.24044e+15	7.80056e+15	9.36067e+15	1.09208e+16	1.24809e+16	1.51389e+16	2.83643e+16	3.09708e+17	4.54031e+17	3.62193	3.50358	3.50358	3.50358	3.50358	3.50358	3.50358	3.50358	3.50358	3.50358	3.50358	3.48091	3.25674	4.68986	4.68986	
160939	6.85748e+17	2.78715e+17	1.21967e+17	7.71692e+16	1.54338e+17	2.31508e+17	3.08677e+17	3.85846e+17	4.63015e+17	5.40185e+17	6.17354e+17	6.92675e+17	7.50836e+17	3.35201e+17	8.60006e+15	6.16509e+15	5.63458e+15	2.46571e+15	1.56007e+15	3.12015e+15	4.68022e+15	6.24029e+15	7.80036e+15	9.36044e+15	1.09205e+16	1.24806e+16	1.51429e+16	2.83825e+16	3.09708e+17	4.54031e+17	3.62354	3.50538	3.50538	3.50538	3.50538	3.50538	3.50538	3.50538	3.50538	3.50538	3.50538	3.48267	3.25857	4.68986	4.68986	
161190	6.85748e+17	2.78716e+17	1.21967e+17	7.71693e+16	1.54339e+17	2.31508e+17	3.08677e+17	3.85847e+17	4.63016e+17	5.40185e+17	6.17354e+17	6.92668e+17	7.50807e+17	3.35201e+17	8.60006e+15	6.16497e+15	5.63444e+15	2.46565e+15	1.56003e+15	3.12007e+15	4.6801e+15	6.24014e+15	7.80017e+15	9.36021e+15	1.09202e+16	1.24803e+16	1.5147e+16	2.84006e+16	3.09708e+17	4.54031e+17	3.62515	3.50718	3.50718	3.50718	3.50718	3.50718	3.50718	3.50718	3.50718	3.50718	3.50718	3.48444	3.2604	4.68986	4.68986	
161442	6.85749e+17	2.78716e+17	1.21967e+17	7.71694e+16	1.54339e+17	2.31508e+17	3.08677e+17	3.85847e+17	4.63016e+17	5.40186e+17	6.17355e+17	6.92662e+17	7.50778e+17	3.35201e+17	8.60006e+15	6.16485e+15	5.6343e+15	2.46559e+15	1.56e+15	3.11999e+15	4.67999e+15	6.23999e+15	7.79998e+15	9.35998e+15	1.092e+16	1.248e+16	1.51511e+16	2.84188e+16	3.09708e+17	4.54031e+17	3.62676	3.50897	3.50897	3.50897	3.50897	3.50897	3.50897	3.50897	3.50897	3.50897	3.50897	3.4862	3.26223	4.68986	4.68986	
161693	6.85749e+17	2.78716e+17	1.21967e+17	7.71694e+16	1.54339e+17	2.31508e+17	3.08678e+17	3.85847e+17	4.63017e+17	5.40186e+17	6.17355e+17	6.92655e+17	7.50748e+17	3.35201e+17	8.60006e+15	6.16473e+15	5.63417e+15	2.46553e+15	1.55996e+15	3.11992e+15	4.67987e+15	6.23983e+15	7.79979e+15	9.35975e+15	1.09197e+16	1.24797e+16	1.51551e+16	2.8437e+16	3.09708e+17	4.54031e+17	3.62837	3.51077	3.51077	3.51077	3.51077	3.51077	3.51077	3.51077	3.51077	3.51077	3.51077	3.48796	3.26406	4.68986	4.68986	
161945	6.85749e+17	2.78716e+17	1.21967e+17	7.71695e+16	1.54339e+17	2.31508e+17	3.08678e+17	3.85847e+17	4.63017e+17	5.40186e+17	6.17356e+17	6.92649e+17	7.50719e+17	3.35201e+17	8.60006e+15	6.16461e+15	5.63403e+15	2.46547e+15	1.55992e+15	3.11984e+15	4.67976e+15	6.23968e+15	7.7996e+15	9.35952e+15	1.09194e+16	1.24794e+16	1.51592e+16	2.84553e+16	3.09708e+17	4.54031e+17	3.62998	3.51256	3.51256	3.51256	3.51256	3.51256	3.51256	3.51256	3.51256	3.51256	3.51256	3.48972	3.26588	4.68986	4.68986	
162196	6.85749e+17	2.78716e+17	1.21967e+17	7.71695e+16	1.54339e+17	2.31509e+17	3.08678e+17	3.85848e+17	4.63017e+17	5.40187e+17	6.17356e+17	6.92642e+17	7.5069e+17	3.35201e+17	8.60006e+15	6.1645e+15	5.63389e+15	2.46541e+15	1.55988e+15	3.11977e+15	4.67965e+15	6.23953e+15	7.79941e+15	9.3593e+15	1.09192e+16	1.24791e+16	1.51632e+16	2.84734e+16	3.09708e+17	4.54031e+17	3.63158	3.51434	3.51434	3.51434	3.51434	3.51434	3.51434	3.51434	3.51434	3.51434	3.51434	3.49147	3.2677	4.68986	4.68986	
162447	6.85749e+17	2.78717e+17	1.21967e+17	7.71696e+16	1.54339e+17	2.31509e+17	3.08678e+17	3.85848e+17	4.63018e+17	5.40187e+17	6.17357e+17	6.92635e+17	7.50661e+17	3.35201e+17	8.60005e+15	6.16438e+15	5.63376e+15	2.46535e+15	1.55985e+15	3.11969e+15	4.67954e+15	6.23938e+15	7.79923e+15	9.35907e+15	1.09189e+16	1.24788e+16	1.51673e+16	2.84917e+16	3.09708e+17	4.54031e+17	3.63318	3.51613	3.51613	3.51613	3.51613	3.51613	3.51613	3.51613	3.51613	3.51613	3.51613	3.49322	3.26952	4.68986	4.68986	
162698	6.8575e+17	2.78717e+17	1.21967e+17	7.71697e+16	1.54339e+17	2.31509e+17	3.08679e+17	3.85848e+17	4.63018e+17	5.40188e+17	6.17357e+17	6.92629e+17	7.50631e+17	3.352e+17	8.60005e+15	6.16426e+15	5.63362e+15	2.46529e+15	1.55981e+15	3.11962e+15	4.67942e+15	6.23923e+15	7.79904e+15	9.35885e+15	1.09187e+16	1.24785e+16	1.51713e+16	2.85099e+16	3.09708e+17	4.54031e+17	3.63477	3.51791	3.51791	3.51791	3.51791	3.51791	3.51791	3.51791	3.51791	3.51791	3.51791	3.49497	3.27133	4.68986	4.68986	
162949	6.8575e+17	2.78717e+17	1.21967e+17	7.71697e+16	1.54339e+17	2.31509e+17	3.08679e+17	3.85849e+17	4.63018e+17	5.40188e+17	6.17358e+17	6.92622e+17	7.50602e+17	3.352e+17	8.60005e+15	6.16415e+15	5.63349e+15	2.46523e+15	1.55977e+15	3.11954e+15	4.67931e+15	6.23908e+15	7.79885e+15	9.35862e+15	1.09184e+16	1.24782e+16	1.51754e+16	2.85282e+16	3.09708e+17	4.54031e+17	3.63637	3.51969	3.51969	3.51969	3.51969	3.51969	3.51969	3.51969	3.51969	3.51969	3.51969	3.49672	3.27315	4.68986	4.68986	
163201	6.8575e+17	2.78717e+17	1.21967e+17	7.71698e+16	1.5434e+17	2.31509e+17	3.08679e+17	3.85849e+17	4.63019e+17	5.40189e+17	6.17358e+17	6.92616e+17	7.50572e+17	3.352e+17	8.60005e+15	6.16403e+15	5.63335e+15	2.46517e+15	1.55973e+15	3.11947e+15	4.6792e+15	6.23893e+15	7.79866e+15	9.3584e+15	1.09181e+16	1.24779e+16	1.51794e+16	2.85465e+16	3.09708e+17	4.54031e+17	3.63796	3.52147	3.52147	3.52147	3.52147	3.52147	3.52147	3.52147	3.52147	3.52147	3.52147	3.49846	3.27496	4.68986	4.68986	
163452	6.8575e+17	2.78718e+17	1.21968e+17	7.71699e+16	1.5434e+17	2.3151e+17	3.08679e+17	3.85849e+17	4.63019e+17	5.40189e+17	6.17359e+17	6.92609e+17	7.50543e+17	3.352e+17	8.60005e+15	6.16392e+15	5.63322e+15	2.46511e+15	1.5597e+15	3.11939e+15	4.67909e+15	6.23878e+15	7.79848e+15	9.35817e+15	1.09179e+16	1.24776e+16	1.51834e+16	2.85647e+16	3.09708e+17	4.54031e+17	3.63955	3.52324	3.52324	3.52324	3.52324	3.52324	3.52324	3.52324	3.52324	3.52324	3.52324	3.50021	3.27677	4.68986	4.68986	
163703	6.8575e+17	2.78718e+17	1.21968e+17	7.71699e+16	1.5434e+17	2.3151e+17	3.0868e+17	3.8585e+17	4.63019e+17	5.40189e+17	6.17359e+17	6.92602e+17	7.50514e+17	3.352e+17	8.60005e+15	6.1638e+15	5.63308e+15	2.46505e+15	1.55966e+15	3.11932e+15	4.67898e+15	6.23864e+15	7.79829e+15	9.35795e+15	1.09176e+16	1.24773e+16	1.51875e+16	2.8583e+16	3.09708e+17	4.54031e+17	3.64114	3.52501	3.52501	3.52501	3.52501	3.52501	3.52501	3.52501	3.52501	3.52501	3.52501	3.50194	3.27858	4.68986	4.68986	
163954	6.85751e+17	2.78718e+17	1.21968e+17	7.717e+16	1.5434e+17	2.3151e+17	3.0868e+17	3.8585e+17	4.6302e+17	5.4019e+17	6.1736e+17	6.92596e+17	7.50484e+17	3.352e+17	8.60005e+15	6.16369e+15	5.63295e+15	2.46499e+15	1.55962e+15	3.11924e+15	4.67887e+15	6.23849e+15	7.79811e+15	9.35773e+15	1.09174e+16	1.2477e+16	1.51915e+16	2.86013e+16	3.09708e+17	4.54031e+17	3.64273	3.52678	3.52678	3.52678	3.52678	3.52678	3.52678	3.52678	3.52678	3.52678	3.52678	3.50368	3.28038	4.68986	4.68986	
164206	6.85751e+17	2.78718e+17	1.21968e+17	7.717e+16	1.5434e+17	2.3151e+17	3.0868e+17	3.8585e+17	4.6302e+17	5.4019e+17	6.1736e+17	6.92589e+17	7.50455e+17	3.352e+17	8.60005e+15	6.16357e+15	5.63282e+15	2.46494e+15	1.55959e+15	3.11917e+15	4.67876e+15	6.23834e+15	7.79793e+15	9.35751e+15	1.09171e+16	1.24767e+16	1.51955e+16	2.86196e+16	3.09708e+17	4.54031e+17	3.64431	3.52855	3.52855	3.52855	3.52855	3.52855	3.52855	3.52855	3.52855	3.52855	3.52855	3.50542	3.28219	4.68986	4.68986	
164457	6.85751e+17	2.78718e+17	1.21968e+17	7.71701e+16	1.5434e+17	2.3151e+17	3.0868e+17	3.8585e+17	4.63021e+17	5.40191e+17	6.17361e+17	6.92583e+17	7.50425e+17	3.352e+17	8.60005e+15	6.16346e+15	5.63269e+15	2.46488e+15	1.55955e+15	3.1191e+15	4.67865e+15	6.23819e+15	7.79774e+15	9.35729e+15	1.09168e+16	1.24764e+16	1.51995e+16	2.86379e+16	3.09709e+17	4.54031e+17	3.64589	3.53031	3.53031	3.53031	3.53031	3.53031	3.53031	3.53031	3.53031	3.53031	3.53031	3.50715	3.28399	4.68986	4.68986	
164708	6.85751e+17	2.78719e+17	1.21968e+17	7.71701e+16	1.5434e+17	2.3151e+17	3.08681e+17	3.85851e+17	4.63021e+17	5.40191e+17	6.17361e+17	6.92576e+17	7.50396e+17	3.352e+17	8.60005e+15	6.16335e+15	5.63256e+15	2.46482e+15	1.55951e+15	3.11902e+15	4.67854e+15	6.23805e+15	7.79756e+15	9.35707e+15	1.09166e+16	1.24761e+16	1.52036e+16	2.86562e+16	3.09709e+17	4.54031e+17	3.64747	3.53206	3.53206	3.53206	3.53206	3.53206	3.53206	3.53206	3.53206	3.53206	3.53206	3.50888	3.28578	4.68986	4.68986	
164960	6.85751e+17	2.78719e+17	1.21968e+17	7.71702e+16	1.5434e+17	2.31511e+17	3.08681e+17	3.85851e+17	4.63021e+17	5.40191e+17	6.17362e+17	6.9257e+17	7.50366e+17	3.352e+17	8.60005e+15	6.16323e+15	5.63242e+15	2.46476e+15	1.55948e+15	3.11895e+15	4.67843e+15	6.2379e+15	7.79738e+15	9.35686e+15	1.09163e+16	1.24758e+16	1.52076e+16	2.86746e+16	3.09709e+17	4.54031e+17	3.64904	3.53382	3.53382	3.53382	3.53382	3.53382	3.53382	3.53382	3.53382	3.53382	3.53382	3.51061	3.28758	4.68986	4.68986	
165211	6.85752e+17	2.78719e+17	1.21968e+17	7.71703e+16	1.54341e+17	2.31511e+17	3.08681e+17	3.85851e+17	4.63022e+17	5.40192e+17	6.17362e+17	6.92563e+17	7.50337e+17	3.35199e+17	8.60005e+15	6.16312e+15	5.63229e+15	2.46471e+15	1.55944e+15	3.11888e+15	4.67832e+15	6.23776e+15	7.7972e+15	9.35664e+15	1.09161e+16	1.24755e+16	1.52116e+16	2.86929e+16	3.09709e+17	4.54031e+17	3.65062	3.53558	3.53558	3.53558	3.53558	3.53558	3.53558	3.53558	3.53558	3.53558	3.53558	3.51233	3.28938	4.68986	4.68986	
165463	6.85752e+17	2.78719e+17	1.21968e+17	7.71703e+16	1.54341e+17	2.31511e+17	3.08681e+17	3.85852e+17	4.63022e+17	5.40192e+17	6.17363e+17	6.92556e+17	7.50307e+17	3.35199e+17	8.60004e+15	6.16301e+15	5.63216e+15	2.46465e+15	1.5594e+15	3.11881e+15	4.67821e+15	6.23761e+15	7.79702e+15	9.35642e+15	1.09158e+16	1.24752e+16	1.52156e+16	2.87112e+16	3.09709e+17	4.54031e+17	3.65219	3.53733	3.53733	3.53733	3.53733	3.53733	3.53733	3.53733	3.53733	3.53733	3.53733	3.51405	3.29117	4.68986	4.68986	
165714	6.85752e+17	2.78719e+17	1.21968e+17	7.71704e+16	1.54341e+17	2.31511e+17	3.08682e+17	3.85852e+17	4.63022e+17	5.40193e+17	6.17363e+17	6.9255e+17	7.50278e+17	3.35199e+17	8.60004e+15	6.1629e+15	5.63203e+15	2.46459e+15	1.55937e+15	3.11874e+15	4.6781e+15	6.23747e+15	7.79684e+15	9.35621e+15	1.09156e+16	1.24749e+16	1.52196e+16	2.87296e+16	3.09709e+17	4.54031e+17	3.65376	3.53908	3.53908	3.53908	3.53908	3.53908	3.53908	3.53908	3.53908	3.53908	3.53908	3.51577	3.29296	4.68986	4.68986	
165965	6.85752e+17	2.7872e+17	1.21968e+17	7.71704e+16	1.54341e+17	2.31511e+17	3.08682e+17	3.85852e+17	4.63023e+17	5.40193e+17	6.17364e+17	6.92543e+17	7.50248e+17	3.35199e+17	8.60004e+15	6.16279e+15	5.6319e+15	2.46454e+15	1.55933e+15	3.11866e+15	4.678e+15	6.23733e+15	7.79666e+15	9.35599e+15	1.09153e+16	1.24747e+16	1.52236e+16	2.87479e+16	3.09709e+17	4.54031e+17	3.65532	3.54083	3.54083	3.54083	3.54083	3.54083	3.54083	3.54083	3.54083	3.54083	3.54083	3.51749	3.29474	4.68986	4.68986	
166216	6.85753e+17	2.7872e+17	1.21969e+17	7.71705e+16	1.54341e+17	2.31511e+17	3.08682e+17	3.85852e+17	4.63023e+17	5.40193e+17	6.17364e+17	6.92537e+17	7.50219e+17	3.35199e+17	8.60004e+15	6.16268e+15	5.63177e+15	2.46448e+15	1.5593e+15	3.11859e+15	4.67789e+15	6.23718e+15	7.79648e+15	9.35578e+15	1.09151e+16	1.24744e+16	1.52276e+16	2.87662e+16	3.09709e+17	4.54031e+17	3.65688	3.54257	3.54257	3.54257	3.54257	3.54257	3.54257	3.54257	3.54257	3.54257	3.54257	3.5192	3.29652	4.68986	4.68986	
166468	6.85753e+17	2.7872e+17	1.21969e+17	7.71706e+16	1.54341e+17	2.31512e+17	3.08682e+17	3.85853e+17	4.63023e+17	5.40194e+17	6.17364e+17	6.9253e+17	7.50189e+17	3.35199e+17	8.60004e+15	6.16257e+15	5.63165e+15	2.46442e+15	1.55926e+15	3.11852e+15	4.67778e+15	6.23704e+15	7.7963e+15	9.35556e+15	1.09148e+16	1.24741e+16	1.52316e+16	2.87846e+16	3.09709e+17	4.54031e+17	3.65845	3.54431	3.54431	3.54431	3.54431	3.54431	3.54431	3.54431	3.54431	3.54431	3.54431	3.52091	3.29831	4.68986	4.68986	
166719	6.85753e+17	2.7872e+17	1.21969e+17	7.71706e+16	1.54341e+17	2.31512e+17	3.08682e+17	3.85853e+17	4.63024e+17	5.40194e+17	6.17365e+17	6.92524e+17	7.5016e+17	3.35199e+17	8.60004e+15	6.16246e+15	5.63152e+15	2.46437e+15	1.55923e+15	3.11845e+15	4.67768e+15	6.2369e+15	7.79613e+15	9.35535e+15	1.09146e+16	1.24738e+16	1.52356e+16	2.8803e+16	3.09709e+17	4.54031e+17	3.66001	3.54605	3.54605	3.54605	3.54605	3.54605	3.54605	3.54605	3.54605	3.54605	3.54605	3.52262	3.30009	4.68986	4.68986	
166971	6.85753e+17	2.78721e+17	1.21969e+17	7.71707e+16	1.54341e+17	2.31512e+17	3.08683e+17	3.85853e+17	4.63024e+17	5.40195e+17	6.17365e+17	6.92517e+17	7.5013e+17	3.35199e+17	8.60004e+15	6.16235e+15	5.63139e+15	2.46431e+15	1.55919e+15	3.11838e+15	4.67757e+15	6.23676e+15	7.79595e+15	9.35514e+15	1.09143e+16	1.24735e+16	1.52396e+16	2.88213e+16	3.09709e+17	4.54031e+17	3.66156	3.54779	3.54779	3.54779	3.54779	3.54779	3.54779	3.54779	3.54779	3.54779	3.54779	3.52433	3.30187	4.68986	4.68986	
167222	6.85753e+17	2.78721e+17	1.21969e+17	7.71707e+16	1.54341e+17	2.31512e+17	3.08683e+17	3.85854e+17	4.63024e+17	5.40195e+17	6.17366e+17	6.92511e+17	7.50101e+17	3.35198e+17	8.60004e+15	6.16224e+15	5.63126e+15	2.46426e+15	1.55915e+15	3.11831e+15	4.67746e+15	6.23662e+15	7.79577e+15	9.35493e+15	1.09141e+16	1.24732e+16	1.52436e+16	2.88397e+16	3.09709e+17	4.54031e+17	3.66312	3.54952	3.54952	3.54952	3.54952	3.54952	3.54952	3.54952	3.54952	3.54952	3.54952	3.52603	3.30364	4.68986	4.68986	
167474	6.85754e+17	2.78721e+17	1.21969e+17	7.71708e+16	1.54342e+17	2.31512e+17	3.08683e+17	3.85854e+17	4.63025e+17	5.40196e+17	6.17366e+17	6.92504e+17	7.50071e+17	3.35198e+17	8.60004e+15	6.16213e+15	5.63114e+15	2.4642e+15	1.55912e+15	3.11824e+15	4.67736e+15	6.23648e+15	7.7956e+15	9.35472e+15	1.09138e+16	1.2473e+16	1.52475e+16	2.8858e+16	3.09709e+17	4.54031e+17	3.66467	3.55125	3.55125	3.55125	3.55125	3.55125	3.55125	3.55125	3.55125	3.55125	3.55125	3.52774	3.30541	4.68986	4.68986	
167725	6.85754e+17	2.78721e+17	1.21969e+17	7.71708e+16	1.54342e+17	2.31513e+17	3.08683e+17	3.85854e+17	4.63025e+17	5.40196e+17	6.17367e+17	6.92498e+17	7.50042e+17	3.35198e+17	8.60004e+15	6.16202e+15	5.63101e+15	2.46414e+15	1.55908e+15	3.11817e+15	4.67725e+15	6.23634e+15	7.79542e+15	9.35451e+15	1.09136e+16	1.24727e+16	1.52515e+16	2.88764e+16	3.09709e+17	4.54031e+17	3.66622	3.55298	3.55298	3.55298	3.55298	3.55298	3.55298	3.55298	3.55298	3.55298	3.55298	3.52944	3.30719	4.68986	4.68986	
167976	6.85754e+17	2.78721e+17	1.21969e+17	7.71709e+16	1.54342e+17	2.31513e+17	3.08684e+17	3.85854e+17	4.63025e+17	5.40196e+17	6.17367e+17	6.92491e+17	7.50012e+17	3.35198e+17	8.60003e+15	6.16192e+15	5.63088e+15	2.46409e+15	1.55905e+15	3.1181e+15	4.67715e+15	6.2362e+15	7.79525e+15	9.3543e+15	1.09133e+16	1.24724e+16	1.52555e+16	2.88948e+16	3.09709e+17	4.54031e+17	3.66777	3.5547	3.5547	3.5547	3.5547	3.5547	3.5547	3.5547	3.5547	3.5547	3.5547	3.53114	3.30895	4.68986	4.68986	
168228	6.85754e+17	2.78722e+17	1.21969e+17	7.7171e+16	1.54342e+17	2.31513e+17	3.08684e+17	3.85855e+17	4.63026e+17	5.40197e+17	6.17368e+17	6.92485e+17	7.49983e+17	3.35198e+17	8.60003e+15	6.16181e+15	5.63076e+15	2.46404e+15	1.55902e+15	3.11803e+15	4.67705e+15	6.23606e+15	7.79508e+15	9.35409e+15	1.09131e+16	1.24721e+16	1.52595e+16	2.89131e+16	3.09709e+17	4.54031e+17	3.66931	3.55642	3.55642	3.55642	3.55642	3.55642	3.55642	3.55642	3.55642	3.55642	3.55642	3.53283	3.31072	4.68986	4.68986	
168479	6.85754e+17	2.78722e+17	1.21969e+17	7.7171e+16	1.54342e+17	2.31513e+17	3.08684e+17	3.85855e+17	4.63026e+17	5.40197e+17	6.17368e+17	6.92478e+17	7.49953e+17	3.35198e+17	8.60003e+15	6.1617e+15	5.63063e+15	2.46398e+15	1.55898e+15	3.11796e+15	4.67694e+15	6.23592e+15	7.7949e+15	9.35388e+15	1.09129e+16	1.24718e+16	1.52634e+16	2.89315e+16	3.09709e+17	4.54031e+17	3.67086	3.55815	3.55815	3.55815	3.55815	3.55815	3.55815	3.55815	3.55815	3.55815	3.55815	3.53452	3.31249	4.68986	4.68986	
168731	6.85755e+17	2.78722e+17	1.21969e+17	7.71711e+16	1.54342e+17	2.31513e+17	3.08684e+17	3.85855e+17	4.63026e+17	5.40197e+17	6.17369e+17	6.92472e+17	7.49924e+17	3.35198e+17	8.60003e+15	6.1616e+15	5.63051e+15	2.46393e+15	1.55895e+15	3.11789e+15	4.67684e+15	6.23578e+15	7.79473e+15	9.35368e+15	1.09126e+16	1.24716e+16	1.52674e+16	2.89499e+16	3.09709e+17	4.54031e+17	3.6724	3.55987	3.55987	3.55987	3.55987	3.55987	3.55987	3.55987	3.55987	3.55987	3.55987	3.53622	3.31425	4.68986	4.68986	
168983	6.85755e+17	2.78722e+17	1.2197e+17	7.71711e+16	1.54342e+17	2.31513e+17	3.08684e+17	3.85856e+17	4.63027e+17	5.40198e+17	6.17369e+17	6.92465e+17	7.49894e+17	3.35197e+17	8.60003e+15	6.16149e+15	5.63039e+15	2.46387e+15	1.55891e+15	3.11782e+15	4.67674e+15	6.23565e+15	7.79456e+15	9.35347e+15	1.09124e+16	1.24713e+16	1.52714e+16	2.89683e+16	3.09709e+17	4.54031e+17	3.67394	3.56158	3.56158	3.56158	3.56158	3.56158	3.56158	3.56158	3.56158	3.56158	3.56158	3.5379	3.31601	4.68986	4.68986	
169234	6.85755e+17	2.78722e+17	1.2197e+17	7.71712e+16	1.54342e+17	2.31514e+17	3.08685e+17	3.85856e+17	4.63027e+17	5.40198e+17	6.17369e+17	6.92459e+17	7.49864e+17	3.35197e+17	8.60003e+15	6.16138e+15	5.63026e+15	2.46382e+15	1.55888e+15	3.11776e+15	4.67663e+15	6.23551e+15	7.79439e+15	9.35327e+15	1.09121e+16	1.2471e+16	1.52753e+16	2.89867e+16	3.0971e+17	4.54031e+17	3.67547	3.56329	3.56329	3.56329	3.56329	3.56329	3.56329	3.56329	3.56329	3.56329	3.56329	3.53959	3.31776	4.68986	4.68986	
169485	6.85755e+17	2.78723e+17	1.2197e+17	7.71712e+16	1.54342e+17	2.31514e+17	3.08685e+17	3.85856e+17	4.63027e+17	5.40199e+17	6.1737e+17	6.92453e+17	7.49835e+17	3.35197e+17	8.60003e+15	6.16128e+15	5.63014e+15	2.46376e+15	1.55884e+15	3.11769e+15	4.67653e+15	6.23537e+15	7.79422e+15	9.35306e+15	1.09119e+16	1.24707e+16	1.52793e+16	2.90051e+16	3.0971e+17	4.54031e+17	3.677	3.565	3.565	3.565	3.565	3.565	3.565	3.565	3.565	3.565	3.565	3.54127	3.31952	4.68986	4.68986	
169736	6.85755e+17	2.78723e+17	1.2197e+17	7.71713e+16	1.54343e+17	2.31514e+17	3.08685e+17	3.85856e+17	4.63028e+17	5.40199e+17	6.1737e+17	6.92446e+17	7.49805e+17	3.35197e+17	8.60003e+15	6.16117e+15	5.63002e+15	2.46371e+15	1.55881e+15	3.11762e+15	4.67643e+15	6.23524e+15	7.79405e+15	9.35286e+15	1.09117e+16	1.24705e+16	1.52832e+16	2.90234e+16	3.0971e+17	4.54031e+17	3.67853	3.5667	3.5667	3.5667	3.5667	3.5667	3.5667	3.5667	3.5667	3.5667	3.5667	3.54295	3.32127	4.68986	4.68986	
169988	6.85755e+17	2.78723e+17	1.2197e+17	7.71713e+16	1.54343e+17	2.31514e+17	3.08685e+17	3.85857e+17	4.63028e+17	5.40199e+17	6.17371e+17	6.9244e+17	7.49776e+17	3.35197e+17	8.60003e+15	6.16107e+15	5.62989e+15	2.46366e+15	1.55878e+15	3.11755e+15	4.67633e+15	6.2351e+15	7.79388e+15	9.35265e+15	1.09114e+16	1.24702e+16	1.52872e+16	2.90418e+16	3.0971e+17	4.54031e+17	3.68006	3.56841	3.56841	3.56841	3.56841	3.56841	3.56841	3.56841	3.56841	3.56841	3.56841	3.54463	3.32302	4.68986	4.68986	
170240	6.85756e+17	2.78723e+17	1.2197e+17	7.71714e+16	1.54343e+17	2.31514e+17	3.08686e+17	3.85857e+17	4.63028e+17	5.402e+17	6.17371e+17	6.92433e+17	7.49746e+17	3.35197e+17	8.60002e+15	6.16097e+15	5.62977e+15	2.4636e+15	1.55874e+15	3.11748e+15	4.67623e+15	6.23497e+15	7.79371e+15	9.35245e+15	1.09112e+16	1.24699e+16	1.52911e+16	2.90602e+16	3.0971e+17	4.54031e+17	3.68159	3.57011	3.57011	3.57011	3.57011	3.57011	3.57011	3.57011	3.57011	3.57011	3.57011	3.5463	3.32477	4.68986	4.68986	
170491	6.85756e+17	2.78723e+17	1.2197e+17	7.71715e+16	1.54343e+17	2.31514e+17	3.08686e+17	3.85857e+17	4.63029e+17	5.402e+17	6.17372e+17	6.92427e+17	7.49717e+17	3.35197e+17	8.60002e+15	6.16086e+15	5.62965e+15	2.46355e+15	1.55871e+15	3.11742e+15	4.67613e+15	6.23483e+15	7.79354e+15	9.35225e+15	1.0911e+16	1.24697e+16	1.52951e+16	2.90786e+16	3.0971e+17	4.54031e+17	3.68311	3.57181	3.57181	3.57181	3.57181	3.57181	3.57181	3.57181	3.57181	3.57181	3.57181	3.54798	3.32651	4.68986	4.68986	
170743	6.85756e+17	2.78724e+17	1.2197e+17	7.71715e+16	1.54343e+17	2.31515e+17	3.08686e+17	3.85858e+17	4.63029e+17	5.40201e+17	6.17372e+17	6.9242e+17	7.49687e+17	3.35196e+17	8.60002e+15	6.16076e+15	5.62953e+15	2.4635e+15	1.55867e+15	3.11735e+15	4.67602e+15	6.2347e+15	7.79337e+15	9.35205e+15	1.09107e+16	1.24694e+16	1.5299e+16	2.9097e+16	3.0971e+17	4.54031e+17	3.68463	3.57351	3.57351	3.57351	3.57351	3.57351	3.57351	3.57351	3.57351	3.57351	3.57351	3.54965	3.32826	4.68986	4.68986	
170994	6.85756e+17	2.78724e+17	1.2197e+17	7.71716e+16	1.54343e+17	2.31515e+17	3.08686e+17	3.85858e+17	4.63029e+17	5.40201e+17	6.17372e+17	6.92414e+17	7.49657e+17	3.35196e+17	8.60002e+15	6.16066e+15	5.62941e+15	2.46344e+15	1.55864e+15	3.11728e+15	4.67592e+15	6.23457e+15	7.79321e+15	9.35185e+15	1.09105e+16	1.24691e+16	1.53029e+16	2.91154e+16	3.0971e+17	4.54031e+17	3.68616	3.5752	3.5752	3.5752	3.5752	3.5752	3.5752	3.5752	3.5752	3.5752	3.5752	3.55132	3.33	4.68986	4.68986	
171246	6.85756e+17	2.78724e+17	1.2197e+17	7.71716e+16	1.54343e+17	2.31515e+17	3.08686e+17	3.85858e+17	4.6303e+17	5.40201e+17	6.17373e+17	6.92407e+17	7.49628e+17	3.35196e+17	8.60002e+15	6.16056e+15	5.62929e+15	2.46339e+15	1.55861e+15	3.11722e+15	4.67582e+15	6.23443e+15	7.79304e+15	9.35165e+15	1.09103e+16	1.24689e+16	1.53069e+16	2.91338e+16	3.0971e+17	4.54031e+17	3.68768	3.5769	3.5769	3.5769	3.5769	3.5769	3.5769	3.5769	3.5769	3.5769	3.5769	3.55298	3.33174	4.68986	4.68986	
171498	6.85757e+17	2.78724e+17	1.2197e+17	7.71717e+16	1.54343e+17	2.31515e+17	3.08687e+17	3.85858e+17	4.6303e+17	5.40202e+17	6.17373e+17	6.92401e+17	7.49598e+17	3.35196e+17	8.60002e+15	6.16045e+15	5.62917e+15	2.46334e+15	1.55858e+15	3.11715e+15	4.67573e+15	6.2343e+15	7.79288e+15	9.35145e+15	1.091e+16	1.24686e+16	1.53108e+16	2.91521e+16	3.0971e+17	4.54031e+17	3.68919	3.57858	3.57858	3.57858	3.57858	3.57858	3.57858	3.57858	3.57858	3.57858	3.57858	3.55465	3.33348	4.68986	4.68986	
171749	6.85757e+17	2.78724e+17	1.2197e+17	7.71717e+16	1.54343e+17	2.31515e+17	3.08687e+17	3.85859e+17	4.6303e+17	5.40202e+17	6.17374e+17	6.92395e+17	7.49569e+17	3.35196e+17	8.60002e+15	6.16035e+15	5.62905e+15	2.46329e+15	1.55854e+15	3.11708e+15	4.67563e+15	6.23417e+15	7.79271e+15	9.35125e+15	1.09098e+16	1.24683e+16	1.53147e+16	2.91705e+16	3.0971e+17	4.54031e+17	3.6907	3.58027	3.58027	3.58027	3.58027	3.58027	3.58027	3.58027	3.58027	3.58027	3.58027	3.55631	3.33521	4.68986	4.68986	
172001	6.85757e+17	2.78725e+17	1.21971e+17	7.71718e+16	1.54344e+17	2.31515e+17	3.08687e+17	3.85859e+17	4.63031e+17	5.40202e+17	6.17374e+17	6.92388e+17	7.49539e+17	3.35196e+17	8.60002e+15	6.16025e+15	5.62893e+15	2.46324e+15	1.55851e+15	3.11702e+15	4.67553e+15	6.23404e+15	7.79255e+15	9.35106e+15	1.09096e+16	1.24681e+16	1.53186e+16	2.91889e+16	3.0971e+17	4.54031e+17	3.69221	3.58195	3.58195	3.58195	3.58195	3.58195	3.58195	3.58195	3.58195	3.58195	3.58195	3.55797	3.33694	4.68986	4.68986	
172253	6.85757e+17	2.78725e+17	1.21971e+17	7.71718e+16	1.54344e+17	2.31515e+17	3.08687e+17	3.85859e+17	4.63031e+17	5.40203e+17	6.17375e+17	6.92382e+17	7.4951e+17	3.35195e+17	8.60001e+15	6.16015e+15	5.62881e+15	2.46318e+15	1.55848e+15	3.11695e+15	4.67543e+15	6.23391e+15	7.79238e+15	9.35086e+15	1.09093e+16	1.24678e+16	1.53226e+16	2.92073e+16	3.0971e+17	4.54031e+17	3.69372	3.58364	3.58364	3.58364	3.58364	3.58364	3.58364	3.58364	3.58364	3.58364	3.58364	3.55962	3.33868	4.68986	4.68986	
172504	6.85757e+17	2.78725e+17	1.21971e+17	7.71719e+16	1.54344e+17	2.31516e+17	3.08688e+17	3.85859e+17	4.63031e+17	5.40203e+17	6.17375e+17	6.92375e+17	7.4948e+17	3.35195e+17	8.60001e+15	6.16005e+15	5.6287e+15	2.46313e+15	1.55844e+15	3.11689e+15	4.67533e+15	6.23378e+15	7.79222e+15	9.35066e+15	1.09091e+16	1.24676e+16	1.53265e+16	2.92257e+16	3.0971e+17	4.54031e+17	3.69523	3.58532	3.58532	3.58532	3.58532	3.58532	3.58532	3.58532	3.58532	3.58532	3.58532	3.56128	3.3404	4.68986	4.68986	
172756	6.85758e+17	2.78725e+17	1.21971e+17	7.71719e+16	1.54344e+17	2.31516e+17	3.08688e+17	3.8586e+17	4.63032e+17	5.40204e+17	6.17375e+17	6.92369e+17	7.49451e+17	3.35195e+17	8.60001e+15	6.15995e+15	5.62858e+15	2.46308e+15	1.55841e+15	3.11682e+15	4.67523e+15	6.23365e+15	7.79206e+15	9.35047e+15	1.09089e+16	1.24673e+16	1.53304e+16	2.92441e+16	3.09711e+17	4.54031e+17	3.69673	3.58699	3.58699	3.58699	3.58699	3.58699	3.58699	3.58699	3.58699	3.58699	3.58699	3.56293	3.34213	4.68986	4.68986	
173007	6.85758e+17	2.78725e+17	1.21971e+17	7.7172e+16	1.54344e+17	2.31516e+17	3.08688e+17	3.8586e+17	4.63032e+17	5.40204e+17	6.17376e+17	6.92363e+17	7.49421e+17	3.35195e+17	8.60001e+15	6.15985e+15	5.62846e+15	2.46303e+15	1.55838e+15	3.11676e+15	4.67514e+15	6.23352e+15	7.7919e+15	9.35027e+15	1.09087e+16	1.2467e+16	1.53343e+16	2.92624e+16	3.09711e+17	4.54031e+17	3.69823	3.58866	3.58866	3.58866	3.58866	3.58866	3.58866	3.58866	3.58866	3.58866	3.58866	3.56458	3.34385	4.68986	4.68986	
173258	6.85758e+17	2.78725e+17	1.21971e+17	7.7172e+16	1.54344e+17	2.31516e+17	3.08688e+17	3.8586e+17	4.63032e+17	5.40204e+17	6.17376e+17	6.92356e+17	7.49391e+17	3.35195e+17	8.60001e+15	6.15975e+15	5.62835e+15	2.46298e+15	1.55835e+15	3.11669e+15	4.67504e+15	6.23339e+15	7.79173e+15	9.35008e+15	1.09084e+16	1.24668e+16	1.53382e+16	2.92808e+16	3.09711e+17	4.54031e+17	3.69973	3.59033	3.59033	3.59033	3.59033	3.59033	3.59033	3.59033	3.59033	3.59033	3.59033	3.56622	3.34557	4.68986	4.68986	
173510	6.85758e+17	2.78726e+17	1.21971e+17	7.71721e+16	1.54344e+17	2.31516e+17	3.08688e+17	3.8586e+17	4.63033e+17	5.40205e+17	6.17377e+17	6.9235e+17	7.49362e+17	3.35195e+17	8.60001e+15	6.15965e+15	5.62823e+15	2.46293e+15	1.55831e+15	3.11663e+15	4.67494e+15	6.23326e+15	7.79157e+15	9.34989e+15	1.09082e+16	1.24665e+16	1.53421e+16	2.92992e+16	3.09711e+17	4.54031e+17	3.70122	3.592	3.592	3.592	3.592	3.592	3.592	3.592	3.592	3.592	3.592	3.56787	3.34729	4.68986	4.68986	
173762	6.85758e+17	2.78726e+17	1.21971e+17	7.71721e+16	1.54344e+17	2.31516e+17	3.08689e+17	3.85861e+17	4.63033e+17	5.40205e+17	6.17377e+17	6.92344e+17	7.49332e+17	3.35194e+17	8.60001e+15	6.15956e+15	5.62811e+15	2.46288e+15	1.55828e+15	3.11657e+15	4.67485e+15	6.23313e+15	7.79141e+15	9.3497e+15	1.0908e+16	1.24663e+16	1.5346e+16	2.93176e+16	3.09711e+17	4.54031e+17	3.70272	3.59367	3.59367	3.59367	3.59367	3.59367	3.59367	3.59367	3.59367	3.59367	3.59367	3.56951	3.34901	4.68986	4.68986	
174014	6.85758e+17	2.78726e+17	1.21971e+17	7.71722e+16	1.54344e+17	2.31517e+17	3.08689e+17	3.85861e+17	4.63033e+17	5.40205e+17	6.17378e+17	6.92337e+17	7.49303e+17	3.35194e+17	8.6e+15	6.15946e+15	5.628e+15	2.46283e+15	1.55825e+15	3.1165e+15	4.67475e+15	6.233e+15	7.79125e+15	9.3495e+15	1.09078e+16	1.2466e+16	1.53499e+16	2.93359e+16	3.09711e+17	4.54031e+17	3.70421	3.59533	3.59533	3.59533	3.59533	3.59533	3.59533	3.59533	3.59533	3.59533	3.59533	3.57115	3.35072	4.68986	4.68986	
174265	6.85759e+17	2.78726e+17	1.21971e+17	7.71722e+16	1.54344e+17	2.31517e+17	3.08689e+17	3.85861e+17	4.63033e+17	5.40206e+17	6.17378e+17	6.92331e+17	7.49273e+17	3.35194e+17	8.6e+15	6.15936e+15	5.62788e+15	2.46278e+15	1.55822e+15	3.11644e+15	4.67466e+15	6.23288e+15	7.79109e+15	9.34931e+15	1.09075e+16	1.24658e+16	1.53538e+16	2.93543e+16	3.09711e+17	4.54031e+17	3.7057	3.59699	3.59699	3.59699	3.59699	3.59699	3.59699	3.59699	3.59699	3.59699	3.59699	3.57279	3.35243	4.68986	4.68986	
174517	6.85759e+17	2.78726e+17	1.21971e+17	7.71723e+16	1.54345e+17	2.31517e+17	3.08689e+17	3.85861e+17	4.63034e+17	5.40206e+17	6.17378e+17	6.92325e+17	7.49244e+17	3.35194e+17	8.6e+15	6.15926e+15	5.62777e+15	2.46273e+15	1.55819e+15	3.11637e+15	4.67456e+15	6.23275e+15	7.79094e+15	9.34912e+15	1.09073e+16	1.24655e+16	1.53577e+16	2.93727e+16	3.09711e+17	4.54031e+17	3.70719	3.59865	3.59865	3.59865	3.59865	3.59865	3.59865	3.59865	3.59865	3.59865	3.59865	3.57442	3.35414	4.68986	4.68986	
174769	6.85759e+17	2.78727e+17	1.21971e+17	7.71724e+16	1.54345e+17	2.31517e+17	3.08689e+17	3.85862e+17	4.63034e+17	5.40206e+17	6.17379e+17	6.92318e+17	7.49214e+17	3.35194e+17	8.6e+15	6.15917e+15	5.62766e+15	2.46268e+15	1.55816e+15	3.11631e+15	4.67447e+15	6.23262e+15	7.79078e+15	9.34893e+15	1.09071e+16	1.24652e+16	1.53616e+16	2.93911e+16	3.09711e+17	4.54031e+17	3.70868	3.60031	3.60031	3.60031	3.60031	3.60031	3.60031	3.60031	3.60031	3.60031	3.60031	3.57606	3.35585	4.68986	4.68986	
175020	6.85759e+17	2.78727e+17	1.21972e+17	7.71724e+16	1.54345e+17	2.31517e+17	3.0869e+17	3.85862e+17	4.63034e+17	5.40207e+17	6.17379e+17	6.92312e+17	7.49185e+17	3.35193e+17	8.6e+15	6.15907e+15	5.62754e+15	2.46263e+15	1.55812e+15	3.11625e+15	4.67437e+15	6.2325e+15	7.79062e+15	9.34875e+15	1.09069e+16	1.2465e+16	1.53655e+16	2.94094e+16	3.09711e+17	4.54031e+17	3.71016	3.60196	3.60196	3.60196	3.60196	3.60196	3.60196	3.60196	3.60196	3.60196	3.60196	3.57769	3.35756	4.68985	4.68986	
175272	6.85759e+17	2.78727e+17	1.21972e+17	7.71725e+16	1.54345e+17	2.31517e+17	3.0869e+17	3.85862e+17	4.63035e+17	5.40207e+17	6.1738e+17	6.92306e+17	7.49155e+17	3.35193e+17	8.6e+15	6.15898e+15	5.62743e+15	2.46258e+15	1.55809e+15	3.11619e+15	4.67428e+15	6.23237e+15	7.79046e+15	9.34856e+15	1.09067e+16	1.24647e+16	1.53693e+16	2.94278e+16	3.09711e+17	4.54031e+17	3.71164	3.60361	3.60361	3.60361	3.60361	3.60361	3.60361	3.60361	3.60361	3.60361	3.60361	3.57931	3.35926	4.68985	4.68986	
175524	6.85759e+17	2.78727e+17	1.21972e+17	7.71725e+16	1.54345e+17	2.31518e+17	3.0869e+17	3.85863e+17	4.63035e+17	5.40208e+17	6.1738e+17	6.92299e+17	7.49125e+17	3.35193e+17	8.6e+15	6.15888e+15	5.62732e+15	2.46253e+15	1.55806e+15	3.11612e+15	4.67418e+15	6.23225e+15	7.79031e+15	9.34837e+15	1.09064e+16	1.24645e+16	1.53732e+16	2.94462e+16	3.09711e+17	4.54031e+17	3.71312	3.60526	3.60526	3.60526	3.60526	3.60526	3.60526	3.60526	3.60526	3.60526	3.60526	3.58094	3.36096	4.68985	4.68986	
175776	6.8576e+17	2.78727e+17	1.21972e+17	7.71726e+16	1.54345e+17	2.31518e+17	3.0869e+17	3.85863e+17	4.63035e+17	5.40208e+17	6.1738e+17	6.92293e+17	7.49096e+17	3.35193e+17	8.59999e+15	6.15879e+15	5.6272e+15	2.46248e+15	1.55803e+15	3.11606e+15	4.67409e+15	6.23212e+15	7.79015e+15	9.34818e+15	1.09062e+16	1.24642e+16	1.53771e+16	2.94646e+16	3.09712e+17	4.54031e+17	3.7146	3.6069	3.6069	3.6069	3.6069	3.6069	3.6069	3.6069	3.6069	3.6069	3.6069	3.58257	3.36266	4.68985	4.68986	
176028	6.8576e+17	2.78728e+17	1.21972e+17	7.71726e+16	1.54345e+17	2.31518e+17	3.0869e+17	3.85863e+17	4.63036e+17	5.40208e+17	6.17381e+17	6.92287e+17	7.49066e+17	3.35193e+17	8.59999e+15	6.15869e+15	5.62709e+15	2.46243e+15	1.558e+15	3.116e+15	4.674e+15	6.232e+15	7.79e+15	9.348e+15	1.0906e+16	1.2464e+16	1.5381e+16	2.94829e+16	3.09712e+17	4.54031e+17	3.71607	3.60855	3.60855	3.60855	3.60855	3.60855	3.60855	3.60855	3.60855	3.60855	3.60855	3.58419	3.36436	4.68985	4.68986	
176279	6.8576e+17	2.78728e+17	1.21972e+17	7.71727e+16	1.54345e+17	2.31518e+17	3.08691e+17	3.85863e+17	4.63036e+17	5.40209e+17	6.17381e+17	6.9228e+17	7.49037e+17	3.35192e+17	8.59999e+15	6.1586e+15	5.62698e+15	2.46238e+15	1.55797e+15	3.11594e+15	4.67391e+15	6.23187e+15	7.78984e+15	9.34781e+15	1.09058e+16	1.24637e+16	1.53848e+16	2.95013e+16	3.09712e+17	4.54031e+17	3.71754	3.61019	3.61019	3.61019	3.61019	3.61019	3.61019	3.61019	3.61019	3.61019	3.61019	3.58581	3.36605	4.68985	4.68986	
176531	6.8576e+17	2.78728e+17	1.21972e+17	7.71727e+16	1.54345e+17	2.31518e+17	3.08691e+17	3.85864e+17	4.63036e+17	5.40209e+17	6.17382e+17	6.92274e+17	7.49007e+17	3.35192e+17	8.59999e+15	6.1585e+15	5.62687e+15	2.46233e+15	1.55794e+15	3.11588e+15	4.67381e+15	6.23175e+15	7.78969e+15	9.34763e+15	1.09056e+16	1.24635e+16	1.53887e+16	2.95196e+16	3.09712e+17	4.54031e+17	3.71901	3.61182	3.61182	3.61182	3.61182	3.61182	3.61182	3.61182	3.61182	3.61182	3.61182	3.58742	3.36775	4.68985	4.68986	
176782	6.8576e+17	2.78728e+17	1.21972e+17	7.71728e+16	1.54346e+17	2.31518e+17	3.08691e+17	3.85864e+17	4.63037e+17	5.40209e+17	6.17382e+17	6.92268e+17	7.48978e+17	3.35192e+17	8.59999e+15	6.15841e+15	5.62676e+15	2.46228e+15	1.55791e+15	3.11581e+15	4.67372e+15	6.23163e+15	7.78954e+15	9.34744e+15	1.09054e+16	1.24633e+16	1.53926e+16	2.95379e+16	3.09712e+17	4.54031e+17	3.72047	3.61346	3.61346	3.61346	3.61346	3.61346	3.61346	3.61346	3.61346	3.61346	3.61346	3.58903	3.36943	4.68985	4.68986	
177034	6.85761e+17	2.78728e+17	1.21972e+17	7.71728e+16	1.54346e+17	2.31518e+17	3.08691e+17	3.85864e+17	4.63037e+17	5.4021e+17	6.17382e+17	6.92261e+17	7.48948e+17	3.35192e+17	8.59999e+15	6.15832e+15	5.62665e+15	2.46224e+15	1.55788e+15	3.11575e+15	4.67363e+15	6.23151e+15	7.78938e+15	9.34726e+15	1.09051e+16	1.2463e+16	1.53964e+16	2.95563e+16	3.09712e+17	4.54031e+17	3.72194	3.61509	3.61509	3.61509	3.61509	3.61509	3.61509	3.61509	3.61509	3.61509	3.61509	3.59065	3.37112	4.68985	4.68986	
177286	6.85761e+17	2.78728e+17	1.21972e+17	7.71729e+16	1.54346e+17	2.31519e+17	3.08691e+17	3.85864e+17	4.63037e+17	5.4021e+17	6.17383e+17	6.92255e+17	7.48919e+17	3.35192e+17	8.59998e+15	6.15822e+15	5.62654e+15	2.46219e+15	1.55785e+15	3.11569e+15	4.67354e+15	6.23139e+15	7.78923e+15	9.34708e+15	1.09049e+16	1.24628e+16	1.54003e+16	2.95747e+16	3.09712e+17	4.54031e+17	3.72341	3.61672	3.61672	3.61672	3.61672	3.61672	3.61672	3.61672	3.61672	3.61672	3.61672	3.59226	3.37281	4.68985	4.68986	
177538	6.85761e+17	2.78729e+17	1.21972e+17	7.71729e+16	1.54346e+17	2.31519e+17	3.08692e+17	3.85865e+17	4.63037e+17	5.4021e+17	6.17383e+17	6.92249e+17	7.48889e+17	3.35191e+17	8.59998e+15	6.15813e+15	5.62643e+15	2.46214e+15	1.55782e+15	3.11563e+15	4.67345e+15	6.23126e+15	7.78908e+15	9.3469e+15	1.09047e+16	1.24625e+16	1.54041e+16	2.9593e+16	3.09712e+17	4.54031e+17	3.72487	3.61835	3.61835	3.61835	3.61835	3.61835	3.61835	3.61835	3.61835	3.61835	3.61835	3.59387	3.37449	4.68985	4.68986	
177789	6.85761e+17	2.78729e+17	1.21972e+17	7.71729e+16	1.54346e+17	2.31519e+17	3.08692e+17	3.85865e+17	4.63038e+17	5.40211e+17	6.17384e+17	6.92243e+17	7.4886e+17	3.35191e+17	8.59998e+15	6.15804e+15	5.62632e+15	2.46209e+15	1.55779e+15	3.11557e+15	4.67336e+15	6.23114e+15	7.78893e+15	9.34672e+15	1.09045e+16	1.24623e+16	1.5408e+16	2.96114e+16	3.09712e+17	4.54031e+17	3.72632	3.61997	3.61997	3.61997	3.61997	3.61997	3.61997	3.61997	3.61997	3.61997	3.61997	3.59547	3.37617	4.68985	4.68986	
178041	6.85761e+17	2.78729e+17	1.21973e+17	7.7173e+16	1.54346e+17	2.31519e+17	3.08692e+17	3.85865e+17	4.63038e+17	5.40211e+17	6.17384e+17	6.92236e+17	7.4883e+17	3.35191e+17	8.59998e+15	6.15795e+15	5.62621e+15	2.46204e+15	1.55776e+15	3.11551e+15	4.67327e+15	6.23102e+15	7.78878e+15	9.34653e+15	1.09043e+16	1.2462e+16	1.54118e+16	2.96297e+16	3.09712e+17	4.54031e+17	3.72778	3.6216	3.6216	3.6216	3.6216	3.6216	3.6216	3.6216	3.6216	3.6216	3.6216	3.59707	3.37785	4.68985	4.68986	
178294	6.85761e+17	2.78729e+17	1.21973e+17	7.7173e+16	1.54346e+17	2.31519e+17	3.08692e+17	3.85865e+17	4.63038e+17	5.40211e+17	6.17384e+17	6.9223e+17	7.48801e+17	3.35191e+17	8.59998e+15	6.15786e+15	5.6261e+15	2.462e+15	1.55773e+15	3.11545e+15	4.67318e+15	6.2309e+15	7.78863e+15	9.34635e+15	1.09041e+16	1.24618e+16	1.54157e+16	2.96481e+16	3.09712e+17	4.54031e+17	3.72924	3.62322	3.62322	3.62322	3.62322	3.62322	3.62322	3.62322	3.62322	3.62322	3.62322	3.59868	3.37953	4.68985	4.68986	
178545	6.85762e+17	2.78729e+17	1.21973e+17	7.71731e+16	1.54346e+17	2.31519e+17	3.08692e+17	3.85865e+17	4.63039e+17	5.40212e+17	6.17385e+17	6.92224e+17	7.48771e+17	3.35191e+17	8.59997e+15	6.15777e+15	5.626e+15	2.46195e+15	1.5577e+15	3.11539e+15	4.67309e+15	6.23078e+15	7.78848e+15	9.34618e+15	1.09039e+16	1.24616e+16	1.54195e+16	2.96664e+16	3.09713e+17	4.54031e+17	3.73069	3.62484	3.62484	3.62484	3.62484	3.62484	3.62484	3.62484	3.62484	3.62484	3.62484	3.60027	3.3812	4.68985	4.68986	
178797	6.85762e+17	2.78729e+17	1.21973e+17	7.71731e+16	1.54346e+17	2.31519e+17	3.08693e+17	3.85866e+17	4.63039e+17	5.40212e+17	6.17385e+17	6.92217e+17	7.48742e+17	3.3519e+17	8.59997e+15	6.15768e+15	5.62589e+15	2.4619e+15	1.55767e+15	3.11533e+15	4.673e+15	6.23067e+15	7.78833e+15	9.346e+15	1.09037e+16	1.24613e+16	1.54233e+16	2.96848e+16	3.09713e+17	4.54031e+17	3.73214	3.62645	3.62645	3.62645	3.62645	3.62645	3.62645	3.62645	3.62645	3.62645	3.62645	3.60187	3.38288	4.68985	4.68986	
179049	6.85762e+17	2.7873e+17	1.21973e+17	7.71732e+16	1.54346e+17	2.3152e+17	3.08693e+17	3.85866e+17	4.63039e+17	5.40212e+17	6.17386e+17	6.92211e+17	7.48712e+17	3.3519e+17	8.59997e+15	6.15759e+15	5.62578e+15	2.46186e+15	1.55764e+15	3.11527e+15	4.67291e+15	6.23055e+15	7.78818e+15	9.34582e+15	1.09035e+16	1.24611e+16	1.54272e+16	2.97031e+16	3.09713e+17	4.54031e+17	3.73358	3.62807	3.62807	3.62807	3.62807	3.62807	3.62807	3.62807	3.62807	3.62807	3.62807	3.60346	3.38455	4.68985	4.68986	
179301	6.85762e+17	2.7873e+17	1.21973e+17	7.71732e+16	1.54346e+17	2.3152e+17	3.08693e+17	3.85866e+17	4.63039e+17	5.40213e+17	6.17386e+17	6.92205e+17	7.48683e+17	3.3519e+17	8.59997e+15	6.1575e+15	5.62567e+15	2.46181e+15	1.55761e+15	3.11521e+15	4.67282e+15	6.23043e+15	7.78804e+15	9.34564e+15	1.09032e+16	1.24609e+16	1.5431e+16	2.97215e+16	3.09713e+17	4.54031e+17	3.73503	3.62968	3.62968	3.62968	3.62968	3.62968	3.62968	3.62968	3.62968	3.62968	3.62968	3.60505	3.38622	4.68985	4.68986	
179553	6.85762e+17	2.7873e+17	1.21973e+17	7.71733e+16	1.54347e+17	2.3152e+17	3.08693e+17	3.85866e+17	4.6304e+17	5.40213e+17	6.17386e+17	6.92199e+17	7.48653e+17	3.3519e+17	8.59997e+15	6.15741e+15	5.62557e+15	2.46176e+15	1.55758e+15	3.11516e+15	4.67273e+15	6.23031e+15	7.78789e+15	9.34547e+15	1.0903e+16	1.24606e+16	1.54348e+16	2.97398e+16	3.09713e+17	4.54031e+17	3.73648	3.63129	3.63129	3.63129	3.63129	3.63129	3.63129	3.63129	3.63129	3.63129	3.63129	3.60664	3.38789	4.68985	4.68986	
179804	6.85762e+17	2.7873e+17	1.21973e+17	7.71733e+16	1.54347e+17	2.3152e+17	3.08693e+17	3.85867e+17	4.6304e+17	5.40213e+17	6.17387e+17	6.92193e+17	7.48624e+17	3.35189e+17	8.59996e+15	6.15732e+15	5.62546e+15	2.46172e+15	1.55755e+15	3.1151e+15	4.67265e+15	6.23019e+15	7.78774e+15	9.34529e+15	1.09028e+16	1.24604e+16	1.54387e+16	2.97582e+16	3.09713e+17	4.54031e+17	3.73791	3.63289	3.63289	3.63289	3.63289	3.63289	3.63289	3.63289	3.63289	3.63289	3.63289	3.60823	3.38955	4.68985	4.68986	
180056	6.85763e+17	2.7873e+17	1.21973e+17	7.71734e+16	1.54347e+17	2.3152e+17	3.08694e+17	3.85867e+17	4.6304e+17	5.40214e+17	6.17387e+17	6.92186e+17	7.48594e+17	3.35189e+17	8.59996e+15	6.15723e+15	5.62536e+15	2.46167e+15	1.55752e+15	3.11504e+15	4.67256e+15	6.23008e+15	7.7876e+15	9.34512e+15	1.09026e+16	1.24602e+16	1.54425e+16	2.97765e+16	3.09713e+17	4.54031e+17	3.73935	3.63449	3.63449	3.63449	3.63449	3.63449	3.63449	3.63449	3.63449	3.63449	3.63449	3.60981	3.39121	4.68985	4.68986	
180308	6.85763e+17	2.7873e+17	1.21973e+17	7.71734e+16	1.54347e+17	2.3152e+17	3.08694e+17	3.85867e+17	4.63041e+17	5.40214e+17	6.17387e+17	6.9218e+17	7.48565e+17	3.35189e+17	8.59996e+15	6.15714e+15	5.62525e+15	2.46162e+15	1.55749e+15	3.11498e+15	4.67247e+15	6.22996e+15	7.78745e+15	9.34494e+15	1.09024e+16	1.24599e+16	1.54463e+16	2.97948e+16	3.09713e+17	4.54031e+17	3.74079	3.63609	3.63609	3.63609	3.63609	3.63609	3.63609	3.63609	3.63609	3.63609	3.63609	3.61139	3.39287	4.68985	4.68986	
180560	6.85763e+17	2.78731e+17	1.21973e+17	7.71735e+16	1.54347e+17	2.3152e+17	3.08694e+17	3.85867e+17	4.63041e+17	5.40214e+17	6.17388e+17	6.92174e+17	7.48535e+17	3.35189e+17	8.59996e+15	6.15706e+15	5.62515e+15	2.46158e+15	1.55746e+15	3.11492e+15	4.67238e+15	6.22984e+15	7.78731e+15	9.34477e+15	1.09022e+16	1.24597e+16	1.54501e+16	2.98131e+16	3.09713e+17	4.54031e+17	3.74222	3.63769	3.63769	3.63769	3.63769	3.63769	3.63769	3.63769	3.63769	3.63769	3.63769	3.61297	3.39453	4.68985	4.68986	
180812	6.85763e+17	2.78731e+17	1.21973e+17	7.71735e+16	1.54347e+17	2.31521e+17	3.08694e+17	3.85868e+17	4.63041e+17	5.40215e+17	6.17388e+17	6.92168e+17	7.48506e+17	3.35188e+17	8.59996e+15	6.15697e+15	5.62504e+15	2.46153e+15	1.55743e+15	3.11486e+15	4.6723e+15	6.22973e+15	7.78716e+15	9.34459e+15	1.0902e+16	1.24595e+16	1.54539e+16	2.98315e+16	3.09714e+17	4.54031e+17	3.74366	3.63929	3.63929	3.63929	3.63929	3.63929	3.63929	3.63929	3.63929	3.63929	3.63929	3.61455	3.39618	4.68985	4.68986	
181064	6.85763e+17	2.78731e+17	1.21973e+17	7.71736e+16	1.54347e+17	2.31521e+17	3.08694e+17	3.85868e+17	4.63041e+17	5.40215e+17	6.17389e+17	6.92161e+17	7.48476e+17	3.35188e+17	8.59995e+15	6.15688e+15	5.62494e+15	2.46149e+15	1.5574e+15	3.11481e+15	4.67221e+15	6.22961e+15	7.78702e+15	9.34442e+15	1.09018e+16	1.24592e+16	1.54577e+16	2.98498e+16	3.09714e+17	4.54031e+17	3.74509	3.64088	3.64088	3.64088	3.64088	3.64088	3.64088	3.64088	3.64088	3.64088	3.64088	3.61613	3.39783	4.68985	4.68986	
181315	6.85763e+17	2.78731e+17	1.21973e+17	7.71736e+16	1.54347e+17	2.31521e+17	3.08694e+17	3.85868e+17	4.63042e+17	5.40215e+17	6.17389e+17	6.92155e+17	7.48447e+17	3.35188e+17	8.59995e+15	6.15679e+15	5.62484e+15	2.46144e+15	1.55738e+15	3.11475e+15	4.67213e+15	6.2295e+15	7.78688e+15	9.34425e+15	1.09016e+16	1.2459e+16	1.54615e+16	2.98681e+16	3.09714e+17	4.54031e+17	3.74651	3.64247	3.64247	3.64247	3.64247	3.64247	3.64247	3.64247	3.64247	3.64247	3.64247	3.6177	3.39948	4.68985	4.68986	
181567	6.85763e+17	2.78731e+17	1.21974e+17	7.71737e+16	1.54347e+17	2.31521e+17	3.08695e+17	3.85868e+17	4.63042e+17	5.40216e+17	6.17389e+17	6.92149e+17	7.48417e+17	3.35188e+17	8.59995e+15	6.15671e+15	5.62473e+15	2.4614e+15	1.55735e+15	3.11469e+15	4.67204e+15	6.22939e+15	7.78673e+15	9.34408e+15	1.09014e+16	1.24588e+16	1.54653e+16	2.98865e+16	3.09714e+17	4.54031e+17	3.74794	3.64406	3.64406	3.64406	3.64406	3.64406	3.64406	3.64406	3.64406	3.64406	3.64406	3.61927	3.40114	4.68985	4.68986	
181820	6.85764e+17	2.78731e+17	1.21974e+17	7.71737e+16	1.54347e+17	2.31521e+17	3.08695e+17	3.85869e+17	4.63042e+17	5.40216e+17	6.1739e+17	6.92143e+17	7.48388e+17	3.35187e+17	8.59995e+15	6.15662e+15	5.62463e+15	2.46135e+15	1.55732e+15	3.11464e+15	4.67195e+15	6.22927e+15	7.78659e+15	9.34391e+15	1.09012e+16	1.24585e+16	1.54691e+16	2.99048e+16	3.09714e+17	4.54031e+17	3.74937	3.64565	3.64565	3.64565	3.64565	3.64565	3.64565	3.64565	3.64565	3.64565	3.64565	3.62084	3.40278	4.68985	4.68986	
182071	6.85764e+17	2.78732e+17	1.21974e+17	7.71738e+16	1.54348e+17	2.31521e+17	3.08695e+17	3.85869e+17	4.63043e+17	5.40216e+17	6.1739e+17	6.92137e+17	7.48359e+17	3.35187e+17	8.59995e+15	6.15654e+15	5.62453e+15	2.46131e+15	1.55729e+15	3.11458e+15	4.67187e+15	6.22916e+15	7.78645e+15	9.34374e+15	1.0901e+16	1.24583e+16	1.54729e+16	2.99231e+16	3.09714e+17	4.54031e+17	3.75079	3.64723	3.64723	3.64723	3.64723	3.64723	3.64723	3.64723	3.64723	3.64723	3.64723	3.62241	3.40443	4.68985	4.68986	
182323	6.85764e+17	2.78732e+17	1.21974e+17	7.71738e+16	1.54348e+17	2.31521e+17	3.08695e+17	3.85869e+17	4.63043e+17	5.40217e+17	6.1739e+17	6.9213e+17	7.48329e+17	3.35187e+17	8.59994e+15	6.15645e+15	5.62443e+15	2.46126e+15	1.55726e+15	3.11452e+15	4.67178e+15	6.22905e+15	7.78631e+15	9.34357e+15	1.09008e+16	1.24581e+16	1.54767e+16	2.99414e+16	3.09714e+17	4.54031e+17	3.7522	3.64881	3.64881	3.64881	3.64881	3.64881	3.64881	3.64881	3.64881	3.64881	3.64881	3.62397	3.40607	4.68985	4.68986	
182575	6.85764e+17	2.78732e+17	1.21974e+17	7.71738e+16	1.54348e+17	2.31522e+17	3.08695e+17	3.85869e+17	4.63043e+17	5.40217e+17	6.17391e+17	6.92124e+17	7.483e+17	3.35186e+17	8.59994e+15	6.15637e+15	5.62433e+15	2.46122e+15	1.55723e+15	3.11447e+15	4.6717e+15	6.22893e+15	7.78617e+15	9.3434e+15	1.09006e+16	1.24579e+16	1.54805e+16	2.99598e+16	3.09714e+17	4.54031e+17	3.75362	3.65039	3.65039	3.65039	3.65039	3.65039	3.65039	3.65039	3.65039	3.65039	3.65039	3.62553	3.40771	4.68985	4.68986	
182827	6.85764e+17	2.78732e+17	1.21974e+17	7.71739e+16	1.54348e+17	2.31522e+17	3.08696e+17	3.85869e+17	4.63043e+17	5.40217e+17	6.17391e+17	6.92118e+17	7.4827e+17	3.35186e+17	8.59994e+15	6.15628e+15	5.62422e+15	2.46117e+15	1.55721e+15	3.11441e+15	4.67162e+15	6.22882e+15	7.78603e+15	9.34323e+15	1.09004e+16	1.24576e+16	1.54843e+16	2.99781e+16	3.09715e+17	4.54031e+17	3.75504	3.65197	3.65197	3.65197	3.65197	3.65197	3.65197	3.65197	3.65197	3.65197	3.65197	3.62709	3.40935	4.68985	4.68986	
183080	6.85764e+17	2.78732e+17	1.21974e+17	7.71739e+16	1.54348e+17	2.31522e+17	3.08696e+17	3.8587e+17	4.63044e+17	5.40218e+17	6.17391e+17	6.92112e+17	7.48241e+17	3.35186e+17	8.59994e+15	6.1562e+15	5.62412e+15	2.46113e+15	1.55718e+15	3.11436e+15	4.67153e+15	6.22871e+15	7.78589e+15	9.34307e+15	1.09002e+16	1.24574e+16	1.54881e+16	2.99964e+16	3.09715e+17	4.54031e+17	3.75645	3.65355	3.65355	3.65355	3.65355	3.65355	3.65355	3.65355	3.65355	3.65355	3.65355	3.62865	3.41099	4.68985	4.68986	
183331	6.85765e+17	2.78732e+17	1.21974e+17	7.7174e+16	1.54348e+17	2.31522e+17	3.08696e+17	3.8587e+17	4.63044e+17	5.40218e+17	6.17392e+17	6.92106e+17	7.48211e+17	3.35186e+17	8.59993e+15	6.15612e+15	5.62402e+15	2.46109e+15	1.55715e+15	3.1143e+15	4.67145e+15	6.2286e+15	7.78575e+15	9.3429e+15	1.09e+16	1.24572e+16	1.54918e+16	3.00147e+16	3.09715e+17	4.54031e+17	3.75786	3.65511	3.65511	3.65511	3.65511	3.65511	3.65511	3.65511	3.65511	3.65511	3.65511	3.6302	3.41262	4.68985	4.68986	
183583	6.85765e+17	2.78733e+17	1.21974e+17	7.7174e+16	1.54348e+17	2.31522e+17	3.08696e+17	3.8587e+17	4.63044e+17	5.40218e+17	6.17392e+17	6.921e+17	7.48182e+17	3.35185e+17	8.59993e+15	6.15603e+15	5.62392e+15	2.46104e+15	1.55712e+15	3.11424e+15	4.67137e+15	6.22849e+15	7.78561e+15	9.34273e+15	1.08999e+16	1.2457e+16	1.54956e+16	3.0033e+16	3.09715e+17	4.54031e+17	3.75927	3.65668	3.65668	3.65668	3.65668	3.65668	3.65668	3.65668	3.65668	3.65668	3.65668	3.63176	3.41425	4.68985	4.68986	
183835	6.85765e+17	2.78733e+17	1.21974e+17	7.71741e+16	1.54348e+17	2.31522e+17	3.08696e+17	3.8587e+17	4.63044e+17	5.40218e+17	6.17393e+17	6.92093e+17	7.48152e+17	3.35185e+17	8.59993e+15	6.15595e+15	5.62382e+15	2.461e+15	1.55709e+15	3.11419e+15	4.67128e+15	6.22838e+15	7.78547e+15	9.34257e+15	1.08997e+16	1.24568e+16	1.54994e+16	3.00513e+16	3.09715e+17	4.54031e+17	3.76067	3.65825	3.65825	3.65825	3.65825	3.65825	3.65825	3.65825	3.65825	3.65825	3.65825	3.6333	3.41588	4.68985	4.68986	
184087	6.85765e+17	2.78733e+17	1.21974e+17	7.71741e+16	1.54348e+17	2.31522e+17	3.08696e+17	3.85871e+17	4.63045e+17	5.40219e+17	6.17393e+17	6.92087e+17	7.48123e+17	3.35185e+17	8.59993e+15	6.15587e+15	5.62372e+15	2.46096e+15	1.55707e+15	3.11413e+15	4.6712e+15	6.22827e+15	7.78534e+15	9.3424e+15	1.08995e+16	1.24565e+16	1.55032e+16	3.00696e+16	3.09715e+17	4.54031e+17	3.76208	3.65981	3.65981	3.65981	3.65981	3.65981	3.65981	3.65981	3.65981	3.65981	3.65981	3.63485	3.41751	4.68984	4.68986	
184339	6.85765e+17	2.78733e+17	1.21974e+17	7.71742e+16	1.54348e+17	2.31522e+17	3.08697e+17	3.85871e+17	4.63045e+17	5.40219e+17	6.17393e+17	6.92081e+17	7.48093e+17	3.35184e+17	8.59992e+15	6.15579e+15	5.62363e+15	2.46091e+15	1.55704e+15	3.11408e+15	4.67112e+15	6.22816e+15	7.7852e+15	9.34224e+15	1.08993e+16	1.24563e+16	1.55069e+16	3.0088e+16	3.09715e+17	4.54031e+17	3.76348	3.66138	3.66138	3.66138	3.66138	3.66138	3.66138	3.66138	3.66138	3.66138	3.66138	3.6364	3.41914	4.68984	4.68986	
184591	6.85765e+17	2.78733e+17	1.21974e+17	7.71742e+16	1.54348e+17	2.31523e+17	3.08697e+17	3.85871e+17	4.63045e+17	5.40219e+17	6.17394e+17	6.92075e+17	7.48064e+17	3.35184e+17	8.59992e+15	6.1557e+15	5.62353e+15	2.46087e+15	1.55701e+15	3.11403e+15	4.67104e+15	6.22805e+15	7.78506e+15	9.34208e+15	1.08991e+16	1.24561e+16	1.55107e+16	3.01062e+16	3.09716e+17	4.54031e+17	3.76488	3.66294	3.66294	3.66294	3.66294	3.66294	3.66294	3.66294	3.66294	3.66294	3.66294	3.63794	3.42076	4.68984	4.68986	
184843	6.85765e+17	2.78733e+17	1.21974e+17	7.71742e+16	1.54348e+17	2.31523e+17	3.08697e+17	3.85871e+17	4.63045e+17	5.4022e+17	6.17394e+17	6.92069e+17	7.48035e+17	3.35184e+17	8.59992e+15	6.15562e+15	5.62343e+15	2.46083e+15	1.55699e+15	3.11397e+15	4.67096e+15	6.22794e+15	7.78493e+15	9.34191e+15	1.08989e+16	1.24559e+16	1.55144e+16	3.01245e+16	3.09716e+17	4.54031e+17	3.76628	3.66449	3.66449	3.66449	3.66449	3.66449	3.66449	3.66449	3.66449	3.66449	3.66449	3.63949	3.42238	4.68984	4.68986	
185095	6.85766e+17	2.78734e+17	1.21975e+17	7.71743e+16	1.54349e+17	2.31523e+17	3.08697e+17	3.85871e+17	4.63046e+17	5.4022e+17	6.17394e+17	6.92063e+17	7.48005e+17	3.35184e+17	8.59992e+15	6.15554e+15	5.62333e+15	2.46078e+15	1.55696e+15	3.11392e+15	4.67088e+15	6.22783e+15	7.78479e+15	9.34175e+15	1.08987e+16	1.24557e+16	1.55182e+16	3.01429e+16	3.09716e+17	4.54031e+17	3.76768	3.66605	3.66605	3.66605	3.66605	3.66605	3.66605	3.66605	3.66605	3.66605	3.66605	3.64103	3.424	4.68984	4.68986	
185347	6.85766e+17	2.78734e+17	1.21975e+17	7.71743e+16	1.54349e+17	2.31523e+17	3.08697e+17	3.85872e+17	4.63046e+17	5.4022e+17	6.17395e+17	6.92057e+17	7.47976e+17	3.35183e+17	8.59991e+15	6.15546e+15	5.62324e+15	2.46074e+15	1.55693e+15	3.11386e+15	4.6708e+15	6.22773e+15	7.78466e+15	9.34159e+15	1.08985e+16	1.24555e+16	1.5522e+16	3.01612e+16	3.09716e+17	4.54031e+17	3.76907	3.6676	3.6676	3.6676	3.6676	3.6676	3.6676	3.6676	3.6676	3.6676	3.6676	3.64257	3.42562	4.68984	4.68986	
185599	6.85766e+17	2.78734e+17	1.21975e+17	7.71744e+16	1.54349e+17	2.31523e+17	3.08698e+17	3.85872e+17	4.63046e+17	5.40221e+17	6.17395e+17	6.92051e+17	7.47946e+17	3.35183e+17	8.59991e+15	6.15538e+15	5.62314e+15	2.4607e+15	1.5569e+15	3.11381e+15	4.67071e+15	6.22762e+15	7.78452e+15	9.34143e+15	1.08983e+16	1.24552e+16	1.55257e+16	3.01795e+16	3.09716e+17	4.54031e+17	3.77046	3.66915	3.66915	3.66915	3.66915	3.66915	3.66915	3.66915	3.66915	3.66915	3.66915	3.6441	3.42723	4.68984	4.68986	
185851	6.85766e+17	2.78734e+17	1.21975e+17	7.71744e+16	1.54349e+17	2.31523e+17	3.08698e+17	3.85872e+17	4.63047e+17	5.40221e+17	6.17395e+17	6.92044e+17	7.47917e+17	3.35183e+17	8.59991e+15	6.1553e+15	5.62304e+15	2.46066e+15	1.55688e+15	3.11376e+15	4.67063e+15	6.22751e+15	7.78439e+15	9.34127e+15	1.08981e+16	1.2455e+16	1.55295e+16	3.01978e+16	3.09716e+17	4.54031e+17	3.77185	3.6707	3.6707	3.6707	3.6707	3.6707	3.6707	3.6707	3.6707	3.6707	3.6707	3.64563	3.42884	4.68984	4.68986	
186103	6.85766e+17	2.78734e+17	1.21975e+17	7.71745e+16	1.54349e+17	2.31523e+17	3.08698e+17	3.85872e+17	4.63047e+17	5.40221e+17	6.17396e+17	6.92038e+17	7.47887e+17	3.35182e+17	8.5999e+15	6.15522e+15	5.62295e+15	2.46062e+15	1.55685e+15	3.1137e+15	4.67056e+15	6.22741e+15	7.78426e+15	9.34111e+15	1.0898e+16	1.24548e+16	1.55332e+16	3.02161e+16	3.09716e+17	4.54031e+17	3.77324	3.67225	3.67225	3.67225	3.67225	3.67225	3.67225	3.67225	3.67225	3.67225	3.67225	3.64716	3.43046	4.68984	4.68986	
186356	6.85766e+17	2.78734e+17	1.21975e+17	7.71745e+16	1.54349e+17	2.31524e+17	3.08698e+17	3.85873e+17	4.63047e+17	5.40222e+17	6.17396e+17	6.92032e+17	7.47858e+17	3.35182e+17	8.5999e+15	6.15514e+15	5.62285e+15	2.46057e+15	1.55683e+15	3.11365e+15	4.67048e+15	6.2273e+15	7.78413e+15	9.34095e+15	1.08978e+16	1.24546e+16	1.55369e+16	3.02344e+16	3.09717e+17	4.54031e+17	3.77463	3.67379	3.67379	3.67379	3.67379	3.67379	3.67379	3.67379	3.67379	3.67379	3.67379	3.64869	3.43207	4.68984	4.68986	
186608	6.85766e+17	2.78735e+17	1.21975e+17	7.71745e+16	1.54349e+17	2.31524e+17	3.08698e+17	3.85873e+17	4.63047e+17	5.40222e+17	6.17396e+17	6.92026e+17	7.47829e+17	3.35182e+17	8.5999e+15	6.15506e+15	5.62276e+15	2.46053e+15	1.5568e+15	3.1136e+15	4.6704e+15	6.2272e+15	7.78399e+15	9.34079e+15	1.08976e+16	1.24544e+16	1.55407e+16	3.02527e+16	3.09717e+17	4.54031e+17	3.77601	3.67533	3.67533	3.67533	3.67533	3.67533	3.67533	3.67533	3.67533	3.67533	3.67533	3.65022	3.43367	4.68984	4.68986	
186860	6.85767e+17	2.78735e+17	1.21975e+17	7.71746e+16	1.54349e+17	2.31524e+17	3.08698e+17	3.85873e+17	4.63048e+17	5.40222e+17	6.17397e+17	6.9202e+17	7.47799e+17	3.35181e+17	8.5999e+15	6.15498e+15	5.62266e+15	2.46049e+15	1.55677e+15	3.11355e+15	4.67032e+15	6.22709e+15	7.78386e+15	9.34064e+15	1.08974e+16	1.24542e+16	1.55444e+16	3.0271e+16	3.09717e+17	4.54031e+17	3.77739	3.67687	3.67687	3.67687	3.67687	3.67687	3.67687	3.67687	3.67687	3.67687	3.67687	3.65174	3.43528	4.68984	4.68986	
187112	6.85767e+17	2.78735e+17	1.21975e+17	7.71746e+16	1.54349e+17	2.31524e+17	3.08699e+17	3.85873e+17	4.63048e+17	5.40222e+17	6.17397e+17	6.92014e+17	7.4777e+17	3.35181e+17	8.59989e+15	6.15491e+15	5.62257e+15	2.46045e+15	1.55675e+15	3.11349e+15	4.67024e+15	6.22699e+15	7.78373e+15	9.34048e+15	1.08972e+16	1.2454e+16	1.55482e+16	3.02893e+16	3.09717e+17	4.54031e+17	3.77877	3.67841	3.67841	3.67841	3.67841	3.67841	3.67841	3.67841	3.67841	3.67841	3.67841	3.65326	3.43688	4.68984	4.68986	
187363	6.85767e+17	2.78735e+17	1.21975e+17	7.71747e+16	1.54349e+17	2.31524e+17	3.08699e+17	3.85873e+17	4.63048e+17	5.40223e+17	6.17397e+17	6.92008e+17	7.4774e+17	3.35181e+17	8.59989e+15	6.15483e+15	5.62247e+15	2.46041e+15	1.55672e+15	3.11344e+15	4.67016e+15	6.22688e+15	7.7836e+15	9.34032e+15	1.0897e+16	1.24538e+16	1.55519e+16	3.03075e+16	3.09717e+17	4.54031e+17	3.78015	3.67994	3.67994	3.67994	3.67994	3.67994	3.67994	3.67994	3.67994	3.67994	3.67994	3.65478	3.43848	4.68984	4.68986	
187616	6.85767e+17	2.78735e+17	1.21975e+17	7.71747e+16	1.54349e+17	2.31524e+17	3.08699e+17	3.85874e+17	4.63048e+17	5.40223e+17	6.17398e+17	6.92002e+17	7.47711e+17	3.3518e+17	8.59989e+15	6.15475e+15	5.62238e+15	2.46037e+15	1.55669e+15	3.11339e+15	4.67008e+15	6.22678e+15	7.78347e+15	9.34017e+15	1.08969e+16	1.24536e+16	1.55556e+16	3.03258e+16	3.09717e+17	4.54031e+17	3.78152	3.68147	3.68147	3.68147	3.68147	3.68147	3.68147	3.68147	3.68147	3.68147	3.68147	3.6563	3.44008	4.68984	4.68986	
187868	6.85767e+17	2.78735e+17	1.21975e+17	7.71748e+16	1.5435e+17	2.31524e+17	3.08699e+17	3.85874e+17	4.63049e+17	5.40223e+17	6.17398e+17	6.91996e+17	7.47681e+17	3.3518e+17	8.59988e+15	6.15467e+15	5.62228e+15	2.46033e+15	1.55667e+15	3.11334e+15	4.67001e+15	6.22667e+15	7.78334e+15	9.34001e+15	1.08967e+16	1.24533e+16	1.55593e+16	3.03442e+16	3.09718e+17	4.54031e+17	3.7829	3.683	3.683	3.683	3.683	3.683	3.683	3.683	3.683	3.683	3.683	3.65782	3.44168	4.68984	4.68986	
188120	6.85767e+17	2.78735e+17	1.21975e+17	7.71748e+16	1.5435e+17	2.31524e+17	3.08699e+17	3.85874e+17	4.63049e+17	5.40224e+17	6.17398e+17	6.9199e+17	7.47652e+17	3.35179e+17	8.59988e+15	6.1546e+15	5.62219e+15	2.46029e+15	1.55664e+15	3.11329e+15	4.66993e+15	6.22657e+15	7.78321e+15	9.33986e+15	1.08965e+16	1.24531e+16	1.5563e+16	3.03624e+16	3.09718e+17	4.54031e+17	3.78427	3.68453	3.68453	3.68453	3.68453	3.68453	3.68453	3.68453	3.68453	3.68453	3.68453	3.65933	3.44327	4.68984	4.68986	
188372	6.85767e+17	2.78736e+17	1.21975e+17	7.71748e+16	1.5435e+17	2.31525e+17	3.08699e+17	3.85874e+17	4.63049e+17	5.40224e+17	6.17399e+17	6.91984e+17	7.47623e+17	3.35179e+17	8.59988e+15	6.15452e+15	5.6221e+15	2.46025e+15	1.55662e+15	3.11323e+15	4.66985e+15	6.22647e+15	7.78309e+15	9.3397e+15	1.08963e+16	1.24529e+16	1.55668e+16	3.03807e+16	3.09718e+17	4.54031e+17	3.78563	3.68605	3.68605	3.68605	3.68605	3.68605	3.68605	3.68605	3.68605	3.68605	3.68605	3.66084	3.44486	4.68984	4.68986	
188624	6.85768e+17	2.78736e+17	1.21975e+17	7.71749e+16	1.5435e+17	2.31525e+17	3.087e+17	3.85874e+17	4.63049e+17	5.40224e+17	6.17399e+17	6.91978e+17	7.47593e+17	3.35179e+17	8.59987e+15	6.15444e+15	5.62201e+15	2.4602e+15	1.55659e+15	3.11318e+15	4.66977e+15	6.22637e+15	7.78296e+15	9.33955e+15	1.08961e+16	1.24527e+16	1.55705e+16	3.0399e+16	3.09718e+17	4.54031e+17	3.787	3.68757	3.68757	3.68757	3.68757	3.68757	3.68757	3.68757	3.68757	3.68757	3.68757	3.66235	3.44645	4.68984	4.68986	
188877	6.85768e+17	2.78736e+17	1.21976e+17	7.71749e+16	1.5435e+17	2.31525e+17	3.087e+17	3.85875e+17	4.6305e+17	5.40224e+17	6.17399e+17	6.91972e+17	7.47564e+17	3.35178e+17	8.59987e+15	6.15437e+15	5.62191e+15	2.46016e+15	1.55657e+15	3.11313e+15	4.6697e+15	6.22626e+15	7.78283e+15	9.3394e+15	1.0896e+16	1.24525e+16	1.55742e+16	3.04173e+16	3.09718e+17	4.54031e+17	3.78837	3.68909	3.68909	3.68909	3.68909	3.68909	3.68909	3.68909	3.68909	3.68909	3.68909	3.66386	3.44804	4.68984	4.68986	
189129	6.85768e+17	2.78736e+17	1.21976e+17	7.7175e+16	1.5435e+17	2.31525e+17	3.087e+17	3.85875e+17	4.6305e+17	5.40225e+17	6.174e+17	6.91965e+17	7.47534e+17	3.35178e+17	8.59987e+15	6.15429e+15	5.62182e+15	2.46012e+15	1.55654e+15	3.11308e+15	4.66962e+15	6.22616e+15	7.7827e+15	9.33924e+15	1.08958e+16	1.24523e+16	1.55779e+16	3.04356e+16	3.09718e+17	4.54031e+17	3.78973	3.69061	3.69061	3.69061	3.69061	3.69061	3.69061	3.69061	3.69061	3.69061	3.69061	3.66536	3.44963	4.68984	4.68986	
189381	6.85768e+17	2.78736e+17	1.21976e+17	7.7175e+16	1.5435e+17	2.31525e+17	3.087e+17	3.85875e+17	4.6305e+17	5.40225e+17	6.174e+17	6.91959e+17	7.47505e+17	3.35178e+17	8.59986e+15	6.15422e+15	5.62173e+15	2.46008e+15	1.55652e+15	3.11303e+15	4.66955e+15	6.22606e+15	7.78258e+15	9.33909e+15	1.08956e+16	1.24521e+16	1.55816e+16	3.04539e+16	3.09719e+17	4.54031e+17	3.79109	3.69212	3.69212	3.69212	3.69212	3.69212	3.69212	3.69212	3.69212	3.69212	3.69212	3.66686	3.45121	4.68984	4.68986	
189633	6.85768e+17	2.78736e+17	1.21976e+17	7.7175e+16	1.5435e+17	2.31525e+17	3.087e+17	3.85875e+17	4.6305e+17	5.40225e+17	6.174e+17	6.91953e+17	7.47476e+17	3.35177e+17	8.59986e+15	6.15414e+15	5.62164e+15	2.46004e+15	1.55649e+15	3.11298e+15	4.66947e+15	6.22596e+15	7.78245e+15	9.33894e+15	1.08954e+16	1.24519e+16	1.55853e+16	3.04722e+16	3.09719e+17	4.54031e+17	3.79245	3.69364	3.69364	3.69364	3.69364	3.69364	3.69364	3.69364	3.69364	3.69364	3.69364	3.66836	3.45279	4.68983	4.68986	
189886	6.85768e+17	2.78736e+17	1.21976e+17	7.71751e+16	1.5435e+17	2.31525e+17	3.087e+17	3.85875e+17	4.63051e+17	5.40226e+17	6.17401e+17	6.91947e+17	7.47446e+17	3.35177e+17	8.59986e+15	6.15407e+15	5.62155e+15	2.46001e+15	1.55647e+15	3.11293e+15	4.6694e+15	6.22586e+15	7.78233e+15	9.33879e+15	1.08953e+16	1.24517e+16	1.5589e+16	3.04905e+16	3.09719e+17	4.54031e+17	3.79381	3.69515	3.69515	3.69515	3.69515	3.69515	3.69515	3.69515	3.69515	3.69515	3.69515	3.66986	3.45437	4.68983	4.68986	
190138	6.85768e+17	2.78737e+17	1.21976e+17	7.71751e+16	1.5435e+17	2.31525e+17	3.08701e+17	3.85876e+17	4.63051e+17	5.40226e+17	6.17401e+17	6.91941e+17	7.47417e+17	3.35176e+17	8.59985e+15	6.15399e+15	5.62146e+15	2.45997e+15	1.55644e+15	3.11288e+15	4.66932e+15	6.22576e+15	7.7822e+15	9.33864e+15	1.08951e+16	1.24515e+16	1.55927e+16	3.05088e+16	3.09719e+17	4.54031e+17	3.79516	3.69666	3.69666	3.69666	3.69666	3.69666	3.69666	3.69666	3.69666	3.69666	3.69666	3.67136	3.45595	4.68983	4.68986	
190390	6.85769e+17	2.78737e+17	1.21976e+17	7.71752e+16	1.5435e+17	2.31526e+17	3.08701e+17	3.85876e+17	4.63051e+17	5.40226e+17	6.17401e+17	6.91935e+17	7.47387e+17	3.35176e+17	8.59985e+15	6.15392e+15	5.62137e+15	2.45993e+15	1.55642e+15	3.11283e+15	4.66925e+15	6.22566e+15	7.78208e+15	9.33849e+15	1.08949e+16	1.24513e+16	1.55964e+16	3.0527e+16	3.09719e+17	4.54031e+17	3.79651	3.69816	3.69816	3.69816	3.69816	3.69816	3.69816	3.69816	3.69816	3.69816	3.69816	3.67285	3.45753	4.68983	4.68986	
190642	6.85769e+17	2.78737e+17	1.21976e+17	7.71752e+16	1.5435e+17	2.31526e+17	3.08701e+17	3.85876e+17	4.63051e+17	5.40226e+17	6.17402e+17	6.91929e+17	7.47358e+17	3.35176e+17	8.59985e+15	6.15385e+15	5.62128e+15	2.45989e+15	1.55639e+15	3.11278e+15	4.66917e+15	6.22556e+15	7.78195e+15	9.33835e+15	1.08947e+16	1.24511e+16	1.56001e+16	3.05453e+16	3.09719e+17	4.54031e+17	3.79786	3.69967	3.69967	3.69967	3.69967	3.69967	3.69967	3.69967	3.69967	3.69967	3.69967	3.67434	3.4591	4.68983	4.68986	
190894	6.85769e+17	2.78737e+17	1.21976e+17	7.71753e+16	1.54351e+17	2.31526e+17	3.08701e+17	3.85876e+17	4.63052e+17	5.40227e+17	6.17402e+17	6.91923e+17	7.47329e+17	3.35175e+17	8.59984e+15	6.15377e+15	5.62119e+15	2.45985e+15	1.55637e+15	3.11273e+15	4.6691e+15	6.22547e+15	7.78183e+15	9.3382e+15	1.08946e+16	1.24509e+16	1.56038e+16	3.05636e+16	3.0972e+17	4.54031e+17	3.79921	3.70117	3.70117	3.70117	3.70117	3.70117	3.70117	3.70117	3.70117	3.70117	3.70117	3.67583	3.46067	4.68983	4.68986	
191146	6.85769e+17	2.78737e+17	1.21976e+17	7.71753e+16	1.54351e+17	2.31526e+17	3.08701e+17	3.85876e+17	4.63052e+17	5.40227e+17	6.17402e+17	6.91917e+17	7.47299e+17	3.35175e+17	8.59984e+15	6.1537e+15	5.6211e+15	2.45981e+15	1.55634e+15	3.11268e+15	4.66903e+15	6.22537e+15	7.78171e+15	9.33805e+15	1.08944e+16	1.24507e+16	1.56074e+16	3.05819e+16	3.0972e+17	4.54031e+17	3.80056	3.70267	3.70267	3.70267	3.70267	3.70267	3.70267	3.70267	3.70267	3.70267	3.70267	3.67732	3.46224	4.68983	4.68986	
191399	6.85769e+17	2.78737e+17	1.21976e+17	7.71753e+16	1.54351e+17	2.31526e+17	3.08701e+17	3.85877e+17	4.63052e+17	5.40227e+17	6.17403e+17	6.91911e+17	7.4727e+17	3.35174e+17	8.59984e+15	6.15363e+15	5.62102e+15	2.45977e+15	1.55632e+15	3.11263e+15	4.66895e+15	6.22527e+15	7.78159e+15	9.3379e+15	1.08942e+16	1.24505e+16	1.56111e+16	3.06002e+16	3.0972e+17	4.54031e+17	3.8019	3.70416	3.70416	3.70416	3.70416	3.70416	3.70416	3.70416	3.70416	3.70416	3.70416	3.6788	3.46381	4.68983	4.68986	
191651	6.85769e+17	2.78737e+17	1.21976e+17	7.71754e+16	1.54351e+17	2.31526e+17	3.08701e+17	3.85877e+17	4.63052e+17	5.40228e+17	6.17403e+17	6.91905e+17	7.4724e+17	3.35174e+17	8.59983e+15	6.15356e+15	5.62093e+15	2.45973e+15	1.55629e+15	3.11259e+15	4.66888e+15	6.22517e+15	7.78146e+15	9.33776e+15	1.08941e+16	1.24503e+16	1.56148e+16	3.06184e+16	3.0972e+17	4.54031e+17	3.80324	3.70566	3.70566	3.70566	3.70566	3.70566	3.70566	3.70566	3.70566	3.70566	3.70566	3.68028	3.46538	4.68983	4.68986	
191903	6.85769e+17	2.78738e+17	1.21976e+17	7.71754e+16	1.54351e+17	2.31526e+17	3.08702e+17	3.85877e+17	4.63052e+17	5.40228e+17	6.17403e+17	6.91899e+17	7.47211e+17	3.35174e+17	8.59983e+15	6.15349e+15	5.62084e+15	2.45969e+15	1.55627e+15	3.11254e+15	4.66881e+15	6.22508e+15	7.78134e+15	9.33761e+15	1.08939e+16	1.24502e+16	1.56185e+16	3.06367e+16	3.0972e+17	4.54031e+17	3.80458	3.70715	3.70715	3.70715	3.70715	3.70715	3.70715	3.70715	3.70715	3.70715	3.70715	3.68176	3.46694	4.68983	4.68986	
192155	6.8577e+17	2.78738e+17	1.21976e+17	7.71754e+16	1.54351e+17	2.31526e+17	3.08702e+17	3.85877e+17	4.63053e+17	5.40228e+17	6.17404e+17	6.91893e+17	7.47182e+17	3.35173e+17	8.59983e+15	6.15341e+15	5.62075e+15	2.45966e+15	1.55624e+15	3.11249e+15	4.66873e+15	6.22498e+15	7.78122e+15	9.33747e+15	1.08937e+16	1.245e+16	1.56221e+16	3.0655e+16	3.09721e+17	4.54031e+17	3.80592	3.70864	3.70864	3.70864	3.70864	3.70864	3.70864	3.70864	3.70864	3.70864	3.70864	3.68324	3.4685	4.68983	4.68986	
192408	6.8577e+17	2.78738e+17	1.21976e+17	7.71755e+16	1.54351e+17	2.31526e+17	3.08702e+17	3.85877e+17	4.63053e+17	5.40228e+17	6.17404e+17	6.91887e+17	7.47152e+17	3.35173e+17	8.59982e+15	6.15334e+15	5.62067e+15	2.45962e+15	1.55622e+15	3.11244e+15	4.66866e+15	6.22488e+15	7.7811e+15	9.33732e+15	1.08935e+16	1.24498e+16	1.56258e+16	3.06733e+16	3.09721e+17	4.54031e+17	3.80726	3.71013	3.71013	3.71013	3.71013	3.71013	3.71013	3.71013	3.71013	3.71013	3.71013	3.68472	3.47006	4.68983	4.68986	
192660	6.8577e+17	2.78738e+17	1.21976e+17	7.71755e+16	1.54351e+17	2.31527e+17	3.08702e+17	3.85878e+17	4.63053e+17	5.40229e+17	6.17404e+17	6.91881e+17	7.47123e+17	3.35172e+17	8.59982e+15	6.15327e+15	5.62058e+15	2.45958e+15	1.5562e+15	3.11239e+15	4.66859e+15	6.22479e+15	7.78098e+15	9.33718e+15	1.08934e+16	1.24496e+16	1.56295e+16	3.06916e+16	3.09721e+17	4.54031e+17	3.80859	3.71161	3.71161	3.71161	3.71161	3.71161	3.71161	3.71161	3.71161	3.71161	3.71161	3.68619	3.47162	4.68983	4.68986	
192912	6.8577e+17	2.78738e+17	1.21977e+17	7.71756e+16	1.54351e+17	2.31527e+17	3.08702e+17	3.85878e+17	4.63053e+17	5.40229e+17	6.17405e+17	6.91875e+17	7.47093e+17	3.35172e+17	8.59981e+15	6.1532e+15	5.62049e+15	2.45954e+15	1.55617e+15	3.11235e+15	4.66852e+15	6.22469e+15	7.78086e+15	9.33704e+15	1.08932e+16	1.24494e+16	1.56331e+16	3.07098e+16	3.09721e+17	4.54031e+17	3.80992	3.7131	3.7131	3.7131	3.7131	3.7131	3.7131	3.7131	3.7131	3.7131	3.7131	3.68767	3.47317	4.68983	4.68986	
193164	6.8577e+17	2.78738e+17	1.21977e+17	7.71756e+16	1.54351e+17	2.31527e+17	3.08702e+17	3.85878e+17	4.63054e+17	5.40229e+17	6.17405e+17	6.91869e+17	7.47064e+17	3.35171e+17	8.59981e+15	6.15313e+15	5.62041e+15	2.45951e+15	1.55615e+15	3.1123e+15	4.66845e+15	6.2246e+15	7.78075e+15	9.33689e+15	1.0893e+16	1.24492e+16	1.56368e+16	3.07281e+16	3.09721e+17	4.54031e+17	3.81125	3.71458	3.71458	3.71458	3.71458	3.71458	3.71458	3.71458	3.71458	3.71458	3.71458	3.68914	3.47473	4.68983	4.68986	
193417	6.8577e+17	2.78738e+17	1.21977e+17	7.71756e+16	1.54351e+17	2.31527e+17	3.08703e+17	3.85878e+17	4.63054e+17	5.40229e+17	6.17405e+17	6.91863e+17	7.47035e+17	3.35171e+17	8.59981e+15	6.15306e+15	5.62032e+15	2.45947e+15	1.55613e+15	3.11225e+15	4.66838e+15	6.2245e+15	7.78063e+15	9.33675e+15	1.08929e+16	1.2449e+16	1.56405e+16	3.07464e+16	3.09722e+17	4.54031e+17	3.81258	3.71606	3.71606	3.71606	3.71606	3.71606	3.71606	3.71606	3.71606	3.71606	3.71606	3.69061	3.47628	4.68983	4.68986	
193669	6.8577e+17	2.78739e+17	1.21977e+17	7.71757e+16	1.54351e+17	2.31527e+17	3.08703e+17	3.85878e+17	4.63054e+17	5.4023e+17	6.17405e+17	6.91858e+17	7.47005e+17	3.35171e+17	8.5998e+15	6.15299e+15	5.62024e+15	2.45943e+15	1.5561e+15	3.1122e+15	4.66831e+15	6.22441e+15	7.78051e+15	9.33661e+15	1.08927e+16	1.24488e+16	1.56441e+16	3.07647e+16	3.09722e+17	4.54031e+17	3.81391	3.71754	3.71754	3.71754	3.71754	3.71754	3.71754	3.71754	3.71754	3.71754	3.71754	3.69207	3.47783	4.68983	4.68986	
193921	6.8577e+17	2.78739e+17	1.21977e+17	7.71757e+16	1.54351e+17	2.31527e+17	3.08703e+17	3.85879e+17	4.63054e+17	5.4023e+17	6.17406e+17	6.91852e+17	7.46976e+17	3.3517e+17	8.5998e+15	6.15293e+15	5.62015e+15	2.45939e+15	1.55608e+15	3.11216e+15	4.66824e+15	6.22431e+15	7.78039e+15	9.33647e+15	1.08925e+16	1.24486e+16	1.56478e+16	3.0783e+16	3.09722e+17	4.54031e+17	3.81523	3.71901	3.71901	3.71901	3.71901	3.71901	3.71901	3.71901	3.71901	3.71901	3.71901	3.69354	3.47938	4.68982	4.68986	
194174	6.85771e+17	2.78739e+17	1.21977e+17	7.71758e+16	1.54352e+17	2.31527e+17	3.08703e+17	3.85879e+17	4.63055e+17	5.4023e+17	6.17406e+17	6.91846e+17	7.46946e+17	3.3517e+17	8.59979e+15	6.15286e+15	5.62007e+15	2.45936e+15	1.55606e+15	3.11211e+15	4.66817e+15	6.22422e+15	7.78028e+15	9.33633e+15	1.08924e+16	1.24484e+16	1.56514e+16	3.08012e+16	3.09722e+17	4.54031e+17	3.81655	3.72048	3.72048	3.72048	3.72048	3.72048	3.72048	3.72048	3.72048	3.72048	3.72048	3.695	3.48092	4.68982	4.68986	
194426	6.85771e+17	2.78739e+17	1.21977e+17	7.71758e+16	1.54352e+17	2.31527e+17	3.08703e+17	3.85879e+17	4.63055e+17	5.40231e+17	6.17406e+17	6.9184e+17	7.46917e+17	3.35169e+17	8.59979e+15	6.15279e+15	5.61999e+15	2.45932e+15	1.55603e+15	3.11206e+15	4.6681e+15	6.22413e+15	7.78016e+15	9.33619e+15	1.08922e+16	1.24483e+16	1.5655e+16	3.08195e+16	3.09722e+17	4.54031e+17	3.81787	3.72195	3.72195	3.72195	3.72195	3.72195	3.72195	3.72195	3.72195	3.72195	3.72195	3.69645	3.48247	4.68982	4.68986	
194678	6.85771e+17	2.78739e+17	1.21977e+17	7.71758e+16	1.54352e+17	2.31527e+17	3.08703e+17	3.85879e+17	4.63055e+17	5.40231e+17	6.17407e+17	6.91834e+17	7.46888e+17	3.35169e+17	8.59979e+15	6.15272e+15	5.6199e+15	2.45928e+15	1.55601e+15	3.11202e+15	4.66803e+15	6.22403e+15	7.78004e+15	9.33605e+15	1.08921e+16	1.24481e+16	1.56587e+16	3.08378e+16	3.09723e+17	4.54031e+17	3.81919	3.72342	3.72342	3.72342	3.72342	3.72342	3.72342	3.72342	3.72342	3.72342	3.72342	3.69791	3.48401	4.68982	4.68986	
194931	6.85771e+17	2.78739e+17	1.21977e+17	7.71759e+16	1.54352e+17	2.31528e+17	3.08703e+17	3.85879e+17	4.63055e+17	5.40231e+17	6.17407e+17	6.91828e+17	7.46858e+17	3.35168e+17	8.59978e+15	6.15265e+15	5.61982e+15	2.45925e+15	1.55599e+15	3.11197e+15	4.66796e+15	6.22394e+15	7.77993e+15	9.33591e+15	1.08919e+16	1.24479e+16	1.56623e+16	3.08561e+16	3.09723e+17	4.54031e+17	3.82051	3.72488	3.72488	3.72488	3.72488	3.72488	3.72488	3.72488	3.72488	3.72488	3.72488	3.69937	3.48555	4.68982	4.68986	
195183	6.85771e+17	2.78739e+17	1.21977e+17	7.71759e+16	1.54352e+17	2.31528e+17	3.08704e+17	3.8588e+17	4.63055e+17	5.40231e+17	6.17407e+17	6.91822e+17	7.46829e+17	3.35168e+17	8.59978e+15	6.15259e+15	5.61974e+15	2.45921e+15	1.55596e+15	3.11193e+15	4.66789e+15	6.22385e+15	7.77981e+15	9.33578e+15	1.08917e+16	1.24477e+16	1.5666e+16	3.08744e+16	3.09723e+17	4.54031e+17	3.82182	3.72634	3.72634	3.72634	3.72634	3.72634	3.72634	3.72634	3.72634	3.72634	3.72634	3.70082	3.48709	4.68982	4.68986	
195435	6.85771e+17	2.7874e+17	1.21977e+17	7.71759e+16	1.54352e+17	2.31528e+17	3.08704e+17	3.8588e+17	4.63056e+17	5.40232e+17	6.17408e+17	6.91816e+17	7.468e+17	3.35167e+17	8.59977e+15	6.15252e+15	5.61965e+15	2.45917e+15	1.55594e+15	3.11188e+15	4.66782e+15	6.22376e+15	7.7797e+15	9.33564e+15	1.08916e+16	1.24475e+16	1.56696e+16	3.08926e+16	3.09723e+17	4.54031e+17	3.82313	3.7278	3.7278	3.7278	3.7278	3.7278	3.7278	3.7278	3.7278	3.7278	3.7278	3.70227	3.48862	4.68982	4.68986	
195688	6.85771e+17	2.7874e+17	1.21977e+17	7.7176e+16	1.54352e+17	2.31528e+17	3.08704e+17	3.8588e+17	4.63056e+17	5.40232e+17	6.17408e+17	6.9181e+17	7.4677e+17	3.35167e+17	8.59977e+15	6.15245e+15	5.61957e+15	2.45914e+15	1.55592e+15	3.11183e+15	4.66775e+15	6.22367e+15	7.77959e+15	9.3355e+15	1.08914e+16	1.24473e+16	1.56732e+16	3.09109e+16	3.09724e+17	4.54031e+17	3.82444	3.72926	3.72926	3.72926	3.72926	3.72926	3.72926	3.72926	3.72926	3.72926	3.72926	3.70372	3.49016	4.68982	4.68986	
195940	6.85771e+17	2.7874e+17	1.21977e+17	7.7176e+16	1.54352e+17	2.31528e+17	3.08704e+17	3.8588e+17	4.63056e+17	5.40232e+17	6.17408e+17	6.91804e+17	7.46741e+17	3.35166e+17	8.59976e+15	6.15239e+15	5.61949e+15	2.4591e+15	1.55589e+15	3.11179e+15	4.66768e+15	6.22358e+15	7.77947e+15	9.33537e+15	1.08913e+16	1.24472e+16	1.56769e+16	3.09292e+16	3.09724e+17	4.54031e+17	3.82575	3.73072	3.73072	3.73072	3.73072	3.73072	3.73072	3.73072	3.73072	3.73072	3.73072	3.70517	3.49169	4.68982	4.68986	
196192	6.85772e+17	2.7874e+17	1.21977e+17	7.71761e+16	1.54352e+17	2.31528e+17	3.08704e+17	3.8588e+17	4.63056e+17	5.40232e+17	6.17408e+17	6.91798e+17	7.46711e+17	3.35166e+17	8.59976e+15	6.15232e+15	5.61941e+15	2.45907e+15	1.55587e+15	3.11174e+15	4.66762e+15	6.22349e+15	7.77936e+15	9.33523e+15	1.08911e+16	1.2447e+16	1.56805e+16	3.09475e+16	3.09724e+17	4.54031e+17	3.82706	3.73217	3.73217	3.73217	3.73217	3.73217	3.73217	3.73217	3.73217	3.73217	3.73217	3.70662	3.49322	4.68982	4.68986	
196445	6.85772e+17	2.7874e+17	1.21977e+17	7.71761e+16	1.54352e+17	2.31528e+17	3.08704e+17	3.8588e+17	4.63057e+17	5.40233e+17	6.17409e+17	6.91792e+17	7.46682e+17	3.35165e+17	8.59975e+15	6.15225e+15	5.61933e+15	2.45903e+15	1.55585e+15	3.1117e+15	4.66755e+15	6.2234e+15	7.77925e+15	9.3351e+15	1.08909e+16	1.24468e+16	1.56841e+16	3.09657e+16	3.09724e+17	4.54031e+17	3.82836	3.73362	3.73362	3.73362	3.73362	3.73362	3.73362	3.73362	3.73362	3.73362	3.73362	3.70806	3.49474	4.68982	4.68986	
196697	6.85772e+17	2.7874e+17	1.21977e+17	7.71761e+16	1.54352e+17	2.31528e+17	3.08704e+17	3.85881e+17	4.63057e+17	5.40233e+17	6.17409e+17	6.91787e+17	7.46653e+17	3.35165e+17	8.59975e+15	6.15219e+15	5.61924e+15	2.459e+15	1.55583e+15	3.11165e+15	4.66748e+15	6.22331e+15	7.77913e+15	9.33496e+15	1.08908e+16	1.24466e+16	1.56877e+16	3.0984e+16	3.09725e+17	4.54031e+17	3.82966	3.73508	3.73508	3.73508	3.73508	3.73508	3.73508	3.73508	3.73508	3.73508	3.73508	3.7095	3.49627	4.68982	4.68986	
196950	6.85772e+17	2.7874e+17	1.21977e+17	7.71762e+16	1.54352e+17	2.31528e+17	3.08705e+17	3.85881e+17	4.63057e+17	5.40233e+17	6.17409e+17	6.91781e+17	7.46623e+17	3.35164e+17	8.59974e+15	6.15212e+15	5.61916e+15	2.45896e+15	1.5558e+15	3.11161e+15	4.66741e+15	6.22322e+15	7.77902e+15	9.33483e+15	1.08906e+16	1.24464e+16	1.56913e+16	3.10023e+16	3.09725e+17	4.54031e+17	3.83097	3.73652	3.73652	3.73652	3.73652	3.73652	3.73652	3.73652	3.73652	3.73652	3.73652	3.71094	3.4978	4.68982	4.68986	
197203	6.85772e+17	2.7874e+17	1.21978e+17	7.71762e+16	1.54352e+17	2.31529e+17	3.08705e+17	3.85881e+17	4.63057e+17	5.40233e+17	6.1741e+17	6.91775e+17	7.46594e+17	3.35164e+17	8.59974e+15	6.15206e+15	5.61908e+15	2.45893e+15	1.55578e+15	3.11156e+15	4.66735e+15	6.22313e+15	7.77891e+15	9.33469e+15	1.08905e+16	1.24463e+16	1.56949e+16	3.10206e+16	3.09725e+17	4.54031e+17	3.83226	3.73797	3.73797	3.73797	3.73797	3.73797	3.73797	3.73797	3.73797	3.73797	3.73797	3.71238	3.49932	4.68981	4.68985	
197455	6.85772e+17	2.78741e+17	1.21978e+17	7.71762e+16	1.54352e+17	2.31529e+17	3.08705e+17	3.85881e+17	4.63057e+17	5.40234e+17	6.1741e+17	6.91769e+17	7.46564e+17	3.35163e+17	8.59974e+15	6.15199e+15	5.619e+15	2.45889e+15	1.55576e+15	3.11152e+15	4.66728e+15	6.22304e+15	7.7788e+15	9.33456e+15	1.08903e+16	1.24461e+16	1.56985e+16	3.10389e+16	3.09725e+17	4.54031e+17	3.83356	3.73941	3.73941	3.73941	3.73941	3.73941	3.73941	3.73941	3.73941	3.73941	3.73941	3.71381	3.50084	4.68981	4.68985	
197707	6.85772e+17	2.78741e+17	1.21978e+17	7.71763e+16	1.54353e+17	2.31529e+17	3.08705e+17	3.85881e+17	4.63058e+17	5.40234e+17	6.1741e+17	6.91763e+17	7.46535e+17	3.35163e+17	8.59973e+15	6.15193e+15	5.61892e+15	2.45886e+15	1.55574e+15	3.11148e+15	4.66722e+15	6.22295e+15	7.77869e+15	9.33443e+15	1.08902e+16	1.24459e+16	1.57021e+16	3.10571e+16	3.09726e+17	4.54031e+17	3.83485	3.74085	3.74085	3.74085	3.74085	3.74085	3.74085	3.74085	3.74085	3.74085	3.74085	3.71524	3.50236	4.68981	4.68985	
197959	6.85772e+17	2.78741e+17	1.21978e+17	7.71763e+16	1.54353e+17	2.31529e+17	3.08705e+17	3.85882e+17	4.63058e+17	5.40234e+17	6.1741e+17	6.91757e+17	7.46506e+17	3.35162e+17	8.59973e+15	6.15187e+15	5.61885e+15	2.45882e+15	1.55572e+15	3.11143e+15	4.66715e+15	6.22287e+15	7.77858e+15	9.3343e+15	1.089e+16	1.24457e+16	1.57057e+16	3.10754e+16	3.09726e+17	4.54031e+17	3.83614	3.74229	3.74229	3.74229	3.74229	3.74229	3.74229	3.74229	3.74229	3.74229	3.74229	3.71667	3.50387	4.68981	4.68985	
198212	6.85772e+17	2.78741e+17	1.21978e+17	7.71763e+16	1.54353e+17	2.31529e+17	3.08705e+17	3.85882e+17	4.63058e+17	5.40234e+17	6.17411e+17	6.91751e+17	7.46476e+17	3.35161e+17	8.59972e+15	6.1518e+15	5.61877e+15	2.45879e+15	1.55569e+15	3.11139e+15	4.66708e+15	6.22278e+15	7.77847e+15	9.33417e+15	1.08899e+16	1.24456e+16	1.57093e+16	3.10937e+16	3.09726e+17	4.54031e+17	3.83744	3.74373	3.74373	3.74373	3.74373	3.74373	3.74373	3.74373	3.74373	3.74373	3.74373	3.7181	3.50539	4.68981	4.68985	
198464	6.85773e+17	2.78741e+17	1.21978e+17	7.71764e+16	1.54353e+17	2.31529e+17	3.08705e+17	3.85882e+17	4.63058e+17	5.40235e+17	6.17411e+17	6.91745e+17	7.46447e+17	3.35161e+17	8.59972e+15	6.15174e+15	5.61869e+15	2.45875e+15	1.55567e+15	3.11135e+15	4.66702e+15	6.22269e+15	7.77836e+15	9.33404e+15	1.08897e+16	1.24454e+16	1.57129e+16	3.1112e+16	3.09726e+17	4.54031e+17	3.83872	3.74516	3.74516	3.74516	3.74516	3.74516	3.74516	3.74516	3.74516	3.74516	3.74516	3.71953	3.5069	4.68981	4.68985	
198717	6.85773e+17	2.78741e+17	1.21978e+17	7.71764e+16	1.54353e+17	2.31529e+17	3.08706e+17	3.85882e+17	4.63058e+17	5.40235e+17	6.17411e+17	6.9174e+17	7.46417e+17	3.3516e+17	8.59971e+15	6.15168e+15	5.61861e+15	2.45872e+15	1.55565e+15	3.1113e+15	4.66695e+15	6.22261e+15	7.77826e+15	9.33391e+15	1.08896e+16	1.24452e+16	1.57165e+16	3.11303e+16	3.09727e+17	4.54031e+17	3.84001	3.74659	3.74659	3.74659	3.74659	3.74659	3.74659	3.74659	3.74659	3.74659	3.74659	3.72095	3.50841	4.68981	4.68985	
198969	6.85773e+17	2.78741e+17	1.21978e+17	7.71764e+16	1.54353e+17	2.31529e+17	3.08706e+17	3.85882e+17	4.63059e+17	5.40235e+17	6.17412e+17	6.91734e+17	7.46388e+17	3.3516e+17	8.59971e+15	6.15161e+15	5.61853e+15	2.45868e+15	1.55563e+15	3.11126e+15	4.66689e+15	6.22252e+15	7.77815e+15	9.33378e+15	1.08894e+16	1.2445e+16	1.57201e+16	3.11485e+16	3.09727e+17	4.54031e+17	3.84129	3.74802	3.74802	3.74802	3.74802	3.74802	3.74802	3.74802	3.74802	3.74802	3.74802	3.72237	3.50992	4.68981	4.68985	
199222	6.85773e+17	2.78741e+17	1.21978e+17	7.71765e+16	1.54353e+17	2.31529e+17	3.08706e+17	3.85882e+17	4.63059e+17	5.40235e+17	6.17412e+17	6.91728e+17	7.46359e+17	3.35159e+17	8.5997e+15	6.15155e+15	5.61846e+15	2.45865e+15	1.55561e+15	3.11122e+15	4.66682e+15	6.22243e+15	7.77804e+15	9.33365e+15	1.08893e+16	1.24449e+16	1.57237e+16	3.11668e+16	3.09727e+17	4.54031e+17	3.84258	3.74945	3.74945	3.74945	3.74945	3.74945	3.74945	3.74945	3.74945	3.74945	3.74945	3.72379	3.51142	4.68981	4.68985	
199475	6.85773e+17	2.78742e+17	1.21978e+17	7.71765e+16	1.54353e+17	2.3153e+17	3.08706e+17	3.85883e+17	4.63059e+17	5.40236e+17	6.17412e+17	6.91722e+17	7.46329e+17	3.35159e+17	8.59969e+15	6.15149e+15	5.61838e+15	2.45862e+15	1.55559e+15	3.11117e+15	4.66676e+15	6.22235e+15	7.77793e+15	9.33352e+15	1.08891e+16	1.24447e+16	1.57273e+16	3.11851e+16	3.09727e+17	4.54031e+17	3.84386	3.75088	3.75088	3.75088	3.75088	3.75088	3.75088	3.75088	3.75088	3.75088	3.75088	3.72521	3.51293	4.68981	4.68985	
199727	6.85773e+17	2.78742e+17	1.21978e+17	7.71765e+16	1.54353e+17	2.3153e+17	3.08706e+17	3.85883e+17	4.63059e+17	5.40236e+17	6.17412e+17	6.91716e+17	7.463e+17	3.35158e+17	8.59969e+15	6.15143e+15	5.6183e+15	2.45858e+15	1.55557e+15	3.11113e+15	4.6667e+15	6.22226e+15	7.77783e+15	9.33339e+15	1.0889e+16	1.24445e+16	1.57309e+16	3.12034e+16	3.09728e+17	4.54031e+17	3.84514	3.7523	3.7523	3.7523	3.7523	3.7523	3.7523	3.7523	3.7523	3.7523	3.7523	3.72663	3.51443	4.68981	4.68985	
199979	6.85773e+17	2.78742e+17	1.21978e+17	7.71766e+16	1.54353e+17	2.3153e+17	3.08706e+17	3.85883e+17	4.63059e+17	5.40236e+17	6.17413e+17	6.9171e+17	7.4627e+17	3.35157e+17	8.59968e+15	6.15137e+15	5.61823e+15	2.45855e+15	1.55554e+15	3.11109e+15	4.66663e+15	6.22218e+15	7.77772e+15	9.33327e+15	1.08888e+16	1.24444e+16	1.57344e+16	3.12216e+16	3.09728e+17	4.54031e+17	3.84641	3.75372	3.75372	3.75372	3.75372	3.75372	3.75372	3.75372	3.75372	3.75372	3.75372	3.72804	3.51593	4.6898	4.68985	
200000	6.85773e+17	2.78742e+17	1.21978e+17	7.71766e+16	1.54353e+17	2.3153e+17	3.08706e+17	3.85883e+17	4.63059e+17	5.40236e+17	6.17413e+17	6.9171e+17	7.46268e+17	3.35157e+17	8.59968e+15	6.15136e+15	5.61822e+15	2.45855e+15	1.55554e+15	3.11109e+15	4.66663e+15	6.22217e+15	7.77771e+15	9.33326e+15	1.08888e+16	1.24443e+16	1.57347e+16	3.12232e+16	3.09728e+17	4.54031e+17	3.84652	3.75384	3.75384	3.75384	3.75384	3.75384	3.75384	3.75384	3.75384	3.75384	3.75384	3.72816	3.51605	4.6898	4.68985	
