Time	Carb1	Carb2	Carb3	Carb4	Carb5	Carb6	Carb7	Carb8	Carb9	Carb10	Carb11	Carb12	Carb13	Carb14	Carb15	Sil1	Sil2	Sil3	Sil4	Sil5	Sil6	Sil7	Sil8	Sil9	Sil10	Sil11	Sil12	Sil13	Sil14	Sil15	c131	c132	c133	c134	c135	c136	c137	c138	c139	c1310	c1311	c1312	c1313	c1314	c1315	
0	6.8679e+17	2.79524e+17	1.22321e+17	7.73932e+16	1.54786e+17	2.3218e+17	3.09573e+17	3.86966e+17	4.64359e+17	5.41753e+17	6.19146e+17	6.96539e+17	7.5909e+17	2.85587e+17	5.49164e+15	5.6223e+15	5.13779e+15	2.24831e+15	1.42252e+15	2.84505e+15	4.26757e+15	5.69009e+15	7.11261e+15	8.53514e+15	9.95766e+15	1.13802e+16	1.28027e+16	2.32723e+16	2.63861e+17	2.89924e+17	4.68986	4.68986	4.68986	4.68986	4.68986	4.68986	4.68986	4.68986	4.68986	4.68986	4.68986	4.68986	4.68986	4.68986	4.68986	
252.681	6.86548e+17	2.79491e+17	1.22306e+17	7.73841e+16	1.54768e+17	2.32152e+17	3.09536e+17	3.8692e+17	4.64304e+17	5.41689e+17	6.19073e+17	6.96106e+17	7.58202e+17	3.35241e+17	8.60016e+15	5.62032e+15	5.13719e+15	2.24804e+15	1.42235e+15	2.84472e+15	4.26706e+15	5.68942e+15	7.11177e+15	8.53414e+15	9.95648e+15	1.13789e+16	1.27947e+16	2.32451e+16	3.09738e+17	4.54034e+17	4.68986	4.68986	4.68986	4.68986	4.68986	4.68986	4.68986	4.68986	4.68986	4.68986	4.68986	4.68986	4.68986	4.68986	4.68986	
503.024	6.86548e+17	2.79491e+17	1.22306e+17	7.73841e+16	1.54768e+17	2.32152e+17	3.09536e+17	3.8692e+17	4.64304e+17	5.41688e+17	6.19072e+17	6.96117e+17	7.583e+17	3.35257e+17	8.60008e+15	5.62032e+15	5.13719e+15	2.24804e+15	1.42235e+15	2.84472e+15	4.26706e+15	5.68941e+15	7.11177e+15	8.53414e+15	9.95647e+15	1.13788e+16	1.27949e+16	2.32481e+16	3.09752e+17	4.5403e+17	4.68986	4.68986	4.68986	4.68986	4.68986	4.68986	4.68986	4.68986	4.68986	4.68986	4.68986	4.68986	4.68986	4.68986	4.68986	
753.859	6.86547e+17	2.79491e+17	1.22306e+17	7.7384e+16	1.54768e+17	2.32152e+17	3.09536e+17	3.8692e+17	4.64304e+17	5.41688e+17	6.19072e+17	6.96123e+17	7.58346e+17	3.35248e+17	8.59943e+15	5.62031e+15	5.13719e+15	2.24804e+15	1.42235e+15	2.84472e+15	4.26706e+15	5.68941e+15	7.11177e+15	8.53413e+15	9.95647e+15	1.13788e+16	1.2795e+16	2.32495e+16	3.09744e+17	4.53996e+17	4.68986	4.68986	4.68986	4.68986	4.68986	4.68986	4.68986	4.68986	4.68986	4.68986	4.68986	4.68986	4.68986	4.68986	4.68986	
1005.21	6.86547e+17	2.79491e+17	1.22306e+17	7.7384e+16	1.54768e+17	2.32152e+17	3.09536e+17	3.8692e+17	4.64304e+17	5.41688e+17	6.19072e+17	6.96126e+17	7.58373e+17	3.35238e+17	8.59943e+15	5.62031e+15	5.13718e+15	2.24803e+15	1.42235e+15	2.84472e+15	4.26706e+15	5.68941e+15	7.11177e+15	8.53413e+15	9.95647e+15	1.13788e+16	1.27951e+16	2.32503e+16	3.09735e+17	4.53996e+17	4.68986	4.68986	4.68986	4.68986	4.68986	4.68986	4.68986	4.68986	4.68986	4.68986	4.68986	4.68986	4.68986	4.68986	4.68986	
1255.64	6.86547e+17	2.79491e+17	1.22306e+17	7.7384e+16	1.54768e+17	2.32152e+17	3.09536e+17	3.8692e+17	4.64304e+17	5.41688e+17	6.19072e+17	6.96128e+17	7.58392e+17	3.3523e+17	8.59943e+15	5.62031e+15	5.13718e+15	2.24803e+15	1.42235e+15	2.84472e+15	4.26705e+15	5.68941e+15	7.11176e+15	8.53413e+15	9.95646e+15	1.13788e+16	1.27951e+16	2.32509e+16	3.09727e+17	4.53996e+17	4.68986	4.68986	4.68986	4.68986	4.68986	4.68986	4.68986	4.68986	4.68986	4.68986	4.68986	4.68986	4.68986	4.68986	4.68986	
1506.22	6.86547e+17	2.79491e+17	1.22306e+17	7.7384e+16	1.54768e+17	2.32152e+17	3.09536e+17	3.8692e+17	4.64304e+17	5.41688e+17	6.19072e+17	6.96129e+17	7.58406e+17	3.35224e+17	8.59943e+15	5.62031e+15	5.13718e+15	2.24803e+15	1.42235e+15	2.84472e+15	4.26705e+15	5.68941e+15	7.11176e+15	8.53413e+15	9.95646e+15	1.13788e+16	1.27952e+16	2.32513e+16	3.09722e+17	4.53996e+17	4.68986	4.68986	4.68986	4.68986	4.68986	4.68986	4.68986	4.68986	4.68986	4.68986	4.68986	4.68986	4.68986	4.68986	4.68986	
1757.2	6.86547e+17	2.79491e+17	1.22306e+17	7.7384e+16	1.54768e+17	2.32152e+17	3.09536e+17	3.8692e+17	4.64304e+17	5.41688e+17	6.19072e+17	6.9613e+17	7.58418e+17	3.3522e+17	8.59943e+15	5.62031e+15	5.13718e+15	2.24803e+15	1.42235e+15	2.84472e+15	4.26705e+15	5.68941e+15	7.11176e+15	8.53412e+15	9.95646e+15	1.13788e+16	1.27952e+16	2.32517e+16	3.09718e+17	4.53996e+17	4.68986	4.68986	4.68986	4.68986	4.68986	4.68986	4.68986	4.68986	4.68986	4.68986	4.68986	4.68986	4.68986	4.68986	4.68986	
2007.76	6.86547e+17	2.79491e+17	1.22306e+17	7.73839e+16	1.54768e+17	2.32152e+17	3.09536e+17	3.8692e+17	4.64304e+17	5.41688e+17	6.19072e+17	6.96131e+17	7.58427e+17	3.35216e+17	8.59943e+15	5.62031e+15	5.13718e+15	2.24803e+15	1.42235e+15	2.84472e+15	4.26705e+15	5.68941e+15	7.11176e+15	8.53412e+15	9.95646e+15	1.13788e+16	1.27952e+16	2.3252e+16	3.09715e+17	4.53996e+17	4.68986	4.68986	4.68986	4.68986	4.68986	4.68986	4.68986	4.68986	4.68986	4.68986	4.68986	4.68986	4.68986	4.68986	4.68986	
2258.76	6.86546e+17	2.79491e+17	1.22306e+17	7.73839e+16	1.54768e+17	2.32152e+17	3.09536e+17	3.8692e+17	4.64304e+17	5.41688e+17	6.19071e+17	6.96132e+17	7.58436e+17	3.35214e+17	8.59943e+15	5.62031e+15	5.13718e+15	2.24803e+15	1.42235e+15	2.84472e+15	4.26705e+15	5.6894e+15	7.11176e+15	8.53412e+15	9.95646e+15	1.13788e+16	1.27952e+16	2.32522e+16	3.09713e+17	4.53996e+17	4.68986	4.68986	4.68986	4.68986	4.68986	4.68986	4.68986	4.68986	4.68986	4.68986	4.68986	4.68986	4.68986	4.68986	4.68986	
2510.08	6.86546e+17	2.79491e+17	1.22306e+17	7.73839e+16	1.54768e+17	2.32152e+17	3.09536e+17	3.8692e+17	4.64304e+17	5.41687e+17	6.19071e+17	6.96132e+17	7.58443e+17	3.35212e+17	8.59943e+15	5.62031e+15	5.13718e+15	2.24803e+15	1.42235e+15	2.84472e+15	4.26705e+15	5.6894e+15	7.11176e+15	8.53412e+15	9.95646e+15	1.13788e+16	1.27952e+16	2.32525e+16	3.09711e+17	4.53996e+17	4.68986	4.68986	4.68986	4.68986	4.68986	4.68986	4.68986	4.68986	4.68986	4.68986	4.68986	4.68986	4.68986	4.68986	4.68986	
2760.58	6.86546e+17	2.79491e+17	1.22306e+17	7.73839e+16	1.54768e+17	2.32152e+17	3.09536e+17	3.8692e+17	4.64303e+17	5.41687e+17	6.19071e+17	6.96133e+17	7.5845e+17	3.3521e+17	8.59943e+15	5.62031e+15	5.13718e+15	2.24803e+15	1.42235e+15	2.84472e+15	4.26705e+15	5.6894e+15	7.11176e+15	8.53412e+15	9.95645e+15	1.13788e+16	1.27952e+16	2.32527e+16	3.09709e+17	4.53996e+17	4.68986	4.68986	4.68986	4.68986	4.68986	4.68986	4.68986	4.68986	4.68986	4.68986	4.68986	4.68986	4.68986	4.68986	4.68986	
3011.83	6.86546e+17	2.79491e+17	1.22306e+17	7.73839e+16	1.54768e+17	2.32152e+17	3.09536e+17	3.8692e+17	4.64303e+17	5.41687e+17	6.19071e+17	6.96133e+17	7.58456e+17	3.35209e+17	8.59943e+15	5.62031e+15	5.13718e+15	2.24803e+15	1.42235e+15	2.84472e+15	4.26705e+15	5.6894e+15	7.11176e+15	8.53412e+15	9.95645e+15	1.13788e+16	1.27952e+16	2.32529e+16	3.09708e+17	4.53996e+17	4.68987	4.68986	4.68986	4.68986	4.68986	4.68986	4.68986	4.68986	4.68986	4.68986	4.68986	4.68986	4.68986	4.68986	4.68986	
3262.15	6.86546e+17	2.79491e+17	1.22306e+17	7.73839e+16	1.54768e+17	2.32152e+17	3.09536e+17	3.86919e+17	4.64303e+17	5.41687e+17	6.19071e+17	6.96133e+17	7.58462e+17	3.35208e+17	8.59943e+15	5.62032e+15	5.13718e+15	2.24803e+15	1.42235e+15	2.84471e+15	4.26705e+15	5.6894e+15	7.11175e+15	8.53412e+15	9.95645e+15	1.13788e+16	1.27952e+16	2.32531e+16	3.09707e+17	4.53996e+17	4.68987	4.68986	4.68986	4.68986	4.68986	4.68986	4.68986	4.68986	4.68986	4.68986	4.68986	4.68986	4.68986	4.68986	4.68986	
3512.71	6.86546e+17	2.79491e+17	1.22306e+17	7.73839e+16	1.54768e+17	2.32152e+17	3.09536e+17	3.86919e+17	4.64303e+17	5.41687e+17	6.19071e+17	6.96134e+17	7.58467e+17	3.35208e+17	8.59943e+15	5.62034e+15	5.13718e+15	2.24803e+15	1.42235e+15	2.84471e+15	4.26705e+15	5.6894e+15	7.11175e+15	8.53412e+15	9.95645e+15	1.13788e+16	1.27952e+16	2.32532e+16	3.09707e+17	4.53996e+17	4.68987	4.68986	4.68986	4.68986	4.68986	4.68986	4.68986	4.68986	4.68986	4.68986	4.68986	4.68986	4.68986	4.68986	4.68986	
3764.19	6.86546e+17	2.79491e+17	1.22306e+17	7.73839e+16	1.54768e+17	2.32152e+17	3.09536e+17	3.86919e+17	4.64303e+17	5.41687e+17	6.19071e+17	6.96134e+17	7.58472e+17	3.35207e+17	8.59943e+15	5.62037e+15	5.13718e+15	2.24803e+15	1.42235e+15	2.84471e+15	4.26705e+15	5.6894e+15	7.11175e+15	8.53412e+15	9.95645e+15	1.13788e+16	1.27953e+16	2.32534e+16	3.09706e+17	4.53996e+17	4.68987	4.68986	4.68986	4.68986	4.68986	4.68986	4.68986	4.68986	4.68986	4.68986	4.68986	4.68986	4.68986	4.68986	4.68986	
4014.97	6.86546e+17	2.79491e+17	1.22306e+17	7.73839e+16	1.54768e+17	2.32152e+17	3.09536e+17	3.86919e+17	4.64303e+17	5.41687e+17	6.19071e+17	6.96134e+17	7.58477e+17	3.35207e+17	8.59943e+15	5.62043e+15	5.13718e+15	2.24803e+15	1.42235e+15	2.84471e+15	4.26705e+15	5.6894e+15	7.11175e+15	8.53412e+15	9.95645e+15	1.13788e+16	1.27953e+16	2.32535e+16	3.09706e+17	4.53996e+17	4.68988	4.68986	4.68986	4.68986	4.68986	4.68986	4.68986	4.68986	4.68986	4.68986	4.68986	4.68986	4.68986	4.68986	4.68986	
4265.4	6.86546e+17	2.79491e+17	1.22306e+17	7.73839e+16	1.54768e+17	2.32152e+17	3.09535e+17	3.86919e+17	4.64303e+17	5.41687e+17	6.19071e+17	6.96134e+17	7.58481e+17	3.35206e+17	8.59943e+15	5.62053e+15	5.13717e+15	2.24803e+15	1.42235e+15	2.84471e+15	4.26705e+15	5.6894e+15	7.11175e+15	8.53411e+15	9.95645e+15	1.13788e+16	1.27953e+16	2.32536e+16	3.09705e+17	4.53996e+17	4.68989	4.68986	4.68986	4.68986	4.68986	4.68986	4.68986	4.68986	4.68986	4.68986	4.68986	4.68986	4.68986	4.68986	4.68986	
4516.65	6.86546e+17	2.79491e+17	1.22306e+17	7.73839e+16	1.54768e+17	2.32152e+17	3.09535e+17	3.86919e+17	4.64303e+17	5.41687e+17	6.19071e+17	6.96134e+17	7.58485e+17	3.35206e+17	8.59943e+15	5.6207e+15	5.13717e+15	2.24803e+15	1.42235e+15	2.84471e+15	4.26705e+15	5.6894e+15	7.11175e+15	8.53411e+15	9.95645e+15	1.13788e+16	1.27953e+16	2.32538e+16	3.09705e+17	4.53996e+17	4.68991	4.68986	4.68986	4.68986	4.68986	4.68986	4.68986	4.68986	4.68986	4.68986	4.68986	4.68986	4.68986	4.68986	4.68986	
4767.14	6.86545e+17	2.7949e+17	1.22306e+17	7.73839e+16	1.54768e+17	2.32152e+17	3.09535e+17	3.86919e+17	4.64303e+17	5.41687e+17	6.19071e+17	6.96134e+17	7.58489e+17	3.35206e+17	8.59943e+15	5.62096e+15	5.13717e+15	2.24803e+15	1.42235e+15	2.84471e+15	4.26705e+15	5.6894e+15	7.11175e+15	8.53411e+15	9.95645e+15	1.13788e+16	1.27953e+16	2.32539e+16	3.09705e+17	4.53996e+17	4.68994	4.68986	4.68986	4.68986	4.68986	4.68986	4.68986	4.68986	4.68986	4.68986	4.68986	4.68986	4.68986	4.68986	4.68986	
5018	6.86544e+17	2.7949e+17	1.22306e+17	7.73839e+16	1.54768e+17	2.32152e+17	3.09535e+17	3.86919e+17	4.64303e+17	5.41687e+17	6.19071e+17	6.96134e+17	7.58492e+17	3.35206e+17	8.59943e+15	5.62136e+15	5.13717e+15	2.24803e+15	1.42235e+15	2.84471e+15	4.26705e+15	5.6894e+15	7.11175e+15	8.53411e+15	9.95645e+15	1.13788e+16	1.27953e+16	2.3254e+16	3.09705e+17	4.53996e+17	4.68999	4.68986	4.68986	4.68986	4.68986	4.68986	4.68986	4.68986	4.68986	4.68986	4.68986	4.68986	4.68986	4.68986	4.68986	
5269.07	6.86544e+17	2.7949e+17	1.22306e+17	7.73839e+16	1.54768e+17	2.32152e+17	3.09535e+17	3.86919e+17	4.64303e+17	5.41687e+17	6.19071e+17	6.96134e+17	7.58495e+17	3.35205e+17	8.59943e+15	5.62194e+15	5.13717e+15	2.24803e+15	1.42235e+15	2.84471e+15	4.26705e+15	5.6894e+15	7.11175e+15	8.53411e+15	9.95645e+15	1.13788e+16	1.27953e+16	2.3254e+16	3.09705e+17	4.53996e+17	4.69006	4.68986	4.68986	4.68986	4.68986	4.68986	4.68986	4.68986	4.68986	4.68986	4.68986	4.68986	4.68986	4.68986	4.68986	
5519.26	6.86542e+17	2.7949e+17	1.22306e+17	7.73839e+16	1.54768e+17	2.32152e+17	3.09535e+17	3.86919e+17	4.64303e+17	5.41687e+17	6.19071e+17	6.96134e+17	7.58497e+17	3.35205e+17	8.59943e+15	5.62276e+15	5.13717e+15	2.24803e+15	1.42235e+15	2.84471e+15	4.26705e+15	5.6894e+15	7.11175e+15	8.53411e+15	9.95645e+15	1.13788e+16	1.27952e+16	2.32541e+16	3.09705e+17	4.53996e+17	4.69016	4.68986	4.68986	4.68986	4.68986	4.68986	4.68986	4.68986	4.68986	4.68986	4.68986	4.68986	4.68986	4.68986	4.68986	
5770.33	6.8654e+17	2.7949e+17	1.22306e+17	7.73839e+16	1.54768e+17	2.32152e+17	3.09535e+17	3.86919e+17	4.64303e+17	5.41687e+17	6.19071e+17	6.96134e+17	7.585e+17	3.35205e+17	8.59943e+15	5.62389e+15	5.13717e+15	2.24803e+15	1.42235e+15	2.84471e+15	4.26705e+15	5.6894e+15	7.11175e+15	8.53411e+15	9.95645e+15	1.13788e+16	1.27952e+16	2.32542e+16	3.09705e+17	4.53996e+17	4.6903	4.68986	4.68986	4.68986	4.68986	4.68986	4.68986	4.68986	4.68986	4.68986	4.68986	4.68986	4.68986	4.68986	4.68986	
6021.61	6.86538e+17	2.7949e+17	1.22306e+17	7.73838e+16	1.54768e+17	2.32152e+17	3.09535e+17	3.86919e+17	4.64303e+17	5.41687e+17	6.19071e+17	6.96133e+17	7.58502e+17	3.35205e+17	8.59943e+15	5.62541e+15	5.13717e+15	2.24803e+15	1.42235e+15	2.84471e+15	4.26705e+15	5.6894e+15	7.11175e+15	8.53411e+15	9.95645e+15	1.13788e+16	1.27952e+16	2.32543e+16	3.09704e+17	4.53996e+17	4.69048	4.68986	4.68986	4.68986	4.68986	4.68986	4.68986	4.68986	4.68986	4.68986	4.68986	4.68986	4.68986	4.68986	4.68986	
6271.92	6.86535e+17	2.7949e+17	1.22306e+17	7.73838e+16	1.54768e+17	2.32152e+17	3.09535e+17	3.86919e+17	4.64303e+17	5.41687e+17	6.19071e+17	6.96133e+17	7.58505e+17	3.35205e+17	8.59943e+15	5.62739e+15	5.13718e+15	2.24803e+15	1.42235e+15	2.84471e+15	4.26705e+15	5.6894e+15	7.11175e+15	8.53412e+15	9.95645e+15	1.13788e+16	1.27952e+16	2.32544e+16	3.09704e+17	4.53996e+17	4.69073	4.68986	4.68986	4.68986	4.68986	4.68986	4.68986	4.68986	4.68986	4.68986	4.68986	4.68986	4.68986	4.68986	4.68986	
6522.95	6.86531e+17	2.7949e+17	1.22306e+17	7.73838e+16	1.54768e+17	2.32152e+17	3.09535e+17	3.86919e+17	4.64303e+17	5.41687e+17	6.19071e+17	6.96133e+17	7.58507e+17	3.35205e+17	8.59943e+15	5.62994e+15	5.13718e+15	2.24803e+15	1.42235e+15	2.84472e+15	4.26705e+15	5.6894e+15	7.11176e+15	8.53412e+15	9.95645e+15	1.13788e+16	1.27952e+16	2.32544e+16	3.09704e+17	4.53996e+17	4.69104	4.68987	4.68987	4.68987	4.68987	4.68987	4.68987	4.68987	4.68987	4.68987	4.68987	4.68986	4.68986	4.68986	4.68986	
6773.63	6.86526e+17	2.7949e+17	1.22306e+17	7.73838e+16	1.54768e+17	2.32152e+17	3.09535e+17	3.86919e+17	4.64303e+17	5.41687e+17	6.19071e+17	6.96133e+17	7.58509e+17	3.35205e+17	8.59943e+15	5.63314e+15	5.13718e+15	2.24803e+15	1.42235e+15	2.84472e+15	4.26705e+15	5.68941e+15	7.11176e+15	8.53412e+15	9.95646e+15	1.13788e+16	1.27952e+16	2.32545e+16	3.09704e+17	4.53996e+17	4.69144	4.68987	4.68987	4.68987	4.68987	4.68987	4.68987	4.68987	4.68987	4.68987	4.68987	4.68986	4.68986	4.68986	4.68986	
7024.26	6.8652e+17	2.7949e+17	1.22306e+17	7.73838e+16	1.54768e+17	2.32152e+17	3.09535e+17	3.86919e+17	4.64303e+17	5.41687e+17	6.19071e+17	6.96133e+17	7.58511e+17	3.35205e+17	8.59943e+15	5.63709e+15	5.13718e+15	2.24803e+15	1.42235e+15	2.84472e+15	4.26705e+15	5.68941e+15	7.11176e+15	8.53413e+15	9.95646e+15	1.13788e+16	1.27952e+16	2.32545e+16	3.09704e+17	4.53996e+17	4.69192	4.68987	4.68987	4.68987	4.68987	4.68987	4.68987	4.68987	4.68987	4.68987	4.68987	4.68986	4.68986	4.68986	4.68986	
7275.73	6.86512e+17	2.7949e+17	1.22306e+17	7.73838e+16	1.54768e+17	2.32151e+17	3.09535e+17	3.86919e+17	4.64303e+17	5.41687e+17	6.19071e+17	6.96133e+17	7.58513e+17	3.35205e+17	8.59943e+15	5.6419e+15	5.13719e+15	2.24804e+15	1.42235e+15	2.84472e+15	4.26706e+15	5.68941e+15	7.11177e+15	8.53414e+15	9.95647e+15	1.13788e+16	1.27952e+16	2.32546e+16	3.09704e+17	4.53996e+17	4.69252	4.68987	4.68987	4.68987	4.68987	4.68987	4.68987	4.68987	4.68987	4.68987	4.68987	4.68986	4.68986	4.68986	4.68986	
7529.76	6.86503e+17	2.7949e+17	1.22306e+17	7.73838e+16	1.54768e+17	2.32151e+17	3.09535e+17	3.86919e+17	4.64303e+17	5.41687e+17	6.19071e+17	6.96132e+17	7.58514e+17	3.35205e+17	8.59943e+15	5.64771e+15	5.13719e+15	2.24804e+15	1.42235e+15	2.84472e+15	4.26706e+15	5.68942e+15	7.11178e+15	8.53415e+15	9.95649e+15	1.13789e+16	1.27952e+16	2.32547e+16	3.09704e+17	4.53996e+17	4.69324	4.68987	4.68987	4.68987	4.68987	4.68987	4.68987	4.68987	4.68987	4.68987	4.68987	4.68986	4.68986	4.68986	4.68986	
7780.79	6.86492e+17	2.7949e+17	1.22306e+17	7.73838e+16	1.54768e+17	2.32151e+17	3.09535e+17	3.86919e+17	4.64303e+17	5.41687e+17	6.19071e+17	6.96132e+17	7.58516e+17	3.35205e+17	8.59943e+15	5.65446e+15	5.1372e+15	2.24804e+15	1.42236e+15	2.84473e+15	4.26707e+15	5.68943e+15	7.11179e+15	8.53416e+15	9.9565e+15	1.13789e+16	1.27952e+16	2.32547e+16	3.09704e+17	4.53996e+17	4.69408	4.68987	4.68987	4.68987	4.68987	4.68987	4.68987	4.68987	4.68987	4.68987	4.68987	4.68986	4.68986	4.68986	4.68986	
8031.48	6.8648e+17	2.7949e+17	1.22306e+17	7.73838e+16	1.54768e+17	2.32151e+17	3.09535e+17	3.86919e+17	4.64303e+17	5.41687e+17	6.1907e+17	6.96132e+17	7.58518e+17	3.35205e+17	8.59943e+15	5.66229e+15	5.13721e+15	2.24805e+15	1.42236e+15	2.84474e+15	4.26708e+15	5.68944e+15	7.11181e+15	8.53418e+15	9.95653e+15	1.13789e+16	1.27952e+16	2.32548e+16	3.09704e+17	4.53996e+17	4.69506	4.68987	4.68987	4.68987	4.68987	4.68987	4.68987	4.68987	4.68987	4.68987	4.68987	4.68986	4.68986	4.68986	4.68986	
8282.11	6.86466e+17	2.7949e+17	1.22306e+17	7.73838e+16	1.54768e+17	2.32151e+17	3.09535e+17	3.86919e+17	4.64303e+17	5.41687e+17	6.1907e+17	6.96132e+17	7.58519e+17	3.35205e+17	8.59943e+15	5.67124e+15	5.13723e+15	2.24805e+15	1.42236e+15	2.84474e+15	4.26709e+15	5.68946e+15	7.11183e+15	8.53421e+15	9.95656e+15	1.13789e+16	1.27952e+16	2.32548e+16	3.09704e+17	4.53996e+17	4.69618	4.68987	4.68987	4.68987	4.68987	4.68987	4.68987	4.68987	4.68987	4.68987	4.68987	4.68986	4.68986	4.68986	4.68986	
8533.58	6.8645e+17	2.7949e+17	1.22306e+17	7.73838e+16	1.54768e+17	2.32151e+17	3.09535e+17	3.86919e+17	4.64303e+17	5.41687e+17	6.1907e+17	6.96131e+17	7.58521e+17	3.35205e+17	8.59943e+15	5.6814e+15	5.13725e+15	2.24806e+15	1.42237e+15	2.84476e+15	4.26711e+15	5.68948e+15	7.11186e+15	8.53424e+15	9.9566e+15	1.1379e+16	1.27952e+16	2.32548e+16	3.09704e+17	4.53996e+17	4.69744	4.68988	4.68988	4.68988	4.68988	4.68988	4.68988	4.68988	4.68988	4.68988	4.68988	4.68986	4.68986	4.68986	4.68986	
8787.61	6.86432e+17	2.7949e+17	1.22306e+17	7.73838e+16	1.54768e+17	2.32151e+17	3.09535e+17	3.86919e+17	4.64303e+17	5.41686e+17	6.1907e+17	6.96131e+17	7.58522e+17	3.35205e+17	8.59943e+15	5.69288e+15	5.13728e+15	2.24808e+15	1.42238e+15	2.84477e+15	4.26713e+15	5.68951e+15	7.1119e+15	8.53429e+15	9.95665e+15	1.13791e+16	1.27952e+16	2.32549e+16	3.09704e+17	4.53996e+17	4.69888	4.68988	4.68988	4.68988	4.68988	4.68988	4.68988	4.68988	4.68988	4.68988	4.68988	4.68986	4.68986	4.68986	4.68986	
9038.64	6.86412e+17	2.7949e+17	1.22306e+17	7.73838e+16	1.54768e+17	2.32151e+17	3.09535e+17	3.86919e+17	4.64303e+17	5.41686e+17	6.1907e+17	6.96131e+17	7.58523e+17	3.35205e+17	8.59943e+15	5.70543e+15	5.13731e+15	2.24809e+15	1.42239e+15	2.84479e+15	4.26716e+15	5.68955e+15	7.11194e+15	8.53434e+15	9.95672e+15	1.13791e+16	1.27952e+16	2.32549e+16	3.09704e+17	4.53996e+17	4.70045	4.68988	4.68988	4.68988	4.68988	4.68988	4.68988	4.68988	4.68988	4.68988	4.68988	4.68986	4.68986	4.68986	4.68986	
9289.33	6.8639e+17	2.7949e+17	1.22306e+17	7.73837e+16	1.54767e+17	2.32151e+17	3.09535e+17	3.86919e+17	4.64302e+17	5.41686e+17	6.1907e+17	6.9613e+17	7.58524e+17	3.35205e+17	8.59943e+15	5.71914e+15	5.13736e+15	2.24811e+15	1.4224e+15	2.84481e+15	4.2672e+15	5.6896e+15	7.112e+15	8.53442e+15	9.9568e+15	1.13792e+16	1.27952e+16	2.3255e+16	3.09704e+17	4.53996e+17	4.70216	4.68989	4.68989	4.68989	4.68989	4.68989	4.68989	4.68989	4.68989	4.68989	4.68989	4.68986	4.68986	4.68986	4.68986	
9539.96	6.86367e+17	2.7949e+17	1.22306e+17	7.73837e+16	1.54767e+17	2.32151e+17	3.09535e+17	3.86919e+17	4.64302e+17	5.41686e+17	6.1907e+17	6.9613e+17	7.58526e+17	3.35205e+17	8.59943e+15	5.73399e+15	5.13741e+15	2.24813e+15	1.42241e+15	2.84484e+15	4.26724e+15	5.68966e+15	7.11208e+15	8.53451e+15	9.95691e+15	1.13793e+16	1.27952e+16	2.3255e+16	3.09705e+17	4.53996e+17	4.70402	4.6899	4.6899	4.6899	4.6899	4.6899	4.6899	4.6899	4.6899	4.6899	4.6899	4.68986	4.68986	4.68986	4.68986	
9791.42	6.86342e+17	2.7949e+17	1.22306e+17	7.73837e+16	1.54767e+17	2.32151e+17	3.09535e+17	3.86918e+17	4.64302e+17	5.41686e+17	6.19069e+17	6.9613e+17	7.58527e+17	3.35205e+17	8.59943e+15	5.74999e+15	5.13748e+15	2.24816e+15	1.42243e+15	2.84488e+15	4.2673e+15	5.68974e+15	7.11217e+15	8.53462e+15	9.95704e+15	1.13795e+16	1.27952e+16	2.3255e+16	3.09705e+17	4.53996e+17	4.70602	4.68991	4.68991	4.68991	4.68991	4.68991	4.68991	4.68991	4.68991	4.68991	4.68991	4.68986	4.68986	4.68986	4.68986	
10045.5	6.86315e+17	2.7949e+17	1.22305e+17	7.73837e+16	1.54767e+17	2.32151e+17	3.09535e+17	3.86918e+17	4.64302e+17	5.41686e+17	6.19069e+17	6.9613e+17	7.58528e+17	3.35205e+17	8.59943e+15	5.7672e+15	5.13756e+15	2.2482e+15	1.42246e+15	2.84493e+15	4.26737e+15	5.68983e+15	7.11229e+15	8.53476e+15	9.9572e+15	1.13797e+16	1.27952e+16	2.32551e+16	3.09705e+17	4.53996e+17	4.70817	4.68992	4.68992	4.68992	4.68992	4.68992	4.68992	4.68992	4.68992	4.68992	4.68992	4.68987	4.68986	4.68986	4.68986	
10296.5	6.86286e+17	2.7949e+17	1.22305e+17	7.73836e+16	1.54767e+17	2.32151e+17	3.09534e+17	3.86918e+17	4.64302e+17	5.41685e+17	6.19069e+17	6.96129e+17	7.58529e+17	3.35205e+17	8.59943e+15	5.78515e+15	5.13767e+15	2.24825e+15	1.42249e+15	2.84499e+15	4.26746e+15	5.68995e+15	7.11244e+15	8.53493e+15	9.9574e+15	1.13799e+16	1.27953e+16	2.32551e+16	3.09705e+17	4.53996e+17	4.71041	4.68993	4.68993	4.68993	4.68993	4.68993	4.68993	4.68993	4.68993	4.68993	4.68993	4.68987	4.68986	4.68986	4.68986	
10547.2	6.86257e+17	2.79489e+17	1.22305e+17	7.73836e+16	1.54767e+17	2.32151e+17	3.09534e+17	3.86918e+17	4.64301e+17	5.41685e+17	6.19068e+17	6.96129e+17	7.5853e+17	3.35205e+17	8.59943e+15	5.80393e+15	5.13779e+15	2.2483e+15	1.42252e+15	2.84506e+15	4.26756e+15	5.69009e+15	7.11261e+15	8.53514e+15	9.95765e+15	1.13802e+16	1.27953e+16	2.32551e+16	3.09705e+17	4.53996e+17	4.71275	4.68995	4.68995	4.68995	4.68995	4.68995	4.68995	4.68995	4.68995	4.68995	4.68995	4.68987	4.68986	4.68986	4.68986	
10797.8	6.86226e+17	2.79489e+17	1.22305e+17	7.73835e+16	1.54767e+17	2.3215e+17	3.09534e+17	3.86917e+17	4.64301e+17	5.41684e+17	6.19068e+17	6.96128e+17	7.58531e+17	3.35205e+17	8.59943e+15	5.82343e+15	5.13794e+15	2.24837e+15	1.42256e+15	2.84514e+15	4.26769e+15	5.69025e+15	7.11282e+15	8.53539e+15	9.95794e+15	1.13805e+16	1.27953e+16	2.32552e+16	3.09705e+17	4.53996e+17	4.71519	4.68997	4.68997	4.68997	4.68997	4.68997	4.68997	4.68997	4.68997	4.68997	4.68997	4.68987	4.68986	4.68986	4.68986	
11049.3	6.86194e+17	2.79489e+17	1.22305e+17	7.73834e+16	1.54767e+17	2.3215e+17	3.09534e+17	3.86917e+17	4.643e+17	5.41684e+17	6.19067e+17	6.96128e+17	7.58532e+17	3.35205e+17	8.59943e+15	5.84362e+15	5.13813e+15	2.24845e+15	1.42261e+15	2.84524e+15	4.26784e+15	5.69045e+15	7.11307e+15	8.53569e+15	9.95829e+15	1.13809e+16	1.27953e+16	2.32552e+16	3.09705e+17	4.53996e+17	4.71771	4.69	4.69	4.69	4.69	4.69	4.69	4.69	4.69	4.69	4.69	4.68987	4.68986	4.68986	4.68986	
11303.3	6.86161e+17	2.79488e+17	1.22305e+17	7.73833e+16	1.54767e+17	2.3215e+17	3.09533e+17	3.86917e+17	4.643e+17	5.41683e+17	6.19066e+17	6.96128e+17	7.58533e+17	3.35205e+17	8.59943e+15	5.86452e+15	5.13834e+15	2.24854e+15	1.42267e+15	2.84536e+15	4.26802e+15	5.69069e+15	7.11337e+15	8.53605e+15	9.95871e+15	1.13814e+16	1.27954e+16	2.32552e+16	3.09705e+17	4.53996e+17	4.72031	4.69003	4.69003	4.69003	4.69003	4.69003	4.69003	4.69003	4.69003	4.69003	4.69003	4.68987	4.68986	4.68986	4.68986	
11554.3	6.86128e+17	2.79488e+17	1.22305e+17	7.73832e+16	1.54766e+17	2.3215e+17	3.09533e+17	3.86916e+17	4.64299e+17	5.41682e+17	6.19065e+17	6.96127e+17	7.58534e+17	3.35205e+17	8.59943e+15	5.88555e+15	5.1386e+15	2.24865e+15	1.42274e+15	2.8455e+15	4.26823e+15	5.69098e+15	7.11372e+15	8.53648e+15	9.9592e+15	1.1382e+16	1.27955e+16	2.32552e+16	3.09705e+17	4.53996e+17	4.72293	4.69006	4.69006	4.69006	4.69006	4.69006	4.69006	4.69006	4.69006	4.69006	4.69006	4.68987	4.68986	4.68986	4.68986	
11805	6.86095e+17	2.79488e+17	1.22305e+17	7.73831e+16	1.54766e+17	2.32149e+17	3.09532e+17	3.86915e+17	4.64298e+17	5.41681e+17	6.19064e+17	6.96127e+17	7.58534e+17	3.35205e+17	8.59943e+15	5.9068e+15	5.13889e+15	2.24878e+15	1.42282e+15	2.84567e+15	4.26848e+15	5.6913e+15	7.11413e+15	8.53697e+15	9.95978e+15	1.13827e+16	1.27955e+16	2.32553e+16	3.09705e+17	4.53996e+17	4.72557	4.6901	4.6901	4.6901	4.6901	4.6901	4.6901	4.6901	4.6901	4.6901	4.6901	4.68987	4.68986	4.68986	4.68986	
12055.7	6.86061e+17	2.79487e+17	1.22304e+17	7.73829e+16	1.54766e+17	2.32149e+17	3.09532e+17	3.86915e+17	4.64297e+17	5.4168e+17	6.19063e+17	6.96126e+17	7.58535e+17	3.35205e+17	8.59943e+15	5.92815e+15	5.13924e+15	2.24893e+15	1.42292e+15	2.84586e+15	4.26876e+15	5.69169e+15	7.11461e+15	8.53755e+15	9.96045e+15	1.13834e+16	1.27956e+16	2.32553e+16	3.09705e+17	4.53996e+17	4.72822	4.69015	4.69015	4.69015	4.69015	4.69015	4.69015	4.69015	4.69015	4.69015	4.69015	4.68987	4.68986	4.68986	4.68986	
12307.1	6.86028e+17	2.79486e+17	1.22304e+17	7.73827e+16	1.54765e+17	2.32148e+17	3.09531e+17	3.86914e+17	4.64296e+17	5.41679e+17	6.19062e+17	6.96126e+17	7.58536e+17	3.35205e+17	8.59943e+15	5.94958e+15	5.13964e+15	2.24911e+15	1.42303e+15	2.84608e+15	4.2691e+15	5.69213e+15	7.11517e+15	8.53821e+15	9.96123e+15	1.13843e+16	1.27957e+16	2.32553e+16	3.09705e+17	4.53996e+17	4.73087	4.69021	4.69021	4.69021	4.69021	4.69021	4.69021	4.69021	4.69021	4.69021	4.69021	4.68987	4.68986	4.68986	4.68986	
12561.2	6.85994e+17	2.79486e+17	1.22304e+17	7.73825e+16	1.54765e+17	2.32148e+17	3.0953e+17	3.86913e+17	4.64295e+17	5.41678e+17	6.1906e+17	6.96125e+17	7.58536e+17	3.35205e+17	8.59943e+15	5.97109e+15	5.14011e+15	2.24932e+15	1.42316e+15	2.84634e+15	4.26949e+15	5.69265e+15	7.11582e+15	8.53899e+15	9.96214e+15	1.13854e+16	1.27959e+16	2.32553e+16	3.09705e+17	4.53996e+17	4.73354	4.69027	4.69027	4.69027	4.69027	4.69027	4.69027	4.69027	4.69027	4.69027	4.69027	4.68987	4.68986	4.68986	4.68986	
12812.2	6.85961e+17	2.79485e+17	1.22303e+17	7.73823e+16	1.54765e+17	2.32147e+17	3.09529e+17	3.86911e+17	4.64294e+17	5.41676e+17	6.19058e+17	6.96125e+17	7.58537e+17	3.35205e+17	8.59943e+15	5.99212e+15	5.14064e+15	2.24955e+15	1.42331e+15	2.84663e+15	4.26993e+15	5.69324e+15	7.11655e+15	8.53988e+15	9.96317e+15	1.13866e+16	1.2796e+16	2.32554e+16	3.09705e+17	4.53996e+17	4.73614	4.69035	4.69035	4.69035	4.69035	4.69035	4.69035	4.69035	4.69035	4.69035	4.69035	4.68987	4.68986	4.68986	4.68986	
13062.9	6.85928e+17	2.79484e+17	1.22303e+17	7.7382e+16	1.54764e+17	2.32146e+17	3.09528e+17	3.8691e+17	4.64292e+17	5.41674e+17	6.19056e+17	6.96124e+17	7.58538e+17	3.35205e+17	8.59943e+15	6.01279e+15	5.14125e+15	2.24981e+15	1.42348e+15	2.84697e+15	4.27043e+15	5.69391e+15	7.11739e+15	8.54088e+15	9.96435e+15	1.13879e+16	1.27962e+16	2.32554e+16	3.09705e+17	4.53996e+17	4.73869	4.69043	4.69043	4.69043	4.69043	4.69043	4.69043	4.69043	4.69043	4.69043	4.69043	4.68987	4.68986	4.68986	4.68986	
13313.5	6.85896e+17	2.79483e+17	1.22302e+17	7.73817e+16	1.54763e+17	2.32145e+17	3.09527e+17	3.86909e+17	4.6429e+17	5.41672e+17	6.19054e+17	6.96123e+17	7.58538e+17	3.35205e+17	8.59943e+15	6.03301e+15	5.14194e+15	2.25011e+15	1.42367e+15	2.84735e+15	4.271e+15	5.69467e+15	7.11834e+15	8.54202e+15	9.96568e+15	1.13894e+16	1.27965e+16	2.32554e+16	3.09705e+17	4.53996e+17	4.74118	4.69053	4.69053	4.69053	4.69053	4.69053	4.69053	4.69053	4.69053	4.69053	4.69053	4.68988	4.68986	4.68986	4.68986	
13565	6.85865e+17	2.79482e+17	1.22302e+17	7.73814e+16	1.54763e+17	2.32144e+17	3.09526e+17	3.86907e+17	4.64288e+17	5.4167e+17	6.19051e+17	6.96122e+17	7.58539e+17	3.35205e+17	8.59943e+15	6.0528e+15	5.14272e+15	2.25046e+15	1.42388e+15	2.84778e+15	4.27165e+15	5.69554e+15	7.11942e+15	8.54332e+15	9.96719e+15	1.13912e+16	1.27967e+16	2.32554e+16	3.09705e+17	4.53996e+17	4.74361	4.69064	4.69064	4.69064	4.69064	4.69064	4.69064	4.69064	4.69064	4.69064	4.69064	4.68988	4.68986	4.68986	4.68986	
13819	6.85835e+17	2.7948e+17	1.22301e+17	7.7381e+16	1.54762e+17	2.32143e+17	3.09524e+17	3.86905e+17	4.64286e+17	5.41667e+17	6.19048e+17	6.96122e+17	7.58539e+17	3.35205e+17	8.59943e+15	6.07218e+15	5.1436e+15	2.25084e+15	1.42413e+15	2.84827e+15	4.27239e+15	5.69652e+15	7.12065e+15	8.54479e+15	9.9689e+15	1.13931e+16	1.2797e+16	2.32554e+16	3.09705e+17	4.53996e+17	4.74599	4.69076	4.69076	4.69076	4.69076	4.69076	4.69076	4.69076	4.69076	4.69076	4.69076	4.68988	4.68986	4.68986	4.68986	
14070	6.85805e+17	2.79479e+17	1.22301e+17	7.73806e+16	1.54761e+17	2.32142e+17	3.09522e+17	3.86903e+17	4.64283e+17	5.41664e+17	6.19044e+17	6.96121e+17	7.5854e+17	3.35205e+17	8.59943e+15	6.09068e+15	5.14458e+15	2.25127e+15	1.4244e+15	2.84881e+15	4.2732e+15	5.6976e+15	7.12201e+15	8.54642e+15	9.9708e+15	1.13953e+16	1.27974e+16	2.32554e+16	3.09705e+17	4.53996e+17	4.74826	4.6909	4.6909	4.6909	4.6909	4.6909	4.6909	4.6909	4.6909	4.6909	4.6909	4.68989	4.68986	4.68986	4.68986	
14320.7	6.85777e+17	2.79477e+17	1.223e+17	7.73801e+16	1.5476e+17	2.3214e+17	3.0952e+17	3.869e+17	4.64281e+17	5.41661e+17	6.19041e+17	6.9612e+17	7.5854e+17	3.35205e+17	8.59943e+15	6.10845e+15	5.14567e+15	2.25175e+15	1.4247e+15	2.84942e+15	4.27411e+15	5.69881e+15	7.12352e+15	8.54823e+15	9.97292e+15	1.13977e+16	1.27979e+16	2.32555e+16	3.09705e+17	4.53996e+17	4.75044	4.69105	4.69105	4.69105	4.69105	4.69105	4.69105	4.69105	4.69105	4.69105	4.69105	4.68989	4.68986	4.68986	4.68986	
14571.3	6.85751e+17	2.79475e+17	1.22299e+17	7.73796e+16	1.54759e+17	2.32139e+17	3.09518e+17	3.86898e+17	4.64277e+17	5.41657e+17	6.19036e+17	6.96118e+17	7.58541e+17	3.35205e+17	8.59943e+15	6.12547e+15	5.14688e+15	2.25228e+15	1.42504e+15	2.85009e+15	4.27511e+15	5.70015e+15	7.12519e+15	8.55024e+15	9.97527e+15	1.14004e+16	1.27984e+16	2.32555e+16	3.09705e+17	4.53996e+17	4.75252	4.69122	4.69122	4.69122	4.69122	4.69122	4.69122	4.69122	4.69122	4.69122	4.69122	4.68989	4.68986	4.68986	4.68986	
14822.8	6.85725e+17	2.79473e+17	1.22298e+17	7.7379e+16	1.54758e+17	2.32137e+17	3.09516e+17	3.86895e+17	4.64274e+17	5.41653e+17	6.19032e+17	6.96117e+17	7.58541e+17	3.35205e+17	8.59943e+15	6.14176e+15	5.14823e+15	2.25287e+15	1.42541e+15	2.85083e+15	4.27623e+15	5.70164e+15	7.12705e+15	8.55248e+15	9.97787e+15	1.14034e+16	1.27989e+16	2.32555e+16	3.09705e+17	4.53996e+17	4.75451	4.69141	4.69141	4.69141	4.69141	4.69141	4.69141	4.69141	4.69141	4.69141	4.69141	4.6899	4.68986	4.68986	4.68986	
15076.8	6.857e+17	2.7947e+17	1.22297e+17	7.73783e+16	1.54757e+17	2.32135e+17	3.09513e+17	3.86892e+17	4.6427e+17	5.41648e+17	6.19026e+17	6.96116e+17	7.58542e+17	3.35205e+17	8.59943e+15	6.15741e+15	5.14972e+15	2.25352e+15	1.42582e+15	2.85166e+15	4.27747e+15	5.7033e+15	7.12913e+15	8.55496e+15	9.98077e+15	1.14068e+16	1.27996e+16	2.32555e+16	3.09705e+17	4.53996e+17	4.75641	4.69162	4.69162	4.69162	4.69162	4.69162	4.69162	4.69162	4.69162	4.69162	4.69162	4.68991	4.68986	4.68986	4.68986	
15327.9	6.85677e+17	2.79468e+17	1.22296e+17	7.73776e+16	1.54755e+17	2.32133e+17	3.0951e+17	3.86888e+17	4.64266e+17	5.41643e+17	6.19021e+17	6.96114e+17	7.58542e+17	3.35205e+17	8.59943e+15	6.17205e+15	5.15135e+15	2.25423e+15	1.42627e+15	2.85256e+15	4.27882e+15	5.7051e+15	7.13138e+15	8.55766e+15	9.98392e+15	1.14104e+16	1.28004e+16	2.32555e+16	3.09705e+17	4.53996e+17	4.7582	4.69184	4.69184	4.69184	4.69184	4.69184	4.69184	4.69184	4.69184	4.69184	4.69184	4.68991	4.68986	4.68986	4.68986	
15578.6	6.85656e+17	2.79465e+17	1.22295e+17	7.73768e+16	1.54754e+17	2.3213e+17	3.09507e+17	3.86884e+17	4.64261e+17	5.41638e+17	6.19014e+17	6.96112e+17	7.58542e+17	3.35205e+17	8.59943e+15	6.18585e+15	5.15312e+15	2.25501e+15	1.42676e+15	2.85355e+15	4.2803e+15	5.70706e+15	7.13383e+15	8.56061e+15	9.98736e+15	1.14143e+16	1.28013e+16	2.32555e+16	3.09705e+17	4.53996e+17	4.75987	4.69209	4.69209	4.69209	4.69209	4.69209	4.69209	4.69209	4.69209	4.69209	4.69209	4.68992	4.68986	4.68986	4.68986	
15829.2	6.85635e+17	2.79462e+17	1.22293e+17	7.7376e+16	1.54752e+17	2.32128e+17	3.09504e+17	3.8688e+17	4.64256e+17	5.41632e+17	6.19008e+17	6.96111e+17	7.58543e+17	3.35205e+17	8.59943e+15	6.19882e+15	5.15506e+15	2.25586e+15	1.4273e+15	2.85462e+15	4.2819e+15	5.70921e+15	7.13651e+15	8.56382e+15	9.99111e+15	1.14186e+16	1.28022e+16	2.32555e+16	3.09705e+17	4.53996e+17	4.76145	4.69236	4.69236	4.69236	4.69236	4.69236	4.69236	4.69236	4.69236	4.69236	4.69236	4.68993	4.68986	4.68986	4.68986	
16080.7	6.85616e+17	2.79459e+17	1.22292e+17	7.73751e+16	1.5475e+17	2.32125e+17	3.095e+17	3.86875e+17	4.6425e+17	5.41625e+17	6.19e+17	6.96108e+17	7.58543e+17	3.35205e+17	8.59943e+15	6.21103e+15	5.15717e+15	2.25678e+15	1.42788e+15	2.85578e+15	4.28365e+15	5.71154e+15	7.13943e+15	8.56733e+15	9.9952e+15	1.14233e+16	1.28034e+16	2.32555e+16	3.09705e+17	4.53996e+17	4.76294	4.69266	4.69266	4.69266	4.69266	4.69266	4.69266	4.69266	4.69266	4.69266	4.69266	4.68994	4.68986	4.68986	4.68986	
16334.7	6.85598e+17	2.79455e+17	1.2229e+17	7.73741e+16	1.54748e+17	2.32122e+17	3.09496e+17	3.8687e+17	4.64244e+17	5.41618e+17	6.18992e+17	6.96106e+17	7.58543e+17	3.35205e+17	8.59943e+15	6.22255e+15	5.15947e+15	2.25779e+15	1.42852e+15	2.85706e+15	4.28557e+15	5.7141e+15	7.14262e+15	8.57116e+15	9.99967e+15	1.14284e+16	1.28047e+16	2.32555e+16	3.09705e+17	4.53996e+17	4.76434	4.69298	4.69298	4.69298	4.69298	4.69298	4.69298	4.69298	4.69298	4.69298	4.69298	4.68995	4.68986	4.68986	4.68986	
16585.7	6.85581e+17	2.79451e+17	1.22289e+17	7.7373e+16	1.54746e+17	2.32119e+17	3.09492e+17	3.86865e+17	4.64238e+17	5.41611e+17	6.18983e+17	6.96103e+17	7.58544e+17	3.35205e+17	8.59943e+15	6.23315e+15	5.16194e+15	2.25887e+15	1.42921e+15	2.85843e+15	4.28762e+15	5.71683e+15	7.14603e+15	8.57525e+15	1.00044e+16	1.14339e+16	1.28061e+16	2.32556e+16	3.09705e+17	4.53996e+17	4.76563	4.69332	4.69332	4.69332	4.69332	4.69332	4.69332	4.69332	4.69332	4.69332	4.69332	4.68997	4.68986	4.68986	4.68986	
16836.4	6.85566e+17	2.79447e+17	1.22287e+17	7.73718e+16	1.54744e+17	2.32115e+17	3.09487e+17	3.86859e+17	4.64231e+17	5.41603e+17	6.18974e+17	6.96101e+17	7.58544e+17	3.35205e+17	8.59943e+15	6.24299e+15	5.16458e+15	2.26003e+15	1.42994e+15	2.85989e+15	4.28982e+15	5.71976e+15	7.1497e+15	8.57965e+15	1.00096e+16	1.14398e+16	1.28077e+16	2.32556e+16	3.09705e+17	4.53996e+17	4.76682	4.69369	4.69369	4.69369	4.69369	4.69369	4.69369	4.69369	4.69369	4.69369	4.69369	4.68998	4.68986	4.68986	4.68986	
17087	6.85551e+17	2.79442e+17	1.22285e+17	7.73706e+16	1.54741e+17	2.32112e+17	3.09482e+17	3.86853e+17	4.64223e+17	5.41594e+17	6.18964e+17	6.96097e+17	7.58544e+17	3.35205e+17	8.59943e+15	6.25209e+15	5.16743e+15	2.26127e+15	1.43072e+15	2.86146e+15	4.29218e+15	5.7229e+15	7.15363e+15	8.58437e+15	1.00151e+16	1.14461e+16	1.28095e+16	2.32556e+16	3.09705e+17	4.53996e+17	4.76794	4.69409	4.69409	4.69409	4.69409	4.69409	4.69409	4.69409	4.69409	4.69409	4.69409	4.69	4.68986	4.68986	4.68986	
17338.5	6.85538e+17	2.79438e+17	1.22283e+17	7.73692e+16	1.54738e+17	2.32108e+17	3.09477e+17	3.86846e+17	4.64215e+17	5.41585e+17	6.18953e+17	6.96094e+17	7.58544e+17	3.35205e+17	8.59943e+15	6.26053e+15	5.17048e+15	2.2626e+15	1.43157e+15	2.86315e+15	4.29471e+15	5.72628e+15	7.15785e+15	8.58944e+15	1.0021e+16	1.14529e+16	1.28115e+16	2.32556e+16	3.09705e+17	4.53996e+17	4.76897	4.69451	4.69451	4.69451	4.69451	4.69451	4.69451	4.69451	4.69451	4.69451	4.69451	4.69001	4.68986	4.68986	4.68986	
17592.5	6.85526e+17	2.79432e+17	1.2228e+17	7.73678e+16	1.54736e+17	2.32103e+17	3.09471e+17	3.86839e+17	4.64207e+17	5.41575e+17	6.18942e+17	6.9609e+17	7.58545e+17	3.35205e+17	8.59943e+15	6.26838e+15	5.17377e+15	2.26404e+15	1.43248e+15	2.86498e+15	4.29744e+15	5.72993e+15	7.16241e+15	8.5949e+15	1.00274e+16	1.14602e+16	1.28137e+16	2.32556e+16	3.09705e+17	4.53995e+17	4.76993	4.69497	4.69497	4.69497	4.69497	4.69497	4.69497	4.69497	4.69497	4.69497	4.69497	4.69004	4.68986	4.68986	4.68986	
17843.6	6.85514e+17	2.79427e+17	1.22278e+17	7.73663e+16	1.54733e+17	2.32099e+17	3.09465e+17	3.86831e+17	4.64198e+17	5.41564e+17	6.1893e+17	6.96086e+17	7.58545e+17	3.35205e+17	8.59943e+15	6.2755e+15	5.17723e+15	2.26556e+15	1.43344e+15	2.86689e+15	4.30032e+15	5.73376e+15	7.1672e+15	8.60065e+15	1.00341e+16	1.14679e+16	1.28162e+16	2.32556e+16	3.09705e+17	4.53995e+17	4.77081	4.69545	4.69545	4.69545	4.69545	4.69545	4.69545	4.69545	4.69545	4.69545	4.69545	4.69006	4.68986	4.68986	4.68986	
18094.3	6.85504e+17	2.79421e+17	1.22275e+17	7.73647e+16	1.54729e+17	2.32094e+17	3.09459e+17	3.86823e+17	4.64188e+17	5.41553e+17	6.18917e+17	6.96081e+17	7.58545e+17	3.35205e+17	8.59943e+15	6.28202e+15	5.1809e+15	2.26716e+15	1.43445e+15	2.86892e+15	4.30337e+15	5.73782e+15	7.17228e+15	8.60675e+15	1.00412e+16	1.1476e+16	1.28189e+16	2.32556e+16	3.09705e+17	4.53995e+17	4.77162	4.69596	4.69596	4.69596	4.69596	4.69596	4.69596	4.69596	4.69596	4.69596	4.69596	4.69008	4.68986	4.68986	4.68986	
18344.9	6.85495e+17	2.79415e+17	1.22273e+17	7.7363e+16	1.54726e+17	2.32089e+17	3.09452e+17	3.86815e+17	4.64178e+17	5.41541e+17	6.18903e+17	6.96076e+17	7.58545e+17	3.35205e+17	8.59943e+15	6.28798e+15	5.18478e+15	2.26886e+15	1.43553e+15	2.87107e+15	4.30659e+15	5.74212e+15	7.17766e+15	8.6132e+15	1.00487e+16	1.14846e+16	1.28219e+16	2.32556e+16	3.09705e+17	4.53995e+17	4.77237	4.69651	4.69651	4.69651	4.69651	4.69651	4.69651	4.69651	4.69651	4.69651	4.6965	4.69011	4.68986	4.68986	4.68986	
18596.4	6.85486e+17	2.79409e+17	1.2227e+17	7.73612e+16	1.54722e+17	2.32084e+17	3.09445e+17	3.86806e+17	4.64167e+17	5.41528e+17	6.18889e+17	6.9607e+17	7.58545e+17	3.35205e+17	8.59943e+15	6.29343e+15	5.1889e+15	2.27067e+15	1.43667e+15	2.87335e+15	4.31001e+15	5.74668e+15	7.18336e+15	8.62004e+15	1.00567e+16	1.14938e+16	1.28252e+16	2.32556e+16	3.09705e+17	4.53995e+17	4.77305	4.69708	4.69708	4.69708	4.69708	4.69708	4.69708	4.69708	4.69708	4.69708	4.69708	4.69014	4.68986	4.68986	4.68986	
18850.4	6.85478e+17	2.79402e+17	1.22267e+17	7.73593e+16	1.54719e+17	2.32078e+17	3.09437e+17	3.86796e+17	4.64156e+17	5.41515e+17	6.18873e+17	6.96064e+17	7.58545e+17	3.35205e+17	8.59943e+15	6.29843e+15	5.19328e+15	2.27258e+15	1.43788e+15	2.87578e+15	4.31365e+15	5.75154e+15	7.18942e+15	8.62732e+15	1.00652e+16	1.15035e+16	1.28289e+16	2.32556e+16	3.09705e+17	4.53995e+17	4.77369	4.69769	4.69769	4.69769	4.69769	4.69769	4.69769	4.69769	4.69769	4.69769	4.69769	4.69018	4.68986	4.68986	4.68986	
19101.4	6.85471e+17	2.79394e+17	1.22264e+17	7.73573e+16	1.54715e+17	2.32072e+17	3.09429e+17	3.86786e+17	4.64144e+17	5.41501e+17	6.18857e+17	6.96058e+17	7.58546e+17	3.35205e+17	8.59943e+15	6.30292e+15	5.19783e+15	2.27458e+15	1.43914e+15	2.8783e+15	4.31743e+15	5.75658e+15	7.19573e+15	8.63488e+15	1.0074e+16	1.15136e+16	1.28329e+16	2.32556e+16	3.09705e+17	4.53995e+17	4.77427	4.69832	4.69832	4.69832	4.69832	4.69832	4.69832	4.69832	4.69832	4.69832	4.69832	4.69021	4.68986	4.68986	4.68986	
19352.1	6.85465e+17	2.79387e+17	1.2226e+17	7.73552e+16	1.5471e+17	2.32066e+17	3.09421e+17	3.86776e+17	4.64131e+17	5.41486e+17	6.18841e+17	6.9605e+17	7.58546e+17	3.35205e+17	8.59943e+15	6.30698e+15	5.2026e+15	2.27666e+15	1.44046e+15	2.88094e+15	4.3214e+15	5.76186e+15	7.20233e+15	8.64281e+15	1.00833e+16	1.15242e+16	1.28373e+16	2.32556e+16	3.09705e+17	4.53995e+17	4.77481	4.69899	4.69899	4.69899	4.69899	4.69899	4.69899	4.69899	4.69899	4.69899	4.69898	4.69025	4.68986	4.68986	4.68986	
19602.7	6.85459e+17	2.79379e+17	1.22257e+17	7.7353e+16	1.54706e+17	2.32059e+17	3.09412e+17	3.86765e+17	4.64118e+17	5.41471e+17	6.18823e+17	6.96043e+17	7.58546e+17	3.35205e+17	8.59943e+15	6.31065e+15	5.20759e+15	2.27885e+15	1.44185e+15	2.88371e+15	4.32554e+15	5.76739e+15	7.20924e+15	8.6511e+15	1.00929e+16	1.15353e+16	1.2842e+16	2.32556e+16	3.09705e+17	4.53995e+17	4.7753	4.69968	4.69968	4.69968	4.69968	4.69968	4.69968	4.69968	4.69968	4.69968	4.69968	4.6903	4.68986	4.68986	4.68986	
19854.2	6.85454e+17	2.79371e+17	1.22253e+17	7.73507e+16	1.54701e+17	2.32052e+17	3.09403e+17	3.86754e+17	4.64104e+17	5.41455e+17	6.18805e+17	6.96034e+17	7.58546e+17	3.35205e+17	8.59943e+15	6.31397e+15	5.21282e+15	2.28114e+15	1.44329e+15	2.8866e+15	4.32989e+15	5.77318e+15	7.21648e+15	8.65979e+15	1.01031e+16	1.15469e+16	1.28472e+16	2.32556e+16	3.09705e+17	4.53995e+17	4.77575	4.70041	4.70041	4.70041	4.70041	4.70041	4.70041	4.70041	4.70041	4.70041	4.7004	4.69034	4.68986	4.68986	4.68986	
20106.8	6.8545e+17	2.79362e+17	1.2225e+17	7.73483e+16	1.54697e+17	2.32045e+17	3.09393e+17	3.86742e+17	4.6409e+17	5.41438e+17	6.18786e+17	6.96044e+17	7.58564e+17	3.35203e+17	8.59943e+15	6.31698e+15	5.2183e+15	2.28353e+15	1.44481e+15	2.88964e+15	4.33444e+15	5.77925e+15	7.22406e+15	8.66889e+15	1.01137e+16	1.1559e+16	1.28532e+16	2.32562e+16	3.09703e+17	4.53995e+17	4.77617	4.70117	4.70117	4.70117	4.70117	4.70117	4.70117	4.70117	4.70117	4.70117	4.70116	4.6904	4.68986	4.68986	4.68986	
20357.6	6.8545e+17	2.79354e+17	1.22246e+17	7.73461e+16	1.54692e+17	2.32038e+17	3.09384e+17	3.8673e+17	4.64077e+17	5.41423e+17	6.18585e+17	6.95697e+17	7.58294e+17	3.35224e+17	8.59943e+15	6.3197e+15	5.22398e+15	2.28602e+15	1.44638e+15	2.89278e+15	4.33915e+15	5.78554e+15	7.23193e+15	8.67832e+15	1.01247e+16	1.15675e+16	1.28523e+16	2.32479e+16	3.09722e+17	4.53996e+17	4.77656	4.70195	4.70195	4.70195	4.70195	4.70195	4.70195	4.70195	4.70195	4.70195	4.70191	4.69045	4.68986	4.68986	4.68986	
20608.9	6.85448e+17	2.79345e+17	1.22242e+17	7.73436e+16	1.54687e+17	2.32031e+17	3.09374e+17	3.86718e+17	4.64062e+17	5.41353e+17	6.18357e+17	6.949e+17	7.57981e+17	3.35235e+17	8.59943e+15	6.32213e+15	5.22988e+15	2.2886e+15	1.44802e+15	2.89605e+15	4.34406e+15	5.79208e+15	7.2401e+15	8.68812e+15	1.01351e+16	1.15719e+16	1.28374e+16	2.32383e+16	3.09732e+17	4.53995e+17	4.77692	4.70277	4.70277	4.70277	4.70277	4.70277	4.70277	4.70277	4.70277	4.70277	4.70244	4.69044	4.68986	4.68986	4.68986	
20859.1	6.85446e+17	2.79336e+17	1.22238e+17	7.7341e+16	1.54682e+17	2.32023e+17	3.09364e+17	3.86705e+17	4.64046e+17	5.41186e+17	6.18053e+17	6.93686e+17	7.58737e+17	3.35231e+17	8.59943e+15	6.3243e+15	5.23598e+15	2.29127e+15	1.4497e+15	2.89942e+15	4.34912e+15	5.79882e+15	7.24853e+15	8.69825e+15	1.01416e+16	1.15705e+16	1.28096e+16	2.32615e+16	3.09728e+17	4.53995e+17	4.77726	4.70362	4.70362	4.70362	4.70362	4.70362	4.70362	4.70362	4.70362	4.70344	4.7027	4.6904	4.68986	4.68986	4.68986	
21109.9	6.85445e+17	2.79326e+17	1.22234e+17	7.73383e+16	1.54677e+17	2.32015e+17	3.09353e+17	3.86692e+17	4.6403e+17	5.41118e+17	6.17794e+17	6.92442e+17	7.58685e+17	3.35205e+17	8.59943e+15	6.32624e+15	5.2423e+15	2.29403e+15	1.45145e+15	2.90292e+15	4.35437e+15	5.80582e+15	7.25728e+15	8.70875e+15	1.01487e+16	1.15657e+16	1.27763e+16	2.32599e+16	3.09704e+17	4.53995e+17	4.77757	4.70449	4.70449	4.70449	4.70449	4.70449	4.70449	4.70449	4.70449	4.70402	4.7027	4.6903	4.68986	4.68986	4.68986	
21361.8	6.85444e+17	2.79316e+17	1.22229e+17	7.73356e+16	1.54671e+17	2.32007e+17	3.09342e+17	3.86678e+17	4.6401e+17	5.4108e+17	6.17596e+17	6.91733e+17	7.586e+17	3.35205e+17	8.59943e+15	6.32799e+15	5.24885e+15	2.2969e+15	1.45327e+15	2.90655e+15	4.35981e+15	5.81308e+15	7.26636e+15	8.71957e+15	1.01558e+16	1.15591e+16	1.27516e+16	2.32573e+16	3.09704e+17	4.53995e+17	4.77786	4.7054	4.7054	4.7054	4.7054	4.7054	4.7054	4.7054	4.7054	4.70457	4.70252	4.6902	4.68986	4.68986	4.68986	
21611.9	6.85443e+17	2.79306e+17	1.22225e+17	7.73327e+16	1.54665e+17	2.31998e+17	3.09331e+17	3.86664e+17	4.63958e+17	5.41015e+17	6.17482e+17	6.91575e+17	7.58565e+17	3.35205e+17	8.59943e+15	6.32954e+15	5.25556e+15	2.29984e+15	1.45513e+15	2.91027e+15	4.36539e+15	5.82052e+15	7.27565e+15	8.72961e+15	1.01618e+16	1.15523e+16	1.27388e+16	2.32562e+16	3.09704e+17	4.53995e+17	4.77813	4.70633	4.70633	4.70633	4.70633	4.70633	4.70633	4.70633	4.7063	4.70507	4.70224	4.69011	4.68986	4.68986	4.68986	
21862.4	6.85443e+17	2.79295e+17	1.2222e+17	7.73298e+16	1.5466e+17	2.31989e+17	3.09319e+17	3.86649e+17	4.63922e+17	5.40976e+17	6.17415e+17	6.91725e+17	7.58553e+17	3.35205e+17	8.59943e+15	6.33092e+15	5.26248e+15	2.30287e+15	1.45704e+15	2.9141e+15	4.37114e+15	5.82818e+15	7.28523e+15	8.73979e+15	1.01677e+16	1.15453e+16	1.27342e+16	2.32558e+16	3.09704e+17	4.53995e+17	4.77839	4.70729	4.70729	4.70729	4.70729	4.70729	4.70729	4.70729	4.70718	4.70553	4.70189	4.69004	4.68986	4.68986	4.68986	
22113.7	6.85443e+17	2.79284e+17	1.22216e+17	7.73267e+16	1.54653e+17	2.3198e+17	3.09307e+17	3.86634e+17	4.63891e+17	5.40943e+17	6.17362e+17	6.92036e+17	7.58541e+17	3.35205e+17	8.59943e+15	6.33216e+15	5.26962e+15	2.30599e+15	1.45902e+15	2.91805e+15	4.37706e+15	5.83608e+15	7.2951e+15	8.75004e+15	1.01734e+16	1.1538e+16	1.27348e+16	2.32555e+16	3.09704e+17	4.53995e+17	4.77864	4.70828	4.70828	4.70828	4.70828	4.70828	4.70828	4.70828	4.70805	4.70597	4.7015	4.69	4.68986	4.68986	4.68986	
22364.1	6.85443e+17	2.79273e+17	1.22211e+17	7.73237e+16	1.54647e+17	2.31971e+17	3.09295e+17	3.86618e+17	4.63861e+17	5.4091e+17	6.17303e+17	6.92452e+17	7.5852e+17	3.35205e+17	8.59943e+15	6.33325e+15	5.27691e+15	2.30918e+15	1.46104e+15	2.92209e+15	4.38312e+15	5.84416e+15	7.3052e+15	8.76022e+15	1.01787e+16	1.15301e+16	1.2739e+16	2.32548e+16	3.09704e+17	4.53995e+17	4.77887	4.70929	4.70929	4.70929	4.70929	4.70929	4.70929	4.70929	4.70893	4.70638	4.70109	4.68997	4.68986	4.68986	4.68986	
22615.8	6.85443e+17	2.79262e+17	1.22206e+17	7.73205e+16	1.54641e+17	2.31961e+17	3.09282e+17	3.86602e+17	4.63829e+17	5.40876e+17	6.1723e+17	6.92986e+17	7.5852e+17	3.35205e+17	8.59943e+15	6.33423e+15	5.28441e+15	2.31247e+15	1.46312e+15	2.92624e+15	4.38935e+15	5.85247e+15	7.31559e+15	8.77036e+15	1.01836e+16	1.15213e+16	1.27465e+16	2.32548e+16	3.09704e+17	4.53995e+17	4.77909	4.71033	4.71033	4.71033	4.71033	4.71033	4.71033	4.71033	4.7098	4.70676	4.70063	4.68995	4.68986	4.68986	4.68986	
22866.5	6.85444e+17	2.7925e+17	1.222e+17	7.73172e+16	1.54634e+17	2.31952e+17	3.09269e+17	3.86586e+17	4.63796e+17	5.40836e+17	6.17131e+17	6.93693e+17	7.5852e+17	3.35205e+17	8.59943e+15	6.3351e+15	5.29206e+15	2.31581e+15	1.46523e+15	2.93048e+15	4.3957e+15	5.86094e+15	7.32617e+15	8.78029e+15	1.01878e+16	1.15114e+16	1.27579e+16	2.32548e+16	3.09704e+17	4.53995e+17	4.7793	4.71139	4.71139	4.71139	4.71139	4.71139	4.71139	4.71139	4.71065	4.70711	4.70014	4.68993	4.68986	4.68986	4.68986	
23117.2	6.85445e+17	2.79238e+17	1.22195e+17	7.73139e+16	1.54628e+17	2.31942e+17	3.09256e+17	3.8657e+17	4.6376e+17	5.40789e+17	6.16982e+17	6.95023e+17	7.5852e+17	3.35205e+17	8.59943e+15	6.33587e+15	5.29986e+15	2.31923e+15	1.46739e+15	2.9348e+15	4.40218e+15	5.86958e+15	7.33697e+15	8.78996e+15	1.01913e+16	1.14996e+16	1.27817e+16	2.32548e+16	3.09704e+17	4.53995e+17	4.77949	4.71247	4.71247	4.71247	4.71247	4.71247	4.71247	4.71247	4.71149	4.70742	4.69959	4.68993	4.68986	4.68986	4.68986	
23368.5	6.85445e+17	2.79226e+17	1.2219e+17	7.73105e+16	1.54621e+17	2.31932e+17	3.09242e+17	3.86553e+17	4.63717e+17	5.40716e+17	6.16696e+17	6.95727e+17	7.5852e+17	3.35205e+17	8.59943e+15	6.33655e+15	5.30783e+15	2.32271e+15	1.4696e+15	2.93921e+15	4.40881e+15	5.87841e+15	7.34801e+15	8.79916e+15	1.01933e+16	1.14836e+16	1.27948e+16	2.32548e+16	3.09704e+17	4.53995e+17	4.77966	4.71357	4.71357	4.71357	4.71357	4.71357	4.71357	4.71357	4.7123	4.70765	4.69894	4.68993	4.68986	4.68986	4.68986	
23619.6	6.85446e+17	2.79213e+17	1.22184e+17	7.73071e+16	1.54614e+17	2.31921e+17	3.09228e+17	3.86535e+17	4.63691e+17	5.4068e+17	6.16587e+17	6.95652e+17	7.5852e+17	3.35205e+17	8.59943e+15	6.33715e+15	5.31594e+15	2.32626e+15	1.47185e+15	2.9437e+15	4.41554e+15	5.88739e+15	7.35924e+15	8.80835e+15	1.01949e+16	1.14695e+16	1.27936e+16	2.32548e+16	3.09704e+17	4.53995e+17	4.77979	4.71469	4.71469	4.71469	4.71469	4.71469	4.71469	4.71469	4.71308	4.70781	4.6982	4.68993	4.68986	4.68986	4.68986	
23870.1	6.85447e+17	2.792e+17	1.22179e+17	7.73035e+16	1.54607e+17	2.31911e+17	3.09214e+17	3.86518e+17	4.63683e+17	5.40697e+17	6.16747e+17	6.95606e+17	7.5852e+17	3.35205e+17	8.59943e+15	6.33768e+15	5.32415e+15	2.32986e+15	1.47412e+15	2.94825e+15	4.42236e+15	5.89648e+15	7.37061e+15	8.81793e+15	1.01974e+16	1.14615e+16	1.27929e+16	2.32548e+16	3.09704e+17	4.53995e+17	4.77986	4.71583	4.71583	4.71583	4.71583	4.71583	4.71583	4.71583	4.71387	4.70796	4.69753	4.68993	4.68986	4.68986	4.68986	
24120.6	6.85447e+17	2.79188e+17	1.22173e+17	7.73e+16	1.546e+17	2.319e+17	3.092e+17	3.865e+17	4.63686e+17	5.4074e+17	6.17025e+17	6.95585e+17	7.5852e+17	3.35205e+17	8.59943e+15	6.33815e+15	5.33248e+15	2.3335e+15	1.47643e+15	2.95286e+15	4.42928e+15	5.90571e+15	7.38214e+15	8.82813e+15	1.02011e+16	1.14579e+16	1.27926e+16	2.32548e+16	3.09704e+17	4.53995e+17	4.77982	4.71698	4.71698	4.71698	4.71698	4.71698	4.71698	4.71698	4.7147	4.70816	4.697	4.68993	4.68986	4.68986	4.68986	
24371.4	6.85448e+17	2.79174e+17	1.22167e+17	7.72963e+16	1.54593e+17	2.31889e+17	3.09185e+17	3.86482e+17	4.63698e+17	5.40795e+17	6.17321e+17	6.95573e+17	7.58521e+17	3.35205e+17	8.59943e+15	6.33856e+15	5.34094e+15	2.3372e+15	1.47877e+15	2.95754e+15	4.4363e+15	5.91507e+15	7.39384e+15	8.83917e+15	1.02062e+16	1.14571e+16	1.27925e+16	2.32548e+16	3.09704e+17	4.53995e+17	4.77964	4.71815	4.71815	4.71815	4.71815	4.71815	4.71815	4.71815	4.71557	4.70844	4.69661	4.68993	4.68986	4.68986	4.68986	
24622	6.85449e+17	2.79161e+17	1.22162e+17	7.72927e+16	1.54585e+17	2.31878e+17	3.09171e+17	3.86463e+17	4.6372e+17	5.40856e+17	6.17585e+17	6.95566e+17	7.58521e+17	3.35205e+17	8.59943e+15	6.33892e+15	5.34948e+15	2.34094e+15	1.48113e+15	2.96227e+15	4.4434e+15	5.92453e+15	7.40567e+15	8.85131e+15	1.02127e+16	1.14578e+16	1.27925e+16	2.32548e+16	3.09704e+17	4.53995e+17	4.77922	4.71934	4.71934	4.71934	4.71934	4.71934	4.71934	4.71934	4.71652	4.70881	4.69636	4.68993	4.68986	4.68986	4.68986	
24873.7	6.8545e+17	2.79148e+17	1.22156e+17	7.7289e+16	1.54578e+17	2.31867e+17	3.09156e+17	3.86445e+17	4.63753e+17	5.40926e+17	6.17802e+17	6.9556e+17	7.58521e+17	3.35205e+17	8.59943e+15	6.33924e+15	5.35814e+15	2.34473e+15	1.48353e+15	2.96707e+15	4.4506e+15	5.93413e+15	7.41766e+15	8.86491e+15	1.0221e+16	1.14593e+16	1.27924e+16	2.32548e+16	3.09704e+17	4.53995e+17	4.77846	4.72054	4.72054	4.72054	4.72054	4.72054	4.72054	4.72054	4.71757	4.7093	4.6962	4.68993	4.68986	4.68986	4.68986	
25123.7	6.85451e+17	2.79134e+17	1.2215e+17	7.72852e+16	1.5457e+17	2.31856e+17	3.09141e+17	3.86426e+17	4.63766e+17	5.40971e+17	6.17973e+17	6.95553e+17	7.58521e+17	3.35205e+17	8.59942e+15	6.33951e+15	5.36682e+15	2.34853e+15	1.48593e+15	2.97188e+15	4.45781e+15	5.94374e+15	7.42968e+15	8.8794e+15	1.02305e+16	1.14612e+16	1.27923e+16	2.32549e+16	3.09704e+17	4.53995e+17	4.77722	4.72174	4.72174	4.72174	4.72174	4.72174	4.72174	4.72174	4.71872	4.7099	4.69612	4.68993	4.68986	4.68986	4.68986	
25376.2	6.85452e+17	2.79121e+17	1.22144e+17	7.72814e+16	1.54563e+17	2.31844e+17	3.09126e+17	3.86407e+17	4.63744e+17	5.40979e+17	6.18109e+17	6.95545e+17	7.58521e+17	3.35205e+17	8.59942e+15	6.33975e+15	5.37566e+15	2.3524e+15	1.48838e+15	2.97677e+15	4.46514e+15	5.95352e+15	7.44191e+15	8.89375e+15	1.02401e+16	1.14634e+16	1.27922e+16	2.32549e+16	3.09704e+17	4.53995e+17	4.77533	4.72296	4.72296	4.72296	4.72296	4.72296	4.72296	4.72296	4.71992	4.71056	4.6961	4.68993	4.68986	4.68986	4.68986	
25628.2	6.85453e+17	2.79107e+17	1.22138e+17	7.72776e+16	1.54555e+17	2.31833e+17	3.0911e+17	3.86388e+17	4.63722e+17	5.40993e+17	6.18193e+17	6.95535e+17	7.58521e+17	3.35205e+17	8.59942e+15	6.33994e+15	5.38452e+15	2.35628e+15	1.49084e+15	2.98168e+15	4.47251e+15	5.96335e+15	7.45418e+15	8.9082e+15	1.02505e+16	1.14655e+16	1.27921e+16	2.32549e+16	3.09704e+17	4.53995e+17	4.77256	4.72419	4.72419	4.72419	4.72419	4.72419	4.72419	4.72419	4.72112	4.71126	4.69614	4.68993	4.68986	4.68986	4.68986	
25879.3	6.85454e+17	2.79093e+17	1.22132e+17	7.72738e+16	1.54548e+17	2.31821e+17	3.09095e+17	3.86369e+17	4.637e+17	5.41014e+17	6.18264e+17	6.95525e+17	7.58521e+17	3.35205e+17	8.59942e+15	6.3401e+15	5.3934e+15	2.36016e+15	1.49329e+15	2.98659e+15	4.47988e+15	5.97318e+15	7.46647e+15	8.92272e+15	1.02619e+16	1.14682e+16	1.27919e+16	2.32549e+16	3.09704e+17	4.53995e+17	4.7687	4.72541	4.72541	4.72541	4.72541	4.72541	4.72541	4.72541	4.72233	4.71202	4.69622	4.68993	4.68986	4.68986	4.68986	
26129.7	6.85455e+17	2.79079e+17	1.22126e+17	7.727e+16	1.5454e+17	2.3181e+17	3.0908e+17	3.8635e+17	4.63677e+17	5.41047e+17	6.18335e+17	6.95493e+17	7.58521e+17	3.35205e+17	8.59942e+15	6.34022e+15	5.40228e+15	2.36405e+15	1.49575e+15	2.99151e+15	4.48726e+15	5.98301e+15	7.47877e+15	8.93731e+15	1.02745e+16	1.14715e+16	1.279e+16	2.32549e+16	3.09704e+17	4.53995e+17	4.76345	4.72664	4.72664	4.72664	4.72664	4.72664	4.72664	4.72664	4.72354	4.71286	4.69634	4.68992	4.68986	4.68986	4.68986	
26381	6.85456e+17	2.79065e+17	1.2212e+17	7.72661e+16	1.54532e+17	2.31798e+17	3.09065e+17	3.86331e+17	4.63654e+17	5.41095e+17	6.18416e+17	6.95554e+17	7.58521e+17	3.35205e+17	8.59942e+15	6.34029e+15	5.41122e+15	2.36796e+15	1.49823e+15	2.99646e+15	4.49468e+15	5.99291e+15	7.49114e+15	8.95203e+15	1.0289e+16	1.14758e+16	1.27912e+16	2.32549e+16	3.09704e+17	4.53995e+17	4.75646	4.72788	4.72788	4.72788	4.72788	4.72788	4.72788	4.72788	4.72477	4.7138	4.69651	4.68992	4.68986	4.68986	4.68986	
26633	6.85457e+17	2.79051e+17	1.22114e+17	7.72623e+16	1.54525e+17	2.31787e+17	3.09049e+17	3.86311e+17	4.63632e+17	5.41138e+17	6.18494e+17	6.95571e+17	7.58521e+17	3.35205e+17	8.59942e+15	6.34032e+15	5.42018e+15	2.37188e+15	1.50071e+15	3.00142e+15	4.50213e+15	6.00283e+15	7.50354e+15	8.96685e+15	1.03053e+16	1.14811e+16	1.27915e+16	2.32549e+16	3.09704e+17	4.53995e+17	4.74736	4.72911	4.72911	4.72911	4.72911	4.72911	4.72911	4.72911	4.726	4.71488	4.69675	4.68992	4.68986	4.68986	4.68986	
26883.5	6.85458e+17	2.79037e+17	1.22108e+17	7.72584e+16	1.54517e+17	2.31775e+17	3.09034e+17	3.86292e+17	4.63609e+17	5.41115e+17	6.18516e+17	6.95581e+17	7.58512e+17	3.35205e+17	8.59942e+15	6.34029e+15	5.42908e+15	2.37578e+15	1.50317e+15	3.00635e+15	4.50952e+15	6.0127e+15	7.51587e+15	8.98162e+15	1.03212e+16	1.14859e+16	1.27918e+16	2.32546e+16	3.09704e+17	4.53995e+17	4.73586	4.73034	4.73034	4.73034	4.73034	4.73034	4.73034	4.73034	4.72723	4.716	4.69701	4.68992	4.68986	4.68986	4.68986	
27134.4	6.85459e+17	2.79024e+17	1.22101e+17	7.72546e+16	1.54509e+17	2.31764e+17	3.09018e+17	3.86273e+17	4.63586e+17	5.41091e+17	6.18542e+17	6.95593e+17	7.58501e+17	3.35205e+17	8.59942e+15	6.34021e+15	5.43799e+15	2.37968e+15	1.50564e+15	3.01129e+15	4.51692e+15	6.02256e+15	7.52821e+15	8.99644e+15	1.03373e+16	1.14912e+16	1.27921e+16	2.32542e+16	3.09704e+17	4.53995e+17	4.72148	4.73156	4.73156	4.73156	4.73156	4.73156	4.73156	4.73156	4.72847	4.71715	4.69731	4.68992	4.68986	4.68986	4.68986	
27384.7	6.85461e+17	2.7901e+17	1.22095e+17	7.72508e+16	1.54502e+17	2.31752e+17	3.09003e+17	3.86254e+17	4.63563e+17	5.41067e+17	6.18572e+17	6.95611e+17	7.58489e+17	3.35205e+17	8.59942e+15	6.34007e+15	5.44686e+15	2.38355e+15	1.50809e+15	3.0162e+15	4.52429e+15	6.03238e+15	7.54048e+15	9.01124e+15	1.03536e+16	1.14971e+16	1.27925e+16	2.32539e+16	3.09704e+17	4.53995e+17	4.70389	4.73278	4.73278	4.73278	4.73278	4.73278	4.73278	4.73278	4.72969	4.71832	4.69763	4.68993	4.68986	4.68986	4.68986	
27635.7	6.85462e+17	2.78996e+17	1.22089e+17	7.72469e+16	1.54494e+17	2.31741e+17	3.08988e+17	3.86235e+17	4.6354e+17	5.41043e+17	6.18608e+17	6.95637e+17	7.53248e+17	3.35205e+17	8.59942e+15	6.33986e+15	5.45571e+15	2.38743e+15	1.51055e+15	3.0211e+15	4.53164e+15	6.04218e+15	7.55273e+15	9.02606e+15	1.03701e+16	1.15038e+16	1.27931e+16	2.30932e+16	3.09704e+17	4.53995e+17	4.68259	4.73398	4.73398	4.73398	4.73398	4.73398	4.73398	4.73398	4.73092	4.7195	4.698	4.68993	4.68986	4.68986	4.68986	
27886.8	6.85464e+17	2.78982e+17	1.22083e+17	7.72431e+16	1.54486e+17	2.31729e+17	3.08973e+17	3.86216e+17	4.63517e+17	5.41018e+17	6.18654e+17	6.95676e+17	7.58546e+17	3.35205e+17	8.59942e+15	6.33956e+15	5.46452e+15	2.39128e+15	1.51298e+15	3.02598e+15	4.53896e+15	6.05194e+15	7.56493e+15	9.04086e+15	1.03869e+16	1.15114e+16	1.27941e+16	2.32556e+16	3.09704e+17	4.53995e+17	4.65724	4.73517	4.73517	4.73517	4.73517	4.73517	4.73517	4.73517	4.73214	4.72069	4.69841	4.68993	4.68986	4.68986	4.68986	
28137.4	6.85465e+17	2.78969e+17	1.22077e+17	7.72394e+16	1.54479e+17	2.31718e+17	3.08957e+17	3.86197e+17	4.63494e+17	5.40992e+17	6.18705e+17	6.95729e+17	7.58539e+17	3.35205e+17	8.59942e+15	6.33918e+15	5.47326e+15	2.39511e+15	1.5154e+15	3.03081e+15	4.54622e+15	6.06162e+15	7.57703e+15	9.05559e+15	1.04038e+16	1.15199e+16	1.27953e+16	2.32554e+16	3.09704e+17	4.53995e+17	4.62754	4.73633	4.73633	4.73633	4.73633	4.73633	4.73633	4.73633	4.73335	4.7219	4.69887	4.68993	4.68986	4.68986	4.68986	
28387.7	6.85467e+17	2.78955e+17	1.22071e+17	7.72356e+16	1.54471e+17	2.31707e+17	3.08943e+17	3.86178e+17	4.63471e+17	5.40967e+17	6.18761e+17	6.95796e+17	7.58532e+17	3.35205e+17	8.59942e+15	6.3387e+15	5.48192e+15	2.3989e+15	1.5178e+15	3.03561e+15	4.55341e+15	6.07122e+15	7.58902e+15	9.07023e+15	1.04207e+16	1.15297e+16	1.27969e+16	2.32552e+16	3.09704e+17	4.53995e+17	4.59318	4.73747	4.73747	4.73747	4.73747	4.73747	4.73747	4.73747	4.73454	4.72311	4.6994	4.68993	4.68986	4.68986	4.68986	
28640.3	6.85469e+17	2.78942e+17	1.22066e+17	7.72319e+16	1.54464e+17	2.31696e+17	3.08928e+17	3.86159e+17	4.63448e+17	5.4094e+17	6.18775e+17	6.9585e+17	7.58528e+17	3.35203e+17	8.59942e+15	6.33811e+15	5.49059e+15	2.4027e+15	1.5202e+15	3.04041e+15	4.56062e+15	6.08082e+15	7.60103e+15	9.08492e+15	1.0438e+16	1.15398e+16	1.27983e+16	2.32551e+16	3.09702e+17	4.53995e+17	4.55347	4.73859	4.73859	4.73859	4.73859	4.73859	4.73859	4.73859	4.73573	4.72434	4.7	4.68994	4.68986	4.68986	4.68986	
28891.9	6.85471e+17	2.78928e+17	1.2206e+17	7.72282e+16	1.54456e+17	2.31685e+17	3.08913e+17	3.86141e+17	4.63426e+17	5.40914e+17	6.18769e+17	6.95891e+17	7.58528e+17	3.35198e+17	8.59942e+15	6.3374e+15	5.49915e+15	2.40644e+15	1.52257e+15	3.04515e+15	4.56773e+15	6.0903e+15	7.61288e+15	9.09947e+15	1.04553e+16	1.155e+16	1.27997e+16	2.32551e+16	3.09698e+17	4.53995e+17	4.50867	4.73967	4.73967	4.73967	4.73967	4.73967	4.73967	4.73967	4.73689	4.72557	4.70062	4.68994	4.68986	4.68986	4.68986	
29142.9	6.85473e+17	2.78915e+17	1.22054e+17	7.72246e+16	1.54449e+17	2.31674e+17	3.08898e+17	3.86123e+17	4.63403e+17	5.40887e+17	6.18761e+17	6.95932e+17	7.58532e+17	3.35193e+17	8.59942e+15	6.33657e+15	5.5076e+15	2.41014e+15	1.52491e+15	3.04983e+15	4.57474e+15	6.09965e+15	7.62457e+15	9.11387e+15	1.04726e+16	1.15606e+16	1.28011e+16	2.32552e+16	3.09693e+17	4.53995e+17	4.45866	4.7407	4.7407	4.7407	4.7407	4.7407	4.7407	4.7407	4.73802	4.7268	4.70128	4.68995	4.68986	4.68986	4.68986	
29393	6.85476e+17	2.78902e+17	1.22048e+17	7.7221e+16	1.54442e+17	2.31663e+17	3.08884e+17	3.86105e+17	4.63381e+17	5.40861e+17	6.1875e+17	6.95973e+17	7.58541e+17	3.35188e+17	8.59942e+15	6.33561e+15	5.51592e+15	2.41378e+15	1.52722e+15	3.05444e+15	4.58165e+15	6.10887e+15	7.63609e+15	9.12809e+15	1.04898e+16	1.15716e+16	1.28026e+16	2.32555e+16	3.09688e+17	4.53995e+17	4.40345	4.74168	4.74168	4.74168	4.74168	4.74168	4.74168	4.74168	4.73911	4.72803	4.70196	4.68996	4.68986	4.68986	4.68986	
29644.4	6.85478e+17	2.78889e+17	1.22043e+17	7.72174e+16	1.54435e+17	2.31652e+17	3.0887e+17	3.86087e+17	4.63359e+17	5.40834e+17	6.18738e+17	6.96014e+17	7.58557e+17	3.35183e+17	8.59942e+15	6.3345e+15	5.52418e+15	2.41739e+15	1.5295e+15	3.05901e+15	4.58851e+15	6.11802e+15	7.64752e+15	9.14226e+15	1.05072e+16	1.15831e+16	1.28043e+16	2.3256e+16	3.09684e+17	4.53995e+17	4.34259	4.74259	4.74259	4.74259	4.74259	4.74259	4.74259	4.74259	4.74017	4.72927	4.70267	4.68996	4.68986	4.68986	4.68986	
29894.9	6.85481e+17	2.78877e+17	1.22037e+17	7.72139e+16	1.54428e+17	2.31642e+17	3.08856e+17	3.86069e+17	4.63337e+17	5.40807e+17	6.18725e+17	6.96057e+17	7.58579e+17	3.3518e+17	8.59942e+15	6.33324e+15	5.5323e+15	2.42095e+15	1.53175e+15	3.06351e+15	4.59526e+15	6.12701e+15	7.65877e+15	9.15623e+15	1.05246e+16	1.1595e+16	1.28062e+16	2.32566e+16	3.09681e+17	4.53995e+17	4.27668	4.74343	4.74343	4.74343	4.74343	4.74343	4.74343	4.74343	4.74118	4.7305	4.70341	4.68997	4.68986	4.68986	4.68986	
30147.1	6.85484e+17	2.78864e+17	1.22032e+17	7.72104e+16	1.54421e+17	2.31631e+17	3.08842e+17	3.86052e+17	4.63316e+17	5.4078e+17	6.1871e+17	6.96102e+17	7.58609e+17	3.35177e+17	8.59942e+15	6.33182e+15	5.54036e+15	2.42447e+15	1.53398e+15	3.06797e+15	4.60195e+15	6.13594e+15	7.66992e+15	9.17014e+15	1.0542e+16	1.16074e+16	1.28083e+16	2.32575e+16	3.09678e+17	4.53995e+17	4.20521	4.74418	4.74418	4.74418	4.74418	4.74418	4.74418	4.74418	4.74213	4.73173	4.70418	4.68999	4.68986	4.68986	4.68986	
30397.6	6.85488e+17	2.78852e+17	1.22026e+17	7.7207e+16	1.54414e+17	2.31621e+17	3.08828e+17	3.86035e+17	4.63294e+17	5.40754e+17	6.18693e+17	6.96147e+17	7.58645e+17	3.35175e+17	8.59942e+15	6.33025e+15	5.54824e+15	2.42792e+15	1.53617e+15	3.07233e+15	4.6085e+15	6.14466e+15	7.68083e+15	9.18378e+15	1.05593e+16	1.16201e+16	1.28107e+16	2.32586e+16	3.09677e+17	4.53995e+17	4.12939	4.74482	4.74482	4.74482	4.74482	4.74482	4.74482	4.74482	4.74301	4.73295	4.70497	4.69	4.68986	4.68986	4.68986	
30650	6.85491e+17	2.7884e+17	1.22021e+17	7.72036e+16	1.54407e+17	2.31611e+17	3.08815e+17	3.86018e+17	4.63273e+17	5.40727e+17	6.18676e+17	6.96194e+17	7.58687e+17	3.35175e+17	8.59942e+15	6.3285e+15	5.55604e+15	2.43134e+15	1.53833e+15	3.07666e+15	4.61498e+15	6.15331e+15	7.69164e+15	9.19736e+15	1.05767e+16	1.16333e+16	1.28134e+16	2.32599e+16	3.09676e+17	4.53995e+17	4.04849	4.74535	4.74535	4.74535	4.74535	4.74535	4.74535	4.74535	4.74381	4.73416	4.70579	4.69002	4.68986	4.68986	4.68986	
30900.7	6.85495e+17	2.78828e+17	1.22016e+17	7.72003e+16	1.54401e+17	2.31601e+17	3.08801e+17	3.86002e+17	4.63252e+17	5.407e+17	6.18657e+17	6.96241e+17	7.58734e+17	3.35176e+17	8.59942e+15	6.3266e+15	5.56366e+15	2.43467e+15	1.54044e+15	3.08088e+15	4.62131e+15	6.16175e+15	7.70219e+15	9.21066e+15	1.05939e+16	1.16467e+16	1.28164e+16	2.32614e+16	3.09677e+17	4.53995e+17	3.96404	4.74574	4.74574	4.74574	4.74574	4.74574	4.74574	4.74574	4.74451	4.73534	4.70663	4.69004	4.68986	4.68986	4.68986	
31152.6	6.855e+17	2.78816e+17	1.22011e+17	7.71971e+16	1.54394e+17	2.31591e+17	3.08788e+17	3.85986e+17	4.63232e+17	5.40673e+17	6.18638e+17	6.96288e+17	7.58787e+17	3.35177e+17	8.59942e+15	6.32453e+15	5.57118e+15	2.43796e+15	1.54252e+15	3.08504e+15	4.62756e+15	6.17007e+15	7.71259e+15	9.22384e+15	1.06111e+16	1.16607e+16	1.28198e+16	2.3263e+16	3.09679e+17	4.53995e+17	3.8755	4.74597	4.74597	4.74597	4.74597	4.74597	4.74597	4.74597	4.7451	4.73651	4.70749	4.69006	4.68986	4.68986	4.68986	
31405.1	6.85504e+17	2.78804e+17	1.22006e+17	7.71939e+16	1.54388e+17	2.31582e+17	3.08776e+17	3.8597e+17	4.63212e+17	5.40647e+17	6.18617e+17	6.96334e+17	7.58842e+17	3.35179e+17	8.59942e+15	6.32228e+15	5.57857e+15	2.4412e+15	1.54456e+15	3.08913e+15	4.63369e+15	6.17826e+15	7.72282e+15	9.23686e+15	1.06283e+16	1.1675e+16	1.28237e+16	2.32647e+16	3.09681e+17	4.53995e+17	3.78356	4.74602	4.74602	4.74602	4.74602	4.74602	4.74602	4.74602	4.74556	4.73766	4.70839	4.69009	4.68986	4.68986	4.68986	
31657.1	6.85509e+17	2.78793e+17	1.22001e+17	7.71908e+16	1.54382e+17	2.31572e+17	3.08763e+17	3.85954e+17	4.63192e+17	5.4062e+17	6.18596e+17	6.96354e+17	7.58882e+17	3.35182e+17	8.59941e+15	6.31987e+15	5.5858e+15	2.44436e+15	1.54656e+15	3.09313e+15	4.6397e+15	6.18626e+15	7.73283e+15	9.24966e+15	1.06453e+16	1.16896e+16	1.28276e+16	2.32659e+16	3.09683e+17	4.53995e+17	3.68917	4.74586	4.74586	4.74586	4.74586	4.74586	4.74586	4.74586	4.74588	4.73877	4.7093	4.69012	4.68986	4.68986	4.68986	
31909.1	6.85514e+17	2.78782e+17	1.21996e+17	7.71877e+16	1.54375e+17	2.31563e+17	3.08751e+17	3.85939e+17	4.63172e+17	5.40594e+17	6.18574e+17	6.96361e+17	7.58913e+17	3.35184e+17	8.59933e+15	6.3173e+15	5.59287e+15	2.44745e+15	1.54852e+15	3.09705e+15	4.64557e+15	6.19409e+15	7.74262e+15	9.26227e+15	1.06623e+16	1.17047e+16	1.28318e+16	2.32669e+16	3.09685e+17	4.5399e+17	3.59269	4.74547	4.74547	4.74547	4.74547	4.74547	4.74547	4.74547	4.74602	4.73984	4.71023	4.69015	4.68986	4.68986	4.68986	
32159.6	6.85519e+17	2.78771e+17	1.21991e+17	7.71848e+16	1.5437e+17	2.31554e+17	3.08739e+17	3.85924e+17	4.63153e+17	5.40568e+17	6.18551e+17	6.96366e+17	7.58942e+17	3.35187e+17	8.59925e+15	6.31458e+15	5.59974e+15	2.45046e+15	1.55043e+15	3.10086e+15	4.65128e+15	6.20171e+15	7.75213e+15	9.27462e+15	1.06791e+16	1.17199e+16	1.28364e+16	2.32678e+16	3.09688e+17	4.53986e+17	3.49528	4.74482	4.74482	4.74482	4.74482	4.74482	4.74482	4.74482	4.74597	4.74085	4.71118	4.69019	4.68986	4.68986	4.68986	
32411.1	6.85524e+17	2.78761e+17	1.21987e+17	7.71819e+16	1.54364e+17	2.31546e+17	3.08727e+17	3.85909e+17	4.63134e+17	5.40541e+17	6.18528e+17	6.96367e+17	7.58969e+17	3.35191e+17	8.59917e+15	6.31171e+15	5.60649e+15	2.45341e+15	1.55229e+15	3.10459e+15	4.65688e+15	6.20917e+15	7.76147e+15	9.28682e+15	1.0696e+16	1.17356e+16	1.28416e+16	2.32686e+16	3.09691e+17	4.53982e+17	3.39653	4.74388	4.74388	4.74388	4.74388	4.74388	4.74388	4.74388	4.7457	4.74181	4.71214	4.69024	4.68986	4.68986	4.68986	
32662.6	6.8553e+17	2.78751e+17	1.21982e+17	7.7179e+16	1.54358e+17	2.31537e+17	3.08716e+17	3.85895e+17	4.63115e+17	5.40515e+17	6.18504e+17	6.96367e+17	7.58995e+17	3.35194e+17	8.59909e+15	6.3087e+15	5.61307e+15	2.45629e+15	1.55412e+15	3.10823e+15	4.66235e+15	6.21646e+15	7.77058e+15	9.29885e+15	1.07128e+16	1.17516e+16	1.28474e+16	2.32694e+16	3.09695e+17	4.53978e+17	3.29738	4.74261	4.74261	4.74261	4.74261	4.74261	4.74261	4.74261	4.74518	4.74269	4.71313	4.69029	4.68986	4.68986	4.68986	
32915.2	6.85535e+17	2.78741e+17	1.21978e+17	7.71763e+16	1.54353e+17	2.31529e+17	3.08705e+17	3.85881e+17	4.63096e+17	5.40489e+17	6.18479e+17	6.96364e+17	7.59021e+17	3.35198e+17	8.59903e+15	6.30554e+15	5.61951e+15	2.45911e+15	1.5559e+15	3.1118e+15	4.6677e+15	6.2236e+15	7.7795e+15	9.31074e+15	1.07297e+16	1.17681e+16	1.28538e+16	2.32702e+16	3.09698e+17	4.53974e+17	3.19794	4.74098	4.74098	4.74098	4.74098	4.74098	4.74098	4.74098	4.74438	4.7435	4.71413	4.69035	4.68986	4.68986	4.68986	
33166.2	6.85541e+17	2.78731e+17	1.21973e+17	7.71736e+16	1.54347e+17	2.31521e+17	3.08694e+17	3.85868e+17	4.63078e+17	5.40463e+17	6.18453e+17	6.96359e+17	7.59046e+17	3.35203e+17	8.59898e+15	6.30227e+15	5.62575e+15	2.46184e+15	1.55763e+15	3.11526e+15	4.67288e+15	6.23051e+15	7.78814e+15	9.32239e+15	1.07465e+16	1.17848e+16	1.28609e+16	2.32709e+16	3.09702e+17	4.53972e+17	3.09976	4.73896	4.73896	4.73896	4.73896	4.73896	4.73896	4.73896	4.74328	4.7442	4.71514	4.69041	4.68986	4.68986	4.68986	
33416.9	6.85547e+17	2.78722e+17	1.21969e+17	7.7171e+16	1.54342e+17	2.31513e+17	3.08684e+17	3.85855e+17	4.6306e+17	5.40436e+17	6.18427e+17	6.96351e+17	7.5907e+17	3.35208e+17	8.59894e+15	6.29889e+15	5.63181e+15	2.4645e+15	1.55931e+15	3.11861e+15	4.67792e+15	6.23722e+15	7.79653e+15	9.33387e+15	1.07633e+16	1.18019e+16	1.28687e+16	2.32717e+16	3.09707e+17	4.5397e+17	3.0028	4.7365	4.7365	4.7365	4.7365	4.7365	4.7365	4.7365	4.74184	4.74479	4.71615	4.69049	4.68986	4.68986	4.68986	
33669.3	6.85554e+17	2.78712e+17	1.21965e+17	7.71684e+16	1.54337e+17	2.31505e+17	3.08674e+17	3.85842e+17	4.63043e+17	5.4041e+17	6.184e+17	6.96342e+17	7.59094e+17	3.35213e+17	8.59891e+15	6.29538e+15	5.63775e+15	2.46709e+15	1.56095e+15	3.1219e+15	4.68285e+15	6.2438e+15	7.80475e+15	9.34527e+15	1.07803e+16	1.18196e+16	1.28774e+16	2.32724e+16	3.09711e+17	4.53968e+17	2.90674	4.73355	4.73355	4.73355	4.73355	4.73355	4.73355	4.73355	4.74001	4.74524	4.71718	4.69057	4.68986	4.68986	4.68986	
33921.7	6.8556e+17	2.78703e+17	1.21961e+17	7.71659e+16	1.54332e+17	2.31498e+17	3.08664e+17	3.8583e+17	4.63025e+17	5.40383e+17	6.18372e+17	6.96331e+17	7.59117e+17	3.35218e+17	8.59889e+15	6.29177e+15	5.64351e+15	2.46961e+15	1.56254e+15	3.12509e+15	4.68763e+15	6.25018e+15	7.81272e+15	9.35653e+15	1.07974e+16	1.18378e+16	1.28871e+16	2.32731e+16	3.09716e+17	4.53967e+17	2.81266	4.73008	4.73008	4.73008	4.73008	4.73008	4.73008	4.73008	4.73775	4.74555	4.71821	4.69065	4.68986	4.68986	4.68986	
34171.7	6.85567e+17	2.78695e+17	1.21958e+17	7.71635e+16	1.54327e+17	2.31491e+17	3.08654e+17	3.85818e+17	4.63008e+17	5.40356e+17	6.18343e+17	6.96317e+17	7.5914e+17	3.35223e+17	8.59889e+15	6.28811e+15	5.64905e+15	2.47204e+15	1.56408e+15	3.12816e+15	4.69223e+15	6.25631e+15	7.82039e+15	9.36756e+15	1.08146e+16	1.18564e+16	1.28976e+16	2.32738e+16	3.09721e+17	4.53967e+17	2.72171	4.72609	4.72609	4.72609	4.72609	4.72609	4.72609	4.72609	4.73507	4.74567	4.71923	4.69075	4.68986	4.68986	4.68986	
34422.2	6.85574e+17	2.78686e+17	1.21954e+17	7.71612e+16	1.54322e+17	2.31484e+17	3.08645e+17	3.85806e+17	4.62991e+17	5.40329e+17	6.18313e+17	6.96302e+17	7.59163e+17	3.35229e+17	8.59889e+15	6.28437e+15	5.65442e+15	2.47439e+15	1.56557e+15	3.13113e+15	4.6967e+15	6.26226e+15	7.82783e+15	9.37849e+15	1.08321e+16	1.18756e+16	1.29093e+16	2.32745e+16	3.09726e+17	4.53967e+17	2.63314	4.72149	4.72149	4.72149	4.72149	4.72149	4.72149	4.72149	4.73188	4.74559	4.72025	4.69085	4.68986	4.68986	4.68986	
34673.7	6.8558e+17	2.78678e+17	1.2195e+17	7.7159e+16	1.54318e+17	2.31477e+17	3.08636e+17	3.85795e+17	4.62974e+17	5.40301e+17	6.18282e+17	6.96284e+17	7.59184e+17	3.35234e+17	8.59889e+15	6.28056e+15	5.65965e+15	2.47668e+15	1.56701e+15	3.13403e+15	4.70104e+15	6.26805e+15	7.83506e+15	9.38937e+15	1.085e+16	1.18957e+16	1.29222e+16	2.32752e+16	3.09731e+17	4.53967e+17	2.54705	4.71622	4.71622	4.71622	4.71622	4.71622	4.71622	4.71622	4.72815	4.74529	4.72125	4.69096	4.68986	4.68986	4.68986	
34925.8	6.85587e+17	2.7867e+17	1.21947e+17	7.71568e+16	1.54314e+17	2.3147e+17	3.08627e+17	3.85784e+17	4.62957e+17	5.40272e+17	6.18249e+17	6.96263e+17	7.59206e+17	3.3524e+17	8.5989e+15	6.27668e+15	5.66471e+15	2.47889e+15	1.56841e+15	3.13683e+15	4.70524e+15	6.27366e+15	7.84207e+15	9.40018e+15	1.08683e+16	1.19168e+16	1.29364e+16	2.32759e+16	3.09737e+17	4.53968e+17	2.46379	4.71024	4.71024	4.71024	4.71024	4.71024	4.71024	4.71024	4.72382	4.74473	4.72224	4.69109	4.68986	4.68986	4.68986	
35177.8	6.85594e+17	2.78663e+17	1.21944e+17	7.71547e+16	1.54309e+17	2.31464e+17	3.08619e+17	3.85774e+17	4.6294e+17	5.40243e+17	6.18215e+17	6.96241e+17	7.59226e+17	3.35246e+17	8.59891e+15	6.27276e+15	5.6696e+15	2.48103e+15	1.56977e+15	3.13954e+15	4.70931e+15	6.27907e+15	7.84884e+15	9.41092e+15	1.08871e+16	1.19389e+16	1.29522e+16	2.32765e+16	3.09742e+17	4.53969e+17	2.38373	4.70351	4.70351	4.70351	4.70351	4.70351	4.70351	4.70351	4.71885	4.74387	4.72319	4.69122	4.68986	4.68986	4.68986	
35430.6	6.85601e+17	2.78656e+17	1.2194e+17	7.71527e+16	1.54305e+17	2.31458e+17	3.08611e+17	3.85763e+17	4.62924e+17	5.40213e+17	6.18179e+17	6.96215e+17	7.59246e+17	3.35252e+17	8.59893e+15	6.26879e+15	5.67433e+15	2.4831e+15	1.57108e+15	3.14216e+15	4.71323e+15	6.28431e+15	7.85539e+15	9.42164e+15	1.09065e+16	1.19622e+16	1.29696e+16	2.32771e+16	3.09748e+17	4.53969e+17	2.30679	4.69598	4.69598	4.69598	4.69598	4.69598	4.69598	4.69598	4.71319	4.74268	4.72411	4.69136	4.68986	4.68986	4.68986	
35680.9	6.85608e+17	2.78649e+17	1.21937e+17	7.71507e+16	1.54301e+17	2.31452e+17	3.08603e+17	3.85754e+17	4.62907e+17	5.40181e+17	6.1814e+17	6.96186e+17	7.59265e+17	3.35259e+17	8.59894e+15	6.26484e+15	5.67884e+15	2.48507e+15	1.57233e+15	3.14465e+15	4.71698e+15	6.2893e+15	7.86163e+15	9.43221e+15	1.09263e+16	1.19867e+16	1.29886e+16	2.32777e+16	3.09754e+17	4.5397e+17	2.23395	4.68768	4.68768	4.68768	4.68768	4.68768	4.68768	4.68768	4.70687	4.74115	4.72496	4.6915	4.68986	4.68986	4.68986	
35931.4	6.85615e+17	2.78642e+17	1.21934e+17	7.71489e+16	1.54298e+17	2.31447e+17	3.08596e+17	3.85744e+17	4.62891e+17	5.40149e+17	6.181e+17	6.96154e+17	7.59283e+17	3.35266e+17	8.59896e+15	6.26087e+15	5.68318e+15	2.48697e+15	1.57353e+15	3.14706e+15	4.72058e+15	6.29411e+15	7.86764e+15	9.44275e+15	1.09469e+16	1.20128e+16	1.30097e+16	2.32783e+16	3.0976e+17	4.53971e+17	2.16447	4.67851	4.67851	4.67851	4.67851	4.67851	4.67851	4.67851	4.69978	4.73922	4.72575	4.69165	4.68986	4.68986	4.68986	
36181.5	6.85622e+17	2.78635e+17	1.21932e+17	7.71471e+16	1.54294e+17	2.31441e+17	3.08588e+17	3.85736e+17	4.62874e+17	5.40116e+17	6.18056e+17	6.96118e+17	7.593e+17	3.35273e+17	8.59897e+15	6.2569e+15	5.68734e+15	2.48879e+15	1.57468e+15	3.14936e+15	4.72404e+15	6.29872e+15	7.8734e+15	9.45327e+15	1.09682e+16	1.20407e+16	1.30331e+16	2.32788e+16	3.09767e+17	4.53971e+17	2.09846	4.66844	4.66844	4.66844	4.66844	4.66844	4.66844	4.66844	4.69189	4.73685	4.72646	4.69181	4.68986	4.68986	4.68986	
36432.8	6.85629e+17	2.78629e+17	1.21929e+17	7.71454e+16	1.54291e+17	2.31436e+17	3.08582e+17	3.85727e+17	4.62858e+17	5.40081e+17	6.18009e+17	6.96078e+17	7.59316e+17	3.3528e+17	8.59898e+15	6.25292e+15	5.69135e+15	2.49055e+15	1.57579e+15	3.15158e+15	4.72737e+15	6.30316e+15	7.87896e+15	9.46383e+15	1.09905e+16	1.20708e+16	1.30591e+16	2.32794e+16	3.09774e+17	4.53972e+17	2.03554	4.65736	4.65736	4.65736	4.65736	4.65736	4.65736	4.65736	4.68311	4.734	4.72706	4.69196	4.68986	4.68986	4.68986	
36684.3	6.85636e+17	2.78623e+17	1.21926e+17	7.71437e+16	1.54287e+17	2.31431e+17	3.08575e+17	3.85719e+17	4.62841e+17	5.40044e+17	6.17958e+17	6.96033e+17	7.59332e+17	3.35288e+17	8.599e+15	6.24894e+15	5.6952e+15	2.49223e+15	1.57686e+15	3.15371e+15	4.73057e+15	6.30742e+15	7.88428e+15	9.47441e+15	1.10137e+16	1.21033e+16	1.30882e+16	2.32799e+16	3.09781e+17	4.53973e+17	1.97591	4.64527	4.64527	4.64527	4.64527	4.64527	4.64527	4.64527	4.67342	4.73061	4.72755	4.69212	4.68986	4.68986	4.68986	
36936.3	6.85643e+17	2.78618e+17	1.21924e+17	7.71422e+16	1.54284e+17	2.31427e+17	3.08569e+17	3.85711e+17	4.62825e+17	5.40006e+17	6.17903e+17	6.95983e+17	7.59346e+17	3.35296e+17	8.59901e+15	6.24497e+15	5.69888e+15	2.49384e+15	1.57788e+15	3.15575e+15	4.73363e+15	6.3115e+15	7.88938e+15	9.48503e+15	1.10381e+16	1.21385e+16	1.31206e+16	2.32805e+16	3.09789e+17	4.53974e+17	1.91944	4.6321	4.6321	4.6321	4.6321	4.6321	4.6321	4.6321	4.66276	4.72664	4.7279	4.69226	4.68986	4.68986	4.68986	
37188.7	6.8565e+17	2.78612e+17	1.21921e+17	7.71407e+16	1.54281e+17	2.31422e+17	3.08563e+17	3.85703e+17	4.62808e+17	5.39966e+17	6.17842e+17	6.95927e+17	7.5936e+17	3.35305e+17	8.59902e+15	6.24101e+15	5.7024e+15	2.49538e+15	1.57885e+15	3.1577e+15	4.73655e+15	6.3154e+15	7.89425e+15	9.49569e+15	1.10636e+16	1.21768e+16	1.31569e+16	2.32811e+16	3.09796e+17	4.53974e+17	1.86612	4.61783	4.61783	4.61783	4.61783	4.61783	4.61783	4.61783	4.65109	4.72205	4.72807	4.6924	4.68986	4.68986	4.68986	
37440.9	6.85657e+17	2.78607e+17	1.21919e+17	7.71392e+16	1.54278e+17	2.31418e+17	3.08557e+17	3.85696e+17	4.62792e+17	5.39924e+17	6.17777e+17	6.95863e+17	7.59372e+17	3.35313e+17	8.59904e+15	6.23709e+15	5.70574e+15	2.49685e+15	1.57978e+15	3.15955e+15	4.73933e+15	6.3191e+15	7.89888e+15	9.50638e+15	1.10903e+16	1.22183e+16	1.31974e+16	2.32818e+16	3.09804e+17	4.53975e+17	1.81593	4.60244	4.60244	4.60244	4.60244	4.60244	4.60244	4.60244	4.63839	4.71679	4.72805	4.69251	4.68986	4.68986	4.68986	
37693.3	6.85664e+17	2.78602e+17	1.21917e+17	7.71379e+16	1.54276e+17	2.31414e+17	3.08552e+17	3.85689e+17	4.62775e+17	5.3988e+17	6.17706e+17	6.95792e+17	7.59384e+17	3.35322e+17	8.59905e+15	6.23319e+15	5.70892e+15	2.49824e+15	1.58066e+15	3.16131e+15	4.74197e+15	6.32263e+15	7.90328e+15	9.51712e+15	1.11183e+16	1.22636e+16	1.32429e+16	2.32826e+16	3.09812e+17	4.53976e+17	1.76869	4.58587	4.58587	4.58587	4.58587	4.58587	4.58587	4.58587	4.62459	4.7108	4.7278	4.69259	4.68986	4.68986	4.68986	
37946	6.85671e+17	2.78597e+17	1.21915e+17	7.71366e+16	1.54273e+17	2.3141e+17	3.08546e+17	3.85683e+17	4.62758e+17	5.39834e+17	6.17628e+17	6.95712e+17	7.59394e+17	3.35331e+17	8.59906e+15	6.22933e+15	5.71194e+15	2.49956e+15	1.58149e+15	3.16299e+15	4.74448e+15	6.32597e+15	7.90746e+15	9.52792e+15	1.11477e+16	1.23129e+16	1.32938e+16	2.32836e+16	3.09821e+17	4.53976e+17	1.72427	4.5681	4.5681	4.5681	4.5681	4.5681	4.5681	4.5681	4.60967	4.70403	4.72728	4.69263	4.68986	4.68986	4.68986	
38198.4	6.85678e+17	2.78593e+17	1.21913e+17	7.71354e+16	1.54271e+17	2.31406e+17	3.08542e+17	3.85677e+17	4.62741e+17	5.39786e+17	6.17544e+17	6.95623e+17	7.59403e+17	3.3534e+17	8.59907e+15	6.22551e+15	5.71479e+15	2.50081e+15	1.58228e+15	3.16456e+15	4.74684e+15	6.32913e+15	7.91141e+15	9.53875e+15	1.11784e+16	1.23665e+16	1.33507e+16	2.32848e+16	3.09829e+17	4.53977e+17	1.68265	4.54915	4.54915	4.54915	4.54915	4.54915	4.54915	4.54915	4.59361	4.69645	4.72646	4.69261	4.68986	4.68986	4.68986	
38448.6	6.85684e+17	2.78589e+17	1.21911e+17	7.71343e+16	1.54269e+17	2.31403e+17	3.08537e+17	3.85671e+17	4.62724e+17	5.39736e+17	6.17453e+17	6.95524e+17	7.59411e+17	3.35349e+17	8.59908e+15	6.22176e+15	5.71746e+15	2.50197e+15	1.58302e+15	3.16604e+15	4.74906e+15	6.33208e+15	7.91509e+15	9.54953e+15	1.12103e+16	1.24242e+16	1.34139e+16	2.32864e+16	3.09837e+17	4.53977e+17	1.64396	4.52913	4.52913	4.52913	4.52913	4.52913	4.52913	4.52913	4.57653	4.68808	4.72532	4.69252	4.68986	4.68986	4.68986	
38701.6	6.85691e+17	2.78585e+17	1.2191e+17	7.71332e+16	1.54266e+17	2.314e+17	3.08533e+17	3.85666e+17	4.62707e+17	5.39683e+17	6.17353e+17	6.95411e+17	7.59418e+17	3.35357e+17	8.59909e+15	6.21802e+15	5.71999e+15	2.50308e+15	1.58372e+15	3.16744e+15	4.75116e+15	6.33488e+15	7.9186e+15	9.56047e+15	1.12439e+16	1.24877e+16	1.34853e+16	2.32885e+16	3.09845e+17	4.53978e+17	1.60729	4.50763	4.50763	4.50763	4.50763	4.50763	4.50763	4.50763	4.55804	4.67868	4.72378	4.69234	4.68985	4.68986	4.68986	
38951.6	6.85698e+17	2.78582e+17	1.21908e+17	7.71322e+16	1.54264e+17	2.31397e+17	3.08529e+17	3.85661e+17	4.6269e+17	5.39628e+17	6.17246e+17	6.95287e+17	7.59422e+17	3.35366e+17	8.5991e+15	6.21437e+15	5.72233e+15	2.50411e+15	1.58437e+15	3.16874e+15	4.75311e+15	6.33748e+15	7.92185e+15	9.57133e+15	1.12786e+16	1.25556e+16	1.35641e+16	2.32913e+16	3.09853e+17	4.53978e+17	1.57336	4.48513	4.48513	4.48513	4.48513	4.48513	4.48513	4.48513	4.53855	4.66845	4.72185	4.69205	4.68985	4.68986	4.68986	
39202.2	6.85704e+17	2.78578e+17	1.21907e+17	7.71313e+16	1.54263e+17	2.31394e+17	3.08525e+17	3.85656e+17	4.62673e+17	5.39571e+17	6.1713e+17	6.95149e+17	7.59425e+17	3.35375e+17	8.5991e+15	6.21076e+15	5.72453e+15	2.50507e+15	1.58498e+15	3.16995e+15	4.75493e+15	6.33991e+15	7.92488e+15	9.58223e+15	1.13149e+16	1.26293e+16	1.3652e+16	2.3295e+16	3.09861e+17	4.53978e+17	1.54153	4.46132	4.46132	4.46132	4.46132	4.46132	4.46132	4.46132	4.51778	4.6572	4.71944	4.69164	4.68984	4.68986	4.68986	
39455.6	6.8571e+17	2.78575e+17	1.21905e+17	7.71304e+16	1.54261e+17	2.31391e+17	3.08522e+17	3.85652e+17	4.62656e+17	5.39511e+17	6.17003e+17	6.94993e+17	7.59426e+17	3.35383e+17	8.59911e+15	6.20716e+15	5.72659e+15	2.50597e+15	1.58555e+15	3.17109e+15	4.75664e+15	6.34219e+15	7.92774e+15	9.59328e+15	1.1353e+16	1.27097e+16	1.37509e+16	2.32999e+16	3.09869e+17	4.53979e+17	1.51139	4.43595	4.43595	4.43595	4.43595	4.43595	4.43595	4.43595	4.4955	4.64475	4.71649	4.69105	4.68982	4.68986	4.68986	
39705.8	6.85717e+17	2.78572e+17	1.21904e+17	7.71296e+16	1.54259e+17	2.31389e+17	3.08519e+17	3.85648e+17	4.62639e+17	5.3945e+17	6.16868e+17	6.94822e+17	7.59423e+17	3.35391e+17	8.59912e+15	6.20366e+15	5.72847e+15	2.50679e+15	1.58607e+15	3.17214e+15	4.75821e+15	6.34427e+15	7.93034e+15	9.6042e+15	1.13921e+16	1.27953e+16	1.38593e+16	2.33062e+16	3.09876e+17	4.53979e+17	1.48355	4.40961	4.40961	4.40961	4.40961	4.40961	4.40961	4.40961	4.47222	4.63137	4.71301	4.69029	4.6898	4.68986	4.68986	
39956.6	6.85723e+17	2.7857e+17	1.21903e+17	7.71289e+16	1.54258e+17	2.31387e+17	3.08516e+17	3.85645e+17	4.62622e+17	5.39386e+17	6.16723e+17	6.94633e+17	7.59417e+17	3.35399e+17	8.59912e+15	6.20019e+15	5.73021e+15	2.50755e+15	1.58655e+15	3.1731e+15	4.75965e+15	6.3462e+15	7.93275e+15	9.61514e+15	1.14327e+16	1.28874e+16	1.39793e+16	2.33144e+16	3.09884e+17	4.5398e+17	1.45745	4.38194	4.38194	4.38194	4.38194	4.38194	4.38194	4.38194	4.44761	4.61683	4.70892	4.68931	4.68978	4.68986	4.68986	
40207.4	6.85729e+17	2.78567e+17	1.21902e+17	7.71283e+16	1.54257e+17	2.31385e+17	3.08513e+17	3.85641e+17	4.62605e+17	5.3932e+17	6.16567e+17	6.94424e+17	7.59407e+17	3.35407e+17	8.59913e+15	6.19678e+15	5.73179e+15	2.50825e+15	1.58699e+15	3.17398e+15	4.76097e+15	6.34795e+15	7.93494e+15	9.62606e+15	1.14746e+16	1.2986e+16	1.41118e+16	2.33249e+16	3.09891e+17	4.5398e+17	1.43301	4.35299	4.35299	4.35299	4.35299	4.35299	4.35299	4.35299	4.42171	4.60111	4.70415	4.68808	4.68974	4.68986	4.68986	
40457.8	6.85735e+17	2.78565e+17	1.21901e+17	7.71277e+16	1.54255e+17	2.31383e+17	3.08511e+17	3.85638e+17	4.62588e+17	5.39252e+17	6.16402e+17	6.94195e+17	7.59392e+17	3.35415e+17	8.59914e+15	6.19343e+15	5.73323e+15	2.50888e+15	1.58739e+15	3.17477e+15	4.76216e+15	6.34955e+15	7.93694e+15	9.63692e+15	1.15178e+16	1.3091e+16	1.42572e+16	2.33383e+16	3.09898e+17	4.5398e+17	1.41019	4.32284	4.32284	4.32284	4.32284	4.32284	4.32284	4.32284	4.39457	4.58423	4.69868	4.68656	4.68968	4.68986	4.68986	
40708.8	6.85741e+17	2.78563e+17	1.219e+17	7.71271e+16	1.54254e+17	2.31381e+17	3.08509e+17	3.85636e+17	4.62571e+17	5.39181e+17	6.16225e+17	6.93942e+17	7.5937e+17	3.35423e+17	8.59914e+15	6.19011e+15	5.73453e+15	2.50945e+15	1.58775e+15	3.17549e+15	4.76324e+15	6.35099e+15	7.93873e+15	9.64776e+15	1.15624e+16	1.32032e+16	1.4417e+16	2.33553e+16	3.09905e+17	4.53981e+17	1.38877	4.29136	4.29136	4.29136	4.29136	4.29136	4.29136	4.29136	4.36607	4.56606	4.69242	4.6847	4.68961	4.68986	4.68986	
40959.1	6.85747e+17	2.78562e+17	1.21899e+17	7.71267e+16	1.54253e+17	2.3138e+17	3.08507e+17	3.85633e+17	4.62554e+17	5.3911e+17	6.16037e+17	6.93668e+17	7.59342e+17	3.3543e+17	8.59915e+15	6.18686e+15	5.73568e+15	2.50995e+15	1.58807e+15	3.17613e+15	4.7642e+15	6.35226e+15	7.94033e+15	9.65849e+15	1.1608e+16	1.33218e+16	1.4591e+16	2.33765e+16	3.09912e+17	4.53981e+17	1.36876	4.25873	4.25873	4.25873	4.25873	4.25873	4.25873	4.25873	4.33637	4.54668	4.68535	4.68248	4.68951	4.68986	4.68986	
41210.1	6.85753e+17	2.7856e+17	1.21899e+17	7.71263e+16	1.54253e+17	2.31379e+17	3.08505e+17	3.85631e+17	4.62538e+17	5.39036e+17	6.15838e+17	6.93368e+17	7.59306e+17	3.35437e+17	8.59915e+15	6.18364e+15	5.7367e+15	2.51039e+15	1.58835e+15	3.17669e+15	4.76504e+15	6.35339e+15	7.94173e+15	9.66914e+15	1.16548e+16	1.34477e+16	1.4781e+16	2.34028e+16	3.09919e+17	4.53981e+17	1.34997	4.2248	4.2248	4.2248	4.2248	4.2248	4.2248	4.2248	4.30531	4.52595	4.67737	4.67983	4.68937	4.68986	4.68986	
41460.9	6.85758e+17	2.78559e+17	1.21898e+17	7.71259e+16	1.54252e+17	2.31378e+17	3.08504e+17	3.8563e+17	4.62521e+17	5.38961e+17	6.15629e+17	6.93042e+17	7.59259e+17	3.35444e+17	8.59916e+15	6.18048e+15	5.73757e+15	2.51078e+15	1.58859e+15	3.17718e+15	4.76577e+15	6.35436e+15	7.94295e+15	9.67967e+15	1.17025e+16	1.35802e+16	1.49869e+16	2.3435e+16	3.09925e+17	4.53981e+17	1.33239	4.18972	4.18972	4.18972	4.18972	4.18972	4.18972	4.18972	4.27303	4.50394	4.66846	4.67671	4.6892	4.68986	4.68986	
41711.7	6.85764e+17	2.78558e+17	1.21898e+17	7.71256e+16	1.54251e+17	2.31377e+17	3.08503e+17	3.85628e+17	4.62505e+17	5.38884e+17	6.15409e+17	6.92691e+17	7.59202e+17	3.3545e+17	8.59916e+15	6.17736e+15	5.73832e+15	2.5111e+15	1.58879e+15	3.17759e+15	4.76638e+15	6.35518e+15	7.94397e+15	9.69004e+15	1.1751e+16	1.37195e+16	1.52095e+16	2.34742e+16	3.09931e+17	4.53982e+17	1.31591	4.15347	4.15347	4.15347	4.15347	4.15347	4.15347	4.15347	4.2395	4.48058	4.65856	4.67307	4.68897	4.68986	4.68986	
41962	6.8577e+17	2.78557e+17	1.21897e+17	7.71254e+16	1.54251e+17	2.31376e+17	3.08502e+17	3.85627e+17	4.62489e+17	5.38807e+17	6.15179e+17	6.92313e+17	7.59131e+17	3.35457e+17	8.59917e+15	6.17429e+15	5.73892e+15	2.51137e+15	1.58896e+15	3.17793e+15	4.76689e+15	6.35585e+15	7.94481e+15	9.70023e+15	1.18002e+16	1.38652e+16	1.54489e+16	2.35214e+16	3.09937e+17	4.53982e+17	1.30048	4.11617	4.11617	4.11617	4.11617	4.11617	4.11617	4.11617	4.20483	4.45593	4.64763	4.66886	4.68868	4.68986	4.68986	
42212.6	6.85775e+17	2.78556e+17	1.21897e+17	7.71252e+16	1.5425e+17	2.31376e+17	3.08501e+17	3.85626e+17	4.62474e+17	5.38728e+17	6.14939e+17	6.91906e+17	7.59045e+17	3.35463e+17	8.59917e+15	6.17126e+15	5.7394e+15	2.51158e+15	1.58909e+15	3.17819e+15	4.76728e+15	6.35638e+15	7.94547e+15	9.71022e+15	1.18501e+16	1.40174e+16	1.5706e+16	2.35778e+16	3.09942e+17	4.53982e+17	1.28599	4.07773	4.07773	4.07773	4.07773	4.07773	4.07773	4.07773	4.16893	4.4299	4.63559	4.66402	4.6883	4.68986	4.68986	
42463.4	6.85781e+17	2.78556e+17	1.21897e+17	7.71251e+16	1.5425e+17	2.31375e+17	3.08501e+17	3.85626e+17	4.62459e+17	5.38649e+17	6.14688e+17	6.91471e+17	7.58943e+17	3.35468e+17	8.59918e+15	6.16828e+15	5.73975e+15	2.51173e+15	1.58919e+15	3.17838e+15	4.76758e+15	6.35677e+15	7.94596e+15	9.72e+15	1.19004e+16	1.41759e+16	1.59812e+16	2.36448e+16	3.09948e+17	4.53982e+17	1.27238	4.03821	4.03821	4.03821	4.03821	4.03821	4.03821	4.03821	4.13184	4.40249	4.6224	4.65849	4.68784	4.68986	4.68986	
42714	6.85786e+17	2.78556e+17	1.21897e+17	7.71251e+16	1.5425e+17	2.31375e+17	3.085e+17	3.85625e+17	4.62444e+17	5.38569e+17	6.14429e+17	6.91008e+17	7.58821e+17	3.35474e+17	8.59918e+15	6.16534e+15	5.73998e+15	2.51183e+15	1.58925e+15	3.17851e+15	4.76776e+15	6.35702e+15	7.94627e+15	9.72952e+15	1.1951e+16	1.43401e+16	1.62741e+16	2.37236e+16	3.09953e+17	4.53983e+17	1.25962	3.99773	3.99773	3.99773	3.99773	3.99773	3.99773	3.99773	4.09368	4.37376	4.60803	4.65222	4.68725	4.68986	4.68986	
42964.8	6.85791e+17	2.78556e+17	1.21897e+17	7.71251e+16	1.5425e+17	2.31375e+17	3.085e+17	3.85625e+17	4.62429e+17	5.38489e+17	6.1416e+17	6.90516e+17	7.58678e+17	3.35479e+17	8.59919e+15	6.16243e+15	5.74008e+15	2.51187e+15	1.58928e+15	3.17856e+15	4.76785e+15	6.35713e+15	7.94641e+15	9.73877e+15	1.20018e+16	1.45099e+16	1.65853e+16	2.38158e+16	3.09958e+17	4.53983e+17	1.24762	3.95623	3.95623	3.95623	3.95623	3.95623	3.95623	3.95623	4.05438	4.34364	4.5924	4.64514	4.68653	4.68986	4.68986	
43215.3	6.85797e+17	2.78556e+17	1.21897e+17	7.71251e+16	1.5425e+17	2.31375e+17	3.085e+17	3.85626e+17	4.62415e+17	5.38409e+17	6.13884e+17	6.89995e+17	7.58512e+17	3.35484e+17	8.59919e+15	6.15957e+15	5.74006e+15	2.51186e+15	1.58928e+15	3.17855e+15	4.76783e+15	6.35711e+15	7.94639e+15	9.7477e+15	1.20526e+16	1.46848e+16	1.69142e+16	2.39226e+16	3.09962e+17	4.53983e+17	1.23635	3.91387	3.91387	3.91387	3.91387	3.91387	3.91387	3.91387	4.01409	4.31221	4.57551	4.6372	4.68564	4.68986	4.68986	
43466.2	6.85802e+17	2.78556e+17	1.21897e+17	7.71252e+16	1.5425e+17	2.31376e+17	3.08501e+17	3.85626e+17	4.62402e+17	5.38329e+17	6.13599e+17	6.89446e+17	7.5832e+17	3.35489e+17	8.5992e+15	6.15674e+15	5.73992e+15	2.51181e+15	1.58924e+15	3.17848e+15	4.76772e+15	6.35696e+15	7.9462e+15	9.75632e+15	1.21032e+16	1.48646e+16	1.72615e+16	2.40457e+16	3.09967e+17	4.53983e+17	1.22574	3.87057	3.87057	3.87057	3.87057	3.87057	3.87057	3.87057	3.97273	4.27939	4.55728	4.62833	4.68456	4.68986	4.68986	
43716.4	6.85807e+17	2.78557e+17	1.21897e+17	7.71254e+16	1.54251e+17	2.31376e+17	3.08501e+17	3.85627e+17	4.62389e+17	5.3825e+17	6.13309e+17	6.8887e+17	7.581e+17	3.35493e+17	8.5992e+15	6.15395e+15	5.73968e+15	2.5117e+15	1.58917e+15	3.17834e+15	4.76751e+15	6.35668e+15	7.94586e+15	9.76456e+15	1.21534e+16	1.50481e+16	1.76252e+16	2.41862e+16	3.09971e+17	4.53984e+17	1.2158	3.82657	3.82657	3.82657	3.82657	3.82657	3.82657	3.82657	3.93052	4.24536	4.53774	4.6185	4.68326	4.68986	4.68986	
43967.3	6.85812e+17	2.78558e+17	1.21898e+17	7.71255e+16	1.54251e+17	2.31377e+17	3.08502e+17	3.85628e+17	4.62377e+17	5.38171e+17	6.13012e+17	6.88266e+17	7.57848e+17	3.35497e+17	8.59921e+15	6.15119e+15	5.73931e+15	2.51154e+15	1.58907e+15	3.17814e+15	4.76721e+15	6.35628e+15	7.94536e+15	9.77244e+15	1.22031e+16	1.52358e+16	1.80069e+16	2.43463e+16	3.09975e+17	4.53984e+17	1.20641	3.78169	3.78169	3.78169	3.78169	3.78169	3.78169	3.78169	3.8873	4.20994	4.51677	4.6076	4.6817	4.68986	4.68986	
44218.1	6.85817e+17	2.78558e+17	1.21898e+17	7.71258e+16	1.54252e+17	2.31377e+17	3.08503e+17	3.85629e+17	4.62365e+17	5.38094e+17	6.1271e+17	6.87636e+17	7.57564e+17	3.35501e+17	8.59921e+15	6.14846e+15	5.73884e+15	2.51133e+15	1.58894e+15	3.17788e+15	4.76682e+15	6.35576e+15	7.9447e+15	9.77991e+15	1.22522e+16	1.54266e+16	1.84048e+16	2.4527e+16	3.09978e+17	4.53984e+17	1.19759	3.73612	3.73612	3.73612	3.73612	3.73612	3.73612	3.73612	3.84324	4.17328	4.49439	4.5956	4.67985	4.68986	4.68986	
44468.6	6.85822e+17	2.78559e+17	1.21898e+17	7.71261e+16	1.54252e+17	2.31378e+17	3.08504e+17	3.8563e+17	4.62354e+17	5.38018e+17	6.12405e+17	6.86982e+17	7.57245e+17	3.35504e+17	8.59921e+15	6.14577e+15	5.73827e+15	2.51108e+15	1.58878e+15	3.17756e+15	4.76634e+15	6.35513e+15	7.94391e+15	9.78695e+15	1.23004e+16	1.56197e+16	1.88179e+16	2.47296e+16	3.09982e+17	4.53984e+17	1.18929	3.68996	3.68996	3.68996	3.68996	3.68996	3.68996	3.68996	3.79843	4.13542	4.4706	4.58246	4.67766	4.68986	4.68986	
44719.1	6.85827e+17	2.78561e+17	1.21899e+17	7.71264e+16	1.54253e+17	2.31379e+17	3.08506e+17	3.85632e+17	4.62344e+17	5.37944e+17	6.12096e+17	6.86304e+17	7.56888e+17	3.35508e+17	8.59922e+15	6.14311e+15	5.73759e+15	2.51078e+15	1.58859e+15	3.17719e+15	4.76578e+15	6.35438e+15	7.94297e+15	9.79354e+15	1.23477e+16	1.58148e+16	1.92459e+16	2.49557e+16	3.09985e+17	4.53985e+17	1.18149	3.6432	3.6432	3.6432	3.6432	3.6432	3.6432	3.6432	3.75288	4.09636	4.44537	4.56811	4.67508	4.68986	4.68986	
44969.4	6.85832e+17	2.78562e+17	1.21899e+17	7.71268e+16	1.54254e+17	2.3138e+17	3.08507e+17	3.85634e+17	4.62335e+17	5.37871e+17	6.11786e+17	6.85605e+17	7.56493e+17	3.35511e+17	8.59922e+15	6.14048e+15	5.73681e+15	2.51044e+15	1.58838e+15	3.17676e+15	4.76514e+15	6.35351e+15	7.94189e+15	9.79966e+15	1.23937e+16	1.60111e+16	1.96873e+16	2.52064e+16	3.09988e+17	4.53985e+17	1.17414	3.59592	3.59592	3.59592	3.59592	3.59592	3.59592	3.59592	3.70665	4.05616	4.41869	4.55251	4.67208	4.68986	4.68986	
45219.8	6.85837e+17	2.78564e+17	1.219e+17	7.71272e+16	1.54254e+17	2.31382e+17	3.08509e+17	3.85636e+17	4.62326e+17	5.378e+17	6.11474e+17	6.84885e+17	7.56056e+17	3.35513e+17	8.59923e+15	6.13787e+15	5.73594e+15	2.51006e+15	1.58814e+15	3.17627e+15	4.76441e+15	6.35255e+15	7.94068e+15	9.8053e+15	1.24384e+16	1.6208e+16	2.01415e+16	2.54829e+16	3.09991e+17	4.53985e+17	1.16722	3.54818	3.54818	3.54818	3.54818	3.54818	3.54818	3.54818	3.6598	4.01485	4.39054	4.53559	4.6686	4.68986	4.68986	
45473.2	6.85841e+17	2.78565e+17	1.21901e+17	7.71277e+16	1.54255e+17	2.31383e+17	3.08511e+17	3.85638e+17	4.62318e+17	5.37731e+17	6.11159e+17	6.84138e+17	7.55569e+17	3.35516e+17	8.59923e+15	6.13526e+15	5.73496e+15	2.50963e+15	1.58786e+15	3.17573e+15	4.7636e+15	6.35146e+15	7.93932e+15	9.81049e+15	1.24822e+16	1.64072e+16	2.06127e+16	2.57902e+16	3.09994e+17	4.53985e+17	1.16063	3.49944	3.49944	3.49944	3.49944	3.49944	3.49944	3.49944	3.61181	3.97196	4.36057	4.5171	4.66453	4.68986	4.68986	
45723.4	6.85846e+17	2.78567e+17	1.21902e+17	7.71282e+16	1.54256e+17	2.31385e+17	3.08513e+17	3.85641e+17	4.62311e+17	5.37666e+17	6.10848e+17	6.83384e+17	7.55044e+17	3.35517e+17	8.59923e+15	6.13271e+15	5.7339e+15	2.50917e+15	1.58757e+15	3.17514e+15	4.76271e+15	6.35029e+15	7.93786e+15	9.8151e+15	1.25238e+16	1.66033e+16	2.10882e+16	2.61213e+16	3.09996e+17	4.53985e+17	1.15451	3.45095	3.45095	3.45095	3.45095	3.45095	3.45095	3.45095	3.5639	3.92857	4.32949	4.49743	4.65993	4.68986	4.68986	
45973.6	6.85851e+17	2.78569e+17	1.21903e+17	7.71287e+16	1.54257e+17	2.31386e+17	3.08515e+17	3.85644e+17	4.62305e+17	5.37603e+17	6.1054e+17	6.82616e+17	7.54474e+17	3.35518e+17	8.59924e+15	6.13018e+15	5.73275e+15	2.50867e+15	1.58725e+15	3.17451e+15	4.76176e+15	6.34902e+15	7.93627e+15	9.81918e+15	1.25636e+16	1.6798e+16	2.15724e+16	2.64803e+16	3.09998e+17	4.53986e+17	1.14875	3.40217	3.40217	3.40217	3.40217	3.40217	3.40217	3.40217	3.51554	3.88422	4.29695	4.47633	4.65468	4.68986	4.68986	
46226.8	6.85856e+17	2.78571e+17	1.21903e+17	7.71293e+16	1.54259e+17	2.31388e+17	3.08517e+17	3.85647e+17	4.62299e+17	5.37543e+17	6.10232e+17	6.81827e+17	7.53851e+17	3.35519e+17	8.59924e+15	6.12765e+15	5.7315e+15	2.50812e+15	1.58691e+15	3.17382e+15	4.76073e+15	6.34763e+15	7.93454e+15	9.82276e+15	1.26021e+16	1.69929e+16	2.20697e+16	2.68725e+16	3.1e+17	4.53986e+17	1.14326	3.35257	3.35257	3.35257	3.35257	3.35257	3.35257	3.35257	3.46621	3.83841	4.26256	4.45349	4.64866	4.68986	4.68986	
46480	6.8586e+17	2.78573e+17	1.21904e+17	7.71299e+16	1.5426e+17	2.3139e+17	3.0852e+17	3.8565e+17	4.62295e+17	5.37485e+17	6.09927e+17	6.81029e+17	7.53182e+17	3.35519e+17	8.59924e+15	6.12513e+15	5.73017e+15	2.50754e+15	1.58654e+15	3.17308e+15	4.75962e+15	6.34616e+15	7.9327e+15	9.82578e+15	1.26384e+16	1.7185e+16	2.25726e+16	2.72939e+16	3.10002e+17	4.53986e+17	1.13811	3.3028	3.3028	3.3028	3.3028	3.3028	3.3028	3.3028	3.41655	3.79173	4.22672	4.42912	4.64185	4.68985	4.68986	
46730	6.85865e+17	2.78576e+17	1.21905e+17	7.71306e+16	1.54261e+17	2.31392e+17	3.08522e+17	3.85653e+17	4.62291e+17	5.37432e+17	6.09632e+17	6.80234e+17	7.52475e+17	3.35519e+17	8.59925e+15	6.12267e+15	5.72878e+15	2.50693e+15	1.58615e+15	3.17231e+15	4.75846e+15	6.34462e+15	7.93077e+15	9.8282e+15	1.26723e+16	1.73713e+16	2.30731e+16	2.77388e+16	3.10004e+17	4.53986e+17	1.13332	3.25354	3.25354	3.25354	3.25354	3.25354	3.25354	3.25354	3.36725	3.74483	4.18993	4.40353	4.63431	4.68985	4.68986	
46980	6.8587e+17	2.78578e+17	1.21907e+17	7.71313e+16	1.54263e+17	2.31394e+17	3.08525e+17	3.85656e+17	4.62289e+17	5.37382e+17	6.09344e+17	6.79436e+17	7.51723e+17	3.35519e+17	8.59925e+15	6.12023e+15	5.72731e+15	2.50629e+15	1.58575e+15	3.17149e+15	4.75724e+15	6.34299e+15	7.92874e+15	9.83007e+15	1.27039e+16	1.75535e+16	2.35759e+16	2.82121e+16	3.10006e+17	4.53986e+17	1.12883	3.20423	3.20423	3.20423	3.20423	3.20423	3.20423	3.20423	3.31775	3.69721	4.15177	4.37641	4.62588	4.68984	4.68986	
47233.1	6.85874e+17	2.78581e+17	1.21908e+17	7.7132e+16	1.54264e+17	2.31396e+17	3.08528e+17	3.8566e+17	4.62287e+17	5.37335e+17	6.09059e+17	6.78627e+17	7.50916e+17	3.35518e+17	8.59926e+15	6.11777e+15	5.72575e+15	2.5056e+15	1.58532e+15	3.17063e+15	4.75595e+15	6.34126e+15	7.92658e+15	9.83138e+15	1.27336e+16	1.77331e+16	2.40852e+16	2.87196e+16	3.10008e+17	4.53987e+17	1.12455	3.15431	3.15431	3.15431	3.15431	3.15431	3.15431	3.15431	3.26751	3.64833	4.11179	4.34739	4.61639	4.68983	4.68986	
47485.4	6.85879e+17	2.78584e+17	1.21909e+17	7.71327e+16	1.54265e+17	2.31398e+17	3.08531e+17	3.85664e+17	4.62286e+17	5.37293e+17	6.08784e+17	6.77822e+17	7.50067e+17	3.35517e+17	8.59926e+15	6.11534e+15	5.72412e+15	2.50489e+15	1.58486e+15	3.16973e+15	4.75459e+15	6.33946e+15	7.92432e+15	9.83211e+15	1.27608e+16	1.79069e+16	2.45919e+16	2.92535e+16	3.10011e+17	4.53987e+17	1.12055	3.1046	3.1046	3.1046	3.1046	3.1046	3.1046	3.1046	3.21732	3.59897	4.07061	4.31687	4.60589	4.68982	4.68986	
47735.5	6.85883e+17	2.78586e+17	1.2191e+17	7.71335e+16	1.54267e+17	2.31401e+17	3.08534e+17	3.85668e+17	4.62286e+17	5.37254e+17	6.08521e+17	6.77029e+17	7.49184e+17	3.35515e+17	8.59926e+15	6.11295e+15	5.72244e+15	2.50416e+15	1.5844e+15	3.1688e+15	4.7532e+15	6.3376e+15	7.922e+15	9.83227e+15	1.27852e+16	1.80732e+16	2.50909e+16	2.98092e+16	3.10013e+17	4.53987e+17	1.11683	3.05545	3.05545	3.05545	3.05545	3.05545	3.05545	3.05545	3.16756	3.54951	4.02855	4.28506	4.59441	4.68981	4.68986	
47985.5	6.85888e+17	2.78589e+17	1.21911e+17	7.71343e+16	1.54269e+17	2.31403e+17	3.08537e+17	3.85672e+17	4.62287e+17	5.3722e+17	6.08267e+17	6.76244e+17	7.48259e+17	3.35513e+17	8.59926e+15	6.11057e+15	5.7207e+15	2.50339e+15	1.58392e+15	3.16783e+15	4.75175e+15	6.33567e+15	7.91959e+15	9.83186e+15	1.28072e+16	1.82331e+16	2.55851e+16	3.03902e+16	3.10016e+17	4.53987e+17	1.11334	3.00646	3.00646	3.00646	3.00646	3.00646	3.00646	3.00646	3.11784	3.49959	3.98529	4.25171	4.5818	4.68979	4.68986	
48237.7	6.85892e+17	2.78592e+17	1.21913e+17	7.71351e+16	1.5427e+17	2.31405e+17	3.08541e+17	3.85676e+17	4.62288e+17	5.37189e+17	6.08023e+17	6.75462e+17	7.47288e+17	3.3551e+17	8.59927e+15	6.10819e+15	5.71888e+15	2.5026e+15	1.58341e+15	3.16683e+15	4.75024e+15	6.33365e+15	7.91707e+15	9.83089e+15	1.28268e+16	1.83873e+16	2.60768e+16	3.10004e+16	3.10018e+17	4.53987e+17	1.11005	2.95728	2.95728	2.95728	2.95728	2.95728	2.95728	2.95728	3.06779	3.44883	3.9405	4.21652	4.56787	4.68976	4.68986	
48490.5	6.85897e+17	2.78595e+17	1.21914e+17	7.7136e+16	1.54272e+17	2.31408e+17	3.08544e+17	3.8568e+17	4.62291e+17	5.37162e+17	6.0779e+17	6.74692e+17	7.46278e+17	3.35506e+17	8.59927e+15	6.10582e+15	5.717e+15	2.50177e+15	1.58289e+15	3.16578e+15	4.74868e+15	6.33157e+15	7.91446e+15	9.82935e+15	1.28439e+16	1.85343e+16	2.65613e+16	3.16351e+16	3.10021e+17	4.53987e+17	1.10696	2.90824	2.90824	2.90824	2.90824	2.90824	2.90824	2.90824	3.01776	3.39759	3.89448	4.1797	4.55263	4.68973	4.68986	
48743.3	6.85901e+17	2.78599e+17	1.21915e+17	7.71369e+16	1.54274e+17	2.31411e+17	3.08548e+17	3.85684e+17	4.62295e+17	5.3714e+17	6.0757e+17	6.73937e+17	7.45234e+17	3.35502e+17	8.59927e+15	6.10346e+15	5.71506e+15	2.50092e+15	1.58235e+15	3.16471e+15	4.74706e+15	6.32942e+15	7.91177e+15	9.82725e+15	1.28582e+16	1.86733e+16	2.70355e+16	3.22908e+16	3.10025e+17	4.53988e+17	1.10408	2.85953	2.85953	2.85953	2.85953	2.85953	2.85953	2.85953	2.96795	3.34609	3.84743	4.14136	4.53605	4.68969	4.68986	
48996	6.85906e+17	2.78602e+17	1.21917e+17	7.71378e+16	1.54276e+17	2.31413e+17	3.08551e+17	3.85689e+17	4.62299e+17	5.37122e+17	6.07363e+17	6.73202e+17	7.44159e+17	3.35496e+17	8.59928e+15	6.10111e+15	5.71306e+15	2.50005e+15	1.5818e+15	3.16361e+15	4.74541e+15	6.32721e+15	7.90902e+15	9.82462e+15	1.28699e+16	1.88037e+16	2.74976e+16	3.29653e+16	3.10028e+17	4.53988e+17	1.10139	2.81122	2.81122	2.81122	2.81122	2.81122	2.81122	2.81122	2.91841	3.29441	3.7994	4.10155	4.51809	4.68964	4.68986	
49248.8	6.8591e+17	2.78605e+17	1.21918e+17	7.71387e+16	1.54277e+17	2.31416e+17	3.08555e+17	3.85694e+17	4.62304e+17	5.37108e+17	6.07171e+17	6.72488e+17	7.43056e+17	3.3549e+17	8.59928e+15	6.09878e+15	5.71102e+15	2.49916e+15	1.58124e+15	3.16247e+15	4.74371e+15	6.32495e+15	7.90619e+15	9.82144e+15	1.28789e+16	1.89254e+16	2.79464e+16	3.36572e+16	3.10032e+17	4.53988e+17	1.09888	2.76329	2.76329	2.76329	2.76329	2.76329	2.76329	2.76329	2.86916	3.24256	3.75043	4.06026	4.49868	4.68958	4.68986	
49501.6	6.85915e+17	2.78609e+17	1.2192e+17	7.71397e+16	1.54279e+17	2.31419e+17	3.08559e+17	3.85698e+17	4.6231e+17	5.37098e+17	6.06992e+17	6.71798e+17	7.4193e+17	3.35483e+17	8.59928e+15	6.09645e+15	5.70893e+15	2.49824e+15	1.58066e+15	3.16132e+15	4.74198e+15	6.32263e+15	7.90329e+15	9.81774e+15	1.28852e+16	1.90379e+16	2.838e+16	3.43636e+16	3.10037e+17	4.53988e+17	1.09655	2.71582	2.71582	2.71582	2.71582	2.71582	2.71582	2.71582	2.82027	3.19064	3.70063	4.01757	4.47779	4.6895	4.68986	
49754.1	6.85919e+17	2.78612e+17	1.21921e+17	7.71407e+16	1.54281e+17	2.31422e+17	3.08563e+17	3.85703e+17	4.62317e+17	5.37092e+17	6.06829e+17	6.71134e+17	7.40786e+17	3.35476e+17	8.59929e+15	6.09414e+15	5.7068e+15	2.49731e+15	1.58007e+15	3.16014e+15	4.7402e+15	6.32027e+15	7.90034e+15	9.81354e+15	1.28888e+16	1.91408e+16	2.87964e+16	3.50811e+16	3.10041e+17	4.53988e+17	1.09439	2.66892	2.66892	2.66892	2.66892	2.66892	2.66892	2.66892	2.77186	3.13879	3.65011	3.97358	4.45539	4.6894	4.68986	
50005.9	6.85923e+17	2.78616e+17	1.21923e+17	7.71417e+16	1.54283e+17	2.31425e+17	3.08567e+17	3.85708e+17	4.62325e+17	5.37091e+17	6.06682e+17	6.70502e+17	7.3963e+17	3.35467e+17	8.59929e+15	6.09185e+15	5.70463e+15	2.49636e+15	1.57947e+15	3.15893e+15	4.7384e+15	6.31787e+15	7.89734e+15	9.80886e+15	1.28898e+16	1.92339e+16	2.91938e+16	3.58059e+16	3.10047e+17	4.53988e+17	1.09238	2.62268	2.62268	2.62268	2.62268	2.62268	2.62268	2.62268	2.72403	3.08714	3.59905	3.92842	4.4315	4.68928	4.68986	
50258.3	6.85928e+17	2.78619e+17	1.21925e+17	7.71427e+16	1.54285e+17	2.31428e+17	3.08571e+17	3.85713e+17	4.62333e+17	5.37094e+17	6.0655e+17	6.69898e+17	7.38459e+17	3.35457e+17	8.59929e+15	6.08956e+15	5.70241e+15	2.49539e+15	1.57885e+15	3.15771e+15	4.73656e+15	6.31542e+15	7.89427e+15	9.8037e+15	1.28883e+16	1.93173e+16	2.95731e+16	3.65394e+16	3.10052e+17	4.53989e+17	1.09052	2.57689	2.57689	2.57689	2.57689	2.57689	2.57689	2.57689	2.67656	3.03547	3.54722	3.88189	4.40596	4.68913	4.68986	
50510.7	6.85932e+17	2.78623e+17	1.21926e+17	7.71437e+16	1.54287e+17	2.31431e+17	3.08575e+17	3.85718e+17	4.62342e+17	5.37101e+17	6.06434e+17	6.69326e+17	7.37282e+17	3.35447e+17	8.5993e+15	6.08727e+15	5.70016e+15	2.49441e+15	1.57823e+15	3.15646e+15	4.73469e+15	6.31292e+15	7.89115e+15	9.79808e+15	1.28842e+16	1.93907e+16	2.99317e+16	3.72764e+16	3.10058e+17	4.53989e+17	1.0888	2.53172	2.53172	2.53172	2.53172	2.53172	2.53172	2.53172	2.62964	2.98401	3.49488	3.83421	4.37881	4.68896	4.68986	
50763.2	6.85936e+17	2.78627e+17	1.21928e+17	7.71447e+16	1.54289e+17	2.31434e+17	3.08579e+17	3.85724e+17	4.62352e+17	5.37111e+17	6.06334e+17	6.68789e+17	7.36103e+17	3.35435e+17	8.5993e+15	6.085e+15	5.69787e+15	2.4934e+15	1.5776e+15	3.1552e+15	4.73279e+15	6.31039e+15	7.88799e+15	9.79201e+15	1.28776e+16	1.94541e+16	3.02691e+16	3.80149e+16	3.10065e+17	4.53989e+17	1.08722	2.48716	2.48716	2.48716	2.48716	2.48716	2.48716	2.48716	2.58327	2.93276	3.44203	3.78539	4.35	4.68874	4.68986	
51015.7	6.85941e+17	2.78631e+17	1.21929e+17	7.71458e+16	1.54292e+17	2.31437e+17	3.08583e+17	3.85729e+17	4.62363e+17	5.37126e+17	6.06249e+17	6.68287e+17	7.34926e+17	3.35423e+17	8.5993e+15	6.08273e+15	5.69556e+15	2.49239e+15	1.57696e+15	3.15391e+15	4.73087e+15	6.30782e+15	7.88478e+15	9.78553e+15	1.28685e+16	1.95073e+16	3.05838e+16	3.87513e+16	3.10071e+17	4.53989e+17	1.08576	2.44328	2.44328	2.44328	2.44328	2.44328	2.44328	2.44328	2.53751	2.88182	3.38881	3.73554	4.31954	4.68848	4.68986	
51267.8	6.85945e+17	2.78634e+17	1.21931e+17	7.71468e+16	1.54294e+17	2.31441e+17	3.08587e+17	3.85734e+17	4.62374e+17	5.37144e+17	6.06182e+17	6.67824e+17	7.33759e+17	3.35409e+17	8.59931e+15	6.08048e+15	5.69321e+15	2.49136e+15	1.57631e+15	3.15261e+15	4.72892e+15	6.30523e+15	7.88153e+15	9.77866e+15	1.28572e+16	1.95502e+16	3.08747e+16	3.94814e+16	3.10079e+17	4.53989e+17	1.08442	2.40016	2.40016	2.40016	2.40016	2.40016	2.40016	2.40016	2.49246	2.83132	3.33537	3.68483	4.28747	4.68818	4.68986	
51519.9	6.85949e+17	2.78638e+17	1.21933e+17	7.71479e+16	1.54296e+17	2.31444e+17	3.08592e+17	3.8574e+17	4.62386e+17	5.37166e+17	6.0613e+17	6.67398e+17	7.32605e+17	3.35395e+17	8.59931e+15	6.07823e+15	5.69084e+15	2.49033e+15	1.57565e+15	3.1513e+15	4.72695e+15	6.3026e+15	7.87825e+15	9.77141e+15	1.28435e+16	1.9583e+16	3.11415e+16	4.02035e+16	3.10086e+17	4.53989e+17	1.08319	2.35776	2.35776	2.35776	2.35776	2.35776	2.35776	2.35776	2.4481	2.78124	3.28171	3.63325	4.25376	4.68781	4.68986	
51771.9	6.85953e+17	2.78642e+17	1.21935e+17	7.7149e+16	1.54298e+17	2.31447e+17	3.08596e+17	3.85745e+17	4.62398e+17	5.37191e+17	6.06094e+17	6.67013e+17	7.31467e+17	3.35381e+17	8.59931e+15	6.07599e+15	5.68845e+15	2.48928e+15	1.57499e+15	3.14997e+15	4.72496e+15	6.29995e+15	7.87493e+15	9.7638e+15	1.28276e+16	1.96058e+16	3.13836e+16	4.09148e+16	3.10094e+17	4.53989e+17	1.08208	2.31611	2.31611	2.31611	2.31611	2.31611	2.31611	2.31611	2.40444	2.73162	3.22791	3.58087	4.2184	4.68739	4.68986	
52023.4	6.85958e+17	2.78646e+17	1.21936e+17	7.71501e+16	1.543e+17	2.3145e+17	3.086e+17	3.8575e+17	4.62411e+17	5.3722e+17	6.06074e+17	6.66668e+17	7.30354e+17	3.35366e+17	8.59931e+15	6.07376e+15	5.68603e+15	2.48822e+15	1.57432e+15	3.14864e+15	4.72296e+15	6.29727e+15	7.87159e+15	9.75588e+15	1.28097e+16	1.96185e+16	3.15999e+16	4.16105e+16	3.10102e+17	4.5399e+17	1.08106	2.27532	2.27532	2.27532	2.27532	2.27532	2.27532	2.27532	2.3616	2.68263	3.17416	3.52793	4.18151	4.68688	4.68986	
52275.3	6.85962e+17	2.7865e+17	1.21938e+17	7.71512e+16	1.54302e+17	2.31454e+17	3.08605e+17	3.85756e+17	4.62424e+17	5.37252e+17	6.0607e+17	6.66363e+17	7.29264e+17	3.3535e+17	8.59932e+15	6.07153e+15	5.68359e+15	2.48716e+15	1.57364e+15	3.14729e+15	4.72093e+15	6.29457e+15	7.86822e+15	9.74763e+15	1.27897e+16	1.96216e+16	3.17911e+16	4.22912e+16	3.1011e+17	4.5399e+17	1.08014	2.23522	2.23522	2.23522	2.23522	2.23522	2.23522	2.23522	2.31943	2.63409	3.1203	3.47425	4.14293	4.6863	4.68986	
52527.5	6.85966e+17	2.78654e+17	1.2194e+17	7.71523e+16	1.54305e+17	2.31457e+17	3.08609e+17	3.85762e+17	4.62438e+17	5.37287e+17	6.0608e+17	6.66099e+17	7.28204e+17	3.35335e+17	8.59932e+15	6.06931e+15	5.68113e+15	2.48608e+15	1.57296e+15	3.14593e+15	4.71889e+15	6.29185e+15	7.86481e+15	9.73907e+15	1.27678e+16	1.96149e+16	3.19566e+16	4.29531e+16	3.10118e+17	4.5399e+17	1.07931	2.19588	2.19588	2.19588	2.19588	2.19588	2.19588	2.19588	2.27799	2.5861	3.06647	3.42001	4.10273	4.68561	4.68986	
52779.7	6.8597e+17	2.78658e+17	1.21942e+17	7.71534e+16	1.54307e+17	2.3146e+17	3.08614e+17	3.85767e+17	4.62452e+17	5.37325e+17	6.06106e+17	6.65877e+17	7.2718e+17	3.3532e+17	8.59932e+15	6.06709e+15	5.67866e+15	2.485e+15	1.57228e+15	3.14455e+15	4.71683e+15	6.28911e+15	7.86139e+15	9.73025e+15	1.2744e+16	1.95988e+16	3.2096e+16	4.35928e+16	3.10126e+17	4.5399e+17	1.07856	2.15737	2.15737	2.15737	2.15737	2.15737	2.15737	2.15737	2.23736	2.53877	3.01281	3.36533	4.061	4.68482	4.68986	
53031.3	6.85975e+17	2.78662e+17	1.21943e+17	7.71546e+16	1.54309e+17	2.31464e+17	3.08618e+17	3.85773e+17	4.62466e+17	5.37366e+17	6.06147e+17	6.65697e+17	7.26196e+17	3.35305e+17	8.59933e+15	6.06488e+15	5.67617e+15	2.48391e+15	1.57159e+15	3.14318e+15	4.71477e+15	6.28636e+15	7.85794e+15	9.72119e+15	1.27185e+16	1.95736e+16	3.2209e+16	4.42068e+16	3.10134e+17	4.5399e+17	1.07789	2.11974	2.11974	2.11974	2.11974	2.11974	2.11974	2.11974	2.19761	2.4922	2.95946	3.31041	4.01785	4.6839	4.68986	
53283	6.85979e+17	2.78666e+17	1.21945e+17	7.71557e+16	1.54311e+17	2.31467e+17	3.08623e+17	3.85778e+17	4.62481e+17	5.37409e+17	6.06201e+17	6.65558e+17	7.25255e+17	3.35292e+17	8.59933e+15	6.06267e+15	5.67367e+15	2.48281e+15	1.5709e+15	3.14179e+15	4.71269e+15	6.28359e+15	7.85448e+15	9.71191e+15	1.26914e+16	1.95395e+16	3.22961e+16	4.47941e+16	3.10141e+17	4.5399e+17	1.0773	2.08294	2.08294	2.08294	2.08294	2.08294	2.08294	2.08294	2.15867	2.44634	2.90638	3.25521	3.97323	4.68285	4.68986	
53534.1	6.85983e+17	2.78671e+17	1.21947e+17	7.71568e+16	1.54314e+17	2.31471e+17	3.08627e+17	3.85784e+17	4.62496e+17	5.37454e+17	6.06269e+17	6.65461e+17	7.24363e+17	3.3528e+17	8.59933e+15	6.06048e+15	5.67117e+15	2.48172e+15	1.5702e+15	3.14041e+15	4.71061e+15	6.28082e+15	7.85102e+15	9.70244e+15	1.26629e+16	1.94968e+16	3.23572e+16	4.53507e+16	3.10147e+17	4.53991e+17	1.07679	2.04707	2.04707	2.04707	2.04707	2.04707	2.04707	2.04707	2.12067	2.40134	2.85381	3.19999	3.92736	4.68165	4.68986	
53785.7	6.85987e+17	2.78675e+17	1.21949e+17	7.7158e+16	1.54316e+17	2.31474e+17	3.08632e+17	3.8579e+17	4.62512e+17	5.37502e+17	6.0635e+17	6.65404e+17	7.23518e+17	3.35271e+17	8.59934e+15	6.05828e+15	5.66865e+15	2.48062e+15	1.56951e+15	3.13901e+15	4.70852e+15	6.27802e+15	7.84753e+15	9.69277e+15	1.26328e+16	1.94458e+16	3.23929e+16	4.58776e+16	3.10152e+17	4.53991e+17	1.07633	2.01195	2.01195	2.01195	2.01195	2.01195	2.01195	2.01195	2.08342	2.35699	2.8015	3.14455	3.88003	4.68027	4.68986	
54037.3	6.85992e+17	2.78679e+17	1.21951e+17	7.71591e+16	1.54318e+17	2.31477e+17	3.08636e+17	3.85796e+17	4.62528e+17	5.37552e+17	6.06444e+17	6.65388e+17	7.22726e+17	3.35264e+17	8.59934e+15	6.05609e+15	5.66612e+15	2.47951e+15	1.56881e+15	3.13761e+15	4.70642e+15	6.27523e+15	7.84403e+15	9.68294e+15	1.26015e+16	1.93868e+16	3.24035e+16	4.63712e+16	3.10156e+17	4.53991e+17	1.07594	1.97769	1.97769	1.97769	1.97769	1.97769	1.97769	1.97769	2.04703	2.31345	2.74969	3.08912	3.83146	4.67871	4.68986	
54288.9	6.85996e+17	2.78683e+17	1.21952e+17	7.71603e+16	1.54321e+17	2.31481e+17	3.08641e+17	3.85801e+17	4.62544e+17	5.37604e+17	6.0655e+17	6.65411e+17	7.21991e+17	3.3526e+17	8.59934e+15	6.0539e+15	5.66359e+15	2.4784e+15	1.56811e+15	3.13621e+15	4.70432e+15	6.27242e+15	7.84053e+15	9.67296e+15	1.25689e+16	1.93202e+16	3.23892e+16	4.68298e+16	3.10159e+17	4.53991e+17	1.07561	1.9443	1.9443	1.9443	1.9443	1.9443	1.9443	1.9443	2.01152	2.27076	2.69842	3.0338	3.78171	4.67693	4.68986	
54540.5	6.86e+17	2.78687e+17	1.21954e+17	7.71614e+16	1.54323e+17	2.31484e+17	3.08646e+17	3.85807e+17	4.6256e+17	5.37657e+17	6.06668e+17	6.65473e+17	7.21313e+17	3.35261e+17	8.59934e+15	6.05171e+15	5.66105e+15	2.47729e+15	1.5674e+15	3.1348e+15	4.70221e+15	6.26961e+15	7.83701e+15	9.66285e+15	1.25353e+16	1.92462e+16	3.23508e+16	4.72521e+16	3.10159e+17	4.53991e+17	1.07533	1.91173	1.91173	1.91173	1.91173	1.91173	1.91173	1.91173	1.97685	2.22888	2.6477	2.97861	3.73082	4.67493	4.68986	
54792.2	6.86004e+17	2.78691e+17	1.21956e+17	7.71626e+16	1.54325e+17	2.31488e+17	3.0865e+17	3.85813e+17	4.62576e+17	5.37712e+17	6.06797e+17	6.65572e+17	7.20696e+17	3.35266e+17	8.59935e+15	6.04953e+15	5.65851e+15	2.47618e+15	1.5667e+15	3.1334e+15	4.70009e+15	6.26679e+15	7.83349e+15	9.65264e+15	1.25006e+16	1.91654e+16	3.22887e+16	4.76365e+16	3.10157e+17	4.53991e+17	1.0751	1.88002	1.88002	1.88002	1.88002	1.88002	1.88002	1.88002	1.94305	2.18787	2.59763	2.92367	3.6789	4.67267	4.68986	
55043.5	6.86008e+17	2.78695e+17	1.21958e+17	7.71637e+16	1.54327e+17	2.31491e+17	3.08655e+17	3.85819e+17	4.62593e+17	5.37769e+17	6.06935e+17	6.65708e+17	7.20143e+17	3.35278e+17	8.59935e+15	6.04735e+15	5.65597e+15	2.47507e+15	1.56599e+15	3.13199e+15	4.69798e+15	6.26398e+15	7.82997e+15	9.64236e+15	1.24651e+16	1.90782e+16	3.22037e+16	4.79814e+16	3.10152e+17	4.53992e+17	1.07492	1.84921	1.84921	1.84921	1.84921	1.84921	1.84921	1.84921	1.91017	2.1478	2.5483	2.86913	3.62611	4.67014	4.68986	
55294.1	6.86012e+17	2.787e+17	1.2196e+17	7.71649e+16	1.5433e+17	2.31495e+17	3.08659e+17	3.85824e+17	4.62609e+17	5.37826e+17	6.07083e+17	6.65879e+17	7.19654e+17	3.35296e+17	8.59935e+15	6.04519e+15	5.65343e+15	2.47396e+15	1.56529e+15	3.13058e+15	4.69588e+15	6.26117e+15	7.82646e+15	9.63204e+15	1.24289e+16	1.89852e+16	3.20969e+16	4.82855e+16	3.10144e+17	4.53992e+17	1.07479	1.81932	1.81932	1.81932	1.81932	1.81932	1.81932	1.81932	1.87824	2.10872	2.49983	2.81514	3.57262	4.66732	4.68986	
55545.4	6.86017e+17	2.78704e+17	1.21961e+17	7.7166e+16	1.54332e+17	2.31498e+17	3.08664e+17	3.8583e+17	4.62626e+17	5.37885e+17	6.07241e+17	6.66084e+17	7.1923e+17	3.35323e+17	8.59936e+15	6.04302e+15	5.65089e+15	2.47284e+15	1.56459e+15	3.12918e+15	4.69376e+15	6.25835e+15	7.82294e+15	9.62163e+15	1.23919e+16	1.88862e+16	3.19685e+16	4.85497e+16	3.10132e+17	4.53992e+17	1.07469	1.79019	1.79019	1.79019	1.79019	1.79019	1.79019	1.79019	1.84709	2.07045	2.45198	2.76146	3.51823	4.66417	4.68986	
55796.6	6.86021e+17	2.78708e+17	1.21963e+17	7.71672e+16	1.54334e+17	2.31502e+17	3.08669e+17	3.85836e+17	4.62643e+17	5.37945e+17	6.07406e+17	6.66322e+17	7.18873e+17	3.35359e+17	8.59936e+15	6.04085e+15	5.64835e+15	2.47173e+15	1.56388e+15	3.12777e+15	4.69165e+15	6.25554e+15	7.81942e+15	9.6112e+15	1.23543e+16	1.8782e+16	3.18197e+16	4.87725e+16	3.10115e+17	4.53992e+17	1.07464	1.7619	1.7619	1.7619	1.7619	1.7619	1.7619	1.7619	1.81682	2.0331	2.40496	2.70834	3.46319	4.66066	4.68986	
56048	6.86025e+17	2.78712e+17	1.21965e+17	7.71683e+16	1.54337e+17	2.31505e+17	3.08673e+17	3.85842e+17	4.6266e+17	5.38005e+17	6.0758e+17	6.66592e+17	7.18582e+17	3.35405e+17	8.59936e+15	6.03868e+15	5.6458e+15	2.47062e+15	1.56318e+15	3.12636e+15	4.68954e+15	6.25272e+15	7.8159e+15	9.60074e+15	1.23162e+16	1.86728e+16	3.16511e+16	4.89536e+16	3.10093e+17	4.53992e+17	1.07462	1.73443	1.73443	1.73443	1.73443	1.73443	1.73443	1.73443	1.78739	1.99665	2.35874	2.65578	3.40754	4.65677	4.68986	
56299.3	6.86029e+17	2.78716e+17	1.21967e+17	7.71695e+16	1.54339e+17	2.31508e+17	3.08678e+17	3.85847e+17	4.62676e+17	5.38067e+17	6.07761e+17	6.66891e+17	7.18359e+17	3.35464e+17	8.59937e+15	6.03652e+15	5.64327e+15	2.46951e+15	1.56248e+15	3.12496e+15	4.68743e+15	6.24991e+15	7.81239e+15	9.59028e+15	1.22777e+16	1.85591e+16	3.14638e+16	4.90927e+16	3.10066e+17	4.53992e+17	1.07463	1.70777	1.70777	1.70777	1.70777	1.70777	1.70777	1.70777	1.75882	1.96113	2.3134	2.60388	3.35143	4.65246	4.68986	
56550.3	6.86033e+17	2.7872e+17	1.21969e+17	7.71706e+16	1.54341e+17	2.31512e+17	3.08682e+17	3.85853e+17	4.62693e+17	5.38128e+17	6.07947e+17	6.67218e+17	7.18204e+17	3.35535e+17	8.59937e+15	6.03437e+15	5.64074e+15	2.4684e+15	1.56178e+15	3.12355e+15	4.68533e+15	6.24711e+15	7.80889e+15	9.57985e+15	1.22389e+16	1.84415e+16	3.12591e+16	4.91895e+16	3.10032e+17	4.53993e+17	1.07467	1.68198	1.68198	1.68198	1.68198	1.68198	1.68198	1.68198	1.73114	1.9266	2.26902	2.55278	3.29504	4.64772	4.68986	
56801.1	6.86037e+17	2.78724e+17	1.21971e+17	7.71718e+16	1.54344e+17	2.31515e+17	3.08687e+17	3.85859e+17	4.6271e+17	5.3819e+17	6.0814e+17	6.67571e+17	7.18116e+17	3.35622e+17	8.59937e+15	6.03221e+15	5.63821e+15	2.4673e+15	1.56108e+15	3.12216e+15	4.68323e+15	6.24431e+15	7.80539e+15	9.56944e+15	1.21999e+16	1.83203e+16	3.10379e+16	4.92444e+16	3.09991e+17	4.53993e+17	1.07474	1.65699	1.65699	1.65699	1.65699	1.65699	1.65699	1.65699	1.7043	1.893	2.22557	2.50245	3.23839	4.64251	4.68986	
57052	6.86041e+17	2.78729e+17	1.21972e+17	7.71729e+16	1.54346e+17	2.31519e+17	3.08692e+17	3.85864e+17	4.62726e+17	5.38252e+17	6.08338e+17	6.67949e+17	7.18095e+17	3.35725e+17	8.59938e+15	6.03006e+15	5.63569e+15	2.46619e+15	1.56038e+15	3.12076e+15	4.68114e+15	6.24152e+15	7.8019e+15	9.55907e+15	1.21608e+16	1.81957e+16	3.08009e+16	4.92578e+16	3.09942e+17	4.53993e+17	1.07484	1.63278	1.63278	1.63278	1.63278	1.63278	1.63278	1.63278	1.67828	1.86034	2.18305	2.45293	3.18156	4.63678	4.68986	
57302.3	6.86046e+17	2.78733e+17	1.21974e+17	7.7174e+16	1.54348e+17	2.31522e+17	3.08696e+17	3.8587e+17	4.62743e+17	5.38315e+17	6.0854e+17	6.6835e+17	7.18139e+17	3.35847e+17	8.59938e+15	6.02791e+15	5.63318e+15	2.4651e+15	1.55969e+15	3.11937e+15	4.67906e+15	6.23874e+15	7.79843e+15	9.54878e+15	1.21217e+16	1.80686e+16	3.055e+16	4.92302e+16	3.09884e+17	4.53993e+17	1.07496	1.60941	1.60941	1.60941	1.60941	1.60941	1.60941	1.60941	1.65315	1.82867	2.14159	2.40439	3.12478	4.63054	4.68986	
57553.2	6.8605e+17	2.78737e+17	1.21976e+17	7.71752e+16	1.5435e+17	2.31526e+17	3.08701e+17	3.85876e+17	4.62759e+17	5.38377e+17	6.08746e+17	6.68773e+17	7.18249e+17	3.35989e+17	8.59938e+15	6.02577e+15	5.63068e+15	2.464e+15	1.55899e+15	3.11798e+15	4.67698e+15	6.23597e+15	7.79496e+15	9.53852e+15	1.20824e+16	1.79387e+16	3.02849e+16	4.91622e+16	3.09817e+17	4.53993e+17	1.07511	1.58676	1.58676	1.58676	1.58676	1.58676	1.58676	1.58676	1.62877	1.79786	2.10102	2.35663	3.0679	4.6237	4.68986	
57804.2	6.86054e+17	2.78741e+17	1.21978e+17	7.71763e+16	1.54353e+17	2.31529e+17	3.08705e+17	3.85882e+17	4.62776e+17	5.38439e+17	6.08956e+17	6.69216e+17	7.18423e+17	3.36153e+17	8.59939e+15	6.02362e+15	5.62818e+15	2.4629e+15	1.5583e+15	3.1166e+15	4.6749e+15	6.2332e+15	7.7915e+15	9.52833e+15	1.20433e+16	1.78066e+16	3.00071e+16	4.90544e+16	3.09738e+17	4.53994e+17	1.07527	1.56484	1.56484	1.56484	1.56484	1.56484	1.56484	1.56484	1.60516	1.76795	2.06139	2.30976	3.01108	4.61625	4.68986	
58055.2	6.86058e+17	2.78745e+17	1.2198e+17	7.71774e+16	1.54355e+17	2.31532e+17	3.0871e+17	3.85887e+17	4.62792e+17	5.38501e+17	6.09169e+17	6.69678e+17	7.18659e+17	3.36341e+17	8.59939e+15	6.02148e+15	5.62568e+15	2.46181e+15	1.55761e+15	3.11522e+15	4.67283e+15	6.23044e+15	7.78805e+15	9.51822e+15	1.20042e+16	1.76726e+16	2.97179e+16	4.89077e+16	3.09648e+17	4.53994e+17	1.07546	1.54367	1.54367	1.54367	1.54367	1.54367	1.54367	1.54367	1.58235	1.73895	2.02278	2.26387	2.95447	4.60816	4.68986	
58305.7	6.86062e+17	2.78749e+17	1.21981e+17	7.71786e+16	1.54357e+17	2.31536e+17	3.08714e+17	3.85893e+17	4.62808e+17	5.38563e+17	6.09383e+17	6.70155e+17	7.18955e+17	3.36556e+17	8.5994e+15	6.01934e+15	5.6232e+15	2.46073e+15	1.55692e+15	3.11385e+15	4.67077e+15	6.22769e+15	7.78461e+15	9.50822e+15	1.19655e+16	1.75375e+16	2.94187e+16	4.87237e+16	3.09546e+17	4.53994e+17	1.07566	1.52326	1.52326	1.52326	1.52326	1.52326	1.52326	1.52326	1.56035	1.7109	1.98524	2.21905	2.89825	4.5994	4.68986	
58556.2	6.86066e+17	2.78753e+17	1.21983e+17	7.71797e+16	1.54359e+17	2.31539e+17	3.08719e+17	3.85898e+17	4.62824e+17	5.38624e+17	6.09599e+17	6.70647e+17	7.1931e+17	3.36799e+17	8.5994e+15	6.0172e+15	5.62073e+15	2.45965e+15	1.55624e+15	3.11248e+15	4.66872e+15	6.22495e+15	7.78119e+15	9.49832e+15	1.1927e+16	1.74013e+16	2.91101e+16	4.8503e+16	3.09429e+17	4.53994e+17	1.07587	1.50356	1.50356	1.50356	1.50356	1.50356	1.50356	1.50356	1.53909	1.68375	1.94869	2.17524	2.84238	4.58992	4.68986	
58809.5	6.8607e+17	2.78757e+17	1.21985e+17	7.71808e+16	1.54362e+17	2.31542e+17	3.08723e+17	3.85904e+17	4.6284e+17	5.38685e+17	6.09819e+17	6.71158e+17	7.19726e+17	3.37076e+17	8.5994e+15	6.01504e+15	5.61824e+15	2.45856e+15	1.55555e+15	3.1111e+15	4.66665e+15	6.2222e+15	7.77775e+15	9.48841e+15	1.18884e+16	1.72627e+16	2.87896e+16	4.8244e+16	3.09297e+17	4.53994e+17	1.0761	1.48436	1.48436	1.48436	1.48436	1.48436	1.48436	1.48436	1.51836	1.65719	1.91279	2.13201	2.78638	4.57958	4.68986	
59059.9	6.86074e+17	2.78761e+17	1.21987e+17	7.71819e+16	1.54364e+17	2.31546e+17	3.08728e+17	3.8591e+17	4.62855e+17	5.38745e+17	6.10038e+17	6.71675e+17	7.20193e+17	3.37383e+17	8.59941e+15	6.01291e+15	5.61579e+15	2.45748e+15	1.55487e+15	3.10974e+15	4.66461e+15	6.21948e+15	7.77435e+15	9.47873e+15	1.18506e+16	1.71253e+16	2.84653e+16	4.79538e+16	3.09149e+17	4.53994e+17	1.07635	1.46605	1.46605	1.46605	1.46605	1.46605	1.46605	1.46605	1.49859	1.63181	1.87829	2.09031	2.73151	4.56857	4.68986	
59310.4	6.86078e+17	2.78765e+17	1.21988e+17	7.7183e+16	1.54366e+17	2.31549e+17	3.08732e+17	3.85915e+17	4.6287e+17	5.38805e+17	6.10256e+17	6.72202e+17	7.20712e+17	3.37725e+17	8.59941e+15	6.01078e+15	5.61335e+15	2.45642e+15	1.55419e+15	3.10839e+15	4.66258e+15	6.21678e+15	7.77097e+15	9.46917e+15	1.18132e+16	1.69876e+16	2.81345e+16	4.76311e+16	3.08985e+17	4.53995e+17	1.0766	1.44842	1.44842	1.44842	1.44842	1.44842	1.44842	1.44842	1.47953	1.60728	1.8448	2.04968	2.67726	4.55674	4.68986	
59560.7	6.86083e+17	2.78769e+17	1.2199e+17	7.71841e+16	1.54368e+17	2.31552e+17	3.08737e+17	3.85921e+17	4.62886e+17	5.38863e+17	6.10474e+17	6.72738e+17	7.2128e+17	3.38106e+17	8.59941e+15	6.00865e+15	5.61092e+15	2.45535e+15	1.55352e+15	3.10704e+15	4.66056e+15	6.21408e+15	7.76761e+15	9.45974e+15	1.17763e+16	1.68501e+16	2.77985e+16	4.72776e+16	3.08802e+17	4.53995e+17	1.07687	1.43144	1.43144	1.43144	1.43144	1.43144	1.43144	1.43144	1.46118	1.5836	1.81234	2.01014	2.62369	4.54406	4.68986	
59811.3	6.86087e+17	2.78773e+17	1.21992e+17	7.71852e+16	1.5437e+17	2.31556e+17	3.08741e+17	3.85926e+17	4.62901e+17	5.38921e+17	6.10692e+17	6.73281e+17	7.21896e+17	3.38527e+17	8.59942e+15	6.00652e+15	5.60849e+15	2.45429e+15	1.55285e+15	3.1057e+15	4.65855e+15	6.2114e+15	7.76425e+15	9.45042e+15	1.17399e+16	1.67129e+16	2.74576e+16	4.68941e+16	3.086e+17	4.53995e+17	1.07715	1.41507	1.41507	1.41507	1.41507	1.41507	1.41507	1.41507	1.44348	1.56073	1.78083	1.97164	2.57079	4.53048	4.68986	
60064.1	6.86091e+17	2.78777e+17	1.21994e+17	7.71863e+16	1.54373e+17	2.31559e+17	3.08745e+17	3.85932e+17	4.62915e+17	5.38979e+17	6.10911e+17	6.73835e+17	7.22563e+17	3.38995e+17	8.59942e+15	6.00437e+15	5.60606e+15	2.45323e+15	1.55218e+15	3.10435e+15	4.65653e+15	6.2087e+15	7.76088e+15	9.44116e+15	1.17037e+16	1.6575e+16	2.71099e+16	4.6479e+16	3.08375e+17	4.53995e+17	1.07743	1.39919	1.39919	1.39919	1.39919	1.39919	1.39919	1.39919	1.42631	1.53848	1.75006	1.93391	2.51823	4.51585	4.68986	
60314.3	6.86095e+17	2.78781e+17	1.21995e+17	7.71874e+16	1.54375e+17	2.31562e+17	3.0875e+17	3.85937e+17	4.6293e+17	5.39035e+17	6.11126e+17	6.74387e+17	7.23264e+17	3.39505e+17	8.59943e+15	6.00225e+15	5.60366e+15	2.45218e+15	1.55151e+15	3.10302e+15	4.65454e+15	6.20605e+15	7.75756e+15	9.43213e+15	1.16684e+16	1.64394e+16	2.67631e+16	4.60419e+16	3.08129e+17	4.53995e+17	1.07773	1.38408	1.38408	1.38408	1.38408	1.38408	1.38408	1.38408	1.40995	1.51725	1.72058	1.89766	2.46705	4.50042	4.68986	
60564.7	6.86099e+17	2.78785e+17	1.21997e+17	7.71885e+16	1.54377e+17	2.31566e+17	3.08754e+17	3.85943e+17	4.62944e+17	5.3909e+17	6.1134e+17	6.74943e+17	7.24006e+17	3.40063e+17	8.59943e+15	6.00013e+15	5.60127e+15	2.45113e+15	1.55085e+15	3.1017e+15	4.65255e+15	6.2034e+15	7.75425e+15	9.42323e+15	1.16337e+16	1.63048e+16	2.64141e+16	4.558e+16	3.0786e+17	4.53996e+17	1.07803	1.36955	1.36955	1.36955	1.36955	1.36955	1.36955	1.36955	1.39422	1.4968	1.69206	1.86247	2.41673	4.48401	4.68986	
60815.1	6.86103e+17	2.78789e+17	1.21999e+17	7.71896e+16	1.54379e+17	2.31569e+17	3.08758e+17	3.85948e+17	4.62958e+17	5.39144e+17	6.11551e+17	6.755e+17	7.24784e+17	3.40672e+17	8.59943e+15	5.99801e+15	5.59889e+15	2.45009e+15	1.55019e+15	3.10038e+15	4.65057e+15	6.20077e+15	7.75096e+15	9.41447e+15	1.15997e+16	1.61715e+16	2.6064e+16	4.50953e+16	3.07567e+17	4.53996e+17	1.07834	1.35559	1.35559	1.35559	1.35559	1.35559	1.35559	1.35559	1.3791	1.47711	1.6645	1.82837	2.36737	4.46659	4.68986	
61067.8	6.86107e+17	2.78793e+17	1.22e+17	7.71907e+16	1.54381e+17	2.31572e+17	3.08763e+17	3.85953e+17	4.62972e+17	5.39198e+17	6.11762e+17	6.76063e+17	7.25603e+17	3.41341e+17	8.59944e+15	5.99587e+15	5.5965e+15	2.44904e+15	1.54953e+15	3.09906e+15	4.64859e+15	6.19812e+15	7.74765e+15	9.40578e+15	1.15659e+16	1.60384e+16	2.57103e+16	4.45848e+16	3.07244e+17	4.53996e+17	1.07866	1.34207	1.34207	1.34207	1.34207	1.34207	1.34207	1.34207	1.36445	1.45799	1.63764	1.79505	2.31853	4.44796	4.68986	
61317.8	6.86111e+17	2.78797e+17	1.22002e+17	7.71917e+16	1.54383e+17	2.31575e+17	3.08767e+17	3.85959e+17	4.62986e+17	5.3925e+17	6.11968e+17	6.76619e+17	7.26444e+17	3.42059e+17	8.59944e+15	5.99375e+15	5.59415e+15	2.44801e+15	1.54888e+15	3.09776e+15	4.64663e+15	6.19551e+15	7.74439e+15	9.39733e+15	1.15332e+16	1.59084e+16	2.53607e+16	4.40604e+16	3.06897e+17	4.53996e+17	1.07898	1.32923	1.32923	1.32923	1.32923	1.32923	1.32923	1.32923	1.35054	1.43981	1.61201	1.76316	2.27125	4.42849	4.68986	
61570.9	6.86115e+17	2.788e+17	1.22004e+17	7.71928e+16	1.54386e+17	2.31578e+17	3.08771e+17	3.85964e+17	4.62999e+17	5.39301e+17	6.12174e+17	6.77181e+17	7.27323e+17	3.42846e+17	8.59945e+15	5.99161e+15	5.59178e+15	2.44698e+15	1.54822e+15	3.09644e+15	4.64467e+15	6.19289e+15	7.74111e+15	9.38893e+15	1.15008e+16	1.57787e+16	2.50079e+16	4.35118e+16	3.06517e+17	4.53997e+17	1.07931	1.31677	1.31677	1.31677	1.31677	1.31677	1.31677	1.31677	1.33704	1.42214	1.587	1.73197	2.22445	4.40769	4.68986	
61821	6.86119e+17	2.78804e+17	1.22005e+17	7.71939e+16	1.54388e+17	2.31582e+17	3.08775e+17	3.85969e+17	4.63013e+17	5.39351e+17	6.12374e+17	6.77732e+17	7.28218e+17	3.43685e+17	8.59945e+15	5.9895e+15	5.58944e+15	2.44596e+15	1.54758e+15	3.09515e+15	4.64273e+15	6.1903e+15	7.73788e+15	9.38077e+15	1.14695e+16	1.56524e+16	2.46609e+16	4.29536e+16	3.0611e+17	4.53997e+17	1.07964	1.30497	1.30497	1.30497	1.30497	1.30497	1.30497	1.30497	1.32424	1.40536	1.56318	1.70218	2.17928	4.38603	4.68986	
62073.5	6.86124e+17	2.78808e+17	1.22007e+17	7.71949e+16	1.5439e+17	2.31585e+17	3.0878e+17	3.85975e+17	4.63026e+17	5.394e+17	6.12573e+17	6.78286e+17	7.29144e+17	3.44598e+17	8.59945e+15	5.98737e+15	5.5871e+15	2.44493e+15	1.54693e+15	3.09385e+15	4.64078e+15	6.18771e+15	7.73464e+15	9.37268e+15	1.14386e+16	1.55271e+16	2.4313e+16	4.23757e+16	3.05668e+17	4.53997e+17	1.07998	1.29355	1.29355	1.29355	1.29355	1.29355	1.29355	1.29355	1.31186	1.38911	1.54003	1.67317	2.1348	4.36306	4.68986	
62326.2	6.86128e+17	2.78812e+17	1.22009e+17	7.7196e+16	1.54392e+17	2.31588e+17	3.08784e+17	3.8598e+17	4.63038e+17	5.39448e+17	6.12769e+17	6.78835e+17	7.30091e+17	3.45579e+17	8.59946e+15	5.98524e+15	5.58477e+15	2.44391e+15	1.54628e+15	3.09256e+15	4.63884e+15	6.18512e+15	7.7314e+15	9.36474e+15	1.14084e+16	1.54039e+16	2.39677e+16	4.17849e+16	3.05192e+17	4.53997e+17	1.08032	1.28261	1.28261	1.28261	1.28261	1.28261	1.28261	1.28261	1.3	1.37352	1.51775	1.64518	2.09143	4.33894	4.68986	
62579.1	6.86132e+17	2.78816e+17	1.22011e+17	7.7197e+16	1.54394e+17	2.31591e+17	3.08788e+17	3.85985e+17	4.63051e+17	5.39495e+17	6.1296e+17	6.79379e+17	7.31055e+17	3.46631e+17	8.59946e+15	5.98311e+15	5.58244e+15	2.44289e+15	1.54564e+15	3.09127e+15	4.63691e+15	6.18255e+15	7.72819e+15	9.35694e+15	1.1379e+16	1.5283e+16	2.36257e+16	4.11825e+16	3.04681e+17	4.53997e+17	1.08067	1.27214	1.27214	1.27214	1.27214	1.27214	1.27214	1.27214	1.28864	1.35857	1.49631	1.61819	2.04919	4.31365	4.68986	
62832.1	6.86136e+17	2.7882e+17	1.22012e+17	7.71981e+16	1.54396e+17	2.31594e+17	3.08792e+17	3.85991e+17	4.63063e+17	5.3954e+17	6.13148e+17	6.79916e+17	7.32035e+17	3.47758e+17	8.59947e+15	5.98097e+15	5.58013e+15	2.44188e+15	1.545e+15	3.08999e+15	4.63499e+15	6.17998e+15	7.72498e+15	9.34928e+15	1.13503e+16	1.51645e+16	2.32874e+16	4.05704e+16	3.04133e+17	4.53998e+17	1.08102	1.26211	1.26211	1.26211	1.26211	1.26211	1.26211	1.26211	1.27776	1.34424	1.47571	1.5922	2.0081	4.2872	4.68986	
63084.5	6.8614e+17	2.78823e+17	1.22014e+17	7.71991e+16	1.54398e+17	2.31597e+17	3.08797e+17	3.85996e+17	4.63075e+17	5.39585e+17	6.13332e+17	6.80445e+17	7.33025e+17	3.48957e+17	8.59947e+15	5.97885e+15	5.57783e+15	2.44087e+15	1.54436e+15	3.08872e+15	4.63308e+15	6.17744e+15	7.7218e+15	9.34179e+15	1.13224e+16	1.50489e+16	2.29546e+16	3.99524e+16	3.03549e+17	4.53998e+17	1.08138	1.25256	1.25256	1.25256	1.25256	1.25256	1.25256	1.25256	1.2674	1.33057	1.45599	1.56727	1.9683	4.25968	4.68986	
63337.5	6.86144e+17	2.78827e+17	1.22015e+17	7.72002e+16	1.544e+17	2.31601e+17	3.08801e+17	3.86001e+17	4.63087e+17	5.39628e+17	6.13511e+17	6.80968e+17	7.34026e+17	3.50238e+17	8.59948e+15	5.97672e+15	5.57553e+15	2.43987e+15	1.54372e+15	3.08745e+15	4.63117e+15	6.1749e+15	7.71862e+15	9.33443e+15	1.12951e+16	1.49356e+16	2.26258e+16	3.93266e+16	3.02925e+17	4.53998e+17	1.08174	1.24341	1.24341	1.24341	1.24341	1.24341	1.24341	1.24341	1.25747	1.31745	1.43702	1.54324	1.92958	4.23094	4.68986	
63589.8	6.86148e+17	2.78831e+17	1.22017e+17	7.72012e+16	1.54402e+17	2.31604e+17	3.08805e+17	3.86006e+17	4.63099e+17	5.3967e+17	6.13686e+17	6.8148e+17	7.35031e+17	3.51595e+17	8.59948e+15	5.9746e+15	5.57326e+15	2.43887e+15	1.54309e+15	3.08619e+15	4.62928e+15	6.17238e+15	7.71547e+15	9.32724e+15	1.12687e+16	1.48254e+16	2.23032e+16	3.86981e+16	3.02262e+17	4.53998e+17	1.0821	1.2347	1.2347	1.2347	1.2347	1.2347	1.2347	1.2347	1.24801	1.30495	1.41889	1.52024	1.89217	4.20115	4.68986	
63842.3	6.86152e+17	2.78835e+17	1.22019e+17	7.72023e+16	1.54405e+17	2.31607e+17	3.08809e+17	3.86011e+17	4.6311e+17	5.39711e+17	6.13857e+17	6.81984e+17	7.36042e+17	3.53037e+17	8.59949e+15	5.97248e+15	5.57099e+15	2.43788e+15	1.54247e+15	3.08493e+15	4.6274e+15	6.16986e+15	7.71233e+15	9.32018e+15	1.1243e+16	1.47177e+16	2.19859e+16	3.80657e+16	3.01558e+17	4.53999e+17	1.08247	1.22637	1.22637	1.22637	1.22637	1.22637	1.22637	1.22637	1.23898	1.29299	1.40149	1.49813	1.85589	4.17021	4.68986	
64094.6	6.86156e+17	2.78838e+17	1.2202e+17	7.72033e+16	1.54407e+17	2.3161e+17	3.08813e+17	3.86016e+17	4.63121e+17	5.39751e+17	6.14023e+17	6.82479e+17	7.37055e+17	3.54562e+17	8.59949e+15	5.97036e+15	5.56873e+15	2.43689e+15	1.54184e+15	3.08368e+15	4.62552e+15	6.16737e+15	7.70921e+15	9.31326e+15	1.12181e+16	1.46129e+16	2.16748e+16	3.74322e+16	3.00811e+17	4.53999e+17	1.08283	1.21844	1.21844	1.21844	1.21844	1.21844	1.21844	1.21844	1.23037	1.28158	1.38486	1.47694	1.82083	4.13819	4.68986	
64346.8	6.8616e+17	2.78842e+17	1.22022e+17	7.72043e+16	1.54409e+17	2.31613e+17	3.08817e+17	3.86022e+17	4.63132e+17	5.39789e+17	6.14185e+17	6.82962e+17	7.38067e+17	3.56172e+17	8.5995e+15	5.96825e+15	5.56649e+15	2.43591e+15	1.54122e+15	3.08244e+15	4.62366e+15	6.16488e+15	7.7061e+15	9.30649e+15	1.11939e+16	1.4511e+16	2.13701e+16	3.67986e+16	3.0002e+17	4.53999e+17	1.0832	1.21088	1.21088	1.21088	1.21088	1.21088	1.21088	1.21088	1.22216	1.2707	1.36895	1.45665	1.78695	4.1051	4.68986	
64599.3	6.86164e+17	2.78846e+17	1.22024e+17	7.72053e+16	1.54411e+17	2.31616e+17	3.08821e+17	3.86027e+17	4.63143e+17	5.39827e+17	6.14342e+17	6.83437e+17	7.39079e+17	3.57874e+17	8.5995e+15	5.96613e+15	5.56425e+15	2.43493e+15	1.5406e+15	3.0812e+15	4.6218e+15	6.1624e+15	7.703e+15	9.29984e+15	1.11705e+16	1.44118e+16	2.10715e+16	3.61652e+16	2.99184e+17	4.53999e+17	1.08358	1.20366	1.20366	1.20366	1.20366	1.20366	1.20366	1.20366	1.21433	1.26031	1.35371	1.43719	1.7542	4.07091	4.68986	
64852	6.86169e+17	2.78849e+17	1.22025e+17	7.72063e+16	1.54413e+17	2.31619e+17	3.08825e+17	3.86032e+17	4.63154e+17	5.39863e+17	6.14495e+17	6.839e+17	7.40088e+17	3.59667e+17	8.59951e+15	5.96401e+15	5.56202e+15	2.43395e+15	1.53998e+15	3.07997e+15	4.61995e+15	6.15993e+15	7.69991e+15	9.29333e+15	1.11477e+16	1.43153e+16	2.07794e+16	3.55335e+16	2.98301e+17	4.54e+17	1.08395	1.19679	1.19679	1.19679	1.19679	1.19679	1.19679	1.19679	1.20686	1.2504	1.33915	1.41854	1.72257	4.03565	4.68986	
65103.8	6.86173e+17	2.78853e+17	1.22027e+17	7.72073e+16	1.54415e+17	2.31622e+17	3.08829e+17	3.86037e+17	4.63164e+17	5.39898e+17	6.14643e+17	6.84352e+17	7.41088e+17	3.61547e+17	8.59951e+15	5.9619e+15	5.55981e+15	2.43299e+15	1.53937e+15	3.07874e+15	4.61811e+15	6.15748e+15	7.69685e+15	9.28696e+15	1.11257e+16	1.4222e+16	2.04951e+16	3.4907e+16	2.97375e+17	4.54e+17	1.08433	1.19027	1.19027	1.19027	1.19027	1.19027	1.19027	1.19027	1.19978	1.24098	1.32528	1.40077	1.69218	3.99951	4.68986	
65356.4	6.86177e+17	2.78857e+17	1.22028e+17	7.72083e+16	1.54417e+17	2.31625e+17	3.08833e+17	3.86042e+17	4.63174e+17	5.39932e+17	6.14787e+17	6.84793e+17	7.42083e+17	3.63526e+17	8.59952e+15	5.95979e+15	5.5576e+15	2.43202e+15	1.53876e+15	3.07752e+15	4.61627e+15	6.15503e+15	7.69379e+15	9.28069e+15	1.11043e+16	1.41312e+16	2.02169e+16	3.4283e+16	2.96397e+17	4.54e+17	1.08471	1.18404	1.18404	1.18404	1.18404	1.18404	1.18404	1.18404	1.19302	1.23199	1.312	1.38373	1.66281	3.96228	4.68986	
65608.1	6.86181e+17	2.7886e+17	1.2203e+17	7.72093e+16	1.54419e+17	2.31628e+17	3.08837e+17	3.86047e+17	4.63184e+17	5.39965e+17	6.14926e+17	6.85222e+17	7.43067e+17	3.65592e+17	8.59952e+15	5.95769e+15	5.5554e+15	2.43106e+15	1.53815e+15	3.0763e+15	4.61445e+15	6.1526e+15	7.69075e+15	9.27458e+15	1.10836e+16	1.40436e+16	1.99469e+16	3.36665e+16	2.95373e+17	4.54e+17	1.08509	1.17814	1.17814	1.17814	1.17814	1.17814	1.17814	1.17814	1.18662	1.22346	1.29938	1.3675	1.63465	3.92426	4.68986	
65860	6.86185e+17	2.78864e+17	1.22032e+17	7.72103e+16	1.54421e+17	2.31631e+17	3.08841e+17	3.86052e+17	4.63194e+17	5.39997e+17	6.1506e+17	6.85639e+17	7.44041e+17	3.67756e+17	8.59953e+15	5.95558e+15	5.55322e+15	2.4301e+15	1.53755e+15	3.07509e+15	4.61264e+15	6.15018e+15	7.68773e+15	9.26858e+15	1.10636e+16	1.39587e+16	1.96838e+16	3.30559e+16	2.94299e+17	4.54001e+17	1.08548	1.17253	1.17253	1.17253	1.17253	1.17253	1.17253	1.17253	1.18052	1.21534	1.28734	1.35201	1.60754	3.88532	4.68986	
66112.1	6.86189e+17	2.78867e+17	1.22033e+17	7.72113e+16	1.54423e+17	2.31634e+17	3.08845e+17	3.86057e+17	4.63203e+17	5.40028e+17	6.15191e+17	6.86045e+17	7.45004e+17	3.70019e+17	8.59953e+15	5.95348e+15	5.55104e+15	2.42915e+15	1.53694e+15	3.07389e+15	4.61083e+15	6.14777e+15	7.68471e+15	9.26269e+15	1.10443e+16	1.38765e+16	1.94279e+16	3.24519e+16	2.93174e+17	4.54001e+17	1.08587	1.16719	1.16719	1.16719	1.16719	1.16719	1.16719	1.16719	1.17473	1.20762	1.27586	1.33721	1.58147	3.8455	4.68986	
66364.3	6.86193e+17	2.78871e+17	1.22035e+17	7.72123e+16	1.54425e+17	2.31637e+17	3.08849e+17	3.86062e+17	4.63212e+17	5.40058e+17	6.15317e+17	6.8644e+17	7.45955e+17	3.72381e+17	8.59954e+15	5.95137e+15	5.54887e+15	2.4282e+15	1.53634e+15	3.07268e+15	4.60902e+15	6.14536e+15	7.68171e+15	9.25691e+15	1.10255e+16	1.37971e+16	1.91791e+16	3.18554e+16	2.91996e+17	4.54001e+17	1.08626	1.16213	1.16213	1.16213	1.16213	1.16213	1.16213	1.16213	1.16923	1.20028	1.26492	1.32309	1.55642	3.80485	4.68986	
66615.9	6.86197e+17	2.78874e+17	1.22036e+17	7.72133e+16	1.54427e+17	2.3164e+17	3.08853e+17	3.86067e+17	4.63222e+17	5.40086e+17	6.15438e+17	6.86822e+17	7.46889e+17	3.74836e+17	8.59954e+15	5.94927e+15	5.54671e+15	2.42725e+15	1.53574e+15	3.07149e+15	4.60723e+15	6.14298e+15	7.67872e+15	9.25125e+15	1.10075e+16	1.37205e+16	1.89383e+16	3.12693e+16	2.9077e+17	4.54002e+17	1.08665	1.15733	1.15733	1.15733	1.15733	1.15733	1.15733	1.15733	1.16402	1.19332	1.25454	1.30967	1.53245	3.76358	4.68986	
66868.1	6.86201e+17	2.78878e+17	1.22038e+17	7.72143e+16	1.54429e+17	2.31643e+17	3.08857e+17	3.86071e+17	4.63231e+17	5.40114e+17	6.15556e+17	6.87193e+17	7.4781e+17	3.77395e+17	8.59955e+15	5.94717e+15	5.54456e+15	2.42631e+15	1.53515e+15	3.07029e+15	4.60544e+15	6.14059e+15	7.67574e+15	9.24569e+15	1.09899e+16	1.36464e+16	1.87043e+16	3.06912e+16	2.89488e+17	4.54002e+17	1.08704	1.15277	1.15277	1.15277	1.15277	1.15277	1.15277	1.15277	1.15907	1.18671	1.24464	1.29686	1.5094	3.72149	4.68986	
67119.5	6.86205e+17	2.78882e+17	1.22039e+17	7.72153e+16	1.54431e+17	2.31646e+17	3.08861e+17	3.86076e+17	4.6324e+17	5.40141e+17	6.15669e+17	6.87551e+17	7.48712e+17	3.80046e+17	8.59955e+15	5.94508e+15	5.54242e+15	2.42538e+15	1.53455e+15	3.06911e+15	4.60366e+15	6.13822e+15	7.67277e+15	9.24025e+15	1.09731e+16	1.35752e+16	1.84784e+16	3.01247e+16	2.88157e+17	4.54002e+17	1.08744	1.14846	1.14846	1.14846	1.14846	1.14846	1.14846	1.14846	1.15439	1.18045	1.23526	1.28471	1.48739	3.6789	4.68986	
67371.3	6.86209e+17	2.78885e+17	1.22041e+17	7.72162e+16	1.54432e+17	2.31649e+17	3.08865e+17	3.86081e+17	4.63248e+17	5.40167e+17	6.15778e+17	6.87899e+17	7.49598e+17	3.828e+17	8.59956e+15	5.94298e+15	5.54028e+15	2.42444e+15	1.53396e+15	3.06793e+15	4.60189e+15	6.13585e+15	7.66982e+15	9.2349e+15	1.09567e+16	1.35064e+16	1.82594e+16	2.9568e+16	2.86771e+17	4.54002e+17	1.08784	1.14438	1.14438	1.14438	1.14438	1.14438	1.14438	1.14438	1.14996	1.17452	1.22634	1.27313	1.46629	3.63566	4.68986	
67622.8	6.86213e+17	2.78889e+17	1.22042e+17	7.72172e+16	1.54434e+17	2.31652e+17	3.08869e+17	3.86086e+17	4.63257e+17	5.40193e+17	6.15883e+17	6.88234e+17	7.50466e+17	3.85651e+17	8.59956e+15	5.94089e+15	5.53815e+15	2.42351e+15	1.53337e+15	3.06675e+15	4.60012e+15	6.1335e+15	7.66687e+15	9.22966e+15	1.0941e+16	1.34403e+16	1.80479e+16	2.90228e+16	2.85333e+17	4.54003e+17	1.08824	1.14052	1.14052	1.14052	1.14052	1.14052	1.14052	1.14052	1.14576	1.1689	1.21788	1.26214	1.44612	3.59194	4.68986	
67874.2	6.86217e+17	2.78892e+17	1.22044e+17	7.72182e+16	1.54436e+17	2.31654e+17	3.08873e+17	3.86091e+17	4.63265e+17	5.40217e+17	6.15984e+17	6.88558e+17	7.51315e+17	3.88599e+17	8.59957e+15	5.9388e+15	5.53604e+15	2.42258e+15	1.53279e+15	3.06558e+15	4.59837e+15	6.13115e+15	7.66394e+15	9.22451e+15	1.09258e+16	1.33766e+16	1.78437e+16	2.84894e+16	2.83841e+17	4.54003e+17	1.08864	1.13687	1.13687	1.13687	1.13687	1.13687	1.13687	1.13687	1.14179	1.16359	1.20985	1.2517	1.42685	3.54777	4.68986	
68125.8	6.86221e+17	2.78896e+17	1.22045e+17	7.72191e+16	1.54438e+17	2.31657e+17	3.08877e+17	3.86096e+17	4.63273e+17	5.40241e+17	6.16081e+17	6.88871e+17	7.52146e+17	3.9165e+17	8.59957e+15	5.93671e+15	5.53392e+15	2.42166e+15	1.5322e+15	3.06441e+15	4.59661e+15	6.12881e+15	7.66102e+15	9.21944e+15	1.0911e+16	1.33153e+16	1.76464e+16	2.79672e+16	2.82294e+17	4.54003e+17	1.08904	1.13341	1.13341	1.13341	1.13341	1.13341	1.13341	1.13341	1.13804	1.15855	1.20224	1.24178	1.40841	3.50314	4.68986	
68377.7	6.86225e+17	2.78899e+17	1.22047e+17	7.72201e+16	1.5444e+17	2.3166e+17	3.0888e+17	3.861e+17	4.63281e+17	5.40263e+17	6.16174e+17	6.89173e+17	7.52958e+17	3.94801e+17	8.59958e+15	5.93462e+15	5.53182e+15	2.42074e+15	1.53162e+15	3.06324e+15	4.59486e+15	6.12648e+15	7.6581e+15	9.21446e+15	1.08968e+16	1.32563e+16	1.74559e+16	2.74568e+16	2.80691e+17	4.54004e+17	1.08945	1.13014	1.13014	1.13014	1.13014	1.13014	1.13014	1.13014	1.13449	1.15379	1.19502	1.23237	1.3908	3.45813	4.68986	
68628.7	6.86229e+17	2.78902e+17	1.22048e+17	7.7221e+16	1.54442e+17	2.31663e+17	3.08884e+17	3.86105e+17	4.63289e+17	5.40285e+17	6.16264e+17	6.89463e+17	7.53747e+17	3.98039e+17	8.59959e+15	5.93254e+15	5.52972e+15	2.41982e+15	1.53104e+15	3.06208e+15	4.59312e+15	6.12416e+15	7.6552e+15	9.20958e+15	1.08831e+16	1.31998e+16	1.7273e+16	2.69604e+16	2.79039e+17	4.54004e+17	1.08986	1.12707	1.12707	1.12707	1.12707	1.12707	1.12707	1.12707	1.13115	1.1493	1.1882	1.22347	1.37405	3.41297	4.68986	
68880.5	6.86233e+17	2.78906e+17	1.2205e+17	7.7222e+16	1.54444e+17	2.31666e+17	3.08888e+17	3.8611e+17	4.63297e+17	5.40306e+17	6.1635e+17	6.89743e+17	7.54518e+17	4.01384e+17	8.59959e+15	5.93046e+15	5.52763e+15	2.4189e+15	1.53046e+15	3.06092e+15	4.59138e+15	6.12184e+15	7.6523e+15	9.20476e+15	1.08699e+16	1.31454e+16	1.70962e+16	2.64751e+16	2.77328e+17	4.54004e+17	1.09027	1.12416	1.12416	1.12416	1.12416	1.12416	1.12416	1.12416	1.12799	1.14505	1.18173	1.21501	1.35802	3.36744	4.68986	
69131.4	6.86237e+17	2.78909e+17	1.22051e+17	7.72229e+16	1.54446e+17	2.31669e+17	3.08892e+17	3.86115e+17	4.63305e+17	5.40327e+17	6.16433e+17	6.90012e+17	7.55267e+17	4.04812e+17	8.5996e+15	5.92838e+15	5.52555e+15	2.41799e+15	1.52988e+15	3.05977e+15	4.58965e+15	6.11954e+15	7.64942e+15	9.20004e+15	1.08571e+16	1.30933e+16	1.69268e+16	2.60044e+16	2.75569e+17	4.54005e+17	1.09068	1.12143	1.12143	1.12143	1.12143	1.12143	1.12143	1.12143	1.12503	1.14106	1.17563	1.20702	1.34281	3.32189	4.68986	
69382.5	6.86241e+17	2.78913e+17	1.22053e+17	7.72239e+16	1.54448e+17	2.31672e+17	3.08896e+17	3.86119e+17	4.63312e+17	5.40347e+17	6.16512e+17	6.9027e+17	7.55995e+17	4.08336e+17	8.5996e+15	5.9263e+15	5.52347e+15	2.41709e+15	1.52931e+15	3.05862e+15	4.58793e+15	6.11724e+15	7.64655e+15	9.19539e+15	1.08448e+16	1.30433e+16	1.67637e+16	2.55462e+16	2.73755e+17	4.54005e+17	1.0911	1.11886	1.11886	1.11886	1.11886	1.11886	1.11886	1.11886	1.12223	1.13729	1.16986	1.19946	1.32831	3.2762	4.68986	
69633.8	6.86245e+17	2.78916e+17	1.22054e+17	7.72248e+16	1.5445e+17	2.31675e+17	3.08899e+17	3.86124e+17	4.6332e+17	5.40366e+17	6.16589e+17	6.90519e+17	7.56703e+17	4.11956e+17	8.59961e+15	5.92422e+15	5.5214e+15	2.41618e+15	1.52874e+15	3.05747e+15	4.58621e+15	6.11495e+15	7.64368e+15	9.19081e+15	1.08328e+16	1.29953e+16	1.66069e+16	2.51006e+16	2.71887e+17	4.54005e+17	1.09152	1.11643	1.11643	1.11643	1.11643	1.11643	1.11643	1.11643	1.11959	1.13374	1.16441	1.19231	1.3145	3.23041	4.68986	
69885.2	6.86249e+17	2.7892e+17	1.22056e+17	7.72258e+16	1.54452e+17	2.31677e+17	3.08903e+17	3.86129e+17	4.63327e+17	5.40384e+17	6.16662e+17	6.90757e+17	7.5739e+17	4.15669e+17	8.59962e+15	5.92214e+15	5.51934e+15	2.41528e+15	1.52816e+15	3.05633e+15	4.58449e+15	6.11266e+15	7.64082e+15	9.18629e+15	1.08213e+16	1.29493e+16	1.64562e+16	2.46678e+16	2.69965e+17	4.54006e+17	1.09194	1.11415	1.11415	1.11415	1.11415	1.11415	1.11415	1.11415	1.11711	1.13039	1.15926	1.18554	1.30136	3.1846	4.68986	
70135.9	6.86253e+17	2.78923e+17	1.22057e+17	7.72267e+16	1.54453e+17	2.3168e+17	3.08907e+17	3.86134e+17	4.63335e+17	5.40402e+17	6.16732e+17	6.90986e+17	7.58055e+17	4.19461e+17	8.59962e+15	5.92007e+15	5.51728e+15	2.41438e+15	1.5276e+15	3.05519e+15	4.58279e+15	6.11038e+15	7.63798e+15	9.18185e+15	1.08102e+16	1.29053e+16	1.6312e+16	2.42493e+16	2.67996e+17	4.54006e+17	1.09236	1.11202	1.11202	1.11202	1.11202	1.11202	1.11202	1.11202	1.11479	1.12725	1.15442	1.17916	1.28891	3.13896	4.68986	
70387.3	6.86257e+17	2.78926e+17	1.22059e+17	7.72277e+16	1.54455e+17	2.31683e+17	3.08911e+17	3.86138e+17	4.63342e+17	5.40419e+17	6.16799e+17	6.91206e+17	7.58701e+17	4.2335e+17	8.59963e+15	5.91799e+15	5.51523e+15	2.41348e+15	1.52703e+15	3.05405e+15	4.58108e+15	6.10811e+15	7.63513e+15	9.17747e+15	1.07994e+16	1.2863e+16	1.61733e+16	2.38428e+16	2.65971e+17	4.54006e+17	1.09278	1.11001	1.11001	1.11001	1.11001	1.11001	1.11001	1.11001	1.11261	1.12429	1.14984	1.17313	1.27705	3.09332	4.68986	
70638	6.86261e+17	2.7893e+17	1.2206e+17	7.72286e+16	1.54457e+17	2.31686e+17	3.08914e+17	3.86143e+17	4.63349e+17	5.40436e+17	6.16863e+17	6.91416e+17	7.59324e+17	4.27312e+17	8.59964e+15	5.91593e+15	5.51318e+15	2.41258e+15	1.52646e+15	3.05292e+15	4.57938e+15	6.10584e+15	7.6323e+15	9.17316e+15	1.0789e+16	1.28227e+16	1.60408e+16	2.34505e+16	2.63901e+17	4.54007e+17	1.09321	1.10813	1.10813	1.10813	1.10813	1.10813	1.10813	1.10813	1.11056	1.12151	1.14554	1.16745	1.26582	3.04796	4.68986	
70888.9	6.86265e+17	2.78933e+17	1.22062e+17	7.72295e+16	1.54459e+17	2.31689e+17	3.08918e+17	3.86148e+17	4.63356e+17	5.40452e+17	6.16924e+17	6.91617e+17	7.59927e+17	4.31361e+17	8.59964e+15	5.91386e+15	5.51114e+15	2.41169e+15	1.5259e+15	3.05179e+15	4.57769e+15	6.10358e+15	7.62948e+15	9.1689e+15	1.0779e+16	1.2784e+16	1.59138e+16	2.30705e+16	2.61778e+17	4.54007e+17	1.09363	1.10637	1.10637	1.10637	1.10637	1.10637	1.10637	1.10637	1.10865	1.11891	1.14149	1.1621	1.25516	3.00276	4.68986	
71139.6	6.86269e+17	2.78936e+17	1.22063e+17	7.72305e+16	1.54461e+17	2.31691e+17	3.08922e+17	3.86152e+17	4.63363e+17	5.40468e+17	6.16983e+17	6.9181e+17	7.60509e+17	4.35487e+17	8.59965e+15	5.91179e+15	5.50911e+15	2.4108e+15	1.52533e+15	3.05066e+15	4.576e+15	6.10133e+15	7.62666e+15	9.1647e+15	1.07693e+16	1.27471e+16	1.57923e+16	2.27037e+16	2.59609e+17	4.54007e+17	1.09406	1.10473	1.10473	1.10473	1.10473	1.10473	1.10473	1.10473	1.10686	1.11647	1.13769	1.15706	1.24506	2.95786	4.68986	
71390.1	6.86273e+17	2.7894e+17	1.22065e+17	7.72314e+16	1.54463e+17	2.31694e+17	3.08926e+17	3.86157e+17	4.63369e+17	5.40483e+17	6.17039e+17	6.91994e+17	7.61071e+17	4.39689e+17	8.59965e+15	5.90973e+15	5.50708e+15	2.40991e+15	1.52477e+15	3.04954e+15	4.57431e+15	6.09908e+15	7.62385e+15	9.16055e+15	1.07599e+16	1.27117e+16	1.56761e+16	2.23497e+16	2.57393e+17	4.54008e+17	1.0945	1.1032	1.1032	1.1032	1.1032	1.1032	1.1032	1.1032	1.10519	1.11419	1.13411	1.15231	1.2355	2.91328	4.68986	
71641	6.86277e+17	2.78943e+17	1.22066e+17	7.72323e+16	1.54465e+17	2.31697e+17	3.08929e+17	3.86162e+17	4.63376e+17	5.40498e+17	6.17093e+17	6.9217e+17	7.61613e+17	4.43971e+17	8.59966e+15	5.90766e+15	5.50505e+15	2.40902e+15	1.52421e+15	3.04842e+15	4.57263e+15	6.09684e+15	7.62105e+15	9.15645e+15	1.07508e+16	1.26779e+16	1.55648e+16	2.20078e+16	2.55128e+17	4.54008e+17	1.09493	1.10176	1.10176	1.10176	1.10176	1.10176	1.10176	1.10176	1.10362	1.11205	1.13075	1.14785	1.22644	2.86899	4.68986	
71892	6.86281e+17	2.78946e+17	1.22068e+17	7.72332e+16	1.54466e+17	2.317e+17	3.08933e+17	3.86166e+17	4.63383e+17	5.40512e+17	6.17145e+17	6.92339e+17	7.62136e+17	4.48328e+17	8.59967e+15	5.9056e+15	5.50303e+15	2.40814e+15	1.52365e+15	3.0473e+15	4.57095e+15	6.0946e+15	7.61825e+15	9.1524e+15	1.07419e+16	1.26455e+16	1.54584e+16	2.1678e+16	2.52816e+17	4.54008e+17	1.09537	1.10043	1.10043	1.10043	1.10043	1.10043	1.10043	1.10043	1.10217	1.11005	1.1276	1.14365	1.21786	2.82505	4.68986	
72142.2	6.86285e+17	2.7895e+17	1.22069e+17	7.72341e+16	1.54468e+17	2.31702e+17	3.08937e+17	3.86171e+17	4.63389e+17	5.40526e+17	6.17194e+17	6.925e+17	7.62639e+17	4.5274e+17	8.59968e+15	5.90354e+15	5.50102e+15	2.40726e+15	1.52309e+15	3.04618e+15	4.56928e+15	6.09237e+15	7.61546e+15	9.1484e+15	1.07334e+16	1.26146e+16	1.53571e+16	2.13614e+16	2.50467e+17	4.54009e+17	1.09581	1.09919	1.09919	1.09919	1.09919	1.09919	1.09919	1.09919	1.10082	1.10819	1.12465	1.13972	1.20977	2.78168	4.68986	
72393.2	6.86289e+17	2.78953e+17	1.22071e+17	7.72351e+16	1.5447e+17	2.31705e+17	3.0894e+17	3.86175e+17	4.63396e+17	5.40539e+17	6.17241e+17	6.92653e+17	7.63124e+17	4.57233e+17	8.59968e+15	5.90148e+15	5.499e+15	2.40638e+15	1.52253e+15	3.04507e+15	4.5676e+15	6.09014e+15	7.61267e+15	9.14444e+15	1.07251e+16	1.2585e+16	1.52601e+16	2.10556e+16	2.48067e+17	4.54009e+17	1.09625	1.09804	1.09804	1.09804	1.09804	1.09804	1.09804	1.09804	1.09956	1.10645	1.12188	1.13602	1.2021	2.73864	4.68986	
72643.3	6.86293e+17	2.78956e+17	1.22072e+17	7.7236e+16	1.54472e+17	2.31708e+17	3.08944e+17	3.8618e+17	4.63402e+17	5.40552e+17	6.17286e+17	6.928e+17	7.63588e+17	4.61773e+17	8.59969e+15	5.89943e+15	5.497e+15	2.4055e+15	1.52198e+15	3.04396e+15	4.56594e+15	6.08792e+15	7.6099e+15	9.14053e+15	1.07171e+16	1.25568e+16	1.51679e+16	2.07626e+16	2.45635e+17	4.54009e+17	1.09669	1.09698	1.09698	1.09698	1.09698	1.09698	1.09698	1.09698	1.09839	1.10484	1.1193	1.13256	1.19489	2.69623	4.68986	
72893.5	6.86297e+17	2.7896e+17	1.22073e+17	7.72369e+16	1.54474e+17	2.31711e+17	3.08948e+17	3.86184e+17	4.63409e+17	5.40564e+17	6.17329e+17	6.92939e+17	7.64035e+17	4.66377e+17	8.5997e+15	5.89738e+15	5.495e+15	2.40463e+15	1.52143e+15	3.04285e+15	4.56428e+15	6.0857e+15	7.60713e+15	9.13666e+15	1.07093e+16	1.25299e+16	1.50799e+16	2.04808e+16	2.43161e+17	4.5401e+17	1.09713	1.09599	1.09599	1.09599	1.09599	1.09599	1.09599	1.09599	1.09731	1.10334	1.11689	1.12932	1.18808	2.65432	4.68986	
73144	6.86301e+17	2.78963e+17	1.22075e+17	7.72378e+16	1.54476e+17	2.31713e+17	3.08951e+17	3.86189e+17	4.63415e+17	5.40577e+17	6.1737e+17	6.93072e+17	7.64465e+17	4.71041e+17	8.5997e+15	5.89532e+15	5.493e+15	2.40375e+15	1.52087e+15	3.04175e+15	4.56262e+15	6.08349e+15	7.60436e+15	9.13282e+15	1.07018e+16	1.25041e+16	1.49959e+16	2.02099e+16	2.40646e+17	4.5401e+17	1.09758	1.09509	1.09509	1.09509	1.09509	1.09509	1.09509	1.09509	1.09632	1.10195	1.11464	1.12628	1.18165	2.61292	4.68986	
73394.6	6.86305e+17	2.78966e+17	1.22076e+17	7.72387e+16	1.54477e+17	2.31716e+17	3.08955e+17	3.86194e+17	4.63421e+17	5.40589e+17	6.17409e+17	6.93199e+17	7.64877e+17	4.75763e+17	8.59971e+15	5.89327e+15	5.491e+15	2.40288e+15	1.52032e+15	3.04064e+15	4.56096e+15	6.08128e+15	7.6016e+15	9.12902e+15	1.06944e+16	1.24794e+16	1.49157e+16	1.99497e+16	2.38092e+17	4.54011e+17	1.09803	1.09425	1.09425	1.09425	1.09425	1.09425	1.09425	1.09425	1.0954	1.10065	1.11253	1.12344	1.17558	2.57207	4.68986	
73647.7	6.86309e+17	2.7897e+17	1.22078e+17	7.72396e+16	1.54479e+17	2.31719e+17	3.08959e+17	3.86198e+17	4.63427e+17	5.406e+17	6.17447e+17	6.93322e+17	7.65277e+17	4.80583e+17	8.59972e+15	5.8912e+15	5.48899e+15	2.402e+15	1.51976e+15	3.03953e+15	4.55929e+15	6.07905e+15	7.59882e+15	9.12522e+15	1.06872e+16	1.24557e+16	1.48387e+16	1.96977e+16	2.35477e+17	4.54011e+17	1.09849	1.09347	1.09347	1.09347	1.09347	1.09347	1.09347	1.09347	1.09454	1.09945	1.11056	1.12076	1.16982	2.53142	4.68986	
73897.8	6.86313e+17	2.78973e+17	1.22079e+17	7.72405e+16	1.54481e+17	2.31722e+17	3.08962e+17	3.86203e+17	4.63433e+17	5.40611e+17	6.17483e+17	6.93437e+17	7.65655e+17	4.85392e+17	8.59973e+15	5.88915e+15	5.48701e+15	2.40113e+15	1.51921e+15	3.03843e+15	4.55764e+15	6.07685e+15	7.59607e+15	9.12149e+15	1.06803e+16	1.24332e+16	1.47662e+16	1.94592e+16	2.3286e+17	4.54011e+17	1.09894	1.09278	1.09278	1.09278	1.09278	1.09278	1.09278	1.09278	1.09377	1.09835	1.10874	1.11829	1.16446	2.49188	4.68986	
74150.9	6.86317e+17	2.78976e+17	1.22081e+17	7.72415e+16	1.54483e+17	2.31724e+17	3.08966e+17	3.86207e+17	4.6344e+17	5.40623e+17	6.17517e+17	6.93547e+17	7.66022e+17	4.90304e+17	8.59973e+15	5.88708e+15	5.485e+15	2.40025e+15	1.51866e+15	3.03732e+15	4.55598e+15	6.07463e+15	7.59329e+15	9.11775e+15	1.06734e+16	1.24115e+16	1.46964e+16	1.92279e+16	2.30179e+17	4.54012e+17	1.09941	1.09213	1.09213	1.09213	1.09213	1.09213	1.09213	1.09213	1.09306	1.09732	1.10704	1.11597	1.15936	2.45251	4.68986	
74401.4	6.86321e+17	2.78979e+17	1.22082e+17	7.72424e+16	1.54485e+17	2.31727e+17	3.08969e+17	3.86212e+17	4.63446e+17	5.40633e+17	6.1755e+17	6.93652e+17	7.66369e+17	4.95204e+17	8.59974e+15	5.88504e+15	5.48302e+15	2.39938e+15	1.51811e+15	3.03622e+15	4.55433e+15	6.07244e+15	7.59055e+15	9.11408e+15	1.06669e+16	1.2391e+16	1.46306e+16	1.90089e+16	2.27495e+17	4.54012e+17	1.09987	1.09155	1.09155	1.09155	1.09155	1.09155	1.09155	1.09155	1.09242	1.09639	1.10547	1.11382	1.15463	2.41422	4.68986	
74654.2	6.86325e+17	2.78983e+17	1.22084e+17	7.72433e+16	1.54487e+17	2.3173e+17	3.08973e+17	3.86216e+17	4.63452e+17	5.40644e+17	6.17582e+17	6.93752e+17	7.66704e+17	5.00189e+17	8.59975e+15	5.88297e+15	5.48102e+15	2.39851e+15	1.51756e+15	3.03511e+15	4.55267e+15	6.07023e+15	7.58779e+15	9.11041e+15	1.06604e+16	1.23712e+16	1.45675e+16	1.87975e+16	2.24757e+17	4.54013e+17	1.10033	1.09102	1.09102	1.09102	1.09102	1.09102	1.09102	1.09102	1.09183	1.09553	1.10401	1.11181	1.15014	2.37624	4.68986	
74906.8	6.86329e+17	2.78986e+17	1.22085e+17	7.72442e+16	1.54488e+17	2.31733e+17	3.08977e+17	3.86221e+17	4.63458e+17	5.40654e+17	6.17612e+17	6.93847e+17	7.67024e+17	5.05202e+17	8.59976e+15	5.88091e+15	5.47903e+15	2.39764e+15	1.51701e+15	3.03401e+15	4.55102e+15	6.06802e+15	7.58503e+15	9.10676e+15	1.06541e+16	1.23523e+16	1.45076e+16	1.85956e+16	2.21995e+17	4.54013e+17	1.1008	1.09055	1.09055	1.09055	1.09055	1.09055	1.09055	1.09055	1.0913	1.09475	1.10266	1.10995	1.14593	2.339	4.68986	
75156.9	6.86333e+17	2.78989e+17	1.22086e+17	7.72451e+16	1.5449e+17	2.31735e+17	3.0898e+17	3.86225e+17	4.63464e+17	5.40664e+17	6.1764e+17	6.93936e+17	7.67327e+17	5.10196e+17	8.59976e+15	5.87887e+15	5.47706e+15	2.39678e+15	1.51646e+15	3.03292e+15	4.54938e+15	6.06584e+15	7.5823e+15	9.10318e+15	1.0648e+16	1.23344e+16	1.44512e+16	1.84046e+16	2.19236e+17	4.54013e+17	1.10127	1.09013	1.09013	1.09013	1.09013	1.09013	1.09013	1.09013	1.09083	1.09404	1.10143	1.10824	1.14203	2.30282	4.68986	
75407.1	6.86337e+17	2.78993e+17	1.22088e+17	7.7246e+16	1.54492e+17	2.31738e+17	3.08984e+17	3.8623e+17	4.63469e+17	5.40674e+17	6.17668e+17	6.94021e+17	7.67616e+17	5.15216e+17	8.59977e+15	5.87683e+15	5.4751e+15	2.39592e+15	1.51592e+15	3.03183e+15	4.54775e+15	6.06366e+15	7.57958e+15	9.09962e+15	1.0642e+16	1.23172e+16	1.43976e+16	1.82222e+16	2.16454e+17	4.54014e+17	1.10173	1.08976	1.08976	1.08976	1.08976	1.08976	1.08976	1.08976	1.09041	1.0934	1.1003	1.10666	1.13838	2.26734	4.68986	
75659.4	6.86341e+17	2.78996e+17	1.22089e+17	7.72469e+16	1.54494e+17	2.31741e+17	3.08988e+17	3.86234e+17	4.63475e+17	5.40683e+17	6.17694e+17	6.94103e+17	7.67894e+17	5.20302e+17	8.59978e+15	5.87477e+15	5.47312e+15	2.39505e+15	1.51537e+15	3.03074e+15	4.5461e+15	6.06147e+15	7.57684e+15	9.09605e+15	1.06362e+16	1.23007e+16	1.43462e+16	1.80466e+16	2.13626e+17	4.54014e+17	1.10221	1.08944	1.08944	1.08944	1.08944	1.08944	1.08944	1.08944	1.09004	1.09282	1.09925	1.10519	1.13493	2.23227	4.68986	
75909.6	6.86345e+17	2.78999e+17	1.22091e+17	7.72478e+16	1.54496e+17	2.31743e+17	3.08991e+17	3.86239e+17	4.63481e+17	5.40692e+17	6.17719e+17	6.9418e+17	7.68157e+17	5.25365e+17	8.59979e+15	5.87274e+15	5.47116e+15	2.39419e+15	1.51482e+15	3.02965e+15	4.54447e+15	6.0593e+15	7.57412e+15	9.09253e+15	1.06305e+16	1.22851e+16	1.42979e+16	1.78805e+16	2.10804e+17	4.54015e+17	1.10268	1.08915	1.08915	1.08915	1.08915	1.08915	1.08915	1.08915	1.08971	1.0923	1.0983	1.10384	1.13174	2.19822	4.68986	
76161.9	6.86349e+17	2.79002e+17	1.22092e+17	7.72487e+16	1.54497e+17	2.31746e+17	3.08995e+17	3.86243e+17	4.63487e+17	5.40701e+17	6.17743e+17	6.94253e+17	7.6841e+17	5.30485e+17	8.5998e+15	5.87068e+15	5.46918e+15	2.39333e+15	1.51428e+15	3.02856e+15	4.54283e+15	6.05711e+15	7.57139e+15	9.089e+15	1.06249e+16	1.22699e+16	1.42515e+16	1.77209e+16	2.07942e+17	4.54015e+17	1.10316	1.08891	1.08891	1.08891	1.08891	1.08891	1.08891	1.08891	1.08943	1.09184	1.09743	1.10259	1.12873	2.1646	4.68986	
76411.9	6.86353e+17	2.79006e+17	1.22094e+17	7.72496e+16	1.54499e+17	2.31749e+17	3.08998e+17	3.86248e+17	4.63493e+17	5.4071e+17	6.17766e+17	6.94323e+17	7.68649e+17	5.3557e+17	8.5998e+15	5.86865e+15	5.46723e+15	2.39247e+15	1.51374e+15	3.02747e+15	4.54121e+15	6.05495e+15	7.56868e+15	9.08553e+15	1.06194e+16	1.22556e+16	1.42079e+16	1.75701e+16	2.0509e+17	4.54016e+17	1.10364	1.08871	1.08871	1.08871	1.08871	1.08871	1.08871	1.08871	1.08919	1.09143	1.09664	1.10146	1.12596	2.13202	4.68986	
76663.9	6.86357e+17	2.79009e+17	1.22095e+17	7.72505e+16	1.54501e+17	2.31751e+17	3.09002e+17	3.86252e+17	4.63498e+17	5.40719e+17	6.17789e+17	6.94389e+17	7.68878e+17	5.40704e+17	8.59981e+15	5.8666e+15	5.46526e+15	2.39161e+15	1.51319e+15	3.02638e+15	4.53958e+15	6.05277e+15	7.56596e+15	9.08205e+15	1.0614e+16	1.22417e+16	1.41662e+16	1.74255e+16	2.02204e+17	4.54016e+17	1.10412	1.08854	1.08854	1.08854	1.08854	1.08854	1.08854	1.08854	1.08899	1.09107	1.09592	1.10041	1.12335	2.09992	4.68986	
76917	6.86361e+17	2.79012e+17	1.22096e+17	7.72514e+16	1.54503e+17	2.31754e+17	3.09006e+17	3.86257e+17	4.63504e+17	5.40728e+17	6.1781e+17	6.94452e+17	7.69097e+17	5.45865e+17	8.59982e+15	5.86455e+15	5.46328e+15	2.39075e+15	1.51265e+15	3.02529e+15	4.53794e+15	6.05058e+15	7.56323e+15	9.07857e+15	1.06087e+16	1.22284e+16	1.41264e+16	1.72872e+16	1.99295e+17	4.54016e+17	1.10461	1.0884	1.0884	1.0884	1.0884	1.0884	1.0884	1.0884	1.08882	1.09075	1.09527	1.09945	1.12092	2.06841	4.68986	
77168.9	6.86365e+17	2.79015e+17	1.22098e+17	7.72523e+16	1.54505e+17	2.31757e+17	3.09009e+17	3.86261e+17	4.6351e+17	5.40736e+17	6.17831e+17	6.94512e+17	7.69305e+17	5.51005e+17	8.59983e+15	5.8625e+15	5.46132e+15	2.38989e+15	1.5121e+15	3.0242e+15	4.53631e+15	6.04841e+15	7.56051e+15	9.07512e+15	1.06036e+16	1.22156e+16	1.40888e+16	1.71562e+16	1.96389e+17	4.54017e+17	1.1051	1.0883	1.0883	1.0883	1.0883	1.0883	1.0883	1.0883	1.08869	1.09049	1.09469	1.09858	1.11867	2.03777	4.68986	
77421.8	6.86369e+17	2.79019e+17	1.22099e+17	7.72532e+16	1.54506e+17	2.3176e+17	3.09013e+17	3.86266e+17	4.63515e+17	5.40745e+17	6.1785e+17	6.94569e+17	7.69503e+17	5.5616e+17	8.59984e+15	5.86045e+15	5.45936e+15	2.38903e+15	1.51156e+15	3.02312e+15	4.53467e+15	6.04623e+15	7.55779e+15	9.07168e+15	1.05985e+16	1.22034e+16	1.4053e+16	1.70313e+16	1.93467e+17	4.54017e+17	1.1056	1.08824	1.08824	1.08824	1.08824	1.08824	1.08824	1.08824	1.08859	1.09026	1.09417	1.09779	1.11657	2.00776	4.68986	
77673.7	6.86373e+17	2.79022e+17	1.22101e+17	7.72541e+16	1.54508e+17	2.31762e+17	3.09016e+17	3.8627e+17	4.63521e+17	5.40753e+17	6.17869e+17	6.94623e+17	7.6969e+17	5.61291e+17	8.59985e+15	5.85841e+15	5.4574e+15	2.38817e+15	1.51102e+15	3.02203e+15	4.53305e+15	6.04406e+15	7.55508e+15	9.06826e+15	1.05935e+16	1.21916e+16	1.40192e+16	1.6913e+16	1.9055e+17	4.54018e+17	1.10609	1.0882	1.0882	1.0882	1.0882	1.0882	1.0882	1.0882	1.08853	1.09008	1.09371	1.09708	1.11464	1.97859	4.68986	
77926.4	6.86377e+17	2.79025e+17	1.22102e+17	7.7255e+16	1.5451e+17	2.31765e+17	3.0902e+17	3.86275e+17	4.63527e+17	5.40761e+17	6.17887e+17	6.94674e+17	7.69869e+17	5.66429e+17	8.59986e+15	5.85637e+15	5.45544e+15	2.38731e+15	1.51047e+15	3.02095e+15	4.53142e+15	6.04189e+15	7.55236e+15	9.06485e+15	1.05885e+16	1.21804e+16	1.3987e+16	1.68003e+16	1.87622e+17	4.54018e+17	1.10659	1.08819	1.08819	1.08819	1.08819	1.08819	1.08819	1.08819	1.08849	1.08993	1.09331	1.09644	1.11285	1.95005	4.68986	
78178.4	6.86381e+17	2.79028e+17	1.22103e+17	7.72559e+16	1.54512e+17	2.31768e+17	3.09023e+17	3.86279e+17	4.63532e+17	5.40769e+17	6.17905e+17	6.94723e+17	7.70038e+17	5.71542e+17	8.59987e+15	5.85432e+15	5.45348e+15	2.38646e+15	1.50993e+15	3.01986e+15	4.52979e+15	6.03973e+15	7.54966e+15	9.06146e+15	1.05837e+16	1.21695e+16	1.39565e+16	1.66935e+16	1.84701e+17	4.54019e+17	1.10709	1.0882	1.0882	1.0882	1.0882	1.0882	1.0882	1.0882	1.08849	1.08982	1.09296	1.09587	1.1112	1.9223	4.68986	
78430.2	6.86385e+17	2.79031e+17	1.22105e+17	7.72568e+16	1.54514e+17	2.3177e+17	3.09027e+17	3.86284e+17	4.63538e+17	5.40777e+17	6.17921e+17	6.94769e+17	7.70199e+17	5.76634e+17	8.59987e+15	5.85229e+15	5.45153e+15	2.3856e+15	1.50939e+15	3.01878e+15	4.52817e+15	6.03757e+15	7.54696e+15	9.05809e+15	1.05789e+16	1.21591e+16	1.39276e+16	1.65923e+16	1.81784e+17	4.54019e+17	1.10759	1.08824	1.08824	1.08824	1.08824	1.08824	1.08824	1.08824	1.08851	1.08974	1.09266	1.09537	1.10968	1.89528	4.68986	
78682.9	6.86389e+17	2.79035e+17	1.22106e+17	7.72577e+16	1.54515e+17	2.31773e+17	3.09031e+17	3.86288e+17	4.63543e+17	5.40784e+17	6.17938e+17	6.94813e+17	7.70352e+17	5.81727e+17	8.59988e+15	5.85024e+15	5.44958e+15	2.38475e+15	1.50885e+15	3.0177e+15	4.52655e+15	6.0354e+15	7.54425e+15	9.05472e+15	1.05742e+16	1.21491e+16	1.39e+16	1.64959e+16	1.78861e+17	4.5402e+17	1.10809	1.08831	1.08831	1.08831	1.08831	1.08831	1.08831	1.08831	1.08855	1.08969	1.09241	1.09492	1.10828	1.86887	4.68986	
78934.4	6.86393e+17	2.79038e+17	1.22108e+17	7.72585e+16	1.54517e+17	2.31776e+17	3.09034e+17	3.86293e+17	4.63549e+17	5.40792e+17	6.17953e+17	6.94854e+17	7.70496e+17	5.86773e+17	8.59989e+15	5.84821e+15	5.44763e+15	2.3839e+15	1.50831e+15	3.01662e+15	4.52494e+15	6.03325e+15	7.54156e+15	9.05138e+15	1.05696e+16	1.21394e+16	1.38739e+16	1.64049e+16	1.75956e+17	4.5402e+17	1.1086	1.08839	1.08839	1.08839	1.08839	1.08839	1.08839	1.08839	1.08862	1.08968	1.0922	1.09453	1.107	1.84328	4.68986	
79186.9	6.86397e+17	2.79041e+17	1.22109e+17	7.72594e+16	1.54519e+17	2.31778e+17	3.09038e+17	3.86297e+17	4.63554e+17	5.40799e+17	6.17968e+17	6.94894e+17	7.70633e+17	5.91816e+17	8.5999e+15	5.84617e+15	5.44569e+15	2.38305e+15	1.50777e+15	3.01555e+15	4.52332e+15	6.03109e+15	7.53886e+15	9.04803e+15	1.0565e+16	1.21301e+16	1.38491e+16	1.63182e+16	1.73046e+17	4.54021e+17	1.10911	1.0885	1.0885	1.0885	1.0885	1.0885	1.0885	1.0885	1.08871	1.08969	1.09203	1.0942	1.10583	1.81826	4.68986	
79438.5	6.86401e+17	2.79044e+17	1.22111e+17	7.72603e+16	1.54521e+17	2.31781e+17	3.09041e+17	3.86302e+17	4.6356e+17	5.40807e+17	6.17983e+17	6.94931e+17	7.70763e+17	5.96815e+17	8.59991e+15	5.84414e+15	5.44374e+15	2.3822e+15	1.50724e+15	3.01447e+15	4.52171e+15	6.02894e+15	7.53618e+15	9.04471e+15	1.05605e+16	1.21211e+16	1.38256e+16	1.62363e+16	1.70155e+17	4.54021e+17	1.10962	1.08863	1.08863	1.08863	1.08863	1.08863	1.08863	1.08863	1.08882	1.08973	1.0919	1.09391	1.10476	1.79401	4.68986	
79690	6.86405e+17	2.79048e+17	1.22112e+17	7.72612e+16	1.54522e+17	2.31784e+17	3.09045e+17	3.86306e+17	4.63565e+17	5.40814e+17	6.17997e+17	6.94967e+17	7.70886e+17	6.0178e+17	8.59992e+15	5.84211e+15	5.44181e+15	2.38135e+15	1.5067e+15	3.0134e+15	4.5201e+15	6.0268e+15	7.53349e+15	9.04139e+15	1.0556e+16	1.21124e+16	1.38033e+16	1.61588e+16	1.67277e+17	4.54022e+17	1.11013	1.08878	1.08878	1.08878	1.08878	1.08878	1.08878	1.08878	1.08896	1.0898	1.09181	1.09368	1.10379	1.77043	4.68986	
79942.4	6.86409e+17	2.79051e+17	1.22113e+17	7.72621e+16	1.54524e+17	2.31786e+17	3.09048e+17	3.86311e+17	4.63571e+17	5.40821e+17	6.1801e+17	6.95001e+17	7.71003e+17	6.06732e+17	8.59993e+15	5.84008e+15	5.43986e+15	2.3805e+15	1.50616e+15	3.01232e+15	4.51848e+15	6.02464e+15	7.5308e+15	9.03808e+15	1.05516e+16	1.2104e+16	1.37819e+16	1.6085e+16	1.644e+17	4.54022e+17	1.11065	1.08894	1.08894	1.08894	1.08894	1.08894	1.08894	1.08894	1.08911	1.08989	1.09175	1.09348	1.1029	1.74742	4.68986	
80193.5	6.86413e+17	2.79054e+17	1.22115e+17	7.7263e+16	1.54526e+17	2.31789e+17	3.09052e+17	3.86315e+17	4.63576e+17	5.40828e+17	6.18023e+17	6.95033e+17	7.71114e+17	6.11623e+17	8.59994e+15	5.83806e+15	5.43793e+15	2.37965e+15	1.50563e+15	3.01125e+15	4.51688e+15	6.0225e+15	7.52813e+15	9.03479e+15	1.05473e+16	1.20959e+16	1.37618e+16	1.60156e+16	1.61552e+17	4.54023e+17	1.11116	1.08912	1.08912	1.08912	1.08912	1.08912	1.08912	1.08912	1.08928	1.09	1.09173	1.09334	1.10211	1.72517	4.68986	
80445.7	6.86417e+17	2.79057e+17	1.22116e+17	7.72639e+16	1.54528e+17	2.31792e+17	3.09055e+17	3.86319e+17	4.63582e+17	5.40836e+17	6.18036e+17	6.95064e+17	7.71218e+17	6.16497e+17	8.59995e+15	5.83603e+15	5.436e+15	2.37881e+15	1.50509e+15	3.01018e+15	4.51527e+15	6.02036e+15	7.52545e+15	9.0315e+15	1.05429e+16	1.20881e+16	1.37425e+16	1.59495e+16	1.58708e+17	4.54023e+17	1.11169	1.08932	1.08932	1.08932	1.08932	1.08932	1.08932	1.08932	1.08946	1.09013	1.09174	1.09322	1.10139	1.70346	4.68986	
80696.8	6.8642e+17	2.7906e+17	1.22118e+17	7.72648e+16	1.5453e+17	2.31794e+17	3.09059e+17	3.86324e+17	4.63587e+17	5.40843e+17	6.18048e+17	6.95093e+17	7.71317e+17	6.21311e+17	8.59996e+15	5.83401e+15	5.43407e+15	2.37796e+15	1.50456e+15	3.00911e+15	4.51367e+15	6.01822e+15	7.52278e+15	9.02822e+15	1.05387e+16	1.20805e+16	1.37242e+16	1.58871e+16	1.55893e+17	4.54024e+17	1.11221	1.08954	1.08954	1.08954	1.08954	1.08954	1.08954	1.08954	1.08967	1.09028	1.09177	1.09315	1.10076	1.68245	4.68986	
80948.8	6.86424e+17	2.79064e+17	1.22119e+17	7.72656e+16	1.54531e+17	2.31797e+17	3.09063e+17	3.86328e+17	4.63593e+17	5.4085e+17	6.1806e+17	6.95121e+17	7.71411e+17	6.261e+17	8.59997e+15	5.83198e+15	5.43214e+15	2.37712e+15	1.50402e+15	3.00804e+15	4.51206e+15	6.01608e+15	7.52011e+15	9.02495e+15	1.05344e+16	1.20731e+16	1.37068e+16	1.58279e+16	1.53087e+17	4.54024e+17	1.11273	1.08977	1.08977	1.08977	1.08977	1.08977	1.08977	1.08977	1.08989	1.09046	1.09183	1.09311	1.10019	1.66198	4.68986	
81200.1	6.86428e+17	2.79067e+17	1.2212e+17	7.72665e+16	1.54533e+17	2.318e+17	3.09066e+17	3.86333e+17	4.63598e+17	5.40856e+17	6.18072e+17	6.95148e+17	7.715e+17	6.3083e+17	8.59998e+15	5.82996e+15	5.43021e+15	2.37627e+15	1.50349e+15	3.00698e+15	4.51046e+15	6.01395e+15	7.51744e+15	9.02169e+15	1.05302e+16	1.20659e+16	1.36902e+16	1.5772e+16	1.50309e+17	4.54025e+17	1.11326	1.09001	1.09001	1.09001	1.09001	1.09001	1.09001	1.09001	1.09012	1.09065	1.09192	1.0931	1.09969	1.64217	4.68986	
81451.1	6.86432e+17	2.7907e+17	1.22122e+17	7.72674e+16	1.54535e+17	2.31802e+17	3.0907e+17	3.86337e+17	4.63603e+17	5.40863e+17	6.18083e+17	6.95173e+17	7.71584e+17	6.35509e+17	8.59999e+15	5.82794e+15	5.42829e+15	2.37543e+15	1.50296e+15	3.00591e+15	4.50887e+15	6.01182e+15	7.51478e+15	9.01844e+15	1.05261e+16	1.2059e+16	1.36744e+16	1.57192e+16	1.47556e+17	4.54025e+17	1.11379	1.09026	1.09026	1.09026	1.09026	1.09026	1.09026	1.09026	1.09036	1.09085	1.09203	1.09313	1.09925	1.62296	4.68986	
81703.1	6.86436e+17	2.79073e+17	1.22123e+17	7.72683e+16	1.54537e+17	2.31805e+17	3.09073e+17	3.86341e+17	4.63609e+17	5.4087e+17	6.18094e+17	6.95197e+17	7.71664e+17	6.40159e+17	8.6e+15	5.82592e+15	5.42636e+15	2.37459e+15	1.50242e+15	3.00484e+15	4.50727e+15	6.00969e+15	7.51211e+15	9.01519e+15	1.0522e+16	1.20521e+16	1.36592e+16	1.56689e+16	1.44815e+17	4.54026e+17	1.11432	1.09053	1.09053	1.09053	1.09053	1.09053	1.09053	1.09053	1.09062	1.09107	1.09217	1.09318	1.09887	1.60425	4.68986	
81953.7	6.8644e+17	2.79076e+17	1.22124e+17	7.72692e+16	1.54538e+17	2.31807e+17	3.09077e+17	3.86346e+17	4.63614e+17	5.40877e+17	6.18105e+17	6.9522e+17	7.71739e+17	6.44733e+17	8.60001e+15	5.82391e+15	5.42445e+15	2.37375e+15	1.50189e+15	3.00378e+15	4.50568e+15	6.00757e+15	7.50946e+15	9.01195e+15	1.05179e+16	1.20456e+16	1.36449e+16	1.56217e+16	1.42113e+17	4.54026e+17	1.11486	1.09081	1.09081	1.09081	1.09081	1.09081	1.09081	1.09081	1.09089	1.09131	1.09232	1.09326	1.09855	1.58619	4.68986	
82205.5	6.86444e+17	2.79079e+17	1.22126e+17	7.727e+16	1.5454e+17	2.3181e+17	3.0908e+17	3.8635e+17	4.63619e+17	5.40883e+17	6.18116e+17	6.95243e+17	7.7181e+17	6.49276e+17	8.60002e+15	5.82189e+15	5.42252e+15	2.37291e+15	1.50136e+15	3.00272e+15	4.50408e+15	6.00544e+15	7.5068e+15	9.00872e+15	1.05138e+16	1.20391e+16	1.36311e+16	1.55767e+16	1.39425e+17	4.54027e+17	1.11539	1.0911	1.0911	1.0911	1.0911	1.0911	1.0911	1.0911	1.09118	1.09156	1.0925	1.09337	1.09828	1.5686	4.68986	
82456.1	6.86448e+17	2.79083e+17	1.22127e+17	7.72709e+16	1.54542e+17	2.31813e+17	3.09084e+17	3.86355e+17	4.63625e+17	5.4089e+17	6.18126e+17	6.95264e+17	7.71878e+17	6.53746e+17	8.60003e+15	5.81988e+15	5.42061e+15	2.37207e+15	1.50083e+15	3.00166e+15	4.50249e+15	6.00332e+15	7.50415e+15	9.0055e+15	1.05098e+16	1.20328e+16	1.36179e+16	1.55344e+16	1.36775e+17	4.54028e+17	1.11593	1.0914	1.0914	1.0914	1.0914	1.0914	1.0914	1.0914	1.09147	1.09183	1.09269	1.09349	1.09806	1.55163	4.68986	
82707.7	6.86452e+17	2.79086e+17	1.22129e+17	7.72718e+16	1.54544e+17	2.31815e+17	3.09087e+17	3.86359e+17	4.6363e+17	5.40897e+17	6.18136e+17	6.95284e+17	7.71942e+17	6.58176e+17	8.60004e+15	5.81787e+15	5.41869e+15	2.37123e+15	1.5003e+15	3.0006e+15	4.5009e+15	6.0012e+15	7.5015e+15	9.00227e+15	1.05058e+16	1.20267e+16	1.36053e+16	1.54941e+16	1.34144e+17	4.54028e+17	1.11648	1.09171	1.09171	1.09171	1.09171	1.09171	1.09171	1.09171	1.09178	1.0921	1.0929	1.09365	1.09788	1.53512	4.68986	
82958.3	6.86456e+17	2.79089e+17	1.2213e+17	7.72727e+16	1.54545e+17	2.31818e+17	3.09091e+17	3.86363e+17	4.63635e+17	5.40903e+17	6.18146e+17	6.95303e+17	7.72002e+17	6.62533e+17	8.60005e+15	5.81586e+15	5.41678e+15	2.3704e+15	1.49977e+15	2.99954e+15	4.49931e+15	5.99908e+15	7.49885e+15	8.99906e+15	1.05018e+16	1.20207e+16	1.35932e+16	1.54562e+16	1.31552e+17	4.54029e+17	1.11702	1.09203	1.09203	1.09203	1.09203	1.09203	1.09203	1.09203	1.09209	1.09239	1.09313	1.09382	1.09775	1.51918	4.68986	
83209.6	6.8646e+17	2.79092e+17	1.22131e+17	7.72735e+16	1.54547e+17	2.31821e+17	3.09094e+17	3.86368e+17	4.63641e+17	5.4091e+17	6.18155e+17	6.95322e+17	7.72059e+17	6.66846e+17	8.60007e+15	5.81385e+15	5.41487e+15	2.36956e+15	1.49924e+15	2.99848e+15	4.49772e+15	5.99696e+15	7.4962e+15	8.99585e+15	1.04978e+16	1.20148e+16	1.35816e+16	1.54202e+16	1.28982e+17	4.54029e+17	1.11757	1.09235	1.09235	1.09235	1.09235	1.09235	1.09235	1.09235	1.09241	1.09269	1.09337	1.09401	1.09766	1.50369	4.68986	
83460.3	6.86464e+17	2.79095e+17	1.22133e+17	7.72744e+16	1.54549e+17	2.31823e+17	3.09098e+17	3.86372e+17	4.63646e+17	5.40916e+17	6.18165e+17	6.9534e+17	7.72113e+17	6.71088e+17	8.60008e+15	5.81185e+15	5.41296e+15	2.36873e+15	1.49871e+15	2.99743e+15	4.49614e+15	5.99485e+15	7.49356e+15	8.99265e+15	1.04939e+16	1.2009e+16	1.35705e+16	1.53862e+16	1.26449e+17	4.5403e+17	1.11812	1.09269	1.09269	1.09269	1.09269	1.09269	1.09269	1.09269	1.09275	1.093	1.09363	1.09422	1.09761	1.48872	4.68986	
83710.8	6.86468e+17	2.79098e+17	1.22134e+17	7.72753e+16	1.54551e+17	2.31826e+17	3.09101e+17	3.86376e+17	4.63651e+17	5.40923e+17	6.18174e+17	6.95357e+17	7.72165e+17	6.75266e+17	8.60009e+15	5.80985e+15	5.41106e+15	2.36789e+15	1.49819e+15	2.99637e+15	4.49456e+15	5.99274e+15	7.49093e+15	8.98946e+15	1.049e+16	1.20034e+16	1.35599e+16	1.5354e+16	1.23951e+17	4.54031e+17	1.11867	1.09304	1.09304	1.09304	1.09304	1.09304	1.09304	1.09304	1.09309	1.09332	1.09391	1.09445	1.09759	1.47425	4.68986	
83962.2	6.86471e+17	2.79102e+17	1.22136e+17	7.72762e+16	1.54552e+17	2.31828e+17	3.09105e+17	3.86381e+17	4.63656e+17	5.40929e+17	6.18183e+17	6.95374e+17	7.72213e+17	6.79398e+17	8.6001e+15	5.80784e+15	5.40915e+15	2.36706e+15	1.49766e+15	2.99531e+15	4.49297e+15	5.99063e+15	7.48829e+15	8.98626e+15	1.04861e+16	1.19978e+16	1.35496e+16	1.53234e+16	1.21477e+17	4.54031e+17	1.11922	1.09339	1.09339	1.09339	1.09339	1.09339	1.09339	1.09339	1.09344	1.09365	1.09419	1.09469	1.0976	1.46019	4.68986	
84212.3	6.86475e+17	2.79105e+17	1.22137e+17	7.7277e+16	1.54554e+17	2.31831e+17	3.09108e+17	3.86385e+17	4.63662e+17	5.40936e+17	6.18192e+17	6.9539e+17	7.72259e+17	6.83448e+17	8.60011e+15	5.80584e+15	5.40725e+15	2.36623e+15	1.49713e+15	2.99426e+15	4.4914e+15	5.98853e+15	7.48566e+15	8.98309e+15	1.04822e+16	1.19924e+16	1.35397e+16	1.52946e+16	1.19048e+17	4.54032e+17	1.11978	1.09375	1.09375	1.09375	1.09375	1.09375	1.09375	1.09375	1.09379	1.09399	1.09449	1.09495	1.09765	1.44665	4.68986	
84463.5	6.86479e+17	2.79108e+17	1.22138e+17	7.72779e+16	1.54556e+17	2.31834e+17	3.09112e+17	3.8639e+17	4.63667e+17	5.40942e+17	6.18201e+17	6.95405e+17	7.72303e+17	6.87451e+17	8.60012e+15	5.80384e+15	5.40535e+15	2.36539e+15	1.4966e+15	2.99321e+15	4.48981e+15	5.98642e+15	7.48302e+15	8.9799e+15	1.04784e+16	1.1987e+16	1.35302e+16	1.52671e+16	1.16643e+17	4.54032e+17	1.12033	1.09412	1.09412	1.09412	1.09412	1.09412	1.09412	1.09412	1.09416	1.09434	1.0948	1.09523	1.09773	1.43349	4.68986	
84713.8	6.86483e+17	2.79111e+17	1.2214e+17	7.72788e+16	1.54558e+17	2.31836e+17	3.09115e+17	3.86394e+17	4.63672e+17	5.40948e+17	6.18209e+17	6.9542e+17	7.72345e+17	6.91377e+17	8.60013e+15	5.80184e+15	5.40345e+15	2.36456e+15	1.49608e+15	2.99216e+15	4.48824e+15	5.98432e+15	7.4804e+15	8.97673e+15	1.04745e+16	1.19818e+16	1.3521e+16	1.52412e+16	1.14281e+17	4.54033e+17	1.1209	1.09449	1.09449	1.09449	1.09449	1.09449	1.09449	1.09449	1.09453	1.0947	1.09512	1.09551	1.09783	1.4208	4.68986	
84963.9	6.86487e+17	2.79114e+17	1.22141e+17	7.72796e+16	1.54559e+17	2.31839e+17	3.09119e+17	3.86398e+17	4.63677e+17	5.40955e+17	6.18218e+17	6.95434e+17	7.72384e+17	6.95235e+17	8.60015e+15	5.79985e+15	5.40156e+15	2.36374e+15	1.49555e+15	2.99111e+15	4.48666e+15	5.98222e+15	7.47777e+15	8.97356e+15	1.04707e+16	1.19766e+16	1.35122e+16	1.52166e+16	1.11957e+17	4.54034e+17	1.12146	1.09487	1.09487	1.09487	1.09487	1.09487	1.09487	1.09487	1.0949	1.09506	1.09545	1.09581	1.09796	1.40855	4.68986	
85215.1	6.86491e+17	2.79117e+17	1.22142e+17	7.72805e+16	1.54561e+17	2.31842e+17	3.09122e+17	3.86403e+17	4.63683e+17	5.40961e+17	6.18226e+17	6.95448e+17	7.72421e+17	6.99044e+17	8.60016e+15	5.79785e+15	5.39966e+15	2.3629e+15	1.49503e+15	2.99006e+15	4.48509e+15	5.98011e+15	7.47514e+15	8.97039e+15	1.04669e+16	1.19715e+16	1.35036e+16	1.51932e+16	1.09659e+17	4.54034e+17	1.12202	1.09526	1.09526	1.09526	1.09526	1.09526	1.09526	1.09526	1.09529	1.09543	1.09579	1.09613	1.09811	1.39665	4.68986	
85468.1	6.86495e+17	2.7912e+17	1.22144e+17	7.72814e+16	1.54563e+17	2.31844e+17	3.09126e+17	3.86407e+17	4.63688e+17	5.40967e+17	6.18235e+17	6.95462e+17	7.72457e+17	7.02815e+17	8.60017e+15	5.79584e+15	5.39774e+15	2.36207e+15	1.4945e+15	2.989e+15	4.4835e+15	5.978e+15	7.4725e+15	8.96719e+15	1.0463e+16	1.19664e+16	1.34952e+16	1.51708e+16	1.07381e+17	4.54035e+17	1.1226	1.09566	1.09566	1.09566	1.09566	1.09566	1.09566	1.09566	1.09568	1.09582	1.09615	1.09646	1.09829	1.38506	4.68986	
85718.4	6.86499e+17	2.79124e+17	1.22145e+17	7.72822e+16	1.54564e+17	2.31847e+17	3.09129e+17	3.86411e+17	4.63693e+17	5.40973e+17	6.18243e+17	6.95475e+17	7.72491e+17	7.0648e+17	8.60018e+15	5.79385e+15	5.39585e+15	2.36124e+15	1.49398e+15	2.98795e+15	4.48193e+15	5.9759e+15	7.46988e+15	8.96404e+15	1.04593e+16	1.19614e+16	1.34872e+16	1.51498e+16	1.05165e+17	4.54035e+17	1.12317	1.09605	1.09605	1.09605	1.09605	1.09605	1.09605	1.09605	1.09608	1.0962	1.09651	1.09679	1.09849	1.37398	4.68986	
85968.6	6.86503e+17	2.79127e+17	1.22147e+17	7.72831e+16	1.54566e+17	2.31849e+17	3.09132e+17	3.86416e+17	4.63698e+17	5.4098e+17	6.18251e+17	6.95487e+17	7.72523e+17	7.10076e+17	8.60019e+15	5.79186e+15	5.39396e+15	2.36041e+15	1.49345e+15	2.9869e+15	4.48036e+15	5.97381e+15	7.46726e+15	8.96088e+15	1.04555e+16	1.19565e+16	1.34794e+16	1.51298e+16	1.02986e+17	4.54036e+17	1.12374	1.09646	1.09646	1.09646	1.09646	1.09646	1.09646	1.09646	1.09648	1.09659	1.09687	1.09714	1.09871	1.36329	4.68986	
86218.9	6.86507e+17	2.7913e+17	1.22148e+17	7.7284e+16	1.54568e+17	2.31852e+17	3.09136e+17	3.8642e+17	4.63704e+17	5.40986e+17	6.18259e+17	6.955e+17	7.72553e+17	7.13607e+17	8.60021e+15	5.78987e+15	5.39208e+15	2.35959e+15	1.49293e+15	2.98586e+15	4.47879e+15	5.97172e+15	7.46465e+15	8.95773e+15	1.04517e+16	1.19516e+16	1.34718e+16	1.51108e+16	1.00845e+17	4.54037e+17	1.12432	1.09687	1.09687	1.09687	1.09687	1.09687	1.09687	1.09687	1.09689	1.09699	1.09725	1.09749	1.09895	1.35295	4.68986	
86469.3	6.8651e+17	2.79133e+17	1.22149e+17	7.72848e+16	1.5457e+17	2.31855e+17	3.09139e+17	3.86424e+17	4.63709e+17	5.40992e+17	6.18267e+17	6.95512e+17	7.72582e+17	7.17073e+17	8.60022e+15	5.78788e+15	5.39019e+15	2.35876e+15	1.49241e+15	2.98481e+15	4.47722e+15	5.96963e+15	7.46203e+15	8.95458e+15	1.0448e+16	1.19468e+16	1.34645e+16	1.50927e+16	9.87406e+16	4.54037e+17	1.12489	1.09728	1.09728	1.09728	1.09728	1.09728	1.09728	1.09728	1.0973	1.0974	1.09763	1.09786	1.0992	1.34296	4.68986	
86722.2	6.86514e+17	2.79136e+17	1.22151e+17	7.72857e+16	1.54571e+17	2.31857e+17	3.09143e+17	3.86429e+17	4.63714e+17	5.40998e+17	6.18275e+17	6.95524e+17	7.7261e+17	7.20505e+17	8.60023e+15	5.78588e+15	5.38828e+15	2.35793e+15	1.49188e+15	2.98376e+15	4.47564e+15	5.96752e+15	7.4594e+15	8.95141e+15	1.04442e+16	1.1942e+16	1.34572e+16	1.50753e+16	9.66541e+16	4.54038e+17	1.12548	1.0977	1.0977	1.0977	1.0977	1.0977	1.0977	1.0977	1.09772	1.09781	1.09803	1.09823	1.09947	1.33323	4.68986	
86975	6.86518e+17	2.79139e+17	1.22152e+17	7.72866e+16	1.54573e+17	2.3186e+17	3.09146e+17	3.86433e+17	4.63719e+17	5.41005e+17	6.18283e+17	6.95535e+17	7.72636e+17	7.23869e+17	8.60024e+15	5.78387e+15	5.38638e+15	2.35709e+15	1.49135e+15	2.9827e+15	4.47406e+15	5.96541e+15	7.45676e+15	8.94823e+15	1.04404e+16	1.19373e+16	1.34502e+16	1.50588e+16	9.46067e+16	4.54039e+17	1.12607	1.09813	1.09813	1.09813	1.09813	1.09813	1.09813	1.09813	1.09815	1.09823	1.09843	1.09862	1.09976	1.32383	4.68986	
87227.8	6.86522e+17	2.79142e+17	1.22153e+17	7.72875e+16	1.54575e+17	2.31862e+17	3.0915e+17	3.86437e+17	4.63725e+17	5.41011e+17	6.1829e+17	6.95546e+17	7.72662e+17	7.27163e+17	8.60026e+15	5.78187e+15	5.38448e+15	2.35626e+15	1.49083e+15	2.98165e+15	4.47248e+15	5.9633e+15	7.45413e+15	8.94507e+15	1.04367e+16	1.19325e+16	1.34433e+16	1.5043e+16	9.25997e+16	4.54039e+17	1.12666	1.09856	1.09856	1.09856	1.09856	1.09856	1.09856	1.09856	1.09858	1.09865	1.09884	1.09901	1.10007	1.31478	4.68986	
87478.3	6.86526e+17	2.79145e+17	1.22155e+17	7.72883e+16	1.54577e+17	2.31865e+17	3.09153e+17	3.86442e+17	4.6373e+17	5.41017e+17	6.18298e+17	6.95557e+17	7.72686e+17	7.30361e+17	8.60027e+15	5.77988e+15	5.38259e+15	2.35544e+15	1.4903e+15	2.98061e+15	4.47091e+15	5.96122e+15	7.45152e+15	8.94193e+15	1.04329e+16	1.19279e+16	1.34366e+16	1.50281e+16	9.06491e+16	4.5404e+17	1.12725	1.099	1.099	1.099	1.099	1.099	1.099	1.099	1.09901	1.09908	1.09925	1.09941	1.10039	1.30612	4.68986	
87730.7	6.8653e+17	2.79149e+17	1.22156e+17	7.72892e+16	1.54578e+17	2.31868e+17	3.09157e+17	3.86446e+17	4.63735e+17	5.41023e+17	6.18306e+17	6.95568e+17	7.72709e+17	7.33515e+17	8.60028e+15	5.77788e+15	5.3807e+15	2.35461e+15	1.48978e+15	2.97956e+15	4.46934e+15	5.95912e+15	7.4489e+15	8.93877e+15	1.04292e+16	1.19233e+16	1.34301e+16	1.50137e+16	8.87231e+16	4.54041e+17	1.12785	1.09944	1.09944	1.09944	1.09944	1.09944	1.09944	1.09944	1.09945	1.09951	1.09967	1.09982	1.10072	1.2977	4.68986	
87983.3	6.86534e+17	2.79152e+17	1.22158e+17	7.72901e+16	1.5458e+17	2.3187e+17	3.0916e+17	3.8645e+17	4.6374e+17	5.41029e+17	6.18313e+17	6.95578e+17	7.72731e+17	7.36604e+17	8.6003e+15	5.77589e+15	5.3788e+15	2.35378e+15	1.48925e+15	2.97851e+15	4.46776e+15	5.95702e+15	7.44627e+15	8.93561e+15	1.04255e+16	1.19187e+16	1.34236e+16	1.5e+16	8.68349e+16	4.54041e+17	1.12844	1.09988	1.09988	1.09988	1.09988	1.09988	1.09988	1.09988	1.0999	1.09995	1.1001	1.10023	1.10106	1.28959	4.68986	
88233.5	6.86538e+17	2.79155e+17	1.22159e+17	7.72909e+16	1.54582e+17	2.31873e+17	3.09164e+17	3.86455e+17	4.63745e+17	5.41035e+17	6.18321e+17	6.95589e+17	7.72752e+17	7.39597e+17	8.60031e+15	5.77391e+15	5.37692e+15	2.35296e+15	1.48873e+15	2.97747e+15	4.4662e+15	5.95494e+15	7.44367e+15	8.93249e+15	1.04218e+16	1.19142e+16	1.34174e+16	1.49869e+16	8.50035e+16	4.54042e+17	1.12904	1.10033	1.10033	1.10033	1.10033	1.10033	1.10033	1.10033	1.10034	1.10039	1.10053	1.10065	1.10142	1.28184	4.68986	
88485.9	6.86542e+17	2.79158e+17	1.2216e+17	7.72918e+16	1.54584e+17	2.31875e+17	3.09167e+17	3.86459e+17	4.63751e+17	5.41042e+17	6.18328e+17	6.95599e+17	7.72772e+17	7.42548e+17	8.60032e+15	5.77191e+15	5.37503e+15	2.35213e+15	1.48821e+15	2.97642e+15	4.46463e+15	5.95284e+15	7.44105e+15	8.92934e+15	1.0418e+16	1.19096e+16	1.34112e+16	1.49744e+16	8.31958e+16	4.54043e+17	1.12964	1.10078	1.10078	1.10078	1.10078	1.10078	1.10078	1.10078	1.10079	1.10084	1.10096	1.10108	1.10178	1.27431	4.68986	
88738.3	6.86545e+17	2.79161e+17	1.22162e+17	7.72927e+16	1.54585e+17	2.31878e+17	3.09171e+17	3.86463e+17	4.63756e+17	5.41048e+17	6.18335e+17	6.95609e+17	7.72792e+17	7.45435e+17	8.60033e+15	5.76992e+15	5.37314e+15	2.3513e+15	1.48769e+15	2.97537e+15	4.46306e+15	5.95075e+15	7.43843e+15	8.92619e+15	1.04143e+16	1.19051e+16	1.34051e+16	1.49623e+16	8.14263e+16	4.54044e+17	1.13025	1.10124	1.10124	1.10124	1.10124	1.10124	1.10124	1.10124	1.10125	1.10129	1.10141	1.10151	1.10216	1.26706	4.68986	
88991	6.86549e+17	2.79164e+17	1.22163e+17	7.72935e+16	1.54587e+17	2.31881e+17	3.09174e+17	3.86468e+17	4.63761e+17	5.41054e+17	6.18343e+17	6.95618e+17	7.7281e+17	7.48258e+17	8.60035e+15	5.76792e+15	5.37125e+15	2.35047e+15	1.48716e+15	2.97433e+15	4.46149e+15	5.94865e+15	7.43581e+15	8.92304e+15	1.04106e+16	1.19006e+16	1.33992e+16	1.49507e+16	7.96941e+16	4.54044e+17	1.13086	1.1017	1.1017	1.1017	1.1017	1.1017	1.1017	1.1017	1.10171	1.10175	1.10185	1.10195	1.10255	1.26007	4.68986	
89243.7	6.86553e+17	2.79167e+17	1.22164e+17	7.72944e+16	1.54589e+17	2.31883e+17	3.09178e+17	3.86472e+17	4.63766e+17	5.4106e+17	6.1835e+17	6.95628e+17	7.72828e+17	7.51015e+17	8.60036e+15	5.76593e+15	5.36936e+15	2.34964e+15	1.48664e+15	2.97328e+15	4.45992e+15	5.94656e+15	7.4332e+15	8.91989e+15	1.04069e+16	1.18962e+16	1.33933e+16	1.49395e+16	7.80007e+16	4.54045e+17	1.13147	1.10217	1.10217	1.10217	1.10217	1.10217	1.10217	1.10217	1.10218	1.10221	1.10231	1.10239	1.10295	1.25334	4.68986	
89495.7	6.86557e+17	2.7917e+17	1.22166e+17	7.72953e+16	1.54591e+17	2.31886e+17	3.09181e+17	3.86476e+17	4.63771e+17	5.41066e+17	6.18358e+17	6.95638e+17	7.72846e+17	7.537e+17	8.60038e+15	5.76394e+15	5.36747e+15	2.34882e+15	1.48612e+15	2.97223e+15	4.45835e+15	5.94447e+15	7.43059e+15	8.91676e+15	1.04032e+16	1.18918e+16	1.33876e+16	1.49289e+16	7.63501e+16	4.54046e+17	1.13208	1.10264	1.10264	1.10264	1.10264	1.10264	1.10264	1.10264	1.10264	1.10268	1.10276	1.10284	1.10335	1.24688	4.68986	
89748	6.86561e+17	2.79174e+17	1.22167e+17	7.72961e+16	1.54592e+17	2.31888e+17	3.09184e+17	3.86481e+17	4.63777e+17	5.41072e+17	6.18365e+17	6.95647e+17	7.72862e+17	7.56322e+17	8.60039e+15	5.76195e+15	5.36559e+15	2.34799e+15	1.4856e+15	2.97119e+15	4.45679e+15	5.94238e+15	7.42798e+15	8.91362e+15	1.03995e+16	1.18874e+16	1.33819e+16	1.49186e+16	7.47368e+16	4.54047e+17	1.1327	1.10311	1.10311	1.10311	1.10311	1.10311	1.10311	1.10311	1.10311	1.10315	1.10322	1.1033	1.10377	1.24066	4.68986	
90000.4	6.86565e+17	2.79177e+17	1.22168e+17	7.7297e+16	1.54594e+17	2.31891e+17	3.09188e+17	3.86485e+17	4.63782e+17	5.41078e+17	6.18372e+17	6.95656e+17	7.72878e+17	7.58882e+17	8.6004e+15	5.75996e+15	5.3637e+15	2.34717e+15	1.48507e+15	2.97015e+15	4.45522e+15	5.94029e+15	7.42537e+15	8.91049e+15	1.03959e+16	1.1883e+16	1.33763e+16	1.49086e+16	7.31601e+16	4.54047e+17	1.13332	1.10358	1.10358	1.10358	1.10358	1.10358	1.10358	1.10358	1.10359	1.10362	1.10369	1.10376	1.10419	1.23467	4.68986	
90252.8	6.86569e+17	2.7918e+17	1.2217e+17	7.72978e+16	1.54596e+17	2.31894e+17	3.09191e+17	3.86489e+17	4.63787e+17	5.41084e+17	6.18379e+17	6.95665e+17	7.72894e+17	7.61379e+17	8.60042e+15	5.75798e+15	5.36182e+15	2.34635e+15	1.48455e+15	2.9691e+15	4.45366e+15	5.93821e+15	7.42276e+15	8.90735e+15	1.03922e+16	1.18786e+16	1.33707e+16	1.4899e+16	7.16215e+16	4.54048e+17	1.13394	1.10406	1.10406	1.10406	1.10406	1.10406	1.10406	1.10406	1.10407	1.10409	1.10416	1.10422	1.10462	1.22892	4.68986	
90504.9	6.86573e+17	2.79183e+17	1.22171e+17	7.72987e+16	1.54597e+17	2.31896e+17	3.09195e+17	3.86494e+17	4.63792e+17	5.4109e+17	6.18386e+17	6.95674e+17	7.72909e+17	7.63811e+17	8.60043e+15	5.75599e+15	5.35994e+15	2.34552e+15	1.48403e+15	2.96806e+15	4.45209e+15	5.93613e+15	7.42016e+15	8.90422e+15	1.03885e+16	1.18743e+16	1.33653e+16	1.48898e+16	7.0122e+16	4.54049e+17	1.13456	1.10454	1.10454	1.10454	1.10454	1.10454	1.10454	1.10454	1.10455	1.10457	1.10463	1.10469	1.10506	1.2234	4.68986	
90756.8	6.86577e+17	2.79186e+17	1.22173e+17	7.72996e+16	1.54599e+17	2.31899e+17	3.09198e+17	3.86498e+17	4.63797e+17	5.41097e+17	6.18394e+17	6.95683e+17	7.72923e+17	7.66178e+17	8.60045e+15	5.75401e+15	5.35806e+15	2.3447e+15	1.48351e+15	2.96702e+15	4.45053e+15	5.93405e+15	7.41756e+15	8.9011e+15	1.03848e+16	1.187e+16	1.33599e+16	1.48808e+16	6.86609e+16	4.5405e+17	1.13518	1.10503	1.10503	1.10503	1.10503	1.10503	1.10503	1.10503	1.10503	1.10506	1.10511	1.10516	1.1055	1.2181	4.68986	
91008.6	6.8658e+17	2.79189e+17	1.22174e+17	7.73004e+16	1.54601e+17	2.31901e+17	3.09202e+17	3.86502e+17	4.63802e+17	5.41103e+17	6.18401e+17	6.95692e+17	7.72938e+17	7.68484e+17	8.60046e+15	5.75203e+15	5.35618e+15	2.34388e+15	1.48299e+15	2.96598e+15	4.44898e+15	5.93197e+15	7.41496e+15	8.89798e+15	1.03812e+16	1.18656e+16	1.33545e+16	1.48721e+16	6.72364e+16	4.5405e+17	1.13581	1.10552	1.10552	1.10552	1.10552	1.10552	1.10552	1.10552	1.10552	1.10554	1.10559	1.10564	1.10595	1.213	4.68986	
91260.3	6.86584e+17	2.79192e+17	1.22175e+17	7.73013e+16	1.54603e+17	2.31904e+17	3.09205e+17	3.86506e+17	4.63808e+17	5.41109e+17	6.18408e+17	6.95701e+17	7.72951e+17	7.70729e+17	8.60048e+15	5.75006e+15	5.35431e+15	2.34306e+15	1.48247e+15	2.96495e+15	4.44742e+15	5.92989e+15	7.41237e+15	8.89487e+15	1.03775e+16	1.18614e+16	1.33492e+16	1.48637e+16	6.58489e+16	4.54051e+17	1.13644	1.10601	1.10601	1.10601	1.10601	1.10601	1.10601	1.10601	1.10601	1.10603	1.10608	1.10612	1.1064	1.20812	4.68986	
91512.4	6.86588e+17	2.79195e+17	1.22177e+17	7.73021e+16	1.54604e+17	2.31906e+17	3.09209e+17	3.86511e+17	4.63813e+17	5.41115e+17	6.18415e+17	6.95709e+17	7.72965e+17	7.72918e+17	8.60049e+15	5.74808e+15	5.35244e+15	2.34224e+15	1.48195e+15	2.96391e+15	4.44586e+15	5.92782e+15	7.40977e+15	8.89175e+15	1.03739e+16	1.18571e+16	1.3344e+16	1.48555e+16	6.4495e+16	4.54052e+17	1.13707	1.1065	1.1065	1.1065	1.1065	1.1065	1.1065	1.1065	1.10651	1.10652	1.10657	1.10661	1.10687	1.20342	4.68986	
91764.5	6.86592e+17	2.79198e+17	1.22178e+17	7.7303e+16	1.54606e+17	2.31909e+17	3.09212e+17	3.86515e+17	4.63818e+17	5.41121e+17	6.18422e+17	6.95718e+17	7.72978e+17	7.75049e+17	8.6005e+15	5.7461e+15	5.35056e+15	2.34142e+15	1.48144e+15	2.96287e+15	4.44431e+15	5.92574e+15	7.40718e+15	8.88863e+15	1.03702e+16	1.18528e+16	1.33388e+16	1.48475e+16	6.31762e+16	4.54053e+17	1.13771	1.107	1.107	1.107	1.107	1.107	1.107	1.107	1.107	1.10702	1.10706	1.10709	1.10733	1.19892	4.68986	
92015.8	6.86596e+17	2.79202e+17	1.22179e+17	7.73039e+16	1.54608e+17	2.31912e+17	3.09215e+17	3.86519e+17	4.63823e+17	5.41127e+17	6.18429e+17	6.95726e+17	7.7299e+17	7.77116e+17	8.60052e+15	5.74413e+15	5.34869e+15	2.3406e+15	1.48092e+15	2.96184e+15	4.44275e+15	5.92367e+15	7.40459e+15	8.88553e+15	1.03666e+16	1.18486e+16	1.33337e+16	1.48398e+16	6.18964e+16	4.54053e+17	1.13835	1.1075	1.1075	1.1075	1.1075	1.1075	1.1075	1.1075	1.1075	1.10752	1.10755	1.10759	1.10781	1.19461	4.68986	
92267.3	6.866e+17	2.79205e+17	1.22181e+17	7.73047e+16	1.54609e+17	2.31914e+17	3.09219e+17	3.86524e+17	4.63828e+17	5.41133e+17	6.18436e+17	6.95735e+17	7.73003e+17	7.79128e+17	8.60053e+15	5.74215e+15	5.34683e+15	2.33978e+15	1.4804e+15	2.9608e+15	4.4412e+15	5.9216e+15	7.40201e+15	8.88243e+15	1.0363e+16	1.18443e+16	1.33286e+16	1.48323e+16	6.06497e+16	4.54054e+17	1.13899	1.108	1.108	1.108	1.108	1.108	1.108	1.108	1.108	1.10802	1.10805	1.10808	1.10828	1.19048	4.68986	
92519.2	6.86604e+17	2.79208e+17	1.22182e+17	7.73056e+16	1.54611e+17	2.31917e+17	3.09222e+17	3.86528e+17	4.63833e+17	5.41139e+17	6.18443e+17	6.95743e+17	7.73015e+17	7.81086e+17	8.60055e+15	5.74018e+15	5.34496e+15	2.33897e+15	1.47988e+15	2.95977e+15	4.43965e+15	5.91953e+15	7.39942e+15	8.87932e+15	1.03593e+16	1.18401e+16	1.33235e+16	1.48249e+16	5.94352e+16	4.54055e+17	1.13963	1.10851	1.10851	1.10851	1.10851	1.10851	1.10851	1.10851	1.10851	1.10852	1.10855	1.10858	1.10877	1.18651	4.68986	
92771	6.86608e+17	2.79211e+17	1.22183e+17	7.73064e+16	1.54613e+17	2.31919e+17	3.09226e+17	3.86532e+17	4.63839e+17	5.41145e+17	6.1845e+17	6.95751e+17	7.73026e+17	7.8299e+17	8.60057e+15	5.73821e+15	5.34309e+15	2.33815e+15	1.47937e+15	2.95873e+15	4.4381e+15	5.91747e+15	7.39683e+15	8.87622e+15	1.03557e+16	1.18359e+16	1.33185e+16	1.48177e+16	5.82541e+16	4.54056e+17	1.14027	1.10902	1.10902	1.10902	1.10902	1.10902	1.10902	1.10902	1.10902	1.10903	1.10906	1.10908	1.10925	1.18271	4.68986	
93022.4	6.86611e+17	2.79214e+17	1.22185e+17	7.73073e+16	1.54615e+17	2.31922e+17	3.09229e+17	3.86536e+17	4.63844e+17	5.41151e+17	6.18457e+17	6.95759e+17	7.73038e+17	7.84838e+17	8.60058e+15	5.73624e+15	5.34123e+15	2.33733e+15	1.47885e+15	2.9577e+15	4.43655e+15	5.9154e+15	7.39425e+15	8.87312e+15	1.03521e+16	1.18317e+16	1.33135e+16	1.48106e+16	5.71074e+16	4.54057e+17	1.14092	1.10953	1.10953	1.10953	1.10953	1.10953	1.10953	1.10953	1.10953	1.10954	1.10957	1.10959	1.10975	1.17908	4.68986	
93273.5	6.86615e+17	2.79217e+17	1.22186e+17	7.73081e+16	1.54616e+17	2.31924e+17	3.09233e+17	3.86541e+17	4.63849e+17	5.41157e+17	6.18464e+17	6.95768e+17	7.73049e+17	7.8663e+17	8.6006e+15	5.73428e+15	5.33937e+15	2.33652e+15	1.47834e+15	2.95667e+15	4.43501e+15	5.91334e+15	7.39168e+15	8.87003e+15	1.03485e+16	1.18275e+16	1.33086e+16	1.48038e+16	5.59942e+16	4.54057e+17	1.14157	1.11004	1.11004	1.11004	1.11004	1.11004	1.11004	1.11004	1.11004	1.11005	1.11008	1.1101	1.11024	1.17561	4.68986	
93524.7	6.86619e+17	2.7922e+17	1.22187e+17	7.7309e+16	1.54618e+17	2.31927e+17	3.09236e+17	3.86545e+17	4.63854e+17	5.41163e+17	6.18471e+17	6.95776e+17	7.7306e+17	7.88371e+17	8.60061e+15	5.73231e+15	5.33751e+15	2.33571e+15	1.47782e+15	2.95564e+15	4.43346e+15	5.91128e+15	7.3891e+15	8.86694e+15	1.03448e+16	1.18233e+16	1.33036e+16	1.4797e+16	5.49124e+16	4.54058e+17	1.14222	1.11056	1.11056	1.11056	1.11056	1.11056	1.11056	1.11056	1.11056	1.11057	1.11059	1.11061	1.11074	1.17229	4.68986	
93775.7	6.86623e+17	2.79223e+17	1.22189e+17	7.73098e+16	1.5462e+17	2.3193e+17	3.09239e+17	3.86549e+17	4.63859e+17	5.41169e+17	6.18478e+17	6.95784e+17	7.73071e+17	7.9006e+17	8.60063e+15	5.73035e+15	5.33565e+15	2.33489e+15	1.47731e+15	2.95461e+15	4.43192e+15	5.90923e+15	7.38653e+15	8.86385e+15	1.03412e+16	1.18191e+16	1.32988e+16	1.47904e+16	5.38621e+16	4.54059e+17	1.14287	1.11108	1.11108	1.11108	1.11108	1.11108	1.11108	1.11108	1.11108	1.11109	1.11111	1.11112	1.11124	1.16912	4.68986	
94027.1	6.86627e+17	2.79226e+17	1.2219e+17	7.73107e+16	1.54621e+17	2.31932e+17	3.09243e+17	3.86553e+17	4.63864e+17	5.41175e+17	6.18485e+17	6.95792e+17	7.73082e+17	7.91703e+17	8.60064e+15	5.72839e+15	5.33379e+15	2.33408e+15	1.47679e+15	2.95358e+15	4.43038e+15	5.90717e+15	7.38396e+15	8.86076e+15	1.03376e+16	1.18149e+16	1.32939e+16	1.47839e+16	5.28404e+16	4.5406e+17	1.14353	1.1116	1.1116	1.1116	1.1116	1.1116	1.1116	1.1116	1.1116	1.11161	1.11163	1.11164	1.11175	1.16608	4.68986	
94278.7	6.86631e+17	2.79229e+17	1.22191e+17	7.73115e+16	1.54623e+17	2.31935e+17	3.09246e+17	3.86558e+17	4.63869e+17	5.41181e+17	6.18491e+17	6.958e+17	7.73092e+17	7.93297e+17	8.60066e+15	5.72642e+15	5.33193e+15	2.33327e+15	1.47628e+15	2.95256e+15	4.42883e+15	5.90511e+15	7.38139e+15	8.85768e+15	1.0334e+16	1.18108e+16	1.3289e+16	1.47775e+16	5.18483e+16	4.54061e+17	1.14419	1.11213	1.11213	1.11213	1.11213	1.11213	1.11213	1.11213	1.11213	1.11213	1.11215	1.11217	1.11227	1.16318	4.68986	
94529.3	6.86635e+17	2.79232e+17	1.22193e+17	7.73124e+16	1.54625e+17	2.31937e+17	3.0925e+17	3.86562e+17	4.63874e+17	5.41187e+17	6.18498e+17	6.95808e+17	7.73103e+17	7.94838e+17	8.60067e+15	5.72447e+15	5.33008e+15	2.33246e+15	1.47577e+15	2.95153e+15	4.4273e+15	5.90306e+15	7.37883e+15	8.8546e+15	1.03304e+16	1.18066e+16	1.32842e+16	1.47712e+16	5.0889e+16	4.54062e+17	1.14485	1.11265	1.11265	1.11265	1.11265	1.11265	1.11265	1.11265	1.11265	1.11266	1.11268	1.11269	1.11278	1.16042	4.68986	
94780.5	6.86638e+17	2.79235e+17	1.22194e+17	7.73132e+16	1.54626e+17	2.3194e+17	3.09253e+17	3.86566e+17	4.63879e+17	5.41193e+17	6.18505e+17	6.95816e+17	7.73113e+17	7.96336e+17	8.60069e+15	5.72251e+15	5.32823e+15	2.33165e+15	1.47525e+15	2.9505e+15	4.42576e+15	5.90101e+15	7.37626e+15	8.85152e+15	1.03268e+16	1.18025e+16	1.32794e+16	1.47649e+16	4.99559e+16	4.54062e+17	1.14551	1.11318	1.11318	1.11318	1.11318	1.11318	1.11318	1.11318	1.11319	1.11319	1.1132	1.11322	1.1133	1.15778	4.68986	
95033.6	6.86642e+17	2.79239e+17	1.22196e+17	7.73141e+16	1.54628e+17	2.31942e+17	3.09256e+17	3.8657e+17	4.63885e+17	5.41199e+17	6.18512e+17	6.95824e+17	7.73123e+17	7.97803e+17	8.60076e+15	5.72054e+15	5.32636e+15	2.33083e+15	1.47474e+15	2.94947e+15	4.42421e+15	5.89894e+15	7.37368e+15	8.84842e+15	1.03232e+16	1.17983e+16	1.32746e+16	1.47588e+16	4.90437e+16	4.54066e+17	1.14619	1.11372	1.11372	1.11372	1.11372	1.11372	1.11372	1.11372	1.11372	1.11373	1.11374	1.11375	1.11383	1.15524	4.68986	
95284.1	6.86646e+17	2.79242e+17	1.22197e+17	7.73149e+16	1.5463e+17	2.31945e+17	3.0926e+17	3.86575e+17	4.6389e+17	5.41204e+17	6.18519e+17	6.95832e+17	7.73133e+17	7.99219e+17	8.60088e+15	5.71858e+15	5.32452e+15	2.33002e+15	1.47422e+15	2.94845e+15	4.42267e+15	5.8969e+15	7.37112e+15	8.84535e+15	1.03196e+16	1.17942e+16	1.32698e+16	1.47528e+16	4.81642e+16	4.54073e+17	1.14685	1.11426	1.11426	1.11426	1.11426	1.11426	1.11426	1.11426	1.11426	1.11426	1.11427	1.11428	1.11435	1.15284	4.68986	
95536.4	6.8665e+17	2.79245e+17	1.22198e+17	7.73158e+16	1.54632e+17	2.31947e+17	3.09263e+17	3.86579e+17	4.63895e+17	5.4121e+17	6.18526e+17	6.9584e+17	7.73143e+17	8.00613e+17	8.60104e+15	5.71662e+15	5.32266e+15	2.32921e+15	1.47371e+15	2.94742e+15	4.42113e+15	5.89484e+15	7.36855e+15	8.84226e+15	1.0316e+16	1.179e+16	1.3265e+16	1.47468e+16	4.72997e+16	4.54081e+17	1.14753	1.1148	1.1148	1.1148	1.1148	1.1148	1.1148	1.1148	1.1148	1.1148	1.11481	1.11482	1.11489	1.15052	4.68986	
95789	6.86653e+17	2.79248e+17	1.222e+17	7.73166e+16	1.54633e+17	2.3195e+17	3.09267e+17	3.86583e+17	4.639e+17	5.41216e+17	6.18533e+17	6.95847e+17	7.73152e+17	8.01975e+17	8.60122e+15	5.71465e+15	5.3208e+15	2.32839e+15	1.47319e+15	2.94639e+15	4.41958e+15	5.89278e+15	7.36597e+15	8.83917e+15	1.03124e+16	1.17859e+16	1.32602e+16	1.47408e+16	4.64547e+16	4.5409e+17	1.1482	1.11534	1.11534	1.11534	1.11534	1.11534	1.11534	1.11534	1.11534	1.11535	1.11536	1.11536	1.11542	1.1483	4.68986	
96039.4	6.86657e+17	2.79251e+17	1.22201e+17	7.73175e+16	1.54635e+17	2.31952e+17	3.0927e+17	3.86587e+17	4.63905e+17	5.41222e+17	6.18539e+17	6.95855e+17	7.73162e+17	8.03294e+17	8.6014e+15	5.71271e+15	5.31896e+15	2.32759e+15	1.47268e+15	2.94537e+15	4.41805e+15	5.89074e+15	7.36342e+15	8.83611e+15	1.03088e+16	1.17818e+16	1.32555e+16	1.4735e+16	4.56367e+16	4.541e+17	1.14888	1.11588	1.11588	1.11588	1.11588	1.11588	1.11588	1.11588	1.11589	1.11589	1.1159	1.1159	1.11596	1.14618	4.68986	
96290.4	6.86661e+17	2.79254e+17	1.22202e+17	7.73183e+16	1.54637e+17	2.31955e+17	3.09273e+17	3.86592e+17	4.6391e+17	5.41228e+17	6.18546e+17	6.95863e+17	7.73171e+17	8.04586e+17	8.60159e+15	5.71075e+15	5.31711e+15	2.32678e+15	1.47217e+15	2.94435e+15	4.41652e+15	5.88869e+15	7.36087e+15	8.83304e+15	1.03053e+16	1.17777e+16	1.32508e+16	1.47292e+16	4.4836e+16	4.5411e+17	1.14956	1.11643	1.11643	1.11643	1.11643	1.11643	1.11643	1.11643	1.11643	1.11643	1.11644	1.11645	1.1165	1.14416	4.68986	
96542.9	6.86665e+17	2.79257e+17	1.22204e+17	7.73192e+16	1.54638e+17	2.31957e+17	3.09277e+17	3.86596e+17	4.63915e+17	5.41234e+17	6.18553e+17	6.95871e+17	7.73181e+17	8.05852e+17	8.60178e+15	5.70879e+15	5.31525e+15	2.32597e+15	1.47166e+15	2.94332e+15	4.41498e+15	5.88664e+15	7.3583e+15	8.82996e+15	1.03017e+16	1.17735e+16	1.32461e+16	1.47235e+16	4.40504e+16	4.5412e+17	1.15024	1.11698	1.11698	1.11698	1.11698	1.11698	1.11698	1.11698	1.11698	1.11699	1.11699	1.117	1.11705	1.14221	4.68986	
96794.7	6.86668e+17	2.7926e+17	1.22205e+17	7.732e+16	1.5464e+17	2.3196e+17	3.0928e+17	3.866e+17	4.6392e+17	5.4124e+17	6.1856e+17	6.95878e+17	7.7319e+17	8.07084e+17	8.60197e+15	5.70683e+15	5.31341e+15	2.32516e+15	1.47115e+15	2.9423e+15	4.41344e+15	5.88459e+15	7.35574e+15	8.82689e+15	1.02981e+16	1.17694e+16	1.32414e+16	1.47178e+16	4.32865e+16	4.5413e+17	1.15093	1.11754	1.11754	1.11754	1.11754	1.11754	1.11754	1.11754	1.11754	1.11754	1.11755	1.11755	1.11759	1.14036	4.68986	
97044.8	6.86672e+17	2.79263e+17	1.22206e+17	7.73208e+16	1.54642e+17	2.31963e+17	3.09283e+17	3.86604e+17	4.63925e+17	5.41246e+17	6.18566e+17	6.95886e+17	7.73199e+17	8.08274e+17	8.60215e+15	5.70489e+15	5.31157e+15	2.32436e+15	1.47064e+15	2.94128e+15	4.41192e+15	5.88256e+15	7.3532e+15	8.82384e+15	1.02945e+16	1.17653e+16	1.32367e+16	1.47122e+16	4.25477e+16	4.54139e+17	1.15161	1.11809	1.11809	1.11809	1.11809	1.11809	1.11809	1.11809	1.11809	1.11809	1.1181	1.1181	1.11814	1.13861	4.68986	
97295.3	6.86676e+17	2.79266e+17	1.22207e+17	7.73217e+16	1.54643e+17	2.31965e+17	3.09287e+17	3.86608e+17	4.6393e+17	5.41252e+17	6.18573e+17	6.95894e+17	7.73208e+17	8.09434e+17	8.60233e+15	5.70295e+15	5.30973e+15	2.32355e+15	1.47013e+15	2.94026e+15	4.41039e+15	5.88052e+15	7.35065e+15	8.82079e+15	1.02909e+16	1.17612e+16	1.32321e+16	1.47066e+16	4.18275e+16	4.54149e+17	1.1523	1.11865	1.11865	1.11865	1.11865	1.11865	1.11865	1.11865	1.11865	1.11865	1.11865	1.11866	1.11869	1.13695	4.68985	
97546.5	6.8668e+17	2.79269e+17	1.22209e+17	7.73225e+16	1.54645e+17	2.31968e+17	3.0929e+17	3.86613e+17	4.63935e+17	5.41258e+17	6.1858e+17	6.95901e+17	7.73217e+17	8.10564e+17	8.60251e+15	5.701e+15	5.30789e+15	2.32275e+15	1.46962e+15	2.93924e+15	4.40886e+15	5.87848e+15	7.3481e+15	8.81773e+15	1.02874e+16	1.17571e+16	1.32274e+16	1.47011e+16	4.11254e+16	4.54158e+17	1.15299	1.11921	1.11921	1.11921	1.11921	1.11921	1.11921	1.11921	1.11921	1.11921	1.11921	1.11922	1.11925	1.13536	4.68985	
97798.3	6.86683e+17	2.79272e+17	1.2221e+17	7.73234e+16	1.54647e+17	2.3197e+17	3.09293e+17	3.86617e+17	4.6394e+17	5.41263e+17	6.18587e+17	6.95909e+17	7.73227e+17	8.11663e+17	8.60268e+15	5.69905e+15	5.30605e+15	2.32194e+15	1.46911e+15	2.93822e+15	4.40733e+15	5.87644e+15	7.34555e+15	8.81467e+15	1.02838e+16	1.1753e+16	1.32227e+16	1.46956e+16	4.04425e+16	4.54167e+17	1.15369	1.11977	1.11977	1.11977	1.11977	1.11977	1.11977	1.11977	1.11977	1.11977	1.11978	1.11978	1.11981	1.13387	4.68985	
98050.1	6.86687e+17	2.79275e+17	1.22211e+17	7.73242e+16	1.54648e+17	2.31973e+17	3.09297e+17	3.86621e+17	4.63945e+17	5.41269e+17	6.18593e+17	6.95917e+17	7.73235e+17	8.12728e+17	8.60285e+15	5.6971e+15	5.3042e+15	2.32113e+15	1.4686e+15	2.9372e+15	4.4058e+15	5.8744e+15	7.343e+15	8.8116e+15	1.02802e+16	1.17489e+16	1.32181e+16	1.46901e+16	3.97801e+16	4.54176e+17	1.15438	1.12034	1.12034	1.12034	1.12034	1.12034	1.12034	1.12034	1.12034	1.12034	1.12034	1.12035	1.12037	1.13246	4.68985	
98302.3	6.86691e+17	2.79278e+17	1.22213e+17	7.7325e+16	1.5465e+17	2.31975e+17	3.093e+17	3.86625e+17	4.6395e+17	5.41275e+17	6.186e+17	6.95924e+17	7.73244e+17	8.13761e+17	8.60302e+15	5.69515e+15	5.30236e+15	2.32033e+15	1.46809e+15	2.93618e+15	4.40427e+15	5.87236e+15	7.34045e+15	8.80854e+15	1.02766e+16	1.17448e+16	1.32134e+16	1.46847e+16	3.91374e+16	4.54185e+17	1.15509	1.12091	1.12091	1.12091	1.12091	1.12091	1.12091	1.12091	1.12091	1.12091	1.12091	1.12092	1.12094	1.13113	4.68984	
98555	6.86694e+17	2.79281e+17	1.22214e+17	7.73259e+16	1.54652e+17	2.31978e+17	3.09304e+17	3.86629e+17	4.63955e+17	5.41281e+17	6.18607e+17	6.95932e+17	7.73253e+17	8.14761e+17	8.60318e+15	5.69319e+15	5.30051e+15	2.31952e+15	1.46758e+15	2.93516e+15	4.40273e+15	5.87031e+15	7.33789e+15	8.80547e+15	1.02731e+16	1.17407e+16	1.32088e+16	1.46792e+16	3.85144e+16	4.54193e+17	1.1558	1.12148	1.12148	1.12148	1.12148	1.12148	1.12148	1.12148	1.12148	1.12148	1.12149	1.12149	1.12151	1.12988	4.68984	
98807.5	6.86698e+17	2.79284e+17	1.22215e+17	7.73267e+16	1.54653e+17	2.3198e+17	3.09307e+17	3.86634e+17	4.6396e+17	5.41287e+17	6.18614e+17	6.9594e+17	7.73262e+17	8.15727e+17	8.60333e+15	5.69124e+15	5.29867e+15	2.31871e+15	1.46707e+15	2.93413e+15	4.4012e+15	5.86827e+15	7.33533e+15	8.8024e+15	1.02695e+16	1.17366e+16	1.32041e+16	1.46738e+16	3.79127e+16	4.54201e+17	1.15651	1.12206	1.12206	1.12206	1.12206	1.12206	1.12206	1.12206	1.12206	1.12206	1.12206	1.12207	1.12209	1.12872	4.68984	
99058	6.86702e+17	2.79287e+17	1.22217e+17	7.73275e+16	1.54655e+17	2.31983e+17	3.0931e+17	3.86638e+17	4.63965e+17	5.41293e+17	6.1862e+17	6.95947e+17	7.73271e+17	8.16652e+17	8.60348e+15	5.6893e+15	5.29684e+15	2.31791e+15	1.46656e+15	2.93312e+15	4.39968e+15	5.86624e+15	7.3328e+15	8.79936e+15	1.02659e+16	1.17326e+16	1.31995e+16	1.46685e+16	3.73361e+16	4.54208e+17	1.15722	1.12263	1.12263	1.12263	1.12263	1.12263	1.12263	1.12263	1.12263	1.12263	1.12264	1.12264	1.12266	1.12764	4.68983	
99308.1	6.86705e+17	2.7929e+17	1.22218e+17	7.73284e+16	1.54657e+17	2.31985e+17	3.09314e+17	3.86642e+17	4.6397e+17	5.41299e+17	6.18627e+17	6.95955e+17	7.7328e+17	8.17543e+17	8.60363e+15	5.68737e+15	5.29501e+15	2.31711e+15	1.46606e+15	2.93211e+15	4.39817e+15	5.86422e+15	7.33028e+15	8.79633e+15	1.02624e+16	1.17285e+16	1.31949e+16	1.46632e+16	3.67805e+16	4.54215e+17	1.15794	1.12321	1.12321	1.12321	1.12321	1.12321	1.12321	1.12321	1.12321	1.12321	1.12321	1.12321	1.12323	1.12664	4.68982	
99559.2	6.86709e+17	2.79293e+17	1.22219e+17	7.73292e+16	1.54658e+17	2.31988e+17	3.09317e+17	3.86646e+17	4.63975e+17	5.41304e+17	6.18634e+17	6.95962e+17	7.73288e+17	8.18404e+17	8.60377e+15	5.68543e+15	5.29318e+15	2.31631e+15	1.46555e+15	2.9311e+15	4.39664e+15	5.86219e+15	7.32774e+15	8.79329e+15	1.02588e+16	1.17245e+16	1.31903e+16	1.46579e+16	3.62427e+16	4.54222e+17	1.15867	1.12379	1.12379	1.12379	1.12379	1.12379	1.12379	1.12379	1.12379	1.12379	1.12379	1.1238	1.12381	1.12572	4.68982	
99810.7	6.86713e+17	2.79296e+17	1.22221e+17	7.733e+16	1.5466e+17	2.3199e+17	3.0932e+17	3.8665e+17	4.6398e+17	5.4131e+17	6.1864e+17	6.9597e+17	7.73297e+17	8.19235e+17	8.60391e+15	5.68349e+15	5.29135e+15	2.31551e+15	1.46504e+15	2.93008e+15	4.39512e+15	5.86016e+15	7.3252e+15	8.79025e+15	1.02553e+16	1.17204e+16	1.31857e+16	1.46526e+16	3.57241e+16	4.54229e+17	1.15942	1.12437	1.12437	1.12437	1.12437	1.12437	1.12437	1.12437	1.12437	1.12437	1.12438	1.12438	1.12439	1.12487	4.68981	
100062	6.86716e+17	2.79299e+17	1.22222e+17	7.73309e+16	1.54662e+17	2.31993e+17	3.09324e+17	3.86654e+17	4.63985e+17	5.41316e+17	6.18647e+17	6.95977e+17	7.73306e+17	8.20032e+17	8.60404e+15	5.68156e+15	5.28952e+15	2.31471e+15	1.46453e+15	2.92907e+15	4.3936e+15	5.85814e+15	7.32267e+15	8.78721e+15	1.02518e+16	1.17163e+16	1.31811e+16	1.46474e+16	3.52257e+16	4.54235e+17	1.16018	1.12496	1.12496	1.12496	1.12496	1.12496	1.12496	1.12496	1.12496	1.12496	1.12496	1.12496	1.12498	1.12409	4.68979	
100314	6.8672e+17	2.79302e+17	1.22223e+17	7.73317e+16	1.54663e+17	2.31995e+17	3.09327e+17	3.86659e+17	4.6399e+17	5.41322e+17	6.18654e+17	6.95985e+17	7.73314e+17	8.20802e+17	8.60418e+15	5.67962e+15	5.28769e+15	2.31391e+15	1.46403e+15	2.92805e+15	4.39208e+15	5.85611e+15	7.32013e+15	8.78416e+15	1.02482e+16	1.17123e+16	1.31765e+16	1.46421e+16	3.47446e+16	4.54241e+17	1.16096	1.12555	1.12555	1.12555	1.12555	1.12555	1.12555	1.12555	1.12555	1.12555	1.12555	1.12555	1.12557	1.12338	4.68978	
100565	6.86724e+17	2.79305e+17	1.22225e+17	7.73325e+16	1.54665e+17	2.31998e+17	3.0933e+17	3.86663e+17	4.63995e+17	5.41328e+17	6.1866e+17	6.95992e+17	7.73323e+17	8.2154e+17	8.60431e+15	5.67768e+15	5.28586e+15	2.31311e+15	1.46352e+15	2.92704e+15	4.39056e+15	5.85408e+15	7.3176e+15	8.78112e+15	1.02447e+16	1.17082e+16	1.3172e+16	1.46369e+16	3.42831e+16	4.54246e+17	1.16176	1.12614	1.12614	1.12614	1.12614	1.12614	1.12614	1.12614	1.12614	1.12614	1.12615	1.12615	1.12616	1.12273	4.68976	
100817	6.86727e+17	2.79308e+17	1.22226e+17	7.73334e+16	1.54667e+17	2.32e+17	3.09333e+17	3.86667e+17	4.64e+17	5.41334e+17	6.18667e+17	6.96e+17	7.73331e+17	8.2225e+17	8.60444e+15	5.67574e+15	5.28403e+15	2.3123e+15	1.46301e+15	2.92603e+15	4.38904e+15	5.85205e+15	7.31507e+15	8.77808e+15	1.02411e+16	1.17042e+16	1.31674e+16	1.46317e+16	3.38386e+16	4.54252e+17	1.16259	1.12674	1.12674	1.12674	1.12674	1.12674	1.12674	1.12674	1.12674	1.12674	1.12674	1.12674	1.12675	1.12215	4.68975	
101069	6.86731e+17	2.79311e+17	1.22227e+17	7.73342e+16	1.54668e+17	2.32003e+17	3.09337e+17	3.86671e+17	4.64005e+17	5.41339e+17	6.18674e+17	6.96007e+17	7.7334e+17	8.22931e+17	8.60457e+15	5.67381e+15	5.28219e+15	2.3115e+15	1.46251e+15	2.92501e+15	4.38752e+15	5.85002e+15	7.31253e+15	8.77504e+15	1.02375e+16	1.17001e+16	1.31628e+16	1.46265e+16	3.34122e+16	4.54256e+17	1.16346	1.12734	1.12734	1.12734	1.12734	1.12734	1.12734	1.12734	1.12734	1.12734	1.12734	1.12734	1.12735	1.12164	4.68972	
101322	6.86735e+17	2.79314e+17	1.22229e+17	7.7335e+16	1.5467e+17	2.32005e+17	3.0934e+17	3.86675e+17	4.6401e+17	5.41345e+17	6.1868e+17	6.96015e+17	7.73348e+17	8.23585e+17	8.60471e+15	5.67187e+15	5.28036e+15	2.3107e+15	1.462e+15	2.924e+15	4.38599e+15	5.84799e+15	7.30999e+15	8.77199e+15	1.0234e+16	1.1696e+16	1.31582e+16	1.46213e+16	3.30022e+16	4.54261e+17	1.16436	1.12794	1.12794	1.12794	1.12794	1.12794	1.12794	1.12794	1.12794	1.12794	1.12794	1.12794	1.12795	1.12118	4.68969	
101574	6.86738e+17	2.79317e+17	1.2223e+17	7.73359e+16	1.54672e+17	2.32008e+17	3.09343e+17	3.86679e+17	4.64015e+17	5.41351e+17	6.18687e+17	6.96023e+17	7.73357e+17	8.24212e+17	8.60484e+15	5.66994e+15	5.27853e+15	2.3099e+15	1.46149e+15	2.92298e+15	4.38447e+15	5.84596e+15	7.30746e+15	8.76895e+15	1.02304e+16	1.1692e+16	1.31536e+16	1.46161e+16	3.26094e+16	4.54265e+17	1.16531	1.12855	1.12855	1.12855	1.12855	1.12855	1.12855	1.12855	1.12855	1.12855	1.12855	1.12855	1.12856	1.12078	4.68966	
101827	6.86742e+17	2.7932e+17	1.22231e+17	7.73367e+16	1.54673e+17	2.3201e+17	3.09347e+17	3.86683e+17	4.6402e+17	5.41357e+17	6.18694e+17	6.9603e+17	7.73365e+17	8.24812e+17	8.60499e+15	5.66801e+15	5.2767e+15	2.3091e+15	1.46098e+15	2.92197e+15	4.38295e+15	5.84394e+15	7.30492e+15	8.7659e+15	1.02269e+16	1.16879e+16	1.3149e+16	1.46109e+16	3.22328e+16	4.54269e+17	1.16632	1.12915	1.12915	1.12915	1.12915	1.12915	1.12915	1.12915	1.12916	1.12916	1.12916	1.12916	1.12916	1.12044	4.68962	
102080	6.86746e+17	2.79323e+17	1.22233e+17	7.73375e+16	1.54675e+17	2.32013e+17	3.0935e+17	3.86688e+17	4.64025e+17	5.41363e+17	6.187e+17	6.96038e+17	7.73374e+17	8.25388e+17	8.60514e+15	5.66607e+15	5.27486e+15	2.30829e+15	1.46048e+15	2.92095e+15	4.38143e+15	5.8419e+15	7.30238e+15	8.76286e+15	1.02233e+16	1.16838e+16	1.31444e+16	1.46058e+16	3.18714e+16	4.54272e+17	1.16738	1.12977	1.12977	1.12977	1.12977	1.12977	1.12977	1.12977	1.12977	1.12977	1.12977	1.12977	1.12978	1.12015	4.68957	
102330	6.86749e+17	2.79326e+17	1.22234e+17	7.73384e+16	1.54677e+17	2.32015e+17	3.09353e+17	3.86692e+17	4.6403e+17	5.41368e+17	6.18707e+17	6.96045e+17	7.73382e+17	8.25932e+17	8.6053e+15	5.66417e+15	5.27305e+15	2.3075e+15	1.45997e+15	2.91995e+15	4.37992e+15	5.8399e+15	7.29987e+15	8.75985e+15	1.02198e+16	1.16798e+16	1.31399e+16	1.46007e+16	3.15296e+16	4.54275e+17	1.16849	1.13037	1.13037	1.13037	1.13037	1.13037	1.13037	1.13037	1.13037	1.13038	1.13038	1.13038	1.13038	1.11991	4.68952	
102580	6.86753e+17	2.79329e+17	1.22235e+17	7.73392e+16	1.54678e+17	2.32018e+17	3.09357e+17	3.86696e+17	4.64035e+17	5.41374e+17	6.18713e+17	6.96052e+17	7.7339e+17	8.26453e+17	8.60547e+15	5.66227e+15	5.27124e+15	2.30671e+15	1.45947e+15	2.91895e+15	4.37842e+15	5.8379e+15	7.29737e+15	8.75684e+15	1.02163e+16	1.16758e+16	1.31354e+16	1.45956e+16	3.12022e+16	4.54278e+17	1.16966	1.13098	1.13098	1.13098	1.13098	1.13098	1.13098	1.13098	1.13099	1.13099	1.13099	1.13099	1.13099	1.11972	4.68945	
102830	6.86756e+17	2.79332e+17	1.22236e+17	7.734e+16	1.5468e+17	2.3202e+17	3.0936e+17	3.867e+17	4.6404e+17	5.4138e+17	6.1872e+17	6.9606e+17	7.73399e+17	8.26952e+17	8.60567e+15	5.66038e+15	5.26943e+15	2.30592e+15	1.45897e+15	2.91795e+15	4.37692e+15	5.83589e+15	7.29486e+15	8.75384e+15	1.02128e+16	1.16718e+16	1.31309e+16	1.45905e+16	3.08886e+16	4.54281e+17	1.17092	1.1316	1.1316	1.1316	1.1316	1.1316	1.1316	1.1316	1.1316	1.1316	1.1316	1.1316	1.1316	1.11958	4.68938	
103081	6.8676e+17	2.79335e+17	1.22238e+17	7.73408e+16	1.54682e+17	2.32022e+17	3.09363e+17	3.86704e+17	4.64045e+17	5.41386e+17	6.18726e+17	6.96067e+17	7.73407e+17	8.2743e+17	8.60588e+15	5.65849e+15	5.26762e+15	2.30512e+15	1.45847e+15	2.91694e+15	4.37541e+15	5.83388e+15	7.29236e+15	8.75083e+15	1.02093e+16	1.16678e+16	1.31263e+16	1.45854e+16	3.05878e+16	4.54283e+17	1.17225	1.13222	1.13222	1.13222	1.13222	1.13222	1.13222	1.13222	1.13222	1.13222	1.13222	1.13222	1.13222	1.11948	4.68929	
103332	6.86763e+17	2.79338e+17	1.22239e+17	7.73416e+16	1.54683e+17	2.32025e+17	3.09367e+17	3.86708e+17	4.6405e+17	5.41391e+17	6.18733e+17	6.96075e+17	7.73415e+17	8.27887e+17	8.60612e+15	5.6566e+15	5.26581e+15	2.30433e+15	1.45797e+15	2.91594e+15	4.37391e+15	5.83188e+15	7.28985e+15	8.74782e+15	1.02058e+16	1.16638e+16	1.31218e+16	1.45803e+16	3.03003e+16	4.54285e+17	1.17367	1.13284	1.13284	1.13284	1.13284	1.13284	1.13284	1.13284	1.13284	1.13284	1.13284	1.13284	1.13284	1.11942	4.68919	
103585	6.86767e+17	2.79341e+17	1.2224e+17	7.73425e+16	1.54685e+17	2.32027e+17	3.0937e+17	3.86712e+17	4.64055e+17	5.41397e+17	6.1874e+17	6.96082e+17	7.73424e+17	8.28328e+17	8.60639e+15	5.65471e+15	5.26398e+15	2.30353e+15	1.45746e+15	2.91493e+15	4.37239e+15	5.82986e+15	7.28732e+15	8.74478e+15	1.02023e+16	1.16597e+16	1.31173e+16	1.45752e+16	3.00224e+16	4.54286e+17	1.17519	1.13347	1.13347	1.13347	1.13347	1.13347	1.13347	1.13347	1.13347	1.13347	1.13347	1.13347	1.13347	1.11941	4.68906	
103836	6.8677e+17	2.79344e+17	1.22242e+17	7.73433e+16	1.54687e+17	2.3203e+17	3.09373e+17	3.86716e+17	4.6406e+17	5.41403e+17	6.18746e+17	6.96089e+17	7.73432e+17	8.28746e+17	8.60669e+15	5.65284e+15	5.26217e+15	2.30274e+15	1.45696e+15	2.91393e+15	4.37089e+15	5.82785e+15	7.28482e+15	8.74178e+15	1.01987e+16	1.16557e+16	1.31127e+16	1.45702e+16	2.97593e+16	4.54288e+17	1.17679	1.1341	1.1341	1.1341	1.1341	1.1341	1.1341	1.1341	1.1341	1.1341	1.1341	1.1341	1.1341	1.11943	4.68892	
104087	6.86774e+17	2.79347e+17	1.22243e+17	7.73441e+16	1.54688e+17	2.32032e+17	3.09376e+17	3.86721e+17	4.64065e+17	5.41409e+17	6.18753e+17	6.96097e+17	7.7344e+17	8.29145e+17	8.60704e+15	5.65097e+15	5.26037e+15	2.30195e+15	1.45646e+15	2.91292e+15	4.36939e+15	5.82585e+15	7.28231e+15	8.73878e+15	1.01952e+16	1.16517e+16	1.31082e+16	1.45651e+16	2.95075e+16	4.54289e+17	1.1785	1.13473	1.13473	1.13473	1.13473	1.13473	1.13473	1.13473	1.13473	1.13473	1.13473	1.13473	1.13473	1.11949	4.68876	
104338	6.86777e+17	2.7935e+17	1.22244e+17	7.73449e+16	1.5469e+17	2.32035e+17	3.0938e+17	3.86725e+17	4.6407e+17	5.41414e+17	6.18759e+17	6.96104e+17	7.73449e+17	8.29527e+17	8.60743e+15	5.64912e+15	5.25856e+15	2.30116e+15	1.45596e+15	2.91192e+15	4.36789e+15	5.82385e+15	7.27981e+15	8.73577e+15	1.01917e+16	1.16477e+16	1.31037e+16	1.45601e+16	2.92668e+16	4.5429e+17	1.1803	1.13536	1.13536	1.13536	1.13536	1.13536	1.13536	1.13536	1.13536	1.13536	1.13536	1.13536	1.13537	1.11958	4.68858	
104589	6.86781e+17	2.79353e+17	1.22246e+17	7.73457e+16	1.54691e+17	2.32037e+17	3.09383e+17	3.86729e+17	4.64074e+17	5.4142e+17	6.18766e+17	6.96112e+17	7.73457e+17	8.29892e+17	8.60788e+15	5.64727e+15	5.25675e+15	2.30037e+15	1.45546e+15	2.91092e+15	4.36639e+15	5.82185e+15	7.27731e+15	8.73277e+15	1.01882e+16	1.16437e+16	1.30992e+16	1.4555e+16	2.90365e+16	4.5429e+17	1.18221	1.136	1.136	1.136	1.136	1.136	1.136	1.136	1.136	1.136	1.136	1.136	1.136	1.11971	4.68836	
104840	6.86784e+17	2.79356e+17	1.22247e+17	7.73466e+16	1.54693e+17	2.3204e+17	3.09386e+17	3.86733e+17	4.64079e+17	5.41426e+17	6.18772e+17	6.96119e+17	7.73465e+17	8.30241e+17	8.60839e+15	5.64544e+15	5.25494e+15	2.29958e+15	1.45496e+15	2.90992e+15	4.36488e+15	5.81985e+15	7.27481e+15	8.72977e+15	1.01847e+16	1.16397e+16	1.30947e+16	1.455e+16	2.88162e+16	4.54291e+17	1.18423	1.13665	1.13665	1.13665	1.13665	1.13665	1.13665	1.13665	1.13665	1.13665	1.13665	1.13665	1.13665	1.11987	4.68811	
105091	6.86788e+17	2.79359e+17	1.22248e+17	7.73474e+16	1.54695e+17	2.32042e+17	3.0939e+17	3.86737e+17	4.64084e+17	5.41432e+17	6.18779e+17	6.96126e+17	7.73473e+17	8.30574e+17	8.60898e+15	5.64361e+15	5.25314e+15	2.29879e+15	1.45446e+15	2.90892e+15	4.36338e+15	5.81785e+15	7.27231e+15	8.72677e+15	1.01812e+16	1.16357e+16	1.30902e+16	1.45449e+16	2.86055e+16	4.54291e+17	1.18637	1.13729	1.13729	1.13729	1.13729	1.13729	1.13729	1.13729	1.13729	1.13729	1.1373	1.1373	1.1373	1.12005	4.68783	
105342	6.86791e+17	2.79362e+17	1.22249e+17	7.73482e+16	1.54696e+17	2.32045e+17	3.09393e+17	3.86741e+17	4.64089e+17	5.41437e+17	6.18786e+17	6.96134e+17	7.73482e+17	8.30893e+17	8.60964e+15	5.6418e+15	5.25133e+15	2.298e+15	1.45396e+15	2.90792e+15	4.36188e+15	5.81585e+15	7.26981e+15	8.72377e+15	1.01777e+16	1.16317e+16	1.30857e+16	1.45399e+16	2.84041e+16	4.54291e+17	1.18862	1.13795	1.13795	1.13795	1.13795	1.13795	1.13795	1.13795	1.13795	1.13795	1.13795	1.13795	1.13795	1.12027	4.68751	
105594	6.86794e+17	2.79365e+17	1.22251e+17	7.7349e+16	1.54698e+17	2.32047e+17	3.09396e+17	3.86745e+17	4.64094e+17	5.41443e+17	6.18792e+17	6.96141e+17	7.7349e+17	8.31198e+17	8.6104e+15	5.63999e+15	5.24953e+15	2.29721e+15	1.45346e+15	2.90692e+15	4.36039e+15	5.81385e+15	7.26731e+15	8.72077e+15	1.01742e+16	1.16277e+16	1.30812e+16	1.45349e+16	2.82113e+16	4.5429e+17	1.19098	1.13861	1.13861	1.13861	1.13861	1.13861	1.13861	1.13861	1.13861	1.13861	1.13861	1.13861	1.13861	1.12052	4.68715	
105845	6.86798e+17	2.79368e+17	1.22252e+17	7.73498e+16	1.547e+17	2.3205e+17	3.09399e+17	3.86749e+17	4.64099e+17	5.41449e+17	6.18799e+17	6.96148e+17	7.73498e+17	8.31489e+17	8.61127e+15	5.6382e+15	5.24772e+15	2.29642e+15	1.45296e+15	2.90592e+15	4.35889e+15	5.81185e+15	7.26481e+15	8.71777e+15	1.01707e+16	1.16237e+16	1.30767e+16	1.45299e+16	2.80269e+16	4.5429e+17	1.19347	1.13927	1.13927	1.13927	1.13927	1.13927	1.13927	1.13927	1.13927	1.13927	1.13927	1.13928	1.13928	1.12079	4.68673	
106097	6.86801e+17	2.79371e+17	1.22253e+17	7.73507e+16	1.54701e+17	2.32052e+17	3.09403e+17	3.86753e+17	4.64104e+17	5.41455e+17	6.18805e+17	6.96156e+17	7.73506e+17	8.31768e+17	8.61224e+15	5.63642e+15	5.24592e+15	2.29563e+15	1.45246e+15	2.90493e+15	4.35739e+15	5.80985e+15	7.26232e+15	8.71478e+15	1.01672e+16	1.16197e+16	1.30722e+16	1.45249e+16	2.78505e+16	4.54289e+17	1.19608	1.13995	1.13995	1.13995	1.13995	1.13995	1.13995	1.13995	1.13995	1.13995	1.13995	1.13995	1.13995	1.12108	4.68626	
106348	6.86804e+17	2.79374e+17	1.22255e+17	7.73515e+16	1.54703e+17	2.32054e+17	3.09406e+17	3.86757e+17	4.64109e+17	5.4146e+17	6.18812e+17	6.96163e+17	7.73514e+17	8.32034e+17	8.61335e+15	5.63465e+15	5.24412e+15	2.29484e+15	1.45196e+15	2.90393e+15	4.35589e+15	5.80786e+15	7.25982e+15	8.71178e+15	1.01637e+16	1.16157e+16	1.30677e+16	1.45198e+16	2.76817e+16	4.54288e+17	1.19882	1.14063	1.14063	1.14063	1.14063	1.14063	1.14063	1.14063	1.14063	1.14063	1.14063	1.14063	1.14063	1.1214	4.68574	
106600	6.86808e+17	2.79376e+17	1.22256e+17	7.73523e+16	1.54705e+17	2.32057e+17	3.09409e+17	3.86761e+17	4.64114e+17	5.41466e+17	6.18818e+17	6.96171e+17	7.73523e+17	8.32289e+17	8.61459e+15	5.63289e+15	5.24232e+15	2.29405e+15	1.45146e+15	2.90293e+15	4.35439e+15	5.80586e+15	7.25732e+15	8.70879e+15	1.01603e+16	1.16117e+16	1.30632e+16	1.45148e+16	2.75201e+16	4.54287e+17	1.20167	1.14131	1.14131	1.14131	1.14131	1.14131	1.14131	1.14131	1.14131	1.14131	1.14131	1.14131	1.14132	1.12175	4.68514	
106852	6.86811e+17	2.79379e+17	1.22257e+17	7.73531e+16	1.54706e+17	2.32059e+17	3.09412e+17	3.86765e+17	4.64119e+17	5.41472e+17	6.18825e+17	6.96178e+17	7.73531e+17	8.32533e+17	8.61599e+15	5.63115e+15	5.24052e+15	2.29326e+15	1.45097e+15	2.90193e+15	4.3529e+15	5.80387e+15	7.25483e+15	8.7058e+15	1.01568e+16	1.16077e+16	1.30587e+16	1.45098e+16	2.73655e+16	4.54286e+17	1.20465	1.14201	1.14201	1.14201	1.14201	1.14201	1.14201	1.14201	1.14201	1.14201	1.14201	1.14201	1.14201	1.12211	4.68448	
107104	6.86814e+17	2.79382e+17	1.22258e+17	7.73539e+16	1.54708e+17	2.32062e+17	3.09416e+17	3.8677e+17	4.64123e+17	5.41477e+17	6.18831e+17	6.96185e+17	7.73539e+17	8.32766e+17	8.61756e+15	5.62941e+15	5.23872e+15	2.29248e+15	1.45047e+15	2.90094e+15	4.3514e+15	5.80187e+15	7.25234e+15	8.70281e+15	1.01533e+16	1.16037e+16	1.30542e+16	1.45048e+16	2.72175e+16	4.54285e+17	1.20776	1.14271	1.14271	1.14271	1.14271	1.14271	1.14271	1.14271	1.14271	1.14271	1.14271	1.14271	1.14272	1.1225	4.68374	
107356	6.86818e+17	2.79385e+17	1.2226e+17	7.73547e+16	1.54709e+17	2.32064e+17	3.09419e+17	3.86774e+17	4.64128e+17	5.41483e+17	6.18838e+17	6.96193e+17	7.73547e+17	8.3299e+17	8.61932e+15	5.6277e+15	5.23692e+15	2.29169e+15	1.44997e+15	2.89994e+15	4.34991e+15	5.79988e+15	7.24985e+15	8.69982e+15	1.01498e+16	1.15998e+16	1.30498e+16	1.44998e+16	2.70757e+16	4.54283e+17	1.21099	1.14343	1.14343	1.14343	1.14343	1.14343	1.14343	1.14343	1.14343	1.14343	1.14343	1.14343	1.14343	1.1229	4.68291	
107608	6.86821e+17	2.79388e+17	1.22261e+17	7.73555e+16	1.54711e+17	2.32067e+17	3.09422e+17	3.86778e+17	4.64133e+17	5.41489e+17	6.18844e+17	6.962e+17	7.73555e+17	8.33204e+17	8.62128e+15	5.62599e+15	5.23512e+15	2.2909e+15	1.44947e+15	2.89894e+15	4.34842e+15	5.79789e+15	7.24736e+15	8.69683e+15	1.01463e+16	1.15958e+16	1.30453e+16	1.44949e+16	2.69398e+16	4.54282e+17	1.21435	1.14416	1.14416	1.14416	1.14416	1.14416	1.14416	1.14416	1.14416	1.14416	1.14416	1.14416	1.14416	1.12332	4.68199	
107860	6.86824e+17	2.79391e+17	1.22262e+17	7.73564e+16	1.54713e+17	2.32069e+17	3.09425e+17	3.86782e+17	4.64138e+17	5.41494e+17	6.18851e+17	6.96207e+17	7.73563e+17	8.33409e+17	8.62346e+15	5.62429e+15	5.23332e+15	2.29012e+15	1.44897e+15	2.89795e+15	4.34692e+15	5.7959e+15	7.24487e+15	8.69385e+15	1.01428e+16	1.15918e+16	1.30408e+16	1.44899e+16	2.68095e+16	4.5428e+17	1.21784	1.14489	1.14489	1.14489	1.14489	1.14489	1.14489	1.14489	1.14489	1.14489	1.14489	1.14489	1.14489	1.12377	4.68098	
108112	6.86827e+17	2.79394e+17	1.22264e+17	7.73572e+16	1.54714e+17	2.32071e+17	3.09429e+17	3.86786e+17	4.64143e+17	5.415e+17	6.18857e+17	6.96214e+17	7.73571e+17	8.33605e+17	8.62589e+15	5.62261e+15	5.23153e+15	2.28933e+15	1.44848e+15	2.89696e+15	4.34543e+15	5.79391e+15	7.24239e+15	8.69087e+15	1.01393e+16	1.15878e+16	1.30363e+16	1.44849e+16	2.66846e+16	4.54278e+17	1.22145	1.14564	1.14564	1.14564	1.14564	1.14564	1.14564	1.14564	1.14564	1.14564	1.14564	1.14564	1.14564	1.12423	4.67985	
108364	6.8683e+17	2.79397e+17	1.22265e+17	7.7358e+16	1.54716e+17	2.32074e+17	3.09432e+17	3.8679e+17	4.64148e+17	5.41506e+17	6.18864e+17	6.96222e+17	7.7358e+17	8.33793e+17	8.62857e+15	5.62094e+15	5.22973e+15	2.28854e+15	1.44798e+15	2.89596e+15	4.34394e+15	5.79192e+15	7.2399e+15	8.68788e+15	1.01359e+16	1.15838e+16	1.30318e+16	1.44799e+16	2.65648e+16	4.54276e+17	1.22518	1.14641	1.14641	1.14641	1.14641	1.14641	1.14641	1.14641	1.14641	1.14641	1.14641	1.14641	1.14641	1.1247	4.67861	
108616	6.86833e+17	2.794e+17	1.22266e+17	7.73588e+16	1.54718e+17	2.32076e+17	3.09435e+17	3.86794e+17	4.64153e+17	5.41512e+17	6.1887e+17	6.96229e+17	7.73588e+17	8.33974e+17	8.63152e+15	5.61929e+15	5.22794e+15	2.28776e+15	1.44748e+15	2.89497e+15	4.34245e+15	5.78994e+15	7.23742e+15	8.68491e+15	1.01324e+16	1.15799e+16	1.30274e+16	1.44749e+16	2.64498e+16	4.54274e+17	1.22903	1.14719	1.14719	1.14719	1.14719	1.14719	1.14719	1.14719	1.14719	1.14719	1.14719	1.14719	1.14719	1.1252	4.67725	
108869	6.86836e+17	2.79403e+17	1.22267e+17	7.73596e+16	1.54719e+17	2.32079e+17	3.09438e+17	3.86798e+17	4.64158e+17	5.41517e+17	6.18877e+17	6.96236e+17	7.73596e+17	8.34147e+17	8.63478e+15	5.61765e+15	5.22615e+15	2.28698e+15	1.44699e+15	2.89398e+15	4.34097e+15	5.78795e+15	7.23494e+15	8.68193e+15	1.01289e+16	1.15759e+16	1.30229e+16	1.447e+16	2.63395e+16	4.54272e+17	1.233	1.14798	1.14798	1.14798	1.14798	1.14798	1.14798	1.14798	1.14798	1.14798	1.14798	1.14798	1.14798	1.12571	4.67576	
109121	6.8684e+17	2.79406e+17	1.22269e+17	7.73604e+16	1.54721e+17	2.32081e+17	3.09442e+17	3.86802e+17	4.64162e+17	5.41523e+17	6.18883e+17	6.96244e+17	7.73604e+17	8.34314e+17	8.63835e+15	5.61601e+15	5.22436e+15	2.28619e+15	1.44649e+15	2.89299e+15	4.33948e+15	5.78597e+15	7.23246e+15	8.67896e+15	1.01255e+16	1.15719e+16	1.30184e+16	1.4465e+16	2.62334e+16	4.54269e+17	1.23709	1.1488	1.1488	1.1488	1.1488	1.1488	1.1488	1.1488	1.1488	1.1488	1.1488	1.1488	1.1488	1.12623	4.67413	
109374	6.86843e+17	2.79409e+17	1.2227e+17	7.73612e+16	1.54722e+17	2.32084e+17	3.09445e+17	3.86806e+17	4.64167e+17	5.41529e+17	6.1889e+17	6.96251e+17	7.73612e+17	8.34474e+17	8.64227e+15	5.61439e+15	5.22257e+15	2.28541e+15	1.446e+15	2.892e+15	4.33799e+15	5.78399e+15	7.22999e+15	8.67599e+15	1.0122e+16	1.1568e+16	1.3014e+16	1.446e+16	2.61313e+16	4.54267e+17	1.2413	1.14963	1.14963	1.14963	1.14963	1.14963	1.14963	1.14963	1.14963	1.14963	1.14963	1.14963	1.14963	1.12677	4.67235	
109626	6.86846e+17	2.79412e+17	1.22271e+17	7.7362e+16	1.54724e+17	2.32086e+17	3.09448e+17	3.8681e+17	4.64172e+17	5.41534e+17	6.18896e+17	6.96258e+17	7.7362e+17	8.34627e+17	8.64654e+15	5.61279e+15	5.22078e+15	2.28463e+15	1.4455e+15	2.89101e+15	4.33651e+15	5.78201e+15	7.22752e+15	8.67302e+15	1.01185e+16	1.1564e+16	1.30095e+16	1.44551e+16	2.60332e+16	4.54264e+17	1.24562	1.15048	1.15048	1.15048	1.15048	1.15048	1.15048	1.15048	1.15048	1.15048	1.15048	1.15048	1.15048	1.12733	4.67041	
109879	6.86849e+17	2.79415e+17	1.22273e+17	7.73628e+16	1.54726e+17	2.32088e+17	3.09451e+17	3.86814e+17	4.64177e+17	5.4154e+17	6.18903e+17	6.96265e+17	7.73628e+17	8.34775e+17	8.6512e+15	5.61119e+15	5.219e+15	2.28385e+15	1.44501e+15	2.89002e+15	4.33503e+15	5.78004e+15	7.22505e+15	8.67005e+15	1.01151e+16	1.15601e+16	1.30051e+16	1.44501e+16	2.59387e+16	4.54262e+17	1.25005	1.15136	1.15136	1.15136	1.15136	1.15136	1.15136	1.15136	1.15136	1.15136	1.15136	1.15136	1.15136	1.1279	4.66831	
110131	6.86852e+17	2.79417e+17	1.22274e+17	7.73636e+16	1.54727e+17	2.32091e+17	3.09455e+17	3.86818e+17	4.64182e+17	5.41545e+17	6.18909e+17	6.96273e+17	7.73636e+17	8.34918e+17	8.65626e+15	5.60961e+15	5.21722e+15	2.28307e+15	1.44452e+15	2.88903e+15	4.33355e+15	5.77806e+15	7.22258e+15	8.66709e+15	1.01116e+16	1.15561e+16	1.30006e+16	1.44452e+16	2.58477e+16	4.54259e+17	1.25459	1.15226	1.15226	1.15226	1.15226	1.15226	1.15226	1.15226	1.15226	1.15226	1.15226	1.15226	1.15226	1.12849	4.66603	
110384	6.86855e+17	2.7942e+17	1.22275e+17	7.73644e+16	1.54729e+17	2.32093e+17	3.09458e+17	3.86822e+17	4.64187e+17	5.41551e+17	6.18916e+17	6.9628e+17	7.73644e+17	8.35055e+17	8.66175e+15	5.60804e+15	5.21544e+15	2.28229e+15	1.44402e+15	2.88805e+15	4.33207e+15	5.77609e+15	7.22011e+15	8.66414e+15	1.01082e+16	1.15522e+16	1.29962e+16	1.44403e+16	2.57599e+16	4.54256e+17	1.25923	1.15318	1.15318	1.15318	1.15318	1.15318	1.15318	1.15318	1.15318	1.15318	1.15318	1.15318	1.15318	1.12908	4.66357	
110636	6.86858e+17	2.79423e+17	1.22276e+17	7.73652e+16	1.5473e+17	2.32096e+17	3.09461e+17	3.86826e+17	4.64191e+17	5.41557e+17	6.18922e+17	6.96287e+17	7.73652e+17	8.35187e+17	8.66768e+15	5.60647e+15	5.21366e+15	2.28151e+15	1.44353e+15	2.88706e+15	4.33059e+15	5.77412e+15	7.21765e+15	8.66118e+15	1.01047e+16	1.15482e+16	1.29918e+16	1.44353e+16	2.56752e+16	4.54253e+17	1.26397	1.15413	1.15413	1.15413	1.15413	1.15413	1.15413	1.15413	1.15413	1.15413	1.15413	1.15413	1.15413	1.1297	4.66092	
110889	6.86861e+17	2.79426e+17	1.22278e+17	7.73661e+16	1.54732e+17	2.32098e+17	3.09464e+17	3.8683e+17	4.64196e+17	5.41562e+17	6.18928e+17	6.96294e+17	7.7366e+17	8.35315e+17	8.67409e+15	5.60492e+15	5.21188e+15	2.28073e+15	1.44304e+15	2.88608e+15	4.32912e+15	5.77216e+15	7.21519e+15	8.65823e+15	1.01013e+16	1.15443e+16	1.29874e+16	1.44304e+16	2.55934e+16	4.54251e+17	1.26881	1.15511	1.15511	1.15511	1.15511	1.15511	1.15511	1.15511	1.15511	1.15511	1.15511	1.15511	1.15511	1.13033	4.65807	
111142	6.86864e+17	2.79429e+17	1.22279e+17	7.73669e+16	1.54734e+17	2.32101e+17	3.09467e+17	3.86834e+17	4.64201e+17	5.41568e+17	6.18935e+17	6.96302e+17	7.73668e+17	8.35438e+17	8.681e+15	5.60338e+15	5.21011e+15	2.27996e+15	1.44255e+15	2.8851e+15	4.32764e+15	5.77019e+15	7.21274e+15	8.65529e+15	1.00978e+16	1.15404e+16	1.29829e+16	1.44255e+16	2.55143e+16	4.54248e+17	1.27375	1.15612	1.15612	1.15612	1.15612	1.15612	1.15612	1.15612	1.15612	1.15612	1.15612	1.15612	1.15612	1.13097	4.65501	
111395	6.86866e+17	2.79432e+17	1.2228e+17	7.73677e+16	1.54735e+17	2.32103e+17	3.09471e+17	3.86838e+17	4.64206e+17	5.41574e+17	6.18941e+17	6.96309e+17	7.73676e+17	8.35558e+17	8.68841e+15	5.60185e+15	5.20834e+15	2.27918e+15	1.44206e+15	2.88412e+15	4.32617e+15	5.76823e+15	7.21029e+15	8.65235e+15	1.00944e+16	1.15365e+16	1.29785e+16	1.44206e+16	2.54378e+16	4.54244e+17	1.27878	1.15716	1.15716	1.15716	1.15716	1.15716	1.15716	1.15716	1.15716	1.15716	1.15716	1.15716	1.15716	1.13163	4.65174	
111648	6.86869e+17	2.79435e+17	1.22281e+17	7.73685e+16	1.54737e+17	2.32105e+17	3.09474e+17	3.86842e+17	4.64211e+17	5.41579e+17	6.18948e+17	6.96316e+17	7.73684e+17	8.35674e+17	8.69636e+15	5.60033e+15	5.20657e+15	2.27841e+15	1.44157e+15	2.88314e+15	4.32471e+15	5.76627e+15	7.20784e+15	8.64941e+15	1.0091e+16	1.15325e+16	1.29741e+16	1.44157e+16	2.53636e+16	4.54241e+17	1.28389	1.15823	1.15823	1.15823	1.15823	1.15823	1.15823	1.15823	1.15823	1.15823	1.15823	1.15823	1.15823	1.1323	4.64824	
111898	6.86872e+17	2.79438e+17	1.22283e+17	7.73692e+16	1.54738e+17	2.32108e+17	3.09477e+17	3.86846e+17	4.64215e+17	5.41585e+17	6.18954e+17	6.96323e+17	7.73692e+17	8.35784e+17	8.70477e+15	5.59884e+15	5.20483e+15	2.27765e+15	1.44109e+15	2.88217e+15	4.32326e+15	5.76434e+15	7.20543e+15	8.64651e+15	1.00876e+16	1.15287e+16	1.29698e+16	1.44109e+16	2.52924e+16	4.54238e+17	1.28903	1.15933	1.15933	1.15933	1.15933	1.15933	1.15933	1.15933	1.15933	1.15933	1.15933	1.15933	1.15933	1.13298	4.64455	
112151	6.86875e+17	2.79441e+17	1.22284e+17	7.737e+16	1.5474e+17	2.3211e+17	3.0948e+17	3.8685e+17	4.6422e+17	5.4159e+17	6.1896e+17	6.9633e+17	7.737e+17	8.35893e+17	8.71385e+15	5.59734e+15	5.20307e+15	2.27688e+15	1.4406e+15	2.8812e+15	4.32179e+15	5.76239e+15	7.20299e+15	8.64359e+15	1.00842e+16	1.15248e+16	1.29654e+16	1.4406e+16	2.52226e+16	4.54235e+17	1.29431	1.16048	1.16048	1.16048	1.16048	1.16048	1.16048	1.16048	1.16048	1.16048	1.16048	1.16048	1.16048	1.13368	4.64059	
112404	6.86878e+17	2.79443e+17	1.22285e+17	7.73708e+16	1.54742e+17	2.32112e+17	3.09483e+17	3.86854e+17	4.64225e+17	5.41596e+17	6.18967e+17	6.96337e+17	7.73708e+17	8.35999e+17	8.7235e+15	5.59585e+15	5.20131e+15	2.27611e+15	1.44011e+15	2.88022e+15	4.32034e+15	5.76045e+15	7.20056e+15	8.64067e+15	1.00808e+16	1.15209e+16	1.2961e+16	1.44011e+16	2.51548e+16	4.54232e+17	1.29964	1.16166	1.16166	1.16166	1.16166	1.16166	1.16166	1.16166	1.16166	1.16166	1.16166	1.16166	1.16166	1.13439	4.63639	
112654	6.86881e+17	2.79446e+17	1.22286e+17	7.73716e+16	1.54743e+17	2.32115e+17	3.09486e+17	3.86858e+17	4.6423e+17	5.41601e+17	6.18973e+17	6.96345e+17	7.73716e+17	8.361e+17	8.73366e+15	5.59439e+15	5.19958e+15	2.27535e+15	1.43963e+15	2.87926e+15	4.3189e+15	5.75853e+15	7.19816e+15	8.63779e+15	1.00774e+16	1.15171e+16	1.29567e+16	1.43963e+16	2.50895e+16	4.54228e+17	1.305	1.16287	1.16287	1.16287	1.16287	1.16287	1.16287	1.16287	1.16287	1.16287	1.16287	1.16287	1.16287	1.13511	4.63199	
112907	6.86883e+17	2.79449e+17	1.22288e+17	7.73724e+16	1.54745e+17	2.32117e+17	3.0949e+17	3.86862e+17	4.64234e+17	5.41607e+17	6.18979e+17	6.96352e+17	7.73724e+17	8.362e+17	8.74457e+15	5.59291e+15	5.19783e+15	2.27458e+15	1.43915e+15	2.8783e+15	4.31744e+15	5.75659e+15	7.19574e+15	8.63489e+15	1.0074e+16	1.15132e+16	1.29523e+16	1.43915e+16	2.50251e+16	4.54225e+17	1.31049	1.16415	1.16415	1.16415	1.16415	1.16415	1.16415	1.16415	1.16415	1.16415	1.16415	1.16415	1.16415	1.13586	4.62728	
113157	6.86886e+17	2.79452e+17	1.22289e+17	7.73732e+16	1.54746e+17	2.3212e+17	3.09493e+17	3.86866e+17	4.64239e+17	5.41612e+17	6.18985e+17	6.96359e+17	7.73732e+17	8.36297e+17	8.75599e+15	5.59146e+15	5.1961e+15	2.27383e+15	1.43867e+15	2.87734e+15	4.31601e+15	5.75468e+15	7.19335e+15	8.63202e+15	1.00707e+16	1.15094e+16	1.2948e+16	1.43867e+16	2.4963e+16	4.54221e+17	1.31599	1.16545	1.16545	1.16545	1.16545	1.16545	1.16545	1.16545	1.16545	1.16545	1.16545	1.16545	1.16545	1.13662	4.62237	
113410	6.86889e+17	2.79455e+17	1.2229e+17	7.7374e+16	1.54748e+17	2.32122e+17	3.09496e+17	3.8687e+17	4.64244e+17	5.41618e+17	6.18992e+17	6.96366e+17	7.7374e+17	8.36392e+17	8.76821e+15	5.59001e+15	5.19436e+15	2.27306e+15	1.43819e+15	2.87637e+15	4.31456e+15	5.75275e+15	7.19093e+15	8.62912e+15	1.00673e+16	1.15055e+16	1.29437e+16	1.43819e+16	2.49015e+16	4.54218e+17	1.32161	1.16681	1.16681	1.16681	1.16681	1.16681	1.16681	1.16681	1.16681	1.16681	1.16681	1.16681	1.16681	1.1374	4.61714	
113664	6.86892e+17	2.79458e+17	1.22291e+17	7.73748e+16	1.5475e+17	2.32124e+17	3.09499e+17	3.86874e+17	4.64249e+17	5.41623e+17	6.18998e+17	6.96373e+17	7.73748e+17	8.36486e+17	8.78109e+15	5.58856e+15	5.19262e+15	2.2723e+15	1.43771e+15	2.87541e+15	4.31312e+15	5.75082e+15	7.18853e+15	8.62623e+15	1.00639e+16	1.15016e+16	1.29394e+16	1.43771e+16	2.48415e+16	4.54214e+17	1.32728	1.16823	1.16823	1.16823	1.16823	1.16823	1.16823	1.16823	1.16823	1.16823	1.16823	1.16823	1.16823	1.13819	4.61165	
113917	6.86895e+17	2.7946e+17	1.22293e+17	7.73755e+16	1.54751e+17	2.32127e+17	3.09502e+17	3.86878e+17	4.64253e+17	5.41629e+17	6.19004e+17	6.9638e+17	7.73755e+17	8.36577e+17	8.79466e+15	5.58712e+15	5.19089e+15	2.27155e+15	1.43723e+15	2.87445e+15	4.31168e+15	5.7489e+15	7.18613e+15	8.62336e+15	1.00606e+16	1.14978e+16	1.2935e+16	1.43723e+16	2.47828e+16	4.54211e+17	1.333	1.16969	1.16969	1.16969	1.16969	1.16969	1.16969	1.16969	1.16969	1.16969	1.16969	1.16969	1.16969	1.13901	4.60589	
114167	6.86897e+17	2.79463e+17	1.22294e+17	7.73763e+16	1.54753e+17	2.32129e+17	3.09505e+17	3.86882e+17	4.64258e+17	5.41634e+17	6.1901e+17	6.96387e+17	7.73763e+17	8.36665e+17	8.80879e+15	5.58571e+15	5.18918e+15	2.2708e+15	1.43675e+15	2.8735e+15	4.31026e+15	5.74701e+15	7.18376e+15	8.62051e+15	1.00573e+16	1.1494e+16	1.29308e+16	1.43675e+16	2.47257e+16	4.54207e+17	1.33872	1.17119	1.17119	1.17119	1.17119	1.17119	1.17119	1.17119	1.17119	1.17119	1.17119	1.17119	1.17119	1.13983	4.59992	
114420	6.869e+17	2.79466e+17	1.22295e+17	7.73771e+16	1.54754e+17	2.32131e+17	3.09508e+17	3.86885e+17	4.64263e+17	5.4164e+17	6.19017e+17	6.96394e+17	7.73771e+17	8.36753e+17	8.82376e+15	5.58428e+15	5.18746e+15	2.27004e+15	1.43628e+15	2.87255e+15	4.30883e+15	5.7451e+15	7.18138e+15	8.61765e+15	1.00539e+16	1.14902e+16	1.29265e+16	1.43628e+16	2.46691e+16	4.54204e+17	1.34454	1.17276	1.17276	1.17276	1.17276	1.17276	1.17276	1.17276	1.17276	1.17276	1.17276	1.17276	1.17276	1.14068	4.59363	
114671	6.86903e+17	2.79469e+17	1.22296e+17	7.73779e+16	1.54756e+17	2.32134e+17	3.09511e+17	3.86889e+17	4.64267e+17	5.41645e+17	6.19023e+17	6.96401e+17	7.73779e+17	8.36839e+17	8.8393e+15	5.58288e+15	5.18575e+15	2.2693e+15	1.4358e+15	2.87161e+15	4.30741e+15	5.74322e+15	7.17902e+15	8.61483e+15	1.00506e+16	1.14864e+16	1.29222e+16	1.43581e+16	2.46141e+16	4.542e+17	1.35034	1.17437	1.17437	1.17437	1.17437	1.17437	1.17437	1.17437	1.17437	1.17437	1.17437	1.17437	1.17437	1.14154	4.58712	
114924	6.86905e+17	2.79472e+17	1.22298e+17	7.73786e+16	1.54757e+17	2.32136e+17	3.09515e+17	3.86893e+17	4.64272e+17	5.4165e+17	6.19029e+17	6.96408e+17	7.73786e+17	8.36924e+17	8.85572e+15	5.58147e+15	5.18404e+15	2.26855e+15	1.43533e+15	2.87066e+15	4.30599e+15	5.74132e+15	7.17665e+15	8.61198e+15	1.00473e+16	1.14826e+16	1.2918e+16	1.43533e+16	2.45593e+16	4.54196e+17	1.35625	1.17606	1.17606	1.17606	1.17606	1.17606	1.17606	1.17606	1.17606	1.17606	1.17606	1.17606	1.17606	1.14244	4.58028	
115175	6.86908e+17	2.79474e+17	1.22299e+17	7.73794e+16	1.54759e+17	2.32138e+17	3.09518e+17	3.86897e+17	4.64276e+17	5.41656e+17	6.19035e+17	6.96415e+17	7.73794e+17	8.37006e+17	8.87267e+15	5.58009e+15	5.18235e+15	2.26781e+15	1.43486e+15	2.86973e+15	4.30459e+15	5.73945e+15	7.17431e+15	8.60918e+15	1.0044e+16	1.14789e+16	1.29138e+16	1.43486e+16	2.45059e+16	4.54192e+17	1.36213	1.17779	1.17779	1.17779	1.17779	1.17779	1.17779	1.17779	1.17779	1.17779	1.17779	1.17779	1.17779	1.14333	4.57325	
115425	6.86911e+17	2.79477e+17	1.223e+17	7.73802e+16	1.5476e+17	2.3214e+17	3.09521e+17	3.86901e+17	4.64281e+17	5.41661e+17	6.19041e+17	6.96421e+17	7.73802e+17	8.37088e+17	8.89036e+15	5.57871e+15	5.18067e+15	2.26707e+15	1.4344e+15	2.86879e+15	4.30319e+15	5.73758e+15	7.17198e+15	8.60638e+15	1.00408e+16	1.14752e+16	1.29096e+16	1.4344e+16	2.44531e+16	4.54189e+17	1.36805	1.17958	1.17958	1.17958	1.17958	1.17958	1.17958	1.17958	1.17958	1.17958	1.17958	1.17958	1.17958	1.14426	4.56595	
115675	6.86913e+17	2.7948e+17	1.22301e+17	7.73809e+16	1.54762e+17	2.32143e+17	3.09524e+17	3.86905e+17	4.64285e+17	5.41666e+17	6.19047e+17	6.96428e+17	7.73809e+17	8.37168e+17	8.90873e+15	5.57734e+15	5.17899e+15	2.26634e+15	1.43393e+15	2.86786e+15	4.3018e+15	5.73573e+15	7.16966e+15	8.60359e+15	1.00375e+16	1.14715e+16	1.29054e+16	1.43393e+16	2.44012e+16	4.54185e+17	1.37399	1.18142	1.18142	1.18142	1.18142	1.18142	1.18142	1.18142	1.18142	1.18142	1.18142	1.18142	1.18142	1.1452	4.55841	
115926	6.86916e+17	2.79483e+17	1.22302e+17	7.73817e+16	1.54763e+17	2.32145e+17	3.09527e+17	3.86908e+17	4.6429e+17	5.41672e+17	6.19053e+17	6.96435e+17	7.73817e+17	8.37248e+17	8.92787e+15	5.57597e+15	5.17732e+15	2.26561e+15	1.43347e+15	2.86694e+15	4.30041e+15	5.73387e+15	7.16734e+15	8.60081e+15	1.00343e+16	1.14677e+16	1.29012e+16	1.43347e+16	2.43496e+16	4.54181e+17	1.37997	1.18334	1.18334	1.18334	1.18334	1.18334	1.18334	1.18334	1.18334	1.18334	1.18334	1.18334	1.18334	1.14616	4.55059	
116176	6.86918e+17	2.79485e+17	1.22303e+17	7.73824e+16	1.54765e+17	2.32147e+17	3.0953e+17	3.86912e+17	4.64295e+17	5.41677e+17	6.19059e+17	6.96442e+17	7.73824e+17	8.37327e+17	8.94767e+15	5.57462e+15	5.17565e+15	2.26488e+15	1.43301e+15	2.86602e+15	4.29902e+15	5.73203e+15	7.16504e+15	8.59805e+15	1.00311e+16	1.14641e+16	1.28971e+16	1.43301e+16	2.42986e+16	4.54177e+17	1.38597	1.18532	1.18532	1.18532	1.18532	1.18532	1.18532	1.18532	1.18532	1.18532	1.18532	1.18532	1.18532	1.14715	4.54255	
116427	6.86921e+17	2.79488e+17	1.22305e+17	7.73832e+16	1.54766e+17	2.3215e+17	3.09533e+17	3.86916e+17	4.64299e+17	5.41682e+17	6.19065e+17	6.96449e+17	7.73832e+17	8.37406e+17	8.96823e+15	5.57327e+15	5.17399e+15	2.26415e+15	1.43255e+15	2.8651e+15	4.29764e+15	5.73019e+15	7.16274e+15	8.59529e+15	1.00278e+16	1.14604e+16	1.28929e+16	1.43255e+16	2.4248e+16	4.54173e+17	1.392	1.18737	1.18737	1.18737	1.18737	1.18737	1.18737	1.18737	1.18737	1.18737	1.18737	1.18737	1.18737	1.14816	4.53424	
116677	6.86924e+17	2.79491e+17	1.22306e+17	7.73839e+16	1.54768e+17	2.32152e+17	3.09536e+17	3.8692e+17	4.64304e+17	5.41687e+17	6.19071e+17	6.96455e+17	7.73839e+17	8.37483e+17	8.98949e+15	5.57192e+15	5.17234e+15	2.26343e+15	1.43209e+15	2.86418e+15	4.29627e+15	5.72836e+15	7.16045e+15	8.59254e+15	1.00246e+16	1.14567e+16	1.28888e+16	1.43209e+16	2.41979e+16	4.54169e+17	1.39805	1.18948	1.18948	1.18948	1.18948	1.18948	1.18948	1.18948	1.18948	1.18948	1.18948	1.18948	1.18948	1.14919	4.52569	
116928	6.86926e+17	2.79493e+17	1.22307e+17	7.73847e+16	1.54769e+17	2.32154e+17	3.09539e+17	3.86923e+17	4.64308e+17	5.41693e+17	6.19077e+17	6.96462e+17	7.73847e+17	8.37561e+17	9.0115e+15	5.57058e+15	5.17069e+15	2.26271e+15	1.43163e+15	2.86327e+15	4.2949e+15	5.72653e+15	7.15817e+15	8.5898e+15	1.00214e+16	1.14531e+16	1.28847e+16	1.43163e+16	2.41479e+16	4.54165e+17	1.40414	1.19167	1.19167	1.19167	1.19167	1.19167	1.19167	1.19167	1.19167	1.19167	1.19167	1.19167	1.19167	1.15025	4.5169	
117179	6.86929e+17	2.79496e+17	1.22308e+17	7.73854e+16	1.54771e+17	2.32156e+17	3.09542e+17	3.86927e+17	4.64312e+17	5.41698e+17	6.19083e+17	6.96469e+17	7.73854e+17	8.37637e+17	9.03413e+15	5.56925e+15	5.16905e+15	2.26199e+15	1.43118e+15	2.86236e+15	4.29354e+15	5.72472e+15	7.1559e+15	8.58708e+15	1.00183e+16	1.14494e+16	1.28806e+16	1.43118e+16	2.40984e+16	4.54161e+17	1.41022	1.19393	1.19393	1.19393	1.19393	1.19393	1.19393	1.19393	1.19393	1.19393	1.19393	1.19393	1.19393	1.15133	4.5079	
117430	6.86931e+17	2.79499e+17	1.22309e+17	7.73861e+16	1.54772e+17	2.32158e+17	3.09545e+17	3.86931e+17	4.64317e+17	5.41703e+17	6.19089e+17	6.96475e+17	7.73861e+17	8.37714e+17	9.05752e+15	5.56792e+15	5.16741e+15	2.26127e+15	1.43073e+15	2.86145e+15	4.29218e+15	5.7229e+15	7.15363e+15	8.58436e+15	1.00151e+16	1.14458e+16	1.28765e+16	1.43073e+16	2.40489e+16	4.54157e+17	1.41634	1.19626	1.19626	1.19626	1.19626	1.19626	1.19626	1.19626	1.19626	1.19626	1.19626	1.19626	1.19626	1.15244	4.49866	
117680	6.86934e+17	2.79501e+17	1.22311e+17	7.73869e+16	1.54774e+17	2.32161e+17	3.09548e+17	3.86934e+17	4.64321e+17	5.41708e+17	6.19095e+17	6.96482e+17	7.73869e+17	8.3779e+17	9.08152e+15	5.5666e+15	5.16579e+15	2.26056e+15	1.43028e+15	2.86055e+15	4.29083e+15	5.7211e+15	7.15138e+15	8.58165e+15	1.00119e+16	1.14422e+16	1.28725e+16	1.43028e+16	2.39999e+16	4.54153e+17	1.42246	1.19866	1.19866	1.19866	1.19866	1.19866	1.19866	1.19866	1.19866	1.19866	1.19866	1.19866	1.19866	1.15358	4.48924	
117931	6.86936e+17	2.79504e+17	1.22312e+17	7.73876e+16	1.54775e+17	2.32163e+17	3.0955e+17	3.86938e+17	4.64326e+17	5.41713e+17	6.19101e+17	6.96489e+17	7.73876e+17	8.37866e+17	9.10622e+15	5.56529e+15	5.16416e+15	2.25985e+15	1.42983e+15	2.85965e+15	4.28948e+15	5.71931e+15	7.14913e+15	8.57896e+15	1.00088e+16	1.14386e+16	1.28684e+16	1.42983e+16	2.39508e+16	4.54149e+17	1.42861	1.20114	1.20114	1.20114	1.20114	1.20114	1.20114	1.20114	1.20114	1.20114	1.20114	1.20114	1.20114	1.15474	4.4796	
118182	6.86939e+17	2.79507e+17	1.22313e+17	7.73883e+16	1.54777e+17	2.32165e+17	3.09553e+17	3.86942e+17	4.6433e+17	5.41718e+17	6.19107e+17	6.96495e+17	7.73883e+17	8.37942e+17	9.13155e+15	5.56398e+15	5.16255e+15	2.25914e+15	1.42938e+15	2.85876e+15	4.28814e+15	5.71752e+15	7.1469e+15	8.57628e+15	1.00057e+16	1.1435e+16	1.28644e+16	1.42938e+16	2.3902e+16	4.54145e+17	1.43477	1.20369	1.20369	1.20369	1.20369	1.20369	1.20369	1.20369	1.20369	1.20369	1.20369	1.20369	1.20369	1.15593	4.46978	
118433	6.86941e+17	2.79509e+17	1.22314e+17	7.73891e+16	1.54778e+17	2.32167e+17	3.09556e+17	3.86945e+17	4.64334e+17	5.41723e+17	6.19113e+17	6.96502e+17	7.73891e+17	8.38017e+17	9.15755e+15	5.56267e+15	5.16094e+15	2.25844e+15	1.42893e+15	2.85787e+15	4.2868e+15	5.71573e+15	7.14467e+15	8.5736e+15	1.00025e+16	1.14315e+16	1.28604e+16	1.42893e+16	2.38531e+16	4.54141e+17	1.44095	1.20632	1.20632	1.20632	1.20632	1.20632	1.20632	1.20632	1.20632	1.20632	1.20632	1.20632	1.20632	1.15716	4.45975	
118684	6.86944e+17	2.79512e+17	1.22315e+17	7.73898e+16	1.5478e+17	2.32169e+17	3.09559e+17	3.86949e+17	4.64339e+17	5.41729e+17	6.19118e+17	6.96508e+17	7.73898e+17	8.38093e+17	9.18409e+15	5.56138e+15	5.15934e+15	2.25774e+15	1.42849e+15	2.85698e+15	4.28547e+15	5.71396e+15	7.14245e+15	8.57094e+15	9.99944e+15	1.14279e+16	1.28564e+16	1.42849e+16	2.38044e+16	4.54137e+17	1.44712	1.20902	1.20902	1.20902	1.20902	1.20902	1.20902	1.20902	1.20902	1.20902	1.20902	1.20902	1.20902	1.15841	4.44959	
118935	6.86946e+17	2.79515e+17	1.22316e+17	7.73905e+16	1.54781e+17	2.32172e+17	3.09562e+17	3.86953e+17	4.64343e+17	5.41734e+17	6.19124e+17	6.96515e+17	7.73905e+17	8.38168e+17	9.21128e+15	5.56008e+15	5.15774e+15	2.25704e+15	1.42805e+15	2.8561e+15	4.28415e+15	5.7122e+15	7.14024e+15	8.56829e+15	9.99634e+15	1.14244e+16	1.28524e+16	1.42805e+16	2.37557e+16	4.54133e+17	1.45332	1.21181	1.21181	1.21181	1.21181	1.21181	1.21181	1.21181	1.21181	1.21181	1.21181	1.21181	1.21181	1.15969	4.43925	
119185	6.86949e+17	2.79517e+17	1.22317e+17	7.73912e+16	1.54782e+17	2.32174e+17	3.09565e+17	3.86956e+17	4.64347e+17	5.41739e+17	6.1913e+17	6.96521e+17	7.73912e+17	8.38243e+17	9.23896e+15	5.5588e+15	5.15616e+15	2.25635e+15	1.42761e+15	2.85522e+15	4.28283e+15	5.71044e+15	7.13805e+15	8.56566e+15	9.99327e+15	1.14209e+16	1.28485e+16	1.42761e+16	2.37071e+16	4.54129e+17	1.45951	1.21466	1.21466	1.21466	1.21466	1.21466	1.21466	1.21466	1.21466	1.21466	1.21466	1.21466	1.21466	1.161	4.42878	
119437	6.86951e+17	2.7952e+17	1.22319e+17	7.73919e+16	1.54784e+17	2.32176e+17	3.09568e+17	3.8696e+17	4.64352e+17	5.41744e+17	6.19136e+17	6.96527e+17	7.73919e+17	8.38319e+17	9.26724e+15	5.55752e+15	5.15458e+15	2.25566e+15	1.42717e+15	2.85435e+15	4.28152e+15	5.70869e+15	7.13586e+15	8.56304e+15	9.99021e+15	1.14174e+16	1.28446e+16	1.42717e+16	2.36584e+16	4.54125e+17	1.46572	1.21761	1.21761	1.21761	1.21761	1.21761	1.21761	1.21761	1.21761	1.21761	1.21761	1.21761	1.21761	1.16235	4.41817	
119688	6.86954e+17	2.79522e+17	1.2232e+17	7.73927e+16	1.54785e+17	2.32178e+17	3.09571e+17	3.86963e+17	4.64356e+17	5.41749e+17	6.19141e+17	6.96534e+17	7.73927e+17	8.38394e+17	9.29601e+15	5.55624e+15	5.15301e+15	2.25497e+15	1.42674e+15	2.85348e+15	4.28021e+15	5.70695e+15	7.13369e+15	8.56043e+15	9.98716e+15	1.14139e+16	1.28406e+16	1.42674e+16	2.36098e+16	4.5412e+17	1.47193	1.22062	1.22062	1.22062	1.22062	1.22062	1.22062	1.22062	1.22062	1.22062	1.22062	1.22062	1.22062	1.16372	4.40743	
119939	6.86956e+17	2.79525e+17	1.22321e+17	7.73934e+16	1.54787e+17	2.3218e+17	3.09573e+17	3.86967e+17	4.6436e+17	5.41754e+17	6.19147e+17	6.9654e+17	7.73934e+17	8.3847e+17	9.32532e+15	5.55497e+15	5.15144e+15	2.25428e+15	1.4263e+15	2.85261e+15	4.27891e+15	5.70522e+15	7.13152e+15	8.55782e+15	9.98413e+15	1.14104e+16	1.28367e+16	1.4263e+16	2.3561e+16	4.54116e+17	1.47816	1.22372	1.22372	1.22372	1.22372	1.22372	1.22372	1.22372	1.22372	1.22372	1.22372	1.22372	1.22372	1.16514	4.39658	
120190	6.86959e+17	2.79527e+17	1.22322e+17	7.73941e+16	1.54788e+17	2.32182e+17	3.09576e+17	3.8697e+17	4.64364e+17	5.41758e+17	6.19153e+17	6.96547e+17	7.73941e+17	8.38545e+17	9.355e+15	5.55371e+15	5.14989e+15	2.2536e+15	1.42587e+15	2.85175e+15	4.27762e+15	5.70349e+15	7.12937e+15	8.55524e+15	9.98111e+15	1.1407e+16	1.28329e+16	1.42587e+16	2.35123e+16	4.54112e+17	1.48437	1.22689	1.22689	1.22689	1.22689	1.22689	1.22689	1.22689	1.22689	1.22689	1.22689	1.22689	1.22689	1.16658	4.38566	
120441	6.86961e+17	2.7953e+17	1.22323e+17	7.73948e+16	1.5479e+17	2.32184e+17	3.09579e+17	3.86974e+17	4.64369e+17	5.41763e+17	6.19158e+17	6.96553e+17	7.73948e+17	8.38621e+17	9.3852e+15	5.55245e+15	5.14834e+15	2.25292e+15	1.42544e+15	2.85089e+15	4.27633e+15	5.70178e+15	7.12722e+15	8.55266e+15	9.97811e+15	1.14036e+16	1.2829e+16	1.42544e+16	2.34635e+16	4.54108e+17	1.49061	1.23015	1.23015	1.23015	1.23015	1.23015	1.23015	1.23015	1.23015	1.23015	1.23015	1.23015	1.23015	1.16806	4.37462	
120692	6.86963e+17	2.79532e+17	1.22324e+17	7.73955e+16	1.54791e+17	2.32186e+17	3.09582e+17	3.86977e+17	4.64373e+17	5.41768e+17	6.19164e+17	6.96559e+17	7.73955e+17	8.38696e+17	9.4157e+15	5.5512e+15	5.1468e+15	2.25225e+15	1.42502e+15	2.85004e+15	4.27505e+15	5.70007e+15	7.12509e+15	8.55011e+15	9.97512e+15	1.14001e+16	1.28252e+16	1.42502e+16	2.34148e+16	4.54104e+17	1.49683	1.23348	1.23348	1.23348	1.23348	1.23348	1.23348	1.23348	1.23348	1.23348	1.23348	1.23348	1.23348	1.16957	4.36356	
120944	6.86966e+17	2.79535e+17	1.22325e+17	7.73962e+16	1.54792e+17	2.32188e+17	3.09585e+17	3.86981e+17	4.64377e+17	5.41773e+17	6.19169e+17	6.96565e+17	7.73962e+17	8.38772e+17	9.44664e+15	5.54995e+15	5.14526e+15	2.25158e+15	1.42459e+15	2.84919e+15	4.27378e+15	5.69837e+15	7.12296e+15	8.54756e+15	9.97215e+15	1.13967e+16	1.28213e+16	1.42459e+16	2.33659e+16	4.54099e+17	1.50306	1.2369	1.2369	1.2369	1.2369	1.2369	1.2369	1.2369	1.2369	1.2369	1.2369	1.2369	1.2369	1.17112	4.35241	
121195	6.86968e+17	2.79537e+17	1.22326e+17	7.73968e+16	1.54794e+17	2.32191e+17	3.09587e+17	3.86984e+17	4.64381e+17	5.41778e+17	6.19175e+17	6.96572e+17	7.73968e+17	8.38848e+17	9.47789e+15	5.5487e+15	5.14374e+15	2.25091e+15	1.42417e+15	2.84834e+15	4.27251e+15	5.69668e+15	7.12085e+15	8.54502e+15	9.96919e+15	1.13934e+16	1.28175e+16	1.42417e+16	2.3317e+16	4.54095e+17	1.5093	1.24039	1.24039	1.24039	1.24039	1.24039	1.24039	1.24039	1.24039	1.24039	1.24039	1.24039	1.24039	1.1727	4.34123	
121446	6.86971e+17	2.7954e+17	1.22327e+17	7.73975e+16	1.54795e+17	2.32193e+17	3.0959e+17	3.86988e+17	4.64385e+17	5.41783e+17	6.1918e+17	6.96578e+17	7.73975e+17	8.38924e+17	9.50949e+15	5.54746e+15	5.14222e+15	2.25025e+15	1.42375e+15	2.8475e+15	4.27125e+15	5.695e+15	7.11875e+15	8.5425e+15	9.96625e+15	1.139e+16	1.28137e+16	1.42375e+16	2.3268e+16	4.54091e+17	1.51554	1.24396	1.24396	1.24396	1.24396	1.24396	1.24396	1.24396	1.24396	1.24396	1.24396	1.24396	1.24396	1.17433	4.33	
121697	6.86973e+17	2.79542e+17	1.22328e+17	7.73982e+16	1.54796e+17	2.32195e+17	3.09593e+17	3.86991e+17	4.64389e+17	5.41787e+17	6.19186e+17	6.96584e+17	7.73982e+17	8.39e+17	9.54127e+15	5.54623e+15	5.14071e+15	2.24959e+15	1.42333e+15	2.84666e+15	4.27e+15	5.69333e+15	7.11666e+15	8.53999e+15	9.96332e+15	1.13867e+16	1.281e+16	1.42333e+16	2.32191e+16	4.54087e+17	1.52177	1.2476	1.2476	1.2476	1.2476	1.2476	1.2476	1.2476	1.2476	1.2476	1.2476	1.2476	1.2476	1.17598	4.31879	
121949	6.86975e+17	2.79545e+17	1.2233e+17	7.73989e+16	1.54798e+17	2.32197e+17	3.09596e+17	3.86994e+17	4.64393e+17	5.41792e+17	6.19191e+17	6.9659e+17	7.73989e+17	8.39076e+17	9.57338e+15	5.545e+15	5.1392e+15	2.24893e+15	1.42292e+15	2.84583e+15	4.26875e+15	5.69166e+15	7.11458e+15	8.53749e+15	9.96041e+15	1.13833e+16	1.28062e+16	1.42292e+16	2.317e+16	4.54083e+17	1.52801	1.25133	1.25133	1.25133	1.25133	1.25133	1.25133	1.25133	1.25133	1.25133	1.25133	1.25133	1.25133	1.17768	4.30755	
122200	6.86978e+17	2.79547e+17	1.22331e+17	7.73996e+16	1.54799e+17	2.32199e+17	3.09598e+17	3.86998e+17	4.64397e+17	5.41797e+17	6.19197e+17	6.96596e+17	7.73996e+17	8.39152e+17	9.60559e+15	5.54378e+15	5.13771e+15	2.24828e+15	1.4225e+15	2.845e+15	4.26751e+15	5.69001e+15	7.11251e+15	8.53501e+15	9.95751e+15	1.138e+16	1.28025e+16	1.4225e+16	2.3121e+16	4.54078e+17	1.53424	1.25513	1.25513	1.25513	1.25513	1.25513	1.25513	1.25513	1.25513	1.25513	1.25513	1.25513	1.25513	1.17941	4.29635	
122452	6.8698e+17	2.7955e+17	1.22332e+17	7.74002e+16	1.548e+17	2.32201e+17	3.09601e+17	3.87001e+17	4.64401e+17	5.41802e+17	6.19202e+17	6.96602e+17	7.74002e+17	8.39228e+17	9.63802e+15	5.54256e+15	5.13622e+15	2.24762e+15	1.42209e+15	2.84418e+15	4.26627e+15	5.68836e+15	7.11045e+15	8.53254e+15	9.95463e+15	1.13767e+16	1.27988e+16	1.42209e+16	2.30719e+16	4.54074e+17	1.54048	1.25901	1.25901	1.25901	1.25901	1.25901	1.25901	1.25901	1.25901	1.25901	1.25901	1.25901	1.25901	1.18119	4.28516	
122703	6.86982e+17	2.79552e+17	1.22333e+17	7.74009e+16	1.54802e+17	2.32203e+17	3.09604e+17	3.87005e+17	4.64405e+17	5.41806e+17	6.19207e+17	6.96608e+17	7.74009e+17	8.39304e+17	9.67056e+15	5.54135e+15	5.13474e+15	2.24698e+15	1.42168e+15	2.84336e+15	4.26504e+15	5.68672e+15	7.1084e+15	8.53009e+15	9.95177e+15	1.13734e+16	1.27951e+16	1.42168e+16	2.30228e+16	4.5407e+17	1.54671	1.26296	1.26296	1.26296	1.26296	1.26296	1.26296	1.26296	1.26296	1.26296	1.26296	1.26296	1.26296	1.183	4.274	
122955	6.86985e+17	2.79554e+17	1.22334e+17	7.74016e+16	1.54803e+17	2.32205e+17	3.09606e+17	3.87008e+17	4.64409e+17	5.41811e+17	6.19213e+17	6.96614e+17	7.74016e+17	8.39381e+17	9.70324e+15	5.54014e+15	5.13327e+15	2.24633e+15	1.42127e+15	2.84255e+15	4.26382e+15	5.68509e+15	7.10637e+15	8.52764e+15	9.94891e+15	1.13702e+16	1.27915e+16	1.42127e+16	2.29737e+16	4.54066e+17	1.55295	1.26699	1.26699	1.26699	1.26699	1.26699	1.26699	1.26699	1.26699	1.26699	1.26699	1.26699	1.26699	1.18485	4.26288	
123206	6.86987e+17	2.79557e+17	1.22335e+17	7.74022e+16	1.54804e+17	2.32207e+17	3.09609e+17	3.87011e+17	4.64413e+17	5.41816e+17	6.19218e+17	6.9662e+17	7.74022e+17	8.39457e+17	9.73589e+15	5.53894e+15	5.13181e+15	2.24569e+15	1.42087e+15	2.84174e+15	4.26261e+15	5.68347e+15	7.10434e+15	8.52521e+15	9.94608e+15	1.13669e+16	1.27878e+16	1.42087e+16	2.29247e+16	4.54062e+17	1.55918	1.27109	1.27109	1.27109	1.27109	1.27109	1.27109	1.27109	1.27109	1.27109	1.27109	1.27109	1.27109	1.18674	4.25185	
123458	6.86989e+17	2.79559e+17	1.22336e+17	7.74029e+16	1.54806e+17	2.32209e+17	3.09612e+17	3.87014e+17	4.64417e+17	5.4182e+17	6.19223e+17	6.96626e+17	7.74029e+17	8.39533e+17	9.76864e+15	5.53774e+15	5.13035e+15	2.24506e+15	1.42047e+15	2.84093e+15	4.2614e+15	5.68186e+15	7.10233e+15	8.52279e+15	9.94326e+15	1.13637e+16	1.27842e+16	1.42047e+16	2.28756e+16	4.54058e+17	1.56541	1.27527	1.27527	1.27527	1.27527	1.27527	1.27527	1.27527	1.27527	1.27527	1.27527	1.27527	1.27527	1.18868	4.24086	
123710	6.86992e+17	2.79562e+17	1.22337e+17	7.74035e+16	1.54807e+17	2.32211e+17	3.09614e+17	3.87018e+17	4.64421e+17	5.41825e+17	6.19228e+17	6.96632e+17	7.74035e+17	8.39609e+17	9.80128e+15	5.53654e+15	5.12891e+15	2.24442e+15	1.42006e+15	2.84013e+15	4.26019e+15	5.68026e+15	7.10032e+15	8.52039e+15	9.94045e+15	1.13605e+16	1.27806e+16	1.42006e+16	2.28268e+16	4.54054e+17	1.57163	1.27951	1.27951	1.27951	1.27951	1.27951	1.27951	1.27951	1.27951	1.27951	1.27951	1.27951	1.27951	1.19064	4.22998	
123961	6.86994e+17	2.79564e+17	1.22338e+17	7.74042e+16	1.54808e+17	2.32213e+17	3.09617e+17	3.87021e+17	4.64425e+17	5.41829e+17	6.19234e+17	6.96638e+17	7.74042e+17	8.39685e+17	9.83394e+15	5.53535e+15	5.12747e+15	2.24379e+15	1.41967e+15	2.83933e+15	4.259e+15	5.67866e+15	7.09833e+15	8.518e+15	9.93766e+15	1.13573e+16	1.2777e+16	1.41967e+16	2.27779e+16	4.5405e+17	1.57786	1.28382	1.28382	1.28382	1.28382	1.28382	1.28382	1.28382	1.28382	1.28382	1.28382	1.28382	1.28382	1.19266	4.21918	
124213	6.86996e+17	2.79566e+17	1.22339e+17	7.74048e+16	1.5481e+17	2.32215e+17	3.09619e+17	3.87024e+17	4.64429e+17	5.41834e+17	6.19239e+17	6.96644e+17	7.74048e+17	8.3976e+17	9.86641e+15	5.53417e+15	5.12604e+15	2.24317e+15	1.41927e+15	2.83854e+15	4.25781e+15	5.67708e+15	7.09635e+15	8.51562e+15	9.93489e+15	1.13542e+16	1.27734e+16	1.41927e+16	2.27292e+16	4.54045e+17	1.58407	1.2882	1.2882	1.2882	1.2882	1.2882	1.2882	1.2882	1.2882	1.2882	1.2882	1.2882	1.2882	1.19471	4.20851	
124464	6.86999e+17	2.79569e+17	1.2234e+17	7.74055e+16	1.54811e+17	2.32216e+17	3.09622e+17	3.87027e+17	4.64433e+17	5.41838e+17	6.19244e+17	6.96649e+17	7.74055e+17	8.39834e+17	9.89828e+15	5.53299e+15	5.12462e+15	2.24255e+15	1.41888e+15	2.83775e+15	4.25663e+15	5.67551e+15	7.09438e+15	8.51326e+15	9.93214e+15	1.1351e+16	1.27699e+16	1.41888e+16	2.26806e+16	4.54038e+17	1.59028	1.29265	1.29265	1.29265	1.29265	1.29265	1.29265	1.29265	1.29265	1.29265	1.29265	1.29265	1.29265	1.1968	4.19809	
124715	6.87001e+17	2.79571e+17	1.22341e+17	7.74061e+16	1.54812e+17	2.32218e+17	3.09625e+17	3.87031e+17	4.64437e+17	5.41843e+17	6.19249e+17	6.96655e+17	7.74061e+17	8.39908e+17	9.92904e+15	5.53182e+15	5.12321e+15	2.24193e+15	1.41849e+15	2.83697e+15	4.25546e+15	5.67395e+15	7.09243e+15	8.51092e+15	9.92941e+15	1.13479e+16	1.27664e+16	1.41849e+16	2.26324e+16	4.54031e+17	1.59646	1.29715	1.29715	1.29715	1.29715	1.29715	1.29715	1.29715	1.29715	1.29715	1.29715	1.29715	1.29715	1.19891	4.18809	
124966	6.87003e+17	2.79573e+17	1.22342e+17	7.74068e+16	1.54814e+17	2.3222e+17	3.09627e+17	3.87034e+17	4.64441e+17	5.41847e+17	6.19254e+17	6.96661e+17	7.74068e+17	8.39981e+17	9.95868e+15	5.53066e+15	5.1218e+15	2.24131e+15	1.4181e+15	2.8362e+15	4.25429e+15	5.67239e+15	7.09049e+15	8.50859e+15	9.92668e+15	1.13448e+16	1.27629e+16	1.4181e+16	2.25844e+16	4.54024e+17	1.60265	1.30172	1.30172	1.30172	1.30172	1.30172	1.30172	1.30172	1.30172	1.30172	1.30172	1.30172	1.30172	1.20107	4.17852	
125216	6.87005e+17	2.79576e+17	1.22343e+17	7.74074e+16	1.54815e+17	2.32222e+17	3.0963e+17	3.87037e+17	4.64444e+17	5.41852e+17	6.19259e+17	6.96667e+17	7.74074e+17	8.40053e+17	9.98689e+15	5.5295e+15	5.12041e+15	2.24071e+15	1.41771e+15	2.83543e+15	4.25314e+15	5.67085e+15	7.08856e+15	8.50628e+15	9.92399e+15	1.13417e+16	1.27594e+16	1.41771e+16	2.25368e+16	4.54016e+17	1.60881	1.30633	1.30633	1.30633	1.30633	1.30633	1.30633	1.30633	1.30633	1.30633	1.30633	1.30633	1.30633	1.20326	4.16946	
125466	6.87008e+17	2.79578e+17	1.22344e+17	7.7408e+16	1.54816e+17	2.32224e+17	3.09632e+17	3.8704e+17	4.64448e+17	5.41856e+17	6.19264e+17	6.96672e+17	7.7408e+17	8.40125e+17	1.00138e+16	5.52835e+15	5.11903e+15	2.2401e+15	1.41733e+15	2.83466e+15	4.25199e+15	5.66932e+15	7.08665e+15	8.50398e+15	9.9213e+15	1.13386e+16	1.2756e+16	1.41733e+16	2.24894e+16	4.54009e+17	1.61498	1.31102	1.31102	1.31102	1.31102	1.31102	1.31102	1.31102	1.31102	1.31102	1.31102	1.31102	1.31102	1.20549	4.16087	
125716	6.8701e+17	2.7958e+17	1.22345e+17	7.74086e+16	1.54817e+17	2.32226e+17	3.09635e+17	3.87043e+17	4.64452e+17	5.41861e+17	6.19269e+17	6.96678e+17	7.74086e+17	8.40196e+17	1.00393e+16	5.5272e+15	5.11765e+15	2.2395e+15	1.41695e+15	2.8339e+15	4.25084e+15	5.66779e+15	7.08474e+15	8.50169e+15	9.91864e+15	1.13356e+16	1.27525e+16	1.41695e+16	2.24424e+16	4.54002e+17	1.62113	1.31576	1.31576	1.31576	1.31576	1.31576	1.31576	1.31576	1.31576	1.31576	1.31576	1.31576	1.31576	1.20775	4.15278	
125967	6.87012e+17	2.79582e+17	1.22346e+17	7.74093e+16	1.54819e+17	2.32228e+17	3.09637e+17	3.87046e+17	4.64456e+17	5.41865e+17	6.19274e+17	6.96683e+17	7.74093e+17	8.40267e+17	1.00634e+16	5.52606e+15	5.11628e+15	2.2389e+15	1.41657e+15	2.83314e+15	4.24971e+15	5.66628e+15	7.08284e+15	8.49941e+15	9.91598e+15	1.13326e+16	1.27491e+16	1.41657e+16	2.23957e+16	4.53996e+17	1.62729	1.32056	1.32056	1.32056	1.32056	1.32056	1.32056	1.32056	1.32056	1.32056	1.32056	1.32056	1.32056	1.21005	4.14515	
126219	6.87014e+17	2.79585e+17	1.22347e+17	7.74099e+16	1.5482e+17	2.3223e+17	3.0964e+17	3.87049e+17	4.64459e+17	5.41869e+17	6.19279e+17	6.96689e+17	7.74099e+17	8.40339e+17	1.00864e+16	5.52491e+15	5.11491e+15	2.2383e+15	1.41619e+15	2.83238e+15	4.24857e+15	5.66475e+15	7.08094e+15	8.49713e+15	9.91332e+15	1.13295e+16	1.27457e+16	1.41619e+16	2.23489e+16	4.53989e+17	1.63349	1.32546	1.32546	1.32546	1.32546	1.32546	1.32546	1.32546	1.32546	1.32546	1.32546	1.32546	1.32546	1.21241	4.13791	
126469	6.87016e+17	2.79587e+17	1.22348e+17	7.74105e+16	1.54821e+17	2.32232e+17	3.09642e+17	3.87053e+17	4.64463e+17	5.41874e+17	6.19284e+17	6.96695e+17	7.74105e+17	8.40409e+17	1.0108e+16	5.52377e+15	5.11355e+15	2.2377e+15	1.41581e+15	2.83163e+15	4.24744e+15	5.66326e+15	7.07907e+15	8.49488e+15	9.9107e+15	1.13265e+16	1.27423e+16	1.41581e+16	2.2303e+16	4.53984e+17	1.63963	1.33037	1.33037	1.33037	1.33037	1.33037	1.33037	1.33037	1.33037	1.33037	1.33037	1.33037	1.33037	1.21478	4.13117	
126722	6.87019e+17	2.79589e+17	1.22349e+17	7.74111e+16	1.54822e+17	2.32233e+17	3.09644e+17	3.87056e+17	4.64467e+17	5.41878e+17	6.19289e+17	6.967e+17	7.74111e+17	8.4048e+17	1.01286e+16	5.52263e+15	5.11219e+15	2.23711e+15	1.41544e+15	2.83087e+15	4.24631e+15	5.66175e+15	7.07719e+15	8.49262e+15	9.90806e+15	1.13235e+16	1.27389e+16	1.41544e+16	2.22569e+16	4.53979e+17	1.64583	1.3354	1.3354	1.3354	1.3354	1.3354	1.3354	1.3354	1.3354	1.3354	1.3354	1.3354	1.3354	1.21722	4.12475	
126975	6.87021e+17	2.79591e+17	1.2235e+17	7.74117e+16	1.54823e+17	2.32235e+17	3.09647e+17	3.87059e+17	4.6447e+17	5.41882e+17	6.19294e+17	6.96706e+17	7.74117e+17	8.4055e+17	1.0148e+16	5.52149e+15	5.11084e+15	2.23652e+15	1.41506e+15	2.83012e+15	4.24519e+15	5.66025e+15	7.07531e+15	8.49037e+15	9.90544e+15	1.13205e+16	1.27356e+16	1.41506e+16	2.22111e+16	4.53974e+17	1.65203	1.34048	1.34048	1.34048	1.34048	1.34048	1.34048	1.34048	1.34048	1.34048	1.34048	1.34048	1.34048	1.21969	4.11871	
127228	6.87023e+17	2.79593e+17	1.22351e+17	7.74123e+16	1.54825e+17	2.32237e+17	3.09649e+17	3.87062e+17	4.64474e+17	5.41886e+17	6.19299e+17	6.96711e+17	7.74123e+17	8.40619e+17	1.01664e+16	5.52036e+15	5.10949e+15	2.23593e+15	1.41469e+15	2.82938e+15	4.24407e+15	5.65876e+15	7.07345e+15	8.48814e+15	9.90283e+15	1.13175e+16	1.27322e+16	1.41469e+16	2.21659e+16	4.53969e+17	1.65822	1.3456	1.3456	1.3456	1.3456	1.3456	1.3456	1.3456	1.3456	1.3456	1.3456	1.3456	1.3456	1.2222	4.11303	
127481	6.87025e+17	2.79596e+17	1.22352e+17	7.7413e+16	1.54826e+17	2.32239e+17	3.09652e+17	3.87065e+17	4.64478e+17	5.41891e+17	6.19304e+17	6.96717e+17	7.7413e+17	8.40688e+17	1.01839e+16	5.51923e+15	5.10815e+15	2.23534e+15	1.41432e+15	2.82864e+15	4.24296e+15	5.65728e+15	7.0716e+15	8.48591e+15	9.90023e+15	1.13146e+16	1.27289e+16	1.41432e+16	2.2121e+16	4.53965e+17	1.66441	1.35079	1.35079	1.35079	1.35079	1.35079	1.35079	1.35079	1.35079	1.35079	1.35079	1.35079	1.35079	1.22475	4.10767	
127733	6.87027e+17	2.79598e+17	1.22353e+17	7.74136e+16	1.54827e+17	2.32241e+17	3.09654e+17	3.87068e+17	4.64481e+17	5.41895e+17	6.19308e+17	6.96722e+17	7.74136e+17	8.40757e+17	1.02004e+16	5.51811e+15	5.10683e+15	2.23476e+15	1.41395e+15	2.8279e+15	4.24185e+15	5.65581e+15	7.06976e+15	8.48371e+15	9.89766e+15	1.13116e+16	1.27256e+16	1.41395e+16	2.20767e+16	4.53962e+17	1.67057	1.35601	1.35601	1.35601	1.35601	1.35601	1.35601	1.35601	1.35601	1.35601	1.35601	1.35601	1.35601	1.22734	4.10261	
127986	6.8703e+17	2.796e+17	1.22354e+17	7.74142e+16	1.54828e+17	2.32242e+17	3.09657e+17	3.87071e+17	4.64485e+17	5.41899e+17	6.19313e+17	6.96727e+17	7.74142e+17	8.40824e+17	1.02161e+16	5.517e+15	5.1055e+15	2.23418e+15	1.41359e+15	2.82717e+15	4.24076e+15	5.65434e+15	7.06793e+15	8.48151e+15	9.8951e+15	1.13087e+16	1.27223e+16	1.41359e+16	2.20328e+16	4.53958e+17	1.67674	1.36128	1.36128	1.36128	1.36128	1.36128	1.36128	1.36128	1.36128	1.36128	1.36128	1.36128	1.36128	1.22996	4.09782	
128238	6.87032e+17	2.79602e+17	1.22355e+17	7.74148e+16	1.5483e+17	2.32244e+17	3.09659e+17	3.87074e+17	4.64489e+17	5.41903e+17	6.19318e+17	6.96733e+17	7.74148e+17	8.40891e+17	1.0231e+16	5.51589e+15	5.10419e+15	2.23361e+15	1.41322e+15	2.82644e+15	4.23966e+15	5.65288e+15	7.06611e+15	8.47933e+15	9.89255e+15	1.13058e+16	1.2719e+16	1.41322e+16	2.19894e+16	4.53955e+17	1.68289	1.3666	1.3666	1.3666	1.3666	1.3666	1.3666	1.3666	1.3666	1.3666	1.3666	1.3666	1.3666	1.23262	4.09326	
128491	6.87034e+17	2.79604e+17	1.22356e+17	7.74153e+16	1.54831e+17	2.32246e+17	3.09661e+17	3.87077e+17	4.64492e+17	5.41907e+17	6.19323e+17	6.96738e+17	7.74153e+17	8.40957e+17	1.02453e+16	5.51478e+15	5.10288e+15	2.23303e+15	1.41286e+15	2.82572e+15	4.23858e+15	5.65144e+15	7.0643e+15	8.47715e+15	9.89001e+15	1.13029e+16	1.27157e+16	1.41286e+16	2.19466e+16	4.53953e+17	1.68904	1.37196	1.37196	1.37196	1.37196	1.37196	1.37196	1.37196	1.37196	1.37196	1.37196	1.37196	1.37196	1.23532	4.08892	
128744	6.87036e+17	2.79606e+17	1.22356e+17	7.74159e+16	1.54832e+17	2.32248e+17	3.09664e+17	3.8708e+17	4.64496e+17	5.41912e+17	6.19328e+17	6.96743e+17	7.74159e+17	8.41023e+17	1.02591e+16	5.51367e+15	5.10158e+15	2.23247e+15	1.4125e+15	2.825e+15	4.2375e+15	5.65e+15	7.06249e+15	8.47499e+15	9.88749e+15	1.13e+16	1.27125e+16	1.4125e+16	2.19042e+16	4.5395e+17	1.69517	1.37737	1.37737	1.37737	1.37737	1.37737	1.37737	1.37737	1.37737	1.37737	1.37737	1.37737	1.37737	1.23806	4.08476	
128996	6.87038e+17	2.79608e+17	1.22357e+17	7.74165e+16	1.54833e+17	2.3225e+17	3.09666e+17	3.87083e+17	4.64499e+17	5.41916e+17	6.19332e+17	6.96749e+17	7.74165e+17	8.41087e+17	1.02723e+16	5.51258e+15	5.10029e+15	2.2319e+15	1.41214e+15	2.82428e+15	4.23642e+15	5.64856e+15	7.06071e+15	8.47285e+15	9.88499e+15	1.12971e+16	1.27093e+16	1.41214e+16	2.18624e+16	4.53948e+17	1.7013	1.38281	1.38281	1.38281	1.38281	1.38281	1.38281	1.38281	1.38281	1.38281	1.38281	1.38281	1.38281	1.24083	4.08077	
129249	6.8704e+17	2.79611e+17	1.22358e+17	7.74171e+16	1.54834e+17	2.32251e+17	3.09668e+17	3.87086e+17	4.64503e+17	5.4192e+17	6.19337e+17	6.96754e+17	7.74171e+17	8.41151e+17	1.02851e+16	5.51148e+15	5.099e+15	2.23134e+15	1.41178e+15	2.82357e+15	4.23535e+15	5.64714e+15	7.05892e+15	8.47071e+15	9.88249e+15	1.12943e+16	1.27061e+16	1.41178e+16	2.18212e+16	4.53946e+17	1.70742	1.3883	1.3883	1.3883	1.3883	1.3883	1.3883	1.3883	1.3883	1.3883	1.3883	1.3883	1.3883	1.24365	4.07692	
129501	6.87043e+17	2.79613e+17	1.22359e+17	7.74177e+16	1.54835e+17	2.32253e+17	3.09671e+17	3.87088e+17	4.64506e+17	5.41924e+17	6.19342e+17	6.96759e+17	7.74177e+17	8.41214e+17	1.02975e+16	5.51039e+15	5.09772e+15	2.23078e+15	1.41143e+15	2.82286e+15	4.23429e+15	5.64572e+15	7.05715e+15	8.46859e+15	9.88002e+15	1.12914e+16	1.27029e+16	1.41143e+16	2.17806e+16	4.53945e+17	1.7135	1.39382	1.39382	1.39382	1.39382	1.39382	1.39382	1.39382	1.39382	1.39382	1.39382	1.39382	1.39382	1.24649	4.0732	
129753	6.87045e+17	2.79615e+17	1.2236e+17	7.74183e+16	1.54837e+17	2.32255e+17	3.09673e+17	3.87091e+17	4.6451e+17	5.41928e+17	6.19346e+17	6.96764e+17	7.74183e+17	8.41276e+17	1.03096e+16	5.50931e+15	5.09645e+15	2.23022e+15	1.41108e+15	2.82216e+15	4.23324e+15	5.64431e+15	7.05539e+15	8.46647e+15	9.87755e+15	1.12886e+16	1.26997e+16	1.41108e+16	2.17405e+16	4.53943e+17	1.71958	1.39938	1.39938	1.39938	1.39938	1.39938	1.39938	1.39938	1.39938	1.39938	1.39938	1.39938	1.39938	1.24938	4.06957	
130005	6.87047e+17	2.79617e+17	1.22361e+17	7.74188e+16	1.54838e+17	2.32257e+17	3.09675e+17	3.87094e+17	4.64513e+17	5.41932e+17	6.19351e+17	6.9677e+17	7.74188e+17	8.41337e+17	1.03215e+16	5.50823e+15	5.09519e+15	2.22967e+15	1.41073e+15	2.82146e+15	4.23218e+15	5.64291e+15	7.05364e+15	8.46437e+15	9.8751e+15	1.12858e+16	1.26966e+16	1.41073e+16	2.17011e+16	4.53942e+17	1.72564	1.40497	1.40497	1.40497	1.40497	1.40497	1.40497	1.40497	1.40497	1.40497	1.40497	1.40497	1.40497	1.2523	4.06602	
130258	6.87049e+17	2.79619e+17	1.22362e+17	7.74194e+16	1.54839e+17	2.32258e+17	3.09678e+17	3.87097e+17	4.64517e+17	5.41936e+17	6.19355e+17	6.96775e+17	7.74194e+17	8.41397e+17	1.03333e+16	5.50715e+15	5.09393e+15	2.22912e+15	1.41038e+15	2.82076e+15	4.23114e+15	5.64152e+15	7.0519e+15	8.46228e+15	9.87266e+15	1.1283e+16	1.26934e+16	1.41038e+16	2.16623e+16	4.53941e+17	1.73167	1.4106	1.4106	1.4106	1.4106	1.4106	1.4106	1.4106	1.4106	1.4106	1.4106	1.4106	1.4106	1.25526	4.06254	
130510	6.87051e+17	2.79621e+17	1.22363e+17	7.742e+16	1.5484e+17	2.3226e+17	3.0968e+17	3.871e+17	4.6452e+17	5.4194e+17	6.1936e+17	6.9678e+17	7.742e+17	8.41456e+17	1.03449e+16	5.50608e+15	5.09268e+15	2.22857e+15	1.41003e+15	2.82007e+15	4.2301e+15	5.64013e+15	7.05017e+15	8.4602e+15	9.87023e+15	1.12803e+16	1.26903e+16	1.41003e+16	2.16242e+16	4.5394e+17	1.73769	1.41626	1.41626	1.41626	1.41626	1.41626	1.41626	1.41626	1.41626	1.41626	1.41626	1.41626	1.41626	1.25826	4.0591	
130762	6.87053e+17	2.79623e+17	1.22364e+17	7.74206e+16	1.54841e+17	2.32262e+17	3.09682e+17	3.87103e+17	4.64523e+17	5.41944e+17	6.19364e+17	6.96785e+17	7.74206e+17	8.41514e+17	1.03564e+16	5.50501e+15	5.09143e+15	2.22802e+15	1.40969e+15	2.81938e+15	4.22907e+15	5.63875e+15	7.04844e+15	8.45813e+15	9.86782e+15	1.12775e+16	1.26872e+16	1.40969e+16	2.15867e+16	4.5394e+17	1.74367	1.42195	1.42195	1.42195	1.42195	1.42195	1.42195	1.42195	1.42195	1.42195	1.42195	1.42195	1.42195	1.26129	4.05568	
131015	6.87055e+17	2.79625e+17	1.22365e+17	7.74211e+16	1.54842e+17	2.32263e+17	3.09684e+17	3.87106e+17	4.64527e+17	5.41948e+17	6.19369e+17	6.9679e+17	7.74211e+17	8.41571e+17	1.0368e+16	5.50395e+15	5.09019e+15	2.22748e+15	1.40934e+15	2.81869e+15	4.22803e+15	5.63738e+15	7.04672e+15	8.45607e+15	9.86541e+15	1.12748e+16	1.26841e+16	1.40934e+16	2.15499e+16	4.53939e+17	1.74962	1.42768	1.42768	1.42768	1.42768	1.42768	1.42768	1.42768	1.42768	1.42768	1.42768	1.42768	1.42768	1.26436	4.05228	
131266	6.87057e+17	2.79627e+17	1.22366e+17	7.74217e+16	1.54843e+17	2.32265e+17	3.09687e+17	3.87108e+17	4.6453e+17	5.41952e+17	6.19373e+17	6.96795e+17	7.74217e+17	8.41627e+17	1.03795e+16	5.50289e+15	5.08896e+15	2.22694e+15	1.409e+15	2.81801e+15	4.22701e+15	5.63602e+15	7.04502e+15	8.45402e+15	9.86303e+15	1.1272e+16	1.2681e+16	1.409e+16	2.15139e+16	4.53939e+17	1.75553	1.43342	1.43342	1.43342	1.43342	1.43342	1.43342	1.43342	1.43342	1.43342	1.43342	1.43342	1.43342	1.26746	4.04888	
131519	6.87059e+17	2.79629e+17	1.22366e+17	7.74222e+16	1.54844e+17	2.32267e+17	3.09689e+17	3.87111e+17	4.64533e+17	5.41956e+17	6.19378e+17	6.968e+17	7.74222e+17	8.41681e+17	1.03911e+16	5.50183e+15	5.08773e+15	2.2264e+15	1.40866e+15	2.81733e+15	4.22599e+15	5.63466e+15	7.04332e+15	8.45199e+15	9.86065e+15	1.12693e+16	1.2678e+16	1.40866e+16	2.14785e+16	4.53939e+17	1.76141	1.4392	1.4392	1.4392	1.4392	1.4392	1.4392	1.4392	1.4392	1.4392	1.4392	1.4392	1.4392	1.2706	4.04546	
131771	6.87062e+17	2.79631e+17	1.22367e+17	7.74228e+16	1.54846e+17	2.32268e+17	3.09691e+17	3.87114e+17	4.64537e+17	5.4196e+17	6.19382e+17	6.96805e+17	7.74228e+17	8.41735e+17	1.04029e+16	5.50078e+15	5.08651e+15	2.22587e+15	1.40833e+15	2.81665e+15	4.22498e+15	5.63331e+15	7.04163e+15	8.44996e+15	9.85829e+15	1.12666e+16	1.26749e+16	1.40833e+16	2.14439e+16	4.53939e+17	1.76724	1.445	1.445	1.445	1.445	1.445	1.445	1.445	1.445	1.445	1.445	1.445	1.445	1.27377	4.04201	
132023	6.87064e+17	2.79633e+17	1.22368e+17	7.74233e+16	1.54847e+17	2.3227e+17	3.09693e+17	3.87117e+17	4.6454e+17	5.41963e+17	6.19387e+17	6.9681e+17	7.74233e+17	8.41787e+17	1.04149e+16	5.49973e+15	5.0853e+15	2.22534e+15	1.40799e+15	2.81598e+15	4.22397e+15	5.63196e+15	7.03996e+15	8.44795e+15	9.85594e+15	1.12639e+16	1.26719e+16	1.40799e+16	2.141e+16	4.53939e+17	1.77304	1.45083	1.45083	1.45083	1.45083	1.45083	1.45083	1.45083	1.45083	1.45083	1.45083	1.45083	1.45083	1.27698	4.03853	
132275	6.87066e+17	2.79635e+17	1.22369e+17	7.74239e+16	1.54848e+17	2.32272e+17	3.09696e+17	3.87119e+17	4.64543e+17	5.41967e+17	6.19391e+17	6.96815e+17	7.74239e+17	8.41838e+17	1.0427e+16	5.49868e+15	5.08409e+15	2.22481e+15	1.40766e+15	2.81531e+15	4.22297e+15	5.63063e+15	7.03828e+15	8.44594e+15	9.8536e+15	1.12613e+16	1.26689e+16	1.40766e+16	2.13768e+16	4.53939e+17	1.77879	1.45668	1.45668	1.45668	1.45668	1.45668	1.45668	1.45668	1.45668	1.45668	1.45668	1.45668	1.45668	1.28022	4.03499	
132527	6.87068e+17	2.79637e+17	1.2237e+17	7.74244e+16	1.54849e+17	2.32273e+17	3.09698e+17	3.87122e+17	4.64547e+17	5.41971e+17	6.19395e+17	6.9682e+17	7.74244e+17	8.41888e+17	1.04394e+16	5.49764e+15	5.08289e+15	2.22429e+15	1.40732e+15	2.81465e+15	4.22197e+15	5.6293e+15	7.03662e+15	8.44394e+15	9.85127e+15	1.12586e+16	1.26659e+16	1.40732e+16	2.13445e+16	4.53939e+17	1.78448	1.46255	1.46255	1.46255	1.46255	1.46255	1.46255	1.46255	1.46255	1.46255	1.46255	1.46255	1.46255	1.2835	4.0314	
132779	6.8707e+17	2.79639e+17	1.22371e+17	7.7425e+16	1.5485e+17	2.32275e+17	3.097e+17	3.87125e+17	4.6455e+17	5.41975e+17	6.194e+17	6.96825e+17	7.7425e+17	8.41937e+17	1.0452e+16	5.4966e+15	5.08169e+15	2.22376e+15	1.40699e+15	2.81399e+15	4.22098e+15	5.62797e+15	7.03496e+15	8.44196e+15	9.84895e+15	1.12559e+16	1.26629e+16	1.40699e+16	2.13129e+16	4.53939e+17	1.79014	1.46845	1.46845	1.46845	1.46845	1.46845	1.46845	1.46845	1.46845	1.46845	1.46845	1.46845	1.46845	1.28681	4.02773	
133031	6.87072e+17	2.79641e+17	1.22372e+17	7.74255e+16	1.54851e+17	2.32277e+17	3.09702e+17	3.87128e+17	4.64553e+17	5.41979e+17	6.19404e+17	6.9683e+17	7.74255e+17	8.41985e+17	1.0465e+16	5.49556e+15	5.08051e+15	2.22324e+15	1.40666e+15	2.81333e+15	4.21999e+15	5.62666e+15	7.03332e+15	8.43998e+15	9.84665e+15	1.12533e+16	1.266e+16	1.40666e+16	2.12821e+16	4.5394e+17	1.79572	1.47436	1.47436	1.47436	1.47436	1.47436	1.47436	1.47436	1.47436	1.47436	1.47436	1.47436	1.47436	1.29014	4.02399	
133283	6.87074e+17	2.79643e+17	1.22372e+17	7.74261e+16	1.54852e+17	2.32278e+17	3.09704e+17	3.8713e+17	4.64556e+17	5.41982e+17	6.19408e+17	6.96835e+17	7.74261e+17	8.42031e+17	1.04782e+16	5.49453e+15	5.07932e+15	2.22272e+15	1.40634e+15	2.81267e+15	4.21901e+15	5.62534e+15	7.03168e+15	8.43802e+15	9.84435e+15	1.12507e+16	1.2657e+16	1.40634e+16	2.12521e+16	4.5394e+17	1.80126	1.48029	1.48029	1.48029	1.48029	1.48029	1.48029	1.48029	1.48029	1.48029	1.48029	1.48029	1.48029	1.29352	4.02017	
133535	6.87076e+17	2.79645e+17	1.22373e+17	7.74266e+16	1.54853e+17	2.3228e+17	3.09706e+17	3.87133e+17	4.6456e+17	5.41986e+17	6.19413e+17	6.96839e+17	7.74266e+17	8.42076e+17	1.04919e+16	5.49349e+15	5.07815e+15	2.22221e+15	1.40601e+15	2.81202e+15	4.21803e+15	5.62404e+15	7.03005e+15	8.43606e+15	9.84207e+15	1.12481e+16	1.26541e+16	1.40601e+16	2.12229e+16	4.5394e+17	1.80675	1.48623	1.48623	1.48623	1.48623	1.48623	1.48623	1.48623	1.48623	1.48623	1.48623	1.48623	1.48623	1.29692	4.01625	
133787	6.87078e+17	2.79647e+17	1.22374e+17	7.74271e+16	1.54854e+17	2.32281e+17	3.09709e+17	3.87136e+17	4.64563e+17	5.4199e+17	6.19417e+17	6.96844e+17	7.74271e+17	8.42119e+17	1.05058e+16	5.49246e+15	5.07697e+15	2.2217e+15	1.40569e+15	2.81137e+15	4.21706e+15	5.62274e+15	7.02843e+15	8.43411e+15	9.8398e+15	1.12455e+16	1.26512e+16	1.40569e+16	2.11946e+16	4.53941e+17	1.81217	1.49219	1.49219	1.49219	1.49219	1.49219	1.49219	1.49219	1.49219	1.49219	1.49219	1.49219	1.49219	1.30035	4.01224	
134039	6.8708e+17	2.79649e+17	1.22375e+17	7.74277e+16	1.54855e+17	2.32283e+17	3.09711e+17	3.87138e+17	4.64566e+17	5.41994e+17	6.19421e+17	6.96849e+17	7.74277e+17	8.42162e+17	1.05202e+16	5.49143e+15	5.07581e+15	2.22119e+15	1.40536e+15	2.81073e+15	4.21609e+15	5.62145e+15	7.02681e+15	8.43218e+15	9.83754e+15	1.12429e+16	1.26483e+16	1.40536e+16	2.11671e+16	4.53941e+17	1.81755	1.49817	1.49817	1.49817	1.49817	1.49817	1.49817	1.49817	1.49817	1.49817	1.49817	1.49817	1.49817	1.30382	4.00812	
134291	6.87082e+17	2.79651e+17	1.22376e+17	7.74282e+16	1.54856e+17	2.32285e+17	3.09713e+17	3.87141e+17	4.64569e+17	5.41997e+17	6.19426e+17	6.96854e+17	7.74282e+17	8.42202e+17	1.0535e+16	5.4904e+15	5.07465e+15	2.22068e+15	1.40504e+15	2.81008e+15	4.21512e+15	5.62017e+15	7.02521e+15	8.43025e+15	9.83529e+15	1.12403e+16	1.26454e+16	1.40504e+16	2.11404e+16	4.53942e+17	1.82286	1.50416	1.50416	1.50416	1.50416	1.50416	1.50416	1.50416	1.50416	1.50416	1.50416	1.50416	1.50416	1.30731	4.00391	
134543	6.87084e+17	2.79653e+17	1.22377e+17	7.74287e+16	1.54857e+17	2.32286e+17	3.09715e+17	3.87144e+17	4.64572e+17	5.42001e+17	6.1943e+17	6.96858e+17	7.74287e+17	8.42242e+17	1.05503e+16	5.48938e+15	5.07349e+15	2.22017e+15	1.40472e+15	2.80944e+15	4.21416e+15	5.61889e+15	7.02361e+15	8.42833e+15	9.83305e+15	1.12378e+16	1.26425e+16	1.40472e+16	2.11145e+16	4.53942e+17	1.82812	1.51018	1.51018	1.51018	1.51018	1.51018	1.51018	1.51018	1.51018	1.51018	1.51018	1.51018	1.51018	1.31084	3.99957	
134795	6.87086e+17	2.79654e+17	1.22377e+17	7.74292e+16	1.54858e+17	2.32288e+17	3.09717e+17	3.87146e+17	4.64575e+17	5.42005e+17	6.19434e+17	6.96863e+17	7.74292e+17	8.4228e+17	1.05659e+16	5.48835e+15	5.07234e+15	2.21967e+15	1.4044e+15	2.80881e+15	4.21321e+15	5.61761e+15	7.02202e+15	8.42642e+15	9.83083e+15	1.12352e+16	1.26396e+16	1.4044e+16	2.10895e+16	4.53943e+17	1.83331	1.51618	1.51618	1.51618	1.51618	1.51618	1.51618	1.51618	1.51618	1.51618	1.51618	1.51618	1.51618	1.31439	3.99514	
135047	6.87088e+17	2.79656e+17	1.22378e+17	7.74298e+16	1.5486e+17	2.32289e+17	3.09719e+17	3.87149e+17	4.64579e+17	5.42008e+17	6.19438e+17	6.96868e+17	7.74298e+17	8.42317e+17	1.05821e+16	5.48733e+15	5.0712e+15	2.21917e+15	1.40409e+15	2.80817e+15	4.21226e+15	5.61635e+15	7.02043e+15	8.42452e+15	9.82861e+15	1.12327e+16	1.26368e+16	1.40409e+16	2.10653e+16	4.53943e+17	1.83845	1.52221	1.52221	1.52221	1.52221	1.52221	1.52221	1.52221	1.52221	1.52221	1.52221	1.52221	1.52221	1.31797	3.99059	
135298	6.8709e+17	2.79658e+17	1.22379e+17	7.74303e+16	1.54861e+17	2.32291e+17	3.09721e+17	3.87151e+17	4.64582e+17	5.42012e+17	6.19442e+17	6.96873e+17	7.74303e+17	8.42353e+17	1.05986e+16	5.48631e+15	5.07006e+15	2.21867e+15	1.40377e+15	2.80754e+15	4.21132e+15	5.61509e+15	7.01886e+15	8.42263e+15	9.8264e+15	1.12302e+16	1.26339e+16	1.40377e+16	2.10421e+16	4.53944e+17	1.84353	1.52824	1.52824	1.52824	1.52824	1.52824	1.52824	1.52824	1.52824	1.52824	1.52824	1.52824	1.52824	1.32158	3.98592	
135550	6.87092e+17	2.7966e+17	1.2238e+17	7.74308e+16	1.54862e+17	2.32292e+17	3.09723e+17	3.87154e+17	4.64585e+17	5.42016e+17	6.19446e+17	6.96877e+17	7.74308e+17	8.42387e+17	1.06157e+16	5.48529e+15	5.06893e+15	2.21818e+15	1.40346e+15	2.80692e+15	4.21037e+15	5.61383e+15	7.01729e+15	8.42075e+15	9.82421e+15	1.12277e+16	1.26311e+16	1.40346e+16	2.10196e+16	4.53944e+17	1.84856	1.53428	1.53428	1.53428	1.53428	1.53428	1.53428	1.53428	1.53428	1.53428	1.53428	1.53428	1.53428	1.32522	3.98114	
135802	6.87094e+17	2.79662e+17	1.22381e+17	7.74313e+16	1.54863e+17	2.32294e+17	3.09725e+17	3.87157e+17	4.64588e+17	5.42019e+17	6.1945e+17	6.96882e+17	7.74313e+17	8.4242e+17	1.06332e+16	5.48427e+15	5.0678e+15	2.21768e+15	1.40315e+15	2.80629e+15	4.20944e+15	5.61258e+15	7.01573e+15	8.41888e+15	9.82202e+15	1.12252e+16	1.26283e+16	1.40315e+16	2.0998e+16	4.53945e+17	1.85353	1.54032	1.54032	1.54032	1.54032	1.54032	1.54032	1.54032	1.54032	1.54032	1.54032	1.54032	1.54032	1.32888	3.97624	
136054	6.87096e+17	2.79664e+17	1.22382e+17	7.74318e+16	1.54864e+17	2.32295e+17	3.09727e+17	3.87159e+17	4.64591e+17	5.42023e+17	6.19455e+17	6.96886e+17	7.74318e+17	8.42451e+17	1.06512e+16	5.48326e+15	5.06668e+15	2.21719e+15	1.40284e+15	2.80567e+15	4.20851e+15	5.61134e+15	7.01418e+15	8.41701e+15	9.81985e+15	1.12227e+16	1.26255e+16	1.40284e+16	2.09773e+16	4.53945e+17	1.85845	1.54638	1.54638	1.54638	1.54638	1.54638	1.54638	1.54638	1.54638	1.54638	1.54638	1.54638	1.54638	1.33257	3.97122	
136306	6.87098e+17	2.79666e+17	1.22382e+17	7.74323e+16	1.54865e+17	2.32297e+17	3.09729e+17	3.87162e+17	4.64594e+17	5.42026e+17	6.19459e+17	6.96891e+17	7.74323e+17	8.42481e+17	1.06696e+16	5.48224e+15	5.06556e+15	2.2167e+15	1.40253e+15	2.80505e+15	4.20758e+15	5.6101e+15	7.01263e+15	8.41515e+15	9.81768e+15	1.12202e+16	1.26227e+16	1.40253e+16	2.09575e+16	4.53945e+17	1.86332	1.55244	1.55244	1.55244	1.55244	1.55244	1.55244	1.55244	1.55244	1.55244	1.55244	1.55244	1.55244	1.33629	3.96609	
136557	6.871e+17	2.79667e+17	1.22383e+17	7.74328e+16	1.54866e+17	2.32299e+17	3.09731e+17	3.87164e+17	4.64597e+17	5.4203e+17	6.19463e+17	6.96896e+17	7.74328e+17	8.4251e+17	1.06885e+16	5.48123e+15	5.06445e+15	2.21622e+15	1.40222e+15	2.80444e+15	4.20665e+15	5.60887e+15	7.01109e+15	8.41331e+15	9.81553e+15	1.12177e+16	1.262e+16	1.40222e+16	2.09385e+16	4.53946e+17	1.86812	1.55849	1.55849	1.55849	1.55849	1.55849	1.55849	1.55849	1.55849	1.55849	1.55849	1.55849	1.55849	1.34002	3.96086	
136809	6.87102e+17	2.79669e+17	1.22384e+17	7.74333e+16	1.54867e+17	2.323e+17	3.09733e+17	3.87167e+17	4.646e+17	5.42033e+17	6.19467e+17	6.969e+17	7.74333e+17	8.42537e+17	1.0708e+16	5.48022e+15	5.06334e+15	2.21573e+15	1.40191e+15	2.80382e+15	4.20573e+15	5.60765e+15	7.00956e+15	8.41147e+15	9.81338e+15	1.12153e+16	1.26172e+16	1.40191e+16	2.09204e+16	4.53946e+17	1.87288	1.56455	1.56455	1.56455	1.56455	1.56455	1.56455	1.56455	1.56455	1.56455	1.56455	1.56455	1.56455	1.34378	3.9555	
137060	6.87104e+17	2.79671e+17	1.22385e+17	7.74338e+16	1.54868e+17	2.32302e+17	3.09735e+17	3.87169e+17	4.64603e+17	5.42037e+17	6.19471e+17	6.96905e+17	7.74338e+17	8.42563e+17	1.07278e+16	5.47921e+15	5.06224e+15	2.21525e+15	1.40161e+15	2.80321e+15	4.20482e+15	5.60643e+15	7.00803e+15	8.40964e+15	9.81125e+15	1.12129e+16	1.26145e+16	1.40161e+16	2.09031e+16	4.53946e+17	1.87759	1.57061	1.57061	1.57061	1.57061	1.57061	1.57061	1.57061	1.57061	1.57061	1.57061	1.57061	1.57061	1.34757	3.95005	
137312	6.87106e+17	2.79673e+17	1.22386e+17	7.74343e+16	1.54869e+17	2.32303e+17	3.09737e+17	3.87172e+17	4.64606e+17	5.4204e+17	6.19475e+17	6.96909e+17	7.74343e+17	8.42588e+17	1.07481e+16	5.4782e+15	5.06114e+15	2.21477e+15	1.4013e+15	2.80261e+15	4.20391e+15	5.60521e+15	7.00651e+15	8.40782e+15	9.80912e+15	1.12104e+16	1.26117e+16	1.4013e+16	2.08867e+16	4.53946e+17	1.88226	1.57667	1.57667	1.57667	1.57667	1.57667	1.57667	1.57667	1.57667	1.57667	1.57667	1.57667	1.57667	1.35138	3.94448	
137563	6.87108e+17	2.79675e+17	1.22386e+17	7.74348e+16	1.5487e+17	2.32305e+17	3.09739e+17	3.87174e+17	4.64609e+17	5.42044e+17	6.19479e+17	6.96914e+17	7.74348e+17	8.42611e+17	1.07689e+16	5.47719e+15	5.06005e+15	2.21429e+15	1.401e+15	2.802e+15	4.203e+15	5.604e+15	7.005e+15	8.406e+15	9.807e+15	1.1208e+16	1.2609e+16	1.401e+16	2.08712e+16	4.53947e+17	1.88687	1.58274	1.58274	1.58274	1.58274	1.58274	1.58274	1.58274	1.58274	1.58274	1.58274	1.58274	1.58274	1.35521	3.93881	
137815	6.8711e+17	2.79676e+17	1.22387e+17	7.74353e+16	1.54871e+17	2.32306e+17	3.09741e+17	3.87177e+17	4.64612e+17	5.42047e+17	6.19483e+17	6.96918e+17	7.74353e+17	8.42633e+17	1.07901e+16	5.47618e+15	5.05896e+15	2.21382e+15	1.4007e+15	2.8014e+15	4.2021e+15	5.6028e+15	7.0035e+15	8.4042e+15	9.8049e+15	1.12056e+16	1.26063e+16	1.4007e+16	2.08565e+16	4.53947e+17	1.89144	1.58879	1.58879	1.58879	1.58879	1.58879	1.58879	1.58879	1.58879	1.58879	1.58879	1.58879	1.58879	1.35906	3.93305	
138067	6.87112e+17	2.79678e+17	1.22388e+17	7.74358e+16	1.54872e+17	2.32308e+17	3.09743e+17	3.87179e+17	4.64615e+17	5.42051e+17	6.19487e+17	6.96923e+17	7.74358e+17	8.42653e+17	1.08118e+16	5.47518e+15	5.05788e+15	2.21334e+15	1.4004e+15	2.8008e+15	4.2012e+15	5.6016e+15	7.002e+15	8.4024e+15	9.8028e+15	1.12032e+16	1.26036e+16	1.4004e+16	2.08427e+16	4.53947e+17	1.89598	1.59485	1.59485	1.59485	1.59485	1.59485	1.59485	1.59485	1.59485	1.59485	1.59485	1.59485	1.59485	1.36294	3.92718	
138318	6.87114e+17	2.7968e+17	1.22389e+17	7.74363e+16	1.54873e+17	2.32309e+17	3.09745e+17	3.87182e+17	4.64618e+17	5.42054e+17	6.19491e+17	6.96927e+17	7.74363e+17	8.42672e+17	1.08339e+16	5.47418e+15	5.0568e+15	2.21287e+15	1.4001e+15	2.8002e+15	4.2003e+15	5.60041e+15	7.00051e+15	8.40061e+15	9.80071e+15	1.12008e+16	1.26009e+16	1.4001e+16	2.08298e+16	4.53947e+17	1.90046	1.60089	1.60089	1.60089	1.60089	1.60089	1.60089	1.60089	1.60089	1.60089	1.60089	1.60089	1.60089	1.36683	3.92124	
138569	6.87116e+17	2.79682e+17	1.22389e+17	7.74368e+16	1.54874e+17	2.3231e+17	3.09747e+17	3.87184e+17	4.64621e+17	5.42058e+17	6.19495e+17	6.96931e+17	7.74364e+17	8.42686e+17	1.08564e+16	5.47318e+15	5.05573e+15	2.2124e+15	1.3998e+15	2.79961e+15	4.19941e+15	5.59922e+15	6.99902e+15	8.39883e+15	9.79863e+15	1.11984e+16	1.25982e+16	1.3998e+16	2.08176e+16	4.53947e+17	1.90491	1.60693	1.60693	1.60693	1.60693	1.60693	1.60693	1.60693	1.60693	1.60693	1.60693	1.60693	1.60693	1.37073	3.9152	
138820	6.87118e+17	2.79684e+17	1.2239e+17	7.74373e+16	1.54875e+17	2.32312e+17	3.09749e+17	3.87187e+17	4.64624e+17	5.42061e+17	6.19498e+17	6.96936e+17	7.74364e+17	8.42696e+17	1.08793e+16	5.47218e+15	5.05466e+15	2.21193e+15	1.39951e+15	2.79902e+15	4.19853e+15	5.59803e+15	6.99754e+15	8.39705e+15	9.79656e+15	1.11961e+16	1.25956e+16	1.39949e+16	2.08062e+16	4.53947e+17	1.90931	1.61296	1.61296	1.61296	1.61296	1.61296	1.61296	1.61296	1.61296	1.61296	1.61296	1.61296	1.61292	1.37463	3.90907	
139072	6.8712e+17	2.79685e+17	1.22391e+17	7.74378e+16	1.54876e+17	2.32313e+17	3.09751e+17	3.87189e+17	4.64627e+17	5.42065e+17	6.19502e+17	6.9694e+17	7.74364e+17	8.42706e+17	1.09027e+16	5.47118e+15	5.0536e+15	2.21147e+15	1.39921e+15	2.79843e+15	4.19764e+15	5.59686e+15	6.99607e+15	8.39529e+15	9.7945e+15	1.11937e+16	1.25929e+16	1.39919e+16	2.07958e+16	4.53946e+17	1.91369	1.61899	1.61899	1.61899	1.61899	1.61899	1.61899	1.61899	1.61899	1.61899	1.61899	1.61899	1.61889	1.37852	3.90286	
139323	6.87122e+17	2.79687e+17	1.22392e+17	7.74383e+16	1.54877e+17	2.32315e+17	3.09753e+17	3.87191e+17	4.6463e+17	5.42068e+17	6.19506e+17	6.96944e+17	7.74364e+17	8.42715e+17	1.09265e+16	5.47018e+15	5.05254e+15	2.211e+15	1.39892e+15	2.79784e+15	4.19676e+15	5.59568e+15	6.9946e+15	8.39353e+15	9.79245e+15	1.11914e+16	1.25903e+16	1.3989e+16	2.07863e+16	4.53946e+17	1.91802	1.62501	1.62501	1.62501	1.62501	1.62501	1.62501	1.62501	1.62501	1.62501	1.62501	1.62501	1.62483	1.3824	3.89655	
139574	6.87124e+17	2.79689e+17	1.22393e+17	7.74388e+16	1.54878e+17	2.32316e+17	3.09755e+17	3.87194e+17	4.64633e+17	5.42071e+17	6.1951e+17	6.96949e+17	7.74365e+17	8.42723e+17	1.09507e+16	5.46918e+15	5.05149e+15	2.21054e+15	1.39863e+15	2.79726e+15	4.19589e+15	5.59452e+15	6.99314e+15	8.39177e+15	9.7904e+15	1.1189e+16	1.25877e+16	1.3986e+16	2.07776e+16	4.53946e+17	1.92233	1.63101	1.63101	1.63101	1.63101	1.63101	1.63101	1.63101	1.63101	1.63101	1.63101	1.63101	1.63073	1.38627	3.89017	
139826	6.87126e+17	2.79691e+17	1.22393e+17	7.74392e+16	1.54878e+17	2.32318e+17	3.09757e+17	3.87196e+17	4.64635e+17	5.42075e+17	6.19514e+17	6.96953e+17	7.74365e+17	8.4273e+17	1.09754e+16	5.46819e+15	5.05043e+15	2.21008e+15	1.39834e+15	2.79668e+15	4.19501e+15	5.59335e+15	6.99169e+15	8.39003e+15	9.78836e+15	1.11867e+16	1.2585e+16	1.39831e+16	2.07697e+16	4.53946e+17	1.92661	1.63701	1.63701	1.63701	1.63701	1.63701	1.63701	1.63701	1.63701	1.63701	1.63701	1.63701	1.6366	1.39015	3.8837	
140076	6.87128e+17	2.79692e+17	1.22394e+17	7.74397e+16	1.54879e+17	2.32319e+17	3.09759e+17	3.87199e+17	4.64638e+17	5.42078e+17	6.19518e+17	6.96957e+17	7.74366e+17	8.42736e+17	1.10003e+16	5.4672e+15	5.04939e+15	2.20963e+15	1.39805e+15	2.7961e+15	4.19415e+15	5.59219e+15	6.99024e+15	8.38829e+15	9.78634e+15	1.11844e+16	1.25824e+16	1.39802e+16	2.07626e+16	4.53945e+17	1.93084	1.64298	1.64298	1.64298	1.64298	1.64298	1.64298	1.64298	1.64298	1.64298	1.64298	1.64298	1.64243	1.39401	3.87719	
140328	6.8713e+17	2.79694e+17	1.22395e+17	7.74402e+16	1.5488e+17	2.32321e+17	3.09761e+17	3.87201e+17	4.64641e+17	5.42081e+17	6.19521e+17	6.96962e+17	7.74367e+17	8.42741e+17	1.10256e+16	5.46621e+15	5.04835e+15	2.20917e+15	1.39776e+15	2.79552e+15	4.19328e+15	5.59104e+15	6.9888e+15	8.38656e+15	9.78432e+15	1.11821e+16	1.25798e+16	1.39773e+16	2.07563e+16	4.53945e+17	1.93506	1.64895	1.64895	1.64895	1.64895	1.64895	1.64895	1.64895	1.64895	1.64895	1.64895	1.64895	1.64824	1.39787	3.8706	
140579	6.87132e+17	2.79696e+17	1.22396e+17	7.74407e+16	1.54881e+17	2.32322e+17	3.09763e+17	3.87203e+17	4.64644e+17	5.42085e+17	6.19525e+17	6.96966e+17	7.74368e+17	8.42745e+17	1.10513e+16	5.46522e+15	5.04731e+15	2.20872e+15	1.39747e+15	2.79495e+15	4.19242e+15	5.58989e+15	6.98736e+15	8.38484e+15	9.78231e+15	1.11798e+16	1.25773e+16	1.39745e+16	2.07507e+16	4.53944e+17	1.93925	1.6549	1.6549	1.6549	1.6549	1.6549	1.6549	1.6549	1.6549	1.6549	1.6549	1.6549	1.65401	1.40173	3.86396	
140830	6.87134e+17	2.79697e+17	1.22396e+17	7.74411e+16	1.54882e+17	2.32323e+17	3.09765e+17	3.87206e+17	4.64647e+17	5.42088e+17	6.19529e+17	6.9697e+17	7.7437e+17	8.42748e+17	1.10773e+16	5.46423e+15	5.04628e+15	2.20826e+15	1.39719e+15	2.79437e+15	4.19156e+15	5.58874e+15	6.98593e+15	8.38312e+15	9.7803e+15	1.11775e+16	1.25747e+16	1.39716e+16	2.07459e+16	4.53944e+17	1.94341	1.66084	1.66084	1.66084	1.66084	1.66084	1.66084	1.66084	1.66084	1.66084	1.66084	1.66084	1.65976	1.40558	3.85727	
141081	6.87136e+17	2.79699e+17	1.22397e+17	7.74416e+16	1.54883e+17	2.32325e+17	3.09766e+17	3.87208e+17	4.6465e+17	5.42091e+17	6.19533e+17	6.96974e+17	7.74371e+17	8.4275e+17	1.11035e+16	5.46325e+15	5.04525e+15	2.20781e+15	1.3969e+15	2.7938e+15	4.1907e+15	5.5876e+15	6.9845e+15	8.38141e+15	9.77831e+15	1.11752e+16	1.25721e+16	1.39688e+16	2.07418e+16	4.53943e+17	1.94755	1.66676	1.66676	1.66676	1.66676	1.66676	1.66676	1.66676	1.66676	1.66676	1.66676	1.66676	1.66547	1.40943	3.85054	
141332	6.87137e+17	2.79701e+17	1.22398e+17	7.74421e+16	1.54884e+17	2.32326e+17	3.09768e+17	3.8721e+17	4.64652e+17	5.42095e+17	6.19537e+17	6.96979e+17	7.74372e+17	8.42751e+17	1.113e+16	5.46227e+15	5.04422e+15	2.20736e+15	1.39662e+15	2.79323e+15	4.18985e+15	5.58647e+15	6.98308e+15	8.3797e+15	9.77632e+15	1.11729e+16	1.25696e+16	1.3966e+16	2.07384e+16	4.53942e+17	1.95167	1.67266	1.67266	1.67266	1.67266	1.67266	1.67266	1.67266	1.67266	1.67266	1.67266	1.67266	1.67115	1.41328	3.84378	
141584	6.87139e+17	2.79702e+17	1.22399e+17	7.74425e+16	1.54885e+17	2.32328e+17	3.0977e+17	3.87213e+17	4.64655e+17	5.42098e+17	6.1954e+17	6.96983e+17	7.74374e+17	8.42751e+17	1.11568e+16	5.46128e+15	5.0432e+15	2.20692e+15	1.39633e+15	2.79267e+15	4.189e+15	5.58533e+15	6.98167e+15	8.378e+15	9.77433e+15	1.11707e+16	1.2567e+16	1.39633e+16	2.07357e+16	4.53942e+17	1.95578	1.67855	1.67855	1.67855	1.67855	1.67855	1.67855	1.67855	1.67855	1.67855	1.67855	1.67855	1.6768	1.41713	3.83697	
141834	6.87141e+17	2.79704e+17	1.22399e+17	7.7443e+16	1.54886e+17	2.32329e+17	3.09772e+17	3.87215e+17	4.64658e+17	5.42101e+17	6.19544e+17	6.96987e+17	7.74376e+17	8.42751e+17	1.11838e+16	5.46031e+15	5.04218e+15	2.20647e+15	1.39605e+15	2.7921e+15	4.18816e+15	5.58421e+15	6.98026e+15	8.37631e+15	9.77236e+15	1.11684e+16	1.25645e+16	1.39605e+16	2.07337e+16	4.53941e+17	1.95985	1.6844	1.6844	1.6844	1.6844	1.6844	1.6844	1.6844	1.6844	1.6844	1.6844	1.6844	1.68241	1.42097	3.83015	
142086	6.87143e+17	2.79706e+17	1.224e+17	7.74435e+16	1.54887e+17	2.3233e+17	3.09774e+17	3.87217e+17	4.64661e+17	5.42104e+17	6.19548e+17	6.96991e+17	7.74377e+17	8.42749e+17	1.12111e+16	5.45933e+15	5.04116e+15	2.20603e+15	1.39577e+15	2.79154e+15	4.18731e+15	5.58308e+15	6.97885e+15	8.37462e+15	9.77039e+15	1.11662e+16	1.25619e+16	1.39578e+16	2.07323e+16	4.5394e+17	1.96391	1.69024	1.69024	1.69024	1.69024	1.69024	1.69024	1.69024	1.69024	1.69024	1.69024	1.69024	1.68799	1.42481	3.8233	
142337	6.87145e+17	2.79707e+17	1.22401e+17	7.74439e+16	1.54888e+17	2.32332e+17	3.09776e+17	3.8722e+17	4.64664e+17	5.42108e+17	6.19551e+17	6.96995e+17	7.74379e+17	8.42746e+17	1.12386e+16	5.45835e+15	5.04015e+15	2.20558e+15	1.39549e+15	2.79098e+15	4.18647e+15	5.58196e+15	6.97745e+15	8.37294e+15	9.76843e+15	1.11639e+16	1.25594e+16	1.39551e+16	2.07316e+16	4.53939e+17	1.96796	1.69606	1.69606	1.69606	1.69606	1.69606	1.69606	1.69606	1.69606	1.69606	1.69606	1.69606	1.69354	1.42864	3.81643	
142588	6.87147e+17	2.79709e+17	1.22401e+17	7.74444e+16	1.54889e+17	2.32333e+17	3.09778e+17	3.87222e+17	4.64666e+17	5.42111e+17	6.19555e+17	6.97e+17	7.74381e+17	8.42743e+17	1.12663e+16	5.45738e+15	5.03914e+15	2.20514e+15	1.39521e+15	2.79042e+15	4.18563e+15	5.58085e+15	6.97606e+15	8.37127e+15	9.76648e+15	1.11617e+16	1.25569e+16	1.39524e+16	2.07315e+16	4.53938e+17	1.97199	1.70186	1.70186	1.70186	1.70186	1.70186	1.70186	1.70186	1.70186	1.70186	1.70186	1.70186	1.69906	1.43248	3.80954	
142839	6.87149e+17	2.79711e+17	1.22402e+17	7.74449e+16	1.5489e+17	2.32335e+17	3.09779e+17	3.87224e+17	4.64669e+17	5.42114e+17	6.19559e+17	6.97004e+17	7.74383e+17	8.42739e+17	1.12942e+16	5.45641e+15	5.03814e+15	2.2047e+15	1.39493e+15	2.78987e+15	4.1848e+15	5.57973e+15	6.97467e+15	8.3696e+15	9.76453e+15	1.11595e+16	1.25544e+16	1.39497e+16	2.07321e+16	4.53937e+17	1.97601	1.70763	1.70763	1.70763	1.70763	1.70763	1.70763	1.70763	1.70763	1.70763	1.70763	1.70763	1.70455	1.43631	3.80263	
143090	6.87151e+17	2.79712e+17	1.22403e+17	7.74453e+16	1.54891e+17	2.32336e+17	3.09781e+17	3.87227e+17	4.64672e+17	5.42117e+17	6.19562e+17	6.97008e+17	7.74385e+17	8.42734e+17	1.13223e+16	5.45544e+15	5.03714e+15	2.20426e+15	1.39466e+15	2.78931e+15	4.18397e+15	5.57862e+15	6.97328e+15	8.36794e+15	9.76259e+15	1.11572e+16	1.25519e+16	1.3947e+16	2.07332e+16	4.53936e+17	1.98001	1.71338	1.71338	1.71338	1.71338	1.71338	1.71338	1.71338	1.71338	1.71338	1.71338	1.71338	1.71	1.44014	3.7957	
143341	6.87153e+17	2.79714e+17	1.22404e+17	7.74458e+16	1.54892e+17	2.32337e+17	3.09783e+17	3.87229e+17	4.64675e+17	5.4212e+17	6.19566e+17	6.97012e+17	7.74387e+17	8.42728e+17	1.13506e+16	5.45447e+15	5.03614e+15	2.20383e+15	1.39438e+15	2.78876e+15	4.18314e+15	5.57752e+15	6.9719e+15	8.36628e+15	9.76066e+15	1.1155e+16	1.25494e+16	1.39443e+16	2.07349e+16	4.53935e+17	1.984	1.71911	1.71911	1.71911	1.71911	1.71911	1.71911	1.71911	1.71911	1.71911	1.71911	1.71911	1.71542	1.44398	3.78876	
143592	6.87155e+17	2.79716e+17	1.22404e+17	7.74462e+16	1.54892e+17	2.32339e+17	3.09785e+17	3.87231e+17	4.64677e+17	5.42124e+17	6.1957e+17	6.97016e+17	7.74389e+17	8.42721e+17	1.13791e+16	5.4535e+15	5.03514e+15	2.20339e+15	1.3941e+15	2.78821e+15	4.18231e+15	5.57642e+15	6.97052e+15	8.36463e+15	9.75873e+15	1.11528e+16	1.25469e+16	1.39417e+16	2.07372e+16	4.53935e+17	1.98798	1.7248	1.7248	1.7248	1.7248	1.7248	1.7248	1.7248	1.7248	1.7248	1.7248	1.7248	1.7208	1.4478	3.78181	
143843	6.87157e+17	2.79717e+17	1.22405e+17	7.74467e+16	1.54893e+17	2.3234e+17	3.09787e+17	3.87233e+17	4.6468e+17	5.42127e+17	6.19573e+17	6.9702e+17	7.74391e+17	8.42713e+17	1.14078e+16	5.45254e+15	5.03415e+15	2.20296e+15	1.39383e+15	2.78766e+15	4.18149e+15	5.57532e+15	6.96915e+15	8.36298e+15	9.75681e+15	1.11506e+16	1.25445e+16	1.39391e+16	2.07401e+16	4.53934e+17	1.99195	1.73047	1.73047	1.73047	1.73047	1.73047	1.73047	1.73047	1.73047	1.73047	1.73047	1.73047	1.72615	1.45162	3.77485	
144094	6.87159e+17	2.79719e+17	1.22406e+17	7.74471e+16	1.54894e+17	2.32341e+17	3.09788e+17	3.87236e+17	4.64683e+17	5.4213e+17	6.19577e+17	6.97024e+17	7.74393e+17	8.42705e+17	1.14367e+16	5.45157e+15	5.03316e+15	2.20253e+15	1.39356e+15	2.78711e+15	4.18067e+15	5.57422e+15	6.96778e+15	8.36134e+15	9.75489e+15	1.11484e+16	1.2542e+16	1.39365e+16	2.07435e+16	4.53933e+17	1.99591	1.73612	1.73612	1.73612	1.73612	1.73612	1.73612	1.73612	1.73612	1.73612	1.73612	1.73612	1.73147	1.45544	3.76787	
144346	6.8716e+17	2.79721e+17	1.22406e+17	7.74476e+16	1.54895e+17	2.32343e+17	3.0979e+17	3.87238e+17	4.64685e+17	5.42133e+17	6.19581e+17	6.97028e+17	7.74395e+17	8.42696e+17	1.14658e+16	5.45061e+15	5.03218e+15	2.20209e+15	1.39328e+15	2.78657e+15	4.17985e+15	5.57313e+15	6.96642e+15	8.3597e+15	9.75298e+15	1.11463e+16	1.25395e+16	1.39339e+16	2.07475e+16	4.53932e+17	1.99986	1.74173	1.74173	1.74173	1.74173	1.74173	1.74173	1.74173	1.74173	1.74173	1.74173	1.74173	1.73675	1.45926	3.76089	
144597	6.87162e+17	2.79722e+17	1.22407e+17	7.7448e+16	1.54896e+17	2.32344e+17	3.09792e+17	3.8724e+17	4.64688e+17	5.42136e+17	6.19584e+17	6.97032e+17	7.74397e+17	8.42686e+17	1.14951e+16	5.44965e+15	5.0312e+15	2.20166e+15	1.39301e+15	2.78602e+15	4.17903e+15	5.57204e+15	6.96505e+15	8.35807e+15	9.75108e+15	1.11441e+16	1.25371e+16	1.39313e+16	2.0752e+16	4.53931e+17	2.0038	1.74732	1.74732	1.74732	1.74732	1.74732	1.74732	1.74732	1.74732	1.74732	1.74732	1.74732	1.742	1.46308	3.75389	
144848	6.87164e+17	2.79724e+17	1.22408e+17	7.74485e+16	1.54897e+17	2.32345e+17	3.09794e+17	3.87242e+17	4.64691e+17	5.42139e+17	6.19588e+17	6.97036e+17	7.74399e+17	8.42675e+17	1.15246e+16	5.44869e+15	5.03022e+15	2.20124e+15	1.39274e+15	2.78548e+15	4.17822e+15	5.57096e+15	6.9637e+15	8.35644e+15	9.74918e+15	1.11419e+16	1.25347e+16	1.39287e+16	2.0757e+16	4.5393e+17	2.00774	1.75288	1.75288	1.75288	1.75288	1.75288	1.75288	1.75288	1.75288	1.75288	1.75288	1.75288	1.74722	1.46689	3.74688	
145100	6.87166e+17	2.79725e+17	1.22409e+17	7.74489e+16	1.54898e+17	2.32347e+17	3.09796e+17	3.87245e+17	4.64694e+17	5.42142e+17	6.19591e+17	6.9704e+17	7.74402e+17	8.42663e+17	1.15544e+16	5.44774e+15	5.02924e+15	2.20081e+15	1.39247e+15	2.78494e+15	4.17741e+15	5.56988e+15	6.96234e+15	8.35481e+15	9.74728e+15	1.11398e+16	1.25322e+16	1.39261e+16	2.07626e+16	4.53929e+17	2.01167	1.75841	1.75841	1.75841	1.75841	1.75841	1.75841	1.75841	1.75841	1.75841	1.75841	1.75841	1.7524	1.47071	3.73985	
145350	6.87168e+17	2.79727e+17	1.22409e+17	7.74494e+16	1.54899e+17	2.32348e+17	3.09797e+17	3.87247e+17	4.64696e+17	5.42146e+17	6.19595e+17	6.97044e+17	7.74404e+17	8.42651e+17	1.15842e+16	5.44679e+15	5.02827e+15	2.20038e+15	1.3922e+15	2.7844e+15	4.1766e+15	5.5688e+15	6.961e+15	8.3532e+15	9.7454e+15	1.11376e+16	1.25298e+16	1.39236e+16	2.07686e+16	4.53928e+17	2.01559	1.7639	1.7639	1.7639	1.7639	1.7639	1.7639	1.7639	1.7639	1.7639	1.7639	1.7639	1.75754	1.47452	3.73283	
145602	6.8717e+17	2.79729e+17	1.2241e+17	7.74498e+16	1.549e+17	2.32349e+17	3.09799e+17	3.87249e+17	4.64699e+17	5.42149e+17	6.19598e+17	6.97048e+17	7.74406e+17	8.42638e+17	1.16143e+16	5.44583e+15	5.02729e+15	2.19996e+15	1.39193e+15	2.78386e+15	4.17579e+15	5.56772e+15	6.95965e+15	8.35158e+15	9.74351e+15	1.11354e+16	1.25274e+16	1.39211e+16	2.07752e+16	4.53926e+17	2.0195	1.76937	1.76937	1.76937	1.76937	1.76937	1.76937	1.76937	1.76937	1.76937	1.76937	1.76937	1.76265	1.47832	3.72579	
145853	6.87172e+17	2.7973e+17	1.22411e+17	7.74503e+16	1.54901e+17	2.32351e+17	3.09801e+17	3.87251e+17	4.64702e+17	5.42152e+17	6.19602e+17	6.97052e+17	7.74409e+17	8.42625e+17	1.16446e+16	5.44488e+15	5.02632e+15	2.19953e+15	1.39166e+15	2.78332e+15	4.17499e+15	5.56665e+15	6.95831e+15	8.34997e+15	9.74164e+15	1.11333e+16	1.2525e+16	1.39185e+16	2.07822e+16	4.53925e+17	2.02341	1.77481	1.77481	1.77481	1.77481	1.77481	1.77481	1.77481	1.77481	1.77481	1.77481	1.77481	1.76773	1.48213	3.71874	
146104	6.87174e+17	2.79732e+17	1.22411e+17	7.74507e+16	1.54901e+17	2.32352e+17	3.09803e+17	3.87253e+17	4.64704e+17	5.42155e+17	6.19606e+17	6.97056e+17	7.74411e+17	8.4261e+17	1.16752e+16	5.44393e+15	5.02536e+15	2.19911e+15	1.39139e+15	2.78279e+15	4.17418e+15	5.56558e+15	6.95697e+15	8.34837e+15	9.73976e+15	1.11312e+16	1.25226e+16	1.3916e+16	2.07897e+16	4.53924e+17	2.02731	1.78021	1.78021	1.78021	1.78021	1.78021	1.78021	1.78021	1.78021	1.78021	1.78021	1.78021	1.77277	1.48593	3.71168	
146356	6.87175e+17	2.79733e+17	1.22412e+17	7.74511e+16	1.54902e+17	2.32353e+17	3.09805e+17	3.87256e+17	4.64707e+17	5.42158e+17	6.19609e+17	6.9706e+17	7.74413e+17	8.42595e+17	1.17059e+16	5.44299e+15	5.02439e+15	2.19869e+15	1.39113e+15	2.78226e+15	4.17338e+15	5.56451e+15	6.95564e+15	8.34677e+15	9.7379e+15	1.1129e+16	1.25202e+16	1.39135e+16	2.07977e+16	4.53923e+17	2.0312	1.78559	1.78559	1.78559	1.78559	1.78559	1.78559	1.78559	1.78559	1.78559	1.78559	1.78559	1.77778	1.48973	3.70461	
146607	6.87177e+17	2.79735e+17	1.22413e+17	7.74516e+16	1.54903e+17	2.32355e+17	3.09806e+17	3.87258e+17	4.64709e+17	5.42161e+17	6.19613e+17	6.97064e+17	7.74416e+17	8.4258e+17	1.17369e+16	5.44204e+15	5.02343e+15	2.19827e+15	1.39086e+15	2.78172e+15	4.17259e+15	5.56345e+15	6.95431e+15	8.34517e+15	9.73603e+15	1.11269e+16	1.25178e+16	1.39111e+16	2.08061e+16	4.53922e+17	2.03509	1.79092	1.79092	1.79092	1.79092	1.79092	1.79092	1.79092	1.79092	1.79092	1.79092	1.79092	1.78275	1.49353	3.69752	
146859	6.87179e+17	2.79737e+17	1.22413e+17	7.7452e+16	1.54904e+17	2.32356e+17	3.09808e+17	3.8726e+17	4.64712e+17	5.42164e+17	6.19616e+17	6.97068e+17	7.74418e+17	8.42563e+17	1.17681e+16	5.4411e+15	5.02247e+15	2.19785e+15	1.3906e+15	2.78119e+15	4.17179e+15	5.56238e+15	6.95298e+15	8.34358e+15	9.73417e+15	1.11248e+16	1.25154e+16	1.39086e+16	2.0815e+16	4.53921e+17	2.03897	1.79624	1.79624	1.79624	1.79624	1.79624	1.79624	1.79624	1.79624	1.79624	1.79624	1.79624	1.7877	1.49732	3.69042	
147110	6.87181e+17	2.79738e+17	1.22414e+17	7.74524e+16	1.54905e+17	2.32357e+17	3.0981e+17	3.87262e+17	4.64715e+17	5.42167e+17	6.1962e+17	6.97072e+17	7.74421e+17	8.42546e+17	1.17994e+16	5.44016e+15	5.02152e+15	2.19743e+15	1.39033e+15	2.78066e+15	4.171e+15	5.56133e+15	6.95166e+15	8.34199e+15	9.73232e+15	1.11227e+16	1.2513e+16	1.39061e+16	2.08243e+16	4.5392e+17	2.04284	1.80151	1.80151	1.80151	1.80151	1.80151	1.80151	1.80151	1.80151	1.80151	1.80151	1.80151	1.7926	1.50111	3.68333	
147361	6.87183e+17	2.7974e+17	1.22415e+17	7.74529e+16	1.54906e+17	2.32359e+17	3.09812e+17	3.87264e+17	4.64717e+17	5.4217e+17	6.19623e+17	6.97076e+17	7.74423e+17	8.42529e+17	1.1831e+16	5.43922e+15	5.02057e+15	2.19701e+15	1.39007e+15	2.78014e+15	4.1702e+15	5.56027e+15	6.95034e+15	8.34041e+15	9.73047e+15	1.11205e+16	1.25106e+16	1.39037e+16	2.0834e+16	4.53919e+17	2.0467	1.80675	1.80675	1.80675	1.80675	1.80675	1.80675	1.80675	1.80675	1.80675	1.80675	1.80675	1.79747	1.5049	3.67621	
147612	6.87185e+17	2.79741e+17	1.22416e+17	7.74533e+16	1.54907e+17	2.3236e+17	3.09813e+17	3.87267e+17	4.6472e+17	5.42173e+17	6.19627e+17	6.9708e+17	7.74425e+17	8.4251e+17	1.18629e+16	5.43828e+15	5.01961e+15	2.1966e+15	1.3898e+15	2.77961e+15	4.16941e+15	5.55922e+15	6.94902e+15	8.33883e+15	9.72863e+15	1.11184e+16	1.25082e+16	1.39013e+16	2.08442e+16	4.53918e+17	2.05056	1.81196	1.81196	1.81196	1.81196	1.81196	1.81196	1.81196	1.81196	1.81196	1.81196	1.81196	1.8023	1.50868	3.66908	
147864	6.87186e+17	2.79743e+17	1.22416e+17	7.74538e+16	1.54908e+17	2.32361e+17	3.09815e+17	3.87269e+17	4.64723e+17	5.42176e+17	6.1963e+17	6.97084e+17	7.74428e+17	8.42491e+17	1.18949e+16	5.43734e+15	5.01866e+15	2.19618e+15	1.38954e+15	2.77908e+15	4.16862e+15	5.55817e+15	6.94771e+15	8.33725e+15	9.72679e+15	1.11163e+16	1.25059e+16	1.38989e+16	2.08548e+16	4.53917e+17	2.05441	1.81714	1.81714	1.81714	1.81714	1.81714	1.81714	1.81714	1.81714	1.81714	1.81714	1.81714	1.80711	1.51246	3.66194	
148115	6.87188e+17	2.79745e+17	1.22417e+17	7.74542e+16	1.54908e+17	2.32363e+17	3.09817e+17	3.87271e+17	4.64725e+17	5.42179e+17	6.19633e+17	6.97088e+17	7.7443e+17	8.42472e+17	1.19272e+16	5.43641e+15	5.01772e+15	2.19577e+15	1.38928e+15	2.77856e+15	4.16784e+15	5.55712e+15	6.9464e+15	8.33567e+15	9.72495e+15	1.11142e+16	1.25035e+16	1.38965e+16	2.08658e+16	4.53916e+17	2.05824	1.82229	1.82229	1.82229	1.82229	1.82229	1.82229	1.82229	1.82229	1.82229	1.82229	1.82229	1.81188	1.51623	3.65479	
148367	6.8719e+17	2.79746e+17	1.22418e+17	7.74546e+16	1.54909e+17	2.32364e+17	3.09818e+17	3.87273e+17	4.64728e+17	5.42182e+17	6.19637e+17	6.97092e+17	7.74432e+17	8.42452e+17	1.19598e+16	5.43548e+15	5.01677e+15	2.19535e+15	1.38902e+15	2.77804e+15	4.16705e+15	5.55607e+15	6.94509e+15	8.33411e+15	9.72312e+15	1.11121e+16	1.25012e+16	1.38941e+16	2.08771e+16	4.53915e+17	2.06207	1.8274	1.8274	1.8274	1.8274	1.8274	1.8274	1.8274	1.8274	1.8274	1.8274	1.8274	1.81661	1.52	3.64763	
148619	6.87192e+17	2.79748e+17	1.22418e+17	7.7455e+16	1.5491e+17	2.32365e+17	3.0982e+17	3.87275e+17	4.6473e+17	5.42185e+17	6.1964e+17	6.97095e+17	7.74435e+17	8.42431e+17	1.19926e+16	5.43454e+15	5.01583e+15	2.19494e+15	1.38876e+15	2.77751e+15	4.16627e+15	5.55502e+15	6.94378e+15	8.33254e+15	9.72129e+15	1.111e+16	1.24988e+16	1.38918e+16	2.08889e+16	4.53914e+17	2.06589	1.83249	1.83249	1.83249	1.83249	1.83249	1.83249	1.83249	1.83249	1.83249	1.83249	1.83249	1.82132	1.52378	3.64044	
148870	6.87194e+17	2.79749e+17	1.22419e+17	7.74555e+16	1.54911e+17	2.32366e+17	3.09822e+17	3.87277e+17	4.64733e+17	5.42188e+17	6.19644e+17	6.97099e+17	7.74437e+17	8.4241e+17	1.20255e+16	5.43362e+15	5.01489e+15	2.19453e+15	1.3885e+15	2.77699e+15	4.16549e+15	5.55398e+15	6.94248e+15	8.33098e+15	9.71947e+15	1.1108e+16	1.24965e+16	1.38895e+16	2.09011e+16	4.53912e+17	2.06969	1.83753	1.83753	1.83753	1.83753	1.83753	1.83753	1.83753	1.83753	1.83753	1.83753	1.83753	1.82598	1.52753	3.63326	
149121	6.87196e+17	2.79751e+17	1.2242e+17	7.74559e+16	1.54912e+17	2.32368e+17	3.09824e+17	3.8728e+17	4.64735e+17	5.42191e+17	6.19647e+17	6.97103e+17	7.74439e+17	8.42388e+17	1.20588e+16	5.43269e+15	5.01395e+15	2.19412e+15	1.38824e+15	2.77647e+15	4.16471e+15	5.55295e+15	6.94118e+15	8.32942e+15	9.71765e+15	1.11059e+16	1.24941e+16	1.38872e+16	2.09136e+16	4.53911e+17	2.07348	1.84255	1.84255	1.84255	1.84255	1.84255	1.84255	1.84255	1.84255	1.84255	1.84255	1.84255	1.83062	1.53129	3.62606	
149373	6.87197e+17	2.79752e+17	1.2242e+17	7.74563e+16	1.54913e+17	2.32369e+17	3.09825e+17	3.87282e+17	4.64738e+17	5.42194e+17	6.19651e+17	6.97107e+17	7.74442e+17	8.42365e+17	1.20923e+16	5.43176e+15	5.01301e+15	2.19371e+15	1.38798e+15	2.77595e+15	4.16393e+15	5.55191e+15	6.93989e+15	8.32786e+15	9.71584e+15	1.11038e+16	1.24918e+16	1.3885e+16	2.09265e+16	4.5391e+17	2.07726	1.84753	1.84753	1.84753	1.84753	1.84753	1.84753	1.84753	1.84753	1.84753	1.84753	1.84753	1.83522	1.53504	3.61885	
149625	6.87199e+17	2.79754e+17	1.22421e+17	7.74568e+16	1.54914e+17	2.3237e+17	3.09827e+17	3.87284e+17	4.64741e+17	5.42197e+17	6.19654e+17	6.97111e+17	7.74444e+17	8.42342e+17	1.2126e+16	5.43084e+15	5.01208e+15	2.1933e+15	1.38772e+15	2.77544e+15	4.16316e+15	5.55087e+15	6.93859e+15	8.32631e+15	9.71403e+15	1.11017e+16	1.24895e+16	1.38828e+16	2.09397e+16	4.53909e+17	2.08103	1.85248	1.85248	1.85248	1.85248	1.85248	1.85248	1.85248	1.85248	1.85248	1.85248	1.85248	1.83979	1.53879	3.61163	
149876	6.87201e+17	2.79755e+17	1.22422e+17	7.74572e+16	1.54914e+17	2.32372e+17	3.09829e+17	3.87286e+17	4.64743e+17	5.422e+17	6.19658e+17	6.97115e+17	7.74446e+17	8.42319e+17	1.216e+16	5.42992e+15	5.01115e+15	2.19289e+15	1.38746e+15	2.77492e+15	4.16238e+15	5.54984e+15	6.9373e+15	8.32476e+15	9.71222e+15	1.10997e+16	1.24871e+16	1.38806e+16	2.09533e+16	4.53908e+17	2.08479	1.8574	1.8574	1.8574	1.8574	1.8574	1.8574	1.8574	1.8574	1.8574	1.8574	1.8574	1.84433	1.54253	3.6044	
150128	6.87203e+17	2.79757e+17	1.22422e+17	7.74576e+16	1.54915e+17	2.32373e+17	3.0983e+17	3.87288e+17	4.64746e+17	5.42203e+17	6.19661e+17	6.97119e+17	7.74448e+17	8.42295e+17	1.21942e+16	5.429e+15	5.01022e+15	2.19248e+15	1.3872e+15	2.77441e+15	4.16161e+15	5.54881e+15	6.93601e+15	8.32322e+15	9.71042e+15	1.10976e+16	1.24848e+16	1.38785e+16	2.09673e+16	4.53907e+17	2.08853	1.86229	1.86229	1.86229	1.86229	1.86229	1.86229	1.86229	1.86229	1.86229	1.86229	1.86229	1.84883	1.54627	3.59715	
150380	6.87205e+17	2.79758e+17	1.22423e+17	7.7458e+16	1.54916e+17	2.32374e+17	3.09832e+17	3.8729e+17	4.64748e+17	5.42206e+17	6.19664e+17	6.97122e+17	7.7445e+17	8.4227e+17	1.22288e+16	5.42808e+15	5.00929e+15	2.19208e+15	1.38695e+15	2.77389e+15	4.16084e+15	5.54778e+15	6.93473e+15	8.32167e+15	9.70862e+15	1.10956e+16	1.24825e+16	1.38764e+16	2.09816e+16	4.53905e+17	2.09226	1.86716	1.86716	1.86716	1.86716	1.86716	1.86716	1.86716	1.86716	1.86716	1.86716	1.86716	1.85331	1.55001	3.58988	
150631	6.87206e+17	2.7976e+17	1.22424e+17	7.74585e+16	1.54917e+17	2.32375e+17	3.09834e+17	3.87292e+17	4.64751e+17	5.42209e+17	6.19668e+17	6.97126e+17	7.74452e+17	8.42245e+17	1.22635e+16	5.42717e+15	5.00836e+15	2.19167e+15	1.38669e+15	2.77338e+15	4.16007e+15	5.54676e+15	6.93345e+15	8.32014e+15	9.70682e+15	1.10935e+16	1.24802e+16	1.38745e+16	2.09962e+16	4.53904e+17	2.09597	1.87198	1.87198	1.87198	1.87198	1.87198	1.87198	1.87198	1.87198	1.87198	1.87198	1.87198	1.85775	1.55373	3.58263	
150883	6.87208e+17	2.79761e+17	1.22424e+17	7.74589e+16	1.54918e+17	2.32377e+17	3.09836e+17	3.87294e+17	4.64753e+17	5.42212e+17	6.19671e+17	6.9713e+17	7.74454e+17	8.4222e+17	1.22985e+16	5.42625e+15	5.00744e+15	2.19127e+15	1.38643e+15	2.77287e+15	4.1593e+15	5.54573e+15	6.93217e+15	8.3186e+15	9.70503e+15	1.10915e+16	1.24779e+16	1.38725e+16	2.10112e+16	4.53903e+17	2.09966	1.87678	1.87678	1.87678	1.87678	1.87678	1.87678	1.87678	1.87678	1.87678	1.87678	1.87678	1.86216	1.55745	3.57534	
151135	6.8721e+17	2.79763e+17	1.22425e+17	7.74593e+16	1.54919e+17	2.32378e+17	3.09837e+17	3.87297e+17	4.64756e+17	5.42215e+17	6.19674e+17	6.97134e+17	7.74456e+17	8.42194e+17	1.23337e+16	5.42534e+15	5.00652e+15	2.19086e+15	1.38618e+15	2.77236e+15	4.15853e+15	5.54471e+15	6.93089e+15	8.31707e+15	9.70324e+15	1.10894e+16	1.24756e+16	1.38707e+16	2.10264e+16	4.53902e+17	2.10335	1.88154	1.88154	1.88154	1.88154	1.88154	1.88154	1.88154	1.88154	1.88154	1.88154	1.88154	1.86655	1.56116	3.56805	
151387	6.87212e+17	2.79765e+17	1.22426e+17	7.74597e+16	1.54919e+17	2.32379e+17	3.09839e+17	3.87299e+17	4.64758e+17	5.42218e+17	6.19678e+17	6.97138e+17	7.74457e+17	8.42167e+17	1.23693e+16	5.42443e+15	5.0056e+15	2.19046e+15	1.38592e+15	2.77185e+15	4.15777e+15	5.54369e+15	6.92961e+15	8.31554e+15	9.70146e+15	1.10874e+16	1.24733e+16	1.38689e+16	2.1042e+16	4.53901e+17	2.10701	1.88628	1.88628	1.88628	1.88628	1.88628	1.88628	1.88628	1.88628	1.88628	1.88628	1.88628	1.8709	1.56487	3.56075	
151638	6.87214e+17	2.79766e+17	1.22426e+17	7.74601e+16	1.5492e+17	2.3238e+17	3.09841e+17	3.87301e+17	4.64761e+17	5.42221e+17	6.19681e+17	6.97141e+17	7.74459e+17	8.4214e+17	1.24051e+16	5.42352e+15	5.00468e+15	2.19006e+15	1.38567e+15	2.77134e+15	4.15701e+15	5.54267e+15	6.92834e+15	8.31401e+15	9.69968e+15	1.10853e+16	1.2471e+16	1.38672e+16	2.10579e+16	4.53899e+17	2.11067	1.89099	1.89099	1.89099	1.89099	1.89099	1.89099	1.89099	1.89099	1.89099	1.89099	1.89099	1.87522	1.56857	3.55343	
151890	6.87215e+17	2.79768e+17	1.22427e+17	7.74606e+16	1.54921e+17	2.32382e+17	3.09842e+17	3.87303e+17	4.64763e+17	5.42224e+17	6.19685e+17	6.97145e+17	7.7446e+17	8.42113e+17	1.24411e+16	5.42262e+15	5.00376e+15	2.18966e+15	1.38541e+15	2.77083e+15	4.15624e+15	5.54166e+15	6.92707e+15	8.31249e+15	9.6979e+15	1.10833e+16	1.24687e+16	1.38657e+16	2.10741e+16	4.53898e+17	2.1143	1.89567	1.89567	1.89567	1.89567	1.89567	1.89567	1.89567	1.89567	1.89567	1.89567	1.89567	1.87952	1.57226	3.54611	
152142	6.87217e+17	2.79769e+17	1.22428e+17	7.7461e+16	1.54922e+17	2.32383e+17	3.09844e+17	3.87305e+17	4.64766e+17	5.42227e+17	6.19688e+17	6.97149e+17	7.74461e+17	8.42085e+17	1.24775e+16	5.42171e+15	5.00284e+15	2.18926e+15	1.38516e+15	2.77032e+15	4.15548e+15	5.54064e+15	6.9258e+15	8.31096e+15	9.69613e+15	1.10813e+16	1.24664e+16	1.38642e+16	2.10905e+16	4.53897e+17	2.11793	1.90033	1.90033	1.90033	1.90033	1.90033	1.90033	1.90033	1.90033	1.90033	1.90033	1.90033	1.88379	1.57596	3.53877	
152394	6.87219e+17	2.79771e+17	1.22428e+17	7.74614e+16	1.54923e+17	2.32384e+17	3.09846e+17	3.87307e+17	4.64768e+17	5.4223e+17	6.19691e+17	6.97153e+17	7.74462e+17	8.42057e+17	1.2514e+16	5.42081e+15	5.00193e+15	2.18886e+15	1.38491e+15	2.76982e+15	4.15472e+15	5.53963e+15	6.92454e+15	8.30945e+15	9.69436e+15	1.10793e+16	1.24642e+16	1.38628e+16	2.11073e+16	4.53895e+17	2.12153	1.90495	1.90495	1.90495	1.90495	1.90495	1.90495	1.90495	1.90495	1.90495	1.90495	1.90495	1.88802	1.57963	3.53143	
152646	6.87221e+17	2.79772e+17	1.22429e+17	7.74618e+16	1.54924e+17	2.32385e+17	3.09847e+17	3.87309e+17	4.64771e+17	5.42233e+17	6.19695e+17	6.97156e+17	7.74463e+17	8.42028e+17	1.25509e+16	5.41991e+15	5.00102e+15	2.18846e+15	1.38466e+15	2.76931e+15	4.15397e+15	5.53862e+15	6.92328e+15	8.30793e+15	9.69259e+15	1.10772e+16	1.24619e+16	1.38616e+16	2.11243e+16	4.53894e+17	2.12512	1.90955	1.90955	1.90955	1.90955	1.90955	1.90955	1.90955	1.90955	1.90955	1.90955	1.90955	1.89223	1.5833	3.52407	
152898	6.87222e+17	2.79774e+17	1.2243e+17	7.74622e+16	1.54924e+17	2.32387e+17	3.09849e+17	3.87311e+17	4.64773e+17	5.42236e+17	6.19698e+17	6.9716e+17	7.74464e+17	8.41999e+17	1.2588e+16	5.41902e+15	5.00011e+15	2.18806e+15	1.3844e+15	2.76881e+15	4.15321e+15	5.53762e+15	6.92202e+15	8.30642e+15	9.69083e+15	1.10752e+16	1.24596e+16	1.38605e+16	2.11416e+16	4.53893e+17	2.12869	1.91412	1.91412	1.91412	1.91412	1.91412	1.91412	1.91412	1.91412	1.91412	1.91412	1.91412	1.89641	1.58697	3.51671	
153150	6.87224e+17	2.79775e+17	1.2243e+17	7.74626e+16	1.54925e+17	2.32388e+17	3.09851e+17	3.87313e+17	4.64776e+17	5.42239e+17	6.19701e+17	6.97164e+17	7.74464e+17	8.41969e+17	1.26255e+16	5.41812e+15	4.9992e+15	2.18766e+15	1.38415e+15	2.76831e+15	4.15246e+15	5.53661e+15	6.92076e+15	8.30492e+15	9.68907e+15	1.10732e+16	1.24574e+16	1.38596e+16	2.11592e+16	4.53891e+17	2.13226	1.91866	1.91866	1.91866	1.91866	1.91866	1.91866	1.91866	1.91866	1.91866	1.91866	1.91866	1.90057	1.59062	3.50933	
153402	6.87226e+17	2.79777e+17	1.22431e+17	7.74631e+16	1.54926e+17	2.32389e+17	3.09852e+17	3.87315e+17	4.64778e+17	5.42241e+17	6.19704e+17	6.97168e+17	7.74464e+17	8.41939e+17	1.26632e+16	5.41723e+15	4.99829e+15	2.18727e+15	1.3839e+15	2.7678e+15	4.1517e+15	5.53561e+15	6.91951e+15	8.30341e+15	9.68731e+15	1.10712e+16	1.24551e+16	1.38588e+16	2.1177e+16	4.5389e+17	2.1358	1.92318	1.92318	1.92318	1.92318	1.92318	1.92318	1.92318	1.92318	1.92318	1.92318	1.92318	1.9047	1.59427	3.50195	
153654	6.87228e+17	2.79778e+17	1.22432e+17	7.74635e+16	1.54927e+17	2.3239e+17	3.09854e+17	3.87317e+17	4.64781e+17	5.42244e+17	6.19708e+17	6.97171e+17	7.74464e+17	8.41909e+17	1.27011e+16	5.41634e+15	4.99739e+15	2.18687e+15	1.38365e+15	2.7673e+15	4.15095e+15	5.5346e+15	6.91826e+15	8.30191e+15	9.68556e+15	1.10692e+16	1.24529e+16	1.38582e+16	2.11951e+16	4.53889e+17	2.13933	1.92768	1.92768	1.92768	1.92768	1.92768	1.92768	1.92768	1.92768	1.92768	1.92768	1.92768	1.9088	1.59791	3.49455	
153906	6.87229e+17	2.7978e+17	1.22432e+17	7.74639e+16	1.54928e+17	2.32392e+17	3.09856e+17	3.87319e+17	4.64783e+17	5.42247e+17	6.19711e+17	6.97175e+17	7.74464e+17	8.41878e+17	1.27394e+16	5.41545e+15	4.99649e+15	2.18648e+15	1.3834e+15	2.7668e+15	4.1502e+15	5.5336e+15	6.917e+15	8.3004e+15	9.6838e+15	1.10672e+16	1.24506e+16	1.38578e+16	2.12135e+16	4.53887e+17	2.14285	1.93215	1.93215	1.93215	1.93215	1.93215	1.93215	1.93215	1.93215	1.93215	1.93215	1.93215	1.91289	1.60155	3.48714	
154158	6.87231e+17	2.79781e+17	1.22433e+17	7.74643e+16	1.54929e+17	2.32393e+17	3.09857e+17	3.87321e+17	4.64786e+17	5.4225e+17	6.19714e+17	6.97179e+17	7.74463e+17	8.41847e+17	1.27779e+16	5.41457e+15	4.99559e+15	2.18608e+15	1.38315e+15	2.7663e+15	4.14945e+15	5.53261e+15	6.91576e+15	8.29891e+15	9.68206e+15	1.10652e+16	1.24484e+16	1.38575e+16	2.1232e+16	4.53886e+17	2.14635	1.93659	1.93659	1.93659	1.93659	1.93659	1.93659	1.93659	1.93659	1.93659	1.93659	1.93659	1.91693	1.60517	3.47974	
154410	6.87233e+17	2.79783e+17	1.22434e+17	7.74647e+16	1.54929e+17	2.32394e+17	3.09859e+17	3.87324e+17	4.64788e+17	5.42253e+17	6.19718e+17	6.97182e+17	7.74462e+17	8.41815e+17	1.28167e+16	5.41368e+15	4.99469e+15	2.18569e+15	1.3829e+15	2.7658e+15	4.14871e+15	5.53161e+15	6.91451e+15	8.29741e+15	9.68032e+15	1.10632e+16	1.24461e+16	1.38575e+16	2.12509e+16	4.53885e+17	2.14984	1.94101	1.94101	1.94101	1.94101	1.94101	1.94101	1.94101	1.94101	1.94101	1.94101	1.94101	1.92096	1.60879	3.47231	
154662	6.87235e+17	2.79784e+17	1.22434e+17	7.74651e+16	1.5493e+17	2.32395e+17	3.0986e+17	3.87326e+17	4.64791e+17	5.42256e+17	6.19721e+17	6.97186e+17	7.74461e+17	8.41783e+17	1.28558e+16	5.4128e+15	4.99379e+15	2.18529e+15	1.38265e+15	2.76531e+15	4.14796e+15	5.53062e+15	6.91327e+15	8.29592e+15	9.67858e+15	1.10612e+16	1.24439e+16	1.38577e+16	2.12699e+16	4.53883e+17	2.15331	1.94541	1.94541	1.94541	1.94541	1.94541	1.94541	1.94541	1.94541	1.94541	1.94541	1.94541	1.92497	1.61239	3.46489	
154914	6.87236e+17	2.79785e+17	1.22435e+17	7.74655e+16	1.54931e+17	2.32397e+17	3.09862e+17	3.87328e+17	4.64793e+17	5.42259e+17	6.19724e+17	6.9719e+17	7.74459e+17	8.41751e+17	1.28952e+16	5.41192e+15	4.99289e+15	2.1849e+15	1.38241e+15	2.76481e+15	4.14722e+15	5.52962e+15	6.91203e+15	8.29444e+15	9.67684e+15	1.10592e+16	1.24417e+16	1.38581e+16	2.12892e+16	4.53882e+17	2.15678	1.94978	1.94978	1.94978	1.94978	1.94978	1.94978	1.94978	1.94978	1.94978	1.94978	1.94978	1.92895	1.61599	3.45745	
155167	6.87238e+17	2.79787e+17	1.22435e+17	7.74659e+16	1.54932e+17	2.32398e+17	3.09864e+17	3.8733e+17	4.64796e+17	5.42262e+17	6.19727e+17	6.97193e+17	7.74457e+17	8.41718e+17	1.29349e+16	5.41105e+15	4.992e+15	2.18451e+15	1.38216e+15	2.76432e+15	4.14647e+15	5.52863e+15	6.91079e+15	8.29295e+15	9.67511e+15	1.10573e+16	1.24394e+16	1.38588e+16	2.13087e+16	4.5388e+17	2.16022	1.95414	1.95414	1.95414	1.95414	1.95414	1.95414	1.95414	1.95414	1.95414	1.95414	1.95414	1.93291	1.61958	3.45	
155419	6.8724e+17	2.79788e+17	1.22436e+17	7.74663e+16	1.54933e+17	2.32399e+17	3.09865e+17	3.87332e+17	4.64798e+17	5.42264e+17	6.19731e+17	6.97197e+17	7.74454e+17	8.41685e+17	1.29749e+16	5.41017e+15	4.99111e+15	2.18412e+15	1.38191e+15	2.76382e+15	4.14573e+15	5.52764e+15	6.90956e+15	8.29147e+15	9.67338e+15	1.10553e+16	1.24372e+16	1.38597e+16	2.13285e+16	4.53879e+17	2.16366	1.95847	1.95847	1.95847	1.95847	1.95847	1.95847	1.95847	1.95847	1.95847	1.95847	1.95847	1.93684	1.62316	3.44255	
155671	6.87241e+17	2.7979e+17	1.22437e+17	7.74668e+16	1.54934e+17	2.324e+17	3.09867e+17	3.87334e+17	4.64801e+17	5.42267e+17	6.19734e+17	6.97201e+17	7.74451e+17	8.41652e+17	1.30152e+16	5.4093e+15	4.99021e+15	2.18373e+15	1.38166e+15	2.76333e+15	4.14499e+15	5.52666e+15	6.90832e+15	8.28998e+15	9.67165e+15	1.10533e+16	1.2435e+16	1.38609e+16	2.13485e+16	4.53877e+17	2.16709	1.96278	1.96278	1.96278	1.96278	1.96278	1.96278	1.96278	1.96278	1.96278	1.96278	1.96278	1.94076	1.62673	3.43508	
155923	6.87243e+17	2.79791e+17	1.22437e+17	7.74672e+16	1.54934e+17	2.32401e+17	3.09869e+17	3.87336e+17	4.64803e+17	5.4227e+17	6.19737e+17	6.97204e+17	7.74448e+17	8.41618e+17	1.30557e+16	5.40843e+15	4.98933e+15	2.18334e+15	1.38142e+15	2.76284e+15	4.14425e+15	5.52567e+15	6.90709e+15	8.28851e+15	9.66993e+15	1.10513e+16	1.24328e+16	1.38624e+16	2.13686e+16	4.53876e+17	2.17049	1.96706	1.96706	1.96706	1.96706	1.96706	1.96706	1.96706	1.96706	1.96706	1.96706	1.96706	1.94465	1.63029	3.42763	
156176	6.87245e+17	2.79793e+17	1.22438e+17	7.74676e+16	1.54935e+17	2.32403e+17	3.0987e+17	3.87338e+17	4.64805e+17	5.42273e+17	6.1974e+17	6.97208e+17	7.74444e+17	8.41584e+17	1.30965e+16	5.40757e+15	4.98844e+15	2.18295e+15	1.38117e+15	2.76234e+15	4.14352e+15	5.52469e+15	6.90586e+15	8.28703e+15	9.66821e+15	1.10494e+16	1.24306e+16	1.38641e+16	2.1389e+16	4.53874e+17	2.17389	1.97133	1.97133	1.97133	1.97133	1.97133	1.97133	1.97133	1.97133	1.97133	1.97133	1.97133	1.94852	1.63384	3.42015	
156428	6.87247e+17	2.79794e+17	1.22439e+17	7.7468e+16	1.54936e+17	2.32404e+17	3.09872e+17	3.8734e+17	4.64808e+17	5.42276e+17	6.19744e+17	6.97212e+17	7.7444e+17	8.4155e+17	1.31377e+16	5.4067e+15	4.98755e+15	2.18257e+15	1.38093e+15	2.76185e+15	4.14278e+15	5.52371e+15	6.90464e+15	8.28556e+15	9.66649e+15	1.10474e+16	1.24283e+16	1.38661e+16	2.14095e+16	4.53873e+17	2.17728	1.97557	1.97557	1.97557	1.97557	1.97557	1.97557	1.97557	1.97557	1.97557	1.97557	1.97557	1.95237	1.63738	3.41268	
156680	6.87248e+17	2.79796e+17	1.22439e+17	7.74684e+16	1.54937e+17	2.32405e+17	3.09873e+17	3.87342e+17	4.6481e+17	5.42279e+17	6.19747e+17	6.97215e+17	7.74435e+17	8.41516e+17	1.31791e+16	5.40584e+15	4.98667e+15	2.18218e+15	1.38068e+15	2.76136e+15	4.14205e+15	5.52273e+15	6.90341e+15	8.28409e+15	9.66478e+15	1.10455e+16	1.24261e+16	1.38685e+16	2.14303e+16	4.53871e+17	2.18066	1.9798	1.9798	1.9798	1.9798	1.9798	1.9798	1.9798	1.9798	1.9798	1.9798	1.9798	1.9562	1.64091	3.40519	
156933	6.8725e+17	2.79797e+17	1.2244e+17	7.74688e+16	1.54938e+17	2.32406e+17	3.09875e+17	3.87344e+17	4.64813e+17	5.42281e+17	6.1975e+17	6.97219e+17	7.7443e+17	8.41481e+17	1.32209e+16	5.40498e+15	4.98579e+15	2.18179e+15	1.38044e+15	2.76088e+15	4.14131e+15	5.52175e+15	6.90219e+15	8.28263e+15	9.66307e+15	1.10435e+16	1.24239e+16	1.38712e+16	2.14513e+16	4.5387e+17	2.18403	1.984	1.984	1.984	1.984	1.984	1.984	1.984	1.984	1.984	1.984	1.984	1.96001	1.64443	3.3977	
157185	6.87252e+17	2.79799e+17	1.22441e+17	7.74692e+16	1.54938e+17	2.32408e+17	3.09877e+17	3.87346e+17	4.64815e+17	5.42284e+17	6.19753e+17	6.97223e+17	7.74424e+17	8.41446e+17	1.32629e+16	5.40412e+15	4.9849e+15	2.18141e+15	1.38019e+15	2.76039e+15	4.14058e+15	5.52078e+15	6.90097e+15	8.28117e+15	9.66136e+15	1.10416e+16	1.24217e+16	1.38741e+16	2.14724e+16	4.53868e+17	2.18738	1.98819	1.98819	1.98819	1.98819	1.98819	1.98819	1.98819	1.98819	1.98819	1.98819	1.98819	1.9638	1.64794	3.39021	
157438	6.87253e+17	2.798e+17	1.22441e+17	7.74696e+16	1.54939e+17	2.32409e+17	3.09878e+17	3.87348e+17	4.64817e+17	5.42287e+17	6.19757e+17	6.97226e+17	7.74418e+17	8.4141e+17	1.33053e+16	5.40327e+15	4.98402e+15	2.18102e+15	1.37995e+15	2.7599e+15	4.13985e+15	5.5198e+15	6.89975e+15	8.2797e+15	9.65965e+15	1.10396e+16	1.24196e+16	1.38775e+16	2.14938e+16	4.53866e+17	2.19073	1.99236	1.99236	1.99236	1.99236	1.99236	1.99236	1.99236	1.99236	1.99236	1.99236	1.99236	1.96757	1.65144	3.38269	
157690	6.87255e+17	2.79802e+17	1.22442e+17	7.747e+16	1.5494e+17	2.3241e+17	3.0988e+17	3.8735e+17	4.6482e+17	5.4229e+17	6.1976e+17	6.9723e+17	7.74411e+17	8.41374e+17	1.33479e+16	5.40242e+15	4.98315e+15	2.18064e+15	1.37971e+15	2.75942e+15	4.13912e+15	5.51883e+15	6.89854e+15	8.27825e+15	9.65796e+15	1.10377e+16	1.24174e+16	1.38811e+16	2.15153e+16	4.53865e+17	2.19406	1.9965	1.9965	1.9965	1.9965	1.9965	1.9965	1.9965	1.9965	1.9965	1.9965	1.9965	1.97132	1.65493	3.3752	
157943	6.87257e+17	2.79803e+17	1.22443e+17	7.74704e+16	1.54941e+17	2.32411e+17	3.09882e+17	3.87352e+17	4.64822e+17	5.42293e+17	6.19763e+17	6.97233e+17	7.74404e+17	8.41338e+17	1.33908e+16	5.40157e+15	4.98227e+15	2.18026e+15	1.37947e+15	2.75893e+15	4.1384e+15	5.51786e+15	6.89733e+15	8.27679e+15	9.65626e+15	1.10357e+16	1.24152e+16	1.38851e+16	2.1537e+16	4.53863e+17	2.19739	2.00063	2.00063	2.00063	2.00063	2.00063	2.00063	2.00063	2.00063	2.00063	2.00063	2.00063	1.97505	1.6584	3.36769	
158195	6.87258e+17	2.79804e+17	1.22443e+17	7.74708e+16	1.54942e+17	2.32412e+17	3.09883e+17	3.87354e+17	4.64825e+17	5.42295e+17	6.19766e+17	6.97237e+17	7.74396e+17	8.41302e+17	1.34341e+16	5.40072e+15	4.9814e+15	2.17987e+15	1.37922e+15	2.75845e+15	4.13767e+15	5.51689e+15	6.89612e+15	8.27534e+15	9.65456e+15	1.10338e+16	1.2413e+16	1.38895e+16	2.15588e+16	4.53862e+17	2.2007	2.00474	2.00474	2.00474	2.00474	2.00474	2.00474	2.00474	2.00474	2.00474	2.00474	2.00474	1.97877	1.66187	3.36018	
158448	6.8726e+17	2.79806e+17	1.22444e+17	7.74712e+16	1.54942e+17	2.32414e+17	3.09885e+17	3.87356e+17	4.64827e+17	5.42298e+17	6.19769e+17	6.97241e+17	7.74388e+17	8.41265e+17	1.34777e+16	5.39988e+15	4.98053e+15	2.17949e+15	1.37898e+15	2.75796e+15	4.13695e+15	5.51593e+15	6.89491e+15	8.27389e+15	9.65287e+15	1.10319e+16	1.24108e+16	1.38942e+16	2.15809e+16	4.5386e+17	2.20401	2.00884	2.00884	2.00884	2.00884	2.00884	2.00884	2.00884	2.00884	2.00884	2.00884	2.00884	1.98247	1.66533	3.35266	
158700	6.87262e+17	2.79807e+17	1.22444e+17	7.74716e+16	1.54943e+17	2.32415e+17	3.09886e+17	3.87358e+17	4.64829e+17	5.42301e+17	6.19773e+17	6.97244e+17	7.74379e+17	8.41229e+17	1.35215e+16	5.39904e+15	4.97966e+15	2.17911e+15	1.37874e+15	2.75748e+15	4.13622e+15	5.51496e+15	6.8937e+15	8.27245e+15	9.65119e+15	1.10299e+16	1.24087e+16	1.38994e+16	2.16031e+16	4.53858e+17	2.20731	2.01291	2.01291	2.01291	2.01291	2.01291	2.01291	2.01291	2.01291	2.01291	2.01291	2.01291	1.98615	1.66877	3.34514	
158953	6.87263e+17	2.79809e+17	1.22445e+17	7.7472e+16	1.54944e+17	2.32416e+17	3.09888e+17	3.8736e+17	4.64832e+17	5.42304e+17	6.19776e+17	6.97248e+17	7.74369e+17	8.41192e+17	1.35657e+16	5.3982e+15	4.97879e+15	2.17873e+15	1.3785e+15	2.757e+15	4.1355e+15	5.514e+15	6.8925e+15	8.271e+15	9.6495e+15	1.1028e+16	1.24065e+16	1.39048e+16	2.16255e+16	4.53856e+17	2.21059	2.01697	2.01697	2.01697	2.01697	2.01697	2.01697	2.01697	2.01697	2.01697	2.01697	2.01697	1.98981	1.6722	3.33762	
159206	6.87265e+17	2.7981e+17	1.22446e+17	7.74724e+16	1.54945e+17	2.32417e+17	3.09889e+17	3.87362e+17	4.64834e+17	5.42307e+17	6.19779e+17	6.97251e+17	7.74359e+17	8.41154e+17	1.36103e+16	5.39736e+15	4.97792e+15	2.17835e+15	1.37826e+15	2.75652e+15	4.13478e+15	5.51304e+15	6.8913e+15	8.26956e+15	9.64782e+15	1.10261e+16	1.24043e+16	1.39107e+16	2.16481e+16	4.53855e+17	2.21388	2.02102	2.02102	2.02102	2.02102	2.02102	2.02102	2.02102	2.02102	2.02102	2.02102	2.02102	1.99346	1.67563	3.33008	
159458	6.87266e+17	2.79812e+17	1.22446e+17	7.74728e+16	1.54946e+17	2.32418e+17	3.09891e+17	3.87364e+17	4.64837e+17	5.42309e+17	6.19782e+17	6.97255e+17	7.74348e+17	8.41117e+17	1.3655e+16	5.39653e+15	4.97706e+15	2.17797e+15	1.37802e+15	2.75604e+15	4.13406e+15	5.51208e+15	6.8901e+15	8.26812e+15	9.64615e+15	1.10242e+16	1.24022e+16	1.39169e+16	2.16708e+16	4.53853e+17	2.21715	2.02503	2.02503	2.02503	2.02503	2.02503	2.02503	2.02503	2.02503	2.02503	2.02503	2.02503	1.99709	1.67904	3.32257	
159711	6.87268e+17	2.79813e+17	1.22447e+17	7.74732e+16	1.54946e+17	2.32419e+17	3.09893e+17	3.87366e+17	4.64839e+17	5.42312e+17	6.19785e+17	6.97258e+17	7.74336e+17	8.41079e+17	1.37002e+16	5.39569e+15	4.97619e+15	2.17759e+15	1.37778e+15	2.75556e+15	4.13334e+15	5.51113e+15	6.88891e+15	8.26669e+15	9.64447e+15	1.10223e+16	1.24e+16	1.39235e+16	2.16937e+16	4.53851e+17	2.22041	2.02904	2.02904	2.02904	2.02904	2.02904	2.02904	2.02904	2.02904	2.02904	2.02904	2.02904	2.00071	1.68244	3.31503	
159963	6.8727e+17	2.79814e+17	1.22448e+17	7.74735e+16	1.54947e+17	2.32421e+17	3.09894e+17	3.87368e+17	4.64841e+17	5.42315e+17	6.19788e+17	6.97262e+17	7.74324e+17	8.41041e+17	1.37456e+16	5.39486e+15	4.97533e+15	2.17722e+15	1.37754e+15	2.75509e+15	4.13263e+15	5.51017e+15	6.88772e+15	8.26526e+15	9.6428e+15	1.10203e+16	1.23979e+16	1.39305e+16	2.17167e+16	4.53849e+17	2.22367	2.03303	2.03303	2.03303	2.03303	2.03303	2.03303	2.03303	2.03303	2.03303	2.03303	2.03303	2.0043	1.68582	3.3075	
160216	6.87271e+17	2.79816e+17	1.22448e+17	7.74739e+16	1.54948e+17	2.32422e+17	3.09896e+17	3.8737e+17	4.64844e+17	5.42318e+17	6.19791e+17	6.97265e+17	7.74312e+17	8.41002e+17	1.37913e+16	5.39404e+15	4.97447e+15	2.17684e+15	1.3773e+15	2.75461e+15	4.13191e+15	5.50922e+15	6.88652e+15	8.26383e+15	9.64113e+15	1.10184e+16	1.23957e+16	1.39379e+16	2.17399e+16	4.53848e+17	2.22692	2.037	2.037	2.037	2.037	2.037	2.037	2.037	2.037	2.037	2.037	2.037	2.00789	1.6892	3.29997	
160469	6.87273e+17	2.79817e+17	1.22449e+17	7.74743e+16	1.54949e+17	2.32423e+17	3.09897e+17	3.87372e+17	4.64846e+17	5.4232e+17	6.19795e+17	6.97269e+17	7.74299e+17	8.40964e+17	1.38374e+16	5.39321e+15	4.97361e+15	2.17647e+15	1.37707e+15	2.75413e+15	4.1312e+15	5.50827e+15	6.88534e+15	8.2624e+15	9.63947e+15	1.10165e+16	1.23936e+16	1.39457e+16	2.17632e+16	4.53846e+17	2.23016	2.04096	2.04096	2.04096	2.04096	2.04096	2.04096	2.04096	2.04096	2.04096	2.04096	2.04096	2.01146	1.69256	3.29243	
160722	6.87275e+17	2.79819e+17	1.22449e+17	7.74747e+16	1.54949e+17	2.32424e+17	3.09899e+17	3.87374e+17	4.64848e+17	5.42323e+17	6.19798e+17	6.97272e+17	7.74285e+17	8.40925e+17	1.38838e+16	5.39239e+15	4.97275e+15	2.17609e+15	1.37683e+15	2.75366e+15	4.13049e+15	5.50732e+15	6.88415e+15	8.26098e+15	9.63781e+15	1.10146e+16	1.23915e+16	1.39538e+16	2.17867e+16	4.53844e+17	2.23339	2.04491	2.04491	2.04491	2.04491	2.04491	2.04491	2.04491	2.04491	2.04491	2.04491	2.04491	2.01501	1.69591	3.2849	
160975	6.87276e+17	2.7982e+17	1.2245e+17	7.74751e+16	1.5495e+17	2.32425e+17	3.099e+17	3.87376e+17	4.64851e+17	5.42326e+17	6.19801e+17	6.97276e+17	7.7427e+17	8.40886e+17	1.39306e+16	5.39157e+15	4.9719e+15	2.17572e+15	1.37659e+15	2.75319e+15	4.12978e+15	5.50637e+15	6.88297e+15	8.25956e+15	9.63615e+15	1.10127e+16	1.23893e+16	1.39624e+16	2.18104e+16	4.53842e+17	2.23662	2.04884	2.04884	2.04884	2.04884	2.04884	2.04884	2.04884	2.04884	2.04884	2.04884	2.04884	2.01856	1.69926	3.27735	
161227	6.87278e+17	2.79821e+17	1.22451e+17	7.74755e+16	1.54951e+17	2.32426e+17	3.09902e+17	3.87377e+17	4.64853e+17	5.42328e+17	6.19804e+17	6.97279e+17	7.74255e+17	8.40846e+17	1.39776e+16	5.39076e+15	4.97105e+15	2.17534e+15	1.37636e+15	2.75271e+15	4.12907e+15	5.50543e+15	6.88179e+15	8.25814e+15	9.6345e+15	1.10109e+16	1.23872e+16	1.39713e+16	2.18342e+16	4.5384e+17	2.23983	2.05274	2.05274	2.05274	2.05274	2.05274	2.05274	2.05274	2.05274	2.05274	2.05274	2.05274	2.02208	1.70258	3.26983	
161477	6.87279e+17	2.79823e+17	1.22451e+17	7.74759e+16	1.54952e+17	2.32428e+17	3.09904e+17	3.87379e+17	4.64855e+17	5.42331e+17	6.19807e+17	6.97283e+17	7.7424e+17	8.40807e+17	1.40244e+16	5.38995e+15	4.97021e+15	2.17498e+15	1.37612e+15	2.75225e+15	4.12837e+15	5.5045e+15	6.88062e+15	8.25675e+15	9.63287e+15	1.1009e+16	1.23851e+16	1.39805e+16	2.18578e+16	4.53838e+17	2.24301	2.05659	2.05659	2.05659	2.05659	2.05659	2.05659	2.05659	2.05659	2.05659	2.05659	2.05659	2.02555	1.70586	3.26238	
161730	6.87281e+17	2.79824e+17	1.22452e+17	7.74763e+16	1.54953e+17	2.32429e+17	3.09905e+17	3.87381e+17	4.64858e+17	5.42334e+17	6.1981e+17	6.97286e+17	7.74223e+17	8.40768e+17	1.40721e+16	5.38914e+15	4.96936e+15	2.1746e+15	1.37589e+15	2.75178e+15	4.12767e+15	5.50356e+15	6.87945e+15	8.25534e+15	9.63122e+15	1.10071e+16	1.2383e+16	1.39901e+16	2.18819e+16	4.53836e+17	2.24622	2.06047	2.06047	2.06047	2.06047	2.06047	2.06047	2.06047	2.06047	2.06047	2.06047	2.06047	2.02905	1.70917	3.25484	
161983	6.87282e+17	2.79826e+17	1.22452e+17	7.74767e+16	1.54953e+17	2.3243e+17	3.09907e+17	3.87383e+17	4.6486e+17	5.42337e+17	6.19813e+17	6.9729e+17	7.74207e+17	8.40728e+17	1.412e+16	5.38833e+15	4.96851e+15	2.17423e+15	1.37566e+15	2.75131e+15	4.12697e+15	5.50262e+15	6.87828e+15	8.25393e+15	9.62959e+15	1.10052e+16	1.23809e+16	1.40001e+16	2.19061e+16	4.53834e+17	2.24941	2.06433	2.06433	2.06433	2.06433	2.06433	2.06433	2.06433	2.06433	2.06433	2.06433	2.06433	2.03253	1.71245	3.24733	
162233	6.87284e+17	2.79827e+17	1.22453e+17	7.7477e+16	1.54954e+17	2.32431e+17	3.09908e+17	3.87385e+17	4.64862e+17	5.42339e+17	6.19816e+17	6.97293e+17	7.7419e+17	8.40688e+17	1.41678e+16	5.38754e+15	4.96767e+15	2.17387e+15	1.37542e+15	2.75085e+15	4.12627e+15	5.50169e+15	6.87712e+15	8.25254e+15	9.62797e+15	1.10034e+16	1.23788e+16	1.40104e+16	2.19302e+16	4.53832e+17	2.25257	2.06814	2.06814	2.06814	2.06814	2.06814	2.06814	2.06814	2.06814	2.06814	2.06814	2.06814	2.03596	1.71569	3.23988	
162486	6.87286e+17	2.79828e+17	1.22454e+17	7.74774e+16	1.54955e+17	2.32432e+17	3.0991e+17	3.87387e+17	4.64865e+17	5.42342e+17	6.19819e+17	6.97297e+17	7.74172e+17	8.40648e+17	1.42164e+16	5.38673e+15	4.96683e+15	2.1735e+15	1.37519e+15	2.75038e+15	4.12557e+15	5.50076e+15	6.87595e+15	8.25114e+15	9.62633e+15	1.10015e+16	1.23767e+16	1.40211e+16	2.19547e+16	4.5383e+17	2.25575	2.07197	2.07197	2.07197	2.07197	2.07197	2.07197	2.07197	2.07197	2.07197	2.07197	2.07197	2.03942	1.71896	3.23236	
162739	6.87287e+17	2.7983e+17	1.22454e+17	7.74778e+16	1.54956e+17	2.32433e+17	3.09911e+17	3.87389e+17	4.64867e+17	5.42345e+17	6.19822e+17	6.973e+17	7.74153e+17	8.40607e+17	1.42654e+16	5.38593e+15	4.96599e+15	2.17313e+15	1.37496e+15	2.74991e+15	4.12487e+15	5.49983e+15	6.87479e+15	8.24974e+15	9.6247e+15	1.09997e+16	1.23746e+16	1.40322e+16	2.19794e+16	4.53828e+17	2.25893	2.07579	2.07579	2.07579	2.07579	2.07579	2.07579	2.07579	2.07579	2.07579	2.07579	2.07579	2.04287	1.72221	3.22483	
162989	6.87289e+17	2.79831e+17	1.22455e+17	7.74782e+16	1.54956e+17	2.32435e+17	3.09913e+17	3.87391e+17	4.64869e+17	5.42347e+17	6.19825e+17	6.97304e+17	7.74134e+17	8.40566e+17	1.43141e+16	5.38514e+15	4.96516e+15	2.17277e+15	1.37473e+15	2.74945e+15	4.12418e+15	5.49891e+15	6.87364e+15	8.24836e+15	9.62309e+15	1.09978e+16	1.23725e+16	1.40436e+16	2.20039e+16	4.53826e+17	2.26207	2.07955	2.07955	2.07955	2.07955	2.07955	2.07955	2.07955	2.07955	2.07955	2.07955	2.07955	2.04626	1.72542	3.21739	
163242	6.8729e+17	2.79833e+17	1.22455e+17	7.74786e+16	1.54957e+17	2.32436e+17	3.09914e+17	3.87393e+17	4.64871e+17	5.4235e+17	6.19829e+17	6.97307e+17	7.74115e+17	8.40525e+17	1.43637e+16	5.38435e+15	4.96432e+15	2.1724e+15	1.3745e+15	2.74899e+15	4.12349e+15	5.49798e+15	6.87248e+15	8.24697e+15	9.62147e+15	1.0996e+16	1.23705e+16	1.40553e+16	2.20288e+16	4.53824e+17	2.26523	2.08334	2.08334	2.08334	2.08334	2.08334	2.08334	2.08334	2.08334	2.08334	2.08334	2.08334	2.04968	1.72864	3.20987	
163494	6.87292e+17	2.79834e+17	1.22456e+17	7.74789e+16	1.54958e+17	2.32437e+17	3.09916e+17	3.87395e+17	4.64874e+17	5.42353e+17	6.19832e+17	6.97311e+17	7.74095e+17	8.40484e+17	1.44137e+16	5.38355e+15	4.96349e+15	2.17203e+15	1.37426e+15	2.74853e+15	4.12279e+15	5.49706e+15	6.87132e+15	8.24559e+15	9.61985e+15	1.09941e+16	1.23684e+16	1.40674e+16	2.20539e+16	4.53822e+17	2.26839	2.08711	2.08711	2.08711	2.08711	2.08711	2.08711	2.08711	2.08711	2.08711	2.08711	2.08711	2.05309	1.73186	3.20236	
163744	6.87293e+17	2.79835e+17	1.22457e+17	7.74793e+16	1.54959e+17	2.32438e+17	3.09917e+17	3.87397e+17	4.64876e+17	5.42355e+17	6.19835e+17	6.97314e+17	7.74074e+17	8.40443e+17	1.44634e+16	5.38277e+15	4.96266e+15	2.17167e+15	1.37404e+15	2.74807e+15	4.12211e+15	5.49614e+15	6.87018e+15	8.24422e+15	9.61825e+15	1.09923e+16	1.23663e+16	1.40797e+16	2.20788e+16	4.5382e+17	2.2715	2.09083	2.09083	2.09083	2.09083	2.09083	2.09083	2.09083	2.09083	2.09083	2.09083	2.09083	2.05645	1.73503	3.19493	
163998	6.87295e+17	2.79837e+17	1.22457e+17	7.74797e+16	1.54959e+17	2.32439e+17	3.09919e+17	3.87399e+17	4.64878e+17	5.42358e+17	6.19838e+17	6.97317e+17	7.74053e+17	8.40401e+17	1.4514e+16	5.38198e+15	4.96183e+15	2.17131e+15	1.37381e+15	2.74761e+15	4.12142e+15	5.49522e+15	6.86903e+15	8.24283e+15	9.61664e+15	1.09904e+16	1.23642e+16	1.40925e+16	2.21042e+16	4.53818e+17	2.27465	2.09458	2.09458	2.09458	2.09458	2.09458	2.09458	2.09458	2.09458	2.09458	2.09458	2.09458	2.05984	1.73822	3.18741	
164248	6.87296e+17	2.79838e+17	1.22458e+17	7.74801e+16	1.5496e+17	2.3244e+17	3.0992e+17	3.874e+17	4.6488e+17	5.42361e+17	6.19841e+17	6.97321e+17	7.74032e+17	8.4036e+17	1.45645e+16	5.38121e+15	4.96101e+15	2.17095e+15	1.37358e+15	2.74716e+15	4.12073e+15	5.49431e+15	6.86789e+15	8.24147e+15	9.61505e+15	1.09886e+16	1.23622e+16	1.41054e+16	2.21294e+16	4.53816e+17	2.27776	2.09827	2.09827	2.09827	2.09827	2.09827	2.09827	2.09827	2.09827	2.09827	2.09827	2.09827	2.06318	1.74136	3.17999	
164501	6.87298e+17	2.79839e+17	1.22458e+17	7.74805e+16	1.54961e+17	2.32441e+17	3.09922e+17	3.87402e+17	4.64883e+17	5.42363e+17	6.19844e+17	6.97324e+17	7.7401e+17	8.40317e+17	1.46158e+16	5.38042e+15	4.96018e+15	2.17059e+15	1.37335e+15	2.7467e+15	4.12005e+15	5.49339e+15	6.86674e+15	8.24009e+15	9.61344e+15	1.09868e+16	1.23601e+16	1.41188e+16	2.21551e+16	4.53814e+17	2.2809	2.102	2.102	2.102	2.102	2.102	2.102	2.102	2.102	2.102	2.102	2.102	2.06654	1.74453	3.17248	
164754	6.87299e+17	2.79841e+17	1.22459e+17	7.74808e+16	1.54962e+17	2.32442e+17	3.09923e+17	3.87404e+17	4.64885e+17	5.42366e+17	6.19847e+17	6.97327e+17	7.73988e+17	8.40275e+17	1.46673e+16	5.37964e+15	4.95936e+15	2.17023e+15	1.37312e+15	2.74624e+15	4.11936e+15	5.49248e+15	6.8656e+15	8.23872e+15	9.61184e+15	1.0985e+16	1.23581e+16	1.41324e+16	2.21808e+16	4.53811e+17	2.28403	2.1057	2.1057	2.1057	2.1057	2.1057	2.1057	2.1057	2.1057	2.1057	2.1057	2.1057	2.06989	1.74768	3.16499	
165004	6.87301e+17	2.79842e+17	1.2246e+17	7.74812e+16	1.54962e+17	2.32444e+17	3.09925e+17	3.87406e+17	4.64887e+17	5.42368e+17	6.1985e+17	6.97331e+17	7.73965e+17	8.40233e+17	1.47187e+16	5.37887e+15	4.95854e+15	2.16987e+15	1.37289e+15	2.74579e+15	4.11868e+15	5.49158e+15	6.86447e+15	8.23737e+15	9.61026e+15	1.09832e+16	1.23561e+16	1.41461e+16	2.22065e+16	4.53809e+17	2.28712	2.10935	2.10935	2.10935	2.10935	2.10935	2.10935	2.10935	2.10935	2.10935	2.10935	2.10935	2.07319	1.75078	3.15759	
165257	6.87303e+17	2.79843e+17	1.2246e+17	7.74816e+16	1.54963e+17	2.32445e+17	3.09926e+17	3.87408e+17	4.64889e+17	5.42371e+17	6.19853e+17	6.97334e+17	7.73942e+17	8.4019e+17	1.47711e+16	5.3781e+15	4.95772e+15	2.16951e+15	1.37267e+15	2.74533e+15	4.118e+15	5.49067e+15	6.86334e+15	8.236e+15	9.60867e+15	1.09813e+16	1.2354e+16	1.41603e+16	2.22326e+16	4.53807e+17	2.29024	2.11303	2.11303	2.11303	2.11303	2.11303	2.11303	2.11303	2.11303	2.11303	2.11303	2.11303	2.07653	1.75391	3.15009	
165508	6.87304e+17	2.79845e+17	1.22461e+17	7.74819e+16	1.54964e+17	2.32446e+17	3.09928e+17	3.8741e+17	4.64892e+17	5.42374e+17	6.19856e+17	6.97338e+17	7.73918e+17	8.40147e+17	1.48232e+16	5.37733e+15	4.95691e+15	2.16916e+15	1.37244e+15	2.74489e+15	4.11733e+15	5.48977e+15	6.86221e+15	8.23466e+15	9.6071e+15	1.09795e+16	1.2352e+16	1.41745e+16	2.22585e+16	4.53805e+17	2.29332	2.11666	2.11666	2.11666	2.11666	2.11666	2.11666	2.11666	2.11666	2.11666	2.11666	2.11666	2.07981	1.757	3.14269	
165761	6.87306e+17	2.79846e+17	1.22461e+17	7.74823e+16	1.54965e+17	2.32447e+17	3.09929e+17	3.87412e+17	4.64894e+17	5.42376e+17	6.19859e+17	6.97341e+17	7.73894e+17	8.40104e+17	1.48762e+16	5.37656e+15	4.95609e+15	2.1688e+15	1.37222e+15	2.74443e+15	4.11665e+15	5.48886e+15	6.86108e+15	8.23329e+15	9.60551e+15	1.09777e+16	1.23499e+16	1.41892e+16	2.22849e+16	4.53802e+17	2.29643	2.12031	2.12031	2.12031	2.12031	2.12031	2.12031	2.12031	2.12031	2.12031	2.12031	2.12031	2.08312	1.7601	3.1352	
166014	6.87307e+17	2.79847e+17	1.22462e+17	7.74827e+16	1.54965e+17	2.32448e+17	3.09931e+17	3.87413e+17	4.64896e+17	5.42379e+17	6.19862e+17	6.97344e+17	7.7387e+17	8.40061e+17	1.49295e+16	5.37579e+15	4.95527e+15	2.16844e+15	1.37199e+15	2.74398e+15	4.11597e+15	5.48796e+15	6.85995e+15	8.23194e+15	9.60393e+15	1.09759e+16	1.23479e+16	1.42041e+16	2.23113e+16	4.538e+17	2.29953	2.12395	2.12395	2.12395	2.12395	2.12395	2.12395	2.12395	2.12395	2.12395	2.12395	2.12395	2.08642	1.76319	3.12773	
166264	6.87309e+17	2.79849e+17	1.22463e+17	7.74831e+16	1.54966e+17	2.32449e+17	3.09932e+17	3.87415e+17	4.64898e+17	5.42381e+17	6.19864e+17	6.97348e+17	7.73845e+17	8.40017e+17	1.49826e+16	5.37504e+15	4.95447e+15	2.16809e+15	1.37177e+15	2.74353e+15	4.1153e+15	5.48707e+15	6.85884e+15	8.2306e+15	9.60237e+15	1.09741e+16	1.23459e+16	1.4219e+16	2.23377e+16	4.53798e+17	2.30259	2.12753	2.12753	2.12753	2.12753	2.12753	2.12753	2.12753	2.12753	2.12753	2.12753	2.12753	2.08967	1.76623	3.12036	
166514	6.8731e+17	2.7985e+17	1.22463e+17	7.74834e+16	1.54967e+17	2.3245e+17	3.09934e+17	3.87417e+17	4.64901e+17	5.42384e+17	6.19867e+17	6.97351e+17	7.7382e+17	8.39974e+17	1.5036e+16	5.37428e+15	4.95367e+15	2.16774e+15	1.37155e+15	2.74309e+15	4.11464e+15	5.48618e+15	6.85773e+15	8.22927e+15	9.60082e+15	1.09724e+16	1.23439e+16	1.42342e+16	2.23641e+16	4.53795e+17	2.30565	2.13111	2.13111	2.13111	2.13111	2.13111	2.13111	2.13111	2.13111	2.13111	2.13111	2.13111	2.09291	1.76926	3.11299	
166764	6.87311e+17	2.79851e+17	1.22464e+17	7.74838e+16	1.54968e+17	2.32451e+17	3.09935e+17	3.87419e+17	4.64903e+17	5.42387e+17	6.1987e+17	6.97354e+17	7.73795e+17	8.3993e+17	1.50897e+16	5.37353e+15	4.95287e+15	2.16739e+15	1.37132e+15	2.74265e+15	4.11397e+15	5.48529e+15	6.85662e+15	8.22794e+15	9.59927e+15	1.09706e+16	1.23419e+16	1.42495e+16	2.23907e+16	4.53793e+17	2.3087	2.13467	2.13467	2.13467	2.13467	2.13467	2.13467	2.13467	2.13467	2.13467	2.13467	2.13467	2.09615	1.77228	3.10563	
167015	6.87313e+17	2.79853e+17	1.22464e+17	7.74842e+16	1.54968e+17	2.32452e+17	3.09937e+17	3.87421e+17	4.64905e+17	5.42389e+17	6.19873e+17	6.97357e+17	7.7377e+17	8.39886e+17	1.51437e+16	5.37278e+15	4.95207e+15	2.16704e+15	1.3711e+15	2.74221e+15	4.11331e+15	5.48441e+15	6.85551e+15	8.22662e+15	9.59772e+15	1.09688e+16	1.23399e+16	1.4265e+16	2.24175e+16	4.53791e+17	2.31174	2.13821	2.13821	2.13821	2.13821	2.13821	2.13821	2.13821	2.13821	2.13821	2.13821	2.13821	2.09937	1.77528	3.09828	
167265	6.87314e+17	2.79854e+17	1.22465e+17	7.74845e+16	1.54969e+17	2.32454e+17	3.09938e+17	3.87423e+17	4.64907e+17	5.42392e+17	6.19876e+17	6.97361e+17	7.73744e+17	8.39842e+17	1.51981e+16	5.37203e+15	4.95127e+15	2.16669e+15	1.37088e+15	2.74176e+15	4.11265e+15	5.48353e+15	6.85441e+15	8.22529e+15	9.59618e+15	1.09671e+16	1.23379e+16	1.42808e+16	2.24444e+16	4.53788e+17	2.31478	2.14175	2.14175	2.14175	2.14175	2.14175	2.14175	2.14175	2.14175	2.14175	2.14175	2.14175	2.10258	1.77827	3.09092	
167515	6.87316e+17	2.79855e+17	1.22465e+17	7.74849e+16	1.5497e+17	2.32455e+17	3.0994e+17	3.87424e+17	4.64909e+17	5.42394e+17	6.19879e+17	6.97364e+17	7.73718e+17	8.39798e+17	1.52529e+16	5.37129e+15	4.95048e+15	2.16634e+15	1.37066e+15	2.74132e+15	4.11199e+15	5.48265e+15	6.85331e+15	8.22397e+15	9.59464e+15	1.09653e+16	1.2336e+16	1.42966e+16	2.24714e+16	4.53786e+17	2.31782	2.14527	2.14527	2.14527	2.14527	2.14527	2.14527	2.14527	2.14527	2.14527	2.14527	2.14527	2.10578	1.78125	3.08358	
167765	6.87317e+17	2.79857e+17	1.22466e+17	7.74852e+16	1.5497e+17	2.32456e+17	3.09941e+17	3.87426e+17	4.64911e+17	5.42397e+17	6.19882e+17	6.97367e+17	7.73692e+17	8.39753e+17	1.5308e+16	5.37055e+15	4.94969e+15	2.166e+15	1.37044e+15	2.74089e+15	4.11133e+15	5.48177e+15	6.85222e+15	8.22266e+15	9.5931e+15	1.09635e+16	1.2334e+16	1.43127e+16	2.24986e+16	4.53783e+17	2.32085	2.14878	2.14878	2.14878	2.14878	2.14878	2.14878	2.14878	2.14878	2.14878	2.14878	2.14878	2.10898	1.78422	3.07625	
168016	6.87319e+17	2.79858e+17	1.22467e+17	7.74856e+16	1.54971e+17	2.32457e+17	3.09942e+17	3.87428e+17	4.64914e+17	5.42399e+17	6.19885e+17	6.9737e+17	7.73665e+17	8.39708e+17	1.53635e+16	5.36981e+15	4.9489e+15	2.16565e+15	1.37022e+15	2.74045e+15	4.11067e+15	5.4809e+15	6.85112e+15	8.22135e+15	9.59157e+15	1.09618e+16	1.2332e+16	1.43288e+16	2.25259e+16	4.53781e+17	2.32388	2.15229	2.15229	2.15229	2.15229	2.15229	2.15229	2.15229	2.15229	2.15229	2.15229	2.15229	2.11217	1.78717	3.06892	
168266	6.8732e+17	2.79859e+17	1.22467e+17	7.7486e+16	1.54972e+17	2.32458e+17	3.09944e+17	3.8743e+17	4.64916e+17	5.42402e+17	6.19888e+17	6.97374e+17	7.73639e+17	8.39663e+17	1.54193e+16	5.36907e+15	4.94811e+15	2.16531e+15	1.37001e+15	2.74001e+15	4.11002e+15	5.48002e+15	6.85003e+15	8.22004e+15	9.59004e+15	1.096e+16	1.23301e+16	1.43451e+16	2.25534e+16	4.53778e+17	2.3269	2.15577	2.15577	2.15577	2.15577	2.15577	2.15577	2.15577	2.15577	2.15577	2.15577	2.15577	2.11534	1.79011	3.0616	
168516	6.87322e+17	2.79861e+17	1.22468e+17	7.74863e+16	1.54973e+17	2.32459e+17	3.09945e+17	3.87432e+17	4.64918e+17	5.42404e+17	6.19891e+17	6.97377e+17	7.73612e+17	8.39618e+17	1.54754e+16	5.36833e+15	4.94732e+15	2.16496e+15	1.36979e+15	2.73958e+15	4.10937e+15	5.47916e+15	6.84894e+15	8.21873e+15	9.58852e+15	1.09583e+16	1.23281e+16	1.43615e+16	2.2581e+16	4.53776e+17	2.32991	2.15925	2.15925	2.15925	2.15925	2.15925	2.15925	2.15925	2.15925	2.15925	2.15925	2.15925	2.11851	1.79304	3.0543	
168767	6.87323e+17	2.79862e+17	1.22468e+17	7.74867e+16	1.54973e+17	2.3246e+17	3.09947e+17	3.87433e+17	4.6492e+17	5.42407e+17	6.19893e+17	6.9738e+17	7.73585e+17	8.39572e+17	1.55319e+16	5.3676e+15	4.94654e+15	2.16462e+15	1.36957e+15	2.73914e+15	4.10871e+15	5.47829e+15	6.84786e+15	8.21743e+15	9.587e+15	1.09566e+16	1.23261e+16	1.43781e+16	2.26088e+16	4.53773e+17	2.33292	2.16272	2.16272	2.16272	2.16272	2.16272	2.16272	2.16272	2.16272	2.16272	2.16272	2.16272	2.12167	1.79596	3.04699	
169017	6.87325e+17	2.79863e+17	1.22469e+17	7.7487e+16	1.54974e+17	2.32461e+17	3.09948e+17	3.87435e+17	4.64922e+17	5.42409e+17	6.19896e+17	6.97383e+17	7.73558e+17	8.39527e+17	1.55888e+16	5.36687e+15	4.94576e+15	2.16428e+15	1.36936e+15	2.73871e+15	4.10807e+15	5.47742e+15	6.84678e+15	8.21613e+15	9.58549e+15	1.09548e+16	1.23242e+16	1.43947e+16	2.26368e+16	4.5377e+17	2.33593	2.16617	2.16617	2.16617	2.16617	2.16617	2.16617	2.16617	2.16617	2.16617	2.16617	2.16617	2.12482	1.79887	3.03969	
169268	6.87326e+17	2.79864e+17	1.22469e+17	7.74874e+16	1.54975e+17	2.32462e+17	3.0995e+17	3.87437e+17	4.64924e+17	5.42412e+17	6.19899e+17	6.97386e+17	7.73531e+17	8.39481e+17	1.5646e+16	5.36614e+15	4.94498e+15	2.16393e+15	1.36914e+15	2.73828e+15	4.10742e+15	5.47656e+15	6.8457e+15	8.21484e+15	9.58398e+15	1.09531e+16	1.23223e+16	1.44115e+16	2.26649e+16	4.53768e+17	2.33893	2.16962	2.16962	2.16962	2.16962	2.16962	2.16962	2.16962	2.16962	2.16962	2.16962	2.16962	2.12797	1.80176	3.03241	
169518	6.87327e+17	2.79866e+17	1.2247e+17	7.74877e+16	1.54975e+17	2.32463e+17	3.09951e+17	3.87439e+17	4.64926e+17	5.42414e+17	6.19902e+17	6.9739e+17	7.73503e+17	8.39434e+17	1.57036e+16	5.36542e+15	4.9442e+15	2.16359e+15	1.36892e+15	2.73785e+15	4.10677e+15	5.4757e+15	6.84462e+15	8.21354e+15	9.58247e+15	1.09514e+16	1.23203e+16	1.44283e+16	2.26932e+16	4.53765e+17	2.34193	2.17305	2.17305	2.17305	2.17305	2.17305	2.17305	2.17305	2.17305	2.17305	2.17305	2.17305	2.1311	1.80464	3.02514	
169769	6.87329e+17	2.79867e+17	1.22471e+17	7.74881e+16	1.54976e+17	2.32464e+17	3.09952e+17	3.8744e+17	4.64929e+17	5.42417e+17	6.19905e+17	6.97393e+17	7.73475e+17	8.39388e+17	1.57615e+16	5.36469e+15	4.94342e+15	2.16326e+15	1.36871e+15	2.73742e+15	4.10613e+15	5.47484e+15	6.84355e+15	8.21226e+15	9.58097e+15	1.09497e+16	1.23184e+16	1.44452e+16	2.27215e+16	4.53762e+17	2.34492	2.17648	2.17648	2.17648	2.17648	2.17648	2.17648	2.17648	2.17648	2.17648	2.17648	2.17648	2.13423	1.80751	3.01787	
170019	6.8733e+17	2.79868e+17	1.22471e+17	7.74884e+16	1.54977e+17	2.32465e+17	3.09954e+17	3.87442e+17	4.64931e+17	5.42419e+17	6.19908e+17	6.97396e+17	7.73448e+17	8.39341e+17	1.58198e+16	5.36397e+15	4.94265e+15	2.16292e+15	1.3685e+15	2.73699e+15	4.10549e+15	5.47398e+15	6.84248e+15	8.21097e+15	9.57947e+15	1.0948e+16	1.23165e+16	1.44622e+16	2.27501e+16	4.5376e+17	2.34791	2.17989	2.17989	2.17989	2.17989	2.17989	2.17989	2.17989	2.17989	2.17989	2.17989	2.17989	2.13735	1.81037	3.01062	
170270	6.87332e+17	2.7987e+17	1.22472e+17	7.74888e+16	1.54978e+17	2.32466e+17	3.09955e+17	3.87444e+17	4.64933e+17	5.42422e+17	6.1991e+17	6.97399e+17	7.7342e+17	8.39294e+17	1.58785e+16	5.36325e+15	4.94188e+15	2.16258e+15	1.36828e+15	2.73656e+15	4.10485e+15	5.47313e+15	6.84141e+15	8.20969e+15	9.57797e+15	1.09463e+16	1.23145e+16	1.44792e+16	2.27788e+16	4.53757e+17	2.35089	2.18329	2.18329	2.18329	2.18329	2.18329	2.18329	2.18329	2.18329	2.18329	2.18329	2.18329	2.14046	1.81321	3.00337	
170520	6.87333e+17	2.79871e+17	1.22472e+17	7.74891e+16	1.54978e+17	2.32467e+17	3.09957e+17	3.87446e+17	4.64935e+17	5.42424e+17	6.19913e+17	6.97402e+17	7.73392e+17	8.39247e+17	1.59375e+16	5.36254e+15	4.94111e+15	2.16224e+15	1.36807e+15	2.73614e+15	4.10421e+15	5.47228e+15	6.84034e+15	8.20841e+15	9.57648e+15	1.09446e+16	1.23126e+16	1.44963e+16	2.28077e+16	4.53754e+17	2.35387	2.18669	2.18669	2.18669	2.18669	2.18669	2.18669	2.18669	2.18669	2.18669	2.18669	2.18669	2.14356	1.81605	2.99614	
170771	6.87334e+17	2.79872e+17	1.22473e+17	7.74895e+16	1.54979e+17	2.32468e+17	3.09958e+17	3.87447e+17	4.64937e+17	5.42426e+17	6.19916e+17	6.97405e+17	7.73364e+17	8.39199e+17	1.59969e+16	5.36182e+15	4.94034e+15	2.16191e+15	1.36786e+15	2.73571e+15	4.10357e+15	5.47143e+15	6.83928e+15	8.20714e+15	9.575e+15	1.09429e+16	1.23107e+16	1.45134e+16	2.28368e+16	4.53751e+17	2.35685	2.19007	2.19007	2.19007	2.19007	2.19007	2.19007	2.19007	2.19007	2.19007	2.19007	2.19007	2.14666	1.81887	2.98891	
171022	6.87336e+17	2.79873e+17	1.22473e+17	7.74898e+16	1.5498e+17	2.3247e+17	3.09959e+17	3.87449e+17	4.64939e+17	5.42429e+17	6.19919e+17	6.97409e+17	7.73336e+17	8.39151e+17	1.60566e+16	5.36111e+15	4.93958e+15	2.16157e+15	1.36764e+15	2.73529e+15	4.10293e+15	5.47058e+15	6.83822e+15	8.20587e+15	9.57351e+15	1.09412e+16	1.23088e+16	1.45306e+16	2.2866e+16	4.53748e+17	2.35982	2.19344	2.19344	2.19344	2.19344	2.19344	2.19344	2.19344	2.19344	2.19344	2.19344	2.19344	2.14975	1.82168	2.9817	
171272	6.87337e+17	2.79875e+17	1.22474e+17	7.74902e+16	1.5498e+17	2.32471e+17	3.09961e+17	3.87451e+17	4.64941e+17	5.42431e+17	6.19922e+17	6.97412e+17	7.73308e+17	8.39103e+17	1.61167e+16	5.3604e+15	4.93882e+15	2.16124e+15	1.36743e+15	2.73487e+15	4.1023e+15	5.46973e+15	6.83717e+15	8.2046e+15	9.57204e+15	1.09395e+16	1.23069e+16	1.45478e+16	2.28953e+16	4.53746e+17	2.36278	2.19681	2.19681	2.19681	2.19681	2.19681	2.19681	2.19681	2.19681	2.19681	2.19681	2.19681	2.15283	1.82448	2.9745	
171523	6.87339e+17	2.79876e+17	1.22474e+17	7.74905e+16	1.54981e+17	2.32472e+17	3.09962e+17	3.87453e+17	4.64943e+17	5.42434e+17	6.19924e+17	6.97415e+17	7.7328e+17	8.39055e+17	1.61771e+16	5.35969e+15	4.93806e+15	2.16091e+15	1.36722e+15	2.73445e+15	4.10167e+15	5.46889e+15	6.83612e+15	8.20334e+15	9.57056e+15	1.09378e+16	1.2305e+16	1.4565e+16	2.29249e+16	4.53743e+17	2.36574	2.20016	2.20016	2.20016	2.20016	2.20016	2.20016	2.20016	2.20016	2.20016	2.20016	2.20016	2.1559	1.82726	2.96731	
171773	6.8734e+17	2.79877e+17	1.22475e+17	7.74909e+16	1.54982e+17	2.32473e+17	3.09964e+17	3.87454e+17	4.64945e+17	5.42436e+17	6.19927e+17	6.97418e+17	7.73252e+17	8.39006e+17	1.6238e+16	5.35899e+15	4.9373e+15	2.16057e+15	1.36701e+15	2.73403e+15	4.10104e+15	5.46805e+15	6.83507e+15	8.20208e+15	9.56909e+15	1.09361e+16	1.23031e+16	1.45822e+16	2.29546e+16	4.5374e+17	2.3687	2.2035	2.2035	2.2035	2.2035	2.2035	2.2035	2.2035	2.2035	2.2035	2.2035	2.2035	2.15897	1.83004	2.96013	
172024	6.87341e+17	2.79878e+17	1.22475e+17	7.74912e+16	1.54982e+17	2.32474e+17	3.09965e+17	3.87456e+17	4.64947e+17	5.42439e+17	6.1993e+17	6.97421e+17	7.73224e+17	8.38958e+17	1.62992e+16	5.35829e+15	4.93654e+15	2.16024e+15	1.3668e+15	2.73361e+15	4.10041e+15	5.46722e+15	6.83402e+15	8.20082e+15	9.56763e+15	1.09344e+16	1.23012e+16	1.45994e+16	2.29844e+16	4.53737e+17	2.37165	2.20684	2.20684	2.20684	2.20684	2.20684	2.20684	2.20684	2.20684	2.20684	2.20684	2.20684	2.16203	1.8328	2.95295	
172275	6.87343e+17	2.7988e+17	1.22476e+17	7.74916e+16	1.54983e+17	2.32475e+17	3.09966e+17	3.87458e+17	4.64949e+17	5.42441e+17	6.19933e+17	6.97424e+17	7.73196e+17	8.38909e+17	1.63608e+16	5.35759e+15	4.93579e+15	2.15991e+15	1.3666e+15	2.73319e+15	4.09979e+15	5.46638e+15	6.83298e+15	8.19957e+15	9.56617e+15	1.09328e+16	1.22994e+16	1.46167e+16	2.30145e+16	4.53734e+17	2.37459	2.21017	2.21017	2.21017	2.21017	2.21017	2.21017	2.21017	2.21017	2.21017	2.21017	2.21017	2.16508	1.83555	2.9458	
172526	6.87344e+17	2.79881e+17	1.22477e+17	7.74919e+16	1.54984e+17	2.32476e+17	3.09968e+17	3.8746e+17	4.64951e+17	5.42443e+17	6.19935e+17	6.97427e+17	7.73168e+17	8.38859e+17	1.64228e+16	5.35689e+15	4.93504e+15	2.15958e+15	1.36639e+15	2.73277e+15	4.09916e+15	5.46555e+15	6.83193e+15	8.19832e+15	9.56471e+15	1.09311e+16	1.22975e+16	1.46339e+16	2.30447e+16	4.53731e+17	2.37754	2.21348	2.21348	2.21348	2.21348	2.21348	2.21348	2.21348	2.21348	2.21348	2.21348	2.21348	2.16813	1.83829	2.93865	
172776	6.87345e+17	2.79882e+17	1.22477e+17	7.74923e+16	1.54985e+17	2.32477e+17	3.09969e+17	3.87461e+17	4.64954e+17	5.42446e+17	6.19938e+17	6.9743e+17	7.7314e+17	8.3881e+17	1.64851e+16	5.35619e+15	4.93429e+15	2.15926e+15	1.36618e+15	2.73236e+15	4.09854e+15	5.46472e+15	6.8309e+15	8.19708e+15	9.56326e+15	1.09294e+16	1.22956e+16	1.46511e+16	2.3075e+16	4.53728e+17	2.38047	2.21679	2.21679	2.21679	2.21679	2.21679	2.21679	2.21679	2.21679	2.21679	2.21679	2.21679	2.17116	1.84102	2.93152	
173027	6.87347e+17	2.79883e+17	1.22478e+17	7.74926e+16	1.54985e+17	2.32478e+17	3.0997e+17	3.87463e+17	4.64956e+17	5.42448e+17	6.19941e+17	6.97433e+17	7.73112e+17	8.3876e+17	1.65477e+16	5.3555e+15	4.93354e+15	2.15893e+15	1.36597e+15	2.73195e+15	4.09792e+15	5.46389e+15	6.82986e+15	8.19584e+15	9.56181e+15	1.09278e+16	1.22938e+16	1.46683e+16	2.31055e+16	4.53725e+17	2.3834	2.22009	2.22009	2.22009	2.22009	2.22009	2.22009	2.22009	2.22009	2.22009	2.22009	2.22009	2.17419	1.84373	2.92441	
173278	6.87348e+17	2.79884e+17	1.22478e+17	7.74929e+16	1.54986e+17	2.32479e+17	3.09972e+17	3.87465e+17	4.64958e+17	5.42451e+17	6.19943e+17	6.97436e+17	7.73084e+17	8.3871e+17	1.66108e+16	5.35481e+15	4.9328e+15	2.1586e+15	1.36577e+15	2.73153e+15	4.0973e+15	5.46307e+15	6.82883e+15	8.1946e+15	9.56036e+15	1.09261e+16	1.22919e+16	1.46855e+16	2.31363e+16	4.53722e+17	2.38633	2.22338	2.22338	2.22338	2.22338	2.22338	2.22338	2.22338	2.22338	2.22338	2.22338	2.22338	2.17722	1.84644	2.9173	
173529	6.8735e+17	2.79886e+17	1.22479e+17	7.74933e+16	1.54987e+17	2.3248e+17	3.09973e+17	3.87466e+17	4.6496e+17	5.42453e+17	6.19946e+17	6.97439e+17	7.73056e+17	8.38659e+17	1.66743e+16	5.35412e+15	4.93205e+15	2.15828e+15	1.36556e+15	2.73112e+15	4.09668e+15	5.46224e+15	6.8278e+15	8.19336e+15	9.55892e+15	1.09245e+16	1.229e+16	1.47026e+16	2.31672e+16	4.53718e+17	2.38926	2.22667	2.22667	2.22667	2.22667	2.22667	2.22667	2.22667	2.22667	2.22667	2.22667	2.22667	2.18024	1.84913	2.9102	
173780	6.87351e+17	2.79887e+17	1.22479e+17	7.74936e+16	1.54987e+17	2.32481e+17	3.09974e+17	3.87468e+17	4.64962e+17	5.42455e+17	6.19949e+17	6.97443e+17	7.73028e+17	8.38608e+17	1.67381e+16	5.35343e+15	4.93131e+15	2.15795e+15	1.36536e+15	2.73071e+15	4.09607e+15	5.46142e+15	6.82678e+15	8.19213e+15	9.55749e+15	1.09228e+16	1.22882e+16	1.47197e+16	2.31982e+16	4.53715e+17	2.39218	2.22994	2.22994	2.22994	2.22994	2.22994	2.22994	2.22994	2.22994	2.22994	2.22994	2.22994	2.18325	1.85181	2.90312	
174031	6.87352e+17	2.79888e+17	1.2248e+17	7.74939e+16	1.54988e+17	2.32482e+17	3.09976e+17	3.8747e+17	4.64964e+17	5.42458e+17	6.19952e+17	6.97446e+17	7.73e+17	8.38557e+17	1.68023e+16	5.35275e+15	4.93057e+15	2.15763e+15	1.36515e+15	2.7303e+15	4.09545e+15	5.4606e+15	6.82575e+15	8.19091e+15	9.55606e+15	1.09212e+16	1.22864e+16	1.47368e+16	2.32294e+16	4.53712e+17	2.39509	2.23321	2.23321	2.23321	2.23321	2.23321	2.23321	2.23321	2.23321	2.23321	2.23321	2.23321	2.18626	1.85448	2.89605	
174282	6.87354e+17	2.79889e+17	1.2248e+17	7.74943e+16	1.54989e+17	2.32483e+17	3.09977e+17	3.87471e+17	4.64966e+17	5.4246e+17	6.19954e+17	6.97449e+17	7.72973e+17	8.38506e+17	1.68669e+16	5.35206e+15	4.92984e+15	2.15731e+15	1.36495e+15	2.72989e+15	4.09484e+15	5.45979e+15	6.82474e+15	8.18968e+15	9.55463e+15	1.09196e+16	1.22845e+16	1.47538e+16	2.32608e+16	4.53709e+17	2.398	2.23646	2.23646	2.23646	2.23646	2.23646	2.23646	2.23646	2.23646	2.23646	2.23646	2.23646	2.18925	1.85714	2.889	
174533	6.87355e+17	2.79891e+17	1.22481e+17	7.74946e+16	1.54989e+17	2.32484e+17	3.09978e+17	3.87473e+17	4.64968e+17	5.42462e+17	6.19957e+17	6.97452e+17	7.72945e+17	8.38455e+17	1.69318e+16	5.35139e+15	4.9291e+15	2.15699e+15	1.36474e+15	2.72949e+15	4.09423e+15	5.45898e+15	6.82372e+15	8.18846e+15	9.55321e+15	1.0918e+16	1.22827e+16	1.47708e+16	2.32924e+16	4.53705e+17	2.40091	2.23971	2.23971	2.23971	2.23971	2.23971	2.23971	2.23971	2.23971	2.23971	2.23971	2.23971	2.19224	1.85979	2.88196	
174784	6.87356e+17	2.79892e+17	1.22481e+17	7.7495e+16	1.5499e+17	2.32485e+17	3.0998e+17	3.87475e+17	4.6497e+17	5.42465e+17	6.1996e+17	6.97455e+17	7.72917e+17	8.38403e+17	1.69972e+16	5.35071e+15	4.92837e+15	2.15667e+15	1.36454e+15	2.72908e+15	4.09362e+15	5.45816e+15	6.82271e+15	8.18725e+15	9.55179e+15	1.09163e+16	1.22809e+16	1.47878e+16	2.33241e+16	4.53702e+17	2.40381	2.24296	2.24296	2.24296	2.24296	2.24296	2.24296	2.24296	2.24296	2.24296	2.24296	2.24296	2.19523	1.86242	2.87493	
175035	6.87358e+17	2.79893e+17	1.22482e+17	7.74953e+16	1.54991e+17	2.32486e+17	3.09981e+17	3.87476e+17	4.64972e+17	5.42467e+17	6.19962e+17	6.97458e+17	7.7289e+17	8.38351e+17	1.7063e+16	5.35003e+15	4.92764e+15	2.15635e+15	1.36434e+15	2.72868e+15	4.09302e+15	5.45736e+15	6.8217e+15	8.18603e+15	9.55037e+15	1.09147e+16	1.22791e+16	1.48047e+16	2.33561e+16	4.53699e+17	2.40671	2.24619	2.24619	2.24619	2.24619	2.24619	2.24619	2.24619	2.24619	2.24619	2.24619	2.24619	2.19821	1.86505	2.86792	
175286	6.87359e+17	2.79894e+17	1.22482e+17	7.74956e+16	1.54991e+17	2.32487e+17	3.09982e+17	3.87478e+17	4.64974e+17	5.42469e+17	6.19965e+17	6.97461e+17	7.72862e+17	8.38298e+17	1.71291e+16	5.34936e+15	4.92691e+15	2.15603e+15	1.36414e+15	2.72828e+15	4.09241e+15	5.45655e+15	6.82069e+15	8.18483e+15	9.54896e+15	1.09131e+16	1.22772e+16	1.48215e+16	2.33881e+16	4.53695e+17	2.4096	2.24942	2.24942	2.24942	2.24942	2.24942	2.24942	2.24942	2.24942	2.24942	2.24942	2.24942	2.20119	1.86766	2.86092	
175537	6.8736e+17	2.79895e+17	1.22483e+17	7.74959e+16	1.54992e+17	2.32488e+17	3.09984e+17	3.8748e+17	4.64976e+17	5.42472e+17	6.19968e+17	6.97464e+17	7.72835e+17	8.38246e+17	1.71956e+16	5.34869e+15	4.92619e+15	2.15571e+15	1.36394e+15	2.72787e+15	4.09181e+15	5.45575e+15	6.81968e+15	8.18362e+15	9.54756e+15	1.09115e+16	1.22754e+16	1.48383e+16	2.34204e+16	4.53692e+17	2.41249	2.25264	2.25264	2.25264	2.25264	2.25264	2.25264	2.25264	2.25264	2.25264	2.25264	2.25264	2.20415	1.87027	2.85393	
175788	6.87361e+17	2.79897e+17	1.22483e+17	7.74963e+16	1.54993e+17	2.32489e+17	3.09985e+17	3.87481e+17	4.64978e+17	5.42474e+17	6.1997e+17	6.97466e+17	7.72808e+17	8.38193e+17	1.72625e+16	5.34802e+15	4.92546e+15	2.1554e+15	1.36374e+15	2.72747e+15	4.09121e+15	5.45495e+15	6.81868e+15	8.18242e+15	9.54616e+15	1.09099e+16	1.22736e+16	1.4855e+16	2.34528e+16	4.53689e+17	2.41538	2.25585	2.25585	2.25585	2.25585	2.25585	2.25585	2.25585	2.25585	2.25585	2.25585	2.25585	2.20712	1.87286	2.84697	
176039	6.87363e+17	2.79898e+17	1.22484e+17	7.74966e+16	1.54993e+17	2.3249e+17	3.09986e+17	3.87483e+17	4.6498e+17	5.42476e+17	6.19973e+17	6.97469e+17	7.72781e+17	8.3814e+17	1.73297e+16	5.34735e+15	4.92474e+15	2.15508e+15	1.36354e+15	2.72707e+15	4.09061e+15	5.45415e+15	6.81769e+15	8.18122e+15	9.54476e+15	1.09083e+16	1.22718e+16	1.48717e+16	2.34854e+16	4.53685e+17	2.41826	2.25905	2.25905	2.25905	2.25905	2.25905	2.25905	2.25905	2.25905	2.25905	2.25905	2.25905	2.21007	1.87544	2.84002	
176290	6.87364e+17	2.79899e+17	1.22484e+17	7.74969e+16	1.54994e+17	2.32491e+17	3.09988e+17	3.87485e+17	4.64982e+17	5.42479e+17	6.19975e+17	6.97472e+17	7.72754e+17	8.38086e+17	1.73974e+16	5.34669e+15	4.92403e+15	2.15477e+15	1.36334e+15	2.72668e+15	4.09001e+15	5.45335e+15	6.81669e+15	8.18003e+15	9.54337e+15	1.09067e+16	1.227e+16	1.48883e+16	2.35182e+16	4.53682e+17	2.42113	2.26225	2.26225	2.26225	2.26225	2.26225	2.26225	2.26225	2.26225	2.26225	2.26225	2.26225	2.21302	1.87801	2.83307	
176541	6.87365e+17	2.799e+17	1.22485e+17	7.74973e+16	1.54995e+17	2.32492e+17	3.09989e+17	3.87486e+17	4.64984e+17	5.42481e+17	6.19978e+17	6.97475e+17	7.72727e+17	8.38033e+17	1.74655e+16	5.34602e+15	4.92331e+15	2.15445e+15	1.36314e+15	2.72628e+15	4.08942e+15	5.45256e+15	6.8157e+15	8.17884e+15	9.54198e+15	1.09051e+16	1.22683e+16	1.49049e+16	2.35512e+16	4.53678e+17	2.42401	2.26544	2.26544	2.26544	2.26544	2.26544	2.26544	2.26544	2.26544	2.26544	2.26544	2.26544	2.21597	1.88057	2.82614	
176792	6.87367e+17	2.79901e+17	1.22486e+17	7.74976e+16	1.54995e+17	2.32493e+17	3.0999e+17	3.87488e+17	4.64986e+17	5.42483e+17	6.19981e+17	6.97478e+17	7.727e+17	8.37979e+17	1.75339e+16	5.34536e+15	4.92259e+15	2.15414e+15	1.36294e+15	2.72588e+15	4.08883e+15	5.45177e+15	6.81471e+15	8.17765e+15	9.54059e+15	1.09035e+16	1.22665e+16	1.49213e+16	2.35844e+16	4.53674e+17	2.42687	2.26862	2.26862	2.26862	2.26862	2.26862	2.26862	2.26862	2.26862	2.26862	2.26862	2.26862	2.2189	1.88312	2.81924	
177044	6.87368e+17	2.79902e+17	1.22486e+17	7.74979e+16	1.54996e+17	2.32494e+17	3.09992e+17	3.8749e+17	4.64987e+17	5.42485e+17	6.19983e+17	6.97481e+17	7.72673e+17	8.37924e+17	1.76028e+16	5.34471e+15	4.92188e+15	2.15383e+15	1.36274e+15	2.72549e+15	4.08823e+15	5.45098e+15	6.81372e+15	8.17647e+15	9.53921e+15	1.0902e+16	1.22647e+16	1.49377e+16	2.36177e+16	4.53671e+17	2.42973	2.2718	2.2718	2.2718	2.2718	2.2718	2.2718	2.2718	2.2718	2.2718	2.2718	2.2718	2.22184	1.88566	2.81234	
177295	6.87369e+17	2.79904e+17	1.22487e+17	7.74982e+16	1.54996e+17	2.32495e+17	3.09993e+17	3.87491e+17	4.64989e+17	5.42488e+17	6.19986e+17	6.97484e+17	7.72646e+17	8.3787e+17	1.76721e+16	5.34405e+15	4.92117e+15	2.15352e+15	1.36255e+15	2.7251e+15	4.08765e+15	5.45019e+15	6.81274e+15	8.17529e+15	9.53784e+15	1.09004e+16	1.22629e+16	1.49541e+16	2.36512e+16	4.53667e+17	2.43259	2.27496	2.27496	2.27496	2.27496	2.27496	2.27496	2.27496	2.27496	2.27496	2.27496	2.27496	2.22476	1.88819	2.80547	
177546	6.87371e+17	2.79905e+17	1.22487e+17	7.74986e+16	1.54997e+17	2.32496e+17	3.09994e+17	3.87493e+17	4.64991e+17	5.4249e+17	6.19988e+17	6.97487e+17	7.7262e+17	8.37815e+17	1.77417e+16	5.3434e+15	4.92047e+15	2.15321e+15	1.36235e+15	2.72471e+15	4.08706e+15	5.44941e+15	6.81176e+15	8.17412e+15	9.53647e+15	1.08988e+16	1.22612e+16	1.49703e+16	2.36848e+16	4.53663e+17	2.43544	2.27813	2.27813	2.27813	2.27813	2.27813	2.27813	2.27813	2.27813	2.27813	2.27813	2.27813	2.22768	1.8907	2.79861	
177797	6.87372e+17	2.79906e+17	1.22488e+17	7.74989e+16	1.54998e+17	2.32497e+17	3.09996e+17	3.87494e+17	4.64993e+17	5.42492e+17	6.19991e+17	6.9749e+17	7.72594e+17	8.3776e+17	1.78118e+16	5.34274e+15	4.91976e+15	2.1529e+15	1.36216e+15	2.72431e+15	4.08647e+15	5.44863e+15	6.81079e+15	8.17294e+15	9.5351e+15	1.08973e+16	1.22594e+16	1.49865e+16	2.37187e+16	4.5366e+17	2.4383	2.28128	2.28128	2.28128	2.28128	2.28128	2.28128	2.28128	2.28128	2.28128	2.28128	2.28128	2.2306	1.89321	2.79176	
178049	6.87373e+17	2.79907e+17	1.22488e+17	7.74992e+16	1.54998e+17	2.32498e+17	3.09997e+17	3.87496e+17	4.64995e+17	5.42494e+17	6.19994e+17	6.97493e+17	7.72567e+17	8.37704e+17	1.78822e+16	5.3421e+15	4.91906e+15	2.15259e+15	1.36196e+15	2.72392e+15	4.08589e+15	5.44785e+15	6.80981e+15	8.17177e+15	9.53374e+15	1.08957e+16	1.22577e+16	1.50027e+16	2.37527e+16	4.53656e+17	2.44114	2.28443	2.28443	2.28443	2.28443	2.28443	2.28443	2.28443	2.28443	2.28443	2.28443	2.28443	2.23351	1.89571	2.78492	
178300	6.87374e+17	2.79908e+17	1.22489e+17	7.74995e+16	1.54999e+17	2.32499e+17	3.09998e+17	3.87498e+17	4.64997e+17	5.42497e+17	6.19996e+17	6.97496e+17	7.72541e+17	8.37649e+17	1.79531e+16	5.34145e+15	4.91836e+15	2.15229e+15	1.36177e+15	2.72354e+15	4.08531e+15	5.44707e+15	6.80884e+15	8.17061e+15	9.53238e+15	1.08941e+16	1.22559e+16	1.50187e+16	2.37869e+16	4.53652e+17	2.44398	2.28757	2.28757	2.28757	2.28757	2.28757	2.28757	2.28757	2.28757	2.28757	2.28757	2.28757	2.23642	1.89819	2.77811	
178551	6.87376e+17	2.79909e+17	1.22489e+17	7.74998e+16	1.55e+17	2.325e+17	3.09999e+17	3.87499e+17	4.64999e+17	5.42499e+17	6.19999e+17	6.97499e+17	7.72515e+17	8.37593e+17	1.80243e+16	5.3408e+15	4.91766e+15	2.15198e+15	1.36157e+15	2.72315e+15	4.08472e+15	5.4463e+15	6.80787e+15	8.16945e+15	9.53102e+15	1.08926e+16	1.22542e+16	1.50347e+16	2.38213e+16	4.53648e+17	2.44682	2.29071	2.29071	2.29071	2.29071	2.29071	2.29071	2.29071	2.29071	2.29071	2.29071	2.29071	2.23932	1.90067	2.77131	
178803	6.87377e+17	2.79911e+17	1.2249e+17	7.75002e+16	1.55e+17	2.325e+17	3.10001e+17	3.87501e+17	4.65001e+17	5.42501e+17	6.20001e+17	6.97501e+17	7.72489e+17	8.37537e+17	1.8096e+16	5.34016e+15	4.91696e+15	2.15167e+15	1.36138e+15	2.72276e+15	4.08415e+15	5.44553e+15	6.80691e+15	8.16829e+15	9.52967e+15	1.08911e+16	1.22524e+16	1.50506e+16	2.38558e+16	4.53644e+17	2.44965	2.29384	2.29384	2.29384	2.29384	2.29384	2.29384	2.29384	2.29384	2.29384	2.29384	2.29384	2.24221	1.90313	2.76453	
179054	6.87378e+17	2.79912e+17	1.2249e+17	7.75005e+16	1.55001e+17	2.32501e+17	3.10002e+17	3.87502e+17	4.65003e+17	5.42503e+17	6.20004e+17	6.97504e+17	7.72463e+17	8.3748e+17	1.8168e+16	5.33952e+15	4.91627e+15	2.15137e+15	1.36119e+15	2.72238e+15	4.08357e+15	5.44476e+15	6.80595e+15	8.16714e+15	9.52833e+15	1.08895e+16	1.22507e+16	1.50664e+16	2.38905e+16	4.5364e+17	2.45248	2.29696	2.29696	2.29696	2.29696	2.29696	2.29696	2.29696	2.29696	2.29696	2.29696	2.29696	2.2451	1.90559	2.75777	
179305	6.87379e+17	2.79913e+17	1.22491e+17	7.75008e+16	1.55002e+17	2.32502e+17	3.10003e+17	3.87504e+17	4.65005e+17	5.42505e+17	6.20006e+17	6.97507e+17	7.72438e+17	8.37423e+17	1.82405e+16	5.33888e+15	4.91557e+15	2.15107e+15	1.361e+15	2.722e+15	4.08299e+15	5.44399e+15	6.80499e+15	8.16599e+15	9.52699e+15	1.0888e+16	1.2249e+16	1.50822e+16	2.39254e+16	4.53636e+17	2.45531	2.30008	2.30008	2.30008	2.30008	2.30008	2.30008	2.30008	2.30008	2.30008	2.30008	2.30008	2.24799	1.90803	2.75102	
179557	6.87381e+17	2.79914e+17	1.22491e+17	7.75011e+16	1.55002e+17	2.32503e+17	3.10004e+17	3.87505e+17	4.65007e+17	5.42508e+17	6.20009e+17	6.9751e+17	7.72412e+17	8.37366e+17	1.83134e+16	5.33824e+15	4.91488e+15	2.15077e+15	1.36081e+15	2.72161e+15	4.08242e+15	5.44323e+15	6.80403e+15	8.16484e+15	9.52565e+15	1.08865e+16	1.22473e+16	1.50979e+16	2.39605e+16	4.53632e+17	2.45813	2.30319	2.30319	2.30319	2.30319	2.30319	2.30319	2.30319	2.30319	2.30319	2.30319	2.30319	2.25087	1.91047	2.74429	
179808	6.87382e+17	2.79915e+17	1.22492e+17	7.75014e+16	1.55003e+17	2.32504e+17	3.10006e+17	3.87507e+17	4.65008e+17	5.4251e+17	6.20011e+17	6.97513e+17	7.72387e+17	8.37309e+17	1.83867e+16	5.33761e+15	4.9142e+15	2.15046e+15	1.36062e+15	2.72123e+15	4.08185e+15	5.44247e+15	6.80308e+15	8.1637e+15	9.52432e+15	1.08849e+16	1.22455e+16	1.51135e+16	2.39957e+16	4.53628e+17	2.46094	2.3063	2.3063	2.3063	2.3063	2.3063	2.3063	2.3063	2.3063	2.3063	2.3063	2.3063	2.25374	1.91289	2.73758	
180060	6.87383e+17	2.79916e+17	1.22492e+17	7.75017e+16	1.55003e+17	2.32505e+17	3.10007e+17	3.87509e+17	4.6501e+17	5.42512e+17	6.20014e+17	6.97516e+17	7.72361e+17	8.37252e+17	1.84604e+16	5.33698e+15	4.91351e+15	2.15016e+15	1.36043e+15	2.72085e+15	4.08128e+15	5.44171e+15	6.80213e+15	8.16256e+15	9.52299e+15	1.08834e+16	1.22438e+16	1.51291e+16	2.40311e+16	4.53624e+17	2.46375	2.3094	2.3094	2.3094	2.3094	2.3094	2.3094	2.3094	2.3094	2.3094	2.3094	2.3094	2.25661	1.91531	2.73088	
180311	6.87384e+17	2.79917e+17	1.22493e+17	7.7502e+16	1.55004e+17	2.32506e+17	3.10008e+17	3.8751e+17	4.65012e+17	5.42514e+17	6.20016e+17	6.97518e+17	7.72336e+17	8.37194e+17	1.85345e+16	5.33635e+15	4.91283e+15	2.14987e+15	1.36024e+15	2.72048e+15	4.08071e+15	5.44095e+15	6.80119e+15	8.16143e+15	9.52166e+15	1.08819e+16	1.22421e+16	1.51445e+16	2.40666e+16	4.5362e+17	2.46656	2.31249	2.31249	2.31249	2.31249	2.31249	2.31249	2.31249	2.31249	2.31249	2.31249	2.31249	2.25948	1.91771	2.7242	
180563	6.87386e+17	2.79918e+17	1.22493e+17	7.75023e+16	1.55005e+17	2.32507e+17	3.10009e+17	3.87512e+17	4.65014e+17	5.42516e+17	6.20019e+17	6.97521e+17	7.72311e+17	8.37136e+17	1.86089e+16	5.33572e+15	4.91215e+15	2.14957e+15	1.36005e+15	2.7201e+15	4.08015e+15	5.4402e+15	6.80025e+15	8.16029e+15	9.52034e+15	1.08804e+16	1.22404e+16	1.51599e+16	2.41023e+16	4.53616e+17	2.46936	2.31557	2.31557	2.31557	2.31557	2.31557	2.31557	2.31557	2.31557	2.31557	2.31557	2.31557	2.26234	1.92011	2.71754	
180814	6.87387e+17	2.7992e+17	1.22494e+17	7.75027e+16	1.55005e+17	2.32508e+17	3.10011e+17	3.87513e+17	4.65016e+17	5.42519e+17	6.20021e+17	6.97524e+17	7.72286e+17	8.37077e+17	1.86839e+16	5.33509e+15	4.91147e+15	2.14927e+15	1.35986e+15	2.71972e+15	4.07958e+15	5.43944e+15	6.7993e+15	8.15917e+15	9.51903e+15	1.08789e+16	1.22387e+16	1.51752e+16	2.41382e+16	4.53612e+17	2.47216	2.31866	2.31866	2.31866	2.31866	2.31866	2.31866	2.31866	2.31866	2.31866	2.31866	2.31866	2.26519	1.92249	2.71089	
181066	6.87388e+17	2.79921e+17	1.22494e+17	7.7503e+16	1.55006e+17	2.32509e+17	3.10012e+17	3.87515e+17	4.65018e+17	5.42521e+17	6.20024e+17	6.97527e+17	7.72261e+17	8.37019e+17	1.87593e+16	5.33447e+15	4.91079e+15	2.14897e+15	1.35967e+15	2.71935e+15	4.07902e+15	5.43869e+15	6.79837e+15	8.15804e+15	9.51771e+15	1.08774e+16	1.22371e+16	1.51905e+16	2.41743e+16	4.53607e+17	2.47496	2.32173	2.32173	2.32173	2.32173	2.32173	2.32173	2.32173	2.32173	2.32173	2.32173	2.32173	2.26804	1.92487	2.70426	
181318	6.87389e+17	2.79922e+17	1.22495e+17	7.75033e+16	1.55007e+17	2.3251e+17	3.10013e+17	3.87516e+17	4.6502e+17	5.42523e+17	6.20026e+17	6.97529e+17	7.72236e+17	8.3696e+17	1.8835e+16	5.33385e+15	4.91011e+15	2.14868e+15	1.35949e+15	2.71897e+15	4.07846e+15	5.43795e+15	6.79743e+15	8.15692e+15	9.51641e+15	1.08759e+16	1.22354e+16	1.52057e+16	2.42105e+16	4.53603e+17	2.47775	2.3248	2.3248	2.3248	2.3248	2.3248	2.3248	2.3248	2.3248	2.3248	2.3248	2.3248	2.27089	1.92724	2.69766	
181569	6.8739e+17	2.79923e+17	1.22495e+17	7.75036e+16	1.55007e+17	2.32511e+17	3.10014e+17	3.87518e+17	4.65021e+17	5.42525e+17	6.20029e+17	6.97532e+17	7.72212e+17	8.36901e+17	1.89113e+16	5.33323e+15	4.90944e+15	2.14838e+15	1.3593e+15	2.7186e+15	4.0779e+15	5.4372e+15	6.7965e+15	8.1558e+15	9.5151e+15	1.08744e+16	1.22337e+16	1.52208e+16	2.42469e+16	4.53599e+17	2.48053	2.32787	2.32787	2.32787	2.32787	2.32787	2.32787	2.32787	2.32787	2.32787	2.32787	2.32787	2.27373	1.92959	2.69107	
181821	6.87392e+17	2.79924e+17	1.22495e+17	7.75039e+16	1.55008e+17	2.32512e+17	3.10016e+17	3.87519e+17	4.65023e+17	5.42527e+17	6.20031e+17	6.97535e+17	7.72187e+17	8.36841e+17	1.89878e+16	5.33261e+15	4.90877e+15	2.14809e+15	1.35911e+15	2.71823e+15	4.07734e+15	5.43646e+15	6.79557e+15	8.15469e+15	9.5138e+15	1.08729e+16	1.2232e+16	1.52358e+16	2.42834e+16	4.53594e+17	2.48331	2.33093	2.33093	2.33093	2.33093	2.33093	2.33093	2.33093	2.33093	2.33093	2.33093	2.33093	2.27657	1.93194	2.6845	
182072	6.87393e+17	2.79925e+17	1.22496e+17	7.75042e+16	1.55008e+17	2.32513e+17	3.10017e+17	3.87521e+17	4.65025e+17	5.42529e+17	6.20034e+17	6.97538e+17	7.72163e+17	8.36782e+17	1.90648e+16	5.33199e+15	4.9081e+15	2.1478e+15	1.35893e+15	2.71786e+15	4.07679e+15	5.43572e+15	6.79465e+15	8.15358e+15	9.51251e+15	1.08714e+16	1.22304e+16	1.52508e+16	2.43201e+16	4.5359e+17	2.48609	2.33398	2.33398	2.33398	2.33398	2.33398	2.33398	2.33398	2.33398	2.33398	2.33398	2.33398	2.2794	1.93427	2.67795	
182324	6.87394e+17	2.79926e+17	1.22496e+17	7.75045e+16	1.55009e+17	2.32513e+17	3.10018e+17	3.87522e+17	4.65027e+17	5.42531e+17	6.20036e+17	6.9754e+17	7.72138e+17	8.36722e+17	1.91423e+16	5.33138e+15	4.90744e+15	2.14751e+15	1.35875e+15	2.71749e+15	4.07624e+15	5.43498e+15	6.79373e+15	8.15247e+15	9.51122e+15	1.087e+16	1.22287e+16	1.52657e+16	2.4357e+16	4.53585e+17	2.48886	2.33703	2.33703	2.33703	2.33703	2.33703	2.33703	2.33703	2.33703	2.33703	2.33703	2.33703	2.28223	1.9366	2.67141	
182576	6.87395e+17	2.79927e+17	1.22497e+17	7.75048e+16	1.5501e+17	2.32514e+17	3.10019e+17	3.87524e+17	4.65029e+17	5.42534e+17	6.20038e+17	6.97543e+17	7.72114e+17	8.36662e+17	1.92202e+16	5.33077e+15	4.90677e+15	2.14722e+15	1.35856e+15	2.71712e+15	4.07568e+15	5.43425e+15	6.79281e+15	8.15137e+15	9.50993e+15	1.08685e+16	1.22271e+16	1.52806e+16	2.4394e+16	4.53581e+17	2.49164	2.34007	2.34007	2.34007	2.34007	2.34007	2.34007	2.34007	2.34007	2.34007	2.34007	2.34007	2.28505	1.93892	2.66489	
182828	6.87397e+17	2.79928e+17	1.22497e+17	7.75051e+16	1.5501e+17	2.32515e+17	3.1002e+17	3.87525e+17	4.65031e+17	5.42536e+17	6.20041e+17	6.97546e+17	7.7209e+17	8.36601e+17	1.92985e+16	5.33016e+15	4.90611e+15	2.14693e+15	1.35838e+15	2.71676e+15	4.07514e+15	5.43351e+15	6.79189e+15	8.15027e+15	9.50865e+15	1.0867e+16	1.22254e+16	1.52953e+16	2.44312e+16	4.53576e+17	2.4944	2.34311	2.34311	2.34311	2.34311	2.34311	2.34311	2.34311	2.34311	2.34311	2.34311	2.34311	2.28787	1.94123	2.65839	
183079	6.87398e+17	2.79929e+17	1.22498e+17	7.75054e+16	1.55011e+17	2.32516e+17	3.10022e+17	3.87527e+17	4.65032e+17	5.42538e+17	6.20043e+17	6.97549e+17	7.72066e+17	8.36541e+17	1.93773e+16	5.32955e+15	4.90545e+15	2.14664e+15	1.3582e+15	2.71639e+15	4.07459e+15	5.43278e+15	6.79098e+15	8.14917e+15	9.50737e+15	1.08656e+16	1.22238e+16	1.53101e+16	2.44685e+16	4.53572e+17	2.49716	2.34614	2.34614	2.34614	2.34614	2.34614	2.34614	2.34614	2.34614	2.34614	2.34614	2.34614	2.29068	1.94353	2.65191	
183331	6.87399e+17	2.79931e+17	1.22498e+17	7.75057e+16	1.55011e+17	2.32517e+17	3.10023e+17	3.87528e+17	4.65034e+17	5.4254e+17	6.20046e+17	6.97551e+17	7.72042e+17	8.3648e+17	1.94564e+16	5.32895e+15	4.90479e+15	2.14635e+15	1.35801e+15	2.71603e+15	4.07404e+15	5.43205e+15	6.79007e+15	8.14808e+15	9.5061e+15	1.08641e+16	1.22221e+16	1.53247e+16	2.4506e+16	4.53567e+17	2.49992	2.34916	2.34916	2.34916	2.34916	2.34916	2.34916	2.34916	2.34916	2.34916	2.34916	2.34916	2.29349	1.94582	2.64545	
183583	6.874e+17	2.79932e+17	1.22499e+17	7.7506e+16	1.55012e+17	2.32518e+17	3.10024e+17	3.8753e+17	4.65036e+17	5.42542e+17	6.20048e+17	6.97554e+17	7.72018e+17	8.36419e+17	1.95359e+16	5.32834e+15	4.90414e+15	2.14606e+15	1.35783e+15	2.71566e+15	4.0735e+15	5.43133e+15	6.78916e+15	8.14699e+15	9.50483e+15	1.08627e+16	1.22205e+16	1.53393e+16	2.45436e+16	4.53562e+17	2.50267	2.35218	2.35218	2.35218	2.35218	2.35218	2.35218	2.35218	2.35218	2.35218	2.35218	2.35218	2.29629	1.9481	2.63901	
183835	6.87401e+17	2.79933e+17	1.22499e+17	7.75063e+16	1.55013e+17	2.32519e+17	3.10025e+17	3.87531e+17	4.65038e+17	5.42544e+17	6.2005e+17	6.97557e+17	7.71995e+17	8.36358e+17	1.9616e+16	5.32774e+15	4.90349e+15	2.14578e+15	1.35765e+15	2.7153e+15	4.07295e+15	5.43061e+15	6.78826e+15	8.14591e+15	9.50356e+15	1.08612e+16	1.22189e+16	1.53538e+16	2.45814e+16	4.53558e+17	2.50542	2.3552	2.3552	2.3552	2.3552	2.3552	2.3552	2.3552	2.3552	2.3552	2.3552	2.3552	2.2991	1.95038	2.63258	
184087	6.87402e+17	2.79934e+17	1.225e+17	7.75066e+16	1.55013e+17	2.3252e+17	3.10026e+17	3.87533e+17	4.6504e+17	5.42546e+17	6.20053e+17	6.97559e+17	7.71971e+17	8.36296e+17	1.96965e+16	5.32714e+15	4.90283e+15	2.14549e+15	1.35747e+15	2.71494e+15	4.07241e+15	5.42988e+15	6.78736e+15	8.14483e+15	9.5023e+15	1.08598e+16	1.22172e+16	1.53683e+16	2.46193e+16	4.53553e+17	2.50816	2.35821	2.35821	2.35821	2.35821	2.35821	2.35821	2.35821	2.35821	2.35821	2.35821	2.35821	2.30189	1.95264	2.62618	
184339	6.87404e+17	2.79935e+17	1.225e+17	7.75069e+16	1.55014e+17	2.32521e+17	3.10028e+17	3.87534e+17	4.65041e+17	5.42548e+17	6.20055e+17	6.97562e+17	7.71948e+17	8.36234e+17	1.97773e+16	5.32655e+15	4.90219e+15	2.14521e+15	1.35729e+15	2.71458e+15	4.07187e+15	5.42917e+15	6.78646e+15	8.14375e+15	9.50104e+15	1.08583e+16	1.22156e+16	1.53827e+16	2.46573e+16	4.53548e+17	2.5109	2.36122	2.36122	2.36122	2.36122	2.36122	2.36122	2.36122	2.36122	2.36122	2.36122	2.36122	2.30469	1.95489	2.61979	
184591	6.87405e+17	2.79936e+17	1.22501e+17	7.75072e+16	1.55014e+17	2.32522e+17	3.10029e+17	3.87536e+17	4.65043e+17	5.4255e+17	6.20057e+17	6.97565e+17	7.71924e+17	8.36172e+17	1.98587e+16	5.32595e+15	4.90154e+15	2.14493e+15	1.35711e+15	2.71422e+15	4.07134e+15	5.42845e+15	6.78556e+15	8.14267e+15	9.49979e+15	1.08569e+16	1.2214e+16	1.53971e+16	2.46956e+16	4.53543e+17	2.51364	2.36422	2.36422	2.36422	2.36422	2.36422	2.36422	2.36422	2.36422	2.36422	2.36422	2.36422	2.30747	1.95714	2.61343	
184842	6.87406e+17	2.79937e+17	1.22501e+17	7.75075e+16	1.55015e+17	2.32522e+17	3.1003e+17	3.87537e+17	4.65045e+17	5.42552e+17	6.2006e+17	6.97567e+17	7.71901e+17	8.3611e+17	1.99404e+16	5.32536e+15	4.90089e+15	2.14464e+15	1.35693e+15	2.71387e+15	4.0708e+15	5.42774e+15	6.78467e+15	8.1416e+15	9.49854e+15	1.08555e+16	1.22124e+16	1.54114e+16	2.47339e+16	4.53538e+17	2.51637	2.36721	2.36721	2.36721	2.36721	2.36721	2.36721	2.36721	2.36721	2.36721	2.36721	2.36721	2.31026	1.95937	2.60708	
185094	6.87407e+17	2.79938e+17	1.22502e+17	7.75078e+16	1.55016e+17	2.32523e+17	3.10031e+17	3.87539e+17	4.65047e+17	5.42554e+17	6.20062e+17	6.9757e+17	7.71878e+17	8.36048e+17	2.00225e+16	5.32477e+15	4.90025e+15	2.14436e+15	1.35676e+15	2.71351e+15	4.07027e+15	5.42702e+15	6.78378e+15	8.14054e+15	9.49729e+15	1.0854e+16	1.22108e+16	1.54256e+16	2.47724e+16	4.53533e+17	2.5191	2.3702	2.3702	2.3702	2.3702	2.3702	2.3702	2.3702	2.3702	2.3702	2.3702	2.3702	2.31304	1.9616	2.60076	
185346	6.87408e+17	2.79939e+17	1.22502e+17	7.75081e+16	1.55016e+17	2.32524e+17	3.10032e+17	3.8754e+17	4.65048e+17	5.42556e+17	6.20064e+17	6.97573e+17	7.71854e+17	8.35985e+17	2.01052e+16	5.32418e+15	4.89961e+15	2.14408e+15	1.35658e+15	2.71316e+15	4.06974e+15	5.42631e+15	6.78289e+15	8.13947e+15	9.49605e+15	1.08526e+16	1.22092e+16	1.54398e+16	2.4811e+16	4.53528e+17	2.52182	2.37319	2.37319	2.37319	2.37319	2.37319	2.37319	2.37319	2.37319	2.37319	2.37319	2.37319	2.31581	1.96382	2.59445	
185598	6.87409e+17	2.7994e+17	1.22503e+17	7.75083e+16	1.55017e+17	2.32525e+17	3.10033e+17	3.87542e+17	4.6505e+17	5.42558e+17	6.20067e+17	6.97575e+17	7.71831e+17	8.35922e+17	2.01883e+16	5.32359e+15	4.89897e+15	2.1438e+15	1.3564e+15	2.7128e+15	4.06921e+15	5.42561e+15	6.78201e+15	8.13841e+15	9.49481e+15	1.08512e+16	1.22076e+16	1.5454e+16	2.48498e+16	4.53523e+17	2.52454	2.37617	2.37617	2.37617	2.37617	2.37617	2.37617	2.37617	2.37617	2.37617	2.37617	2.37617	2.31859	1.96603	2.58816	
185850	6.87411e+17	2.79941e+17	1.22503e+17	7.75086e+16	1.55017e+17	2.32526e+17	3.10035e+17	3.87543e+17	4.65052e+17	5.4256e+17	6.20069e+17	6.97578e+17	7.71808e+17	8.35859e+17	2.02718e+16	5.32301e+15	4.89834e+15	2.14353e+15	1.35623e+15	2.71245e+15	4.06868e+15	5.4249e+15	6.78113e+15	8.13735e+15	9.49358e+15	1.08498e+16	1.2206e+16	1.5468e+16	2.48887e+16	4.53518e+17	2.52726	2.37914	2.37914	2.37914	2.37914	2.37914	2.37914	2.37914	2.37914	2.37914	2.37914	2.37914	2.32135	1.96823	2.58189	
186102	6.87412e+17	2.79942e+17	1.22503e+17	7.75089e+16	1.55018e+17	2.32527e+17	3.10036e+17	3.87545e+17	4.65054e+17	5.42562e+17	6.20071e+17	6.9758e+17	7.71785e+17	8.35796e+17	2.03557e+16	5.32242e+15	4.8977e+15	2.14325e+15	1.35605e+15	2.7121e+15	4.06815e+15	5.4242e+15	6.78025e+15	8.1363e+15	9.49235e+15	1.08484e+16	1.22045e+16	1.54821e+16	2.49277e+16	4.53513e+17	2.52997	2.38211	2.38211	2.38211	2.38211	2.38211	2.38211	2.38211	2.38211	2.38211	2.38211	2.38211	2.32412	1.97043	2.57564	
186354	6.87413e+17	2.79943e+17	1.22504e+17	7.75092e+16	1.55018e+17	2.32528e+17	3.10037e+17	3.87546e+17	4.65055e+17	5.42565e+17	6.20074e+17	6.97583e+17	7.71763e+17	8.35732e+17	2.04401e+16	5.32184e+15	4.89707e+15	2.14297e+15	1.35588e+15	2.71175e+15	4.06763e+15	5.4235e+15	6.77938e+15	8.13525e+15	9.49113e+15	1.0847e+16	1.22029e+16	1.54961e+16	2.49668e+16	4.53507e+17	2.53268	2.38508	2.38508	2.38508	2.38508	2.38508	2.38508	2.38508	2.38508	2.38508	2.38508	2.38508	2.32688	1.97261	2.56941	
186606	6.87414e+17	2.79944e+17	1.22504e+17	7.75095e+16	1.55019e+17	2.32529e+17	3.10038e+17	3.87548e+17	4.65057e+17	5.42567e+17	6.20076e+17	6.97586e+17	7.7174e+17	8.35668e+17	2.05249e+16	5.32126e+15	4.89644e+15	2.1427e+15	1.3557e+15	2.7114e+15	4.0671e+15	5.4228e+15	6.7785e+15	8.13421e+15	9.48991e+15	1.08456e+16	1.22013e+16	1.551e+16	2.50061e+16	4.53502e+17	2.53538	2.38804	2.38804	2.38804	2.38804	2.38804	2.38804	2.38804	2.38804	2.38804	2.38804	2.38804	2.32963	1.97478	2.56321	
186859	6.87415e+17	2.79945e+17	1.22505e+17	7.75098e+16	1.5502e+17	2.32529e+17	3.10039e+17	3.87549e+17	4.65059e+17	5.42569e+17	6.20078e+17	6.97588e+17	7.71717e+17	8.35605e+17	2.06102e+16	5.32069e+15	4.89581e+15	2.14242e+15	1.35553e+15	2.71105e+15	4.06658e+15	5.42211e+15	6.77763e+15	8.13316e+15	9.48869e+15	1.08442e+16	1.21997e+16	1.55239e+16	2.50455e+16	4.53497e+17	2.53808	2.39099	2.39099	2.39099	2.39099	2.39099	2.39099	2.39099	2.39099	2.39099	2.39099	2.39099	2.33238	1.97695	2.55701	
187111	6.87416e+17	2.79946e+17	1.22505e+17	7.75101e+16	1.5502e+17	2.3253e+17	3.1004e+17	3.8755e+17	4.6506e+17	5.42571e+17	6.20081e+17	6.97591e+17	7.71695e+17	8.3554e+17	2.0696e+16	5.32011e+15	4.89519e+15	2.14215e+15	1.35535e+15	2.71071e+15	4.06606e+15	5.42141e+15	6.77677e+15	8.13212e+15	9.48748e+15	1.08428e+16	1.21982e+16	1.55377e+16	2.5085e+16	4.53491e+17	2.54078	2.39395	2.39395	2.39395	2.39395	2.39395	2.39395	2.39395	2.39395	2.39395	2.39395	2.39395	2.33513	1.97911	2.55084	
187363	6.87417e+17	2.79947e+17	1.22506e+17	7.75104e+16	1.55021e+17	2.32531e+17	3.10041e+17	3.87552e+17	4.65062e+17	5.42573e+17	6.20083e+17	6.97593e+17	7.71672e+17	8.35476e+17	2.07821e+16	5.31954e+15	4.89456e+15	2.14187e+15	1.35518e+15	2.71036e+15	4.06554e+15	5.42072e+15	6.7759e+15	8.13109e+15	9.48627e+15	1.08414e+16	1.21966e+16	1.55515e+16	2.51247e+16	4.53486e+17	2.54347	2.39689	2.39689	2.39689	2.39689	2.39689	2.39689	2.39689	2.39689	2.39689	2.39689	2.39689	2.33787	1.98126	2.5447	
187615	6.87418e+17	2.79948e+17	1.22506e+17	7.75106e+16	1.55021e+17	2.32532e+17	3.10043e+17	3.87553e+17	4.65064e+17	5.42574e+17	6.20085e+17	6.97596e+17	7.7165e+17	8.35412e+17	2.08688e+16	5.31897e+15	4.89394e+15	2.1416e+15	1.35501e+15	2.71002e+15	4.06503e+15	5.42004e+15	6.77504e+15	8.13005e+15	9.48506e+15	1.08401e+16	1.21951e+16	1.55653e+16	2.51644e+16	4.5348e+17	2.54616	2.39983	2.39983	2.39983	2.39983	2.39983	2.39983	2.39983	2.39983	2.39983	2.39983	2.39983	2.34061	1.9834	2.53856	
187867	6.8742e+17	2.79949e+17	1.22507e+17	7.75109e+16	1.55022e+17	2.32533e+17	3.10044e+17	3.87555e+17	4.65066e+17	5.42576e+17	6.20087e+17	6.97598e+17	7.71627e+17	8.35347e+17	2.09558e+16	5.3184e+15	4.89332e+15	2.14133e+15	1.35484e+15	2.70967e+15	4.06451e+15	5.41935e+15	6.77419e+15	8.12902e+15	9.48386e+15	1.08387e+16	1.21935e+16	1.5579e+16	2.52043e+16	4.53475e+17	2.54884	2.40277	2.40277	2.40277	2.40277	2.40277	2.40277	2.40277	2.40277	2.40277	2.40277	2.40277	2.34335	1.98553	2.53246	
188119	6.87421e+17	2.7995e+17	1.22507e+17	7.75112e+16	1.55022e+17	2.32534e+17	3.10045e+17	3.87556e+17	4.65067e+17	5.42578e+17	6.2009e+17	6.97601e+17	7.71605e+17	8.35282e+17	2.10433e+16	5.31783e+15	4.89271e+15	2.14106e+15	1.35467e+15	2.70933e+15	4.064e+15	5.41867e+15	6.77333e+15	8.128e+15	9.48266e+15	1.08373e+16	1.2192e+16	1.55927e+16	2.52443e+16	4.53469e+17	2.55151	2.4057	2.4057	2.4057	2.4057	2.4057	2.4057	2.4057	2.4057	2.4057	2.4057	2.4057	2.34608	1.98766	2.52637	
188372	6.87422e+17	2.79951e+17	1.22507e+17	7.75115e+16	1.55023e+17	2.32534e+17	3.10046e+17	3.87557e+17	4.65069e+17	5.4258e+17	6.20092e+17	6.97603e+17	7.71583e+17	8.35217e+17	2.11314e+16	5.31726e+15	4.89209e+15	2.14079e+15	1.3545e+15	2.70899e+15	4.06349e+15	5.41798e+15	6.77248e+15	8.12698e+15	9.48147e+15	1.0836e+16	1.21905e+16	1.56063e+16	2.52844e+16	4.53464e+17	2.55419	2.40863	2.40863	2.40863	2.40863	2.40863	2.40863	2.40863	2.40863	2.40863	2.40863	2.40863	2.34881	1.98978	2.5203	
188624	6.87423e+17	2.79952e+17	1.22508e+17	7.75118e+16	1.55024e+17	2.32535e+17	3.10047e+17	3.87559e+17	4.65071e+17	5.42582e+17	6.20094e+17	6.97606e+17	7.7156e+17	8.35152e+17	2.12199e+16	5.3167e+15	4.89148e+15	2.14052e+15	1.35433e+15	2.70865e+15	4.06298e+15	5.4173e+15	6.77163e+15	8.12596e+15	9.48028e+15	1.08346e+16	1.21889e+16	1.56199e+16	2.53246e+16	4.53458e+17	2.55686	2.41155	2.41155	2.41155	2.41155	2.41155	2.41155	2.41155	2.41155	2.41155	2.41155	2.41155	2.35154	1.99189	2.51425	
188876	6.87424e+17	2.79953e+17	1.22508e+17	7.7512e+16	1.55024e+17	2.32536e+17	3.10048e+17	3.8756e+17	4.65072e+17	5.42584e+17	6.20096e+17	6.97608e+17	7.71538e+17	8.35087e+17	2.13087e+16	5.31614e+15	4.89086e+15	2.14025e+15	1.35416e+15	2.70831e+15	4.06247e+15	5.41663e+15	6.77078e+15	8.12494e+15	9.4791e+15	1.08333e+16	1.21874e+16	1.56335e+16	2.53649e+16	4.53452e+17	2.55953	2.41447	2.41447	2.41447	2.41447	2.41447	2.41447	2.41447	2.41447	2.41447	2.41447	2.41447	2.35426	1.99399	2.50823	
189129	6.87425e+17	2.79954e+17	1.22509e+17	7.75123e+16	1.55025e+17	2.32537e+17	3.10049e+17	3.87562e+17	4.65074e+17	5.42586e+17	6.20099e+17	6.97611e+17	7.71516e+17	8.35021e+17	2.13981e+16	5.31558e+15	4.89025e+15	2.13999e+15	1.35399e+15	2.70798e+15	4.06196e+15	5.41595e+15	6.76994e+15	8.12393e+15	9.47792e+15	1.08319e+16	1.21859e+16	1.5647e+16	2.54053e+16	4.53446e+17	2.56219	2.41738	2.41738	2.41738	2.41738	2.41738	2.41738	2.41738	2.41738	2.41738	2.41738	2.41738	2.35697	1.99608	2.50222	
189381	6.87426e+17	2.79955e+17	1.22509e+17	7.75126e+16	1.55025e+17	2.32538e+17	3.1005e+17	3.87563e+17	4.65076e+17	5.42588e+17	6.20101e+17	6.97613e+17	7.71494e+17	8.34956e+17	2.14879e+16	5.31502e+15	4.88965e+15	2.13972e+15	1.35382e+15	2.70764e+15	4.06146e+15	5.41528e+15	6.7691e+15	8.12292e+15	9.47674e+15	1.08306e+16	1.21844e+16	1.56605e+16	2.54458e+16	4.5344e+17	2.56485	2.42029	2.42029	2.42029	2.42029	2.42029	2.42029	2.42029	2.42029	2.42029	2.42029	2.42029	2.35969	1.99816	2.49623	
189633	6.87427e+17	2.79956e+17	1.2251e+17	7.75129e+16	1.55026e+17	2.32539e+17	3.10051e+17	3.87564e+17	4.65077e+17	5.4259e+17	6.20103e+17	6.97616e+17	7.71472e+17	8.3489e+17	2.15781e+16	5.31447e+15	4.88904e+15	2.13946e+15	1.35365e+15	2.7073e+15	4.06096e+15	5.41461e+15	6.76826e+15	8.12191e+15	9.47557e+15	1.08292e+16	1.21829e+16	1.56739e+16	2.54864e+16	4.53434e+17	2.5675	2.42319	2.42319	2.42319	2.42319	2.42319	2.42319	2.42319	2.42319	2.42319	2.42319	2.42319	2.36239	2.00024	2.49027	
189886	6.87428e+17	2.79957e+17	1.2251e+17	7.75131e+16	1.55026e+17	2.32539e+17	3.10053e+17	3.87566e+17	4.65079e+17	5.42592e+17	6.20105e+17	6.97618e+17	7.7145e+17	8.34824e+17	2.16689e+16	5.31391e+15	4.88844e+15	2.13919e+15	1.35349e+15	2.70697e+15	4.06046e+15	5.41394e+15	6.76743e+15	8.12091e+15	9.4744e+15	1.08279e+16	1.21814e+16	1.56873e+16	2.55272e+16	4.53428e+17	2.57016	2.42609	2.42609	2.42609	2.42609	2.42609	2.42609	2.42609	2.42609	2.42609	2.42609	2.42609	2.3651	2.00231	2.48432	
190138	6.87429e+17	2.79958e+17	1.22511e+17	7.75134e+16	1.55027e+17	2.3254e+17	3.10054e+17	3.87567e+17	4.65081e+17	5.42594e+17	6.20107e+17	6.97621e+17	7.71428e+17	8.34758e+17	2.17602e+16	5.31336e+15	4.88784e+15	2.13893e+15	1.35332e+15	2.70664e+15	4.05996e+15	5.41328e+15	6.76659e+15	8.11991e+15	9.47323e+15	1.08266e+16	1.21799e+16	1.57007e+16	2.5568e+16	4.53422e+17	2.57281	2.42898	2.42898	2.42898	2.42898	2.42898	2.42898	2.42898	2.42898	2.42898	2.42898	2.42898	2.3678	2.00437	2.4784	
190390	6.87431e+17	2.79959e+17	1.22511e+17	7.75137e+16	1.55027e+17	2.32541e+17	3.10055e+17	3.87568e+17	4.65082e+17	5.42596e+17	6.2011e+17	6.97623e+17	7.71407e+17	8.34691e+17	2.18518e+16	5.31281e+15	4.88724e+15	2.13867e+15	1.35315e+15	2.70631e+15	4.05946e+15	5.41261e+15	6.76576e+15	8.11892e+15	9.47207e+15	1.08252e+16	1.21784e+16	1.5714e+16	2.56089e+16	4.53416e+17	2.57545	2.43187	2.43187	2.43187	2.43187	2.43187	2.43187	2.43187	2.43187	2.43187	2.43187	2.43187	2.3705	2.00642	2.4725	
190643	6.87432e+17	2.7996e+17	1.22511e+17	7.7514e+16	1.55028e+17	2.32542e+17	3.10056e+17	3.8757e+17	4.65084e+17	5.42598e+17	6.20112e+17	6.97626e+17	7.71385e+17	8.34625e+17	2.1944e+16	5.31226e+15	4.88664e+15	2.13841e+15	1.35299e+15	2.70598e+15	4.05896e+15	5.41195e+15	6.76494e+15	8.11793e+15	9.47091e+15	1.08239e+16	1.21769e+16	1.57273e+16	2.56499e+16	4.5341e+17	2.57809	2.43476	2.43476	2.43476	2.43476	2.43476	2.43476	2.43476	2.43476	2.43476	2.43476	2.43476	2.3732	2.00847	2.46661	
190895	6.87433e+17	2.79961e+17	1.22512e+17	7.75142e+16	1.55028e+17	2.32543e+17	3.10057e+17	3.87571e+17	4.65085e+17	5.426e+17	6.20114e+17	6.97628e+17	7.71363e+17	8.34558e+17	2.20365e+16	5.31172e+15	4.88605e+15	2.13815e+15	1.35282e+15	2.70565e+15	4.05847e+15	5.41129e+15	6.76411e+15	8.11694e+15	9.46976e+15	1.08226e+16	1.21754e+16	1.57406e+16	2.56909e+16	4.53404e+17	2.58072	2.43764	2.43764	2.43764	2.43764	2.43764	2.43764	2.43764	2.43764	2.43764	2.43764	2.43764	2.37589	2.0105	2.46075	
191148	6.87434e+17	2.79962e+17	1.22512e+17	7.75145e+16	1.55029e+17	2.32544e+17	3.10058e+17	3.87573e+17	4.65087e+17	5.42602e+17	6.20116e+17	6.97631e+17	7.71342e+17	8.34492e+17	2.21296e+16	5.31117e+15	4.88545e+15	2.13789e+15	1.35266e+15	2.70532e+15	4.05798e+15	5.41063e+15	6.76329e+15	8.11595e+15	9.46861e+15	1.08213e+16	1.21739e+16	1.57539e+16	2.57321e+16	4.53398e+17	2.58335	2.44051	2.44051	2.44051	2.44051	2.44051	2.44051	2.44051	2.44051	2.44051	2.44051	2.44051	2.37857	2.01253	2.45491	
191400	6.87435e+17	2.79963e+17	1.22513e+17	7.75148e+16	1.5503e+17	2.32544e+17	3.10059e+17	3.87574e+17	4.65089e+17	5.42603e+17	6.20118e+17	6.97633e+17	7.7132e+17	8.34425e+17	2.22232e+16	5.31063e+15	4.88486e+15	2.13763e+15	1.35249e+15	2.70499e+15	4.05748e+15	5.40998e+15	6.76247e+15	8.11497e+15	9.46746e+15	1.082e+16	1.21725e+16	1.57671e+16	2.57733e+16	4.53391e+17	2.58598	2.44339	2.44339	2.44339	2.44339	2.44339	2.44339	2.44339	2.44339	2.44339	2.44339	2.44339	2.38126	2.01455	2.44909	
191653	6.87436e+17	2.79964e+17	1.22513e+17	7.7515e+16	1.5503e+17	2.32545e+17	3.1006e+17	3.87575e+17	4.6509e+17	5.42605e+17	6.2012e+17	6.97635e+17	7.71299e+17	8.34358e+17	2.23172e+16	5.31009e+15	4.88427e+15	2.13737e+15	1.35233e+15	2.70466e+15	4.05699e+15	5.40933e+15	6.76166e+15	8.11399e+15	9.46632e+15	1.08187e+16	1.2171e+16	1.57803e+16	2.58147e+16	4.53385e+17	2.5886	2.44625	2.44625	2.44625	2.44625	2.44625	2.44625	2.44625	2.44625	2.44625	2.44625	2.44625	2.38394	2.01657	2.44329	
191905	6.87437e+17	2.79965e+17	1.22514e+17	7.75153e+16	1.55031e+17	2.32546e+17	3.10061e+17	3.87577e+17	4.65092e+17	5.42607e+17	6.20123e+17	6.97638e+17	7.71277e+17	8.34291e+17	2.24117e+16	5.30955e+15	4.88369e+15	2.13711e+15	1.35217e+15	2.70434e+15	4.05651e+15	5.40868e+15	6.76085e+15	8.11301e+15	9.46518e+15	1.08174e+16	1.21695e+16	1.57934e+16	2.5856e+16	4.53378e+17	2.59122	2.44911	2.44911	2.44911	2.44911	2.44911	2.44911	2.44911	2.44911	2.44911	2.44911	2.44911	2.38662	2.01857	2.43751	
192158	6.87438e+17	2.79966e+17	1.22514e+17	7.75156e+16	1.55031e+17	2.32547e+17	3.10062e+17	3.87578e+17	4.65093e+17	5.42609e+17	6.20125e+17	6.9764e+17	7.71256e+17	8.34224e+17	2.25067e+16	5.30901e+15	4.8831e+15	2.13686e+15	1.35201e+15	2.70401e+15	4.05602e+15	5.40803e+15	6.76003e+15	8.11204e+15	9.46405e+15	1.08161e+16	1.21681e+16	1.58066e+16	2.58975e+16	4.53372e+17	2.59384	2.45197	2.45197	2.45197	2.45197	2.45197	2.45197	2.45197	2.45197	2.45197	2.45197	2.45197	2.38929	2.02057	2.43175	
192411	6.87439e+17	2.79967e+17	1.22514e+17	7.75158e+16	1.55032e+17	2.32548e+17	3.10063e+17	3.87579e+17	4.65095e+17	5.42611e+17	6.20127e+17	6.97643e+17	7.71234e+17	8.34156e+17	2.26021e+16	5.30848e+15	4.88252e+15	2.1366e+15	1.35185e+15	2.70369e+15	4.05554e+15	5.40738e+15	6.75923e+15	8.11107e+15	9.46292e+15	1.08148e+16	1.21666e+16	1.58197e+16	2.59391e+16	4.53365e+17	2.59645	2.45483	2.45483	2.45483	2.45483	2.45483	2.45483	2.45483	2.45483	2.45483	2.45483	2.45483	2.39196	2.02256	2.42602	
192663	6.8744e+17	2.79968e+17	1.22515e+17	7.75161e+16	1.55032e+17	2.32548e+17	3.10064e+17	3.87581e+17	4.65097e+17	5.42613e+17	6.20129e+17	6.97645e+17	7.71213e+17	8.34089e+17	2.26979e+16	5.30795e+15	4.88194e+15	2.13635e+15	1.35168e+15	2.70337e+15	4.05505e+15	5.40674e+15	6.75842e+15	8.11011e+15	9.46179e+15	1.08135e+16	1.21652e+16	1.58327e+16	2.59806e+16	4.53359e+17	2.59905	2.45767	2.45767	2.45767	2.45767	2.45767	2.45767	2.45767	2.45767	2.45767	2.45767	2.45767	2.39463	2.02454	2.42031	
192916	6.87441e+17	2.79969e+17	1.22515e+17	7.75164e+16	1.55033e+17	2.32549e+17	3.10066e+17	3.87582e+17	4.65098e+17	5.42615e+17	6.20131e+17	6.97647e+17	7.71192e+17	8.34022e+17	2.27944e+16	5.30741e+15	4.88136e+15	2.13609e+15	1.35152e+15	2.70305e+15	4.05457e+15	5.4061e+15	6.75762e+15	8.10915e+15	9.46067e+15	1.08122e+16	1.21637e+16	1.58458e+16	2.60223e+16	4.53352e+17	2.60166	2.46052	2.46052	2.46052	2.46052	2.46052	2.46052	2.46052	2.46052	2.46052	2.46052	2.46052	2.39729	2.02652	2.41461	
193169	6.87442e+17	2.7997e+17	1.22516e+17	7.75166e+16	1.55033e+17	2.3255e+17	3.10067e+17	3.87583e+17	4.651e+17	5.42616e+17	6.20133e+17	6.9765e+17	7.7117e+17	8.33954e+17	2.28913e+16	5.30688e+15	4.88078e+15	2.13584e+15	1.35136e+15	2.70273e+15	4.05409e+15	5.40546e+15	6.75682e+15	8.10819e+15	9.45955e+15	1.08109e+16	1.21623e+16	1.58588e+16	2.60641e+16	4.53345e+17	2.60426	2.46336	2.46336	2.46336	2.46336	2.46336	2.46336	2.46336	2.46336	2.46336	2.46336	2.46336	2.39995	2.02849	2.40894	
193421	6.87443e+17	2.79971e+17	1.22516e+17	7.75169e+16	1.55034e+17	2.32551e+17	3.10068e+17	3.87585e+17	4.65101e+17	5.42618e+17	6.20135e+17	6.97652e+17	7.71149e+17	8.33886e+17	2.29886e+16	5.30636e+15	4.8802e+15	2.13559e+15	1.3512e+15	2.70241e+15	4.05361e+15	5.40482e+15	6.75602e+15	8.10723e+15	9.45843e+15	1.08096e+16	1.21608e+16	1.58718e+16	2.61059e+16	4.53338e+17	2.60685	2.46619	2.46619	2.46619	2.46619	2.46619	2.46619	2.46619	2.46619	2.46619	2.46619	2.46619	2.4026	2.03045	2.40329	
193674	6.87444e+17	2.79972e+17	1.22516e+17	7.75172e+16	1.55034e+17	2.32551e+17	3.10069e+17	3.87586e+17	4.65103e+17	5.4262e+17	6.20137e+17	6.97654e+17	7.71128e+17	8.33818e+17	2.30865e+16	5.30583e+15	4.87963e+15	2.13534e+15	1.35105e+15	2.70209e+15	4.05314e+15	5.40418e+15	6.75523e+15	8.10628e+15	9.45732e+15	1.08084e+16	1.21594e+16	1.58848e+16	2.61478e+16	4.53331e+17	2.60945	2.46903	2.46903	2.46903	2.46903	2.46903	2.46903	2.46903	2.46903	2.46903	2.46903	2.46903	2.40526	2.03241	2.39765	
193927	6.87445e+17	2.79973e+17	1.22517e+17	7.75174e+16	1.55035e+17	2.32552e+17	3.1007e+17	3.87587e+17	4.65105e+17	5.42622e+17	6.20139e+17	6.97657e+17	7.71107e+17	8.33751e+17	2.31848e+16	5.30531e+15	4.87906e+15	2.13509e+15	1.35089e+15	2.70178e+15	4.05266e+15	5.40355e+15	6.75444e+15	8.10533e+15	9.45622e+15	1.08071e+16	1.2158e+16	1.58977e+16	2.61897e+16	4.53324e+17	2.61203	2.47185	2.47185	2.47185	2.47185	2.47185	2.47185	2.47185	2.47185	2.47185	2.47185	2.47185	2.40791	2.03435	2.39205	
194179	6.87446e+17	2.79974e+17	1.22517e+17	7.75177e+16	1.55035e+17	2.32553e+17	3.10071e+17	3.87588e+17	4.65106e+17	5.42624e+17	6.20141e+17	6.97659e+17	7.71086e+17	8.33683e+17	2.32835e+16	5.30479e+15	4.87849e+15	2.13484e+15	1.35073e+15	2.70146e+15	4.05219e+15	5.40292e+15	6.75365e+15	8.10438e+15	9.45511e+15	1.08058e+16	1.21566e+16	1.59107e+16	2.62317e+16	4.53317e+17	2.61461	2.47467	2.47467	2.47467	2.47467	2.47467	2.47467	2.47467	2.47467	2.47467	2.47467	2.47467	2.41055	2.03629	2.38646	
194429	6.87447e+17	2.79975e+17	1.22518e+17	7.75179e+16	1.55036e+17	2.32554e+17	3.10072e+17	3.8759e+17	4.65108e+17	5.42626e+17	6.20144e+17	6.97661e+17	7.71065e+17	8.33615e+17	2.33817e+16	5.30427e+15	4.87793e+15	2.13459e+15	1.35057e+15	2.70115e+15	4.05172e+15	5.4023e+15	6.75287e+15	8.10345e+15	9.45402e+15	1.08046e+16	1.21552e+16	1.59234e+16	2.62732e+16	4.5331e+17	2.61717	2.47746	2.47746	2.47746	2.47746	2.47746	2.47746	2.47746	2.47746	2.47746	2.47746	2.47746	2.41316	2.0382	2.38095	
194681	6.87448e+17	2.79976e+17	1.22518e+17	7.75182e+16	1.55036e+17	2.32555e+17	3.10073e+17	3.87591e+17	4.65109e+17	5.42627e+17	6.20146e+17	6.97664e+17	7.71044e+17	8.33547e+17	2.34813e+16	5.30376e+15	4.87736e+15	2.13435e+15	1.35042e+15	2.70084e+15	4.05126e+15	5.40167e+15	6.75209e+15	8.10251e+15	9.45293e+15	1.08033e+16	1.21538e+16	1.59363e+16	2.63152e+16	4.53303e+17	2.61974	2.48027	2.48027	2.48027	2.48027	2.48027	2.48027	2.48027	2.48027	2.48027	2.48027	2.48027	2.4158	2.04012	2.37542	
194935	6.87449e+17	2.79977e+17	1.22518e+17	7.75185e+16	1.55037e+17	2.32555e+17	3.10074e+17	3.87592e+17	4.65111e+17	5.42629e+17	6.20148e+17	6.97666e+17	7.71023e+17	8.33479e+17	2.35817e+16	5.30324e+15	4.8768e+15	2.1341e+15	1.35026e+15	2.70052e+15	4.05079e+15	5.40105e+15	6.75131e+15	8.10157e+15	9.45184e+15	1.08021e+16	1.21524e+16	1.59492e+16	2.63575e+16	4.53296e+17	2.62231	2.48308	2.48308	2.48308	2.48308	2.48308	2.48308	2.48308	2.48308	2.48308	2.48308	2.48308	2.41844	2.04204	2.36988	
195187	6.8745e+17	2.79978e+17	1.22519e+17	7.75187e+16	1.55037e+17	2.32556e+17	3.10075e+17	3.87594e+17	4.65112e+17	5.42631e+17	6.2015e+17	6.97668e+17	7.71002e+17	8.33411e+17	2.36823e+16	5.30272e+15	4.87624e+15	2.13385e+15	1.35011e+15	2.70021e+15	4.05032e+15	5.40043e+15	6.75053e+15	8.10064e+15	9.45075e+15	1.08009e+16	1.2151e+16	1.5962e+16	2.63996e+16	4.53289e+17	2.62488	2.48588	2.48588	2.48588	2.48588	2.48588	2.48588	2.48588	2.48588	2.48588	2.48588	2.48588	2.42106	2.04395	2.36439	
195440	6.87451e+17	2.79978e+17	1.22519e+17	7.7519e+16	1.55038e+17	2.32557e+17	3.10076e+17	3.87595e+17	4.65114e+17	5.42633e+17	6.20152e+17	6.97671e+17	7.70981e+17	8.33342e+17	2.37837e+16	5.30221e+15	4.87568e+15	2.13361e+15	1.34995e+15	2.6999e+15	4.04985e+15	5.39981e+15	6.74976e+15	8.09971e+15	9.44966e+15	1.07996e+16	1.21496e+16	1.59748e+16	2.64419e+16	4.53281e+17	2.62745	2.48869	2.48869	2.48869	2.48869	2.48869	2.48869	2.48869	2.48869	2.48869	2.48869	2.48869	2.4237	2.04586	2.3589	
195693	6.87452e+17	2.79979e+17	1.2252e+17	7.75192e+16	1.55038e+17	2.32558e+17	3.10077e+17	3.87596e+17	4.65115e+17	5.42635e+17	6.20154e+17	6.97673e+17	7.7096e+17	8.33274e+17	2.38853e+16	5.3017e+15	4.87512e+15	2.13336e+15	1.3498e+15	2.69959e+15	4.04939e+15	5.39919e+15	6.74899e+15	8.09878e+15	9.44858e+15	1.07984e+16	1.21482e+16	1.59876e+16	2.64841e+16	4.53274e+17	2.63	2.49148	2.49148	2.49148	2.49148	2.49148	2.49148	2.49148	2.49148	2.49148	2.49148	2.49148	2.42632	2.04775	2.35344	
195946	6.87453e+17	2.7998e+17	1.2252e+17	7.75195e+16	1.55039e+17	2.32558e+17	3.10078e+17	3.87597e+17	4.65117e+17	5.42636e+17	6.20156e+17	6.97675e+17	7.70939e+17	8.33205e+17	2.39877e+16	5.30119e+15	4.87456e+15	2.13312e+15	1.34964e+15	2.69929e+15	4.04893e+15	5.39857e+15	6.74821e+15	8.09786e+15	9.4475e+15	1.07971e+16	1.21468e+16	1.60004e+16	2.65264e+16	4.53266e+17	2.63256	2.49428	2.49428	2.49428	2.49428	2.49428	2.49428	2.49428	2.49428	2.49428	2.49428	2.49428	2.42894	2.04964	2.34799	
196199	6.87454e+17	2.79981e+17	1.22521e+17	7.75197e+16	1.55039e+17	2.32559e+17	3.10079e+17	3.87599e+17	4.65118e+17	5.42638e+17	6.20158e+17	6.97678e+17	7.70918e+17	8.33137e+17	2.40902e+16	5.30068e+15	4.87401e+15	2.13288e+15	1.34949e+15	2.69898e+15	4.04847e+15	5.39796e+15	6.74745e+15	8.09694e+15	9.44643e+15	1.07959e+16	1.21454e+16	1.60132e+16	2.65687e+16	4.53259e+17	2.63511	2.49706	2.49706	2.49706	2.49706	2.49706	2.49706	2.49706	2.49706	2.49706	2.49706	2.49706	2.43156	2.05152	2.34259	
196452	6.87455e+17	2.79982e+17	1.22521e+17	7.752e+16	1.5504e+17	2.3256e+17	3.1008e+17	3.876e+17	4.6512e+17	5.4264e+17	6.2016e+17	6.9768e+17	7.70898e+17	8.33068e+17	2.41936e+16	5.30018e+15	4.87346e+15	2.13264e+15	1.34934e+15	2.69867e+15	4.04801e+15	5.39735e+15	6.74668e+15	8.09602e+15	9.44536e+15	1.07947e+16	1.2144e+16	1.60259e+16	2.66112e+16	4.53251e+17	2.63766	2.49985	2.49985	2.49985	2.49985	2.49985	2.49985	2.49985	2.49985	2.49985	2.49985	2.49985	2.43418	2.0534	2.33718	
196705	6.87456e+17	2.79983e+17	1.22521e+17	7.75202e+16	1.5504e+17	2.32561e+17	3.10081e+17	3.87601e+17	4.65121e+17	5.42642e+17	6.20162e+17	6.97682e+17	7.70877e+17	8.33e+17	2.42972e+16	5.29968e+15	4.87291e+15	2.1324e+15	1.34918e+15	2.69837e+15	4.04755e+15	5.39674e+15	6.74592e+15	8.09511e+15	9.44429e+15	1.07935e+16	1.21427e+16	1.60386e+16	2.66535e+16	4.53243e+17	2.64021	2.50262	2.50262	2.50262	2.50262	2.50262	2.50262	2.50262	2.50262	2.50262	2.50262	2.50262	2.43678	2.05526	2.33181	
196958	6.87457e+17	2.79984e+17	1.22522e+17	7.75205e+16	1.55041e+17	2.32561e+17	3.10082e+17	3.87602e+17	4.65123e+17	5.42643e+17	6.20164e+17	6.97684e+17	7.70856e+17	8.32931e+17	2.44015e+16	5.29917e+15	4.87236e+15	2.13216e+15	1.34903e+15	2.69806e+15	4.0471e+15	5.39613e+15	6.74516e+15	8.09419e+15	9.44323e+15	1.07923e+16	1.21413e+16	1.60514e+16	2.6696e+16	4.53236e+17	2.64275	2.5054	2.5054	2.5054	2.5054	2.5054	2.5054	2.5054	2.5054	2.5054	2.5054	2.5054	2.4394	2.05713	2.32645	
197211	6.87458e+17	2.79985e+17	1.22522e+17	7.75207e+16	1.55041e+17	2.32562e+17	3.10083e+17	3.87604e+17	4.65124e+17	5.42645e+17	6.20166e+17	6.97687e+17	7.70835e+17	8.32862e+17	2.45061e+16	5.29867e+15	4.87181e+15	2.13192e+15	1.34888e+15	2.69776e+15	4.04664e+15	5.39552e+15	6.74441e+15	8.09329e+15	9.44217e+15	1.0791e+16	1.21399e+16	1.6064e+16	2.67384e+16	4.53228e+17	2.64528	2.50817	2.50817	2.50817	2.50817	2.50817	2.50817	2.50817	2.50817	2.50817	2.50817	2.50817	2.442	2.05898	2.32112	
197464	6.87459e+17	2.79986e+17	1.22522e+17	7.7521e+16	1.55042e+17	2.32563e+17	3.10084e+17	3.87605e+17	4.65126e+17	5.42647e+17	6.20168e+17	6.97689e+17	7.70815e+17	8.32793e+17	2.46115e+16	5.29817e+15	4.87126e+15	2.13168e+15	1.34873e+15	2.69746e+15	4.04619e+15	5.39492e+15	6.74365e+15	8.09238e+15	9.44111e+15	1.07898e+16	1.21386e+16	1.60767e+16	2.6781e+16	4.5322e+17	2.64782	2.51093	2.51093	2.51093	2.51093	2.51093	2.51093	2.51093	2.51093	2.51093	2.51093	2.51093	2.4446	2.06083	2.3158	
197717	6.8746e+17	2.79987e+17	1.22523e+17	7.75212e+16	1.55042e+17	2.32564e+17	3.10085e+17	3.87606e+17	4.65127e+17	5.42649e+17	6.2017e+17	6.97691e+17	7.70794e+17	8.32725e+17	2.4717e+16	5.29768e+15	4.87072e+15	2.13144e+15	1.34858e+15	2.69716e+15	4.04574e+15	5.39432e+15	6.7429e+15	8.09148e+15	9.44006e+15	1.07886e+16	1.21372e+16	1.60893e+16	2.68234e+16	4.53212e+17	2.65035	2.51369	2.51369	2.51369	2.51369	2.51369	2.51369	2.51369	2.51369	2.51369	2.51369	2.51369	2.4472	2.06267	2.31052	
197970	6.87461e+17	2.79988e+17	1.22523e+17	7.75215e+16	1.55043e+17	2.32564e+17	3.10086e+17	3.87607e+17	4.65129e+17	5.4265e+17	6.20172e+17	6.97693e+17	7.70774e+17	8.32656e+17	2.48234e+16	5.29718e+15	4.87018e+15	2.1312e+15	1.34843e+15	2.69686e+15	4.04529e+15	5.39372e+15	6.74215e+15	8.09058e+15	9.43901e+15	1.07874e+16	1.21359e+16	1.6102e+16	2.6866e+16	4.53204e+17	2.65288	2.51645	2.51645	2.51645	2.51645	2.51645	2.51645	2.51645	2.51645	2.51645	2.51645	2.51645	2.4498	2.0645	2.30524	
198223	6.87462e+17	2.79988e+17	1.22524e+17	7.75217e+16	1.55043e+17	2.32565e+17	3.10087e+17	3.87609e+17	4.6513e+17	5.42652e+17	6.20174e+17	6.97695e+17	7.70753e+17	8.32587e+17	2.493e+16	5.29669e+15	4.86964e+15	2.13097e+15	1.34828e+15	2.69656e+15	4.04484e+15	5.39312e+15	6.7414e+15	8.08969e+15	9.43797e+15	1.07862e+16	1.21345e+16	1.61146e+16	2.69085e+16	4.53196e+17	2.65539	2.5192	2.5192	2.5192	2.5192	2.5192	2.5192	2.5192	2.5192	2.5192	2.5192	2.5192	2.45238	2.06633	2.3	
198476	6.87463e+17	2.79989e+17	1.22524e+17	7.7522e+16	1.55044e+17	2.32566e+17	3.10088e+17	3.8761e+17	4.65132e+17	5.42654e+17	6.20176e+17	6.97698e+17	7.70732e+17	8.32518e+17	2.50374e+16	5.2962e+15	4.8691e+15	2.13073e+15	1.34813e+15	2.69626e+15	4.0444e+15	5.39253e+15	6.74066e+15	8.08879e+15	9.43692e+15	1.07851e+16	1.21332e+16	1.61272e+16	2.69512e+16	4.53187e+17	2.65792	2.52195	2.52195	2.52195	2.52195	2.52195	2.52195	2.52195	2.52195	2.52195	2.52195	2.52195	2.45498	2.06815	2.29476	
198729	6.87464e+17	2.7999e+17	1.22524e+17	7.75222e+16	1.55044e+17	2.32567e+17	3.10089e+17	3.87611e+17	4.65133e+17	5.42655e+17	6.20178e+17	6.977e+17	7.70712e+17	8.32449e+17	2.5145e+16	5.29571e+15	4.86857e+15	2.1305e+15	1.34798e+15	2.69597e+15	4.04395e+15	5.39193e+15	6.73992e+15	8.0879e+15	9.43589e+15	1.07839e+16	1.21319e+16	1.61398e+16	2.69937e+16	4.53179e+17	2.66043	2.5247	2.5247	2.5247	2.5247	2.5247	2.5247	2.5247	2.5247	2.5247	2.5247	2.5247	2.45756	2.06996	2.28956	
198983	6.87465e+17	2.79991e+17	1.22525e+17	7.75224e+16	1.55045e+17	2.32567e+17	3.1009e+17	3.87612e+17	4.65135e+17	5.42657e+17	6.2018e+17	6.97702e+17	7.70691e+17	8.3238e+17	2.52534e+16	5.29522e+15	4.86803e+15	2.13026e+15	1.34784e+15	2.69567e+15	4.04351e+15	5.39134e+15	6.73918e+15	8.08701e+15	9.43485e+15	1.07827e+16	1.21305e+16	1.61524e+16	2.70364e+16	4.53171e+17	2.66294	2.52744	2.52744	2.52744	2.52744	2.52744	2.52744	2.52744	2.52744	2.52744	2.52744	2.52744	2.46014	2.07177	2.28437	
199235	6.87466e+17	2.79992e+17	1.22525e+17	7.75227e+16	1.55045e+17	2.32568e+17	3.10091e+17	3.87613e+17	4.65136e+17	5.42659e+17	6.20181e+17	6.97704e+17	7.70671e+17	8.32311e+17	2.5362e+16	5.29474e+15	4.8675e+15	2.13003e+15	1.34769e+15	2.69538e+15	4.04307e+15	5.39076e+15	6.73844e+15	8.08613e+15	9.43382e+15	1.07815e+16	1.21292e+16	1.61649e+16	2.70789e+16	4.53162e+17	2.66544	2.53017	2.53017	2.53017	2.53017	2.53017	2.53017	2.53017	2.53017	2.53017	2.53017	2.53017	2.46272	2.07356	2.27922	
199489	6.87467e+17	2.79993e+17	1.22526e+17	7.75229e+16	1.55046e+17	2.32569e+17	3.10092e+17	3.87615e+17	4.65138e+17	5.4266e+17	6.20183e+17	6.97706e+17	7.7065e+17	8.32242e+17	2.54714e+16	5.29425e+15	4.86697e+15	2.1298e+15	1.34754e+15	2.69508e+15	4.04263e+15	5.39017e+15	6.73771e+15	8.08525e+15	9.43279e+15	1.07803e+16	1.21279e+16	1.61775e+16	2.71216e+16	4.53154e+17	2.66795	2.53291	2.53291	2.53291	2.53291	2.53291	2.53291	2.53291	2.53291	2.53291	2.53291	2.53291	2.4653	2.07536	2.27406	
199742	6.87468e+17	2.79994e+17	1.22526e+17	7.75232e+16	1.55046e+17	2.3257e+17	3.10093e+17	3.87616e+17	4.65139e+17	5.42662e+17	6.20185e+17	6.97709e+17	7.7063e+17	8.32173e+17	2.5581e+16	5.29377e+15	4.86645e+15	2.12957e+15	1.3474e+15	2.69479e+15	4.04219e+15	5.38958e+15	6.73698e+15	8.08437e+15	9.43177e+15	1.07792e+16	1.21266e+16	1.619e+16	2.71642e+16	4.53145e+17	2.67045	2.53563	2.53563	2.53563	2.53563	2.53563	2.53563	2.53563	2.53563	2.53563	2.53563	2.53563	2.46787	2.07714	2.26895	
199996	6.87469e+17	2.79995e+17	1.22526e+17	7.75234e+16	1.55047e+17	2.3257e+17	3.10094e+17	3.87617e+17	4.6514e+17	5.42664e+17	6.20187e+17	6.97711e+17	7.7061e+17	8.32104e+17	2.56915e+16	5.29329e+15	4.86592e+15	2.12934e+15	1.34725e+15	2.6945e+15	4.04175e+15	5.389e+15	6.73625e+15	8.0835e+15	9.43075e+15	1.0778e+16	1.21252e+16	1.62025e+16	2.72069e+16	4.53136e+17	2.67295	2.53836	2.53836	2.53836	2.53836	2.53836	2.53836	2.53836	2.53836	2.53836	2.53836	2.53836	2.47044	2.07893	2.26384	
200000	6.87469e+17	2.79995e+17	1.22526e+17	7.75234e+16	1.55047e+17	2.3257e+17	3.10094e+17	3.87617e+17	4.6514e+17	5.42664e+17	6.20187e+17	6.97711e+17	7.70609e+17	8.32103e+17	2.56935e+16	5.29328e+15	4.86591e+15	2.12933e+15	1.34725e+15	2.69449e+15	4.04174e+15	5.38899e+15	6.73624e+15	8.08348e+15	9.43073e+15	1.0778e+16	1.21252e+16	1.62027e+16	2.72077e+16	4.53136e+17	2.67299	2.53841	2.53841	2.53841	2.53841	2.53841	2.53841	2.53841	2.53841	2.53841	2.53841	2.53841	2.47048	2.07896	2.26375	
