Time	Carb1	Carb2	Carb3	Carb4	Carb5	Carb6	Carb7	Carb8	Carb9	Carb10	Carb11	Carb12	Carb13	Carb14	Carb15	Sil1	Sil2	Sil3	Sil4	Sil5	Sil6	Sil7	Sil8	Sil9	Sil10	Sil11	Sil12	Sil13	Sil14	Sil15	c131	c132	c133	c134	c135	c136	c137	c138	c139	c1310	c1311	c1312	c1313	c1314	c1315	
0	6.8679e+17	2.79524e+17	1.22321e+17	7.73932e+16	1.54786e+17	2.3218e+17	3.09573e+17	3.86966e+17	4.64359e+17	5.41753e+17	6.19146e+17	6.96539e+17	7.5909e+17	2.85587e+17	5.49164e+15	5.6223e+15	5.13779e+15	2.24831e+15	1.42252e+15	2.84505e+15	4.26757e+15	5.69009e+15	7.11261e+15	8.53514e+15	9.95766e+15	1.13802e+16	1.28027e+16	2.32723e+16	2.63861e+17	2.89924e+17	4.68986	4.68986	4.68986	4.68986	4.68986	4.68986	4.68986	4.68986	4.68986	4.68986	4.68986	4.68986	4.68986	4.68986	4.68986	
252.681	6.86548e+17	2.79491e+17	1.22306e+17	7.73841e+16	1.54768e+17	2.32152e+17	3.09536e+17	3.8692e+17	4.64304e+17	5.41689e+17	6.19073e+17	6.96107e+17	7.58213e+17	3.35161e+17	8.49638e+15	5.62032e+15	5.13719e+15	2.24804e+15	1.42235e+15	2.84472e+15	4.26706e+15	5.68942e+15	7.11177e+15	8.53414e+15	9.95648e+15	1.13789e+16	1.27948e+16	2.32454e+16	3.09664e+17	4.48555e+17	4.68986	4.68986	4.68986	4.68986	4.68986	4.68986	4.68986	4.68986	4.68986	4.68986	4.68986	4.68986	4.68986	4.68986	4.68986	
503.024	6.86548e+17	2.79491e+17	1.22306e+17	7.73841e+16	1.54768e+17	2.32152e+17	3.09536e+17	3.8692e+17	4.64304e+17	5.41688e+17	6.19072e+17	6.96118e+17	7.58304e+17	3.35171e+17	8.49603e+15	5.62032e+15	5.13719e+15	2.24804e+15	1.42235e+15	2.84472e+15	4.26706e+15	5.68941e+15	7.11177e+15	8.53413e+15	9.95647e+15	1.13788e+16	1.2795e+16	2.32482e+16	3.09673e+17	4.48537e+17	4.68986	4.68986	4.68986	4.68986	4.68986	4.68986	4.68986	4.68986	4.68986	4.68986	4.68986	4.68986	4.68986	4.68986	4.68986	
753.859	6.86547e+17	2.79491e+17	1.22306e+17	7.7384e+16	1.54768e+17	2.32152e+17	3.09536e+17	3.8692e+17	4.64304e+17	5.41688e+17	6.19072e+17	6.96123e+17	7.58348e+17	3.35162e+17	8.49566e+15	5.62033e+15	5.13719e+15	2.24804e+15	1.42235e+15	2.84472e+15	4.26706e+15	5.68941e+15	7.11177e+15	8.53413e+15	9.95647e+15	1.13788e+16	1.27951e+16	2.32496e+16	3.09664e+17	4.48517e+17	4.68987	4.68986	4.68986	4.68986	4.68986	4.68986	4.68986	4.68986	4.68986	4.68986	4.68986	4.68986	4.68986	4.68986	4.68986	
1005.21	6.86547e+17	2.79491e+17	1.22306e+17	7.7384e+16	1.54768e+17	2.32152e+17	3.09536e+17	3.8692e+17	4.64304e+17	5.41688e+17	6.19072e+17	6.96126e+17	7.58375e+17	3.35152e+17	8.49566e+15	5.62041e+15	5.13718e+15	2.24803e+15	1.42235e+15	2.84472e+15	4.26706e+15	5.68941e+15	7.11177e+15	8.53413e+15	9.95647e+15	1.13788e+16	1.27951e+16	2.32504e+16	3.09655e+17	4.48517e+17	4.68987	4.68986	4.68986	4.68986	4.68986	4.68986	4.68986	4.68986	4.68986	4.68986	4.68986	4.68986	4.68986	4.68986	4.68986	
1255.64	6.86546e+17	2.79491e+17	1.22306e+17	7.7384e+16	1.54768e+17	2.32152e+17	3.09536e+17	3.8692e+17	4.64304e+17	5.41688e+17	6.19072e+17	6.96128e+17	7.58393e+17	3.35144e+17	8.49566e+15	5.62068e+15	5.13719e+15	2.24804e+15	1.42235e+15	2.84472e+15	4.26706e+15	5.68941e+15	7.11177e+15	8.53413e+15	9.95647e+15	1.13788e+16	1.27952e+16	2.32509e+16	3.09648e+17	4.48517e+17	4.6899	4.68986	4.68986	4.68986	4.68986	4.68986	4.68986	4.68986	4.68986	4.68986	4.68986	4.68986	4.68986	4.68986	4.68986	
1506.22	6.86545e+17	2.79491e+17	1.22306e+17	7.7384e+16	1.54768e+17	2.32152e+17	3.09536e+17	3.8692e+17	4.64304e+17	5.41688e+17	6.19072e+17	6.9613e+17	7.58407e+17	3.35138e+17	8.49566e+15	5.62137e+15	5.13719e+15	2.24804e+15	1.42235e+15	2.84472e+15	4.26706e+15	5.68942e+15	7.11177e+15	8.53414e+15	9.95648e+15	1.13789e+16	1.27952e+16	2.32514e+16	3.09643e+17	4.48517e+17	4.68998	4.68987	4.68987	4.68987	4.68987	4.68987	4.68987	4.68987	4.68987	4.68987	4.68987	4.68986	4.68986	4.68986	4.68986	
1757.2	6.86543e+17	2.79491e+17	1.22306e+17	7.7384e+16	1.54768e+17	2.32152e+17	3.09536e+17	3.8692e+17	4.64304e+17	5.41688e+17	6.19072e+17	6.96131e+17	7.58418e+17	3.35134e+17	8.49566e+15	5.62279e+15	5.1372e+15	2.24804e+15	1.42236e+15	2.84473e+15	4.26707e+15	5.68943e+15	7.11179e+15	8.53416e+15	9.9565e+15	1.13789e+16	1.27952e+16	2.32517e+16	3.09639e+17	4.48517e+17	4.69015	4.68987	4.68987	4.68987	4.68987	4.68987	4.68987	4.68987	4.68987	4.68987	4.68987	4.68986	4.68986	4.68986	4.68986	
2007.76	6.86539e+17	2.79491e+17	1.22306e+17	7.73839e+16	1.54768e+17	2.32152e+17	3.09536e+17	3.8692e+17	4.64304e+17	5.41687e+17	6.19071e+17	6.96131e+17	7.58428e+17	3.35131e+17	8.49566e+15	5.62532e+15	5.13723e+15	2.24805e+15	1.42236e+15	2.84474e+15	4.26709e+15	5.68946e+15	7.11183e+15	8.53421e+15	9.95655e+15	1.13789e+16	1.27953e+16	2.3252e+16	3.09636e+17	4.48517e+17	4.69044	4.68987	4.68987	4.68987	4.68987	4.68987	4.68987	4.68987	4.68987	4.68987	4.68987	4.68986	4.68986	4.68986	4.68986	
2258.76	6.86532e+17	2.79491e+17	1.22306e+17	7.73839e+16	1.54768e+17	2.32152e+17	3.09536e+17	3.86919e+17	4.64303e+17	5.41687e+17	6.19071e+17	6.96132e+17	7.58436e+17	3.35128e+17	8.49566e+15	5.62941e+15	5.13728e+15	2.24808e+15	1.42238e+15	2.84477e+15	4.26714e+15	5.68952e+15	7.1119e+15	8.53429e+15	9.95666e+15	1.13791e+16	1.27953e+16	2.32523e+16	3.09634e+17	4.48517e+17	4.69093	4.68988	4.68988	4.68988	4.68988	4.68988	4.68988	4.68988	4.68988	4.68988	4.68988	4.68987	4.68986	4.68986	4.68986	
2510.08	6.86523e+17	2.7949e+17	1.22306e+17	7.73838e+16	1.54768e+17	2.32152e+17	3.09535e+17	3.86919e+17	4.64303e+17	5.41687e+17	6.19071e+17	6.96132e+17	7.58444e+17	3.35127e+17	8.49566e+15	5.63548e+15	5.13737e+15	2.24812e+15	1.4224e+15	2.84482e+15	4.26721e+15	5.68962e+15	7.11202e+15	8.53444e+15	9.95683e+15	1.13793e+16	1.27954e+16	2.32525e+16	3.09632e+17	4.48517e+17	4.69166	4.68989	4.68989	4.68989	4.68989	4.68989	4.68989	4.68989	4.68989	4.68989	4.68989	4.68987	4.68986	4.68986	4.68986	
2760.58	6.86509e+17	2.7949e+17	1.22306e+17	7.73838e+16	1.54768e+17	2.32151e+17	3.09535e+17	3.86919e+17	4.64303e+17	5.41686e+17	6.1907e+17	6.96132e+17	7.58451e+17	3.35125e+17	8.49566e+15	5.64388e+15	5.13751e+15	2.24818e+15	1.42244e+15	2.8449e+15	4.26733e+15	5.68978e+15	7.11222e+15	8.53468e+15	9.95711e+15	1.13796e+16	1.27956e+16	2.32527e+16	3.0963e+17	4.48517e+17	4.69269	4.68991	4.68991	4.68991	4.68991	4.68991	4.68991	4.68991	4.68991	4.68991	4.68991	4.68987	4.68986	4.68986	4.68986	
3011.83	6.86492e+17	2.7949e+17	1.22305e+17	7.73837e+16	1.54767e+17	2.32151e+17	3.09535e+17	3.86918e+17	4.64302e+17	5.41686e+17	6.19069e+17	6.96132e+17	7.58457e+17	3.35124e+17	8.49566e+15	5.65495e+15	5.13774e+15	2.24828e+15	1.4225e+15	2.84502e+15	4.26751e+15	5.69002e+15	7.11253e+15	8.53505e+15	9.95753e+15	1.13801e+16	1.27959e+16	2.32529e+16	3.09629e+17	4.48517e+17	4.69405	4.68994	4.68994	4.68994	4.68994	4.68994	4.68994	4.68994	4.68994	4.68994	4.68994	4.68987	4.68986	4.68986	4.68986	
3262.15	6.8647e+17	2.79489e+17	1.22305e+17	7.73835e+16	1.54767e+17	2.32151e+17	3.09534e+17	3.86918e+17	4.64301e+17	5.41685e+17	6.19068e+17	6.96132e+17	7.58463e+17	3.35123e+17	8.49566e+15	5.6688e+15	5.13805e+15	2.24842e+15	1.42259e+15	2.8452e+15	4.26778e+15	5.69038e+15	7.11297e+15	8.53558e+15	9.95815e+15	1.13808e+16	1.27963e+16	2.32531e+16	3.09629e+17	4.48517e+17	4.69577	4.68998	4.68998	4.68998	4.68998	4.68998	4.68998	4.68998	4.68998	4.68998	4.68998	4.68987	4.68986	4.68986	4.68986	
3512.71	6.86444e+17	2.79488e+17	1.22305e+17	7.73833e+16	1.54767e+17	2.3215e+17	3.09533e+17	3.86917e+17	4.643e+17	5.41683e+17	6.19066e+17	6.96131e+17	7.58468e+17	3.35122e+17	8.49566e+15	5.68557e+15	5.1385e+15	2.24861e+15	1.42272e+15	2.84545e+15	4.26815e+15	5.69087e+15	7.11359e+15	8.53632e+15	9.95902e+15	1.13818e+16	1.27969e+16	2.32532e+16	3.09628e+17	4.48517e+17	4.69786	4.69004	4.69004	4.69004	4.69004	4.69004	4.69004	4.69004	4.69004	4.69004	4.69004	4.68988	4.68986	4.68986	4.68986	
3764.19	6.86413e+17	2.79488e+17	1.22304e+17	7.7383e+16	1.54766e+17	2.32149e+17	3.09532e+17	3.86915e+17	4.64298e+17	5.41681e+17	6.19064e+17	6.9613e+17	7.58473e+17	3.35122e+17	8.49566e+15	5.70525e+15	5.13911e+15	2.24888e+15	1.42289e+15	2.84579e+15	4.26866e+15	5.69155e+15	7.11444e+15	8.53734e+15	9.96021e+15	1.13832e+16	1.27978e+16	2.32534e+16	3.09627e+17	4.48517e+17	4.70032	4.69013	4.69013	4.69013	4.69013	4.69013	4.69013	4.69013	4.69013	4.69013	4.69013	4.68989	4.68986	4.68986	4.68986	
4014.97	6.86377e+17	2.79486e+17	1.22304e+17	7.73827e+16	1.54765e+17	2.32148e+17	3.09531e+17	3.86913e+17	4.64296e+17	5.41679e+17	6.19061e+17	6.96128e+17	7.58477e+17	3.35121e+17	8.49566e+15	5.72758e+15	5.13992e+15	2.24923e+15	1.42311e+15	2.84623e+15	4.26933e+15	5.69244e+15	7.11555e+15	8.53867e+15	9.96176e+15	1.1385e+16	1.27989e+16	2.32535e+16	3.09627e+17	4.48517e+17	4.70313	4.69024	4.69024	4.69024	4.69024	4.69024	4.69024	4.69024	4.69024	4.69024	4.69024	4.6899	4.68986	4.68986	4.68986	
4265.4	6.86338e+17	2.79485e+17	1.22303e+17	7.73822e+16	1.54764e+17	2.32147e+17	3.09529e+17	3.86911e+17	4.64293e+17	5.41676e+17	6.19058e+17	6.96126e+17	7.58482e+17	3.35121e+17	8.49566e+15	5.75231e+15	5.14095e+15	2.24968e+15	1.42339e+15	2.8468e+15	4.27018e+15	5.69358e+15	7.11697e+15	8.54038e+15	9.96376e+15	1.13873e+16	1.28005e+16	2.32536e+16	3.09627e+17	4.48517e+17	4.70624	4.69038	4.69038	4.69038	4.69038	4.69038	4.69038	4.69038	4.69038	4.69038	4.69038	4.68991	4.68986	4.68986	4.68986	
4516.65	6.86296e+17	2.79482e+17	1.22302e+17	7.73816e+16	1.54763e+17	2.32145e+17	3.09527e+17	3.86908e+17	4.6429e+17	5.41672e+17	6.19053e+17	6.96122e+17	7.58485e+17	3.35121e+17	8.49566e+15	5.77923e+15	5.14225e+15	2.25025e+15	1.42375e+15	2.84752e+15	4.27126e+15	5.69502e+15	7.11877e+15	8.54254e+15	9.96628e+15	1.13902e+16	1.28026e+16	2.32538e+16	3.09626e+17	4.48517e+17	4.70964	4.69056	4.69056	4.69056	4.69056	4.69056	4.69056	4.69056	4.69056	4.69056	4.69056	4.68993	4.68986	4.68986	4.68986	
4767.14	6.86251e+17	2.7948e+17	1.22301e+17	7.73809e+16	1.54762e+17	2.32143e+17	3.09524e+17	3.86905e+17	4.64286e+17	5.41667e+17	6.19047e+17	6.96118e+17	7.58489e+17	3.3512e+17	8.49566e+15	5.80779e+15	5.14384e+15	2.25095e+15	1.4242e+15	2.84841e+15	4.27259e+15	5.69679e+15	7.12099e+15	8.54519e+15	9.96938e+15	1.13938e+16	1.28053e+16	2.32539e+16	3.09626e+17	4.48517e+17	4.71324	4.69079	4.69079	4.69079	4.69079	4.69079	4.69079	4.69079	4.69079	4.69079	4.69078	4.68995	4.68986	4.68986	4.68986	
5018	6.86204e+17	2.79477e+17	1.223e+17	7.73801e+16	1.5476e+17	2.3214e+17	3.0952e+17	3.869e+17	4.64281e+17	5.41661e+17	6.1904e+17	6.96113e+17	7.58492e+17	3.3512e+17	8.49566e+15	5.83769e+15	5.14578e+15	2.2518e+15	1.42473e+15	2.84948e+15	4.2742e+15	5.69894e+15	7.12367e+15	8.54842e+15	9.97313e+15	1.13981e+16	1.28087e+16	2.3254e+16	3.09626e+17	4.48517e+17	4.71701	4.69106	4.69106	4.69106	4.69106	4.69106	4.69106	4.69106	4.69106	4.69106	4.69106	4.68998	4.68986	4.68986	4.68986	
5269.07	6.86156e+17	2.79473e+17	1.22298e+17	7.73791e+16	1.54758e+17	2.32137e+17	3.09516e+17	3.86895e+17	4.64274e+17	5.41654e+17	6.19032e+17	6.96106e+17	7.58495e+17	3.3512e+17	8.49566e+15	5.86849e+15	5.1481e+15	2.25281e+15	1.42537e+15	2.85076e+15	4.27612e+15	5.7015e+15	7.12688e+15	8.55226e+15	9.97762e+15	1.14032e+16	1.28129e+16	2.32541e+16	3.09626e+17	4.48517e+17	4.72089	4.69138	4.69138	4.69138	4.69138	4.69138	4.69138	4.69138	4.69138	4.69138	4.69138	4.69002	4.68986	4.68986	4.68986	
5519.26	6.86107e+17	2.79469e+17	1.22296e+17	7.73779e+16	1.54756e+17	2.32134e+17	3.09512e+17	3.86889e+17	4.64267e+17	5.41645e+17	6.19023e+17	6.96098e+17	7.58498e+17	3.3512e+17	8.49566e+15	5.89962e+15	5.15081e+15	2.254e+15	1.42612e+15	2.85226e+15	4.27838e+15	5.7045e+15	7.13063e+15	8.55677e+15	9.98288e+15	1.14093e+16	1.2818e+16	2.32541e+16	3.09626e+17	4.48517e+17	4.72481	4.69176	4.69176	4.69176	4.69176	4.69176	4.69176	4.69176	4.69176	4.69176	4.69176	4.69007	4.68986	4.68986	4.68986	
5770.33	6.86057e+17	2.79464e+17	1.22294e+17	7.73765e+16	1.54753e+17	2.3213e+17	3.09506e+17	3.86883e+17	4.64259e+17	5.41636e+17	6.19011e+17	6.96088e+17	7.585e+17	3.3512e+17	8.49566e+15	5.93091e+15	5.15397e+15	2.25538e+15	1.427e+15	2.85401e+15	4.281e+15	5.708e+15	7.135e+15	8.56202e+15	9.989e+15	1.14163e+16	1.28243e+16	2.32542e+16	3.09626e+17	4.48517e+17	4.72875	4.6922	4.6922	4.6922	4.6922	4.6922	4.6922	4.6922	4.6922	4.6922	4.6922	4.69012	4.68986	4.68986	4.68986	
6021.61	6.86009e+17	2.79458e+17	1.22292e+17	7.73749e+16	1.5475e+17	2.32125e+17	3.095e+17	3.86875e+17	4.64249e+17	5.41624e+17	6.18999e+17	6.96076e+17	7.58503e+17	3.3512e+17	8.49566e+15	5.96191e+15	5.1576e+15	2.25697e+15	1.428e+15	2.85602e+15	4.28401e+15	5.71202e+15	7.14003e+15	8.56804e+15	9.99603e+15	1.14244e+16	1.28318e+16	2.32543e+16	3.09626e+17	4.48517e+17	4.73263	4.69271	4.69271	4.69271	4.69271	4.69271	4.69271	4.69271	4.69271	4.69271	4.69271	4.69019	4.68986	4.68986	4.68986	
6271.92	6.85961e+17	2.79452e+17	1.22289e+17	7.73731e+16	1.54746e+17	2.32119e+17	3.09492e+17	3.86866e+17	4.64239e+17	5.41612e+17	6.18984e+17	6.96062e+17	7.58505e+17	3.3512e+17	8.49566e+15	5.99214e+15	5.1617e+15	2.25876e+15	1.42914e+15	2.85829e+15	4.28742e+15	5.71656e+15	7.1457e+15	8.57485e+15	1.0004e+16	1.14335e+16	1.28407e+16	2.32544e+16	3.09626e+17	4.48517e+17	4.73641	4.69329	4.69329	4.69329	4.69329	4.69329	4.69329	4.69329	4.69329	4.69329	4.69329	4.69027	4.68986	4.68986	4.68986	
6522.95	6.85915e+17	2.79444e+17	1.22286e+17	7.73711e+16	1.54742e+17	2.32113e+17	3.09484e+17	3.86855e+17	4.64227e+17	5.41598e+17	6.18968e+17	6.96045e+17	7.58507e+17	3.3512e+17	8.49566e+15	6.02152e+15	5.16632e+15	2.26079e+15	1.43042e+15	2.86085e+15	4.29126e+15	5.72168e+15	7.1521e+15	8.58253e+15	1.00129e+16	1.14438e+16	1.2851e+16	2.32544e+16	3.09626e+17	4.48517e+17	4.74008	4.69394	4.69394	4.69394	4.69394	4.69394	4.69394	4.69394	4.69394	4.69394	4.69393	4.69036	4.68986	4.68986	4.68986	
6773.63	6.8587e+17	2.79436e+17	1.22282e+17	7.73688e+16	1.54738e+17	2.32107e+17	3.09475e+17	3.86844e+17	4.64213e+17	5.41582e+17	6.1895e+17	6.96026e+17	7.58509e+17	3.3512e+17	8.49566e+15	6.04971e+15	5.17145e+15	2.26303e+15	1.43184e+15	2.8637e+15	4.29552e+15	5.72737e+15	7.15921e+15	8.59106e+15	1.00229e+16	1.14552e+16	1.28631e+16	2.32545e+16	3.09626e+17	4.48517e+17	4.74357	4.69466	4.69466	4.69466	4.69466	4.69466	4.69466	4.69466	4.69466	4.69466	4.69466	4.69047	4.68986	4.68986	4.68986	
7024.26	6.85828e+17	2.79427e+17	1.22278e+17	7.73664e+16	1.54733e+17	2.32099e+17	3.09465e+17	3.86832e+17	4.64198e+17	5.41565e+17	6.1893e+17	6.96004e+17	7.58511e+17	3.3512e+17	8.49566e+15	6.07654e+15	5.17712e+15	2.26551e+15	1.43341e+15	2.86683e+15	4.30023e+15	5.73364e+15	7.16706e+15	8.60048e+15	1.00339e+16	1.14679e+16	1.2877e+16	2.32545e+16	3.09626e+17	4.48517e+17	4.74689	4.69545	4.69545	4.69545	4.69545	4.69545	4.69545	4.69545	4.69545	4.69545	4.69545	4.6906	4.68986	4.68986	4.68986	
7275.73	6.85788e+17	2.79417e+17	1.22274e+17	7.73636e+16	1.54727e+17	2.32091e+17	3.09455e+17	3.86818e+17	4.64182e+17	5.41545e+17	6.18908e+17	6.95978e+17	7.58513e+17	3.3512e+17	8.49566e+15	6.10198e+15	5.18335e+15	2.26824e+15	1.43513e+15	2.87028e+15	4.3054e+15	5.74054e+15	7.17568e+15	8.61082e+15	1.00459e+16	1.14817e+16	1.28929e+16	2.32546e+16	3.09626e+17	4.48517e+17	4.75002	4.69633	4.69633	4.69633	4.69633	4.69633	4.69633	4.69633	4.69633	4.69633	4.69633	4.69074	4.68986	4.68986	4.68986	
7529.76	6.8575e+17	2.79407e+17	1.22269e+17	7.73606e+16	1.54721e+17	2.32082e+17	3.09443e+17	3.86803e+17	4.64164e+17	5.41525e+17	6.18884e+17	6.95949e+17	7.58515e+17	3.3512e+17	8.49566e+15	6.12607e+15	5.19019e+15	2.27123e+15	1.43703e+15	2.87407e+15	4.31109e+15	5.74812e+15	7.18515e+15	8.62219e+15	1.00592e+16	1.14969e+16	1.29111e+16	2.32547e+16	3.09626e+17	4.48517e+17	4.75297	4.69729	4.69729	4.69729	4.69729	4.69729	4.69729	4.69729	4.69729	4.69729	4.69729	4.69091	4.68986	4.68986	4.68986	
7780.79	6.85715e+17	2.79395e+17	1.22264e+17	7.73574e+16	1.54715e+17	2.32072e+17	3.0943e+17	3.86787e+17	4.64145e+17	5.41502e+17	6.18858e+17	6.95917e+17	7.58516e+17	3.3512e+17	8.49566e+15	6.14822e+15	5.19749e+15	2.27443e+15	1.43905e+15	2.87811e+15	4.31715e+15	5.7562e+15	7.19526e+15	8.63432e+15	1.00734e+16	1.15131e+16	1.29313e+16	2.32547e+16	3.09626e+17	4.48517e+17	4.75567	4.69831	4.69831	4.69831	4.69831	4.69831	4.69831	4.69831	4.69831	4.69831	4.69831	4.6911	4.68986	4.68986	4.68986	
8031.48	6.85683e+17	2.79383e+17	1.22259e+17	7.7354e+16	1.54708e+17	2.32062e+17	3.09416e+17	3.8677e+17	4.64124e+17	5.41478e+17	6.18831e+17	6.95881e+17	7.58518e+17	3.3512e+17	8.49566e+15	6.1687e+15	5.20531e+15	2.27785e+15	1.44122e+15	2.88244e+15	4.32365e+15	5.76487e+15	7.20608e+15	8.64731e+15	1.00885e+16	1.15305e+16	1.2954e+16	2.32548e+16	3.09626e+17	4.48517e+17	4.75815	4.69941	4.69941	4.69941	4.69941	4.69941	4.69941	4.69941	4.69941	4.69941	4.69941	4.6913	4.68986	4.68986	4.68986	
8282.11	6.85653e+17	2.7937e+17	1.22253e+17	7.73504e+16	1.54701e+17	2.32051e+17	3.09402e+17	3.86752e+17	4.64102e+17	5.41453e+17	6.18802e+17	6.95841e+17	7.58519e+17	3.3512e+17	8.49566e+15	6.18752e+15	5.21365e+15	2.2815e+15	1.44352e+15	2.88706e+15	4.33057e+15	5.7741e+15	7.21762e+15	8.66116e+15	1.01047e+16	1.1549e+16	1.29791e+16	2.32548e+16	3.09626e+17	4.48517e+17	4.76042	4.70058	4.70058	4.70058	4.70058	4.70058	4.70058	4.70058	4.70058	4.70058	4.70057	4.69154	4.68986	4.68986	4.68986	
8533.58	6.85626e+17	2.79356e+17	1.22247e+17	7.73465e+16	1.54693e+17	2.32039e+17	3.09386e+17	3.86732e+17	4.64079e+17	5.41425e+17	6.18771e+17	6.95797e+17	7.58521e+17	3.3512e+17	8.49566e+15	6.2048e+15	5.22251e+15	2.28538e+15	1.44598e+15	2.89197e+15	4.33794e+15	5.78392e+15	7.2299e+15	8.67588e+15	1.01219e+16	1.15687e+16	1.3007e+16	2.32548e+16	3.09626e+17	4.48517e+17	4.76249	4.70182	4.70182	4.70182	4.70182	4.70182	4.70182	4.70182	4.70182	4.70182	4.70181	4.69179	4.68986	4.68986	4.68986	
8787.61	6.85601e+17	2.79341e+17	1.2224e+17	7.73424e+16	1.54685e+17	2.32027e+17	3.09369e+17	3.86712e+17	4.64054e+17	5.41397e+17	6.18737e+17	6.95747e+17	7.58522e+17	3.3512e+17	8.49566e+15	6.22067e+15	5.23196e+15	2.28951e+15	1.44859e+15	2.8972e+15	4.34578e+15	5.79438e+15	7.24297e+15	8.69158e+15	1.01402e+16	1.15897e+16	1.30379e+16	2.32549e+16	3.09626e+17	4.48517e+17	4.76438	4.70314	4.70314	4.70314	4.70314	4.70314	4.70314	4.70314	4.70314	4.70314	4.70314	4.69208	4.68986	4.68986	4.68986	
9038.64	6.85579e+17	2.79325e+17	1.22233e+17	7.73381e+16	1.54676e+17	2.32014e+17	3.09352e+17	3.8669e+17	4.64028e+17	5.41367e+17	6.18703e+17	6.95694e+17	7.58523e+17	3.3512e+17	8.49566e+15	6.23486e+15	5.24176e+15	2.2938e+15	1.45131e+15	2.90262e+15	4.35392e+15	5.80523e+15	7.25654e+15	8.70785e+15	1.01591e+16	1.16114e+16	1.30714e+16	2.32549e+16	3.09626e+17	4.48517e+17	4.76606	4.70451	4.70451	4.70451	4.70451	4.70451	4.70451	4.70451	4.70451	4.70451	4.7045	4.69239	4.68986	4.68986	4.68986	
9289.33	6.85559e+17	2.79309e+17	1.22226e+17	7.73336e+16	1.54667e+17	2.32001e+17	3.09334e+17	3.86668e+17	4.64002e+17	5.41335e+17	6.18667e+17	6.95637e+17	7.58525e+17	3.3512e+17	8.49566e+15	6.24762e+15	5.25197e+15	2.29827e+15	1.45413e+15	2.90828e+15	4.3624e+15	5.81654e+15	7.27068e+15	8.72482e+15	1.01789e+16	1.16341e+16	1.31078e+16	2.3255e+16	3.09626e+17	4.48517e+17	4.76757	4.70593	4.70593	4.70593	4.70593	4.70593	4.70593	4.70593	4.70593	4.70593	4.70593	4.69272	4.68986	4.68986	4.68986	
9539.96	6.85541e+17	2.79292e+17	1.22219e+17	7.7329e+16	1.54658e+17	2.31987e+17	3.09316e+17	3.86645e+17	4.63974e+17	5.41303e+17	6.1863e+17	6.95574e+17	7.58526e+17	3.3512e+17	8.49566e+15	6.25906e+15	5.26258e+15	2.30291e+15	1.45707e+15	2.91415e+15	4.37122e+15	5.82829e+15	7.28537e+15	8.74245e+15	1.01995e+16	1.16576e+16	1.31472e+16	2.3255e+16	3.09626e+17	4.48517e+17	4.76891	4.70742	4.70742	4.70742	4.70742	4.70742	4.70742	4.70742	4.70742	4.70742	4.70741	4.69309	4.68986	4.68986	4.68986	
9791.42	6.85524e+17	2.79275e+17	1.22211e+17	7.73241e+16	1.54648e+17	2.31972e+17	3.09297e+17	3.86621e+17	4.63945e+17	5.41269e+17	6.18591e+17	6.95506e+17	7.58527e+17	3.3512e+17	8.49565e+15	6.26932e+15	5.2736e+15	2.30774e+15	1.46012e+15	2.92026e+15	4.38037e+15	5.8405e+15	7.30063e+15	8.76076e+15	1.02209e+16	1.1682e+16	1.31899e+16	2.3255e+16	3.09626e+17	4.48517e+17	4.77011	4.70895	4.70895	4.70895	4.70895	4.70895	4.70895	4.70895	4.70895	4.70895	4.70895	4.69348	4.68986	4.68986	4.68986	
10045.5	6.8551e+17	2.79257e+17	1.22203e+17	7.73191e+16	1.54638e+17	2.31957e+17	3.09276e+17	3.86596e+17	4.63915e+17	5.41234e+17	6.18551e+17	6.95433e+17	7.58528e+17	3.3512e+17	8.49565e+15	6.27853e+15	5.28508e+15	2.31276e+15	1.4633e+15	2.92661e+15	4.38991e+15	5.85321e+15	7.31652e+15	8.77983e+15	1.02431e+16	1.17075e+16	1.32362e+16	2.32551e+16	3.09626e+17	4.48517e+17	4.77118	4.71055	4.71055	4.71055	4.71055	4.71055	4.71055	4.71055	4.71055	4.71055	4.71055	4.69391	4.68986	4.68986	4.68986	
10296.5	6.85497e+17	2.79238e+17	1.22195e+17	7.7314e+16	1.54628e+17	2.31942e+17	3.09256e+17	3.8657e+17	4.63884e+17	5.41198e+17	6.1851e+17	6.95355e+17	7.58529e+17	3.3512e+17	8.49565e+15	6.28659e+15	5.29673e+15	2.31786e+15	1.46653e+15	2.93306e+15	4.39959e+15	5.86611e+15	7.33265e+15	8.79918e+15	1.02657e+16	1.17333e+16	1.32852e+16	2.32551e+16	3.09626e+17	4.48517e+17	4.77211	4.71217	4.71217	4.71217	4.71217	4.71217	4.71217	4.71217	4.71217	4.71217	4.71217	4.69437	4.68986	4.68986	4.68986	
10547.2	6.85486e+17	2.79219e+17	1.22187e+17	7.73088e+16	1.54618e+17	2.31926e+17	3.09235e+17	3.86544e+17	4.63853e+17	5.41162e+17	6.18469e+17	6.95272e+17	7.5853e+17	3.3512e+17	8.49565e+15	6.2937e+15	5.30863e+15	2.32307e+15	1.46982e+15	2.93966e+15	4.40947e+15	5.8793e+15	7.34912e+15	8.81895e+15	1.02888e+16	1.17597e+16	1.33374e+16	2.32551e+16	3.09626e+17	4.48517e+17	4.77294	4.71383	4.71383	4.71383	4.71383	4.71383	4.71383	4.71383	4.71383	4.71383	4.71382	4.69485	4.68986	4.68986	4.68986	
10797.8	6.85476e+17	2.792e+17	1.22179e+17	7.73035e+16	1.54607e+17	2.31911e+17	3.09214e+17	3.86518e+17	4.63821e+17	5.41125e+17	6.18426e+17	6.95184e+17	7.58531e+17	3.3512e+17	8.49565e+15	6.29996e+15	5.32077e+15	2.32838e+15	1.47318e+15	2.94637e+15	4.41955e+15	5.89273e+15	7.36592e+15	8.83911e+15	1.03123e+16	1.17866e+16	1.33929e+16	2.32552e+16	3.09626e+17	4.48517e+17	4.77366	4.71551	4.71551	4.71551	4.71551	4.71551	4.71551	4.71551	4.71551	4.71551	4.7155	4.69537	4.68986	4.68986	4.68986	
11049.3	6.85467e+17	2.79181e+17	1.2217e+17	7.72981e+16	1.54596e+17	2.31894e+17	3.09192e+17	3.8649e+17	4.63789e+17	5.41087e+17	6.18383e+17	6.95091e+17	7.58532e+17	3.3512e+17	8.49565e+15	6.30547e+15	5.33313e+15	2.33379e+15	1.47661e+15	2.95322e+15	4.42982e+15	5.90643e+15	7.38304e+15	8.85965e+15	1.03363e+16	1.1814e+16	1.34518e+16	2.32552e+16	3.09626e+17	4.48517e+17	4.7743	4.71723	4.71723	4.71723	4.71723	4.71723	4.71723	4.71723	4.71723	4.71723	4.71722	4.69592	4.68986	4.68986	4.68986	
11303.3	6.8546e+17	2.79161e+17	1.22161e+17	7.72926e+16	1.54585e+17	2.31878e+17	3.0917e+17	3.86463e+17	4.63755e+17	5.41048e+17	6.18339e+17	6.94991e+17	7.58533e+17	3.3512e+17	8.49565e+15	6.31033e+15	5.34579e+15	2.33933e+15	1.48011e+15	2.96023e+15	4.44034e+15	5.92045e+15	7.40056e+15	8.88068e+15	1.03608e+16	1.18421e+16	1.35147e+16	2.32552e+16	3.09626e+17	4.48517e+17	4.77487	4.71898	4.71898	4.71898	4.71898	4.71898	4.71898	4.71898	4.71898	4.71898	4.71897	4.6965	4.68986	4.68986	4.68986	
11554.3	6.85453e+17	2.79141e+17	1.22153e+17	7.7287e+16	1.54574e+17	2.31861e+17	3.09148e+17	3.86435e+17	4.63722e+17	5.41009e+17	6.18294e+17	6.94887e+17	7.58534e+17	3.3512e+17	8.49565e+15	6.31452e+15	5.35842e+15	2.34486e+15	1.48361e+15	2.96723e+15	4.45083e+15	5.93444e+15	7.41805e+15	8.90167e+15	1.03853e+16	1.18701e+16	1.35801e+16	2.32552e+16	3.09626e+17	4.48517e+17	4.77537	4.72073	4.72073	4.72073	4.72073	4.72073	4.72073	4.72073	4.72073	4.72073	4.72072	4.69711	4.68986	4.68986	4.68986	
11805	6.85447e+17	2.79121e+17	1.22144e+17	7.72815e+16	1.54563e+17	2.31844e+17	3.09126e+17	3.86407e+17	4.63689e+17	5.4097e+17	6.1825e+17	6.94778e+17	7.58534e+17	3.3512e+17	8.49565e+15	6.31816e+15	5.37113e+15	2.35042e+15	1.48713e+15	2.97426e+15	4.46138e+15	5.94851e+15	7.43564e+15	8.92277e+15	1.04099e+16	1.18982e+16	1.36487e+16	2.32553e+16	3.09626e+17	4.48517e+17	4.77581	4.72248	4.72248	4.72248	4.72248	4.72248	4.72248	4.72248	4.72248	4.72248	4.72248	4.69775	4.68986	4.68986	4.68986	
12055.7	6.85442e+17	2.79101e+17	1.22135e+17	7.72759e+16	1.54552e+17	2.31828e+17	3.09104e+17	3.86379e+17	4.63655e+17	5.40931e+17	6.18205e+17	6.94665e+17	7.58535e+17	3.3512e+17	8.49565e+15	6.32132e+15	5.38388e+15	2.356e+15	1.49066e+15	2.98132e+15	4.47198e+15	5.96263e+15	7.45329e+15	8.94396e+15	1.04346e+16	1.19265e+16	1.37204e+16	2.32553e+16	3.09626e+17	4.48517e+17	4.77619	4.72425	4.72425	4.72425	4.72425	4.72425	4.72425	4.72425	4.72425	4.72425	4.72424	4.69842	4.68986	4.68986	4.68986	
12307.1	6.85438e+17	2.7908e+17	1.22126e+17	7.72703e+16	1.54541e+17	2.31811e+17	3.09081e+17	3.86351e+17	4.63622e+17	5.40892e+17	6.1816e+17	6.94546e+17	7.58536e+17	3.3512e+17	8.49565e+15	6.32407e+15	5.3967e+15	2.3616e+15	1.49421e+15	2.98842e+15	4.48262e+15	5.97683e+15	7.47104e+15	8.96525e+15	1.04594e+16	1.19549e+16	1.37956e+16	2.32553e+16	3.09626e+17	4.48517e+17	4.77654	4.72602	4.72602	4.72602	4.72602	4.72602	4.72602	4.72602	4.72602	4.72602	4.72601	4.69913	4.68986	4.68986	4.68986	
12561.2	6.85434e+17	2.7906e+17	1.22117e+17	7.72646e+16	1.54529e+17	2.31794e+17	3.09058e+17	3.86323e+17	4.63588e+17	5.40852e+17	6.18115e+17	6.9442e+17	7.58537e+17	3.3512e+17	8.49565e+15	6.32646e+15	5.40963e+15	2.36726e+15	1.49779e+15	2.99558e+15	4.49336e+15	5.99115e+15	7.48894e+15	8.98673e+15	1.04845e+16	1.19835e+16	1.38747e+16	2.32553e+16	3.09626e+17	4.48517e+17	4.77685	4.7278	4.7278	4.7278	4.7278	4.7278	4.7278	4.7278	4.7278	4.7278	4.72779	4.69987	4.68986	4.68986	4.68986	
12812.2	6.85431e+17	2.7904e+17	1.22108e+17	7.7259e+16	1.54518e+17	2.31777e+17	3.09036e+17	3.86295e+17	4.63554e+17	5.40813e+17	6.1807e+17	6.94291e+17	7.58537e+17	3.3512e+17	8.49565e+15	6.3285e+15	5.42236e+15	2.37284e+15	1.50131e+15	3.00263e+15	4.50394e+15	6.00525e+15	7.50657e+15	9.00789e+15	1.05092e+16	1.20117e+16	1.39559e+16	2.32554e+16	3.09626e+17	4.48517e+17	4.77713	4.72955	4.72955	4.72955	4.72955	4.72955	4.72955	4.72955	4.72955	4.72955	4.72955	4.70062	4.68986	4.68986	4.68986	
13062.9	6.85428e+17	2.7902e+17	1.221e+17	7.72535e+16	1.54507e+17	2.31761e+17	3.09014e+17	3.86268e+17	4.63521e+17	5.40775e+17	6.18026e+17	6.94158e+17	7.58538e+17	3.3512e+17	8.49565e+15	6.33025e+15	5.43501e+15	2.37837e+15	1.50481e+15	3.00963e+15	4.51444e+15	6.01926e+15	7.52407e+15	9.02889e+15	1.05337e+16	1.20397e+16	1.404e+16	2.32554e+16	3.09626e+17	4.48517e+17	4.77738	4.7313	4.7313	4.7313	4.7313	4.7313	4.7313	4.7313	4.7313	4.7313	4.73129	4.70141	4.68986	4.68986	4.68986	
13313.5	6.85426e+17	2.79e+17	1.22091e+17	7.7248e+16	1.54496e+17	2.31744e+17	3.08992e+17	3.8624e+17	4.63488e+17	5.40736e+17	6.17982e+17	6.9402e+17	7.58538e+17	3.3512e+17	8.49565e+15	6.33176e+15	5.44754e+15	2.38386e+15	1.50829e+15	3.01658e+15	4.52486e+15	6.03314e+15	7.54143e+15	9.04972e+15	1.0558e+16	1.20675e+16	1.41269e+16	2.32554e+16	3.09626e+17	4.48517e+17	4.7776	4.73302	4.73302	4.73302	4.73302	4.73302	4.73302	4.73302	4.73302	4.73302	4.73302	4.70222	4.68986	4.68986	4.68986	
13565	6.85424e+17	2.7898e+17	1.22082e+17	7.72426e+16	1.54485e+17	2.31728e+17	3.0897e+17	3.86213e+17	4.63455e+17	5.40698e+17	6.17939e+17	6.93878e+17	7.58539e+17	3.3512e+17	8.49565e+15	6.33305e+15	5.46e+15	2.38931e+15	1.51173e+15	3.02347e+15	4.5352e+15	6.04693e+15	7.55867e+15	9.0704e+15	1.05821e+16	1.2095e+16	1.42168e+16	2.32554e+16	3.09626e+17	4.48517e+17	4.77781	4.73473	4.73473	4.73473	4.73473	4.73473	4.73473	4.73473	4.73473	4.73473	4.73473	4.70307	4.68986	4.68986	4.68986	
13819	6.85422e+17	2.78961e+17	1.22074e+17	7.72371e+16	1.54474e+17	2.31711e+17	3.08949e+17	3.86186e+17	4.63423e+17	5.4066e+17	6.17895e+17	6.93729e+17	7.58539e+17	3.3512e+17	8.49565e+15	6.33417e+15	5.47242e+15	2.39474e+15	1.51517e+15	3.03035e+15	4.54552e+15	6.06069e+15	7.57587e+15	9.09104e+15	1.06062e+16	1.21225e+16	1.43104e+16	2.32554e+16	3.09626e+17	4.48517e+17	4.77801	4.73644	4.73644	4.73644	4.73644	4.73644	4.73644	4.73644	4.73644	4.73644	4.73644	4.70394	4.68986	4.68986	4.68986	
14070	6.85421e+17	2.78941e+17	1.22066e+17	7.72318e+16	1.54464e+17	2.31696e+17	3.08927e+17	3.86159e+17	4.63391e+17	5.40623e+17	6.17853e+17	6.93579e+17	7.5854e+17	3.3512e+17	8.49564e+15	6.33512e+15	5.48452e+15	2.40004e+15	1.51852e+15	3.03705e+15	4.55557e+15	6.07409e+15	7.59262e+15	9.11115e+15	1.06297e+16	1.21493e+16	1.44055e+16	2.32554e+16	3.09626e+17	4.48517e+17	4.7782	4.7381	4.7381	4.7381	4.7381	4.7381	4.7381	4.7381	4.7381	4.7381	4.7381	4.70484	4.68986	4.68986	4.68986	
14320.7	6.85419e+17	2.78923e+17	1.22057e+17	7.72266e+16	1.54453e+17	2.3168e+17	3.08907e+17	3.86133e+17	4.6336e+17	5.40586e+17	6.17811e+17	6.93424e+17	7.5854e+17	3.35119e+17	8.49564e+15	6.33593e+15	5.49641e+15	2.40524e+15	1.52181e+15	3.04363e+15	4.56545e+15	6.08726e+15	7.60908e+15	9.1309e+15	1.06527e+16	1.21756e+16	1.45029e+16	2.32555e+16	3.09626e+17	4.48517e+17	4.77837	4.73974	4.73974	4.73974	4.73974	4.73974	4.73974	4.73974	4.73974	4.73974	4.73973	4.70575	4.68986	4.68986	4.68986	
14571.3	6.85418e+17	2.78904e+17	1.22049e+17	7.72215e+16	1.54443e+17	2.31665e+17	3.08886e+17	3.86108e+17	4.63329e+17	5.40551e+17	6.17771e+17	6.93266e+17	7.58541e+17	3.35119e+17	8.49564e+15	6.33663e+15	5.50808e+15	2.41035e+15	1.52505e+15	3.0501e+15	4.57514e+15	6.10019e+15	7.62524e+15	9.15028e+15	1.06753e+16	1.22015e+16	1.46027e+16	2.32555e+16	3.09626e+17	4.48517e+17	4.77854	4.74134	4.74134	4.74134	4.74134	4.74134	4.74134	4.74134	4.74134	4.74134	4.74134	4.70669	4.68986	4.68986	4.68986	
14822.8	6.85417e+17	2.78886e+17	1.22041e+17	7.72165e+16	1.54433e+17	2.3165e+17	3.08866e+17	3.86083e+17	4.63299e+17	5.40516e+17	6.1773e+17	6.93104e+17	7.58541e+17	3.35119e+17	8.49564e+15	6.33722e+15	5.51956e+15	2.41537e+15	1.52822e+15	3.05645e+15	4.58468e+15	6.1129e+15	7.64113e+15	9.16935e+15	1.06976e+16	1.22269e+16	1.47049e+16	2.32555e+16	3.09626e+17	4.48517e+17	4.7787	4.74292	4.74292	4.74292	4.74292	4.74292	4.74292	4.74292	4.74292	4.74292	4.74291	4.70765	4.68986	4.68986	4.68986	
15076.8	6.85417e+17	2.78868e+17	1.22033e+17	7.72115e+16	1.54423e+17	2.31635e+17	3.08846e+17	3.86058e+17	4.63269e+17	5.40481e+17	6.17691e+17	6.92937e+17	7.58542e+17	3.35119e+17	8.49564e+15	6.33773e+15	5.5309e+15	2.42034e+15	1.53137e+15	3.06274e+15	4.5941e+15	6.12547e+15	7.65683e+15	9.1882e+15	1.07196e+16	1.2252e+16	1.48103e+16	2.32555e+16	3.09626e+17	4.48517e+17	4.77886	4.74447	4.74447	4.74447	4.74447	4.74447	4.74447	4.74447	4.74447	4.74447	4.74447	4.70864	4.68986	4.68986	4.68986	
15327.9	6.85416e+17	2.78851e+17	1.22026e+17	7.72068e+16	1.54413e+17	2.3162e+17	3.08827e+17	3.86034e+17	4.6324e+17	5.40447e+17	6.17652e+17	6.92769e+17	7.58542e+17	3.35119e+17	8.49564e+15	6.33817e+15	5.54185e+15	2.42513e+15	1.5344e+15	3.0688e+15	4.6032e+15	6.13759e+15	7.67199e+15	9.20639e+15	1.07408e+16	1.22762e+16	1.49165e+16	2.32555e+16	3.09627e+17	4.48517e+17	4.77901	4.74598	4.74598	4.74598	4.74598	4.74598	4.74598	4.74598	4.74598	4.74598	4.74597	4.70964	4.68986	4.68986	4.68986	
15578.6	6.85415e+17	2.78834e+17	1.22018e+17	7.72021e+16	1.54404e+17	2.31606e+17	3.08808e+17	3.8601e+17	4.63212e+17	5.40415e+17	6.17615e+17	6.92598e+17	7.58542e+17	3.35119e+17	8.49564e+15	6.33854e+15	5.55252e+15	2.42979e+15	1.53735e+15	3.0747e+15	4.61205e+15	6.1494e+15	7.68676e+15	9.22411e+15	1.07615e+16	1.22998e+16	1.50243e+16	2.32555e+16	3.09627e+17	4.48517e+17	4.77916	4.74744	4.74744	4.74744	4.74744	4.74744	4.74744	4.74744	4.74744	4.74744	4.74744	4.71065	4.68986	4.68986	4.68986	
15829.2	6.85415e+17	2.78818e+17	1.22011e+17	7.71975e+16	1.54395e+17	2.31593e+17	3.0879e+17	3.85988e+17	4.63185e+17	5.40383e+17	6.17579e+17	6.92425e+17	7.58543e+17	3.35119e+17	8.49563e+15	6.33886e+15	5.5629e+15	2.43434e+15	1.54022e+15	3.08045e+15	4.62068e+15	6.1609e+15	7.70113e+15	9.24135e+15	1.07816e+16	1.23228e+16	1.51337e+16	2.32555e+16	3.09627e+17	4.48517e+17	4.77931	4.74887	4.74887	4.74887	4.74887	4.74887	4.74887	4.74887	4.74887	4.74887	4.74887	4.71168	4.68986	4.68986	4.68986	
16080.7	6.85414e+17	2.78802e+17	1.22004e+17	7.71931e+16	1.54386e+17	2.31579e+17	3.08772e+17	3.85966e+17	4.63159e+17	5.40352e+17	6.17543e+17	6.92248e+17	7.58543e+17	3.35119e+17	8.49563e+15	6.33913e+15	5.57303e+15	2.43877e+15	1.54303e+15	3.08606e+15	4.62909e+15	6.17212e+15	7.71515e+15	9.25818e+15	1.08012e+16	1.23452e+16	1.52451e+16	2.32555e+16	3.09627e+17	4.48517e+17	4.77946	4.75027	4.75027	4.75027	4.75027	4.75027	4.75027	4.75027	4.75027	4.75027	4.75026	4.71273	4.68986	4.68986	4.68986	
16334.7	6.85414e+17	2.78786e+17	1.21997e+17	7.71888e+16	1.54378e+17	2.31566e+17	3.08755e+17	3.85944e+17	4.63133e+17	5.40321e+17	6.17509e+17	6.92067e+17	7.58543e+17	3.35119e+17	8.49563e+15	6.33937e+15	5.58296e+15	2.44312e+15	1.54578e+15	3.09156e+15	4.63734e+15	6.18311e+15	7.72889e+15	9.27467e+15	1.08205e+16	1.23671e+16	1.5359e+16	2.32556e+16	3.09627e+17	4.48517e+17	4.77961	4.75163	4.75163	4.75163	4.75163	4.75163	4.75163	4.75163	4.75163	4.75163	4.75163	4.7138	4.68986	4.68986	4.68986	
16585.7	6.85414e+17	2.78771e+17	1.21991e+17	7.71846e+16	1.54369e+17	2.31554e+17	3.08738e+17	3.85923e+17	4.63108e+17	5.40292e+17	6.17475e+17	6.91887e+17	7.58544e+17	3.35119e+17	8.49563e+15	6.33958e+15	5.59247e+15	2.44728e+15	1.54841e+15	3.09683e+15	4.64524e+15	6.19365e+15	7.74206e+15	9.29047e+15	1.08389e+16	1.23882e+16	1.54729e+16	2.32556e+16	3.09627e+17	4.48517e+17	4.77976	4.75294	4.75294	4.75294	4.75294	4.75294	4.75294	4.75294	4.75294	4.75294	4.75294	4.71488	4.68986	4.68986	4.68986	
16836.4	6.85413e+17	2.78756e+17	1.21984e+17	7.71806e+16	1.54361e+17	2.31542e+17	3.08722e+17	3.85903e+17	4.63083e+17	5.40264e+17	6.17443e+17	6.91705e+17	7.58544e+17	3.35118e+17	8.49562e+15	6.33975e+15	5.60166e+15	2.4513e+15	1.55096e+15	3.10192e+15	4.65287e+15	6.20383e+15	7.75479e+15	9.30575e+15	1.08567e+16	1.24085e+16	1.55877e+16	2.32556e+16	3.09627e+17	4.48517e+17	4.77991	4.75421	4.75421	4.75421	4.75421	4.75421	4.75421	4.75421	4.75421	4.75421	4.75421	4.71596	4.68986	4.68986	4.68986	
17087	6.85413e+17	2.78742e+17	1.21978e+17	7.71767e+16	1.54353e+17	2.3153e+17	3.08707e+17	3.85883e+17	4.6306e+17	5.40237e+17	6.17412e+17	6.91521e+17	7.58544e+17	3.35118e+17	8.49562e+15	6.33991e+15	5.61055e+15	2.45519e+15	1.55342e+15	3.10684e+15	4.66025e+15	6.21367e+15	7.76709e+15	9.32051e+15	1.08739e+16	1.24282e+16	1.57035e+16	2.32556e+16	3.09627e+17	4.48517e+17	4.78006	4.75544	4.75544	4.75544	4.75544	4.75544	4.75544	4.75544	4.75544	4.75544	4.75544	4.71705	4.68986	4.68986	4.68986	
17338.5	6.85413e+17	2.78729e+17	1.21972e+17	7.71729e+16	1.54346e+17	2.31519e+17	3.08692e+17	3.85865e+17	4.63037e+17	5.4021e+17	6.17382e+17	6.91336e+17	7.58544e+17	3.35118e+17	8.49562e+15	6.34004e+15	5.61915e+15	2.45896e+15	1.5558e+15	3.1116e+15	4.6674e+15	6.22321e+15	7.77901e+15	9.33481e+15	1.08906e+16	1.24472e+16	1.58205e+16	2.32556e+16	3.09627e+17	4.48517e+17	4.78021	4.75664	4.75664	4.75664	4.75664	4.75664	4.75664	4.75664	4.75664	4.75664	4.75663	4.71816	4.68986	4.68986	4.68986	
17592.5	6.85413e+17	2.78715e+17	1.21967e+17	7.71692e+16	1.54338e+17	2.31508e+17	3.08677e+17	3.85846e+17	4.63015e+17	5.40185e+17	6.17353e+17	6.91147e+17	7.58545e+17	3.35118e+17	8.49562e+15	6.34016e+15	5.62754e+15	2.46262e+15	1.55812e+15	3.11625e+15	4.67437e+15	6.23249e+15	7.79061e+15	9.34874e+15	1.09069e+16	1.24657e+16	1.59394e+16	2.32556e+16	3.09627e+17	4.48517e+17	4.78036	4.7578	4.7578	4.7578	4.7578	4.7578	4.7578	4.7578	4.7578	4.7578	4.7578	4.71928	4.68986	4.68986	4.68986	
17843.6	6.85412e+17	2.78703e+17	1.21961e+17	7.71658e+16	1.54332e+17	2.31497e+17	3.08663e+17	3.85829e+17	4.62995e+17	5.4016e+17	6.17325e+17	6.9096e+17	7.58545e+17	3.35118e+17	8.49561e+15	6.34027e+15	5.63551e+15	2.46612e+15	1.56033e+15	3.12066e+15	4.68099e+15	6.24132e+15	7.80166e+15	9.36199e+15	1.09223e+16	1.24834e+16	1.60576e+16	2.32556e+16	3.09627e+17	4.48517e+17	4.78051	4.75891	4.75891	4.75891	4.75891	4.75891	4.75891	4.75891	4.75891	4.75891	4.75891	4.7204	4.68986	4.68986	4.68986	
18094.3	6.85412e+17	2.78691e+17	1.21956e+17	7.71624e+16	1.54325e+17	2.31487e+17	3.0865e+17	3.85812e+17	4.62974e+17	5.40137e+17	6.17298e+17	6.90772e+17	7.58545e+17	3.35118e+17	8.49561e+15	6.34036e+15	5.64318e+15	2.46947e+15	1.56245e+15	3.12491e+15	4.68736e+15	6.24981e+15	7.81226e+15	9.37472e+15	1.09372e+16	1.25003e+16	1.6176e+16	2.32557e+16	3.09627e+17	4.48517e+17	4.78067	4.75998	4.75998	4.75998	4.75998	4.75998	4.75998	4.75998	4.75998	4.75998	4.75998	4.72152	4.68986	4.68986	4.68986	
18344.9	6.85412e+17	2.78679e+17	1.21951e+17	7.71592e+16	1.54318e+17	2.31478e+17	3.08637e+17	3.85796e+17	4.62955e+17	5.40114e+17	6.17272e+17	6.90584e+17	7.58545e+17	3.35118e+17	8.4956e+15	6.34044e+15	5.65054e+15	2.47269e+15	1.56449e+15	3.12898e+15	4.69347e+15	6.25796e+15	7.82245e+15	9.38695e+15	1.09514e+16	1.25166e+16	1.62947e+16	2.32557e+16	3.09627e+17	4.48517e+17	4.78082	4.76101	4.76101	4.76101	4.76101	4.76101	4.76101	4.76101	4.76101	4.76101	4.76101	4.72264	4.68986	4.68986	4.68986	
18596.4	6.85412e+17	2.78668e+17	1.21946e+17	7.71561e+16	1.54312e+17	2.31468e+17	3.08624e+17	3.8578e+17	4.62936e+17	5.40093e+17	6.17248e+17	6.90395e+17	7.58545e+17	3.35117e+17	8.4956e+15	6.34052e+15	5.65763e+15	2.47579e+15	1.56645e+15	3.13291e+15	4.69936e+15	6.26581e+15	7.83227e+15	9.39872e+15	1.09652e+16	1.25323e+16	1.6414e+16	2.32557e+16	3.09627e+17	4.48517e+17	4.78098	4.76201	4.76201	4.76201	4.76201	4.76201	4.76201	4.76201	4.76201	4.76201	4.762	4.72377	4.68986	4.68986	4.68986	
18850.4	6.85412e+17	2.78657e+17	1.21941e+17	7.71531e+16	1.54306e+17	2.31459e+17	3.08612e+17	3.85765e+17	4.62918e+17	5.40071e+17	6.17224e+17	6.90204e+17	7.58545e+17	3.35117e+17	8.4956e+15	6.34059e+15	5.66449e+15	2.47879e+15	1.56835e+15	3.13671e+15	4.70506e+15	6.27341e+15	7.84177e+15	9.41012e+15	1.09785e+16	1.25474e+16	1.65346e+16	2.32557e+16	3.09628e+17	4.48517e+17	4.78114	4.76298	4.76298	4.76298	4.76298	4.76298	4.76298	4.76298	4.76298	4.76298	4.76297	4.72492	4.68986	4.68986	4.68986	
19101.4	6.85412e+17	2.78647e+17	1.21937e+17	7.71502e+16	1.543e+17	2.31451e+17	3.08601e+17	3.85751e+17	4.62901e+17	5.40052e+17	6.17201e+17	6.90015e+17	7.58545e+17	3.35117e+17	8.49559e+15	6.34065e+15	5.67098e+15	2.48164e+15	1.57015e+15	3.1403e+15	4.71045e+15	6.2806e+15	7.85076e+15	9.42091e+15	1.09911e+16	1.25618e+16	1.66537e+16	2.32557e+16	3.09628e+17	4.48517e+17	4.78129	4.7639	4.7639	4.7639	4.7639	4.7639	4.7639	4.7639	4.7639	4.7639	4.76389	4.72605	4.68986	4.68986	4.68986	
19352.1	6.85412e+17	2.78637e+17	1.21932e+17	7.71475e+16	1.54295e+17	2.31443e+17	3.0859e+17	3.85738e+17	4.62885e+17	5.40033e+17	6.17179e+17	6.89826e+17	7.58546e+17	3.35117e+17	8.49559e+15	6.34071e+15	5.67718e+15	2.48435e+15	1.57187e+15	3.14374e+15	4.71561e+15	6.28747e+15	7.85934e+15	9.43121e+15	1.10031e+16	1.25755e+16	1.67725e+16	2.32557e+16	3.09628e+17	4.48517e+17	4.78145	4.76478	4.76478	4.76478	4.76478	4.76478	4.76478	4.76478	4.76478	4.76478	4.76478	4.72717	4.68986	4.68986	4.68986	
19602.7	6.85412e+17	2.78628e+17	1.21928e+17	7.71449e+16	1.5429e+17	2.31435e+17	3.0858e+17	3.85725e+17	4.6287e+17	5.40014e+17	6.17158e+17	6.89638e+17	7.58546e+17	3.35116e+17	8.49558e+15	6.34076e+15	5.68311e+15	2.48694e+15	1.57351e+15	3.14702e+15	4.72053e+15	6.29404e+15	7.86755e+15	9.44106e+15	1.10146e+16	1.25886e+16	1.6891e+16	2.32558e+16	3.09628e+17	4.48517e+17	4.78161	4.76563	4.76563	4.76563	4.76563	4.76563	4.76563	4.76563	4.76563	4.76563	4.76563	4.7283	4.68986	4.68986	4.68986	
19854.2	6.85412e+17	2.78619e+17	1.21924e+17	7.71424e+16	1.54285e+17	2.31427e+17	3.0857e+17	3.85712e+17	4.62855e+17	5.39997e+17	6.17139e+17	6.8945e+17	7.58546e+17	3.35116e+17	8.49557e+15	6.34081e+15	5.68879e+15	2.48943e+15	1.57508e+15	3.15016e+15	4.72525e+15	6.30033e+15	7.87541e+15	9.45049e+15	1.10256e+16	1.26012e+16	1.70095e+16	2.32558e+16	3.09628e+17	4.48517e+17	4.78177	4.76645	4.76645	4.76645	4.76645	4.76645	4.76645	4.76645	4.76645	4.76645	4.76645	4.72943	4.68986	4.68986	4.68986	
20106.7	6.85412e+17	2.7861e+17	1.2192e+17	7.71401e+16	1.5428e+17	2.3142e+17	3.0856e+17	3.857e+17	4.6284e+17	5.39981e+17	6.1712e+17	6.89276e+17	7.5856e+17	3.35114e+17	8.49557e+15	6.34086e+15	5.69423e+15	2.49181e+15	1.57659e+15	3.15318e+15	4.72976e+15	6.30635e+15	7.88294e+15	9.45953e+15	1.10361e+16	1.26132e+16	1.71287e+16	2.32563e+16	3.09626e+17	4.48517e+17	4.78193	4.76724	4.76724	4.76724	4.76724	4.76724	4.76724	4.76724	4.76724	4.76724	4.76724	4.73056	4.68986	4.68986	4.68986	
20357.9	6.85415e+17	2.78603e+17	1.21917e+17	7.7138e+16	1.54276e+17	2.31414e+17	3.08552e+17	3.8569e+17	4.62828e+17	5.39966e+17	6.16971e+17	6.88865e+17	7.58388e+17	3.35131e+17	8.49556e+15	6.34094e+15	5.6994e+15	2.49407e+15	1.57802e+15	3.15604e+15	4.73406e+15	6.31208e+15	7.8901e+15	9.46812e+15	1.10461e+16	1.26215e+16	1.72314e+16	2.3251e+16	3.09642e+17	4.48517e+17	4.78209	4.76799	4.76799	4.76799	4.76799	4.76799	4.76799	4.76799	4.76799	4.76799	4.76797	4.73159	4.68986	4.68986	4.68986	
20609	6.85417e+17	2.78595e+17	1.21914e+17	7.71359e+16	1.54272e+17	2.31408e+17	3.08544e+17	3.8568e+17	4.62815e+17	5.39951e+17	6.16796e+17	6.88341e+17	7.58078e+17	3.35141e+17	8.49556e+15	6.34099e+15	5.70432e+15	2.49623e+15	1.57938e+15	3.15877e+15	4.73815e+15	6.31753e+15	7.89691e+15	9.4763e+15	1.10557e+16	1.26261e+16	1.7243e+16	2.32415e+16	3.09652e+17	4.48517e+17	4.78225	4.76872	4.76872	4.76872	4.76872	4.76872	4.76872	4.76872	4.76872	4.76872	4.76849	4.73182	4.68986	4.68986	4.68986	
20860.4	6.85418e+17	2.78588e+17	1.21911e+17	7.71339e+16	1.54268e+17	2.31402e+17	3.08536e+17	3.8567e+17	4.62804e+17	5.39821e+17	6.16582e+17	6.8776e+17	7.58598e+17	3.35139e+17	8.49555e+15	6.34104e+15	5.70901e+15	2.49828e+15	1.58068e+15	3.16136e+15	4.74204e+15	6.32272e+15	7.90341e+15	9.48409e+15	1.10618e+16	1.26275e+16	1.7138e+16	2.32574e+16	3.09651e+17	4.48517e+17	4.78237	4.76941	4.76941	4.76941	4.76941	4.76941	4.76941	4.76941	4.76941	4.76937	4.76887	4.73099	4.68986	4.68986	4.68986	
21111.3	6.8542e+17	2.78581e+17	1.21908e+17	7.71321e+16	1.54264e+17	2.31396e+17	3.08528e+17	3.8566e+17	4.62792e+17	5.39719e+17	6.16371e+17	6.87197e+17	7.58712e+17	3.35122e+17	8.49554e+15	6.34109e+15	5.71346e+15	2.50023e+15	1.58191e+15	3.16383e+15	4.74574e+15	6.32765e+15	7.90957e+15	9.49148e+15	1.10666e+16	1.2626e+16	1.68783e+16	2.3261e+16	3.09637e+17	4.48517e+17	4.78232	4.77008	4.77008	4.77008	4.77008	4.77008	4.77008	4.77008	4.77008	4.76988	4.76905	4.72873	4.68986	4.68986	4.68986	
21362.2	6.85421e+17	2.78575e+17	1.21905e+17	7.71303e+16	1.54261e+17	2.31391e+17	3.08521e+17	3.85651e+17	4.62782e+17	5.39669e+17	6.16186e+17	6.86936e+17	7.58635e+17	3.35112e+17	8.49553e+15	6.34114e+15	5.71769e+15	2.50208e+15	1.58308e+15	3.16617e+15	4.74925e+15	6.33234e+15	7.91542e+15	9.49851e+15	1.10714e+16	1.26223e+16	1.64719e+16	2.32588e+16	3.09629e+17	4.48517e+17	4.78176	4.77071	4.77071	4.77071	4.77071	4.77071	4.77071	4.77071	4.77071	4.77032	4.76905	4.72507	4.68986	4.68986	4.68986	
21613.6	6.85423e+17	2.78569e+17	1.21902e+17	7.71286e+16	1.54257e+17	2.31386e+17	3.08514e+17	3.85643e+17	4.62772e+17	5.3964e+17	6.16038e+17	6.87132e+17	7.58583e+17	3.35112e+17	8.49552e+15	6.34118e+15	5.72172e+15	2.50384e+15	1.5842e+15	3.1684e+15	4.7526e+15	6.3368e+15	7.921e+15	9.50519e+15	1.10761e+16	1.26164e+16	1.59887e+16	2.32573e+16	3.09629e+17	4.48517e+17	4.78015	4.77131	4.77131	4.77131	4.77131	4.77131	4.77131	4.77131	4.77131	4.77072	4.76887	4.72059	4.68986	4.68986	4.68986	
21863.9	6.85424e+17	2.78563e+17	1.219e+17	7.7127e+16	1.54254e+17	2.31381e+17	3.08508e+17	3.85635e+17	4.62756e+17	5.39614e+17	6.15934e+17	6.87657e+17	7.5856e+17	3.35112e+17	8.49552e+15	6.3412e+15	5.72552e+15	2.5055e+15	1.58525e+15	3.1705e+15	4.75575e+15	6.34101e+15	7.92626e+15	9.51138e+15	1.10805e+16	1.26088e+16	1.55085e+16	2.32567e+16	3.09629e+17	4.48517e+17	4.77671	4.77186	4.77186	4.77186	4.77186	4.77186	4.77186	4.77186	4.77186	4.77109	4.76853	4.71608	4.68986	4.68986	4.68986	
22115.5	6.85426e+17	2.78558e+17	1.21898e+17	7.71255e+16	1.54251e+17	2.31377e+17	3.08502e+17	3.85628e+17	4.62721e+17	5.39568e+17	6.1586e+17	6.88358e+17	7.5855e+17	3.35111e+17	8.49551e+15	6.34119e+15	5.72914e+15	2.50709e+15	1.58625e+15	3.17251e+15	4.75876e+15	6.34502e+15	7.93127e+15	9.51666e+15	1.1084e+16	1.25998e+16	1.50747e+16	2.32565e+16	3.09629e+17	4.48517e+17	4.77038	4.77234	4.77234	4.77234	4.77234	4.77234	4.77234	4.77234	4.77233	4.77142	4.76807	4.71197	4.68986	4.68986	4.68986	
22367.3	6.85428e+17	2.78552e+17	1.21895e+17	7.71241e+16	1.54248e+17	2.31372e+17	3.08497e+17	3.85621e+17	4.62693e+17	5.39531e+17	6.15799e+17	6.89118e+17	7.58526e+17	3.35111e+17	8.4955e+15	6.34114e+15	5.73257e+15	2.50859e+15	1.5872e+15	3.17441e+15	4.76161e+15	6.34882e+15	7.93602e+15	9.52157e+15	1.10872e+16	1.25894e+16	1.47099e+16	2.32558e+16	3.0963e+17	4.48517e+17	4.76002	4.77273	4.77273	4.77273	4.77273	4.77273	4.77273	4.77273	4.7727	4.7717	4.7675	4.70849	4.68986	4.68986	4.68986	
22618.3	6.8543e+17	2.78548e+17	1.21893e+17	7.71228e+16	1.54246e+17	2.31368e+17	3.08491e+17	3.85614e+17	4.62667e+17	5.39497e+17	6.15738e+17	6.89885e+17	7.58518e+17	3.3511e+17	8.49549e+15	6.34104e+15	5.73581e+15	2.51001e+15	1.5881e+15	3.1762e+15	4.7643e+15	6.3524e+15	7.9405e+15	9.52606e+15	1.10901e+16	1.25774e+16	1.44181e+16	2.32556e+16	3.0963e+17	4.48517e+17	4.74447	4.77299	4.77299	4.77299	4.77299	4.77299	4.77299	4.77299	4.77295	4.77195	4.76684	4.70568	4.68986	4.68986	4.68986	
22870	6.85432e+17	2.78543e+17	1.21891e+17	7.71216e+16	1.54243e+17	2.31365e+17	3.08486e+17	3.85608e+17	4.62642e+17	5.39463e+17	6.15669e+17	6.90674e+17	7.58519e+17	3.3511e+17	8.49547e+15	6.34085e+15	5.73888e+15	2.51135e+15	1.58895e+15	3.1779e+15	4.76685e+15	6.3558e+15	7.94475e+15	9.53019e+15	1.10926e+16	1.25633e+16	1.41944e+16	2.32557e+16	3.0963e+17	4.48517e+17	4.72243	4.77307	4.77307	4.77307	4.77307	4.77307	4.77307	4.77307	4.77307	4.77217	4.76605	4.70349	4.68986	4.68986	4.68986	
23121.8	6.85435e+17	2.78539e+17	1.21889e+17	7.71204e+16	1.54241e+17	2.31361e+17	3.08482e+17	3.85602e+17	4.62617e+17	5.39425e+17	6.15581e+17	6.91526e+17	7.58519e+17	3.35109e+17	8.49546e+15	6.34057e+15	5.74178e+15	2.51262e+15	1.58975e+15	3.17951e+15	4.76926e+15	6.35901e+15	7.94877e+15	9.53393e+15	1.10946e+16	1.25464e+16	1.40362e+16	2.32557e+16	3.0963e+17	4.48517e+17	4.69277	4.77289	4.77289	4.77289	4.77289	4.77289	4.77289	4.77289	4.77301	4.77235	4.76512	4.70189	4.68986	4.68986	4.68986	
23372.5	6.85437e+17	2.78535e+17	1.21888e+17	7.71193e+16	1.54239e+17	2.31358e+17	3.08477e+17	3.85597e+17	4.62588e+17	5.39377e+17	6.15438e+17	6.92633e+17	7.58519e+17	3.35109e+17	8.49545e+15	6.34016e+15	5.7445e+15	2.51381e+15	1.59051e+15	3.18101e+15	4.77152e+15	6.36203e+15	7.95253e+15	9.53721e+15	1.1096e+16	1.25252e+16	1.39495e+16	2.32558e+16	3.09631e+17	4.48517e+17	4.65472	4.77238	4.77238	4.77238	4.77238	4.77238	4.77238	4.77238	4.77277	4.7725	4.76399	4.7009	4.68986	4.68986	4.68986	
23623.9	6.8544e+17	2.78531e+17	1.21886e+17	7.71183e+16	1.54237e+17	2.31355e+17	3.08473e+17	3.85591e+17	4.62569e+17	5.39346e+17	6.15367e+17	6.93865e+17	7.58519e+17	3.35108e+17	8.49544e+15	6.3396e+15	5.74707e+15	2.51493e+15	1.59122e+15	3.18244e+15	4.77365e+15	6.36487e+15	7.95609e+15	9.5404e+15	1.10973e+16	1.25017e+16	1.39652e+16	2.32558e+16	3.09631e+17	4.48517e+17	4.6072	4.77145	4.77145	4.77145	4.77145	4.77145	4.77145	4.77145	4.77232	4.77261	4.76262	4.70082	4.68986	4.68986	4.68986	
23874	6.85442e+17	2.78528e+17	1.21884e+17	7.71173e+16	1.54235e+17	2.31352e+17	3.08469e+17	3.85586e+17	4.62565e+17	5.39344e+17	6.15434e+17	6.93787e+17	7.58519e+17	3.35107e+17	8.49543e+15	6.33888e+15	5.74947e+15	2.51598e+15	1.59188e+15	3.18377e+15	4.77565e+15	6.36753e+15	7.95942e+15	9.54366e+15	1.10991e+16	1.24795e+16	1.39803e+16	2.32559e+16	3.09631e+17	4.48517e+17	4.55004	4.76998	4.76998	4.76998	4.76998	4.76998	4.76998	4.76998	4.77163	4.7727	4.76118	4.70097	4.68986	4.68986	4.68986	
24124.7	6.85445e+17	2.78524e+17	1.21883e+17	7.71164e+16	1.54233e+17	2.31349e+17	3.08465e+17	3.85582e+17	4.62576e+17	5.39374e+17	6.15635e+17	6.93721e+17	7.58519e+17	3.35107e+17	8.49541e+15	6.33797e+15	5.75173e+15	2.51697e+15	1.59251e+15	3.18502e+15	4.77753e+15	6.37004e+15	7.96255e+15	9.54716e+15	1.11016e+16	1.24619e+16	1.39899e+16	2.3256e+16	3.09632e+17	4.48517e+17	4.48249	4.76785	4.76785	4.76785	4.76785	4.76785	4.76785	4.76785	4.77062	4.7728	4.75985	4.70107	4.68987	4.68987	4.68986	
24375.7	6.85448e+17	2.78521e+17	1.21882e+17	7.71155e+16	1.54231e+17	2.31346e+17	3.08462e+17	3.85577e+17	4.626e+17	5.39424e+17	6.15885e+17	6.93684e+17	7.58519e+17	3.35106e+17	8.4954e+15	6.33686e+15	5.75385e+15	2.5179e+15	1.5931e+15	3.18619e+15	4.77929e+15	6.37238e+15	7.96548e+15	9.55094e+15	1.1105e+16	1.24497e+16	1.39967e+16	2.3256e+16	3.09632e+17	4.48517e+17	4.40445	4.76492	4.76492	4.76492	4.76492	4.76492	4.76492	4.76492	4.76916	4.7729	4.75878	4.70114	4.68987	4.68987	4.68986	
24627	6.85451e+17	2.78518e+17	1.2188e+17	7.71147e+16	1.54229e+17	2.31344e+17	3.08459e+17	3.85573e+17	4.62638e+17	5.39488e+17	6.16123e+17	6.93661e+17	7.58519e+17	3.35105e+17	8.49538e+15	6.33552e+15	5.75583e+15	2.51877e+15	1.59364e+15	3.18729e+15	4.78094e+15	6.37458e+15	7.96822e+15	9.5551e+15	1.11092e+16	1.24422e+16	1.40019e+16	2.32561e+16	3.09632e+17	4.48517e+17	4.31609	4.76102	4.76102	4.76102	4.76102	4.76102	4.76102	4.76102	4.76706	4.77299	4.75803	4.70119	4.68987	4.68987	4.68986	
24877.5	6.85455e+17	2.78516e+17	1.21879e+17	7.71139e+16	1.54228e+17	2.31342e+17	3.08456e+17	3.8557e+17	4.62689e+17	5.39566e+17	6.16323e+17	6.93645e+17	7.58519e+17	3.35105e+17	8.49537e+15	6.33396e+15	5.75768e+15	2.51957e+15	1.59415e+15	3.18831e+15	4.78246e+15	6.37662e+15	7.97077e+15	9.55969e+15	1.11143e+16	1.24388e+16	1.40061e+16	2.32562e+16	3.09633e+17	4.48517e+17	4.21832	4.75602	4.75602	4.75602	4.75602	4.75602	4.75602	4.75602	4.76403	4.77306	4.75758	4.70123	4.68987	4.68987	4.68986	
25128.2	6.85459e+17	2.78513e+17	1.21878e+17	7.71133e+16	1.54227e+17	2.3134e+17	3.08453e+17	3.85566e+17	4.62685e+17	5.3958e+17	6.16485e+17	6.93631e+17	7.58519e+17	3.35104e+17	8.49535e+15	6.33216e+15	5.75939e+15	2.52032e+15	1.59463e+15	3.18926e+15	4.78389e+15	6.37851e+15	7.97314e+15	9.56318e+15	1.11185e+16	1.24388e+16	1.40095e+16	2.32563e+16	3.09633e+17	4.48517e+17	4.1117	4.74974	4.74974	4.74974	4.74974	4.74974	4.74974	4.74974	4.75989	4.77306	4.75737	4.70126	4.68987	4.68987	4.68986	
25379.4	6.85463e+17	2.78511e+17	1.21877e+17	7.71126e+16	1.54225e+17	2.31338e+17	3.0845e+17	3.85563e+17	4.6268e+17	5.396e+17	6.16603e+17	6.93617e+17	7.58519e+17	3.35103e+17	8.49533e+15	6.33011e+15	5.76097e+15	2.52102e+15	1.59507e+15	3.19013e+15	4.7852e+15	6.38027e+15	7.97534e+15	9.5666e+15	1.1123e+16	1.2441e+16	1.40121e+16	2.32563e+16	3.09633e+17	4.48517e+17	3.99726	4.74199	4.74199	4.74199	4.74199	4.74199	4.74199	4.74199	4.75458	4.77295	4.75737	4.70129	4.68987	4.68987	4.68986	
25630.3	6.85468e+17	2.78509e+17	1.21876e+17	7.7112e+16	1.54224e+17	2.31336e+17	3.08448e+17	3.8556e+17	4.62675e+17	5.39626e+17	6.16686e+17	6.93604e+17	7.58519e+17	3.35102e+17	8.49531e+15	6.32781e+15	5.76243e+15	2.52165e+15	1.59547e+15	3.19094e+15	4.78641e+15	6.38188e+15	7.97735e+15	9.57003e+15	1.11279e+16	1.24447e+16	1.40137e+16	2.32564e+16	3.09634e+17	4.48517e+17	3.87669	4.73262	4.73262	4.73262	4.73262	4.73262	4.73262	4.73262	4.74795	4.77269	4.75749	4.70131	4.68987	4.68987	4.68986	
25882.6	6.85473e+17	2.78507e+17	1.21875e+17	7.71115e+16	1.54223e+17	2.31335e+17	3.08446e+17	3.85558e+17	4.6267e+17	5.39662e+17	6.16759e+17	6.93592e+17	7.58519e+17	3.35101e+17	8.49529e+15	6.32527e+15	5.76376e+15	2.52224e+15	1.59584e+15	3.19168e+15	4.78752e+15	6.38336e+15	7.9792e+15	9.57358e+15	1.11336e+16	1.24496e+16	1.40143e+16	2.32565e+16	3.09634e+17	4.48517e+17	3.75084	4.72139	4.72139	4.72139	4.72139	4.72139	4.72139	4.72139	4.73979	4.7722	4.75771	4.70131	4.68987	4.68987	4.68986	
26134.2	6.85479e+17	2.78505e+17	1.21875e+17	7.7111e+16	1.54222e+17	2.31333e+17	3.08444e+17	3.85555e+17	4.62665e+17	5.39711e+17	6.16833e+17	6.93796e+17	7.58519e+17	3.351e+17	8.49527e+15	6.3225e+15	5.76497e+15	2.52277e+15	1.59618e+15	3.19235e+15	4.78853e+15	6.3847e+15	7.98088e+15	9.57731e+15	1.11404e+16	1.24562e+16	1.3889e+16	2.32566e+16	3.09635e+17	4.48517e+17	3.62239	4.70822	4.70822	4.70822	4.70822	4.70822	4.70822	4.70822	4.72996	4.77137	4.75802	4.70014	4.68987	4.68987	4.68986	
26386.4	6.85484e+17	2.78504e+17	1.21874e+17	7.71106e+16	1.54221e+17	2.31332e+17	3.08442e+17	3.85553e+17	4.62659e+17	5.39775e+17	6.16918e+17	6.93822e+17	7.58518e+17	3.35099e+17	8.49525e+15	6.3195e+15	5.76606e+15	2.52324e+15	1.59648e+15	3.19295e+15	4.78943e+15	6.38591e+15	7.98238e+15	9.58133e+15	1.11488e+16	1.24646e+16	1.3892e+16	2.32567e+16	3.09635e+17	4.48517e+17	3.49243	4.6929	4.6929	4.6929	4.6929	4.6929	4.6929	4.6929	4.71828	4.77	4.75843	4.70016	4.68987	4.68987	4.68986	
26637.2	6.8549e+17	2.78502e+17	1.21873e+17	7.71103e+16	1.54221e+17	2.31331e+17	3.08441e+17	3.85551e+17	4.62652e+17	5.39791e+17	6.16958e+17	6.9383e+17	7.58514e+17	3.35098e+17	8.49523e+15	6.31632e+15	5.76702e+15	2.52366e+15	1.59674e+15	3.19348e+15	4.79023e+15	6.38697e+15	7.98371e+15	9.58572e+15	1.11582e+16	1.24735e+16	1.38964e+16	2.32567e+16	3.09636e+17	4.48517e+17	3.36364	4.67544	4.67544	4.67544	4.67544	4.67544	4.67544	4.67544	4.70467	4.76787	4.75894	4.7002	4.68987	4.68987	4.68986	
26889.1	6.85497e+17	2.78501e+17	1.21873e+17	7.71099e+16	1.5422e+17	2.3133e+17	3.0844e+17	3.8555e+17	4.62645e+17	5.39776e+17	6.16975e+17	6.93833e+17	7.58503e+17	3.35097e+17	8.49521e+15	6.31293e+15	5.76786e+15	2.52403e+15	1.59698e+15	3.19395e+15	4.79093e+15	6.3879e+15	7.98488e+15	9.59062e+15	1.11689e+16	1.24825e+16	1.39019e+16	2.32564e+16	3.09636e+17	4.48517e+17	3.23614	4.65552	4.65552	4.65552	4.65552	4.65552	4.65552	4.65552	4.68886	4.76488	4.75948	4.70025	4.68987	4.68987	4.68986	
27140.8	6.85503e+17	2.785e+17	1.21872e+17	7.71097e+16	1.54219e+17	2.31329e+17	3.08439e+17	3.85548e+17	4.62637e+17	5.39757e+17	6.16995e+17	6.93838e+17	7.58492e+17	3.35096e+17	8.49519e+15	6.30938e+15	5.76858e+15	2.52435e+15	1.59717e+15	3.19435e+15	4.79152e+15	6.3887e+15	7.98587e+15	9.59608e+15	1.1182e+16	1.2492e+16	1.39086e+16	2.32561e+16	3.09637e+17	4.48517e+17	3.11204	4.63317	4.63317	4.63317	4.63317	4.63317	4.63317	4.63317	4.6708	4.7609	4.76004	4.70031	4.68987	4.68987	4.68986	
27392.5	6.8551e+17	2.78499e+17	1.21872e+17	7.71095e+16	1.54219e+17	2.31328e+17	3.08438e+17	3.85547e+17	4.62627e+17	5.39733e+17	6.17021e+17	6.93847e+17	7.5848e+17	3.35095e+17	8.49516e+15	6.30569e+15	5.76918e+15	2.52461e+15	1.59734e+15	3.19468e+15	4.79202e+15	6.38936e+15	7.9867e+15	9.60219e+15	1.11982e+16	1.25022e+16	1.39172e+16	2.32558e+16	3.09637e+17	4.48517e+17	2.99221	4.60826	4.60826	4.60826	4.60826	4.60826	4.60826	4.60826	4.65035	4.75576	4.76063	4.70039	4.68987	4.68987	4.68986	
27644.5	6.85517e+17	2.78499e+17	1.21872e+17	7.71093e+16	1.54219e+17	2.31328e+17	3.08437e+17	3.85546e+17	4.62617e+17	5.39702e+17	6.17055e+17	6.93863e+17	7.58544e+17	3.35094e+17	8.49514e+15	6.30187e+15	5.76966e+15	2.52482e+15	1.59747e+15	3.19494e+15	4.79242e+15	6.38989e+15	7.98736e+15	9.60902e+15	1.12182e+16	1.25136e+16	1.39285e+16	2.32575e+16	3.09638e+17	4.48517e+17	2.87751	4.58072	4.58072	4.58072	4.58072	4.58072	4.58072	4.58072	4.6274	4.74927	4.76125	4.70049	4.68987	4.68987	4.68986	
27896.2	6.85524e+17	2.78498e+17	1.21872e+17	7.71092e+16	1.54218e+17	2.31328e+17	3.08437e+17	3.85546e+17	4.62605e+17	5.39665e+17	6.17094e+17	6.93887e+17	7.58539e+17	3.35093e+17	8.49511e+15	6.29795e+15	5.77001e+15	2.52497e+15	1.59757e+15	3.19514e+15	4.79271e+15	6.39028e+15	7.98785e+15	9.61658e+15	1.12426e+16	1.25266e+16	1.39437e+16	2.32575e+16	3.09638e+17	4.48517e+17	2.76882	4.55059	4.55059	4.55059	4.55059	4.55059	4.55059	4.55059	4.60192	4.74126	4.7619	4.70062	4.68987	4.68987	4.68986	
28148.3	6.85531e+17	2.78498e+17	1.21872e+17	7.71091e+16	1.54218e+17	2.31327e+17	3.08437e+17	3.85546e+17	4.62593e+17	5.39619e+17	6.17135e+17	6.93916e+17	7.58532e+17	3.35092e+17	8.49508e+15	6.29394e+15	5.77024e+15	2.52507e+15	1.59763e+15	3.19527e+15	4.7929e+15	6.39054e+15	7.98817e+15	9.62493e+15	1.1272e+16	1.25422e+16	1.39642e+16	2.32574e+16	3.09639e+17	4.48517e+17	2.66631	4.51777	4.51777	4.51777	4.51777	4.51777	4.51777	4.51777	4.57381	4.73153	4.76256	4.7008	4.68987	4.68987	4.68986	
28400.4	6.85538e+17	2.78498e+17	1.21872e+17	7.71091e+16	1.54218e+17	2.31327e+17	3.08436e+17	3.85546e+17	4.62578e+17	5.39565e+17	6.17164e+17	6.93944e+17	7.58526e+17	3.3509e+17	8.49505e+15	6.28988e+15	5.77036e+15	2.52512e+15	1.59767e+15	3.19533e+15	4.793e+15	6.39066e+15	7.98833e+15	9.63405e+15	1.13068e+16	1.25616e+16	1.39913e+16	2.32574e+16	3.09639e+17	4.48517e+17	2.57039	4.4823	4.4823	4.4823	4.4823	4.4823	4.4823	4.4823	4.54305	4.71992	4.76319	4.70104	4.68987	4.68987	4.68986	
28650.5	6.85546e+17	2.78498e+17	1.21872e+17	7.71092e+16	1.54218e+17	2.31327e+17	3.08437e+17	3.85546e+17	4.62563e+17	5.39502e+17	6.17136e+17	6.93938e+17	7.58523e+17	3.35084e+17	8.49502e+15	6.2858e+15	5.77035e+15	2.52512e+15	1.59766e+15	3.19533e+15	4.79299e+15	6.39066e+15	7.98832e+15	9.64384e+15	1.13473e+16	1.25851e+16	1.40231e+16	2.32574e+16	3.09635e+17	4.48517e+17	2.48186	4.44455	4.44455	4.44455	4.44455	4.44455	4.44455	4.44455	4.50992	4.70638	4.7637	4.70133	4.68987	4.68987	4.68986	
28900.8	6.85553e+17	2.78499e+17	1.21872e+17	7.71093e+16	1.54219e+17	2.31328e+17	3.08437e+17	3.85546e+17	4.62547e+17	5.39429e+17	6.17095e+17	6.93926e+17	7.58525e+17	3.35077e+17	8.49499e+15	6.28171e+15	5.77022e+15	2.52506e+15	1.59763e+15	3.19526e+15	4.79289e+15	6.39051e+15	7.98814e+15	9.65433e+15	1.13938e+16	1.26155e+16	1.40596e+16	2.32576e+16	3.0963e+17	4.48517e+17	2.39985	4.40427	4.40427	4.40427	4.40427	4.40427	4.40427	4.40427	4.47419	4.69066	4.76399	4.70166	4.68987	4.68987	4.68986	
29150.9	6.8556e+17	2.78499e+17	1.21872e+17	7.71094e+16	1.54219e+17	2.31328e+17	3.08438e+17	3.85547e+17	4.6253e+17	5.39346e+17	6.17038e+17	6.93907e+17	7.58533e+17	3.3507e+17	8.49496e+15	6.27761e+15	5.76998e+15	2.52496e+15	1.59756e+15	3.19512e+15	4.79268e+15	6.39024e+15	7.9878e+15	9.66546e+15	1.14465e+16	1.26556e+16	1.41012e+16	2.3258e+16	3.09624e+17	4.48517e+17	2.32427	4.36157	4.36157	4.36157	4.36157	4.36157	4.36157	4.36157	4.43592	4.67263	4.76397	4.70204	4.68987	4.68987	4.68986	
29401.5	6.85567e+17	2.785e+17	1.21872e+17	7.71096e+16	1.54219e+17	2.31329e+17	3.08438e+17	3.85548e+17	4.62511e+17	5.39254e+17	6.16961e+17	6.93882e+17	7.58549e+17	3.35064e+17	8.49493e+15	6.27351e+15	5.76961e+15	2.5248e+15	1.59746e+15	3.19492e+15	4.79238e+15	6.38984e+15	7.9873e+15	9.67717e+15	1.15056e+16	1.2708e+16	1.41488e+16	2.32588e+16	3.09619e+17	4.48517e+17	2.25475	4.31645	4.31645	4.31645	4.31645	4.31645	4.31645	4.31645	4.39509	4.65215	4.76354	4.70246	4.68987	4.68987	4.68986	
29654.3	6.85574e+17	2.78501e+17	1.21873e+17	7.71099e+16	1.5422e+17	2.3133e+17	3.08439e+17	3.85549e+17	4.62492e+17	5.3915e+17	6.16857e+17	6.93849e+17	7.58575e+17	3.35058e+17	8.49489e+15	6.2694e+15	5.76913e+15	2.52459e+15	1.59733e+15	3.19465e+15	4.79198e+15	6.3893e+15	7.98663e+15	9.68946e+15	1.15713e+16	1.27764e+16	1.42039e+16	2.32599e+16	3.09614e+17	4.48517e+17	2.1906	4.26868	4.26868	4.26868	4.26868	4.26868	4.26868	4.26868	4.35144	4.62891	4.76252	4.70295	4.68987	4.68987	4.68986	
29907	6.85582e+17	2.78502e+17	1.21873e+17	7.71102e+16	1.5422e+17	2.3133e+17	3.08441e+17	3.85551e+17	4.62472e+17	5.39037e+17	6.16724e+17	6.93806e+17	7.58611e+17	3.35053e+17	8.49485e+15	6.26533e+15	5.76853e+15	2.52432e+15	1.59716e+15	3.19432e+15	4.79148e+15	6.38864e+15	7.98579e+15	9.70211e+15	1.1643e+16	1.28633e+16	1.4268e+16	2.32615e+16	3.09609e+17	4.48517e+17	2.13211	4.21878	4.21878	4.21878	4.21878	4.21878	4.21878	4.21878	4.30544	4.60303	4.76076	4.70348	4.68987	4.68987	4.68986	
30158.8	6.85588e+17	2.78503e+17	1.21874e+17	7.71105e+16	1.54221e+17	2.31331e+17	3.08442e+17	3.85552e+17	4.62452e+17	5.38916e+17	6.16557e+17	6.93749e+17	7.58657e+17	3.35051e+17	8.49482e+15	6.26131e+15	5.76781e+15	2.52401e+15	1.59696e+15	3.19392e+15	4.79088e+15	6.38784e+15	7.9848e+15	9.71499e+15	1.17199e+16	1.29709e+16	1.43434e+16	2.32637e+16	3.09607e+17	4.48517e+17	2.07906	4.16705	4.16705	4.16705	4.16705	4.16705	4.16705	4.16705	4.25734	4.57452	4.75809	4.70407	4.68987	4.68987	4.68986	
30409.7	6.85595e+17	2.78505e+17	1.21874e+17	7.71109e+16	1.54222e+17	2.31333e+17	3.08444e+17	3.85554e+17	4.62432e+17	5.38788e+17	6.16354e+17	6.93672e+17	7.58712e+17	3.35051e+17	8.49478e+15	6.25737e+15	5.76698e+15	2.52365e+15	1.59673e+15	3.19346e+15	4.7902e+15	6.38693e+15	7.98366e+15	9.72795e+15	1.18014e+16	1.31012e+16	1.44339e+16	2.32667e+16	3.09607e+17	4.48517e+17	2.03104	4.11369	4.11369	4.11369	4.11369	4.11369	4.11369	4.11369	4.20734	4.5434	4.75431	4.70471	4.68987	4.68987	4.68986	
30662.6	6.85602e+17	2.78506e+17	1.21875e+17	7.71113e+16	1.54223e+17	2.31334e+17	3.08445e+17	3.85557e+17	4.62411e+17	5.38651e+17	6.16108e+17	6.93562e+17	7.58775e+17	3.35053e+17	8.49474e+15	6.25345e+15	5.76604e+15	2.52323e+15	1.59647e+15	3.19294e+15	4.78941e+15	6.38588e+15	7.98235e+15	9.74103e+15	1.18879e+16	1.32578e+16	1.45465e+16	2.32706e+16	3.09609e+17	4.48517e+17	1.98713	4.05819	4.05819	4.05819	4.05819	4.05819	4.05819	4.05819	4.15493	4.50926	4.74917	4.70537	4.68987	4.68987	4.68986	
30915.5	6.85609e+17	2.78508e+17	1.21876e+17	7.71118e+16	1.54224e+17	2.31335e+17	3.08447e+17	3.85559e+17	4.62391e+17	5.38509e+17	6.15821e+17	6.9338e+17	7.58824e+17	3.35056e+17	8.49467e+15	6.24961e+15	5.76498e+15	2.52277e+15	1.59618e+15	3.19236e+15	4.78853e+15	6.38471e+15	7.98089e+15	9.75399e+15	1.19781e+16	1.34411e+16	1.46867e+16	2.32755e+16	3.09611e+17	4.48516e+17	1.94736	4.00116	4.00116	4.00116	4.00116	4.00116	4.00116	4.00116	4.10068	4.47235	4.74247	4.70599	4.68987	4.68987	4.68986	
31166.6	6.85615e+17	2.7851e+17	1.21877e+17	7.71124e+16	1.54225e+17	2.31337e+17	3.08449e+17	3.85562e+17	4.62371e+17	5.38363e+17	6.15492e+17	6.9313e+17	7.58855e+17	3.3506e+17	8.49451e+15	6.24586e+15	5.76383e+15	2.52227e+15	1.59586e+15	3.19172e+15	4.78758e+15	6.38344e+15	7.97929e+15	9.76662e+15	1.20704e+16	1.36501e+16	1.48559e+16	2.32815e+16	3.09615e+17	4.48509e+17	1.91164	3.9432	3.9432	3.9432	3.9432	3.9432	3.9432	3.9432	4.04515	4.43302	4.73406	4.70647	4.68987	4.68987	4.68986	
31419.2	6.85622e+17	2.78512e+17	1.21878e+17	7.7113e+16	1.54226e+17	2.31339e+17	3.08452e+17	3.85565e+17	4.62352e+17	5.38214e+17	6.15118e+17	6.92817e+17	7.5888e+17	3.35064e+17	8.49436e+15	6.24217e+15	5.76257e+15	2.52171e+15	1.59551e+15	3.19102e+15	4.78653e+15	6.38203e+15	7.97754e+15	9.77897e+15	1.21653e+16	1.38876e+16	1.50637e+16	2.32899e+16	3.09619e+17	4.48503e+17	1.87914	3.88372	3.88372	3.88372	3.88372	3.88372	3.88372	3.88372	3.98779	4.39079	4.72361	4.7067	4.68987	4.68987	4.68986	
31670.4	6.85628e+17	2.78514e+17	1.21879e+17	7.71136e+16	1.54227e+17	2.31341e+17	3.08454e+17	3.85568e+17	4.62334e+17	5.38063e+17	6.14703e+17	6.92432e+17	7.58898e+17	3.35068e+17	8.49422e+15	6.23858e+15	5.76121e+15	2.52112e+15	1.59513e+15	3.19027e+15	4.7854e+15	6.38053e+15	7.97566e+15	9.79077e+15	1.22608e+16	1.41504e+16	1.53157e+16	2.33018e+16	3.09623e+17	4.48497e+17	1.84993	3.82357	3.82357	3.82357	3.82357	3.82357	3.82357	3.82357	3.92942	4.34623	4.71104	4.70655	4.68987	4.68987	4.68987	
31923.2	6.85634e+17	2.78517e+17	1.2188e+17	7.71142e+16	1.54228e+17	2.31343e+17	3.08457e+17	3.85571e+17	4.62316e+17	5.37911e+17	6.14246e+17	6.91957e+17	7.58907e+17	3.35073e+17	8.49409e+15	6.23505e+15	5.75974e+15	2.52048e+15	1.59473e+15	3.18945e+15	4.78418e+15	6.37891e+15	7.97364e+15	9.80205e+15	1.23571e+16	1.44403e+16	1.5623e+16	2.33189e+16	3.09629e+17	4.48492e+17	1.82339	3.76221	3.76221	3.76221	3.76221	3.76221	3.76221	3.76221	3.86951	4.2989	4.69599	4.70587	4.68988	4.68987	4.68987	
32174.2	6.8564e+17	2.78519e+17	1.21881e+17	7.71149e+16	1.5423e+17	2.31345e+17	3.0846e+17	3.85575e+17	4.62299e+17	5.3776e+17	6.13754e+17	6.91388e+17	7.58903e+17	3.35079e+17	8.49399e+15	6.23164e+15	5.7582e+15	2.5198e+15	1.5943e+15	3.1886e+15	4.7829e+15	6.3772e+15	7.97149e+15	9.81257e+15	1.24522e+16	1.47519e+16	1.59885e+16	2.33433e+16	3.09635e+17	4.48487e+17	1.7996	3.70063	3.70063	3.70063	3.70063	3.70063	3.70063	3.70063	3.80904	4.24954	4.6785	4.70447	4.68988	4.68987	4.68987	
32427.4	6.85646e+17	2.78522e+17	1.21882e+17	7.71157e+16	1.54231e+17	2.31347e+17	3.08463e+17	3.85578e+17	4.62284e+17	5.37611e+17	6.13223e+17	6.90706e+17	7.58882e+17	3.35085e+17	8.49391e+15	6.22827e+15	5.75654e+15	2.51908e+15	1.59384e+15	3.18768e+15	4.78153e+15	6.37537e+15	7.96921e+15	9.82239e+15	1.25467e+16	1.50876e+16	1.64246e+16	2.33783e+16	3.09643e+17	4.48484e+17	1.77797	3.63806	3.63806	3.63806	3.63806	3.63806	3.63806	3.63806	3.74726	4.19753	4.65814	4.70213	4.68987	4.68987	4.68987	
32677.7	6.85651e+17	2.78525e+17	1.21883e+17	7.71165e+16	1.54233e+17	2.31349e+17	3.08466e+17	3.85582e+17	4.6227e+17	5.37467e+17	6.12669e+17	6.89917e+17	7.58838e+17	3.35091e+17	8.49385e+15	6.22504e+15	5.75483e+15	2.51833e+15	1.59337e+15	3.18673e+15	4.7801e+15	6.37346e+15	7.96683e+15	9.83125e+15	1.26378e+16	1.54381e+16	1.69272e+16	2.3427e+16	3.09651e+17	4.48482e+17	1.75869	3.5759	3.5759	3.5759	3.5759	3.5759	3.5759	3.5759	3.68554	4.14404	4.63517	4.69866	4.68986	4.68987	4.68987	
32929.1	6.85657e+17	2.78528e+17	1.21884e+17	7.71173e+16	1.54235e+17	2.31352e+17	3.08469e+17	3.85586e+17	4.62258e+17	5.37327e+17	6.12088e+17	6.89005e+17	7.58764e+17	3.35097e+17	8.49382e+15	6.22187e+15	5.75302e+15	2.51754e+15	1.59287e+15	3.18573e+15	4.7786e+15	6.37146e+15	7.96433e+15	9.83921e+15	1.27263e+16	1.58056e+16	1.75069e+16	2.34952e+16	3.09659e+17	4.48481e+17	1.74125	3.51333	3.51333	3.51333	3.51333	3.51333	3.51333	3.51333	3.62312	4.08842	4.60918	4.69377	4.68982	4.68987	4.68987	
33179.4	6.85662e+17	2.78531e+17	1.21886e+17	7.71181e+16	1.54236e+17	2.31354e+17	3.08473e+17	3.85591e+17	4.62247e+17	5.37194e+17	6.1149e+17	6.87976e+17	7.58649e+17	3.35102e+17	8.4938e+15	6.21881e+15	5.75114e+15	2.51672e+15	1.59235e+15	3.18469e+15	4.77704e+15	6.36939e+15	7.96173e+15	9.84617e+15	1.28107e+16	1.61837e+16	1.816e+16	2.35882e+16	3.09668e+17	4.4848e+17	1.72563	3.45107	3.45107	3.45107	3.45107	3.45107	3.45107	3.45107	3.5607	4.03132	4.58031	4.68726	4.68975	4.68987	4.68987	
33430.5	6.85667e+17	2.78534e+17	1.21887e+17	7.7119e+16	1.54238e+17	2.31357e+17	3.08476e+17	3.85595e+17	4.62238e+17	5.37067e+17	6.10876e+17	6.86822e+17	7.58481e+17	3.35107e+17	8.49379e+15	6.21582e+15	5.74919e+15	2.51586e+15	1.59181e+15	3.18361e+15	4.77542e+15	6.36722e+15	7.95903e+15	9.85211e+15	1.2891e+16	1.65718e+16	1.88911e+16	2.37141e+16	3.09678e+17	4.48481e+17	1.71156	3.38877	3.38877	3.38877	3.38877	3.38877	3.38877	3.38877	3.49795	3.97248	4.54829	4.67883	4.68963	4.68987	4.68987	
33682.2	6.85672e+17	2.78537e+17	1.21889e+17	7.71199e+16	1.5424e+17	2.3136e+17	3.0848e+17	3.856e+17	4.6223e+17	5.36948e+17	6.10251e+17	6.85546e+17	7.58246e+17	3.35111e+17	8.4938e+15	6.2129e+15	5.74716e+15	2.51497e+15	1.59124e+15	3.18249e+15	4.77373e+15	6.36497e+15	7.95622e+15	9.85701e+15	1.29665e+16	1.6966e+16	1.96983e+16	2.38819e+16	3.09688e+17	4.48482e+17	1.69894	3.32662	3.32662	3.32662	3.32662	3.32662	3.32662	3.32662	3.43509	3.91209	4.5131	4.66821	4.6894	4.68987	4.68987	
33935.3	6.85677e+17	2.78541e+17	1.2189e+17	7.71209e+16	1.54242e+17	2.31363e+17	3.08484e+17	3.85604e+17	4.62224e+17	5.36836e+17	6.09621e+17	6.8415e+17	7.57927e+17	3.35114e+17	8.4938e+15	6.21006e+15	5.74506e+15	2.51405e+15	1.59066e+15	3.18132e+15	4.77198e+15	6.36264e+15	7.9533e+15	9.86082e+15	1.3037e+16	1.73639e+16	2.05805e+16	2.41025e+16	3.09698e+17	4.48483e+17	1.68761	3.2646	3.2646	3.2646	3.2646	3.2646	3.2646	3.2646	3.37208	3.85018	4.47461	4.65511	4.68903	4.68987	4.68987	
34186.3	6.85682e+17	2.78544e+17	1.21892e+17	7.71218e+16	1.54244e+17	2.31366e+17	3.08487e+17	3.85609e+17	4.6222e+17	5.36736e+17	6.09e+17	6.82663e+17	7.5751e+17	3.35116e+17	8.49381e+15	6.20732e+15	5.74291e+15	2.51311e+15	1.59007e+15	3.18013e+15	4.7702e+15	6.36027e+15	7.95033e+15	9.8635e+15	1.31009e+16	1.77562e+16	2.15194e+16	2.43831e+16	3.0971e+17	4.48484e+17	1.67764	3.20369	3.20369	3.20369	3.20369	3.20369	3.20369	3.20369	3.30996	3.78781	4.43342	4.63948	4.68845	4.68987	4.68987	
34437.7	6.85687e+17	2.78548e+17	1.21893e+17	7.71228e+16	1.54246e+17	2.31368e+17	3.08491e+17	3.85614e+17	4.62218e+17	5.36644e+17	6.08386e+17	6.81082e+17	7.56975e+17	3.35116e+17	8.49383e+15	6.20465e+15	5.7407e+15	2.51215e+15	1.58946e+15	3.17891e+15	4.76837e+15	6.35782e+15	7.94728e+15	9.86508e+15	1.31586e+16	1.81435e+16	2.2517e+16	2.47375e+16	3.09722e+17	4.48486e+17	1.66881	3.14338	3.14338	3.14338	3.14338	3.14338	3.14338	3.14338	3.2482	3.72451	4.3892	4.62099	4.68756	4.68987	4.68987	
34690.1	6.85691e+17	2.78551e+17	1.21895e+17	7.71238e+16	1.54248e+17	2.31372e+17	3.08495e+17	3.85619e+17	4.62217e+17	5.36563e+17	6.07784e+17	6.79415e+17	7.56301e+17	3.35116e+17	8.49384e+15	6.20205e+15	5.73844e+15	2.51116e+15	1.58883e+15	3.17766e+15	4.76649e+15	6.35532e+15	7.94414e+15	9.86556e+15	1.32101e+16	1.85232e+16	2.35674e+16	2.51781e+16	3.09736e+17	4.48487e+17	1.66103	3.08364	3.08364	3.08364	3.08364	3.08364	3.08364	3.08364	3.18681	3.66035	4.34192	4.59938	4.68625	4.68987	4.68987	
34942.5	6.85696e+17	2.78555e+17	1.21896e+17	7.71249e+16	1.5425e+17	2.31375e+17	3.085e+17	3.85624e+17	4.62218e+17	5.36492e+17	6.07201e+17	6.77685e+17	7.55472e+17	3.35113e+17	8.49384e+15	6.19953e+15	5.73613e+15	2.51014e+15	1.58819e+15	3.17638e+15	4.76457e+15	6.35276e+15	7.94094e+15	9.86494e+15	1.32547e+16	1.88906e+16	2.46575e+16	2.57148e+16	3.09751e+17	4.48489e+17	1.65427	3.02483	3.02483	3.02483	3.02483	3.02483	3.02483	3.02483	3.12615	3.59576	4.29187	4.57457	4.68437	4.68987	4.68987	
35193	6.857e+17	2.78559e+17	1.21898e+17	7.71259e+16	1.54252e+17	2.31378e+17	3.08504e+17	3.8563e+17	4.62221e+17	5.36433e+17	6.06647e+17	6.7592e+17	7.54482e+17	3.35108e+17	8.49385e+15	6.1971e+15	5.73379e+15	2.50912e+15	1.58754e+15	3.17508e+15	4.76263e+15	6.35017e+15	7.93771e+15	9.86327e+15	1.32922e+16	1.92401e+16	2.5768e+16	2.63516e+16	3.09768e+17	4.4849e+17	1.6485	2.96748	2.96748	2.96748	2.96748	2.96748	2.96748	2.96748	3.06681	3.53143	4.23961	4.54668	4.68179	4.68987	4.68987	
35444.8	6.85704e+17	2.78563e+17	1.219e+17	7.7127e+16	1.54254e+17	2.31381e+17	3.08508e+17	3.85635e+17	4.62225e+17	5.36385e+17	6.06118e+17	6.74116e+17	7.53306e+17	3.351e+17	8.49385e+15	6.19473e+15	5.73141e+15	2.50808e+15	1.58688e+15	3.17376e+15	4.76065e+15	6.34753e+15	7.93441e+15	9.86055e+15	1.33229e+16	1.95736e+16	2.6903e+16	2.71046e+16	3.09786e+17	4.48492e+17	1.64358	2.91092	2.91092	2.91092	2.91092	2.91092	2.91092	2.91092	3.00809	3.46669	4.18462	4.51525	4.67828	4.68987	4.68987	
35696.2	6.85708e+17	2.78567e+17	1.21901e+17	7.71281e+16	1.54256e+17	2.31384e+17	3.08512e+17	3.8564e+17	4.62231e+17	5.36347e+17	6.05622e+17	6.72301e+17	7.51941e+17	3.35088e+17	8.49385e+15	6.19243e+15	5.72899e+15	2.50702e+15	1.58621e+15	3.17243e+15	4.75864e+15	6.34485e+15	7.93107e+15	9.85685e+15	1.33466e+16	1.98862e+16	2.80436e+16	2.79745e+16	3.09807e+17	4.48493e+17	1.63951	2.85564	2.85564	2.85564	2.85564	2.85564	2.85564	2.85564	2.95052	3.40218	4.12748	4.48044	4.67364	4.68987	4.68987	
35948.7	6.85712e+17	2.78571e+17	1.21903e+17	7.71292e+16	1.54258e+17	2.31387e+17	3.08517e+17	3.85646e+17	4.62239e+17	5.36321e+17	6.0516e+17	6.70483e+17	7.50374e+17	3.3507e+17	8.49384e+15	6.19018e+15	5.72654e+15	2.50595e+15	1.58553e+15	3.17107e+15	4.7566e+15	6.34214e+15	7.92767e+15	9.85218e+15	1.33635e+16	2.01778e+16	2.91856e+16	2.89699e+16	3.0983e+17	4.48494e+17	1.63622	2.80138	2.80138	2.80138	2.80138	2.80138	2.80138	2.80138	2.89385	3.3377	4.06803	4.44203	4.66761	4.68987	4.68987	
36202.1	6.85716e+17	2.78575e+17	1.21905e+17	7.71303e+16	1.54261e+17	2.31391e+17	3.08521e+17	3.85651e+17	4.62248e+17	5.36305e+17	6.04734e+17	6.68679e+17	7.48603e+17	3.35046e+17	8.49383e+15	6.188e+15	5.72406e+15	2.50486e+15	1.58485e+15	3.16969e+15	4.75454e+15	6.33939e+15	7.92423e+15	9.84657e+15	1.33737e+16	2.04461e+16	3.03176e+16	3.00916e+16	3.09857e+17	4.48495e+17	1.63367	2.74827	2.74827	2.74827	2.74827	2.74827	2.74827	2.74827	2.83822	3.27344	4.0065	4.40003	4.65994	4.68987	4.68987	
36455.7	6.8572e+17	2.78579e+17	1.21907e+17	7.71314e+16	1.54263e+17	2.31394e+17	3.08526e+17	3.85657e+17	4.62258e+17	5.363e+17	6.04348e+17	6.66912e+17	7.46637e+17	3.35015e+17	8.49381e+15	6.18587e+15	5.72155e+15	2.50376e+15	1.58415e+15	3.1683e+15	4.75246e+15	6.33661e+15	7.92076e+15	9.84009e+15	1.33771e+16	2.06888e+16	3.14261e+16	3.13345e+16	3.09887e+17	4.48496e+17	1.63184	2.69648	2.69648	2.69648	2.69648	2.69648	2.69648	2.69648	2.78383	3.20973	3.94325	4.35457	4.65035	4.68986	4.68987	
36709.3	6.85723e+17	2.78583e+17	1.21909e+17	7.71325e+16	1.54265e+17	2.31398e+17	3.0853e+17	3.85663e+17	4.6227e+17	5.36305e+17	6.04006e+17	6.65199e+17	7.44487e+17	3.34973e+17	8.4938e+15	6.18381e+15	5.71902e+15	2.50266e+15	1.58345e+15	3.16691e+15	4.75036e+15	6.33381e+15	7.91727e+15	9.8328e+15	1.33741e+16	2.09045e+16	3.25e+16	3.2691e+16	3.09921e+17	4.48497e+17	1.6307	2.64615	2.64615	2.64615	2.64615	2.64615	2.64615	2.64615	2.73082	3.14678	3.8786	4.30582	4.63861	4.68985	4.68987	
36960.2	6.85727e+17	2.78587e+17	1.2191e+17	7.71336e+16	1.54267e+17	2.31401e+17	3.08535e+17	3.85668e+17	4.62283e+17	5.36319e+17	6.0371e+17	6.63571e+17	7.42192e+17	3.34922e+17	8.49377e+15	6.18182e+15	5.71651e+15	2.50156e+15	1.58276e+15	3.16552e+15	4.74828e+15	6.33103e+15	7.91379e+15	9.82485e+15	1.33649e+16	2.10907e+16	3.352e+16	3.41363e+16	3.09959e+17	4.48498e+17	1.63021	2.59778	2.59778	2.59778	2.59778	2.59778	2.59778	2.59778	2.67976	3.08536	3.81346	4.25445	4.62462	4.68983	4.68987	
37211.7	6.8573e+17	2.78591e+17	1.21912e+17	7.71348e+16	1.5427e+17	2.31404e+17	3.08539e+17	3.85674e+17	4.62296e+17	5.36343e+17	6.03458e+17	6.6202e+17	7.39745e+17	3.34857e+17	8.49375e+15	6.17988e+15	5.71399e+15	2.50046e+15	1.58206e+15	3.16412e+15	4.74618e+15	6.32824e+15	7.9103e+15	9.8162e+15	1.335e+16	2.12495e+16	3.44909e+16	3.56753e+16	3.10003e+17	4.48499e+17	1.63034	2.55081	2.55081	2.55081	2.55081	2.55081	2.55081	2.55081	2.63006	3.02483	3.74726	4.20004	4.608	4.6898	4.68987	
37463.4	6.85733e+17	2.78595e+17	1.21914e+17	7.71359e+16	1.54272e+17	2.31408e+17	3.08544e+17	3.85679e+17	4.62311e+17	5.36376e+17	6.0325e+17	6.60559e+17	7.37169e+17	3.34779e+17	8.49372e+15	6.178e+15	5.71146e+15	2.49935e+15	1.58136e+15	3.16272e+15	4.74408e+15	6.32544e+15	7.9068e+15	9.80693e+15	1.33294e+16	2.13806e+16	3.54048e+16	3.72932e+16	3.10052e+17	4.48499e+17	1.63105	2.50529	2.50529	2.50529	2.50529	2.50529	2.50529	2.50529	2.58178	2.96533	3.6803	4.1428	4.58854	4.68975	4.68987	
37715.4	6.85737e+17	2.78599e+17	1.21916e+17	7.7137e+16	1.54274e+17	2.31411e+17	3.08548e+17	3.85685e+17	4.62327e+17	5.36417e+17	6.03086e+17	6.592e+17	7.34488e+17	3.34684e+17	8.49369e+15	6.17616e+15	5.70893e+15	2.49824e+15	1.58066e+15	3.16131e+15	4.74197e+15	6.32263e+15	7.90329e+15	9.79707e+15	1.33037e+16	2.14838e+16	3.62552e+16	3.89746e+16	3.10109e+17	4.485e+17	1.63233	2.46125	2.46125	2.46125	2.46125	2.46125	2.46125	2.46125	2.53496	2.90698	3.61278	4.08293	4.56603	4.68967	4.68987	
37968.4	6.8574e+17	2.78603e+17	1.21917e+17	7.71381e+16	1.54276e+17	2.31414e+17	3.08553e+17	3.85691e+17	4.62344e+17	5.36466e+17	6.02966e+17	6.57947e+17	7.31721e+17	3.34571e+17	8.49366e+15	6.17436e+15	5.70638e+15	2.49713e+15	1.57995e+15	3.15991e+15	4.73986e+15	6.31981e+15	7.89977e+15	9.78668e+15	1.32729e+16	2.15597e+16	3.70384e+16	4.07071e+16	3.10174e+17	4.485e+17	1.63415	2.41859	2.41859	2.41859	2.41859	2.41859	2.41859	2.41859	2.48953	2.84972	3.54476	4.0205	4.54024	4.68955	4.68987	
38220.7	6.85743e+17	2.78607e+17	1.21919e+17	7.71393e+16	1.54279e+17	2.31418e+17	3.08557e+17	3.85696e+17	4.62361e+17	5.36521e+17	6.02889e+17	6.56816e+17	7.28918e+17	3.34439e+17	8.49363e+15	6.17262e+15	5.70385e+15	2.49602e+15	1.57925e+15	3.15851e+15	4.73776e+15	6.31701e+15	7.89626e+15	9.77586e+15	1.32377e+16	2.16081e+16	3.77447e+16	4.24611e+16	3.10248e+17	4.48501e+17	1.63649	2.37763	2.37763	2.37763	2.37763	2.37763	2.37763	2.37763	2.44579	2.79403	3.47693	3.9562	4.51122	4.68936	4.68987	
38473	6.85746e+17	2.78611e+17	1.21921e+17	7.71404e+16	1.54281e+17	2.31421e+17	3.08562e+17	3.85702e+17	4.62379e+17	5.36584e+17	6.02855e+17	6.5581e+17	7.26095e+17	3.34285e+17	8.49359e+15	6.17091e+15	5.70133e+15	2.49492e+15	1.57855e+15	3.15711e+15	4.73566e+15	6.31422e+15	7.89277e+15	9.76467e+15	1.31983e+16	2.163e+16	3.83732e+16	4.42233e+16	3.1033e+17	4.48501e+17	1.63933	2.33822	2.33822	2.33822	2.33822	2.33822	2.33822	2.33822	2.40365	2.7398	3.40928	3.89011	4.4788	4.68908	4.68987	
38723.5	6.85749e+17	2.78615e+17	1.21923e+17	7.71415e+16	1.54283e+17	2.31425e+17	3.08566e+17	3.85708e+17	4.62397e+17	5.36652e+17	6.0286e+17	6.54938e+17	7.23314e+17	3.3411e+17	8.49356e+15	6.16927e+15	5.69884e+15	2.49383e+15	1.57786e+15	3.15573e+15	4.73359e+15	6.31145e+15	7.88932e+15	9.75322e+15	1.31555e+16	2.16266e+16	3.8918e+16	4.59531e+16	3.10416e+17	4.48502e+17	1.64261	2.30063	2.30063	2.30063	2.30063	2.30063	2.30063	2.30063	2.36336	2.68746	3.34249	3.82298	4.44343	4.68869	4.68987	
38974.2	6.85752e+17	2.78619e+17	1.21924e+17	7.71426e+16	1.54285e+17	2.31428e+17	3.0857e+17	3.85713e+17	4.62415e+17	5.36725e+17	6.02904e+17	6.54194e+17	7.20597e+17	3.33916e+17	8.49353e+15	6.16766e+15	5.69635e+15	2.49274e+15	1.57718e+15	3.15435e+15	4.73153e+15	6.3087e+15	7.88588e+15	9.7415e+15	1.31094e+16	2.15991e+16	3.93823e+16	4.76387e+16	3.10507e+17	4.48503e+17	1.64635	2.26456	2.26456	2.26456	2.26456	2.26456	2.26456	2.26456	2.32463	2.63666	3.27624	3.75461	4.40512	4.68816	4.68987	
39226.5	6.85755e+17	2.78623e+17	1.21926e+17	7.71437e+16	1.54287e+17	2.31431e+17	3.08575e+17	3.85719e+17	4.62435e+17	5.36803e+17	6.02985e+17	6.53577e+17	7.17959e+17	3.33706e+17	8.4935e+15	6.16607e+15	5.69387e+15	2.49165e+15	1.57649e+15	3.15298e+15	4.72947e+15	6.30595e+15	7.88244e+15	9.72947e+15	1.30599e+16	2.15481e+16	3.97676e+16	4.92725e+16	3.10604e+17	4.48505e+17	1.65055	2.22978	2.22978	2.22978	2.22978	2.22978	2.22978	2.22978	2.28722	2.58713	3.21031	3.68485	4.36385	4.68747	4.68987	
39478.9	6.85758e+17	2.78627e+17	1.21928e+17	7.71448e+16	1.5429e+17	2.31434e+17	3.08579e+17	3.85724e+17	4.62454e+17	5.36886e+17	6.03101e+17	6.53091e+17	7.15441e+17	3.33485e+17	8.49346e+15	6.16453e+15	5.6914e+15	2.49057e+15	1.57581e+15	3.15161e+15	4.72742e+15	6.30322e+15	7.87903e+15	9.71728e+15	1.30077e+16	2.14752e+16	4.00706e+16	5.08304e+16	3.10706e+17	4.48506e+17	1.65517	2.19653	2.19653	2.19653	2.19653	2.19653	2.19653	2.19653	2.25139	2.53928	3.14531	3.61445	4.32005	4.68658	4.68987	
39730.4	6.85761e+17	2.78631e+17	1.2193e+17	7.71459e+16	1.54292e+17	2.31438e+17	3.08584e+17	3.8573e+17	4.62474e+17	5.36972e+17	6.0325e+17	6.52737e+17	7.13067e+17	3.33254e+17	8.49342e+15	6.16302e+15	5.68897e+15	2.48951e+15	1.57513e+15	3.15026e+15	4.72539e+15	6.30052e+15	7.87565e+15	9.705e+15	1.29535e+16	2.1382e+16	4.02916e+16	5.22983e+16	3.10811e+17	4.48507e+17	1.66016	2.16491	2.16491	2.16491	2.16491	2.16491	2.16491	2.16491	2.21725	2.49327	3.08161	3.54394	4.27408	4.68547	4.68987	
39982.1	6.85763e+17	2.78635e+17	1.21931e+17	7.7147e+16	1.54294e+17	2.31441e+17	3.08588e+17	3.85735e+17	4.62493e+17	5.37061e+17	6.03428e+17	6.5251e+17	7.10837e+17	3.33018e+17	8.49338e+15	6.16155e+15	5.68655e+15	2.48845e+15	1.57446e+15	3.14892e+15	4.72338e+15	6.29785e+15	7.87231e+15	9.69264e+15	1.28972e+16	2.12696e+16	4.04333e+16	5.36758e+16	3.1092e+17	4.48508e+17	1.66551	2.13475	2.13475	2.13475	2.13475	2.13475	2.13475	2.13475	2.18463	2.44893	3.01908	3.47329	4.22595	4.68412	4.68987	
40232.6	6.85766e+17	2.78639e+17	1.21933e+17	7.71481e+16	1.54296e+17	2.31444e+17	3.08592e+17	3.8574e+17	4.62513e+17	5.37153e+17	6.03634e+17	6.52407e+17	7.08771e+17	3.32778e+17	8.49334e+15	6.16011e+15	5.68417e+15	2.48741e+15	1.5738e+15	3.1476e+15	4.72141e+15	6.29521e+15	7.86901e+15	9.6803e+15	1.28396e+16	2.11403e+16	4.04977e+16	5.49512e+16	3.11029e+17	4.48509e+17	1.67116	2.1062	2.1062	2.1062	2.1062	2.1062	2.1062	2.1062	2.15369	2.40651	2.95819	3.40316	4.17611	4.6825	4.68987	
40482.9	6.85769e+17	2.78643e+17	1.21935e+17	7.71491e+16	1.54298e+17	2.31447e+17	3.08596e+17	3.85746e+17	4.62532e+17	5.37246e+17	6.03865e+17	6.52423e+17	7.06866e+17	3.32537e+17	8.49329e+15	6.15871e+15	5.68181e+15	2.48637e+15	1.57315e+15	3.1463e+15	4.71945e+15	6.2926e+15	7.86575e+15	9.66797e+15	1.27808e+16	2.09952e+16	4.04883e+16	5.61264e+16	3.1114e+17	4.4851e+17	1.67709	2.07909	2.07909	2.07909	2.07909	2.07909	2.07909	2.07909	2.12427	2.36584	2.8988	3.33352	4.12457	4.68058	4.68987	
40733.3	6.85771e+17	2.78646e+17	1.21936e+17	7.71501e+16	1.543e+17	2.3145e+17	3.08601e+17	3.85751e+17	4.62552e+17	5.37341e+17	6.04119e+17	6.52551e+17	7.05124e+17	3.32297e+17	8.49323e+15	6.15733e+15	5.67948e+15	2.48535e+15	1.5725e+15	3.14501e+15	4.71751e+15	6.29002e+15	7.86252e+15	9.65568e+15	1.2721e+16	2.08356e+16	4.04082e+16	5.72005e+16	3.1125e+17	4.48511e+17	1.68328	2.05338	2.05338	2.05338	2.05338	2.05338	2.05338	2.05338	2.09631	2.32687	2.84093	3.26452	4.07145	4.67833	4.68987	
40983.7	6.85774e+17	2.7865e+17	1.21938e+17	7.71512e+16	1.54302e+17	2.31454e+17	3.08605e+17	3.85756e+17	4.62571e+17	5.37437e+17	6.04393e+17	6.52788e+17	7.03548e+17	3.3206e+17	8.49318e+15	6.15597e+15	5.67718e+15	2.48435e+15	1.57187e+15	3.14373e+15	4.7156e+15	6.28747e+15	7.85933e+15	9.64346e+15	1.26605e+16	2.06629e+16	4.02608e+16	5.81717e+16	3.11359e+17	4.48512e+17	1.68968	2.02904	2.02904	2.02904	2.02904	2.02904	2.02904	2.02904	2.06979	2.28958	2.78467	3.19639	4.01695	4.67573	4.68987	
41236.4	6.85776e+17	2.78654e+17	1.2194e+17	7.71522e+16	1.54304e+17	2.31457e+17	3.08609e+17	3.85761e+17	4.62591e+17	5.37534e+17	6.04689e+17	6.5313e+17	7.02128e+17	3.31827e+17	8.49311e+15	6.15463e+15	5.67488e+15	2.48334e+15	1.57123e+15	3.14246e+15	4.71369e+15	6.28493e+15	7.85616e+15	9.63124e+15	1.2599e+16	2.0477e+16	4.00476e+16	5.90461e+16	3.11466e+17	4.48513e+17	1.6963	2.00584	2.00584	2.00584	2.00584	2.00584	2.00584	2.00584	2.04448	2.25369	2.72964	3.12875	3.96076	4.67272	4.68987	
41489.9	6.85779e+17	2.78657e+17	1.21941e+17	7.71532e+16	1.54306e+17	2.3146e+17	3.08613e+17	3.85766e+17	4.6261e+17	5.37632e+17	6.05001e+17	6.53571e+17	7.00875e+17	3.31601e+17	8.49304e+15	6.1533e+15	5.67261e+15	2.48235e+15	1.5706e+15	3.1412e+15	4.71181e+15	6.28241e+15	7.85301e+15	9.61911e+15	1.25371e+16	2.02802e+16	3.9773e+16	5.9817e+16	3.1157e+17	4.48514e+17	1.70309	1.98392	1.98392	1.98392	1.98392	1.98392	1.98392	1.98392	2.0205	2.2194	2.67624	3.06218	3.90337	4.66929	4.68987	
41742.3	6.85781e+17	2.78661e+17	1.21943e+17	7.71542e+16	1.54308e+17	2.31463e+17	3.08617e+17	3.85771e+17	4.62629e+17	5.3773e+17	6.05327e+17	6.541e+17	6.99797e+17	3.31387e+17	8.49297e+15	6.152e+15	5.67038e+15	2.48137e+15	1.56998e+15	3.13997e+15	4.70995e+15	6.27994e+15	7.84992e+15	9.60719e+15	1.24754e+16	2.00754e+16	3.94432e+16	6.04795e+16	3.11668e+17	4.48514e+17	1.70995	1.96338	1.96338	1.96338	1.96338	1.96338	1.96338	1.96338	1.998	2.18694	2.62491	2.99736	3.84541	4.66545	4.68987	
41995.6	6.85784e+17	2.78665e+17	1.21944e+17	7.71552e+16	1.5431e+17	2.31466e+17	3.08621e+17	3.85776e+17	4.62648e+17	5.37827e+17	6.05665e+17	6.54713e+17	6.98885e+17	3.31186e+17	8.49289e+15	6.15071e+15	5.66817e+15	2.48041e+15	1.56937e+15	3.13875e+15	4.70812e+15	6.2775e+15	7.84687e+15	9.59542e+15	1.24139e+16	1.98624e+16	3.90603e+16	6.10399e+16	3.11761e+17	4.48515e+17	1.71691	1.94406	1.94406	1.94406	1.94406	1.94406	1.94406	1.94406	1.97678	2.15604	2.57531	2.93394	3.78663	4.66113	4.68987	
42248.4	6.85786e+17	2.78668e+17	1.21946e+17	7.71562e+16	1.54312e+17	2.31469e+17	3.08625e+17	3.85781e+17	4.62666e+17	5.37924e+17	6.06012e+17	6.55402e+17	6.9814e+17	3.30999e+17	8.4928e+15	6.14944e+15	5.666e+15	2.47946e+15	1.56877e+15	3.13755e+15	4.70632e+15	6.27509e+15	7.84387e+15	9.58386e+15	1.23529e+16	1.96437e+16	3.86307e+16	6.14971e+16	3.11846e+17	4.48515e+17	1.7239	1.92601	1.92601	1.92601	1.92601	1.92601	1.92601	1.92601	1.95691	2.12684	2.52771	2.87237	3.7275	4.65635	4.68986	
42500.3	6.85789e+17	2.78672e+17	1.21947e+17	7.71571e+16	1.54314e+17	2.31471e+17	3.08629e+17	3.85786e+17	4.62684e+17	5.38019e+17	6.06366e+17	6.56156e+17	6.97559e+17	3.30831e+17	8.49271e+15	6.14819e+15	5.66387e+15	2.47853e+15	1.56818e+15	3.13637e+15	4.70455e+15	6.27273e+15	7.84092e+15	9.57257e+15	1.22928e+16	1.94208e+16	3.81599e+16	6.18533e+16	3.11923e+17	4.48516e+17	1.73088	1.90921	1.90921	1.90921	1.90921	1.90921	1.90921	1.90921	1.93837	2.09933	2.4822	2.81287	3.66832	4.65108	4.68986	
42753.3	6.85791e+17	2.78675e+17	1.21949e+17	7.71581e+16	1.54316e+17	2.31474e+17	3.08632e+17	3.8579e+17	4.62702e+17	5.38114e+17	6.06727e+17	6.56975e+17	6.97133e+17	3.30683e+17	8.49262e+15	6.14694e+15	5.66177e+15	2.4776e+15	1.5676e+15	3.1352e+15	4.7028e+15	6.2704e+15	7.838e+15	9.56146e+15	1.22332e+16	1.91934e+16	3.76489e+16	6.21138e+16	3.1199e+17	4.48516e+17	1.73788	1.8935	1.8935	1.8935	1.8935	1.8935	1.8935	1.8935	1.921	2.07329	2.43845	2.75506	3.60881	4.64529	4.68986	
43004.9	6.85793e+17	2.78678e+17	1.2195e+17	7.7159e+16	1.54318e+17	2.31477e+17	3.08636e+17	3.85795e+17	4.62719e+17	5.38206e+17	6.07091e+17	6.57843e+17	6.9686e+17	3.30556e+17	8.49252e+15	6.1457e+15	5.65971e+15	2.4767e+15	1.56703e+15	3.13406e+15	4.70109e+15	6.26812e+15	7.83515e+15	9.55066e+15	1.21748e+16	1.89647e+16	3.71069e+16	6.22795e+16	3.12048e+17	4.48516e+17	1.74483	1.879	1.879	1.879	1.879	1.879	1.879	1.879	1.9049	2.0489	2.39687	2.69958	3.5497	4.639	4.68986	
43257.4	6.85796e+17	2.78682e+17	1.21952e+17	7.71599e+16	1.5432e+17	2.3148e+17	3.0864e+17	3.858e+17	4.62736e+17	5.38297e+17	6.07457e+17	6.58761e+17	6.96733e+17	3.30453e+17	8.49242e+15	6.14447e+15	5.65767e+15	2.47581e+15	1.56647e+15	3.13293e+15	4.6994e+15	6.26587e+15	7.83233e+15	9.54008e+15	1.21173e+16	1.87337e+16	3.65334e+16	6.23555e+16	3.12094e+17	4.48517e+17	1.75176	1.86552	1.86552	1.86552	1.86552	1.86552	1.86552	1.86552	1.88991	2.02591	2.35706	2.64596	3.49061	4.63214	4.68986	
43509	6.85798e+17	2.78685e+17	1.21953e+17	7.71608e+16	1.54322e+17	2.31482e+17	3.08643e+17	3.85804e+17	4.62752e+17	5.38386e+17	6.07824e+17	6.59715e+17	6.96747e+17	3.30375e+17	8.49231e+15	6.14325e+15	5.65568e+15	2.47494e+15	1.56591e+15	3.13183e+15	4.69774e+15	6.26366e+15	7.82957e+15	9.5298e+15	1.20612e+16	1.8503e+16	3.5937e+16	6.23449e+16	3.12128e+17	4.48517e+17	1.75862	1.85313	1.85313	1.85313	1.85313	1.85313	1.85313	1.85313	1.87607	2.00445	2.31931	2.59465	3.43212	4.62476	4.68986	
43761.4	6.858e+17	2.78688e+17	1.21955e+17	7.71617e+16	1.54323e+17	2.31485e+17	3.08647e+17	3.85808e+17	4.62768e+17	5.38474e+17	6.0819e+17	6.60706e+17	6.96894e+17	3.30325e+17	8.4922e+15	6.14203e+15	5.65371e+15	2.47408e+15	1.56537e+15	3.13074e+15	4.69611e+15	6.26148e+15	7.82685e+15	9.51975e+15	1.20062e+16	1.82719e+16	3.53173e+16	6.22515e+16	3.12149e+17	4.48517e+17	1.76545	1.8417	1.8417	1.8417	1.8417	1.8417	1.8417	1.8417	1.86327	1.98432	2.28332	2.54532	3.37396	4.6168	4.68986	
44013.6	6.85803e+17	2.78691e+17	1.21956e+17	7.71626e+16	1.54325e+17	2.31488e+17	3.0865e+17	3.85813e+17	4.62784e+17	5.38558e+17	6.08555e+17	6.61724e+17	6.97169e+17	3.30304e+17	8.49208e+15	6.14081e+15	5.65178e+15	2.47323e+15	1.56483e+15	3.12967e+15	4.6945e+15	6.25934e+15	7.82417e+15	9.51e+15	1.19526e+16	1.80423e+16	3.4681e+16	6.20795e+16	3.12157e+17	4.48517e+17	1.77219	1.83125	1.83125	1.83125	1.83125	1.83125	1.83125	1.83125	1.85151	1.96557	2.24923	2.49821	3.31653	4.60827	4.68986	
44264.9	6.85805e+17	2.78694e+17	1.21957e+17	7.71634e+16	1.54327e+17	2.3149e+17	3.08654e+17	3.85817e+17	4.62799e+17	5.38641e+17	6.08915e+17	6.62759e+17	6.97564e+17	3.30314e+17	8.49196e+15	6.1396e+15	5.64988e+15	2.4724e+15	1.56431e+15	3.12862e+15	4.69293e+15	6.25724e+15	7.82155e+15	9.50056e+15	1.19007e+16	1.78154e+16	3.40333e+16	6.18341e+16	3.1215e+17	4.48517e+17	1.77884	1.82176	1.82176	1.82176	1.82176	1.82176	1.82176	1.82176	1.84078	1.94818	2.21708	2.4534	3.26006	4.59919	4.68986	
44517.2	6.85807e+17	2.78697e+17	1.21959e+17	7.71642e+16	1.54328e+17	2.31493e+17	3.08657e+17	3.85821e+17	4.62814e+17	5.38721e+17	6.09272e+17	6.63815e+17	6.98073e+17	3.30355e+17	8.49184e+15	6.13839e+15	5.64801e+15	2.47159e+15	1.56379e+15	3.12758e+15	4.69138e+15	6.25517e+15	7.81896e+15	9.49136e+15	1.18499e+16	1.75902e+16	3.33727e+16	6.15174e+16	3.12127e+17	4.48517e+17	1.78543	1.81312	1.81312	1.81312	1.81312	1.81312	1.81312	1.81312	1.83096	1.93198	2.18659	2.41056	3.20423	4.58949	4.68986	
44768.3	6.8581e+17	2.787e+17	1.2196e+17	7.71651e+16	1.5433e+17	2.31495e+17	3.0866e+17	3.85825e+17	4.62828e+17	5.38799e+17	6.09622e+17	6.64875e+17	6.98686e+17	3.3043e+17	8.49172e+15	6.13718e+15	5.64618e+15	2.47079e+15	1.56329e+15	3.12657e+15	4.68986e+15	6.25314e+15	7.81643e+15	9.48249e+15	1.1801e+16	1.73694e+16	3.27086e+16	6.11369e+16	3.12089e+17	4.48517e+17	1.79191	1.80537	1.80537	1.80537	1.80537	1.80537	1.80537	1.80537	1.82209	1.91708	2.15799	2.37006	3.14967	4.57925	4.68986	
45020.4	6.85812e+17	2.78703e+17	1.21961e+17	7.71659e+16	1.54332e+17	2.31498e+17	3.08663e+17	3.85829e+17	4.62842e+17	5.38874e+17	6.09968e+17	6.65946e+17	6.99401e+17	3.3054e+17	8.49159e+15	6.13597e+15	5.64438e+15	2.47e+15	1.56279e+15	3.12557e+15	4.68836e+15	6.25115e+15	7.81393e+15	9.47386e+15	1.17534e+16	1.71515e+16	3.20382e+16	6.06936e+16	3.12035e+17	4.48517e+17	1.79831	1.7984	1.7984	1.7984	1.7984	1.7984	1.7984	1.7984	1.81407	1.90329	2.13098	2.33152	3.09595	4.56839	4.68986	
45271.6	6.85814e+17	2.78706e+17	1.21962e+17	7.71667e+16	1.54333e+17	2.315e+17	3.08667e+17	3.85833e+17	4.62855e+17	5.38947e+17	6.10305e+17	6.67014e+17	7.00204e+17	3.30686e+17	8.49146e+15	6.13477e+15	5.64261e+15	2.46922e+15	1.5623e+15	3.12459e+15	4.68689e+15	6.24919e+15	7.81149e+15	9.46554e+15	1.17076e+16	1.69386e+16	3.13692e+16	6.01952e+16	3.11963e+17	4.48517e+17	1.8046	1.79224	1.79224	1.79224	1.79224	1.79224	1.79224	1.79224	1.8069	1.89066	2.10571	2.29517	3.04358	4.55697	4.68986	
45523.6	6.85817e+17	2.78709e+17	1.21964e+17	7.71675e+16	1.54335e+17	2.31502e+17	3.0867e+17	3.85837e+17	4.62868e+17	5.39017e+17	6.10636e+17	6.68082e+17	7.01096e+17	3.30869e+17	8.49133e+15	6.13355e+15	5.64087e+15	2.46846e+15	1.56181e+15	3.12363e+15	4.68544e+15	6.24726e+15	7.80907e+15	9.45747e+15	1.16632e+16	1.67297e+16	3.06994e+16	5.96425e+16	3.11874e+17	4.48516e+17	1.81082	1.78678	1.78678	1.78678	1.78678	1.78678	1.78678	1.78678	1.8005	1.87906	2.08196	2.26073	2.99223	4.54493	4.68986	
45775.4	6.85819e+17	2.78712e+17	1.21965e+17	7.71682e+16	1.54336e+17	2.31505e+17	3.08673e+17	3.85841e+17	4.6288e+17	5.39085e+17	6.10959e+17	6.69143e+17	7.02064e+17	3.3109e+17	8.49119e+15	6.13234e+15	5.63916e+15	2.46771e+15	1.56134e+15	3.12268e+15	4.68402e+15	6.24536e+15	7.8067e+15	9.44968e+15	1.16204e+16	1.65261e+16	3.00345e+16	5.9042e+16	3.11767e+17	4.48516e+17	1.81693	1.78204	1.78204	1.78204	1.78204	1.78204	1.78204	1.78204	1.79486	1.86851	2.05979	2.22832	2.94222	4.53232	4.68985	
46026.4	6.85821e+17	2.78714e+17	1.21966e+17	7.7169e+16	1.54338e+17	2.31507e+17	3.08676e+17	3.85845e+17	4.62892e+17	5.3915e+17	6.11273e+17	6.7019e+17	7.031e+17	3.3135e+17	8.49105e+15	6.13113e+15	5.63748e+15	2.46698e+15	1.56088e+15	3.12175e+15	4.68263e+15	6.2435e+15	7.80438e+15	9.44218e+15	1.15794e+16	1.63285e+16	2.93779e+16	5.83997e+16	3.11641e+17	4.48516e+17	1.82293	1.77798	1.77798	1.77798	1.77798	1.77798	1.77798	1.77798	1.78997	1.85896	2.03918	2.19793	2.89368	4.51916	4.68985	
46278.5	6.85824e+17	2.78717e+17	1.21967e+17	7.71697e+16	1.54339e+17	2.31509e+17	3.08679e+17	3.85849e+17	4.62904e+17	5.39213e+17	6.11578e+17	6.71228e+17	7.04204e+17	3.31651e+17	8.49091e+15	6.12992e+15	5.63582e+15	2.46625e+15	1.56042e+15	3.12083e+15	4.68125e+15	6.24167e+15	7.80208e+15	9.43491e+15	1.15398e+16	1.61356e+16	2.87265e+16	5.77146e+16	3.11496e+17	4.48516e+17	1.82886	1.77454	1.77454	1.77454	1.77454	1.77454	1.77454	1.77454	1.78573	1.85031	2.01992	2.16928	2.8463	4.50538	4.68985	
46529.3	6.85826e+17	2.7872e+17	1.21968e+17	7.71705e+16	1.54341e+17	2.31511e+17	3.08682e+17	3.85852e+17	4.62915e+17	5.39273e+17	6.11873e+17	6.72244e+17	7.05361e+17	3.3199e+17	8.49077e+15	6.12871e+15	5.6342e+15	2.46554e+15	1.55997e+15	3.11993e+15	4.6799e+15	6.23987e+15	7.79984e+15	9.42793e+15	1.1502e+16	1.59494e+16	2.80883e+16	5.69974e+16	3.11333e+17	4.48516e+17	1.83466	1.77172	1.77172	1.77172	1.77172	1.77172	1.77172	1.77172	1.78216	1.84258	2.00215	2.14259	2.80054	4.4911	4.68985	
46781.2	6.85828e+17	2.78722e+17	1.2197e+17	7.71712e+16	1.54342e+17	2.31514e+17	3.08685e+17	3.85856e+17	4.62926e+17	5.3933e+17	6.1216e+17	6.73247e+17	7.06572e+17	3.32372e+17	8.49063e+15	6.12749e+15	5.63259e+15	2.46484e+15	1.55952e+15	3.11905e+15	4.67857e+15	6.23809e+15	7.79762e+15	9.42118e+15	1.14656e+16	1.57684e+16	2.74591e+16	5.62455e+16	3.11149e+17	4.48516e+17	1.84039	1.76945	1.76945	1.76945	1.76945	1.76945	1.76945	1.76945	1.77919	1.83568	1.98563	2.11755	2.75603	4.4762	4.68984	
47032.2	6.85831e+17	2.78725e+17	1.21971e+17	7.71719e+16	1.54344e+17	2.31516e+17	3.08688e+17	3.85859e+17	4.62936e+17	5.39386e+17	6.12436e+17	6.74224e+17	7.07824e+17	3.32795e+17	8.49048e+15	6.12628e+15	5.63102e+15	2.46415e+15	1.55909e+15	3.11818e+15	4.67726e+15	6.23635e+15	7.79544e+15	9.41468e+15	1.14308e+16	1.55942e+16	2.68449e+16	5.54683e+16	3.10945e+17	4.48516e+17	1.846	1.76773	1.76773	1.76773	1.76773	1.76773	1.76773	1.76773	1.77681	1.82959	1.97044	2.09428	2.71311	4.46081	4.68984	
47284.1	6.85833e+17	2.78727e+17	1.21972e+17	7.71726e+16	1.54345e+17	2.31518e+17	3.0869e+17	3.85863e+17	4.62946e+17	5.39438e+17	6.12704e+17	6.75183e+17	7.0912e+17	3.33262e+17	8.49033e+15	6.12506e+15	5.62947e+15	2.46347e+15	1.55866e+15	3.11732e+15	4.67597e+15	6.23463e+15	7.79329e+15	9.40841e+15	1.13974e+16	1.54254e+16	2.62425e+16	5.46639e+16	3.10721e+17	4.48516e+17	1.85155	1.76651	1.76651	1.76651	1.76651	1.76651	1.76651	1.76651	1.77496	1.82425	1.95641	2.07255	2.67149	4.44482	4.68984	
47535.7	6.85835e+17	2.7873e+17	1.21973e+17	7.71733e+16	1.54347e+17	2.3152e+17	3.08693e+17	3.85866e+17	4.62956e+17	5.39489e+17	6.12961e+17	6.76117e+17	7.10447e+17	3.33771e+17	8.49018e+15	6.12384e+15	5.62794e+15	2.4628e+15	1.55823e+15	3.11647e+15	4.6747e+15	6.23294e+15	7.79117e+15	9.40236e+15	1.13655e+16	1.5263e+16	2.56559e+16	5.38396e+16	3.10476e+17	4.48516e+17	1.85699	1.76577	1.76577	1.76577	1.76577	1.76577	1.76577	1.76577	1.77364	1.81963	1.94357	2.05241	2.63137	4.42832	4.68983	
47786.6	6.85838e+17	2.78732e+17	1.21974e+17	7.7174e+16	1.54348e+17	2.31522e+17	3.08696e+17	3.8587e+17	4.62965e+17	5.39537e+17	6.13208e+17	6.77022e+17	7.11797e+17	3.34321e+17	8.49003e+15	6.12263e+15	5.62644e+15	2.46214e+15	1.55782e+15	3.11564e+15	4.67346e+15	6.23128e+15	7.78909e+15	9.39656e+15	1.13352e+16	1.51074e+16	2.50869e+16	5.30006e+16	3.10212e+17	4.48516e+17	1.86234	1.76548	1.76548	1.76548	1.76548	1.76548	1.76548	1.76548	1.7728	1.8157	1.93187	2.03381	2.59284	4.41137	4.68983	
48038.6	6.8584e+17	2.78735e+17	1.21975e+17	7.71746e+16	1.54349e+17	2.31524e+17	3.08699e+17	3.85873e+17	4.62974e+17	5.39583e+17	6.13446e+17	6.77904e+17	7.13176e+17	3.34918e+17	8.48987e+15	6.1214e+15	5.62495e+15	2.46149e+15	1.55741e+15	3.11481e+15	4.67222e+15	6.22963e+15	7.78704e+15	9.39094e+15	1.13061e+16	1.49572e+16	2.4532e+16	5.21436e+16	3.09925e+17	4.48516e+17	1.86763	1.76561	1.76561	1.76561	1.76561	1.76561	1.76561	1.76561	1.77242	1.8124	1.92118	2.01657	2.55559	4.39384	4.68982	
48289.3	6.85842e+17	2.78737e+17	1.21976e+17	7.71753e+16	1.54351e+17	2.31526e+17	3.08701e+17	3.85876e+17	4.62983e+17	5.39627e+17	6.13673e+17	6.78754e+17	7.14565e+17	3.35555e+17	8.48971e+15	6.12019e+15	5.6235e+15	2.46086e+15	1.557e+15	3.11401e+15	4.67101e+15	6.22802e+15	7.78502e+15	9.38555e+15	1.12785e+16	1.48138e+16	2.3997e+16	5.12799e+16	3.09619e+17	4.48516e+17	1.87281	1.76613	1.76613	1.76613	1.76613	1.76613	1.76613	1.76613	1.77246	1.80971	1.91154	2.00077	2.51997	4.37592	4.68982	
48541.1	6.85844e+17	2.7874e+17	1.21977e+17	7.71759e+16	1.54352e+17	2.31528e+17	3.08704e+17	3.8588e+17	4.62991e+17	5.39669e+17	6.13891e+17	6.7958e+17	7.15972e+17	3.36238e+17	8.48956e+15	6.11897e+15	5.62205e+15	2.46022e+15	1.5566e+15	3.11321e+15	4.66981e+15	6.22642e+15	7.78302e+15	9.38034e+15	1.12521e+16	1.4676e+16	2.34774e+16	5.04044e+16	3.0929e+17	4.48516e+17	1.87793	1.76703	1.76703	1.76703	1.76703	1.76703	1.76703	1.76703	1.77291	1.80758	1.90282	1.9862	2.48563	4.35746	4.68981	
48792	6.85847e+17	2.78742e+17	1.21978e+17	7.71766e+16	1.54353e+17	2.3153e+17	3.08706e+17	3.85883e+17	4.62999e+17	5.39709e+17	6.14099e+17	6.80374e+17	7.17382e+17	3.36963e+17	8.48939e+15	6.11775e+15	5.62063e+15	2.4596e+15	1.55621e+15	3.11242e+15	4.66863e+15	6.22484e+15	7.78106e+15	9.37533e+15	1.1227e+16	1.45446e+16	2.29775e+16	4.95267e+16	3.08941e+17	4.48516e+17	1.88297	1.76826	1.76826	1.76826	1.76826	1.76826	1.76826	1.76826	1.77372	1.806	1.89502	1.97292	2.45282	4.33862	4.6898	
49043.9	6.85849e+17	2.78744e+17	1.21979e+17	7.71772e+16	1.54354e+17	2.31532e+17	3.08709e+17	3.85886e+17	4.63007e+17	5.39747e+17	6.14299e+17	6.81142e+17	7.18801e+17	3.37734e+17	8.48923e+15	6.11653e+15	5.61923e+15	2.45899e+15	1.55582e+15	3.11164e+15	4.66747e+15	6.22329e+15	7.77911e+15	9.37049e+15	1.12031e+16	1.44186e+16	2.24939e+16	4.86429e+16	3.0857e+17	4.48516e+17	1.88795	1.76982	1.76982	1.76982	1.76982	1.76982	1.76982	1.76982	1.77489	1.8049	1.88806	1.96076	2.42129	4.31927	4.68979	
49295.5	6.85851e+17	2.78746e+17	1.2198e+17	7.71778e+16	1.54356e+17	2.31534e+17	3.08711e+17	3.85889e+17	4.63015e+17	5.39783e+17	6.14489e+17	6.81881e+17	7.20219e+17	3.38548e+17	8.48907e+15	6.11531e+15	5.61784e+15	2.45838e+15	1.55544e+15	3.11088e+15	4.66631e+15	6.22175e+15	7.77719e+15	9.36582e+15	1.11804e+16	1.42985e+16	2.20291e+16	4.77596e+16	3.08178e+17	4.48515e+17	1.89286	1.77168	1.77168	1.77168	1.77168	1.77168	1.77168	1.77168	1.77638	1.80428	1.8819	1.94972	2.39117	4.29954	4.68978	
49546.3	6.85854e+17	2.78749e+17	1.21981e+17	7.71785e+16	1.54357e+17	2.31535e+17	3.08714e+17	3.85892e+17	4.63022e+17	5.39817e+17	6.1467e+17	6.82588e+17	7.21629e+17	3.39403e+17	8.4889e+15	6.1141e+15	5.61647e+15	2.45778e+15	1.55506e+15	3.11012e+15	4.66518e+15	6.22024e+15	7.7753e+15	9.36134e+15	1.11589e+16	1.41844e+16	2.15838e+16	4.68808e+16	3.07766e+17	4.48515e+17	1.89769	1.77381	1.77381	1.77381	1.77381	1.77381	1.77381	1.77381	1.77817	1.80409	1.87653	1.93976	2.36247	4.27947	4.68977	
49798.3	6.85856e+17	2.78751e+17	1.21982e+17	7.71791e+16	1.54358e+17	2.31537e+17	3.08716e+17	3.85895e+17	4.63029e+17	5.3985e+17	6.14843e+17	6.83269e+17	7.23039e+17	3.40305e+17	8.48874e+15	6.11288e+15	5.61512e+15	2.45719e+15	1.55468e+15	3.10937e+15	4.66405e+15	6.21874e+15	7.77342e+15	9.35699e+15	1.11384e+16	1.40752e+16	2.11547e+16	4.60021e+16	3.07331e+17	4.48515e+17	1.90248	1.77621	1.77621	1.77621	1.77621	1.77621	1.77621	1.77621	1.78025	1.80431	1.87184	1.93076	2.33497	4.25894	4.68976	
50049.1	6.85858e+17	2.78753e+17	1.21983e+17	7.71797e+16	1.54359e+17	2.31539e+17	3.08719e+17	3.85898e+17	4.63036e+17	5.3988e+17	6.15006e+17	6.83918e+17	7.24431e+17	3.41245e+17	8.48857e+15	6.11167e+15	5.61378e+15	2.45661e+15	1.55431e+15	3.10863e+15	4.66294e+15	6.21726e+15	7.77157e+15	9.35281e+15	1.1119e+16	1.3972e+16	2.07457e+16	4.51335e+16	3.06876e+17	4.48515e+17	1.90719	1.77883	1.77883	1.77883	1.77883	1.77883	1.77883	1.77883	1.78257	1.80491	1.86785	1.92273	2.30888	4.23816	4.68975	
50300.9	6.85861e+17	2.78755e+17	1.21984e+17	7.71803e+16	1.54361e+17	2.31541e+17	3.08721e+17	3.85901e+17	4.63042e+17	5.3991e+17	6.15162e+17	6.84541e+17	7.25816e+17	3.42233e+17	8.4884e+15	6.11045e+15	5.61246e+15	2.45603e+15	1.55395e+15	3.10789e+15	4.66184e+15	6.21579e+15	7.76974e+15	9.34876e+15	1.11005e+16	1.38734e+16	2.03527e+16	4.42692e+16	3.06399e+17	4.48515e+17	1.91187	1.78168	1.78168	1.78168	1.78168	1.78168	1.78168	1.78168	1.78515	1.80586	1.86448	1.91555	2.28394	4.21696	4.68974	
50551.8	6.85863e+17	2.78757e+17	1.21985e+17	7.71809e+16	1.54362e+17	2.31543e+17	3.08724e+17	3.85904e+17	4.63048e+17	5.39937e+17	6.1531e+17	6.85135e+17	7.27181e+17	3.43259e+17	8.48823e+15	6.10924e+15	5.61115e+15	2.45545e+15	1.55359e+15	3.10717e+15	4.66076e+15	6.21434e+15	7.76793e+15	9.34486e+15	1.10831e+16	1.37802e+16	1.99786e+16	4.34171e+16	3.05903e+17	4.48515e+17	1.91648	1.78473	1.78473	1.78473	1.78473	1.78473	1.78473	1.78473	1.78793	1.80714	1.86171	1.90923	2.26031	4.19553	4.68973	
50803.7	6.85865e+17	2.7876e+17	1.21986e+17	7.71815e+16	1.54363e+17	2.31544e+17	3.08726e+17	3.85907e+17	4.63054e+17	5.39964e+17	6.1545e+17	6.85703e+17	7.28533e+17	3.44331e+17	8.48806e+15	6.10803e+15	5.60985e+15	2.45488e+15	1.55323e+15	3.10645e+15	4.65968e+15	6.2129e+15	7.76613e+15	9.34108e+15	1.10665e+16	1.36915e+16	1.96203e+16	4.25728e+16	3.05383e+17	4.48515e+17	1.92106	1.78796	1.78796	1.78796	1.78796	1.78796	1.78796	1.78796	1.79093	1.80873	1.85949	1.90366	2.23777	4.17372	4.68971	
51055.3	6.85868e+17	2.78762e+17	1.21987e+17	7.71821e+16	1.54364e+17	2.31546e+17	3.08728e+17	3.8591e+17	4.6306e+17	5.39989e+17	6.15583e+17	6.86244e+17	7.29863e+17	3.45443e+17	8.48788e+15	6.10682e+15	5.60856e+15	2.45432e+15	1.55287e+15	3.10574e+15	4.65861e+15	6.21148e+15	7.76435e+15	9.33742e+15	1.10508e+16	1.36075e+16	1.92791e+16	4.17415e+16	3.04844e+17	4.48515e+17	1.92559	1.79137	1.79137	1.79137	1.79137	1.79137	1.79137	1.79137	1.79411	1.81059	1.85779	1.89884	2.21642	4.15167	4.6897	
51306.2	6.8587e+17	2.78764e+17	1.21988e+17	7.71826e+16	1.54365e+17	2.31548e+17	3.08731e+17	3.85913e+17	4.63066e+17	5.40012e+17	6.15709e+17	6.86757e+17	7.31168e+17	3.46593e+17	8.48771e+15	6.10561e+15	5.60729e+15	2.45377e+15	1.55252e+15	3.10504e+15	4.65755e+15	6.21007e+15	7.76259e+15	9.33388e+15	1.1036e+16	1.35282e+16	1.89554e+16	4.09262e+16	3.04286e+17	4.48515e+17	1.93006	1.79491	1.79491	1.79491	1.79491	1.79491	1.79491	1.79491	1.79745	1.81271	1.85658	1.89471	2.19625	4.12943	4.68968	
51558.3	6.85872e+17	2.78766e+17	1.21989e+17	7.71832e+16	1.54366e+17	2.3155e+17	3.08733e+17	3.85916e+17	4.63072e+17	5.40035e+17	6.15828e+17	6.87247e+17	7.32454e+17	3.47789e+17	8.48754e+15	6.10441e+15	5.60603e+15	2.45321e+15	1.55217e+15	3.10434e+15	4.6565e+15	6.20867e+15	7.76084e+15	9.33045e+15	1.10218e+16	1.34529e+16	1.86462e+16	4.01217e+16	3.03704e+17	4.48515e+17	1.93451	1.79862	1.79862	1.79862	1.79862	1.79862	1.79862	1.79862	1.80096	1.81508	1.85582	1.89122	2.17706	4.10687	4.68966	
51809.1	6.85874e+17	2.78768e+17	1.2199e+17	7.71838e+16	1.54368e+17	2.31551e+17	3.08735e+17	3.85919e+17	4.63077e+17	5.40056e+17	6.1594e+17	6.87711e+17	7.33709e+17	3.49019e+17	8.48736e+15	6.1032e+15	5.60478e+15	2.45267e+15	1.55182e+15	3.10365e+15	4.65547e+15	6.20729e+15	7.75911e+15	9.32713e+15	1.10085e+16	1.33821e+16	1.8354e+16	3.93366e+16	3.03106e+17	4.48515e+17	1.93891	1.80243	1.80243	1.80243	1.80243	1.80243	1.80243	1.80243	1.80459	1.81765	1.85549	1.88833	2.15902	4.08422	4.68964	
52061	6.85877e+17	2.7877e+17	1.2199e+17	7.71843e+16	1.54369e+17	2.31553e+17	3.08737e+17	3.85922e+17	4.63082e+17	5.40076e+17	6.16047e+17	6.88152e+17	7.34942e+17	3.50292e+17	8.48719e+15	6.102e+15	5.60354e+15	2.45212e+15	1.55148e+15	3.10296e+15	4.65444e+15	6.20591e+15	7.75739e+15	9.3239e+15	1.09959e+16	1.3315e+16	1.80756e+16	3.85647e+16	3.02485e+17	4.48515e+17	1.94328	1.80637	1.80637	1.80637	1.80637	1.80637	1.80637	1.80637	1.80836	1.82044	1.85554	1.886	2.14192	4.06129	4.68962	
52312	6.85879e+17	2.78772e+17	1.21991e+17	7.71849e+16	1.5437e+17	2.31555e+17	3.0874e+17	3.85924e+17	4.63087e+17	5.40095e+17	6.16147e+17	6.88569e+17	7.36144e+17	3.516e+17	8.48701e+15	6.1008e+15	5.60231e+15	2.45159e+15	1.55114e+15	3.10228e+15	4.65341e+15	6.20455e+15	7.75569e+15	9.32077e+15	1.09839e+16	1.32518e+16	1.78126e+16	3.78125e+16	3.01847e+17	4.48515e+17	1.94761	1.8104	1.8104	1.8104	1.8104	1.8104	1.8104	1.8104	1.81224	1.8234	1.85596	1.8842	2.12585	4.03827	4.68959	
52563.9	6.85881e+17	2.78774e+17	1.21992e+17	7.71854e+16	1.54371e+17	2.31556e+17	3.08742e+17	3.85927e+17	4.63092e+17	5.40113e+17	6.16241e+17	6.88964e+17	7.37321e+17	3.52951e+17	8.48684e+15	6.0996e+15	5.60109e+15	2.45105e+15	1.5508e+15	3.1016e+15	4.6524e+15	6.2032e+15	7.754e+15	9.31771e+15	1.09726e+16	1.3192e+16	1.75627e+16	3.70753e+16	3.01187e+17	4.48515e+17	1.95192	1.81453	1.81453	1.81453	1.81453	1.81453	1.81453	1.81453	1.81623	1.82654	1.85672	1.88288	2.11066	4.01503	4.68957	
52815.6	6.85884e+17	2.78776e+17	1.21993e+17	7.7186e+16	1.54372e+17	2.31558e+17	3.08744e+17	3.8593e+17	4.63097e+17	5.4013e+17	6.16331e+17	6.89339e+17	7.38467e+17	3.54337e+17	8.48667e+15	6.09841e+15	5.59987e+15	2.45052e+15	1.55046e+15	3.10093e+15	4.65139e+15	6.20185e+15	7.75231e+15	9.31475e+15	1.09618e+16	1.31357e+16	1.73266e+16	3.63571e+16	3.00509e+17	4.48515e+17	1.9562	1.81874	1.81874	1.81874	1.81874	1.81874	1.81874	1.81874	1.82031	1.82983	1.85779	1.88202	2.09639	3.99168	4.68954	
53066.6	6.85886e+17	2.78778e+17	1.21994e+17	7.71865e+16	1.54373e+17	2.3156e+17	3.08746e+17	3.85933e+17	4.63102e+17	5.40147e+17	6.16414e+17	6.89691e+17	7.3958e+17	3.55755e+17	8.48649e+15	6.09722e+15	5.59867e+15	2.44999e+15	1.55013e+15	3.10026e+15	4.65039e+15	6.20052e+15	7.75065e+15	9.31186e+15	1.09517e+16	1.30829e+16	1.71041e+16	3.56598e+16	2.99814e+17	4.48515e+17	1.96043	1.82302	1.82302	1.82302	1.82302	1.82302	1.82302	1.82302	1.82446	1.83324	1.85914	1.88158	2.08304	3.9683	4.68951	
53318.7	6.85888e+17	2.7878e+17	1.21995e+17	7.71871e+16	1.54374e+17	2.31561e+17	3.08748e+17	3.85935e+17	4.63106e+17	5.40162e+17	6.16494e+17	6.90025e+17	7.40666e+17	3.57216e+17	8.48632e+15	6.09602e+15	5.59747e+15	2.44947e+15	1.5498e+15	3.09959e+15	4.64939e+15	6.19919e+15	7.74898e+15	9.30904e+15	1.0942e+16	1.30329e+16	1.6893e+16	3.49784e+16	2.99097e+17	4.48515e+17	1.96466	1.82737	1.82737	1.82737	1.82737	1.82737	1.82737	1.82737	1.8287	1.8368	1.86077	1.88153	2.07046	3.94474	4.68948	
53569.6	6.8589e+17	2.78782e+17	1.21996e+17	7.71876e+16	1.54375e+17	2.31563e+17	3.08751e+17	3.85938e+17	4.63111e+17	5.40176e+17	6.16568e+17	6.90339e+17	7.41717e+17	3.58704e+17	8.48615e+15	6.09484e+15	5.59628e+15	2.44895e+15	1.54947e+15	3.09894e+15	4.6484e+15	6.19787e+15	7.74734e+15	9.3063e+15	1.09329e+16	1.29861e+16	1.66949e+16	3.43196e+16	2.98366e+17	4.48515e+17	1.96884	1.83176	1.83176	1.83176	1.83176	1.83176	1.83176	1.83176	1.83298	1.84046	1.86264	1.88184	2.05875	3.92122	4.68945	
53821.6	6.85893e+17	2.78784e+17	1.21996e+17	7.71882e+16	1.54376e+17	2.31565e+17	3.08753e+17	3.85941e+17	4.63115e+17	5.4019e+17	6.16638e+17	6.90636e+17	7.4274e+17	3.60231e+17	8.48598e+15	6.09365e+15	5.59509e+15	2.44843e+15	1.54914e+15	3.09828e+15	4.64742e+15	6.19656e+15	7.7457e+15	9.30362e+15	1.09242e+16	1.29419e+16	1.65074e+16	3.36777e+16	2.97614e+17	4.48515e+17	1.97302	1.83621	1.83621	1.83621	1.83621	1.83621	1.83621	1.83621	1.83734	1.84423	1.86474	1.88249	2.04776	3.89756	4.68941	
54072.7	6.85895e+17	2.78786e+17	1.21997e+17	7.71887e+16	1.54377e+17	2.31566e+17	3.08755e+17	3.85944e+17	4.63119e+17	5.40203e+17	6.16703e+17	6.90915e+17	7.43728e+17	3.61787e+17	8.48581e+15	6.09247e+15	5.59392e+15	2.44791e+15	1.54881e+15	3.09763e+15	4.64644e+15	6.19526e+15	7.74407e+15	9.301e+15	1.0916e+16	1.29006e+16	1.63314e+16	3.30576e+16	2.96847e+17	4.48515e+17	1.97716	1.84069	1.84069	1.84069	1.84069	1.84069	1.84069	1.84069	1.84173	1.84808	1.86704	1.88344	2.03756	3.87396	4.68938	
54324.7	6.85897e+17	2.78788e+17	1.21998e+17	7.71892e+16	1.54378e+17	2.31568e+17	3.08757e+17	3.85946e+17	4.63124e+17	5.40216e+17	6.16765e+17	6.91178e+17	7.44688e+17	3.6338e+17	8.48564e+15	6.09129e+15	5.59274e+15	2.4474e+15	1.54849e+15	3.09698e+15	4.64547e+15	6.19395e+15	7.74244e+15	9.29843e+15	1.09082e+16	1.28615e+16	1.61652e+16	3.2455e+16	2.9606e+17	4.48515e+17	1.98129	1.84522	1.84522	1.84522	1.84522	1.84522	1.84522	1.84522	1.84617	1.85202	1.86954	1.88469	2.02802	3.85026	4.68934	
54576.5	6.85899e+17	2.78789e+17	1.21999e+17	7.71898e+16	1.5438e+17	2.31569e+17	3.08759e+17	3.85949e+17	4.63128e+17	5.40228e+17	6.16823e+17	6.91425e+17	7.45615e+17	3.65003e+17	8.48548e+15	6.09011e+15	5.59157e+15	2.44689e+15	1.54817e+15	3.09633e+15	4.6445e+15	6.19266e+15	7.74083e+15	9.29592e+15	1.09008e+16	1.28249e+16	1.6009e+16	3.18727e+16	2.95258e+17	4.48515e+17	1.9854	1.84978	1.84978	1.84978	1.84978	1.84978	1.84978	1.84978	1.85065	1.85603	1.87221	1.8862	2.01917	3.82659	4.68929	
54827.6	6.85902e+17	2.78791e+17	1.22e+17	7.71903e+16	1.54381e+17	2.31571e+17	3.08761e+17	3.85951e+17	4.63132e+17	5.40239e+17	6.16878e+17	6.91657e+17	7.46508e+17	3.66652e+17	8.48532e+15	6.08894e+15	5.59042e+15	2.44638e+15	1.54784e+15	3.09569e+15	4.64353e+15	6.19138e+15	7.73922e+15	9.29347e+15	1.08938e+16	1.27907e+16	1.58627e+16	3.13117e+16	2.94441e+17	4.48515e+17	1.98948	1.85434	1.85434	1.85434	1.85434	1.85434	1.85434	1.85434	1.85514	1.8601	1.87503	1.88795	2.011	3.80302	4.68925	
55079.8	6.85904e+17	2.78793e+17	1.22001e+17	7.71908e+16	1.54382e+17	2.31572e+17	3.08763e+17	3.85954e+17	4.63136e+17	5.4025e+17	6.16929e+17	6.91876e+17	7.47373e+17	3.68337e+17	8.48516e+15	6.08776e+15	5.58926e+15	2.44587e+15	1.54752e+15	3.09505e+15	4.64257e+15	6.1901e+15	7.73762e+15	9.29105e+15	1.08871e+16	1.27584e+16	1.57246e+16	3.07677e+16	2.93605e+17	4.48515e+17	1.99356	1.85894	1.85894	1.85894	1.85894	1.85894	1.85894	1.85894	1.85968	1.86424	1.87802	1.88993	2.00341	3.77938	4.6892	
55330.9	6.85906e+17	2.78795e+17	1.22001e+17	7.71913e+16	1.54383e+17	2.31574e+17	3.08765e+17	3.85957e+17	4.63139e+17	5.4026e+17	6.16977e+17	6.9208e+17	7.48204e+17	3.70043e+17	8.485e+15	6.08659e+15	5.58811e+15	2.44537e+15	1.54721e+15	3.09441e+15	4.64162e+15	6.18883e+15	7.73603e+15	9.28869e+15	1.08807e+16	1.27282e+16	1.55958e+16	3.02457e+16	2.92757e+17	4.48515e+17	1.9976	1.86353	1.86353	1.86353	1.86353	1.86353	1.86353	1.86353	1.86421	1.8684	1.88112	1.8921	1.99645	3.75591	4.68915	
55582.9	6.85908e+17	2.78797e+17	1.22002e+17	7.71919e+16	1.54384e+17	2.31576e+17	3.08767e+17	3.85959e+17	4.63143e+17	5.4027e+17	6.17022e+17	6.92272e+17	7.49007e+17	3.71783e+17	8.48485e+15	6.08542e+15	5.58696e+15	2.44487e+15	1.54689e+15	3.09378e+15	4.64067e+15	6.18756e+15	7.73444e+15	9.28635e+15	1.08746e+16	1.26998e+16	1.54744e+16	2.97407e+16	2.91891e+17	4.48515e+17	2.00164	1.86815	1.86815	1.86815	1.86815	1.86815	1.86815	1.86815	1.86877	1.87263	1.88435	1.89447	1.99003	3.73242	4.6891	
55834.1	6.8591e+17	2.78799e+17	1.22003e+17	7.71924e+16	1.54385e+17	2.31577e+17	3.0877e+17	3.85962e+17	4.63147e+17	5.40279e+17	6.17064e+17	6.92451e+17	7.49777e+17	3.73543e+17	8.4847e+15	6.08426e+15	5.58582e+15	2.44437e+15	1.54657e+15	3.09315e+15	4.63972e+15	6.18629e+15	7.73287e+15	9.28407e+15	1.08689e+16	1.26733e+16	1.5361e+16	2.92564e+16	2.91012e+17	4.48515e+17	2.00565	1.87276	1.87276	1.87276	1.87276	1.87276	1.87276	1.87276	1.87333	1.87687	1.88768	1.89701	1.98417	3.70909	4.68904	
56086.3	6.85913e+17	2.78801e+17	1.22004e+17	7.71929e+16	1.54386e+17	2.31579e+17	3.08772e+17	3.85964e+17	4.63151e+17	5.40288e+17	6.17103e+17	6.9262e+17	7.5052e+17	3.75336e+17	8.48455e+15	6.0831e+15	5.58468e+15	2.44387e+15	1.54626e+15	3.09252e+15	4.63877e+15	6.18503e+15	7.73129e+15	9.28181e+15	1.08633e+16	1.26483e+16	1.52545e+16	2.87889e+16	2.90117e+17	4.48515e+17	2.00966	1.87739	1.87739	1.87739	1.87739	1.87739	1.87739	1.87739	1.87791	1.88116	1.89112	1.89971	1.97881	3.68577	4.68898	
56338.2	6.85915e+17	2.78803e+17	1.22005e+17	7.71934e+16	1.54387e+17	2.3158e+17	3.08774e+17	3.85967e+17	4.63154e+17	5.40296e+17	6.1714e+17	6.92778e+17	7.51233e+17	3.77152e+17	8.48441e+15	6.08194e+15	5.58355e+15	2.44338e+15	1.54594e+15	3.09189e+15	4.63783e+15	6.18378e+15	7.72972e+15	9.27959e+15	1.08581e+16	1.26249e+16	1.51548e+16	2.83402e+16	2.89208e+17	4.48515e+17	2.01366	1.88201	1.88201	1.88201	1.88201	1.88201	1.88201	1.88201	1.88249	1.88548	1.89464	1.90255	1.97394	3.66259	4.68891	
56589.4	6.85917e+17	2.78805e+17	1.22006e+17	7.71939e+16	1.54388e+17	2.31582e+17	3.08776e+17	3.8597e+17	4.63158e+17	5.40304e+17	6.17175e+17	6.92925e+17	7.51916e+17	3.78986e+17	8.48427e+15	6.08079e+15	5.58242e+15	2.44288e+15	1.54563e+15	3.09126e+15	4.6369e+15	6.18253e+15	7.72816e+15	9.27741e+15	1.08531e+16	1.26031e+16	1.50618e+16	2.79108e+16	2.88288e+17	4.48515e+17	2.01763	1.88661	1.88661	1.88661	1.88661	1.88661	1.88661	1.88661	1.88705	1.8898	1.89823	1.90552	1.96955	3.6396	4.68885	
56841.7	6.85919e+17	2.78806e+17	1.22006e+17	7.71944e+16	1.54389e+17	2.31583e+17	3.08778e+17	3.85972e+17	4.63161e+17	5.40312e+17	6.17208e+17	6.93064e+17	7.52573e+17	3.80851e+17	8.48414e+15	6.07963e+15	5.5813e+15	2.44239e+15	1.54532e+15	3.09064e+15	4.63596e+15	6.18128e+15	7.7266e+15	9.27525e+15	1.08482e+16	1.25825e+16	1.49745e+16	2.7497e+16	2.87352e+17	4.48515e+17	2.0216	1.89123	1.89123	1.89123	1.89123	1.89123	1.89123	1.89123	1.89164	1.89415	1.90192	1.90862	1.96559	3.61664	4.68877	
57092.9	6.85921e+17	2.78808e+17	1.22007e+17	7.71949e+16	1.5439e+17	2.31585e+17	3.0878e+17	3.85975e+17	4.63165e+17	5.4032e+17	6.17238e+17	6.93192e+17	7.53199e+17	3.82728e+17	8.48401e+15	6.07849e+15	5.58018e+15	2.4419e+15	1.54501e+15	3.09002e+15	4.63503e+15	6.18004e+15	7.72505e+15	9.27313e+15	1.08436e+16	1.25633e+16	1.48933e+16	2.71026e+16	2.86407e+17	4.48515e+17	2.02554	1.89582	1.89582	1.89582	1.89582	1.89582	1.89582	1.89582	1.89619	1.8985	1.90564	1.9118	1.96208	3.59393	4.6887	
57345	6.85924e+17	2.7881e+17	1.22008e+17	7.71955e+16	1.54391e+17	2.31586e+17	3.08782e+17	3.85977e+17	4.63168e+17	5.40327e+17	6.17267e+17	6.93313e+17	7.53801e+17	3.84635e+17	8.48389e+15	6.07734e+15	5.57906e+15	2.44141e+15	1.5447e+15	3.0894e+15	4.6341e+15	6.1788e+15	7.7235e+15	9.27102e+15	1.08392e+16	1.25452e+16	1.48171e+16	2.67233e+16	2.85446e+17	4.48515e+17	2.02949	1.90042	1.90042	1.90042	1.90042	1.90042	1.90042	1.90042	1.90076	1.90287	1.90944	1.9151	1.95895	3.57129	4.68862	
57596.4	6.85926e+17	2.78812e+17	1.22009e+17	7.7196e+16	1.54392e+17	2.31588e+17	3.08784e+17	3.8598e+17	4.63172e+17	5.40333e+17	6.17294e+17	6.93425e+17	7.54375e+17	3.86554e+17	8.48377e+15	6.0762e+15	5.57795e+15	2.44092e+15	1.54439e+15	3.08879e+15	4.63318e+15	6.17757e+15	7.72196e+15	9.26895e+15	1.0835e+16	1.25283e+16	1.47462e+16	2.63617e+16	2.84477e+17	4.48515e+17	2.03341	1.90499	1.90499	1.90499	1.90499	1.90499	1.90499	1.90499	1.9053	1.90724	1.91327	1.91848	1.95622	3.5489	4.68853	
57848.6	6.85928e+17	2.78814e+17	1.2201e+17	7.71965e+16	1.54393e+17	2.31589e+17	3.08786e+17	3.85982e+17	4.63175e+17	5.4034e+17	6.17319e+17	6.9353e+17	7.54926e+17	3.88499e+17	8.48366e+15	6.07505e+15	5.57684e+15	2.44044e+15	1.54408e+15	3.08817e+15	4.63225e+15	6.17634e+15	7.72042e+15	9.26689e+15	1.08309e+16	1.25124e+16	1.46798e+16	2.60148e+16	2.83493e+17	4.48515e+17	2.03733	1.90956	1.90956	1.90956	1.90956	1.90956	1.90956	1.90956	1.90984	1.91162	1.91717	1.92195	1.95384	3.52659	4.68845	
58100.7	6.8593e+17	2.78816e+17	1.2201e+17	7.7197e+16	1.54394e+17	2.31591e+17	3.08788e+17	3.85985e+17	4.63178e+17	5.40346e+17	6.17343e+17	6.93628e+17	7.55451e+17	3.90461e+17	8.48356e+15	6.07392e+15	5.57573e+15	2.43995e+15	1.54378e+15	3.08756e+15	4.63133e+15	6.17511e+15	7.71889e+15	9.26485e+15	1.08269e+16	1.24975e+16	1.46179e+16	2.56839e+16	2.82499e+17	4.48515e+17	2.04124	1.91411	1.91411	1.91411	1.91411	1.91411	1.91411	1.91411	1.91437	1.916	1.92109	1.92548	1.9518	3.5045	4.68835	
58352	6.85932e+17	2.78817e+17	1.22011e+17	7.71975e+16	1.54395e+17	2.31592e+17	3.0879e+17	3.85987e+17	4.63182e+17	5.40353e+17	6.17365e+17	6.9372e+17	7.5595e+17	3.92433e+17	8.48347e+15	6.07278e+15	5.57462e+15	2.43947e+15	1.54347e+15	3.08695e+15	4.63042e+15	6.17389e+15	7.71736e+15	9.26284e+15	1.08231e+16	1.24836e+16	1.45603e+16	2.5369e+16	2.81498e+17	4.48515e+17	2.04513	1.91863	1.91863	1.91863	1.91863	1.91863	1.91863	1.91863	1.91887	1.92036	1.92504	1.92907	1.9501	3.48266	4.68826	
58604.4	6.85934e+17	2.78819e+17	1.22012e+17	7.7198e+16	1.54396e+17	2.31594e+17	3.08792e+17	3.8599e+17	4.63185e+17	5.40358e+17	6.17386e+17	6.93805e+17	7.56429e+17	3.94431e+17	8.48338e+15	6.07165e+15	5.57352e+15	2.43899e+15	1.54317e+15	3.08633e+15	4.6295e+15	6.17267e+15	7.71584e+15	9.26084e+15	1.08195e+16	1.24705e+16	1.45064e+16	2.50674e+16	2.80482e+17	4.48515e+17	2.04902	1.92316	1.92316	1.92316	1.92316	1.92316	1.92316	1.92316	1.92338	1.92474	1.92903	1.93273	1.94871	3.46092	4.68815	
58855.7	6.85937e+17	2.78821e+17	1.22013e+17	7.71985e+16	1.54397e+17	2.31595e+17	3.08794e+17	3.85992e+17	4.63188e+17	5.40364e+17	6.17406e+17	6.93884e+17	7.56882e+17	3.96434e+17	8.4833e+15	6.07052e+15	5.57243e+15	2.43851e+15	1.54286e+15	3.08573e+15	4.62859e+15	6.17146e+15	7.71432e+15	9.25887e+15	1.0816e+16	1.24582e+16	1.44563e+16	2.47815e+16	2.79461e+17	4.48515e+17	2.05289	1.92765	1.92765	1.92765	1.92765	1.92765	1.92765	1.92765	1.92784	1.9291	1.93303	1.93643	1.94762	3.43949	4.68804	
59108	6.85939e+17	2.78823e+17	1.22014e+17	7.7199e+16	1.54398e+17	2.31597e+17	3.08796e+17	3.85995e+17	4.63191e+17	5.4037e+17	6.17424e+17	6.93958e+17	7.57316e+17	3.98459e+17	8.48323e+15	6.0694e+15	5.57133e+15	2.43803e+15	1.54256e+15	3.08512e+15	4.62768e+15	6.17024e+15	7.7128e+15	9.25691e+15	1.08125e+16	1.24466e+16	1.44095e+16	2.45082e+16	2.78428e+17	4.48515e+17	2.05676	1.93213	1.93213	1.93213	1.93213	1.93213	1.93213	1.93213	1.93231	1.93346	1.93707	1.94018	1.9468	3.41818	4.68793	
59359.4	6.85941e+17	2.78825e+17	1.22014e+17	7.71995e+16	1.54399e+17	2.31598e+17	3.08798e+17	3.85997e+17	4.63195e+17	5.40375e+17	6.17441e+17	6.94027e+17	7.57726e+17	4.00491e+17	8.48317e+15	6.06828e+15	5.57024e+15	2.43755e+15	1.54226e+15	3.08452e+15	4.62677e+15	6.16903e+15	7.71129e+15	9.25497e+15	1.08092e+16	1.24358e+16	1.43661e+16	2.42491e+16	2.77389e+17	4.48516e+17	2.06061	1.93658	1.93658	1.93658	1.93658	1.93658	1.93658	1.93658	1.93675	1.9378	1.94111	1.94396	1.94625	3.39717	4.68781	
59611.8	6.85943e+17	2.78826e+17	1.22015e+17	7.72e+16	1.544e+17	2.316e+17	3.088e+17	3.86e+17	4.63198e+17	5.4038e+17	6.17458e+17	6.94092e+17	7.58118e+17	4.02543e+17	8.48312e+15	6.06715e+15	5.56915e+15	2.43707e+15	1.54196e+15	3.08391e+15	4.62587e+15	6.16782e+15	7.70978e+15	9.25304e+15	1.0806e+16	1.24255e+16	1.43254e+16	2.40019e+16	2.76338e+17	4.48516e+17	2.06447	1.94103	1.94103	1.94103	1.94103	1.94103	1.94103	1.94103	1.94119	1.94214	1.94518	1.94779	1.94595	3.3763	4.68769	
59864	6.85945e+17	2.78828e+17	1.22016e+17	7.72005e+16	1.54401e+17	2.31601e+17	3.08802e+17	3.86002e+17	4.63201e+17	5.40385e+17	6.17473e+17	6.94152e+17	7.5849e+17	4.04604e+17	8.48307e+15	6.06604e+15	5.56806e+15	2.4366e+15	1.54166e+15	3.08331e+15	4.62497e+15	6.16662e+15	7.70828e+15	9.25112e+15	1.08029e+16	1.24159e+16	1.42876e+16	2.37674e+16	2.7528e+17	4.48516e+17	2.06831	1.94546	1.94546	1.94546	1.94546	1.94546	1.94546	1.94546	1.9456	1.94647	1.94925	1.95165	1.94588	3.35569	4.68756	
60115.4	6.85947e+17	2.7883e+17	1.22017e+17	7.7201e+16	1.54402e+17	2.31603e+17	3.08804e+17	3.86005e+17	4.63204e+17	5.4039e+17	6.17488e+17	6.94207e+17	7.58841e+17	4.0667e+17	8.48304e+15	6.06493e+15	5.56698e+15	2.43612e+15	1.54136e+15	3.08271e+15	4.62407e+15	6.16542e+15	7.70678e+15	9.24923e+15	1.07998e+16	1.24068e+16	1.42525e+16	2.35455e+16	2.74218e+17	4.48516e+17	2.07213	1.94985	1.94985	1.94985	1.94985	1.94985	1.94985	1.94985	1.94998	1.95078	1.95333	1.95552	1.94604	3.33536	4.68742	
60368	6.85949e+17	2.78832e+17	1.22017e+17	7.72014e+16	1.54403e+17	2.31604e+17	3.08806e+17	3.86007e+17	4.63207e+17	5.40395e+17	6.17501e+17	6.94259e+17	7.59176e+17	4.08755e+17	8.48302e+15	6.06381e+15	5.56589e+15	2.43565e+15	1.54106e+15	3.08211e+15	4.62317e+15	6.16422e+15	7.70528e+15	9.24733e+15	1.07969e+16	1.23983e+16	1.42197e+16	2.33342e+16	2.73144e+17	4.48516e+17	2.07596	1.95424	1.95424	1.95424	1.95424	1.95424	1.95424	1.95424	1.95436	1.95509	1.95742	1.95943	1.94641	3.31518	4.68728	
60619.4	6.85951e+17	2.78833e+17	1.22018e+17	7.72019e+16	1.54404e+17	2.31606e+17	3.08808e+17	3.8601e+17	4.6321e+17	5.404e+17	6.17514e+17	6.94308e+17	7.59491e+17	4.10839e+17	8.48302e+15	6.06271e+15	5.56482e+15	2.43518e+15	1.54076e+15	3.08152e+15	4.62227e+15	6.16303e+15	7.70379e+15	9.24546e+15	1.0794e+16	1.23902e+16	1.41893e+16	2.3135e+16	2.72069e+17	4.48516e+17	2.07977	1.9586	1.9586	1.9586	1.9586	1.9586	1.9586	1.9586	1.9587	1.95937	1.9615	1.96334	1.94698	3.29534	4.68713	
60871.8	6.85954e+17	2.78835e+17	1.22019e+17	7.72024e+16	1.54405e+17	2.31607e+17	3.0881e+17	3.86012e+17	4.63213e+17	5.40404e+17	6.17526e+17	6.94353e+17	7.59791e+17	4.1294e+17	8.48302e+15	6.0616e+15	5.56374e+15	2.43471e+15	1.54046e+15	3.08092e+15	4.62138e+15	6.16184e+15	7.7023e+15	9.2436e+15	1.07912e+16	1.23826e+16	1.41608e+16	2.29456e+16	2.70984e+17	4.48516e+17	2.08358	1.96294	1.96294	1.96294	1.96294	1.96294	1.96294	1.96294	1.96304	1.96365	1.9656	1.96729	1.94775	3.27566	4.68697	
61123.3	6.85956e+17	2.78837e+17	1.2202e+17	7.72029e+16	1.54406e+17	2.31609e+17	3.08812e+17	3.86015e+17	4.63216e+17	5.40409e+17	6.17538e+17	6.94395e+17	7.60074e+17	4.15041e+17	8.48304e+15	6.0605e+15	5.56267e+15	2.43424e+15	1.54016e+15	3.08033e+15	4.62049e+15	6.16065e+15	7.70081e+15	9.24175e+15	1.07884e+16	1.23754e+16	1.41344e+16	2.27671e+16	2.69896e+17	4.48516e+17	2.08737	1.96726	1.96726	1.96726	1.96726	1.96726	1.96726	1.96726	1.96735	1.9679	1.96969	1.97123	1.94869	3.2563	4.68681	
61375.9	6.85958e+17	2.78839e+17	1.22021e+17	7.72034e+16	1.54407e+17	2.3161e+17	3.08814e+17	3.86017e+17	4.63219e+17	5.40413e+17	6.17549e+17	6.94434e+17	7.60342e+17	4.17156e+17	8.48307e+15	6.0594e+15	5.5616e+15	2.43377e+15	1.53987e+15	3.07973e+15	4.6196e+15	6.15946e+15	7.69933e+15	9.2399e+15	1.07858e+16	1.23685e+16	1.41097e+16	2.25978e+16	2.68799e+17	4.48516e+17	2.09117	1.97157	1.97157	1.97157	1.97157	1.97157	1.97157	1.97157	1.97165	1.97216	1.97379	1.9752	1.9498	3.23711	4.68664	
61628.2	6.8596e+17	2.7884e+17	1.22021e+17	7.72039e+16	1.54408e+17	2.31612e+17	3.08816e+17	3.86019e+17	4.63222e+17	5.40418e+17	6.17559e+17	6.9447e+17	7.60594e+17	4.19275e+17	8.48311e+15	6.05831e+15	5.56053e+15	2.4333e+15	1.53957e+15	3.07914e+15	4.61871e+15	6.15828e+15	7.69785e+15	9.23806e+15	1.07831e+16	1.23621e+16	1.40868e+16	2.24382e+16	2.67699e+17	4.48516e+17	2.09496	1.97586	1.97586	1.97586	1.97586	1.97586	1.97586	1.97586	1.97593	1.97639	1.97789	1.97917	1.95107	3.21819	4.68646	
61879.7	6.85962e+17	2.78842e+17	1.22022e+17	7.72044e+16	1.54409e+17	2.31613e+17	3.08817e+17	3.86022e+17	4.63225e+17	5.40422e+17	6.17569e+17	6.94504e+17	7.60832e+17	4.21392e+17	8.48317e+15	6.05722e+15	5.55947e+15	2.43284e+15	1.53928e+15	3.07855e+15	4.61783e+15	6.1571e+15	7.69638e+15	9.23624e+15	1.07805e+16	1.23559e+16	1.40654e+16	2.2288e+16	2.66597e+17	4.48516e+17	2.09873	1.98011	1.98011	1.98011	1.98011	1.98011	1.98011	1.98011	1.98018	1.9806	1.98197	1.98314	1.95248	3.19957	4.68628	
62132.4	6.85964e+17	2.78844e+17	1.22023e+17	7.72049e+16	1.5441e+17	2.31615e+17	3.08819e+17	3.86024e+17	4.63228e+17	5.40426e+17	6.17578e+17	6.94536e+17	7.61057e+17	4.23523e+17	8.48324e+15	6.05612e+15	5.5584e+15	2.43237e+15	1.53898e+15	3.07796e+15	4.61694e+15	6.15592e+15	7.69491e+15	9.23442e+15	1.0778e+16	1.23501e+16	1.40455e+16	2.21458e+16	2.65486e+17	4.48516e+17	2.10251	1.98437	1.98437	1.98437	1.98437	1.98437	1.98437	1.98437	1.98443	1.98481	1.98606	1.98713	1.95404	3.18113	4.68608	
62383.9	6.85966e+17	2.78846e+17	1.22024e+17	7.72053e+16	1.54411e+17	2.31616e+17	3.08821e+17	3.86027e+17	4.63231e+17	5.4043e+17	6.17587e+17	6.94565e+17	7.61268e+17	4.25648e+17	8.48333e+15	6.05504e+15	5.55734e+15	2.43191e+15	1.53869e+15	3.07738e+15	4.61607e+15	6.15475e+15	7.69344e+15	9.23262e+15	1.07755e+16	1.23446e+16	1.40269e+16	2.20126e+16	2.64377e+17	4.48516e+17	2.10626	1.98858	1.98858	1.98858	1.98858	1.98858	1.98858	1.98858	1.98864	1.98899	1.99013	1.99111	1.95573	3.16303	4.68588	
62636.4	6.85968e+17	2.78847e+17	1.22024e+17	7.72058e+16	1.54412e+17	2.31617e+17	3.08823e+17	3.86029e+17	4.63234e+17	5.40434e+17	6.17596e+17	6.94593e+17	7.61467e+17	4.27784e+17	8.48344e+15	6.05396e+15	5.55629e+15	2.43145e+15	1.5384e+15	3.07679e+15	4.61519e+15	6.15358e+15	7.69198e+15	9.23082e+15	1.07731e+16	1.23393e+16	1.40096e+16	2.18867e+16	2.63259e+17	4.48516e+17	2.11002	1.99279	1.99279	1.99279	1.99279	1.99279	1.99279	1.99279	1.99285	1.99317	1.99421	1.9951	1.95755	3.14511	4.68567	
62888.1	6.8597e+17	2.78849e+17	1.22025e+17	7.72063e+16	1.54413e+17	2.31619e+17	3.08825e+17	3.86031e+17	4.63237e+17	5.40438e+17	6.17604e+17	6.94619e+17	7.61653e+17	4.29914e+17	8.48356e+15	6.05288e+15	5.55523e+15	2.43098e+15	1.5381e+15	3.07621e+15	4.61431e+15	6.15242e+15	7.69052e+15	9.22903e+15	1.07706e+16	1.23343e+16	1.39935e+16	2.17688e+16	2.62143e+17	4.48516e+17	2.11376	1.99698	1.99698	1.99698	1.99698	1.99698	1.99698	1.99698	1.99702	1.99731	1.99826	1.99908	1.95948	3.1275	4.68545	
63140.8	6.85972e+17	2.78851e+17	1.22026e+17	7.72068e+16	1.54414e+17	2.3162e+17	3.08827e+17	3.86034e+17	4.6324e+17	5.40442e+17	6.17612e+17	6.94643e+17	7.61828e+17	4.32054e+17	8.4837e+15	6.0518e+15	5.55418e+15	2.43052e+15	1.53781e+15	3.07562e+15	4.61344e+15	6.15125e+15	7.68906e+15	9.22725e+15	1.07683e+16	1.23294e+16	1.39783e+16	2.16578e+16	2.6102e+17	4.48516e+17	2.11751	2.00116	2.00116	2.00116	2.00116	2.00116	2.00116	2.00116	2.0012	2.00146	2.00233	2.00308	1.96153	3.11008	4.68523	
63393.2	6.85974e+17	2.78853e+17	1.22027e+17	7.72073e+16	1.54415e+17	2.31622e+17	3.08829e+17	3.86036e+17	4.63243e+17	5.40446e+17	6.17619e+17	6.94665e+17	7.61993e+17	4.34193e+17	8.48386e+15	6.05072e+15	5.55313e+15	2.43006e+15	1.53752e+15	3.07504e+15	4.61256e+15	6.15008e+15	7.68761e+15	9.22547e+15	1.07659e+16	1.23248e+16	1.39642e+16	2.15537e+16	2.59896e+17	4.48516e+17	2.12125	2.00531	2.00531	2.00531	2.00531	2.00531	2.00531	2.00531	2.00535	2.00559	2.00638	2.00707	1.96368	3.09294	4.68499	
63644.9	6.85976e+17	2.78854e+17	1.22027e+17	7.72077e+16	1.54415e+17	2.31623e+17	3.08831e+17	3.86039e+17	4.63246e+17	5.40449e+17	6.17626e+17	6.94686e+17	7.62146e+17	4.36325e+17	8.48404e+15	6.04965e+15	5.55208e+15	2.42961e+15	1.53723e+15	3.07446e+15	4.6117e+15	6.14893e+15	7.68616e+15	9.2237e+15	1.07636e+16	1.23204e+16	1.39511e+16	2.14565e+16	2.58773e+17	4.48516e+17	2.12497	2.00944	2.00944	2.00944	2.00944	2.00944	2.00944	2.00944	2.00948	2.0097	2.01042	2.01104	1.96593	3.0761	4.68475	
63897.7	6.85978e+17	2.78856e+17	1.22028e+17	7.72082e+16	1.54416e+17	2.31625e+17	3.08833e+17	3.86041e+17	4.63249e+17	5.40453e+17	6.17633e+17	6.94706e+17	7.62291e+17	4.38466e+17	8.48423e+15	6.04858e+15	5.55104e+15	2.42915e+15	1.53694e+15	3.07388e+15	4.61083e+15	6.14777e+15	7.68471e+15	9.22194e+15	1.07613e+16	1.23162e+16	1.39388e+16	2.13652e+16	2.57644e+17	4.48516e+17	2.1287	2.01357	2.01357	2.01357	2.01357	2.01357	2.01357	2.01357	2.0136	2.0138	2.01446	2.01503	1.96827	3.05943	4.68449	
64149.3	6.8598e+17	2.78858e+17	1.22029e+17	7.72087e+16	1.54417e+17	2.31626e+17	3.08835e+17	3.86043e+17	4.63252e+17	5.40457e+17	6.1764e+17	6.94724e+17	7.62425e+17	4.40596e+17	8.48445e+15	6.04752e+15	5.55e+15	2.42869e+15	1.53665e+15	3.07331e+15	4.60996e+15	6.14662e+15	7.68327e+15	9.22019e+15	1.07591e+16	1.23121e+16	1.39273e+16	2.12802e+16	2.56519e+17	4.48516e+17	2.1324	2.01766	2.01766	2.01766	2.01766	2.01766	2.01766	2.01766	2.01769	2.01787	2.01847	2.01899	1.97069	3.0431	4.68423	
64402	6.85982e+17	2.78859e+17	1.2203e+17	7.72091e+16	1.54418e+17	2.31627e+17	3.08837e+17	3.86046e+17	4.63255e+17	5.4046e+17	6.17646e+17	6.94741e+17	7.6255e+17	4.42733e+17	8.48469e+15	6.04646e+15	5.54896e+15	2.42824e+15	1.53637e+15	3.07273e+15	4.6091e+15	6.14547e+15	7.68183e+15	9.21843e+15	1.07568e+16	1.23082e+16	1.39164e+16	2.12006e+16	2.55388e+17	4.48516e+17	2.13612	2.02176	2.02176	2.02176	2.02176	2.02176	2.02176	2.02176	2.02178	2.02195	2.0225	2.02297	1.9732	3.02696	4.68395	
64653.8	6.85984e+17	2.78861e+17	1.2203e+17	7.72096e+16	1.54419e+17	2.31629e+17	3.08838e+17	3.86048e+17	4.63257e+17	5.40464e+17	6.17652e+17	6.94758e+17	7.62667e+17	4.4486e+17	8.48495e+15	6.0454e+15	5.54792e+15	2.42779e+15	1.53608e+15	3.07216e+15	4.60824e+15	6.14432e+15	7.6804e+15	9.2167e+15	1.07546e+16	1.23044e+16	1.39063e+16	2.11266e+16	2.54261e+17	4.48516e+17	2.13981	2.02582	2.02582	2.02582	2.02582	2.02582	2.02582	2.02582	2.02585	2.026	2.02649	2.02692	1.97578	3.01112	4.68367	
64906.5	6.85986e+17	2.78863e+17	1.22031e+17	7.72101e+16	1.5442e+17	2.3163e+17	3.0884e+17	3.8605e+17	4.6326e+17	5.40468e+17	6.17658e+17	6.94773e+17	7.62776e+17	4.46992e+17	8.48523e+15	6.04434e+15	5.54689e+15	2.42733e+15	1.53579e+15	3.07159e+15	4.60738e+15	6.14317e+15	7.67897e+15	9.21496e+15	1.07524e+16	1.23007e+16	1.38968e+16	2.10575e+16	2.5313e+17	4.48516e+17	2.14351	2.02989	2.02989	2.02989	2.02989	2.02989	2.02989	2.02989	2.02991	2.03004	2.0305	2.03089	1.97843	2.99547	4.68337	
65159.1	6.85988e+17	2.78865e+17	1.22032e+17	7.72106e+16	1.54421e+17	2.31632e+17	3.08842e+17	3.86053e+17	4.63263e+17	5.40471e+17	6.17664e+17	6.94787e+17	7.62877e+17	4.49118e+17	8.48554e+15	6.04329e+15	5.54586e+15	2.42688e+15	1.53551e+15	3.07102e+15	4.60652e+15	6.14203e+15	7.67754e+15	9.21322e+15	1.07503e+16	1.22972e+16	1.38879e+16	2.09933e+16	2.51999e+17	4.48516e+17	2.14721	2.03393	2.03393	2.03393	2.03393	2.03393	2.03393	2.03393	2.03395	2.03408	2.03449	2.03484	1.98116	2.98008	4.68306	
65410.9	6.8599e+17	2.78866e+17	1.22033e+17	7.7211e+16	1.54422e+17	2.31633e+17	3.08844e+17	3.86055e+17	4.63266e+17	5.40475e+17	6.17669e+17	6.94801e+17	7.62971e+17	4.51234e+17	8.48587e+15	6.04224e+15	5.54483e+15	2.42643e+15	1.53522e+15	3.07045e+15	4.60567e+15	6.14089e+15	7.67612e+15	9.2115e+15	1.07481e+16	1.22938e+16	1.38795e+16	2.0934e+16	2.50873e+17	4.48516e+17	2.15088	2.03795	2.03795	2.03795	2.03795	2.03795	2.03795	2.03795	2.03797	2.03808	2.03846	2.03878	1.98393	2.96498	4.68275	
65663.8	6.85992e+17	2.78868e+17	1.22033e+17	7.72115e+16	1.54423e+17	2.31634e+17	3.08846e+17	3.86057e+17	4.63269e+17	5.40478e+17	6.17675e+17	6.94813e+17	7.63058e+17	4.53355e+17	8.48622e+15	6.04119e+15	5.5438e+15	2.42598e+15	1.53494e+15	3.06988e+15	4.60482e+15	6.13975e+15	7.67469e+15	9.20978e+15	1.0746e+16	1.22905e+16	1.38715e+16	2.08787e+16	2.49742e+17	4.48516e+17	2.15457	2.04197	2.04197	2.04197	2.04197	2.04197	2.04197	2.04197	2.04199	2.04209	2.04243	2.04273	1.98678	2.95006	4.68242	
65915.5	6.85994e+17	2.7887e+17	1.22034e+17	7.7212e+16	1.54424e+17	2.31636e+17	3.08848e+17	3.8606e+17	4.63272e+17	5.40482e+17	6.1768e+17	6.94825e+17	7.63138e+17	4.5546e+17	8.4866e+15	6.04014e+15	5.54278e+15	2.42554e+15	1.53466e+15	3.06931e+15	4.60397e+15	6.13862e+15	7.67328e+15	9.20807e+15	1.07439e+16	1.22873e+16	1.38641e+16	2.08279e+16	2.48617e+17	4.48516e+17	2.15823	2.04596	2.04596	2.04596	2.04596	2.04596	2.04596	2.04596	2.04598	2.04607	2.04638	2.04665	1.98966	2.93545	4.68208	
66168.3	6.85996e+17	2.78871e+17	1.22035e+17	7.72124e+16	1.54425e+17	2.31637e+17	3.0885e+17	3.86062e+17	4.63274e+17	5.40485e+17	6.17685e+17	6.94836e+17	7.63212e+17	4.57569e+17	8.48701e+15	6.0391e+15	5.54176e+15	2.42509e+15	1.53437e+15	3.06875e+15	4.60312e+15	6.13749e+15	7.67187e+15	9.20636e+15	1.07418e+16	1.22841e+16	1.3857e+16	2.07809e+16	2.47489e+17	4.48516e+17	2.1619	2.04995	2.04995	2.04995	2.04995	2.04995	2.04995	2.04995	2.04997	2.05005	2.05034	2.05058	1.99261	2.92103	4.68172	
66420.3	6.85998e+17	2.78873e+17	1.22036e+17	7.72129e+16	1.54426e+17	2.31639e+17	3.08852e+17	3.86064e+17	4.63277e+17	5.40488e+17	6.1769e+17	6.94847e+17	7.6328e+17	4.59665e+17	8.48744e+15	6.03806e+15	5.54074e+15	2.42464e+15	1.53409e+15	3.06818e+15	4.60228e+15	6.13637e+15	7.67046e+15	9.20466e+15	1.07397e+16	1.22811e+16	1.38504e+16	2.07377e+16	2.46367e+17	4.48516e+17	2.16555	2.05392	2.05392	2.05392	2.05392	2.05392	2.05392	2.05392	2.05393	2.05401	2.05427	2.05449	1.9956	2.90689	4.68136	
66673.1	6.86e+17	2.78875e+17	1.22036e+17	7.72133e+16	1.54427e+17	2.3164e+17	3.08853e+17	3.86067e+17	4.6328e+17	5.40492e+17	6.17695e+17	6.94857e+17	7.63342e+17	4.61761e+17	8.48791e+15	6.03703e+15	5.53973e+15	2.4242e+15	1.53381e+15	3.06762e+15	4.60143e+15	6.13524e+15	7.66905e+15	9.20296e+15	1.07377e+16	1.22781e+16	1.38441e+16	2.06978e+16	2.45242e+17	4.48516e+17	2.16921	2.05789	2.05789	2.05789	2.05789	2.05789	2.05789	2.05789	2.0579	2.05797	2.0582	2.0584	1.99864	2.89293	4.68098	
66925.8	6.86002e+17	2.78876e+17	1.22037e+17	7.72138e+16	1.54428e+17	2.31641e+17	3.08855e+17	3.86069e+17	4.63283e+17	5.40495e+17	6.177e+17	6.94867e+17	7.63399e+17	4.63849e+17	8.4884e+15	6.03599e+15	5.53871e+15	2.42375e+15	1.53353e+15	3.06706e+15	4.60059e+15	6.13412e+15	7.66765e+15	9.20127e+15	1.07356e+16	1.22752e+16	1.38381e+16	2.06614e+16	2.4412e+17	4.48516e+17	2.17286	2.06184	2.06184	2.06184	2.06184	2.06184	2.06184	2.06184	2.06185	2.06191	2.06212	2.06231	2.00172	2.87921	4.68059	
67177.7	6.86004e+17	2.78878e+17	1.22038e+17	7.72143e+16	1.54429e+17	2.31643e+17	3.08857e+17	3.86071e+17	4.63285e+17	5.40499e+17	6.17704e+17	6.94876e+17	7.63452e+17	4.65924e+17	8.48892e+15	6.03496e+15	5.5377e+15	2.42331e+15	1.53325e+15	3.0665e+15	4.59975e+15	6.133e+15	7.66625e+15	9.19959e+15	1.07336e+16	1.22723e+16	1.38324e+16	2.06282e+16	2.43004e+17	4.48516e+17	2.1765	2.06576	2.06576	2.06576	2.06576	2.06576	2.06576	2.06576	2.06577	2.06583	2.06602	2.06619	2.00482	2.86577	4.68019	
67430.8	6.86006e+17	2.7888e+17	1.22038e+17	7.72147e+16	1.54429e+17	2.31644e+17	3.08859e+17	3.86074e+17	4.63288e+17	5.40502e+17	6.17709e+17	6.94885e+17	7.63499e+17	4.68e+17	8.48947e+15	6.03393e+15	5.53669e+15	2.42287e+15	1.53297e+15	3.06594e+15	4.59891e+15	6.13188e+15	7.66485e+15	9.1979e+15	1.07315e+16	1.22695e+16	1.3827e+16	2.05979e+16	2.41886e+17	4.48516e+17	2.18014	2.0697	2.0697	2.0697	2.0697	2.0697	2.0697	2.0697	2.0697	2.06976	2.06993	2.07008	2.00798	2.8525	4.67977	
67682.6	6.86008e+17	2.78881e+17	1.22039e+17	7.72152e+16	1.5443e+17	2.31646e+17	3.08861e+17	3.86076e+17	4.63291e+17	5.40505e+17	6.17713e+17	6.94893e+17	7.63542e+17	4.70057e+17	8.49005e+15	6.03291e+15	5.53569e+15	2.42243e+15	1.53269e+15	3.06539e+15	4.59808e+15	6.13077e+15	7.66347e+15	9.19623e+15	1.07295e+16	1.22668e+16	1.38218e+16	2.05705e+16	2.40776e+17	4.48516e+17	2.18376	2.0736	2.0736	2.0736	2.0736	2.0736	2.0736	2.0736	2.07361	2.07365	2.07381	2.07395	2.01116	2.83952	4.67934	
67935.5	6.8601e+17	2.78883e+17	1.2204e+17	7.72156e+16	1.54431e+17	2.31647e+17	3.08863e+17	3.86078e+17	4.63294e+17	5.40509e+17	6.17718e+17	6.94901e+17	7.63581e+17	4.72115e+17	8.49066e+15	6.03189e+15	5.53469e+15	2.42199e+15	1.53242e+15	3.06483e+15	4.59725e+15	6.12966e+15	7.66208e+15	9.19456e+15	1.07275e+16	1.22641e+16	1.38169e+16	2.05457e+16	2.39664e+17	4.48516e+17	2.18739	2.0775	2.0775	2.0775	2.0775	2.0775	2.0775	2.0775	2.07751	2.07755	2.0777	2.07783	2.01437	2.8267	4.67889	
68187.6	6.86012e+17	2.78885e+17	1.22041e+17	7.72161e+16	1.54432e+17	2.31648e+17	3.08864e+17	3.8608e+17	4.63296e+17	5.40512e+17	6.17722e+17	6.94909e+17	7.63615e+17	4.74157e+17	8.49131e+15	6.03087e+15	5.53369e+15	2.42156e+15	1.53214e+15	3.06428e+15	4.59642e+15	6.12856e+15	7.6607e+15	9.19289e+15	1.07255e+16	1.22615e+16	1.38122e+16	2.05235e+16	2.38559e+17	4.48516e+17	2.191	2.08139	2.08139	2.08139	2.08139	2.08139	2.08139	2.08139	2.08139	2.08143	2.08156	2.08168	2.01761	2.81415	4.67843	
68440.6	6.86014e+17	2.78886e+17	1.22041e+17	7.72165e+16	1.54433e+17	2.3165e+17	3.08866e+17	3.86083e+17	4.63299e+17	5.40515e+17	6.17726e+17	6.94916e+17	7.63647e+17	4.76197e+17	8.49199e+15	6.02985e+15	5.53269e+15	2.42112e+15	1.53186e+15	3.06373e+15	4.59559e+15	6.12745e+15	7.65931e+15	9.19123e+15	1.07235e+16	1.22588e+16	1.38077e+16	2.05035e+16	2.37454e+17	4.48516e+17	2.19462	2.08527	2.08527	2.08527	2.08527	2.08527	2.08527	2.08527	2.08528	2.08531	2.08543	2.08554	2.02088	2.80177	4.67796	
68693.4	6.86016e+17	2.78888e+17	1.22042e+17	7.7217e+16	1.54434e+17	2.31651e+17	3.08868e+17	3.86085e+17	4.63302e+17	5.40518e+17	6.1773e+17	6.94923e+17	7.63674e+17	4.78225e+17	8.4927e+15	6.02884e+15	5.5317e+15	2.42069e+15	1.53159e+15	3.06317e+15	4.59476e+15	6.12635e+15	7.65794e+15	9.18957e+15	1.07216e+16	1.22563e+16	1.38033e+16	2.04858e+16	2.36354e+17	4.48516e+17	2.19823	2.08914	2.08914	2.08914	2.08914	2.08914	2.08914	2.08914	2.08915	2.08918	2.08929	2.08938	2.02417	2.78961	4.67747	
68945.4	6.86018e+17	2.78889e+17	1.22043e+17	7.72175e+16	1.54435e+17	2.31652e+17	3.0887e+17	3.86087e+17	4.63305e+17	5.40521e+17	6.17734e+17	6.9493e+17	7.63698e+17	4.80238e+17	8.49345e+15	6.02783e+15	5.53071e+15	2.42025e+15	1.53131e+15	3.06263e+15	4.59394e+15	6.12525e+15	7.65657e+15	9.18792e+15	1.07196e+16	1.22538e+16	1.37992e+16	2.04703e+16	2.3526e+17	4.48516e+17	2.20182	2.09299	2.09299	2.09299	2.09299	2.09299	2.09299	2.09299	2.093	2.09303	2.09313	2.09321	2.02748	2.77771	4.67696	
69198.6	6.8602e+17	2.78891e+17	1.22043e+17	7.72179e+16	1.54436e+17	2.31654e+17	3.08872e+17	3.8609e+17	4.63307e+17	5.40525e+17	6.17739e+17	6.94936e+17	7.63719e+17	4.8225e+17	8.49424e+15	6.02682e+15	5.52972e+15	2.41982e+15	1.53104e+15	3.06208e+15	4.59312e+15	6.12416e+15	7.6552e+15	9.18627e+15	1.07177e+16	1.22513e+16	1.37951e+16	2.04567e+16	2.34166e+17	4.48516e+17	2.20542	2.09685	2.09685	2.09685	2.09685	2.09685	2.09685	2.09685	2.09686	2.09688	2.09697	2.09705	2.03082	2.76596	4.67644	
69450.6	6.86022e+17	2.78893e+17	1.22044e+17	7.72183e+16	1.54437e+17	2.31655e+17	3.08873e+17	3.86092e+17	4.6331e+17	5.40528e+17	6.17743e+17	6.94942e+17	7.63737e+17	4.84241e+17	8.49506e+15	6.02582e+15	5.52873e+15	2.41939e+15	1.53077e+15	3.06153e+15	4.5923e+15	6.12307e+15	7.65383e+15	9.18464e+15	1.07157e+16	1.22488e+16	1.37913e+16	2.04449e+16	2.33082e+17	4.48516e+17	2.209	2.10068	2.10068	2.10068	2.10068	2.10068	2.10068	2.10068	2.10068	2.10071	2.10079	2.10086	2.03417	2.75447	4.67591	
69703.6	6.86023e+17	2.78894e+17	1.22045e+17	7.72188e+16	1.54438e+17	2.31656e+17	3.08875e+17	3.86094e+17	4.63313e+17	5.40531e+17	6.17746e+17	6.94948e+17	7.63753e+17	4.8623e+17	8.49593e+15	6.02482e+15	5.52775e+15	2.41896e+15	1.53049e+15	3.06099e+15	4.59148e+15	6.12198e+15	7.65247e+15	9.183e+15	1.07138e+16	1.22464e+16	1.37875e+16	2.04349e+16	2.31997e+17	4.48517e+17	2.21259	2.10452	2.10452	2.10452	2.10452	2.10452	2.10452	2.10452	2.10452	2.10454	2.10461	2.10468	2.03754	2.74313	4.67535	
69955.8	6.86025e+17	2.78896e+17	1.22046e+17	7.72192e+16	1.54438e+17	2.31658e+17	3.08877e+17	3.86096e+17	4.63315e+17	5.40534e+17	6.1775e+17	6.94954e+17	7.63765e+17	4.88201e+17	8.49683e+15	6.02382e+15	5.52677e+15	2.41853e+15	1.53022e+15	3.06045e+15	4.59067e+15	6.12089e+15	7.65111e+15	9.18137e+15	1.07118e+16	1.2244e+16	1.37839e+16	2.04266e+16	2.30921e+17	4.48517e+17	2.21616	2.10833	2.10833	2.10833	2.10833	2.10833	2.10833	2.10833	2.10833	2.10835	2.10842	2.10847	2.04092	2.73204	4.67478	
70208.9	6.86027e+17	2.78898e+17	1.22046e+17	7.72197e+16	1.54439e+17	2.31659e+17	3.08879e+17	3.86098e+17	4.63318e+17	5.40537e+17	6.17754e+17	6.9496e+17	7.63776e+17	4.90168e+17	8.49777e+15	6.02282e+15	5.52579e+15	2.4181e+15	1.52995e+15	3.0599e+15	4.58985e+15	6.11981e+15	7.64976e+15	9.17974e+15	1.07099e+16	1.22416e+16	1.37804e+16	2.04198e+16	2.29846e+17	4.48517e+17	2.21974	2.11215	2.11215	2.11215	2.11215	2.11215	2.11215	2.11215	2.11215	2.11217	2.11223	2.11228	2.04433	2.7211	4.6742	
70461.8	6.86029e+17	2.78899e+17	1.22047e+17	7.72201e+16	1.5444e+17	2.3166e+17	3.08881e+17	3.86101e+17	4.63321e+17	5.40541e+17	6.17758e+17	6.94966e+17	7.63784e+17	4.92122e+17	8.49875e+15	6.02183e+15	5.52481e+15	2.41767e+15	1.52968e+15	3.05936e+15	4.58904e+15	6.11873e+15	7.64841e+15	9.17811e+15	1.0708e+16	1.22393e+16	1.3777e+16	2.04144e+16	2.28776e+17	4.48517e+17	2.22331	2.11595	2.11595	2.11595	2.11595	2.11595	2.11595	2.11595	2.11595	2.11597	2.11602	2.11607	2.04774	2.71037	4.67359	
70713.9	6.86031e+17	2.78901e+17	1.22048e+17	7.72206e+16	1.54441e+17	2.31662e+17	3.08882e+17	3.86103e+17	4.63323e+17	5.40544e+17	6.17762e+17	6.94971e+17	7.63789e+17	4.94058e+17	8.49978e+15	6.02084e+15	5.52384e+15	2.41725e+15	1.52941e+15	3.05883e+15	4.58824e+15	6.11765e+15	7.64706e+15	9.1765e+15	1.07061e+16	1.2237e+16	1.37737e+16	2.04104e+16	2.27715e+17	4.48517e+17	2.22686	2.11973	2.11973	2.11973	2.11973	2.11973	2.11973	2.11973	2.11974	2.11975	2.1198	2.11984	2.05116	2.69986	4.67297	
70967.2	6.86033e+17	2.78902e+17	1.22048e+17	7.7221e+16	1.54442e+17	2.31663e+17	3.08884e+17	3.86105e+17	4.63326e+17	5.40547e+17	6.17766e+17	6.94976e+17	7.63793e+17	4.9599e+17	8.50085e+15	6.01985e+15	5.52287e+15	2.41682e+15	1.52914e+15	3.05829e+15	4.58743e+15	6.11657e+15	7.64572e+15	9.17488e+15	1.07042e+16	1.22347e+16	1.37704e+16	2.04077e+16	2.26654e+17	4.48517e+17	2.23043	2.12353	2.12353	2.12353	2.12353	2.12353	2.12353	2.12353	2.12353	2.12354	2.12359	2.12363	2.0546	2.68949	4.67233	
71219.3	6.86035e+17	2.78904e+17	1.22049e+17	7.72215e+16	1.54443e+17	2.31664e+17	3.08886e+17	3.86107e+17	4.63329e+17	5.4055e+17	6.17769e+17	6.94981e+17	7.63795e+17	4.97902e+17	8.50196e+15	6.01887e+15	5.52191e+15	2.4164e+15	1.52888e+15	3.05775e+15	4.58663e+15	6.1155e+15	7.64438e+15	9.17327e+15	1.07023e+16	1.22324e+16	1.37673e+16	2.04061e+16	2.25604e+17	4.48517e+17	2.23397	2.12729	2.12729	2.12729	2.12729	2.12729	2.12729	2.12729	2.12729	2.12731	2.12735	2.12738	2.05804	2.67936	4.67167	
71472.5	6.86037e+17	2.78906e+17	1.2205e+17	7.72219e+16	1.54444e+17	2.31666e+17	3.08888e+17	3.86109e+17	4.63331e+17	5.40553e+17	6.17773e+17	6.94986e+17	7.63795e+17	4.99809e+17	8.50312e+15	6.01789e+15	5.52094e+15	2.41598e+15	1.52861e+15	3.05722e+15	4.58583e+15	6.11443e+15	7.64304e+15	9.17167e+15	1.07004e+16	1.22301e+16	1.37642e+16	2.04057e+16	2.24556e+17	4.48517e+17	2.23752	2.13107	2.13107	2.13107	2.13107	2.13107	2.13107	2.13107	2.13107	2.13108	2.13112	2.13115	2.0615	2.66937	4.671	
71724.8	6.86039e+17	2.78907e+17	1.2205e+17	7.72223e+16	1.54445e+17	2.31667e+17	3.08889e+17	3.86112e+17	4.63334e+17	5.40556e+17	6.17777e+17	6.94991e+17	7.63794e+17	5.01696e+17	8.50432e+15	6.01691e+15	5.51998e+15	2.41556e+15	1.52834e+15	3.05669e+15	4.58503e+15	6.11337e+15	7.64171e+15	9.17007e+15	1.06985e+16	1.22279e+16	1.37612e+16	2.04063e+16	2.23516e+17	4.48517e+17	2.24105	2.13482	2.13482	2.13482	2.13482	2.13482	2.13482	2.13482	2.13482	2.13483	2.13486	2.13489	2.06496	2.6596	4.6703	
71978	6.8604e+17	2.78909e+17	1.22051e+17	7.72228e+16	1.54446e+17	2.31668e+17	3.08891e+17	3.86114e+17	4.63337e+17	5.40559e+17	6.17781e+17	6.94996e+17	7.63791e+17	5.03578e+17	8.50558e+15	6.01593e+15	5.51902e+15	2.41514e+15	1.52808e+15	3.05615e+15	4.58423e+15	6.11231e+15	7.64038e+15	9.16847e+15	1.06967e+16	1.22256e+16	1.37582e+16	2.04079e+16	2.22478e+17	4.48517e+17	2.24459	2.13858	2.13858	2.13858	2.13858	2.13858	2.13858	2.13858	2.13858	2.13859	2.13862	2.13864	2.06843	2.64996	4.66959	
72231	6.86042e+17	2.7891e+17	1.22052e+17	7.72232e+16	1.54446e+17	2.3167e+17	3.08893e+17	3.86116e+17	4.63339e+17	5.40562e+17	6.17784e+17	6.95001e+17	7.63786e+17	5.05446e+17	8.50688e+15	6.01495e+15	5.51806e+15	2.41472e+15	1.52781e+15	3.05562e+15	4.58343e+15	6.11125e+15	7.63906e+15	9.16688e+15	1.06948e+16	1.22234e+16	1.37553e+16	2.04105e+16	2.21448e+17	4.48517e+17	2.24812	2.14232	2.14232	2.14232	2.14232	2.14232	2.14232	2.14232	2.14232	2.14233	2.14236	2.14238	2.07191	2.64051	4.66885	
72483.3	6.86044e+17	2.78912e+17	1.22053e+17	7.72236e+16	1.54447e+17	2.31671e+17	3.08895e+17	3.86118e+17	4.63342e+17	5.40565e+17	6.17788e+17	6.95006e+17	7.63781e+17	5.07294e+17	8.50822e+15	6.01399e+15	5.51711e+15	2.4143e+15	1.52755e+15	3.0551e+15	4.58264e+15	6.11019e+15	7.63774e+15	9.1653e+15	1.06929e+16	1.22212e+16	1.37525e+16	2.04138e+16	2.20426e+17	4.48517e+17	2.25163	2.14605	2.14605	2.14605	2.14605	2.14605	2.14605	2.14605	2.14605	2.14606	2.14608	2.14611	2.07538	2.63126	4.6681	
72736.7	6.86046e+17	2.78913e+17	1.22053e+17	7.72241e+16	1.54448e+17	2.31672e+17	3.08896e+17	3.8612e+17	4.63344e+17	5.40568e+17	6.17791e+17	6.9501e+17	7.63773e+17	5.09138e+17	8.50963e+15	6.01302e+15	5.51615e+15	2.41388e+15	1.52728e+15	3.05457e+15	4.58185e+15	6.10913e+15	7.63642e+15	9.16371e+15	1.06911e+16	1.2219e+16	1.37497e+16	2.0418e+16	2.19406e+17	4.48517e+17	2.25516	2.14979	2.14979	2.14979	2.14979	2.14979	2.14979	2.14979	2.14979	2.14979	2.14982	2.14984	2.07888	2.62213	4.66732	
72988.9	6.86048e+17	2.78915e+17	1.22054e+17	7.72245e+16	1.54449e+17	2.31674e+17	3.08898e+17	3.86123e+17	4.63347e+17	5.40571e+17	6.17795e+17	6.95015e+17	7.63765e+17	5.1096e+17	8.51107e+15	6.01205e+15	5.51521e+15	2.41347e+15	1.52702e+15	3.05404e+15	4.58106e+15	6.10809e+15	7.63511e+15	9.16214e+15	1.06892e+16	1.22169e+16	1.3747e+16	2.04229e+16	2.18397e+17	4.48517e+17	2.25866	2.1535	2.1535	2.1535	2.1535	2.1535	2.1535	2.1535	2.1535	2.15351	2.15353	2.15354	2.08236	2.61322	4.66653	
73242.2	6.8605e+17	2.78917e+17	1.22055e+17	7.72249e+16	1.5445e+17	2.31675e+17	3.089e+17	3.86125e+17	4.6335e+17	5.40574e+17	6.17798e+17	6.95019e+17	7.63756e+17	5.12776e+17	8.51258e+15	6.01109e+15	5.51426e+15	2.41305e+15	1.52676e+15	3.05352e+15	4.58028e+15	6.10704e+15	7.6338e+15	9.16056e+15	1.06874e+16	1.22147e+16	1.37443e+16	2.04285e+16	2.17391e+17	4.48517e+17	2.26217	2.15722	2.15722	2.15722	2.15722	2.15722	2.15722	2.15722	2.15722	2.15722	2.15724	2.15726	2.08586	2.60443	4.66571	
73494.6	6.86051e+17	2.78918e+17	1.22055e+17	7.72254e+16	1.54451e+17	2.31676e+17	3.08901e+17	3.86127e+17	4.63352e+17	5.40577e+17	6.17802e+17	6.95023e+17	7.63745e+17	5.14572e+17	8.51413e+15	6.01013e+15	5.51332e+15	2.41264e+15	1.5265e+15	3.053e+15	4.57949e+15	6.10599e+15	7.63249e+15	9.159e+15	1.06856e+16	1.22126e+16	1.37416e+16	2.04347e+16	2.16394e+17	4.48517e+17	2.26566	2.16092	2.16092	2.16092	2.16092	2.16092	2.16092	2.16092	2.16092	2.16092	2.16094	2.16095	2.08935	2.59583	4.66487	
73747.9	6.86053e+17	2.7892e+17	1.22056e+17	7.72258e+16	1.54452e+17	2.31677e+17	3.08903e+17	3.86129e+17	4.63355e+17	5.4058e+17	6.17806e+17	6.95028e+17	7.63734e+17	5.16361e+17	8.51575e+15	6.00917e+15	5.51237e+15	2.41223e+15	1.52624e+15	3.05247e+15	4.57871e+15	6.10495e+15	7.63119e+15	9.15743e+15	1.06837e+16	1.22104e+16	1.37389e+16	2.04416e+16	2.154e+17	4.48517e+17	2.26917	2.16462	2.16462	2.16462	2.16462	2.16462	2.16462	2.16462	2.16462	2.16463	2.16464	2.16465	2.09285	2.58736	4.66401	
74001.1	6.86055e+17	2.78921e+17	1.22057e+17	7.72262e+16	1.54452e+17	2.31679e+17	3.08905e+17	3.86131e+17	4.63357e+17	5.40583e+17	6.17809e+17	6.95032e+17	7.63722e+17	5.18135e+17	8.51742e+15	6.00822e+15	5.51144e+15	2.41182e+15	1.52598e+15	3.05195e+15	4.57793e+15	6.10391e+15	7.62989e+15	9.15587e+15	1.06819e+16	1.22083e+16	1.37363e+16	2.0449e+16	2.14414e+17	4.48517e+17	2.27266	2.16832	2.16832	2.16832	2.16832	2.16832	2.16832	2.16832	2.16832	2.16832	2.16833	2.16835	2.09635	2.57905	4.66312	
74253.4	6.86057e+17	2.78923e+17	1.22057e+17	7.72266e+16	1.54453e+17	2.3168e+17	3.08907e+17	3.86133e+17	4.6336e+17	5.40586e+17	6.17812e+17	6.95036e+17	7.63709e+17	5.19889e+17	8.51914e+15	6.00727e+15	5.5105e+15	2.41141e+15	1.52572e+15	3.05144e+15	4.57716e+15	6.10287e+15	7.62859e+15	9.15432e+15	1.06801e+16	1.22062e+16	1.37338e+16	2.04569e+16	2.13437e+17	4.48517e+17	2.27613	2.17199	2.17199	2.17199	2.17199	2.17199	2.17199	2.17199	2.17199	2.172	2.17201	2.17202	2.09985	2.57092	4.66222	
74507	6.86059e+17	2.78924e+17	1.22058e+17	7.72271e+16	1.54454e+17	2.31681e+17	3.08908e+17	3.86135e+17	4.63362e+17	5.40589e+17	6.17816e+17	6.9504e+17	7.63695e+17	5.21638e+17	8.52092e+15	6.00631e+15	5.50957e+15	2.411e+15	1.52546e+15	3.05092e+15	4.57638e+15	6.10184e+15	7.6273e+15	9.15276e+15	1.06783e+16	1.22041e+16	1.37312e+16	2.04654e+16	2.12463e+17	4.48517e+17	2.27962	2.17568	2.17568	2.17568	2.17568	2.17568	2.17568	2.17568	2.17568	2.17568	2.17569	2.1757	2.10336	2.5629	4.66129	
74759.3	6.86061e+17	2.78926e+17	1.22059e+17	7.72275e+16	1.54455e+17	2.31682e+17	3.0891e+17	3.86137e+17	4.63365e+17	5.40592e+17	6.17819e+17	6.95044e+17	7.63681e+17	5.23364e+17	8.52276e+15	6.00537e+15	5.50864e+15	2.41059e+15	1.5252e+15	3.05041e+15	4.57561e+15	6.10081e+15	7.62601e+15	9.15122e+15	1.06765e+16	1.2202e+16	1.37287e+16	2.04742e+16	2.115e+17	4.48517e+17	2.28309	2.17934	2.17934	2.17934	2.17934	2.17934	2.17934	2.17934	2.17934	2.17934	2.17935	2.17936	2.10685	2.55507	4.66034	
75012.7	6.86062e+17	2.78927e+17	1.22059e+17	7.72279e+16	1.54456e+17	2.31684e+17	3.08912e+17	3.8614e+17	4.63367e+17	5.40595e+17	6.17823e+17	6.95049e+17	7.63665e+17	5.25083e+17	8.52466e+15	6.00442e+15	5.50771e+15	2.41019e+15	1.52495e+15	3.04989e+15	4.57484e+15	6.09978e+15	7.62473e+15	9.14968e+15	1.06747e+16	1.21999e+16	1.37262e+16	2.04835e+16	2.1054e+17	4.48518e+17	2.28656	2.18301	2.18301	2.18301	2.18301	2.18301	2.18301	2.18301	2.18301	2.18301	2.18302	2.18303	2.11036	2.54735	4.65936	
75265.2	6.86064e+17	2.78929e+17	1.2206e+17	7.72283e+16	1.54457e+17	2.31685e+17	3.08913e+17	3.86142e+17	4.6337e+17	5.40598e+17	6.17826e+17	6.95053e+17	7.6365e+17	5.26782e+17	8.52662e+15	6.00349e+15	5.50678e+15	2.40978e+15	1.52469e+15	3.04938e+15	4.57407e+15	6.09876e+15	7.62345e+15	9.14814e+15	1.06729e+16	1.21978e+16	1.37238e+16	2.04932e+16	2.0959e+17	4.48518e+17	2.29001	2.18666	2.18666	2.18666	2.18666	2.18666	2.18666	2.18666	2.18666	2.18666	2.18667	2.18668	2.11385	2.5398	4.65837	
75518.6	6.86066e+17	2.7893e+17	1.22061e+17	7.72288e+16	1.54458e+17	2.31686e+17	3.08915e+17	3.86144e+17	4.63373e+17	5.40601e+17	6.1783e+17	6.95057e+17	7.63633e+17	5.28474e+17	8.52865e+15	6.00254e+15	5.50586e+15	2.40938e+15	1.52443e+15	3.04887e+15	4.5733e+15	6.09773e+15	7.62217e+15	9.1466e+15	1.06711e+16	1.21957e+16	1.37213e+16	2.05032e+16	2.08644e+17	4.48518e+17	2.29348	2.19032	2.19032	2.19032	2.19032	2.19032	2.19032	2.19032	2.19032	2.19032	2.19033	2.19034	2.11736	2.53236	4.65734	
75771.9	6.86068e+17	2.78932e+17	1.22061e+17	7.72292e+16	1.54458e+17	2.31688e+17	3.08917e+17	3.86146e+17	4.63375e+17	5.40604e+17	6.17833e+17	6.95061e+17	7.63616e+17	5.30149e+17	8.53074e+15	6.00161e+15	5.50494e+15	2.40898e+15	1.52418e+15	3.04836e+15	4.57254e+15	6.09671e+15	7.62089e+15	9.14507e+15	1.06693e+16	1.21937e+16	1.37189e+16	2.05135e+16	2.07706e+17	4.48518e+17	2.29693	2.19397	2.19397	2.19397	2.19397	2.19397	2.19397	2.19397	2.19397	2.19397	2.19398	2.19398	2.12086	2.52506	4.65629	
76024.4	6.86069e+17	2.78933e+17	1.22062e+17	7.72296e+16	1.54459e+17	2.31689e+17	3.08918e+17	3.86148e+17	4.63378e+17	5.40607e+17	6.17836e+17	6.95064e+17	7.63599e+17	5.31805e+17	8.53288e+15	6.00068e+15	5.50402e+15	2.40858e+15	1.52393e+15	3.04785e+15	4.57178e+15	6.0957e+15	7.61963e+15	9.14355e+15	1.06675e+16	1.21916e+16	1.37165e+16	2.05242e+16	2.06777e+17	4.48518e+17	2.30037	2.1976	2.1976	2.1976	2.1976	2.1976	2.1976	2.1976	2.1976	2.1976	2.19761	2.19761	2.12436	2.51793	4.65522	
76278	6.86071e+17	2.78935e+17	1.22063e+17	7.723e+16	1.5446e+17	2.3169e+17	3.0892e+17	3.8615e+17	4.6338e+17	5.4061e+17	6.1784e+17	6.95068e+17	7.63581e+17	5.33455e+17	8.53511e+15	5.99974e+15	5.50311e+15	2.40817e+15	1.52367e+15	3.04734e+15	4.57101e+15	6.09468e+15	7.61836e+15	9.14203e+15	1.06657e+16	1.21896e+16	1.37141e+16	2.05351e+16	2.05852e+17	4.48518e+17	2.30382	2.20124	2.20124	2.20124	2.20124	2.20124	2.20124	2.20124	2.20124	2.20124	2.20124	2.20125	2.12786	2.51089	4.65412	
76530.4	6.86073e+17	2.78936e+17	1.22063e+17	7.72304e+16	1.54461e+17	2.31691e+17	3.08922e+17	3.86152e+17	4.63383e+17	5.40613e+17	6.17843e+17	6.95072e+17	7.63563e+17	5.35082e+17	8.53739e+15	5.99882e+15	5.5022e+15	2.40778e+15	1.52342e+15	3.04684e+15	4.57026e+15	6.09368e+15	7.6171e+15	9.14052e+15	1.0664e+16	1.21875e+16	1.37117e+16	2.05463e+16	2.04938e+17	4.48518e+17	2.30725	2.20485	2.20485	2.20485	2.20485	2.20485	2.20485	2.20485	2.20485	2.20486	2.20486	2.20486	2.13135	2.50401	4.653	
76783.9	6.86075e+17	2.78938e+17	1.22064e+17	7.72308e+16	1.54462e+17	2.31693e+17	3.08923e+17	3.86154e+17	4.63385e+17	5.40616e+17	6.17846e+17	6.95076e+17	7.63544e+17	5.36702e+17	8.53975e+15	5.99789e+15	5.50129e+15	2.40738e+15	1.52317e+15	3.04633e+15	4.5695e+15	6.09267e+15	7.61583e+15	9.139e+15	1.06622e+16	1.21855e+16	1.37094e+16	2.05577e+16	2.04028e+17	4.48518e+17	2.31069	2.20848	2.20848	2.20848	2.20848	2.20848	2.20848	2.20848	2.20848	2.20848	2.20848	2.20849	2.13485	2.49724	4.65185	
77036.5	6.86077e+17	2.78939e+17	1.22065e+17	7.72312e+16	1.54462e+17	2.31694e+17	3.08925e+17	3.86156e+17	4.63387e+17	5.40619e+17	6.1785e+17	6.9508e+17	7.63525e+17	5.38302e+17	8.54216e+15	5.99697e+15	5.50038e+15	2.40698e+15	1.52292e+15	3.04583e+15	4.56875e+15	6.09166e+15	7.61458e+15	9.1375e+15	1.06604e+16	1.21835e+16	1.3707e+16	2.05694e+16	2.03128e+17	4.48518e+17	2.3141	2.21208	2.21208	2.21208	2.21208	2.21208	2.21208	2.21208	2.21208	2.21209	2.21209	2.21209	2.13833	2.49061	4.65067	
77290.1	6.86078e+17	2.78941e+17	1.22065e+17	7.72317e+16	1.54463e+17	2.31695e+17	3.08927e+17	3.86158e+17	4.6339e+17	5.40622e+17	6.17853e+17	6.95084e+17	7.63506e+17	5.39894e+17	8.54466e+15	5.99605e+15	5.49947e+15	2.40658e+15	1.52267e+15	3.04533e+15	4.568e+15	6.09066e+15	7.61333e+15	9.13599e+15	1.06587e+16	1.21814e+16	1.37047e+16	2.05812e+16	2.02232e+17	4.48518e+17	2.31753	2.2157	2.2157	2.2157	2.2157	2.2157	2.2157	2.2157	2.2157	2.2157	2.2157	2.21571	2.14183	2.48408	4.64947	
77543.5	6.8608e+17	2.78942e+17	1.22066e+17	7.72321e+16	1.54464e+17	2.31696e+17	3.08928e+17	3.8616e+17	4.63392e+17	5.40624e+17	6.17856e+17	6.95088e+17	7.63487e+17	5.41469e+17	8.54723e+15	5.99513e+15	5.49857e+15	2.40619e+15	1.52242e+15	3.04483e+15	4.56725e+15	6.08966e+15	7.61208e+15	9.13449e+15	1.06569e+16	1.21794e+16	1.37024e+16	2.05933e+16	2.01344e+17	4.48518e+17	2.32095	2.2193	2.2193	2.2193	2.2193	2.2193	2.2193	2.2193	2.2193	2.2193	2.2193	2.21931	2.14532	2.47768	4.64824	
77796.1	6.86082e+17	2.78944e+17	1.22067e+17	7.72325e+16	1.54465e+17	2.31697e+17	3.0893e+17	3.86162e+17	4.63395e+17	5.40627e+17	6.1786e+17	6.95091e+17	7.63467e+17	5.43026e+17	8.54986e+15	5.99422e+15	5.49767e+15	2.4058e+15	1.52217e+15	3.04433e+15	4.5665e+15	6.08867e+15	7.61083e+15	9.133e+15	1.06552e+16	1.21774e+16	1.37001e+16	2.06054e+16	2.00466e+17	4.48518e+17	2.32435	2.22289	2.22289	2.22289	2.22289	2.22289	2.22289	2.22289	2.22289	2.22289	2.22289	2.22289	2.1488	2.47142	4.64698	
78049.8	6.86084e+17	2.78945e+17	1.22067e+17	7.72329e+16	1.54466e+17	2.31699e+17	3.08932e+17	3.86164e+17	4.63397e+17	5.4063e+17	6.17863e+17	6.95095e+17	7.63447e+17	5.44576e+17	8.55258e+15	5.9933e+15	5.49677e+15	2.4054e+15	1.52192e+15	3.04384e+15	4.56575e+15	6.08767e+15	7.60959e+15	9.13151e+15	1.06534e+16	1.21754e+16	1.36978e+16	2.06178e+16	1.99591e+17	4.48518e+17	2.32776	2.22648	2.22648	2.22648	2.22648	2.22648	2.22648	2.22648	2.22648	2.22648	2.22649	2.22649	2.15228	2.46524	4.64569	
78302.4	6.86085e+17	2.78947e+17	1.22068e+17	7.72333e+16	1.54467e+17	2.317e+17	3.08933e+17	3.86166e+17	4.634e+17	5.40633e+17	6.17866e+17	6.95099e+17	7.63427e+17	5.46103e+17	8.55536e+15	5.9924e+15	5.49588e+15	2.40501e+15	1.52167e+15	3.04334e+15	4.56501e+15	6.08668e+15	7.60835e+15	9.13003e+15	1.06517e+16	1.21735e+16	1.36955e+16	2.06303e+16	1.98728e+17	4.48519e+17	2.33115	2.23006	2.23006	2.23006	2.23006	2.23006	2.23006	2.23006	2.23006	2.23006	2.23006	2.23006	2.15575	2.45921	4.64438	
78556	6.86087e+17	2.78948e+17	1.22068e+17	7.72337e+16	1.54467e+17	2.31701e+17	3.08935e+17	3.86169e+17	4.63402e+17	5.40636e+17	6.17869e+17	6.95103e+17	7.63406e+17	5.47623e+17	8.55823e+15	5.99149e+15	5.49499e+15	2.40462e+15	1.52142e+15	3.04285e+15	4.56427e+15	6.08569e+15	7.60712e+15	9.12854e+15	1.065e+16	1.21715e+16	1.36932e+16	2.06429e+16	1.97869e+17	4.48519e+17	2.33455	2.23364	2.23364	2.23364	2.23364	2.23364	2.23364	2.23364	2.23364	2.23364	2.23364	2.23364	2.15923	2.45327	4.64303	
78808.7	6.86089e+17	2.7895e+17	1.22069e+17	7.72341e+16	1.54468e+17	2.31702e+17	3.08936e+17	3.86171e+17	4.63405e+17	5.40639e+17	6.17873e+17	6.95106e+17	7.63386e+17	5.49124e+17	8.56116e+15	5.99058e+15	5.4941e+15	2.40423e+15	1.52118e+15	3.04236e+15	4.56353e+15	6.08471e+15	7.60589e+15	9.12707e+15	1.06483e+16	1.21695e+16	1.3691e+16	2.06556e+16	1.9702e+17	4.48519e+17	2.33794	2.2372	2.2372	2.2372	2.2372	2.2372	2.2372	2.2372	2.2372	2.2372	2.2372	2.23721	2.1627	2.44746	4.64166	
79062.4	6.8609e+17	2.78951e+17	1.2207e+17	7.72345e+16	1.54469e+17	2.31704e+17	3.08938e+17	3.86173e+17	4.63407e+17	5.40642e+17	6.17876e+17	6.9511e+17	7.63365e+17	5.50616e+17	8.56419e+15	5.98968e+15	5.49321e+15	2.40384e+15	1.52093e+15	3.04186e+15	4.56279e+15	6.08373e+15	7.60466e+15	9.12559e+15	1.06465e+16	1.21675e+16	1.36887e+16	2.06685e+16	1.96175e+17	4.48519e+17	2.34133	2.24077	2.24077	2.24077	2.24077	2.24077	2.24077	2.24077	2.24077	2.24077	2.24077	2.24078	2.16617	2.44173	4.64026	
79315.8	6.86092e+17	2.78953e+17	1.2207e+17	7.72349e+16	1.5447e+17	2.31705e+17	3.0894e+17	3.86175e+17	4.63409e+17	5.40644e+17	6.17879e+17	6.95114e+17	7.63344e+17	5.52092e+17	8.5673e+15	5.98878e+15	5.49233e+15	2.40346e+15	1.52069e+15	3.04137e+15	4.56206e+15	6.08275e+15	7.60343e+15	9.12412e+15	1.06448e+16	1.21655e+16	1.36865e+16	2.06814e+16	1.95338e+17	4.48519e+17	2.34471	2.24433	2.24433	2.24433	2.24433	2.24433	2.24433	2.24433	2.24433	2.24433	2.24434	2.24434	2.16964	2.43611	4.63883	
79568.6	6.86094e+17	2.78954e+17	1.22071e+17	7.72353e+16	1.54471e+17	2.31706e+17	3.08941e+17	3.86177e+17	4.63412e+17	5.40647e+17	6.17882e+17	6.95117e+17	7.63323e+17	5.5355e+17	8.57047e+15	5.98789e+15	5.49145e+15	2.40307e+15	1.52044e+15	3.04089e+15	4.56133e+15	6.08177e+15	7.60221e+15	9.12266e+15	1.06431e+16	1.21636e+16	1.36843e+16	2.06944e+16	1.94512e+17	4.48519e+17	2.34807	2.24788	2.24788	2.24788	2.24788	2.24788	2.24788	2.24788	2.24788	2.24788	2.24788	2.24788	2.1731	2.43062	4.63737	
79822.4	6.86096e+17	2.78955e+17	1.22072e+17	7.72357e+16	1.54471e+17	2.31707e+17	3.08943e+17	3.86179e+17	4.63414e+17	5.4065e+17	6.17886e+17	6.95121e+17	7.63302e+17	5.55e+17	8.57374e+15	5.98699e+15	5.49057e+15	2.40269e+15	1.5202e+15	3.0404e+15	4.5606e+15	6.0808e+15	7.60099e+15	9.12119e+15	1.06414e+16	1.21616e+16	1.3682e+16	2.07075e+16	1.93688e+17	4.48519e+17	2.35145	2.25143	2.25143	2.25143	2.25143	2.25143	2.25143	2.25143	2.25143	2.25143	2.25144	2.25144	2.17656	2.4252	4.63587	
80075.1	6.86097e+17	2.78957e+17	1.22072e+17	7.72361e+16	1.54472e+17	2.31708e+17	3.08944e+17	3.86181e+17	4.63417e+17	5.40653e+17	6.17889e+17	6.95125e+17	7.6328e+17	5.56429e+17	8.57708e+15	5.9861e+15	5.48969e+15	2.4023e+15	1.51996e+15	3.03991e+15	4.55987e+15	6.07983e+15	7.59978e+15	9.11974e+15	1.06397e+16	1.21597e+16	1.36798e+16	2.07206e+16	1.92876e+17	4.48519e+17	2.3548	2.25497	2.25497	2.25497	2.25497	2.25497	2.25497	2.25497	2.25497	2.25497	2.25497	2.25497	2.18001	2.41991	4.63436	
80325.1	6.86099e+17	2.78958e+17	1.22073e+17	7.72365e+16	1.54473e+17	2.3171e+17	3.08946e+17	3.86183e+17	4.63419e+17	5.40656e+17	6.17892e+17	6.95128e+17	7.63259e+17	5.5783e+17	8.58047e+15	5.98522e+15	5.48883e+15	2.40193e+15	1.51972e+15	3.03944e+15	4.55915e+15	6.07887e+15	7.59859e+15	9.11831e+15	1.0638e+16	1.21578e+16	1.36777e+16	2.07336e+16	1.9208e+17	4.48519e+17	2.35812	2.25846	2.25846	2.25846	2.25846	2.25846	2.25846	2.25846	2.25846	2.25846	2.25846	2.25846	2.18341	2.41477	4.63282	
80575.4	6.86101e+17	2.7896e+17	1.22073e+17	7.72369e+16	1.54474e+17	2.31711e+17	3.08948e+17	3.86184e+17	4.63421e+17	5.40658e+17	6.17895e+17	6.95132e+17	7.63238e+17	5.59218e+17	8.58395e+15	5.98435e+15	5.48797e+15	2.40155e+15	1.51948e+15	3.03896e+15	4.55844e+15	6.07792e+15	7.5974e+15	9.11688e+15	1.06364e+16	1.21559e+16	1.36755e+16	2.07467e+16	1.9129e+17	4.48519e+17	2.36143	2.26194	2.26194	2.26194	2.26194	2.26194	2.26194	2.26194	2.26194	2.26194	2.26194	2.26194	2.18682	2.40972	4.63126	
80827.9	6.86102e+17	2.78961e+17	1.22074e+17	7.72373e+16	1.54475e+17	2.31712e+17	3.08949e+17	3.86186e+17	4.63424e+17	5.40661e+17	6.17898e+17	6.95135e+17	7.63217e+17	5.60605e+17	8.58755e+15	5.98346e+15	5.4871e+15	2.40117e+15	1.51924e+15	3.03848e+15	4.55772e+15	6.07696e+15	7.5962e+15	9.11544e+15	1.06347e+16	1.21539e+16	1.36733e+16	2.076e+16	1.90501e+17	4.4852e+17	2.36477	2.26545	2.26545	2.26545	2.26545	2.26545	2.26545	2.26545	2.26545	2.26546	2.26546	2.26546	2.19025	2.40472	4.62965	
81078.1	6.86104e+17	2.78963e+17	1.22075e+17	7.72377e+16	1.54475e+17	2.31713e+17	3.08951e+17	3.86188e+17	4.63426e+17	5.40664e+17	6.17901e+17	6.95139e+17	7.63195e+17	5.61967e+17	8.5912e+15	5.98259e+15	5.48624e+15	2.40079e+15	1.519e+15	3.038e+15	4.55701e+15	6.07601e+15	7.59501e+15	9.11401e+15	1.0633e+16	1.2152e+16	1.36712e+16	2.07732e+16	1.89725e+17	4.4852e+17	2.36807	2.26893	2.26893	2.26893	2.26893	2.26893	2.26893	2.26893	2.26893	2.26893	2.26893	2.26893	2.19364	2.39986	4.62802	
81331.8	6.86106e+17	2.78964e+17	1.22075e+17	7.72381e+16	1.54476e+17	2.31714e+17	3.08952e+17	3.8619e+17	4.63428e+17	5.40667e+17	6.17905e+17	6.95142e+17	7.63174e+17	5.63333e+17	8.59499e+15	5.98171e+15	5.48538e+15	2.40042e+15	1.51876e+15	3.03752e+15	4.55629e+15	6.07505e+15	7.59381e+15	9.11258e+15	1.06313e+16	1.21501e+16	1.3669e+16	2.07866e+16	1.88946e+17	4.4852e+17	2.37141	2.27245	2.27245	2.27245	2.27245	2.27245	2.27245	2.27245	2.27245	2.27245	2.27245	2.27245	2.19708	2.39502	4.62634	
81584.9	6.86107e+17	2.78965e+17	1.22076e+17	7.72385e+16	1.54477e+17	2.31715e+17	3.08954e+17	3.86192e+17	4.63431e+17	5.40669e+17	6.17908e+17	6.95146e+17	7.63152e+17	5.64682e+17	8.59886e+15	5.98084e+15	5.48452e+15	2.40004e+15	1.51852e+15	3.03705e+15	4.55557e+15	6.0741e+15	7.59262e+15	9.11115e+15	1.06297e+16	1.21482e+16	1.36668e+16	2.07999e+16	1.88177e+17	4.4852e+17	2.37474	2.27595	2.27595	2.27595	2.27595	2.27595	2.27595	2.27595	2.27595	2.27595	2.27595	2.27595	2.2005	2.39028	4.62463	
81838.2	6.86109e+17	2.78967e+17	1.22077e+17	7.72389e+16	1.54478e+17	2.31717e+17	3.08955e+17	3.86194e+17	4.63433e+17	5.40672e+17	6.17911e+17	6.9515e+17	7.6313e+17	5.66018e+17	8.60282e+15	5.97996e+15	5.48366e+15	2.39966e+15	1.51829e+15	3.03657e+15	4.55486e+15	6.07314e+15	7.59143e+15	9.10972e+15	1.0628e+16	1.21463e+16	1.36647e+16	2.08134e+16	1.87414e+17	4.4852e+17	2.37807	2.27945	2.27945	2.27945	2.27945	2.27945	2.27945	2.27945	2.27945	2.27945	2.27945	2.27945	2.20393	2.38562	4.62288	
82088.5	6.86111e+17	2.78968e+17	1.22077e+17	7.72392e+16	1.54478e+17	2.31718e+17	3.08957e+17	3.86196e+17	4.63435e+17	5.40675e+17	6.17914e+17	6.95153e+17	7.63109e+17	5.67326e+17	8.60684e+15	5.9791e+15	5.48281e+15	2.39929e+15	1.51805e+15	3.0361e+15	4.55416e+15	6.07221e+15	7.59026e+15	9.10831e+15	1.06264e+16	1.21444e+16	1.36626e+16	2.08266e+16	1.86667e+17	4.4852e+17	2.38135	2.2829	2.2829	2.2829	2.2829	2.2829	2.2829	2.2829	2.2829	2.2829	2.2829	2.2829	2.20731	2.38111	4.62113	
82341.2	6.86112e+17	2.7897e+17	1.22078e+17	7.72396e+16	1.54479e+17	2.31719e+17	3.08959e+17	3.86198e+17	4.63438e+17	5.40677e+17	6.17917e+17	6.95157e+17	7.63087e+17	5.68633e+17	8.61098e+15	5.97824e+15	5.48196e+15	2.39892e+15	1.51782e+15	3.03563e+15	4.55345e+15	6.07126e+15	7.58908e+15	9.10689e+15	1.06247e+16	1.21425e+16	1.36604e+16	2.08401e+16	1.8592e+17	4.4852e+17	2.38466	2.28638	2.28638	2.28638	2.28638	2.28638	2.28638	2.28638	2.28638	2.28638	2.28638	2.28638	2.21071	2.37663	4.61932	
82591.3	6.86114e+17	2.78971e+17	1.22078e+17	7.724e+16	1.5448e+17	2.3172e+17	3.0896e+17	3.862e+17	4.6344e+17	5.4068e+17	6.1792e+17	6.9516e+17	7.63065e+17	5.69913e+17	8.61518e+15	5.97738e+15	5.48112e+15	2.39855e+15	1.51758e+15	3.03517e+15	4.55275e+15	6.07033e+15	7.58791e+15	9.1055e+15	1.06231e+16	1.21407e+16	1.36583e+16	2.08534e+16	1.85188e+17	4.4852e+17	2.38793	2.28982	2.28982	2.28982	2.28982	2.28982	2.28982	2.28982	2.28982	2.28982	2.28982	2.28982	2.21408	2.37228	4.6175	
82841.5	6.86116e+17	2.78972e+17	1.22079e+17	7.72404e+16	1.54481e+17	2.31721e+17	3.08962e+17	3.86202e+17	4.63442e+17	5.40683e+17	6.17923e+17	6.95163e+17	7.63044e+17	5.71181e+17	8.61947e+15	5.97653e+15	5.48028e+15	2.39818e+15	1.51735e+15	3.0347e+15	4.55205e+15	6.0694e+15	7.58675e+15	9.1041e+15	1.06215e+16	1.21388e+16	1.36562e+16	2.08667e+16	1.84462e+17	4.4852e+17	2.39119	2.29326	2.29326	2.29326	2.29326	2.29326	2.29326	2.29326	2.29326	2.29326	2.29326	2.29326	2.21744	2.36801	4.61564	
83094.4	6.86117e+17	2.78974e+17	1.2208e+17	7.72408e+16	1.54482e+17	2.31722e+17	3.08963e+17	3.86204e+17	4.63445e+17	5.40685e+17	6.17926e+17	6.95167e+17	7.63022e+17	5.72449e+17	8.62391e+15	5.97567e+15	5.47943e+15	2.39781e+15	1.51712e+15	3.03423e+15	4.55135e+15	6.06847e+15	7.58558e+15	9.1027e+15	1.06198e+16	1.21369e+16	1.36541e+16	2.08801e+16	1.83736e+17	4.48521e+17	2.39449	2.29672	2.29672	2.29672	2.29672	2.29672	2.29672	2.29672	2.29672	2.29672	2.29672	2.29672	2.22084	2.36378	4.61373	
83344.7	6.86119e+17	2.78975e+17	1.2208e+17	7.72412e+16	1.54482e+17	2.31723e+17	3.08965e+17	3.86206e+17	4.63447e+17	5.40688e+17	6.17929e+17	6.9517e+17	7.63001e+17	5.73691e+17	8.6284e+15	5.97482e+15	5.4786e+15	2.39745e+15	1.51689e+15	3.03377e+15	4.55066e+15	6.06754e+15	7.58443e+15	9.10131e+15	1.06182e+16	1.21351e+16	1.3652e+16	2.08934e+16	1.83024e+17	4.48521e+17	2.39774	2.30015	2.30015	2.30015	2.30015	2.30015	2.30015	2.30015	2.30015	2.30015	2.30015	2.30015	2.2242	2.35966	4.61181	
83598.2	6.8612e+17	2.78977e+17	1.22081e+17	7.72415e+16	1.54483e+17	2.31725e+17	3.08966e+17	3.86208e+17	4.63449e+17	5.40691e+17	6.17932e+17	6.95174e+17	7.62979e+17	5.74937e+17	8.63305e+15	5.97396e+15	5.47776e+15	2.39708e+15	1.51665e+15	3.0333e+15	4.54996e+15	6.06661e+15	7.58326e+15	9.09991e+15	1.06166e+16	1.21332e+16	1.36499e+16	2.09069e+16	1.8231e+17	4.48521e+17	2.40104	2.30361	2.30361	2.30361	2.30361	2.30361	2.30361	2.30361	2.30361	2.30361	2.30361	2.30361	2.22759	2.35557	4.60982	
83848.6	6.86122e+17	2.78978e+17	1.22081e+17	7.72419e+16	1.54484e+17	2.31726e+17	3.08968e+17	3.8621e+17	4.63452e+17	5.40693e+17	6.17935e+17	6.95177e+17	7.62957e+17	5.76154e+17	8.63775e+15	5.97312e+15	5.47693e+15	2.39672e+15	1.51642e+15	3.03284e+15	4.54927e+15	6.06569e+15	7.58211e+15	9.09853e+15	1.0615e+16	1.21314e+16	1.36478e+16	2.09202e+16	1.81611e+17	4.48521e+17	2.40428	2.30703	2.30703	2.30703	2.30703	2.30703	2.30703	2.30703	2.30703	2.30703	2.30703	2.30703	2.23094	2.3516	4.60783	
84101.5	6.86124e+17	2.78979e+17	1.22082e+17	7.72423e+16	1.54485e+17	2.31727e+17	3.08969e+17	3.86212e+17	4.63454e+17	5.40696e+17	6.17938e+17	6.95181e+17	7.62935e+17	5.77371e+17	8.64259e+15	5.97227e+15	5.47609e+15	2.39635e+15	1.51619e+15	3.03238e+15	4.54857e+15	6.06476e+15	7.58095e+15	9.09714e+15	1.06133e+16	1.21295e+16	1.36458e+16	2.09337e+16	1.80913e+17	4.48521e+17	2.40756	2.31047	2.31047	2.31047	2.31047	2.31047	2.31047	2.31047	2.31047	2.31047	2.31047	2.31047	2.23432	2.34767	4.60578	
84351.7	6.86125e+17	2.78981e+17	1.22083e+17	7.72427e+16	1.54485e+17	2.31728e+17	3.08971e+17	3.86213e+17	4.63456e+17	5.40699e+17	6.17941e+17	6.95184e+17	7.62914e+17	5.78562e+17	8.64748e+15	5.97143e+15	5.47526e+15	2.39599e+15	1.51596e+15	3.03193e+15	4.54789e+15	6.06385e+15	7.57981e+15	9.09578e+15	1.06117e+16	1.21277e+16	1.36437e+16	2.0947e+16	1.80229e+17	4.48521e+17	2.41079	2.31387	2.31387	2.31387	2.31387	2.31387	2.31387	2.31387	2.31387	2.31387	2.31387	2.31387	2.23765	2.34384	4.60372	
84602.2	6.86127e+17	2.78982e+17	1.22083e+17	7.72431e+16	1.54486e+17	2.31729e+17	3.08972e+17	3.86215e+17	4.63458e+17	5.40701e+17	6.17944e+17	6.95187e+17	7.62892e+17	5.79742e+17	8.65249e+15	5.97059e+15	5.47444e+15	2.39563e+15	1.51573e+15	3.03147e+15	4.5472e+15	6.06294e+15	7.57867e+15	9.09441e+15	1.06101e+16	1.21259e+16	1.36416e+16	2.09602e+16	1.79551e+17	4.48521e+17	2.41403	2.31727	2.31727	2.31727	2.31727	2.31727	2.31727	2.31727	2.31727	2.31727	2.31727	2.31727	2.24099	2.34009	4.60162	
84855.1	6.86129e+17	2.78983e+17	1.22084e+17	7.72434e+16	1.54487e+17	2.3173e+17	3.08974e+17	3.86217e+17	4.63461e+17	5.40704e+17	6.17947e+17	6.95191e+17	7.62871e+17	5.8092e+17	8.65765e+15	5.96975e+15	5.47361e+15	2.39527e+15	1.51551e+15	3.03101e+15	4.54652e+15	6.06202e+15	7.57753e+15	9.09303e+15	1.06085e+16	1.2124e+16	1.36396e+16	2.09737e+16	1.78873e+17	4.48522e+17	2.41729	2.3207	2.3207	2.3207	2.3207	2.3207	2.3207	2.3207	2.3207	2.3207	2.3207	2.3207	2.24435	2.33637	4.59946	
85105.3	6.8613e+17	2.78985e+17	1.22084e+17	7.72438e+16	1.54488e+17	2.31731e+17	3.08975e+17	3.86219e+17	4.63463e+17	5.40707e+17	6.1795e+17	6.95194e+17	7.62849e+17	5.82075e+17	8.66286e+15	5.96892e+15	5.4728e+15	2.39491e+15	1.51528e+15	3.03056e+15	4.54584e+15	6.06112e+15	7.57639e+15	9.09167e+15	1.0607e+16	1.21222e+16	1.36375e+16	2.09869e+16	1.78208e+17	4.48522e+17	2.42051	2.32408	2.32408	2.32408	2.32408	2.32408	2.32408	2.32408	2.32408	2.32408	2.32408	2.32408	2.24768	2.33275	4.59729	
85355.6	6.86132e+17	2.78986e+17	1.22085e+17	7.72442e+16	1.54488e+17	2.31733e+17	3.08977e+17	3.86221e+17	4.63465e+17	5.40709e+17	6.17953e+17	6.95198e+17	7.62828e+17	5.83217e+17	8.66818e+15	5.96809e+15	5.47198e+15	2.39455e+15	1.51505e+15	3.03011e+15	4.54516e+15	6.06021e+15	7.57527e+15	9.09032e+15	1.06054e+16	1.21204e+16	1.36355e+16	2.10002e+16	1.77551e+17	4.48522e+17	2.42372	2.32746	2.32746	2.32746	2.32746	2.32746	2.32746	2.32746	2.32746	2.32746	2.32746	2.32746	2.251	2.3292	4.59508	
85608.7	6.86133e+17	2.78987e+17	1.22086e+17	7.72445e+16	1.54489e+17	2.31734e+17	3.08978e+17	3.86223e+17	4.63467e+17	5.40712e+17	6.17956e+17	6.95201e+17	7.62806e+17	5.8436e+17	8.67368e+15	5.96725e+15	5.47116e+15	2.39419e+15	1.51483e+15	3.02965e+15	4.54448e+15	6.0593e+15	7.57413e+15	9.08895e+15	1.06038e+16	1.21186e+16	1.36335e+16	2.10135e+16	1.76892e+17	4.48522e+17	2.42697	2.33087	2.33087	2.33087	2.33087	2.33087	2.33087	2.33087	2.33087	2.33087	2.33087	2.33087	2.25435	2.32567	4.59281	
85859.1	6.86135e+17	2.78989e+17	1.22086e+17	7.72449e+16	1.5449e+17	2.31735e+17	3.0898e+17	3.86225e+17	4.63469e+17	5.40714e+17	6.17959e+17	6.95204e+17	7.62785e+17	5.85479e+17	8.67922e+15	5.96642e+15	5.47035e+15	2.39384e+15	1.5146e+15	3.0292e+15	4.5438e+15	6.0584e+15	7.573e+15	9.08761e+15	1.06022e+16	1.21168e+16	1.36314e+16	2.10268e+16	1.76247e+17	4.48522e+17	2.43018	2.33424	2.33424	2.33424	2.33424	2.33424	2.33424	2.33424	2.33424	2.33424	2.33424	2.33424	2.25766	2.32225	4.59053	
86109.1	6.86136e+17	2.7899e+17	1.22087e+17	7.72453e+16	1.54491e+17	2.31736e+17	3.08981e+17	3.86226e+17	4.63472e+17	5.40717e+17	6.17962e+17	6.95208e+17	7.62764e+17	5.86584e+17	8.68487e+15	5.9656e+15	5.46954e+15	2.39348e+15	1.51438e+15	3.02875e+15	4.54313e+15	6.05751e+15	7.57189e+15	9.08626e+15	1.06006e+16	1.2115e+16	1.36294e+16	2.10399e+16	1.7561e+17	4.48522e+17	2.43337	2.33761	2.33761	2.33761	2.33761	2.33761	2.33761	2.33761	2.33761	2.33761	2.33761	2.33761	2.26096	2.31889	4.58821	
86359.8	6.86138e+17	2.78991e+17	1.22087e+17	7.72457e+16	1.54491e+17	2.31737e+17	3.08983e+17	3.86228e+17	4.63474e+17	5.4072e+17	6.17965e+17	6.95211e+17	7.62742e+17	5.87681e+17	8.69065e+15	5.96478e+15	5.46873e+15	2.39313e+15	1.51415e+15	3.02831e+15	4.54246e+15	6.05662e+15	7.57077e+15	9.08492e+15	1.05991e+16	1.21132e+16	1.36274e+16	2.10531e+16	1.74977e+17	4.48523e+17	2.43657	2.34097	2.34097	2.34097	2.34097	2.34097	2.34097	2.34097	2.34097	2.34097	2.34097	2.34097	2.26427	2.31558	4.58586	
86609.9	6.8614e+17	2.78993e+17	1.22088e+17	7.7246e+16	1.54492e+17	2.31738e+17	3.08984e+17	3.8623e+17	4.63476e+17	5.40722e+17	6.17968e+17	6.95214e+17	7.62721e+17	5.88763e+17	8.69652e+15	5.96396e+15	5.46793e+15	2.39278e+15	1.51393e+15	3.02786e+15	4.54179e+15	6.05573e+15	7.56966e+15	9.08359e+15	1.05975e+16	1.21115e+16	1.36254e+16	2.10663e+16	1.74352e+17	4.48523e+17	2.43976	2.34432	2.34432	2.34432	2.34432	2.34432	2.34432	2.34432	2.34432	2.34432	2.34432	2.34432	2.26756	2.31234	4.58346	
86863	6.86141e+17	2.78994e+17	1.22088e+17	7.72464e+16	1.54493e+17	2.31739e+17	3.08986e+17	3.86232e+17	4.63478e+17	5.40725e+17	6.17971e+17	6.95217e+17	7.62699e+17	5.89847e+17	8.70259e+15	5.96314e+15	5.46712e+15	2.39243e+15	1.51371e+15	3.02741e+15	4.54112e+15	6.05483e+15	7.56854e+15	9.08224e+15	1.0596e+16	1.21097e+16	1.36234e+16	2.10796e+16	1.73726e+17	4.48523e+17	2.44299	2.34771	2.34771	2.34771	2.34771	2.34771	2.34771	2.34771	2.34771	2.34771	2.34771	2.34771	2.27089	2.30912	4.58101	
87113.2	6.86143e+17	2.78995e+17	1.22089e+17	7.72467e+16	1.54493e+17	2.3174e+17	3.08987e+17	3.86234e+17	4.6348e+17	5.40727e+17	6.17974e+17	6.95221e+17	7.62678e+17	5.90907e+17	8.7087e+15	5.96233e+15	5.46632e+15	2.39208e+15	1.51349e+15	3.02697e+15	4.54046e+15	6.05394e+15	7.56743e+15	9.08092e+15	1.05944e+16	1.21079e+16	1.36214e+16	2.10927e+16	1.73114e+17	4.48523e+17	2.44617	2.35105	2.35105	2.35105	2.35105	2.35105	2.35105	2.35105	2.35105	2.35105	2.35105	2.35105	2.27417	2.306	4.57854	
87363.9	6.86144e+17	2.78997e+17	1.2209e+17	7.72471e+16	1.54494e+17	2.31741e+17	3.08988e+17	3.86236e+17	4.63483e+17	5.4073e+17	6.17977e+17	6.95224e+17	7.62657e+17	5.91957e+17	8.71494e+15	5.96152e+15	5.46552e+15	2.39173e+15	1.51327e+15	3.02653e+15	4.5398e+15	6.05306e+15	7.56633e+15	9.07959e+15	1.05929e+16	1.21061e+16	1.36194e+16	2.11058e+16	1.72506e+17	4.48523e+17	2.44935	2.35439	2.35439	2.35439	2.35439	2.35439	2.35439	2.35439	2.35439	2.35439	2.35439	2.35439	2.27746	2.30292	4.57603	
87616.9	6.86146e+17	2.78998e+17	1.2209e+17	7.72475e+16	1.54495e+17	2.31742e+17	3.0899e+17	3.86237e+17	4.63485e+17	5.40732e+17	6.1798e+17	6.95227e+17	7.62636e+17	5.93006e+17	8.72137e+15	5.9607e+15	5.46472e+15	2.39138e+15	1.51304e+15	3.02609e+15	4.53913e+15	6.05217e+15	7.56521e+15	9.07826e+15	1.05913e+16	1.21043e+16	1.36174e+16	2.1119e+16	1.71899e+17	4.48523e+17	2.45255	2.35776	2.35776	2.35776	2.35776	2.35776	2.35776	2.35776	2.35776	2.35776	2.35776	2.35776	2.28077	2.29988	4.57346	
87867.4	6.86147e+17	2.78999e+17	1.22091e+17	7.72478e+16	1.54496e+17	2.31744e+17	3.08991e+17	3.86239e+17	4.63487e+17	5.40735e+17	6.17983e+17	6.95231e+17	7.62614e+17	5.94033e+17	8.72785e+15	5.95989e+15	5.46393e+15	2.39103e+15	1.51282e+15	3.02565e+15	4.53847e+15	6.05129e+15	7.56412e+15	9.07694e+15	1.05898e+16	1.21026e+16	1.36154e+16	2.11321e+16	1.71305e+17	4.48524e+17	2.45572	2.36109	2.36109	2.36109	2.36109	2.36109	2.36109	2.36109	2.36109	2.36109	2.36109	2.36109	2.28405	2.29692	4.57087	
88118.1	6.86149e+17	2.79001e+17	1.22091e+17	7.72482e+16	1.54496e+17	2.31745e+17	3.08993e+17	3.86241e+17	4.63489e+17	5.40737e+17	6.17986e+17	6.95234e+17	7.62593e+17	5.95051e+17	8.73445e+15	5.95909e+15	5.46314e+15	2.39068e+15	1.5126e+15	3.02521e+15	4.53781e+15	6.05042e+15	7.56302e+15	9.07563e+15	1.05882e+16	1.21008e+16	1.36134e+16	2.11451e+16	1.70716e+17	4.48524e+17	2.45889	2.36442	2.36442	2.36442	2.36442	2.36442	2.36442	2.36442	2.36442	2.36442	2.36442	2.36442	2.28732	2.294	4.56824	
88371	6.8615e+17	2.79002e+17	1.22092e+17	7.72486e+16	1.54497e+17	2.31746e+17	3.08994e+17	3.86243e+17	4.63491e+17	5.4074e+17	6.17988e+17	6.95237e+17	7.62572e+17	5.96066e+17	8.74125e+15	5.95828e+15	5.46234e+15	2.39033e+15	1.51238e+15	3.02477e+15	4.53715e+15	6.04954e+15	7.56192e+15	9.0743e+15	1.05867e+16	1.20991e+16	1.36115e+16	2.11583e+16	1.70128e+17	4.48524e+17	2.46208	2.36777	2.36777	2.36777	2.36777	2.36777	2.36777	2.36777	2.36777	2.36777	2.36777	2.36777	2.29062	2.29112	4.56555	
88621.6	6.86152e+17	2.79003e+17	1.22092e+17	7.72489e+16	1.54498e+17	2.31747e+17	3.08996e+17	3.86245e+17	4.63494e+17	5.40742e+17	6.17991e+17	6.9524e+17	7.62551e+17	5.97061e+17	8.7481e+15	5.95748e+15	5.46155e+15	2.38999e+15	1.51217e+15	3.02433e+15	4.5365e+15	6.04866e+15	7.56083e+15	9.073e+15	1.05852e+16	1.20973e+16	1.36095e+16	2.11713e+16	1.69551e+17	4.48524e+17	2.46524	2.37108	2.37108	2.37108	2.37108	2.37108	2.37108	2.37108	2.37108	2.37108	2.37108	2.37108	2.29388	2.28831	4.56285	
88871.9	6.86153e+17	2.79004e+17	1.22093e+17	7.72493e+16	1.54499e+17	2.31748e+17	3.08997e+17	3.86246e+17	4.63496e+17	5.40745e+17	6.17994e+17	6.95243e+17	7.6253e+17	5.98044e+17	8.75507e+15	5.95668e+15	5.46077e+15	2.38965e+15	1.51195e+15	3.0239e+15	4.53585e+15	6.0478e+15	7.55975e+15	9.0717e+15	1.05836e+16	1.20956e+16	1.36075e+16	2.11842e+16	1.68981e+17	4.48524e+17	2.46839	2.37439	2.37439	2.37439	2.37439	2.37439	2.37439	2.37439	2.37439	2.37439	2.37439	2.37439	2.29713	2.28556	4.56011	
89122.5	6.86155e+17	2.79006e+17	1.22094e+17	7.72496e+16	1.54499e+17	2.31749e+17	3.08999e+17	3.86248e+17	4.63498e+17	5.40747e+17	6.17997e+17	6.95247e+17	7.62509e+17	5.99018e+17	8.76218e+15	5.95588e+15	5.45999e+15	2.38931e+15	1.51173e+15	3.02347e+15	4.5352e+15	6.04693e+15	7.55866e+15	9.0704e+15	1.05821e+16	1.20939e+16	1.36056e+16	2.11972e+16	1.68416e+17	4.48525e+17	2.47153	2.37769	2.37769	2.37769	2.37769	2.37769	2.37769	2.37769	2.37769	2.37769	2.37769	2.37769	2.30038	2.28285	4.55733	
89372.7	6.86157e+17	2.79007e+17	1.22094e+17	7.725e+16	1.545e+17	2.3175e+17	3.09e+17	3.8625e+17	4.635e+17	5.4075e+17	6.18e+17	6.9525e+17	7.62488e+17	5.99979e+17	8.7694e+15	5.95509e+15	5.45921e+15	2.38896e+15	1.51152e+15	3.02303e+15	4.53455e+15	6.04607e+15	7.55759e+15	9.0691e+15	1.05806e+16	1.20921e+16	1.36037e+16	2.12101e+16	1.67858e+17	4.48525e+17	2.47467	2.38099	2.38099	2.38099	2.38099	2.38099	2.38099	2.38099	2.38099	2.38099	2.38099	2.38099	2.30363	2.2802	4.55451	
89622.7	6.86158e+17	2.79008e+17	1.22095e+17	7.72503e+16	1.54501e+17	2.31751e+17	3.09001e+17	3.86252e+17	4.63502e+17	5.40752e+17	6.18003e+17	6.95253e+17	7.62467e+17	6.0093e+17	8.77675e+15	5.9543e+15	5.45844e+15	2.38863e+15	1.5113e+15	3.02261e+15	4.53391e+15	6.04521e+15	7.55651e+15	9.06782e+15	1.05791e+16	1.20904e+16	1.36017e+16	2.1223e+16	1.67306e+17	4.48525e+17	2.4778	2.38427	2.38427	2.38427	2.38427	2.38427	2.38427	2.38427	2.38427	2.38427	2.38427	2.38427	2.30686	2.27759	4.55165	
89872.7	6.8616e+17	2.7901e+17	1.22095e+17	7.72507e+16	1.54501e+17	2.31752e+17	3.09003e+17	3.86253e+17	4.63504e+17	5.40755e+17	6.18006e+17	6.95256e+17	7.62447e+17	6.01871e+17	8.78423e+15	5.95352e+15	5.45766e+15	2.38829e+15	1.51109e+15	3.02218e+15	4.53327e+15	6.04435e+15	7.55544e+15	9.06653e+15	1.05776e+16	1.20887e+16	1.35998e+16	2.12358e+16	1.6676e+17	4.48525e+17	2.48092	2.38755	2.38755	2.38755	2.38755	2.38755	2.38755	2.38755	2.38755	2.38755	2.38755	2.38755	2.31009	2.27503	4.54875	
90123.2	6.86161e+17	2.79011e+17	1.22096e+17	7.7251e+16	1.54502e+17	2.31753e+17	3.09004e+17	3.86255e+17	4.63506e+17	5.40757e+17	6.18008e+17	6.95259e+17	7.62426e+17	6.02803e+17	8.79185e+15	5.95273e+15	5.45689e+15	2.38795e+15	1.51087e+15	3.02175e+15	4.53262e+15	6.0435e+15	7.55437e+15	9.06525e+15	1.05761e+16	1.2087e+16	1.35979e+16	2.12487e+16	1.66218e+17	4.48525e+17	2.48405	2.39084	2.39084	2.39084	2.39084	2.39084	2.39084	2.39084	2.39084	2.39084	2.39084	2.39084	2.31333	2.27251	4.54581	
90374	6.86163e+17	2.79012e+17	1.22096e+17	7.72514e+16	1.54503e+17	2.31754e+17	3.09006e+17	3.86257e+17	4.63508e+17	5.4076e+17	6.18011e+17	6.95263e+17	7.62405e+17	6.03726e+17	8.79962e+15	5.95195e+15	5.45612e+15	2.38761e+15	1.51066e+15	3.02132e+15	4.53198e+15	6.04265e+15	7.55331e+15	9.06397e+15	1.05746e+16	1.20853e+16	1.3596e+16	2.12616e+16	1.65681e+17	4.48526e+17	2.48717	2.39412	2.39412	2.39412	2.39412	2.39412	2.39412	2.39412	2.39412	2.39412	2.39412	2.39412	2.31656	2.27003	4.54283	
90627.1	6.86164e+17	2.79013e+17	1.22097e+17	7.72517e+16	1.54503e+17	2.31755e+17	3.09007e+17	3.86259e+17	4.6351e+17	5.40762e+17	6.18014e+17	6.95266e+17	7.62384e+17	6.04648e+17	8.8076e+15	5.95116e+15	5.45534e+15	2.38727e+15	1.51045e+15	3.02089e+15	4.53134e+15	6.04179e+15	7.55223e+15	9.06268e+15	1.05731e+16	1.20836e+16	1.3594e+16	2.12745e+16	1.65145e+17	4.48526e+17	2.49032	2.39742	2.39742	2.39742	2.39742	2.39742	2.39742	2.39742	2.39742	2.39742	2.39742	2.39742	2.31981	2.26758	4.53977	
90877.7	6.86166e+17	2.79015e+17	1.22098e+17	7.72521e+16	1.54504e+17	2.31756e+17	3.09008e+17	3.8626e+17	4.63513e+17	5.40765e+17	6.18017e+17	6.95269e+17	7.62363e+17	6.05551e+17	8.81563e+15	5.95038e+15	5.45458e+15	2.38694e+15	1.51023e+15	3.02047e+15	4.5307e+15	6.04094e+15	7.55117e+15	9.06141e+15	1.05716e+16	1.20819e+16	1.35921e+16	2.12873e+16	1.6462e+17	4.48526e+17	2.49344	2.40069	2.40069	2.40069	2.40069	2.40069	2.40069	2.40069	2.40069	2.40069	2.40069	2.40069	2.32303	2.26519	4.53671	
91128.2	6.86167e+17	2.79016e+17	1.22098e+17	7.72524e+16	1.54505e+17	2.31757e+17	3.0901e+17	3.86262e+17	4.63515e+17	5.40767e+17	6.1802e+17	6.95272e+17	7.62343e+17	6.06444e+17	8.8238e+15	5.9496e+15	5.45381e+15	2.3866e+15	1.51002e+15	3.02005e+15	4.53007e+15	6.04009e+15	7.55011e+15	9.06014e+15	1.05702e+16	1.20802e+16	1.35902e+16	2.13001e+16	1.641e+17	4.48526e+17	2.49655	2.40395	2.40395	2.40395	2.40395	2.40395	2.40395	2.40395	2.40395	2.40395	2.40395	2.40395	2.32625	2.26284	4.5336	
91378.4	6.86169e+17	2.79017e+17	1.22099e+17	7.72528e+16	1.54506e+17	2.31758e+17	3.09011e+17	3.86264e+17	4.63517e+17	5.4077e+17	6.18022e+17	6.95275e+17	7.62322e+17	6.07326e+17	8.8321e+15	5.94883e+15	5.45305e+15	2.38627e+15	1.50981e+15	3.01962e+15	4.52944e+15	6.03925e+15	7.54906e+15	9.05887e+15	1.05687e+16	1.20785e+16	1.35883e+16	2.13128e+16	1.63586e+17	4.48526e+17	2.49965	2.40721	2.40721	2.40721	2.40721	2.40721	2.40721	2.40721	2.40721	2.40721	2.40721	2.40721	2.32945	2.26054	4.53046	
91628.5	6.8617e+17	2.79018e+17	1.22099e+17	7.72531e+16	1.54506e+17	2.31759e+17	3.09013e+17	3.86266e+17	4.63519e+17	5.40772e+17	6.18025e+17	6.95278e+17	7.62301e+17	6.08198e+17	8.84053e+15	5.94805e+15	5.45229e+15	2.38594e+15	1.5096e+15	3.01921e+15	4.52881e+15	6.03841e+15	7.54801e+15	9.05762e+15	1.05672e+16	1.20768e+16	1.35864e+16	2.13255e+16	1.63078e+17	4.48527e+17	2.50274	2.41045	2.41045	2.41045	2.41045	2.41045	2.41045	2.41045	2.41045	2.41045	2.41045	2.41045	2.33265	2.25828	4.52728	
91879.3	6.86171e+17	2.7902e+17	1.221e+17	7.72535e+16	1.54507e+17	2.3176e+17	3.09014e+17	3.86267e+17	4.63521e+17	5.40774e+17	6.18028e+17	6.95281e+17	7.62281e+17	6.09063e+17	8.84913e+15	5.94728e+15	5.45154e+15	2.38561e+15	1.50939e+15	3.01879e+15	4.52818e+15	6.03757e+15	7.54696e+15	9.05636e+15	1.05657e+16	1.20751e+16	1.35845e+16	2.13382e+16	1.62574e+17	4.48527e+17	2.50583	2.4137	2.4137	2.4137	2.4137	2.4137	2.4137	2.4137	2.4137	2.4137	2.4137	2.4137	2.33585	2.25605	4.52405	
92129.7	6.86173e+17	2.79021e+17	1.221e+17	7.72538e+16	1.54508e+17	2.31761e+17	3.09015e+17	3.86269e+17	4.63523e+17	5.40777e+17	6.18031e+17	6.95284e+17	7.6226e+17	6.09918e+17	8.85786e+15	5.94651e+15	5.45078e+15	2.38528e+15	1.50918e+15	3.01837e+15	4.52755e+15	6.03674e+15	7.54592e+15	9.0551e+15	1.05643e+16	1.20735e+16	1.35827e+16	2.13509e+16	1.62076e+17	4.48527e+17	2.50892	2.41694	2.41694	2.41694	2.41694	2.41694	2.41694	2.41694	2.41694	2.41694	2.41694	2.41694	2.33905	2.25386	4.52078	
92380.4	6.86174e+17	2.79022e+17	1.22101e+17	7.72542e+16	1.54508e+17	2.31762e+17	3.09017e+17	3.86271e+17	4.63525e+17	5.40779e+17	6.18033e+17	6.95287e+17	7.6224e+17	6.10764e+17	8.86674e+15	5.94575e+15	5.45003e+15	2.38495e+15	1.50898e+15	3.01795e+15	4.52693e+15	6.0359e+15	7.54488e+15	9.05385e+15	1.05628e+16	1.20718e+16	1.35808e+16	2.13636e+16	1.61582e+17	4.48527e+17	2.51201	2.42018	2.42018	2.42018	2.42018	2.42018	2.42018	2.42018	2.42018	2.42018	2.42018	2.42018	2.34224	2.25171	4.51747	
92630.8	6.86176e+17	2.79023e+17	1.22101e+17	7.72545e+16	1.54509e+17	2.31764e+17	3.09018e+17	3.86273e+17	4.63527e+17	5.40782e+17	6.18036e+17	6.95291e+17	7.62219e+17	6.11601e+17	8.87575e+15	5.94498e+15	5.44928e+15	2.38462e+15	1.50877e+15	3.01754e+15	4.5263e+15	6.03507e+15	7.54384e+15	9.05261e+15	1.05614e+16	1.20701e+16	1.35789e+16	2.13762e+16	1.61094e+17	4.48528e+17	2.51509	2.42341	2.42341	2.42341	2.42341	2.42341	2.42341	2.42341	2.42341	2.42341	2.42341	2.42341	2.34542	2.2496	4.51412	
92880.9	6.86177e+17	2.79025e+17	1.22102e+17	7.72548e+16	1.5451e+17	2.31765e+17	3.09019e+17	3.86274e+17	4.63529e+17	5.40784e+17	6.18039e+17	6.95294e+17	7.62199e+17	6.12427e+17	8.88491e+15	5.94422e+15	5.44853e+15	2.38429e+15	1.50856e+15	3.01712e+15	4.52568e+15	6.03424e+15	7.5428e+15	9.05136e+15	1.05599e+16	1.20685e+16	1.3577e+16	2.13888e+16	1.60611e+17	4.48528e+17	2.51816	2.42664	2.42664	2.42664	2.42664	2.42664	2.42664	2.42664	2.42664	2.42664	2.42664	2.42664	2.3486	2.24753	4.51073	
93131.1	6.86179e+17	2.79026e+17	1.22102e+17	7.72552e+16	1.5451e+17	2.31766e+17	3.09021e+17	3.86276e+17	4.63531e+17	5.40786e+17	6.18042e+17	6.95297e+17	7.62179e+17	6.13245e+17	8.89421e+15	5.94346e+15	5.44779e+15	2.38397e+15	1.50835e+15	3.01671e+15	4.52506e+15	6.03342e+15	7.54177e+15	9.05013e+15	1.05585e+16	1.20668e+16	1.35752e+16	2.14014e+16	1.60134e+17	4.48528e+17	2.52123	2.42985	2.42985	2.42985	2.42985	2.42985	2.42985	2.42985	2.42985	2.42985	2.42985	2.42985	2.35177	2.2455	4.5073	
93381.7	6.8618e+17	2.79027e+17	1.22103e+17	7.72555e+16	1.54511e+17	2.31767e+17	3.09022e+17	3.86278e+17	4.63533e+17	5.40789e+17	6.18044e+17	6.953e+17	7.62158e+17	6.14056e+17	8.90367e+15	5.94271e+15	5.44704e+15	2.38364e+15	1.50815e+15	3.0163e+15	4.52444e+15	6.03259e+15	7.54074e+15	9.04889e+15	1.0557e+16	1.20652e+16	1.35733e+16	2.1414e+16	1.5966e+17	4.48528e+17	2.52429	2.43307	2.43307	2.43307	2.43307	2.43307	2.43307	2.43307	2.43307	2.43307	2.43307	2.43307	2.35495	2.24349	4.50382	
93632.6	6.86182e+17	2.79028e+17	1.22103e+17	7.72559e+16	1.54512e+17	2.31768e+17	3.09023e+17	3.86279e+17	4.63535e+17	5.40791e+17	6.18047e+17	6.95303e+17	7.62138e+17	6.14859e+17	8.9133e+15	5.94195e+15	5.4463e+15	2.38331e+15	1.50794e+15	3.01589e+15	4.52383e+15	6.03177e+15	7.53971e+15	9.04766e+15	1.05556e+16	1.20635e+16	1.35715e+16	2.14266e+16	1.59191e+17	4.48529e+17	2.52736	2.43629	2.43629	2.43629	2.43629	2.43629	2.43629	2.43629	2.43629	2.43629	2.43629	2.43629	2.35812	2.24152	4.50029	
93882.7	6.86183e+17	2.79029e+17	1.22104e+17	7.72562e+16	1.54512e+17	2.31769e+17	3.09025e+17	3.86281e+17	4.63537e+17	5.40793e+17	6.1805e+17	6.95306e+17	7.62117e+17	6.15651e+17	8.92305e+15	5.9412e+15	5.44556e+15	2.38299e+15	1.50774e+15	3.01548e+15	4.52321e+15	6.03095e+15	7.53869e+15	9.04643e+15	1.05542e+16	1.20619e+16	1.35696e+16	2.14391e+16	1.58728e+17	4.48529e+17	2.53041	2.43949	2.43949	2.43949	2.43949	2.43949	2.43949	2.43949	2.43949	2.43949	2.43949	2.43949	2.36128	2.23959	4.49674	
94132.9	6.86185e+17	2.79031e+17	1.22105e+17	7.72565e+16	1.54513e+17	2.3177e+17	3.09026e+17	3.86283e+17	4.63539e+17	5.40796e+17	6.18052e+17	6.95309e+17	7.62097e+17	6.16435e+17	8.93295e+15	5.94045e+15	5.44482e+15	2.38267e+15	1.50753e+15	3.01507e+15	4.5226e+15	6.03014e+15	7.53767e+15	9.0452e+15	1.05527e+16	1.20603e+16	1.35678e+16	2.14516e+16	1.5827e+17	4.48529e+17	2.53346	2.44269	2.44269	2.44269	2.44269	2.44269	2.44269	2.44269	2.44269	2.44269	2.44269	2.44269	2.36443	2.23769	4.49314	
94383.6	6.86186e+17	2.79032e+17	1.22105e+17	7.72569e+16	1.54514e+17	2.31771e+17	3.09027e+17	3.86284e+17	4.63541e+17	5.40798e+17	6.18055e+17	6.95312e+17	7.62077e+17	6.17212e+17	8.94303e+15	5.9397e+15	5.44409e+15	2.38235e+15	1.50733e+15	3.01466e+15	4.52199e+15	6.02932e+15	7.53665e+15	9.04398e+15	1.05513e+16	1.20586e+16	1.3566e+16	2.14641e+16	1.57815e+17	4.48529e+17	2.53651	2.44589	2.44589	2.44589	2.44589	2.44589	2.44589	2.44589	2.44589	2.44589	2.44589	2.44589	2.36759	2.23581	4.4895	
94634.7	6.86187e+17	2.79033e+17	1.22106e+17	7.72572e+16	1.54514e+17	2.31772e+17	3.09029e+17	3.86286e+17	4.63543e+17	5.408e+17	6.18058e+17	6.95315e+17	7.62057e+17	6.17982e+17	8.95327e+15	5.93895e+15	5.44335e+15	2.38203e+15	1.50713e+15	3.01425e+15	4.52138e+15	6.02851e+15	7.53563e+15	9.04276e+15	1.05499e+16	1.2057e+16	1.35641e+16	2.14766e+16	1.57365e+17	4.4853e+17	2.53956	2.44908	2.44908	2.44908	2.44908	2.44908	2.44908	2.44908	2.44908	2.44908	2.44908	2.44908	2.37074	2.23397	4.4858	
94884.7	6.86189e+17	2.79034e+17	1.22106e+17	7.72575e+16	1.54515e+17	2.31773e+17	3.0903e+17	3.86288e+17	4.63545e+17	5.40803e+17	6.1806e+17	6.95318e+17	7.62037e+17	6.1874e+17	8.96363e+15	5.93821e+15	5.44262e+15	2.38171e+15	1.50692e+15	3.01385e+15	4.52077e+15	6.0277e+15	7.53462e+15	9.04155e+15	1.05485e+16	1.20554e+16	1.35623e+16	2.14891e+16	1.56921e+17	4.4853e+17	2.54259	2.45226	2.45226	2.45226	2.45226	2.45226	2.45226	2.45226	2.45226	2.45226	2.45226	2.45226	2.37388	2.23217	4.48208	
95135.5	6.8619e+17	2.79035e+17	1.22107e+17	7.72579e+16	1.54516e+17	2.31774e+17	3.09031e+17	3.86289e+17	4.63547e+17	5.40805e+17	6.18063e+17	6.95321e+17	7.62016e+17	6.19494e+17	8.97418e+15	5.93746e+15	5.44189e+15	2.38139e+15	1.50672e+15	3.01345e+15	4.52017e+15	6.02689e+15	7.53361e+15	9.04034e+15	1.05471e+16	1.20538e+16	1.35605e+16	2.15015e+16	1.5648e+17	4.4853e+17	2.54563	2.45545	2.45545	2.45545	2.45545	2.45545	2.45545	2.45545	2.45545	2.45545	2.45545	2.45545	2.37702	2.23039	4.47831	
95385.7	6.86192e+17	2.79037e+17	1.22107e+17	7.72582e+16	1.54516e+17	2.31775e+17	3.09033e+17	3.86291e+17	4.63549e+17	5.40807e+17	6.18066e+17	6.95324e+17	7.61996e+17	6.20237e+17	8.98486e+15	5.93672e+15	5.44117e+15	2.38107e+15	1.50652e+15	3.01304e+15	4.51956e+15	6.02609e+15	7.53261e+15	9.03913e+15	1.05457e+16	1.20522e+16	1.35587e+16	2.15139e+16	1.56044e+17	4.48531e+17	2.54866	2.45862	2.45862	2.45862	2.45862	2.45862	2.45862	2.45862	2.45862	2.45862	2.45862	2.45862	2.38015	2.22865	4.4745	
95636.4	6.86193e+17	2.79038e+17	1.22108e+17	7.72585e+16	1.54517e+17	2.31776e+17	3.09034e+17	3.86293e+17	4.63551e+17	5.4081e+17	6.18068e+17	6.95327e+17	7.61976e+17	6.20974e+17	8.99573e+15	5.93598e+15	5.44044e+15	2.38075e+15	1.50632e+15	3.01264e+15	4.51896e+15	6.02528e+15	7.5316e+15	9.03792e+15	1.05442e+16	1.20506e+16	1.35569e+16	2.15264e+16	1.55613e+17	4.48531e+17	2.55169	2.4618	2.4618	2.4618	2.4618	2.4618	2.4618	2.4618	2.4618	2.4618	2.4618	2.4618	2.38328	2.22693	4.47065	
95886.8	6.86194e+17	2.79039e+17	1.22108e+17	7.72589e+16	1.54518e+17	2.31777e+17	3.09035e+17	3.86294e+17	4.63553e+17	5.40812e+17	6.18071e+17	6.9533e+17	7.61956e+17	6.21703e+17	9.00674e+15	5.93525e+15	5.43972e+15	2.38043e+15	1.50612e+15	3.01224e+15	4.51836e+15	6.02448e+15	7.5306e+15	9.03672e+15	1.05428e+16	1.2049e+16	1.35551e+16	2.15387e+16	1.55186e+17	4.48531e+17	2.55471	2.46496	2.46496	2.46496	2.46496	2.46496	2.46496	2.46496	2.46496	2.46496	2.46496	2.46496	2.38641	2.22524	4.46675	
96137.8	6.86196e+17	2.7904e+17	1.22109e+17	7.72592e+16	1.54518e+17	2.31778e+17	3.09037e+17	3.86296e+17	4.63555e+17	5.40814e+17	6.18074e+17	6.95333e+17	7.61936e+17	6.22425e+17	9.01794e+15	5.93451e+15	5.439e+15	2.38012e+15	1.50592e+15	3.01184e+15	4.51776e+15	6.02368e+15	7.5296e+15	9.03552e+15	1.05414e+16	1.20474e+16	1.35533e+16	2.15511e+16	1.54762e+17	4.48531e+17	2.55773	2.46813	2.46813	2.46813	2.46813	2.46813	2.46813	2.46813	2.46813	2.46813	2.46813	2.46813	2.38953	2.22358	4.46281	
96388	6.86197e+17	2.79041e+17	1.22109e+17	7.72595e+16	1.54519e+17	2.31779e+17	3.09038e+17	3.86298e+17	4.63557e+17	5.40817e+17	6.18076e+17	6.95336e+17	7.61916e+17	6.23138e+17	9.02928e+15	5.93378e+15	5.43828e+15	2.3798e+15	1.50572e+15	3.01144e+15	4.51717e+15	6.02289e+15	7.52861e+15	9.03433e+15	1.05401e+16	1.20458e+16	1.35515e+16	2.15635e+16	1.54344e+17	4.48532e+17	2.56074	2.47129	2.47129	2.47129	2.47129	2.47129	2.47129	2.47129	2.47129	2.47129	2.47129	2.47129	2.39265	2.22195	4.45884	
96638.4	6.86199e+17	2.79043e+17	1.2211e+17	7.72598e+16	1.5452e+17	2.3178e+17	3.09039e+17	3.86299e+17	4.63559e+17	5.40819e+17	6.18079e+17	6.95339e+17	7.61896e+17	6.23844e+17	9.04077e+15	5.93305e+15	5.43756e+15	2.37949e+15	1.50552e+15	3.01105e+15	4.51657e+15	6.02209e+15	7.52762e+15	9.03314e+15	1.05387e+16	1.20442e+16	1.35497e+16	2.15758e+16	1.5393e+17	4.48532e+17	2.56374	2.47444	2.47444	2.47444	2.47444	2.47444	2.47444	2.47444	2.47444	2.47444	2.47444	2.47444	2.39576	2.22035	4.45482	
96889.1	6.862e+17	2.79044e+17	1.2211e+17	7.72602e+16	1.5452e+17	2.31781e+17	3.09041e+17	3.86301e+17	4.63561e+17	5.40821e+17	6.18081e+17	6.95342e+17	7.61876e+17	6.24544e+17	9.05246e+15	5.93232e+15	5.43685e+15	2.37918e+15	1.50533e+15	3.01065e+15	4.51598e+15	6.0213e+15	7.52663e+15	9.03195e+15	1.05373e+16	1.20426e+16	1.35479e+16	2.15882e+16	1.53519e+17	4.48532e+17	2.56675	2.47759	2.47759	2.47759	2.47759	2.47759	2.47759	2.47759	2.47759	2.47759	2.47759	2.47759	2.39887	2.21877	4.45075	
97140.1	6.86201e+17	2.79045e+17	1.22111e+17	7.72605e+16	1.54521e+17	2.31781e+17	3.09042e+17	3.86302e+17	4.63563e+17	5.40823e+17	6.18084e+17	6.95344e+17	7.61856e+17	6.25237e+17	9.06433e+15	5.9316e+15	5.43613e+15	2.37887e+15	1.50513e+15	3.01026e+15	4.51538e+15	6.02051e+15	7.52564e+15	9.03077e+15	1.05359e+16	1.2041e+16	1.35461e+16	2.16005e+16	1.53112e+17	4.48533e+17	2.56976	2.48074	2.48074	2.48074	2.48074	2.48074	2.48074	2.48074	2.48074	2.48074	2.48074	2.48074	2.40198	2.21721	4.44664	
97390.3	6.86203e+17	2.79046e+17	1.22111e+17	7.72608e+16	1.54522e+17	2.31782e+17	3.09043e+17	3.86304e+17	4.63565e+17	5.40826e+17	6.18087e+17	6.95347e+17	7.61836e+17	6.25921e+17	9.07632e+15	5.93087e+15	5.43542e+15	2.37855e+15	1.50493e+15	3.00986e+15	4.51479e+15	6.01972e+15	7.52466e+15	9.02959e+15	1.05345e+16	1.20394e+16	1.35444e+16	2.16128e+16	1.5271e+17	4.48533e+17	2.57275	2.48387	2.48387	2.48387	2.48387	2.48387	2.48387	2.48387	2.48387	2.48387	2.48387	2.48387	2.40507	2.21569	4.4425	
97640.7	6.86204e+17	2.79047e+17	1.22112e+17	7.72611e+16	1.54522e+17	2.31783e+17	3.09045e+17	3.86306e+17	4.63567e+17	5.40828e+17	6.18089e+17	6.9535e+17	7.61816e+17	6.26599e+17	9.08849e+15	5.93015e+15	5.43471e+15	2.37825e+15	1.50474e+15	3.00947e+15	4.51421e+15	6.01894e+15	7.52368e+15	9.02841e+15	1.05331e+16	1.20379e+16	1.35426e+16	2.16251e+16	1.52313e+17	4.48533e+17	2.57574	2.487	2.487	2.487	2.487	2.487	2.487	2.487	2.487	2.487	2.487	2.487	2.40816	2.21419	4.43832	
97891.5	6.86206e+17	2.79048e+17	1.22112e+17	7.72615e+16	1.54523e+17	2.31784e+17	3.09046e+17	3.86307e+17	4.63569e+17	5.4083e+17	6.18092e+17	6.95353e+17	7.61796e+17	6.27271e+17	9.10086e+15	5.92943e+15	5.43401e+15	2.37794e+15	1.50454e+15	3.00908e+15	4.51362e+15	6.01816e+15	7.5227e+15	9.02724e+15	1.05318e+16	1.20363e+16	1.35409e+16	2.16374e+16	1.51918e+17	4.48534e+17	2.57873	2.49014	2.49014	2.49014	2.49014	2.49014	2.49014	2.49014	2.49014	2.49014	2.49014	2.49014	2.41125	2.21271	4.43408	
98142.7	6.86207e+17	2.7905e+17	1.22113e+17	7.72618e+16	1.54524e+17	2.31785e+17	3.09047e+17	3.86309e+17	4.63571e+17	5.40832e+17	6.18094e+17	6.95356e+17	7.61776e+17	6.27936e+17	9.11341e+15	5.92871e+15	5.4333e+15	2.37763e+15	1.50434e+15	3.00869e+15	4.51303e+15	6.01737e+15	7.52172e+15	9.02606e+15	1.05304e+16	1.20347e+16	1.35391e+16	2.16497e+16	1.51527e+17	4.48534e+17	2.58172	2.49327	2.49327	2.49327	2.49327	2.49327	2.49327	2.49327	2.49327	2.49327	2.49327	2.49327	2.41435	2.21126	4.4298	
98393.2	6.86208e+17	2.79051e+17	1.22113e+17	7.72621e+16	1.54524e+17	2.31786e+17	3.09048e+17	3.86311e+17	4.63573e+17	5.40835e+17	6.18097e+17	6.95359e+17	7.61756e+17	6.28594e+17	9.12611e+15	5.92799e+15	5.4326e+15	2.37732e+15	1.50415e+15	3.0083e+15	4.51245e+15	6.0166e+15	7.52075e+15	9.0249e+15	1.0529e+16	1.20332e+16	1.35373e+16	2.16619e+16	1.5114e+17	4.48534e+17	2.5847	2.49639	2.49639	2.49639	2.49639	2.49639	2.49639	2.49639	2.49639	2.49639	2.49639	2.49639	2.41742	2.20983	4.42549	
98646.9	6.8621e+17	2.79052e+17	1.22114e+17	7.72624e+16	1.54525e+17	2.31787e+17	3.0905e+17	3.86312e+17	4.63575e+17	5.40837e+17	6.18099e+17	6.95362e+17	7.61736e+17	6.29253e+17	9.13915e+15	5.92727e+15	5.43189e+15	2.37701e+15	1.50395e+15	3.00791e+15	4.51186e+15	6.01581e+15	7.51976e+15	9.02372e+15	1.05277e+16	1.20316e+16	1.35356e+16	2.16743e+16	1.50753e+17	4.48535e+17	2.58771	2.49954	2.49954	2.49954	2.49954	2.49954	2.49954	2.49954	2.49954	2.49954	2.49954	2.49954	2.42054	2.20841	4.42108	
98897.8	6.86211e+17	2.79053e+17	1.22114e+17	7.72627e+16	1.54525e+17	2.31788e+17	3.09051e+17	3.86314e+17	4.63576e+17	5.40839e+17	6.18102e+17	6.95365e+17	7.61716e+17	6.29898e+17	9.15222e+15	5.92656e+15	5.43119e+15	2.3767e+15	1.50376e+15	3.00752e+15	4.51128e+15	6.01504e+15	7.5188e+15	9.02255e+15	1.05263e+16	1.20301e+16	1.35338e+16	2.16866e+16	1.50373e+17	4.48535e+17	2.59068	2.50266	2.50266	2.50266	2.50266	2.50266	2.50266	2.50266	2.50266	2.50266	2.50266	2.50266	2.42361	2.20702	4.41668	
99148.3	6.86212e+17	2.79054e+17	1.22115e+17	7.72631e+16	1.54526e+17	2.31789e+17	3.09052e+17	3.86315e+17	4.63578e+17	5.40841e+17	6.18105e+17	6.95368e+17	7.61697e+17	6.30536e+17	9.16544e+15	5.92585e+15	5.43049e+15	2.3764e+15	1.50357e+15	3.00713e+15	4.5107e+15	6.01427e+15	7.51783e+15	9.0214e+15	1.0525e+16	1.20285e+16	1.35321e+16	2.16988e+16	1.49998e+17	4.48535e+17	2.59365	2.50576	2.50576	2.50576	2.50576	2.50576	2.50576	2.50576	2.50576	2.50576	2.50576	2.50576	2.42668	2.20566	4.41224	
99399.4	6.86214e+17	2.79055e+17	1.22115e+17	7.72634e+16	1.54527e+17	2.3179e+17	3.09054e+17	3.86317e+17	4.6358e+17	5.40844e+17	6.18107e+17	6.9537e+17	7.61677e+17	6.31169e+17	9.17888e+15	5.92514e+15	5.4298e+15	2.37609e+15	1.50337e+15	3.00675e+15	4.51012e+15	6.01349e+15	7.51687e+15	9.02024e+15	1.05236e+16	1.2027e+16	1.35304e+16	2.1711e+16	1.49625e+17	4.48536e+17	2.59661	2.50887	2.50887	2.50887	2.50887	2.50887	2.50887	2.50887	2.50887	2.50887	2.50887	2.50887	2.42975	2.20432	4.40776	
99649.8	6.86215e+17	2.79057e+17	1.22116e+17	7.72637e+16	1.54527e+17	2.31791e+17	3.09055e+17	3.86318e+17	4.63582e+17	5.40846e+17	6.1811e+17	6.95373e+17	7.61657e+17	6.31794e+17	9.19245e+15	5.92443e+15	5.4291e+15	2.37579e+15	1.50318e+15	3.00636e+15	4.50955e+15	6.01273e+15	7.51591e+15	9.01909e+15	1.05223e+16	1.20255e+16	1.35286e+16	2.17232e+16	1.49258e+17	4.48536e+17	2.59957	2.51197	2.51197	2.51197	2.51197	2.51197	2.51197	2.51197	2.51197	2.51197	2.51197	2.51197	2.4328	2.20301	4.40324	
99900.2	6.86217e+17	2.79058e+17	1.22116e+17	7.7264e+16	1.54528e+17	2.31792e+17	3.09056e+17	3.8632e+17	4.63584e+17	5.40848e+17	6.18112e+17	6.95376e+17	7.61637e+17	6.32413e+17	9.20621e+15	5.92373e+15	5.42841e+15	2.37549e+15	1.50299e+15	3.00598e+15	4.50897e+15	6.01196e+15	7.51495e+15	9.01794e+15	1.05209e+16	1.20239e+16	1.35269e+16	2.17354e+16	1.48893e+17	4.48536e+17	2.60252	2.51506	2.51506	2.51506	2.51506	2.51506	2.51506	2.51506	2.51506	2.51506	2.51506	2.51506	2.43585	2.20171	4.39869	
100151	6.86218e+17	2.79059e+17	1.22117e+17	7.72643e+16	1.54529e+17	2.31793e+17	3.09057e+17	3.86322e+17	4.63586e+17	5.4085e+17	6.18115e+17	6.95379e+17	7.61617e+17	6.33026e+17	9.22017e+15	5.92303e+15	5.42773e+15	2.37519e+15	1.5028e+15	3.0056e+15	4.5084e+15	6.0112e+15	7.514e+15	9.0168e+15	1.05196e+16	1.20224e+16	1.35252e+16	2.17476e+16	1.48532e+17	4.48537e+17	2.60547	2.51815	2.51815	2.51815	2.51815	2.51815	2.51815	2.51815	2.51815	2.51815	2.51815	2.51815	2.4389	2.20044	4.39408	
100402	6.86219e+17	2.7906e+17	1.22117e+17	7.72646e+16	1.54529e+17	2.31794e+17	3.09059e+17	3.86323e+17	4.63588e+17	5.40852e+17	6.18117e+17	6.95382e+17	7.61598e+17	6.33635e+17	9.23434e+15	5.92233e+15	5.42704e+15	2.37489e+15	1.50261e+15	3.00522e+15	4.50783e+15	6.01044e+15	7.51305e+15	9.01566e+15	1.05183e+16	1.20209e+16	1.35235e+16	2.17598e+16	1.48173e+17	4.48537e+17	2.60842	2.52124	2.52124	2.52124	2.52124	2.52124	2.52124	2.52124	2.52124	2.52124	2.52124	2.52124	2.44196	2.19918	4.38943	
100652	6.86221e+17	2.79061e+17	1.22118e+17	7.72649e+16	1.5453e+17	2.31795e+17	3.0906e+17	3.86325e+17	4.6359e+17	5.40855e+17	6.1812e+17	6.95385e+17	7.61578e+17	6.34236e+17	9.24864e+15	5.92163e+15	5.42635e+15	2.37459e+15	1.50242e+15	3.00484e+15	4.50726e+15	6.00968e+15	7.5121e+15	9.01452e+15	1.05169e+16	1.20194e+16	1.35218e+16	2.1772e+16	1.47819e+17	4.48537e+17	2.61136	2.52431	2.52431	2.52431	2.52431	2.52431	2.52431	2.52431	2.52431	2.52431	2.52431	2.52431	2.44499	2.19795	4.38476	
100903	6.86222e+17	2.79062e+17	1.22118e+17	7.72653e+16	1.54531e+17	2.31796e+17	3.09061e+17	3.86326e+17	4.63592e+17	5.40857e+17	6.18122e+17	6.95387e+17	7.61558e+17	6.34831e+17	9.26313e+15	5.92093e+15	5.42567e+15	2.37429e+15	1.50223e+15	3.00446e+15	4.50669e+15	6.00892e+15	7.51116e+15	9.01339e+15	1.05156e+16	1.20178e+16	1.35201e+16	2.17841e+16	1.47468e+17	4.48538e+17	2.6143	2.52738	2.52738	2.52738	2.52738	2.52738	2.52738	2.52738	2.52738	2.52738	2.52738	2.52738	2.44802	2.19673	4.38004	
101154	6.86223e+17	2.79063e+17	1.22119e+17	7.72656e+16	1.54531e+17	2.31797e+17	3.09062e+17	3.86328e+17	4.63593e+17	5.40859e+17	6.18125e+17	6.9539e+17	7.61538e+17	6.35422e+17	9.27784e+15	5.92024e+15	5.42499e+15	2.37399e+15	1.50204e+15	3.00408e+15	4.50613e+15	6.00817e+15	7.51021e+15	9.01225e+15	1.05143e+16	1.20163e+16	1.35184e+16	2.17963e+16	1.4712e+17	4.48538e+17	2.61723	2.53046	2.53046	2.53046	2.53046	2.53046	2.53046	2.53046	2.53046	2.53046	2.53046	2.53046	2.45106	2.19554	4.37528	
101405	6.86225e+17	2.79064e+17	1.22119e+17	7.72659e+16	1.54532e+17	2.31798e+17	3.09064e+17	3.86329e+17	4.63595e+17	5.40861e+17	6.18127e+17	6.95393e+17	7.61519e+17	6.36008e+17	9.29275e+15	5.91954e+15	5.42431e+15	2.37369e+15	1.50185e+15	3.00371e+15	4.50556e+15	6.00742e+15	7.50927e+15	9.01112e+15	1.0513e+16	1.20148e+16	1.35167e+16	2.18084e+16	1.46775e+17	4.48538e+17	2.62017	2.53353	2.53353	2.53353	2.53353	2.53353	2.53353	2.53353	2.53353	2.53353	2.53353	2.53353	2.45409	2.19436	4.37047	
101656	6.86226e+17	2.79066e+17	1.2212e+17	7.72662e+16	1.54532e+17	2.31799e+17	3.09065e+17	3.86331e+17	4.63597e+17	5.40863e+17	6.1813e+17	6.95396e+17	7.61499e+17	6.36586e+17	9.30781e+15	5.91885e+15	5.42363e+15	2.37339e+15	1.50167e+15	3.00333e+15	4.505e+15	6.00667e+15	7.50833e+15	9.01e+15	1.05117e+16	1.20133e+16	1.3515e+16	2.18206e+16	1.46433e+17	4.48539e+17	2.6231	2.53659	2.53659	2.53659	2.53659	2.53659	2.53659	2.53659	2.53659	2.53659	2.53659	2.53659	2.45711	2.1932	4.36563	
101906	6.86227e+17	2.79067e+17	1.2212e+17	7.72665e+16	1.54533e+17	2.31799e+17	3.09066e+17	3.86332e+17	4.63599e+17	5.40865e+17	6.18132e+17	6.95398e+17	7.61479e+17	6.37158e+17	9.32303e+15	5.91817e+15	5.42296e+15	2.3731e+15	1.50148e+15	3.00296e+15	4.50444e+15	6.00592e+15	7.5074e+15	9.00888e+15	1.05104e+16	1.20118e+16	1.35133e+16	2.18327e+16	1.46096e+17	4.48539e+17	2.62601	2.53964	2.53964	2.53964	2.53964	2.53964	2.53964	2.53964	2.53964	2.53964	2.53964	2.53964	2.46012	2.19206	4.36076	
102157	6.86229e+17	2.79068e+17	1.22121e+17	7.72668e+16	1.54534e+17	2.318e+17	3.09067e+17	3.86334e+17	4.63601e+17	5.40868e+17	6.18134e+17	6.95401e+17	7.6146e+17	6.37727e+17	9.3385e+15	5.91748e+15	5.42228e+15	2.3728e+15	1.50129e+15	3.00259e+15	4.50388e+15	6.00517e+15	7.50647e+15	9.00776e+15	1.05091e+16	1.20103e+16	1.35116e+16	2.18448e+16	1.4576e+17	4.4854e+17	2.62893	2.54269	2.54269	2.54269	2.54269	2.54269	2.54269	2.54269	2.54269	2.54269	2.54269	2.54269	2.46314	2.19094	4.35583	
102407	6.8623e+17	2.79069e+17	1.22121e+17	7.72671e+16	1.54534e+17	2.31801e+17	3.09068e+17	3.86336e+17	4.63603e+17	5.4087e+17	6.18137e+17	6.95404e+17	7.6144e+17	6.3829e+17	9.35414e+15	5.91679e+15	5.42161e+15	2.37251e+15	1.50111e+15	3.00221e+15	4.50332e+15	6.00443e+15	7.50554e+15	9.00664e+15	1.05078e+16	1.20089e+16	1.351e+16	2.18569e+16	1.45428e+17	4.4854e+17	2.63184	2.54574	2.54574	2.54574	2.54574	2.54574	2.54574	2.54574	2.54574	2.54574	2.54574	2.54574	2.46615	2.18983	4.35088	
102659	6.86231e+17	2.7907e+17	1.22122e+17	7.72674e+16	1.54535e+17	2.31802e+17	3.0907e+17	3.86337e+17	4.63604e+17	5.40872e+17	6.18139e+17	6.95407e+17	7.6142e+17	6.38849e+17	9.37002e+15	5.91611e+15	5.42094e+15	2.37222e+15	1.50092e+15	3.00184e+15	4.50276e+15	6.00369e+15	7.50461e+15	9.00553e+15	1.05064e+16	1.20074e+16	1.35083e+16	2.18691e+16	1.45098e+17	4.4854e+17	2.63476	2.54879	2.54879	2.54879	2.54879	2.54879	2.54879	2.54879	2.54879	2.54879	2.54879	2.54879	2.46916	2.18874	4.34587	
102910	6.86232e+17	2.79071e+17	1.22122e+17	7.72677e+16	1.54535e+17	2.31803e+17	3.09071e+17	3.86339e+17	4.63606e+17	5.40874e+17	6.18142e+17	6.95409e+17	7.61401e+17	6.39402e+17	9.38605e+15	5.91543e+15	5.42027e+15	2.37193e+15	1.50074e+15	3.00147e+15	4.50221e+15	6.00295e+15	7.50368e+15	9.00442e+15	1.05052e+16	1.20059e+16	1.35066e+16	2.18812e+16	1.44772e+17	4.48541e+17	2.63767	2.55183	2.55183	2.55183	2.55183	2.55183	2.55183	2.55183	2.55183	2.55183	2.55183	2.55183	2.47216	2.18767	4.34083	
103160	6.86234e+17	2.79072e+17	1.22123e+17	7.7268e+16	1.54536e+17	2.31804e+17	3.09072e+17	3.8634e+17	4.63608e+17	5.40876e+17	6.18144e+17	6.95412e+17	7.61381e+17	6.39949e+17	9.40226e+15	5.91475e+15	5.41961e+15	2.37163e+15	1.50055e+15	3.0011e+15	4.50166e+15	6.00221e+15	7.50276e+15	9.00331e+15	1.05039e+16	1.20044e+16	1.3505e+16	2.18933e+16	1.44449e+17	4.48541e+17	2.64057	2.55486	2.55486	2.55486	2.55486	2.55486	2.55486	2.55486	2.55486	2.55486	2.55486	2.55486	2.47516	2.18662	4.33577	
103410	6.86235e+17	2.79073e+17	1.22123e+17	7.72683e+16	1.54537e+17	2.31805e+17	3.09073e+17	3.86342e+17	4.6361e+17	5.40878e+17	6.18147e+17	6.95415e+17	7.61361e+17	6.40491e+17	9.41866e+15	5.91407e+15	5.41894e+15	2.37134e+15	1.50037e+15	3.00074e+15	4.50111e+15	6.00147e+15	7.50184e+15	9.00221e+15	1.05026e+16	1.20029e+16	1.35033e+16	2.19054e+16	1.44128e+17	4.48542e+17	2.64346	2.55789	2.55789	2.55789	2.55789	2.55789	2.55789	2.55789	2.55789	2.55789	2.55789	2.55789	2.47814	2.18558	4.33066	
103661	6.86236e+17	2.79074e+17	1.22124e+17	7.72686e+16	1.54537e+17	2.31806e+17	3.09075e+17	3.86343e+17	4.63612e+17	5.4088e+17	6.18149e+17	6.95418e+17	7.61342e+17	6.41029e+17	9.4353e+15	5.91339e+15	5.41828e+15	2.37105e+15	1.50019e+15	3.00037e+15	4.50056e+15	6.00074e+15	7.50093e+15	9.00111e+15	1.05013e+16	1.20015e+16	1.35017e+16	2.19175e+16	1.43811e+17	4.48542e+17	2.64636	2.56092	2.56092	2.56092	2.56092	2.56092	2.56092	2.56092	2.56092	2.56092	2.56092	2.56092	2.48113	2.18456	4.32551	
103913	6.86238e+17	2.79075e+17	1.22124e+17	7.72689e+16	1.54538e+17	2.31807e+17	3.09076e+17	3.86345e+17	4.63614e+17	5.40882e+17	6.18151e+17	6.9542e+17	7.61322e+17	6.41563e+17	9.45215e+15	5.91272e+15	5.41762e+15	2.37076e+15	1.5e+15	3e+15	4.50001e+15	6.00001e+15	7.50001e+15	9.00001e+15	1.05e+16	1.2e+16	1.35e+16	2.19296e+16	1.43495e+17	4.48542e+17	2.64925	2.56395	2.56395	2.56395	2.56395	2.56395	2.56395	2.56395	2.56395	2.56395	2.56395	2.56395	2.48412	2.18355	4.32031	
104163	6.86239e+17	2.79076e+17	1.22125e+17	7.72692e+16	1.54538e+17	2.31808e+17	3.09077e+17	3.86346e+17	4.63615e+17	5.40885e+17	6.18154e+17	6.95423e+17	7.61302e+17	6.4209e+17	9.46915e+15	5.91205e+15	5.41696e+15	2.37048e+15	1.49982e+15	2.99964e+15	4.49946e+15	5.99928e+15	7.4991e+15	8.99892e+15	1.04987e+16	1.19986e+16	1.34984e+16	2.19417e+16	1.43183e+17	4.48543e+17	2.65214	2.56696	2.56696	2.56696	2.56696	2.56696	2.56696	2.56696	2.56696	2.56696	2.56696	2.56696	2.4871	2.18255	4.31509	
104414	6.8624e+17	2.79078e+17	1.22125e+17	7.72695e+16	1.54539e+17	2.31809e+17	3.09078e+17	3.86348e+17	4.63617e+17	5.40887e+17	6.18156e+17	6.95426e+17	7.61283e+17	6.42613e+17	9.48635e+15	5.91138e+15	5.41631e+15	2.37019e+15	1.49964e+15	2.99928e+15	4.49891e+15	5.99855e+15	7.49819e+15	8.99783e+15	1.04975e+16	1.19971e+16	1.34967e+16	2.19538e+16	1.42874e+17	4.48543e+17	2.65502	2.56997	2.56997	2.56997	2.56997	2.56997	2.56997	2.56997	2.56997	2.56997	2.56997	2.56997	2.49007	2.18158	4.30984	
104665	6.86242e+17	2.79079e+17	1.22126e+17	7.72698e+16	1.5454e+17	2.31809e+17	3.09079e+17	3.86349e+17	4.63619e+17	5.40889e+17	6.18159e+17	6.95428e+17	7.61263e+17	6.43133e+17	9.50379e+15	5.91071e+15	5.41565e+15	2.3699e+15	1.49946e+15	2.99891e+15	4.49837e+15	5.99783e+15	7.49728e+15	8.99674e+15	1.04962e+16	1.19957e+16	1.34951e+16	2.19659e+16	1.42567e+17	4.48544e+17	2.6579	2.57298	2.57298	2.57298	2.57298	2.57298	2.57298	2.57298	2.57298	2.57298	2.57298	2.57298	2.49304	2.18061	4.30453	
104916	6.86243e+17	2.7908e+17	1.22126e+17	7.72701e+16	1.5454e+17	2.3181e+17	3.0908e+17	3.86351e+17	4.63621e+17	5.40891e+17	6.18161e+17	6.95431e+17	7.61243e+17	6.43648e+17	9.52143e+15	5.91004e+15	5.415e+15	2.36962e+15	1.49928e+15	2.99855e+15	4.49783e+15	5.9971e+15	7.49638e+15	8.99565e+15	1.04949e+16	1.19942e+16	1.34935e+16	2.1978e+16	1.42262e+17	4.48544e+17	2.66077	2.57599	2.57599	2.57599	2.57599	2.57599	2.57599	2.57599	2.57599	2.57599	2.57599	2.57599	2.49601	2.17966	4.2992	
105166	6.86244e+17	2.79081e+17	1.22126e+17	7.72704e+16	1.54541e+17	2.31811e+17	3.09082e+17	3.86352e+17	4.63623e+17	5.40893e+17	6.18163e+17	6.95434e+17	7.61224e+17	6.44157e+17	9.53926e+15	5.90938e+15	5.41435e+15	2.36933e+15	1.4991e+15	2.99819e+15	4.49729e+15	5.99638e+15	7.49548e+15	8.99457e+15	1.04937e+16	1.19928e+16	1.34919e+16	2.19901e+16	1.41961e+17	4.48544e+17	2.66364	2.57899	2.57899	2.57899	2.57899	2.57899	2.57899	2.57899	2.57899	2.57899	2.57899	2.57899	2.49897	2.17873	4.29383	
105417	6.86245e+17	2.79082e+17	1.22127e+17	7.72707e+16	1.54541e+17	2.31812e+17	3.09083e+17	3.86354e+17	4.63624e+17	5.40895e+17	6.18166e+17	6.95436e+17	7.61204e+17	6.44662e+17	9.55727e+15	5.90872e+15	5.4137e+15	2.36905e+15	1.49892e+15	2.99783e+15	4.49675e+15	5.99566e+15	7.49458e+15	8.9935e+15	1.04924e+16	1.19913e+16	1.34902e+16	2.20022e+16	1.41662e+17	4.48545e+17	2.66651	2.58198	2.58198	2.58198	2.58198	2.58198	2.58198	2.58198	2.58198	2.58198	2.58198	2.58198	2.50192	2.17781	4.28843	
105668	6.86247e+17	2.79083e+17	1.22127e+17	7.7271e+16	1.54542e+17	2.31813e+17	3.09084e+17	3.86355e+17	4.63626e+17	5.40897e+17	6.18168e+17	6.95439e+17	7.61184e+17	6.45165e+17	9.57554e+15	5.90805e+15	5.41305e+15	2.36876e+15	1.49874e+15	2.99747e+15	4.49621e+15	5.99495e+15	7.49368e+15	8.99242e+15	1.04912e+16	1.19899e+16	1.34886e+16	2.20143e+16	1.41365e+17	4.48545e+17	2.66938	2.58497	2.58497	2.58497	2.58497	2.58497	2.58497	2.58497	2.58497	2.58497	2.58497	2.58497	2.50488	2.1769	4.28298	
105919	6.86248e+17	2.79084e+17	1.22128e+17	7.72713e+16	1.54543e+17	2.31814e+17	3.09085e+17	3.86357e+17	4.63628e+17	5.40899e+17	6.1817e+17	6.95442e+17	7.61165e+17	6.45662e+17	9.594e+15	5.90739e+15	5.4124e+15	2.36848e+15	1.49856e+15	2.99712e+15	4.49567e+15	5.99423e+15	7.49279e+15	8.99135e+15	1.04899e+16	1.19885e+16	1.3487e+16	2.20264e+16	1.4107e+17	4.48546e+17	2.67224	2.58796	2.58796	2.58796	2.58796	2.58796	2.58796	2.58796	2.58796	2.58796	2.58796	2.58796	2.50783	2.17601	4.2775	
106170	6.86249e+17	2.79085e+17	1.22128e+17	7.72716e+16	1.54543e+17	2.31815e+17	3.09086e+17	3.86358e+17	4.6363e+17	5.40901e+17	6.18173e+17	6.95444e+17	7.61145e+17	6.46155e+17	9.61268e+15	5.90674e+15	5.41176e+15	2.3682e+15	1.49838e+15	2.99676e+15	4.49514e+15	5.99352e+15	7.4919e+15	8.99027e+15	1.04887e+16	1.1987e+16	1.34854e+16	2.20386e+16	1.40778e+17	4.48546e+17	2.6751	2.59095	2.59095	2.59095	2.59095	2.59095	2.59095	2.59095	2.59095	2.59095	2.59095	2.59095	2.51077	2.17513	4.27199	
106421	6.8625e+17	2.79086e+17	1.22129e+17	7.72719e+16	1.54544e+17	2.31816e+17	3.09088e+17	3.86359e+17	4.63631e+17	5.40903e+17	6.18175e+17	6.95447e+17	7.61125e+17	6.46644e+17	9.63154e+15	5.90608e+15	5.41112e+15	2.36792e+15	1.4982e+15	2.9964e+15	4.4946e+15	5.99281e+15	7.49101e+15	8.98921e+15	1.04874e+16	1.19856e+16	1.34838e+16	2.20507e+16	1.40489e+17	4.48547e+17	2.67795	2.59393	2.59393	2.59393	2.59393	2.59393	2.59393	2.59393	2.59393	2.59393	2.59393	2.59393	2.51371	2.17426	4.26644	
106671	6.86252e+17	2.79087e+17	1.22129e+17	7.72722e+16	1.54544e+17	2.31817e+17	3.09089e+17	3.86361e+17	4.63633e+17	5.40905e+17	6.18177e+17	6.9545e+17	7.61106e+17	6.47128e+17	9.6506e+15	5.90543e+15	5.41048e+15	2.36764e+15	1.49802e+15	2.99605e+15	4.49407e+15	5.9921e+15	7.49012e+15	8.98815e+15	1.04862e+16	1.19842e+16	1.34822e+16	2.20628e+16	1.40202e+17	4.48547e+17	2.68079	2.5969	2.5969	2.5969	2.5969	2.5969	2.5969	2.5969	2.5969	2.5969	2.5969	2.5969	2.51664	2.17341	4.26087	
106922	6.86253e+17	2.79088e+17	1.2213e+17	7.72725e+16	1.54545e+17	2.31817e+17	3.0909e+17	3.86362e+17	4.63635e+17	5.40907e+17	6.1818e+17	6.95452e+17	7.61086e+17	6.47608e+17	9.66987e+15	5.90477e+15	5.40984e+15	2.36736e+15	1.49785e+15	2.9957e+15	4.49354e+15	5.99139e+15	7.48924e+15	8.98709e+15	1.04849e+16	1.19828e+16	1.34806e+16	2.20749e+16	1.39918e+17	4.48548e+17	2.68363	2.59987	2.59987	2.59987	2.59987	2.59987	2.59987	2.59987	2.59987	2.59987	2.59987	2.59987	2.51957	2.17257	4.25526	
107173	6.86254e+17	2.79089e+17	1.2213e+17	7.72728e+16	1.54546e+17	2.31818e+17	3.09091e+17	3.86364e+17	4.63637e+17	5.40909e+17	6.18182e+17	6.95455e+17	7.61066e+17	6.48085e+17	9.68938e+15	5.90412e+15	5.4092e+15	2.36708e+15	1.49767e+15	2.99534e+15	4.49301e+15	5.99069e+15	7.48836e+15	8.98603e+15	1.04837e+16	1.19814e+16	1.3479e+16	2.2087e+16	1.39635e+17	4.48548e+17	2.68648	2.60283	2.60283	2.60283	2.60283	2.60283	2.60283	2.60283	2.60283	2.60283	2.60283	2.60283	2.5225	2.17173	4.24961	
107424	6.86255e+17	2.7909e+17	1.22131e+17	7.72731e+16	1.54546e+17	2.31819e+17	3.09092e+17	3.86365e+17	4.63638e+17	5.40911e+17	6.18184e+17	6.95457e+17	7.61047e+17	6.48559e+17	9.70914e+15	5.90347e+15	5.40857e+15	2.3668e+15	1.4975e+15	2.99499e+15	4.49249e+15	5.98998e+15	7.48748e+15	8.98497e+15	1.04825e+16	1.198e+16	1.34775e+16	2.20992e+16	1.39354e+17	4.48548e+17	2.68932	2.6058	2.6058	2.6058	2.6058	2.6058	2.6058	2.6058	2.6058	2.6058	2.6058	2.6058	2.52543	2.17092	4.24392	
107674	6.86257e+17	2.79091e+17	1.22131e+17	7.72733e+16	1.54547e+17	2.3182e+17	3.09093e+17	3.86367e+17	4.6364e+17	5.40913e+17	6.18187e+17	6.9546e+17	7.61027e+17	6.49028e+17	9.72903e+15	5.90283e+15	5.40793e+15	2.36653e+15	1.49732e+15	2.99464e+15	4.49196e+15	5.98928e+15	7.4866e+15	8.98392e+15	1.04812e+16	1.19786e+16	1.34759e+16	2.21113e+16	1.39076e+17	4.48549e+17	2.69215	2.60876	2.60876	2.60876	2.60876	2.60876	2.60876	2.60876	2.60876	2.60876	2.60876	2.60876	2.52834	2.17011	4.23822	
107925	6.86258e+17	2.79092e+17	1.22132e+17	7.72736e+16	1.54547e+17	2.31821e+17	3.09095e+17	3.86368e+17	4.63642e+17	5.40915e+17	6.18189e+17	6.95463e+17	7.61007e+17	6.49493e+17	9.74916e+15	5.90218e+15	5.4073e+15	2.36625e+15	1.49715e+15	2.99429e+15	4.49144e+15	5.98858e+15	7.48573e+15	8.98287e+15	1.048e+16	1.19772e+16	1.34743e+16	2.21234e+16	1.38801e+17	4.48549e+17	2.69498	2.61171	2.61171	2.61171	2.61171	2.61171	2.61171	2.61171	2.61171	2.61171	2.61171	2.61171	2.53125	2.16932	4.23248	
108176	6.86259e+17	2.79093e+17	1.22132e+17	7.72739e+16	1.54548e+17	2.31822e+17	3.09096e+17	3.8637e+17	4.63643e+17	5.40917e+17	6.18191e+17	6.95465e+17	7.60987e+17	6.49955e+17	9.76954e+15	5.90154e+15	5.40667e+15	2.36597e+15	1.49697e+15	2.99394e+15	4.49091e+15	5.98788e+15	7.48486e+15	8.98183e+15	1.04788e+16	1.19758e+16	1.34727e+16	2.21356e+16	1.38527e+17	4.4855e+17	2.69781	2.61466	2.61466	2.61466	2.61466	2.61466	2.61466	2.61466	2.61466	2.61466	2.61466	2.61466	2.53416	2.16853	4.2267	
108427	6.8626e+17	2.79094e+17	1.22132e+17	7.72742e+16	1.54548e+17	2.31823e+17	3.09097e+17	3.86371e+17	4.63645e+17	5.40919e+17	6.18194e+17	6.95468e+17	7.60968e+17	6.50414e+17	9.79016e+15	5.9009e+15	5.40604e+15	2.3657e+15	1.4968e+15	2.99359e+15	4.49039e+15	5.98719e+15	7.48398e+15	8.98078e+15	1.04776e+16	1.19744e+16	1.34712e+16	2.21477e+16	1.38255e+17	4.4855e+17	2.70063	2.61761	2.61761	2.61761	2.61761	2.61761	2.61761	2.61761	2.61761	2.61761	2.61761	2.61761	2.53707	2.16776	4.22088	
108678	6.86262e+17	2.79095e+17	1.22133e+17	7.72745e+16	1.54549e+17	2.31823e+17	3.09098e+17	3.86372e+17	4.63647e+17	5.40921e+17	6.18196e+17	6.9547e+17	7.60948e+17	6.50867e+17	9.81091e+15	5.90026e+15	5.40542e+15	2.36543e+15	1.49662e+15	2.99325e+15	4.48987e+15	5.9865e+15	7.48312e+15	8.97974e+15	1.04764e+16	1.1973e+16	1.34696e+16	2.21599e+16	1.37985e+17	4.48551e+17	2.70345	2.62054	2.62054	2.62054	2.62054	2.62054	2.62054	2.62054	2.62054	2.62054	2.62054	2.62054	2.53996	2.167	4.21505	
108929	6.86263e+17	2.79097e+17	1.22133e+17	7.72748e+16	1.5455e+17	2.31824e+17	3.09099e+17	3.86374e+17	4.63649e+17	5.40923e+17	6.18198e+17	6.95473e+17	7.60928e+17	6.51319e+17	9.83196e+15	5.89962e+15	5.40479e+15	2.36515e+15	1.49645e+15	2.9929e+15	4.48935e+15	5.9858e+15	7.48225e+15	8.9787e+15	1.04752e+16	1.19716e+16	1.34681e+16	2.21721e+16	1.37718e+17	4.48551e+17	2.70627	2.62349	2.62349	2.62349	2.62349	2.62349	2.62349	2.62349	2.62349	2.62349	2.62349	2.62349	2.54286	2.16625	4.20917	
109179	6.86264e+17	2.79098e+17	1.22134e+17	7.72751e+16	1.5455e+17	2.31825e+17	3.091e+17	3.86375e+17	4.6365e+17	5.40925e+17	6.182e+17	6.95476e+17	7.60908e+17	6.51766e+17	9.85316e+15	5.89898e+15	5.40417e+15	2.36488e+15	1.49628e+15	2.99256e+15	4.48884e+15	5.98511e+15	7.48139e+15	8.97767e+15	1.04739e+16	1.19702e+16	1.34665e+16	2.21842e+16	1.37452e+17	4.48552e+17	2.70907	2.62641	2.62641	2.62641	2.62641	2.62641	2.62641	2.62641	2.62641	2.62641	2.62641	2.62641	2.54575	2.16551	4.20328	
109430	6.86265e+17	2.79099e+17	1.22134e+17	7.72753e+16	1.54551e+17	2.31826e+17	3.09101e+17	3.86377e+17	4.63652e+17	5.40927e+17	6.18203e+17	6.95478e+17	7.60888e+17	6.5221e+17	9.87463e+15	5.89835e+15	5.40355e+15	2.36461e+15	1.49611e+15	2.99221e+15	4.48832e+15	5.98443e+15	7.48053e+15	8.97664e+15	1.04727e+16	1.19689e+16	1.3465e+16	2.21964e+16	1.37189e+17	4.48552e+17	2.71188	2.62935	2.62935	2.62935	2.62935	2.62935	2.62935	2.62935	2.62935	2.62935	2.62935	2.62935	2.54864	2.16478	4.19735	
109681	6.86266e+17	2.791e+17	1.22135e+17	7.72756e+16	1.54551e+17	2.31827e+17	3.09102e+17	3.86378e+17	4.63654e+17	5.40929e+17	6.18205e+17	6.95481e+17	7.60869e+17	6.52651e+17	9.89629e+15	5.89771e+15	5.40293e+15	2.36434e+15	1.49594e+15	2.99187e+15	4.48781e+15	5.98374e+15	7.47968e+15	8.97561e+15	1.04715e+16	1.19675e+16	1.34634e+16	2.22086e+16	1.36927e+17	4.48553e+17	2.71469	2.63227	2.63227	2.63227	2.63227	2.63227	2.63227	2.63227	2.63227	2.63227	2.63227	2.63227	2.55152	2.16406	4.19139	
109932	6.86268e+17	2.79101e+17	1.22135e+17	7.72759e+16	1.54552e+17	2.31828e+17	3.09104e+17	3.8638e+17	4.63655e+17	5.40931e+17	6.18207e+17	6.95483e+17	7.60849e+17	6.53089e+17	9.91823e+15	5.89708e+15	5.40231e+15	2.36407e+15	1.49576e+15	2.99153e+15	4.48729e+15	5.98306e+15	7.47882e+15	8.97458e+15	1.04703e+16	1.19661e+16	1.34619e+16	2.22209e+16	1.36667e+17	4.48553e+17	2.71749	2.63519	2.63519	2.63519	2.63519	2.63519	2.63519	2.63519	2.63519	2.63519	2.63519	2.63519	2.55441	2.16335	4.18539	
110183	6.86269e+17	2.79102e+17	1.22136e+17	7.72762e+16	1.54552e+17	2.31829e+17	3.09105e+17	3.86381e+17	4.63657e+17	5.40933e+17	6.18209e+17	6.95486e+17	7.60829e+17	6.53523e+17	9.94032e+15	5.89645e+15	5.4017e+15	2.3638e+15	1.49559e+15	2.99119e+15	4.48678e+15	5.98237e+15	7.47797e+15	8.97356e+15	1.04692e+16	1.19647e+16	1.34603e+16	2.22331e+16	1.3641e+17	4.48554e+17	2.72029	2.63811	2.63811	2.63811	2.63811	2.63811	2.63811	2.63811	2.63811	2.63811	2.63811	2.63811	2.55728	2.16265	4.17939	
110434	6.8627e+17	2.79103e+17	1.22136e+17	7.72765e+16	1.54553e+17	2.31829e+17	3.09106e+17	3.86382e+17	4.63659e+17	5.40935e+17	6.18212e+17	6.95488e+17	7.60809e+17	6.53953e+17	9.96265e+15	5.89582e+15	5.40108e+15	2.36353e+15	1.49542e+15	2.99085e+15	4.48627e+15	5.9817e+15	7.47712e+15	8.97254e+15	1.0468e+16	1.19634e+16	1.34588e+16	2.22453e+16	1.36154e+17	4.48554e+17	2.72308	2.64102	2.64102	2.64102	2.64102	2.64102	2.64102	2.64102	2.64102	2.64102	2.64102	2.64102	2.56014	2.16197	4.17335	
110684	6.86271e+17	2.79104e+17	1.22136e+17	7.72767e+16	1.54553e+17	2.3183e+17	3.09107e+17	3.86384e+17	4.6366e+17	5.40937e+17	6.18214e+17	6.95491e+17	7.60789e+17	6.54381e+17	9.98523e+15	5.8952e+15	5.40047e+15	2.36326e+15	1.49525e+15	2.99051e+15	4.48576e+15	5.98102e+15	7.47627e+15	8.97152e+15	1.04668e+16	1.1962e+16	1.34573e+16	2.22576e+16	1.359e+17	4.48555e+17	2.72587	2.64393	2.64393	2.64393	2.64393	2.64393	2.64393	2.64393	2.64393	2.64393	2.64393	2.64393	2.56301	2.16129	4.16727	
110936	6.86273e+17	2.79105e+17	1.22137e+17	7.7277e+16	1.54554e+17	2.31831e+17	3.09108e+17	3.86385e+17	4.63662e+17	5.40939e+17	6.18216e+17	6.95493e+17	7.60769e+17	6.54807e+17	1.00081e+16	5.89457e+15	5.39986e+15	2.36299e+15	1.49508e+15	2.99017e+15	4.48525e+15	5.98034e+15	7.47542e+15	8.97051e+15	1.04656e+16	1.19607e+16	1.34558e+16	2.22699e+16	1.35647e+17	4.48555e+17	2.72866	2.64684	2.64684	2.64684	2.64684	2.64684	2.64684	2.64684	2.64684	2.64684	2.64684	2.64684	2.56588	2.16062	4.16116	
111186	6.86274e+17	2.79106e+17	1.22137e+17	7.72773e+16	1.54555e+17	2.31832e+17	3.09109e+17	3.86386e+17	4.63664e+17	5.40941e+17	6.18218e+17	6.95496e+17	7.60749e+17	6.55227e+17	1.00311e+16	5.89395e+15	5.39925e+15	2.36273e+15	1.49492e+15	2.98983e+15	4.48475e+15	5.97967e+15	7.47458e+15	8.9695e+15	1.04644e+16	1.19593e+16	1.34542e+16	2.22821e+16	1.35397e+17	4.48556e+17	2.73144	2.64973	2.64973	2.64973	2.64973	2.64973	2.64973	2.64973	2.64973	2.64973	2.64973	2.64973	2.56873	2.15996	4.15504	
111437	6.86275e+17	2.79107e+17	1.22138e+17	7.72776e+16	1.54555e+17	2.31833e+17	3.0911e+17	3.86388e+17	4.63665e+17	5.40943e+17	6.18221e+17	6.95498e+17	7.60729e+17	6.55646e+17	1.00543e+16	5.89333e+15	5.39865e+15	2.36246e+15	1.49475e+15	2.9895e+15	4.48425e+15	5.97899e+15	7.47374e+15	8.96849e+15	1.04632e+16	1.1958e+16	1.34527e+16	2.22944e+16	1.35149e+17	4.48556e+17	2.73421	2.65263	2.65263	2.65263	2.65263	2.65263	2.65263	2.65263	2.65263	2.65263	2.65263	2.65263	2.57158	2.15931	4.14889	
111688	6.86276e+17	2.79108e+17	1.22138e+17	7.72779e+16	1.54556e+17	2.31834e+17	3.09111e+17	3.86389e+17	4.63667e+17	5.40945e+17	6.18223e+17	6.95501e+17	7.60709e+17	6.56061e+17	1.00778e+16	5.89271e+15	5.39804e+15	2.3622e+15	1.49458e+15	2.98916e+15	4.48374e+15	5.97832e+15	7.4729e+15	8.96748e+15	1.04621e+16	1.19566e+16	1.34512e+16	2.23067e+16	1.34901e+17	4.48557e+17	2.73699	2.65552	2.65552	2.65552	2.65552	2.65552	2.65552	2.65552	2.65552	2.65552	2.65552	2.65552	2.57443	2.15866	4.14271	
111939	6.86277e+17	2.79109e+17	1.22139e+17	7.72781e+16	1.54556e+17	2.31834e+17	3.09113e+17	3.86391e+17	4.63669e+17	5.40947e+17	6.18225e+17	6.95503e+17	7.60689e+17	6.56475e+17	1.01015e+16	5.89209e+15	5.39743e+15	2.36193e+15	1.49441e+15	2.98883e+15	4.48324e+15	5.97765e+15	7.47206e+15	8.96648e+15	1.04609e+16	1.19553e+16	1.34497e+16	2.23191e+16	1.34656e+17	4.48557e+17	2.73977	2.65842	2.65842	2.65842	2.65842	2.65842	2.65842	2.65842	2.65842	2.65842	2.65842	2.65842	2.57728	2.15803	4.13649	
112190	6.86278e+17	2.7911e+17	1.22139e+17	7.72784e+16	1.54557e+17	2.31835e+17	3.09114e+17	3.86392e+17	4.6367e+17	5.40949e+17	6.18227e+17	6.95506e+17	7.60669e+17	6.56884e+17	1.01255e+16	5.89147e+15	5.39683e+15	2.36167e+15	1.49425e+15	2.98849e+15	4.48274e+15	5.97699e+15	7.47123e+15	8.96548e+15	1.04597e+16	1.1954e+16	1.34482e+16	2.23314e+16	1.34412e+17	4.48558e+17	2.74254	2.6613	2.6613	2.6613	2.6613	2.6613	2.6613	2.6613	2.6613	2.6613	2.6613	2.6613	2.58012	2.15741	4.13026	
112440	6.8628e+17	2.79111e+17	1.2214e+17	7.72787e+16	1.54557e+17	2.31836e+17	3.09115e+17	3.86393e+17	4.63672e+17	5.40951e+17	6.18229e+17	6.95508e+17	7.60649e+17	6.5729e+17	1.01496e+16	5.89085e+15	5.39623e+15	2.36141e+15	1.49408e+15	2.98816e+15	4.48224e+15	5.97632e+15	7.4704e+15	8.96448e+15	1.04586e+16	1.19526e+16	1.34467e+16	2.23437e+16	1.34171e+17	4.48558e+17	2.7453	2.66417	2.66417	2.66417	2.66417	2.66417	2.66417	2.66417	2.66417	2.66417	2.66417	2.66417	2.58295	2.15679	4.12403	
112691	6.86281e+17	2.79112e+17	1.2214e+17	7.72789e+16	1.54558e+17	2.31837e+17	3.09116e+17	3.86395e+17	4.63674e+17	5.40953e+17	6.18232e+17	6.95511e+17	7.60629e+17	6.57694e+17	1.0174e+16	5.89024e+15	5.39563e+15	2.36114e+15	1.49391e+15	2.98783e+15	4.48174e+15	5.97566e+15	7.46957e+15	8.96349e+15	1.04574e+16	1.19513e+16	1.34452e+16	2.23561e+16	1.3393e+17	4.48559e+17	2.74806	2.66705	2.66705	2.66705	2.66705	2.66705	2.66705	2.66705	2.66705	2.66705	2.66705	2.66705	2.58578	2.15619	4.11774	
112942	6.86282e+17	2.79113e+17	1.2214e+17	7.72792e+16	1.54558e+17	2.31838e+17	3.09117e+17	3.86396e+17	4.63675e+17	5.40955e+17	6.18234e+17	6.95513e+17	7.60609e+17	6.58096e+17	1.01986e+16	5.88963e+15	5.39504e+15	2.36088e+15	1.49375e+15	2.9875e+15	4.48125e+15	5.975e+15	7.46875e+15	8.96249e+15	1.04562e+16	1.195e+16	1.34437e+16	2.23685e+16	1.33692e+17	4.48559e+17	2.75082	2.66993	2.66993	2.66993	2.66993	2.66993	2.66993	2.66993	2.66993	2.66993	2.66993	2.66993	2.58861	2.15559	4.11144	
113193	6.86283e+17	2.79114e+17	1.22141e+17	7.72795e+16	1.54559e+17	2.31838e+17	3.09118e+17	3.86397e+17	4.63677e+17	5.40956e+17	6.18236e+17	6.95515e+17	7.60588e+17	6.58495e+17	1.02236e+16	5.88902e+15	5.39444e+15	2.36062e+15	1.49358e+15	2.98717e+15	4.48075e+15	5.97433e+15	7.46792e+15	8.9615e+15	1.04551e+16	1.19487e+16	1.34423e+16	2.23809e+16	1.33454e+17	4.4856e+17	2.75358	2.6728	2.6728	2.6728	2.6728	2.6728	2.6728	2.6728	2.6728	2.6728	2.6728	2.6728	2.59144	2.155	4.1051	
113444	6.86284e+17	2.79115e+17	1.22141e+17	7.72798e+16	1.5456e+17	2.31839e+17	3.09119e+17	3.86399e+17	4.63679e+17	5.40958e+17	6.18238e+17	6.95518e+17	7.60568e+17	6.58891e+17	1.02487e+16	5.88841e+15	5.39384e+15	2.36036e+15	1.49342e+15	2.98684e+15	4.48026e+15	5.97368e+15	7.4671e+15	8.96052e+15	1.04539e+16	1.19474e+16	1.34408e+16	2.23933e+16	1.33219e+17	4.4856e+17	2.75633	2.67567	2.67567	2.67567	2.67567	2.67567	2.67567	2.67567	2.67567	2.67567	2.67567	2.67567	2.59426	2.15441	4.09875	
113695	6.86286e+17	2.79116e+17	1.22142e+17	7.728e+16	1.5456e+17	2.3184e+17	3.0912e+17	3.864e+17	4.6368e+17	5.4096e+17	6.1824e+17	6.9552e+17	7.60548e+17	6.59283e+17	1.0274e+16	5.8878e+15	5.39325e+15	2.3601e+15	1.49326e+15	2.98651e+15	4.47977e+15	5.97302e+15	7.46628e+15	8.95953e+15	1.04528e+16	1.1946e+16	1.34393e+16	2.24058e+16	1.32985e+17	4.48561e+17	2.75908	2.67852	2.67852	2.67852	2.67852	2.67852	2.67852	2.67852	2.67852	2.67852	2.67852	2.67852	2.59707	2.15384	4.09239	
113945	6.86287e+17	2.79116e+17	1.22142e+17	7.72803e+16	1.54561e+17	2.31841e+17	3.09121e+17	3.86402e+17	4.63682e+17	5.40962e+17	6.18242e+17	6.95523e+17	7.60528e+17	6.59673e+17	1.02995e+16	5.8872e+15	5.39266e+15	2.35984e+15	1.49309e+15	2.98618e+15	4.47928e+15	5.97237e+15	7.46546e+15	8.95855e+15	1.04516e+16	1.19447e+16	1.34378e+16	2.24182e+16	1.32753e+17	4.48561e+17	2.76182	2.68138	2.68138	2.68138	2.68138	2.68138	2.68138	2.68138	2.68138	2.68138	2.68138	2.68138	2.59987	2.15328	4.086	
114196	6.86288e+17	2.79117e+17	1.22143e+17	7.72806e+16	1.54561e+17	2.31842e+17	3.09122e+17	3.86403e+17	4.63683e+17	5.40964e+17	6.18245e+17	6.95525e+17	7.60507e+17	6.60061e+17	1.03253e+16	5.88659e+15	5.39207e+15	2.35959e+15	1.49293e+15	2.98586e+15	4.47879e+15	5.97171e+15	7.46464e+15	8.95757e+15	1.04505e+16	1.19434e+16	1.34364e+16	2.24307e+16	1.32522e+17	4.48562e+17	2.76456	2.68423	2.68423	2.68423	2.68423	2.68423	2.68423	2.68423	2.68423	2.68423	2.68423	2.68423	2.60268	2.15272	4.07958	
114447	6.86289e+17	2.79118e+17	1.22143e+17	7.72808e+16	1.54562e+17	2.31843e+17	3.09123e+17	3.86404e+17	4.63685e+17	5.40966e+17	6.18247e+17	6.95528e+17	7.60487e+17	6.60447e+17	1.03514e+16	5.88599e+15	5.39148e+15	2.35933e+15	1.49277e+15	2.98553e+15	4.4783e+15	5.97106e+15	7.46383e+15	8.95659e+15	1.04494e+16	1.19421e+16	1.34349e+16	2.24432e+16	1.32293e+17	4.48562e+17	2.7673	2.68709	2.68709	2.68709	2.68709	2.68709	2.68709	2.68709	2.68709	2.68709	2.68709	2.68709	2.60549	2.15217	4.07313	
114698	6.8629e+17	2.79119e+17	1.22143e+17	7.72811e+16	1.54562e+17	2.31843e+17	3.09124e+17	3.86406e+17	4.63687e+17	5.40968e+17	6.18249e+17	6.9553e+17	7.60467e+17	6.60829e+17	1.03777e+16	5.88539e+15	5.3909e+15	2.35907e+15	1.4926e+15	2.98521e+15	4.47781e+15	5.97041e+15	7.46302e+15	8.95562e+15	1.04482e+16	1.19408e+16	1.34334e+16	2.24558e+16	1.32065e+17	4.48563e+17	2.77003	2.68993	2.68993	2.68993	2.68993	2.68993	2.68993	2.68993	2.68993	2.68993	2.68993	2.68993	2.60828	2.15162	4.06669	
114948	6.86291e+17	2.7912e+17	1.22144e+17	7.72814e+16	1.54563e+17	2.31844e+17	3.09125e+17	3.86407e+17	4.63688e+17	5.4097e+17	6.18251e+17	6.95532e+17	7.60446e+17	6.61208e+17	1.04042e+16	5.88479e+15	5.39032e+15	2.35882e+15	1.49244e+15	2.98488e+15	4.47733e+15	5.96977e+15	7.46221e+15	8.95465e+15	1.04471e+16	1.19395e+16	1.3432e+16	2.24683e+16	1.31839e+17	4.48563e+17	2.77276	2.69277	2.69277	2.69277	2.69277	2.69277	2.69277	2.69277	2.69277	2.69277	2.69277	2.69277	2.61107	2.15109	4.06022	
115199	6.86292e+17	2.79121e+17	1.22144e+17	7.72816e+16	1.54563e+17	2.31845e+17	3.09127e+17	3.86408e+17	4.6369e+17	5.40971e+17	6.18253e+17	6.95535e+17	7.60426e+17	6.61586e+17	1.0431e+16	5.88419e+15	5.38973e+15	2.35856e+15	1.49228e+15	2.98456e+15	4.47684e+15	5.96912e+15	7.4614e+15	8.95368e+15	1.0446e+16	1.19382e+16	1.34305e+16	2.24809e+16	1.31614e+17	4.48564e+17	2.77549	2.69561	2.69561	2.69561	2.69561	2.69561	2.69561	2.69561	2.69561	2.69561	2.69561	2.69561	2.61387	2.15056	4.05372	
115450	6.86294e+17	2.79122e+17	1.22145e+17	7.72819e+16	1.54564e+17	2.31846e+17	3.09128e+17	3.8641e+17	4.63691e+17	5.40973e+17	6.18255e+17	6.95537e+17	7.60405e+17	6.61962e+17	1.0458e+16	5.88359e+15	5.38915e+15	2.35831e+15	1.49212e+15	2.98424e+15	4.47636e+15	5.96848e+15	7.4606e+15	8.95272e+15	1.04448e+16	1.1937e+16	1.34291e+16	2.24935e+16	1.31391e+17	4.48565e+17	2.77822	2.69845	2.69845	2.69845	2.69845	2.69845	2.69845	2.69845	2.69845	2.69845	2.69845	2.69845	2.61665	2.15004	4.0472	
115701	6.86295e+17	2.79123e+17	1.22145e+17	7.72822e+16	1.54564e+17	2.31847e+17	3.09129e+17	3.86411e+17	4.63693e+17	5.40975e+17	6.18257e+17	6.9554e+17	7.60385e+17	6.62334e+17	1.04852e+16	5.883e+15	5.38857e+15	2.35805e+15	1.49196e+15	2.98392e+15	4.47588e+15	5.96784e+15	7.45979e+15	8.95175e+15	1.04437e+16	1.19357e+16	1.34276e+16	2.25061e+16	1.31169e+17	4.48565e+17	2.78093	2.70128	2.70128	2.70128	2.70128	2.70128	2.70128	2.70128	2.70128	2.70128	2.70128	2.70128	2.61943	2.14953	4.04067	
115952	6.86296e+17	2.79124e+17	1.22145e+17	7.72824e+16	1.54565e+17	2.31847e+17	3.0913e+17	3.86412e+17	4.63695e+17	5.40977e+17	6.18259e+17	6.95542e+17	7.60364e+17	6.62704e+17	1.05127e+16	5.8824e+15	5.38799e+15	2.3578e+15	1.4918e+15	2.9836e+15	4.4754e+15	5.9672e+15	7.459e+15	8.95079e+15	1.04426e+16	1.19344e+16	1.34262e+16	2.25187e+16	1.30948e+17	4.48566e+17	2.78365	2.7041	2.7041	2.7041	2.7041	2.7041	2.7041	2.7041	2.7041	2.7041	2.7041	2.7041	2.62221	2.14902	4.03412	
116203	6.86297e+17	2.79125e+17	1.22146e+17	7.72827e+16	1.54565e+17	2.31848e+17	3.09131e+17	3.86413e+17	4.63696e+17	5.40979e+17	6.18262e+17	6.95544e+17	7.60343e+17	6.63072e+17	1.05404e+16	5.88181e+15	5.38742e+15	2.35755e+15	1.49164e+15	2.98328e+15	4.47492e+15	5.96656e+15	7.4582e+15	8.94984e+15	1.04415e+16	1.19331e+16	1.34248e+16	2.25314e+16	1.30729e+17	4.48566e+17	2.78637	2.70693	2.70693	2.70693	2.70693	2.70693	2.70693	2.70693	2.70693	2.70693	2.70693	2.70693	2.62498	2.14852	4.02754	
116454	6.86298e+17	2.79126e+17	1.22146e+17	7.7283e+16	1.54566e+17	2.31849e+17	3.09132e+17	3.86415e+17	4.63698e+17	5.40981e+17	6.18264e+17	6.95547e+17	7.60323e+17	6.63438e+17	1.05684e+16	5.88122e+15	5.38684e+15	2.3573e+15	1.49148e+15	2.98296e+15	4.47444e+15	5.96592e+15	7.4574e+15	8.94888e+15	1.04404e+16	1.19318e+16	1.34233e+16	2.25441e+16	1.30511e+17	4.48567e+17	2.78908	2.70975	2.70975	2.70975	2.70975	2.70975	2.70975	2.70975	2.70975	2.70975	2.70975	2.70975	2.62775	2.14803	4.02096	
116705	6.86299e+17	2.79127e+17	1.22147e+17	7.72832e+16	1.54566e+17	2.3185e+17	3.09133e+17	3.86416e+17	4.63699e+17	5.40983e+17	6.18266e+17	6.95549e+17	7.60302e+17	6.63801e+17	1.05967e+16	5.88063e+15	5.38627e+15	2.35704e+15	1.49132e+15	2.98264e+15	4.47396e+15	5.96528e+15	7.4566e+15	8.94793e+15	1.04392e+16	1.19306e+16	1.34219e+16	2.25569e+16	1.30294e+17	4.48567e+17	2.79179	2.71257	2.71257	2.71257	2.71257	2.71257	2.71257	2.71257	2.71257	2.71257	2.71257	2.71257	2.63052	2.14755	4.01435	
116955	6.863e+17	2.79128e+17	1.22147e+17	7.72835e+16	1.54567e+17	2.3185e+17	3.09134e+17	3.86417e+17	4.63701e+17	5.40984e+17	6.18268e+17	6.95551e+17	7.60281e+17	6.64162e+17	1.06251e+16	5.88004e+15	5.38569e+15	2.35679e+15	1.49116e+15	2.98233e+15	4.47349e+15	5.96465e+15	7.45581e+15	8.94698e+15	1.04381e+16	1.19293e+16	1.34205e+16	2.25696e+16	1.30079e+17	4.48568e+17	2.79449	2.71538	2.71538	2.71538	2.71538	2.71538	2.71538	2.71538	2.71538	2.71538	2.71538	2.71538	2.63328	2.14707	4.00773	
117206	6.86302e+17	2.79129e+17	1.22148e+17	7.72837e+16	1.54567e+17	2.31851e+17	3.09135e+17	3.86419e+17	4.63702e+17	5.40986e+17	6.1827e+17	6.95554e+17	7.60261e+17	6.6452e+17	1.06538e+16	5.87946e+15	5.38512e+15	2.35654e+15	1.491e+15	2.98201e+15	4.47301e+15	5.96402e+15	7.45502e+15	8.94603e+15	1.0437e+16	1.1928e+16	1.3419e+16	2.25824e+16	1.29866e+17	4.48568e+17	2.79719	2.71818	2.71818	2.71818	2.71818	2.71818	2.71818	2.71818	2.71818	2.71818	2.71818	2.71818	2.63604	2.1466	4.0011	
117456	6.86303e+17	2.7913e+17	1.22148e+17	7.7284e+16	1.54568e+17	2.31852e+17	3.09136e+17	3.8642e+17	4.63704e+17	5.40988e+17	6.18272e+17	6.95556e+17	7.6024e+17	6.64876e+17	1.06827e+16	5.87887e+15	5.38456e+15	2.3563e+15	1.49085e+15	2.98169e+15	4.47254e+15	5.96339e+15	7.45424e+15	8.94508e+15	1.04359e+16	1.19268e+16	1.34176e+16	2.25952e+16	1.29653e+17	4.48569e+17	2.79988	2.72098	2.72098	2.72098	2.72098	2.72098	2.72098	2.72098	2.72098	2.72098	2.72098	2.72098	2.63879	2.14614	3.99446	
117707	6.86304e+17	2.79131e+17	1.22148e+17	7.72843e+16	1.54569e+17	2.31853e+17	3.09137e+17	3.86421e+17	4.63706e+17	5.4099e+17	6.18274e+17	6.95558e+17	7.60219e+17	6.65231e+17	1.07119e+16	5.87829e+15	5.38399e+15	2.35605e+15	1.49069e+15	2.98138e+15	4.47207e+15	5.96276e+15	7.45345e+15	8.94414e+15	1.04348e+16	1.19255e+16	1.34162e+16	2.2608e+16	1.29442e+17	4.48569e+17	2.80258	2.72379	2.72379	2.72379	2.72379	2.72379	2.72379	2.72379	2.72379	2.72379	2.72379	2.72379	2.64154	2.14568	3.98779	
117959	6.86305e+17	2.79132e+17	1.22149e+17	7.72845e+16	1.54569e+17	2.31854e+17	3.09138e+17	3.86423e+17	4.63707e+17	5.40992e+17	6.18276e+17	6.95561e+17	7.60198e+17	6.65583e+17	1.07414e+16	5.87771e+15	5.38342e+15	2.3558e+15	1.49053e+15	2.98107e+15	4.4716e+15	5.96213e+15	7.45267e+15	8.9432e+15	1.04337e+16	1.19243e+16	1.34148e+16	2.26209e+16	1.29232e+17	4.4857e+17	2.80527	2.72659	2.72659	2.72659	2.72659	2.72659	2.72659	2.72659	2.72659	2.72659	2.72659	2.72659	2.64429	2.14523	3.9811	
118209	6.86306e+17	2.79133e+17	1.22149e+17	7.72848e+16	1.5457e+17	2.31854e+17	3.09139e+17	3.86424e+17	4.63709e+17	5.40993e+17	6.18278e+17	6.95563e+17	7.60177e+17	6.65932e+17	1.07711e+16	5.87713e+15	5.38286e+15	2.35555e+15	1.49038e+15	2.98075e+15	4.47113e+15	5.96151e+15	7.45189e+15	8.94226e+15	1.04326e+16	1.1923e+16	1.34134e+16	2.26338e+16	1.29024e+17	4.48571e+17	2.80795	2.72938	2.72938	2.72938	2.72938	2.72938	2.72938	2.72938	2.72938	2.72938	2.72938	2.72938	2.64702	2.14478	3.97442	
118459	6.86307e+17	2.79134e+17	1.2215e+17	7.7285e+16	1.5457e+17	2.31855e+17	3.0914e+17	3.86425e+17	4.6371e+17	5.40995e+17	6.1828e+17	6.95565e+17	7.60156e+17	6.66279e+17	1.0801e+16	5.87655e+15	5.3823e+15	2.35531e+15	1.49022e+15	2.98044e+15	4.47066e+15	5.96089e+15	7.45111e+15	8.94133e+15	1.04316e+16	1.19218e+16	1.3412e+16	2.26467e+16	1.28816e+17	4.48571e+17	2.81063	2.73216	2.73216	2.73216	2.73216	2.73216	2.73216	2.73216	2.73216	2.73216	2.73216	2.73216	2.64976	2.14434	3.96772	
118710	6.86308e+17	2.79134e+17	1.2215e+17	7.72853e+16	1.54571e+17	2.31856e+17	3.09141e+17	3.86426e+17	4.63712e+17	5.40997e+17	6.18282e+17	6.95568e+17	7.60135e+17	6.66625e+17	1.08312e+16	5.87597e+15	5.38173e+15	2.35506e+15	1.49007e+15	2.98013e+15	4.4702e+15	5.96026e+15	7.45033e+15	8.9404e+15	1.04305e+16	1.19205e+16	1.34106e+16	2.26596e+16	1.2861e+17	4.48572e+17	2.81332	2.73495	2.73495	2.73495	2.73495	2.73495	2.73495	2.73495	2.73495	2.73495	2.73495	2.73495	2.65249	2.14391	3.96099	
118962	6.86309e+17	2.79135e+17	1.2215e+17	7.72855e+16	1.54571e+17	2.31857e+17	3.09142e+17	3.86428e+17	4.63713e+17	5.40999e+17	6.18284e+17	6.9557e+17	7.60114e+17	6.66969e+17	1.08617e+16	5.87539e+15	5.38117e+15	2.35481e+15	1.48991e+15	2.97982e+15	4.46973e+15	5.95964e+15	7.44955e+15	8.93946e+15	1.04294e+16	1.19193e+16	1.34092e+16	2.26727e+16	1.28405e+17	4.48572e+17	2.816	2.73774	2.73774	2.73774	2.73774	2.73774	2.73774	2.73774	2.73774	2.73774	2.73774	2.73774	2.65523	2.14348	3.95425	
119212	6.8631e+17	2.79136e+17	1.22151e+17	7.72858e+16	1.54572e+17	2.31857e+17	3.09143e+17	3.86429e+17	4.63715e+17	5.41001e+17	6.18286e+17	6.95572e+17	7.60093e+17	6.67309e+17	1.08923e+16	5.87482e+15	5.38061e+15	2.35457e+15	1.48976e+15	2.97951e+15	4.46927e+15	5.95902e+15	7.44878e+15	8.93854e+15	1.04283e+16	1.1918e+16	1.34078e+16	2.26856e+16	1.28202e+17	4.48573e+17	2.81867	2.74051	2.74051	2.74051	2.74051	2.74051	2.74051	2.74051	2.74051	2.74051	2.74051	2.74051	2.65794	2.14307	3.94752	
119463	6.86312e+17	2.79137e+17	1.22151e+17	7.72861e+16	1.54572e+17	2.31858e+17	3.09144e+17	3.8643e+17	4.63716e+17	5.41002e+17	6.18288e+17	6.95574e+17	7.60071e+17	6.67648e+17	1.09233e+16	5.87424e+15	5.38006e+15	2.35433e+15	1.4896e+15	2.9792e+15	4.46881e+15	5.95841e+15	7.44801e+15	8.93761e+15	1.04272e+16	1.19168e+16	1.34064e+16	2.26987e+16	1.27999e+17	4.48573e+17	2.82134	2.74329	2.74329	2.74329	2.74329	2.74329	2.74329	2.74329	2.74329	2.74329	2.74329	2.74329	2.66067	2.14265	3.94076	
119713	6.86313e+17	2.79138e+17	1.22152e+17	7.72863e+16	1.54573e+17	2.31859e+17	3.09145e+17	3.86432e+17	4.63718e+17	5.41004e+17	6.1829e+17	6.95577e+17	7.6005e+17	6.67985e+17	1.09544e+16	5.87367e+15	5.3795e+15	2.35408e+15	1.48945e+15	2.9789e+15	4.46834e+15	5.95779e+15	7.44724e+15	8.93669e+15	1.04261e+16	1.19156e+16	1.3405e+16	2.27118e+16	1.27799e+17	4.48574e+17	2.824	2.74606	2.74606	2.74606	2.74606	2.74606	2.74606	2.74606	2.74606	2.74606	2.74606	2.74606	2.66338	2.14225	3.934	
119964	6.86314e+17	2.79139e+17	1.22152e+17	7.72866e+16	1.54573e+17	2.3186e+17	3.09146e+17	3.86433e+17	4.63719e+17	5.41006e+17	6.18292e+17	6.95579e+17	7.60029e+17	6.6832e+17	1.09859e+16	5.8731e+15	5.37895e+15	2.35384e+15	1.48929e+15	2.97859e+15	4.46788e+15	5.95718e+15	7.44647e+15	8.93577e+15	1.04251e+16	1.19144e+16	1.34037e+16	2.27249e+16	1.27599e+17	4.48574e+17	2.82667	2.74883	2.74883	2.74883	2.74883	2.74883	2.74883	2.74883	2.74883	2.74883	2.74883	2.74883	2.6661	2.14184	3.92722	
120215	6.86315e+17	2.7914e+17	1.22152e+17	7.72868e+16	1.54574e+17	2.3186e+17	3.09147e+17	3.86434e+17	4.63721e+17	5.41008e+17	6.18294e+17	6.95581e+17	7.60007e+17	6.68652e+17	1.10176e+16	5.87253e+15	5.3784e+15	2.3536e+15	1.48914e+15	2.97828e+15	4.46743e+15	5.95657e+15	7.44571e+15	8.93485e+15	1.0424e+16	1.19131e+16	1.34023e+16	2.2738e+16	1.274e+17	4.48575e+17	2.82933	2.75159	2.75159	2.75159	2.75159	2.75159	2.75159	2.75159	2.75159	2.75159	2.75159	2.75159	2.6688	2.14145	3.92044	
120466	6.86316e+17	2.79141e+17	1.22153e+17	7.72871e+16	1.54574e+17	2.31861e+17	3.09148e+17	3.86435e+17	4.63722e+17	5.41009e+17	6.18296e+17	6.95584e+17	7.59986e+17	6.68983e+17	1.10496e+16	5.87196e+15	5.37784e+15	2.35336e+15	1.48899e+15	2.97798e+15	4.46697e+15	5.95596e+15	7.44494e+15	8.93393e+15	1.04229e+16	1.19119e+16	1.34009e+16	2.27512e+16	1.27202e+17	4.48576e+17	2.83199	2.75436	2.75436	2.75436	2.75436	2.75436	2.75436	2.75436	2.75436	2.75436	2.75436	2.75436	2.67151	2.14106	3.91363	
120716	6.86317e+17	2.79142e+17	1.22153e+17	7.72873e+16	1.54575e+17	2.31862e+17	3.09149e+17	3.86437e+17	4.63724e+17	5.41011e+17	6.18298e+17	6.95586e+17	7.59965e+17	6.69312e+17	1.10817e+16	5.8714e+15	5.37729e+15	2.35312e+15	1.48884e+15	2.97767e+15	4.46651e+15	5.95535e+15	7.44418e+15	8.93302e+15	1.04219e+16	1.19107e+16	1.33995e+16	2.27644e+16	1.27006e+17	4.48576e+17	2.83464	2.75711	2.75711	2.75711	2.75711	2.75711	2.75711	2.75711	2.75711	2.75711	2.75711	2.75711	2.67421	2.14068	3.90684	
120967	6.86318e+17	2.79143e+17	1.22154e+17	7.72876e+16	1.54575e+17	2.31863e+17	3.0915e+17	3.86438e+17	4.63725e+17	5.41013e+17	6.183e+17	6.95588e+17	7.59943e+17	6.69638e+17	1.11142e+16	5.87083e+15	5.37675e+15	2.35288e+15	1.48869e+15	2.97737e+15	4.46606e+15	5.95474e+15	7.44343e+15	8.93211e+15	1.04208e+16	1.19095e+16	1.33982e+16	2.27776e+16	1.26811e+17	4.48577e+17	2.83728	2.75986	2.75986	2.75986	2.75986	2.75986	2.75986	2.75986	2.75986	2.75986	2.75986	2.75986	2.67691	2.1403	3.90003	
121217	6.86319e+17	2.79144e+17	1.22154e+17	7.72878e+16	1.54576e+17	2.31863e+17	3.09151e+17	3.86439e+17	4.63727e+17	5.41015e+17	6.18302e+17	6.9559e+17	7.59921e+17	6.69963e+17	1.11469e+16	5.87027e+15	5.3762e+15	2.35264e+15	1.48853e+15	2.97707e+15	4.4656e+15	5.95413e+15	7.44267e+15	8.9312e+15	1.04197e+16	1.19083e+16	1.33968e+16	2.27909e+16	1.26617e+17	4.48577e+17	2.83993	2.76261	2.76261	2.76261	2.76261	2.76261	2.76261	2.76261	2.76261	2.76261	2.76261	2.76261	2.6796	2.13993	3.89321	
121468	6.8632e+17	2.79145e+17	1.22154e+17	7.72881e+16	1.54576e+17	2.31864e+17	3.09152e+17	3.8644e+17	4.63728e+17	5.41016e+17	6.18304e+17	6.95593e+17	7.599e+17	6.70286e+17	1.11799e+16	5.86971e+15	5.37565e+15	2.3524e+15	1.48838e+15	2.97676e+15	4.46515e+15	5.95353e+15	7.44191e+15	8.93029e+15	1.04187e+16	1.19071e+16	1.33954e+16	2.28043e+16	1.26424e+17	4.48578e+17	2.84258	2.76537	2.76537	2.76537	2.76537	2.76537	2.76537	2.76537	2.76537	2.76537	2.76537	2.76537	2.68229	2.13956	3.88637	
121719	6.86321e+17	2.79145e+17	1.22155e+17	7.72883e+16	1.54577e+17	2.31865e+17	3.09153e+17	3.86442e+17	4.6373e+17	5.41018e+17	6.18306e+17	6.95595e+17	7.59878e+17	6.70606e+17	1.12131e+16	5.86915e+15	5.37511e+15	2.35216e+15	1.48823e+15	2.97646e+15	4.4647e+15	5.95293e+15	7.44116e+15	8.92939e+15	1.04176e+16	1.19059e+16	1.33941e+16	2.28176e+16	1.26233e+17	4.48578e+17	2.84521	2.7681	2.7681	2.7681	2.7681	2.7681	2.7681	2.7681	2.7681	2.7681	2.7681	2.7681	2.68498	2.1392	3.87954	
121969	6.86323e+17	2.79146e+17	1.22155e+17	7.72886e+16	1.54577e+17	2.31866e+17	3.09154e+17	3.86443e+17	4.63731e+17	5.4102e+17	6.18308e+17	6.95597e+17	7.59856e+17	6.70925e+17	1.12466e+16	5.86859e+15	5.37457e+15	2.35192e+15	1.48808e+15	2.97616e+15	4.46425e+15	5.95233e+15	7.44041e+15	8.92849e+15	1.04166e+16	1.19047e+16	1.33927e+16	2.2831e+16	1.26042e+17	4.48579e+17	2.84785	2.77084	2.77084	2.77084	2.77084	2.77084	2.77084	2.77084	2.77084	2.77084	2.77084	2.77084	2.68765	2.13884	3.87271	
122220	6.86324e+17	2.79147e+17	1.22156e+17	7.72888e+16	1.54578e+17	2.31866e+17	3.09155e+17	3.86444e+17	4.63733e+17	5.41022e+17	6.1831e+17	6.95599e+17	7.59834e+17	6.71242e+17	1.12804e+16	5.86803e+15	5.37402e+15	2.35169e+15	1.48793e+15	2.97586e+15	4.4638e+15	5.95173e+15	7.43966e+15	8.92759e+15	1.04155e+16	1.19035e+16	1.33914e+16	2.28444e+16	1.25853e+17	4.4858e+17	2.85048	2.77358	2.77358	2.77358	2.77358	2.77358	2.77358	2.77358	2.77358	2.77358	2.77358	2.77358	2.69034	2.13849	3.86585	
122471	6.86325e+17	2.79148e+17	1.22156e+17	7.7289e+16	1.54578e+17	2.31867e+17	3.09156e+17	3.86445e+17	4.63734e+17	5.41023e+17	6.18312e+17	6.95601e+17	7.59813e+17	6.71557e+17	1.13144e+16	5.86747e+15	5.37348e+15	2.35145e+15	1.48778e+15	2.97556e+15	4.46335e+15	5.95113e+15	7.43891e+15	8.92669e+15	1.04145e+16	1.19023e+16	1.339e+16	2.28579e+16	1.25664e+17	4.4858e+17	2.85312	2.77632	2.77632	2.77632	2.77632	2.77632	2.77632	2.77632	2.77632	2.77632	2.77632	2.77632	2.69301	2.13815	3.85898	
122722	6.86326e+17	2.79149e+17	1.22156e+17	7.72893e+16	1.54579e+17	2.31868e+17	3.09157e+17	3.86446e+17	4.63736e+17	5.41025e+17	6.18314e+17	6.95604e+17	7.59791e+17	6.7187e+17	1.13487e+16	5.86691e+15	5.37295e+15	2.35121e+15	1.48763e+15	2.97527e+15	4.4629e+15	5.95053e+15	7.43816e+15	8.9258e+15	1.04134e+16	1.19011e+16	1.33887e+16	2.28714e+16	1.25477e+17	4.48581e+17	2.85574	2.77904	2.77904	2.77904	2.77904	2.77904	2.77904	2.77904	2.77904	2.77904	2.77904	2.77904	2.69568	2.13781	3.85213	
122975	6.86327e+17	2.7915e+17	1.22157e+17	7.72895e+16	1.54579e+17	2.31869e+17	3.09158e+17	3.86448e+17	4.63737e+17	5.41027e+17	6.18316e+17	6.95606e+17	7.59768e+17	6.72185e+17	1.13836e+16	5.86635e+15	5.3724e+15	2.35098e+15	1.48748e+15	2.97496e+15	4.46245e+15	5.94993e+15	7.43741e+15	8.92489e+15	1.04124e+16	1.18999e+16	1.33873e+16	2.28851e+16	1.25289e+17	4.48581e+17	2.8584	2.7818	2.7818	2.7818	2.7818	2.7818	2.7818	2.7818	2.7818	2.7818	2.7818	2.7818	2.69838	2.13747	3.84517	
123226	6.86328e+17	2.79151e+17	1.22157e+17	7.72898e+16	1.5458e+17	2.31869e+17	3.09159e+17	3.86449e+17	4.63739e+17	5.41029e+17	6.18318e+17	6.95608e+17	7.59746e+17	6.72494e+17	1.14185e+16	5.8658e+15	5.37187e+15	2.35074e+15	1.48733e+15	2.97467e+15	4.462e+15	5.94934e+15	7.43667e+15	8.924e+15	1.04113e+16	1.18987e+16	1.3386e+16	2.28987e+16	1.25104e+17	4.48582e+17	2.86102	2.78453	2.78453	2.78453	2.78453	2.78453	2.78453	2.78453	2.78453	2.78453	2.78453	2.78453	2.70105	2.13715	3.8383	
123477	6.86329e+17	2.79152e+17	1.22157e+17	7.729e+16	1.5458e+17	2.3187e+17	3.0916e+17	3.8645e+17	4.6374e+17	5.4103e+17	6.1832e+17	6.9561e+17	7.59724e+17	6.72801e+17	1.14535e+16	5.86525e+15	5.37133e+15	2.35051e+15	1.48719e+15	2.97437e+15	4.46156e+15	5.94874e+15	7.43593e+15	8.92312e+15	1.04103e+16	1.18975e+16	1.33847e+16	2.29123e+16	1.2492e+17	4.48582e+17	2.86363	2.78724	2.78724	2.78724	2.78724	2.78724	2.78724	2.78724	2.78724	2.78724	2.78724	2.78724	2.70371	2.13682	3.83143	
123728	6.8633e+17	2.79153e+17	1.22158e+17	7.72903e+16	1.54581e+17	2.31871e+17	3.09161e+17	3.86451e+17	4.63742e+17	5.41032e+17	6.18322e+17	6.95612e+17	7.59702e+17	6.73107e+17	1.14889e+16	5.8647e+15	5.3708e+15	2.35027e+15	1.48704e+15	2.97408e+15	4.46111e+15	5.94815e+15	7.43519e+15	8.92223e+15	1.04093e+16	1.18963e+16	1.33833e+16	2.2926e+16	1.24737e+17	4.48583e+17	2.86625	2.78996	2.78996	2.78996	2.78996	2.78996	2.78996	2.78996	2.78996	2.78996	2.78996	2.78996	2.70637	2.13651	3.82454	
123978	6.86331e+17	2.79153e+17	1.22158e+17	7.72905e+16	1.54581e+17	2.31872e+17	3.09162e+17	3.86453e+17	4.63743e+17	5.41034e+17	6.18324e+17	6.95615e+17	7.5968e+17	6.7341e+17	1.15244e+16	5.86415e+15	5.37027e+15	2.35004e+15	1.48689e+15	2.97378e+15	4.46067e+15	5.94756e+15	7.43446e+15	8.92135e+15	1.04082e+16	1.18951e+16	1.3382e+16	2.29396e+16	1.24556e+17	4.48583e+17	2.86886	2.79267	2.79267	2.79267	2.79267	2.79267	2.79267	2.79267	2.79267	2.79267	2.79267	2.79267	2.70901	2.13619	3.81766	
124228	6.86332e+17	2.79154e+17	1.22159e+17	7.72908e+16	1.54582e+17	2.31872e+17	3.09163e+17	3.86454e+17	4.63745e+17	5.41035e+17	6.18326e+17	6.95617e+17	7.59658e+17	6.73712e+17	1.15603e+16	5.8636e+15	5.36974e+15	2.34981e+15	1.48674e+15	2.97349e+15	4.46023e+15	5.94698e+15	7.43372e+15	8.92047e+15	1.04072e+16	1.1894e+16	1.33807e+16	2.29533e+16	1.24376e+17	4.48584e+17	2.87146	2.79538	2.79538	2.79538	2.79538	2.79538	2.79538	2.79538	2.79538	2.79538	2.79538	2.79538	2.71166	2.13589	3.81078	
124479	6.86333e+17	2.79155e+17	1.22159e+17	7.7291e+16	1.54582e+17	2.31873e+17	3.09164e+17	3.86455e+17	4.63746e+17	5.41037e+17	6.18328e+17	6.95619e+17	7.59635e+17	6.74012e+17	1.15964e+16	5.86305e+15	5.36921e+15	2.34958e+15	1.4866e+15	2.9732e+15	4.45979e+15	5.94639e+15	7.43299e+15	8.91959e+15	1.04062e+16	1.18928e+16	1.33794e+16	2.29671e+16	1.24196e+17	4.48585e+17	2.87406	2.79808	2.79808	2.79808	2.79808	2.79808	2.79808	2.79808	2.79808	2.79808	2.79808	2.79808	2.7143	2.13559	3.80389	
124730	6.86334e+17	2.79156e+17	1.22159e+17	7.72912e+16	1.54582e+17	2.31874e+17	3.09165e+17	3.86456e+17	4.63747e+17	5.41039e+17	6.1833e+17	6.95621e+17	7.59613e+17	6.7431e+17	1.16329e+16	5.86251e+15	5.36868e+15	2.34935e+15	1.48645e+15	2.9729e+15	4.45935e+15	5.94581e+15	7.43226e+15	8.91871e+15	1.04052e+16	1.18916e+16	1.33781e+16	2.29809e+16	1.24017e+17	4.48585e+17	2.87667	2.80079	2.80079	2.80079	2.80079	2.80079	2.80079	2.80079	2.80079	2.80079	2.80079	2.80079	2.71695	2.13529	3.79698	
124980	6.86335e+17	2.79157e+17	1.2216e+17	7.72915e+16	1.54583e+17	2.31874e+17	3.09166e+17	3.86457e+17	4.63749e+17	5.4104e+17	6.18332e+17	6.95623e+17	7.5959e+17	6.74606e+17	1.16695e+16	5.86196e+15	5.36815e+15	2.34912e+15	1.48631e+15	2.97261e+15	4.45892e+15	5.94522e+15	7.43153e+15	8.91784e+15	1.04041e+16	1.18904e+16	1.33768e+16	2.29948e+16	1.2384e+17	4.48586e+17	2.87926	2.80348	2.80348	2.80348	2.80348	2.80348	2.80348	2.80348	2.80348	2.80348	2.80348	2.80348	2.71958	2.135	3.7901	
125230	6.86336e+17	2.79158e+17	1.2216e+17	7.72917e+16	1.54583e+17	2.31875e+17	3.09167e+17	3.86459e+17	4.6375e+17	5.41042e+17	6.18334e+17	6.95625e+17	7.59568e+17	6.749e+17	1.17064e+16	5.86142e+15	5.36763e+15	2.34889e+15	1.48616e+15	2.97232e+15	4.45848e+15	5.94464e+15	7.4308e+15	8.91696e+15	1.04031e+16	1.18893e+16	1.33754e+16	2.30086e+16	1.23664e+17	4.48586e+17	2.88185	2.80617	2.80617	2.80617	2.80617	2.80617	2.80617	2.80617	2.80617	2.80617	2.80617	2.80617	2.72221	2.13471	3.78321	
125481	6.86337e+17	2.79159e+17	1.22161e+17	7.7292e+16	1.54584e+17	2.31876e+17	3.09168e+17	3.8646e+17	4.63752e+17	5.41044e+17	6.18336e+17	6.95628e+17	7.59545e+17	6.75193e+17	1.17436e+16	5.86088e+15	5.3671e+15	2.34866e+15	1.48602e+15	2.97203e+15	4.45805e+15	5.94406e+15	7.43008e+15	8.91609e+15	1.04021e+16	1.18881e+16	1.33741e+16	2.30226e+16	1.23489e+17	4.48587e+17	2.88444	2.80886	2.80886	2.80886	2.80886	2.80886	2.80886	2.80886	2.80886	2.80886	2.80886	2.80886	2.72484	2.13443	3.7763	
125732	6.86338e+17	2.79159e+17	1.22161e+17	7.72922e+16	1.54584e+17	2.31877e+17	3.09169e+17	3.86461e+17	4.63753e+17	5.41045e+17	6.18338e+17	6.9563e+17	7.59522e+17	6.75484e+17	1.17812e+16	5.86034e+15	5.36658e+15	2.34843e+15	1.48587e+15	2.97174e+15	4.45761e+15	5.94348e+15	7.42935e+15	8.91522e+15	1.04011e+16	1.1887e+16	1.33728e+16	2.30366e+16	1.23315e+17	4.48587e+17	2.88703	2.81155	2.81155	2.81155	2.81155	2.81155	2.81155	2.81155	2.81155	2.81155	2.81155	2.81155	2.72747	2.13415	3.76939	
125982	6.86339e+17	2.7916e+17	1.22161e+17	7.72924e+16	1.54585e+17	2.31877e+17	3.0917e+17	3.86462e+17	4.63755e+17	5.41047e+17	6.18339e+17	6.95632e+17	7.595e+17	6.75773e+17	1.18189e+16	5.8598e+15	5.36606e+15	2.3482e+15	1.48573e+15	2.97145e+15	4.45718e+15	5.94291e+15	7.42863e+15	8.91436e+15	1.04001e+16	1.18858e+16	1.33715e+16	2.30506e+16	1.23142e+17	4.48588e+17	2.88961	2.81424	2.81424	2.81424	2.81424	2.81424	2.81424	2.81424	2.81424	2.81424	2.81424	2.81424	2.73009	2.13388	3.76249	
126236	6.86341e+17	2.79161e+17	1.22162e+17	7.72927e+16	1.54585e+17	2.31878e+17	3.09171e+17	3.86463e+17	4.63756e+17	5.41049e+17	6.18341e+17	6.95634e+17	7.59477e+17	6.76064e+17	1.18574e+16	5.85925e+15	5.36553e+15	2.34797e+15	1.48558e+15	2.97116e+15	4.45674e+15	5.94232e+15	7.4279e+15	8.91348e+15	1.03991e+16	1.18846e+16	1.33702e+16	2.30648e+16	1.22968e+17	4.48589e+17	2.89222	2.81695	2.81695	2.81695	2.81695	2.81695	2.81695	2.81695	2.81695	2.81695	2.81695	2.81695	2.73275	2.13361	3.75551	
126487	6.86342e+17	2.79162e+17	1.22162e+17	7.72929e+16	1.54586e+17	2.31879e+17	3.09172e+17	3.86465e+17	4.63757e+17	5.4105e+17	6.18343e+17	6.95636e+17	7.59454e+17	6.7635e+17	1.18958e+16	5.85872e+15	5.36501e+15	2.34774e+15	1.48544e+15	2.97087e+15	4.45631e+15	5.94175e+15	7.42718e+15	8.91262e+15	1.03981e+16	1.18835e+16	1.33689e+16	2.30789e+16	1.22797e+17	4.48589e+17	2.8948	2.81963	2.81963	2.81963	2.81963	2.81963	2.81963	2.81963	2.81963	2.81963	2.81963	2.81963	2.73536	2.13335	3.7486	
126737	6.86343e+17	2.79163e+17	1.22162e+17	7.72932e+16	1.54586e+17	2.31879e+17	3.09173e+17	3.86466e+17	4.63759e+17	5.41052e+17	6.18345e+17	6.95638e+17	7.59431e+17	6.76633e+17	1.19344e+16	5.85818e+15	5.3645e+15	2.34752e+15	1.48529e+15	2.97059e+15	4.45588e+15	5.94117e+15	7.42647e+15	8.91176e+15	1.03971e+16	1.18823e+16	1.33676e+16	2.3093e+16	1.22627e+17	4.4859e+17	2.89737	2.8223	2.8223	2.8223	2.8223	2.8223	2.8223	2.8223	2.8223	2.8223	2.8223	2.8223	2.73797	2.13309	3.7417	
126988	6.86344e+17	2.79164e+17	1.22163e+17	7.72934e+16	1.54587e+17	2.3188e+17	3.09174e+17	3.86467e+17	4.6376e+17	5.41054e+17	6.18347e+17	6.9564e+17	7.59408e+17	6.76916e+17	1.19733e+16	5.85764e+15	5.36398e+15	2.34729e+15	1.48515e+15	2.9703e+15	4.45545e+15	5.9406e+15	7.42575e+15	8.9109e+15	1.03961e+16	1.18812e+16	1.33664e+16	2.31072e+16	1.22458e+17	4.4859e+17	2.89994	2.82497	2.82497	2.82497	2.82497	2.82497	2.82497	2.82497	2.82497	2.82497	2.82497	2.82497	2.74058	2.13283	3.73478	
127238	6.86345e+17	2.79165e+17	1.22163e+17	7.72936e+16	1.54587e+17	2.31881e+17	3.09174e+17	3.86468e+17	4.63762e+17	5.41055e+17	6.18349e+17	6.95643e+17	7.59385e+17	6.77195e+17	1.20124e+16	5.85711e+15	5.36347e+15	2.34707e+15	1.48501e+15	2.97002e+15	4.45502e+15	5.94003e+15	7.42504e+15	8.91005e+15	1.03951e+16	1.18801e+16	1.33651e+16	2.31214e+16	1.2229e+17	4.48591e+17	2.9025	2.82763	2.82763	2.82763	2.82763	2.82763	2.82763	2.82763	2.82763	2.82763	2.82763	2.82763	2.74318	2.13259	3.72789	
127488	6.86346e+17	2.79165e+17	1.22164e+17	7.72939e+16	1.54588e+17	2.31882e+17	3.09175e+17	3.86469e+17	4.63763e+17	5.41057e+17	6.18351e+17	6.95645e+17	7.59362e+17	6.77474e+17	1.20519e+16	5.85658e+15	5.36295e+15	2.34684e+15	1.48487e+15	2.96973e+15	4.4546e+15	5.93946e+15	7.42433e+15	8.9092e+15	1.03941e+16	1.18789e+16	1.33638e+16	2.31356e+16	1.22123e+17	4.48591e+17	2.90506	2.83029	2.83029	2.83029	2.83029	2.83029	2.83029	2.83029	2.83029	2.83029	2.83029	2.83029	2.74578	2.13234	3.72099	
127739	6.86347e+17	2.79166e+17	1.22164e+17	7.72941e+16	1.54588e+17	2.31882e+17	3.09176e+17	3.8647e+17	4.63765e+17	5.41059e+17	6.18353e+17	6.95647e+17	7.59338e+17	6.7775e+17	1.20916e+16	5.85605e+15	5.36244e+15	2.34662e+15	1.48472e+15	2.96945e+15	4.45417e+15	5.9389e+15	7.42362e+15	8.90835e+15	1.03931e+16	1.18778e+16	1.33625e+16	2.31499e+16	1.21957e+17	4.48592e+17	2.90762	2.83295	2.83295	2.83295	2.83295	2.83295	2.83295	2.83295	2.83295	2.83295	2.83295	2.83295	2.74838	2.1321	3.71408	
127989	6.86348e+17	2.79167e+17	1.22164e+17	7.72943e+16	1.54589e+17	2.31883e+17	3.09177e+17	3.86472e+17	4.63766e+17	5.4106e+17	6.18355e+17	6.95649e+17	7.59315e+17	6.78026e+17	1.21317e+16	5.85552e+15	5.36193e+15	2.34639e+15	1.48458e+15	2.96917e+15	4.45375e+15	5.93833e+15	7.42291e+15	8.9075e+15	1.03921e+16	1.18767e+16	1.33612e+16	2.31643e+16	1.21792e+17	4.48592e+17	2.91018	2.83561	2.83561	2.83561	2.83561	2.83561	2.83561	2.83561	2.83561	2.83561	2.83561	2.83561	2.75098	2.13187	3.70716	
128239	6.86349e+17	2.79168e+17	1.22165e+17	7.72946e+16	1.54589e+17	2.31884e+17	3.09178e+17	3.86473e+17	4.63767e+17	5.41062e+17	6.18356e+17	6.95651e+17	7.59292e+17	6.78299e+17	1.2172e+16	5.85499e+15	5.36142e+15	2.34617e+15	1.48444e+15	2.96888e+15	4.45332e+15	5.93777e+15	7.42221e+15	8.90665e+15	1.03911e+16	1.18755e+16	1.336e+16	2.31786e+16	1.21629e+17	4.48593e+17	2.91273	2.83826	2.83826	2.83826	2.83826	2.83826	2.83826	2.83826	2.83826	2.83826	2.83826	2.83826	2.75356	2.13164	3.70027	
128490	6.8635e+17	2.79169e+17	1.22165e+17	7.72948e+16	1.5459e+17	2.31884e+17	3.09179e+17	3.86474e+17	4.63769e+17	5.41064e+17	6.18358e+17	6.95653e+17	7.59268e+17	6.7857e+17	1.22126e+16	5.85446e+15	5.36091e+15	2.34595e+15	1.4843e+15	2.9686e+15	4.4529e+15	5.9372e+15	7.4215e+15	8.90581e+15	1.03901e+16	1.18744e+16	1.33587e+16	2.3193e+16	1.21466e+17	4.48594e+17	2.91527	2.84091	2.84091	2.84091	2.84091	2.84091	2.84091	2.84091	2.84091	2.84091	2.84091	2.84091	2.75615	2.13141	3.69337	
128740	6.86351e+17	2.7917e+17	1.22165e+17	7.7295e+16	1.5459e+17	2.31885e+17	3.0918e+17	3.86475e+17	4.6377e+17	5.41065e+17	6.1836e+17	6.95655e+17	7.59245e+17	6.7884e+17	1.22536e+16	5.85394e+15	5.3604e+15	2.34573e+15	1.48416e+15	2.96832e+15	4.45248e+15	5.93664e+15	7.4208e+15	8.90496e+15	1.03891e+16	1.18733e+16	1.33574e+16	2.32075e+16	1.21304e+17	4.48594e+17	2.91782	2.84356	2.84356	2.84356	2.84356	2.84356	2.84356	2.84356	2.84356	2.84356	2.84356	2.84356	2.75873	2.13119	3.68646	
128991	6.86352e+17	2.7917e+17	1.22166e+17	7.72953e+16	1.54591e+17	2.31886e+17	3.09181e+17	3.86476e+17	4.63772e+17	5.41067e+17	6.18362e+17	6.95657e+17	7.59221e+17	6.79109e+17	1.22949e+16	5.85341e+15	5.3599e+15	2.3455e+15	1.48402e+15	2.96804e+15	4.45206e+15	5.93608e+15	7.4201e+15	8.90412e+15	1.03881e+16	1.18722e+16	1.33562e+16	2.3222e+16	1.21143e+17	4.48595e+17	2.92036	2.8462	2.8462	2.8462	2.8462	2.8462	2.8462	2.8462	2.8462	2.8462	2.8462	2.8462	2.76132	2.13098	3.67954	
129241	6.86353e+17	2.79171e+17	1.22166e+17	7.72955e+16	1.54591e+17	2.31886e+17	3.09182e+17	3.86477e+17	4.63773e+17	5.41068e+17	6.18364e+17	6.95658e+17	7.59197e+17	6.79376e+17	1.23365e+16	5.85289e+15	5.35939e+15	2.34528e+15	1.48388e+15	2.96776e+15	4.45164e+15	5.93552e+15	7.4194e+15	8.90328e+15	1.03872e+16	1.1871e+16	1.33549e+16	2.32365e+16	1.20983e+17	4.48595e+17	2.9229	2.84884	2.84884	2.84884	2.84884	2.84884	2.84884	2.84884	2.84884	2.84884	2.84884	2.84884	2.76389	2.13076	3.67264	
129495	6.86354e+17	2.79172e+17	1.22166e+17	7.72957e+16	1.54591e+17	2.31887e+17	3.09183e+17	3.86479e+17	4.63774e+17	5.4107e+17	6.18366e+17	6.95659e+17	7.59171e+17	6.79644e+17	1.23789e+16	5.85236e+15	5.35888e+15	2.34506e+15	1.48374e+15	2.96748e+15	4.45122e+15	5.93496e+15	7.41869e+15	8.90243e+15	1.03862e+16	1.18699e+16	1.33536e+16	2.32511e+16	1.20822e+17	4.48596e+17	2.92546	2.85151	2.85151	2.85151	2.85151	2.85151	2.85151	2.85151	2.85151	2.85151	2.85151	2.8515	2.76649	2.13055	3.66565	
129745	6.86355e+17	2.79173e+17	1.22167e+17	7.72959e+16	1.54592e+17	2.31888e+17	3.09184e+17	3.8648e+17	4.63776e+17	5.41072e+17	6.18368e+17	6.95659e+17	7.59146e+17	6.79907e+17	1.24211e+16	5.85184e+15	5.35838e+15	2.34484e+15	1.4836e+15	2.9672e+15	4.4508e+15	5.9344e+15	7.418e+15	8.9016e+15	1.03852e+16	1.18688e+16	1.33523e+16	2.32656e+16	1.20664e+17	4.48596e+17	2.928	2.85414	2.85414	2.85414	2.85414	2.85414	2.85414	2.85414	2.85414	2.85414	2.85414	2.85412	2.76904	2.13035	3.65874	
129995	6.86356e+17	2.79174e+17	1.22167e+17	7.72962e+16	1.54592e+17	2.31889e+17	3.09185e+17	3.86481e+17	4.63777e+17	5.41073e+17	6.18369e+17	6.95659e+17	7.5912e+17	6.80169e+17	1.24636e+16	5.85132e+15	5.35788e+15	2.34462e+15	1.48346e+15	2.96692e+15	4.45038e+15	5.93384e+15	7.4173e+15	8.90077e+15	1.03842e+16	1.18677e+16	1.3351e+16	2.32801e+16	1.20508e+17	4.48597e+17	2.93052	2.85677	2.85677	2.85677	2.85677	2.85677	2.85677	2.85677	2.85677	2.85677	2.85677	2.85674	2.77158	2.13015	3.65185	
130246	6.86357e+17	2.79175e+17	1.22168e+17	7.72964e+16	1.54593e+17	2.31889e+17	3.09186e+17	3.86482e+17	4.63778e+17	5.41075e+17	6.18371e+17	6.9566e+17	7.59095e+17	6.80429e+17	1.25064e+16	5.8508e+15	5.35738e+15	2.3444e+15	1.48332e+15	2.96664e+15	4.44997e+15	5.93329e+15	7.41661e+15	8.89993e+15	1.03833e+16	1.18666e+16	1.33498e+16	2.32946e+16	1.20351e+17	4.48597e+17	2.93305	2.85939	2.85939	2.85939	2.85939	2.85939	2.85939	2.85939	2.85939	2.85939	2.85939	2.85935	2.77412	2.12996	3.64494	
130499	6.86358e+17	2.79175e+17	1.22168e+17	7.72966e+16	1.54593e+17	2.3189e+17	3.09187e+17	3.86483e+17	4.6378e+17	5.41076e+17	6.18373e+17	6.9566e+17	7.5907e+17	6.80691e+17	1.255e+16	5.85027e+15	5.35687e+15	2.34418e+15	1.48318e+15	2.96636e+15	4.44955e+15	5.93273e+15	7.41591e+15	8.89909e+15	1.03823e+16	1.18655e+16	1.33485e+16	2.33093e+16	1.20194e+17	4.48598e+17	2.9356	2.86205	2.86205	2.86205	2.86205	2.86205	2.86205	2.86205	2.86205	2.86205	2.86205	2.86197	2.77668	2.12976	3.63797	
130750	6.86359e+17	2.79176e+17	1.22168e+17	7.72969e+16	1.54594e+17	2.31891e+17	3.09187e+17	3.86484e+17	4.63781e+17	5.41078e+17	6.18375e+17	6.95661e+17	7.59045e+17	6.80948e+17	1.25934e+16	5.84975e+15	5.35637e+15	2.34396e+15	1.48304e+15	2.96609e+15	4.44913e+15	5.93218e+15	7.41522e+15	8.89827e+15	1.03813e+16	1.18644e+16	1.33472e+16	2.33238e+16	1.2004e+17	4.48598e+17	2.93811	2.86466	2.86466	2.86466	2.86466	2.86466	2.86466	2.86466	2.86466	2.86466	2.86466	2.86457	2.77919	2.12958	3.63109	
131001	6.8636e+17	2.79177e+17	1.22169e+17	7.72971e+16	1.54594e+17	2.31891e+17	3.09188e+17	3.86485e+17	4.63783e+17	5.4108e+17	6.18377e+17	6.95662e+17	7.5902e+17	6.81203e+17	1.26371e+16	5.84924e+15	5.35588e+15	2.34375e+15	1.48291e+15	2.96581e+15	4.44872e+15	5.93163e+15	7.41453e+15	8.89744e+15	1.03803e+16	1.18633e+16	1.3346e+16	2.33383e+16	1.19887e+17	4.48599e+17	2.94063	2.86728	2.86728	2.86728	2.86728	2.86728	2.86728	2.86728	2.86728	2.86728	2.86728	2.86716	2.78171	2.12939	3.6242	
131254	6.86361e+17	2.79178e+17	1.22169e+17	7.72973e+16	1.54595e+17	2.31892e+17	3.09189e+17	3.86487e+17	4.63784e+17	5.41081e+17	6.18379e+17	6.95663e+17	7.58995e+17	6.8146e+17	1.26816e+16	5.84872e+15	5.35537e+15	2.34353e+15	1.48277e+15	2.96554e+15	4.4483e+15	5.93107e+15	7.41384e+15	8.89661e+15	1.03794e+16	1.18621e+16	1.33447e+16	2.3353e+16	1.19733e+17	4.486e+17	2.94317	2.86992	2.86992	2.86992	2.86992	2.86992	2.86992	2.86992	2.86992	2.86992	2.86992	2.86977	2.78423	2.12921	3.61724	
131504	6.86362e+17	2.79179e+17	1.22169e+17	7.72975e+16	1.54595e+17	2.31893e+17	3.0919e+17	3.86488e+17	4.63785e+17	5.41083e+17	6.1838e+17	6.95663e+17	7.5897e+17	6.81712e+17	1.27259e+16	5.8482e+15	5.35488e+15	2.34331e+15	1.48263e+15	2.96526e+15	4.44789e+15	5.93052e+15	7.41316e+15	8.89579e+15	1.03784e+16	1.1861e+16	1.33435e+16	2.33676e+16	1.19582e+17	4.486e+17	2.94568	2.87253	2.87253	2.87253	2.87253	2.87253	2.87253	2.87253	2.87253	2.87253	2.87253	2.87234	2.78673	2.12904	3.61037	
131755	6.86363e+17	2.7918e+17	1.2217e+17	7.72978e+16	1.54596e+17	2.31893e+17	3.09191e+17	3.86489e+17	4.63787e+17	5.41084e+17	6.18382e+17	6.95664e+17	7.58946e+17	6.81963e+17	1.27706e+16	5.84769e+15	5.35439e+15	2.34309e+15	1.48249e+15	2.96499e+15	4.44748e+15	5.92998e+15	7.41247e+15	8.89497e+15	1.03775e+16	1.186e+16	1.33423e+16	2.33822e+16	1.19431e+17	4.48601e+17	2.94818	2.87514	2.87514	2.87514	2.87514	2.87514	2.87514	2.87514	2.87514	2.87514	2.87514	2.87491	2.78921	2.12887	3.6035	
132005	6.86364e+17	2.7918e+17	1.2217e+17	7.7298e+16	1.54596e+17	2.31894e+17	3.09192e+17	3.8649e+17	4.63788e+17	5.41086e+17	6.18384e+17	6.95665e+17	7.58921e+17	6.82212e+17	1.28146e+16	5.84718e+15	5.35389e+15	2.34288e+15	1.48236e+15	2.96472e+15	4.44707e+15	5.92943e+15	7.41179e+15	8.89415e+15	1.03765e+16	1.18589e+16	1.33411e+16	2.33968e+16	1.19282e+17	4.48598e+17	2.95068	2.87774	2.87774	2.87774	2.87774	2.87774	2.87774	2.87774	2.87774	2.87774	2.87774	2.87747	2.79169	2.1287	3.59677	
132259	6.86365e+17	2.79181e+17	1.2217e+17	7.72982e+16	1.54596e+17	2.31895e+17	3.09193e+17	3.86491e+17	4.63789e+17	5.41088e+17	6.18386e+17	6.95666e+17	7.58896e+17	6.82462e+17	1.28577e+16	5.84666e+15	5.3534e+15	2.34266e+15	1.48222e+15	2.96444e+15	4.44666e+15	5.92888e+15	7.4111e+15	8.89332e+15	1.03755e+16	1.18578e+16	1.33399e+16	2.34116e+16	1.19131e+17	4.48598e+17	2.9532	2.88037	2.88037	2.88037	2.88037	2.88037	2.88037	2.88037	2.88037	2.88037	2.88037	2.88005	2.79419	2.12854	3.59024	
132512	6.86366e+17	2.79182e+17	1.22171e+17	7.72984e+16	1.54597e+17	2.31895e+17	3.09194e+17	3.86492e+17	4.63791e+17	5.41089e+17	6.18388e+17	6.95667e+17	7.58871e+17	6.8271e+17	1.29009e+16	5.84615e+15	5.3529e+15	2.34244e+15	1.48208e+15	2.96417e+15	4.44625e+15	5.92833e+15	7.41042e+15	8.8925e+15	1.03746e+16	1.18567e+16	1.33387e+16	2.34264e+16	1.18982e+17	4.48599e+17	2.95572	2.88299	2.88299	2.88299	2.88299	2.88299	2.88299	2.88299	2.88299	2.88299	2.88299	2.88263	2.79668	2.12838	3.58375	
132762	6.86367e+17	2.79183e+17	1.22171e+17	7.72987e+16	1.54597e+17	2.31896e+17	3.09195e+17	3.86493e+17	4.63792e+17	5.41091e+17	6.18389e+17	6.95668e+17	7.58846e+17	6.82954e+17	1.29438e+16	5.84564e+15	5.35241e+15	2.34223e+15	1.48195e+15	2.9639e+15	4.44584e+15	5.92779e+15	7.40974e+15	8.89169e+15	1.03736e+16	1.18556e+16	1.33376e+16	2.3441e+16	1.18836e+17	4.48599e+17	2.9582	2.88558	2.88558	2.88558	2.88558	2.88558	2.88558	2.88558	2.88558	2.88558	2.88558	2.88517	2.79914	2.12823	3.57734	
133012	6.86368e+17	2.79184e+17	1.22171e+17	7.72989e+16	1.54598e+17	2.31897e+17	3.09196e+17	3.86494e+17	4.63793e+17	5.41092e+17	6.18391e+17	6.95668e+17	7.58822e+17	6.83197e+17	1.2987e+16	5.84513e+15	5.35193e+15	2.34202e+15	1.48181e+15	2.96363e+15	4.44544e+15	5.92725e+15	7.40907e+15	8.89088e+15	1.03727e+16	1.18545e+16	1.33364e+16	2.34557e+16	1.1869e+17	4.486e+17	2.96068	2.88817	2.88817	2.88817	2.88817	2.88817	2.88817	2.88817	2.88817	2.88817	2.88817	2.8877	2.80159	2.12808	3.57093	
133265	6.86369e+17	2.79184e+17	1.22172e+17	7.72991e+16	1.54598e+17	2.31897e+17	3.09196e+17	3.86496e+17	4.63795e+17	5.41094e+17	6.18393e+17	6.95669e+17	7.58797e+17	6.83441e+17	1.30309e+16	5.84462e+15	5.35143e+15	2.3418e+15	1.48168e+15	2.96335e+15	4.44503e+15	5.92671e+15	7.40838e+15	8.89006e+15	1.03717e+16	1.18534e+16	1.33354e+16	2.34705e+16	1.18544e+17	4.486e+17	2.96318	2.89078	2.89078	2.89078	2.89078	2.89078	2.89078	2.89078	2.89078	2.89078	2.89078	2.89026	2.80406	2.12793	3.56448	
133515	6.8637e+17	2.79185e+17	1.22172e+17	7.72993e+16	1.54599e+17	2.31898e+17	3.09197e+17	3.86497e+17	4.63796e+17	5.41095e+17	6.18395e+17	6.9567e+17	7.58772e+17	6.8368e+17	1.30745e+16	5.84411e+15	5.35095e+15	2.34159e+15	1.48154e+15	2.96309e+15	4.44463e+15	5.92617e+15	7.40771e+15	8.88926e+15	1.03708e+16	1.18523e+16	1.33344e+16	2.34852e+16	1.184e+17	4.486e+17	2.96565	2.89336	2.89336	2.89336	2.89336	2.89336	2.89336	2.89336	2.89336	2.89336	2.89336	2.89278	2.8065	2.12779	3.55811	
133766	6.86371e+17	2.79186e+17	1.22173e+17	7.72996e+16	1.54599e+17	2.31899e+17	3.09198e+17	3.86498e+17	4.63797e+17	5.41097e+17	6.18396e+17	6.95671e+17	7.58747e+17	6.83918e+17	1.31184e+16	5.84361e+15	5.35046e+15	2.34138e+15	1.48141e+15	2.96282e+15	4.44422e+15	5.92563e+15	7.40704e+15	8.88845e+15	1.03699e+16	1.18513e+16	1.33334e+16	2.35e+16	1.18257e+17	4.48601e+17	2.96812	2.89594	2.89594	2.89594	2.89594	2.89594	2.89594	2.89594	2.89594	2.89594	2.89594	2.8953	2.80893	2.12765	3.55174	
134019	6.86372e+17	2.79187e+17	1.22173e+17	7.72998e+16	1.546e+17	2.31899e+17	3.09199e+17	3.86499e+17	4.63799e+17	5.41098e+17	6.18398e+17	6.95671e+17	7.58722e+17	6.84157e+17	1.31629e+16	5.8431e+15	5.34998e+15	2.34116e+15	1.48127e+15	2.96255e+15	4.44382e+15	5.92509e+15	7.40637e+15	8.88764e+15	1.03689e+16	1.18502e+16	1.33326e+16	2.35149e+16	1.18114e+17	4.48601e+17	2.9706	2.89854	2.89854	2.89854	2.89854	2.89854	2.89854	2.89854	2.89854	2.89854	2.89854	2.89784	2.81138	2.12751	3.54534	
134269	6.86373e+17	2.79188e+17	1.22173e+17	7.73e+16	1.546e+17	2.319e+17	3.092e+17	3.865e+17	4.638e+17	5.411e+17	6.184e+17	6.95672e+17	7.58698e+17	6.84392e+17	1.32072e+16	5.8426e+15	5.34949e+15	2.34095e+15	1.48114e+15	2.96228e+15	4.44342e+15	5.92456e+15	7.4057e+15	8.88684e+15	1.0368e+16	1.18491e+16	1.33318e+16	2.35298e+16	1.17972e+17	4.48601e+17	2.97305	2.90111	2.90111	2.90111	2.90111	2.90111	2.90111	2.90111	2.90111	2.90111	2.90111	2.90035	2.8138	2.12738	3.53901	
134519	6.86374e+17	2.79188e+17	1.22174e+17	7.73002e+16	1.546e+17	2.31901e+17	3.09201e+17	3.86501e+17	4.63801e+17	5.41102e+17	6.18402e+17	6.95672e+17	7.58673e+17	6.84625e+17	1.32517e+16	5.8421e+15	5.34901e+15	2.34074e+15	1.48101e+15	2.96201e+15	4.44302e+15	5.92403e+15	7.40503e+15	8.88604e+15	1.0367e+16	1.18481e+16	1.33311e+16	2.35446e+16	1.17832e+17	4.48602e+17	2.97549	2.90367	2.90367	2.90367	2.90367	2.90367	2.90367	2.90367	2.90367	2.90367	2.90367	2.90285	2.81622	2.12726	3.53271	
134770	6.86375e+17	2.79189e+17	1.22174e+17	7.73004e+16	1.54601e+17	2.31901e+17	3.09202e+17	3.86502e+17	4.63803e+17	5.41103e+17	6.18404e+17	6.95672e+17	7.58648e+17	6.84857e+17	1.32964e+16	5.8416e+15	5.34853e+15	2.34053e+15	1.48087e+15	2.96175e+15	4.44262e+15	5.92349e+15	7.40437e+15	8.88524e+15	1.03661e+16	1.1847e+16	1.33306e+16	2.35595e+16	1.17693e+17	4.48602e+17	2.97792	2.90623	2.90623	2.90623	2.90623	2.90623	2.90623	2.90623	2.90623	2.90623	2.90623	2.90534	2.81862	2.12713	3.52642	
135020	6.86376e+17	2.7919e+17	1.22174e+17	7.73007e+16	1.54601e+17	2.31902e+17	3.09203e+17	3.86503e+17	4.63804e+17	5.41105e+17	6.18405e+17	6.95672e+17	7.58623e+17	6.85088e+17	1.33413e+16	5.8411e+15	5.34805e+15	2.34032e+15	1.48074e+15	2.96148e+15	4.44222e+15	5.92296e+15	7.40371e+15	8.88445e+15	1.03652e+16	1.18459e+16	1.33301e+16	2.35745e+16	1.17555e+17	4.48602e+17	2.98035	2.90879	2.90879	2.90879	2.90879	2.90879	2.90879	2.90879	2.90879	2.90879	2.90879	2.90783	2.82103	2.12701	3.52015	
135273	6.86376e+17	2.79191e+17	1.22175e+17	7.73009e+16	1.54602e+17	2.31903e+17	3.09204e+17	3.86504e+17	4.63805e+17	5.41106e+17	6.18407e+17	6.95672e+17	7.58598e+17	6.85319e+17	1.3387e+16	5.8406e+15	5.34757e+15	2.34011e+15	1.48061e+15	2.96121e+15	4.44182e+15	5.92243e+15	7.40304e+15	8.88364e+15	1.03643e+16	1.18449e+16	1.33299e+16	2.35897e+16	1.17415e+17	4.48603e+17	2.9828	2.91137	2.91137	2.91137	2.91137	2.91137	2.91137	2.91137	2.91137	2.91137	2.91137	2.91034	2.82345	2.1269	3.51382	
135523	6.86377e+17	2.79192e+17	1.22175e+17	7.73011e+16	1.54602e+17	2.31903e+17	3.09204e+17	3.86505e+17	4.63807e+17	5.41108e+17	6.18409e+17	6.95671e+17	7.58573e+17	6.85547e+17	1.34323e+16	5.8401e+15	5.34709e+15	2.3399e+15	1.48048e+15	2.96095e+15	4.44143e+15	5.9219e+15	7.40238e+15	8.88285e+15	1.03633e+16	1.18438e+16	1.33298e+16	2.36048e+16	1.17279e+17	4.48603e+17	2.98521	2.91392	2.91392	2.91392	2.91392	2.91392	2.91392	2.91392	2.91392	2.91392	2.91392	2.91282	2.82584	2.12678	3.50758	
135774	6.86378e+17	2.79192e+17	1.22175e+17	7.73013e+16	1.54603e+17	2.31904e+17	3.09205e+17	3.86507e+17	4.63808e+17	5.41109e+17	6.1841e+17	6.9567e+17	7.58548e+17	6.85773e+17	1.3478e+16	5.83961e+15	5.34662e+15	2.33969e+15	1.48034e+15	2.96069e+15	4.44103e+15	5.92137e+15	7.40172e+15	8.88206e+15	1.03624e+16	1.18427e+16	1.33298e+16	2.36199e+16	1.17143e+17	4.48603e+17	2.98761	2.91647	2.91647	2.91647	2.91647	2.91647	2.91647	2.91647	2.91647	2.91647	2.91647	2.9153	2.82823	2.12668	3.50135	
136027	6.86379e+17	2.79193e+17	1.22176e+17	7.73015e+16	1.54603e+17	2.31905e+17	3.09206e+17	3.86508e+17	4.63809e+17	5.41111e+17	6.18412e+17	6.95669e+17	7.58523e+17	6.86e+17	1.35242e+16	5.83911e+15	5.34614e+15	2.33948e+15	1.48021e+15	2.96042e+15	4.44063e+15	5.92084e+15	7.40105e+15	8.88126e+15	1.03615e+16	1.18417e+16	1.33301e+16	2.36353e+16	1.17006e+17	4.48604e+17	2.99003	2.91904	2.91904	2.91904	2.91904	2.91904	2.91904	2.91904	2.91904	2.91904	2.91904	2.91779	2.83064	2.12657	3.49508	
136277	6.8638e+17	2.79194e+17	1.22176e+17	7.73017e+16	1.54603e+17	2.31905e+17	3.09207e+17	3.86509e+17	4.6381e+17	5.41112e+17	6.18414e+17	6.95668e+17	7.58497e+17	6.86223e+17	1.35703e+16	5.83862e+15	5.34566e+15	2.33928e+15	1.48008e+15	2.96016e+15	4.44024e+15	5.92032e+15	7.4004e+15	8.88048e+15	1.03606e+16	1.18406e+16	1.33306e+16	2.36507e+16	1.16872e+17	4.48604e+17	2.99242	2.92158	2.92158	2.92158	2.92158	2.92158	2.92158	2.92158	2.92158	2.92158	2.92158	2.92026	2.83302	2.12647	3.48888	
136528	6.86381e+17	2.79195e+17	1.22176e+17	7.7302e+16	1.54604e+17	2.31906e+17	3.09208e+17	3.8651e+17	4.63812e+17	5.41114e+17	6.18416e+17	6.95666e+17	7.58472e+17	6.86445e+17	1.36166e+16	5.83813e+15	5.34519e+15	2.33907e+15	1.47995e+15	2.9599e+15	4.43984e+15	5.91979e+15	7.39974e+15	8.87969e+15	1.03596e+16	1.18396e+16	1.33313e+16	2.36661e+16	1.16739e+17	4.48604e+17	2.9948	2.92412	2.92412	2.92412	2.92412	2.92412	2.92412	2.92412	2.92412	2.92412	2.92412	2.92272	2.8354	2.12637	3.48271	
136778	6.86382e+17	2.79195e+17	1.22177e+17	7.73022e+16	1.54604e+17	2.31907e+17	3.09209e+17	3.86511e+17	4.63813e+17	5.41115e+17	6.18417e+17	6.95664e+17	7.58446e+17	6.86665e+17	1.36629e+16	5.83764e+15	5.34472e+15	2.33886e+15	1.47982e+15	2.95964e+15	4.43945e+15	5.91927e+15	7.39909e+15	8.87891e+15	1.03587e+16	1.18385e+16	1.33322e+16	2.36816e+16	1.16606e+17	4.48605e+17	2.99717	2.92665	2.92665	2.92665	2.92665	2.92665	2.92665	2.92665	2.92665	2.92665	2.92665	2.92517	2.83776	2.12628	3.47656	
137031	6.86383e+17	2.79196e+17	1.22177e+17	7.73024e+16	1.54605e+17	2.31907e+17	3.0921e+17	3.86512e+17	4.63814e+17	5.41117e+17	6.18419e+17	6.95661e+17	7.5842e+17	6.86887e+17	1.37101e+16	5.83714e+15	5.34424e+15	2.33865e+15	1.47969e+15	2.95937e+15	4.43906e+15	5.91874e+15	7.39843e+15	8.87812e+15	1.03578e+16	1.18375e+16	1.33334e+16	2.36975e+16	1.16473e+17	4.48605e+17	2.99956	2.9292	2.9292	2.9292	2.9292	2.9292	2.9292	2.9292	2.9292	2.9292	2.9292	2.92764	2.84016	2.12619	3.47035	
137282	6.86384e+17	2.79197e+17	1.22177e+17	7.73026e+16	1.54605e+17	2.31908e+17	3.0921e+17	3.86513e+17	4.63816e+17	5.41118e+17	6.18421e+17	6.95658e+17	7.58394e+17	6.87104e+17	1.3757e+16	5.83666e+15	5.34377e+15	2.33845e+15	1.47956e+15	2.95911e+15	4.43867e+15	5.91822e+15	7.39778e+15	8.87734e+15	1.03569e+16	1.18364e+16	1.33348e+16	2.37132e+16	1.16342e+17	4.48605e+17	3.00191	2.93172	2.93172	2.93172	2.93172	2.93172	2.93172	2.93172	2.93172	2.93172	2.93172	2.93008	2.84252	2.1261	3.46424	
137532	6.86385e+17	2.79198e+17	1.22178e+17	7.73028e+16	1.54606e+17	2.31908e+17	3.09211e+17	3.86514e+17	4.63817e+17	5.4112e+17	6.18423e+17	6.95655e+17	7.58368e+17	6.8732e+17	1.3804e+16	5.83617e+15	5.34331e+15	2.33824e+15	1.47943e+15	2.95885e+15	4.43828e+15	5.91771e+15	7.39713e+15	8.87656e+15	1.0356e+16	1.18354e+16	1.33365e+16	2.37291e+16	1.16213e+17	4.48605e+17	3.00425	2.93424	2.93424	2.93424	2.93424	2.93424	2.93424	2.93424	2.93424	2.93424	2.93424	2.93252	2.84487	2.12602	3.45815	
137782	6.86386e+17	2.79199e+17	1.22178e+17	7.7303e+16	1.54606e+17	2.31909e+17	3.09212e+17	3.86515e+17	4.63818e+17	5.41121e+17	6.18424e+17	6.95651e+17	7.58341e+17	6.87535e+17	1.38514e+16	5.83568e+15	5.34284e+15	2.33804e+15	1.4793e+15	2.95859e+15	4.43789e+15	5.91719e+15	7.39648e+15	8.87578e+15	1.03551e+16	1.18344e+16	1.33385e+16	2.37452e+16	1.16083e+17	4.48606e+17	3.00659	2.93675	2.93675	2.93675	2.93675	2.93675	2.93675	2.93675	2.93675	2.93675	2.93675	2.93495	2.84722	2.12594	3.45206	
138036	6.86387e+17	2.79199e+17	1.22178e+17	7.73033e+16	1.54607e+17	2.3191e+17	3.09213e+17	3.86516e+17	4.6382e+17	5.41123e+17	6.18426e+17	6.95647e+17	7.58315e+17	6.87751e+17	1.38994e+16	5.8352e+15	5.34237e+15	2.33783e+15	1.47917e+15	2.95833e+15	4.4375e+15	5.91666e+15	7.39583e+15	8.875e+15	1.03542e+16	1.18333e+16	1.33407e+16	2.37616e+16	1.15954e+17	4.48606e+17	3.00895	2.93929	2.93929	2.93929	2.93929	2.93929	2.93929	2.93929	2.93929	2.93929	2.93929	2.9374	2.84959	2.12586	3.44593	
138286	6.86388e+17	2.792e+17	1.22179e+17	7.73035e+16	1.54607e+17	2.3191e+17	3.09214e+17	3.86517e+17	4.63821e+17	5.41124e+17	6.18428e+17	6.95643e+17	7.58288e+17	6.87963e+17	1.39471e+16	5.83471e+15	5.3419e+15	2.33763e+15	1.47904e+15	2.95807e+15	4.43711e+15	5.91615e+15	7.39519e+15	8.87422e+15	1.03533e+16	1.18323e+16	1.33433e+16	2.37779e+16	1.15826e+17	4.48606e+17	3.01127	2.94179	2.94179	2.94179	2.94179	2.94179	2.94179	2.94179	2.94179	2.94179	2.94179	2.93982	2.85193	2.12579	3.43989	
138537	6.86389e+17	2.79201e+17	1.22179e+17	7.73037e+16	1.54607e+17	2.31911e+17	3.09215e+17	3.86518e+17	4.63822e+17	5.41126e+17	6.18429e+17	6.95638e+17	7.58261e+17	6.88174e+17	1.39951e+16	5.83423e+15	5.34144e+15	2.33743e+15	1.47891e+15	2.95782e+15	4.43673e+15	5.91563e+15	7.39454e+15	8.87345e+15	1.03524e+16	1.18313e+16	1.33461e+16	2.37945e+16	1.15699e+17	4.48606e+17	3.01358	2.94429	2.94429	2.94429	2.94429	2.94429	2.94429	2.94429	2.94429	2.94429	2.94429	2.94224	2.85427	2.12572	3.43387	
138790	6.8639e+17	2.79202e+17	1.22179e+17	7.73039e+16	1.54608e+17	2.31912e+17	3.09216e+17	3.86519e+17	4.63823e+17	5.41127e+17	6.18431e+17	6.95632e+17	7.58233e+17	6.88385e+17	1.40437e+16	5.83375e+15	5.34097e+15	2.33722e+15	1.47878e+15	2.95756e+15	4.43634e+15	5.91512e+15	7.39389e+15	8.87267e+15	1.03515e+16	1.18302e+16	1.33493e+16	2.38114e+16	1.15572e+17	4.48607e+17	3.01591	2.94681	2.94681	2.94681	2.94681	2.94681	2.94681	2.94681	2.94681	2.94681	2.94681	2.94467	2.85663	2.12565	3.4278	
139040	6.86391e+17	2.79202e+17	1.2218e+17	7.73041e+16	1.54608e+17	2.31912e+17	3.09216e+17	3.8652e+17	4.63825e+17	5.41129e+17	6.18433e+17	6.95626e+17	7.58205e+17	6.88593e+17	1.40921e+16	5.83327e+15	5.3405e+15	2.33702e+15	1.47865e+15	2.9573e+15	4.43595e+15	5.9146e+15	7.39325e+15	8.8719e+15	1.03506e+16	1.18292e+16	1.33527e+16	2.38283e+16	1.15447e+17	4.48607e+17	3.01821	2.9493	2.9493	2.9493	2.9493	2.9493	2.9493	2.9493	2.9493	2.9493	2.9493	2.94708	2.85896	2.12559	3.42182	
139291	6.86391e+17	2.79203e+17	1.2218e+17	7.73043e+16	1.54609e+17	2.31913e+17	3.09217e+17	3.86522e+17	4.63826e+17	5.4113e+17	6.18434e+17	6.9562e+17	7.58177e+17	6.88799e+17	1.41406e+16	5.8328e+15	5.34004e+15	2.33682e+15	1.47852e+15	2.95705e+15	4.43557e+15	5.91409e+15	7.39262e+15	8.87114e+15	1.03497e+16	1.18282e+16	1.33564e+16	2.38454e+16	1.15323e+17	4.48607e+17	3.0205	2.95178	2.95178	2.95178	2.95178	2.95178	2.95178	2.95178	2.95178	2.95178	2.95178	2.94947	2.86128	2.12553	3.41585	
139541	6.86392e+17	2.79204e+17	1.2218e+17	7.73045e+16	1.54609e+17	2.31914e+17	3.09218e+17	3.86523e+17	4.63827e+17	5.41132e+17	6.18436e+17	6.95613e+17	7.58149e+17	6.89004e+17	1.41893e+16	5.83232e+15	5.33958e+15	2.33662e+15	1.4784e+15	2.95679e+15	4.43519e+15	5.91358e+15	7.39198e+15	8.87037e+15	1.03488e+16	1.18272e+16	1.33604e+16	2.38627e+16	1.152e+17	4.48607e+17	3.02279	2.95425	2.95425	2.95425	2.95425	2.95425	2.95425	2.95425	2.95425	2.95425	2.95425	2.95186	2.8636	2.12547	3.40992	
139791	6.86393e+17	2.79205e+17	1.22181e+17	7.73047e+16	1.54609e+17	2.31914e+17	3.09219e+17	3.86524e+17	4.63828e+17	5.41133e+17	6.18438e+17	6.95606e+17	7.5812e+17	6.89207e+17	1.42381e+16	5.83185e+15	5.33913e+15	2.33642e+15	1.47827e+15	2.95654e+15	4.43481e+15	5.91308e+15	7.39134e+15	8.86961e+15	1.03479e+16	1.18262e+16	1.33646e+16	2.38802e+16	1.15078e+17	4.48608e+17	3.02506	2.95672	2.95672	2.95672	2.95672	2.95672	2.95672	2.95672	2.95672	2.95672	2.95672	2.95424	2.86591	2.12542	3.40401	
140042	6.86394e+17	2.79205e+17	1.22181e+17	7.73049e+16	1.5461e+17	2.31915e+17	3.0922e+17	3.86525e+17	4.6383e+17	5.41135e+17	6.1844e+17	6.95598e+17	7.58091e+17	6.8941e+17	1.42874e+16	5.83138e+15	5.33867e+15	2.33621e+15	1.47814e+15	2.95628e+15	4.43443e+15	5.91257e+15	7.39071e+15	8.86885e+15	1.0347e+16	1.18251e+16	1.33692e+16	2.38981e+16	1.14956e+17	4.48608e+17	3.02733	2.95919	2.95919	2.95919	2.95919	2.95919	2.95919	2.95919	2.95919	2.95919	2.95919	2.95663	2.86823	2.12537	3.3981	
140293	6.86395e+17	2.79206e+17	1.22181e+17	7.73051e+16	1.5461e+17	2.31915e+17	3.09221e+17	3.86526e+17	4.63831e+17	5.41136e+17	6.18441e+17	6.9559e+17	7.58062e+17	6.8961e+17	1.43367e+16	5.83091e+15	5.33821e+15	2.33601e+15	1.47802e+15	2.95603e+15	4.43405e+15	5.91206e+15	7.39008e+15	8.86809e+15	1.03461e+16	1.18241e+16	1.3374e+16	2.39161e+16	1.14835e+17	4.48608e+17	3.0296	2.96164	2.96164	2.96164	2.96164	2.96164	2.96164	2.96164	2.96164	2.96164	2.96164	2.959	2.87053	2.12532	3.39222	
140543	6.86396e+17	2.79207e+17	1.22182e+17	7.73054e+16	1.54611e+17	2.31916e+17	3.09221e+17	3.86527e+17	4.63832e+17	5.41137e+17	6.18443e+17	6.95581e+17	7.58032e+17	6.8981e+17	1.43863e+16	5.83044e+15	5.33775e+15	2.33581e+15	1.47789e+15	2.95578e+15	4.43367e+15	5.91156e+15	7.38945e+15	8.86733e+15	1.03452e+16	1.18231e+16	1.33792e+16	2.39344e+16	1.14715e+17	4.48608e+17	3.03186	2.9641	2.9641	2.9641	2.9641	2.9641	2.9641	2.9641	2.9641	2.9641	2.9641	2.96137	2.87283	2.12528	3.38636	
140794	6.86397e+17	2.79208e+17	1.22182e+17	7.73056e+16	1.54611e+17	2.31917e+17	3.09222e+17	3.86528e+17	4.63833e+17	5.41139e+17	6.18444e+17	6.95572e+17	7.58001e+17	6.90008e+17	1.4436e+16	5.82997e+15	5.3373e+15	2.33562e+15	1.47776e+15	2.95553e+15	4.43329e+15	5.91105e+15	7.38882e+15	8.86658e+15	1.03443e+16	1.18221e+16	1.33845e+16	2.39529e+16	1.14596e+17	4.48608e+17	3.03411	2.96654	2.96654	2.96654	2.96654	2.96654	2.96654	2.96654	2.96654	2.96654	2.96654	2.96373	2.87513	2.12524	3.38053	
141044	6.86398e+17	2.79208e+17	1.22182e+17	7.73058e+16	1.54612e+17	2.31917e+17	3.09223e+17	3.86529e+17	4.63835e+17	5.4114e+17	6.18446e+17	6.95562e+17	7.57971e+17	6.90205e+17	1.44858e+16	5.8295e+15	5.33685e+15	2.33542e+15	1.47764e+15	2.95528e+15	4.43291e+15	5.91055e+15	7.38819e+15	8.86583e+15	1.03435e+16	1.18211e+16	1.33902e+16	2.39717e+16	1.14477e+17	4.48608e+17	3.03635	2.96898	2.96898	2.96898	2.96898	2.96898	2.96898	2.96898	2.96898	2.96898	2.96898	2.96608	2.87742	2.1252	3.37472	
141294	6.86399e+17	2.79209e+17	1.22183e+17	7.7306e+16	1.54612e+17	2.31918e+17	3.09224e+17	3.8653e+17	4.63836e+17	5.41142e+17	6.18448e+17	6.95553e+17	7.5794e+17	6.904e+17	1.45359e+16	5.82904e+15	5.33639e+15	2.33522e+15	1.47751e+15	2.95503e+15	4.43254e+15	5.91005e+15	7.38756e+15	8.86508e+15	1.03426e+16	1.18201e+16	1.3396e+16	2.39908e+16	1.1436e+17	4.48609e+17	3.03859	2.97141	2.97141	2.97141	2.97141	2.97141	2.97141	2.97141	2.97141	2.97141	2.97141	2.96843	2.87971	2.12517	3.36893	
141545	6.864e+17	2.7921e+17	1.22183e+17	7.73062e+16	1.54612e+17	2.31919e+17	3.09225e+17	3.86531e+17	4.63837e+17	5.41143e+17	6.18449e+17	6.95542e+17	7.57908e+17	6.90594e+17	1.45863e+16	5.82858e+15	5.33594e+15	2.33502e+15	1.47739e+15	2.95477e+15	4.43216e+15	5.90955e+15	7.38694e+15	8.86432e+15	1.03417e+16	1.18191e+16	1.34022e+16	2.40102e+16	1.14243e+17	4.48609e+17	3.04082	2.97384	2.97384	2.97384	2.97384	2.97384	2.97384	2.97384	2.97384	2.97384	2.97384	2.97078	2.88199	2.12514	3.36316	
141796	6.864e+17	2.79211e+17	1.22183e+17	7.73064e+16	1.54613e+17	2.31919e+17	3.09226e+17	3.86532e+17	4.63838e+17	5.41145e+17	6.18451e+17	6.95532e+17	7.57876e+17	6.90787e+17	1.46369e+16	5.82811e+15	5.33549e+15	2.33482e+15	1.47726e+15	2.95453e+15	4.43179e+15	5.90905e+15	7.38631e+15	8.86358e+15	1.03408e+16	1.18181e+16	1.34085e+16	2.40299e+16	1.14127e+17	4.48609e+17	3.04306	2.97627	2.97627	2.97627	2.97627	2.97627	2.97627	2.97627	2.97627	2.97627	2.97627	2.97312	2.88428	2.12511	3.35739	
142046	6.86401e+17	2.79211e+17	1.22184e+17	7.73066e+16	1.54613e+17	2.3192e+17	3.09226e+17	3.86533e+17	4.6384e+17	5.41146e+17	6.18453e+17	6.95521e+17	7.57844e+17	6.90978e+17	1.46875e+16	5.82766e+15	5.33504e+15	2.33463e+15	1.47714e+15	2.95428e+15	4.43142e+15	5.90855e+15	7.38569e+15	8.86283e+15	1.034e+16	1.18171e+16	1.34151e+16	2.40498e+16	1.14012e+17	4.48609e+17	3.04528	2.97868	2.97868	2.97868	2.97868	2.97868	2.97868	2.97868	2.97868	2.97868	2.97868	2.97545	2.88655	2.12509	3.35167	
142296	6.86402e+17	2.79212e+17	1.22184e+17	7.73068e+16	1.54614e+17	2.3192e+17	3.09227e+17	3.86534e+17	4.63841e+17	5.41148e+17	6.18454e+17	6.9551e+17	7.57811e+17	6.91168e+17	1.47384e+16	5.8272e+15	5.33459e+15	2.33443e+15	1.47701e+15	2.95403e+15	4.43104e+15	5.90806e+15	7.38507e+15	8.86209e+15	1.03391e+16	1.18161e+16	1.34219e+16	2.40701e+16	1.13897e+17	4.48609e+17	3.04749	2.98109	2.98109	2.98109	2.98109	2.98109	2.98109	2.98109	2.98109	2.98109	2.98109	2.97777	2.88882	2.12507	3.34597	
142547	6.86403e+17	2.79213e+17	1.22184e+17	7.7307e+16	1.54614e+17	2.31921e+17	3.09228e+17	3.86535e+17	4.63842e+17	5.41149e+17	6.18456e+17	6.95498e+17	7.57777e+17	6.91357e+17	1.47895e+16	5.82674e+15	5.33415e+15	2.33424e+15	1.47689e+15	2.95378e+15	4.43067e+15	5.90756e+15	7.38445e+15	8.86134e+15	1.03382e+16	1.18151e+16	1.34289e+16	2.40907e+16	1.13784e+17	4.48609e+17	3.04971	2.98349	2.98349	2.98349	2.98349	2.98349	2.98349	2.98349	2.98349	2.98349	2.98349	2.9801	2.89109	2.12505	3.34028	
142798	6.86404e+17	2.79214e+17	1.22185e+17	7.73072e+16	1.54614e+17	2.31922e+17	3.09229e+17	3.86536e+17	4.63843e+17	5.4115e+17	6.18458e+17	6.95486e+17	7.57743e+17	6.91544e+17	1.48409e+16	5.82628e+15	5.3337e+15	2.33404e+15	1.47677e+15	2.95353e+15	4.4303e+15	5.90707e+15	7.38383e+15	8.8606e+15	1.03374e+16	1.18141e+16	1.34361e+16	2.41116e+16	1.13671e+17	4.48609e+17	3.05192	2.98589	2.98589	2.98589	2.98589	2.98589	2.98589	2.98589	2.98589	2.98589	2.98589	2.98242	2.89336	2.12504	3.33461	
143048	6.86405e+17	2.79214e+17	1.22185e+17	7.73074e+16	1.54615e+17	2.31922e+17	3.0923e+17	3.86537e+17	4.63844e+17	5.41152e+17	6.18459e+17	6.95474e+17	7.57709e+17	6.9173e+17	1.48923e+16	5.82583e+15	5.33326e+15	2.33385e+15	1.47664e+15	2.95329e+15	4.42993e+15	5.90658e+15	7.38322e+15	8.85986e+15	1.03365e+16	1.18132e+16	1.34434e+16	2.41328e+16	1.13559e+17	4.48609e+17	3.05412	2.98828	2.98828	2.98828	2.98828	2.98828	2.98828	2.98828	2.98828	2.98828	2.98828	2.98472	2.89561	2.12503	3.32897	
143299	6.86406e+17	2.79215e+17	1.22185e+17	7.73076e+16	1.54615e+17	2.31923e+17	3.0923e+17	3.86538e+17	4.63846e+17	5.41153e+17	6.18461e+17	6.95462e+17	7.57674e+17	6.91915e+17	1.49441e+16	5.82538e+15	5.33281e+15	2.33365e+15	1.47652e+15	2.95304e+15	4.42956e+15	5.90608e+15	7.3826e+15	8.85913e+15	1.03356e+16	1.18122e+16	1.34509e+16	2.41544e+16	1.13447e+17	4.48609e+17	3.05632	2.99067	2.99067	2.99067	2.99067	2.99067	2.99067	2.99067	2.99067	2.99067	2.99067	2.98703	2.89787	2.12502	3.32335	
143549	6.86407e+17	2.79216e+17	1.22186e+17	7.73078e+16	1.54616e+17	2.31923e+17	3.09231e+17	3.86539e+17	4.63847e+17	5.41155e+17	6.18462e+17	6.95449e+17	7.57638e+17	6.92098e+17	1.49959e+16	5.82493e+15	5.33237e+15	2.33346e+15	1.4764e+15	2.9528e+15	4.4292e+15	5.90559e+15	7.38199e+15	8.85839e+15	1.03348e+16	1.18112e+16	1.34586e+16	2.41762e+16	1.13337e+17	4.48609e+17	3.05851	2.99304	2.99304	2.99304	2.99304	2.99304	2.99304	2.99304	2.99304	2.99304	2.99304	2.98932	2.90012	2.12501	3.31776	
143800	6.86407e+17	2.79217e+17	1.22186e+17	7.7308e+16	1.54616e+17	2.31924e+17	3.09232e+17	3.8654e+17	4.63848e+17	5.41156e+17	6.18464e+17	6.95436e+17	7.57602e+17	6.9228e+17	1.5048e+16	5.82448e+15	5.33193e+15	2.33327e+15	1.47628e+15	2.95255e+15	4.42883e+15	5.90511e+15	7.38138e+15	8.85766e+15	1.03339e+16	1.18102e+16	1.34664e+16	2.41985e+16	1.13227e+17	4.48609e+17	3.06071	2.99541	2.99541	2.99541	2.99541	2.99541	2.99541	2.99541	2.99541	2.99541	2.99541	2.99162	2.90237	2.12501	3.31218	
144051	6.86408e+17	2.79217e+17	1.22186e+17	7.73082e+16	1.54616e+17	2.31925e+17	3.09233e+17	3.86541e+17	4.63849e+17	5.41157e+17	6.18466e+17	6.95423e+17	7.57566e+17	6.9246e+17	1.51002e+16	5.82403e+15	5.33149e+15	2.33307e+15	1.47615e+15	2.95231e+15	4.42846e+15	5.90462e+15	7.38077e+15	8.85693e+15	1.03331e+16	1.18092e+16	1.34743e+16	2.4221e+16	1.13119e+17	4.48609e+17	3.06289	2.99778	2.99778	2.99778	2.99778	2.99778	2.99778	2.99778	2.99778	2.99778	2.99778	2.9939	2.90461	2.12501	3.30663	
144302	6.86409e+17	2.79218e+17	1.22187e+17	7.73084e+16	1.54617e+17	2.31925e+17	3.09234e+17	3.86542e+17	4.6385e+17	5.41159e+17	6.18467e+17	6.9541e+17	7.57528e+17	6.9264e+17	1.51527e+16	5.82358e+15	5.33105e+15	2.33288e+15	1.47603e+15	2.95207e+15	4.4281e+15	5.90413e+15	7.38016e+15	8.8562e+15	1.03322e+16	1.18083e+16	1.34824e+16	2.42439e+16	1.13011e+17	4.48609e+17	3.06508	3.00014	3.00014	3.00014	3.00014	3.00014	3.00014	3.00014	3.00014	3.00014	3.00014	2.99619	2.90686	2.12502	3.30109	
144552	6.8641e+17	2.79219e+17	1.22187e+17	7.73086e+16	1.54617e+17	2.31926e+17	3.09234e+17	3.86543e+17	4.63852e+17	5.4116e+17	6.18469e+17	6.95397e+17	7.57491e+17	6.92818e+17	1.52053e+16	5.82314e+15	5.33061e+15	2.33269e+15	1.47591e+15	2.95182e+15	4.42774e+15	5.90365e+15	7.37956e+15	8.85547e+15	1.03314e+16	1.18073e+16	1.34905e+16	2.42671e+16	1.12903e+17	4.48609e+17	3.06725	3.00249	3.00249	3.00249	3.00249	3.00249	3.00249	3.00249	3.00249	3.00249	3.00249	2.99846	2.90909	2.12503	3.29558	
144803	6.86411e+17	2.79219e+17	1.22187e+17	7.73088e+16	1.54618e+17	2.31926e+17	3.09235e+17	3.86544e+17	4.63853e+17	5.41162e+17	6.1847e+17	6.95383e+17	7.57453e+17	6.92994e+17	1.5258e+16	5.82269e+15	5.33018e+15	2.3325e+15	1.47579e+15	2.95158e+15	4.42737e+15	5.90316e+15	7.37896e+15	8.85475e+15	1.03305e+16	1.18063e+16	1.34988e+16	2.42906e+16	1.12797e+17	4.48609e+17	3.06943	3.00483	3.00483	3.00483	3.00483	3.00483	3.00483	3.00483	3.00483	3.00483	3.00483	3.00073	2.91132	2.12504	3.2901	
145053	6.86412e+17	2.7922e+17	1.22187e+17	7.7309e+16	1.54618e+17	2.31927e+17	3.09236e+17	3.86545e+17	4.63854e+17	5.41163e+17	6.18472e+17	6.9537e+17	7.57414e+17	6.9317e+17	1.5311e+16	5.82225e+15	5.32974e+15	2.33231e+15	1.47567e+15	2.95134e+15	4.42701e+15	5.90268e+15	7.37835e+15	8.85402e+15	1.03297e+16	1.18054e+16	1.35071e+16	2.43145e+16	1.12691e+17	4.48609e+17	3.0716	3.00717	3.00717	3.00717	3.00717	3.00717	3.00717	3.00717	3.00717	3.00717	3.00717	3.003	2.91354	2.12505	3.28464	
145305	6.86413e+17	2.79221e+17	1.22188e+17	7.73092e+16	1.54618e+17	2.31928e+17	3.09237e+17	3.86546e+17	4.63855e+17	5.41164e+17	6.18474e+17	6.95356e+17	7.57375e+17	6.93344e+17	1.53643e+16	5.82181e+15	5.32931e+15	2.33212e+15	1.47555e+15	2.9511e+15	4.42665e+15	5.9022e+15	7.37775e+15	8.8533e+15	1.03289e+16	1.18044e+16	1.35156e+16	2.43388e+16	1.12586e+17	4.48609e+17	3.07377	3.00951	3.00951	3.00951	3.00951	3.00951	3.00951	3.00951	3.00951	3.00951	3.00951	3.00526	2.91577	2.12507	3.27919	
145555	6.86413e+17	2.79222e+17	1.22188e+17	7.73094e+16	1.54619e+17	2.31928e+17	3.09238e+17	3.86547e+17	4.63856e+17	5.41166e+17	6.18475e+17	6.95342e+17	7.57335e+17	6.93516e+17	1.54176e+16	5.82137e+15	5.32887e+15	2.33193e+15	1.47543e+15	2.95086e+15	4.42629e+15	5.90172e+15	7.37715e+15	8.85258e+15	1.0328e+16	1.18034e+16	1.35241e+16	2.43633e+16	1.12483e+17	4.48609e+17	3.07593	3.01184	3.01184	3.01184	3.01184	3.01184	3.01184	3.01184	3.01184	3.01184	3.01184	3.00751	2.91799	2.12509	3.27378	
145805	6.86414e+17	2.79222e+17	1.22188e+17	7.73096e+16	1.54619e+17	2.31929e+17	3.09238e+17	3.86548e+17	4.63858e+17	5.41167e+17	6.18477e+17	6.95328e+17	7.57295e+17	6.93687e+17	1.54711e+16	5.82093e+15	5.32844e+15	2.33174e+15	1.47531e+15	2.95062e+15	4.42593e+15	5.90124e+15	7.37655e+15	8.85187e+15	1.03272e+16	1.18025e+16	1.35326e+16	2.43881e+16	1.12379e+17	4.48609e+17	3.07808	3.01416	3.01416	3.01416	3.01416	3.01416	3.01416	3.01416	3.01416	3.01416	3.01416	3.00976	2.9202	2.12511	3.26839	
146057	6.86415e+17	2.79223e+17	1.22189e+17	7.73098e+16	1.5462e+17	2.31929e+17	3.09239e+17	3.86549e+17	4.63859e+17	5.41169e+17	6.18478e+17	6.95314e+17	7.57254e+17	6.93857e+17	1.55249e+16	5.8205e+15	5.32801e+15	2.33155e+15	1.47519e+15	2.95038e+15	4.42557e+15	5.90077e+15	7.37596e+15	8.85115e+15	1.03263e+16	1.18015e+16	1.35412e+16	2.44134e+16	1.12277e+17	4.48609e+17	3.08024	3.01647	3.01647	3.01647	3.01647	3.01647	3.01647	3.01647	3.01647	3.01647	3.01647	3.012	2.92241	2.12513	3.26301	
146308	6.86416e+17	2.79224e+17	1.22189e+17	7.731e+16	1.5462e+17	2.3193e+17	3.0924e+17	3.8655e+17	4.6386e+17	5.4117e+17	6.1848e+17	6.953e+17	7.57213e+17	6.94026e+17	1.55789e+16	5.82006e+15	5.32758e+15	2.33136e+15	1.47507e+15	2.95015e+15	4.42522e+15	5.90029e+15	7.37536e+15	8.85044e+15	1.03255e+16	1.18006e+16	1.35499e+16	2.4439e+16	1.12175e+17	4.48609e+17	3.08239	3.01879	3.01879	3.01879	3.01879	3.01879	3.01879	3.01879	3.01879	3.01879	3.01879	3.01425	2.92462	2.12516	3.25765	
146559	6.86417e+17	2.79224e+17	1.22189e+17	7.73102e+16	1.5462e+17	2.31931e+17	3.09241e+17	3.86551e+17	4.63861e+17	5.41171e+17	6.18481e+17	6.95285e+17	7.57171e+17	6.94194e+17	1.56329e+16	5.81963e+15	5.32715e+15	2.33118e+15	1.47495e+15	2.94991e+15	4.42486e+15	5.89982e+15	7.37477e+15	8.84972e+15	1.03247e+16	1.17996e+16	1.35586e+16	2.44648e+16	1.12074e+17	4.48609e+17	3.08454	3.02109	3.02109	3.02109	3.02109	3.02109	3.02109	3.02109	3.02109	3.02109	3.02109	3.01648	2.92682	2.12519	3.25233	
146809	6.86418e+17	2.79225e+17	1.2219e+17	7.73104e+16	1.54621e+17	2.31931e+17	3.09242e+17	3.86552e+17	4.63862e+17	5.41173e+17	6.18483e+17	6.95271e+17	7.57129e+17	6.94359e+17	1.5687e+16	5.8192e+15	5.32673e+15	2.33099e+15	1.47484e+15	2.94967e+15	4.42451e+15	5.89934e+15	7.37418e+15	8.84902e+15	1.03239e+16	1.17987e+16	1.35672e+16	2.44909e+16	1.11975e+17	4.48609e+17	3.08668	3.02338	3.02338	3.02338	3.02338	3.02338	3.02338	3.02338	3.02338	3.02338	3.02338	3.0187	2.92902	2.12523	3.24704	
147060	6.86418e+17	2.79226e+17	1.2219e+17	7.73106e+16	1.54621e+17	2.31932e+17	3.09242e+17	3.86553e+17	4.63863e+17	5.41174e+17	6.18485e+17	6.95257e+17	7.57086e+17	6.94524e+17	1.57415e+16	5.81877e+15	5.3263e+15	2.3308e+15	1.47472e+15	2.94944e+15	4.42415e+15	5.89887e+15	7.37359e+15	8.84831e+15	1.0323e+16	1.17977e+16	1.3576e+16	2.45175e+16	1.11875e+17	4.48609e+17	3.08882	3.02568	3.02568	3.02568	3.02568	3.02568	3.02568	3.02568	3.02568	3.02568	3.02568	3.02093	2.93121	2.12526	3.24176	
147311	6.86419e+17	2.79227e+17	1.2219e+17	7.73108e+16	1.54622e+17	2.31932e+17	3.09243e+17	3.86554e+17	4.63865e+17	5.41175e+17	6.18486e+17	6.95243e+17	7.57043e+17	6.94687e+17	1.57961e+16	5.81834e+15	5.32588e+15	2.33062e+15	1.4746e+15	2.9492e+15	4.4238e+15	5.8984e+15	7.373e+15	8.8476e+15	1.03222e+16	1.17968e+16	1.35847e+16	2.45442e+16	1.11777e+17	4.48609e+17	3.09096	3.02796	3.02796	3.02796	3.02796	3.02796	3.02796	3.02796	3.02796	3.02796	3.02796	3.02314	2.9334	2.1253	3.2365	
147562	6.8642e+17	2.79227e+17	1.22191e+17	7.7311e+16	1.54622e+17	2.31933e+17	3.09244e+17	3.86555e+17	4.63866e+17	5.41177e+17	6.18488e+17	6.95228e+17	7.56999e+17	6.94849e+17	1.5851e+16	5.81791e+15	5.32545e+15	2.33043e+15	1.47448e+15	2.94897e+15	4.42345e+15	5.89793e+15	7.37242e+15	8.8469e+15	1.03214e+16	1.17959e+16	1.35935e+16	2.45714e+16	1.11679e+17	4.48609e+17	3.09309	3.03025	3.03025	3.03025	3.03025	3.03025	3.03025	3.03025	3.03025	3.03025	3.03025	3.02536	2.93559	2.12535	3.23126	
147813	6.86421e+17	2.79228e+17	1.22191e+17	7.73112e+16	1.54622e+17	2.31933e+17	3.09245e+17	3.86556e+17	4.63867e+17	5.41178e+17	6.18489e+17	6.95214e+17	7.56955e+17	6.9501e+17	1.5906e+16	5.81748e+15	5.32503e+15	2.33025e+15	1.47437e+15	2.94873e+15	4.4231e+15	5.89747e+15	7.37183e+15	8.8462e+15	1.03206e+16	1.17949e+16	1.36022e+16	2.45988e+16	1.11582e+17	4.48609e+17	3.09522	3.03252	3.03252	3.03252	3.03252	3.03252	3.03252	3.03252	3.03252	3.03252	3.03252	3.02757	2.93778	2.12539	3.22605	
148064	6.86422e+17	2.79229e+17	1.22191e+17	7.73113e+16	1.54623e+17	2.31934e+17	3.09245e+17	3.86557e+17	4.63868e+17	5.41179e+17	6.18491e+17	6.952e+17	7.5691e+17	6.95169e+17	1.5961e+16	5.81706e+15	5.32461e+15	2.33006e+15	1.47425e+15	2.9485e+15	4.42275e+15	5.897e+15	7.37125e+15	8.8455e+15	1.03198e+16	1.1794e+16	1.36109e+16	2.46265e+16	1.11486e+17	4.48608e+17	3.09735	3.03479	3.03479	3.03479	3.03479	3.03479	3.03479	3.03479	3.03479	3.03479	3.03479	3.02977	2.93995	2.12544	3.22087	
148314	6.86423e+17	2.79229e+17	1.22191e+17	7.73115e+16	1.54623e+17	2.31935e+17	3.09246e+17	3.86558e+17	4.63869e+17	5.41181e+17	6.18492e+17	6.95186e+17	7.56865e+17	6.95327e+17	1.60163e+16	5.81664e+15	5.32419e+15	2.32988e+15	1.47413e+15	2.94827e+15	4.4224e+15	5.89654e+15	7.37067e+15	8.84481e+15	1.03189e+16	1.17931e+16	1.36196e+16	2.46545e+16	1.11391e+17	4.48608e+17	3.09947	3.03705	3.03705	3.03705	3.03705	3.03705	3.03705	3.03705	3.03705	3.03705	3.03705	3.03197	2.94212	2.12549	3.21572	
148565	6.86423e+17	2.7923e+17	1.22192e+17	7.73117e+16	1.54623e+17	2.31935e+17	3.09247e+17	3.86559e+17	4.6387e+17	5.41182e+17	6.18494e+17	6.95171e+17	7.56819e+17	6.95484e+17	1.60718e+16	5.81621e+15	5.32377e+15	2.3297e+15	1.47402e+15	2.94804e+15	4.42206e+15	5.89607e+15	7.37009e+15	8.84411e+15	1.03181e+16	1.17921e+16	1.36283e+16	2.46827e+16	1.11297e+17	4.48608e+17	3.10159	3.03931	3.03931	3.03931	3.03931	3.03931	3.03931	3.03931	3.03931	3.03931	3.03931	3.03416	2.9443	2.12555	3.21057	
148817	6.86424e+17	2.79231e+17	1.22192e+17	7.73119e+16	1.54624e+17	2.31936e+17	3.09248e+17	3.8656e+17	4.63871e+17	5.41183e+17	6.18495e+17	6.95157e+17	7.56773e+17	6.95639e+17	1.61275e+16	5.81579e+15	5.32336e+15	2.32951e+15	1.4739e+15	2.94781e+15	4.42171e+15	5.89561e+15	7.36951e+15	8.84342e+15	1.03173e+16	1.17912e+16	1.3637e+16	2.47113e+16	1.11203e+17	4.48608e+17	3.10371	3.04157	3.04157	3.04157	3.04157	3.04157	3.04157	3.04157	3.04157	3.04157	3.04157	3.03635	2.94647	2.1256	3.20545	
149067	6.86425e+17	2.79231e+17	1.22192e+17	7.73121e+16	1.54624e+17	2.31936e+17	3.09248e+17	3.86561e+17	4.63873e+17	5.41185e+17	6.18497e+17	6.95143e+17	7.56727e+17	6.95793e+17	1.61832e+16	5.81537e+15	5.32294e+15	2.32933e+15	1.47379e+15	2.94758e+15	4.42136e+15	5.89515e+15	7.36894e+15	8.84273e+15	1.03165e+16	1.17903e+16	1.36457e+16	2.47401e+16	1.1111e+17	4.48608e+17	3.10582	3.04382	3.04382	3.04382	3.04382	3.04382	3.04382	3.04382	3.04382	3.04382	3.04382	3.03853	2.94862	2.12566	3.20036	
149318	6.86426e+17	2.79232e+17	1.22193e+17	7.73123e+16	1.54625e+17	2.31937e+17	3.09249e+17	3.86561e+17	4.63874e+17	5.41186e+17	6.18498e+17	6.95129e+17	7.5668e+17	6.95945e+17	1.62391e+16	5.81496e+15	5.32253e+15	2.32915e+15	1.47367e+15	2.94735e+15	4.42102e+15	5.89469e+15	7.36837e+15	8.84204e+15	1.03157e+16	1.17894e+16	1.36543e+16	2.47692e+16	1.11018e+17	4.48608e+17	3.10793	3.04606	3.04606	3.04606	3.04606	3.04606	3.04606	3.04606	3.04606	3.04606	3.04606	3.04071	2.95078	2.12572	3.1953	
149569	6.86427e+17	2.79233e+17	1.22193e+17	7.73125e+16	1.54625e+17	2.31937e+17	3.0925e+17	3.86562e+17	4.63875e+17	5.41187e+17	6.185e+17	6.95115e+17	7.56632e+17	6.96097e+17	1.62953e+16	5.81454e+15	5.32211e+15	2.32897e+15	1.47356e+15	2.94712e+15	4.42068e+15	5.89424e+15	7.3678e+15	8.84135e+15	1.03149e+16	1.17885e+16	1.36629e+16	2.47985e+16	1.10927e+17	4.48607e+17	3.11004	3.0483	3.0483	3.0483	3.0483	3.0483	3.0483	3.0483	3.0483	3.0483	3.0483	3.04289	2.95294	2.12579	3.19025	
149821	6.86427e+17	2.79233e+17	1.22193e+17	7.73127e+16	1.54625e+17	2.31938e+17	3.09251e+17	3.86563e+17	4.63876e+17	5.41189e+17	6.18501e+17	6.95101e+17	7.56585e+17	6.96247e+17	1.63516e+16	5.81413e+15	5.3217e+15	2.32879e+15	1.47345e+15	2.94689e+15	4.42034e+15	5.89378e+15	7.36723e+15	8.84067e+15	1.03141e+16	1.17876e+16	1.36715e+16	2.48281e+16	1.10836e+17	4.48607e+17	3.11214	3.05053	3.05053	3.05053	3.05053	3.05053	3.05053	3.05053	3.05053	3.05053	3.05053	3.04506	2.95509	2.12586	3.18523	
150072	6.86428e+17	2.79234e+17	1.22194e+17	7.73129e+16	1.54626e+17	2.31939e+17	3.09251e+17	3.86564e+17	4.63877e+17	5.4119e+17	6.18503e+17	6.95087e+17	7.56537e+17	6.96395e+17	1.6408e+16	5.81371e+15	5.32129e+15	2.32861e+15	1.47333e+15	2.94666e+15	4.41999e+15	5.89333e+15	7.36666e+15	8.83999e+15	1.03133e+16	1.17867e+16	1.368e+16	2.48579e+16	1.10747e+17	4.48607e+17	3.11424	3.05276	3.05276	3.05276	3.05276	3.05276	3.05276	3.05276	3.05276	3.05276	3.05276	3.04723	2.95723	2.12593	3.18023	
150322	6.86429e+17	2.79235e+17	1.22194e+17	7.7313e+16	1.54626e+17	2.31939e+17	3.09252e+17	3.86565e+17	4.63878e+17	5.41191e+17	6.18504e+17	6.95073e+17	7.56488e+17	6.96542e+17	1.64646e+16	5.8133e+15	5.32088e+15	2.32843e+15	1.47322e+15	2.94644e+15	4.41966e+15	5.89287e+15	7.36609e+15	8.83931e+15	1.03125e+16	1.17857e+16	1.36885e+16	2.48879e+16	1.10658e+17	4.48607e+17	3.11633	3.05498	3.05498	3.05498	3.05498	3.05498	3.05498	3.05498	3.05498	3.05498	3.05498	3.04939	2.95937	2.126	3.17527	
150574	6.8643e+17	2.79235e+17	1.22194e+17	7.73132e+16	1.54626e+17	2.3194e+17	3.09253e+17	3.86566e+17	4.63879e+17	5.41193e+17	6.18506e+17	6.95059e+17	7.56439e+17	6.96689e+17	1.65215e+16	5.81289e+15	5.32048e+15	2.32825e+15	1.47311e+15	2.94621e+15	4.41932e+15	5.89242e+15	7.36553e+15	8.83863e+15	1.03117e+16	1.17848e+16	1.3697e+16	2.49182e+16	1.1057e+17	4.48606e+17	3.11843	3.0572	3.0572	3.0572	3.0572	3.0572	3.0572	3.0572	3.0572	3.0572	3.0572	3.05155	2.96152	2.12608	3.17031	
150825	6.86431e+17	2.79236e+17	1.22194e+17	7.73134e+16	1.54627e+17	2.3194e+17	3.09254e+17	3.86567e+17	4.6388e+17	5.41194e+17	6.18507e+17	6.95045e+17	7.5639e+17	6.96833e+17	1.65784e+16	5.81248e+15	5.32007e+15	2.32808e+15	1.47299e+15	2.94599e+15	4.41898e+15	5.89197e+15	7.36496e+15	8.83796e+15	1.03109e+16	1.17839e+16	1.37054e+16	2.49487e+16	1.10482e+17	4.48606e+17	3.12052	3.05942	3.05942	3.05942	3.05942	3.05942	3.05942	3.05942	3.05942	3.05942	3.05942	3.0537	2.96365	2.12616	3.16538	
151076	6.86431e+17	2.79237e+17	1.22195e+17	7.73136e+16	1.54627e+17	2.31941e+17	3.09254e+17	3.86568e+17	4.63882e+17	5.41195e+17	6.18509e+17	6.95032e+17	7.56341e+17	6.96977e+17	1.66355e+16	5.81208e+15	5.31966e+15	2.3279e+15	1.47288e+15	2.94576e+15	4.41864e+15	5.89152e+15	7.3644e+15	8.83728e+15	1.03102e+16	1.1783e+16	1.37137e+16	2.49794e+16	1.10396e+17	4.48606e+17	3.12261	3.06163	3.06163	3.06163	3.06163	3.06163	3.06163	3.06163	3.06163	3.06163	3.06163	3.05585	2.96578	2.12624	3.16047	
151327	6.86432e+17	2.79237e+17	1.22195e+17	7.73138e+16	1.54628e+17	2.31941e+17	3.09255e+17	3.86569e+17	4.63883e+17	5.41196e+17	6.1851e+17	6.95018e+17	7.56291e+17	6.97119e+17	1.66928e+16	5.81167e+15	5.31926e+15	2.32772e+15	1.47277e+15	2.94554e+15	4.41831e+15	5.89107e+15	7.36384e+15	8.83661e+15	1.03094e+16	1.17821e+16	1.37221e+16	2.50103e+16	1.1031e+17	4.48605e+17	3.12469	3.06383	3.06383	3.06383	3.06383	3.06383	3.06383	3.06383	3.06383	3.06383	3.06383	3.058	2.96791	2.12632	3.15559	
151578	6.86433e+17	2.79238e+17	1.22195e+17	7.7314e+16	1.54628e+17	2.31942e+17	3.09256e+17	3.8657e+17	4.63884e+17	5.41198e+17	6.18512e+17	6.95005e+17	7.56241e+17	6.97259e+17	1.67501e+16	5.81127e+15	5.31886e+15	2.32755e+15	1.47266e+15	2.94531e+15	4.41797e+15	5.89063e+15	7.36329e+15	8.83594e+15	1.03086e+16	1.17813e+16	1.37303e+16	2.50414e+16	1.10225e+17	4.48605e+17	3.12677	3.06603	3.06603	3.06603	3.06603	3.06603	3.06603	3.06603	3.06603	3.06603	3.06603	3.06014	2.97003	2.12641	3.15074	
151829	6.86434e+17	2.79239e+17	1.22196e+17	7.73141e+16	1.54628e+17	2.31942e+17	3.09257e+17	3.86571e+17	4.63885e+17	5.41199e+17	6.18513e+17	6.94991e+17	7.56191e+17	6.97398e+17	1.68076e+16	5.81086e+15	5.31846e+15	2.32737e+15	1.47255e+15	2.94509e+15	4.41764e+15	5.89019e+15	7.36273e+15	8.83528e+15	1.03078e+16	1.17804e+16	1.37385e+16	2.50726e+16	1.10141e+17	4.48605e+17	3.12885	3.06822	3.06822	3.06822	3.06822	3.06822	3.06822	3.06822	3.06822	3.06822	3.06822	3.06227	2.97215	2.1265	3.14592	
152081	6.86434e+17	2.79239e+17	1.22196e+17	7.73143e+16	1.54629e+17	2.31943e+17	3.09257e+17	3.86572e+17	4.63886e+17	5.412e+17	6.18515e+17	6.94978e+17	7.5614e+17	6.97536e+17	1.68654e+16	5.81046e+15	5.31806e+15	2.3272e+15	1.47244e+15	2.94487e+15	4.41731e+15	5.88974e+15	7.36218e+15	8.83461e+15	1.0307e+16	1.17795e+16	1.37467e+16	2.51041e+16	1.10058e+17	4.48604e+17	3.13093	3.07042	3.07042	3.07042	3.07042	3.07042	3.07042	3.07042	3.07042	3.07042	3.07042	3.06441	2.97426	2.12659	3.14111	
152332	6.86435e+17	2.7924e+17	1.22196e+17	7.73145e+16	1.54629e+17	2.31944e+17	3.09258e+17	3.86573e+17	4.63887e+17	5.41202e+17	6.18516e+17	6.94964e+17	7.56089e+17	6.97673e+17	1.69233e+16	5.81006e+15	5.31766e+15	2.32702e+15	1.47233e+15	2.94465e+15	4.41698e+15	5.8893e+15	7.36163e+15	8.83395e+15	1.03063e+16	1.17786e+16	1.37549e+16	2.51357e+16	1.09976e+17	4.48604e+17	3.133	3.07261	3.07261	3.07261	3.07261	3.07261	3.07261	3.07261	3.07261	3.07261	3.07261	3.06654	2.97638	2.12669	3.13631	
152583	6.86436e+17	2.79241e+17	1.22196e+17	7.73147e+16	1.54629e+17	2.31944e+17	3.09259e+17	3.86573e+17	4.63888e+17	5.41203e+17	6.18518e+17	6.94951e+17	7.56038e+17	6.97808e+17	1.69812e+16	5.80966e+15	5.31726e+15	2.32685e+15	1.47222e+15	2.94443e+15	4.41665e+15	5.88886e+15	7.36108e+15	8.83329e+15	1.03055e+16	1.17777e+16	1.3763e+16	2.51674e+16	1.09894e+17	4.48604e+17	3.13507	3.07479	3.07479	3.07479	3.07479	3.07479	3.07479	3.07479	3.07479	3.07479	3.07479	3.06866	2.97848	2.12678	3.13156	
152834	6.86437e+17	2.79241e+17	1.22197e+17	7.73149e+16	1.5463e+17	2.31945e+17	3.09259e+17	3.86574e+17	4.63889e+17	5.41204e+17	6.18519e+17	6.94938e+17	7.55987e+17	6.97942e+17	1.70393e+16	5.80927e+15	5.31687e+15	2.32667e+15	1.47211e+15	2.94421e+15	4.41632e+15	5.88842e+15	7.36053e+15	8.83263e+15	1.03047e+16	1.17768e+16	1.3771e+16	2.51993e+16	1.09813e+17	4.48603e+17	3.13713	3.07696	3.07696	3.07696	3.07696	3.07696	3.07696	3.07696	3.07696	3.07696	3.07696	3.07078	2.98058	2.12688	3.12683	
153086	6.86437e+17	2.79242e+17	1.22197e+17	7.73151e+16	1.5463e+17	2.31945e+17	3.0926e+17	3.86575e+17	4.6389e+17	5.41205e+17	6.1852e+17	6.94925e+17	7.55935e+17	6.98074e+17	1.70977e+16	5.80887e+15	5.31647e+15	2.3265e+15	1.472e+15	2.94399e+15	4.41599e+15	5.88799e+15	7.35998e+15	8.83198e+15	1.0304e+16	1.1776e+16	1.3779e+16	2.52314e+16	1.09733e+17	4.48603e+17	3.1392	3.07914	3.07914	3.07914	3.07914	3.07914	3.07914	3.07914	3.07914	3.07914	3.07914	3.0729	2.98269	2.12699	3.12211	
153337	6.86438e+17	2.79243e+17	1.22197e+17	7.73152e+16	1.5463e+17	2.31946e+17	3.09261e+17	3.86576e+17	4.63891e+17	5.41207e+17	6.18522e+17	6.94912e+17	7.55883e+17	6.98206e+17	1.71562e+16	5.80847e+15	5.31608e+15	2.32633e+15	1.47189e+15	2.94377e+15	4.41566e+15	5.88755e+15	7.35944e+15	8.83132e+15	1.03032e+16	1.17751e+16	1.3787e+16	2.52637e+16	1.09654e+17	4.48602e+17	3.14126	3.08131	3.08131	3.08131	3.08131	3.08131	3.08131	3.08131	3.08131	3.08131	3.08131	3.07502	2.98479	2.12709	3.11741	
153588	6.86439e+17	2.79243e+17	1.22198e+17	7.73154e+16	1.54631e+17	2.31946e+17	3.09262e+17	3.86577e+17	4.63892e+17	5.41208e+17	6.18523e+17	6.94899e+17	7.55831e+17	6.98336e+17	1.72147e+16	5.80808e+15	5.31568e+15	2.32616e+15	1.47178e+15	2.94356e+15	4.41534e+15	5.88712e+15	7.35889e+15	8.83067e+15	1.03025e+16	1.17742e+16	1.37948e+16	2.52959e+16	1.09576e+17	4.48602e+17	3.14331	3.08348	3.08348	3.08348	3.08348	3.08348	3.08348	3.08348	3.08348	3.08348	3.08348	3.07713	2.98687	2.1272	3.11275	
153840	6.8644e+17	2.79244e+17	1.22198e+17	7.73156e+16	1.54631e+17	2.31947e+17	3.09262e+17	3.86578e+17	4.63894e+17	5.41209e+17	6.18525e+17	6.94886e+17	7.55779e+17	6.98464e+17	1.72735e+16	5.80769e+15	5.31529e+15	2.32599e+15	1.47167e+15	2.94334e+15	4.41501e+15	5.88668e+15	7.35835e+15	8.83002e+15	1.03017e+16	1.17734e+16	1.38027e+16	2.53284e+16	1.09498e+17	4.48601e+17	3.14537	3.08564	3.08564	3.08564	3.08564	3.08564	3.08564	3.08564	3.08564	3.08564	3.08564	3.07924	2.98897	2.12731	3.1081	
154091	6.86441e+17	2.79245e+17	1.22198e+17	7.73158e+16	1.54632e+17	2.31947e+17	3.09263e+17	3.86579e+17	4.63895e+17	5.4121e+17	6.18526e+17	6.94873e+17	7.55726e+17	6.98591e+17	1.73323e+16	5.8073e+15	5.3149e+15	2.32582e+15	1.47156e+15	2.94313e+15	4.41469e+15	5.88625e+15	7.35781e+15	8.82938e+15	1.03009e+16	1.17725e+16	1.38105e+16	2.53609e+16	1.09421e+17	4.48601e+17	3.14742	3.08779	3.08779	3.08779	3.08779	3.08779	3.08779	3.08779	3.08779	3.08779	3.08779	3.08134	2.99105	2.12742	3.10349	
154342	6.86441e+17	2.79245e+17	1.22198e+17	7.73159e+16	1.54632e+17	2.31948e+17	3.09264e+17	3.8658e+17	4.63896e+17	5.41212e+17	6.18528e+17	6.94861e+17	7.55674e+17	6.98717e+17	1.73913e+16	5.80691e+15	5.31452e+15	2.32565e+15	1.47146e+15	2.94291e+15	4.41437e+15	5.88582e+15	7.35728e+15	8.82873e+15	1.03002e+16	1.17716e+16	1.38183e+16	2.53936e+16	1.09345e+17	4.486e+17	3.14946	3.08995	3.08995	3.08995	3.08995	3.08995	3.08995	3.08995	3.08995	3.08995	3.08995	3.08344	2.99313	2.12754	3.09889	
154593	6.86442e+17	2.79246e+17	1.22199e+17	7.73161e+16	1.54632e+17	2.31948e+17	3.09264e+17	3.86581e+17	4.63897e+17	5.41213e+17	6.18529e+17	6.94848e+17	7.55621e+17	6.98842e+17	1.74504e+16	5.80652e+15	5.31413e+15	2.32548e+15	1.47135e+15	2.9427e+15	4.41404e+15	5.88539e+15	7.35674e+15	8.82809e+15	1.02994e+16	1.17708e+16	1.3826e+16	2.54264e+16	1.0927e+17	4.486e+17	3.15151	3.0921	3.0921	3.0921	3.0921	3.0921	3.0921	3.0921	3.0921	3.0921	3.0921	3.08554	2.99521	2.12766	3.09433	
154845	6.86443e+17	2.79246e+17	1.22199e+17	7.73163e+16	1.54633e+17	2.31949e+17	3.09265e+17	3.86581e+17	4.63898e+17	5.41214e+17	6.1853e+17	6.94835e+17	7.55568e+17	6.98965e+17	1.75098e+16	5.80614e+15	5.31374e+15	2.32531e+15	1.47124e+15	2.94248e+15	4.41372e+15	5.88497e+15	7.35621e+15	8.82745e+15	1.02987e+16	1.17699e+16	1.38337e+16	2.54593e+16	1.09195e+17	4.48599e+17	3.15355	3.09425	3.09425	3.09425	3.09425	3.09425	3.09425	3.09425	3.09425	3.09425	3.09425	3.08763	2.99728	2.12778	3.08977	
155096	6.86443e+17	2.79247e+17	1.22199e+17	7.73165e+16	1.54633e+17	2.31949e+17	3.09266e+17	3.86582e+17	4.63899e+17	5.41215e+17	6.18532e+17	6.94823e+17	7.55515e+17	6.99087e+17	1.75692e+16	5.80575e+15	5.31336e+15	2.32514e+15	1.47114e+15	2.94227e+15	4.41341e+15	5.88454e+15	7.35568e+15	8.82681e+15	1.02979e+16	1.17691e+16	1.38413e+16	2.54922e+16	1.09122e+17	4.48599e+17	3.15559	3.09639	3.09639	3.09639	3.09639	3.09639	3.09639	3.09639	3.09639	3.09639	3.09639	3.08972	2.99935	2.1279	3.08525	
155347	6.86444e+17	2.79248e+17	1.222e+17	7.73166e+16	1.54633e+17	2.3195e+17	3.09267e+17	3.86583e+17	4.639e+17	5.41217e+17	6.18533e+17	6.94811e+17	7.55462e+17	6.99207e+17	1.76287e+16	5.80537e+15	5.31298e+15	2.32497e+15	1.47103e+15	2.94206e+15	4.41309e+15	5.88412e+15	7.35515e+15	8.82618e+15	1.02972e+16	1.17682e+16	1.38489e+16	2.55252e+16	1.09049e+17	4.48598e+17	3.15762	3.09853	3.09853	3.09853	3.09853	3.09853	3.09853	3.09853	3.09853	3.09853	3.09853	3.0918	3.00141	2.12803	3.08075	
155599	6.86445e+17	2.79248e+17	1.222e+17	7.73168e+16	1.54634e+17	2.3195e+17	3.09267e+17	3.86584e+17	4.63901e+17	5.41218e+17	6.18535e+17	6.94798e+17	7.55409e+17	6.99326e+17	1.76884e+16	5.80499e+15	5.3126e+15	2.32481e+15	1.47092e+15	2.94185e+15	4.41277e+15	5.88369e+15	7.35462e+15	8.82554e+15	1.02965e+16	1.17674e+16	1.38564e+16	2.55583e+16	1.08977e+17	4.48598e+17	3.15966	3.10066	3.10066	3.10066	3.10066	3.10066	3.10066	3.10066	3.10066	3.10066	3.10066	3.09389	3.00348	2.12816	3.07627	
155851	6.86446e+17	2.79249e+17	1.222e+17	7.7317e+16	1.54634e+17	2.31951e+17	3.09268e+17	3.86585e+17	4.63902e+17	5.41219e+17	6.18536e+17	6.94786e+17	7.55355e+17	6.99444e+17	1.77483e+16	5.8046e+15	5.31221e+15	2.32464e+15	1.47082e+15	2.94164e+15	4.41245e+15	5.88327e+15	7.35409e+15	8.82491e+15	1.02957e+16	1.17665e+16	1.38639e+16	2.55915e+16	1.08906e+17	4.48597e+17	3.16169	3.1028	3.1028	3.1028	3.1028	3.1028	3.1028	3.1028	3.1028	3.1028	3.1028	3.09597	3.00554	2.12829	3.07181	
156102	6.86446e+17	2.7925e+17	1.222e+17	7.73172e+16	1.54634e+17	2.31951e+17	3.09269e+17	3.86586e+17	4.63903e+17	5.4122e+17	6.18537e+17	6.94774e+17	7.55302e+17	6.99561e+17	1.78082e+16	5.80423e+15	5.31184e+15	2.32447e+15	1.47071e+15	2.94143e+15	4.41214e+15	5.88285e+15	7.35357e+15	8.82428e+15	1.0295e+16	1.17657e+16	1.38714e+16	2.56247e+16	1.08836e+17	4.48597e+17	3.16371	3.10492	3.10492	3.10492	3.10492	3.10492	3.10492	3.10492	3.10492	3.10492	3.10492	3.09804	3.00759	2.12842	3.06739	
156353	6.86447e+17	2.7925e+17	1.22201e+17	7.73173e+16	1.54635e+17	2.31952e+17	3.09269e+17	3.86587e+17	4.63904e+17	5.41221e+17	6.18539e+17	6.94761e+17	7.55249e+17	6.99676e+17	1.78682e+16	5.80385e+15	5.31146e+15	2.32431e+15	1.47061e+15	2.94122e+15	4.41183e+15	5.88244e+15	7.35304e+15	8.82365e+15	1.02943e+16	1.17649e+16	1.38788e+16	2.56579e+16	1.08766e+17	4.48596e+17	3.16574	3.10704	3.10704	3.10704	3.10704	3.10704	3.10704	3.10704	3.10704	3.10704	3.10704	3.10011	3.00964	2.12855	3.06298	
156605	6.86448e+17	2.79251e+17	1.22201e+17	7.73175e+16	1.54635e+17	2.31953e+17	3.0927e+17	3.86588e+17	4.63905e+17	5.41223e+17	6.1854e+17	6.94749e+17	7.55195e+17	6.9979e+17	1.79285e+16	5.80347e+15	5.31108e+15	2.32414e+15	1.4705e+15	2.94101e+15	4.41151e+15	5.88202e+15	7.35252e+15	8.82303e+15	1.02935e+16	1.1764e+16	1.38862e+16	2.56913e+16	1.08697e+17	4.48595e+17	3.16776	3.10917	3.10917	3.10917	3.10917	3.10917	3.10917	3.10917	3.10917	3.10917	3.10917	3.10218	3.01169	2.12869	3.05859	
156857	6.86449e+17	2.79251e+17	1.22201e+17	7.73177e+16	1.54635e+17	2.31953e+17	3.09271e+17	3.86588e+17	4.63906e+17	5.41224e+17	6.18541e+17	6.94737e+17	7.55141e+17	6.99902e+17	1.79889e+16	5.8031e+15	5.31071e+15	2.32398e+15	1.4704e+15	2.9408e+15	4.4112e+15	5.8816e+15	7.352e+15	8.8224e+15	1.02928e+16	1.17632e+16	1.38936e+16	2.57247e+16	1.08629e+17	4.48595e+17	3.16978	3.11129	3.11129	3.11129	3.11129	3.11129	3.11129	3.11129	3.11129	3.11129	3.11129	3.10425	3.01374	2.12883	3.05422	
157108	6.86449e+17	2.79252e+17	1.22201e+17	7.73178e+16	1.54636e+17	2.31954e+17	3.09271e+17	3.86589e+17	4.63907e+17	5.41225e+17	6.18543e+17	6.94725e+17	7.55087e+17	7.00013e+17	1.80494e+16	5.80272e+15	5.31033e+15	2.32382e+15	1.4703e+15	2.94059e+15	4.41089e+15	5.88119e+15	7.35148e+15	8.82178e+15	1.02921e+16	1.17624e+16	1.39009e+16	2.57581e+16	1.08562e+17	4.48594e+17	3.1718	3.1134	3.1134	3.1134	3.1134	3.1134	3.1134	3.1134	3.1134	3.1134	3.1134	3.10631	3.01578	2.12898	3.04989	
157359	6.8645e+17	2.79253e+17	1.22202e+17	7.7318e+16	1.54636e+17	2.31954e+17	3.09272e+17	3.8659e+17	4.63908e+17	5.41226e+17	6.18544e+17	6.94713e+17	7.55034e+17	7.00123e+17	1.81098e+16	5.80235e+15	5.30996e+15	2.32365e+15	1.47019e+15	2.94039e+15	4.41058e+15	5.88078e+15	7.35097e+15	8.82116e+15	1.02914e+16	1.17616e+16	1.39081e+16	2.57915e+16	1.08496e+17	4.48594e+17	3.1738	3.1155	3.1155	3.1155	3.1155	3.1155	3.1155	3.1155	3.1155	3.1155	3.1155	3.10837	3.01781	2.12912	3.04558	
157611	6.86451e+17	2.79253e+17	1.22202e+17	7.73182e+16	1.54636e+17	2.31955e+17	3.09273e+17	3.86591e+17	4.63909e+17	5.41227e+17	6.18545e+17	6.94701e+17	7.5498e+17	7.00231e+17	1.81705e+16	5.80198e+15	5.30959e+15	2.32349e+15	1.47009e+15	2.94018e+15	4.41027e+15	5.88036e+15	7.35046e+15	8.82055e+15	1.02906e+16	1.17607e+16	1.39154e+16	2.5825e+16	1.0843e+17	4.48593e+17	3.17581	3.11761	3.11761	3.11761	3.11761	3.11761	3.11761	3.11761	3.11761	3.11761	3.11761	3.11043	3.01985	2.12927	3.04129	
157862	6.86451e+17	2.79254e+17	1.22202e+17	7.73184e+16	1.54637e+17	2.31955e+17	3.09273e+17	3.86592e+17	4.6391e+17	5.41228e+17	6.18547e+17	6.9469e+17	7.54926e+17	7.00338e+17	1.82314e+16	5.80161e+15	5.30922e+15	2.32333e+15	1.46999e+15	2.93998e+15	4.40997e+15	5.87996e+15	7.34994e+15	8.81993e+15	1.02899e+16	1.17599e+16	1.39226e+16	2.58585e+16	1.08366e+17	4.48592e+17	3.17782	3.11971	3.11971	3.11971	3.11971	3.11971	3.11971	3.11971	3.11971	3.11971	3.11971	3.11248	3.02188	2.12942	3.03702	
158115	6.86452e+17	2.79255e+17	1.22203e+17	7.73185e+16	1.54637e+17	2.31956e+17	3.09274e+17	3.86593e+17	4.63911e+17	5.4123e+17	6.18548e+17	6.94678e+17	7.54872e+17	7.00444e+17	1.82924e+16	5.80124e+15	5.30885e+15	2.32317e+15	1.46989e+15	2.93977e+15	4.40966e+15	5.87955e+15	7.34943e+15	8.81932e+15	1.02892e+16	1.17591e+16	1.39298e+16	2.5892e+16	1.08302e+17	4.48591e+17	3.17983	3.12182	3.12182	3.12182	3.12182	3.12182	3.12182	3.12182	3.12182	3.12182	3.12182	3.11453	3.02391	2.12957	3.03276	
158366	6.86453e+17	2.79255e+17	1.22203e+17	7.73187e+16	1.54637e+17	2.31956e+17	3.09275e+17	3.86593e+17	4.63912e+17	5.41231e+17	6.1855e+17	6.94666e+17	7.54818e+17	7.00549e+17	1.83535e+16	5.80087e+15	5.30848e+15	2.32301e+15	1.46978e+15	2.93957e+15	4.40935e+15	5.87914e+15	7.34892e+15	8.81871e+15	1.02885e+16	1.17583e+16	1.3937e+16	2.59256e+16	1.08239e+17	4.48591e+17	3.18183	3.12391	3.12391	3.12391	3.12391	3.12391	3.12391	3.12391	3.12391	3.12391	3.12391	3.11658	3.02593	2.12973	3.02854	
158617	6.86454e+17	2.79256e+17	1.22203e+17	7.73189e+16	1.54638e+17	2.31957e+17	3.09275e+17	3.86594e+17	4.63913e+17	5.41232e+17	6.18551e+17	6.94654e+17	7.54764e+17	7.00652e+17	1.84146e+16	5.80051e+15	5.30812e+15	2.32285e+15	1.46968e+15	2.93937e+15	4.40905e+15	5.87873e+15	7.34842e+15	8.8181e+15	1.02878e+16	1.17575e+16	1.39441e+16	2.5959e+16	1.08177e+17	4.4859e+17	3.18382	3.126	3.126	3.126	3.126	3.126	3.126	3.126	3.126	3.126	3.126	3.11862	3.02795	2.12988	3.02434	
158869	6.86454e+17	2.79256e+17	1.22203e+17	7.7319e+16	1.54638e+17	2.31957e+17	3.09276e+17	3.86595e+17	4.63914e+17	5.41233e+17	6.18552e+17	6.94643e+17	7.5471e+17	7.00753e+17	1.84758e+16	5.80014e+15	5.30775e+15	2.32269e+15	1.46958e+15	2.93917e+15	4.40875e+15	5.87833e+15	7.34791e+15	8.8175e+15	1.02871e+16	1.17567e+16	1.39511e+16	2.59926e+16	1.08115e+17	4.48589e+17	3.18582	3.12809	3.12809	3.12809	3.12809	3.12809	3.12809	3.12809	3.12809	3.12809	3.12809	3.12066	3.02996	2.13004	3.02017	
159121	6.86455e+17	2.79257e+17	1.22204e+17	7.73192e+16	1.54638e+17	2.31958e+17	3.09277e+17	3.86596e+17	4.63915e+17	5.41234e+17	6.18554e+17	6.94631e+17	7.54656e+17	7.00853e+17	1.85372e+16	5.79978e+15	5.30739e+15	2.32253e+15	1.46948e+15	2.93896e+15	4.40845e+15	5.87793e+15	7.34741e+15	8.81689e+15	1.02864e+16	1.17559e+16	1.39582e+16	2.60261e+16	1.08055e+17	4.48588e+17	3.18781	3.13018	3.13018	3.13018	3.13018	3.13018	3.13018	3.13018	3.13018	3.13018	3.13018	3.1227	3.03198	2.1302	3.01601	
159373	6.86456e+17	2.79258e+17	1.22204e+17	7.73194e+16	1.54639e+17	2.31958e+17	3.09277e+17	3.86597e+17	4.63916e+17	5.41235e+17	6.18555e+17	6.9462e+17	7.54602e+17	7.00953e+17	1.85989e+16	5.79942e+15	5.30703e+15	2.32237e+15	1.46938e+15	2.93876e+15	4.40814e+15	5.87753e+15	7.34691e+15	8.81629e+15	1.02857e+16	1.17551e+16	1.39653e+16	2.60597e+16	1.07995e+17	4.48588e+17	3.1898	3.13227	3.13227	3.13227	3.13227	3.13227	3.13227	3.13227	3.13227	3.13227	3.13227	3.12474	3.03399	2.13037	3.01187	
159624	6.86456e+17	2.79258e+17	1.22204e+17	7.73195e+16	1.54639e+17	2.31959e+17	3.09278e+17	3.86598e+17	4.63917e+17	5.41237e+17	6.18556e+17	6.94608e+17	7.54548e+17	7.0105e+17	1.86604e+16	5.79906e+15	5.30667e+15	2.32221e+15	1.46928e+15	2.93856e+15	4.40785e+15	5.87713e+15	7.34641e+15	8.81569e+15	1.0285e+16	1.17543e+16	1.39723e+16	2.60932e+16	1.07936e+17	4.48587e+17	3.19179	3.13434	3.13434	3.13434	3.13434	3.13434	3.13434	3.13434	3.13434	3.13434	3.13434	3.12677	3.036	2.13053	3.00777	
159875	6.86457e+17	2.79259e+17	1.22204e+17	7.73197e+16	1.54639e+17	2.31959e+17	3.09279e+17	3.86598e+17	4.63918e+17	5.41238e+17	6.18557e+17	6.94597e+17	7.54494e+17	7.01146e+17	1.87221e+16	5.7987e+15	5.30631e+15	2.32205e+15	1.46918e+15	2.93836e+15	4.40755e+15	5.87673e+15	7.34591e+15	8.81509e+15	1.02843e+16	1.17535e+16	1.39792e+16	2.61267e+16	1.07878e+17	4.48586e+17	3.19377	3.13642	3.13642	3.13642	3.13642	3.13642	3.13642	3.13642	3.13642	3.13642	3.13642	3.12879	3.038	2.1307	3.00369	
160127	6.86458e+17	2.79259e+17	1.22205e+17	7.73198e+16	1.5464e+17	2.3196e+17	3.09279e+17	3.86599e+17	4.63919e+17	5.41239e+17	6.18559e+17	6.94585e+17	7.5444e+17	7.01241e+17	1.8784e+16	5.79834e+15	5.30595e+15	2.3219e+15	1.46908e+15	2.93817e+15	4.40725e+15	5.87633e+15	7.34541e+15	8.8145e+15	1.02836e+16	1.17527e+16	1.39862e+16	2.61602e+16	1.0782e+17	4.48585e+17	3.19575	3.13849	3.13849	3.13849	3.13849	3.13849	3.13849	3.13849	3.13849	3.13849	3.13849	3.13082	3.04	2.13087	2.99962	
160379	6.86458e+17	2.7926e+17	1.22205e+17	7.732e+16	1.5464e+17	2.3196e+17	3.0928e+17	3.866e+17	4.6392e+17	5.4124e+17	6.1856e+17	6.94574e+17	7.54386e+17	7.01335e+17	1.8846e+16	5.79798e+15	5.30559e+15	2.32174e+15	1.46898e+15	2.93797e+15	4.40695e+15	5.87594e+15	7.34492e+15	8.8139e+15	1.02829e+16	1.17519e+16	1.39931e+16	2.61937e+16	1.07764e+17	4.48584e+17	3.19773	3.14056	3.14056	3.14056	3.14056	3.14056	3.14056	3.14056	3.14056	3.14056	3.14056	3.13284	3.042	2.13105	2.99558	
160631	6.86459e+17	2.7926e+17	1.22205e+17	7.73202e+16	1.5464e+17	2.31961e+17	3.09281e+17	3.86601e+17	4.63921e+17	5.41241e+17	6.18561e+17	6.94563e+17	7.54333e+17	7.01427e+17	1.8908e+16	5.79763e+15	5.30524e+15	2.32158e+15	1.46889e+15	2.93777e+15	4.40666e+15	5.87554e+15	7.34443e+15	8.81331e+15	1.02822e+16	1.17511e+16	1.4e+16	2.62272e+16	1.07708e+17	4.48584e+17	3.1997	3.14263	3.14263	3.14263	3.14263	3.14263	3.14263	3.14263	3.14263	3.14263	3.14263	3.13486	3.04399	2.13122	2.99156	
160882	6.8646e+17	2.79261e+17	1.22205e+17	7.73203e+16	1.54641e+17	2.31961e+17	3.09281e+17	3.86602e+17	4.63922e+17	5.41242e+17	6.18563e+17	6.94551e+17	7.54279e+17	7.01518e+17	1.89701e+16	5.79727e+15	5.30488e+15	2.32143e+15	1.46879e+15	2.93757e+15	4.40636e+15	5.87515e+15	7.34394e+15	8.81272e+15	1.02815e+16	1.17503e+16	1.40069e+16	2.62606e+16	1.07653e+17	4.48583e+17	3.20167	3.14469	3.14469	3.14469	3.14469	3.14469	3.14469	3.14469	3.14469	3.14469	3.14469	3.13688	3.04597	2.1314	2.98757	
161134	6.8646e+17	2.79262e+17	1.22206e+17	7.73205e+16	1.54641e+17	2.31961e+17	3.09282e+17	3.86602e+17	4.63923e+17	5.41243e+17	6.18564e+17	6.9454e+17	7.54225e+17	7.01607e+17	1.90324e+16	5.79692e+15	5.30453e+15	2.32127e+15	1.46869e+15	2.93738e+15	4.40607e+15	5.87476e+15	7.34345e+15	8.81214e+15	1.02808e+16	1.17495e+16	1.40138e+16	2.62941e+16	1.07599e+17	4.48582e+17	3.20364	3.14675	3.14675	3.14675	3.14675	3.14675	3.14675	3.14675	3.14675	3.14675	3.14675	3.13889	3.04796	2.13158	2.98359	
161386	6.86461e+17	2.79262e+17	1.22206e+17	7.73207e+16	1.54641e+17	2.31962e+17	3.09283e+17	3.86603e+17	4.63924e+17	5.41245e+17	6.18565e+17	6.94529e+17	7.54171e+17	7.01695e+17	1.90948e+16	5.79657e+15	5.30417e+15	2.32112e+15	1.46859e+15	2.93718e+15	4.40578e+15	5.87437e+15	7.34296e+15	8.81155e+15	1.02801e+16	1.17487e+16	1.40206e+16	2.63275e+16	1.07546e+17	4.48581e+17	3.20561	3.14881	3.14881	3.14881	3.14881	3.14881	3.14881	3.14881	3.14881	3.14881	3.14881	3.1409	3.04995	2.13176	2.97963	
161638	6.86462e+17	2.79263e+17	1.22206e+17	7.73208e+16	1.54642e+17	2.31962e+17	3.09283e+17	3.86604e+17	4.63925e+17	5.41246e+17	6.18566e+17	6.94518e+17	7.54117e+17	7.01782e+17	1.91573e+16	5.79622e+15	5.30382e+15	2.32097e+15	1.46849e+15	2.93699e+15	4.40548e+15	5.87398e+15	7.34247e+15	8.81097e+15	1.02795e+16	1.1748e+16	1.40275e+16	2.63609e+16	1.07493e+17	4.4858e+17	3.20758	3.15087	3.15087	3.15087	3.15087	3.15087	3.15087	3.15087	3.15087	3.15087	3.15087	3.14291	3.05193	2.13195	2.9757	
161890	6.86462e+17	2.79263e+17	1.22206e+17	7.7321e+16	1.54642e+17	2.31963e+17	3.09284e+17	3.86605e+17	4.63926e+17	5.41247e+17	6.18568e+17	6.94506e+17	7.54064e+17	7.01868e+17	1.92199e+16	5.79587e+15	5.30347e+15	2.32081e+15	1.4684e+15	2.9368e+15	4.40519e+15	5.87359e+15	7.34199e+15	8.81039e+15	1.02788e+16	1.17472e+16	1.40343e+16	2.63943e+16	1.07441e+17	4.48579e+17	3.20954	3.15292	3.15292	3.15292	3.15292	3.15292	3.15292	3.15292	3.15292	3.15292	3.15292	3.14492	3.05391	2.13213	2.97179	
162142	6.86463e+17	2.79264e+17	1.22207e+17	7.73211e+16	1.54642e+17	2.31963e+17	3.09285e+17	3.86606e+17	4.63927e+17	5.41248e+17	6.18569e+17	6.94495e+17	7.5401e+17	7.01952e+17	1.92824e+16	5.79552e+15	5.30313e+15	2.32066e+15	1.4683e+15	2.9366e+15	4.4049e+15	5.87321e+15	7.34151e+15	8.80981e+15	1.02781e+16	1.17464e+16	1.4041e+16	2.64276e+16	1.07391e+17	4.48578e+17	3.21149	3.15496	3.15496	3.15496	3.15496	3.15496	3.15496	3.15496	3.15496	3.15496	3.15496	3.14692	3.05588	2.13232	2.96791	
162393	6.86464e+17	2.79265e+17	1.22207e+17	7.73213e+16	1.54643e+17	2.31964e+17	3.09285e+17	3.86606e+17	4.63928e+17	5.41249e+17	6.1857e+17	6.94484e+17	7.53957e+17	7.02034e+17	1.93451e+16	5.79518e+15	5.30278e+15	2.32051e+15	1.46821e+15	2.93641e+15	4.40462e+15	5.87282e+15	7.34103e+15	8.80923e+15	1.02774e+16	1.17456e+16	1.40478e+16	2.64608e+16	1.07341e+17	4.48577e+17	3.21345	3.15701	3.15701	3.15701	3.15701	3.15701	3.15701	3.15701	3.15701	3.15701	3.15701	3.14892	3.05784	2.13251	2.96405	
162645	6.86464e+17	2.79265e+17	1.22207e+17	7.73214e+16	1.54643e+17	2.31964e+17	3.09286e+17	3.86607e+17	4.63929e+17	5.4125e+17	6.18572e+17	6.94473e+17	7.53903e+17	7.02116e+17	1.9408e+16	5.79483e+15	5.30243e+15	2.32036e+15	1.46811e+15	2.93622e+15	4.40433e+15	5.87244e+15	7.34055e+15	8.80866e+15	1.02768e+16	1.17449e+16	1.40545e+16	2.64941e+16	1.07292e+17	4.48576e+17	3.2154	3.15905	3.15905	3.15905	3.15905	3.15905	3.15905	3.15905	3.15905	3.15905	3.15905	3.15091	3.05981	2.13271	2.9602	
162898	6.86465e+17	2.79266e+17	1.22207e+17	7.73216e+16	1.54643e+17	2.31965e+17	3.09286e+17	3.86608e+17	4.6393e+17	5.41251e+17	6.18573e+17	6.94462e+17	7.5385e+17	7.02196e+17	1.9471e+16	5.79449e+15	5.30209e+15	2.32021e+15	1.46801e+15	2.93603e+15	4.40404e+15	5.87206e+15	7.34007e+15	8.80809e+15	1.02761e+16	1.17441e+16	1.40613e+16	2.65274e+16	1.07243e+17	4.48575e+17	3.21735	3.16109	3.16109	3.16109	3.16109	3.16109	3.16109	3.16109	3.16109	3.16109	3.16109	3.15291	3.06178	2.1329	2.95638	
163149	6.86466e+17	2.79266e+17	1.22208e+17	7.73218e+16	1.54644e+17	2.31965e+17	3.09287e+17	3.86609e+17	4.63931e+17	5.41252e+17	6.18574e+17	6.94451e+17	7.53796e+17	7.02274e+17	1.95339e+16	5.79415e+15	5.30175e+15	2.32006e+15	1.46792e+15	2.93584e+15	4.40376e+15	5.87168e+15	7.3396e+15	8.80752e+15	1.02754e+16	1.17434e+16	1.4068e+16	2.65605e+16	1.07196e+17	4.48574e+17	3.2193	3.16313	3.16313	3.16313	3.16313	3.16313	3.16313	3.16313	3.16313	3.16313	3.16313	3.1549	3.06374	2.1331	2.95258	
163401	6.86466e+17	2.79267e+17	1.22208e+17	7.73219e+16	1.54644e+17	2.31966e+17	3.09288e+17	3.8661e+17	4.63931e+17	5.41253e+17	6.18575e+17	6.9444e+17	7.53743e+17	7.02352e+17	1.9597e+16	5.79381e+15	5.3014e+15	2.31991e+15	1.46782e+15	2.93565e+15	4.40347e+15	5.8713e+15	7.33912e+15	8.80695e+15	1.02748e+16	1.17426e+16	1.40747e+16	2.65936e+16	1.07149e+17	4.48573e+17	3.22124	3.16516	3.16516	3.16516	3.16516	3.16516	3.16516	3.16516	3.16516	3.16516	3.16516	3.15688	3.06569	2.1333	2.94881	
163653	6.86467e+17	2.79267e+17	1.22208e+17	7.73221e+16	1.54644e+17	2.31966e+17	3.09288e+17	3.8661e+17	4.63932e+17	5.41254e+17	6.18577e+17	6.94429e+17	7.5369e+17	7.02428e+17	1.96602e+16	5.79346e+15	5.30106e+15	2.31976e+15	1.46773e+15	2.93546e+15	4.40319e+15	5.87092e+15	7.33865e+15	8.80638e+15	1.02741e+16	1.17418e+16	1.40813e+16	2.66268e+16	1.07103e+17	4.48572e+17	3.22318	3.16719	3.16719	3.16719	3.16719	3.16719	3.16719	3.16719	3.16719	3.16719	3.16719	3.15887	3.06765	2.1335	2.94505	
163905	6.86468e+17	2.79268e+17	1.22208e+17	7.73222e+16	1.54644e+17	2.31967e+17	3.09289e+17	3.86611e+17	4.63933e+17	5.41256e+17	6.18578e+17	6.94418e+17	7.53636e+17	7.02502e+17	1.97236e+16	5.79313e+15	5.30072e+15	2.31961e+15	1.46764e+15	2.93527e+15	4.40291e+15	5.87054e+15	7.33818e+15	8.80582e+15	1.02735e+16	1.17411e+16	1.4088e+16	2.66599e+16	1.07058e+17	4.48571e+17	3.22512	3.16922	3.16922	3.16922	3.16922	3.16922	3.16922	3.16922	3.16922	3.16922	3.16922	3.16086	3.0696	2.13371	2.94131	
164157	6.86468e+17	2.79268e+17	1.22209e+17	7.73224e+16	1.54645e+17	2.31967e+17	3.0929e+17	3.86612e+17	4.63934e+17	5.41257e+17	6.18579e+17	6.94407e+17	7.53583e+17	7.02575e+17	1.97869e+16	5.79279e+15	5.30038e+15	2.31946e+15	1.46754e+15	2.93508e+15	4.40263e+15	5.87017e+15	7.33771e+15	8.80525e+15	1.02728e+16	1.17403e+16	1.40946e+16	2.66928e+16	1.07014e+17	4.4857e+17	3.22705	3.17124	3.17124	3.17124	3.17124	3.17124	3.17124	3.17124	3.17124	3.17124	3.17124	3.16283	3.07155	2.13391	2.9376	
164409	6.86469e+17	2.79269e+17	1.22209e+17	7.73225e+16	1.54645e+17	2.31968e+17	3.0929e+17	3.86613e+17	4.63935e+17	5.41258e+17	6.1858e+17	6.94396e+17	7.5353e+17	7.02647e+17	1.98504e+16	5.79245e+15	5.30005e+15	2.31931e+15	1.46745e+15	2.9349e+15	4.40235e+15	5.8698e+15	7.33724e+15	8.80469e+15	1.02721e+16	1.17396e+16	1.41013e+16	2.67259e+16	1.0697e+17	4.48569e+17	3.22899	3.17326	3.17326	3.17326	3.17326	3.17326	3.17326	3.17326	3.17326	3.17326	3.17326	3.16481	3.0735	2.13412	2.93391	
164661	6.8647e+17	2.7927e+17	1.22209e+17	7.73227e+16	1.54645e+17	2.31968e+17	3.09291e+17	3.86613e+17	4.63936e+17	5.41259e+17	6.18581e+17	6.94385e+17	7.53477e+17	7.02718e+17	1.99138e+16	5.79212e+15	5.29971e+15	2.31917e+15	1.46736e+15	2.93471e+15	4.40207e+15	5.86942e+15	7.33678e+15	8.80414e+15	1.02715e+16	1.17388e+16	1.41079e+16	2.67587e+16	1.06928e+17	4.48568e+17	3.23092	3.17528	3.17528	3.17528	3.17528	3.17528	3.17528	3.17528	3.17528	3.17528	3.17528	3.16678	3.07544	2.13433	2.93024	
164913	6.8647e+17	2.7927e+17	1.22209e+17	7.73228e+16	1.54646e+17	2.31969e+17	3.09291e+17	3.86614e+17	4.63937e+17	5.4126e+17	6.18583e+17	6.94375e+17	7.53424e+17	7.02787e+17	1.99774e+16	5.79178e+15	5.29938e+15	2.31902e+15	1.46726e+15	2.93453e+15	4.40179e+15	5.86905e+15	7.33632e+15	8.80358e+15	1.02708e+16	1.17381e+16	1.41145e+16	2.67916e+16	1.06886e+17	4.48566e+17	3.23285	3.17729	3.17729	3.17729	3.17729	3.17729	3.17729	3.17729	3.17729	3.17729	3.17729	3.16876	3.07738	2.13454	2.92659	
165165	6.86471e+17	2.79271e+17	1.2221e+17	7.7323e+16	1.54646e+17	2.31969e+17	3.09292e+17	3.86615e+17	4.63938e+17	5.41261e+17	6.18584e+17	6.94364e+17	7.53372e+17	7.02854e+17	2.00411e+16	5.79145e+15	5.29904e+15	2.31887e+15	1.46717e+15	2.93434e+15	4.40151e+15	5.86868e+15	7.33585e+15	8.80303e+15	1.02702e+16	1.17374e+16	1.41211e+16	2.68245e+16	1.06845e+17	4.48565e+17	3.23477	3.1793	3.1793	3.1793	3.1793	3.1793	3.1793	3.1793	3.1793	3.1793	3.1793	3.17072	3.07931	2.13476	2.92297	
165417	6.86472e+17	2.79271e+17	1.2221e+17	7.73231e+16	1.54646e+17	2.31969e+17	3.09293e+17	3.86616e+17	4.63939e+17	5.41262e+17	6.18585e+17	6.94353e+17	7.53319e+17	7.02921e+17	2.01049e+16	5.79112e+15	5.29871e+15	2.31873e+15	1.46708e+15	2.93416e+15	4.40124e+15	5.86832e+15	7.33539e+15	8.80247e+15	1.02696e+16	1.17366e+16	1.41277e+16	2.68573e+16	1.06805e+17	4.48564e+17	3.23669	3.18131	3.18131	3.18131	3.18131	3.18131	3.18131	3.18131	3.18131	3.18131	3.18131	3.17269	3.08125	2.13497	2.91935	
165669	6.86472e+17	2.79272e+17	1.2221e+17	7.73233e+16	1.54647e+17	2.3197e+17	3.09293e+17	3.86616e+17	4.6394e+17	5.41263e+17	6.18586e+17	6.94342e+17	7.53266e+17	7.02986e+17	2.01687e+16	5.79079e+15	5.29838e+15	2.31858e+15	1.46699e+15	2.93397e+15	4.40096e+15	5.86795e+15	7.33494e+15	8.80192e+15	1.02689e+16	1.17359e+16	1.41342e+16	2.689e+16	1.06765e+17	4.48563e+17	3.23861	3.18332	3.18332	3.18332	3.18332	3.18332	3.18332	3.18332	3.18332	3.18332	3.18332	3.17465	3.08317	2.13519	2.91577	
165921	6.86473e+17	2.79272e+17	1.2221e+17	7.73234e+16	1.54647e+17	2.3197e+17	3.09294e+17	3.86617e+17	4.63941e+17	5.41264e+17	6.18588e+17	6.94331e+17	7.53214e+17	7.03049e+17	2.02325e+16	5.79046e+15	5.29805e+15	2.31844e+15	1.4669e+15	2.93379e+15	4.40069e+15	5.86758e+15	7.33448e+15	8.80138e+15	1.02683e+16	1.17352e+16	1.41408e+16	2.69227e+16	1.06727e+17	4.48562e+17	3.24052	3.18532	3.18532	3.18532	3.18532	3.18532	3.18532	3.18532	3.18532	3.18532	3.18532	3.17661	3.0851	2.13541	2.91221	
166173	6.86474e+17	2.79273e+17	1.22211e+17	7.73236e+16	1.54647e+17	2.31971e+17	3.09294e+17	3.86618e+17	4.63942e+17	5.41265e+17	6.18589e+17	6.94321e+17	7.53161e+17	7.03112e+17	2.02965e+16	5.79014e+15	5.29772e+15	2.3183e+15	1.4668e+15	2.93361e+15	4.40041e+15	5.86722e+15	7.33402e+15	8.80083e+15	1.02676e+16	1.17344e+16	1.41473e+16	2.69554e+16	1.06689e+17	4.48561e+17	3.24244	3.18732	3.18732	3.18732	3.18732	3.18732	3.18732	3.18732	3.18732	3.18732	3.18732	3.17857	3.08702	2.13564	2.90866	
166425	6.86474e+17	2.79273e+17	1.22211e+17	7.73237e+16	1.54647e+17	2.31971e+17	3.09295e+17	3.86619e+17	4.63942e+17	5.41266e+17	6.1859e+17	6.9431e+17	7.53108e+17	7.03173e+17	2.03606e+16	5.78981e+15	5.29739e+15	2.31815e+15	1.46671e+15	2.93343e+15	4.40014e+15	5.86686e+15	7.33357e+15	8.80028e+15	1.0267e+16	1.17337e+16	1.41538e+16	2.6988e+16	1.06652e+17	4.48559e+17	3.24435	3.18932	3.18932	3.18932	3.18932	3.18932	3.18932	3.18932	3.18932	3.18932	3.18932	3.18053	3.08895	2.13586	2.90514	
166677	6.86475e+17	2.79274e+17	1.22211e+17	7.73239e+16	1.54648e+17	2.31972e+17	3.09296e+17	3.86619e+17	4.63943e+17	5.41267e+17	6.18591e+17	6.94299e+17	7.53056e+17	7.03232e+17	2.04246e+16	5.78948e+15	5.29707e+15	2.31801e+15	1.46662e+15	2.93325e+15	4.39987e+15	5.8665e+15	7.33312e+15	8.79974e+15	1.02664e+16	1.1733e+16	1.41603e+16	2.70206e+16	1.06616e+17	4.48558e+17	3.24626	3.19131	3.19131	3.19131	3.19131	3.19131	3.19131	3.19131	3.19131	3.19131	3.19131	3.18248	3.09086	2.13609	2.90164	
166929	6.86475e+17	2.79274e+17	1.22211e+17	7.7324e+16	1.54648e+17	2.31972e+17	3.09296e+17	3.8662e+17	4.63944e+17	5.41268e+17	6.18592e+17	6.94289e+17	7.53004e+17	7.0329e+17	2.04887e+16	5.78916e+15	5.29674e+15	2.31787e+15	1.46653e+15	2.93307e+15	4.3996e+15	5.86614e+15	7.33267e+15	8.7992e+15	1.02657e+16	1.17323e+16	1.41668e+16	2.70531e+16	1.06581e+17	4.48557e+17	3.24816	3.1933	3.1933	3.1933	3.1933	3.1933	3.1933	3.1933	3.1933	3.1933	3.1933	3.18443	3.09278	2.13632	2.89816	
167181	6.86476e+17	2.79275e+17	1.22211e+17	7.73242e+16	1.54648e+17	2.31973e+17	3.09297e+17	3.86621e+17	4.63945e+17	5.41269e+17	6.18593e+17	6.94278e+17	7.52952e+17	7.03347e+17	2.0553e+16	5.78884e+15	5.29642e+15	2.31773e+15	1.46644e+15	2.93289e+15	4.39933e+15	5.86578e+15	7.33222e+15	8.79866e+15	1.02651e+16	1.17316e+16	1.41733e+16	2.70856e+16	1.06547e+17	4.48556e+17	3.25006	3.19529	3.19529	3.19529	3.19529	3.19529	3.19529	3.19529	3.19529	3.19529	3.19529	3.18637	3.09469	2.13655	2.89469	
167434	6.86477e+17	2.79276e+17	1.22212e+17	7.73243e+16	1.54649e+17	2.31973e+17	3.09297e+17	3.86622e+17	4.63946e+17	5.4127e+17	6.18595e+17	6.94267e+17	7.52899e+17	7.03403e+17	2.06174e+16	5.78852e+15	5.29609e+15	2.31758e+15	1.46635e+15	2.93271e+15	4.39906e+15	5.86542e+15	7.33177e+15	8.79813e+15	1.02645e+16	1.17308e+16	1.41798e+16	2.71181e+16	1.06513e+17	4.48554e+17	3.25197	3.19728	3.19728	3.19728	3.19728	3.19728	3.19728	3.19728	3.19728	3.19728	3.19728	3.18832	3.0966	2.13678	2.89125	
167686	6.86477e+17	2.79276e+17	1.22212e+17	7.73245e+16	1.54649e+17	2.31973e+17	3.09298e+17	3.86622e+17	4.63947e+17	5.41271e+17	6.18596e+17	6.94257e+17	7.52847e+17	7.03457e+17	2.06818e+16	5.7882e+15	5.29577e+15	2.31744e+15	1.46627e+15	2.93253e+15	4.3988e+15	5.86506e+15	7.33133e+15	8.79759e+15	1.02639e+16	1.17301e+16	1.41863e+16	2.71504e+16	1.0648e+17	4.48553e+17	3.25386	3.19926	3.19926	3.19926	3.19926	3.19926	3.19926	3.19926	3.19926	3.19926	3.19926	3.19026	3.09851	2.13702	2.88783	
167937	6.86478e+17	2.79277e+17	1.22212e+17	7.73246e+16	1.54649e+17	2.31974e+17	3.09298e+17	3.86623e+17	4.63948e+17	5.41272e+17	6.18597e+17	6.94246e+17	7.52795e+17	7.03509e+17	2.0746e+16	5.78788e+15	5.29545e+15	2.3173e+15	1.46618e+15	2.93235e+15	4.39853e+15	5.86471e+15	7.33089e+15	8.79706e+15	1.02632e+16	1.17294e+16	1.41927e+16	2.71827e+16	1.06449e+17	4.48552e+17	3.25575	3.20123	3.20123	3.20123	3.20123	3.20123	3.20123	3.20123	3.20123	3.20123	3.20123	3.1922	3.10041	2.13725	2.88444	
168190	6.86478e+17	2.79277e+17	1.22212e+17	7.73248e+16	1.5465e+17	2.31974e+17	3.09299e+17	3.86624e+17	4.63949e+17	5.41273e+17	6.18598e+17	6.94236e+17	7.52743e+17	7.03561e+17	2.08105e+16	5.78756e+15	5.29513e+15	2.31716e+15	1.46609e+15	2.93218e+15	4.39827e+15	5.86435e+15	7.33044e+15	8.79653e+15	1.02626e+16	1.17287e+16	1.41992e+16	2.7215e+16	1.06418e+17	4.4855e+17	3.25765	3.20321	3.20321	3.20321	3.20321	3.20321	3.20321	3.20321	3.20321	3.20321	3.20321	3.19413	3.10231	2.13749	2.88105	
168442	6.86479e+17	2.79278e+17	1.22213e+17	7.73249e+16	1.5465e+17	2.31975e+17	3.093e+17	3.86625e+17	4.63949e+17	5.41274e+17	6.18599e+17	6.94225e+17	7.52691e+17	7.0361e+17	2.08751e+16	5.78724e+15	5.29482e+15	2.31702e+15	1.466e+15	2.932e+15	4.398e+15	5.864e+15	7.33e+15	8.796e+15	1.0262e+16	1.1728e+16	1.42056e+16	2.72473e+16	1.06387e+17	4.48549e+17	3.25954	3.20518	3.20518	3.20518	3.20518	3.20518	3.20518	3.20518	3.20518	3.20518	3.20518	3.19607	3.10421	2.13773	2.87769	
168695	6.8648e+17	2.79278e+17	1.22213e+17	7.73251e+16	1.5465e+17	2.31975e+17	3.093e+17	3.86625e+17	4.6395e+17	5.41275e+17	6.186e+17	6.94214e+17	7.52639e+17	7.03659e+17	2.09398e+16	5.78693e+15	5.2945e+15	2.31689e+15	1.46591e+15	2.93183e+15	4.39774e+15	5.86365e+15	7.32956e+15	8.79548e+15	1.02614e+16	1.17273e+16	1.42121e+16	2.72795e+16	1.06358e+17	4.48547e+17	3.26143	3.20716	3.20716	3.20716	3.20716	3.20716	3.20716	3.20716	3.20716	3.20716	3.20716	3.198	3.10611	2.13797	2.87434	
168947	6.8648e+17	2.79279e+17	1.22213e+17	7.73252e+16	1.5465e+17	2.31976e+17	3.09301e+17	3.86626e+17	4.63951e+17	5.41276e+17	6.18602e+17	6.94204e+17	7.52588e+17	7.03706e+17	2.10044e+16	5.78662e+15	5.29418e+15	2.31675e+15	1.46583e+15	2.93165e+15	4.39748e+15	5.8633e+15	7.32913e+15	8.79495e+15	1.02608e+16	1.17266e+16	1.42185e+16	2.73117e+16	1.06329e+17	4.48546e+17	3.26331	3.20913	3.20913	3.20913	3.20913	3.20913	3.20913	3.20913	3.20913	3.20913	3.20913	3.19993	3.108	2.13822	2.87102	
169199	6.86481e+17	2.79279e+17	1.22213e+17	7.73253e+16	1.54651e+17	2.31976e+17	3.09301e+17	3.86627e+17	4.63952e+17	5.41277e+17	6.18603e+17	6.94193e+17	7.52536e+17	7.03752e+17	2.1069e+16	5.7863e+15	5.29387e+15	2.31661e+15	1.46574e+15	2.93148e+15	4.39722e+15	5.86295e+15	7.32869e+15	8.79443e+15	1.02602e+16	1.17259e+16	1.42249e+16	2.73438e+16	1.06302e+17	4.48545e+17	3.26519	3.21109	3.21109	3.21109	3.21109	3.21109	3.21109	3.21109	3.21109	3.21109	3.21109	3.20185	3.10989	2.13847	2.86773	
169451	6.86481e+17	2.7928e+17	1.22214e+17	7.73255e+16	1.54651e+17	2.31976e+17	3.09302e+17	3.86627e+17	4.63953e+17	5.41278e+17	6.18604e+17	6.94183e+17	7.52484e+17	7.03796e+17	2.11337e+16	5.78599e+15	5.29356e+15	2.31647e+15	1.46565e+15	2.9313e+15	4.39696e+15	5.86261e+15	7.32826e+15	8.79391e+15	1.02596e+16	1.17252e+16	1.42313e+16	2.73758e+16	1.06275e+17	4.48543e+17	3.26706	3.21305	3.21305	3.21305	3.21305	3.21305	3.21305	3.21305	3.21305	3.21305	3.21305	3.20377	3.11177	2.13871	2.86445	
169703	6.86482e+17	2.7928e+17	1.22214e+17	7.73256e+16	1.54651e+17	2.31977e+17	3.09303e+17	3.86628e+17	4.63954e+17	5.41279e+17	6.18605e+17	6.94172e+17	7.52433e+17	7.0384e+17	2.11985e+16	5.78568e+15	5.29324e+15	2.31634e+15	1.46557e+15	2.93113e+15	4.3967e+15	5.86226e+15	7.32783e+15	8.79339e+15	1.0259e+16	1.17245e+16	1.42377e+16	2.74079e+16	1.06249e+17	4.48542e+17	3.26894	3.21501	3.21501	3.21501	3.21501	3.21501	3.21501	3.21501	3.21501	3.21501	3.21501	3.20569	3.11366	2.13896	2.86119	
169956	6.86483e+17	2.79281e+17	1.22214e+17	7.73258e+16	1.54652e+17	2.31977e+17	3.09303e+17	3.86629e+17	4.63955e+17	5.4128e+17	6.18606e+17	6.94162e+17	7.52381e+17	7.03881e+17	2.12634e+16	5.78537e+15	5.29293e+15	2.3162e+15	1.46548e+15	2.93096e+15	4.39644e+15	5.86192e+15	7.32739e+15	8.79287e+15	1.02584e+16	1.17238e+16	1.42441e+16	2.74399e+16	1.06223e+17	4.4854e+17	3.27082	3.21697	3.21697	3.21697	3.21697	3.21697	3.21697	3.21697	3.21697	3.21697	3.21697	3.20761	3.11554	2.13922	2.85794	
170208	6.86483e+17	2.79281e+17	1.22214e+17	7.73259e+16	1.54652e+17	2.31978e+17	3.09304e+17	3.8663e+17	4.63955e+17	5.41281e+17	6.18607e+17	6.94151e+17	7.5233e+17	7.03922e+17	2.13282e+16	5.78506e+15	5.29262e+15	2.31607e+15	1.46539e+15	2.93079e+15	4.39618e+15	5.86157e+15	7.32697e+15	8.79236e+15	1.02578e+16	1.17231e+16	1.42504e+16	2.74718e+16	1.06199e+17	4.48539e+17	3.27268	3.21892	3.21892	3.21892	3.21892	3.21892	3.21892	3.21892	3.21892	3.21892	3.21892	3.20953	3.11742	2.13947	2.85472	
170460	6.86484e+17	2.79282e+17	1.22214e+17	7.73261e+16	1.54652e+17	2.31978e+17	3.09304e+17	3.8663e+17	4.63956e+17	5.41282e+17	6.18608e+17	6.94141e+17	7.52279e+17	7.0396e+17	2.13931e+16	5.78476e+15	5.29231e+15	2.31593e+15	1.46531e+15	2.93062e+15	4.39592e+15	5.86123e+15	7.32654e+15	8.79185e+15	1.02572e+16	1.17225e+16	1.42568e+16	2.75037e+16	1.06176e+17	4.48537e+17	3.27455	3.22087	3.22087	3.22087	3.22087	3.22087	3.22087	3.22087	3.22087	3.22087	3.22087	3.21144	3.11929	2.13973	2.85152	
170713	6.86484e+17	2.79282e+17	1.22215e+17	7.73262e+16	1.54652e+17	2.31979e+17	3.09305e+17	3.86631e+17	4.63957e+17	5.41283e+17	6.1861e+17	6.9413e+17	7.52227e+17	7.03998e+17	2.14581e+16	5.78445e+15	5.29201e+15	2.3158e+15	1.46522e+15	2.93045e+15	4.39567e+15	5.86089e+15	7.32611e+15	8.79134e+15	1.02566e+16	1.17218e+16	1.42632e+16	2.75356e+16	1.06153e+17	4.48536e+17	3.27641	3.22282	3.22282	3.22282	3.22282	3.22282	3.22282	3.22282	3.22282	3.22282	3.22282	3.21335	3.12116	2.13999	2.84833	
170965	6.86485e+17	2.79283e+17	1.22215e+17	7.73263e+16	1.54653e+17	2.31979e+17	3.09305e+17	3.86632e+17	4.63958e+17	5.41284e+17	6.18611e+17	6.9412e+17	7.52176e+17	7.04034e+17	2.15231e+16	5.78415e+15	5.2917e+15	2.31566e+15	1.46514e+15	2.93028e+15	4.39541e+15	5.86055e+15	7.32569e+15	8.79083e+15	1.0256e+16	1.17211e+16	1.42695e+16	2.75675e+16	1.06131e+17	4.48534e+17	3.27828	3.22476	3.22476	3.22476	3.22476	3.22476	3.22476	3.22476	3.22476	3.22476	3.22476	3.21525	3.12304	2.14025	2.84517	
171217	6.86486e+17	2.79283e+17	1.22215e+17	7.73265e+16	1.54653e+17	2.31979e+17	3.09306e+17	3.86632e+17	4.63959e+17	5.41285e+17	6.18612e+17	6.9411e+17	7.52125e+17	7.04069e+17	2.15881e+16	5.78384e+15	5.29139e+15	2.31553e+15	1.46505e+15	2.93011e+15	4.39516e+15	5.86021e+15	7.32527e+15	8.79032e+15	1.02554e+16	1.17204e+16	1.42758e+16	2.75993e+16	1.0611e+17	4.48533e+17	3.28014	3.22671	3.22671	3.22671	3.22671	3.22671	3.22671	3.22671	3.22671	3.22671	3.22671	3.21716	3.1249	2.14051	2.84202	
171469	6.86486e+17	2.79284e+17	1.22215e+17	7.73266e+16	1.54653e+17	2.3198e+17	3.09306e+17	3.86633e+17	4.6396e+17	5.41286e+17	6.18613e+17	6.94099e+17	7.52074e+17	7.04102e+17	2.16531e+16	5.78354e+15	5.29109e+15	2.31539e+15	1.46497e+15	2.92994e+15	4.39491e+15	5.85988e+15	7.32485e+15	8.78982e+15	1.02548e+16	1.17198e+16	1.42822e+16	2.7631e+16	1.0609e+17	4.48531e+17	3.28199	3.22864	3.22864	3.22864	3.22864	3.22864	3.22864	3.22864	3.22864	3.22864	3.22864	3.21906	3.12676	2.14077	2.8389	
171722	6.86487e+17	2.79284e+17	1.22216e+17	7.73267e+16	1.54653e+17	2.3198e+17	3.09307e+17	3.86634e+17	4.6396e+17	5.41287e+17	6.18614e+17	6.94089e+17	7.52023e+17	7.04135e+17	2.17184e+16	5.78324e+15	5.29079e+15	2.31526e+15	1.46489e+15	2.92977e+15	4.39466e+15	5.85954e+15	7.32443e+15	8.78931e+15	1.02542e+16	1.17191e+16	1.42885e+16	2.76628e+16	1.0607e+17	4.4853e+17	3.28385	3.23058	3.23058	3.23058	3.23058	3.23058	3.23058	3.23058	3.23058	3.23058	3.23058	3.22096	3.12863	2.14104	2.83578	
171975	6.86487e+17	2.79285e+17	1.22216e+17	7.73269e+16	1.54654e+17	2.31981e+17	3.09308e+17	3.86634e+17	4.63961e+17	5.41288e+17	6.18615e+17	6.94079e+17	7.51972e+17	7.04165e+17	2.17835e+16	5.78294e+15	5.29048e+15	2.31513e+15	1.4648e+15	2.9296e+15	4.3944e+15	5.85921e+15	7.32401e+15	8.78881e+15	1.02536e+16	1.17184e+16	1.42948e+16	2.76945e+16	1.06052e+17	4.48528e+17	3.2857	3.23252	3.23252	3.23252	3.23252	3.23252	3.23252	3.23252	3.23252	3.23252	3.23252	3.22286	3.13049	2.1413	2.8327	
172227	6.86488e+17	2.79285e+17	1.22216e+17	7.7327e+16	1.54654e+17	2.31981e+17	3.09308e+17	3.86635e+17	4.63962e+17	5.41289e+17	6.18616e+17	6.94068e+17	7.51921e+17	7.04194e+17	2.18488e+16	5.78264e+15	5.29018e+15	2.315e+15	1.46472e+15	2.92944e+15	4.39415e+15	5.85887e+15	7.32359e+15	8.78831e+15	1.0253e+16	1.17177e+16	1.43011e+16	2.77262e+16	1.06034e+17	4.48526e+17	3.28755	3.23445	3.23445	3.23445	3.23445	3.23445	3.23445	3.23445	3.23445	3.23445	3.23445	3.22475	3.13235	2.14157	2.82962	
172480	6.86488e+17	2.79286e+17	1.22216e+17	7.73272e+16	1.54654e+17	2.31981e+17	3.09309e+17	3.86636e+17	4.63963e+17	5.4129e+17	6.18617e+17	6.94058e+17	7.5187e+17	7.04222e+17	2.19139e+16	5.78235e+15	5.28988e+15	2.31487e+15	1.46464e+15	2.92927e+15	4.39391e+15	5.85854e+15	7.32318e+15	8.78781e+15	1.02524e+16	1.17171e+16	1.43074e+16	2.77578e+16	1.06017e+17	4.48525e+17	3.28939	3.23638	3.23638	3.23638	3.23638	3.23638	3.23638	3.23638	3.23638	3.23638	3.23638	3.22664	3.1342	2.14184	2.82657	
172732	6.86489e+17	2.79286e+17	1.22216e+17	7.73273e+16	1.54655e+17	2.31982e+17	3.09309e+17	3.86636e+17	4.63964e+17	5.41291e+17	6.18618e+17	6.94047e+17	7.51819e+17	7.04249e+17	2.19791e+16	5.78205e+15	5.28959e+15	2.31474e+15	1.46455e+15	2.92911e+15	4.39366e+15	5.85821e+15	7.32276e+15	8.78732e+15	1.02519e+16	1.17164e+16	1.43137e+16	2.77893e+16	1.06001e+17	4.48523e+17	3.29124	3.2383	3.2383	3.2383	3.2383	3.2383	3.2383	3.2383	3.2383	3.2383	3.2383	3.22853	3.13605	2.14212	2.82354	
172984	6.8649e+17	2.79287e+17	1.22217e+17	7.73274e+16	1.54655e+17	2.31982e+17	3.0931e+17	3.86637e+17	4.63965e+17	5.41292e+17	6.18619e+17	6.94037e+17	7.51768e+17	7.04274e+17	2.20443e+16	5.78175e+15	5.28929e+15	2.31461e+15	1.46447e+15	2.92894e+15	4.39341e+15	5.85788e+15	7.32235e+15	8.78682e+15	1.02513e+16	1.17158e+16	1.432e+16	2.78209e+16	1.05986e+17	4.48522e+17	3.29307	3.24022	3.24022	3.24022	3.24022	3.24022	3.24022	3.24022	3.24022	3.24022	3.24022	3.23041	3.1379	2.14239	2.82053	
173237	6.8649e+17	2.79287e+17	1.22217e+17	7.73276e+16	1.54655e+17	2.31983e+17	3.0931e+17	3.86638e+17	4.63965e+17	5.41293e+17	6.18621e+17	6.94027e+17	7.51717e+17	7.04298e+17	2.21097e+16	5.78146e+15	5.28899e+15	2.31448e+15	1.46439e+15	2.92878e+15	4.39317e+15	5.85755e+15	7.32194e+15	8.78633e+15	1.02507e+16	1.17151e+16	1.43262e+16	2.78524e+16	1.05971e+17	4.4852e+17	3.29491	3.24214	3.24214	3.24214	3.24214	3.24214	3.24214	3.24214	3.24214	3.24214	3.24214	3.2323	3.13974	2.14267	2.81753	
173490	6.86491e+17	2.79288e+17	1.22217e+17	7.73277e+16	1.54655e+17	2.31983e+17	3.09311e+17	3.86638e+17	4.63966e+17	5.41294e+17	6.18622e+17	6.94017e+17	7.51667e+17	7.0432e+17	2.21751e+16	5.78117e+15	5.2887e+15	2.31435e+15	1.46431e+15	2.92861e+15	4.39292e+15	5.85723e+15	7.32153e+15	8.78584e+15	1.02501e+16	1.17145e+16	1.43325e+16	2.7884e+16	1.05958e+17	4.48518e+17	3.29675	3.24406	3.24406	3.24406	3.24406	3.24406	3.24406	3.24406	3.24406	3.24406	3.24406	3.23418	3.14159	2.14295	2.81455	
173742	6.86491e+17	2.79288e+17	1.22217e+17	7.73278e+16	1.54656e+17	2.31983e+17	3.09311e+17	3.86639e+17	4.63967e+17	5.41295e+17	6.18623e+17	6.94006e+17	7.51616e+17	7.04341e+17	2.22403e+16	5.78088e+15	5.2884e+15	2.31422e+15	1.46423e+15	2.92845e+15	4.39268e+15	5.8569e+15	7.32113e+15	8.78535e+15	1.02496e+16	1.17138e+16	1.43388e+16	2.79154e+16	1.05945e+17	4.48516e+17	3.29858	3.24597	3.24597	3.24597	3.24597	3.24597	3.24597	3.24597	3.24597	3.24597	3.24597	3.23606	3.14343	2.14323	2.81159	
173994	6.86492e+17	2.79289e+17	1.22217e+17	7.7328e+16	1.54656e+17	2.31984e+17	3.09312e+17	3.8664e+17	4.63968e+17	5.41296e+17	6.18624e+17	6.93996e+17	7.51565e+17	7.04361e+17	2.23056e+16	5.78059e+15	5.28811e+15	2.31409e+15	1.46414e+15	2.92829e+15	4.39243e+15	5.85658e+15	7.32072e+15	8.78487e+15	1.0249e+16	1.17132e+16	1.4345e+16	2.79468e+16	1.05933e+17	4.48515e+17	3.30041	3.24788	3.24788	3.24788	3.24788	3.24788	3.24788	3.24788	3.24788	3.24788	3.24788	3.23793	3.14526	2.14351	2.80865	
174247	6.86492e+17	2.79289e+17	1.22218e+17	7.73281e+16	1.54656e+17	2.31984e+17	3.09312e+17	3.8664e+17	4.63969e+17	5.41297e+17	6.18625e+17	6.93986e+17	7.51515e+17	7.04379e+17	2.2371e+16	5.7803e+15	5.28782e+15	2.31396e+15	1.46406e+15	2.92813e+15	4.39219e+15	5.85625e+15	7.32032e+15	8.78438e+15	1.02484e+16	1.17125e+16	1.43513e+16	2.79782e+16	1.05922e+17	4.48513e+17	3.30224	3.24979	3.24979	3.24979	3.24979	3.24979	3.24979	3.24979	3.24979	3.24979	3.24979	3.2398	3.1471	2.14379	2.80573	
174500	6.86493e+17	2.7929e+17	1.22218e+17	7.73282e+16	1.54656e+17	2.31985e+17	3.09313e+17	3.86641e+17	4.63969e+17	5.41298e+17	6.18626e+17	6.93976e+17	7.51464e+17	7.04396e+17	2.24366e+16	5.78001e+15	5.28753e+15	2.31384e+15	1.46398e+15	2.92797e+15	4.39195e+15	5.85593e+15	7.31992e+15	8.7839e+15	1.02479e+16	1.17119e+16	1.43575e+16	2.80097e+16	1.05912e+17	4.48511e+17	3.30407	3.2517	3.2517	3.2517	3.2517	3.2517	3.2517	3.2517	3.2517	3.2517	3.2517	3.24168	3.14894	2.14408	2.80281	
174752	6.86494e+17	2.7929e+17	1.22218e+17	7.73284e+16	1.54657e+17	2.31985e+17	3.09313e+17	3.86642e+17	4.6397e+17	5.41299e+17	6.18627e+17	6.93965e+17	7.51414e+17	7.04411e+17	2.25018e+16	5.77972e+15	5.28724e+15	2.31371e+15	1.4639e+15	2.92781e+15	4.39171e+15	5.85561e+15	7.31952e+15	8.78342e+15	1.02473e+16	1.17112e+16	1.43637e+16	2.80409e+16	1.05903e+17	4.48509e+17	3.30589	3.2536	3.2536	3.2536	3.2536	3.2536	3.2536	3.2536	3.2536	3.2536	3.2536	3.24354	3.15076	2.14436	2.79993	
175005	6.86494e+17	2.79291e+17	1.22218e+17	7.73285e+16	1.54657e+17	2.31985e+17	3.09314e+17	3.86642e+17	4.63971e+17	5.41299e+17	6.18628e+17	6.93955e+17	7.51363e+17	7.04425e+17	2.25674e+16	5.77944e+15	5.28695e+15	2.31358e+15	1.46382e+15	2.92765e+15	4.39147e+15	5.85529e+15	7.31912e+15	8.78294e+15	1.02468e+16	1.17106e+16	1.437e+16	2.80723e+16	1.05894e+17	4.48508e+17	3.30771	3.25551	3.25551	3.25551	3.25551	3.25551	3.25551	3.25551	3.25551	3.25551	3.25551	3.24541	3.15259	2.14465	2.79706	
175257	6.86495e+17	2.79291e+17	1.22218e+17	7.73286e+16	1.54657e+17	2.31986e+17	3.09314e+17	3.86643e+17	4.63972e+17	5.413e+17	6.18629e+17	6.93945e+17	7.51313e+17	7.04438e+17	2.26327e+16	5.77915e+15	5.28666e+15	2.31346e+15	1.46374e+15	2.92749e+15	4.39123e+15	5.85497e+15	7.31872e+15	8.78246e+15	1.02462e+16	1.17099e+16	1.43762e+16	2.81036e+16	1.05887e+17	4.48506e+17	3.30952	3.2574	3.2574	3.2574	3.2574	3.2574	3.2574	3.2574	3.2574	3.2574	3.2574	3.24727	3.15441	2.14494	2.79421	
175510	6.86495e+17	2.79291e+17	1.22219e+17	7.73288e+16	1.54658e+17	2.31986e+17	3.09315e+17	3.86644e+17	4.63973e+17	5.41301e+17	6.1863e+17	6.93935e+17	7.51263e+17	7.04449e+17	2.26982e+16	5.77887e+15	5.28638e+15	2.31333e+15	1.46366e+15	2.92733e+15	4.39099e+15	5.85466e+15	7.31832e+15	8.78199e+15	1.02457e+16	1.17093e+16	1.43824e+16	2.81349e+16	1.0588e+17	4.48504e+17	3.31134	3.2593	3.2593	3.2593	3.2593	3.2593	3.2593	3.2593	3.2593	3.2593	3.2593	3.24913	3.15624	2.14523	2.79137	
175762	6.86496e+17	2.79292e+17	1.22219e+17	7.73289e+16	1.54658e+17	2.31987e+17	3.09316e+17	3.86644e+17	4.63973e+17	5.41302e+17	6.18631e+17	6.93925e+17	7.51212e+17	7.04459e+17	2.27636e+16	5.77859e+15	5.28609e+15	2.31321e+15	1.46359e+15	2.92717e+15	4.39076e+15	5.85434e+15	7.31793e+15	8.78151e+15	1.02451e+16	1.17087e+16	1.43886e+16	2.81661e+16	1.05874e+17	4.48502e+17	3.31315	3.26119	3.26119	3.26119	3.26119	3.26119	3.26119	3.26119	3.26119	3.26119	3.26119	3.25099	3.15806	2.14553	2.78856	
176016	6.86496e+17	2.79292e+17	1.22219e+17	7.7329e+16	1.54658e+17	2.31987e+17	3.09316e+17	3.86645e+17	4.63974e+17	5.41303e+17	6.18632e+17	6.93914e+17	7.51162e+17	7.04467e+17	2.28292e+16	5.7783e+15	5.28581e+15	2.31308e+15	1.46351e+15	2.92701e+15	4.39052e+15	5.85403e+15	7.31753e+15	8.78104e+15	1.02445e+16	1.17081e+16	1.43948e+16	2.81974e+16	1.05869e+17	4.485e+17	3.31496	3.26308	3.26308	3.26308	3.26308	3.26308	3.26308	3.26308	3.26308	3.26308	3.26308	3.25285	3.15988	2.14582	2.78575	
176268	6.86497e+17	2.79293e+17	1.22219e+17	7.73291e+16	1.54658e+17	2.31987e+17	3.09317e+17	3.86646e+17	4.63975e+17	5.41304e+17	6.18633e+17	6.93904e+17	7.51112e+17	7.04475e+17	2.28946e+16	5.77802e+15	5.28553e+15	2.31296e+15	1.46343e+15	2.92686e+15	4.39029e+15	5.85371e+15	7.31714e+15	8.78057e+15	1.0244e+16	1.17074e+16	1.44009e+16	2.82286e+16	1.05864e+17	4.48499e+17	3.31676	3.26496	3.26496	3.26496	3.26496	3.26496	3.26496	3.26496	3.26496	3.26496	3.26496	3.2547	3.16169	2.14612	2.78297	
176520	6.86497e+17	2.79293e+17	1.22219e+17	7.73293e+16	1.54659e+17	2.31988e+17	3.09317e+17	3.86646e+17	4.63976e+17	5.41305e+17	6.18634e+17	6.93894e+17	7.51062e+17	7.0448e+17	2.296e+16	5.77774e+15	5.28524e+15	2.31284e+15	1.46335e+15	2.9267e+15	4.39005e+15	5.8534e+15	7.31675e+15	8.7801e+15	1.02435e+16	1.17068e+16	1.44071e+16	2.82597e+16	1.05861e+17	4.48497e+17	3.31857	3.26685	3.26685	3.26685	3.26685	3.26685	3.26685	3.26685	3.26685	3.26685	3.26685	3.25654	3.1635	2.14642	2.78021	
176773	6.86498e+17	2.79294e+17	1.2222e+17	7.73294e+16	1.54659e+17	2.31988e+17	3.09318e+17	3.86647e+17	4.63976e+17	5.41306e+17	6.18635e+17	6.93884e+17	7.51012e+17	7.04485e+17	2.30255e+16	5.77747e+15	5.28496e+15	2.31271e+15	1.46327e+15	2.92655e+15	4.38982e+15	5.85309e+15	7.31636e+15	8.77964e+15	1.02429e+16	1.17062e+16	1.44133e+16	2.82909e+16	1.05858e+17	4.48495e+17	3.32037	3.26873	3.26873	3.26873	3.26873	3.26873	3.26873	3.26873	3.26873	3.26873	3.26873	3.25839	3.16531	2.14672	2.77746	
177026	6.86498e+17	2.79294e+17	1.2222e+17	7.73295e+16	1.54659e+17	2.31989e+17	3.09318e+17	3.86648e+17	4.63977e+17	5.41307e+17	6.18636e+17	6.93874e+17	7.50961e+17	7.04487e+17	2.30911e+16	5.77719e+15	5.28468e+15	2.31259e+15	1.4632e+15	2.92639e+15	4.38959e+15	5.85278e+15	7.31598e+15	8.77917e+15	1.02424e+16	1.17056e+16	1.44195e+16	2.83221e+16	1.05856e+17	4.48493e+17	3.32217	3.27061	3.27061	3.27061	3.27061	3.27061	3.27061	3.27061	3.27061	3.27061	3.27061	3.26024	3.16712	2.14702	2.77472	
177279	6.86499e+17	2.79295e+17	1.2222e+17	7.73297e+16	1.54659e+17	2.31989e+17	3.09319e+17	3.86648e+17	4.63978e+17	5.41308e+17	6.18637e+17	6.93864e+17	7.50911e+17	7.04489e+17	2.31565e+16	5.77691e+15	5.28441e+15	2.31247e+15	1.46312e+15	2.92624e+15	4.38935e+15	5.85247e+15	7.31559e+15	8.77871e+15	1.02418e+16	1.17049e+16	1.44256e+16	2.83532e+16	1.05855e+17	4.48491e+17	3.32396	3.27248	3.27248	3.27248	3.27248	3.27248	3.27248	3.27248	3.27248	3.27248	3.27248	3.26208	3.16892	2.14733	2.77201	
177531	6.86499e+17	2.79295e+17	1.2222e+17	7.73298e+16	1.5466e+17	2.31989e+17	3.09319e+17	3.86649e+17	4.63979e+17	5.41308e+17	6.18638e+17	6.93854e+17	7.50861e+17	7.04489e+17	2.32219e+16	5.77664e+15	5.28413e+15	2.31235e+15	1.46304e+15	2.92608e+15	4.38912e+15	5.85217e+15	7.31521e+15	8.77825e+15	1.02413e+16	1.17043e+16	1.44317e+16	2.83843e+16	1.05855e+17	4.48489e+17	3.32576	3.27435	3.27435	3.27435	3.27435	3.27435	3.27435	3.27435	3.27435	3.27435	3.27435	3.26392	3.17072	2.14763	2.76931	
177784	6.865e+17	2.79296e+17	1.2222e+17	7.73299e+16	1.5466e+17	2.3199e+17	3.0932e+17	3.8665e+17	4.63979e+17	5.41309e+17	6.18639e+17	6.93844e+17	7.50811e+17	7.04488e+17	2.32874e+16	5.77637e+15	5.28385e+15	2.31223e+15	1.46296e+15	2.92593e+15	4.38889e+15	5.85186e+15	7.31482e+15	8.77779e+15	1.02408e+16	1.17037e+16	1.44379e+16	2.84154e+16	1.05856e+17	4.48487e+17	3.32755	3.27623	3.27623	3.27623	3.27623	3.27623	3.27623	3.27623	3.27623	3.27623	3.27623	3.26576	3.17253	2.14794	2.76663	
178037	6.86501e+17	2.79296e+17	1.22221e+17	7.733e+16	1.5466e+17	2.3199e+17	3.0932e+17	3.8665e+17	4.6398e+17	5.4131e+17	6.1864e+17	6.93834e+17	7.50761e+17	7.04485e+17	2.3353e+16	5.77609e+15	5.28358e+15	2.31211e+15	1.46289e+15	2.92578e+15	4.38867e+15	5.85155e+15	7.31444e+15	8.77733e+15	1.02402e+16	1.17031e+16	1.4444e+16	2.84465e+16	1.05858e+17	4.48485e+17	3.32934	3.2781	3.2781	3.2781	3.2781	3.2781	3.2781	3.2781	3.2781	3.2781	3.2781	3.2676	3.17433	2.14825	2.76396	
178290	6.86501e+17	2.79297e+17	1.22221e+17	7.73302e+16	1.5466e+17	2.3199e+17	3.09321e+17	3.86651e+17	4.63981e+17	5.41311e+17	6.18641e+17	6.93824e+17	7.50711e+17	7.04481e+17	2.34185e+16	5.77582e+15	5.2833e+15	2.31199e+15	1.46281e+15	2.92563e+15	4.38844e+15	5.85125e+15	7.31406e+15	8.77688e+15	1.02397e+16	1.17025e+16	1.44502e+16	2.84776e+16	1.0586e+17	4.48483e+17	3.33113	3.27996	3.27996	3.27996	3.27996	3.27996	3.27996	3.27996	3.27996	3.27996	3.27996	3.26943	3.17612	2.14856	2.76131	
178542	6.86502e+17	2.79297e+17	1.22221e+17	7.73303e+16	1.54661e+17	2.31991e+17	3.09321e+17	3.86651e+17	4.63982e+17	5.41312e+17	6.18642e+17	6.93814e+17	7.50661e+17	7.04476e+17	2.34837e+16	5.77555e+15	5.28303e+15	2.31187e+15	1.46274e+15	2.92547e+15	4.38821e+15	5.85095e+15	7.31369e+15	8.77642e+15	1.02392e+16	1.17019e+16	1.44563e+16	2.85085e+16	1.05863e+17	4.48481e+17	3.3329	3.28182	3.28182	3.28182	3.28182	3.28182	3.28182	3.28182	3.28182	3.28182	3.28182	3.27125	3.17791	2.14887	2.75869	
178795	6.86502e+17	2.79297e+17	1.22221e+17	7.73304e+16	1.54661e+17	2.31991e+17	3.09322e+17	3.86652e+17	4.63982e+17	5.41313e+17	6.18643e+17	6.93803e+17	7.50611e+17	7.04469e+17	2.35492e+16	5.77528e+15	5.28276e+15	2.31175e+15	1.46266e+15	2.92532e+15	4.38799e+15	5.85065e+15	7.31331e+15	8.77597e+15	1.02386e+16	1.17013e+16	1.44624e+16	2.85396e+16	1.05867e+17	4.48479e+17	3.33469	3.28368	3.28368	3.28368	3.28368	3.28368	3.28368	3.28368	3.28368	3.28368	3.28368	3.27308	3.1797	2.14918	2.75607	
179048	6.86503e+17	2.79298e+17	1.22221e+17	7.73305e+16	1.54661e+17	2.31992e+17	3.09322e+17	3.86653e+17	4.63983e+17	5.41314e+17	6.18644e+17	6.93793e+17	7.50561e+17	7.04461e+17	2.36147e+16	5.77501e+15	5.28249e+15	2.31163e+15	1.46259e+15	2.92517e+15	4.38776e+15	5.85035e+15	7.31293e+15	8.77552e+15	1.02381e+16	1.17007e+16	1.44685e+16	2.85706e+16	1.05872e+17	4.48477e+17	3.33646	3.28554	3.28554	3.28554	3.28554	3.28554	3.28554	3.28554	3.28554	3.28554	3.28554	3.2749	3.18149	2.1495	2.75347	
179301	6.86503e+17	2.79298e+17	1.22222e+17	7.73307e+16	1.54661e+17	2.31992e+17	3.09323e+17	3.86653e+17	4.63984e+17	5.41315e+17	6.18645e+17	6.93783e+17	7.50511e+17	7.04451e+17	2.36802e+16	5.77475e+15	5.28222e+15	2.31151e+15	1.46251e+15	2.92502e+15	4.38754e+15	5.85005e+15	7.31256e+15	8.77507e+15	1.02376e+16	1.17001e+16	1.44746e+16	2.86017e+16	1.05878e+17	4.48475e+17	3.33824	3.28739	3.28739	3.28739	3.28739	3.28739	3.28739	3.28739	3.28739	3.28739	3.28739	3.27673	3.18327	2.14982	2.75088	
179554	6.86504e+17	2.79299e+17	1.22222e+17	7.73308e+16	1.54662e+17	2.31992e+17	3.09323e+17	3.86654e+17	4.63985e+17	5.41315e+17	6.18646e+17	6.93773e+17	7.50461e+17	7.0444e+17	2.37456e+16	5.77448e+15	5.28195e+15	2.31139e+15	1.46244e+15	2.92487e+15	4.38731e+15	5.84975e+15	7.31219e+15	8.77462e+15	1.02371e+16	1.16995e+16	1.44807e+16	2.86327e+16	1.05885e+17	4.48473e+17	3.34002	3.28924	3.28924	3.28924	3.28924	3.28924	3.28924	3.28924	3.28924	3.28924	3.28924	3.27855	3.18506	2.15014	2.74832	
179807	6.86504e+17	2.79299e+17	1.22222e+17	7.73309e+16	1.54662e+17	2.31993e+17	3.09324e+17	3.86654e+17	4.63985e+17	5.41316e+17	6.18647e+17	6.93763e+17	7.50412e+17	7.04428e+17	2.38109e+16	5.77422e+15	5.28168e+15	2.31128e+15	1.46236e+15	2.92473e+15	4.38709e+15	5.84945e+15	7.31182e+15	8.77418e+15	1.02365e+16	1.16989e+16	1.44868e+16	2.86636e+16	1.05892e+17	4.48471e+17	3.34178	3.29109	3.29109	3.29109	3.29109	3.29109	3.29109	3.29109	3.29109	3.29109	3.29109	3.28037	3.18683	2.15046	2.74577	
180059	6.86505e+17	2.793e+17	1.22222e+17	7.7331e+16	1.54662e+17	2.31993e+17	3.09324e+17	3.86655e+17	4.63986e+17	5.41317e+17	6.18648e+17	6.93754e+17	7.50362e+17	7.04414e+17	2.38762e+16	5.77395e+15	5.28141e+15	2.31116e+15	1.46229e+15	2.92458e+15	4.38687e+15	5.84916e+15	7.31145e+15	8.77374e+15	1.0236e+16	1.16983e+16	1.44928e+16	2.86945e+16	1.05901e+17	4.48469e+17	3.34355	3.29293	3.29293	3.29293	3.29293	3.29293	3.29293	3.29293	3.29293	3.29293	3.29293	3.28218	3.18861	2.15078	2.74324	
180312	6.86505e+17	2.793e+17	1.22222e+17	7.73311e+16	1.54662e+17	2.31993e+17	3.09325e+17	3.86656e+17	4.63987e+17	5.41318e+17	6.18649e+17	6.93744e+17	7.50312e+17	7.04399e+17	2.39416e+16	5.77369e+15	5.28115e+15	2.31104e+15	1.46222e+15	2.92443e+15	4.38665e+15	5.84886e+15	7.31108e+15	8.7733e+15	1.02355e+16	1.16977e+16	1.44989e+16	2.87255e+16	1.0591e+17	4.48467e+17	3.34532	3.29478	3.29478	3.29478	3.29478	3.29478	3.29478	3.29478	3.29478	3.29478	3.29478	3.28399	3.19039	2.1511	2.74072	
180566	6.86506e+17	2.79301e+17	1.22223e+17	7.73313e+16	1.54663e+17	2.31994e+17	3.09325e+17	3.86656e+17	4.63988e+17	5.41319e+17	6.1865e+17	6.93734e+17	7.50262e+17	7.04382e+17	2.40071e+16	5.77343e+15	5.28088e+15	2.31093e+15	1.46214e+15	2.92429e+15	4.38643e+15	5.84857e+15	7.31071e+15	8.77286e+15	1.0235e+16	1.16971e+16	1.4505e+16	2.87565e+16	1.0592e+17	4.48465e+17	3.34708	3.29662	3.29662	3.29662	3.29662	3.29662	3.29662	3.29662	3.29662	3.29662	3.29662	3.2858	3.19216	2.15143	2.73821	
180818	6.86506e+17	2.79301e+17	1.22223e+17	7.73314e+16	1.54663e+17	2.31994e+17	3.09326e+17	3.86657e+17	4.63988e+17	5.4132e+17	6.18651e+17	6.93724e+17	7.50212e+17	7.04364e+17	2.40723e+16	5.77317e+15	5.28062e+15	2.31081e+15	1.46207e+15	2.92414e+15	4.38621e+15	5.84828e+15	7.31035e+15	8.77242e+15	1.02345e+16	1.16966e+16	1.4511e+16	2.87874e+16	1.05931e+17	4.48462e+17	3.34884	3.29846	3.29846	3.29846	3.29846	3.29846	3.29846	3.29846	3.29846	3.29846	3.29846	3.28761	3.19393	2.15175	2.73572	
181071	6.86507e+17	2.79301e+17	1.22223e+17	7.73315e+16	1.54663e+17	2.31994e+17	3.09326e+17	3.86657e+17	4.63989e+17	5.4132e+17	6.18652e+17	6.93714e+17	7.50162e+17	7.04345e+17	2.41375e+16	5.77291e+15	5.28036e+15	2.3107e+15	1.462e+15	2.92399e+15	4.38599e+15	5.84799e+15	7.30999e+15	8.77198e+15	1.0234e+16	1.1696e+16	1.45171e+16	2.88183e+16	1.05943e+17	4.4846e+17	3.3506	3.30029	3.30029	3.30029	3.30029	3.30029	3.30029	3.30029	3.30029	3.30029	3.30029	3.28941	3.1957	2.15208	2.73325	
181324	6.86507e+17	2.79302e+17	1.22223e+17	7.73316e+16	1.54663e+17	2.31995e+17	3.09326e+17	3.86658e+17	4.6399e+17	5.41321e+17	6.18653e+17	6.93704e+17	7.50113e+17	7.04324e+17	2.42028e+16	5.77265e+15	5.28009e+15	2.31058e+15	1.46192e+15	2.92385e+15	4.38577e+15	5.8477e+15	7.30962e+15	8.77155e+15	1.02335e+16	1.16954e+16	1.45231e+16	2.88493e+16	1.05955e+17	4.48458e+17	3.35235	3.30213	3.30213	3.30213	3.30213	3.30213	3.30213	3.30213	3.30213	3.30213	3.30213	3.29122	3.19746	2.15241	2.7308	
181577	6.86508e+17	2.79302e+17	1.22223e+17	7.73317e+16	1.54663e+17	2.31995e+17	3.09327e+17	3.86659e+17	4.6399e+17	5.41322e+17	6.18654e+17	6.93694e+17	7.50063e+17	7.04302e+17	2.42681e+16	5.77239e+15	5.27983e+15	2.31047e+15	1.46185e+15	2.9237e+15	4.38556e+15	5.84741e+15	7.30926e+15	8.77111e+15	1.0233e+16	1.16948e+16	1.45292e+16	2.88802e+16	1.05969e+17	4.48456e+17	3.35411	3.30396	3.30396	3.30396	3.30396	3.30396	3.30396	3.30396	3.30396	3.30396	3.30396	3.29302	3.19923	2.15274	2.72835	
181830	6.86508e+17	2.79303e+17	1.22224e+17	7.73319e+16	1.54664e+17	2.31996e+17	3.09327e+17	3.86659e+17	4.63991e+17	5.41323e+17	6.18655e+17	6.93684e+17	7.50013e+17	7.04278e+17	2.43333e+16	5.77214e+15	5.27957e+15	2.31036e+15	1.46178e+15	2.92356e+15	4.38534e+15	5.84712e+15	7.3089e+15	8.77068e+15	1.02325e+16	1.16942e+16	1.45352e+16	2.89111e+16	1.05983e+17	4.48454e+17	3.35586	3.30578	3.30578	3.30578	3.30578	3.30578	3.30578	3.30578	3.30578	3.30578	3.30578	3.29481	3.20099	2.15307	2.72593	
182082	6.86509e+17	2.79303e+17	1.22224e+17	7.7332e+16	1.54664e+17	2.31996e+17	3.09328e+17	3.8666e+17	4.63992e+17	5.41324e+17	6.18656e+17	6.93674e+17	7.49963e+17	7.04253e+17	2.43983e+16	5.77188e+15	5.27932e+15	2.31024e+15	1.46171e+15	2.92342e+15	4.38513e+15	5.84684e+15	7.30855e+15	8.77025e+15	1.0232e+16	1.16937e+16	1.45412e+16	2.8942e+16	1.05998e+17	4.48452e+17	3.3576	3.30761	3.30761	3.30761	3.30761	3.30761	3.30761	3.30761	3.30761	3.30761	3.30761	3.29661	3.20274	2.15341	2.72352	
182333	6.86509e+17	2.79304e+17	1.22224e+17	7.73321e+16	1.54664e+17	2.31996e+17	3.09328e+17	3.8666e+17	4.63993e+17	5.41325e+17	6.18657e+17	6.93664e+17	7.49914e+17	7.04227e+17	2.44627e+16	5.77163e+15	5.27906e+15	2.31013e+15	1.46164e+15	2.92328e+15	4.38492e+15	5.84655e+15	7.30819e+15	8.76983e+15	1.02315e+16	1.16931e+16	1.45471e+16	2.89725e+16	1.06014e+17	4.48449e+17	3.35933	3.30941	3.30941	3.30941	3.30941	3.30941	3.30941	3.30941	3.30941	3.30941	3.30941	3.29838	3.20448	2.15374	2.72115	
182585	6.8651e+17	2.79304e+17	1.22224e+17	7.73322e+16	1.54664e+17	2.31997e+17	3.09329e+17	3.86661e+17	4.63993e+17	5.41325e+17	6.18658e+17	6.93655e+17	7.49865e+17	7.04199e+17	2.45277e+16	5.77138e+15	5.2788e+15	2.31002e+15	1.46157e+15	2.92314e+15	4.3847e+15	5.84627e+15	7.30784e+15	8.76941e+15	1.0231e+16	1.16925e+16	1.45531e+16	2.90033e+16	1.0603e+17	4.48447e+17	3.36107	3.31122	3.31122	3.31122	3.31122	3.31122	3.31122	3.31122	3.31122	3.31122	3.31122	3.30016	3.20623	2.15408	2.71878	
182838	6.8651e+17	2.79304e+17	1.22224e+17	7.73323e+16	1.54665e+17	2.31997e+17	3.09329e+17	3.86662e+17	4.63994e+17	5.41326e+17	6.18659e+17	6.93645e+17	7.49815e+17	7.0417e+17	2.45929e+16	5.77113e+15	5.27855e+15	2.30991e+15	1.4615e+15	2.92299e+15	4.38449e+15	5.84599e+15	7.30748e+15	8.76898e+15	1.02305e+16	1.1692e+16	1.45591e+16	2.90343e+16	1.06048e+17	4.48445e+17	3.36281	3.31304	3.31304	3.31304	3.31304	3.31304	3.31304	3.31304	3.31304	3.31304	3.31304	3.30195	3.20798	2.15442	2.71641	
183091	6.86511e+17	2.79305e+17	1.22224e+17	7.73324e+16	1.54665e+17	2.31997e+17	3.0933e+17	3.86662e+17	4.63995e+17	5.41327e+17	6.18659e+17	6.93635e+17	7.49765e+17	7.04139e+17	2.46579e+16	5.77088e+15	5.2783e+15	2.3098e+15	1.46143e+15	2.92285e+15	4.38428e+15	5.84571e+15	7.30713e+15	8.76856e+15	1.023e+16	1.16914e+16	1.45651e+16	2.90651e+16	1.06067e+17	4.48443e+17	3.36455	3.31485	3.31485	3.31485	3.31485	3.31485	3.31485	3.31485	3.31485	3.31485	3.31485	3.30374	3.20973	2.15476	2.71406	
183345	6.86511e+17	2.79305e+17	1.22225e+17	7.73325e+16	1.54665e+17	2.31998e+17	3.0933e+17	3.86663e+17	4.63995e+17	5.41328e+17	6.1866e+17	6.93625e+17	7.49715e+17	7.04107e+17	2.4723e+16	5.77063e+15	5.27804e+15	2.30968e+15	1.46136e+15	2.92271e+15	4.38407e+15	5.84543e+15	7.30678e+15	8.76814e+15	1.02295e+16	1.16909e+16	1.45711e+16	2.90961e+16	1.06086e+17	4.4844e+17	3.36628	3.31667	3.31667	3.31667	3.31667	3.31667	3.31667	3.31667	3.31667	3.31667	3.31667	3.30552	3.21148	2.1551	2.71172	
183597	6.86511e+17	2.79306e+17	1.22225e+17	7.73327e+16	1.54665e+17	2.31998e+17	3.09331e+17	3.86663e+17	4.63996e+17	5.41329e+17	6.18661e+17	6.93615e+17	7.49666e+17	7.04074e+17	2.47878e+16	5.77038e+15	5.27779e+15	2.30957e+15	1.46129e+15	2.92257e+15	4.38386e+15	5.84515e+15	7.30643e+15	8.76772e+15	1.0229e+16	1.16903e+16	1.45771e+16	2.91269e+16	1.06106e+17	4.48438e+17	3.36801	3.31848	3.31848	3.31848	3.31848	3.31848	3.31848	3.31848	3.31848	3.31848	3.31848	3.3073	3.21322	2.15544	2.7094	
183850	6.86512e+17	2.79306e+17	1.22225e+17	7.73328e+16	1.54666e+17	2.31998e+17	3.09331e+17	3.86664e+17	4.63997e+17	5.41329e+17	6.18662e+17	6.93606e+17	7.49616e+17	7.04039e+17	2.48527e+16	5.77013e+15	5.27754e+15	2.30946e+15	1.46122e+15	2.92243e+15	4.38365e+15	5.84487e+15	7.30608e+15	8.7673e+15	1.02285e+16	1.16897e+16	1.45831e+16	2.91577e+16	1.06127e+17	4.48436e+17	3.36974	3.32028	3.32028	3.32028	3.32028	3.32028	3.32028	3.32028	3.32028	3.32028	3.32028	3.30908	3.21496	2.15579	2.7071	
184103	6.86512e+17	2.79306e+17	1.22225e+17	7.73329e+16	1.54666e+17	2.31999e+17	3.09332e+17	3.86664e+17	4.63997e+17	5.4133e+17	6.18663e+17	6.93596e+17	7.49566e+17	7.04003e+17	2.49176e+16	5.76988e+15	5.27729e+15	2.30935e+15	1.46115e+15	2.9223e+15	4.38344e+15	5.84459e+15	7.30574e+15	8.76689e+15	1.0228e+16	1.16892e+16	1.4589e+16	2.91886e+16	1.06149e+17	4.48434e+17	3.37147	3.32209	3.32209	3.32209	3.32209	3.32209	3.32209	3.32209	3.32209	3.32209	3.32209	3.31085	3.2167	2.15613	2.7048	
184357	6.86513e+17	2.79307e+17	1.22225e+17	7.7333e+16	1.54666e+17	2.31999e+17	3.09332e+17	3.86665e+17	4.63998e+17	5.41331e+17	6.18664e+17	6.93586e+17	7.49517e+17	7.03965e+17	2.49825e+16	5.76964e+15	5.27704e+15	2.30925e+15	1.46108e+15	2.92216e+15	4.38324e+15	5.84431e+15	7.30539e+15	8.76647e+15	1.02275e+16	1.16886e+16	1.4595e+16	2.92195e+16	1.06172e+17	4.48431e+17	3.3732	3.32389	3.32389	3.32389	3.32389	3.32389	3.32389	3.32389	3.32389	3.32389	3.32389	3.31263	3.21844	2.15648	2.70252	
184610	6.86513e+17	2.79307e+17	1.22226e+17	7.73331e+16	1.54666e+17	2.31999e+17	3.09332e+17	3.86666e+17	4.63999e+17	5.41332e+17	6.18665e+17	6.93576e+17	7.49467e+17	7.03926e+17	2.50472e+16	5.76939e+15	5.27679e+15	2.30914e+15	1.46101e+15	2.92202e+15	4.38303e+15	5.84404e+15	7.30505e+15	8.76606e+15	1.02271e+16	1.16881e+16	1.4601e+16	2.92504e+16	1.06195e+17	4.48429e+17	3.37492	3.32569	3.32569	3.32569	3.32569	3.32569	3.32569	3.32569	3.32569	3.32569	3.32569	3.3144	3.22017	2.15683	2.70026	
184863	6.86514e+17	2.79308e+17	1.22226e+17	7.73332e+16	1.54666e+17	2.32e+17	3.09333e+17	3.86666e+17	4.63999e+17	5.41333e+17	6.18666e+17	6.93566e+17	7.49417e+17	7.03886e+17	2.51119e+16	5.76915e+15	5.27654e+15	2.30903e+15	1.46094e+15	2.92188e+15	4.38282e+15	5.84377e+15	7.30471e+15	8.76565e+15	1.02266e+16	1.16875e+16	1.46069e+16	2.92812e+16	1.0622e+17	4.48427e+17	3.37664	3.32748	3.32748	3.32748	3.32748	3.32748	3.32748	3.32748	3.32748	3.32748	3.32748	3.31616	3.2219	2.15718	2.69801	
185116	6.86514e+17	2.79308e+17	1.22226e+17	7.73333e+16	1.54667e+17	2.32e+17	3.09333e+17	3.86667e+17	4.64e+17	5.41333e+17	6.18667e+17	6.93557e+17	7.49368e+17	7.03844e+17	2.51766e+16	5.76891e+15	5.2763e+15	2.30892e+15	1.46087e+15	2.92175e+15	4.38262e+15	5.84349e+15	7.30437e+15	8.76524e+15	1.02261e+16	1.1687e+16	1.46128e+16	2.93121e+16	1.06245e+17	4.48424e+17	3.37836	3.32927	3.32927	3.32927	3.32927	3.32927	3.32927	3.32927	3.32927	3.32927	3.32927	3.31793	3.22363	2.15753	2.69578	
185370	6.86515e+17	2.79308e+17	1.22226e+17	7.73335e+16	1.54667e+17	2.32e+17	3.09334e+17	3.86667e+17	4.64001e+17	5.41334e+17	6.18668e+17	6.93547e+17	7.49318e+17	7.03801e+17	2.52414e+16	5.76867e+15	5.27605e+15	2.30881e+15	1.46081e+15	2.92161e+15	4.38242e+15	5.84322e+15	7.30403e+15	8.76483e+15	1.02256e+16	1.16864e+16	1.46188e+16	2.9343e+16	1.06271e+17	4.48422e+17	3.38008	3.33107	3.33107	3.33107	3.33107	3.33107	3.33107	3.33107	3.33107	3.33107	3.33107	3.3197	3.22536	2.15789	2.69355	
185623	6.86515e+17	2.79309e+17	1.22226e+17	7.73336e+16	1.54667e+17	2.32001e+17	3.09334e+17	3.86668e+17	4.64001e+17	5.41335e+17	6.18669e+17	6.93537e+17	7.49268e+17	7.03756e+17	2.53059e+16	5.76842e+15	5.27581e+15	2.30871e+15	1.46074e+15	2.92148e+15	4.38221e+15	5.84295e+15	7.30369e+15	8.76443e+15	1.02252e+16	1.16859e+16	1.46247e+16	2.93739e+16	1.06298e+17	4.48419e+17	3.38179	3.33286	3.33286	3.33286	3.33286	3.33286	3.33286	3.33286	3.33286	3.33286	3.33286	3.32146	3.22709	2.15824	2.69134	
185875	6.86516e+17	2.79309e+17	1.22226e+17	7.73337e+16	1.54667e+17	2.32001e+17	3.09335e+17	3.86668e+17	4.64002e+17	5.41336e+17	6.18669e+17	6.93528e+17	7.49219e+17	7.0371e+17	2.53703e+16	5.76819e+15	5.27556e+15	2.3086e+15	1.46067e+15	2.92134e+15	4.38201e+15	5.84268e+15	7.30335e+15	8.76402e+15	1.02247e+16	1.16854e+16	1.46306e+16	2.94047e+16	1.06326e+17	4.48417e+17	3.38349	3.33464	3.33464	3.33464	3.33464	3.33464	3.33464	3.33464	3.33464	3.33464	3.33464	3.32321	3.22881	2.1586	2.68916	
186129	6.86516e+17	2.7931e+17	1.22227e+17	7.73338e+16	1.54668e+17	2.32001e+17	3.09335e+17	3.86669e+17	4.64003e+17	5.41337e+17	6.1867e+17	6.93518e+17	7.49169e+17	7.03663e+17	2.54348e+16	5.76795e+15	5.27532e+15	2.30849e+15	1.4606e+15	2.92121e+15	4.38181e+15	5.84241e+15	7.30302e+15	8.76362e+15	1.02242e+16	1.16848e+16	1.46365e+16	2.94356e+16	1.06355e+17	4.48415e+17	3.3852	3.33642	3.33642	3.33642	3.33642	3.33642	3.33642	3.33642	3.33642	3.33642	3.33642	3.32497	3.23053	2.15895	2.68698	
186382	6.86517e+17	2.7931e+17	1.22227e+17	7.73339e+16	1.54668e+17	2.32002e+17	3.09336e+17	3.86669e+17	4.64003e+17	5.41337e+17	6.18671e+17	6.93508e+17	7.49119e+17	7.03614e+17	2.54992e+16	5.76771e+15	5.27508e+15	2.30839e+15	1.46054e+15	2.92107e+15	4.38161e+15	5.84215e+15	7.30268e+15	8.76322e+15	1.02238e+16	1.16843e+16	1.46424e+16	2.94664e+16	1.06384e+17	4.48412e+17	3.38691	3.3382	3.3382	3.3382	3.3382	3.3382	3.3382	3.3382	3.3382	3.3382	3.3382	3.32672	3.23225	2.15931	2.68481	
186636	6.86517e+17	2.7931e+17	1.22227e+17	7.7334e+16	1.54668e+17	2.32002e+17	3.09336e+17	3.8667e+17	4.64004e+17	5.41338e+17	6.18672e+17	6.93499e+17	7.49069e+17	7.03564e+17	2.55637e+16	5.76747e+15	5.27484e+15	2.30828e+15	1.46047e+15	2.92094e+15	4.38141e+15	5.84188e+15	7.30235e+15	8.76282e+15	1.02233e+16	1.16838e+16	1.46483e+16	2.94974e+16	1.06414e+17	4.4841e+17	3.38862	3.33998	3.33998	3.33998	3.33998	3.33998	3.33998	3.33998	3.33998	3.33998	3.33998	3.32848	3.23397	2.15967	2.68266	
186889	6.86518e+17	2.79311e+17	1.22227e+17	7.73341e+16	1.54668e+17	2.32002e+17	3.09336e+17	3.86671e+17	4.64005e+17	5.41339e+17	6.18673e+17	6.93489e+17	7.4902e+17	7.03512e+17	2.5628e+16	5.76724e+15	5.2746e+15	2.30818e+15	1.4604e+15	2.92081e+15	4.38121e+15	5.84161e+15	7.30202e+15	8.76242e+15	1.02228e+16	1.16832e+16	1.46542e+16	2.95282e+16	1.06446e+17	4.48407e+17	3.39032	3.34176	3.34176	3.34176	3.34176	3.34176	3.34176	3.34176	3.34176	3.34176	3.34176	3.33022	3.23568	2.16004	2.68052	
187142	6.86518e+17	2.79311e+17	1.22227e+17	7.73342e+16	1.54668e+17	2.32003e+17	3.09337e+17	3.86671e+17	4.64005e+17	5.4134e+17	6.18674e+17	6.93479e+17	7.4897e+17	7.03459e+17	2.56921e+16	5.767e+15	5.27436e+15	2.30807e+15	1.46034e+15	2.92068e+15	4.38101e+15	5.84135e+15	7.30169e+15	8.76203e+15	1.02224e+16	1.16827e+16	1.46601e+16	2.95591e+16	1.06478e+17	4.48405e+17	3.39201	3.34353	3.34353	3.34353	3.34353	3.34353	3.34353	3.34353	3.34353	3.34353	3.34353	3.33197	3.23739	2.1604	2.6784	
187395	6.86518e+17	2.79312e+17	1.22227e+17	7.73343e+16	1.54669e+17	2.32003e+17	3.09337e+17	3.86672e+17	4.64006e+17	5.4134e+17	6.18675e+17	6.9347e+17	7.4892e+17	7.03405e+17	2.57562e+16	5.76677e+15	5.27412e+15	2.30797e+15	1.46027e+15	2.92054e+15	4.38082e+15	5.84109e+15	7.30136e+15	8.76163e+15	1.02219e+16	1.16822e+16	1.4666e+16	2.95899e+16	1.06511e+17	4.48402e+17	3.39371	3.3453	3.3453	3.3453	3.3453	3.3453	3.3453	3.3453	3.3453	3.3453	3.3453	3.33371	3.2391	2.16076	2.67629	
187648	6.86519e+17	2.79312e+17	1.22228e+17	7.73344e+16	1.54669e+17	2.32003e+17	3.09338e+17	3.86672e+17	4.64007e+17	5.41341e+17	6.18676e+17	6.9346e+17	7.48871e+17	7.03349e+17	2.58204e+16	5.76654e+15	5.27389e+15	2.30787e+15	1.46021e+15	2.92041e+15	4.38062e+15	5.84083e+15	7.30103e+15	8.76124e+15	1.02214e+16	1.16817e+16	1.46719e+16	2.96208e+16	1.06544e+17	4.484e+17	3.3954	3.34706	3.34706	3.34706	3.34706	3.34706	3.34706	3.34706	3.34706	3.34706	3.34706	3.33545	3.2408	2.16113	2.67419	
187902	6.86519e+17	2.79312e+17	1.22228e+17	7.73345e+16	1.54669e+17	2.32004e+17	3.09338e+17	3.86673e+17	4.64007e+17	5.41342e+17	6.18676e+17	6.9345e+17	7.48821e+17	7.03292e+17	2.58845e+16	5.76631e+15	5.27365e+15	2.30776e+15	1.46014e+15	2.92028e+15	4.38042e+15	5.84056e+15	7.30071e+15	8.76085e+15	1.0221e+16	1.16811e+16	1.46777e+16	2.96518e+16	1.06579e+17	4.48397e+17	3.39709	3.34883	3.34883	3.34883	3.34883	3.34883	3.34883	3.34883	3.34883	3.34883	3.34883	3.33719	3.24251	2.1615	2.6721	
188155	6.8652e+17	2.79313e+17	1.22228e+17	7.73347e+16	1.54669e+17	2.32004e+17	3.09339e+17	3.86673e+17	4.64008e+17	5.41343e+17	6.18677e+17	6.93441e+17	7.48771e+17	7.03233e+17	2.59484e+16	5.76608e+15	5.27342e+15	2.30766e+15	1.46008e+15	2.92015e+15	4.38023e+15	5.84031e+15	7.30038e+15	8.76046e+15	1.02205e+16	1.16806e+16	1.46836e+16	2.96826e+16	1.06614e+17	4.48395e+17	3.39878	3.35059	3.35059	3.35059	3.35059	3.35059	3.35059	3.35059	3.35059	3.35059	3.35059	3.33893	3.24421	2.16187	2.67003	
188408	6.8652e+17	2.79313e+17	1.22228e+17	7.73348e+16	1.5467e+17	2.32004e+17	3.09339e+17	3.86674e+17	4.64009e+17	5.41343e+17	6.18678e+17	6.93431e+17	7.48722e+17	7.03173e+17	2.60122e+16	5.76585e+15	5.27318e+15	2.30756e+15	1.46001e+15	2.92002e+15	4.38004e+15	5.84005e+15	7.30006e+15	8.76007e+15	1.02201e+16	1.16801e+16	1.46894e+16	2.97135e+16	1.06651e+17	4.48392e+17	3.40046	3.35235	3.35235	3.35235	3.35235	3.35235	3.35235	3.35235	3.35235	3.35235	3.35235	3.34066	3.24591	2.16224	2.66798	
188661	6.86521e+17	2.79314e+17	1.22228e+17	7.73349e+16	1.5467e+17	2.32005e+17	3.09339e+17	3.86674e+17	4.64009e+17	5.41344e+17	6.18679e+17	6.93422e+17	7.48672e+17	7.03112e+17	2.60761e+16	5.76562e+15	5.27295e+15	2.30746e+15	1.45995e+15	2.91989e+15	4.37984e+15	5.83979e+15	7.29974e+15	8.75968e+15	1.02196e+16	1.16796e+16	1.46953e+16	2.97444e+16	1.06688e+17	4.4839e+17	3.40215	3.35411	3.35411	3.35411	3.35411	3.35411	3.35411	3.35411	3.35411	3.35411	3.35411	3.34239	3.24761	2.16261	2.66593	
188915	6.86521e+17	2.79314e+17	1.22228e+17	7.7335e+16	1.5467e+17	2.32005e+17	3.0934e+17	3.86675e+17	4.6401e+17	5.41345e+17	6.1868e+17	6.93412e+17	7.48622e+17	7.03049e+17	2.61399e+16	5.76539e+15	5.27272e+15	2.30736e+15	1.45988e+15	2.91977e+15	4.37965e+15	5.83953e+15	7.29942e+15	8.7593e+15	1.02192e+16	1.16791e+16	1.47011e+16	2.97753e+16	1.06726e+17	4.48387e+17	3.40383	3.35587	3.35587	3.35587	3.35587	3.35587	3.35587	3.35587	3.35587	3.35587	3.35587	3.34413	3.24931	2.16298	2.6639	
189165	6.86522e+17	2.79314e+17	1.22229e+17	7.73351e+16	1.5467e+17	2.32005e+17	3.0934e+17	3.86675e+17	4.6401e+17	5.41346e+17	6.18681e+17	6.93403e+17	7.48573e+17	7.02985e+17	2.62028e+16	5.76517e+15	5.27249e+15	2.30726e+15	1.45982e+15	2.91964e+15	4.37946e+15	5.83928e+15	7.2991e+15	8.75892e+15	1.02187e+16	1.16786e+16	1.47069e+16	2.98058e+16	1.06764e+17	4.48385e+17	3.40549	3.3576	3.3576	3.3576	3.3576	3.3576	3.3576	3.3576	3.3576	3.3576	3.3576	3.34583	3.25098	2.16335	2.6619	
189418	6.86522e+17	2.79315e+17	1.22229e+17	7.73352e+16	1.5467e+17	2.32006e+17	3.09341e+17	3.86676e+17	4.64011e+17	5.41346e+17	6.18681e+17	6.93393e+17	7.48523e+17	7.0292e+17	2.62663e+16	5.76494e+15	5.27226e+15	2.30716e+15	1.45976e+15	2.91951e+15	4.37927e+15	5.83903e+15	7.29878e+15	8.75854e+15	1.02183e+16	1.16781e+16	1.47127e+16	2.98367e+16	1.06804e+17	4.48382e+17	3.40716	3.35934	3.35934	3.35934	3.35934	3.35934	3.35934	3.35934	3.35934	3.35934	3.35934	3.34755	3.25266	2.16373	2.6599	
189668	6.86522e+17	2.79315e+17	1.22229e+17	7.73353e+16	1.54671e+17	2.32006e+17	3.09341e+17	3.86676e+17	4.64012e+17	5.41347e+17	6.18682e+17	6.93384e+17	7.48474e+17	7.02853e+17	2.6329e+16	5.76472e+15	5.27204e+15	2.30706e+15	1.45969e+15	2.91939e+15	4.37908e+15	5.83878e+15	7.29847e+15	8.75816e+15	1.02179e+16	1.16776e+16	1.47184e+16	2.98672e+16	1.06844e+17	4.4838e+17	3.40882	3.36107	3.36107	3.36107	3.36107	3.36107	3.36107	3.36107	3.36107	3.36107	3.36107	3.34925	3.25433	2.1641	2.65793	
189921	6.86523e+17	2.79315e+17	1.22229e+17	7.73354e+16	1.54671e+17	2.32006e+17	3.09342e+17	3.86677e+17	4.64012e+17	5.41348e+17	6.18683e+17	6.93374e+17	7.48424e+17	7.02785e+17	2.63923e+16	5.7645e+15	5.27181e+15	2.30696e+15	1.45963e+15	2.91926e+15	4.37889e+15	5.83852e+15	7.29816e+15	8.75779e+15	1.02174e+16	1.1677e+16	1.47242e+16	2.98981e+16	1.06885e+17	4.48377e+17	3.41048	3.36281	3.36281	3.36281	3.36281	3.36281	3.36281	3.36281	3.36281	3.36281	3.36281	3.35097	3.25601	2.16447	2.65596	
190174	6.86523e+17	2.79316e+17	1.22229e+17	7.73355e+16	1.54671e+17	2.32006e+17	3.09342e+17	3.86677e+17	4.64013e+17	5.41348e+17	6.18684e+17	6.93365e+17	7.48375e+17	7.02715e+17	2.64557e+16	5.76428e+15	5.27158e+15	2.30686e+15	1.45957e+15	2.91914e+15	4.37871e+15	5.83827e+15	7.29784e+15	8.75741e+15	1.0217e+16	1.16765e+16	1.473e+16	2.9929e+16	1.06927e+17	4.48375e+17	3.41215	3.36455	3.36455	3.36455	3.36455	3.36455	3.36455	3.36455	3.36455	3.36455	3.36455	3.35269	3.2577	2.16485	2.65399	
190424	6.86524e+17	2.79316e+17	1.22229e+17	7.73356e+16	1.54671e+17	2.32007e+17	3.09342e+17	3.86678e+17	4.64014e+17	5.41349e+17	6.18685e+17	6.93355e+17	7.48325e+17	7.02645e+17	2.65182e+16	5.76406e+15	5.27136e+15	2.30676e+15	1.45951e+15	2.91901e+15	4.37852e+15	5.83803e+15	7.29753e+15	8.75704e+15	1.02165e+16	1.16761e+16	1.47358e+16	2.99595e+16	1.0697e+17	4.48372e+17	3.4138	3.36627	3.36627	3.36627	3.36627	3.36627	3.36627	3.36627	3.36627	3.36627	3.36627	3.35438	3.25936	2.16523	2.65206	
190678	6.86524e+17	2.79317e+17	1.2223e+17	7.73357e+16	1.54671e+17	2.32007e+17	3.09343e+17	3.86678e+17	4.64014e+17	5.4135e+17	6.18686e+17	6.93346e+17	7.48276e+17	7.02572e+17	2.65814e+16	5.76384e+15	5.27114e+15	2.30666e+15	1.45944e+15	2.91889e+15	4.37833e+15	5.83778e+15	7.29722e+15	8.75667e+15	1.02161e+16	1.16756e+16	1.47415e+16	2.99905e+16	1.07014e+17	4.48369e+17	3.41546	3.368	3.368	3.368	3.368	3.368	3.368	3.368	3.368	3.368	3.368	3.35609	3.26104	2.16561	2.65011	
190932	6.86524e+17	2.79317e+17	1.2223e+17	7.73358e+16	1.54672e+17	2.32007e+17	3.09343e+17	3.86679e+17	4.64015e+17	5.41351e+17	6.18686e+17	6.93336e+17	7.48226e+17	7.02498e+17	2.66446e+16	5.76362e+15	5.27091e+15	2.30656e+15	1.45938e+15	2.91876e+15	4.37815e+15	5.83753e+15	7.29691e+15	8.75629e+15	1.02157e+16	1.16751e+16	1.47473e+16	3.00215e+16	1.07059e+17	4.48367e+17	3.41713	3.36974	3.36974	3.36974	3.36974	3.36974	3.36974	3.36974	3.36974	3.36974	3.36974	3.35781	3.26272	2.166	2.64818	
191185	6.86525e+17	2.79317e+17	1.2223e+17	7.73359e+16	1.54672e+17	2.32008e+17	3.09344e+17	3.86679e+17	4.64015e+17	5.41351e+17	6.18687e+17	6.93327e+17	7.48176e+17	7.02423e+17	2.67076e+16	5.7634e+15	5.27069e+15	2.30647e+15	1.45932e+15	2.91864e+15	4.37796e+15	5.83728e+15	7.2966e+15	8.75592e+15	1.02152e+16	1.16746e+16	1.47531e+16	3.00524e+16	1.07104e+17	4.48364e+17	3.41879	3.37147	3.37147	3.37147	3.37147	3.37147	3.37147	3.37147	3.37147	3.37147	3.37147	3.35951	3.26439	2.16638	2.64626	
191438	6.86525e+17	2.79318e+17	1.2223e+17	7.7336e+16	1.54672e+17	2.32008e+17	3.09344e+17	3.8668e+17	4.64016e+17	5.41352e+17	6.18688e+17	6.93317e+17	7.48126e+17	7.02346e+17	2.67705e+16	5.76318e+15	5.27047e+15	2.30637e+15	1.45926e+15	2.91852e+15	4.37778e+15	5.83704e+15	7.2963e+15	8.75555e+15	1.02148e+16	1.16741e+16	1.47589e+16	3.00834e+16	1.07151e+17	4.48362e+17	3.42044	3.3732	3.3732	3.3732	3.3732	3.3732	3.3732	3.3732	3.3732	3.3732	3.3732	3.36122	3.26607	2.16677	2.64436	
191691	6.86526e+17	2.79318e+17	1.2223e+17	7.73361e+16	1.54672e+17	2.32008e+17	3.09344e+17	3.8668e+17	4.64017e+17	5.41353e+17	6.18689e+17	6.93308e+17	7.48076e+17	7.02268e+17	2.68333e+16	5.76296e+15	5.27025e+15	2.30627e+15	1.4592e+15	2.9184e+15	4.37759e+15	5.83679e+15	7.29599e+15	8.75519e+15	1.02144e+16	1.16736e+16	1.47646e+16	3.01143e+16	1.07198e+17	4.48359e+17	3.42209	3.37493	3.37493	3.37493	3.37493	3.37493	3.37493	3.37493	3.37493	3.37493	3.37493	3.36292	3.26773	2.16715	2.64246	
191945	6.86526e+17	2.79318e+17	1.2223e+17	7.73362e+16	1.54672e+17	2.32009e+17	3.09345e+17	3.86681e+17	4.64017e+17	5.41353e+17	6.1869e+17	6.93298e+17	7.48027e+17	7.02188e+17	2.68961e+16	5.76275e+15	5.27003e+15	2.30618e+15	1.45914e+15	2.91827e+15	4.37741e+15	5.83655e+15	7.29568e+15	8.75482e+15	1.0214e+16	1.16731e+16	1.47704e+16	3.01453e+16	1.07246e+17	4.48356e+17	3.42375	3.37665	3.37665	3.37665	3.37665	3.37665	3.37665	3.37665	3.37665	3.37665	3.37665	3.36462	3.2694	2.16754	2.64058	
192199	6.86527e+17	2.79319e+17	1.22231e+17	7.73363e+16	1.54673e+17	2.32009e+17	3.09345e+17	3.86681e+17	4.64018e+17	5.41354e+17	6.1869e+17	6.93289e+17	7.47977e+17	7.02107e+17	2.69589e+16	5.76253e+15	5.26981e+15	2.30608e+15	1.45908e+15	2.91815e+15	4.37723e+15	5.8363e+15	7.29538e+15	8.75446e+15	1.02135e+16	1.16726e+16	1.47762e+16	3.01763e+16	1.07295e+17	4.48354e+17	3.4254	3.37838	3.37838	3.37838	3.37838	3.37838	3.37838	3.37838	3.37838	3.37838	3.37838	3.36632	3.27107	2.16793	2.6387	
192452	6.86527e+17	2.79319e+17	1.22231e+17	7.73364e+16	1.54673e+17	2.32009e+17	3.09346e+17	3.86682e+17	4.64018e+17	5.41355e+17	6.18691e+17	6.9328e+17	7.47927e+17	7.02024e+17	2.70214e+16	5.76232e+15	5.26959e+15	2.30599e+15	1.45902e+15	2.91803e+15	4.37705e+15	5.83606e+15	7.29508e+15	8.7541e+15	1.02131e+16	1.16721e+16	1.47819e+16	3.02073e+16	1.07345e+17	4.48351e+17	3.42705	3.38009	3.38009	3.38009	3.38009	3.38009	3.38009	3.38009	3.38009	3.38009	3.38009	3.36802	3.27273	2.16832	2.63685	
192705	6.86527e+17	2.79319e+17	1.22231e+17	7.73365e+16	1.54673e+17	2.32009e+17	3.09346e+17	3.86682e+17	4.64019e+17	5.41355e+17	6.18692e+17	6.9327e+17	7.47877e+17	7.01941e+17	2.70838e+16	5.76211e+15	5.26937e+15	2.30589e+15	1.45896e+15	2.91791e+15	4.37687e+15	5.83582e+15	7.29478e+15	8.75373e+15	1.02127e+16	1.16716e+16	1.47876e+16	3.02383e+16	1.07395e+17	4.48348e+17	3.42869	3.38181	3.38181	3.38181	3.38181	3.38181	3.38181	3.38181	3.38181	3.38181	3.38181	3.36971	3.27439	2.16872	2.635	
192959	6.86528e+17	2.7932e+17	1.22231e+17	7.73366e+16	1.54673e+17	2.3201e+17	3.09346e+17	3.86683e+17	4.6402e+17	5.41356e+17	6.18693e+17	6.93261e+17	7.47827e+17	7.01855e+17	2.71463e+16	5.7619e+15	5.26915e+15	2.3058e+15	1.4589e+15	2.91779e+15	4.37669e+15	5.83558e+15	7.29448e+15	8.75337e+15	1.02123e+16	1.16712e+16	1.47934e+16	3.02693e+16	1.07447e+17	4.48345e+17	3.43033	3.38352	3.38352	3.38352	3.38352	3.38352	3.38352	3.38352	3.38352	3.38352	3.38352	3.3714	3.27606	2.16911	2.63317	
193213	6.86528e+17	2.7932e+17	1.22231e+17	7.73367e+16	1.54673e+17	2.3201e+17	3.09347e+17	3.86683e+17	4.6402e+17	5.41357e+17	6.18694e+17	6.93251e+17	7.47777e+17	7.01768e+17	2.72087e+16	5.76168e+15	5.26894e+15	2.3057e+15	1.45884e+15	2.91767e+15	4.37651e+15	5.83534e+15	7.29418e+15	8.75302e+15	1.02119e+16	1.16707e+16	1.47991e+16	3.03004e+16	1.075e+17	4.48343e+17	3.43198	3.38524	3.38524	3.38524	3.38524	3.38524	3.38524	3.38524	3.38524	3.38524	3.38524	3.3731	3.27772	2.16951	2.63134	
193466	6.86529e+17	2.7932e+17	1.22231e+17	7.73368e+16	1.54674e+17	2.3201e+17	3.09347e+17	3.86684e+17	4.64021e+17	5.41358e+17	6.18694e+17	6.93242e+17	7.47727e+17	7.0168e+17	2.72708e+16	5.76147e+15	5.26872e+15	2.30561e+15	1.45878e+15	2.91755e+15	4.37633e+15	5.83511e+15	7.29388e+15	8.75266e+15	1.02114e+16	1.16702e+16	1.48048e+16	3.03313e+16	1.07553e+17	4.4834e+17	3.43361	3.38695	3.38695	3.38695	3.38695	3.38695	3.38695	3.38695	3.38695	3.38695	3.38695	3.37478	3.27937	2.1699	2.62953	
193717	6.86529e+17	2.79321e+17	1.22232e+17	7.73369e+16	1.54674e+17	2.32011e+17	3.09348e+17	3.86684e+17	4.64021e+17	5.41358e+17	6.18695e+17	6.93233e+17	7.47678e+17	7.01592e+17	2.73321e+16	5.76127e+15	5.26851e+15	2.30552e+15	1.45872e+15	2.91744e+15	4.37615e+15	5.83487e+15	7.29359e+15	8.75231e+15	1.0211e+16	1.16697e+16	1.48104e+16	3.0362e+16	1.07606e+17	4.48337e+17	3.43523	3.38863	3.38863	3.38863	3.38863	3.38863	3.38863	3.38863	3.38863	3.38863	3.38863	3.37644	3.281	2.17029	2.62775	
193970	6.86529e+17	2.79321e+17	1.22232e+17	7.7337e+16	1.54674e+17	2.32011e+17	3.09348e+17	3.86685e+17	4.64022e+17	5.41359e+17	6.18696e+17	6.93224e+17	7.47628e+17	7.01501e+17	2.7394e+16	5.76106e+15	5.2683e+15	2.30542e+15	1.45866e+15	2.91732e+15	4.37598e+15	5.83464e+15	7.2933e+15	8.75196e+15	1.02106e+16	1.16693e+16	1.48161e+16	3.0393e+16	1.07661e+17	4.48335e+17	3.43686	3.39033	3.39033	3.39033	3.39033	3.39033	3.39033	3.39033	3.39033	3.39033	3.39033	3.37812	3.28265	2.17069	2.62597	
194220	6.8653e+17	2.79322e+17	1.22232e+17	7.73371e+16	1.54674e+17	2.32011e+17	3.09348e+17	3.86685e+17	4.64022e+17	5.4136e+17	6.18697e+17	6.93214e+17	7.47579e+17	7.0141e+17	2.7455e+16	5.76086e+15	5.26809e+15	2.30533e+15	1.4586e+15	2.9172e+15	4.3758e+15	5.83441e+15	7.29301e+15	8.75161e+15	1.02102e+16	1.16688e+16	1.48217e+16	3.04236e+16	1.07716e+17	4.48332e+17	3.43847	3.39201	3.39201	3.39201	3.39201	3.39201	3.39201	3.39201	3.39201	3.39201	3.39201	3.37978	3.28427	2.17109	2.62422	
194470	6.8653e+17	2.79322e+17	1.22232e+17	7.73372e+16	1.54674e+17	2.32012e+17	3.09349e+17	3.86686e+17	4.64023e+17	5.4136e+17	6.18697e+17	6.93205e+17	7.47529e+17	7.01318e+17	2.75161e+16	5.76065e+15	5.26788e+15	2.30524e+15	1.45854e+15	2.91709e+15	4.37563e+15	5.83418e+15	7.29272e+15	8.75126e+15	1.02098e+16	1.16684e+16	1.48274e+16	3.04543e+16	1.07772e+17	4.48329e+17	3.44008	3.39369	3.39369	3.39369	3.39369	3.39369	3.39369	3.39369	3.39369	3.39369	3.39369	3.38144	3.2859	2.17148	2.62247	
194724	6.86531e+17	2.79322e+17	1.22232e+17	7.73373e+16	1.54675e+17	2.32012e+17	3.09349e+17	3.86686e+17	4.64024e+17	5.41361e+17	6.18698e+17	6.93196e+17	7.47479e+17	7.01223e+17	2.75777e+16	5.76045e+15	5.26767e+15	2.30515e+15	1.45849e+15	2.91697e+15	4.37546e+15	5.83394e+15	7.29243e+15	8.75092e+15	1.02094e+16	1.16679e+16	1.4833e+16	3.04853e+16	1.07829e+17	4.48326e+17	3.4417	3.39539	3.39539	3.39539	3.39539	3.39539	3.39539	3.39539	3.39539	3.39539	3.39539	3.38311	3.28754	2.17188	2.62072	
194974	6.86531e+17	2.79323e+17	1.22232e+17	7.73374e+16	1.54675e+17	2.32012e+17	3.09349e+17	3.86687e+17	4.64024e+17	5.41362e+17	6.18699e+17	6.93187e+17	7.4743e+17	7.01128e+17	2.76384e+16	5.76025e+15	5.26747e+15	2.30506e+15	1.45843e+15	2.91686e+15	4.37529e+15	5.83371e+15	7.29214e+15	8.75057e+15	1.0209e+16	1.16674e+16	1.48386e+16	3.0516e+16	1.07886e+17	4.48324e+17	3.4433	3.39706	3.39706	3.39706	3.39706	3.39706	3.39706	3.39706	3.39706	3.39706	3.39706	3.38476	3.28916	2.17228	2.619	
195224	6.86531e+17	2.79323e+17	1.22232e+17	7.73375e+16	1.54675e+17	2.32012e+17	3.0935e+17	3.86687e+17	4.64025e+17	5.41362e+17	6.187e+17	6.93178e+17	7.47381e+17	7.01031e+17	2.76991e+16	5.76005e+15	5.26726e+15	2.30497e+15	1.45837e+15	2.91674e+15	4.37512e+15	5.83349e+15	7.29186e+15	8.75023e+15	1.02086e+16	1.1667e+16	1.48442e+16	3.05466e+16	1.07945e+17	4.48321e+17	3.4449	3.39873	3.39873	3.39873	3.39873	3.39873	3.39873	3.39873	3.39873	3.39873	3.39873	3.38641	3.29078	2.17268	2.61729	
195478	6.86532e+17	2.79323e+17	1.22233e+17	7.73375e+16	1.54675e+17	2.32013e+17	3.0935e+17	3.86688e+17	4.64025e+17	5.41363e+17	6.187e+17	6.93168e+17	7.47331e+17	7.00932e+17	2.77605e+16	5.75984e+15	5.26705e+15	2.30488e+15	1.45831e+15	2.91663e+15	4.37494e+15	5.83326e+15	7.29157e+15	8.74989e+15	1.02082e+16	1.16665e+16	1.48499e+16	3.05777e+16	1.08005e+17	4.48318e+17	3.44652	3.40042	3.40042	3.40042	3.40042	3.40042	3.40042	3.40042	3.40042	3.40042	3.40042	3.38808	3.29242	2.17309	2.61556	
195728	6.86532e+17	2.79324e+17	1.22233e+17	7.73376e+16	1.54675e+17	2.32013e+17	3.09351e+17	3.86688e+17	4.64026e+17	5.41363e+17	6.18701e+17	6.93159e+17	7.47281e+17	7.00833e+17	2.78209e+16	5.75965e+15	5.26685e+15	2.30479e+15	1.45826e+15	2.91652e+15	4.37477e+15	5.83303e+15	7.29129e+15	8.74955e+15	1.02078e+16	1.16661e+16	1.48555e+16	3.06084e+16	1.08065e+17	4.48315e+17	3.44812	3.40208	3.40208	3.40208	3.40208	3.40208	3.40208	3.40208	3.40208	3.40208	3.40208	3.38972	3.29403	2.17349	2.61388	
195981	6.86532e+17	2.79324e+17	1.22233e+17	7.73377e+16	1.54675e+17	2.32013e+17	3.09351e+17	3.86689e+17	4.64026e+17	5.41364e+17	6.18702e+17	6.9315e+17	7.47231e+17	7.00731e+17	2.7882e+16	5.75944e+15	5.26665e+15	2.3047e+15	1.4582e+15	2.9164e+15	4.3746e+15	5.8328e+15	7.29101e+15	8.74921e+15	1.02074e+16	1.16656e+16	1.48611e+16	3.06395e+16	1.08126e+17	4.48313e+17	3.44973	3.40377	3.40377	3.40377	3.40377	3.40377	3.40377	3.40377	3.40377	3.40377	3.40377	3.39138	3.29566	2.1739	2.61218	
196232	6.86533e+17	2.79324e+17	1.22233e+17	7.73378e+16	1.54676e+17	2.32013e+17	3.09351e+17	3.86689e+17	4.64027e+17	5.41365e+17	6.18703e+17	6.93141e+17	7.47182e+17	7.00629e+17	2.79423e+16	5.75925e+15	5.26644e+15	2.30461e+15	1.45815e+15	2.91629e+15	4.37444e+15	5.83258e+15	7.29073e+15	8.74887e+15	1.0207e+16	1.16652e+16	1.48667e+16	3.06703e+16	1.08188e+17	4.4831e+17	3.45132	3.40543	3.40543	3.40543	3.40543	3.40543	3.40543	3.40543	3.40543	3.40543	3.40543	3.39303	3.29728	2.1743	2.61051	
196482	6.86533e+17	2.79325e+17	1.22233e+17	7.73379e+16	1.54676e+17	2.32014e+17	3.09352e+17	3.8669e+17	4.64028e+17	5.41365e+17	6.18703e+17	6.93132e+17	7.47132e+17	7.00526e+17	2.80023e+16	5.75905e+15	5.26624e+15	2.30452e+15	1.45809e+15	2.91618e+15	4.37427e+15	5.83236e+15	7.29045e+15	8.74854e+15	1.02066e+16	1.16647e+16	1.48722e+16	3.0701e+16	1.0825e+17	4.48307e+17	3.45291	3.40708	3.40708	3.40708	3.40708	3.40708	3.40708	3.40708	3.40708	3.40708	3.40708	3.39466	3.29888	2.17471	2.60885	
196736	6.86534e+17	2.79325e+17	1.22233e+17	7.7338e+16	1.54676e+17	2.32014e+17	3.09352e+17	3.8669e+17	4.64028e+17	5.41366e+17	6.18704e+17	6.93122e+17	7.47082e+17	7.00419e+17	2.80631e+16	5.75885e+15	5.26604e+15	2.30443e+15	1.45803e+15	2.91607e+15	4.3741e+15	5.83213e+15	7.29017e+15	8.7482e+15	1.02062e+16	1.16643e+16	1.48779e+16	3.07321e+16	1.08314e+17	4.48304e+17	3.45452	3.40876	3.40876	3.40876	3.40876	3.40876	3.40876	3.40876	3.40876	3.40876	3.40876	3.39632	3.30051	2.17512	2.60718	
196986	6.86534e+17	2.79325e+17	1.22233e+17	7.73381e+16	1.54676e+17	2.32014e+17	3.09352e+17	3.86691e+17	4.64029e+17	5.41367e+17	6.18705e+17	6.93113e+17	7.47033e+17	7.00313e+17	2.8123e+16	5.75866e+15	5.26584e+15	2.30435e+15	1.45798e+15	2.91596e+15	4.37393e+15	5.83191e+15	7.28989e+15	8.74787e+15	1.02058e+16	1.16638e+16	1.48834e+16	3.07629e+16	1.08378e+17	4.48301e+17	3.4561	3.41041	3.41041	3.41041	3.41041	3.41041	3.41041	3.41041	3.41041	3.41041	3.41041	3.39795	3.30211	2.17553	2.60555	
197236	6.86534e+17	2.79326e+17	1.22234e+17	7.73382e+16	1.54676e+17	2.32015e+17	3.09353e+17	3.86691e+17	4.64029e+17	5.41367e+17	6.18706e+17	6.93104e+17	7.46983e+17	7.00206e+17	2.81827e+16	5.75847e+15	5.26564e+15	2.30426e+15	1.45792e+15	2.91585e+15	4.37377e+15	5.83169e+15	7.28962e+15	8.74754e+15	1.02055e+16	1.16634e+16	1.4889e+16	3.07936e+16	1.08443e+17	4.48299e+17	3.45768	3.41206	3.41206	3.41206	3.41206	3.41206	3.41206	3.41206	3.41206	3.41206	3.41206	3.39958	3.30371	2.17593	2.60392	
197486	6.86535e+17	2.79326e+17	1.22234e+17	7.73383e+16	1.54677e+17	2.32015e+17	3.09353e+17	3.86691e+17	4.6403e+17	5.41368e+17	6.18706e+17	6.93095e+17	7.46934e+17	7.00097e+17	2.82423e+16	5.75827e+15	5.26545e+15	2.30417e+15	1.45787e+15	2.91574e+15	4.37361e+15	5.83148e+15	7.28934e+15	8.74721e+15	1.02051e+16	1.1663e+16	1.48945e+16	3.08243e+16	1.08509e+17	4.48296e+17	3.45926	3.41371	3.41371	3.41371	3.41371	3.41371	3.41371	3.41371	3.41371	3.41371	3.41371	3.40121	3.30531	2.17634	2.60231	
197737	6.86535e+17	2.79326e+17	1.22234e+17	7.73384e+16	1.54677e+17	2.32015e+17	3.09353e+17	3.86692e+17	4.6403e+17	5.41369e+17	6.18707e+17	6.93086e+17	7.46884e+17	6.99987e+17	2.83018e+16	5.75808e+15	5.26525e+15	2.30409e+15	1.45781e+15	2.91563e+15	4.37344e+15	5.83126e+15	7.28907e+15	8.74689e+15	1.02047e+16	1.16625e+16	1.49e+16	3.08551e+16	1.08576e+17	4.48293e+17	3.46084	3.41536	3.41536	3.41536	3.41536	3.41536	3.41536	3.41536	3.41536	3.41536	3.41536	3.40283	3.30691	2.17675	2.6007	
197987	6.86535e+17	2.79327e+17	1.22234e+17	7.73385e+16	1.54677e+17	2.32015e+17	3.09354e+17	3.86692e+17	4.64031e+17	5.41369e+17	6.18708e+17	6.93077e+17	7.46835e+17	6.99876e+17	2.83612e+16	5.75789e+15	5.26505e+15	2.304e+15	1.45776e+15	2.91552e+15	4.37328e+15	5.83104e+15	7.2888e+15	8.74656e+15	1.02043e+16	1.16621e+16	1.49055e+16	3.08859e+16	1.08643e+17	4.4829e+17	3.46241	3.417	3.417	3.417	3.417	3.417	3.417	3.417	3.417	3.417	3.417	3.40446	3.3085	2.17717	2.59911	
198237	6.86536e+17	2.79327e+17	1.22234e+17	7.73385e+16	1.54677e+17	2.32016e+17	3.09354e+17	3.86693e+17	4.64031e+17	5.4137e+17	6.18708e+17	6.93068e+17	7.46785e+17	6.99763e+17	2.84204e+16	5.7577e+15	5.26486e+15	2.30392e+15	1.45771e+15	2.91541e+15	4.37312e+15	5.83082e+15	7.28853e+15	8.74624e+15	1.02039e+16	1.16616e+16	1.4911e+16	3.09166e+16	1.08711e+17	4.48287e+17	3.46398	3.41864	3.41864	3.41864	3.41864	3.41864	3.41864	3.41864	3.41864	3.41864	3.41864	3.40608	3.31009	2.17758	2.59753	
198487	6.86536e+17	2.79327e+17	1.22234e+17	7.73386e+16	1.54677e+17	2.32016e+17	3.09355e+17	3.86693e+17	4.64032e+17	5.4137e+17	6.18709e+17	6.93059e+17	7.46736e+17	6.99649e+17	2.84796e+16	5.75751e+15	5.26466e+15	2.30383e+15	1.45765e+15	2.9153e+15	4.37296e+15	5.83061e+15	7.28826e+15	8.74591e+15	1.02036e+16	1.16612e+16	1.49166e+16	3.09474e+16	1.0878e+17	4.48285e+17	3.46555	3.42028	3.42028	3.42028	3.42028	3.42028	3.42028	3.42028	3.42028	3.42028	3.42028	3.4077	3.31168	2.17799	2.59595	
198738	6.86537e+17	2.79327e+17	1.22234e+17	7.73387e+16	1.54677e+17	2.32016e+17	3.09355e+17	3.86694e+17	4.64032e+17	5.41371e+17	6.1871e+17	6.9305e+17	7.46686e+17	6.99533e+17	2.85385e+16	5.75733e+15	5.26447e+15	2.30375e+15	1.4576e+15	2.9152e+15	4.3728e+15	5.8304e+15	7.288e+15	8.74559e+15	1.02032e+16	1.16608e+16	1.49221e+16	3.09782e+16	1.0885e+17	4.48282e+17	3.46712	3.42191	3.42191	3.42191	3.42191	3.42191	3.42191	3.42191	3.42191	3.42191	3.42191	3.40931	3.31327	2.17841	2.59439	
198988	6.86537e+17	2.79328e+17	1.22235e+17	7.73388e+16	1.54678e+17	2.32016e+17	3.09355e+17	3.86694e+17	4.64033e+17	5.41372e+17	6.1871e+17	6.93041e+17	7.46636e+17	6.99416e+17	2.85974e+16	5.75714e+15	5.26428e+15	2.30366e+15	1.45755e+15	2.91509e+15	4.37264e+15	5.83018e+15	7.28773e+15	8.74527e+15	1.02028e+16	1.16604e+16	1.49275e+16	3.1009e+16	1.0892e+17	4.48279e+17	3.46869	3.42355	3.42355	3.42355	3.42355	3.42355	3.42355	3.42355	3.42355	3.42355	3.42355	3.41093	3.31486	2.17882	2.59283	
199238	6.86537e+17	2.79328e+17	1.22235e+17	7.73389e+16	1.54678e+17	2.32017e+17	3.09356e+17	3.86694e+17	4.64033e+17	5.41372e+17	6.18711e+17	6.93032e+17	7.46587e+17	6.99298e+17	2.86562e+16	5.75695e+15	5.26409e+15	2.30358e+15	1.45749e+15	2.91499e+15	4.37248e+15	5.82997e+15	7.28746e+15	8.74496e+15	1.02024e+16	1.16599e+16	1.4933e+16	3.10398e+16	1.08992e+17	4.48276e+17	3.47025	3.42518	3.42518	3.42518	3.42518	3.42518	3.42518	3.42518	3.42518	3.42518	3.42518	3.41254	3.31644	2.17924	2.59129	
199489	6.86538e+17	2.79328e+17	1.22235e+17	7.7339e+16	1.54678e+17	2.32017e+17	3.09356e+17	3.86695e+17	4.64034e+17	5.41373e+17	6.18712e+17	6.93023e+17	7.46537e+17	6.99178e+17	2.87148e+16	5.75677e+15	5.2639e+15	2.30349e+15	1.45744e+15	2.91488e+15	4.37232e+15	5.82976e+15	7.2872e+15	8.74464e+15	1.02021e+16	1.16595e+16	1.49385e+16	3.10707e+16	1.09064e+17	4.48273e+17	3.47181	3.42681	3.42681	3.42681	3.42681	3.42681	3.42681	3.42681	3.42681	3.42681	3.42681	3.41415	3.31802	2.17966	2.58975	
199739	6.86538e+17	2.79329e+17	1.22235e+17	7.73391e+16	1.54678e+17	2.32017e+17	3.09356e+17	3.86695e+17	4.64034e+17	5.41373e+17	6.18713e+17	6.93014e+17	7.46488e+17	6.99057e+17	2.87733e+16	5.75658e+15	5.26371e+15	2.30341e+15	1.45739e+15	2.91477e+15	4.37216e+15	5.82955e+15	7.28694e+15	8.74432e+15	1.02017e+16	1.16591e+16	1.4944e+16	3.11015e+16	1.09137e+17	4.4827e+17	3.47337	3.42843	3.42843	3.42843	3.42843	3.42843	3.42843	3.42843	3.42843	3.42843	3.42843	3.41576	3.3196	2.18008	2.58823	
199989	6.86538e+17	2.79329e+17	1.22235e+17	7.73392e+16	1.54678e+17	2.32017e+17	3.09357e+17	3.86696e+17	4.64035e+17	5.41374e+17	6.18713e+17	6.93005e+17	7.46438e+17	6.98935e+17	2.88317e+16	5.7564e+15	5.26352e+15	2.30333e+15	1.45734e+15	2.91467e+15	4.37201e+15	5.82934e+15	7.28668e+15	8.74401e+15	1.02013e+16	1.16587e+16	1.49495e+16	3.11324e+16	1.09211e+17	4.48268e+17	3.47493	3.43006	3.43006	3.43006	3.43006	3.43006	3.43006	3.43006	3.43006	3.43006	3.43006	3.41736	3.32118	2.1805	2.58671	
200000	6.86538e+17	2.79329e+17	1.22235e+17	7.73392e+16	1.54678e+17	2.32017e+17	3.09357e+17	3.86696e+17	4.64035e+17	5.41374e+17	6.18713e+17	6.93005e+17	7.46436e+17	6.98929e+17	2.88342e+16	5.75639e+15	5.26351e+15	2.30333e+15	1.45733e+15	2.91467e+15	4.372e+15	5.82933e+15	7.28666e+15	8.744e+15	1.02013e+16	1.16587e+16	1.49497e+16	3.11337e+16	1.09214e+17	4.48267e+17	3.47499	3.43013	3.43013	3.43013	3.43013	3.43013	3.43013	3.43013	3.43013	3.43013	3.43013	3.41743	3.32125	2.18052	2.58665	
