Time	Carb1	Carb2	Carb3	Carb4	Carb5	Carb6	Carb7	Carb8	Carb9	Carb10	Carb11	Carb12	Carb13	Carb14	Carb15	Sil1	Sil2	Sil3	Sil4	Sil5	Sil6	Sil7	Sil8	Sil9	Sil10	Sil11	Sil12	Sil13	Sil14	Sil15	c131	c132	c133	c134	c135	c136	c137	c138	c139	c1310	c1311	c1312	c1313	c1314	c1315	
0	6.8679e+17	2.79524e+17	1.22321e+17	7.73932e+16	1.54786e+17	2.3218e+17	3.09573e+17	3.86966e+17	4.64359e+17	5.41753e+17	6.19146e+17	6.96539e+17	7.5909e+17	2.85587e+17	5.49164e+15	5.6223e+15	5.13779e+15	2.24831e+15	1.42252e+15	2.84505e+15	4.26757e+15	5.69009e+15	7.11261e+15	8.53514e+15	9.95766e+15	1.13802e+16	1.28027e+16	2.32723e+16	2.63861e+17	2.89924e+17	4.68986	4.68986	4.68986	4.68986	4.68986	4.68986	4.68986	4.68986	4.68986	4.68986	4.68986	4.68986	4.68986	4.68986	4.68986	
252.681	6.86548e+17	2.79491e+17	1.22306e+17	7.73841e+16	1.54768e+17	2.32152e+17	3.09536e+17	3.8692e+17	4.64304e+17	5.41689e+17	6.19073e+17	6.96108e+17	7.58216e+17	3.34159e+17	8.19468e+15	5.62033e+15	5.13719e+15	2.24804e+15	1.42235e+15	2.84472e+15	4.26706e+15	5.68942e+15	7.11177e+15	8.53414e+15	9.95648e+15	1.13789e+16	1.27948e+16	2.32455e+16	3.08738e+17	4.32628e+17	4.68987	4.68986	4.68986	4.68986	4.68986	4.68986	4.68986	4.68986	4.68986	4.68986	4.68986	4.68986	4.68986	4.68986	4.68986	
503.024	6.86547e+17	2.79491e+17	1.22306e+17	7.73841e+16	1.54768e+17	2.32152e+17	3.09536e+17	3.8692e+17	4.64304e+17	5.41688e+17	6.19072e+17	6.96118e+17	7.58306e+17	3.34168e+17	8.19418e+15	5.6205e+15	5.13719e+15	2.24804e+15	1.42235e+15	2.84472e+15	4.26706e+15	5.68942e+15	7.11178e+15	8.53414e+15	9.95648e+15	1.13789e+16	1.2795e+16	2.32483e+16	3.08746e+17	4.32601e+17	4.68988	4.68986	4.68986	4.68986	4.68986	4.68986	4.68986	4.68986	4.68986	4.68986	4.68986	4.68986	4.68986	4.68986	4.68986	
753.859	6.86545e+17	2.79491e+17	1.22306e+17	7.7384e+16	1.54768e+17	2.32152e+17	3.09536e+17	3.8692e+17	4.64304e+17	5.41688e+17	6.19072e+17	6.96123e+17	7.58349e+17	3.34159e+17	8.19394e+15	5.62142e+15	5.13721e+15	2.24805e+15	1.42236e+15	2.84474e+15	4.26708e+15	5.68944e+15	7.11181e+15	8.53418e+15	9.95652e+15	1.13789e+16	1.27951e+16	2.32496e+16	3.08738e+17	4.32588e+17	4.68998	4.68987	4.68987	4.68987	4.68987	4.68987	4.68987	4.68987	4.68987	4.68987	4.68987	4.68986	4.68986	4.68986	4.68986	
1005.21	6.86541e+17	2.79491e+17	1.22306e+17	7.7384e+16	1.54768e+17	2.32152e+17	3.09536e+17	3.8692e+17	4.64304e+17	5.41688e+17	6.19072e+17	6.96126e+17	7.58376e+17	3.34149e+17	8.19394e+15	5.62406e+15	5.13729e+15	2.24808e+15	1.42238e+15	2.84478e+15	4.26714e+15	5.68953e+15	7.11191e+15	8.53431e+15	9.95667e+15	1.13791e+16	1.27953e+16	2.32504e+16	3.08729e+17	4.32588e+17	4.69027	4.68988	4.68988	4.68988	4.68988	4.68988	4.68988	4.68988	4.68988	4.68988	4.68988	4.68987	4.68986	4.68986	4.68986	
1255.64	6.86532e+17	2.7949e+17	1.22306e+17	7.73839e+16	1.54768e+17	2.32152e+17	3.09535e+17	3.86919e+17	4.64303e+17	5.41687e+17	6.19071e+17	6.96127e+17	7.58394e+17	3.34141e+17	8.19394e+15	5.62946e+15	5.13748e+15	2.24816e+15	1.42243e+15	2.84488e+15	4.2673e+15	5.68973e+15	7.11217e+15	8.53461e+15	9.95703e+15	1.13795e+16	1.27958e+16	2.3251e+16	3.08722e+17	4.32588e+17	4.69089	4.6899	4.6899	4.6899	4.6899	4.6899	4.6899	4.6899	4.6899	4.6899	4.6899	4.68987	4.68986	4.68986	4.68986	
1506.22	6.86518e+17	2.7949e+17	1.22305e+17	7.73837e+16	1.54767e+17	2.32151e+17	3.09535e+17	3.86918e+17	4.64302e+17	5.41686e+17	6.19069e+17	6.96127e+17	7.58407e+17	3.34135e+17	8.19394e+15	5.63861e+15	5.13784e+15	2.24832e+15	1.42253e+15	2.84508e+15	4.2676e+15	5.69014e+15	7.11267e+15	8.53522e+15	9.95774e+15	1.13803e+16	1.27966e+16	2.32514e+16	3.08716e+17	4.32588e+17	4.69198	4.68995	4.68995	4.68995	4.68995	4.68995	4.68995	4.68995	4.68995	4.68995	4.68995	4.68988	4.68986	4.68986	4.68986	
1757.2	6.86496e+17	2.79489e+17	1.22305e+17	7.73834e+16	1.54767e+17	2.3215e+17	3.09534e+17	3.86917e+17	4.643e+17	5.41684e+17	6.19067e+17	6.96126e+17	7.58419e+17	3.34131e+17	8.19394e+15	5.65219e+15	5.13847e+15	2.2486e+15	1.42271e+15	2.84543e+15	4.26812e+15	5.69083e+15	7.11354e+15	8.53626e+15	9.95895e+15	1.13818e+16	1.27981e+16	2.32517e+16	3.08712e+17	4.32588e+17	4.69362	4.69003	4.69003	4.69003	4.69003	4.69003	4.69003	4.69003	4.69003	4.69003	4.69003	4.68989	4.68986	4.68986	4.68986	
2007.76	6.86468e+17	2.79487e+17	1.22304e+17	7.7383e+16	1.54766e+17	2.32149e+17	3.09532e+17	3.86915e+17	4.64298e+17	5.41681e+17	6.19063e+17	6.96123e+17	7.58428e+17	3.34128e+17	8.19394e+15	5.67046e+15	5.13944e+15	2.24902e+15	1.42298e+15	2.84597e+15	4.26893e+15	5.69191e+15	7.1149e+15	8.53789e+15	9.96085e+15	1.1384e+16	1.28005e+16	2.3252e+16	3.08709e+17	4.32588e+17	4.69586	4.69016	4.69016	4.69016	4.69016	4.69016	4.69016	4.69016	4.69016	4.69016	4.69016	4.68991	4.68986	4.68986	4.68986	
2258.76	6.86431e+17	2.79485e+17	1.22303e+17	7.73823e+16	1.54765e+17	2.32147e+17	3.09529e+17	3.86912e+17	4.64294e+17	5.41676e+17	6.19058e+17	6.96118e+17	7.58437e+17	3.34125e+17	8.19394e+15	5.69346e+15	5.14087e+15	2.24965e+15	1.42337e+15	2.84676e+15	4.27012e+15	5.69349e+15	7.11687e+15	8.54026e+15	9.96361e+15	1.13872e+16	1.28041e+16	2.32523e+16	3.08707e+17	4.32588e+17	4.69872	4.69036	4.69036	4.69036	4.69036	4.69036	4.69036	4.69036	4.69036	4.69036	4.69036	4.68994	4.68986	4.68986	4.68986	
2510.08	6.86388e+17	2.79482e+17	1.22302e+17	7.73814e+16	1.54763e+17	2.32144e+17	3.09526e+17	3.86907e+17	4.64289e+17	5.4167e+17	6.19051e+17	6.9611e+17	7.58444e+17	3.34123e+17	8.19394e+15	5.72084e+15	5.14284e+15	2.25051e+15	1.42392e+15	2.84785e+15	4.27175e+15	5.69567e+15	7.11959e+15	8.54352e+15	9.96743e+15	1.13916e+16	1.28094e+16	2.32525e+16	3.08706e+17	4.32588e+17	4.70216	4.69063	4.69063	4.69063	4.69063	4.69063	4.69063	4.69063	4.69063	4.69063	4.69063	4.68998	4.68986	4.68986	4.68986	
2760.58	6.86339e+17	2.79478e+17	1.223e+17	7.73803e+16	1.54761e+17	2.32141e+17	3.09521e+17	3.86902e+17	4.64282e+17	5.41662e+17	6.19042e+17	6.96099e+17	7.58451e+17	3.34121e+17	8.19393e+15	5.75186e+15	5.14542e+15	2.25164e+15	1.42463e+15	2.84928e+15	4.2739e+15	5.69854e+15	7.12317e+15	8.54782e+15	9.97244e+15	1.13974e+16	1.28166e+16	2.32527e+16	3.08704e+17	4.32588e+17	4.70607	4.69099	4.69099	4.69099	4.69099	4.69099	4.69099	4.69099	4.69099	4.69099	4.69099	4.69004	4.68986	4.68986	4.68986	
3011.83	6.86286e+17	2.79472e+17	1.22298e+17	7.73789e+16	1.54758e+17	2.32137e+17	3.09515e+17	3.86894e+17	4.64273e+17	5.41652e+17	6.1903e+17	6.96084e+17	7.58457e+17	3.3412e+17	8.19393e+15	5.78597e+15	5.14872e+15	2.25308e+15	1.42554e+15	2.8511e+15	4.27664e+15	5.70218e+15	7.12773e+15	8.55329e+15	9.97882e+15	1.14047e+16	1.28262e+16	2.32529e+16	3.08704e+17	4.32588e+17	4.71039	4.69145	4.69145	4.69145	4.69145	4.69145	4.69145	4.69145	4.69145	4.69145	4.69144	4.69013	4.68986	4.68986	4.68986	
3262.15	6.86229e+17	2.79466e+17	1.22295e+17	7.73771e+16	1.54754e+17	2.32131e+17	3.09508e+17	3.86885e+17	4.64262e+17	5.4164e+17	6.19016e+17	6.96065e+17	7.58463e+17	3.34118e+17	8.19393e+15	5.82212e+15	5.15276e+15	2.25485e+15	1.42666e+15	2.85334e+15	4.28e+15	5.70666e+15	7.13333e+15	8.56001e+15	9.98666e+15	1.14138e+16	1.28386e+16	2.32531e+16	3.08703e+17	4.32588e+17	4.71498	4.69201	4.69201	4.69201	4.69201	4.69201	4.69201	4.69201	4.69201	4.69201	4.69201	4.69024	4.68986	4.68986	4.68986	
3512.71	6.8617e+17	2.79458e+17	1.22292e+17	7.73749e+16	1.5475e+17	2.32125e+17	3.095e+17	3.86875e+17	4.6425e+17	5.41625e+17	6.18999e+17	6.96041e+17	7.58468e+17	3.34117e+17	8.19393e+15	5.85962e+15	5.15763e+15	2.25698e+15	1.42801e+15	2.85604e+15	4.28404e+15	5.71205e+15	7.14007e+15	8.56809e+15	9.99609e+15	1.14246e+16	1.28541e+16	2.32532e+16	3.08702e+17	4.32588e+17	4.71975	4.69269	4.69269	4.69269	4.69269	4.69269	4.69269	4.69269	4.69269	4.69269	4.69269	4.69038	4.68986	4.68986	4.68986	
3764.19	6.8611e+17	2.79449e+17	1.22288e+17	7.73724e+16	1.54745e+17	2.32117e+17	3.0949e+17	3.86862e+17	4.64235e+17	5.41607e+17	6.18978e+17	6.96011e+17	7.58473e+17	3.34116e+17	8.19392e+15	5.89781e+15	5.16337e+15	2.25949e+15	1.4296e+15	2.85922e+15	4.28881e+15	5.71841e+15	7.14801e+15	8.57763e+15	1.00072e+16	1.14374e+16	1.28731e+16	2.32534e+16	3.08702e+17	4.32588e+17	4.7246	4.6935	4.6935	4.6935	4.6935	4.6935	4.6935	4.6935	4.6935	4.6935	4.6935	4.69055	4.68986	4.68986	4.68986	
4014.97	6.8605e+17	2.79439e+17	1.22283e+17	7.73695e+16	1.54739e+17	2.32109e+17	3.09478e+17	3.86848e+17	4.64217e+17	5.41587e+17	6.18955e+17	6.95975e+17	7.58477e+17	3.34115e+17	8.19392e+15	5.9357e+15	5.16997e+15	2.26238e+15	1.43143e+15	2.86287e+15	4.29429e+15	5.72572e+15	7.15716e+15	8.5886e+15	1.002e+16	1.14521e+16	1.2896e+16	2.32535e+16	3.08702e+17	4.32588e+17	4.72941	4.69443	4.69443	4.69443	4.69443	4.69443	4.69443	4.69443	4.69443	4.69443	4.69443	4.69075	4.68986	4.68986	4.68986	
4265.4	6.85992e+17	2.79427e+17	1.22278e+17	7.73663e+16	1.54732e+17	2.32099e+17	3.09465e+17	3.86831e+17	4.64197e+17	5.41564e+17	6.18929e+17	6.95932e+17	7.58482e+17	3.34114e+17	8.19391e+15	5.97273e+15	5.17745e+15	2.26566e+15	1.4335e+15	2.86701e+15	4.3005e+15	5.73401e+15	7.16751e+15	8.60102e+15	1.00345e+16	1.14688e+16	1.29231e+16	2.32537e+16	3.08702e+17	4.32588e+17	4.73409	4.69548	4.69548	4.69548	4.69548	4.69548	4.69548	4.69548	4.69548	4.69548	4.69548	4.691	4.68986	4.68986	4.68986	
4516.65	6.85935e+17	2.79414e+17	1.22272e+17	7.73626e+16	1.54725e+17	2.32088e+17	3.0945e+17	3.86813e+17	4.64175e+17	5.41538e+17	6.18899e+17	6.95882e+17	7.58486e+17	3.34113e+17	8.1939e+15	6.00856e+15	5.18584e+15	2.26933e+15	1.43582e+15	2.87166e+15	4.30747e+15	5.7433e+15	7.17913e+15	8.61496e+15	1.00508e+16	1.14874e+16	1.29547e+16	2.32538e+16	3.08702e+17	4.32588e+17	4.73861	4.69667	4.69667	4.69667	4.69667	4.69667	4.69667	4.69667	4.69667	4.69667	4.69666	4.69129	4.68986	4.68986	4.68986	
4767.14	6.85882e+17	2.79399e+17	1.22266e+17	7.73585e+16	1.54717e+17	2.32076e+17	3.09434e+17	3.86793e+17	4.64151e+17	5.4151e+17	6.18867e+17	6.95824e+17	7.58489e+17	3.34113e+17	8.19389e+15	6.04256e+15	5.19507e+15	2.27337e+15	1.43838e+15	2.87677e+15	4.31514e+15	5.75352e+15	7.1919e+15	8.63029e+15	1.00687e+16	1.1508e+16	1.29911e+16	2.32539e+16	3.08702e+17	4.32588e+17	4.74287	4.69797	4.69797	4.69797	4.69797	4.69797	4.69797	4.69797	4.69797	4.69797	4.69796	4.69162	4.68986	4.68986	4.68986	
5018	6.85831e+17	2.79383e+17	1.22259e+17	7.73541e+16	1.54708e+17	2.32062e+17	3.09416e+17	3.86771e+17	4.64125e+17	5.41479e+17	6.18831e+17	6.95759e+17	7.58492e+17	3.34112e+17	8.19388e+15	6.0746e+15	5.20515e+15	2.27778e+15	1.44117e+15	2.88235e+15	4.32351e+15	5.76468e+15	7.20586e+15	8.64704e+15	1.00882e+16	1.15304e+16	1.30324e+16	2.3254e+16	3.08702e+17	4.32588e+17	4.74687	4.69939	4.69939	4.69939	4.69939	4.69939	4.69939	4.69939	4.69939	4.69939	4.69939	4.692	4.68986	4.68986	4.68986	
5269.07	6.85784e+17	2.79366e+17	1.22251e+17	7.73494e+16	1.54699e+17	2.32048e+17	3.09397e+17	3.86747e+17	4.64096e+17	5.41445e+17	6.18793e+17	6.95685e+17	7.58495e+17	3.3411e+17	8.19387e+15	6.10446e+15	5.21604e+15	2.28255e+15	1.44418e+15	2.88838e+15	4.33256e+15	5.77674e+15	7.22093e+15	8.66513e+15	1.01093e+16	1.15545e+16	1.3079e+16	2.32541e+16	3.08703e+17	4.32588e+17	4.75057	4.70092	4.70092	4.70092	4.70092	4.70092	4.70092	4.70092	4.70092	4.70092	4.70092	4.69242	4.68986	4.68986	4.68986	
5519.26	6.85741e+17	2.79348e+17	1.22243e+17	7.73443e+16	1.54689e+17	2.32033e+17	3.09377e+17	3.86721e+17	4.64066e+17	5.4141e+17	6.18752e+17	6.95603e+17	7.58498e+17	3.34109e+17	8.19385e+15	6.13189e+15	5.22764e+15	2.28762e+15	1.4474e+15	2.8948e+15	4.34219e+15	5.78959e+15	7.23699e+15	8.68439e+15	1.01318e+16	1.15803e+16	1.31308e+16	2.32541e+16	3.08703e+17	4.32588e+17	4.75394	4.70256	4.70256	4.70256	4.70256	4.70256	4.70256	4.70256	4.70256	4.70256	4.70255	4.6929	4.68986	4.68986	4.68986	
5770.33	6.85701e+17	2.79328e+17	1.22235e+17	7.73389e+16	1.54678e+17	2.32017e+17	3.09356e+17	3.86694e+17	4.64033e+17	5.41372e+17	6.18709e+17	6.95513e+17	7.585e+17	3.34108e+17	8.19383e+15	6.15707e+15	5.23997e+15	2.29302e+15	1.45081e+15	2.90163e+15	4.35244e+15	5.80325e+15	7.25407e+15	8.70489e+15	1.01557e+16	1.16077e+16	1.31882e+16	2.32542e+16	3.08703e+17	4.32588e+17	4.75702	4.70429	4.70429	4.70429	4.70429	4.70429	4.70429	4.70429	4.70429	4.70429	4.70429	4.69343	4.68986	4.68986	4.68986	
6021.61	6.85665e+17	2.79308e+17	1.22226e+17	7.73332e+16	1.54666e+17	2.32e+17	3.09333e+17	3.86666e+17	4.63999e+17	5.41332e+17	6.18664e+17	6.95413e+17	7.58503e+17	3.34107e+17	8.19381e+15	6.17992e+15	5.25295e+15	2.2987e+15	1.45441e+15	2.90882e+15	4.36322e+15	5.81763e+15	7.27204e+15	8.72645e+15	1.01808e+16	1.16365e+16	1.32512e+16	2.32543e+16	3.08704e+17	4.32588e+17	4.75979	4.70612	4.70612	4.70612	4.70612	4.70612	4.70612	4.70612	4.70612	4.70612	4.70611	4.69401	4.68986	4.68986	4.68986	
6271.92	6.85633e+17	2.79286e+17	1.22216e+17	7.73273e+16	1.54655e+17	2.31982e+17	3.09309e+17	3.86636e+17	4.63964e+17	5.41291e+17	6.18616e+17	6.95305e+17	7.58505e+17	3.34106e+17	8.19379e+15	6.20042e+15	5.26645e+15	2.30461e+15	1.45814e+15	2.9163e+15	4.37444e+15	5.83258e+15	7.29073e+15	8.74888e+15	1.0207e+16	1.16665e+16	1.33195e+16	2.32544e+16	3.08705e+17	4.32588e+17	4.76225	4.70801	4.70801	4.70801	4.70801	4.70801	4.70801	4.70801	4.70801	4.70801	4.70801	4.69465	4.68986	4.68986	4.68986	
6522.95	6.85604e+17	2.79264e+17	1.22207e+17	7.73211e+16	1.54642e+17	2.31963e+17	3.09285e+17	3.86606e+17	4.63927e+17	5.41248e+17	6.18567e+17	6.95188e+17	7.58507e+17	3.34104e+17	8.19376e+15	6.21882e+15	5.28049e+15	2.31075e+15	1.46203e+15	2.92407e+15	4.3861e+15	5.84813e+15	7.31016e+15	8.7722e+15	1.02342e+16	1.16976e+16	1.33935e+16	2.32544e+16	3.08705e+17	4.32588e+17	4.76443	4.70998	4.70998	4.70998	4.70998	4.70998	4.70998	4.70998	4.70998	4.70998	4.70998	4.69533	4.68986	4.68986	4.68986	
6773.63	6.85578e+17	2.79241e+17	1.22197e+17	7.73148e+16	1.5463e+17	2.31944e+17	3.09259e+17	3.86574e+17	4.63889e+17	5.41204e+17	6.18516e+17	6.95062e+17	7.58509e+17	3.34102e+17	8.19373e+15	6.23516e+15	5.29494e+15	2.31707e+15	1.46603e+15	2.93207e+15	4.3981e+15	5.86413e+15	7.33017e+15	8.7962e+15	1.02622e+16	1.17296e+16	1.34729e+16	2.32545e+16	3.08706e+17	4.32588e+17	4.76636	4.712	4.712	4.712	4.712	4.712	4.712	4.712	4.712	4.712	4.712	4.69607	4.68986	4.68987	4.68986	
7024.26	6.85556e+17	2.79218e+17	1.22186e+17	7.73083e+16	1.54617e+17	2.31925e+17	3.09233e+17	3.86542e+17	4.6385e+17	5.41158e+17	6.18465e+17	6.94928e+17	7.58511e+17	3.34101e+17	8.1937e+15	6.2496e+15	5.30974e+15	2.32355e+15	1.47013e+15	2.94027e+15	4.4104e+15	5.88053e+15	7.35066e+15	8.8208e+15	1.02909e+16	1.17625e+16	1.35577e+16	2.32545e+16	3.08707e+17	4.32588e+17	4.76804	4.71407	4.71407	4.71407	4.71407	4.71407	4.71407	4.71407	4.71407	4.71407	4.71407	4.69686	4.68986	4.68987	4.68986	
7275.73	6.85536e+17	2.79194e+17	1.22176e+17	7.73017e+16	1.54603e+17	2.31905e+17	3.09207e+17	3.86509e+17	4.6381e+17	5.41112e+17	6.18411e+17	6.94785e+17	7.58513e+17	3.34099e+17	8.19366e+15	6.26235e+15	5.32489e+15	2.33018e+15	1.47432e+15	2.94865e+15	4.42297e+15	5.8973e+15	7.37162e+15	8.84595e+15	1.03203e+16	1.1796e+16	1.36482e+16	2.32546e+16	3.08708e+17	4.32588e+17	4.76951	4.71619	4.71619	4.71619	4.71619	4.71619	4.71619	4.71619	4.71619	4.71619	4.71618	4.69771	4.68986	4.68987	4.68986	
7529.76	6.85518e+17	2.79169e+17	1.22165e+17	7.72949e+16	1.5459e+17	2.31885e+17	3.0918e+17	3.86475e+17	4.6377e+17	5.41064e+17	6.18357e+17	6.94632e+17	7.58515e+17	3.34097e+17	8.19362e+15	6.2736e+15	5.3404e+15	2.33697e+15	1.47862e+15	2.95725e+15	4.43586e+15	5.91448e+15	7.39311e+15	8.87173e+15	1.03503e+16	1.18304e+16	1.37448e+16	2.32547e+16	3.08709e+17	4.32588e+17	4.7708	4.71835	4.71835	4.71835	4.71835	4.71835	4.71835	4.71835	4.71835	4.71835	4.71834	4.69861	4.68986	4.68987	4.68987	
7780.79	6.85503e+17	2.79145e+17	1.22154e+17	7.72882e+16	1.54576e+17	2.31864e+17	3.09153e+17	3.86441e+17	4.63729e+17	5.41017e+17	6.18303e+17	6.94472e+17	7.58516e+17	3.34095e+17	8.19357e+15	6.28329e+15	5.35589e+15	2.34375e+15	1.48291e+15	2.96582e+15	4.44873e+15	5.93163e+15	7.41454e+15	8.89745e+15	1.03804e+16	1.18647e+16	1.38453e+16	2.32547e+16	3.0871e+17	4.32588e+17	4.77189	4.7205	4.7205	4.7205	4.7205	4.7205	4.7205	4.7205	4.7205	4.7205	4.72049	4.69955	4.68986	4.68987	4.68987	
8031.48	6.85489e+17	2.7912e+17	1.22144e+17	7.72813e+16	1.54563e+17	2.31844e+17	3.09125e+17	3.86407e+17	4.63688e+17	5.40969e+17	6.18248e+17	6.94306e+17	7.58518e+17	3.34092e+17	8.19352e+15	6.29169e+15	5.37143e+15	2.35055e+15	1.48721e+15	2.97443e+15	4.46164e+15	5.94885e+15	7.43606e+15	8.92328e+15	1.04105e+16	1.18992e+16	1.39505e+16	2.32548e+16	3.08711e+17	4.32588e+17	4.77283	4.72266	4.72266	4.72266	4.72266	4.72266	4.72266	4.72266	4.72266	4.72266	4.72265	4.70054	4.68986	4.68987	4.68987	
8282.11	6.85478e+17	2.79096e+17	1.22133e+17	7.72745e+16	1.54549e+17	2.31824e+17	3.09098e+17	3.86373e+17	4.63647e+17	5.40922e+17	6.18194e+17	6.94132e+17	7.58519e+17	3.3409e+17	8.19347e+15	6.29894e+15	5.387e+15	2.35736e+15	1.49152e+15	2.98305e+15	4.47457e+15	5.96609e+15	7.45761e+15	8.94913e+15	1.04407e+16	1.19336e+16	1.40603e+16	2.32548e+16	3.08712e+17	4.32588e+17	4.77364	4.72481	4.72481	4.72481	4.72481	4.72481	4.72481	4.72481	4.72481	4.72481	4.72481	4.70156	4.68986	4.68987	4.68987	
8533.58	6.85468e+17	2.79071e+17	1.22122e+17	7.72677e+16	1.54535e+17	2.31803e+17	3.09071e+17	3.86339e+17	4.63606e+17	5.40874e+17	6.18139e+17	6.93951e+17	7.58521e+17	3.34087e+17	8.19341e+15	6.30521e+15	5.40257e+15	2.36418e+15	1.49583e+15	2.99167e+15	4.48751e+15	5.98334e+15	7.47918e+15	8.97501e+15	1.04708e+16	1.19681e+16	1.41748e+16	2.32549e+16	3.08713e+17	4.32588e+17	4.77434	4.72697	4.72697	4.72697	4.72697	4.72697	4.72697	4.72697	4.72697	4.72697	4.72696	4.70264	4.68986	4.68987	4.68987	
8787.61	6.85459e+17	2.79046e+17	1.22111e+17	7.72609e+16	1.54522e+17	2.31783e+17	3.09043e+17	3.86304e+17	4.63565e+17	5.40826e+17	6.18085e+17	6.93761e+17	7.58522e+17	3.34084e+17	8.19334e+15	6.31064e+15	5.41822e+15	2.37102e+15	1.50016e+15	3.00034e+15	4.5005e+15	6.00066e+15	7.50083e+15	9.001e+15	1.05012e+16	1.20028e+16	1.42946e+16	2.32549e+16	3.08715e+17	4.32588e+17	4.77493	4.72913	4.72913	4.72913	4.72913	4.72913	4.72913	4.72913	4.72913	4.72913	4.72912	4.70376	4.68986	4.68987	4.68987	
9038.64	6.85452e+17	2.79022e+17	1.22101e+17	7.72542e+16	1.54508e+17	2.31763e+17	3.09017e+17	3.86271e+17	4.63525e+17	5.40779e+17	6.18031e+17	6.93567e+17	7.58523e+17	3.34081e+17	8.19327e+15	6.31523e+15	5.43353e+15	2.37772e+15	1.5044e+15	3.00881e+15	4.51322e+15	6.01762e+15	7.52203e+15	9.02643e+15	1.05308e+16	1.20367e+16	1.4417e+16	2.32549e+16	3.08716e+17	4.32588e+17	4.77544	4.73124	4.73124	4.73124	4.73124	4.73124	4.73124	4.73124	4.73124	4.73124	4.73123	4.70491	4.68986	4.68987	4.68987	
9289.33	6.85446e+17	2.78998e+17	1.2209e+17	7.72476e+16	1.54495e+17	2.31743e+17	3.0899e+17	3.86238e+17	4.63485e+17	5.40733e+17	6.17978e+17	6.93368e+17	7.58525e+17	3.34077e+17	8.19319e+15	6.31914e+15	5.44863e+15	2.38433e+15	1.50858e+15	3.01717e+15	4.52576e+15	6.03434e+15	7.54293e+15	9.05152e+15	1.05601e+16	1.20701e+16	1.45428e+16	2.3255e+16	3.08718e+17	4.32588e+17	4.77587	4.73332	4.73332	4.73332	4.73332	4.73332	4.73332	4.73332	4.73332	4.73332	4.73331	4.7061	4.68986	4.68987	4.68987	
9539.96	6.85441e+17	2.78975e+17	1.2208e+17	7.72411e+16	1.54482e+17	2.31723e+17	3.08964e+17	3.86205e+17	4.63446e+17	5.40687e+17	6.17926e+17	6.93164e+17	7.58526e+17	3.34074e+17	8.19311e+15	6.32246e+15	5.46349e+15	2.39084e+15	1.5127e+15	3.0254e+15	4.5381e+15	6.0508e+15	7.56351e+15	9.07621e+15	1.05889e+16	1.2103e+16	1.46718e+16	2.3255e+16	3.08719e+17	4.32588e+17	4.77625	4.73536	4.73536	4.73536	4.73536	4.73536	4.73536	4.73536	4.73536	4.73536	4.73535	4.70731	4.68986	4.68987	4.68987	
9791.42	6.85436e+17	2.78952e+17	1.2207e+17	7.72347e+16	1.54469e+17	2.31704e+17	3.08939e+17	3.86173e+17	4.63408e+17	5.40643e+17	6.17875e+17	6.92954e+17	7.58527e+17	3.3407e+17	8.19302e+15	6.32529e+15	5.47813e+15	2.39724e+15	1.51675e+15	3.03351e+15	4.55026e+15	6.06702e+15	7.58377e+15	9.10053e+15	1.06173e+16	1.21354e+16	1.48043e+16	2.32551e+16	3.08721e+17	4.32588e+17	4.77657	4.73737	4.73737	4.73737	4.73737	4.73737	4.73737	4.73737	4.73737	4.73737	4.73736	4.70856	4.68986	4.68987	4.68987	
10045.5	6.85433e+17	2.78929e+17	1.2206e+17	7.72283e+16	1.54457e+17	2.31685e+17	3.08913e+17	3.86142e+17	4.6337e+17	5.40598e+17	6.17824e+17	6.92737e+17	7.58528e+17	3.34066e+17	8.19292e+15	6.32772e+15	5.49261e+15	2.40358e+15	1.52076e+15	3.04153e+15	4.56229e+15	6.08305e+15	7.60382e+15	9.12458e+15	1.06453e+16	1.21674e+16	1.49409e+16	2.32552e+16	3.08723e+17	4.32588e+17	4.77685	4.73935	4.73935	4.73935	4.73935	4.73935	4.73935	4.73935	4.73935	4.73935	4.73934	4.70984	4.68986	4.68987	4.68987	
10296.5	6.85429e+17	2.78907e+17	1.2205e+17	7.72222e+16	1.54444e+17	2.31667e+17	3.08889e+17	3.86111e+17	4.63333e+17	5.40555e+17	6.17776e+17	6.9252e+17	7.58529e+17	3.34062e+17	8.19281e+15	6.32974e+15	5.50658e+15	2.40969e+15	1.52463e+15	3.04927e+15	4.5739e+15	6.09853e+15	7.62316e+15	9.1478e+15	1.06724e+16	1.21984e+16	1.50784e+16	2.32552e+16	3.08725e+17	4.32588e+17	4.7771	4.74126	4.74126	4.74126	4.74126	4.74126	4.74126	4.74126	4.74126	4.74126	4.74126	4.71114	4.68986	4.68987	4.68987	
10547.2	6.85427e+17	2.78885e+17	1.22041e+17	7.72163e+16	1.54432e+17	2.31649e+17	3.08865e+17	3.86081e+17	4.63297e+17	5.40514e+17	6.17728e+17	6.92299e+17	7.5853e+17	3.34057e+17	8.1927e+15	6.33144e+15	5.52018e+15	2.41564e+15	1.5284e+15	3.05679e+15	4.58519e+15	6.11358e+15	7.64198e+15	9.17038e+15	1.06988e+16	1.22284e+16	1.52178e+16	2.32553e+16	3.08727e+17	4.32588e+17	4.77732	4.74312	4.74312	4.74312	4.74312	4.74312	4.74312	4.74312	4.74312	4.74312	4.74311	4.71246	4.68986	4.68987	4.68987	
10797.8	6.85424e+17	2.78864e+17	1.22032e+17	7.72105e+16	1.54421e+17	2.31631e+17	3.08842e+17	3.86052e+17	4.63263e+17	5.40473e+17	6.17682e+17	6.92075e+17	7.58531e+17	3.34052e+17	8.19258e+15	6.33288e+15	5.53339e+15	2.42142e+15	1.53205e+15	3.06411e+15	4.59616e+15	6.12821e+15	7.66027e+15	9.19232e+15	1.07244e+16	1.22577e+16	1.53591e+16	2.32554e+16	3.08729e+17	4.32588e+17	4.77752	4.74492	4.74492	4.74492	4.74492	4.74492	4.74492	4.74492	4.74492	4.74492	4.74492	4.71379	4.68986	4.68987	4.68987	
11049.3	6.85422e+17	2.78844e+17	1.22023e+17	7.72048e+16	1.5441e+17	2.31615e+17	3.08819e+17	3.86024e+17	4.63229e+17	5.40434e+17	6.17637e+17	6.91848e+17	7.58531e+17	3.34047e+17	8.19245e+15	6.33409e+15	5.54624e+15	2.42705e+15	1.53561e+15	3.07123e+15	4.60684e+15	6.14245e+15	7.67807e+15	9.21368e+15	1.07493e+16	1.22861e+16	1.55024e+16	2.32554e+16	3.08732e+17	4.32588e+17	4.77769	4.74667	4.74667	4.74667	4.74667	4.74667	4.74667	4.74667	4.74667	4.74667	4.74667	4.71514	4.68986	4.68987	4.68987	
11303.3	6.85421e+17	2.78824e+17	1.22014e+17	7.71993e+16	1.54399e+17	2.31598e+17	3.08797e+17	3.85997e+17	4.63196e+17	5.40395e+17	6.17593e+17	6.91616e+17	7.58532e+17	3.34041e+17	8.19232e+15	6.33512e+15	5.55881e+15	2.43255e+15	1.53909e+15	3.07819e+15	4.61728e+15	6.15637e+15	7.69546e+15	9.23455e+15	1.07736e+16	1.23139e+16	1.56485e+16	2.32555e+16	3.08734e+17	4.32588e+17	4.77786	4.74839	4.74839	4.74839	4.74839	4.74839	4.74839	4.74839	4.74839	4.74839	4.74838	4.71652	4.68986	4.68987	4.68987	
11554.3	6.85419e+17	2.78805e+17	1.22006e+17	7.71941e+16	1.54388e+17	2.31582e+17	3.08776e+17	3.8597e+17	4.63165e+17	5.40359e+17	6.17551e+17	6.91386e+17	7.58533e+17	3.34036e+17	8.19217e+15	6.33597e+15	5.5708e+15	2.43779e+15	1.54241e+15	3.08483e+15	4.62724e+15	6.16965e+15	7.71206e+15	9.25447e+15	1.07969e+16	1.23404e+16	1.5794e+16	2.32557e+16	3.08737e+17	4.32588e+17	4.77802	4.75002	4.75002	4.75002	4.75002	4.75002	4.75002	4.75002	4.75002	4.75002	4.75001	4.7179	4.68986	4.68987	4.68987	
11805	6.85418e+17	2.78787e+17	1.21998e+17	7.7189e+16	1.54378e+17	2.31567e+17	3.08756e+17	3.85945e+17	4.63134e+17	5.40323e+17	6.17511e+17	6.91155e+17	7.58534e+17	3.3403e+17	8.19202e+15	6.33669e+15	5.58234e+15	2.44285e+15	1.54561e+15	3.09122e+15	4.63683e+15	6.18243e+15	7.72804e+15	9.27365e+15	1.08193e+16	1.23659e+16	1.59399e+16	2.32558e+16	3.0874e+17	4.32588e+17	4.77816	4.75159	4.75159	4.75159	4.75159	4.75159	4.75159	4.75159	4.75159	4.75159	4.75158	4.71928	4.68986	4.68987	4.68987	
12055.7	6.85417e+17	2.78769e+17	1.2199e+17	7.71842e+16	1.54368e+17	2.31553e+17	3.08737e+17	3.85921e+17	4.63105e+17	5.40289e+17	6.17472e+17	6.90923e+17	7.58534e+17	3.34023e+17	8.19185e+15	6.33729e+15	5.59345e+15	2.44771e+15	1.54868e+15	3.09737e+15	4.64605e+15	6.19473e+15	7.74342e+15	9.2921e+15	1.08408e+16	1.23905e+16	1.60863e+16	2.32559e+16	3.08743e+17	4.32588e+17	4.7783	4.7531	4.7531	4.7531	4.7531	4.7531	4.7531	4.7531	4.7531	4.7531	4.7531	4.72067	4.68986	4.68987	4.68987	
12307.1	6.85417e+17	2.78752e+17	1.21983e+17	7.71795e+16	1.54359e+17	2.31538e+17	3.08718e+17	3.85897e+17	4.63077e+17	5.40256e+17	6.17434e+17	6.90689e+17	7.58535e+17	3.34016e+17	8.19168e+15	6.3378e+15	5.60415e+15	2.45239e+15	1.55165e+15	3.10329e+15	4.65494e+15	6.20659e+15	7.75823e+15	9.30988e+15	1.08615e+16	1.24142e+16	1.62335e+16	2.32561e+16	3.08746e+17	4.32588e+17	4.77844	4.75456	4.75456	4.75456	4.75456	4.75456	4.75456	4.75456	4.75456	4.75456	4.75455	4.72206	4.68986	4.68987	4.68987	
12561.2	6.85416e+17	2.78736e+17	1.21976e+17	7.7175e+16	1.5435e+17	2.31525e+17	3.087e+17	3.85875e+17	4.6305e+17	5.40225e+17	6.17398e+17	6.90454e+17	7.58535e+17	3.34009e+17	8.19149e+15	6.33824e+15	5.61451e+15	2.45693e+15	1.55452e+15	3.10903e+15	4.66355e+15	6.21807e+15	7.77258e+15	9.3271e+15	1.08816e+16	1.24371e+16	1.63822e+16	2.32563e+16	3.08749e+17	4.32588e+17	4.77858	4.75597	4.75597	4.75597	4.75597	4.75597	4.75597	4.75597	4.75597	4.75597	4.75597	4.72347	4.68987	4.68987	4.68987	
12812.2	6.85415e+17	2.7872e+17	1.21969e+17	7.71707e+16	1.54341e+17	2.31512e+17	3.08683e+17	3.85853e+17	4.63024e+17	5.40195e+17	6.17364e+17	6.90221e+17	7.58535e+17	3.34002e+17	8.1913e+15	6.3386e+15	5.62432e+15	2.46122e+15	1.55723e+15	3.11446e+15	4.67169e+15	6.22892e+15	7.78615e+15	9.34338e+15	1.09006e+16	1.24587e+16	1.65289e+16	2.32565e+16	3.08753e+17	4.32588e+17	4.77871	4.75731	4.75731	4.75731	4.75731	4.75731	4.75731	4.75731	4.75731	4.75731	4.7573	4.72486	4.68987	4.68987	4.68987	
13062.9	6.85415e+17	2.78706e+17	1.21962e+17	7.71666e+16	1.54333e+17	2.315e+17	3.08666e+17	3.85833e+17	4.62999e+17	5.40166e+17	6.17331e+17	6.89989e+17	7.58536e+17	3.33994e+17	8.19109e+15	6.3389e+15	5.63368e+15	2.46531e+15	1.55982e+15	3.11964e+15	4.67947e+15	6.23929e+15	7.79911e+15	9.35893e+15	1.09188e+16	1.24794e+16	1.6675e+16	2.32568e+16	3.08757e+17	4.32588e+17	4.77885	4.75858	4.75858	4.75858	4.75858	4.75858	4.75858	4.75858	4.75858	4.75858	4.75858	4.72625	4.68987	4.68987	4.68987	
13313.5	6.85414e+17	2.78692e+17	1.21956e+17	7.71627e+16	1.54325e+17	2.31488e+17	3.08651e+17	3.85813e+17	4.62976e+17	5.40139e+17	6.173e+17	6.89759e+17	7.58536e+17	3.33986e+17	8.19088e+15	6.33916e+15	5.64261e+15	2.46922e+15	1.56229e+15	3.12459e+15	4.68688e+15	6.24918e+15	7.81147e+15	9.37377e+15	1.09361e+16	1.24992e+16	1.68204e+16	2.32571e+16	3.0876e+17	4.32588e+17	4.77898	4.7598	4.7598	4.7598	4.7598	4.7598	4.7598	4.7598	4.7598	4.7598	4.7598	4.72763	4.68987	4.68987	4.68987	
13565	6.85414e+17	2.78678e+17	1.2195e+17	7.71589e+16	1.54318e+17	2.31477e+17	3.08636e+17	3.85795e+17	4.62954e+17	5.40112e+17	6.1727e+17	6.89529e+17	7.58536e+17	3.33977e+17	8.19065e+15	6.33938e+15	5.65115e+15	2.47296e+15	1.56466e+15	3.12932e+15	4.69398e+15	6.25864e+15	7.8233e+15	9.38795e+15	1.09526e+16	1.25181e+16	1.69654e+16	2.32575e+16	3.08764e+17	4.32588e+17	4.77911	4.76097	4.76097	4.76097	4.76097	4.76097	4.76097	4.76097	4.76097	4.76097	4.76097	4.729	4.68987	4.68987	4.68987	
13819	6.85414e+17	2.78665e+17	1.21945e+17	7.71553e+16	1.54311e+17	2.31466e+17	3.08621e+17	3.85777e+17	4.62932e+17	5.40087e+17	6.17241e+17	6.89298e+17	7.58536e+17	3.33968e+17	8.19041e+15	6.33958e+15	5.65935e+15	2.47655e+15	1.56693e+15	3.13386e+15	4.7008e+15	6.26773e+15	7.83466e+15	9.40159e+15	1.09685e+16	1.25362e+16	1.71109e+16	2.32579e+16	3.08769e+17	4.32588e+17	4.77925	4.7621	4.7621	4.7621	4.7621	4.7621	4.7621	4.7621	4.7621	4.7621	4.7621	4.73039	4.68987	4.68987	4.68987	
14070	6.85413e+17	2.78653e+17	1.21939e+17	7.7152e+16	1.54304e+17	2.31456e+17	3.08608e+17	3.8576e+17	4.62912e+17	5.40064e+17	6.17215e+17	6.89072e+17	7.58535e+17	3.33959e+17	8.19015e+15	6.33974e+15	5.66706e+15	2.47992e+15	1.56907e+15	3.13813e+15	4.7072e+15	6.27626e+15	7.84533e+15	9.4144e+15	1.09835e+16	1.25532e+16	1.72535e+16	2.32583e+16	3.08773e+17	4.32588e+17	4.77939	4.76316	4.76316	4.76316	4.76316	4.76316	4.76316	4.76316	4.76316	4.76316	4.76316	4.73174	4.68987	4.68987	4.68987	
14320.7	6.85413e+17	2.78641e+17	1.21934e+17	7.71488e+16	1.54298e+17	2.31446e+17	3.08595e+17	3.85744e+17	4.62893e+17	5.40041e+17	6.17189e+17	6.88848e+17	7.58535e+17	3.33949e+17	8.18989e+15	6.33988e+15	5.67437e+15	2.48312e+15	1.57109e+15	3.14218e+15	4.71327e+15	6.28436e+15	7.85545e+15	9.42653e+15	1.09976e+16	1.25694e+16	1.73945e+16	2.32588e+16	3.08778e+17	4.32588e+17	4.77953	4.76417	4.76417	4.76417	4.76417	4.76417	4.76417	4.76417	4.76417	4.76417	4.76417	4.73309	4.68987	4.68987	4.68987	
14571.3	6.85413e+17	2.7863e+17	1.21929e+17	7.71457e+16	1.54291e+17	2.31437e+17	3.08583e+17	3.85729e+17	4.62874e+17	5.4002e+17	6.17165e+17	6.88627e+17	7.58535e+17	3.33939e+17	8.18961e+15	6.34e+15	5.6813e+15	2.48615e+15	1.57301e+15	3.14601e+15	4.71902e+15	6.29203e+15	7.86503e+15	9.43804e+15	1.1011e+16	1.25847e+16	1.7534e+16	2.32594e+16	3.08782e+17	4.32588e+17	4.77967	4.76513	4.76513	4.76513	4.76513	4.76513	4.76513	4.76513	4.76513	4.76513	4.76513	4.73441	4.68987	4.68987	4.68987	
14822.8	6.85413e+17	2.7862e+17	1.21925e+17	7.71428e+16	1.54286e+17	2.31429e+17	3.08571e+17	3.85714e+17	4.62857e+17	5.4e+17	6.17142e+17	6.88407e+17	7.58534e+17	3.33928e+17	8.18932e+15	6.34011e+15	5.68788e+15	2.48903e+15	1.57483e+15	3.14966e+15	4.72449e+15	6.29932e+15	7.87415e+15	9.44898e+15	1.10238e+16	1.25992e+16	1.76724e+16	2.32601e+16	3.08787e+17	4.32588e+17	4.77981	4.76605	4.76605	4.76605	4.76605	4.76605	4.76605	4.76605	4.76605	4.76605	4.76604	4.73573	4.68987	4.68987	4.68987	
15076.8	6.85413e+17	2.7861e+17	1.2192e+17	7.71401e+16	1.5428e+17	2.3142e+17	3.0856e+17	3.857e+17	4.62841e+17	5.39981e+17	6.1712e+17	6.88188e+17	7.58533e+17	3.33917e+17	8.18901e+15	6.34021e+15	5.69416e+15	2.49178e+15	1.57657e+15	3.15314e+15	4.72971e+15	6.30628e+15	7.88285e+15	9.45942e+15	1.1036e+16	1.26131e+16	1.78103e+16	2.32608e+16	3.08792e+17	4.32588e+17	4.77996	4.76693	4.76693	4.76693	4.76693	4.76693	4.76693	4.76693	4.76693	4.76693	4.76693	4.73705	4.68987	4.68987	4.68987	
15327.9	6.85412e+17	2.78601e+17	1.21916e+17	7.71375e+16	1.54275e+17	2.31413e+17	3.0855e+17	3.85688e+17	4.62825e+17	5.39963e+17	6.17099e+17	6.87975e+17	7.58532e+17	3.33905e+17	8.18869e+15	6.34029e+15	5.70003e+15	2.49435e+15	1.57819e+15	3.15639e+15	4.73458e+15	6.31278e+15	7.89097e+15	9.46917e+15	1.10474e+16	1.26261e+16	1.79448e+16	2.32616e+16	3.08798e+17	4.32588e+17	4.7801	4.76775	4.76775	4.76775	4.76775	4.76775	4.76775	4.76775	4.76775	4.76775	4.76775	4.73833	4.68987	4.68987	4.68987	
15578.6	6.85412e+17	2.78592e+17	1.21913e+17	7.71351e+16	1.5427e+17	2.31405e+17	3.0854e+17	3.85675e+17	4.62811e+17	5.39946e+17	6.1708e+17	6.87765e+17	7.58531e+17	3.33893e+17	8.18836e+15	6.34037e+15	5.70556e+15	2.49677e+15	1.57973e+15	3.15945e+15	4.73918e+15	6.3189e+15	7.89863e+15	9.47836e+15	1.10581e+16	1.26383e+16	1.80771e+16	2.32625e+16	3.08803e+17	4.32588e+17	4.78025	4.76854	4.76854	4.76854	4.76854	4.76854	4.76854	4.76854	4.76854	4.76854	4.76854	4.73959	4.68987	4.68987	4.68987	
15829.2	6.85412e+17	2.78584e+17	1.21909e+17	7.71328e+16	1.54266e+17	2.31398e+17	3.08531e+17	3.85664e+17	4.62797e+17	5.3993e+17	6.17062e+17	6.87559e+17	7.5853e+17	3.3388e+17	8.18802e+15	6.34044e+15	5.71078e+15	2.49905e+15	1.58117e+15	3.16234e+15	4.74351e+15	6.32468e+15	7.90585e+15	9.48702e+15	1.10682e+16	1.26498e+16	1.82073e+16	2.32636e+16	3.08809e+17	4.32588e+17	4.7804	4.76929	4.76929	4.76929	4.76929	4.76929	4.76929	4.76929	4.76929	4.76929	4.76928	4.74083	4.68987	4.68987	4.68987	
16080.7	6.85412e+17	2.78576e+17	1.21906e+17	7.71307e+16	1.54261e+17	2.31392e+17	3.08523e+17	3.85653e+17	4.62784e+17	5.39915e+17	6.17045e+17	6.87355e+17	7.58529e+17	3.33867e+17	8.18765e+15	6.3405e+15	5.71571e+15	2.50121e+15	1.58253e+15	3.16507e+15	4.7476e+15	6.33014e+15	7.91267e+15	9.49521e+15	1.10777e+16	1.26607e+16	1.83358e+16	2.32647e+16	3.08815e+17	4.32588e+17	4.78055	4.77	4.77	4.77	4.77	4.77	4.77	4.77	4.77	4.77	4.76999	4.74206	4.68987	4.68987	4.68987	
16334.7	6.85412e+17	2.78569e+17	1.21902e+17	7.71286e+16	1.54257e+17	2.31386e+17	3.08514e+17	3.85643e+17	4.62772e+17	5.399e+17	6.17028e+17	6.87152e+17	7.58527e+17	3.33853e+17	8.18727e+15	6.34056e+15	5.72039e+15	2.50326e+15	1.58383e+15	3.16766e+15	4.75149e+15	6.33532e+15	7.91916e+15	9.50299e+15	1.10868e+16	1.26711e+16	1.84633e+16	2.3266e+16	3.08822e+17	4.32587e+17	4.78071	4.77068	4.77068	4.77068	4.77068	4.77068	4.77068	4.77068	4.77068	4.77068	4.77068	4.74328	4.68987	4.68987	4.68987	
16585.7	6.85412e+17	2.78562e+17	1.21899e+17	7.71267e+16	1.54253e+17	2.3138e+17	3.08507e+17	3.85634e+17	4.6276e+17	5.39887e+17	6.17013e+17	6.86956e+17	7.58525e+17	3.33839e+17	8.18688e+15	6.34061e+15	5.72474e+15	2.50516e+15	1.58504e+15	3.17007e+15	4.75511e+15	6.34014e+15	7.92518e+15	9.51021e+15	1.10952e+16	1.26807e+16	1.85871e+16	2.32674e+16	3.08828e+17	4.32587e+17	4.78087	4.77132	4.77132	4.77132	4.77132	4.77132	4.77132	4.77132	4.77132	4.77132	4.77132	4.74447	4.68987	4.68988	4.68987	
16836.4	6.85412e+17	2.78555e+17	1.21897e+17	7.71249e+16	1.5425e+17	2.31375e+17	3.085e+17	3.85625e+17	4.62749e+17	5.39874e+17	6.16999e+17	6.86763e+17	7.58523e+17	3.33825e+17	8.18647e+15	6.34066e+15	5.72882e+15	2.50695e+15	1.58616e+15	3.17233e+15	4.75849e+15	6.34466e+15	7.93082e+15	9.51699e+15	1.11032e+16	1.26897e+16	1.87083e+16	2.32689e+16	3.08835e+17	4.32587e+17	4.78102	4.77193	4.77193	4.77193	4.77193	4.77193	4.77193	4.77193	4.77193	4.77193	4.77192	4.74563	4.68987	4.68988	4.68987	
17087	6.85412e+17	2.78549e+17	1.21894e+17	7.71232e+16	1.54246e+17	2.3137e+17	3.08493e+17	3.85616e+17	4.62739e+17	5.39863e+17	6.16985e+17	6.86574e+17	7.5852e+17	3.3381e+17	8.18604e+15	6.34071e+15	5.73265e+15	2.50862e+15	1.58722e+15	3.17445e+15	4.76168e+15	6.3489e+15	7.93612e+15	9.52335e+15	1.11106e+16	1.26981e+16	1.88271e+16	2.32705e+16	3.08842e+17	4.32587e+17	4.78118	4.7725	4.7725	4.7725	4.7725	4.7725	4.7725	4.7725	4.7725	4.7725	4.7725	4.74677	4.68987	4.68988	4.68987	
17338.5	6.85412e+17	2.78544e+17	1.21891e+17	7.71217e+16	1.54243e+17	2.31365e+17	3.08487e+17	3.85608e+17	4.6273e+17	5.39852e+17	6.16973e+17	6.86389e+17	7.58518e+17	3.33794e+17	8.1856e+15	6.34076e+15	5.73625e+15	2.5102e+15	1.58822e+15	3.17644e+15	4.76467e+15	6.35289e+15	7.94111e+15	9.52933e+15	1.11176e+16	1.27061e+16	1.8944e+16	2.32724e+16	3.08849e+17	4.32587e+17	4.78134	4.77305	4.77305	4.77305	4.77305	4.77305	4.77305	4.77305	4.77305	4.77305	4.77305	4.74789	4.68987	4.68988	4.68987	
17592.5	6.85412e+17	2.78538e+17	1.21889e+17	7.71202e+16	1.5424e+17	2.31361e+17	3.08481e+17	3.85601e+17	4.62721e+17	5.39841e+17	6.16961e+17	6.86206e+17	7.58515e+17	3.33777e+17	8.18513e+15	6.3408e+15	5.73966e+15	2.51169e+15	1.58917e+15	3.17833e+15	4.7675e+15	6.35666e+15	7.94583e+15	9.535e+15	1.11242e+16	1.27136e+16	1.90595e+16	2.32744e+16	3.08857e+17	4.32587e+17	4.7815	4.77358	4.77358	4.77358	4.77358	4.77358	4.77358	4.77358	4.77358	4.77358	4.77358	4.74899	4.68987	4.68988	4.68987	
17843.6	6.85412e+17	2.78533e+17	1.21887e+17	7.71188e+16	1.54238e+17	2.31356e+17	3.08475e+17	3.85594e+17	4.62713e+17	5.39832e+17	6.1695e+17	6.86028e+17	7.58511e+17	3.3376e+17	8.18466e+15	6.34084e+15	5.74281e+15	2.51307e+15	1.59004e+15	3.18008e+15	4.77012e+15	6.36015e+15	7.95019e+15	9.54023e+15	1.11303e+16	1.27206e+16	1.91712e+16	2.32766e+16	3.08865e+17	4.32587e+17	4.78166	4.77408	4.77408	4.77408	4.77408	4.77408	4.77408	4.77408	4.77408	4.77408	4.77408	4.75007	4.68987	4.68988	4.68987	
18094.3	6.85411e+17	2.78528e+17	1.21885e+17	7.71175e+16	1.54235e+17	2.31352e+17	3.0847e+17	3.85587e+17	4.62705e+17	5.39822e+17	6.1694e+17	6.85855e+17	7.58508e+17	3.33743e+17	8.18416e+15	6.34088e+15	5.74575e+15	2.51436e+15	1.59085e+15	3.18171e+15	4.77256e+15	6.36342e+15	7.95427e+15	9.54512e+15	1.1136e+16	1.27271e+16	1.92802e+16	2.32789e+16	3.08873e+17	4.32587e+17	4.78182	4.77455	4.77455	4.77455	4.77455	4.77455	4.77455	4.77455	4.77455	4.77455	4.77455	4.75112	4.68988	4.68988	4.68987	
18344.9	6.85411e+17	2.78524e+17	1.21883e+17	7.71163e+16	1.54233e+17	2.31349e+17	3.08465e+17	3.85581e+17	4.62698e+17	5.39814e+17	6.1693e+17	6.85686e+17	7.58504e+17	3.33725e+17	8.18365e+15	6.34092e+15	5.74851e+15	2.51556e+15	1.59162e+15	3.18323e+15	4.77485e+15	6.36647e+15	7.95808e+15	9.5497e+15	1.11413e+16	1.27332e+16	1.93867e+16	2.32815e+16	3.08881e+17	4.32587e+17	4.78198	4.775	4.775	4.775	4.775	4.775	4.775	4.775	4.775	4.775	4.775	4.75214	4.68988	4.68988	4.68987	
18596.4	6.85411e+17	2.7852e+17	1.21881e+17	7.71152e+16	1.5423e+17	2.31345e+17	3.08461e+17	3.85576e+17	4.62691e+17	5.39806e+17	6.16921e+17	6.8552e+17	7.585e+17	3.33706e+17	8.18311e+15	6.34095e+15	5.75109e+15	2.51669e+15	1.59233e+15	3.18466e+15	4.77699e+15	6.36932e+15	7.96165e+15	9.55398e+15	1.11463e+16	1.27389e+16	1.94911e+16	2.32843e+16	3.0889e+17	4.32587e+17	4.78215	4.77544	4.77544	4.77544	4.77544	4.77544	4.77544	4.77544	4.77544	4.77544	4.77544	4.75315	4.68988	4.68988	4.68987	
18850.4	6.85411e+17	2.78516e+17	1.21879e+17	7.71141e+16	1.54228e+17	2.31342e+17	3.08456e+17	3.8557e+17	4.62685e+17	5.39799e+17	6.16912e+17	6.85356e+17	7.58495e+17	3.33687e+17	8.18256e+15	6.34099e+15	5.75352e+15	2.51776e+15	1.593e+15	3.18601e+15	4.77901e+15	6.37202e+15	7.96502e+15	9.55803e+15	1.1151e+16	1.27442e+16	1.95941e+16	2.32873e+16	3.08899e+17	4.32587e+17	4.78231	4.77585	4.77585	4.77585	4.77585	4.77585	4.77585	4.77585	4.77585	4.77585	4.77585	4.75414	4.68988	4.68988	4.68987	
19101.4	6.85411e+17	2.78513e+17	1.21878e+17	7.71131e+16	1.54226e+17	2.31339e+17	3.08452e+17	3.85566e+17	4.62679e+17	5.39792e+17	6.16905e+17	6.85199e+17	7.5849e+17	3.33667e+17	8.18199e+15	6.34102e+15	5.75576e+15	2.51874e+15	1.59362e+15	3.18725e+15	4.78087e+15	6.3745e+15	7.96812e+15	9.56175e+15	1.11554e+16	1.27492e+16	1.96933e+16	2.32906e+16	3.08908e+17	4.32587e+17	4.78247	4.77625	4.77625	4.77625	4.77625	4.77625	4.77625	4.77625	4.77625	4.77625	4.77624	4.7551	4.68988	4.68988	4.68987	
19352.1	6.85411e+17	2.78509e+17	1.21876e+17	7.71122e+16	1.54224e+17	2.31337e+17	3.08449e+17	3.85561e+17	4.62673e+17	5.39785e+17	6.16897e+17	6.85045e+17	7.58485e+17	3.33647e+17	8.1814e+15	6.34106e+15	5.75785e+15	2.51965e+15	1.5942e+15	3.18841e+15	4.78261e+15	6.37681e+15	7.97101e+15	9.56522e+15	1.11594e+16	1.27538e+16	1.97899e+16	2.32941e+16	3.08917e+17	4.32587e+17	4.78264	4.77662	4.77662	4.77662	4.77662	4.77662	4.77662	4.77662	4.77662	4.77662	4.77662	4.75603	4.68988	4.68988	4.68987	
19602.7	6.85411e+17	2.78506e+17	1.21875e+17	7.71114e+16	1.54223e+17	2.31334e+17	3.08445e+17	3.85557e+17	4.62668e+17	5.39779e+17	6.16891e+17	6.84896e+17	7.58479e+17	3.33626e+17	8.18079e+15	6.34109e+15	5.75979e+15	2.5205e+15	1.59474e+15	3.18948e+15	4.78422e+15	6.37896e+15	7.97371e+15	9.56845e+15	1.11632e+16	1.27581e+16	1.9884e+16	2.32978e+16	3.08927e+17	4.32587e+17	4.7828	4.77698	4.77698	4.77698	4.77698	4.77698	4.77698	4.77698	4.77698	4.77698	4.77698	4.75694	4.68988	4.68988	4.68987	
19854.2	6.85411e+17	2.78503e+17	1.21874e+17	7.71106e+16	1.54221e+17	2.31332e+17	3.08442e+17	3.85553e+17	4.62663e+17	5.39774e+17	6.16884e+17	6.84749e+17	7.58473e+17	3.33604e+17	8.18016e+15	6.34112e+15	5.76161e+15	2.5213e+15	1.59524e+15	3.19049e+15	4.78573e+15	6.38098e+15	7.97622e+15	9.57147e+15	1.11667e+16	1.27621e+16	1.99761e+16	2.33018e+16	3.08937e+17	4.32587e+17	4.78296	4.77733	4.77733	4.77733	4.77733	4.77733	4.77733	4.77733	4.77733	4.77733	4.77733	4.75783	4.68989	4.68988	4.68987	
20105.4	6.85412e+17	2.78501e+17	1.21873e+17	7.71099e+16	1.5422e+17	2.3133e+17	3.08439e+17	3.85549e+17	4.62659e+17	5.39769e+17	6.16879e+17	6.84629e+17	7.58489e+17	3.33578e+17	8.17951e+15	6.34116e+15	5.7633e+15	2.52204e+15	1.59571e+15	3.19143e+15	4.78714e+15	6.38285e+15	7.97856e+15	9.57428e+15	1.117e+16	1.27659e+16	2.00667e+16	2.33071e+16	3.08944e+17	4.32587e+17	4.78313	4.77766	4.77766	4.77766	4.77766	4.77766	4.77766	4.77766	4.77766	4.77766	4.77766	4.7587	4.68989	4.68989	4.68987	
20355.6	6.85416e+17	2.78499e+17	1.21872e+17	7.71094e+16	1.54219e+17	2.31328e+17	3.08438e+17	3.85547e+17	4.62656e+17	5.39766e+17	6.1668e+17	6.84148e+17	7.58184e+17	3.33576e+17	8.17884e+15	6.34123e+15	5.76489e+15	2.52273e+15	1.59615e+15	3.1923e+15	4.78845e+15	6.38461e+15	7.98076e+15	9.57691e+15	1.11731e+16	1.27651e+16	2.01309e+16	2.33008e+16	3.08978e+17	4.32587e+17	4.78326	4.77798	4.77798	4.77798	4.77798	4.77798	4.77798	4.77798	4.77798	4.77798	4.77796	4.75943	4.68989	4.68989	4.68987	
20606	6.85418e+17	2.78497e+17	1.21871e+17	7.71088e+16	1.54218e+17	2.31327e+17	3.08435e+17	3.85544e+17	4.62653e+17	5.39698e+17	6.16457e+17	6.83379e+17	7.57919e+17	3.33537e+17	8.17815e+15	6.34127e+15	5.76635e+15	2.52337e+15	1.59656e+15	3.19312e+15	4.78967e+15	6.38623e+15	7.98279e+15	9.57935e+15	1.11745e+16	1.27627e+16	2.00806e+16	2.32898e+16	3.09009e+17	4.32586e+17	4.78274	4.77827	4.77827	4.77827	4.77827	4.77827	4.77827	4.77827	4.77827	4.77826	4.77815	4.75917	4.68989	4.68989	4.68987	
20858.2	6.85419e+17	2.78495e+17	1.2187e+17	7.71083e+16	1.54217e+17	2.31325e+17	3.08433e+17	3.85542e+17	4.6265e+17	5.39549e+17	6.16159e+17	6.82487e+17	7.58652e+17	3.33481e+17	8.17743e+15	6.34129e+15	5.76773e+15	2.52397e+15	1.59694e+15	3.19388e+15	4.79081e+15	6.38775e+15	7.98469e+15	9.58163e+15	1.11736e+16	1.27575e+16	1.98203e+16	2.33201e+16	3.09029e+17	4.32586e+17	4.77949	4.77846	4.77846	4.77846	4.77846	4.77846	4.77846	4.77846	4.77846	4.77843	4.77823	4.75701	4.68989	4.68989	4.68987	
21109.8	6.85421e+17	2.78494e+17	1.2187e+17	7.71078e+16	1.54216e+17	2.31324e+17	3.08431e+17	3.85539e+17	4.62647e+17	5.39494e+17	6.15898e+17	6.81998e+17	7.58552e+17	3.33414e+17	8.17669e+15	6.34127e+15	5.769e+15	2.52453e+15	1.59729e+15	3.19458e+15	4.79187e+15	6.38916e+15	7.98645e+15	9.58374e+15	1.11742e+16	1.27518e+16	1.93095e+16	2.33396e+16	3.09024e+17	4.32586e+17	4.77048	4.77844	4.77844	4.77844	4.77844	4.77844	4.77844	4.77844	4.77844	4.77849	4.77821	4.75241	4.6899	4.68989	4.68987	
21361.2	6.85423e+17	2.78492e+17	1.21869e+17	7.71074e+16	1.54215e+17	2.31322e+17	3.0843e+17	3.85537e+17	4.62636e+17	5.39461e+17	6.15703e+17	6.82365e+17	7.58445e+17	3.33387e+17	8.17593e+15	6.34118e+15	5.77018e+15	2.52504e+15	1.59762e+15	3.19523e+15	4.79285e+15	6.39046e+15	7.98808e+15	9.58552e+15	1.11751e+16	1.27456e+16	1.86292e+16	2.33526e+16	3.09037e+17	4.32586e+17	4.7526	4.778	4.778	4.778	4.778	4.778	4.778	4.778	4.778	4.77843	4.77806	4.74602	4.68991	4.68989	4.68987	
21613.5	6.85425e+17	2.78491e+17	1.21868e+17	7.7107e+16	1.54214e+17	2.31321e+17	3.08428e+17	3.85535e+17	4.626e+17	5.39408e+17	6.15591e+17	6.83364e+17	7.58395e+17	3.33359e+17	8.17514e+15	6.34097e+15	5.77127e+15	2.52552e+15	1.59792e+15	3.19584e+15	4.79376e+15	6.39167e+15	7.98959e+15	9.58656e+15	1.11754e+16	1.27398e+16	1.79068e+16	2.33627e+16	3.0905e+17	4.32586e+17	4.72313	4.77689	4.77689	4.77689	4.77689	4.77689	4.77689	4.77689	4.77696	4.77824	4.77781	4.7391	4.68991	4.68989	4.68987	
21863.7	6.85428e+17	2.78489e+17	1.21868e+17	7.71067e+16	1.54213e+17	2.3132e+17	3.08427e+17	3.85533e+17	4.6258e+17	5.39378e+17	6.15525e+17	6.84588e+17	7.58368e+17	3.3333e+17	8.17434e+15	6.3406e+15	5.77227e+15	2.52596e+15	1.59819e+15	3.19639e+15	4.79458e+15	6.39278e+15	7.99097e+15	9.5877e+15	1.1176e+16	1.2734e+16	1.72396e+16	2.33716e+16	3.09063e+17	4.32586e+17	4.68061	4.77486	4.77486	4.77486	4.77486	4.77486	4.77486	4.77486	4.77519	4.77792	4.7775	4.73266	4.68991	4.6899	4.68987	
22115.5	6.8543e+17	2.78488e+17	1.21867e+17	7.71064e+16	1.54213e+17	2.31319e+17	3.08426e+17	3.85532e+17	4.62563e+17	5.39353e+17	6.1547e+17	6.85838e+17	7.5833e+17	3.333e+17	8.17351e+15	6.34003e+15	5.77319e+15	2.52636e+15	1.59845e+15	3.1969e+15	4.79535e+15	6.3938e+15	7.99225e+15	9.58879e+15	1.11768e+16	1.27275e+16	1.66587e+16	2.33797e+16	3.09077e+17	4.32586e+17	4.62339	4.77154	4.77154	4.77154	4.77154	4.77154	4.77154	4.77154	4.77248	4.77748	4.77713	4.72703	4.68992	4.6899	4.68987	
22366	6.85433e+17	2.78487e+17	1.21867e+17	7.71061e+16	1.54212e+17	2.31318e+17	3.08424e+17	3.85531e+17	4.62547e+17	5.39328e+17	6.15409e+17	6.87028e+17	7.58314e+17	3.3327e+17	8.17266e+15	6.33923e+15	5.77401e+15	2.52672e+15	1.59868e+15	3.19736e+15	4.79604e+15	6.39472e+15	7.99339e+15	9.58977e+15	1.11775e+16	1.27201e+16	1.61842e+16	2.33846e+16	3.09091e+17	4.32586e+17	4.55168	4.76664	4.76664	4.76664	4.76664	4.76664	4.76664	4.76664	4.7687	4.77691	4.7767	4.72242	4.68992	4.6899	4.68987	
22617.6	6.85437e+17	2.78487e+17	1.21866e+17	7.71059e+16	1.54212e+17	2.31318e+17	3.08424e+17	3.85529e+17	4.6253e+17	5.39299e+17	6.15334e+17	6.88178e+17	7.58305e+17	3.33239e+17	8.17178e+15	6.33816e+15	5.77476e+15	2.52705e+15	1.59889e+15	3.19777e+15	4.79666e+15	6.39554e+15	7.99443e+15	9.59067e+15	1.11782e+16	1.27111e+16	1.58148e+16	2.33898e+16	3.09105e+17	4.32586e+17	4.4649	4.75975	4.75975	4.75975	4.75975	4.75975	4.75975	4.75975	4.7637	4.77623	4.7762	4.71879	4.68992	4.6899	4.68987	
22868.1	6.85441e+17	2.78486e+17	1.21866e+17	7.71057e+16	1.54211e+17	2.31317e+17	3.08423e+17	3.85529e+17	4.62512e+17	5.39265e+17	6.15233e+17	6.89339e+17	7.58297e+17	3.33208e+17	8.17089e+15	6.33681e+15	5.77542e+15	2.52734e+15	1.59907e+15	3.19814e+15	4.7972e+15	6.39627e+15	7.99534e+15	9.59151e+15	1.11788e+16	1.27002e+16	1.5558e+16	2.33953e+16	3.0912e+17	4.32586e+17	4.36442	4.75057	4.75057	4.75057	4.75057	4.75057	4.75057	4.75057	4.75744	4.77547	4.7756	4.7162	4.68992	4.6899	4.68987	
23119	6.85446e+17	2.78485e+17	1.21866e+17	7.71056e+16	1.54211e+17	2.31317e+17	3.08422e+17	3.85528e+17	4.62489e+17	5.39221e+17	6.15079e+17	6.91105e+17	7.58288e+17	3.33175e+17	8.16996e+15	6.33515e+15	5.77599e+15	2.52759e+15	1.59922e+15	3.19845e+15	4.79768e+15	6.3969e+15	7.99613e+15	9.59234e+15	1.11792e+16	1.26859e+16	1.54524e+16	2.34009e+16	3.09135e+17	4.32585e+17	4.25041	4.73868	4.73868	4.73868	4.73868	4.73868	4.73868	4.73868	4.74987	4.7747	4.77486	4.71487	4.68993	4.6899	4.68988	
23370.2	6.85451e+17	2.78485e+17	1.21866e+17	7.71054e+16	1.54211e+17	2.31316e+17	3.08422e+17	3.85527e+17	4.6246e+17	5.39151e+17	6.14794e+17	6.91467e+17	7.58279e+17	3.33142e+17	8.16901e+15	6.33317e+15	5.77646e+15	2.5278e+15	1.59936e+15	3.19871e+15	4.79807e+15	6.39743e+15	7.99678e+15	9.59313e+15	1.11788e+16	1.2665e+16	1.5485e+16	2.34068e+16	3.0915e+17	4.32585e+17	4.12402	4.72373	4.72373	4.72373	4.72373	4.72373	4.72373	4.72373	4.74114	4.77405	4.77387	4.71509	4.68993	4.6899	4.68988	
23621.5	6.85456e+17	2.78485e+17	1.21866e+17	7.71054e+16	1.54211e+17	2.31316e+17	3.08421e+17	3.85527e+17	4.62449e+17	5.39124e+17	6.14735e+17	6.91355e+17	7.5827e+17	3.33108e+17	8.16804e+15	6.33087e+15	5.77684e+15	2.52796e+15	1.59946e+15	3.19892e+15	4.79838e+15	6.39784e+15	7.99731e+15	9.59451e+15	1.1179e+16	1.26444e+16	1.55064e+16	2.34128e+16	3.09166e+17	4.32585e+17	3.98636	4.70536	4.70536	4.70536	4.70536	4.70536	4.70536	4.70536	4.7312	4.77356	4.7726	4.71531	4.68993	4.6899	4.68988	
23873.1	6.85462e+17	2.78484e+17	1.21866e+17	7.71053e+16	1.54211e+17	2.31316e+17	3.08421e+17	3.85527e+17	4.62454e+17	5.39149e+17	6.14938e+17	6.9129e+17	7.5826e+17	3.33073e+17	8.16703e+15	6.32825e+15	5.77712e+15	2.52808e+15	1.59954e+15	3.19908e+15	4.79861e+15	6.39815e+15	7.99769e+15	9.5966e+15	1.11804e+16	1.26283e+16	1.552e+16	2.34191e+16	3.09182e+17	4.32585e+17	3.83879	4.68325	4.68325	4.68325	4.68325	4.68325	4.68325	4.68325	4.71958	4.77303	4.7713	4.71545	4.68993	4.68991	4.68988	
24124.7	6.85468e+17	2.78484e+17	1.21866e+17	7.71053e+16	1.54211e+17	2.31316e+17	3.08421e+17	3.85527e+17	4.62471e+17	5.39199e+17	6.15244e+17	6.91254e+17	7.5825e+17	3.33037e+17	8.166e+15	6.32532e+15	5.77729e+15	2.52816e+15	1.59959e+15	3.19917e+15	4.79876e+15	6.39834e+15	7.99793e+15	9.5995e+15	1.11828e+16	1.26168e+16	1.55298e+16	2.34255e+16	3.09199e+17	4.32585e+17	3.68348	4.65713	4.65713	4.65713	4.65713	4.65713	4.65713	4.65713	4.70568	4.77224	4.77016	4.71554	4.68994	4.68991	4.68988	
24374.7	6.85474e+17	2.78485e+17	1.21866e+17	7.71054e+16	1.54211e+17	2.31316e+17	3.08421e+17	3.85527e+17	4.62497e+17	5.3926e+17	6.15553e+17	6.91231e+17	7.58239e+17	3.33001e+17	8.16496e+15	6.32211e+15	5.77735e+15	2.52818e+15	1.5996e+15	3.1992e+15	4.79881e+15	6.39841e+15	7.99801e+15	9.60347e+15	1.11861e+16	1.26093e+16	1.55377e+16	2.34322e+16	3.09215e+17	4.32585e+17	3.52401	4.62699	4.62699	4.62699	4.62699	4.62699	4.62699	4.62699	4.68888	4.77103	4.76928	4.71562	4.68994	4.68991	4.68988	
24624.8	6.85481e+17	2.78485e+17	1.21866e+17	7.71055e+16	1.54211e+17	2.31316e+17	3.08422e+17	3.85527e+17	4.62533e+17	5.39328e+17	6.15822e+17	6.91212e+17	7.58228e+17	3.32963e+17	8.16388e+15	6.31863e+15	5.77729e+15	2.52816e+15	1.59959e+15	3.19917e+15	4.79876e+15	6.39835e+15	7.99793e+15	9.60902e+15	1.11907e+16	1.26051e+16	1.55444e+16	2.34391e+16	3.09233e+17	4.32585e+17	3.36233	4.59253	4.59253	4.59253	4.59253	4.59253	4.59253	4.59253	4.66813	4.76921	4.76867	4.71568	4.68994	4.68991	4.68988	
24876.5	6.85488e+17	2.78485e+17	1.21866e+17	7.71056e+16	1.54211e+17	2.31317e+17	3.08422e+17	3.85528e+17	4.62581e+17	5.39407e+17	6.1604e+17	6.91196e+17	7.58217e+17	3.32925e+17	8.16277e+15	6.31487e+15	5.77712e+15	2.52808e+15	1.59954e+15	3.19908e+15	4.79862e+15	6.39816e+15	7.9977e+15	9.61695e+15	1.11976e+16	1.26037e+16	1.55503e+16	2.34462e+16	3.0925e+17	4.32585e+17	3.20041	4.55341	4.55341	4.55341	4.55341	4.55341	4.55341	4.55341	4.64185	4.76642	4.76829	4.71574	4.68994	4.68991	4.68988	
25126.5	6.85496e+17	2.78486e+17	1.21866e+17	7.71058e+16	1.54212e+17	2.31317e+17	3.08423e+17	3.85529e+17	4.62585e+17	5.39434e+17	6.16209e+17	6.91181e+17	7.58206e+17	3.32886e+17	8.16164e+15	6.3109e+15	5.77683e+15	2.52795e+15	1.59946e+15	3.19892e+15	4.79837e+15	6.39783e+15	7.99729e+15	9.62674e+15	1.12065e+16	1.26044e+16	1.55551e+16	2.34536e+16	3.09268e+17	4.32584e+17	3.04313	4.51013	4.51013	4.51013	4.51013	4.51013	4.51013	4.51013	4.60961	4.76239	4.76812	4.71578	4.68995	4.68991	4.68988	
25376.7	6.85504e+17	2.78487e+17	1.21867e+17	7.7106e+16	1.54212e+17	2.31318e+17	3.08424e+17	3.8553e+17	4.62566e+17	5.39441e+17	6.1633e+17	6.91167e+17	7.58194e+17	3.32846e+17	8.16049e+15	6.30674e+15	5.77641e+15	2.52777e+15	1.59934e+15	3.19868e+15	4.79802e+15	6.39737e+15	7.99671e+15	9.63886e+15	1.12187e+16	1.26066e+16	1.55587e+16	2.34612e+16	3.09287e+17	4.32584e+17	2.89164	4.46248	4.46248	4.46248	4.46248	4.46248	4.46248	4.46248	4.5729	4.75719	4.76811	4.71582	4.68995	4.68991	4.68988	
25629.2	6.85512e+17	2.78488e+17	1.21867e+17	7.71063e+16	1.54213e+17	2.31319e+17	3.08425e+17	3.85532e+17	4.62543e+17	5.39447e+17	6.16412e+17	6.91153e+17	7.58181e+17	3.32805e+17	8.15929e+15	6.30238e+15	5.77585e+15	2.52753e+15	1.59919e+15	3.19838e+15	4.79756e+15	6.39675e+15	7.99594e+15	9.65397e+15	1.12364e+16	1.26094e+16	1.55608e+16	2.34691e+16	3.09306e+17	4.32584e+17	2.74666	4.41014	4.41014	4.41014	4.41014	4.41014	4.41014	4.41014	4.53143	4.7504	4.76818	4.71584	4.68995	4.68992	4.68988	
25881.1	6.8552e+17	2.78489e+17	1.21868e+17	7.71067e+16	1.54213e+17	2.3132e+17	3.08427e+17	3.85534e+17	4.62515e+17	5.39452e+17	6.16483e+17	6.91069e+17	7.58168e+17	3.32763e+17	8.15807e+15	6.29789e+15	5.77517e+15	2.52723e+15	1.599e+15	3.198e+15	4.79699e+15	6.39599e+15	7.99499e+15	9.67201e+15	1.12617e+16	1.26129e+16	1.55595e+16	2.34772e+16	3.09325e+17	4.32584e+17	2.61123	4.35384	4.35384	4.35384	4.35384	4.35384	4.35384	4.35384	4.48565	4.74155	4.76831	4.71584	4.68995	4.68992	4.68988	
26132.1	6.85528e+17	2.78491e+17	1.21868e+17	7.71071e+16	1.54214e+17	2.31321e+17	3.08428e+17	3.85536e+17	4.62483e+17	5.39458e+17	6.16562e+17	6.91551e+17	7.58155e+17	3.3272e+17	8.15683e+15	6.29331e+15	5.77435e+15	2.52687e+15	1.59877e+15	3.19754e+15	4.79632e+15	6.39509e+15	7.99386e+15	9.69283e+15	1.12984e+16	1.26175e+16	1.53093e+16	2.34856e+16	3.09345e+17	4.32584e+17	2.48622	4.29393	4.29393	4.29393	4.29393	4.29393	4.29393	4.29393	4.43575	4.72984	4.7685	4.71347	4.68996	4.68992	4.68988	
26384.3	6.85537e+17	2.78493e+17	1.21869e+17	7.71076e+16	1.54215e+17	2.31323e+17	3.0843e+17	3.85538e+17	4.62446e+17	5.39452e+17	6.16648e+17	6.91574e+17	7.58141e+17	3.32677e+17	8.15555e+15	6.28864e+15	5.77339e+15	2.52645e+15	1.59851e+15	3.19701e+15	4.79552e+15	6.39403e+15	7.99254e+15	9.7164e+15	1.1352e+16	1.26239e+16	1.5314e+16	2.34944e+16	3.09365e+17	4.32584e+17	2.3709	4.23016	4.23016	4.23016	4.23016	4.23016	4.23016	4.23016	4.38146	4.71386	4.76876	4.71351	4.68996	4.68992	4.68988	
26635.2	6.85545e+17	2.78495e+17	1.2187e+17	7.71081e+16	1.54216e+17	2.31324e+17	3.08433e+17	3.85541e+17	4.62406e+17	5.39368e+17	6.1669e+17	6.91576e+17	7.58123e+17	3.32632e+17	8.15425e+15	6.28396e+15	5.77231e+15	2.52598e+15	1.59821e+15	3.19641e+15	4.79462e+15	6.39283e+15	7.99103e+15	9.74214e+15	1.14253e+16	1.26322e+16	1.53211e+16	2.35029e+16	3.09386e+17	4.32584e+17	2.26643	4.16349	4.16349	4.16349	4.16349	4.16349	4.16349	4.16349	4.32353	4.69278	4.76904	4.71357	4.68996	4.68992	4.68988	
26887.3	6.85554e+17	2.78497e+17	1.21871e+17	7.71087e+16	1.54217e+17	2.31326e+17	3.08435e+17	3.85544e+17	4.62362e+17	5.39225e+17	6.16703e+17	6.91575e+17	7.58101e+17	3.32587e+17	8.15291e+15	6.27923e+15	5.77108e+15	2.52544e+15	1.59787e+15	3.19573e+15	4.7936e+15	6.39147e+15	7.98933e+15	9.76989e+15	1.15167e+16	1.26448e+16	1.53301e+16	2.35093e+16	3.09407e+17	4.32583e+17	2.1714	4.09358	4.09358	4.09358	4.09358	4.09358	4.09358	4.09358	4.26162	4.66725	4.76929	4.71365	4.68996	4.68992	4.68988	
27139.4	6.85562e+17	2.78499e+17	1.21872e+17	7.71094e+16	1.54219e+17	2.31328e+17	3.08438e+17	3.85547e+17	4.62317e+17	5.39054e+17	6.16708e+17	6.91573e+17	7.58082e+17	3.3254e+17	8.15154e+15	6.2745e+15	5.76972e+15	2.52485e+15	1.59749e+15	3.19498e+15	4.79247e+15	6.38996e+15	7.98745e+15	9.79906e+15	1.16262e+16	1.26663e+16	1.53413e+16	2.35128e+16	3.09428e+17	4.32583e+17	2.08576	4.02107	4.02107	4.02107	4.02107	4.02107	4.02107	4.02107	4.19626	4.63723	4.76944	4.71374	4.68997	4.68992	4.68988	
27392.3	6.85571e+17	2.78502e+17	1.21873e+17	7.71101e+16	1.5422e+17	2.3133e+17	3.0844e+17	3.8555e+17	4.6227e+17	5.38855e+17	6.16697e+17	6.91575e+17	7.57809e+17	3.32492e+17	8.15014e+15	6.26978e+15	5.76823e+15	2.52419e+15	1.59708e+15	3.19415e+15	4.79123e+15	6.3883e+15	7.98538e+15	9.8292e+15	1.17531e+16	1.2703e+16	1.5356e+16	2.35051e+16	3.0945e+17	4.32583e+17	2.00869	3.94612	3.94612	3.94612	3.94612	3.94612	3.94612	3.94612	4.12758	4.60245	4.76937	4.71387	4.68997	4.68993	4.68988	
27642.5	6.85579e+17	2.78504e+17	1.21874e+17	7.71108e+16	1.54222e+17	2.31333e+17	3.08443e+17	3.85554e+17	4.62222e+17	5.38634e+17	6.16658e+17	6.91581e+17	7.58187e+17	3.32444e+17	8.14873e+15	6.26515e+15	5.76662e+15	2.52349e+15	1.59663e+15	3.19326e+15	4.78989e+15	6.38652e+15	7.98315e+15	9.85938e+15	1.18941e+16	1.27635e+16	1.53758e+16	2.34823e+16	3.09472e+17	4.32583e+17	1.94036	3.87013	3.87013	3.87013	3.87013	3.87013	3.87013	3.87013	4.05685	4.56333	4.76891	4.71403	4.68995	4.68993	4.68988	
27895.3	6.85587e+17	2.78507e+17	1.21876e+17	7.71117e+16	1.54223e+17	2.31335e+17	3.08447e+17	3.85558e+17	4.62175e+17	5.38389e+17	6.16567e+17	6.9159e+17	7.58159e+17	3.32395e+17	8.14726e+15	6.26053e+15	5.76487e+15	2.52272e+15	1.59615e+15	3.19229e+15	4.78844e+15	6.38458e+15	7.98073e+15	9.88972e+15	1.20499e+16	1.2863e+16	1.54043e+16	2.34954e+16	3.09495e+17	4.32583e+17	1.87852	3.79181	3.79181	3.79181	3.79181	3.79181	3.79181	3.79181	3.9829	4.51901	4.76769	4.71425	4.68996	4.68993	4.68988	
28145.4	6.85595e+17	2.78511e+17	1.21877e+17	7.71125e+16	1.54225e+17	2.31338e+17	3.0845e+17	3.85563e+17	4.62129e+17	5.38129e+17	6.16398e+17	6.91595e+17	7.58133e+17	3.32345e+17	8.14579e+15	6.25602e+15	5.76301e+15	2.52191e+15	1.59563e+15	3.19127e+15	4.7869e+15	6.38253e+15	7.97816e+15	9.91907e+15	1.22148e+16	1.30171e+16	1.54453e+16	2.35074e+16	3.09518e+17	4.32583e+17	1.82378	3.71322	3.71322	3.71322	3.71322	3.71322	3.71322	3.71322	3.90769	4.4705	4.76522	4.71454	4.68996	4.68993	4.68988	
28397.9	6.85603e+17	2.78514e+17	1.21878e+17	7.71134e+16	1.54227e+17	2.3134e+17	3.08454e+17	3.85567e+17	4.62084e+17	5.37854e+17	6.16073e+17	6.91562e+17	7.58111e+17	3.32292e+17	8.14426e+15	6.25155e+15	5.76103e+15	2.52104e+15	1.59508e+15	3.19017e+15	4.78525e+15	6.38033e+15	7.97541e+15	9.9476e+15	1.23891e+16	1.3247e+16	1.55046e+16	2.35186e+16	3.0954e+17	4.32582e+17	1.77423	3.63304	3.63304	3.63304	3.63304	3.63304	3.63304	3.63304	3.82998	4.41688	4.76071	4.71493	4.68996	4.68993	4.68988	
28649.8	6.85611e+17	2.78517e+17	1.2188e+17	7.71144e+16	1.54229e+17	2.31343e+17	3.08458e+17	3.85572e+17	4.62042e+17	5.37572e+17	6.15603e+17	6.91482e+17	7.58092e+17	3.32244e+17	8.14271e+15	6.24716e+15	5.75893e+15	2.52012e+15	1.5945e+15	3.18901e+15	4.78351e+15	6.37801e+15	7.97251e+15	9.97453e+15	1.2568e+16	1.35504e+16	1.55834e+16	2.35297e+16	3.09555e+17	4.32582e+17	1.72986	3.55256	3.55256	3.55256	3.55256	3.55256	3.55256	3.55256	3.75105	4.35895	4.75367	4.71536	4.68997	4.68993	4.68988	
28901.3	6.85619e+17	2.78521e+17	1.21881e+17	7.71154e+16	1.54231e+17	2.31346e+17	3.08462e+17	3.85577e+17	4.62002e+17	5.37287e+17	6.15012e+17	6.9136e+17	7.58078e+17	3.32205e+17	8.14113e+15	6.24287e+15	5.75673e+15	2.51916e+15	1.59389e+15	3.18779e+15	4.78168e+15	6.37558e+15	7.96947e+15	9.99953e+15	1.27485e+16	1.39295e+16	1.56894e+16	2.35416e+16	3.09565e+17	4.32582e+17	1.68998	3.47202	3.47202	3.47202	3.47202	3.47202	3.47202	3.47202	3.67118	4.29688	4.74354	4.7158	4.68997	4.68994	4.68988	
29151.8	6.85626e+17	2.78525e+17	1.21883e+17	7.71165e+16	1.54233e+17	2.31349e+17	3.08466e+17	3.85582e+17	4.61967e+17	5.37005e+17	6.14304e+17	6.91179e+17	7.58065e+17	3.32177e+17	8.13953e+15	6.23869e+15	5.75445e+15	2.51816e+15	1.59326e+15	3.18652e+15	4.77978e+15	6.37304e+15	7.9663e+15	1.00223e+16	1.29272e+16	1.43817e+16	1.58326e+16	2.3556e+16	3.0957e+17	4.32582e+17	1.6541	3.39193	3.39193	3.39193	3.39193	3.39193	3.39193	3.39193	3.59092	4.23116	4.72979	4.71621	4.68998	4.68994	4.68988	
29404.3	6.85634e+17	2.78529e+17	1.21885e+17	7.71176e+16	1.54235e+17	2.31353e+17	3.0847e+17	3.85588e+17	4.61935e+17	5.36727e+17	6.13476e+17	6.90914e+17	7.58053e+17	3.3216e+17	8.13788e+15	6.23456e+15	5.75204e+15	2.51711e+15	1.5926e+15	3.18519e+15	4.77779e+15	6.37038e+15	7.96298e+15	1.00427e+16	1.31037e+16	1.49089e+16	1.60297e+16	2.35751e+16	3.09572e+17	4.32582e+17	1.62131	3.31152	3.31152	3.31152	3.31152	3.31152	3.31152	3.31152	3.50956	4.16123	4.71168	4.7165	4.68998	4.68994	4.68988	
29655.5	6.85641e+17	2.78533e+17	1.21887e+17	7.71187e+16	1.54237e+17	2.31356e+17	3.08475e+17	3.85593e+17	4.61907e+17	5.36459e+17	6.12552e+17	6.90541e+17	7.58037e+17	3.32153e+17	8.13621e+15	6.23055e+15	5.74957e+15	2.51602e+15	1.59191e+15	3.18382e+15	4.77573e+15	6.36764e+15	7.95955e+15	1.00605e+16	1.32728e+16	1.54963e+16	1.62964e+16	2.36014e+16	3.0957e+17	4.32582e+17	1.59166	3.23219	3.23219	3.23219	3.23219	3.23219	3.23219	3.23219	3.42855	4.08841	4.68898	4.71653	4.68999	4.68994	4.68988	
29905.5	6.85648e+17	2.78537e+17	1.21889e+17	7.71199e+16	1.5424e+17	2.3136e+17	3.08479e+17	3.85599e+17	4.61884e+17	5.36207e+17	6.11545e+17	6.90025e+17	7.58012e+17	3.3215e+17	8.13451e+15	6.22664e+15	5.74702e+15	2.51491e+15	1.5912e+15	3.18241e+15	4.77361e+15	6.36482e+15	7.95602e+15	1.00754e+16	1.34328e+16	1.61345e+16	1.66542e+16	2.36384e+16	3.09567e+17	4.32581e+17	1.56469	3.15404	3.15404	3.15404	3.15404	3.15404	3.15404	3.15404	3.34806	4.01299	4.66133	4.71608	4.69	4.68994	4.68988	
30157.5	6.85655e+17	2.78541e+17	1.2189e+17	7.71211e+16	1.54242e+17	2.31363e+17	3.08484e+17	3.85605e+17	4.61865e+17	5.35968e+17	6.10463e+17	6.89319e+17	7.57969e+17	3.3215e+17	8.13277e+15	6.2228e+15	5.74437e+15	2.51375e+15	1.59047e+15	3.18094e+15	4.77142e+15	6.36189e+15	7.95236e+15	1.00876e+16	1.35836e+16	1.68199e+16	1.71336e+16	2.36915e+16	3.09565e+17	4.32581e+17	1.53977	3.07633	3.07633	3.07633	3.07633	3.07633	3.07633	3.07633	3.26738	3.93444	4.62808	4.71482	4.69001	4.68994	4.68988	
30407.8	6.85662e+17	2.78546e+17	1.21892e+17	7.71223e+16	1.54245e+17	2.31367e+17	3.08489e+17	3.85611e+17	4.6185e+17	5.35751e+17	6.0934e+17	6.88387e+17	7.57898e+17	3.32151e+17	8.131e+15	6.21907e+15	5.74168e+15	2.51257e+15	1.58973e+15	3.17945e+15	4.76918e+15	6.3589e+15	7.94863e+15	1.00969e+16	1.37214e+16	1.75306e+16	1.77561e+16	2.37668e+16	3.09564e+17	4.32581e+17	1.51699	3.00036	3.00036	3.00036	3.00036	3.00036	3.00036	3.00036	3.1879	3.85425	4.5895	4.7123	4.69003	4.68994	4.68988	
30660.1	6.85668e+17	2.7855e+17	1.21894e+17	7.71235e+16	1.54247e+17	2.31371e+17	3.08494e+17	3.85618e+17	4.6184e+17	5.35553e+17	6.0818e+17	6.8717e+17	7.57781e+17	3.32154e+17	8.12919e+15	6.21541e+15	5.7389e+15	2.51136e+15	1.58896e+15	3.17791e+15	4.76687e+15	6.35582e+15	7.94478e+15	1.01034e+16	1.38469e+16	1.82642e+16	1.85598e+16	2.3875e+16	3.09564e+17	4.32581e+17	1.4958	2.92519	2.92519	2.92519	2.92519	2.92519	2.92519	2.92519	3.10872	3.77166	4.54493	4.70785	4.69005	4.68994	4.68988	
30910.4	6.85675e+17	2.78555e+17	1.21896e+17	7.71248e+16	1.5425e+17	2.31374e+17	3.08499e+17	3.85624e+17	4.61835e+17	5.35378e+17	6.0702e+17	6.85643e+17	7.57598e+17	3.32157e+17	8.12736e+15	6.21185e+15	5.73608e+15	2.51012e+15	1.58818e+15	3.17635e+15	4.76453e+15	6.3527e+15	7.94088e+15	1.0107e+16	1.39571e+16	1.89967e+16	1.95581e+16	2.40274e+16	3.09566e+17	4.32581e+17	1.47633	2.85214	2.85214	2.85214	2.85214	2.85214	2.85214	2.85214	3.03125	3.68836	4.49507	4.7007	4.69006	4.68994	4.68988	
31162.2	6.85681e+17	2.7856e+17	1.21898e+17	7.71261e+16	1.54252e+17	2.31378e+17	3.08504e+17	3.85631e+17	4.61834e+17	5.35227e+17	6.05864e+17	6.83747e+17	7.57309e+17	3.32159e+17	8.12548e+15	6.20836e+15	5.7332e+15	2.50886e+15	1.58738e+15	3.17476e+15	4.76213e+15	6.34951e+15	7.93689e+15	1.01078e+16	1.4053e+16	1.97262e+16	2.07809e+16	2.4243e+16	3.09569e+17	4.3258e+17	1.45813	2.7803	2.7803	2.7803	2.7803	2.7803	2.7803	2.7803	2.95461	3.60354	4.43933	4.6898	4.69006	4.68994	4.68988	
31413	6.85687e+17	2.78564e+17	1.219e+17	7.71274e+16	1.54255e+17	2.31382e+17	3.0851e+17	3.85637e+17	4.61837e+17	5.351e+17	6.04742e+17	6.81544e+17	7.56894e+17	3.32156e+17	8.12358e+15	6.20497e+15	5.73028e+15	2.50759e+15	1.58657e+15	3.17314e+15	4.75971e+15	6.34628e+15	7.93285e+15	1.01061e+16	1.41332e+16	2.04342e+16	2.21789e+16	2.45268e+16	3.09574e+17	4.32576e+17	1.44127	2.71051	2.71051	2.71051	2.71051	2.71051	2.71051	2.71051	2.87973	3.51846	4.37846	4.67463	4.69001	4.68994	4.68989	
31664.9	6.85693e+17	2.78569e+17	1.21903e+17	7.71288e+16	1.54258e+17	2.31386e+17	3.08515e+17	3.85644e+17	4.61844e+17	5.34998e+17	6.0366e+17	6.79086e+17	7.56345e+17	3.32148e+17	8.12181e+15	6.20163e+15	5.72732e+15	2.50629e+15	1.58575e+15	3.1715e+15	4.75725e+15	6.343e+15	7.92874e+15	1.01018e+16	1.41981e+16	2.11165e+16	2.37351e+16	2.4893e+16	3.09582e+17	4.32571e+17	1.42548	2.64228	2.64228	2.64228	2.64228	2.64228	2.64228	2.64228	2.80613	3.43274	4.31221	4.6545	4.68986	4.68994	4.68989	
31917.2	6.85699e+17	2.78574e+17	1.21905e+17	7.71301e+16	1.5426e+17	2.3139e+17	3.08521e+17	3.85651e+17	4.61855e+17	5.3492e+17	6.02635e+17	6.76418e+17	7.5564e+17	3.32134e+17	8.12021e+15	6.19837e+15	5.72431e+15	2.50497e+15	1.58492e+15	3.16983e+15	4.75475e+15	6.33967e+15	7.92458e+15	1.00951e+16	1.42476e+16	2.17624e+16	2.54211e+16	2.53564e+16	3.09593e+17	4.32565e+17	1.41072	2.57586	2.57586	2.57586	2.57586	2.57586	2.57586	2.57586	2.73412	3.34693	4.24101	4.6288	4.68956	4.68994	4.68989	
32167.5	6.85705e+17	2.78579e+17	1.21907e+17	7.71315e+16	1.54263e+17	2.31394e+17	3.08526e+17	3.85657e+17	4.61869e+17	5.34867e+17	6.01689e+17	6.73616e+17	7.54763e+17	3.32112e+17	8.1188e+15	6.1952e+15	5.7213e+15	2.50366e+15	1.58408e+15	3.16817e+15	4.75225e+15	6.33634e+15	7.92042e+15	1.00863e+16	1.42815e+16	2.23581e+16	2.71885e+16	2.59267e+16	3.09608e+17	4.32561e+17	1.39704	2.51195	2.51195	2.51195	2.51195	2.51195	2.51195	2.51195	2.66453	3.26222	4.16605	4.59739	4.68899	4.68994	4.68989	
32419.4	6.8571e+17	2.78584e+17	1.21909e+17	7.71329e+16	1.54266e+17	2.31399e+17	3.08531e+17	3.85664e+17	4.61886e+17	5.34836e+17	6.00819e+17	6.70691e+17	7.53678e+17	3.32083e+17	8.11755e+15	6.19208e+15	5.71825e+15	2.50232e+15	1.58324e+15	3.16648e+15	4.74972e+15	6.33296e+15	7.9162e+15	1.00753e+16	1.4301e+16	2.29064e+16	2.90303e+16	2.66273e+16	3.09628e+17	4.32557e+17	1.38418	2.44966	2.44966	2.44966	2.44966	2.44966	2.44966	2.44966	2.5964	3.17764	4.08666	4.55946	4.68802	4.68994	4.68989	
32672.2	6.85716e+17	2.78589e+17	1.21911e+17	7.71342e+16	1.54268e+17	2.31403e+17	3.08537e+17	3.85671e+17	4.61907e+17	5.34828e+17	6.00034e+17	6.67704e+17	7.52362e+17	3.32043e+17	8.11644e+15	6.18902e+15	5.71517e+15	2.50097e+15	1.58239e+15	3.16477e+15	4.74716e+15	6.32955e+15	7.91194e+15	1.00625e+16	1.43064e+16	2.34005e+16	3.09083e+16	2.74729e+16	3.09653e+17	4.32553e+17	1.37213	2.38922	2.38922	2.38922	2.38922	2.38922	2.38922	2.38922	2.53004	3.09373	4.00348	4.5148	4.68648	4.68994	4.68989	
32925.6	6.85722e+17	2.78594e+17	1.21913e+17	7.71356e+16	1.54271e+17	2.31407e+17	3.08543e+17	3.85678e+17	4.6193e+17	5.34841e+17	5.99342e+17	6.64712e+17	7.50793e+17	3.31992e+17	8.11545e+15	6.18601e+15	5.71208e+15	2.49962e+15	1.58153e+15	3.16306e+15	4.74459e+15	6.32612e+15	7.90765e+15	1.00479e+16	1.42981e+16	2.38355e+16	3.27866e+16	2.8477e+16	3.09684e+17	4.32551e+17	1.36086	2.33073	2.33073	2.33073	2.33073	2.33073	2.33073	2.33073	2.46559	3.01084	3.91708	4.46329	4.68414	4.68994	4.68989	
33176.7	6.85727e+17	2.78599e+17	1.21916e+17	7.7137e+16	1.54274e+17	2.31411e+17	3.08548e+17	3.85685e+17	4.61956e+17	5.34874e+17	5.98755e+17	6.61801e+17	7.48973e+17	3.31929e+17	8.11456e+15	6.18309e+15	5.709e+15	2.49827e+15	1.58068e+15	3.16135e+15	4.74203e+15	6.32271e+15	7.90339e+15	1.0032e+16	1.42774e+16	2.4205e+16	3.46122e+16	2.96374e+16	3.09721e+17	4.32549e+17	1.35045	2.27486	2.27486	2.27486	2.27486	2.27486	2.27486	2.27486	2.40381	2.93012	3.829	4.40565	4.68075	4.68994	4.68989	
33428.3	6.85732e+17	2.78604e+17	1.21918e+17	7.71384e+16	1.54277e+17	2.31415e+17	3.08554e+17	3.85692e+17	4.61983e+17	5.34926e+17	5.98266e+17	6.58985e+17	7.46875e+17	3.31852e+17	8.11372e+15	6.18022e+15	5.70591e+15	2.49692e+15	1.57982e+15	3.15965e+15	4.73947e+15	6.31929e+15	7.89911e+15	1.00147e+16	1.42451e+16	2.45126e+16	3.63762e+16	3.09723e+16	3.09764e+17	4.32548e+17	1.34074	2.22097	2.22097	2.22097	2.22097	2.22097	2.22097	2.22097	2.34405	2.8509	3.73883	4.34151	4.676	4.68995	4.68989	
33681.6	6.85737e+17	2.78609e+17	1.2192e+17	7.71398e+16	1.5428e+17	2.31419e+17	3.08559e+17	3.85699e+17	4.62013e+17	5.34995e+17	5.97875e+17	6.56291e+17	7.44475e+17	3.3176e+17	8.11291e+15	6.17738e+15	5.7028e+15	2.49556e+15	1.57896e+15	3.15792e+15	4.73689e+15	6.31585e+15	7.89481e+15	9.99612e+15	1.42016e+16	2.47591e+16	3.80611e+16	3.24946e+16	3.09815e+17	4.32548e+17	1.33166	2.16881	2.16881	2.16881	2.16881	2.16881	2.16881	2.16881	2.28604	2.77295	3.64659	4.27073	4.66947	4.68995	4.68989	
33934.6	6.85742e+17	2.78614e+17	1.21922e+17	7.71412e+16	1.54282e+17	2.31424e+17	3.08565e+17	3.85706e+17	4.62044e+17	5.3508e+17	5.97583e+17	6.5378e+17	7.41792e+17	3.3165e+17	8.11211e+15	6.1746e+15	5.6997e+15	2.49421e+15	1.5781e+15	3.15621e+15	4.73431e+15	6.31242e+15	7.89052e+15	9.9766e+15	1.41484e+16	2.49428e+16	3.96308e+16	3.41933e+16	3.09874e+17	4.32548e+17	1.32325	2.11878	2.11878	2.11878	2.11878	2.11878	2.11878	2.11878	2.23026	2.69706	3.5535	4.19424	4.66078	4.68995	4.68989	
34185.3	6.85747e+17	2.78619e+17	1.21924e+17	7.71426e+16	1.54285e+17	2.31428e+17	3.0857e+17	3.85713e+17	4.62076e+17	5.35177e+17	5.97389e+17	6.51497e+17	7.3886e+17	3.31523e+17	8.1113e+15	6.17189e+15	5.69664e+15	2.49286e+15	1.57726e+15	3.15451e+15	4.73177e+15	6.30902e+15	7.88628e+15	9.95646e+15	1.40869e+16	2.50648e+16	4.10559e+16	3.60457e+16	3.09941e+17	4.32548e+17	1.31554	2.07125	2.07125	2.07125	2.07125	2.07125	2.07125	2.07125	2.17713	2.62395	3.46083	4.11324	4.64961	4.68995	4.68989	
34437.4	6.85752e+17	2.78624e+17	1.21927e+17	7.7144e+16	1.54288e+17	2.31432e+17	3.08576e+17	3.8572e+17	4.62109e+17	5.35288e+17	5.97286e+17	6.49432e+17	7.35655e+17	3.31376e+17	8.11047e+15	6.16922e+15	5.69357e+15	2.49152e+15	1.57641e+15	3.15281e+15	4.72922e+15	6.30562e+15	7.88203e+15	9.93557e+15	1.40174e+16	2.51296e+16	4.23443e+16	3.80674e+16	3.10018e+17	4.32548e+17	1.30837	2.02547	2.02547	2.02547	2.02547	2.02547	2.02547	2.02547	2.12586	2.55264	3.36765	4.02713	4.63534	4.68996	4.68989	
34689.9	6.85757e+17	2.78629e+17	1.21929e+17	7.71453e+16	1.54291e+17	2.31436e+17	3.08581e+17	3.85727e+17	4.62144e+17	5.35409e+17	5.97272e+17	6.47611e+17	7.32208e+17	3.31205e+17	8.1096e+15	6.16658e+15	5.69051e+15	2.49018e+15	1.57556e+15	3.15112e+15	4.72668e+15	6.30223e+15	7.87779e+15	9.91412e+15	1.39409e+16	2.51392e+16	4.34797e+16	4.02375e+16	3.10106e+17	4.32549e+17	1.30176	1.98157	1.98157	1.98157	1.98157	1.98157	1.98157	1.98157	2.07661	2.48347	3.2747	3.93675	4.61752	4.68995	4.68989	
34942.3	6.85762e+17	2.78634e+17	1.21931e+17	7.71467e+16	1.54293e+17	2.3144e+17	3.08587e+17	3.85734e+17	4.62178e+17	5.3554e+17	5.9734e+17	6.4605e+17	7.28562e+17	3.3101e+17	8.10869e+15	6.16399e+15	5.68747e+15	2.48885e+15	1.57472e+15	3.14943e+15	4.72415e+15	6.29886e+15	7.87358e+15	9.89233e+15	1.38585e+16	2.50968e+16	4.44519e+16	4.25289e+16	3.10205e+17	4.3255e+17	1.29568	1.93965	1.93965	1.93965	1.93965	1.93965	1.93965	1.93965	2.0295	2.41671	3.18264	3.84303	4.59571	4.68994	4.68989	
35192.6	6.85767e+17	2.78639e+17	1.21933e+17	7.71481e+16	1.54296e+17	2.31444e+17	3.08592e+17	3.8574e+17	4.62213e+17	5.35677e+17	5.97483e+17	6.44765e+17	7.24786e+17	3.30789e+17	8.10775e+15	6.16146e+15	5.68447e+15	2.48754e+15	1.57389e+15	3.14777e+15	4.72166e+15	6.29554e+15	7.86943e+15	9.87049e+15	1.37719e+16	2.50068e+16	4.52523e+16	4.48979e+16	3.10317e+17	4.32551e+17	1.29017	1.89996	1.89996	1.89996	1.89996	1.89996	1.89996	1.89996	1.98481	2.35287	3.09251	3.74738	4.56968	4.68993	4.68989	
35443.1	6.85771e+17	2.78644e+17	1.21935e+17	7.71494e+16	1.54299e+17	2.31448e+17	3.08598e+17	3.85747e+17	4.62248e+17	5.35821e+17	5.97697e+17	6.43741e+17	7.2089e+17	3.30537e+17	8.10675e+15	6.15896e+15	5.68149e+15	2.48623e+15	1.57306e+15	3.14612e+15	4.71918e+15	6.29224e+15	7.8653e+15	9.84849e+15	1.36812e+16	2.48727e+16	4.58898e+16	4.73377e+16	3.10443e+17	4.32552e+17	1.28512	1.86203	1.86203	1.86203	1.86203	1.86203	1.86203	1.86203	1.94207	2.29135	3.00373	3.64958	4.53882	4.68989	4.68989	
35694.7	6.85776e+17	2.78649e+17	1.21937e+17	7.71507e+16	1.54301e+17	2.31452e+17	3.08603e+17	3.85754e+17	4.62283e+17	5.35971e+17	5.97976e+17	6.42975e+17	7.16914e+17	3.30249e+17	8.1057e+15	6.15649e+15	5.67852e+15	2.48493e+15	1.57224e+15	3.14448e+15	4.71671e+15	6.28895e+15	7.86119e+15	9.8264e+15	1.35869e+16	2.46978e+16	4.63668e+16	4.98239e+16	3.10586e+17	4.32552e+17	1.28052	1.82576	1.82576	1.82576	1.82576	1.82576	1.82576	1.82576	1.90114	2.23202	2.91639	3.55002	4.50265	4.68983	4.68989	
35945.9	6.8578e+17	2.78653e+17	1.21939e+17	7.71521e+16	1.54304e+17	2.31456e+17	3.08608e+17	3.8576e+17	4.62318e+17	5.36124e+17	5.98313e+17	6.42465e+17	7.1293e+17	3.29924e+17	8.1046e+15	6.15405e+15	5.67557e+15	2.48365e+15	1.57142e+15	3.14285e+15	4.71427e+15	6.28569e+15	7.85712e+15	9.80442e+15	1.34902e+16	2.44867e+16	4.66844e+16	5.23112e+16	3.10747e+17	4.32553e+17	1.27635	1.79127	1.79127	1.79127	1.79127	1.79127	1.79127	1.79127	1.86219	2.17521	2.83118	3.44987	4.46105	4.68972	4.68988	
36198.1	6.85785e+17	2.78658e+17	1.21941e+17	7.71534e+16	1.54307e+17	2.3146e+17	3.08614e+17	3.85767e+17	4.62353e+17	5.36281e+17	5.98703e+17	6.422e+17	7.08969e+17	3.29555e+17	8.10345e+15	6.15164e+15	5.67265e+15	2.48236e+15	1.57061e+15	3.14122e+15	4.71184e+15	6.28245e+15	7.85306e+15	9.78252e+15	1.33914e+16	2.42421e+16	4.68499e+16	5.47799e+16	3.10929e+17	4.32554e+17	1.27259	1.75833	1.75833	1.75833	1.75833	1.75833	1.75833	1.75833	1.82495	2.12059	2.74784	3.34916	4.41356	4.68954	4.68988	
36449.9	6.85789e+17	2.78663e+17	1.21944e+17	7.71547e+16	1.54309e+17	2.31464e+17	3.08619e+17	3.85773e+17	4.62387e+17	5.36439e+17	5.99137e+17	6.4217e+17	7.0511e+17	3.2914e+17	8.10225e+15	6.14927e+15	5.66975e+15	2.4811e+15	1.56981e+15	3.13962e+15	4.70943e+15	6.27924e+15	7.84905e+15	9.7609e+15	1.32916e+16	2.39695e+16	4.68691e+16	5.71817e+16	3.11131e+17	4.32555e+17	1.26923	1.72709	1.72709	1.72709	1.72709	1.72709	1.72709	1.72709	1.78961	2.06848	2.66708	3.24908	4.36032	4.68926	4.68988	
36703.1	6.85794e+17	2.78667e+17	1.21946e+17	7.7156e+16	1.54312e+17	2.31468e+17	3.08624e+17	3.8578e+17	4.62421e+17	5.36599e+17	5.99613e+17	6.42362e+17	7.01378e+17	3.28674e+17	8.10099e+15	6.14691e+15	5.66687e+15	2.47984e+15	1.56901e+15	3.13802e+15	4.70704e+15	6.27605e+15	7.84506e+15	9.73947e+15	1.31907e+16	2.36704e+16	4.67504e+16	5.95017e+16	3.11358e+17	4.32555e+17	1.26624	1.69728	1.69728	1.69728	1.69728	1.69728	1.69728	1.69728	1.75586	2.01849	2.58845	3.14945	4.3009	4.68883	4.68988	
36955.8	6.85798e+17	2.78672e+17	1.21948e+17	7.71573e+16	1.54315e+17	2.31472e+17	3.08629e+17	3.85786e+17	4.62455e+17	5.36759e+17	6.00122e+17	6.4276e+17	6.97848e+17	3.28157e+17	8.09968e+15	6.14458e+15	5.66402e+15	2.47859e+15	1.56822e+15	3.13645e+15	4.70467e+15	6.27289e+15	7.84112e+15	9.71847e+15	1.30901e+16	2.33507e+16	4.65035e+16	6.16925e+16	3.11608e+17	4.32556e+17	1.26361	1.66908	1.66908	1.66908	1.66908	1.66908	1.66908	1.66908	1.72392	1.97096	2.51268	3.05147	4.2358	4.68818	4.68988	
37209.4	6.85802e+17	2.78677e+17	1.2195e+17	7.71585e+16	1.54317e+17	2.31476e+17	3.08634e+17	3.85793e+17	4.62488e+17	5.36918e+17	6.00661e+17	6.4335e+17	6.94548e+17	3.27584e+17	8.09833e+15	6.14227e+15	5.66119e+15	2.47735e+15	1.56744e+15	3.13488e+15	4.70232e+15	6.26976e+15	7.8372e+15	9.69782e+15	1.29897e+16	2.30124e+16	4.61374e+16	6.37387e+16	3.11883e+17	4.32557e+17	1.26133	1.64227	1.64227	1.64227	1.64227	1.64227	1.64227	1.64227	1.69354	1.92559	2.43944	2.95506	4.16485	4.68723	4.68988	
37459.6	6.85807e+17	2.78681e+17	1.21952e+17	7.71598e+16	1.5432e+17	2.31479e+17	3.08639e+17	3.85799e+17	4.62519e+17	5.37074e+17	6.01215e+17	6.44102e+17	6.91565e+17	3.26967e+17	8.09695e+15	6.14002e+15	5.65843e+15	2.47614e+15	1.56668e+15	3.13335e+15	4.70003e+15	6.26671e+15	7.83338e+15	9.67789e+15	1.28916e+16	2.26645e+16	4.56703e+16	6.55857e+16	3.12178e+17	4.32557e+17	1.25941	1.61723	1.61723	1.61723	1.61723	1.61723	1.61723	1.61723	1.66516	1.88304	2.36999	2.86215	4.0896	4.6859	4.68987	
37709.8	6.85811e+17	2.78686e+17	1.21954e+17	7.7161e+16	1.54322e+17	2.31483e+17	3.08644e+17	3.85805e+17	4.6255e+17	5.37227e+17	6.01785e+17	6.45005e+17	6.88888e+17	3.26301e+17	8.09553e+15	6.13779e+15	5.6557e+15	2.47495e+15	1.56592e+15	3.13184e+15	4.69776e+15	6.26368e+15	7.8296e+15	9.65847e+15	1.27948e+16	2.23059e+16	4.51089e+16	6.72424e+16	3.12495e+17	4.32558e+17	1.25781	1.59355	1.59355	1.59355	1.59355	1.59355	1.59355	1.59355	1.63831	1.84267	2.30338	2.77178	4.00955	4.68402	4.68987	
37960.5	6.85815e+17	2.7869e+17	1.21955e+17	7.71622e+16	1.54324e+17	2.31487e+17	3.08649e+17	3.85811e+17	4.6258e+17	5.37378e+17	6.02369e+17	6.46045e+17	6.86537e+17	3.25588e+17	8.09406e+15	6.13558e+15	5.653e+15	2.47377e+15	1.56517e+15	3.13034e+15	4.69552e+15	6.26069e+15	7.82586e+15	9.63954e+15	1.26996e+16	2.19389e+16	4.44628e+16	6.86961e+16	3.12833e+17	4.32558e+17	1.2565	1.57113	1.57113	1.57113	1.57113	1.57113	1.57113	1.57113	1.6129	1.80435	2.23952	2.68406	3.92503	4.68145	4.68986	
38211.8	6.85819e+17	2.78694e+17	1.21957e+17	7.71634e+16	1.54327e+17	2.3149e+17	3.08654e+17	3.85817e+17	4.6261e+17	5.37526e+17	6.02963e+17	6.47205e+17	6.8453e+17	3.24835e+17	8.09256e+15	6.13338e+15	5.65032e+15	2.47259e+15	1.56443e+15	3.12886e+15	4.69329e+15	6.25772e+15	7.82215e+15	9.6211e+15	1.26061e+16	2.15657e+16	4.37409e+16	6.99363e+16	3.13189e+17	4.32558e+17	1.25548	1.54991	1.54991	1.54991	1.54991	1.54991	1.54991	1.54991	1.58884	1.76797	2.17837	2.59911	3.83643	4.67798	4.68986	
38462.9	6.85823e+17	2.78699e+17	1.21959e+17	7.71646e+16	1.54329e+17	2.31494e+17	3.08658e+17	3.85823e+17	4.62638e+17	5.37671e+17	6.0356e+17	6.48467e+17	6.82889e+17	3.24055e+17	8.09102e+15	6.13121e+15	5.64767e+15	2.47144e+15	1.5637e+15	3.1274e+15	4.6911e+15	6.25479e+15	7.81849e+15	9.60324e+15	1.25149e+16	2.119e+16	4.29561e+16	7.09507e+16	3.13557e+17	4.32559e+17	1.25475	1.52993	1.52993	1.52993	1.52993	1.52993	1.52993	1.52993	1.56617	1.73362	2.12013	2.51742	3.74466	4.67339	4.68985	
38713.7	6.85827e+17	2.78703e+17	1.21961e+17	7.71658e+16	1.54332e+17	2.31497e+17	3.08663e+17	3.85829e+17	4.62666e+17	5.37811e+17	6.04157e+17	6.49811e+17	6.81618e+17	3.2326e+17	8.08944e+15	6.12906e+15	5.64506e+15	2.47029e+15	1.56298e+15	3.12595e+15	4.68893e+15	6.2519e+15	7.81488e+15	9.58598e+15	1.24263e+16	2.08142e+16	4.21189e+16	7.17362e+16	3.13931e+17	4.32559e+17	1.25428	1.51112	1.51112	1.51112	1.51112	1.51112	1.51112	1.51112	1.54485	1.70124	2.0648	2.43913	3.65038	4.66741	4.68984	
38965.4	6.85831e+17	2.78707e+17	1.21963e+17	7.7167e+16	1.54334e+17	2.31501e+17	3.08668e+17	3.85835e+17	4.62692e+17	5.37948e+17	6.04754e+17	6.51232e+17	6.80714e+17	3.22461e+17	8.08783e+15	6.12692e+15	5.64248e+15	2.46916e+15	1.56226e+15	3.12452e+15	4.68678e+15	6.24904e+15	7.81129e+15	9.56924e+15	1.234e+16	2.04385e+16	4.12339e+16	7.22963e+16	3.14306e+17	4.32559e+17	1.25408	1.49336	1.49336	1.49336	1.49336	1.49336	1.49336	1.49336	1.52471	1.67059	2.01204	2.36393	3.55376	4.65973	4.68982	
39217.2	6.85835e+17	2.78711e+17	1.21965e+17	7.71681e+16	1.54336e+17	2.31504e+17	3.08672e+17	3.85841e+17	4.62718e+17	5.3808e+17	6.05346e+17	6.52709e+17	6.80176e+17	3.21682e+17	8.08618e+15	6.12479e+15	5.63992e+15	2.46804e+15	1.56155e+15	3.1231e+15	4.68465e+15	6.2462e+15	7.80775e+15	9.55308e+15	1.22564e+16	2.00661e+16	4.03134e+16	7.26306e+16	3.14671e+17	4.32559e+17	1.25412	1.47667	1.47667	1.47667	1.47667	1.47667	1.47667	1.47667	1.50578	1.64173	1.96202	2.29217	3.45578	4.65003	4.68981	
39468.6	6.85839e+17	2.78715e+17	1.21967e+17	7.71693e+16	1.54339e+17	2.31508e+17	3.08677e+17	3.85846e+17	4.62743e+17	5.38208e+17	6.05929e+17	6.54227e+17	6.79995e+17	3.20943e+17	8.08451e+15	6.12269e+15	5.63739e+15	2.46694e+15	1.56085e+15	3.1217e+15	4.68256e+15	6.24341e+15	7.80426e+15	9.53753e+15	1.21758e+16	1.96991e+16	3.9367e+16	7.27453e+16	3.15017e+17	4.3256e+17	1.2544	1.46103	1.46103	1.46103	1.46103	1.46103	1.46103	1.46103	1.48805	1.61464	1.91475	2.22396	3.35724	4.63798	4.68979	
39720.4	6.85843e+17	2.78719e+17	1.21968e+17	7.71704e+16	1.54341e+17	2.31511e+17	3.08682e+17	3.85852e+17	4.62767e+17	5.38331e+17	6.06503e+17	6.55776e+17	6.80156e+17	3.20269e+17	8.08281e+15	6.1206e+15	5.6349e+15	2.46585e+15	1.56016e+15	3.12032e+15	4.68048e+15	6.24064e+15	7.80081e+15	9.52254e+15	1.20981e+16	1.93378e+16	3.84e+16	7.26492e+16	3.15333e+17	4.3256e+17	1.25492	1.44635	1.44635	1.44635	1.44635	1.44635	1.44635	1.44635	1.4714	1.58916	1.87004	2.15911	3.25851	4.62318	4.68976	
39972.4	6.85847e+17	2.78724e+17	1.2197e+17	7.71715e+16	1.54343e+17	2.31514e+17	3.08686e+17	3.85857e+17	4.6279e+17	5.3845e+17	6.07065e+17	6.57347e+17	6.80645e+17	3.19685e+17	8.08107e+15	6.11852e+15	5.63243e+15	2.46477e+15	1.55948e+15	3.11896e+15	4.67843e+15	6.23791e+15	7.79739e+15	9.50812e+15	1.20232e+16	1.89838e+16	3.74197e+16	7.23523e+16	3.15607e+17	4.3256e+17	1.25565	1.43259	1.43259	1.43259	1.43259	1.43259	1.43259	1.43259	1.4558	1.56525	1.82781	2.09762	3.16018	4.60525	4.68973	
40224.6	6.85851e+17	2.78727e+17	1.21972e+17	7.71726e+16	1.54345e+17	2.31518e+17	3.0869e+17	3.85863e+17	4.62812e+17	5.38564e+17	6.07614e+17	6.58927e+17	6.8144e+17	3.19221e+17	8.07932e+15	6.11645e+15	5.62999e+15	2.4637e+15	1.5588e+15	3.1176e+15	4.67641e+15	6.23521e+15	7.79401e+15	9.49425e+15	1.19514e+16	1.86379e+16	3.64327e+16	7.18662e+16	3.15827e+17	4.3256e+17	1.25661	1.41972	1.41972	1.41972	1.41972	1.41972	1.41972	1.41972	1.4412	1.54284	1.788	2.03944	3.06281	4.58381	4.6897	
40476.1	6.85855e+17	2.78731e+17	1.21974e+17	7.71737e+16	1.54347e+17	2.31521e+17	3.08695e+17	3.85868e+17	4.62833e+17	5.38673e+17	6.08146e+17	6.60501e+17	6.82517e+17	3.18907e+17	8.07754e+15	6.1144e+15	5.62759e+15	2.46265e+15	1.55814e+15	3.11627e+15	4.67441e+15	6.23254e+15	7.79068e+15	9.48097e+15	1.18827e+16	1.83026e+16	3.54489e+16	7.12069e+16	3.15978e+17	4.3256e+17	1.25776	1.40775	1.40775	1.40775	1.40775	1.40775	1.40775	1.40775	1.42762	1.52195	1.75069	1.98473	2.96729	4.55859	4.68966	
40728.5	6.85859e+17	2.78735e+17	1.21975e+17	7.71748e+16	1.5435e+17	2.31524e+17	3.08699e+17	3.85874e+17	4.62854e+17	5.38777e+17	6.08664e+17	6.6207e+17	6.83858e+17	3.18774e+17	8.07575e+15	6.11236e+15	5.6252e+15	2.4616e+15	1.55748e+15	3.11495e+15	4.67243e+15	6.2299e+15	7.78738e+15	9.46819e+15	1.18169e+16	1.79762e+16	3.44672e+16	7.03845e+16	3.16047e+17	4.3256e+17	1.25911	1.39655	1.39655	1.39655	1.39655	1.39655	1.39655	1.39655	1.41493	1.50238	1.71554	1.93305	2.87345	4.52911	4.68961	
40980.8	6.85863e+17	2.78739e+17	1.21977e+17	7.71758e+16	1.54352e+17	2.31527e+17	3.08703e+17	3.85879e+17	4.62873e+17	5.38877e+17	6.09165e+17	6.63623e+17	6.85436e+17	3.18852e+17	8.07393e+15	6.11033e+15	5.62285e+15	2.46057e+15	1.55682e+15	3.11365e+15	4.67047e+15	6.2273e+15	7.78412e+15	9.45595e+15	1.1754e+16	1.76605e+16	3.34957e+16	6.94161e+16	3.16019e+17	4.3256e+17	1.26065	1.38615	1.38615	1.38615	1.38615	1.38615	1.38615	1.38615	1.40312	1.48413	1.68258	1.88448	2.78198	4.49515	4.68955	
41235.7	6.85866e+17	2.78743e+17	1.21979e+17	7.71769e+16	1.54354e+17	2.31531e+17	3.08708e+17	3.85884e+17	4.62892e+17	5.38973e+17	6.09653e+17	6.65167e+17	6.87244e+17	3.19177e+17	8.07208e+15	6.10829e+15	5.62049e+15	2.45954e+15	1.55617e+15	3.11235e+15	4.66852e+15	6.22469e+15	7.78086e+15	9.44409e+15	1.16935e+16	1.7353e+16	3.2529e+16	6.83052e+16	3.1588e+17	4.32561e+17	1.26238	1.37639	1.37639	1.37639	1.37639	1.37639	1.37639	1.37639	1.39205	1.46698	1.65144	1.83848	2.69233	4.45608	4.68948	
41486.1	6.8587e+17	2.78747e+17	1.2198e+17	7.71779e+16	1.54356e+17	2.31534e+17	3.08712e+17	3.8589e+17	4.6291e+17	5.39062e+17	6.10114e+17	6.66655e+17	6.89205e+17	3.19766e+17	8.07025e+15	6.1063e+15	5.61821e+15	2.45854e+15	1.55554e+15	3.11108e+15	4.66662e+15	6.22216e+15	7.7777e+15	9.43295e+15	1.1637e+16	1.70624e+16	3.15973e+16	6.70998e+16	3.15621e+17	4.32561e+17	1.26425	1.36752	1.36752	1.36752	1.36752	1.36752	1.36752	1.36752	1.38197	1.45133	1.62286	1.79619	2.60724	4.41287	4.68941	
41737.4	6.85874e+17	2.7875e+17	1.21982e+17	7.71789e+16	1.54358e+17	2.31537e+17	3.08716e+17	3.85895e+17	4.62927e+17	5.39148e+17	6.10558e+17	6.68114e+17	6.91354e+17	3.20671e+17	8.06841e+15	6.10431e+15	5.61595e+15	2.45755e+15	1.55491e+15	3.10983e+15	4.66474e+15	6.21965e+15	7.77457e+15	9.42223e+15	1.1583e+16	1.67822e+16	3.0683e+16	6.57832e+16	3.15226e+17	4.3256e+17	1.26629	1.3593	1.3593	1.3593	1.3593	1.3593	1.3593	1.3593	1.37262	1.43676	1.59608	1.75649	2.5245	4.36396	4.68932	
41987.9	6.85878e+17	2.78754e+17	1.21983e+17	7.71799e+16	1.5436e+17	2.3154e+17	3.0872e+17	3.859e+17	4.62943e+17	5.39229e+17	6.10982e+17	6.6953e+17	6.93664e+17	3.21936e+17	8.06659e+15	6.10234e+15	5.61371e+15	2.45657e+15	1.55429e+15	3.10859e+15	4.66288e+15	6.21718e+15	7.77147e+15	9.412e+15	1.15319e+16	1.65145e+16	2.97948e+16	6.4369e+16	3.14668e+17	4.3256e+17	1.26849	1.35174	1.35174	1.35174	1.35174	1.35174	1.35174	1.35174	1.36402	1.4233	1.5712	1.71956	2.44447	4.30882	4.68922	
42238.7	6.85881e+17	2.78758e+17	1.21985e+17	7.71809e+16	1.54362e+17	2.31543e+17	3.08724e+17	3.85905e+17	4.62959e+17	5.39306e+17	6.11388e+17	6.70906e+17	6.96122e+17	3.23621e+17	8.0648e+15	6.10037e+15	5.6115e+15	2.45561e+15	1.55368e+15	3.10737e+15	4.66105e+15	6.21473e+15	7.76841e+15	9.4022e+15	1.14835e+16	1.62583e+16	2.89314e+16	6.286e+16	3.13918e+17	4.32559e+17	1.27088	1.34478	1.34478	1.34478	1.34478	1.34478	1.34478	1.34478	1.3561	1.41085	1.54803	1.6851	2.3669	4.24669	4.68911	
42490.9	6.85885e+17	2.78761e+17	1.21987e+17	7.71819e+16	1.54364e+17	2.31546e+17	3.08728e+17	3.8591e+17	4.62974e+17	5.39379e+17	6.11778e+17	6.72246e+17	6.98686e+17	3.25748e+17	8.06303e+15	6.09841e+15	5.6093e+15	2.45464e+15	1.55307e+15	3.10615e+15	4.65922e+15	6.2123e+15	7.76537e+15	9.39276e+15	1.14373e+16	1.60124e+16	2.80905e+16	6.12765e+16	3.12954e+17	4.32559e+17	1.27348	1.33838	1.33838	1.33838	1.33838	1.33838	1.33838	1.33838	1.3488	1.39931	1.5264	1.65288	2.29245	4.1782	4.68899	
42743.6	6.85889e+17	2.78765e+17	1.21988e+17	7.71829e+16	1.54366e+17	2.31549e+17	3.08732e+17	3.85915e+17	4.62989e+17	5.39449e+17	6.1215e+17	6.73541e+17	7.01325e+17	3.28337e+17	8.06128e+15	6.09645e+15	5.60712e+15	2.45369e+15	1.55247e+15	3.10494e+15	4.65741e+15	6.20988e+15	7.76235e+15	9.38371e+15	1.13935e+16	1.57777e+16	2.72772e+16	5.9645e+16	3.11776e+17	4.32558e+17	1.27632	1.33254	1.33254	1.33254	1.33254	1.33254	1.33254	1.33254	1.34212	1.38868	1.50632	1.62291	2.22178	4.10415	4.68885	
42994.3	6.85892e+17	2.78768e+17	1.2199e+17	7.71839e+16	1.54368e+17	2.31552e+17	3.08736e+17	3.85919e+17	4.63002e+17	5.39514e+17	6.12501e+17	6.74779e+17	7.03992e+17	3.3138e+17	8.05956e+15	6.09451e+15	5.60498e+15	2.45275e+15	1.55188e+15	3.10376e+15	4.65563e+15	6.20751e+15	7.75939e+15	9.37511e+15	1.13524e+16	1.55563e+16	2.64999e+16	5.79944e+16	3.10384e+17	4.32558e+17	1.27938	1.32728	1.32728	1.32728	1.32728	1.32728	1.32728	1.32728	1.33609	1.37902	1.48789	1.59535	2.15551	4.02563	4.68869	
43246.3	6.85896e+17	2.78772e+17	1.21991e+17	7.71848e+16	1.5437e+17	2.31555e+17	3.08739e+17	3.85924e+17	4.63016e+17	5.39576e+17	6.12836e+17	6.75973e+17	7.06703e+17	3.34932e+17	8.05785e+15	6.09258e+15	5.60285e+15	2.45182e+15	1.55129e+15	3.10258e+15	4.65386e+15	6.20515e+15	7.75644e+15	9.36684e+15	1.13134e+16	1.53449e+16	2.57491e+16	5.63152e+16	3.08749e+17	4.32558e+17	1.28272	1.32252	1.32252	1.32252	1.32252	1.32252	1.32252	1.32252	1.33061	1.37014	1.47079	1.56973	2.09272	3.9421	4.68852	
43498.2	6.85899e+17	2.78775e+17	1.21993e+17	7.71858e+16	1.54372e+17	2.31557e+17	3.08743e+17	3.85929e+17	4.63028e+17	5.39634e+17	6.13153e+17	6.77118e+17	7.09426e+17	3.38989e+17	8.05614e+15	6.09067e+15	5.60074e+15	2.4509e+15	1.5507e+15	3.10141e+15	4.65211e+15	6.20282e+15	7.75352e+15	9.35892e+15	1.12766e+16	1.51446e+16	2.50297e+16	5.46274e+16	3.0687e+17	4.32559e+17	1.28633	1.31826	1.31826	1.31826	1.31826	1.31826	1.31826	1.31826	1.32569	1.36207	1.45506	1.54608	2.03371	3.85452	4.68832	
43751.4	6.85903e+17	2.78779e+17	1.21994e+17	7.71867e+16	1.54373e+17	2.3156e+17	3.08747e+17	3.85934e+17	4.63041e+17	5.39689e+17	6.13455e+17	6.78218e+17	7.12159e+17	3.43585e+17	8.05442e+15	6.08876e+15	5.59865e+15	2.44998e+15	1.55012e+15	3.10025e+15	4.65037e+15	6.2005e+15	7.75062e+15	9.35129e+15	1.12418e+16	1.4954e+16	2.43379e+16	5.29312e+16	3.04726e+17	4.32559e+17	1.29023	1.31445	1.31445	1.31445	1.31445	1.31445	1.31445	1.31445	1.32127	1.35473	1.44054	1.52419	1.97808	3.76301	4.6881	
44004.7	6.85906e+17	2.78782e+17	1.21996e+17	7.71877e+16	1.54375e+17	2.31563e+17	3.08751e+17	3.85938e+17	4.63052e+17	5.39741e+17	6.13741e+17	6.79267e+17	7.14875e+17	3.48703e+17	8.05271e+15	6.08686e+15	5.59657e+15	2.44907e+15	1.54955e+15	3.0991e+15	4.64865e+15	6.1982e+15	7.74775e+15	9.34397e+15	1.12089e+16	1.47739e+16	2.36775e+16	5.12443e+16	3.02322e+17	4.3256e+17	1.2944	1.31112	1.31112	1.31112	1.31112	1.31112	1.31112	1.31112	1.31737	1.34811	1.42725	1.50408	1.92605	3.66872	4.68785	
44256.3	6.8591e+17	2.78785e+17	1.21997e+17	7.71886e+16	1.54377e+17	2.31566e+17	3.08754e+17	3.85943e+17	4.63063e+17	5.3979e+17	6.14008e+17	6.8026e+17	7.17541e+17	3.54294e+17	8.051e+15	6.085e+15	5.59453e+15	2.44818e+15	1.54898e+15	3.09797e+15	4.64695e+15	6.19594e+15	7.74492e+15	9.337e+15	1.11782e+16	1.46051e+16	2.3053e+16	4.95868e+16	2.99676e+17	4.32561e+17	1.29879	1.30826	1.30826	1.30826	1.30826	1.30826	1.30826	1.30826	1.31399	1.34224	1.41522	1.48578	1.87783	3.5731	4.68757	
44507.5	6.85913e+17	2.78789e+17	1.21999e+17	7.71895e+16	1.54379e+17	2.31568e+17	3.08758e+17	3.85947e+17	4.63074e+17	5.39836e+17	6.1426e+17	6.81202e+17	7.20163e+17	3.60377e+17	8.0493e+15	6.08316e+15	5.59251e+15	2.4473e+15	1.54842e+15	3.09685e+15	4.64527e+15	6.1937e+15	7.74212e+15	9.33033e+15	1.11493e+16	1.4446e+16	2.24596e+16	4.79552e+16	2.96773e+17	4.32562e+17	1.30342	1.30582	1.30582	1.30582	1.30582	1.30582	1.30582	1.30582	1.31108	1.33703	1.4043	1.46906	1.83296	3.47635	4.68725	
44759.5	6.85916e+17	2.78792e+17	1.22e+17	7.71904e+16	1.54381e+17	2.31571e+17	3.08762e+17	3.85952e+17	4.63084e+17	5.39879e+17	6.14498e+17	6.821e+17	7.22743e+17	3.66964e+17	8.04759e+15	6.08134e+15	5.5905e+15	2.44642e+15	1.54787e+15	3.09574e+15	4.64361e+15	6.19148e+15	7.73935e+15	9.3239e+15	1.1122e+16	1.42958e+16	2.18945e+16	4.63487e+16	2.93604e+17	4.32563e+17	1.30829	1.3038	1.3038	1.3038	1.3038	1.3038	1.3038	1.3038	1.30861	1.33243	1.39438	1.45378	1.79113	3.3788	4.68688	
45012.9	6.8592e+17	2.78795e+17	1.22001e+17	7.71913e+16	1.54383e+17	2.31574e+17	3.08765e+17	3.85957e+17	4.63094e+17	5.3992e+17	6.14723e+17	6.82954e+17	7.25278e+17	3.74057e+17	8.0459e+15	6.07953e+15	5.5885e+15	2.44554e+15	1.54732e+15	3.09463e+15	4.64195e+15	6.18926e+15	7.73658e+15	9.31769e+15	1.10962e+16	1.41538e+16	2.1356e+16	4.47689e+16	2.90161e+17	4.32564e+17	1.31341	1.30216	1.30216	1.30216	1.30216	1.30216	1.30216	1.30216	1.30657	1.32841	1.3854	1.43983	1.75214	3.2809	4.68646	
45265.8	6.85923e+17	2.78798e+17	1.22003e+17	7.71922e+16	1.54384e+17	2.31577e+17	3.08769e+17	3.85961e+17	4.63104e+17	5.39959e+17	6.14934e+17	6.83761e+17	7.27741e+17	3.81582e+17	8.04423e+15	6.07774e+15	5.58653e+15	2.44468e+15	1.54677e+15	3.09354e+15	4.64031e+15	6.18708e+15	7.73385e+15	9.31173e+15	1.1072e+16	1.40206e+16	2.08477e+16	4.32321e+16	2.86477e+17	4.32565e+17	1.31874	1.30092	1.30092	1.30092	1.30092	1.30092	1.30092	1.30092	1.30496	1.32497	1.37738	1.42724	1.71616	3.18407	4.68599	
45516	6.85926e+17	2.78801e+17	1.22004e+17	7.71931e+16	1.54386e+17	2.31579e+17	3.08772e+17	3.85965e+17	4.63113e+17	5.39994e+17	6.1513e+17	6.84515e+17	7.30108e+17	3.89438e+17	8.04262e+15	6.076e+15	5.58459e+15	2.44383e+15	1.54623e+15	3.09247e+15	4.6387e+15	6.18493e+15	7.73117e+15	9.30605e+15	1.10495e+16	1.38969e+16	2.03723e+16	4.17544e+16	2.82595e+17	4.32566e+17	1.32421	1.30007	1.30007	1.30007	1.30007	1.30007	1.30007	1.30007	1.30376	1.32212	1.37033	1.41602	1.68329	3.0897	4.68545	
45766.7	6.85929e+17	2.78805e+17	1.22006e+17	7.71939e+16	1.54388e+17	2.31582e+17	3.08776e+17	3.8597e+17	4.63122e+17	5.40028e+17	6.15314e+17	6.85228e+17	7.32405e+17	3.97686e+17	8.04106e+15	6.07428e+15	5.58267e+15	2.44299e+15	1.5457e+15	3.0914e+15	4.6371e+15	6.18281e+15	7.72851e+15	9.30058e+15	1.10283e+16	1.37807e+16	1.99228e+16	4.03193e+16	2.78481e+17	4.32567e+17	1.32988	1.29957	1.29957	1.29957	1.29957	1.29957	1.29957	1.29957	1.30295	1.31977	1.36409	1.40593	1.65295	2.99714	4.68484	
46018.1	6.85933e+17	2.78808e+17	1.22007e+17	7.71948e+16	1.5439e+17	2.31584e+17	3.08779e+17	3.85974e+17	4.6313e+17	5.4006e+17	6.15487e+17	6.85902e+17	7.34629e+17	4.06301e+17	8.03958e+15	6.07257e+15	5.58077e+15	2.44216e+15	1.54517e+15	3.09035e+15	4.63552e+15	6.18069e+15	7.72587e+15	9.29529e+15	1.10083e+16	1.36715e+16	1.94981e+16	3.89289e+16	2.74146e+17	4.32568e+17	1.33576	1.29943	1.29943	1.29943	1.29943	1.29943	1.29943	1.29943	1.30251	1.31792	1.35863	1.39692	1.625	2.90679	4.68414	
46270.5	6.85936e+17	2.78811e+17	1.22008e+17	7.71956e+16	1.54391e+17	2.31587e+17	3.08783e+17	3.85978e+17	4.63139e+17	5.4009e+17	6.15649e+17	6.86538e+17	7.36781e+17	4.1527e+17	8.03819e+15	6.07089e+15	5.57887e+15	2.44133e+15	1.54465e+15	3.0893e+15	4.63394e+15	6.17859e+15	7.72324e+15	9.29018e+15	1.09895e+16	1.35688e+16	1.90968e+16	3.75826e+16	2.69591e+17	4.3257e+17	1.34184	1.29962	1.29962	1.29962	1.29962	1.29962	1.29962	1.29962	1.30244	1.31654	1.3539	1.38891	1.59928	2.81886	4.68334	
46522.6	6.85939e+17	2.78814e+17	1.2201e+17	7.71965e+16	1.54393e+17	2.31589e+17	3.08786e+17	3.85982e+17	4.63147e+17	5.40118e+17	6.15801e+17	6.87136e+17	7.38847e+17	4.24509e+17	8.03693e+15	6.06923e+15	5.57699e+15	2.44051e+15	1.54413e+15	3.08826e+15	4.63239e+15	6.17651e+15	7.72064e+15	9.28524e+15	1.09718e+16	1.34729e+16	1.872e+16	3.62893e+16	2.64856e+17	4.32571e+17	1.3481	1.30015	1.30015	1.30015	1.30015	1.30015	1.30015	1.30015	1.30272	1.31562	1.34989	1.3819	1.57582	2.73415	4.68243	
46775	6.85942e+17	2.78817e+17	1.22011e+17	7.71973e+16	1.54395e+17	2.31592e+17	3.08789e+17	3.85987e+17	4.63154e+17	5.40144e+17	6.15943e+17	6.87697e+17	7.4083e+17	4.33998e+17	8.03582e+15	6.06759e+15	5.57513e+15	2.43969e+15	1.54361e+15	3.08723e+15	4.63084e+15	6.17446e+15	7.71807e+15	9.28047e+15	1.09551e+16	1.33833e+16	1.8366e+16	3.50472e+16	2.5995e+17	4.32572e+17	1.35453	1.30099	1.30099	1.30099	1.30099	1.30099	1.30099	1.30099	1.30334	1.31513	1.34656	1.3758	1.55443	2.65273	4.6814	
47025	6.85945e+17	2.7882e+17	1.22012e+17	7.71981e+16	1.54396e+17	2.31594e+17	3.08793e+17	3.85991e+17	4.63162e+17	5.40169e+17	6.16075e+17	6.88218e+17	7.42711e+17	4.43605e+17	8.03492e+15	6.06599e+15	5.57331e+15	2.4389e+15	1.54311e+15	3.08622e+15	4.62933e+15	6.17244e+15	7.71554e+15	9.2759e+15	1.09396e+16	1.33003e+16	1.80371e+16	3.38685e+16	2.54939e+17	4.32573e+17	1.36107	1.30214	1.30214	1.30214	1.30214	1.30214	1.30214	1.30214	1.30429	1.31507	1.3439	1.37062	1.53519	2.57552	4.68023	
47278.1	6.85948e+17	2.78823e+17	1.22014e+17	7.7199e+16	1.54398e+17	2.31597e+17	3.08796e+17	3.85995e+17	4.63169e+17	5.40193e+17	6.16199e+17	6.88712e+17	7.44529e+17	4.53501e+17	8.03425e+15	6.0644e+15	5.57148e+15	2.4381e+15	1.5426e+15	3.08521e+15	4.62781e+15	6.17041e+15	7.71301e+15	9.27143e+15	1.09249e+16	1.32219e+16	1.77252e+16	3.27278e+16	2.49732e+17	4.32575e+17	1.36787	1.30361	1.30361	1.30361	1.30361	1.30361	1.30361	1.30361	1.30557	1.31541	1.34181	1.3662	1.51757	2.50097	4.67889	
47528.5	6.85951e+17	2.78826e+17	1.22015e+17	7.71998e+16	1.544e+17	2.31599e+17	3.08799e+17	3.85999e+17	4.63176e+17	5.40214e+17	6.16313e+17	6.8917e+17	7.46245e+17	4.63425e+17	8.03386e+15	6.06284e+15	5.56969e+15	2.43731e+15	1.54211e+15	3.08421e+15	4.62632e+15	6.16843e+15	7.71054e+15	9.26715e+15	1.09111e+16	1.31495e+16	1.74365e+16	3.16513e+16	2.44468e+17	4.32576e+17	1.37476	1.30536	1.30536	1.30536	1.30536	1.30536	1.30536	1.30536	1.30714	1.31614	1.34032	1.3626	1.50187	2.43086	4.67739	
47779.6	6.85953e+17	2.78829e+17	1.22016e+17	7.72006e+16	1.54401e+17	2.31602e+17	3.08802e+17	3.86003e+17	4.63182e+17	5.40235e+17	6.1642e+17	6.89598e+17	7.47882e+17	4.73474e+17	8.0338e+15	6.06131e+15	5.56792e+15	2.43653e+15	1.54162e+15	3.08323e+15	4.62485e+15	6.16646e+15	7.70808e+15	9.26298e+15	1.08982e+16	1.30819e+16	1.71658e+16	3.06232e+16	2.39094e+17	4.32577e+17	1.38184	1.30739	1.30739	1.30739	1.30739	1.30739	1.30739	1.30739	1.30902	1.31723	1.33938	1.35971	1.48775	2.3642	4.67569	
48030.2	6.85956e+17	2.78831e+17	1.22017e+17	7.72014e+16	1.54403e+17	2.31604e+17	3.08805e+17	3.86007e+17	4.63189e+17	5.40254e+17	6.1652e+17	6.89998e+17	7.49436e+17	4.83571e+17	8.03412e+15	6.0598e+15	5.56616e+15	2.43577e+15	1.54113e+15	3.08226e+15	4.62339e+15	6.16452e+15	7.70565e+15	9.25895e+15	1.0886e+16	1.3019e+16	1.69134e+16	2.96473e+16	2.33653e+17	4.32578e+17	1.38907	1.3097	1.3097	1.3097	1.3097	1.3097	1.3097	1.3097	1.31119	1.31868	1.33895	1.3575	1.47518	2.30128	4.67377	
48281.8	6.85959e+17	2.78834e+17	1.22019e+17	7.72021e+16	1.54404e+17	2.31606e+17	3.08809e+17	3.86011e+17	4.63195e+17	5.40273e+17	6.16613e+17	6.90373e+17	7.50916e+17	4.93742e+17	8.03489e+15	6.0583e+15	5.56442e+15	2.435e+15	1.54065e+15	3.08129e+15	4.62194e+15	6.16259e+15	7.70323e+15	9.25503e+15	1.08745e+16	1.29602e+16	1.66769e+16	2.87174e+16	2.28131e+17	4.3258e+17	1.39648	1.31229	1.31229	1.31229	1.31229	1.31229	1.31229	1.31229	1.31364	1.32048	1.33902	1.35594	1.464	2.24168	4.67159	
48533.6	6.85962e+17	2.78837e+17	1.2202e+17	7.72029e+16	1.54406e+17	2.31609e+17	3.08812e+17	3.86015e+17	4.63201e+17	5.4029e+17	6.167e+17	6.90722e+17	7.52319e+17	5.03925e+17	8.03617e+15	6.05683e+15	5.56269e+15	2.43425e+15	1.54017e+15	3.08034e+15	4.62051e+15	6.16067e+15	7.70084e+15	9.25121e+15	1.08637e+16	1.29055e+16	1.64564e+16	2.78354e+16	2.22562e+17	4.32581e+17	1.40407	1.31515	1.31515	1.31515	1.31515	1.31515	1.31515	1.31515	1.31638	1.32262	1.33956	1.35498	1.45415	2.18554	4.66914	
48785.4	6.85964e+17	2.7884e+17	1.22021e+17	7.72037e+16	1.54407e+17	2.31611e+17	3.08815e+17	3.86018e+17	4.63207e+17	5.40306e+17	6.16781e+17	6.91047e+17	7.53646e+17	5.14086e+17	8.03805e+15	6.05537e+15	5.56098e+15	2.4335e+15	1.5397e+15	3.07939e+15	4.61909e+15	6.15878e+15	7.69848e+15	9.24751e+15	1.08535e+16	1.28546e+16	1.62509e+16	2.70007e+16	2.16967e+17	4.32582e+17	1.41181	1.31827	1.31827	1.31827	1.31827	1.31827	1.31827	1.31827	1.31939	1.32507	1.34056	1.3546	1.44558	2.13279	4.66638	
49037.8	6.85967e+17	2.78843e+17	1.22022e+17	7.72044e+16	1.54409e+17	2.31613e+17	3.08818e+17	3.86022e+17	4.63213e+17	5.40322e+17	6.16856e+17	6.91351e+17	7.54902e+17	5.24222e+17	8.04059e+15	6.05393e+15	5.55929e+15	2.43276e+15	1.53923e+15	3.07845e+15	4.61768e+15	6.15691e+15	7.69614e+15	9.24389e+15	1.08438e+16	1.28071e+16	1.60593e+16	2.621e+16	2.11348e+17	4.32583e+17	1.41973	1.32165	1.32165	1.32165	1.32165	1.32165	1.32165	1.32165	1.32266	1.32784	1.34198	1.35478	1.43817	2.08321	4.66329	
49290.1	6.8597e+17	2.78845e+17	1.22023e+17	7.72052e+16	1.5441e+17	2.31616e+17	3.08821e+17	3.86026e+17	4.63219e+17	5.40336e+17	6.16926e+17	6.91633e+17	7.56087e+17	5.34282e+17	8.04387e+15	6.05252e+15	5.55762e+15	2.43203e+15	1.53876e+15	3.07753e+15	4.61629e+15	6.15505e+15	7.69382e+15	9.24037e+15	1.08347e+16	1.2763e+16	1.58811e+16	2.54641e+16	2.05736e+17	4.32584e+17	1.42779	1.32527	1.32527	1.32527	1.32527	1.32527	1.32527	1.32527	1.3262	1.33091	1.34382	1.35547	1.43189	2.0368	4.65983	
49543.1	6.85972e+17	2.78848e+17	1.22025e+17	7.72059e+16	1.54412e+17	2.31618e+17	3.08824e+17	3.8603e+17	4.63224e+17	5.4035e+17	6.16991e+17	6.91896e+17	7.57206e+17	5.44269e+17	8.048e+15	6.05111e+15	5.55596e+15	2.4313e+15	1.5383e+15	3.07661e+15	4.61491e+15	6.15322e+15	7.69152e+15	9.23694e+15	1.08261e+16	1.2722e+16	1.57152e+16	2.47595e+16	2.00131e+17	4.32586e+17	1.43603	1.32915	1.32915	1.32915	1.32915	1.32915	1.32915	1.32915	1.32999	1.33428	1.34606	1.35666	1.42664	1.99334	4.65597	
49793.3	6.85975e+17	2.78851e+17	1.22026e+17	7.72067e+16	1.54413e+17	2.3162e+17	3.08827e+17	3.86033e+17	4.6323e+17	5.40363e+17	6.17051e+17	6.92137e+17	7.58248e+17	5.54033e+17	8.05298e+15	6.04974e+15	5.55433e+15	2.43059e+15	1.53785e+15	3.07571e+15	4.61356e+15	6.15142e+15	7.68927e+15	9.23363e+15	1.0818e+16	1.26842e+16	1.55628e+16	2.41034e+16	1.94621e+17	4.32587e+17	1.44432	1.33322	1.33322	1.33322	1.33322	1.33322	1.33322	1.33322	1.33399	1.33789	1.34864	1.35829	1.42241	1.9532	4.65173	
50046.2	6.85977e+17	2.78853e+17	1.22027e+17	7.72074e+16	1.54415e+17	2.31622e+17	3.0883e+17	3.86037e+17	4.63235e+17	5.40375e+17	6.17107e+17	6.92363e+17	7.59238e+17	5.63766e+17	8.05902e+15	6.04838e+15	5.55271e+15	2.42988e+15	1.53741e+15	3.07481e+15	4.61222e+15	6.14962e+15	7.68703e+15	9.23036e+15	1.08103e+16	1.26488e+16	1.54198e+16	2.34798e+16	1.89096e+17	4.32588e+17	1.45284	1.33757	1.33757	1.33757	1.33757	1.33757	1.33757	1.33757	1.33826	1.34182	1.35162	1.36039	1.41906	1.9154	4.647	
50296.3	6.8598e+17	2.78856e+17	1.22028e+17	7.72081e+16	1.54416e+17	2.31624e+17	3.08832e+17	3.86041e+17	4.6324e+17	5.40387e+17	6.17158e+17	6.92571e+17	7.60157e+17	5.7324e+17	8.06605e+15	6.04705e+15	5.55113e+15	2.42919e+15	1.53697e+15	3.07393e+15	4.6109e+15	6.14787e+15	7.68483e+15	9.22721e+15	1.08031e+16	1.26163e+16	1.52887e+16	2.29007e+16	1.83692e+17	4.32589e+17	1.4614	1.34209	1.34209	1.34209	1.34209	1.34209	1.34209	1.34209	1.34272	1.34595	1.35489	1.36288	1.41659	1.8806	4.64185	
50546.9	6.85982e+17	2.78858e+17	1.22029e+17	7.72088e+16	1.54418e+17	2.31626e+17	3.08835e+17	3.86044e+17	4.63245e+17	5.40398e+17	6.17206e+17	6.92764e+17	7.61021e+17	5.82568e+17	8.07424e+15	6.04573e+15	5.54956e+15	2.4285e+15	1.53653e+15	3.07306e+15	4.6096e+15	6.14613e+15	7.68266e+15	9.22413e+15	1.07962e+16	1.2586e+16	1.51669e+16	2.23562e+16	1.78344e+17	4.3259e+17	1.47011	1.34684	1.34684	1.34684	1.34684	1.34684	1.34684	1.34684	1.34741	1.35035	1.3585	1.36577	1.41492	1.8482	4.6362	
50797	6.85985e+17	2.78861e+17	1.2203e+17	7.72095e+16	1.54419e+17	2.31629e+17	3.08838e+17	3.86048e+17	4.6325e+17	5.40408e+17	6.17251e+17	6.92942e+17	7.61829e+17	5.91702e+17	8.08364e+15	6.04443e+15	5.54801e+15	2.42782e+15	1.5361e+15	3.07221e+15	4.60831e+15	6.14441e+15	7.68051e+15	9.22112e+15	1.07897e+16	1.2558e+16	1.50543e+16	2.18467e+16	1.73083e+17	4.32591e+17	1.47892	1.35179	1.35179	1.35179	1.35179	1.35179	1.35179	1.35179	1.35231	1.35498	1.36241	1.36902	1.41399	1.81816	4.63003	
51047.7	6.85987e+17	2.78863e+17	1.22031e+17	7.72102e+16	1.5442e+17	2.31631e+17	3.08841e+17	3.86051e+17	4.63255e+17	5.40418e+17	6.17292e+17	6.93108e+17	7.62587e+17	6.00673e+17	8.09437e+15	6.04314e+15	5.54647e+15	2.42715e+15	1.53568e+15	3.07136e+15	4.60703e+15	6.14271e+15	7.67839e+15	9.21817e+15	1.07835e+16	1.25318e+16	1.49496e+16	2.13683e+16	1.67893e+17	4.32593e+17	1.48788	1.35696	1.35696	1.35696	1.35696	1.35696	1.35696	1.35696	1.35743	1.35987	1.36663	1.37264	1.41376	1.79024	4.62331	
51298.7	6.85989e+17	2.78866e+17	1.22032e+17	7.72109e+16	1.54422e+17	2.31633e+17	3.08844e+17	3.86054e+17	4.63259e+17	5.40428e+17	6.17331e+17	6.93261e+17	7.63297e+17	6.09454e+17	8.10648e+15	6.04187e+15	5.54495e+15	2.42649e+15	1.53526e+15	3.07051e+15	4.60577e+15	6.14103e+15	7.67629e+15	9.21529e+15	1.07776e+16	1.25075e+16	1.48527e+16	2.09204e+16	1.62792e+17	4.32594e+17	1.49696	1.36234	1.36234	1.36234	1.36234	1.36234	1.36234	1.36234	1.36277	1.36498	1.37114	1.37661	1.41418	1.76437	4.61601	
51549.6	6.85992e+17	2.78868e+17	1.22033e+17	7.72116e+16	1.54423e+17	2.31635e+17	3.08846e+17	3.86058e+17	4.63264e+17	5.40437e+17	6.17367e+17	6.93403e+17	7.63961e+17	6.1803e+17	8.12003e+15	6.04061e+15	5.54345e+15	2.42583e+15	1.53484e+15	3.06968e+15	4.60453e+15	6.13937e+15	7.67421e+15	9.21246e+15	1.0772e+16	1.24849e+16	1.47631e+16	2.05018e+16	1.57789e+17	4.32595e+17	1.50615	1.36792	1.36792	1.36792	1.36792	1.36792	1.36792	1.36792	1.36831	1.37032	1.37593	1.38089	1.41522	1.74046	4.60815	
51801.3	6.85994e+17	2.78871e+17	1.22035e+17	7.72122e+16	1.54424e+17	2.31637e+17	3.08849e+17	3.86061e+17	4.63269e+17	5.40445e+17	6.174e+17	6.93535e+17	7.64582e+17	6.26418e+17	8.13512e+15	6.03937e+15	5.54197e+15	2.42518e+15	1.53443e+15	3.06886e+15	4.60329e+15	6.13772e+15	7.67215e+15	9.20969e+15	1.07667e+16	1.24639e+16	1.46799e+16	2.01099e+16	1.52877e+17	4.32597e+17	1.51549	1.37372	1.37372	1.37372	1.37372	1.37372	1.37372	1.37372	1.37407	1.37589	1.381	1.3855	1.41685	1.71834	4.59967	
52052.3	6.85996e+17	2.78873e+17	1.22036e+17	7.72129e+16	1.54426e+17	2.31639e+17	3.08852e+17	3.86065e+17	4.63273e+17	5.40453e+17	6.17431e+17	6.93656e+17	7.65159e+17	6.34566e+17	8.1517e+15	6.03814e+15	5.5405e+15	2.42454e+15	1.53402e+15	3.06805e+15	4.60207e+15	6.1361e+15	7.67012e+15	9.20697e+15	1.07616e+16	1.24444e+16	1.46033e+16	1.97453e+16	1.48089e+17	4.32598e+17	1.52489	1.37969	1.37969	1.37969	1.37969	1.37969	1.37969	1.37969	1.38001	1.38166	1.3863	1.3904	1.41902	1.69802	4.59063	
52304.4	6.85999e+17	2.78875e+17	1.22037e+17	7.72136e+16	1.54427e+17	2.31641e+17	3.08854e+17	3.86068e+17	4.63277e+17	5.40461e+17	6.1746e+17	6.93769e+17	7.657e+17	6.42525e+17	8.16993e+15	6.03692e+15	5.53905e+15	2.4239e+15	1.53362e+15	3.06724e+15	4.60087e+15	6.13449e+15	7.66811e+15	9.2043e+15	1.07567e+16	1.24262e+16	1.45322e+16	1.94041e+16	1.43394e+17	4.326e+17	1.53444	1.38587	1.38587	1.38587	1.38587	1.38587	1.38587	1.38587	1.38616	1.38766	1.39188	1.39559	1.42171	1.67926	4.58096	
52556	6.86001e+17	2.78878e+17	1.22038e+17	7.72142e+16	1.54428e+17	2.31643e+17	3.08857e+17	3.86071e+17	4.63282e+17	5.40469e+17	6.17487e+17	6.93872e+17	7.66202e+17	6.50246e+17	8.18972e+15	6.03572e+15	5.53761e+15	2.42327e+15	1.53323e+15	3.06645e+15	4.59968e+15	6.1329e+15	7.66613e+15	9.20169e+15	1.0752e+16	1.24094e+16	1.44666e+16	1.90869e+16	1.38826e+17	4.32602e+17	1.54408	1.39222	1.39222	1.39222	1.39222	1.39222	1.39222	1.39222	1.39249	1.39385	1.39768	1.40105	1.42487	1.66208	4.57072	
52807.7	6.86003e+17	2.7888e+17	1.22039e+17	7.72148e+16	1.5443e+17	2.31645e+17	3.08859e+17	3.86074e+17	4.63286e+17	5.40476e+17	6.17512e+17	6.93968e+17	7.6667e+17	6.5774e+17	8.21111e+15	6.03453e+15	5.5362e+15	2.42265e+15	1.53283e+15	3.06567e+15	4.5985e+15	6.13133e+15	7.66417e+15	9.19912e+15	1.07475e+16	1.23937e+16	1.44061e+16	1.87917e+16	1.34377e+17	4.32603e+17	1.5538	1.39876	1.39876	1.39876	1.39876	1.39876	1.39876	1.39876	1.39899	1.40023	1.40371	1.40677	1.4285	1.64636	4.55992	
53059.9	6.86005e+17	2.78882e+17	1.2204e+17	7.72155e+16	1.54431e+17	2.31646e+17	3.08862e+17	3.86077e+17	4.6329e+17	5.40483e+17	6.17535e+17	6.94057e+17	7.67105e+17	6.65021e+17	8.23415e+15	6.03335e+15	5.5348e+15	2.42204e+15	1.53245e+15	3.06489e+15	4.59734e+15	6.12978e+15	7.66223e+15	9.1966e+15	1.07432e+16	1.2379e+16	1.43502e+16	1.85168e+16	1.30042e+17	4.32605e+17	1.56363	1.40548	1.40548	1.40548	1.40548	1.40548	1.40548	1.40548	1.40569	1.40681	1.40998	1.41275	1.43255	1.63198	4.54854	
53311.3	6.86008e+17	2.78885e+17	1.22041e+17	7.72161e+16	1.54432e+17	2.31648e+17	3.08864e+17	3.8608e+17	4.63294e+17	5.4049e+17	6.17557e+17	6.94139e+17	7.67509e+17	6.72055e+17	8.25877e+15	6.03219e+15	5.53341e+15	2.42144e+15	1.53206e+15	3.06413e+15	4.59619e+15	6.12825e+15	7.66031e+15	9.19413e+15	1.07391e+16	1.23654e+16	1.42987e+16	1.82621e+16	1.25843e+17	4.32607e+17	1.57352	1.41235	1.41235	1.41235	1.41235	1.41235	1.41235	1.41235	1.41255	1.41356	1.41643	1.41895	1.437	1.61893	4.53665	
53561.6	6.8601e+17	2.78887e+17	1.22042e+17	7.72167e+16	1.54433e+17	2.3165e+17	3.08867e+17	3.86084e+17	4.63298e+17	5.40496e+17	6.17577e+17	6.94214e+17	7.67882e+17	6.78815e+17	8.28427e+15	6.03105e+15	5.53206e+15	2.42084e+15	1.53169e+15	3.06337e+15	4.59506e+15	6.12675e+15	7.65843e+15	9.19172e+15	1.07351e+16	1.23528e+16	1.42514e+16	1.80266e+16	1.21794e+17	4.32607e+17	1.58344	1.41936	1.41936	1.41936	1.41936	1.41936	1.41936	1.41936	1.41953	1.42045	1.42306	1.42535	1.4418	1.60716	4.52454	
53814.4	6.86012e+17	2.78889e+17	1.22043e+17	7.72173e+16	1.54435e+17	2.31652e+17	3.08869e+17	3.86087e+17	4.63302e+17	5.40502e+17	6.17596e+17	6.94283e+17	7.68231e+17	6.85384e+17	8.30999e+15	6.02991e+15	5.5307e+15	2.42025e+15	1.53131e+15	3.06262e+15	4.59393e+15	6.12525e+15	7.65656e+15	9.18932e+15	1.07313e+16	1.2341e+16	1.42073e+16	1.7806e+16	1.17848e+17	4.32605e+17	1.59352	1.42659	1.42659	1.42659	1.42659	1.42659	1.42659	1.42659	1.42675	1.42759	1.42995	1.43202	1.447	1.59646	4.51254	
54066	6.86014e+17	2.78891e+17	1.22044e+17	7.72179e+16	1.54436e+17	2.31654e+17	3.08872e+17	3.8609e+17	4.63305e+17	5.40508e+17	6.17613e+17	6.94348e+17	7.68553e+17	6.91661e+17	8.33472e+15	6.02878e+15	5.52937e+15	2.41967e+15	1.53094e+15	3.06189e+15	4.59283e+15	6.12377e+15	7.65471e+15	9.18697e+15	1.07276e+16	1.23299e+16	1.41668e+16	1.76024e+16	1.14068e+17	4.32602e+17	1.60359	1.43396	1.43396	1.43396	1.43396	1.43396	1.43396	1.43396	1.4341	1.43485	1.437	1.43888	1.45252	1.58694	4.50118	
54317.4	6.86016e+17	2.78893e+17	1.22044e+17	7.72185e+16	1.54437e+17	2.31656e+17	3.08874e+17	3.86093e+17	4.63309e+17	5.40514e+17	6.1763e+17	6.94407e+17	7.68852e+17	6.97677e+17	8.35792e+15	6.02767e+15	5.52805e+15	2.41909e+15	1.53058e+15	3.06116e+15	4.59174e+15	6.12231e+15	7.65289e+15	9.18466e+15	1.0724e+16	1.23197e+16	1.41295e+16	1.7414e+16	1.10436e+17	4.32599e+17	1.61364	1.44146	1.44146	1.44146	1.44146	1.44146	1.44146	1.44146	1.44159	1.44227	1.44422	1.44592	1.45834	1.57846	4.49068	
54568.5	6.86018e+17	2.78895e+17	1.22045e+17	7.72191e+16	1.54438e+17	2.31657e+17	3.08876e+17	3.86096e+17	4.63313e+17	5.40519e+17	6.17645e+17	6.94461e+17	7.69128e+17	7.03439e+17	8.37919e+15	6.02656e+15	5.52676e+15	2.41852e+15	1.53022e+15	3.06044e+15	4.59066e+15	6.12088e+15	7.6511e+15	9.1824e+15	1.07206e+16	1.23101e+16	1.40952e+16	1.72397e+16	1.06951e+17	4.32596e+17	1.62361	1.44909	1.44909	1.44909	1.44909	1.44909	1.44909	1.44909	1.44921	1.44983	1.4516	1.45314	1.46445	1.57094	4.48117	
54821.1	6.86021e+17	2.78898e+17	1.22046e+17	7.72197e+16	1.54439e+17	2.31659e+17	3.08879e+17	3.86098e+17	4.63317e+17	5.40525e+17	6.17659e+17	6.94512e+17	7.69385e+17	7.08999e+17	8.39847e+15	6.02546e+15	5.52547e+15	2.41796e+15	1.52986e+15	3.05972e+15	4.58959e+15	6.11945e+15	7.64931e+15	9.18015e+15	1.07173e+16	1.2301e+16	1.40633e+16	1.70773e+16	1.03581e+17	4.32593e+17	1.63354	1.45692	1.45692	1.45692	1.45692	1.45692	1.45692	1.45692	1.45702	1.45758	1.45918	1.46058	1.47086	1.56428	4.47264	
55074.3	6.86023e+17	2.789e+17	1.22047e+17	7.72203e+16	1.54441e+17	2.31661e+17	3.08881e+17	3.86101e+17	4.6332e+17	5.4053e+17	6.17673e+17	6.94559e+17	7.69623e+17	7.14342e+17	8.41563e+15	6.02437e+15	5.52419e+15	2.4174e+15	1.52951e+15	3.05902e+15	4.58853e+15	6.11803e+15	7.64754e+15	9.17794e+15	1.0714e+16	1.22925e+16	1.40338e+16	1.69269e+16	1.00337e+17	4.3259e+17	1.64333	1.46488	1.46488	1.46488	1.46488	1.46488	1.46488	1.46488	1.46498	1.46548	1.46693	1.4682	1.47755	1.55842	4.46511	
55327.4	6.86025e+17	2.78902e+17	1.22048e+17	7.72209e+16	1.54442e+17	2.31663e+17	3.08883e+17	3.86104e+17	4.63324e+17	5.40535e+17	6.17686e+17	6.94602e+17	7.69843e+17	7.19462e+17	8.43078e+15	6.02328e+15	5.52293e+15	2.41685e+15	1.52916e+15	3.05832e+15	4.58748e+15	6.11664e+15	7.6458e+15	9.17576e+15	1.07109e+16	1.22846e+16	1.40066e+16	1.67879e+16	9.72217e+16	4.32588e+17	1.65294	1.47296	1.47296	1.47296	1.47296	1.47296	1.47296	1.47296	1.47305	1.4735	1.47482	1.47596	1.48446	1.55334	4.45853	
55578.9	6.86027e+17	2.78904e+17	1.22049e+17	7.72214e+16	1.54443e+17	2.31664e+17	3.08886e+17	3.86107e+17	4.63327e+17	5.4054e+17	6.17698e+17	6.94641e+17	7.70045e+17	7.24343e+17	8.44412e+15	6.0222e+15	5.52169e+15	2.41631e+15	1.52882e+15	3.05763e+15	4.58645e+15	6.11526e+15	7.64408e+15	9.17363e+15	1.07079e+16	1.22772e+16	1.39817e+16	1.66604e+16	9.42475e+16	4.32587e+17	1.66229	1.4811	1.4811	1.4811	1.4811	1.4811	1.4811	1.4811	1.48118	1.48159	1.48278	1.48381	1.49154	1.549	4.45278	
55831.2	6.86029e+17	2.78906e+17	1.2205e+17	7.7222e+16	1.54444e+17	2.31666e+17	3.08888e+17	3.8611e+17	4.63331e+17	5.40545e+17	6.17709e+17	6.94678e+17	7.70232e+17	7.2904e+17	8.45618e+15	6.02111e+15	5.52046e+15	2.41577e+15	1.52848e+15	3.05695e+15	4.58543e+15	6.1139e+15	7.64238e+15	9.17151e+15	1.07049e+16	1.22702e+16	1.39586e+16	1.65422e+16	9.13806e+16	4.32586e+17	1.67146	1.48936	1.48936	1.48936	1.48936	1.48936	1.48936	1.48936	1.48943	1.4898	1.49088	1.49181	1.49884	1.5453	4.44761	
56081.9	6.86031e+17	2.78908e+17	1.22051e+17	7.72225e+16	1.54445e+17	2.31668e+17	3.0889e+17	3.86113e+17	4.63334e+17	5.4055e+17	6.17719e+17	6.94712e+17	7.70403e+17	7.33517e+17	8.4673e+15	6.02004e+15	5.51925e+15	2.41524e+15	1.52814e+15	3.05628e+15	4.58442e+15	6.11256e+15	7.64071e+15	9.16944e+15	1.0702e+16	1.22636e+16	1.39375e+16	1.64338e+16	8.86434e+16	4.32586e+17	1.68036	1.49765	1.49765	1.49765	1.49765	1.49765	1.49765	1.49765	1.49771	1.49805	1.49903	1.49987	1.50626	1.54223	4.44288	
56333.7	6.86033e+17	2.7891e+17	1.22052e+17	7.72231e+16	1.54446e+17	2.31669e+17	3.08892e+17	3.86115e+17	4.63338e+17	5.40554e+17	6.17729e+17	6.94743e+17	7.70563e+17	7.37832e+17	8.47809e+15	6.01896e+15	5.51805e+15	2.41471e+15	1.52781e+15	3.05562e+15	4.58343e+15	6.11123e+15	7.63904e+15	9.16739e+15	1.06992e+16	1.22574e+16	1.39178e+16	1.63333e+16	8.60021e+16	4.32587e+17	1.68909	1.50605	1.50605	1.50605	1.50605	1.50605	1.50605	1.50605	1.50611	1.50641	1.5073	1.50806	1.51387	1.53971	4.43832	
56587.4	6.86035e+17	2.78912e+17	1.22053e+17	7.72236e+16	1.54447e+17	2.31671e+17	3.08894e+17	3.86118e+17	4.63341e+17	5.40559e+17	6.17739e+17	6.94772e+17	7.7071e+17	7.42e+17	8.48912e+15	6.01787e+15	5.51685e+15	2.41419e+15	1.52748e+15	3.05496e+15	4.58243e+15	6.10991e+15	7.63739e+15	9.16535e+15	1.06965e+16	1.22515e+16	1.38995e+16	1.62399e+16	8.34464e+16	4.32588e+17	1.69768	1.51458	1.51458	1.51458	1.51458	1.51458	1.51458	1.51458	1.51463	1.51491	1.51571	1.5164	1.52167	1.53771	4.43369	
56837.8	6.86038e+17	2.78914e+17	1.22053e+17	7.72242e+16	1.54448e+17	2.31672e+17	3.08897e+17	3.86121e+17	4.63344e+17	5.40563e+17	6.17748e+17	6.94799e+17	7.70834e+17	7.45916e+17	8.5007e+15	6.01678e+15	5.51568e+15	2.41368e+15	1.52715e+15	3.05431e+15	4.58146e+15	6.10861e+15	7.63577e+15	9.16337e+15	1.06938e+16	1.2246e+16	1.38828e+16	1.6155e+16	8.10354e+16	4.32591e+17	1.70597	1.52305	1.52305	1.52305	1.52305	1.52305	1.52305	1.52305	1.5231	1.52335	1.52407	1.5247	1.52946	1.53624	4.42885	
57088	6.8604e+17	2.78916e+17	1.22054e+17	7.72247e+16	1.54449e+17	2.31674e+17	3.08899e+17	3.86123e+17	4.63347e+17	5.40567e+17	6.17756e+17	6.94823e+17	7.70943e+17	7.49589e+17	8.51362e+15	6.0157e+15	5.51453e+15	2.41317e+15	1.52683e+15	3.05367e+15	4.5805e+15	6.10733e+15	7.63417e+15	9.1614e+15	1.06912e+16	1.22408e+16	1.38673e+16	1.60775e+16	7.87682e+16	4.32594e+17	1.71406	1.53156	1.53156	1.53156	1.53156	1.53156	1.53156	1.53156	1.53161	1.53183	1.53248	1.53305	1.53724	1.53523	4.4235	
57341.7	6.86042e+17	2.78918e+17	1.22055e+17	7.72252e+16	1.5445e+17	2.31676e+17	3.08901e+17	3.86126e+17	4.63351e+17	5.40572e+17	6.17764e+17	6.94846e+17	7.71045e+17	7.53096e+17	8.52872e+15	6.0146e+15	5.51337e+15	2.41266e+15	1.52651e+15	3.05302e+15	4.57954e+15	6.10605e+15	7.63256e+15	9.15943e+15	1.06887e+16	1.22358e+16	1.38528e+16	1.6006e+16	7.66021e+16	4.32599e+17	1.72209	1.54022	1.54022	1.54022	1.54022	1.54022	1.54022	1.54022	1.54026	1.54046	1.54105	1.54156	1.54513	1.53463	4.41728	
57594.4	6.86044e+17	2.78919e+17	1.22056e+17	7.72257e+16	1.54451e+17	2.31677e+17	3.08903e+17	3.86129e+17	4.63354e+17	5.40576e+17	6.17772e+17	6.94868e+17	7.71137e+17	7.56392e+17	8.54623e+15	6.01349e+15	5.51222e+15	2.41216e+15	1.52619e+15	3.05239e+15	4.57858e+15	6.10478e+15	7.63097e+15	9.15749e+15	1.06861e+16	1.2231e+16	1.38394e+16	1.59408e+16	7.4564e+16	4.32604e+17	1.72992	1.54887	1.54887	1.54887	1.54887	1.54887	1.54887	1.54887	1.5489	1.54908	1.54962	1.55008	1.55296	1.53441	4.41011	
57847.7	6.86046e+17	2.78921e+17	1.22057e+17	7.72263e+16	1.54453e+17	2.31679e+17	3.08905e+17	3.86131e+17	4.63357e+17	5.4058e+17	6.17779e+17	6.94888e+17	7.71221e+17	7.59516e+17	8.56661e+15	6.01238e+15	5.51108e+15	2.41166e+15	1.52588e+15	3.05176e+15	4.57764e+15	6.10351e+15	7.62939e+15	9.15557e+15	1.06837e+16	1.22265e+16	1.3827e+16	1.58811e+16	7.26308e+16	4.32609e+17	1.7376	1.55755	1.55755	1.55755	1.55755	1.55755	1.55755	1.55755	1.55758	1.55774	1.55822	1.55864	1.5608	1.53453	4.40183	
58100.5	6.86048e+17	2.78923e+17	1.22057e+17	7.72268e+16	1.54454e+17	2.3168e+17	3.08907e+17	3.86134e+17	4.6336e+17	5.40584e+17	6.17786e+17	6.94906e+17	7.71299e+17	7.62468e+17	8.59005e+15	6.01126e+15	5.50995e+15	2.41117e+15	1.52557e+15	3.05113e+15	4.5767e+15	6.10226e+15	7.62783e+15	9.15366e+15	1.06812e+16	1.22221e+16	1.38154e+16	1.58266e+16	7.08027e+16	4.32615e+17	1.7451	1.56621	1.56621	1.56621	1.56621	1.56621	1.56621	1.56621	1.56624	1.56639	1.56682	1.5672	1.56859	1.53494	4.39239	
58352.4	6.86051e+17	2.78925e+17	1.22058e+17	7.72273e+16	1.54455e+17	2.31682e+17	3.08909e+17	3.86136e+17	4.63363e+17	5.40588e+17	6.17793e+17	6.94923e+17	7.71369e+17	7.65256e+17	8.61667e+15	6.01014e+15	5.50883e+15	2.41068e+15	1.52526e+15	3.05051e+15	4.57577e+15	6.10103e+15	7.62628e+15	9.15178e+15	1.06789e+16	1.2218e+16	1.38047e+16	1.57769e+16	6.90742e+16	4.32622e+17	1.75243	1.57484	1.57484	1.57484	1.57484	1.57484	1.57484	1.57484	1.57486	1.57499	1.57539	1.57573	1.57631	1.53561	4.38176	
58605	6.86053e+17	2.78927e+17	1.22059e+17	7.72278e+16	1.54456e+17	2.31683e+17	3.08911e+17	3.86139e+17	4.63366e+17	5.40592e+17	6.178e+17	6.94939e+17	7.71433e+17	7.67909e+17	8.64677e+15	6.00901e+15	5.50772e+15	2.41019e+15	1.52495e+15	3.0499e+15	4.57485e+15	6.0998e+15	7.62475e+15	9.14991e+15	1.06765e+16	1.2214e+16	1.37947e+16	1.57314e+16	6.74283e+16	4.32628e+17	1.75963	1.58347	1.58347	1.58347	1.58347	1.58347	1.58347	1.58347	1.58349	1.58361	1.58397	1.58428	1.58401	1.53653	4.36987	
58857.3	6.86055e+17	2.78929e+17	1.2206e+17	7.72283e+16	1.54457e+17	2.31685e+17	3.08913e+17	3.86141e+17	4.63369e+17	5.40595e+17	6.17806e+17	6.94954e+17	7.71491e+17	7.70426e+17	8.68033e+15	6.00787e+15	5.50662e+15	2.40971e+15	1.52464e+15	3.04929e+15	4.57393e+15	6.09858e+15	7.62322e+15	9.14806e+15	1.06742e+16	1.22102e+16	1.37854e+16	1.56899e+16	6.58654e+16	4.32634e+17	1.76668	1.59207	1.59207	1.59207	1.59207	1.59207	1.59207	1.59207	1.59209	1.5922	1.59252	1.5928	1.59166	1.53766	4.35677	
59109.2	6.86057e+17	2.7893e+17	1.22061e+17	7.72288e+16	1.54458e+17	2.31686e+17	3.08915e+17	3.86144e+17	4.63372e+17	5.40599e+17	6.17812e+17	6.94968e+17	7.71543e+17	7.72814e+17	8.71732e+15	6.00673e+15	5.50553e+15	2.40923e+15	1.52434e+15	3.04868e+15	4.57302e+15	6.09736e+15	7.6217e+15	9.14622e+15	1.06719e+16	1.22065e+16	1.37767e+16	1.56522e+16	6.43814e+16	4.32641e+17	1.77358	1.60062	1.60062	1.60062	1.60062	1.60062	1.60062	1.60062	1.60064	1.60074	1.60103	1.60128	1.59923	1.53899	4.3425	
59361.5	6.86059e+17	2.78932e+17	1.22061e+17	7.72293e+16	1.54459e+17	2.31688e+17	3.08917e+17	3.86146e+17	4.63375e+17	5.40603e+17	6.17817e+17	6.94981e+17	7.71591e+17	7.75091e+17	8.75789e+15	6.00559e+15	5.50443e+15	2.40875e+15	1.52404e+15	3.04808e+15	4.57212e+15	6.09616e+15	7.62019e+15	9.14439e+15	1.06696e+16	1.2203e+16	1.37686e+16	1.56181e+16	6.29658e+16	4.32648e+17	1.78035	1.60915	1.60915	1.60915	1.60915	1.60915	1.60915	1.60915	1.60917	1.60926	1.60952	1.60975	1.60677	1.5405	4.32705	
59613	6.86062e+17	2.78934e+17	1.22062e+17	7.72298e+16	1.5446e+17	2.31689e+17	3.08919e+17	3.86149e+17	4.63378e+17	5.40607e+17	6.17823e+17	6.94993e+17	7.71633e+17	7.77249e+17	8.80175e+15	6.00444e+15	5.50335e+15	2.40828e+15	1.52374e+15	3.04748e+15	4.57122e+15	6.09496e+15	7.6187e+15	9.14258e+15	1.06674e+16	1.21996e+16	1.3761e+16	1.55876e+16	6.16225e+16	4.32654e+17	1.78697	1.6176	1.6176	1.6176	1.6176	1.6176	1.6176	1.6176	1.61762	1.6177	1.61793	1.61814	1.61421	1.54215	4.31058	
59864.4	6.86064e+17	2.78936e+17	1.22063e+17	7.72303e+16	1.54461e+17	2.31691e+17	3.08921e+17	3.86151e+17	4.63381e+17	5.4061e+17	6.17828e+17	6.95005e+17	7.7167e+17	7.79306e+17	8.84899e+15	6.00329e+15	5.50228e+15	2.40781e+15	1.52344e+15	3.04688e+15	4.57033e+15	6.09377e+15	7.61721e+15	9.14078e+15	1.06652e+16	1.21963e+16	1.37538e+16	1.55604e+16	6.03417e+16	4.32661e+17	1.79346	1.62601	1.62601	1.62601	1.62601	1.62601	1.62601	1.62601	1.62602	1.62609	1.6263	1.62649	1.62158	1.54396	4.29311	
60116.3	6.86066e+17	2.78938e+17	1.22064e+17	7.72308e+16	1.54462e+17	2.31692e+17	3.08923e+17	3.86154e+17	4.63384e+17	5.40614e+17	6.17834e+17	6.95016e+17	7.71702e+17	7.8127e+17	8.89961e+15	6.00213e+15	5.5012e+15	2.40734e+15	1.52314e+15	3.04629e+15	4.56943e+15	6.09258e+15	7.61572e+15	9.13898e+15	1.0663e+16	1.21931e+16	1.37471e+16	1.55364e+16	5.91182e+16	4.32668e+17	1.79982	1.63436	1.63436	1.63436	1.63436	1.63436	1.63436	1.63436	1.63437	1.63444	1.63463	1.63479	1.6289	1.54589	4.27467	
60367.9	6.86068e+17	2.78939e+17	1.22065e+17	7.72313e+16	1.54463e+17	2.31694e+17	3.08925e+17	3.86156e+17	4.63387e+17	5.40617e+17	6.17839e+17	6.95026e+17	7.71729e+17	7.83141e+17	8.95336e+15	6.00097e+15	5.50014e+15	2.40687e+15	1.52285e+15	3.0457e+15	4.56855e+15	6.09139e+15	7.61424e+15	9.1372e+15	1.06609e+16	1.21899e+16	1.37407e+16	1.55157e+16	5.79517e+16	4.32675e+17	1.80606	1.64264	1.64264	1.64264	1.64264	1.64264	1.64264	1.64264	1.64265	1.64271	1.64288	1.64303	1.63614	1.54794	4.2554	
60619.3	6.86071e+17	2.78941e+17	1.22065e+17	7.72317e+16	1.54463e+17	2.31695e+17	3.08927e+17	3.86159e+17	4.6339e+17	5.40621e+17	6.17844e+17	6.95036e+17	7.71752e+17	7.84925e+17	9.01014e+15	5.9998e+15	5.49907e+15	2.40641e+15	1.52255e+15	3.04511e+15	4.56766e+15	6.09022e+15	7.61277e+15	9.13542e+15	1.06587e+16	1.21869e+16	1.37348e+16	1.54982e+16	5.68392e+16	4.32682e+17	1.81217	1.65084	1.65084	1.65084	1.65084	1.65084	1.65084	1.65084	1.65085	1.65091	1.65106	1.6512	1.64329	1.5501	4.23538	
60871	6.86073e+17	2.78943e+17	1.22066e+17	7.72322e+16	1.54464e+17	2.31697e+17	3.08929e+17	3.86161e+17	4.63393e+17	5.40624e+17	6.17849e+17	6.95045e+17	7.7177e+17	7.8663e+17	9.06998e+15	5.99863e+15	5.49801e+15	2.40594e+15	1.52226e+15	3.04452e+15	4.56678e+15	6.08904e+15	7.6113e+15	9.13365e+15	1.06566e+16	1.21839e+16	1.37291e+16	1.54837e+16	5.57749e+16	4.32689e+17	1.81817	1.65899	1.65899	1.65899	1.65899	1.65899	1.65899	1.65899	1.65899	1.65904	1.65918	1.6593	1.65038	1.55236	4.21464	
61121.8	6.86075e+17	2.78945e+17	1.22067e+17	7.72327e+16	1.54465e+17	2.31698e+17	3.08931e+17	3.86164e+17	4.63396e+17	5.40628e+17	6.17853e+17	6.95053e+17	7.71784e+17	7.88254e+17	9.13246e+15	5.99746e+15	5.49695e+15	2.40548e+15	1.52197e+15	3.04393e+15	4.5659e+15	6.08787e+15	7.60984e+15	9.13188e+15	1.06544e+16	1.2181e+16	1.37237e+16	1.54724e+16	5.47612e+16	4.32696e+17	1.82404	1.66702	1.66702	1.66702	1.66702	1.66702	1.66702	1.66702	1.66703	1.66707	1.66719	1.66731	1.65737	1.5547	4.19336	
61372.7	6.86077e+17	2.78946e+17	1.22068e+17	7.72332e+16	1.54466e+17	2.317e+17	3.08933e+17	3.86166e+17	4.63399e+17	5.40631e+17	6.17858e+17	6.95062e+17	7.71792e+17	7.89806e+17	9.19772e+15	5.99629e+15	5.4959e+15	2.40502e+15	1.52168e+15	3.04335e+15	4.56503e+15	6.0867e+15	7.60838e+15	9.13012e+15	1.06523e+16	1.21782e+16	1.37186e+16	1.54642e+16	5.37917e+16	4.32703e+17	1.82979	1.67497	1.67497	1.67497	1.67497	1.67497	1.67497	1.67497	1.67498	1.67502	1.67513	1.67523	1.66428	1.55711	4.17153	
61624.1	6.8608e+17	2.78948e+17	1.22068e+17	7.72337e+16	1.54467e+17	2.31701e+17	3.08935e+17	3.86168e+17	4.63402e+17	5.40635e+17	6.17863e+17	6.9507e+17	7.71797e+17	7.91293e+17	9.26578e+15	5.99512e+15	5.49484e+15	2.40456e+15	1.52138e+15	3.04277e+15	4.56415e+15	6.08553e+15	7.60692e+15	9.12836e+15	1.06502e+16	1.21754e+16	1.37137e+16	1.5459e+16	5.28621e+16	4.32711e+17	1.83546	1.68285	1.68285	1.68285	1.68285	1.68285	1.68285	1.68285	1.68286	1.6829	1.683	1.68309	1.67113	1.55961	4.14917	
61875	6.86082e+17	2.7895e+17	1.22069e+17	7.72342e+16	1.54468e+17	2.31702e+17	3.08937e+17	3.86171e+17	4.63405e+17	5.40638e+17	6.17867e+17	6.95077e+17	7.71796e+17	7.92713e+17	9.33629e+15	5.99394e+15	5.49379e+15	2.4041e+15	1.52109e+15	3.04219e+15	4.56328e+15	6.08437e+15	7.60546e+15	9.12661e+15	1.06481e+16	1.21726e+16	1.37091e+16	1.54568e+16	5.19745e+16	4.32719e+17	1.84101	1.69063	1.69063	1.69063	1.69063	1.69063	1.69063	1.69063	1.69064	1.69067	1.69076	1.69084	1.67788	1.56217	4.12644	
62126.2	6.86084e+17	2.78952e+17	1.2207e+17	7.72346e+16	1.54469e+17	2.31704e+17	3.08939e+17	3.86173e+17	4.63408e+17	5.40642e+17	6.17872e+17	6.95084e+17	7.71791e+17	7.94073e+17	9.40941e+15	5.99276e+15	5.49274e+15	2.40364e+15	1.5208e+15	3.0416e+15	4.5624e+15	6.08321e+15	7.60401e+15	9.12486e+15	1.06461e+16	1.21699e+16	1.37046e+16	1.54577e+16	5.11237e+16	4.32726e+17	1.84647	1.69833	1.69833	1.69833	1.69833	1.69833	1.69833	1.69833	1.69833	1.69836	1.69845	1.69852	1.68457	1.56479	4.1033	
62377.6	6.86087e+17	2.78953e+17	1.22071e+17	7.72351e+16	1.5447e+17	2.31705e+17	3.08941e+17	3.86176e+17	4.63411e+17	5.40645e+17	6.17876e+17	6.95091e+17	7.71782e+17	7.95376e+17	9.48504e+15	5.99158e+15	5.49169e+15	2.40318e+15	1.52051e+15	3.04102e+15	4.56153e+15	6.08204e+15	7.60255e+15	9.12311e+15	1.0644e+16	1.21672e+16	1.37003e+16	1.54615e+16	5.03084e+16	4.32735e+17	1.85185	1.70594	1.70594	1.70594	1.70594	1.70594	1.70594	1.70594	1.70594	1.70597	1.70604	1.70611	1.69118	1.56747	4.07983	
62628.1	6.86089e+17	2.78955e+17	1.22071e+17	7.72356e+16	1.54471e+17	2.31707e+17	3.08942e+17	3.86178e+17	4.63414e+17	5.40649e+17	6.1788e+17	6.95098e+17	7.71768e+17	7.9662e+17	9.56282e+15	5.9904e+15	5.49064e+15	2.40272e+15	1.52022e+15	3.04044e+15	4.56066e+15	6.08088e+15	7.6011e+15	9.12137e+15	1.06419e+16	1.21646e+16	1.36962e+16	1.54683e+16	4.95301e+16	4.32743e+17	1.85712	1.71343	1.71343	1.71343	1.71343	1.71343	1.71343	1.71343	1.71343	1.71345	1.71352	1.71358	1.69768	1.57019	4.05615	
62879.3	6.86091e+17	2.78957e+17	1.22072e+17	7.72361e+16	1.54472e+17	2.31708e+17	3.08944e+17	3.8618e+17	4.63416e+17	5.40652e+17	6.17885e+17	6.95105e+17	7.71749e+17	7.97814e+17	9.64317e+15	5.98922e+15	5.4896e+15	2.40226e+15	1.51993e+15	3.03986e+15	4.55979e+15	6.07972e+15	7.59965e+15	9.11962e+15	1.06398e+16	1.2162e+16	1.36922e+16	1.5478e+16	4.87825e+16	4.32751e+17	1.86232	1.72084	1.72084	1.72084	1.72084	1.72084	1.72084	1.72084	1.72084	1.72086	1.72092	1.72097	1.70413	1.57297	4.03217	
63129.6	6.86093e+17	2.78959e+17	1.22073e+17	7.72366e+16	1.54473e+17	2.3171e+17	3.08946e+17	3.86183e+17	4.63419e+17	5.40656e+17	6.17889e+17	6.95111e+17	7.71727e+17	7.98954e+17	9.72559e+15	5.98804e+15	5.48855e+15	2.4018e+15	1.51964e+15	3.03928e+15	4.55892e+15	6.07856e+15	7.59821e+15	9.11788e+15	1.06378e+16	1.21595e+16	1.36883e+16	1.54906e+16	4.80684e+16	4.3276e+17	1.86743	1.72812	1.72812	1.72812	1.72812	1.72812	1.72812	1.72812	1.72813	1.72815	1.7282	1.72825	1.71047	1.57577	4.00805	
63380.2	6.86096e+17	2.7896e+17	1.22074e+17	7.7237e+16	1.54474e+17	2.31711e+17	3.08948e+17	3.86185e+17	4.63422e+17	5.40659e+17	6.17893e+17	6.95117e+17	7.71699e+17	8.00047e+17	9.81041e+15	5.98686e+15	5.48751e+15	2.40135e+15	1.51935e+15	3.0387e+15	4.55805e+15	6.07741e+15	7.59676e+15	9.11614e+15	1.06357e+16	1.21569e+16	1.36846e+16	1.55059e+16	4.73833e+16	4.32769e+17	1.87247	1.73532	1.73532	1.73532	1.73532	1.73532	1.73532	1.73532	1.73532	1.73534	1.73539	1.73543	1.71675	1.57862	3.98373	
63631.5	6.86098e+17	2.78962e+17	1.22074e+17	7.72375e+16	1.54475e+17	2.31713e+17	3.0895e+17	3.86188e+17	4.63425e+17	5.40662e+17	6.17897e+17	6.95123e+17	7.71668e+17	8.01098e+17	9.8978e+15	5.98568e+15	5.48646e+15	2.40089e+15	1.51906e+15	3.03812e+15	4.55718e+15	6.07624e+15	7.59531e+15	9.11439e+15	1.06337e+16	1.21544e+16	1.3681e+16	1.55241e+16	4.67247e+16	4.32778e+17	1.87745	1.74244	1.74244	1.74244	1.74244	1.74244	1.74244	1.74244	1.74244	1.74246	1.7425	1.74254	1.72297	1.58152	3.95917	
63882	6.861e+17	2.78964e+17	1.22075e+17	7.7238e+16	1.54476e+17	2.31714e+17	3.08952e+17	3.8619e+17	4.63428e+17	5.40666e+17	6.17901e+17	6.95129e+17	7.71633e+17	8.02102e+17	9.9872e+15	5.9845e+15	5.48541e+15	2.40043e+15	1.51877e+15	3.03754e+15	4.55631e+15	6.07509e+15	7.59386e+15	9.11265e+15	1.06316e+16	1.21519e+16	1.36774e+16	1.55449e+16	4.60954e+16	4.32787e+17	1.88235	1.74944	1.74944	1.74944	1.74944	1.74944	1.74944	1.74944	1.74944	1.74945	1.74949	1.74953	1.72909	1.58443	3.93456	
64132.6	6.86103e+17	2.78965e+17	1.22076e+17	7.72385e+16	1.54477e+17	2.31715e+17	3.08954e+17	3.86192e+17	4.63431e+17	5.40669e+17	6.17905e+17	6.95134e+17	7.71593e+17	8.03064e+17	1.0079e+16	5.98332e+15	5.48436e+15	2.39997e+15	1.51848e+15	3.03696e+15	4.55545e+15	6.07393e+15	7.59241e+15	9.11091e+15	1.06296e+16	1.21494e+16	1.3674e+16	1.55683e+16	4.54918e+16	4.32796e+17	1.8872	1.75634	1.75634	1.75634	1.75634	1.75634	1.75634	1.75634	1.75634	1.75635	1.75639	1.75642	1.73514	1.58738	3.90983	
64383.6	6.86105e+17	2.78967e+17	1.22077e+17	7.7239e+16	1.54478e+17	2.31717e+17	3.08956e+17	3.86195e+17	4.63434e+17	5.40672e+17	6.1791e+17	6.9514e+17	7.7155e+17	8.03988e+17	1.01731e+16	5.98214e+15	5.48332e+15	2.39951e+15	1.51819e+15	3.03638e+15	4.55457e+15	6.07277e+15	7.59096e+15	9.10917e+15	1.06275e+16	1.21469e+16	1.36706e+16	1.55943e+16	4.49125e+16	4.32806e+17	1.89199	1.76315	1.76315	1.76315	1.76315	1.76315	1.76315	1.76315	1.76315	1.76317	1.7632	1.76323	1.74113	1.59036	3.88496	
64633.8	6.86107e+17	2.78969e+17	1.22078e+17	7.72394e+16	1.54479e+17	2.31718e+17	3.08958e+17	3.86197e+17	4.63437e+17	5.40676e+17	6.17914e+17	6.95145e+17	7.71503e+17	8.04871e+17	1.02694e+16	5.98096e+15	5.48227e+15	2.39906e+15	1.5179e+15	3.0358e+15	4.55371e+15	6.07161e+15	7.58951e+15	9.10743e+15	1.06255e+16	1.21445e+16	1.36674e+16	1.56226e+16	4.43587e+16	4.32816e+17	1.89671	1.76985	1.76985	1.76985	1.76985	1.76985	1.76985	1.76985	1.76985	1.76986	1.76989	1.76991	1.74702	1.59336	3.86009	
64884.1	6.86109e+17	2.78971e+17	1.22078e+17	7.72399e+16	1.5448e+17	2.3172e+17	3.0896e+17	3.862e+17	4.6344e+17	5.40679e+17	6.17918e+17	6.9515e+17	7.71453e+17	8.05717e+17	1.0368e+16	5.97978e+15	5.48122e+15	2.3986e+15	1.51761e+15	3.03522e+15	4.55284e+15	6.07045e+15	7.58806e+15	9.10569e+15	1.06234e+16	1.2142e+16	1.36641e+16	1.56533e+16	4.38277e+16	4.32826e+17	1.90138	1.77645	1.77645	1.77645	1.77645	1.77645	1.77645	1.77645	1.77645	1.77646	1.77648	1.77651	1.75285	1.59638	3.83515	
65135.4	6.86112e+17	2.78972e+17	1.22079e+17	7.72404e+16	1.54481e+17	2.31721e+17	3.08962e+17	3.86202e+17	4.63442e+17	5.40683e+17	6.17922e+17	6.95156e+17	7.71398e+17	8.06531e+17	1.04693e+16	5.9786e+15	5.48017e+15	2.39814e+15	1.51732e+15	3.03464e+15	4.55196e+15	6.06928e+15	7.58661e+15	9.10394e+15	1.06214e+16	1.21396e+16	1.3661e+16	1.56864e+16	4.33168e+16	4.32837e+17	1.90602	1.78298	1.78298	1.78298	1.78298	1.78298	1.78298	1.78298	1.78298	1.78299	1.78301	1.78303	1.75864	1.59943	3.81007	
65385.5	6.86114e+17	2.78974e+17	1.2208e+17	7.72409e+16	1.54482e+17	2.31723e+17	3.08964e+17	3.86204e+17	4.63445e+17	5.40686e+17	6.17926e+17	6.95161e+17	7.71341e+17	8.07306e+17	1.05725e+16	5.97743e+15	5.47913e+15	2.39768e+15	1.51703e+15	3.03406e+15	4.55109e+15	6.06813e+15	7.58516e+15	9.1022e+15	1.06193e+16	1.21372e+16	1.36579e+16	1.57214e+16	4.28297e+16	4.32847e+17	1.9106	1.78938	1.78938	1.78938	1.78938	1.78938	1.78938	1.78938	1.78939	1.78939	1.78941	1.78943	1.76432	1.60248	3.78507	
65636.2	6.86116e+17	2.78976e+17	1.22081e+17	7.72414e+16	1.54483e+17	2.31724e+17	3.08965e+17	3.86207e+17	4.63448e+17	5.40689e+17	6.1793e+17	6.95166e+17	7.7128e+17	8.08051e+17	1.06783e+16	5.97625e+15	5.47808e+15	2.39722e+15	1.51674e+15	3.03348e+15	4.55022e+15	6.06696e+15	7.5837e+15	9.10046e+15	1.06173e+16	1.21347e+16	1.36548e+16	1.57586e+16	4.23618e+16	4.32858e+17	1.91514	1.79571	1.79571	1.79571	1.79571	1.79571	1.79571	1.79571	1.79571	1.79572	1.79574	1.79576	1.76996	1.60556	3.75999	
65887.3	6.86118e+17	2.78978e+17	1.22081e+17	7.72418e+16	1.54484e+17	2.31726e+17	3.08967e+17	3.86209e+17	4.63451e+17	5.40693e+17	6.17934e+17	6.95171e+17	7.71217e+17	8.08765e+17	1.07867e+16	5.97508e+15	5.47702e+15	2.39676e+15	1.51645e+15	3.0329e+15	4.54935e+15	6.0658e+15	7.58225e+15	9.09871e+15	1.06152e+16	1.21323e+16	1.36518e+16	1.57978e+16	4.19131e+16	4.32869e+17	1.91964	1.80196	1.80196	1.80196	1.80196	1.80196	1.80196	1.80196	1.80196	1.80196	1.80198	1.802	1.77554	1.60866	3.73487	
66137.3	6.86121e+17	2.78979e+17	1.22082e+17	7.72423e+16	1.54485e+17	2.31727e+17	3.08969e+17	3.86212e+17	4.63454e+17	5.40696e+17	6.17938e+17	6.95176e+17	7.7115e+17	8.09446e+17	1.08971e+16	5.97391e+15	5.47598e+15	2.3963e+15	1.51616e+15	3.03232e+15	4.54848e+15	6.06464e+15	7.5808e+15	9.09697e+15	1.06132e+16	1.21299e+16	1.36488e+16	1.58386e+16	4.14854e+16	4.3288e+17	1.92409	1.80809	1.80809	1.80809	1.80809	1.80809	1.80809	1.80809	1.80809	1.80809	1.80811	1.80812	1.78103	1.61177	3.70987	
66388.2	6.86123e+17	2.78981e+17	1.22083e+17	7.72428e+16	1.54486e+17	2.31728e+17	3.08971e+17	3.86214e+17	4.63457e+17	5.407e+17	6.17942e+17	6.95181e+17	7.71081e+17	8.101e+17	1.10103e+16	5.97274e+15	5.47492e+15	2.39584e+15	1.51587e+15	3.03174e+15	4.5476e+15	6.06347e+15	7.57934e+15	9.09522e+15	1.06112e+16	1.21275e+16	1.36458e+16	1.58813e+16	4.10744e+16	4.32891e+17	1.92851	1.81415	1.81415	1.81415	1.81415	1.81415	1.81415	1.81415	1.81415	1.81416	1.81417	1.81418	1.78648	1.61489	3.68479	
66638.4	6.86125e+17	2.78983e+17	1.22084e+17	7.72433e+16	1.54487e+17	2.3173e+17	3.08973e+17	3.86216e+17	4.6346e+17	5.40703e+17	6.17945e+17	6.95185e+17	7.7101e+17	8.10723e+17	1.11256e+16	5.97157e+15	5.47388e+15	2.39538e+15	1.51558e+15	3.03116e+15	4.54673e+15	6.06231e+15	7.57789e+15	9.09347e+15	1.06091e+16	1.21252e+16	1.36429e+16	1.59255e+16	4.06826e+16	4.32903e+17	1.93288	1.82011	1.82011	1.82011	1.82011	1.82011	1.82011	1.82011	1.82011	1.82011	1.82013	1.82014	1.79185	1.61802	3.65982	
66888.8	6.86127e+17	2.78985e+17	1.22084e+17	7.72438e+16	1.54488e+17	2.31731e+17	3.08975e+17	3.86219e+17	4.63463e+17	5.40706e+17	6.17949e+17	6.9519e+17	7.70936e+17	8.1132e+17	1.12434e+16	5.97041e+15	5.47282e+15	2.39492e+15	1.51529e+15	3.03057e+15	4.54586e+15	6.06115e+15	7.57643e+15	9.09173e+15	1.06071e+16	1.21228e+16	1.364e+16	1.59711e+16	4.03075e+16	4.32914e+17	1.93723	1.82599	1.82599	1.82599	1.82599	1.82599	1.82599	1.82599	1.82599	1.82599	1.826	1.82601	1.79717	1.62116	3.63487	
67139.6	6.8613e+17	2.78986e+17	1.22085e+17	7.72442e+16	1.54488e+17	2.31733e+17	3.08977e+17	3.86221e+17	4.63465e+17	5.4071e+17	6.17953e+17	6.95195e+17	7.70861e+17	8.1189e+17	1.1364e+16	5.96924e+15	5.47177e+15	2.39446e+15	1.515e+15	3.02999e+15	4.54499e+15	6.05998e+15	7.57498e+15	9.08998e+15	1.0605e+16	1.21204e+16	1.36372e+16	1.60182e+16	3.99485e+16	4.32926e+17	1.94154	1.83179	1.83179	1.83179	1.83179	1.83179	1.83179	1.83179	1.83179	1.8318	1.83181	1.83182	1.80244	1.62432	3.60994	
67390	6.86132e+17	2.78988e+17	1.22086e+17	7.72447e+16	1.54489e+17	2.31734e+17	3.08979e+17	3.86224e+17	4.63468e+17	5.40713e+17	6.17957e+17	6.95199e+17	7.70783e+17	8.12435e+17	1.14869e+16	5.96808e+15	5.47072e+15	2.394e+15	1.5147e+15	3.02941e+15	4.54411e+15	6.05882e+15	7.57352e+15	9.08823e+15	1.0603e+16	1.2118e+16	1.36343e+16	1.60665e+16	3.96061e+16	4.32938e+17	1.94582	1.83751	1.83751	1.83751	1.83751	1.83751	1.83751	1.83751	1.83751	1.83751	1.83752	1.83753	1.80765	1.62748	3.58511	
67640.8	6.86134e+17	2.7899e+17	1.22087e+17	7.72452e+16	1.5449e+17	2.31736e+17	3.08981e+17	3.86226e+17	4.63471e+17	5.40716e+17	6.17961e+17	6.95204e+17	7.70703e+17	8.12955e+17	1.16125e+16	5.96692e+15	5.46967e+15	2.39354e+15	1.51441e+15	3.02883e+15	4.54324e+15	6.05765e+15	7.57207e+15	9.08648e+15	1.06009e+16	1.21157e+16	1.36315e+16	1.61159e+16	3.92788e+16	4.32951e+17	1.95008	1.84316	1.84316	1.84316	1.84316	1.84316	1.84316	1.84316	1.84316	1.84316	1.84317	1.84318	1.81281	1.63065	3.56033	
67891.6	6.86136e+17	2.78991e+17	1.22087e+17	7.72457e+16	1.54491e+17	2.31737e+17	3.08983e+17	3.86228e+17	4.63474e+17	5.4072e+17	6.17965e+17	6.95209e+17	7.70622e+17	8.13451e+17	1.17406e+16	5.96576e+15	5.46862e+15	2.39308e+15	1.51412e+15	3.02824e+15	4.54236e+15	6.05649e+15	7.57061e+15	9.08473e+15	1.05989e+16	1.21133e+16	1.36287e+16	1.61664e+16	3.89665e+16	4.32963e+17	1.95431	1.84873	1.84873	1.84873	1.84873	1.84873	1.84873	1.84873	1.84873	1.84873	1.84874	1.84875	1.81791	1.63382	3.53562	
68141.8	6.86138e+17	2.78993e+17	1.22088e+17	7.72462e+16	1.54492e+17	2.31739e+17	3.08985e+17	3.86231e+17	4.63477e+17	5.40723e+17	6.17969e+17	6.95213e+17	7.7054e+17	8.13922e+17	1.1871e+16	5.9646e+15	5.46757e+15	2.39262e+15	1.51383e+15	3.02766e+15	4.54149e+15	6.05532e+15	7.56915e+15	9.08299e+15	1.05968e+16	1.21109e+16	1.36259e+16	1.62176e+16	3.86698e+16	4.32976e+17	1.9585	1.85421	1.85421	1.85421	1.85421	1.85421	1.85421	1.85421	1.85421	1.85422	1.85422	1.85423	1.82295	1.637	3.51109	
68392.8	6.86141e+17	2.78995e+17	1.22089e+17	7.72467e+16	1.54493e+17	2.3174e+17	3.08987e+17	3.86233e+17	4.6348e+17	5.40727e+17	6.17973e+17	6.95218e+17	7.70456e+17	8.14372e+17	1.20044e+16	5.96345e+15	5.46651e+15	2.39216e+15	1.51354e+15	3.02708e+15	4.54062e+15	6.05416e+15	7.5677e+15	9.08124e+15	1.05948e+16	1.21086e+16	1.36231e+16	1.62698e+16	3.83862e+16	4.32989e+17	1.96267	1.85964	1.85964	1.85964	1.85964	1.85964	1.85964	1.85964	1.85964	1.85964	1.85965	1.85965	1.82796	1.64019	3.48658	
68643.4	6.86143e+17	2.78997e+17	1.2209e+17	7.72471e+16	1.54494e+17	2.31741e+17	3.08989e+17	3.86236e+17	4.63483e+17	5.4073e+17	6.17977e+17	6.95222e+17	7.70372e+17	8.148e+17	1.21402e+16	5.9623e+15	5.46546e+15	2.3917e+15	1.51325e+15	3.0265e+15	4.53974e+15	6.05299e+15	7.56624e+15	9.07949e+15	1.05928e+16	1.21062e+16	1.36204e+16	1.63226e+16	3.81168e+16	4.33002e+17	1.96682	1.86499	1.86499	1.86499	1.86499	1.86499	1.86499	1.86499	1.86499	1.865	1.865	1.86501	1.83291	1.64338	3.46222	
68897	6.86145e+17	2.78998e+17	1.2209e+17	7.72476e+16	1.54495e+17	2.31743e+17	3.0899e+17	3.86238e+17	4.63486e+17	5.40733e+17	6.17981e+17	6.95227e+17	7.70285e+17	8.15211e+17	1.22802e+16	5.96113e+15	5.4644e+15	2.39123e+15	1.51295e+15	3.02591e+15	4.53886e+15	6.05181e+15	7.56477e+15	9.07772e+15	1.05907e+16	1.21038e+16	1.36176e+16	1.63765e+16	3.78578e+16	4.33015e+17	1.97099	1.87034	1.87034	1.87034	1.87034	1.87034	1.87034	1.87034	1.87034	1.87034	1.87034	1.87035	1.83788	1.6466	3.43771	
69147.4	6.86147e+17	2.79e+17	1.22091e+17	7.72481e+16	1.54496e+17	2.31744e+17	3.08992e+17	3.86241e+17	4.63489e+17	5.40737e+17	6.17985e+17	6.95231e+17	7.70199e+17	8.15596e+17	1.24212e+16	5.95999e+15	5.46335e+15	2.39077e+15	1.51266e+15	3.02532e+15	4.53799e+15	6.05065e+15	7.56331e+15	9.07598e+15	1.05887e+16	1.21015e+16	1.36149e+16	1.64303e+16	3.7615e+16	4.33028e+17	1.97508	1.87555	1.87555	1.87555	1.87555	1.87555	1.87555	1.87555	1.87555	1.87555	1.87556	1.87556	1.84273	1.64979	3.41365	
69398.6	6.8615e+17	2.79002e+17	1.22092e+17	7.72486e+16	1.54497e+17	2.31746e+17	3.08994e+17	3.86243e+17	4.63491e+17	5.4074e+17	6.17988e+17	6.95236e+17	7.70112e+17	8.15963e+17	1.25652e+16	5.95884e+15	5.46229e+15	2.39031e+15	1.51237e+15	3.02474e+15	4.53711e+15	6.04948e+15	7.56185e+15	9.07423e+15	1.05866e+16	1.20991e+16	1.36122e+16	1.64846e+16	3.73841e+16	4.33042e+17	1.97917	1.88072	1.88072	1.88072	1.88072	1.88072	1.88072	1.88072	1.88072	1.88072	1.88072	1.88073	1.84755	1.653	3.38965	
69649	6.86152e+17	2.79004e+17	1.22093e+17	7.72491e+16	1.54498e+17	2.31747e+17	3.08996e+17	3.86245e+17	4.63494e+17	5.40743e+17	6.17992e+17	6.9524e+17	7.70025e+17	8.16308e+17	1.27114e+16	5.9577e+15	5.46124e+15	2.38985e+15	1.51208e+15	3.02416e+15	4.53624e+15	6.04832e+15	7.5604e+15	9.07248e+15	1.05846e+16	1.20968e+16	1.36095e+16	1.6539e+16	3.71661e+16	4.33056e+17	1.98322	1.88581	1.88581	1.88581	1.88581	1.88581	1.88581	1.88581	1.88581	1.88581	1.88581	1.88581	1.85232	1.65619	3.36589	
69899.6	6.86154e+17	2.79005e+17	1.22093e+17	7.72495e+16	1.54499e+17	2.31749e+17	3.08998e+17	3.86248e+17	4.63497e+17	5.40747e+17	6.17996e+17	6.95245e+17	7.69937e+17	8.16635e+17	1.28603e+16	5.95656e+15	5.46019e+15	2.38939e+15	1.51179e+15	3.02358e+15	4.53537e+15	6.04716e+15	7.55895e+15	9.07074e+15	1.05825e+16	1.20944e+16	1.36068e+16	1.65937e+16	3.69597e+16	4.33069e+17	1.98725	1.89084	1.89084	1.89084	1.89084	1.89084	1.89084	1.89084	1.89084	1.89084	1.89084	1.89084	1.85705	1.65938	3.34227	
70150.5	6.86156e+17	2.79007e+17	1.22094e+17	7.725e+16	1.545e+17	2.3175e+17	3.09e+17	3.8625e+17	4.635e+17	5.4075e+17	6.18e+17	6.95249e+17	7.6985e+17	8.16945e+17	1.30121e+16	5.95543e+15	5.45914e+15	2.38893e+15	1.5115e+15	3.023e+15	4.5345e+15	6.04599e+15	7.55749e+15	9.06899e+15	1.05805e+16	1.20921e+16	1.36041e+16	1.66485e+16	3.67646e+16	4.33083e+17	1.99127	1.89582	1.89582	1.89582	1.89582	1.89582	1.89582	1.89582	1.89582	1.89582	1.89582	1.89583	1.86174	1.66258	3.3188	
70400.8	6.86158e+17	2.79009e+17	1.22095e+17	7.72505e+16	1.54501e+17	2.31751e+17	3.09002e+17	3.86252e+17	4.63503e+17	5.40753e+17	6.18004e+17	6.95254e+17	7.69762e+17	8.17235e+17	1.31662e+16	5.95429e+15	5.45809e+15	2.38848e+15	1.51121e+15	3.02242e+15	4.53363e+15	6.04483e+15	7.55604e+15	9.06725e+15	1.05785e+16	1.20898e+16	1.36014e+16	1.67032e+16	3.65811e+16	4.33097e+17	1.99526	1.90073	1.90073	1.90073	1.90073	1.90073	1.90073	1.90073	1.90073	1.90073	1.90074	1.90074	1.86638	1.66577	3.29556	
70651.2	6.8616e+17	2.79011e+17	1.22096e+17	7.7251e+16	1.54502e+17	2.31753e+17	3.09004e+17	3.86255e+17	4.63506e+17	5.40757e+17	6.18008e+17	6.95258e+17	7.69675e+17	8.17509e+17	1.3323e+16	5.95316e+15	5.45705e+15	2.38802e+15	1.51092e+15	3.02184e+15	4.53276e+15	6.04367e+15	7.55459e+15	9.06551e+15	1.05764e+16	1.20874e+16	1.35988e+16	1.67578e+16	3.64084e+16	4.33112e+17	1.99924	1.90559	1.90559	1.90559	1.90559	1.90559	1.90559	1.90559	1.90559	1.90559	1.9056	1.9056	1.87098	1.66896	3.2725	
70902.6	6.86163e+17	2.79012e+17	1.22097e+17	7.72515e+16	1.54503e+17	2.31754e+17	3.09006e+17	3.86257e+17	4.63509e+17	5.4076e+17	6.18012e+17	6.95262e+17	7.69587e+17	8.17766e+17	1.34832e+16	5.95203e+15	5.456e+15	2.38756e+15	1.51063e+15	3.02126e+15	4.53188e+15	6.04251e+15	7.55314e+15	9.06377e+15	1.05744e+16	1.20851e+16	1.35961e+16	1.68125e+16	3.62456e+16	4.33126e+17	2.00321	1.91042	1.91042	1.91042	1.91042	1.91042	1.91042	1.91042	1.91042	1.91043	1.91043	1.91043	1.87557	1.67217	3.24954	
71152.7	6.86165e+17	2.79014e+17	1.22097e+17	7.72519e+16	1.54504e+17	2.31756e+17	3.09008e+17	3.8626e+17	4.63512e+17	5.40764e+17	6.18015e+17	6.95267e+17	7.69501e+17	8.18006e+17	1.36452e+16	5.95091e+15	5.45495e+15	2.3871e+15	1.51034e+15	3.02068e+15	4.53102e+15	6.04136e+15	7.55169e+15	9.06203e+15	1.05724e+16	1.20828e+16	1.35934e+16	1.68667e+16	3.60938e+16	4.3314e+17	2.00715	1.91518	1.91518	1.91518	1.91518	1.91518	1.91518	1.91518	1.91518	1.91518	1.91518	1.91519	1.88009	1.67535	3.22689	
71403.6	6.86167e+17	2.79016e+17	1.22098e+17	7.72524e+16	1.54505e+17	2.31757e+17	3.0901e+17	3.86262e+17	4.63514e+17	5.40767e+17	6.18019e+17	6.95271e+17	7.69414e+17	8.18231e+17	1.38104e+16	5.94979e+15	5.45391e+15	2.38664e+15	1.51005e+15	3.0201e+15	4.53015e+15	6.0402e+15	7.55025e+15	9.0603e+15	1.05704e+16	1.20805e+16	1.35908e+16	1.69209e+16	3.59514e+16	4.33155e+17	2.01109	1.9199	1.9199	1.9199	1.9199	1.9199	1.9199	1.9199	1.9199	1.91991	1.91991	1.91991	1.8846	1.67854	3.20438	
71654.8	6.86169e+17	2.79017e+17	1.22099e+17	7.72529e+16	1.54506e+17	2.31759e+17	3.09012e+17	3.86264e+17	4.63517e+17	5.4077e+17	6.18023e+17	6.95276e+17	7.69328e+17	8.18441e+17	1.39785e+16	5.94866e+15	5.45286e+15	2.38619e+15	1.50976e+15	3.01952e+15	4.52928e+15	6.03904e+15	7.5488e+15	9.05856e+15	1.05683e+16	1.20781e+16	1.35882e+16	1.69747e+16	3.58186e+16	4.3317e+17	2.01501	1.92459	1.92459	1.92459	1.92459	1.92459	1.92459	1.92459	1.92459	1.92459	1.92459	1.92459	1.88907	1.68173	3.18206	
71905	6.86171e+17	2.79019e+17	1.221e+17	7.72534e+16	1.54507e+17	2.3176e+17	3.09013e+17	3.86267e+17	4.6352e+17	5.40774e+17	6.18027e+17	6.9528e+17	7.69243e+17	8.18635e+17	1.41486e+16	5.94755e+15	5.45182e+15	2.38573e+15	1.50947e+15	3.01894e+15	4.52841e+15	6.03789e+15	7.54736e+15	9.05683e+15	1.05663e+16	1.20758e+16	1.35855e+16	1.7028e+16	3.56957e+16	4.33184e+17	2.0189	1.92921	1.92921	1.92921	1.92921	1.92921	1.92921	1.92921	1.92921	1.92921	1.92921	1.92921	1.8935	1.68491	3.16004	
72156.2	6.86173e+17	2.79021e+17	1.221e+17	7.72538e+16	1.54508e+17	2.31762e+17	3.09015e+17	3.86269e+17	4.63523e+17	5.40777e+17	6.18031e+17	6.95284e+17	7.69158e+17	8.18816e+17	1.43221e+16	5.94643e+15	5.45078e+15	2.38527e+15	1.50918e+15	3.01837e+15	4.52755e+15	6.03673e+15	7.54591e+15	9.0551e+15	1.05643e+16	1.20735e+16	1.35829e+16	1.7081e+16	3.55814e+16	4.33199e+17	2.0228	1.9338	1.9338	1.9338	1.9338	1.9338	1.9338	1.9338	1.9338	1.9338	1.9338	1.9338	1.89791	1.68809	3.13815	
72406.6	6.86176e+17	2.79023e+17	1.22101e+17	7.72543e+16	1.54509e+17	2.31763e+17	3.09017e+17	3.86272e+17	4.63526e+17	5.4078e+17	6.18034e+17	6.95288e+17	7.69074e+17	8.18981e+17	1.44977e+16	5.94532e+15	5.44974e+15	2.38482e+15	1.5089e+15	3.01779e+15	4.52669e+15	6.03558e+15	7.54448e+15	9.05337e+15	1.05623e+16	1.20712e+16	1.35803e+16	1.71334e+16	3.54764e+16	4.33214e+17	2.02666	1.93834	1.93834	1.93834	1.93834	1.93834	1.93834	1.93834	1.93834	1.93834	1.93834	1.93834	1.90227	1.69126	3.11656	
72657.2	6.86178e+17	2.79024e+17	1.22102e+17	7.72548e+16	1.5451e+17	2.31764e+17	3.09019e+17	3.86274e+17	4.63529e+17	5.40784e+17	6.18038e+17	6.95293e+17	7.68991e+17	8.19133e+17	1.46762e+16	5.94421e+15	5.4487e+15	2.38437e+15	1.50861e+15	3.01722e+15	4.52582e+15	6.03443e+15	7.54304e+15	9.05165e+15	1.05603e+16	1.20689e+16	1.35777e+16	1.71853e+16	3.53798e+16	4.3323e+17	2.03052	1.94285	1.94285	1.94285	1.94285	1.94285	1.94285	1.94285	1.94285	1.94285	1.94285	1.94285	1.90661	1.69443	3.09518	
72908.3	6.8618e+17	2.79026e+17	1.22103e+17	7.72553e+16	1.54511e+17	2.31766e+17	3.09021e+17	3.86276e+17	4.63532e+17	5.40787e+17	6.18042e+17	6.95297e+17	7.68909e+17	8.19272e+17	1.48577e+16	5.94311e+15	5.44766e+15	2.38391e+15	1.50832e+15	3.01664e+15	4.52496e+15	6.03328e+15	7.5416e+15	9.04992e+15	1.05582e+16	1.20666e+16	1.35751e+16	1.72367e+16	3.52915e+16	4.33245e+17	2.03437	1.94732	1.94732	1.94732	1.94732	1.94732	1.94732	1.94732	1.94732	1.94732	1.94732	1.94732	1.91093	1.6976	3.07399	
73159	6.86182e+17	2.79028e+17	1.22103e+17	7.72557e+16	1.54511e+17	2.31767e+17	3.09023e+17	3.86279e+17	4.63534e+17	5.4079e+17	6.18046e+17	6.95301e+17	7.68828e+17	8.19398e+17	1.50417e+16	5.942e+15	5.44663e+15	2.38346e+15	1.50803e+15	3.01607e+15	4.5241e+15	6.03213e+15	7.54017e+15	9.0482e+15	1.05562e+16	1.20643e+16	1.35725e+16	1.72874e+16	3.52114e+16	4.3326e+17	2.03821	1.95175	1.95175	1.95175	1.95175	1.95175	1.95175	1.95175	1.95175	1.95175	1.95175	1.95175	1.91521	1.70076	3.05307	
73410.1	6.86184e+17	2.79029e+17	1.22104e+17	7.72562e+16	1.54512e+17	2.31769e+17	3.09025e+17	3.86281e+17	4.63537e+17	5.40793e+17	6.1805e+17	6.95306e+17	7.68748e+17	8.19512e+17	1.52286e+16	5.9409e+15	5.44559e+15	2.38301e+15	1.50775e+15	3.01549e+15	4.52324e+15	6.03099e+15	7.53873e+15	9.04648e+15	1.05542e+16	1.2062e+16	1.35699e+16	1.73376e+16	3.51391e+16	4.33275e+17	2.04204	1.95615	1.95615	1.95615	1.95615	1.95615	1.95615	1.95615	1.95615	1.95615	1.95615	1.95615	1.91947	1.70392	3.03236	
73661.2	6.86186e+17	2.79031e+17	1.22105e+17	7.72567e+16	1.54513e+17	2.3177e+17	3.09027e+17	3.86283e+17	4.6354e+17	5.40797e+17	6.18053e+17	6.9531e+17	7.68669e+17	8.19613e+17	1.54183e+16	5.9398e+15	5.44456e+15	2.38255e+15	1.50746e+15	3.01492e+15	4.52238e+15	6.02984e+15	7.5373e+15	9.04476e+15	1.05522e+16	1.20597e+16	1.35673e+16	1.73871e+16	3.50745e+16	4.33291e+17	2.04586	1.96052	1.96052	1.96052	1.96052	1.96052	1.96052	1.96052	1.96052	1.96052	1.96052	1.96052	1.92371	1.70707	3.01189	
73911.7	6.86188e+17	2.79033e+17	1.22106e+17	7.72572e+16	1.54514e+17	2.31771e+17	3.09029e+17	3.86286e+17	4.63543e+17	5.408e+17	6.18057e+17	6.95314e+17	7.68591e+17	8.19702e+17	1.56102e+16	5.93871e+15	5.44353e+15	2.3821e+15	1.50718e+15	3.01435e+15	4.52153e+15	6.0287e+15	7.53588e+15	9.04305e+15	1.05502e+16	1.20574e+16	1.35647e+16	1.74358e+16	3.50174e+16	4.33306e+17	2.04965	1.96485	1.96485	1.96485	1.96485	1.96485	1.96485	1.96485	1.96485	1.96485	1.96485	1.96485	1.92791	1.71021	2.99171	
74163	6.8619e+17	2.79035e+17	1.22106e+17	7.72576e+16	1.54515e+17	2.31773e+17	3.0903e+17	3.86288e+17	4.63546e+17	5.40803e+17	6.18061e+17	6.95318e+17	7.68514e+17	8.1978e+17	1.58054e+16	5.93762e+15	5.4425e+15	2.38165e+15	1.50689e+15	3.01378e+15	4.52067e+15	6.02756e+15	7.53445e+15	9.04134e+15	1.05482e+16	1.20551e+16	1.35621e+16	1.74839e+16	3.49674e+16	4.33322e+17	2.05345	1.96916	1.96916	1.96916	1.96916	1.96916	1.96916	1.96916	1.96916	1.96916	1.96916	1.96916	1.93209	1.71336	2.97172	
74414	6.86192e+17	2.79036e+17	1.22107e+17	7.72581e+16	1.54516e+17	2.31774e+17	3.09032e+17	3.8629e+17	4.63549e+17	5.40807e+17	6.18065e+17	6.95323e+17	7.68438e+17	8.19847e+17	1.60031e+16	5.93653e+15	5.44147e+15	2.3812e+15	1.50661e+15	3.01321e+15	4.51982e+15	6.02642e+15	7.53303e+15	9.03963e+15	1.05462e+16	1.20529e+16	1.35595e+16	1.75312e+16	3.49246e+16	4.33337e+17	2.05724	1.97343	1.97343	1.97343	1.97343	1.97343	1.97343	1.97343	1.97343	1.97343	1.97343	1.97343	1.93625	1.71649	2.952	
74664.3	6.86194e+17	2.79038e+17	1.22108e+17	7.72586e+16	1.54517e+17	2.31776e+17	3.09034e+17	3.86293e+17	4.63551e+17	5.4081e+17	6.18068e+17	6.95327e+17	7.68364e+17	8.19903e+17	1.62029e+16	5.93545e+15	5.44045e+15	2.38075e+15	1.50632e+15	3.01264e+15	4.51897e+15	6.02529e+15	7.53161e+15	9.03793e+15	1.05443e+16	1.20506e+16	1.3557e+16	1.75777e+16	3.48886e+16	4.33353e+17	2.061	1.97766	1.97766	1.97766	1.97766	1.97766	1.97766	1.97766	1.97766	1.97766	1.97766	1.97766	1.94037	1.71961	2.93258	
74915.5	6.86197e+17	2.7904e+17	1.22108e+17	7.7259e+16	1.54518e+17	2.31777e+17	3.09036e+17	3.86295e+17	4.63554e+17	5.40813e+17	6.18072e+17	6.95331e+17	7.68291e+17	8.19948e+17	1.64061e+16	5.93436e+15	5.43942e+15	2.38031e+15	1.50604e+15	3.01208e+15	4.51812e+15	6.02415e+15	7.53019e+15	9.03623e+15	1.05423e+16	1.20483e+16	1.35544e+16	1.76235e+16	3.48591e+16	4.33368e+17	2.06477	1.98188	1.98188	1.98188	1.98188	1.98188	1.98188	1.98188	1.98188	1.98188	1.98188	1.98188	1.94449	1.72273	2.91334	
75166.6	6.86199e+17	2.79041e+17	1.22109e+17	7.72595e+16	1.54519e+17	2.31778e+17	3.09038e+17	3.86297e+17	4.63557e+17	5.40816e+17	6.18076e+17	6.95335e+17	7.68218e+17	8.19983e+17	1.66119e+16	5.93328e+15	5.4384e+15	2.37986e+15	1.50576e+15	3.01151e+15	4.51727e+15	6.02302e+15	7.52878e+15	9.03453e+15	1.05403e+16	1.20461e+16	1.35519e+16	1.76686e+16	3.4836e+16	4.33384e+17	2.06853	1.98607	1.98607	1.98607	1.98607	1.98607	1.98607	1.98607	1.98607	1.98608	1.98608	1.98608	1.94858	1.72585	2.89437	
75417.4	6.86201e+17	2.79043e+17	1.2211e+17	7.726e+16	1.5452e+17	2.3178e+17	3.0904e+17	3.863e+17	4.6356e+17	5.4082e+17	6.1808e+17	6.9534e+17	7.68148e+17	8.20008e+17	1.68201e+16	5.93221e+15	5.43738e+15	2.37941e+15	1.50547e+15	3.01095e+15	4.51642e+15	6.02189e+15	7.52737e+15	9.03284e+15	1.05383e+16	1.20438e+16	1.35493e+16	1.77128e+16	3.48192e+16	4.334e+17	2.07227	1.99024	1.99024	1.99024	1.99024	1.99024	1.99024	1.99024	1.99024	1.99024	1.99024	1.99024	1.95264	1.72895	2.87567	
75668.9	6.86203e+17	2.79045e+17	1.22111e+17	7.72604e+16	1.54521e+17	2.31781e+17	3.09042e+17	3.86302e+17	4.63563e+17	5.40823e+17	6.18083e+17	6.95344e+17	7.68078e+17	8.20024e+17	1.70315e+16	5.93113e+15	5.43636e+15	2.37897e+15	1.50519e+15	3.01038e+15	4.51557e+15	6.02076e+15	7.52595e+15	9.03115e+15	1.05363e+16	1.20415e+16	1.35468e+16	1.77564e+16	3.48084e+16	4.33415e+17	2.07601	1.99438	1.99438	1.99438	1.99438	1.99438	1.99438	1.99438	1.99438	1.99438	1.99438	1.99438	1.9567	1.73206	2.85717	
75919.5	6.86205e+17	2.79046e+17	1.22111e+17	7.72609e+16	1.54522e+17	2.31783e+17	3.09044e+17	3.86304e+17	4.63565e+17	5.40826e+17	6.18087e+17	6.95348e+17	7.6801e+17	8.2003e+17	1.72449e+16	5.93006e+15	5.43535e+15	2.37852e+15	1.50491e+15	3.00982e+15	4.51473e+15	6.01964e+15	7.52455e+15	9.02946e+15	1.05344e+16	1.20393e+16	1.35442e+16	1.7799e+16	3.48035e+16	4.33431e+17	2.07974	1.99849	1.99849	1.99849	1.99849	1.99849	1.99849	1.99849	1.99849	1.99849	1.99849	1.99849	1.96072	1.73515	2.83899	
76170.3	6.86207e+17	2.79048e+17	1.22112e+17	7.72613e+16	1.54523e+17	2.31784e+17	3.09045e+17	3.86307e+17	4.63568e+17	5.40829e+17	6.18091e+17	6.95352e+17	7.67943e+17	8.20027e+17	1.7461e+16	5.92899e+15	5.43433e+15	2.37808e+15	1.50463e+15	3.00926e+15	4.51389e+15	6.01852e+15	7.52315e+15	9.02778e+15	1.05324e+16	1.2037e+16	1.35417e+16	1.78409e+16	3.48043e+16	4.33447e+17	2.08345	2.00259	2.00259	2.00259	2.00259	2.00259	2.00259	2.00259	2.00259	2.00259	2.00259	2.00259	1.96472	1.73823	2.82105	
76421.7	6.86209e+17	2.7905e+17	1.22113e+17	7.72618e+16	1.54524e+17	2.31785e+17	3.09047e+17	3.86309e+17	4.63571e+17	5.40833e+17	6.18094e+17	6.95356e+17	7.67877e+17	8.20015e+17	1.76803e+16	5.92793e+15	5.43332e+15	2.37764e+15	1.50435e+15	3.0087e+15	4.51305e+15	6.0174e+15	7.52175e+15	9.0261e+15	1.05304e+16	1.20348e+16	1.35392e+16	1.78821e+16	3.48106e+16	4.33462e+17	2.08717	2.00666	2.00666	2.00666	2.00666	2.00666	2.00666	2.00666	2.00666	2.00666	2.00666	2.00666	1.96872	1.74132	2.80333	
76672.9	6.86211e+17	2.79051e+17	1.22114e+17	7.72623e+16	1.54525e+17	2.31787e+17	3.09049e+17	3.86311e+17	4.63574e+17	5.40836e+17	6.18098e+17	6.9536e+17	7.67812e+17	8.19995e+17	1.79021e+16	5.92687e+15	5.43231e+15	2.37719e+15	1.50407e+15	3.00814e+15	4.51221e+15	6.01628e+15	7.52035e+15	9.02442e+15	1.05285e+16	1.20326e+16	1.35367e+16	1.79225e+16	3.48222e+16	4.33478e+17	2.09087	2.01072	2.01072	2.01072	2.01072	2.01072	2.01072	2.01072	2.01072	2.01072	2.01072	2.01072	1.97269	1.74439	2.78587	
76923.9	6.86213e+17	2.79053e+17	1.22114e+17	7.72627e+16	1.54525e+17	2.31788e+17	3.09051e+17	3.86314e+17	4.63576e+17	5.40839e+17	6.18102e+17	6.95365e+17	7.67749e+17	8.19967e+17	1.81263e+16	5.92581e+15	5.43131e+15	2.37675e+15	1.50379e+15	3.00758e+15	4.51137e+15	6.01516e+15	7.51896e+15	9.02275e+15	1.05265e+16	1.20303e+16	1.35342e+16	1.7962e+16	3.4839e+16	4.33494e+17	2.09457	2.01475	2.01475	2.01475	2.01475	2.01475	2.01475	2.01475	2.01475	2.01475	2.01475	2.01475	1.97664	1.74745	2.76867	
77175.4	6.86215e+17	2.79055e+17	1.22115e+17	7.72632e+16	1.54526e+17	2.3179e+17	3.09053e+17	3.86316e+17	4.63579e+17	5.40842e+17	6.18106e+17	6.95369e+17	7.67687e+17	8.19931e+17	1.83536e+16	5.92475e+15	5.4303e+15	2.37631e+15	1.50351e+15	3.00703e+15	4.51054e+15	6.01405e+15	7.51756e+15	9.02108e+15	1.05246e+16	1.20281e+16	1.35316e+16	1.80009e+16	3.48608e+16	4.33509e+17	2.09826	2.01877	2.01877	2.01877	2.01877	2.01877	2.01877	2.01877	2.01877	2.01877	2.01877	2.01877	1.98058	1.75051	2.75169	
77426.2	6.86217e+17	2.79056e+17	1.22116e+17	7.72636e+16	1.54527e+17	2.31791e+17	3.09055e+17	3.86318e+17	4.63582e+17	5.40846e+17	6.18109e+17	6.95373e+17	7.67626e+17	8.19887e+17	1.85827e+16	5.9237e+15	5.4293e+15	2.37587e+15	1.50324e+15	3.00647e+15	4.50971e+15	6.01294e+15	7.51618e+15	9.01941e+15	1.05226e+16	1.20259e+16	1.35291e+16	1.80389e+16	3.48875e+16	4.33525e+17	2.10194	2.02275	2.02275	2.02275	2.02275	2.02275	2.02275	2.02275	2.02275	2.02275	2.02275	2.02275	1.9845	1.75356	2.73501	
77677	6.86219e+17	2.79058e+17	1.22116e+17	7.72641e+16	1.54528e+17	2.31792e+17	3.09056e+17	3.86321e+17	4.63585e+17	5.40849e+17	6.18113e+17	6.95377e+17	7.67566e+17	8.19835e+17	1.88145e+16	5.92265e+15	5.4283e+15	2.37544e+15	1.50296e+15	3.00592e+15	4.50888e+15	6.01184e+15	7.51479e+15	9.01775e+15	1.05207e+16	1.20237e+16	1.35267e+16	1.80762e+16	3.49188e+16	4.3354e+17	2.10561	2.02673	2.02673	2.02673	2.02673	2.02673	2.02673	2.02673	2.02673	2.02673	2.02673	2.02673	1.98839	1.75659	2.71857	
77928.5	6.86221e+17	2.7906e+17	1.22117e+17	7.72646e+16	1.54529e+17	2.31794e+17	3.09058e+17	3.86323e+17	4.63587e+17	5.40852e+17	6.18116e+17	6.95381e+17	7.67507e+17	8.19776e+17	1.90495e+16	5.9216e+15	5.4273e+15	2.375e+15	1.50268e+15	3.00536e+15	4.50805e+15	6.01073e+15	7.51341e+15	9.01609e+15	1.05188e+16	1.20215e+16	1.35242e+16	1.81128e+16	3.49548e+16	4.33556e+17	2.10928	2.03069	2.03069	2.03069	2.03069	2.03069	2.03069	2.03069	2.03069	2.03069	2.03069	2.03069	1.99229	1.75963	2.70234	
78179.6	6.86223e+17	2.79061e+17	1.22118e+17	7.7265e+16	1.5453e+17	2.31795e+17	3.0906e+17	3.86325e+17	4.6359e+17	5.40855e+17	6.1812e+17	6.95385e+17	7.6745e+17	8.1971e+17	1.92867e+16	5.92055e+15	5.42631e+15	2.37457e+15	1.50241e+15	3.00481e+15	4.50722e+15	6.00963e+15	7.51203e+15	9.01444e+15	1.05168e+16	1.20193e+16	1.35217e+16	1.81486e+16	3.49951e+16	4.33571e+17	2.11294	2.03463	2.03463	2.03463	2.03463	2.03463	2.03463	2.03463	2.03463	2.03463	2.03463	2.03463	1.99615	1.76265	2.68639	
78431	6.86225e+17	2.79063e+17	1.22119e+17	7.72655e+16	1.54531e+17	2.31796e+17	3.09062e+17	3.86327e+17	4.63593e+17	5.40858e+17	6.18124e+17	6.95389e+17	7.67394e+17	8.19638e+17	1.95267e+16	5.91951e+15	5.42531e+15	2.37413e+15	1.50213e+15	3.00426e+15	4.50639e+15	6.00853e+15	7.51066e+15	9.01279e+15	1.05149e+16	1.20171e+16	1.35192e+16	1.81837e+16	3.50398e+16	4.33586e+17	2.11659	2.03856	2.03856	2.03856	2.03856	2.03856	2.03856	2.03856	2.03856	2.03856	2.03856	2.03856	2.00002	1.76567	2.67065	
78682.7	6.86227e+17	2.79065e+17	1.22119e+17	7.72659e+16	1.54532e+17	2.31798e+17	3.09064e+17	3.8633e+17	4.63596e+17	5.40861e+17	6.18127e+17	6.95393e+17	7.67338e+17	8.19558e+17	1.97696e+16	5.91847e+15	5.42432e+15	2.3737e+15	1.50186e+15	3.00371e+15	4.50557e+15	6.00743e+15	7.50928e+15	9.01114e+15	1.0513e+16	1.20149e+16	1.35167e+16	1.82182e+16	3.50887e+16	4.33601e+17	2.12025	2.04248	2.04248	2.04248	2.04248	2.04248	2.04248	2.04248	2.04248	2.04248	2.04248	2.04248	2.00386	1.76868	2.65514	
78933.6	6.86229e+17	2.79066e+17	1.2212e+17	7.72664e+16	1.54533e+17	2.31799e+17	3.09065e+17	3.86332e+17	4.63598e+17	5.40865e+17	6.18131e+17	6.95397e+17	7.67284e+17	8.19473e+17	2.00142e+16	5.91744e+15	5.42333e+15	2.37326e+15	1.50158e+15	3.00317e+15	4.50475e+15	6.00633e+15	7.50792e+15	9.0095e+15	1.05111e+16	1.20127e+16	1.35143e+16	1.82518e+16	3.51414e+16	4.33616e+17	2.12388	2.04637	2.04637	2.04637	2.04637	2.04637	2.04637	2.04637	2.04637	2.04637	2.04637	2.04637	2.00769	1.77168	2.63992	
79185.2	6.86231e+17	2.79068e+17	1.22121e+17	7.72668e+16	1.54534e+17	2.318e+17	3.09067e+17	3.86334e+17	4.63601e+17	5.40868e+17	6.18135e+17	6.95401e+17	7.67231e+17	8.19381e+17	2.0262e+16	5.9164e+15	5.42234e+15	2.37283e+15	1.50131e+15	3.00262e+15	4.50393e+15	6.00524e+15	7.50655e+15	9.00786e+15	1.05092e+16	1.20105e+16	1.35118e+16	1.82849e+16	3.51981e+16	4.33631e+17	2.12752	2.05026	2.05026	2.05026	2.05026	2.05026	2.05026	2.05026	2.05026	2.05026	2.05026	2.05026	2.01151	1.77467	2.6249	
79436.1	6.86233e+17	2.79069e+17	1.22121e+17	7.72673e+16	1.54535e+17	2.31802e+17	3.09069e+17	3.86336e+17	4.63604e+17	5.40871e+17	6.18138e+17	6.95405e+17	7.6718e+17	8.19283e+17	2.05115e+16	5.91537e+15	5.42136e+15	2.3724e+15	1.50104e+15	3.00208e+15	4.50312e+15	6.00415e+15	7.50519e+15	9.00623e+15	1.05073e+16	1.20083e+16	1.35094e+16	1.83172e+16	3.52583e+16	4.33646e+17	2.13114	2.05412	2.05412	2.05412	2.05412	2.05412	2.05412	2.05412	2.05412	2.05412	2.05412	2.05412	2.0153	1.77765	2.61016	
79687.2	6.86235e+17	2.79071e+17	1.22122e+17	7.72677e+16	1.54535e+17	2.31803e+17	3.09071e+17	3.86339e+17	4.63606e+17	5.40874e+17	6.18142e+17	6.95409e+17	7.67129e+17	8.1918e+17	2.07638e+16	5.91435e+15	5.42038e+15	2.37197e+15	1.50077e+15	3.00153e+15	4.5023e+15	6.00307e+15	7.50384e+15	9.0046e+15	1.05054e+16	1.20061e+16	1.35069e+16	1.83489e+16	3.53223e+16	4.33661e+17	2.13475	2.05798	2.05798	2.05798	2.05798	2.05798	2.05798	2.05798	2.05798	2.05798	2.05798	2.05798	2.01909	1.78062	2.59563	
79939.2	6.86237e+17	2.79073e+17	1.22123e+17	7.72682e+16	1.54536e+17	2.31804e+17	3.09073e+17	3.86341e+17	4.63609e+17	5.40877e+17	6.18145e+17	6.95413e+17	7.67079e+17	8.1907e+17	2.10193e+16	5.91332e+15	5.4194e+15	2.37154e+15	1.5005e+15	3.00099e+15	4.50149e+15	6.00198e+15	7.50248e+15	9.00297e+15	1.05035e+16	1.2004e+16	1.35045e+16	1.838e+16	3.53899e+16	4.33676e+17	2.13838	2.06183	2.06183	2.06183	2.06183	2.06183	2.06183	2.06183	2.06183	2.06183	2.06183	2.06183	2.02287	1.78359	2.5813	
80190.3	6.86239e+17	2.79074e+17	1.22124e+17	7.72686e+16	1.54537e+17	2.31806e+17	3.09074e+17	3.86343e+17	4.63612e+17	5.4088e+17	6.18149e+17	6.95417e+17	7.6703e+17	8.18956e+17	2.12766e+16	5.9123e+15	5.41843e+15	2.37112e+15	1.50023e+15	3.00045e+15	4.50068e+15	6.0009e+15	7.50113e+15	9.00135e+15	1.05016e+16	1.20018e+16	1.3502e+16	1.84104e+16	3.54607e+16	4.3369e+17	2.14198	2.06566	2.06566	2.06566	2.06566	2.06566	2.06566	2.06566	2.06566	2.06566	2.06566	2.06566	2.02664	1.78655	2.56723	
80441.6	6.86241e+17	2.79076e+17	1.22124e+17	7.72691e+16	1.54538e+17	2.31807e+17	3.09076e+17	3.86345e+17	4.63614e+17	5.40883e+17	6.18152e+17	6.95421e+17	7.66982e+17	8.18836e+17	2.15364e+16	5.91128e+15	5.41745e+15	2.37069e+15	1.49996e+15	2.99991e+15	4.49987e+15	5.99982e+15	7.49978e+15	8.99974e+15	1.04997e+16	1.19996e+16	1.34996e+16	1.84403e+16	3.55348e+16	4.33704e+17	2.14558	2.06948	2.06948	2.06948	2.06948	2.06948	2.06948	2.06948	2.06948	2.06948	2.06948	2.06948	2.03039	1.7895	2.55339	
80693.4	6.86243e+17	2.79077e+17	1.22125e+17	7.72695e+16	1.54539e+17	2.31808e+17	3.09078e+17	3.86347e+17	4.63617e+17	5.40886e+17	6.18156e+17	6.95425e+17	7.66935e+17	8.18711e+17	2.1799e+16	5.91027e+15	5.41648e+15	2.37027e+15	1.49969e+15	2.99937e+15	4.49906e+15	5.99875e+15	7.49843e+15	8.99812e+15	1.04978e+16	1.19975e+16	1.34972e+16	1.84696e+16	3.56122e+16	4.33719e+17	2.14918	2.07329	2.07329	2.07329	2.07329	2.07329	2.07329	2.07329	2.07329	2.07329	2.07329	2.07329	2.03413	1.79244	2.53975	
80944.4	6.86245e+17	2.79079e+17	1.22126e+17	7.72699e+16	1.5454e+17	2.3181e+17	3.0908e+17	3.8635e+17	4.6362e+17	5.4089e+17	6.18159e+17	6.95429e+17	7.66889e+17	8.18582e+17	2.20633e+16	5.90926e+15	5.41551e+15	2.36984e+15	1.49942e+15	2.99884e+15	4.49826e+15	5.99768e+15	7.4971e+15	8.99651e+15	1.04959e+16	1.19954e+16	1.34948e+16	1.84982e+16	3.56924e+16	4.33733e+17	2.15276	2.07708	2.07708	2.07708	2.07708	2.07708	2.07708	2.07708	2.07708	2.07708	2.07708	2.07708	2.03786	1.79536	2.52636	
81195.5	6.86247e+17	2.79081e+17	1.22126e+17	7.72704e+16	1.54541e+17	2.31811e+17	3.09082e+17	3.86352e+17	4.63622e+17	5.40893e+17	6.18163e+17	6.95433e+17	7.66844e+17	8.18448e+17	2.23301e+16	5.90825e+15	5.41455e+15	2.36942e+15	1.49915e+15	2.9983e+15	4.49746e+15	5.99661e+15	7.49576e+15	8.99491e+15	1.04941e+16	1.19932e+16	1.34924e+16	1.85263e+16	3.57755e+16	4.33746e+17	2.15634	2.08086	2.08086	2.08086	2.08086	2.08086	2.08086	2.08086	2.08086	2.08086	2.08086	2.08086	2.04157	1.79828	2.5132	
81447.7	6.86249e+17	2.79082e+17	1.22127e+17	7.72708e+16	1.54542e+17	2.31812e+17	3.09083e+17	3.86354e+17	4.63625e+17	5.40896e+17	6.18167e+17	6.95437e+17	7.66799e+17	8.18309e+17	2.26003e+16	5.90724e+15	5.41358e+15	2.369e+15	1.49888e+15	2.99777e+15	4.49665e+15	5.99554e+15	7.49442e+15	8.99331e+15	1.04922e+16	1.19911e+16	1.349e+16	1.8554e+16	3.58618e+16	4.3376e+17	2.15993	2.08464	2.08464	2.08464	2.08464	2.08464	2.08464	2.08464	2.08464	2.08464	2.08464	2.08464	2.04529	1.8012	2.50019	
81698.6	6.86251e+17	2.79084e+17	1.22128e+17	7.72713e+16	1.54543e+17	2.31814e+17	3.09085e+17	3.86356e+17	4.63628e+17	5.40899e+17	6.1817e+17	6.95441e+17	7.66756e+17	8.18166e+17	2.28716e+16	5.90623e+15	5.41263e+15	2.36858e+15	1.49862e+15	2.99724e+15	4.49586e+15	5.99448e+15	7.4931e+15	8.99171e+15	1.04903e+16	1.1989e+16	1.34876e+16	1.8581e+16	3.59504e+16	4.33774e+17	2.16349	2.0884	2.0884	2.0884	2.0884	2.0884	2.0884	2.0884	2.0884	2.0884	2.0884	2.0884	2.04898	1.8041	2.48747	
81950.4	6.86253e+17	2.79085e+17	1.22128e+17	7.72717e+16	1.54543e+17	2.31815e+17	3.09087e+17	3.86358e+17	4.6363e+17	5.40902e+17	6.18174e+17	6.95445e+17	7.66713e+17	8.18019e+17	2.3146e+16	5.90523e+15	5.41167e+15	2.36816e+15	1.49835e+15	2.99671e+15	4.49506e+15	5.99341e+15	7.49177e+15	8.99012e+15	1.04885e+16	1.19868e+16	1.34852e+16	1.86076e+16	3.60419e+16	4.33787e+17	2.16705	2.09215	2.09215	2.09215	2.09215	2.09215	2.09215	2.09215	2.09215	2.09215	2.09215	2.09215	2.05267	1.807	2.47491	
82202.3	6.86254e+17	2.79087e+17	1.22129e+17	7.72721e+16	1.54544e+17	2.31816e+17	3.09089e+17	3.86361e+17	4.63633e+17	5.40905e+17	6.18177e+17	6.95449e+17	7.66671e+17	8.17867e+17	2.34231e+16	5.90423e+15	5.41071e+15	2.36774e+15	1.49809e+15	2.99618e+15	4.49427e+15	5.99235e+15	7.49044e+15	8.98853e+15	1.04866e+16	1.19847e+16	1.34828e+16	1.86337e+16	3.6136e+16	4.338e+17	2.17062	2.0959	2.0959	2.0959	2.0959	2.0959	2.0959	2.0959	2.0959	2.0959	2.0959	2.0959	2.05635	1.80989	2.46256	
82453.3	6.86256e+17	2.79089e+17	1.2213e+17	7.72726e+16	1.54545e+17	2.31818e+17	3.0909e+17	3.86363e+17	4.63635e+17	5.40908e+17	6.18181e+17	6.95453e+17	7.6663e+17	8.17712e+17	2.37013e+16	5.90324e+15	5.40976e+15	2.36732e+15	1.49783e+15	2.99565e+15	4.49348e+15	5.9913e+15	7.48913e+15	8.98695e+15	1.04848e+16	1.19826e+16	1.34804e+16	1.86592e+16	3.62321e+16	4.33813e+17	2.17416	2.09963	2.09963	2.09963	2.09963	2.09963	2.09963	2.09963	2.09963	2.09963	2.09963	2.09963	2.06001	1.81276	2.45045	
82705.3	6.86258e+17	2.7909e+17	1.22131e+17	7.7273e+16	1.54546e+17	2.31819e+17	3.09092e+17	3.86365e+17	4.63638e+17	5.40911e+17	6.18184e+17	6.95457e+17	7.6659e+17	8.17553e+17	2.39829e+16	5.90224e+15	5.40881e+15	2.36691e+15	1.49756e+15	2.99512e+15	4.49268e+15	5.99025e+15	7.48781e+15	8.98537e+15	1.04829e+16	1.19805e+16	1.34781e+16	1.86844e+16	3.6331e+16	4.33826e+17	2.17772	2.10336	2.10336	2.10336	2.10336	2.10336	2.10336	2.10336	2.10336	2.10336	2.10336	2.10336	2.06368	1.81563	2.43851	
82956.5	6.8626e+17	2.79092e+17	1.22131e+17	7.72734e+16	1.54547e+17	2.3182e+17	3.09094e+17	3.86367e+17	4.63641e+17	5.40914e+17	6.18187e+17	6.95461e+17	7.6655e+17	8.17391e+17	2.42659e+16	5.90126e+15	5.40786e+15	2.36649e+15	1.4973e+15	2.9946e+15	4.4919e+15	5.9892e+15	7.4865e+15	8.9838e+15	1.04811e+16	1.19784e+16	1.34757e+16	1.8709e+16	3.64319e+16	4.33838e+17	2.18125	2.10707	2.10707	2.10707	2.10707	2.10707	2.10707	2.10707	2.10707	2.10707	2.10707	2.10707	2.06732	1.81848	2.4268	
83207.9	6.86262e+17	2.79093e+17	1.22132e+17	7.72739e+16	1.54548e+17	2.31822e+17	3.09095e+17	3.86369e+17	4.63643e+17	5.40917e+17	6.18191e+17	6.95465e+17	7.66511e+17	8.17225e+17	2.45513e+16	5.90027e+15	5.40691e+15	2.36608e+15	1.49704e+15	2.99408e+15	4.49111e+15	5.98815e+15	7.48519e+15	8.98223e+15	1.04793e+16	1.19763e+16	1.34733e+16	1.87332e+16	3.65349e+16	4.33851e+17	2.18479	2.11078	2.11078	2.11078	2.11078	2.11078	2.11078	2.11078	2.11078	2.11078	2.11078	2.11078	2.07096	1.82133	2.41528	
83459.8	6.86264e+17	2.79095e+17	1.22133e+17	7.72743e+16	1.54549e+17	2.31823e+17	3.09097e+17	3.86371e+17	4.63646e+17	5.4092e+17	6.18194e+17	6.95469e+17	7.66473e+17	8.17056e+17	2.48395e+16	5.89929e+15	5.40597e+15	2.36567e+15	1.49678e+15	2.99355e+15	4.49033e+15	5.98711e+15	7.48388e+15	8.98066e+15	1.04774e+16	1.19742e+16	1.3471e+16	1.87571e+16	3.66403e+16	4.33863e+17	2.18832	2.11448	2.11448	2.11448	2.11448	2.11448	2.11448	2.11448	2.11448	2.11448	2.11448	2.11448	2.07459	1.82417	2.40393	
83711.3	6.86266e+17	2.79096e+17	1.22133e+17	7.72747e+16	1.54549e+17	2.31824e+17	3.09099e+17	3.86374e+17	4.63648e+17	5.40923e+17	6.18198e+17	6.95472e+17	7.66435e+17	8.16883e+17	2.51294e+16	5.8983e+15	5.40503e+15	2.36526e+15	1.49652e+15	2.99303e+15	4.48955e+15	5.98607e+15	7.48258e+15	8.9791e+15	1.04756e+16	1.19721e+16	1.34687e+16	1.87805e+16	3.67475e+16	4.33874e+17	2.19184	2.11817	2.11817	2.11817	2.11817	2.11817	2.11817	2.11817	2.11817	2.11817	2.11817	2.11817	2.07821	1.827	2.39279	
83963.2	6.86268e+17	2.79098e+17	1.22134e+17	7.72751e+16	1.5455e+17	2.31825e+17	3.09101e+17	3.86376e+17	4.63651e+17	5.40926e+17	6.18201e+17	6.95476e+17	7.66398e+17	8.16707e+17	2.54219e+16	5.89732e+15	5.40409e+15	2.36484e+15	1.49626e+15	2.99251e+15	4.48877e+15	5.98503e+15	7.48128e+15	8.97754e+15	1.04738e+16	1.19701e+16	1.34663e+16	1.88036e+16	3.68568e+16	4.33886e+17	2.19536	2.12185	2.12185	2.12185	2.12185	2.12185	2.12185	2.12185	2.12185	2.12185	2.12185	2.12185	2.08183	1.82982	2.38183	
84215.2	6.8627e+17	2.79099e+17	1.22135e+17	7.72756e+16	1.54551e+17	2.31827e+17	3.09102e+17	3.86378e+17	4.63653e+17	5.40929e+17	6.18205e+17	6.9548e+17	7.66361e+17	8.16529e+17	2.57168e+16	5.89635e+15	5.40316e+15	2.36444e+15	1.496e+15	2.992e+15	4.48799e+15	5.98399e+15	7.47999e+15	8.97599e+15	1.0472e+16	1.1968e+16	1.3464e+16	1.88263e+16	3.6968e+16	4.33897e+17	2.19888	2.12553	2.12553	2.12553	2.12553	2.12553	2.12553	2.12553	2.12553	2.12553	2.12553	2.12553	2.08544	1.83264	2.37105	
84466.4	6.86272e+17	2.79101e+17	1.22135e+17	7.7276e+16	1.54552e+17	2.31828e+17	3.09104e+17	3.8638e+17	4.63656e+17	5.40932e+17	6.18208e+17	6.95484e+17	7.66325e+17	8.16347e+17	2.60129e+16	5.89538e+15	5.40223e+15	2.36403e+15	1.49574e+15	2.99148e+15	4.48722e+15	5.98296e+15	7.4787e+15	8.97444e+15	1.04702e+16	1.19659e+16	1.34617e+16	1.88485e+16	3.70806e+16	4.33908e+17	2.20238	2.12919	2.12919	2.12919	2.12919	2.12919	2.12919	2.12919	2.12919	2.12919	2.12919	2.12919	2.08903	1.83544	2.36048	
84718.6	6.86273e+17	2.79102e+17	1.22136e+17	7.72764e+16	1.54553e+17	2.31829e+17	3.09106e+17	3.86382e+17	4.63659e+17	5.40935e+17	6.18211e+17	6.95488e+17	7.6629e+17	8.16163e+17	2.63121e+16	5.8944e+15	5.40129e+15	2.36362e+15	1.49548e+15	2.99096e+15	4.48645e+15	5.98193e+15	7.47741e+15	8.97289e+15	1.04684e+16	1.19639e+16	1.34593e+16	1.88705e+16	3.71954e+16	4.33919e+17	2.20589	2.13285	2.13285	2.13285	2.13285	2.13285	2.13285	2.13285	2.13285	2.13285	2.13285	2.13285	2.09262	1.83823	2.35006	
84970.4	6.86275e+17	2.79104e+17	1.22137e+17	7.72768e+16	1.54554e+17	2.31831e+17	3.09107e+17	3.86384e+17	4.63661e+17	5.40938e+17	6.18215e+17	6.95492e+17	7.66255e+17	8.15976e+17	2.6613e+16	5.89344e+15	5.40037e+15	2.36321e+15	1.49523e+15	2.99045e+15	4.48568e+15	5.9809e+15	7.47613e+15	8.97135e+15	1.04666e+16	1.19618e+16	1.3457e+16	1.88921e+16	3.73116e+16	4.3393e+17	2.20938	2.13651	2.13651	2.13651	2.13651	2.13651	2.13651	2.13651	2.13651	2.13651	2.13651	2.13651	2.09621	1.84102	2.33983	
85221.5	6.86277e+17	2.79106e+17	1.22137e+17	7.72773e+16	1.54555e+17	2.31832e+17	3.09109e+17	3.86386e+17	4.63664e+17	5.40941e+17	6.18218e+17	6.95495e+17	7.66221e+17	8.15787e+17	2.69152e+16	5.89247e+15	5.39944e+15	2.36281e+15	1.49497e+15	2.98994e+15	4.48491e+15	5.97988e+15	7.47485e+15	8.96982e+15	1.04648e+16	1.19598e+16	1.34547e+16	1.89134e+16	3.74291e+16	4.3394e+17	2.21287	2.14014	2.14014	2.14014	2.14014	2.14014	2.14014	2.14014	2.14014	2.14014	2.14014	2.14014	2.09977	1.84379	2.3298	
85473.5	6.86279e+17	2.79107e+17	1.22138e+17	7.72777e+16	1.54555e+17	2.31833e+17	3.09111e+17	3.86388e+17	4.63666e+17	5.40944e+17	6.18222e+17	6.95499e+17	7.66187e+17	8.15595e+17	2.72205e+16	5.89151e+15	5.39852e+15	2.36241e+15	1.49471e+15	2.98943e+15	4.48414e+15	5.97886e+15	7.47357e+15	8.96829e+15	1.0463e+16	1.19577e+16	1.34524e+16	1.89344e+16	3.75485e+16	4.3395e+17	2.21635	2.14378	2.14378	2.14378	2.14378	2.14378	2.14378	2.14378	2.14378	2.14378	2.14378	2.14378	2.10334	1.84656	2.31991	
85725.4	6.86281e+17	2.79109e+17	1.22139e+17	7.72781e+16	1.54556e+17	2.31834e+17	3.09112e+17	3.86391e+17	4.63669e+17	5.40947e+17	6.18225e+17	6.95503e+17	7.66153e+17	8.15401e+17	2.75277e+16	5.89055e+15	5.3976e+15	2.362e+15	1.49446e+15	2.98892e+15	4.48338e+15	5.97784e+15	7.4723e+15	8.96676e+15	1.04612e+16	1.19557e+16	1.34501e+16	1.89551e+16	3.76693e+16	4.33959e+17	2.21984	2.14741	2.14741	2.14741	2.14741	2.14741	2.14741	2.14741	2.14741	2.14741	2.14741	2.14741	2.1069	1.84931	2.31019	
85977.1	6.86283e+17	2.7911e+17	1.22139e+17	7.72785e+16	1.54557e+17	2.31836e+17	3.09114e+17	3.86393e+17	4.63671e+17	5.4095e+17	6.18228e+17	6.95507e+17	7.6612e+17	8.15205e+17	2.78365e+16	5.8896e+15	5.39669e+15	2.3616e+15	1.49421e+15	2.98841e+15	4.48262e+15	5.97682e+15	7.47103e+15	8.96524e+15	1.04594e+16	1.19536e+16	1.34479e+16	1.89755e+16	3.77913e+16	4.33969e+17	2.22331	2.15103	2.15103	2.15103	2.15103	2.15103	2.15103	2.15103	2.15103	2.15103	2.15103	2.15103	2.11045	1.85206	2.30066	
86229.3	6.86285e+17	2.79112e+17	1.2214e+17	7.72789e+16	1.54558e+17	2.31837e+17	3.09116e+17	3.86395e+17	4.63674e+17	5.40953e+17	6.18232e+17	6.95511e+17	7.66088e+17	8.15006e+17	2.81482e+16	5.88864e+15	5.39577e+15	2.3612e+15	1.49395e+15	2.9879e+15	4.48186e+15	5.97581e+15	7.46976e+15	8.96371e+15	1.04577e+16	1.19516e+16	1.34456e+16	1.89956e+16	3.7915e+16	4.33978e+17	2.22678	2.15465	2.15465	2.15465	2.15465	2.15465	2.15465	2.15465	2.15465	2.15465	2.15465	2.15465	2.114	1.8548	2.29126	
86480.8	6.86286e+17	2.79113e+17	1.22141e+17	7.72794e+16	1.54559e+17	2.31838e+17	3.09117e+17	3.86397e+17	4.63676e+17	5.40956e+17	6.18235e+17	6.95514e+17	7.66056e+17	8.14806e+17	2.84607e+16	5.88769e+15	5.39486e+15	2.3608e+15	1.4937e+15	2.9874e+15	4.4811e+15	5.9748e+15	7.4685e+15	8.9622e+15	1.04559e+16	1.19496e+16	1.34433e+16	1.90154e+16	3.80395e+16	4.33986e+17	2.23024	2.15825	2.15825	2.15825	2.15825	2.15825	2.15825	2.15825	2.15825	2.15825	2.15825	2.15825	2.11753	1.85752	2.28205	
86732.4	6.86288e+17	2.79115e+17	1.22141e+17	7.72798e+16	1.5456e+17	2.31839e+17	3.09119e+17	3.86399e+17	4.63679e+17	5.40958e+17	6.18238e+17	6.95518e+17	7.66024e+17	8.14604e+17	2.87754e+16	5.88674e+15	5.39395e+15	2.36041e+15	1.49345e+15	2.9869e+15	4.48035e+15	5.9738e+15	7.46724e+15	8.96069e+15	1.04541e+16	1.19476e+16	1.3441e+16	1.9035e+16	3.81653e+16	4.33995e+17	2.23369	2.16185	2.16185	2.16185	2.16185	2.16185	2.16185	2.16185	2.16185	2.16185	2.16185	2.16185	2.12106	1.86024	2.273	
86984.6	6.8629e+17	2.79116e+17	1.22142e+17	7.72802e+16	1.5456e+17	2.31841e+17	3.09121e+17	3.86401e+17	4.63681e+17	5.40961e+17	6.18242e+17	6.95522e+17	7.65993e+17	8.14399e+17	2.90927e+16	5.8858e+15	5.39304e+15	2.36001e+15	1.4932e+15	2.9864e+15	4.47959e+15	5.97279e+15	7.46599e+15	8.95919e+15	1.04524e+16	1.19456e+16	1.34388e+16	1.90544e+16	3.82925e+16	4.34003e+17	2.23715	2.16544	2.16544	2.16544	2.16544	2.16544	2.16544	2.16544	2.16544	2.16544	2.16544	2.16544	2.12459	1.86295	2.26409	
87236.6	6.86292e+17	2.79118e+17	1.22143e+17	7.72806e+16	1.54561e+17	2.31842e+17	3.09122e+17	3.86403e+17	4.63684e+17	5.40964e+17	6.18245e+17	6.95525e+17	7.65962e+17	8.14193e+17	2.94117e+16	5.88485e+15	5.39214e+15	2.35961e+15	1.49295e+15	2.98589e+15	4.47884e+15	5.97179e+15	7.46474e+15	8.95768e+15	1.04506e+16	1.19436e+16	1.34365e+16	1.90735e+16	3.84208e+16	4.3401e+17	2.2406	2.16903	2.16903	2.16903	2.16903	2.16903	2.16903	2.16903	2.16903	2.16903	2.16903	2.16903	2.12811	1.86565	2.25533	
87488.5	6.86294e+17	2.79119e+17	1.22143e+17	7.7281e+16	1.54562e+17	2.31843e+17	3.09124e+17	3.86405e+17	4.63686e+17	5.40967e+17	6.18248e+17	6.95529e+17	7.65932e+17	8.13985e+17	2.97323e+16	5.88391e+15	5.39124e+15	2.35922e+15	1.4927e+15	2.9854e+15	4.47809e+15	5.97079e+15	7.46349e+15	8.95619e+15	1.04489e+16	1.19416e+16	1.34343e+16	1.90924e+16	3.855e+16	4.34018e+17	2.24404	2.17261	2.17261	2.17261	2.17261	2.17261	2.17261	2.17261	2.17261	2.17261	2.17261	2.17261	2.13162	1.86834	2.24674	
87740.8	6.86295e+17	2.79121e+17	1.22144e+17	7.72814e+16	1.54563e+17	2.31844e+17	3.09126e+17	3.86407e+17	4.63689e+17	5.4097e+17	6.18251e+17	6.95533e+17	7.65901e+17	8.13776e+17	3.00554e+16	5.88298e+15	5.39034e+15	2.35883e+15	1.49245e+15	2.9849e+15	4.47734e+15	5.96979e+15	7.46224e+15	8.95469e+15	1.04471e+16	1.19396e+16	1.3432e+16	1.91111e+16	3.86804e+16	4.34025e+17	2.24748	2.17619	2.17619	2.17619	2.17619	2.17619	2.17619	2.17619	2.17619	2.17619	2.17619	2.17619	2.13513	1.87103	2.23827	
87992.3	6.86297e+17	2.79122e+17	1.22145e+17	7.72818e+16	1.54564e+17	2.31846e+17	3.09127e+17	3.86409e+17	4.63691e+17	5.40973e+17	6.18255e+17	6.95537e+17	7.65872e+17	8.13565e+17	3.03793e+16	5.88204e+15	5.38944e+15	2.35843e+15	1.4922e+15	2.9844e+15	4.4766e+15	5.9688e+15	7.461e+15	8.9532e+15	1.04454e+16	1.19376e+16	1.34298e+16	1.91295e+16	3.88114e+16	4.34032e+17	2.25091	2.17975	2.17975	2.17975	2.17975	2.17975	2.17975	2.17975	2.17975	2.17975	2.17975	2.17975	2.13862	1.87369	2.22998	
88244	6.86299e+17	2.79123e+17	1.22145e+17	7.72822e+16	1.54564e+17	2.31847e+17	3.09129e+17	3.86411e+17	4.63693e+17	5.40976e+17	6.18258e+17	6.9554e+17	7.65842e+17	8.13353e+17	3.07052e+16	5.88111e+15	5.38855e+15	2.35804e+15	1.49195e+15	2.98391e+15	4.47586e+15	5.96781e+15	7.45977e+15	8.95172e+15	1.04437e+16	1.19356e+16	1.34276e+16	1.91478e+16	3.89434e+16	4.34038e+17	2.25433	2.18331	2.18331	2.18331	2.18331	2.18331	2.18331	2.18331	2.18331	2.18331	2.18331	2.18331	2.1421	1.87635	2.22183	
88496.3	6.86301e+17	2.79125e+17	1.22146e+17	7.72826e+16	1.54565e+17	2.31848e+17	3.09131e+17	3.86413e+17	4.63696e+17	5.40979e+17	6.18261e+17	6.95544e+17	7.65813e+17	8.13139e+17	3.10336e+16	5.88018e+15	5.38766e+15	2.35765e+15	1.49171e+15	2.98341e+15	4.47512e+15	5.96683e+15	7.45853e+15	8.95024e+15	1.04419e+16	1.19337e+16	1.34254e+16	1.91658e+16	3.90766e+16	4.34044e+17	2.25775	2.18687	2.18687	2.18687	2.18687	2.18687	2.18687	2.18687	2.18687	2.18687	2.18687	2.18687	2.14559	1.87901	2.2138	
88748.2	6.86303e+17	2.79126e+17	1.22146e+17	7.72831e+16	1.54566e+17	2.31849e+17	3.09132e+17	3.86415e+17	4.63698e+17	5.40981e+17	6.18264e+17	6.95547e+17	7.65784e+17	8.12924e+17	3.13632e+16	5.87926e+15	5.38677e+15	2.35726e+15	1.49146e+15	2.98292e+15	4.47438e+15	5.96584e+15	7.4573e+15	8.94876e+15	1.04402e+16	1.19317e+16	1.34231e+16	1.91837e+16	3.92103e+16	4.34049e+17	2.26116	2.19042	2.19042	2.19042	2.19042	2.19042	2.19042	2.19042	2.19042	2.19042	2.19042	2.19042	2.14907	1.88165	2.20592	
89000.5	6.86304e+17	2.79128e+17	1.22147e+17	7.72835e+16	1.54567e+17	2.3185e+17	3.09134e+17	3.86417e+17	4.63701e+17	5.40984e+17	6.18268e+17	6.95551e+17	7.65755e+17	8.12707e+17	3.16951e+16	5.87833e+15	5.38588e+15	2.35688e+15	1.49121e+15	2.98243e+15	4.47364e+15	5.96486e+15	7.45607e+15	8.94729e+15	1.04385e+16	1.19297e+16	1.34209e+16	1.92014e+16	3.9345e+16	4.34055e+17	2.26458	2.19396	2.19396	2.19396	2.19396	2.19396	2.19396	2.19396	2.19396	2.19396	2.19396	2.19396	2.15255	1.88429	2.19817	
89253	6.86306e+17	2.79129e+17	1.22148e+17	7.72839e+16	1.54568e+17	2.31852e+17	3.09135e+17	3.86419e+17	4.63703e+17	5.40987e+17	6.18271e+17	6.95555e+17	7.65727e+17	8.1249e+17	3.2029e+16	5.87741e+15	5.385e+15	2.35649e+15	1.49097e+15	2.98194e+15	4.47291e+15	5.96388e+15	7.45485e+15	8.94582e+15	1.04368e+16	1.19278e+16	1.34187e+16	1.9219e+16	3.94807e+16	4.34059e+17	2.26799	2.1975	2.1975	2.1975	2.1975	2.1975	2.1975	2.1975	2.1975	2.1975	2.1975	2.1975	2.15602	1.88692	2.19054	
89504.7	6.86308e+17	2.79131e+17	1.22148e+17	7.72843e+16	1.54569e+17	2.31853e+17	3.09137e+17	3.86421e+17	4.63706e+17	5.4099e+17	6.18274e+17	6.95558e+17	7.65699e+17	8.12271e+17	3.23635e+16	5.87649e+15	5.38412e+15	2.3561e+15	1.49073e+15	2.98145e+15	4.47218e+15	5.9629e+15	7.45363e+15	8.94436e+15	1.04351e+16	1.19258e+16	1.34165e+16	1.92363e+16	3.96165e+16	4.34064e+17	2.27138	2.20103	2.20103	2.20103	2.20103	2.20103	2.20103	2.20103	2.20103	2.20103	2.20103	2.20103	2.15947	1.88953	2.18307	
89757.1	6.8631e+17	2.79132e+17	1.22149e+17	7.72847e+16	1.54569e+17	2.31854e+17	3.09139e+17	3.86423e+17	4.63708e+17	5.40993e+17	6.18277e+17	6.95562e+17	7.65671e+17	8.12051e+17	3.27006e+16	5.87557e+15	5.38324e+15	2.35572e+15	1.49048e+15	2.98097e+15	4.47145e+15	5.96193e+15	7.45241e+15	8.9429e+15	1.04334e+16	1.19239e+16	1.34143e+16	1.92536e+16	3.97535e+16	4.34068e+17	2.27478	2.20456	2.20456	2.20456	2.20456	2.20456	2.20456	2.20456	2.20456	2.20456	2.20456	2.20456	2.16293	1.89214	2.17571	
90008.8	6.86311e+17	2.79134e+17	1.2215e+17	7.72851e+16	1.5457e+17	2.31855e+17	3.0914e+17	3.86425e+17	4.6371e+17	5.40995e+17	6.18281e+17	6.95566e+17	7.65644e+17	8.11831e+17	3.30383e+16	5.87466e+15	5.38236e+15	2.35534e+15	1.49024e+15	2.98048e+15	4.47072e+15	5.96096e+15	7.4512e+15	8.94144e+15	1.04317e+16	1.19219e+16	1.34122e+16	1.92706e+16	3.98906e+16	4.34071e+17	2.27816	2.20807	2.20807	2.20807	2.20807	2.20807	2.20807	2.20807	2.20807	2.20807	2.20807	2.20807	2.16638	1.89473	2.1685	
90260.7	6.86313e+17	2.79135e+17	1.2215e+17	7.72855e+16	1.54571e+17	2.31856e+17	3.09142e+17	3.86427e+17	4.63713e+17	5.40998e+17	6.18284e+17	6.95569e+17	7.65616e+17	8.11609e+17	3.3378e+16	5.87375e+15	5.38149e+15	2.35495e+15	1.49e+15	2.98e+15	4.47e+15	5.96e+15	7.44999e+15	8.93999e+15	1.043e+16	1.192e+16	1.341e+16	1.92875e+16	4.00285e+16	4.34075e+17	2.28154	2.21158	2.21158	2.21158	2.21158	2.21158	2.21158	2.21158	2.21158	2.21158	2.21158	2.21158	2.16982	1.89731	2.1614	
90513.5	6.86315e+17	2.79137e+17	1.22151e+17	7.72859e+16	1.54572e+17	2.31858e+17	3.09143e+17	3.86429e+17	4.63715e+17	5.41001e+17	6.18287e+17	6.95573e+17	7.65589e+17	8.11386e+17	3.37204e+16	5.87284e+15	5.38062e+15	2.35457e+15	1.48976e+15	2.97951e+15	4.46927e+15	5.95903e+15	7.44879e+15	8.93854e+15	1.04283e+16	1.19181e+16	1.34078e+16	1.93043e+16	4.01674e+16	4.34078e+17	2.28493	2.2151	2.2151	2.2151	2.2151	2.2151	2.2151	2.2151	2.2151	2.2151	2.2151	2.2151	2.17326	1.8999	2.15441	
90765.4	6.86317e+17	2.79138e+17	1.22152e+17	7.72863e+16	1.54573e+17	2.31859e+17	3.09145e+17	3.86431e+17	4.63718e+17	5.41004e+17	6.1829e+17	6.95576e+17	7.65562e+17	8.11162e+17	3.40633e+16	5.87194e+15	5.37975e+15	2.35419e+15	1.48952e+15	2.97903e+15	4.46855e+15	5.95807e+15	7.44758e+15	8.9371e+15	1.04266e+16	1.19161e+16	1.34057e+16	1.93209e+16	4.03063e+16	4.3408e+17	2.2883	2.21859	2.21859	2.21859	2.21859	2.21859	2.21859	2.21859	2.21859	2.21859	2.21859	2.21859	2.17669	1.90246	2.14755	
91017.6	6.86318e+17	2.79139e+17	1.22152e+17	7.72867e+16	1.54573e+17	2.3186e+17	3.09147e+17	3.86433e+17	4.6372e+17	5.41007e+17	6.18293e+17	6.9558e+17	7.65535e+17	8.10938e+17	3.44079e+16	5.87103e+15	5.37888e+15	2.35381e+15	1.48928e+15	2.97855e+15	4.46783e+15	5.95711e+15	7.44639e+15	8.93566e+15	1.04249e+16	1.19142e+16	1.34035e+16	1.93374e+16	4.04459e+16	4.34082e+17	2.29167	2.22209	2.22209	2.22209	2.22209	2.22209	2.22209	2.22209	2.22209	2.22209	2.22209	2.22209	2.18012	1.90502	2.14082	
91270.1	6.8632e+17	2.79141e+17	1.22153e+17	7.7287e+16	1.54574e+17	2.31861e+17	3.09148e+17	3.86435e+17	4.63722e+17	5.41009e+17	6.18296e+17	6.95583e+17	7.65509e+17	8.10712e+17	3.47546e+16	5.87013e+15	5.37802e+15	2.35344e+15	1.48904e+15	2.97808e+15	4.46711e+15	5.95615e+15	7.44519e+15	8.93423e+15	1.04233e+16	1.19123e+16	1.34013e+16	1.93538e+16	4.05862e+16	4.34084e+17	2.29504	2.22558	2.22558	2.22558	2.22558	2.22558	2.22558	2.22558	2.22558	2.22558	2.22558	2.22558	2.18354	1.90757	2.13418	
91521.9	6.86322e+17	2.79142e+17	1.22153e+17	7.72874e+16	1.54575e+17	2.31862e+17	3.0915e+17	3.86437e+17	4.63725e+17	5.41012e+17	6.183e+17	6.95587e+17	7.65483e+17	8.10487e+17	3.51018e+16	5.86924e+15	5.37716e+15	2.35306e+15	1.4888e+15	2.9776e+15	4.4664e+15	5.9552e+15	7.444e+15	8.9328e+15	1.04216e+16	1.19104e+16	1.33992e+16	1.93701e+16	4.07264e+16	4.34085e+17	2.29839	2.22906	2.22906	2.22906	2.22906	2.22906	2.22906	2.22906	2.22906	2.22906	2.22906	2.22906	2.18695	1.91011	2.12769	
91773.9	6.86324e+17	2.79144e+17	1.22154e+17	7.72878e+16	1.54576e+17	2.31864e+17	3.09151e+17	3.86439e+17	4.63727e+17	5.41015e+17	6.18303e+17	6.95591e+17	7.65456e+17	8.10261e+17	3.54506e+16	5.86834e+15	5.3763e+15	2.35268e+15	1.48856e+15	2.97712e+15	4.46569e+15	5.95425e+15	7.44281e+15	8.93137e+15	1.04199e+16	1.19085e+16	1.33971e+16	1.93862e+16	4.08672e+16	4.34085e+17	2.30174	2.23253	2.23253	2.23253	2.23253	2.23253	2.23253	2.23253	2.23253	2.23253	2.23253	2.23253	2.19036	1.91263	2.1213	
92026.9	6.86325e+17	2.79145e+17	1.22155e+17	7.72882e+16	1.54576e+17	2.31865e+17	3.09153e+17	3.86441e+17	4.63729e+17	5.41018e+17	6.18306e+17	6.95594e+17	7.6543e+17	8.10033e+17	3.58023e+16	5.86745e+15	5.37544e+15	2.35231e+15	1.48832e+15	2.97665e+15	4.46497e+15	5.9533e+15	7.44162e+15	8.92995e+15	1.04183e+16	1.19066e+16	1.33949e+16	1.94023e+16	4.10089e+16	4.34086e+17	2.30509	2.23602	2.23602	2.23602	2.23602	2.23602	2.23602	2.23602	2.23602	2.23602	2.23602	2.23602	2.19377	1.91516	2.11499	
92278.6	6.86327e+17	2.79147e+17	1.22155e+17	7.72886e+16	1.54577e+17	2.31866e+17	3.09154e+17	3.86443e+17	4.63732e+17	5.4102e+17	6.18309e+17	6.95598e+17	7.65405e+17	8.09805e+17	3.61536e+16	5.86656e+15	5.37459e+15	2.35194e+15	1.48809e+15	2.97618e+15	4.46427e+15	5.95235e+15	7.44044e+15	8.92853e+15	1.04166e+16	1.19047e+16	1.33928e+16	1.94182e+16	4.11503e+16	4.34086e+17	2.30843	2.23948	2.23948	2.23948	2.23948	2.23948	2.23948	2.23948	2.23948	2.23948	2.23948	2.23948	2.19716	1.91767	2.10883	
92531.1	6.86329e+17	2.79148e+17	1.22156e+17	7.7289e+16	1.54578e+17	2.31867e+17	3.09156e+17	3.86445e+17	4.63734e+17	5.41023e+17	6.18312e+17	6.95601e+17	7.65379e+17	8.09577e+17	3.65074e+16	5.86567e+15	5.37374e+15	2.35156e+15	1.48785e+15	2.97571e+15	4.46356e+15	5.95141e+15	7.43926e+15	8.92712e+15	1.0415e+16	1.19028e+16	1.33907e+16	1.9434e+16	4.12925e+16	4.34085e+17	2.31177	2.24294	2.24294	2.24294	2.24294	2.24294	2.24294	2.24294	2.24294	2.24294	2.24294	2.24294	2.20056	1.92017	2.10275	
92783.9	6.8633e+17	2.79149e+17	1.22156e+17	7.72894e+16	1.54579e+17	2.31868e+17	3.09158e+17	3.86447e+17	4.63736e+17	5.41026e+17	6.18315e+17	6.95605e+17	7.65353e+17	8.09347e+17	3.6863e+16	5.86479e+15	5.37289e+15	2.35119e+15	1.48762e+15	2.97523e+15	4.46285e+15	5.95047e+15	7.43809e+15	8.9257e+15	1.04133e+16	1.19009e+16	1.33886e+16	1.94498e+16	4.14351e+16	4.34084e+17	2.31511	2.2464	2.2464	2.2464	2.2464	2.2464	2.2464	2.2464	2.2464	2.2464	2.2464	2.2464	2.20395	1.92267	2.09677	
93035.7	6.86332e+17	2.79151e+17	1.22157e+17	7.72898e+16	1.5458e+17	2.31869e+17	3.09159e+17	3.86449e+17	4.63739e+17	5.41028e+17	6.18318e+17	6.95608e+17	7.65328e+17	8.09119e+17	3.72185e+16	5.86391e+15	5.37205e+15	2.35082e+15	1.48738e+15	2.97477e+15	4.46215e+15	5.94953e+15	7.43692e+15	8.9243e+15	1.04117e+16	1.18991e+16	1.33865e+16	1.94654e+16	4.15774e+16	4.34083e+17	2.31843	2.24984	2.24984	2.24984	2.24984	2.24984	2.24984	2.24984	2.24984	2.24984	2.24984	2.24984	2.20733	1.92514	2.09092	
93288.5	6.86334e+17	2.79152e+17	1.22158e+17	7.72902e+16	1.5458e+17	2.3187e+17	3.09161e+17	3.86451e+17	4.63741e+17	5.41031e+17	6.18321e+17	6.95611e+17	7.65303e+17	8.08888e+17	3.75766e+16	5.86302e+15	5.3712e+15	2.35045e+15	1.48715e+15	2.9743e+15	4.46145e+15	5.9486e+15	7.43575e+15	8.9229e+15	1.041e+16	1.18972e+16	1.33843e+16	1.9481e+16	4.17206e+16	4.34081e+17	2.32175	2.25329	2.25329	2.25329	2.25329	2.25329	2.25329	2.25329	2.25329	2.25329	2.25329	2.25329	2.21071	1.92762	2.08514	
93540.4	6.86336e+17	2.79153e+17	1.22158e+17	7.72905e+16	1.54581e+17	2.31872e+17	3.09162e+17	3.86453e+17	4.63743e+17	5.41034e+17	6.18324e+17	6.95615e+17	7.65278e+17	8.08658e+17	3.7935e+16	5.86215e+15	5.37036e+15	2.35008e+15	1.48692e+15	2.97383e+15	4.46075e+15	5.94767e+15	7.43458e+15	8.9215e+15	1.04084e+16	1.18953e+16	1.33823e+16	1.94964e+16	4.18635e+16	4.34078e+17	2.32506	2.25673	2.25673	2.25673	2.25673	2.25673	2.25673	2.25673	2.25673	2.25673	2.25673	2.25673	2.21408	1.93008	2.07948	
93792.7	6.86337e+17	2.79155e+17	1.22159e+17	7.72909e+16	1.54582e+17	2.31873e+17	3.09164e+17	3.86455e+17	4.63746e+17	5.41037e+17	6.18327e+17	6.95618e+17	7.65253e+17	8.08428e+17	3.8295e+16	5.86127e+15	5.36952e+15	2.34972e+15	1.48668e+15	2.97337e+15	4.46005e+15	5.94674e+15	7.43342e+15	8.92011e+15	1.04068e+16	1.18935e+16	1.33802e+16	1.95118e+16	4.20068e+16	4.34076e+17	2.32837	2.26016	2.26016	2.26016	2.26016	2.26016	2.26016	2.26016	2.26016	2.26016	2.26016	2.26016	2.21745	1.93253	2.07392	
94045.3	6.86339e+17	2.79156e+17	1.22159e+17	7.72913e+16	1.54583e+17	2.31874e+17	3.09165e+17	3.86457e+17	4.63748e+17	5.41039e+17	6.1833e+17	6.95622e+17	7.65228e+17	8.08197e+17	3.86568e+16	5.8604e+15	5.36868e+15	2.34935e+15	1.48645e+15	2.97291e+15	4.45936e+15	5.94581e+15	7.43227e+15	8.91872e+15	1.04052e+16	1.18916e+16	1.33781e+16	1.95271e+16	4.21505e+16	4.34072e+17	2.33168	2.26359	2.26359	2.26359	2.26359	2.26359	2.26359	2.26359	2.26359	2.26359	2.26359	2.26359	2.22081	1.93498	2.06844	
94297.6	6.86341e+17	2.79158e+17	1.2216e+17	7.72917e+16	1.54583e+17	2.31875e+17	3.09167e+17	3.86458e+17	4.6375e+17	5.41042e+17	6.18334e+17	6.95625e+17	7.65204e+17	8.07966e+17	3.90193e+16	5.85953e+15	5.36785e+15	2.34899e+15	1.48622e+15	2.97244e+15	4.45867e+15	5.94489e+15	7.43111e+15	8.91733e+15	1.04036e+16	1.18898e+16	1.3376e+16	1.95423e+16	4.22943e+16	4.34069e+17	2.33498	2.26701	2.26701	2.26701	2.26701	2.26701	2.26701	2.26701	2.26701	2.26701	2.26701	2.26701	2.22417	1.93741	2.06306	
94550.3	6.86342e+17	2.79159e+17	1.22161e+17	7.72921e+16	1.54584e+17	2.31876e+17	3.09168e+17	3.8646e+17	4.63752e+17	5.41045e+17	6.18337e+17	6.95629e+17	7.65179e+17	8.07734e+17	3.93835e+16	5.85867e+15	5.36702e+15	2.34862e+15	1.48599e+15	2.97198e+15	4.45798e+15	5.94397e+15	7.42996e+15	8.91595e+15	1.04019e+16	1.18879e+16	1.33739e+16	1.95574e+16	4.24383e+16	4.34064e+17	2.33828	2.27043	2.27043	2.27043	2.27043	2.27043	2.27043	2.27043	2.27043	2.27043	2.27043	2.27043	2.22752	1.93984	2.05777	
94803.1	6.86344e+17	2.7916e+17	1.22161e+17	7.72925e+16	1.54585e+17	2.31877e+17	3.0917e+17	3.86462e+17	4.63755e+17	5.41047e+17	6.1834e+17	6.95632e+17	7.65155e+17	8.07502e+17	3.97491e+16	5.8578e+15	5.36619e+15	2.34826e+15	1.48576e+15	2.97152e+15	4.45729e+15	5.94305e+15	7.42881e+15	8.91457e+15	1.04003e+16	1.18861e+16	1.33719e+16	1.95725e+16	4.25826e+16	4.3406e+17	2.34158	2.27385	2.27385	2.27385	2.27385	2.27385	2.27385	2.27385	2.27385	2.27385	2.27385	2.27385	2.23088	1.94226	2.05256	
95055.1	6.86346e+17	2.79162e+17	1.22162e+17	7.72928e+16	1.54586e+17	2.31878e+17	3.09171e+17	3.86464e+17	4.63757e+17	5.4105e+17	6.18343e+17	6.95635e+17	7.6513e+17	8.0727e+17	4.01147e+16	5.85694e+15	5.36536e+15	2.3479e+15	1.48553e+15	2.97107e+15	4.4566e+15	5.94213e+15	7.42767e+15	8.9132e+15	1.03987e+16	1.18843e+16	1.33698e+16	1.95875e+16	4.27267e+16	4.34055e+17	2.34486	2.27725	2.27725	2.27725	2.27725	2.27725	2.27725	2.27725	2.27725	2.27725	2.27725	2.27725	2.23421	1.94466	2.04746	
95308	6.86347e+17	2.79163e+17	1.22162e+17	7.72932e+16	1.54586e+17	2.3188e+17	3.09173e+17	3.86466e+17	4.63759e+17	5.41052e+17	6.18346e+17	6.95639e+17	7.65106e+17	8.07037e+17	4.04827e+16	5.85608e+15	5.36454e+15	2.34754e+15	1.4853e+15	2.97061e+15	4.45591e+15	5.94122e+15	7.42652e+15	8.91183e+15	1.03971e+16	1.18824e+16	1.33677e+16	1.96024e+16	4.28713e+16	4.34049e+17	2.34815	2.28065	2.28065	2.28065	2.28065	2.28065	2.28065	2.28065	2.28065	2.28065	2.28065	2.28065	2.23755	1.94706	2.04243	
95560.6	6.86349e+17	2.79164e+17	1.22163e+17	7.72936e+16	1.54587e+17	2.31881e+17	3.09174e+17	3.86468e+17	4.63761e+17	5.41055e+17	6.18349e+17	6.95642e+17	7.65082e+17	8.06805e+17	4.08514e+16	5.85522e+15	5.36371e+15	2.34718e+15	1.48508e+15	2.97015e+15	4.45523e+15	5.94031e+15	7.42539e+15	8.91046e+15	1.03955e+16	1.18806e+16	1.33657e+16	1.96173e+16	4.30158e+16	4.34043e+17	2.35142	2.28405	2.28405	2.28405	2.28405	2.28405	2.28405	2.28405	2.28405	2.28405	2.28405	2.28405	2.24089	1.94945	2.03749	
95812.6	6.86351e+17	2.79166e+17	1.22164e+17	7.7294e+16	1.54588e+17	2.31882e+17	3.09176e+17	3.8647e+17	4.63764e+17	5.41058e+17	6.18352e+17	6.95646e+17	7.65058e+17	8.06573e+17	4.12201e+16	5.85437e+15	5.3629e+15	2.34682e+15	1.48485e+15	2.9697e+15	4.45455e+15	5.9394e+15	7.42425e+15	8.9091e+15	1.0394e+16	1.18788e+16	1.33637e+16	1.9632e+16	4.316e+16	4.34037e+17	2.35469	2.28743	2.28743	2.28743	2.28743	2.28743	2.28743	2.28743	2.28743	2.28743	2.28743	2.28743	2.24421	1.95182	2.03265	
96065.4	6.86352e+17	2.79167e+17	1.22164e+17	7.72943e+16	1.54589e+17	2.31883e+17	3.09177e+17	3.86472e+17	4.63766e+17	5.4106e+17	6.18355e+17	6.95649e+17	7.65034e+17	8.0634e+17	4.15911e+16	5.85352e+15	5.36208e+15	2.34646e+15	1.48462e+15	2.96925e+15	4.45387e+15	5.9385e+15	7.42312e+15	8.90774e+15	1.03924e+16	1.1877e+16	1.33616e+16	1.96468e+16	4.33048e+16	4.3403e+17	2.35796	2.29082	2.29082	2.29082	2.29082	2.29082	2.29082	2.29082	2.29082	2.29082	2.29082	2.29082	2.24753	1.95419	2.02787	
96318.1	6.86354e+17	2.79168e+17	1.22165e+17	7.72947e+16	1.54589e+17	2.31884e+17	3.09179e+17	3.86473e+17	4.63768e+17	5.41063e+17	6.18358e+17	6.95652e+17	7.65011e+17	8.06107e+17	4.1963e+16	5.85267e+15	5.36126e+15	2.3461e+15	1.4844e+15	2.9688e+15	4.4532e+15	5.93759e+15	7.42199e+15	8.90639e+15	1.03908e+16	1.18752e+16	1.33596e+16	1.96614e+16	4.34496e+16	4.34022e+17	2.36122	2.2942	2.2942	2.2942	2.2942	2.2942	2.2942	2.2942	2.2942	2.2942	2.2942	2.2942	2.25085	1.95656	2.02318	
96570.4	6.86356e+17	2.7917e+17	1.22165e+17	7.72951e+16	1.5459e+17	2.31885e+17	3.0918e+17	3.86475e+17	4.6377e+17	5.41065e+17	6.18361e+17	6.95656e+17	7.64987e+17	8.05874e+17	4.23354e+16	5.85182e+15	5.36045e+15	2.34575e+15	1.48417e+15	2.96835e+15	4.45252e+15	5.93669e+15	7.42087e+15	8.90504e+15	1.03892e+16	1.18734e+16	1.33576e+16	1.9676e+16	4.35943e+16	4.34014e+17	2.36447	2.29757	2.29757	2.29757	2.29757	2.29757	2.29757	2.29757	2.29757	2.29757	2.29757	2.29757	2.25416	1.9589	2.01857	
96823.5	6.86357e+17	2.79171e+17	1.22166e+17	7.72954e+16	1.54591e+17	2.31886e+17	3.09182e+17	3.86477e+17	4.63773e+17	5.41068e+17	6.18364e+17	6.95659e+17	7.64963e+17	8.05641e+17	4.27098e+16	5.85097e+15	5.35964e+15	2.34539e+15	1.48395e+15	2.9679e+15	4.45185e+15	5.9358e+15	7.41974e+15	8.90369e+15	1.03876e+16	1.18716e+16	1.33555e+16	1.96906e+16	4.37393e+16	4.34006e+17	2.36773	2.30095	2.30095	2.30095	2.30095	2.30095	2.30095	2.30095	2.30095	2.30095	2.30095	2.30095	2.25748	1.96125	2.01403	
97075.8	6.86359e+17	2.79172e+17	1.22167e+17	7.72958e+16	1.54592e+17	2.31887e+17	3.09183e+17	3.86479e+17	4.63775e+17	5.41071e+17	6.18366e+17	6.95662e+17	7.6494e+17	8.05408e+17	4.30839e+16	5.85013e+15	5.35883e+15	2.34504e+15	1.48373e+15	2.96745e+15	4.45118e+15	5.9349e+15	7.41863e+15	8.90235e+15	1.03861e+16	1.18698e+16	1.33535e+16	1.97051e+16	4.3884e+16	4.33997e+17	2.37097	2.3043	2.3043	2.3043	2.3043	2.3043	2.3043	2.3043	2.3043	2.3043	2.3043	2.3043	2.26077	1.96357	2.00959	
97328.2	6.8636e+17	2.79174e+17	1.22167e+17	7.72962e+16	1.54592e+17	2.31889e+17	3.09185e+17	3.86481e+17	4.63777e+17	5.41073e+17	6.18369e+17	6.95666e+17	7.64916e+17	8.05175e+17	4.34592e+16	5.8493e+15	5.35803e+15	2.34469e+15	1.4835e+15	2.96701e+15	4.45051e+15	5.93401e+15	7.41751e+15	8.90102e+15	1.03845e+16	1.1868e+16	1.33515e+16	1.97195e+16	4.40287e+16	4.33987e+17	2.37421	2.30766	2.30766	2.30766	2.30766	2.30766	2.30766	2.30766	2.30766	2.30766	2.30766	2.30766	2.26407	1.96589	2.00521	
97581.1	6.86362e+17	2.79175e+17	1.22168e+17	7.72965e+16	1.54593e+17	2.3189e+17	3.09186e+17	3.86483e+17	4.63779e+17	5.41076e+17	6.18372e+17	6.95669e+17	7.64893e+17	8.04941e+17	4.38362e+16	5.84846e+15	5.35722e+15	2.34434e+15	1.48328e+15	2.96656e+15	4.44984e+15	5.93312e+15	7.4164e+15	8.89968e+15	1.0383e+16	1.18662e+16	1.33495e+16	1.97339e+16	4.41737e+16	4.33977e+17	2.37745	2.31102	2.31102	2.31102	2.31102	2.31102	2.31102	2.31102	2.31102	2.31102	2.31102	2.31102	2.26737	1.96821	2.0009	
97833.9	6.86364e+17	2.79176e+17	1.22168e+17	7.72969e+16	1.54594e+17	2.31891e+17	3.09188e+17	3.86485e+17	4.63781e+17	5.41078e+17	6.18375e+17	6.95672e+17	7.6487e+17	8.04708e+17	4.42138e+16	5.84762e+15	5.35642e+15	2.34398e+15	1.48306e+15	2.96612e+15	4.44918e+15	5.93223e+15	7.41529e+15	8.89835e+15	1.03814e+16	1.18645e+16	1.33475e+16	1.97483e+16	4.43186e+16	4.33967e+17	2.38068	2.31437	2.31437	2.31437	2.31437	2.31437	2.31437	2.31437	2.31437	2.31437	2.31437	2.31437	2.27066	1.97051	1.99666	
98086.5	6.86365e+17	2.79178e+17	1.22169e+17	7.72973e+16	1.54595e+17	2.31892e+17	3.09189e+17	3.86486e+17	4.63784e+17	5.41081e+17	6.18378e+17	6.95675e+17	7.64847e+17	8.04475e+17	4.4592e+16	5.84679e+15	5.35563e+15	2.34364e+15	1.48284e+15	2.96567e+15	4.44851e+15	5.93135e+15	7.41419e+15	8.89702e+15	1.03799e+16	1.18627e+16	1.33455e+16	1.97626e+16	4.44634e+16	4.33956e+17	2.38391	2.31771	2.31771	2.31771	2.31771	2.31771	2.31771	2.31771	2.31771	2.31771	2.31771	2.31771	2.27394	1.9728	1.9925	
98339.7	6.86367e+17	2.79179e+17	1.22169e+17	7.72976e+16	1.54595e+17	2.31893e+17	3.09191e+17	3.86488e+17	4.63786e+17	5.41083e+17	6.18381e+17	6.95679e+17	7.64824e+17	8.04242e+17	4.49718e+16	5.84596e+15	5.35483e+15	2.34329e+15	1.48262e+15	2.96523e+15	4.44785e+15	5.93047e+15	7.41308e+15	8.8957e+15	1.03783e+16	1.18609e+16	1.33435e+16	1.97768e+16	4.46084e+16	4.33945e+17	2.38713	2.32105	2.32105	2.32105	2.32105	2.32105	2.32105	2.32105	2.32105	2.32105	2.32105	2.32105	2.27722	1.97509	1.98841	
98591.9	6.86368e+17	2.7918e+17	1.2217e+17	7.7298e+16	1.54596e+17	2.31894e+17	3.09192e+17	3.8649e+17	4.63788e+17	5.41086e+17	6.18384e+17	6.95682e+17	7.64801e+17	8.04009e+17	4.53511e+16	5.84513e+15	5.35404e+15	2.34294e+15	1.4824e+15	2.96479e+15	4.44719e+15	5.92959e+15	7.41199e+15	8.89438e+15	1.03768e+16	1.18592e+16	1.33416e+16	1.9791e+16	4.47529e+16	4.33933e+17	2.39034	2.32438	2.32438	2.32438	2.32438	2.32438	2.32438	2.32438	2.32438	2.32438	2.32438	2.32438	2.28049	1.97736	1.98439	
98844.4	6.8637e+17	2.79182e+17	1.22171e+17	7.72984e+16	1.54597e+17	2.31895e+17	3.09193e+17	3.86492e+17	4.6379e+17	5.41089e+17	6.18387e+17	6.95685e+17	7.64778e+17	8.03776e+17	4.57314e+16	5.84431e+15	5.35325e+15	2.34259e+15	1.48218e+15	2.96436e+15	4.44653e+15	5.92871e+15	7.41089e+15	8.89307e+15	1.03752e+16	1.18574e+16	1.33396e+16	1.98051e+16	4.48975e+16	4.33921e+17	2.39355	2.3277	2.3277	2.3277	2.3277	2.3277	2.3277	2.3277	2.3277	2.3277	2.3277	2.3277	2.28376	1.97962	1.98044	
99097.5	6.86372e+17	2.79183e+17	1.22171e+17	7.72987e+16	1.54597e+17	2.31896e+17	3.09195e+17	3.86494e+17	4.63792e+17	5.41091e+17	6.1839e+17	6.95688e+17	7.64755e+17	8.03543e+17	4.61135e+16	5.84349e+15	5.35245e+15	2.34225e+15	1.48196e+15	2.96392e+15	4.44588e+15	5.92784e+15	7.4098e+15	8.89176e+15	1.03737e+16	1.18557e+16	1.33376e+16	1.98192e+16	4.50423e+16	4.33908e+17	2.39676	2.33103	2.33103	2.33103	2.33103	2.33103	2.33103	2.33103	2.33103	2.33103	2.33103	2.33103	2.28703	1.98188	1.97655	
99350.1	6.86373e+17	2.79184e+17	1.22172e+17	7.72991e+16	1.54598e+17	2.31897e+17	3.09196e+17	3.86495e+17	4.63794e+17	5.41094e+17	6.18393e+17	6.95692e+17	7.64732e+17	8.0331e+17	4.64955e+16	5.84267e+15	5.35167e+15	2.3419e+15	1.48174e+15	2.96348e+15	4.44523e+15	5.92697e+15	7.40871e+15	8.89045e+15	1.03722e+16	1.18539e+16	1.33357e+16	1.98333e+16	4.51868e+16	4.33895e+17	2.39996	2.33434	2.33434	2.33434	2.33434	2.33434	2.33434	2.33434	2.33434	2.33434	2.33434	2.33434	2.29029	1.98412	1.97273	
99603.1	6.86375e+17	2.79186e+17	1.22172e+17	7.72994e+16	1.54599e+17	2.31898e+17	3.09198e+17	3.86497e+17	4.63797e+17	5.41096e+17	6.18396e+17	6.95695e+17	7.64709e+17	8.03077e+17	4.68789e+16	5.84185e+15	5.35088e+15	2.34156e+15	1.48152e+15	2.96305e+15	4.44457e+15	5.9261e+15	7.40762e+15	8.88915e+15	1.03707e+16	1.18522e+16	1.33337e+16	1.98473e+16	4.53315e+16	4.33881e+17	2.40316	2.33765	2.33765	2.33765	2.33765	2.33765	2.33765	2.33765	2.33765	2.33765	2.33765	2.33765	2.29355	1.98636	1.96896	
99856.4	6.86376e+17	2.79187e+17	1.22173e+17	7.72998e+16	1.546e+17	2.31899e+17	3.09199e+17	3.86499e+17	4.63799e+17	5.41099e+17	6.18398e+17	6.95698e+17	7.64687e+17	8.02844e+17	4.72634e+16	5.84103e+15	5.3501e+15	2.34122e+15	1.48131e+15	2.96261e+15	4.44392e+15	5.92523e+15	7.40654e+15	8.88784e+15	1.03692e+16	1.18505e+16	1.33318e+16	1.98613e+16	4.54762e+16	4.33866e+17	2.40636	2.34097	2.34097	2.34097	2.34097	2.34097	2.34097	2.34097	2.34097	2.34097	2.34097	2.34097	2.2968	1.98859	1.96526	
100109	6.86378e+17	2.79188e+17	1.22173e+17	7.73002e+16	1.546e+17	2.319e+17	3.09201e+17	3.86501e+17	4.63801e+17	5.41101e+17	6.18401e+17	6.95701e+17	7.64664e+17	8.02612e+17	4.76472e+16	5.84022e+15	5.34932e+15	2.34088e+15	1.48109e+15	2.96218e+15	4.44328e+15	5.92437e+15	7.40546e+15	8.88655e+15	1.03676e+16	1.18487e+16	1.33298e+16	1.98752e+16	4.56203e+16	4.33852e+17	2.40954	2.34426	2.34426	2.34426	2.34426	2.34426	2.34426	2.34426	2.34426	2.34426	2.34426	2.34426	2.30004	1.99081	1.96163	
100362	6.86379e+17	2.79189e+17	1.22174e+17	7.73005e+16	1.54601e+17	2.31902e+17	3.09202e+17	3.86503e+17	4.63803e+17	5.41104e+17	6.18404e+17	6.95705e+17	7.64642e+17	8.0238e+17	4.80328e+16	5.83941e+15	5.34854e+15	2.34054e+15	1.48088e+15	2.96175e+15	4.44263e+15	5.9235e+15	7.40438e+15	8.88526e+15	1.03661e+16	1.1847e+16	1.33279e+16	1.98891e+16	4.57648e+16	4.33836e+17	2.41273	2.34756	2.34756	2.34756	2.34756	2.34756	2.34756	2.34756	2.34756	2.34756	2.34756	2.34756	2.30329	1.99302	1.95806	
100614	6.86381e+17	2.79191e+17	1.22175e+17	7.73009e+16	1.54602e+17	2.31903e+17	3.09203e+17	3.86504e+17	4.63805e+17	5.41106e+17	6.18407e+17	6.95708e+17	7.64619e+17	8.02148e+17	4.84178e+16	5.8386e+15	5.34777e+15	2.3402e+15	1.48066e+15	2.96132e+15	4.44199e+15	5.92265e+15	7.40331e+15	8.88397e+15	1.03646e+16	1.18453e+16	1.3326e+16	1.9903e+16	4.59087e+16	4.33821e+17	2.4159	2.35085	2.35085	2.35085	2.35085	2.35085	2.35085	2.35085	2.35085	2.35085	2.35085	2.35085	2.30652	1.99521	1.95455	
100867	6.86383e+17	2.79192e+17	1.22175e+17	7.73012e+16	1.54602e+17	2.31904e+17	3.09205e+17	3.86506e+17	4.63807e+17	5.41109e+17	6.1841e+17	6.95711e+17	7.64597e+17	8.01916e+17	4.88039e+16	5.8378e+15	5.347e+15	2.33986e+15	1.48045e+15	2.9609e+15	4.44134e+15	5.92179e+15	7.40224e+15	8.88269e+15	1.03631e+16	1.18436e+16	1.3324e+16	1.99168e+16	4.60527e+16	4.33804e+17	2.41907	2.35413	2.35413	2.35413	2.35413	2.35413	2.35413	2.35413	2.35413	2.35413	2.35413	2.35413	2.30975	1.9974	1.9511	
101121	6.86384e+17	2.79193e+17	1.22176e+17	7.73016e+16	1.54603e+17	2.31905e+17	3.09206e+17	3.86508e+17	4.63809e+17	5.41111e+17	6.18413e+17	6.95714e+17	7.64574e+17	8.01683e+17	4.91917e+16	5.83699e+15	5.34622e+15	2.33952e+15	1.48023e+15	2.96047e+15	4.4407e+15	5.92094e+15	7.40117e+15	8.8814e+15	1.03616e+16	1.18419e+16	1.33221e+16	1.99306e+16	4.6197e+16	4.33788e+17	2.42225	2.35742	2.35742	2.35742	2.35742	2.35742	2.35742	2.35742	2.35742	2.35742	2.35742	2.35742	2.31299	1.99959	1.94769	
101373	6.86386e+17	2.79195e+17	1.22176e+17	7.73019e+16	1.54604e+17	2.31906e+17	3.09208e+17	3.8651e+17	4.63812e+17	5.41113e+17	6.18415e+17	6.95717e+17	7.64552e+17	8.01452e+17	4.95789e+16	5.83619e+15	5.34545e+15	2.33918e+15	1.48002e+15	2.96004e+15	4.44006e+15	5.92009e+15	7.40011e+15	8.88013e+15	1.03601e+16	1.18402e+16	1.33202e+16	1.99443e+16	4.63407e+16	4.3377e+17	2.42541	2.36069	2.36069	2.36069	2.36069	2.36069	2.36069	2.36069	2.36069	2.36069	2.36069	2.36069	2.31621	2.00175	1.94436	
101626	6.86387e+17	2.79196e+17	1.22177e+17	7.73023e+16	1.54605e+17	2.31907e+17	3.09209e+17	3.86511e+17	4.63814e+17	5.41116e+17	6.18418e+17	6.9572e+17	7.6453e+17	8.0122e+17	4.99668e+16	5.83539e+15	5.34469e+15	2.33885e+15	1.47981e+15	2.95962e+15	4.43943e+15	5.91924e+15	7.39905e+15	8.87886e+15	1.03587e+16	1.18385e+16	1.33183e+16	1.9958e+16	4.64844e+16	4.33753e+17	2.42857	2.36396	2.36396	2.36396	2.36396	2.36396	2.36396	2.36396	2.36396	2.36396	2.36396	2.36396	2.31942	2.00391	1.94107	
101880	6.86389e+17	2.79197e+17	1.22177e+17	7.73026e+16	1.54605e+17	2.31908e+17	3.0921e+17	3.86513e+17	4.63816e+17	5.41118e+17	6.18421e+17	6.95724e+17	7.64508e+17	8.00989e+17	5.03558e+16	5.83459e+15	5.34392e+15	2.33851e+15	1.4796e+15	2.95919e+15	4.43879e+15	5.91839e+15	7.39799e+15	8.87758e+15	1.03572e+16	1.18368e+16	1.33164e+16	1.99717e+16	4.66282e+16	4.33735e+17	2.43172	2.36723	2.36723	2.36723	2.36723	2.36723	2.36723	2.36723	2.36723	2.36723	2.36723	2.36723	2.32264	2.00607	1.93784	
102132	6.8639e+17	2.79198e+17	1.22178e+17	7.7303e+16	1.54606e+17	2.31909e+17	3.09212e+17	3.86515e+17	4.63818e+17	5.41121e+17	6.18424e+17	6.95727e+17	7.64486e+17	8.00758e+17	5.07442e+16	5.8338e+15	5.34316e+15	2.33818e+15	1.47939e+15	2.95877e+15	4.43816e+15	5.91755e+15	7.39693e+15	8.87632e+15	1.03557e+16	1.18351e+16	1.33145e+16	1.99853e+16	4.67714e+16	4.33716e+17	2.43487	2.37049	2.37049	2.37049	2.37049	2.37049	2.37049	2.37049	2.37049	2.37049	2.37049	2.37049	2.32585	2.00821	1.93467	
102385	6.86392e+17	2.792e+17	1.22178e+17	7.73033e+16	1.54607e+17	2.3191e+17	3.09213e+17	3.86517e+17	4.6382e+17	5.41123e+17	6.18426e+17	6.9573e+17	7.64464e+17	8.00527e+17	5.11332e+16	5.83301e+15	5.3424e+15	2.33785e+15	1.47918e+15	2.95835e+15	4.43753e+15	5.91671e+15	7.39588e+15	8.87506e+15	1.03542e+16	1.18334e+16	1.33126e+16	1.99989e+16	4.69146e+16	4.33697e+17	2.43801	2.37374	2.37374	2.37374	2.37374	2.37374	2.37374	2.37374	2.37374	2.37374	2.37374	2.37374	2.32905	2.01034	1.93155	
102635	6.86393e+17	2.79201e+17	1.22179e+17	7.73037e+16	1.54607e+17	2.31911e+17	3.09215e+17	3.86518e+17	4.63822e+17	5.41126e+17	6.18429e+17	6.95733e+17	7.64442e+17	8.00299e+17	5.15185e+16	5.83223e+15	5.34166e+15	2.33752e+15	1.47897e+15	2.95794e+15	4.43691e+15	5.91588e+15	7.39485e+15	8.87382e+15	1.03528e+16	1.18318e+16	1.33107e+16	2.00123e+16	4.7056e+16	4.33677e+17	2.44111	2.37695	2.37695	2.37695	2.37695	2.37695	2.37695	2.37695	2.37695	2.37695	2.37695	2.37695	2.33221	2.01243	1.92852	
102888	6.86395e+17	2.79202e+17	1.2218e+17	7.7304e+16	1.54608e+17	2.31912e+17	3.09216e+17	3.8652e+17	4.63824e+17	5.41128e+17	6.18432e+17	6.95736e+17	7.6442e+17	8.00069e+17	5.19088e+16	5.83144e+15	5.3409e+15	2.33719e+15	1.47876e+15	2.95752e+15	4.43628e+15	5.91504e+15	7.3938e+15	8.87256e+15	1.03513e+16	1.18301e+16	1.33088e+16	2.00258e+16	4.7199e+16	4.33657e+17	2.44424	2.3802	2.3802	2.3802	2.3802	2.3802	2.3802	2.3802	2.3802	2.3802	2.3802	2.3802	2.33541	2.01455	1.9255	
103141	6.86396e+17	2.79203e+17	1.2218e+17	7.73043e+16	1.54609e+17	2.31913e+17	3.09217e+17	3.86522e+17	4.63826e+17	5.4113e+17	6.18435e+17	6.95739e+17	7.64398e+17	7.99838e+17	5.23001e+16	5.83066e+15	5.34015e+15	2.33686e+15	1.47855e+15	2.9571e+15	4.43565e+15	5.91421e+15	7.39276e+15	8.87131e+15	1.03499e+16	1.18284e+16	1.3307e+16	2.00393e+16	4.73421e+16	4.33637e+17	2.44738	2.38344	2.38344	2.38344	2.38344	2.38344	2.38344	2.38344	2.38344	2.38344	2.38344	2.38344	2.3386	2.01665	1.92252	
103394	6.86398e+17	2.79205e+17	1.22181e+17	7.73047e+16	1.54609e+17	2.31914e+17	3.09219e+17	3.86523e+17	4.63828e+17	5.41133e+17	6.18437e+17	6.95742e+17	7.64376e+17	7.99608e+17	5.26906e+16	5.82988e+15	5.3394e+15	2.33653e+15	1.47834e+15	2.95669e+15	4.43503e+15	5.91338e+15	7.39172e+15	8.87006e+15	1.03484e+16	1.18268e+16	1.33051e+16	2.00527e+16	4.74846e+16	4.33616e+17	2.4505	2.38667	2.38667	2.38667	2.38667	2.38667	2.38667	2.38667	2.38667	2.38667	2.38667	2.38667	2.34178	2.01875	1.91961	
103647	6.86399e+17	2.79206e+17	1.22181e+17	7.7305e+16	1.5461e+17	2.31915e+17	3.0922e+17	3.86525e+17	4.6383e+17	5.41135e+17	6.1844e+17	6.95745e+17	7.64355e+17	7.99379e+17	5.30816e+16	5.8291e+15	5.33865e+15	2.33621e+15	1.47814e+15	2.95627e+15	4.43441e+15	5.91255e+15	7.39069e+15	8.86882e+15	1.0347e+16	1.18251e+16	1.33032e+16	2.00661e+16	4.7627e+16	4.33594e+17	2.45361	2.3899	2.3899	2.3899	2.3899	2.3899	2.3899	2.3899	2.3899	2.3899	2.3899	2.3899	2.34496	2.02083	1.91674	
103900	6.86401e+17	2.79207e+17	1.22182e+17	7.73054e+16	1.54611e+17	2.31916e+17	3.09221e+17	3.86527e+17	4.63832e+17	5.41138e+17	6.18443e+17	6.95748e+17	7.64333e+17	7.99149e+17	5.3474e+16	5.82832e+15	5.3379e+15	2.33588e+15	1.47793e+15	2.95586e+15	4.43379e+15	5.91172e+15	7.38965e+15	8.86758e+15	1.03455e+16	1.18234e+16	1.33014e+16	2.00795e+16	4.77696e+16	4.33572e+17	2.45673	2.39313	2.39313	2.39313	2.39313	2.39313	2.39313	2.39313	2.39313	2.39313	2.39313	2.39313	2.34814	2.02291	1.91391	
104153	6.86402e+17	2.79208e+17	1.22182e+17	7.73057e+16	1.54611e+17	2.31917e+17	3.09223e+17	3.86529e+17	4.63834e+17	5.4114e+17	6.18446e+17	6.95751e+17	7.64311e+17	7.9892e+17	5.38658e+16	5.82754e+15	5.33716e+15	2.33555e+15	1.47772e+15	2.95545e+15	4.43317e+15	5.9109e+15	7.38862e+15	8.86635e+15	1.03441e+16	1.18218e+16	1.32995e+16	2.00929e+16	4.79118e+16	4.3355e+17	2.45984	2.39635	2.39635	2.39635	2.39635	2.39635	2.39635	2.39635	2.39635	2.39635	2.39635	2.39635	2.35131	2.02497	1.91114	
104403	6.86404e+17	2.79209e+17	1.22183e+17	7.7306e+16	1.54612e+17	2.31918e+17	3.09224e+17	3.8653e+17	4.63836e+17	5.41142e+17	6.18448e+17	6.95754e+17	7.6429e+17	7.98694e+17	5.42538e+16	5.82678e+15	5.33642e+15	2.33523e+15	1.47752e+15	2.95504e+15	4.43256e+15	5.91008e+15	7.38761e+15	8.86513e+15	1.03426e+16	1.18202e+16	1.32977e+16	2.01061e+16	4.80522e+16	4.33527e+17	2.46291	2.39952	2.39952	2.39952	2.39952	2.39952	2.39952	2.39952	2.39952	2.39952	2.39952	2.39952	2.35445	2.02701	1.90844	
104656	6.86405e+17	2.79211e+17	1.22183e+17	7.73064e+16	1.54613e+17	2.31919e+17	3.09226e+17	3.86532e+17	4.63838e+17	5.41145e+17	6.18451e+17	6.95757e+17	7.64268e+17	7.98465e+17	5.46459e+16	5.82601e+15	5.33569e+15	2.33491e+15	1.47732e+15	2.95463e+15	4.43195e+15	5.90927e+15	7.38658e+15	8.8639e+15	1.03412e+16	1.18185e+16	1.32958e+16	2.01194e+16	4.81939e+16	4.33504e+17	2.46601	2.40273	2.40273	2.40273	2.40273	2.40273	2.40273	2.40273	2.40273	2.40273	2.40273	2.40273	2.3576	2.02905	1.90576	
104906	6.86407e+17	2.79212e+17	1.22184e+17	7.73067e+16	1.54613e+17	2.3192e+17	3.09227e+17	3.86534e+17	4.6384e+17	5.41147e+17	6.18454e+17	6.9576e+17	7.64247e+17	7.98239e+17	5.50341e+16	5.82525e+15	5.33496e+15	2.33459e+15	1.47711e+15	2.95423e+15	4.43134e+15	5.90846e+15	7.38557e+15	8.86269e+15	1.03398e+16	1.18169e+16	1.3294e+16	2.01325e+16	4.83339e+16	4.3348e+17	2.46907	2.4059	2.4059	2.4059	2.4059	2.4059	2.4059	2.4059	2.4059	2.4059	2.4059	2.4059	2.36073	2.03106	1.90315	
105159	6.86408e+17	2.79213e+17	1.22184e+17	7.7307e+16	1.54614e+17	2.31921e+17	3.09228e+17	3.86535e+17	4.63842e+17	5.41149e+17	6.18456e+17	6.95763e+17	7.64226e+17	7.98011e+17	5.54269e+16	5.82448e+15	5.33422e+15	2.33427e+15	1.47691e+15	2.95382e+15	4.43073e+15	5.90765e+15	7.38456e+15	8.86147e+15	1.03384e+16	1.18153e+16	1.32922e+16	2.01457e+16	4.84754e+16	4.33456e+17	2.47215	2.40909	2.40909	2.40909	2.40909	2.40909	2.40909	2.40909	2.40909	2.40909	2.40909	2.40909	2.36388	2.03309	1.90055	
105412	6.8641e+17	2.79214e+17	1.22185e+17	7.73074e+16	1.54615e+17	2.31922e+17	3.0923e+17	3.86537e+17	4.63844e+17	5.41152e+17	6.18459e+17	6.95766e+17	7.64204e+17	7.97783e+17	5.58202e+16	5.82372e+15	5.33349e+15	2.33395e+15	1.47671e+15	2.95342e+15	4.43012e+15	5.90683e+15	7.38354e+15	8.86025e+15	1.0337e+16	1.18137e+16	1.32904e+16	2.01589e+16	4.86167e+16	4.33431e+17	2.47524	2.41229	2.41229	2.41229	2.41229	2.41229	2.41229	2.41229	2.41229	2.41229	2.41229	2.41229	2.36703	2.03511	1.898	
105666	6.86411e+17	2.79216e+17	1.22185e+17	7.73077e+16	1.54615e+17	2.31923e+17	3.09231e+17	3.86539e+17	4.63846e+17	5.41154e+17	6.18462e+17	6.95769e+17	7.64183e+17	7.97555e+17	5.62143e+16	5.82296e+15	5.33276e+15	2.33363e+15	1.47651e+15	2.95301e+15	4.42952e+15	5.90602e+15	7.38253e+15	8.85903e+15	1.03355e+16	1.1812e+16	1.32885e+16	2.01721e+16	4.87581e+16	4.33406e+17	2.47833	2.41548	2.41548	2.41548	2.41548	2.41548	2.41548	2.41548	2.41548	2.41548	2.41548	2.41548	2.37018	2.03713	1.89548	
105919	6.86413e+17	2.79217e+17	1.22186e+17	7.73081e+16	1.54616e+17	2.31924e+17	3.09232e+17	3.8654e+17	4.63848e+17	5.41156e+17	6.18464e+17	6.95772e+17	7.64162e+17	7.97328e+17	5.66074e+16	5.8222e+15	5.33203e+15	2.33331e+15	1.4763e+15	2.95261e+15	4.42891e+15	5.90522e+15	7.38152e+15	8.85782e+15	1.03341e+16	1.18104e+16	1.32867e+16	2.01852e+16	4.88989e+16	4.3338e+17	2.4814	2.41867	2.41867	2.41867	2.41867	2.41867	2.41867	2.41867	2.41867	2.41867	2.41867	2.41867	2.37332	2.03912	1.89302	
106172	6.86414e+17	2.79218e+17	1.22186e+17	7.73084e+16	1.54617e+17	2.31925e+17	3.09234e+17	3.86542e+17	4.6385e+17	5.41159e+17	6.18467e+17	6.95775e+17	7.6414e+17	7.97102e+17	5.70008e+16	5.82144e+15	5.3313e+15	2.33299e+15	1.4761e+15	2.95221e+15	4.42831e+15	5.90441e+15	7.38051e+15	8.85662e+15	1.03327e+16	1.18088e+16	1.32849e+16	2.01984e+16	4.90395e+16	4.33354e+17	2.48447	2.42184	2.42184	2.42184	2.42184	2.42184	2.42184	2.42184	2.42184	2.42184	2.42184	2.42184	2.37645	2.04111	1.89059	
106422	6.86416e+17	2.79219e+17	1.22187e+17	7.73087e+16	1.54617e+17	2.31926e+17	3.09235e+17	3.86544e+17	4.63852e+17	5.41161e+17	6.1847e+17	6.95778e+17	7.64119e+17	7.96877e+17	5.73901e+16	5.82069e+15	5.33059e+15	2.33268e+15	1.4759e+15	2.95181e+15	4.42771e+15	5.90362e+15	7.37952e+15	8.85543e+15	1.03313e+16	1.18072e+16	1.32831e+16	2.02113e+16	4.91785e+16	4.33327e+17	2.4875	2.42498	2.42498	2.42498	2.42498	2.42498	2.42498	2.42498	2.42498	2.42498	2.42498	2.42498	2.37955	2.04307	1.88823	
106672	6.86417e+17	2.7922e+17	1.22188e+17	7.7309e+16	1.54618e+17	2.31927e+17	3.09236e+17	3.86545e+17	4.63854e+17	5.41163e+17	6.18472e+17	6.95781e+17	7.64099e+17	7.96654e+17	5.77791e+16	5.81995e+15	5.32987e+15	2.33237e+15	1.47571e+15	2.95141e+15	4.42712e+15	5.90283e+15	7.37854e+15	8.85424e+15	1.03299e+16	1.18057e+16	1.32814e+16	2.02242e+16	4.93171e+16	4.33301e+17	2.49053	2.42811	2.42811	2.42811	2.42811	2.42811	2.42811	2.42811	2.42811	2.42811	2.42811	2.42811	2.38263	2.04502	1.88591	
106925	6.86419e+17	2.79221e+17	1.22188e+17	7.73094e+16	1.54619e+17	2.31928e+17	3.09237e+17	3.86547e+17	4.63856e+17	5.41166e+17	6.18475e+17	6.95784e+17	7.64077e+17	7.96428e+17	5.81727e+16	5.8192e+15	5.32915e+15	2.33205e+15	1.47551e+15	2.95102e+15	4.42652e+15	5.90203e+15	7.37754e+15	8.85305e+15	1.03286e+16	1.18041e+16	1.32796e+16	2.02372e+16	4.94572e+16	4.33273e+17	2.49358	2.43127	2.43127	2.43127	2.43127	2.43127	2.43127	2.43127	2.43127	2.43127	2.43127	2.43127	2.38575	2.04698	1.8836	
107178	6.8642e+17	2.79223e+17	1.22189e+17	7.73097e+16	1.54619e+17	2.31929e+17	3.09239e+17	3.86548e+17	4.63858e+17	5.41168e+17	6.18478e+17	6.95787e+17	7.64056e+17	7.96202e+17	5.85666e+16	5.81845e+15	5.32844e+15	2.33174e+15	1.47531e+15	2.95062e+15	4.42593e+15	5.90124e+15	7.37655e+15	8.85185e+15	1.03272e+16	1.18025e+16	1.32778e+16	2.02502e+16	4.95971e+16	4.33245e+17	2.49663	2.43443	2.43443	2.43443	2.43443	2.43443	2.43443	2.43443	2.43443	2.43443	2.43443	2.43443	2.38887	2.04894	1.88133	
107429	6.86421e+17	2.79224e+17	1.22189e+17	7.731e+16	1.5462e+17	2.3193e+17	3.0924e+17	3.8655e+17	4.6386e+17	5.4117e+17	6.1848e+17	6.9579e+17	7.64036e+17	7.95979e+17	5.89566e+16	5.81771e+15	5.32773e+15	2.33143e+15	1.47511e+15	2.95023e+15	4.42534e+15	5.90045e+15	7.37556e+15	8.85068e+15	1.03258e+16	1.18009e+16	1.3276e+16	2.02631e+16	4.97355e+16	4.33217e+17	2.49965	2.43756	2.43756	2.43756	2.43756	2.43756	2.43756	2.43756	2.43756	2.43756	2.43756	2.43756	2.39195	2.05086	1.87912	
107681	6.86423e+17	2.79225e+17	1.2219e+17	7.73103e+16	1.54621e+17	2.31931e+17	3.09241e+17	3.86552e+17	4.63862e+17	5.41172e+17	6.18483e+17	6.95793e+17	7.64015e+17	7.95754e+17	5.93503e+16	5.81697e+15	5.32701e+15	2.33111e+15	1.47492e+15	2.94983e+15	4.42475e+15	5.89966e+15	7.37458e+15	8.84949e+15	1.03244e+16	1.17993e+16	1.32742e+16	2.0276e+16	4.98749e+16	4.33188e+17	2.50269	2.4407	2.4407	2.4407	2.4407	2.4407	2.4407	2.4407	2.4407	2.4407	2.4407	2.4407	2.39506	2.05279	1.87692	
107932	6.86424e+17	2.79226e+17	1.2219e+17	7.73107e+16	1.54621e+17	2.31932e+17	3.09243e+17	3.86553e+17	4.63864e+17	5.41175e+17	6.18485e+17	6.95796e+17	7.63994e+17	7.95532e+17	5.97397e+16	5.81624e+15	5.32631e+15	2.33081e+15	1.47472e+15	2.94944e+15	4.42416e+15	5.89888e+15	7.3736e+15	8.84832e+15	1.0323e+16	1.17978e+16	1.32725e+16	2.02888e+16	5.00127e+16	4.33159e+17	2.50569	2.44381	2.44381	2.44381	2.44381	2.44381	2.44381	2.44381	2.44381	2.44381	2.44381	2.44381	2.39813	2.0547	1.87479	
108185	6.86426e+17	2.79227e+17	1.22191e+17	7.7311e+16	1.54622e+17	2.31933e+17	3.09244e+17	3.86555e+17	4.63866e+17	5.41177e+17	6.18488e+17	6.95799e+17	7.63973e+17	7.95308e+17	6.0133e+16	5.8155e+15	5.3256e+15	2.3305e+15	1.47452e+15	2.94905e+15	4.42357e+15	5.8981e+15	7.37262e+15	8.84715e+15	1.03217e+16	1.17962e+16	1.32707e+16	2.03017e+16	5.01516e+16	4.3313e+17	2.50872	2.44695	2.44695	2.44695	2.44695	2.44695	2.44695	2.44695	2.44695	2.44695	2.44695	2.44695	2.40122	2.05661	1.87267	
108435	6.86427e+17	2.79228e+17	1.22191e+17	7.73113e+16	1.54623e+17	2.31934e+17	3.09245e+17	3.86557e+17	4.63868e+17	5.41179e+17	6.1849e+17	6.95802e+17	7.63952e+17	7.95086e+17	6.05227e+16	5.81477e+15	5.3249e+15	2.33019e+15	1.47433e+15	2.94866e+15	4.42299e+15	5.89732e+15	7.37165e+15	8.84599e+15	1.03203e+16	1.17946e+16	1.3269e+16	2.03144e+16	5.0289e+16	4.331e+17	2.51172	2.45005	2.45005	2.45005	2.45005	2.45005	2.45005	2.45005	2.45005	2.45005	2.45005	2.45005	2.40428	2.0585	1.8706	
108688	6.86429e+17	2.7923e+17	1.22192e+17	7.73116e+16	1.54623e+17	2.31935e+17	3.09247e+17	3.86558e+17	4.6387e+17	5.41181e+17	6.18493e+17	6.95805e+17	7.63932e+17	7.94862e+17	6.09163e+16	5.81403e+15	5.3242e+15	2.32988e+15	1.47414e+15	2.94827e+15	4.42241e+15	5.89654e+15	7.37068e+15	8.84481e+15	1.03189e+16	1.17931e+16	1.32672e+16	2.03272e+16	5.04277e+16	4.3307e+17	2.51474	2.45318	2.45318	2.45318	2.45318	2.45318	2.45318	2.45318	2.45318	2.45318	2.45318	2.45318	2.40737	2.0604	1.86855	
108941	6.8643e+17	2.79231e+17	1.22192e+17	7.73119e+16	1.54624e+17	2.31936e+17	3.09248e+17	3.8656e+17	4.63872e+17	5.41184e+17	6.18496e+17	6.95808e+17	7.63911e+17	7.94639e+17	6.13098e+16	5.8133e+15	5.32349e+15	2.32957e+15	1.47394e+15	2.94788e+15	4.42182e+15	5.89576e+15	7.36971e+15	8.84365e+15	1.03176e+16	1.17915e+16	1.32655e+16	2.034e+16	5.05661e+16	4.33039e+17	2.51776	2.4563	2.4563	2.4563	2.4563	2.4563	2.4563	2.4563	2.4563	2.4563	2.4563	2.4563	2.41046	2.06228	1.86653	
109192	6.86431e+17	2.79232e+17	1.22193e+17	7.73123e+16	1.54625e+17	2.31937e+17	3.09249e+17	3.86561e+17	4.63874e+17	5.41186e+17	6.18498e+17	6.9581e+17	7.6389e+17	7.94418e+17	6.16991e+16	5.81258e+15	5.3228e+15	2.32927e+15	1.47375e+15	2.9475e+15	4.42125e+15	5.895e+15	7.36875e+15	8.84249e+15	1.03162e+16	1.179e+16	1.32637e+16	2.03527e+16	5.07029e+16	4.33008e+17	2.52074	2.45939	2.45939	2.45939	2.45939	2.45939	2.45939	2.45939	2.45939	2.45939	2.45939	2.45939	2.41351	2.06414	1.86456	
109442	6.86433e+17	2.79233e+17	1.22193e+17	7.73126e+16	1.54625e+17	2.31938e+17	3.0925e+17	3.86563e+17	4.63875e+17	5.41188e+17	6.18501e+17	6.95813e+17	7.6387e+17	7.94198e+17	6.20879e+16	5.81186e+15	5.32211e+15	2.32897e+15	1.47356e+15	2.94712e+15	4.42067e+15	5.89423e+15	7.36779e+15	8.84135e+15	1.03149e+16	1.17885e+16	1.3262e+16	2.03653e+16	5.08393e+16	4.32976e+17	2.52372	2.46246	2.46246	2.46246	2.46246	2.46246	2.46246	2.46246	2.46246	2.46246	2.46246	2.46246	2.41655	2.06599	1.86263	
109695	6.86434e+17	2.79234e+17	1.22194e+17	7.73129e+16	1.54626e+17	2.31939e+17	3.09252e+17	3.86565e+17	4.63877e+17	5.4119e+17	6.18503e+17	6.95816e+17	7.63849e+17	7.93975e+17	6.2481e+16	5.81113e+15	5.32141e+15	2.32866e+15	1.47336e+15	2.94673e+15	4.42009e+15	5.89346e+15	7.36682e+15	8.84019e+15	1.03136e+16	1.17869e+16	1.32603e+16	2.0378e+16	5.09771e+16	4.32944e+17	2.52672	2.46557	2.46557	2.46557	2.46557	2.46557	2.46557	2.46557	2.46557	2.46557	2.46557	2.46557	2.41962	2.06785	1.86071	
109945	6.86436e+17	2.79235e+17	1.22194e+17	7.73132e+16	1.54626e+17	2.3194e+17	3.09253e+17	3.86566e+17	4.63879e+17	5.41192e+17	6.18506e+17	6.95819e+17	7.63829e+17	7.93756e+17	6.28693e+16	5.81042e+15	5.32073e+15	2.32836e+15	1.47317e+15	2.94635e+15	4.41952e+15	5.8927e+15	7.36587e+15	8.83905e+15	1.03122e+16	1.17854e+16	1.32586e+16	2.03906e+16	5.11131e+16	4.32912e+17	2.52969	2.46864	2.46864	2.46864	2.46864	2.46864	2.46864	2.46864	2.46864	2.46864	2.46864	2.46864	2.42265	2.06968	1.85885	
110199	6.86437e+17	2.79236e+17	1.22195e+17	7.73135e+16	1.54627e+17	2.31941e+17	3.09254e+17	3.86568e+17	4.63881e+17	5.41195e+17	6.18508e+17	6.95822e+17	7.63808e+17	7.93533e+17	6.32633e+16	5.80969e+15	5.32003e+15	2.32806e+15	1.47298e+15	2.94597e+15	4.41895e+15	5.89193e+15	7.36491e+15	8.8379e+15	1.03109e+16	1.17839e+16	1.32568e+16	2.04033e+16	5.12509e+16	4.32879e+17	2.53269	2.47175	2.47175	2.47175	2.47175	2.47175	2.47175	2.47175	2.47175	2.47175	2.47175	2.47175	2.42572	2.07153	1.85698	
110452	6.86438e+17	2.79238e+17	1.22195e+17	7.73138e+16	1.54628e+17	2.31942e+17	3.09255e+17	3.86569e+17	4.63883e+17	5.41197e+17	6.18511e+17	6.95825e+17	7.63788e+17	7.93312e+17	6.36559e+16	5.80898e+15	5.31934e+15	2.32776e+15	1.47279e+15	2.94558e+15	4.41837e+15	5.89117e+15	7.36396e+15	8.83675e+15	1.03095e+16	1.17823e+16	1.32551e+16	2.0416e+16	5.13881e+16	4.32845e+17	2.53568	2.47484	2.47484	2.47484	2.47484	2.47484	2.47484	2.47484	2.47484	2.47484	2.47484	2.47484	2.42878	2.07336	1.85516	
110703	6.8644e+17	2.79239e+17	1.22196e+17	7.73142e+16	1.54628e+17	2.31942e+17	3.09257e+17	3.86571e+17	4.63885e+17	5.41199e+17	6.18513e+17	6.95827e+17	7.63767e+17	7.93093e+17	6.4044e+16	5.80827e+15	5.31866e+15	2.32746e+15	1.4726e+15	2.94521e+15	4.41781e+15	5.89041e+15	7.36301e+15	8.83562e+15	1.03082e+16	1.17808e+16	1.32534e+16	2.04285e+16	5.15235e+16	4.32812e+17	2.53864	2.4779	2.4779	2.4779	2.4779	2.4779	2.4779	2.4779	2.4779	2.4779	2.4779	2.4779	2.4318	2.07517	1.85338	
110955	6.86441e+17	2.7924e+17	1.22196e+17	7.73145e+16	1.54629e+17	2.31943e+17	3.09258e+17	3.86572e+17	4.63887e+17	5.41201e+17	6.18516e+17	6.9583e+17	7.63747e+17	7.92873e+17	6.44358e+16	5.80755e+15	5.31798e+15	2.32716e+15	1.47241e+15	2.94483e+15	4.41724e+15	5.88965e+15	7.36207e+15	8.83448e+15	1.03069e+16	1.17793e+16	1.32517e+16	2.04411e+16	5.16601e+16	4.32778e+17	2.54162	2.48098	2.48098	2.48098	2.48098	2.48098	2.48098	2.48098	2.48098	2.48098	2.48098	2.48098	2.43485	2.07698	1.85162	
111206	6.86442e+17	2.79241e+17	1.22197e+17	7.73148e+16	1.5463e+17	2.31944e+17	3.09259e+17	3.86574e+17	4.63889e+17	5.41203e+17	6.18518e+17	6.95833e+17	7.63727e+17	7.92655e+17	6.48238e+16	5.80684e+15	5.3173e+15	2.32686e+15	1.47223e+15	2.94445e+15	4.41668e+15	5.8889e+15	7.36113e+15	8.83335e+15	1.03056e+16	1.17778e+16	1.325e+16	2.04535e+16	5.17953e+16	4.32744e+17	2.54457	2.48403	2.48403	2.48403	2.48403	2.48403	2.48403	2.48403	2.48403	2.48403	2.48403	2.48403	2.43786	2.07877	1.8499	
111459	6.86444e+17	2.79242e+17	1.22197e+17	7.73151e+16	1.5463e+17	2.31945e+17	3.0926e+17	3.86575e+17	4.63891e+17	5.41206e+17	6.18521e+17	6.95836e+17	7.63707e+17	7.92434e+17	6.52154e+16	5.80613e+15	5.31662e+15	2.32656e+15	1.47204e+15	2.94407e+15	4.41611e+15	5.88815e+15	7.36018e+15	8.83222e+15	1.03043e+16	1.17763e+16	1.32483e+16	2.04661e+16	5.19316e+16	4.32709e+17	2.54754	2.48711	2.48711	2.48711	2.48711	2.48711	2.48711	2.48711	2.48711	2.48711	2.48711	2.48711	2.44091	2.08056	1.84819	
111710	6.86445e+17	2.79243e+17	1.22198e+17	7.73154e+16	1.54631e+17	2.31946e+17	3.09262e+17	3.86577e+17	4.63892e+17	5.41208e+17	6.18523e+17	6.95839e+17	7.63686e+17	7.92217e+17	6.5602e+16	5.80543e+15	5.31594e+15	2.32627e+15	1.47185e+15	2.9437e+15	4.41555e+15	5.8874e+15	7.35925e+15	8.8311e+15	1.0303e+16	1.17748e+16	1.32467e+16	2.04785e+16	5.2066e+16	4.32674e+17	2.55047	2.49014	2.49014	2.49014	2.49014	2.49014	2.49014	2.49014	2.49014	2.49014	2.49014	2.49014	2.44391	2.08233	1.84653	
111960	6.86447e+17	2.79244e+17	1.22198e+17	7.73157e+16	1.54631e+17	2.31947e+17	3.09263e+17	3.86579e+17	4.63894e+17	5.4121e+17	6.18526e+17	6.95841e+17	7.63666e+17	7.92001e+17	6.59881e+16	5.80474e+15	5.31527e+15	2.32598e+15	1.47166e+15	2.94333e+15	4.41499e+15	5.88666e+15	7.35832e+15	8.82999e+15	1.03017e+16	1.17733e+16	1.3245e+16	2.04909e+16	5.22001e+16	4.32638e+17	2.5534	2.49317	2.49317	2.49317	2.49317	2.49317	2.49317	2.49317	2.49317	2.49317	2.49317	2.49317	2.4469	2.08409	1.8449	
112210	6.86448e+17	2.79245e+17	1.22199e+17	7.7316e+16	1.54632e+17	2.31948e+17	3.09264e+17	3.8658e+17	4.63896e+17	5.41212e+17	6.18528e+17	6.95844e+17	7.63646e+17	7.91784e+17	6.63741e+16	5.80404e+15	5.31461e+15	2.32569e+15	1.47148e+15	2.94296e+15	4.41444e+15	5.88592e+15	7.3574e+15	8.82888e+15	1.03004e+16	1.17718e+16	1.32433e+16	2.05032e+16	5.23341e+16	4.32603e+17	2.55632	2.4962	2.4962	2.4962	2.4962	2.4962	2.4962	2.4962	2.4962	2.4962	2.4962	2.4962	2.44989	2.08584	1.8433	
112460	6.86449e+17	2.79247e+17	1.22199e+17	7.73163e+16	1.54633e+17	2.31949e+17	3.09265e+17	3.86582e+17	4.63898e+17	5.41214e+17	6.18531e+17	6.95847e+17	7.63626e+17	7.91568e+17	6.67598e+16	5.80334e+15	5.31394e+15	2.32539e+15	1.4713e+15	2.94259e+15	4.41389e+15	5.88518e+15	7.35648e+15	8.82777e+15	1.02991e+16	1.17704e+16	1.32417e+16	2.05155e+16	5.24679e+16	4.32567e+17	2.55924	2.49922	2.49922	2.49922	2.49922	2.49922	2.49922	2.49922	2.49922	2.49922	2.49922	2.49922	2.45288	2.08758	1.84172	
112710	6.86451e+17	2.79248e+17	1.22199e+17	7.73166e+16	1.54633e+17	2.3195e+17	3.09266e+17	3.86583e+17	4.639e+17	5.41216e+17	6.18533e+17	6.9585e+17	7.63606e+17	7.91353e+17	6.71448e+16	5.80265e+15	5.31328e+15	2.3251e+15	1.47111e+15	2.94222e+15	4.41333e+15	5.88445e+15	7.35556e+15	8.82667e+15	1.02978e+16	1.17689e+16	1.324e+16	2.05278e+16	5.26014e+16	4.32531e+17	2.56216	2.50223	2.50223	2.50223	2.50223	2.50223	2.50223	2.50223	2.50223	2.50223	2.50223	2.50223	2.45586	2.08931	1.84017	
112960	6.86452e+17	2.79249e+17	1.222e+17	7.73169e+16	1.54634e+17	2.31951e+17	3.09268e+17	3.86585e+17	4.63902e+17	5.41218e+17	6.18535e+17	6.95852e+17	7.63587e+17	7.91137e+17	6.75298e+16	5.80196e+15	5.31261e+15	2.32481e+15	1.47093e+15	2.94186e+15	4.41278e+15	5.88371e+15	7.35464e+15	8.82557e+15	1.02965e+16	1.17674e+16	1.32384e+16	2.05401e+16	5.27348e+16	4.32494e+17	2.56507	2.50524	2.50524	2.50524	2.50524	2.50524	2.50524	2.50524	2.50524	2.50524	2.50524	2.50524	2.45884	2.09103	1.83865	
113211	6.86453e+17	2.7925e+17	1.222e+17	7.73172e+16	1.54634e+17	2.31952e+17	3.09269e+17	3.86586e+17	4.63903e+17	5.41221e+17	6.18538e+17	6.95855e+17	7.63567e+17	7.90922e+17	6.79143e+16	5.80127e+15	5.31195e+15	2.32452e+15	1.47075e+15	2.94149e+15	4.41224e+15	5.88298e+15	7.35373e+15	8.82447e+15	1.02952e+16	1.1766e+16	1.32367e+16	2.05524e+16	5.28678e+16	4.32457e+17	2.56798	2.50825	2.50825	2.50825	2.50825	2.50825	2.50825	2.50825	2.50825	2.50825	2.50825	2.50825	2.46182	2.09274	1.83715	
113461	6.86455e+17	2.79251e+17	1.22201e+17	7.73175e+16	1.54635e+17	2.31953e+17	3.0927e+17	3.86588e+17	4.63905e+17	5.41223e+17	6.1854e+17	6.95858e+17	7.63547e+17	7.90708e+17	6.82984e+16	5.80059e+15	5.31129e+15	2.32424e+15	1.47056e+15	2.94113e+15	4.41169e+15	5.88225e+15	7.35282e+15	8.82338e+15	1.02939e+16	1.17645e+16	1.32351e+16	2.05646e+16	5.30007e+16	4.32419e+17	2.57088	2.51125	2.51125	2.51125	2.51125	2.51125	2.51125	2.51125	2.51125	2.51125	2.51125	2.51125	2.46479	2.09445	1.83568	
113711	6.86456e+17	2.79252e+17	1.22201e+17	7.73178e+16	1.54636e+17	2.31953e+17	3.09271e+17	3.86589e+17	4.63907e+17	5.41225e+17	6.18543e+17	6.9586e+17	7.63527e+17	7.90493e+17	6.86819e+16	5.7999e+15	5.31064e+15	2.32395e+15	1.47038e+15	2.94076e+15	4.41114e+15	5.88153e+15	7.35191e+15	8.82229e+15	1.02927e+16	1.17631e+16	1.32334e+16	2.05768e+16	5.31334e+16	4.32382e+17	2.57378	2.51425	2.51425	2.51425	2.51425	2.51425	2.51425	2.51425	2.51425	2.51425	2.51425	2.51425	2.46775	2.09614	1.83423	
113961	6.86457e+17	2.79253e+17	1.22202e+17	7.73181e+16	1.54636e+17	2.31954e+17	3.09272e+17	3.86591e+17	4.63909e+17	5.41227e+17	6.18545e+17	6.95863e+17	7.63507e+17	7.90279e+17	6.90652e+16	5.79922e+15	5.30998e+15	2.32366e+15	1.4702e+15	2.9404e+15	4.4106e+15	5.8808e+15	7.351e+15	8.8212e+15	1.02914e+16	1.17616e+16	1.32318e+16	2.0589e+16	5.32658e+16	4.32344e+17	2.57667	2.51724	2.51724	2.51724	2.51724	2.51724	2.51724	2.51724	2.51724	2.51724	2.51724	2.51724	2.47071	2.09783	1.83281	
114212	6.86459e+17	2.79254e+17	1.22202e+17	7.73184e+16	1.54637e+17	2.31955e+17	3.09274e+17	3.86592e+17	4.63911e+17	5.41229e+17	6.18547e+17	6.95866e+17	7.63488e+17	7.90066e+17	6.94482e+16	5.79854e+15	5.30933e+15	2.32338e+15	1.47002e+15	2.94004e+15	4.41006e+15	5.88008e+15	7.3501e+15	8.82012e+15	1.02901e+16	1.17602e+16	1.32302e+16	2.06012e+16	5.33981e+16	4.32305e+17	2.57956	2.52023	2.52023	2.52023	2.52023	2.52023	2.52023	2.52023	2.52023	2.52023	2.52023	2.52023	2.47367	2.09951	1.83141	
114462	6.8646e+17	2.79255e+17	1.22203e+17	7.73187e+16	1.54637e+17	2.31956e+17	3.09275e+17	3.86594e+17	4.63912e+17	5.41231e+17	6.1855e+17	6.95868e+17	7.63468e+17	7.89853e+17	6.98303e+16	5.79786e+15	5.30868e+15	2.32309e+15	1.46984e+15	2.93968e+15	4.40952e+15	5.87936e+15	7.3492e+15	8.81904e+15	1.02889e+16	1.17587e+16	1.32286e+16	2.06133e+16	5.353e+16	4.32266e+17	2.58244	2.52321	2.52321	2.52321	2.52321	2.52321	2.52321	2.52321	2.52321	2.52321	2.52321	2.52321	2.47663	2.10118	1.83003	
114712	6.86461e+17	2.79256e+17	1.22203e+17	7.7319e+16	1.54638e+17	2.31957e+17	3.09276e+17	3.86595e+17	4.63914e+17	5.41233e+17	6.18552e+17	6.95871e+17	7.63448e+17	7.8964e+17	7.02122e+16	5.79719e+15	5.30803e+15	2.32281e+15	1.46966e+15	2.93932e+15	4.40898e+15	5.87864e+15	7.3483e+15	8.81796e+15	1.02876e+16	1.17573e+16	1.32269e+16	2.06255e+16	5.36618e+16	4.32227e+17	2.58533	2.52619	2.52619	2.52619	2.52619	2.52619	2.52619	2.52619	2.52619	2.52619	2.52619	2.52619	2.47958	2.10284	1.82868	
114963	6.86462e+17	2.79257e+17	1.22204e+17	7.73193e+16	1.54639e+17	2.31958e+17	3.09277e+17	3.86597e+17	4.63916e+17	5.41235e+17	6.18554e+17	6.95874e+17	7.63429e+17	7.89427e+17	7.05935e+16	5.79651e+15	5.30738e+15	2.32253e+15	1.46948e+15	2.93896e+15	4.40844e+15	5.87792e+15	7.3474e+15	8.81688e+15	1.02864e+16	1.17558e+16	1.32253e+16	2.06376e+16	5.37933e+16	4.32188e+17	2.5882	2.52917	2.52917	2.52917	2.52917	2.52917	2.52917	2.52917	2.52917	2.52917	2.52917	2.52917	2.48252	2.10449	1.82735	
115213	6.86464e+17	2.79258e+17	1.22204e+17	7.73196e+16	1.54639e+17	2.31959e+17	3.09278e+17	3.86598e+17	4.63918e+17	5.41237e+17	6.18557e+17	6.95876e+17	7.63409e+17	7.89215e+17	7.09743e+16	5.79584e+15	5.30674e+15	2.32224e+15	1.4693e+15	2.9386e+15	4.40791e+15	5.87721e+15	7.34651e+15	8.81581e+15	1.02851e+16	1.17544e+16	1.32237e+16	2.06497e+16	5.39247e+16	4.32148e+17	2.59107	2.53214	2.53214	2.53214	2.53214	2.53214	2.53214	2.53214	2.53214	2.53214	2.53214	2.53214	2.48546	2.10614	1.82604	
115463	6.86465e+17	2.79259e+17	1.22205e+17	7.73199e+16	1.5464e+17	2.3196e+17	3.0928e+17	3.86599e+17	4.63919e+17	5.41239e+17	6.18559e+17	6.95879e+17	7.63389e+17	7.89003e+17	7.13545e+16	5.79517e+15	5.3061e+15	2.32196e+15	1.46912e+15	2.93825e+15	4.40737e+15	5.8765e+15	7.34562e+15	8.81474e+15	1.02839e+16	1.1753e+16	1.32221e+16	2.06617e+16	5.40557e+16	4.32108e+17	2.59394	2.53511	2.53511	2.53511	2.53511	2.53511	2.53511	2.53511	2.53511	2.53511	2.53511	2.53511	2.4884	2.10777	1.82476	
115714	6.86466e+17	2.79261e+17	1.22205e+17	7.73202e+16	1.5464e+17	2.31961e+17	3.09281e+17	3.86601e+17	4.63921e+17	5.41241e+17	6.18562e+17	6.95882e+17	7.6337e+17	7.88792e+17	7.17343e+16	5.7945e+15	5.30546e+15	2.32168e+15	1.46895e+15	2.93789e+15	4.40684e+15	5.87579e+15	7.34473e+15	8.81368e+15	1.02826e+16	1.17516e+16	1.32205e+16	2.06738e+16	5.41866e+16	4.32068e+17	2.59681	2.53807	2.53807	2.53807	2.53807	2.53807	2.53807	2.53807	2.53807	2.53807	2.53807	2.53807	2.49133	2.1094	1.8235	
115964	6.86468e+17	2.79262e+17	1.22206e+17	7.73205e+16	1.54641e+17	2.31961e+17	3.09282e+17	3.86602e+17	4.63923e+17	5.41243e+17	6.18564e+17	6.95884e+17	7.6335e+17	7.8858e+17	7.21136e+16	5.79384e+15	5.30482e+15	2.3214e+15	1.46877e+15	2.93754e+15	4.40631e+15	5.87508e+15	7.34385e+15	8.81262e+15	1.02814e+16	1.17502e+16	1.32189e+16	2.06858e+16	5.43173e+16	4.32027e+17	2.59967	2.54103	2.54103	2.54103	2.54103	2.54103	2.54103	2.54103	2.54103	2.54103	2.54103	2.54103	2.49426	2.11102	1.82225	
116214	6.86469e+17	2.79263e+17	1.22206e+17	7.73208e+16	1.54642e+17	2.31962e+17	3.09283e+17	3.86604e+17	4.63925e+17	5.41245e+17	6.18566e+17	6.95887e+17	7.63331e+17	7.8837e+17	7.2492e+16	5.79317e+15	5.30418e+15	2.32112e+15	1.46859e+15	2.93719e+15	4.40578e+15	5.87437e+15	7.34297e+15	8.81156e+15	1.02802e+16	1.17487e+16	1.32173e+16	2.06978e+16	5.44477e+16	4.31986e+17	2.60252	2.54398	2.54398	2.54398	2.54398	2.54398	2.54398	2.54398	2.54398	2.54398	2.54398	2.54398	2.49719	2.11263	1.82104	
116465	6.8647e+17	2.79264e+17	1.22207e+17	7.73211e+16	1.54642e+17	2.31963e+17	3.09284e+17	3.86605e+17	4.63926e+17	5.41247e+17	6.18569e+17	6.9589e+17	7.63312e+17	7.88159e+17	7.28701e+16	5.79251e+15	5.30354e+15	2.32084e+15	1.46842e+15	2.93683e+15	4.40525e+15	5.87367e+15	7.34209e+15	8.8105e+15	1.02789e+16	1.17473e+16	1.32158e+16	2.07098e+16	5.45779e+16	4.31945e+17	2.60537	2.54693	2.54693	2.54693	2.54693	2.54693	2.54693	2.54693	2.54693	2.54693	2.54693	2.54693	2.50011	2.11423	1.81984	
116715	6.86471e+17	2.79265e+17	1.22207e+17	7.73214e+16	1.54643e+17	2.31964e+17	3.09285e+17	3.86607e+17	4.63928e+17	5.41249e+17	6.18571e+17	6.95892e+17	7.63292e+17	7.87949e+17	7.32475e+16	5.79185e+15	5.30291e+15	2.32057e+15	1.46824e+15	2.93648e+15	4.40473e+15	5.87297e+15	7.34121e+15	8.80945e+15	1.02777e+16	1.17459e+16	1.32142e+16	2.07218e+16	5.47079e+16	4.31904e+17	2.60822	2.54987	2.54987	2.54987	2.54987	2.54987	2.54987	2.54987	2.54987	2.54987	2.54987	2.54987	2.50302	2.11582	1.81866	
116966	6.86473e+17	2.79266e+17	1.22207e+17	7.73216e+16	1.54643e+17	2.31965e+17	3.09287e+17	3.86608e+17	4.6393e+17	5.41252e+17	6.18573e+17	6.95895e+17	7.63273e+17	7.87739e+17	7.36243e+16	5.79119e+15	5.30228e+15	2.32029e+15	1.46807e+15	2.93613e+15	4.4042e+15	5.87227e+15	7.34033e+15	8.8084e+15	1.02765e+16	1.17445e+16	1.32126e+16	2.07338e+16	5.48376e+16	4.31862e+17	2.61106	2.55281	2.55281	2.55281	2.55281	2.55281	2.55281	2.55281	2.55281	2.55281	2.55281	2.55281	2.50594	2.11741	1.8175	
117216	6.86474e+17	2.79267e+17	1.22208e+17	7.73219e+16	1.54644e+17	2.31966e+17	3.09288e+17	3.8661e+17	4.63932e+17	5.41254e+17	6.18575e+17	6.95897e+17	7.63253e+17	7.8753e+17	7.40003e+16	5.79054e+15	5.30165e+15	2.32002e+15	1.46789e+15	2.93578e+15	4.40368e+15	5.87157e+15	7.33946e+15	8.80735e+15	1.02752e+16	1.17431e+16	1.3211e+16	2.07457e+16	5.49671e+16	4.3182e+17	2.6139	2.55574	2.55574	2.55574	2.55574	2.55574	2.55574	2.55574	2.55574	2.55574	2.55574	2.55574	2.50884	2.11898	1.81637	
117467	6.86475e+17	2.79268e+17	1.22208e+17	7.73222e+16	1.54644e+17	2.31967e+17	3.09289e+17	3.86611e+17	4.63933e+17	5.41256e+17	6.18578e+17	6.959e+17	7.63234e+17	7.87321e+17	7.43759e+16	5.78988e+15	5.30102e+15	2.31974e+15	1.46772e+15	2.93544e+15	4.40316e+15	5.87087e+15	7.33859e+15	8.80631e+15	1.0274e+16	1.17417e+16	1.32095e+16	2.07577e+16	5.50964e+16	4.31777e+17	2.61674	2.55867	2.55867	2.55867	2.55867	2.55867	2.55867	2.55867	2.55867	2.55867	2.55867	2.55867	2.51175	2.12055	1.81525	
117717	6.86477e+17	2.79269e+17	1.22209e+17	7.73225e+16	1.54645e+17	2.31968e+17	3.0929e+17	3.86613e+17	4.63935e+17	5.41258e+17	6.1858e+17	6.95903e+17	7.63215e+17	7.87112e+17	7.47508e+16	5.78923e+15	5.30039e+15	2.31947e+15	1.46755e+15	2.93509e+15	4.40264e+15	5.87018e+15	7.33773e+15	8.80527e+15	1.02728e+16	1.17404e+16	1.32079e+16	2.07696e+16	5.52256e+16	4.31735e+17	2.61957	2.5616	2.5616	2.5616	2.5616	2.5616	2.5616	2.5616	2.5616	2.5616	2.5616	2.5616	2.51465	2.12211	1.81415	
117968	6.86478e+17	2.7927e+17	1.22209e+17	7.73228e+16	1.54646e+17	2.31968e+17	3.09291e+17	3.86614e+17	4.63937e+17	5.4126e+17	6.18582e+17	6.95905e+17	7.63195e+17	7.86904e+17	7.51248e+16	5.78858e+15	5.29977e+15	2.31919e+15	1.46737e+15	2.93474e+15	4.40212e+15	5.86949e+15	7.33686e+15	8.80423e+15	1.02716e+16	1.1739e+16	1.32064e+16	2.07814e+16	5.53543e+16	4.31692e+17	2.62239	2.56452	2.56452	2.56452	2.56452	2.56452	2.56452	2.56452	2.56452	2.56452	2.56452	2.56452	2.51754	2.12366	1.81308	
118218	6.86479e+17	2.79271e+17	1.2221e+17	7.73231e+16	1.54646e+17	2.31969e+17	3.09292e+17	3.86615e+17	4.63938e+17	5.41262e+17	6.18585e+17	6.95908e+17	7.63176e+17	7.86696e+17	7.54984e+16	5.78793e+15	5.29915e+15	2.31892e+15	1.4672e+15	2.9344e+15	4.4016e+15	5.8688e+15	7.336e+15	8.8032e+15	1.02704e+16	1.17376e+16	1.32048e+16	2.07933e+16	5.5483e+16	4.31649e+17	2.62522	2.56744	2.56744	2.56744	2.56744	2.56744	2.56744	2.56744	2.56744	2.56744	2.56744	2.56744	2.52044	2.1252	1.81202	
118469	6.8648e+17	2.79272e+17	1.2221e+17	7.73234e+16	1.54647e+17	2.3197e+17	3.09293e+17	3.86617e+17	4.6394e+17	5.41264e+17	6.18587e+17	6.9591e+17	7.63157e+17	7.86489e+17	7.58711e+16	5.78728e+15	5.29853e+15	2.31865e+15	1.46703e+15	2.93406e+15	4.40108e+15	5.86811e+15	7.33514e+15	8.80217e+15	1.02692e+16	1.17362e+16	1.32033e+16	2.08052e+16	5.56114e+16	4.31605e+17	2.62803	2.57035	2.57035	2.57035	2.57035	2.57035	2.57035	2.57035	2.57035	2.57035	2.57035	2.57035	2.52332	2.12674	1.81098	
118719	6.86482e+17	2.79273e+17	1.22211e+17	7.73236e+16	1.54647e+17	2.31971e+17	3.09295e+17	3.86618e+17	4.63942e+17	5.41265e+17	6.18589e+17	6.95913e+17	7.63138e+17	7.86281e+17	7.62431e+16	5.78664e+15	5.29791e+15	2.31838e+15	1.46686e+15	2.93371e+15	4.40057e+15	5.86743e+15	7.33428e+15	8.80114e+15	1.0268e+16	1.17349e+16	1.32017e+16	2.0817e+16	5.57396e+16	4.31562e+17	2.63085	2.57326	2.57326	2.57326	2.57326	2.57326	2.57326	2.57326	2.57326	2.57326	2.57326	2.57326	2.52621	2.12827	1.80996	
118970	6.86483e+17	2.79274e+17	1.22211e+17	7.73239e+16	1.54648e+17	2.31972e+17	3.09296e+17	3.8662e+17	4.63944e+17	5.41267e+17	6.18591e+17	6.95915e+17	7.63119e+17	7.86074e+17	7.66143e+16	5.786e+15	5.29729e+15	2.31811e+15	1.46669e+15	2.93337e+15	4.40006e+15	5.86674e+15	7.33343e+15	8.80012e+15	1.02668e+16	1.17335e+16	1.32002e+16	2.08288e+16	5.58675e+16	4.31518e+17	2.63366	2.57617	2.57617	2.57617	2.57617	2.57617	2.57617	2.57617	2.57617	2.57617	2.57617	2.57617	2.52909	2.12978	1.80895	
119220	6.86484e+17	2.79275e+17	1.22211e+17	7.73242e+16	1.54648e+17	2.31973e+17	3.09297e+17	3.86621e+17	4.63945e+17	5.41269e+17	6.18594e+17	6.95918e+17	7.631e+17	7.85868e+17	7.69849e+16	5.78536e+15	5.29668e+15	2.31784e+15	1.46652e+15	2.93303e+15	4.39955e+15	5.86606e+15	7.33258e+15	8.79909e+15	1.02656e+16	1.17321e+16	1.31986e+16	2.08406e+16	5.59952e+16	4.31474e+17	2.63646	2.57907	2.57907	2.57907	2.57907	2.57907	2.57907	2.57907	2.57907	2.57907	2.57907	2.57907	2.53196	2.13129	1.80797	
119471	6.86485e+17	2.79276e+17	1.22212e+17	7.73245e+16	1.54649e+17	2.31973e+17	3.09298e+17	3.86622e+17	4.63947e+17	5.41271e+17	6.18596e+17	6.9592e+17	7.6308e+17	7.85662e+17	7.73548e+16	5.78472e+15	5.29606e+15	2.31757e+15	1.46635e+15	2.93269e+15	4.39904e+15	5.86538e+15	7.33173e+15	8.79808e+15	1.02644e+16	1.17308e+16	1.31971e+16	2.08524e+16	5.61227e+16	4.31429e+17	2.63927	2.58196	2.58196	2.58196	2.58196	2.58196	2.58196	2.58196	2.58196	2.58196	2.58196	2.58196	2.53483	2.1328	1.807	
119722	6.86487e+17	2.79277e+17	1.22212e+17	7.73248e+16	1.5465e+17	2.31974e+17	3.09299e+17	3.86624e+17	4.63949e+17	5.41273e+17	6.18598e+17	6.95923e+17	7.63061e+17	7.85456e+17	7.77236e+16	5.78408e+15	5.29545e+15	2.3173e+15	1.46618e+15	2.93235e+15	4.39853e+15	5.86471e+15	7.33088e+15	8.79706e+15	1.02632e+16	1.17294e+16	1.31956e+16	2.08642e+16	5.62499e+16	4.31384e+17	2.64206	2.58485	2.58485	2.58485	2.58485	2.58485	2.58485	2.58485	2.58485	2.58485	2.58485	2.58485	2.5377	2.13429	1.80605	
119972	6.86488e+17	2.79278e+17	1.22213e+17	7.7325e+16	1.5465e+17	2.31975e+17	3.093e+17	3.86625e+17	4.6395e+17	5.41275e+17	6.186e+17	6.95925e+17	7.63042e+17	7.8525e+17	7.8092e+16	5.78344e+15	5.29484e+15	2.31704e+15	1.46601e+15	2.93202e+15	4.39802e+15	5.86403e+15	7.33004e+15	8.79605e+15	1.02621e+16	1.17281e+16	1.31941e+16	2.0876e+16	5.6377e+16	4.3134e+17	2.64486	2.58774	2.58774	2.58774	2.58774	2.58774	2.58774	2.58774	2.58774	2.58774	2.58774	2.58774	2.54056	2.13578	1.80512	
120223	6.86489e+17	2.79279e+17	1.22213e+17	7.73253e+16	1.54651e+17	2.31976e+17	3.09301e+17	3.86627e+17	4.63952e+17	5.41277e+17	6.18603e+17	6.95928e+17	7.63023e+17	7.85045e+17	7.84593e+16	5.78281e+15	5.29423e+15	2.31677e+15	1.46584e+15	2.93168e+15	4.39752e+15	5.86336e+15	7.3292e+15	8.79504e+15	1.02609e+16	1.17267e+16	1.31926e+16	2.08877e+16	5.65038e+16	4.31294e+17	2.64765	2.59062	2.59062	2.59062	2.59062	2.59062	2.59062	2.59062	2.59062	2.59062	2.59062	2.59062	2.54342	2.13725	1.80421	
120474	6.8649e+17	2.7928e+17	1.22214e+17	7.73256e+16	1.54651e+17	2.31977e+17	3.09302e+17	3.86628e+17	4.63954e+17	5.41279e+17	6.18605e+17	6.9593e+17	7.63004e+17	7.84841e+17	7.8826e+16	5.78218e+15	5.29363e+15	2.31651e+15	1.46567e+15	2.93134e+15	4.39702e+15	5.86269e+15	7.32836e+15	8.79403e+15	1.02597e+16	1.17254e+16	1.3191e+16	2.08995e+16	5.66305e+16	4.31249e+17	2.65043	2.5935	2.5935	2.5935	2.5935	2.5935	2.5935	2.5935	2.5935	2.5935	2.5935	2.5935	2.54628	2.13872	1.80331	
120724	6.86491e+17	2.79281e+17	1.22214e+17	7.73259e+16	1.54652e+17	2.31978e+17	3.09303e+17	3.86629e+17	4.63955e+17	5.41281e+17	6.18607e+17	6.95933e+17	7.62985e+17	7.84636e+17	7.91916e+16	5.78155e+15	5.29302e+15	2.31624e+15	1.4655e+15	2.93101e+15	4.39651e+15	5.86202e+15	7.32752e+15	8.79303e+15	1.02585e+16	1.1724e+16	1.31895e+16	2.09112e+16	5.67568e+16	4.31204e+17	2.65321	2.59638	2.59638	2.59638	2.59638	2.59638	2.59638	2.59638	2.59638	2.59638	2.59638	2.59638	2.54913	2.14019	1.80243	
120975	6.86493e+17	2.79282e+17	1.22215e+17	7.73261e+16	1.54652e+17	2.31978e+17	3.09305e+17	3.86631e+17	4.63957e+17	5.41283e+17	6.18609e+17	6.95935e+17	7.62966e+17	7.84432e+17	7.95566e+16	5.78092e+15	5.29242e+15	2.31598e+15	1.46534e+15	2.93068e+15	4.39601e+15	5.86135e+15	7.32669e+15	8.79203e+15	1.02574e+16	1.17227e+16	1.3188e+16	2.09229e+16	5.6883e+16	4.31158e+17	2.65599	2.59925	2.59925	2.59925	2.59925	2.59925	2.59925	2.59925	2.59925	2.59925	2.59925	2.59925	2.55198	2.14164	1.80156	
121226	6.86494e+17	2.79283e+17	1.22215e+17	7.73264e+16	1.54653e+17	2.31979e+17	3.09306e+17	3.86632e+17	4.63959e+17	5.41285e+17	6.18611e+17	6.95938e+17	7.62947e+17	7.84228e+17	7.99209e+16	5.7803e+15	5.29182e+15	2.31571e+15	1.46517e+15	2.93034e+15	4.39551e+15	5.86068e+15	7.32586e+15	8.79103e+15	1.02562e+16	1.17214e+16	1.31865e+16	2.09346e+16	5.7009e+16	4.31112e+17	2.65877	2.60211	2.60211	2.60211	2.60211	2.60211	2.60211	2.60211	2.60211	2.60211	2.60211	2.60211	2.55482	2.14309	1.80071	
121476	6.86495e+17	2.79284e+17	1.22215e+17	7.73267e+16	1.54653e+17	2.3198e+17	3.09307e+17	3.86633e+17	4.6396e+17	5.41287e+17	6.18614e+17	6.9594e+17	7.62928e+17	7.84025e+17	8.02839e+16	5.77967e+15	5.29122e+15	2.31545e+15	1.46501e+15	2.93001e+15	4.39502e+15	5.86002e+15	7.32503e+15	8.79003e+15	1.0255e+16	1.172e+16	1.3185e+16	2.09462e+16	5.71346e+16	4.31066e+17	2.66153	2.60497	2.60497	2.60497	2.60497	2.60497	2.60497	2.60497	2.60497	2.60497	2.60497	2.60497	2.55766	2.14453	1.79988	
121727	6.86496e+17	2.79285e+17	1.22216e+17	7.7327e+16	1.54654e+17	2.31981e+17	3.09308e+17	3.86635e+17	4.63962e+17	5.41289e+17	6.18616e+17	6.95943e+17	7.62909e+17	7.83822e+17	8.06463e+16	5.77905e+15	5.29062e+15	2.31519e+15	1.46484e+15	2.92968e+15	4.39452e+15	5.85936e+15	7.3242e+15	8.78904e+15	1.02539e+16	1.17187e+16	1.31836e+16	2.09579e+16	5.72601e+16	4.31019e+17	2.6643	2.60783	2.60783	2.60783	2.60783	2.60783	2.60783	2.60783	2.60783	2.60783	2.60783	2.60783	2.56049	2.14596	1.79906	
121978	6.86498e+17	2.79286e+17	1.22216e+17	7.73272e+16	1.54654e+17	2.31982e+17	3.09309e+17	3.86636e+17	4.63963e+17	5.41291e+17	6.18618e+17	6.95945e+17	7.62891e+17	7.83619e+17	8.10077e+16	5.77843e+15	5.29003e+15	2.31493e+15	1.46468e+15	2.92935e+15	4.39403e+15	5.8587e+15	7.32338e+15	8.78805e+15	1.02527e+16	1.17174e+16	1.31821e+16	2.09695e+16	5.73854e+16	4.30973e+17	2.66706	2.61068	2.61068	2.61068	2.61068	2.61068	2.61068	2.61068	2.61068	2.61068	2.61068	2.61068	2.56332	2.14738	1.79826	
122228	6.86499e+17	2.79287e+17	1.22217e+17	7.73275e+16	1.54655e+17	2.31983e+17	3.0931e+17	3.86638e+17	4.63965e+17	5.41293e+17	6.1862e+17	6.95948e+17	7.62872e+17	7.83417e+17	8.13683e+16	5.77781e+15	5.28944e+15	2.31467e+15	1.46451e+15	2.92902e+15	4.39353e+15	5.85804e+15	7.32255e+15	8.78707e+15	1.02516e+16	1.17161e+16	1.31806e+16	2.09812e+16	5.75105e+16	4.30926e+17	2.66982	2.61353	2.61353	2.61353	2.61353	2.61353	2.61353	2.61353	2.61353	2.61353	2.61353	2.61353	2.56615	2.14879	1.79748	
122479	6.865e+17	2.79288e+17	1.22217e+17	7.73278e+16	1.54656e+17	2.31983e+17	3.09311e+17	3.86639e+17	4.63967e+17	5.41294e+17	6.18622e+17	6.9595e+17	7.62853e+17	7.83215e+17	8.17279e+16	5.77719e+15	5.28884e+15	2.31441e+15	1.46435e+15	2.92869e+15	4.39304e+15	5.85739e+15	7.32174e+15	8.78608e+15	1.02504e+16	1.17148e+16	1.31791e+16	2.09928e+16	5.76353e+16	4.30879e+17	2.67257	2.61638	2.61638	2.61638	2.61638	2.61638	2.61638	2.61638	2.61638	2.61638	2.61638	2.61638	2.56897	2.1502	1.79671	
122730	6.86501e+17	2.79289e+17	1.22218e+17	7.73281e+16	1.54656e+17	2.31984e+17	3.09312e+17	3.8664e+17	4.63968e+17	5.41296e+17	6.18624e+17	6.95952e+17	7.62834e+17	7.83013e+17	8.20867e+16	5.77658e+15	5.28825e+15	2.31415e+15	1.46418e+15	2.92837e+15	4.39255e+15	5.85673e+15	7.32092e+15	8.7851e+15	1.02493e+16	1.17135e+16	1.31777e+16	2.10044e+16	5.77599e+16	4.30832e+17	2.67532	2.61922	2.61922	2.61922	2.61922	2.61922	2.61922	2.61922	2.61922	2.61922	2.61922	2.61922	2.57179	2.1516	1.79595	
122981	6.86502e+17	2.7929e+17	1.22218e+17	7.73283e+16	1.54657e+17	2.31985e+17	3.09313e+17	3.86642e+17	4.6397e+17	5.41298e+17	6.18627e+17	6.95955e+17	7.62815e+17	7.82812e+17	8.24446e+16	5.77596e+15	5.28766e+15	2.3139e+15	1.46402e+15	2.92804e+15	4.39206e+15	5.85608e+15	7.3201e+15	8.78412e+15	1.02481e+16	1.17122e+16	1.31762e+16	2.1016e+16	5.78844e+16	4.30785e+17	2.67807	2.62205	2.62205	2.62205	2.62205	2.62205	2.62205	2.62205	2.62205	2.62205	2.62205	2.62205	2.57461	2.15299	1.79521	
123231	6.86503e+17	2.79291e+17	1.22218e+17	7.73286e+16	1.54657e+17	2.31986e+17	3.09314e+17	3.86643e+17	4.63972e+17	5.413e+17	6.18629e+17	6.95957e+17	7.62796e+17	7.82611e+17	8.28012e+16	5.77535e+15	5.28708e+15	2.31364e+15	1.46386e+15	2.92772e+15	4.39158e+15	5.85543e+15	7.31929e+15	8.78315e+15	1.0247e+16	1.17109e+16	1.31747e+16	2.10276e+16	5.80085e+16	4.30737e+17	2.68081	2.62489	2.62489	2.62489	2.62489	2.62489	2.62489	2.62489	2.62489	2.62489	2.62489	2.62489	2.57742	2.15438	1.79448	
123482	6.86505e+17	2.79292e+17	1.22219e+17	7.73289e+16	1.54658e+17	2.31987e+17	3.09315e+17	3.86644e+17	4.63973e+17	5.41302e+17	6.18631e+17	6.9596e+17	7.62778e+17	7.82411e+17	8.31572e+16	5.77474e+15	5.28649e+15	2.31338e+15	1.4637e+15	2.92739e+15	4.39109e+15	5.85479e+15	7.31848e+15	8.78218e+15	1.02459e+16	1.17096e+16	1.31733e+16	2.10392e+16	5.81325e+16	4.3069e+17	2.68355	2.62771	2.62771	2.62771	2.62771	2.62771	2.62771	2.62771	2.62771	2.62771	2.62771	2.62771	2.58023	2.15576	1.79377	
123733	6.86506e+17	2.79293e+17	1.22219e+17	7.73291e+16	1.54658e+17	2.31987e+17	3.09316e+17	3.86646e+17	4.63975e+17	5.41304e+17	6.18633e+17	6.95962e+17	7.62759e+17	7.8221e+17	8.35121e+16	5.77414e+15	5.28591e+15	2.31313e+15	1.46354e+15	2.92707e+15	4.39061e+15	5.85414e+15	7.31768e+15	8.78121e+15	1.02447e+16	1.17083e+16	1.31718e+16	2.10507e+16	5.82563e+16	4.30642e+17	2.68628	2.63054	2.63054	2.63054	2.63054	2.63054	2.63054	2.63054	2.63054	2.63054	2.63054	2.63054	2.58303	2.15713	1.79307	
123984	6.86507e+17	2.79294e+17	1.2222e+17	7.73294e+16	1.54659e+17	2.31988e+17	3.09318e+17	3.86647e+17	4.63976e+17	5.41306e+17	6.18635e+17	6.95965e+17	7.6274e+17	7.8201e+17	8.3866e+16	5.77353e+15	5.28533e+15	2.31287e+15	1.46337e+15	2.92675e+15	4.39012e+15	5.8535e+15	7.31687e+15	8.78024e+15	1.02436e+16	1.1707e+16	1.31704e+16	2.10623e+16	5.83799e+16	4.30594e+17	2.68901	2.63336	2.63336	2.63336	2.63336	2.63336	2.63336	2.63336	2.63336	2.63336	2.63336	2.63336	2.58583	2.15849	1.79239	
124235	6.86508e+17	2.79295e+17	1.2222e+17	7.73297e+16	1.54659e+17	2.31989e+17	3.09319e+17	3.86648e+17	4.63978e+17	5.41308e+17	6.18637e+17	6.95967e+17	7.62721e+17	7.81811e+17	8.42189e+16	5.77293e+15	5.28475e+15	2.31262e+15	1.46321e+15	2.92643e+15	4.38964e+15	5.85285e+15	7.31607e+15	8.77928e+15	1.02425e+16	1.17057e+16	1.31689e+16	2.10738e+16	5.85032e+16	4.30546e+17	2.69174	2.63617	2.63617	2.63617	2.63617	2.63617	2.63617	2.63617	2.63617	2.63617	2.63617	2.63617	2.58862	2.15984	1.79172	
124485	6.86509e+17	2.79296e+17	1.22221e+17	7.73299e+16	1.5466e+17	2.3199e+17	3.0932e+17	3.8665e+17	4.6398e+17	5.41309e+17	6.18639e+17	6.95969e+17	7.62703e+17	7.81611e+17	8.45709e+16	5.77232e+15	5.28417e+15	2.31237e+15	1.46305e+15	2.92611e+15	4.38916e+15	5.85221e+15	7.31527e+15	8.77832e+15	1.02414e+16	1.17044e+16	1.31675e+16	2.10854e+16	5.86264e+16	4.30498e+17	2.69446	2.63898	2.63898	2.63898	2.63898	2.63898	2.63898	2.63898	2.63898	2.63898	2.63898	2.63898	2.59141	2.16119	1.79106	
124736	6.86511e+17	2.79297e+17	1.22221e+17	7.73302e+16	1.5466e+17	2.31991e+17	3.09321e+17	3.86651e+17	4.63981e+17	5.41311e+17	6.18641e+17	6.95972e+17	7.62684e+17	7.81412e+17	8.49219e+16	5.77172e+15	5.2836e+15	2.31211e+15	1.46289e+15	2.92579e+15	4.38868e+15	5.85158e+15	7.31447e+15	8.77736e+15	1.02403e+16	1.17032e+16	1.3166e+16	2.10969e+16	5.87494e+16	4.30449e+17	2.69718	2.64179	2.64179	2.64179	2.64179	2.64179	2.64179	2.64179	2.64179	2.64179	2.64179	2.64179	2.5942	2.16253	1.79042	
124987	6.86512e+17	2.79298e+17	1.22221e+17	7.73304e+16	1.54661e+17	2.31991e+17	3.09322e+17	3.86652e+17	4.63983e+17	5.41313e+17	6.18644e+17	6.95974e+17	7.62665e+17	7.81214e+17	8.52716e+16	5.77113e+15	5.28302e+15	2.31186e+15	1.46274e+15	2.92547e+15	4.38821e+15	5.85094e+15	7.31368e+15	8.77641e+15	1.02391e+16	1.17019e+16	1.31646e+16	2.11084e+16	5.8872e+16	4.30401e+17	2.69989	2.64459	2.64459	2.64459	2.64459	2.64459	2.64459	2.64459	2.64459	2.64459	2.64459	2.64459	2.59698	2.16386	1.78979	
125238	6.86513e+17	2.79299e+17	1.22222e+17	7.73307e+16	1.54661e+17	2.31992e+17	3.09323e+17	3.86654e+17	4.63984e+17	5.41315e+17	6.18646e+17	6.95976e+17	7.62647e+17	7.81015e+17	8.56206e+16	5.77053e+15	5.28245e+15	2.31161e+15	1.46258e+15	2.92515e+15	4.38773e+15	5.85031e+15	7.31288e+15	8.77546e+15	1.0238e+16	1.17006e+16	1.31632e+16	2.11199e+16	5.89946e+16	4.30352e+17	2.70261	2.64739	2.64739	2.64739	2.64739	2.64739	2.64739	2.64739	2.64739	2.64739	2.64739	2.64739	2.59976	2.16519	1.78917	
125489	6.86514e+17	2.79299e+17	1.22222e+17	7.7331e+16	1.54662e+17	2.31993e+17	3.09324e+17	3.86655e+17	4.63986e+17	5.41317e+17	6.18648e+17	6.95979e+17	7.62628e+17	7.80817e+17	8.59684e+16	5.76993e+15	5.28188e+15	2.31136e+15	1.46242e+15	2.92484e+15	4.38725e+15	5.84967e+15	7.31209e+15	8.77451e+15	1.02369e+16	1.16993e+16	1.31618e+16	2.11314e+16	5.91169e+16	4.30303e+17	2.70531	2.65019	2.65019	2.65019	2.65019	2.65019	2.65019	2.65019	2.65019	2.65019	2.65019	2.65019	2.60254	2.16651	1.78857	
125740	6.86515e+17	2.793e+17	1.22223e+17	7.73312e+16	1.54662e+17	2.31994e+17	3.09325e+17	3.86656e+17	4.63987e+17	5.41319e+17	6.1865e+17	6.95981e+17	7.62609e+17	7.8062e+17	8.63152e+16	5.76934e+15	5.28131e+15	2.31111e+15	1.46226e+15	2.92452e+15	4.38678e+15	5.84904e+15	7.3113e+15	8.77356e+15	1.02358e+16	1.16981e+16	1.31603e+16	2.11429e+16	5.92391e+16	4.30254e+17	2.70802	2.65298	2.65298	2.65298	2.65298	2.65298	2.65298	2.65298	2.65298	2.65298	2.65298	2.65298	2.60531	2.16782	1.78797	
125991	6.86516e+17	2.79301e+17	1.22223e+17	7.73315e+16	1.54663e+17	2.31994e+17	3.09326e+17	3.86657e+17	4.63989e+17	5.4132e+17	6.18652e+17	6.95983e+17	7.62591e+17	7.80422e+17	8.66608e+16	5.76875e+15	5.28074e+15	2.31087e+15	1.4621e+15	2.92421e+15	4.38631e+15	5.84841e+15	7.31052e+15	8.77262e+15	1.02347e+16	1.16968e+16	1.31589e+16	2.11544e+16	5.9361e+16	4.30205e+17	2.71071	2.65576	2.65576	2.65576	2.65576	2.65576	2.65576	2.65576	2.65576	2.65576	2.65576	2.65576	2.60808	2.16913	1.7874	
126242	6.86517e+17	2.79302e+17	1.22223e+17	7.73317e+16	1.54663e+17	2.31995e+17	3.09327e+17	3.86659e+17	4.6399e+17	5.41322e+17	6.18654e+17	6.95986e+17	7.62572e+17	7.80225e+17	8.70055e+16	5.76816e+15	5.28017e+15	2.31062e+15	1.46195e+15	2.92389e+15	4.38584e+15	5.84779e+15	7.30973e+15	8.77168e+15	1.02336e+16	1.16956e+16	1.31575e+16	2.11659e+16	5.94828e+16	4.30156e+17	2.71341	2.65855	2.65855	2.65855	2.65855	2.65855	2.65855	2.65855	2.65855	2.65855	2.65855	2.65855	2.61084	2.17042	1.78683	
126493	6.86519e+17	2.79303e+17	1.22224e+17	7.7332e+16	1.54664e+17	2.31996e+17	3.09328e+17	3.8666e+17	4.63992e+17	5.41324e+17	6.18656e+17	6.95988e+17	7.62554e+17	7.80028e+17	8.73491e+16	5.76757e+15	5.27961e+15	2.31037e+15	1.46179e+15	2.92358e+15	4.38537e+15	5.84716e+15	7.30895e+15	8.77074e+15	1.02325e+16	1.16943e+16	1.31561e+16	2.11774e+16	5.96044e+16	4.30107e+17	2.7161	2.66133	2.66133	2.66133	2.66133	2.66133	2.66133	2.66133	2.66133	2.66133	2.66133	2.66133	2.6136	2.17171	1.78628	
126743	6.8652e+17	2.79304e+17	1.22224e+17	7.73323e+16	1.54665e+17	2.31997e+17	3.09329e+17	3.86661e+17	4.63994e+17	5.41326e+17	6.18658e+17	6.9599e+17	7.62535e+17	7.79832e+17	8.76914e+16	5.76698e+15	5.27905e+15	2.31012e+15	1.46163e+15	2.92327e+15	4.3849e+15	5.84654e+15	7.30817e+15	8.76981e+15	1.02314e+16	1.16931e+16	1.31547e+16	2.11888e+16	5.97257e+16	4.30057e+17	2.71879	2.6641	2.6641	2.6641	2.6641	2.6641	2.6641	2.6641	2.6641	2.6641	2.6641	2.6641	2.61635	2.173	1.78573	
126995	6.86521e+17	2.79305e+17	1.22225e+17	7.73325e+16	1.54665e+17	2.31998e+17	3.0933e+17	3.86663e+17	4.63995e+17	5.41328e+17	6.1866e+17	6.95993e+17	7.62516e+17	7.79636e+17	8.80329e+16	5.7664e+15	5.27849e+15	2.30988e+15	1.46148e+15	2.92296e+15	4.38444e+15	5.84592e+15	7.3074e+15	8.76888e+15	1.02304e+16	1.16918e+16	1.31533e+16	2.12003e+16	5.98469e+16	4.30008e+17	2.72148	2.66687	2.66687	2.66687	2.66687	2.66687	2.66687	2.66687	2.66687	2.66687	2.66687	2.66687	2.61911	2.17428	1.7852	
127245	6.86522e+17	2.79306e+17	1.22225e+17	7.73328e+16	1.54666e+17	2.31998e+17	3.09331e+17	3.86664e+17	4.63997e+17	5.41329e+17	6.18662e+17	6.95995e+17	7.62498e+17	7.7944e+17	8.8373e+16	5.76582e+15	5.27793e+15	2.30963e+15	1.46132e+15	2.92265e+15	4.38397e+15	5.8453e+15	7.30662e+15	8.76795e+15	1.02293e+16	1.16906e+16	1.31519e+16	2.12117e+16	5.99679e+16	4.29958e+17	2.72416	2.66964	2.66964	2.66964	2.66964	2.66964	2.66964	2.66964	2.66964	2.66964	2.66964	2.66964	2.62185	2.17555	1.78469	
127496	6.86523e+17	2.79307e+17	1.22225e+17	7.7333e+16	1.54666e+17	2.31999e+17	3.09332e+17	3.86665e+17	4.63998e+17	5.41331e+17	6.18664e+17	6.95997e+17	7.62479e+17	7.79244e+17	8.87122e+16	5.76523e+15	5.27737e+15	2.30939e+15	1.46117e+15	2.92234e+15	4.38351e+15	5.84468e+15	7.30585e+15	8.76702e+15	1.02282e+16	1.16894e+16	1.31505e+16	2.12232e+16	6.00887e+16	4.29909e+17	2.72683	2.6724	2.6724	2.6724	2.6724	2.6724	2.6724	2.6724	2.6724	2.6724	2.6724	2.6724	2.6246	2.17681	1.78418	
127747	6.86524e+17	2.79308e+17	1.22226e+17	7.73333e+16	1.54667e+17	2.32e+17	3.09333e+17	3.86666e+17	4.64e+17	5.41333e+17	6.18666e+17	6.96e+17	7.62461e+17	7.79049e+17	8.90501e+16	5.76466e+15	5.27681e+15	2.30915e+15	1.46102e+15	2.92203e+15	4.38305e+15	5.84407e+15	7.30508e+15	8.7661e+15	1.02271e+16	1.16881e+16	1.31491e+16	2.12346e+16	6.02093e+16	4.29859e+17	2.7295	2.67516	2.67516	2.67516	2.67516	2.67516	2.67516	2.67516	2.67516	2.67516	2.67516	2.67516	2.62734	2.17807	1.78369	
127998	6.86525e+17	2.79309e+17	1.22226e+17	7.73335e+16	1.54667e+17	2.32001e+17	3.09334e+17	3.86668e+17	4.64001e+17	5.41335e+17	6.18668e+17	6.96002e+17	7.62442e+17	7.78854e+17	8.9387e+16	5.76408e+15	5.27626e+15	2.3089e+15	1.46086e+15	2.92173e+15	4.38259e+15	5.84345e+15	7.30431e+15	8.76518e+15	1.0226e+16	1.16869e+16	1.31478e+16	2.12461e+16	6.03298e+16	4.29809e+17	2.73217	2.67791	2.67791	2.67791	2.67791	2.67791	2.67791	2.67791	2.67791	2.67791	2.67791	2.67791	2.63007	2.17932	1.7832	
128250	6.86526e+17	2.7931e+17	1.22227e+17	7.73338e+16	1.54668e+17	2.32001e+17	3.09335e+17	3.86669e+17	4.64003e+17	5.41337e+17	6.1867e+17	6.96004e+17	7.62424e+17	7.78659e+17	8.97228e+16	5.7635e+15	5.27571e+15	2.30866e+15	1.46071e+15	2.92142e+15	4.38213e+15	5.84284e+15	7.30355e+15	8.76426e+15	1.0225e+16	1.16857e+16	1.31464e+16	2.12575e+16	6.04501e+16	4.29759e+17	2.73484	2.68066	2.68066	2.68066	2.68066	2.68066	2.68066	2.68066	2.68066	2.68066	2.68066	2.68066	2.6328	2.18056	1.78273	
128500	6.86528e+17	2.79311e+17	1.22227e+17	7.7334e+16	1.54668e+17	2.32002e+17	3.09336e+17	3.8667e+17	4.64004e+17	5.41338e+17	6.18672e+17	6.96006e+17	7.62405e+17	7.78465e+17	9.00571e+16	5.76293e+15	5.27516e+15	2.30842e+15	1.46056e+15	2.92111e+15	4.38167e+15	5.84223e+15	7.30279e+15	8.76334e+15	1.02239e+16	1.16845e+16	1.3145e+16	2.12689e+16	6.05702e+16	4.29709e+17	2.7375	2.68341	2.68341	2.68341	2.68341	2.68341	2.68341	2.68341	2.68341	2.68341	2.68341	2.68341	2.63553	2.1818	1.78227	
128752	6.86529e+17	2.79311e+17	1.22227e+17	7.73343e+16	1.54669e+17	2.32003e+17	3.09337e+17	3.86671e+17	4.64006e+17	5.4134e+17	6.18674e+17	6.96009e+17	7.62386e+17	7.7827e+17	9.03906e+16	5.76235e+15	5.27461e+15	2.30818e+15	1.46041e+15	2.92081e+15	4.38122e+15	5.84162e+15	7.30203e+15	8.76243e+15	1.02228e+16	1.16832e+16	1.31436e+16	2.12803e+16	6.06902e+16	4.29659e+17	2.74016	2.68615	2.68615	2.68615	2.68615	2.68615	2.68615	2.68615	2.68615	2.68615	2.68615	2.68615	2.63826	2.18303	1.78182	
129003	6.8653e+17	2.79312e+17	1.22228e+17	7.73345e+16	1.54669e+17	2.32004e+17	3.09338e+17	3.86673e+17	4.64007e+17	5.41342e+17	6.18676e+17	6.96011e+17	7.62368e+17	7.78077e+17	9.07227e+16	5.76178e+15	5.27406e+15	2.30794e+15	1.46025e+15	2.92051e+15	4.38076e+15	5.84101e+15	7.30127e+15	8.76152e+15	1.02218e+16	1.1682e+16	1.31423e+16	2.12918e+16	6.081e+16	4.29609e+17	2.74281	2.68889	2.68889	2.68889	2.68889	2.68889	2.68889	2.68889	2.68889	2.68889	2.68889	2.68889	2.64098	2.18425	1.78138	
129254	6.86531e+17	2.79313e+17	1.22228e+17	7.73348e+16	1.5467e+17	2.32004e+17	3.09339e+17	3.86674e+17	4.64009e+17	5.41344e+17	6.18678e+17	6.96013e+17	7.62349e+17	7.77883e+17	9.10538e+16	5.76121e+15	5.27351e+15	2.3077e+15	1.4601e+15	2.9202e+15	4.38031e+15	5.84041e+15	7.30051e+15	8.76061e+15	1.02207e+16	1.16808e+16	1.31409e+16	2.13032e+16	6.09296e+16	4.29559e+17	2.74546	2.69163	2.69163	2.69163	2.69163	2.69163	2.69163	2.69163	2.69163	2.69163	2.69163	2.69163	2.64369	2.18547	1.78095	
129505	6.86532e+17	2.79314e+17	1.22229e+17	7.7335e+16	1.5467e+17	2.32005e+17	3.0934e+17	3.86675e+17	4.6401e+17	5.41345e+17	6.1868e+17	6.96015e+17	7.62331e+17	7.77689e+17	9.13835e+16	5.76065e+15	5.27297e+15	2.30746e+15	1.45995e+15	2.9199e+15	4.37985e+15	5.83981e+15	7.29976e+15	8.75971e+15	1.02197e+16	1.16796e+16	1.31396e+16	2.13146e+16	6.1049e+16	4.29509e+17	2.74811	2.69436	2.69436	2.69436	2.69436	2.69436	2.69436	2.69436	2.69436	2.69436	2.69436	2.69436	2.6464	2.18668	1.78054	
129756	6.86533e+17	2.79315e+17	1.22229e+17	7.73353e+16	1.54671e+17	2.32006e+17	3.09341e+17	3.86676e+17	4.64012e+17	5.41347e+17	6.18682e+17	6.96018e+17	7.62312e+17	7.77496e+17	9.17121e+16	5.76008e+15	5.27242e+15	2.30723e+15	1.4598e+15	2.9196e+15	4.3794e+15	5.83921e+15	7.29901e+15	8.75881e+15	1.02186e+16	1.16784e+16	1.31382e+16	2.1326e+16	6.11683e+16	4.29459e+17	2.75075	2.69708	2.69708	2.69708	2.69708	2.69708	2.69708	2.69708	2.69708	2.69708	2.69708	2.69708	2.64911	2.18789	1.78013	
130007	6.86534e+17	2.79316e+17	1.22229e+17	7.73355e+16	1.54671e+17	2.32007e+17	3.09342e+17	3.86678e+17	4.64013e+17	5.41349e+17	6.18684e+17	6.9602e+17	7.62294e+17	7.77303e+17	9.20397e+16	5.75952e+15	5.27188e+15	2.30699e+15	1.45965e+15	2.9193e+15	4.37895e+15	5.83861e+15	7.29826e+15	8.75791e+15	1.02176e+16	1.16772e+16	1.31369e+16	2.13374e+16	6.12875e+16	4.29408e+17	2.7534	2.69981	2.69981	2.69981	2.69981	2.69981	2.69981	2.69981	2.69981	2.69981	2.69981	2.69981	2.65182	2.18909	1.77973	
130258	6.86535e+17	2.79317e+17	1.2223e+17	7.73358e+16	1.54672e+17	2.32007e+17	3.09343e+17	3.86679e+17	4.64015e+17	5.4135e+17	6.18686e+17	6.96022e+17	7.62275e+17	7.77111e+17	9.23657e+16	5.75895e+15	5.27134e+15	2.30675e+15	1.4595e+15	2.919e+15	4.37851e+15	5.83801e+15	7.29751e+15	8.75701e+15	1.02165e+16	1.1676e+16	1.31355e+16	2.13488e+16	6.14065e+16	4.29358e+17	2.75603	2.70253	2.70253	2.70253	2.70253	2.70253	2.70253	2.70253	2.70253	2.70253	2.70253	2.70253	2.65452	2.19028	1.77935	
130509	6.86536e+17	2.79318e+17	1.2223e+17	7.7336e+16	1.54672e+17	2.32008e+17	3.09344e+17	3.8668e+17	4.64016e+17	5.41352e+17	6.18688e+17	6.96024e+17	7.62257e+17	7.76918e+17	9.26907e+16	5.75839e+15	5.27081e+15	2.30652e+15	1.45935e+15	2.91871e+15	4.37806e+15	5.83741e+15	7.29677e+15	8.75612e+15	1.02155e+16	1.16748e+16	1.31342e+16	2.13602e+16	6.15254e+16	4.29307e+17	2.75866	2.70524	2.70524	2.70524	2.70524	2.70524	2.70524	2.70524	2.70524	2.70524	2.70524	2.70524	2.65722	2.19147	1.77897	
130760	6.86537e+17	2.79319e+17	1.22231e+17	7.73363e+16	1.54673e+17	2.32009e+17	3.09345e+17	3.86681e+17	4.64018e+17	5.41354e+17	6.1869e+17	6.96026e+17	7.62238e+17	7.76726e+17	9.30144e+16	5.75783e+15	5.27027e+15	2.30628e+15	1.4592e+15	2.91841e+15	4.37761e+15	5.83682e+15	7.29602e+15	8.75523e+15	1.02144e+16	1.16736e+16	1.31328e+16	2.13716e+16	6.16441e+16	4.29257e+17	2.76129	2.70795	2.70795	2.70795	2.70795	2.70795	2.70795	2.70795	2.70795	2.70795	2.70795	2.70795	2.65991	2.19265	1.7786	
131011	6.86539e+17	2.7932e+17	1.22231e+17	7.73365e+16	1.54673e+17	2.3201e+17	3.09346e+17	3.86683e+17	4.64019e+17	5.41356e+17	6.18692e+17	6.96029e+17	7.6222e+17	7.76534e+17	9.33369e+16	5.75728e+15	5.26973e+15	2.30605e+15	1.45906e+15	2.91811e+15	4.37717e+15	5.83623e+15	7.29528e+15	8.75434e+15	1.02134e+16	1.16725e+16	1.31315e+16	2.13831e+16	6.17627e+16	4.29207e+17	2.76392	2.71066	2.71066	2.71066	2.71066	2.71066	2.71066	2.71066	2.71066	2.71066	2.71066	2.71066	2.6626	2.19383	1.77825	
131262	6.8654e+17	2.7932e+17	1.22231e+17	7.73368e+16	1.54674e+17	2.3201e+17	3.09347e+17	3.86684e+17	4.64021e+17	5.41357e+17	6.18694e+17	6.96031e+17	7.62201e+17	7.76342e+17	9.3658e+16	5.75672e+15	5.2692e+15	2.30582e+15	1.45891e+15	2.91782e+15	4.37673e+15	5.83564e+15	7.29454e+15	8.75345e+15	1.02124e+16	1.16713e+16	1.31302e+16	2.13945e+16	6.18811e+16	4.29156e+17	2.76654	2.71336	2.71336	2.71336	2.71336	2.71336	2.71336	2.71336	2.71336	2.71336	2.71336	2.71336	2.66528	2.195	1.7779	
131513	6.86541e+17	2.79321e+17	1.22232e+17	7.7337e+16	1.54674e+17	2.32011e+17	3.09348e+17	3.86685e+17	4.64022e+17	5.41359e+17	6.18696e+17	6.96033e+17	7.62183e+17	7.7615e+17	9.39781e+16	5.75617e+15	5.26867e+15	2.30558e+15	1.45876e+15	2.91752e+15	4.37628e+15	5.83505e+15	7.29381e+15	8.75257e+15	1.02113e+16	1.16701e+16	1.31289e+16	2.14059e+16	6.19995e+16	4.29106e+17	2.76916	2.71606	2.71606	2.71606	2.71606	2.71606	2.71606	2.71606	2.71606	2.71606	2.71606	2.71606	2.66796	2.19616	1.77756	
131765	6.86542e+17	2.79322e+17	1.22232e+17	7.73372e+16	1.54674e+17	2.32012e+17	3.09349e+17	3.86686e+17	4.64023e+17	5.41361e+17	6.18698e+17	6.96035e+17	7.62164e+17	7.75959e+17	9.42969e+16	5.75561e+15	5.26814e+15	2.30535e+15	1.45861e+15	2.91723e+15	4.37584e+15	5.83446e+15	7.29307e+15	8.75169e+15	1.02103e+16	1.16689e+16	1.31275e+16	2.14173e+16	6.21177e+16	4.29055e+17	2.77177	2.71876	2.71876	2.71876	2.71876	2.71876	2.71876	2.71876	2.71876	2.71876	2.71876	2.71876	2.67064	2.19732	1.77724	
132016	6.86543e+17	2.79323e+17	1.22232e+17	7.73375e+16	1.54675e+17	2.32012e+17	3.0935e+17	3.86687e+17	4.64025e+17	5.41362e+17	6.187e+17	6.96037e+17	7.62146e+17	7.75768e+17	9.46142e+16	5.75506e+15	5.26761e+15	2.30512e+15	1.45847e+15	2.91694e+15	4.37541e+15	5.83387e+15	7.29234e+15	8.75081e+15	1.02093e+16	1.16677e+16	1.31262e+16	2.14287e+16	6.22357e+16	4.29004e+17	2.77438	2.72145	2.72145	2.72145	2.72145	2.72145	2.72145	2.72145	2.72145	2.72145	2.72145	2.72145	2.67332	2.19847	1.77692	
132267	6.86544e+17	2.79324e+17	1.22233e+17	7.73377e+16	1.54675e+17	2.32013e+17	3.09351e+17	3.86689e+17	4.64026e+17	5.41364e+17	6.18702e+17	6.9604e+17	7.62127e+17	7.75576e+17	9.49304e+16	5.75451e+15	5.26708e+15	2.30489e+15	1.45832e+15	2.91665e+15	4.37497e+15	5.83329e+15	7.29161e+15	8.74994e+15	1.02083e+16	1.16666e+16	1.31249e+16	2.14401e+16	6.23537e+16	4.28954e+17	2.77699	2.72414	2.72414	2.72414	2.72414	2.72414	2.72414	2.72414	2.72414	2.72414	2.72414	2.72414	2.67599	2.19962	1.77661	
132518	6.86545e+17	2.79325e+17	1.22233e+17	7.7338e+16	1.54676e+17	2.32014e+17	3.09352e+17	3.8669e+17	4.64028e+17	5.41366e+17	6.18704e+17	6.96042e+17	7.62109e+17	7.75386e+17	9.52453e+16	5.75396e+15	5.26656e+15	2.30466e+15	1.45818e+15	2.91635e+15	4.37453e+15	5.83271e+15	7.29089e+15	8.74906e+15	1.02072e+16	1.16654e+16	1.31236e+16	2.14515e+16	6.24715e+16	4.28903e+17	2.77959	2.72682	2.72682	2.72682	2.72682	2.72682	2.72682	2.72682	2.72682	2.72682	2.72682	2.72682	2.67865	2.20076	1.77631	
132769	6.86546e+17	2.79326e+17	1.22234e+17	7.73382e+16	1.54676e+17	2.32015e+17	3.09353e+17	3.86691e+17	4.64029e+17	5.41367e+17	6.18706e+17	6.96044e+17	7.6209e+17	7.75195e+17	9.55589e+16	5.75342e+15	5.26604e+15	2.30443e+15	1.45803e+15	2.91606e+15	4.3741e+15	5.83213e+15	7.29016e+15	8.74819e+15	1.02062e+16	1.16643e+16	1.31223e+16	2.1463e+16	6.25893e+16	4.28853e+17	2.7822	2.7295	2.7295	2.7295	2.7295	2.7295	2.7295	2.7295	2.7295	2.7295	2.7295	2.7295	2.68132	2.20189	1.77602	
133020	6.86547e+17	2.79326e+17	1.22234e+17	7.73384e+16	1.54677e+17	2.32015e+17	3.09354e+17	3.86692e+17	4.64031e+17	5.41369e+17	6.18708e+17	6.96046e+17	7.62071e+17	7.75004e+17	9.58711e+16	5.75287e+15	5.26551e+15	2.3042e+15	1.45789e+15	2.91578e+15	4.37366e+15	5.83155e+15	7.28944e+15	8.74733e+15	1.02052e+16	1.16631e+16	1.3121e+16	2.14744e+16	6.27069e+16	4.28802e+17	2.78479	2.73218	2.73218	2.73218	2.73218	2.73218	2.73218	2.73218	2.73218	2.73218	2.73218	2.73218	2.68397	2.20302	1.77574	
133272	6.86548e+17	2.79327e+17	1.22234e+17	7.73387e+16	1.54677e+17	2.32016e+17	3.09355e+17	3.86693e+17	4.64032e+17	5.41371e+17	6.18709e+17	6.96048e+17	7.62053e+17	7.74814e+17	9.61821e+16	5.75233e+15	5.26499e+15	2.30397e+15	1.45774e+15	2.91549e+15	4.37323e+15	5.83097e+15	7.28872e+15	8.74646e+15	1.02042e+16	1.16619e+16	1.31197e+16	2.14858e+16	6.28245e+16	4.28752e+17	2.78739	2.73485	2.73485	2.73485	2.73485	2.73485	2.73485	2.73485	2.73485	2.73485	2.73485	2.73485	2.68663	2.20415	1.77547	
133523	6.86549e+17	2.79328e+17	1.22235e+17	7.73389e+16	1.54678e+17	2.32017e+17	3.09356e+17	3.86695e+17	4.64034e+17	5.41372e+17	6.18711e+17	6.9605e+17	7.62034e+17	7.74624e+17	9.64919e+16	5.75179e+15	5.26447e+15	2.30375e+15	1.4576e+15	2.9152e+15	4.3728e+15	5.8304e+15	7.288e+15	8.7456e+15	1.02032e+16	1.16608e+16	1.31184e+16	2.14973e+16	6.2942e+16	4.28701e+17	2.78998	2.73752	2.73752	2.73752	2.73752	2.73752	2.73752	2.73752	2.73752	2.73752	2.73752	2.73752	2.68928	2.20527	1.7752	
133774	6.8655e+17	2.79329e+17	1.22235e+17	7.73392e+16	1.54678e+17	2.32017e+17	3.09357e+17	3.86696e+17	4.64035e+17	5.41374e+17	6.18713e+17	6.96052e+17	7.62016e+17	7.74433e+17	9.68e+16	5.75125e+15	5.26396e+15	2.30352e+15	1.45746e+15	2.91491e+15	4.37237e+15	5.82983e+15	7.28728e+15	8.74474e+15	1.02022e+16	1.16597e+16	1.31171e+16	2.15087e+16	6.30592e+16	4.28651e+17	2.79256	2.74019	2.74019	2.74019	2.74019	2.74019	2.74019	2.74019	2.74019	2.74019	2.74019	2.74019	2.69193	2.20638	1.77495	
134025	6.86551e+17	2.7933e+17	1.22235e+17	7.73394e+16	1.54679e+17	2.32018e+17	3.09358e+17	3.86697e+17	4.64036e+17	5.41376e+17	6.18715e+17	6.96055e+17	7.61997e+17	7.74243e+17	9.71072e+16	5.75071e+15	5.26344e+15	2.3033e+15	1.45731e+15	2.91463e+15	4.37194e+15	5.82925e+15	7.28657e+15	8.74388e+15	1.02012e+16	1.16585e+16	1.31158e+16	2.15201e+16	6.31766e+16	4.286e+17	2.79515	2.74285	2.74285	2.74285	2.74285	2.74285	2.74285	2.74285	2.74285	2.74285	2.74285	2.74285	2.69457	2.20749	1.7747	
134277	6.86552e+17	2.79331e+17	1.22236e+17	7.73396e+16	1.54679e+17	2.32019e+17	3.09359e+17	3.86698e+17	4.64038e+17	5.41377e+17	6.18717e+17	6.96057e+17	7.61979e+17	7.74054e+17	9.74128e+16	5.75017e+15	5.26293e+15	2.30307e+15	1.45717e+15	2.91434e+15	4.37151e+15	5.82868e+15	7.28586e+15	8.74303e+15	1.02002e+16	1.16574e+16	1.31145e+16	2.15316e+16	6.32937e+16	4.2855e+17	2.79772	2.74551	2.74551	2.74551	2.74551	2.74551	2.74551	2.74551	2.74551	2.74551	2.74551	2.74551	2.69721	2.2086	1.77446	
134528	6.86553e+17	2.79332e+17	1.22236e+17	7.73399e+16	1.5468e+17	2.3202e+17	3.09359e+17	3.86699e+17	4.64039e+17	5.41379e+17	6.18719e+17	6.96059e+17	7.6196e+17	7.73864e+17	9.77172e+16	5.74964e+15	5.26241e+15	2.30285e+15	1.45703e+15	2.91406e+15	4.37109e+15	5.82812e+15	7.28515e+15	8.74217e+15	1.01992e+16	1.16562e+16	1.31133e+16	2.1543e+16	6.34109e+16	4.28499e+17	2.8003	2.74816	2.74816	2.74816	2.74816	2.74816	2.74816	2.74816	2.74816	2.74816	2.74816	2.74816	2.69985	2.2097	1.77424	
134779	6.86554e+17	2.79332e+17	1.22237e+17	7.73401e+16	1.5468e+17	2.3202e+17	3.0936e+17	3.867e+17	4.64041e+17	5.41381e+17	6.18721e+17	6.96061e+17	7.61941e+17	7.73674e+17	9.80201e+16	5.74911e+15	5.2619e+15	2.30262e+15	1.45689e+15	2.91378e+15	4.37066e+15	5.82755e+15	7.28444e+15	8.74133e+15	1.01982e+16	1.16551e+16	1.3112e+16	2.15545e+16	6.35279e+16	4.28449e+17	2.80287	2.75081	2.75081	2.75081	2.75081	2.75081	2.75081	2.75081	2.75081	2.75081	2.75081	2.75081	2.70248	2.21079	1.77401	
135030	6.86555e+17	2.79333e+17	1.22237e+17	7.73403e+16	1.54681e+17	2.32021e+17	3.09361e+17	3.86702e+17	4.64042e+17	5.41382e+17	6.18723e+17	6.96063e+17	7.61923e+17	7.73485e+17	9.83218e+16	5.74857e+15	5.26139e+15	2.3024e+15	1.45675e+15	2.91349e+15	4.37024e+15	5.82699e+15	7.28373e+15	8.74048e+15	1.01972e+16	1.1654e+16	1.31107e+16	2.1566e+16	6.36449e+16	4.28398e+17	2.80544	2.75346	2.75346	2.75346	2.75346	2.75346	2.75346	2.75346	2.75346	2.75346	2.75346	2.75346	2.70511	2.21188	1.7738	
135282	6.86556e+17	2.79334e+17	1.22237e+17	7.73406e+16	1.54681e+17	2.32022e+17	3.09362e+17	3.86703e+17	4.64043e+17	5.41384e+17	6.18725e+17	6.96065e+17	7.61904e+17	7.73295e+17	9.86222e+16	5.74804e+15	5.26088e+15	2.30218e+15	1.45661e+15	2.91321e+15	4.36982e+15	5.82642e+15	7.28303e+15	8.73963e+15	1.01962e+16	1.16528e+16	1.31095e+16	2.15775e+16	6.37619e+16	4.28348e+17	2.80801	2.7561	2.7561	2.7561	2.7561	2.7561	2.7561	2.7561	2.7561	2.7561	2.7561	2.7561	2.70773	2.21297	1.7736	
135533	6.86558e+17	2.79335e+17	1.22238e+17	7.73408e+16	1.54682e+17	2.32022e+17	3.09363e+17	3.86704e+17	4.64045e+17	5.41386e+17	6.18726e+17	6.96067e+17	7.61885e+17	7.73106e+17	9.8921e+16	5.74751e+15	5.26038e+15	2.30195e+15	1.45647e+15	2.91293e+15	4.3694e+15	5.82586e+15	7.28233e+15	8.73879e+15	1.01953e+16	1.16517e+16	1.31082e+16	2.1589e+16	6.38787e+16	4.28298e+17	2.81057	2.75874	2.75874	2.75874	2.75874	2.75874	2.75874	2.75874	2.75874	2.75874	2.75874	2.75874	2.71035	2.21405	1.7734	
135784	6.86559e+17	2.79336e+17	1.22238e+17	7.7341e+16	1.54682e+17	2.32023e+17	3.09364e+17	3.86705e+17	4.64046e+17	5.41387e+17	6.18728e+17	6.96069e+17	7.61867e+17	7.72917e+17	9.92186e+16	5.74699e+15	5.25987e+15	2.30173e+15	1.45633e+15	2.91265e+15	4.36898e+15	5.8253e+15	7.28163e+15	8.73795e+15	1.01943e+16	1.16506e+16	1.31069e+16	2.16005e+16	6.39956e+16	4.28248e+17	2.81313	2.76138	2.76138	2.76138	2.76138	2.76138	2.76138	2.76138	2.76138	2.76138	2.76138	2.76138	2.71297	2.21512	1.77321	
136035	6.8656e+17	2.79337e+17	1.22238e+17	7.73413e+16	1.54683e+17	2.32024e+17	3.09365e+17	3.86706e+17	4.64048e+17	5.41389e+17	6.1873e+17	6.96071e+17	7.61848e+17	7.72727e+17	9.95148e+16	5.74646e+15	5.25937e+15	2.30151e+15	1.45619e+15	2.91237e+15	4.36856e+15	5.82474e+15	7.28093e+15	8.73712e+15	1.01933e+16	1.16495e+16	1.31057e+16	2.1612e+16	6.41124e+16	4.28197e+17	2.81569	2.76401	2.76401	2.76401	2.76401	2.76401	2.76401	2.76401	2.76401	2.76401	2.76401	2.76401	2.71558	2.2162	1.77303	
136287	6.86561e+17	2.79337e+17	1.22239e+17	7.73415e+16	1.54683e+17	2.32024e+17	3.09366e+17	3.86707e+17	4.64049e+17	5.4139e+17	6.18732e+17	6.96073e+17	7.61829e+17	7.72538e+17	9.98096e+16	5.74594e+15	5.25886e+15	2.30129e+15	1.45605e+15	2.91209e+15	4.36814e+15	5.82419e+15	7.28023e+15	8.73628e+15	1.01923e+16	1.16484e+16	1.31044e+16	2.16235e+16	6.42292e+16	4.28147e+17	2.81824	2.76664	2.76664	2.76664	2.76664	2.76664	2.76664	2.76664	2.76664	2.76664	2.76664	2.76664	2.71819	2.21726	1.77286	
136538	6.86562e+17	2.79338e+17	1.22239e+17	7.73417e+16	1.54683e+17	2.32025e+17	3.09367e+17	3.86709e+17	4.6405e+17	5.41392e+17	6.18734e+17	6.96075e+17	7.61811e+17	7.72349e+17	1.00103e+17	5.74541e+15	5.25836e+15	2.30107e+15	1.45591e+15	2.91182e+15	4.36772e+15	5.82363e+15	7.27954e+15	8.73545e+15	1.01914e+16	1.16473e+16	1.31032e+16	2.1635e+16	6.43459e+16	4.28097e+17	2.82079	2.76926	2.76926	2.76926	2.76926	2.76926	2.76926	2.76926	2.76926	2.76926	2.76926	2.76926	2.7208	2.21832	1.77269	
136789	6.86563e+17	2.79339e+17	1.2224e+17	7.73419e+16	1.54684e+17	2.32026e+17	3.09368e+17	3.8671e+17	4.64052e+17	5.41394e+17	6.18736e+17	6.96078e+17	7.61792e+17	7.7216e+17	1.00395e+17	5.74489e+15	5.25786e+15	2.30086e+15	1.45577e+15	2.91154e+15	4.36731e+15	5.82308e+15	7.27885e+15	8.73462e+15	1.01904e+16	1.16462e+16	1.31019e+16	2.16466e+16	6.44626e+16	4.28047e+17	2.82333	2.77189	2.77189	2.77189	2.77189	2.77189	2.77189	2.77189	2.77189	2.77189	2.77189	2.77189	2.7234	2.21938	1.77254	
137041	6.86564e+17	2.7934e+17	1.2224e+17	7.73422e+16	1.54684e+17	2.32027e+17	3.09369e+17	3.86711e+17	4.64053e+17	5.41395e+17	6.18737e+17	6.9608e+17	7.61773e+17	7.71971e+17	1.00686e+17	5.74437e+15	5.25737e+15	2.30064e+15	1.45563e+15	2.91126e+15	4.3669e+15	5.82253e+15	7.27816e+15	8.73379e+15	1.01894e+16	1.16451e+16	1.31007e+16	2.16581e+16	6.45794e+16	4.27997e+17	2.82588	2.77451	2.77451	2.77451	2.77451	2.77451	2.77451	2.77451	2.77451	2.77451	2.77451	2.77451	2.726	2.22044	1.77239	
137292	6.86565e+17	2.79341e+17	1.2224e+17	7.73424e+16	1.54685e+17	2.32027e+17	3.0937e+17	3.86712e+17	4.64054e+17	5.41397e+17	6.18739e+17	6.96082e+17	7.61754e+17	7.71782e+17	1.00975e+17	5.74386e+15	5.25687e+15	2.30042e+15	1.45549e+15	2.91099e+15	4.36648e+15	5.82198e+15	7.27747e+15	8.73297e+15	1.01885e+16	1.1644e+16	1.30995e+16	2.16697e+16	6.4696e+16	4.27947e+17	2.82841	2.77712	2.77712	2.77712	2.77712	2.77712	2.77712	2.77712	2.77712	2.77712	2.77712	2.77712	2.72859	2.22148	1.77224	
137543	6.86566e+17	2.79342e+17	1.22241e+17	7.73426e+16	1.54685e+17	2.32028e+17	3.09371e+17	3.86713e+17	4.64056e+17	5.41398e+17	6.18741e+17	6.96084e+17	7.61735e+17	7.71593e+17	1.01263e+17	5.74334e+15	5.25637e+15	2.3002e+15	1.45536e+15	2.91071e+15	4.36607e+15	5.82143e+15	7.27679e+15	8.73214e+15	1.01875e+16	1.16429e+16	1.30982e+16	2.16812e+16	6.48127e+16	4.27898e+17	2.83095	2.77973	2.77973	2.77973	2.77973	2.77973	2.77973	2.77973	2.77973	2.77973	2.77973	2.77973	2.73119	2.22253	1.77211	
137794	6.86567e+17	2.79342e+17	1.22241e+17	7.73429e+16	1.54686e+17	2.32029e+17	3.09371e+17	3.86714e+17	4.64057e+17	5.414e+17	6.18743e+17	6.96086e+17	7.61717e+17	7.71403e+17	1.01549e+17	5.74282e+15	5.25588e+15	2.29999e+15	1.45522e+15	2.91044e+15	4.36566e+15	5.82088e+15	7.2761e+15	8.73132e+15	1.01865e+16	1.16418e+16	1.3097e+16	2.16928e+16	6.49294e+16	4.27848e+17	2.83348	2.78234	2.78234	2.78234	2.78234	2.78234	2.78234	2.78234	2.78234	2.78234	2.78234	2.78234	2.73377	2.22357	1.77198	
138046	6.86568e+17	2.79343e+17	1.22241e+17	7.73431e+16	1.54686e+17	2.32029e+17	3.09372e+17	3.86715e+17	4.64058e+17	5.41402e+17	6.18745e+17	6.96088e+17	7.61698e+17	7.71214e+17	1.01834e+17	5.74231e+15	5.25539e+15	2.29977e+15	1.45508e+15	2.91017e+15	4.36525e+15	5.82034e+15	7.27542e+15	8.73051e+15	1.01856e+16	1.16407e+16	1.30958e+16	2.17044e+16	6.50461e+16	4.27798e+17	2.83601	2.78494	2.78494	2.78494	2.78494	2.78494	2.78494	2.78494	2.78494	2.78494	2.78494	2.78494	2.73636	2.22461	1.77186	
138297	6.86569e+17	2.79344e+17	1.22242e+17	7.73433e+16	1.54687e+17	2.3203e+17	3.09373e+17	3.86717e+17	4.6406e+17	5.41403e+17	6.18746e+17	6.9609e+17	7.61679e+17	7.71025e+17	1.02118e+17	5.7418e+15	5.2549e+15	2.29956e+15	1.45495e+15	2.9099e+15	4.36485e+15	5.81979e+15	7.27474e+15	8.72969e+15	1.01846e+16	1.16396e+16	1.30945e+16	2.17161e+16	6.51627e+16	4.27749e+17	2.83854	2.78754	2.78754	2.78754	2.78754	2.78754	2.78754	2.78754	2.78754	2.78754	2.78754	2.78754	2.73894	2.22564	1.77175	
138548	6.8657e+17	2.79345e+17	1.22242e+17	7.73435e+16	1.54687e+17	2.32031e+17	3.09374e+17	3.86718e+17	4.64061e+17	5.41405e+17	6.18748e+17	6.96092e+17	7.6166e+17	7.70836e+17	1.024e+17	5.74129e+15	5.25441e+15	2.29934e+15	1.45481e+15	2.90963e+15	4.36444e+15	5.81925e+15	7.27407e+15	8.72888e+15	1.01837e+16	1.16385e+16	1.30933e+16	2.17277e+16	6.52795e+16	4.27699e+17	2.84106	2.79014	2.79014	2.79014	2.79014	2.79014	2.79014	2.79014	2.79014	2.79014	2.79014	2.79014	2.74151	2.22667	1.77164	
138800	6.86571e+17	2.79346e+17	1.22242e+17	7.73437e+16	1.54687e+17	2.32031e+17	3.09375e+17	3.86719e+17	4.64062e+17	5.41406e+17	6.1875e+17	6.96094e+17	7.61641e+17	7.70647e+17	1.02681e+17	5.74078e+15	5.25392e+15	2.29913e+15	1.45468e+15	2.90936e+15	4.36403e+15	5.81871e+15	7.27339e+15	8.72807e+15	1.01827e+16	1.16374e+16	1.30921e+16	2.17393e+16	6.53963e+16	4.2765e+17	2.84358	2.79273	2.79273	2.79273	2.79273	2.79273	2.79273	2.79273	2.79273	2.79273	2.79273	2.79273	2.74409	2.22769	1.77154	
139051	6.86572e+17	2.79346e+17	1.22243e+17	7.7344e+16	1.54688e+17	2.32032e+17	3.09376e+17	3.8672e+17	4.64064e+17	5.41408e+17	6.18752e+17	6.96096e+17	7.61622e+17	7.70458e+17	1.0296e+17	5.74027e+15	5.25344e+15	2.29892e+15	1.45454e+15	2.90909e+15	4.36363e+15	5.81817e+15	7.27272e+15	8.72726e+15	1.01818e+16	1.16363e+16	1.30909e+16	2.1751e+16	6.5513e+16	4.276e+17	2.8461	2.79532	2.79532	2.79532	2.79532	2.79532	2.79532	2.79532	2.79532	2.79532	2.79532	2.79532	2.74666	2.22871	1.77145	
139302	6.86573e+17	2.79347e+17	1.22243e+17	7.73442e+16	1.54688e+17	2.32033e+17	3.09377e+17	3.86721e+17	4.64065e+17	5.41409e+17	6.18754e+17	6.96098e+17	7.61603e+17	7.70268e+17	1.03238e+17	5.73976e+15	5.25295e+15	2.2987e+15	1.45441e+15	2.90882e+15	4.36323e+15	5.81764e+15	7.27205e+15	8.72646e+15	1.01809e+16	1.16353e+16	1.30897e+16	2.17627e+16	6.56299e+16	4.27551e+17	2.84861	2.7979	2.7979	2.7979	2.7979	2.7979	2.7979	2.7979	2.7979	2.7979	2.7979	2.7979	2.74922	2.22973	1.77137	
139554	6.86574e+17	2.79348e+17	1.22243e+17	7.73444e+16	1.54689e+17	2.32033e+17	3.09378e+17	3.86722e+17	4.64066e+17	5.41411e+17	6.18755e+17	6.961e+17	7.61584e+17	7.70079e+17	1.03514e+17	5.73926e+15	5.25247e+15	2.29849e+15	1.45428e+15	2.90855e+15	4.36283e+15	5.8171e+15	7.27138e+15	8.72565e+15	1.01799e+16	1.16342e+16	1.30885e+16	2.17744e+16	6.57468e+16	4.27502e+17	2.85112	2.80049	2.80049	2.80049	2.80049	2.80049	2.80049	2.80049	2.80049	2.80049	2.80049	2.80049	2.75178	2.23075	1.77129	
139805	6.86575e+17	2.79349e+17	1.22244e+17	7.73446e+16	1.54689e+17	2.32034e+17	3.09379e+17	3.86723e+17	4.64068e+17	5.41412e+17	6.18757e+17	6.96102e+17	7.61565e+17	7.69889e+17	1.03789e+17	5.73875e+15	5.25199e+15	2.29828e+15	1.45414e+15	2.90828e+15	4.36243e+15	5.81657e+15	7.27071e+15	8.72485e+15	1.0179e+16	1.16331e+16	1.30873e+16	2.17861e+16	6.58637e+16	4.27453e+17	2.85363	2.80307	2.80307	2.80307	2.80307	2.80307	2.80307	2.80307	2.80307	2.80307	2.80307	2.80307	2.75434	2.23176	1.77121	
140056	6.86576e+17	2.7935e+17	1.22244e+17	7.73449e+16	1.5469e+17	2.32035e+17	3.09379e+17	3.86724e+17	4.64069e+17	5.41414e+17	6.18759e+17	6.96104e+17	7.61546e+17	7.697e+17	1.04062e+17	5.73825e+15	5.2515e+15	2.29807e+15	1.45401e+15	2.90802e+15	4.36203e+15	5.81604e+15	7.27004e+15	8.72405e+15	1.01781e+16	1.16321e+16	1.30861e+16	2.17978e+16	6.59807e+16	4.27404e+17	2.85613	2.80564	2.80564	2.80564	2.80564	2.80564	2.80564	2.80564	2.80564	2.80564	2.80564	2.80564	2.7569	2.23276	1.77115	
140308	6.86577e+17	2.7935e+17	1.22244e+17	7.73451e+16	1.5469e+17	2.32035e+17	3.0938e+17	3.86725e+17	4.6407e+17	5.41416e+17	6.18761e+17	6.96106e+17	7.61527e+17	7.6951e+17	1.04334e+17	5.73775e+15	5.25103e+15	2.29786e+15	1.45388e+15	2.90775e+15	4.36163e+15	5.81551e+15	7.26938e+15	8.72326e+15	1.01771e+16	1.1631e+16	1.30849e+16	2.18096e+16	6.60978e+16	4.27356e+17	2.85863	2.80821	2.80821	2.80821	2.80821	2.80821	2.80821	2.80821	2.80821	2.80821	2.80821	2.80821	2.75945	2.23377	1.77109	
140559	6.86577e+17	2.79351e+17	1.22245e+17	7.73453e+16	1.54691e+17	2.32036e+17	3.09381e+17	3.86726e+17	4.64072e+17	5.41417e+17	6.18762e+17	6.96108e+17	7.61508e+17	7.6932e+17	1.04605e+17	5.73725e+15	5.25055e+15	2.29765e+15	1.45374e+15	2.90749e+15	4.36123e+15	5.81498e+15	7.26872e+15	8.72246e+15	1.01762e+16	1.163e+16	1.30837e+16	2.18213e+16	6.62149e+16	4.27307e+17	2.86113	2.81078	2.81078	2.81078	2.81078	2.81078	2.81078	2.81078	2.81078	2.81078	2.81078	2.81078	2.762	2.23477	1.77104	
140811	6.86578e+17	2.79352e+17	1.22245e+17	7.73455e+16	1.54691e+17	2.32037e+17	3.09382e+17	3.86728e+17	4.64073e+17	5.41419e+17	6.18764e+17	6.9611e+17	7.61489e+17	7.6913e+17	1.04874e+17	5.73676e+15	5.25007e+15	2.29744e+15	1.45361e+15	2.90722e+15	4.36084e+15	5.81445e+15	7.26806e+15	8.72167e+15	1.01753e+16	1.16289e+16	1.30825e+16	2.18331e+16	6.63321e+16	4.27259e+17	2.86362	2.81335	2.81335	2.81335	2.81335	2.81335	2.81335	2.81335	2.81335	2.81335	2.81335	2.81335	2.76454	2.23576	1.77099	
141062	6.86579e+17	2.79353e+17	1.22246e+17	7.73457e+16	1.54691e+17	2.32037e+17	3.09383e+17	3.86729e+17	4.64074e+17	5.4142e+17	6.18766e+17	6.96112e+17	7.61469e+17	7.6894e+17	1.05142e+17	5.73626e+15	5.2496e+15	2.29724e+15	1.45348e+15	2.90696e+15	4.36044e+15	5.81392e+15	7.2674e+15	8.72088e+15	1.01744e+16	1.16278e+16	1.30813e+16	2.18449e+16	6.64494e+16	4.2721e+17	2.86611	2.81591	2.81591	2.81591	2.81591	2.81591	2.81591	2.81591	2.81591	2.81591	2.81591	2.81591	2.76708	2.23676	1.77095	
141313	6.8658e+17	2.79354e+17	1.22246e+17	7.73459e+16	1.54692e+17	2.32038e+17	3.09384e+17	3.8673e+17	4.64076e+17	5.41422e+17	6.18768e+17	6.96113e+17	7.6145e+17	7.6875e+17	1.05408e+17	5.73576e+15	5.24912e+15	2.29703e+15	1.45335e+15	2.9067e+15	4.36005e+15	5.8134e+15	7.26675e+15	8.7201e+15	1.01734e+16	1.16268e+16	1.30801e+16	2.18567e+16	6.65668e+16	4.27162e+17	2.8686	2.81847	2.81847	2.81847	2.81847	2.81847	2.81847	2.81847	2.81847	2.81847	2.81847	2.81847	2.76962	2.23774	1.77092	
141565	6.86581e+17	2.79354e+17	1.22246e+17	7.73462e+16	1.54692e+17	2.32038e+17	3.09385e+17	3.86731e+17	4.64077e+17	5.41423e+17	6.18769e+17	6.96115e+17	7.61431e+17	7.68559e+17	1.05673e+17	5.73527e+15	5.24865e+15	2.29682e+15	1.45322e+15	2.90644e+15	4.35966e+15	5.81287e+15	7.26609e+15	8.71931e+15	1.01725e+16	1.16257e+16	1.3079e+16	2.18686e+16	6.66843e+16	4.27114e+17	2.87108	2.82102	2.82102	2.82102	2.82102	2.82102	2.82102	2.82102	2.82102	2.82102	2.82102	2.82102	2.77215	2.23873	1.77089	
141816	6.86582e+17	2.79355e+17	1.22247e+17	7.73464e+16	1.54693e+17	2.32039e+17	3.09386e+17	3.86732e+17	4.64078e+17	5.41425e+17	6.18771e+17	6.96117e+17	7.61412e+17	7.68368e+17	1.05936e+17	5.73478e+15	5.24818e+15	2.29662e+15	1.45309e+15	2.90618e+15	4.35927e+15	5.81235e+15	7.26544e+15	8.71853e+15	1.01716e+16	1.16247e+16	1.30778e+16	2.18805e+16	6.68019e+16	4.27066e+17	2.87356	2.82357	2.82357	2.82357	2.82357	2.82357	2.82357	2.82357	2.82357	2.82357	2.82357	2.82357	2.77468	2.23972	1.77087	
142068	6.86583e+17	2.79356e+17	1.22247e+17	7.73466e+16	1.54693e+17	2.3204e+17	3.09386e+17	3.86733e+17	4.6408e+17	5.41426e+17	6.18773e+17	6.96119e+17	7.61392e+17	7.68178e+17	1.06197e+17	5.73429e+15	5.24771e+15	2.29641e+15	1.45296e+15	2.90592e+15	4.35888e+15	5.81183e+15	7.26479e+15	8.71775e+15	1.01707e+16	1.16237e+16	1.30766e+16	2.18924e+16	6.69197e+16	4.27018e+17	2.87604	2.82612	2.82612	2.82612	2.82612	2.82612	2.82612	2.82612	2.82612	2.82612	2.82612	2.82612	2.7772	2.2407	1.77086	
142319	6.86584e+17	2.79357e+17	1.22247e+17	7.73468e+16	1.54694e+17	2.3204e+17	3.09387e+17	3.86734e+17	4.64081e+17	5.41428e+17	6.18774e+17	6.96121e+17	7.61373e+17	7.67986e+17	1.06458e+17	5.7338e+15	5.24724e+15	2.29621e+15	1.45283e+15	2.90566e+15	4.35849e+15	5.81131e+15	7.26414e+15	8.71697e+15	1.01698e+16	1.16226e+16	1.30755e+16	2.19043e+16	6.70376e+16	4.2697e+17	2.87852	2.82867	2.82867	2.82867	2.82867	2.82867	2.82867	2.82867	2.82867	2.82867	2.82867	2.82867	2.77973	2.24167	1.77085	
142570	6.86585e+17	2.79357e+17	1.22248e+17	7.7347e+16	1.54694e+17	2.32041e+17	3.09388e+17	3.86735e+17	4.64082e+17	5.41429e+17	6.18776e+17	6.96123e+17	7.61354e+17	7.67795e+17	1.06716e+17	5.73331e+15	5.24678e+15	2.296e+15	1.4527e+15	2.9054e+15	4.3581e+15	5.8108e+15	7.2635e+15	8.7162e+15	1.01689e+16	1.16216e+16	1.30743e+16	2.19162e+16	6.71555e+16	4.26923e+17	2.88099	2.83121	2.83121	2.83121	2.83121	2.83121	2.83121	2.83121	2.83121	2.83121	2.83121	2.83121	2.78225	2.24265	1.77085	
142822	6.86586e+17	2.79358e+17	1.22248e+17	7.73472e+16	1.54694e+17	2.32042e+17	3.09389e+17	3.86736e+17	4.64083e+17	5.41431e+17	6.18778e+17	6.96125e+17	7.61334e+17	7.67604e+17	1.06974e+17	5.73282e+15	5.24631e+15	2.2958e+15	1.45257e+15	2.90514e+15	4.35771e+15	5.81028e+15	7.26285e+15	8.71542e+15	1.0168e+16	1.16206e+16	1.30731e+16	2.19282e+16	6.72736e+16	4.26875e+17	2.88346	2.83374	2.83374	2.83374	2.83374	2.83374	2.83374	2.83374	2.83374	2.83374	2.83374	2.83374	2.78476	2.24362	1.77085	
143073	6.86587e+17	2.79359e+17	1.22248e+17	7.73474e+16	1.54695e+17	2.32042e+17	3.0939e+17	3.86737e+17	4.64085e+17	5.41432e+17	6.1878e+17	6.96127e+17	7.61315e+17	7.67412e+17	1.07229e+17	5.73234e+15	5.24585e+15	2.2956e+15	1.45244e+15	2.90488e+15	4.35733e+15	5.80977e+15	7.26221e+15	8.71465e+15	1.01671e+16	1.16195e+16	1.3072e+16	2.19402e+16	6.73919e+16	4.26828e+17	2.88592	2.83628	2.83628	2.83628	2.83628	2.83628	2.83628	2.83628	2.83628	2.83628	2.83628	2.83628	2.78727	2.24459	1.77086	
143325	6.86588e+17	2.7936e+17	1.22249e+17	7.73477e+16	1.54695e+17	2.32043e+17	3.09391e+17	3.86738e+17	4.64086e+17	5.41434e+17	6.18781e+17	6.96129e+17	7.61295e+17	7.6722e+17	1.07484e+17	5.73186e+15	5.24538e+15	2.29539e+15	1.45231e+15	2.90463e+15	4.35694e+15	5.80926e+15	7.26157e+15	8.71388e+15	1.01662e+16	1.16185e+16	1.30708e+16	2.19522e+16	6.75103e+16	4.26781e+17	2.88838	2.83881	2.83881	2.83881	2.83881	2.83881	2.83881	2.83881	2.83881	2.83881	2.83881	2.83881	2.78978	2.24556	1.77088	
143576	6.86589e+17	2.79361e+17	1.22249e+17	7.73479e+16	1.54696e+17	2.32044e+17	3.09391e+17	3.86739e+17	4.64087e+17	5.41435e+17	6.18783e+17	6.96131e+17	7.61276e+17	7.67028e+17	1.07736e+17	5.73137e+15	5.24492e+15	2.29519e+15	1.45219e+15	2.90437e+15	4.35656e+15	5.80875e+15	7.26093e+15	8.71312e+15	1.01653e+16	1.16175e+16	1.30697e+16	2.19642e+16	6.76289e+16	4.26734e+17	2.89084	2.84134	2.84134	2.84134	2.84134	2.84134	2.84134	2.84134	2.84134	2.84134	2.84134	2.84134	2.79228	2.24652	1.7709	
143827	6.8659e+17	2.79361e+17	1.22249e+17	7.73481e+16	1.54696e+17	2.32044e+17	3.09392e+17	3.8674e+17	4.64088e+17	5.41437e+17	6.18785e+17	6.96133e+17	7.61256e+17	7.66835e+17	1.07987e+17	5.73089e+15	5.24446e+15	2.29499e+15	1.45206e+15	2.90412e+15	4.35618e+15	5.80824e+15	7.2603e+15	8.71235e+15	1.01644e+16	1.16165e+16	1.30685e+16	2.19763e+16	6.77476e+16	4.26687e+17	2.8933	2.84386	2.84386	2.84386	2.84386	2.84386	2.84386	2.84386	2.84386	2.84386	2.84386	2.84386	2.79479	2.24748	1.77093	
144079	6.86591e+17	2.79362e+17	1.2225e+17	7.73483e+16	1.54697e+17	2.32045e+17	3.09393e+17	3.86741e+17	4.6409e+17	5.41438e+17	6.18786e+17	6.96135e+17	7.61236e+17	7.66642e+17	1.08237e+17	5.73041e+15	5.244e+15	2.29479e+15	1.45193e+15	2.90386e+15	4.3558e+15	5.80773e+15	7.25966e+15	8.71159e+15	1.01635e+16	1.16155e+16	1.30674e+16	2.19883e+16	6.78666e+16	4.2664e+17	2.89575	2.84638	2.84638	2.84638	2.84638	2.84638	2.84638	2.84638	2.84638	2.84638	2.84638	2.84638	2.79728	2.24844	1.77096	
144330	6.86592e+17	2.79363e+17	1.2225e+17	7.73485e+16	1.54697e+17	2.32045e+17	3.09394e+17	3.86742e+17	4.64091e+17	5.41439e+17	6.18788e+17	6.96136e+17	7.61217e+17	7.66449e+17	1.08485e+17	5.72993e+15	5.24355e+15	2.29459e+15	1.45181e+15	2.90361e+15	4.35542e+15	5.80722e+15	7.25903e+15	8.71083e+15	1.01626e+16	1.16144e+16	1.30662e+16	2.20004e+16	6.79856e+16	4.26594e+17	2.8982	2.8489	2.8489	2.8489	2.8489	2.8489	2.8489	2.8489	2.8489	2.8489	2.8489	2.8489	2.79978	2.24939	1.771	
144582	6.86593e+17	2.79364e+17	1.2225e+17	7.73487e+16	1.54697e+17	2.32046e+17	3.09395e+17	3.86744e+17	4.64092e+17	5.41441e+17	6.1879e+17	6.96138e+17	7.61197e+17	7.66256e+17	1.08732e+17	5.72946e+15	5.24309e+15	2.29439e+15	1.45168e+15	2.90336e+15	4.35504e+15	5.80672e+15	7.2584e+15	8.71007e+15	1.01618e+16	1.16134e+16	1.30651e+16	2.20126e+16	6.81049e+16	4.26548e+17	2.90065	2.85142	2.85142	2.85142	2.85142	2.85142	2.85142	2.85142	2.85142	2.85142	2.85142	2.85142	2.80227	2.25035	1.77104	
144833	6.86594e+17	2.79364e+17	1.22251e+17	7.73489e+16	1.54698e+17	2.32047e+17	3.09396e+17	3.86745e+17	4.64093e+17	5.41442e+17	6.18791e+17	6.9614e+17	7.61177e+17	7.66062e+17	1.08977e+17	5.72898e+15	5.24264e+15	2.29419e+15	1.45155e+15	2.90311e+15	4.35466e+15	5.80621e+15	7.25777e+15	8.70932e+15	1.01609e+16	1.16124e+16	1.3064e+16	2.20248e+16	6.82244e+16	4.26501e+17	2.9031	2.85393	2.85393	2.85393	2.85393	2.85393	2.85393	2.85393	2.85393	2.85393	2.85393	2.85393	2.80476	2.2513	1.77109	
145084	6.86594e+17	2.79365e+17	1.22251e+17	7.73491e+16	1.54698e+17	2.32047e+17	3.09396e+17	3.86746e+17	4.64095e+17	5.41444e+17	6.18793e+17	6.96142e+17	7.61157e+17	7.65868e+17	1.09221e+17	5.72851e+15	5.24218e+15	2.29399e+15	1.45143e+15	2.90286e+15	4.35428e+15	5.80571e+15	7.25714e+15	8.70857e+15	1.016e+16	1.16114e+16	1.30628e+16	2.20369e+16	6.83441e+16	4.26455e+17	2.90554	2.85644	2.85644	2.85644	2.85644	2.85644	2.85644	2.85644	2.85644	2.85644	2.85644	2.85644	2.80724	2.25225	1.77115	
145336	6.86595e+17	2.79366e+17	1.22251e+17	7.73493e+16	1.54699e+17	2.32048e+17	3.09397e+17	3.86747e+17	4.64096e+17	5.41445e+17	6.18795e+17	6.96144e+17	7.61137e+17	7.65674e+17	1.09463e+17	5.72803e+15	5.24173e+15	2.29379e+15	1.4513e+15	2.90261e+15	4.35391e+15	5.80521e+15	7.25651e+15	8.70782e+15	1.01591e+16	1.16104e+16	1.30617e+16	2.20492e+16	6.84639e+16	4.2641e+17	2.90797	2.85894	2.85894	2.85894	2.85894	2.85894	2.85894	2.85894	2.85894	2.85894	2.85894	2.85894	2.80972	2.25319	1.77121	
145587	6.86596e+17	2.79367e+17	1.22252e+17	7.73495e+16	1.54699e+17	2.32049e+17	3.09398e+17	3.86748e+17	4.64097e+17	5.41447e+17	6.18796e+17	6.96146e+17	7.61118e+17	7.65479e+17	1.09703e+17	5.72756e+15	5.24128e+15	2.2936e+15	1.45118e+15	2.90236e+15	4.35353e+15	5.80471e+15	7.25589e+15	8.70707e+15	1.01582e+16	1.16094e+16	1.30606e+16	2.20614e+16	6.8584e+16	4.26364e+17	2.91041	2.86144	2.86144	2.86144	2.86144	2.86144	2.86144	2.86144	2.86144	2.86144	2.86144	2.86144	2.8122	2.25414	1.77127	
145839	6.86597e+17	2.79367e+17	1.22252e+17	7.73497e+16	1.54699e+17	2.32049e+17	3.09399e+17	3.86749e+17	4.64098e+17	5.41448e+17	6.18798e+17	6.96148e+17	7.61098e+17	7.65284e+17	1.09942e+17	5.72709e+15	5.24083e+15	2.2934e+15	1.45105e+15	2.90211e+15	4.35316e+15	5.80421e+15	7.25527e+15	8.70632e+15	1.01574e+16	1.16084e+16	1.30595e+16	2.20737e+16	6.87044e+16	4.26319e+17	2.91284	2.86394	2.86394	2.86394	2.86394	2.86394	2.86394	2.86394	2.86394	2.86394	2.86394	2.86394	2.81467	2.25508	1.77134	
146090	6.86598e+17	2.79368e+17	1.22252e+17	7.73499e+16	1.547e+17	2.3205e+17	3.094e+17	3.8675e+17	4.641e+17	5.4145e+17	6.188e+17	6.96149e+17	7.61078e+17	7.65088e+17	1.1018e+17	5.72662e+15	5.24038e+15	2.2932e+15	1.45093e+15	2.90186e+15	4.35279e+15	5.80372e+15	7.25465e+15	8.70558e+15	1.01565e+16	1.16074e+16	1.30584e+16	2.2086e+16	6.88249e+16	4.26273e+17	2.91527	2.86644	2.86644	2.86644	2.86644	2.86644	2.86644	2.86644	2.86644	2.86644	2.86644	2.86644	2.81714	2.25602	1.77142	
146342	6.86599e+17	2.79369e+17	1.22252e+17	7.73501e+16	1.547e+17	2.3205e+17	3.09401e+17	3.86751e+17	4.64101e+17	5.41451e+17	6.18801e+17	6.96151e+17	7.61057e+17	7.64892e+17	1.10416e+17	5.72615e+15	5.23993e+15	2.29301e+15	1.45081e+15	2.90161e+15	4.35242e+15	5.80322e+15	7.25403e+15	8.70483e+15	1.01556e+16	1.16064e+16	1.30572e+16	2.20984e+16	6.89457e+16	4.26228e+17	2.9177	2.86893	2.86893	2.86893	2.86893	2.86893	2.86893	2.86893	2.86893	2.86893	2.86893	2.86893	2.81961	2.25696	1.7715	
146593	6.866e+17	2.79369e+17	1.22253e+17	7.73504e+16	1.54701e+17	2.32051e+17	3.09401e+17	3.86752e+17	4.64102e+17	5.41452e+17	6.18803e+17	6.96153e+17	7.61037e+17	7.64696e+17	1.1065e+17	5.72569e+15	5.23949e+15	2.29281e+15	1.45068e+15	2.90136e+15	4.35205e+15	5.80273e+15	7.25341e+15	8.70409e+15	1.01548e+16	1.16055e+16	1.30561e+16	2.21107e+16	6.90667e+16	4.26183e+17	2.92012	2.87142	2.87142	2.87142	2.87142	2.87142	2.87142	2.87142	2.87142	2.87142	2.87142	2.87142	2.82207	2.25789	1.77159	
146844	6.86601e+17	2.7937e+17	1.22253e+17	7.73506e+16	1.54701e+17	2.32052e+17	3.09402e+17	3.86753e+17	4.64103e+17	5.41454e+17	6.18804e+17	6.96155e+17	7.61017e+17	7.64499e+17	1.10883e+17	5.72522e+15	5.23904e+15	2.29262e+15	1.45056e+15	2.90112e+15	4.35168e+15	5.80224e+15	7.2528e+15	8.70335e+15	1.01539e+16	1.16045e+16	1.3055e+16	2.21231e+16	6.9188e+16	4.26139e+17	2.92254	2.8739	2.8739	2.8739	2.8739	2.8739	2.8739	2.8739	2.8739	2.8739	2.8739	2.8739	2.82453	2.25883	1.77168	
147096	6.86602e+17	2.79371e+17	1.22253e+17	7.73508e+16	1.54702e+17	2.32052e+17	3.09403e+17	3.86754e+17	4.64105e+17	5.41455e+17	6.18806e+17	6.96157e+17	7.60997e+17	7.64302e+17	1.11114e+17	5.72476e+15	5.2386e+15	2.29243e+15	1.45044e+15	2.90087e+15	4.35131e+15	5.80175e+15	7.25218e+15	8.70262e+15	1.01531e+16	1.16035e+16	1.30539e+16	2.21356e+16	6.93095e+16	4.26094e+17	2.92496	2.87638	2.87638	2.87638	2.87638	2.87638	2.87638	2.87638	2.87638	2.87638	2.87638	2.87638	2.82698	2.25976	1.77177	
147347	6.86603e+17	2.79372e+17	1.22254e+17	7.7351e+16	1.54702e+17	2.32053e+17	3.09404e+17	3.86755e+17	4.64106e+17	5.41457e+17	6.18808e+17	6.96159e+17	7.60977e+17	7.64105e+17	1.11344e+17	5.72429e+15	5.23816e+15	2.29223e+15	1.45031e+15	2.90063e+15	4.35094e+15	5.80126e+15	7.25157e+15	8.70188e+15	1.01522e+16	1.16025e+16	1.30528e+16	2.2148e+16	6.94313e+16	4.2605e+17	2.92737	2.87886	2.87886	2.87886	2.87886	2.87886	2.87886	2.87886	2.87886	2.87886	2.87886	2.87886	2.82944	2.26069	1.77188	
147599	6.86604e+17	2.79372e+17	1.22254e+17	7.73512e+16	1.54702e+17	2.32053e+17	3.09405e+17	3.86756e+17	4.64107e+17	5.41458e+17	6.18809e+17	6.9616e+17	7.60956e+17	7.63907e+17	1.11572e+17	5.72383e+15	5.23772e+15	2.29204e+15	1.45019e+15	2.90038e+15	4.35058e+15	5.80077e+15	7.25096e+15	8.70115e+15	1.01513e+16	1.16015e+16	1.30517e+16	2.21605e+16	6.95534e+16	4.26006e+17	2.92978	2.88134	2.88134	2.88134	2.88134	2.88134	2.88134	2.88134	2.88134	2.88134	2.88134	2.88134	2.83189	2.26161	1.77198	
147850	6.86604e+17	2.79373e+17	1.22254e+17	7.73514e+16	1.54703e+17	2.32054e+17	3.09405e+17	3.86757e+17	4.64108e+17	5.4146e+17	6.18811e+17	6.96162e+17	7.60936e+17	7.63708e+17	1.11799e+17	5.72337e+15	5.23728e+15	2.29185e+15	1.45007e+15	2.90014e+15	4.35021e+15	5.80028e+15	7.25035e+15	8.70042e+15	1.01505e+16	1.16006e+16	1.30506e+16	2.2173e+16	6.96756e+16	4.25962e+17	2.93219	2.88381	2.88381	2.88381	2.88381	2.88381	2.88381	2.88381	2.88381	2.88381	2.88381	2.88381	2.83433	2.26254	1.77209	
148101	6.86605e+17	2.79374e+17	1.22255e+17	7.73516e+16	1.54703e+17	2.32055e+17	3.09406e+17	3.86758e+17	4.64109e+17	5.41461e+17	6.18813e+17	6.96164e+17	7.60916e+17	7.63509e+17	1.12024e+17	5.72291e+15	5.23684e+15	2.29166e+15	1.44995e+15	2.8999e+15	4.34985e+15	5.7998e+15	7.24975e+15	8.69969e+15	1.01496e+16	1.15996e+16	1.30495e+16	2.21856e+16	6.97983e+16	4.25918e+17	2.9346	2.88628	2.88628	2.88628	2.88628	2.88628	2.88628	2.88628	2.88628	2.88628	2.88628	2.88628	2.83678	2.26346	1.77221	
148353	6.86606e+17	2.79375e+17	1.22255e+17	7.73518e+16	1.54704e+17	2.32055e+17	3.09407e+17	3.86759e+17	4.64111e+17	5.41462e+17	6.18814e+17	6.96166e+17	7.60895e+17	7.6331e+17	1.12248e+17	5.72246e+15	5.2364e+15	2.29146e+15	1.44983e+15	2.89966e+15	4.34948e+15	5.79931e+15	7.24914e+15	8.69897e+15	1.01488e+16	1.15986e+16	1.30485e+16	2.21982e+16	6.99212e+16	4.25875e+17	2.937	2.88875	2.88875	2.88875	2.88875	2.88875	2.88875	2.88875	2.88875	2.88875	2.88875	2.88875	2.83922	2.26438	1.77233	
148604	6.86607e+17	2.79375e+17	1.22255e+17	7.7352e+16	1.54704e+17	2.32056e+17	3.09408e+17	3.8676e+17	4.64112e+17	5.41464e+17	6.18816e+17	6.96168e+17	7.60875e+17	7.6311e+17	1.1247e+17	5.722e+15	5.23597e+15	2.29127e+15	1.44971e+15	2.89942e+15	4.34912e+15	5.79883e+15	7.24854e+15	8.69825e+15	1.0148e+16	1.15977e+16	1.30474e+16	2.22108e+16	7.00444e+16	4.25831e+17	2.9394	2.89121	2.89121	2.89121	2.89121	2.89121	2.89121	2.89121	2.89121	2.89121	2.89121	2.89121	2.84165	2.2653	1.77246	
148856	6.86608e+17	2.79376e+17	1.22256e+17	7.73522e+16	1.54704e+17	2.32056e+17	3.09409e+17	3.86761e+17	4.64113e+17	5.41465e+17	6.18817e+17	6.96169e+17	7.60854e+17	7.6291e+17	1.1269e+17	5.72154e+15	5.23553e+15	2.29108e+15	1.44959e+15	2.89917e+15	4.34876e+15	5.79835e+15	7.24794e+15	8.69752e+15	1.01471e+16	1.15967e+16	1.30463e+16	2.22235e+16	7.01679e+16	4.25788e+17	2.94179	2.89367	2.89367	2.89367	2.89367	2.89367	2.89367	2.89367	2.89367	2.89367	2.89367	2.89367	2.84408	2.26622	1.77259	
149107	6.86609e+17	2.79377e+17	1.22256e+17	7.73524e+16	1.54705e+17	2.32057e+17	3.09409e+17	3.86762e+17	4.64114e+17	5.41467e+17	6.18819e+17	6.96171e+17	7.60833e+17	7.62709e+17	1.12909e+17	5.72109e+15	5.2351e+15	2.29089e+15	1.44947e+15	2.89893e+15	4.3484e+15	5.79787e+15	7.24734e+15	8.6968e+15	1.01463e+16	1.15957e+16	1.30452e+16	2.22362e+16	7.02917e+16	4.25746e+17	2.94419	2.89613	2.89613	2.89613	2.89613	2.89613	2.89613	2.89613	2.89613	2.89613	2.89613	2.89613	2.84651	2.26714	1.77272	
149359	6.8661e+17	2.79377e+17	1.22256e+17	7.73526e+16	1.54705e+17	2.32058e+17	3.0941e+17	3.86763e+17	4.64115e+17	5.41468e+17	6.1882e+17	6.96173e+17	7.60813e+17	7.62507e+17	1.13126e+17	5.72064e+15	5.23467e+15	2.2907e+15	1.44935e+15	2.8987e+15	4.34804e+15	5.79739e+15	7.24674e+15	8.69609e+15	1.01454e+16	1.15948e+16	1.30441e+16	2.22489e+16	7.04159e+16	4.25703e+17	2.94658	2.89859	2.89859	2.89859	2.89859	2.89859	2.89859	2.89859	2.89859	2.89859	2.89859	2.89859	2.84894	2.26806	1.77286	
149610	6.86611e+17	2.79378e+17	1.22257e+17	7.73528e+16	1.54706e+17	2.32058e+17	3.09411e+17	3.86764e+17	4.64117e+17	5.41469e+17	6.18822e+17	6.96175e+17	7.60792e+17	7.62305e+17	1.13342e+17	5.72019e+15	5.23424e+15	2.29052e+15	1.44923e+15	2.89846e+15	4.34769e+15	5.79691e+15	7.24614e+15	8.69537e+15	1.01446e+16	1.15938e+16	1.30431e+16	2.22617e+16	7.05403e+16	4.2566e+17	2.94897	2.90104	2.90104	2.90104	2.90104	2.90104	2.90104	2.90104	2.90104	2.90104	2.90104	2.90104	2.85136	2.26897	1.77301	
149861	6.86612e+17	2.79379e+17	1.22257e+17	7.7353e+16	1.54706e+17	2.32059e+17	3.09412e+17	3.86765e+17	4.64118e+17	5.41471e+17	6.18824e+17	6.96177e+17	7.60771e+17	7.62103e+17	1.13556e+17	5.71974e+15	5.23381e+15	2.29033e+15	1.44911e+15	2.89822e+15	4.34733e+15	5.79644e+15	7.24555e+15	8.69466e+15	1.01438e+16	1.15929e+16	1.3042e+16	2.22745e+16	7.06651e+16	4.25618e+17	2.95135	2.90348	2.90348	2.90348	2.90348	2.90348	2.90348	2.90348	2.90348	2.90348	2.90348	2.90348	2.85378	2.26988	1.77316	
150113	6.86612e+17	2.7938e+17	1.22257e+17	7.73531e+16	1.54706e+17	2.32059e+17	3.09413e+17	3.86766e+17	4.64119e+17	5.41472e+17	6.18825e+17	6.96178e+17	7.6075e+17	7.619e+17	1.13769e+17	5.71929e+15	5.23338e+15	2.29014e+15	1.44899e+15	2.89798e+15	4.34697e+15	5.79596e+15	7.24495e+15	8.69395e+15	1.01429e+16	1.15919e+16	1.30409e+16	2.22874e+16	7.07902e+16	4.25576e+17	2.95373	2.90593	2.90593	2.90593	2.90593	2.90593	2.90593	2.90593	2.90593	2.90593	2.90593	2.90593	2.8562	2.27079	1.77331	
150364	6.86613e+17	2.7938e+17	1.22258e+17	7.73533e+16	1.54707e+17	2.3206e+17	3.09413e+17	3.86767e+17	4.6412e+17	5.41473e+17	6.18827e+17	6.9618e+17	7.60729e+17	7.61696e+17	1.1398e+17	5.71884e+15	5.23295e+15	2.28995e+15	1.44887e+15	2.89775e+15	4.34662e+15	5.79549e+15	7.24436e+15	8.69324e+15	1.01421e+16	1.1591e+16	1.30399e+16	2.23002e+16	7.09157e+16	4.25535e+17	2.95611	2.90837	2.90837	2.90837	2.90837	2.90837	2.90837	2.90837	2.90837	2.90837	2.90837	2.90837	2.85861	2.2717	1.77347	
150615	6.86614e+17	2.79381e+17	1.22258e+17	7.73535e+16	1.54707e+17	2.32061e+17	3.09414e+17	3.86768e+17	4.64121e+17	5.41475e+17	6.18828e+17	6.96182e+17	7.60708e+17	7.61492e+17	1.14189e+17	5.71839e+15	5.23253e+15	2.28977e+15	1.44875e+15	2.89751e+15	4.34626e+15	5.79502e+15	7.24377e+15	8.69253e+15	1.01413e+16	1.159e+16	1.30388e+16	2.23132e+16	7.10415e+16	4.25493e+17	2.95849	2.91081	2.91081	2.91081	2.91081	2.91081	2.91081	2.91081	2.91081	2.91081	2.91081	2.91081	2.86102	2.27261	1.77363	
150867	6.86615e+17	2.79382e+17	1.22258e+17	7.73537e+16	1.54707e+17	2.32061e+17	3.09415e+17	3.86769e+17	4.64122e+17	5.41476e+17	6.1883e+17	6.96184e+17	7.60687e+17	7.61287e+17	1.14397e+17	5.71795e+15	5.2321e+15	2.28958e+15	1.44864e+15	2.89727e+15	4.34591e+15	5.79455e+15	7.24319e+15	8.69182e+15	1.01405e+16	1.15891e+16	1.30377e+16	2.23261e+16	7.11676e+16	4.25452e+17	2.96086	2.91324	2.91324	2.91324	2.91324	2.91324	2.91324	2.91324	2.91324	2.91324	2.91324	2.91324	2.86343	2.27351	1.7738	
151118	6.86616e+17	2.79382e+17	1.22258e+17	7.73539e+16	1.54708e+17	2.32062e+17	3.09416e+17	3.8677e+17	4.64124e+17	5.41477e+17	6.18831e+17	6.96185e+17	7.60666e+17	7.61082e+17	1.14604e+17	5.7175e+15	5.23168e+15	2.2894e+15	1.44852e+15	2.89704e+15	4.34556e+15	5.79408e+15	7.2426e+15	8.69112e+15	1.01396e+16	1.15882e+16	1.30367e+16	2.23391e+16	7.12942e+16	4.25411e+17	2.96323	2.91568	2.91568	2.91568	2.91568	2.91568	2.91568	2.91568	2.91568	2.91568	2.91568	2.91568	2.86583	2.27442	1.77397	
151370	6.86617e+17	2.79383e+17	1.22259e+17	7.73541e+16	1.54708e+17	2.32062e+17	3.09416e+17	3.86771e+17	4.64125e+17	5.41479e+17	6.18833e+17	6.96187e+17	7.60645e+17	7.60876e+17	1.14808e+17	5.71706e+15	5.23126e+15	2.28921e+15	1.4484e+15	2.89681e+15	4.34521e+15	5.79361e+15	7.24201e+15	8.69042e+15	1.01388e+16	1.15872e+16	1.30356e+16	2.23521e+16	7.1421e+16	4.2537e+17	2.9656	2.91811	2.91811	2.91811	2.91811	2.91811	2.91811	2.91811	2.91811	2.91811	2.91811	2.91811	2.86823	2.27532	1.77415	
151621	6.86618e+17	2.79384e+17	1.22259e+17	7.73543e+16	1.54709e+17	2.32063e+17	3.09417e+17	3.86772e+17	4.64126e+17	5.4148e+17	6.18834e+17	6.96189e+17	7.60624e+17	7.60669e+17	1.15012e+17	5.71662e+15	5.23084e+15	2.28903e+15	1.44829e+15	2.89657e+15	4.34486e+15	5.79314e+15	7.24143e+15	8.68972e+15	1.0138e+16	1.15863e+16	1.30346e+16	2.23652e+16	7.15483e+16	4.25329e+17	2.96796	2.92053	2.92053	2.92053	2.92053	2.92053	2.92053	2.92053	2.92053	2.92053	2.92053	2.92053	2.87062	2.27622	1.77433	
151872	6.86619e+17	2.79384e+17	1.22259e+17	7.73545e+16	1.54709e+17	2.32064e+17	3.09418e+17	3.86773e+17	4.64127e+17	5.41482e+17	6.18836e+17	6.96191e+17	7.60602e+17	7.60462e+17	1.15213e+17	5.71617e+15	5.23042e+15	2.28884e+15	1.44817e+15	2.89634e+15	4.34451e+15	5.79268e+15	7.24085e+15	8.68902e+15	1.01372e+16	1.15854e+16	1.30335e+16	2.23783e+16	7.16759e+16	4.25289e+17	2.97032	2.92296	2.92296	2.92296	2.92296	2.92296	2.92296	2.92296	2.92296	2.92296	2.92296	2.92296	2.87302	2.27712	1.77451	
152124	6.86619e+17	2.79385e+17	1.2226e+17	7.73547e+16	1.54709e+17	2.32064e+17	3.09419e+17	3.86773e+17	4.64128e+17	5.41483e+17	6.18838e+17	6.96192e+17	7.60581e+17	7.60254e+17	1.15413e+17	5.71573e+15	5.23e+15	2.28866e+15	1.44805e+15	2.89611e+15	4.34416e+15	5.79222e+15	7.24027e+15	8.68832e+15	1.01364e+16	1.15844e+16	1.30325e+16	2.23914e+16	7.1804e+16	4.25249e+17	2.97268	2.92538	2.92538	2.92538	2.92538	2.92538	2.92538	2.92538	2.92538	2.92538	2.92538	2.92538	2.87541	2.27802	1.7747	
152375	6.8662e+17	2.79386e+17	1.2226e+17	7.73549e+16	1.5471e+17	2.32065e+17	3.0942e+17	3.86774e+17	4.64129e+17	5.41484e+17	6.18839e+17	6.96194e+17	7.6056e+17	7.60046e+17	1.15612e+17	5.7153e+15	5.22958e+15	2.28848e+15	1.44794e+15	2.89588e+15	4.34381e+15	5.79175e+15	7.23969e+15	8.68763e+15	1.01356e+16	1.15835e+16	1.30314e+16	2.24046e+16	7.19323e+16	4.25209e+17	2.97504	2.92779	2.92779	2.92779	2.92779	2.92779	2.92779	2.92779	2.92779	2.92779	2.92779	2.92779	2.87779	2.27892	1.77489	
152626	6.86621e+17	2.79387e+17	1.2226e+17	7.73551e+16	1.5471e+17	2.32065e+17	3.0942e+17	3.86775e+17	4.6413e+17	5.41486e+17	6.18841e+17	6.96196e+17	7.60538e+17	7.59836e+17	1.15809e+17	5.71486e+15	5.22916e+15	2.28829e+15	1.44782e+15	2.89565e+15	4.34347e+15	5.79129e+15	7.23911e+15	8.68694e+15	1.01348e+16	1.15826e+16	1.30304e+16	2.24178e+16	7.20611e+16	4.2517e+17	2.97739	2.93021	2.93021	2.93021	2.93021	2.93021	2.93021	2.93021	2.93021	2.93021	2.93021	2.93021	2.88018	2.27982	1.77509	
152878	6.86622e+17	2.79387e+17	1.22261e+17	7.73553e+16	1.54711e+17	2.32066e+17	3.09421e+17	3.86776e+17	4.64132e+17	5.41487e+17	6.18842e+17	6.96197e+17	7.60517e+17	7.59627e+17	1.16004e+17	5.71442e+15	5.22875e+15	2.28811e+15	1.44771e+15	2.89542e+15	4.34312e+15	5.79083e+15	7.23854e+15	8.68625e+15	1.0134e+16	1.15817e+16	1.30294e+16	2.24311e+16	7.21904e+16	4.2513e+17	2.97974	2.93262	2.93262	2.93262	2.93262	2.93262	2.93262	2.93262	2.93262	2.93262	2.93262	2.93262	2.88256	2.28071	1.77529	
153129	6.86623e+17	2.79388e+17	1.22261e+17	7.73555e+16	1.54711e+17	2.32066e+17	3.09422e+17	3.86777e+17	4.64133e+17	5.41488e+17	6.18844e+17	6.96199e+17	7.60495e+17	7.59416e+17	1.16198e+17	5.71399e+15	5.22833e+15	2.28793e+15	1.44759e+15	2.89519e+15	4.34278e+15	5.79037e+15	7.23797e+15	8.68556e+15	1.01332e+16	1.15807e+16	1.30283e+16	2.24444e+16	7.23199e+16	4.25091e+17	2.98209	2.93503	2.93503	2.93503	2.93503	2.93503	2.93503	2.93503	2.93503	2.93503	2.93503	2.93503	2.88493	2.28161	1.77549	
153381	6.86624e+17	2.79389e+17	1.22261e+17	7.73556e+16	1.54711e+17	2.32067e+17	3.09423e+17	3.86778e+17	4.64134e+17	5.4149e+17	6.18845e+17	6.96201e+17	7.60473e+17	7.59205e+17	1.1639e+17	5.71355e+15	5.22792e+15	2.28775e+15	1.44748e+15	2.89496e+15	4.34244e+15	5.78991e+15	7.23739e+15	8.68487e+15	1.01324e+16	1.15798e+16	1.30273e+16	2.24577e+16	7.245e+16	4.25052e+17	2.98443	2.93743	2.93743	2.93743	2.93743	2.93743	2.93743	2.93743	2.93743	2.93743	2.93743	2.93743	2.88731	2.2825	1.7757	
153632	6.86624e+17	2.79389e+17	1.22261e+17	7.73558e+16	1.54712e+17	2.32068e+17	3.09423e+17	3.86779e+17	4.64135e+17	5.41491e+17	6.18847e+17	6.96203e+17	7.60452e+17	7.58993e+17	1.16581e+17	5.71312e+15	5.22751e+15	2.28757e+15	1.44736e+15	2.89473e+15	4.34209e+15	5.78946e+15	7.23682e+15	8.68419e+15	1.01316e+16	1.15789e+16	1.30263e+16	2.24711e+16	7.25804e+16	4.25014e+17	2.98677	2.93983	2.93983	2.93983	2.93983	2.93983	2.93983	2.93983	2.93983	2.93983	2.93983	2.93983	2.88968	2.28339	1.77592	
153883	6.86625e+17	2.7939e+17	1.22262e+17	7.7356e+16	1.54712e+17	2.32068e+17	3.09424e+17	3.8678e+17	4.64136e+17	5.41492e+17	6.18848e+17	6.96204e+17	7.6043e+17	7.58781e+17	1.1677e+17	5.71269e+15	5.2271e+15	2.28739e+15	1.44725e+15	2.8945e+15	4.34175e+15	5.789e+15	7.23625e+15	8.6835e+15	1.01308e+16	1.1578e+16	1.30253e+16	2.24845e+16	7.27113e+16	4.24975e+17	2.98911	2.94223	2.94223	2.94223	2.94223	2.94223	2.94223	2.94223	2.94223	2.94223	2.94223	2.94223	2.89205	2.28428	1.77613	
154134	6.86626e+17	2.79391e+17	1.22262e+17	7.73562e+16	1.54712e+17	2.32069e+17	3.09425e+17	3.86781e+17	4.64137e+17	5.41493e+17	6.1885e+17	6.96206e+17	7.60408e+17	7.58568e+17	1.16957e+17	5.71226e+15	5.22669e+15	2.28721e+15	1.44714e+15	2.89427e+15	4.34141e+15	5.78855e+15	7.23569e+15	8.68282e+15	1.013e+16	1.15771e+16	1.30242e+16	2.2498e+16	7.28425e+16	4.24937e+17	2.99144	2.94463	2.94463	2.94463	2.94463	2.94463	2.94463	2.94463	2.94463	2.94463	2.94463	2.94463	2.89441	2.28517	1.77635	
154386	6.86627e+17	2.79391e+17	1.22262e+17	7.73564e+16	1.54713e+17	2.32069e+17	3.09426e+17	3.86782e+17	4.64138e+17	5.41495e+17	6.18851e+17	6.96208e+17	7.60386e+17	7.58354e+17	1.17143e+17	5.71183e+15	5.22628e+15	2.28703e+15	1.44702e+15	2.89405e+15	4.34107e+15	5.7881e+15	7.23512e+15	8.68214e+15	1.01292e+16	1.15762e+16	1.30232e+16	2.25115e+16	7.29742e+16	4.24899e+17	2.99378	2.94702	2.94702	2.94702	2.94702	2.94702	2.94702	2.94702	2.94702	2.94702	2.94702	2.94702	2.89677	2.28606	1.77658	
154637	6.86628e+17	2.79392e+17	1.22263e+17	7.73566e+16	1.54713e+17	2.3207e+17	3.09426e+17	3.86783e+17	4.6414e+17	5.41496e+17	6.18853e+17	6.96209e+17	7.60364e+17	7.58139e+17	1.17327e+17	5.7114e+15	5.22587e+15	2.28685e+15	1.44691e+15	2.89382e+15	4.34073e+15	5.78764e+15	7.23456e+15	8.68147e+15	1.01284e+16	1.15753e+16	1.30222e+16	2.2525e+16	7.31064e+16	4.24862e+17	2.99611	2.94941	2.94941	2.94941	2.94941	2.94941	2.94941	2.94941	2.94941	2.94941	2.94941	2.94941	2.89913	2.28695	1.77681	
154888	6.86629e+17	2.79393e+17	1.22263e+17	7.73568e+16	1.54714e+17	2.3207e+17	3.09427e+17	3.86784e+17	4.64141e+17	5.41497e+17	6.18854e+17	6.96211e+17	7.60342e+17	7.57924e+17	1.1751e+17	5.71097e+15	5.22546e+15	2.28668e+15	1.4468e+15	2.8936e+15	4.3404e+15	5.78719e+15	7.23399e+15	8.68079e+15	1.01276e+16	1.15744e+16	1.30212e+16	2.25386e+16	7.3239e+16	4.24824e+17	2.99843	2.9518	2.9518	2.9518	2.9518	2.9518	2.9518	2.9518	2.9518	2.9518	2.9518	2.9518	2.90149	2.28784	1.77704	
155140	6.8663e+17	2.79393e+17	1.22263e+17	7.7357e+16	1.54714e+17	2.32071e+17	3.09428e+17	3.86785e+17	4.64142e+17	5.41499e+17	6.18856e+17	6.96213e+17	7.6032e+17	7.57707e+17	1.17691e+17	5.71054e+15	5.22506e+15	2.2865e+15	1.44669e+15	2.89337e+15	4.34006e+15	5.78675e+15	7.23343e+15	8.68012e+15	1.01268e+16	1.15735e+16	1.30202e+16	2.25522e+16	7.3372e+16	4.24787e+17	3.00075	2.95418	2.95418	2.95418	2.95418	2.95418	2.95418	2.95418	2.95418	2.95418	2.95418	2.95418	2.90384	2.28872	1.77728	
155391	6.8663e+17	2.79394e+17	1.22264e+17	7.73571e+16	1.54714e+17	2.32071e+17	3.09429e+17	3.86786e+17	4.64143e+17	5.415e+17	6.18857e+17	6.96214e+17	7.60298e+17	7.5749e+17	1.17871e+17	5.71012e+15	5.22465e+15	2.28632e+15	1.44657e+15	2.89315e+15	4.33972e+15	5.7863e+15	7.23287e+15	8.67945e+15	1.0126e+16	1.15726e+16	1.30192e+16	2.25658e+16	7.35055e+16	4.24751e+17	3.00307	2.95656	2.95656	2.95656	2.95656	2.95656	2.95656	2.95656	2.95656	2.95656	2.95656	2.95656	2.90619	2.28961	1.77752	
155642	6.86631e+17	2.79395e+17	1.22264e+17	7.73573e+16	1.54715e+17	2.32072e+17	3.09429e+17	3.86787e+17	4.64144e+17	5.41501e+17	6.18859e+17	6.96216e+17	7.60276e+17	7.57273e+17	1.18048e+17	5.70969e+15	5.22425e+15	2.28615e+15	1.44646e+15	2.89293e+15	4.33939e+15	5.78585e+15	7.23231e+15	8.67878e+15	1.01252e+16	1.15717e+16	1.30182e+16	2.25795e+16	7.36395e+16	4.24714e+17	3.00539	2.95894	2.95894	2.95894	2.95894	2.95894	2.95894	2.95894	2.95894	2.95894	2.95894	2.95894	2.90853	2.29049	1.77776	
155894	6.86632e+17	2.79395e+17	1.22264e+17	7.73575e+16	1.54715e+17	2.32073e+17	3.0943e+17	3.86788e+17	4.64145e+17	5.41503e+17	6.1886e+17	6.96218e+17	7.60253e+17	7.57054e+17	1.18225e+17	5.70927e+15	5.22385e+15	2.28597e+15	1.44635e+15	2.8927e+15	4.33905e+15	5.78541e+15	7.23176e+15	8.67811e+15	1.01245e+16	1.15708e+16	1.30172e+16	2.25933e+16	7.37739e+16	4.24678e+17	3.00771	2.96132	2.96132	2.96132	2.96132	2.96132	2.96132	2.96132	2.96132	2.96132	2.96132	2.96132	2.91088	2.29137	1.77801	
156145	6.86633e+17	2.79396e+17	1.22264e+17	7.73577e+16	1.54715e+17	2.32073e+17	3.09431e+17	3.86788e+17	4.64146e+17	5.41504e+17	6.18862e+17	6.96219e+17	7.60231e+17	7.56835e+17	1.184e+17	5.70885e+15	5.22345e+15	2.28579e+15	1.44624e+15	2.89248e+15	4.33872e+15	5.78496e+15	7.2312e+15	8.67744e+15	1.01237e+16	1.15699e+16	1.30162e+16	2.2607e+16	7.39088e+16	4.24642e+17	3.01002	2.96369	2.96369	2.96369	2.96369	2.96369	2.96369	2.96369	2.96369	2.96369	2.96369	2.96369	2.91322	2.29225	1.77826	
156396	6.86634e+17	2.79397e+17	1.22265e+17	7.73579e+16	1.54716e+17	2.32074e+17	3.09432e+17	3.86789e+17	4.64147e+17	5.41505e+17	6.18863e+17	6.96221e+17	7.60209e+17	7.56615e+17	1.18573e+17	5.70843e+15	5.22305e+15	2.28562e+15	1.44613e+15	2.89226e+15	4.33839e+15	5.78452e+15	7.23065e+15	8.67678e+15	1.01229e+16	1.1569e+16	1.30152e+16	2.26208e+16	7.40442e+16	4.24606e+17	3.01233	2.96606	2.96606	2.96606	2.96606	2.96606	2.96606	2.96606	2.96606	2.96606	2.96606	2.96606	2.91555	2.29313	1.77851	
156648	6.86634e+17	2.79397e+17	1.22265e+17	7.73581e+16	1.54716e+17	2.32074e+17	3.09432e+17	3.8679e+17	4.64148e+17	5.41506e+17	6.18864e+17	6.96223e+17	7.60186e+17	7.56395e+17	1.18745e+17	5.70801e+15	5.22265e+15	2.28544e+15	1.44602e+15	2.89204e+15	4.33806e+15	5.78408e+15	7.2301e+15	8.67611e+15	1.01221e+16	1.15682e+16	1.30142e+16	2.26347e+16	7.41799e+16	4.24571e+17	3.01463	2.96842	2.96842	2.96842	2.96842	2.96842	2.96842	2.96842	2.96842	2.96842	2.96842	2.96842	2.91788	2.29401	1.77877	
156899	6.86635e+17	2.79398e+17	1.22265e+17	7.73582e+16	1.54716e+17	2.32075e+17	3.09433e+17	3.86791e+17	4.64149e+17	5.41508e+17	6.18866e+17	6.96224e+17	7.60164e+17	7.56173e+17	1.18915e+17	5.70759e+15	5.22225e+15	2.28527e+15	1.44591e+15	2.89182e+15	4.33773e+15	5.78364e+15	7.22954e+15	8.67545e+15	1.01214e+16	1.15673e+16	1.30132e+16	2.26486e+16	7.43163e+16	4.24536e+17	3.01693	2.97079	2.97079	2.97079	2.97079	2.97079	2.97079	2.97079	2.97079	2.97079	2.97079	2.97079	2.92022	2.29489	1.77903	
157150	6.86636e+17	2.79399e+17	1.22266e+17	7.73584e+16	1.54717e+17	2.32075e+17	3.09434e+17	3.86792e+17	4.64151e+17	5.41509e+17	6.18867e+17	6.96226e+17	7.60141e+17	7.55951e+17	1.19083e+17	5.70717e+15	5.22185e+15	2.2851e+15	1.4458e+15	2.8916e+15	4.3374e+15	5.7832e+15	7.22899e+15	8.67479e+15	1.01206e+16	1.15664e+16	1.30122e+16	2.26625e+16	7.44531e+16	4.24501e+17	3.01923	2.97315	2.97315	2.97315	2.97315	2.97315	2.97315	2.97315	2.97315	2.97315	2.97315	2.97315	2.92254	2.29577	1.7793	
157401	6.86637e+17	2.79399e+17	1.22266e+17	7.73586e+16	1.54717e+17	2.32076e+17	3.09434e+17	3.86793e+17	4.64152e+17	5.4151e+17	6.18869e+17	6.96227e+17	7.60118e+17	7.55727e+17	1.1925e+17	5.70675e+15	5.22146e+15	2.28492e+15	1.44569e+15	2.89138e+15	4.33707e+15	5.78276e+15	7.22845e+15	8.67414e+15	1.01198e+16	1.15655e+16	1.30112e+16	2.26765e+16	7.45904e+16	4.24466e+17	3.02153	2.9755	2.9755	2.9755	2.9755	2.9755	2.9755	2.9755	2.9755	2.9755	2.9755	2.9755	2.92487	2.29664	1.77957	
157653	6.86638e+17	2.794e+17	1.22266e+17	7.73588e+16	1.54718e+17	2.32076e+17	3.09435e+17	3.86794e+17	4.64153e+17	5.41512e+17	6.1887e+17	6.96229e+17	7.60096e+17	7.55503e+17	1.19415e+17	5.70634e+15	5.22106e+15	2.28475e+15	1.44558e+15	2.89116e+15	4.33674e+15	5.78232e+15	7.2279e+15	8.67348e+15	1.01191e+16	1.15646e+16	1.30102e+16	2.26905e+16	7.47281e+16	4.24432e+17	3.02382	2.97786	2.97786	2.97786	2.97786	2.97786	2.97786	2.97786	2.97786	2.97786	2.97786	2.97786	2.92719	2.29752	1.77984	
157904	6.86639e+17	2.79401e+17	1.22266e+17	7.7359e+16	1.54718e+17	2.32077e+17	3.09436e+17	3.86795e+17	4.64154e+17	5.41513e+17	6.18872e+17	6.96231e+17	7.60073e+17	7.55279e+17	1.19579e+17	5.70592e+15	5.22067e+15	2.28458e+15	1.44547e+15	2.89094e+15	4.33641e+15	5.78188e+15	7.22735e+15	8.67283e+15	1.01183e+16	1.15638e+16	1.30092e+16	2.27045e+16	7.48665e+16	4.24398e+17	3.02611	2.98021	2.98021	2.98021	2.98021	2.98021	2.98021	2.98021	2.98021	2.98021	2.98021	2.98021	2.92951	2.29839	1.78011	
158155	6.86639e+17	2.79401e+17	1.22267e+17	7.73591e+16	1.54718e+17	2.32077e+17	3.09437e+17	3.86796e+17	4.64155e+17	5.41514e+17	6.18873e+17	6.96232e+17	7.6005e+17	7.55053e+17	1.19741e+17	5.70551e+15	5.22027e+15	2.28441e+15	1.44536e+15	2.89072e+15	4.33609e+15	5.78145e+15	7.22681e+15	8.67217e+15	1.01175e+16	1.15629e+16	1.30083e+16	2.27186e+16	7.50053e+16	4.24364e+17	3.0284	2.98256	2.98256	2.98256	2.98256	2.98256	2.98256	2.98256	2.98256	2.98256	2.98256	2.98256	2.93182	2.29927	1.78039	
158406	6.8664e+17	2.79402e+17	1.22267e+17	7.73593e+16	1.54719e+17	2.32078e+17	3.09437e+17	3.86797e+17	4.64156e+17	5.41515e+17	6.18875e+17	6.96234e+17	7.60027e+17	7.54826e+17	1.19902e+17	5.7051e+15	5.21988e+15	2.28423e+15	1.44525e+15	2.89051e+15	4.33576e+15	5.78101e+15	7.22627e+15	8.67152e+15	1.01168e+16	1.1562e+16	1.30073e+16	2.27328e+16	7.51445e+16	4.2433e+17	3.03069	2.9849	2.9849	2.9849	2.9849	2.9849	2.9849	2.9849	2.9849	2.9849	2.9849	2.9849	2.93413	2.30014	1.78068	
158658	6.86641e+17	2.79403e+17	1.22267e+17	7.73595e+16	1.54719e+17	2.32079e+17	3.09438e+17	3.86798e+17	4.64157e+17	5.41517e+17	6.18876e+17	6.96236e+17	7.60004e+17	7.54599e+17	1.20061e+17	5.70468e+15	5.21949e+15	2.28406e+15	1.44515e+15	2.89029e+15	4.33544e+15	5.78058e+15	7.22573e+15	8.67087e+15	1.0116e+16	1.15612e+16	1.30063e+16	2.27469e+16	7.52844e+16	4.24297e+17	3.03297	2.98724	2.98724	2.98724	2.98724	2.98724	2.98724	2.98724	2.98724	2.98724	2.98724	2.98724	2.93644	2.30101	1.78096	
158909	6.86642e+17	2.79403e+17	1.22268e+17	7.73597e+16	1.54719e+17	2.32079e+17	3.09439e+17	3.86798e+17	4.64158e+17	5.41518e+17	6.18877e+17	6.96237e+17	7.59981e+17	7.54371e+17	1.20219e+17	5.70427e+15	5.2191e+15	2.28389e+15	1.44504e+15	2.89008e+15	4.33511e+15	5.78015e+15	7.22519e+15	8.67023e+15	1.01153e+16	1.15603e+16	1.30053e+16	2.27611e+16	7.54247e+16	4.24264e+17	3.03525	2.98958	2.98958	2.98958	2.98958	2.98958	2.98958	2.98958	2.98958	2.98958	2.98958	2.98958	2.93875	2.30188	1.78125	
159160	6.86643e+17	2.79404e+17	1.22268e+17	7.73599e+16	1.5472e+17	2.3208e+17	3.09439e+17	3.86799e+17	4.64159e+17	5.41519e+17	6.18879e+17	6.96239e+17	7.59958e+17	7.54142e+17	1.20374e+17	5.70386e+15	5.21871e+15	2.28372e+15	1.44493e+15	2.88986e+15	4.33479e+15	5.77972e+15	7.22465e+15	8.66958e+15	1.01145e+16	1.15594e+16	1.30044e+16	2.27754e+16	7.55656e+16	4.24232e+17	3.03752	2.99192	2.99192	2.99192	2.99192	2.99192	2.99192	2.99192	2.99192	2.99192	2.99192	2.99192	2.94105	2.30275	1.78155	
159411	6.86643e+17	2.79404e+17	1.22268e+17	7.736e+16	1.5472e+17	2.3208e+17	3.0944e+17	3.868e+17	4.6416e+17	5.4152e+17	6.1888e+17	6.9624e+17	7.59935e+17	7.53912e+17	1.20529e+17	5.70346e+15	5.21833e+15	2.28355e+15	1.44482e+15	2.88965e+15	4.33447e+15	5.77929e+15	7.22411e+15	8.66894e+15	1.01138e+16	1.15586e+16	1.30034e+16	2.27897e+16	7.5707e+16	4.24199e+17	3.03979	2.99425	2.99425	2.99425	2.99425	2.99425	2.99425	2.99425	2.99425	2.99425	2.99425	2.99425	2.94335	2.30362	1.78184	
159662	6.86644e+17	2.79405e+17	1.22268e+17	7.73602e+16	1.5472e+17	2.32081e+17	3.09441e+17	3.86801e+17	4.64161e+17	5.41522e+17	6.18882e+17	6.96242e+17	7.59911e+17	7.53681e+17	1.20682e+17	5.70305e+15	5.21794e+15	2.28338e+15	1.44472e+15	2.88943e+15	4.33415e+15	5.77886e+15	7.22358e+15	8.66829e+15	1.0113e+16	1.15577e+16	1.30024e+16	2.2804e+16	7.58489e+16	4.24167e+17	3.04206	2.99658	2.99658	2.99658	2.99658	2.99658	2.99658	2.99658	2.99658	2.99658	2.99658	2.99658	2.94565	2.30449	1.78214	
159914	6.86645e+17	2.79406e+17	1.22269e+17	7.73604e+16	1.54721e+17	2.32081e+17	3.09442e+17	3.86802e+17	4.64162e+17	5.41523e+17	6.18883e+17	6.96244e+17	7.59888e+17	7.53449e+17	1.20833e+17	5.70264e+15	5.21755e+15	2.28321e+15	1.44461e+15	2.88922e+15	4.33383e+15	5.77843e+15	7.22304e+15	8.66765e+15	1.01123e+16	1.15569e+16	1.30015e+16	2.28184e+16	7.59914e+16	4.24135e+17	3.04433	2.99891	2.99891	2.99891	2.99891	2.99891	2.99891	2.99891	2.99891	2.99891	2.99891	2.99891	2.94794	2.30536	1.78244	
160165	6.86646e+17	2.79406e+17	1.22269e+17	7.73606e+16	1.54721e+17	2.32082e+17	3.09442e+17	3.86803e+17	4.64163e+17	5.41524e+17	6.18885e+17	6.96245e+17	7.59865e+17	7.53217e+17	1.20982e+17	5.70223e+15	5.21717e+15	2.28305e+15	1.4445e+15	2.889e+15	4.33351e+15	5.77801e+15	7.22251e+15	8.66701e+15	1.01115e+16	1.1556e+16	1.30005e+16	2.28327e+16	7.61343e+16	4.24104e+17	3.04659	3.00123	3.00123	3.00123	3.00123	3.00123	3.00123	3.00123	3.00123	3.00123	3.00123	3.00123	2.95023	2.30623	1.78275	
160416	6.86647e+17	2.79407e+17	1.22269e+17	7.73607e+16	1.54721e+17	2.32082e+17	3.09443e+17	3.86804e+17	4.64164e+17	5.41525e+17	6.18886e+17	6.96247e+17	7.59841e+17	7.52983e+17	1.21131e+17	5.70183e+15	5.21678e+15	2.28288e+15	1.4444e+15	2.88879e+15	4.33319e+15	5.77758e+15	7.22198e+15	8.66637e+15	1.01108e+16	1.15552e+16	1.29996e+16	2.28472e+16	7.62779e+16	4.24073e+17	3.04885	3.00356	3.00356	3.00356	3.00356	3.00356	3.00356	3.00356	3.00356	3.00356	3.00356	3.00356	2.95252	2.30709	1.78306	
160667	6.86647e+17	2.79408e+17	1.2227e+17	7.73609e+16	1.54722e+17	2.32083e+17	3.09444e+17	3.86805e+17	4.64166e+17	5.41526e+17	6.18887e+17	6.96248e+17	7.59818e+17	7.52749e+17	1.21277e+17	5.70143e+15	5.2164e+15	2.28271e+15	1.44429e+15	2.88858e+15	4.33287e+15	5.77716e+15	7.22145e+15	8.66574e+15	1.011e+16	1.15543e+16	1.29986e+16	2.28617e+16	7.6422e+16	4.24042e+17	3.05111	3.00587	3.00587	3.00587	3.00587	3.00587	3.00587	3.00587	3.00587	3.00587	3.00587	3.00587	2.95481	2.30796	1.78337	
160918	6.86648e+17	2.79408e+17	1.2227e+17	7.73611e+16	1.54722e+17	2.32083e+17	3.09444e+17	3.86805e+17	4.64167e+17	5.41528e+17	6.18889e+17	6.9625e+17	7.59794e+17	7.52513e+17	1.21422e+17	5.70102e+15	5.21602e+15	2.28254e+15	1.44418e+15	2.88837e+15	4.33255e+15	5.77674e+15	7.22092e+15	8.6651e+15	1.01093e+16	1.15535e+16	1.29977e+16	2.28762e+16	7.65667e+16	4.24011e+17	3.05337	3.00819	3.00819	3.00819	3.00819	3.00819	3.00819	3.00819	3.00819	3.00819	3.00819	3.00819	2.95709	2.30882	1.78369	
161169	6.86649e+17	2.79409e+17	1.2227e+17	7.73613e+16	1.54723e+17	2.32084e+17	3.09445e+17	3.86806e+17	4.64168e+17	5.41529e+17	6.1889e+17	6.96251e+17	7.59771e+17	7.52277e+17	1.21566e+17	5.70062e+15	5.21564e+15	2.28238e+15	1.44408e+15	2.88816e+15	4.33224e+15	5.77631e+15	7.22039e+15	8.66447e+15	1.01086e+16	1.15526e+16	1.29967e+16	2.28907e+16	7.67118e+16	4.23981e+17	3.05562	3.0105	3.0105	3.0105	3.0105	3.0105	3.0105	3.0105	3.0105	3.0105	3.0105	3.0105	2.95937	2.30968	1.78401	
161421	6.8665e+17	2.7941e+17	1.2227e+17	7.73614e+16	1.54723e+17	2.32084e+17	3.09446e+17	3.86807e+17	4.64169e+17	5.4153e+17	6.18892e+17	6.96253e+17	7.59747e+17	7.5204e+17	1.21707e+17	5.70022e+15	5.21526e+15	2.28221e+15	1.44397e+15	2.88795e+15	4.33192e+15	5.77589e+15	7.21987e+15	8.66384e+15	1.01078e+16	1.15518e+16	1.29958e+16	2.29053e+16	7.68576e+16	4.23951e+17	3.05787	3.01281	3.01281	3.01281	3.01281	3.01281	3.01281	3.01281	3.01281	3.01281	3.01281	3.01281	2.96164	2.31055	1.78433	
161672	6.8665e+17	2.7941e+17	1.22271e+17	7.73616e+16	1.54723e+17	2.32085e+17	3.09446e+17	3.86808e+17	4.6417e+17	5.41531e+17	6.18893e+17	6.96255e+17	7.59724e+17	7.51802e+17	1.21848e+17	5.69982e+15	5.21488e+15	2.28204e+15	1.44387e+15	2.88774e+15	4.33161e+15	5.77547e+15	7.21934e+15	8.66321e+15	1.01071e+16	1.15509e+16	1.29948e+16	2.29199e+16	7.7004e+16	4.23921e+17	3.06011	3.01512	3.01512	3.01512	3.01512	3.01512	3.01512	3.01512	3.01512	3.01512	3.01512	3.01512	2.96392	2.31141	1.78465	
161923	6.86651e+17	2.79411e+17	1.22271e+17	7.73618e+16	1.54724e+17	2.32085e+17	3.09447e+17	3.86809e+17	4.64171e+17	5.41533e+17	6.18894e+17	6.96256e+17	7.597e+17	7.51563e+17	1.21987e+17	5.69942e+15	5.2145e+15	2.28188e+15	1.44376e+15	2.88753e+15	4.33129e+15	5.77506e+15	7.21882e+15	8.66258e+15	1.01063e+16	1.15501e+16	1.29939e+16	2.29346e+16	7.71508e+16	4.23892e+17	3.06235	3.01742	3.01742	3.01742	3.01742	3.01742	3.01742	3.01742	3.01742	3.01742	3.01742	3.01742	2.96619	2.31227	1.78498	
162174	6.86652e+17	2.79411e+17	1.22271e+17	7.7362e+16	1.54724e+17	2.32086e+17	3.09448e+17	3.8681e+17	4.64172e+17	5.41534e+17	6.18896e+17	6.96258e+17	7.59676e+17	7.51323e+17	1.22124e+17	5.69902e+15	5.21412e+15	2.28171e+15	1.44366e+15	2.88732e+15	4.33098e+15	5.77464e+15	7.2183e+15	8.66196e+15	1.01056e+16	1.15493e+16	1.29929e+16	2.29493e+16	7.72983e+16	4.23863e+17	3.06459	3.01972	3.01972	3.01972	3.01972	3.01972	3.01972	3.01972	3.01972	3.01972	3.01972	3.01972	2.96846	2.31313	1.78531	
162425	6.86653e+17	2.79412e+17	1.22271e+17	7.73621e+16	1.54724e+17	2.32086e+17	3.09449e+17	3.86811e+17	4.64173e+17	5.41535e+17	6.18897e+17	6.96259e+17	7.59652e+17	7.51082e+17	1.2226e+17	5.69863e+15	5.21375e+15	2.28155e+15	1.44356e+15	2.88711e+15	4.33067e+15	5.77422e+15	7.21778e+15	8.66133e+15	1.01049e+16	1.15484e+16	1.2992e+16	2.2964e+16	7.74463e+16	4.23834e+17	3.06683	3.02202	3.02202	3.02202	3.02202	3.02202	3.02202	3.02202	3.02202	3.02202	3.02202	3.02202	2.97072	2.31399	1.78565	
162676	6.86654e+17	2.79413e+17	1.22272e+17	7.73623e+16	1.54725e+17	2.32087e+17	3.09449e+17	3.86812e+17	4.64174e+17	5.41536e+17	6.18898e+17	6.96261e+17	7.59628e+17	7.5084e+17	1.22394e+17	5.69823e+15	5.21337e+15	2.28139e+15	1.44345e+15	2.8869e+15	4.33035e+15	5.77381e+15	7.21726e+15	8.66071e+15	1.01042e+16	1.15476e+16	1.29911e+16	2.29788e+16	7.7595e+16	4.23805e+17	3.06906	3.02431	3.02431	3.02431	3.02431	3.02431	3.02431	3.02431	3.02431	3.02431	3.02431	3.02431	2.97298	2.31485	1.78599	
162927	6.86654e+17	2.79413e+17	1.22272e+17	7.73625e+16	1.54725e+17	2.32087e+17	3.0945e+17	3.86812e+17	4.64175e+17	5.41537e+17	6.189e+17	6.96262e+17	7.59604e+17	7.50597e+17	1.22526e+17	5.69783e+15	5.213e+15	2.28122e+15	1.44335e+15	2.8867e+15	4.33004e+15	5.77339e+15	7.21674e+15	8.66009e+15	1.01034e+16	1.15468e+16	1.29901e+16	2.29935e+16	7.77441e+16	4.23777e+17	3.07129	3.0266	3.0266	3.0266	3.0266	3.0266	3.0266	3.0266	3.0266	3.0266	3.0266	3.0266	2.97524	2.31571	1.78633	
163178	6.86655e+17	2.79414e+17	1.22272e+17	7.73626e+16	1.54725e+17	2.32088e+17	3.09451e+17	3.86813e+17	4.64176e+17	5.41539e+17	6.18901e+17	6.96264e+17	7.5958e+17	7.50353e+17	1.22658e+17	5.69744e+15	5.21263e+15	2.28106e+15	1.44324e+15	2.88649e+15	4.32973e+15	5.77298e+15	7.21622e+15	8.65947e+15	1.01027e+16	1.1546e+16	1.29892e+16	2.30084e+16	7.78939e+16	4.23749e+17	3.07352	3.02889	3.02889	3.02889	3.02889	3.02889	3.02889	3.02889	3.02889	3.02889	3.02889	3.02889	2.9775	2.31657	1.78667	
163429	6.86656e+17	2.79415e+17	1.22273e+17	7.73628e+16	1.54726e+17	2.32088e+17	3.09451e+17	3.86814e+17	4.64177e+17	5.4154e+17	6.18903e+17	6.96265e+17	7.59556e+17	7.50108e+17	1.22787e+17	5.69705e+15	5.21225e+15	2.2809e+15	1.44314e+15	2.88628e+15	4.32942e+15	5.77257e+15	7.21571e+15	8.65885e+15	1.0102e+16	1.15451e+16	1.29883e+16	2.30232e+16	7.80444e+16	4.23721e+17	3.07574	3.03117	3.03117	3.03117	3.03117	3.03117	3.03117	3.03117	3.03117	3.03117	3.03117	3.03117	2.97975	2.31742	1.78702	
163680	6.86657e+17	2.79415e+17	1.22273e+17	7.7363e+16	1.54726e+17	2.32089e+17	3.09452e+17	3.86815e+17	4.64178e+17	5.41541e+17	6.18904e+17	6.96267e+17	7.59532e+17	7.49862e+17	1.22915e+17	5.69665e+15	5.21188e+15	2.28073e+15	1.44304e+15	2.88608e+15	4.32912e+15	5.77215e+15	7.21519e+15	8.65823e+15	1.01013e+16	1.15443e+16	1.29873e+16	2.30381e+16	7.81953e+16	4.23694e+17	3.07796	3.03345	3.03345	3.03345	3.03345	3.03345	3.03345	3.03345	3.03345	3.03345	3.03345	3.03345	2.982	2.31828	1.78737	
163931	6.86657e+17	2.79416e+17	1.22273e+17	7.73632e+16	1.54726e+17	2.32089e+17	3.09453e+17	3.86816e+17	4.64179e+17	5.41542e+17	6.18905e+17	6.96268e+17	7.59508e+17	7.49616e+17	1.23042e+17	5.69626e+15	5.21151e+15	2.28057e+15	1.44294e+15	2.88587e+15	4.32881e+15	5.77174e+15	7.21468e+15	8.65761e+15	1.01006e+16	1.15435e+16	1.29864e+16	2.30531e+16	7.83469e+16	4.23667e+17	3.08018	3.03573	3.03573	3.03573	3.03573	3.03573	3.03573	3.03573	3.03573	3.03573	3.03573	3.03573	2.98425	2.31913	1.78772	
164182	6.86658e+17	2.79416e+17	1.22273e+17	7.73633e+16	1.54727e+17	2.3209e+17	3.09453e+17	3.86817e+17	4.6418e+17	5.41543e+17	6.18907e+17	6.9627e+17	7.59484e+17	7.49368e+17	1.23167e+17	5.69587e+15	5.21114e+15	2.28041e+15	1.44283e+15	2.88567e+15	4.3285e+15	5.77133e+15	7.21417e+15	8.657e+15	1.00998e+16	1.15427e+16	1.29855e+16	2.3068e+16	7.84991e+16	4.2364e+17	3.08239	3.03801	3.03801	3.03801	3.03801	3.03801	3.03801	3.03801	3.03801	3.03801	3.03801	3.03801	2.98649	2.31999	1.78808	
164434	6.86659e+17	2.79417e+17	1.22274e+17	7.73635e+16	1.54727e+17	2.3209e+17	3.09454e+17	3.86817e+17	4.64181e+17	5.41544e+17	6.18908e+17	6.96271e+17	7.59459e+17	7.49119e+17	1.2329e+17	5.69548e+15	5.21077e+15	2.28025e+15	1.44273e+15	2.88546e+15	4.32819e+15	5.77093e+15	7.21366e+15	8.65639e+15	1.00991e+16	1.15419e+16	1.29846e+16	2.3083e+16	7.86519e+16	4.23614e+17	3.0846	3.04028	3.04028	3.04028	3.04028	3.04028	3.04028	3.04028	3.04028	3.04028	3.04028	3.04028	2.98873	2.32084	1.78844	
164684	6.8666e+17	2.79418e+17	1.22274e+17	7.73637e+16	1.54727e+17	2.32091e+17	3.09455e+17	3.86818e+17	4.64182e+17	5.41546e+17	6.18909e+17	6.9627e+17	7.59432e+17	7.48869e+17	1.23413e+17	5.69509e+15	5.21041e+15	2.28009e+15	1.44263e+15	2.88526e+15	4.32789e+15	5.77052e+15	7.21315e+15	8.65578e+15	1.00984e+16	1.1541e+16	1.29836e+16	2.30979e+16	7.88052e+16	4.23588e+17	3.08681	3.04255	3.04255	3.04255	3.04255	3.04255	3.04255	3.04255	3.04255	3.04255	3.04255	3.04255	2.99096	2.3217	1.7888	
164936	6.8666e+17	2.79418e+17	1.22274e+17	7.73638e+16	1.54728e+17	2.32092e+17	3.09455e+17	3.86819e+17	4.64183e+17	5.41547e+17	6.18911e+17	6.9627e+17	7.59406e+17	7.48618e+17	1.23533e+17	5.69471e+15	5.21004e+15	2.27993e+15	1.44253e+15	2.88506e+15	4.32758e+15	5.77011e+15	7.21264e+15	8.65517e+15	1.00977e+16	1.15402e+16	1.29827e+16	2.31128e+16	7.89593e+16	4.23562e+17	3.08902	3.04482	3.04482	3.04482	3.04482	3.04482	3.04482	3.04482	3.04482	3.04482	3.04482	3.04481	2.99319	2.32255	1.78917	
165187	6.86661e+17	2.79419e+17	1.22274e+17	7.7364e+16	1.54728e+17	2.32092e+17	3.09456e+17	3.8682e+17	4.64184e+17	5.41548e+17	6.18912e+17	6.9627e+17	7.5938e+17	7.48366e+17	1.23652e+17	5.69432e+15	5.20967e+15	2.27977e+15	1.44243e+15	2.88485e+15	4.32728e+15	5.76971e+15	7.21213e+15	8.65456e+15	1.0097e+16	1.15394e+16	1.29817e+16	2.31277e+16	7.9114e+16	4.23536e+17	3.09122	3.04708	3.04708	3.04708	3.04708	3.04708	3.04708	3.04708	3.04708	3.04708	3.04708	3.04706	2.9954	2.3234	1.78953	
165438	6.86662e+17	2.79419e+17	1.22275e+17	7.73642e+16	1.54728e+17	2.32093e+17	3.09457e+17	3.86821e+17	4.64185e+17	5.41549e+17	6.18913e+17	6.9627e+17	7.59355e+17	7.48113e+17	1.23769e+17	5.69393e+15	5.20931e+15	2.27961e+15	1.44233e+15	2.88465e+15	4.32698e+15	5.7693e+15	7.21163e+15	8.65395e+15	1.00963e+16	1.15386e+16	1.29808e+16	2.31426e+16	7.92693e+16	4.23511e+17	3.09342	3.04934	3.04934	3.04934	3.04934	3.04934	3.04934	3.04934	3.04934	3.04934	3.04934	3.0493	2.99761	2.32425	1.78991	
165689	6.86663e+17	2.7942e+17	1.22275e+17	7.73643e+16	1.54729e+17	2.32093e+17	3.09457e+17	3.86822e+17	4.64186e+17	5.4155e+17	6.18915e+17	6.9627e+17	7.59329e+17	7.47859e+17	1.23885e+17	5.69355e+15	5.20894e+15	2.27945e+15	1.44222e+15	2.88445e+15	4.32667e+15	5.7689e+15	7.21112e+15	8.65335e+15	1.00956e+16	1.15378e+16	1.29799e+16	2.31576e+16	7.94253e+16	4.23486e+17	3.09561	3.0516	3.0516	3.0516	3.0516	3.0516	3.0516	3.0516	3.0516	3.0516	3.0516	3.05154	2.99981	2.3251	1.79028	
165940	6.86663e+17	2.79421e+17	1.22275e+17	7.73645e+16	1.54729e+17	2.32094e+17	3.09458e+17	3.86823e+17	4.64187e+17	5.41552e+17	6.18916e+17	6.9627e+17	7.59304e+17	7.47604e+17	1.24e+17	5.69316e+15	5.20858e+15	2.27929e+15	1.44212e+15	2.88425e+15	4.32637e+15	5.7685e+15	7.21062e+15	8.65274e+15	1.00949e+16	1.1537e+16	1.2979e+16	2.31725e+16	7.95819e+16	4.23461e+17	3.0978	3.05385	3.05385	3.05385	3.05385	3.05385	3.05385	3.05385	3.05385	3.05385	3.05385	3.05378	3.002	2.32595	1.79066	
166191	6.86664e+17	2.79421e+17	1.22275e+17	7.73647e+16	1.54729e+17	2.32094e+17	3.09459e+17	3.86823e+17	4.64188e+17	5.41553e+17	6.18917e+17	6.96271e+17	7.59278e+17	7.47347e+17	1.24112e+17	5.69278e+15	5.20822e+15	2.27913e+15	1.44202e+15	2.88405e+15	4.32607e+15	5.76809e+15	7.21012e+15	8.65214e+15	1.00942e+16	1.15362e+16	1.29782e+16	2.31874e+16	7.97393e+16	4.23437e+17	3.09999	3.0561	3.0561	3.0561	3.0561	3.0561	3.0561	3.0561	3.0561	3.0561	3.0561	3.05601	3.00419	2.3268	1.79104	
166442	6.86665e+17	2.79422e+17	1.22276e+17	7.73648e+16	1.5473e+17	2.32095e+17	3.09459e+17	3.86824e+17	4.64189e+17	5.41554e+17	6.18919e+17	6.96271e+17	7.59253e+17	7.4709e+17	1.24223e+17	5.6924e+15	5.20785e+15	2.27897e+15	1.44192e+15	2.88385e+15	4.32577e+15	5.76769e+15	7.20962e+15	8.65154e+15	1.00935e+16	1.15354e+16	1.29774e+16	2.32024e+16	7.98972e+16	4.23413e+17	3.10218	3.05835	3.05835	3.05835	3.05835	3.05835	3.05835	3.05835	3.05835	3.05835	3.05835	3.05823	3.00637	2.32765	1.79142	
166693	6.86666e+17	2.79422e+17	1.22276e+17	7.7365e+16	1.5473e+17	2.32095e+17	3.0946e+17	3.86825e+17	4.6419e+17	5.41555e+17	6.1892e+17	6.96271e+17	7.59228e+17	7.46831e+17	1.24333e+17	5.69201e+15	5.20749e+15	2.27881e+15	1.44182e+15	2.88365e+15	4.32547e+15	5.76729e+15	7.20912e+15	8.65094e+15	1.00928e+16	1.15346e+16	1.29766e+16	2.32174e+16	8.00559e+16	4.23389e+17	3.10436	3.0606	3.0606	3.0606	3.0606	3.0606	3.0606	3.0606	3.0606	3.0606	3.0606	3.06045	3.00854	2.3285	1.79181	
166944	6.86666e+17	2.79423e+17	1.22276e+17	7.73652e+16	1.5473e+17	2.32095e+17	3.09461e+17	3.86826e+17	4.64191e+17	5.41556e+17	6.18921e+17	6.96271e+17	7.59202e+17	7.46571e+17	1.24441e+17	5.69163e+15	5.20713e+15	2.27866e+15	1.44172e+15	2.88345e+15	4.32517e+15	5.7669e+15	7.20862e+15	8.65034e+15	1.00921e+16	1.15338e+16	1.2976e+16	2.32324e+16	8.02154e+16	4.23366e+17	3.10653	3.06284	3.06284	3.06284	3.06284	3.06284	3.06284	3.06284	3.06284	3.06284	3.06284	3.06266	3.01071	2.32935	1.7922	
167195	6.86667e+17	2.79424e+17	1.22276e+17	7.73653e+16	1.54731e+17	2.32096e+17	3.09461e+17	3.86827e+17	4.64192e+17	5.41557e+17	6.18923e+17	6.9627e+17	7.59177e+17	7.4631e+17	1.24543e+17	5.69125e+15	5.20677e+15	2.2785e+15	1.44162e+15	2.88325e+15	4.32487e+15	5.7665e+15	7.20812e+15	8.64974e+15	1.00914e+16	1.1533e+16	1.29755e+16	2.32475e+16	8.03759e+16	4.23341e+17	3.10871	3.06509	3.06509	3.06509	3.06509	3.06509	3.06509	3.06509	3.06509	3.06509	3.06509	3.06487	3.01288	2.3302	1.79257	
167446	6.86668e+17	2.79424e+17	1.22277e+17	7.73655e+16	1.54731e+17	2.32096e+17	3.09462e+17	3.86827e+17	4.64193e+17	5.41558e+17	6.18924e+17	6.9627e+17	7.59151e+17	7.46049e+17	1.24642e+17	5.69087e+15	5.20642e+15	2.27834e+15	1.44153e+15	2.88305e+15	4.32458e+15	5.7661e+15	7.20763e+15	8.64915e+15	1.00907e+16	1.15322e+16	1.29751e+16	2.32626e+16	8.0536e+16	4.2332e+17	3.11087	3.06732	3.06732	3.06732	3.06732	3.06732	3.06732	3.06732	3.06732	3.06732	3.06732	3.06707	3.01502	2.33104	1.79294	
167697	6.86669e+17	2.79425e+17	1.22277e+17	7.73657e+16	1.54731e+17	2.32097e+17	3.09463e+17	3.86828e+17	4.64194e+17	5.4156e+17	6.18925e+17	6.96269e+17	7.59126e+17	7.45785e+17	1.24739e+17	5.6905e+15	5.20606e+15	2.27818e+15	1.44143e+15	2.88285e+15	4.32428e+15	5.7657e+15	7.20713e+15	8.64856e+15	1.009e+16	1.15314e+16	1.2975e+16	2.32778e+16	8.06975e+16	4.23299e+17	3.11303	3.06955	3.06955	3.06955	3.06955	3.06955	3.06955	3.06955	3.06955	3.06955	3.06955	3.06926	3.01717	2.33189	1.79332	
167947	6.86669e+17	2.79425e+17	1.22277e+17	7.73658e+16	1.54732e+17	2.32097e+17	3.09463e+17	3.86829e+17	4.64195e+17	5.41561e+17	6.18927e+17	6.96268e+17	7.591e+17	7.45522e+17	1.24835e+17	5.69012e+15	5.2057e+15	2.27803e+15	1.44133e+15	2.88266e+15	4.32398e+15	5.76531e+15	7.20664e+15	8.64797e+15	1.00893e+16	1.15306e+16	1.2975e+16	2.32931e+16	8.08592e+16	4.23278e+17	3.11518	3.07177	3.07177	3.07177	3.07177	3.07177	3.07177	3.07177	3.07177	3.07177	3.07177	3.07145	3.01931	2.33273	1.79369	
168198	6.8667e+17	2.79426e+17	1.22278e+17	7.7366e+16	1.54732e+17	2.32098e+17	3.09464e+17	3.8683e+17	4.64196e+17	5.41562e+17	6.18928e+17	6.96267e+17	7.59074e+17	7.45257e+17	1.24929e+17	5.68974e+15	5.20535e+15	2.27787e+15	1.44123e+15	2.88246e+15	4.32369e+15	5.76492e+15	7.20615e+15	8.64738e+15	1.00886e+16	1.15298e+16	1.29752e+16	2.33085e+16	8.10217e+16	4.23257e+17	3.11732	3.07399	3.07399	3.07399	3.07399	3.07399	3.07399	3.07399	3.07399	3.07399	3.07399	3.07363	3.02145	2.33358	1.79407	
168448	6.86671e+17	2.79427e+17	1.22278e+17	7.73661e+16	1.54732e+17	2.32098e+17	3.09465e+17	3.86831e+17	4.64197e+17	5.41563e+17	6.18929e+17	6.96265e+17	7.59048e+17	7.44991e+17	1.25022e+17	5.68937e+15	5.20499e+15	2.27772e+15	1.44113e+15	2.88226e+15	4.32339e+15	5.76452e+15	7.20566e+15	8.64679e+15	1.00879e+16	1.1529e+16	1.29757e+16	2.33241e+16	8.11851e+16	4.23237e+17	3.11946	3.07621	3.07621	3.07621	3.07621	3.07621	3.07621	3.07621	3.07621	3.07621	3.07621	3.07581	3.02358	2.33442	1.79445	
168699	6.86672e+17	2.79427e+17	1.22278e+17	7.73663e+16	1.54733e+17	2.32099e+17	3.09465e+17	3.86832e+17	4.64198e+17	5.41564e+17	6.1893e+17	6.96263e+17	7.59022e+17	7.44723e+17	1.25113e+17	5.689e+15	5.20464e+15	2.27756e+15	1.44103e+15	2.88207e+15	4.3231e+15	5.76413e+15	7.20517e+15	8.6462e+15	1.00872e+16	1.15283e+16	1.29764e+16	2.33398e+16	8.1349e+16	4.23217e+17	3.12158	3.07843	3.07843	3.07843	3.07843	3.07843	3.07843	3.07843	3.07843	3.07843	3.07843	3.07798	3.0257	2.33527	1.79483	
168950	6.86672e+17	2.79428e+17	1.22278e+17	7.73665e+16	1.54733e+17	2.32099e+17	3.09466e+17	3.86832e+17	4.64199e+17	5.41565e+17	6.18932e+17	6.96261e+17	7.58996e+17	7.44454e+17	1.25203e+17	5.68862e+15	5.20429e+15	2.27741e+15	1.44094e+15	2.88187e+15	4.32281e+15	5.76374e+15	7.20468e+15	8.64561e+15	1.00865e+16	1.15275e+16	1.29775e+16	2.33557e+16	8.1514e+16	4.23198e+17	3.12371	3.08064	3.08064	3.08064	3.08064	3.08064	3.08064	3.08064	3.08064	3.08064	3.08064	3.08015	3.02783	2.33611	1.79521	
169201	6.86673e+17	2.79428e+17	1.22279e+17	7.73666e+16	1.54733e+17	2.321e+17	3.09467e+17	3.86833e+17	4.642e+17	5.41566e+17	6.18933e+17	6.96258e+17	7.58969e+17	7.44185e+17	1.25291e+17	5.68825e+15	5.20393e+15	2.27726e+15	1.44084e+15	2.88168e+15	4.32251e+15	5.76335e+15	7.20419e+15	8.64503e+15	1.00859e+16	1.15267e+16	1.29789e+16	2.33717e+16	8.16792e+16	4.23178e+17	3.12582	3.08285	3.08285	3.08285	3.08285	3.08285	3.08285	3.08285	3.08285	3.08285	3.08285	3.0823	3.02994	2.33695	1.79559	
169452	6.86674e+17	2.79429e+17	1.22279e+17	7.73668e+16	1.54734e+17	2.321e+17	3.09467e+17	3.86834e+17	4.64201e+17	5.41568e+17	6.18934e+17	6.96254e+17	7.58942e+17	7.43913e+17	1.25378e+17	5.68788e+15	5.20358e+15	2.2771e+15	1.44074e+15	2.88148e+15	4.32222e+15	5.76296e+15	7.2037e+15	8.64444e+15	1.00852e+16	1.15259e+16	1.29806e+16	2.33881e+16	8.18457e+16	4.23159e+17	3.12792	3.08506	3.08506	3.08506	3.08506	3.08506	3.08506	3.08506	3.08506	3.08506	3.08506	3.08446	3.03205	2.3378	1.79598	
169702	6.86674e+17	2.79429e+17	1.22279e+17	7.7367e+16	1.54734e+17	2.32101e+17	3.09468e+17	3.86835e+17	4.64202e+17	5.41569e+17	6.18936e+17	6.9625e+17	7.58915e+17	7.43641e+17	1.25463e+17	5.68751e+15	5.20323e+15	2.27695e+15	1.44064e+15	2.88129e+15	4.32193e+15	5.76258e+15	7.20322e+15	8.64386e+15	1.00845e+16	1.15252e+16	1.29826e+16	2.34046e+16	8.20124e+16	4.23141e+17	3.13002	3.08725	3.08725	3.08725	3.08725	3.08725	3.08725	3.08725	3.08725	3.08725	3.08725	3.08661	3.03415	2.33864	1.79637	
169953	6.86675e+17	2.7943e+17	1.22279e+17	7.73671e+16	1.54734e+17	2.32101e+17	3.09468e+17	3.86836e+17	4.64203e+17	5.4157e+17	6.18937e+17	6.96246e+17	7.58887e+17	7.43368e+17	1.25547e+17	5.68714e+15	5.20288e+15	2.2768e+15	1.44055e+15	2.88109e+15	4.32164e+15	5.76219e+15	7.20274e+15	8.64328e+15	1.00838e+16	1.15244e+16	1.2985e+16	2.34214e+16	8.218e+16	4.23122e+17	3.1321	3.08945	3.08945	3.08945	3.08945	3.08945	3.08945	3.08945	3.08945	3.08945	3.08945	3.08876	3.03625	2.33948	1.79676	
170204	6.86676e+17	2.79431e+17	1.2228e+17	7.73673e+16	1.54735e+17	2.32102e+17	3.09469e+17	3.86836e+17	4.64204e+17	5.41571e+17	6.18938e+17	6.96241e+17	7.58859e+17	7.43093e+17	1.25629e+17	5.68677e+15	5.20253e+15	2.27664e+15	1.44045e+15	2.8809e+15	4.32135e+15	5.7618e+15	7.20225e+15	8.6427e+15	1.00832e+16	1.15236e+16	1.29878e+16	2.34385e+16	8.23485e+16	4.23104e+17	3.13418	3.09164	3.09164	3.09164	3.09164	3.09164	3.09164	3.09164	3.09164	3.09164	3.09164	3.0909	3.03835	2.34032	1.79715	
170454	6.86677e+17	2.79431e+17	1.2228e+17	7.73674e+16	1.54735e+17	2.32102e+17	3.0947e+17	3.86837e+17	4.64205e+17	5.41572e+17	6.18939e+17	6.96235e+17	7.5883e+17	7.42817e+17	1.2571e+17	5.68641e+15	5.20219e+15	2.27649e+15	1.44035e+15	2.88071e+15	4.32106e+15	5.76142e+15	7.20177e+15	8.64212e+15	1.00825e+16	1.15228e+16	1.2991e+16	2.34559e+16	8.25177e+16	4.23087e+17	3.13625	3.09382	3.09382	3.09382	3.09382	3.09382	3.09382	3.09382	3.09382	3.09382	3.09382	3.09303	3.04044	2.34116	1.79754	
170706	6.86677e+17	2.79432e+17	1.2228e+17	7.73676e+16	1.54735e+17	2.32103e+17	3.0947e+17	3.86838e+17	4.64206e+17	5.41573e+17	6.18941e+17	6.96229e+17	7.58801e+17	7.42539e+17	1.2579e+17	5.68604e+15	5.20184e+15	2.27634e+15	1.44026e+15	2.88052e+15	4.32077e+15	5.76103e+15	7.20129e+15	8.64155e+15	1.00818e+16	1.15221e+16	1.29945e+16	2.34737e+16	8.26879e+16	4.23069e+17	3.13832	3.09601	3.09601	3.09601	3.09601	3.09601	3.09601	3.09601	3.09601	3.09601	3.09601	3.09516	3.04253	2.342	1.79794	
170956	6.86678e+17	2.79432e+17	1.2228e+17	7.73677e+16	1.54735e+17	2.32103e+17	3.09471e+17	3.86839e+17	4.64206e+17	5.41574e+17	6.18942e+17	6.96222e+17	7.58771e+17	7.42261e+17	1.25868e+17	5.68568e+15	5.20149e+15	2.27619e+15	1.44016e+15	2.88032e+15	4.32049e+15	5.76065e+15	7.20081e+15	8.64097e+15	1.00811e+16	1.15213e+16	1.29984e+16	2.34917e+16	8.28583e+16	4.23052e+17	3.14037	3.09818	3.09818	3.09818	3.09818	3.09818	3.09818	3.09818	3.09818	3.09818	3.09818	3.09728	3.04461	2.34284	1.79834	
171207	6.86679e+17	2.79433e+17	1.22281e+17	7.73679e+16	1.54736e+17	2.32104e+17	3.09472e+17	3.8684e+17	4.64207e+17	5.41575e+17	6.18943e+17	6.96215e+17	7.58741e+17	7.4198e+17	1.25944e+17	5.68531e+15	5.20115e+15	2.27604e+15	1.44007e+15	2.88013e+15	4.3202e+15	5.76027e+15	7.20033e+15	8.6404e+15	1.00805e+16	1.15205e+16	1.30026e+16	2.35102e+16	8.30302e+16	4.23035e+17	3.14242	3.10035	3.10035	3.10035	3.10035	3.10035	3.10035	3.10035	3.10035	3.10035	3.10035	3.0994	3.04669	2.34368	1.79874	
171458	6.86679e+17	2.79433e+17	1.22281e+17	7.73681e+16	1.54736e+17	2.32104e+17	3.09472e+17	3.8684e+17	4.64208e+17	5.41576e+17	6.18945e+17	6.96207e+17	7.5871e+17	7.41699e+17	1.26019e+17	5.68495e+15	5.2008e+15	2.27589e+15	1.43997e+15	2.87994e+15	4.31991e+15	5.75988e+15	7.19986e+15	8.63983e+15	1.00798e+16	1.15198e+16	1.30072e+16	2.3529e+16	8.32022e+16	4.23019e+17	3.14446	3.10252	3.10252	3.10252	3.10252	3.10252	3.10252	3.10252	3.10252	3.10252	3.10252	3.10151	3.04876	2.34452	1.79913	
171709	6.8668e+17	2.79434e+17	1.22281e+17	7.73682e+16	1.54736e+17	2.32105e+17	3.09473e+17	3.86841e+17	4.64209e+17	5.41578e+17	6.18946e+17	6.96198e+17	7.58679e+17	7.41417e+17	1.26093e+17	5.68459e+15	5.20046e+15	2.27573e+15	1.43988e+15	2.87975e+15	4.31963e+15	5.7595e+15	7.19938e+15	8.63926e+15	1.00791e+16	1.1519e+16	1.30122e+16	2.35482e+16	8.33752e+16	4.23003e+17	3.14649	3.10467	3.10467	3.10467	3.10467	3.10467	3.10467	3.10467	3.10467	3.10467	3.10467	3.10362	3.05083	2.34536	1.79954	
171960	6.86681e+17	2.79435e+17	1.22281e+17	7.73684e+16	1.54737e+17	2.32105e+17	3.09474e+17	3.86842e+17	4.6421e+17	5.41579e+17	6.18947e+17	6.96189e+17	7.58647e+17	7.41133e+17	1.26165e+17	5.68423e+15	5.20012e+15	2.27558e+15	1.43978e+15	2.87956e+15	4.31934e+15	5.75912e+15	7.19891e+15	8.63869e+15	1.00785e+16	1.15182e+16	1.30175e+16	2.35679e+16	8.35492e+16	4.22987e+17	3.14851	3.10683	3.10683	3.10683	3.10683	3.10683	3.10683	3.10683	3.10683	3.10683	3.10683	3.10572	3.0529	2.3462	1.79994	
172210	6.86682e+17	2.79435e+17	1.22282e+17	7.73685e+16	1.54737e+17	2.32106e+17	3.09474e+17	3.86843e+17	4.64211e+17	5.4158e+17	6.18948e+17	6.9618e+17	7.58614e+17	7.40848e+17	1.26235e+17	5.68387e+15	5.19978e+15	2.27544e+15	1.43969e+15	2.87937e+15	4.31906e+15	5.75875e+15	7.19843e+15	8.63812e+15	1.00778e+16	1.15175e+16	1.30231e+16	2.35879e+16	8.37238e+16	4.22972e+17	3.15053	3.10898	3.10898	3.10898	3.10898	3.10898	3.10898	3.10898	3.10898	3.10898	3.10898	3.10782	3.05496	2.34704	1.80035	
172462	6.86682e+17	2.79436e+17	1.22282e+17	7.73687e+16	1.54737e+17	2.32106e+17	3.09475e+17	3.86843e+17	4.64212e+17	5.41581e+17	6.1895e+17	6.9617e+17	7.5858e+17	7.40561e+17	1.26305e+17	5.68351e+15	5.19943e+15	2.27529e+15	1.43959e+15	2.87918e+15	4.31878e+15	5.75837e+15	7.19796e+15	8.63755e+15	1.00771e+16	1.15167e+16	1.30291e+16	2.36084e+16	8.38996e+16	4.22956e+17	3.15254	3.11112	3.11112	3.11112	3.11112	3.11112	3.11112	3.11112	3.11112	3.11112	3.11112	3.10991	3.05702	2.34788	1.80075	
172712	6.86683e+17	2.79436e+17	1.22282e+17	7.73688e+16	1.54738e+17	2.32107e+17	3.09475e+17	3.86844e+17	4.64213e+17	5.41582e+17	6.18951e+17	6.96159e+17	7.58546e+17	7.40273e+17	1.26372e+17	5.68316e+15	5.19909e+15	2.27514e+15	1.4395e+15	2.879e+15	4.31849e+15	5.75799e+15	7.19749e+15	8.63699e+15	1.00765e+16	1.1516e+16	1.30353e+16	2.36293e+16	8.40756e+16	4.22941e+17	3.15454	3.11326	3.11326	3.11326	3.11326	3.11326	3.11326	3.11326	3.11326	3.11326	3.11326	3.11199	3.05907	2.34872	1.80116	
172964	6.86684e+17	2.79437e+17	1.22282e+17	7.7369e+16	1.54738e+17	2.32107e+17	3.09476e+17	3.86845e+17	4.64214e+17	5.41583e+17	6.18952e+17	6.96148e+17	7.58511e+17	7.39983e+17	1.26439e+17	5.6828e+15	5.19875e+15	2.27499e+15	1.4394e+15	2.87881e+15	4.31821e+15	5.75761e+15	7.19702e+15	8.63642e+15	1.00758e+16	1.15152e+16	1.30418e+16	2.36507e+16	8.42531e+16	4.22927e+17	3.15655	3.11539	3.11539	3.11539	3.11539	3.11539	3.11539	3.11539	3.11539	3.11539	3.11539	3.11407	3.06112	2.34956	1.80157	
173214	6.86684e+17	2.79437e+17	1.22283e+17	7.73692e+16	1.54738e+17	2.32107e+17	3.09477e+17	3.86846e+17	4.64215e+17	5.41584e+17	6.18953e+17	6.96137e+17	7.58476e+17	7.39693e+17	1.26503e+17	5.68245e+15	5.19842e+15	2.27484e+15	1.43931e+15	2.87862e+15	4.31793e+15	5.75724e+15	7.19655e+15	8.63586e+15	1.00752e+16	1.15145e+16	1.30486e+16	2.36725e+16	8.44308e+16	4.22912e+17	3.15853	3.11751	3.11751	3.11751	3.11751	3.11751	3.11751	3.11751	3.11751	3.11751	3.11751	3.11614	3.06316	2.35039	1.80198	
173465	6.86685e+17	2.79438e+17	1.22283e+17	7.73693e+16	1.54739e+17	2.32108e+17	3.09477e+17	3.86847e+17	4.64216e+17	5.41585e+17	6.18954e+17	6.96125e+17	7.5844e+17	7.39401e+17	1.26567e+17	5.68209e+15	5.19808e+15	2.27469e+15	1.43922e+15	2.87843e+15	4.31765e+15	5.75687e+15	7.19608e+15	8.6353e+15	1.00745e+16	1.15137e+16	1.30556e+16	2.36947e+16	8.46096e+16	4.22899e+17	3.16052	3.11963	3.11963	3.11963	3.11963	3.11963	3.11963	3.11963	3.11963	3.11963	3.11963	3.1182	3.0652	2.35123	1.80239	
173716	6.86686e+17	2.79439e+17	1.22283e+17	7.73695e+16	1.54739e+17	2.32108e+17	3.09478e+17	3.86847e+17	4.64217e+17	5.41586e+17	6.18956e+17	6.96113e+17	7.58403e+17	7.39108e+17	1.26629e+17	5.68174e+15	5.19774e+15	2.27455e+15	1.43912e+15	2.87825e+15	4.31737e+15	5.75649e+15	7.19562e+15	8.63474e+15	1.00739e+16	1.1513e+16	1.30629e+16	2.37175e+16	8.47892e+16	4.22885e+17	3.1625	3.12174	3.12174	3.12174	3.12174	3.12174	3.12174	3.12174	3.12174	3.12174	3.12174	3.12026	3.06724	2.35207	1.80281	
173967	6.86686e+17	2.79439e+17	1.22283e+17	7.73696e+16	1.54739e+17	2.32109e+17	3.09478e+17	3.86848e+17	4.64218e+17	5.41587e+17	6.18957e+17	6.96101e+17	7.58365e+17	7.38813e+17	1.26689e+17	5.68139e+15	5.19741e+15	2.2744e+15	1.43903e+15	2.87806e+15	4.31709e+15	5.75612e+15	7.19515e+15	8.63418e+15	1.00732e+16	1.15122e+16	1.30704e+16	2.37406e+16	8.49697e+16	4.22872e+17	3.16448	3.12385	3.12385	3.12385	3.12385	3.12385	3.12385	3.12385	3.12385	3.12385	3.12385	3.12232	3.06927	2.35291	1.80322	
174219	6.86687e+17	2.7944e+17	1.22284e+17	7.73698e+16	1.5474e+17	2.32109e+17	3.09479e+17	3.86849e+17	4.64219e+17	5.41588e+17	6.18958e+17	6.96088e+17	7.58327e+17	7.38516e+17	1.26748e+17	5.68104e+15	5.19707e+15	2.27425e+15	1.43894e+15	2.87788e+15	4.31681e+15	5.75575e+15	7.19469e+15	8.63363e+15	1.00726e+16	1.15115e+16	1.30781e+16	2.37643e+16	8.51513e+16	4.22858e+17	3.16645	3.12595	3.12595	3.12595	3.12595	3.12595	3.12595	3.12595	3.12595	3.12595	3.12595	3.12437	3.0713	2.35375	1.80364	
174469	6.86688e+17	2.7944e+17	1.22284e+17	7.73699e+16	1.5474e+17	2.3211e+17	3.0948e+17	3.8685e+17	4.6422e+17	5.41589e+17	6.18959e+17	6.96075e+17	7.58288e+17	7.38219e+17	1.26806e+17	5.6807e+15	5.19674e+15	2.27411e+15	1.43885e+15	2.87769e+15	4.31654e+15	5.75538e+15	7.19423e+15	8.63307e+15	1.00719e+16	1.15108e+16	1.30859e+16	2.37884e+16	8.53332e+16	4.22846e+17	3.16841	3.12804	3.12804	3.12804	3.12804	3.12804	3.12804	3.12804	3.12804	3.12804	3.12804	3.12641	3.07332	2.35458	1.80406	
174721	6.86688e+17	2.79441e+17	1.22284e+17	7.73701e+16	1.5474e+17	2.3211e+17	3.0948e+17	3.8685e+17	4.6422e+17	5.41591e+17	6.18961e+17	6.96062e+17	7.58248e+17	7.37919e+17	1.26862e+17	5.68035e+15	5.19641e+15	2.27396e+15	1.43875e+15	2.87751e+15	4.31626e+15	5.75501e+15	7.19377e+15	8.63252e+15	1.00713e+16	1.151e+16	1.30939e+16	2.3813e+16	8.55166e+16	4.22833e+17	3.17037	3.13013	3.13013	3.13013	3.13013	3.13013	3.13013	3.13013	3.13013	3.13013	3.13013	3.12845	3.07534	2.35542	1.80448	
174971	6.86689e+17	2.79441e+17	1.22284e+17	7.73702e+16	1.5474e+17	2.32111e+17	3.09481e+17	3.86851e+17	4.64221e+17	5.41592e+17	6.18962e+17	6.96049e+17	7.58207e+17	7.37619e+17	1.26917e+17	5.68e+15	5.19607e+15	2.27382e+15	1.43866e+15	2.87732e+15	4.31598e+15	5.75465e+15	7.19331e+15	8.63197e+15	1.00706e+16	1.15093e+16	1.31021e+16	2.3838e+16	8.57002e+16	4.22821e+17	3.17232	3.13221	3.13221	3.13221	3.13221	3.13221	3.13221	3.13221	3.13221	3.13221	3.13221	3.13048	3.07735	2.35626	1.8049	
175222	6.8669e+17	2.79442e+17	1.22284e+17	7.73704e+16	1.54741e+17	2.32111e+17	3.09482e+17	3.86852e+17	4.64222e+17	5.41593e+17	6.18963e+17	6.96035e+17	7.58166e+17	7.37317e+17	1.2697e+17	5.67966e+15	5.19574e+15	2.27367e+15	1.43857e+15	2.87714e+15	4.31571e+15	5.75428e+15	7.19285e+15	8.63142e+15	1.007e+16	1.15086e+16	1.31104e+16	2.38634e+16	8.58849e+16	4.22809e+17	3.17427	3.13429	3.13429	3.13429	3.13429	3.13429	3.13429	3.13429	3.13429	3.13429	3.13429	3.1325	3.07936	2.35709	1.80532	
175474	6.8669e+17	2.79442e+17	1.22285e+17	7.73705e+16	1.54741e+17	2.32112e+17	3.09482e+17	3.86853e+17	4.64223e+17	5.41594e+17	6.18964e+17	6.96021e+17	7.58124e+17	7.37014e+17	1.27022e+17	5.67932e+15	5.19541e+15	2.27353e+15	1.43848e+15	2.87696e+15	4.31544e+15	5.75391e+15	7.19239e+15	8.63087e+15	1.00694e+16	1.15078e+16	1.31187e+16	2.38893e+16	8.60706e+16	4.22798e+17	3.17622	3.13636	3.13636	3.13636	3.13636	3.13636	3.13636	3.13636	3.13636	3.13636	3.13636	3.13452	3.08137	2.35793	1.80575	
175725	6.86691e+17	2.79443e+17	1.22285e+17	7.73707e+16	1.54741e+17	2.32112e+17	3.09483e+17	3.86853e+17	4.64224e+17	5.41595e+17	6.18965e+17	6.96007e+17	7.58082e+17	7.36709e+17	1.27073e+17	5.67897e+15	5.19508e+15	2.27338e+15	1.43839e+15	2.87678e+15	4.31516e+15	5.75355e+15	7.19194e+15	8.63033e+15	1.00687e+16	1.15071e+16	1.31272e+16	2.39156e+16	8.62571e+16	4.22787e+17	3.17816	3.13842	3.13842	3.13842	3.13842	3.13842	3.13842	3.13842	3.13842	3.13842	3.13842	3.13654	3.08337	2.35877	1.80617	
175976	6.86692e+17	2.79443e+17	1.22285e+17	7.73708e+16	1.54742e+17	2.32112e+17	3.09483e+17	3.86854e+17	4.64225e+17	5.41596e+17	6.18967e+17	6.95993e+17	7.58039e+17	7.36402e+17	1.27122e+17	5.67863e+15	5.19476e+15	2.27324e+15	1.4383e+15	2.87659e+15	4.31489e+15	5.75319e+15	7.19148e+15	8.62978e+15	1.00681e+16	1.15064e+16	1.31358e+16	2.39424e+16	8.64448e+16	4.22776e+17	3.1801	3.14048	3.14048	3.14048	3.14048	3.14048	3.14048	3.14048	3.14048	3.14048	3.14048	3.13855	3.08537	2.3596	1.8066	
176227	6.86692e+17	2.79444e+17	1.22285e+17	7.7371e+16	1.54742e+17	2.32113e+17	3.09484e+17	3.86855e+17	4.64226e+17	5.41597e+17	6.18968e+17	6.95979e+17	7.57995e+17	7.36095e+17	1.27169e+17	5.6783e+15	5.19443e+15	2.2731e+15	1.43821e+15	2.87641e+15	4.31462e+15	5.75283e+15	7.19103e+15	8.62924e+15	1.00674e+16	1.15057e+16	1.31444e+16	2.39695e+16	8.66327e+16	4.22765e+17	3.18203	3.14252	3.14252	3.14252	3.14252	3.14252	3.14252	3.14252	3.14252	3.14252	3.14252	3.14055	3.08736	2.36044	1.80702	
176479	6.86693e+17	2.79445e+17	1.22286e+17	7.73711e+16	1.54742e+17	2.32113e+17	3.09485e+17	3.86856e+17	4.64227e+17	5.41598e+17	6.18969e+17	6.95965e+17	7.5795e+17	7.35785e+17	1.27216e+17	5.67796e+15	5.1941e+15	2.27295e+15	1.43812e+15	2.87623e+15	4.31435e+15	5.75246e+15	7.19058e+15	8.6287e+15	1.00668e+16	1.15049e+16	1.31531e+16	2.39971e+16	8.68222e+16	4.22755e+17	3.18396	3.14457	3.14457	3.14457	3.14457	3.14457	3.14457	3.14457	3.14457	3.14457	3.14457	3.14255	3.08936	2.36128	1.80745	
176729	6.86694e+17	2.79445e+17	1.22286e+17	7.73713e+16	1.54743e+17	2.32114e+17	3.09485e+17	3.86856e+17	4.64228e+17	5.41599e+17	6.1897e+17	6.95951e+17	7.57905e+17	7.35474e+17	1.27261e+17	5.67762e+15	5.19378e+15	2.27281e+15	1.43803e+15	2.87605e+15	4.31408e+15	5.7521e+15	7.19013e+15	8.62816e+15	1.00662e+16	1.15042e+16	1.31618e+16	2.4025e+16	8.7012e+16	4.22745e+17	3.18588	3.14661	3.14661	3.14661	3.14661	3.14661	3.14661	3.14661	3.14661	3.14661	3.14661	3.14454	3.09134	2.36211	1.80788	
176980	6.86694e+17	2.79446e+17	1.22286e+17	7.73714e+16	1.54743e+17	2.32114e+17	3.09486e+17	3.86857e+17	4.64229e+17	5.416e+17	6.18971e+17	6.95936e+17	7.57859e+17	7.35162e+17	1.27304e+17	5.67729e+15	5.19346e+15	2.27267e+15	1.43794e+15	2.87587e+15	4.31381e+15	5.75175e+15	7.18968e+15	8.62762e+15	1.00656e+16	1.15035e+16	1.31706e+16	2.40533e+16	8.72029e+16	4.22735e+17	3.1878	3.14864	3.14864	3.14864	3.14864	3.14864	3.14864	3.14864	3.14864	3.14864	3.14864	3.14653	3.09332	2.36295	1.80831	
177232	6.86695e+17	2.79446e+17	1.22286e+17	7.73716e+16	1.54743e+17	2.32115e+17	3.09486e+17	3.86858e+17	4.64229e+17	5.41601e+17	6.18973e+17	6.95922e+17	7.57813e+17	7.34848e+17	1.27346e+17	5.67695e+15	5.19313e+15	2.27253e+15	1.43785e+15	2.87569e+15	4.31354e+15	5.75139e+15	7.18924e+15	8.62708e+15	1.00649e+16	1.15028e+16	1.31793e+16	2.4082e+16	8.73948e+16	4.22726e+17	3.18972	3.15067	3.15067	3.15067	3.15067	3.15067	3.15067	3.15067	3.15067	3.15067	3.15067	3.14851	3.0953	2.36378	1.80875	
177483	6.86696e+17	2.79447e+17	1.22287e+17	7.73717e+16	1.54743e+17	2.32115e+17	3.09487e+17	3.86859e+17	4.6423e+17	5.41602e+17	6.18974e+17	6.95908e+17	7.57766e+17	7.34533e+17	1.27387e+17	5.67662e+15	5.19281e+15	2.27239e+15	1.43776e+15	2.87552e+15	4.31327e+15	5.75103e+15	7.18879e+15	8.62655e+15	1.00643e+16	1.15021e+16	1.31881e+16	2.4111e+16	8.75875e+16	4.22717e+17	3.19163	3.15269	3.15269	3.15269	3.15269	3.15269	3.15269	3.15269	3.15269	3.15269	3.15269	3.15048	3.09727	2.36462	1.80918	
177735	6.86696e+17	2.79447e+17	1.22287e+17	7.73719e+16	1.54744e+17	2.32116e+17	3.09487e+17	3.86859e+17	4.64231e+17	5.41603e+17	6.18975e+17	6.95893e+17	7.57719e+17	7.34215e+17	1.27426e+17	5.67629e+15	5.19249e+15	2.27225e+15	1.43767e+15	2.87534e+15	4.31301e+15	5.75068e+15	7.18835e+15	8.62601e+15	1.00637e+16	1.15014e+16	1.31969e+16	2.41404e+16	8.77815e+16	4.22708e+17	3.19354	3.15471	3.15471	3.15471	3.15471	3.15471	3.15471	3.15471	3.15471	3.15471	3.15471	3.15246	3.09925	2.36546	1.80961	
177985	6.86697e+17	2.79448e+17	1.22287e+17	7.7372e+16	1.54744e+17	2.32116e+17	3.09488e+17	3.8686e+17	4.64232e+17	5.41604e+17	6.18976e+17	6.95879e+17	7.57671e+17	7.33898e+17	1.27464e+17	5.67596e+15	5.19217e+15	2.27211e+15	1.43758e+15	2.87516e+15	4.31274e+15	5.75032e+15	7.1879e+15	8.62548e+15	1.00631e+16	1.15006e+16	1.32056e+16	2.417e+16	8.79757e+16	4.227e+17	3.19544	3.15671	3.15671	3.15671	3.15671	3.15671	3.15671	3.15671	3.15671	3.15671	3.15671	3.15442	3.10121	2.36629	1.81005	
178237	6.86698e+17	2.79448e+17	1.22287e+17	7.73722e+16	1.54744e+17	2.32116e+17	3.09489e+17	3.86861e+17	4.64233e+17	5.41605e+17	6.18977e+17	6.95864e+17	7.57623e+17	7.33577e+17	1.275e+17	5.67563e+15	5.19185e+15	2.27197e+15	1.43749e+15	2.87498e+15	4.31248e+15	5.74997e+15	7.18746e+15	8.62495e+15	1.00624e+16	1.14999e+16	1.32144e+16	2.42001e+16	8.81715e+16	4.22692e+17	3.19735	3.15872	3.15872	3.15872	3.15872	3.15872	3.15872	3.15872	3.15872	3.15872	3.15872	3.15639	3.10317	2.36713	1.81049	
178488	6.86698e+17	2.79449e+17	1.22288e+17	7.73723e+16	1.54745e+17	2.32117e+17	3.09489e+17	3.86862e+17	4.64234e+17	5.41606e+17	6.18978e+17	6.9585e+17	7.57574e+17	7.33256e+17	1.27535e+17	5.6753e+15	5.19153e+15	2.27183e+15	1.4374e+15	2.87481e+15	4.31221e+15	5.74962e+15	7.18702e+15	8.62443e+15	1.00618e+16	1.14992e+16	1.32231e+16	2.42303e+16	8.83677e+16	4.22684e+17	3.19924	3.16072	3.16072	3.16072	3.16072	3.16072	3.16072	3.16072	3.16072	3.16072	3.16072	3.15834	3.10513	2.36796	1.81092	
178739	6.86699e+17	2.79449e+17	1.22288e+17	7.73724e+16	1.54745e+17	2.32117e+17	3.0949e+17	3.86862e+17	4.64235e+17	5.41607e+17	6.1898e+17	6.95836e+17	7.57525e+17	7.32933e+17	1.27569e+17	5.67497e+15	5.19122e+15	2.27169e+15	1.43732e+15	2.87463e+15	4.31195e+15	5.74927e+15	7.18659e+15	8.6239e+15	1.00612e+16	1.14985e+16	1.32318e+16	2.42609e+16	8.85649e+16	4.22677e+17	3.20114	3.16271	3.16271	3.16271	3.16271	3.16271	3.16271	3.16271	3.16271	3.16271	3.16271	3.1603	3.10708	2.3688	1.81136	
178991	6.867e+17	2.7945e+17	1.22288e+17	7.73726e+16	1.54745e+17	2.32118e+17	3.0949e+17	3.86863e+17	4.64236e+17	5.41608e+17	6.18981e+17	6.95822e+17	7.57475e+17	7.32609e+17	1.27601e+17	5.67465e+15	5.1909e+15	2.27155e+15	1.43723e+15	2.87446e+15	4.31169e+15	5.74892e+15	7.18615e+15	8.62338e+15	1.00606e+16	1.14978e+16	1.32405e+16	2.42917e+16	8.87632e+16	4.22669e+17	3.20303	3.1647	3.1647	3.1647	3.1647	3.1647	3.1647	3.1647	3.1647	3.1647	3.1647	3.16224	3.10903	2.36963	1.8118	
179242	6.867e+17	2.7945e+17	1.22288e+17	7.73727e+16	1.54745e+17	2.32118e+17	3.09491e+17	3.86864e+17	4.64236e+17	5.41609e+17	6.18982e+17	6.95808e+17	7.57425e+17	7.32283e+17	1.27632e+17	5.67433e+15	5.19059e+15	2.27141e+15	1.43714e+15	2.87429e+15	4.31143e+15	5.74857e+15	7.18571e+15	8.62286e+15	1.006e+16	1.14971e+16	1.32491e+16	2.43228e+16	8.89623e+16	4.22663e+17	3.20492	3.16668	3.16668	3.16668	3.16668	3.16668	3.16668	3.16668	3.16668	3.16668	3.16668	3.16419	3.11097	2.37047	1.81224	
179494	6.86701e+17	2.79451e+17	1.22288e+17	7.73729e+16	1.54746e+17	2.32119e+17	3.09492e+17	3.86864e+17	4.64237e+17	5.4161e+17	6.18983e+17	6.95794e+17	7.57374e+17	7.31954e+17	1.27662e+17	5.674e+15	5.19027e+15	2.27128e+15	1.43706e+15	2.87411e+15	4.31117e+15	5.74822e+15	7.18528e+15	8.62234e+15	1.00594e+16	1.14964e+16	1.32576e+16	2.43541e+16	8.91627e+16	4.22656e+17	3.20681	3.16867	3.16867	3.16867	3.16867	3.16867	3.16867	3.16867	3.16867	3.16867	3.16867	3.16613	3.11292	2.3713	1.81268	
179745	6.86701e+17	2.79451e+17	1.22289e+17	7.7373e+16	1.54746e+17	2.32119e+17	3.09492e+17	3.86865e+17	4.64238e+17	5.41611e+17	6.18984e+17	6.9578e+17	7.57324e+17	7.31626e+17	1.2769e+17	5.67368e+15	5.18996e+15	2.27114e+15	1.43697e+15	2.87394e+15	4.31091e+15	5.74788e+15	7.18485e+15	8.62182e+15	1.00588e+16	1.14958e+16	1.32661e+16	2.43856e+16	8.93633e+16	4.2265e+17	3.20869	3.17064	3.17064	3.17064	3.17064	3.17064	3.17064	3.17064	3.17064	3.17064	3.17064	3.16806	3.11485	2.37213	1.81312	
179997	6.86702e+17	2.79452e+17	1.22289e+17	7.73732e+16	1.54746e+17	2.32119e+17	3.09493e+17	3.86866e+17	4.64239e+17	5.41612e+17	6.18985e+17	6.95766e+17	7.57272e+17	7.31295e+17	1.27717e+17	5.67336e+15	5.18965e+15	2.271e+15	1.43688e+15	2.87377e+15	4.31065e+15	5.74753e+15	7.18442e+15	8.6213e+15	1.00582e+16	1.14951e+16	1.32746e+16	2.44174e+16	8.95656e+16	4.22644e+17	3.21057	3.17261	3.17261	3.17261	3.17261	3.17261	3.17261	3.17261	3.17261	3.17261	3.17261	3.16999	3.11679	2.37297	1.81357	
180248	6.86703e+17	2.79452e+17	1.22289e+17	7.73733e+16	1.54747e+17	2.3212e+17	3.09493e+17	3.86867e+17	4.6424e+17	5.41613e+17	6.18986e+17	6.95752e+17	7.57221e+17	7.30963e+17	1.27742e+17	5.67304e+15	5.18934e+15	2.27087e+15	1.4368e+15	2.8736e+15	4.31039e+15	5.74719e+15	7.18399e+15	8.62079e+15	1.00576e+16	1.14944e+16	1.3283e+16	2.44493e+16	8.97682e+16	4.22638e+17	3.21244	3.17457	3.17457	3.17457	3.17457	3.17457	3.17457	3.17457	3.17457	3.17457	3.17457	3.17192	3.11871	2.3738	1.81401	
180499	6.86703e+17	2.79453e+17	1.22289e+17	7.73734e+16	1.54747e+17	2.3212e+17	3.09494e+17	3.86867e+17	4.64241e+17	5.41614e+17	6.18988e+17	6.95738e+17	7.57169e+17	7.30629e+17	1.27766e+17	5.67273e+15	5.18903e+15	2.27073e+15	1.43671e+15	2.87342e+15	4.31014e+15	5.74685e+15	7.18356e+15	8.62027e+15	1.0057e+16	1.14937e+16	1.32914e+16	2.44814e+16	8.99719e+16	4.22633e+17	3.21431	3.17653	3.17653	3.17653	3.17653	3.17653	3.17653	3.17653	3.17653	3.17653	3.17653	3.17384	3.12064	2.37464	1.81446	
180751	6.86704e+17	2.79453e+17	1.2229e+17	7.73736e+16	1.54747e+17	2.32121e+17	3.09494e+17	3.86868e+17	4.64242e+17	5.41615e+17	6.18989e+17	6.95725e+17	7.57117e+17	7.30293e+17	1.27789e+17	5.67241e+15	5.18873e+15	2.2706e+15	1.43663e+15	2.87325e+15	4.30988e+15	5.74651e+15	7.18313e+15	8.61976e+15	1.00564e+16	1.1493e+16	1.32997e+16	2.45137e+16	9.01767e+16	4.22628e+17	3.21618	3.17848	3.17848	3.17848	3.17848	3.17848	3.17848	3.17848	3.17848	3.17848	3.17848	3.17576	3.12256	2.37547	1.8149	
181002	6.86705e+17	2.79454e+17	1.2229e+17	7.73737e+16	1.54747e+17	2.32121e+17	3.09495e+17	3.86869e+17	4.64242e+17	5.41616e+17	6.1899e+17	6.95711e+17	7.57065e+17	7.29957e+17	1.2781e+17	5.67209e+15	5.18842e+15	2.27047e+15	1.43654e+15	2.87308e+15	4.30963e+15	5.74617e+15	7.18271e+15	8.61925e+15	1.00558e+16	1.14923e+16	1.33079e+16	2.45461e+16	9.03824e+16	4.22623e+17	3.21805	3.18043	3.18043	3.18043	3.18043	3.18043	3.18043	3.18043	3.18043	3.18043	3.18043	3.17767	3.12448	2.37631	1.81535	
181254	6.86705e+17	2.79454e+17	1.2229e+17	7.73739e+16	1.54748e+17	2.32122e+17	3.09495e+17	3.86869e+17	4.64243e+17	5.41617e+17	6.18991e+17	6.95698e+17	7.57012e+17	7.29617e+17	1.2783e+17	5.67178e+15	5.18811e+15	2.27033e+15	1.43646e+15	2.87291e+15	4.30937e+15	5.74583e+15	7.18229e+15	8.61874e+15	1.00552e+16	1.14917e+16	1.33161e+16	2.45788e+16	9.05893e+16	4.22618e+17	3.21992	3.18238	3.18238	3.18238	3.18238	3.18238	3.18238	3.18238	3.18238	3.18238	3.18238	3.17958	3.12639	2.37714	1.8158	
181505	6.86706e+17	2.79455e+17	1.2229e+17	7.7374e+16	1.54748e+17	2.32122e+17	3.09496e+17	3.8687e+17	4.64244e+17	5.41618e+17	6.18992e+17	6.95685e+17	7.5696e+17	7.29278e+17	1.27849e+17	5.67147e+15	5.18781e+15	2.2702e+15	1.43637e+15	2.87275e+15	4.30912e+15	5.74549e+15	7.18187e+15	8.61824e+15	1.00546e+16	1.1491e+16	1.33242e+16	2.46114e+16	9.07965e+16	4.22614e+17	3.22177	3.18432	3.18432	3.18432	3.18432	3.18432	3.18432	3.18432	3.18432	3.18432	3.18432	3.18148	3.1283	2.37797	1.81625	
181757	6.86706e+17	2.79455e+17	1.2229e+17	7.73741e+16	1.54748e+17	2.32122e+17	3.09497e+17	3.86871e+17	4.64245e+17	5.41619e+17	6.18993e+17	6.95672e+17	7.56907e+17	7.28935e+17	1.27866e+17	5.67116e+15	5.18751e+15	2.27007e+15	1.43629e+15	2.87258e+15	4.30887e+15	5.74516e+15	7.18145e+15	8.61773e+15	1.0054e+16	1.14903e+16	1.33322e+16	2.46443e+16	9.10054e+16	4.2261e+17	3.22364	3.18626	3.18626	3.18626	3.18626	3.18626	3.18626	3.18626	3.18626	3.18626	3.18626	3.18339	3.13021	2.37881	1.8167	
182008	6.86707e+17	2.79456e+17	1.22291e+17	7.73743e+16	1.54749e+17	2.32123e+17	3.09497e+17	3.86871e+17	4.64246e+17	5.4162e+17	6.18994e+17	6.95658e+17	7.56854e+17	7.28593e+17	1.27882e+17	5.67085e+15	5.1872e+15	2.26993e+15	1.43621e+15	2.87241e+15	4.30862e+15	5.74482e+15	7.18103e+15	8.61723e+15	1.00534e+16	1.14896e+16	1.33402e+16	2.46771e+16	9.12146e+16	4.22607e+17	3.22549	3.18819	3.18819	3.18819	3.18819	3.18819	3.18819	3.18819	3.18819	3.18819	3.18819	3.18528	3.13211	2.37964	1.81715	
182260	6.86708e+17	2.79456e+17	1.22291e+17	7.73744e+16	1.54749e+17	2.32123e+17	3.09498e+17	3.86872e+17	4.64247e+17	5.41621e+17	6.18995e+17	6.95646e+17	7.56801e+17	7.28248e+17	1.27897e+17	5.67054e+15	5.1869e+15	2.2698e+15	1.43612e+15	2.87224e+15	4.30837e+15	5.74449e+15	7.18061e+15	8.61673e+15	1.00529e+16	1.1489e+16	1.33481e+16	2.47101e+16	9.14249e+16	4.22604e+17	3.22734	3.19012	3.19012	3.19012	3.19012	3.19012	3.19012	3.19012	3.19012	3.19012	3.19012	3.18718	3.13401	2.38047	1.8176	
182512	6.86708e+17	2.79457e+17	1.22291e+17	7.73746e+16	1.54749e+17	2.32124e+17	3.09498e+17	3.86873e+17	4.64247e+17	5.41622e+17	6.18996e+17	6.95633e+17	7.56748e+17	7.27901e+17	1.2791e+17	5.67023e+15	5.1866e+15	2.26967e+15	1.43604e+15	2.87208e+15	4.30812e+15	5.74416e+15	7.1802e+15	8.61624e+15	1.00523e+16	1.14883e+16	1.3356e+16	2.47432e+16	9.16363e+16	4.22601e+17	3.22919	3.19205	3.19205	3.19205	3.19205	3.19205	3.19205	3.19205	3.19205	3.19205	3.19205	3.18907	3.1359	2.38131	1.81805	
182763	6.86709e+17	2.79457e+17	1.22291e+17	7.73747e+16	1.54749e+17	2.32124e+17	3.09499e+17	3.86873e+17	4.64248e+17	5.41623e+17	6.18998e+17	6.9562e+17	7.56695e+17	7.27553e+17	1.27922e+17	5.66992e+15	5.1863e+15	2.26954e+15	1.43596e+15	2.87191e+15	4.30787e+15	5.74383e+15	7.17978e+15	8.61574e+15	1.00517e+16	1.14877e+16	1.33638e+16	2.47763e+16	9.18486e+16	4.22598e+17	3.23104	3.19397	3.19397	3.19397	3.19397	3.19397	3.19397	3.19397	3.19397	3.19397	3.19397	3.19095	3.13779	2.38214	1.8185	
183015	6.86709e+17	2.79458e+17	1.22291e+17	7.73748e+16	1.5475e+17	2.32124e+17	3.09499e+17	3.86874e+17	4.64249e+17	5.41624e+17	6.18999e+17	6.95607e+17	7.56641e+17	7.27203e+17	1.27933e+17	5.66962e+15	5.18601e+15	2.26941e+15	1.43587e+15	2.87175e+15	4.30762e+15	5.7435e+15	7.17937e+15	8.61524e+15	1.00511e+16	1.1487e+16	1.33715e+16	2.48096e+16	9.20622e+16	4.22596e+17	3.23288	3.19589	3.19589	3.19589	3.19589	3.19589	3.19589	3.19589	3.19589	3.19589	3.19589	3.19284	3.13968	2.38297	1.81895	
183266	6.8671e+17	2.79458e+17	1.22292e+17	7.7375e+16	1.5475e+17	2.32125e+17	3.095e+17	3.86875e+17	4.6425e+17	5.41625e+17	6.19e+17	6.95595e+17	7.56588e+17	7.26852e+17	1.27942e+17	5.66932e+15	5.18571e+15	2.26928e+15	1.43579e+15	2.87158e+15	4.30738e+15	5.74317e+15	7.17896e+15	8.61475e+15	1.00505e+16	1.14863e+16	1.33792e+16	2.48428e+16	9.2276e+16	4.22594e+17	3.23472	3.1978	3.1978	3.1978	3.1978	3.1978	3.1978	3.1978	3.1978	3.1978	3.1978	3.19471	3.14156	2.38381	1.81941	
183518	6.86711e+17	2.79459e+17	1.22292e+17	7.73751e+16	1.5475e+17	2.32125e+17	3.095e+17	3.86876e+17	4.64251e+17	5.41626e+17	6.19001e+17	6.95582e+17	7.56534e+17	7.26498e+17	1.2795e+17	5.66901e+15	5.18541e+15	2.26915e+15	1.43571e+15	2.87142e+15	4.30713e+15	5.74284e+15	7.17855e+15	8.61426e+15	1.005e+16	1.14857e+16	1.33868e+16	2.48761e+16	9.24916e+16	4.22592e+17	3.23656	3.19971	3.19971	3.19971	3.19971	3.19971	3.19971	3.19971	3.19971	3.19971	3.19971	3.19659	3.14344	2.38464	1.81986	
183770	6.86711e+17	2.79459e+17	1.22292e+17	7.73752e+16	1.5475e+17	2.32126e+17	3.09501e+17	3.86876e+17	4.64251e+17	5.41627e+17	6.19002e+17	6.9557e+17	7.5648e+17	7.26144e+17	1.27957e+17	5.66871e+15	5.18512e+15	2.26902e+15	1.43563e+15	2.87126e+15	4.30689e+15	5.74251e+15	7.17814e+15	8.61377e+15	1.00494e+16	1.1485e+16	1.33944e+16	2.49093e+16	9.27074e+16	4.2259e+17	3.2384	3.20161	3.20161	3.20161	3.20161	3.20161	3.20161	3.20161	3.20161	3.20161	3.20161	3.19846	3.14532	2.38547	1.82031	
184021	6.86712e+17	2.7946e+17	1.22292e+17	7.73754e+16	1.54751e+17	2.32126e+17	3.09501e+17	3.86877e+17	4.64252e+17	5.41628e+17	6.19003e+17	6.95557e+17	7.56427e+17	7.25788e+17	1.27962e+17	5.66841e+15	5.18483e+15	2.26889e+15	1.43555e+15	2.8711e+15	4.30664e+15	5.74219e+15	7.17774e+15	8.61329e+15	1.00488e+16	1.14844e+16	1.34019e+16	2.49427e+16	9.29244e+16	4.22589e+17	3.24023	3.20351	3.20351	3.20351	3.20351	3.20351	3.20351	3.20351	3.20351	3.20351	3.20351	3.20033	3.14719	2.3863	1.82077	
184273	6.86712e+17	2.7946e+17	1.22293e+17	7.73755e+16	1.54751e+17	2.32127e+17	3.09502e+17	3.86878e+17	4.64253e+17	5.41629e+17	6.19004e+17	6.95545e+17	7.56373e+17	7.2543e+17	1.27966e+17	5.66811e+15	5.18453e+15	2.26877e+15	1.43547e+15	2.87093e+15	4.3064e+15	5.74187e+15	7.17733e+15	8.6128e+15	1.00483e+16	1.14837e+16	1.34093e+16	2.4976e+16	9.31425e+16	4.22588e+17	3.24206	3.20541	3.20541	3.20541	3.20541	3.20541	3.20541	3.20541	3.20541	3.20541	3.20541	3.2022	3.14906	2.38714	1.82123	
184525	6.86713e+17	2.79461e+17	1.22293e+17	7.73756e+16	1.54751e+17	2.32127e+17	3.09503e+17	3.86878e+17	4.64254e+17	5.41629e+17	6.19005e+17	6.95533e+17	7.5632e+17	7.25071e+17	1.27969e+17	5.66781e+15	5.18424e+15	2.26864e+15	1.43539e+15	2.87077e+15	4.30616e+15	5.74154e+15	7.17693e+15	8.61232e+15	1.00477e+16	1.14831e+16	1.34167e+16	2.50093e+16	9.33614e+16	4.22588e+17	3.24389	3.20731	3.20731	3.20731	3.20731	3.20731	3.20731	3.20731	3.20731	3.20731	3.20731	3.20406	3.15092	2.38797	1.82168	
184777	6.86713e+17	2.79461e+17	1.22293e+17	7.73758e+16	1.54752e+17	2.32127e+17	3.09503e+17	3.86879e+17	4.64255e+17	5.4163e+17	6.19006e+17	6.95521e+17	7.56266e+17	7.24709e+17	1.2797e+17	5.66752e+15	5.18395e+15	2.26851e+15	1.43531e+15	2.87061e+15	4.30592e+15	5.74122e+15	7.17653e+15	8.61183e+15	1.00471e+16	1.14824e+16	1.3424e+16	2.50427e+16	9.35818e+16	4.22587e+17	3.24571	3.2092	3.2092	3.2092	3.2092	3.2092	3.2092	3.2092	3.2092	3.2092	3.2092	3.20592	3.15278	2.3888	1.82214	
185028	6.86714e+17	2.79462e+17	1.22293e+17	7.73759e+16	1.54752e+17	2.32128e+17	3.09504e+17	3.8688e+17	4.64255e+17	5.41631e+17	6.19007e+17	6.95509e+17	7.56212e+17	7.24347e+17	1.2797e+17	5.66722e+15	5.18367e+15	2.26839e+15	1.43523e+15	2.87045e+15	4.30568e+15	5.7409e+15	7.17613e+15	8.61136e+15	1.00466e+16	1.14818e+16	1.34313e+16	2.50759e+16	9.38023e+16	4.22587e+17	3.24753	3.21109	3.21109	3.21109	3.21109	3.21109	3.21109	3.21109	3.21109	3.21109	3.21109	3.20778	3.15464	2.38963	1.8226	
185280	6.86715e+17	2.79462e+17	1.22293e+17	7.7376e+16	1.54752e+17	2.32128e+17	3.09504e+17	3.8688e+17	4.64256e+17	5.41632e+17	6.19008e+17	6.95497e+17	7.56159e+17	7.23982e+17	1.27969e+17	5.66693e+15	5.18338e+15	2.26826e+15	1.43515e+15	2.87029e+15	4.30544e+15	5.74058e+15	7.17573e+15	8.61088e+15	1.0046e+16	1.14812e+16	1.34386e+16	2.51093e+16	9.40246e+16	4.22587e+17	3.24935	3.21298	3.21298	3.21298	3.21298	3.21298	3.21298	3.21298	3.21298	3.21298	3.21298	3.20963	3.1565	2.39046	1.82306	
185532	6.86715e+17	2.79463e+17	1.22294e+17	7.73762e+16	1.54752e+17	2.32128e+17	3.09505e+17	3.86881e+17	4.64257e+17	5.41633e+17	6.19009e+17	6.95485e+17	7.56105e+17	7.23617e+17	1.27967e+17	5.66664e+15	5.18309e+15	2.26813e+15	1.43507e+15	2.87013e+15	4.3052e+15	5.74027e+15	7.17534e+15	8.6104e+15	1.00455e+16	1.14805e+16	1.34457e+16	2.51425e+16	9.42472e+16	4.22588e+17	3.25117	3.21485	3.21485	3.21485	3.21485	3.21485	3.21485	3.21485	3.21485	3.21485	3.21485	3.21148	3.15834	2.39129	1.82352	
185784	6.86716e+17	2.79463e+17	1.22294e+17	7.73763e+16	1.54753e+17	2.32129e+17	3.09505e+17	3.86881e+17	4.64258e+17	5.41634e+17	6.1901e+17	6.95474e+17	7.56052e+17	7.23249e+17	1.27963e+17	5.66634e+15	5.18281e+15	2.26801e+15	1.43499e+15	2.86998e+15	4.30496e+15	5.73995e+15	7.17494e+15	8.60993e+15	1.00449e+16	1.14799e+16	1.34529e+16	2.51757e+16	9.44709e+16	4.22589e+17	3.25298	3.21673	3.21673	3.21673	3.21673	3.21673	3.21673	3.21673	3.21673	3.21673	3.21673	3.21332	3.16019	2.39213	1.82397	
186036	6.86716e+17	2.79464e+17	1.22294e+17	7.73764e+16	1.54753e+17	2.32129e+17	3.09506e+17	3.86882e+17	4.64259e+17	5.41635e+17	6.19011e+17	6.95462e+17	7.55998e+17	7.2288e+17	1.27958e+17	5.66605e+15	5.18252e+15	2.26789e+15	1.43491e+15	2.86982e+15	4.30473e+15	5.73964e+15	7.17455e+15	8.60946e+15	1.00444e+16	1.14793e+16	1.346e+16	2.52089e+16	9.46958e+16	4.2259e+17	3.25479	3.21861	3.21861	3.21861	3.21861	3.21861	3.21861	3.21861	3.21861	3.21861	3.21861	3.21517	3.16203	2.39296	1.82443	
186287	6.86717e+17	2.79464e+17	1.22294e+17	7.73766e+16	1.54753e+17	2.3213e+17	3.09506e+17	3.86883e+17	4.64259e+17	5.41636e+17	6.19012e+17	6.9545e+17	7.55945e+17	7.22509e+17	1.27951e+17	5.66577e+15	5.18224e+15	2.26776e+15	1.43483e+15	2.86966e+15	4.30449e+15	5.73932e+15	7.17416e+15	8.60899e+15	1.00438e+16	1.14786e+16	1.3467e+16	2.52421e+16	9.49215e+16	4.22591e+17	3.2566	3.22048	3.22048	3.22048	3.22048	3.22048	3.22048	3.22048	3.22048	3.22048	3.22048	3.21701	3.16387	2.39379	1.8249	
186540	6.86717e+17	2.79465e+17	1.22294e+17	7.73767e+16	1.54753e+17	2.3213e+17	3.09507e+17	3.86883e+17	4.6426e+17	5.41637e+17	6.19013e+17	6.95439e+17	7.55892e+17	7.22136e+17	1.27944e+17	5.66548e+15	5.18196e+15	2.26764e+15	1.43475e+15	2.86951e+15	4.30426e+15	5.73901e+15	7.17376e+15	8.60852e+15	1.00433e+16	1.1478e+16	1.3474e+16	2.52752e+16	9.51486e+16	4.22593e+17	3.25841	3.22235	3.22235	3.22235	3.22235	3.22235	3.22235	3.22235	3.22235	3.22235	3.22235	3.21885	3.16571	2.39462	1.82536	
186791	6.86718e+17	2.79465e+17	1.22295e+17	7.73768e+16	1.54754e+17	2.3213e+17	3.09507e+17	3.86884e+17	4.64261e+17	5.41638e+17	6.19014e+17	6.95427e+17	7.55839e+17	7.21763e+17	1.27935e+17	5.66519e+15	5.18168e+15	2.26751e+15	1.43468e+15	2.86935e+15	4.30403e+15	5.7387e+15	7.17338e+15	8.60805e+15	1.00427e+16	1.14774e+16	1.3481e+16	2.53082e+16	9.53759e+16	4.22595e+17	3.26021	3.22421	3.22421	3.22421	3.22421	3.22421	3.22421	3.22421	3.22421	3.22421	3.22421	3.22068	3.16754	2.39545	1.82582	
187043	6.86718e+17	2.79466e+17	1.22295e+17	7.73769e+16	1.54754e+17	2.32131e+17	3.09508e+17	3.86885e+17	4.64262e+17	5.41639e+17	6.19015e+17	6.95416e+17	7.55785e+17	7.21386e+17	1.27925e+17	5.6649e+15	5.1814e+15	2.26739e+15	1.4346e+15	2.8692e+15	4.30379e+15	5.73839e+15	7.17299e+15	8.60759e+15	1.00422e+16	1.14768e+16	1.34879e+16	2.53413e+16	9.56049e+16	4.22597e+17	3.26202	3.22608	3.22608	3.22608	3.22608	3.22608	3.22608	3.22608	3.22608	3.22608	3.22608	3.22252	3.16938	2.39628	1.82628	
187295	6.86719e+17	2.79466e+17	1.22295e+17	7.73771e+16	1.54754e+17	2.32131e+17	3.09508e+17	3.86885e+17	4.64262e+17	5.41639e+17	6.19017e+17	6.95405e+17	7.55733e+17	7.21009e+17	1.27913e+17	5.66462e+15	5.18112e+15	2.26727e+15	1.43452e+15	2.86904e+15	4.30356e+15	5.73808e+15	7.1726e+15	8.60712e+15	1.00416e+16	1.14762e+16	1.34948e+16	2.53741e+16	9.58343e+16	4.226e+17	3.26381	3.22793	3.22793	3.22793	3.22793	3.22793	3.22793	3.22793	3.22793	3.22793	3.22793	3.22434	3.1712	2.39711	1.82674	
187547	6.8672e+17	2.79466e+17	1.22295e+17	7.73772e+16	1.54754e+17	2.32132e+17	3.09509e+17	3.86886e+17	4.64263e+17	5.4164e+17	6.19018e+17	6.95393e+17	7.5568e+17	7.2063e+17	1.279e+17	5.66434e+15	5.18084e+15	2.26715e+15	1.43444e+15	2.86889e+15	4.30333e+15	5.73778e+15	7.17222e+15	8.60666e+15	1.00411e+16	1.14756e+16	1.35017e+16	2.5407e+16	9.60648e+16	4.22603e+17	3.26561	3.22979	3.22979	3.22979	3.22979	3.22979	3.22979	3.22979	3.22979	3.22979	3.22979	3.22617	3.17302	2.39794	1.8272	
187799	6.8672e+17	2.79467e+17	1.22295e+17	7.73773e+16	1.54755e+17	2.32132e+17	3.09509e+17	3.86887e+17	4.64264e+17	5.41641e+17	6.19019e+17	6.95382e+17	7.55627e+17	7.2025e+17	1.27886e+17	5.66406e+15	5.18056e+15	2.26703e+15	1.43437e+15	2.86873e+15	4.3031e+15	5.73747e+15	7.17184e+15	8.6062e+15	1.00406e+16	1.14749e+16	1.35085e+16	2.54398e+16	9.62964e+16	4.22606e+17	3.2674	3.23164	3.23164	3.23164	3.23164	3.23164	3.23164	3.23164	3.23164	3.23164	3.23164	3.22799	3.17485	2.39877	1.82767	
188051	6.86721e+17	2.79467e+17	1.22296e+17	7.73774e+16	1.54755e+17	2.32132e+17	3.0951e+17	3.86887e+17	4.64265e+17	5.41642e+17	6.1902e+17	6.95371e+17	7.55574e+17	7.19867e+17	1.27871e+17	5.66377e+15	5.18029e+15	2.26691e+15	1.43429e+15	2.86858e+15	4.30287e+15	5.73716e+15	7.17146e+15	8.60575e+15	1.004e+16	1.14743e+16	1.35153e+16	2.54725e+16	9.65289e+16	4.22609e+17	3.26919	3.23349	3.23349	3.23349	3.23349	3.23349	3.23349	3.23349	3.23349	3.23349	3.23349	3.22981	3.17666	2.3996	1.82813	
188303	6.86721e+17	2.79468e+17	1.22296e+17	7.73776e+16	1.54755e+17	2.32133e+17	3.0951e+17	3.86888e+17	4.64265e+17	5.41643e+17	6.19021e+17	6.9536e+17	7.55522e+17	7.19483e+17	1.27855e+17	5.66349e+15	5.18001e+15	2.26679e+15	1.43422e+15	2.86843e+15	4.30265e+15	5.73686e+15	7.17108e+15	8.60529e+15	1.00395e+16	1.14737e+16	1.3522e+16	2.55053e+16	9.67627e+16	4.22613e+17	3.27098	3.23534	3.23534	3.23534	3.23534	3.23534	3.23534	3.23534	3.23534	3.23534	3.23534	3.23163	3.17848	2.40043	1.82859	
188555	6.86722e+17	2.79468e+17	1.22296e+17	7.73777e+16	1.54755e+17	2.32133e+17	3.09511e+17	3.86888e+17	4.64266e+17	5.41644e+17	6.19022e+17	6.95349e+17	7.55469e+17	7.19098e+17	1.27837e+17	5.66322e+15	5.17974e+15	2.26667e+15	1.43414e+15	2.86828e+15	4.30242e+15	5.73656e+15	7.1707e+15	8.60484e+15	1.0039e+16	1.14731e+16	1.35287e+16	2.55378e+16	9.69968e+16	4.22617e+17	3.27276	3.23718	3.23718	3.23718	3.23718	3.23718	3.23718	3.23718	3.23718	3.23718	3.23718	3.23344	3.18029	2.40126	1.82906	
188807	6.86722e+17	2.79469e+17	1.22296e+17	7.73778e+16	1.54756e+17	2.32133e+17	3.09511e+17	3.86889e+17	4.64267e+17	5.41645e+17	6.19023e+17	6.95338e+17	7.55417e+17	7.1871e+17	1.27818e+17	5.66294e+15	5.17947e+15	2.26655e+15	1.43406e+15	2.86813e+15	4.30219e+15	5.73626e+15	7.17032e+15	8.60439e+15	1.00384e+16	1.14725e+16	1.35354e+16	2.55704e+16	9.72327e+16	4.22621e+17	3.27455	3.23903	3.23903	3.23903	3.23903	3.23903	3.23903	3.23903	3.23903	3.23903	3.23903	3.23526	3.1821	2.40209	1.82952	
189059	6.86723e+17	2.79469e+17	1.22296e+17	7.73779e+16	1.54756e+17	2.32134e+17	3.09512e+17	3.8689e+17	4.64268e+17	5.41646e+17	6.19024e+17	6.95327e+17	7.55365e+17	7.18321e+17	1.27798e+17	5.66266e+15	5.1792e+15	2.26643e+15	1.43399e+15	2.86798e+15	4.30197e+15	5.73596e+15	7.16995e+15	8.60394e+15	1.00379e+16	1.14719e+16	1.35421e+16	2.56027e+16	9.74688e+16	4.22626e+17	3.27633	3.24086	3.24086	3.24086	3.24086	3.24086	3.24086	3.24086	3.24086	3.24086	3.24086	3.23706	3.1839	2.40292	1.82999	
189311	6.86723e+17	2.7947e+17	1.22297e+17	7.73781e+16	1.54756e+17	2.32134e+17	3.09512e+17	3.8689e+17	4.64268e+17	5.41646e+17	6.19025e+17	6.95316e+17	7.55313e+17	7.17931e+17	1.27776e+17	5.66239e+15	5.17893e+15	2.26631e+15	1.43391e+15	2.86783e+15	4.30174e+15	5.73566e+15	7.16957e+15	8.60349e+15	1.00374e+16	1.14713e+16	1.35487e+16	2.56351e+16	9.77061e+16	4.2263e+17	3.2781	3.2427	3.2427	3.2427	3.2427	3.2427	3.2427	3.2427	3.2427	3.2427	3.2427	3.23887	3.1857	2.40375	1.83045	
189563	6.86724e+17	2.7947e+17	1.22297e+17	7.73782e+16	1.54756e+17	2.32135e+17	3.09513e+17	3.86891e+17	4.64269e+17	5.41647e+17	6.19025e+17	6.95305e+17	7.55261e+17	7.17539e+17	1.27754e+17	5.66211e+15	5.17866e+15	2.2662e+15	1.43384e+15	2.86768e+15	4.30152e+15	5.73536e+15	7.1692e+15	8.60304e+15	1.00369e+16	1.14707e+16	1.35553e+16	2.56674e+16	9.79445e+16	4.22635e+17	3.27988	3.24453	3.24453	3.24453	3.24453	3.24453	3.24453	3.24453	3.24453	3.24453	3.24453	3.24067	3.1875	2.40458	1.83092	
189815	6.86724e+17	2.7947e+17	1.22297e+17	7.73783e+16	1.54757e+17	2.32135e+17	3.09513e+17	3.86892e+17	4.6427e+17	5.41648e+17	6.19026e+17	6.95294e+17	7.55209e+17	7.17145e+17	1.2773e+17	5.66184e+15	5.17839e+15	2.26608e+15	1.43377e+15	2.86753e+15	4.3013e+15	5.73507e+15	7.16883e+15	8.6026e+15	1.00364e+16	1.14701e+16	1.35619e+16	2.56995e+16	9.81837e+16	4.22641e+17	3.28165	3.24636	3.24636	3.24636	3.24636	3.24636	3.24636	3.24636	3.24636	3.24636	3.24636	3.24247	3.18929	2.40541	1.83138	
190067	6.86725e+17	2.79471e+17	1.22297e+17	7.73784e+16	1.54757e+17	2.32135e+17	3.09514e+17	3.86892e+17	4.64271e+17	5.41649e+17	6.19027e+17	6.95283e+17	7.55157e+17	7.16749e+17	1.27704e+17	5.66157e+15	5.17813e+15	2.26596e+15	1.43369e+15	2.86738e+15	4.30108e+15	5.73477e+15	7.16846e+15	8.60215e+15	1.00358e+16	1.14695e+16	1.35684e+16	2.57317e+16	9.84244e+16	4.22646e+17	3.28342	3.24819	3.24819	3.24819	3.24819	3.24819	3.24819	3.24819	3.24819	3.24819	3.24819	3.24427	3.19109	2.40624	1.83185	
190319	6.86726e+17	2.79471e+17	1.22297e+17	7.73786e+16	1.54757e+17	2.32136e+17	3.09514e+17	3.86893e+17	4.64271e+17	5.4165e+17	6.19028e+17	6.95273e+17	7.55106e+17	7.16352e+17	1.27678e+17	5.6613e+15	5.17786e+15	2.26585e+15	1.43362e+15	2.86724e+15	4.30086e+15	5.73448e+15	7.1681e+15	8.60171e+15	1.00353e+16	1.1469e+16	1.3575e+16	2.57637e+16	9.86653e+16	4.22652e+17	3.28519	3.25001	3.25001	3.25001	3.25001	3.25001	3.25001	3.25001	3.25001	3.25001	3.25001	3.24607	3.19287	2.40707	1.83231	
190572	6.86726e+17	2.79472e+17	1.22298e+17	7.73787e+16	1.54757e+17	2.32136e+17	3.09515e+17	3.86893e+17	4.64272e+17	5.41651e+17	6.19029e+17	6.95262e+17	7.55054e+17	7.15953e+17	1.2765e+17	5.66103e+15	5.1776e+15	2.26573e+15	1.43355e+15	2.86709e+15	4.30064e+15	5.73418e+15	7.16773e+15	8.60127e+15	1.00348e+16	1.14684e+16	1.35815e+16	2.57957e+16	9.89079e+16	4.22658e+17	3.28696	3.25183	3.25183	3.25183	3.25183	3.25183	3.25183	3.25183	3.25183	3.25183	3.25183	3.24786	3.19466	2.4079	1.83278	
190823	6.86727e+17	2.79472e+17	1.22298e+17	7.73788e+16	1.54758e+17	2.32136e+17	3.09515e+17	3.86894e+17	4.64273e+17	5.41652e+17	6.1903e+17	6.95251e+17	7.55003e+17	7.15553e+17	1.27622e+17	5.66076e+15	5.17733e+15	2.26561e+15	1.43347e+15	2.86695e+15	4.30042e+15	5.73389e+15	7.16737e+15	8.60084e+15	1.00343e+16	1.14678e+16	1.35879e+16	2.58275e+16	9.91508e+16	4.22665e+17	3.28872	3.25365	3.25365	3.25365	3.25365	3.25365	3.25365	3.25365	3.25365	3.25365	3.25365	3.24965	3.19644	2.40872	1.83325	
191075	6.86727e+17	2.79473e+17	1.22298e+17	7.73789e+16	1.54758e+17	2.32137e+17	3.09516e+17	3.86895e+17	4.64273e+17	5.41652e+17	6.19031e+17	6.95241e+17	7.54952e+17	7.15151e+17	1.27592e+17	5.6605e+15	5.17707e+15	2.2655e+15	1.4334e+15	2.8668e+15	4.3002e+15	5.7336e+15	7.167e+15	8.6004e+15	1.00338e+16	1.14672e+16	1.35944e+16	2.58593e+16	9.93948e+16	4.22671e+17	3.29048	3.25547	3.25547	3.25547	3.25547	3.25547	3.25547	3.25547	3.25547	3.25547	3.25547	3.25144	3.19822	2.40955	1.83371	
191328	6.86728e+17	2.79473e+17	1.22298e+17	7.7379e+16	1.54758e+17	2.32137e+17	3.09516e+17	3.86895e+17	4.64274e+17	5.41653e+17	6.19032e+17	6.9523e+17	7.54901e+17	7.14747e+17	1.2756e+17	5.66023e+15	5.17681e+15	2.26539e+15	1.43333e+15	2.86666e+15	4.29998e+15	5.73331e+15	7.16664e+15	8.59997e+15	1.00333e+16	1.14666e+16	1.36008e+16	2.5891e+16	9.964e+16	4.22678e+17	3.29224	3.25728	3.25728	3.25728	3.25728	3.25728	3.25728	3.25728	3.25728	3.25728	3.25728	3.25322	3.2	2.41038	1.83418	
191580	6.86728e+17	2.79473e+17	1.22298e+17	7.73792e+16	1.54758e+17	2.32137e+17	3.09517e+17	3.86896e+17	4.64275e+17	5.41654e+17	6.19033e+17	6.95219e+17	7.5485e+17	7.14342e+17	1.27528e+17	5.65997e+15	5.17655e+15	2.26527e+15	1.43326e+15	2.86651e+15	4.29977e+15	5.73303e+15	7.16628e+15	8.59954e+15	1.00328e+16	1.14661e+16	1.36073e+16	2.59226e+16	9.98861e+16	4.22685e+17	3.29399	3.25909	3.25909	3.25909	3.25909	3.25909	3.25909	3.25909	3.25909	3.25909	3.25909	3.25501	3.20177	2.41121	1.83465	
191832	6.86729e+17	2.79474e+17	1.22299e+17	7.73793e+16	1.54759e+17	2.32138e+17	3.09517e+17	3.86896e+17	4.64276e+17	5.41655e+17	6.19034e+17	6.95209e+17	7.54799e+17	7.13934e+17	1.27494e+17	5.6597e+15	5.17629e+15	2.26516e+15	1.43318e+15	2.86637e+15	4.29955e+15	5.73274e+15	7.16592e+15	8.59911e+15	1.00323e+16	1.14655e+16	1.36137e+16	2.59542e+16	1.00134e+17	4.22693e+17	3.29575	3.2609	3.2609	3.2609	3.2609	3.2609	3.2609	3.2609	3.2609	3.2609	3.2609	3.25679	3.20355	2.41204	1.83512	
192084	6.86729e+17	2.79474e+17	1.22299e+17	7.73794e+16	1.54759e+17	2.32138e+17	3.09518e+17	3.86897e+17	4.64276e+17	5.41656e+17	6.19035e+17	6.95198e+17	7.54749e+17	7.13526e+17	1.2746e+17	5.65944e+15	5.17604e+15	2.26505e+15	1.43311e+15	2.86623e+15	4.29934e+15	5.73245e+15	7.16557e+15	8.59868e+15	1.00318e+16	1.14649e+16	1.362e+16	2.59856e+16	1.00381e+17	4.22701e+17	3.29749	3.2627	3.2627	3.2627	3.2627	3.2627	3.2627	3.2627	3.2627	3.2627	3.2627	3.25856	3.20531	2.41286	1.83558	
192337	6.8673e+17	2.79475e+17	1.22299e+17	7.73795e+16	1.54759e+17	2.32139e+17	3.09518e+17	3.86898e+17	4.64277e+17	5.41657e+17	6.19036e+17	6.95188e+17	7.54698e+17	7.13115e+17	1.27424e+17	5.65918e+15	5.17578e+15	2.26493e+15	1.43304e+15	2.86608e+15	4.29913e+15	5.73217e+15	7.16521e+15	8.59825e+15	1.00313e+16	1.14643e+16	1.36264e+16	2.6017e+16	1.00631e+17	4.22709e+17	3.29924	3.26451	3.26451	3.26451	3.26451	3.26451	3.26451	3.26451	3.26451	3.26451	3.26451	3.26034	3.20708	2.41369	1.83605	
192589	6.8673e+17	2.79475e+17	1.22299e+17	7.73796e+16	1.54759e+17	2.32139e+17	3.09518e+17	3.86898e+17	4.64278e+17	5.41657e+17	6.19037e+17	6.95177e+17	7.54648e+17	7.12704e+17	1.27386e+17	5.65892e+15	5.17552e+15	2.26482e+15	1.43297e+15	2.86594e+15	4.29891e+15	5.73189e+15	7.16486e+15	8.59783e+15	1.00308e+16	1.14638e+16	1.36328e+16	2.60482e+16	1.0088e+17	4.22717e+17	3.30099	3.2663	3.2663	3.2663	3.2663	3.2663	3.2663	3.2663	3.2663	3.2663	3.2663	3.26211	3.20884	2.41452	1.83652	
192841	6.86731e+17	2.79476e+17	1.22299e+17	7.73797e+16	1.54759e+17	2.32139e+17	3.09519e+17	3.86899e+17	4.64278e+17	5.41658e+17	6.19038e+17	6.95167e+17	7.54597e+17	7.1229e+17	1.27348e+17	5.65866e+15	5.17527e+15	2.26471e+15	1.4329e+15	2.8658e+15	4.2987e+15	5.7316e+15	7.16451e+15	8.59741e+15	1.00303e+16	1.14632e+16	1.36391e+16	2.60794e+16	1.01131e+17	4.22725e+17	3.30273	3.2681	3.2681	3.2681	3.2681	3.2681	3.2681	3.2681	3.2681	3.2681	3.2681	3.26388	3.2106	2.41534	1.83699	
193093	6.86731e+17	2.79476e+17	1.22299e+17	7.73799e+16	1.5476e+17	2.3214e+17	3.09519e+17	3.86899e+17	4.64279e+17	5.41659e+17	6.19039e+17	6.95156e+17	7.54547e+17	7.11875e+17	1.27308e+17	5.6584e+15	5.17502e+15	2.2646e+15	1.43283e+15	2.86566e+15	4.29849e+15	5.73132e+15	7.16415e+15	8.59699e+15	1.00298e+16	1.14626e+16	1.36454e+16	2.61106e+16	1.01383e+17	4.22734e+17	3.30447	3.26989	3.26989	3.26989	3.26989	3.26989	3.26989	3.26989	3.26989	3.26989	3.26989	3.26565	3.21235	2.41617	1.83746	
193346	6.86732e+17	2.79476e+17	1.223e+17	7.738e+16	1.5476e+17	2.3214e+17	3.0952e+17	3.869e+17	4.6428e+17	5.4166e+17	6.1904e+17	6.95146e+17	7.54497e+17	7.11458e+17	1.27268e+17	5.65815e+15	5.17476e+15	2.26449e+15	1.43276e+15	2.86552e+15	4.29828e+15	5.73104e+15	7.16381e+15	8.59657e+15	1.00293e+16	1.14621e+16	1.36517e+16	2.61416e+16	1.01636e+17	4.22743e+17	3.30621	3.27169	3.27169	3.27169	3.27169	3.27169	3.27169	3.27169	3.27169	3.27169	3.27169	3.26741	3.21411	2.417	1.83792	
193598	6.86732e+17	2.79477e+17	1.223e+17	7.73801e+16	1.5476e+17	2.3214e+17	3.0952e+17	3.869e+17	4.6428e+17	5.41661e+17	6.19041e+17	6.95136e+17	7.54447e+17	7.11039e+17	1.27226e+17	5.65789e+15	5.17451e+15	2.26438e+15	1.43269e+15	2.86538e+15	4.29807e+15	5.73077e+15	7.16346e+15	8.59615e+15	1.00288e+16	1.14615e+16	1.3658e+16	2.61726e+16	1.0189e+17	4.22752e+17	3.30795	3.27348	3.27348	3.27348	3.27348	3.27348	3.27348	3.27348	3.27348	3.27348	3.27348	3.26918	3.21586	2.41783	1.83839	
193850	6.86733e+17	2.79477e+17	1.223e+17	7.73802e+16	1.5476e+17	2.32141e+17	3.09521e+17	3.86901e+17	4.64281e+17	5.41661e+17	6.19042e+17	6.95125e+17	7.54398e+17	7.10619e+17	1.27183e+17	5.65764e+15	5.17426e+15	2.26427e+15	1.43262e+15	2.86524e+15	4.29787e+15	5.73049e+15	7.16311e+15	8.59573e+15	1.00284e+16	1.1461e+16	1.36643e+16	2.62035e+16	1.02144e+17	4.22762e+17	3.30968	3.27526	3.27526	3.27526	3.27526	3.27526	3.27526	3.27526	3.27526	3.27526	3.27526	3.27094	3.21761	2.41865	1.83886	
194103	6.86733e+17	2.79478e+17	1.223e+17	7.73803e+16	1.54761e+17	2.32141e+17	3.09521e+17	3.86902e+17	4.64282e+17	5.41662e+17	6.19042e+17	6.95115e+17	7.54348e+17	7.10197e+17	1.27139e+17	5.65738e+15	5.17401e+15	2.26416e+15	1.43255e+15	2.86511e+15	4.29766e+15	5.73021e+15	7.16277e+15	8.59532e+15	1.00279e+16	1.14604e+16	1.36705e+16	2.62344e+16	1.024e+17	4.22772e+17	3.31141	3.27705	3.27705	3.27705	3.27705	3.27705	3.27705	3.27705	3.27705	3.27705	3.27705	3.2727	3.21936	2.41948	1.83933	
194355	6.86734e+17	2.79478e+17	1.223e+17	7.73804e+16	1.54761e+17	2.32141e+17	3.09522e+17	3.86902e+17	4.64283e+17	5.41663e+17	6.19043e+17	6.95105e+17	7.54298e+17	7.09774e+17	1.27093e+17	5.65713e+15	5.17376e+15	2.26405e+15	1.43248e+15	2.86497e+15	4.29745e+15	5.72994e+15	7.16242e+15	8.59491e+15	1.00274e+16	1.14599e+16	1.36768e+16	2.62651e+16	1.02657e+17	4.22782e+17	3.31313	3.27883	3.27883	3.27883	3.27883	3.27883	3.27883	3.27883	3.27883	3.27883	3.27883	3.27445	3.2211	2.4203	1.8398	
194607	6.86734e+17	2.79479e+17	1.22301e+17	7.73805e+16	1.54761e+17	2.32142e+17	3.09522e+17	3.86903e+17	4.64283e+17	5.41664e+17	6.19044e+17	6.95095e+17	7.54249e+17	7.09349e+17	1.27047e+17	5.65688e+15	5.17352e+15	2.26394e+15	1.43242e+15	2.86483e+15	4.29725e+15	5.72966e+15	7.16208e+15	8.5945e+15	1.00269e+16	1.14593e+16	1.3683e+16	2.62958e+16	1.02914e+17	4.22792e+17	3.31486	3.2806	3.2806	3.2806	3.2806	3.2806	3.2806	3.2806	3.2806	3.2806	3.2806	3.2762	3.22284	2.42113	1.84027	
194860	6.86735e+17	2.79479e+17	1.22301e+17	7.73806e+16	1.54761e+17	2.32142e+17	3.09523e+17	3.86903e+17	4.64284e+17	5.41665e+17	6.19045e+17	6.95084e+17	7.542e+17	7.08922e+17	1.26999e+17	5.65663e+15	5.17327e+15	2.26384e+15	1.43235e+15	2.8647e+15	4.29704e+15	5.72939e+15	7.16174e+15	8.59409e+15	1.00264e+16	1.14588e+16	1.36892e+16	2.63264e+16	1.03173e+17	4.22803e+17	3.31658	3.28238	3.28238	3.28238	3.28238	3.28238	3.28238	3.28238	3.28238	3.28238	3.28238	3.27795	3.22457	2.42196	1.84073	
195112	6.86735e+17	2.79479e+17	1.22301e+17	7.73808e+16	1.54762e+17	2.32142e+17	3.09523e+17	3.86904e+17	4.64285e+17	5.41665e+17	6.19046e+17	6.95074e+17	7.54151e+17	7.08494e+17	1.2695e+17	5.65638e+15	5.17303e+15	2.26373e+15	1.43228e+15	2.86456e+15	4.29684e+15	5.72912e+15	7.1614e+15	8.59368e+15	1.0026e+16	1.14582e+16	1.36954e+16	2.63569e+16	1.03432e+17	4.22813e+17	3.3183	3.28415	3.28415	3.28415	3.28415	3.28415	3.28415	3.28415	3.28415	3.28415	3.28415	3.2797	3.22631	2.42278	1.8412	
195365	6.86736e+17	2.7948e+17	1.22301e+17	7.73809e+16	1.54762e+17	2.32143e+17	3.09523e+17	3.86904e+17	4.64285e+17	5.41666e+17	6.19047e+17	6.95064e+17	7.54101e+17	7.08063e+17	1.269e+17	5.65613e+15	5.17278e+15	2.26362e+15	1.43221e+15	2.86443e+15	4.29664e+15	5.72885e+15	7.16106e+15	8.59328e+15	1.00255e+16	1.14577e+16	1.37016e+16	2.63874e+16	1.03693e+17	4.22824e+17	3.32002	3.28593	3.28593	3.28593	3.28593	3.28593	3.28593	3.28593	3.28593	3.28593	3.28593	3.28145	3.22804	2.42361	1.84167	
195617	6.86736e+17	2.7948e+17	1.22301e+17	7.7381e+16	1.54762e+17	2.32143e+17	3.09524e+17	3.86905e+17	4.64286e+17	5.41667e+17	6.19048e+17	6.95054e+17	7.54053e+17	7.07632e+17	1.26849e+17	5.65589e+15	5.17254e+15	2.26352e+15	1.43215e+15	2.86429e+15	4.29644e+15	5.72858e+15	7.16073e+15	8.59287e+15	1.0025e+16	1.14572e+16	1.37078e+16	2.64178e+16	1.03954e+17	4.22836e+17	3.32174	3.28769	3.28769	3.28769	3.28769	3.28769	3.28769	3.28769	3.28769	3.28769	3.28769	3.28318	3.22977	2.42443	1.84214	
195870	6.86737e+17	2.79481e+17	1.22301e+17	7.73811e+16	1.54762e+17	2.32143e+17	3.09524e+17	3.86905e+17	4.64287e+17	5.41668e+17	6.19049e+17	6.95043e+17	7.54004e+17	7.07198e+17	1.26797e+17	5.65564e+15	5.1723e+15	2.26341e+15	1.43208e+15	2.86416e+15	4.29624e+15	5.72831e+15	7.16039e+15	8.59247e+15	1.00245e+16	1.14566e+16	1.3714e+16	2.64482e+16	1.04217e+17	4.22847e+17	3.32345	3.28946	3.28946	3.28946	3.28946	3.28946	3.28946	3.28946	3.28946	3.28946	3.28946	3.28493	3.2315	2.42526	1.84261	
196122	6.86737e+17	2.79481e+17	1.22302e+17	7.73812e+16	1.54762e+17	2.32144e+17	3.09525e+17	3.86906e+17	4.64287e+17	5.41668e+17	6.1905e+17	6.95033e+17	7.53955e+17	7.06764e+17	1.26744e+17	5.6554e+15	5.17206e+15	2.26331e+15	1.43201e+15	2.86402e+15	4.29604e+15	5.72805e+15	7.16006e+15	8.59207e+15	1.00241e+16	1.14561e+16	1.37202e+16	2.64784e+16	1.0448e+17	4.22859e+17	3.32516	3.29122	3.29122	3.29122	3.29122	3.29122	3.29122	3.29122	3.29122	3.29122	3.29122	3.28666	3.23322	2.42609	1.84308	
196374	6.86737e+17	2.79481e+17	1.22302e+17	7.73813e+16	1.54763e+17	2.32144e+17	3.09525e+17	3.86907e+17	4.64288e+17	5.41669e+17	6.19051e+17	6.95023e+17	7.53906e+17	7.06328e+17	1.26689e+17	5.65516e+15	5.17182e+15	2.2632e+15	1.43195e+15	2.86389e+15	4.29584e+15	5.72778e+15	7.15973e+15	8.59167e+15	1.00236e+16	1.14556e+16	1.37263e+16	2.65087e+16	1.04744e+17	4.22871e+17	3.32687	3.29298	3.29298	3.29298	3.29298	3.29298	3.29298	3.29298	3.29298	3.29298	3.29298	3.2884	3.23494	2.42691	1.84354	
196627	6.86738e+17	2.79482e+17	1.22302e+17	7.73814e+16	1.54763e+17	2.32144e+17	3.09526e+17	3.86907e+17	4.64289e+17	5.4167e+17	6.19051e+17	6.95013e+17	7.53858e+17	7.05889e+17	1.26634e+17	5.65491e+15	5.17158e+15	2.2631e+15	1.43188e+15	2.86376e+15	4.29564e+15	5.72752e+15	7.1594e+15	8.59128e+15	1.00232e+16	1.1455e+16	1.37324e+16	2.65388e+16	1.05009e+17	4.22883e+17	3.32858	3.29474	3.29474	3.29474	3.29474	3.29474	3.29474	3.29474	3.29474	3.29474	3.29474	3.29013	3.23666	2.42774	1.84401	
196880	6.86738e+17	2.79482e+17	1.22302e+17	7.73815e+16	1.54763e+17	2.32145e+17	3.09526e+17	3.86908e+17	4.64289e+17	5.41671e+17	6.19052e+17	6.95003e+17	7.53809e+17	7.0545e+17	1.26577e+17	5.65467e+15	5.17134e+15	2.26299e+15	1.43181e+15	2.86363e+15	4.29544e+15	5.72726e+15	7.15907e+15	8.59088e+15	1.00227e+16	1.14545e+16	1.37386e+16	2.65689e+16	1.05275e+17	4.22896e+17	3.33028	3.29649	3.29649	3.29649	3.29649	3.29649	3.29649	3.29649	3.29649	3.29649	3.29649	3.29186	3.23838	2.42856	1.84448	
197132	6.86739e+17	2.79482e+17	1.22302e+17	7.73816e+16	1.54763e+17	2.32145e+17	3.09527e+17	3.86908e+17	4.6429e+17	5.41671e+17	6.19053e+17	6.94993e+17	7.53761e+17	7.05008e+17	1.26519e+17	5.65443e+15	5.1711e+15	2.26289e+15	1.43175e+15	2.8635e+15	4.29524e+15	5.72699e+15	7.15874e+15	8.59049e+15	1.00222e+16	1.1454e+16	1.37447e+16	2.6599e+16	1.05543e+17	4.22908e+17	3.33198	3.29825	3.29825	3.29825	3.29825	3.29825	3.29825	3.29825	3.29825	3.29825	3.29825	3.29359	3.24009	2.42939	1.84495	
197385	6.86739e+17	2.79483e+17	1.22302e+17	7.73817e+16	1.54763e+17	2.32145e+17	3.09527e+17	3.86909e+17	4.6429e+17	5.41672e+17	6.19054e+17	6.94983e+17	7.53712e+17	7.04565e+17	1.2646e+17	5.65419e+15	5.17087e+15	2.26279e+15	1.43168e+15	2.86337e+15	4.29505e+15	5.72673e+15	7.15842e+15	8.5901e+15	1.00218e+16	1.14535e+16	1.37508e+16	2.6629e+16	1.0581e+17	4.22921e+17	3.33368	3.3	3.3	3.3	3.3	3.3	3.3	3.3	3.3	3.3	3.3	3.29532	3.2418	2.43021	1.84542	
197638	6.8674e+17	2.79483e+17	1.22303e+17	7.73819e+16	1.54764e+17	2.32146e+17	3.09527e+17	3.86909e+17	4.64291e+17	5.41673e+17	6.19055e+17	6.94973e+17	7.53664e+17	7.0412e+17	1.264e+17	5.65396e+15	5.17063e+15	2.26268e+15	1.43162e+15	2.86324e+15	4.29485e+15	5.72647e+15	7.15809e+15	8.58971e+15	1.00213e+16	1.14529e+16	1.37569e+16	2.6659e+16	1.0608e+17	4.22935e+17	3.33538	3.30175	3.30175	3.30175	3.30175	3.30175	3.30175	3.30175	3.30175	3.30175	3.30175	3.29704	3.24351	2.43104	1.84589	
197890	6.8674e+17	2.79484e+17	1.22303e+17	7.7382e+16	1.54764e+17	2.32146e+17	3.09528e+17	3.8691e+17	4.64292e+17	5.41674e+17	6.19056e+17	6.94963e+17	7.53616e+17	7.03674e+17	1.26339e+17	5.65372e+15	5.1704e+15	2.26258e+15	1.43155e+15	2.86311e+15	4.29466e+15	5.72621e+15	7.15777e+15	8.58932e+15	1.00209e+16	1.14524e+16	1.3763e+16	2.66888e+16	1.06349e+17	4.22948e+17	3.33707	3.30349	3.30349	3.30349	3.30349	3.30349	3.30349	3.30349	3.30349	3.30349	3.30349	3.29876	3.24522	2.43186	1.84636	
198142	6.86741e+17	2.79484e+17	1.22303e+17	7.73821e+16	1.54764e+17	2.32146e+17	3.09528e+17	3.8691e+17	4.64292e+17	5.41674e+17	6.19057e+17	6.94953e+17	7.53568e+17	7.03227e+17	1.26277e+17	5.65348e+15	5.17017e+15	2.26248e+15	1.43149e+15	2.86298e+15	4.29447e+15	5.72596e+15	7.15745e+15	8.58893e+15	1.00204e+16	1.14519e+16	1.37691e+16	2.67186e+16	1.0662e+17	4.22962e+17	3.33876	3.30523	3.30523	3.30523	3.30523	3.30523	3.30523	3.30523	3.30523	3.30523	3.30523	3.30048	3.24692	2.43268	1.84682	
198395	6.86741e+17	2.79484e+17	1.22303e+17	7.73822e+16	1.54764e+17	2.32147e+17	3.09529e+17	3.86911e+17	4.64293e+17	5.41675e+17	6.19057e+17	6.94943e+17	7.5352e+17	7.02777e+17	1.26214e+17	5.65325e+15	5.16994e+15	2.26238e+15	1.43143e+15	2.86285e+15	4.29428e+15	5.7257e+15	7.15713e+15	8.58855e+15	1.002e+16	1.14514e+16	1.37752e+16	2.67484e+16	1.06892e+17	4.22976e+17	3.34045	3.30698	3.30698	3.30698	3.30698	3.30698	3.30698	3.30698	3.30698	3.30698	3.30698	3.3022	3.24862	2.43351	1.84729	
198648	6.86742e+17	2.79485e+17	1.22303e+17	7.73823e+16	1.54765e+17	2.32147e+17	3.09529e+17	3.86911e+17	4.64294e+17	5.41676e+17	6.19058e+17	6.94933e+17	7.53472e+17	7.02326e+17	1.26149e+17	5.65302e+15	5.16971e+15	2.26228e+15	1.43136e+15	2.86272e+15	4.29408e+15	5.72545e+15	7.15681e+15	8.58817e+15	1.00195e+16	1.14509e+16	1.37812e+16	2.67782e+16	1.07164e+17	4.2299e+17	3.34214	3.30871	3.30871	3.30871	3.30871	3.30871	3.30871	3.30871	3.30871	3.30871	3.30871	3.30391	3.25032	2.43433	1.84776	
198901	6.86742e+17	2.79485e+17	1.22303e+17	7.73824e+16	1.54765e+17	2.32147e+17	3.0953e+17	3.86912e+17	4.64294e+17	5.41677e+17	6.19059e+17	6.94923e+17	7.53424e+17	7.01873e+17	1.26084e+17	5.65278e+15	5.16948e+15	2.26218e+15	1.4313e+15	2.8626e+15	4.29389e+15	5.72519e+15	7.15649e+15	8.58779e+15	1.00191e+16	1.14504e+16	1.37873e+16	2.68079e+16	1.07438e+17	4.23004e+17	3.34383	3.31045	3.31045	3.31045	3.31045	3.31045	3.31045	3.31045	3.31045	3.31045	3.31045	3.30562	3.25202	2.43516	1.84823	
199153	6.86743e+17	2.79486e+17	1.22304e+17	7.73825e+16	1.54765e+17	2.32147e+17	3.0953e+17	3.86912e+17	4.64295e+17	5.41677e+17	6.1906e+17	6.94913e+17	7.53377e+17	7.01419e+17	1.26017e+17	5.65255e+15	5.16925e+15	2.26208e+15	1.43123e+15	2.86247e+15	4.2937e+15	5.72494e+15	7.15617e+15	8.58741e+15	1.00186e+16	1.14499e+16	1.37934e+16	2.68375e+16	1.07712e+17	4.23019e+17	3.34551	3.31218	3.31218	3.31218	3.31218	3.31218	3.31218	3.31218	3.31218	3.31218	3.31218	3.30733	3.25371	2.43598	1.84869	
199406	6.86743e+17	2.79486e+17	1.22304e+17	7.73826e+16	1.54765e+17	2.32148e+17	3.0953e+17	3.86913e+17	4.64296e+17	5.41678e+17	6.19061e+17	6.94903e+17	7.53329e+17	7.00963e+17	1.2595e+17	5.65232e+15	5.16902e+15	2.26198e+15	1.43117e+15	2.86234e+15	4.29351e+15	5.72469e+15	7.15586e+15	8.58703e+15	1.00182e+16	1.14494e+16	1.37994e+16	2.68672e+16	1.07988e+17	4.23034e+17	3.34719	3.31392	3.31392	3.31392	3.31392	3.31392	3.31392	3.31392	3.31392	3.31392	3.31392	3.30904	3.25541	2.4368	1.84916	
199659	6.86743e+17	2.79486e+17	1.22304e+17	7.73827e+16	1.54765e+17	2.32148e+17	3.09531e+17	3.86913e+17	4.64296e+17	5.41679e+17	6.19062e+17	6.94893e+17	7.53281e+17	7.00506e+17	1.25881e+17	5.65209e+15	5.1688e+15	2.26188e+15	1.43111e+15	2.86222e+15	4.29333e+15	5.72444e+15	7.15554e+15	8.58665e+15	1.00178e+16	1.14489e+16	1.38054e+16	2.68967e+16	1.08264e+17	4.23049e+17	3.34886	3.31564	3.31564	3.31564	3.31564	3.31564	3.31564	3.31564	3.31564	3.31564	3.31564	3.31074	3.25709	2.43763	1.84963	
199911	6.86744e+17	2.79487e+17	1.22304e+17	7.73828e+16	1.54766e+17	2.32148e+17	3.09531e+17	3.86914e+17	4.64297e+17	5.4168e+17	6.19062e+17	6.94883e+17	7.53234e+17	7.00047e+17	1.25812e+17	5.65187e+15	5.16857e+15	2.26178e+15	1.43105e+15	2.86209e+15	4.29314e+15	5.72419e+15	7.15523e+15	8.58628e+15	1.00173e+16	1.14484e+16	1.38115e+16	2.69262e+16	1.08541e+17	4.23064e+17	3.35054	3.31737	3.31737	3.31737	3.31737	3.31737	3.31737	3.31737	3.31737	3.31737	3.31737	3.31244	3.25878	2.43845	1.8501	
200000	6.86744e+17	2.79487e+17	1.22304e+17	7.73828e+16	1.54766e+17	2.32148e+17	3.09531e+17	3.86914e+17	4.64297e+17	5.4168e+17	6.19063e+17	6.94879e+17	7.53217e+17	6.99885e+17	1.25787e+17	5.65179e+15	5.16849e+15	2.26175e+15	1.43102e+15	2.86205e+15	4.29307e+15	5.7241e+15	7.15512e+15	8.58615e+15	1.00172e+16	1.14482e+16	1.38136e+16	2.69366e+16	1.08639e+17	4.23069e+17	3.35113	3.31797	3.31797	3.31797	3.31797	3.31797	3.31797	3.31797	3.31797	3.31797	3.31797	3.31304	3.25937	2.43874	1.85026	
