"","Time","PCO2","SigCSurf","SigCDeep","AlkSurf","AlkDeep","PO4Surf","PO4Deep","d13CAtm","d13CSurf","d13CDeep","BioC","d13CBio","Inject","Stemp","Dtemp","Export","Lysocline","CalBurial","Dissolution","c13Diss","OrgBurial","PO4Burial","sCO3..Change","dCO3..Change","SAFrac","Assim","Resp","Eros","Kerogen"
"1",0,3.38,3.08,3.23,3.19,3.2,0.325,1.576,-4.7,4,3.1,0.226828,-28.1,0,290,281,0.00016224,4.38078,1.72819e-05,2.29702e-05,4.68986,5.0224e-06,1.56e-05,-0.0530665,0.0614203,8.81,0.014427,0.0143809,4.60916e-05,2.882e-06
"2",252.681,3.37248,3.08418,3.23074,3.19036,3.20196,0.324921,1.576,-4.70331,4.04571,3.09514,0.227019,-28.0653,0,289.981,280.981,0.000162201,4.43244,2.18175e-05,1.84249e-05,4.75233,5.02593e-06,1.56084e-05,-0.0559874,0.0619301,8.81217,0.014427,0.0143818,4.61264e-05,2.87930609495289e-06
"3",503.024,3.37437,3.08535,3.23108,3.19144,3.20283,0.324921,1.576,-4.69435,4.05248,3.09373,0.226961,-28.0586,0,289.986,280.986,0.000162201,4.455,2.32357e-05,1.70067e-05,4.76362,5.02495e-06,1.56054e-05,-0.0560282,0.062154,8.81163,0.014427,0.0143809,4.61159e-05,2.88012360737325e-06
"4",753.859,3.37355,3.08593,3.23134,3.19211,3.20335,0.324921,1.57599,-4.69146,4.05513,3.09336,0.226978,-28.0547,0,289.983,280.983,0.0001622,4.46654,2.37956e-05,1.64467e-05,4.76794,5.02537e-06,1.56067e-05,-0.0559506,0.0622689,8.81187,0.014427,0.0143807,4.61189e-05,2.87988394364963e-06
"5",1005.21,3.37173,3.08626,3.23155,3.19254,3.20373,0.324919,1.57599,-4.69074,4.05619,3.09336,0.22702,-28.0517,0,289.979,280.979,0.0001622,4.47354,2.40869e-05,1.61552e-05,4.76984,5.02632e-06,1.56095e-05,-0.0558684,0.0623387,8.81239,0.014427,0.0143807,4.61266e-05,2.8792920039741e-06
"6",1255.64,3.3697,3.08647,3.23174,3.19284,3.20402,0.324917,1.57599,-4.69077,4.05665,3.09348,0.227068,-28.0494,0,289.974,280.974,0.000162199,4.47824,2.42599e-05,1.5982e-05,4.77076,5.02737e-06,1.56128e-05,-0.0557916,0.0623856,8.81298,0.014427,0.0143807,4.61353e-05,2.87861579881785e-06
"7",1506.22,3.36775,3.08662,3.23189,3.19308,3.20425,0.324916,1.57598,-4.69105,4.05689,3.09363,0.227114,-28.0473,0,289.969,280.969,0.000162198,4.48169,2.43745e-05,1.58672e-05,4.77128,5.02838e-06,1.56158e-05,-0.055723,0.0624201,8.81354,0.014427,0.0143807,4.61437e-05,2.87796806615262e-06
"8",1757.2,3.36601,3.08673,3.23203,3.19326,3.20445,0.324913,1.57597,-4.69138,4.05705,3.0938,0.227155,-28.0456,0,289.964,280.964,0.000162197,4.4844,2.44569e-05,1.57846e-05,4.77161,5.02929e-06,1.56186e-05,-0.0556633,0.0624471,8.81405,0.014427,0.0143807,4.61513e-05,2.87739098417497e-06
"9",2007.76,3.36448,3.08682,3.23214,3.19342,3.20461,0.324911,1.57596,-4.69169,4.05716,3.09395,0.227192,-28.0441,0,289.96,280.96,0.000162196,4.4866,2.45196e-05,1.57216e-05,4.77186,5.03007e-06,1.56209e-05,-0.0556119,0.062469,8.81449,0.014427,0.0143807,4.61579e-05,2.87687040087396e-06
"10",2258.76,3.36317,3.08689,3.23223,3.19355,3.20475,0.324909,1.57595,-4.69197,4.05726,3.0941,0.227223,-28.0428,0,289.957,280.957,0.000162194,4.48844,2.45696e-05,1.56713e-05,4.77206,5.03075e-06,1.5623e-05,-0.0555679,0.0624874,8.81487,0.014427,0.0143807,4.61636e-05,2.87643438097934e-06
"11",2510.08,3.36204,3.08696,3.23232,3.19366,3.20487,0.324906,1.57594,-4.6922,4.05734,3.09424,0.22725,-28.0417,0,289.954,280.954,0.000162193,4.49,2.46108e-05,1.56298e-05,4.77224,5.03133e-06,1.56247e-05,-0.0555303,0.062503,8.8152,0.014427,0.0143807,4.61685e-05,2.87605472897487e-06
"12",2760.58,3.36109,3.08701,3.23239,3.19375,3.20497,0.324904,1.57593,-4.69238,4.05743,3.09437,0.227273,-28.0407,0,289.951,280.951,0.000162192,4.49132,2.46455e-05,1.55948e-05,4.77241,5.03182e-06,1.56261e-05,-0.0554982,0.0625163,8.81548,0.014427,0.0143807,4.61727e-05,2.87573140042593e-06
"13",3011.83,3.36027,3.08705,3.23245,3.19383,3.20505,0.324901,1.57592,-4.69254,4.05751,3.09449,0.227292,-28.0399,0,289.949,280.949,0.000162191,4.49246,2.46753e-05,1.55647e-05,4.77257,5.03224e-06,1.56273e-05,-0.0554708,0.0625277,8.81572,0.014427,0.0143808,4.61763e-05,2.87546435751917e-06
"14",3262.15,3.35958,3.08709,3.2325,3.1939,3.20513,0.324899,1.57591,-4.69266,4.05758,3.09461,0.227309,-28.0392,0,289.948,280.948,0.000162189,4.49343,2.47012e-05,1.55385e-05,4.77273,5.03259e-06,1.56284e-05,-0.0554475,0.0625373,8.81592,0.014427,0.0143808,4.61793e-05,2.8752254662382e-06
"15",3512.71,3.35899,3.08713,3.23254,3.19396,3.20519,0.324896,1.5759,-4.69275,4.05766,3.09472,0.227323,-28.0386,0,289.946,280.946,0.000162188,4.49425,2.4724e-05,1.55154e-05,4.77289,5.03289e-06,1.56292e-05,-0.0554276,0.0625456,8.81609,0.014427,0.0143808,4.61819e-05,2.87502876190529e-06
"16",3764.19,3.35849,3.08716,3.23258,3.19401,3.20524,0.324893,1.57589,-4.69282,4.05773,3.09482,0.227335,-28.0381,0,289.945,280.945,0.000162187,4.49494,2.47443e-05,1.54947e-05,4.77305,5.03313e-06,1.56299e-05,-0.0554108,0.0625525,8.81623,0.014427,0.0143808,4.61841e-05,2.8748601795086e-06
"17",4014.97,3.35807,3.08718,3.23261,3.19405,3.20529,0.324891,1.57587,-4.69287,4.0578,3.09492,0.227345,-28.0376,0,289.944,280.944,0.000162185,4.49552,2.47624e-05,1.54763e-05,4.77322,5.03334e-06,1.56304e-05,-0.0553966,0.0625583,8.81636,0.014427,0.0143808,4.61859e-05,2.87471970920503e-06
"18",4265.4,3.35772,3.0872,3.23264,3.19408,3.20532,0.324888,1.57586,-4.6929,4.05787,3.09501,0.227353,-28.0372,0,289.943,280.943,0.000162184,4.49599,2.47787e-05,1.54596e-05,4.77339,5.03351e-06,1.56309e-05,-0.0553848,0.062563,8.81646,0.014427,0.0143808,4.61874e-05,2.87460734279565e-06
"19",4516.65,3.35743,3.08722,3.23266,3.19411,3.20535,0.324885,1.57585,-4.69291,4.05794,3.0951,0.22736,-28.0369,0,289.942,280.942,0.000162183,4.49636,2.47936e-05,1.54444e-05,4.77357,5.03365e-06,1.56312e-05,-0.055375,0.0625667,8.81654,0.014427,0.0143808,4.61887e-05,2.87450902935622e-06
"20",4767.14,3.35719,3.08723,3.23268,3.19414,3.20538,0.324883,1.57584,-4.69291,4.05801,3.09519,0.227366,-28.0366,0,289.941,280.941,0.000162181,4.49665,2.4807e-05,1.54306e-05,4.77376,5.03376e-06,1.56315e-05,-0.0553671,0.0625697,8.81661,0.014427,0.0143808,4.61897e-05,2.87442476601833e-06
"21",5018,3.35701,3.08724,3.23269,3.19416,3.2054,0.32488,1.57582,-4.6929,4.05807,3.09528,0.22737,-28.0364,0,289.941,280.941,0.00016218,4.49687,2.48193e-05,1.5418e-05,4.77394,5.03385e-06,1.56316e-05,-0.0553608,0.0625718,8.81666,0.014427,0.0143808,4.61905e-05,2.87436859318986e-06
"22",5269.07,3.35686,3.08725,3.2327,3.19417,3.20541,0.324877,1.57581,-4.69288,4.05814,3.09536,0.227374,-28.0362,0,289.941,280.941,0.000162179,4.49701,2.48306e-05,1.54064e-05,4.77413,5.03391e-06,1.56317e-05,-0.0553559,0.0625733,8.81671,0.014427,0.0143808,4.61912e-05,2.87431242254524e-06
"23",5519.26,3.35676,3.08726,3.23271,3.19418,3.20542,0.324874,1.5758,-4.69285,4.0582,3.09544,0.227377,-28.036,0,289.94,280.94,0.000162177,4.4971,2.4841e-05,1.53956e-05,4.77433,5.03395e-06,1.56318e-05,-0.0553524,0.0625741,8.81674,0.014427,0.0143808,4.61916e-05,2.8742702959948e-06
"24",5770.33,3.35668,3.08726,3.23271,3.19419,3.20543,0.324872,1.57578,-4.69281,4.05826,3.09552,0.227378,-28.0359,0,289.94,280.94,0.000162176,4.49712,2.48506e-05,1.53857e-05,4.77452,5.03397e-06,1.56318e-05,-0.05535,0.0625743,8.81676,0.014427,0.0143808,4.6192e-05,2.87425625408426e-06
"25",6021.61,3.35664,3.08726,3.23272,3.19419,3.20543,0.324869,1.57577,-4.69276,4.05832,3.09559,0.227379,-28.0358,0,289.94,280.94,0.000162175,4.49709,2.48595e-05,1.53764e-05,4.77472,5.03398e-06,1.56317e-05,-0.0553488,0.062574,8.81677,0.014427,0.0143808,4.61921e-05,2.87424221231019e-06
"26",6271.92,3.35663,3.08726,3.23272,3.19419,3.20543,0.324866,1.57576,-4.69271,4.05838,3.09566,0.22738,-28.0357,0,289.94,280.94,0.000162173,4.49702,2.48679e-05,1.53677e-05,4.77492,5.03397e-06,1.56316e-05,-0.0553484,0.0625733,8.81677,0.014427,0.0143808,4.61922e-05,2.87422817067257e-06
"27",6522.95,3.35665,3.08726,3.23272,3.19419,3.20542,0.324864,1.57574,-4.69265,4.05844,3.09574,0.227379,-28.0357,0,289.94,280.94,0.000162172,4.4969,2.48757e-05,1.53596e-05,4.77513,5.03395e-06,1.56314e-05,-0.055349,0.0625721,8.81677,0.014427,0.0143808,4.61921e-05,2.87424221231019e-06
"28",6773.63,3.35668,3.08726,3.23271,3.19418,3.20542,0.324861,1.57573,-4.69258,4.0585,3.09581,0.227378,-28.0357,0,289.94,280.94,0.000162171,4.49673,2.4883e-05,1.53519e-05,4.77533,5.03392e-06,1.56313e-05,-0.0553504,0.0625705,8.81676,0.014427,0.0143808,4.6192e-05,2.87425625408426e-06
"29",7024.26,3.35674,3.08725,3.23271,3.19418,3.20541,0.324858,1.57572,-4.69251,4.05856,3.09587,0.227377,-28.0357,0,289.94,280.94,0.000162169,4.49654,2.489e-05,1.53446e-05,4.77554,5.03388e-06,1.5631e-05,-0.0553524,0.0625685,8.81674,0.014427,0.0143808,4.61918e-05,2.8742702959948e-06
"30",7275.73,3.35682,3.08725,3.2327,3.19417,3.20539,0.324856,1.5757,-4.69243,4.05861,3.09594,0.227375,-28.0357,0,289.94,280.94,0.000162168,4.4963,2.48966e-05,1.53377e-05,4.77575,5.03382e-06,1.56308e-05,-0.0553552,0.0625661,8.81672,0.014427,0.0143808,4.61914e-05,2.87429838022529e-06
"31",7529.76,3.35691,3.08724,3.23269,3.19416,3.20538,0.324853,1.57569,-4.69235,4.05867,3.09601,0.227373,-28.0357,0,289.941,280.941,0.000162167,4.49603,2.49029e-05,1.5331e-05,4.77596,5.03376e-06,1.56305e-05,-0.0553586,0.0625635,8.81669,0.014427,0.0143808,4.6191e-05,2.87432646500167e-06
"32",7780.79,3.35702,3.08723,3.23268,3.19414,3.20536,0.32485,1.57568,-4.69227,4.05872,3.09607,0.22737,-28.0358,0,289.941,280.941,0.000162165,4.49574,2.49089e-05,1.53247e-05,4.77617,5.03369e-06,1.56302e-05,-0.0553626,0.0625605,8.81666,0.014427,0.0143808,4.61905e-05,2.87436859318986e-06
"33",8031.48,3.35715,3.08722,3.23267,3.19413,3.20535,0.324848,1.57566,-4.69219,4.05877,3.09613,0.227368,-28.0358,0,289.941,280.941,0.000162164,4.49542,2.49146e-05,1.53187e-05,4.77638,5.03361e-06,1.56299e-05,-0.055367,0.0625573,8.81662,0.014427,0.0143808,4.619e-05,2.8743966793311e-06
"34",8282.11,3.35729,3.08721,3.23266,3.19411,3.20533,0.324845,1.57565,-4.6921,4.05883,3.09619,0.227364,-28.0359,0,289.942,280.942,0.000162163,4.49507,2.49201e-05,1.53129e-05,4.7766,5.03352e-06,1.56295e-05,-0.055372,0.0625538,8.81658,0.014427,0.0143808,4.61894e-05,2.87445285325157e-06
"35",8533.58,3.35744,3.0872,3.23265,3.19409,3.2053,0.324843,1.57564,-4.69201,4.05888,3.09625,0.227361,-28.036,0,289.942,280.942,0.000162161,4.4947,2.49254e-05,1.53073e-05,4.77681,5.03343e-06,1.56291e-05,-0.0553774,0.0625501,8.81654,0.014427,0.0143808,4.61887e-05,2.87449498512528e-06
"36",8787.61,3.35761,3.08719,3.23263,3.19407,3.20528,0.32484,1.57563,-4.69191,4.05893,3.09631,0.227357,-28.0361,0,289.942,280.942,0.00016216,4.4943,2.49305e-05,1.53018e-05,4.77703,5.03333e-06,1.56287e-05,-0.0553833,0.0625461,8.81649,0.014427,0.0143808,4.6188e-05,2.87455116286819e-06
"37",9038.64,3.35778,3.08717,3.23262,3.19405,3.20526,0.324838,1.57561,-4.69181,4.05898,3.09637,0.227353,-28.0362,0,289.943,280.943,0.000162159,4.49388,2.49354e-05,1.52966e-05,4.77724,5.03323e-06,1.56283e-05,-0.0553895,0.0625419,8.81644,0.014427,0.0143808,4.61873e-05,2.87460734279565e-06
"38",9289.33,3.35797,3.08716,3.2326,3.19403,3.20523,0.324835,1.5756,-4.69172,4.05903,3.09642,0.227348,-28.0363,0,289.943,280.943,0.000162158,4.49345,2.49402e-05,1.52916e-05,4.77745,5.03312e-06,1.56279e-05,-0.055396,0.0625376,8.81638,0.014427,0.0143808,4.61865e-05,2.8746775707773e-06
"39",9539.96,3.35816,3.08715,3.23259,3.19401,3.2052,0.324833,1.57559,-4.69162,4.05908,3.09648,0.227344,-28.0364,0,289.944,280.944,0.000162157,4.493,2.49448e-05,1.52867e-05,4.77767,5.033e-06,1.56275e-05,-0.0554029,0.062533,8.81633,0.014427,0.0143808,4.61856e-05,2.87473375562075e-06
"40",9791.42,3.35837,3.08713,3.23257,3.19398,3.20518,0.32483,1.57558,-4.69152,4.05913,3.09653,0.227339,-28.0366,0,289.944,280.944,0.000162155,4.49253,2.49492e-05,1.5282e-05,4.77788,5.03288e-06,1.5627e-05,-0.0554101,0.0625283,8.81627,0.014427,0.0143808,4.61848e-05,2.87480398974807e-06
"41",10045.5,3.35858,3.08712,3.23255,3.19396,3.20515,0.324828,1.57557,-4.69141,4.05917,3.09658,0.227334,-28.0367,0,289.945,280.945,0.000162154,4.49203,2.49536e-05,1.52773e-05,4.7781,5.03276e-06,1.56266e-05,-0.0554177,0.0625234,8.81621,0.014427,0.0143808,4.61838e-05,2.87487422729024e-06
"42",10296.5,3.3588,3.0871,3.23253,3.19393,3.20512,0.324826,1.57555,-4.69131,4.05922,3.09663,0.227329,-28.0369,0,289.946,280.946,0.000162153,4.49153,2.49578e-05,1.52728e-05,4.77831,5.03263e-06,1.56261e-05,-0.0554255,0.0625184,8.81614,0.014427,0.0143808,4.61829e-05,2.87494446824766e-06
"43",10547.2,3.35903,3.08708,3.23252,3.19391,3.20509,0.324823,1.57554,-4.6912,4.05926,3.09668,0.227323,-28.0371,0,289.946,280.946,0.000162152,4.49102,2.49619e-05,1.52684e-05,4.77852,5.0325e-06,1.56256e-05,-0.0554334,0.0625133,8.81608,0.014427,0.0143808,4.61819e-05,2.87502876190529e-06
"44",10797.8,3.35926,3.08707,3.2325,3.19388,3.20505,0.324821,1.57553,-4.69109,4.05931,3.09673,0.227318,-28.0372,0,289.947,280.947,0.000162151,4.49049,2.49659e-05,1.52641e-05,4.77873,5.03237e-06,1.56251e-05,-0.0554417,0.062508,8.81601,0.014427,0.0143808,4.61809e-05,2.87509901037773e-06
"45",11049.3,3.3595,3.08705,3.23248,3.19385,3.20502,0.324819,1.57552,-4.69099,4.05935,3.09678,0.227312,-28.0374,0,289.947,280.947,0.00016215,4.48995,2.49698e-05,1.526e-05,4.77894,5.03223e-06,1.56246e-05,-0.0554501,0.0625026,8.81594,0.014427,0.0143808,4.61799e-05,2.87518331305459e-06
"46",11303.3,3.35975,3.08703,3.23245,3.19382,3.20499,0.324817,1.57551,-4.69088,4.0594,3.09683,0.227306,-28.0376,0,289.948,280.948,0.000162149,4.48939,2.49736e-05,1.52559e-05,4.77916,5.03209e-06,1.56241e-05,-0.0554589,0.062497,8.81587,0.014427,0.0143808,4.61788e-05,2.87526762065205e-06
"47",11554.3,3.36,3.08701,3.23243,3.19379,3.20495,0.324815,1.5755,-4.69077,4.05944,3.09688,0.2273,-28.0378,0,289.949,280.949,0.000162148,4.48883,2.49773e-05,1.52519e-05,4.77937,5.03195e-06,1.56236e-05,-0.0554677,0.0624914,8.81579,0.014427,0.0143808,4.61777e-05,2.87535193317084e-06
"48",11805,3.36025,3.08699,3.23241,3.19376,3.20492,0.324813,1.57549,-4.69066,4.05948,3.09692,0.227294,-28.038,0,289.949,280.949,0.000162146,4.48826,2.49809e-05,1.52481e-05,4.77958,5.0318e-06,1.56231e-05,-0.0554767,0.0624857,8.81572,0.014427,0.0143808,4.61766e-05,2.87543625061165e-06
"49",12055.7,3.36051,3.08697,3.23239,3.19373,3.20488,0.324811,1.57548,-4.69055,4.05952,3.09697,0.227288,-28.0382,0,289.95,280.95,0.000162145,4.48768,2.49844e-05,1.52443e-05,4.77978,5.03166e-06,1.56226e-05,-0.0554859,0.0624799,8.81564,0.014427,0.0143808,4.61755e-05,2.87552057297523e-06
"50",12307.1,3.36078,3.08695,3.23237,3.1937,3.20485,0.324809,1.57547,-4.69044,4.05956,3.09701,0.227282,-28.0384,0,289.951,280.951,0.000162144,4.48709,2.49878e-05,1.52406e-05,4.77999,5.03151e-06,1.56221e-05,-0.0554953,0.062474,8.81557,0.014427,0.0143809,4.61744e-05,2.87560490026227e-06
"51",12561.2,3.36105,3.08693,3.23235,3.19367,3.20481,0.324807,1.57546,-4.69032,4.0596,3.09705,0.227275,-28.0386,0,289.951,280.951,0.000162143,4.48649,2.49912e-05,1.5237e-05,4.7802,5.03135e-06,1.56215e-05,-0.0555048,0.062468,8.81549,0.014427,0.0143809,4.61732e-05,2.87570328832084e-06
"52",12812.2,3.36132,3.08691,3.23232,3.19364,3.20477,0.324805,1.57545,-4.69021,4.05964,3.09709,0.227269,-28.0388,0,289.952,280.952,0.000162142,4.48588,2.49945e-05,1.52335e-05,4.78041,5.0312e-06,1.5621e-05,-0.0555144,0.0624619,8.81541,0.014427,0.0143809,4.6172e-05,2.87578762627788e-06
"53",13062.9,3.36159,3.08689,3.2323,3.1936,3.20474,0.324803,1.57544,-4.6901,4.05968,3.09714,0.227263,-28.039,0,289.953,280.953,0.000162142,4.48527,2.49976e-05,1.52301e-05,4.78061,5.03105e-06,1.56204e-05,-0.0555241,0.0624558,8.81533,0.014427,0.0143809,4.61709e-05,2.87587196916067e-06
"54",13313.5,3.36187,3.08687,3.23228,3.19357,3.2047,0.324801,1.57543,-4.68999,4.05972,3.09718,0.227256,-28.0392,0,289.953,280.953,0.000162141,4.48466,2.50007e-05,1.52268e-05,4.78081,5.03089e-06,1.56199e-05,-0.0555339,0.0624497,8.81525,0.014427,0.0143809,4.61697e-05,2.87597037541715e-06
"55",13565,3.36215,3.08685,3.23225,3.19354,3.20466,0.324799,1.57542,-4.68988,4.05976,3.09721,0.227249,-28.0394,0,289.954,280.954,0.00016214,4.48404,2.50037e-05,1.52236e-05,4.78102,5.03074e-06,1.56194e-05,-0.0555438,0.0624435,8.81517,0.014427,0.0143809,4.61685e-05,2.87606878838025e-06
"56",13819,3.36244,3.08683,3.23223,3.1935,3.20462,0.324797,1.57541,-4.68976,4.05979,3.09725,0.227243,-28.0396,0,289.955,280.955,0.000162139,4.48341,2.50067e-05,1.52204e-05,4.78122,5.03058e-06,1.56188e-05,-0.0555539,0.0624372,8.81509,0.014427,0.0143809,4.61672e-05,2.8761531476874e-06
"57",14070,3.36272,3.08681,3.2322,3.19347,3.20458,0.324796,1.5754,-4.68965,4.05983,3.09729,0.227236,-28.0399,0,289.956,280.956,0.000162138,4.48278,2.50095e-05,1.52173e-05,4.78142,5.03042e-06,1.56183e-05,-0.055564,0.0624309,8.815,0.014427,0.0143809,4.6166e-05,2.87625157310867e-06
"58",14320.7,3.36301,3.08679,3.23218,3.19343,3.20455,0.324794,1.57539,-4.68954,4.05986,3.09733,0.227229,-28.0401,0,289.956,280.956,0.000162137,4.48215,2.50123e-05,1.52144e-05,4.78162,5.03026e-06,1.56177e-05,-0.0555741,0.0624246,8.81492,0.014427,0.0143809,4.61648e-05,2.87635000523982e-06
"59",14571.3,3.36329,3.08677,3.23215,3.1934,3.20451,0.324792,1.57538,-4.68943,4.0599,3.09736,0.227222,-28.0403,0,289.957,280.957,0.000162136,4.48151,2.50149e-05,1.52115e-05,4.78182,5.0301e-06,1.56172e-05,-0.0555842,0.0624183,8.81484,0.014427,0.0143809,4.61635e-05,2.876448444082e-06
"60",14822.8,3.36358,3.08674,3.23213,3.19337,3.20447,0.324791,1.57537,-4.68931,4.05993,3.0974,0.227216,-28.0405,0,289.958,280.958,0.000162135,4.48088,2.50175e-05,1.52087e-05,4.78201,5.02994e-06,1.56166e-05,-0.0555945,0.0624119,8.81475,0.014427,0.0143809,4.61623e-05,2.87653282557473e-06
"61",15076.8,3.36387,3.08672,3.23211,3.19333,3.20443,0.324789,1.57537,-4.6892,4.05997,3.09743,0.227209,-28.0408,0,289.959,280.959,0.000162135,4.48023,2.50201e-05,1.5206e-05,4.78221,5.02978e-06,1.56161e-05,-0.0556048,0.0624054,8.81467,0.014427,0.0143809,4.6161e-05,2.87663127688327e-06
"62",15327.9,3.36417,3.0867,3.23208,3.1933,3.20439,0.324787,1.57536,-4.68909,4.06,3.09747,0.227202,-28.041,0,289.959,280.959,0.000162134,4.47959,2.50225e-05,1.52033e-05,4.7824,5.02962e-06,1.56155e-05,-0.0556151,0.062399,8.81458,0.014427,0.0143809,4.61598e-05,2.87672973490611e-06
"63",15578.6,3.36446,3.08668,3.23206,3.19326,3.20435,0.324786,1.57535,-4.68898,4.06003,3.0975,0.227195,-28.0412,0,289.96,280.96,0.000162133,4.47895,2.50249e-05,1.52008e-05,4.78259,5.02946e-06,1.5615e-05,-0.0556254,0.0623927,8.8145,0.014427,0.0143809,4.61585e-05,2.87682819964438e-06
"64",15829.2,3.36475,3.08666,3.23203,3.19323,3.20431,0.324784,1.57534,-4.68887,4.06007,3.09753,0.227188,-28.0415,0,289.961,280.961,0.000162132,4.47831,2.50271e-05,1.51983e-05,4.78278,5.0293e-06,1.56144e-05,-0.0556357,0.0623863,8.81442,0.014427,0.0143809,4.61573e-05,2.87692667109924e-06
"65",16080.7,3.36504,3.08664,3.23201,3.19319,3.20427,0.324783,1.57533,-4.68876,4.0601,3.09756,0.227181,-28.0417,0,289.962,280.962,0.000162132,4.47767,2.50293e-05,1.5196e-05,4.78297,5.02914e-06,1.56139e-05,-0.055646,0.0623799,8.81433,0.014427,0.0143809,4.6156e-05,2.87702514927183e-06
"66",16334.7,3.36533,3.08661,3.23198,3.19316,3.20423,0.324782,1.57533,-4.68865,4.06013,3.0976,0.227174,-28.0419,0,289.962,280.962,0.000162131,4.47702,2.50315e-05,1.51936e-05,4.78316,5.02898e-06,1.56133e-05,-0.0556565,0.0623734,8.81424,0.014427,0.0143809,4.61547e-05,2.8771236341633e-06
"67",16585.7,3.36563,3.08659,3.23196,3.19312,3.20419,0.32478,1.57532,-4.68854,4.06016,3.09763,0.227167,-28.0422,0,289.963,280.963,0.00016213,4.47638,2.50336e-05,1.51914e-05,4.78334,5.02882e-06,1.56128e-05,-0.0556668,0.062367,8.81416,0.014427,0.0143809,4.61535e-05,2.87722212577478e-06
"68",16836.4,3.36592,3.08657,3.23193,3.19309,3.20415,0.324779,1.57531,-4.68843,4.06019,3.09765,0.22716,-28.0424,0,289.964,280.964,0.00016213,4.47575,2.50355e-05,1.51893e-05,4.78353,5.02866e-06,1.56123e-05,-0.0556771,0.0623607,8.81408,0.014427,0.0143809,4.61522e-05,2.87732062410744e-06
"69",17087,3.36621,3.08655,3.23191,3.19305,3.20411,0.324778,1.57531,-4.68833,4.06022,3.09768,0.227153,-28.0426,0,289.965,280.965,0.000162129,4.47511,2.50374e-05,1.51872e-05,4.78371,5.0285e-06,1.56117e-05,-0.0556873,0.0623544,8.81399,0.014427,0.0143809,4.6151e-05,2.87741912916241e-06
"70",17338.5,3.3665,3.08653,3.23188,3.19302,3.20407,0.324776,1.5753,-4.68822,4.06025,3.09771,0.227147,-28.0429,0,289.965,280.965,0.000162128,4.47448,2.50392e-05,1.51852e-05,4.78389,5.02834e-06,1.56112e-05,-0.0556976,0.0623481,8.81391,0.014427,0.0143809,4.61497e-05,2.87750356741795e-06
"71",17592.5,3.36679,3.0865,3.23186,3.19298,3.20403,0.324775,1.57529,-4.68811,4.06028,3.09774,0.22714,-28.0431,0,289.966,280.966,0.000162128,4.47384,2.5041e-05,1.51833e-05,4.78407,5.02819e-06,1.56107e-05,-0.0557079,0.0623417,8.81382,0.014427,0.0143809,4.61485e-05,2.87760208496026e-06
"72",17843.6,3.36707,3.08648,3.23183,3.19295,3.20399,0.324774,1.57529,-4.68801,4.0603,3.09777,0.227133,-28.0434,0,289.967,280.967,0.000162127,4.47322,2.50427e-05,1.51815e-05,4.78424,5.02803e-06,1.56101e-05,-0.055718,0.0623354,8.81374,0.014427,0.0143809,4.61472e-05,2.87770060922816e-06
"73",18094.3,3.36736,3.08646,3.23181,3.19291,3.20396,0.324773,1.57528,-4.6879,4.06033,3.09779,0.227126,-28.0436,0,289.968,280.968,0.000162127,4.47259,2.50443e-05,1.51797e-05,4.78442,5.02787e-06,1.56096e-05,-0.0557281,0.0623292,8.81366,0.014427,0.0143809,4.6146e-05,2.87779914022281e-06
"74",18344.9,3.36764,3.08644,3.23178,3.19288,3.20392,0.324772,1.57528,-4.6878,4.06036,3.09782,0.22712,-28.0438,0,289.968,280.968,0.000162126,4.47198,2.50459e-05,1.5178e-05,4.78459,5.02772e-06,1.56091e-05,-0.0557381,0.0623231,8.81358,0.014427,0.0143809,4.61448e-05,2.87788360071588e-06
"75",18596.4,3.36793,3.08642,3.23176,3.19285,3.20388,0.324771,1.57527,-4.6877,4.06039,3.09785,0.227113,-28.044,0,289.969,280.969,0.000162126,4.47136,2.50474e-05,1.51764e-05,4.78476,5.02757e-06,1.56086e-05,-0.0557481,0.0623169,8.81349,0.014427,0.0143809,4.61436e-05,2.87798214420609e-06
"76",18850.4,3.36821,3.0864,3.23174,3.19281,3.20384,0.32477,1.57526,-4.68759,4.06041,3.09787,0.227106,-28.0443,0,289.97,280.97,0.000162125,4.47074,2.50488e-05,1.51749e-05,4.78493,5.02741e-06,1.56081e-05,-0.0557582,0.0623108,8.81341,0.014427,0.0143809,4.61423e-05,2.87808069442632e-06
"77",19101.4,3.36849,3.08638,3.23171,3.19278,3.2038,0.324769,1.57526,-4.68749,4.06044,3.0979,0.2271,-28.0445,0,289.97,280.97,0.000162125,4.47014,2.50501e-05,1.51734e-05,4.78509,5.02726e-06,1.56076e-05,-0.055768,0.0623047,8.81333,0.014427,0.0143809,4.61411e-05,2.87816517140109e-06
"78",19352.1,3.36876,3.08635,3.23169,3.19275,3.20377,0.324768,1.57525,-4.68739,4.06046,3.09792,0.227093,-28.0447,0,289.971,280.971,0.000162124,4.46954,2.50514e-05,1.5172e-05,4.78526,5.02711e-06,1.56071e-05,-0.0557777,0.0622988,8.81325,0.014427,0.0143809,4.614e-05,2.87826373412298e-06
"79",19602.7,3.36904,3.08633,3.23167,3.19271,3.20373,0.324767,1.57525,-4.6873,4.06049,3.09794,0.227087,-28.045,0,289.972,280.972,0.000162124,4.46894,2.50527e-05,1.51706e-05,4.78542,5.02696e-06,1.56066e-05,-0.0557874,0.0622928,8.81317,0.014427,0.0143809,4.61388e-05,2.87834822181515e-06
"80",19854.2,3.36931,3.08631,3.23164,3.19268,3.20369,0.324766,1.57524,-4.6872,4.06051,3.09797,0.22708,-28.0452,0,289.973,280.973,0.000162123,4.46835,2.50538e-05,1.51694e-05,4.78558,5.02682e-06,1.56061e-05,-0.055797,0.0622869,8.81309,0.014427,0.0143809,4.61376e-05,2.87844679704268e-06
"81",20105.4,4.45065,3.12105,3.23251,3.19641,3.2037,0.324982,1.5753,-6.57307,2.61418,3.06221,0.171509,-30.3232,5.65724e-05,292.382,283.382,0.000162231,4.52028,2.55413e-05,1.47087e-05,3.74601,4.55994e-06,1.4163e-05,-0.077574,0.0628066,8.5436,0.0108791,0.0119762,3.61402e-05,4.11574659487581e-06
"82",20355.6,6.0082,3.18808,3.24823,3.23042,3.20858,0.325675,1.57632,-7.06395,1.34744,2.51655,0.0927033,-32.8777,8.06667e-05,294.979,285.979,0.000162577,4.21139,2.02623e-05,2.00735e-05,3.00837,4.10695e-06,1.27745e-05,-0.0973298,0.059778,8.258,0.0072135,0.00719231,2.25485e-05,8.61788570318423e-06
"83",20606,6.08941,3.20289,3.26714,3.2444,3.21927,0.325929,1.57748,-6.6964,1.6639,2.16253,0.0922777,-32.5284,8.06667e-05,295.096,286.096,0.000162704,3.93708,1.24721e-05,2.78951e-05,3.50305,4.08867e-06,1.27243e-05,-0.0974528,0.0572111,8.24534,0.0072135,0.0071931,2.24775e-05,8.62399992394432e-06
"84",20858.2,6.19851,3.2183,3.28649,3.25854,3.23275,0.326196,1.57868,-6.73646,1.5946,1.88988,0.0917107,-32.6348,8.06667e-05,295.249,286.249,0.000162837,3.762,8.82484e-06,3.15754e-05,3.49779,4.06434e-06,1.26556e-05,-0.097823,0.0556307,8.22861,0.0072135,0.0071936,2.23831e-05,8.63210512084148e-06
"85",21109.8,6.32217,3.23574,3.306,3.27447,3.24788,0.326472,1.57991,-6.89042,1.41661,1.6451,0.0910797,-32.8728,8.06667e-05,295.42,286.42,0.000162975,3.65032,4.46379e-06,3.59707e-05,3.5185,4.03737e-06,1.25788e-05,-0.0982708,0.0546455,8.21002,0.0072135,0.00719381,2.22781e-05,8.64107166230022e-06
"86",21361.2,6.45239,3.25507,3.32606,3.29237,3.26484,0.326757,1.58118,-7.07457,1.21003,1.41145,0.0904317,-33.1465,8.06667e-05,295.597,286.597,0.000163117,3.59076,1.16069e-06,3.93091e-05,3.50439,4.00971e-06,1.25e-05,-0.0986172,0.0541272,8.19086,0.0072135,0.00719392,2.21703e-05,8.6502219741281e-06
"87",21613.5,6.58437,3.27586,3.34666,3.31186,3.28305,0.327051,1.58249,-7.26636,0.996726,1.1829,0.0897922,-33.4282,8.06667e-05,295.772,286.772,0.000163264,3.56073,-1.5389e-07,4.06601e-05,3.42141,3.98248e-06,1.24227e-05,-0.0988467,0.0538678,8.17184,0.0072135,0.007194,2.2064e-05,8.65919573002591e-06
"88",21863.7,6.71412,3.29731,3.36733,3.332,3.30162,0.32735,1.58383,-7.45697,0.785305,0.960186,0.0891789,-33.7061,8.06667e-05,295.941,286.941,0.000163413,3.54247,-7.15823e-08,4.06148e-05,3.29742,3.95647e-06,1.23491e-05,-0.0990541,0.0537107,8.15354,0.0072135,0.00719396,2.19621e-05,8.66774988916192e-06
"89",22115.5,6.84343,3.31909,3.38824,3.35258,3.32048,0.327658,1.58521,-7.64723,0.574981,0.73942,0.0885839,-33.982,8.06667e-05,296.106,287.106,0.000163567,3.52696,7.57096e-07,3.98242e-05,3.14483,3.93127e-06,1.22783e-05,-0.0991841,0.0535775,8.13567,0.0072135,0.00719397,2.18633e-05,8.67600091303395e-06
"90",22366,6.97096,3.34076,3.40905,3.37309,3.33919,0.32797,1.58662,-7.83431,0.368547,0.522896,0.0880119,-34.2522,8.06667e-05,296.266,287.266,0.000163723,3.51046,1.86746e-06,3.87526e-05,2.96774,3.90708e-06,1.22106e-05,-0.0992899,0.0534363,8.1184,0.0072135,0.00719399,2.17685e-05,8.68388914830129e-06
"91",22617.6,7.09853,3.3624,3.42989,3.39359,3.35785,0.328291,1.58807,-8.0199,0.164025,0.308259,0.0874539,-34.5197,8.06667e-05,296.423,287.423,0.000163883,3.49129,3.32529e-06,3.73345e-05,2.75874,3.88353e-06,1.2145e-05,-0.0993805,0.0532726,8.10145,0.0072135,0.00719402,2.16759e-05,8.69154346183851e-06
"92",22868.1,7.22557,3.38373,3.4505,3.41377,3.37614,0.328617,1.58955,-8.2022,-0.036727,0.0973667,0.0869116,-34.7823,8.06667e-05,296.577,287.577,0.000164046,3.46777,5.18558e-06,3.55146e-05,2.5053,3.86067e-06,1.20816e-05,-0.0994715,0.0530725,8.08488,0.0072135,0.00719406,2.15861e-05,8.69894425437652e-06
"93",23119,7.35379,3.40471,3.47085,3.43362,3.39395,0.32895,1.59107,-8.38242,-0.235122,-0.111455,0.0863776,-35.0424,8.06667e-05,296.729,287.729,0.000164212,3.43602,8.25427e-06,3.24871e-05,2.12394,3.83818e-06,1.20194e-05,-0.0995702,0.0528036,8.06848,0.0072135,0.00719413,2.14977e-05,8.70619548554275e-06
"94",23370.2,7.23525,3.4192,3.49037,3.45111,3.41084,0.329249,1.5926,-8.02328,0.0642259,-0.285218,0.087468,-34.6557,0,296.588,287.588,0.000164361,3.38806,1.02367e-05,3.05417e-05,2.10333,3.86127e-06,1.20991e-05,-0.0975042,0.0523999,8.08363,0.00727318,0.00724352,2.16783e-05,8.69135053893627e-06
"95",23621.5,6.97647,3.42716,3.50804,3.46451,3.42715,0.3295,1.59407,-7.74277,0.359912,-0.34899,0.0894139,-34.1917,0,296.273,287.273,0.000164486,3.37361,1.06583e-05,3.01512e-05,2.25167,3.91192e-06,1.22641e-05,-0.0941857,0.0522789,8.11766,0.00734019,0.00731062,2.20011e-05,8.66447812769131e-06
"96",23873.1,6.75737,3.43484,3.52378,3.477,3.44257,0.329743,1.59547,-7.6748,0.45165,-0.368528,0.0912158,-33.9742,0,295.997,286.997,0.000164608,3.39189,1.17482e-05,2.90915e-05,2.22733,3.95693e-06,1.24114e-05,-0.0911673,0.0524321,8.14753,0.00740418,0.00737488,2.23007e-05,8.63914240222275e-06
"97",24124.7,6.56963,3.4424,3.53778,3.48889,3.4569,0.329979,1.59681,-7.66895,0.481824,-0.374325,0.0929064,-33.8404,0,295.753,286.753,0.000164725,3.42911,1.32496e-05,2.76192e-05,2.12873,3.99719e-06,1.25437e-05,-0.0883884,0.0527452,8.17395,0.00746656,0.00743765,2.25823e-05,8.61495868764889e-06
"98",24374.7,6.40806,3.44965,3.55023,3.50001,3.47006,0.330206,1.59808,-7.67978,0.493398,-0.375652,0.0944917,-33.7397,0,295.537,286.537,0.000164839,3.4768,1.48239e-05,2.6073e-05,2.00713,4.03318e-06,1.26626e-05,-0.0858521,0.0531492,8.19733,0.00752766,0.00749873,2.28469e-05,8.59190240274967e-06
"99",24624.8,6.26692,3.45655,3.56143,3.51042,3.48222,0.330427,1.5993,-7.6942,0.499363,-0.375351,0.095994,-33.6551,0,295.344,286.344,0.000164949,3.53063,1.63376e-05,2.45867e-05,1.8874,4.06572e-06,1.27704e-05,-0.0835128,0.0536089,8.21828,0.00758751,0.00755864,2.3098e-05,8.56970078300299e-06
"100",24876.5,6.14184,3.46311,3.57161,3.52019,3.49353,0.330642,1.60048,-7.70843,0.503667,-0.374282,0.0974406,-33.5801,0,295.17,286.17,0.000165057,3.58808,1.77804e-05,2.31706e-05,1.78186,4.09546e-06,1.28695e-05,-0.0813375,0.054104,8.23726,0.00764731,0.00761844,2.33402e-05,8.54798506350447e-06
"101",25126.5,6.03176,3.46927,3.58082,3.52927,3.50399,0.330851,1.60162,-7.7215,0.507248,-0.372767,0.0988144,-33.5134,0,295.013,286.013,0.000165161,3.64763,1.86671e-05,2.23097e-05,1.69185,4.12239e-06,1.29597e-05,-0.0793412,0.054622,8.25431,0.0077058,0.00767697,2.35705e-05,8.52704377747313e-06
"102",25376.7,5.93323,3.47521,3.58934,3.53789,3.51389,0.331055,1.60272,-7.73347,0.51044,-0.370892,0.100135,-33.453,0,294.871,285.871,0.000165263,3.71081,1.93407e-05,2.16614e-05,1.61944,4.14713e-06,1.30428e-05,-0.0774783,0.0551769,8.26985,0.00776382,0.00773474,2.37922e-05,8.50660973490606e-06
"103",25629.2,5.84333,3.481,3.59734,3.5462,3.52337,0.331255,1.6038,-7.74422,0.513705,-0.368723,0.10143,-33.3968,0,294.739,285.739,0.000165363,3.77668,1.99653e-05,2.10617e-05,1.56518,4.17024e-06,1.31208e-05,-0.0757094,0.0557616,8.28427,0.00782179,0.00779292,2.40099e-05,8.48627169835783e-06
"104",25881.1,5.76196,3.48658,3.60479,3.55412,3.53236,0.331451,1.60484,-7.75454,0.516403,-0.366345,0.102669,-33.3458,0,294.617,285.617,0.00016546,3.84315,2.05897e-05,2.04614e-05,1.52761,4.19162e-06,1.31933e-05,-0.0740471,0.0563578,8.29753,0.00787808,0.00784932,2.42183e-05,8.4665245094687e-06
"105",26132.1,5.68727,3.49212,3.61194,3.56188,3.54122,0.33164,1.60585,-7.76351,0.519232,-0.363611,0.103867,-33.2981,0,294.504,285.504,0.000165555,3.91549,2.04375e-05,2.06371e-05,1.65285,4.21165e-06,1.32615e-05,-0.0724574,0.0570139,8.30987,0.00793381,0.00790465,2.44202e-05,8.44715239164737e-06
"106",26384.3,5.61744,3.49746,3.61863,3.56933,3.54949,0.331827,1.60684,-7.77213,0.522083,-0.360826,0.10505,-33.2528,0,294.397,285.397,0.000165648,3.98235,2.16855e-05,1.94122e-05,1.57452,4.23073e-06,1.33266e-05,-0.0709312,0.057627,8.32157,0.00798907,0.0079601,2.46198e-05,8.42774433760583e-06
"107",26635.2,5.55309,3.50238,3.62482,3.57622,3.55715,0.332007,1.60779,-7.77956,0.525082,-0.358058,0.106204,-33.2105,0,294.298,285.298,0.000165738,4.04417,2.23291e-05,1.8791e-05,1.52244,4.24863e-06,1.33879e-05,-0.0695001,0.0581998,8.33248,0.00804454,0.00801508,2.48148e-05,8.40853559102635e-06
"108",26887.3,5.49307,3.50708,3.63071,3.58279,3.5645,0.332185,1.60873,-7.7864,0.528149,-0.355176,0.107344,-33.1703,0,294.204,285.204,0.000165827,4.10531,2.27518e-05,1.83903e-05,1.48388,4.26561e-06,1.34462e-05,-0.0681298,0.058772,8.34279,0.00809992,0.00807023,2.50074e-05,8.38928187680681e-06
"109",27139.4,5.43711,3.5116,3.6363,3.58909,3.57153,0.332359,1.60965,-7.79284,0.531166,-0.352216,0.108461,-33.1324,0,294.115,285.115,0.000165914,4.16517,2.31941e-05,1.79695e-05,1.45432,4.2817e-06,1.35017e-05,-0.0668249,0.0593376,8.3525,0.00815437,0.00812496,2.51964e-05,8.37013866894228e-06
"110",27392.3,5.38465,3.51595,3.64162,3.59513,3.57825,0.33253,1.61054,-7.7987,0.534158,-0.349188,0.109561,-33.0964,0,294.031,285.031,0.000165999,4.22321,2.36809e-05,1.75039e-05,1.43961,4.29702e-06,1.35547e-05,-0.0655719,0.0598912,8.3617,0.0082091,0.00817952,2.53829e-05,8.3510079052451e-06
"111",27642.5,5.33578,3.52015,3.64672,3.60095,3.58478,0.332695,1.61141,-7.804,0.537161,-0.345986,0.110634,-33.0625,0,293.952,284.952,0.000166081,4.28184,2.37285e-05,1.74767e-05,1.53297,4.3115e-06,1.36049e-05,-0.0643776,0.0604557,8.37036,0.00826321,0.00823325,2.55649e-05,8.33207008297667e-06
"112",27895.3,5.28914,3.52422,3.65156,3.60656,3.59094,0.332858,1.61226,-7.80887,0.54028,-0.342779,0.111705,-33.0296,0,293.876,284.876,0.000166163,4.33616,2.45959e-05,1.66295e-05,1.47829,4.3255e-06,1.36536e-05,-0.0632188,0.0609834,8.37871,0.00831727,0.00828737,2.57467e-05,8.31288485346345e-06
"113",28145.4,5.24594,3.52793,3.65604,3.61173,3.59659,0.333017,1.61309,-7.81322,0.543421,-0.339636,0.112748,-32.9988,0,293.805,284.805,0.000166242,4.38478,2.54239e-05,1.58212e-05,1.44203,4.33865e-06,1.36995e-05,-0.062135,0.0614596,8.3865,0.00837067,0.00834066,2.59238e-05,8.29391945028234e-06
"114",28397.9,5.20532,3.5314,3.66027,3.61657,3.60192,0.333174,1.6139,-7.81709,0.546643,-0.33646,0.113783,-32.9693,0,293.738,284.738,0.000166321,4.43002,2.58692e-05,1.53954e-05,1.41313,4.35117e-06,1.37434e-05,-0.0611055,0.0619062,8.3939,0.00842441,0.0083943,2.60998e-05,8.27481416514579e-06
"115",28649.8,5.16754,3.5347,3.6643,3.62116,3.60702,0.333328,1.6147,-7.82048,0.549868,-0.333249,0.114799,-32.9415,0,293.675,284.675,0.000166397,4.47424,2.61326e-05,1.5151e-05,1.38942,4.36298e-06,1.37849e-05,-0.0601322,0.0623457,8.40083,0.00847799,0.00844764,2.62728e-05,8.25577249149786e-06
"116",28901.3,5.13239,3.53788,3.66814,3.62557,3.6119,0.333479,1.61548,-7.8239,0.552861,-0.330013,0.115789,-32.9155,0,293.616,284.616,0.000166473,4.51725,2.64163e-05,1.48861e-05,1.36971,4.37409e-06,1.38243e-05,-0.0592056,0.0627761,8.40732,0.00853012,0.0085001,2.64415e-05,8.23693388734023e-06
"117",29151.8,5.10015,3.54096,3.6718,3.62979,3.61656,0.333627,1.61625,-7.82713,0.55525,-0.326897,0.116722,-32.892,0,293.561,284.561,0.000166547,4.5585,2.67236e-05,1.45971e-05,1.35271,4.38442e-06,1.3861e-05,-0.0583359,0.0631919,8.41333,0.00858034,0.0085497,2.66006e-05,8.21891333970262e-06
"118",29404.3,5.06948,3.54394,3.67532,3.63387,3.62104,0.333774,1.617,-7.82985,0.558077,-0.323798,0.117653,-32.869,0,293.509,284.509,0.00016662,4.59819,2.70601e-05,1.42788e-05,1.33826,4.39434e-06,1.38965e-05,-0.0574938,0.0635944,8.41907,0.00862999,0.00859961,2.67594e-05,8.20066377098037e-06
"119",29655.5,5.04054,3.54677,3.67865,3.63774,3.62529,0.333918,1.61774,-7.83182,0.561243,-0.320725,0.118575,-32.8466,0,293.459,284.459,0.000166692,4.63548,2.74207e-05,1.3936e-05,1.32613,4.40381e-06,1.39305e-05,-0.0566973,0.0639751,8.42453,0.00868028,0.00864968,2.6917e-05,8.18231713052973e-06
"120",29905.5,5.01376,3.54945,3.68182,3.64141,3.62929,0.334059,1.61846,-7.83409,0.563895,-0.317647,0.119467,-32.8261,0,293.413,284.413,0.000166762,4.67039,2.7804e-05,1.35702e-05,1.31538,4.41266e-06,1.39624e-05,-0.0559457,0.0643334,8.42961,0.00872902,0.0086984,2.70693e-05,8.16429853228567e-06
"121",30157.5,4.98802,3.552,3.68484,3.6449,3.6331,0.334199,1.61918,-7.83529,0.567338,-0.31456,0.120375,-32.8053,0,293.369,284.369,0.000166832,4.70313,2.82102e-05,1.31814e-05,1.30653,4.42125e-06,1.39935e-05,-0.0552193,0.0646712,8.43452,0.00877936,0.00874872,2.72247e-05,8.1456745674454e-06
"122",30407.8,4.96421,3.55439,3.68768,3.64817,3.63667,0.334336,1.61988,-7.83634,0.570485,-0.311473,0.12126,-32.7862,0,293.327,284.327,0.000166901,4.7332,2.86294e-05,1.27791e-05,1.29857,4.42928e-06,1.40228e-05,-0.054542,0.0649831,8.43908,0.00882945,0.00879826,2.73762e-05,8.12723768605381e-06
"123",30660.1,4.94152,3.55663,3.69037,3.65125,3.64003,0.334473,1.62058,-7.83692,0.57411,-0.308311,0.122161,-32.7671,0,293.288,284.288,0.000166969,4.76101,2.90622e-05,1.23632e-05,1.29174,4.437e-06,1.40511e-05,-0.0538913,0.065273,8.44345,0.00888028,0.00884937,2.75305e-05,8.10816718701975e-06
"124",30910.4,4.92049,3.55871,3.69288,3.65411,3.64314,0.334606,1.62126,-7.83724,0.577625,-0.305091,0.123054,-32.7493,0,293.251,284.251,0.000167036,4.78621,2.94962e-05,1.19457e-05,1.28568,4.44423e-06,1.40778e-05,-0.0532888,0.0655366,8.44752,0.00893176,0.00890074,2.76836e-05,8.08895480054279e-06
"125",31162.2,4.90137,3.56067,3.69525,3.65679,3.64606,0.334739,1.62193,-7.83765,0.580638,-0.301865,0.123919,-32.7333,0,293.217,284.217,0.000167102,4.8094,2.97903e-05,1.16681e-05,1.27978,4.45089e-06,1.41026e-05,-0.0527299,0.0657802,8.45124,0.00898263,0.0089511,2.7832e-05,8.07003709779782e-06
"126",31413,4.88325,3.56251,3.69751,3.65933,3.64886,0.33487,1.62259,-7.83714,0.584443,-0.29859,0.124802,-32.7171,0,293.185,284.185,0.000167167,4.83204,2.98973e-05,1.15773e-05,1.27495,4.45726e-06,1.41265e-05,-0.0521892,0.0660189,8.45477,0.00903461,0.00900318,2.79836e-05,8.0504001336943e-06
"127",31664.9,4.8659,3.56428,3.69969,3.66179,3.65157,0.335,1.62325,-7.83621,0.588496,-0.295171,0.125706,-32.701,0,293.154,284.154,0.000167232,4.85449,3.00147e-05,1.1476e-05,1.27079,4.4634e-06,1.41496e-05,-0.05166,0.0662565,8.45817,0.00908871,0.00905707,2.81389e-05,8.02994045731161e-06
"128",31917.2,4.84934,3.56604,3.70178,3.66417,3.65419,0.335129,1.6239,-7.8352,0.592489,-0.291645,0.126619,-32.6856,0,293.125,284.125,0.000167296,4.87648,3.01413e-05,1.13654e-05,1.26732,4.46931e-06,1.4172e-05,-0.0511756,0.0664901,8.46143,0.00914359,0.00911188,2.82957e-05,8.00889509607418e-06
"129",32167.5,4.83421,3.56774,3.70378,3.66644,3.6567,0.335255,1.62454,-7.83456,0.59592,-0.288108,0.127502,-32.6717,0,293.098,284.098,0.000167359,4.89764,3.02745e-05,1.12477e-05,1.26389,4.47477e-06,1.41929e-05,-0.0507194,0.0667156,8.46442,0.00919733,0.00916542,2.84478e-05,7.98815889806631e-06
"130",32419.4,4.81972,3.56937,3.70571,3.66866,3.65912,0.335381,1.62517,-7.83333,0.59968,-0.284531,0.128397,-32.6579,0,293.072,284.072,0.000167422,4.91812,3.04149e-05,1.11229e-05,1.26091,4.48004e-06,1.42132e-05,-0.0502656,0.0669345,8.46728,0.00925231,0.00922001,2.86018e-05,7.96673870202587e-06
"131",32672.2,4.80608,3.57094,3.70758,3.67079,3.66146,0.335505,1.6258,-7.83227,0.603436,-0.280915,0.129288,-32.6446,0,293.047,284.047,0.000167484,4.93778,3.05609e-05,1.09924e-05,1.25821,4.48505e-06,1.42326e-05,-0.0498241,0.0671454,8.46999,0.00930669,0.00927478,2.87553e-05,7.94499221486982e-06
"132",32925.6,4.79319,3.57248,3.70937,3.67284,3.66371,0.33563,1.62642,-7.83091,0.607025,-0.277283,0.130174,-32.632,0,293.024,284.024,0.000167546,4.95652,3.0711e-05,1.08577e-05,1.25587,4.48983e-06,1.42513e-05,-0.0494187,0.067347,8.47256,0.00936185,0.00932954,2.89081e-05,7.92292898754917e-06
"133",33176.7,4.78089,3.57394,3.71109,3.6748,3.66584,0.335751,1.62703,-7.82911,0.610981,-0.273666,0.131062,-32.6194,0,293.002,284.002,0.000167607,4.9741,3.08621e-05,1.07217e-05,1.25416,4.49442e-06,1.42694e-05,-0.0490316,0.0675367,8.47502,0.00941725,0.00938471,2.90612e-05,7.90035396682342e-06
"134",33428.3,4.76953,3.57537,3.71273,3.67667,3.66788,0.335872,1.62764,-7.82777,0.614523,-0.270027,0.131933,-32.6079,0,292.981,283.981,0.000167667,4.99074,3.1015e-05,1.05837e-05,1.25255,4.49871e-06,1.42864e-05,-0.0486784,0.0677168,8.47729,0.00947155,0.00943918,2.92116e-05,7.87773773736605e-06
"135",33681.6,4.75876,3.57669,3.71432,3.67847,3.66984,0.335993,1.62825,-7.82588,0.618372,-0.266359,0.132813,-32.5965,0,292.961,283.961,0.000167728,5.0065,3.11692e-05,1.04445e-05,1.25107,4.50281e-06,1.43029e-05,-0.0483056,0.0678878,8.47945,0.00952712,0.00949461,2.93636e-05,7.85438541405688e-06
"136",33934.6,4.74846,3.57802,3.71584,3.68019,3.67171,0.336113,1.62884,-7.82386,0.622194,-0.262673,0.133693,-32.5853,0,292.943,283.943,0.000167787,5.02125,3.13224e-05,1.03061e-05,1.25027,4.50677e-06,1.43189e-05,-0.0479902,0.0680482,8.48153,0.00958302,0.00955027,2.95158e-05,7.83049934572203e-06
"137",34185.3,4.7391,3.57926,3.71729,3.68181,3.67348,0.33623,1.62943,-7.8219,0.625782,-0.259014,0.134554,-32.5751,0,292.926,283.926,0.000167846,5.03493,3.14726e-05,1.01705e-05,1.24946,4.51041e-06,1.43338e-05,-0.0476865,0.0681973,8.48341,0.00963819,0.00960508,2.96646e-05,7.80658208158849e-06
"138",34437.4,4.73013,3.58043,3.71868,3.68336,3.67517,0.336348,1.63002,-7.81938,0.629783,-0.255326,0.135428,-32.5647,0,292.909,283.909,0.000167905,5.04775,3.16208e-05,1.00368e-05,1.24904,4.51393e-06,1.43484e-05,-0.0473808,0.0683373,8.48523,0.00969464,0.00966105,2.98159e-05,7.78171683694961e-06
"139",34689.9,4.72191,3.58154,3.72001,3.68484,3.67678,0.336465,1.6306,-7.81722,0.633678,-0.251609,0.136294,-32.5549,0,292.894,283.894,0.000167963,5.05972,3.17661e-05,9.90596e-06,1.24871,4.51721e-06,1.43621e-05,-0.0470859,0.0684683,8.48689,0.00974996,0.00971694,2.9966e-05,7.75645947648923e-06
"140",34942.3,4.71422,3.58264,3.72129,3.68625,3.67831,0.336581,1.63118,-7.81478,0.63734,-0.247891,0.137155,-32.5458,0,292.88,283.88,0.000168021,5.07081,3.19071e-05,9.77939e-06,1.2488,4.52031e-06,1.43753e-05,-0.0468433,0.0685899,8.48845,0.00980608,0.00977269,3.01151e-05,7.73069658962322e-06
"141",35192.6,4.70696,3.58366,3.7225,3.68758,3.67975,0.336695,1.63175,-7.81185,0.641443,-0.244189,0.13802,-32.5364,0,292.867,283.867,0.000168078,5.08099,3.2042e-05,9.65864e-06,1.24923,4.52326e-06,1.4388e-05,-0.0465933,0.0687017,8.48993,0.00986292,0.00982901,3.02651e-05,7.70411585191575e-06
"142",35443.1,4.70042,3.58464,3.72366,3.68884,3.68112,0.336809,1.63231,-7.80928,0.645241,-0.240464,0.138873,-32.5279,0,292.855,283.855,0.000168135,5.09043,3.21721e-05,9.54258e-06,1.24969,4.52597e-06,1.43998e-05,-0.0463648,0.0688055,8.49126,0.00991861,0.00988494,3.04131e-05,7.67717060875314e-06
"143",35694.7,4.69445,3.58555,3.72477,3.69005,3.68243,0.336922,1.63288,-7.80648,0.649097,-0.236721,0.139726,-32.5198,0,292.844,283.844,0.000168192,5.09917,3.22972e-05,9.43161e-06,1.25022,4.5285e-06,1.44111e-05,-0.0461342,0.0689019,8.49247,0.00997511,0.00994125,3.05613e-05,7.64944420447002e-06
"144",35945.9,4.68862,3.58646,3.72583,3.69119,3.68366,0.337035,1.63344,-7.80324,0.653227,-0.232965,0.140591,-32.5113,0,292.833,283.833,0.000168248,5.1072,3.24158e-05,9.32689e-06,1.25145,4.53097e-06,1.44222e-05,-0.0459446,0.0689904,8.49366,0.0100324,0.00999838,3.07114e-05,7.62046925434461e-06
"145",36198.1,4.68355,3.5873,3.72685,3.69228,3.68485,0.337148,1.63399,-7.80025,0.657149,-0.229177,0.141446,-32.5037,0,292.823,283.823,0.000168304,5.11463,3.25293e-05,9.22738e-06,1.25243,4.5332e-06,1.44325e-05,-0.0457423,0.0690725,8.4947,0.0100896,0.0100554,3.08602e-05,7.590911854405e-06
"146",36449.9,4.67883,3.58815,3.72783,3.69331,3.68597,0.33726,1.63455,-7.79706,0.660969,-0.225389,0.142299,-32.4964,0,292.815,283.815,0.00016836,5.12143,3.26362e-05,9.13435e-06,1.25384,4.5353e-06,1.44424e-05,-0.0455858,0.0691477,8.49566,0.010147,0.0101124,3.10085e-05,7.56043845590186e-06
"147",36703.1,4.67439,3.58891,3.72877,3.6943,3.68704,0.337372,1.6351,-7.79353,0.665303,-0.221561,0.143168,-32.4888,0,292.807,283.807,0.000168416,5.12769,3.27374e-05,9.04705e-06,1.25542,4.53731e-06,1.4452e-05,-0.0454011,0.069217,8.49657,0.0102054,0.0101708,3.11598e-05,7.5282920431731e-06
"148",36955.8,4.67052,3.58968,3.72967,3.69524,3.68805,0.337483,1.63565,-7.79037,0.669172,-0.217724,0.144022,-32.482,0,292.799,283.799,0.000168472,5.13342,3.28324e-05,8.9658e-06,1.25712,4.53913e-06,1.4461e-05,-0.0452603,0.0692805,8.49737,0.010263,0.0102285,3.13084e-05,7.49551629105518e-06
"149",37209.4,4.66703,3.59038,3.73053,3.69614,3.68902,0.337594,1.6362,-7.78685,0.673221,-0.213867,0.144881,-32.4754,0,292.793,283.793,0.000168527,5.13867,3.29216e-05,8.89038e-06,1.25886,4.54081e-06,1.44696e-05,-0.0451059,0.0693387,8.49808,0.0103214,0.0102868,3.14582e-05,7.46124689351211e-06
"150",37459.6,4.66367,3.59107,3.73135,3.69698,3.68994,0.337704,1.63674,-7.78306,0.677479,-0.210038,0.145741,-32.4686,0,292.787,283.787,0.000168582,5.14339,3.30037e-05,8.82191e-06,1.26105,4.54245e-06,1.44779e-05,-0.0449746,0.069391,8.49877,0.0103801,0.0103453,3.16081e-05,7.42549226760105e-06
"151",37709.8,4.66086,3.59174,3.73214,3.69778,3.69081,0.337813,1.63728,-7.77962,0.681352,-0.206194,0.146588,-32.4626,0,292.781,283.781,0.000168636,5.1477,3.30804e-05,8.75867e-06,1.2632,4.5439e-06,1.44857e-05,-0.0448668,0.069439,8.49935,0.0104381,0.0104032,3.17558e-05,7.38870645331082e-06
"152",37960.5,4.6583,3.59239,3.7329,3.69855,3.69164,0.337922,1.63782,-7.77583,0.685339,-0.202337,0.147439,-32.4566,0,292.777,283.777,0.000168691,5.15163,3.31518e-05,8.70079e-06,1.26549,4.54526e-06,1.44931e-05,-0.0447593,0.0694827,8.49987,0.0104969,0.0104616,3.19045e-05,7.3499884292995e-06
"153",38211.8,4.65587,3.59298,3.73364,3.69929,3.69244,0.338031,1.63835,-7.7718,0.689735,-0.198447,0.148306,-32.4503,0,292.772,283.772,0.000168745,5.15521,3.32181e-05,8.64794e-06,1.26799,4.54658e-06,1.45005e-05,-0.0446376,0.0695225,8.50037,0.0105566,0.0105212,3.20559e-05,7.30849556277608e-06
"154",38462.9,4.65391,3.59357,3.73435,3.7,3.6932,0.338139,1.63889,-7.76814,0.693735,-0.194542,0.14916,-32.4448,0,292.769,283.769,0.000168799,5.15848,3.32798e-05,8.59966e-06,1.27047,4.54774e-06,1.45073e-05,-0.044541,0.0695588,8.50078,0.0106156,0.0105802,3.22051e-05,7.26532139943128e-06
"155",38713.7,4.65208,3.59417,3.73503,3.70067,3.69393,0.338247,1.63942,-7.76416,0.697699,-0.190635,0.150016,-32.4394,0,292.765,283.765,0.000168853,5.16143,3.33366e-05,8.55622e-06,1.27324,4.54884e-06,1.45139e-05,-0.0444725,0.0695916,8.50115,0.0106754,0.0106394,3.23548e-05,7.21939938129686e-06
"156",38965.4,4.65033,3.59471,3.73569,3.70132,3.69464,0.338355,1.63995,-7.75992,0.702147,-0.186691,0.150889,-32.4335,0,292.762,283.762,0.000168907,5.1641,3.33892e-05,8.51703e-06,1.27616,4.54993e-06,1.45205e-05,-0.0443782,0.0696214,8.50151,0.0107361,0.0106999,3.25076e-05,7.16937216131628e-06
"157",39217.2,4.64904,3.59523,3.73634,3.70195,3.69532,0.338463,1.64048,-7.75603,0.706262,-0.182726,0.151752,-32.4283,0,292.759,283.759,0.000168961,5.16653,3.34381e-05,8.48149e-06,1.27892,4.55085e-06,1.45265e-05,-0.0442915,0.0696485,8.50178,0.0107961,0.0107601,3.26586e-05,7.11614629281837e-06
"158",39468.6,4.64786,3.59577,3.73696,3.70255,3.69597,0.338571,1.64101,-7.75194,0.710296,-0.178759,0.152615,-32.4233,0,292.757,283.757,0.000169014,5.16872,3.3483e-05,8.44997e-06,1.28196,4.55174e-06,1.45324e-05,-0.0442351,0.0696728,8.50202,0.0108569,0.0108203,3.28099e-05,7.05836363916599e-06
"159",39720.4,4.64663,3.59628,3.73757,3.70313,3.6966,0.338678,1.64153,-7.74755,0.714778,-0.174764,0.153496,-32.4177,0,292.755,283.755,0.000169068,5.17068,3.35241e-05,8.42214e-06,1.28527,4.55264e-06,1.45384e-05,-0.0441681,0.0696947,8.50228,0.0109181,0.0108817,3.29642e-05,6.99350787357092e-06
"160",39972.4,4.64581,3.59676,3.73816,3.70369,3.6972,0.338785,1.64206,-7.74341,0.718934,-0.170744,0.154368,-32.4128,0,292.753,283.753,0.000169122,5.17246,3.35623e-05,8.39715e-06,1.28838,4.5534e-06,1.45439e-05,-0.044104,0.0697146,8.50245,0.0109796,0.0109429,3.31172e-05,6.92176401362513e-06
"161",40224.6,4.64521,3.59723,3.73873,3.70424,3.69779,0.338892,1.64259,-7.73925,0.723124,-0.166711,0.155242,-32.4081,0,292.752,283.752,0.000169175,5.17406,3.35976e-05,8.3752e-06,1.29151,4.55408e-06,1.45491e-05,-0.0440361,0.0697324,8.50257,0.011041,0.0110043,3.32705e-05,6.83961680491764e-06
"162",40476.1,4.64433,3.59772,3.73929,3.70476,3.69836,0.338999,1.64311,-7.7346,0.727597,-0.162668,0.156131,-32.4028,0,292.751,283.751,0.000169228,5.17547,3.36293e-05,8.3566e-06,1.29523,4.55486e-06,1.45547e-05,-0.0440027,0.0697481,8.50275,0.0111037,0.0110667,3.34266e-05,6.74069761819989e-06
"163",40728.5,4.64392,3.59817,3.73983,3.70527,3.69891,0.339105,1.64363,-7.73041,0.731828,-0.158589,0.157014,-32.398,0,292.75,283.75,0.000169281,5.17675,3.36592e-05,8.33997e-06,1.29859,4.55548e-06,1.45597e-05,-0.0439501,0.0697624,8.50284,0.0111658,0.0111288,3.35816e-05,6.61720248257375e-06
"164",40980.8,4.64364,3.59861,3.74037,3.70576,3.69944,0.339212,1.64415,-7.72604,0.736038,-0.1545,0.157898,-32.3935,0,292.749,283.749,0.000169335,5.17788,3.36865e-05,8.32583e-06,1.30201,4.55605e-06,1.45646e-05,-0.0439029,0.0697751,8.50289,0.0112287,0.0111913,3.37371e-05,6.44088028396217e-06
"165",41235.7,4.64219,3.59899,3.74089,3.70624,3.69997,0.339319,1.64468,-7.72031,0.742277,-0.150342,0.15882,-32.3878,0,292.747,283.747,0.000169388,5.17882,3.37103e-05,8.31534e-06,1.30662,4.55703e-06,1.45708e-05,-0.0438139,0.0697856,8.50319,0.0112938,0.0112554,3.38993e-05,5.52177714124721e-06
"166",41486.1,4.61129,3.59823,3.74128,3.70642,3.70045,0.339416,1.64519,-7.70019,0.767815,-0.14362,0.160049,-32.3403,0,292.689,283.689,0.000169436,5.18088,3.37584e-05,8.27922e-06,1.32065,4.56816e-06,1.46091e-05,-0.0431472,0.0698086,8.50959,0.011355,0.0113159,3.41154e-05,4.99965839187236e-06
"167",41737.4,4.58535,3.59747,3.74144,3.70641,3.70082,0.33951,1.64569,-7.6906,0.782117,-0.134798,0.161231,-32.3066,0,292.64,283.64,0.000169484,5.18682,3.38926e-05,8.15669e-06,1.32739,4.57763e-06,1.46422e-05,-0.0426118,0.0698749,8.515,0.0114161,0.011377,3.43237e-05,4.81216998075569e-06
"168",41987.9,4.56318,3.59667,3.74141,3.70632,3.70105,0.339603,1.64617,-7.6835,0.793754,-0.125383,0.162382,-32.2787,0,292.598,283.598,0.00016953,5.19459,3.40702e-05,7.99062e-06,1.33245,4.58585e-06,1.46711e-05,-0.0421152,0.0699619,8.51964,0.0114773,0.0114387,3.45266e-05,4.68185535406658e-06
"169",42238.7,4.5445,3.59596,3.74122,3.70614,3.70116,0.339695,1.64665,-7.67766,0.803346,-0.115828,0.163459,-32.2556,0,292.563,283.563,0.000169576,5.20312,3.42144e-05,7.85779e-06,1.33715,4.59287e-06,1.46962e-05,-0.0417366,0.0700574,8.52358,0.0115366,0.011498,3.47165e-05,4.58326783578892e-06
"170",42490.9,4.52659,3.59519,3.74093,3.70589,3.70118,0.339786,1.64711,-7.66952,0.814642,-0.10619,0.164584,-32.2311,0,292.528,283.528,0.000169621,5.21232,3.42702e-05,7.81326e-06,1.34336,4.59965e-06,1.47205e-05,-0.0413686,0.0701606,8.52736,0.0116002,0.0115611,3.49151e-05,4.49535401832998e-06
"171",42743.6,4.51029,3.59445,3.74054,3.70558,3.70112,0.339876,1.64757,-7.66215,0.825123,-0.0963765,0.165693,-32.2086,0,292.497,283.497,0.000169666,5.22205,3.43294e-05,7.7652e-06,1.3496,4.60588e-06,1.47431e-05,-0.0410635,0.07027,8.53082,0.0116636,0.0116243,3.5111e-05,4.41921796462127e-06
"172",42994.3,4.49554,3.59367,3.74008,3.70522,3.701,0.339964,1.64802,-7.65487,0.835289,-0.0865984,0.166778,-32.1876,0,292.469,283.469,0.00016971,5.23182,3.43891e-05,7.71632e-06,1.35572,4.61157e-06,1.47638e-05,-0.04077,0.0703799,8.53397,0.0117266,0.011687,3.53026e-05,4.35225678156054e-06
"173",43246.3,4.4816,3.59282,3.73956,3.70481,3.7008,0.34005,1.64847,-7.6471,0.845822,-0.0767558,0.167869,-32.1667,0,292.442,283.442,0.000169753,5.24147,3.44488e-05,7.66744e-06,1.36208,4.617e-06,1.47837e-05,-0.0404696,0.0704886,8.53695,0.01179,0.0117506,3.54956e-05,4.29078406053884e-06
"174",43498.2,4.4682,3.59202,3.73897,3.70434,3.70054,0.340136,1.6489,-7.63908,0.856272,-0.0668996,0.16896,-32.1463,0,292.416,283.416,0.000169796,5.25078,3.45071e-05,7.61971e-06,1.36909,4.62224e-06,1.4803e-05,-0.0402378,0.0705937,8.53982,0.0118543,0.0118146,3.56886e-05,4.23405335888919e-06
"175",43751.4,4.45579,3.59113,3.73834,3.70382,3.70022,0.340221,1.64934,-7.63122,0.866517,-0.0569862,0.170039,-32.1269,0,292.392,283.392,0.000169838,5.25974,3.45642e-05,7.57314e-06,1.37583,4.62714e-06,1.48212e-05,-0.0399909,0.070695,8.54249,0.0119184,0.0118784,3.58796e-05,4.1818059276787e-06
"176",44004.7,4.44391,3.59027,3.73765,3.70324,3.69984,0.340305,1.64976,-7.62336,0.876626,-0.0470736,0.171111,-32.1079,0,292.369,283.369,0.00016988,5.2682,3.46191e-05,7.5286e-06,1.38301,4.63186e-06,1.48387e-05,-0.0397963,0.0707907,8.54506,0.0119822,0.0119421,3.60696e-05,4.13310701180903e-06
"177",44256.3,4.43246,3.58931,3.73693,3.70262,3.6994,0.340387,1.65018,-7.61495,0.887214,-0.0372262,0.172189,-32.0887,0,292.347,283.347,0.000169921,5.27607,3.46712e-05,7.48666e-06,1.39022,4.63642e-06,1.48557e-05,-0.0395658,0.07088,8.54753,0.0120468,0.0120064,3.62607e-05,4.08690453066202e-06
"178",44507.5,4.42144,3.58838,3.73616,3.70195,3.69891,0.340468,1.65059,-7.60679,0.897534,-0.0273767,0.17326,-32.0701,0,292.325,283.325,0.000169962,5.28342,3.47208e-05,7.4471e-06,1.39785,4.64084e-06,1.48723e-05,-0.0393959,0.0709633,8.54993,0.0121112,0.0120706,3.64507e-05,4.04339364219664e-06
"179",44759.5,4.41097,3.58741,3.73536,3.70123,3.69837,0.340548,1.651,-7.59854,0.907752,-0.0174977,0.174326,-32.052,0,292.304,283.304,0.000170002,5.29027,3.4768e-05,7.40984e-06,1.40546,4.64507e-06,1.48881e-05,-0.0392267,0.0710411,8.5522,0.0121753,0.0121348,3.664e-05,4.00216750299271e-06
"180",45012.9,4.40098,3.58636,3.73451,3.70047,3.69777,0.340627,1.6514,-7.59006,0.918095,-0.00756653,0.175396,-32.0341,0,292.285,283.285,0.000170041,5.29664,3.48127e-05,7.37495e-06,1.41299,4.64913e-06,1.49035e-05,-0.0390365,0.0711136,8.55438,0.0122404,0.0121995,3.683e-05,3.96264082262502e-06
"181",45265.8,4.39132,3.58534,3.73363,3.69966,3.69712,0.340706,1.6518,-7.58196,0.92824,0.00234874,0.176458,-32.0166,0,292.266,283.266,0.00017008,5.30248,3.48545e-05,7.34284e-06,1.421,4.65307e-06,1.49184e-05,-0.0389075,0.07118,8.55649,0.0123046,0.0122639,3.70188e-05,3.9250539465529e-06
"182",45516,4.38331,3.58433,3.73273,3.69884,3.69644,0.340783,1.65218,-7.57391,0.93761,0.0118972,0.177437,-32.0013,0,292.25,283.25,0.000170119,5.3076,3.48917e-05,7.31526e-06,1.42851,4.65641e-06,1.49313e-05,-0.0387888,0.0712384,8.55825,0.0123653,0.0123241,3.71928e-05,3.89171606339721e-06
"183",45766.7,4.37409,3.58324,3.7318,3.69796,3.69571,0.340859,1.65257,-7.56473,0.948433,0.0216097,0.178498,-31.9833,0,292.232,283.232,0.000170157,5.31221,3.49255e-05,7.29084e-06,1.43705,4.6602e-06,1.49457e-05,-0.0386577,0.0712909,8.56027,0.01243,0.0123886,3.73816e-05,3.85687762632492e-06
"184",46018.1,4.36526,3.58212,3.73084,3.69703,3.69494,0.340934,1.65295,-7.556,0.958833,0.0314437,0.17956,-31.9662,0,292.214,283.214,0.000170194,5.31648,3.49575e-05,7.26815e-06,1.44538,4.66384e-06,1.49596e-05,-0.038533,0.0713397,8.56221,0.012495,0.0124535,3.75707e-05,3.82323640054304e-06
"185",46270.5,4.35667,3.58092,3.72984,3.69607,3.69413,0.341008,1.65332,-7.54701,0.969553,0.041352,0.180637,-31.9489,0,292.197,283.197,0.000170231,5.32039,3.49872e-05,7.2476e-06,1.45372,4.66741e-06,1.49732e-05,-0.0383805,0.0713844,8.56411,0.0125611,0.0125195,3.77626e-05,3.7902710839816e-06
"186",46522.6,4.34814,3.57975,3.72882,3.69507,3.69327,0.341082,1.6537,-7.53775,0.980173,0.0512711,0.18172,-31.9317,0,292.18,283.18,0.000170268,5.32392,3.50144e-05,7.22951e-06,1.46254,4.67096e-06,1.49867e-05,-0.038281,0.0714246,8.56599,0.0126281,0.0125859,3.79556e-05,3.75819674166933e-06
"187",46775,4.34022,3.57858,3.72776,3.69404,3.69238,0.341155,1.65406,-7.5291,0.990353,0.0612077,0.182786,-31.9154,0,292.164,283.164,0.000170304,5.32709,3.50393e-05,7.21366e-06,1.47127,4.67428e-06,1.49995e-05,-0.0382043,0.0714609,8.56774,0.0126942,0.0126517,3.81458e-05,3.72759721124223e-06
"188",47025,4.33278,3.57734,3.72669,3.69298,3.69147,0.341226,1.65442,-7.52044,1.00065,0.0710543,0.183845,-31.8993,0,292.15,283.15,0.00017034,5.32989,3.50614e-05,7.20041e-06,1.47975,4.67742e-06,1.50117e-05,-0.0380906,0.0714929,8.5694,0.0127592,0.0127172,3.83346e-05,3.69808293236991e-06
"189",47278.1,4.32512,3.57613,3.72558,3.69189,3.69051,0.341297,1.65478,-7.51099,1.01112,0.0810262,0.184927,-31.883,0,292.134,283.134,0.000170376,5.33234,3.50808e-05,7.18979e-06,1.48896,4.68066e-06,1.50242e-05,-0.0380336,0.0715209,8.5711,0.0128272,0.0127842,3.8528e-05,3.66877416422155e-06
"190",47528.5,4.31779,3.57487,3.72446,3.69077,3.68952,0.341367,1.65513,-7.50172,1.02171,0.0909042,0.186004,-31.8667,0,292.12,283.12,0.00017041,5.33443,3.50975e-05,7.18173e-06,1.49807,4.68376e-06,1.50362e-05,-0.0379568,0.0715449,8.57273,0.0128942,0.012851,3.87203e-05,3.64039318970234e-06
"191",47779.6,4.31096,3.57357,3.72331,3.68962,3.6885,0.341436,1.65548,-7.49288,1.03215,0.100822,0.187074,-31.8509,0,292.106,283.106,0.000170445,5.33624,3.5112e-05,7.17585e-06,1.50698,4.68668e-06,1.50476e-05,-0.037867,0.0715655,8.57425,0.0129603,0.0129177,3.89116e-05,3.61292856382609e-06
"192",48030.2,4.30418,3.57232,3.72215,3.68845,3.68746,0.341505,1.65583,-7.48376,1.0424,0.110724,0.188144,-31.8353,0,292.092,283.092,0.000170479,5.33772,3.51238e-05,7.17251e-06,1.51632,4.68959e-06,1.50589e-05,-0.0378331,0.0715826,8.57577,0.0130274,0.0129845,3.91031e-05,3.58614791110296e-06
"193",48281.8,4.2977,3.571,3.72096,3.68725,3.68639,0.341573,1.65617,-7.4744,1.05272,0.120666,0.189218,-31.82,0,292.079,283.079,0.000170513,5.33893,3.51333e-05,7.17144e-06,1.52552,4.69238e-06,1.50699e-05,-0.037776,0.0715964,8.57721,0.0130954,0.0130517,3.92953e-05,3.55991362255083e-06
"194",48533.6,4.29117,3.56967,3.71975,3.68603,3.68528,0.34164,1.65651,-7.46483,1.0634,0.130627,0.190308,-31.8041,0,292.066,283.066,0.000170547,5.33985,3.51403e-05,7.17277e-06,1.53506,4.69519e-06,1.50809e-05,-0.0377242,0.0716069,8.57868,0.0131638,0.0131198,3.94904e-05,3.53391210165386e-06
"195",48785.4,4.28478,3.56833,3.71852,3.68478,3.68416,0.341706,1.65684,-7.45544,1.07408,0.140605,0.1914,-31.7884,0,292.053,283.053,0.00017058,5.34052,3.51451e-05,7.17623e-06,1.54477,4.69796e-06,1.50917e-05,-0.0376881,0.0716146,8.58011,0.0132319,0.0131882,3.96861e-05,3.50845706842787e-06
"196",49037.8,4.27884,3.56697,3.71727,3.68351,3.683,0.341772,1.65717,-7.44611,1.08442,0.150615,0.192483,-31.7733,0,292.041,283.041,0.000170613,5.34095,3.51479e-05,7.18159e-06,1.55426,4.70055e-06,1.5102e-05,-0.037651,0.0716196,8.58145,0.0133004,0.0132564,3.98803e-05,3.48376691918174e-06
"197",49290.1,4.27302,3.56561,3.71601,3.68222,3.68183,0.341838,1.6575,-7.43677,1.09477,0.160627,0.193569,-31.7584,0,292.029,283.029,0.000170645,5.34116,3.51486e-05,7.18902e-06,1.56393,4.70309e-06,1.51121e-05,-0.0376303,0.0716219,8.58276,0.0133692,0.0133248,4.00751e-05,3.45953393798404e-06
"198",49543.1,4.26715,3.56421,3.71472,3.6809,3.68063,0.341903,1.65782,-7.42695,1.10548,0.17067,0.194672,-31.7431,0,292.017,283.017,0.000170678,5.34112,3.51471e-05,7.19855e-06,1.5738,4.70566e-06,1.51223e-05,-0.0376006,0.0716215,8.58408,0.013439,0.0133942,4.02729e-05,3.43543247280654e-06
"199",49793.3,4.26229,3.5628,3.71344,3.67959,3.67942,0.341966,1.65814,-7.41791,1.1156,0.180521,0.195724,-31.7291,0,292.008,283.008,0.00017071,5.34084,3.51434e-05,7.21015e-06,1.58309,4.70784e-06,1.51312e-05,-0.0375554,0.0716183,8.58518,0.0135057,0.0134612,4.04619e-05,3.41290121900472e-06
"200",50046.2,4.25656,3.56142,3.71214,3.67824,3.67818,0.34203,1.65846,-7.40805,1.12643,0.190531,0.196829,-31.7136,0,291.996,282.996,0.000170741,5.34031,3.51371e-05,7.22424e-06,1.59342,4.71035e-06,1.51411e-05,-0.0375605,0.0716122,8.58647,0.0135756,0.0135309,4.06605e-05,3.38969080361455e-06
"201",50296.3,4.25119,3.56,3.71083,3.67689,3.67694,0.342092,1.65878,-7.39843,1.13697,0.20048,0.197923,-31.6988,0,291.985,282.985,0.000170772,5.33966,3.51299e-05,7.2392e-06,1.60331,4.71273e-06,1.51506e-05,-0.0375431,0.0716047,8.58769,0.013645,0.0136001,4.08572e-05,3.36715001911889e-06
"202",50546.9,4.24608,3.55856,3.70951,3.67552,3.67569,0.342154,1.65909,-7.38864,1.14752,0.210431,0.199016,-31.6842,0,291.975,282.975,0.000170803,5.33883,3.5121e-05,7.25571e-06,1.61315,4.715e-06,1.51597e-05,-0.0375168,0.0715952,8.58885,0.0137147,0.0136694,4.10538e-05,3.34504544474602e-06
"203",50797,4.24093,3.55716,3.70818,3.67414,3.67441,0.342215,1.65939,-7.37916,1.15794,0.220394,0.200112,-31.6696,0,291.964,282.964,0.000170834,5.33785,3.51108e-05,7.27351e-06,1.62333,4.71729e-06,1.51689e-05,-0.0375345,0.071584,8.59002,0.0137842,0.0137388,4.1251e-05,3.32327858532689e-06
"204",51047.7,4.23594,3.55571,3.70683,3.67274,3.67312,0.342276,1.6597,-7.3696,1.16844,0.230412,0.201216,-31.655,0,291.954,282.954,0.000170864,5.33675,3.50995e-05,7.29237e-06,1.63338,4.71952e-06,1.51778e-05,-0.0375299,0.0715714,8.59115,0.0138547,0.0138089,4.14498e-05,3.3017384583049e-06
"205",51298.7,4.23182,3.55428,3.70548,3.67133,3.67181,0.342336,1.66,-7.3605,1.17809,0.240382,0.20228,-31.6422,0,291.946,282.946,0.000170894,5.3355,3.50869e-05,7.31246e-06,1.64302,4.72141e-06,1.51857e-05,-0.037546,0.0715571,8.59209,0.0139234,0.0138772,4.16416e-05,3.2813294805883e-06
"206",51549.6,4.22664,3.55282,3.70411,3.66991,3.6705,0.342396,1.6603,-7.35007,1.18933,0.250344,0.203406,-31.6267,0,291.935,282.935,0.000170924,5.334,3.50715e-05,7.33514e-06,1.65371,4.72372e-06,1.51949e-05,-0.0375491,0.0715399,8.59327,0.0139946,0.0139484,4.18446e-05,3.26009053592732e-06
"207",51801.3,4.22186,3.55131,3.70273,3.66847,3.66916,0.342455,1.66059,-7.3402,1.20012,0.260418,0.204529,-31.612,0,291.925,282.925,0.000170954,5.33244,3.5056e-05,7.358e-06,1.66388,4.72587e-06,1.52035e-05,-0.0375297,0.0715221,8.59436,0.0140661,0.0140199,4.20472e-05,3.23926110118166e-06
"208",52052.3,4.21825,3.54991,3.70135,3.66703,3.66782,0.342514,1.66088,-7.3313,1.20962,0.270326,0.205581,-31.5996,0,291.918,282.918,0.000170983,5.33072,3.50389e-05,7.38245e-06,1.6738,4.72756e-06,1.52107e-05,-0.0375835,0.0715024,8.59518,0.0141345,0.0140878,4.22371e-05,3.22005558019026e-06
"209",52304.4,4.21333,3.54837,3.69996,3.66557,3.66646,0.342572,1.66118,-7.32069,1.22104,0.28036,0.206724,-31.5841,0,291.908,282.908,0.000171012,5.32881,3.50198e-05,7.40867e-06,1.68438,4.72976e-06,1.52195e-05,-0.0375577,0.0714805,8.5963,0.0142068,0.0141603,4.24433e-05,3.19951222521522e-06
"210",52556,4.20973,3.54691,3.69856,3.66411,3.66509,0.34263,1.66146,-7.31182,1.23073,0.290355,0.207796,-31.5715,0,291.9,282.9,0.000171041,5.32686,3.50008e-05,7.43491e-06,1.6943,4.73145e-06,1.52267e-05,-0.0375931,0.0714582,8.59713,0.0142759,0.0142295,4.26371e-05,3.18053960837711e-06
"211",52807.7,4.20477,3.54543,3.69716,3.66263,3.66371,0.342687,1.66175,-7.30088,1.24203,0.300361,0.208943,-31.5561,0,291.89,282.89,0.000171069,5.32469,3.49794e-05,7.46333e-06,1.70535,4.73367e-06,1.52355e-05,-0.0376236,0.0714334,8.59826,0.0143496,0.014302,4.28443e-05,3.16054350213117e-06
"212",53059.9,4.1999,3.5439,3.69574,3.66114,3.66232,0.342743,1.66203,-7.29056,1.25324,0.310505,0.210103,-31.5408,0,291.88,282.88,0.000171098,5.32253,3.49586e-05,7.49112e-06,1.71614,4.73586e-06,1.52442e-05,-0.0376304,0.0714088,8.59938,0.014423,0.0143756,4.30542e-05,3.14062841532138e-06
"213",53311.3,4.21852,3.54331,3.69439,3.65984,3.66094,0.342806,1.66232,-7.30397,1.24052,0.318539,0.209921,-31.5703,0,291.918,282.918,0.000171129,5.31997,3.49342e-05,7.52335e-06,1.71441,4.7288e-06,1.52234e-05,-0.0381748,0.0713795,8.59512,0.014427,0.0143855,4.30212e-05,3.14373303631619e-06
"214",53561.6,4.23571,3.54284,3.69322,3.65874,3.65962,0.342871,1.66261,-7.30346,1.23785,0.323456,0.209617,-31.5873,0,291.953,282.953,0.000171161,5.31337,3.48641e-05,7.60147e-06,1.71893,4.72236e-06,1.52045e-05,-0.0386594,0.0713042,8.5912,0.014427,0.0143852,4.29663e-05,3.14893524511847e-06
"215",53814.4,4.24932,3.54228,3.69219,3.65767,3.65837,0.342936,1.66291,-7.2984,1.24005,0.32752,0.209379,-31.5958,0,291.981,282.981,0.000171194,5.30435,3.47673e-05,7.70635e-06,1.72604,4.71734e-06,1.51903e-05,-0.0390601,0.0712014,8.58811,0.014427,0.014385,4.29232e-05,3.15302251943062e-06
"216",54066,4.26034,3.54169,3.69127,3.65663,3.6572,0.343002,1.66322,-7.2924,1.24359,0.331331,0.209187,-31.6007,0,292.004,283.004,0.000171227,5.29427,3.46598e-05,7.82198e-06,1.73355,4.71336e-06,1.51794e-05,-0.0394079,0.0710866,8.58562,0.014427,0.0143849,4.28884e-05,3.15632916660357e-06
"217",54317.4,4.26968,3.54106,3.69044,3.65564,3.6561,0.343068,1.66353,-7.2864,1.24758,0.335091,0.209025,-31.6038,0,292.023,283.023,0.00017126,5.28382,3.45501e-05,7.93982e-06,1.74075,4.71004e-06,1.51707e-05,-0.0396937,0.0709679,8.58351,0.014427,0.0143848,4.28592e-05,3.15912568745473e-06
"218",54568.5,4.27787,3.5404,3.68967,3.65469,3.65507,0.343134,1.66384,-7.28058,1.25177,0.338844,0.208886,-31.6058,0,292.039,283.039,0.000171293,5.27342,3.44438e-05,8.05441e-06,1.74746,4.70718e-06,1.51634e-05,-0.0399137,0.0708498,8.58167,0.014427,0.0143849,4.28341e-05,3.16152996678515e-06
"219",54821.1,4.28489,3.53986,3.68895,3.65379,3.6541,0.343202,1.66416,-7.2749,1.25569,0.34263,0.208763,-31.6071,0,292.053,283.053,0.000171326,5.26318,3.43429e-05,8.1636e-06,1.75462,4.70478e-06,1.51576e-05,-0.040202,0.0707338,8.58009,0.014427,0.0143847,4.28118e-05,3.16366120550664e-06
"220",55074.3,4.29137,3.53926,3.68828,3.65293,3.65317,0.343269,1.66448,-7.26939,1.25983,0.346432,0.208652,-31.6079,0,292.066,283.066,0.00017136,5.25329,3.42504e-05,8.26451e-06,1.76122,4.7026e-06,1.51526e-05,-0.0404109,0.070622,8.57863,0.014427,0.0143847,4.27918e-05,3.16558752193002e-06
"221",55327.4,4.29735,3.53865,3.68765,3.65211,3.6523,0.343337,1.66481,-7.26403,1.26405,0.350238,0.208552,-31.6081,0,292.079,283.079,0.000171394,5.24382,3.41676e-05,8.35571e-06,1.76747,4.70061e-06,1.51482e-05,-0.0405733,0.0705151,8.5773,0.014427,0.0143848,4.27737e-05,3.16732539105358e-06
"222",55578.9,4.30256,3.53816,3.68706,3.65134,3.65148,0.343405,1.66513,-7.2588,1.26799,0.354025,0.208461,-31.6081,0,292.089,283.089,0.000171428,5.23479,3.40953e-05,8.43641e-06,1.77409,4.69892e-06,1.51447e-05,-0.0407946,0.0704133,8.57613,0.014427,0.0143847,4.27572e-05,3.16890887604491e-06
"223",55831.2,4.30763,3.53758,3.6865,3.6506,3.6507,0.343473,1.66546,-7.25367,1.2722,0.357826,0.208377,-31.6077,0,292.099,283.099,0.000171462,5.22612,3.40333e-05,8.50683e-06,1.78014,4.69729e-06,1.51415e-05,-0.0409276,0.0703157,8.575,0.014427,0.0143848,4.2742e-05,3.17037227164077e-06
"224",56081.9,4.31206,3.53713,3.68596,3.6499,3.64996,0.343541,1.66579,-7.24864,1.27611,0.361604,0.208299,-31.6071,0,292.108,283.108,0.000171496,5.21782,3.39818e-05,8.56675e-06,1.78663,4.69591e-06,1.5139e-05,-0.041128,0.0702224,8.57401,0.014427,0.0143846,4.2728e-05,3.17173261920626e-06
"225",56333.7,4.31649,3.53657,3.68545,3.64922,3.64924,0.34361,1.66612,-7.24368,1.28034,0.365397,0.208227,-31.6062,0,292.117,283.117,0.00017153,5.2098,3.39403e-05,8.61669e-06,1.79251,4.69453e-06,1.51366e-05,-0.0412284,0.0701323,8.57302,0.014427,0.0143848,4.27149e-05,3.17298959312491e-06
"226",56587.4,4.32041,3.53615,3.68495,3.64856,3.64854,0.343679,1.66645,-7.23873,1.28427,0.369217,0.208158,-31.6052,0,292.125,283.125,0.000171565,5.20194,3.39081e-05,8.65746e-06,1.79903,4.69336e-06,1.51348e-05,-0.041415,0.0700442,8.57215,0.014427,0.0143847,4.27024e-05,3.1741953386264e-06
"227",56837.8,4.32418,3.53569,3.68448,3.64794,3.64789,0.343748,1.66678,-7.2339,1.2883,0.372988,0.208094,-31.604,0,292.132,283.132,0.000171599,5.19464,3.37959e-05,8.77818e-06,1.80541,4.69223e-06,1.51332e-05,-0.0415469,0.0699624,8.57131,0.014427,0.0143847,4.26909e-05,3.17531471578398e-06
"228",57088,4.32769,3.53526,3.68405,3.64736,3.64729,0.343816,1.66711,-7.22914,1.29233,0.376761,0.208035,-31.6026,0,292.139,283.139,0.000171633,5.18822,3.36832e-05,8.89944e-06,1.81178,4.69121e-06,1.51319e-05,-0.0416675,0.0698906,8.57053,0.014427,0.0143847,4.26802e-05,3.1763474998676e-06
"229",57341.7,4.33101,3.53482,3.68364,3.64682,3.64674,0.343886,1.66745,-7.22439,1.29648,0.380587,0.20798,-31.6009,0,292.146,283.146,0.000171668,5.18235,3.35936e-05,8.99766e-06,1.81802,4.69027e-06,1.51309e-05,-0.0417581,0.069825,8.56979,0.014427,0.0143848,4.26704e-05,3.17731100771713e-06
"230",57594.4,4.33384,3.53449,3.68325,3.64631,3.64622,0.343956,1.66779,-7.21971,1.30043,0.3844,0.207931,-31.5991,0,292.152,283.152,0.000171703,5.17697,3.3522e-05,9.07791e-06,1.82451,4.68951e-06,1.51305e-05,-0.0418941,0.0697649,8.56916,0.014427,0.0143846,4.26614e-05,3.17817001063232e-06
"231",57847.7,4.33658,3.53411,3.68289,3.64584,3.64574,0.344026,1.66813,-7.21509,1.30457,0.388222,0.207886,-31.597,0,292.157,283.157,0.000171738,5.17194,3.34637e-05,9.14479e-06,1.83054,4.68879e-06,1.51302e-05,-0.0419641,0.0697087,8.56855,0.014427,0.0143847,4.26533e-05,3.17895939390522e-06
"232",58100.5,4.339,3.53376,3.68256,3.6454,3.64528,0.344095,1.66847,-7.21054,1.30864,0.392036,0.207846,-31.5947,0,292.162,283.162,0.000171772,5.1672,3.34154e-05,9.20173e-06,1.83658,4.68819e-06,1.51303e-05,-0.0420456,0.0696559,8.56802,0.014427,0.0143847,4.2646e-05,3.1796614728772e-06
"233",58352.4,4.34104,3.53349,3.68223,3.64497,3.64485,0.344165,1.6688,-7.20604,1.31252,0.395836,0.207809,-31.5923,0,292.166,283.166,0.000171807,5.16271,3.33745e-05,9.25129e-06,1.84285,4.68774e-06,1.51309e-05,-0.042168,0.0696059,8.56756,0.014427,0.0143846,4.26394e-05,3.18031123572074e-06
"234",58605,4.34305,3.53317,3.68193,3.64457,3.64443,0.344235,1.66914,-7.20159,1.31658,0.399644,0.207776,-31.5898,0,292.17,283.17,0.000171842,5.15842,3.33393e-05,9.29518e-06,1.84868,4.68729e-06,1.51315e-05,-0.0422347,0.0695581,8.56712,0.014427,0.0143846,4.26334e-05,3.18089102978503e-06
"235",58857.3,4.34488,3.53286,3.68163,3.64418,3.64404,0.344304,1.66948,-7.19719,1.32062,0.403446,0.207745,-31.5871,0,292.174,283.174,0.000171877,5.15431,3.33082e-05,9.3349e-06,1.85444,4.68692e-06,1.51323e-05,-0.0423,0.0695124,8.56671,0.014427,0.0143846,4.26279e-05,3.18143592200917e-06
"236",59109.2,4.3465,3.53258,3.68135,3.64381,3.64366,0.344374,1.66982,-7.19283,1.32459,0.407237,0.207717,-31.5843,0,292.177,283.177,0.000171911,5.15038,3.32801e-05,9.37158e-06,1.8602,4.68662e-06,1.51334e-05,-0.0423782,0.0694687,8.56636,0.014427,0.0143846,4.26228e-05,3.18192828043622e-06
"237",59361.5,4.34813,3.53225,3.68108,3.64345,3.64329,0.344444,1.67016,-7.18851,1.32871,0.411033,0.207692,-31.5815,0,292.18,283.18,0.000171946,5.1466,3.32544e-05,9.40588e-06,1.86555,4.68632e-06,1.51345e-05,-0.0424063,0.0694268,8.56599,0.014427,0.0143847,4.26182e-05,3.18236804489959e-06
"238",59613,4.34944,3.53201,3.68082,3.6431,3.64294,0.344513,1.6705,-7.18422,1.3326,0.414811,0.207668,-31.5785,0,292.183,283.183,0.000171981,5.14298,3.32302e-05,9.4387e-06,1.87124,4.68615e-06,1.51359e-05,-0.042495,0.0693865,8.5657,0.014427,0.0143846,4.26139e-05,3.18279035978351e-06
"239",59864.4,4.3507,3.53176,3.68057,3.64276,3.64261,0.344582,1.67084,-7.17996,1.33654,0.418586,0.207647,-31.5755,0,292.185,283.185,0.000172016,5.1395,3.32073e-05,9.47024e-06,1.87671,4.68599e-06,1.51374e-05,-0.0425623,0.0693479,8.56543,0.014427,0.0143845,4.261e-05,3.18315999869992e-06
"240",60116.3,4.35193,3.53148,3.68032,3.64244,3.64228,0.344652,1.67117,-7.17573,1.34055,0.422363,0.207626,-31.5724,0,292.188,283.188,0.00017205,5.13616,3.31853e-05,9.50084e-06,1.88193,4.68584e-06,1.5139e-05,-0.042604,0.0693108,8.56515,0.014427,0.0143846,4.26064e-05,3.18352974352919e-06
"241",60367.9,4.35306,3.53121,3.68009,3.64212,3.64197,0.344721,1.67151,-7.17152,1.34455,0.426131,0.207608,-31.5693,0,292.19,283.19,0.000172085,5.13295,3.3164e-05,9.53073e-06,1.88707,4.68573e-06,1.51407e-05,-0.0426457,0.0692753,8.56491,0.014427,0.0143846,4.26031e-05,3.1838467520241e-06
"242",60619.3,4.35406,3.53097,3.67986,3.64181,3.64166,0.344791,1.67185,-7.16734,1.3485,0.429892,0.207591,-31.5661,0,292.192,283.192,0.00017212,5.12988,3.31432e-05,9.56007e-06,1.8922,4.68567e-06,1.51425e-05,-0.0426967,0.0692412,8.56468,0.014427,0.0143846,4.26e-05,3.18414622047943e-06
"243",60871,4.35509,3.53069,3.67964,3.64152,3.64137,0.34486,1.67219,-7.16319,1.35256,0.433653,0.207575,-31.5628,0,292.194,283.194,0.000172154,5.12693,3.31231e-05,9.58882e-06,1.897,4.6856e-06,1.51443e-05,-0.0427106,0.0692086,8.56446,0.014427,0.0143847,4.25972e-05,3.18442813666746e-06
"244",61121.8,4.35584,3.53049,3.67942,3.64123,3.64109,0.344929,1.67253,-7.15906,1.35639,0.437397,0.207561,-31.5595,0,292.196,283.196,0.000172189,5.12411,3.31032e-05,9.61726e-06,1.90218,4.68563e-06,1.51464e-05,-0.0427859,0.0691773,8.56429,0.014427,0.0143846,4.25946e-05,3.18467486388961e-06
"245",61372.7,4.35658,3.53028,3.67921,3.64095,3.64082,0.344998,1.67286,-7.15496,1.36028,0.441137,0.207548,-31.5561,0,292.197,283.197,0.000172223,5.1214,3.30838e-05,9.64517e-06,1.90713,4.68567e-06,1.51485e-05,-0.0428382,0.0691474,8.56413,0.014427,0.0143845,4.25922e-05,3.18490401001119e-06
"246",61624.1,4.35733,3.53003,3.67901,3.64068,3.64055,0.345067,1.6732,-7.15087,1.36426,0.444881,0.207536,-31.5527,0,292.199,283.199,0.000172257,5.11882,3.3065e-05,9.67257e-06,1.91182,4.6857e-06,1.51506e-05,-0.0428623,0.0691188,8.56396,0.014427,0.0143846,4.259e-05,3.18511556565437e-06
"247",61875,4.35794,3.52983,3.67882,3.64042,3.6403,0.345136,1.67354,-7.14681,1.36815,0.448612,0.207525,-31.5493,0,292.2,283.2,0.000172292,5.11634,3.30465e-05,9.69953e-06,1.9166,4.68578e-06,1.51529e-05,-0.0429061,0.0690914,8.56383,0.014427,0.0143845,4.25881e-05,3.18530952215653e-06
"248",62126.2,4.35855,3.5296,3.67863,3.64017,3.64005,0.345205,1.67387,-7.14277,1.37211,0.452343,0.207515,-31.5458,0,292.201,283.201,0.000172326,5.11397,3.30286e-05,9.72594e-06,1.92118,4.68586e-06,1.51552e-05,-0.0429289,0.0690651,8.56369,0.014427,0.0143846,4.25863e-05,3.18548587157175e-06
"249",62377.6,4.3592,3.52933,3.67844,3.63992,3.63981,0.345274,1.67421,-7.13875,1.37617,0.456072,0.207507,-31.5422,0,292.202,283.202,0.000172361,5.1117,3.30114e-05,9.75175e-06,1.92547,4.68594e-06,1.51574e-05,-0.0429205,0.0690401,8.56355,0.014427,0.0143847,4.25848e-05,3.18562696847354e-06
"250",62628.1,4.35954,3.52917,3.67827,3.63968,3.63959,0.345342,1.67454,-7.13474,1.37995,0.459784,0.207499,-31.5387,0,292.203,283.203,0.000172395,5.10952,3.29944e-05,9.77719e-06,1.93026,4.68612e-06,1.516e-05,-0.0429841,0.069016,8.56347,0.014427,0.0143846,4.25834e-05,3.18576808081959e-06
"251",62879.3,4.36003,3.52893,3.67809,3.63945,3.63936,0.345411,1.67488,-7.13076,1.38395,0.4635,0.207493,-31.5351,0,292.204,283.204,0.000172429,5.10744,3.29782e-05,9.80192e-06,1.93453,4.68625e-06,1.51624e-05,-0.0429832,0.0689931,8.56337,0.014427,0.0143847,4.25822e-05,3.18587392521696e-06
"252",63129.6,4.36026,3.52878,3.67792,3.63922,3.63915,0.345479,1.67521,-7.12679,1.38771,0.467199,0.207487,-31.5315,0,292.204,283.204,0.000172463,5.10544,3.29623e-05,9.82623e-06,1.93921,4.68647e-06,1.51651e-05,-0.0430447,0.068971,8.56332,0.014427,0.0143845,4.25811e-05,3.18597977830587e-06
"253",63380.2,4.36053,3.5286,3.67776,3.63901,3.63894,0.345547,1.67554,-7.12284,1.39156,0.470898,0.207482,-31.5278,0,292.205,283.205,0.000172497,5.10353,3.29471e-05,9.8499e-06,1.94365,4.68668e-06,1.51678e-05,-0.0430763,0.0689499,8.56326,0.014427,0.0143845,4.25802e-05,3.18606799585396e-06
"254",63631.5,4.36089,3.52836,3.6776,3.63879,3.63874,0.345615,1.67588,-7.11891,1.39558,0.474602,0.207478,-31.5241,0,292.206,283.206,0.000172531,5.1017,3.29325e-05,9.87291e-06,1.9477,4.68686e-06,1.51703e-05,-0.0430613,0.0689297,8.56318,0.014427,0.0143847,4.25795e-05,3.1861385742398e-06
"255",63882,4.36102,3.5282,3.67744,3.63858,3.63854,0.345683,1.67621,-7.11499,1.39939,0.478289,0.207474,-31.5204,0,292.206,283.206,0.000172565,5.09994,3.29184e-05,9.89547e-06,1.95214,4.68712e-06,1.51732e-05,-0.0431013,0.0689103,8.56315,0.014427,0.0143846,4.25789e-05,3.18620915649054e-06
"256",64132.6,4.36117,3.52802,3.67729,3.63838,3.63835,0.345751,1.67654,-7.11109,1.40324,0.481972,0.207472,-31.5166,0,292.206,283.206,0.000172599,5.09825,3.29048e-05,9.91743e-06,1.95641,4.68737e-06,1.5176e-05,-0.0431235,0.0688917,8.56312,0.014427,0.0143846,4.25784e-05,3.1862444490654e-06
"257",64383.6,4.36137,3.5278,3.67714,3.63818,3.63816,0.345819,1.67688,-7.10721,1.40721,0.485656,0.20747,-31.5128,0,292.207,283.207,0.000172633,5.09662,3.28919e-05,9.93876e-06,1.96041,4.68761e-06,1.51787e-05,-0.0431131,0.0688738,8.56307,0.014427,0.0143847,4.25781e-05,3.18627974260669e-06
"258",64633.8,4.36133,3.52767,3.677,3.63799,3.63798,0.345886,1.67721,-7.10334,1.41093,0.489324,0.207469,-31.509,0,292.206,283.206,0.000172666,5.09505,3.28793e-05,9.9597e-06,1.96485,4.68793e-06,1.51817e-05,-0.0431647,0.0688565,8.56308,0.014427,0.0143845,4.25779e-05,3.18629738973977e-06
"259",64884.1,4.36132,3.52752,3.67686,3.6378,3.63781,0.345954,1.67754,-7.09949,1.41473,0.492988,0.207468,-31.5052,0,292.206,283.206,0.0001727,5.09355,3.28673e-05,9.98006e-06,1.96909,4.68824e-06,1.51847e-05,-0.0431933,0.0688399,8.56308,0.014427,0.0143845,4.25778e-05,3.18631503711447e-06
"260",65135.4,4.36146,3.52728,3.67672,3.63761,3.63764,0.346021,1.67787,-7.09565,1.41874,0.496661,0.207468,-31.5013,0,292.207,283.207,0.000172734,5.0921,3.28559e-05,9.99979e-06,1.97287,4.68849e-06,1.51875e-05,-0.0431613,0.068824,8.56305,0.014427,0.0143847,4.25778e-05,3.18631503711447e-06
"261",65385.5,4.3613,3.52717,3.67658,3.63743,3.63747,0.346088,1.67819,-7.09182,1.42243,0.500311,0.207469,-31.4975,0,292.206,283.206,0.000172767,5.09069,3.28448e-05,1.00192e-05,1.97725,4.68886e-06,1.51906e-05,-0.0432146,0.0688085,8.56309,0.014427,0.0143845,4.25779e-05,3.18629738973977e-06
"262",65636.2,4.36126,3.52699,3.67645,3.63725,3.63731,0.346156,1.67852,-7.088,1.42629,0.503966,0.20747,-31.4936,0,292.206,283.206,0.000172801,5.08934,3.28343e-05,1.00381e-05,1.98126,4.68918e-06,1.51936e-05,-0.0432198,0.0687936,8.5631,0.014427,0.0143845,4.25781e-05,3.18627974260669e-06
"263",65887.3,4.3613,3.52677,3.67632,3.63708,3.63715,0.346223,1.67885,-7.0842,1.43027,0.50762,0.207472,-31.4897,0,292.206,283.206,0.000172834,5.08804,3.28243e-05,1.00564e-05,1.98497,4.68947e-06,1.51965e-05,-0.0431874,0.0687792,8.56309,0.014427,0.0143847,4.25784e-05,3.1862444490654e-06
"264",66137.3,4.36103,3.52667,3.67619,3.63691,3.63699,0.346289,1.67918,-7.08041,1.43391,0.511253,0.207473,-31.4858,0,292.206,283.206,0.000172868,5.08676,3.28144e-05,1.00745e-05,1.98934,4.68988e-06,1.51998e-05,-0.0432456,0.0687652,8.56315,0.014427,0.0143845,4.25787e-05,3.18622680265717e-06
"265",66388.2,4.36098,3.52647,3.67607,3.63674,3.63684,0.346356,1.67951,-7.07663,1.43784,0.514895,0.207476,-31.4819,0,292.206,283.206,0.000172901,5.08554,3.28052e-05,1.0092e-05,1.9931,4.69021e-06,1.52028e-05,-0.0432242,0.0687517,8.56316,0.014427,0.0143846,4.25792e-05,3.18617386488202e-06
"266",66638.4,4.3607,3.52635,3.67594,3.63657,3.63669,0.346422,1.67983,-7.07286,1.44153,0.51852,0.207479,-31.478,0,292.205,283.205,0.000172934,5.08434,3.27961e-05,1.01093e-05,1.99731,4.69061e-06,1.5206e-05,-0.0432642,0.0687386,8.56322,0.014427,0.0143845,4.25797e-05,3.18612092928103e-06
"267",66888.8,4.36048,3.52621,3.67582,3.63641,3.63654,0.346489,1.68016,-7.0691,1.44529,0.522143,0.207482,-31.474,0,292.205,283.205,0.000172967,5.08318,3.27875e-05,1.01261e-05,2.00132,4.691e-06,1.52092e-05,-0.0432803,0.0687258,8.56327,0.014427,0.0143845,4.25803e-05,3.18606799585396e-06
"268",67139.6,4.3603,3.52604,3.6757,3.63625,3.6364,0.346555,1.68048,-7.06535,1.44912,0.525766,0.207486,-31.4701,0,292.204,283.204,0.000173,5.08206,3.27793e-05,1.01426e-05,2.00518,4.69137e-06,1.52123e-05,-0.0432784,0.0687135,8.56331,0.014427,0.0143845,4.2581e-05,3.18599742133249e-06
"269",67390,4.36004,3.52589,3.67558,3.63609,3.63626,0.346621,1.68081,-7.06162,1.45289,0.529378,0.20749,-31.4661,0,292.204,283.204,0.000173033,5.08096,3.27713e-05,1.01587e-05,2.00914,4.69177e-06,1.52155e-05,-0.043291,0.0687014,8.56336,0.014427,0.0143845,4.25817e-05,3.18592685067486e-06
"270",67640.8,4.35982,3.52572,3.67546,3.63593,3.63612,0.346687,1.68113,-7.05789,1.45671,0.53299,0.207494,-31.4621,0,292.203,283.203,0.000173066,5.07989,3.27637e-05,1.01745e-05,2.01297,4.69215e-06,1.52187e-05,-0.0432873,0.0686897,8.56341,0.014427,0.0143845,4.25824e-05,3.18585628388053e-06
"271",67891.6,4.35964,3.52554,3.67535,3.63578,3.63598,0.346753,1.68145,-7.05418,1.46058,0.536598,0.207498,-31.4581,0,292.203,283.203,0.000173099,5.07885,3.27564e-05,1.019e-05,2.01664,4.69252e-06,1.52218e-05,-0.0432653,0.0686782,8.56345,0.014427,0.0143846,4.25833e-05,3.18578572094898e-06
"272",68141.8,4.35924,3.52543,3.67523,3.63562,3.63585,0.346819,1.68177,-7.05047,1.46422,0.54019,0.207503,-31.4542,0,292.202,283.202,0.000173132,5.07783,3.27491e-05,1.02053e-05,2.02077,4.69297e-06,1.52252e-05,-0.0433053,0.068667,8.56354,0.014427,0.0143845,4.25841e-05,3.18569752271577e-06
"273",68392.8,4.35903,3.52524,3.67512,3.63547,3.63571,0.346884,1.68209,-7.04677,1.4681,0.543789,0.207508,-31.4502,0,292.202,283.202,0.000173165,5.07684,3.27424e-05,1.02202e-05,2.02441,4.69335e-06,1.52283e-05,-0.0432805,0.0686561,8.56359,0.014427,0.0143846,4.2585e-05,3.1856093305163e-06
"274",68643.4,4.35875,3.52508,3.67501,3.63532,3.63558,0.34695,1.68242,-7.04308,1.47188,0.547377,0.207514,-31.4462,0,292.201,283.201,0.000173197,5.07586,3.27357e-05,1.02349e-05,2.02819,4.69376e-06,1.52315e-05,-0.043277,0.0686454,8.56365,0.014427,0.0143847,4.2586e-05,3.18550350784001e-06
"275",68897,4.35829,3.52499,3.6749,3.63517,3.63545,0.347015,1.68274,-7.03935,1.47554,0.551001,0.207519,-31.4422,0,292.2,283.2,0.00017323,5.07489,3.27291e-05,1.02497e-05,2.03237,4.69423e-06,1.5235e-05,-0.0433205,0.0686347,8.56375,0.014427,0.0143845,4.2587e-05,3.18541532891112e-06
"276",69147.4,4.35792,3.52485,3.67479,3.63502,3.63532,0.34708,1.68306,-7.03568,1.47925,0.554575,0.207525,-31.4382,0,292.2,283.2,0.000173263,5.07395,3.27229e-05,1.0264e-05,2.03625,4.69467e-06,1.52383e-05,-0.0433329,0.0686244,8.56383,0.014427,0.0143845,4.2588e-05,3.18530952215653e-06
"277",69398.6,4.35769,3.52465,3.67468,3.63488,3.63519,0.347146,1.68338,-7.03201,1.48313,0.558155,0.207531,-31.4341,0,292.199,283.199,0.000173295,5.07303,3.2717e-05,1.0278e-05,2.03976,4.69505e-06,1.52414e-05,-0.0432969,0.0686143,8.56388,0.014427,0.0143846,4.25891e-05,3.18520372408399e-06
"278",69649,4.35727,3.52454,3.67457,3.63473,3.63506,0.34721,1.68369,-7.02835,1.48679,0.561717,0.207537,-31.4301,0,292.198,283.198,0.000173327,5.07213,3.27111e-05,1.02919e-05,2.04371,4.69551e-06,1.52448e-05,-0.0433207,0.0686043,8.56398,0.014427,0.0143845,4.25902e-05,3.18509793469171e-06
"279",69899.6,4.35689,3.5244,3.67446,3.63459,3.63494,0.347275,1.68401,-7.02471,1.4905,0.565277,0.207543,-31.4261,0,292.198,283.198,0.00017336,5.07124,3.27054e-05,1.03056e-05,2.04752,4.69595e-06,1.52481e-05,-0.0433268,0.0685946,8.56406,0.014427,0.0143845,4.25913e-05,3.18499215397791e-06
"280",70150.5,4.3566,3.52421,3.67435,3.63445,3.63481,0.347339,1.68433,-7.02107,1.49433,0.568836,0.207549,-31.4221,0,292.197,283.197,0.000173392,5.07036,3.26999e-05,1.0319e-05,2.05106,4.69635e-06,1.52513e-05,-0.0432993,0.068585,8.56412,0.014427,0.0143846,4.25924e-05,3.18488638194081e-06
"281",70400.8,4.3561,3.52412,3.67425,3.63431,3.63469,0.347404,1.68464,-7.01743,1.49791,0.57238,0.207556,-31.4181,0,292.196,283.196,0.000173424,5.0695,3.26944e-05,1.03325e-05,2.05511,4.69683e-06,1.52547e-05,-0.0433388,0.0685755,8.56423,0.014427,0.0143845,4.25936e-05,3.18476299219488e-06
"282",70651.2,4.35566,3.524,3.67414,3.63417,3.63457,0.347468,1.68496,-7.01381,1.50157,0.575919,0.207562,-31.4142,0,292.195,283.195,0.000173456,5.06864,3.26892e-05,1.03457e-05,2.05896,4.69729e-06,1.52581e-05,-0.0433548,0.0685661,8.56433,0.014427,0.0143844,4.25948e-05,3.18465723895121e-06
"283",70902.6,4.35541,3.52379,3.67404,3.63403,3.63445,0.347532,1.68527,-7.01019,1.50545,0.579468,0.207569,-31.4101,0,292.195,283.195,0.000173488,5.06781,3.26842e-05,1.03586e-05,2.06234,4.69768e-06,1.52612e-05,-0.0433076,0.068557,8.56439,0.014427,0.0143846,4.2596e-05,3.18453387112606e-06
"284",71152.7,4.35487,3.52371,3.67393,3.63389,3.63433,0.347595,1.68558,-7.00658,1.50899,0.582993,0.207576,-31.4061,0,292.194,283.194,0.00017352,5.06697,3.2679e-05,1.03716e-05,2.06639,4.69817e-06,1.52647e-05,-0.0433517,0.0685478,8.56451,0.014427,0.0143845,4.25972e-05,3.18441051510038e-06
"285",71403.6,4.35448,3.52356,3.67383,3.63375,3.6342,0.347659,1.6859,-7.00297,1.51271,0.586524,0.207583,-31.4021,0,292.193,283.193,0.000173551,5.06615,3.26742e-05,1.03844e-05,2.07006,4.69861e-06,1.52679e-05,-0.0433456,0.0685388,8.56459,0.014427,0.0143845,4.25985e-05,3.18428717087135e-06
"286",71654.8,4.35421,3.52335,3.67372,3.63361,3.63408,0.347723,1.68621,-6.99938,1.51657,0.590053,0.20759,-31.3981,0,292.192,283.192,0.000173583,5.06535,3.26695e-05,1.03969e-05,2.07343,4.69901e-06,1.52711e-05,-0.0433006,0.06853,8.56465,0.014427,0.0143847,4.25998e-05,3.18416383843615e-06
"287",71905,4.35362,3.52328,3.67362,3.63347,3.63397,0.347786,1.68652,-6.99579,1.52006,0.593563,0.207597,-31.3941,0,292.191,283.191,0.000173615,5.06454,3.26647e-05,1.04096e-05,2.07752,4.69952e-06,1.52746e-05,-0.0433522,0.0685211,8.56478,0.014427,0.0143845,4.2601e-05,3.18404051779196e-06
"288",72156.2,4.3533,3.5231,3.67352,3.63334,3.63385,0.347849,1.68683,-6.99221,1.52386,0.59708,0.207604,-31.3901,0,292.191,283.191,0.000173646,5.06375,3.26602e-05,1.0422e-05,2.08097,4.69993e-06,1.52778e-05,-0.0433203,0.0685125,8.56485,0.014427,0.0143846,4.26023e-05,3.18391720893596e-06
"289",72406.6,4.35276,3.523,3.67341,3.6332,3.63373,0.347912,1.68714,-6.98863,1.52741,0.600581,0.207611,-31.3862,0,292.189,283.189,0.000173678,5.06296,3.26556e-05,1.04344e-05,2.08491,4.70042e-06,1.52812e-05,-0.043354,0.0685038,8.56497,0.014427,0.0143845,4.26036e-05,3.18379391186533e-06
"290",72657.2,4.3523,3.52287,3.67331,3.63306,3.63361,0.347975,1.68745,-6.98506,1.53104,0.60408,0.207618,-31.3822,0,292.189,283.189,0.000173709,5.06218,3.26511e-05,1.04466e-05,2.08865,4.70088e-06,1.52845e-05,-0.043363,0.0684952,8.56507,0.014427,0.0143844,4.26049e-05,3.18367062657726e-06
"291",72908.3,4.35189,3.52272,3.67321,3.63293,3.6335,0.348038,1.68775,-6.98149,1.53473,0.607578,0.207626,-31.3782,0,292.188,283.188,0.000173741,5.06141,3.26468e-05,1.04587e-05,2.09225,4.70132e-06,1.52878e-05,-0.0433536,0.0684868,8.56516,0.014427,0.0143845,4.26063e-05,3.18352974352919e-06
"292",73159,4.35143,3.52259,3.67311,3.63279,3.63338,0.348101,1.68806,-6.97794,1.53836,0.611067,0.207633,-31.3742,0,292.187,283.187,0.000173772,5.06064,3.26424e-05,1.04708e-05,2.09597,4.70178e-06,1.52911e-05,-0.0433601,0.0684784,8.56527,0.014427,0.0143845,4.26076e-05,3.18340648347999e-06
"293",73410.1,4.35102,3.52244,3.67301,3.63266,3.63326,0.348163,1.68837,-6.97439,1.54205,0.614555,0.207641,-31.3702,0,292.186,283.186,0.000173803,5.05988,3.26382e-05,1.04828e-05,2.09955,4.70223e-06,1.52943e-05,-0.0433497,0.06847,8.56536,0.014427,0.0143845,4.2609e-05,3.18326562926896e-06
"294",73661.2,4.35066,3.52226,3.6729,3.63252,3.63315,0.348226,1.68867,-6.97084,1.54579,0.618039,0.207648,-31.3662,0,292.185,283.185,0.000173834,5.05913,3.26341e-05,1.04946e-05,2.10298,4.70265e-06,1.52975e-05,-0.0433205,0.0684618,8.56543,0.014427,0.0143846,4.26103e-05,3.1831423944457e-06
"295",73911.7,4.35009,3.52217,3.6728,3.63239,3.63303,0.348288,1.68898,-6.9673,1.54929,0.621507,0.207656,-31.3623,0,292.184,283.184,0.000173865,5.05837,3.26299e-05,1.05065e-05,2.1069,4.70315e-06,1.5301e-05,-0.0433574,0.0684535,8.56556,0.014427,0.0143845,4.26117e-05,3.18300156905696e-06
"296",74163,4.34974,3.52199,3.6727,3.63226,3.63292,0.34835,1.68928,-6.96377,1.55304,0.624982,0.207663,-31.3583,0,292.183,283.183,0.000173896,5.05763,3.26259e-05,1.05182e-05,2.1103,4.70356e-06,1.53041e-05,-0.0433262,0.0684454,8.56564,0.014427,0.0143846,4.26131e-05,3.18287835944675e-06
"297",74414,4.34931,3.52184,3.6726,3.63212,3.6328,0.348412,1.68959,-6.96025,1.55669,0.628446,0.207671,-31.3543,0,292.183,283.183,0.000173927,5.05689,3.26219e-05,1.05298e-05,2.11387,4.70401e-06,1.53074e-05,-0.0433178,0.0684373,8.56573,0.014427,0.0143846,4.26145e-05,3.18273756286555e-06
"298",74664.3,4.3487,3.52177,3.6725,3.63199,3.63269,0.348473,1.68989,-6.95672,1.56013,0.631897,0.207679,-31.3504,0,292.181,283.181,0.000173958,5.05614,3.26178e-05,1.05416e-05,2.11786,4.70452e-06,1.53108e-05,-0.0433659,0.0684291,8.56587,0.014427,0.0143844,4.26158e-05,3.18259678164235e-06
"299",74915.5,4.34828,3.52162,3.6724,3.63186,3.63257,0.348535,1.69019,-6.95321,1.56378,0.635353,0.207686,-31.3464,0,292.181,283.181,0.000173989,5.05541,3.26139e-05,1.05531e-05,2.1214,4.70496e-06,1.53141e-05,-0.0433548,0.0684211,8.56596,0.014427,0.0143845,4.26172e-05,3.18247361066711e-06
"300",75166.6,4.34784,3.52147,3.6723,3.63172,3.63246,0.348596,1.69049,-6.9497,1.56742,0.638802,0.207694,-31.3425,0,292.18,283.18,0.000174019,5.05468,3.261e-05,1.05646e-05,2.12496,4.70541e-06,1.53173e-05,-0.043348,0.0684131,8.56606,0.014427,0.0143845,4.26186e-05,3.18233285822888e-06
"301",75417.4,4.34733,3.52135,3.6722,3.63159,3.63234,0.348657,1.69079,-6.9462,1.57096,0.642242,0.207702,-31.3386,0,292.179,283.179,0.00017405,5.05395,3.26061e-05,1.05761e-05,2.12867,4.70588e-06,1.53206e-05,-0.0433621,0.0684052,8.56617,0.014427,0.0143845,4.262e-05,3.18219212113661e-06
"302",75668.9,4.34699,3.52116,3.67209,3.63146,3.63223,0.348719,1.69109,-6.94271,1.5747,0.645685,0.20771,-31.3346,0,292.178,283.178,0.00017408,5.05324,3.26024e-05,1.05874e-05,2.13196,4.70629e-06,1.53237e-05,-0.0433215,0.0683973,8.56625,0.014427,0.0143846,4.26214e-05,3.18205139938612e-06
"303",75919.5,4.34642,3.52107,3.67199,3.63132,3.63211,0.34878,1.69139,-6.93921,1.57816,0.649112,0.207717,-31.3307,0,292.177,283.177,0.000174111,5.05251,3.25985e-05,1.05988e-05,2.13583,4.70679e-06,1.53271e-05,-0.043357,0.0683894,8.56637,0.014427,0.0143845,4.26228e-05,3.18192828043622e-06
"304",76170.3,4.34591,3.52096,3.67189,3.63119,3.632,0.34884,1.69169,-6.93573,1.58169,0.652535,0.207725,-31.3268,0,292.176,283.176,0.000174141,5.05179,3.25947e-05,1.06101e-05,2.13952,4.70726e-06,1.53304e-05,-0.0433709,0.0683815,8.56649,0.014427,0.0143844,4.26242e-05,3.18178758744031e-06
"305",76421.7,4.34548,3.5208,3.67179,3.63106,3.63189,0.348901,1.69199,-6.93225,1.58532,0.65596,0.207733,-31.3228,0,292.175,283.175,0.000174171,5.05108,3.2591e-05,1.06214e-05,2.14301,4.7077e-06,1.53336e-05,-0.0433583,0.0683737,8.56658,0.014427,0.0143845,4.26256e-05,3.18164690977418e-06
"306",76672.9,4.34504,3.52065,3.67169,3.63093,3.63177,0.348962,1.69229,-6.92878,1.58892,0.659378,0.207741,-31.3189,0,292.174,283.174,0.000174202,5.05037,3.25873e-05,1.06325e-05,2.14652,4.70815e-06,1.53368e-05,-0.0433492,0.068366,8.56668,0.014427,0.0143845,4.26271e-05,3.18150624743364e-06
"307",76923.9,4.34455,3.52052,3.67159,3.6308,3.63166,0.349022,1.69258,-6.92531,1.59247,0.662787,0.207749,-31.315,0,292.173,283.173,0.000174232,5.04966,3.25836e-05,1.06437e-05,2.15013,4.70861e-06,1.53401e-05,-0.0433542,0.0683582,8.56679,0.014427,0.0143845,4.26285e-05,3.18136560041452e-06
"308",77175.4,4.3442,3.52034,3.67149,3.63066,3.63154,0.349082,1.69288,-6.92185,1.59616,0.666198,0.207757,-31.3111,0,292.172,283.172,0.000174262,5.04896,3.25801e-05,1.06547e-05,2.15342,4.70902e-06,1.53432e-05,-0.0433187,0.0683505,8.56686,0.014427,0.0143846,4.26299e-05,3.18122496871266e-06
"309",77426.2,4.3436,3.52026,3.67139,3.63053,3.63143,0.349142,1.69317,-6.91839,1.59957,0.669593,0.207764,-31.3072,0,292.171,283.171,0.000174292,5.04825,3.25763e-05,1.06659e-05,2.15728,4.70952e-06,1.53465e-05,-0.0433582,0.0683428,8.567,0.014427,0.0143845,4.26313e-05,3.18110192853518e-06
"310",77677,4.34308,3.52014,3.67129,3.6304,3.63132,0.349202,1.69347,-6.91495,1.60306,0.672984,0.207772,-31.3033,0,292.17,283.17,0.000174322,5.04754,3.25727e-05,1.0677e-05,2.16095,4.70999e-06,1.53498e-05,-0.0433733,0.0683351,8.56711,0.014427,0.0143844,4.26327e-05,3.18096132554193e-06
"311",77928.5,4.34266,3.51999,3.67119,3.63027,3.6312,0.349262,1.69376,-6.9115,1.60666,0.676378,0.20778,-31.2994,0,292.169,283.169,0.000174351,5.04685,3.25691e-05,1.0688e-05,2.16438,4.71042e-06,1.5353e-05,-0.0433578,0.0683274,8.5672,0.014427,0.0143845,4.26342e-05,3.18082073785394e-06
"312",78179.6,4.34216,3.51986,3.67109,3.63014,3.63109,0.349321,1.69405,-6.90806,1.61016,0.67976,0.207788,-31.2955,0,292.168,283.168,0.000174381,5.04615,3.25655e-05,1.0699e-05,2.168,4.71089e-06,1.53562e-05,-0.0433683,0.0683198,8.56732,0.014427,0.0143844,4.26356e-05,3.18068016546705e-06
"313",78431,4.34172,3.51971,3.67099,3.63001,3.63098,0.349381,1.69434,-6.90463,1.61373,0.683143,0.207796,-31.2916,0,292.167,283.167,0.000174411,5.04545,3.25619e-05,1.07099e-05,2.17144,4.71132e-06,1.53594e-05,-0.0433564,0.0683122,8.56741,0.014427,0.0143845,4.2637e-05,3.18053960837711e-06
"314",78682.7,4.3414,3.51951,3.67088,3.62987,3.63086,0.34944,1.69463,-6.90121,1.61743,0.686523,0.207804,-31.2877,0,292.167,283.167,0.000174441,5.04476,3.25585e-05,1.07206e-05,2.17462,4.71172e-06,1.53624e-05,-0.0433102,0.0683047,8.56748,0.014427,0.0143846,4.26385e-05,3.18039906657995e-06
"315",78933.6,4.3408,3.51943,3.67078,3.62974,3.63075,0.349499,1.69492,-6.89778,1.6208,0.689887,0.207812,-31.2839,0,292.166,283.166,0.00017447,5.04406,3.25549e-05,1.07316e-05,2.17846,4.71222e-06,1.53657e-05,-0.043351,0.068297,8.56762,0.014427,0.0143845,4.26399e-05,3.18025854007141e-06
"316",79185.2,4.34043,3.51925,3.67068,3.62961,3.63064,0.349558,1.69521,-6.89437,1.62444,0.693255,0.20782,-31.28,0,292.165,283.165,0.0001745,5.04338,3.25514e-05,1.07424e-05,2.18173,4.71263e-06,1.53688e-05,-0.043318,0.0682895,8.5677,0.014427,0.0143846,4.26413e-05,3.18011802884733e-06
"317",79436.1,4.33983,3.51917,3.67058,3.62948,3.63052,0.349617,1.6955,-6.89095,1.62779,0.696608,0.207828,-31.2761,0,292.164,283.164,0.000174529,5.04268,3.25478e-05,1.07533e-05,2.18556,4.71313e-06,1.53721e-05,-0.0433598,0.0682819,8.56783,0.014427,0.0143844,4.26427e-05,3.17997753290356e-06
"318",79687.2,4.33932,3.51905,3.67048,3.62935,3.63041,0.349676,1.69579,-6.88755,1.63126,0.699959,0.207835,-31.2723,0,292.163,283.163,0.000174558,5.04199,3.25443e-05,1.0764e-05,2.18913,4.71359e-06,1.53753e-05,-0.0433689,0.0682744,8.56794,0.014427,0.0143844,4.26442e-05,3.17985461148412e-06
"319",79939.2,4.33899,3.51886,3.67038,3.62922,3.6303,0.349734,1.69608,-6.88415,1.63492,0.703315,0.207844,-31.2684,0,292.162,283.162,0.000174587,5.04131,3.25409e-05,1.07747e-05,2.1923,4.71398e-06,1.53783e-05,-0.0433251,0.068267,8.56802,0.014427,0.0143846,4.26456e-05,3.17969658684033e-06
"320",80190.3,4.33845,3.51875,3.67028,3.62909,3.63018,0.349793,1.69637,-6.88075,1.63833,0.706656,0.207851,-31.2646,0,292.161,283.161,0.000174617,5.04062,3.25374e-05,1.07854e-05,2.19597,4.71446e-06,1.53815e-05,-0.0433475,0.0682594,8.56814,0.014427,0.0143845,4.2647e-05,3.17957369214373e-06
"321",80441.6,4.33797,3.51862,3.67018,3.62895,3.63007,0.349851,1.69665,-6.87736,1.64181,0.709993,0.207859,-31.2607,0,292.16,283.16,0.000174646,5.03994,3.25339e-05,1.07961e-05,2.19948,4.71491e-06,1.53847e-05,-0.0433508,0.068252,8.56825,0.014427,0.0143845,4.26485e-05,3.17943325537194e-06
"322",80693.4,4.3376,3.51844,3.67008,3.62882,3.62996,0.349909,1.69694,-6.87398,1.64541,0.71333,0.207867,-31.2569,0,292.159,283.159,0.000174675,5.03926,3.25306e-05,1.08067e-05,2.20271,4.71531e-06,1.53877e-05,-0.0433174,0.0682446,8.56833,0.014427,0.0143846,4.26499e-05,3.17929283386023e-06
"323",80944.4,4.337,3.51836,3.66997,3.62869,3.62984,0.349967,1.69722,-6.8706,1.64874,0.716653,0.207875,-31.2531,0,292.158,283.158,0.000174704,5.03858,3.2527e-05,1.08174e-05,2.2065,4.71581e-06,1.5391e-05,-0.0433579,0.0682371,8.56846,0.014427,0.0143844,4.26513e-05,3.17915242760445e-06
"324",81195.5,4.33648,3.51824,3.66987,3.62856,3.62973,0.350025,1.6975,-6.86723,1.65216,0.719971,0.207883,-31.2493,0,292.157,283.157,0.000174732,5.03789,3.25235e-05,1.08281e-05,2.21009,4.71627e-06,1.53942e-05,-0.0433728,0.0682296,8.56857,0.014427,0.0143844,4.26527e-05,3.17901203660046e-06
"325",81447.7,4.33618,3.51803,3.66977,3.62843,3.62962,0.350083,1.69779,-6.86386,1.65582,0.723298,0.207891,-31.2454,0,292.156,283.156,0.000174761,5.03722,3.25203e-05,1.08385e-05,2.21314,4.71665e-06,1.53971e-05,-0.0433185,0.0682223,8.56864,0.014427,0.0143846,4.26542e-05,3.17887166084412e-06
"326",81698.6,4.33557,3.51796,3.66967,3.6283,3.6295,0.35014,1.69807,-6.8605,1.65911,0.726603,0.207899,-31.2416,0,292.155,283.155,0.00017479,5.03654,3.25167e-05,1.08492e-05,2.21696,4.71714e-06,1.54004e-05,-0.0433648,0.0682148,8.56878,0.014427,0.0143844,4.26556e-05,3.17873130033129e-06
"327",81950.4,4.33512,3.51781,3.66957,3.62817,3.62939,0.350198,1.69835,-6.85714,1.6626,0.729913,0.207907,-31.2378,0,292.154,283.154,0.000174819,5.03586,3.25133e-05,1.08597e-05,2.22035,4.71758e-06,1.54035e-05,-0.043356,0.0682074,8.56888,0.014427,0.0143844,4.2657e-05,3.17859095505783e-06
"328",82202.3,4.33481,3.51761,3.66947,3.62803,3.62927,0.350255,1.69863,-6.8538,1.66624,0.733221,0.207915,-31.234,0,292.154,283.154,0.000174847,5.0352,3.25101e-05,1.087e-05,2.22341,4.71796e-06,1.54064e-05,-0.0433049,0.0682002,8.56894,0.014427,0.0143846,4.26585e-05,3.1784506250196e-06
"329",82453.3,4.33417,3.51755,3.66936,3.6279,3.62916,0.350312,1.69891,-6.85044,1.66948,0.736512,0.207922,-31.2302,0,292.152,283.152,0.000174876,5.03451,3.25065e-05,1.08806e-05,2.22728,4.71846e-06,1.54097e-05,-0.0433599,0.0681927,8.56909,0.014427,0.0143844,4.26599e-05,3.17832784873056e-06
"330",82705.3,4.33382,3.51736,3.66926,3.62777,3.62905,0.350369,1.69919,-6.84711,1.67305,0.739809,0.20793,-31.2264,0,292.152,283.152,0.000174904,5.03385,3.25032e-05,1.0891e-05,2.23044,4.71886e-06,1.54127e-05,-0.0433232,0.0681854,8.56917,0.014427,0.0143846,4.26613e-05,3.17818754724725e-06
"331",82956.5,4.33324,3.51728,3.66916,3.62764,3.62893,0.350426,1.69947,-6.84377,1.67636,0.743091,0.207938,-31.2226,0,292.151,283.151,0.000174933,5.03317,3.24997e-05,1.09015e-05,2.23415,4.71934e-06,1.54159e-05,-0.043359,0.068178,8.56929,0.014427,0.0143844,4.26627e-05,3.17804726098731e-06
"332",83207.9,4.33274,3.51715,3.66906,3.62751,3.62882,0.350482,1.69975,-6.84044,1.67975,0.74637,0.207946,-31.2189,0,292.15,283.15,0.000174961,5.0325,3.24964e-05,1.09119e-05,2.23764,4.71979e-06,1.5419e-05,-0.0433678,0.0681707,8.5694,0.014427,0.0143844,4.26641e-05,3.17790698994659e-06
"333",83459.8,4.33231,3.517,3.66896,3.62738,3.62871,0.350539,1.70003,-6.83711,1.68322,0.74965,0.207954,-31.2151,0,292.149,283.149,0.000174989,5.03183,3.2493e-05,1.09222e-05,2.24099,4.72021e-06,1.5422e-05,-0.0433565,0.0681634,8.5695,0.014427,0.0143844,4.26656e-05,3.17776673412097e-06
"334",83711.3,4.33182,3.51688,3.66885,3.62725,3.62859,0.350595,1.7003,-6.83379,1.68661,0.75292,0.207962,-31.2113,0,292.148,283.148,0.000175017,5.03116,3.24896e-05,1.09326e-05,2.24445,4.72066e-06,1.54251e-05,-0.0433626,0.0681561,8.56961,0.014427,0.0143844,4.2667e-05,3.17762649350632e-06
"335",83963.2,4.33139,3.51672,3.66875,3.62711,3.62848,0.350652,1.70058,-6.83048,1.69007,0.75619,0.20797,-31.2076,0,292.147,283.147,0.000175045,5.03049,3.24863e-05,1.09429e-05,2.24777,4.72108e-06,1.54281e-05,-0.0433505,0.0681489,8.5697,0.014427,0.0143845,4.26684e-05,3.17748626809852e-06
"336",84215.2,4.33103,3.51654,3.66865,3.62698,3.62836,0.350708,1.70086,-6.82717,1.6936,0.759456,0.207978,-31.2038,0,292.146,283.146,0.000175073,5.02983,3.24831e-05,1.09531e-05,2.25093,4.72148e-06,1.54311e-05,-0.0433177,0.0681416,8.56978,0.014427,0.0143846,4.26699e-05,3.17734605789346e-06
"337",84466.4,4.33043,3.51646,3.66855,3.62685,3.62825,0.350764,1.70113,-6.82387,1.69685,0.762707,0.207985,-31.2001,0,292.145,283.145,0.000175101,5.02916,3.24796e-05,1.09635e-05,2.25464,4.72196e-06,1.54342e-05,-0.0433576,0.0681343,8.56992,0.014427,0.0143844,4.26713e-05,3.17722338643177e-06
"338",84718.6,4.33008,3.51628,3.66844,3.62672,3.62814,0.35082,1.7014,-6.82057,1.70037,0.765963,0.207993,-31.1963,0,292.144,283.144,0.000175129,5.0285,3.24764e-05,1.09736e-05,2.25778,4.72235e-06,1.54372e-05,-0.0433231,0.0681271,8.57,0.014427,0.0143846,4.26727e-05,3.17708320472072e-06
"339",84970.4,4.32964,3.51613,3.66834,3.62659,3.62802,0.350875,1.70168,-6.81728,1.7038,0.769211,0.208001,-31.1926,0,292.143,283.143,0.000175157,5.02783,3.24731e-05,1.09838e-05,2.26109,4.72277e-06,1.54402e-05,-0.0433135,0.0681199,8.57009,0.014427,0.0143846,4.26741e-05,3.17694303820055e-06
"340",85221.5,4.32901,3.51607,3.66824,3.62646,3.62791,0.350931,1.70195,-6.81399,1.70699,0.772445,0.208009,-31.1888,0,292.142,283.142,0.000175185,5.02716,3.24696e-05,1.09942e-05,2.26488,4.72327e-06,1.54434e-05,-0.0433657,0.0681126,8.57023,0.014427,0.0143844,4.26755e-05,3.17680288686716e-06
"341",85473.5,4.32859,3.51591,3.66814,3.62633,3.62779,0.350986,1.70222,-6.81071,1.71042,0.775684,0.208017,-31.1851,0,292.141,283.141,0.000175212,5.0265,3.24663e-05,1.10043e-05,2.26817,4.72368e-06,1.54463e-05,-0.0433533,0.0681054,8.57033,0.014427,0.0143844,4.26769e-05,3.17666275071643e-06
"342",85725.4,4.32815,3.51577,3.66803,3.62619,3.62768,0.351041,1.70249,-6.80743,1.71383,0.778917,0.208025,-31.1814,0,292.14,283.14,0.00017524,5.02584,3.2463e-05,1.10145e-05,2.27149,4.72411e-06,1.54493e-05,-0.0433455,0.0680982,8.57042,0.014427,0.0143845,4.26783e-05,3.17652262974425e-06
"343",85977.1,4.32764,3.51565,3.66793,3.62606,3.62756,0.351096,1.70276,-6.80415,1.71714,0.782142,0.208032,-31.1777,0,292.139,283.139,0.000175267,5.02518,3.24596e-05,1.10247e-05,2.27497,4.72455e-06,1.54524e-05,-0.0433608,0.068091,8.57054,0.014427,0.0143844,4.26797e-05,3.17640003634151e-06
"344",86229.3,4.32731,3.51546,3.66783,3.62593,3.62745,0.351152,1.70303,-6.80089,1.72067,0.785369,0.20804,-31.1739,0,292.139,283.139,0.000175295,5.02453,3.24565e-05,1.10347e-05,2.278,4.72493e-06,1.54552e-05,-0.0433165,0.0680838,8.57061,0.014427,0.0143846,4.26812e-05,3.17625994381804e-06
"345",86480.8,4.32673,3.51537,3.66773,3.6258,3.62734,0.351206,1.7033,-6.79763,1.72388,0.788581,0.208048,-31.1703,0,292.138,283.138,0.000175322,5.02386,3.2453e-05,1.10449e-05,2.28166,4.7254e-06,1.54584e-05,-0.0433552,0.0680766,8.57074,0.014427,0.0143844,4.26826e-05,3.1761198664613e-06
"346",86732.4,4.32622,3.51526,3.66762,3.62567,3.62722,0.351261,1.70357,-6.79437,1.72718,0.791789,0.208056,-31.1666,0,292.136,283.136,0.000175349,5.0232,3.24497e-05,1.1055e-05,2.28513,4.72585e-06,1.54614e-05,-0.0433702,0.0680694,8.57085,0.014427,0.0143844,4.2684e-05,3.17597980426721e-06
"347",86984.6,4.3258,3.51511,3.66752,3.62554,3.62711,0.351315,1.70384,-6.79112,1.73058,0.794999,0.208064,-31.1629,0,292.136,283.136,0.000175377,5.02255,3.24464e-05,1.1065e-05,2.28837,4.72626e-06,1.54643e-05,-0.0433566,0.0680623,8.57095,0.014427,0.0143844,4.26854e-05,3.17583975723164e-06
"348",87236.6,4.32537,3.51496,3.66742,3.6254,3.62699,0.35137,1.70411,-6.78787,1.73396,0.798203,0.208071,-31.1592,0,292.135,283.135,0.000175404,5.02189,3.24432e-05,1.1075e-05,2.29165,4.72668e-06,1.54673e-05,-0.0433468,0.0680551,8.57104,0.014427,0.0143845,4.26868e-05,3.17571722850703e-06
"349",87488.5,4.32489,3.51483,3.66731,3.62527,3.62688,0.351424,1.70437,-6.78463,1.73728,0.801399,0.208079,-31.1555,0,292.134,283.134,0.000175431,5.02123,3.24399e-05,1.1085e-05,2.29503,4.72711e-06,1.54703e-05,-0.0433524,0.068048,8.57115,0.014427,0.0143844,4.26882e-05,3.17557720988267e-06
"350",87740.8,4.32455,3.51464,3.66721,3.62514,3.62676,0.351478,1.70464,-6.7814,1.74075,0.804595,0.208087,-31.1518,0,292.133,283.133,0.000175458,5.02059,3.24367e-05,1.10949e-05,2.29807,4.72749e-06,1.54731e-05,-0.0433139,0.0680409,8.57122,0.014427,0.0143846,4.26896e-05,3.17543720640505e-06
"351",87992.3,4.32395,3.51456,3.66711,3.62501,3.62665,0.351532,1.7049,-6.77816,1.74393,0.807777,0.208095,-31.1481,0,292.132,283.132,0.000175485,5.01992,3.24333e-05,1.1105e-05,2.30173,4.72796e-06,1.54762e-05,-0.0433571,0.0680337,8.57136,0.014427,0.0143844,4.2691e-05,3.17529721807008e-06
"352",88244,4.32344,3.51445,3.667,3.62488,3.62653,0.351586,1.70517,-6.77494,1.74719,0.810955,0.208102,-31.1445,0,292.131,283.131,0.000175512,5.01927,3.243e-05,1.1115e-05,2.30518,4.7284e-06,1.54792e-05,-0.0433738,0.0680266,8.57147,0.014427,0.0143843,4.26924e-05,3.17517474069548e-06
"353",88496.3,4.32304,3.51429,3.6669,3.62475,3.62642,0.35164,1.70543,-6.77172,1.75057,0.814136,0.20811,-31.1408,0,292.13,283.13,0.000175539,5.01862,3.24267e-05,1.11248e-05,2.30837,4.72881e-06,1.54821e-05,-0.0433571,0.0680195,8.57156,0.014427,0.0143844,4.26938e-05,3.17503478074195e-06
"354",88748.2,4.32254,3.51417,3.66679,3.62461,3.6263,0.351693,1.70569,-6.7685,1.75384,0.817306,0.208118,-31.1372,0,292.129,283.129,0.000175565,5.01797,3.24235e-05,1.11348e-05,2.31177,4.72924e-06,1.54851e-05,-0.0433688,0.0680124,8.57167,0.014427,0.0143844,4.26952e-05,3.17489483591931e-06
"355",89000.5,4.32212,3.51402,3.66669,3.62448,3.62619,0.351747,1.70596,-6.76529,1.75719,0.820476,0.208126,-31.1335,0,292.128,283.128,0.000175592,5.01732,3.24202e-05,1.11446e-05,2.31499,4.72965e-06,1.54879e-05,-0.0433562,0.0680054,8.57176,0.014427,0.0143844,4.26966e-05,3.17475490622348e-06
"356",89253,4.32182,3.51381,3.66659,3.62435,3.62607,0.3518,1.70622,-6.76209,1.76068,0.823644,0.208133,-31.1298,0,292.128,283.128,0.000175619,5.01668,3.24171e-05,1.11543e-05,2.31791,4.73001e-06,1.54907e-05,-0.0433062,0.0679984,8.57183,0.014427,0.0143846,4.2698e-05,3.17463248014511e-06
"357",89504.7,4.32123,3.51374,3.66648,3.62422,3.62596,0.351853,1.70648,-6.75888,1.76381,0.826797,0.208141,-31.1262,0,292.127,283.127,0.000175645,5.01602,3.24137e-05,1.11643e-05,2.32155,4.73048e-06,1.54938e-05,-0.043351,0.0679912,8.57196,0.014427,0.0143844,4.26994e-05,3.174492578801e-06
"358",89757.1,4.32088,3.51356,3.66638,3.62409,3.62584,0.351906,1.70674,-6.75569,1.76723,0.829954,0.208149,-31.1226,0,292.126,283.126,0.000175672,5.01538,3.24106e-05,1.1174e-05,2.32457,4.73085e-06,1.54965e-05,-0.0433155,0.0679842,8.57204,0.014427,0.0143846,4.27008e-05,3.17435269257195e-06
"359",90008.8,4.32028,3.51348,3.66627,3.62395,3.62573,0.351959,1.707,-6.7525,1.77035,0.833096,0.208156,-31.119,0,292.125,283.125,0.000175698,5.01472,3.24072e-05,1.11839e-05,2.32821,4.73133e-06,1.54996e-05,-0.0433612,0.0679771,8.57217,0.014427,0.0143844,4.27022e-05,3.17423030451739e-06
"360",90260.7,4.3198,3.51336,3.66617,3.62382,3.62561,0.352012,1.70726,-6.74931,1.7736,0.836237,0.208164,-31.1153,0,292.124,283.124,0.000175724,5.01407,3.24039e-05,1.11937e-05,2.33157,4.73175e-06,1.55025e-05,-0.0433716,0.0679701,8.57228,0.014427,0.0143844,4.27035e-05,3.17409044661806e-06
"361",90513.5,4.31949,3.51316,3.66606,3.62369,3.6255,0.352065,1.70752,-6.74614,1.77705,0.839382,0.208172,-31.1117,0,292.123,283.123,0.000175751,5.01343,3.24008e-05,1.12034e-05,2.33449,4.73211e-06,1.55053e-05,-0.0433243,0.0679631,8.57235,0.014427,0.0143845,4.2705e-05,3.17395060382206e-06
"362",90765.4,4.31896,3.51306,3.66596,3.62356,3.62538,0.352117,1.70777,-6.74296,1.78023,0.842513,0.20818,-31.1081,0,292.122,283.122,0.000175777,5.01279,3.23975e-05,1.12132e-05,2.33795,4.73256e-06,1.55082e-05,-0.0433491,0.0679561,8.57247,0.014427,0.0143844,4.27063e-05,3.1738107761253e-06
"363",91017.6,4.31849,3.51293,3.66586,3.62343,3.62527,0.352169,1.70803,-6.73979,1.78348,0.845641,0.208187,-31.1045,0,292.121,283.121,0.000175803,5.01214,3.23943e-05,1.12229e-05,2.34125,4.73298e-06,1.55111e-05,-0.0433531,0.0679491,8.57257,0.014427,0.0143844,4.27077e-05,3.17368843927353e-06
"364",91270.1,4.31815,3.51274,3.66575,3.62329,3.62515,0.352222,1.70829,-6.73663,1.78687,0.848768,0.208195,-31.1009,0,292.12,283.12,0.000175829,5.0115,3.23911e-05,1.12325e-05,2.34424,4.73335e-06,1.55139e-05,-0.0433173,0.0679421,8.57265,0.014427,0.0143846,4.27091e-05,3.17354863987688e-06
"365",91521.9,4.31756,3.51267,3.66565,3.62316,3.62503,0.352274,1.70854,-6.73346,1.78997,0.851882,0.208202,-31.0973,0,292.119,283.119,0.000175855,5.01085,3.23878e-05,1.12423e-05,2.34784,4.73381e-06,1.55169e-05,-0.0433617,0.067935,8.57278,0.014427,0.0143844,4.27105e-05,3.17342632778144e-06
"366",91773.9,4.31706,3.51255,3.66554,3.62303,3.62492,0.352325,1.7088,-6.73031,1.79316,0.854992,0.20821,-31.0937,0,292.118,283.118,0.000175881,5.01021,3.23845e-05,1.1252e-05,2.35122,4.73424e-06,1.55198e-05,-0.0433782,0.067928,8.57289,0.014427,0.0143843,4.27119e-05,3.17328655667057e-06
"367",92026.9,4.31679,3.51234,3.66544,3.6229,3.6248,0.352377,1.70905,-6.72716,1.79662,0.85811,0.208218,-31.0901,0,292.118,283.118,0.000175907,5.00958,3.23815e-05,1.12615e-05,2.35402,4.73459e-06,1.55224e-05,-0.0433198,0.0679212,8.57295,0.014427,0.0143846,4.27133e-05,3.17314680063961e-06
"368",92278.6,4.31618,3.51227,3.66533,3.62277,3.62469,0.352429,1.7093,-6.72401,1.79968,0.861207,0.208225,-31.0865,0,292.116,283.116,0.000175933,5.00893,3.23781e-05,1.12712e-05,2.35765,4.73506e-06,1.55255e-05,-0.0433706,0.0679141,8.57309,0.014427,0.0143844,4.27146e-05,3.17302452647955e-06
"369",92531.1,4.31576,3.51212,3.66523,3.62263,3.62457,0.352481,1.70956,-6.72087,1.80295,0.864309,0.208233,-31.083,0,292.116,283.116,0.000175958,5.00829,3.23749e-05,1.12808e-05,2.36082,4.73546e-06,1.55283e-05,-0.0433614,0.0679072,8.57318,0.014427,0.0143844,4.2716e-05,3.17288479871245e-06
"370",92783.9,4.31548,3.51191,3.66512,3.6225,3.62446,0.352532,1.70981,-6.71774,1.80638,0.86741,0.208241,-31.0794,0,292.115,283.115,0.000175984,5.00766,3.23719e-05,1.12902e-05,2.36363,4.7358e-06,1.55309e-05,-0.0433066,0.0679003,8.57324,0.014427,0.0143846,4.27174e-05,3.17274508601357e-06
"371",93035.7,4.31484,3.51185,3.66502,3.62237,3.62434,0.352583,1.71006,-6.71461,1.80939,0.870493,0.208248,-31.0758,0,292.114,283.114,0.00017601,5.00701,3.23685e-05,1.12999e-05,2.36732,4.73628e-06,1.5534e-05,-0.0433666,0.0678933,8.57339,0.014427,0.0143844,4.27188e-05,3.1726228497595e-06
"372",93288.5,4.31452,3.51166,3.66491,3.62224,3.62422,0.352634,1.71031,-6.71149,1.81275,0.873583,0.208256,-31.0723,0,292.113,283.113,0.000176035,5.00638,3.23654e-05,1.13093e-05,2.37024,4.73664e-06,1.55366e-05,-0.0433274,0.0678864,8.57346,0.014427,0.0143845,4.27202e-05,3.17248316530258e-06
"373",93540.4,4.31395,3.51158,3.66481,3.62211,3.62411,0.352685,1.71056,-6.70836,1.81582,0.876659,0.208263,-31.0687,0,292.112,283.112,0.00017606,5.00573,3.23621e-05,1.13189e-05,2.37376,4.73709e-06,1.55396e-05,-0.0433666,0.0678794,8.57359,0.014427,0.0143844,4.27215e-05,3.17236095375398e-06
"374",93792.7,4.31347,3.51146,3.6647,3.62197,3.62399,0.352736,1.71081,-6.70525,1.819,0.879732,0.208271,-31.0652,0,292.111,283.111,0.000176086,5.0051,3.23589e-05,1.13284e-05,2.37705,4.73751e-06,1.55424e-05,-0.0433767,0.0678725,8.57369,0.014427,0.0143843,4.27229e-05,3.17222129752475e-06
"375",94045.3,4.31306,3.51131,3.66459,3.62184,3.62387,0.352787,1.71106,-6.70214,1.82225,0.882806,0.208279,-31.0616,0,292.11,283.11,0.000176111,5.00446,3.23558e-05,1.13379e-05,2.38017,4.7379e-06,1.55452e-05,-0.0433649,0.0678656,8.57378,0.014427,0.0143844,4.27243e-05,3.17208165634446e-06
"376",94297.6,4.31259,3.51118,3.66449,3.62171,3.62376,0.352837,1.71131,-6.69903,1.82542,0.88587,0.208286,-31.0581,0,292.109,283.109,0.000176136,5.00383,3.23526e-05,1.13474e-05,2.38342,4.73831e-06,1.5548e-05,-0.0433721,0.0678587,8.57389,0.014427,0.0143844,4.27256e-05,3.17195948265336e-06
"377",94550.3,4.31218,3.51103,3.66438,3.62158,3.62364,0.352888,1.71156,-6.69593,1.82867,0.888934,0.208294,-31.0546,0,292.108,283.108,0.000176162,5.00319,3.23494e-05,1.13568e-05,2.38653,4.7387e-06,1.55508e-05,-0.0433595,0.0678518,8.57398,0.014427,0.0143844,4.2727e-05,3.17181986967891e-06
"378",94803.1,4.31185,3.51084,3.66428,3.62144,3.62353,0.352938,1.7118,-6.69284,1.83199,0.891995,0.208301,-31.051,0,292.108,283.108,0.000176187,5.00257,3.23463e-05,1.13661e-05,2.38945,4.73906e-06,1.55534e-05,-0.0433246,0.067845,8.57405,0.014427,0.0143845,4.27284e-05,3.17169772066168e-06
"379",95055.1,4.31126,3.51077,3.66417,3.62131,3.62341,0.352988,1.71205,-6.68974,1.83501,0.895041,0.208309,-31.0475,0,292.107,283.107,0.000176212,5.00192,3.2343e-05,1.13756e-05,2.39297,4.73951e-06,1.55563e-05,-0.0433681,0.0678381,8.57418,0.014427,0.0143844,4.27297e-05,3.17155813587883e-06
"380",95308,4.31094,3.51058,3.66406,3.62118,3.62329,0.353039,1.7123,-6.68666,1.83833,0.898093,0.208317,-31.044,0,292.106,283.106,0.000176237,5.0013,3.234e-05,1.13848e-05,2.39588,4.73987e-06,1.5559e-05,-0.0433315,0.0678313,8.57426,0.014427,0.0143845,4.27311e-05,3.17141856612568e-06
"381",95560.6,4.31052,3.51043,3.66396,3.62105,3.62318,0.353088,1.71254,-6.68358,1.84154,0.901137,0.208324,-31.0405,0,292.105,283.105,0.000176262,5.00067,3.23369e-05,1.13942e-05,2.39898,4.74026e-06,1.55617e-05,-0.0433217,0.0678244,8.57435,0.014427,0.0143846,4.27325e-05,3.17129645491754e-06
"382",95812.6,4.3099,3.51037,3.66385,3.62091,3.62306,0.353138,1.71279,-6.6805,1.84451,0.904167,0.208331,-31.037,0,292.104,283.104,0.000176287,5.00003,3.23335e-05,1.14036e-05,2.40258,4.74073e-06,1.55647e-05,-0.0433785,0.0678175,8.57449,0.014427,0.0143843,4.27338e-05,3.17117435521072e-06
"383",96065.4,4.3095,3.51022,3.66375,3.62078,3.62294,0.353188,1.71303,-6.67743,1.84772,0.907203,0.208339,-31.0335,0,292.103,283.103,0.000176311,4.9994,3.23304e-05,1.14129e-05,2.40566,4.74111e-06,1.55674e-05,-0.0433656,0.0678107,8.57458,0.014427,0.0143844,4.27352e-05,3.17103482676839e-06
"384",96318.1,4.30908,3.51007,3.66364,3.62065,3.62283,0.353237,1.71327,-6.67436,1.85091,0.910233,0.208347,-31.03,0,292.102,283.102,0.000176336,4.99877,3.23273e-05,1.14222e-05,2.40876,4.7415e-06,1.55701e-05,-0.0433577,0.0678039,8.57467,0.014427,0.0143844,4.27365e-05,3.17089531334061e-06
"385",96570.4,4.30859,3.50995,3.66353,3.62052,3.62271,0.353287,1.71351,-6.6713,1.85401,0.913254,0.208354,-31.0265,0,292.101,283.101,0.000176361,4.99814,3.23241e-05,1.14315e-05,2.41205,4.74192e-06,1.55729e-05,-0.0433747,0.067797,8.57478,0.014427,0.0143844,4.27379e-05,3.17077325140474e-06
"386",96823.5,4.30829,3.50975,3.66343,3.62038,3.62259,0.353336,1.71376,-6.66825,1.85733,0.916278,0.208362,-31.023,0,292.101,283.101,0.000176385,4.99752,3.23211e-05,1.14406e-05,2.41484,4.74226e-06,1.55754e-05,-0.0433276,0.0677903,8.57485,0.014427,0.0143845,4.27393e-05,3.17063376611834e-06
"387",97075.8,4.30772,3.50967,3.66332,3.62025,3.62248,0.353385,1.714,-6.66519,1.86032,0.919288,0.208369,-31.0196,0,292.099,283.099,0.00017641,4.99688,3.23178e-05,1.14499e-05,2.41831,4.7427e-06,1.55783e-05,-0.0433699,0.0677834,8.57497,0.014427,0.0143844,4.27406e-05,3.17051172879997e-06
"388",97328.2,4.30723,3.50956,3.66321,3.62012,3.62236,0.353434,1.71424,-6.66215,1.86341,0.922295,0.208376,-31.0161,0,292.098,283.098,0.000176434,4.99625,3.23147e-05,1.14592e-05,2.42158,4.74312e-06,1.55811e-05,-0.0433864,0.0677766,8.57508,0.014427,0.0143843,4.27419e-05,3.17038970296553e-06
"389",97581.1,4.30683,3.5094,3.66311,3.61998,3.62224,0.353483,1.71448,-6.6591,1.8666,0.925303,0.208384,-31.0126,0,292.098,283.098,0.000176459,4.99563,3.23116e-05,1.14683e-05,2.42461,4.74349e-06,1.55838e-05,-0.0433723,0.0677698,8.57517,0.014427,0.0143844,4.27433e-05,3.17025025892749e-06
"390",97833.9,4.30643,3.50925,3.663,3.61985,3.62212,0.353532,1.71472,-6.65607,1.86977,0.928305,0.208391,-31.0092,0,292.097,283.097,0.000176483,4.99501,3.23085e-05,1.14775e-05,2.42767,4.74387e-06,1.55864e-05,-0.0433623,0.067763,8.57526,0.014427,0.0143844,4.27447e-05,3.17012825769235e-06
"391",98086.5,4.30597,3.50913,3.66289,3.61972,3.62201,0.353581,1.71496,-6.65304,1.87287,0.9313,0.208399,-31.0057,0,292.096,283.096,0.000176507,4.99438,3.23053e-05,1.14866e-05,2.43085,4.74427e-06,1.55892e-05,-0.0433688,0.0677562,8.57537,0.014427,0.0143844,4.2746e-05,3.16998884176072e-06
"392",98339.7,4.30566,3.50893,3.66279,3.61959,3.62189,0.353629,1.7152,-6.65001,1.87614,0.934295,0.208407,-31.0022,0,292.095,283.095,0.000176532,4.99376,3.23023e-05,1.14956e-05,2.43366,4.74462e-06,1.55917e-05,-0.043328,0.0677495,8.57544,0.014427,0.0143846,4.27474e-05,3.16984944081339e-06
"393",98591.9,4.30508,3.50886,3.66268,3.61945,3.62177,0.353677,1.71543,-6.64698,1.87909,0.937276,0.208414,-30.9988,0,292.094,283.094,0.000176556,4.99313,3.22991e-05,1.15049e-05,2.43714,4.74506e-06,1.55946e-05,-0.043375,0.0677427,8.57557,0.014427,0.0143844,4.27487e-05,3.16972747727311e-06
"394",98844.4,4.30458,3.50875,3.66257,3.61932,3.62166,0.353726,1.71567,-6.64397,1.88213,0.940255,0.208421,-30.9954,0,292.093,283.093,0.00017658,4.9925,3.22959e-05,1.1514e-05,2.4404,4.74548e-06,1.55973e-05,-0.0433935,0.0677359,8.57568,0.014427,0.0143843,4.275e-05,3.16960552519941e-06
"395",99097.5,4.3042,3.50859,3.66246,3.61919,3.62154,0.353774,1.71591,-6.64095,1.88531,0.943235,0.208429,-30.9919,0,292.092,283.092,0.000176604,4.99188,3.22929e-05,1.1523e-05,2.44338,4.74584e-06,1.55999e-05,-0.043376,0.0677292,8.57576,0.014427,0.0143844,4.27514e-05,3.16946616543813e-06
"396",99350.1,4.30372,3.50847,3.66236,3.61905,3.62142,0.353822,1.71614,-6.63794,1.88836,0.946206,0.208436,-30.9885,0,292.091,283.091,0.000176628,4.99126,3.22898e-05,1.15321e-05,2.44658,4.74625e-06,1.56027e-05,-0.0433891,0.0677224,8.57587,0.014427,0.0143843,4.27527e-05,3.16934423792658e-06
"397",99603.1,4.30333,3.50831,3.66225,3.61892,3.6213,0.35387,1.71638,-6.63494,1.89151,0.949177,0.208443,-30.9851,0,292.091,283.091,0.000176652,4.99064,3.22867e-05,1.15411e-05,2.44958,4.74662e-06,1.56053e-05,-0.0433761,0.0677157,8.57596,0.014427,0.0143844,4.27541e-05,3.16922232187313e-06
"398",99856.4,4.30306,3.5081,3.66214,3.61879,3.62119,0.353917,1.71661,-6.63195,1.89479,0.952145,0.208451,-30.9816,0,292.09,283.09,0.000176676,4.99003,3.22838e-05,1.15499e-05,2.45227,4.74694e-06,1.56077e-05,-0.0433229,0.0677091,8.57602,0.014427,0.0143846,4.27554e-05,3.16908300326751e-06
"399",100109,4.30248,3.50803,3.66203,3.61866,3.62107,0.353965,1.71684,-6.62895,1.89771,0.9551,0.208458,-30.9782,0,292.089,283.089,0.000176699,4.9894,3.22805e-05,1.1559e-05,2.45574,4.74739e-06,1.56106e-05,-0.0433717,0.0677023,8.57615,0.014427,0.0143844,4.27567e-05,3.16896111175808e-06
"400",100362,4.30216,3.50785,3.66193,3.61852,3.62095,0.354013,1.71708,-6.62597,1.90093,0.958058,0.208466,-30.9748,0,292.088,283.088,0.000176723,4.98879,3.22776e-05,1.15679e-05,2.45854,4.74773e-06,1.56131e-05,-0.0433342,0.0676956,8.57622,0.014427,0.0143845,4.27581e-05,3.16882182119571e-06
"401",100614,4.30157,3.50778,3.66182,3.61839,3.62083,0.35406,1.71731,-6.62297,1.90383,0.961002,0.208473,-30.9714,0,292.087,283.087,0.000176747,4.98816,3.22744e-05,1.1577e-05,2.462,4.74817e-06,1.56159e-05,-0.0433836,0.0676888,8.57635,0.014427,0.0143844,4.27594e-05,3.16869995421796e-06
"402",100867,4.30111,3.50765,3.66171,3.61826,3.62071,0.354107,1.71754,-6.61999,1.90686,0.963945,0.20848,-30.968,0,292.086,283.086,0.00017677,4.98754,3.22713e-05,1.15859e-05,2.46516,4.74857e-06,1.56186e-05,-0.0433953,0.0676821,8.57645,0.014427,0.0143843,4.27607e-05,3.16857809868411e-06
"403",101121,4.30083,3.50745,3.6616,3.61812,3.6206,0.354154,1.71777,-6.61702,1.91011,0.966892,0.208488,-30.9646,0,292.086,283.086,0.000176794,4.98693,3.22683e-05,1.15947e-05,2.46785,4.74889e-06,1.5621e-05,-0.0433451,0.0676755,8.57651,0.014427,0.0143845,4.27621e-05,3.16843884922632e-06
"404",101373,4.30032,3.50735,3.6615,3.61799,3.62048,0.354201,1.718,-6.61405,1.91308,0.969826,0.208495,-30.9612,0,292.085,283.085,0.000176817,4.98631,3.22652e-05,1.16036e-05,2.47113,4.74931e-06,1.56237e-05,-0.0433723,0.0676688,8.57663,0.014427,0.0143844,4.27634e-05,3.16831701820605e-06
"405",101626,4.29987,3.50722,3.66139,3.61786,3.62036,0.354248,1.71823,-6.61108,1.91612,0.972756,0.208503,-30.9579,0,292.084,283.084,0.000176841,4.98569,3.22621e-05,1.16125e-05,2.47423,4.7497e-06,1.56264e-05,-0.0433772,0.0676621,8.57673,0.014427,0.0143844,4.27647e-05,3.16817779675674e-06
"406",101880,4.29956,3.50703,3.66128,3.61772,3.62024,0.354295,1.71846,-6.60813,1.91932,0.975687,0.20851,-30.9545,0,292.083,283.083,0.000176864,4.98508,3.22592e-05,1.16212e-05,2.477,4.75003e-06,1.56288e-05,-0.0433392,0.0676555,8.5768,0.014427,0.0143845,4.27661e-05,3.16805599023772e-06
"407",102132,4.29898,3.50696,3.66117,3.61759,3.62012,0.354341,1.71869,-6.60516,1.92219,0.978604,0.208517,-30.9511,0,292.082,283.082,0.000176887,4.98445,3.2256e-05,1.16302e-05,2.48042,4.75047e-06,1.56316e-05,-0.0433874,0.0676487,8.57693,0.014427,0.0143843,4.27674e-05,3.1679341951484e-06
"408",102385,4.2985,3.50684,3.66106,3.61746,3.62001,0.354388,1.71892,-6.60221,1.92517,0.981519,0.208524,-30.9478,0,292.081,283.081,0.00017691,4.98384,3.22529e-05,1.1639e-05,2.4836,4.75087e-06,1.56343e-05,-0.0434057,0.067642,8.57704,0.014427,0.0143843,4.27687e-05,3.16781241148611e-06
"409",102635,4.29816,3.50667,3.66096,3.61733,3.61989,0.354434,1.71914,-6.59931,1.92828,0.984397,0.208532,-30.9444,0,292.08,283.08,0.000176933,4.98323,3.225e-05,1.16476e-05,2.48639,4.75121e-06,1.56367e-05,-0.043377,0.0676355,8.57711,0.014427,0.0143844,4.277e-05,3.16767324414661e-06
"410",102888,4.29771,3.50654,3.66085,3.61719,3.61977,0.35448,1.71937,-6.59636,1.93129,0.987305,0.208539,-30.9411,0,292.079,283.079,0.000176956,4.98262,3.2247e-05,1.16564e-05,2.48948,4.7516e-06,1.56393e-05,-0.043384,0.0676288,8.57721,0.014427,0.0143844,4.27713e-05,3.16755148496177e-06
"411",103141,4.29742,3.50635,3.66074,3.61706,3.61965,0.354526,1.7196,-6.59343,1.93447,0.990214,0.208546,-30.9377,0,292.079,283.079,0.000176979,4.98201,3.2244e-05,1.1665e-05,2.4922,4.75192e-06,1.56418e-05,-0.0433422,0.0676223,8.57728,0.014427,0.0143845,4.27727e-05,3.16742973719553e-06
"412",103394,4.29684,3.50628,3.66063,3.61693,3.61953,0.354572,1.71982,-6.59049,1.93732,0.993108,0.208554,-30.9344,0,292.078,283.078,0.000177002,4.98139,3.22409e-05,1.16738e-05,2.4956,4.75236e-06,1.56445e-05,-0.0433909,0.0676156,8.57741,0.014427,0.0143843,4.2774e-05,3.1672906108698e-06
"413",103647,4.29636,3.50616,3.66052,3.61679,3.61942,0.354618,1.72005,-6.58756,1.94027,0.996,0.208561,-30.931,0,292.077,283.077,0.000177025,4.98077,3.22378e-05,1.16826e-05,2.49877,4.75276e-06,1.56472e-05,-0.0434102,0.0676089,8.57752,0.014427,0.0143843,4.27753e-05,3.16716888756299e-06
"414",103900,4.29599,3.506,3.66041,3.61666,3.6193,0.354663,1.72027,-6.58464,1.94336,0.998895,0.208568,-30.9277,0,292.076,283.076,0.000177048,4.98016,3.22349e-05,1.16912e-05,2.50166,4.75311e-06,1.56496e-05,-0.0433924,0.0676023,8.5776,0.014427,0.0143843,4.27766e-05,3.16704717566637e-06
"415",104153,4.29552,3.50588,3.6603,3.61652,3.61918,0.354709,1.7205,-6.58172,1.94632,1.00178,0.208575,-30.9244,0,292.075,283.075,0.000177071,4.97955,3.22318e-05,1.16999e-05,2.50478,4.7535e-06,1.56523e-05,-0.0434062,0.0675956,8.5777,0.014427,0.0143843,4.27779e-05,3.16692547517728e-06
"416",104403,4.29528,3.50567,3.6602,3.61639,3.61906,0.354754,1.72072,-6.57885,1.94949,1.00463,0.208583,-30.9211,0,292.074,283.074,0.000177093,4.97895,3.2229e-05,1.17083e-05,2.50733,4.7538e-06,1.56546e-05,-0.0433508,0.0675892,8.57776,0.014427,0.0143845,4.27792e-05,3.16678640286899e-06
"417",104656,4.29471,3.5056,3.66009,3.61626,3.61894,0.354799,1.72094,-6.57594,1.95232,1.0075,0.20859,-30.9178,0,292.073,283.073,0.000177116,4.97833,3.22259e-05,1.1717e-05,2.5107,4.75423e-06,1.56573e-05,-0.0433977,0.0675825,8.57789,0.014427,0.0143843,4.27805e-05,3.16666472681559e-06
"418",104906,4.29441,3.50541,3.65998,3.61613,3.61883,0.354844,1.72116,-6.57308,1.95542,1.01034,0.208597,-30.9145,0,292.073,283.073,0.000177138,4.97774,3.22231e-05,1.17254e-05,2.51336,4.75455e-06,1.56596e-05,-0.0433585,0.0675761,8.57795,0.014427,0.0143845,4.27818e-05,3.16654306216131e-06
"419",105159,4.2939,3.50531,3.65987,3.61599,3.61871,0.354889,1.72138,-6.57017,1.95832,1.0132,0.208604,-30.9112,0,292.072,283.072,0.000177161,4.97712,3.222e-05,1.1734e-05,2.51657,4.75495e-06,1.56623e-05,-0.0433865,0.0675694,8.57807,0.014427,0.0143844,4.27831e-05,3.16642140890349e-06
"420",105412,4.29347,3.50518,3.65976,3.61586,3.61859,0.354934,1.7216,-6.56727,1.96129,1.01607,0.208611,-30.9079,0,292.071,283.071,0.000177183,4.97651,3.2217e-05,1.17426e-05,2.5196,4.75533e-06,1.56648e-05,-0.0433918,0.0675628,8.57816,0.014427,0.0143844,4.27844e-05,3.16629976703946e-06
"421",105666,4.29317,3.50499,3.65965,3.61573,3.61847,0.354979,1.72182,-6.56439,1.96441,1.01893,0.208619,-30.9046,0,292.07,283.07,0.000177205,4.97591,3.22142e-05,1.1751e-05,2.5223,4.75565e-06,1.56672e-05,-0.0433531,0.0675563,8.57823,0.014427,0.0143845,4.27857e-05,3.16616076171443e-06
"422",105919,4.29259,3.50492,3.65954,3.61559,3.61835,0.355024,1.72204,-6.56149,1.96722,1.02178,0.208626,-30.9013,0,292.069,283.069,0.000177228,4.97529,3.22111e-05,1.17596e-05,2.52566,4.75608e-06,1.56699e-05,-0.0434026,0.0675496,8.57836,0.014427,0.0143843,4.2787e-05,3.16603914425667e-06
"423",106172,4.29212,3.50481,3.65943,3.61546,3.61823,0.355068,1.72226,-6.55861,1.97012,1.02463,0.208633,-30.898,0,292.068,283.068,0.00017725,4.97468,3.22081e-05,1.17681e-05,2.52878,4.75647e-06,1.56725e-05,-0.0434216,0.067543,8.57847,0.014427,0.0143843,4.27883e-05,3.16591753818432e-06
"424",106422,4.29179,3.50463,3.65932,3.61533,3.61811,0.355112,1.72248,-6.55577,1.97316,1.02744,0.20864,-30.8948,0,292.067,283.067,0.000177272,4.97408,3.22052e-05,1.17764e-05,2.5315,4.7568e-06,1.56748e-05,-0.0433924,0.0675366,8.57854,0.014427,0.0143844,4.27896e-05,3.16579594349472e-06
"425",106672,4.29147,3.50446,3.65922,3.61519,3.61799,0.355156,1.72269,-6.55294,1.97618,1.03025,0.208647,-30.8915,0,292.067,283.067,0.000177294,4.97349,3.22024e-05,1.17847e-05,2.53423,4.75713e-06,1.56772e-05,-0.0433657,0.0675301,8.57861,0.014427,0.0143845,4.27909e-05,3.16567436018519e-06
"426",106925,4.29091,3.50438,3.65911,3.61506,3.61787,0.3552,1.72291,-6.55007,1.97899,1.03308,0.208654,-30.8883,0,292.066,283.066,0.000177316,4.97287,3.21993e-05,1.17932e-05,2.53752,4.75755e-06,1.56798e-05,-0.0434092,0.0675235,8.57874,0.014427,0.0143843,4.27922e-05,3.16555278825308e-06
"427",107178,4.29046,3.50426,3.659,3.61493,3.61776,0.355244,1.72313,-6.5472,1.9819,1.03591,0.208661,-30.885,0,292.065,283.065,0.000177338,4.97226,3.21964e-05,1.18016e-05,2.54058,4.75793e-06,1.56824e-05,-0.043421,0.0675169,8.57884,0.014427,0.0143843,4.27934e-05,3.16543122769573e-06
"428",107429,4.29027,3.50402,3.65889,3.61479,3.61764,0.355288,1.72334,-6.54439,1.98507,1.03871,0.208669,-30.8817,0,292.064,283.064,0.00017736,4.97168,3.21937e-05,1.18097e-05,2.54295,4.7582e-06,1.56845e-05,-0.0433501,0.0675105,8.57888,0.014427,0.0143846,4.27948e-05,3.16529231526933e-06
"429",107681,4.2897,3.50396,3.65878,3.61466,3.61752,0.355332,1.72355,-6.54153,1.98784,1.04153,0.208676,-30.8785,0,292.063,283.063,0.000177382,4.97106,3.21906e-05,1.18182e-05,2.5463,4.75862e-06,1.56872e-05,-0.0434016,0.0675039,8.57901,0.014427,0.0143844,4.2796e-05,3.1651707790775e-06
"430",107932,4.28941,3.50377,3.65867,3.61453,3.6174,0.355375,1.72377,-6.53872,1.99089,1.04431,0.208683,-30.8753,0,292.063,283.063,0.000177403,4.97047,3.21879e-05,1.18263e-05,2.5489,4.75893e-06,1.56895e-05,-0.0433615,0.0674975,8.57907,0.014427,0.0143845,4.27973e-05,3.16504925425207e-06
"431",108185,4.28881,3.50371,3.65856,3.61439,3.61728,0.355419,1.72398,-6.53587,1.9936,1.04712,0.20869,-30.872,0,292.061,283.061,0.000177425,4.96985,3.21848e-05,1.18348e-05,2.55232,4.75937e-06,1.56922e-05,-0.0434234,0.0674908,8.57921,0.014427,0.0143843,4.27986e-05,3.16492774079037e-06
"432",108435,4.28858,3.5035,3.65845,3.61426,3.61716,0.355462,1.72419,-6.53307,1.99671,1.0499,0.208697,-30.8688,0,292.061,283.061,0.000177446,4.96926,3.21821e-05,1.18428e-05,2.55478,4.75965e-06,1.56944e-05,-0.0433656,0.0674845,8.57926,0.014427,0.0143845,4.27999e-05,3.16480623868977e-06
"433",108688,4.28801,3.50343,3.65834,3.61413,3.61704,0.355505,1.72441,-6.53023,1.99945,1.05271,0.208704,-30.8656,0,292.06,283.06,0.000177468,4.96865,3.21791e-05,1.18512e-05,2.5581,4.76008e-06,1.5697e-05,-0.0434161,0.0674778,8.57939,0.014427,0.0143843,4.28011e-05,3.16468474794759e-06
"434",108941,4.28754,3.50331,3.65823,3.61399,3.61692,0.355548,1.72462,-6.52739,2.00231,1.0555,0.208711,-30.8624,0,292.059,283.059,0.00017749,4.96804,3.21761e-05,1.18595e-05,2.56118,4.76046e-06,1.56995e-05,-0.0434355,0.0674713,8.57949,0.014427,0.0143843,4.28024e-05,3.16456326856119e-06
"435",109192,4.28723,3.50314,3.65812,3.61386,3.6168,0.355591,1.72483,-6.52461,2.0053,1.05827,0.208718,-30.8592,0,292.058,283.058,0.000177511,4.96744,3.21734e-05,1.18676e-05,2.56384,4.76078e-06,1.57018e-05,-0.043406,0.0674649,8.57956,0.014427,0.0143844,4.28037e-05,3.16444180052792e-06
"436",109442,4.28691,3.50296,3.65801,3.61373,3.61668,0.355634,1.72504,-6.52183,2.00827,1.06103,0.208725,-30.856,0,292.057,283.057,0.000177532,4.96685,3.21706e-05,1.18756e-05,2.56652,4.7611e-06,1.57041e-05,-0.043379,0.0674585,8.57964,0.014427,0.0143845,4.2805e-05,3.16432034384511e-06
"437",109695,4.28636,3.50289,3.6579,3.61359,3.61656,0.355677,1.72525,-6.519,2.01103,1.06381,0.208732,-30.8528,0,292.056,283.056,0.000177554,4.96624,3.21676e-05,1.18839e-05,2.56977,4.76151e-06,1.57067e-05,-0.0434235,0.0674518,8.57976,0.014427,0.0143843,4.28062e-05,3.16419889851012e-06
"438",109945,4.28597,3.50274,3.65779,3.61346,3.61644,0.355719,1.72545,-6.51622,2.01391,1.06656,0.208739,-30.8496,0,292.056,283.056,0.000177575,4.96564,3.21648e-05,1.18919e-05,2.57262,4.76185e-06,1.57091e-05,-0.0434197,0.0674454,8.57985,0.014427,0.0143843,4.28075e-05,3.1640774645203e-06
"439",110199,4.28574,3.50253,3.65768,3.61333,3.61632,0.355762,1.72567,-6.51342,2.01701,1.06935,0.208746,-30.8464,0,292.055,283.055,0.000177596,4.96505,3.21621e-05,1.18999e-05,2.5751,4.76214e-06,1.57113e-05,-0.0433637,0.067439,8.5799,0.014427,0.0143846,4.28088e-05,3.163956041873e-06
"440",110452,4.28516,3.50246,3.65757,3.61319,3.6162,0.355804,1.72587,-6.51061,2.01972,1.07212,0.208753,-30.8432,0,292.054,283.054,0.000177617,4.96443,3.21592e-05,1.19082e-05,2.57841,4.76256e-06,1.57139e-05,-0.0434163,0.0674324,8.58003,0.014427,0.0143844,4.281e-05,3.16383463056558e-06
"441",110703,4.28489,3.50227,3.65746,3.61306,3.61608,0.355846,1.72608,-6.50785,2.02272,1.07486,0.20876,-30.84,0,292.053,283.053,0.000177638,4.96384,3.21565e-05,1.19161e-05,2.58096,4.76286e-06,1.57161e-05,-0.0433757,0.067426,8.58009,0.014427,0.0143845,4.28113e-05,3.16371323059538e-06
"442",110955,4.28429,3.50222,3.65735,3.61292,3.61596,0.355889,1.72629,-6.50504,2.02539,1.07762,0.208767,-30.8369,0,292.052,283.052,0.00017766,4.96323,3.21535e-05,1.19243e-05,2.58434,4.76329e-06,1.57187e-05,-0.0434388,0.0674194,8.58022,0.014427,0.0143843,4.28125e-05,3.16359184195975e-06
"443",111206,4.28407,3.502,3.65724,3.61279,3.61584,0.35593,1.72649,-6.5023,2.02845,1.08035,0.208774,-30.8337,0,292.052,283.052,0.00017768,4.96264,3.21509e-05,1.19321e-05,2.58674,4.76356e-06,1.57209e-05,-0.0433802,0.067413,8.58027,0.014427,0.0143845,4.28138e-05,3.16347046465606e-06
"444",111459,4.28351,3.50193,3.65712,3.61266,3.61572,0.355972,1.7267,-6.4995,2.03114,1.08311,0.208781,-30.8305,0,292.051,283.051,0.000177701,4.96203,3.21479e-05,1.19403e-05,2.59003,4.76398e-06,1.57235e-05,-0.0434317,0.0674064,8.5804,0.014427,0.0143843,4.2815e-05,3.16334909868166e-06
"445",111710,4.28311,3.50179,3.65701,3.61252,3.6156,0.356014,1.7269,-6.49675,2.03398,1.08582,0.208788,-30.8274,0,292.05,283.05,0.000177722,4.96143,3.21452e-05,1.19482e-05,2.59287,4.76433e-06,1.57258e-05,-0.043432,0.0674,8.58049,0.014427,0.0143843,4.28163e-05,3.1632277440339e-06
"446",111960,4.28269,3.50167,3.6569,3.61239,3.61549,0.356055,1.72711,-6.49401,2.03679,1.08854,0.208794,-30.8243,0,292.049,283.049,0.000177743,4.96083,3.21424e-05,1.19561e-05,2.59576,4.76468e-06,1.57282e-05,-0.0434378,0.0673935,8.58058,0.014427,0.0143843,4.28175e-05,3.16312373477748e-06
"447",112210,4.28231,3.50152,3.65679,3.61226,3.61537,0.356097,1.72731,-6.49127,2.03963,1.09125,0.208801,-30.8211,0,292.048,283.048,0.000177763,4.96024,3.21396e-05,1.19639e-05,2.59857,4.76502e-06,1.57305e-05,-0.0434345,0.0673871,8.58067,0.014427,0.0143843,4.28187e-05,3.16300240115791e-06
"448",112460,4.28193,3.50138,3.65668,3.61212,3.61525,0.356138,1.72751,-6.48854,2.04247,1.09395,0.208808,-30.818,0,292.047,283.047,0.000177784,4.95964,3.21369e-05,1.19718e-05,2.60136,4.76536e-06,1.57328e-05,-0.04343,0.0673807,8.58075,0.014427,0.0143843,4.282e-05,3.16288107885744e-06
"449",112710,4.2815,3.50126,3.65657,3.61199,3.61513,0.356179,1.72771,-6.48581,2.04525,1.09665,0.208815,-30.8149,0,292.047,283.047,0.000177804,4.95904,3.21342e-05,1.19796e-05,2.60427,4.76571e-06,1.57352e-05,-0.043441,0.0673742,8.58085,0.014427,0.0143843,4.28212e-05,3.16275976787343e-06
"450",112960,4.28112,3.50111,3.65646,3.61186,3.61501,0.35622,1.72791,-6.48308,2.04808,1.09935,0.208822,-30.8118,0,292.046,283.046,0.000177825,4.95845,3.21314e-05,1.19874e-05,2.60706,4.76605e-06,1.57375e-05,-0.0434366,0.0673678,8.58094,0.014427,0.0143843,4.28224e-05,3.16263846820324e-06
"451",113211,4.28071,3.50098,3.65635,3.61172,3.61489,0.35626,1.72811,-6.48036,2.05087,1.10204,0.208829,-30.8087,0,292.045,283.045,0.000177845,4.95785,3.21287e-05,1.19952e-05,2.60993,4.7664e-06,1.57398e-05,-0.0434428,0.0673614,8.58103,0.014427,0.0143843,4.28237e-05,3.16251717984423e-06
"452",113461,4.28031,3.50085,3.65624,3.61159,3.61477,0.356301,1.72831,-6.47764,2.05368,1.10473,0.208835,-30.8056,0,292.044,283.044,0.000177866,4.95725,3.2126e-05,1.20029e-05,2.61275,4.76674e-06,1.57421e-05,-0.0434432,0.067355,8.58112,0.014427,0.0143843,4.28249e-05,3.16241322739443e-06
"453",113711,4.2799,3.50072,3.65613,3.61146,3.61465,0.356342,1.72851,-6.47493,2.05646,1.10741,0.208842,-30.8025,0,292.043,283.043,0.000177886,4.95666,3.21233e-05,1.20106e-05,2.61561,4.76708e-06,1.57444e-05,-0.0434493,0.0673485,8.58121,0.014427,0.0143843,4.28261e-05,3.16229196003491e-06
"454",113961,4.27952,3.50058,3.65602,3.61132,3.61453,0.356382,1.72871,-6.47222,2.05927,1.11009,0.208849,-30.7994,0,292.043,283.043,0.000177906,4.95606,3.21206e-05,1.20183e-05,2.61839,4.76742e-06,1.57467e-05,-0.043446,0.0673421,8.58129,0.014427,0.0143843,4.28273e-05,3.16217070397904e-06
"455",114212,4.27915,3.50043,3.65591,3.61119,3.61441,0.356423,1.72891,-6.46952,2.06208,1.11277,0.208856,-30.7963,0,292.042,283.042,0.000177926,4.95546,3.2118e-05,1.2026e-05,2.62116,4.76775e-06,1.5749e-05,-0.0434417,0.0673357,8.58138,0.014427,0.0143843,4.28286e-05,3.16204945922419e-06
"456",114462,4.27872,3.50031,3.6558,3.61105,3.61429,0.356463,1.72911,-6.46682,2.06483,1.11544,0.208862,-30.7932,0,292.041,283.041,0.000177946,4.95487,3.21153e-05,1.20337e-05,2.62404,4.7681e-06,1.57513e-05,-0.0434528,0.0673292,8.58147,0.014427,0.0143843,4.28298e-05,3.1619455441413e-06
"457",114712,4.27835,3.50017,3.65569,3.61092,3.61416,0.356503,1.72931,-6.46412,2.06763,1.11811,0.208869,-30.7901,0,292.04,283.04,0.000177966,4.95427,3.21126e-05,1.20413e-05,2.6268,4.76843e-06,1.57536e-05,-0.0434485,0.0673228,8.58156,0.014427,0.0143843,4.2831e-05,3.16182432036708e-06
"458",114963,4.27794,3.50004,3.65557,3.61079,3.61404,0.356543,1.7295,-6.46143,2.07039,1.12077,0.208876,-30.7871,0,292.039,283.039,0.000177986,4.95367,3.21099e-05,1.20489e-05,2.62964,4.76878e-06,1.57559e-05,-0.0434549,0.0673164,8.58165,0.014427,0.0143843,4.28322e-05,3.16170310788635e-06
"459",115213,4.27755,3.4999,3.65546,3.61065,3.61392,0.356583,1.7297,-6.45874,2.07317,1.12343,0.208882,-30.784,0,292.039,283.039,0.000178006,4.95307,3.21073e-05,1.20565e-05,2.63243,4.76911e-06,1.57581e-05,-0.0434555,0.0673099,8.58174,0.014427,0.0143843,4.28334e-05,3.16159922046101e-06
"460",115463,4.27715,3.49977,3.65535,3.61052,3.6138,0.356623,1.72989,-6.45606,2.07592,1.12609,0.208889,-30.7809,0,292.038,283.038,0.000178026,4.95248,3.21046e-05,1.20641e-05,2.63526,4.76945e-06,1.57604e-05,-0.0434618,0.0673035,8.58183,0.014427,0.0143843,4.28346e-05,3.16147802894694e-06
"461",115714,4.27678,3.49963,3.65524,3.61038,3.61368,0.356663,1.73009,-6.45338,2.0787,1.12874,0.208896,-30.7779,0,292.037,283.037,0.000178046,4.95188,3.2102e-05,1.20716e-05,2.63802,4.76978e-06,1.57626e-05,-0.0434586,0.067297,8.58191,0.014427,0.0143843,4.28358e-05,3.16135684871887e-06
"462",115964,4.27641,3.49948,3.65513,3.61025,3.61356,0.356702,1.73028,-6.45071,2.08148,1.13139,0.208903,-30.7748,0,292.036,283.036,0.000178066,4.95128,3.20994e-05,1.20792e-05,2.64076,4.77011e-06,1.57649e-05,-0.0434544,0.0672906,8.582,0.014427,0.0143843,4.2837e-05,3.16123567977415e-06
"463",116214,4.27599,3.49936,3.65502,3.61012,3.61344,0.356742,1.73048,-6.44803,2.0842,1.13403,0.208909,-30.7718,0,292.035,283.035,0.000178085,4.95068,3.20968e-05,1.20867e-05,2.64361,4.77045e-06,1.57672e-05,-0.0434658,0.0672841,8.58209,0.014427,0.0143843,4.28382e-05,3.16113182965733e-06
"464",116465,4.27562,3.49922,3.6549,3.60998,3.61332,0.356781,1.73067,-6.44537,2.08697,1.13667,0.208916,-30.7687,0,292.035,283.035,0.000178105,4.95008,3.20942e-05,1.20941e-05,2.64635,4.77078e-06,1.57694e-05,-0.0434617,0.0672777,8.58217,0.014427,0.0143843,4.28394e-05,3.16101068166046e-06
"465",116715,4.27522,3.49909,3.65479,3.60985,3.6132,0.35682,1.73086,-6.44271,2.0897,1.1393,0.208922,-30.7657,0,292.034,283.034,0.000178125,4.94948,3.20916e-05,1.21016e-05,2.64916,4.77112e-06,1.57716e-05,-0.0434683,0.0672712,8.58226,0.014427,0.0143843,4.28406e-05,3.16090684949505e-06
"466",116966,4.27484,3.49895,3.65468,3.60971,3.61308,0.35686,1.73106,-6.44005,2.09244,1.14193,0.208929,-30.7627,0,292.033,283.033,0.000178144,4.94888,3.2089e-05,1.2109e-05,2.65193,4.77145e-06,1.57739e-05,-0.043469,0.0672648,8.58235,0.014427,0.0143843,4.28418e-05,3.16078572243697e-06
"467",117216,4.27444,3.49882,3.65457,3.60958,3.61295,0.356899,1.73125,-6.43739,2.09516,1.14456,0.208936,-30.7596,0,292.032,283.032,0.000178164,4.94828,3.20865e-05,1.21164e-05,2.65473,4.77178e-06,1.57761e-05,-0.0434755,0.0672583,8.58244,0.014427,0.0143843,4.2843e-05,3.16066460664989e-06
"468",117467,4.27407,3.49868,3.65446,3.60944,3.61283,0.356938,1.73144,-6.43474,2.09791,1.14718,0.208942,-30.7566,0,292.032,283.032,0.000178183,4.94768,3.20839e-05,1.21238e-05,2.65745,4.77211e-06,1.57783e-05,-0.0434724,0.0672519,8.58252,0.014427,0.0143843,4.28442e-05,3.1605608020869e-06
"469",117717,4.27371,3.49853,3.65434,3.60931,3.61271,0.356976,1.73163,-6.4321,2.10066,1.1498,0.208949,-30.7536,0,292.031,283.031,0.000178203,4.94708,3.20814e-05,1.21312e-05,2.66017,4.77243e-06,1.57805e-05,-0.0434683,0.0672454,8.5826,0.014427,0.0143843,4.28454e-05,3.16043970722469e-06
"470",117968,4.27329,3.49841,3.65423,3.60917,3.61259,0.357015,1.73182,-6.42945,2.10335,1.15242,0.208955,-30.7506,0,292.03,283.03,0.000178222,4.94648,3.20788e-05,1.21385e-05,2.663,4.77277e-06,1.57827e-05,-0.04348,0.0672389,8.5827,0.014427,0.0143843,4.28466e-05,3.16033592059344e-06
"471",118218,4.27293,3.49827,3.65412,3.60904,3.61247,0.357054,1.73201,-6.42682,2.10609,1.15503,0.208962,-30.7476,0,292.029,283.029,0.000178241,4.94588,3.20763e-05,1.21458e-05,2.66571,4.77309e-06,1.57849e-05,-0.043476,0.0672325,8.58278,0.014427,0.0143843,4.28478e-05,3.16021484664708e-06
"472",118469,4.27254,3.49814,3.654,3.6089,3.61234,0.357092,1.7322,-6.42418,2.10879,1.15763,0.208968,-30.7446,0,292.028,283.028,0.000178261,4.94528,3.20738e-05,1.21531e-05,2.66849,4.77342e-06,1.57871e-05,-0.0434828,0.067226,8.58287,0.014427,0.0143843,4.28489e-05,3.16011107793983e-06
"473",118719,4.27216,3.498,3.65389,3.60877,3.61222,0.357131,1.73239,-6.42155,2.11151,1.16024,0.208975,-30.7416,0,292.028,283.028,0.00017828,4.94467,3.20713e-05,1.21604e-05,2.67123,4.77374e-06,1.57893e-05,-0.0434838,0.0672195,8.58295,0.014427,0.0143843,4.28501e-05,3.15999002490029e-06
"474",118970,4.27177,3.49787,3.65378,3.60863,3.6121,0.357169,1.73258,-6.41893,2.1142,1.16283,0.208981,-30.7386,0,292.027,283.027,0.000178299,4.94407,3.20688e-05,1.21676e-05,2.67401,4.77407e-06,1.57915e-05,-0.0434904,0.067213,8.58304,0.014427,0.0143843,4.28513e-05,3.1598862741093e-06
"475",119220,4.27141,3.49772,3.65367,3.6085,3.61198,0.357207,1.73276,-6.4163,2.11692,1.16543,0.208988,-30.7356,0,292.026,283.026,0.000178318,4.94347,3.20663e-05,1.21748e-05,2.67671,4.77439e-06,1.57937e-05,-0.0434875,0.0672065,8.58312,0.014427,0.0143843,4.28525e-05,3.15976524196755e-06
"476",119471,4.27105,3.49758,3.65355,3.60836,3.61185,0.357246,1.73295,-6.41369,2.11964,1.16802,0.208994,-30.7326,0,292.025,283.025,0.000178337,4.94286,3.20639e-05,1.2182e-05,2.6794,4.77471e-06,1.57958e-05,-0.0434836,0.0672,8.5832,0.014427,0.0143843,4.28536e-05,3.15966150908509e-06
"477",119722,4.27064,3.49746,3.65344,3.60823,3.61173,0.357284,1.73314,-6.41107,2.1223,1.1706,0.209001,-30.7296,0,292.025,283.025,0.000178356,4.94226,3.20614e-05,1.21892e-05,2.6822,4.77504e-06,1.5798e-05,-0.0434955,0.0671935,8.58329,0.014427,0.0143843,4.28548e-05,3.15954049783211e-06
"478",119972,4.27029,3.49731,3.65333,3.60809,3.61161,0.357321,1.73332,-6.40846,2.12501,1.17319,0.209007,-30.7267,0,292.024,283.024,0.000178375,4.94165,3.2059e-05,1.21963e-05,2.68488,4.77535e-06,1.58002e-05,-0.0434917,0.067187,8.58337,0.014427,0.0143843,4.28559e-05,3.15943678285045e-06
"479",120223,4.2699,3.49718,3.65321,3.60796,3.61149,0.357359,1.73351,-6.40586,2.12768,1.17577,0.209013,-30.7237,0,292.023,283.023,0.000178394,4.94104,3.20565e-05,1.22034e-05,2.68764,4.77568e-06,1.58024e-05,-0.0434987,0.0671805,8.58346,0.014427,0.0143843,4.28571e-05,3.1593330761281e-06
"480",120474,4.26953,3.49704,3.6531,3.60782,3.61136,0.357397,1.73369,-6.40326,2.13037,1.17834,0.20902,-30.7207,0,292.022,283.022,0.000178413,4.94044,3.20541e-05,1.22105e-05,2.69035,4.776e-06,1.58045e-05,-0.0434999,0.067174,8.58354,0.014427,0.0143843,4.28583e-05,3.15921209538867e-06
"481",120724,4.26915,3.49691,3.65298,3.60769,3.61124,0.357435,1.73388,-6.40066,2.13303,1.18091,0.209026,-30.7178,0,292.022,283.022,0.000178431,4.93983,3.20517e-05,1.22176e-05,2.6931,4.77632e-06,1.58067e-05,-0.0435068,0.0671674,8.58363,0.014427,0.0143843,4.28594e-05,3.15910840655584e-06
"482",120975,4.26879,3.49677,3.65287,3.60755,3.61112,0.357472,1.73406,-6.39806,2.13572,1.18348,0.209033,-30.7148,0,292.021,283.021,0.00017845,4.93922,3.20493e-05,1.22246e-05,2.69578,4.77663e-06,1.58088e-05,-0.043504,0.0671609,8.58371,0.014427,0.0143843,4.28606e-05,3.15898744668302e-06
"483",121226,4.26844,3.49662,3.65276,3.60741,3.61099,0.357509,1.73425,-6.39548,2.13841,1.18604,0.209039,-30.7119,0,292.02,283.02,0.000178469,4.93861,3.20469e-05,1.22316e-05,2.69844,4.77694e-06,1.58109e-05,-0.0435003,0.0671544,8.58379,0.014427,0.0143843,4.28617e-05,3.15888377573199e-06
"484",121476,4.26804,3.4965,3.65264,3.60728,3.61087,0.357547,1.73443,-6.39289,2.14104,1.1886,0.209045,-30.7089,0,292.019,283.019,0.000178487,4.938,3.20445e-05,1.22386e-05,2.70122,4.77727e-06,1.58131e-05,-0.0435125,0.0671478,8.58388,0.014427,0.0143843,4.28629e-05,3.15878011303151e-06
"485",121727,4.26769,3.49635,3.65253,3.60714,3.61074,0.357584,1.73461,-6.39031,2.14372,1.19115,0.209052,-30.706,0,292.019,283.019,0.000178506,4.93739,3.20422e-05,1.22456e-05,2.70388,4.77758e-06,1.58152e-05,-0.0435088,0.0671412,8.58396,0.014427,0.0143843,4.2864e-05,3.15865918363986e-06
"486",121978,4.26731,3.49622,3.65241,3.607,3.61062,0.357621,1.7348,-6.38773,2.14636,1.1937,0.209058,-30.7031,0,292.018,283.018,0.000178524,4.93678,3.20398e-05,1.22525e-05,2.70661,4.7779e-06,1.58173e-05,-0.0435162,0.0671347,8.58404,0.014427,0.0143843,4.28651e-05,3.15855553880992e-06
"487",122228,4.26695,3.49608,3.6523,3.60687,3.6105,0.357658,1.73498,-6.38516,2.14902,1.19625,0.209064,-30.7001,0,292.017,283.017,0.000178543,4.93617,3.20375e-05,1.22595e-05,2.7093,4.77821e-06,1.58194e-05,-0.0435175,0.0671281,8.58413,0.014427,0.0143843,4.28663e-05,3.15845190222533e-06
"488",122479,4.26657,3.49595,3.65218,3.60673,3.61037,0.357695,1.73516,-6.38259,2.15165,1.19879,0.20907,-30.6972,0,292.016,283.016,0.000178561,4.93555,3.20352e-05,1.22663e-05,2.71202,4.77853e-06,1.58215e-05,-0.0435247,0.0671215,8.58421,0.014427,0.0143843,4.28674e-05,3.15834827388445e-06
"489",122730,4.26623,3.49581,3.65207,3.60659,3.61025,0.357732,1.73534,-6.38002,2.15431,1.20133,0.209077,-30.6943,0,292.016,283.016,0.00017858,4.93494,3.20329e-05,1.22732e-05,2.71467,4.77884e-06,1.58236e-05,-0.0435221,0.0671149,8.58429,0.014427,0.0143843,4.28685e-05,3.15822738457036e-06
"490",122981,4.26588,3.49566,3.65195,3.60646,3.61012,0.357768,1.73552,-6.37746,2.15697,1.20386,0.209083,-30.6914,0,292.015,283.015,0.000178598,4.93432,3.20306e-05,1.228e-05,2.71731,4.77914e-06,1.58257e-05,-0.0435186,0.0671083,8.58437,0.014427,0.0143843,4.28696e-05,3.15812377408522e-06
"491",123231,4.26549,3.49554,3.65184,3.60632,3.61,0.357805,1.7357,-6.3749,2.15957,1.20639,0.209089,-30.6885,0,292.014,283.014,0.000178616,4.93371,3.20283e-05,1.22868e-05,2.72006,4.77946e-06,1.58278e-05,-0.0435311,0.0671017,8.58446,0.014427,0.0143843,4.28708e-05,3.15802017183859e-06
"492",123482,4.26515,3.49539,3.65172,3.60618,3.60987,0.357841,1.73588,-6.37235,2.16222,1.20892,0.209095,-30.6856,0,292.013,283.013,0.000178634,4.93309,3.20261e-05,1.22936e-05,2.72269,4.77976e-06,1.58299e-05,-0.0435276,0.067095,8.58453,0.014427,0.0143843,4.28719e-05,3.15791657782885e-06
"493",123733,4.26478,3.49526,3.65161,3.60605,3.60975,0.357878,1.73606,-6.36979,2.16483,1.21144,0.209101,-30.6827,0,292.013,283.013,0.000178653,4.93247,3.20238e-05,1.23004e-05,2.7254,4.78008e-06,1.58319e-05,-0.0435352,0.0670884,8.58462,0.014427,0.0143843,4.2873e-05,3.15781299205435e-06
"494",123984,4.26443,3.49512,3.65149,3.60591,3.60962,0.357914,1.73623,-6.36725,2.16746,1.21396,0.209107,-30.6798,0,292.012,283.012,0.000178671,4.93185,3.20216e-05,1.23071e-05,2.72807,4.78038e-06,1.5834e-05,-0.0435368,0.0670817,8.5847,0.014427,0.0143843,4.28741e-05,3.15770941451345e-06
"495",124235,4.26406,3.49499,3.65138,3.60577,3.6095,0.35795,1.73641,-6.36471,2.17006,1.21647,0.209114,-30.6769,0,292.011,283.011,0.000178689,4.93123,3.20194e-05,1.23138e-05,2.73077,4.7807e-06,1.58361e-05,-0.0435443,0.0670751,8.58478,0.014427,0.0143843,4.28752e-05,3.15758858445326e-06
"496",124485,4.26372,3.49485,3.65126,3.60563,3.60937,0.357986,1.73659,-6.36217,2.1727,1.21898,0.20912,-30.674,0,292.011,283.011,0.000178707,4.93061,3.20172e-05,1.23205e-05,2.73339,4.78099e-06,1.58381e-05,-0.0435419,0.0670684,8.58486,0.014427,0.0143843,4.28763e-05,3.15748502474624e-06
"497",124736,4.26338,3.4947,3.65114,3.6055,3.60925,0.358022,1.73677,-6.35963,2.17533,1.22149,0.209126,-30.6711,0,292.01,283.01,0.000178725,4.92999,3.2015e-05,1.23271e-05,2.736,4.78129e-06,1.58402e-05,-0.0435385,0.0670617,8.58493,0.014427,0.0143843,4.28774e-05,3.15738147326764e-06
"498",124987,4.263,3.49458,3.65103,3.60536,3.60912,0.358058,1.73694,-6.3571,2.1779,1.22399,0.209132,-30.6683,0,292.009,283.009,0.000178743,4.92936,3.20128e-05,1.23337e-05,2.73873,4.78161e-06,1.58422e-05,-0.0435514,0.067055,8.58502,0.014427,0.0143843,4.28785e-05,3.15727793001584e-06
"499",125238,4.26267,3.49443,3.65091,3.60522,3.60899,0.358094,1.73712,-6.35458,2.18053,1.22649,0.209138,-30.6654,0,292.008,283.008,0.000178761,4.92874,3.20107e-05,1.23403e-05,2.74134,4.7819e-06,1.58443e-05,-0.0435482,0.0670483,8.58509,0.014427,0.0143843,4.28796e-05,3.1571743949892e-06
"500",125489,4.2623,3.4943,3.65079,3.60508,3.60887,0.35813,1.73729,-6.35205,2.18311,1.22899,0.209144,-30.6625,0,292.008,283.008,0.000178778,4.92811,3.20085e-05,1.23469e-05,2.74403,4.78221e-06,1.58463e-05,-0.0435561,0.0670416,8.58518,0.014427,0.0143843,4.28807e-05,3.15707086818609e-06
"501",125740,4.26196,3.49416,3.65068,3.60494,3.60874,0.358165,1.73747,-6.34953,2.1857,1.23148,0.20915,-30.6597,0,292.007,283.007,0.000178796,4.92748,3.20064e-05,1.23534e-05,2.74666,4.78251e-06,1.58483e-05,-0.0435579,0.0670348,8.58525,0.014427,0.0143843,4.28818e-05,3.15696734960487e-06
"502",125991,4.2616,3.49403,3.65056,3.60481,3.60862,0.358201,1.73764,-6.34702,2.18828,1.23396,0.209156,-30.6568,0,292.006,283.006,0.000178814,4.92685,3.20043e-05,1.23599e-05,2.74934,4.78282e-06,1.58504e-05,-0.0435657,0.0670281,8.58533,0.014427,0.0143842,4.28828e-05,3.15686383924391e-06
"503",126242,4.26127,3.49388,3.65044,3.60467,3.60849,0.358236,1.73782,-6.34451,2.19088,1.23645,0.209162,-30.654,0,292.006,283.006,0.000178832,4.92622,3.20022e-05,1.23664e-05,2.75194,4.78311e-06,1.58524e-05,-0.0435635,0.0670213,8.58541,0.014427,0.0143843,4.28839e-05,3.15676033710159e-06
"504",126493,4.26095,3.49373,3.65033,3.60453,3.60836,0.358272,1.73799,-6.342,2.19349,1.23893,0.209168,-30.6511,0,292.005,283.005,0.000178849,4.92559,3.20001e-05,1.23728e-05,2.75453,4.7834e-06,1.58544e-05,-0.0435604,0.0670146,8.58548,0.014427,0.0143843,4.2885e-05,3.15665684317626e-06
"505",126743,4.26057,3.49361,3.65021,3.60439,3.60823,0.358307,1.73816,-6.33949,2.19603,1.2414,0.209174,-30.6483,0,292.004,283.004,0.000178867,4.92495,3.1998e-05,1.23793e-05,2.75724,4.78371e-06,1.58564e-05,-0.0435737,0.0670078,8.58557,0.014427,0.0143843,4.28861e-05,3.1565533574663e-06
"506",126995,4.26025,3.49346,3.65009,3.60425,3.60811,0.358342,1.73833,-6.337,2.19862,1.24387,0.209179,-30.6455,0,292.003,283.003,0.000178884,4.92432,3.1996e-05,1.23857e-05,2.75982,4.784e-06,1.58584e-05,-0.0435706,0.067001,8.58564,0.014427,0.0143843,4.28871e-05,3.15646712564912e-06
"507",127245,4.25989,3.49333,3.64998,3.60411,3.60798,0.358377,1.73851,-6.3345,2.20118,1.24634,0.209185,-30.6426,0,292.003,283.003,0.000178902,4.92368,3.1994e-05,1.2392e-05,2.76248,4.7843e-06,1.58604e-05,-0.0435789,0.0669941,8.58572,0.014427,0.0143843,4.28882e-05,3.15636365499644e-06
"508",127496,4.25956,3.49319,3.64986,3.60397,3.60785,0.358412,1.73868,-6.33201,2.20375,1.2488,0.209191,-30.6398,0,292.002,283.002,0.000178919,4.92304,3.19919e-05,1.23984e-05,2.76509,4.78459e-06,1.58624e-05,-0.043581,0.0669873,8.5858,0.014427,0.0143843,4.28892e-05,3.1562601925545e-06
"509",127747,4.25921,3.49306,3.64974,3.60383,3.60772,0.358447,1.73885,-6.32952,2.20629,1.25126,0.209197,-30.637,0,292.001,283.001,0.000178937,4.9224,3.19899e-05,1.24047e-05,2.76775,4.78489e-06,1.58644e-05,-0.0435891,0.0669804,8.58588,0.014427,0.0143842,4.28903e-05,3.15615673832169e-06
"510",127998,4.25889,3.49291,3.64962,3.60369,3.6076,0.358481,1.73902,-6.32703,2.20887,1.25372,0.209203,-30.6342,0,292.001,283.001,0.000178954,4.92176,3.1988e-05,1.2411e-05,2.77032,4.78518e-06,1.58663e-05,-0.0435872,0.0669736,8.58595,0.014427,0.0143843,4.28913e-05,3.15605329229638e-06
"511",128250,4.25857,3.49276,3.6495,3.60355,3.60747,0.358516,1.73919,-6.32455,2.21144,1.25617,0.209209,-30.6314,0,292,283,0.000178971,4.92112,3.1986e-05,1.24172e-05,2.77289,4.78546e-06,1.58683e-05,-0.0435844,0.0669667,8.58602,0.014427,0.0143843,4.28924e-05,3.15594985447693e-06
"512",128500,4.25821,3.49264,3.64939,3.60341,3.60734,0.358551,1.73936,-6.32207,2.21395,1.25862,0.209214,-30.6286,0,291.999,282.999,0.000178988,4.92047,3.19841e-05,1.24234e-05,2.77557,4.78576e-06,1.58703e-05,-0.043598,0.0669597,8.5861,0.014427,0.0143842,4.28934e-05,3.15586366256125e-06
"513",128752,4.2579,3.49249,3.64927,3.60327,3.60721,0.358585,1.73953,-6.3196,2.21652,1.26106,0.20922,-30.6258,0,291.999,282.999,0.000179006,4.91983,3.19822e-05,1.24296e-05,2.77813,4.78604e-06,1.58722e-05,-0.0435952,0.0669528,8.58617,0.014427,0.0143843,4.28944e-05,3.15576023978166e-06
"514",129003,4.25755,3.49236,3.64915,3.60313,3.60708,0.358619,1.7397,-6.31713,2.21905,1.2635,0.209226,-30.623,0,291.998,282.998,0.000179023,4.91918,3.19802e-05,1.24358e-05,2.78077,4.78634e-06,1.58742e-05,-0.0436038,0.0669459,8.58625,0.014427,0.0143843,4.28955e-05,3.15565682520333e-06
"515",129254,4.25722,3.49221,3.64903,3.60299,3.60695,0.358654,1.73987,-6.31466,2.22159,1.26594,0.209231,-30.6202,0,291.997,282.997,0.00017904,4.91853,3.19784e-05,1.24419e-05,2.78336,4.78662e-06,1.58761e-05,-0.0436062,0.0669389,8.58632,0.014427,0.0143843,4.28965e-05,3.15557065265174e-06
"516",129505,4.25688,3.49208,3.64891,3.60285,3.60682,0.358688,1.74003,-6.3122,2.2241,1.26837,0.209237,-30.6174,0,291.997,282.997,0.000179057,4.91788,3.19765e-05,1.2448e-05,2.78599,4.78692e-06,1.58781e-05,-0.0436148,0.0669319,8.5864,0.014427,0.0143842,4.28975e-05,3.15546725310482e-06
"517",129756,4.25657,3.49193,3.64879,3.60271,3.60669,0.358722,1.7402,-6.30974,2.22665,1.2708,0.209243,-30.6146,0,291.996,282.996,0.000179074,4.91722,3.19746e-05,1.24541e-05,2.78854,4.78719e-06,1.588e-05,-0.0436131,0.0669249,8.58647,0.014427,0.0143843,4.28985e-05,3.15536386175457e-06
"518",130007,4.25627,3.49179,3.64867,3.60257,3.60656,0.358756,1.74037,-6.30729,2.2292,1.27322,0.209248,-30.6119,0,291.995,282.995,0.000179091,4.91657,3.19728e-05,1.24601e-05,2.79108,4.78747e-06,1.58819e-05,-0.0436105,0.0669179,8.58654,0.014427,0.0143843,4.28995e-05,3.15527770855618e-06
"519",130258,4.25592,3.49166,3.64855,3.60243,3.60643,0.35879,1.74053,-6.30484,2.23168,1.27564,0.209254,-30.6091,0,291.995,282.995,0.000179108,4.91591,3.1971e-05,1.24661e-05,2.79375,4.78777e-06,1.58839e-05,-0.0436246,0.0669109,8.58662,0.014427,0.0143842,4.29005e-05,3.1551743322289e-06
"520",130509,4.25561,3.49151,3.64843,3.60229,3.6063,0.358823,1.7407,-6.30239,2.23422,1.27806,0.209259,-30.6063,0,291.994,282.994,0.000179125,4.91525,3.19692e-05,1.24721e-05,2.79628,4.78804e-06,1.58858e-05,-0.0436221,0.0669038,8.58669,0.014427,0.0143843,4.29015e-05,3.15508819154738e-06
"521",130760,4.25528,3.49138,3.64831,3.60215,3.60617,0.358857,1.74086,-6.29995,2.23672,1.28047,0.209265,-30.6036,0,291.993,282.993,0.000179141,4.91459,3.19674e-05,1.24781e-05,2.7989,4.78833e-06,1.58877e-05,-0.0436311,0.0668967,8.58676,0.014427,0.0143842,4.29025e-05,3.15498483023763e-06
"522",131011,4.25497,3.49123,3.64819,3.60201,3.60604,0.358891,1.74103,-6.2975,2.23923,1.28288,0.20927,-30.6008,0,291.993,282.993,0.000179158,4.91392,3.19656e-05,1.2484e-05,2.80147,4.78861e-06,1.58896e-05,-0.0436338,0.0668896,8.58683,0.014427,0.0143843,4.29035e-05,3.15489870206844e-06
"523",131262,4.25464,3.4911,3.64807,3.60186,3.60591,0.358924,1.74119,-6.29507,2.24172,1.28528,0.209276,-30.5981,0,291.992,282.992,0.000179175,4.91326,3.19639e-05,1.24899e-05,2.80408,4.78889e-06,1.58915e-05,-0.0436427,0.0668825,8.58691,0.014427,0.0143842,4.29045e-05,3.15479535577076e-06
"524",131513,4.25434,3.49095,3.64795,3.60172,3.60578,0.358958,1.74136,-6.29264,2.24424,1.28769,0.209281,-30.5954,0,291.991,282.991,0.000179192,4.91259,3.19622e-05,1.24957e-05,2.80661,4.78916e-06,1.58934e-05,-0.0436413,0.0668753,8.58698,0.014427,0.0143843,4.29055e-05,3.15470924010936e-06
"525",131765,4.25405,3.4908,3.64783,3.60158,3.60565,0.358991,1.74152,-6.29021,2.24676,1.29008,0.209287,-30.5926,0,291.991,282.991,0.000179208,4.91192,3.19605e-05,1.25016e-05,2.80912,4.78943e-06,1.58952e-05,-0.0436392,0.0668682,8.58704,0.014427,0.0143843,4.29065e-05,3.15460590881829e-06
"526",132016,4.2537,3.49068,3.64771,3.60144,3.60552,0.359024,1.74169,-6.28778,2.24921,1.29248,0.209292,-30.5899,0,291.99,282.99,0.000179225,4.91125,3.19588e-05,1.25074e-05,2.81177,4.78972e-06,1.58972e-05,-0.0436536,0.066861,8.58712,0.014427,0.0143842,4.29074e-05,3.15451980566015e-06
"527",132267,4.25341,3.49053,3.64759,3.6013,3.60538,0.359057,1.74185,-6.28536,2.25172,1.29487,0.209297,-30.5872,0,291.99,282.99,0.000179241,4.91057,3.19571e-05,1.25131e-05,2.81428,4.78999e-06,1.5899e-05,-0.0436515,0.0668538,8.58719,0.014427,0.0143843,4.29084e-05,3.15443370818379e-06
"528",132518,4.25309,3.49039,3.64747,3.60115,3.60525,0.35909,1.74201,-6.28294,2.25419,1.29725,0.209303,-30.5845,0,291.989,282.989,0.000179258,4.9099,3.19555e-05,1.25189e-05,2.81687,4.79027e-06,1.59009e-05,-0.0436608,0.0668465,8.58726,0.014427,0.0143842,4.29094e-05,3.15433039871082e-06
"529",132769,4.25279,3.49025,3.64735,3.60101,3.60512,0.359123,1.74217,-6.28053,2.25667,1.29963,0.209308,-30.5817,0,291.988,282.988,0.000179274,4.90922,3.19539e-05,1.25246e-05,2.81942,4.79054e-06,1.59028e-05,-0.043664,0.0668393,8.58733,0.014427,0.0143842,4.29103e-05,3.15424431373111e-06
"530",133020,4.25247,3.49011,3.64723,3.60087,3.60499,0.359156,1.74233,-6.27812,2.25913,1.30201,0.209313,-30.579,0,291.988,282.988,0.000179291,4.90854,3.19523e-05,1.25303e-05,2.82201,4.79082e-06,1.59046e-05,-0.0436733,0.066832,8.5874,0.014427,0.0143842,4.29113e-05,3.1541582344302e-06
"531",133272,4.25218,3.48997,3.6471,3.60072,3.60485,0.359189,1.74249,-6.27571,2.26163,1.30439,0.209318,-30.5763,0,291.987,282.987,0.000179307,4.90785,3.19507e-05,1.25359e-05,2.82451,4.79108e-06,1.59065e-05,-0.0436722,0.0668247,8.58746,0.014427,0.0143842,4.29122e-05,3.15407216080715e-06
"532",133523,4.2519,3.48981,3.64698,3.60058,3.60472,0.359222,1.74266,-6.27331,2.26412,1.30676,0.209323,-30.5736,0,291.987,282.987,0.000179324,4.90717,3.19491e-05,1.25415e-05,2.82701,4.79134e-06,1.59083e-05,-0.0436704,0.0668173,8.58753,0.014427,0.0143843,4.29132e-05,3.15398609286102e-06
"533",133774,4.25157,3.48969,3.64686,3.60044,3.60459,0.359254,1.74282,-6.2709,2.26654,1.30912,0.209329,-30.571,0,291.986,282.986,0.00017934,4.90648,3.19476e-05,1.25471e-05,2.82963,4.79162e-06,1.59102e-05,-0.0436853,0.0668099,8.5876,0.014427,0.0143842,4.29141e-05,3.15388281881789e-06
"534",134025,4.2513,3.48954,3.64674,3.60029,3.60445,0.359287,1.74298,-6.26851,2.26903,1.31149,0.209334,-30.5683,0,291.985,282.985,0.000179356,4.90579,3.19461e-05,1.25527e-05,2.83212,4.79188e-06,1.5912e-05,-0.0436835,0.0668026,8.58767,0.014427,0.0143843,4.2915e-05,3.1537967633577e-06
"535",134277,4.25098,3.4894,3.64662,3.60015,3.60432,0.359319,1.74313,-6.26612,2.27147,1.31385,0.209339,-30.5656,0,291.985,282.985,0.000179372,4.90509,3.19445e-05,1.25582e-05,2.8347,4.79216e-06,1.59138e-05,-0.0436933,0.0667951,8.58774,0.014427,0.0143842,4.29159e-05,3.15371071357144e-06
"536",134528,4.2507,3.48926,3.64649,3.6,3.60419,0.359352,1.74329,-6.26373,2.27392,1.3162,0.209344,-30.5629,0,291.984,282.984,0.000179388,4.90439,3.19431e-05,1.25637e-05,2.83722,4.79242e-06,1.59156e-05,-0.0436969,0.0667877,8.5878,0.014427,0.0143842,4.29169e-05,3.15362466945817e-06
"537",134779,4.25039,3.48912,3.64637,3.59986,3.60405,0.359384,1.74345,-6.26134,2.27635,1.31855,0.209349,-30.5602,0,291.983,282.983,0.000179405,4.90369,3.19416e-05,1.25691e-05,2.83979,4.79269e-06,1.59175e-05,-0.0437066,0.0667802,8.58787,0.014427,0.0143842,4.29178e-05,3.15353863101696e-06
"538",135030,4.25012,3.48897,3.64625,3.59971,3.60392,0.359416,1.74361,-6.25896,2.27882,1.3209,0.209354,-30.5576,0,291.983,282.983,0.000179421,4.90299,3.19402e-05,1.25745e-05,2.84227,4.79295e-06,1.59192e-05,-0.0437059,0.0667727,8.58793,0.014427,0.0143842,4.29187e-05,3.15345259824688e-06
"539",135282,4.24985,3.48882,3.64612,3.59957,3.60378,0.359448,1.74377,-6.25658,2.28128,1.32324,0.209359,-30.5549,0,291.982,282.982,0.000179437,4.90229,3.19388e-05,1.25799e-05,2.84475,4.7932e-06,1.5921e-05,-0.0437045,0.0667652,8.58799,0.014427,0.0143843,4.29196e-05,3.15336657114698e-06
"540",135533,4.24953,3.48869,3.646,3.59942,3.60365,0.35948,1.74392,-6.2542,2.28368,1.32558,0.209364,-30.5523,0,291.982,282.982,0.000179453,4.90158,3.19373e-05,1.25853e-05,2.84735,4.79347e-06,1.59228e-05,-0.0437199,0.0667576,8.58806,0.014427,0.0143842,4.29205e-05,3.15328054971634e-06
"541",135784,4.24927,3.48854,3.64588,3.59928,3.60351,0.359512,1.74408,-6.25183,2.28614,1.32792,0.209369,-30.5496,0,291.981,282.981,0.000179469,4.90087,3.1936e-05,1.25906e-05,2.84981,4.79372e-06,1.59246e-05,-0.0437185,0.0667501,8.58812,0.014427,0.0143843,4.29213e-05,3.15319453395403e-06
"542",136035,4.24897,3.4884,3.64575,3.59913,3.60338,0.359544,1.74424,-6.24947,2.28855,1.33025,0.209374,-30.547,0,291.981,282.981,0.000179484,4.90016,3.19346e-05,1.25959e-05,2.85237,4.79399e-06,1.59264e-05,-0.0437287,0.0667425,8.58819,0.014427,0.0143842,4.29222e-05,3.1531085238591e-06
"543",136287,4.2487,3.48826,3.64563,3.59898,3.60324,0.359576,1.74439,-6.2471,2.29098,1.33258,0.209378,-30.5443,0,291.98,282.98,0.0001795,4.89944,3.19333e-05,1.26012e-05,2.85487,4.79424e-06,1.59282e-05,-0.0437327,0.0667348,8.58825,0.014427,0.0143842,4.29231e-05,3.15303971986305e-06
"544",136538,4.2484,3.48812,3.6455,3.59884,3.6031,0.359608,1.74455,-6.24474,2.29338,1.3349,0.209383,-30.5417,0,291.979,282.979,0.000179516,4.89873,3.1932e-05,1.26065e-05,2.85742,4.79451e-06,1.593e-05,-0.0437429,0.0667271,8.58832,0.014427,0.0143842,4.2924e-05,3.15295371996706e-06
"545",136789,4.24814,3.48797,3.64538,3.59869,3.60297,0.359639,1.7447,-6.24238,2.29582,1.33722,0.209388,-30.5391,0,291.979,282.979,0.000179532,4.89801,3.19307e-05,1.26116e-05,2.85988,4.79475e-06,1.59317e-05,-0.0437426,0.0667195,8.58838,0.014427,0.0143842,4.29248e-05,3.15286772573586e-06
"546",137041,4.24789,3.48782,3.64525,3.59855,3.60283,0.359671,1.74486,-6.24003,2.29825,1.33954,0.209393,-30.5365,0,291.978,282.978,0.000179548,4.89728,3.19294e-05,1.26168e-05,2.86233,4.795e-06,1.59334e-05,-0.0437416,0.0667117,8.58844,0.014427,0.0143843,4.29257e-05,3.15278173716849e-06
"547",137292,4.24759,3.48769,3.64513,3.5984,3.60269,0.359702,1.74501,-6.23768,2.30063,1.34185,0.209397,-30.5338,0,291.978,282.978,0.000179563,4.89655,3.19282e-05,1.2622e-05,2.86491,4.79526e-06,1.59352e-05,-0.0437575,0.066704,8.58851,0.014427,0.0143842,4.29265e-05,3.15271295039194e-06
"548",137543,4.24734,3.48753,3.645,3.59825,3.60255,0.359733,1.74517,-6.23533,2.30305,1.34416,0.209402,-30.5312,0,291.977,282.977,0.000179579,4.89582,3.19269e-05,1.26271e-05,2.86736,4.79551e-06,1.59369e-05,-0.0437565,0.0666962,8.58856,0.014427,0.0143843,4.29274e-05,3.15262697201714e-06
"549",137794,4.24705,3.4874,3.64488,3.5981,3.60242,0.359765,1.74532,-6.23299,2.30544,1.34647,0.209407,-30.5286,0,291.977,282.977,0.000179595,4.89509,3.19257e-05,1.26322e-05,2.86989,4.79576e-06,1.59387e-05,-0.0437672,0.0666883,8.58863,0.014427,0.0143842,4.29282e-05,3.15254099930357e-06
"550",138046,4.24679,3.48725,3.64475,3.59796,3.60228,0.359796,1.74547,-6.23065,2.30784,1.34877,0.209411,-30.526,0,291.976,282.976,0.00017961,4.89435,3.19245e-05,1.26372e-05,2.87238,4.79601e-06,1.59404e-05,-0.0437716,0.0666805,8.58869,0.014427,0.0143842,4.2929e-05,3.15247222520818e-06
"551",138297,4.24651,3.48711,3.64463,3.59781,3.60214,0.359827,1.74563,-6.22831,2.31021,1.35107,0.209416,-30.5234,0,291.976,282.976,0.000179626,4.89361,3.19234e-05,1.26422e-05,2.8749,4.79626e-06,1.59422e-05,-0.0437824,0.0666726,8.58875,0.014427,0.0143842,4.29299e-05,3.15238626268248e-06
"552",138548,4.24627,3.48696,3.6445,3.59766,3.602,0.359858,1.74578,-6.22598,2.31262,1.35336,0.20942,-30.5209,0,291.975,282.975,0.000179641,4.89287,3.19222e-05,1.26472e-05,2.87734,4.7965e-06,1.59439e-05,-0.0437824,0.0666647,8.5888,0.014427,0.0143842,4.29307e-05,3.15231749673618e-06
"553",138800,4.24603,3.48681,3.64437,3.59751,3.60186,0.359889,1.74593,-6.22365,2.31503,1.35565,0.209425,-30.5183,0,291.975,282.975,0.000179657,4.89213,3.19211e-05,1.26521e-05,2.87978,4.79674e-06,1.59456e-05,-0.0437818,0.0666568,8.58886,0.014427,0.0143843,4.29315e-05,3.15223154439533e-06
"554",139051,4.24574,3.48668,3.64425,3.59736,3.60172,0.35992,1.74608,-6.22133,2.31738,1.35794,0.209429,-30.5157,0,291.974,282.974,0.000179672,4.89138,3.192e-05,1.26571e-05,2.88234,4.797e-06,1.59473e-05,-0.0437983,0.0666488,8.58892,0.014427,0.0143842,4.29323e-05,3.1521627865957e-06
"555",139302,4.24551,3.48652,3.64412,3.59721,3.60158,0.35995,1.74623,-6.219,2.31978,1.36022,0.209434,-30.5131,0,291.973,282.973,0.000179687,4.89063,3.19189e-05,1.2662e-05,2.88476,4.79723e-06,1.5949e-05,-0.0437977,0.0666408,8.58898,0.014427,0.0143842,4.29331e-05,3.15207684443669e-06
"556",139554,4.24524,3.48638,3.64399,3.59706,3.60144,0.359981,1.74638,-6.21668,2.32213,1.3625,0.209438,-30.5106,0,291.973,282.973,0.000179703,4.88987,3.19178e-05,1.26668e-05,2.88728,4.79748e-06,1.59507e-05,-0.043809,0.0666327,8.58904,0.014427,0.0143842,4.29339e-05,3.15200809478133e-06
"557",139805,4.24499,3.48624,3.64387,3.59691,3.6013,0.360012,1.74653,-6.21437,2.32451,1.36478,0.209442,-30.508,0,291.972,282.972,0.000179718,4.88912,3.19168e-05,1.26717e-05,2.88974,4.79772e-06,1.59524e-05,-0.0438138,0.0666246,8.58909,0.014427,0.0143842,4.29347e-05,3.15193934874486e-06
"558",140056,4.24473,3.4861,3.64374,3.59676,3.60116,0.360042,1.74668,-6.21206,2.32685,1.36705,0.209447,-30.5054,0,291.972,282.972,0.000179733,4.88835,3.19158e-05,1.26765e-05,2.89224,4.79797e-06,1.59541e-05,-0.0438251,0.0666165,8.58915,0.014427,0.0143842,4.29354e-05,3.15185342128762e-06
"559",140308,4.2445,3.48594,3.64361,3.59661,3.60102,0.360073,1.74683,-6.20975,2.32924,1.36931,0.209451,-30.5029,0,291.971,282.971,0.000179748,4.88759,3.19148e-05,1.26812e-05,2.89466,4.7982e-06,1.59557e-05,-0.0438256,0.0666084,8.58921,0.014427,0.0143842,4.29362e-05,3.15178468339193e-06
"560",140559,4.24427,3.48579,3.64348,3.59646,3.60088,0.360103,1.74698,-6.20744,2.33162,1.37158,0.209455,-30.5003,0,291.971,282.971,0.000179763,4.88682,3.19138e-05,1.2686e-05,2.89707,4.79843e-06,1.59574e-05,-0.0438255,0.0666002,8.58926,0.014427,0.0143843,4.2937e-05,3.1517159491136e-06
"561",140811,4.244,3.48566,3.64335,3.59631,3.60074,0.360133,1.74713,-6.20514,2.33393,1.37384,0.209459,-30.4978,0,291.97,282.97,0.000179779,4.88605,3.19128e-05,1.26907e-05,2.89961,4.79867e-06,1.59591e-05,-0.0438425,0.066592,8.58932,0.014427,0.0143842,4.29377e-05,3.15164721845213e-06
"562",141062,4.24378,3.4855,3.64323,3.59616,3.6006,0.360164,1.74728,-6.20284,2.33631,1.37609,0.209464,-30.4953,0,291.97,282.97,0.000179794,4.88528,3.19119e-05,1.26954e-05,2.90202,4.7989e-06,1.59607e-05,-0.0438424,0.0665837,8.58937,0.014427,0.0143842,4.29385e-05,3.15156131021081e-06
"563",141313,4.24353,3.48536,3.6431,3.59601,3.60046,0.360194,1.74743,-6.20055,2.33864,1.37835,0.209468,-30.4928,0,291.969,282.969,0.000179809,4.8845,3.1911e-05,1.27e-05,2.90451,4.79914e-06,1.59624e-05,-0.0438542,0.0665754,8.58943,0.014427,0.0143842,4.29392e-05,3.15149258768558e-06
"564",141565,4.24329,3.48521,3.64297,3.59586,3.60031,0.360224,1.74757,-6.19826,2.34098,1.38059,0.209472,-30.4902,0,291.969,282.969,0.000179824,4.88372,3.19101e-05,1.27046e-05,2.90695,4.79937e-06,1.5964e-05,-0.0438595,0.0665671,8.58948,0.014427,0.0143842,4.294e-05,3.15142386877567e-06
"565",141816,4.24305,3.48507,3.64284,3.59571,3.60017,0.360254,1.74772,-6.19597,2.3433,1.38284,0.209476,-30.4877,0,291.968,282.968,0.000179839,4.88293,3.19092e-05,1.27092e-05,2.90944,4.79961e-06,1.59657e-05,-0.0438713,0.0665587,8.58954,0.014427,0.0143842,4.29407e-05,3.15135515348062e-06
"566",142068,4.24283,3.48492,3.64271,3.59556,3.60003,0.360284,1.74787,-6.19369,2.34566,1.38508,0.20948,-30.4852,0,291.968,282.968,0.000179854,4.88214,3.19084e-05,1.27138e-05,2.91184,4.79983e-06,1.59673e-05,-0.0438723,0.0665503,8.58958,0.014427,0.0143842,4.29414e-05,3.15128644179995e-06
"567",142319,4.24263,3.48476,3.64258,3.5954,3.59988,0.360313,1.74801,-6.19141,2.34801,1.38732,0.209484,-30.4827,0,291.968,282.968,0.000179868,4.88135,3.19075e-05,1.27183e-05,2.91423,4.80005e-06,1.59689e-05,-0.0438726,0.0665419,8.58963,0.014427,0.0143843,4.29422e-05,3.15121773373318e-06
"568",142570,4.24237,3.48463,3.64245,3.59525,3.59974,0.360343,1.74816,-6.18913,2.3503,1.38955,0.209488,-30.4802,0,291.967,282.967,0.000179883,4.88056,3.19067e-05,1.27228e-05,2.91675,4.80029e-06,1.59705e-05,-0.0438902,0.0665335,8.58969,0.014427,0.0143842,4.29429e-05,3.15114902927984e-06
"569",142822,4.24216,3.48447,3.64232,3.5951,3.5996,0.360373,1.7483,-6.18685,2.35265,1.39178,0.209492,-30.4777,0,291.967,282.967,0.000179898,4.87976,3.19059e-05,1.27273e-05,2.91914,4.80051e-06,1.59721e-05,-0.0438905,0.066525,8.58974,0.014427,0.0143842,4.29436e-05,3.15108032843945e-06
"570",143073,4.24192,3.48433,3.64219,3.59494,3.59945,0.360402,1.74845,-6.18458,2.35495,1.39401,0.209495,-30.4752,0,291.966,282.966,0.000179913,4.87896,3.19051e-05,1.27318e-05,2.92161,4.80074e-06,1.59737e-05,-0.0439028,0.0665164,8.58979,0.014427,0.0143842,4.29443e-05,3.15102880517987e-06
"571",143325,4.24171,3.48418,3.64206,3.59479,3.59931,0.360432,1.74859,-6.18231,2.35727,1.39623,0.209499,-30.4727,0,291.966,282.966,0.000179928,4.87815,3.19043e-05,1.27362e-05,2.92403,4.80096e-06,1.59753e-05,-0.0439087,0.0665079,8.58984,0.014427,0.0143842,4.29449e-05,3.15096011066101e-06
"572",143576,4.24148,3.48404,3.64193,3.59464,3.59916,0.360461,1.74874,-6.18005,2.35956,1.39845,0.209503,-30.4703,0,291.965,282.965,0.000179942,4.87734,3.19036e-05,1.27406e-05,2.9265,4.80119e-06,1.59769e-05,-0.043921,0.0664992,8.58989,0.014427,0.0143842,4.29456e-05,3.15089141975379e-06
"573",143827,4.24128,3.48388,3.6418,3.59448,3.59902,0.360491,1.74888,-6.17779,2.36189,1.40066,0.209507,-30.4678,0,291.965,282.965,0.000179957,4.87653,3.19029e-05,1.27449e-05,2.92888,4.8014e-06,1.59785e-05,-0.0439225,0.0664906,8.58994,0.014427,0.0143842,4.29463e-05,3.15082273245774e-06
"574",144079,4.24109,3.48372,3.64167,3.59433,3.59887,0.36052,1.74903,-6.17553,2.36422,1.40287,0.20951,-30.4653,0,291.964,282.964,0.000179972,4.87572,3.19022e-05,1.27492e-05,2.93125,4.80161e-06,1.598e-05,-0.0439233,0.0664819,8.58998,0.014427,0.0143843,4.2947e-05,3.15077121935526e-06
"575",144330,4.24084,3.48359,3.64153,3.59418,3.59872,0.360549,1.74917,-6.17328,2.36648,1.40508,0.209514,-30.4629,0,291.964,282.964,0.000179986,4.8749,3.19015e-05,1.27536e-05,2.93375,4.80184e-06,1.59817e-05,-0.0439414,0.0664732,8.59004,0.014427,0.0143842,4.29476e-05,3.15070253837762e-06
"576",144582,4.24066,3.48343,3.6414,3.59402,3.59858,0.360578,1.74931,-6.17103,2.3688,1.40728,0.209518,-30.4604,0,291.964,282.964,0.000180001,4.87407,3.19008e-05,1.27578e-05,2.93611,4.80205e-06,1.59832e-05,-0.0439423,0.0664645,8.59008,0.014427,0.0143842,4.29483e-05,3.15063386100985e-06
"577",144833,4.24043,3.48329,3.64127,3.59387,3.59843,0.360607,1.74946,-6.16878,2.37107,1.40948,0.209521,-30.458,0,291.963,282.963,0.000180015,4.87325,3.19001e-05,1.27621e-05,2.93857,4.80228e-06,1.59848e-05,-0.0439551,0.0664557,8.59013,0.014427,0.0143842,4.29489e-05,3.15058235535272e-06
"578",145084,4.24023,3.48314,3.64114,3.59371,3.59828,0.360636,1.7496,-6.16654,2.37336,1.41168,0.209525,-30.4555,0,291.963,282.963,0.00018003,4.87242,3.18995e-05,1.27663e-05,2.94097,4.80249e-06,1.59863e-05,-0.0439615,0.0664469,8.59017,0.014427,0.0143842,4.29496e-05,3.15051368430108e-06
"579",145336,4.24002,3.48299,3.64101,3.59355,3.59814,0.360665,1.74974,-6.16429,2.37563,1.41387,0.209528,-30.4531,0,291.962,282.962,0.000180044,4.87158,3.18989e-05,1.27705e-05,2.94341,4.80271e-06,1.59879e-05,-0.0439744,0.066438,8.59022,0.014427,0.0143842,4.29502e-05,3.15046218338049e-06
"580",145587,4.23984,3.48284,3.64087,3.5934,3.59799,0.360694,1.74988,-6.16206,2.37793,1.41606,0.209532,-30.4507,0,291.962,282.962,0.000180059,4.87075,3.18983e-05,1.27747e-05,2.94577,4.80291e-06,1.59894e-05,-0.0439763,0.0664291,8.59026,0.014427,0.0143842,4.29508e-05,3.15039351864353e-06
"581",145839,4.23966,3.48268,3.64074,3.59324,3.59784,0.360723,1.75002,-6.15983,2.38023,1.41824,0.209535,-30.4482,0,291.962,282.962,0.000180073,4.86991,3.18977e-05,1.27788e-05,2.94812,4.80312e-06,1.59909e-05,-0.0439776,0.0664202,8.5903,0.014427,0.0143843,4.29514e-05,3.1503420224584e-06
"582",146090,4.23943,3.48254,3.64061,3.59309,3.59769,0.360752,1.75016,-6.15759,2.38247,1.42042,0.209538,-30.4458,0,291.961,282.961,0.000180087,4.86906,3.18971e-05,1.2783e-05,2.9506,4.80334e-06,1.59925e-05,-0.0439963,0.0664112,8.59036,0.014427,0.0143842,4.2952e-05,3.15029052830243e-06
"583",146342,4.23926,3.48238,3.64047,3.59293,3.59754,0.36078,1.7503,-6.15537,2.38476,1.4226,0.209542,-30.4434,0,291.961,282.961,0.000180102,4.86822,3.18966e-05,1.27871e-05,2.95295,4.80354e-06,1.5994e-05,-0.0439977,0.0664022,8.59039,0.014427,0.0143842,4.29526e-05,3.15022187258391e-06
"584",146593,4.23906,3.48224,3.64034,3.59277,3.5974,0.360809,1.75044,-6.15314,2.38701,1.42477,0.209545,-30.441,0,291.96,282.96,0.000180116,4.86736,3.1896e-05,1.27912e-05,2.95538,4.80375e-06,1.59955e-05,-0.0440111,0.0663932,8.59044,0.014427,0.0143842,4.29532e-05,3.15017038316184e-06
"585",146844,4.23887,3.48209,3.64021,3.59261,3.59725,0.360837,1.75058,-6.15092,2.38927,1.42694,0.209548,-30.4386,0,291.96,282.96,0.00018013,4.86651,3.18955e-05,1.27952e-05,2.95776,4.80396e-06,1.59971e-05,-0.0440179,0.0663841,8.59048,0.014427,0.0143842,4.29538e-05,3.15011889576826e-06
"586",147096,4.23867,3.48194,3.64007,3.59246,3.5971,0.360866,1.75072,-6.14871,2.39151,1.42911,0.209552,-30.4362,0,291.96,282.96,0.000180144,4.86565,3.1895e-05,1.27993e-05,2.96019,4.80417e-06,1.59986e-05,-0.0440314,0.066375,8.59053,0.014427,0.0143842,4.29544e-05,3.15005024906523e-06
"587",147347,4.23851,3.48178,3.63994,3.5923,3.59695,0.360894,1.75086,-6.14649,2.39379,1.43127,0.209555,-30.4338,0,291.959,282.959,0.000180158,4.86479,3.18945e-05,1.28033e-05,2.96253,4.80436e-06,1.60001e-05,-0.0440337,0.0663658,8.59057,0.014427,0.0143842,4.2955e-05,3.149998766404e-06
"588",147599,4.23835,3.48162,3.6398,3.59214,3.5968,0.360922,1.751,-6.14428,2.39606,1.43343,0.209558,-30.4314,0,291.959,282.959,0.000180173,4.86393,3.1894e-05,1.28072e-05,2.96486,4.80456e-06,1.60015e-05,-0.0440355,0.0663566,8.5906,0.014427,0.0143843,4.29556e-05,3.14994728577059e-06
"589",147850,4.23813,3.48149,3.63967,3.59198,3.59665,0.360951,1.75114,-6.14208,2.39827,1.43558,0.209561,-30.429,0,291.958,282.958,0.000180187,4.86306,3.18936e-05,1.28112e-05,2.96732,4.80477e-06,1.60031e-05,-0.0440548,0.0663474,8.59065,0.014427,0.0143842,4.29561e-05,3.1498958071648e-06
"590",148101,4.23798,3.48133,3.63953,3.59182,3.59649,0.360979,1.75128,-6.13987,2.40053,1.43774,0.209564,-30.4266,0,291.958,282.958,0.000180201,4.86219,3.18931e-05,1.28151e-05,2.96964,4.80496e-06,1.60045e-05,-0.0440566,0.0663382,8.59069,0.014427,0.0143842,4.29567e-05,3.14984433058643e-06
"591",148353,4.23779,3.48118,3.6394,3.59167,3.59634,0.361007,1.75142,-6.13767,2.40275,1.43988,0.209567,-30.4243,0,291.958,282.958,0.000180215,4.86131,3.18927e-05,1.28191e-05,2.97205,4.80517e-06,1.6006e-05,-0.0440706,0.0663289,8.59073,0.014427,0.0143842,4.29572e-05,3.14979285603528e-06
"592",148604,4.23762,3.48103,3.63926,3.59151,3.59619,0.361035,1.75155,-6.13547,2.40499,1.44203,0.20957,-30.4219,0,291.957,282.957,0.000180229,4.86043,3.18923e-05,1.28229e-05,2.97441,4.80536e-06,1.60075e-05,-0.0440779,0.0663196,8.59077,0.014427,0.0143842,4.29577e-05,3.14974138351114e-06
"593",148856,4.23743,3.48088,3.63913,3.59135,3.59604,0.361063,1.75169,-6.13328,2.4072,1.44417,0.209573,-30.4196,0,291.957,282.957,0.000180243,4.85955,3.18918e-05,1.28268e-05,2.97682,4.80557e-06,1.6009e-05,-0.0440919,0.0663102,8.59081,0.014427,0.0143842,4.29583e-05,3.14968991301383e-06
"594",149107,4.23729,3.48072,3.63899,3.59119,3.59589,0.361091,1.75183,-6.13109,2.40945,1.4463,0.209576,-30.4172,0,291.957,282.957,0.000180257,4.85866,3.18914e-05,1.28307e-05,2.97914,4.80576e-06,1.60104e-05,-0.0440947,0.0663008,8.59084,0.014427,0.0143842,4.29588e-05,3.14963844454314e-06
"595",149359,4.23714,3.48056,3.63885,3.59103,3.59574,0.361119,1.75196,-6.12891,2.4117,1.44844,0.209579,-30.4148,0,291.956,282.956,0.00018027,4.85778,3.18911e-05,1.28345e-05,2.98145,4.80594e-06,1.60118e-05,-0.044097,0.0662914,8.59088,0.014427,0.0143843,4.29593e-05,3.14958697809887e-06
"596",149610,4.23695,3.48042,3.63872,3.59087,3.59558,0.361146,1.7521,-6.12672,2.41388,1.45056,0.209582,-30.4125,0,291.956,282.956,0.000180284,4.85688,3.18907e-05,1.28383e-05,2.98389,4.80615e-06,1.60133e-05,-0.0441169,0.0662819,8.59092,0.014427,0.0143842,4.29598e-05,3.14953551368082e-06
"597",149861,4.23681,3.48026,3.63858,3.59071,3.59543,0.361174,1.75224,-6.12454,2.41612,1.45269,0.209584,-30.4102,0,291.956,282.956,0.000180298,4.85599,3.18903e-05,1.28421e-05,2.98619,4.80633e-06,1.60147e-05,-0.0441192,0.0662724,8.59095,0.014427,0.0143842,4.29603e-05,3.14950120519437e-06
"598",150113,4.23663,3.48011,3.63844,3.59055,3.59528,0.361202,1.75237,-6.12236,2.41831,1.45481,0.209587,-30.4078,0,291.955,282.955,0.000180312,4.85509,3.189e-05,1.28459e-05,2.98858,4.80653e-06,1.60162e-05,-0.0441336,0.0662629,8.59099,0.014427,0.0143842,4.29608e-05,3.14944974415292e-06
"599",150364,4.23648,3.47996,3.63831,3.59038,3.59512,0.361229,1.75251,-6.12019,2.42052,1.45693,0.20959,-30.4055,0,291.955,282.955,0.000180326,4.85419,3.18896e-05,1.28496e-05,2.99092,4.80672e-06,1.60176e-05,-0.0441415,0.0662533,8.59103,0.014427,0.0143842,4.29613e-05,3.14939828513715e-06
"600",150615,4.23631,3.47981,3.63817,3.59022,3.59497,0.361257,1.75264,-6.11802,2.42271,1.45904,0.209593,-30.4032,0,291.955,282.955,0.000180339,4.85328,3.18893e-05,1.28534e-05,2.99331,4.80691e-06,1.6019e-05,-0.044156,0.0662437,8.59107,0.014427,0.0143842,4.29618e-05,3.14934682814688e-06
"601",150867,4.23617,3.47965,3.63803,3.59006,3.59481,0.361284,1.75278,-6.11585,2.42493,1.46115,0.209595,-30.4009,0,291.954,282.954,0.000180353,4.85237,3.1889e-05,1.28571e-05,2.9956,4.80709e-06,1.60204e-05,-0.0441593,0.0662341,8.5911,0.014427,0.0143842,4.29623e-05,3.14931252461188e-06
"602",151118,4.23605,3.47949,3.63789,3.5899,3.59466,0.361311,1.75291,-6.11369,2.42715,1.46326,0.209598,-30.3986,0,291.954,282.954,0.000180367,4.85146,3.18887e-05,1.28608e-05,2.99789,4.80727e-06,1.60218e-05,-0.044162,0.0662245,8.59113,0.014427,0.0143842,4.29628e-05,3.14926107099698e-06
"603",151370,4.23586,3.47935,3.63775,3.58974,3.5945,0.361339,1.75304,-6.11153,2.4293,1.46536,0.2096,-30.3963,0,291.954,282.954,0.00018038,4.85055,3.18884e-05,1.28645e-05,3.00031,4.80747e-06,1.60233e-05,-0.0441824,0.0662147,8.59117,0.014427,0.0143842,4.29632e-05,3.14922676971204e-06
"604",151621,4.23574,3.47918,3.63762,3.58957,3.59435,0.361366,1.75318,-6.10937,2.43152,1.46746,0.209603,-30.394,0,291.954,282.954,0.000180394,4.84963,3.18881e-05,1.28681e-05,3.00259,4.80764e-06,1.60246e-05,-0.0441851,0.066205,8.5912,0.014427,0.0143842,4.29637e-05,3.14917531947196e-06
"605",151872,4.23558,3.47904,3.63748,3.58941,3.59419,0.361393,1.75331,-6.10722,2.43368,1.46955,0.209605,-30.3917,0,291.953,282.953,0.000180407,4.84871,3.18878e-05,1.28718e-05,3.00497,4.80783e-06,1.60261e-05,-0.0442001,0.0661953,8.59123,0.014427,0.0143842,4.29641e-05,3.14914102043672e-06
"606",152124,4.23544,3.47888,3.63734,3.58925,3.59404,0.36142,1.75344,-6.10507,2.43587,1.47165,0.209608,-30.3894,0,291.953,282.953,0.000180421,4.84778,3.18875e-05,1.28754e-05,3.00728,4.80801e-06,1.60274e-05,-0.0442084,0.0661855,8.59126,0.014427,0.0143842,4.29646e-05,3.14908957357091e-06
"607",152375,4.23528,3.47873,3.6372,3.58909,3.59388,0.361447,1.75357,-6.10292,2.43803,1.47373,0.20961,-30.3871,0,291.953,282.953,0.000180434,4.84686,3.18873e-05,1.2879e-05,3.00965,4.8082e-06,1.60288e-05,-0.0442234,0.0661757,8.5913,0.014427,0.0143842,4.2965e-05,3.14905527678499e-06
"608",152626,4.23517,3.47857,3.63706,3.58892,3.59372,0.361474,1.75371,-6.10078,2.44022,1.47582,0.209613,-30.3848,0,291.952,282.952,0.000180448,4.84593,3.1887e-05,1.28826e-05,3.01192,4.80837e-06,1.60302e-05,-0.0442271,0.0661658,8.59133,0.014427,0.0143842,4.29655e-05,3.1490038332929e-06
"609",152878,4.23505,3.47841,3.63692,3.58876,3.59357,0.361501,1.75384,-6.09864,2.44242,1.4779,0.209615,-30.3825,0,291.952,282.952,0.000180461,4.84499,3.18868e-05,1.28862e-05,3.01419,4.80854e-06,1.60315e-05,-0.0442303,0.066156,8.59135,0.014427,0.0143842,4.29659e-05,3.14896953875594e-06
"610",153129,4.23488,3.47827,3.63678,3.58859,3.59341,0.361528,1.75397,-6.0965,2.44454,1.47997,0.209617,-30.3803,0,291.952,282.952,0.000180475,4.84406,3.18865e-05,1.28897e-05,3.01659,4.80873e-06,1.6033e-05,-0.0442512,0.066146,8.59139,0.014427,0.0143842,4.29663e-05,3.14893524511847e-06
"611",153381,4.23477,3.4781,3.63664,3.58843,3.59325,0.361555,1.7541,-6.09437,2.44673,1.48205,0.20962,-30.378,0,291.952,282.952,0.000180488,4.84312,3.18863e-05,1.28933e-05,3.01885,4.8089e-06,1.60343e-05,-0.0442543,0.0661361,8.59142,0.014427,0.0143842,4.29667e-05,3.14888380634865e-06
"612",153632,4.23462,3.47795,3.6365,3.58827,3.5931,0.361581,1.75423,-6.09224,2.44887,1.48412,0.209622,-30.3758,0,291.951,282.951,0.000180501,4.84218,3.18861e-05,1.28968e-05,3.0212,4.80908e-06,1.60357e-05,-0.0442698,0.0661261,8.59145,0.014427,0.0143842,4.29671e-05,3.14884951495961e-06
"613",153883,4.2345,3.4778,3.63636,3.5881,3.59294,0.361608,1.75436,-6.09011,2.45103,1.48618,0.209624,-30.3735,0,291.951,282.951,0.000180515,4.84123,3.18858e-05,1.29003e-05,3.0235,4.80925e-06,1.6037e-05,-0.0442785,0.0661161,8.59148,0.014427,0.0143842,4.29675e-05,3.14881522446985e-06
"614",154134,4.23436,3.47765,3.63622,3.58794,3.59278,0.361635,1.75449,-6.08799,2.45316,1.48824,0.209626,-30.3713,0,291.951,282.951,0.000180528,4.84028,3.18856e-05,1.29039e-05,3.02584,4.80943e-06,1.60384e-05,-0.044294,0.0661061,8.59151,0.014427,0.0143842,4.29679e-05,3.14878093487931e-06
"615",154386,4.23425,3.47748,3.63608,3.58777,3.59262,0.361661,1.75462,-6.08587,2.45533,1.4903,0.209629,-30.369,0,291.951,282.951,0.000180541,4.83933,3.18854e-05,1.29073e-05,3.0281,4.80959e-06,1.60397e-05,-0.0442981,0.0660961,8.59153,0.014427,0.0143842,4.29683e-05,3.14872950217939e-06
"616",154637,4.23415,3.47732,3.63594,3.58761,3.59246,0.361688,1.75475,-6.08375,2.4575,1.49236,0.209631,-30.3668,0,291.95,282.95,0.000180554,4.83838,3.18852e-05,1.29108e-05,3.03034,4.80976e-06,1.6041e-05,-0.0443017,0.066086,8.59156,0.014427,0.0143842,4.29687e-05,3.14869521483663e-06
"617",154888,4.234,3.47718,3.6358,3.58744,3.5923,0.361714,1.75488,-6.08164,2.4596,1.49441,0.209633,-30.3645,0,291.95,282.95,0.000180568,4.83742,3.1885e-05,1.29143e-05,3.03272,4.80994e-06,1.60424e-05,-0.044323,0.0660759,8.59159,0.014427,0.0143842,4.29691e-05,3.14866092839287e-06
"618",155140,4.2339,3.47701,3.63566,3.58728,3.59215,0.36174,1.75501,-6.07953,2.46176,1.49646,0.209635,-30.3623,0,291.95,282.95,0.000180581,4.83647,3.18848e-05,1.29177e-05,3.03496,4.8101e-06,1.60437e-05,-0.0443266,0.0660658,8.59161,0.014427,0.0143842,4.29695e-05,3.14862664284807e-06
"619",155391,4.23377,3.47686,3.63552,3.58711,3.59199,0.361767,1.75514,-6.07742,2.46387,1.4985,0.209637,-30.3601,0,291.95,282.95,0.000180594,4.83551,3.18846e-05,1.29212e-05,3.03729,4.81028e-06,1.6045e-05,-0.0443425,0.0660556,8.59164,0.014427,0.0143842,4.29698e-05,3.14859235820215e-06
"620",155642,4.23365,3.4767,3.63537,3.58694,3.59183,0.361793,1.75527,-6.07532,2.46601,1.50054,0.209639,-30.3579,0,291.949,282.949,0.000180607,4.83454,3.18844e-05,1.29246e-05,3.03956,4.81044e-06,1.60463e-05,-0.0443517,0.0660454,8.59167,0.014427,0.0143842,4.29702e-05,3.14855807445507e-06
"621",155894,4.23352,3.47655,3.63523,3.58678,3.59167,0.361819,1.7554,-6.07322,2.46811,1.50258,0.209641,-30.3557,0,291.949,282.949,0.00018062,4.83358,3.18843e-05,1.29281e-05,3.04189,4.81061e-06,1.60477e-05,-0.0443676,0.0660352,8.5917,0.014427,0.0143842,4.29706e-05,3.14852379160676e-06
"622",156145,4.23343,3.47639,3.63509,3.58661,3.59151,0.361845,1.75553,-6.07112,2.47026,1.50461,0.209643,-30.3535,0,291.949,282.949,0.000180633,4.83261,3.18841e-05,1.29315e-05,3.04412,4.81077e-06,1.6049e-05,-0.044372,0.066025,8.59172,0.014427,0.0143842,4.29709e-05,3.14848950965716e-06
"623",156396,4.23334,3.47622,3.63495,3.58644,3.59135,0.361871,1.75565,-6.06903,2.4724,1.50664,0.209645,-30.3513,0,291.949,282.949,0.000180646,4.83164,3.18839e-05,1.29348e-05,3.04634,4.81093e-06,1.60502e-05,-0.0443759,0.0660147,8.59174,0.014427,0.0143842,4.29713e-05,3.14845522860622e-06
"624",156648,4.2332,3.47608,3.63481,3.58628,3.59119,0.361897,1.75578,-6.06694,2.47447,1.50867,0.209647,-30.3491,0,291.948,282.948,0.000180659,4.83066,3.18837e-05,1.29382e-05,3.0487,4.8111e-06,1.60516e-05,-0.0443978,0.0660044,8.59177,0.014427,0.0143842,4.29716e-05,3.14842094845388e-06
"625",156899,4.23312,3.47591,3.63466,3.58611,3.59102,0.361923,1.75591,-6.06485,2.47661,1.51069,0.209648,-30.3469,0,291.948,282.948,0.000180672,4.82969,3.18836e-05,1.29416e-05,3.05091,4.81126e-06,1.60528e-05,-0.0444017,0.0659941,8.59179,0.014427,0.0143842,4.29719e-05,3.14840380871466e-06
"626",157150,4.23299,3.47576,3.63452,3.58594,3.59086,0.361949,1.75604,-6.06277,2.47869,1.51271,0.20965,-30.3447,0,291.948,282.948,0.000180685,4.82871,3.18834e-05,1.2945e-05,3.05322,4.81142e-06,1.60541e-05,-0.044418,0.0659838,8.59182,0.014427,0.0143842,4.29723e-05,3.1483695299101e-06
"627",157401,4.23289,3.4756,3.63438,3.58577,3.5907,0.361975,1.75616,-6.06069,2.4808,1.51472,0.209652,-30.3425,0,291.948,282.948,0.000180698,4.82773,3.18833e-05,1.29483e-05,3.05547,4.81158e-06,1.60554e-05,-0.0444275,0.0659735,8.59184,0.014427,0.0143842,4.29726e-05,3.14833525200399e-06
"628",157653,4.23277,3.47545,3.63423,3.58561,3.59054,0.362001,1.75629,-6.05861,2.48288,1.51673,0.209654,-30.3403,0,291.947,282.947,0.000180711,4.82675,3.18831e-05,1.29517e-05,3.05778,4.81175e-06,1.60567e-05,-0.0444438,0.0659631,8.59187,0.014427,0.0143842,4.29729e-05,3.14830097499627e-06
"629",157904,4.23269,3.47529,3.63409,3.58544,3.59038,0.362026,1.75641,-6.05654,2.485,1.51874,0.209656,-30.3382,0,291.947,282.947,0.000180724,4.82576,3.18829e-05,1.2955e-05,3.05998,4.8119e-06,1.6058e-05,-0.0444486,0.0659527,8.59189,0.014427,0.0143842,4.29732e-05,3.14826669888688e-06
"630",158155,4.23262,3.47512,3.63395,3.58527,3.59022,0.362052,1.75654,-6.05447,2.48712,1.52074,0.209657,-30.336,0,291.947,282.947,0.000180736,4.82478,3.18828e-05,1.29584e-05,3.06218,4.81205e-06,1.60592e-05,-0.0444528,0.0659423,8.59191,0.014427,0.0143842,4.29735e-05,3.14824956116904e-06
"631",158406,4.23248,3.47498,3.6338,3.5851,3.59006,0.362077,1.75667,-6.0524,2.48916,1.52274,0.209659,-30.3338,0,291.947,282.947,0.000180749,4.82379,3.18826e-05,1.29617e-05,3.06452,4.81222e-06,1.60605e-05,-0.0444751,0.0659319,8.59194,0.014427,0.0143842,4.29738e-05,3.14821528640704e-06
"632",158658,4.23241,3.47481,3.63366,3.58493,3.58989,0.362103,1.75679,-6.05034,2.49127,1.52474,0.209661,-30.3317,0,291.947,282.947,0.000180762,4.8228,3.18825e-05,1.2965e-05,3.06671,4.81237e-06,1.60618e-05,-0.0444793,0.0659214,8.59195,0.014427,0.0143842,4.29742e-05,3.14818101254323e-06
"633",158909,4.2323,3.47466,3.63352,3.58477,3.58973,0.362128,1.75692,-6.04828,2.49334,1.52673,0.209662,-30.3295,0,291.947,282.947,0.000180775,4.82181,3.18823e-05,1.29683e-05,3.069,4.81253e-06,1.6063e-05,-0.044496,0.065911,8.59198,0.014427,0.0143842,4.29744e-05,3.14816387594812e-06
"634",159160,4.23221,3.4745,3.63337,3.5846,3.58957,0.362154,1.75704,-6.04622,2.49542,1.52872,0.209664,-30.3274,0,291.946,282.946,0.000180787,4.82081,3.18822e-05,1.29716e-05,3.07123,4.81268e-06,1.60643e-05,-0.0445058,0.0659005,8.592,0.014427,0.0143842,4.29747e-05,3.14812960343147e-06
"635",159411,4.2321,3.47435,3.63323,3.58443,3.5894,0.362179,1.75716,-6.04417,2.49747,1.53071,0.209666,-30.3252,0,291.946,282.946,0.0001808,4.81982,3.1882e-05,1.29749e-05,3.07351,4.81284e-06,1.60656e-05,-0.0445225,0.06589,8.59202,0.014427,0.0143842,4.2975e-05,3.14809533181286e-06
"636",159662,4.23203,3.47418,3.63308,3.58426,3.58924,0.362205,1.75729,-6.04212,2.49956,1.53269,0.209667,-30.3231,0,291.946,282.946,0.000180813,4.81882,3.18819e-05,1.29782e-05,3.07569,4.81299e-06,1.60668e-05,-0.0445275,0.0658795,8.59204,0.014427,0.0143842,4.29753e-05,3.14807819634029e-06
"637",159914,4.23196,3.47401,3.63294,3.58409,3.58908,0.36223,1.75741,-6.04008,2.50165,1.53467,0.209669,-30.3209,0,291.946,282.946,0.000180825,4.81782,3.18817e-05,1.29815e-05,3.07787,4.81313e-06,1.6068e-05,-0.0445321,0.0658689,8.59205,0.014427,0.0143842,4.29756e-05,3.14804392606863e-06
"638",160165,4.23184,3.47387,3.63279,3.58392,3.58891,0.362255,1.75754,-6.03803,2.50368,1.53665,0.20967,-30.3188,0,291.946,282.946,0.000180838,4.81682,3.18816e-05,1.29848e-05,3.08019,4.8133e-06,1.60693e-05,-0.0445547,0.0658584,8.59208,0.014427,0.0143842,4.29759e-05,3.1480267912695e-06
"639",160416,4.23177,3.4737,3.63265,3.58375,3.58875,0.36228,1.75766,-6.03599,2.50576,1.53862,0.209672,-30.3167,0,291.945,282.945,0.00018085,4.81581,3.18814e-05,1.2988e-05,3.08236,4.81344e-06,1.60705e-05,-0.0445592,0.0658478,8.5921,0.014427,0.0143842,4.29762e-05,3.14799252234465e-06
"640",160667,4.23167,3.47355,3.63251,3.58358,3.58859,0.362305,1.75778,-6.03395,2.5078,1.54059,0.209673,-30.3146,0,291.945,282.945,0.000180863,4.81481,3.18812e-05,1.29913e-05,3.08462,4.8136e-06,1.60717e-05,-0.0445762,0.0658372,8.59212,0.014427,0.0143842,4.29764e-05,3.1479753882189e-06
"641",160918,4.23159,3.47339,3.63236,3.58341,3.58842,0.36233,1.7579,-6.03192,2.50985,1.54255,0.209675,-30.3125,0,291.945,282.945,0.000180875,4.8138,3.18811e-05,1.29945e-05,3.08683,4.81374e-06,1.60729e-05,-0.0445863,0.0658266,8.59214,0.014427,0.0143842,4.29767e-05,3.14794112064073e-06
"642",161169,4.23149,3.47323,3.63221,3.58324,3.58826,0.362355,1.75803,-6.02989,2.51188,1.54451,0.209676,-30.3104,0,291.945,282.945,0.000180888,4.81279,3.18809e-05,1.29978e-05,3.08908,4.8139e-06,1.60742e-05,-0.0446033,0.065816,8.59216,0.014427,0.0143842,4.29769e-05,3.14792398718829e-06
"643",161421,4.23143,3.47307,3.63207,3.58307,3.58809,0.36238,1.75815,-6.02787,2.51395,1.54647,0.209678,-30.3082,0,291.945,282.945,0.0001809,4.81179,3.18808e-05,1.3001e-05,3.09125,4.81404e-06,1.60754e-05,-0.0446085,0.0658054,8.59218,0.014427,0.0143842,4.29772e-05,3.14788972095666e-06
"644",161672,4.23137,3.4729,3.63192,3.5829,3.58793,0.362405,1.75827,-6.02585,2.51601,1.54843,0.209679,-30.3061,0,291.945,282.945,0.000180913,4.81078,3.18806e-05,1.30043e-05,3.0934,4.81418e-06,1.60765e-05,-0.0446133,0.0657947,8.59219,0.014427,0.0143842,4.29775e-05,3.14787258817747e-06
"645",161923,4.23126,3.47275,3.63178,3.58273,3.58777,0.36243,1.75839,-6.02382,2.51801,1.55037,0.20968,-30.304,0,291.944,282.944,0.000180925,4.80976,3.18804e-05,1.30075e-05,3.09569,4.81434e-06,1.60778e-05,-0.0446363,0.0657841,8.59221,0.014427,0.0143842,4.29777e-05,3.14785545562267e-06
"646",162174,4.2312,3.47258,3.63163,3.58256,3.5876,0.362455,1.75851,-6.02181,2.52007,1.55232,0.209682,-30.3019,0,291.944,282.944,0.000180937,4.80875,3.18803e-05,1.30108e-05,3.09784,4.81447e-06,1.6079e-05,-0.044641,0.0657734,8.59223,0.014427,0.0143842,4.2978e-05,3.14782119118623e-06
"647",162425,4.23111,3.47243,3.63149,3.58239,3.58744,0.362479,1.75864,-6.0198,2.52208,1.55427,0.209683,-30.2999,0,291.944,282.944,0.00018095,4.80773,3.18801e-05,1.3014e-05,3.10008,4.81462e-06,1.60802e-05,-0.0446583,0.0657627,8.59225,0.014427,0.0143842,4.29782e-05,3.14780405930459e-06
"648",162676,4.23103,3.47227,3.63134,3.58222,3.58727,0.362504,1.75876,-6.01779,2.52411,1.55621,0.209684,-30.2978,0,291.944,282.944,0.000180962,4.80672,3.18799e-05,1.30172e-05,3.10227,4.81477e-06,1.60814e-05,-0.0446686,0.065752,8.59227,0.014427,0.0143842,4.29784e-05,3.14778692764731e-06
"649",162927,4.23094,3.47212,3.6312,3.58205,3.58711,0.362529,1.75888,-6.01578,2.52611,1.55814,0.209686,-30.2957,0,291.944,282.944,0.000180974,4.8057,3.18797e-05,1.30205e-05,3.1045,4.81492e-06,1.60826e-05,-0.0446859,0.0657413,8.59229,0.014427,0.0143842,4.29787e-05,3.14775266500584e-06
"650",163178,4.23089,3.47195,3.63105,3.58188,3.58694,0.362553,1.759,-6.01378,2.52815,1.56007,0.209687,-30.2936,0,291.944,282.944,0.000180987,4.80468,3.18795e-05,1.30237e-05,3.10664,4.81505e-06,1.60838e-05,-0.0446913,0.0657306,8.5923,0.014427,0.0143842,4.29789e-05,3.14773553402162e-06
"651",163429,4.23083,3.47178,3.6309,3.5817,3.58677,0.362578,1.75912,-6.01178,2.53019,1.562,0.209688,-30.2915,0,291.944,282.944,0.000180999,4.80367,3.18794e-05,1.30269e-05,3.10877,4.81519e-06,1.60849e-05,-0.0446963,0.0657199,8.59231,0.014427,0.0143842,4.29791e-05,3.14771840326175e-06
"652",163680,4.23073,3.47164,3.63076,3.58153,3.58661,0.362602,1.75924,-6.00978,2.53217,1.56393,0.20969,-30.2895,0,291.943,282.943,0.000181011,4.80265,3.18791e-05,1.30302e-05,3.11104,4.81534e-06,1.60861e-05,-0.0447195,0.0657092,8.59234,0.014427,0.0143842,4.29794e-05,3.147684142415e-06
"653",163931,4.23068,3.47147,3.63061,3.58136,3.58644,0.362626,1.75936,-6.00779,2.5342,1.56585,0.209691,-30.2874,0,291.943,282.943,0.000181023,4.80163,3.18789e-05,1.30334e-05,3.11316,4.81547e-06,1.60873e-05,-0.0447244,0.0656985,8.59235,0.014427,0.0143842,4.29796e-05,3.1476670123281e-06
"654",164182,4.23059,3.47131,3.63046,3.58119,3.58628,0.362651,1.75948,-6.0058,2.53618,1.56777,0.209692,-30.2854,0,291.943,282.943,0.000181035,4.8006,3.18787e-05,1.30366e-05,3.11538,4.81562e-06,1.60885e-05,-0.0447419,0.0656877,8.59237,0.014427,0.0143842,4.29798e-05,3.14764988246552e-06
"655",164434,4.23052,3.47115,3.63032,3.58102,3.58611,0.362675,1.75959,-6.00382,2.53819,1.56969,0.209693,-30.2833,0,291.943,282.943,0.000181047,4.79959,3.18718e-05,1.30465e-05,3.11754,4.81576e-06,1.60897e-05,-0.0447525,0.0656771,8.59238,0.014427,0.0143842,4.298e-05,3.14763275282724e-06
"656",164684,4.23043,3.471,3.63017,3.58085,3.58595,0.362699,1.75971,-6.00184,2.54017,1.5716,0.209695,-30.2813,0,291.943,282.943,0.00018106,4.79867,3.1857e-05,1.30643e-05,3.11975,4.81591e-06,1.60909e-05,-0.0447695,0.0656674,8.5924,0.014427,0.0143842,4.29803e-05,3.14759849422356e-06
"657",164936,4.23036,3.47084,3.63003,3.58069,3.5858,0.362724,1.75983,-5.99986,2.54219,1.57351,0.209696,-30.2792,0,291.943,282.943,0.000181072,4.79783,3.18443e-05,1.308e-05,3.12185,4.81605e-06,1.6092e-05,-0.0447739,0.0656586,8.59242,0.014427,0.0143842,4.29806e-05,3.14758136525815e-06
"658",165187,4.23026,3.47068,3.62989,3.58053,3.58564,0.362748,1.75995,-5.99789,2.5442,1.57542,0.209698,-30.2771,0,291.942,282.942,0.000181084,4.79706,3.1833e-05,1.30943e-05,3.12394,4.8162e-06,1.60932e-05,-0.044777,0.0656505,8.59244,0.014427,0.0143842,4.29809e-05,3.14754710800013e-06
"659",165438,4.23009,3.47055,3.62976,3.58037,3.5855,0.362772,1.76007,-5.99593,2.54615,1.57732,0.209701,-30.275,0,291.942,282.942,0.000181096,4.79633,3.18227e-05,1.31076e-05,3.12616,4.81638e-06,1.60945e-05,-0.0447975,0.0656429,8.59248,0.014427,0.0143842,4.29814e-05,3.14749572379504e-06
"660",165689,4.22995,3.47039,3.62962,3.58022,3.58535,0.362796,1.76019,-5.99398,2.54816,1.57923,0.209703,-30.2729,0,291.942,282.942,0.000181108,4.79565,3.18133e-05,1.312e-05,3.12822,4.81655e-06,1.60958e-05,-0.0447988,0.0656357,8.59251,0.014427,0.0143842,4.29819e-05,3.14746146877952e-06
"661",165940,4.22974,3.47025,3.62949,3.58007,3.58521,0.36282,1.7603,-5.99204,2.55013,1.58113,0.209707,-30.2708,0,291.941,282.941,0.00018112,4.795,3.18046e-05,1.31316e-05,3.13037,4.81674e-06,1.60971e-05,-0.044812,0.0656289,8.59256,0.014427,0.0143842,4.29825e-05,3.14739296143908e-06
"662",166191,4.22954,3.47011,3.62936,3.57992,3.58507,0.362843,1.76042,-5.9901,2.55211,1.58303,0.20971,-30.2686,0,291.941,282.941,0.000181131,4.79438,3.17965e-05,1.31427e-05,3.13245,4.81693e-06,1.60984e-05,-0.0448175,0.0656224,8.59261,0.014427,0.0143842,4.29831e-05,3.14734158328781e-06
"663",166442,4.22929,3.46998,3.62923,3.57978,3.58493,0.362867,1.76054,-5.98817,2.55407,1.58493,0.209714,-30.2665,0,291.94,282.94,0.000181143,4.79379,3.17889e-05,1.31533e-05,3.13457,4.81714e-06,1.60998e-05,-0.0448294,0.0656162,8.59266,0.014427,0.0143842,4.29838e-05,3.14727308222448e-06
"664",166693,4.22907,3.46983,3.62911,3.57963,3.5848,0.362891,1.76065,-5.98625,2.55607,1.58682,0.209718,-30.2643,0,291.94,282.94,0.000181155,4.79323,3.17817e-05,1.31634e-05,3.13659,4.81734e-06,1.61012e-05,-0.0448287,0.0656103,8.59271,0.014427,0.0143842,4.29846e-05,3.14720458474742e-06
"665",166944,4.22883,3.46968,3.62898,3.57949,3.58467,0.362915,1.76077,-5.98433,2.55807,1.58871,0.209723,-30.2621,0,291.939,282.939,0.000181167,4.79269,3.17749e-05,1.31731e-05,3.1386,4.81754e-06,1.61025e-05,-0.0448271,0.0656046,8.59277,0.014427,0.0143842,4.29854e-05,3.14711896794359e-06
"666",167195,4.22838,3.46961,3.62885,3.57935,3.58453,0.362938,1.76089,-5.9824,2.55985,1.59061,0.209728,-30.26,0,291.939,282.939,0.000181179,4.79212,3.17748e-05,1.31761e-05,3.1411,4.81783e-06,1.61042e-05,-0.0448862,0.0655986,8.59287,0.014427,0.014384,4.29862e-05,3.14703335674165e-06
"667",167446,4.2281,3.46948,3.62873,3.57921,3.5844,0.362962,1.761,-5.9805,2.5618,1.59249,0.209732,-30.2578,0,291.938,282.938,0.00018119,4.79157,3.1768e-05,1.31859e-05,3.14315,4.81805e-06,1.61056e-05,-0.0448936,0.0655929,8.59293,0.014427,0.014384,4.29871e-05,3.14696487181286e-06
"668",167697,4.22781,3.46934,3.62861,3.57907,3.58427,0.362985,1.76112,-5.9786,2.56377,1.59437,0.209737,-30.2556,0,291.937,282.937,0.000181202,4.79106,3.17616e-05,1.31951e-05,3.14518,4.81827e-06,1.6107e-05,-0.0448959,0.0655875,8.593,0.014427,0.014384,4.2988e-05,3.14687927069205e-06
"669",167947,4.2275,3.4692,3.62848,3.57893,3.58414,0.363008,1.76123,-5.97671,2.56572,1.59625,0.209743,-30.2534,0,291.937,282.937,0.000181214,4.79056,3.17556e-05,1.3204e-05,3.14722,4.8185e-06,1.61085e-05,-0.0449019,0.0655823,8.59307,0.014427,0.014384,4.2989e-05,3.14677655673811e-06
"670",168198,4.22719,3.46907,3.62836,3.57879,3.58402,0.363031,1.76134,-5.97482,2.56767,1.59812,0.209748,-30.2512,0,291.936,282.936,0.000181225,4.79008,3.17498e-05,1.32126e-05,3.14924,4.81874e-06,1.61099e-05,-0.0449062,0.0655772,8.59314,0.014427,0.014384,4.299e-05,3.14669096793464e-06
"671",168448,4.22687,3.46893,3.62824,3.57866,3.58389,0.363055,1.76146,-5.97294,2.56963,1.6,0.209754,-30.249,0,291.935,282.935,0.000181237,4.78961,3.17444e-05,1.3221e-05,3.15125,4.81897e-06,1.61114e-05,-0.0449095,0.0655723,8.59321,0.014427,0.014384,4.2991e-05,3.14658826875885e-06
"672",168699,4.22654,3.4688,3.62812,3.57852,3.58377,0.363078,1.76157,-5.97106,2.57157,1.60187,0.209759,-30.2468,0,291.935,282.935,0.000181248,4.78916,3.17391e-05,1.32291e-05,3.15326,4.81921e-06,1.61128e-05,-0.044913,0.0655676,8.59329,0.014427,0.014384,4.2992e-05,3.14650269226828e-06
"673",168950,4.22621,3.46866,3.628,3.57839,3.58364,0.363101,1.76168,-5.96918,2.57353,1.60374,0.209765,-30.2446,0,291.934,282.934,0.00018126,4.78872,3.1734e-05,1.3237e-05,3.15525,4.81945e-06,1.61143e-05,-0.0449143,0.065563,8.59336,0.014427,0.014384,4.2993e-05,3.14640000786532e-06
"674",169201,4.22586,3.46853,3.62788,3.57826,3.58352,0.363124,1.7618,-5.96732,2.57546,1.6056,0.209771,-30.2424,0,291.933,282.933,0.000181271,4.7883,3.17291e-05,1.32448e-05,3.15725,4.81969e-06,1.61158e-05,-0.0449191,0.0655585,8.59344,0.014427,0.014384,4.29941e-05,3.14629733151804e-06
"675",169452,4.22552,3.4684,3.62776,3.57813,3.5834,0.363146,1.76191,-5.96545,2.57741,1.60747,0.209777,-30.2402,0,291.933,282.933,0.000181283,4.78788,3.17243e-05,1.32524e-05,3.15923,4.81994e-06,1.61173e-05,-0.0449194,0.0655542,8.59352,0.014427,0.014384,4.29952e-05,3.14619466322484e-06
"676",169702,4.22516,3.46827,3.62765,3.57799,3.58328,0.363169,1.76202,-5.96359,2.57934,1.60933,0.209783,-30.238,0,291.932,282.932,0.000181294,4.78747,3.17197e-05,1.32598e-05,3.16122,4.82019e-06,1.61188e-05,-0.0449236,0.0655499,8.5936,0.014427,0.014384,4.29963e-05,3.14609200298415e-06
"677",169953,4.22479,3.46814,3.62753,3.57786,3.58316,0.363192,1.76213,-5.96173,2.58127,1.61119,0.20979,-30.2358,0,291.931,282.931,0.000181305,4.78708,3.17152e-05,1.32672e-05,3.1632,4.82044e-06,1.61202e-05,-0.0449262,0.0655457,8.59369,0.014427,0.014384,4.29975e-05,3.14597224287872e-06
"678",170204,4.22442,3.46801,3.62741,3.57773,3.58304,0.363215,1.76224,-5.95988,2.58321,1.61304,0.209796,-30.2336,0,291.93,282.93,0.000181317,4.78669,3.17107e-05,1.32744e-05,3.16517,4.82069e-06,1.61217e-05,-0.044928,0.0655416,8.59377,0.014427,0.014384,4.29986e-05,3.14586960007972e-06
"679",170454,4.22405,3.46788,3.6273,3.57761,3.58292,0.363237,1.76236,-5.95803,2.58513,1.6149,0.209803,-30.2314,0,291.93,282.93,0.000181328,4.7863,3.17064e-05,1.32815e-05,3.16713,4.82094e-06,1.61232e-05,-0.0449301,0.0655376,8.59386,0.014427,0.014384,4.29998e-05,3.14574986031861e-06
"680",170706,4.22368,3.46774,3.62718,3.57748,3.5828,0.36326,1.76247,-5.95618,2.58707,1.61675,0.209809,-30.2292,0,291.929,282.929,0.000181339,4.78593,3.17022e-05,1.32885e-05,3.16909,4.8212e-06,1.61247e-05,-0.0449301,0.0655337,8.59394,0.014427,0.014384,4.3001e-05,3.14564723495389e-06
"681",170956,4.22329,3.46762,3.62706,3.57735,3.58268,0.363282,1.76258,-5.95434,2.58898,1.61859,0.209816,-30.227,0,291.928,282.928,0.00018135,4.78556,3.1698e-05,1.32955e-05,3.17105,4.82145e-06,1.61262e-05,-0.0449337,0.0655298,8.59403,0.014427,0.014384,4.30022e-05,3.14552751552846e-06
"682",171207,4.22291,3.46748,3.62695,3.57722,3.58256,0.363304,1.76269,-5.9525,2.59091,1.62044,0.209822,-30.2247,0,291.927,282.927,0.000181361,4.7852,3.1694e-05,1.33023e-05,3.17299,4.82171e-06,1.61277e-05,-0.044933,0.065526,8.59412,0.014427,0.014384,4.30034e-05,3.14542490759062e-06
"683",171458,4.22252,3.46736,3.62683,3.57709,3.58245,0.363326,1.76279,-5.95067,2.59282,1.62228,0.209829,-30.2225,0,291.926,282.926,0.000181373,4.78484,3.16899e-05,1.33091e-05,3.17494,4.82197e-06,1.61293e-05,-0.0449361,0.0655223,8.59421,0.014427,0.014384,4.30046e-05,3.14530520849224e-06
"684",171709,4.22213,3.46723,3.62672,3.57697,3.58233,0.363348,1.7629,-5.94884,2.59474,1.62412,0.209836,-30.2203,0,291.926,282.926,0.000181384,4.78449,3.1686e-05,1.33157e-05,3.17689,4.82223e-06,1.61308e-05,-0.0449379,0.0655186,8.5943,0.014427,0.014384,4.30059e-05,3.14518552033561e-06
"685",171960,4.22173,3.4671,3.6266,3.57684,3.58221,0.363371,1.76301,-5.94701,2.59665,1.62596,0.209843,-30.2181,0,291.925,282.925,0.000181395,4.78414,3.16821e-05,1.33224e-05,3.17882,4.82249e-06,1.61323e-05,-0.0449388,0.065515,8.59439,0.014427,0.014384,4.30071e-05,3.14506584311824e-06
"686",172210,4.22134,3.46697,3.62649,3.57671,3.5821,0.363392,1.76312,-5.94519,2.59856,1.6278,0.20985,-30.2159,0,291.924,282.924,0.000181406,4.7838,3.16783e-05,1.33289e-05,3.18075,4.82275e-06,1.61338e-05,-0.0449401,0.0655114,8.59448,0.014427,0.014384,4.30084e-05,3.14494617683763e-06
"687",172462,4.22094,3.46684,3.62638,3.57659,3.58198,0.363414,1.76323,-5.94337,2.60047,1.62963,0.209857,-30.2137,0,291.923,282.923,0.000181416,4.78346,3.16745e-05,1.33354e-05,3.18268,4.82301e-06,1.61353e-05,-0.0449394,0.0655078,8.59457,0.014427,0.014384,4.30096e-05,3.14482652149128e-06
"688",172712,4.22053,3.46672,3.62626,3.57646,3.58186,0.363436,1.76334,-5.94155,2.60236,1.63146,0.209864,-30.2115,0,291.922,282.922,0.000181427,4.78313,3.16707e-05,1.33419e-05,3.18461,4.82327e-06,1.61368e-05,-0.0449423,0.0655043,8.59466,0.014427,0.014384,4.30109e-05,3.1447068770767e-06
"689",172964,4.22014,3.46658,3.62615,3.57634,3.58175,0.363458,1.76344,-5.93974,2.60428,1.63329,0.209871,-30.2093,0,291.922,282.922,0.000181438,4.7828,3.1667e-05,1.33483e-05,3.18652,4.82353e-06,1.61383e-05,-0.044941,0.0655009,8.59475,0.014427,0.014384,4.30121e-05,3.14458724359139e-06
"690",173214,4.21973,3.46646,3.62603,3.57621,3.58163,0.36348,1.76355,-5.93793,2.60617,1.63511,0.209878,-30.2071,0,291.921,282.921,0.000181449,4.78247,3.16634e-05,1.33546e-05,3.18844,4.8238e-06,1.61398e-05,-0.0449436,0.0654975,8.59484,0.014427,0.014384,4.30134e-05,3.14446762103284e-06
"691",173465,4.21932,3.46633,3.62592,3.57609,3.58152,0.363501,1.76365,-5.93612,2.60806,1.63693,0.209885,-30.2048,0,291.92,282.92,0.00018146,4.78215,3.16598e-05,1.33609e-05,3.19036,4.82406e-06,1.61413e-05,-0.0449448,0.0654941,8.59494,0.014427,0.014384,4.30147e-05,3.14434800939858e-06
"692",173716,4.21891,3.4662,3.62581,3.57596,3.5814,0.363523,1.76376,-5.93432,2.60995,1.63875,0.209892,-30.2026,0,291.919,282.919,0.00018147,4.78183,3.16562e-05,1.33671e-05,3.19227,4.82432e-06,1.61428e-05,-0.0449453,0.0654907,8.59503,0.014427,0.014384,4.3016e-05,3.1442284086861e-06
"693",173967,4.2185,3.46608,3.62569,3.57584,3.58129,0.363544,1.76387,-5.93252,2.61184,1.64057,0.209899,-30.2004,0,291.918,282.918,0.000181481,4.78151,3.16526e-05,1.33733e-05,3.19417,4.82459e-06,1.61443e-05,-0.0449462,0.0654874,8.59512,0.014427,0.014384,4.30173e-05,3.14410881889291e-06
"694",174219,4.21809,3.46595,3.62558,3.57571,3.58118,0.363565,1.76397,-5.93072,2.61374,1.64239,0.209906,-30.1982,0,291.917,282.917,0.000181492,4.7812,3.16491e-05,1.33795e-05,3.19607,4.82485e-06,1.61458e-05,-0.0449451,0.0654841,8.59522,0.014427,0.014384,4.30186e-05,3.14398924001652e-06
"695",174469,4.21768,3.46582,3.62547,3.57559,3.58106,0.363587,1.76408,-5.92892,2.61561,1.6442,0.209913,-30.196,0,291.917,282.917,0.000181502,4.78089,3.16456e-05,1.33856e-05,3.19797,4.82511e-06,1.61473e-05,-0.0449476,0.0654808,8.59531,0.014427,0.014384,4.30199e-05,3.14386967205444e-06
"696",174721,4.21727,3.46569,3.62535,3.57546,3.58095,0.363608,1.76418,-5.92713,2.6175,1.64601,0.209921,-30.1938,0,291.916,282.916,0.000181513,4.78058,3.16421e-05,1.33917e-05,3.19986,4.82537e-06,1.61488e-05,-0.044946,0.0654776,8.5954,0.014427,0.014384,4.30212e-05,3.14373303631619e-06
"697",174971,4.21685,3.46557,3.62524,3.57534,3.58083,0.363629,1.76428,-5.92534,2.61937,1.64781,0.209928,-30.1917,0,291.915,282.915,0.000181524,4.78027,3.16387e-05,1.33978e-05,3.20176,4.82564e-06,1.61503e-05,-0.0449483,0.0654744,8.5955,0.014427,0.014384,4.30225e-05,3.14361349173353e-06
"698",175222,4.21643,3.46544,3.62513,3.57522,3.58072,0.36365,1.76439,-5.92355,2.62124,1.64962,0.209935,-30.1895,0,291.914,282.914,0.000181534,4.77996,3.16352e-05,1.34038e-05,3.20365,4.8259e-06,1.61518e-05,-0.0449493,0.0654712,8.59559,0.014427,0.014384,4.30238e-05,3.14349395805735e-06
"699",175474,4.21602,3.46531,3.62502,3.57509,3.58061,0.363671,1.76449,-5.92177,2.62312,1.65142,0.209942,-30.1873,0,291.913,282.913,0.000181544,4.77966,3.16318e-05,1.34098e-05,3.20553,4.82617e-06,1.61533e-05,-0.0449495,0.065468,8.59569,0.014427,0.014384,4.30251e-05,3.14337443528517e-06
"700",175725,4.2156,3.46519,3.6249,3.57497,3.58049,0.363692,1.76459,-5.91999,2.62499,1.65322,0.20995,-30.1851,0,291.912,282.912,0.000181555,4.77936,3.16285e-05,1.34158e-05,3.20742,4.82643e-06,1.61548e-05,-0.0449501,0.0654648,8.59578,0.014427,0.014384,4.30264e-05,3.1432378511799e-06
"701",175976,4.21519,3.46506,3.62479,3.57484,3.58038,0.363712,1.7647,-5.91821,2.62686,1.65502,0.209957,-30.1829,0,291.911,282.911,0.000181565,4.77906,3.16251e-05,1.34217e-05,3.20929,4.82669e-06,1.61562e-05,-0.0449488,0.0654617,8.59588,0.014427,0.014384,4.30277e-05,3.14311835176506e-06
"702",176227,4.21477,3.46493,3.62468,3.57472,3.58027,0.363733,1.7648,-5.91644,2.62872,1.65681,0.209964,-30.1807,0,291.911,282.911,0.000181576,4.77876,3.16218e-05,1.34276e-05,3.21117,4.82696e-06,1.61577e-05,-0.0449512,0.0654586,8.59598,0.014427,0.0143839,4.3029e-05,3.14299886324641e-06
"703",176479,4.21436,3.4648,3.62456,3.5746,3.58015,0.363754,1.7649,-5.91466,2.63059,1.65861,0.209971,-30.1785,0,291.91,282.91,0.000181586,4.77847,3.16184e-05,1.34335e-05,3.21304,4.82722e-06,1.61592e-05,-0.0449494,0.0654555,8.59607,0.014427,0.014384,4.30304e-05,3.14287938562146e-06
"704",176729,4.21393,3.46468,3.62445,3.57447,3.58004,0.363774,1.765,-5.9129,2.63244,1.66039,0.209979,-30.1764,0,291.909,282.909,0.000181596,4.77817,3.16151e-05,1.34393e-05,3.21491,4.82748e-06,1.61607e-05,-0.0449516,0.0654524,8.59617,0.014427,0.0143839,4.30317e-05,3.14274285310042e-06
"705",176980,4.21352,3.46455,3.62434,3.57435,3.57993,0.363795,1.7651,-5.91113,2.6343,1.66218,0.209986,-30.1742,0,291.908,282.908,0.000181606,4.77788,3.16118e-05,1.34452e-05,3.21678,4.82775e-06,1.61622e-05,-0.0449524,0.0654493,8.59626,0.014427,0.0143839,4.3033e-05,3.14262339881076e-06
"706",177232,4.2131,3.46443,3.62423,3.57423,3.57981,0.363815,1.7652,-5.90937,2.63615,1.66396,0.209993,-30.172,0,291.907,282.907,0.000181616,4.77759,3.16085e-05,1.3451e-05,3.21864,4.82801e-06,1.61636e-05,-0.0449525,0.0654463,8.59636,0.014427,0.0143839,4.30343e-05,3.142503955407e-06
"707",177483,4.21268,3.4643,3.62411,3.57411,3.5797,0.363835,1.7653,-5.90761,2.638,1.66574,0.210001,-30.1698,0,291.906,282.906,0.000181627,4.7773,3.16053e-05,1.34568e-05,3.2205,4.82827e-06,1.61651e-05,-0.044953,0.0654432,8.59645,0.014427,0.0143839,4.30356e-05,3.14236746198636e-06
"708",177735,4.21226,3.46417,3.624,3.57398,3.57959,0.363856,1.7654,-5.90585,2.63986,1.66752,0.210008,-30.1677,0,291.905,282.905,0.000181637,4.77701,3.1602e-05,1.34625e-05,3.22236,4.82853e-06,1.61665e-05,-0.0449516,0.0654402,8.59655,0.014427,0.0143839,4.3037e-05,3.14224804190119e-06
"709",177985,4.21184,3.46405,3.62389,3.57386,3.57948,0.363876,1.7655,-5.90409,2.64169,1.6693,0.210015,-30.1655,0,291.905,282.905,0.000181647,4.77672,3.15988e-05,1.34683e-05,3.22422,4.8288e-06,1.6168e-05,-0.0449539,0.0654372,8.59665,0.014427,0.0143839,4.30383e-05,3.14212863269414e-06
"710",178237,4.21143,3.46392,3.62378,3.57374,3.57936,0.363896,1.7656,-5.90234,2.64355,1.67107,0.210023,-30.1633,0,291.904,282.904,0.000181657,4.77643,3.15955e-05,1.3474e-05,3.22606,4.82905e-06,1.61695e-05,-0.044952,0.0654342,8.59674,0.014427,0.0143839,4.30396e-05,3.1419921783459e-06
"711",178488,4.211,3.4638,3.62366,3.57361,3.57925,0.363916,1.7657,-5.90059,2.64538,1.67284,0.21003,-30.1612,0,291.903,282.903,0.000181667,4.77614,3.15923e-05,1.34797e-05,3.22792,4.82932e-06,1.61709e-05,-0.0449541,0.0654312,8.59684,0.014427,0.0143839,4.30409e-05,3.14187279244075e-06
"712",178739,4.21058,3.46367,3.62355,3.57349,3.57914,0.363936,1.76579,-5.89884,2.64721,1.67461,0.210037,-30.159,0,291.902,282.902,0.000181677,4.77586,3.15891e-05,1.34854e-05,3.22977,4.82958e-06,1.61724e-05,-0.0449548,0.0654282,8.59693,0.014427,0.0143839,4.30423e-05,3.14175341740593e-06
"713",178991,4.21016,3.46354,3.62344,3.57337,3.57902,0.363955,1.76589,-5.8971,2.64905,1.67638,0.210045,-30.1569,0,291.901,282.901,0.000181687,4.77557,3.15859e-05,1.3491e-05,3.23161,4.82984e-06,1.61738e-05,-0.0449549,0.0654252,8.59703,0.014427,0.0143839,4.30436e-05,3.14161700210215e-06
"714",179242,4.20974,3.46342,3.62333,3.57325,3.57891,0.363975,1.76599,-5.89536,2.65088,1.67814,0.210052,-30.1547,0,291.9,282.9,0.000181696,4.77529,3.15827e-05,1.34966e-05,3.23345,4.8301e-06,1.61753e-05,-0.0449554,0.0654222,8.59712,0.014427,0.0143839,4.30449e-05,3.14149765035257e-06
"715",179494,4.20933,3.46329,3.62321,3.57312,3.5788,0.363995,1.76609,-5.89362,2.65272,1.67991,0.210059,-30.1526,0,291.899,282.899,0.000181706,4.77501,3.15795e-05,1.35023e-05,3.23528,4.83036e-06,1.61767e-05,-0.044954,0.0654193,8.59722,0.014427,0.0143839,4.30462e-05,3.14137830946556e-06
"716",179745,4.2089,3.46317,3.6231,3.573,3.57869,0.364014,1.76618,-5.89188,2.65454,1.68166,0.210067,-30.1504,0,291.899,282.899,0.000181716,4.77473,3.15763e-05,1.35079e-05,3.23712,4.83062e-06,1.61781e-05,-0.0449562,0.0654163,8.59732,0.014427,0.0143839,4.30476e-05,3.14124193317831e-06
"717",179997,4.20849,3.46304,3.62299,3.57288,3.57857,0.364034,1.76628,-5.89015,2.65637,1.68342,0.210074,-30.1483,0,291.898,282.898,0.000181726,4.77444,3.15732e-05,1.35135e-05,3.23895,4.83087e-06,1.61796e-05,-0.0449543,0.0654134,8.59741,0.014427,0.0143839,4.30489e-05,3.14112261555989e-06
"718",180248,4.20807,3.46292,3.62288,3.57276,3.57846,0.364053,1.76637,-5.88842,2.65818,1.68517,0.210081,-30.1461,0,291.897,282.897,0.000181735,4.77416,3.157e-05,1.3519e-05,3.24078,4.83113e-06,1.6181e-05,-0.0449564,0.0654104,8.59751,0.014427,0.0143839,4.30502e-05,3.14100330879626e-06
"719",180499,4.20765,3.46279,3.62276,3.57263,3.57835,0.364073,1.76647,-5.88669,2.66,1.68692,0.210088,-30.144,0,291.896,282.896,0.000181745,4.77388,3.15669e-05,1.35246e-05,3.24261,4.83139e-06,1.61824e-05,-0.0449571,0.0654075,8.5976,0.014427,0.0143839,4.30515e-05,3.14088401288496e-06
"720",180751,4.20723,3.46266,3.62265,3.57251,3.57824,0.364092,1.76656,-5.88496,2.66182,1.68867,0.210096,-30.1419,0,291.895,282.895,0.000181755,4.77361,3.15637e-05,1.35301e-05,3.24444,4.83165e-06,1.61838e-05,-0.0449572,0.0654046,8.5977,0.014427,0.0143839,4.30529e-05,3.14074768798601e-06
"721",181002,4.20681,3.46254,3.62254,3.57239,3.57812,0.364111,1.76666,-5.88324,2.66363,1.69042,0.210103,-30.1397,0,291.894,282.894,0.000181764,4.77333,3.15606e-05,1.35356e-05,3.24626,4.83191e-06,1.61853e-05,-0.0449577,0.0654017,8.5978,0.014427,0.0143839,4.30542e-05,3.14062841532138e-06
"722",181254,4.2064,3.46241,3.62243,3.57227,3.57801,0.36413,1.76675,-5.88152,2.66545,1.69216,0.21011,-30.1376,0,291.893,282.893,0.000181774,4.77305,3.15574e-05,1.35411e-05,3.24807,4.83216e-06,1.61867e-05,-0.0449563,0.0653988,8.59789,0.014427,0.0143839,4.30555e-05,3.14050915350134e-06
"723",181505,4.20598,3.46229,3.62231,3.57214,3.5779,0.364149,1.76685,-5.8798,2.66725,1.6939,0.210118,-30.1355,0,291.893,282.893,0.000181783,4.77277,3.15543e-05,1.35466e-05,3.24989,4.83242e-06,1.61881e-05,-0.0449585,0.0653959,8.59799,0.014427,0.0143839,4.30568e-05,3.14037286755433e-06
"724",181757,4.20556,3.46216,3.6222,3.57202,3.57779,0.364168,1.76694,-5.87809,2.66906,1.69564,0.210125,-30.1333,0,291.892,282.892,0.000181793,4.7725,3.15512e-05,1.35521e-05,3.2517,4.83268e-06,1.61895e-05,-0.0449567,0.065393,8.59808,0.014427,0.0143839,4.30581e-05,3.14025362896436e-06
"725",182008,4.20514,3.46203,3.62209,3.5719,3.57767,0.364187,1.76703,-5.87638,2.67086,1.69738,0.210132,-30.1312,0,291.891,282.891,0.000181802,4.77222,3.15481e-05,1.35576e-05,3.25352,4.83293e-06,1.61909e-05,-0.0449588,0.0653901,8.59818,0.014427,0.0143839,4.30595e-05,3.14013440121122e-06
"726",182260,4.20472,3.46191,3.62198,3.57178,3.57756,0.364206,1.76713,-5.87467,2.67265,1.69911,0.21014,-30.1291,0,291.89,282.89,0.000181812,4.77194,3.15449e-05,1.3563e-05,3.25533,4.83319e-06,1.61923e-05,-0.0449595,0.0653872,8.59827,0.014427,0.0143839,4.30608e-05,3.13999815418835e-06
"727",182512,4.20431,3.46178,3.62186,3.57165,3.57745,0.364225,1.76722,-5.87296,2.67445,1.70084,0.210147,-30.127,0,291.889,282.889,0.000181821,4.77167,3.15418e-05,1.35684e-05,3.25713,4.83344e-06,1.61937e-05,-0.0449596,0.0653843,8.59837,0.014427,0.0143839,4.30621e-05,3.1398789496487e-06
"728",182763,4.20389,3.46166,3.62175,3.57153,3.57733,0.364243,1.76731,-5.87126,2.67625,1.70257,0.210154,-30.1249,0,291.888,282.888,0.00018183,4.77139,3.15387e-05,1.35738e-05,3.25894,4.8337e-06,1.61951e-05,-0.0449601,0.0653815,8.59847,0.014427,0.0143839,4.30634e-05,3.13975975593815e-06
"729",183015,4.20348,3.46153,3.62164,3.57141,3.57722,0.364262,1.7674,-5.86955,2.67805,1.7043,0.210161,-30.1228,0,291.887,282.887,0.00018184,4.77112,3.15356e-05,1.35792e-05,3.26073,4.83395e-06,1.61965e-05,-0.0449587,0.0653786,8.59856,0.014427,0.0143839,4.30647e-05,3.13964057305424e-06
"730",183266,4.20306,3.46141,3.62153,3.57129,3.57711,0.36428,1.76749,-5.86785,2.67983,1.70602,0.210169,-30.1206,0,291.886,282.886,0.000181849,4.77085,3.15326e-05,1.35846e-05,3.26254,4.83421e-06,1.61979e-05,-0.044961,0.0653757,8.59866,0.014427,0.0143839,4.30661e-05,3.13950437729801e-06
"731",183518,4.20265,3.46128,3.62141,3.57116,3.577,0.364299,1.76758,-5.86615,2.68162,1.70775,0.210176,-30.1185,0,291.886,282.886,0.000181858,4.77057,3.15295e-05,1.359e-05,3.26432,4.83446e-06,1.61992e-05,-0.0449592,0.0653729,8.59875,0.014427,0.0143839,4.30674e-05,3.13938521760577e-06
"732",183770,4.20223,3.46116,3.6213,3.57104,3.57688,0.364317,1.76768,-5.86446,2.6834,1.70946,0.210183,-30.1164,0,291.885,282.885,0.000181867,4.7703,3.15264e-05,1.35953e-05,3.26612,4.83471e-06,1.62006e-05,-0.0449613,0.06537,8.59885,0.014427,0.0143839,4.30687e-05,3.13926606873244e-06
"733",184021,4.20181,3.46103,3.62119,3.57092,3.57677,0.364336,1.76777,-5.86277,2.68518,1.71118,0.210191,-30.1143,0,291.884,282.884,0.000181876,4.77003,3.15233e-05,1.36007e-05,3.26791,4.83496e-06,1.6202e-05,-0.0449621,0.0653672,8.59894,0.014427,0.0143839,4.307e-05,3.13912991183599e-06
"734",184273,4.2014,3.46091,3.62107,3.5708,3.57666,0.364354,1.76786,-5.86108,2.68696,1.71289,0.210198,-30.1122,0,291.883,282.883,0.000181885,4.76976,3.15202e-05,1.3606e-05,3.2697,4.83521e-06,1.62034e-05,-0.0449622,0.0653644,8.59904,0.014427,0.0143839,4.30713e-05,3.13901078613778e-06
"735",184525,4.20098,3.46078,3.62096,3.57068,3.57655,0.364372,1.76794,-5.85939,2.68873,1.7146,0.210205,-30.1102,0,291.882,282.882,0.000181894,4.76949,3.15172e-05,1.36113e-05,3.27149,4.83547e-06,1.62047e-05,-0.0449628,0.0653615,8.59913,0.014427,0.0143839,4.30726e-05,3.13889167125077e-06
"736",184777,4.20057,3.46065,3.62085,3.57055,3.57643,0.36439,1.76803,-5.85771,2.69052,1.71632,0.210212,-30.1081,0,291.881,282.881,0.000181903,4.76922,3.15141e-05,1.36166e-05,3.27326,4.83572e-06,1.62061e-05,-0.0449614,0.0653587,8.59923,0.014427,0.0143839,4.30739e-05,3.13877256717252e-06
"737",185028,4.20016,3.46053,3.62074,3.57043,3.57632,0.364408,1.76812,-5.85603,2.69228,1.71802,0.21022,-30.106,0,291.881,282.881,0.000181912,4.76895,3.1511e-05,1.36219e-05,3.27505,4.83597e-06,1.62075e-05,-0.0449637,0.0653559,8.59932,0.014427,0.0143839,4.30753e-05,3.138636461458e-06
"738",185280,4.19975,3.4604,3.62062,3.57031,3.57621,0.364426,1.76821,-5.85435,2.69406,1.71973,0.210227,-30.1039,0,291.88,282.88,0.000181921,4.76868,3.1508e-05,1.36272e-05,3.27682,4.83622e-06,1.62088e-05,-0.044962,0.065353,8.59942,0.014427,0.0143839,4.30766e-05,3.13851738053309e-06
"739",185532,4.19933,3.46028,3.62051,3.57019,3.5761,0.364444,1.7683,-5.85267,2.69581,1.72143,0.210234,-30.1018,0,291.879,282.879,0.00018193,4.76841,3.15049e-05,1.36325e-05,3.2786,4.83647e-06,1.62102e-05,-0.0449641,0.0653502,8.59951,0.014427,0.0143839,4.30779e-05,3.13839831040923e-06
"740",185784,4.19892,3.46015,3.6204,3.57006,3.57598,0.364461,1.76839,-5.851,2.69758,1.72312,0.210241,-30.0997,0,291.878,282.878,0.000181939,4.76814,3.15019e-05,1.36377e-05,3.28037,4.83672e-06,1.62115e-05,-0.0449649,0.0653474,8.59961,0.014427,0.0143839,4.30792e-05,3.13827925108397e-06
"741",186036,4.19851,3.46003,3.62028,3.56994,3.57587,0.364479,1.76847,-5.84933,2.69934,1.72482,0.210249,-30.0977,0,291.877,282.877,0.000181948,4.76787,3.14988e-05,1.3643e-05,3.28214,4.83696e-06,1.62129e-05,-0.0449651,0.0653446,8.5997,0.014427,0.0143839,4.30805e-05,3.13814319650331e-06
"742",186287,4.19809,3.4599,3.62017,3.56982,3.57576,0.364497,1.76856,-5.84766,2.70109,1.72652,0.210256,-30.0956,0,291.876,282.876,0.000181957,4.7676,3.14958e-05,1.36482e-05,3.28391,4.83721e-06,1.62142e-05,-0.0449657,0.0653418,8.59979,0.014427,0.0143839,4.30818e-05,3.13802416030966e-06
"743",186540,4.19769,3.45977,3.62006,3.5697,3.57564,0.364514,1.76865,-5.84599,2.70286,1.72821,0.210263,-30.0935,0,291.875,282.875,0.000181966,4.76733,3.14927e-05,1.36534e-05,3.28567,4.83746e-06,1.62155e-05,-0.0449645,0.065339,8.59989,0.014427,0.0143839,4.30831e-05,3.13790513490692e-06
"744",186791,4.19727,3.45965,3.61994,3.56958,3.57553,0.364532,1.76873,-5.84433,2.7046,1.7299,0.21027,-30.0914,0,291.875,282.875,0.000181974,4.76707,3.14897e-05,1.36586e-05,3.28744,4.83771e-06,1.62169e-05,-0.0449668,0.0653362,8.59998,0.014427,0.0143839,4.30844e-05,3.13778612029263e-06
"745",187043,4.19686,3.45952,3.61983,3.56945,3.57542,0.364549,1.76882,-5.84266,2.70636,1.73159,0.210277,-30.0894,0,291.874,282.874,0.000181983,4.7668,3.14867e-05,1.36638e-05,3.28919,4.83795e-06,1.62182e-05,-0.0449651,0.0653334,8.60008,0.014427,0.0143839,4.30857e-05,3.13766711646437e-06
"746",187295,4.19645,3.4594,3.61972,3.56933,3.57531,0.364566,1.7689,-5.84101,2.7081,1.73327,0.210285,-30.0873,0,291.873,282.873,0.000181992,4.76653,3.14836e-05,1.3669e-05,3.29095,4.8382e-06,1.62195e-05,-0.0449673,0.0653306,8.60017,0.014427,0.0143839,4.3087e-05,3.13753112529345e-06
"747",187547,4.19604,3.45928,3.61961,3.56921,3.57519,0.364584,1.76899,-5.83935,2.70984,1.73495,0.210292,-30.0853,0,291.872,282.872,0.000182,4.76627,3.14806e-05,1.36741e-05,3.29271,4.83845e-06,1.62209e-05,-0.0449682,0.0653278,8.60027,0.014427,0.0143839,4.30883e-05,3.13741214456986e-06
"748",187799,4.19563,3.45915,3.61949,3.56909,3.57508,0.364601,1.76907,-5.8377,2.71159,1.73663,0.210299,-30.0832,0,291.871,282.871,0.000182009,4.766,3.14776e-05,1.36793e-05,3.29446,4.83869e-06,1.62222e-05,-0.0449684,0.0653251,8.60036,0.014427,0.0143839,4.30896e-05,3.1372931746246e-06
"749",188051,4.19522,3.45902,3.61938,3.56896,3.57497,0.364618,1.76916,-5.83605,2.71333,1.73831,0.210306,-30.0811,0,291.87,282.87,0.000182017,4.76573,3.14745e-05,1.36844e-05,3.29621,4.83894e-06,1.62235e-05,-0.0449691,0.0653223,8.60045,0.014427,0.0143839,4.30909e-05,3.13717421545525e-06
"750",188303,4.19482,3.4589,3.61927,3.56884,3.57485,0.364635,1.76924,-5.8344,2.71507,1.73999,0.210313,-30.0791,0,291.87,282.87,0.000182026,4.76547,3.14715e-05,1.36895e-05,3.29795,4.83918e-06,1.62248e-05,-0.0449678,0.0653195,8.60055,0.014427,0.0143839,4.30922e-05,3.13705526705936e-06
"751",188555,4.1944,3.45877,3.61915,3.56872,3.57474,0.364652,1.76933,-5.83275,2.7168,1.74166,0.210321,-30.077,0,291.869,282.869,0.000182034,4.7652,3.14685e-05,1.36947e-05,3.29971,4.83942e-06,1.62261e-05,-0.0449702,0.0653167,8.60064,0.014427,0.0143839,4.30935e-05,3.13691933922435e-06
"752",188807,4.194,3.45865,3.61904,3.5686,3.57463,0.364669,1.76941,-5.83111,2.71854,1.74333,0.210328,-30.075,0,291.868,282.868,0.000182043,4.76494,3.14655e-05,1.36998e-05,3.30144,4.83967e-06,1.62274e-05,-0.0449686,0.065314,8.60073,0.014427,0.0143839,4.30948e-05,3.13680041390623e-06
"753",189059,4.19359,3.45852,3.61893,3.56848,3.57452,0.364686,1.76949,-5.82947,2.72026,1.745,0.210335,-30.073,0,291.867,282.867,0.000182051,4.76467,3.14625e-05,1.37049e-05,3.30319,4.83991e-06,1.62287e-05,-0.0449709,0.0653112,8.60083,0.014427,0.0143839,4.30961e-05,3.13668149935392e-06
"754",189311,4.19318,3.4584,3.61881,3.56835,3.5744,0.364702,1.76957,-5.82783,2.72199,1.74666,0.210342,-30.0709,0,291.866,282.866,0.000182059,4.76441,3.14595e-05,1.37099e-05,3.30493,4.84015e-06,1.623e-05,-0.0449718,0.0653084,8.60092,0.014427,0.0143839,4.30974e-05,3.13656259556496e-06
"755",189563,4.19277,3.45827,3.6187,3.56823,3.57429,0.364719,1.76966,-5.82619,2.72371,1.74833,0.210349,-30.0689,0,291.865,282.865,0.000182068,4.76415,3.14565e-05,1.3715e-05,3.30666,4.84039e-06,1.62313e-05,-0.0449721,0.0653057,8.60102,0.014427,0.0143839,4.30987e-05,3.13644370253693e-06
"756",189815,4.19236,3.45815,3.61859,3.56811,3.57418,0.364736,1.76974,-5.82456,2.72543,1.74999,0.210356,-30.0668,0,291.864,282.864,0.000182076,4.76388,3.14535e-05,1.37201e-05,3.30839,4.84064e-06,1.62326e-05,-0.0449728,0.0653029,8.60111,0.014427,0.0143839,4.31e-05,3.1363248202674e-06
"757",190067,4.19196,3.45802,3.61847,3.56799,3.57406,0.364752,1.76982,-5.82292,2.72716,1.75165,0.210363,-30.0648,0,291.864,282.864,0.000182084,4.76362,3.14505e-05,1.37251e-05,3.31012,4.84088e-06,1.62339e-05,-0.0449716,0.0653002,8.6012,0.014427,0.0143839,4.31013e-05,3.13620594875393e-06
"758",190319,4.19155,3.4579,3.61836,3.56786,3.57395,0.364769,1.7699,-5.8213,2.72887,1.7533,0.210371,-30.0628,0,291.863,282.863,0.000182092,4.76336,3.14475e-05,1.37301e-05,3.31185,4.84112e-06,1.62352e-05,-0.0449741,0.0652974,8.6013,0.014427,0.0143839,4.31026e-05,3.13607010876324e-06
"759",190572,4.19115,3.45777,3.61825,3.56774,3.57384,0.364785,1.76998,-5.81967,2.7306,1.75496,0.210378,-30.0608,0,291.862,282.862,0.000182101,4.7631,3.14445e-05,1.37352e-05,3.31357,4.84136e-06,1.62364e-05,-0.0449725,0.0652947,8.60139,0.014427,0.0143839,4.31039e-05,3.13595126029027e-06
"760",190823,4.19074,3.45765,3.61813,3.56762,3.57372,0.364801,1.77006,-5.81804,2.7323,1.75661,0.210385,-30.0587,0,291.861,282.861,0.000182109,4.76283,3.14415e-05,1.37402e-05,3.3153,4.8416e-06,1.62377e-05,-0.0449748,0.065292,8.60148,0.014427,0.0143839,4.31051e-05,3.13583242256572e-06
"761",191075,4.19034,3.45752,3.61802,3.5675,3.57361,0.364818,1.77014,-5.81642,2.73401,1.75825,0.210392,-30.0567,0,291.86,282.86,0.000182117,4.76257,3.14385e-05,1.37452e-05,3.31702,4.84184e-06,1.6239e-05,-0.0449758,0.0652892,8.60158,0.014427,0.0143839,4.31064e-05,3.13571359558716e-06
"762",191328,4.18993,3.4574,3.6179,3.56738,3.5735,0.364834,1.77022,-5.8148,2.73571,1.7599,0.210399,-30.0547,0,291.859,282.859,0.000182125,4.76231,3.14355e-05,1.37502e-05,3.31874,4.84208e-06,1.62403e-05,-0.0449761,0.0652865,8.60167,0.014427,0.0143839,4.31077e-05,3.13559477935216e-06
"763",191580,4.18953,3.45727,3.61779,3.56725,3.57338,0.36485,1.7703,-5.81319,2.73742,1.76155,0.210406,-30.0527,0,291.859,282.859,0.000182133,4.76205,3.14325e-05,1.37551e-05,3.32045,4.84232e-06,1.62415e-05,-0.0449769,0.0652838,8.60176,0.014427,0.0143839,4.3109e-05,3.13547597385829e-06
"764",191832,4.18913,3.45715,3.61768,3.56713,3.57327,0.364866,1.77038,-5.81157,2.73913,1.76319,0.210413,-30.0507,0,291.858,282.858,0.000182141,4.76179,3.14296e-05,1.37601e-05,3.32216,4.84255e-06,1.62428e-05,-0.0449758,0.0652811,8.60185,0.014427,0.0143839,4.31103e-05,3.13535717910312e-06
"765",192084,4.18872,3.45702,3.61756,3.56701,3.57316,0.364882,1.77046,-5.80996,2.74082,1.76483,0.21042,-30.0487,0,291.857,282.857,0.000182149,4.76153,3.14266e-05,1.37651e-05,3.32388,4.84279e-06,1.62441e-05,-0.0449783,0.0652783,8.60195,0.014427,0.0143839,4.31116e-05,3.13523839508423e-06
"766",192337,4.18832,3.45689,3.61745,3.56689,3.57304,0.364898,1.77054,-5.80835,2.74253,1.76647,0.210427,-30.0467,0,291.856,282.856,0.000182157,4.76127,3.14236e-05,1.377e-05,3.32558,4.84303e-06,1.62453e-05,-0.0449768,0.0652756,8.60204,0.014427,0.0143839,4.31129e-05,3.13511962179918e-06
"767",192589,4.18792,3.45677,3.61734,3.56676,3.57293,0.364914,1.77061,-5.80674,2.74421,1.7681,0.210434,-30.0447,0,291.855,282.855,0.000182165,4.76101,3.14206e-05,1.37749e-05,3.32729,4.84326e-06,1.62466e-05,-0.0449791,0.0652729,8.60213,0.014427,0.0143839,4.31141e-05,3.13500085924557e-06
"768",192841,4.18751,3.45665,3.61722,3.56664,3.57282,0.364929,1.77069,-5.80514,2.7459,1.76973,0.210442,-30.0427,0,291.854,282.854,0.000182173,4.76075,3.14177e-05,1.37798e-05,3.329,4.8435e-06,1.62478e-05,-0.0449802,0.0652702,8.60223,0.014427,0.0143839,4.31154e-05,3.13486514375028e-06
"769",193093,4.18711,3.45652,3.61711,3.56652,3.57271,0.364945,1.77077,-5.80354,2.74759,1.77136,0.210449,-30.0407,0,291.854,282.854,0.000182181,4.76049,3.14147e-05,1.37848e-05,3.3307,4.84374e-06,1.62491e-05,-0.0449806,0.0652675,8.60232,0.014427,0.0143839,4.31167e-05,3.13474640418442e-06
"770",193346,4.18671,3.4564,3.617,3.5664,3.57259,0.364961,1.77085,-5.80194,2.74928,1.77299,0.210456,-30.0387,0,291.853,282.853,0.000182188,4.76023,3.14117e-05,1.37896e-05,3.3324,4.84397e-06,1.62503e-05,-0.0449814,0.0652648,8.60241,0.014427,0.0143839,4.3118e-05,3.13462767534238e-06
"771",193598,4.18631,3.45627,3.61688,3.56628,3.57248,0.364976,1.77092,-5.80034,2.75097,1.77462,0.210463,-30.0367,0,291.852,282.852,0.000182196,4.75997,3.14088e-05,1.37945e-05,3.33408,4.8442e-06,1.62515e-05,-0.0449804,0.0652621,8.6025,0.014427,0.0143839,4.31192e-05,3.13450895722172e-06
"772",193850,4.18591,3.45615,3.61677,3.56615,3.57237,0.364992,1.771,-5.79874,2.75264,1.77624,0.21047,-30.0347,0,291.851,282.851,0.000182204,4.75971,3.14058e-05,1.37994e-05,3.33579,4.84444e-06,1.62528e-05,-0.0449829,0.0652594,8.6026,0.014427,0.0143839,4.31205e-05,3.13439024982004e-06
"773",194103,4.18551,3.45602,3.61665,3.56603,3.57225,0.365007,1.77108,-5.79715,2.75433,1.77786,0.210477,-30.0327,0,291.85,282.85,0.000182211,4.75946,3.14029e-05,1.38043e-05,3.33747,4.84467e-06,1.6254e-05,-0.0449814,0.0652567,8.60269,0.014427,0.0143839,4.31218e-05,3.1342715531349e-06
"774",194355,4.18511,3.4559,3.61654,3.56591,3.57214,0.365022,1.77115,-5.79556,2.756,1.77948,0.210484,-30.0307,0,291.849,282.849,0.000182219,4.7592,3.13999e-05,1.38091e-05,3.33917,4.84491e-06,1.62552e-05,-0.0449838,0.065254,8.60278,0.014427,0.0143839,4.31231e-05,3.13415286716391e-06
"775",194607,4.18471,3.45577,3.61643,3.56579,3.57203,0.365038,1.77123,-5.79397,2.75768,1.78109,0.210491,-30.0287,0,291.849,282.849,0.000182227,4.75894,3.1397e-05,1.3814e-05,3.34085,4.84514e-06,1.62565e-05,-0.0449849,0.0652513,8.60287,0.014427,0.0143839,4.31243e-05,3.13403419190462e-06
"776",194860,4.18431,3.45565,3.61631,3.56567,3.57191,0.365053,1.7713,-5.79239,2.75935,1.78271,0.210498,-30.0268,0,291.848,282.848,0.000182234,4.75868,3.1394e-05,1.38188e-05,3.34254,4.84537e-06,1.62577e-05,-0.0449854,0.0652486,8.60296,0.014427,0.0143839,4.31256e-05,3.13391552735464e-06
"777",195112,4.18391,3.45552,3.6162,3.56554,3.5718,0.365068,1.77138,-5.7908,2.76102,1.78432,0.210505,-30.0248,0,291.847,282.847,0.000182242,4.75843,3.13911e-05,1.38236e-05,3.34422,4.84561e-06,1.62589e-05,-0.0449863,0.065246,8.60306,0.014427,0.0143839,4.31269e-05,3.13379687351154e-06
"778",195365,4.18352,3.4554,3.61608,3.56542,3.57169,0.365083,1.77145,-5.78922,2.76269,1.78593,0.210512,-30.0228,0,291.846,282.846,0.000182249,4.75817,3.13881e-05,1.38284e-05,3.34589,4.84584e-06,1.62601e-05,-0.0449853,0.0652433,8.60315,0.014427,0.0143839,4.31282e-05,3.13367823037292e-06
"779",195617,4.18312,3.45527,3.61597,3.5653,3.57157,0.365098,1.77152,-5.78765,2.76435,1.78754,0.210519,-30.0208,0,291.845,282.845,0.000182257,4.75792,3.13852e-05,1.38332e-05,3.34758,4.84607e-06,1.62613e-05,-0.0449879,0.0652406,8.60324,0.014427,0.0143838,4.31294e-05,3.13355959793634e-06
"780",195870,4.18272,3.45515,3.61586,3.56518,3.57146,0.365113,1.7716,-5.78607,2.76602,1.78914,0.210526,-30.0189,0,291.845,282.845,0.000182264,4.75766,3.13823e-05,1.3838e-05,3.34924,4.8463e-06,1.62625e-05,-0.0449865,0.065238,8.60333,0.014427,0.0143839,4.31307e-05,3.13344097619941e-06
"781",196122,4.18232,3.45502,3.61574,3.56505,3.57135,0.365128,1.77167,-5.78449,2.76767,1.79074,0.210533,-30.0169,0,291.844,282.844,0.000182272,4.7574,3.13793e-05,1.38428e-05,3.35092,4.84653e-06,1.62637e-05,-0.044989,0.0652353,8.60342,0.014427,0.0143838,4.3132e-05,3.13332236515971e-06
"782",196374,4.18192,3.4549,3.61563,3.56493,3.57123,0.365142,1.77174,-5.78292,2.76933,1.79234,0.21054,-30.0149,0,291.843,282.843,0.000182279,4.75715,3.13764e-05,1.38475e-05,3.3526,4.84676e-06,1.62649e-05,-0.0449901,0.0652326,8.60351,0.014427,0.0143838,4.31332e-05,3.13320376481483e-06
"783",196627,4.18153,3.45477,3.61551,3.56481,3.57112,0.365157,1.77182,-5.78136,2.77098,1.79394,0.210547,-30.013,0,291.842,282.842,0.000182286,4.7569,3.13735e-05,1.38523e-05,3.35426,4.84699e-06,1.62661e-05,-0.0449906,0.06523,8.6036,0.014427,0.0143838,4.31345e-05,3.13308517516236e-06
"784",196880,4.18113,3.45465,3.6154,3.56469,3.57101,0.365172,1.77189,-5.77979,2.77264,1.79554,0.210554,-30.011,0,291.841,282.841,0.000182294,4.75664,3.13705e-05,1.3857e-05,3.35593,4.84722e-06,1.62673e-05,-0.0449915,0.0652273,8.6037,0.014427,0.0143838,4.31357e-05,3.13296659619988e-06
"785",197132,4.18074,3.45452,3.61529,3.56457,3.57089,0.365186,1.77196,-5.77822,2.77429,1.79713,0.210561,-30.0091,0,291.84,282.84,0.000182301,4.75639,3.13676e-05,1.38618e-05,3.35758,4.84744e-06,1.62685e-05,-0.0449906,0.0652247,8.60379,0.014427,0.0143838,4.3137e-05,3.132848027925e-06
"786",197385,4.18034,3.4544,3.61517,3.56444,3.57078,0.365201,1.77203,-5.77666,2.77593,1.79872,0.210568,-30.0071,0,291.84,282.84,0.000182308,4.75613,3.13647e-05,1.38665e-05,3.35925,4.84767e-06,1.62697e-05,-0.0449933,0.065222,8.60388,0.014427,0.0143838,4.31383e-05,3.13272947033529e-06
"787",197638,4.17995,3.45427,3.61506,3.56432,3.57066,0.365215,1.7721,-5.7751,2.77759,1.80031,0.210575,-30.0052,0,291.839,282.839,0.000182316,4.75588,3.13618e-05,1.38712e-05,3.3609,4.8479e-06,1.62709e-05,-0.0449919,0.0652194,8.60397,0.014427,0.0143838,4.31395e-05,3.13261092342837e-06
"788",197890,4.17955,3.45415,3.61494,3.5642,3.57055,0.36523,1.77218,-5.77355,2.77922,1.8019,0.210582,-30.0032,0,291.838,282.838,0.000182323,4.75563,3.13588e-05,1.38759e-05,3.36257,4.84813e-06,1.62721e-05,-0.0449944,0.0652167,8.60406,0.014427,0.0143838,4.31408e-05,3.13249238720181e-06
"789",198142,4.17916,3.45403,3.61483,3.56408,3.57044,0.365244,1.77225,-5.77199,2.78086,1.80348,0.210589,-30.0013,0,291.837,282.837,0.00018233,4.75537,3.13559e-05,1.38806e-05,3.36422,4.84836e-06,1.62732e-05,-0.0449956,0.0652141,8.60415,0.014427,0.0143838,4.3142e-05,3.13237386165321e-06
"790",198395,4.17876,3.4539,3.61471,3.56396,3.57032,0.365258,1.77232,-5.77044,2.7825,1.80506,0.210596,-29.9993,0,291.836,282.836,0.000182337,4.75512,3.1353e-05,1.38853e-05,3.36587,4.84858e-06,1.62744e-05,-0.0449962,0.0652114,8.60424,0.014427,0.0143838,4.31433e-05,3.13225534678018e-06
"791",198648,4.17837,3.45378,3.6146,3.56383,3.57021,0.365272,1.77239,-5.76889,2.78413,1.80664,0.210603,-29.9974,0,291.835,282.835,0.000182344,4.75487,3.13501e-05,1.38899e-05,3.36752,4.84881e-06,1.62756e-05,-0.0449972,0.0652088,8.60433,0.014427,0.0143838,4.31446e-05,3.13213684258029e-06
"792",198901,4.17798,3.45365,3.61449,3.56371,3.5701,0.365287,1.77246,-5.76734,2.78578,1.80822,0.21061,-29.9955,0,291.835,282.835,0.000182351,4.75462,3.13472e-05,1.38946e-05,3.36916,4.84903e-06,1.62767e-05,-0.0449963,0.0652062,8.60442,0.014427,0.0143838,4.31458e-05,3.13201834905117e-06
"793",199153,4.17758,3.45353,3.61437,3.56359,3.56998,0.365301,1.77253,-5.7658,2.7874,1.80979,0.210617,-29.9935,0,291.834,282.834,0.000182358,4.75436,3.13443e-05,1.38992e-05,3.37081,4.84926e-06,1.62779e-05,-0.044999,0.0652036,8.60451,0.014427,0.0143838,4.31471e-05,3.13189986619039e-06
"794",199406,4.1772,3.4534,3.61426,3.56347,3.56987,0.365315,1.77259,-5.76425,2.78904,1.81137,0.210623,-29.9916,0,291.833,282.833,0.000182365,4.75411,3.13414e-05,1.39039e-05,3.37245,4.84948e-06,1.62791e-05,-0.0449978,0.0652009,8.6046,0.014427,0.0143838,4.31483e-05,3.1317983179419e-06
"795",199659,4.1768,3.45328,3.61414,3.56335,3.56976,0.365329,1.77266,-5.76271,2.79065,1.81294,0.21063,-29.9897,0,291.832,282.832,0.000182372,4.75386,3.13385e-05,1.39085e-05,3.3741,4.84971e-06,1.62802e-05,-0.0450003,0.0651983,8.6047,0.014427,0.0143838,4.31496e-05,3.13167985488741e-06
"796",199911,4.17641,3.45315,3.61403,3.56322,3.56964,0.365342,1.77273,-5.76117,2.79227,1.81451,0.210637,-29.9877,0,291.831,282.831,0.000182379,4.75361,3.13356e-05,1.39131e-05,3.37573,4.84993e-06,1.62814e-05,-0.0450015,0.0651957,8.60479,0.014427,0.0143838,4.31508e-05,3.13156140249441e-06
