"","Time","PCO2","SigCSurf","SigCDeep","AlkSurf","AlkDeep","PO4Surf","PO4Deep","d13CAtm","d13CSurf","d13CDeep","BioC","d13CBio","Inject","Stemp","Dtemp","Export","Lysocline","CalBurial","Dissolution","c13Diss","OrgBurial","PO4Burial","sCO3..Change","dCO3..Change","SAFrac","Assim","Resp","Eros","Kerogen"
"1",0,3.38,3.08,3.23,3.19,3.2,0.325,1.576,-4.7,4,3.1,0.226828,-28.1,0,290,281,0.00016224,4.38078,1.72819e-05,2.29702e-05,4.68986,5.0224e-06,1.56e-05,-0.0530665,0.0614203,8.81,0.014427,0.0143809,4.60916e-05,2.882e-06
"2",252.681,3.37248,3.08418,3.23074,3.19036,3.20196,0.324921,1.576,-4.70331,4.04571,3.09514,0.227019,-28.0653,0,289.981,280.981,0.000162201,4.43244,2.18175e-05,1.84249e-05,4.75233,5.02593e-06,1.56084e-05,-0.0559874,0.0619301,8.81217,0.014427,0.0143818,4.61264e-05,2.87930609495289e-06
"3",503.024,3.37437,3.08535,3.23108,3.19144,3.20283,0.324921,1.576,-4.69435,4.05248,3.09373,0.226961,-28.0586,0,289.986,280.986,0.000162201,4.455,2.32357e-05,1.70067e-05,4.76362,5.02495e-06,1.56054e-05,-0.0560282,0.062154,8.81163,0.014427,0.0143809,4.61159e-05,2.88012360737325e-06
"4",753.859,3.37355,3.08593,3.23134,3.19211,3.20335,0.324921,1.57599,-4.69146,4.05513,3.09336,0.226978,-28.0547,0,289.983,280.983,0.0001622,4.46654,2.37956e-05,1.64467e-05,4.76794,5.02537e-06,1.56067e-05,-0.0559506,0.0622689,8.81187,0.014427,0.0143807,4.61189e-05,2.87988394364963e-06
"5",1005.21,3.37173,3.08626,3.23155,3.19254,3.20373,0.324919,1.57599,-4.69074,4.05619,3.09336,0.22702,-28.0517,0,289.979,280.979,0.0001622,4.47354,2.40869e-05,1.61552e-05,4.76984,5.02632e-06,1.56095e-05,-0.0558684,0.0623387,8.81239,0.014427,0.0143807,4.61266e-05,2.8792920039741e-06
"6",1255.64,3.3697,3.08647,3.23174,3.19284,3.20402,0.324917,1.57599,-4.69077,4.05665,3.09348,0.227068,-28.0494,0,289.974,280.974,0.000162199,4.47824,2.42599e-05,1.5982e-05,4.77076,5.02737e-06,1.56128e-05,-0.0557916,0.0623856,8.81298,0.014427,0.0143807,4.61353e-05,2.87861579881785e-06
"7",1506.22,3.36775,3.08662,3.23189,3.19308,3.20425,0.324916,1.57598,-4.69105,4.05689,3.09363,0.227114,-28.0473,0,289.969,280.969,0.000162198,4.48169,2.43745e-05,1.58672e-05,4.77128,5.02838e-06,1.56158e-05,-0.055723,0.0624201,8.81354,0.014427,0.0143807,4.61437e-05,2.87796806615262e-06
"8",1757.2,3.36601,3.08673,3.23203,3.19326,3.20445,0.324913,1.57597,-4.69138,4.05705,3.0938,0.227155,-28.0456,0,289.964,280.964,0.000162197,4.4844,2.44569e-05,1.57846e-05,4.77161,5.02929e-06,1.56186e-05,-0.0556633,0.0624471,8.81405,0.014427,0.0143807,4.61513e-05,2.87739098417497e-06
"9",2007.76,3.36448,3.08682,3.23214,3.19342,3.20461,0.324911,1.57596,-4.69169,4.05716,3.09395,0.227192,-28.0441,0,289.96,280.96,0.000162196,4.4866,2.45196e-05,1.57216e-05,4.77186,5.03007e-06,1.56209e-05,-0.0556119,0.062469,8.81449,0.014427,0.0143807,4.61579e-05,2.87687040087396e-06
"10",2258.76,3.36317,3.08689,3.23223,3.19355,3.20475,0.324909,1.57595,-4.69197,4.05726,3.0941,0.227223,-28.0428,0,289.957,280.957,0.000162194,4.48844,2.45696e-05,1.56713e-05,4.77206,5.03075e-06,1.5623e-05,-0.0555679,0.0624874,8.81487,0.014427,0.0143807,4.61636e-05,2.87643438097934e-06
"11",2510.08,3.36204,3.08696,3.23232,3.19366,3.20487,0.324906,1.57594,-4.6922,4.05734,3.09424,0.22725,-28.0417,0,289.954,280.954,0.000162193,4.49,2.46108e-05,1.56298e-05,4.77224,5.03133e-06,1.56247e-05,-0.0555303,0.062503,8.8152,0.014427,0.0143807,4.61685e-05,2.87605472897487e-06
"12",2760.58,3.36109,3.08701,3.23239,3.19375,3.20497,0.324904,1.57593,-4.69238,4.05743,3.09437,0.227273,-28.0407,0,289.951,280.951,0.000162192,4.49132,2.46455e-05,1.55948e-05,4.77241,5.03182e-06,1.56261e-05,-0.0554982,0.0625163,8.81548,0.014427,0.0143807,4.61727e-05,2.87573140042593e-06
"13",3011.83,3.36027,3.08705,3.23245,3.19383,3.20505,0.324901,1.57592,-4.69254,4.05751,3.09449,0.227292,-28.0399,0,289.949,280.949,0.000162191,4.49246,2.46753e-05,1.55647e-05,4.77257,5.03224e-06,1.56273e-05,-0.0554708,0.0625277,8.81572,0.014427,0.0143808,4.61763e-05,2.87546435751917e-06
"14",3262.15,3.35958,3.08709,3.2325,3.1939,3.20513,0.324899,1.57591,-4.69266,4.05758,3.09461,0.227309,-28.0392,0,289.948,280.948,0.000162189,4.49343,2.47012e-05,1.55385e-05,4.77273,5.03259e-06,1.56284e-05,-0.0554475,0.0625373,8.81592,0.014427,0.0143808,4.61793e-05,2.8752254662382e-06
"15",3512.71,3.35899,3.08713,3.23254,3.19396,3.20519,0.324896,1.5759,-4.69275,4.05766,3.09472,0.227323,-28.0386,0,289.946,280.946,0.000162188,4.49425,2.4724e-05,1.55154e-05,4.77289,5.03289e-06,1.56292e-05,-0.0554276,0.0625456,8.81609,0.014427,0.0143808,4.61819e-05,2.87502876190529e-06
"16",3764.19,3.35849,3.08716,3.23258,3.19401,3.20524,0.324893,1.57589,-4.69282,4.05773,3.09482,0.227335,-28.0381,0,289.945,280.945,0.000162187,4.49494,2.47443e-05,1.54947e-05,4.77305,5.03313e-06,1.56299e-05,-0.0554108,0.0625525,8.81623,0.014427,0.0143808,4.61841e-05,2.8748601795086e-06
"17",4014.97,3.35807,3.08718,3.23261,3.19405,3.20529,0.324891,1.57587,-4.69287,4.0578,3.09492,0.227345,-28.0376,0,289.944,280.944,0.000162185,4.49552,2.47624e-05,1.54763e-05,4.77322,5.03334e-06,1.56304e-05,-0.0553966,0.0625583,8.81636,0.014427,0.0143808,4.61859e-05,2.87471970920503e-06
"18",4265.4,3.35772,3.0872,3.23264,3.19408,3.20532,0.324888,1.57586,-4.6929,4.05787,3.09501,0.227353,-28.0372,0,289.943,280.943,0.000162184,4.49599,2.47787e-05,1.54596e-05,4.77339,5.03351e-06,1.56309e-05,-0.0553848,0.062563,8.81646,0.014427,0.0143808,4.61874e-05,2.87460734279565e-06
"19",4516.65,3.35743,3.08722,3.23266,3.19411,3.20535,0.324885,1.57585,-4.69291,4.05794,3.0951,0.22736,-28.0369,0,289.942,280.942,0.000162183,4.49636,2.47936e-05,1.54444e-05,4.77357,5.03365e-06,1.56312e-05,-0.055375,0.0625667,8.81654,0.014427,0.0143808,4.61887e-05,2.87450902935622e-06
"20",4767.14,3.35719,3.08723,3.23268,3.19414,3.20538,0.324883,1.57584,-4.69291,4.05801,3.09519,0.227366,-28.0366,0,289.941,280.941,0.000162181,4.49665,2.4807e-05,1.54306e-05,4.77376,5.03376e-06,1.56315e-05,-0.0553671,0.0625697,8.81661,0.014427,0.0143808,4.61897e-05,2.87442476601833e-06
"21",5018,3.35701,3.08724,3.23269,3.19416,3.2054,0.32488,1.57582,-4.6929,4.05807,3.09528,0.22737,-28.0364,0,289.941,280.941,0.00016218,4.49687,2.48193e-05,1.5418e-05,4.77394,5.03385e-06,1.56316e-05,-0.0553608,0.0625718,8.81666,0.014427,0.0143808,4.61905e-05,2.87436859318986e-06
"22",5269.07,3.35686,3.08725,3.2327,3.19417,3.20541,0.324877,1.57581,-4.69288,4.05814,3.09536,0.227374,-28.0362,0,289.941,280.941,0.000162179,4.49701,2.48306e-05,1.54064e-05,4.77413,5.03391e-06,1.56317e-05,-0.0553559,0.0625733,8.81671,0.014427,0.0143808,4.61912e-05,2.87431242254524e-06
"23",5519.26,3.35676,3.08726,3.23271,3.19418,3.20542,0.324874,1.5758,-4.69285,4.0582,3.09544,0.227377,-28.036,0,289.94,280.94,0.000162177,4.4971,2.4841e-05,1.53956e-05,4.77433,5.03395e-06,1.56318e-05,-0.0553524,0.0625741,8.81674,0.014427,0.0143808,4.61916e-05,2.8742702959948e-06
"24",5770.33,3.35668,3.08726,3.23271,3.19419,3.20543,0.324872,1.57578,-4.69281,4.05826,3.09552,0.227378,-28.0359,0,289.94,280.94,0.000162176,4.49712,2.48506e-05,1.53857e-05,4.77452,5.03397e-06,1.56318e-05,-0.05535,0.0625743,8.81676,0.014427,0.0143808,4.6192e-05,2.87425625408426e-06
"25",6021.61,3.35664,3.08726,3.23272,3.19419,3.20543,0.324869,1.57577,-4.69276,4.05832,3.09559,0.227379,-28.0358,0,289.94,280.94,0.000162175,4.49709,2.48595e-05,1.53764e-05,4.77472,5.03398e-06,1.56317e-05,-0.0553488,0.062574,8.81677,0.014427,0.0143808,4.61921e-05,2.87424221231019e-06
"26",6271.92,3.35663,3.08726,3.23272,3.19419,3.20543,0.324866,1.57576,-4.69271,4.05838,3.09566,0.22738,-28.0357,0,289.94,280.94,0.000162173,4.49702,2.48679e-05,1.53677e-05,4.77492,5.03397e-06,1.56316e-05,-0.0553484,0.0625733,8.81677,0.014427,0.0143808,4.61922e-05,2.87422817067257e-06
"27",6522.95,3.35665,3.08726,3.23272,3.19419,3.20542,0.324864,1.57574,-4.69265,4.05844,3.09574,0.227379,-28.0357,0,289.94,280.94,0.000162172,4.4969,2.48757e-05,1.53596e-05,4.77513,5.03395e-06,1.56314e-05,-0.055349,0.0625721,8.81677,0.014427,0.0143808,4.61921e-05,2.87424221231019e-06
"28",6773.63,3.35668,3.08726,3.23271,3.19418,3.20542,0.324861,1.57573,-4.69258,4.0585,3.09581,0.227378,-28.0357,0,289.94,280.94,0.000162171,4.49673,2.4883e-05,1.53519e-05,4.77533,5.03392e-06,1.56313e-05,-0.0553504,0.0625705,8.81676,0.014427,0.0143808,4.6192e-05,2.87425625408426e-06
"29",7024.26,3.35674,3.08725,3.23271,3.19418,3.20541,0.324858,1.57572,-4.69251,4.05856,3.09587,0.227377,-28.0357,0,289.94,280.94,0.000162169,4.49654,2.489e-05,1.53446e-05,4.77554,5.03388e-06,1.5631e-05,-0.0553524,0.0625685,8.81674,0.014427,0.0143808,4.61918e-05,2.8742702959948e-06
"30",7275.73,3.35682,3.08725,3.2327,3.19417,3.20539,0.324856,1.5757,-4.69243,4.05861,3.09594,0.227375,-28.0357,0,289.94,280.94,0.000162168,4.4963,2.48966e-05,1.53377e-05,4.77575,5.03382e-06,1.56308e-05,-0.0553552,0.0625661,8.81672,0.014427,0.0143808,4.61914e-05,2.87429838022529e-06
"31",7529.76,3.35691,3.08724,3.23269,3.19416,3.20538,0.324853,1.57569,-4.69235,4.05867,3.09601,0.227373,-28.0357,0,289.941,280.941,0.000162167,4.49603,2.49029e-05,1.5331e-05,4.77596,5.03376e-06,1.56305e-05,-0.0553586,0.0625635,8.81669,0.014427,0.0143808,4.6191e-05,2.87432646500167e-06
"32",7780.79,3.35702,3.08723,3.23268,3.19414,3.20536,0.32485,1.57568,-4.69227,4.05872,3.09607,0.22737,-28.0358,0,289.941,280.941,0.000162165,4.49574,2.49089e-05,1.53247e-05,4.77617,5.03369e-06,1.56302e-05,-0.0553626,0.0625605,8.81666,0.014427,0.0143808,4.61905e-05,2.87436859318986e-06
"33",8031.48,3.35715,3.08722,3.23267,3.19413,3.20535,0.324848,1.57566,-4.69219,4.05877,3.09613,0.227368,-28.0358,0,289.941,280.941,0.000162164,4.49542,2.49146e-05,1.53187e-05,4.77638,5.03361e-06,1.56299e-05,-0.055367,0.0625573,8.81662,0.014427,0.0143808,4.619e-05,2.8743966793311e-06
"34",8282.11,3.35729,3.08721,3.23266,3.19411,3.20533,0.324845,1.57565,-4.6921,4.05883,3.09619,0.227364,-28.0359,0,289.942,280.942,0.000162163,4.49507,2.49201e-05,1.53129e-05,4.7766,5.03352e-06,1.56295e-05,-0.055372,0.0625538,8.81658,0.014427,0.0143808,4.61894e-05,2.87445285325157e-06
"35",8533.58,3.35744,3.0872,3.23265,3.19409,3.2053,0.324843,1.57564,-4.69201,4.05888,3.09625,0.227361,-28.036,0,289.942,280.942,0.000162161,4.4947,2.49254e-05,1.53073e-05,4.77681,5.03343e-06,1.56291e-05,-0.0553774,0.0625501,8.81654,0.014427,0.0143808,4.61887e-05,2.87449498512528e-06
"36",8787.61,3.35761,3.08719,3.23263,3.19407,3.20528,0.32484,1.57563,-4.69191,4.05893,3.09631,0.227357,-28.0361,0,289.942,280.942,0.00016216,4.4943,2.49305e-05,1.53018e-05,4.77703,5.03333e-06,1.56287e-05,-0.0553833,0.0625461,8.81649,0.014427,0.0143808,4.6188e-05,2.87455116286819e-06
"37",9038.64,3.35778,3.08717,3.23262,3.19405,3.20526,0.324838,1.57561,-4.69181,4.05898,3.09637,0.227353,-28.0362,0,289.943,280.943,0.000162159,4.49388,2.49354e-05,1.52966e-05,4.77724,5.03323e-06,1.56283e-05,-0.0553895,0.0625419,8.81644,0.014427,0.0143808,4.61873e-05,2.87460734279565e-06
"38",9289.33,3.35797,3.08716,3.2326,3.19403,3.20523,0.324835,1.5756,-4.69172,4.05903,3.09642,0.227348,-28.0363,0,289.943,280.943,0.000162158,4.49345,2.49402e-05,1.52916e-05,4.77745,5.03312e-06,1.56279e-05,-0.055396,0.0625376,8.81638,0.014427,0.0143808,4.61865e-05,2.8746775707773e-06
"39",9539.96,3.35816,3.08715,3.23259,3.19401,3.2052,0.324833,1.57559,-4.69162,4.05908,3.09648,0.227344,-28.0364,0,289.944,280.944,0.000162157,4.493,2.49448e-05,1.52867e-05,4.77767,5.033e-06,1.56275e-05,-0.0554029,0.062533,8.81633,0.014427,0.0143808,4.61856e-05,2.87473375562075e-06
"40",9791.42,3.35837,3.08713,3.23257,3.19398,3.20518,0.32483,1.57558,-4.69152,4.05913,3.09653,0.227339,-28.0366,0,289.944,280.944,0.000162155,4.49253,2.49492e-05,1.5282e-05,4.77788,5.03288e-06,1.5627e-05,-0.0554101,0.0625283,8.81627,0.014427,0.0143808,4.61848e-05,2.87480398974807e-06
"41",10045.5,3.35858,3.08712,3.23255,3.19396,3.20515,0.324828,1.57557,-4.69141,4.05917,3.09658,0.227334,-28.0367,0,289.945,280.945,0.000162154,4.49203,2.49536e-05,1.52773e-05,4.7781,5.03276e-06,1.56266e-05,-0.0554177,0.0625234,8.81621,0.014427,0.0143808,4.61838e-05,2.87487422729024e-06
"42",10296.5,3.3588,3.0871,3.23253,3.19393,3.20512,0.324826,1.57555,-4.69131,4.05922,3.09663,0.227329,-28.0369,0,289.946,280.946,0.000162153,4.49153,2.49578e-05,1.52728e-05,4.77831,5.03263e-06,1.56261e-05,-0.0554255,0.0625184,8.81614,0.014427,0.0143808,4.61829e-05,2.87494446824766e-06
"43",10547.2,3.35903,3.08708,3.23252,3.19391,3.20509,0.324823,1.57554,-4.6912,4.05926,3.09668,0.227323,-28.0371,0,289.946,280.946,0.000162152,4.49102,2.49619e-05,1.52684e-05,4.77852,5.0325e-06,1.56256e-05,-0.0554334,0.0625133,8.81608,0.014427,0.0143808,4.61819e-05,2.87502876190529e-06
"44",10797.8,3.35926,3.08707,3.2325,3.19388,3.20505,0.324821,1.57553,-4.69109,4.05931,3.09673,0.227318,-28.0372,0,289.947,280.947,0.000162151,4.49049,2.49659e-05,1.52641e-05,4.77873,5.03237e-06,1.56251e-05,-0.0554417,0.062508,8.81601,0.014427,0.0143808,4.61809e-05,2.87509901037773e-06
"45",11049.3,3.3595,3.08705,3.23248,3.19385,3.20502,0.324819,1.57552,-4.69099,4.05935,3.09678,0.227312,-28.0374,0,289.947,280.947,0.00016215,4.48995,2.49698e-05,1.526e-05,4.77894,5.03223e-06,1.56246e-05,-0.0554501,0.0625026,8.81594,0.014427,0.0143808,4.61799e-05,2.87518331305459e-06
"46",11303.3,3.35975,3.08703,3.23245,3.19382,3.20499,0.324817,1.57551,-4.69088,4.0594,3.09683,0.227306,-28.0376,0,289.948,280.948,0.000162149,4.48939,2.49736e-05,1.52559e-05,4.77916,5.03209e-06,1.56241e-05,-0.0554589,0.062497,8.81587,0.014427,0.0143808,4.61788e-05,2.87526762065205e-06
"47",11554.3,3.36,3.08701,3.23243,3.19379,3.20495,0.324815,1.5755,-4.69077,4.05944,3.09688,0.2273,-28.0378,0,289.949,280.949,0.000162148,4.48883,2.49773e-05,1.52519e-05,4.77937,5.03195e-06,1.56236e-05,-0.0554677,0.0624914,8.81579,0.014427,0.0143808,4.61777e-05,2.87535193317084e-06
"48",11805,3.36025,3.08699,3.23241,3.19376,3.20492,0.324813,1.57549,-4.69066,4.05948,3.09692,0.227294,-28.038,0,289.949,280.949,0.000162146,4.48826,2.49809e-05,1.52481e-05,4.77958,5.0318e-06,1.56231e-05,-0.0554767,0.0624857,8.81572,0.014427,0.0143808,4.61766e-05,2.87543625061165e-06
"49",12055.7,3.36051,3.08697,3.23239,3.19373,3.20488,0.324811,1.57548,-4.69055,4.05952,3.09697,0.227288,-28.0382,0,289.95,280.95,0.000162145,4.48768,2.49844e-05,1.52443e-05,4.77978,5.03166e-06,1.56226e-05,-0.0554859,0.0624799,8.81564,0.014427,0.0143808,4.61755e-05,2.87552057297523e-06
"50",12307.1,3.36078,3.08695,3.23237,3.1937,3.20485,0.324809,1.57547,-4.69044,4.05956,3.09701,0.227282,-28.0384,0,289.951,280.951,0.000162144,4.48709,2.49878e-05,1.52406e-05,4.77999,5.03151e-06,1.56221e-05,-0.0554953,0.062474,8.81557,0.014427,0.0143809,4.61744e-05,2.87560490026227e-06
"51",12561.2,3.36105,3.08693,3.23235,3.19367,3.20481,0.324807,1.57546,-4.69032,4.0596,3.09705,0.227275,-28.0386,0,289.951,280.951,0.000162143,4.48649,2.49912e-05,1.5237e-05,4.7802,5.03135e-06,1.56215e-05,-0.0555048,0.062468,8.81549,0.014427,0.0143809,4.61732e-05,2.87570328832084e-06
"52",12812.2,3.36132,3.08691,3.23232,3.19364,3.20477,0.324805,1.57545,-4.69021,4.05964,3.09709,0.227269,-28.0388,0,289.952,280.952,0.000162142,4.48588,2.49945e-05,1.52335e-05,4.78041,5.0312e-06,1.5621e-05,-0.0555144,0.0624619,8.81541,0.014427,0.0143809,4.6172e-05,2.87578762627788e-06
"53",13062.9,3.36159,3.08689,3.2323,3.1936,3.20474,0.324803,1.57544,-4.6901,4.05968,3.09714,0.227263,-28.039,0,289.953,280.953,0.000162142,4.48527,2.49976e-05,1.52301e-05,4.78061,5.03105e-06,1.56204e-05,-0.0555241,0.0624558,8.81533,0.014427,0.0143809,4.61709e-05,2.87587196916067e-06
"54",13313.5,3.36187,3.08687,3.23228,3.19357,3.2047,0.324801,1.57543,-4.68999,4.05972,3.09718,0.227256,-28.0392,0,289.953,280.953,0.000162141,4.48466,2.50007e-05,1.52268e-05,4.78081,5.03089e-06,1.56199e-05,-0.0555339,0.0624497,8.81525,0.014427,0.0143809,4.61697e-05,2.87597037541715e-06
"55",13565,3.36215,3.08685,3.23225,3.19354,3.20466,0.324799,1.57542,-4.68988,4.05976,3.09721,0.227249,-28.0394,0,289.954,280.954,0.00016214,4.48404,2.50037e-05,1.52236e-05,4.78102,5.03074e-06,1.56194e-05,-0.0555438,0.0624435,8.81517,0.014427,0.0143809,4.61685e-05,2.87606878838025e-06
"56",13819,3.36244,3.08683,3.23223,3.1935,3.20462,0.324797,1.57541,-4.68976,4.05979,3.09725,0.227243,-28.0396,0,289.955,280.955,0.000162139,4.48341,2.50067e-05,1.52204e-05,4.78122,5.03058e-06,1.56188e-05,-0.0555539,0.0624372,8.81509,0.014427,0.0143809,4.61672e-05,2.8761531476874e-06
"57",14070,3.36272,3.08681,3.2322,3.19347,3.20458,0.324796,1.5754,-4.68965,4.05983,3.09729,0.227236,-28.0399,0,289.956,280.956,0.000162138,4.48278,2.50095e-05,1.52173e-05,4.78142,5.03042e-06,1.56183e-05,-0.055564,0.0624309,8.815,0.014427,0.0143809,4.6166e-05,2.87625157310867e-06
"58",14320.7,3.36301,3.08679,3.23218,3.19343,3.20455,0.324794,1.57539,-4.68954,4.05986,3.09733,0.227229,-28.0401,0,289.956,280.956,0.000162137,4.48215,2.50123e-05,1.52144e-05,4.78162,5.03026e-06,1.56177e-05,-0.0555741,0.0624246,8.81492,0.014427,0.0143809,4.61648e-05,2.87635000523982e-06
"59",14571.3,3.36329,3.08677,3.23215,3.1934,3.20451,0.324792,1.57538,-4.68943,4.0599,3.09736,0.227222,-28.0403,0,289.957,280.957,0.000162136,4.48151,2.50149e-05,1.52115e-05,4.78182,5.0301e-06,1.56172e-05,-0.0555842,0.0624183,8.81484,0.014427,0.0143809,4.61635e-05,2.876448444082e-06
"60",14822.8,3.36358,3.08674,3.23213,3.19337,3.20447,0.324791,1.57537,-4.68931,4.05993,3.0974,0.227216,-28.0405,0,289.958,280.958,0.000162135,4.48088,2.50175e-05,1.52087e-05,4.78201,5.02994e-06,1.56166e-05,-0.0555945,0.0624119,8.81475,0.014427,0.0143809,4.61623e-05,2.87653282557473e-06
"61",15076.8,3.36387,3.08672,3.23211,3.19333,3.20443,0.324789,1.57537,-4.6892,4.05997,3.09743,0.227209,-28.0408,0,289.959,280.959,0.000162135,4.48023,2.50201e-05,1.5206e-05,4.78221,5.02978e-06,1.56161e-05,-0.0556048,0.0624054,8.81467,0.014427,0.0143809,4.6161e-05,2.87663127688327e-06
"62",15327.9,3.36417,3.0867,3.23208,3.1933,3.20439,0.324787,1.57536,-4.68909,4.06,3.09747,0.227202,-28.041,0,289.959,280.959,0.000162134,4.47959,2.50225e-05,1.52033e-05,4.7824,5.02962e-06,1.56155e-05,-0.0556151,0.062399,8.81458,0.014427,0.0143809,4.61598e-05,2.87672973490611e-06
"63",15578.6,3.36446,3.08668,3.23206,3.19326,3.20435,0.324786,1.57535,-4.68898,4.06003,3.0975,0.227195,-28.0412,0,289.96,280.96,0.000162133,4.47895,2.50249e-05,1.52008e-05,4.78259,5.02946e-06,1.5615e-05,-0.0556254,0.0623927,8.8145,0.014427,0.0143809,4.61585e-05,2.87682819964438e-06
"64",15829.2,3.36475,3.08666,3.23203,3.19323,3.20431,0.324784,1.57534,-4.68887,4.06007,3.09753,0.227188,-28.0415,0,289.961,280.961,0.000162132,4.47831,2.50271e-05,1.51983e-05,4.78278,5.0293e-06,1.56144e-05,-0.0556357,0.0623863,8.81442,0.014427,0.0143809,4.61573e-05,2.87692667109924e-06
"65",16080.7,3.36504,3.08664,3.23201,3.19319,3.20427,0.324783,1.57533,-4.68876,4.0601,3.09756,0.227181,-28.0417,0,289.962,280.962,0.000162132,4.47767,2.50293e-05,1.5196e-05,4.78297,5.02914e-06,1.56139e-05,-0.055646,0.0623799,8.81433,0.014427,0.0143809,4.6156e-05,2.87702514927183e-06
"66",16334.7,3.36533,3.08661,3.23198,3.19316,3.20423,0.324782,1.57533,-4.68865,4.06013,3.0976,0.227174,-28.0419,0,289.962,280.962,0.000162131,4.47702,2.50315e-05,1.51936e-05,4.78316,5.02898e-06,1.56133e-05,-0.0556565,0.0623734,8.81424,0.014427,0.0143809,4.61547e-05,2.8771236341633e-06
"67",16585.7,3.36563,3.08659,3.23196,3.19312,3.20419,0.32478,1.57532,-4.68854,4.06016,3.09763,0.227167,-28.0422,0,289.963,280.963,0.00016213,4.47638,2.50336e-05,1.51914e-05,4.78334,5.02882e-06,1.56128e-05,-0.0556668,0.062367,8.81416,0.014427,0.0143809,4.61535e-05,2.87722212577478e-06
"68",16836.4,3.36592,3.08657,3.23193,3.19309,3.20415,0.324779,1.57531,-4.68843,4.06019,3.09765,0.22716,-28.0424,0,289.964,280.964,0.00016213,4.47575,2.50355e-05,1.51893e-05,4.78353,5.02866e-06,1.56123e-05,-0.0556771,0.0623607,8.81408,0.014427,0.0143809,4.61522e-05,2.87732062410744e-06
"69",17087,3.36621,3.08655,3.23191,3.19305,3.20411,0.324778,1.57531,-4.68833,4.06022,3.09768,0.227153,-28.0426,0,289.965,280.965,0.000162129,4.47511,2.50374e-05,1.51872e-05,4.78371,5.0285e-06,1.56117e-05,-0.0556873,0.0623544,8.81399,0.014427,0.0143809,4.6151e-05,2.87741912916241e-06
"70",17338.5,3.3665,3.08653,3.23188,3.19302,3.20407,0.324776,1.5753,-4.68822,4.06025,3.09771,0.227147,-28.0429,0,289.965,280.965,0.000162128,4.47448,2.50392e-05,1.51852e-05,4.78389,5.02834e-06,1.56112e-05,-0.0556976,0.0623481,8.81391,0.014427,0.0143809,4.61497e-05,2.87750356741795e-06
"71",17592.5,3.36679,3.0865,3.23186,3.19298,3.20403,0.324775,1.57529,-4.68811,4.06028,3.09774,0.22714,-28.0431,0,289.966,280.966,0.000162128,4.47384,2.5041e-05,1.51833e-05,4.78407,5.02819e-06,1.56107e-05,-0.0557079,0.0623417,8.81382,0.014427,0.0143809,4.61485e-05,2.87760208496026e-06
"72",17843.6,3.36707,3.08648,3.23183,3.19295,3.20399,0.324774,1.57529,-4.68801,4.0603,3.09777,0.227133,-28.0434,0,289.967,280.967,0.000162127,4.47322,2.50427e-05,1.51815e-05,4.78424,5.02803e-06,1.56101e-05,-0.055718,0.0623354,8.81374,0.014427,0.0143809,4.61472e-05,2.87770060922816e-06
"73",18094.3,3.36736,3.08646,3.23181,3.19291,3.20396,0.324773,1.57528,-4.6879,4.06033,3.09779,0.227126,-28.0436,0,289.968,280.968,0.000162127,4.47259,2.50443e-05,1.51797e-05,4.78442,5.02787e-06,1.56096e-05,-0.0557281,0.0623292,8.81366,0.014427,0.0143809,4.6146e-05,2.87779914022281e-06
"74",18344.9,3.36764,3.08644,3.23178,3.19288,3.20392,0.324772,1.57528,-4.6878,4.06036,3.09782,0.22712,-28.0438,0,289.968,280.968,0.000162126,4.47198,2.50459e-05,1.5178e-05,4.78459,5.02772e-06,1.56091e-05,-0.0557381,0.0623231,8.81358,0.014427,0.0143809,4.61448e-05,2.87788360071588e-06
"75",18596.4,3.36793,3.08642,3.23176,3.19285,3.20388,0.324771,1.57527,-4.6877,4.06039,3.09785,0.227113,-28.044,0,289.969,280.969,0.000162126,4.47136,2.50474e-05,1.51764e-05,4.78476,5.02757e-06,1.56086e-05,-0.0557481,0.0623169,8.81349,0.014427,0.0143809,4.61436e-05,2.87798214420609e-06
"76",18850.4,3.36821,3.0864,3.23174,3.19281,3.20384,0.32477,1.57526,-4.68759,4.06041,3.09787,0.227106,-28.0443,0,289.97,280.97,0.000162125,4.47074,2.50488e-05,1.51749e-05,4.78493,5.02741e-06,1.56081e-05,-0.0557582,0.0623108,8.81341,0.014427,0.0143809,4.61423e-05,2.87808069442632e-06
"77",19101.4,3.36849,3.08638,3.23171,3.19278,3.2038,0.324769,1.57526,-4.68749,4.06044,3.0979,0.2271,-28.0445,0,289.97,280.97,0.000162125,4.47014,2.50501e-05,1.51734e-05,4.78509,5.02726e-06,1.56076e-05,-0.055768,0.0623047,8.81333,0.014427,0.0143809,4.61411e-05,2.87816517140109e-06
"78",19352.1,3.36876,3.08635,3.23169,3.19275,3.20377,0.324768,1.57525,-4.68739,4.06046,3.09792,0.227093,-28.0447,0,289.971,280.971,0.000162124,4.46954,2.50514e-05,1.5172e-05,4.78526,5.02711e-06,1.56071e-05,-0.0557777,0.0622988,8.81325,0.014427,0.0143809,4.614e-05,2.87826373412298e-06
"79",19602.7,3.36904,3.08633,3.23167,3.19271,3.20373,0.324767,1.57525,-4.6873,4.06049,3.09794,0.227087,-28.045,0,289.972,280.972,0.000162124,4.46894,2.50527e-05,1.51706e-05,4.78542,5.02696e-06,1.56066e-05,-0.0557874,0.0622928,8.81317,0.014427,0.0143809,4.61388e-05,2.87834822181515e-06
"80",19854.2,3.36931,3.08631,3.23164,3.19268,3.20369,0.324766,1.57524,-4.6872,4.06051,3.09797,0.22708,-28.0452,0,289.973,280.973,0.000162123,4.46835,2.50538e-05,1.51694e-05,4.78558,5.02682e-06,1.56061e-05,-0.055797,0.0622869,8.81309,0.014427,0.0143809,4.61376e-05,2.87844679704268e-06
"81",20106.4,4.4729,3.1217,3.23254,3.19653,3.2037,0.324988,1.5753,-6.60362,2.58391,3.06097,0.170356,-30.3704,5.71046e-05,292.425,283.425,0.000162234,4.52074,2.55458e-05,1.47048e-05,3.723,4.55199e-06,1.41385e-05,-0.0779311,0.0628112,8.53881,0.0108121,0.0119166,3.59359e-05,4.16709464003731e-06
"82",20357.2,6.00848,3.18823,3.24834,3.23052,3.20864,0.325677,1.57633,-7.05943,1.35138,2.51392,0.0927012,-32.8731,8.06667e-05,294.98,285.98,0.000162578,4.20929,2.02134e-05,2.01227e-05,3.01392,4.10688e-06,1.27743e-05,-0.0973574,0.059758,8.25796,0.0072135,0.00719226,2.25481e-05,8.61791593639689e-06
"83",20607.7,6.09004,3.203,3.26727,3.24449,3.21936,0.32593,1.57749,-6.69595,1.66405,2.16051,0.0922741,-32.5283,8.06667e-05,295.097,286.097,0.000162704,3.93564,1.24266e-05,2.79408e-05,3.50395,4.08852e-06,1.27239e-05,-0.0974667,0.0571979,8.24524,0.0072135,0.00719308,2.2477e-05,8.62405153055979e-06
"84",20857.8,6.19828,3.21831,3.28646,3.25851,3.23272,0.326195,1.57868,-6.73632,1.5947,1.89026,0.0917115,-32.6346,8.06667e-05,295.249,286.249,0.000162837,3.76221,8.8303e-06,3.15699e-05,3.49788,4.06439e-06,1.26557e-05,-0.0978402,0.0556326,8.22865,0.0072135,0.00719357,2.23832e-05,8.63209371717938e-06
"85",21109,6.32178,3.23569,3.30594,3.27442,3.24783,0.326471,1.5799,-6.88991,1.41717,1.64581,0.0910816,-32.872,8.06667e-05,295.42,286.42,0.000162974,3.65057,4.47673e-06,3.59577e-05,3.51845,4.03745e-06,1.2579e-05,-0.0982731,0.0546477,8.21008,0.0072135,0.0071938,2.22784e-05,8.64104474701035e-06
"86",21360.5,6.45205,3.25501,3.326,3.29232,3.26479,0.326756,1.58117,-7.07407,1.21061,1.41207,0.0904334,-33.1458,8.06667e-05,295.596,286.596,0.000163117,3.59087,1.16723e-06,3.93025e-05,3.50452,4.00978e-06,1.25002e-05,-0.0986128,0.0541282,8.1909,0.0072135,0.00719393,2.21706e-05,8.65019804450707e-06
"87",21612.4,6.58369,3.27582,3.34656,3.31177,3.28297,0.32705,1.58248,-7.26552,0.99753,1.18388,0.0897949,-33.427,8.06667e-05,295.771,286.771,0.000163263,3.56082,-1.52552e-07,4.06586e-05,3.422,3.98262e-06,1.24231e-05,-0.0988728,0.0538686,8.17194,0.0072135,0.00719395,2.20644e-05,8.6591579592134e-06
"88",21863.3,6.71399,3.29725,3.3673,3.33197,3.30159,0.32735,1.58382,-7.4567,0.785682,0.960507,0.0891798,-33.7057,8.06667e-05,295.941,286.941,0.000163413,3.5425,-7.21676e-08,4.06154e-05,3.29756,3.95649e-06,1.23492e-05,-0.0990381,0.0537109,8.15356,0.0072135,0.00719398,2.19623e-05,8.66773737307053e-06
"89",22114.5,6.8429,3.319,3.38815,3.35249,3.3204,0.327656,1.5852,-7.64645,0.575845,0.740327,0.0885863,-33.9809,8.06667e-05,296.106,287.106,0.000163566,3.52703,7.53137e-07,3.9828e-05,3.14552,3.93137e-06,1.22786e-05,-0.0991836,0.0535781,8.13575,0.0072135,0.00719397,2.18637e-05,8.67596772542729e-06
"90",22365,6.97043,3.34066,3.40896,3.373,3.33911,0.327969,1.58661,-7.83353,0.369399,0.523789,0.0880143,-34.2511,8.06667e-05,296.265,287.265,0.000163722,3.51053,1.86199e-06,3.87579e-05,2.96854,3.90718e-06,1.22109e-05,-0.0992893,0.0534369,8.11847,0.0072135,0.00719399,2.17688e-05,8.68385613977162e-06
"91",22616.6,7.09801,3.36231,3.42981,3.3935,3.35777,0.32829,1.58807,-8.01915,0.164856,0.309132,0.0874561,-34.5186,8.06667e-05,296.422,287.422,0.000163882,3.49138,3.31847e-06,3.73412e-05,2.75968,3.88362e-06,1.21453e-05,-0.0993801,0.0532734,8.10152,0.0072135,0.00719402,2.16763e-05,8.69151336206692e-06
"92",22866.9,7.22495,3.38362,3.45039,3.41368,3.37605,0.328615,1.58955,-8.20133,-0.0357649,0.0983798,0.0869142,-34.781,8.06667e-05,296.576,287.576,0.000164045,3.46789,5.17499e-06,3.5525e-05,2.5067,3.86078e-06,1.20819e-05,-0.0994714,0.0530736,8.08496,0.0072135,0.00719406,2.15865e-05,8.69890886103e-06
"93",23117.8,7.35312,3.40462,3.47075,3.43352,3.39386,0.328948,1.59106,-8.38152,-0.234155,-0.110412,0.0863803,-35.0411,8.06667e-05,296.728,287.728,0.000164211,3.43622,8.22663e-06,3.25146e-05,2.12707,3.83829e-06,1.20197e-05,-0.0995745,0.0528053,8.06856,0.0072135,0.00719412,2.14981e-05,8.70615891184515e-06
"94",23369.3,7.24837,3.41947,3.49033,3.45116,3.41078,0.32925,1.5926,-8.03917,0.0484923,-0.286057,0.0868037,-34.679,0,296.604,287.604,0.000164362,3.38823,1.02367e-05,3.05418e-05,2.09306,3.85882e-06,1.20915e-05,-0.0976259,0.0524013,8.08194,0.00721945,0.00719308,2.15682e-05,8.70041232608632e-06
"95",23619.6,7.00369,3.42788,3.50804,3.46475,3.42708,0.329504,1.59407,-7.76547,0.335904,-0.353295,0.0879405,-34.2313,0,296.307,287.307,0.000164488,3.37263,1.06148e-05,3.01952e-05,2.23872,3.90659e-06,1.22475e-05,-0.0944505,0.0522707,8.11402,0.007226,0.00719998,2.17566e-05,8.68487081088741e-06
"96",23870.4,6.79668,3.43601,3.52392,3.47747,3.44256,0.329751,1.59547,-7.70078,0.422821,-0.376903,0.0889528,-34.0256,0,296.047,287.047,0.000164612,3.38903,1.16399e-05,2.92006e-05,2.21538,3.94891e-06,1.23865e-05,-0.0915589,0.052408,8.14209,0.00723228,0.00720656,2.19246e-05,8.67089079723924e-06
"97",24122.5,6.61879,3.4441,3.53822,3.48969,3.45708,0.329992,1.59682,-7.69776,0.448728,-0.386881,0.089864,-33.9019,0,295.817,286.817,0.000164732,3.42418,1.30899e-05,2.77805e-05,2.11729,3.98679e-06,1.25114e-05,-0.0888929,0.0527036,8.16695,0.00723843,0.00721294,2.20759e-05,8.65819097064554e-06
"98",24373,6.46614,3.4519,3.55101,3.50118,3.47048,0.330225,1.59811,-7.71152,0.456128,-0.392323,0.0906801,-33.8109,0,295.615,286.615,0.000164848,3.46965,1.4624e-05,2.62752e-05,1.99497,4.0205e-06,1.26232e-05,-0.0864568,0.0530885,8.18885,0.00724437,0.00721907,2.22116e-05,8.64672121877893e-06
"99",24625.2,6.33226,3.45941,3.56266,3.51205,3.483,0.330453,1.59936,-7.72894,0.457966,-0.396132,0.0914244,-33.7351,0,295.434,286.434,0.000164962,3.5215,1.6112e-05,2.48155e-05,1.87226,4.05105e-06,1.27251e-05,-0.0842035,0.0535307,8.20852,0.0072502,0.00722508,2.23355e-05,8.63618039690831e-06
"100",24876.3,6.21529,3.46654,3.57323,3.52221,3.49457,0.330675,1.60057,-7.74614,0.458025,-0.399153,0.0920988,-33.6696,0,295.273,286.273,0.000165073,3.57633,1.75093e-05,2.34457e-05,1.76344,4.07854e-06,1.28172e-05,-0.0821361,0.0540024,8.22606,0.0072559,0.0072309,2.24478e-05,8.62656223601075e-06
"101",25128.1,6.11165,3.47331,3.58294,3.53177,3.5054,0.330892,1.60174,-7.7623,0.45748,-0.401715,0.0927171,-33.6115,0,295.127,286.127,0.000165181,3.63319,1.8509e-05,2.24729e-05,1.66951,4.10356e-06,1.29015e-05,-0.0802176,0.0544959,8.2419,0.00726148,0.00723661,2.25508e-05,8.61768701184926e-06
"102",25380.3,6.01922,3.47984,3.59197,3.54087,3.51567,0.331105,1.60287,-7.77729,0.456687,-0.403906,0.0932865,-33.5593,0,294.995,285.995,0.000165287,3.69343,1.91776e-05,2.18306e-05,1.59101,4.12644e-06,1.29791e-05,-0.0784205,0.0550237,8.25627,0.00726698,0.00724221,2.26457e-05,8.609464595022e-06
"103",25631.3,5.93631,3.48618,3.60038,3.54955,3.52543,0.331312,1.60397,-7.79114,0.455662,-0.405794,0.0938121,-33.5123,0,294.875,285.875,0.000165391,3.75559,1.97798e-05,2.12541e-05,1.53078,4.14742e-06,1.30506e-05,-0.0767591,0.0555737,8.26936,0.0072724,0.00724765,2.27334e-05,8.60183226465939e-06
"104",25881.7,5.86119,3.49231,3.60828,3.55788,3.53472,0.331514,1.60504,-7.80403,0.45458,-0.407443,0.0943018,-33.4694,0,294.765,285.765,0.000165492,3.81849,2.03648e-05,2.06941e-05,1.48546,4.16683e-06,1.3117e-05,-0.0751884,0.0561358,8.28139,0.0072777,0.00725299,2.28152e-05,8.59468411214294e-06
"105",26133.9,5.79181,3.49836,3.61593,3.56603,3.5439,0.331713,1.60609,-7.8162,0.453489,-0.408733,0.0947659,-33.4295,0,294.662,285.662,0.000165591,3.88603,1.98807e-05,2.12029e-05,1.64312,4.18511e-06,1.31799e-05,-0.0736701,0.0567458,8.29264,0.00728295,0.00725829,2.28927e-05,8.58787616098955e-06
"106",26384.2,5.72772,3.50433,3.62314,3.57399,3.55262,0.331907,1.60711,-7.82759,0.452399,-0.409837,0.0952043,-33.3924,0,294.566,285.566,0.000165688,3.95183,2.11453e-05,1.99623e-05,1.5456,4.20229e-06,1.32392e-05,-0.0722268,0.0573463,8.30317,0.00728812,0.00726344,2.2966e-05,8.58141491782993e-06
"107",26635.7,5.66803,3.50995,3.62993,3.58149,3.56078,0.332097,1.60811,-7.83833,0.451405,-0.410954,0.0956226,-33.3575,0,294.475,285.475,0.000165783,4.01189,2.21243e-05,1.90069e-05,1.48329,4.21856e-06,1.32956e-05,-0.0708469,0.0579,8.31308,0.00729322,0.00726858,2.30359e-05,8.57522216220591e-06
"108",26887.2,5.61276,3.51528,3.63638,3.58857,3.56855,0.332284,1.60909,-7.84841,0.450407,-0.411999,0.0960186,-33.325,0,294.39,285.39,0.000165876,4.06983,2.25254e-05,1.8629e-05,1.43678,4.23388e-06,1.33489e-05,-0.0695519,0.0584393,8.32236,0.00729824,0.00727363,2.31021e-05,8.56933430164692e-06
"109",27139.6,5.56123,3.52044,3.64257,3.59541,3.57606,0.332469,1.61005,-7.85793,0.449444,-0.412958,0.0963965,-33.2945,0,294.31,285.31,0.000165968,4.12704,2.29251e-05,1.82521e-05,1.4007,4.24838e-06,1.33996e-05,-0.0683044,0.0589767,8.3311,0.00730329,0.00727865,2.31653e-05,8.56369241808952e-06
"110",27391.7,5.51315,3.52544,3.64848,3.60201,3.58326,0.332649,1.61098,-7.86694,0.44848,-0.413839,0.0967565,-33.2659,0,294.235,285.235,0.000166059,4.18273,2.33523e-05,1.78473e-05,1.37146,4.2621e-06,1.34478e-05,-0.0671157,0.0595045,8.33933,0.00730823,0.0072836,2.32256e-05,8.55829654279685e-06
"111",27644.5,5.46804,3.53027,3.65416,3.60836,3.5902,0.332827,1.61191,-7.8755,0.447561,-0.414645,0.0971015,-33.2389,0,294.164,285.164,0.000166147,4.23682,2.32856e-05,1.7936e-05,1.47205,4.27516e-06,1.34938e-05,-0.0659694,0.0600217,8.34712,0.00731313,0.00728853,2.32834e-05,8.5531058675485e-06
"112",27896.9,5.42553,3.53504,3.6597,3.6146,3.59703,0.333002,1.61281,-7.88361,0.446691,-0.41524,0.0974326,-33.2134,0,294.096,285.096,0.000166235,4.292,2.39286e-05,1.73146e-05,1.43727,4.28763e-06,1.3538e-05,-0.0648611,0.060554,8.35452,0.00731799,0.00729338,2.33388e-05,8.54810608988967e-06
"113",28149.3,5.38548,3.53959,3.66493,3.62055,3.60342,0.333174,1.61369,-7.89128,0.445904,-0.41588,0.097751,-33.1891,0,294.032,285.032,0.00016632,4.34177,2.47228e-05,1.65417e-05,1.38589,4.29952e-06,1.35802e-05,-0.0638003,0.0610381,8.36156,0.00732284,0.0072982,2.33922e-05,8.54328109200957e-06
"114",28400.8,5.34814,3.54385,3.66987,3.62612,3.60939,0.333342,1.61456,-7.89848,0.445175,-0.416528,0.0980539,-33.1663,0,293.972,284.972,0.000166404,4.38679,2.54931e-05,1.57922e-05,1.3494,4.31074e-06,1.36203e-05,-0.0628027,0.0614794,8.36816,0.00732758,0.00730296,2.34429e-05,8.53867537787939e-06
"115",28652.6,5.31345,3.54785,3.67456,3.63136,3.61504,0.333508,1.61541,-7.90519,0.444534,-0.417159,0.0983421,-33.145,0,293.916,284.916,0.000166487,4.42848,2.58918e-05,1.54141e-05,1.31924,4.32131e-06,1.36582e-05,-0.0618546,0.0618908,8.37435,0.00733231,0.00730772,2.34913e-05,8.53427894256429e-06
"116",28902.8,5.28132,3.55169,3.67904,3.63636,3.62046,0.33367,1.61625,-7.91147,0.443883,-0.417735,0.0986144,-33.1252,0,293.863,284.863,0.000166568,4.46919,2.6132e-05,1.51941e-05,1.29382,4.33121e-06,1.3694e-05,-0.0609676,0.0622953,8.38011,0.00733697,0.00731237,2.35369e-05,8.53011219896473e-06
"117",29155.3,5.251,3.55547,3.68341,3.64125,3.62575,0.333832,1.61707,-7.91745,0.443257,-0.41827,0.0988771,-33.1065,0,293.813,284.813,0.000166649,4.50934,2.63921e-05,1.49539e-05,1.27187,4.34067e-06,1.37284e-05,-0.0601059,0.0626968,8.38559,0.00734163,0.00731705,2.3581e-05,8.52608042283174e-06
"118",29406.6,5.22266,3.55912,3.6876,3.64597,3.63083,0.333991,1.61788,-7.9231,0.442637,-0.418766,0.0991275,-33.0889,0,293.767,284.767,0.000166728,4.54801,2.66726e-05,1.46931e-05,1.25283,4.3496e-06,1.3761e-05,-0.0592862,0.0630859,8.39073,0.00734625,0.00732166,2.3623e-05,8.52222643301358e-06
"119",29656.9,5.1961,3.56266,3.69163,3.65051,3.63571,0.334147,1.61868,-7.92842,0.442047,-0.419231,0.099367,-33.0724,0,293.722,284.722,0.000166806,4.585,2.69751e-05,1.44099e-05,1.23603,4.35806e-06,1.37921e-05,-0.0585026,0.0634603,8.39558,0.00735083,0.00732622,2.36632e-05,8.51853010439677e-06
"120",29908.9,5.17095,3.5661,3.69554,3.65492,3.64044,0.334302,1.61947,-7.9335,0.441483,-0.419673,0.0995985,-33.0567,0,293.68,284.68,0.000166884,4.62046,2.73028e-05,1.41015e-05,1.22088,4.36615e-06,1.3822e-05,-0.0577475,0.0638214,8.4002,0.00735541,0.0073308,2.37021e-05,8.51494779051995e-06
"121",30160.2,5.1474,3.5694,3.69929,3.65914,3.64495,0.334455,1.62024,-7.93827,0.44097,-0.420094,0.0998201,-33.0419,0,293.641,284.641,0.00016696,4.6539,2.76514e-05,1.37718e-05,1.20723,4.37381e-06,1.38505e-05,-0.0570239,0.0641638,8.40454,0.00735995,0.00733535,2.37393e-05,8.51150991086117e-06
"122",30412,5.12526,3.57259,3.7029,3.6632,3.64928,0.334606,1.62101,-7.94278,0.440463,-0.420497,0.100033,-33.028,0,293.604,284.604,0.000167035,4.68535,2.80196e-05,1.34224e-05,1.19501,4.38109e-06,1.38777e-05,-0.0563409,0.0644875,8.40865,0.00736446,0.00733987,2.3775e-05,8.50819887902081e-06
"123",30663.2,5.10465,3.57563,3.70636,3.66708,3.65339,0.334756,1.62177,-7.947,0.440014,-0.420882,0.100236,-33.015,0,293.569,284.569,0.00016711,4.7146,2.84024e-05,1.30581e-05,1.18385,4.38793e-06,1.39036e-05,-0.0556876,0.06479,8.41249,0.00736892,0.00734436,2.38091e-05,8.50503435395225e-06
"124",30914.8,5.08541,3.57855,3.70967,3.67077,3.65732,0.334904,1.62251,-7.95094,0.43958,-0.421253,0.10043,-33.0028,0,293.536,284.536,0.000167184,4.74172,2.87969e-05,1.26819e-05,1.17362,4.39439e-06,1.39282e-05,-0.0550752,0.0650718,8.41608,0.00737342,0.00734883,2.38417e-05,8.50200328465319e-06
"125",31165.4,5.06768,3.58133,3.71283,3.67428,3.66102,0.33505,1.62325,-7.95458,0.4392,-0.421609,0.100614,-32.9915,0,293.506,284.506,0.000167257,4.76658,2.91959e-05,1.23009e-05,1.16414,4.40041e-06,1.39513e-05,-0.0544967,0.0653311,8.41941,0.00737785,0.00735327,2.38726e-05,8.49912224183358e-06
"126",31417.3,5.05127,3.58399,3.71586,3.67763,3.66455,0.335195,1.62398,-7.95796,0.438862,-0.421952,0.100789,-32.981,0,293.478,284.478,0.000167329,4.78944,2.95983e-05,1.19166e-05,1.15532,4.40606e-06,1.39733e-05,-0.0539487,0.0655705,8.4225,0.00738228,0.00735773,2.39021e-05,8.49637647673669e-06
"127",31669.8,5.0362,3.58653,3.71877,3.68081,3.66791,0.33534,1.62471,-7.96106,0.43854,-0.422279,0.100956,-32.9714,0,293.452,284.452,0.000167401,4.81055,2.98404e-05,1.16923e-05,1.14708,4.41131e-06,1.3994e-05,-0.0534401,0.0657923,8.42535,0.00738675,0.00736217,2.39301e-05,8.49375107656016e-06
"128",31921.4,5.02246,3.58898,3.72158,3.68387,3.67117,0.335482,1.62542,-7.9639,0.438308,-0.422571,0.101114,-32.9625,0,293.428,284.428,0.000167473,4.83137,2.99406e-05,1.16099e-05,1.13922,4.41616e-06,1.40134e-05,-0.0529442,0.0660119,8.42796,0.00739117,0.00736664,2.39568e-05,8.49126250728441e-06
"129",32173.1,5.00968,3.59141,3.72432,3.68687,3.67435,0.335624,1.62613,-7.96658,0.438004,-0.422835,0.101265,-32.9544,0,293.406,284.406,0.000167544,4.85198,3.00493e-05,1.15187e-05,1.13196,4.42073e-06,1.40318e-05,-0.0524853,0.0662299,8.43038,0.00739556,0.00737103,2.39821e-05,8.48887993942205e-06
"130",32425.7,4.99771,3.59382,3.727,3.68982,3.67747,0.335765,1.62684,-7.9691,0.437709,-0.423077,0.10141,-32.9467,0,293.385,284.385,0.000167614,4.87221,3.0166e-05,1.14195e-05,1.12508,4.42505e-06,1.40495e-05,-0.0520439,0.0664447,8.43266,0.00739996,0.00737542,2.40066e-05,8.48658811501476e-06
"131",32676.1,4.9866,3.59616,3.72959,3.69268,3.68048,0.335904,1.62753,-7.97145,0.437425,-0.4233,0.101549,-32.9396,0,293.366,284.366,0.000167683,4.8917,3.02881e-05,1.13146e-05,1.11863,4.42912e-06,1.40663e-05,-0.0516234,0.0666522,8.43479,0.00740431,0.00737977,2.403e-05,8.48438749657546e-06
"132",32927.1,4.97611,3.59847,3.73213,3.69548,3.68343,0.336043,1.62822,-7.97367,0.437123,-0.423509,0.101684,-32.9329,0,293.348,284.348,0.000167753,4.91056,3.04159e-05,1.12039e-05,1.11255,4.433e-06,1.40825e-05,-0.0512269,0.0668536,8.4368,0.00740866,0.00738409,2.40526e-05,8.48224679178436e-06
"133",33178.9,4.96623,3.60074,3.73462,3.69822,3.68631,0.336181,1.62891,-7.97578,0.436849,-0.423705,0.101815,-32.9265,0,293.331,284.331,0.000167821,4.92875,3.05487e-05,1.10882e-05,1.10671,4.43669e-06,1.40981e-05,-0.0508402,0.0670485,8.43869,0.00741299,0.00738842,2.40746e-05,8.48016628695282e-06
"134",33431.4,4.95693,3.60297,3.73706,3.70089,3.68911,0.336318,1.62959,-7.97776,0.436591,-0.423891,0.101941,-32.9206,0,293.315,284.315,0.00016789,4.94621,3.06854e-05,1.09685e-05,1.10113,4.44021e-06,1.41132e-05,-0.0504671,0.067236,8.44048,0.00741735,0.00739275,2.40959e-05,8.47816217917364e-06
"135",33682.4,4.94833,3.60511,3.73942,3.70349,3.69183,0.336454,1.63027,-7.97963,0.436422,-0.424067,0.102063,-32.915,0,293.3,284.3,0.000167958,4.96278,3.08241e-05,1.08466e-05,1.09568,4.44351e-06,1.41275e-05,-0.0500906,0.0674145,8.44214,0.00742163,0.00739709,2.41164e-05,8.47621886962208e-06
"136",33932.8,4.94019,3.60724,3.74173,3.70601,3.69446,0.336588,1.63094,-7.98135,0.436151,-0.424232,0.102181,-32.9098,0,293.285,284.285,0.000168025,4.9785,3.09643e-05,1.07231e-05,1.09077,4.44667e-06,1.41413e-05,-0.0497637,0.0675843,8.44371,0.00742595,0.00740136,2.41363e-05,8.47433662212832e-06
"137",34185,4.93262,3.6093,3.744,3.70848,3.69704,0.336723,1.63161,-7.983,0.435995,-0.424391,0.102296,-32.9048,0,293.272,284.272,0.000168092,4.99354,3.11066e-05,1.05974e-05,1.08583,4.44965e-06,1.41546e-05,-0.04942,0.0677471,8.44517,0.00743023,0.00740569,2.41556e-05,8.47249970948397e-06
"138",34436.7,4.92552,3.61134,3.74621,3.71088,3.69954,0.336857,1.63227,-7.9845,0.435768,-0.42454,0.102407,-32.9003,0,293.26,284.26,0.000168159,5.00774,3.12491e-05,1.04715e-05,1.08132,4.45248e-06,1.41674e-05,-0.049116,0.0679013,8.44655,0.00743456,0.00740997,2.41743e-05,8.4707243232257e-06
"139",34686.9,4.91905,3.61329,3.74835,3.7132,3.70195,0.336989,1.63292,-7.9859,0.43564,-0.424682,0.102514,-32.896,0,293.248,284.248,0.000168225,5.02109,3.13905e-05,1.03465e-05,1.07687,4.45512e-06,1.41795e-05,-0.0488036,0.0680464,8.4478,0.00743884,0.00741426,2.41922e-05,8.46901070740944e-06
"140",34939.8,4.91294,3.61524,3.75047,3.71548,3.70431,0.337122,1.63358,-7.98721,0.435442,-0.424817,0.102618,-32.8921,0,293.237,284.237,0.000168291,5.03381,3.15324e-05,1.02211e-05,1.07278,4.45764e-06,1.41913e-05,-0.0485252,0.0681851,8.44899,0.00744314,0.00741854,2.42097e-05,8.46734305363361e-06
"141",35190.9,4.90745,3.61711,3.75252,3.71769,3.70659,0.337253,1.63423,-7.98841,0.435344,-0.424945,0.102717,-32.8885,0,293.228,284.228,0.000168357,5.04571,3.16718e-05,1.0098e-05,1.06872,4.45997e-06,1.42024e-05,-0.0482382,0.068315,8.45006,0.00744739,0.00742283,2.42265e-05,8.46575366174901e-06
"142",35441.7,4.90235,3.61896,3.75452,3.71983,3.70881,0.337384,1.63488,-7.98949,0.435172,-0.425065,0.102813,-32.8852,0,293.219,284.219,0.000168422,5.05686,3.18087e-05,9.97728e-06,1.06508,4.46217e-06,1.42131e-05,-0.0479904,0.068437,8.45105,0.00745168,0.00742706,2.42427e-05,8.46421064532618e-06
"143",35693.1,4.89773,3.62076,3.75648,3.72191,3.71096,0.337515,1.63553,-7.99048,0.435046,-0.425178,0.102906,-32.8822,0,293.211,284.211,0.000168487,5.06736,3.19433e-05,9.85886e-06,1.06154,4.46422e-06,1.42233e-05,-0.0477459,0.068552,8.45195,0.00745593,0.00743132,2.42584e-05,8.46271416460281e-06
"144",35945.2,4.89357,3.62253,3.7584,3.72395,3.71305,0.337645,1.63617,-7.99138,0.43495,-0.425286,0.102996,-32.8795,0,293.203,284.203,0.000168552,5.07722,3.20751e-05,9.74323e-06,1.05815,4.46612e-06,1.4233e-05,-0.0475087,0.0686603,8.45276,0.00746019,0.0074356,2.42735e-05,8.4612643755398e-06
"145",36197.9,4.88985,3.62424,3.76028,3.72593,3.71509,0.337775,1.63681,-7.99218,0.434887,-0.425387,0.103083,-32.877,0,293.197,284.197,0.000168617,5.08647,3.22036e-05,9.63084e-06,1.05488,4.46788e-06,1.42423e-05,-0.0472766,0.068762,8.45348,0.00746449,0.0074399,2.42882e-05,8.45986142975591e-06
"146",36450.2,4.88651,3.62595,3.76211,3.72786,3.71707,0.337905,1.63745,-7.99289,0.434772,-0.425481,0.103167,-32.8749,0,293.191,284.191,0.000168682,5.0951,3.2328e-05,9.52251e-06,1.05192,4.46952e-06,1.42512e-05,-0.0470744,0.068857,8.45414,0.00746875,0.00744415,2.43023e-05,8.45850547446393e-06
"147",36703.6,4.88363,3.6276,3.76392,3.72975,3.71901,0.338035,1.63809,-7.99353,0.434739,-0.42557,0.103248,-32.8729,0,293.186,284.186,0.000168747,5.1032,3.24488e-05,9.41782e-06,1.04897,4.47102e-06,1.42596e-05,-0.0468629,0.0689463,8.4547,0.00747302,0.00744845,2.43159e-05,8.45719665240827e-06
"148",36953.8,4.88112,3.6292,3.76566,3.73157,3.72086,0.338163,1.63872,-7.99406,0.434678,-0.425652,0.103325,-32.8713,0,293.181,284.181,0.000168811,5.11065,3.25636e-05,9.31877e-06,1.04629,4.47239e-06,1.42676e-05,-0.0466759,0.0690285,8.45519,0.00747728,0.00745269,2.4329e-05,8.45595128301351e-06
"149",37207,4.87892,3.63082,3.76738,3.73336,3.72269,0.338292,1.63935,-7.99452,0.43458,-0.425729,0.103401,-32.8699,0,293.177,284.177,0.000168875,5.11768,3.26754e-05,9.223e-06,1.04382,4.47366e-06,1.42753e-05,-0.0465095,0.0691062,8.45562,0.00748155,0.00745693,2.43416e-05,8.45472095627874e-06
"150",37457.7,4.87713,3.63237,3.76906,3.7351,3.72446,0.338419,1.63998,-7.99491,0.43454,-0.4258,0.103473,-32.8687,0,293.174,284.174,0.000168939,5.12417,3.27816e-05,9.13256e-06,1.04142,4.4748e-06,1.42825e-05,-0.0463413,0.0691781,8.45597,0.00748578,0.00746117,2.43538e-05,8.45355434481293e-06
"151",37708.6,4.87566,3.63389,3.7707,3.73679,3.72618,0.338546,1.6406,-7.99522,0.434504,-0.425865,0.103542,-32.8677,0,293.171,284.171,0.000169002,5.13022,3.28834e-05,9.04654e-06,1.03918,4.47583e-06,1.42894e-05,-0.0461845,0.0692451,8.45626,0.00749001,0.0074654,2.43655e-05,8.45243539168632e-06
"152",37960.1,4.87454,3.63538,3.77232,3.73845,3.72787,0.338674,1.64123,-7.99546,0.434511,-0.425925,0.10361,-32.867,0,293.169,284.169,0.000169066,5.13588,3.2981e-05,8.96469e-06,1.03696,4.47675e-06,1.42959e-05,-0.0460248,0.0693077,8.45648,0.00749428,0.00746967,2.43769e-05,8.45133174323386e-06
"153",38211,4.87365,3.63687,3.7739,3.74007,3.72951,0.3388,1.64185,-7.99565,0.434451,-0.42598,0.103675,-32.8664,0,293.168,284.168,0.000169129,5.14113,3.30739e-05,8.88746e-06,1.03503,4.47759e-06,1.43022e-05,-0.0458949,0.0693659,8.45665,0.00749852,0.00747387,2.43878e-05,8.45027593708525e-06
"154",38462.5,4.87308,3.63832,3.77546,3.74167,3.73112,0.338927,1.64247,-7.99577,0.434439,-0.42603,0.103738,-32.866,0,293.167,284.167,0.000169193,5.14602,3.31628e-05,8.81431e-06,1.03312,4.47833e-06,1.43081e-05,-0.0457615,0.0694203,8.45677,0.00750275,0.00747811,2.43985e-05,8.44925182464261e-06
"155",38714.1,4.87276,3.63976,3.777,3.74323,3.7327,0.339054,1.64309,-7.99584,0.434434,-0.426075,0.103799,-32.8658,0,293.166,284.166,0.000169256,5.15059,3.32475e-05,8.74527e-06,1.03133,4.47899e-06,1.43138e-05,-0.0456362,0.069471,8.45683,0.00750699,0.00748236,2.44088e-05,8.44825947879682e-06
"156",38965.9,4.87269,3.64117,3.77851,3.74476,3.73424,0.339181,1.64371,-7.99585,0.434439,-0.426116,0.103859,-32.8657,0,293.166,284.166,0.000169319,5.15484,3.33283e-05,8.68021e-06,1.02964,4.47957e-06,1.43192e-05,-0.0455172,0.0695183,8.45684,0.00751124,0.00748661,2.44189e-05,8.44728268461488e-06
"157",39217.7,4.87285,3.64257,3.78001,3.74627,3.73576,0.339307,1.64433,-7.99581,0.434434,-0.426153,0.103916,-32.8658,0,293.166,284.166,0.000169382,5.1588,3.34051e-05,8.61901e-06,1.02807,4.48007e-06,1.43244e-05,-0.0454082,0.0695624,8.45681,0.00751548,0.00749085,2.44286e-05,8.44635407096648e-06
"158",39469.6,4.87323,3.64395,3.78148,3.74775,3.73725,0.339434,1.64495,-7.99572,0.434444,-0.426185,0.103972,-32.8661,0,293.167,284.167,0.000169445,5.16249,3.34783e-05,8.56147e-06,1.02658,4.48051e-06,1.43293e-05,-0.0453036,0.0696035,8.45674,0.00751973,0.0074951,2.4438e-05,8.445441122219e-06
"159",39722,4.87385,3.6453,3.78293,3.74921,3.73872,0.33956,1.64557,-7.99559,0.4345,-0.426213,0.104027,-32.8664,0,293.168,284.168,0.000169508,5.16594,3.35482e-05,8.50726e-06,1.02507,4.48086e-06,1.4334e-05,-0.045192,0.0696419,8.45662,0.00752402,0.00749939,2.44473e-05,8.44454387061174e-06
"160",39973.8,4.87458,3.64667,3.78436,3.75065,3.74016,0.339686,1.64619,-7.99542,0.434479,-0.426237,0.10408,-32.8669,0,293.17,284.17,0.000169571,5.16915,3.36145e-05,8.45663e-06,1.02382,4.48118e-06,1.43386e-05,-0.0451093,0.0696777,8.45647,0.00752827,0.00750361,2.44562e-05,8.44367867766359e-06
"161",40225.9,4.87553,3.648,3.78578,3.75206,3.74158,0.339812,1.6468,-7.99521,0.434506,-0.426258,0.104132,-32.8675,0,293.171,284.171,0.000169634,5.17215,3.36777e-05,8.409e-06,1.02256,4.48143e-06,1.43429e-05,-0.0450198,0.0697111,8.45629,0.00753252,0.00750786,2.4465e-05,8.44282926578495e-06
"162",40478.2,4.87665,3.64932,3.78719,3.75346,3.74298,0.339939,1.64742,-7.99496,0.434543,-0.426275,0.104183,-32.8682,0,293.173,284.173,0.000169697,5.17495,3.3738e-05,8.36433e-06,1.02136,4.48162e-06,1.43471e-05,-0.0449341,0.0697424,8.45607,0.00753678,0.00751213,2.44735e-05,8.44199566519373e-06
"163",40730.3,4.8779,3.65064,3.78857,3.75484,3.74435,0.340065,1.64804,-7.99468,0.434563,-0.426288,0.104232,-32.869,0,293.175,284.175,0.00016976,5.17757,3.37955e-05,8.32247e-06,1.02025,4.48177e-06,1.43511e-05,-0.0448568,0.0697716,8.45582,0.00754104,0.00751638,2.44819e-05,8.44119426569262e-06
"164",40982.6,4.87931,3.65194,3.78995,3.75621,3.74572,0.340191,1.64865,-7.99437,0.4346,-0.426298,0.104281,-32.87,0,293.178,284.178,0.000169823,5.18002,3.38504e-05,8.28318e-06,1.01918,4.48187e-06,1.4355e-05,-0.0447805,0.0697989,8.45555,0.0075453,0.00752064,2.44901e-05,8.44039238611732e-06
"165",41235,4.88085,3.65323,3.79131,3.75756,3.74706,0.340317,1.64927,-7.99404,0.434645,-0.426304,0.104329,-32.8709,0,293.181,284.181,0.000169886,5.18231,3.39029e-05,8.24633e-06,1.01817,4.48192e-06,1.43587e-05,-0.0447074,0.0698246,8.45524,0.00754957,0.00752491,2.44981e-05,8.43960640526031e-06
"166",41487.3,4.88251,3.65451,3.79267,3.7589,3.74839,0.340443,1.64988,-7.99367,0.434691,-0.426308,0.104375,-32.872,0,293.184,284.184,0.000169949,5.18447,3.3953e-05,8.21176e-06,1.01723,4.48194e-06,1.43623e-05,-0.0446392,0.0698486,8.45492,0.00755383,0.00752918,2.4506e-05,8.43885274004356e-06
"167",41740,4.88431,3.65577,3.79401,3.76022,3.74971,0.340569,1.6505,-7.99327,0.434769,-0.426308,0.104421,-32.8731,0,293.187,284.187,0.000170012,5.18649,3.40012e-05,8.17923e-06,1.01626,4.48192e-06,1.43658e-05,-0.0445649,0.0698712,8.45457,0.00755814,0.00753348,2.45138e-05,8.43809864988262e-06
"168",41992,4.88616,3.65705,3.79534,3.76153,3.75101,0.340694,1.65111,-7.99286,0.434791,-0.426306,0.104466,-32.8743,0,293.19,284.19,0.000170075,5.18838,3.40471e-05,8.14882e-06,1.01547,4.48187e-06,1.43692e-05,-0.0445111,0.0698924,8.45421,0.00756241,0.00753772,2.45214e-05,8.43736054122243e-06
"169",42244.4,4.88813,3.65831,3.79666,3.76283,3.75231,0.34082,1.65172,-7.99242,0.434854,-0.4263,0.104511,-32.8756,0,293.194,284.194,0.000170137,5.19017,3.40914e-05,8.12016e-06,1.01465,4.48179e-06,1.43724e-05,-0.0444498,0.0699124,8.45382,0.00756669,0.00754201,2.45289e-05,8.43662202475684e-06
"170",42496.6,4.89018,3.65956,3.79797,3.76412,3.75359,0.340946,1.65234,-7.99196,0.4349,-0.426292,0.104555,-32.8769,0,293.197,284.197,0.0001702,5.19185,3.41339e-05,8.09323e-06,1.01389,4.48168e-06,1.43756e-05,-0.0443953,0.0699311,8.45342,0.00757096,0.00754627,2.45362e-05,8.43589952491462e-06
"171",42748.9,4.89233,3.6608,3.79928,3.7654,3.75486,0.341072,1.65295,-7.99149,0.434965,-0.426281,0.104598,-32.8783,0,293.201,284.201,0.000170263,5.19343,3.41749e-05,8.06783e-06,1.01315,4.48154e-06,1.43787e-05,-0.0443392,0.0699489,8.453,0.00757524,0.00755055,2.45435e-05,8.43519306780485e-06
"172",43001.1,4.89454,3.66204,3.80058,3.76667,3.75612,0.341197,1.65356,-7.991,0.435029,-0.426268,0.104641,-32.8797,0,293.205,284.205,0.000170326,5.19493,3.42144e-05,8.04391e-06,1.01246,4.48138e-06,1.43817e-05,-0.0442872,0.0699657,8.45257,0.00757952,0.00755483,2.45507e-05,8.43448623682035e-06
"173",43253.8,4.89687,3.66326,3.80187,3.76794,3.75737,0.341323,1.65418,-7.99049,0.435132,-0.426252,0.104683,-32.8812,0,293.209,284.209,0.000170389,5.19635,3.42526e-05,8.02125e-06,1.01171,4.48119e-06,1.43846e-05,-0.0442256,0.0699816,8.45212,0.00758384,0.00755915,2.45579e-05,8.4337954823578e-06
"174",43505.7,4.89918,3.6645,3.80316,3.76919,3.75861,0.341449,1.65479,-7.98997,0.435163,-0.426233,0.104724,-32.8827,0,293.213,284.213,0.000170451,5.19769,3.42894e-05,7.99997e-06,1.01115,4.48099e-06,1.43876e-05,-0.0441872,0.0699965,8.45166,0.00758813,0.0075634,2.45649e-05,8.43312082948248e-06
"175",43757.9,4.9016,3.66572,3.80444,3.77044,3.75985,0.341575,1.6554,-7.98944,0.435237,-0.426212,0.104766,-32.8843,0,293.217,284.217,0.000170514,5.19896,3.43252e-05,7.97976e-06,1.01054,4.48077e-06,1.43904e-05,-0.0441391,0.0700108,8.45119,0.00759242,0.00756769,2.45718e-05,8.43242936784395e-06
"176",44010,4.90406,3.66694,3.80571,3.77169,3.76108,0.3417,1.65601,-7.98889,0.435315,-0.426189,0.104807,-32.8858,0,293.222,284.222,0.000170577,5.20017,3.4357e-05,7.96359e-06,1.00996,4.48053e-06,1.43931e-05,-0.0440932,0.0700244,8.45071,0.00759671,0.00757198,2.45787e-05,8.43175402374628e-06
"177",44262.2,4.90657,3.66816,3.80698,3.77293,3.76231,0.341826,1.65663,-7.98832,0.435398,-0.426163,0.104847,-32.8874,0,293.226,284.226,0.00017064,5.20141,3.43713e-05,7.96482e-06,1.00939,4.48027e-06,1.43958e-05,-0.0440479,0.0700383,8.45023,0.007601,0.00757629,2.45856e-05,8.43109482177236e-06
"178",44514.1,4.90911,3.66938,3.80825,3.77416,3.76353,0.341952,1.65724,-7.98776,0.435465,-0.426133,0.104888,-32.8891,0,293.231,284.231,0.000170702,5.20271,3.43863e-05,7.96538e-06,1.00886,4.48001e-06,1.43985e-05,-0.0440063,0.0700528,8.44973,0.0076053,0.00758057,2.45924e-05,8.43041880139871e-06
"179",44766.1,4.91166,3.6706,3.80952,3.7754,3.76476,0.342077,1.65785,-7.98719,0.435544,-0.426101,0.104928,-32.8907,0,293.235,284.235,0.000170765,5.20405,3.44018e-05,7.96543e-06,1.00833,4.47975e-06,1.44012e-05,-0.0439633,0.0700679,8.44924,0.0076096,0.00758487,2.45992e-05,8.42975893881707e-06
"180",45018.5,4.91427,3.6718,3.8108,3.77665,3.76599,0.342203,1.65846,-7.98661,0.435664,-0.426066,0.104968,-32.8923,0,293.24,284.24,0.000170828,5.20543,3.44177e-05,7.96508e-06,1.00772,4.47946e-06,1.44038e-05,-0.0439076,0.0700833,8.44873,0.00761394,0.0075892,2.4606e-05,8.42909874939843e-06
"181",45270,4.9168,3.67304,3.81206,3.77789,3.76722,0.342328,1.65907,-7.98604,0.435703,-0.426029,0.105008,-32.894,0,293.244,284.244,0.00017089,5.20682,3.44339e-05,7.96445e-06,1.00728,4.4792e-06,1.44064e-05,-0.0438755,0.0700989,8.44824,0.00761824,0.00759347,2.46128e-05,8.42843823273778e-06
"182",45521.9,4.91938,3.67426,3.81333,3.77913,3.76845,0.342454,1.65969,-7.98547,0.435788,-0.42599,0.105049,-32.8956,0,293.249,284.249,0.000170953,5.20823,3.44503e-05,7.96356e-06,1.00676,4.47893e-06,1.44091e-05,-0.0438317,0.0701147,8.44774,0.00762254,0.00759777,2.46196e-05,8.42776086312009e-06
"183",45773.7,4.92195,3.67548,3.8146,3.78037,3.76968,0.34258,1.6603,-7.98488,0.435879,-0.425949,0.105089,-32.8972,0,293.253,284.253,0.000171016,5.20964,3.4467e-05,7.96247e-06,1.00624,4.47865e-06,1.44117e-05,-0.0437867,0.0701306,8.44724,0.00762685,0.00760209,2.46264e-05,8.42709968255058e-06
"184",46025.4,4.92451,3.6767,3.81587,3.78162,3.77091,0.342705,1.66091,-7.9843,0.435951,-0.425905,0.105129,-32.8989,0,293.258,284.258,0.000171078,5.21107,3.44838e-05,7.9612e-06,1.00575,4.47838e-06,1.44144e-05,-0.0437459,0.0701466,8.44674,0.00763116,0.00760639,2.46332e-05,8.42643817350898e-06
"185",46277.1,4.92709,3.67792,3.81714,3.78286,3.77215,0.342831,1.66152,-7.98373,0.436038,-0.42586,0.105169,-32.9005,0,293.262,284.262,0.000171141,5.2125,3.45008e-05,7.95979e-06,1.00524,4.47811e-06,1.4417e-05,-0.0437018,0.0701627,8.44624,0.00763548,0.00761069,2.464e-05,8.42577633558704e-06
"186",46528.8,4.92965,3.67914,3.81841,3.7841,3.77338,0.342956,1.66213,-7.98315,0.436129,-0.425813,0.10521,-32.9021,0,293.267,284.267,0.000171204,5.21394,3.45178e-05,7.95824e-06,1.00474,4.47784e-06,1.44196e-05,-0.0436572,0.0701788,8.44575,0.00763979,0.00761501,2.46468e-05,8.42509760997283e-06
"187",46780.5,4.93221,3.68036,3.81968,3.78535,3.77461,0.343082,1.66274,-7.98257,0.436221,-0.425764,0.10525,-32.9037,0,293.271,284.271,0.000171266,5.21538,3.4535e-05,7.95659e-06,1.00425,4.47758e-06,1.44223e-05,-0.0436139,0.070195,8.44525,0.00764411,0.00761933,2.46536e-05,8.4244351048144e-06
"188",47032.4,4.9348,3.68158,3.82095,3.78659,3.77584,0.343207,1.66335,-7.98198,0.436344,-0.425713,0.105291,-32.9054,0,293.276,284.276,0.000171329,5.21683,3.45524e-05,7.95481e-06,1.00369,4.4773e-06,1.44249e-05,-0.0435612,0.0702112,8.44475,0.00764847,0.00762368,2.46605e-05,8.42375569442048e-06
"189",47283.6,4.93733,3.68281,3.82222,3.78783,3.77707,0.343333,1.66397,-7.9814,0.436407,-0.425661,0.105331,-32.907,0,293.28,284.28,0.000171392,5.21827,3.45697e-05,7.95297e-06,1.00327,4.47704e-06,1.44276e-05,-0.0435261,0.0702274,8.44426,0.00765279,0.00762797,2.46673e-05,8.42309252034133e-06
"190",47535.2,4.93989,3.68403,3.82349,3.78908,3.7783,0.343458,1.66458,-7.98081,0.436511,-0.425606,0.105372,-32.9086,0,293.285,284.285,0.000171454,5.21972,3.45872e-05,7.95103e-06,1.00277,4.47678e-06,1.44302e-05,-0.0434806,0.0702437,8.44377,0.00765711,0.0076323,2.46742e-05,8.42241242343788e-06
"191",47786.5,4.94243,3.68525,3.82476,3.79032,3.77953,0.343583,1.66519,-7.98022,0.436596,-0.42555,0.105412,-32.9102,0,293.289,284.289,0.000171517,5.22116,3.46048e-05,7.94901e-06,1.00231,4.47652e-06,1.44329e-05,-0.0434394,0.0702599,8.44328,0.00766144,0.00763662,2.4681e-05,8.42174857874695e-06
"192",48037.9,4.94499,3.68647,3.82603,3.79156,3.78076,0.343709,1.6658,-7.97964,0.4367,-0.425492,0.105453,-32.9118,0,293.294,284.294,0.000171579,5.22261,3.46224e-05,7.94691e-06,1.00182,4.47625e-06,1.44356e-05,-0.0433941,0.0702762,8.44278,0.00766577,0.00764095,2.46879e-05,8.42106779359711e-06
"193",48289.3,4.94753,3.68769,3.8273,3.79281,3.78199,0.343834,1.66641,-7.97905,0.436801,-0.425432,0.105494,-32.9134,0,293.298,284.298,0.000171642,5.22406,3.46401e-05,7.94475e-06,1.00135,4.47599e-06,1.44382e-05,-0.0433508,0.0702925,8.44229,0.0076701,0.00764528,2.46948e-05,8.42038665941134e-06
"194",48541,4.95012,3.6889,3.82857,3.79405,3.78323,0.34396,1.66702,-7.97846,0.436941,-0.42537,0.105535,-32.915,0,293.303,284.303,0.000171705,5.22551,3.46579e-05,7.9425e-06,1.00079,4.47572e-06,1.44408e-05,-0.0432957,0.0703089,8.44179,0.00767448,0.00764964,2.47017e-05,8.41970517574193e-06
"195",48791.9,4.95263,3.69013,3.82984,3.79529,3.78446,0.344085,1.66763,-7.97787,0.437006,-0.425306,0.105575,-32.9166,0,293.307,284.307,0.000171767,5.22696,3.46757e-05,7.94021e-06,1.00039,4.47547e-06,1.44435e-05,-0.0432621,0.0703251,8.44131,0.00767882,0.00765394,2.47085e-05,8.41903997639497e-06
"196",49043.2,4.95517,3.69135,3.8311,3.79654,3.78569,0.34421,1.66824,-7.97728,0.437115,-0.425241,0.105616,-32.9181,0,293.311,284.311,0.00017183,5.2284,3.46935e-05,7.93785e-06,0.999911,4.47521e-06,1.44462e-05,-0.0432171,0.0703414,8.44082,0.00768315,0.00765828,2.47154e-05,8.41835780096266e-06
"197",49294.4,4.95772,3.69257,3.83237,3.79778,3.78692,0.344335,1.66885,-7.97669,0.437226,-0.425173,0.105657,-32.9197,0,293.316,284.316,0.000171892,5.22985,3.47115e-05,7.93544e-06,0.999441,4.47495e-06,1.44488e-05,-0.0431727,0.0703577,8.44033,0.0076875,0.00766262,2.47223e-05,8.41767527470903e-06
"198",49545.5,4.96026,3.69379,3.83364,3.79902,3.78815,0.344461,1.66946,-7.97609,0.437344,-0.425104,0.105698,-32.9213,0,293.32,284.32,0.000171955,5.2313,3.47295e-05,7.93297e-06,0.998969,4.47469e-06,1.44515e-05,-0.0431276,0.0703739,8.43984,0.00769184,0.00766698,2.47292e-05,8.41699239718267e-06
"199",49796.5,4.9628,3.69501,3.83491,3.80026,3.78938,0.344586,1.67007,-7.97549,0.437446,-0.425033,0.105739,-32.9229,0,293.325,284.325,0.000172017,5.23274,3.47475e-05,7.93044e-06,0.998521,4.47443e-06,1.44541e-05,-0.0430859,0.0703902,8.43935,0.00769619,0.00767131,2.47361e-05,8.41630916793127e-06
"200",50047.5,4.96533,3.69623,3.83617,3.8015,3.7906,0.344711,1.67068,-7.9749,0.437561,-0.42496,0.10578,-32.9244,0,293.329,284.329,0.00017208,5.23418,3.47656e-05,7.92787e-06,0.998065,4.47418e-06,1.44568e-05,-0.0430424,0.0704064,8.43886,0.00770054,0.00767566,2.4743e-05,8.41562558650157e-06
"201",50299,4.96792,3.69743,3.83744,3.80274,3.79183,0.344836,1.67129,-7.97429,0.437718,-0.424886,0.105821,-32.926,0,293.334,284.334,0.000172142,5.23562,3.47837e-05,7.92522e-06,0.997515,4.47391e-06,1.44594e-05,-0.042986,0.0704227,8.43837,0.00770493,0.00768005,2.475e-05,8.41494165243939e-06
"202",50549.6,4.97042,3.69867,3.83871,3.80398,3.79306,0.344961,1.6719,-7.97369,0.437794,-0.424809,0.105862,-32.9276,0,293.338,284.338,0.000172205,5.23706,3.48019e-05,7.92255e-06,0.997139,4.47366e-06,1.44621e-05,-0.0429535,0.0704389,8.43789,0.00770928,0.00768436,2.47569e-05,8.41425736528961e-06
"203",50800.5,4.97296,3.69988,3.83997,3.80522,3.79429,0.345087,1.67251,-7.97309,0.437916,-0.424731,0.105903,-32.9292,0,293.342,284.342,0.000172267,5.2385,3.48201e-05,7.91982e-06,0.996681,4.4734e-06,1.44647e-05,-0.042909,0.0704551,8.4374,0.00771364,0.00768872,2.47638e-05,8.41357272459615e-06
"204",51051.4,4.9755,3.7011,3.84124,3.80646,3.79552,0.345212,1.67312,-7.97248,0.438045,-0.424651,0.105944,-32.9307,0,293.347,284.347,0.00017233,5.23993,3.48384e-05,7.91704e-06,0.996219,4.47315e-06,1.44674e-05,-0.0428635,0.0704712,8.43691,0.007718,0.00769309,2.47708e-05,8.41288772990201e-06
"205",51302.1,4.97804,3.70232,3.8425,3.8077,3.79674,0.345337,1.67373,-7.97188,0.438154,-0.42457,0.105985,-32.9323,0,293.351,284.351,0.000172392,5.24136,3.48567e-05,7.91422e-06,0.995786,4.47289e-06,1.44701e-05,-0.0428224,0.0704874,8.43643,0.00772236,0.00769744,2.47777e-05,8.41220238074924e-06
"206",51552.9,4.98058,3.70353,3.84377,3.80894,3.79797,0.345462,1.67434,-7.97128,0.438279,-0.424486,0.106026,-32.9338,0,293.356,284.356,0.000172455,5.24279,3.48751e-05,7.91135e-06,0.995333,4.47264e-06,1.44727e-05,-0.042778,0.0705035,8.43594,0.00772673,0.0077018,2.47846e-05,8.41151667667893e-06
"207",51803.7,4.98312,3.70475,3.84503,3.81018,3.7992,0.345587,1.67495,-7.97067,0.438409,-0.424401,0.106067,-32.9354,0,293.36,284.36,0.000172517,5.24421,3.48935e-05,7.90843e-06,0.994881,4.47238e-06,1.44753e-05,-0.0427332,0.0705196,8.43545,0.00773109,0.00770616,2.47915e-05,8.41083061723122e-06
"208",52054.4,4.98566,3.70597,3.8463,3.81142,3.80042,0.345712,1.67556,-7.97006,0.438539,-0.424314,0.106108,-32.9369,0,293.365,284.365,0.000172579,5.24564,3.49119e-05,7.90547e-06,0.994443,4.47213e-06,1.4478e-05,-0.0426899,0.0705356,8.43497,0.00773546,0.00771053,2.47985e-05,8.41014420194532e-06
"209",52305.4,4.98824,3.70717,3.84756,3.81265,3.80165,0.345837,1.67617,-7.96944,0.4387,-0.424225,0.106149,-32.9385,0,293.369,284.369,0.000172642,5.24706,3.49305e-05,7.90245e-06,0.993937,4.47186e-06,1.44806e-05,-0.0426371,0.0705517,8.43447,0.00773987,0.00771493,2.48055e-05,8.40945743035944e-06
"210",52555.7,4.99075,3.7084,3.84882,3.81389,3.80287,0.345962,1.67678,-7.96883,0.438801,-0.424134,0.10619,-32.94,0,293.373,284.373,0.000172704,5.24847,3.4949e-05,7.89942e-06,0.993562,4.47161e-06,1.44833e-05,-0.0426022,0.0705676,8.43399,0.00774425,0.00771928,2.48124e-05,8.40877030201088e-06
"211",52806.3,4.99329,3.70961,3.85009,3.81513,3.8041,0.346087,1.67738,-7.96821,0.438943,-0.424042,0.106232,-32.9416,0,293.378,284.378,0.000172767,5.24989,3.49675e-05,7.89632e-06,0.993117,4.47136e-06,1.44859e-05,-0.0425569,0.0705836,8.43351,0.00774862,0.00772367,2.48194e-05,8.4080660440285e-06
"212",53056.7,4.99583,3.71082,3.85135,3.81636,3.80532,0.346212,1.67799,-7.9676,0.439066,-0.423948,0.106273,-32.9431,0,293.382,284.382,0.000172829,5.2513,3.49861e-05,7.89319e-06,0.992701,4.4711e-06,1.44886e-05,-0.042516,0.0705995,8.43302,0.007753,0.00772803,2.48263e-05,8.40737819203253e-06
"213",53307.2,4.99838,3.71204,3.85261,3.8176,3.80654,0.346337,1.6786,-7.96698,0.439208,-0.423852,0.106314,-32.9447,0,293.387,284.387,0.000172891,5.2527,3.50048e-05,7.89001e-06,0.992259,4.47085e-06,1.44912e-05,-0.0424711,0.0706154,8.43254,0.00775738,0.00773241,2.48333e-05,8.40668998186855e-06
"214",53557.6,5.00092,3.71325,3.85387,3.81883,3.80776,0.346462,1.67921,-7.96636,0.439346,-0.423754,0.106355,-32.9462,0,293.391,284.391,0.000172954,5.2541,3.50235e-05,7.88679e-06,0.991838,4.47059e-06,1.44938e-05,-0.0424283,0.0706312,8.43205,0.00776177,0.0077368,2.48403e-05,8.40600141306994e-06
"215",53808.4,5.00351,3.71445,3.85513,3.82007,3.80899,0.346587,1.67982,-7.96573,0.439524,-0.423655,0.106397,-32.9478,0,293.396,284.396,0.000173016,5.2555,3.50423e-05,7.8835e-06,0.99133,4.47033e-06,1.44964e-05,-0.0423737,0.0706471,8.43156,0.00776619,0.00774121,2.48473e-05,8.40529567755951e-06
"216",54061.2,5.00604,3.71569,3.85641,3.82131,3.81022,0.346713,1.68043,-7.9651,0.439615,-0.423552,0.106438,-32.9493,0,293.4,284.4,0.000173079,5.25691,3.50612e-05,7.88019e-06,0.991006,4.47008e-06,1.44991e-05,-0.0423445,0.0706629,8.43108,0.00777063,0.00774561,2.48543e-05,8.40460638131201e-06
"217",54311.6,5.0086,3.7169,3.85767,3.82255,3.81144,0.346838,1.68104,-7.96448,0.439762,-0.423449,0.106479,-32.9509,0,293.404,284.404,0.000173141,5.2583,3.508e-05,7.87684e-06,0.990576,4.46982e-06,1.45018e-05,-0.0423001,0.0706787,8.43059,0.00777502,0.00775,2.48613e-05,8.40391672501271e-06
"218",54561.9,5.01115,3.71811,3.85893,3.82378,3.81266,0.346963,1.68165,-7.96385,0.439913,-0.423345,0.106521,-32.9524,0,293.409,284.409,0.000173204,5.25969,3.50989e-05,7.87344e-06,0.99015,4.46957e-06,1.45044e-05,-0.0422557,0.0706943,8.4301,0.00777942,0.00775439,2.48683e-05,8.40320987400467e-06
"219",54812.1,5.0137,3.71932,3.86019,3.82501,3.81388,0.347088,1.68226,-7.96322,0.440066,-0.423238,0.106562,-32.9539,0,293.413,284.413,0.000173266,5.26107,3.51178e-05,7.87002e-06,0.989733,4.46931e-06,1.4507e-05,-0.042212,0.07071,8.42962,0.00778381,0.0077588,2.48753e-05,8.40251948737853e-06
"220",55062.6,5.01627,3.72053,3.86145,3.82624,3.8151,0.347213,1.68287,-7.96259,0.440229,-0.42313,0.106604,-32.9555,0,293.418,284.418,0.000173328,5.26245,3.51367e-05,7.86654e-06,0.989286,4.46905e-06,1.45096e-05,-0.0421644,0.0707256,8.42913,0.00778825,0.00776321,2.48823e-05,8.40181188723994e-06
"221",55312.9,5.01886,3.72173,3.8627,3.82748,3.81632,0.347337,1.68348,-7.96197,0.440411,-0.423021,0.106645,-32.957,0,293.422,284.422,0.000173391,5.26382,3.51557e-05,7.86301e-06,0.988813,4.46878e-06,1.45122e-05,-0.0421125,0.0707411,8.42864,0.00779261,0.00776762,2.48892e-05,8.40112076835039e-06
"222",55563,5.02142,3.72294,3.86396,3.82871,3.81754,0.347462,1.68408,-7.96132,0.440566,-0.422909,0.106686,-32.9585,0,293.426,284.426,0.000173453,5.26519,3.51747e-05,7.85946e-06,0.988406,4.46853e-06,1.45148e-05,-0.0420695,0.0707566,8.42815,0.00779706,0.00777204,2.48963e-05,8.40042928702325e-06
"223",55815.7,5.02397,3.72418,3.86523,3.82995,3.81877,0.347588,1.6847,-7.96068,0.440677,-0.422795,0.106728,-32.9601,0,293.431,284.431,0.000173516,5.26656,3.51939e-05,7.85586e-06,0.988085,4.46828e-06,1.45175e-05,-0.0420387,0.0707722,8.42767,0.00780151,0.00777646,2.49033e-05,8.39972056399549e-06
"224",56065.7,5.02653,3.72538,3.86649,3.83118,3.81999,0.347713,1.68531,-7.96004,0.440839,-0.42268,0.106769,-32.9616,0,293.435,284.435,0.000173578,5.26792,3.5213e-05,7.85223e-06,0.987672,4.46802e-06,1.45201e-05,-0.0419945,0.0707875,8.42718,0.00780592,0.00778087,2.49103e-05,8.39902834749641e-06
"225",56319.2,5.02917,3.72659,3.86776,3.83242,3.82122,0.347839,1.68592,-7.9594,0.441034,-0.422562,0.106811,-32.9632,0,293.44,284.44,0.000173641,5.26929,3.52324e-05,7.84849e-06,0.987195,4.46775e-06,1.45227e-05,-0.0419411,0.0708031,8.42668,0.00781038,0.00778536,2.49174e-05,8.39831887036429e-06
"226",56571.9,5.03173,3.72782,3.86903,3.83367,3.82245,0.347966,1.68654,-7.95874,0.44117,-0.422442,0.106853,-32.9647,0,293.444,284.444,0.000173704,5.27065,3.52518e-05,7.84476e-06,0.986854,4.4675e-06,1.45254e-05,-0.0419062,0.0708185,8.4262,0.00781488,0.00778981,2.49245e-05,8.39760901087214e-06
"227",56824.9,5.03433,3.72904,3.8703,3.83491,3.82368,0.348092,1.68715,-7.95808,0.441333,-0.422321,0.106895,-32.9662,0,293.449,284.449,0.000173767,5.27201,3.52712e-05,7.84096e-06,0.986447,4.46723e-06,1.4528e-05,-0.0418623,0.0708339,8.4257,0.00781938,0.00779428,2.49316e-05,8.39689876850439e-06
"228",57075,5.03694,3.73024,3.87156,3.83614,3.82489,0.348217,1.68776,-7.95745,0.44153,-0.422199,0.106937,-32.9678,0,293.453,284.453,0.00017383,5.27335,3.52905e-05,7.83716e-06,0.985976,4.46696e-06,1.45306e-05,-0.0418091,0.0708491,8.42521,0.00782376,0.00779872,2.49386e-05,8.39618814274434e-06
"229",57327.5,5.0395,3.73147,3.87282,3.83737,3.82612,0.348343,1.68837,-7.95679,0.441655,-0.422074,0.106979,-32.9693,0,293.458,284.458,0.000173893,5.2747,3.53099e-05,7.83331e-06,0.985673,4.46671e-06,1.45333e-05,-0.0417787,0.0708643,8.42473,0.00782827,0.00780316,2.49457e-05,8.39547713307417e-06
"230",57580.2,5.04209,3.7327,3.87409,3.83861,3.82734,0.348469,1.68899,-7.95613,0.441815,-0.421948,0.107021,-32.9709,0,293.462,284.462,0.000173956,5.27604,3.53294e-05,7.82941e-06,0.985304,4.46645e-06,1.45359e-05,-0.0417388,0.0708796,8.42423,0.00783274,0.00780763,2.49528e-05,8.39476573897496e-06
"231",57833.1,5.04471,3.73391,3.87536,3.83985,3.82857,0.348595,1.6896,-7.95548,0.441996,-0.42182,0.107063,-32.9724,0,293.466,284.466,0.000174019,5.27738,3.5349e-05,7.82546e-06,0.984903,4.46619e-06,1.45385e-05,-0.0416939,0.0708947,8.42374,0.00783721,0.00781212,2.49599e-05,8.39405395992665e-06
"232",58086.1,5.04735,3.73512,3.87663,3.84109,3.8298,0.348721,1.69022,-7.95481,0.442201,-0.421689,0.107105,-32.9739,0,293.471,284.471,0.000174082,5.27871,3.53687e-05,7.82146e-06,0.984451,4.46592e-06,1.45411e-05,-0.0416419,0.0709099,8.42324,0.00784173,0.00781663,2.4967e-05,8.39334179540805e-06
"233",58338.5,5.04993,3.73635,3.87789,3.84233,3.83102,0.348847,1.69083,-7.95415,0.442342,-0.421558,0.107147,-32.9755,0,293.475,284.475,0.000174145,5.28003,3.53883e-05,7.81746e-06,0.984136,4.46566e-06,1.45438e-05,-0.0416088,0.0709249,8.42275,0.00784621,0.00782109,2.49741e-05,8.39262924489687e-06
"234",58591.5,5.05259,3.73755,3.87916,3.84357,3.83225,0.348973,1.69145,-7.95349,0.442559,-0.421425,0.107189,-32.977,0,293.48,284.48,0.000174208,5.28136,3.5408e-05,7.81337e-06,0.983673,4.46538e-06,1.45463e-05,-0.0415544,0.0709399,8.42225,0.00785069,0.00782561,2.49812e-05,8.39191630786964e-06
"235",58843.8,5.05517,3.73878,3.88042,3.84481,3.83347,0.349099,1.69206,-7.95281,0.442705,-0.42129,0.107231,-32.9785,0,293.484,284.484,0.00017427,5.28267,3.54277e-05,7.8093e-06,0.983369,4.46513e-06,1.4549e-05,-0.041522,0.0709548,8.42177,0.00785521,0.00783008,2.49883e-05,8.3912029838018e-06
"236",59096.4,5.05779,3.73999,3.88169,3.84604,3.83469,0.349225,1.69267,-7.95214,0.442886,-0.421153,0.107273,-32.9801,0,293.489,284.489,0.000174333,5.28398,3.54474e-05,7.80516e-06,0.982986,4.46486e-06,1.45516e-05,-0.0414785,0.0709696,8.42127,0.00785974,0.00783458,2.49954e-05,8.39048927216761e-06
"237",59348.8,5.06041,3.74121,3.88295,3.84728,3.83592,0.349351,1.69329,-7.95148,0.443057,-0.421015,0.107315,-32.9816,0,293.493,284.493,0.000174396,5.28528,3.54672e-05,7.801e-06,0.982634,4.4646e-06,1.45542e-05,-0.0414391,0.0709844,8.42078,0.00786423,0.00783906,2.50025e-05,8.38977517244022e-06
"238",59601,5.06302,3.74243,3.88421,3.84851,3.83714,0.349477,1.6939,-7.9508,0.44323,-0.420875,0.107357,-32.9831,0,293.498,284.498,0.000174459,5.28657,3.5487e-05,7.7968e-06,0.98229,4.46434e-06,1.45568e-05,-0.0414002,0.0709991,8.42029,0.00786872,0.00784355,2.50096e-05,8.38906068409161e-06
"239",59853.6,5.06565,3.74364,3.88548,3.84974,3.83836,0.349603,1.69452,-7.95013,0.443425,-0.420733,0.107399,-32.9847,0,293.502,284.502,0.000174522,5.28786,3.55068e-05,7.79256e-06,0.981909,4.46407e-06,1.45594e-05,-0.0413557,0.0710138,8.41979,0.00787321,0.00784806,2.50168e-05,8.38834580659262e-06
"240",60106.3,5.06832,3.74484,3.88674,3.85098,3.83958,0.34973,1.69513,-7.94945,0.44365,-0.42059,0.107441,-32.9862,0,293.507,284.507,0.000174585,5.28915,3.55268e-05,7.78825e-06,0.981465,4.46379e-06,1.4562e-05,-0.0413022,0.0710284,8.41929,0.00787775,0.0078526,2.50239e-05,8.38763053941294e-06
"241",60358.2,5.07092,3.74607,3.888,3.85221,3.84079,0.349855,1.69574,-7.94877,0.443796,-0.420445,0.107483,-32.9877,0,293.511,284.511,0.000174648,5.29042,3.55466e-05,7.78397e-06,0.981189,4.46353e-06,1.45646e-05,-0.0412722,0.0710429,8.4188,0.00788225,0.00785707,2.5031e-05,8.38691488202108e-06
"242",60611,5.07361,3.74726,3.88926,3.85344,3.84201,0.349982,1.69636,-7.9481,0.444032,-0.420299,0.107525,-32.9893,0,293.516,284.516,0.000174711,5.2917,3.55666e-05,7.77959e-06,0.980729,4.46325e-06,1.45671e-05,-0.0412161,0.0710574,8.4183,0.00788675,0.00786161,2.50381e-05,8.38619883388442e-06
"243",60862.8,5.0762,3.74849,3.89052,3.85467,3.84323,0.350107,1.69697,-7.94742,0.444181,-0.420151,0.107567,-32.9908,0,293.52,284.52,0.000174774,5.29296,3.55866e-05,7.77524e-06,0.980467,4.46299e-06,1.45698e-05,-0.0411872,0.0710717,8.41781,0.00789129,0.00786609,2.50452e-05,8.38548239446916e-06
"244",61114.8,5.07883,3.7497,3.89178,3.8559,3.84444,0.350233,1.69758,-7.94673,0.444365,-0.420001,0.107609,-32.9923,0,293.525,284.525,0.000174836,5.29422,3.56065e-05,7.77083e-06,0.98014,4.46272e-06,1.45723e-05,-0.0411488,0.071086,8.41732,0.0078958,0.00787059,2.50523e-05,8.38476556324033e-06
"245",61367,5.08148,3.75091,3.89304,3.85713,3.84566,0.350359,1.6982,-7.94605,0.44457,-0.41985,0.107651,-32.9939,0,293.529,284.529,0.000174899,5.29547,3.56266e-05,7.76637e-06,0.97978,4.46245e-06,1.45749e-05,-0.0411053,0.0711003,8.41682,0.00790031,0.00787512,2.50595e-05,8.3840483396618e-06
"246",61619.4,5.08415,3.75211,3.8943,3.85836,3.84688,0.350485,1.69881,-7.94535,0.444798,-0.419697,0.107694,-32.9954,0,293.534,284.534,0.000174962,5.29672,3.56467e-05,7.76187e-06,0.97937,4.46217e-06,1.45775e-05,-0.0410547,0.0711145,8.41632,0.00790486,0.00787967,2.50666e-05,8.38331363229691e-06
"247",61871.1,5.08677,3.75333,3.89555,3.85958,3.84809,0.350611,1.69942,-7.94466,0.444963,-0.419542,0.107736,-32.9969,0,293.538,284.538,0.000175025,5.29796,3.56668e-05,7.75738e-06,0.979097,4.46191e-06,1.45801e-05,-0.0410231,0.0711285,8.41583,0.00790938,0.00788416,2.50737e-05,8.38259561303201e-06
"248",62123.4,5.08947,3.75452,3.89681,3.86081,3.8493,0.350737,1.70004,-7.94398,0.445204,-0.419386,0.107778,-32.9984,0,293.543,284.543,0.000175088,5.29919,3.5687e-05,7.7528e-06,0.978676,4.46163e-06,1.45826e-05,-0.0409701,0.0711426,8.41532,0.0079139,0.00788872,2.50808e-05,8.38187719978906e-06
"249",62375,5.09208,3.75574,3.89807,3.86204,3.85051,0.350863,1.70065,-7.94327,0.445374,-0.419228,0.10782,-33,0,293.547,284.547,0.000175151,5.30042,3.57071e-05,7.74825e-06,0.978415,4.46136e-06,1.45852e-05,-0.0409393,0.0711565,8.41483,0.00791846,0.00789323,2.5088e-05,8.38115839202719e-06
"250",62627,5.09474,3.75695,3.89932,3.86326,3.85173,0.350989,1.70126,-7.94258,0.445579,-0.419069,0.107862,-33.0015,0,293.552,284.552,0.000175213,5.30164,3.57273e-05,7.74363e-06,0.978074,4.46109e-06,1.45877e-05,-0.0408973,0.0711704,8.41434,0.00792302,0.00789776,2.50951e-05,8.38043918920431e-06
"251",62878.7,5.0974,3.75816,3.90057,3.86449,3.85294,0.351114,1.70187,-7.94189,0.445773,-0.418908,0.107904,-33.003,0,293.556,284.556,0.000175276,5.30285,3.57475e-05,7.739e-06,0.977765,4.46082e-06,1.45903e-05,-0.0408594,0.0711842,8.41384,0.00792754,0.00790228,2.51022e-05,8.37971959077716e-06
"252",63130.2,5.10005,3.75937,3.90183,3.86571,3.85414,0.35124,1.70249,-7.94119,0.445969,-0.418746,0.107946,-33.0046,0,293.561,284.561,0.000175339,5.30405,3.57677e-05,7.73433e-06,0.977463,4.46055e-06,1.45929e-05,-0.0408221,0.071198,8.41335,0.00793207,0.0079068,2.51093e-05,8.37899959620127e-06
"253",63382.1,5.10272,3.76057,3.90308,3.86693,3.85535,0.351366,1.7031,-7.94048,0.446188,-0.418582,0.107988,-33.0061,0,293.565,284.565,0.000175402,5.30525,3.5788e-05,7.72962e-06,0.977125,4.46027e-06,1.45954e-05,-0.0407791,0.0712116,8.41285,0.0079366,0.00791135,2.51165e-05,8.37827920493099e-06
"254",63634.1,5.10543,3.76176,3.90434,3.86815,3.85656,0.351492,1.70371,-7.93978,0.446437,-0.418416,0.108031,-33.0076,0,293.57,284.57,0.000175465,5.30645,3.58084e-05,7.72486e-06,0.976723,4.45998e-06,1.45979e-05,-0.0407271,0.0712253,8.41234,0.00794117,0.00791592,2.51236e-05,8.37754124994205e-06
"255",63885.3,5.10806,3.76298,3.90558,3.86937,3.85777,0.351617,1.70433,-7.93907,0.446605,-0.418249,0.108073,-33.0091,0,293.575,284.575,0.000175527,5.30763,3.58287e-05,7.72013e-06,0.97649,4.45972e-06,1.46005e-05,-0.0406988,0.0712388,8.41185,0.00794571,0.00792043,2.51307e-05,8.37682005416329e-06
"256",64137.4,5.1108,3.76416,3.90684,3.8706,3.85898,0.351743,1.70494,-7.93838,0.446865,-0.41808,0.108115,-33.0107,0,293.579,284.579,0.00017559,5.30882,3.58491e-05,7.71529e-06,0.976072,4.45943e-06,1.4603e-05,-0.0406441,0.0712523,8.41134,0.00795025,0.007925,2.51379e-05,8.37609846003281e-06
"257",64388.5,5.11343,3.76538,3.90809,3.87181,3.86018,0.351869,1.70555,-7.93766,0.447037,-0.41791,0.108157,-33.0122,0,293.584,284.584,0.000175653,5.30999,3.58694e-05,7.7105e-06,0.975854,4.45916e-06,1.46055e-05,-0.0406169,0.0712656,8.41085,0.00795483,0.00792952,2.5145e-05,8.37537646700009e-06
"258",64639.8,5.1161,3.76658,3.90933,3.87303,3.86138,0.351994,1.70616,-7.93695,0.447244,-0.417738,0.108199,-33.0137,0,293.588,284.588,0.000175716,5.31115,3.58898e-05,7.70566e-06,0.97557,4.45889e-06,1.46081e-05,-0.0405802,0.0712789,8.41035,0.00795937,0.00793407,2.51521e-05,8.37465407451337e-06
"259",64891.3,5.11879,3.76778,3.91058,3.87425,3.86259,0.35212,1.70677,-7.93624,0.447472,-0.417565,0.108241,-33.0152,0,293.593,284.593,0.000175778,5.31231,3.59103e-05,7.70078e-06,0.975253,4.45861e-06,1.46106e-05,-0.0405382,0.0712921,8.40985,0.00796392,0.00793863,2.51593e-05,8.37393128201969e-06
"260",65143,5.12151,3.76897,3.91183,3.87547,3.86379,0.352246,1.70739,-7.93552,0.447723,-0.41739,0.108283,-33.0167,0,293.597,284.597,0.000175841,5.31347,3.59308e-05,7.69585e-06,0.974886,4.45832e-06,1.46131e-05,-0.0404891,0.0713053,8.40935,0.00796851,0.00794321,2.51665e-05,8.37320808896484e-06
"261",65394,5.12417,3.77018,3.91308,3.87668,3.86499,0.352371,1.708,-7.9348,0.447911,-0.417214,0.108325,-33.0183,0,293.602,284.602,0.000175904,5.31461,3.59513e-05,7.69094e-06,0.974656,4.45805e-06,1.46156e-05,-0.0404593,0.0713184,8.40885,0.00797306,0.00794774,2.51736e-05,8.37248449479341e-06
"262",65645.6,5.1269,3.77136,3.91433,3.8779,3.86619,0.352497,1.70861,-7.93409,0.448175,-0.417036,0.108368,-33.0198,0,293.606,284.606,0.000175967,5.31576,3.59718e-05,7.68595e-06,0.974277,4.45776e-06,1.46181e-05,-0.0404077,0.0713314,8.40834,0.00797761,0.00795233,2.51807e-05,8.37174325605217e-06
"263",65896.5,5.12956,3.77258,3.91557,3.87911,3.86739,0.352623,1.70922,-7.93336,0.448367,-0.416857,0.10841,-33.0213,0,293.611,284.611,0.000176029,5.31689,3.59923e-05,7.68099e-06,0.97406,4.45749e-06,1.46207e-05,-0.0403787,0.0713443,8.40785,0.00798221,0.00795688,2.51879e-05,8.37101884839262e-06
"264",66147.7,5.13227,3.77377,3.91682,3.88032,3.86859,0.352748,1.70983,-7.93264,0.448595,-0.416676,0.108452,-33.0228,0,293.615,284.615,0.000176092,5.31801,3.60129e-05,7.67597e-06,0.973762,4.4572e-06,1.46232e-05,-0.0403383,0.0713572,8.40735,0.00798681,0.00796145,2.5195e-05,8.37029403792946e-06
"265",66398.7,5.13496,3.77497,3.91806,3.88154,3.86979,0.352874,1.71045,-7.93192,0.448811,-0.416493,0.108494,-33.0244,0,293.62,284.62,0.000176155,5.31913,3.60335e-05,7.67094e-06,0.973496,4.45692e-06,1.46257e-05,-0.0403021,0.07137,8.40685,0.00799137,0.007966,2.52021e-05,8.36956882410229e-06
"266",66649.5,5.13765,3.77617,3.9193,3.88275,3.87098,0.352999,1.71106,-7.93119,0.44903,-0.41631,0.108536,-33.0259,0,293.625,284.625,0.000176217,5.32024,3.60541e-05,7.66589e-06,0.973238,4.45664e-06,1.46282e-05,-0.0402665,0.0713827,8.40635,0.00799593,0.00797057,2.52093e-05,8.36884320634945e-06
"267",66900.7,5.14037,3.77736,3.92055,3.88396,3.87218,0.353125,1.71167,-7.93047,0.449272,-0.416124,0.108579,-33.0274,0,293.629,284.629,0.00017628,5.32135,3.60747e-05,7.6608e-06,0.972943,4.45636e-06,1.46307e-05,-0.0402251,0.0713953,8.40585,0.0080005,0.00797515,2.52164e-05,8.36809989292955e-06
"268",67152,5.14313,3.77854,3.92179,3.88517,3.87338,0.353251,1.71228,-7.92973,0.449543,-0.415937,0.108621,-33.0289,0,293.634,284.634,0.000176343,5.32246,3.60955e-05,7.65566e-06,0.972583,4.45606e-06,1.46331e-05,-0.0401746,0.0714079,8.40534,0.00800511,0.00797976,2.52236e-05,8.36737345598438e-06
"269",67402.5,5.1458,3.77975,3.92303,3.88638,3.87457,0.353376,1.71289,-7.929,0.449733,-0.415749,0.108663,-33.0304,0,293.638,284.638,0.000176405,5.32354,3.61161e-05,7.65055e-06,0.972394,4.45579e-06,1.46357e-05,-0.0401481,0.0714204,8.40484,0.00800968,0.0079843,2.52307e-05,8.36664661340755e-06
"270",67653.8,5.14857,3.78092,3.92427,3.88759,3.87576,0.353502,1.71351,-7.92828,0.450016,-0.415559,0.108705,-33.032,0,293.643,284.643,0.000176468,5.32464,3.61369e-05,7.64536e-06,0.972018,4.45549e-06,1.46381e-05,-0.0400949,0.0714328,8.40433,0.00801426,0.00798891,2.52379e-05,8.36591936463235e-06
"271",67904.2,5.15125,3.78213,3.92551,3.88879,3.87695,0.353627,1.71412,-7.92754,0.450209,-0.415368,0.108747,-33.0335,0,293.647,284.647,0.000176531,5.32571,3.61575e-05,7.64021e-06,0.971843,4.45522e-06,1.46406e-05,-0.0400696,0.0714451,8.40383,0.00801888,0.00799347,2.5245e-05,8.36519170909078e-06
"272",68154.8,5.15396,3.78333,3.92675,3.89,3.87815,0.353753,1.71473,-7.9268,0.450438,-0.415176,0.10879,-33.035,0,293.652,284.652,0.000176593,5.32678,3.61783e-05,7.63502e-06,0.971603,4.45493e-06,1.46431e-05,-0.0400345,0.0714574,8.40333,0.00802346,0.00799805,2.52522e-05,8.36444630641379e-06
"273",68405.5,5.1567,3.78452,3.92799,3.8912,3.87934,0.353878,1.71534,-7.92606,0.450688,-0.414981,0.108832,-33.0365,0,293.657,284.657,0.000176656,5.32785,3.6199e-05,7.62979e-06,0.971329,4.45464e-06,1.46456e-05,-0.0399942,0.0714696,8.40283,0.00802804,0.00800265,2.52593e-05,8.36371782591141e-06
"274",68656.5,5.15946,3.78569,3.92923,3.89241,3.88053,0.354004,1.71595,-7.92532,0.450962,-0.414786,0.108874,-33.038,0,293.661,284.661,0.000176719,5.32891,3.62199e-05,7.62452e-06,0.971004,4.45435e-06,1.4648e-05,-0.0399466,0.0714817,8.40232,0.00803266,0.00800727,2.52665e-05,8.36298893691741e-06
"275",68906.8,5.16216,3.7869,3.93046,3.89361,3.88171,0.354129,1.71656,-7.92458,0.451171,-0.414589,0.108916,-33.0396,0,293.666,284.666,0.000176781,5.32996,3.62406e-05,7.61928e-06,0.970817,4.45407e-06,1.46505e-05,-0.0399185,0.0714937,8.40182,0.00803725,0.00801184,2.52736e-05,8.36225963885868e-06
"276",69157.7,5.16494,3.78807,3.9317,3.89482,3.8829,0.354255,1.71717,-7.92384,0.451457,-0.41439,0.108959,-33.0411,0,293.67,284.67,0.000176844,5.33101,3.62615e-05,7.61396e-06,0.97048,4.45377e-06,1.46529e-05,-0.0398686,0.0715058,8.40131,0.00804184,0.00801646,2.52808e-05,8.36151255217048e-06
"277",69407.8,5.16764,3.78927,3.93293,3.89602,3.88409,0.35438,1.71778,-7.92308,0.451671,-0.41419,0.109001,-33.0426,0,293.675,284.675,0.000176907,5.33205,3.62823e-05,7.60869e-06,0.970306,4.45349e-06,1.46554e-05,-0.0398413,0.0715176,8.40081,0.00804648,0.00802105,2.5288e-05,8.36078242448366e-06
"278",69658.3,5.17039,3.79045,3.93417,3.89722,3.88528,0.354506,1.71839,-7.92233,0.45192,-0.413989,0.109043,-33.0441,0,293.679,284.679,0.000176969,5.33309,3.63032e-05,7.60336e-06,0.970051,4.4532e-06,1.46579e-05,-0.0398026,0.0715295,8.4003,0.00805111,0.00802565,2.52951e-05,8.36005188599122e-06
"279",69908.5,5.17313,3.79164,3.9354,3.89842,3.88646,0.354631,1.719,-7.92159,0.452157,-0.413787,0.109085,-33.0456,0,293.684,284.684,0.000177032,5.33411,3.6324e-05,7.59802e-06,0.969827,4.45291e-06,1.46604e-05,-0.0397681,0.0715412,8.3998,0.00805571,0.00803024,2.53022e-05,8.3593209361148e-06
"280",70158.6,5.17586,3.79283,3.93663,3.89962,3.88764,0.354756,1.71961,-7.92084,0.452398,-0.413583,0.109127,-33.0472,0,293.689,284.689,0.000177094,5.33513,3.63449e-05,7.59267e-06,0.969612,4.45262e-06,1.46628e-05,-0.0397341,0.0715529,8.3993,0.00806031,0.00803484,2.53094e-05,8.35858957427478e-06
"281",70409,5.17862,3.79402,3.93787,3.90082,3.88883,0.354882,1.72023,-7.92009,0.452661,-0.413377,0.10917,-33.0487,0,293.693,284.693,0.000177157,5.33615,3.63658e-05,7.58729e-06,0.969359,4.45233e-06,1.46653e-05,-0.0396944,0.0715645,8.39879,0.00806492,0.00803946,2.53166e-05,8.3578403716576e-06
"282",70659.5,5.18142,3.79519,3.9391,3.90202,3.89001,0.355007,1.72084,-7.91933,0.452953,-0.41317,0.109212,-33.0502,0,293.698,284.698,0.00017722,5.33716,3.63868e-05,7.58186e-06,0.969041,4.45202e-06,1.46677e-05,-0.0396454,0.0715761,8.39827,0.00806956,0.00804411,2.53238e-05,8.35710817430274e-06
"283",70912.5,5.18418,3.79639,3.94035,3.90323,3.89121,0.355134,1.72146,-7.91856,0.453181,-0.412959,0.109255,-33.0517,0,293.703,284.703,0.000177283,5.33817,3.6408e-05,7.5764e-06,0.968866,4.45173e-06,1.46702e-05,-0.0396165,0.0715877,8.39777,0.00807426,0.00804876,2.5331e-05,8.35635811505529e-06
"284",71165.3,5.18695,3.7976,3.94159,3.90444,3.8924,0.355261,1.72207,-7.91779,0.453415,-0.412747,0.109298,-33.0533,0,293.707,284.707,0.000177346,5.33917,3.64291e-05,7.57093e-06,0.968686,4.45144e-06,1.46726e-05,-0.0395866,0.0715992,8.39726,0.00807892,0.00805341,2.53382e-05,8.35560762152009e-06
"285",71415.5,5.18973,3.79878,3.94282,3.90563,3.89358,0.355386,1.72268,-7.91704,0.453685,-0.412536,0.10934,-33.0548,0,293.712,284.712,0.000177409,5.34016,3.64501e-05,7.56546e-06,0.968432,4.45115e-06,1.46751e-05,-0.0395458,0.0716105,8.39675,0.00808353,0.00805804,2.53454e-05,8.35487416146465e-06
"286",71665.9,5.19255,3.79994,3.94405,3.90683,3.89476,0.355512,1.72329,-7.91628,0.453984,-0.412323,0.109382,-33.0563,0,293.717,284.717,0.000177472,5.34115,3.64712e-05,7.55997e-06,0.968124,4.45084e-06,1.46775e-05,-0.0394972,0.0716218,8.39623,0.00808815,0.00806269,2.53525e-05,8.35414028589812e-06
"287",71918.4,5.1953,3.80116,3.94529,3.90803,3.89595,0.355639,1.72391,-7.9155,0.454203,-0.412107,0.109425,-33.0578,0,293.721,284.721,0.000177535,5.34213,3.64924e-05,7.55446e-06,0.968002,4.45056e-06,1.468e-05,-0.0394742,0.0716331,8.39573,0.00809286,0.00806734,2.53598e-05,8.35338850602026e-06
"288",72171.8,5.19815,3.80234,3.94654,3.90924,3.89715,0.355766,1.72453,-7.91474,0.454508,-0.411889,0.109468,-33.0594,0,293.726,284.726,0.000177598,5.34312,3.65137e-05,7.54887e-06,0.967702,4.45024e-06,1.46824e-05,-0.0394258,0.0716444,8.39521,0.00809753,0.00807206,2.53671e-05,8.35263628935865e-06
"289",72424.2,5.20092,3.80354,3.94778,3.91045,3.89834,0.355892,1.72515,-7.91395,0.45474,-0.41167,0.109511,-33.0609,0,293.73,284.73,0.000177661,5.34409,3.65349e-05,7.54333e-06,0.967567,4.44996e-06,1.46849e-05,-0.0394003,0.0716555,8.3947,0.00810225,0.00807673,2.53743e-05,8.35188363527832e-06
"290",72674.4,5.20373,3.80471,3.949,3.91164,3.89951,0.356018,1.72576,-7.91318,0.455043,-0.411451,0.109553,-33.0624,0,293.735,284.735,0.000177724,5.34505,3.6556e-05,7.53777e-06,0.967276,4.44965e-06,1.46872e-05,-0.0393528,0.0716666,8.39419,0.00810691,0.0080814,2.53815e-05,8.35114806189339e-06
"291",72926.8,5.20652,3.80591,3.95024,3.91284,3.9007,0.356144,1.72638,-7.9124,0.455279,-0.41123,0.109596,-33.0639,0,293.74,284.74,0.000177787,5.34601,3.65773e-05,7.5322e-06,0.967135,4.44936e-06,1.46897e-05,-0.0393262,0.0716776,8.39368,0.00811159,0.00808606,2.53888e-05,8.35039454127418e-06
"292",73176.9,5.20935,3.80707,3.95147,3.91404,3.90188,0.35627,1.72699,-7.91164,0.455589,-0.411009,0.109638,-33.0655,0,293.744,284.744,0.00017785,5.34696,3.65984e-05,7.52661e-06,0.966844,4.44905e-06,1.46921e-05,-0.0392779,0.0716885,8.39316,0.00811623,0.00809073,2.53959e-05,8.34965812028367e-06
"293",73428.9,5.21211,3.80828,3.9527,3.91524,3.90306,0.356396,1.7276,-7.91085,0.455814,-0.410784,0.109681,-33.067,0,293.749,284.749,0.000177913,5.34791,3.66197e-05,7.52103e-06,0.966749,4.44876e-06,1.46946e-05,-0.0392569,0.0716993,8.39266,0.00812095,0.0080954,2.54032e-05,8.34890373062713e-06
"294",73679,5.21496,3.80944,3.95393,3.91643,3.90424,0.356522,1.72821,-7.91007,0.456134,-0.41056,0.109723,-33.0685,0,293.754,284.754,0.000177976,5.34885,3.66408e-05,7.51542e-06,0.96644,4.44845e-06,1.46969e-05,-0.0392058,0.0717101,8.39214,0.00812563,0.00810009,2.54104e-05,8.34816645958506e-06
"295",73931.1,5.21773,3.81065,3.95516,3.91763,3.90542,0.356649,1.72883,-7.90928,0.456363,-0.410333,0.109766,-33.07,0,293.758,284.758,0.000178039,5.34978,3.66621e-05,7.5098e-06,0.966337,4.44816e-06,1.46994e-05,-0.0391835,0.0717208,8.39163,0.00813032,0.00810475,2.54176e-05,8.34741119838118e-06
"296",74183.6,5.22057,3.81184,3.9564,3.91883,3.9066,0.356775,1.72945,-7.9085,0.456644,-0.410104,0.109809,-33.0716,0,293.763,284.763,0.000178102,5.35072,3.66835e-05,7.50413e-06,0.966132,4.44785e-06,1.47018e-05,-0.0391463,0.0717315,8.39111,0.00813505,0.00810946,2.54249e-05,8.34665549531713e-06
"297",74436,5.2234,3.81302,3.95764,3.92003,3.90779,0.356902,1.73007,-7.90771,0.456923,-0.409874,0.109852,-33.0731,0,293.768,284.768,0.000178166,5.35164,3.67049e-05,7.49846e-06,0.965939,4.44755e-06,1.47042e-05,-0.0391104,0.0717422,8.3906,0.00813975,0.00811417,2.54322e-05,8.34589934974608e-06
"298",74688.4,5.22624,3.81421,3.95887,3.92123,3.90897,0.357029,1.73068,-7.90692,0.457205,-0.409643,0.109895,-33.0746,0,293.773,284.773,0.000178229,5.35257,3.67263e-05,7.49277e-06,0.965747,4.44725e-06,1.47067e-05,-0.0390744,0.0717528,8.39008,0.00814449,0.00811889,2.54395e-05,8.34514276101967e-06
"299",74940.6,5.22907,3.8154,3.96011,3.92242,3.91015,0.357156,1.7313,-7.90613,0.457484,-0.40941,0.109938,-33.0762,0,293.777,284.777,0.000178292,5.35348,3.67477e-05,7.48708e-06,0.96557,4.44694e-06,1.47091e-05,-0.03904,0.0717633,8.38957,0.00814919,0.0081236,2.54467e-05,8.34438572848802e-06
"300",75193,5.23192,3.81658,3.96134,3.92362,3.91133,0.357283,1.73192,-7.90533,0.457777,-0.409175,0.109981,-33.0777,0,293.782,284.782,0.000178355,5.35439,3.67691e-05,7.48136e-06,0.965367,4.44664e-06,1.47115e-05,-0.0390018,0.0717737,8.38905,0.00815393,0.00812834,2.5454e-05,8.34362825149976e-06
"301",75445.5,5.2348,3.81775,3.96257,3.92482,3.91252,0.357409,1.73254,-7.90453,0.45809,-0.40894,0.110024,-33.0792,0,293.787,284.787,0.000178419,5.3553,3.67905e-05,7.47562e-06,0.96512,4.44632e-06,1.47139e-05,-0.0389573,0.0717841,8.38852,0.00815868,0.00813308,2.54613e-05,8.34287032940193e-06
"302",75697.2,5.2376,3.81895,3.9638,3.92601,3.91369,0.357536,1.73315,-7.90373,0.458333,-0.408703,0.110066,-33.0808,0,293.791,284.791,0.000178482,5.35619,3.68119e-05,7.46993e-06,0.965026,4.44603e-06,1.47163e-05,-0.0389343,0.0717944,8.38802,0.00816339,0.00813777,2.54686e-05,8.34212960306964e-06
"303",75949.3,5.24046,3.82014,3.96504,3.92721,3.91487,0.357663,1.73377,-7.90294,0.458621,-0.408465,0.110109,-33.0823,0,293.796,284.796,0.000178545,5.35709,3.68333e-05,7.46419e-06,0.964843,4.44572e-06,1.47187e-05,-0.0388983,0.0718047,8.3875,0.00816814,0.00814249,2.54758e-05,8.34137079917708e-06
"304",76201.2,5.24331,3.82132,3.96627,3.9284,3.91605,0.357789,1.73439,-7.90214,0.458908,-0.408225,0.110152,-33.0838,0,293.801,284.801,0.000178608,5.35797,3.68548e-05,7.45845e-06,0.964673,4.44541e-06,1.47211e-05,-0.0388636,0.0718149,8.38698,0.00817285,0.00814722,2.54831e-05,8.34061154822224e-06
"305",76453.2,5.24616,3.8225,3.9675,3.9296,3.91723,0.357916,1.735,-7.90134,0.459202,-0.407985,0.110195,-33.0853,0,293.805,284.805,0.000178672,5.35885,3.68762e-05,7.45269e-06,0.964492,4.44511e-06,1.47235e-05,-0.0388274,0.071825,8.38646,0.00817761,0.00815196,2.54904e-05,8.33985184954605e-06
"306",76705.1,5.24902,3.82368,3.96873,3.93079,3.9184,0.358043,1.73562,-7.90053,0.459493,-0.407742,0.110238,-33.0869,0,293.81,284.81,0.000178735,5.35973,3.68977e-05,7.44693e-06,0.964328,4.4448e-06,1.47259e-05,-0.038793,0.0718351,8.38594,0.00818233,0.00815669,2.54977e-05,8.33909170248789e-06
"307",76957,5.25188,3.82486,3.96995,3.93198,3.91958,0.35817,1.73624,-7.89973,0.459788,-0.407499,0.110281,-33.0884,0,293.815,284.815,0.000178798,5.3606,3.69191e-05,7.44117e-06,0.964159,4.44449e-06,1.47283e-05,-0.0387575,0.0718451,8.38543,0.0081871,0.00816143,2.5505e-05,8.33833110638557e-06
"308",77208.7,5.25474,3.82605,3.97118,3.93317,3.92075,0.358296,1.73685,-7.89892,0.46008,-0.407254,0.110324,-33.0899,0,293.82,284.82,0.000178861,5.36147,3.69406e-05,7.4354e-06,0.964007,4.44418e-06,1.47307e-05,-0.0387242,0.071855,8.38491,0.00819182,0.00816618,2.55123e-05,8.33757006057535e-06
"309",77460.5,5.25761,3.82722,3.97241,3.93436,3.92193,0.358423,1.73747,-7.89811,0.460384,-0.407008,0.110367,-33.0914,0,293.824,284.824,0.000178925,5.36233,3.69621e-05,7.42961e-06,0.963832,4.44387e-06,1.47331e-05,-0.0386873,0.0718649,8.38439,0.00819659,0.00817093,2.55196e-05,8.3368085643919e-06
"310",77712.3,5.2605,3.82839,3.97364,3.93555,3.9231,0.35855,1.73809,-7.8973,0.460705,-0.406761,0.11041,-33.093,0,293.829,284.829,0.000178988,5.36318,3.69836e-05,7.42381e-06,0.963622,4.44356e-06,1.47355e-05,-0.0386455,0.0718747,8.38387,0.00820136,0.0081757,2.55269e-05,8.33604661716832e-06
"311",77963.6,5.26333,3.82958,3.97486,3.93674,3.92427,0.358676,1.7387,-7.89649,0.460969,-0.406513,0.110453,-33.0945,0,293.834,284.834,0.000179051,5.36403,3.7005e-05,7.41804e-06,0.963537,4.44326e-06,1.47379e-05,-0.0386212,0.0718845,8.38336,0.0082061,0.00818042,2.55341e-05,8.33528421823613e-06
"312",78215.1,5.26621,3.83076,3.97609,3.93792,3.92544,0.358803,1.73932,-7.89568,0.46127,-0.406263,0.110496,-33.096,0,293.838,284.838,0.000179114,5.36487,3.70265e-05,7.41224e-06,0.963384,4.44295e-06,1.47403e-05,-0.0385867,0.0718942,8.38284,0.00821087,0.00818517,2.55414e-05,8.33452136692526e-06
"313",78466.5,5.26907,3.83194,3.97731,3.93911,3.92661,0.358929,1.73994,-7.89486,0.46157,-0.406012,0.110539,-33.0975,0,293.843,284.843,0.000179178,5.36571,3.7048e-05,7.40645e-06,0.963243,4.44264e-06,1.47427e-05,-0.0385535,0.0719038,8.38232,0.00821561,0.00818993,2.55487e-05,8.33375806256405e-06
"314",78718,5.27196,3.83311,3.97853,3.9403,3.92778,0.359056,1.74056,-7.89404,0.461881,-0.405759,0.110582,-33.099,0,293.848,284.848,0.000179241,5.36655,3.70695e-05,7.40063e-06,0.963079,4.44233e-06,1.4745e-05,-0.0385168,0.0719135,8.3818,0.00822039,0.0081947,2.55561e-05,8.33299430447926e-06
"315",78969.7,5.27487,3.83427,3.97976,3.94148,3.92895,0.359183,1.74117,-7.89322,0.462219,-0.405506,0.110625,-33.1006,0,293.853,284.853,0.000179304,5.36738,3.7091e-05,7.39479e-06,0.962858,4.44201e-06,1.47474e-05,-0.0384721,0.071923,8.38127,0.00822518,0.00819948,2.55634e-05,8.33223009199601e-06
"316",79220.5,5.2777,3.83547,3.98098,3.94267,3.93012,0.359309,1.74179,-7.89241,0.462476,-0.405251,0.110668,-33.1021,0,293.857,284.857,0.000179367,5.3682,3.71125e-05,7.38901e-06,0.962813,4.44171e-06,1.47498e-05,-0.0384521,0.0719325,8.38076,0.00822993,0.0082042,2.55707e-05,8.33146542443785e-06
"317",79471.8,5.28059,3.83664,3.9822,3.94385,3.93128,0.359436,1.7424,-7.89159,0.462785,-0.404995,0.110711,-33.1036,0,293.862,284.862,0.00017943,5.36902,3.7134e-05,7.38318e-06,0.962664,4.4414e-06,1.47521e-05,-0.0384171,0.0719419,8.38024,0.00823472,0.00820897,2.5578e-05,8.3307003011267e-06
"318",79722.9,5.28348,3.83781,3.98342,3.94503,3.93245,0.359562,1.74302,-7.89077,0.463094,-0.404738,0.110754,-33.1051,0,293.867,284.867,0.000179494,5.36983,3.71555e-05,7.37736e-06,0.962528,4.44109e-06,1.47545e-05,-0.0383833,0.0719513,8.37972,0.00823947,0.00821374,2.55853e-05,8.32993472138286e-06
"319",79974.1,5.28636,3.83899,3.98464,3.94622,3.93362,0.359689,1.74364,-7.88995,0.463404,-0.404479,0.110798,-33.1066,0,293.872,284.872,0.000179557,5.37064,3.7177e-05,7.37153e-06,0.962392,4.44078e-06,1.47569e-05,-0.0383494,0.0719606,8.3792,0.00824427,0.00821851,2.55926e-05,8.32915086426999e-06
"320",80225,5.28925,3.84016,3.98586,3.9474,3.93478,0.359816,1.74425,-7.88912,0.463712,-0.404219,0.110841,-33.1082,0,293.876,284.876,0.00017962,5.37145,3.71985e-05,7.3657e-06,0.96227,4.44047e-06,1.47592e-05,-0.0383172,0.0719699,8.37869,0.00824903,0.00822329,2.55999e-05,8.32838435896061e-06
"321",80476.1,5.29215,3.84133,3.98708,3.94858,3.93594,0.359942,1.74487,-7.88829,0.464033,-0.403958,0.110884,-33.1097,0,293.881,284.881,0.000179683,5.37225,3.722e-05,7.35986e-06,0.962122,4.44015e-06,1.47616e-05,-0.038281,0.0719791,8.37817,0.00825383,0.00822808,2.56072e-05,8.32761739515374e-06
"322",80727.3,5.29507,3.84249,3.9883,3.94976,3.93711,0.360069,1.74549,-7.88746,0.464375,-0.403696,0.110927,-33.1112,0,293.886,284.886,0.000179746,5.37305,3.72416e-05,7.354e-06,0.961929,4.43983e-06,1.47639e-05,-0.0382383,0.0719883,8.37764,0.00825863,0.00823288,2.56146e-05,8.32684997216313e-06
"323",80977.8,5.29792,3.84367,3.98951,3.95094,3.93827,0.360195,1.7461,-7.88664,0.464646,-0.403433,0.11097,-33.1127,0,293.89,284.89,0.00017981,5.37384,3.7263e-05,7.34819e-06,0.961891,4.43953e-06,1.47663e-05,-0.0382176,0.0719974,8.37713,0.0082634,0.00823763,2.56219e-05,8.32608208930088e-06
"324",81228.6,5.30082,3.84484,3.99073,3.95211,3.93943,0.360322,1.74672,-7.88581,0.464962,-0.403168,0.111013,-33.1142,0,293.895,284.895,0.000179873,5.37462,3.72845e-05,7.34235e-06,0.961762,4.43922e-06,1.47687e-05,-0.0381836,0.0720064,8.37661,0.00826821,0.00824241,2.56292e-05,8.32531374587743e-06
"325",81479.3,5.30372,3.84601,3.99195,3.95329,3.94059,0.360448,1.74734,-7.88498,0.465278,-0.402902,0.111056,-33.1157,0,293.9,284.9,0.000179936,5.3754,3.73061e-05,7.3365e-06,0.961646,4.43891e-06,1.4771e-05,-0.0381509,0.0720154,8.37609,0.00827298,0.0082472,2.56365e-05,8.32454494120157e-06
"326",81730,5.30663,3.84718,3.99316,3.95447,3.94175,0.360575,1.74795,-7.88415,0.465599,-0.402635,0.1111,-33.1173,0,293.905,284.905,0.000179999,5.37618,3.73276e-05,7.33065e-06,0.961519,4.43859e-06,1.47734e-05,-0.0381166,0.0720244,8.37557,0.0082778,0.00825199,2.56438e-05,8.32375777915706e-06
"327",81980.6,5.30953,3.84835,3.99438,3.95565,3.94291,0.360702,1.74857,-7.88332,0.465918,-0.402367,0.111143,-33.1188,0,293.909,284.909,0.000180062,5.37696,3.73491e-05,7.32481e-06,0.961408,4.43828e-06,1.47757e-05,-0.0380842,0.0720333,8.37505,0.00828258,0.00825678,2.56512e-05,8.32298803912875e-06
"328",82231.1,5.31243,3.84951,3.99559,3.95682,3.94407,0.360828,1.74918,-7.88248,0.466241,-0.402097,0.111186,-33.1203,0,293.914,284.914,0.000180125,5.37773,3.73706e-05,7.31896e-06,0.961291,4.43797e-06,1.47781e-05,-0.0380506,0.0720422,8.37453,0.0082874,0.00826158,2.56585e-05,8.32221783574819e-06
"329",82481.6,5.31533,3.85068,3.9968,3.958,3.94523,0.360955,1.7498,-7.88165,0.46656,-0.401827,0.111229,-33.1218,0,293.919,284.919,0.000180189,5.37849,3.73921e-05,7.31311e-06,0.961192,4.43766e-06,1.47804e-05,-0.0380193,0.072051,8.37401,0.00829218,0.00826638,2.56659e-05,8.32144716831747e-06
"330",82732.1,5.31825,3.85184,3.99802,3.95917,3.94638,0.361081,1.75042,-7.8808,0.466892,-0.401555,0.111273,-33.1233,0,293.924,284.924,0.000180252,5.37925,3.74137e-05,7.30725e-06,0.961069,4.43734e-06,1.47828e-05,-0.0379842,0.0720598,8.37349,0.00829701,0.0082712,2.56732e-05,8.32065809729506e-06
"331",82982.7,5.32118,3.853,3.99923,3.96034,3.94754,0.361208,1.75103,-7.87996,0.46724,-0.401282,0.111316,-33.1248,0,293.928,284.928,0.000180315,5.38001,3.74352e-05,7.30138e-06,0.96091,4.43702e-06,1.47851e-05,-0.0379442,0.0720685,8.37297,0.00830184,0.00827602,2.56806e-05,8.31988648883066e-06
"332",83235.8,5.32411,3.85419,4.00046,3.96153,3.94871,0.361336,1.75166,-7.87911,0.467546,-0.401004,0.11136,-33.1263,0,293.933,284.933,0.000180379,5.38077,3.7457e-05,7.29548e-06,0.960854,4.43671e-06,1.47875e-05,-0.0379182,0.0720773,8.37244,0.00830672,0.00828087,2.5688e-05,8.31909645341945e-06
"333",83489,5.32704,3.85537,4.00168,3.96272,3.94988,0.361464,1.75228,-7.87827,0.467866,-0.400726,0.111403,-33.1279,0,293.938,284.938,0.000180443,5.38153,3.74787e-05,7.28956e-06,0.960775,4.4364e-06,1.47898e-05,-0.0378887,0.072086,8.37192,0.00831157,0.00828573,2.56955e-05,8.31832390104346e-06
"334",83739.1,5.32996,3.85653,4.00289,3.96389,3.95103,0.36159,1.7529,-7.87743,0.468195,-0.400449,0.111447,-33.1294,0,293.943,284.943,0.000180506,5.38227,3.75003e-05,7.28371e-06,0.960675,4.43608e-06,1.47922e-05,-0.0378561,0.0720946,8.3714,0.00831641,0.00829054,2.57028e-05,8.31753289829137e-06
"335",83989.2,5.33287,3.8577,4.0041,3.96506,3.95218,0.361717,1.75351,-7.87658,0.468523,-0.400171,0.11149,-33.1309,0,293.947,284.947,0.000180569,5.38301,3.75218e-05,7.27786e-06,0.960588,4.43577e-06,1.47945e-05,-0.0378248,0.0721031,8.37088,0.00832121,0.00829536,2.57102e-05,8.31675939911174e-06
"336",84239.3,5.3358,3.85886,4.00531,3.96623,3.95334,0.361843,1.75413,-7.87573,0.468862,-0.399892,0.111534,-33.1324,0,293.952,284.952,0.000180632,5.38375,3.75433e-05,7.272e-06,0.960476,4.43546e-06,1.47968e-05,-0.03779,0.0721116,8.37036,0.00832605,0.00830019,2.57176e-05,8.31596742605224e-06
"337",84489.6,5.33875,3.86,4.00652,3.9674,3.95449,0.36197,1.75474,-7.87488,0.469229,-0.399612,0.111577,-33.1339,0,293.957,284.957,0.000180695,5.38448,3.75649e-05,7.26611e-06,0.960305,4.43513e-06,1.47991e-05,-0.0377468,0.0721201,8.36983,0.0083309,0.00830504,2.57249e-05,8.31519297716274e-06
"338",84742.3,5.34168,3.86119,4.00774,3.96858,3.95565,0.362098,1.75537,-7.87402,0.469532,-0.399328,0.111621,-33.1354,0,293.962,284.962,0.000180759,5.38522,3.75866e-05,7.26022e-06,0.960283,4.43482e-06,1.48015e-05,-0.0377243,0.0721286,8.36931,0.0083358,0.0083099,2.57324e-05,8.31440003081469e-06
"339",84995,5.34462,3.86237,4.00896,3.96976,3.95682,0.362225,1.75599,-7.87317,0.469855,-0.399042,0.111665,-33.1369,0,293.966,284.966,0.000180823,5.38595,3.76083e-05,7.25431e-06,0.960225,4.43451e-06,1.48039e-05,-0.0376964,0.0721371,8.36879,0.00834066,0.00831476,2.57398e-05,8.31360659108899e-06
"340",85247.6,5.34756,3.86355,4.01018,3.97094,3.95798,0.362353,1.75661,-7.87231,0.470182,-0.398756,0.111709,-33.1384,0,293.971,284.971,0.000180887,5.38668,3.76301e-05,7.2484e-06,0.960164,4.4342e-06,1.48062e-05,-0.0376677,0.0721455,8.36827,0.00834556,0.00831964,2.57473e-05,8.31281265721746e-06
"341",85498.1,5.35057,3.86468,4.01139,3.97211,3.95913,0.36248,1.75723,-7.87147,0.470585,-0.39847,0.111752,-33.1399,0,293.976,284.976,0.00018095,5.38741,3.76517e-05,7.24249e-06,0.959936,4.43386e-06,1.48085e-05,-0.0376153,0.0721539,8.36773,0.00835038,0.00832452,2.57547e-05,8.31203628913159e-06
"342",85750.4,5.35347,3.86588,4.01261,3.97329,3.96029,0.362608,1.75785,-7.8706,0.470877,-0.398181,0.111796,-33.1414,0,293.981,284.981,0.000181014,5.38813,3.76734e-05,7.23661e-06,0.959965,4.43356e-06,1.48109e-05,-0.0375988,0.0721622,8.36722,0.00835529,0.00832938,2.57621e-05,8.31124137593042e-06
"343",86002.8,5.35642,3.86705,4.01383,3.97446,3.96145,0.362736,1.75847,-7.86973,0.471208,-0.397891,0.11184,-33.143,0,293.985,284.985,0.000181078,5.38884,3.76951e-05,7.23071e-06,0.959911,4.43325e-06,1.48133e-05,-0.0375704,0.0721705,8.3667,0.00836021,0.00833427,2.57696e-05,8.31044596628498e-06
"344",86252.9,5.3594,3.86819,4.01503,3.97563,3.9626,0.362862,1.75909,-7.86889,0.471597,-0.397603,0.111884,-33.1444,0,293.99,284.99,0.000181141,5.38956,3.77167e-05,7.22481e-06,0.959731,4.43292e-06,1.48155e-05,-0.0375239,0.0721787,8.36617,0.00836503,0.00833915,2.5777e-05,8.30965005941944e-06
"345",86505,5.36232,3.86938,4.01625,3.97681,3.96376,0.36299,1.75971,-7.86802,0.471904,-0.39731,0.111928,-33.146,0,293.995,284.995,0.000181205,5.39026,3.77384e-05,7.21894e-06,0.959741,4.43261e-06,1.48179e-05,-0.0375042,0.0721869,8.36565,0.00836995,0.00834403,2.57845e-05,8.30885365455603e-06
"346",86757.3,5.36528,3.87055,4.01747,3.97798,3.96492,0.363118,1.76034,-7.86715,0.472245,-0.397017,0.111972,-33.1475,0,294,285,0.000181269,5.39097,3.77602e-05,7.21303e-06,0.959683,4.4323e-06,1.48203e-05,-0.0374744,0.0721951,8.36513,0.00837488,0.00834893,2.5792e-05,8.30805675091501e-06
"347",87010,5.36827,3.87171,4.01869,3.97916,3.96608,0.363246,1.76096,-7.86628,0.472608,-0.396722,0.112016,-33.149,0,294.005,285.005,0.000181332,5.39168,3.7782e-05,7.2071e-06,0.959577,4.43197e-06,1.48226e-05,-0.0374377,0.0722032,8.3646,0.0083798,0.00835386,2.57995e-05,8.30725934771472e-06
"348",87262.5,5.37128,3.87287,4.0199,3.98034,3.96724,0.363374,1.76158,-7.86541,0.472989,-0.396425,0.11206,-33.1505,0,294.009,285.009,0.000181396,5.39239,3.78038e-05,7.20116e-06,0.959439,4.43165e-06,1.48249e-05,-0.0373962,0.0722114,8.36407,0.00838473,0.00835879,2.5807e-05,8.30646144417152e-06
"349",87514.8,5.37425,3.87404,4.02112,3.98151,3.96839,0.363502,1.76221,-7.86453,0.473337,-0.396128,0.112104,-33.152,0,294.014,285.014,0.00018146,5.39308,3.78255e-05,7.19525e-06,0.959373,4.43133e-06,1.48273e-05,-0.0373647,0.0722194,8.36354,0.00838966,0.00836371,2.58145e-05,8.30566303949978e-06
"350",87766.8,5.37719,3.87522,4.02233,3.98269,3.96955,0.36363,1.76283,-7.86366,0.473658,-0.39583,0.112148,-33.1535,0,294.019,285.019,0.000181524,5.39378,3.78472e-05,7.18937e-06,0.959369,4.43102e-06,1.48296e-05,-0.037342,0.0722275,8.36302,0.0083946,0.0083686,2.5822e-05,8.30486413291193e-06
"351",88018.7,5.38015,3.87639,4.02355,3.98386,3.9707,0.363758,1.76345,-7.86279,0.473997,-0.395531,0.112192,-33.155,0,294.024,285.024,0.000181588,5.39447,3.7869e-05,7.18347e-06,0.959334,4.43071e-06,1.4832e-05,-0.0373145,0.0722355,8.3625,0.00839949,0.00837351,2.58295e-05,8.30406472361841e-06
"352",88270.5,5.38311,3.87756,4.02476,3.98503,3.97186,0.363886,1.76407,-7.86192,0.474337,-0.395231,0.112237,-33.1565,0,294.028,285.028,0.000181652,5.39516,3.78907e-05,7.17759e-06,0.959299,4.43039e-06,1.48343e-05,-0.0372869,0.0722434,8.36198,0.00840443,0.00837842,2.58369e-05,8.30324662513368e-06
"353",88522.8,5.3861,3.87872,4.02597,3.9862,3.97301,0.364014,1.7647,-7.86105,0.474706,-0.394929,0.112281,-33.158,0,294.033,285.033,0.000181716,5.39585,3.79124e-05,7.17167e-06,0.959207,4.43007e-06,1.48366e-05,-0.0372508,0.0722514,8.36145,0.00840938,0.00838336,2.58445e-05,8.30244619658175e-06
"354",88775.2,5.38914,3.87987,4.02719,3.98738,3.97417,0.364142,1.76532,-7.86018,0.475111,-0.394625,0.112325,-33.1595,0,294.038,285.038,0.00018178,5.39653,3.79343e-05,7.16572e-06,0.959044,4.42974e-06,1.48389e-05,-0.0372044,0.0722593,8.36091,0.00841428,0.00838832,2.5852e-05,8.30164526292536e-06
"355",89026.6,5.39206,3.88105,4.0284,3.98855,3.97532,0.364269,1.76594,-7.8593,0.475418,-0.394322,0.112369,-33.161,0,294.043,285.043,0.000181843,5.39721,3.79559e-05,7.15987e-06,0.959098,4.42944e-06,1.48413e-05,-0.0371886,0.0722671,8.3604,0.00841923,0.00839322,2.58595e-05,8.30084382336692e-06
"356",89278.2,5.39502,3.88222,4.02961,3.98972,3.97647,0.364397,1.76656,-7.85842,0.475766,-0.394017,0.112414,-33.1625,0,294.048,285.048,0.000181907,5.39789,3.79776e-05,7.15399e-06,0.959067,4.42912e-06,1.48437e-05,-0.0371606,0.0722749,8.35988,0.00842418,0.00839814,2.5867e-05,8.3000236451603e-06
"357",89530.2,5.39802,3.88338,4.03082,3.99089,3.97763,0.364525,1.76719,-7.85754,0.47614,-0.393711,0.112458,-33.164,0,294.052,285.052,0.000181971,5.39856,3.79994e-05,7.14808e-06,0.958984,4.4288e-06,1.4846e-05,-0.0371249,0.0722828,8.35935,0.00842914,0.00840309,2.58746e-05,8.29922117985334e-06
"358",89782.2,5.40104,3.88453,4.03203,3.99206,3.97878,0.364653,1.76781,-7.85667,0.476538,-0.393403,0.112502,-33.1655,0,294.057,285.057,0.000182035,5.39924,3.80212e-05,7.14216e-06,0.958855,4.42847e-06,1.48483e-05,-0.0370823,0.0722906,8.35882,0.00843405,0.00840806,2.58821e-05,8.29841820622106e-06
"359",90033.4,5.40398,3.88571,4.03324,3.99322,3.97993,0.364781,1.76843,-7.85578,0.476861,-0.393096,0.112547,-33.167,0,294.062,285.062,0.000182099,5.3999,3.80428e-05,7.13631e-06,0.958892,4.42817e-06,1.48506e-05,-0.0370632,0.0722983,8.3583,0.00843901,0.00841298,2.58896e-05,8.29759645656241e-06
"360",90284.8,5.40695,3.88687,4.03445,3.99439,3.98108,0.364909,1.76905,-7.8549,0.477215,-0.392787,0.112591,-33.1685,0,294.067,285.067,0.000182162,5.40057,3.80645e-05,7.13043e-06,0.958868,4.42786e-06,1.4853e-05,-0.0370353,0.072306,8.35778,0.00844398,0.00841791,2.58972e-05,8.29679245226124e-06
"361",90536.5,5.40995,3.88803,4.03566,3.99556,3.98223,0.365037,1.76968,-7.85402,0.477591,-0.392476,0.112635,-33.17,0,294.072,285.072,0.000182226,5.40123,3.80863e-05,7.12454e-06,0.958798,4.42754e-06,1.48553e-05,-0.0370006,0.0723136,8.35725,0.00844894,0.00842287,2.59047e-05,8.29598793719288e-06
"362",90788.2,5.41297,3.88918,4.03687,3.99673,3.98338,0.365164,1.7703,-7.85314,0.477985,-0.392164,0.11268,-33.1715,0,294.076,285.076,0.00018229,5.40189,3.8108e-05,7.11864e-06,0.958697,4.42721e-06,1.48576e-05,-0.0369611,0.0723213,8.35672,0.00845387,0.00842785,2.59123e-05,8.29516460853329e-06
"363",91039.2,5.41591,3.89035,4.03807,3.99789,3.98452,0.365292,1.77092,-7.85225,0.47832,-0.391852,0.112724,-33.173,0,294.081,285.081,0.000182354,5.40255,3.81297e-05,7.11279e-06,0.958729,4.42691e-06,1.48599e-05,-0.0369403,0.0723289,8.35621,0.00845884,0.00843278,2.59198e-05,8.29435905783778e-06
"364",91290.4,5.41889,3.89151,4.03928,3.99906,3.98567,0.36542,1.77154,-7.85136,0.478682,-0.391539,0.112769,-33.1744,0,294.086,285.086,0.000182418,5.4032,3.81514e-05,7.10693e-06,0.958705,4.42659e-06,1.48623e-05,-0.0369115,0.0723365,8.35569,0.00846382,0.00843774,2.59274e-05,8.29353466830867e-06
"365",91541.8,5.4219,3.89267,4.04049,4.00022,3.98682,0.365548,1.77217,-7.85047,0.479065,-0.391224,0.112813,-33.1759,0,294.091,285.091,0.000182481,5.40386,3.81731e-05,7.10104e-06,0.958639,4.42627e-06,1.48646e-05,-0.0368764,0.072344,8.35516,0.00846879,0.00844272,2.5935e-05,8.29272807864675e-06
"366",91793.2,5.42491,3.89382,4.04169,4.00139,3.98797,0.365676,1.77279,-7.84958,0.47946,-0.390908,0.112858,-33.1774,0,294.095,285.095,0.000182545,5.40451,3.81948e-05,7.09515e-06,0.958549,4.42595e-06,1.48669e-05,-0.0368378,0.0723516,8.35463,0.00847378,0.0084477,2.59425e-05,8.29190262482415e-06
"367",92044.3,5.4279,3.89498,4.0429,4.00255,3.98911,0.365804,1.77341,-7.84869,0.47983,-0.390591,0.112902,-33.1789,0,294.1,285.1,0.000182609,5.40516,3.82165e-05,7.08929e-06,0.958517,4.42563e-06,1.48692e-05,-0.0368074,0.0723591,8.35411,0.00847876,0.00845267,2.59501e-05,8.29109499283928e-06
"368",92295.1,5.43087,3.89614,4.0441,4.00371,3.99026,0.365931,1.77404,-7.8478,0.480178,-0.390274,0.112947,-33.1804,0,294.105,285.105,0.000182673,5.4058,3.82382e-05,7.08345e-06,0.958536,4.42533e-06,1.48715e-05,-0.0367839,0.0723665,8.35359,0.00848375,0.00845762,2.59577e-05,8.29026847128149e-06
"369",92545.9,5.43384,3.8973,4.04531,4.00488,3.9914,0.366059,1.77466,-7.84692,0.480539,-0.389955,0.112991,-33.1819,0,294.11,285.11,0.000182737,5.40644,3.82598e-05,7.0776e-06,0.958531,4.42501e-06,1.48739e-05,-0.0367569,0.0723739,8.35307,0.00848869,0.00846258,2.59652e-05,8.28945979359974e-06
"370",92796.6,5.43682,3.89846,4.04651,4.00604,3.99254,0.366187,1.77528,-7.84603,0.480901,-0.389635,0.113036,-33.1833,0,294.114,285.114,0.0001828,5.40708,3.82815e-05,7.07176e-06,0.958533,4.4247e-06,1.48762e-05,-0.0367305,0.0723813,8.35255,0.00849369,0.00846754,2.59728e-05,8.28863220084723e-06
"371",93047.7,5.43983,3.89962,4.04771,4.0072,3.99369,0.366315,1.7759,-7.84514,0.48129,-0.389314,0.113081,-33.1848,0,294.119,285.119,0.000182864,5.40772,3.83032e-05,7.06589e-06,0.958478,4.42439e-06,1.48785e-05,-0.0366958,0.0723887,8.35203,0.00849868,0.00847253,2.59804e-05,8.28780406515688e-06
"372",93298.8,5.44287,3.90075,4.04892,4.00836,3.99483,0.366443,1.77652,-7.84425,0.481709,-0.388992,0.113125,-33.1863,0,294.124,285.124,0.000182928,5.40835,3.83249e-05,7.06e-06,0.958363,4.42406e-06,1.48808e-05,-0.0366523,0.0723961,8.3515,0.00850364,0.00847755,2.5988e-05,8.28699380665244e-06
"373",93549.1,5.44581,3.90193,4.05012,4.00952,3.99597,0.36657,1.77715,-7.84335,0.482042,-0.388669,0.11317,-33.1878,0,294.129,285.129,0.000182992,5.40898,3.83465e-05,7.0542e-06,0.958441,4.42376e-06,1.48831e-05,-0.0366362,0.0724034,8.35098,0.00850864,0.0084825,2.59956e-05,8.2861645945247e-06
"374",93799.6,5.44879,3.90308,4.05132,4.01068,3.99711,0.366698,1.77777,-7.84245,0.482413,-0.388346,0.113215,-33.1892,0,294.133,285.133,0.000183056,5.40961,3.83682e-05,7.04837e-06,0.958439,4.42345e-06,1.48855e-05,-0.0366084,0.0724107,8.35046,0.00851365,0.00848749,2.60032e-05,8.28533483679794e-06
"375",94050.4,5.45181,3.90423,4.05252,4.01184,3.99826,0.366826,1.77839,-7.84155,0.482809,-0.38802,0.11326,-33.1907,0,294.138,285.138,0.000183119,5.41024,3.83899e-05,7.04251e-06,0.958384,4.42313e-06,1.48878e-05,-0.0365729,0.072418,8.34994,0.00851865,0.00849249,2.60108e-05,8.28450453257383e-06
"376",94301.2,5.45484,3.90537,4.05372,4.013,3.9994,0.366954,1.77901,-7.84066,0.483226,-0.387694,0.113304,-33.1922,0,294.143,285.143,0.000183183,5.41087,3.84116e-05,7.03664e-06,0.958288,4.4228e-06,1.48901e-05,-0.0365314,0.0724253,8.34941,0.00852366,0.00849752,2.60185e-05,8.28369215027451e-06
"377",94551.6,5.45784,3.90652,4.05492,4.01415,4.00054,0.367081,1.77964,-7.83976,0.483607,-0.387367,0.113349,-33.1936,0,294.148,285.148,0.000183247,5.41149,3.84333e-05,7.03081e-06,0.958271,4.42249e-06,1.48924e-05,-0.0365011,0.0724325,8.34889,0.00852868,0.00850251,2.60261e-05,8.28286076254541e-06
"378",94801.7,5.4608,3.90769,4.05612,4.01531,4.00167,0.367209,1.78026,-7.83886,0.483956,-0.387039,0.113394,-33.1951,0,294.153,285.153,0.000183311,5.41211,3.84549e-05,7.02501e-06,0.958329,4.42219e-06,1.48947e-05,-0.0364813,0.0724397,8.34838,0.00853369,0.00850748,2.60337e-05,8.28202882562976e-06
"379",95051.9,5.46378,3.90885,4.05732,4.01647,4.00281,0.367337,1.78088,-7.83796,0.484324,-0.38671,0.113439,-33.1966,0,294.157,285.157,0.000183374,5.41273,3.84765e-05,7.0192e-06,0.958349,4.42188e-06,1.4897e-05,-0.0364559,0.0724468,8.34786,0.00853867,0.00851247,2.60413e-05,8.28119633861973e-06
"380",95301.9,5.46676,3.91,4.05851,4.01762,4.00395,0.367464,1.7815,-7.83706,0.484696,-0.386381,0.113483,-33.198,0,294.162,285.162,0.000183438,5.41335,3.84981e-05,7.01339e-06,0.958365,4.42157e-06,1.48994e-05,-0.0364297,0.072454,8.34734,0.00854369,0.00851746,2.60489e-05,8.28038181855372e-06
"381",95552.4,5.46978,3.91115,4.05971,4.01878,4.00509,0.367592,1.78212,-7.83616,0.485098,-0.386049,0.113528,-33.1995,0,294.167,285.167,0.000183502,5.41396,3.85198e-05,7.00755e-06,0.958321,4.42125e-06,1.49017e-05,-0.0363946,0.0724611,8.34682,0.00854872,0.00852248,2.60566e-05,8.27954824089657e-06
"382",95802.9,5.47284,3.91228,4.06091,4.01993,4.00623,0.36772,1.78275,-7.83527,0.485537,-0.385717,0.113573,-33.201,0,294.172,285.172,0.000183566,5.41458,3.85415e-05,7.00168e-06,0.958199,4.42093e-06,1.49039e-05,-0.0363483,0.0724682,8.34629,0.0085537,0.00852753,2.60642e-05,8.27871411042744e-06
"383",96055.9,5.47587,3.91344,4.06212,4.0211,4.00738,0.367849,1.78337,-7.83436,0.48593,-0.385379,0.113619,-33.2024,0,294.176,285.176,0.00018363,5.4152,3.85634e-05,6.99579e-06,0.958194,4.42061e-06,1.49063e-05,-0.0363181,0.0724754,8.34576,0.00855878,0.00853261,2.60719e-05,8.27786087139483e-06
"384",96308.9,5.47891,3.9146,4.06333,4.02227,4.00853,0.367978,1.784,-7.83344,0.486324,-0.385041,0.113664,-33.2039,0,294.181,285.181,0.000183695,5.41581,3.85853e-05,6.98991e-06,0.958191,4.42029e-06,1.49086e-05,-0.0362879,0.0724826,8.34524,0.00856387,0.00853769,2.60797e-05,8.27702562021096e-06
"385",96561.9,5.48194,3.91577,4.06454,4.02344,4.00967,0.368108,1.78463,-7.83253,0.486718,-0.384702,0.11371,-33.2054,0,294.186,285.186,0.000183759,5.41643,3.86071e-05,6.98404e-06,0.958189,4.41998e-06,1.49109e-05,-0.0362578,0.0724897,8.34471,0.00856896,0.00854277,2.60874e-05,8.2761712336335e-06
"386",96814.7,5.48498,3.91693,4.06575,4.0246,4.01082,0.368237,1.78526,-7.83161,0.487114,-0.384362,0.113755,-33.2069,0,294.191,285.191,0.000183824,5.41704,3.8629e-05,6.97816e-06,0.958189,4.41967e-06,1.49133e-05,-0.0362277,0.0724968,8.34419,0.00857405,0.00854785,2.60952e-05,8.27533485796288e-06
"387",97067.5,5.48801,3.91809,4.06696,4.02577,4.01197,0.368366,1.78589,-7.83069,0.48751,-0.384021,0.113801,-33.2083,0,294.196,285.196,0.000183888,5.41765,3.86509e-05,6.97229e-06,0.958191,4.41935e-06,1.49156e-05,-0.0361976,0.0725039,8.34366,0.00857914,0.00855294,2.61029e-05,8.27447931997436e-06
"388",97320.2,5.49105,3.91925,4.06817,4.02694,4.01312,0.368495,1.78652,-7.82978,0.487908,-0.383679,0.113847,-33.2098,0,294.2,285.2,0.000183953,5.41826,3.86728e-05,6.96642e-06,0.958194,4.41904e-06,1.49179e-05,-0.0361676,0.0725109,8.34314,0.00858424,0.00855803,2.61107e-05,8.27362319847612e-06
"389",97572.9,5.49409,3.92041,4.06938,4.0281,4.01426,0.368624,1.78715,-7.82886,0.488307,-0.383336,0.113892,-33.2113,0,294.205,285.205,0.000184017,5.41886,3.86946e-05,6.96056e-06,0.958199,4.41872e-06,1.49203e-05,-0.0361377,0.0725179,8.34261,0.00858934,0.00856312,2.61185e-05,8.27278512273796e-06
"390",97825.5,5.49713,3.92157,4.07058,4.02926,4.01541,0.368754,1.78778,-7.82794,0.488707,-0.382992,0.113938,-33.2127,0,294.21,285.21,0.000184082,5.41947,3.87165e-05,6.9547e-06,0.958205,4.41841e-06,1.49226e-05,-0.0361077,0.0725249,8.34209,0.00859445,0.00856821,2.61262e-05,8.27192784396866e-06
"391",98078,5.50016,3.92273,4.07179,4.03043,4.01656,0.368883,1.78841,-7.82702,0.489108,-0.382647,0.113984,-33.2142,0,294.215,285.215,0.000184146,5.42007,3.87384e-05,6.94884e-06,0.958213,4.4181e-06,1.49249e-05,-0.0360779,0.0725319,8.34156,0.00859955,0.00857331,2.6134e-05,8.27106997871538e-06
"392",98330.5,5.5032,3.92389,4.073,4.03159,4.0177,0.369012,1.78904,-7.8261,0.48951,-0.382301,0.114029,-33.2157,0,294.219,285.219,0.000184211,5.42067,3.87602e-05,6.94298e-06,0.958222,4.41778e-06,1.49273e-05,-0.036048,0.0725389,8.34104,0.00860466,0.00857841,2.61418e-05,8.27023019424411e-06
"393",98582.9,5.50624,3.92505,4.0742,4.03275,4.01884,0.369141,1.78967,-7.82518,0.489913,-0.381954,0.114075,-33.2171,0,294.224,285.224,0.000184275,5.42127,3.87821e-05,6.93713e-06,0.958233,4.41747e-06,1.49296e-05,-0.0360182,0.0725459,8.34052,0.00860977,0.00858352,2.61496e-05,8.26937116581191e-06
"394",98835.2,5.50928,3.92621,4.07541,4.03392,4.01999,0.36927,1.7903,-7.82425,0.490317,-0.381606,0.114121,-33.2186,0,294.229,285.229,0.00018434,5.42187,3.88039e-05,6.93128e-06,0.958246,4.41716e-06,1.49319e-05,-0.0359884,0.0725528,8.33999,0.00861489,0.00858863,2.61574e-05,8.26851154789714e-06
"395",99087.5,5.51232,3.92736,4.07661,4.03508,4.02113,0.3694,1.79092,-7.82333,0.490721,-0.381257,0.114167,-33.22,0,294.234,285.234,0.000184404,5.42246,3.88257e-05,6.92543e-06,0.95826,4.41685e-06,1.49343e-05,-0.0359587,0.0725597,8.33947,0.00862001,0.00859374,2.61652e-05,8.26765133948747e-06
"396",99339.7,5.51536,3.92852,4.07782,4.03624,4.02227,0.369529,1.79155,-7.82241,0.491127,-0.380907,0.114212,-33.2215,0,294.239,285.239,0.000184469,5.42305,3.88476e-05,6.91959e-06,0.958276,4.41654e-06,1.49366e-05,-0.035929,0.0725666,8.33895,0.00862513,0.00859885,2.6173e-05,8.26680925890634e-06
"397",99591.8,5.5184,3.92968,4.07902,4.0374,4.02342,0.369658,1.79218,-7.82148,0.491534,-0.380556,0.114258,-33.223,0,294.243,285.243,0.000184533,5.42365,3.88694e-05,6.91375e-06,0.958293,4.41623e-06,1.49389e-05,-0.0358994,0.0725734,8.33843,0.00863026,0.00860397,2.61808e-05,8.26594787935062e-06
"398",99843.9,5.52144,3.93083,4.08022,4.03856,4.02456,0.369787,1.79281,-7.82056,0.491942,-0.380204,0.114304,-33.2244,0,294.248,285.248,0.000184598,5.42424,3.88912e-05,6.90792e-06,0.958312,4.41591e-06,1.49413e-05,-0.0358697,0.0725803,8.3379,0.00863538,0.00860909,2.61886e-05,8.26508590626849e-06
"399",100096,5.52448,3.93199,4.08142,4.03972,4.0257,0.369916,1.79344,-7.81963,0.492351,-0.379851,0.11435,-33.2259,0,294.253,285.253,0.000184662,5.42482,3.89131e-05,6.90208e-06,0.958332,4.4156e-06,1.49436e-05,-0.0358401,0.0725871,8.33738,0.00864051,0.00861421,2.61964e-05,8.26422333863647e-06
"400",100348,5.52752,3.93314,4.08263,4.04088,4.02684,0.370045,1.79407,-7.8187,0.492761,-0.379498,0.114396,-33.2273,0,294.258,285.258,0.000184727,5.42541,3.89349e-05,6.89625e-06,0.958353,4.41529e-06,1.49459e-05,-0.0358106,0.0725939,8.33686,0.00864565,0.00861934,2.62042e-05,8.26336017542827e-06
"401",100600,5.53056,3.9343,4.08383,4.04203,4.02798,0.370174,1.7947,-7.81777,0.493172,-0.379143,0.114442,-33.2288,0,294.262,285.262,0.000184791,5.42599,3.89567e-05,6.89042e-06,0.958377,4.41498e-06,1.49482e-05,-0.0357811,0.0726007,8.33634,0.00865079,0.00862447,2.62121e-05,8.26249641561476e-06
"402",100851,5.5336,3.93545,4.08503,4.04319,4.02912,0.370303,1.79533,-7.81685,0.493584,-0.378787,0.114488,-33.2302,0,294.267,285.267,0.000184855,5.42658,3.89785e-05,6.8846e-06,0.958401,4.41467e-06,1.49506e-05,-0.0357516,0.0726075,8.33582,0.00865593,0.0086296,2.62199e-05,8.26163205816395e-06
"403",101103,5.53664,3.9366,4.08623,4.04435,4.03026,0.370433,1.79595,-7.81592,0.493997,-0.378431,0.114534,-33.2316,0,294.272,285.272,0.00018492,5.42716,3.90003e-05,6.87878e-06,0.958427,4.41436e-06,1.49529e-05,-0.0357222,0.0726142,8.3353,0.00866107,0.00863473,2.62277e-05,8.26076710204101e-06
"404",101355,5.53968,3.93776,4.08743,4.04551,4.03139,0.370562,1.79658,-7.81499,0.494411,-0.378073,0.11458,-33.2331,0,294.277,285.277,0.000184984,5.42774,3.90222e-05,6.87296e-06,0.958455,4.41406e-06,1.49552e-05,-0.0356928,0.072621,8.33478,0.00866622,0.00863987,2.62356e-05,8.25990154620822e-06
"405",101606,5.54272,3.93891,4.08863,4.04666,4.03253,0.370691,1.79721,-7.81406,0.494826,-0.377715,0.114626,-33.2345,0,294.281,285.281,0.000185049,5.42832,3.9044e-05,6.86715e-06,0.958484,4.41375e-06,1.49576e-05,-0.0356634,0.0726277,8.33426,0.00867136,0.00864501,2.62434e-05,8.259035389625e-06
"406",101858,5.54576,3.94006,4.08983,4.04782,4.03367,0.37082,1.79784,-7.81313,0.495242,-0.377355,0.114672,-33.236,0,294.286,285.286,0.000185113,5.42889,3.90658e-05,6.86133e-06,0.958514,4.41344e-06,1.49599e-05,-0.035634,0.0726344,8.33374,0.00867652,0.00865016,2.62513e-05,8.25816863124785e-06
"407",102109,5.5488,3.94121,4.09103,4.04897,4.03481,0.370949,1.79847,-7.81219,0.495659,-0.376995,0.114719,-33.2374,0,294.291,285.291,0.000185178,5.42947,3.90875e-05,6.85552e-06,0.958546,4.41313e-06,1.49622e-05,-0.0356047,0.0726411,8.33322,0.00868167,0.00865531,2.62591e-05,8.25728240764885e-06
"408",102361,5.55185,3.94236,4.09222,4.05013,4.03594,0.371078,1.7991,-7.81126,0.496077,-0.376633,0.114765,-33.2388,0,294.296,285.296,0.000185242,5.43004,3.91093e-05,6.84972e-06,0.958579,4.41282e-06,1.49645e-05,-0.0355754,0.0726477,8.3327,0.00868683,0.00866046,2.6267e-05,8.25641442940207e-06
"409",102612,5.55489,3.94351,4.09342,4.05128,4.03708,0.371207,1.79973,-7.81033,0.496496,-0.376271,0.114811,-33.2403,0,294.3,285.3,0.000185307,5.43061,3.91311e-05,6.84391e-06,0.958614,4.41252e-06,1.49669e-05,-0.0355462,0.0726544,8.33218,0.00869199,0.00866561,2.62749e-05,8.25554584619056e-06
"410",102863,5.55793,3.94466,4.09462,4.05243,4.03821,0.371336,1.80035,-7.80939,0.496916,-0.375908,0.114857,-33.2417,0,294.305,285.305,0.000185371,5.43118,3.91529e-05,6.83811e-06,0.95865,4.41221e-06,1.49692e-05,-0.035517,0.072661,8.33166,0.00869716,0.00867077,2.62828e-05,8.25467665695908e-06
"411",103115,5.56097,3.94581,4.09582,4.05359,4.03935,0.371465,1.80098,-7.80846,0.497336,-0.375544,0.114904,-33.2431,0,294.31,285.31,0.000185435,5.43175,3.91747e-05,6.83231e-06,0.958688,4.4119e-06,1.49715e-05,-0.0354878,0.0726676,8.33114,0.00870232,0.00867593,2.62906e-05,8.25378794528397e-06
"412",103366,5.56401,3.94696,4.09701,4.05474,4.04048,0.371594,1.80161,-7.80752,0.497758,-0.375179,0.11495,-33.2446,0,294.315,285.315,0.0001855,5.43232,3.91965e-05,6.82652e-06,0.958727,4.4116e-06,1.49738e-05,-0.0354587,0.0726742,8.33062,0.0087075,0.00868109,2.62985e-05,8.25291752760285e-06
"413",103617,5.56706,3.94811,4.09821,4.05589,4.04162,0.371723,1.80224,-7.80659,0.498181,-0.374813,0.114996,-33.246,0,294.319,285.319,0.000185564,5.43288,3.92182e-05,6.82073e-06,0.958767,4.41129e-06,1.49762e-05,-0.0354295,0.0726808,8.3301,0.00871267,0.00868626,2.63064e-05,8.25204650069518e-06
"414",103868,5.5701,3.94926,4.0994,4.05704,4.04275,0.371852,1.80287,-7.80565,0.498604,-0.374446,0.115043,-33.2474,0,294.324,285.324,0.000185629,5.43345,3.924e-05,6.81494e-06,0.958809,4.41099e-06,1.49785e-05,-0.0354005,0.0726874,8.32959,0.00871785,0.00869142,2.63143e-05,8.25115590807316e-06
"415",104119,5.57314,3.95041,4.1006,4.05819,4.04388,0.371981,1.8035,-7.80471,0.499029,-0.374079,0.115089,-33.2489,0,294.329,285.329,0.000185693,5.43401,3.92618e-05,6.80915e-06,0.958852,4.41068e-06,1.49808e-05,-0.0353714,0.0726939,8.32907,0.00872303,0.0086966,2.63222e-05,8.25028364620552e-06
"416",104370,5.57618,3.95155,4.10179,4.05934,4.04501,0.37211,1.80412,-7.80377,0.499454,-0.37371,0.115135,-33.2503,0,294.334,285.334,0.000185757,5.43457,3.92835e-05,6.80337e-06,0.958896,4.41038e-06,1.49832e-05,-0.0353424,0.0727005,8.32855,0.00872821,0.00870177,2.63301e-05,8.24941077187753e-06
"417",104621,5.57923,3.9527,4.10299,4.06049,4.04615,0.372239,1.80475,-7.80284,0.499881,-0.373341,0.115182,-33.2517,0,294.338,285.338,0.000185822,5.43513,3.93053e-05,6.79759e-06,0.958942,4.41007e-06,1.49855e-05,-0.0353134,0.072707,8.32803,0.00873339,0.00870695,2.6338e-05,8.2485182883244e-06
"418",104871,5.58227,3.95385,4.10418,4.06164,4.04728,0.372368,1.80538,-7.8019,0.500308,-0.37297,0.115228,-33.2531,0,294.343,285.343,0.000185886,5.43569,3.93271e-05,6.79181e-06,0.958989,4.40977e-06,1.49878e-05,-0.0352844,0.0727135,8.32752,0.00873858,0.00871213,2.6346e-05,8.24764417247074e-06
"419",105122,5.58531,3.95499,4.10537,4.06279,4.04841,0.372497,1.80601,-7.80096,0.500736,-0.372599,0.115275,-33.2545,0,294.348,285.348,0.000185951,5.43625,3.93488e-05,6.78603e-06,0.959037,4.40947e-06,1.49901e-05,-0.0352555,0.07272,8.327,0.00874378,0.00871731,2.63539e-05,8.2467504181453e-06
"420",105373,5.58835,3.95614,4.10656,4.06394,4.04954,0.372626,1.80664,-7.80001,0.501166,-0.372227,0.115321,-33.2559,0,294.352,285.352,0.000186015,5.43681,3.93705e-05,6.78026e-06,0.959087,4.40916e-06,1.49924e-05,-0.0352266,0.0727264,8.32649,0.00874897,0.0087225,2.63618e-05,8.24587505634184e-06
"421",105623,5.5914,3.95728,4.10775,4.06509,4.05067,0.372755,1.80726,-7.79907,0.501596,-0.371854,0.115368,-33.2574,0,294.357,285.357,0.000186079,5.43736,3.93923e-05,6.77449e-06,0.959138,4.40886e-06,1.49948e-05,-0.0351977,0.0727329,8.32597,0.00875417,0.00872769,2.63698e-05,8.24498002671092e-06
"422",105874,5.59444,3.95842,4.10895,4.06624,4.0518,0.372884,1.80789,-7.79813,0.502027,-0.37148,0.115415,-33.2588,0,294.362,285.362,0.000186144,5.43791,3.9414e-05,6.76872e-06,0.959191,4.40856e-06,1.49971e-05,-0.0351689,0.0727393,8.32545,0.00875937,0.00873289,2.63777e-05,8.24408435083815e-06
"423",106124,5.59748,3.95957,4.11014,4.06738,4.05292,0.373013,1.80852,-7.79719,0.502459,-0.371105,0.115461,-33.2602,0,294.367,285.367,0.000186208,5.43847,3.94358e-05,6.76295e-06,0.959245,4.40826e-06,1.49994e-05,-0.03514,0.0727457,8.32494,0.00876458,0.00873808,2.63856e-05,8.24320710501272e-06
"424",106374,5.60053,3.96071,4.11133,4.06853,4.05405,0.373142,1.80915,-7.79625,0.502892,-0.370729,0.115508,-33.2616,0,294.371,285.371,0.000186272,5.43902,3.94575e-05,6.75719e-06,0.9593,4.40795e-06,1.50017e-05,-0.0351113,0.0727521,8.32442,0.00876978,0.00874328,2.63936e-05,8.24231014696134e-06
"425",106625,5.60357,3.96185,4.11252,4.06967,4.05518,0.373271,1.80978,-7.7953,0.503325,-0.370353,0.115555,-33.263,0,294.376,285.376,0.000186337,5.43957,3.94792e-05,6.75143e-06,0.959356,4.40765e-06,1.50041e-05,-0.0350825,0.0727585,8.32391,0.00877499,0.00874848,2.64016e-05,8.24141253917963e-06
"426",106875,5.60661,3.963,4.11371,4.07082,4.05631,0.3734,1.8104,-7.79436,0.50376,-0.369975,0.115601,-33.2644,0,294.381,285.381,0.000186401,5.44011,3.9501e-05,6.74567e-06,0.959414,4.40735e-06,1.50064e-05,-0.0350538,0.0727649,8.3234,0.00878021,0.00875369,2.64095e-05,8.24053339916204e-06
"427",107125,5.60965,3.96414,4.11489,4.07196,4.05743,0.373529,1.81103,-7.79341,0.504196,-0.369597,0.115648,-33.2658,0,294.385,285.385,0.000186466,5.44066,3.95227e-05,6.73992e-06,0.959473,4.40705e-06,1.50087e-05,-0.0350251,0.0727713,8.32288,0.00878543,0.0087589,2.64175e-05,8.23963450226914e-06
"428",107375,5.6127,3.96528,4.11608,4.07311,4.05856,0.373658,1.81166,-7.79247,0.504632,-0.369218,0.115695,-33.2672,0,294.39,285.39,0.00018653,5.44121,3.95444e-05,6.73416e-06,0.959533,4.40675e-06,1.5011e-05,-0.0349964,0.0727776,8.32237,0.00879065,0.00876411,2.64255e-05,8.2387349521272e-06
"429",107625,5.61574,3.96642,4.11727,4.07425,4.05968,0.373787,1.81229,-7.79152,0.50507,-0.368838,0.115742,-33.2686,0,294.395,285.395,0.000186594,5.44175,3.95661e-05,6.72841e-06,0.959595,4.40645e-06,1.50134e-05,-0.0349677,0.072784,8.32186,0.00879587,0.00876933,2.64334e-05,8.23783474754809e-06
"430",107878,5.61876,3.9676,4.11847,4.07541,4.06082,0.373917,1.81292,-7.79055,0.505458,-0.368453,0.115789,-33.27,0,294.399,285.399,0.000186659,5.4423,3.9588e-05,6.72265e-06,0.959779,4.40617e-06,1.50158e-05,-0.0349561,0.0727903,8.32135,0.00880119,0.00877457,2.64415e-05,8.23693388734023e-06
"431",108130,5.62181,3.96876,4.11967,4.07656,4.06196,0.374047,1.81356,-7.78959,0.505885,-0.368067,0.115836,-33.2714,0,294.404,285.404,0.000186724,5.44284,3.96099e-05,6.71686e-06,0.959882,4.40587e-06,1.50181e-05,-0.0349327,0.0727967,8.32083,0.00880647,0.00877984,2.64496e-05,8.23603237030856e-06
"432",108383,5.62491,3.96991,4.12087,4.07772,4.0631,0.374178,1.81419,-7.78863,0.506344,-0.367679,0.115884,-33.2729,0,294.409,285.409,0.000186789,5.44339,3.96319e-05,6.71103e-06,0.959921,4.40556e-06,1.50205e-05,-0.0348998,0.0728031,8.32031,0.00881176,0.00878514,2.64577e-05,8.23511099288264e-06
"433",108636,5.628,3.97105,4.12207,4.07888,4.06423,0.374308,1.81483,-7.78767,0.506806,-0.367291,0.115932,-33.2743,0,294.414,285.414,0.000186855,5.44394,3.96539e-05,6.70521e-06,0.959956,4.40526e-06,1.50228e-05,-0.0348661,0.0728094,8.31979,0.00881709,0.00879044,2.64658e-05,8.23418892785506e-06
"434",108889,5.63112,3.97219,4.12327,4.08003,4.06537,0.374439,1.81546,-7.78671,0.507289,-0.366902,0.115979,-33.2757,0,294.418,285.418,0.00018692,5.44448,3.96759e-05,6.69937e-06,0.959949,4.40494e-06,1.50251e-05,-0.0348263,0.0728158,8.31926,0.00882238,0.00879577,2.64739e-05,8.23328540501644e-06
"435",109142,5.6342,3.97334,4.12447,4.08119,4.06651,0.374569,1.8161,-7.78575,0.507737,-0.366512,0.116027,-33.2771,0,294.423,285.423,0.000186985,5.44503,3.96979e-05,6.69356e-06,0.960021,4.40464e-06,1.50275e-05,-0.0347977,0.0728221,8.31875,0.00882768,0.00880106,2.6482e-05,8.23236197532061e-06
"436",109394,5.63723,3.97451,4.12567,4.08234,4.06764,0.374699,1.81673,-7.78479,0.508148,-0.366122,0.116074,-33.2785,0,294.428,285.428,0.00018705,5.44557,3.97198e-05,6.6878e-06,0.960178,4.40435e-06,1.50299e-05,-0.0347811,0.0728284,8.31824,0.00883298,0.00880633,2.64902e-05,8.23145711377044e-06
"437",109646,5.64029,3.97567,4.12687,4.08349,4.06878,0.37483,1.81737,-7.78383,0.50858,-0.365731,0.116122,-33.2799,0,294.432,285.432,0.000187115,5.44611,3.97417e-05,6.68202e-06,0.960289,4.40406e-06,1.50322e-05,-0.034758,0.0728347,8.31772,0.00883828,0.00881162,2.64983e-05,8.2305323143458e-06
"438",109899,5.64338,3.97681,4.12807,4.08465,4.06991,0.37496,1.818,-7.78287,0.509038,-0.365338,0.11617,-33.2813,0,294.437,285.437,0.00018718,5.44665,3.97636e-05,6.67621e-06,0.960345,4.40376e-06,1.50346e-05,-0.0347266,0.072841,8.31721,0.00884358,0.00881693,2.65064e-05,8.2296068209137e-06
"439",110152,5.64652,3.97794,4.12926,4.0858,4.07105,0.375091,1.81864,-7.78191,0.509537,-0.364944,0.116217,-33.2827,0,294.442,285.442,0.000187245,5.44719,3.97857e-05,6.67036e-06,0.960313,4.40344e-06,1.50369e-05,-0.0346827,0.0728473,8.31668,0.00884889,0.00882227,2.65145e-05,8.22869993487017e-06
"440",110403,5.64954,3.97911,4.13046,4.08695,4.07218,0.375221,1.81927,-7.78094,0.509944,-0.364551,0.116265,-33.2841,0,294.447,285.447,0.00018731,5.44772,3.98075e-05,6.66462e-06,0.960487,4.40316e-06,1.50392e-05,-0.0346682,0.0728535,8.31617,0.00885425,0.00882755,2.65226e-05,8.22777306403498e-06
"441",110655,5.6526,3.98027,4.13166,4.0881,4.07331,0.375351,1.81991,-7.77997,0.510382,-0.364156,0.116313,-33.2855,0,294.451,285.451,0.000187375,5.44826,3.98294e-05,6.65884e-06,0.960597,4.40286e-06,1.50416e-05,-0.0346442,0.0728598,8.31566,0.00885956,0.00883285,2.65308e-05,8.22684549529742e-06
"442",110908,5.6557,3.98141,4.13285,4.08925,4.07444,0.375481,1.82054,-7.77901,0.51085,-0.36376,0.116361,-33.2869,0,294.456,285.456,0.00018744,5.44879,3.98514e-05,6.65304e-06,0.960646,4.40256e-06,1.50439e-05,-0.0346113,0.072866,8.31514,0.00886488,0.00883818,2.65389e-05,8.22591722734225e-06
"443",111160,5.65879,3.98255,4.13405,4.0904,4.07558,0.375612,1.82118,-7.77804,0.511317,-0.363363,0.116408,-33.2883,0,294.461,285.461,0.000187505,5.44933,3.98733e-05,6.64724e-06,0.9607,4.40226e-06,1.50463e-05,-0.0345789,0.0728723,8.31462,0.00887024,0.00884352,2.65471e-05,8.22500761951467e-06
"444",111412,5.6619,3.98369,4.13524,4.09155,4.07671,0.375742,1.82181,-7.77707,0.511798,-0.362966,0.116456,-33.2897,0,294.466,285.466,0.00018757,5.44986,3.98953e-05,6.64143e-06,0.960728,4.40196e-06,1.50486e-05,-0.0345426,0.0728785,8.3141,0.00887557,0.00884886,2.65553e-05,8.22407796379834e-06
"445",111664,5.66497,3.98484,4.13644,4.0927,4.07784,0.375872,1.82245,-7.7761,0.512256,-0.362567,0.116504,-33.2911,0,294.47,285.47,0.000187636,5.45039,3.99172e-05,6.63565e-06,0.96081,4.40166e-06,1.5051e-05,-0.0345139,0.0728847,8.31359,0.00888089,0.00885419,2.65635e-05,8.22314760492252e-06
"446",111916,5.66802,3.98599,4.13763,4.09385,4.07897,0.376003,1.82308,-7.77514,0.512686,-0.362169,0.116552,-33.2925,0,294.475,285.475,0.000187701,5.45092,3.99391e-05,6.6299e-06,0.960955,4.40137e-06,1.50533e-05,-0.0344941,0.0728908,8.31308,0.00888622,0.0088595,2.65716e-05,8.2222165415561e-06
"447",112167,5.67108,3.98715,4.13882,4.095,4.0801,0.376133,1.82371,-7.77417,0.513129,-0.361769,0.1166,-33.2938,0,294.48,285.48,0.000187766,5.45145,3.9961e-05,6.62414e-06,0.961073,4.40108e-06,1.50557e-05,-0.0344705,0.072897,8.31257,0.00889156,0.00886482,2.65798e-05,8.22128477236391e-06
"448",112419,5.67417,3.98829,4.14002,4.09615,4.08123,0.376263,1.82435,-7.77321,0.513595,-0.361368,0.116648,-33.2952,0,294.484,285.484,0.000187831,5.45198,3.99829e-05,6.61835e-06,0.961144,4.40078e-06,1.5058e-05,-0.0344399,0.0729032,8.31205,0.00889689,0.00887016,2.6588e-05,8.22035229600675e-06
"449",112671,5.67729,3.98942,4.14121,4.0973,4.08236,0.376394,1.82498,-7.77224,0.514089,-0.360966,0.116696,-33.2966,0,294.489,285.489,0.000187896,5.45251,4.00049e-05,6.61254e-06,0.961153,4.40047e-06,1.50603e-05,-0.0344004,0.0729093,8.31153,0.00890223,0.00887552,2.65962e-05,8.21941911114132e-06
"450",112923,5.68033,3.99058,4.1424,4.09844,4.08349,0.376524,1.82562,-7.77127,0.514518,-0.360564,0.116744,-33.298,0,294.494,285.494,0.000187961,5.45303,4.00267e-05,6.6068e-06,0.961308,4.40019e-06,1.50627e-05,-0.0343816,0.0729154,8.31103,0.00890762,0.00888084,2.66043e-05,8.21848521642026e-06
"451",113174,5.68339,3.99173,4.14359,4.09959,4.08461,0.376654,1.82625,-7.77029,0.514967,-0.360161,0.116792,-33.2994,0,294.498,285.498,0.000188026,5.45355,4.00486e-05,6.60105e-06,0.961427,4.3999e-06,1.50651e-05,-0.0343573,0.0729215,8.31052,0.00891297,0.00888618,2.66125e-05,8.21755061049208e-06
"452",113426,5.68648,3.99287,4.14478,4.10074,4.08574,0.376784,1.82689,-7.76932,0.51544,-0.359757,0.11684,-33.3008,0,294.503,285.503,0.000188091,5.45408,4.00705e-05,6.59527e-06,0.961494,4.3996e-06,1.50674e-05,-0.0343257,0.0729277,8.31,0.00891832,0.00889154,2.66208e-05,8.2166152920012e-06
"453",113677,5.68961,3.99399,4.14598,4.10188,4.08687,0.376915,1.82752,-7.76836,0.515945,-0.359352,0.116888,-33.3021,0,294.508,285.508,0.000188156,5.4546,4.00925e-05,6.58946e-06,0.961494,4.39929e-06,1.50697e-05,-0.0342841,0.0729338,8.30948,0.00892367,0.00889692,2.6629e-05,8.21567925958788e-06
"454",113928,5.69264,3.99515,4.14717,4.10303,4.088,0.377045,1.82815,-7.76738,0.516369,-0.358946,0.116937,-33.3035,0,294.512,285.512,0.000188221,5.45512,4.01143e-05,6.58373e-06,0.961676,4.39901e-06,1.50721e-05,-0.0342686,0.0729398,8.30898,0.00892907,0.00890225,2.66372e-05,8.21472298869522e-06
"455",114179,5.6957,3.9963,4.14835,4.10417,4.08912,0.377175,1.82879,-7.7664,0.516818,-0.35854,0.116985,-33.3049,0,294.517,285.517,0.000188286,5.45564,4.01362e-05,6.57799e-06,0.961806,4.39872e-06,1.50745e-05,-0.0342454,0.0729459,8.30847,0.00893443,0.0089076,2.66454e-05,8.21378550939628e-06
"456",114431,5.69879,3.99744,4.14954,4.10531,4.09025,0.377305,1.82942,-7.76543,0.517296,-0.358133,0.117033,-33.3063,0,294.522,285.522,0.000188351,5.45616,4.01581e-05,6.57222e-06,0.961878,4.39843e-06,1.50768e-05,-0.0342136,0.072952,8.30796,0.00893979,0.00891297,2.66537e-05,8.21284731204205e-06
"457",114682,5.70193,3.99856,4.15074,4.10646,4.09137,0.377435,1.83006,-7.76446,0.517817,-0.357724,0.117081,-33.3076,0,294.527,285.527,0.000188416,5.45668,4.018e-05,6.56641e-06,0.961854,4.39812e-06,1.50791e-05,-0.034168,0.072958,8.30744,0.00894516,0.00891838,2.66619e-05,8.21190839525597e-06
"458",114933,5.70494,3.99972,4.15192,4.1076,4.0925,0.377565,1.83069,-7.76348,0.518232,-0.357316,0.11713,-33.309,0,294.531,285.531,0.000188481,5.45719,4.02019e-05,6.5607e-06,0.96207,4.39784e-06,1.50815e-05,-0.0341567,0.072964,8.30694,0.00895057,0.00892371,2.66701e-05,8.21094917419914e-06
"459",115184,5.708,4.00087,4.15311,4.10874,4.09362,0.377696,1.83132,-7.76251,0.518684,-0.356907,0.117178,-33.3104,0,294.536,285.536,0.000188546,5.45771,4.02237e-05,6.55497e-06,0.962206,4.39756e-06,1.50838e-05,-0.0341339,0.07297,8.30643,0.00895594,0.00892907,2.66784e-05,8.21000879934223e-06
"460",115435,5.71109,4.002,4.1543,4.10989,4.09474,0.377826,1.83196,-7.76153,0.519168,-0.356496,0.117226,-33.3117,0,294.54,285.54,0.000188611,5.45822,4.02456e-05,6.5492e-06,0.962277,4.39726e-06,1.50862e-05,-0.0341014,0.0729761,8.30592,0.00896132,0.00893446,2.66867e-05,8.20906770086938e-06
"461",115686,5.71418,4.00313,4.15549,4.11103,4.09587,0.377956,1.83259,-7.76055,0.519654,-0.356084,0.117275,-33.3131,0,294.545,285.545,0.000188676,5.45874,4.02675e-05,6.54344e-06,0.962348,4.39697e-06,1.50885e-05,-0.0340687,0.0729821,8.3054,0.00896674,0.00893986,2.66949e-05,8.20810624834486e-06
"462",115937,5.71729,4.00426,4.15667,4.11217,4.09699,0.378086,1.83323,-7.75957,0.520158,-0.355672,0.117324,-33.3144,0,294.55,285.55,0.000188741,5.45925,4.02894e-05,6.53766e-06,0.962382,4.39667e-06,1.50908e-05,-0.0340306,0.0729881,8.30489,0.00897212,0.00894527,2.67032e-05,8.20714403880011e-06
"463",116188,5.72037,4.0054,4.15786,4.11331,4.09812,0.378216,1.83386,-7.7586,0.520631,-0.355259,0.117372,-33.3158,0,294.555,285.555,0.000188806,5.45976,4.03113e-05,6.53191e-06,0.962485,4.39638e-06,1.50932e-05,-0.0340022,0.0729941,8.30438,0.00897751,0.00895065,2.67115e-05,8.20620073074437e-06
"464",116438,5.7234,4.00655,4.15904,4.11445,4.09924,0.378346,1.83449,-7.75762,0.521069,-0.354846,0.11742,-33.3172,0,294.559,285.559,0.000188871,5.46027,4.03331e-05,6.5262e-06,0.962668,4.3961e-06,1.50956e-05,-0.0339854,0.073,8.30388,0.00898289,0.00895601,2.67198e-05,8.20525669341348e-06
"465",116689,5.72646,4.0077,4.16023,4.11559,4.10036,0.378476,1.83513,-7.75665,0.521525,-0.354432,0.117469,-33.3185,0,294.564,285.564,0.000188935,5.46078,4.03549e-05,6.52048e-06,0.962813,4.39582e-06,1.50979e-05,-0.033963,0.0730059,8.30337,0.00898829,0.00896139,2.6728e-05,8.20429223494926e-06
"466",116939,5.72955,4.00883,4.16141,4.11673,4.10148,0.378607,1.83576,-7.75567,0.522006,-0.354017,0.117517,-33.3199,0,294.568,285.568,0.000189,5.46129,4.03768e-05,6.51473e-06,0.962904,4.39553e-06,1.51003e-05,-0.0339326,0.0730119,8.30286,0.00899368,0.00896679,2.67363e-05,8.20334671956304e-06
"467",117190,5.73267,4.00995,4.1626,4.11787,4.1026,0.378737,1.8364,-7.7547,0.522524,-0.3536,0.117566,-33.3212,0,294.573,285.573,0.000189065,5.4618,4.03987e-05,6.50894e-06,0.962914,4.39522e-06,1.51026e-05,-0.0338907,0.0730178,8.30235,0.00899908,0.00897222,2.67446e-05,8.20238074929537e-06
"468",117440,5.7357,4.0111,4.16378,4.11901,4.10372,0.378867,1.83703,-7.75371,0.52296,-0.353184,0.117615,-33.3226,0,294.578,285.578,0.00018913,5.4623,4.04205e-05,6.50324e-06,0.96311,4.39495e-06,1.51049e-05,-0.0338752,0.0730237,8.30185,0.00900452,0.00897759,2.67529e-05,8.20141401307794e-06
"469",117691,5.73876,4.01224,4.16496,4.12015,4.10484,0.378997,1.83766,-7.75273,0.523422,-0.352767,0.117663,-33.3239,0,294.582,285.582,0.000189195,5.46281,4.04423e-05,6.49752e-06,0.963252,4.39466e-06,1.51073e-05,-0.0338518,0.0730296,8.30134,0.00900993,0.00898298,2.67612e-05,8.20046626204531e-06
"470",117941,5.74185,4.01337,4.16615,4.12128,4.10596,0.379127,1.8383,-7.75175,0.523912,-0.352349,0.117712,-33.3253,0,294.587,285.587,0.00018926,5.46331,4.04642e-05,6.49177e-06,0.963335,4.39437e-06,1.51096e-05,-0.0338197,0.0730355,8.30083,0.00901534,0.0089884,2.67696e-05,8.19949800507202e-06
"471",118192,5.74499,4.01449,4.16733,4.12242,4.10708,0.379257,1.83893,-7.75078,0.524447,-0.351929,0.117761,-33.3266,0,294.592,285.592,0.000189325,5.46382,4.04861e-05,6.48598e-06,0.963321,4.39407e-06,1.51119e-05,-0.0337738,0.0730414,8.30032,0.00902075,0.00899386,2.67779e-05,8.19852897760518e-06
"472",118444,5.74801,4.01566,4.16852,4.12357,4.10821,0.379389,1.83957,-7.74978,0.524856,-0.351505,0.11781,-33.328,0,294.596,285.596,0.000189391,5.46432,4.05081e-05,6.48026e-06,0.963603,4.3938e-06,1.51144e-05,-0.0337695,0.0730473,8.29982,0.00902626,0.00899928,2.67863e-05,8.19755917811015e-06
"473",118695,5.75111,4.01679,4.16971,4.12471,4.10933,0.379519,1.8402,-7.74879,0.52535,-0.351085,0.117859,-33.3293,0,294.601,285.601,0.000189456,5.46483,4.053e-05,6.47452e-06,0.963689,4.39351e-06,1.51167e-05,-0.0337375,0.0730532,8.29931,0.00903168,0.00900471,2.67946e-05,8.1965886050474e-06
"474",118945,5.7542,4.01792,4.17089,4.12584,4.11044,0.379649,1.84084,-7.74781,0.525847,-0.350663,0.117908,-33.3307,0,294.606,285.606,0.000189521,5.46533,4.05518e-05,6.46877e-06,0.963771,4.39322e-06,1.5119e-05,-0.0337045,0.0730591,8.2988,0.00903714,0.00901015,2.6803e-05,8.19561725687248e-06
"475",119195,5.75731,4.01904,4.17207,4.12698,4.11156,0.379779,1.84147,-7.74683,0.526366,-0.350241,0.117957,-33.332,0,294.61,285.61,0.000189586,5.46583,4.05737e-05,6.46301e-06,0.963809,4.39293e-06,1.51213e-05,-0.0336652,0.0730649,8.29829,0.00904257,0.00901561,2.68114e-05,8.19464513203598e-06
"476",119448,5.76038,4.0202,4.17326,4.12813,4.11269,0.37991,1.84211,-7.74583,0.526814,-0.349814,0.118006,-33.3334,0,294.615,285.615,0.000189651,5.46633,4.05957e-05,6.45726e-06,0.964019,4.39265e-06,1.51237e-05,-0.0336501,0.0730708,8.29779,0.00904805,0.00902107,2.68198e-05,8.19367222898356e-06
"477",119700,5.76348,4.02135,4.17446,4.12927,4.11382,0.380042,1.84275,-7.74484,0.527292,-0.349385,0.118056,-33.3347,0,294.619,285.619,0.000189717,5.46683,4.06178e-05,6.45148e-06,0.964161,4.39237e-06,1.51261e-05,-0.0336251,0.0730767,8.29728,0.00905353,0.00902655,2.68282e-05,8.19267866694753e-06
"478",119950,5.76661,4.02246,4.17564,4.13041,4.11493,0.380172,1.84339,-7.74387,0.527825,-0.34896,0.118105,-33.3361,0,294.624,285.624,0.000189782,5.46733,4.06397e-05,6.4457e-06,0.96417,4.39207e-06,1.51284e-05,-0.0335814,0.0730825,8.29677,0.00905897,0.00903202,2.68366e-05,8.19170418681822e-06
"479",120203,5.76965,4.02363,4.17683,4.13155,4.11606,0.380303,1.84402,-7.74286,0.528252,-0.348531,0.118154,-33.3374,0,294.629,285.629,0.000189847,5.46783,4.06617e-05,6.43998e-06,0.964428,4.3918e-06,1.51308e-05,-0.0335731,0.0730883,8.29627,0.0090645,0.00903747,2.68451e-05,8.19072892374786e-06
"480",120455,5.77279,4.02477,4.17802,4.1327,4.11719,0.380435,1.84467,-7.74186,0.52877,-0.3481,0.118204,-33.3388,0,294.633,285.633,0.000189913,5.46833,4.06838e-05,6.43417e-06,0.964494,4.39151e-06,1.51332e-05,-0.0335366,0.0730942,8.29575,0.00907004,0.00904301,2.68536e-05,8.18973294864373e-06
"481",120708,5.77593,4.0259,4.17922,4.13385,4.11832,0.380567,1.84531,-7.74087,0.529289,-0.347668,0.118254,-33.3401,0,294.638,285.638,0.000189979,5.46883,4.07059e-05,6.42836e-06,0.964563,4.39121e-06,1.51355e-05,-0.0335004,0.0731,8.29524,0.00907554,0.00904854,2.68621e-05,8.18873615499787e-06
"482",120960,5.77898,4.02706,4.1804,4.13499,4.11944,0.380698,1.84595,-7.73987,0.529737,-0.347237,0.118303,-33.3414,0,294.643,285.643,0.000190044,5.46933,4.07279e-05,6.42262e-06,0.964787,4.39094e-06,1.51379e-05,-0.0334865,0.0731058,8.29474,0.00908104,0.00905401,2.68705e-05,8.18775850145296e-06
"483",121213,5.78215,4.02819,4.1816,4.13614,4.12057,0.38083,1.84659,-7.73888,0.530271,-0.346803,0.118353,-33.3428,0,294.647,285.647,0.00019011,5.46983,4.075e-05,6.41679e-06,0.964817,4.39064e-06,1.51403e-05,-0.0334448,0.0731117,8.29422,0.00908655,0.00905955,2.6879e-05,8.18676008212137e-06
"484",121465,5.7852,4.02935,4.18279,4.13728,4.12169,0.380961,1.84723,-7.73788,0.530719,-0.34637,0.118403,-33.3441,0,294.652,285.652,0.000190176,5.47032,4.0772e-05,6.41106e-06,0.965044,4.39037e-06,1.51427e-05,-0.0334312,0.0731175,8.29372,0.0090921,0.00906503,2.68875e-05,8.18576083921372e-06
"485",121718,5.78838,4.03047,4.18398,4.13843,4.12282,0.381093,1.84787,-7.73688,0.531267,-0.345935,0.118452,-33.3455,0,294.657,285.657,0.000190241,5.47082,4.07942e-05,6.40522e-06,0.965053,4.39007e-06,1.5145e-05,-0.0333861,0.0731233,8.2932,0.00909761,0.00907059,2.6896e-05,8.18478078049194e-06
"486",121969,5.79141,4.03163,4.18517,4.13957,4.12394,0.381224,1.84851,-7.73587,0.531704,-0.345501,0.118502,-33.3468,0,294.661,285.661,0.000190307,5.47131,4.08161e-05,6.39951e-06,0.965312,4.3898e-06,1.51474e-05,-0.0333768,0.073129,8.29271,0.00910317,0.00907608,2.69045e-05,8.18377990188149e-06
"487",122222,5.7946,4.03275,4.18636,4.14071,4.12507,0.381355,1.84915,-7.73488,0.532269,-0.345064,0.118552,-33.3481,0,294.666,285.666,0.000190373,5.47181,4.08383e-05,6.39366e-06,0.965294,4.3895e-06,1.51497e-05,-0.0333272,0.0731349,8.29219,0.00910869,0.00908166,2.6913e-05,8.18277819461092e-06
"488",122473,5.79762,4.03392,4.18754,4.14185,4.12619,0.381487,1.84979,-7.73387,0.532694,-0.344628,0.118602,-33.3495,0,294.671,285.671,0.000190438,5.4723,4.08602e-05,6.38797e-06,0.965587,4.38924e-06,1.51522e-05,-0.0333225,0.0731406,8.29169,0.00911426,0.00908714,2.69215e-05,8.18177565696292e-06
"489",122726,5.80077,4.03505,4.18873,4.143,4.12732,0.381618,1.85043,-7.73287,0.533223,-0.34419,0.118652,-33.3508,0,294.675,285.675,0.000190504,5.47279,4.08823e-05,6.38216e-06,0.965659,4.38895e-06,1.51545e-05,-0.0332856,0.0731463,8.29118,0.00911983,0.00909271,2.69301e-05,8.18077228721445e-06
"490",122978,5.80391,4.03617,4.18992,4.14414,4.12844,0.38175,1.85107,-7.73187,0.533757,-0.343752,0.118702,-33.3521,0,294.68,285.68,0.000190569,5.47328,4.09044e-05,6.37636e-06,0.965722,4.38865e-06,1.51568e-05,-0.0332472,0.0731521,8.29067,0.00912536,0.00909827,2.69387e-05,8.17976808363677e-06
"491",123229,5.80696,4.03733,4.19111,4.14528,4.12956,0.381881,1.85171,-7.73087,0.534202,-0.343314,0.118752,-33.3535,0,294.685,285.685,0.000190635,5.47377,4.09264e-05,6.37064e-06,0.965978,4.38839e-06,1.51593e-05,-0.0332368,0.0731578,8.29017,0.00913089,0.00910377,2.69472e-05,8.17876304449537e-06
"492",123482,5.81013,4.03845,4.1923,4.14642,4.13069,0.382012,1.85235,-7.72988,0.534753,-0.342873,0.118802,-33.3548,0,294.689,285.689,0.000190701,5.47426,4.09485e-05,6.36482e-06,0.965998,4.38809e-06,1.51616e-05,-0.0331923,0.0731635,8.28966,0.00913642,0.00910935,2.69557e-05,8.17775716804998e-06
"493",123733,5.81317,4.03961,4.19348,4.14756,4.1318,0.382144,1.85299,-7.72887,0.535198,-0.342434,0.118852,-33.3561,0,294.694,285.694,0.000190766,5.47474,4.09705e-05,6.35911e-06,0.966257,4.38782e-06,1.5164e-05,-0.0331821,0.0731692,8.28916,0.00914201,0.00911486,2.69643e-05,8.1767504525545e-06
"494",123985,5.81636,4.04072,4.19467,4.1487,4.13293,0.382275,1.85363,-7.72787,0.53577,-0.341992,0.118902,-33.3575,0,294.699,285.699,0.000190832,5.47523,4.09926e-05,6.35327e-06,0.966237,4.38752e-06,1.51663e-05,-0.0331316,0.073175,8.28864,0.00914755,0.00912046,2.69728e-05,8.17574289625702e-06
"495",124236,5.81938,4.04189,4.19585,4.14984,4.13405,0.382406,1.85427,-7.72686,0.536196,-0.341551,0.118952,-33.3588,0,294.703,285.703,0.000190897,5.47572,4.10145e-05,6.34759e-06,0.966547,4.38726e-06,1.51687e-05,-0.0331285,0.0731806,8.28815,0.00915314,0.00912596,2.69814e-05,8.17473449739974e-06
"496",124488,5.82252,4.04302,4.19704,4.15098,4.13517,0.382538,1.85491,-7.72585,0.53673,-0.341108,0.119003,-33.3601,0,294.708,285.708,0.000190963,5.4762,4.10366e-05,6.34179e-06,0.966623,4.38698e-06,1.51711e-05,-0.0330913,0.0731863,8.28764,0.00915874,0.00913155,2.699e-05,8.17370506073114e-06
"497",124740,5.82567,4.04414,4.19822,4.15212,4.13629,0.382669,1.85555,-7.72485,0.537272,-0.340665,0.119053,-33.3614,0,294.712,285.712,0.000191028,5.47669,4.10587e-05,6.336e-06,0.966687,4.38669e-06,1.51734e-05,-0.0330521,0.073192,8.28713,0.00916429,0.00913715,2.69986e-05,8.1726949545174e-06
"498",124991,5.8287,4.0453,4.19941,4.15325,4.13741,0.3828,1.85619,-7.72384,0.537717,-0.340222,0.119103,-33.3627,0,294.717,285.717,0.000191094,5.47717,4.10806e-05,6.3303e-06,0.966962,4.38642e-06,1.51758e-05,-0.0330436,0.0731976,8.28664,0.00916984,0.00914266,2.70072e-05,8.17168400039952e-06
"499",125243,5.83188,4.04641,4.20059,4.15439,4.13853,0.382932,1.85683,-7.72285,0.53828,-0.339776,0.119153,-33.3641,0,294.722,285.722,0.00019116,5.47765,4.11027e-05,6.32447e-06,0.966972,4.38613e-06,1.51782e-05,-0.0329969,0.0732033,8.28612,0.0091754,0.00914827,2.70158e-05,8.17067219659588e-06
"500",125493,5.83492,4.04757,4.20177,4.15553,4.13964,0.383063,1.85746,-7.72184,0.538722,-0.339332,0.119203,-33.3654,0,294.726,285.726,0.000191225,5.47813,4.11246e-05,6.31878e-06,0.967256,4.38587e-06,1.51806e-05,-0.0329895,0.0732089,8.28563,0.00918101,0.00915379,2.70243e-05,8.16965954131887e-06
"501",125745,5.83805,4.0487,4.20296,4.15667,4.14076,0.383194,1.85811,-7.72083,0.539256,-0.338886,0.119254,-33.3667,0,294.731,285.731,0.000191291,5.47861,4.11467e-05,6.313e-06,0.967343,4.38558e-06,1.51829e-05,-0.0329533,0.0732145,8.28513,0.00918662,0.0091594,2.7033e-05,8.1686257538883e-06
"502",125996,5.84119,4.04982,4.20414,4.1578,4.14188,0.383326,1.85874,-7.71982,0.539791,-0.338439,0.119304,-33.368,0,294.735,285.735,0.000191356,5.47909,4.11688e-05,6.30722e-06,0.967432,4.3853e-06,1.51853e-05,-0.0329173,0.0732201,8.28462,0.00919219,0.009165,2.70416e-05,8.16761137315786e-06
"503",126247,5.84424,4.05097,4.20532,4.15894,4.14299,0.383457,1.85938,-7.71882,0.540254,-0.337992,0.119355,-33.3693,0,294.74,285.74,0.000191422,5.47957,4.11907e-05,6.30151e-06,0.96768,4.38503e-06,1.51877e-05,-0.0329043,0.0732257,8.28412,0.00919776,0.00917054,2.70502e-05,8.16657582201309e-06
"504",126498,5.8474,4.05209,4.2065,4.16007,4.14411,0.383588,1.86002,-7.71782,0.540805,-0.337543,0.119405,-33.3706,0,294.745,285.745,0.000191487,5.48005,4.12128e-05,6.29571e-06,0.967731,4.38474e-06,1.519e-05,-0.0328627,0.0732313,8.28361,0.00920334,0.00917616,2.70588e-05,8.16555970846041e-06
"505",126749,5.85045,4.05324,4.20768,4.16121,4.14523,0.383719,1.86066,-7.7168,0.541267,-0.337095,0.119455,-33.3719,0,294.749,285.749,0.000191553,5.48052,4.12347e-05,6.29e-06,0.967981,4.38448e-06,1.51924e-05,-0.0328499,0.0732369,8.28312,0.00920896,0.00918171,2.70674e-05,8.16454273433253e-06
"506",127000,5.85363,4.05435,4.20887,4.16234,4.14634,0.383851,1.8613,-7.7158,0.541832,-0.336645,0.119506,-33.3732,0,294.754,285.754,0.000191618,5.481,4.12568e-05,6.2842e-06,0.96801,4.38418e-06,1.51947e-05,-0.0328048,0.0732425,8.28261,0.00921454,0.00918734,2.70761e-05,8.16350453226541e-06
"507",127251,5.85666,4.05551,4.21004,4.16347,4.14746,0.383982,1.86194,-7.71478,0.542283,-0.336196,0.119556,-33.3745,0,294.758,285.758,0.000191684,5.48147,4.12787e-05,6.27851e-06,0.968294,4.38393e-06,1.51971e-05,-0.0327965,0.073248,8.28212,0.00922018,0.0091929,2.70847e-05,8.16248581420428e-06
"508",127502,5.85985,4.05661,4.21123,4.16461,4.14857,0.384113,1.86258,-7.71378,0.542865,-0.335744,0.119607,-33.3758,0,294.763,285.763,0.000191749,5.48195,4.13008e-05,6.27269e-06,0.968293,4.38363e-06,1.51994e-05,-0.0327468,0.0732536,8.2816,0.00922577,0.00919855,2.70934e-05,8.16144582950902e-06
"509",127752,5.86286,4.05777,4.2124,4.16574,4.14969,0.384244,1.86322,-7.71276,0.543304,-0.335294,0.119658,-33.3771,0,294.767,285.767,0.000191815,5.48242,4.13227e-05,6.26702e-06,0.968612,4.38338e-06,1.52019e-05,-0.0327432,0.0732591,8.28112,0.0092314,0.0092041,2.7102e-05,8.16040494176309e-06
"510",128003,5.866,4.05889,4.21358,4.16687,4.1508,0.384375,1.86386,-7.71175,0.543848,-0.334841,0.119709,-33.3784,0,294.772,285.772,0.00019188,5.48289,4.13447e-05,6.26125e-06,0.968704,4.3831e-06,1.52042e-05,-0.0327065,0.0732647,8.28061,0.00923705,0.00920974,2.71107e-05,8.15936314900357e-06
"511",128254,5.86914,4.06001,4.21476,4.16801,4.15192,0.384507,1.8645,-7.71074,0.544398,-0.334388,0.119759,-33.3797,0,294.777,285.777,0.000191946,5.48336,4.13668e-05,6.25547e-06,0.968786,4.38281e-06,1.52065e-05,-0.0326683,0.0732702,8.28011,0.00924265,0.00921538,2.71194e-05,8.15834090308387e-06
"512",128504,5.87218,4.06116,4.21594,4.16914,4.15303,0.384638,1.86513,-7.70973,0.544858,-0.333935,0.11981,-33.381,0,294.781,285.781,0.000192011,5.48383,4.13887e-05,6.24979e-06,0.969067,4.38255e-06,1.5209e-05,-0.0326588,0.0732757,8.27962,0.00924825,0.00922094,2.7128e-05,8.15729731222281e-06
"513",128755,5.87535,4.06227,4.21712,4.17027,4.15414,0.384769,1.86577,-7.70873,0.545425,-0.33348,0.119861,-33.3823,0,294.786,285.786,0.000192077,5.4843,4.14108e-05,6.24398e-06,0.969105,4.38226e-06,1.52113e-05,-0.0326143,0.0732812,8.27911,0.00925385,0.0092266,2.71367e-05,8.15625281045719e-06
"514",129008,5.87844,4.06343,4.21831,4.17141,4.15526,0.384902,1.86642,-7.7077,0.545903,-0.333021,0.119912,-33.3836,0,294.79,285.79,0.000192143,5.48477,4.14329e-05,6.23822e-06,0.969359,4.382e-06,1.52137e-05,-0.0326004,0.0732867,8.27861,0.00925957,0.00923225,2.71455e-05,8.1552073957967e-06
"515",129258,5.88155,4.06456,4.21948,4.17254,4.15638,0.385033,1.86706,-7.70669,0.546418,-0.332565,0.119963,-33.3849,0,294.795,285.795,0.000192208,5.48524,4.14549e-05,6.23248e-06,0.96952,4.38173e-06,1.52161e-05,-0.0325733,0.0732922,8.27811,0.00926523,0.00923787,2.71542e-05,8.15416106624404e-06
"516",129508,5.88464,4.06569,4.22066,4.17367,4.15749,0.385164,1.8677,-7.70567,0.546931,-0.332109,0.120014,-33.3862,0,294.8,285.8,0.000192274,5.48571,4.14769e-05,6.22675e-06,0.969693,4.38146e-06,1.52184e-05,-0.0325477,0.0732977,8.27762,0.00927084,0.0092435,2.71629e-05,8.15311381979492e-06
"517",129759,5.88781,4.06679,4.22184,4.1748,4.1586,0.385295,1.86834,-7.70466,0.547505,-0.331652,0.120065,-33.3875,0,294.804,285.804,0.000192339,5.48618,4.14989e-05,6.22096e-06,0.969736,4.38117e-06,1.52208e-05,-0.0325031,0.0733032,8.27711,0.00927651,0.00924918,2.71716e-05,8.15206565443799e-06
"518",130011,5.89088,4.06796,4.22302,4.17594,4.15972,0.385428,1.86898,-7.70364,0.54797,-0.33119,0.120116,-33.3888,0,294.809,285.809,0.000192405,5.48664,4.15211e-05,6.21522e-06,0.970038,4.38091e-06,1.52232e-05,-0.0324954,0.0733086,8.27662,0.00928219,0.00925483,2.71804e-05,8.15101656815487e-06
"519",130262,5.89406,4.06906,4.2242,4.17707,4.16083,0.385559,1.86962,-7.70264,0.548548,-0.330731,0.120167,-33.3901,0,294.813,285.813,0.000192471,5.48711,4.15431e-05,6.20942e-06,0.970066,4.38062e-06,1.52255e-05,-0.0324486,0.0733141,8.27611,0.00928781,0.00926051,2.71891e-05,8.14996655892005e-06
"520",130515,5.89714,4.07022,4.22539,4.17821,4.16195,0.385691,1.87027,-7.7016,0.549023,-0.330268,0.120219,-33.3914,0,294.818,285.818,0.000192537,5.48757,4.15653e-05,6.20367e-06,0.970341,4.38036e-06,1.52279e-05,-0.0324371,0.0733196,8.27561,0.00929355,0.00926618,2.71979e-05,8.14889500888757e-06
"521",130765,5.90028,4.07133,4.22656,4.17934,4.16306,0.385823,1.87091,-7.70058,0.549584,-0.329808,0.12027,-33.3927,0,294.823,285.823,0.000192603,5.48804,4.15873e-05,6.1979e-06,0.970421,4.38008e-06,1.52303e-05,-0.0323974,0.073325,8.27511,0.00929923,0.00927186,2.72067e-05,8.14784312944688e-06
"522",131017,5.90337,4.07249,4.22775,4.18048,4.16418,0.385955,1.87155,-7.69956,0.550066,-0.329343,0.120321,-33.394,0,294.827,285.827,0.000192669,5.4885,4.16095e-05,6.19215e-06,0.970691,4.37982e-06,1.52327e-05,-0.0323846,0.0733305,8.27462,0.00930492,0.00927753,2.72155e-05,8.14679032089481e-06
"523",131267,5.90653,4.0736,4.22892,4.18161,4.16529,0.386086,1.87219,-7.69856,0.550631,-0.328882,0.120372,-33.3953,0,294.832,285.832,0.000192734,5.48897,4.16315e-05,6.18637e-06,0.970758,4.37954e-06,1.5235e-05,-0.0323431,0.0733359,8.27411,0.00931056,0.00928321,2.72242e-05,8.14573658117696e-06
"524",131520,5.90962,4.07475,4.23011,4.18274,4.16641,0.386219,1.87283,-7.69752,0.551123,-0.328415,0.120424,-33.3966,0,294.836,285.836,0.0001928,5.48943,4.16537e-05,6.18061e-06,0.971006,4.37927e-06,1.52374e-05,-0.0323272,0.0733413,8.27362,0.00931631,0.0092889,2.72331e-05,8.14466121902738e-06
"525",131772,5.91274,4.07589,4.23129,4.18388,4.16753,0.386351,1.87348,-7.69649,0.551636,-0.327948,0.120476,-33.3979,0,294.841,285.841,0.000192866,5.48989,4.16758e-05,6.17483e-06,0.971212,4.37901e-06,1.52398e-05,-0.0323049,0.0733467,8.27312,0.00932206,0.00929461,2.72419e-05,8.14358488450119e-06
"526",132022,5.91593,4.07699,4.23247,4.18501,4.16864,0.386482,1.87412,-7.69548,0.552231,-0.327485,0.120527,-33.3991,0,294.845,285.845,0.000192932,5.49035,4.16979e-05,6.16903e-06,0.971227,4.37872e-06,1.52421e-05,-0.0322551,0.0733522,8.27261,0.00932771,0.00930033,2.72507e-05,8.1425283020845e-06
"527",132274,5.91899,4.07815,4.23365,4.18615,4.16976,0.386615,1.87476,-7.69445,0.552702,-0.327017,0.120579,-33.4004,0,294.85,285.85,0.000192998,5.49081,4.172e-05,6.1633e-06,0.971535,4.37846e-06,1.52446e-05,-0.0322474,0.0733575,8.27212,0.00933346,0.00930602,2.72596e-05,8.14145003499899e-06
"528",132527,5.92219,4.07927,4.23484,4.18728,4.17088,0.386747,1.87541,-7.69342,0.553287,-0.326547,0.120631,-33.4017,0,294.855,285.855,0.000193064,5.49127,4.17423e-05,6.15746e-06,0.971603,4.37818e-06,1.52469e-05,-0.0322041,0.073363,8.27161,0.00933922,0.00931181,2.72685e-05,8.14037078895222e-06
"529",132779,5.92527,4.08042,4.23602,4.18842,4.17199,0.38688,1.87605,-7.69239,0.55377,-0.326077,0.120683,-33.403,0,294.859,285.859,0.00019313,5.49173,4.17644e-05,6.15172e-06,0.971886,4.37792e-06,1.52494e-05,-0.0321925,0.0733684,8.27112,0.00934494,0.0093175,2.72773e-05,8.13929056171917e-06
"530",133031,5.92839,4.08156,4.2372,4.18955,4.17311,0.387012,1.8767,-7.69136,0.55429,-0.325607,0.120735,-33.4043,0,294.864,285.864,0.000193196,5.49219,4.17866e-05,6.14594e-06,0.972084,4.37766e-06,1.52518e-05,-0.0321687,0.0733737,8.27062,0.00935071,0.00932323,2.72862e-05,8.1382093510667e-06
"531",133284,5.93155,4.08269,4.23839,4.19069,4.17423,0.387145,1.87735,-7.69033,0.554836,-0.325135,0.120786,-33.4056,0,294.868,285.868,0.000193263,5.49265,4.18088e-05,6.14014e-06,0.972231,4.37738e-06,1.52541e-05,-0.0321372,0.0733791,8.27012,0.00935648,0.00932898,2.72951e-05,8.13714797553033e-06
"532",133536,5.9347,4.08382,4.23957,4.19183,4.17534,0.387277,1.87799,-7.68929,0.555384,-0.324663,0.120839,-33.4068,0,294.873,285.873,0.000193329,5.49311,4.1831e-05,6.13434e-06,0.972384,4.37711e-06,1.52565e-05,-0.0321062,0.0733845,8.26962,0.00936225,0.00933475,2.7304e-05,8.1360439705302e-06
"533",133788,5.93783,4.08496,4.24075,4.19296,4.17646,0.38741,1.87864,-7.68827,0.555916,-0.324191,0.120891,-33.4081,0,294.877,285.877,0.000193395,5.49356,4.18532e-05,6.12856e-06,0.972576,4.37684e-06,1.52589e-05,-0.0320806,0.0733899,8.26912,0.00936799,0.0093405,2.7313e-05,8.13495979613902e-06
"534",134040,5.94102,4.08607,4.24194,4.1941,4.17758,0.387542,1.87928,-7.68725,0.556492,-0.323717,0.120943,-33.4094,0,294.882,285.882,0.000193461,5.49402,4.18755e-05,6.12272e-06,0.972661,4.37656e-06,1.52613e-05,-0.0320398,0.0733953,8.26861,0.00937372,0.00934628,2.73219e-05,8.13387462931403e-06
"535",134292,5.9441,4.08723,4.24312,4.19523,4.17869,0.387674,1.87993,-7.68621,0.556976,-0.323244,0.120995,-33.4107,0,294.887,285.887,0.000193527,5.49447,4.18976e-05,6.11699e-06,0.972953,4.37631e-06,1.52637e-05,-0.0320289,0.0734006,8.26812,0.00937951,0.009352,2.73308e-05,8.13278846778096e-06
"536",134544,5.94728,4.08835,4.2443,4.19637,4.17981,0.387807,1.88057,-7.68518,0.557555,-0.322769,0.121047,-33.412,0,294.891,285.891,0.000193593,5.49493,4.19198e-05,6.11117e-06,0.973047,4.37603e-06,1.5266e-05,-0.0319888,0.0734059,8.26762,0.0093853,0.0093578,2.73397e-05,8.13170130925722e-06
"537",134795,5.95037,4.08949,4.24548,4.1975,4.18092,0.387939,1.88122,-7.68415,0.558052,-0.322295,0.121099,-33.4132,0,294.896,285.896,0.000193659,5.49538,4.19419e-05,6.10543e-06,0.973316,4.37577e-06,1.52685e-05,-0.0319745,0.0734112,8.26713,0.00939104,0.00936353,2.73486e-05,8.13061315145178e-06
"538",135047,5.9535,4.09063,4.24666,4.19863,4.18203,0.388072,1.88186,-7.68312,0.558578,-0.321819,0.121151,-33.4145,0,294.9,285.9,0.000193725,5.49583,4.19641e-05,6.09965e-06,0.973519,4.3755e-06,1.52709e-05,-0.0319504,0.0734165,8.26663,0.00939684,0.00936929,2.73576e-05,8.12952399206522e-06
"539",135299,5.95665,4.09176,4.24784,4.19976,4.18315,0.388204,1.88251,-7.68209,0.559128,-0.321343,0.121203,-33.4158,0,294.905,285.905,0.000193791,5.49628,4.19863e-05,6.09386e-06,0.973674,4.37523e-06,1.52732e-05,-0.0319192,0.0734218,8.26613,0.00940264,0.00937507,2.73665e-05,8.1284338287896e-06
"540",135551,5.95985,4.09286,4.24902,4.2009,4.18426,0.388337,1.88315,-7.68106,0.559722,-0.320865,0.121256,-33.417,0,294.91,285.91,0.000193858,5.49674,4.20086e-05,6.08802e-06,0.973741,4.37495e-06,1.52756e-05,-0.0318746,0.0734272,8.26563,0.00940839,0.00938089,2.73755e-05,8.12732166540358e-06
"541",135802,5.96291,4.09402,4.2502,4.20203,4.18537,0.388469,1.88379,-7.68001,0.560202,-0.320389,0.121308,-33.4183,0,294.914,285.914,0.000193924,5.49718,4.20306e-05,6.08231e-06,0.974064,4.3747e-06,1.5278e-05,-0.0318675,0.0734324,8.26514,0.0094142,0.00938663,2.73844e-05,8.12622946797432e-06
"542",136054,5.9661,4.09513,4.25138,4.20316,4.18649,0.388601,1.88444,-7.67898,0.560796,-0.31991,0.121361,-33.4196,0,294.919,285.919,0.00019399,5.49764,4.20529e-05,6.07648e-06,0.974143,4.37442e-06,1.52804e-05,-0.0318243,0.0734377,8.26464,0.00942001,0.00939247,2.73934e-05,8.12511522647608e-06
"543",136305,5.96918,4.09628,4.25255,4.20429,4.1876,0.388733,1.88508,-7.67795,0.561288,-0.319432,0.121413,-33.4208,0,294.923,285.923,0.000194056,5.49808,4.2075e-05,6.07076e-06,0.974441,4.37417e-06,1.52828e-05,-0.0318133,0.0734429,8.26415,0.00942578,0.00939821,2.74024e-05,8.12402098537764e-06
"544",136556,5.9723,4.09741,4.25373,4.20542,4.18871,0.388866,1.88573,-7.67692,0.561817,-0.318953,0.121465,-33.4221,0,294.928,285.928,0.000194122,5.49853,4.20971e-05,6.06499e-06,0.974652,4.37391e-06,1.52852e-05,-0.0317898,0.0734482,8.26366,0.00943159,0.00940399,2.74113e-05,8.12292572863128e-06
"545",136807,5.97546,4.09854,4.25491,4.20655,4.18982,0.388998,1.88637,-7.67588,0.562372,-0.318472,0.121518,-33.4234,0,294.932,285.932,0.000194188,5.49897,4.21193e-05,6.0592e-06,0.974812,4.37364e-06,1.52875e-05,-0.0317585,0.0734534,8.26316,0.00943742,0.00940979,2.74203e-05,8.12180836167776e-06
"546",137059,5.9786,4.09966,4.25609,4.20768,4.19093,0.38913,1.88702,-7.67484,0.562928,-0.317991,0.12157,-33.4246,0,294.937,285.937,0.000194254,5.49942,4.21415e-05,6.05342e-06,0.974978,4.37337e-06,1.52899e-05,-0.0317278,0.0734587,8.26266,0.00944324,0.00941561,2.74294e-05,8.12071104690077e-06
"547",137310,5.98173,4.10079,4.25726,4.20881,4.19204,0.389263,1.88766,-7.67381,0.563469,-0.31751,0.121623,-33.4259,0,294.941,285.941,0.00019432,5.49986,4.21636e-05,6.04765e-06,0.975183,4.37311e-06,1.52923e-05,-0.0317025,0.0734639,8.26217,0.00944902,0.00942141,2.74384e-05,8.11959157740757e-06
"548",137561,5.98492,4.1019,4.25844,4.20993,4.19315,0.389395,1.88831,-7.67278,0.564054,-0.317028,0.121676,-33.4271,0,294.946,285.946,0.000194386,5.50031,4.21859e-05,6.04183e-06,0.975279,4.37283e-06,1.52947e-05,-0.0316617,0.0734691,8.26166,0.00945481,0.00942724,2.74473e-05,8.11847104287022e-06
"549",137812,5.98799,4.10305,4.25961,4.21106,4.19426,0.389527,1.88895,-7.67174,0.564547,-0.316546,0.121728,-33.4284,0,294.95,285.95,0.000194452,5.50075,4.22079e-05,6.03611e-06,0.975585,4.37259e-06,1.52971e-05,-0.0316514,0.0734743,8.26118,0.00946064,0.00943301,2.74563e-05,8.1173706129531e-06
"550",138063,5.99117,4.10416,4.26079,4.21219,4.19537,0.38966,1.88959,-7.6707,0.565135,-0.316063,0.121781,-33.4297,0,294.955,285.955,0.000194518,5.5012,4.22301e-05,6.0303e-06,0.975691,4.37231e-06,1.52994e-05,-0.0316114,0.0734795,8.26068,0.00946648,0.00943886,2.74654e-05,8.11624796092213e-06
"551",138314,5.99426,4.1053,4.26196,4.21332,4.19648,0.389792,1.89024,-7.66967,0.56564,-0.31558,0.121833,-33.4309,0,294.959,285.959,0.000194584,5.50163,4.22522e-05,6.02457e-06,0.975974,4.37206e-06,1.53018e-05,-0.0315976,0.0734847,8.26019,0.00947228,0.00944464,2.74744e-05,8.11514544855203e-06
"552",138565,5.99738,4.10643,4.26314,4.21444,4.19758,0.389924,1.89088,-7.66863,0.566175,-0.315096,0.121886,-33.4322,0,294.964,285.964,0.00019465,5.50207,4.22744e-05,6.01881e-06,0.97619,4.3718e-06,1.53042e-05,-0.0315738,0.0734899,8.2597,0.00947812,0.00945045,2.74834e-05,8.11402066899535e-06
"553",138815,6.00054,4.10755,4.26431,4.21557,4.19869,0.390056,1.89153,-7.6676,0.566734,-0.314611,0.121939,-33.4334,0,294.968,285.968,0.000194716,5.50251,4.22965e-05,6.01303e-06,0.976357,4.37153e-06,1.53066e-05,-0.0315429,0.073495,8.25921,0.00948397,0.00945628,2.74924e-05,8.11289481171066e-06
"554",139067,6.00373,4.10865,4.26549,4.2167,4.1998,0.390188,1.89217,-7.66656,0.567337,-0.314125,0.121992,-33.4347,0,294.973,285.973,0.000194782,5.50296,4.23187e-05,6.0072e-06,0.976435,4.37126e-06,1.53089e-05,-0.0314983,0.0735002,8.2587,0.00948978,0.00946215,2.75015e-05,8.11176787411263e-06
"555",139317,6.00679,4.10981,4.26666,4.21782,4.2009,0.39032,1.89281,-7.66552,0.567825,-0.31364,0.122044,-33.4359,0,294.977,285.977,0.000194848,5.50339,4.23408e-05,6.00151e-06,0.976773,4.37101e-06,1.53114e-05,-0.0314919,0.0735053,8.25822,0.00949563,0.00946794,2.75105e-05,8.11066114705105e-06
"556",139568,6.00998,4.11091,4.26783,4.21894,4.20201,0.390453,1.89346,-7.66448,0.568428,-0.313153,0.122098,-33.4372,0,294.982,285.982,0.000194914,5.50383,4.2363e-05,5.99569e-06,0.976863,4.37074e-06,1.53137e-05,-0.0314486,0.0735105,8.25772,0.00950149,0.00947382,2.75196e-05,8.10951074758551e-06
"557",139818,6.01306,4.11205,4.269,4.22007,4.20312,0.390585,1.8941,-7.66344,0.568928,-0.312666,0.12215,-33.4384,0,294.986,285.986,0.00019498,5.50426,4.23851e-05,5.98998e-06,0.977174,4.37049e-06,1.53161e-05,-0.0314382,0.0735156,8.25724,0.00950731,0.00947961,2.75287e-05,8.1084018879415e-06
"558",140068,6.01618,4.11318,4.27017,4.22119,4.20422,0.390717,1.89474,-7.6624,0.569465,-0.312179,0.122203,-33.4397,0,294.991,285.991,0.000195046,5.5047,4.24072e-05,5.98423e-06,0.977398,4.37024e-06,1.53185e-05,-0.0314151,0.0735207,8.25675,0.00951318,0.00948544,2.75377e-05,8.10727062364194e-06
"559",140319,6.01933,4.1143,4.27134,4.22232,4.20533,0.390849,1.89539,-7.66137,0.570029,-0.31169,0.122256,-33.4409,0,294.995,285.995,0.000195112,5.50513,4.24293e-05,5.97845e-06,0.97757,4.36997e-06,1.53209e-05,-0.031384,0.0735258,8.25626,0.00951905,0.0094913,2.75468e-05,8.10613826600211e-06
"560",140569,6.02247,4.11542,4.27252,4.22344,4.20643,0.390981,1.89603,-7.66032,0.570594,-0.311201,0.122309,-33.4421,0,295,286,0.000195178,5.50557,4.24515e-05,5.97267e-06,0.977748,4.36971e-06,1.53233e-05,-0.0313535,0.0735309,8.25576,0.00952493,0.00949717,2.75559e-05,8.10500481237646e-06
"561",140819,6.0256,4.11654,4.27369,4.22456,4.20753,0.391113,1.89668,-7.65928,0.571144,-0.310712,0.122362,-33.4434,0,295.004,286.004,0.000195244,5.506,4.24736e-05,5.96692e-06,0.977965,4.36945e-06,1.53257e-05,-0.0313286,0.073536,8.25527,0.00953076,0.00950302,2.7565e-05,8.10387026010916e-06
"562",141070,6.02879,4.11764,4.27486,4.22568,4.20864,0.391246,1.89732,-7.65826,0.571738,-0.310222,0.122415,-33.4446,0,295.009,286.009,0.00019531,5.50643,4.24958e-05,5.96111e-06,0.978073,4.36918e-06,1.5328e-05,-0.0312878,0.0735412,8.25477,0.00953659,0.0095089,2.75741e-05,8.1027346065341e-06
"563",141323,6.03191,4.11879,4.27604,4.22682,4.20975,0.391379,1.89797,-7.65719,0.572258,-0.309726,0.122469,-33.4459,0,295.014,286.014,0.000195376,5.50687,4.25181e-05,5.95532e-06,0.978366,4.36893e-06,1.53304e-05,-0.0312735,0.0735463,8.25429,0.00954258,0.0095148,2.75833e-05,8.10157639009013e-06
"564",141573,6.03504,4.11992,4.27721,4.22794,4.21086,0.391511,1.89861,-7.65615,0.572811,-0.309235,0.122522,-33.4471,0,295.018,286.018,0.000195442,5.5073,4.25402e-05,5.94957e-06,0.97858,4.36867e-06,1.53328e-05,-0.0312479,0.0735513,8.2538,0.00954842,0.00952066,2.75924e-05,8.10043850495317e-06
"565",141823,6.03821,4.12102,4.27838,4.22906,4.21196,0.391643,1.89926,-7.65512,0.573392,-0.308743,0.122575,-33.4483,0,295.023,286.023,0.000195508,5.50773,4.25624e-05,5.94378e-06,0.978721,4.36841e-06,1.53352e-05,-0.0312118,0.0735564,8.2533,0.00955427,0.00952654,2.76015e-05,8.09929951039664e-06
"566",142076,6.04139,4.12215,4.27956,4.23019,4.21307,0.391777,1.89991,-7.65407,0.573961,-0.308245,0.122629,-33.4496,0,295.027,286.027,0.000195575,5.50816,4.25847e-05,5.93794e-06,0.978909,4.36814e-06,1.53376e-05,-0.0311818,0.0735615,8.25281,0.00956022,0.00953248,2.76107e-05,8.09813788155827e-06
"567",142329,6.04457,4.12328,4.28074,4.23133,4.21419,0.39191,1.90056,-7.65302,0.574534,-0.307747,0.122683,-33.4508,0,295.032,286.032,0.000195642,5.5086,4.26071e-05,5.93211e-06,0.979098,4.36788e-06,1.534e-05,-0.0311517,0.0735666,8.25231,0.00956618,0.00953843,2.762e-05,8.09697509535354e-06
"568",142581,6.04767,4.12443,4.28192,4.23246,4.2153,0.392044,1.90121,-7.65195,0.575051,-0.307248,0.122737,-33.4521,0,295.036,286.036,0.000195708,5.50903,4.26294e-05,5.92634e-06,0.979418,4.36763e-06,1.53424e-05,-0.0311404,0.0735717,8.25182,0.00957219,0.00954436,2.76292e-05,8.09581114889535e-06
"569",142833,6.05081,4.12557,4.2831,4.23359,4.21641,0.392177,1.90186,-7.6509,0.575594,-0.306749,0.122791,-33.4533,0,295.041,286.041,0.000195775,5.50945,4.26517e-05,5.92055e-06,0.979684,4.36738e-06,1.53448e-05,-0.0311212,0.0735767,8.25134,0.00957811,0.00955028,2.76385e-05,8.09464603928504e-06
"570",143086,6.05398,4.12671,4.28428,4.23472,4.21752,0.392311,1.90251,-7.64985,0.576152,-0.306249,0.122845,-33.4546,0,295.045,286.045,0.000195842,5.50988,4.26741e-05,5.91473e-06,0.979903,4.36712e-06,1.53472e-05,-0.0310954,0.0735818,8.25084,0.00958408,0.00955623,2.76477e-05,8.09347976361234e-06
"571",143338,6.05714,4.12784,4.28546,4.23585,4.21863,0.392444,1.90316,-7.64879,0.57671,-0.305748,0.122899,-33.4558,0,295.05,286.05,0.000195908,5.51031,4.26964e-05,5.90892e-06,0.980131,4.36687e-06,1.53497e-05,-0.0310706,0.0735868,8.25035,0.00959005,0.00956218,2.7657e-05,8.09231231895534e-06
"572",143589,6.06035,4.12893,4.28663,4.23697,4.21974,0.392576,1.9038,-7.64774,0.577343,-0.305252,0.122952,-33.457,0,295.054,286.054,0.000195974,5.51074,4.27186e-05,5.90309e-06,0.980188,4.36659e-06,1.5352e-05,-0.0310209,0.0735919,8.24985,0.00959597,0.00956814,2.76662e-05,8.09116535409586e-06
"573",143841,6.06345,4.13008,4.2878,4.2381,4.22085,0.39271,1.90445,-7.6467,0.577853,-0.304751,0.123006,-33.4583,0,295.059,286.059,0.000196041,5.51117,4.27409e-05,5.89733e-06,0.980528,4.36635e-06,1.53544e-05,-0.0310124,0.0735969,8.24937,0.0096019,0.00957406,2.76754e-05,8.08999558444103e-06
"574",144093,6.06663,4.13121,4.28898,4.23923,4.22196,0.392843,1.9051,-7.64564,0.578419,-0.304248,0.12306,-33.4595,0,295.063,286.063,0.000196107,5.51159,4.27632e-05,5.89151e-06,0.980739,4.36609e-06,1.53568e-05,-0.030985,0.0736019,8.24887,0.00960789,0.00958002,2.76847e-05,8.08882463702034e-06
"575",144345,6.0698,4.13233,4.29016,4.24036,4.22307,0.392977,1.90575,-7.64458,0.578998,-0.303745,0.123115,-33.4607,0,295.068,286.068,0.000196174,5.51202,4.27856e-05,5.88568e-06,0.980936,4.36583e-06,1.53592e-05,-0.0309549,0.0736069,8.24838,0.00961387,0.00958601,2.7694e-05,8.08763079163371e-06
"576",144597,6.07297,4.13346,4.29134,4.24149,4.22418,0.39311,1.9064,-7.64353,0.579557,-0.303242,0.123169,-33.462,0,295.072,286.072,0.000196241,5.51245,4.28079e-05,5.87987e-06,0.981163,4.36557e-06,1.53616e-05,-0.0309298,0.0736119,8.24789,0.00961986,0.00959197,2.77033e-05,8.08645745781334e-06
"577",144850,6.07613,4.13459,4.29251,4.24262,4.22529,0.393244,1.90705,-7.64247,0.580122,-0.302738,0.123223,-33.4632,0,295.077,286.077,0.000196307,5.51287,4.28303e-05,5.87406e-06,0.981385,4.36532e-06,1.5364e-05,-0.0309037,0.0736169,8.2474,0.00962586,0.00959794,2.77126e-05,8.08528293722844e-06
"578",145102,6.07929,4.13572,4.29369,4.24374,4.2264,0.393377,1.9077,-7.64142,0.580687,-0.302233,0.123277,-33.4644,0,295.081,286.081,0.000196374,5.51329,4.28526e-05,5.86825e-06,0.981616,4.36506e-06,1.53664e-05,-0.0308785,0.0736219,8.24691,0.00963186,0.00960392,2.77219e-05,8.08410722687356e-06
"579",145354,6.08251,4.13683,4.29487,4.24487,4.22751,0.39351,1.90835,-7.64035,0.581307,-0.301728,0.123332,-33.4657,0,295.086,286.086,0.00019644,5.51372,4.2875e-05,5.86239e-06,0.981736,4.3648e-06,1.53688e-05,-0.0308365,0.0736269,8.24641,0.00963786,0.00960996,2.77312e-05,8.08290851796039e-06
"580",145605,6.08562,4.13798,4.29604,4.246,4.22861,0.393644,1.909,-7.6393,0.581827,-0.301223,0.123386,-33.4669,0,295.09,286.09,0.000196507,5.51414,4.28973e-05,5.85663e-06,0.98207,4.36455e-06,1.53712e-05,-0.0308264,0.0736319,8.24593,0.00964382,0.00961591,2.77405e-05,8.08173039682699e-06
"581",145857,6.08879,4.1391,4.29722,4.24712,4.22972,0.393777,1.90965,-7.63825,0.582398,-0.300717,0.12344,-33.4681,0,295.095,286.095,0.000196573,5.51456,4.29196e-05,5.85081e-06,0.982285,4.3643e-06,1.53736e-05,-0.0307988,0.0736368,8.24544,0.00964983,0.0096219,2.77498e-05,8.08055107677742e-06
"582",146109,6.09195,4.14023,4.29839,4.24825,4.23083,0.39391,1.9103,-7.63718,0.582963,-0.30021,0.123495,-33.4693,0,295.099,286.099,0.00019664,5.51498,4.29419e-05,5.84501e-06,0.982523,4.36405e-06,1.53761e-05,-0.0307743,0.0736418,8.24495,0.00965584,0.00962789,2.77592e-05,8.07934868188301e-06
"583",146361,6.09512,4.14135,4.29957,4.24938,4.23193,0.394044,1.91095,-7.63613,0.583549,-0.299702,0.123549,-33.4706,0,295.104,286.104,0.000196707,5.5154,4.29643e-05,5.83919e-06,0.982723,4.36379e-06,1.53784e-05,-0.0307438,0.0736467,8.24446,0.00966186,0.00963391,2.77685e-05,8.07816693247951e-06
"584",146613,6.09828,4.14248,4.30074,4.2505,4.23304,0.394177,1.9116,-7.63507,0.584111,-0.299195,0.123604,-33.4718,0,295.108,286.108,0.000196773,5.51582,4.29866e-05,5.83338e-06,0.982962,4.36354e-06,1.53808e-05,-0.0307196,0.0736517,8.24397,0.00966788,0.0096399,2.77779e-05,8.07696205686519e-06
"585",146864,6.10149,4.14359,4.30191,4.25163,4.23415,0.394311,1.91225,-7.63401,0.584724,-0.298686,0.123658,-33.473,0,295.113,286.113,0.00019684,5.51624,4.30089e-05,5.82753e-06,0.983101,4.36327e-06,1.53832e-05,-0.0306801,0.0736566,8.24347,0.00967391,0.00964595,2.77873e-05,8.07577786555803e-06
"586",147116,6.10461,4.14473,4.30309,4.25275,4.23525,0.394444,1.9129,-7.63296,0.585256,-0.298178,0.123713,-33.4742,0,295.117,286.117,0.000196906,5.51665,4.30312e-05,5.82177e-06,0.983419,4.36303e-06,1.53856e-05,-0.0306671,0.0736615,8.24299,0.00967989,0.00965192,2.77966e-05,8.07457049638885e-06
"587",147367,6.10778,4.14585,4.30426,4.25387,4.23636,0.394577,1.91355,-7.6319,0.585828,-0.297668,0.123767,-33.4754,0,295.122,286.122,0.000196973,5.51707,4.30535e-05,5.81596e-06,0.983641,4.36277e-06,1.5388e-05,-0.03064,0.0736664,8.2425,0.00968592,0.00965793,2.78059e-05,8.07338385052425e-06
"588",147619,6.11094,4.14698,4.30543,4.255,4.23746,0.39471,1.9142,-7.63084,0.586398,-0.297158,0.123822,-33.4767,0,295.126,286.126,0.000197039,5.51749,4.30758e-05,5.81015e-06,0.983879,4.36252e-06,1.53904e-05,-0.030615,0.0736713,8.24201,0.00969195,0.00966395,2.78153e-05,8.07217397485865e-06
"589",147870,6.1141,4.1481,4.3066,4.25612,4.23856,0.394843,1.91484,-7.62977,0.586971,-0.296648,0.123877,-33.4779,0,295.131,286.131,0.000197106,5.5179,4.30981e-05,5.80435e-06,0.984115,4.36227e-06,1.53928e-05,-0.0305894,0.0736762,8.24153,0.00969799,0.00966998,2.78247e-05,8.07096282950046e-06
"590",148121,6.11728,4.14922,4.30777,4.25724,4.23967,0.394977,1.91549,-7.62871,0.587563,-0.296137,0.123931,-33.4791,0,295.135,286.135,0.000197172,5.51831,4.31205e-05,5.79853e-06,0.984321,4.36202e-06,1.53952e-05,-0.030559,0.0736811,8.24104,0.00970404,0.00967603,2.78341e-05,8.06977246646625e-06
"591",148372,6.12044,4.15035,4.30894,4.25836,4.24077,0.39511,1.91614,-7.62766,0.588129,-0.295626,0.123986,-33.4803,0,295.14,286.14,0.000197239,5.51873,4.31428e-05,5.79274e-06,0.984566,4.36177e-06,1.53976e-05,-0.0305349,0.0736859,8.24055,0.00971009,0.00968204,2.78435e-05,8.06855879493645e-06
"592",148624,6.1236,4.15147,4.31011,4.25949,4.24187,0.395243,1.91679,-7.6266,0.588701,-0.295114,0.124041,-33.4815,0,295.144,286.144,0.000197305,5.51914,4.31651e-05,5.78693e-06,0.984802,4.36152e-06,1.54e-05,-0.0305093,0.0736908,8.24006,0.00971614,0.00968807,2.78529e-05,8.06734384372387e-06
"593",148875,6.12682,4.15257,4.31129,4.26061,4.24298,0.395377,1.91744,-7.62553,0.589333,-0.2946,0.124096,-33.4827,0,295.149,286.149,0.000197372,5.51955,4.31874e-05,5.78107e-06,0.984921,4.36125e-06,1.54024e-05,-0.0304658,0.0736957,8.23957,0.00972219,0.00969417,2.78623e-05,8.06612760944995e-06
"594",149126,6.12992,4.15371,4.31245,4.26173,4.24408,0.39551,1.91809,-7.62448,0.589854,-0.294088,0.12415,-33.4839,0,295.153,286.153,0.000197438,5.51996,4.32096e-05,5.77533e-06,0.985281,4.36102e-06,1.54048e-05,-0.0304582,0.0737005,8.23909,0.0097282,0.00970016,2.78717e-05,8.06493223696483e-06
"595",149377,6.13309,4.15483,4.31362,4.26285,4.24518,0.395643,1.91874,-7.62342,0.590432,-0.293575,0.124205,-33.4851,0,295.158,286.158,0.000197505,5.52037,4.32319e-05,5.76953e-06,0.985508,4.36076e-06,1.54072e-05,-0.0304312,0.0737053,8.2386,0.00973426,0.0097062,2.78811e-05,8.06371344985783e-06
"596",149628,6.13626,4.15595,4.31479,4.26397,4.24628,0.395776,1.91939,-7.62235,0.591022,-0.29306,0.12426,-33.4863,0,295.162,286.162,0.000197571,5.52078,4.32543e-05,5.76372e-06,0.985722,4.36051e-06,1.54096e-05,-0.0304015,0.0737102,8.23812,0.00974033,0.00971227,2.78906e-05,8.06249336953007e-06
"597",149879,6.13942,4.15707,4.31596,4.26509,4.24738,0.395909,1.92004,-7.6213,0.591593,-0.292546,0.124315,-33.4875,0,295.166,286.166,0.000197638,5.52119,4.32765e-05,5.75792e-06,0.985966,4.36026e-06,1.5412e-05,-0.0303768,0.073715,8.23763,0.0097464,0.0097183,2.79e-05,8.06127199254557e-06
"598",150129,6.14258,4.15819,4.31713,4.26621,4.24848,0.396042,1.92068,-7.62024,0.592169,-0.292031,0.12437,-33.4888,0,295.171,286.171,0.000197704,5.5216,4.32988e-05,5.75212e-06,0.986206,4.36001e-06,1.54144e-05,-0.0303512,0.0737198,8.23715,0.00975248,0.00972436,2.79094e-05,8.06004931545374e-06
"599",150380,6.14574,4.15931,4.3183,4.26733,4.24958,0.396175,1.92133,-7.61917,0.592745,-0.291516,0.124425,-33.49,0,295.175,286.175,0.000197771,5.522,4.33211e-05,5.74633e-06,0.986454,4.35977e-06,1.54168e-05,-0.0303265,0.0737246,8.23666,0.00975855,0.00973042,2.79189e-05,8.05882533478927e-06
"600",150631,6.14896,4.16041,4.31946,4.26845,4.25068,0.396309,1.92198,-7.6181,0.593377,-0.290999,0.124481,-33.4911,0,295.18,286.18,0.000197837,5.52241,4.33435e-05,5.74048e-06,0.986588,4.3595e-06,1.54192e-05,-0.0302844,0.0737294,8.23617,0.00976463,0.00973654,2.79284e-05,8.05757775699345e-06
"601",150881,6.15206,4.16155,4.32063,4.26956,4.25178,0.396441,1.92263,-7.61705,0.593907,-0.290483,0.124535,-33.4923,0,295.184,286.184,0.000197904,5.52282,4.33657e-05,5.73474e-06,0.986942,4.35927e-06,1.54216e-05,-0.0302752,0.0737342,8.23569,0.00977067,0.00974256,2.79378e-05,8.056373448807e-06
"602",151132,6.15523,4.16266,4.3218,4.27068,4.25288,0.396575,1.92328,-7.61598,0.59449,-0.289966,0.124591,-33.4935,0,295.189,286.189,0.00019797,5.52322,4.3388e-05,5.72893e-06,0.987173,4.35902e-06,1.5424e-05,-0.030248,0.0737389,8.23521,0.00977676,0.00974863,2.79473e-05,8.05512319862053e-06
"603",151382,6.15838,4.16378,4.32296,4.2718,4.25398,0.396708,1.92393,-7.61492,0.595065,-0.289449,0.124646,-33.4947,0,295.193,286.193,0.000198036,5.52362,4.34102e-05,5.72314e-06,0.987428,4.35878e-06,1.54264e-05,-0.030224,0.0737437,8.23473,0.00978285,0.0097547,2.79567e-05,8.05389394472618e-06
"604",151633,6.16156,4.1649,4.32413,4.27291,4.25507,0.396841,1.92457,-7.61385,0.595663,-0.28893,0.124701,-33.4959,0,295.198,286.198,0.000198103,5.52403,4.34325e-05,5.71734e-06,0.987644,4.35853e-06,1.54288e-05,-0.0301938,0.0737485,8.23424,0.00978895,0.0097608,2.79663e-05,8.0526633696443e-06
"605",151883,6.16471,4.16602,4.32529,4.27403,4.25617,0.396974,1.92522,-7.6128,0.596236,-0.288412,0.124756,-33.4971,0,295.202,286.202,0.000198169,5.52443,4.34548e-05,5.71155e-06,0.9879,4.35828e-06,1.54312e-05,-0.0301702,0.0737532,8.23376,0.00979505,0.00976687,2.79757e-05,8.05143146981919e-06
"606",152134,6.16792,4.16711,4.32646,4.27515,4.25727,0.397107,1.92587,-7.61173,0.596861,-0.287892,0.124812,-33.4983,0,295.207,286.207,0.000198236,5.52483,4.34771e-05,5.70571e-06,0.988054,4.35802e-06,1.54335e-05,-0.0301307,0.073758,8.23327,0.00980115,0.009773,2.79852e-05,8.05017580703251e-06
"607",152387,6.17112,4.16824,4.32764,4.27627,4.25838,0.397241,1.92653,-7.61067,0.597448,-0.287367,0.124867,-33.4995,0,295.211,286.211,0.000198303,5.52524,4.34996e-05,5.69984e-06,0.988302,4.35777e-06,1.5436e-05,-0.0301047,0.0737628,8.23278,0.00980727,0.00977914,2.79948e-05,8.04894122274263e-06
"608",152637,6.1743,4.16935,4.3288,4.27739,4.25947,0.397374,1.92717,-7.6096,0.59804,-0.286847,0.124923,-33.5007,0,295.216,286.216,0.000198369,5.52564,4.35219e-05,5.69404e-06,0.988524,4.35752e-06,1.54383e-05,-0.0300755,0.0737675,8.2323,0.00981338,0.00978524,2.80043e-05,8.04768281922937e-06
"609",152887,6.17747,4.17046,4.32996,4.2785,4.26057,0.397507,1.92782,-7.60854,0.598636,-0.286326,0.124978,-33.5019,0,295.22,286.22,0.000198436,5.52604,4.35442e-05,5.68823e-06,0.988746,4.35727e-06,1.54407e-05,-0.030046,0.0737722,8.23181,0.0098195,0.00979135,2.80138e-05,8.04644553580228e-06
"610",153140,6.18065,4.1716,4.33114,4.27963,4.26168,0.397642,1.92848,-7.60745,0.599218,-0.2858,0.125035,-33.5031,0,295.224,286.224,0.000198503,5.52644,4.35667e-05,5.6824e-06,0.989027,4.35703e-06,1.54432e-05,-0.0300241,0.073777,8.23133,0.00982573,0.00979753,2.80235e-05,8.04516184318159e-06
"611",153393,6.18385,4.17272,4.33231,4.28076,4.26278,0.397776,1.92913,-7.60638,0.599809,-0.285272,0.125091,-33.5043,0,295.229,286.229,0.00019857,5.52684,4.35892e-05,5.67654e-06,0.98928,4.35678e-06,1.54456e-05,-0.0299984,0.0737817,8.23084,0.00983186,0.0098037,2.80331e-05,8.04389926295832e-06
"612",153645,6.18699,4.17387,4.33349,4.28188,4.26389,0.397911,1.92979,-7.6053,0.600352,-0.284745,0.125147,-33.5055,0,295.233,286.233,0.000198637,5.52724,4.36116e-05,5.67073e-06,0.989634,4.35655e-06,1.5448e-05,-0.0299879,0.0737864,8.23036,0.0098381,0.00980984,2.80428e-05,8.0426352827812e-06
"613",153895,6.19021,4.17496,4.33465,4.28299,4.26499,0.398044,1.93043,-7.60423,0.600995,-0.284222,0.125202,-33.5067,0,295.238,286.238,0.000198703,5.52764,4.3634e-05,5.66489e-06,0.989766,4.35629e-06,1.54504e-05,-0.0299444,0.0737911,8.22987,0.00984423,0.00981601,2.80523e-05,8.04139250723934e-06
"614",154148,6.19341,4.17609,4.33583,4.28412,4.26609,0.398178,1.93109,-7.60317,0.601588,-0.283693,0.125258,-33.5079,0,295.242,286.242,0.000198771,5.52804,4.36565e-05,5.65903e-06,0.99002,4.35604e-06,1.54528e-05,-0.0299185,0.0737959,8.22939,0.00985037,0.00982218,2.8062e-05,8.04012574064844e-06
"615",154400,6.19659,4.17722,4.337,4.28524,4.2672,0.398313,1.93174,-7.60208,0.60217,-0.283164,0.125315,-33.5091,0,295.247,286.247,0.000198838,5.52844,4.3679e-05,5.65319e-06,0.990299,4.3558e-06,1.54552e-05,-0.0298962,0.0738006,8.2289,0.00985662,0.00982838,2.80717e-05,8.0388349035687e-06
"616",154653,6.19979,4.17834,4.33817,4.28637,4.2683,0.398447,1.9324,-7.60101,0.602762,-0.282634,0.125371,-33.5103,0,295.251,286.251,0.000198905,5.52884,4.37015e-05,5.64733e-06,0.990553,4.35555e-06,1.54576e-05,-0.0298705,0.0738053,8.22842,0.00986277,0.00983456,2.80813e-05,8.03756528453119e-06
"617",154905,6.20294,4.17948,4.33935,4.28749,4.2694,0.398581,1.93305,-7.59993,0.603317,-0.282105,0.125427,-33.5115,0,295.256,286.256,0.000198972,5.52924,4.37239e-05,5.64152e-06,0.990888,4.35532e-06,1.54601e-05,-0.0298567,0.0738099,8.22794,0.00986903,0.00984072,2.8091e-05,8.03629424593005e-06
"618",155157,6.2061,4.18062,4.34052,4.28861,4.27051,0.398715,1.93371,-7.59884,0.60389,-0.281575,0.125484,-33.5127,0,295.26,286.26,0.000199039,5.52963,4.37463e-05,5.6357e-06,0.991197,4.35508e-06,1.54625e-05,-0.0298386,0.0738146,8.22746,0.00987524,0.00984691,2.81006e-05,8.03499904829083e-06
"619",155407,6.20935,4.1817,4.34168,4.28972,4.2716,0.398849,1.93435,-7.59778,0.604554,-0.281048,0.12554,-33.5138,0,295.265,286.265,0.000199105,5.53003,4.37687e-05,5.62983e-06,0.9913,4.35482e-06,1.54649e-05,-0.0297898,0.0738193,8.22697,0.00988139,0.00985312,2.81103e-05,8.03372513309241e-06
"620",155659,6.21249,4.18284,4.34285,4.29085,4.2727,0.398983,1.93501,-7.5967,0.605101,-0.280517,0.125596,-33.515,0,295.269,286.269,0.000199172,5.53042,4.37911e-05,5.62403e-06,0.991661,4.35459e-06,1.54673e-05,-0.0297797,0.0738239,8.22649,0.00988761,0.00985928,2.81199e-05,8.03244978628082e-06
"621",155911,6.21565,4.18397,4.34402,4.29197,4.2738,0.399117,1.93566,-7.59562,0.605674,-0.279986,0.125652,-33.5162,0,295.273,286.273,0.000199239,5.53081,4.38136e-05,5.61821e-06,0.991968,4.35435e-06,1.54697e-05,-0.0297613,0.0738286,8.22601,0.00989383,0.00986548,2.81296e-05,8.03117300382719e-06
"622",156163,6.21888,4.18508,4.34519,4.29309,4.27491,0.399251,1.93632,-7.59454,0.606303,-0.279452,0.125709,-33.5174,0,295.278,286.278,0.000199306,5.53121,4.38361e-05,5.61233e-06,0.992167,4.3541e-06,1.54721e-05,-0.0297261,0.0738332,8.22552,0.00990005,0.00987173,2.81394e-05,8.02987194318032e-06
"623",156415,6.22205,4.18621,4.34636,4.29421,4.27601,0.399386,1.93697,-7.59346,0.606873,-0.27892,0.125765,-33.5186,0,295.282,286.282,0.000199373,5.5316,4.38585e-05,5.6065e-06,0.992479,4.35386e-06,1.54746e-05,-0.0297084,0.0738379,8.22504,0.00990628,0.00987792,2.81491e-05,8.02859225146478e-06
"624",156667,6.22528,4.18732,4.34753,4.29533,4.27711,0.39952,1.93763,-7.59238,0.607501,-0.278386,0.125822,-33.5198,0,295.287,286.287,0.00019944,5.53199,4.38811e-05,5.60062e-06,0.992681,4.35361e-06,1.5477e-05,-0.0296735,0.0738425,8.22455,0.00991252,0.00988418,2.81588e-05,8.02728822116098e-06
"625",156919,6.22845,4.18845,4.3487,4.29645,4.27821,0.399654,1.93828,-7.59131,0.608076,-0.277852,0.125879,-33.521,0,295.291,286.291,0.000199507,5.53238,4.39035e-05,5.5948e-06,0.992983,4.35337e-06,1.54794e-05,-0.0296543,0.0738471,8.22407,0.00991875,0.00989038,2.81685e-05,8.02598268644658e-06
"626",157171,6.23165,4.18957,4.34987,4.29757,4.27931,0.399788,1.93893,-7.59023,0.608683,-0.277318,0.125935,-33.5221,0,295.296,286.296,0.000199574,5.53278,4.3926e-05,5.58894e-06,0.993226,4.35313e-06,1.54818e-05,-0.0296258,0.0738518,8.22359,0.00992499,0.00989662,2.81783e-05,8.02469858658968e-06
"627",157423,6.23486,4.19069,4.35104,4.29869,4.28041,0.399923,1.93959,-7.58914,0.6093,-0.276783,0.125992,-33.5233,0,295.3,286.3,0.000199641,5.53317,4.39485e-05,5.58307e-06,0.993459,4.35288e-06,1.54842e-05,-0.0295952,0.0738564,8.2231,0.00993129,0.00990288,2.81881e-05,8.0233900565783e-06
"628",157674,6.23804,4.19181,4.35221,4.29981,4.28151,0.400057,1.94024,-7.58807,0.609887,-0.276248,0.126049,-33.5245,0,295.304,286.304,0.000199708,5.53355,4.39709e-05,5.57725e-06,0.993757,4.35264e-06,1.54866e-05,-0.0295745,0.073861,8.22262,0.00993749,0.00990911,2.81978e-05,8.02208000913351e-06
"629",157927,6.24132,4.1929,4.35338,4.30093,4.28261,0.400191,1.9409,-7.58699,0.610555,-0.275711,0.126106,-33.5257,0,295.309,286.309,0.000199776,5.53395,4.39935e-05,5.57131e-06,0.993866,4.35238e-06,1.5489e-05,-0.0295256,0.0738656,8.22213,0.00994374,0.00991541,2.82076e-05,8.02076843984843e-06
"630",158178,6.2445,4.19402,4.35455,4.30205,4.28371,0.400326,1.94155,-7.5859,0.611146,-0.275175,0.126163,-33.5268,0,295.313,286.313,0.000199843,5.53433,4.4016e-05,5.56549e-06,0.994159,4.35214e-06,1.54914e-05,-0.0295039,0.0738702,8.22165,0.00995005,0.00992166,2.82174e-05,8.01945534429566e-06
"631",158430,6.24769,4.19514,4.35571,4.30316,4.28481,0.40046,1.9422,-7.58483,0.611747,-0.274638,0.126219,-33.528,0,295.318,286.318,0.000199909,5.53472,4.40384e-05,5.55964e-06,0.994425,4.3519e-06,1.54938e-05,-0.0294784,0.0738748,8.22117,0.00995626,0.0099279,2.82271e-05,8.01816379486308e-06
"632",158681,6.25087,4.19627,4.35688,4.30428,4.28591,0.400594,1.94286,-7.58374,0.612337,-0.274101,0.126276,-33.5292,0,295.322,286.322,0.000199976,5.53511,4.40609e-05,5.55381e-06,0.994716,4.35166e-06,1.54962e-05,-0.0294565,0.0738793,8.22069,0.00996257,0.00993416,2.82369e-05,8.01684766038171e-06
"633",158932,6.25407,4.19738,4.35805,4.3054,4.28701,0.400728,1.94351,-7.58267,0.612937,-0.273563,0.126333,-33.5304,0,295.327,286.327,0.000200043,5.53549,4.40833e-05,5.54796e-06,0.994984,4.35142e-06,1.54986e-05,-0.0294311,0.0738839,8.22021,0.00996879,0.00994041,2.82467e-05,8.015529986305e-06
"634",159184,6.25722,4.19852,4.35921,4.30651,4.2881,0.400862,1.94416,-7.58159,0.6135,-0.273026,0.12639,-33.5315,0,295.331,286.331,0.00020011,5.53588,4.41057e-05,5.54216e-06,0.995332,4.35119e-06,1.55011e-05,-0.029418,0.0738884,8.21974,0.00997511,0.00994664,2.82565e-05,8.01421076812254e-06
"635",159435,6.26038,4.19965,4.36038,4.30763,4.2892,0.400996,1.94481,-7.5805,0.61408,-0.272488,0.126447,-33.5327,0,295.335,286.335,0.000200177,5.53626,4.41281e-05,5.53635e-06,0.995654,4.35096e-06,1.55035e-05,-0.0294004,0.0738929,8.21926,0.00998139,0.00995289,2.82663e-05,8.01289000130275e-06
"636",159686,6.26361,4.20075,4.36154,4.30874,4.2903,0.40113,1.94547,-7.57942,0.614718,-0.271949,0.126504,-33.5339,0,295.34,286.34,0.000200244,5.53664,4.41506e-05,5.53047e-06,0.995862,4.35071e-06,1.55059e-05,-0.029365,0.0738975,8.21878,0.00998767,0.00995921,2.82761e-05,8.01156768129272e-06
"637",159937,6.26677,4.20188,4.36271,4.30986,4.29139,0.401264,1.94612,-7.57834,0.615296,-0.27141,0.126561,-33.535,0,295.344,286.344,0.000200311,5.53703,4.4173e-05,5.52466e-06,0.996182,4.35048e-06,1.55083e-05,-0.0293473,0.073902,8.2183,0.00999395,0.00996545,2.82859e-05,8.0102438035181e-06
"638",160188,6.26998,4.20299,4.36387,4.31097,4.29249,0.401398,1.94678,-7.57725,0.61591,-0.27087,0.126619,-33.5362,0,295.349,286.349,0.000200378,5.53741,4.41955e-05,5.5188e-06,0.996432,4.35024e-06,1.55107e-05,-0.0293187,0.0739065,8.21782,0.0100002,0.00997175,2.82957e-05,8.00889509607418e-06
"639",160439,6.27316,4.20411,4.36504,4.31209,4.29358,0.401532,1.94743,-7.57617,0.61651,-0.27033,0.126676,-33.5374,0,295.353,286.353,0.000200445,5.53779,4.42179e-05,5.51297e-06,0.996723,4.35e-06,1.55131e-05,-0.0292959,0.073911,8.21734,0.0100065,0.00997803,2.83056e-05,8.00756806142859e-06
"640",160690,6.27637,4.20522,4.3662,4.3132,4.29468,0.401666,1.94808,-7.57509,0.617126,-0.269789,0.126733,-33.5385,0,295.357,286.357,0.000200512,5.53817,4.42404e-05,5.50711e-06,0.996965,4.34976e-06,1.55155e-05,-0.0292661,0.0739155,8.21686,0.0100128,0.00998432,2.83154e-05,8.00623945508361e-06
"641",160941,6.27955,4.20633,4.36736,4.31431,4.29577,0.4018,1.94873,-7.57401,0.617726,-0.269248,0.12679,-33.5397,0,295.362,286.362,0.000200579,5.53855,4.42628e-05,5.50128e-06,0.997253,4.34953e-06,1.5518e-05,-0.0292429,0.07392,8.21638,0.0100191,0.00999061,2.83253e-05,8.00490927237729e-06
"642",161192,6.28276,4.20744,4.36853,4.31543,4.29686,0.401935,1.94939,-7.57293,0.618339,-0.268706,0.126847,-33.5409,0,295.366,286.366,0.000200646,5.53893,4.42853e-05,5.49543e-06,0.997501,4.34928e-06,1.55204e-05,-0.0292139,0.0739245,8.2159,0.0100254,0.00999691,2.83351e-05,8.00357750862549e-06
"643",161443,6.28603,4.20853,4.36969,4.31654,4.29796,0.402069,1.95004,-7.57185,0.619008,-0.268163,0.126905,-33.542,0,295.371,286.371,0.000200713,5.53931,4.43078e-05,5.48951e-06,0.99764,4.34903e-06,1.55227e-05,-0.0291679,0.073929,8.21541,0.0100317,0.0100033,2.8345e-05,8.00222075284272e-06
"644",161694,6.2892,4.20965,4.37085,4.31765,4.29905,0.402203,1.95069,-7.57075,0.619606,-0.267621,0.126962,-33.5432,0,295.375,286.375,0.00020078,5.53969,4.43302e-05,5.4837e-06,0.997947,4.3488e-06,1.55251e-05,-0.0291469,0.0739335,8.21494,0.0100381,0.0100096,2.83549e-05,8.00088578491267e-06
"645",161945,6.29239,4.21076,4.37201,4.31876,4.30015,0.402337,1.95135,-7.56969,0.620212,-0.267078,0.12702,-33.5443,0,295.38,286.38,0.000200846,5.54007,4.43527e-05,5.47786e-06,0.998225,4.34856e-06,1.55275e-05,-0.0291219,0.073938,8.21446,0.0100444,0.0100159,2.83647e-05,7.9995257589206e-06
"646",162195,6.29553,4.2119,4.37317,4.31987,4.30124,0.40247,1.952,-7.5686,0.620769,-0.266536,0.127077,-33.5455,0,295.384,286.384,0.000200913,5.54044,4.4375e-05,5.47208e-06,0.998606,4.34834e-06,1.553e-05,-0.0291128,0.0739424,8.21399,0.0100507,0.0100221,2.83746e-05,7.99818756746962e-06
"647",162446,6.29878,4.21298,4.37434,4.32099,4.30233,0.402605,1.95265,-7.56751,0.621437,-0.265991,0.127135,-33.5466,0,295.388,286.388,0.00020098,5.54082,4.43975e-05,5.46618e-06,0.998765,4.34809e-06,1.55323e-05,-0.0290692,0.0739469,8.21351,0.0100571,0.0100285,2.83845e-05,7.99682425149115e-06
"648",162696,6.30191,4.21412,4.37549,4.3221,4.30342,0.402738,1.9533,-7.56643,0.621989,-0.265448,0.127192,-33.5478,0,295.393,286.393,0.000201047,5.54119,4.44199e-05,5.4604e-06,0.99916,4.34787e-06,1.55348e-05,-0.0290619,0.0739513,8.21304,0.0100634,0.0100348,2.83944e-05,7.99548281698905e-06
"649",162946,6.30515,4.21521,4.37666,4.32321,4.30451,0.402872,1.95396,-7.56534,0.622643,-0.264903,0.12725,-33.549,0,295.397,286.397,0.000201114,5.54157,4.44424e-05,5.45451e-06,0.999344,4.34762e-06,1.55372e-05,-0.0290221,0.0739557,8.21256,0.0100697,0.0100412,2.84043e-05,7.99411619105502e-06
"650",163197,6.3083,4.21634,4.37781,4.32432,4.3056,0.403006,1.95461,-7.56427,0.623212,-0.264359,0.127307,-33.5501,0,295.401,286.401,0.000201181,5.54194,4.44647e-05,5.44872e-06,0.999703,4.34739e-06,1.55396e-05,-0.0290095,0.0739601,8.21209,0.0100761,0.0100474,2.84142e-05,7.99277149378161e-06
"651",163447,6.31147,4.21746,4.37897,4.32542,4.30669,0.40314,1.95526,-7.56318,0.6238,-0.263814,0.127365,-33.5513,0,295.406,286.406,0.000201247,5.54231,4.44871e-05,5.44291e-06,1.00003,4.34716e-06,1.5542e-05,-0.0289911,0.0739645,8.21161,0.0100824,0.0100538,2.84241e-05,7.99140153772819e-06
"652",163697,6.31467,4.21856,4.38013,4.32653,4.30778,0.403274,1.95591,-7.56209,0.624423,-0.263268,0.127422,-33.5524,0,295.41,286.41,0.000201314,5.54268,4.45095e-05,5.43706e-06,1.00028,4.34693e-06,1.55444e-05,-0.0289621,0.0739689,8.21114,0.0100887,0.0100601,2.8434e-05,7.99005355777071e-06
"653",163947,6.31785,4.21968,4.38129,4.32764,4.30887,0.403408,1.95656,-7.56101,0.625031,-0.262722,0.12748,-33.5536,0,295.414,286.414,0.000201381,5.54305,4.45319e-05,5.43124e-06,1.00058,4.34669e-06,1.55468e-05,-0.0289394,0.0739733,8.21066,0.0100951,0.0100664,2.8444e-05,7.98868025123684e-06
"654",164197,6.32106,4.22078,4.38245,4.32875,4.30996,0.403542,1.95722,-7.55992,0.625653,-0.262175,0.127538,-33.5547,0,295.419,286.419,0.000201448,5.54342,4.45544e-05,5.42539e-06,1.00084,4.34646e-06,1.55492e-05,-0.0289099,0.0739777,8.21019,0.0101014,0.0100728,2.84539e-05,7.98730524710812e-06
"655",164447,6.32426,4.22188,4.38361,4.32986,4.31105,0.403675,1.95787,-7.55883,0.626278,-0.261628,0.127596,-33.5559,0,295.423,286.423,0.000201515,5.5438,4.45768e-05,5.41954e-06,1.00109,4.34622e-06,1.55516e-05,-0.0288805,0.0739821,8.20971,0.0101078,0.0100792,2.84639e-05,7.98592854012865e-06
"656",164700,6.32754,4.22299,4.38478,4.33098,4.31215,0.403811,1.95853,-7.55775,0.62694,-0.261074,0.127654,-33.557,0,295.428,286.428,0.000201582,5.54417,4.45995e-05,5.41359e-06,1.00129,4.34597e-06,1.5554e-05,-0.0288409,0.0739865,8.20922,0.0101142,0.0100856,2.84739e-05,7.98455012501644e-06
"657",164953,6.33075,4.22411,4.38595,4.3321,4.31325,0.403946,1.95919,-7.55664,0.627549,-0.26052,0.127713,-33.5582,0,295.432,286.432,0.00020165,5.54454,4.46222e-05,5.40771e-06,1.0016,4.34574e-06,1.55564e-05,-0.0288192,0.0739909,8.20874,0.0101207,0.010092,2.8484e-05,7.98314618608624e-06
"658",165205,6.33392,4.22525,4.38711,4.33321,4.31435,0.404081,1.95984,-7.55555,0.628111,-0.259967,0.127771,-33.5593,0,295.436,286.436,0.000201717,5.54491,4.46447e-05,5.40187e-06,1.002,4.34552e-06,1.55589e-05,-0.0288119,0.0739953,8.20827,0.0101271,0.0100984,2.84941e-05,7.98176430907638e-06
"659",165458,6.33724,4.22634,4.38829,4.33433,4.31545,0.404217,1.9605,-7.55446,0.628806,-0.259411,0.12783,-33.5605,0,295.441,286.441,0.000201785,5.54529,4.46675e-05,5.39588e-06,1.00212,4.34526e-06,1.55613e-05,-0.0287613,0.0739998,8.20778,0.0101336,0.0101049,2.85042e-05,7.98035683749104e-06
"660",165711,6.34044,4.22747,4.38945,4.33545,4.31655,0.404352,1.96116,-7.55335,0.629419,-0.258856,0.127889,-33.5616,0,295.445,286.445,0.000201852,5.54566,4.46901e-05,5.39001e-06,1.00244,4.34503e-06,1.55637e-05,-0.0287401,0.0740041,8.20731,0.01014,0.0101114,2.85143e-05,7.97894757603484e-06
"661",165963,6.34359,4.22861,4.39062,4.33657,4.31764,0.404487,1.96182,-7.55226,0.629972,-0.258302,0.127947,-33.5628,0,295.45,286.45,0.00020192,5.54602,4.47127e-05,5.38419e-06,1.00288,4.34482e-06,1.55662e-05,-0.0287371,0.0740085,8.20684,0.0101465,0.0101177,2.85244e-05,7.97756045021762e-06
"662",166216,6.34685,4.22972,4.39179,4.33768,4.31874,0.404622,1.96248,-7.55115,0.630623,-0.257745,0.128006,-33.5639,0,295.454,286.454,0.000201987,5.54639,4.47354e-05,5.37826e-06,1.0031,4.34457e-06,1.55686e-05,-0.0287022,0.0740129,8.20636,0.010153,0.0101242,2.85345e-05,7.97614762246518e-06
"663",166468,6.35013,4.23082,4.39296,4.3388,4.31984,0.404758,1.96314,-7.55007,0.631288,-0.257188,0.128065,-33.5651,0,295.459,286.459,0.000202055,5.54677,4.47581e-05,5.37231e-06,1.0033,4.34433e-06,1.5571e-05,-0.0286626,0.0740173,8.20587,0.0101594,0.0101307,2.85446e-05,7.97473298774832e-06
"664",166720,6.35334,4.23194,4.39412,4.33992,4.32093,0.404893,1.9638,-7.54896,0.631899,-0.256632,0.128124,-33.5662,0,295.463,286.463,0.000202122,5.54713,4.47807e-05,5.36643e-06,1.00362,4.3441e-06,1.55734e-05,-0.0286411,0.0740216,8.20539,0.0101659,0.0101372,2.85547e-05,7.97331654027833e-06
"665",166972,6.3565,4.23308,4.39529,4.34103,4.32203,0.405028,1.96446,-7.54787,0.632464,-0.256075,0.128182,-33.5674,0,295.467,286.467,0.00020219,5.5475,4.48032e-05,5.3606e-06,1.00403,4.34388e-06,1.55759e-05,-0.0286342,0.0740259,8.20493,0.0101723,0.0101436,2.85648e-05,7.97192232782678e-06
"666",167225,6.35982,4.23417,4.39646,4.34215,4.32313,0.405163,1.96511,-7.54677,0.633163,-0.255517,0.128241,-33.5685,0,295.472,286.472,0.000202257,5.54787,4.4826e-05,5.35461e-06,1.00416,4.34363e-06,1.55782e-05,-0.0285835,0.0740303,8.20444,0.0101788,0.0101501,2.8575e-05,7.97050226833641e-06
"667",167477,6.36302,4.23529,4.39762,4.34326,4.32422,0.405298,1.96577,-7.54566,0.633779,-0.254959,0.1283,-33.5697,0,295.476,286.476,0.000202325,5.54823,4.48486e-05,5.34874e-06,1.00448,4.3434e-06,1.55807e-05,-0.0285625,0.0740346,8.20396,0.0101853,0.0101566,2.85852e-05,7.96908037864734e-06
"668",167728,6.36617,4.23644,4.39878,4.34438,4.32532,0.405433,1.96643,-7.54457,0.634333,-0.254402,0.128359,-33.5708,0,295.48,286.48,0.000202392,5.54859,4.48711e-05,5.34293e-06,1.00492,4.34318e-06,1.55831e-05,-0.0285598,0.0740389,8.2035,0.0101918,0.010163,2.85953e-05,7.96765665285118e-06
"669",167981,6.36943,4.23754,4.39995,4.34549,4.32641,0.405568,1.96709,-7.54346,0.634987,-0.253842,0.128418,-33.5719,0,295.485,286.485,0.00020246,5.54896,4.48938e-05,5.337e-06,1.00515,4.34294e-06,1.55855e-05,-0.028525,0.0740432,8.20302,0.0101983,0.0101695,2.86055e-05,7.96623108500892e-06
"670",168233,6.37271,4.23863,4.40112,4.34661,4.32751,0.405704,1.96775,-7.54238,0.635655,-0.253283,0.128477,-33.5731,0,295.489,286.489,0.000202527,5.54933,4.49165e-05,5.33105e-06,1.00535,4.3427e-06,1.55879e-05,-0.0284854,0.0740476,8.20253,0.0102047,0.010176,2.86156e-05,7.96480366915079e-06
"671",168485,6.37591,4.23975,4.40228,4.34772,4.3286,0.405839,1.96841,-7.54127,0.63627,-0.252723,0.128536,-33.5742,0,295.494,286.494,0.000202595,5.54969,4.49391e-05,5.32517e-06,1.00567,4.34247e-06,1.55904e-05,-0.028464,0.0740519,8.20206,0.0102113,0.0101825,2.86258e-05,7.96337439927599e-06
"672",168736,6.37907,4.24089,4.40344,4.34883,4.32969,0.405973,1.96906,-7.54018,0.636836,-0.252165,0.128595,-33.5754,0,295.498,286.498,0.000202662,5.55005,4.49616e-05,5.31935e-06,1.00609,4.34226e-06,1.55928e-05,-0.0284574,0.0740561,8.20159,0.0102178,0.0101889,2.86359e-05,7.96194326935249e-06
"673",168988,6.38239,4.24197,4.40461,4.34994,4.33079,0.406109,1.96972,-7.53908,0.637539,-0.251603,0.128654,-33.5765,0,295.502,286.502,0.00020273,5.55041,4.49844e-05,5.31336e-06,1.00622,4.342e-06,1.55952e-05,-0.0284066,0.0740605,8.20111,0.0102242,0.0101955,2.86461e-05,7.96051027331679e-06
"674",169240,6.3856,4.24309,4.40577,4.35106,4.33188,0.406244,1.97038,-7.53797,0.638157,-0.251043,0.128714,-33.5776,0,295.507,286.507,0.000202797,5.55077,4.5007e-05,5.30749e-06,1.00655,4.34178e-06,1.55976e-05,-0.0283858,0.0740647,8.20063,0.0102308,0.010202,2.86564e-05,7.95905106910243e-06
"675",169491,6.38874,4.24424,4.40693,4.35217,4.33297,0.406379,1.97104,-7.53687,0.638714,-0.250483,0.128773,-33.5788,0,295.511,286.511,0.000202864,5.55113,4.50295e-05,5.30168e-06,1.00699,4.34157e-06,1.56001e-05,-0.0283835,0.074069,8.20017,0.0102373,0.0102084,2.86665e-05,7.95761429063568e-06
"676",169743,6.392,4.24534,4.40809,4.35328,4.33406,0.406514,1.97169,-7.53577,0.639371,-0.249921,0.128832,-33.5799,0,295.515,286.515,0.000202932,5.55149,4.50521e-05,5.29576e-06,1.00723,4.34133e-06,1.56025e-05,-0.0283487,0.0740732,8.19969,0.0102438,0.0102149,2.86768e-05,7.95617562757052e-06
"677",169994,6.39528,4.24643,4.40925,4.35439,4.33516,0.406649,1.97235,-7.53468,0.640042,-0.249359,0.128891,-33.581,0,295.52,286.52,0.000202999,5.55185,4.50748e-05,5.28981e-06,1.00744,4.34109e-06,1.56049e-05,-0.0283091,0.0740775,8.19921,0.0102503,0.0102215,2.8687e-05,7.95473507371478e-06
"678",170246,6.39848,4.24755,4.41042,4.3555,4.33625,0.406784,1.97301,-7.53357,0.640659,-0.248797,0.128951,-33.5822,0,295.524,286.524,0.000203066,5.55221,4.50974e-05,5.28394e-06,1.00776,4.34086e-06,1.56073e-05,-0.0282879,0.0740818,8.19874,0.0102569,0.010228,2.86972e-05,7.95326815813871e-06
"679",170497,6.40164,4.24868,4.41157,4.35661,4.33734,0.406918,1.97367,-7.53248,0.641228,-0.248235,0.12901,-33.5833,0,295.529,286.529,0.000203134,5.55257,4.51199e-05,5.27811e-06,1.00818,4.34065e-06,1.56098e-05,-0.0282816,0.074086,8.19827,0.0102634,0.0102345,2.87074e-05,7.95182377168158e-06
"680",170748,6.40496,4.24976,4.41274,4.35772,4.33843,0.407054,1.97432,-7.53138,0.641933,-0.247671,0.12907,-33.5844,0,295.533,286.533,0.000203201,5.55293,4.51426e-05,5.27213e-06,1.00831,4.3404e-06,1.56121e-05,-0.0282307,0.0740903,8.19779,0.0102699,0.010241,2.87177e-05,7.95035294556552e-06
"681",171000,6.40816,4.25088,4.4139,4.35883,4.33952,0.407189,1.97498,-7.53027,0.642554,-0.247108,0.129129,-33.5856,0,295.537,286.537,0.000203269,5.55328,4.51652e-05,5.26626e-06,1.00865,4.34017e-06,1.56145e-05,-0.02821,0.0740945,8.19732,0.0102765,0.0102476,2.87279e-05,7.94890470091319e-06
"682",171250,6.4113,4.25202,4.41505,4.35994,4.34061,0.407323,1.97564,-7.52917,0.643113,-0.246545,0.129188,-33.5867,0,295.542,286.542,0.000203336,5.55363,4.51877e-05,5.26046e-06,1.0091,4.33996e-06,1.5617e-05,-0.0282081,0.0740986,8.19686,0.010283,0.010254,2.87381e-05,7.94745453379926e-06
"683",171502,6.41456,4.25312,4.41621,4.36104,4.3417,0.407458,1.9763,-7.52807,0.643773,-0.245981,0.129248,-33.5878,0,295.546,286.546,0.000203403,5.55399,4.52103e-05,5.25453e-06,1.00934,4.33973e-06,1.56194e-05,-0.0281733,0.0741029,8.19638,0.0102896,0.0102606,2.87484e-05,7.94597780937458e-06
"684",171753,6.41784,4.25421,4.41737,4.36215,4.34279,0.407593,1.97695,-7.52698,0.644447,-0.245416,0.129308,-33.5889,0,295.55,286.55,0.000203471,5.55435,4.5233e-05,5.24859e-06,1.00955,4.33949e-06,1.56218e-05,-0.0281337,0.0741071,8.1959,0.0102961,0.0102672,2.87587e-05,7.94449908339721e-06
"685",172004,6.42105,4.25532,4.41853,4.36326,4.34387,0.407728,1.97761,-7.52587,0.645067,-0.244851,0.129367,-33.5901,0,295.555,286.555,0.000203538,5.5547,4.52556e-05,5.24272e-06,1.00988,4.33926e-06,1.56242e-05,-0.0281127,0.0741113,8.19543,0.0103027,0.0102737,2.8769e-05,7.94304304447077e-06
"686",172254,6.4242,4.25645,4.41969,4.36437,4.34496,0.407863,1.97827,-7.52478,0.645638,-0.244287,0.129427,-33.5912,0,295.559,286.559,0.000203605,5.55505,4.52781e-05,5.2369e-06,1.0103,4.33905e-06,1.56267e-05,-0.0281067,0.0741154,8.19497,0.0103092,0.0102802,2.87792e-05,7.94156032860535e-06
"687",172506,6.42752,4.25753,4.42085,4.36547,4.34605,0.407998,1.97892,-7.52368,0.646346,-0.243721,0.129487,-33.5923,0,295.563,286.563,0.000203673,5.55541,4.53008e-05,5.23092e-06,1.01044,4.3388e-06,1.5629e-05,-0.0280557,0.0741197,8.19448,0.0103158,0.0102868,2.87895e-05,7.94007559080254e-06
"688",172756,6.43073,4.25864,4.422,4.36658,4.34714,0.408133,1.97958,-7.52257,0.64697,-0.243155,0.129547,-33.5934,0,295.568,286.568,0.00020374,5.55576,4.53233e-05,5.22505e-06,1.01078,4.33858e-06,1.56315e-05,-0.0280352,0.0741238,8.19401,0.0103224,0.0102934,2.87999e-05,7.93858882415507e-06
"689",173007,6.43386,4.25978,4.42316,4.36768,4.34822,0.408267,1.98024,-7.52147,0.647531,-0.24259,0.129606,-33.5946,0,295.572,286.572,0.000203807,5.5561,4.53458e-05,5.21925e-06,1.01123,4.33838e-06,1.56339e-05,-0.0280336,0.0741279,8.19356,0.0103289,0.0102999,2.88101e-05,7.93712485181172e-06
"690",173257,6.43712,4.26087,4.42432,4.36879,4.34931,0.408402,1.98089,-7.52036,0.648193,-0.242023,0.129666,-33.5957,0,295.576,286.576,0.000203874,5.55646,4.53684e-05,5.21333e-06,1.01148,4.33814e-06,1.56363e-05,-0.0279989,0.0741321,8.19308,0.0103355,0.0103065,2.88205e-05,7.93563404070513e-06
"691",173508,6.4404,4.26196,4.42547,4.3699,4.35039,0.408537,1.98155,-7.51928,0.648871,-0.241456,0.129726,-33.5968,0,295.581,286.581,0.000203942,5.55681,4.53911e-05,5.20739e-06,1.01169,4.3379e-06,1.56387e-05,-0.0279593,0.0741363,8.1926,0.010342,0.0103131,2.88308e-05,7.93414117992124e-06
"692",173759,6.44361,4.26307,4.42663,4.371,4.35148,0.408672,1.98221,-7.51816,0.649492,-0.240889,0.129786,-33.5979,0,295.585,286.585,0.000204009,5.55716,4.54136e-05,5.20152e-06,1.01203,4.33768e-06,1.56411e-05,-0.0279385,0.0741404,8.19213,0.0103487,0.0103196,2.88411e-05,7.93264626240038e-06
"693",174009,6.44676,4.26421,4.42778,4.3721,4.35256,0.408806,1.98286,-7.51707,0.650066,-0.240322,0.129846,-33.599,0,295.589,286.589,0.000204076,5.5575,4.54361e-05,5.19571e-06,1.01245,4.33747e-06,1.56436e-05,-0.0279327,0.0741445,8.19167,0.0103552,0.0103262,2.88514e-05,7.93114928104388e-06
"694",174260,6.45008,4.26528,4.42894,4.37321,4.35365,0.408941,1.98352,-7.51597,0.650777,-0.239753,0.129906,-33.6001,0,295.594,286.594,0.000204143,5.55786,4.54588e-05,5.18972e-06,1.0126,4.33723e-06,1.56459e-05,-0.0278816,0.0741487,8.19119,0.0103618,0.0103328,2.88618e-05,7.92965022871379e-06
"695",174510,6.45328,4.26639,4.43009,4.37431,4.35473,0.409076,1.98418,-7.51486,0.651403,-0.239185,0.129966,-33.6012,0,295.598,286.598,0.000204211,5.5582,4.54813e-05,5.18386e-06,1.01294,4.33701e-06,1.56483e-05,-0.0278614,0.0741528,8.19073,0.0103684,0.0103394,2.88722e-05,7.92814909823258e-06
"696",174763,6.45648,4.26753,4.43126,4.37543,4.35583,0.409212,1.98484,-7.51375,0.651989,-0.238611,0.130026,-33.6024,0,295.602,286.602,0.000204279,5.55855,4.55041e-05,5.17798e-06,1.01337,4.33679e-06,1.56508e-05,-0.0278543,0.0741569,8.19026,0.0103751,0.010346,2.88826e-05,7.92664588238284e-06
"697",175013,6.45977,4.26861,4.43241,4.37653,4.35691,0.409347,1.9855,-7.51264,0.652684,-0.238041,0.130087,-33.6035,0,295.607,286.607,0.000204346,5.5589,4.55267e-05,5.17203e-06,1.01355,4.33656e-06,1.56532e-05,-0.02781,0.0741611,8.18978,0.0103817,0.0103527,2.8893e-05,7.92511546766165e-06
"698",175266,6.46293,4.26976,4.43358,4.37764,4.358,0.409483,1.98616,-7.51153,0.653248,-0.237467,0.130147,-33.6046,0,295.611,286.611,0.000204414,5.55924,4.55494e-05,5.16617e-06,1.01403,4.33635e-06,1.56557e-05,-0.0278111,0.0741652,8.18932,0.0103884,0.0103593,2.89034e-05,7.92360802420072e-06
"699",175516,6.46616,4.27086,4.43473,4.37874,4.35909,0.409617,1.98681,-7.51043,0.653894,-0.236897,0.130207,-33.6057,0,295.615,286.615,0.000204481,5.55959,4.5572e-05,5.16028e-06,1.01433,4.33613e-06,1.56581e-05,-0.027783,0.0741693,8.18885,0.010395,0.0103659,2.89138e-05,7.92209847335396e-06
"700",175766,6.46947,4.27193,4.43588,4.37985,4.36017,0.409752,1.98747,-7.50934,0.654591,-0.236326,0.130268,-33.6068,0,295.62,286.62,0.000204548,5.55994,4.55947e-05,5.15431e-06,1.0145,4.33588e-06,1.56604e-05,-0.0277367,0.0741734,8.18837,0.0104016,0.0103725,2.89242e-05,7.92056159535479e-06
"701",176019,6.47265,4.27307,4.43705,4.38096,4.36126,0.409888,1.98813,-7.50821,0.655176,-0.23575,0.130329,-33.6079,0,295.624,286.624,0.000204616,5.56028,4.56174e-05,5.14844e-06,1.01495,4.33568e-06,1.56629e-05,-0.027732,0.0741775,8.18791,0.0104083,0.0103792,2.89347e-05,7.91902252370944e-06
"702",176272,6.47597,4.27416,4.43821,4.38207,4.36236,0.410024,1.9888,-7.50711,0.655878,-0.235173,0.13039,-33.6091,0,295.628,286.628,0.000204684,5.56063,4.56402e-05,5.14243e-06,1.01515,4.33544e-06,1.56653e-05,-0.0276881,0.0741816,8.18743,0.010415,0.0103859,2.89452e-05,7.91748125057342e-06
"703",176524,6.47916,4.2753,4.43938,4.38318,4.36345,0.41016,1.98946,-7.50598,0.656463,-0.234596,0.130451,-33.6102,0,295.633,286.633,0.000204752,5.56097,4.56629e-05,5.13656e-06,1.01559,4.33523e-06,1.56678e-05,-0.0276828,0.0741857,8.18697,0.0104217,0.0103926,2.89558e-05,7.91593776805725e-06
"704",176777,6.4825,4.27639,4.44054,4.3843,4.36454,0.410296,1.99012,-7.50488,0.657173,-0.234018,0.130512,-33.6113,0,295.637,286.637,0.00020482,5.56132,4.56859e-05,5.13053e-06,1.01577,4.33499e-06,1.56702e-05,-0.0276362,0.0741898,8.18648,0.0104284,0.0103993,2.89663e-05,7.91439206822613e-06
"705",177029,6.48569,4.27752,4.4417,4.38541,4.36563,0.410432,1.99078,-7.50375,0.657771,-0.23344,0.130573,-33.6124,0,295.641,286.641,0.000204888,5.56166,4.57086e-05,5.12464e-06,1.01619,4.33478e-06,1.56726e-05,-0.0276274,0.0741939,8.18602,0.0104351,0.010406,2.89768e-05,7.91284414309956e-06
"706",177282,6.48901,4.27862,4.44287,4.38652,4.36673,0.410568,1.99145,-7.50265,0.658457,-0.232861,0.130634,-33.6135,0,295.646,286.646,0.000204956,5.56201,4.57314e-05,5.11864e-06,1.01641,4.33454e-06,1.5675e-05,-0.0275873,0.074198,8.18554,0.0104418,0.0104127,2.89874e-05,7.91129398465098e-06
"707",177534,6.49219,4.27976,4.44403,4.38763,4.36782,0.410704,1.99211,-7.50152,0.659043,-0.232284,0.130695,-33.6146,0,295.65,286.65,0.000205024,5.56235,4.57541e-05,5.11277e-06,1.01686,4.33433e-06,1.56775e-05,-0.0275829,0.074202,8.18508,0.0104486,0.0104194,2.89979e-05,7.90974158480741e-06
"708",177787,6.49551,4.28084,4.44519,4.38874,4.36891,0.41084,1.99277,-7.50042,0.659748,-0.231704,0.130756,-33.6157,0,295.655,286.655,0.000205092,5.56269,4.5777e-05,5.10675e-06,1.01707,4.33409e-06,1.56799e-05,-0.0275389,0.0742061,8.1846,0.0104553,0.0104261,2.90085e-05,7.90818693544908e-06
"709",178039,6.4987,4.28198,4.44635,4.38985,4.37,0.410976,1.99343,-7.49929,0.660335,-0.231125,0.130818,-33.6169,0,295.659,286.659,0.000205159,5.56303,4.57997e-05,5.10089e-06,1.01751,4.33389e-06,1.56824e-05,-0.0275339,0.0742102,8.18414,0.010462,0.0104328,2.90191e-05,7.90660448648792e-06
"710",178291,6.50203,4.28307,4.44751,4.39096,4.37109,0.411112,1.9941,-7.49819,0.661047,-0.230545,0.130879,-33.618,0,295.663,286.663,0.000205227,5.56338,4.58226e-05,5.09486e-06,1.0177,4.33365e-06,1.56848e-05,-0.0274873,0.0742143,8.18366,0.0104687,0.0104396,2.90296e-05,7.90504527633716e-06
"711",178543,6.50523,4.2842,4.44867,4.39207,4.37218,0.411248,1.99476,-7.49706,0.661647,-0.229965,0.13094,-33.6191,0,295.667,286.667,0.000205295,5.56372,4.58453e-05,5.08898e-06,1.01812,4.33344e-06,1.56872e-05,-0.0274787,0.0742183,8.18319,0.0104755,0.0104463,2.90402e-05,7.90348379189195e-06
"712",178795,6.50854,4.28529,4.44984,4.39318,4.37327,0.411384,1.99542,-7.49596,0.662335,-0.229385,0.131002,-33.6202,0,295.672,286.672,0.000205363,5.56406,4.58681e-05,5.08297e-06,1.01835,4.3332e-06,1.56896e-05,-0.0274386,0.0742223,8.18272,0.0104822,0.010453,2.90508e-05,7.901894370252e-06
"713",179047,6.51172,4.28643,4.45099,4.39429,4.37436,0.41152,1.99608,-7.49483,0.662923,-0.228805,0.131063,-33.6213,0,295.676,286.676,0.000205431,5.56439,4.58908e-05,5.07711e-06,1.0188,4.333e-06,1.56921e-05,-0.0274344,0.0742263,8.18226,0.010489,0.0104597,2.90614e-05,7.90032827460789e-06
"714",179299,6.51505,4.28751,4.45216,4.39539,4.37545,0.411656,1.99675,-7.49373,0.663631,-0.228223,0.131125,-33.6224,0,295.681,286.681,0.000205499,5.56474,4.59137e-05,5.07109e-06,1.01901,4.33276e-06,1.56945e-05,-0.0273904,0.0742304,8.18178,0.0104957,0.0104665,2.9072e-05,7.89873414884922e-06
"715",179551,6.51823,4.28865,4.45331,4.3965,4.37653,0.411792,1.99741,-7.4926,0.664219,-0.227643,0.131186,-33.6235,0,295.685,286.685,0.000205566,5.56507,4.59363e-05,5.06523e-06,1.01946,4.33256e-06,1.5697e-05,-0.0273856,0.0742344,8.18132,0.0105025,0.0104732,2.90826e-05,7.89716340781155e-06
"716",179803,6.52156,4.28973,4.45447,4.39761,4.37762,0.411928,1.99807,-7.4915,0.664934,-0.22706,0.131248,-33.6246,0,295.689,286.689,0.000205634,5.56541,4.59592e-05,5.0592e-06,1.01965,4.33232e-06,1.56993e-05,-0.027339,0.0742384,8.18084,0.0105092,0.01048,2.90933e-05,7.89556454297265e-06
"717",180054,6.52476,4.29086,4.45563,4.39871,4.37871,0.412064,1.99873,-7.49037,0.665535,-0.226479,0.131309,-33.6257,0,295.693,286.693,0.000205702,5.56575,4.59819e-05,5.05332e-06,1.02007,4.33211e-06,1.57018e-05,-0.0273306,0.0742424,8.18038,0.010516,0.0104867,2.91039e-05,7.8939891219392e-06
"718",180306,6.52807,4.29195,4.45679,4.39982,4.3798,0.412199,1.99939,-7.48927,0.666225,-0.225896,0.131371,-33.6268,0,295.698,286.698,0.00020577,5.56609,4.60048e-05,5.04732e-06,1.0203,4.33188e-06,1.57042e-05,-0.0272905,0.0742464,8.1799,0.0105228,0.0104935,2.91145e-05,7.89238548264095e-06
"719",180558,6.53125,4.29308,4.45795,4.40093,4.38088,0.412335,2.00005,-7.48814,0.666815,-0.225315,0.131432,-33.6279,0,295.702,286.702,0.000205838,5.56642,4.60274e-05,5.04146e-06,1.02076,4.33168e-06,1.57067e-05,-0.0272867,0.0742504,8.17945,0.0105296,0.0105002,2.91252e-05,7.89080534659528e-06
"720",180810,6.53458,4.29416,4.4591,4.40203,4.38197,0.412471,2.00072,-7.48703,0.667524,-0.224731,0.131494,-33.629,0,295.706,286.706,0.000205906,5.56676,4.60503e-05,5.03544e-06,1.02097,4.33144e-06,1.5709e-05,-0.0272426,0.0742544,8.17897,0.0105363,0.0105071,2.91358e-05,7.88919689703408e-06
"721",181061,6.53776,4.2953,4.46026,4.40314,4.38305,0.412607,2.00138,-7.48591,0.668114,-0.224149,0.131556,-33.6301,0,295.711,286.711,0.000205973,5.56709,4.60729e-05,5.02958e-06,1.02142,4.33124e-06,1.57115e-05,-0.0272381,0.0742583,8.17851,0.0105431,0.0105138,2.91465e-05,7.88758600907903e-06
"722",181313,6.54109,4.29638,4.46142,4.40424,4.38414,0.412743,2.00204,-7.4848,0.668831,-0.223564,0.131618,-33.6312,0,295.715,286.715,0.000206041,5.56743,4.60958e-05,5.02355e-06,1.02161,4.331e-06,1.57139e-05,-0.0271914,0.0742623,8.17803,0.0105499,0.0105206,2.91572e-05,7.88597267346763e-06
"723",181564,6.54429,4.29751,4.46257,4.40535,4.38522,0.412878,2.0027,-7.48368,0.669434,-0.222981,0.13168,-33.6323,0,295.719,286.719,0.000206109,5.56776,4.61185e-05,5.01768e-06,1.02205,4.3308e-06,1.57164e-05,-0.0271833,0.0742663,8.17757,0.0105567,0.0105274,2.91678e-05,7.88435688088092e-06
"724",181815,6.5476,4.29859,4.46373,4.40645,4.38631,0.413014,2.00336,-7.48257,0.670126,-0.222396,0.131741,-33.6334,0,295.724,286.724,0.000206177,5.56809,4.61413e-05,5.01167e-06,1.02228,4.33056e-06,1.57187e-05,-0.0271431,0.0742703,8.1771,0.0105635,0.0105342,2.91785e-05,7.88276474251221e-06
"725",182066,6.55078,4.29972,4.46488,4.40755,4.38739,0.41315,2.00402,-7.48144,0.670718,-0.221813,0.131803,-33.6345,0,295.728,286.728,0.000206244,5.56842,4.61639e-05,5.00582e-06,1.02274,4.33036e-06,1.57212e-05,-0.0271396,0.0742742,8.17664,0.0105703,0.0105409,2.91892e-05,7.88114404779714e-06
"726",182318,6.5541,4.3008,4.46604,4.40866,4.38848,0.413285,2.00468,-7.48034,0.671429,-0.221227,0.131865,-33.6356,0,295.732,286.732,0.000206312,5.56876,4.61868e-05,4.9998e-06,1.02295,4.33013e-06,1.57236e-05,-0.0270955,0.0742781,8.17617,0.0105771,0.0105477,2.91999e-05,7.87952086796016e-06
"727",182569,6.55728,4.30194,4.46719,4.40976,4.38956,0.413421,2.00534,-7.47921,0.672021,-0.220643,0.131927,-33.6366,0,295.736,286.736,0.00020638,5.56908,4.62094e-05,4.99394e-06,1.02341,4.32993e-06,1.57261e-05,-0.0270912,0.074282,8.17571,0.0105839,0.0105545,2.92106e-05,7.87789519345279e-06
"728",182820,6.56062,4.30301,4.46835,4.41086,4.39064,0.413557,2.00601,-7.47811,0.67274,-0.220057,0.131989,-33.6377,0,295.741,286.741,0.000206448,5.56942,4.62323e-05,4.98792e-06,1.0236,4.32969e-06,1.57284e-05,-0.0270445,0.074286,8.17524,0.0105907,0.0105614,2.92213e-05,7.87626701466769e-06
"729",183071,6.56381,4.30414,4.4695,4.41196,4.39172,0.413692,2.00667,-7.47698,0.673344,-0.219472,0.132051,-33.6388,0,295.745,286.745,0.000206515,5.56974,4.62549e-05,4.98204e-06,1.02404,4.32949e-06,1.57309e-05,-0.0270365,0.0742899,8.17478,0.0105976,0.0105681,2.92321e-05,7.87463632193823e-06
"730",183322,6.56712,4.30522,4.47066,4.41307,4.39281,0.413828,2.00733,-7.47588,0.674039,-0.218886,0.132113,-33.6399,0,295.749,286.749,0.000206583,5.57008,4.62777e-05,4.97604e-06,1.02427,4.32926e-06,1.57333e-05,-0.0269964,0.0742938,8.17431,0.0106043,0.010575,2.92428e-05,7.8730031055379e-06
"731",183572,6.5703,4.30635,4.47181,4.41417,4.39389,0.413964,2.00799,-7.47475,0.674631,-0.2183,0.132176,-33.641,0,295.754,286.754,0.000206651,5.5704,4.63004e-05,4.97019e-06,1.02474,4.32906e-06,1.57357e-05,-0.0269931,0.0742977,8.17385,0.0106112,0.0105817,2.92535e-05,7.87134095180283e-06
"732",183824,6.57362,4.30743,4.47296,4.41527,4.39497,0.414099,2.00865,-7.47364,0.675345,-0.217713,0.132238,-33.6421,0,295.758,286.758,0.000206718,5.57073,4.63232e-05,4.96417e-06,1.02495,4.32883e-06,1.57381e-05,-0.026949,0.0743016,8.17338,0.010618,0.0105886,2.92643e-05,7.86970261753725e-06
"733",184074,6.5768,4.30856,4.47411,4.41637,4.39605,0.414235,2.00931,-7.47251,0.675938,-0.217127,0.1323,-33.6432,0,295.762,286.762,0.000206786,5.57106,4.63458e-05,4.95831e-06,1.02541,4.32863e-06,1.57406e-05,-0.026945,0.0743055,8.17292,0.0106249,0.0105954,2.9275e-05,7.86806172989679e-06
"734",184325,6.58014,4.30963,4.47527,4.41747,4.39713,0.41437,2.00997,-7.47141,0.67666,-0.216539,0.132362,-33.6443,0,295.767,286.767,0.000206854,5.57139,4.63687e-05,4.95229e-06,1.02561,4.3284e-06,1.57429e-05,-0.0268982,0.0743094,8.17245,0.0106317,0.0106023,2.92858e-05,7.86641827890944e-06
"735",184576,6.58333,4.31076,4.47642,4.41857,4.39821,0.414506,2.01063,-7.47028,0.677265,-0.215952,0.132425,-33.6453,0,295.771,286.771,0.000206921,5.57171,4.63913e-05,4.94642e-06,1.02605,4.32819e-06,1.57454e-05,-0.0268905,0.0743133,8.17199,0.0106385,0.0106091,2.92965e-05,7.86474568461724e-06
"736",184826,6.58664,4.31184,4.47757,4.41967,4.39929,0.414642,2.01129,-7.46918,0.677962,-0.215364,0.132487,-33.6464,0,295.775,286.775,0.000206989,5.57204,4.64141e-05,4.94041e-06,1.02628,4.32797e-06,1.57478e-05,-0.0268504,0.0743172,8.17152,0.0106454,0.0106159,2.93073e-05,7.86309703501753e-06
"737",185077,6.58981,4.31297,4.47872,4.42076,4.40037,0.414777,2.01195,-7.46805,0.678556,-0.214777,0.132549,-33.6475,0,295.779,286.779,0.000207057,5.57236,4.64367e-05,4.93456e-06,1.02675,4.32777e-06,1.57503e-05,-0.0268473,0.074321,8.17107,0.0106522,0.0106227,2.93181e-05,7.86144579161352e-06
"738",185327,6.59314,4.31404,4.47987,4.42186,4.40145,0.414913,2.01261,-7.46694,0.679272,-0.214188,0.132612,-33.6486,0,295.784,286.784,0.000207124,5.57269,4.64595e-05,4.92855e-06,1.02697,4.32754e-06,1.57526e-05,-0.0268032,0.0743249,8.1706,0.0106591,0.0106296,2.93289e-05,7.85976524782489e-06
"739",185577,6.59632,4.31517,4.48102,4.42296,4.40252,0.415048,2.01327,-7.46582,0.679866,-0.2136,0.132674,-33.6497,0,295.788,286.788,0.000207192,5.57301,4.64822e-05,4.9227e-06,1.02743,4.32734e-06,1.57551e-05,-0.0267994,0.0743287,8.17014,0.010666,0.0106364,2.93397e-05,7.85810874381799e-06
"740",185828,6.59965,4.31624,4.48217,4.42406,4.4036,0.415183,2.01393,-7.46471,0.68059,-0.213011,0.132737,-33.6507,0,295.792,286.792,0.00020726,5.57334,4.6505e-05,4.91667e-06,1.02763,4.32711e-06,1.57574e-05,-0.0267526,0.0743326,8.16967,0.0106728,0.0106433,2.93505e-05,7.85642283325659e-06
"741",186078,6.60284,4.31736,4.48332,4.42515,4.40468,0.415319,2.01459,-7.46358,0.681197,-0.212422,0.1328,-33.6518,0,295.796,286.796,0.000207327,5.57366,4.65276e-05,4.9108e-06,1.02808,4.32691e-06,1.57599e-05,-0.0267451,0.0743364,8.16922,0.0106797,0.0106501,2.93613e-05,7.85473420155889e-06
"742",186329,6.60616,4.31844,4.48447,4.42625,4.40576,0.415454,2.01525,-7.46248,0.681895,-0.211832,0.132862,-33.6529,0,295.801,286.801,0.000207395,5.57398,4.65504e-05,4.9048e-06,1.02832,4.32668e-06,1.57623e-05,-0.026705,0.0743403,8.16874,0.0106866,0.010657,2.93721e-05,7.85306970615986e-06
"743",186581,6.60939,4.31957,4.48563,4.42736,4.40685,0.415591,2.01592,-7.46133,0.682518,-0.211237,0.132926,-33.654,0,295.805,286.805,0.000207463,5.5743,4.65733e-05,4.89886e-06,1.02875,4.32648e-06,1.57648e-05,-0.0266956,0.0743441,8.16829,0.0106936,0.010664,2.93831e-05,7.85134873065619e-06
"744",186831,6.61262,4.32068,4.48677,4.42846,4.40792,0.415726,2.01658,-7.46022,0.683164,-0.210647,0.132988,-33.655,0,295.809,286.809,0.000207531,5.57462,4.6596e-05,4.89294e-06,1.02912,4.32627e-06,1.57672e-05,-0.0266754,0.0743479,8.16783,0.0107004,0.0106708,2.93939e-05,7.84967882510227e-06
"745",187081,6.61589,4.32177,4.48792,4.42955,4.409,0.415862,2.01724,-7.4591,0.683833,-0.210057,0.133051,-33.6561,0,295.813,286.813,0.000207598,5.57494,4.66187e-05,4.88699e-06,1.02944,4.32605e-06,1.57696e-05,-0.0266471,0.0743517,8.16736,0.0107073,0.0106777,2.94048e-05,7.84797924206096e-06
"746",187334,6.61913,4.32289,4.48908,4.43066,4.41009,0.415999,2.0179,-7.45798,0.684463,-0.20946,0.133114,-33.6572,0,295.818,286.818,0.000207666,5.57526,4.66416e-05,4.88104e-06,1.02985,4.32585e-06,1.57721e-05,-0.0266344,0.0743555,8.1669,0.0107143,0.0106846,2.94157e-05,7.84627688230898e-06
"747",187584,6.62241,4.32398,4.49023,4.43175,4.41116,0.416134,2.01856,-7.45686,0.685141,-0.208869,0.133177,-33.6583,0,295.822,286.822,0.000207734,5.57559,4.66643e-05,4.87507e-06,1.03015,4.32563e-06,1.57744e-05,-0.0266036,0.0743594,8.16644,0.0107211,0.0106915,2.94266e-05,7.84457173447727e-06
"748",187837,6.6257,4.32509,4.49139,4.43286,4.41225,0.416271,2.01923,-7.45573,0.6858,-0.208272,0.133241,-33.6594,0,295.826,286.826,0.000207802,5.57591,4.66872e-05,4.86908e-06,1.0305,4.32542e-06,1.57769e-05,-0.02658,0.0743632,8.16597,0.0107281,0.0106985,2.94375e-05,7.84283665421321e-06
"749",188087,6.62902,4.32616,4.49253,4.43395,4.41333,0.416406,2.01989,-7.45461,0.686522,-0.20768,0.133304,-33.6604,0,295.831,286.831,0.00020787,5.57623,4.671e-05,4.86307e-06,1.03073,4.32519e-06,1.57792e-05,-0.0265359,0.074367,8.1655,0.0107351,0.0107054,2.94485e-05,7.84112585110251e-06
"750",188339,6.63233,4.32726,4.49369,4.43506,4.41441,0.416543,2.02056,-7.45349,0.687203,-0.207081,0.133367,-33.6615,0,295.835,286.835,0.000207938,5.57655,4.6733e-05,4.85704e-06,1.03104,4.32497e-06,1.57817e-05,-0.0265053,0.0743708,8.16504,0.010742,0.0107124,2.94594e-05,7.83941222516953e-06
"751",188591,6.6355,4.32841,4.49485,4.43616,4.41549,0.41668,2.02122,-7.45235,0.687782,-0.206484,0.133431,-33.6626,0,295.839,286.839,0.000208006,5.57687,4.67558e-05,4.85117e-06,1.03157,4.32478e-06,1.57842e-05,-0.026512,0.0743746,8.16459,0.010749,0.0107193,2.94705e-05,7.83766849642098e-06
"752",188841,6.63883,4.32948,4.49599,4.43726,4.41657,0.416815,2.02188,-7.45123,0.688503,-0.205891,0.133494,-33.6636,0,295.843,286.843,0.000208074,5.57719,4.67786e-05,4.84515e-06,1.03179,4.32456e-06,1.57865e-05,-0.0264664,0.0743784,8.16412,0.010756,0.0107263,2.94814e-05,7.83594914447326e-06
"753",189093,6.64207,4.33061,4.49715,4.43836,4.41765,0.416952,2.02255,-7.45011,0.68912,-0.205293,0.133558,-33.6647,0,295.848,286.848,0.000208142,5.5775,4.68014e-05,4.83921e-06,1.03223,4.32435e-06,1.5789e-05,-0.0264577,0.0743822,8.16366,0.0107629,0.0107332,2.94924e-05,7.83419957448368e-06
"754",189345,6.64534,4.33172,4.49831,4.43947,4.41874,0.417088,2.02321,-7.44898,0.689781,-0.204694,0.133622,-33.6658,0,295.852,286.852,0.000208211,5.57782,4.68244e-05,4.83322e-06,1.03259,4.32414e-06,1.57915e-05,-0.0264359,0.074386,8.1632,0.01077,0.0107402,2.95034e-05,7.832447042287e-06
"755",189598,6.64864,4.33282,4.49946,4.44057,4.41982,0.417225,2.02388,-7.44785,0.690457,-0.204095,0.133686,-33.6669,0,295.856,286.856,0.000208279,5.57814,4.68473e-05,4.82721e-06,1.03293,4.32393e-06,1.57939e-05,-0.0264093,0.0743897,8.16273,0.010777,0.0107472,2.95144e-05,7.83069153531297e-06
"756",189850,6.65199,4.3339,4.50062,4.44167,4.42091,0.417362,2.02454,-7.44672,0.691185,-0.203494,0.13375,-33.6679,0,295.861,286.861,0.000208347,5.57846,4.68703e-05,4.82114e-06,1.03316,4.3237e-06,1.57963e-05,-0.0263647,0.0743936,8.16226,0.010784,0.0107543,2.95255e-05,7.82893304090577e-06
"757",190102,6.65521,4.33504,4.50178,4.44278,4.42199,0.417498,2.02521,-7.44559,0.691787,-0.202895,0.133813,-33.669,0,295.865,286.865,0.000208415,5.57877,4.68931e-05,4.81522e-06,1.03364,4.32351e-06,1.57988e-05,-0.0263622,0.0743973,8.16181,0.010791,0.0107612,2.95366e-05,7.82719909281385e-06
"758",190354,6.6585,4.33614,4.50293,4.44388,4.42307,0.417635,2.02588,-7.44447,0.692461,-0.202295,0.133877,-33.6701,0,295.869,286.869,0.000208483,5.57909,4.69161e-05,4.80921e-06,1.03398,4.32329e-06,1.58012e-05,-0.0263355,0.0744011,8.16134,0.010798,0.0107683,2.95476e-05,7.82543463240385e-06
"759",190606,6.66178,4.33725,4.50409,4.44498,4.42415,0.417772,2.02654,-7.44333,0.693121,-0.201694,0.133941,-33.6712,0,295.873,286.873,0.000208552,5.57941,4.6939e-05,4.80322e-06,1.03434,4.32308e-06,1.58036e-05,-0.0263136,0.0744048,8.16088,0.0108051,0.0107753,2.95587e-05,7.82366714627424e-06
"760",190857,6.66506,4.33835,4.50524,4.44608,4.42524,0.417908,2.02721,-7.4422,0.693792,-0.201094,0.134006,-33.6722,0,295.878,286.878,0.00020862,5.57972,4.69619e-05,4.79723e-06,1.0347,4.32288e-06,1.58061e-05,-0.0262905,0.0744086,8.16042,0.0108121,0.0107823,2.95698e-05,7.82186893278871e-06
"761",191109,6.66834,4.33946,4.50639,4.44718,4.42632,0.418045,2.02787,-7.44107,0.694455,-0.200493,0.13407,-33.6733,0,295.882,286.882,0.000208688,5.58004,4.69848e-05,4.79124e-06,1.03506,4.32267e-06,1.58085e-05,-0.0262675,0.0744123,8.15996,0.0108191,0.0107893,2.95809e-05,7.82009530832673e-06
"762",191361,6.67164,4.34056,4.50755,4.44828,4.4274,0.418182,2.02854,-7.43995,0.695131,-0.199891,0.134134,-33.6744,0,295.886,286.886,0.000208756,5.58035,4.70077e-05,4.78523e-06,1.0354,4.32245e-06,1.58109e-05,-0.026241,0.0744161,8.15949,0.0108262,0.0107963,2.9592e-05,7.8183186186541e-06
"763",191613,6.67492,4.34166,4.5087,4.44938,4.42848,0.418318,2.0292,-7.43882,0.6958,-0.19929,0.134198,-33.6754,0,295.89,286.89,0.000208824,5.58066,4.70306e-05,4.77923e-06,1.03576,4.32224e-06,1.58133e-05,-0.0262172,0.0744198,8.15903,0.0108332,0.0108034,2.96031e-05,7.81653885049301e-06
"764",191864,6.6782,4.34277,4.50985,4.45048,4.42956,0.418455,2.02987,-7.43769,0.696464,-0.198688,0.134262,-33.6765,0,295.895,286.895,0.000208893,5.58098,4.70535e-05,4.77324e-06,1.03611,4.32203e-06,1.58158e-05,-0.0261938,0.0744235,8.15857,0.0108402,0.0108104,2.96142e-05,7.81475599047338e-06
"765",192116,6.6815,4.34386,4.51101,4.45158,4.43064,0.418591,2.03053,-7.43655,0.697151,-0.198086,0.134327,-33.6776,0,295.899,286.899,0.000208961,5.58129,4.70765e-05,4.76723e-06,1.03645,4.32182e-06,1.58182e-05,-0.0261656,0.0744273,8.15811,0.0108473,0.0108175,2.96253e-05,7.81294209471197e-06
"766",192367,6.68478,4.34497,4.51216,4.45268,4.43172,0.418728,2.0312,-7.43543,0.697807,-0.197484,0.134391,-33.6786,0,295.903,286.903,0.000209029,5.5816,4.70994e-05,4.76125e-06,1.03682,4.32161e-06,1.58206e-05,-0.026145,0.074431,8.15765,0.0108544,0.0108245,2.96364e-05,7.81115296165095e-06
"767",192619,6.68805,4.34608,4.51331,4.45378,4.4328,0.418864,2.03186,-7.4343,0.698476,-0.196881,0.134455,-33.6797,0,295.907,286.907,0.000209097,5.58191,4.71222e-05,4.75526e-06,1.03719,4.32141e-06,1.58231e-05,-0.0261226,0.0744347,8.15719,0.0108614,0.0108316,2.96476e-05,7.80936069584459e-06
"768",192870,6.69136,4.34717,4.51446,4.45488,4.43388,0.419001,2.03253,-7.43317,0.699162,-0.196278,0.13452,-33.6807,0,295.912,286.912,0.000209165,5.58222,4.71452e-05,4.74924e-06,1.03751,4.32119e-06,1.58255e-05,-0.0260932,0.0744384,8.15673,0.0108685,0.0108386,2.96587e-05,7.80753720518629e-06
"769",193122,6.69464,4.34828,4.51561,4.45598,4.43496,0.419137,2.03319,-7.43204,0.69982,-0.195675,0.134584,-33.6818,0,295.916,286.916,0.000209233,5.58253,4.71681e-05,4.74325e-06,1.03788,4.32099e-06,1.58279e-05,-0.0260717,0.0744421,8.15627,0.0108756,0.0108457,2.96698e-05,7.80573858305289e-06
"770",193373,6.69798,4.34935,4.51676,4.45708,4.43604,0.419274,2.03386,-7.4309,0.700548,-0.195072,0.134649,-33.6829,0,295.92,286.92,0.000209301,5.58285,4.7191e-05,4.73719e-06,1.03813,4.32077e-06,1.58303e-05,-0.0260297,0.0744458,8.1558,0.0108827,0.0108528,2.96811e-05,7.80390860807978e-06
"771",193624,6.7012,4.35048,4.51791,4.45817,4.43711,0.41941,2.03452,-7.42978,0.701162,-0.194469,0.134713,-33.6839,0,295.924,286.924,0.000209369,5.58315,4.72138e-05,4.73127e-06,1.03861,4.32057e-06,1.58328e-05,-0.0260251,0.0744494,8.15535,0.0108897,0.0108598,2.96922e-05,7.80210357296058e-06
"772",193875,6.70449,4.35158,4.51906,4.45927,4.43819,0.419546,2.03519,-7.42865,0.701844,-0.193865,0.134778,-33.685,0,295.929,286.929,0.000209438,5.58346,4.72367e-05,4.72526e-06,1.03895,4.32036e-06,1.58352e-05,-0.0259985,0.0744531,8.15489,0.0108968,0.0108669,2.97034e-05,7.80026705571806e-06
"773",194126,6.70783,4.35266,4.52021,4.46037,4.43927,0.419683,2.03585,-7.42752,0.702554,-0.19326,0.134843,-33.686,0,295.933,286.933,0.000209506,5.58377,4.72597e-05,4.71921e-06,1.03923,4.32015e-06,1.58376e-05,-0.0259608,0.0744568,8.15442,0.0109039,0.010874,2.97146e-05,7.79842721976231e-06
"774",194377,6.71106,4.35378,4.52136,4.46146,4.44034,0.419819,2.03652,-7.4264,0.703176,-0.192657,0.134907,-33.6871,0,295.937,286.937,0.000209574,5.58408,4.72825e-05,4.71327e-06,1.03968,4.31995e-06,1.584e-05,-0.0259529,0.0744605,8.15397,0.010911,0.010881,2.97257e-05,7.79661243184208e-06
"775",194628,6.71433,4.35488,4.52251,4.46256,4.44142,0.419955,2.03718,-7.42526,0.703841,-0.192052,0.134972,-33.6882,0,295.941,286.941,0.000209642,5.58438,4.73054e-05,4.70729e-06,1.04005,4.31975e-06,1.58425e-05,-0.0259315,0.0744641,8.15351,0.0109181,0.0108881,2.97369e-05,7.79476596488637e-06
"776",194879,6.71763,4.35598,4.52366,4.46366,4.4425,0.420092,2.03784,-7.42414,0.704523,-0.191448,0.135037,-33.6892,0,295.946,286.946,0.00020971,5.58469,4.73283e-05,4.70129e-06,1.0404,4.31954e-06,1.58449e-05,-0.0259052,0.0744678,8.15305,0.0109252,0.0108952,2.97482e-05,7.7929161340232e-06
"777",195130,6.72098,4.35705,4.52481,4.46475,4.44357,0.420228,2.03851,-7.423,0.705257,-0.190842,0.135102,-33.6903,0,295.95,286.95,0.000209778,5.585,4.73513e-05,4.69521e-06,1.04064,4.31932e-06,1.58473e-05,-0.0258605,0.0744714,8.15259,0.0109323,0.0109024,2.97594e-05,7.79106292388958e-06
"778",195381,6.72419,4.35817,4.52595,4.46585,4.44465,0.420364,2.03917,-7.42188,0.705864,-0.190237,0.135166,-33.6913,0,295.954,286.954,0.000209846,5.5853,4.7374e-05,4.6893e-06,1.04113,4.31913e-06,1.58497e-05,-0.0258589,0.074475,8.15214,0.0109394,0.0109094,2.97706e-05,7.78923490795163e-06
"779",195631,6.72748,4.35927,4.5271,4.46694,4.44572,0.420501,2.03984,-7.42075,0.706543,-0.189632,0.135231,-33.6924,0,295.958,286.958,0.000209914,5.58561,4.73969e-05,4.68329e-06,1.04148,4.31892e-06,1.58521e-05,-0.0258325,0.0744787,8.15168,0.0109466,0.0109165,2.97818e-05,7.78737494532215e-06
"780",195882,6.73076,4.36037,4.52825,4.46803,4.4468,0.420637,2.0405,-7.41962,0.707208,-0.189026,0.135296,-33.6934,0,295.962,286.962,0.000209982,5.58591,4.74198e-05,4.67731e-06,1.04185,4.31871e-06,1.58546e-05,-0.0258111,0.0744823,8.15122,0.0109537,0.0109237,2.97931e-05,7.7855115568958e-06
"781",196132,6.73404,4.36147,4.52939,4.46913,4.44787,0.420773,2.04116,-7.41849,0.707883,-0.188421,0.135361,-33.6945,0,295.967,286.967,0.00021005,5.58622,4.74426e-05,4.67132e-06,1.04222,4.31851e-06,1.5857e-05,-0.0257884,0.0744859,8.15077,0.0109608,0.0109308,2.98043e-05,7.78364472685425e-06
"782",196383,6.73732,4.36257,4.53054,4.47022,4.44894,0.420909,2.04183,-7.41735,0.708551,-0.187815,0.135426,-33.6955,0,295.971,286.971,0.000210118,5.58652,4.74655e-05,4.66533e-06,1.04259,4.31831e-06,1.58594e-05,-0.0257657,0.0744895,8.15031,0.0109679,0.0109379,2.98156e-05,7.78177443926196e-06
"783",196634,6.74061,4.36366,4.53169,4.47131,4.45002,0.421046,2.04249,-7.41623,0.709233,-0.187208,0.135491,-33.6966,0,295.975,286.975,0.000210186,5.58682,4.74884e-05,4.65933e-06,1.04294,4.3181e-06,1.58618e-05,-0.0257396,0.0744932,8.14985,0.0109751,0.010945,2.98268e-05,7.77990067806503e-06
"784",196884,6.74389,4.36476,4.53283,4.47241,4.45109,0.421182,2.04316,-7.4151,0.709907,-0.186601,0.135556,-33.6976,0,295.979,286.979,0.000210254,5.58712,4.75112e-05,4.65333e-06,1.04331,4.3179e-06,1.58643e-05,-0.0257161,0.0744968,8.1494,0.0109822,0.0109522,2.98381e-05,7.77802342708994e-06
"785",197134,6.74717,4.36585,4.53398,4.4735,4.45216,0.421318,2.04382,-7.41397,0.710576,-0.185995,0.135621,-33.6987,0,295.984,286.984,0.000210322,5.58743,4.75341e-05,4.64734e-06,1.04367,4.31769e-06,1.58667e-05,-0.0256931,0.0745003,8.14894,0.0109894,0.0109593,2.98494e-05,7.77614267004235e-06
"786",197385,6.75047,4.36694,4.53512,4.47459,4.45323,0.421454,2.04448,-7.41284,0.711268,-0.185387,0.135687,-33.6997,0,295.988,286.988,0.00021039,5.58773,4.7557e-05,4.64134e-06,1.04401,4.31748e-06,1.58691e-05,-0.0256651,0.0745039,8.14848,0.0109965,0.0109665,2.98607e-05,7.77422937399035e-06
"787",197635,6.75374,4.36804,4.53627,4.47568,4.45431,0.42159,2.04515,-7.41171,0.711929,-0.18478,0.135752,-33.7007,0,295.992,286.992,0.000210458,5.58803,4.75798e-05,4.63535e-06,1.0444,4.31728e-06,1.58715e-05,-0.025645,0.0745075,8.14803,0.0110037,0.0109736,2.9872e-05,7.77234150084876e-06
"788",197885,6.75702,4.36914,4.53741,4.47677,4.45538,0.421726,2.04581,-7.41058,0.712603,-0.184173,0.135817,-33.7018,0,295.996,286.996,0.000210526,5.58833,4.76026e-05,4.62937e-06,1.04478,4.31708e-06,1.58739e-05,-0.025623,0.0745111,8.14758,0.0110108,0.0109807,2.98833e-05,7.77045007175681e-06
"789",198135,6.76032,4.37022,4.53855,4.47786,4.45645,0.421863,2.04647,-7.40945,0.713293,-0.183565,0.135882,-33.7028,0,296,287,0.000210594,5.58863,4.76255e-05,4.62335e-06,1.04511,4.31687e-06,1.58763e-05,-0.0255939,0.0745147,8.14712,0.011018,0.0109879,2.98946e-05,7.7685550699223e-06
"790",198388,6.7636,4.37134,4.53971,4.47896,4.45753,0.422,2.04714,-7.40831,0.713942,-0.182951,0.135948,-33.7039,0,296.005,287.005,0.000210662,5.58893,4.76486e-05,4.61733e-06,1.04554,4.31668e-06,1.58788e-05,-0.0255801,0.0745183,8.14666,0.0110252,0.0109951,2.9906e-05,7.76662724119895e-06
"791",198638,6.76698,4.3724,4.54085,4.48006,4.4586,0.422136,2.04781,-7.40718,0.7147,-0.182342,0.136014,-33.7049,0,296.009,287.009,0.00021073,5.58923,4.76716e-05,4.61123e-06,1.04575,4.31645e-06,1.58812e-05,-0.0255301,0.0745219,8.1462,0.0110324,0.0110023,2.99174e-05,7.76469569366442e-06
"792",198890,6.77023,4.37353,4.54201,4.48116,4.45968,0.422274,2.04848,-7.40604,0.715321,-0.181727,0.13608,-33.706,0,296.013,287.013,0.000210799,5.58953,4.76946e-05,4.60525e-06,1.04624,4.31626e-06,1.58836e-05,-0.0255266,0.0745254,8.14575,0.0110397,0.0110095,2.99288e-05,7.76276040933256e-06
"793",199143,6.77362,4.37461,4.54316,4.48226,4.46076,0.422411,2.04915,-7.40491,0.71607,-0.181111,0.136146,-33.707,0,296.017,287.017,0.000210868,5.58983,4.77178e-05,4.59911e-06,1.04649,4.31604e-06,1.5886e-05,-0.025481,0.0745291,8.14528,0.0110469,0.0110168,2.99403e-05,7.76082137007761e-06
"794",199395,6.77686,4.37574,4.54431,4.48336,4.46184,0.422549,2.04982,-7.40376,0.716689,-0.180497,0.136212,-33.7081,0,296.022,287.022,0.000210936,5.59013,4.77407e-05,4.59314e-06,1.04699,4.31586e-06,1.58885e-05,-0.0254791,0.0745326,8.14483,0.0110542,0.011024,2.99518e-05,7.75887855763271e-06
"795",199648,6.78027,4.37681,4.54547,4.48446,4.46293,0.422686,2.05049,-7.40262,0.717444,-0.17988,0.136279,-33.7091,0,296.026,287.026,0.000211005,5.59043,4.77639e-05,4.58697e-06,1.04721,4.31563e-06,1.58909e-05,-0.0254297,0.0745362,8.14436,0.0110615,0.0110313,2.99633e-05,7.75690243033264e-06
"796",199900,6.78349,4.37795,4.54662,4.48556,4.464,0.422824,2.05115,-7.40148,0.718055,-0.179266,0.136345,-33.7102,0,296.03,287.03,0.000211074,5.59073,4.77869e-05,4.58103e-06,1.04774,4.31545e-06,1.58934e-05,-0.0254328,0.0745397,8.14391,0.0110687,0.0110386,2.99748e-05,7.75495195826236e-06
