"","Time","PCO2","SigCSurf","SigCDeep","AlkSurf","AlkDeep","PO4Surf","PO4Deep","d13CAtm","d13CSurf","d13CDeep","BioC","d13CBio","Inject","Stemp","Dtemp","Export","Lysocline","CalBurial","Dissolution","c13Diss","OrgBurial","PO4Burial","sCO3..Change","dCO3..Change","SAFrac","Assim","Resp","Eros","Kerogen"
"1",0,3.38,3.08,3.23,3.19,3.2,0.325,1.576,-4.7,4,3.1,0.226828,-28.1,0,290,281,0.00016224,4.38078,1.72819e-05,2.29702e-05,4.68986,5.0224e-06,1.56e-05,-0.0530665,0.0614203,8.81,0.014427,0.0143809,4.60916e-05,2.882e-06
"2",252.681,3.37248,3.08418,3.23074,3.19036,3.20196,0.324921,1.576,-4.70331,4.04571,3.09514,0.227019,-28.0653,0,289.981,280.981,0.000162201,4.43244,2.18175e-05,1.84249e-05,4.75233,5.02593e-06,1.56084e-05,-0.0559874,0.0619301,8.81217,0.014427,0.0143818,4.61264e-05,2.87930609495289e-06
"3",503.024,3.37437,3.08535,3.23108,3.19144,3.20283,0.324921,1.576,-4.69435,4.05248,3.09373,0.226961,-28.0586,0,289.986,280.986,0.000162201,4.455,2.32357e-05,1.70067e-05,4.76362,5.02495e-06,1.56054e-05,-0.0560282,0.062154,8.81163,0.014427,0.0143809,4.61159e-05,2.88012360737325e-06
"4",753.859,3.37355,3.08593,3.23134,3.19211,3.20335,0.324921,1.57599,-4.69146,4.05513,3.09336,0.226978,-28.0547,0,289.983,280.983,0.0001622,4.46654,2.37956e-05,1.64467e-05,4.76794,5.02537e-06,1.56067e-05,-0.0559506,0.0622689,8.81187,0.014427,0.0143807,4.61189e-05,2.87988394364963e-06
"5",1005.21,3.37173,3.08626,3.23155,3.19254,3.20373,0.324919,1.57599,-4.69074,4.05619,3.09336,0.22702,-28.0517,0,289.979,280.979,0.0001622,4.47354,2.40869e-05,1.61552e-05,4.76984,5.02632e-06,1.56095e-05,-0.0558684,0.0623387,8.81239,0.014427,0.0143807,4.61266e-05,2.8792920039741e-06
"6",1255.64,3.3697,3.08647,3.23174,3.19284,3.20402,0.324917,1.57599,-4.69077,4.05665,3.09348,0.227068,-28.0494,0,289.974,280.974,0.000162199,4.47824,2.42599e-05,1.5982e-05,4.77076,5.02737e-06,1.56128e-05,-0.0557916,0.0623856,8.81298,0.014427,0.0143807,4.61353e-05,2.87861579881785e-06
"7",1506.22,3.36775,3.08662,3.23189,3.19308,3.20425,0.324916,1.57598,-4.69105,4.05689,3.09363,0.227114,-28.0473,0,289.969,280.969,0.000162198,4.48169,2.43745e-05,1.58672e-05,4.77128,5.02838e-06,1.56158e-05,-0.055723,0.0624201,8.81354,0.014427,0.0143807,4.61437e-05,2.87796806615262e-06
"8",1757.2,3.36601,3.08673,3.23203,3.19326,3.20445,0.324913,1.57597,-4.69138,4.05705,3.0938,0.227155,-28.0456,0,289.964,280.964,0.000162197,4.4844,2.44569e-05,1.57846e-05,4.77161,5.02929e-06,1.56186e-05,-0.0556633,0.0624471,8.81405,0.014427,0.0143807,4.61513e-05,2.87739098417497e-06
"9",2007.76,3.36448,3.08682,3.23214,3.19342,3.20461,0.324911,1.57596,-4.69169,4.05716,3.09395,0.227192,-28.0441,0,289.96,280.96,0.000162196,4.4866,2.45196e-05,1.57216e-05,4.77186,5.03007e-06,1.56209e-05,-0.0556119,0.062469,8.81449,0.014427,0.0143807,4.61579e-05,2.87687040087396e-06
"10",2258.76,3.36317,3.08689,3.23223,3.19355,3.20475,0.324909,1.57595,-4.69197,4.05726,3.0941,0.227223,-28.0428,0,289.957,280.957,0.000162194,4.48844,2.45696e-05,1.56713e-05,4.77206,5.03075e-06,1.5623e-05,-0.0555679,0.0624874,8.81487,0.014427,0.0143807,4.61636e-05,2.87643438097934e-06
"11",2510.08,3.36204,3.08696,3.23232,3.19366,3.20487,0.324906,1.57594,-4.6922,4.05734,3.09424,0.22725,-28.0417,0,289.954,280.954,0.000162193,4.49,2.46108e-05,1.56298e-05,4.77224,5.03133e-06,1.56247e-05,-0.0555303,0.062503,8.8152,0.014427,0.0143807,4.61685e-05,2.87605472897487e-06
"12",2760.58,3.36109,3.08701,3.23239,3.19375,3.20497,0.324904,1.57593,-4.69238,4.05743,3.09437,0.227273,-28.0407,0,289.951,280.951,0.000162192,4.49132,2.46455e-05,1.55948e-05,4.77241,5.03182e-06,1.56261e-05,-0.0554982,0.0625163,8.81548,0.014427,0.0143807,4.61727e-05,2.87573140042593e-06
"13",3011.83,3.36027,3.08705,3.23245,3.19383,3.20505,0.324901,1.57592,-4.69254,4.05751,3.09449,0.227292,-28.0399,0,289.949,280.949,0.000162191,4.49246,2.46753e-05,1.55647e-05,4.77257,5.03224e-06,1.56273e-05,-0.0554708,0.0625277,8.81572,0.014427,0.0143808,4.61763e-05,2.87546435751917e-06
"14",3262.15,3.35958,3.08709,3.2325,3.1939,3.20513,0.324899,1.57591,-4.69266,4.05758,3.09461,0.227309,-28.0392,0,289.948,280.948,0.000162189,4.49343,2.47012e-05,1.55385e-05,4.77273,5.03259e-06,1.56284e-05,-0.0554475,0.0625373,8.81592,0.014427,0.0143808,4.61793e-05,2.8752254662382e-06
"15",3512.71,3.35899,3.08713,3.23254,3.19396,3.20519,0.324896,1.5759,-4.69275,4.05766,3.09472,0.227323,-28.0386,0,289.946,280.946,0.000162188,4.49425,2.4724e-05,1.55154e-05,4.77289,5.03289e-06,1.56292e-05,-0.0554276,0.0625456,8.81609,0.014427,0.0143808,4.61819e-05,2.87502876190529e-06
"16",3764.19,3.35849,3.08716,3.23258,3.19401,3.20524,0.324893,1.57589,-4.69282,4.05773,3.09482,0.227335,-28.0381,0,289.945,280.945,0.000162187,4.49494,2.47443e-05,1.54947e-05,4.77305,5.03313e-06,1.56299e-05,-0.0554108,0.0625525,8.81623,0.014427,0.0143808,4.61841e-05,2.8748601795086e-06
"17",4014.97,3.35807,3.08718,3.23261,3.19405,3.20529,0.324891,1.57587,-4.69287,4.0578,3.09492,0.227345,-28.0376,0,289.944,280.944,0.000162185,4.49552,2.47624e-05,1.54763e-05,4.77322,5.03334e-06,1.56304e-05,-0.0553966,0.0625583,8.81636,0.014427,0.0143808,4.61859e-05,2.87471970920503e-06
"18",4265.4,3.35772,3.0872,3.23264,3.19408,3.20532,0.324888,1.57586,-4.6929,4.05787,3.09501,0.227353,-28.0372,0,289.943,280.943,0.000162184,4.49599,2.47787e-05,1.54596e-05,4.77339,5.03351e-06,1.56309e-05,-0.0553848,0.062563,8.81646,0.014427,0.0143808,4.61874e-05,2.87460734279565e-06
"19",4516.65,3.35743,3.08722,3.23266,3.19411,3.20535,0.324885,1.57585,-4.69291,4.05794,3.0951,0.22736,-28.0369,0,289.942,280.942,0.000162183,4.49636,2.47936e-05,1.54444e-05,4.77357,5.03365e-06,1.56312e-05,-0.055375,0.0625667,8.81654,0.014427,0.0143808,4.61887e-05,2.87450902935622e-06
"20",4767.14,3.35719,3.08723,3.23268,3.19414,3.20538,0.324883,1.57584,-4.69291,4.05801,3.09519,0.227366,-28.0366,0,289.941,280.941,0.000162181,4.49665,2.4807e-05,1.54306e-05,4.77376,5.03376e-06,1.56315e-05,-0.0553671,0.0625697,8.81661,0.014427,0.0143808,4.61897e-05,2.87442476601833e-06
"21",5018,3.35701,3.08724,3.23269,3.19416,3.2054,0.32488,1.57582,-4.6929,4.05807,3.09528,0.22737,-28.0364,0,289.941,280.941,0.00016218,4.49687,2.48193e-05,1.5418e-05,4.77394,5.03385e-06,1.56316e-05,-0.0553608,0.0625718,8.81666,0.014427,0.0143808,4.61905e-05,2.87436859318986e-06
"22",5269.07,3.35686,3.08725,3.2327,3.19417,3.20541,0.324877,1.57581,-4.69288,4.05814,3.09536,0.227374,-28.0362,0,289.941,280.941,0.000162179,4.49701,2.48306e-05,1.54064e-05,4.77413,5.03391e-06,1.56317e-05,-0.0553559,0.0625733,8.81671,0.014427,0.0143808,4.61912e-05,2.87431242254524e-06
"23",5519.26,3.35676,3.08726,3.23271,3.19418,3.20542,0.324874,1.5758,-4.69285,4.0582,3.09544,0.227377,-28.036,0,289.94,280.94,0.000162177,4.4971,2.4841e-05,1.53956e-05,4.77433,5.03395e-06,1.56318e-05,-0.0553524,0.0625741,8.81674,0.014427,0.0143808,4.61916e-05,2.8742702959948e-06
"24",5770.33,3.35668,3.08726,3.23271,3.19419,3.20543,0.324872,1.57578,-4.69281,4.05826,3.09552,0.227378,-28.0359,0,289.94,280.94,0.000162176,4.49712,2.48506e-05,1.53857e-05,4.77452,5.03397e-06,1.56318e-05,-0.05535,0.0625743,8.81676,0.014427,0.0143808,4.6192e-05,2.87425625408426e-06
"25",6021.61,3.35664,3.08726,3.23272,3.19419,3.20543,0.324869,1.57577,-4.69276,4.05832,3.09559,0.227379,-28.0358,0,289.94,280.94,0.000162175,4.49709,2.48595e-05,1.53764e-05,4.77472,5.03398e-06,1.56317e-05,-0.0553488,0.062574,8.81677,0.014427,0.0143808,4.61921e-05,2.87424221231019e-06
"26",6271.92,3.35663,3.08726,3.23272,3.19419,3.20543,0.324866,1.57576,-4.69271,4.05838,3.09566,0.22738,-28.0357,0,289.94,280.94,0.000162173,4.49702,2.48679e-05,1.53677e-05,4.77492,5.03397e-06,1.56316e-05,-0.0553484,0.0625733,8.81677,0.014427,0.0143808,4.61922e-05,2.87422817067257e-06
"27",6522.95,3.35665,3.08726,3.23272,3.19419,3.20542,0.324864,1.57574,-4.69265,4.05844,3.09574,0.227379,-28.0357,0,289.94,280.94,0.000162172,4.4969,2.48757e-05,1.53596e-05,4.77513,5.03395e-06,1.56314e-05,-0.055349,0.0625721,8.81677,0.014427,0.0143808,4.61921e-05,2.87424221231019e-06
"28",6773.63,3.35668,3.08726,3.23271,3.19418,3.20542,0.324861,1.57573,-4.69258,4.0585,3.09581,0.227378,-28.0357,0,289.94,280.94,0.000162171,4.49673,2.4883e-05,1.53519e-05,4.77533,5.03392e-06,1.56313e-05,-0.0553504,0.0625705,8.81676,0.014427,0.0143808,4.6192e-05,2.87425625408426e-06
"29",7024.26,3.35674,3.08725,3.23271,3.19418,3.20541,0.324858,1.57572,-4.69251,4.05856,3.09587,0.227377,-28.0357,0,289.94,280.94,0.000162169,4.49654,2.489e-05,1.53446e-05,4.77554,5.03388e-06,1.5631e-05,-0.0553524,0.0625685,8.81674,0.014427,0.0143808,4.61918e-05,2.8742702959948e-06
"30",7275.73,3.35682,3.08725,3.2327,3.19417,3.20539,0.324856,1.5757,-4.69243,4.05861,3.09594,0.227375,-28.0357,0,289.94,280.94,0.000162168,4.4963,2.48966e-05,1.53377e-05,4.77575,5.03382e-06,1.56308e-05,-0.0553552,0.0625661,8.81672,0.014427,0.0143808,4.61914e-05,2.87429838022529e-06
"31",7529.76,3.35691,3.08724,3.23269,3.19416,3.20538,0.324853,1.57569,-4.69235,4.05867,3.09601,0.227373,-28.0357,0,289.941,280.941,0.000162167,4.49603,2.49029e-05,1.5331e-05,4.77596,5.03376e-06,1.56305e-05,-0.0553586,0.0625635,8.81669,0.014427,0.0143808,4.6191e-05,2.87432646500167e-06
"32",7780.79,3.35702,3.08723,3.23268,3.19414,3.20536,0.32485,1.57568,-4.69227,4.05872,3.09607,0.22737,-28.0358,0,289.941,280.941,0.000162165,4.49574,2.49089e-05,1.53247e-05,4.77617,5.03369e-06,1.56302e-05,-0.0553626,0.0625605,8.81666,0.014427,0.0143808,4.61905e-05,2.87436859318986e-06
"33",8031.48,3.35715,3.08722,3.23267,3.19413,3.20535,0.324848,1.57566,-4.69219,4.05877,3.09613,0.227368,-28.0358,0,289.941,280.941,0.000162164,4.49542,2.49146e-05,1.53187e-05,4.77638,5.03361e-06,1.56299e-05,-0.055367,0.0625573,8.81662,0.014427,0.0143808,4.619e-05,2.8743966793311e-06
"34",8282.11,3.35729,3.08721,3.23266,3.19411,3.20533,0.324845,1.57565,-4.6921,4.05883,3.09619,0.227364,-28.0359,0,289.942,280.942,0.000162163,4.49507,2.49201e-05,1.53129e-05,4.7766,5.03352e-06,1.56295e-05,-0.055372,0.0625538,8.81658,0.014427,0.0143808,4.61894e-05,2.87445285325157e-06
"35",8533.58,3.35744,3.0872,3.23265,3.19409,3.2053,0.324843,1.57564,-4.69201,4.05888,3.09625,0.227361,-28.036,0,289.942,280.942,0.000162161,4.4947,2.49254e-05,1.53073e-05,4.77681,5.03343e-06,1.56291e-05,-0.0553774,0.0625501,8.81654,0.014427,0.0143808,4.61887e-05,2.87449498512528e-06
"36",8787.61,3.35761,3.08719,3.23263,3.19407,3.20528,0.32484,1.57563,-4.69191,4.05893,3.09631,0.227357,-28.0361,0,289.942,280.942,0.00016216,4.4943,2.49305e-05,1.53018e-05,4.77703,5.03333e-06,1.56287e-05,-0.0553833,0.0625461,8.81649,0.014427,0.0143808,4.6188e-05,2.87455116286819e-06
"37",9038.64,3.35778,3.08717,3.23262,3.19405,3.20526,0.324838,1.57561,-4.69181,4.05898,3.09637,0.227353,-28.0362,0,289.943,280.943,0.000162159,4.49388,2.49354e-05,1.52966e-05,4.77724,5.03323e-06,1.56283e-05,-0.0553895,0.0625419,8.81644,0.014427,0.0143808,4.61873e-05,2.87460734279565e-06
"38",9289.33,3.35797,3.08716,3.2326,3.19403,3.20523,0.324835,1.5756,-4.69172,4.05903,3.09642,0.227348,-28.0363,0,289.943,280.943,0.000162158,4.49345,2.49402e-05,1.52916e-05,4.77745,5.03312e-06,1.56279e-05,-0.055396,0.0625376,8.81638,0.014427,0.0143808,4.61865e-05,2.8746775707773e-06
"39",9539.96,3.35816,3.08715,3.23259,3.19401,3.2052,0.324833,1.57559,-4.69162,4.05908,3.09648,0.227344,-28.0364,0,289.944,280.944,0.000162157,4.493,2.49448e-05,1.52867e-05,4.77767,5.033e-06,1.56275e-05,-0.0554029,0.062533,8.81633,0.014427,0.0143808,4.61856e-05,2.87473375562075e-06
"40",9791.42,3.35837,3.08713,3.23257,3.19398,3.20518,0.32483,1.57558,-4.69152,4.05913,3.09653,0.227339,-28.0366,0,289.944,280.944,0.000162155,4.49253,2.49492e-05,1.5282e-05,4.77788,5.03288e-06,1.5627e-05,-0.0554101,0.0625283,8.81627,0.014427,0.0143808,4.61848e-05,2.87480398974807e-06
"41",10045.5,3.35858,3.08712,3.23255,3.19396,3.20515,0.324828,1.57557,-4.69141,4.05917,3.09658,0.227334,-28.0367,0,289.945,280.945,0.000162154,4.49203,2.49536e-05,1.52773e-05,4.7781,5.03276e-06,1.56266e-05,-0.0554177,0.0625234,8.81621,0.014427,0.0143808,4.61838e-05,2.87487422729024e-06
"42",10296.5,3.3588,3.0871,3.23253,3.19393,3.20512,0.324826,1.57555,-4.69131,4.05922,3.09663,0.227329,-28.0369,0,289.946,280.946,0.000162153,4.49153,2.49578e-05,1.52728e-05,4.77831,5.03263e-06,1.56261e-05,-0.0554255,0.0625184,8.81614,0.014427,0.0143808,4.61829e-05,2.87494446824766e-06
"43",10547.2,3.35903,3.08708,3.23252,3.19391,3.20509,0.324823,1.57554,-4.6912,4.05926,3.09668,0.227323,-28.0371,0,289.946,280.946,0.000162152,4.49102,2.49619e-05,1.52684e-05,4.77852,5.0325e-06,1.56256e-05,-0.0554334,0.0625133,8.81608,0.014427,0.0143808,4.61819e-05,2.87502876190529e-06
"44",10797.8,3.35926,3.08707,3.2325,3.19388,3.20505,0.324821,1.57553,-4.69109,4.05931,3.09673,0.227318,-28.0372,0,289.947,280.947,0.000162151,4.49049,2.49659e-05,1.52641e-05,4.77873,5.03237e-06,1.56251e-05,-0.0554417,0.062508,8.81601,0.014427,0.0143808,4.61809e-05,2.87509901037773e-06
"45",11049.3,3.3595,3.08705,3.23248,3.19385,3.20502,0.324819,1.57552,-4.69099,4.05935,3.09678,0.227312,-28.0374,0,289.947,280.947,0.00016215,4.48995,2.49698e-05,1.526e-05,4.77894,5.03223e-06,1.56246e-05,-0.0554501,0.0625026,8.81594,0.014427,0.0143808,4.61799e-05,2.87518331305459e-06
"46",11303.3,3.35975,3.08703,3.23245,3.19382,3.20499,0.324817,1.57551,-4.69088,4.0594,3.09683,0.227306,-28.0376,0,289.948,280.948,0.000162149,4.48939,2.49736e-05,1.52559e-05,4.77916,5.03209e-06,1.56241e-05,-0.0554589,0.062497,8.81587,0.014427,0.0143808,4.61788e-05,2.87526762065205e-06
"47",11554.3,3.36,3.08701,3.23243,3.19379,3.20495,0.324815,1.5755,-4.69077,4.05944,3.09688,0.2273,-28.0378,0,289.949,280.949,0.000162148,4.48883,2.49773e-05,1.52519e-05,4.77937,5.03195e-06,1.56236e-05,-0.0554677,0.0624914,8.81579,0.014427,0.0143808,4.61777e-05,2.87535193317084e-06
"48",11805,3.36025,3.08699,3.23241,3.19376,3.20492,0.324813,1.57549,-4.69066,4.05948,3.09692,0.227294,-28.038,0,289.949,280.949,0.000162146,4.48826,2.49809e-05,1.52481e-05,4.77958,5.0318e-06,1.56231e-05,-0.0554767,0.0624857,8.81572,0.014427,0.0143808,4.61766e-05,2.87543625061165e-06
"49",12055.7,3.36051,3.08697,3.23239,3.19373,3.20488,0.324811,1.57548,-4.69055,4.05952,3.09697,0.227288,-28.0382,0,289.95,280.95,0.000162145,4.48768,2.49844e-05,1.52443e-05,4.77978,5.03166e-06,1.56226e-05,-0.0554859,0.0624799,8.81564,0.014427,0.0143808,4.61755e-05,2.87552057297523e-06
"50",12307.1,3.36078,3.08695,3.23237,3.1937,3.20485,0.324809,1.57547,-4.69044,4.05956,3.09701,0.227282,-28.0384,0,289.951,280.951,0.000162144,4.48709,2.49878e-05,1.52406e-05,4.77999,5.03151e-06,1.56221e-05,-0.0554953,0.062474,8.81557,0.014427,0.0143809,4.61744e-05,2.87560490026227e-06
"51",12561.2,3.36105,3.08693,3.23235,3.19367,3.20481,0.324807,1.57546,-4.69032,4.0596,3.09705,0.227275,-28.0386,0,289.951,280.951,0.000162143,4.48649,2.49912e-05,1.5237e-05,4.7802,5.03135e-06,1.56215e-05,-0.0555048,0.062468,8.81549,0.014427,0.0143809,4.61732e-05,2.87570328832084e-06
"52",12812.2,3.36132,3.08691,3.23232,3.19364,3.20477,0.324805,1.57545,-4.69021,4.05964,3.09709,0.227269,-28.0388,0,289.952,280.952,0.000162142,4.48588,2.49945e-05,1.52335e-05,4.78041,5.0312e-06,1.5621e-05,-0.0555144,0.0624619,8.81541,0.014427,0.0143809,4.6172e-05,2.87578762627788e-06
"53",13062.9,3.36159,3.08689,3.2323,3.1936,3.20474,0.324803,1.57544,-4.6901,4.05968,3.09714,0.227263,-28.039,0,289.953,280.953,0.000162142,4.48527,2.49976e-05,1.52301e-05,4.78061,5.03105e-06,1.56204e-05,-0.0555241,0.0624558,8.81533,0.014427,0.0143809,4.61709e-05,2.87587196916067e-06
"54",13313.5,3.36187,3.08687,3.23228,3.19357,3.2047,0.324801,1.57543,-4.68999,4.05972,3.09718,0.227256,-28.0392,0,289.953,280.953,0.000162141,4.48466,2.50007e-05,1.52268e-05,4.78081,5.03089e-06,1.56199e-05,-0.0555339,0.0624497,8.81525,0.014427,0.0143809,4.61697e-05,2.87597037541715e-06
"55",13565,3.36215,3.08685,3.23225,3.19354,3.20466,0.324799,1.57542,-4.68988,4.05976,3.09721,0.227249,-28.0394,0,289.954,280.954,0.00016214,4.48404,2.50037e-05,1.52236e-05,4.78102,5.03074e-06,1.56194e-05,-0.0555438,0.0624435,8.81517,0.014427,0.0143809,4.61685e-05,2.87606878838025e-06
"56",13819,3.36244,3.08683,3.23223,3.1935,3.20462,0.324797,1.57541,-4.68976,4.05979,3.09725,0.227243,-28.0396,0,289.955,280.955,0.000162139,4.48341,2.50067e-05,1.52204e-05,4.78122,5.03058e-06,1.56188e-05,-0.0555539,0.0624372,8.81509,0.014427,0.0143809,4.61672e-05,2.8761531476874e-06
"57",14070,3.36272,3.08681,3.2322,3.19347,3.20458,0.324796,1.5754,-4.68965,4.05983,3.09729,0.227236,-28.0399,0,289.956,280.956,0.000162138,4.48278,2.50095e-05,1.52173e-05,4.78142,5.03042e-06,1.56183e-05,-0.055564,0.0624309,8.815,0.014427,0.0143809,4.6166e-05,2.87625157310867e-06
"58",14320.7,3.36301,3.08679,3.23218,3.19343,3.20455,0.324794,1.57539,-4.68954,4.05986,3.09733,0.227229,-28.0401,0,289.956,280.956,0.000162137,4.48215,2.50123e-05,1.52144e-05,4.78162,5.03026e-06,1.56177e-05,-0.0555741,0.0624246,8.81492,0.014427,0.0143809,4.61648e-05,2.87635000523982e-06
"59",14571.3,3.36329,3.08677,3.23215,3.1934,3.20451,0.324792,1.57538,-4.68943,4.0599,3.09736,0.227222,-28.0403,0,289.957,280.957,0.000162136,4.48151,2.50149e-05,1.52115e-05,4.78182,5.0301e-06,1.56172e-05,-0.0555842,0.0624183,8.81484,0.014427,0.0143809,4.61635e-05,2.876448444082e-06
"60",14822.8,3.36358,3.08674,3.23213,3.19337,3.20447,0.324791,1.57537,-4.68931,4.05993,3.0974,0.227216,-28.0405,0,289.958,280.958,0.000162135,4.48088,2.50175e-05,1.52087e-05,4.78201,5.02994e-06,1.56166e-05,-0.0555945,0.0624119,8.81475,0.014427,0.0143809,4.61623e-05,2.87653282557473e-06
"61",15076.8,3.36387,3.08672,3.23211,3.19333,3.20443,0.324789,1.57537,-4.6892,4.05997,3.09743,0.227209,-28.0408,0,289.959,280.959,0.000162135,4.48023,2.50201e-05,1.5206e-05,4.78221,5.02978e-06,1.56161e-05,-0.0556048,0.0624054,8.81467,0.014427,0.0143809,4.6161e-05,2.87663127688327e-06
"62",15327.9,3.36417,3.0867,3.23208,3.1933,3.20439,0.324787,1.57536,-4.68909,4.06,3.09747,0.227202,-28.041,0,289.959,280.959,0.000162134,4.47959,2.50225e-05,1.52033e-05,4.7824,5.02962e-06,1.56155e-05,-0.0556151,0.062399,8.81458,0.014427,0.0143809,4.61598e-05,2.87672973490611e-06
"63",15578.6,3.36446,3.08668,3.23206,3.19326,3.20435,0.324786,1.57535,-4.68898,4.06003,3.0975,0.227195,-28.0412,0,289.96,280.96,0.000162133,4.47895,2.50249e-05,1.52008e-05,4.78259,5.02946e-06,1.5615e-05,-0.0556254,0.0623927,8.8145,0.014427,0.0143809,4.61585e-05,2.87682819964438e-06
"64",15829.2,3.36475,3.08666,3.23203,3.19323,3.20431,0.324784,1.57534,-4.68887,4.06007,3.09753,0.227188,-28.0415,0,289.961,280.961,0.000162132,4.47831,2.50271e-05,1.51983e-05,4.78278,5.0293e-06,1.56144e-05,-0.0556357,0.0623863,8.81442,0.014427,0.0143809,4.61573e-05,2.87692667109924e-06
"65",16080.7,3.36504,3.08664,3.23201,3.19319,3.20427,0.324783,1.57533,-4.68876,4.0601,3.09756,0.227181,-28.0417,0,289.962,280.962,0.000162132,4.47767,2.50293e-05,1.5196e-05,4.78297,5.02914e-06,1.56139e-05,-0.055646,0.0623799,8.81433,0.014427,0.0143809,4.6156e-05,2.87702514927183e-06
"66",16334.7,3.36533,3.08661,3.23198,3.19316,3.20423,0.324782,1.57533,-4.68865,4.06013,3.0976,0.227174,-28.0419,0,289.962,280.962,0.000162131,4.47702,2.50315e-05,1.51936e-05,4.78316,5.02898e-06,1.56133e-05,-0.0556565,0.0623734,8.81424,0.014427,0.0143809,4.61547e-05,2.8771236341633e-06
"67",16585.7,3.36563,3.08659,3.23196,3.19312,3.20419,0.32478,1.57532,-4.68854,4.06016,3.09763,0.227167,-28.0422,0,289.963,280.963,0.00016213,4.47638,2.50336e-05,1.51914e-05,4.78334,5.02882e-06,1.56128e-05,-0.0556668,0.062367,8.81416,0.014427,0.0143809,4.61535e-05,2.87722212577478e-06
"68",16836.4,3.36592,3.08657,3.23193,3.19309,3.20415,0.324779,1.57531,-4.68843,4.06019,3.09765,0.22716,-28.0424,0,289.964,280.964,0.00016213,4.47575,2.50355e-05,1.51893e-05,4.78353,5.02866e-06,1.56123e-05,-0.0556771,0.0623607,8.81408,0.014427,0.0143809,4.61522e-05,2.87732062410744e-06
"69",17087,3.36621,3.08655,3.23191,3.19305,3.20411,0.324778,1.57531,-4.68833,4.06022,3.09768,0.227153,-28.0426,0,289.965,280.965,0.000162129,4.47511,2.50374e-05,1.51872e-05,4.78371,5.0285e-06,1.56117e-05,-0.0556873,0.0623544,8.81399,0.014427,0.0143809,4.6151e-05,2.87741912916241e-06
"70",17338.5,3.3665,3.08653,3.23188,3.19302,3.20407,0.324776,1.5753,-4.68822,4.06025,3.09771,0.227147,-28.0429,0,289.965,280.965,0.000162128,4.47448,2.50392e-05,1.51852e-05,4.78389,5.02834e-06,1.56112e-05,-0.0556976,0.0623481,8.81391,0.014427,0.0143809,4.61497e-05,2.87750356741795e-06
"71",17592.5,3.36679,3.0865,3.23186,3.19298,3.20403,0.324775,1.57529,-4.68811,4.06028,3.09774,0.22714,-28.0431,0,289.966,280.966,0.000162128,4.47384,2.5041e-05,1.51833e-05,4.78407,5.02819e-06,1.56107e-05,-0.0557079,0.0623417,8.81382,0.014427,0.0143809,4.61485e-05,2.87760208496026e-06
"72",17843.6,3.36707,3.08648,3.23183,3.19295,3.20399,0.324774,1.57529,-4.68801,4.0603,3.09777,0.227133,-28.0434,0,289.967,280.967,0.000162127,4.47322,2.50427e-05,1.51815e-05,4.78424,5.02803e-06,1.56101e-05,-0.055718,0.0623354,8.81374,0.014427,0.0143809,4.61472e-05,2.87770060922816e-06
"73",18094.3,3.36736,3.08646,3.23181,3.19291,3.20396,0.324773,1.57528,-4.6879,4.06033,3.09779,0.227126,-28.0436,0,289.968,280.968,0.000162127,4.47259,2.50443e-05,1.51797e-05,4.78442,5.02787e-06,1.56096e-05,-0.0557281,0.0623292,8.81366,0.014427,0.0143809,4.6146e-05,2.87779914022281e-06
"74",18344.9,3.36764,3.08644,3.23178,3.19288,3.20392,0.324772,1.57528,-4.6878,4.06036,3.09782,0.22712,-28.0438,0,289.968,280.968,0.000162126,4.47198,2.50459e-05,1.5178e-05,4.78459,5.02772e-06,1.56091e-05,-0.0557381,0.0623231,8.81358,0.014427,0.0143809,4.61448e-05,2.87788360071588e-06
"75",18596.4,3.36793,3.08642,3.23176,3.19285,3.20388,0.324771,1.57527,-4.6877,4.06039,3.09785,0.227113,-28.044,0,289.969,280.969,0.000162126,4.47136,2.50474e-05,1.51764e-05,4.78476,5.02757e-06,1.56086e-05,-0.0557481,0.0623169,8.81349,0.014427,0.0143809,4.61436e-05,2.87798214420609e-06
"76",18850.4,3.36821,3.0864,3.23174,3.19281,3.20384,0.32477,1.57526,-4.68759,4.06041,3.09787,0.227106,-28.0443,0,289.97,280.97,0.000162125,4.47074,2.50488e-05,1.51749e-05,4.78493,5.02741e-06,1.56081e-05,-0.0557582,0.0623108,8.81341,0.014427,0.0143809,4.61423e-05,2.87808069442632e-06
"77",19101.4,3.36849,3.08638,3.23171,3.19278,3.2038,0.324769,1.57526,-4.68749,4.06044,3.0979,0.2271,-28.0445,0,289.97,280.97,0.000162125,4.47014,2.50501e-05,1.51734e-05,4.78509,5.02726e-06,1.56076e-05,-0.055768,0.0623047,8.81333,0.014427,0.0143809,4.61411e-05,2.87816517140109e-06
"78",19352.1,3.36876,3.08635,3.23169,3.19275,3.20377,0.324768,1.57525,-4.68739,4.06046,3.09792,0.227093,-28.0447,0,289.971,280.971,0.000162124,4.46954,2.50514e-05,1.5172e-05,4.78526,5.02711e-06,1.56071e-05,-0.0557777,0.0622988,8.81325,0.014427,0.0143809,4.614e-05,2.87826373412298e-06
"79",19602.7,3.36904,3.08633,3.23167,3.19271,3.20373,0.324767,1.57525,-4.6873,4.06049,3.09794,0.227087,-28.045,0,289.972,280.972,0.000162124,4.46894,2.50527e-05,1.51706e-05,4.78542,5.02696e-06,1.56066e-05,-0.0557874,0.0622928,8.81317,0.014427,0.0143809,4.61388e-05,2.87834822181515e-06
"80",19854.2,3.36931,3.08631,3.23164,3.19268,3.20369,0.324766,1.57524,-4.6872,4.06051,3.09797,0.22708,-28.0452,0,289.973,280.973,0.000162123,4.46835,2.50538e-05,1.51694e-05,4.78558,5.02682e-06,1.56061e-05,-0.055797,0.0622869,8.81309,0.014427,0.0143809,4.61376e-05,2.87844679704268e-06
"81",20106.8,4.85677,3.13242,3.23284,3.19793,3.20372,0.325059,1.57532,-7.2116,2.06496,3.04774,0.149848,-31.1029,5.73653e-05,293.138,284.138,0.000162269,4.53473,2.56772e-05,1.45823e-05,3.3267,4.42264e-06,1.37388e-05,-0.0839956,0.062952,8.45997,0.00931978,0.0107893,3.23254e-05,7.22864067898611e-06
"82",20358.2,6.67791,3.21049,3.25236,3.24084,3.21015,0.325862,1.57656,-7.52144,0.796357,2.35153,0.0535507,-33.8253,8.06667e-05,295.894,286.894,0.00016267,4.15267,1.87624e-05,2.15965e-05,2.71292,3.95814e-06,1.23164e-05,-0.103762,0.0592191,8.15861,0.0043281,0.00431168,1.61819e-05,9.09672654463765e-06
"83",20609.1,6.68617,3.22617,3.27535,3.2573,3.22386,0.326141,1.57792,-6.92713,1.34337,1.95065,0.0535349,-33.1809,8.06667e-05,295.905,286.905,0.00016281,3.84633,8.645e-06,3.17485e-05,3.42,3.95752e-06,1.23216e-05,-0.102914,0.0563864,8.15745,0.0043281,0.00431228,1.61794e-05,9.09689333799371e-06
"84",20859.6,6.73336,3.24247,3.2982,3.27361,3.24044,0.326429,1.57929,-6.91066,1.33929,1.66746,0.0534072,-33.1799,8.06667e-05,295.966,286.966,0.000162953,3.66499,4.02583e-06,3.64033e-05,3.49912,3.94889e-06,1.2302e-05,-0.102494,0.054774,8.15086,0.0043281,0.00431263,1.61592e-05,9.0982407960454e-06
"85",21109.8,6.80404,3.26122,3.32106,3.2921,3.25915,0.326724,1.58067,-7.05271,1.1825,1.42159,0.0532145,-33.3641,8.06667e-05,296.056,287.056,0.0001631,3.56942,-1.48184e-06,4.19475e-05,3.55829,3.93559e-06,1.22681e-05,-0.102158,0.0539428,8.14108,0.0043281,0.00431284,1.61288e-05,9.10027205829904e-06
"86",21360.3,6.8873,3.28227,3.34418,3.31279,3.27951,0.327026,1.58207,-7.23682,0.984442,1.18945,0.0529892,-33.6015,8.06667e-05,296.161,287.161,0.000163251,3.53013,-3.58773e-06,4.40908e-05,3.50809,3.92e-06,1.22271e-05,-0.101817,0.0536047,8.12969,0.0043281,0.00431296,1.60933e-05,9.10264382696254e-06
"87",21611.1,6.97753,3.30448,3.36722,3.33459,3.30034,0.327334,1.5835,-7.43061,0.776566,0.963611,0.0527486,-33.8534,8.06667e-05,296.274,287.274,0.000163405,3.51201,-3.22927e-06,4.37705e-05,3.38933,3.90333e-06,1.21829e-05,-0.101479,0.0534495,8.11752,0.0043281,0.00431303,1.60554e-05,9.10517294588053e-06
"88",21862.4,7.07259,3.32701,3.39004,3.35665,3.32108,0.327649,1.58495,-7.62494,0.567873,0.741704,0.0524994,-34.1087,8.06667e-05,296.391,287.391,0.000163562,3.49909,-1.88821e-06,4.24684e-05,3.22765,3.88605e-06,1.21368e-05,-0.101165,0.0533391,8.10487,0.0043281,0.00431309,1.60161e-05,9.10778843524426e-06
"89",22114.1,7.17171,3.34944,3.41257,3.37855,3.34149,0.32797,1.58643,-7.8173,0.360907,0.522923,0.0522444,-34.3639,8.06667e-05,296.512,287.512,0.000163723,3.48497,-6.93164e-08,4.06893e-05,3.03975,3.86834e-06,1.20895e-05,-0.100882,0.0532188,8.09187,0.0043281,0.00431316,1.5976e-05,9.11046056990816e-06
"90",22365.5,7.27424,3.3716,3.4347,3.40007,3.36142,0.328296,1.58794,-8.00643,0.156861,0.307627,0.0519853,-34.6174,8.06667e-05,296.635,287.635,0.000163885,3.46758,1.96924e-06,3.86912e-05,2.8156,3.85036e-06,1.20414e-05,-0.100665,0.0530709,8.07862,0.0043281,0.00431321,1.59352e-05,9.11317130451812e-06
"91",22617.4,7.38074,3.39342,3.45648,3.42119,3.38083,0.328629,1.58947,-8.19298,-0.0448581,0.0947136,0.0517215,-34.8699,8.06667e-05,296.76,287.76,0.000164052,3.44468,4.42705e-06,3.62746e-05,2.53788,3.83203e-06,1.19923e-05,-0.10049,0.0528768,8.06507,0.0043281,0.00431326,1.58937e-05,9.11592671035464e-06
"92",22867.5,7.4905,3.41454,3.47752,3.44152,3.39924,0.328966,1.59103,-8.37516,-0.242374,-0.114087,0.051455,-35.1193,8.06667e-05,296.888,287.888,0.00016422,3.41115,8.48726e-06,3.22561e-05,2.08872,3.8135e-06,1.19425e-05,-0.100382,0.0525939,8.05131,0.0043281,0.00431333,1.58518e-05,9.11870572558074e-06
"93",23119.6,7.6063,3.43498,3.4981,3.46105,3.41688,0.329311,1.59262,-8.55573,-0.438761,-0.322088,0.0511797,-35.3698,8.06667e-05,297.021,288.021,0.000164392,3.36684,9.73102e-06,3.10551e-05,1.79787,3.79432e-06,1.18909e-05,-0.100352,0.0522223,8.03703,0.0043281,0.00431341,1.58086e-05,9.1215716790789e-06
"94",23370.8,7.49396,3.45004,3.51831,3.47898,3.43475,0.329624,1.59422,-8.20729,-0.147929,-0.493954,0.0515269,-34.9974,0,296.892,287.892,0.000164549,3.33311,9.08687e-06,3.17381e-05,2.02111,3.81537e-06,1.19645e-05,-0.098378,0.0519413,8.05088,0.00433903,0.00432005,1.58631e-05,9.11795641857232e-06
"95",23622.8,7.24665,3.45964,3.53697,3.49376,3.45241,0.329895,1.59576,-7.94059,0.133186,-0.55839,0.0522869,-34.5595,0,296.602,287.602,0.000164683,3.33511,9.60676e-06,3.12516e-05,2.16341,3.86161e-06,1.21162e-05,-0.0952087,0.0519579,8.08217,0.0043513,0.00433244,1.59827e-05,9.11001551046326e-06
"96",23873.5,7.03607,3.46884,3.55365,3.50759,3.46897,0.330155,1.59723,-7.88226,0.213991,-0.580682,0.0529746,-34.3621,0,296.346,287.346,0.000164813,3.3634,1.10637e-05,2.9827e-05,2.10285,3.90279e-06,1.22519e-05,-0.0923051,0.0521936,8.10971,0.00436295,0.00434423,1.6091e-05,9.10279740724226e-06
"97",24125.1,6.85315,3.47781,3.56871,3.52074,3.48442,0.330409,1.59864,-7.88219,0.23705,-0.59045,0.0536078,-34.2417,0,296.118,287.118,0.00016494,3.40609,1.28042e-05,2.81179e-05,1.97257,3.94003e-06,1.23752e-05,-0.0896178,0.0525513,8.13435,0.00437432,0.0043557,1.61909e-05,9.09612362688262e-06
"98",24375.9,6.69413,3.48634,3.58225,3.53306,3.49869,0.330656,1.6,-7.89729,0.243368,-0.596126,0.0541899,-34.1509,0,295.915,286.915,0.000165063,3.45684,1.45041e-05,2.64486e-05,1.82639,3.9736e-06,1.24869e-05,-0.0871329,0.0529797,8.15634,0.00438535,0.00436686,1.62828e-05,9.08996475582991e-06
"99",24626.4,6.55451,3.49443,3.59454,3.5446,3.51191,0.330896,1.60131,-7.9153,0.244823,-0.600242,0.0547281,-34.0745,0,295.733,286.733,0.000165183,3.51239,1.60712e-05,2.49112e-05,1.68855,4.00405e-06,1.25888e-05,-0.0848361,0.0534528,8.17611,0.00439616,0.00437773,1.63679e-05,9.08425000113056e-06
"100",24878.5,6.43019,3.50213,3.60583,3.55548,3.52429,0.331131,1.60259,-7.93307,0.244841,-0.603593,0.0552323,-34.0069,0,295.567,286.567,0.000165301,3.57105,1.75284e-05,2.34831e-05,1.56868,4.03199e-06,1.26827e-05,-0.0826876,0.0539568,8.19409,0.00440684,0.00438847,1.64476e-05,9.07887836191158e-06
"101",25128.9,6.32023,3.50939,3.61612,3.56563,3.53576,0.33136,1.60382,-7.94961,0.244366,-0.606398,0.0556997,-33.9467,0,295.418,286.418,0.000165415,3.63087,1.85887e-05,2.24512e-05,1.46836,4.05739e-06,1.27685e-05,-0.0807046,0.0544757,8.21031,0.00441718,0.0043989,1.65216e-05,9.07388318502371e-06
"102",25379.3,6.22156,3.51636,3.6257,3.57527,3.54666,0.331583,1.60501,-7.96493,0.243645,-0.608762,0.0561386,-33.8924,0,295.282,286.282,0.000165526,3.6939,1.92605e-05,2.1807e-05,1.38579,4.08076e-06,1.28479e-05,-0.0788566,0.0550279,8.22512,0.00442745,0.00440914,1.65912e-05,9.06917882646078e-06
"103",25630,6.13205,3.52312,3.63469,3.58453,3.55707,0.331801,1.60617,-7.97923,0.242851,-0.610767,0.0565544,-33.8427,0,295.156,286.156,0.000165635,3.75938,1.98727e-05,2.12219e-05,1.32299,4.10245e-06,1.29219e-05,-0.077098,0.0556074,8.23876,0.00443752,0.00441926,1.66571e-05,9.06470967896667e-06
"104",25882.3,6.04979,3.52972,3.64322,3.59349,3.56709,0.332017,1.60731,-7.99271,0.241954,-0.612478,0.0569514,-33.7967,0,295.039,286.039,0.000165743,3.82641,1.98147e-05,2.13065e-05,1.40473,4.12282e-06,1.29917e-05,-0.0754232,0.056207,8.2515,0.00444746,0.00442924,1.67202e-05,9.06043127619461e-06
"105",26133.7,5.97381,3.53635,3.6515,3.60237,3.57711,0.332227,1.60842,-8.00534,0.241052,-0.613575,0.0573317,-33.7538,0,294.93,285.93,0.000165848,3.90146,2.02386e-05,2.09086e-05,1.42314,4.14201e-06,1.30577e-05,-0.073808,0.056886,8.26342,0.00445733,0.00443908,1.67805e-05,9.05632240551128e-06
"106",26384.1,5.90333,3.54268,3.65918,3.61083,3.58635,0.332431,1.60949,-8.01725,0.240211,-0.614692,0.0576958,-33.7137,0,294.827,285.827,0.00016595,3.96893,2.14974e-05,1.96751e-05,1.32931,4.16013e-06,1.31203e-05,-0.0722682,0.0575035,8.27462,0.00446693,0.0044487,1.68384e-05,9.05237893122859e-06
"107",26635.2,5.83771,3.54861,3.66642,3.61876,3.59503,0.332632,1.61055,-8.02839,0.239452,-0.615754,0.0580474,-33.676,0,294.73,285.73,0.00016605,4.03154,2.22966e-05,1.89008e-05,1.26736,4.17732e-06,1.31798e-05,-0.0708122,0.0580824,8.28518,0.00447653,0.00445828,1.68943e-05,9.04856184362601e-06
"108",26887.7,5.77649,3.55428,3.67334,3.62635,3.60339,0.33283,1.61158,-8.0389,0.23877,-0.616691,0.0583871,-33.6404,0,294.639,285.639,0.000166149,4.09343,2.27212e-05,1.85008e-05,1.22068,4.19362e-06,1.32366e-05,-0.0694109,0.0586604,8.29515,0.00448608,0.00446781,1.69484e-05,9.04486550075343e-06
"109",27137.8,5.71988,3.55972,3.6799,3.63358,3.61135,0.333023,1.61258,-8.04875,0.238081,-0.617493,0.0587112,-33.6074,0,294.554,285.554,0.000166245,4.15375,2.31576e-05,1.80882e-05,1.18484,4.20894e-06,1.32901e-05,-0.0680886,0.0592292,8.30446,0.00449541,0.00447711,1.7e-05,9.04133112377146e-06
"110",27389,5.66666,3.56498,3.68618,3.64058,3.61902,0.333212,1.61357,-8.0581,0.237466,-0.618193,0.0590261,-33.576,0,294.473,285.473,0.00016634,4.21267,2.36423e-05,1.7627e-05,1.15545,4.22356e-06,1.33413e-05,-0.0668051,0.0597903,8.31331,0.00450462,0.00448638,1.70501e-05,9.03788975761227e-06
"111",27639.5,5.61665,3.57013,3.69226,3.64736,3.62651,0.333398,1.61453,-8.06693,0.236858,-0.61866,0.0593308,-33.5464,0,294.396,285.396,0.000166432,4.27228,2.36308e-05,1.76614e-05,1.2725,4.2375e-06,1.33904e-05,-0.0655813,0.0603633,8.3217,0.00451383,0.00449553,1.70987e-05,9.03455296033208e-06
"112",27890.8,5.5692,3.57513,3.69807,3.65396,3.63365,0.333581,1.61548,-8.07534,0.236362,-0.61908,0.059628,-33.518,0,294.323,285.323,0.000166524,4.32839,2.45263e-05,1.67887e-05,1.20559,4.2509e-06,1.34377e-05,-0.0643865,0.0609076,8.32974,0.00452291,0.00450462,1.71461e-05,9.03129172364884e-06
"113",28142.3,5.52461,3.57981,3.70356,3.66016,3.64034,0.333761,1.61641,-8.08322,0.235983,-0.619501,0.0599167,-33.4911,0,294.253,285.253,0.000166613,4.3794,2.53865e-05,1.59508e-05,1.1606,4.26367e-06,1.34829e-05,-0.0632483,0.0614068,8.33736,0.004532,0.00451368,1.71922e-05,9.0281175132849e-06
"114",28393.3,5.48305,3.5842,3.70874,3.66597,3.64662,0.333937,1.61732,-8.09059,0.235685,-0.619889,0.0601946,-33.4658,0,294.188,285.188,0.000166702,4.42627,2.59086e-05,1.54505e-05,1.12532,4.27573e-06,1.35258e-05,-0.0621762,0.061869,8.34452,0.00454089,0.00452261,1.72365e-05,9.02505620472271e-06
"115",28643.3,5.44433,3.58839,3.7137,3.67149,3.65265,0.334111,1.61822,-8.09743,0.235424,-0.620198,0.0604626,-33.442,0,294.126,285.126,0.000166788,4.47204,2.61819e-05,1.51987e-05,1.09578,4.28711e-06,1.35666e-05,-0.0611648,0.0623237,8.35124,0.00454978,0.00453146,1.72793e-05,9.02209849916419e-06
"116",28893.8,5.40795,3.59246,3.71847,3.67685,3.65848,0.334282,1.61909,-8.10391,0.235208,-0.620438,0.0607228,-33.4195,0,294.068,285.068,0.000166873,4.51689,2.64788e-05,1.49229e-05,1.07084,4.29793e-06,1.36055e-05,-0.0601848,0.0627726,8.35761,0.0045586,0.00454026,1.73209e-05,9.01922172910454e-06
"117",29145.6,5.37349,3.59643,3.72308,3.68205,3.66412,0.334451,1.61996,-8.11008,0.234993,-0.620619,0.0609766,-33.3982,0,294.013,285.013,0.000166958,4.56056,2.68072e-05,1.46155e-05,1.04928,4.3083e-06,1.36429e-05,-0.0592455,0.0632127,8.36367,0.00456738,0.00454902,1.73614e-05,9.01641081034147e-06
"118",29397.4,5.34102,3.60026,3.72752,3.68707,3.66955,0.334617,1.62081,-8.11591,0.234844,-0.62075,0.0612237,-33.3779,0,293.961,284.961,0.000167041,4.60249,2.71689e-05,1.42744e-05,1.03034,4.31819e-06,1.36788e-05,-0.058337,0.0636382,8.36943,0.00457609,0.00455776,1.7401e-05,9.01366942037218e-06
"119",29647.9,5.31054,3.60393,3.73175,3.69186,3.67471,0.334781,1.62165,-8.12134,0.234731,-0.620838,0.0614634,-33.3587,0,293.911,284.911,0.000167123,4.64214,2.7562e-05,1.39015e-05,1.01373,4.32756e-06,1.3713e-05,-0.0574761,0.0640432,8.37487,0.0045848,0.00456641,1.74393e-05,9.01100570106651e-06
"120",29900,5.28164,3.60748,3.73583,3.69647,3.67968,0.334943,1.62248,-8.12648,0.234681,-0.620887,0.0616985,-33.3404,0,293.864,284.864,0.000167204,4.67977,2.79898e-05,1.34938e-05,0.999159,4.33655e-06,1.37459e-05,-0.0566496,0.06443,8.38005,0.00459353,0.00457511,1.74769e-05,9.00838884798634e-06
"121",30151.3,5.25462,3.61085,3.73972,3.70086,3.68439,0.335103,1.62329,-8.1313,0.234655,-0.620899,0.0619256,-33.3232,0,293.819,284.819,0.000167283,4.71482,2.84448e-05,1.30587e-05,0.986062,4.34505e-06,1.37773e-05,-0.0558638,0.0647924,8.38493,0.00460212,0.00458369,1.75133e-05,9.00585702671101e-06
"122",30401.3,5.22941,3.61404,3.7434,3.70501,3.68882,0.33526,1.62409,-8.13572,0.23473,-0.620879,0.0621463,-33.307,0,293.778,284.778,0.000167362,4.74716,2.89209e-05,1.2602e-05,0.974193,4.35306e-06,1.3807e-05,-0.0551216,0.0651285,8.3895,0.00461065,0.00459227,1.75486e-05,9.00339276096064e-06
"123",30652.9,5.20579,3.61709,3.74693,3.70896,3.69304,0.335416,1.62488,-8.13981,0.234843,-0.620829,0.0623611,-33.2917,0,293.739,284.739,0.00016744,4.77707,2.94168e-05,1.21255e-05,0.963216,4.36066e-06,1.38354e-05,-0.054417,0.0654409,8.39381,0.00461926,0.00460082,1.7583e-05,9.00099076713977e-06
"124",30903.1,5.18399,3.61995,3.75026,3.71266,3.69698,0.33557,1.62566,-8.14359,0.23502,-0.620746,0.0625679,-33.2774,0,293.702,284.702,0.000167516,4.80423,2.98546e-05,1.17067e-05,0.953068,4.36774e-06,1.38621e-05,-0.0537584,0.0657259,8.3978,0.00462773,0.00460929,1.76162e-05,8.99867486010003e-06
"125",31155.1,5.16365,3.6227,3.75347,3.71622,3.70081,0.335723,1.62643,-8.14701,0.235285,-0.620611,0.0627716,-33.264,0,293.668,284.668,0.000167593,4.83074,2.99789e-05,1.16013e-05,0.943183,4.37443e-06,1.38876e-05,-0.0531299,0.0660052,8.40154,0.00463636,0.00461792,1.76488e-05,8.99639042266301e-06
"126",31407.9,5.14465,3.62542,3.7566,3.71969,3.70454,0.335875,1.6272,-8.15024,0.23549,-0.620427,0.0629679,-33.2515,0,293.636,284.636,0.000167669,4.85711,3.01189e-05,1.14801e-05,0.933989,4.38075e-06,1.39119e-05,-0.0525317,0.0662843,8.40505,0.0046448,0.00462637,1.76803e-05,8.9941859147689e-06
"127",31659.1,5.12694,3.62805,3.75962,3.72305,3.70815,0.336024,1.62795,-8.15321,0.23573,-0.620207,0.0631584,-33.2397,0,293.606,284.606,0.000167743,4.88277,3.0271e-05,1.13465e-05,0.925496,4.3867e-06,1.39349e-05,-0.0519602,0.0665571,8.40834,0.00465324,0.00463476,1.77108e-05,8.99204366179963e-06
"128",31911.6,5.11019,3.63064,3.76255,3.72633,3.71166,0.336173,1.6287,-8.15601,0.235997,-0.619953,0.0633456,-33.2285,0,293.578,284.578,0.000167818,4.90781,3.04357e-05,1.12003e-05,0.917495,4.39238e-06,1.39571e-05,-0.0514072,0.0668243,8.41145,0.00466162,0.00464315,1.77409e-05,8.98993574518937e-06
"129",32162,5.09449,3.63315,3.76538,3.7295,3.71504,0.336319,1.62944,-8.1586,0.236269,-0.619674,0.0635273,-33.218,0,293.551,284.551,0.000167891,4.93176,3.06095e-05,1.10446e-05,0.910059,4.39776e-06,1.39783e-05,-0.0508835,0.0670808,8.41438,0.00466994,0.00465145,1.777e-05,8.98788712199646e-06
"130",32413.4,5.07961,3.6356,3.76814,3.73258,3.71832,0.336465,1.63017,-8.16104,0.236565,-0.61937,0.0637063,-33.2079,0,293.526,284.526,0.000167963,4.95481,3.0793e-05,1.08791e-05,0.903022,4.40291e-06,1.39987e-05,-0.0503787,0.0673286,8.41717,0.00467827,0.00465977,1.77988e-05,8.98586639158969e-06
"131",32665.8,5.0655,3.63799,3.77082,3.73558,3.7215,0.33661,1.63089,-8.1633,0.236888,-0.619043,0.0638825,-33.1983,0,293.502,284.502,0.000168036,4.97688,3.09849e-05,1.07052e-05,0.896358,4.40784e-06,1.40184e-05,-0.0498927,0.0675667,8.41982,0.00468661,0.0046681,1.78271e-05,8.98387479169516e-06
"132",32915.9,5.0523,3.6403,3.77339,3.73845,3.72455,0.336752,1.63161,-8.16539,0.23722,-0.618701,0.0640538,-33.1893,0,293.48,284.48,0.000168107,4.99764,3.11811e-05,1.05266e-05,0.890153,4.41249e-06,1.40372e-05,-0.0494346,0.0677916,8.42231,0.00469488,0.00467633,1.78546e-05,8.98193621203417e-06
"133",33167,5.03984,3.64253,3.7759,3.74124,3.72749,0.336894,1.63232,-8.16733,0.237588,-0.618339,0.0642224,-33.1807,0,293.458,284.458,0.000168178,5.01735,3.13826e-05,1.03427e-05,0.884268,4.41693e-06,1.40553e-05,-0.0489936,0.0680058,8.42466,0.0047031,0.00468458,1.78817e-05,8.98002590442097e-06
"134",33418.9,5.0281,3.64471,3.77833,3.74393,3.73034,0.337036,1.63302,-8.16909,0.237983,-0.61796,0.0643884,-33.1725,0,293.438,284.438,0.000168248,5.03598,3.15876e-05,1.01552e-05,0.878713,4.42116e-06,1.40727e-05,-0.0485718,0.0682088,8.42688,0.00471141,0.00469284,1.79083e-05,8.97814283607175e-06
"135",33669.4,5.01722,3.64678,3.78067,3.74651,3.73306,0.337175,1.63372,-8.1707,0.238438,-0.617567,0.0645502,-33.1649,0,293.419,284.419,0.000168318,5.05338,3.17929e-05,9.96721e-06,0.873446,4.42513e-06,1.40892e-05,-0.0481631,0.0683989,8.42895,0.00471957,0.00470106,1.79343e-05,8.97630528574972e-06
"136",33919.4,5.00702,3.64881,3.78293,3.74899,3.73567,0.337313,1.63441,-8.17213,0.238867,-0.617158,0.0647088,-33.1576,0,293.402,284.402,0.000168387,5.06964,3.19976e-05,9.77958e-06,0.868625,4.4289e-06,1.41051e-05,-0.0477901,0.0685771,8.43089,0.00472782,0.00470925,1.79599e-05,8.97450203495624e-06
"137",34171.3,4.99752,3.65076,3.78512,3.7514,3.7382,0.337452,1.6351,-8.17341,0.239372,-0.616732,0.0648654,-33.1508,0,293.385,284.385,0.000168456,5.08494,3.22023e-05,9.59204e-06,0.86396,4.43245e-06,1.41203e-05,-0.0474194,0.0687451,8.4327,0.00473608,0.0047175,1.7985e-05,8.97271953403968e-06
"138",34423,4.98869,3.65266,3.78724,3.75371,3.74062,0.337589,1.63578,-8.17455,0.239857,-0.61629,0.0650187,-33.1445,0,293.37,284.37,0.000168525,5.09917,3.24039e-05,9.40745e-06,0.859688,4.4358e-06,1.41348e-05,-0.0470805,0.0689018,8.43439,0.00474436,0.00472571,1.80097e-05,8.97097267504401e-06
"139",34675.2,4.98055,3.6545,3.7893,3.75593,3.74295,0.337726,1.63646,-8.17555,0.24037,-0.615833,0.0651692,-33.1385,0,293.356,284.356,0.000168593,5.1124,3.26018e-05,9.22659e-06,0.855695,4.43894e-06,1.41487e-05,-0.0467595,0.0690478,8.43595,0.00475257,0.00473393,1.80339e-05,8.96925586892991e-06
"140",34925.6,4.97314,3.65625,3.79127,3.75806,3.74517,0.337861,1.63713,-8.17639,0.240927,-0.615364,0.0653158,-33.133,0,293.343,284.343,0.00016866,5.12457,3.2793e-05,9.05209e-06,0.851963,4.44185e-06,1.41617e-05,-0.0464534,0.0691825,8.43737,0.00476072,0.0047421,1.80575e-05,8.96758178137447e-06
"141",35176.6,4.96637,3.65794,3.79317,3.7601,3.7473,0.337996,1.6378,-8.1771,0.241517,-0.614881,0.0654599,-33.1279,0,293.331,284.331,0.000168728,5.13586,3.29787e-05,8.88315e-06,0.848467,4.44457e-06,1.41742e-05,-0.0461618,0.0693075,8.43867,0.00476888,0.00475029,1.80807e-05,8.96593453547385e-06
"142",35427.5,4.96018,3.65959,3.79502,3.76207,3.74935,0.338131,1.63847,-8.17764,0.242095,-0.614384,0.0656015,-33.1231,0,293.32,284.32,0.000168795,5.14627,3.31574e-05,8.721e-06,0.845301,4.4471e-06,1.4186e-05,-0.0458973,0.0694231,8.43985,0.00477713,0.00475849,1.81035e-05,8.96431421505913e-06
"143",35679.2,4.95459,3.66119,3.7968,3.76397,3.75132,0.338265,1.63913,-8.17807,0.2427,-0.613872,0.0657406,-33.1188,0,293.31,284.31,0.000168862,5.1559,3.33294e-05,8.5656e-06,0.842326,4.44944e-06,1.41972e-05,-0.0456443,0.0695301,8.44093,0.00478539,0.00476669,1.81259e-05,8.96272090285873e-06
"144",35931.2,4.94957,3.66274,3.79853,3.76579,3.75321,0.338398,1.63979,-8.1784,0.243318,-0.613347,0.065877,-33.1148,0,293.302,284.302,0.000168928,5.16477,3.34939e-05,8.41773e-06,0.839597,4.45161e-06,1.42079e-05,-0.0454091,0.0696288,8.4419,0.0047936,0.00477489,1.81479e-05,8.96115697475513e-06
"145",36183.4,4.94508,3.66424,3.80021,3.76755,3.75504,0.338532,1.64045,-8.1786,0.243956,-0.612808,0.0660115,-33.1111,0,293.294,284.294,0.000168995,5.17292,3.36504e-05,8.27765e-06,0.837089,4.45361e-06,1.4218e-05,-0.0451893,0.0697198,8.44276,0.00480182,0.00478311,1.81696e-05,8.95961333191517e-06
"146",36436.4,4.9411,3.6657,3.80184,3.76926,3.75679,0.338665,1.6411,-8.17868,0.244625,-0.612256,0.0661441,-33.1078,0,293.287,284.287,0.000169062,5.18043,3.37994e-05,8.14524e-06,0.834759,4.45545e-06,1.42276e-05,-0.04498,0.0698036,8.44353,0.00481005,0.00479136,1.81909e-05,8.95809003392326e-06
"147",36689.9,4.93762,3.66712,3.80342,3.7709,3.75849,0.338798,1.64176,-8.17867,0.24532,-0.611691,0.0662747,-33.1047,0,293.281,284.281,0.000169128,5.18733,3.39403e-05,8.02075e-06,0.832608,4.45713e-06,1.42367e-05,-0.044782,0.0698806,8.4442,0.0048183,0.00479963,1.8212e-05,8.95658829017976e-06
"148",36940.2,4.93462,3.66848,3.80494,3.77247,3.76011,0.338929,1.64241,-8.17852,0.246006,-0.611122,0.066402,-33.102,0,293.276,284.276,0.000169193,5.19357,3.40716e-05,7.90573e-06,0.8307,4.45866e-06,1.42453e-05,-0.0446034,0.0699504,8.44478,0.00482654,0.00480783,1.82325e-05,8.95512313153731e-06
"149",37190.3,4.93204,3.66982,3.80642,3.77399,3.76166,0.339059,1.64305,-8.17831,0.246671,-0.610544,0.0665268,-33.0996,0,293.271,284.271,0.000169258,5.19928,3.41949e-05,7.79854e-06,0.829015,4.46005e-06,1.42534e-05,-0.0444445,0.0700144,8.44528,0.00483473,0.00481598,1.82526e-05,8.9536854394103e-06
"150",37441.2,4.92985,3.67113,3.80786,3.77547,3.76319,0.33919,1.64369,-8.17801,0.247381,-0.609951,0.0666506,-33.0974,0,293.267,284.267,0.000169324,5.20477,3.42342e-05,7.7755e-06,0.82739,4.46131e-06,1.42611e-05,-0.0442883,0.070076,8.44571,0.00484293,0.00482419,1.82726e-05,8.95225798561336e-06
"151",37692.5,4.92799,3.67242,3.80929,3.77693,3.7647,0.339321,1.64433,-8.17763,0.248091,-0.609343,0.0667731,-33.0954,0,293.264,284.264,0.000169389,5.21037,3.42631e-05,7.76273e-06,0.825852,4.46248e-06,1.42685e-05,-0.0441369,0.0701387,8.44607,0.00485122,0.00483242,1.82923e-05,8.95084426197372e-06
"152",37944.1,4.92639,3.67371,3.8107,3.77838,3.76619,0.339451,1.64497,-8.17725,0.248813,-0.608724,0.0668943,-33.0936,0,293.261,284.261,0.000169454,5.21598,3.42934e-05,7.74854e-06,0.824394,4.46355e-06,1.42756e-05,-0.0439882,0.0702017,8.44638,0.00485938,0.00484064,1.83119e-05,8.94944430563382e-06
"153",38195.5,4.92497,3.675,3.8121,3.77982,3.76767,0.339581,1.64561,-8.1768,0.249512,-0.608096,0.0670149,-33.0919,0,293.259,284.259,0.000169519,5.22153,3.43247e-05,7.7334e-06,0.82309,4.46457e-06,1.42825e-05,-0.0438527,0.0702641,8.44665,0.00486762,0.00484887,1.83314e-05,8.94805005730217e-06
"154",38447.1,4.92372,3.67628,3.81348,3.78125,3.76914,0.339711,1.64625,-8.17629,0.250222,-0.607461,0.0671352,-33.0903,0,293.256,284.256,0.000169584,5.22701,3.43566e-05,7.71758e-06,0.821846,4.46554e-06,1.42892e-05,-0.043719,0.0703257,8.44689,0.00487595,0.00485714,1.83508e-05,8.94665805969662e-06
"155",38698.3,4.92261,3.67756,3.81485,3.78265,3.77058,0.33984,1.64688,-8.17578,0.250892,-0.60682,0.0672541,-33.0889,0,293.254,284.254,0.000169648,5.23236,3.43888e-05,7.70135e-06,0.820732,4.46646e-06,1.42958e-05,-0.0435981,0.0703859,8.44711,0.00488422,0.00486536,1.837e-05,8.94528106406527e-06
"156",38950.3,4.92165,3.67883,3.81621,3.78405,3.77201,0.33997,1.64752,-8.17524,0.251604,-0.606173,0.0673731,-33.0875,0,293.253,284.253,0.000169713,5.2376,3.44214e-05,7.68477e-06,0.819622,4.46733e-06,1.43022e-05,-0.0434716,0.070445,8.4473,0.00489251,0.00487364,1.83892e-05,8.94390171573601e-06
"157",39202.6,4.92082,3.68008,3.81756,3.78544,3.77343,0.340099,1.64815,-8.17467,0.252324,-0.60552,0.0674918,-33.0862,0,293.251,284.251,0.000169777,5.24271,3.44542e-05,7.66802e-06,0.818577,4.46816e-06,1.43085e-05,-0.0433485,0.0705026,8.44746,0.00490081,0.00488193,1.84083e-05,8.94252465160172e-06
"158",39454.9,4.92009,3.68133,3.8189,3.78682,3.77484,0.340228,1.64878,-8.17407,0.253052,-0.604862,0.0676103,-33.085,0,293.25,284.25,0.000169842,5.24769,3.4487e-05,7.6512e-06,0.817598,4.46896e-06,1.43147e-05,-0.0432288,0.0705587,8.4476,0.00490912,0.00489025,1.84275e-05,8.9411487164947e-06
"159",39707.5,4.91949,3.68257,3.82023,3.78818,3.77623,0.340357,1.64942,-8.17343,0.253784,-0.6042,0.0677285,-33.0838,0,293.249,284.249,0.000169906,5.25252,3.45198e-05,7.63435e-06,0.81665,4.46972e-06,1.43207e-05,-0.0431099,0.0706133,8.44772,0.00491753,0.00489859,1.84466e-05,8.93977507650351e-06
"160",39960.3,4.91899,3.6838,3.82155,3.78953,3.77761,0.340486,1.65005,-8.1728,0.254532,-0.603534,0.0678462,-33.0827,0,293.248,284.248,0.00016997,5.25721,3.45526e-05,7.61754e-06,0.815742,4.47044e-06,1.43267e-05,-0.0429917,0.0706663,8.44781,0.00492579,0.00490693,1.84656e-05,8.93840606538253e-06
"161",40213,4.91858,3.68502,3.82286,3.79087,3.77898,0.340614,1.65068,-8.1721,0.25527,-0.602864,0.0679639,-33.0817,0,293.247,284.247,0.000170035,5.26175,3.45852e-05,7.60085e-06,0.814921,4.47113e-06,1.43325e-05,-0.0428811,0.0707177,8.44789,0.00493422,0.0049153,1.84846e-05,8.93703587242805e-06
"162",40465.1,4.91824,3.68625,3.82415,3.79219,3.78032,0.340742,1.6513,-8.17141,0.255969,-0.602193,0.0680805,-33.0807,0,293.247,284.247,0.000170098,5.26614,3.46175e-05,7.58434e-06,0.814208,4.4718e-06,1.43382e-05,-0.0427827,0.0707674,8.44796,0.00494259,0.00492361,1.85035e-05,8.93567731718745e-06
"163",40715.2,4.91803,3.68744,3.82543,3.79349,3.78165,0.340869,1.65192,-8.17071,0.256714,-0.601524,0.0681961,-33.0798,0,293.246,284.246,0.000170162,5.27036,3.46495e-05,7.56811e-06,0.81347,4.47242e-06,1.43438e-05,-0.0426763,0.0708152,8.448,0.00495089,0.0049319,1.85221e-05,8.934329263469e-06
"164",40965.4,4.91791,3.68861,3.8267,3.79478,3.78296,0.340995,1.65254,-8.16997,0.257477,-0.600851,0.0683117,-33.079,0,293.246,284.246,0.000170225,5.27445,3.46812e-05,7.55205e-06,0.812755,4.47301e-06,1.43492e-05,-0.0425693,0.0708615,8.44802,0.0049592,0.00494022,1.85408e-05,8.93298006236445e-06
"165",41217.9,4.91785,3.68982,3.82797,3.79607,3.78427,0.341123,1.65317,-8.16921,0.258188,-0.600169,0.0684276,-33.0782,0,293.246,284.246,0.000170289,5.27844,3.4713e-05,7.53606e-06,0.812171,4.47359e-06,1.43546e-05,-0.0424783,0.0709067,8.44803,0.00496761,0.00494857,1.85596e-05,8.93162620556024e-06
"166",41468.3,4.9179,3.69098,3.82921,3.79733,3.78556,0.341249,1.65379,-8.16845,0.258942,-0.59949,0.0685424,-33.0775,0,293.246,284.246,0.000170352,5.28226,3.47443e-05,7.52042e-06,0.811555,4.47413e-06,1.43599e-05,-0.0423794,0.0709502,8.44802,0.00497595,0.00495689,1.85781e-05,8.93028405629711e-06
"167",41718.7,4.91804,3.69214,3.83046,3.79859,3.78683,0.341375,1.65441,-8.16768,0.259713,-0.598807,0.068657,-33.0768,0,293.246,284.246,0.000170415,5.28597,3.47753e-05,7.505e-06,0.810973,4.47463e-06,1.43651e-05,-0.0422812,0.0709922,8.448,0.00498423,0.00496524,1.85967e-05,8.92894310944165e-06
"168",41969,4.91824,3.69329,3.83169,3.79984,3.7881,0.341501,1.65502,-8.16684,0.260471,-0.598122,0.0687718,-33.0761,0,293.247,284.247,0.000170477,5.28954,3.4806e-05,7.48985e-06,0.810459,4.47512e-06,1.43702e-05,-0.0421898,0.0710329,8.44796,0.00499267,0.0049736,1.86152e-05,8.92759868213582e-06
"169",42219.4,4.91853,3.69444,3.83291,3.80107,3.78935,0.341627,1.65564,-8.16603,0.261233,-0.597435,0.0688858,-33.0755,0,293.247,284.247,0.00017054,5.29301,3.48365e-05,7.47494e-06,0.809971,4.47558e-06,1.43752e-05,-0.0420995,0.0710722,8.4479,0.00500097,0.00498195,1.86337e-05,8.9262624919451e-06
"170",42469.8,4.91888,3.69558,3.83413,3.8023,3.79059,0.341752,1.65625,-8.16516,0.261997,-0.596744,0.0690001,-33.075,0,293.248,284.248,0.000170603,5.29635,3.48667e-05,7.46031e-06,0.809529,4.47602e-06,1.43801e-05,-0.0420126,0.0711103,8.44784,0.00500944,0.00499034,1.86522e-05,8.9249216508478e-06
"171",42720.3,4.91932,3.69672,3.83534,3.80351,3.79182,0.341878,1.65686,-8.16432,0.26276,-0.59605,0.0691135,-33.0745,0,293.249,284.249,0.000170665,5.29959,3.48966e-05,7.44594e-06,0.809108,4.47643e-06,1.43849e-05,-0.0419269,0.0711471,8.44775,0.00501777,0.0049987,1.86705e-05,8.9235902424553e-06
"172",42970.3,4.91978,3.69785,3.83654,3.80472,3.79304,0.342003,1.65748,-8.16343,0.263505,-0.595355,0.0692272,-33.074,0,293.249,284.249,0.000170728,5.30271,3.49261e-05,7.4319e-06,0.808799,4.47682e-06,1.43897e-05,-0.0418531,0.0711826,8.44766,0.0050262,0.00500709,1.86889e-05,8.92225418433445e-06
"173",43221.1,4.92036,3.69898,3.83773,3.80591,3.79425,0.342128,1.65809,-8.16251,0.264278,-0.594656,0.0693408,-33.0736,0,293.25,284.25,0.00017079,5.30573,3.49555e-05,7.41809e-06,0.808439,4.47719e-06,1.43944e-05,-0.0417709,0.0712171,8.44755,0.00503471,0.00501552,1.87073e-05,8.92091817141829e-06
"174",43471.6,4.921,3.70009,3.83892,3.8071,3.79545,0.342253,1.6587,-8.16162,0.265042,-0.593955,0.0694538,-33.0733,0,293.252,284.252,0.000170853,5.30865,3.49844e-05,7.40459e-06,0.808138,4.47753e-06,1.4399e-05,-0.0416945,0.0712504,8.44742,0.00504308,0.00502392,1.87256e-05,8.91958809209941e-06
"175",43722.2,4.9217,3.7012,3.8401,3.80828,3.79665,0.342378,1.65931,-8.16069,0.265816,-0.59325,0.0695669,-33.073,0,293.253,284.253,0.000170915,5.31148,3.50131e-05,7.39139e-06,0.807865,4.47785e-06,1.44035e-05,-0.0416193,0.0712826,8.44729,0.00505155,0.00503235,1.8744e-05,8.9182557120262e-06
"176",43973.2,4.92247,3.70231,3.84127,3.80946,3.79783,0.342503,1.65992,-8.15974,0.266615,-0.592543,0.0696804,-33.0727,0,293.254,284.254,0.000170978,5.31421,3.50415e-05,7.37846e-06,0.807601,4.47815e-06,1.4408e-05,-0.0415422,0.0713137,8.44714,0.00506002,0.00504084,1.87623e-05,8.91691748718152e-06
"177",44223.6,4.92329,3.70341,3.84244,3.81062,3.799,0.342628,1.66053,-8.15878,0.267383,-0.591834,0.0697931,-33.0724,0,293.256,284.256,0.00017104,5.31684,3.50695e-05,7.36587e-06,0.807401,4.47844e-06,1.44124e-05,-0.0414733,0.0713438,8.44698,0.00506852,0.00504928,1.87806e-05,8.91558756979861e-06
"178",44474.8,4.92418,3.7045,3.8436,3.81178,3.80017,0.342753,1.66114,-8.1578,0.268188,-0.591122,0.0699063,-33.0722,0,293.257,284.257,0.000171102,5.31939,3.50973e-05,7.35354e-06,0.807188,4.4787e-06,1.44167e-05,-0.0413992,0.0713729,8.44681,0.00507702,0.0050578,1.87989e-05,8.91425062131661e-06
"179",44725.3,4.92512,3.70559,3.84476,3.81293,3.80133,0.342877,1.66175,-8.15682,0.268957,-0.590409,0.0700186,-33.072,0,293.259,284.259,0.000171164,5.32184,3.51247e-05,7.34155e-06,0.80704,4.47894e-06,1.4421e-05,-0.041334,0.0714009,8.44662,0.00508555,0.00506626,1.88172e-05,8.91292318004792e-06
"180",44976.5,4.92614,3.70667,3.84591,3.81407,3.80248,0.343001,1.66236,-8.15582,0.269762,-0.589692,0.0701314,-33.0719,0,293.261,284.261,0.000171226,5.32422,3.51519e-05,7.32983e-06,0.806878,4.47916e-06,1.44252e-05,-0.0412637,0.0714281,8.44643,0.00509408,0.00507479,1.88354e-05,8.91158870091672e-06
"181",45227.8,4.92721,3.70775,3.84706,3.81521,3.80363,0.343126,1.66297,-8.15479,0.270584,-0.588972,0.0702443,-33.0718,0,293.262,284.262,0.000171288,5.32652,3.51787e-05,7.3184e-06,0.80672,4.47936e-06,1.44293e-05,-0.0411917,0.0714544,8.44622,0.00510263,0.00508335,1.88537e-05,8.91025190471418e-06
"182",45478.4,4.92831,3.70883,3.84819,3.81633,3.80476,0.34325,1.66357,-8.15378,0.271349,-0.588252,0.0703563,-33.0717,0,293.264,284.264,0.00017135,5.32874,3.52052e-05,7.30732e-06,0.806667,4.47956e-06,1.44334e-05,-0.0411343,0.0714797,8.44601,0.0051112,0.00509185,1.88719e-05,8.90892464162021e-06
"183",45729.7,4.92949,3.70989,3.84933,3.81746,3.80589,0.343374,1.66418,-8.15275,0.272172,-0.587528,0.0704686,-33.0717,0,293.266,284.266,0.000171412,5.33089,3.52314e-05,7.29649e-06,0.80655,4.47972e-06,1.44374e-05,-0.041065,0.0715043,8.44578,0.0051197,0.00510041,1.88901e-05,8.9075926976009e-06
"184",45980.4,4.93068,3.71096,3.85046,3.81857,3.80701,0.343498,1.66478,-8.1517,0.272959,-0.586804,0.070581,-33.0716,0,293.269,284.269,0.000171474,5.33295,3.52572e-05,7.286e-06,0.806556,4.47989e-06,1.44414e-05,-0.0410106,0.0715279,8.44555,0.00512829,0.00510898,1.89083e-05,8.90625843636271e-06
"185",46231.5,4.93194,3.71202,3.85158,3.81968,3.80812,0.343622,1.66539,-8.15061,0.27377,-0.586076,0.0706935,-33.0717,0,293.271,284.271,0.000171536,5.33495,3.52828e-05,7.27578e-06,0.806518,4.48003e-06,1.44453e-05,-0.0409491,0.0715508,8.4453,0.00513698,0.00511758,1.89266e-05,8.9049218524773e-06
"186",46482.4,4.93323,3.71308,3.8527,3.82078,3.80923,0.343746,1.66599,-8.14955,0.274575,-0.585348,0.0708056,-33.0717,0,293.273,284.273,0.000171598,5.33689,3.53081e-05,7.26586e-06,0.806534,4.48016e-06,1.44492e-05,-0.0408931,0.071573,8.44505,0.00514552,0.00512617,1.89448e-05,8.90358888845227e-06
"187",46733.6,4.93459,3.71413,3.85382,3.82188,3.81033,0.34387,1.6666,-8.14845,0.275389,-0.584616,0.0709179,-33.0718,0,293.275,284.275,0.00017166,5.33876,3.53331e-05,7.2562e-06,0.806534,4.48027e-06,1.4453e-05,-0.0408339,0.0715944,8.44479,0.00515423,0.00513479,1.8963e-05,8.90225241039716e-06
"188",46984.5,4.93598,3.71518,3.85493,3.82297,3.81143,0.343994,1.6672,-8.14737,0.276194,-0.583884,0.0710298,-33.0719,0,293.278,284.278,0.000171722,5.34056,3.53577e-05,7.24683e-06,0.806582,4.48036e-06,1.44568e-05,-0.0407799,0.0716151,8.44452,0.00516281,0.0051434,1.89812e-05,8.90091955951532e-06
"189",47235.4,4.9374,3.71622,3.85603,3.82406,3.81252,0.344117,1.66781,-8.14626,0.277009,-0.583149,0.071142,-33.072,0,293.28,284.28,0.000171783,5.3423,3.53821e-05,7.23775e-06,0.806655,4.48045e-06,1.44605e-05,-0.0407271,0.071635,8.44425,0.00517147,0.00515205,1.89994e-05,8.89958199714387e-06
"190",47486.6,4.93888,3.71726,3.85713,3.82514,3.8136,0.344241,1.66841,-8.14515,0.277821,-0.582412,0.071254,-33.0722,0,293.283,284.283,0.000171845,5.34399,3.54063e-05,7.22891e-06,0.806717,4.48052e-06,1.44642e-05,-0.0406729,0.0716544,8.44396,0.00518015,0.0051607,1.90176e-05,8.89824567995529e-06
"191",47737.5,4.94039,3.7183,3.85823,3.82622,3.81468,0.344364,1.66901,-8.14403,0.27863,-0.581674,0.0713658,-33.0723,0,293.286,284.286,0.000171907,5.34562,3.54301e-05,7.22035e-06,0.806819,4.48058e-06,1.44678e-05,-0.0406224,0.0716731,8.44367,0.00518885,0.00516935,1.90357e-05,8.89691061162461e-06
"192",47988.8,4.94195,3.71933,3.85933,3.82729,3.81575,0.344488,1.66962,-8.14291,0.279463,-0.580934,0.0714779,-33.0725,0,293.288,284.288,0.000171968,5.3472,3.54537e-05,7.21203e-06,0.806913,4.48062e-06,1.44714e-05,-0.0405688,0.0716912,8.44337,0.00519756,0.00517805,1.90539e-05,8.89557081739942e-06
"193",48240.1,4.94354,3.72036,3.86042,3.82836,3.81682,0.344611,1.67022,-8.14175,0.280311,-0.580191,0.0715904,-33.0727,0,293.291,284.291,0.00017203,5.34873,3.54771e-05,7.20395e-06,0.807011,4.48065e-06,1.44749e-05,-0.0405138,0.0717088,8.44306,0.00520628,0.00518679,1.90722e-05,8.89422508890924e-06
"194",48490.9,4.94514,3.72139,3.8615,3.82942,3.81788,0.344734,1.67082,-8.14061,0.281112,-0.579449,0.0717022,-33.073,0,293.294,284.294,0.000172091,5.35021,3.55001e-05,7.19616e-06,0.807194,4.48068e-06,1.44785e-05,-0.0404708,0.0717257,8.44275,0.00521502,0.00519547,1.90903e-05,8.89288658654054e-06
"195",48742.3,4.94682,3.72241,3.86259,3.83048,3.81894,0.344858,1.67142,-8.13944,0.281969,-0.578703,0.0718147,-33.0732,0,293.297,284.297,0.000172153,5.35164,3.5523e-05,7.18857e-06,0.807307,4.48069e-06,1.44819e-05,-0.0404157,0.0717421,8.44243,0.00522377,0.00520424,1.91086e-05,8.89153854660118e-06
"196",48992.9,4.94848,3.72344,3.86366,3.83153,3.81999,0.344981,1.67202,-8.13829,0.282764,-0.577957,0.0719262,-33.0735,0,293.3,284.3,0.000172214,5.35302,3.55456e-05,7.18125e-06,0.807528,4.4807e-06,1.44854e-05,-0.0403761,0.0717579,8.44211,0.00523254,0.00521294,1.91268e-05,8.89020134163378e-06
"197",49244.3,4.95022,3.72445,3.86474,3.83258,3.82105,0.345104,1.67262,-8.13713,0.283621,-0.577208,0.0720385,-33.0738,0,293.303,284.303,0.000172276,5.35436,3.5568e-05,7.17411e-06,0.807676,4.48068e-06,1.44888e-05,-0.0403238,0.0717733,8.44177,0.00524124,0.00522172,1.9145e-05,8.88885338507822e-06
"198",49495.3,4.95195,3.72547,3.86582,3.83363,3.82209,0.345227,1.67322,-8.13592,0.284454,-0.576458,0.0721509,-33.0741,0,293.306,284.306,0.000172337,5.35565,3.55901e-05,7.16722e-06,0.807879,4.48067e-06,1.44921e-05,-0.0402785,0.0717882,8.44144,0.00525012,0.00523051,1.91633e-05,8.88750306271873e-06
"199",49746.3,4.95374,3.72648,3.86689,3.83467,3.82313,0.34535,1.67382,-8.13476,0.285284,-0.575707,0.0722626,-33.0744,0,293.309,284.309,0.000172399,5.35691,3.5612e-05,7.16053e-06,0.80808,4.48064e-06,1.44955e-05,-0.0402327,0.0718027,8.44109,0.00525885,0.00523927,1.91814e-05,8.88615999221171e-06
"200",49996.9,4.95551,3.7275,3.86795,3.83571,3.82417,0.345472,1.67442,-8.13356,0.286092,-0.574956,0.0723747,-33.0748,0,293.312,284.312,0.00017246,5.35812,3.56337e-05,7.15408e-06,0.808368,4.48061e-06,1.44988e-05,-0.0401974,0.0718166,8.44075,0.00526768,0.00524805,1.91997e-05,8.88481094941705e-06
"201",50247.7,4.95732,3.72851,3.86902,3.83674,3.8252,0.345595,1.67502,-8.13236,0.28693,-0.574202,0.0724871,-33.0751,0,293.315,284.315,0.000172521,5.3593,3.56551e-05,7.14782e-06,0.808627,4.48057e-06,1.45021e-05,-0.0401563,0.0718301,8.4404,0.00527652,0.00525688,1.92179e-05,8.88345712432661e-06
"202",50498.7,4.95918,3.72951,3.87008,3.83778,3.82623,0.345718,1.67562,-8.13115,0.287769,-0.573447,0.0725993,-33.0755,0,293.318,284.318,0.000172582,5.36045,3.56764e-05,7.14173e-06,0.808875,4.48052e-06,1.45053e-05,-0.0401136,0.0718433,8.44005,0.00528537,0.00526571,1.92362e-05,8.88210453519187e-06
"203",50749.4,4.96104,3.73052,3.87114,3.8388,3.82725,0.345841,1.67622,-8.12993,0.288608,-0.572691,0.0727118,-33.0759,0,293.322,284.322,0.000172644,5.36155,3.56975e-05,7.13585e-06,0.80916,4.48046e-06,1.45086e-05,-0.0400743,0.071856,8.43969,0.00529424,0.00527456,1.92545e-05,8.88074715030485e-06
"204",51000.4,4.96294,3.73152,3.87219,3.83983,3.82828,0.345963,1.67682,-8.12872,0.289447,-0.571932,0.0728241,-33.0763,0,293.325,284.325,0.000172705,5.36263,3.57184e-05,7.13013e-06,0.809427,4.4804e-06,1.45118e-05,-0.0400328,0.0718684,8.43932,0.00530313,0.00528342,1.92728e-05,8.87939099835243e-06
"205",51251.1,4.96486,3.73252,3.87325,3.84085,3.8293,0.346086,1.67741,-8.1275,0.290284,-0.571174,0.0729364,-33.0767,0,293.328,284.328,0.000172766,5.36367,3.57391e-05,7.12461e-06,0.809727,4.48032e-06,1.45149e-05,-0.0399944,0.0718804,8.43896,0.00531203,0.00529229,1.92911e-05,8.87803366468571e-06
"206",51502.2,4.96681,3.73351,3.8743,3.84187,3.83031,0.346208,1.67801,-8.12626,0.291146,-0.570412,0.0730493,-33.0771,0,293.332,284.332,0.000172827,5.36469,3.57597e-05,7.11923e-06,0.810009,4.48024e-06,1.45181e-05,-0.0399521,0.0718921,8.43858,0.00532095,0.00530121,1.93094e-05,8.87666788520894e-06
"207",51752.6,4.96876,3.73451,3.87535,3.84289,3.83133,0.346331,1.67861,-8.12503,0.291966,-0.569652,0.0731615,-33.0776,0,293.335,284.335,0.000172888,5.36567,3.578e-05,7.11404e-06,0.810342,4.48016e-06,1.45212e-05,-0.0399179,0.0719033,8.43821,0.00532988,0.00531008,1.93277e-05,8.8753093853368e-06
"208",52003.7,4.97076,3.7355,3.8764,3.8439,3.83234,0.346453,1.67921,-8.12381,0.292821,-0.568888,0.0732741,-33.0781,0,293.339,284.339,0.00017295,5.36663,3.58002e-05,7.10898e-06,0.810639,4.48006e-06,1.45243e-05,-0.0398767,0.0719144,8.43782,0.00533882,0.00531901,1.9346e-05,8.8739448485992e-06
"209",52254.7,4.97278,3.73649,3.87745,3.84492,3.83335,0.346576,1.6798,-8.12258,0.293692,-0.568123,0.073387,-33.0785,0,293.342,284.342,0.000173011,5.36756,3.58203e-05,7.10407e-06,0.810938,4.47996e-06,1.45274e-05,-0.0398343,0.0719251,8.43744,0.0053477,0.00532796,1.93644e-05,8.8725754730569e-06
"210",52505.4,4.97479,3.73748,3.87849,3.84593,3.83435,0.346698,1.6804,-8.1213,0.294546,-0.567358,0.0735002,-33.079,0,293.346,284.346,0.000173072,5.36846,3.58402e-05,7.09933e-06,0.81128,4.47985e-06,1.45304e-05,-0.0397974,0.0719355,8.43705,0.00535676,0.00533694,1.93828e-05,8.87120124643827e-06
"211",52756.1,4.97683,3.73846,3.87953,3.84693,3.83535,0.34682,1.681,-8.12007,0.295401,-0.566591,0.0736129,-33.0795,0,293.349,284.349,0.000173133,5.36934,3.586e-05,7.09472e-06,0.811618,4.47974e-06,1.45335e-05,-0.0397597,0.0719456,8.43666,0.00536567,0.00534589,1.94012e-05,8.86983188113905e-06
"212",53006.7,4.97888,3.73945,3.88057,3.84794,3.83635,0.346943,1.68159,-8.11878,0.296255,-0.565824,0.0737262,-33.08,0,293.353,284.353,0.000173194,5.37019,3.58796e-05,7.09026e-06,0.811976,4.47963e-06,1.45365e-05,-0.0397239,0.0719554,8.43627,0.00537476,0.0053549,1.94197e-05,8.86845400726963e-06
"213",53257.3,4.98096,3.74043,3.88161,3.84894,3.83735,0.347065,1.68219,-8.11755,0.297107,-0.565055,0.073839,-33.0805,0,293.356,284.356,0.000173255,5.37103,3.58991e-05,7.08591e-06,0.812328,4.4795e-06,1.45395e-05,-0.0396873,0.071965,8.43587,0.0053837,0.00536387,1.9438e-05,8.86708099794785e-06
"214",53507.4,4.983,3.74143,3.88264,3.84994,3.83834,0.347187,1.68278,-8.11628,0.297933,-0.564287,0.0739521,-33.081,0,293.36,284.36,0.000173316,5.37183,3.59183e-05,7.08173e-06,0.812774,4.47939e-06,1.45425e-05,-0.0396624,0.0719743,8.43548,0.00539273,0.00537286,1.94565e-05,8.86570311604979e-06
"215",53758.1,4.98511,3.74241,3.88368,3.85094,3.83933,0.347309,1.68338,-8.11499,0.29879,-0.563516,0.0740656,-33.0815,0,293.364,284.364,0.000173377,5.37262,3.59376e-05,7.07763e-06,0.813138,4.47926e-06,1.45454e-05,-0.039626,0.0719834,8.43507,0.00540187,0.0053819,1.9475e-05,8.8643191292023e-06
"216",54008.4,4.98722,3.74339,3.88471,3.85193,3.84032,0.347431,1.68397,-8.11374,0.299633,-0.562744,0.0741786,-33.082,0,293.367,284.367,0.000173438,5.37339,3.59567e-05,7.07365e-06,0.813538,4.47912e-06,1.45484e-05,-0.0395944,0.0719922,8.43467,0.00541085,0.00539092,1.94934e-05,8.86294001064565e-06
"217",54258.7,4.98934,3.74437,3.88574,3.85292,3.84131,0.347553,1.68457,-8.11247,0.300487,-0.561972,0.0742921,-33.0826,0,293.371,284.371,0.000173498,5.37414,3.59756e-05,7.06979e-06,0.813944,4.47898e-06,1.45513e-05,-0.0395623,0.0720008,8.43426,0.00541993,0.00539997,1.95119e-05,8.86155355303446e-06
"218",54509.3,4.99148,3.74534,3.88677,3.85392,3.8423,0.347675,1.68516,-8.11119,0.301363,-0.561197,0.0744061,-33.0831,0,293.375,284.375,0.000173559,5.37487,3.59945e-05,7.06603e-06,0.814332,4.47884e-06,1.45542e-05,-0.0395263,0.0720093,8.43385,0.00542903,0.00540907,1.95305e-05,8.86015973719295e-06
"219",54759.3,4.99362,3.74632,3.8878,3.85491,3.84328,0.347797,1.68576,-8.10991,0.302204,-0.560423,0.0745195,-33.0836,0,293.378,284.378,0.00017362,5.37558,3.60132e-05,7.06238e-06,0.814768,4.4787e-06,1.45572e-05,-0.0394979,0.0720175,8.43345,0.00543814,0.00541813,1.9549e-05,8.85877201107289e-06
"220",55009.9,4.99579,3.74729,3.88882,3.8559,3.84427,0.347919,1.68635,-8.10861,0.303084,-0.559646,0.0746338,-33.0842,0,293.382,284.382,0.000173681,5.37628,3.60319e-05,7.05881e-06,0.815164,4.47854e-06,1.456e-05,-0.039462,0.0720255,8.43303,0.00544727,0.00542727,1.95676e-05,8.85737201072011e-06
"221",55263.2,4.99799,3.74828,3.88986,3.85689,3.84526,0.348042,1.68695,-8.10732,0.303942,-0.55886,0.0747489,-33.0848,0,293.386,284.386,0.000173743,5.37697,3.60507e-05,7.05531e-06,0.815601,4.47839e-06,1.45629e-05,-0.0394317,0.0720334,8.43261,0.00545651,0.00543648,1.95864e-05,8.85596092986108e-06
"222",55513.3,5.00017,3.74926,3.89088,3.85788,3.84624,0.348164,1.68754,-8.10603,0.304799,-0.558083,0.0748629,-33.0853,0,293.39,284.39,0.000173803,5.37763,3.60691e-05,7.05194e-06,0.81604,4.47823e-06,1.45658e-05,-0.0394016,0.0720411,8.43219,0.00546567,0.0054456,1.9605e-05,8.85456206387188e-06
"223",55763.7,5.00238,3.75022,3.89191,3.85886,3.84721,0.348286,1.68814,-8.10473,0.305681,-0.557303,0.0749775,-33.0859,0,293.394,284.394,0.000173864,5.37828,3.60875e-05,7.04864e-06,0.816455,4.47807e-06,1.45686e-05,-0.0393669,0.0720486,8.43177,0.00547484,0.00545478,1.96237e-05,8.85315455792973e-06
"224",56016.9,5.00461,3.75121,3.89294,3.85986,3.8482,0.348409,1.68874,-8.10342,0.30654,-0.556514,0.075093,-33.0865,0,293.397,284.397,0.000173926,5.37892,3.6106e-05,7.0454e-06,0.816909,4.47791e-06,1.45715e-05,-0.0393377,0.072056,8.43135,0.00548413,0.00546404,1.96425e-05,8.85173469933681e-06
"225",56270.1,5.00686,3.75219,3.89397,3.86085,3.84919,0.348532,1.68934,-8.10211,0.307414,-0.555723,0.0752088,-33.0871,0,293.401,284.401,0.000173987,5.37955,3.61244e-05,7.04223e-06,0.817357,4.47774e-06,1.45744e-05,-0.0393066,0.0720632,8.43092,0.00549343,0.00547333,1.96614e-05,8.85030984068725e-06
"226",56523.3,5.00912,3.75317,3.89501,3.86184,3.85017,0.348655,1.68994,-8.1008,0.308293,-0.554932,0.0753248,-33.0877,0,293.405,284.405,0.000174049,5.38017,3.61428e-05,7.03914e-06,0.817811,4.47756e-06,1.45772e-05,-0.0392753,0.0720703,8.43049,0.00550275,0.00548264,1.96804e-05,8.84888120087968e-06
"227",56776.5,5.01137,3.75415,3.89604,3.86283,3.85115,0.348778,1.69054,-8.09948,0.309176,-0.554139,0.0754411,-33.0883,0,293.409,284.409,0.00017411,5.38077,3.6161e-05,7.03613e-06,0.81828,4.47739e-06,1.45801e-05,-0.0392454,0.0720773,8.43006,0.00551209,0.00549197,1.96994e-05,8.84744753670668e-06
"228",57026.5,5.01362,3.75511,3.89705,3.86381,3.85212,0.3489,1.69113,-8.09816,0.31005,-0.553356,0.0755562,-33.0889,0,293.413,284.413,0.000174171,5.38135,3.6179e-05,7.03322e-06,0.818728,4.47721e-06,1.45828e-05,-0.0392137,0.072084,8.42963,0.00552142,0.00550122,1.97182e-05,8.84602735145816e-06
"229",57279.8,5.01593,3.75608,3.89808,3.8648,3.85311,0.349023,1.69173,-8.09686,0.310952,-0.552561,0.0756726,-33.0895,0,293.417,284.417,0.000174232,5.38193,3.61972e-05,7.03033e-06,0.81916,4.47703e-06,1.45856e-05,-0.0391778,0.0720907,8.4292,0.0055307,0.00551058,1.97372e-05,8.84458979356181e-06
"230",57532.8,5.01821,3.75706,3.89911,3.86578,3.85408,0.349146,1.69233,-8.0955,0.311837,-0.551766,0.0757895,-33.0901,0,293.421,284.421,0.000174294,5.3825,3.62152e-05,7.02752e-06,0.819639,4.47685e-06,1.45885e-05,-0.0391482,0.0720972,8.42876,0.00554017,0.00551998,1.97563e-05,8.84314470899173e-06
"231",57785.1,5.02047,3.75805,3.90013,3.86677,3.85506,0.349269,1.69293,-8.09418,0.312671,-0.550972,0.0759057,-33.0907,0,293.425,284.425,0.000174355,5.38305,3.62331e-05,7.0248e-06,0.820192,4.47667e-06,1.45913e-05,-0.0391302,0.0721036,8.42833,0.00554957,0.00552931,1.97753e-05,8.84170693212888e-06
"232",58035.1,5.02276,3.75901,3.90115,3.86774,3.85602,0.34939,1.69352,-8.09288,0.313557,-0.550184,0.0760212,-33.0913,0,293.429,284.429,0.000174416,5.38359,3.62508e-05,7.02213e-06,0.82065,4.47648e-06,1.4594e-05,-0.0390981,0.0721098,8.4279,0.00555888,0.00553862,1.97941e-05,8.84027648410841e-06
"233",58285.1,5.02506,3.75996,3.90216,3.86871,3.85699,0.349512,1.69411,-8.09155,0.314459,-0.549395,0.0761373,-33.0919,0,293.433,284.433,0.000174476,5.38412,3.62685e-05,7.01952e-06,0.821087,4.47629e-06,1.45967e-05,-0.0390623,0.0721159,8.42746,0.00556821,0.00554796,1.98131e-05,8.83883726325399e-06
"234",58537.3,5.02734,3.76094,3.90318,3.86969,3.85796,0.349634,1.69471,-8.09022,0.315296,-0.548599,0.0762539,-33.0925,0,293.437,284.437,0.000174537,5.38464,3.62862e-05,7.01697e-06,0.821648,4.47611e-06,1.45995e-05,-0.0390444,0.072122,8.42703,0.00557766,0.00555734,1.98322e-05,8.83739048691813e-06
"235",58790.1,5.02967,3.76191,3.9042,3.87067,3.85893,0.349757,1.69531,-8.08889,0.316181,-0.547799,0.0763711,-33.0932,0,293.441,284.441,0.000174599,5.38516,3.6304e-05,7.01443e-06,0.82214,4.47592e-06,1.46023e-05,-0.0390153,0.0721279,8.42659,0.00558712,0.00556679,1.98513e-05,8.83593489181386e-06
"236",59042.9,5.032,3.76288,3.90522,3.87165,3.85991,0.34988,1.69591,-8.08756,0.317071,-0.546999,0.0764886,-33.0938,0,293.445,284.445,0.00017466,5.38567,3.63217e-05,7.01195e-06,0.822639,4.47572e-06,1.4605e-05,-0.0389863,0.0721338,8.42615,0.0055966,0.00557627,1.98706e-05,8.83447418473756e-06
"237",59295.5,5.03433,3.76386,3.90624,3.87263,3.86088,0.350003,1.69651,-8.08621,0.317966,-0.546197,0.0766065,-33.0944,0,293.449,284.449,0.000174721,5.38617,3.63393e-05,7.00952e-06,0.823148,4.47553e-06,1.46078e-05,-0.038958,0.0721395,8.4257,0.00560609,0.00558577,1.98898e-05,8.83300710680689e-06
"238",59548.4,5.03668,3.76482,3.90726,3.87361,3.86185,0.350125,1.69711,-8.08486,0.318862,-0.545395,0.0767245,-33.0951,0,293.453,284.453,0.000174783,5.38666,3.63569e-05,7.00713e-06,0.823633,4.47533e-06,1.46105e-05,-0.0389269,0.0721452,8.42526,0.00561569,0.00559529,1.99091e-05,8.8315373787901e-06
"239",59801.1,5.03906,3.76578,3.90828,3.87459,3.86282,0.350248,1.6977,-8.08354,0.319774,-0.544591,0.0768424,-33.0957,0,293.457,284.457,0.000174844,5.38714,3.63745e-05,7.00476e-06,0.824105,4.47512e-06,1.46132e-05,-0.038893,0.0721508,8.42481,0.00562513,0.00560481,1.99284e-05,8.83006748838551e-06
"240",60053.6,5.0414,3.76675,3.9093,3.87556,3.86378,0.350371,1.6983,-8.08217,0.320666,-0.543788,0.0769609,-33.0963,0,293.461,284.461,0.000174905,5.38762,3.63919e-05,7.00247e-06,0.824623,4.47492e-06,1.4616e-05,-0.0388654,0.0721563,8.42437,0.00563476,0.00561437,1.99478e-05,8.8285886961291e-06
"241",60305.4,5.04372,3.76773,3.91032,3.87653,3.86475,0.350493,1.6989,-8.08083,0.321508,-0.542986,0.0770786,-33.097,0,293.465,284.465,0.000174966,5.38808,3.64093e-05,7.00023e-06,0.825217,4.47473e-06,1.46187e-05,-0.0388497,0.0721616,8.42393,0.00564432,0.00562386,1.99671e-05,8.82711847318442e-06
"242",60557.8,5.04609,3.7687,3.91133,3.87751,3.86571,0.350616,1.69949,-8.07949,0.322403,-0.54218,0.077197,-33.0976,0,293.469,284.469,0.000175027,5.38854,3.64267e-05,6.998e-06,0.825735,4.47452e-06,1.46214e-05,-0.0388216,0.072167,8.42348,0.00565389,0.00563343,1.99864e-05,8.825638081014e-06
"243",60810.2,5.04845,3.76966,3.91235,3.87848,3.86668,0.350738,1.70009,-8.07813,0.323302,-0.541374,0.0773158,-33.0983,0,293.473,284.473,0.000175088,5.389,3.64441e-05,6.99581e-06,0.826262,4.47432e-06,1.46241e-05,-0.0387941,0.0721722,8.42303,0.00566348,0.00564303,2.00059e-05,8.82415124723213e-06
"244",61062.7,5.05084,3.77062,3.91337,3.87945,3.86764,0.350861,1.70069,-8.07677,0.324201,-0.540567,0.0774347,-33.0989,0,293.477,284.477,0.00017515,5.38944,3.64614e-05,6.99365e-06,0.826762,4.47411e-06,1.46268e-05,-0.0387635,0.0721774,8.42258,0.00567318,0.00565265,2.00253e-05,8.82266171385943e-06
"245",61315.2,5.05325,3.77158,3.91438,3.88043,3.86861,0.350983,1.70129,-8.07545,0.325114,-0.539759,0.0775534,-33.0996,0,293.481,284.481,0.000175211,5.38989,3.64788e-05,6.99149e-06,0.827237,4.47389e-06,1.46295e-05,-0.0387292,0.0721825,8.42213,0.00568272,0.00566226,2.00448e-05,8.82117323748736e-06
"246",61567.3,5.05562,3.77255,3.9154,3.8814,3.86957,0.351106,1.70188,-8.0741,0.326001,-0.53895,0.0776724,-33.1002,0,293.485,284.485,0.000175272,5.39032,3.6496e-05,6.9894e-06,0.827783,4.47368e-06,1.46321e-05,-0.0387042,0.0721875,8.42168,0.00569236,0.00567188,2.00643e-05,8.8196795428304e-06
"247",61819.3,5.058,3.77351,3.91641,3.88237,3.87053,0.351228,1.70248,-8.07275,0.326895,-0.538142,0.0777917,-33.1009,0,293.489,284.489,0.000175333,5.39075,3.65132e-05,6.98734e-06,0.828335,4.47348e-06,1.46348e-05,-0.0386793,0.0721925,8.42123,0.00570201,0.00568153,2.00838e-05,8.81818061527933e-06
"248",62071.4,5.06038,3.77447,3.91742,3.88334,3.87149,0.35135,1.70308,-8.07136,0.327796,-0.537332,0.0779116,-33.1015,0,293.493,284.493,0.000175394,5.39118,3.65304e-05,6.98531e-06,0.828876,4.47327e-06,1.46375e-05,-0.0386526,0.0721974,8.42079,0.00571177,0.00569122,2.01034e-05,8.81667266525014e-06
"249",62322.8,5.06274,3.77545,3.91843,3.8843,3.87245,0.351472,1.70367,-8.07001,0.328655,-0.536523,0.0780307,-33.1022,0,293.497,284.497,0.000175455,5.39159,3.65475e-05,6.98333e-06,0.829483,4.47307e-06,1.46402e-05,-0.0386361,0.0722022,8.42034,0.00572146,0.00570086,2.0123e-05,8.81517330024671e-06
"250",62574.8,5.06513,3.77641,3.91944,3.88527,3.87341,0.351595,1.70427,-8.06865,0.32956,-0.535712,0.0781507,-33.1028,0,293.501,284.501,0.000175516,5.39201,3.65647e-05,6.98135e-06,0.83003,4.47285e-06,1.46429e-05,-0.0386094,0.072207,8.41989,0.00573117,0.00571057,2.01426e-05,8.81366111321406e-06
"251",62827,5.06754,3.77737,3.92045,3.88624,3.87436,0.351717,1.70486,-8.06728,0.330467,-0.534899,0.0782708,-33.1035,0,293.506,284.506,0.000175577,5.39242,3.65818e-05,6.97938e-06,0.830545,4.47264e-06,1.46455e-05,-0.0385791,0.0722117,8.41944,0.00574098,0.00572031,2.01623e-05,8.81214616301015e-06
"252",63079.1,5.06998,3.77832,3.92146,3.88721,3.87532,0.351839,1.70546,-8.06595,0.331391,-0.534085,0.0783907,-33.1041,0,293.51,284.51,0.000175638,5.39282,3.65989e-05,6.97741e-06,0.831036,4.47241e-06,1.46481e-05,-0.0385449,0.0722164,8.41898,0.00575063,0.00573004,2.0182e-05,8.81063223200554e-06
"253",63330.7,5.07237,3.77928,3.92247,3.88817,3.87628,0.351962,1.70605,-8.06459,0.332284,-0.533272,0.078511,-33.1048,0,293.514,284.514,0.000175699,5.39322,3.66159e-05,6.97551e-06,0.831612,4.4722e-06,1.46508e-05,-0.038522,0.072221,8.41853,0.00576038,0.00573978,2.02017e-05,8.80911173670512e-06
"254",63582.4,5.07477,3.78024,3.92348,3.88914,3.87724,0.352084,1.70665,-8.0632,0.333187,-0.532457,0.0786319,-33.1054,0,293.518,284.518,0.00017576,5.39362,3.6633e-05,6.97362e-06,0.832166,4.47198e-06,1.46534e-05,-0.0384959,0.0722256,8.41808,0.00577024,0.00574957,2.02215e-05,8.80758212653467e-06
"255",63833.5,5.07715,3.78121,3.92449,3.8901,3.87819,0.352206,1.70724,-8.06184,0.334038,-0.531645,0.0787519,-33.1061,0,293.522,284.522,0.000175821,5.394,3.66499e-05,6.97178e-06,0.832795,4.47178e-06,1.46561e-05,-0.0384818,0.0722301,8.41763,0.00578003,0.00575929,2.02412e-05,8.80606238117558e-06
"256",64085.1,5.07956,3.78217,3.9255,3.89106,3.87914,0.352328,1.70784,-8.06048,0.334939,-0.530828,0.0788726,-33.1068,0,293.526,284.526,0.000175882,5.39439,3.66669e-05,6.96992e-06,0.833348,4.47156e-06,1.46587e-05,-0.0384556,0.0722346,8.41718,0.00578984,0.00576908,2.0261e-05,8.8045322373224e-06
"257",64336.7,5.08198,3.78313,3.9265,3.89202,3.8801,0.35245,1.70843,-8.05912,0.335845,-0.530012,0.0789936,-33.1074,0,293.53,284.53,0.000175943,5.39478,3.66838e-05,6.96808e-06,0.833906,4.47134e-06,1.46614e-05,-0.0384294,0.072239,8.41673,0.00579966,0.0057789,2.02808e-05,8.80299674290135e-06
"258",64588.2,5.0844,3.78409,3.92751,3.89299,3.88105,0.352572,1.70903,-8.05775,0.336756,-0.529194,0.079115,-33.1081,0,293.534,284.534,0.000176004,5.39515,3.67008e-05,6.96627e-06,0.834473,4.47112e-06,1.4664e-05,-0.0384038,0.0722434,8.41627,0.0058095,0.00578875,2.03008e-05,8.80145461152204e-06
"259",64839.9,5.08683,3.78504,3.92852,3.89395,3.882,0.352694,1.70962,-8.05637,0.337669,-0.528376,0.0792366,-33.1087,0,293.538,284.538,0.000176065,5.39553,3.67177e-05,6.96446e-06,0.835014,4.4709e-06,1.46666e-05,-0.0383752,0.0722477,8.41582,0.00581944,0.00579861,2.03207e-05,8.79990836819784e-06
"260",65091.5,5.08928,3.78599,3.92952,3.89491,3.88296,0.352816,1.71022,-8.05503,0.338597,-0.527556,0.079358,-33.1094,0,293.543,284.543,0.000176126,5.3959,3.67346e-05,6.96265e-06,0.835538,4.47067e-06,1.46692e-05,-0.0383434,0.072252,8.41536,0.00582923,0.00580848,2.03406e-05,8.79836309526074e-06
"261",65342.8,5.0917,3.78694,3.93053,3.89587,3.88391,0.352938,1.71081,-8.05363,0.339505,-0.526737,0.0794801,-33.11,0,293.547,284.547,0.000176187,5.39627,3.67515e-05,6.96089e-06,0.83611,4.47046e-06,1.46718e-05,-0.0383183,0.0722563,8.41491,0.0058392,0.00581839,2.03607e-05,8.79680732303309e-06
"262",65593.3,5.09408,3.78791,3.93153,3.89683,3.88486,0.353059,1.7114,-8.05227,0.34036,-0.525919,0.0796014,-33.1107,0,293.551,284.551,0.000176247,5.39663,3.67683e-05,6.95916e-06,0.836761,4.47025e-06,1.46745e-05,-0.0383057,0.0722605,8.41446,0.00584911,0.00582822,2.03806e-05,8.79526016211048e-06
"263",65844.6,5.09652,3.78887,3.93254,3.89779,3.88581,0.353181,1.712,-8.0509,0.341271,-0.525098,0.0797235,-33.1114,0,293.555,284.555,0.000176308,5.397,3.67851e-05,6.95742e-06,0.83733,4.47002e-06,1.46771e-05,-0.0382799,0.0722647,8.41401,0.00585903,0.00583814,2.04006e-05,8.79370120067806e-06
"264",66095.8,5.09894,3.78982,3.93354,3.89875,3.88676,0.353303,1.71259,-8.04953,0.342185,-0.524277,0.0798459,-33.112,0,293.559,284.559,0.000176369,5.39736,3.68019e-05,6.95569e-06,0.837907,4.4698e-06,1.46797e-05,-0.0382546,0.0722688,8.41355,0.00586897,0.00584809,2.04207e-05,8.79213679693644e-06
"265",66347.1,5.10139,3.79077,3.93454,3.89971,3.88771,0.353425,1.71318,-8.04814,0.343099,-0.523454,0.0799685,-33.1127,0,293.563,284.563,0.00017643,5.39771,3.68187e-05,6.95397e-06,0.838452,4.46958e-06,1.46823e-05,-0.0382259,0.0722729,8.41309,0.00587901,0.00585805,2.04409e-05,8.79056821492442e-06
"266",66598.4,5.10387,3.79172,3.93555,3.90067,3.88866,0.353547,1.71378,-8.0468,0.344029,-0.52263,0.0800909,-33.1134,0,293.567,284.567,0.000176491,5.39807,3.68356e-05,6.95223e-06,0.838972,4.46934e-06,1.46849e-05,-0.0381931,0.0722771,8.41263,0.0058889,0.00586801,2.0461e-05,8.78900056816847e-06
"267",66849.3,5.1063,3.79267,3.93655,3.90163,3.88961,0.353669,1.71437,-8.04543,0.34493,-0.521806,0.0802136,-33.114,0,293.572,284.572,0.000176551,5.39842,3.68523e-05,6.95055e-06,0.839564,4.46912e-06,1.46875e-05,-0.0381702,0.0722811,8.41218,0.00589889,0.00587799,2.04811e-05,8.78742744666284e-06
"268",67100.1,5.10873,3.79363,3.93755,3.90258,3.89056,0.35379,1.71496,-8.04406,0.345838,-0.520982,0.0803366,-33.1147,0,293.576,284.576,0.000176612,5.39877,3.68691e-05,6.94887e-06,0.840162,4.4689e-06,1.46901e-05,-0.0381474,0.0722851,8.41173,0.0059089,0.00588798,2.05013e-05,8.78584883414647e-06
"269",67351,5.11116,3.79458,3.93855,3.90354,3.8915,0.353912,1.71556,-8.04265,0.346754,-0.520157,0.0804602,-33.1153,0,293.58,284.58,0.000176673,5.39911,3.68858e-05,6.94721e-06,0.840747,4.46868e-06,1.46926e-05,-0.0381225,0.0722891,8.41127,0.00591901,0.00589803,2.05216e-05,8.78426085791514e-06
"270",67601.2,5.11357,3.79555,3.93955,3.90449,3.89245,0.354033,1.71615,-8.04128,0.347626,-0.519333,0.0805831,-33.116,0,293.584,284.584,0.000176734,5.39945,3.69025e-05,6.94557e-06,0.841401,4.46846e-06,1.46953e-05,-0.0381085,0.0722931,8.41082,0.00592905,0.00590801,2.05418e-05,8.78268021766543e-06
"271",67852,5.11601,3.7965,3.94055,3.90545,3.89339,0.354155,1.71674,-8.0399,0.348546,-0.518507,0.0807069,-33.1166,0,293.588,284.588,0.000176794,5.39979,3.69192e-05,6.94392e-06,0.841989,4.46824e-06,1.46978e-05,-0.0380835,0.072297,8.41037,0.00593911,0.00591808,2.05622e-05,8.78108632704337e-06
"272",68102.9,5.11847,3.79745,3.94155,3.90641,3.89434,0.354277,1.71733,-8.03851,0.349468,-0.517679,0.0808308,-33.1173,0,293.592,284.592,0.000176855,5.40013,3.69359e-05,6.94227e-06,0.842544,4.46801e-06,1.47004e-05,-0.0380547,0.0723009,8.40991,0.00594927,0.00592817,2.05826e-05,8.7794894610563e-06
"273",68353.9,5.12096,3.79839,3.94255,3.90736,3.89529,0.354399,1.71793,-8.03716,0.350407,-0.51685,0.0809545,-33.118,0,293.596,284.596,0.000176916,5.40047,3.69527e-05,6.9406e-06,0.843072,4.46778e-06,1.4703e-05,-0.0380215,0.0723048,8.40945,0.00595928,0.00593825,2.06029e-05,8.77789348378918e-06
"274",68604.3,5.12339,3.79934,3.94355,3.90832,3.89623,0.35452,1.71852,-8.03578,0.351314,-0.516022,0.0810786,-33.1186,0,293.6,284.6,0.000176976,5.4008,3.69693e-05,6.93899e-06,0.843688,4.46755e-06,1.47055e-05,-0.0380004,0.0723087,8.409,0.00596939,0.00594835,2.06233e-05,8.77629064544132e-06
"275",68854.8,5.12584,3.80029,3.94455,3.90927,3.89718,0.354642,1.71911,-8.03437,0.352232,-0.515193,0.0812033,-33.1193,0,293.605,284.605,0.000177037,5.40113,3.6986e-05,6.93737e-06,0.84428,4.46733e-06,1.47081e-05,-0.0379758,0.0723125,8.40854,0.0059796,0.00595849,2.06438e-05,8.77467833770601e-06
"276",69108,5.12829,3.80126,3.94556,3.91023,3.89813,0.354764,1.71971,-8.03298,0.353118,-0.514354,0.0813288,-33.1199,0,293.609,284.609,0.000177098,5.40147,3.70028e-05,6.93576e-06,0.844942,4.46711e-06,1.47107e-05,-0.0379608,0.0723164,8.40809,0.00598985,0.00596871,2.06645e-05,8.77305394096577e-06
"277",69358.3,5.13075,3.80221,3.94656,3.91119,3.89908,0.354886,1.7203,-8.03161,0.35403,-0.513523,0.0814533,-33.1206,0,293.613,284.613,0.000177159,5.40179,3.70195e-05,6.93416e-06,0.845534,4.46688e-06,1.47133e-05,-0.0379366,0.0723202,8.40763,0.00600002,0.00597885,2.0685e-05,8.77144075285421e-06
"278",69608.7,5.1332,3.80316,3.94756,3.91214,3.90002,0.355007,1.72089,-8.03023,0.354948,-0.512692,0.0815782,-33.1213,0,293.617,284.617,0.00017722,5.40212,3.70361e-05,6.93256e-06,0.846128,4.46666e-06,1.47159e-05,-0.0379119,0.0723239,8.40717,0.00601019,0.00598902,2.07055e-05,8.76982064096171e-06
"279",69858.9,5.13565,3.80411,3.94856,3.91309,3.90096,0.355129,1.72148,-8.02885,0.355869,-0.51186,0.0817034,-33.1219,0,293.621,284.621,0.00017728,5.40244,3.70527e-05,6.93097e-06,0.846735,4.46643e-06,1.47184e-05,-0.0378885,0.0723277,8.40672,0.00602039,0.00599922,2.07261e-05,8.76819488304129e-06
"280",70109.4,5.13813,3.80505,3.94955,3.91405,3.9019,0.35525,1.72208,-8.02745,0.356813,-0.511026,0.0818291,-33.1226,0,293.625,284.625,0.000177341,5.40277,3.70694e-05,6.92937e-06,0.847286,4.4662e-06,1.4721e-05,-0.0378571,0.0723314,8.40626,0.00603069,0.00600946,2.07468e-05,8.766560860399e-06
"281",70362.1,5.14058,3.80603,3.95056,3.91501,3.90286,0.355373,1.72267,-8.02606,0.357703,-0.510184,0.0819556,-33.1232,0,293.629,284.629,0.000177402,5.40309,3.70861e-05,6.9278e-06,0.847966,4.46598e-06,1.47236e-05,-0.0378435,0.0723351,8.40581,0.00604103,0.00601976,2.07676e-05,8.76491464076534e-06
"282",70612.2,5.14304,3.80697,3.95156,3.91596,3.9038,0.355494,1.72327,-8.02467,0.35863,-0.50935,0.0820815,-33.1239,0,293.634,284.634,0.000177463,5.40341,3.71027e-05,6.92623e-06,0.84857,4.46575e-06,1.47262e-05,-0.0378191,0.0723388,8.40535,0.00605128,0.00603002,2.07884e-05,8.76327443401324e-06
"283",70862.6,5.14551,3.80792,3.95255,3.91691,3.90474,0.355615,1.72386,-8.02327,0.35956,-0.508515,0.0822075,-33.1245,0,293.638,284.638,0.000177523,5.40373,3.71193e-05,6.92465e-06,0.849139,4.46552e-06,1.47287e-05,-0.0377907,0.0723425,8.40489,0.00606164,0.00604029,2.08091e-05,8.76163112641677e-06
"284",71112.8,5.14801,3.80885,3.95355,3.91786,3.90568,0.355737,1.72445,-8.02191,0.360507,-0.507679,0.0823333,-33.1252,0,293.642,284.642,0.000177584,5.40404,3.71359e-05,6.92306e-06,0.84968,4.46528e-06,1.47312e-05,-0.0377578,0.0723462,8.40443,0.00607183,0.00605057,2.08299e-05,8.75998862783254e-06
"285",71365.4,5.15046,3.80982,3.95456,3.91882,3.90663,0.355859,1.72504,-8.0205,0.361403,-0.506834,0.082461,-33.1258,0,293.646,284.646,0.000177645,5.40436,3.71527e-05,6.92152e-06,0.850374,4.46507e-06,1.47338e-05,-0.0377451,0.0723498,8.40398,0.00608233,0.00606097,2.08509e-05,8.75831947803984e-06
"286",71618.2,5.15294,3.81079,3.95556,3.91978,3.90758,0.355982,1.72564,-8.01909,0.362332,-0.505987,0.0825891,-33.1265,0,293.65,284.65,0.000177706,5.40467,3.71694e-05,6.91996e-06,0.851011,4.46484e-06,1.47364e-05,-0.0377236,0.0723535,8.40352,0.00609276,0.00607141,2.0872e-05,8.75664322815709e-06
"287",71868.3,5.15542,3.81173,3.95656,3.92073,3.90852,0.356103,1.72623,-8.01768,0.363262,-0.505149,0.0827158,-33.1272,0,293.654,284.654,0.000177767,5.40499,3.7186e-05,6.9184e-06,0.851587,4.46461e-06,1.47389e-05,-0.0376958,0.0723571,8.40306,0.00610319,0.00608175,2.08929e-05,8.75498344874961e-06
"288",72118.3,5.15792,3.81266,3.95755,3.92168,3.90946,0.356224,1.72682,-8.01632,0.364207,-0.50431,0.0828424,-33.1278,0,293.659,284.659,0.000177827,5.4053,3.72026e-05,6.91682e-06,0.852135,4.46437e-06,1.47414e-05,-0.0376636,0.0723607,8.4026,0.00611345,0.00609209,2.09137e-05,8.75332313737135e-06
"289",72370.7,5.16038,3.81363,3.95856,3.92264,3.91041,0.356347,1.72742,-8.01491,0.365104,-0.503462,0.0829708,-33.1285,0,293.663,284.663,0.000177888,5.40561,3.72193e-05,6.91529e-06,0.852825,4.46415e-06,1.4744e-05,-0.0376502,0.0723643,8.40215,0.00612402,0.00610256,2.09349e-05,8.75163733370977e-06
"290",72623.2,5.16286,3.81459,3.95956,3.9236,3.91136,0.356469,1.72802,-8.01351,0.366033,-0.502613,0.0830996,-33.1291,0,293.667,284.667,0.000177949,5.40592,3.7236e-05,6.91375e-06,0.853466,4.46392e-06,1.47466e-05,-0.037629,0.0723679,8.40169,0.00613452,0.00611306,2.09561e-05,8.74994436479597e-06
"291",72876,5.16536,3.81555,3.96057,3.92456,3.91231,0.356592,1.72861,-8.0121,0.36698,-0.501762,0.0832287,-33.1298,0,293.671,284.671,0.000178011,5.40623,3.72527e-05,6.91219e-06,0.854081,4.46369e-06,1.47492e-05,-0.0376035,0.0723715,8.40123,0.00614504,0.0061236,2.09774e-05,8.74824552397032e-06
"292",73128.9,5.16789,3.81649,3.96158,3.92552,3.91326,0.356715,1.72921,-8.01068,0.367945,-0.50091,0.0833583,-33.1304,0,293.675,284.675,0.000178072,5.40654,3.72695e-05,6.91063e-06,0.854653,4.46345e-06,1.47517e-05,-0.037572,0.072375,8.40076,0.00615567,0.00613419,2.09988e-05,8.74653815591678e-06
"293",73381.1,5.17036,3.81746,3.96258,3.92648,3.91421,0.356837,1.72981,-8.00928,0.368851,-0.500059,0.0834874,-33.1311,0,293.679,284.679,0.000178133,5.40684,3.72862e-05,6.9091e-06,0.85533,4.46323e-06,1.47543e-05,-0.0375564,0.0723786,8.40031,0.00616622,0.00614472,2.10201e-05,8.74483542922625e-06
"294",73634,5.1729,3.8184,3.96358,3.92744,3.91516,0.35696,1.73041,-8.00788,0.369824,-0.499205,0.0836171,-33.1317,0,293.684,284.684,0.000178194,5.40715,3.73029e-05,6.90754e-06,0.855891,4.46299e-06,1.47568e-05,-0.037523,0.0723821,8.39984,0.00617679,0.00615533,2.10415e-05,8.74312282790028e-06
"295",73886.1,5.17536,3.81937,3.96459,3.92839,3.91611,0.357082,1.731,-8.00645,0.370739,-0.498353,0.0837471,-33.1324,0,293.688,284.688,0.000178255,5.40745,3.73196e-05,6.90603e-06,0.856579,4.46277e-06,1.47594e-05,-0.0375077,0.0723856,8.39939,0.00618748,0.00616592,2.10629e-05,8.74140428712143e-06
"296",74138.5,5.17786,3.82033,3.96559,3.92935,3.91706,0.357204,1.7316,-8.00503,0.371675,-0.497499,0.0838771,-33.1331,0,293.692,284.692,0.000178316,5.40775,3.73363e-05,6.90449e-06,0.857197,4.46254e-06,1.4762e-05,-0.0374833,0.0723892,8.39893,0.00619818,0.00617654,2.10844e-05,8.73968376018524e-06
"297",74390.7,5.18036,3.82128,3.96659,3.93031,3.918,0.357327,1.73219,-8.00363,0.372602,-0.496645,0.084007,-33.1337,0,293.696,284.696,0.000178377,5.40806,3.73529e-05,6.90296e-06,0.857841,4.46231e-06,1.47645e-05,-0.0374622,0.0723926,8.39847,0.0062088,0.00618715,2.11058e-05,8.73796256712463e-06
"298",74642.7,5.18285,3.82224,3.9676,3.93126,3.91895,0.357449,1.73279,-8.00222,0.373534,-0.49579,0.0841373,-33.1344,0,293.7,284.7,0.000178438,5.40836,3.73696e-05,6.90144e-06,0.858492,4.46208e-06,1.47671e-05,-0.0374415,0.0723961,8.39801,0.00621945,0.0061978,2.11274e-05,8.73623407017547e-06
"299",74895,5.18536,3.82319,3.9686,3.93222,3.9199,0.357571,1.73339,-8.00081,0.374487,-0.494934,0.0842681,-33.135,0,293.705,284.705,0.0001785,5.40866,3.73863e-05,6.89991e-06,0.859113,4.46185e-06,1.47697e-05,-0.0374159,0.0723996,8.39755,0.00623011,0.00620849,2.1149e-05,8.73449691611005e-06
"300",75147.5,5.18789,3.82414,3.9696,3.93318,3.92084,0.357694,1.73398,-7.99938,0.375462,-0.494076,0.0843994,-33.1356,0,293.709,284.709,0.000178561,5.40896,3.7403e-05,6.89837e-06,0.85968,4.46161e-06,1.47722e-05,-0.0373827,0.0724031,8.39709,0.00624089,0.00621923,2.11706e-05,8.73275107569717e-06
"301",75399.2,5.19037,3.8251,3.9706,3.93413,3.92179,0.357816,1.73458,-7.99798,0.376361,-0.49322,0.0845299,-33.1363,0,293.713,284.713,0.000178622,5.40925,3.74196e-05,6.89687e-06,0.860377,4.46139e-06,1.47747e-05,-0.0373695,0.0724065,8.39663,0.00625159,0.00622989,2.11922e-05,8.73101383552801e-06
"302",75651.6,5.19292,3.82604,3.97161,3.93509,3.92274,0.357938,1.73517,-7.99658,0.377341,-0.492361,0.0846611,-33.137,0,293.717,284.717,0.000178683,5.40955,3.74363e-05,6.89531e-06,0.860927,4.46114e-06,1.47773e-05,-0.0373341,0.07241,8.39617,0.0062623,0.00624064,2.12139e-05,8.72926522364466e-06
"303",75903.2,5.19539,3.82701,3.97261,3.93605,3.92368,0.35806,1.73577,-7.99516,0.378246,-0.491503,0.0847924,-33.1376,0,293.721,284.721,0.000178744,5.40985,3.74529e-05,6.89382e-06,0.861636,4.46092e-06,1.47798e-05,-0.0373215,0.0724134,8.39571,0.00627313,0.00625135,2.12355e-05,8.7275132118723e-06
"304",76154.9,5.19788,3.82796,3.97361,3.937,3.92462,0.358182,1.73636,-7.99375,0.379183,-0.490645,0.084924,-33.1383,0,293.725,284.725,0.000178805,5.41014,3.74696e-05,6.89232e-06,0.862294,4.4607e-06,1.47824e-05,-0.0373009,0.0724168,8.39526,0.00628389,0.00626211,2.12573e-05,8.72575511589694e-06
"305",76406.8,5.20039,3.82891,3.97461,3.93795,3.92557,0.358304,1.73696,-7.99234,0.380139,-0.489784,0.0850561,-33.1389,0,293.73,284.73,0.000178866,5.41043,3.74862e-05,6.8908e-06,0.862924,4.46047e-06,1.47849e-05,-0.0372758,0.0724202,8.3948,0.00629466,0.00627291,2.12791e-05,8.72398823860235e-06
"306",76658.9,5.20292,3.82986,3.97561,3.93891,3.92652,0.358427,1.73755,-7.9909,0.381114,-0.488923,0.0851886,-33.1395,0,293.734,284.734,0.000178927,5.41073,3.75029e-05,6.88927e-06,0.86351,4.46023e-06,1.47874e-05,-0.0372444,0.0724236,8.39433,0.00630555,0.00628376,2.1301e-05,8.7222138896868e-06
"307",76910.2,5.2054,3.83082,3.97661,3.93986,3.92746,0.358549,1.73815,-7.98949,0.382027,-0.488063,0.0853205,-33.1402,0,293.738,284.738,0.000178987,5.41102,3.75195e-05,6.88778e-06,0.864205,4.46e-06,1.479e-05,-0.0372296,0.072427,8.39388,0.00631636,0.00629454,2.13228e-05,8.72044545894095e-06
"308",77162.2,5.20795,3.83176,3.97761,3.94082,3.9284,0.358671,1.73874,-7.98809,0.383011,-0.487199,0.0854531,-33.1408,0,293.742,284.742,0.000179048,5.41131,3.75362e-05,6.88625e-06,0.864779,4.45976e-06,1.47925e-05,-0.0371962,0.0724304,8.39342,0.00632719,0.00630541,2.13447e-05,8.71866550799268e-06
"309",77413.5,5.21042,3.83272,3.97861,3.94177,3.92935,0.358793,1.73934,-7.98665,0.383933,-0.486338,0.085586,-33.1414,0,293.746,284.746,0.000179109,5.4116,3.75527e-05,6.88477e-06,0.865484,4.45954e-06,1.47951e-05,-0.0371817,0.0724337,8.39296,0.00633813,0.00631627,2.13667e-05,8.71687937556349e-06
"310",77665.1,5.21293,3.83367,3.97961,3.94272,3.93029,0.358915,1.73993,-7.98522,0.384878,-0.485474,0.0857189,-33.1421,0,293.75,284.75,0.00017917,5.41189,3.75693e-05,6.88326e-06,0.866117,4.45931e-06,1.47976e-05,-0.0371577,0.0724371,8.39251,0.00634909,0.00632714,2.13887e-05,8.7150910797311e-06
"311",77916.4,5.21544,3.83462,3.98061,3.94367,3.93123,0.359037,1.74053,-7.98382,0.385814,-0.484611,0.0858517,-33.1427,0,293.755,284.755,0.000179231,5.41218,3.75859e-05,6.88176e-06,0.866777,4.45908e-06,1.48001e-05,-0.0371371,0.0724404,8.39205,0.00635998,0.00633801,2.14107e-05,8.71330196197795e-06
"312",78167.6,5.21794,3.83558,3.9816,3.94463,3.93217,0.359159,1.74112,-7.9824,0.386755,-0.483747,0.0859849,-33.1434,0,293.759,284.759,0.000179292,5.41246,3.76025e-05,6.88027e-06,0.867444,4.45886e-06,1.48026e-05,-0.0371169,0.0724437,8.39159,0.00637088,0.00634892,2.14327e-05,8.71150527219878e-06
"313",78419,5.22045,3.83652,3.9826,3.94558,3.93311,0.359281,1.74171,-7.98099,0.387717,-0.482881,0.0861187,-33.144,0,293.763,284.763,0.000179353,5.41275,3.76191e-05,6.87877e-06,0.868079,4.45862e-06,1.48052e-05,-0.0370917,0.0724471,8.39113,0.00638181,0.00635987,2.14548e-05,8.70969828130683e-06
"314",78670.7,5.223,3.83746,3.9836,3.94653,3.93406,0.359403,1.74231,-7.97955,0.388701,-0.482014,0.0862528,-33.1446,0,293.767,284.767,0.000179414,5.41304,3.76358e-05,6.87724e-06,0.868658,4.45839e-06,1.48077e-05,-0.0370585,0.0724504,8.39067,0.00639284,0.00637087,2.1477e-05,8.70788501172722e-06
"315",78921.5,5.22548,3.83842,3.9846,3.94748,3.935,0.359524,1.7429,-7.97814,0.389608,-0.481149,0.0863863,-33.1453,0,293.771,284.771,0.000179475,5.41332,3.76523e-05,6.87577e-06,0.869373,4.45816e-06,1.48102e-05,-0.037046,0.0724537,8.39022,0.0064038,0.00638178,2.14991e-05,8.70607763370595e-06
"316",79173.1,5.22804,3.83936,3.9856,3.94843,3.93594,0.359646,1.7435,-7.97673,0.390597,-0.48028,0.0865205,-33.1459,0,293.775,284.775,0.000179535,5.41361,3.7669e-05,6.87424e-06,0.869934,4.45792e-06,1.48127e-05,-0.0370105,0.072457,8.38975,0.00641478,0.0063928,2.15213e-05,8.70425853791598e-06
"317",79423.8,5.23051,3.84032,3.98659,3.94938,3.93688,0.359768,1.74409,-7.97531,0.39151,-0.479413,0.0866546,-33.1466,0,293.78,284.78,0.000179596,5.41389,3.76855e-05,6.87277e-06,0.87066,4.4577e-06,1.48152e-05,-0.0369988,0.0724603,8.3893,0.00642588,0.00640377,2.15436e-05,8.70243854647069e-06
"318",79674.7,5.23301,3.84127,3.98759,3.95033,3.93782,0.35989,1.74468,-7.97389,0.392455,-0.478545,0.0867892,-33.1472,0,293.784,284.784,0.000179657,5.41417,3.77021e-05,6.87128e-06,0.871333,4.45747e-06,1.48178e-05,-0.0369786,0.0724636,8.38885,0.00643689,0.0064148,2.15658e-05,8.70060949912085e-06
"319",79925.7,5.23553,3.84222,3.98859,3.95128,3.93876,0.360011,1.74528,-7.97247,0.393421,-0.477676,0.0869242,-33.1478,0,293.788,284.788,0.000179718,5.41446,3.77187e-05,6.86979e-06,0.871977,4.45724e-06,1.48203e-05,-0.0369538,0.0724668,8.38839,0.00644793,0.00642586,2.15882e-05,8.69877272481788e-06
"320",80177,5.23807,3.84316,3.98958,3.95223,3.9397,0.360133,1.74587,-7.97102,0.394405,-0.476805,0.0870597,-33.1484,0,293.792,284.792,0.000179779,5.41474,3.77353e-05,6.86828e-06,0.872575,4.45701e-06,1.48228e-05,-0.0369225,0.0724701,8.38793,0.00645908,0.00643697,2.16106e-05,8.69692683280191e-06
"321",80427.5,5.24055,3.84412,3.99058,3.95318,3.94064,0.360255,1.74646,-7.96961,0.395326,-0.475935,0.0871945,-33.1491,0,293.796,284.796,0.000179839,5.41502,3.77518e-05,6.8668e-06,0.873286,4.45678e-06,1.48253e-05,-0.0369084,0.0724734,8.38748,0.00647015,0.00644801,2.1633e-05,8.6950881683464e-06
"322",80678.7,5.24311,3.84505,3.99158,3.95413,3.94158,0.360377,1.74706,-7.9682,0.39632,-0.475063,0.0873302,-33.1497,0,293.8,284.8,0.0001799,5.4153,3.77684e-05,6.86528e-06,0.873871,4.45654e-06,1.48278e-05,-0.0368749,0.0724766,8.38702,0.00648125,0.00645915,2.16554e-05,8.69323489506434e-06
"323",80929.1,5.24558,3.84601,3.99257,3.95508,3.94252,0.360498,1.74765,-7.96675,0.39725,-0.474192,0.087466,-33.1503,0,293.804,284.804,0.000179961,5.41558,3.77849e-05,6.86383e-06,0.874593,4.45633e-06,1.48303e-05,-0.0368611,0.0724799,8.38657,0.00649246,0.00647027,2.1678e-05,8.69137790543459e-06
"324",81179.8,5.2481,3.84696,3.99357,3.95603,3.94346,0.36062,1.74824,-7.96532,0.398203,-0.473319,0.0876019,-33.151,0,293.809,284.809,0.000180021,5.41586,3.78015e-05,6.86233e-06,0.87524,4.4561e-06,1.48328e-05,-0.0368374,0.0724831,8.38611,0.00650369,0.00648141,2.17005e-05,8.68951718678625e-06
"325",81430.3,5.25062,3.84791,3.99456,3.95698,3.94439,0.360741,1.74883,-7.96391,0.399147,-0.472446,0.0877376,-33.1516,0,293.813,284.813,0.000180082,5.41614,3.7818e-05,6.86085e-06,0.875913,4.45587e-06,1.48353e-05,-0.0368173,0.0724863,8.38566,0.00651484,0.00649254,2.1723e-05,8.68765684177126e-06
"326",81680.6,5.25312,3.84886,3.99555,3.95793,3.94533,0.360863,1.74942,-7.96249,0.400097,-0.471573,0.0878739,-33.1522,0,293.817,284.817,0.000180143,5.41642,3.78345e-05,6.85937e-06,0.876595,4.45564e-06,1.48379e-05,-0.0367975,0.0724895,8.3852,0.00652601,0.00650371,2.17456e-05,8.68578588492986e-06
"327",81931.2,5.25564,3.8498,3.99655,3.95887,3.94627,0.360984,1.75002,-7.96106,0.401068,-0.470698,0.0880106,-33.1528,0,293.821,284.821,0.000180203,5.41669,3.78511e-05,6.85788e-06,0.877244,4.45541e-06,1.48404e-05,-0.0367725,0.0724928,8.38475,0.00653719,0.00651493,2.17682e-05,8.68390702760993e-06
"328",82182,5.25819,3.85073,3.99754,3.95982,3.94721,0.361106,1.75061,-7.95962,0.402062,-0.469822,0.0881478,-33.1535,0,293.825,284.825,0.000180264,5.41697,3.78677e-05,6.85637e-06,0.877833,4.45517e-06,1.48428e-05,-0.0367393,0.072496,8.38428,0.0065485,0.0065262,2.1791e-05,8.68201886371524e-06
"329",82435.3,5.26071,3.8517,3.99855,3.96078,3.94816,0.361229,1.75121,-7.95817,0.403001,-0.468936,0.0882862,-33.1541,0,293.829,284.829,0.000180326,5.41725,3.78844e-05,6.85488e-06,0.878551,4.45495e-06,1.48454e-05,-0.0367239,0.0724992,8.38383,0.00655994,0.00653755,2.1814e-05,8.68011170633303e-06
"330",82685.5,5.26323,3.85265,3.99954,3.96173,3.94909,0.36135,1.7518,-7.95676,0.403946,-0.46806,0.088423,-33.1547,0,293.834,284.834,0.000180386,5.41753,3.79009e-05,6.8534e-06,0.879228,4.45472e-06,1.48479e-05,-0.036704,0.0725024,8.38337,0.00657119,0.00654877,2.18366e-05,8.67822414233581e-06
"331",82935.5,5.26573,3.8536,4.00053,3.96267,3.95003,0.361472,1.75239,-7.95533,0.404895,-0.467184,0.0885603,-33.1553,0,293.838,284.838,0.000180447,5.4178,3.79174e-05,6.85192e-06,0.879912,4.45449e-06,1.48504e-05,-0.0366844,0.0725056,8.38292,0.00658246,0.00656003,2.18594e-05,8.67632721754803e-06
"332",83185.9,5.26827,3.85454,4.00153,3.96362,3.95097,0.361593,1.75298,-7.95391,0.405869,-0.466305,0.088698,-33.156,0,293.842,284.842,0.000180507,5.41808,3.79339e-05,6.85043e-06,0.880555,4.45426e-06,1.48529e-05,-0.0366584,0.0725088,8.38246,0.00659374,0.00657134,2.18823e-05,8.67442228124131e-06
"333",83436.3,5.27081,3.85547,4.00252,3.96457,3.9519,0.361715,1.75357,-7.9525,0.40686,-0.465425,0.0888359,-33.1566,0,293.846,284.846,0.000180568,5.41835,3.79505e-05,6.84892e-06,0.88117,4.45402e-06,1.48553e-05,-0.036628,0.072512,8.382,0.00660505,0.00658268,2.19052e-05,8.6725120757798e-06
"334",83689,5.27332,3.85644,4.00352,3.96552,3.95285,0.361837,1.75417,-7.95103,0.407806,-0.464537,0.0889758,-33.1572,0,293.85,284.85,0.000180629,5.41863,3.79671e-05,6.84745e-06,0.881917,4.4538e-06,1.48579e-05,-0.0366152,0.0725152,8.38155,0.00661659,0.00659415,2.19284e-05,8.67057159873456e-06
"335",83939.4,5.27587,3.85737,4.00452,3.96647,3.95379,0.361959,1.75476,-7.94958,0.408802,-0.463656,0.0891145,-33.1578,0,293.854,284.854,0.00018069,5.4189,3.79837e-05,6.84594e-06,0.882515,4.45357e-06,1.48604e-05,-0.0365824,0.0725184,8.38109,0.00662803,0.00660555,2.19514e-05,8.668645205092e-06
"336",84192.1,5.2784,3.85834,4.00552,3.96742,3.95473,0.362082,1.75536,-7.94815,0.409745,-0.462765,0.0892543,-33.1584,0,293.858,284.858,0.000180751,5.41918,3.80004e-05,6.84446e-06,0.883251,4.45334e-06,1.48629e-05,-0.0365685,0.0725216,8.38064,0.00663952,0.00661702,2.19746e-05,8.66670094448597e-06
"337",84442.4,5.28096,3.85927,4.00651,3.96837,3.95567,0.362203,1.75595,-7.94673,0.410749,-0.461883,0.0893932,-33.159,0,293.863,284.863,0.000180812,5.41945,3.80169e-05,6.84295e-06,0.883846,4.4531e-06,1.48654e-05,-0.036535,0.0725247,8.38018,0.0066509,0.00662844,2.19977e-05,8.66476661766016e-06
"338",84694.7,5.28345,3.86024,4.00751,3.96932,3.95661,0.362326,1.75655,-7.94526,0.411684,-0.460992,0.0895338,-33.1597,0,293.867,284.867,0.000180873,5.41972,3.80335e-05,6.84149e-06,0.884623,4.45289e-06,1.48679e-05,-0.036526,0.0725279,8.37973,0.00666252,0.00663997,2.20211e-05,8.66280598572292e-06
"339",84945.1,5.28602,3.86117,4.00851,3.97027,3.95755,0.362447,1.75714,-7.94381,0.412693,-0.460108,0.0896734,-33.1603,0,293.871,284.871,0.000180934,5.41999,3.80501e-05,6.83998e-06,0.885197,4.45265e-06,1.48704e-05,-0.0364896,0.0725311,8.37927,0.00667404,0.00665146,2.20442e-05,8.66085667104982e-06
"340",85197.4,5.28853,3.86214,4.00951,3.97122,3.95849,0.362569,1.75774,-7.94238,0.413625,-0.459216,0.089814,-33.1609,0,293.875,284.875,0.000180995,5.42027,3.80667e-05,6.83851e-06,0.885959,4.45243e-06,1.48729e-05,-0.0364793,0.0725342,8.37881,0.00668561,0.006663,2.20676e-05,8.65889073753831e-06
"341",85447.5,5.29111,3.86306,4.0105,3.97217,3.95943,0.362691,1.75833,-7.94096,0.414638,-0.45833,0.0899537,-33.1615,0,293.879,284.879,0.000181055,5.42054,3.80833e-05,6.83698e-06,0.886531,4.45218e-06,1.48753e-05,-0.0364423,0.0725374,8.37835,0.00669707,0.00667451,2.20908e-05,8.65693474009415e-06
"342",85699.6,5.2936,3.86404,4.0115,3.97312,3.96037,0.362813,1.75893,-7.9395,0.415564,-0.457437,0.0900951,-33.1621,0,293.883,284.883,0.000181116,5.42081,3.80999e-05,6.83553e-06,0.887329,4.45197e-06,1.48779e-05,-0.0364362,0.0725405,8.3779,0.00670877,0.0066861,2.21143e-05,8.65495224307175e-06
"343",85952.7,5.2962,3.86497,4.0125,3.97408,3.96132,0.362936,1.75952,-7.93806,0.416589,-0.456539,0.0902371,-33.1627,0,293.888,284.888,0.000181178,5.42108,3.81167e-05,6.834e-06,0.887926,4.45173e-06,1.48804e-05,-0.0364008,0.0725437,8.37744,0.0067204,0.00669779,2.21379e-05,8.6529585936218e-06
"344",86204.7,5.2987,3.86594,4.0135,3.97503,3.96226,0.363058,1.76012,-7.93659,0.417532,-0.455644,0.0903791,-33.1633,0,293.892,284.892,0.000181239,5.42135,3.81333e-05,6.83254e-06,0.888698,4.45151e-06,1.48829e-05,-0.0363905,0.0725468,8.37699,0.00673214,0.00670945,2.21615e-05,8.6509621887614e-06
"345",86457.7,5.3013,3.86688,4.01451,3.97599,3.9632,0.363181,1.76072,-7.93513,0.418555,-0.454745,0.0905218,-33.164,0,293.896,284.896,0.0001813,5.42163,3.815e-05,6.83101e-06,0.889294,4.45127e-06,1.48854e-05,-0.036355,0.07255,8.37652,0.0067439,0.00672119,2.21853e-05,8.64895315702325e-06
"346",86709.9,5.30383,3.86784,4.01551,3.97694,3.96415,0.363304,1.76132,-7.93367,0.419504,-0.453848,0.090664,-33.1646,0,293.9,284.9,0.000181361,5.4219,3.81666e-05,6.82953e-06,0.890031,4.45104e-06,1.48879e-05,-0.0363404,0.0725531,8.37607,0.00675569,0.00673288,2.22089e-05,8.64694837734623e-06
"347",86961.8,5.30636,3.8688,4.01651,3.97789,3.96509,0.363426,1.76191,-7.93223,0.420458,-0.452951,0.0908062,-33.1652,0,293.904,284.904,0.000181422,5.42216,3.81833e-05,6.82805e-06,0.890761,4.45082e-06,1.48904e-05,-0.0363247,0.0725562,8.37562,0.00676739,0.00674457,2.22326e-05,8.64494080556854e-06
"348",87214.8,5.30898,3.86974,4.01751,3.97885,3.96604,0.363549,1.76251,-7.9308,0.421496,-0.452049,0.0909494,-33.1658,0,293.908,284.908,0.000181484,5.42244,3.82e-05,6.8265e-06,0.891331,4.45057e-06,1.48929e-05,-0.0362851,0.0725594,8.37515,0.00677912,0.00675637,2.22564e-05,8.64291628435552e-06
"349",87466.4,5.31147,3.87071,4.01851,3.9798,3.96698,0.363671,1.7631,-7.92933,0.422424,-0.451151,0.0910922,-33.1664,0,293.913,284.913,0.000181544,5.4227,3.82166e-05,6.82505e-06,0.89213,4.45036e-06,1.48954e-05,-0.0362788,0.0725625,8.3747,0.00679096,0.0067681,2.22802e-05,8.64089457878206e-06
"350",87719.1,5.31408,3.87164,4.01951,3.98076,3.96792,0.363794,1.7637,-7.92789,0.423455,-0.450249,0.0912358,-33.167,0,293.917,284.917,0.000181606,5.42298,3.82333e-05,6.82351e-06,0.892724,4.45011e-06,1.48979e-05,-0.0362424,0.0725657,8.37423,0.00680273,0.00677994,2.23041e-05,8.63885867768925e-06
"351",87970.8,5.31659,3.87261,4.02051,3.98171,3.96886,0.363916,1.7643,-7.92643,0.424398,-0.449349,0.0913793,-33.1676,0,293.921,284.921,0.000181667,5.42324,3.82499e-05,6.82205e-06,0.893506,4.4499e-06,1.49004e-05,-0.0362329,0.0725688,8.37379,0.00681462,0.00679173,2.23279e-05,8.63682130973578e-06
"352",88223.2,5.31918,3.87355,4.02151,3.98266,3.9698,0.364038,1.76489,-7.92499,0.425423,-0.448446,0.0915234,-33.1682,0,293.925,284.925,0.000181728,5.42351,3.82666e-05,6.82053e-06,0.894125,4.44966e-06,1.49029e-05,-0.0361996,0.0725719,8.37332,0.00682642,0.0068036,2.23519e-05,8.63477251112495e-06
"353",88474.8,5.32169,3.87451,4.02251,3.98361,3.97075,0.36416,1.76549,-7.92351,0.426379,-0.447544,0.0916676,-33.1688,0,293.929,284.929,0.000181789,5.42378,3.82832e-05,6.81906e-06,0.894893,4.44944e-06,1.49054e-05,-0.0361877,0.072575,8.37287,0.00683835,0.00681545,2.23759e-05,8.6327193591388e-06
"354",88727.2,5.32429,3.87545,4.02351,3.98456,3.97169,0.364283,1.76609,-7.92204,0.427402,-0.44664,0.0918123,-33.1694,0,293.933,284.933,0.00018185,5.42405,3.82999e-05,6.81754e-06,0.895512,4.4492e-06,1.49079e-05,-0.0361543,0.0725781,8.37241,0.0068503,0.00682737,2.24e-05,8.63065612959325e-06
"355",88978.8,5.32682,3.87641,4.0245,3.98551,3.97263,0.364405,1.76668,-7.92058,0.428365,-0.445736,0.0919567,-33.17,0,293.938,284.938,0.000181911,5.42431,3.83165e-05,6.81606e-06,0.896249,4.44898e-06,1.49104e-05,-0.0361384,0.0725812,8.37196,0.00686227,0.00683925,2.24241e-05,8.62859421266394e-06
"356",89230.3,5.32935,3.87737,4.0255,3.98646,3.97357,0.364527,1.76728,-7.91914,0.429329,-0.444833,0.0921011,-33.1706,0,293.942,284.942,0.000181972,5.42458,3.83331e-05,6.81458e-06,0.896988,4.44876e-06,1.49129e-05,-0.0361226,0.0725843,8.37151,0.00687416,0.00685114,2.24481e-05,8.62652932314406e-06
"357",89482.6,5.33197,3.8783,4.0265,3.98742,3.97451,0.36465,1.76787,-7.91769,0.430372,-0.443925,0.0922464,-33.1712,0,293.946,284.946,0.000182033,5.42485,3.83499e-05,6.81304e-06,0.897582,4.44851e-06,1.49154e-05,-0.036085,0.0725874,8.37104,0.00688607,0.00686313,2.24723e-05,8.6244485525149e-06
"358",89733.8,5.33447,3.87927,4.0275,3.98837,3.97545,0.364772,1.76847,-7.91621,0.431317,-0.443021,0.0923917,-33.1718,0,293.95,284.95,0.000182094,5.42511,3.83664e-05,6.81159e-06,0.898382,4.4483e-06,1.49179e-05,-0.0360772,0.0725904,8.3706,0.00689811,0.00687506,2.24965e-05,8.62236475025152e-06
"359",89985.9,5.33708,3.8802,4.0285,3.98932,3.97639,0.364894,1.76906,-7.91474,0.432354,-0.442113,0.0925376,-33.1724,0,293.954,284.954,0.000182155,5.42538,3.83831e-05,6.81006e-06,0.898979,4.44806e-06,1.49203e-05,-0.0360403,0.0725935,8.37013,0.00691016,0.0068871,2.25209e-05,8.62026928157215e-06
"360",90237.2,5.3396,3.88116,4.02949,3.99027,3.97733,0.365016,1.76966,-7.91328,0.43331,-0.441207,0.0926831,-33.173,0,293.958,284.958,0.000182216,5.42564,3.83997e-05,6.80859e-06,0.899735,4.44784e-06,1.49229e-05,-0.0360269,0.0725966,8.36968,0.00692224,0.00689908,2.25451e-05,8.61817649134722e-06
"361",90488.3,5.34214,3.88212,4.03049,3.99122,3.97827,0.365138,1.77025,-7.91183,0.434272,-0.4403,0.0928286,-33.1736,0,293.962,284.962,0.000182277,5.4259,3.84163e-05,6.80711e-06,0.900483,4.44761e-06,1.49254e-05,-0.036012,0.0725996,8.36923,0.00693423,0.00691106,2.25694e-05,8.61608062758738e-06
"362",90740.5,5.34477,3.88304,4.03149,3.99217,3.97921,0.365261,1.77085,-7.91039,0.435326,-0.439389,0.092975,-33.1742,0,293.967,284.967,0.000182338,5.42617,3.8433e-05,6.80556e-06,0.901055,4.44737e-06,1.49278e-05,-0.035971,0.0726028,8.36876,0.00694624,0.00692316,2.25938e-05,8.61396868617232e-06
"363",90991.2,5.34726,3.88401,4.03248,3.99311,3.98015,0.365382,1.77144,-7.90892,0.436262,-0.438482,0.0931212,-33.1748,0,293.971,284.971,0.000182399,5.42643,3.84495e-05,6.80411e-06,0.901877,4.44716e-06,1.49303e-05,-0.0359663,0.0726058,8.36832,0.00695838,0.00693518,2.26182e-05,8.61185650163442e-06
"364",91243.1,5.34987,3.88495,4.03348,3.99407,3.98109,0.365505,1.77204,-7.90747,0.437302,-0.43757,0.0932681,-33.1754,0,293.975,284.975,0.00018246,5.4267,3.84662e-05,6.80258e-06,0.902488,4.44691e-06,1.49328e-05,-0.0359305,0.0726089,8.36786,0.00697044,0.00694731,2.26427e-05,8.60973104368198e-06
"365",91493.8,5.35237,3.88591,4.03448,3.99501,3.98203,0.365626,1.77263,-7.90599,0.438256,-0.436661,0.0934151,-33.176,0,293.979,284.979,0.000182521,5.42695,3.84827e-05,6.80112e-06,0.903283,4.4467e-06,1.49353e-05,-0.0359213,0.0726119,8.36741,0.00698262,0.0069594,2.26672e-05,8.60760095587226e-06
"366",91745.5,5.35498,3.88684,4.03547,3.99596,3.98297,0.365749,1.77323,-7.90452,0.439294,-0.435748,0.0935626,-33.1766,0,293.983,284.983,0.000182582,5.42722,3.84994e-05,6.79959e-06,0.903893,4.44646e-06,1.49377e-05,-0.0358855,0.072615,8.36695,0.00699482,0.00697158,2.26918e-05,8.60546041052049e-06
"367",91996.4,5.35751,3.8878,4.03647,3.99691,3.9839,0.36587,1.77382,-7.90305,0.440255,-0.434837,0.0937097,-33.1772,0,293.987,284.987,0.000182643,5.42748,3.8516e-05,6.79812e-06,0.904651,4.44624e-06,1.49402e-05,-0.0358717,0.072618,8.3665,0.00700704,0.0069837,2.27163e-05,8.6033224532511e-06
"368",92247.1,5.36005,3.88876,4.03746,3.99786,3.98484,0.365992,1.77441,-7.9016,0.441221,-0.433926,0.0938569,-33.1778,0,293.991,284.991,0.000182703,5.42774,3.85325e-05,6.79664e-06,0.905403,4.44602e-06,1.49427e-05,-0.0358568,0.072621,8.36605,0.00701918,0.00699583,2.27409e-05,8.6011798147437e-06
"369",92498.8,5.36268,3.88968,4.03846,3.99881,3.98578,0.366114,1.77501,-7.90015,0.442275,-0.43301,0.0940049,-33.1784,0,293.996,284.996,0.000182764,5.42801,3.85492e-05,6.79509e-06,0.905985,4.44577e-06,1.49451e-05,-0.0358167,0.0726241,8.36559,0.00703134,0.00700807,2.27656e-05,8.59902226383026e-06
"370",92749.1,5.36517,3.89065,4.03945,3.99975,3.98671,0.366236,1.7756,-7.89868,0.443214,-0.432098,0.0941527,-33.179,0,294,285,0.000182825,5.42826,3.85657e-05,6.79364e-06,0.906808,4.44556e-06,1.49476e-05,-0.0358116,0.0726271,8.36514,0.00704363,0.00702024,2.27903e-05,8.59686434624454e-06
"371",93000.6,5.36779,3.89158,4.04045,4.0007,3.98765,0.366358,1.7762,-7.89723,0.44426,-0.431181,0.0943012,-33.1796,0,294.004,285.004,0.000182886,5.42853,3.85824e-05,6.79211e-06,0.907416,4.44532e-06,1.49501e-05,-0.0357748,0.0726301,8.36468,0.00705583,0.00703251,2.28151e-05,8.59469289245285e-06
"372",93250.9,5.3703,3.89254,4.04144,4.00165,3.98859,0.36648,1.77679,-7.89575,0.445214,-0.430268,0.0944497,-33.1801,0,294.008,285.008,0.000182947,5.42878,3.85989e-05,6.79065e-06,0.908221,4.44511e-06,1.49526e-05,-0.0357665,0.0726331,8.36424,0.00706817,0.00704474,2.28399e-05,8.59251810205077e-06
"373",93502.1,5.3729,3.89347,4.04244,4.00259,3.98953,0.366602,1.77738,-7.8943,0.446254,-0.42935,0.0945987,-33.1807,0,294.012,285.012,0.000183008,5.42905,3.86156e-05,6.78912e-06,0.908854,4.44487e-06,1.4955e-05,-0.0357329,0.0726362,8.36378,0.00708041,0.00705705,2.28648e-05,8.59033262271468e-06
"374",93752.4,5.37542,3.89443,4.04343,4.00354,3.99046,0.366723,1.77798,-7.89282,0.447221,-0.428435,0.0947478,-33.1813,0,294.016,285.016,0.000183068,5.4293,3.86321e-05,6.78766e-06,0.909645,4.44465e-06,1.49575e-05,-0.0357219,0.0726392,8.36333,0.00709278,0.00706934,2.28897e-05,8.5881422880942e-06
"375",94003.5,5.37802,3.89536,4.04442,4.00449,3.9914,0.366845,1.77857,-7.89134,0.448259,-0.427516,0.0948975,-33.1819,0,294.02,285.02,0.000183129,5.42956,3.86487e-05,6.78614e-06,0.910278,4.44442e-06,1.496e-05,-0.0356884,0.0726422,8.36287,0.00710518,0.00708171,2.29147e-05,8.58593971584574e-06
"376",94253.9,5.38056,3.89632,4.04542,4.00543,3.99233,0.366967,1.77916,-7.88987,0.449234,-0.426599,0.0950469,-33.1825,0,294.024,285.024,0.00018319,5.42982,3.86653e-05,6.78466e-06,0.911035,4.4442e-06,1.49624e-05,-0.0356732,0.0726452,8.36243,0.0071176,0.00709403,2.29396e-05,8.58373812425502e-06
"377",94504.1,5.3831,3.89727,4.04641,4.00638,3.99327,0.367089,1.77976,-7.88841,0.45021,-0.425682,0.0951963,-33.183,0,294.028,285.028,0.000183251,5.43008,3.86818e-05,6.78318e-06,0.911795,4.44398e-06,1.49649e-05,-0.0356582,0.0726482,8.36198,0.00712993,0.00710636,2.29646e-05,8.58153308937347e-06
"378",94755.1,5.38572,3.8982,4.0474,4.00732,3.9942,0.367211,1.78035,-7.88696,0.451268,-0.42476,0.0953466,-33.1836,0,294.033,285.033,0.000183312,5.43034,3.86984e-05,6.78164e-06,0.912401,4.44373e-06,1.49673e-05,-0.0356201,0.0726512,8.36152,0.00714228,0.0071188,2.29897e-05,8.57931128303728e-06
"379",95008.2,5.38826,3.89917,4.04841,4.00828,3.99515,0.367334,1.78095,-7.88546,0.452243,-0.42383,0.0954986,-33.1842,0,294.037,285.037,0.000183373,5.4306,3.87151e-05,6.78017e-06,0.913217,4.44352e-06,1.49699e-05,-0.0356109,0.0726542,8.36107,0.00715489,0.00713133,2.30152e-05,8.57706077423411e-06
"380",95258.6,5.39083,3.90011,4.0494,4.00922,3.99608,0.367455,1.78154,-7.88398,0.453255,-0.422909,0.0956494,-33.1848,0,294.041,285.041,0.000183434,5.43085,3.87317e-05,6.77867e-06,0.913917,4.44329e-06,1.49723e-05,-0.0355864,0.0726572,8.36061,0.00716739,0.00714378,2.30404e-05,8.57482446855811e-06
"381",95509.2,5.39343,3.90104,4.05039,4.01017,3.99702,0.367577,1.78214,-7.8825,0.454291,-0.421987,0.0958004,-33.1853,0,294.045,285.045,0.000183494,5.43111,3.87483e-05,6.77715e-06,0.914558,4.44306e-06,1.49747e-05,-0.0355538,0.0726602,8.36016,0.00717992,0.00715627,2.30656e-05,8.5725816257547e-06
"382",95762.2,5.39599,3.90201,4.0514,4.01112,3.99796,0.3677,1.78273,-7.88101,0.455272,-0.421055,0.095953,-33.1859,0,294.049,285.049,0.000183556,5.43137,3.8765e-05,6.77566e-06,0.915348,4.44284e-06,1.49773e-05,-0.0355412,0.0726632,8.35971,0.00719259,0.00716887,2.30911e-05,8.57031137259445e-06
"383",96015.3,5.39858,3.90297,4.0524,4.01208,3.99891,0.367823,1.78333,-7.87954,0.456273,-0.420122,0.0961057,-33.1865,0,294.053,285.053,0.000183617,5.43163,3.87818e-05,6.77415e-06,0.916103,4.44261e-06,1.49797e-05,-0.0355233,0.0726662,8.35925,0.00720518,0.00718148,2.31167e-05,8.56803594895925e-06
"384",96265.4,5.40115,3.90391,4.05339,4.01302,3.99984,0.367945,1.78393,-7.87807,0.45728,-0.419198,0.0962571,-33.1871,0,294.057,285.057,0.000183678,5.43188,3.87983e-05,6.77265e-06,0.916812,4.44238e-06,1.49822e-05,-0.0355002,0.0726692,8.3588,0.00721778,0.007194,2.3142e-05,8.56577624518196e-06
"385",96515.5,5.40371,3.90486,4.05438,4.01397,4.00078,0.368066,1.78452,-7.8766,0.458288,-0.418274,0.0964089,-33.1877,0,294.062,285.062,0.000183739,5.43214,3.88149e-05,6.77116e-06,0.917534,4.44216e-06,1.49846e-05,-0.0354783,0.0726721,8.35835,0.00723028,0.00720654,2.31674e-05,8.56350690584642e-06
"386",96765.5,5.40628,3.9058,4.05537,4.01491,4.00171,0.368188,1.78511,-7.87513,0.459296,-0.417349,0.0965609,-33.1882,0,294.066,285.066,0.000183799,5.4324,3.88314e-05,6.76966e-06,0.918253,4.44193e-06,1.49871e-05,-0.0354562,0.0726751,8.3579,0.00724292,0.00721911,2.31929e-05,8.56123088418578e-06
"387",97018.7,5.40891,3.90674,4.05638,4.01587,4.00265,0.368311,1.78571,-7.87366,0.460352,-0.416412,0.0967151,-33.1888,0,294.07,285.07,0.000183861,5.43266,3.88482e-05,6.76812e-06,0.918913,4.44169e-06,1.49895e-05,-0.0354236,0.0726781,8.35744,0.00725559,0.00723187,2.32187e-05,8.55891812920047e-06
"388",97271.3,5.41146,3.90771,4.05738,4.01682,4.0036,0.368433,1.78631,-7.87215,0.461336,-0.415476,0.0968694,-33.1894,0,294.074,285.074,0.000183922,5.43291,3.88649e-05,6.76664e-06,0.919728,4.44148e-06,1.49921e-05,-0.0354133,0.0726811,8.35699,0.0072684,0.00724461,2.32445e-05,8.55660003674903e-06
"389",97524,5.41405,3.90867,4.05838,4.01777,4.00454,0.368556,1.78691,-7.87065,0.462351,-0.414538,0.097024,-33.1899,0,294.078,285.078,0.000183983,5.43317,3.88816e-05,6.76513e-06,0.920475,4.44125e-06,1.49945e-05,-0.0353933,0.0726841,8.35654,0.00728124,0.00725739,2.32704e-05,8.55427357122805e-06
"390",97774.2,5.41666,3.90959,4.05937,4.01872,4.00547,0.368678,1.7875,-7.86917,0.463406,-0.413609,0.0971774,-33.1905,0,294.082,285.082,0.000184044,5.43342,3.88982e-05,6.7636e-06,0.9211,4.44101e-06,1.49969e-05,-0.0353571,0.0726871,8.35608,0.00729396,0.0072701,2.32961e-05,8.55196132283403e-06
"391",98027,5.41926,3.91054,4.06037,4.01967,4.00642,0.368801,1.7881,-7.86767,0.464425,-0.41267,0.0973325,-33.1911,0,294.086,285.086,0.000184105,5.43368,3.89149e-05,6.76209e-06,0.921834,4.44079e-06,1.49994e-05,-0.0353353,0.07269,8.35562,0.00730684,0.00728292,2.33221e-05,8.54961954383605e-06
"392",98279.4,5.42183,3.91151,4.06137,4.02062,4.00736,0.368923,1.7887,-7.86618,0.465415,-0.411731,0.0974876,-33.1917,0,294.091,285.091,0.000184167,5.43393,3.89316e-05,6.76059e-06,0.922626,4.44057e-06,1.50019e-05,-0.035322,0.072693,8.35517,0.00731974,0.00729574,2.3348e-05,8.54727382089057e-06
"393",98531.8,5.42442,3.91247,4.06237,4.02157,4.0083,0.369046,1.78929,-7.8647,0.466422,-0.410791,0.0976428,-33.1922,0,294.095,285.095,0.000184228,5.43419,3.89483e-05,6.75909e-06,0.923387,4.44034e-06,1.50044e-05,-0.035304,0.072696,8.35472,0.00733255,0.00730858,2.3374e-05,8.54492262112117e-06
"394",98784.2,5.427,3.91342,4.06337,4.02253,4.00924,0.369169,1.78989,-7.8632,0.467431,-0.40985,0.0977985,-33.1928,0,294.099,285.099,0.000184289,5.43444,3.8965e-05,6.75758e-06,0.924149,4.44012e-06,1.50069e-05,-0.0352858,0.0726989,8.35427,0.0073455,0.00732146,2.34001e-05,8.54255984482907e-06
"395",99034.3,5.42964,3.91434,4.06436,4.02347,4.01018,0.36929,1.79048,-7.86175,0.468505,-0.408917,0.0979529,-33.1934,0,294.103,285.103,0.00018435,5.4347,3.89816e-05,6.75603e-06,0.924744,4.43988e-06,1.50092e-05,-0.0352449,0.0727019,8.35381,0.00735823,0.00733427,2.3426e-05,8.54021282132713e-06
"396",99286.2,5.43218,3.91531,4.06536,4.02442,4.01112,0.369413,1.79108,-7.86024,0.46948,-0.407976,0.0981091,-33.1939,0,294.107,285.107,0.000184411,5.43495,3.89983e-05,6.75456e-06,0.925586,4.43966e-06,1.50118e-05,-0.0352381,0.0727048,8.35336,0.00737122,0.00734717,2.34522e-05,8.53783439120925e-06
"397",99538.4,5.43477,3.91627,4.06636,4.02537,4.01206,0.369536,1.79168,-7.85874,0.470494,-0.407033,0.0982656,-33.1945,0,294.111,285.111,0.000184472,5.43521,3.9015e-05,6.75305e-06,0.926346,4.43944e-06,1.50142e-05,-0.0352193,0.0727078,8.35291,0.00738423,0.00736012,2.34784e-05,8.53544729546458e-06
"398",99791,5.43739,3.91721,4.06736,4.02633,4.013,0.369658,1.79228,-7.85726,0.471535,-0.406088,0.0984225,-33.1951,0,294.115,285.115,0.000184533,5.43546,3.90317e-05,6.75153e-06,0.927056,4.43921e-06,1.50167e-05,-0.035193,0.0727108,8.35245,0.00739727,0.00737312,2.35047e-05,8.53304996350257e-06
"399",100044,5.44003,3.91815,4.06836,4.02728,4.01394,0.369781,1.79287,-7.85577,0.472599,-0.405142,0.0985797,-33.1956,0,294.12,285.12,0.000184595,5.43572,3.90485e-05,6.74998e-06,0.92772,4.43897e-06,1.50191e-05,-0.0351598,0.0727137,8.35199,0.00741022,0.00738616,2.35311e-05,8.53064387755646e-06
"400",100295,5.44259,3.91912,4.06936,4.02823,4.01488,0.369904,1.79347,-7.85427,0.47359,-0.404198,0.098737,-33.1962,0,294.124,285.124,0.000184656,5.43597,3.90651e-05,6.7485e-06,0.928544,4.43876e-06,1.50216e-05,-0.0351497,0.0727167,8.35155,0.0074233,0.00739916,2.35575e-05,8.528232064687e-06
"401",100547,5.44517,3.92007,4.07036,4.02918,4.01582,0.370026,1.79407,-7.85277,0.474609,-0.403252,0.0988946,-33.1967,0,294.128,285.128,0.000184717,5.43622,3.90818e-05,6.74699e-06,0.929308,4.43853e-06,1.50241e-05,-0.0351309,0.0727196,8.35109,0.00743641,0.00741221,2.35839e-05,8.52581142395754e-06
"402",100800,5.44779,3.92102,4.07136,4.03013,4.01676,0.370149,1.79467,-7.85127,0.47565,-0.402305,0.0990526,-33.1973,0,294.132,285.132,0.000184778,5.43647,3.90985e-05,6.74547e-06,0.930027,4.4383e-06,1.50265e-05,-0.0351054,0.0727226,8.35064,0.00744954,0.0074253,2.36104e-05,8.52338037257235e-06
"403",101052,5.45042,3.92196,4.07236,4.03108,4.0177,0.370271,1.79526,-7.84979,0.476711,-0.401356,0.0992108,-33.1978,0,294.136,285.136,0.000184839,5.43673,3.91152e-05,6.74393e-06,0.930714,4.43807e-06,1.5029e-05,-0.035075,0.0727255,8.35018,0.00746258,0.00743842,2.3637e-05,8.52094194460506e-06
"404",101303,5.45298,3.92292,4.07336,4.03203,4.01864,0.370394,1.79586,-7.84827,0.477712,-0.400409,0.0993692,-33.1984,0,294.14,285.14,0.000184901,5.43698,3.91319e-05,6.74244e-06,0.931531,4.43785e-06,1.50314e-05,-0.0350632,0.0727284,8.34974,0.00747575,0.00745153,2.36636e-05,8.51849610464459e-06
"405",101555,5.45557,3.92387,4.07435,4.03298,4.01958,0.370516,1.79646,-7.84677,0.478738,-0.399461,0.099528,-33.199,0,294.144,285.144,0.000184962,5.43723,3.91485e-05,6.74094e-06,0.932292,4.43763e-06,1.50339e-05,-0.0350434,0.0727313,8.34928,0.00748895,0.00746468,2.36902e-05,8.51603972053663e-06
"406",101807,5.45819,3.92482,4.07535,4.03393,4.02052,0.370639,1.79705,-7.84526,0.479785,-0.398511,0.0996871,-33.1995,0,294.148,285.148,0.000185023,5.43748,3.91653e-05,6.73941e-06,0.933009,4.4374e-06,1.50364e-05,-0.0350172,0.0727343,8.34883,0.00750217,0.00747787,2.3717e-05,8.51357429060838e-06
"407",102059,5.46082,3.92576,4.07635,4.03488,4.02146,0.370761,1.79765,-7.84376,0.480842,-0.39756,0.0998465,-33.2001,0,294.153,285.153,0.000185084,5.43773,3.9182e-05,6.73788e-06,0.933702,4.43717e-06,1.50388e-05,-0.0349875,0.0727372,8.34837,0.00751542,0.00749109,2.37437e-05,8.51109977005581e-06
"408",102311,5.46342,3.92671,4.07735,4.03583,4.0224,0.370884,1.79825,-7.84225,0.481873,-0.396609,0.100006,-33.2006,0,294.157,285.157,0.000185145,5.43799,3.91986e-05,6.73636e-06,0.934451,4.43694e-06,1.50412e-05,-0.0349659,0.0727401,8.34792,0.00752869,0.00750431,2.37705e-05,8.50861922687357e-06
"409",102562,5.466,3.92767,4.07835,4.03678,4.02334,0.371006,1.79884,-7.84075,0.482881,-0.395658,0.100165,-33.2012,0,294.161,285.161,0.000185206,5.43823,3.92153e-05,6.73487e-06,0.935249,4.43672e-06,1.50437e-05,-0.0349514,0.072743,8.34747,0.00754198,0.00751752,2.37973e-05,8.50614198893557e-06
"410",102814,5.46859,3.92862,4.07934,4.03773,4.02428,0.371128,1.79944,-7.83926,0.483902,-0.394706,0.100325,-33.2017,0,294.165,285.165,0.000185267,5.43848,3.92319e-05,6.73336e-06,0.936023,4.4365e-06,1.50462e-05,-0.0349332,0.0727459,8.34702,0.00755518,0.00753076,2.38241e-05,8.50364464449662e-06
"411",103065,5.47118,3.92957,4.08034,4.03867,4.02522,0.371251,1.80003,-7.83776,0.484923,-0.393754,0.100485,-33.2023,0,294.169,285.169,0.000185328,5.43873,3.92486e-05,6.73186e-06,0.936803,4.43628e-06,1.50486e-05,-0.0349156,0.0727488,8.34657,0.00756852,0.00754403,2.3851e-05,8.50114273879057e-06
"412",103317,5.4738,3.93052,4.08134,4.03962,4.02615,0.371373,1.80063,-7.83626,0.485974,-0.392799,0.100646,-33.2028,0,294.173,285.173,0.000185389,5.43898,3.92653e-05,6.73033e-06,0.937526,4.43605e-06,1.5051e-05,-0.0348897,0.0727518,8.34612,0.00758188,0.00755736,2.3878e-05,8.4986205709309e-06
"413",103568,5.47645,3.93145,4.08233,4.04057,4.02709,0.371496,1.80123,-7.83477,0.487055,-0.391844,0.100807,-33.2034,0,294.177,285.177,0.000185451,5.43924,3.9282e-05,6.72878e-06,0.938191,4.43581e-06,1.50535e-05,-0.0348549,0.0727547,8.34566,0.00759516,0.00757073,2.39051e-05,8.4960937420282e-06
"414",103819,5.479,3.93242,4.08333,4.04152,4.02803,0.371618,1.80182,-7.83325,0.488048,-0.39089,0.100968,-33.2039,0,294.181,285.181,0.000185512,5.43948,3.92986e-05,6.7273e-06,0.939045,4.4356e-06,1.50559e-05,-0.0348474,0.0727576,8.34522,0.00760857,0.00758406,2.39321e-05,8.49356223048822e-06
"415",104070,5.48159,3.93337,4.08432,4.04247,4.02897,0.37174,1.80242,-7.83174,0.489078,-0.389935,0.101129,-33.2044,0,294.185,285.185,0.000185573,5.43973,3.93152e-05,6.7258e-06,0.939818,4.43538e-06,1.50584e-05,-0.0348283,0.0727604,8.34477,0.007622,0.00759743,2.39592e-05,8.49102601455619e-06
"416",104322,5.48421,3.93431,4.08532,4.04341,4.0299,0.371862,1.80301,-7.83023,0.490134,-0.388978,0.101291,-33.205,0,294.19,285.19,0.000185634,5.43998,3.93319e-05,6.72427e-06,0.940538,4.43515e-06,1.50608e-05,-0.0348015,0.0727634,8.34432,0.00763546,0.00761087,2.39865e-05,8.48846927525002e-06
"417",104573,5.48686,3.93524,4.08632,4.04436,4.03084,0.371985,1.80361,-7.82872,0.491209,-0.38802,0.101453,-33.2055,0,294.194,285.194,0.000185695,5.44023,3.93486e-05,6.72272e-06,0.941215,4.43492e-06,1.50632e-05,-0.0347685,0.0727663,8.34386,0.00764894,0.00762433,2.40137e-05,8.48590772824516e-06
"418",104824,5.48946,3.93619,4.08731,4.04531,4.03178,0.372107,1.8042,-7.82721,0.492246,-0.387062,0.101615,-33.2061,0,294.198,285.198,0.000185756,5.44048,3.93653e-05,6.72121e-06,0.941969,4.43469e-06,1.50657e-05,-0.0347467,0.0727692,8.34341,0.00766244,0.00763778,2.4041e-05,8.48334135087663e-06
"419",105075,5.49203,3.93715,4.0883,4.04626,4.03271,0.372229,1.8048,-7.8257,0.493249,-0.386104,0.101777,-33.2066,0,294.202,285.202,0.000185817,5.44072,3.93819e-05,6.71972e-06,0.942797,4.43448e-06,1.50681e-05,-0.0347356,0.072772,8.34297,0.00767597,0.00765122,2.40682e-05,8.48077012030802e-06
"420",105326,5.49463,3.9381,4.0893,4.0472,4.03365,0.372351,1.80539,-7.82421,0.494271,-0.385146,0.101939,-33.2072,0,294.206,285.206,0.000185878,5.44097,3.93985e-05,6.71821e-06,0.943587,4.43426e-06,1.50706e-05,-0.0347188,0.0727749,8.34252,0.00768941,0.00766469,2.40955e-05,8.47819401352969e-06
"421",105577,5.49722,3.93905,4.09029,4.04815,4.03458,0.372473,1.80599,-7.8227,0.495298,-0.384187,0.102102,-33.2077,0,294.21,285.21,0.000185938,5.44122,3.94151e-05,6.71671e-06,0.944372,4.43404e-06,1.5073e-05,-0.0347011,0.0727777,8.34207,0.00770298,0.00767819,2.41229e-05,8.47559705995672e-06
"422",105828,5.49985,3.93999,4.09129,4.04909,4.03552,0.372595,1.80658,-7.8212,0.496356,-0.383226,0.102265,-33.2082,0,294.214,285.214,0.000185999,5.44146,3.94318e-05,6.71518e-06,0.945097,4.43381e-06,1.50754e-05,-0.0346745,0.0727806,8.34162,0.00771658,0.00769176,2.41504e-05,8.47299512251868e-06
"423",106079,5.50251,3.94092,4.09228,4.05004,4.03646,0.372717,1.80718,-7.81971,0.497453,-0.382263,0.102429,-33.2088,0,294.218,285.218,0.00018606,5.44171,3.94485e-05,6.71361e-06,0.945746,4.43357e-06,1.50778e-05,-0.0346365,0.0727835,8.34116,0.00773009,0.00770537,2.41779e-05,8.47037216820007e-06
"424",106329,5.50506,3.94189,4.09328,4.05098,4.03739,0.372839,1.80777,-7.81819,0.498444,-0.381303,0.102592,-33.2093,0,294.222,285.222,0.000186121,5.44196,3.9465e-05,6.71214e-06,0.946623,4.43336e-06,1.50803e-05,-0.0346315,0.0727864,8.34072,0.00774374,0.00771892,2.42055e-05,8.46776015995861e-06
"425",106580,5.50765,3.94284,4.09427,4.05193,4.03833,0.372961,1.80837,-7.81668,0.499474,-0.380341,0.102756,-33.2098,0,294.226,285.226,0.000186182,5.4422,3.94816e-05,6.71064e-06,0.947414,4.43314e-06,1.50827e-05,-0.0346139,0.0727892,8.34027,0.00775741,0.00773253,2.42331e-05,8.46512702393424e-06
"426",106830,5.51028,3.94378,4.09526,4.05288,4.03926,0.373083,1.80896,-7.81517,0.500533,-0.379377,0.10292,-33.2104,0,294.231,285.231,0.000186243,5.44245,3.94983e-05,6.70911e-06,0.94815,4.43291e-06,1.50851e-05,-0.0345883,0.0727921,8.33982,0.00777111,0.00774618,2.42607e-05,8.46248874416354e-06
"427",107081,5.51293,3.94471,4.09626,4.05382,4.0402,0.373205,1.80956,-7.81367,0.501618,-0.378412,0.103085,-33.2109,0,294.235,285.235,0.000186304,5.44269,3.9515e-05,6.70756e-06,0.948836,4.43268e-06,1.50875e-05,-0.0345553,0.072795,8.33937,0.00778471,0.00775988,2.42885e-05,8.45982916095555e-06
"428",107331,5.51548,3.94567,4.09725,4.05476,4.04113,0.373327,1.81015,-7.81215,0.502624,-0.377449,0.10325,-33.2114,0,294.239,285.239,0.000186365,5.44294,3.95315e-05,6.70609e-06,0.949694,4.43247e-06,1.509e-05,-0.0345469,0.0727978,8.33893,0.00779846,0.00777355,2.43162e-05,8.45716431971859e-06
"429",107582,5.51808,3.94662,4.09824,4.05571,4.04206,0.373449,1.81074,-7.81063,0.503664,-0.376484,0.103415,-33.212,0,294.243,285.243,0.000186426,5.44318,3.95481e-05,6.70458e-06,0.950477,4.43225e-06,1.50924e-05,-0.0345278,0.0728006,8.33848,0.00781222,0.00778726,2.4344e-05,8.45449419438737e-06
"430",107832,5.52071,3.94756,4.09923,4.05665,4.043,0.373571,1.81134,-7.80911,0.504728,-0.375517,0.10358,-33.2125,0,294.247,285.247,0.000186487,5.44343,3.95648e-05,6.70305e-06,0.951209,4.43202e-06,1.50948e-05,-0.0345011,0.0728035,8.33803,0.00782602,0.00780102,2.43719e-05,8.45181875868922e-06
"431",108083,5.52335,3.94849,4.10023,4.0576,4.04393,0.373693,1.81193,-7.80759,0.505809,-0.374549,0.103746,-33.213,0,294.251,285.251,0.000186547,5.44367,3.95814e-05,6.70151e-06,0.951904,4.43179e-06,1.50972e-05,-0.0344692,0.0728063,8.33757,0.00783983,0.00781482,2.43999e-05,8.44912172271094e-06
"432",108333,5.52596,3.94943,4.10122,4.05854,4.04486,0.373815,1.81253,-7.80607,0.506854,-0.373582,0.103912,-33.2136,0,294.255,285.255,0.000186608,5.44391,3.9598e-05,6.69999e-06,0.952673,4.43156e-06,1.50997e-05,-0.0344481,0.0728092,8.33713,0.00785368,0.00782861,2.44278e-05,8.44641925781495e-06
"433",108586,5.5286,3.95039,4.10222,4.0595,4.04581,0.373938,1.81313,-7.80454,0.507915,-0.372602,0.10408,-33.2141,0,294.259,285.259,0.00018667,5.44416,3.96148e-05,6.69846e-06,0.953453,4.43134e-06,1.51021e-05,-0.0344266,0.0728121,8.33667,0.00786768,0.00784259,2.44562e-05,8.44367867766359e-06
"434",108839,5.53125,3.95134,4.10323,4.06045,4.04675,0.374061,1.81373,-7.80301,0.508977,-0.371622,0.104248,-33.2146,0,294.263,285.263,0.000186731,5.44441,3.96316e-05,6.69692e-06,0.954233,4.43111e-06,1.51045e-05,-0.034405,0.0728149,8.33622,0.00788172,0.00785659,2.44845e-05,8.44093248028508e-06
"435",109092,5.53389,3.9523,4.10423,4.0614,4.0477,0.374184,1.81433,-7.80148,0.510039,-0.370641,0.104417,-33.2151,0,294.268,285.268,0.000186793,5.44465,3.96484e-05,6.69539e-06,0.955015,4.43089e-06,1.5107e-05,-0.0343835,0.0728178,8.33577,0.00789577,0.00787062,2.4513e-05,8.4381642398245e-06
"436",109345,5.53653,3.95325,4.10523,4.06236,4.04864,0.374308,1.81493,-7.79994,0.511103,-0.369659,0.104586,-33.2157,0,294.272,285.272,0.000186854,5.4449,3.96652e-05,6.69385e-06,0.955797,4.43066e-06,1.51094e-05,-0.034362,0.0728206,8.33532,0.00790986,0.00788467,2.45415e-05,8.43539025621487e-06
"437",109598,5.53917,3.95421,4.10623,4.06331,4.04958,0.374431,1.81553,-7.79841,0.512166,-0.368677,0.104755,-33.2162,0,294.276,285.276,0.000186916,5.44514,3.9682e-05,6.69232e-06,0.95658,4.43044e-06,1.51119e-05,-0.0343405,0.0728235,8.33486,0.00792397,0.00789875,2.457e-05,8.43261049957551e-06
"438",109851,5.54181,3.95516,4.10724,4.06427,4.05053,0.374554,1.81613,-7.79688,0.513231,-0.367693,0.104924,-33.2167,0,294.28,285.28,0.000186977,5.44539,3.96988e-05,6.69079e-06,0.957364,4.43021e-06,1.51143e-05,-0.034319,0.0728263,8.33441,0.0079381,0.00791285,2.45986e-05,8.42982493977622e-06
"439",110104,5.54446,3.95612,4.10824,4.06522,4.05147,0.374677,1.81673,-7.79534,0.514296,-0.366709,0.105094,-33.2173,0,294.284,285.284,0.000187039,5.44563,3.97156e-05,6.68925e-06,0.958149,4.42999e-06,1.51168e-05,-0.0342976,0.0728292,8.33396,0.00795226,0.00792698,2.46273e-05,8.42701701189206e-06
"440",110357,5.5471,3.95707,4.10924,4.06617,4.05241,0.3748,1.81733,-7.79381,0.515362,-0.365725,0.105264,-33.2178,0,294.288,285.288,0.0001871,5.44588,3.97324e-05,6.68772e-06,0.958935,4.42977e-06,1.51192e-05,-0.0342761,0.072832,8.33351,0.00796644,0.00794114,2.4656e-05,8.42420315003908e-06
"441",110609,5.54975,3.95802,4.11024,4.06713,4.05335,0.374923,1.81793,-7.79227,0.516429,-0.36474,0.105435,-33.2183,0,294.292,285.292,0.000187162,5.44612,3.97491e-05,6.68618e-06,0.959722,4.42954e-06,1.51216e-05,-0.0342547,0.0728349,8.33306,0.00798065,0.00795531,2.46847e-05,8.42136671783662e-06
"442",110862,5.55239,3.95898,4.11124,4.06808,4.0543,0.375047,1.81853,-7.79073,0.517496,-0.363754,0.105605,-33.2188,0,294.297,285.297,0.000187223,5.44636,3.97659e-05,6.68465e-06,0.960509,4.42932e-06,1.51241e-05,-0.0342333,0.0728377,8.3326,0.00799488,0.00796952,2.47136e-05,8.41854085805609e-06
"443",111115,5.55503,3.95993,4.11225,4.06903,4.05524,0.37517,1.81913,-7.7892,0.518564,-0.362767,0.105776,-33.2194,0,294.301,285.301,0.000187285,5.44661,3.97827e-05,6.68311e-06,0.961298,4.42909e-06,1.51265e-05,-0.0342119,0.0728406,8.33215,0.00800914,0.00798375,2.47424e-05,8.41569229288882e-06
"444",111367,5.55768,3.96088,4.11325,4.06998,4.05618,0.375293,1.81973,-7.78766,0.519632,-0.361779,0.105947,-33.2199,0,294.305,285.305,0.000187346,5.44685,3.97995e-05,6.68158e-06,0.962087,4.42887e-06,1.51289e-05,-0.0341905,0.0728434,8.3317,0.00802343,0.007998,2.47713e-05,8.41283759442771e-06
"445",111620,5.56032,3.96184,4.11425,4.07093,4.05712,0.375416,1.82033,-7.78612,0.520701,-0.360791,0.106119,-33.2204,0,294.309,285.309,0.000187407,5.44709,3.98162e-05,6.68004e-06,0.962877,4.42864e-06,1.51314e-05,-0.0341692,0.0728462,8.33125,0.00803774,0.00801228,2.48003e-05,8.4099599811461e-06
"446",111872,5.56297,3.96279,4.11525,4.07189,4.05806,0.375539,1.82092,-7.78458,0.521771,-0.359802,0.10629,-33.2209,0,294.313,285.313,0.000187469,5.44734,3.9833e-05,6.67851e-06,0.963668,4.42842e-06,1.51338e-05,-0.0341478,0.072849,8.3308,0.00805207,0.00802659,2.48293e-05,8.40709288009133e-06
"447",112124,5.56562,3.96374,4.11625,4.07284,4.059,0.375662,1.82152,-7.78305,0.522842,-0.358813,0.106462,-33.2214,0,294.317,285.317,0.00018753,5.44758,3.98498e-05,6.67697e-06,0.96446,4.4282e-06,1.51362e-05,-0.0341265,0.0728519,8.33035,0.00806644,0.00804092,2.48584e-05,8.40420272378836e-06
"448",112377,5.56826,3.96469,4.11725,4.07379,4.05994,0.375784,1.82212,-7.78151,0.523913,-0.357823,0.106635,-33.2219,0,294.321,285.321,0.000187592,5.44782,3.98665e-05,6.67544e-06,0.965253,4.42797e-06,1.51386e-05,-0.0341052,0.0728547,8.3299,0.00808082,0.00805528,2.48875e-05,8.40128936733434e-06
"449",112629,5.57091,3.96565,4.11825,4.07474,4.06089,0.375907,1.82272,-7.77997,0.524985,-0.356832,0.106807,-33.2225,0,294.325,285.325,0.000187653,5.44806,3.98833e-05,6.6739e-06,0.966047,4.42775e-06,1.51411e-05,-0.0340839,0.0728575,8.32945,0.00809524,0.00806966,2.49167e-05,8.39838645608043e-06
"450",112881,5.57356,3.9666,4.11925,4.07569,4.06183,0.37603,1.82332,-7.77843,0.526057,-0.35584,0.10698,-33.223,0,294.329,285.329,0.000187714,5.4483,3.99e-05,6.67237e-06,0.966842,4.42753e-06,1.51435e-05,-0.0340626,0.0728603,8.329,0.00810967,0.00808407,2.49459e-05,8.39546019958906e-06
"451",113133,5.5762,3.96755,4.12025,4.07664,4.06277,0.376153,1.82392,-7.77688,0.527131,-0.354848,0.107153,-33.2235,0,294.334,285.334,0.000187776,5.44854,3.99168e-05,6.67083e-06,0.967637,4.4273e-06,1.51459e-05,-0.0340414,0.0728631,8.32855,0.00812414,0.0080985,2.49752e-05,8.39252742042659e-06
"452",113385,5.57885,3.9685,4.12125,4.07759,4.06371,0.376276,1.82452,-7.77534,0.528204,-0.353854,0.107327,-33.224,0,294.338,285.338,0.000187837,5.44878,3.99335e-05,6.6693e-06,0.968433,4.42708e-06,1.51483e-05,-0.0340201,0.0728659,8.3281,0.00813863,0.00811296,2.50045e-05,8.38957107259039e-06
"453",113637,5.5815,3.96945,4.12225,4.07854,4.06465,0.376399,1.82512,-7.7738,0.529279,-0.352861,0.1075,-33.2245,0,294.342,285.342,0.000187898,5.44902,3.99503e-05,6.66777e-06,0.969231,4.42686e-06,1.51508e-05,-0.0339989,0.0728687,8.32765,0.00815314,0.00812745,2.50339e-05,8.38662510011449e-06
"454",113889,5.58415,3.9704,4.12325,4.07949,4.06558,0.376522,1.82571,-7.77226,0.530354,-0.351866,0.107674,-33.225,0,294.346,285.346,0.00018796,5.44926,3.9967e-05,6.66623e-06,0.970029,4.42663e-06,1.51532e-05,-0.0339777,0.0728715,8.3272,0.00816769,0.00814196,2.50634e-05,8.38365540791619e-06
"455",114141,5.5868,3.97135,4.12425,4.08044,4.06652,0.376644,1.82631,-7.77071,0.53143,-0.350871,0.107849,-33.2255,0,294.35,285.35,0.000188021,5.4495,3.99838e-05,6.6647e-06,0.970828,4.42641e-06,1.51556e-05,-0.0339565,0.0728743,8.32675,0.00818225,0.00815649,2.50929e-05,8.38066184185054e-06
"456",114392,5.58945,3.9723,4.12524,4.08139,4.06746,0.376767,1.82691,-7.76917,0.532507,-0.349875,0.108023,-33.226,0,294.354,285.354,0.000188082,5.44974,4.00005e-05,6.66316e-06,0.971628,4.42619e-06,1.5158e-05,-0.0339353,0.0728771,8.3263,0.00819685,0.00817106,2.51224e-05,8.37767857544747e-06
"457",114644,5.59209,3.97326,4.12624,4.08234,4.0684,0.37689,1.82751,-7.76763,0.533584,-0.348878,0.108198,-33.2265,0,294.358,285.358,0.000188143,5.44998,4.00172e-05,6.66163e-06,0.972428,4.42596e-06,1.51604e-05,-0.0339142,0.0728799,8.32585,0.00821147,0.00818565,2.5152e-05,8.3746712789809e-06
"458",114896,5.59474,3.97421,4.12724,4.08329,4.06934,0.377013,1.82811,-7.76608,0.534662,-0.347881,0.108373,-33.227,0,294.362,285.362,0.000188205,5.45022,4.0034e-05,6.66009e-06,0.97323,4.42574e-06,1.51628e-05,-0.033893,0.0728827,8.3254,0.00822611,0.00820026,2.51817e-05,8.37165703814876e-06
"459",115147,5.59739,3.97516,4.12824,4.08424,4.07028,0.377135,1.8287,-7.76454,0.53574,-0.346883,0.108549,-33.2276,0,294.366,285.366,0.000188266,5.45046,4.00507e-05,6.65856e-06,0.974033,4.42552e-06,1.51653e-05,-0.0338719,0.0728855,8.32495,0.00824079,0.0082149,2.52114e-05,8.36861852842919e-06
"460",115399,5.60005,3.97611,4.12924,4.08519,4.07122,0.377258,1.8293,-7.76299,0.536819,-0.345884,0.108724,-33.2281,0,294.37,285.37,0.000188327,5.4507,4.00674e-05,6.65702e-06,0.974836,4.4253e-06,1.51677e-05,-0.0338508,0.0728883,8.32451,0.00825548,0.00822957,2.52411e-05,8.36559023754416e-06
"461",115650,5.6027,3.97706,4.13023,4.08614,4.07215,0.37738,1.8299,-7.76144,0.537899,-0.344885,0.108901,-33.2286,0,294.375,285.375,0.000188388,5.45094,4.00842e-05,6.65549e-06,0.97564,4.42507e-06,1.51701e-05,-0.0338297,0.072891,8.32406,0.00827021,0.00824426,2.5271e-05,8.36252014944613e-06
"462",115902,5.60535,3.978,4.13123,4.08708,4.07309,0.377503,1.8305,-7.7599,0.53898,-0.343885,0.109077,-33.2291,0,294.379,285.379,0.00018845,5.45118,4.01009e-05,6.65395e-06,0.976445,4.42485e-06,1.51725e-05,-0.0338086,0.0728938,8.32361,0.00828496,0.00825898,2.53008e-05,8.3594601964063e-06
"463",116153,5.608,3.97895,4.13223,4.08803,4.07403,0.377626,1.83109,-7.75835,0.540061,-0.342884,0.109253,-33.2296,0,294.383,285.383,0.000188511,5.45141,4.01176e-05,6.65242e-06,0.977251,4.42463e-06,1.51749e-05,-0.0337875,0.0728966,8.32316,0.00829974,0.00827373,2.53308e-05,8.35639301115701e-06
"464",116404,5.61065,3.9799,4.13322,4.08898,4.07497,0.377748,1.83169,-7.7568,0.541143,-0.341882,0.10943,-33.2301,0,294.387,285.387,0.000188572,5.45165,4.01343e-05,6.65088e-06,0.978058,4.42441e-06,1.51773e-05,-0.0337665,0.0728994,8.32271,0.00831454,0.0082885,2.53607e-05,8.35330106142027e-06
"465",116656,5.6133,3.98085,4.13422,4.08993,4.0759,0.377871,1.83229,-7.75525,0.542225,-0.34088,0.109608,-33.2306,0,294.391,285.391,0.000188633,5.45189,4.0151e-05,6.64935e-06,0.978866,4.42419e-06,1.51797e-05,-0.0337454,0.0729021,8.32227,0.00832937,0.0083033,2.53908e-05,8.35018417807052e-06
"466",116907,5.61596,3.9818,4.13522,4.09087,4.07684,0.377993,1.83288,-7.7537,0.543309,-0.339877,0.109785,-33.2311,0,294.395,285.395,0.000188694,5.45212,4.01677e-05,6.64781e-06,0.979675,4.42396e-06,1.51821e-05,-0.0337244,0.0729049,8.32182,0.00834422,0.00831812,2.54209e-05,8.34707733759784e-06
"467",117158,5.61861,3.98275,4.13621,4.09182,4.07778,0.378116,1.83348,-7.75215,0.544393,-0.338873,0.109963,-33.2316,0,294.399,285.399,0.000188755,5.45236,4.01844e-05,6.64628e-06,0.980484,4.42374e-06,1.51845e-05,-0.0337034,0.0729076,8.32137,0.00835911,0.00833298,2.5451e-05,8.34394538901681e-06
"468",117409,5.62126,3.9837,4.13721,4.09277,4.07871,0.378238,1.83408,-7.7506,0.545477,-0.337868,0.110141,-33.232,0,294.403,285.403,0.000188817,5.4526,4.02011e-05,6.64474e-06,0.981295,4.42352e-06,1.51869e-05,-0.0336824,0.0729104,8.32092,0.00837402,0.00834785,2.54812e-05,8.34080581780146e-06
"469",117660,5.62392,3.98464,4.13821,4.09371,4.07965,0.378361,1.83467,-7.74905,0.546562,-0.336863,0.110319,-33.2325,0,294.407,285.407,0.000188878,5.45283,4.02178e-05,6.64321e-06,0.982106,4.4233e-06,1.51893e-05,-0.0336615,0.0729131,8.32048,0.00838895,0.00836276,2.55114e-05,8.33765857740126e-06
"470",117911,5.62657,3.98559,4.1392,4.09466,4.08058,0.378483,1.83527,-7.7475,0.547648,-0.335857,0.110498,-33.233,0,294.411,285.411,0.000188939,5.45307,4.02345e-05,6.64167e-06,0.982918,4.42308e-06,1.51917e-05,-0.0336405,0.0729159,8.32003,0.00840391,0.00837769,2.55418e-05,8.33448587444803e-06
"471",118162,5.62923,3.98654,4.1402,4.09561,4.08152,0.378606,1.83587,-7.74595,0.548735,-0.334851,0.110677,-33.2335,0,294.415,285.415,0.000189,5.4533,4.02512e-05,6.64014e-06,0.983731,4.42286e-06,1.51941e-05,-0.0336196,0.0729186,8.31958,0.0084189,0.00839265,2.55721e-05,8.33130532008451e-06
"472",118413,5.63188,3.98749,4.14119,4.09655,4.08246,0.378728,1.83646,-7.7444,0.549822,-0.333843,0.110856,-33.234,0,294.42,285.42,0.000189061,5.45354,4.02679e-05,6.6386e-06,0.984545,4.42263e-06,1.51965e-05,-0.0335987,0.0729214,8.31914,0.00843392,0.00840763,2.56025e-05,8.3281168655554e-06
"473",118663,5.63454,3.98844,4.14219,4.0975,4.08339,0.37885,1.83706,-7.74284,0.55091,-0.332835,0.111036,-33.2345,0,294.424,285.424,0.000189122,5.45377,4.02846e-05,6.63707e-06,0.98536,4.42241e-06,1.51989e-05,-0.0335778,0.0729241,8.31869,0.00844896,0.00842264,2.5633e-05,8.3249025821917e-06
"474",118914,5.63719,3.98938,4.14318,4.09844,4.08433,0.378973,1.83766,-7.74129,0.551999,-0.331827,0.111216,-33.235,0,294.428,285.428,0.000189183,5.45401,4.03013e-05,6.63553e-06,0.986176,4.42219e-06,1.52013e-05,-0.0335569,0.0729269,8.31824,0.00846403,0.00843768,2.56635e-05,8.32168020977809e-06
"475",119165,5.63985,3.99033,4.14418,4.09939,4.08526,0.379095,1.83825,-7.73974,0.553088,-0.330817,0.111396,-33.2355,0,294.432,285.432,0.000189244,5.45424,4.0318e-05,6.634e-06,0.986992,4.42197e-06,1.52037e-05,-0.033536,0.0729296,8.3178,0.00847913,0.00845274,2.56941e-05,8.3184496972295e-06
"476",119415,5.64251,3.99128,4.14517,4.10033,4.0862,0.379217,1.83885,-7.73818,0.554178,-0.329807,0.111576,-33.236,0,294.436,285.436,0.000189305,5.45448,4.03347e-05,6.63246e-06,0.98781,4.42175e-06,1.52061e-05,-0.0335151,0.0729323,8.31735,0.00849425,0.00846783,2.57248e-05,8.31521099294267e-06
"477",119666,5.64516,3.99222,4.14616,4.10128,4.08713,0.37934,1.83944,-7.73663,0.555269,-0.328796,0.111757,-33.2365,0,294.44,285.44,0.000189366,5.45471,4.03514e-05,6.63093e-06,0.988628,4.42153e-06,1.52085e-05,-0.0334943,0.0729351,8.31691,0.0085094,0.00848295,2.57555e-05,8.31194598306319e-06
"478",119916,5.64782,3.99317,4.14716,4.10222,4.08806,0.379462,1.84004,-7.73507,0.55636,-0.327784,0.111938,-33.2369,0,294.444,285.444,0.000189427,5.45494,4.0368e-05,6.62939e-06,0.989447,4.42131e-06,1.52109e-05,-0.0334735,0.0729378,8.31646,0.00852458,0.0084981,2.57862e-05,8.30867258391783e-06
"479",120166,5.65048,3.99411,4.14815,4.10317,4.089,0.379584,1.84063,-7.73351,0.557452,-0.326772,0.112119,-33.2374,0,294.448,285.448,0.000189488,5.45518,4.03847e-05,6.62786e-06,0.990267,4.42109e-06,1.52132e-05,-0.0334527,0.0729405,8.31602,0.00853978,0.00851327,2.5817e-05,8.30539074140859e-06
"480",120417,5.65314,3.99506,4.14915,4.10411,4.08993,0.379706,1.84123,-7.73196,0.558544,-0.325759,0.112301,-33.2379,0,294.452,285.452,0.000189549,5.45541,4.04014e-05,6.62632e-06,0.991088,4.42087e-06,1.52156e-05,-0.0334319,0.0729432,8.31557,0.00855501,0.00852847,2.58479e-05,8.30208219849299e-06
"481",120667,5.6558,3.99601,4.15014,4.10506,4.09087,0.379828,1.84182,-7.7304,0.559638,-0.324745,0.112483,-33.2384,0,294.456,285.456,0.00018961,5.45564,4.0418e-05,6.62479e-06,0.99191,4.42065e-06,1.5218e-05,-0.0334111,0.0729459,8.31512,0.00857027,0.0085437,2.58788e-05,8.29876500724575e-06
"482",120917,5.65846,3.99695,4.15113,4.106,4.0918,0.379951,1.84242,-7.72884,0.560732,-0.323731,0.112665,-33.2389,0,294.46,285.46,0.000189671,5.45587,4.04347e-05,6.62325e-06,0.992733,4.42043e-06,1.52204e-05,-0.0333903,0.0729486,8.31468,0.00858556,0.00855895,2.59098e-05,8.29543911092875e-06
"483",121167,5.66112,3.9979,4.15212,4.10694,4.09273,0.380073,1.84302,-7.72728,0.561827,-0.322716,0.112848,-33.2393,0,294.464,285.464,0.000189732,5.45611,4.04514e-05,6.62172e-06,0.993557,4.42021e-06,1.52228e-05,-0.0333696,0.0729514,8.31423,0.00860087,0.00857423,2.59408e-05,8.29208610559376e-06
"484",121417,5.66378,3.99884,4.15312,4.10789,4.09366,0.380195,1.84361,-7.72572,0.562922,-0.3217,0.11303,-33.2398,0,294.468,285.468,0.000189793,5.45634,4.0468e-05,6.62018e-06,0.994381,4.41999e-06,1.52252e-05,-0.0333489,0.0729541,8.31379,0.00861621,0.00858954,2.59719e-05,8.28874257789788e-06
"485",121667,5.66644,3.99979,4.15411,4.10883,4.0946,0.380317,1.8442,-7.72416,0.564018,-0.320683,0.113214,-33.2403,0,294.473,285.473,0.000189854,5.45657,4.04847e-05,6.61865e-06,0.995207,4.41977e-06,1.52275e-05,-0.0333282,0.0729568,8.31335,0.00863158,0.00860487,2.6003e-05,8.28535328179246e-06
"486",121920,5.66913,4.00074,4.15511,4.10978,4.09554,0.38044,1.84481,-7.72259,0.565131,-0.319653,0.113399,-33.2408,0,294.477,285.477,0.000189916,5.4568,4.05015e-05,6.61709e-06,0.996043,4.41954e-06,1.523e-05,-0.033307,0.0729595,8.3129,0.00864713,0.00862042,2.60346e-05,8.28193635425487e-06
"487",122173,5.67178,4.00171,4.15612,4.11074,4.09648,0.380564,1.84541,-7.72102,0.566205,-0.318624,0.113585,-33.2413,0,294.481,285.481,0.000189977,5.45704,4.05183e-05,6.61557e-06,0.996964,4.41933e-06,1.52324e-05,-0.033298,0.0729622,8.31245,0.00866271,0.00863595,2.60662e-05,8.27849158215486e-06
"488",122425,5.67445,4.00268,4.15712,4.11169,4.09743,0.380687,1.84601,-7.71944,0.567296,-0.317594,0.113771,-33.2417,0,294.485,285.485,0.000190039,5.45727,4.05352e-05,6.61404e-06,0.997844,4.41912e-06,1.52348e-05,-0.0332833,0.0729649,8.31201,0.00867832,0.00865153,2.60978e-05,8.27503734565257e-06
"489",122678,5.67716,4.00363,4.15812,4.11264,4.09837,0.380811,1.84661,-7.71787,0.568415,-0.316562,0.113957,-33.2422,0,294.489,285.489,0.000190101,5.4575,4.0552e-05,6.61247e-06,0.998664,4.41889e-06,1.52372e-05,-0.0332598,0.0729676,8.31156,0.00869395,0.00866716,2.61296e-05,8.271573579471e-06
"490",122931,5.67991,4.00457,4.15913,4.1136,4.09931,0.380934,1.84721,-7.71631,0.569572,-0.315528,0.114144,-33.2427,0,294.493,285.493,0.000190162,5.45774,4.05689e-05,6.61088e-06,0.999399,4.41865e-06,1.52396e-05,-0.0332241,0.0729704,8.3111,0.00870962,0.00868285,2.61614e-05,8.26808151756755e-06
"491",123184,5.68256,4.00554,4.16013,4.11455,4.10025,0.381058,1.84781,-7.71471,0.57064,-0.314496,0.114331,-33.2432,0,294.497,285.497,0.000190224,5.45797,4.05857e-05,6.60936e-06,1.00033,4.41844e-06,1.5242e-05,-0.0332167,0.0729731,8.31066,0.00872544,0.0086985,2.61932e-05,8.26457968870809e-06
"492",123436,5.68523,4.0065,4.16113,4.1155,4.1012,0.381181,1.84841,-7.71312,0.571737,-0.313463,0.114519,-33.2437,0,294.501,285.501,0.000190286,5.4582,4.06025e-05,6.60782e-06,1.00121,4.41823e-06,1.52444e-05,-0.0332008,0.0729758,8.31021,0.00874116,0.00871419,2.62251e-05,8.2610492187946e-06
"493",123689,5.68795,4.00745,4.16214,4.11646,4.10214,0.381304,1.84902,-7.71154,0.572866,-0.312428,0.114707,-33.2441,0,294.505,285.505,0.000190347,5.45843,4.06194e-05,6.60626e-06,1.00202,4.418e-06,1.52468e-05,-0.0331755,0.0729785,8.30976,0.00875691,0.00872995,2.62571e-05,8.25750873739393e-06
"494",123942,5.69071,4.00838,4.16314,4.11741,4.10308,0.381428,1.84962,-7.70997,0.574041,-0.311391,0.114895,-33.2446,0,294.51,285.51,0.000190409,5.45867,4.06363e-05,6.60465e-06,1.00273,4.41776e-06,1.52491e-05,-0.0331355,0.0729813,8.3093,0.00877268,0.00874578,2.62892e-05,8.25395817322787e-06
"495",124194,5.69334,4.00936,4.16414,4.11836,4.10402,0.381551,1.85022,-7.70837,0.575094,-0.310356,0.115083,-33.2451,0,294.514,285.514,0.00019047,5.4589,4.0653e-05,6.60315e-06,1.00371,4.41756e-06,1.52516e-05,-0.0331341,0.0729839,8.30886,0.00878862,0.00876152,2.63212e-05,8.25039745420274e-06
"496",124446,5.69601,4.01032,4.16514,4.11931,4.10496,0.381674,1.85082,-7.70678,0.576191,-0.30932,0.115272,-33.2456,0,294.518,285.518,0.000190532,5.45913,4.06698e-05,6.60162e-06,1.00459,4.41734e-06,1.5254e-05,-0.0331196,0.0729866,8.30842,0.00880445,0.00877733,2.63533e-05,8.24680748552097e-06
"497",124698,5.69872,4.01127,4.16614,4.12027,4.1059,0.381798,1.85142,-7.7052,0.577325,-0.308282,0.115461,-33.246,0,294.522,285.522,0.000190593,5.45936,4.06867e-05,6.60005e-06,1.00541,4.41712e-06,1.52564e-05,-0.0330943,0.0729893,8.30797,0.00882031,0.00879321,2.63856e-05,8.24320710501272e-06
"498",124950,5.70144,4.01221,4.16715,4.12122,4.10685,0.381921,1.85202,-7.70359,0.578463,-0.307243,0.115651,-33.2465,0,294.526,285.526,0.000190655,5.45959,4.07035e-05,6.59849e-06,1.00622,4.41689e-06,1.52588e-05,-0.0330681,0.072992,8.30752,0.00883634,0.00880913,2.64179e-05,8.23957710370517e-06
"499",125203,5.70418,4.01315,4.16815,4.12217,4.10779,0.382044,1.85262,-7.70201,0.579625,-0.306203,0.115841,-33.2469,0,294.53,285.53,0.000190717,5.45982,4.07204e-05,6.59691e-06,1.00699,4.41666e-06,1.52611e-05,-0.0330349,0.0729947,8.30706,0.00885226,0.0088251,2.64503e-05,8.23593642553768e-06
"500",125455,5.70687,4.01411,4.16915,4.12312,4.10873,0.382168,1.85322,-7.70042,0.580747,-0.305163,0.116031,-33.2474,0,294.534,285.534,0.000190778,5.46005,4.07372e-05,6.59535e-06,1.00784,4.41644e-06,1.52635e-05,-0.0330144,0.0729974,8.30662,0.00886821,0.00884104,2.64827e-05,8.23228499165301e-06
"501",125707,5.70952,4.01508,4.17015,4.12407,4.10967,0.382291,1.85382,-7.69884,0.581824,-0.304123,0.116221,-33.2479,0,294.538,285.538,0.000190839,5.46028,4.07539e-05,6.59384e-06,1.00878,4.41623e-06,1.52659e-05,-0.0330076,0.0730001,8.30618,0.00888418,0.00885696,2.65151e-05,8.22862272225788e-06
"502",125958,5.7122,4.01604,4.17115,4.12502,4.11061,0.382414,1.85442,-7.69726,0.582923,-0.303083,0.116411,-33.2483,0,294.542,285.542,0.000190901,5.46051,4.07707e-05,6.5923e-06,1.00968,4.41601e-06,1.52683e-05,-0.0329934,0.0730027,8.30573,0.00890019,0.00887293,2.65476e-05,8.22494953660765e-06
"503",126210,5.71492,4.01699,4.17215,4.12597,4.11155,0.382537,1.85502,-7.69568,0.584053,-0.30204,0.116602,-33.2488,0,294.546,285.546,0.000190962,5.46074,4.07875e-05,6.59074e-06,1.01051,4.41579e-06,1.52707e-05,-0.0329697,0.0730054,8.30528,0.00891622,0.00888896,2.65801e-05,8.22124593331041e-06
"504",126462,5.71768,4.01792,4.17315,4.12693,4.11249,0.38266,1.85562,-7.69411,0.585227,-0.300996,0.116793,-33.2493,0,294.55,285.55,0.000191024,5.46097,4.08044e-05,6.58913e-06,1.01124,4.41555e-06,1.5273e-05,-0.0329318,0.0730081,8.30482,0.00893229,0.00890506,2.66128e-05,8.2175311319628e-06
"505",126714,5.72033,4.01889,4.17415,4.12787,4.11343,0.382783,1.85622,-7.69251,0.586296,-0.299953,0.116985,-33.2497,0,294.554,285.554,0.000191085,5.4612,4.08212e-05,6.58763e-06,1.0122,4.41534e-06,1.52755e-05,-0.0329273,0.0730108,8.30439,0.00894851,0.0089211,2.66454e-05,8.21378550939628e-06
"506",126965,5.72301,4.01985,4.17515,4.12882,4.11437,0.382906,1.85682,-7.69091,0.587402,-0.29891,0.117177,-33.2502,0,294.558,285.558,0.000191147,5.46142,4.08379e-05,6.58609e-06,1.01309,4.41513e-06,1.52779e-05,-0.0329121,0.0730134,8.30394,0.00896464,0.0089372,2.66782e-05,8.21002839786088e-06
"507",127217,5.72573,4.0208,4.17615,4.12977,4.11531,0.383029,1.85742,-7.68932,0.588542,-0.297864,0.117369,-33.2507,0,294.563,285.563,0.000191208,5.46165,4.08547e-05,6.58453e-06,1.01392,4.4149e-06,1.52802e-05,-0.0328866,0.0730161,8.30349,0.00898079,0.00895336,2.6711e-05,8.20625970884872e-06
"508",127469,5.72844,4.02174,4.17715,4.13072,4.11625,0.383152,1.85802,-7.68771,0.589682,-0.296818,0.117562,-33.2511,0,294.567,285.567,0.00019127,5.46188,4.08716e-05,6.58297e-06,1.01474,4.41468e-06,1.52826e-05,-0.0328617,0.0730188,8.30305,0.0089971,0.00896957,2.67439e-05,8.20245963270174e-06
"509",127721,5.73117,4.02268,4.17815,4.13167,4.11719,0.383276,1.85862,-7.68612,0.590839,-0.29577,0.117755,-33.2516,0,294.571,285.571,0.000191331,5.46211,4.08884e-05,6.58139e-06,1.01554,4.41445e-06,1.52849e-05,-0.0328321,0.0730215,8.3026,0.00901331,0.00898581,2.67769e-05,8.19864767547803e-06
"510",127972,5.73388,4.02363,4.17915,4.13262,4.11812,0.383399,1.85922,-7.68453,0.591967,-0.294723,0.117948,-33.252,0,294.575,285.575,0.000191393,5.46234,4.09052e-05,6.57984e-06,1.0164,4.41423e-06,1.52873e-05,-0.0328114,0.0730241,8.30215,0.00902955,0.00900204,2.68099e-05,8.19482374387322e-06
"511",128223,5.73655,4.0246,4.18015,4.13357,4.11906,0.383521,1.85982,-7.68294,0.593063,-0.293676,0.118141,-33.2525,0,294.579,285.579,0.000191454,5.46256,4.09219e-05,6.57831e-06,1.01733,4.41402e-06,1.52897e-05,-0.032801,0.0730268,8.30171,0.00904582,0.00901826,2.68429e-05,8.19098774340502e-06
"512",128474,5.73923,4.02556,4.18115,4.13452,4.12,0.383644,1.86042,-7.68135,0.594172,-0.292628,0.118335,-33.2529,0,294.583,285.583,0.000191515,5.46279,4.09387e-05,6.57677e-06,1.01822,4.4138e-06,1.52921e-05,-0.0327861,0.0730294,8.30127,0.00906212,0.00903453,2.68759e-05,8.18711960786808e-06
"513",128726,5.74195,4.0265,4.18215,4.13547,4.12094,0.383767,1.86102,-7.67977,0.595306,-0.291578,0.118529,-33.2534,0,294.587,285.587,0.000191577,5.46302,4.09555e-05,6.57521e-06,1.01907,4.41358e-06,1.52945e-05,-0.0327632,0.0730321,8.30082,0.00907844,0.00905085,2.69091e-05,8.18323908298433e-06
"514",128977,5.74471,4.02744,4.18315,4.13642,4.12188,0.38389,1.86161,-7.67819,0.596472,-0.290526,0.118724,-33.2538,0,294.591,285.591,0.000191638,5.46325,4.09723e-05,6.57362e-06,1.01984,4.41335e-06,1.52968e-05,-0.0327299,0.0730347,8.30036,0.0090948,0.00906723,2.69423e-05,8.17932596945878e-06
"515",129228,5.74737,4.0284,4.18415,4.13737,4.12281,0.384013,1.86221,-7.67658,0.597564,-0.289476,0.118918,-33.2543,0,294.595,285.595,0.000191699,5.46347,4.0989e-05,6.5721e-06,1.02077,4.41314e-06,1.52992e-05,-0.0327207,0.0730374,8.29993,0.00911132,0.00908357,2.69756e-05,8.1754203003775e-06
"516",129479,5.75006,4.02936,4.18514,4.13831,4.12375,0.384136,1.86281,-7.67498,0.598678,-0.288425,0.119113,-33.2548,0,294.599,285.599,0.000191761,5.4637,4.10058e-05,6.57057e-06,1.02167,4.41292e-06,1.53016e-05,-0.0327051,0.07304,8.29948,0.00912773,0.00909996,2.70089e-05,8.17148170767077e-06
"517",129730,5.75278,4.03031,4.18614,4.13926,4.12469,0.384259,1.86341,-7.67338,0.599822,-0.287372,0.119309,-33.2552,0,294.603,285.603,0.000191822,5.46392,4.10226e-05,6.569e-06,1.02251,4.4127e-06,1.53039e-05,-0.0326808,0.0730426,8.29904,0.00914418,0.00911641,2.70424e-05,8.16750988798469e-06
"518",129982,5.75554,4.03124,4.18714,4.14021,4.12563,0.384382,1.86401,-7.6718,0.601001,-0.286317,0.119505,-33.2557,0,294.608,285.608,0.000191883,5.46415,4.10394e-05,6.56741e-06,1.02327,4.41246e-06,1.53063e-05,-0.0326451,0.0730453,8.29858,0.00916065,0.00913292,2.70758e-05,8.163524897805e-06
"519",130232,5.7582,4.03221,4.18814,4.14116,4.12656,0.384505,1.86461,-7.67018,0.602086,-0.285264,0.119701,-33.2561,0,294.612,285.612,0.000191945,5.46437,4.10561e-05,6.5659e-06,1.02424,4.41226e-06,1.53087e-05,-0.0326395,0.0730479,8.29815,0.0091773,0.00914938,2.71094e-05,8.15952662740271e-06
"520",130483,5.76088,4.03316,4.18913,4.1421,4.1275,0.384627,1.8652,-7.66857,0.603201,-0.28421,0.119897,-33.2566,0,294.616,285.616,0.000192006,5.4646,4.10728e-05,6.56437e-06,1.02514,4.41204e-06,1.5311e-05,-0.032625,0.0730505,8.29771,0.00919383,0.00916589,2.71429e-05,8.15551496557878e-06
"521",130734,5.7636,4.03411,4.19013,4.14305,4.12843,0.38475,1.8658,-7.66698,0.60435,-0.283154,0.120094,-33.257,0,294.62,285.62,0.000192067,5.46482,4.10896e-05,6.5628e-06,1.02598,4.41182e-06,1.53134e-05,-0.0326006,0.0730531,8.29726,0.00921039,0.00918247,2.71766e-05,8.15146922825581e-06
"522",130985,5.76639,4.03503,4.19113,4.144,4.12937,0.384873,1.8664,-7.66539,0.605549,-0.282096,0.120291,-33.2574,0,294.624,285.624,0.000192129,5.46505,4.11064e-05,6.56119e-06,1.02672,4.41158e-06,1.53157e-05,-0.0325602,0.0730558,8.2968,0.00922699,0.00919912,2.72104e-05,8.14740973268214e-06
"523",131235,5.76902,4.03601,4.19213,4.14495,4.13031,0.384996,1.867,-7.66377,0.606623,-0.281041,0.120489,-33.2579,0,294.628,285.628,0.00019219,5.46527,4.11231e-05,6.5597e-06,1.02772,4.41138e-06,1.53181e-05,-0.0325594,0.0730584,8.29637,0.00924375,0.00921568,2.72441e-05,8.14331564867803e-06
"524",131485,5.77171,4.03696,4.19312,4.14589,4.13124,0.385118,1.8676,-7.66216,0.607741,-0.279984,0.120686,-33.2583,0,294.632,285.632,0.000192251,5.46549,4.11398e-05,6.55817e-06,1.02864,4.41117e-06,1.53205e-05,-0.0325454,0.073061,8.29593,0.0092604,0.0092323,2.7278e-05,8.13922821093423e-06
"525",131736,5.77444,4.03791,4.19412,4.14684,4.13218,0.385241,1.86819,-7.66056,0.608897,-0.278924,0.120885,-33.2588,0,294.636,285.636,0.000192312,5.46572,4.11566e-05,6.55661e-06,1.02947,4.41095e-06,1.53228e-05,-0.03252,0.0730636,8.29548,0.00927709,0.00924901,2.73119e-05,8.13508494379044e-06
"526",131987,5.77716,4.03885,4.19512,4.14779,4.13311,0.385364,1.86879,-7.65894,0.610055,-0.277864,0.121084,-33.2592,0,294.64,285.64,0.000192374,5.46594,4.11733e-05,6.55505e-06,1.03031,4.41072e-06,1.53252e-05,-0.0324944,0.0730662,8.29504,0.00929394,0.00926576,2.7346e-05,8.13092714581292e-06
"527",132237,5.77991,4.03978,4.19611,4.14873,4.13405,0.385487,1.86939,-7.65734,0.611236,-0.276803,0.121283,-33.2596,0,294.644,285.644,0.000192435,5.46617,4.11901e-05,6.55347e-06,1.03111,4.41049e-06,1.53275e-05,-0.0324624,0.0730689,8.29459,0.00931068,0.00928255,2.73801e-05,8.12675468892496e-06
"528",132488,5.78262,4.04073,4.19711,4.14968,4.13499,0.385609,1.86999,-7.65574,0.612379,-0.275742,0.121482,-33.2601,0,294.648,285.648,0.000192496,5.46639,4.12069e-05,6.55191e-06,1.03198,4.41027e-06,1.53298e-05,-0.0324419,0.0730715,8.29414,0.00932746,0.00929932,2.74141e-05,8.12256744323401e-06
"529",132738,5.78529,4.04169,4.1981,4.15062,4.13592,0.385732,1.87059,-7.65414,0.613479,-0.274682,0.121681,-33.2605,0,294.652,285.652,0.000192557,5.46661,4.12236e-05,6.5504e-06,1.03295,4.41007e-06,1.53322e-05,-0.0324348,0.073074,8.29371,0.00934426,0.00931607,2.74483e-05,8.11836527699612e-06
"530",132988,5.78798,4.04265,4.1991,4.15157,4.13685,0.385854,1.87118,-7.65254,0.614598,-0.27362,0.12188,-33.2609,0,294.656,285.656,0.000192618,5.46683,4.12403e-05,6.54887e-06,1.03387,4.40985e-06,1.53346e-05,-0.0324212,0.0730766,8.29327,0.0093611,0.00933286,2.74824e-05,8.11414805657943e-06
"531",133238,5.79071,4.04359,4.20009,4.15251,4.13779,0.385977,1.87178,-7.65094,0.615748,-0.272556,0.12208,-33.2614,0,294.66,285.66,0.00019268,5.46705,4.1257e-05,6.54731e-06,1.03473,4.40963e-06,1.53369e-05,-0.0323982,0.0730792,8.29282,0.00937796,0.00934973,2.75167e-05,8.10989433944588e-06
"532",133489,5.79348,4.04452,4.20109,4.15346,4.13872,0.386099,1.87238,-7.64936,0.616938,-0.271491,0.122281,-33.2618,0,294.664,285.664,0.000192741,5.46728,4.12738e-05,6.54571e-06,1.03549,4.4094e-06,1.53392e-05,-0.0323618,0.0730819,8.29237,0.00939486,0.00936666,2.75511e-05,8.10560375478686e-06
"533",133741,5.79615,4.04551,4.2021,4.15441,4.13967,0.386223,1.87298,-7.64771,0.618027,-0.270416,0.122484,-33.2622,0,294.668,285.668,0.000192803,5.4675,4.12906e-05,6.5442e-06,1.03652,4.40919e-06,1.53417e-05,-0.0323615,0.0730844,8.29193,0.00941209,0.00938371,2.75858e-05,8.10125445953126e-06
"534",133991,5.79889,4.04645,4.20309,4.15536,4.1406,0.386346,1.87358,-7.6461,0.619187,-0.269349,0.122685,-33.2627,0,294.673,285.673,0.000192864,5.46772,4.13074e-05,6.54263e-06,1.03737,4.40897e-06,1.5344e-05,-0.0323364,0.073087,8.29149,0.00942905,0.00940068,2.76203e-05,8.09693200693369e-06
"535",134242,5.80168,4.04737,4.20409,4.1563,4.14154,0.386469,1.87417,-7.64451,0.620396,-0.268281,0.122887,-33.2631,0,294.677,285.677,0.000192925,5.46794,4.13242e-05,6.54102e-06,1.0381,4.40873e-06,1.53463e-05,-0.0322952,0.0730897,8.29103,0.00944604,0.00941772,2.76549e-05,8.09257185227473e-06
"536",134494,5.80433,4.04836,4.20509,4.15726,4.14248,0.386592,1.87478,-7.64286,0.621465,-0.267205,0.12309,-33.2635,0,294.681,285.681,0.000192987,5.46816,4.1341e-05,6.53953e-06,1.03919,4.40854e-06,1.53487e-05,-0.0323029,0.0730922,8.2906,0.00946337,0.00943485,2.76898e-05,8.08817360067197e-06
"537",134744,5.80706,4.0493,4.20609,4.1582,4.14341,0.386715,1.87537,-7.64125,0.622629,-0.266136,0.123293,-33.264,0,294.685,285.685,0.000193048,5.46838,4.13577e-05,6.53797e-06,1.04004,4.40832e-06,1.53511e-05,-0.0322778,0.0730948,8.29016,0.00948042,0.00945192,2.77245e-05,8.08375863931857e-06
"538",134997,5.80987,4.05023,4.20709,4.15916,4.14436,0.386839,1.87598,-7.6396,0.623858,-0.265053,0.123498,-33.2644,0,294.689,285.689,0.00019311,5.46861,4.13747e-05,6.53636e-06,1.0408,4.40808e-06,1.53534e-05,-0.032238,0.0730974,8.2897,0.00949781,0.00946929,2.77598e-05,8.0792830607819e-06
"539",135249,5.81257,4.05121,4.2081,4.16011,4.1453,0.386962,1.87658,-7.63798,0.624974,-0.263972,0.123703,-33.2648,0,294.693,285.693,0.000193172,5.46883,4.13916e-05,6.53483e-06,1.0418,4.40787e-06,1.53558e-05,-0.0322329,0.0731,8.28926,0.00951509,0.00948654,2.77949e-05,8.07479011191043e-06
"540",135502,5.81531,4.05217,4.2091,4.16107,4.14625,0.387086,1.87718,-7.63637,0.626122,-0.26289,0.123908,-33.2653,0,294.697,285.697,0.000193233,5.46905,4.14085e-05,6.53327e-06,1.04272,4.40765e-06,1.53582e-05,-0.0322164,0.0731026,8.28881,0.00953241,0.00950385,2.78301e-05,8.07027962317493e-06
"541",135754,5.81807,4.05313,4.21011,4.16202,4.14719,0.38721,1.87779,-7.63474,0.627282,-0.261806,0.124114,-33.2657,0,294.701,285.701,0.000193295,5.46927,4.14254e-05,6.53169e-06,1.04361,4.40743e-06,1.53605e-05,-0.0321948,0.0731052,8.28837,0.0095499,0.00952121,2.78655e-05,8.06572928990268e-06
"542",136007,5.82082,4.05409,4.21112,4.16298,4.14813,0.387334,1.87839,-7.6331,0.628442,-0.260722,0.12432,-33.2661,0,294.705,285.705,0.000193357,5.4695,4.14423e-05,6.53013e-06,1.04451,4.40721e-06,1.53629e-05,-0.032175,0.0731078,8.28792,0.00956728,0.00953861,2.79008e-05,8.06116089385809e-06
"543",136259,5.82361,4.05503,4.21212,4.16393,4.14908,0.387458,1.87899,-7.63145,0.629655,-0.259636,0.124527,-33.2665,0,294.709,285.709,0.000193419,5.46972,4.14592e-05,6.52853e-06,1.04531,4.40698e-06,1.53652e-05,-0.0321405,0.0731104,8.28747,0.00958483,0.00955612,2.79364e-05,8.0565519446837e-06
"544",136511,5.82633,4.056,4.21313,4.16488,4.15002,0.387581,1.8796,-7.62983,0.630788,-0.258551,0.124734,-33.267,0,294.713,285.713,0.000193481,5.46994,4.14761e-05,6.52699e-06,1.04629,4.40677e-06,1.53676e-05,-0.0321309,0.073113,8.28703,0.00960227,0.00957354,2.79719e-05,8.05192438894663e-06
"545",136764,5.82908,4.05696,4.21413,4.16584,4.15096,0.387705,1.8802,-7.62821,0.631939,-0.257465,0.124941,-33.2674,0,294.717,285.717,0.000193542,5.47016,4.14929e-05,6.52543e-06,1.04721,4.40655e-06,1.53699e-05,-0.0321141,0.0731156,8.28658,0.00961974,0.00959101,2.80074e-05,8.04727803771287e-06
"546",137016,5.83184,4.05791,4.21513,4.16679,4.15191,0.387829,1.8808,-7.62658,0.633104,-0.256377,0.125148,-33.2678,0,294.722,285.722,0.000193604,5.47038,4.15098e-05,6.52385e-06,1.04809,4.40632e-06,1.53723e-05,-0.0320921,0.0731181,8.28613,0.00963739,0.00960853,2.8043e-05,8.04261269896008e-06
"547",137268,5.83459,4.05887,4.21614,4.16775,4.15285,0.387952,1.8814,-7.62494,0.634266,-0.255289,0.125356,-33.2683,0,294.726,285.726,0.000193666,5.4706,4.15267e-05,6.52229e-06,1.049,4.40611e-06,1.53746e-05,-0.032073,0.0731207,8.28569,0.00965493,0.00962609,2.80788e-05,8.0379055000899e-06
"548",137520,5.83735,4.05983,4.21714,4.1687,4.15379,0.388076,1.88201,-7.6233,0.635432,-0.2542,0.125565,-33.2687,0,294.73,285.73,0.000193728,5.47082,4.15436e-05,6.52072e-06,1.0499,4.40588e-06,1.5377e-05,-0.0320523,0.0731233,8.28524,0.00967264,0.00964368,2.81146e-05,8.0331559589742e-06
"549",137772,5.84009,4.06078,4.21815,4.16965,4.15473,0.3882,1.88261,-7.62166,0.636596,-0.25311,0.125773,-33.2691,0,294.734,285.734,0.000193789,5.47104,4.15605e-05,6.51916e-06,1.05082,4.40567e-06,1.53794e-05,-0.0320341,0.0731259,8.2848,0.00969024,0.0096613,2.81504e-05,8.02840932026121e-06
"550",138024,5.84285,4.06174,4.21915,4.1706,4.15567,0.388323,1.88321,-7.62002,0.637767,-0.25202,0.125982,-33.2695,0,294.738,285.738,0.000193851,5.47126,4.15774e-05,6.51759e-06,1.05172,4.40545e-06,1.53817e-05,-0.0320134,0.0731284,8.28435,0.00970802,0.00967897,2.81864e-05,8.02361973287827e-06
"551",138276,5.8456,4.0627,4.22015,4.17156,4.15662,0.388447,1.88381,-7.61838,0.638938,-0.250928,0.126192,-33.2699,0,294.742,285.742,0.000193913,5.47148,4.15942e-05,6.51603e-06,1.05264,4.40523e-06,1.53841e-05,-0.0319945,0.073131,8.28391,0.00972569,0.00969666,2.82224e-05,8.01878669091296e-06
"552",138528,5.84841,4.06363,4.22116,4.17251,4.15756,0.388571,1.88442,-7.61672,0.640173,-0.249835,0.126402,-33.2703,0,294.746,285.746,0.000193975,5.4717,4.16112e-05,6.51443e-06,1.05343,4.40499e-06,1.53864e-05,-0.0319565,0.0731336,8.28345,0.00974353,0.00971448,2.82586e-05,8.01393284079793e-06
"553",138780,5.85112,4.0646,4.22216,4.17346,4.1585,0.388694,1.88502,-7.61509,0.641306,-0.248743,0.126612,-33.2707,0,294.75,285.75,0.000194036,5.47192,4.1628e-05,6.5129e-06,1.05443,4.40479e-06,1.53888e-05,-0.0319499,0.0731361,8.28301,0.00976126,0.00973218,2.82946e-05,8.00905795710808e-06
"554",139031,5.85387,4.06556,4.22316,4.17441,4.15944,0.388818,1.88562,-7.61347,0.642464,-0.247649,0.126822,-33.2712,0,294.754,285.754,0.000194098,5.47214,4.16448e-05,6.51134e-06,1.05537,4.40457e-06,1.53911e-05,-0.0319339,0.0731387,8.28257,0.00977902,0.00974994,2.83308e-05,8.00416181048534e-06
"555",139283,5.85664,4.06652,4.22417,4.17537,4.16038,0.388941,1.88622,-7.61183,0.643636,-0.246555,0.127033,-33.2716,0,294.758,285.758,0.000194159,5.47235,4.16617e-05,6.50976e-06,1.05627,4.40435e-06,1.53934e-05,-0.0319122,0.0731412,8.28212,0.00979696,0.00976775,2.8367e-05,7.99922069839283e-06
"556",139534,5.85939,4.06747,4.22517,4.17632,4.16132,0.389065,1.88682,-7.61019,0.644807,-0.245459,0.127244,-33.272,0,294.762,285.762,0.000194221,5.47257,4.16786e-05,6.5082e-06,1.05718,4.40413e-06,1.53958e-05,-0.0318927,0.0731438,8.28168,0.00981479,0.00978561,2.84033e-05,7.99425764383236e-06
"557",139786,5.86215,4.06843,4.22617,4.17727,4.16226,0.389188,1.88743,-7.60854,0.645978,-0.244363,0.127455,-33.2724,0,294.766,285.766,0.000194283,5.47279,4.16954e-05,6.50663e-06,1.05809,4.40391e-06,1.53981e-05,-0.0318728,0.0731463,8.28123,0.0098328,0.00980349,2.84397e-05,7.9892724015641e-06
"558",140037,5.8649,4.06938,4.22718,4.17822,4.1632,0.389312,1.88803,-7.60689,0.64715,-0.243266,0.127667,-33.2728,0,294.771,285.771,0.000194344,5.47301,4.17123e-05,6.50508e-06,1.05902,4.40369e-06,1.54005e-05,-0.0318547,0.0731489,8.28079,0.00985069,0.00982141,2.84762e-05,7.98424093503061e-06
"559",140289,5.86773,4.07031,4.22818,4.17917,4.16415,0.389435,1.88863,-7.60523,0.648397,-0.242167,0.12788,-33.2732,0,294.775,285.775,0.000194406,5.47323,4.17292e-05,6.50346e-06,1.0598,4.40346e-06,1.54028e-05,-0.0318143,0.0731515,8.28034,0.00986876,0.00983946,2.85129e-05,7.97916266403915e-06
"560",140540,5.87043,4.07129,4.22918,4.18012,4.16508,0.389559,1.88923,-7.6036,0.649527,-0.24107,0.128093,-33.2736,0,294.779,285.779,0.000194468,5.47344,4.1746e-05,6.50194e-06,1.06083,4.40325e-06,1.54052e-05,-0.0318103,0.073154,8.2799,0.00988672,0.00985738,2.85494e-05,7.97406100175384e-06
"561",140791,5.87319,4.07225,4.23018,4.18107,4.16602,0.389682,1.88983,-7.60197,0.65069,-0.239971,0.128305,-33.274,0,294.783,285.783,0.000194529,5.47366,4.17628e-05,6.50038e-06,1.06177,4.40303e-06,1.54075e-05,-0.0317942,0.0731565,8.27946,0.00990471,0.00987537,2.8586e-05,7.96895979520976e-06
"562",141043,5.87596,4.0732,4.23118,4.18202,4.16696,0.389805,1.89043,-7.60033,0.651866,-0.23887,0.128518,-33.2745,0,294.787,285.787,0.000194591,5.47387,4.17797e-05,6.49881e-06,1.06267,4.40281e-06,1.54098e-05,-0.031773,0.073159,8.27901,0.00992288,0.00989341,2.86227e-05,7.96381064460624e-06
"563",141294,5.87872,4.07415,4.23219,4.18297,4.1679,0.389929,1.89103,-7.59868,0.653042,-0.237769,0.128732,-33.2749,0,294.791,285.791,0.000194652,5.47409,4.17965e-05,6.49725e-06,1.06359,4.40259e-06,1.54122e-05,-0.0317535,0.0731616,8.27857,0.00994094,0.00991149,2.86595e-05,7.95861292931466e-06
"564",141545,5.88153,4.07509,4.23319,4.18393,4.16884,0.390052,1.89163,-7.59701,0.654273,-0.236666,0.128947,-33.2753,0,294.795,285.795,0.000194714,5.47431,4.18134e-05,6.49565e-06,1.06441,4.40236e-06,1.54145e-05,-0.0317187,0.0731641,8.27812,0.00995918,0.00992968,2.86965e-05,7.95336601367805e-06
"565",141796,5.88426,4.07605,4.23419,4.18488,4.16978,0.390176,1.89224,-7.59538,0.65542,-0.235565,0.129161,-33.2757,0,294.799,285.799,0.000194776,5.47452,4.18302e-05,6.49411e-06,1.06541,4.40215e-06,1.54168e-05,-0.0317099,0.0731666,8.27768,0.0099773,0.00994778,2.87334e-05,7.9481184085861e-06
"566",142047,5.88701,4.07701,4.23519,4.18583,4.17072,0.390299,1.89284,-7.59375,0.656587,-0.234462,0.129375,-33.2761,0,294.803,285.803,0.000194837,5.47474,4.18471e-05,6.49255e-06,1.06635,4.40193e-06,1.54192e-05,-0.0316936,0.0731692,8.27724,0.00999545,0.00996593,2.87703e-05,7.94284546559775e-06
"567",142298,5.88979,4.07796,4.23619,4.18678,4.17166,0.390422,1.89344,-7.5921,0.657767,-0.233357,0.12959,-33.2765,0,294.807,285.807,0.000194899,5.47495,4.18639e-05,6.49098e-06,1.06726,4.40171e-06,1.54215e-05,-0.0316719,0.0731717,8.27679,0.0100138,0.00998413,2.88073e-05,7.93752205616924e-06
"568",142549,5.89255,4.07892,4.23719,4.18772,4.1726,0.390545,1.89404,-7.59045,0.658945,-0.232253,0.129805,-33.2769,0,294.811,285.811,0.00019496,5.47517,4.18807e-05,6.48942e-06,1.06819,4.40149e-06,1.54238e-05,-0.0316532,0.0731742,8.27635,0.010032,0.0100024,2.88445e-05,7.93217244193786e-06
"569",142799,5.89532,4.07987,4.23819,4.18867,4.17354,0.390669,1.89464,-7.5888,0.660127,-0.231147,0.130021,-33.2773,0,294.815,285.815,0.000195022,5.47538,4.18976e-05,6.48785e-06,1.06911,4.40128e-06,1.54261e-05,-0.0316328,0.0731767,8.2759,0.0100504,0.0100207,2.88817e-05,7.92677123019664e-06
"570",143050,5.89808,4.08083,4.23919,4.18962,4.17448,0.390792,1.89524,-7.58714,0.661307,-0.23004,0.130237,-33.2777,0,294.819,285.819,0.000195083,5.4756,4.19144e-05,6.4863e-06,1.07005,4.40106e-06,1.54285e-05,-0.031615,0.0731792,8.27546,0.0100687,0.010039,2.8919e-05,7.92134290535604e-06
"571",143301,5.90085,4.08178,4.24019,4.19057,4.17542,0.390915,1.89584,-7.58548,0.662494,-0.228933,0.130454,-33.2781,0,294.823,285.823,0.000195145,5.47581,4.19312e-05,6.48473e-06,1.07097,4.40084e-06,1.54308e-05,-0.0315946,0.0731817,8.27502,0.0100872,0.0100573,2.89563e-05,7.91586180194047e-06
"572",143551,5.90361,4.08273,4.24119,4.19152,4.17635,0.391038,1.89644,-7.58382,0.663681,-0.227825,0.130671,-33.2785,0,294.827,285.827,0.000195206,5.47603,4.1948e-05,6.48318e-06,1.07191,4.40062e-06,1.54331e-05,-0.0315761,0.0731842,8.27458,0.0101055,0.0100757,2.89938e-05,7.91035263304098e-06
"573",143802,5.90644,4.08366,4.24219,4.19247,4.17729,0.391162,1.89704,-7.58215,0.664934,-0.226714,0.130889,-33.2789,0,294.832,285.832,0.000195268,5.47624,4.19649e-05,6.48157e-06,1.07271,4.40039e-06,1.54354e-05,-0.0315376,0.0731868,8.27412,0.0101241,0.0100942,2.90314e-05,7.90478945135828e-06
"574",144052,5.90916,4.08463,4.24319,4.19342,4.17823,0.391285,1.89764,-7.58051,0.666082,-0.225606,0.131106,-33.2792,0,294.836,285.836,0.000195329,5.47645,4.19817e-05,6.48005e-06,1.07374,4.40018e-06,1.54377e-05,-0.031532,0.0731892,8.27369,0.0101425,0.0101126,2.90689e-05,7.89922292423696e-06
"575",144303,5.91192,4.08559,4.24419,4.19437,4.17917,0.391408,1.89824,-7.57887,0.667256,-0.224496,0.131324,-33.2796,0,294.84,285.84,0.000195391,5.47667,4.19985e-05,6.47849e-06,1.0747,4.39997e-06,1.54401e-05,-0.0315165,0.0731917,8.27325,0.010161,0.0101311,2.91065e-05,7.89360136613394e-06
"576",144553,5.9147,4.08654,4.24519,4.19532,4.1801,0.391531,1.89884,-7.57722,0.668444,-0.223384,0.131542,-33.28,0,294.844,285.844,0.000195452,5.47688,4.20153e-05,6.47692e-06,1.07561,4.39975e-06,1.54424e-05,-0.0314951,0.0731942,8.27281,0.0101796,0.0101496,2.91442e-05,7.88794997158747e-06
"577",144803,5.91747,4.08749,4.24619,4.19626,4.18104,0.391654,1.89944,-7.57556,0.669631,-0.222272,0.131761,-33.2804,0,294.848,285.848,0.000195514,5.47709,4.20321e-05,6.47536e-06,1.07655,4.39953e-06,1.54447e-05,-0.0314759,0.0731967,8.27236,0.0101981,0.0101681,2.91819e-05,7.88224220871184e-06
"578",145054,5.92024,4.08844,4.24719,4.19721,4.18198,0.391777,1.90004,-7.57391,0.670818,-0.221159,0.13198,-33.2808,0,294.852,285.852,0.000195575,5.4773,4.20489e-05,6.4738e-06,1.07748,4.39931e-06,1.5447e-05,-0.0314564,0.0731992,8.27192,0.0102168,0.0101867,2.92197e-05,7.87650351894845e-06
"579",145304,5.923,4.0894,4.24819,4.19816,4.18292,0.3919,1.90064,-7.57224,0.672005,-0.220045,0.1322,-33.2812,0,294.856,285.856,0.000195637,5.47752,4.20657e-05,6.47224e-06,1.07843,4.39909e-06,1.54493e-05,-0.0314387,0.0732017,8.27148,0.0102354,0.0102053,2.92577e-05,7.87070706015791e-06
"580",145554,5.92584,4.09032,4.24919,4.19911,4.18385,0.392023,1.90124,-7.57056,0.673271,-0.218928,0.13242,-33.2816,0,294.86,285.86,0.000195698,5.47773,4.20826e-05,6.47063e-06,1.07922,4.39886e-06,1.54516e-05,-0.0313978,0.0732042,8.27103,0.0102542,0.0102241,2.92958e-05,7.8648785275142e-06
"581",145807,5.92856,4.09131,4.2502,4.20007,4.1848,0.392148,1.90184,-7.56891,0.674405,-0.217802,0.132643,-33.282,0,294.864,285.864,0.00019576,5.47794,4.20995e-05,6.46911e-06,1.08034,4.39866e-06,1.5454e-05,-0.0314021,0.0732067,8.27059,0.010273,0.0102429,2.93342e-05,7.85893732327819e-06
"582",146057,5.93143,4.09223,4.2512,4.20101,4.18574,0.392271,1.90244,-7.56728,0.675668,-0.216684,0.132863,-33.2824,0,294.868,285.868,0.000195822,5.47816,4.21164e-05,6.46748e-06,1.08111,4.39842e-06,1.54562e-05,-0.0313586,0.0732092,8.27014,0.0102917,0.0102617,2.93723e-05,7.85304283771815e-06
"583",146310,5.93417,4.09322,4.25221,4.20197,4.18668,0.392395,1.90305,-7.56558,0.676811,-0.215555,0.133086,-33.2828,0,294.872,285.872,0.000195884,5.47837,4.21333e-05,6.46595e-06,1.08219,4.39821e-06,1.54586e-05,-0.0313582,0.0732117,8.2697,0.0103108,0.0102806,2.94109e-05,7.84703383017305e-06
"584",146560,5.93699,4.09415,4.25321,4.20292,4.18762,0.392518,1.90365,-7.5639,0.678059,-0.214436,0.133308,-33.2832,0,294.876,285.876,0.000195945,5.47858,4.21501e-05,6.46435e-06,1.08302,4.39798e-06,1.54609e-05,-0.0313231,0.0732142,8.26925,0.0103297,0.0102994,2.94492e-05,7.84101713350227e-06
"585",146812,5.93974,4.09514,4.25422,4.20388,4.18857,0.392642,1.90425,-7.56224,0.679213,-0.213306,0.133532,-33.2835,0,294.88,285.88,0.000196007,5.47879,4.21671e-05,6.46282e-06,1.0841,4.39778e-06,1.54633e-05,-0.0313214,0.0732166,8.26882,0.0103487,0.0103184,2.94879e-05,7.83491069384257e-06
"586",147062,5.94259,4.09606,4.25522,4.20482,4.1895,0.392766,1.90485,-7.5606,0.680458,-0.212184,0.133754,-33.2839,0,294.884,285.884,0.000196069,5.47901,4.21839e-05,6.4612e-06,1.08491,4.39754e-06,1.54655e-05,-0.0312841,0.0732191,8.26836,0.0103675,0.0103373,2.95263e-05,7.8288230355228e-06
"587",147315,5.94535,4.09704,4.25622,4.20578,4.19045,0.39289,1.90546,-7.5589,0.681621,-0.211052,0.133979,-33.2843,0,294.888,285.888,0.000196131,5.47922,4.22009e-05,6.45967e-06,1.08596,4.39734e-06,1.54679e-05,-0.0312785,0.0732216,8.26792,0.0103867,0.0103564,2.95652e-05,7.8226162644659e-06
"588",147567,5.94814,4.09801,4.25723,4.20674,4.19139,0.393014,1.90606,-7.55721,0.682811,-0.209919,0.134204,-33.2847,0,294.892,285.892,0.000196193,5.47943,4.22178e-05,6.45811e-06,1.08695,4.39712e-06,1.54702e-05,-0.031265,0.0732241,8.26748,0.010406,0.0103755,2.96041e-05,7.81637183891759e-06
"589",147817,5.95102,4.09893,4.25823,4.20769,4.19233,0.393137,1.90666,-7.55556,0.684098,-0.208794,0.134428,-33.2851,0,294.897,285.897,0.000196254,5.47964,4.22347e-05,6.45647e-06,1.08771,4.39688e-06,1.54725e-05,-0.0312177,0.0732266,8.26703,0.0104249,0.0103945,2.96428e-05,7.81011719089427e-06
"590",148069,5.95374,4.09992,4.25924,4.20864,4.19328,0.393261,1.90727,-7.55385,0.685243,-0.20766,0.134654,-33.2855,0,294.901,285.901,0.000196316,5.47985,4.22516e-05,6.45496e-06,1.08883,4.39668e-06,1.54749e-05,-0.0312218,0.073229,8.26659,0.0104442,0.0104137,2.9682e-05,7.80376770472347e-06
"591",148322,5.95661,4.10085,4.26025,4.2096,4.19422,0.393386,1.90787,-7.55215,0.68653,-0.206522,0.134882,-33.2858,0,294.905,285.905,0.000196378,5.48006,4.22686e-05,6.45334e-06,1.08966,4.39645e-06,1.54771e-05,-0.0311824,0.0732315,8.26614,0.0104636,0.010433,2.97213e-05,7.79732171895705e-06
"592",148574,5.95936,4.10184,4.26126,4.21055,4.19517,0.39351,1.90848,-7.55049,0.687686,-0.205386,0.135108,-33.2862,0,294.909,285.909,0.00019644,5.48027,4.22855e-05,6.45181e-06,1.09075,4.39624e-06,1.54795e-05,-0.0311819,0.073234,8.2657,0.0104828,0.0104522,2.97605e-05,7.79089168743234e-06
"593",148826,5.96216,4.10281,4.26227,4.21151,4.19611,0.393634,1.90908,-7.5488,0.688881,-0.204248,0.135335,-33.2866,0,294.913,285.913,0.000196502,5.48048,4.23025e-05,6.45024e-06,1.09173,4.39602e-06,1.54818e-05,-0.0311666,0.0732364,8.26526,0.0105022,0.0104715,2.97998e-05,7.78439187288193e-06
"594",149078,5.965,4.10376,4.26327,4.21247,4.19706,0.393758,1.90969,-7.54712,0.690112,-0.203107,0.135563,-33.287,0,294.917,285.917,0.000196564,5.48069,4.23194e-05,6.44865e-06,1.09265,4.3958e-06,1.54841e-05,-0.0311416,0.0732389,8.26481,0.0105217,0.0104909,2.98393e-05,7.77782105277093e-06
"595",149330,5.96782,4.10471,4.26428,4.21342,4.198,0.393883,1.9103,-7.5454,0.69135,-0.201967,0.135791,-33.2874,0,294.921,285.921,0.000196626,5.48091,4.23364e-05,6.44706e-06,1.09358,4.39558e-06,1.54865e-05,-0.0311172,0.0732414,8.26436,0.0105412,0.0105104,2.98789e-05,7.7712070711795e-06
"596",149582,5.97063,4.10568,4.26529,4.21438,4.19895,0.394007,1.9109,-7.54372,0.692571,-0.200826,0.13602,-33.2877,0,294.925,285.925,0.000196688,5.48112,4.23534e-05,6.44549e-06,1.09457,4.39536e-06,1.54888e-05,-0.0310995,0.0732438,8.26392,0.0105606,0.0105298,2.99185e-05,7.76451991340964e-06
"597",149834,5.97352,4.10661,4.2663,4.21534,4.19989,0.394131,1.91151,-7.54207,0.693836,-0.199683,0.136249,-33.2881,0,294.929,285.929,0.00019675,5.48133,4.23704e-05,6.44386e-06,1.09541,4.39512e-06,1.5491e-05,-0.0310631,0.0732463,8.26346,0.01058,0.0105493,2.99581e-05,7.75778774777974e-06
"598",150086,5.97626,4.1076,4.26731,4.21629,4.20084,0.394255,1.91211,-7.54036,0.69499,-0.198542,0.136478,-33.2885,0,294.933,285.933,0.000196812,5.48153,4.23873e-05,6.44234e-06,1.09651,4.39492e-06,1.54934e-05,-0.0310636,0.0732488,8.26303,0.0105996,0.0105687,2.99977e-05,7.75100980924479e-06
"599",150338,5.97913,4.10854,4.26832,4.21725,4.20178,0.394379,1.91272,-7.53866,0.696267,-0.197397,0.136708,-33.2888,0,294.937,285.937,0.000196874,5.48175,4.24043e-05,6.44072e-06,1.09736,4.39469e-06,1.54957e-05,-0.0310278,0.0732512,8.26258,0.0106192,0.0105883,3.00377e-05,7.74415540716257e-06
"600",150590,5.9819,4.10952,4.26932,4.2182,4.20273,0.394503,1.91332,-7.53699,0.697436,-0.196254,0.136937,-33.2892,0,294.941,285.941,0.000196936,5.48195,4.24212e-05,6.43919e-06,1.09844,4.39448e-06,1.5498e-05,-0.0310242,0.0732537,8.26214,0.0106387,0.0106078,3.00774e-05,7.7372833341474e-06
"601",150841,5.98471,4.11048,4.27033,4.21916,4.20367,0.394627,1.91392,-7.53529,0.698638,-0.195109,0.137168,-33.2896,0,294.946,285.946,0.000196998,5.48216,4.24381e-05,6.43762e-06,1.09942,4.39426e-06,1.55004e-05,-0.0310084,0.0732561,8.2617,0.0106584,0.0106274,3.01173e-05,7.73030240613566e-06
"602",151093,5.98755,4.11144,4.27134,4.22011,4.20462,0.394752,1.91453,-7.5336,0.699874,-0.193962,0.137399,-33.29,0,294.95,285.95,0.00019706,5.48237,4.24551e-05,6.43602e-06,1.10035,4.39404e-06,1.55026e-05,-0.0309837,0.0732586,8.26125,0.0106782,0.0106471,3.01573e-05,7.72327155447818e-06
"603",151345,5.99045,4.11237,4.27235,4.22107,4.20556,0.394876,1.91513,-7.53192,0.701168,-0.192814,0.13763,-33.2903,0,294.954,285.954,0.000197122,5.48258,4.24721e-05,6.43439e-06,1.10117,4.3938e-06,1.55049e-05,-0.0309426,0.0732611,8.26079,0.0106978,0.0106668,3.01975e-05,7.71618987692053e-06
"604",151596,5.99318,4.11336,4.27335,4.22202,4.2065,0.395,1.91574,-7.53019,0.702322,-0.191668,0.137862,-33.2907,0,294.958,285.958,0.000197184,5.48279,4.24889e-05,6.43289e-06,1.10232,4.3936e-06,1.55073e-05,-0.0309476,0.0732635,8.26036,0.0107176,0.0106865,3.02377e-05,7.70902545028751e-06
"605",151848,5.99606,4.11429,4.27436,4.22298,4.20745,0.395124,1.91634,-7.52849,0.703622,-0.190517,0.138095,-33.2911,0,294.962,285.962,0.000197246,5.483,4.25059e-05,6.43127e-06,1.10316,4.39337e-06,1.55095e-05,-0.0309079,0.0732659,8.25991,0.0107375,0.0107064,3.02781e-05,7.7017766245695e-06
"606",152099,5.99882,4.11527,4.27536,4.22393,4.20839,0.395248,1.91695,-7.52681,0.704788,-0.189369,0.138327,-33.2914,0,294.966,285.966,0.000197308,5.4832,4.25228e-05,6.42974e-06,1.10426,4.39316e-06,1.55119e-05,-0.0309082,0.0732683,8.25948,0.0107572,0.0107261,3.03183e-05,7.69450462010354e-06
"607",152350,6.00163,4.11624,4.27637,4.22489,4.20933,0.395372,1.91755,-7.52511,0.705994,-0.18822,0.138559,-33.2918,0,294.97,285.97,0.000197369,5.48341,4.25397e-05,6.42818e-06,1.10526,4.39295e-06,1.55142e-05,-0.0308932,0.0732708,8.25903,0.0107771,0.0107459,3.03586e-05,7.68717741323889e-06
"608",152602,6.00448,4.11719,4.27738,4.22584,4.21028,0.395496,1.91815,-7.52342,0.707236,-0.187067,0.138792,-33.2922,0,294.974,285.974,0.000197431,5.48362,4.25567e-05,6.42658e-06,1.1062,4.39272e-06,1.55165e-05,-0.0308683,0.0732732,8.25859,0.0107971,0.0107658,3.03991e-05,7.67976199563629e-06
"609",152853,6.00731,4.11814,4.27838,4.22679,4.21122,0.39562,1.91876,-7.52169,0.708486,-0.185915,0.139027,-33.2925,0,294.978,285.978,0.000197493,5.48383,4.25736e-05,6.42501e-06,1.10714,4.3925e-06,1.55188e-05,-0.030844,0.0732756,8.25814,0.0108171,0.0107857,3.04398e-05,7.67222432097801e-06
"610",153104,6.01013,4.1191,4.27939,4.22775,4.21216,0.395744,1.91936,-7.52001,0.709718,-0.184762,0.139261,-33.2929,0,294.982,285.982,0.000197555,5.48403,4.25905e-05,6.42344e-06,1.10814,4.39228e-06,1.55211e-05,-0.0308267,0.0732781,8.2577,0.010837,0.0108056,3.04804e-05,7.66465908154475e-06
"611",153355,6.01302,4.12004,4.2804,4.2287,4.21311,0.395868,1.91997,-7.51834,0.710997,-0.183607,0.139495,-33.2932,0,294.986,285.986,0.000197617,5.48424,4.26075e-05,6.4218e-06,1.10899,4.39205e-06,1.55233e-05,-0.03079,0.0732805,8.25724,0.0108569,0.0108256,3.05211e-05,7.6570331336513e-06
"612",153606,6.01578,4.12102,4.2814,4.22966,4.21405,0.395991,1.92057,-7.51662,0.71216,-0.182454,0.139729,-33.2936,0,294.99,285.99,0.000197679,5.48445,4.26244e-05,6.42029e-06,1.11011,4.39184e-06,1.55257e-05,-0.0307912,0.0732829,8.25681,0.010877,0.0108456,3.05618e-05,7.64934524452712e-06
"613",153857,6.01866,4.12196,4.28241,4.23061,4.21499,0.396115,1.92117,-7.51491,0.71345,-0.181297,0.139965,-33.2939,0,294.995,285.995,0.000197741,5.48466,4.26413e-05,6.41868e-06,1.11098,4.39161e-06,1.55279e-05,-0.0307553,0.0732853,8.25636,0.0108972,0.0108657,3.06028e-05,7.64152761588251e-06
"614",154108,6.02143,4.12294,4.28341,4.23156,4.21593,0.396239,1.92178,-7.51323,0.71463,-0.180142,0.1402,-33.2943,0,294.999,285.999,0.000197803,5.48486,4.26582e-05,6.41714e-06,1.11207,4.39141e-06,1.55303e-05,-0.0307522,0.0732877,8.25593,0.0109172,0.0108857,3.06436e-05,7.6336778816395e-06
"615",154359,6.02425,4.1239,4.28442,4.23251,4.21687,0.396363,1.92238,-7.51152,0.715842,-0.178985,0.140436,-33.2947,0,295.003,286.003,0.000197864,5.48506,4.26751e-05,6.41558e-06,1.11307,4.39119e-06,1.55326e-05,-0.0307369,0.0732901,8.25548,0.0109374,0.0109058,3.06846e-05,7.62572784470572e-06
"616",154610,6.02711,4.12485,4.28542,4.23347,4.21782,0.396487,1.92298,-7.50982,0.71709,-0.177826,0.140672,-33.295,0,295.007,286.007,0.000197926,5.48527,4.2692e-05,6.41399e-06,1.11401,4.39096e-06,1.55349e-05,-0.0307122,0.0732926,8.25504,0.0109577,0.010926,3.07257e-05,7.61770932439475e-06
"617",154861,6.03002,4.12578,4.28643,4.23442,4.21876,0.396611,1.92359,-7.50812,0.718397,-0.176666,0.14091,-33.2954,0,295.011,286.011,0.000197988,5.48548,4.2709e-05,6.41235e-06,1.11484,4.39073e-06,1.55371e-05,-0.0306707,0.073295,8.25458,0.0109778,0.0109463,3.07669e-05,7.6095519765375e-06
"618",155111,6.03275,4.12677,4.28743,4.23537,4.2197,0.396734,1.92419,-7.50639,0.719561,-0.175508,0.141147,-33.2957,0,295.015,286.015,0.00019805,5.48568,4.27258e-05,6.41086e-06,1.116,4.39053e-06,1.55395e-05,-0.0306766,0.0732974,8.25415,0.0109982,0.0109664,3.08081e-05,7.60135660779925e-06
"619",155362,6.03565,4.1277,4.28844,4.23633,4.22064,0.396858,1.92479,-7.50467,0.720875,-0.174345,0.141385,-33.2961,0,295.019,286.019,0.000198112,5.48589,4.27428e-05,6.40924e-06,1.11686,4.3903e-06,1.55417e-05,-0.0306366,0.0732998,8.2537,0.0110185,0.0109868,3.08496e-05,7.59305242052168e-06
"620",155612,6.03841,4.12868,4.28944,4.23728,4.22158,0.396982,1.92539,-7.50299,0.72205,-0.173185,0.141623,-33.2964,0,295.023,286.023,0.000198173,5.48609,4.27596e-05,6.40772e-06,1.11798,4.39009e-06,1.5544e-05,-0.0306377,0.0733021,8.25327,0.0110388,0.011007,3.08909e-05,7.58467213602702e-06
"621",155862,6.04123,4.12965,4.29045,4.23823,4.22252,0.397106,1.926,-7.50128,0.723267,-0.172023,0.141861,-33.2968,0,295.027,286.027,0.000198235,5.48629,4.27765e-05,6.40616e-06,1.11899,4.38988e-06,1.55463e-05,-0.030623,0.0733045,8.25283,0.0110592,0.0110274,3.09323e-05,7.57621398664671e-06
"622",156113,6.04409,4.1306,4.29145,4.23918,4.22347,0.397229,1.9266,-7.49957,0.724522,-0.170859,0.1421,-33.2971,0,295.031,286.031,0.000198297,5.4865,4.27934e-05,6.40457e-06,1.11994,4.38965e-06,1.55486e-05,-0.0305982,0.0733069,8.25238,0.0110797,0.0110478,3.09739e-05,7.56764009397326e-06
"623",156364,6.04693,4.13155,4.29246,4.24014,4.22441,0.397353,1.9272,-7.49784,0.725784,-0.169694,0.14234,-33.2975,0,295.035,286.035,0.000198359,5.4867,4.28103e-05,6.40299e-06,1.1209,4.38943e-06,1.55509e-05,-0.030574,0.0733093,8.25194,0.0111003,0.0110682,3.10156e-05,7.55894750817372e-06
"624",156614,6.04976,4.1325,4.29346,4.24109,4.22535,0.397477,1.92781,-7.49614,0.727027,-0.168529,0.142579,-33.2978,0,295.039,286.039,0.00019842,5.4869,4.28272e-05,6.40143e-06,1.12191,4.38922e-06,1.55532e-05,-0.0305569,0.0733117,8.2515,0.0111207,0.0110887,3.10573e-05,7.55020665647779e-06
"625",156864,6.05267,4.13344,4.29447,4.24204,4.22629,0.397601,1.92841,-7.49447,0.728318,-0.167362,0.142819,-33.2982,0,295.043,286.043,0.000198482,5.48711,4.28442e-05,6.39979e-06,1.12278,4.38898e-06,1.55554e-05,-0.03052,0.0733141,8.25105,0.0111411,0.0111092,3.10991e-05,7.54134229134655e-06
"626",157117,6.05548,4.13443,4.29548,4.243,4.22724,0.397726,1.92902,-7.4927,0.729524,-0.166183,0.143063,-33.2985,0,295.047,286.047,0.000198545,5.48731,4.28612e-05,6.39826e-06,1.12389,4.38877e-06,1.55577e-05,-0.0305163,0.0733165,8.25061,0.0111621,0.01113,3.11414e-05,7.53223861477785e-06
"627",157367,6.05831,4.13538,4.29648,4.24395,4.22818,0.397849,1.92962,-7.49099,0.73077,-0.165015,0.143304,-33.2989,0,295.051,286.051,0.000198606,5.48752,4.28781e-05,6.39669e-06,1.12489,4.38856e-06,1.556e-05,-0.0304984,0.0733189,8.25017,0.0111826,0.0111505,3.11834e-05,7.5231539009389e-06
"628",157617,6.06121,4.13632,4.29749,4.2449,4.22912,0.397973,1.93022,-7.48932,0.732044,-0.163846,0.143544,-33.2992,0,295.055,286.055,0.000198668,5.48772,4.2895e-05,6.39507e-06,1.1258,4.38832e-06,1.55622e-05,-0.0304671,0.0733213,8.24972,0.0112032,0.0111712,3.12253e-05,7.51401266239828e-06
"629",157870,6.0641,4.13728,4.2985,4.24587,4.23007,0.398098,1.93083,-7.48758,0.733309,-0.162663,0.143789,-33.2996,0,295.06,286.06,0.000198731,5.48793,4.29121e-05,6.39347e-06,1.12677,4.3881e-06,1.55645e-05,-0.0304439,0.0733237,8.24927,0.0112241,0.0111921,3.12679e-05,7.50458141624241e-06
"630",158123,6.06698,4.13824,4.29952,4.24683,4.23102,0.398223,1.93144,-7.48584,0.734584,-0.161479,0.144034,-33.2999,0,295.064,286.064,0.000198793,5.48813,4.29292e-05,6.39188e-06,1.12775,4.38787e-06,1.55668e-05,-0.0304204,0.0733261,8.24882,0.0112451,0.011213,3.13106e-05,7.49504684186964e-06
"631",158376,6.06977,4.13924,4.30053,4.24779,4.23197,0.398348,1.93205,-7.48406,0.735795,-0.160295,0.14428,-33.3002,0,295.068,286.068,0.000198855,5.48833,4.29462e-05,6.39036e-06,1.1289,4.38767e-06,1.55692e-05,-0.0304204,0.0733284,8.24839,0.0112663,0.011234,3.13534e-05,7.48536648993209e-06
"632",158628,6.07261,4.14022,4.30155,4.24875,4.23292,0.398473,1.93266,-7.48234,0.737038,-0.159111,0.144525,-33.3006,0,295.072,286.072,0.000198918,5.48853,4.29632e-05,6.3888e-06,1.12998,4.38746e-06,1.55715e-05,-0.0304107,0.0733308,8.24794,0.0112872,0.0112549,3.13962e-05,7.47561604403965e-06
"633",158881,6.07549,4.14118,4.30256,4.24971,4.23387,0.398598,1.93327,-7.48061,0.738289,-0.157924,0.144771,-33.3009,0,295.076,286.076,0.00019898,5.48874,4.29803e-05,6.38721e-06,1.131,4.38724e-06,1.55738e-05,-0.0303926,0.0733332,8.2475,0.0113083,0.0112759,3.1439e-05,7.46571273363159e-06
"634",159133,6.07835,4.14215,4.30358,4.25067,4.23482,0.398723,1.93388,-7.47887,0.739543,-0.156737,0.145018,-33.3013,0,295.08,286.08,0.000199042,5.48894,4.29973e-05,6.38563e-06,1.13202,4.38702e-06,1.55761e-05,-0.0303758,0.0733356,8.24705,0.0113295,0.011297,3.1482e-05,7.45565182070474e-06
"635",159383,6.0813,4.14307,4.30458,4.25163,4.23576,0.398847,1.93448,-7.47713,0.740896,-0.155559,0.145263,-33.3016,0,295.084,286.084,0.000199104,5.48914,4.30143e-05,6.38399e-06,1.13283,4.38678e-06,1.55783e-05,-0.0303271,0.073338,8.2466,0.0113505,0.0113181,3.15248e-05,7.44555273218394e-06
"636",159635,6.0841,4.14407,4.30559,4.25258,4.23671,0.398971,1.93509,-7.47542,0.742093,-0.154372,0.14551,-33.3019,0,295.088,286.088,0.000199166,5.48934,4.30313e-05,6.38246e-06,1.134,4.38657e-06,1.55807e-05,-0.0303309,0.0733403,8.24616,0.0113716,0.0113391,3.15678e-05,7.43524689840912e-06
"637",159888,6.08698,4.14503,4.30661,4.25355,4.23766,0.399096,1.93569,-7.47368,0.743355,-0.153181,0.145758,-33.3023,0,295.092,286.092,0.000199229,5.48955,4.30483e-05,6.38087e-06,1.135,4.38635e-06,1.55829e-05,-0.0303108,0.0733427,8.24572,0.0113928,0.0113603,3.1611e-05,7.42476985739639e-06
"638",160140,6.08987,4.14599,4.30762,4.25451,4.23861,0.399221,1.9363,-7.47193,0.744642,-0.15199,0.146006,-33.3026,0,295.096,286.096,0.000199291,5.48975,4.30654e-05,6.37928e-06,1.136,4.38613e-06,1.55852e-05,-0.0302872,0.0733451,8.24527,0.0114141,0.0113816,3.16544e-05,7.41415893199101e-06
"639",160392,6.09276,4.14696,4.30864,4.25547,4.23956,0.399346,1.93691,-7.47021,0.745893,-0.150798,0.146254,-33.303,0,295.1,286.1,0.000199354,5.48995,4.30825e-05,6.37769e-06,1.13702,4.38591e-06,1.55875e-05,-0.03027,0.0733475,8.24482,0.0114355,0.0114028,3.16977e-05,7.403409761202e-06
"640",160645,6.09564,4.14793,4.30965,4.25643,4.24051,0.399471,1.93752,-7.46846,0.747156,-0.149605,0.146503,-33.3033,0,295.105,286.105,0.000199416,5.49015,4.30995e-05,6.3761e-06,1.13804,4.38569e-06,1.55898e-05,-0.0302515,0.0733498,8.24438,0.0114569,0.0114241,3.17412e-05,7.39247353722591e-06
"641",160897,6.09851,4.14889,4.31066,4.25739,4.24146,0.399596,1.93813,-7.46671,0.748424,-0.148412,0.146753,-33.3036,0,295.109,286.109,0.000199478,5.49035,4.31165e-05,6.37453e-06,1.13907,4.38547e-06,1.55921e-05,-0.030234,0.0733522,8.24393,0.0114783,0.0114455,3.17847e-05,7.38134359376466e-06
"642",161149,6.10145,4.14983,4.31168,4.25835,4.24241,0.399721,1.93874,-7.46494,0.749771,-0.147216,0.147004,-33.3039,0,295.113,286.113,0.000199541,5.49056,4.31336e-05,6.3729e-06,1.13996,4.38523e-06,1.55943e-05,-0.0301949,0.0733546,8.24348,0.0114998,0.011467,3.18286e-05,7.37001286062057e-06
"643",161401,6.10426,4.15082,4.31269,4.25931,4.24336,0.399845,1.93934,-7.46322,0.750982,-0.146022,0.147254,-33.3043,0,295.117,286.117,0.000199603,5.49076,4.31506e-05,6.37137e-06,1.14113,4.38503e-06,1.55967e-05,-0.0301968,0.0733569,8.24304,0.0115211,0.0114884,3.18722e-05,7.35856606782621e-06
"644",161653,6.10716,4.15179,4.3137,4.26027,4.24431,0.39997,1.93995,-7.46148,0.752251,-0.144825,0.147505,-33.3046,0,295.121,286.121,0.000199665,5.49096,4.31677e-05,6.36978e-06,1.14214,4.38481e-06,1.55989e-05,-0.0301764,0.0733593,8.2426,0.0115427,0.0115099,3.1916e-05,7.3469057306079e-06
"645",161904,6.11003,4.15276,4.31472,4.26123,4.24525,0.400095,1.94056,-7.45972,0.753517,-0.143628,0.147756,-33.3049,0,295.125,286.125,0.000199727,5.49116,4.31847e-05,6.3682e-06,1.14318,4.38459e-06,1.56012e-05,-0.0301598,0.0733616,8.24215,0.0115643,0.0115314,3.19599e-05,7.33507102513126e-06
"646",162156,6.11293,4.15371,4.31573,4.26219,4.2462,0.40022,1.94117,-7.45797,0.75482,-0.142429,0.148009,-33.3052,0,295.129,286.129,0.00019979,5.49136,4.32017e-05,6.36661e-06,1.14418,4.38436e-06,1.56035e-05,-0.0301355,0.073364,8.24171,0.0115859,0.011553,3.20039e-05,7.3229587939558e-06
"647",162408,6.11581,4.15468,4.31674,4.26315,4.24715,0.400344,1.94178,-7.45624,0.756078,-0.14123,0.14826,-33.3056,0,295.133,286.133,0.000199852,5.49156,4.32188e-05,6.36503e-06,1.14522,4.38414e-06,1.56058e-05,-0.0301194,0.0733663,8.24126,0.0116076,0.0115745,3.20479e-05,7.310753399513e-06
"648",162660,6.11875,4.15562,4.31776,4.26411,4.2481,0.400469,1.94238,-7.45446,0.757409,-0.140028,0.148514,-33.3059,0,295.137,286.137,0.000199914,5.49176,4.32359e-05,6.3634e-06,1.14613,4.38391e-06,1.5608e-05,-0.0300834,0.0733687,8.24081,0.0116293,0.0115963,3.20922e-05,7.29820284247386e-06
"649",162911,6.12159,4.15661,4.31877,4.26507,4.24905,0.400594,1.94299,-7.45275,0.758632,-0.138828,0.148766,-33.3062,0,295.141,286.141,0.000199976,5.49196,4.32528e-05,6.36186e-06,1.14728,4.3837e-06,1.56103e-05,-0.0300817,0.073371,8.24037,0.0116509,0.0116179,3.21362e-05,7.28554482100786e-06
"650",163163,6.12449,4.15758,4.31978,4.26603,4.25,0.400719,1.9436,-7.451,0.759903,-0.137626,0.149019,-33.3066,0,295.145,286.145,0.000200039,5.49216,4.32699e-05,6.36028e-06,1.14829,4.38348e-06,1.56126e-05,-0.0300619,0.0733734,8.23993,0.0116727,0.0116396,3.21805e-05,7.27262109272258e-06
"651",163414,6.12737,4.15854,4.32079,4.26698,4.25094,0.400843,1.94421,-7.44923,0.761177,-0.136424,0.149273,-33.3069,0,295.149,286.149,0.000200101,5.49236,4.32869e-05,6.3587e-06,1.14934,4.38326e-06,1.56149e-05,-0.0300445,0.0733757,8.23948,0.0116945,0.0116613,3.22249e-05,7.25941963050086e-06
"652",163666,6.13025,4.15951,4.3218,4.26794,4.25189,0.400968,1.94481,-7.44747,0.762459,-0.13522,0.149528,-33.3072,0,295.154,286.154,0.000200163,5.49256,4.33039e-05,6.35713e-06,1.15038,4.38304e-06,1.56171e-05,-0.0300265,0.073378,8.23904,0.0117164,0.0116832,3.22694e-05,7.24592748502039e-06
"653",163917,6.13315,4.16046,4.32282,4.2689,4.25284,0.401093,1.94542,-7.44571,0.763771,-0.134015,0.149783,-33.3075,0,295.158,286.158,0.000200225,5.49275,4.33209e-05,6.35554e-06,1.15138,4.38282e-06,1.56194e-05,-0.0300022,0.0733804,8.23859,0.0117383,0.0117051,3.23141e-05,7.23218508420774e-06
"654",164168,6.13604,4.16143,4.32383,4.26986,4.25379,0.401217,1.94603,-7.44398,0.765036,-0.132809,0.150038,-33.3078,0,295.162,286.162,0.000200288,5.49295,4.33379e-05,6.35396e-06,1.15243,4.3826e-06,1.56217e-05,-0.0299861,0.0733827,8.23815,0.0117603,0.0117269,3.23586e-05,7.21818049039332e-06
"655",164420,6.13894,4.1624,4.32484,4.27082,4.25473,0.401342,1.94663,-7.44222,0.766312,-0.131602,0.150293,-33.3082,0,295.166,286.166,0.00020035,5.49315,4.33549e-05,6.35238e-06,1.15347,4.38238e-06,1.56239e-05,-0.0299681,0.073385,8.23771,0.0117823,0.0117488,3.24034e-05,7.203900827851e-06
"656",164671,6.1419,4.16333,4.32585,4.27178,4.25568,0.401467,1.94724,-7.44043,0.767675,-0.130393,0.150551,-33.3085,0,295.17,286.17,0.000200412,5.49335,4.3372e-05,6.35075e-06,1.15436,4.38214e-06,1.56262e-05,-0.0299268,0.0733874,8.23725,0.0118043,0.0117709,3.24484e-05,7.18915900359451e-06
"657",164922,6.14471,4.16433,4.32686,4.27274,4.25663,0.401591,1.94785,-7.43871,0.768888,-0.129186,0.150806,-33.3088,0,295.174,286.174,0.000200474,5.49355,4.33889e-05,6.34923e-06,1.15556,4.38194e-06,1.56285e-05,-0.0299319,0.0733897,8.23682,0.0118262,0.0117928,3.24931e-05,7.17428261466085e-06
"658",165173,6.14762,4.16529,4.32788,4.27369,4.25757,0.401716,1.94845,-7.43695,0.770168,-0.127977,0.151063,-33.3091,0,295.178,286.178,0.000200536,5.49374,4.3406e-05,6.34764e-06,1.15659,4.38172e-06,1.56307e-05,-0.029912,0.073392,8.23638,0.0118483,0.0118149,3.25381e-05,7.15896507090784e-06
"659",165424,6.15052,4.16625,4.32889,4.27465,4.25852,0.40184,1.94906,-7.43518,0.771475,-0.126766,0.151321,-33.3094,0,295.182,286.182,0.000200599,5.49394,4.3423e-05,6.34605e-06,1.1576,4.3815e-06,1.5633e-05,-0.0298887,0.0733943,8.23593,0.0118705,0.011837,3.25832e-05,7.14324190178809e-06
"660",165675,6.15343,4.16721,4.3299,4.27561,4.25947,0.401965,1.94967,-7.43345,0.772744,-0.125555,0.151578,-33.3097,0,295.186,286.186,0.000200661,5.49414,4.344e-05,6.34447e-06,1.15865,4.38127e-06,1.56352e-05,-0.0298719,0.0733966,8.23549,0.0118927,0.0118591,3.26282e-05,7.12721493544286e-06
"661",165926,6.15632,4.16818,4.33091,4.27657,4.26041,0.402089,1.95028,-7.43168,0.774025,-0.124343,0.151837,-33.3101,0,295.19,286.19,0.000200723,5.49434,4.3457e-05,6.34289e-06,1.15969,4.38105e-06,1.56375e-05,-0.0298537,0.0733989,8.23504,0.011915,0.0118812,3.26735e-05,7.11067268639132e-06
"662",166177,6.15921,4.16914,4.33192,4.27753,4.26136,0.402214,1.95088,-7.42991,0.775311,-0.12313,0.152095,-33.3104,0,295.194,286.194,0.000200785,5.49453,4.3474e-05,6.34132e-06,1.16075,4.38084e-06,1.56398e-05,-0.0298367,0.0734012,8.2346,0.0119373,0.0119035,3.27188e-05,7.09378004622894e-06
"663",166428,6.16217,4.17008,4.33293,4.27848,4.26231,0.402338,1.95149,-7.42812,0.776679,-0.121914,0.152356,-33.3106,0,295.198,286.198,0.000200847,5.49473,4.3491e-05,6.3397e-06,1.16166,4.3806e-06,1.5642e-05,-0.0297971,0.0734036,8.23415,0.0119596,0.0119259,3.27644e-05,7.07624270425529e-06
"664",166678,6.165,4.17107,4.33394,4.27944,4.26325,0.402463,1.95209,-7.42639,0.777907,-0.120701,0.152615,-33.311,0,295.202,286.202,0.000200909,5.49492,4.3508e-05,6.33818e-06,1.16285,4.3804e-06,1.56443e-05,-0.0298002,0.0734058,8.23372,0.0119818,0.011948,3.28098e-05,7.05836363916599e-06
"665",166929,6.16791,4.17203,4.33495,4.2804,4.2642,0.402587,1.9527,-7.42462,0.779195,-0.119485,0.152875,-33.3113,0,295.207,286.207,0.000200971,5.49512,4.3525e-05,6.33659e-06,1.16388,4.38018e-06,1.56465e-05,-0.02978,0.0734081,8.23327,0.0120042,0.0119704,3.28553e-05,7.03990448622052e-06
"666",167179,6.1708,4.173,4.33596,4.28136,4.26515,0.402712,1.95331,-7.42285,0.780479,-0.118268,0.153135,-33.3116,0,295.211,286.211,0.000201034,5.49531,4.35419e-05,6.33503e-06,1.16495,4.37996e-06,1.56488e-05,-0.0297639,0.0734104,8.23283,0.0120267,0.0119928,3.2901e-05,7.02089518026363e-06
"667",167430,6.17372,4.17395,4.33697,4.28231,4.26609,0.402836,1.95391,-7.42108,0.781802,-0.11705,0.153397,-33.3119,0,295.215,286.215,0.000201096,5.49551,4.35589e-05,6.33344e-06,1.16597,4.37974e-06,1.5651e-05,-0.0297397,0.0734127,8.23238,0.0120491,0.0120152,3.29469e-05,7.00113959285849e-06
"668",167680,6.17662,4.17492,4.33799,4.28327,4.26704,0.40296,1.95452,-7.41933,0.783077,-0.115831,0.153658,-33.3122,0,295.219,286.219,0.000201158,5.49571,4.35759e-05,6.33186e-06,1.16703,4.37951e-06,1.56533e-05,-0.0297241,0.073415,8.23194,0.0120717,0.0120377,3.29926e-05,6.98081126777389e-06
"669",167931,6.17958,4.17586,4.339,4.28423,4.26798,0.403085,1.95513,-7.41754,0.78443,-0.11461,0.153921,-33.3125,0,295.223,286.223,0.00020122,5.4959,4.3593e-05,6.33024e-06,1.16796,4.37928e-06,1.56555e-05,-0.0296877,0.0734173,8.23149,0.0120943,0.0120603,3.30387e-05,6.95961600214553e-06
"670",168184,6.18253,4.17683,4.34002,4.28519,4.26894,0.403211,1.95574,-7.4158,0.785733,-0.113375,0.154185,-33.3128,0,295.227,286.227,0.000201283,5.4961,4.36102e-05,6.32864e-06,1.16902,4.37906e-06,1.56578e-05,-0.0296693,0.0734197,8.23104,0.0121169,0.012083,3.30851e-05,6.93755623859041e-06
"671",168434,6.18546,4.17779,4.34103,4.28615,4.26989,0.403335,1.95634,-7.41403,0.787035,-0.112154,0.154448,-33.3131,0,295.231,286.231,0.000201345,5.4963,4.36272e-05,6.32705e-06,1.17004,4.37883e-06,1.566e-05,-0.0296465,0.073422,8.23059,0.0121396,0.0121056,3.31311e-05,6.91472297827566e-06
"672",168684,6.18838,4.17874,4.34204,4.28711,4.27083,0.40346,1.95695,-7.41225,0.788348,-0.110931,0.154711,-33.3134,0,295.235,286.235,0.000201407,5.49649,4.36441e-05,6.32546e-06,1.17107,4.37861e-06,1.56622e-05,-0.0296233,0.0734242,8.23015,0.0121623,0.0121283,3.31774e-05,6.89094572904289e-06
"673",168937,6.19128,4.17972,4.34306,4.28808,4.27179,0.403585,1.95756,-7.41041,0.789661,-0.109694,0.154979,-33.3137,0,295.239,286.239,0.00020147,5.49668,4.36613e-05,6.3239e-06,1.17218,4.37839e-06,1.56645e-05,-0.0296097,0.0734265,8.22971,0.0121855,0.0121513,3.32243e-05,6.86563753572895e-06
"674",169190,6.19424,4.1807,4.34408,4.28904,4.27274,0.403711,1.95818,-7.40867,0.790973,-0.108455,0.155245,-33.314,0,295.243,286.243,0.000201533,5.49688,4.36784e-05,6.3223e-06,1.17325,4.37817e-06,1.56668e-05,-0.0295916,0.0734288,8.22926,0.0122083,0.0121742,3.32711e-05,6.83931266623577e-06
"675",169440,6.19718,4.18165,4.34509,4.29,4.27369,0.403835,1.95878,-7.4069,0.792291,-0.107229,0.15551,-33.3143,0,295.248,286.248,0.000201595,5.49708,4.36954e-05,6.3207e-06,1.17425,4.37794e-06,1.5669e-05,-0.0295654,0.0734311,8.22881,0.0122311,0.012197,3.33176e-05,6.81173844192598e-06
"676",169693,6.20009,4.18263,4.34611,4.29097,4.27464,0.403961,1.95939,-7.40506,0.793603,-0.105989,0.155779,-33.3146,0,295.252,286.252,0.000201657,5.49727,4.37126e-05,6.31914e-06,1.17536,4.37773e-06,1.56713e-05,-0.0295514,0.0734334,8.22837,0.0122544,0.0122201,3.33648e-05,6.78217877321084e-06
"677",169946,6.20304,4.1836,4.34713,4.29193,4.2756,0.404087,1.96001,-7.40332,0.794917,-0.104748,0.156047,-33.3149,0,295.256,286.256,0.00020172,5.49746,4.37297e-05,6.31754e-06,1.17644,4.3775e-06,1.56735e-05,-0.0295331,0.0734357,8.22792,0.0122774,0.0122431,3.34118e-05,6.75091562550387e-06
"678",170198,6.20596,4.18458,4.34815,4.2929,4.27655,0.404212,1.96062,-7.40148,0.796221,-0.103506,0.156316,-33.3152,0,295.26,286.26,0.000201783,5.49766,4.37469e-05,6.31597e-06,1.17754,4.37729e-06,1.56758e-05,-0.029519,0.073438,8.22748,0.0123008,0.0122663,3.34591e-05,6.71740641306646e-06
"679",170451,6.20893,4.18555,4.34918,4.29387,4.27751,0.404338,1.96123,-7.39973,0.797532,-0.102263,0.156585,-33.3155,0,295.264,286.264,0.000201846,5.49785,4.3764e-05,6.31436e-06,1.17861,4.37706e-06,1.56781e-05,-0.0295008,0.0734403,8.22703,0.0123238,0.0122895,3.35063e-05,6.68135999124386e-06
"680",170703,6.21182,4.18655,4.35019,4.29483,4.27846,0.404464,1.96184,-7.39791,0.798794,-0.10102,0.156855,-33.3158,0,295.268,286.268,0.000201908,5.49805,4.37811e-05,6.31282e-06,1.17979,4.37685e-06,1.56804e-05,-0.0294983,0.0734425,8.22659,0.0123473,0.0123126,3.35537e-05,6.64208150735695e-06
"681",170955,6.21472,4.18753,4.35121,4.2958,4.27942,0.404589,1.96245,-7.39609,0.800088,-0.0997759,0.157125,-33.3161,0,295.272,286.272,0.000201971,5.49824,4.37982e-05,6.31127e-06,1.18094,4.37664e-06,1.56827e-05,-0.0294899,0.0734448,8.22615,0.0123706,0.0123359,3.36012e-05,6.59893437887159e-06
"682",171205,6.21773,4.18845,4.35223,4.29675,4.28036,0.404714,1.96306,-7.3943,0.801505,-0.0985409,0.157394,-33.3163,0,295.276,286.276,0.000202033,5.49843,4.38153e-05,6.30962e-06,1.18181,4.3764e-06,1.56848e-05,-0.0294411,0.0734471,8.22569,0.0123937,0.0123591,3.36485e-05,6.55098652314821e-06
"683",171457,6.22062,4.18945,4.35325,4.29772,4.28132,0.404839,1.96367,-7.39253,0.802757,-0.0972951,0.157665,-33.3167,0,295.28,286.28,0.000202096,5.49862,4.38324e-05,6.30808e-06,1.18303,4.37619e-06,1.56871e-05,-0.0294432,0.0734493,8.22526,0.0124171,0.0123824,3.36961e-05,6.49591562167259e-06
"684",171709,6.22354,4.19044,4.35426,4.29868,4.28227,0.404964,1.96428,-7.39072,0.804047,-0.0960483,0.157936,-33.3169,0,295.284,286.284,0.000202158,5.49882,4.38495e-05,6.30653e-06,1.18417,4.37597e-06,1.56894e-05,-0.0294345,0.0734516,8.22482,0.0124406,0.0124057,3.37438e-05,6.43101181597773e-06
"685",171962,6.22652,4.1914,4.35529,4.29965,4.28323,0.40509,1.96489,-7.38891,0.805425,-0.0947975,0.15821,-33.3172,0,295.288,286.288,0.000202221,5.49901,4.38667e-05,6.30491e-06,1.18518,4.37574e-06,1.56916e-05,-0.0294036,0.0734539,8.22436,0.0124641,0.0124293,3.37919e-05,6.34916453535219e-06
"686",172214,6.22945,4.19238,4.3563,4.30061,4.28418,0.405216,1.96551,-7.38712,0.806706,-0.0935487,0.158482,-33.3175,0,295.292,286.292,0.000202284,5.4992,4.38838e-05,6.30334e-06,1.18633,4.37553e-06,1.56939e-05,-0.0293959,0.0734561,8.22392,0.0124876,0.0124527,3.38397e-05,6.23530167078793e-06
"687",172466,6.23244,4.19334,4.35733,4.30158,4.28513,0.405341,1.96612,-7.38531,0.808076,-0.0922961,0.158756,-33.3178,0,295.297,286.297,0.000202346,5.4994,4.39009e-05,6.30172e-06,1.18733,4.3753e-06,1.56961e-05,-0.0293655,0.0734584,8.22347,0.0125112,0.0124763,3.38879e-05,5.96648460291668e-06
"688",172718,6.20801,4.19345,4.35826,4.30232,4.28607,0.405461,1.96673,-7.37027,0.82655,-0.0893154,0.159246,-33.2871,0,295.263,286.263,0.000202406,5.49996,4.39241e-05,6.29335e-06,1.19668,4.38181e-06,1.57224e-05,-0.028921,0.073465,8.22717,0.0125337,0.0124977,3.39743e-05,5.2165545494591e-06
"689",172968,6.18471,4.19331,4.35901,4.30285,4.28693,0.405577,1.96732,-7.36279,0.837161,-0.0842844,0.159759,-33.2626,0,295.23,286.23,0.000202464,5.50346,4.40012e-05,6.23069e-06,1.2006,4.38807e-06,1.57477e-05,-0.0284526,0.0735062,8.23071,0.0125575,0.0125214,3.40645e-05,5.06296230571114e-06
"690",173220,6.16463,4.1932,4.35959,4.30332,4.28769,0.405693,1.96791,-7.35812,0.844738,-0.0786135,0.160245,-33.2434,0,295.202,286.202,0.000202522,5.50874,4.41117e-05,6.13446e-06,1.20302,4.39355e-06,1.57702e-05,-0.0280487,0.0735682,8.23377,0.0125812,0.0125451,3.415e-05,4.96218643473904e-06
"691",173470,6.14695,4.19317,4.36003,4.30372,4.28835,0.405807,1.96848,-7.35403,0.851286,-0.0727768,0.160707,-33.2267,0,295.177,286.177,0.000202579,5.51485,4.42394e-05,6.02088e-06,1.20553,4.39844e-06,1.57905e-05,-0.027739,0.0736402,8.23648,0.0126047,0.0125686,3.42313e-05,4.88549287400828e-06
"692",173720,6.13131,4.19306,4.36037,4.30406,4.28891,0.40592,1.96905,-7.35001,0.857661,-0.0668747,0.161151,-33.2114,0,295.155,286.155,0.000202635,5.52128,4.43752e-05,5.89911e-06,1.20791,4.40283e-06,1.58091e-05,-0.027431,0.073716,8.23888,0.0126281,0.0125921,3.43095e-05,4.82263884006943e-06
"693",173971,6.11708,4.19295,4.36061,4.30433,4.28938,0.406032,1.96962,-7.34578,0.863933,-0.0609307,0.161583,-33.1969,0,295.135,286.135,0.000202691,5.52769,4.45128e-05,5.77541e-06,1.21059,4.40688e-06,1.58263e-05,-0.027166,0.0737917,8.24107,0.0126517,0.0126156,3.43857e-05,4.76863348470797e-06
"694",174223,6.10419,4.19275,4.36076,4.30453,4.28976,0.406144,1.97018,-7.34136,0.870303,-0.0549739,0.162006,-33.1832,0,295.117,286.117,0.000202747,5.53386,4.46479e-05,5.65417e-06,1.21324,4.4106e-06,1.58424e-05,-0.0268889,0.0738646,8.24306,0.0126755,0.0126392,3.44603e-05,4.72089649013226e-06
"695",174475,6.09223,4.19254,4.36083,4.30465,4.29005,0.406255,1.97074,-7.33679,0.876641,-0.0489982,0.162421,-33.17,0,295.1,286.1,0.000202802,5.53967,4.47778e-05,5.53803e-06,1.21624,4.41409e-06,1.58577e-05,-0.0266536,0.0739332,8.2449,0.0126992,0.0126629,3.45335e-05,4.67796422129019e-06
"696",174728,6.0811,4.1923,4.36084,4.3047,4.29026,0.406366,1.97129,-7.33212,0.882955,-0.0430057,0.16283,-33.1573,0,295.084,286.084,0.000202858,5.54504,4.49008e-05,5.42868e-06,1.21953,4.41737e-06,1.58722e-05,-0.0264488,0.0739968,8.24663,0.0127229,0.0126866,3.46055e-05,4.63873716527459e-06
"697",174978,6.07078,4.19205,4.36079,4.30469,4.2904,0.406474,1.97183,-7.32736,0.889143,-0.0370681,0.163228,-33.1451,0,295.069,286.069,0.000202912,5.5499,4.50147e-05,5.32833e-06,1.22311,4.42045e-06,1.58859e-05,-0.0262852,0.0740543,8.24823,0.0127464,0.0127101,3.46758e-05,4.60302567761122e-06
"698",175228,6.06133,4.19169,4.36068,4.30462,4.29046,0.406582,1.97237,-7.32257,0.895436,-0.03114,0.163619,-33.1333,0,295.056,286.056,0.000202966,5.55429,4.512e-05,5.23631e-06,1.22656,4.4233e-06,1.58988e-05,-0.0260937,0.0741064,8.2497,0.0127698,0.0127335,3.47447e-05,4.56996100442768e-06
"699",175479,6.0524,4.19133,4.36052,4.30449,4.29046,0.40669,1.97291,-7.31764,0.901674,-0.0252019,0.164006,-33.1219,0,295.043,286.043,0.000203019,5.55823,4.5217e-05,5.15268e-06,1.23031,4.42603e-06,1.59112e-05,-0.0259355,0.0741531,8.25109,0.0127934,0.012757,3.4813e-05,4.53894509892939e-06
"700",175731,6.04398,4.19094,4.36031,4.30431,4.29041,0.406797,1.97344,-7.31263,0.907895,-0.0192547,0.164389,-33.1108,0,295.031,286.031,0.000203073,5.56174,4.53055e-05,5.0774e-06,1.2343,4.42863e-06,1.59232e-05,-0.0258019,0.0741948,8.2524,0.0128171,0.0127806,3.48806e-05,4.50972295605873e-06
"701",175983,6.03597,4.19056,4.36006,4.30407,4.29029,0.406903,1.97397,-7.30753,0.914065,-0.0133005,0.164768,-33.0999,0,295.019,286.019,0.000203126,5.56483,4.53858e-05,5.01035e-06,1.23861,4.43112e-06,1.59348e-05,-0.0257036,0.0742315,8.25365,0.0128406,0.0128041,3.49475e-05,4.48208782889137e-06
"702",176235,6.02865,4.19005,4.35977,4.30379,4.29013,0.407009,1.97449,-7.30235,0.920406,-0.00736445,0.165144,-33.0894,0,295.009,286.009,0.000203179,5.56754,4.54581e-05,4.95115e-06,1.24267,4.43344e-06,1.59457e-05,-0.0255536,0.0742637,8.2548,0.0128644,0.0128278,3.50138e-05,4.45580096002178e-06
"703",176488,6.02152,4.1896,4.35944,4.30347,4.28991,0.407114,1.97502,-7.2971,0.926596,-0.00140863,0.165517,-33.079,0,294.999,285.999,0.000203232,5.5699,4.55228e-05,4.89948e-06,1.24728,4.43571e-06,1.59564e-05,-0.025476,0.0742917,8.25591,0.0128881,0.0128515,3.50798e-05,4.43072793081317e-06
"704",176740,6.01514,4.18906,4.35908,4.30311,4.28966,0.407219,1.97554,-7.29196,0.932772,0.00451377,0.165877,-33.0691,0,294.989,285.989,0.000203284,5.57192,4.55804e-05,4.85488e-06,1.25161,4.43779e-06,1.59665e-05,-0.0253577,0.0743158,8.25691,0.0129114,0.0128747,3.51435e-05,4.40739182092431e-06
"705",176990,6.0089,4.18856,4.3587,4.30272,4.28937,0.407322,1.97605,-7.28665,0.938904,0.0103773,0.166238,-33.0593,0,294.98,285.98,0.000203335,5.5736,4.56304e-05,4.81765e-06,1.2564,4.43983e-06,1.59764e-05,-0.0252942,0.0743358,8.25789,0.0129347,0.0128979,3.52071e-05,4.38477042630056e-06
"706",177240,6.00311,4.18799,4.35828,4.30229,4.28904,0.407425,1.97656,-7.28135,0.945112,0.016231,0.166594,-33.0497,0,294.972,285.972,0.000203387,5.57502,4.56744e-05,4.7864e-06,1.26107,4.44175e-06,1.59858e-05,-0.025202,0.0743526,8.2588,0.012958,0.0129212,3.52702e-05,4.36316640114756e-06
"707",177491,5.99752,4.18741,4.35784,4.30183,4.28868,0.407527,1.97707,-7.27596,0.951341,0.0220933,0.166953,-33.0402,0,294.964,285.964,0.000203438,5.57619,4.57127e-05,4.76073e-06,1.26594,4.44362e-06,1.5995e-05,-0.0251261,0.0743665,8.25968,0.0129815,0.0129448,3.53335e-05,4.34203495192057e-06
"708",177742,5.99217,4.18682,4.35738,4.30135,4.28829,0.407629,1.97757,-7.27054,0.957511,0.0279631,0.167309,-33.0309,0,294.956,285.956,0.000203489,5.57713,4.57459e-05,4.74014e-06,1.27097,4.44543e-06,1.60041e-05,-0.0250666,0.0743777,8.26052,0.0130053,0.0129684,3.53966e-05,4.32168263928356e-06
"709",177992,5.98708,4.18621,4.3569,4.30084,4.28787,0.407731,1.97807,-7.26509,0.96369,0.0338294,0.167664,-33.0217,0,294.949,285.949,0.000203539,5.57786,4.57744e-05,4.72425e-06,1.27607,4.44717e-06,1.60128e-05,-0.0250088,0.0743864,8.26132,0.0130289,0.012992,3.54594e-05,4.30194389621653e-06
"710",178244,5.98221,4.18559,4.35639,4.30031,4.28743,0.407832,1.97857,-7.25961,0.969858,0.0396945,0.168018,-33.0127,0,294.942,285.942,0.00020359,5.57841,4.57984e-05,4.71273e-06,1.28128,4.44885e-06,1.60214e-05,-0.024959,0.0743929,8.26209,0.0130528,0.0130157,3.55219e-05,4.28277764538865e-06
"711",178495,5.97756,4.18495,4.35587,4.29976,4.28696,0.407932,1.97907,-7.25409,0.97604,0.0455542,0.168371,-33.0037,0,294.935,285.935,0.00020364,5.57878,4.58183e-05,4.70525e-06,1.28656,4.45048e-06,1.60297e-05,-0.0249104,0.0743974,8.26282,0.0130765,0.0130395,3.55843e-05,4.26414708511226e-06
"712",178746,5.9731,4.18431,4.35533,4.29919,4.28647,0.408033,1.97957,-7.24856,0.982206,0.051413,0.168722,-32.9949,0,294.929,285.929,0.00020369,5.57899,4.58345e-05,4.70148e-06,1.29195,4.45206e-06,1.60378e-05,-0.0248709,0.0743999,8.26353,0.0131004,0.0130633,3.56465e-05,4.2460699886452e-06
"713",178998,5.96881,4.18364,4.35478,4.2986,4.28597,0.408132,1.98006,-7.24299,0.988381,0.0572661,0.169073,-32.9862,0,294.923,285.923,0.00020374,5.57906,4.58472e-05,4.70112e-06,1.2974,4.45359e-06,1.60458e-05,-0.0248332,0.0744006,8.26421,0.0131242,0.0130871,3.57085e-05,4.22841349440844e-06
"714",179250,5.96456,4.18301,4.35421,4.298,4.28544,0.408232,1.98055,-7.23737,0.994474,0.0631252,0.169423,-32.9776,0,294.916,285.916,0.000203789,5.57898,4.58567e-05,4.70401e-06,1.30313,4.45511e-06,1.60537e-05,-0.0248313,0.0743998,8.26488,0.0131483,0.013111,3.57706e-05,4.21120258843408e-06
"715",179502,5.96066,4.1823,4.35364,4.29738,4.2849,0.408331,1.98104,-7.2318,1.00069,0.0689647,0.169772,-32.9691,0,294.911,285.911,0.000203839,5.57879,4.58634e-05,4.70952e-06,1.3086,4.45653e-06,1.60613e-05,-0.0247816,0.0743975,8.2655,0.0131722,0.0131349,3.58323e-05,4.19441257167798e-06
"716",179753,5.95684,4.18161,4.35305,4.29675,4.28435,0.40843,1.98153,-7.22622,1.00686,0.0748026,0.170119,-32.9606,0,294.905,285.905,0.000203888,5.57849,4.58675e-05,4.71768e-06,1.31422,4.45794e-06,1.60688e-05,-0.0247498,0.074394,8.2661,0.0131961,0.0131589,3.58939e-05,4.17806751286839e-06
"717",180006,5.95311,4.18092,4.35245,4.2961,4.28378,0.408528,1.98201,-7.2206,1.01299,0.0806408,0.170467,-32.9523,0,294.9,285.9,0.000203937,5.57809,4.58691e-05,4.72824e-06,1.31996,4.45932e-06,1.60762e-05,-0.024732,0.0743892,8.26669,0.0132203,0.0131828,3.59554e-05,4.16200690539312e-06
"718",180258,5.9495,4.18021,4.35184,4.29545,4.2832,0.408626,1.9825,-7.21495,1.01914,0.0864722,0.170814,-32.944,0,294.894,285.894,0.000203986,5.5776,4.58685e-05,4.74094e-06,1.32573,4.46067e-06,1.60835e-05,-0.0247134,0.0743833,8.26727,0.0132443,0.0132069,3.6017e-05,4.14630683240876e-06
"719",180510,5.94599,4.1795,4.35122,4.29479,4.28261,0.408723,1.98298,-7.2093,1.02527,0.0922991,0.171161,-32.9357,0,294.889,285.889,0.000204035,5.57702,4.5866e-05,4.75559e-06,1.33155,4.462e-06,1.60906e-05,-0.0246972,0.0743764,8.26782,0.0132685,0.013231,3.60785e-05,4.13090572933076e-06
"720",180763,5.94258,4.17878,4.35059,4.29411,4.28201,0.408821,1.98346,-7.20363,1.03142,0.0981191,0.171508,-32.9276,0,294.884,285.884,0.000204083,5.57636,4.58616e-05,4.772e-06,1.33739,4.46329e-06,1.60977e-05,-0.0246804,0.0743685,8.26836,0.0132926,0.0132551,3.61399e-05,4.11578975733354e-06
"721",181016,5.93911,4.17811,4.34996,4.29343,4.28139,0.408918,1.98394,-7.19792,1.03746,0.103946,0.171856,-32.9194,0,294.879,285.879,0.000204132,5.57562,4.58554e-05,4.7902e-06,1.34353,4.46461e-06,1.61048e-05,-0.0247056,0.0743598,8.26892,0.013317,0.0132793,3.62016e-05,4.10090367947096e-06
"722",181268,5.93598,4.17733,4.34932,4.29274,4.28078,0.409014,1.98441,-7.19223,1.0437,0.109744,0.172202,-32.9113,0,294.875,285.875,0.00020418,5.57484,4.5848e-05,4.80949e-06,1.34921,4.46582e-06,1.61116e-05,-0.0246554,0.0743504,8.26941,0.0133414,0.0133036,3.62631e-05,4.0863627415847e-06
"723",181521,5.93265,4.17666,4.34868,4.29205,4.28015,0.40911,1.98489,-7.18654,1.04973,0.115563,0.17255,-32.9033,0,294.87,285.87,0.000204228,5.57398,4.5839e-05,4.83047e-06,1.35546,4.4671e-06,1.61186e-05,-0.0246891,0.0743402,8.26994,0.0133656,0.0133278,3.63247e-05,4.07198767460512e-06
"724",181774,5.92968,4.17586,4.34803,4.29135,4.27952,0.409206,1.98536,-7.18085,1.05596,0.121349,0.172896,-32.8953,0,294.866,285.866,0.000204276,5.57308,4.58291e-05,4.85224e-06,1.36118,4.46828e-06,1.61252e-05,-0.0246403,0.0743295,8.27042,0.0133901,0.0133522,3.63862e-05,4.05793336752688e-06
"725",182024,5.92662,4.17515,4.34738,4.29065,4.27889,0.4093,1.98582,-7.17523,1.06198,0.127081,0.173239,-32.8874,0,294.861,285.861,0.000204323,5.57213,4.58179e-05,4.87505e-06,1.3672,4.46947e-06,1.61318e-05,-0.0246464,0.0743183,8.2709,0.0134142,0.0133763,3.6447e-05,4.04422580646925e-06
"726",182274,5.92362,4.17443,4.34673,4.28994,4.27825,0.409394,1.98629,-7.16957,1.068,0.132805,0.173583,-32.8796,0,294.857,285.857,0.00020437,5.57114,4.58058e-05,4.8988e-06,1.37323,4.47065e-06,1.61384e-05,-0.0246518,0.0743065,8.27138,0.0134385,0.0134004,3.6508e-05,4.03069431346384e-06
"727",182525,5.92064,4.17372,4.34607,4.28923,4.27761,0.409488,1.98675,-7.16394,1.07398,0.138525,0.173926,-32.8718,0,294.852,285.852,0.000204416,5.57011,4.57928e-05,4.92343e-06,1.37934,4.47183e-06,1.61449e-05,-0.0246681,0.0742943,8.27186,0.0134627,0.0134246,3.65689e-05,4.01740929596389e-06
"728",182775,5.91776,4.17299,4.34541,4.28852,4.27696,0.409581,1.98721,-7.15832,1.08,0.144236,0.174269,-32.8641,0,294.848,285.848,0.000204463,5.56905,4.5779e-05,4.94875e-06,1.38537,4.47297e-06,1.61514e-05,-0.02467,0.0742816,8.27232,0.0134869,0.0134488,3.66299e-05,4.00432335979284e-06
"729",183025,5.91501,4.17222,4.34475,4.2878,4.27631,0.409674,1.98767,-7.15271,1.08606,0.149935,0.174612,-32.8563,0,294.844,285.844,0.000204509,5.56795,4.57647e-05,4.97465e-06,1.39127,4.47409e-06,1.61577e-05,-0.0246515,0.0742686,8.27276,0.0135112,0.013473,3.66908e-05,3.99142921023709e-06
"730",183275,5.91227,4.17146,4.34409,4.28708,4.27565,0.409767,1.98812,-7.1471,1.0921,0.15563,0.174956,-32.8487,0,294.84,285.84,0.000204556,5.56683,4.57496e-05,5.0012e-06,1.39723,4.47519e-06,1.61639e-05,-0.0246418,0.0742552,8.27319,0.0135355,0.0134973,3.67518e-05,3.97868318180653e-06
"731",183526,5.90951,4.17073,4.34342,4.28636,4.275,0.409859,1.98858,-7.14149,1.09809,0.161325,0.175299,-32.841,0,294.836,285.836,0.000204602,5.56567,4.57338e-05,5.02838e-06,1.4033,4.47631e-06,1.61702e-05,-0.0246489,0.0742414,8.27363,0.0135598,0.0135216,3.68128e-05,3.96615287402037e-06
"732",183777,5.90671,4.17002,4.34275,4.28563,4.27433,0.409951,1.98903,-7.13587,1.10401,0.167019,0.175644,-32.8334,0,294.832,285.832,0.000204648,5.56448,4.57174e-05,5.05616e-06,1.40953,4.47743e-06,1.61766e-05,-0.0246779,0.0742273,8.27408,0.0135842,0.0135459,3.6874e-05,3.95372327120996e-06
"733",184027,5.9041,4.16924,4.34208,4.28491,4.27367,0.410043,1.98948,-7.13023,1.11005,0.172695,0.175988,-32.8258,0,294.828,285.828,0.000204693,5.56327,4.57008e-05,5.08418e-06,1.41546,4.4785e-06,1.61827e-05,-0.0246617,0.074213,8.2745,0.0136088,0.0135704,3.69352e-05,3.94149735249489e-06
"734",184278,5.90147,4.16848,4.34141,4.28418,4.273,0.410134,1.98993,-7.12461,1.11605,0.178368,0.176333,-32.8182,0,294.824,285.824,0.000204739,5.56204,4.56836e-05,5.11264e-06,1.42147,4.47957e-06,1.61888e-05,-0.0246579,0.0741984,8.27492,0.0136333,0.0135949,3.69965e-05,3.92939846071121e-06
"735",184529,5.89882,4.16774,4.34073,4.28344,4.27233,0.410225,1.99038,-7.11899,1.12201,0.184041,0.176679,-32.8106,0,294.82,285.82,0.000204784,5.56079,4.5666e-05,5.14154e-06,1.4276,4.48065e-06,1.6195e-05,-0.0246719,0.0741835,8.27534,0.0136578,0.0136194,3.7058e-05,3.91742268983681e-06
"736",184780,5.89612,4.16704,4.34005,4.28271,4.27166,0.410316,1.99083,-7.11337,1.12789,0.189713,0.177025,-32.8031,0,294.816,285.816,0.00020483,5.55951,4.56479e-05,5.17086e-06,1.43389,4.48175e-06,1.62012e-05,-0.024709,0.0741683,8.27578,0.0136824,0.0136438,3.71195e-05,3.90560027127991e-06
"737",185030,5.89364,4.16624,4.33937,4.28197,4.27099,0.410406,1.99127,-7.10775,1.13393,0.195365,0.177371,-32.7955,0,294.813,285.813,0.000204875,5.55823,4.56298e-05,5.20018e-06,1.43978,4.48278e-06,1.62071e-05,-0.0246865,0.0741531,8.27617,0.0137072,0.0136685,3.71811e-05,3.89392638809639e-06
"738",185281,5.89112,4.16548,4.33869,4.28124,4.27031,0.410496,1.99172,-7.10213,1.13992,0.201012,0.177717,-32.788,0,294.809,285.809,0.00020492,5.55692,4.56113e-05,5.22983e-06,1.44579,4.48382e-06,1.62131e-05,-0.024682,0.0741377,8.27658,0.0137319,0.0136932,3.72427e-05,3.88239646096081e-06
"739",185532,5.88856,4.16473,4.33801,4.2805,4.26963,0.410586,1.99216,-7.09651,1.14585,0.206663,0.178065,-32.7805,0,294.805,285.805,0.000204965,5.5556,4.55925e-05,5.2598e-06,1.45194,4.48487e-06,1.62191e-05,-0.0246981,0.074122,8.27699,0.0137566,0.0137178,3.73045e-05,3.87094068992527e-06
"740",185784,5.8859,4.16404,4.33733,4.27975,4.26895,0.410676,1.9926,-7.0909,1.15169,0.212314,0.178413,-32.773,0,294.801,285.801,0.000205009,5.55426,4.55732e-05,5.29011e-06,1.45831,4.48595e-06,1.62252e-05,-0.0247483,0.074106,8.27741,0.0137813,0.0137425,3.73665e-05,3.85962191406556e-06
"741",186035,5.88354,4.16323,4.33664,4.27901,4.26827,0.410765,1.99304,-7.0853,1.15773,0.21794,0.178761,-32.7656,0,294.798,285.798,0.000205054,5.55292,4.55542e-05,5.32022e-06,1.46414,4.48695e-06,1.6231e-05,-0.024717,0.0740901,8.27779,0.0138063,0.0137673,3.74284e-05,3.84843610973422e-06
"742",186286,5.8811,4.16246,4.33596,4.27827,4.26759,0.410853,1.99348,-7.07969,1.1637,0.223563,0.179109,-32.7582,0,294.794,285.794,0.000205098,5.55156,4.55348e-05,5.35058e-06,1.47015,4.48797e-06,1.62369e-05,-0.0247138,0.074074,8.27818,0.0138311,0.0137922,3.74904e-05,3.83737943909948e-06
"743",186537,5.8786,4.16172,4.33527,4.27753,4.26691,0.410942,1.99391,-7.07409,1.1696,0.229193,0.179459,-32.7507,0,294.791,285.791,0.000205142,5.55018,4.55151e-05,5.38121e-06,1.47632,4.489e-06,1.62428e-05,-0.024734,0.0740577,8.27859,0.013856,0.013817,3.75527e-05,3.8263857713346e-06
"744",186789,5.87611,4.16098,4.33459,4.27678,4.26622,0.41103,1.99435,-7.06847,1.1755,0.234814,0.179809,-32.7433,0,294.787,285.787,0.000205186,5.5488,4.54953e-05,5.41194e-06,1.48249,4.49003e-06,1.62487e-05,-0.0247547,0.0740413,8.27899,0.0138811,0.0138419,3.76151e-05,3.81551545980426e-06
"745",187041,5.87359,4.16025,4.3339,4.27603,4.26554,0.411118,1.99478,-7.06286,1.18135,0.240431,0.18016,-32.7359,0,294.783,285.783,0.00020523,5.5474,4.54753e-05,5.44282e-06,1.48875,4.49107e-06,1.62547e-05,-0.0247891,0.0740247,8.27939,0.0139061,0.0138668,3.76776e-05,3.80473455472881e-06
"746",187292,5.87116,4.1595,4.33321,4.27529,4.26485,0.411206,1.99521,-7.05729,1.18726,0.246037,0.180511,-32.7285,0,294.78,285.78,0.000205274,5.54599,4.54553e-05,5.47367e-06,1.49485,4.49208e-06,1.62605e-05,-0.0248015,0.0740081,8.27978,0.0139311,0.0138918,3.77401e-05,3.79407100603265e-06
"747",187543,5.86885,4.15871,4.33252,4.27454,4.26416,0.411293,1.99564,-7.05173,1.19323,0.251632,0.180862,-32.7211,0,294.776,285.776,0.000205318,5.54459,4.54354e-05,5.50445e-06,1.50076,4.49306e-06,1.62662e-05,-0.0247858,0.0739915,8.28015,0.0139562,0.0139169,3.78026e-05,3.78352167120627e-06
"748",187795,5.86651,4.15793,4.33183,4.27379,4.26348,0.41138,1.99607,-7.04617,1.19916,0.257221,0.181213,-32.7138,0,294.773,285.773,0.000205361,5.54317,4.54152e-05,5.53533e-06,1.50675,4.49405e-06,1.62719e-05,-0.0247832,0.0739747,8.28053,0.0139813,0.013942,3.78653e-05,3.77308354025256e-06
"749",188047,5.86411,4.15718,4.33114,4.27305,4.26279,0.411467,1.9965,-7.04061,1.20503,0.262812,0.181566,-32.7064,0,294.769,285.769,0.000205404,5.54174,4.5395e-05,5.56636e-06,1.51287,4.49505e-06,1.62777e-05,-0.0248004,0.0739578,8.28092,0.0140064,0.0139671,3.79281e-05,3.76269517379873e-06
"750",188299,5.86163,4.15647,4.33045,4.2723,4.2621,0.411553,1.99692,-7.03505,1.21082,0.268403,0.181919,-32.6991,0,294.766,285.766,0.000205447,5.5403,4.53745e-05,5.59755e-06,1.51918,4.49607e-06,1.62835e-05,-0.0248465,0.0739407,8.28132,0.0140316,0.0139922,3.7991e-05,3.75241354983068e-06
"751",188550,5.85937,4.15568,4.32976,4.27155,4.26141,0.411639,1.99735,-7.02948,1.21677,0.273973,0.182272,-32.6918,0,294.762,285.762,0.00020549,5.53886,4.53542e-05,5.62847e-06,1.52504,4.49704e-06,1.62891e-05,-0.0248285,0.0739237,8.28168,0.0140571,0.0140175,3.8054e-05,3.74223596790018e-06
"752",188802,5.85706,4.1549,4.32907,4.2708,4.26072,0.411725,1.99777,-7.02391,1.22267,0.27954,0.182626,-32.6845,0,294.759,285.759,0.000205533,5.53741,4.53338e-05,5.65949e-06,1.53104,4.49801e-06,1.62948e-05,-0.0248299,0.0739066,8.28205,0.0140823,0.0140428,3.81172e-05,3.73213143266814e-06
"753",189054,5.85469,4.15416,4.32838,4.27005,4.26003,0.41181,1.99819,-7.01836,1.2285,0.28511,0.182981,-32.6772,0,294.755,285.755,0.000205576,5.53595,4.53133e-05,5.69063e-06,1.53718,4.499e-06,1.63005e-05,-0.024853,0.0738893,8.28244,0.0141077,0.0140681,3.81805e-05,3.72209828621709e-06
"754",189306,5.85222,4.15347,4.32769,4.2693,4.25933,0.411896,1.99861,-7.01281,1.23423,0.290679,0.183337,-32.6699,0,294.752,285.752,0.000205618,5.53448,4.52925e-05,5.72191e-06,1.54356,4.50002e-06,1.63063e-05,-0.0249117,0.0738719,8.28284,0.014133,0.0140933,3.8244e-05,3.71213492920698e-06
"755",189558,5.85005,4.15265,4.327,4.26855,4.25864,0.41198,1.99903,-7.00726,1.24021,0.296223,0.183692,-32.6626,0,294.749,285.749,0.000205661,5.53302,4.52721e-05,5.75279e-06,1.5493,4.50095e-06,1.63117e-05,-0.0248785,0.0738547,8.28319,0.0141587,0.0141188,3.83074e-05,3.70229498873456e-06
"756",189810,5.84779,4.15187,4.32631,4.2678,4.25795,0.412065,1.99944,-7.00172,1.24609,0.301764,0.184048,-32.6554,0,294.745,285.745,0.000205703,5.53155,4.52516e-05,5.78378e-06,1.55525,4.50191e-06,1.63173e-05,-0.0248772,0.0738373,8.28355,0.0141841,0.0141443,3.8371e-05,3.69252076209939e-06
"757",190062,5.84546,4.15113,4.32562,4.26705,4.25726,0.412149,1.99986,-6.99617,1.2519,0.307312,0.184406,-32.6481,0,294.742,285.742,0.000205745,5.53007,4.52309e-05,5.81491e-06,1.56138,4.50289e-06,1.63229e-05,-0.024901,0.0738198,8.28393,0.0142097,0.0141698,3.84349e-05,3.68278377015301e-06
"758",190315,5.84312,4.15039,4.32492,4.26629,4.25656,0.412233,2.00027,-6.99061,1.2577,0.312852,0.184764,-32.6409,0,294.738,285.738,0.000205787,5.52858,4.52102e-05,5.84602e-06,1.56752,4.50387e-06,1.63285e-05,-0.0249276,0.0738022,8.28431,0.0142354,0.0141953,3.84989e-05,3.67313704477573e-06
"759",190567,5.84073,4.14967,4.32423,4.26554,4.25587,0.412317,2.00069,-6.98507,1.26345,0.318389,0.185123,-32.6336,0,294.735,285.735,0.000205829,5.52708,4.51895e-05,5.87717e-06,1.57377,4.50486e-06,1.63342e-05,-0.0249714,0.0737845,8.28469,0.014261,0.0142208,3.8563e-05,3.66355194445483e-06
"760",190819,5.83846,4.14892,4.32354,4.26479,4.25518,0.4124,2.0011,-6.97956,1.26927,0.323914,0.185482,-32.6264,0,294.731,285.731,0.00020587,5.52559,4.51688e-05,5.90815e-06,1.57981,4.50582e-06,1.63397e-05,-0.0249855,0.0737669,8.28506,0.0142867,0.0142465,3.86271e-05,3.65405353524137e-06
"761",191071,5.83632,4.14812,4.32285,4.26404,4.25448,0.412483,2.00151,-6.97407,1.27518,0.329426,0.185841,-32.6192,0,294.728,285.728,0.000205912,5.5241,4.51483e-05,5.93896e-06,1.58561,4.50674e-06,1.63451e-05,-0.0249662,0.0737493,8.28541,0.0143124,0.0142722,3.86913e-05,3.64463988316937e-06
"762",191324,5.83412,4.14734,4.32215,4.26329,4.25379,0.412566,2.00191,-6.96857,1.28103,0.334934,0.186201,-32.612,0,294.725,285.725,0.000205953,5.5226,4.51277e-05,5.96981e-06,1.59153,4.50768e-06,1.63506e-05,-0.0249651,0.0737316,8.28576,0.0143381,0.0142979,3.87555e-05,3.63528324549137e-06
"763",191576,5.83185,4.14659,4.32146,4.26254,4.25309,0.412649,2.00232,-6.96308,1.28681,0.340444,0.186562,-32.6048,0,294.722,285.722,0.000205994,5.52109,4.5107e-05,6.00073e-06,1.5976,4.50863e-06,1.63561e-05,-0.0249865,0.0737138,8.28613,0.0143639,0.0143237,3.882e-05,3.62598249333659e-06
"764",191829,5.82948,4.14589,4.32077,4.26178,4.2524,0.412731,2.00272,-6.95758,1.29248,0.345956,0.186923,-32.5977,0,294.718,285.718,0.000206035,5.51957,4.50861e-05,6.03177e-06,1.60391,4.50962e-06,1.63617e-05,-0.025044,0.0736958,8.28651,0.0143897,0.0143494,3.88847e-05,3.61676196453062e-06
"765",192081,5.82738,4.14509,4.32008,4.26103,4.2517,0.412813,2.00313,-6.95208,1.29837,0.351444,0.187285,-32.5905,0,294.715,285.715,0.000206076,5.51806,4.50656e-05,6.06241e-06,1.60965,4.51052e-06,1.6367e-05,-0.0250192,0.0736781,8.28685,0.0144158,0.0143753,3.89493e-05,3.60759473459727e-06
"766",192334,5.82906,4.14446,4.31939,4.26031,4.25101,0.412895,2.00353,-6.95096,1.30014,0.356719,0.187433,-32.5901,0,294.717,285.717,0.000206117,5.5166,4.50463e-05,6.09187e-06,1.61352,4.51041e-06,1.63686e-05,-0.0251059,0.0736609,8.28658,0.014427,0.0143882,3.89758e-05,3.60386915712372e-06
"767",192586,5.83357,4.14398,4.31875,4.25966,4.25033,0.412978,2.00393,-6.94914,1.30146,0.361025,0.187382,-32.5919,0,294.724,285.724,0.000206159,5.51451,4.50149e-05,6.13361e-06,1.61735,4.50953e-06,1.63674e-05,-0.0252405,0.0736363,8.28585,0.014427,0.0143881,3.89666e-05,3.60515151918597e-06
"768",192838,5.83708,4.1435,4.31815,4.25903,4.24968,0.413061,2.00434,-6.94541,1.30469,0.364945,0.187342,-32.5908,0,294.729,285.729,0.0002062,5.51185,4.49728e-05,6.18603e-06,1.62224,4.50892e-06,1.63673e-05,-0.0253542,0.073605,8.28528,0.014427,0.0143881,3.89595e-05,3.60615836039982e-06
"769",193090,5.83985,4.14301,4.31759,4.25842,4.24905,0.413145,2.00474,-6.94123,1.30844,0.368745,0.18731,-32.5887,0,294.733,285.733,0.000206242,5.50892,4.49257e-05,6.24344e-06,1.62735,4.50851e-06,1.63678e-05,-0.0254529,0.0735704,8.28484,0.014427,0.0143881,3.89539e-05,3.60696451039298e-06
"770",193342,5.84208,4.14253,4.31707,4.25783,4.24845,0.413227,2.00514,-6.93697,1.31235,0.372504,0.187285,-32.5862,0,294.737,285.737,0.000206283,5.50587,4.4877e-05,6.30244e-06,1.63244,4.50825e-06,1.63689e-05,-0.02554,0.0735345,8.28447,0.014427,0.014388,3.89493e-05,3.60759473459727e-06
"771",193593,5.84389,4.14205,4.31656,4.25726,4.24787,0.41331,2.00555,-6.93274,1.31628,0.376243,0.187264,-32.5833,0,294.739,285.739,0.000206324,5.50282,4.48286e-05,6.36106e-06,1.63747,4.5081e-06,1.63704e-05,-0.0256179,0.0734987,8.28418,0.014427,0.014388,3.89457e-05,3.60812440775313e-06
"772",193845,5.84537,4.14157,4.31608,4.2567,4.24732,0.413393,2.00595,-6.92856,1.32022,0.379969,0.187247,-32.5802,0,294.742,285.742,0.000206366,5.49983,4.47817e-05,6.41818e-06,1.64241,4.50804e-06,1.63723e-05,-0.0256881,0.0734635,8.28394,0.014427,0.014388,3.89426e-05,3.60855338149068e-06
"773",194096,5.84659,4.14111,4.31562,4.25616,4.24679,0.413476,2.00635,-6.92443,1.32416,0.383685,0.187234,-32.577,0,294.743,285.743,0.000206407,5.49693,4.47369e-05,6.47321e-06,1.64728,4.50805e-06,1.63743e-05,-0.0257518,0.0734294,8.28375,0.014427,0.014388,3.89402e-05,3.60888153547823e-06
"774",194348,5.84758,4.14065,4.31517,4.25564,4.24627,0.413558,2.00676,-6.92034,1.32809,0.387392,0.187222,-32.5737,0,294.745,285.745,0.000206448,5.49414,4.46944e-05,6.52589e-06,1.65207,4.50812e-06,1.63766e-05,-0.02581,0.0733966,8.28359,0.014427,0.014388,3.89382e-05,3.60918453557565e-06
"775",194599,5.84842,4.14019,4.31474,4.25514,4.24578,0.41364,2.00716,-6.9163,1.33204,0.391087,0.187213,-32.5702,0,294.746,285.746,0.000206489,5.49146,4.46545e-05,6.57606e-06,1.6567,4.50823e-06,1.63791e-05,-0.0258503,0.0733652,8.28345,0.014427,0.014388,3.89366e-05,3.60941184158215e-06
"776",194850,5.84905,4.13975,4.31433,4.25465,4.2453,0.413722,2.00756,-6.91229,1.33595,0.394777,0.187206,-32.5667,0,294.747,285.747,0.00020653,5.4889,4.46168e-05,6.62392e-06,1.66135,4.5084e-06,1.63817e-05,-0.0258994,0.0733351,8.28335,0.014427,0.014388,3.89353e-05,3.60958866830663e-06
"777",195101,5.84953,4.13932,4.31392,4.25417,4.24484,0.413805,2.00796,-6.90831,1.33985,0.39846,0.187201,-32.5631,0,294.748,285.748,0.000206571,5.48645,4.45814e-05,6.66947e-06,1.66595,4.50861e-06,1.63845e-05,-0.0259446,0.0733064,8.28327,0.014427,0.014388,3.89343e-05,3.60971499088348e-06
"778",195352,5.84988,4.13891,4.31353,4.2537,4.24439,0.413886,2.00836,-6.90436,1.34374,0.402134,0.187197,-32.5594,0,294.748,285.748,0.000206612,5.48411,4.45482e-05,6.71285e-06,1.67049,4.50885e-06,1.63874e-05,-0.0259863,0.0732789,8.28321,0.014427,0.014388,3.89336e-05,3.6098160596125e-06
"779",195603,5.85011,4.13849,4.31314,4.25325,4.24395,0.413968,2.00876,-6.90043,1.34763,0.405802,0.187194,-32.5557,0,294.749,285.749,0.000206653,5.48187,4.45169e-05,6.7542e-06,1.67497,4.50912e-06,1.63904e-05,-0.0260249,0.0732527,8.28318,0.014427,0.014388,3.89331e-05,3.60989186738344e-06
"780",195854,5.85024,4.13809,4.31277,4.25281,4.24353,0.41405,2.00916,-6.89654,1.3515,0.409461,0.187193,-32.5518,0,294.749,285.749,0.000206694,5.47972,4.44876e-05,6.79366e-06,1.67941,4.50943e-06,1.63935e-05,-0.0260607,0.0732275,8.28316,0.014427,0.014388,3.89329e-05,3.60991713782616e-06
"781",196105,5.85026,4.13769,4.3124,4.25238,4.24312,0.414131,2.00956,-6.89266,1.35537,0.413114,0.187192,-32.548,0,294.749,285.749,0.000206734,5.47766,4.446e-05,6.83137e-06,1.6838,4.50975e-06,1.63967e-05,-0.0260939,0.0732034,8.28315,0.014427,0.014388,3.89328e-05,3.60994240886182e-06
"782",196356,5.8502,4.1373,4.31204,4.25196,4.24272,0.414213,2.00996,-6.88881,1.35923,0.416759,0.187193,-32.5441,0,294.749,285.749,0.000206775,5.47569,4.44339e-05,6.86748e-06,1.68815,4.51011e-06,1.64e-05,-0.0261247,0.0731803,8.28316,0.014427,0.014388,3.89329e-05,3.60991713782616e-06
"783",196607,5.85006,4.13691,4.31169,4.25154,4.24232,0.414294,2.01035,-6.88498,1.36308,0.420397,0.187195,-32.5402,0,294.749,285.749,0.000206815,5.47379,4.44093e-05,6.9021e-06,1.69245,4.51048e-06,1.64033e-05,-0.0261533,0.0731581,8.28318,0.014427,0.014388,3.89332e-05,3.60986659753361e-06
"784",196857,5.84984,4.13653,4.31134,4.25113,4.24194,0.414375,2.01075,-6.88117,1.36692,0.424028,0.187197,-32.5362,0,294.748,285.748,0.000206856,5.47197,4.43861e-05,6.93536e-06,1.69672,4.51087e-06,1.64067e-05,-0.0261799,0.0731367,8.28322,0.014427,0.014388,3.89336e-05,3.6098160596125e-06
"785",197108,5.84956,4.13615,4.311,4.25073,4.24156,0.414455,2.01115,-6.87737,1.37076,0.427652,0.1872,-32.5322,0,294.748,285.748,0.000206896,5.4702,4.43641e-05,6.96735e-06,1.70095,4.51128e-06,1.64102e-05,-0.0262047,0.0731161,8.28327,0.014427,0.014388,3.89342e-05,3.60974025717667e-06
"786",197359,5.84921,4.13578,4.31067,4.25034,4.24119,0.414536,2.01154,-6.8736,1.37459,0.431269,0.187204,-32.5282,0,294.747,285.747,0.000206936,5.4685,4.43433e-05,6.99819e-06,1.70515,4.51171e-06,1.64137e-05,-0.0262278,0.0730962,8.28332,0.014427,0.014388,3.89349e-05,3.6096391955597e-06
"787",197610,5.84881,4.13541,4.31034,4.24996,4.24083,0.414616,2.01194,-6.86984,1.37841,0.43488,0.187208,-32.5241,0,294.747,285.747,0.000206977,5.46686,4.43235e-05,7.02796e-06,1.70932,4.51215e-06,1.64173e-05,-0.0262494,0.0730769,8.28339,0.014427,0.014388,3.89357e-05,3.60953814342348e-06
"788",197861,5.84835,4.13505,4.31001,4.24957,4.24047,0.414697,2.01233,-6.86609,1.38222,0.438483,0.187213,-32.52,0,294.746,285.746,0.000207017,5.46526,4.43046e-05,7.05675e-06,1.71346,4.5126e-06,1.64209e-05,-0.0262696,0.0730583,8.28346,0.014427,0.014388,3.89366e-05,3.60941184158215e-06
"789",198112,5.84785,4.13468,4.30969,4.2492,4.24012,0.414777,2.01272,-6.86236,1.38603,0.44208,0.187219,-32.5159,0,294.745,285.745,0.000207057,5.46372,4.42866e-05,7.08464e-06,1.71757,4.51307e-06,1.64246e-05,-0.0262885,0.0730402,8.28354,0.014427,0.014388,3.89376e-05,3.60926029891593e-06
"790",198362,5.8473,4.13433,4.30938,4.24883,4.23977,0.414857,2.01311,-6.85865,1.38982,0.445671,0.187225,-32.5118,0,294.744,285.744,0.000207096,5.46222,4.42695e-05,7.11169e-06,1.72165,4.51354e-06,1.64283e-05,-0.0263062,0.0730227,8.28363,0.014427,0.014388,3.89387e-05,3.60910877756268e-06
"791",198613,5.84671,4.13397,4.30906,4.24846,4.23943,0.414936,2.0135,-6.85495,1.39361,0.449254,0.187232,-32.5077,0,294.744,285.744,0.000207136,5.46075,4.42531e-05,7.13798e-06,1.72571,4.51403e-06,1.64321e-05,-0.0263228,0.0730056,8.28373,0.014427,0.014388,3.89398e-05,3.60893202957778e-06
"792",198864,5.84608,4.13362,4.30875,4.2481,4.23909,0.415016,2.01389,-6.85126,1.3974,0.452832,0.187239,-32.5035,0,294.743,285.743,0.000207176,5.45933,4.42373e-05,7.16355e-06,1.72974,4.51453e-06,1.64358e-05,-0.0263383,0.072989,8.28383,0.014427,0.014388,3.89411e-05,3.60875531058011e-06
"793",199115,5.84542,4.13327,4.30844,4.24774,4.23876,0.415095,2.01428,-6.84759,1.40117,0.456402,0.187246,-32.4993,0,294.742,285.742,0.000207216,5.45794,4.42222e-05,7.18847e-06,1.73376,4.51504e-06,1.64396e-05,-0.026353,0.0729728,8.28393,0.014427,0.014388,3.89424e-05,3.6085786205578e-06
"794",199366,5.84473,4.13292,4.30814,4.24738,4.23843,0.415174,2.01467,-6.84392,1.40494,0.459967,0.187254,-32.4951,0,294.741,285.741,0.000207255,5.45658,4.42077e-05,7.21279e-06,1.73775,4.51555e-06,1.64434e-05,-0.0263668,0.0729569,8.28405,0.014427,0.014388,3.89438e-05,3.60837672456851e-06
"795",199617,5.84401,4.13257,4.30784,4.24703,4.23811,0.415253,2.01506,-6.84027,1.40871,0.463525,0.187262,-32.491,0,294.74,285.74,0.000207294,5.45526,4.41938e-05,7.23654e-06,1.74172,4.51607e-06,1.64473e-05,-0.0263798,0.0729414,8.28416,0.014427,0.014388,3.89453e-05,3.60817486639135e-06
"796",199867,5.84326,4.13223,4.30754,4.24668,4.23778,0.415332,2.01545,-6.83663,1.41246,0.467076,0.18727,-32.4868,0,294.738,285.738,0.000207334,5.45396,4.41803e-05,7.25978e-06,1.74567,4.5166e-06,1.64511e-05,-0.0263921,0.0729263,8.28428,0.014427,0.014388,3.89468e-05,3.60797304600863e-06
