Time	Carb1	Carb2	Carb3	Carb4	Carb5	Carb6	Carb7	Carb8	Carb9	Carb10	Carb11	Carb12	Carb13	Carb14	Carb15	Sil1	Sil2	Sil3	Sil4	Sil5	Sil6	Sil7	Sil8	Sil9	Sil10	Sil11	Sil12	Sil13	Sil14	Sil15	c131	c132	c133	c134	c135	c136	c137	c138	c139	c1310	c1311	c1312	c1313	c1314	c1315	
0	6.8679e+17	2.79524e+17	1.22321e+17	7.73932e+16	1.54786e+17	2.3218e+17	3.09573e+17	3.86966e+17	4.64359e+17	5.41753e+17	6.19146e+17	6.96539e+17	7.5909e+17	2.85587e+17	5.49164e+15	5.6223e+15	5.13779e+15	2.24831e+15	1.42252e+15	2.84505e+15	4.26757e+15	5.69009e+15	7.11261e+15	8.53514e+15	9.95766e+15	1.13802e+16	1.28027e+16	2.32723e+16	2.63861e+17	2.89924e+17	4.68986	4.68986	4.68986	4.68986	4.68986	4.68986	4.68986	4.68986	4.68986	4.68986	4.68986	4.68986	4.68986	4.68986	4.68986	
251.725	6.86548e+17	2.79491e+17	1.22306e+17	7.73841e+16	1.54768e+17	2.32152e+17	3.09536e+17	3.8692e+17	4.64305e+17	5.41689e+17	6.19073e+17	6.96104e+17	7.58181e+17	3.35231e+17	8.60108e+15	5.62032e+15	5.13719e+15	2.24804e+15	1.42235e+15	2.84472e+15	4.26706e+15	5.68942e+15	7.11177e+15	8.53414e+15	9.95648e+15	1.13789e+16	1.27947e+16	2.32444e+16	3.09729e+17	4.54083e+17	4.68986	4.68986	4.68986	4.68986	4.68986	4.68986	4.68986	4.68986	4.68986	4.68986	4.68986	4.68986	4.68986	4.68986	4.68986	
503.25	6.86548e+17	2.79491e+17	1.22306e+17	7.73841e+16	1.54768e+17	2.32152e+17	3.09536e+17	3.8692e+17	4.64304e+17	5.41688e+17	6.19072e+17	6.96116e+17	7.58289e+17	3.35257e+17	8.60101e+15	5.62032e+15	5.13719e+15	2.24804e+15	1.42235e+15	2.84472e+15	4.26706e+15	5.68941e+15	7.11177e+15	8.53414e+15	9.95647e+15	1.13788e+16	1.27949e+16	2.32477e+16	3.09753e+17	4.54079e+17	4.68986	4.68986	4.68986	4.68986	4.68986	4.68986	4.68986	4.68986	4.68986	4.68986	4.68986	4.68986	4.68986	4.68986	4.68986	
753.775	6.86547e+17	2.79491e+17	1.22306e+17	7.7384e+16	1.54768e+17	2.32152e+17	3.09536e+17	3.8692e+17	4.64304e+17	5.41688e+17	6.19072e+17	6.96122e+17	7.58339e+17	3.3525e+17	8.60033e+15	5.62031e+15	5.13719e+15	2.24804e+15	1.42235e+15	2.84472e+15	4.26706e+15	5.68941e+15	7.11177e+15	8.53413e+15	9.95647e+15	1.13788e+16	1.2795e+16	2.32493e+16	3.09746e+17	4.54043e+17	4.68986	4.68986	4.68986	4.68986	4.68986	4.68986	4.68986	4.68986	4.68986	4.68986	4.68986	4.68986	4.68986	4.68986	4.68986	
1005.02	6.86547e+17	2.79491e+17	1.22306e+17	7.7384e+16	1.54768e+17	2.32152e+17	3.09536e+17	3.8692e+17	4.64304e+17	5.41688e+17	6.19072e+17	6.96125e+17	7.58368e+17	3.3524e+17	8.60033e+15	5.62031e+15	5.13718e+15	2.24803e+15	1.42235e+15	2.84472e+15	4.26706e+15	5.68941e+15	7.11177e+15	8.53413e+15	9.95647e+15	1.13788e+16	1.27951e+16	2.32502e+16	3.09736e+17	4.54043e+17	4.68986	4.68986	4.68986	4.68986	4.68986	4.68986	4.68986	4.68986	4.68986	4.68986	4.68986	4.68986	4.68986	4.68986	4.68986	
1255.34	6.86547e+17	2.79491e+17	1.22306e+17	7.7384e+16	1.54768e+17	2.32152e+17	3.09536e+17	3.8692e+17	4.64304e+17	5.41688e+17	6.19072e+17	6.96127e+17	7.58387e+17	3.35231e+17	8.60033e+15	5.62031e+15	5.13718e+15	2.24803e+15	1.42235e+15	2.84472e+15	4.26706e+15	5.68941e+15	7.11176e+15	8.53413e+15	9.95646e+15	1.13788e+16	1.27951e+16	2.32507e+16	3.09729e+17	4.54043e+17	4.68986	4.68986	4.68986	4.68986	4.68986	4.68986	4.68986	4.68986	4.68986	4.68986	4.68986	4.68986	4.68986	4.68986	4.68986	
1505.91	6.86547e+17	2.79491e+17	1.22306e+17	7.7384e+16	1.54768e+17	2.32152e+17	3.09536e+17	3.8692e+17	4.64304e+17	5.41688e+17	6.19072e+17	6.96129e+17	7.58401e+17	3.35225e+17	8.60033e+15	5.62031e+15	5.13718e+15	2.24803e+15	1.42235e+15	2.84472e+15	4.26705e+15	5.68941e+15	7.11176e+15	8.53413e+15	9.95646e+15	1.13788e+16	1.27952e+16	2.32512e+16	3.09723e+17	4.54043e+17	4.68986	4.68986	4.68986	4.68986	4.68986	4.68986	4.68986	4.68986	4.68986	4.68986	4.68986	4.68986	4.68986	4.68986	4.68986	
1757.38	6.86547e+17	2.79491e+17	1.22306e+17	7.7384e+16	1.54768e+17	2.32152e+17	3.09536e+17	3.8692e+17	4.64304e+17	5.41688e+17	6.19072e+17	6.9613e+17	7.58412e+17	3.3522e+17	8.60033e+15	5.62031e+15	5.13718e+15	2.24803e+15	1.42235e+15	2.84472e+15	4.26705e+15	5.68941e+15	7.11176e+15	8.53412e+15	9.95646e+15	1.13788e+16	1.27952e+16	2.32515e+16	3.09719e+17	4.54043e+17	4.68986	4.68986	4.68986	4.68986	4.68986	4.68986	4.68986	4.68986	4.68986	4.68986	4.68986	4.68986	4.68986	4.68986	4.68986	
2008.16	6.86547e+17	2.79491e+17	1.22306e+17	7.7384e+16	1.54768e+17	2.32152e+17	3.09536e+17	3.8692e+17	4.64304e+17	5.41688e+17	6.19072e+17	6.9613e+17	7.58421e+17	3.35217e+17	8.60033e+15	5.62031e+15	5.13718e+15	2.24803e+15	1.42235e+15	2.84472e+15	4.26705e+15	5.68941e+15	7.11176e+15	8.53412e+15	9.95646e+15	1.13788e+16	1.27952e+16	2.32518e+16	3.09715e+17	4.54043e+17	4.68986	4.68986	4.68986	4.68986	4.68986	4.68986	4.68986	4.68986	4.68986	4.68986	4.68986	4.68986	4.68986	4.68986	4.68986	
2258.59	6.86547e+17	2.79491e+17	1.22306e+17	7.73839e+16	1.54768e+17	2.32152e+17	3.09536e+17	3.8692e+17	4.64304e+17	5.41688e+17	6.19071e+17	6.96131e+17	7.58429e+17	3.35214e+17	8.60033e+15	5.62031e+15	5.13718e+15	2.24803e+15	1.42235e+15	2.84472e+15	4.26705e+15	5.68941e+15	7.11176e+15	8.53412e+15	9.95646e+15	1.13788e+16	1.27952e+16	2.3252e+16	3.09713e+17	4.54043e+17	4.68986	4.68986	4.68986	4.68986	4.68986	4.68986	4.68986	4.68986	4.68986	4.68986	4.68986	4.68986	4.68986	4.68986	4.68986	
2509.84	6.86546e+17	2.79491e+17	1.22306e+17	7.73839e+16	1.54768e+17	2.32152e+17	3.09536e+17	3.8692e+17	4.64304e+17	5.41687e+17	6.19071e+17	6.96131e+17	7.58436e+17	3.35212e+17	8.60033e+15	5.62031e+15	5.13718e+15	2.24803e+15	1.42235e+15	2.84472e+15	4.26705e+15	5.6894e+15	7.11176e+15	8.53412e+15	9.95646e+15	1.13788e+16	1.27952e+16	2.32523e+16	3.09711e+17	4.54043e+17	4.68986	4.68986	4.68986	4.68986	4.68986	4.68986	4.68986	4.68986	4.68986	4.68986	4.68986	4.68986	4.68986	4.68986	4.68986	
2760.33	6.86546e+17	2.79491e+17	1.22306e+17	7.73839e+16	1.54768e+17	2.32152e+17	3.09536e+17	3.8692e+17	4.64303e+17	5.41687e+17	6.19071e+17	6.96132e+17	7.58443e+17	3.35211e+17	8.60033e+15	5.62031e+15	5.13718e+15	2.24803e+15	1.42235e+15	2.84472e+15	4.26705e+15	5.6894e+15	7.11176e+15	8.53412e+15	9.95645e+15	1.13788e+16	1.27952e+16	2.32525e+16	3.0971e+17	4.54043e+17	4.68986	4.68986	4.68986	4.68986	4.68986	4.68986	4.68986	4.68986	4.68986	4.68986	4.68986	4.68986	4.68986	4.68986	4.68986	
3011.2	6.86546e+17	2.79491e+17	1.22306e+17	7.73839e+16	1.54768e+17	2.32152e+17	3.09536e+17	3.8692e+17	4.64303e+17	5.41687e+17	6.19071e+17	6.96132e+17	7.58449e+17	3.3521e+17	8.60033e+15	5.62031e+15	5.13718e+15	2.24803e+15	1.42235e+15	2.84472e+15	4.26705e+15	5.6894e+15	7.11176e+15	8.53412e+15	9.95645e+15	1.13788e+16	1.27952e+16	2.32527e+16	3.09709e+17	4.54043e+17	4.68986	4.68986	4.68986	4.68986	4.68986	4.68986	4.68986	4.68986	4.68986	4.68986	4.68986	4.68986	4.68986	4.68986	4.68986	
3262.27	6.86546e+17	2.79491e+17	1.22306e+17	7.73839e+16	1.54768e+17	2.32152e+17	3.09536e+17	3.86919e+17	4.64303e+17	5.41687e+17	6.19071e+17	6.96132e+17	7.58455e+17	3.35209e+17	8.60033e+15	5.62031e+15	5.13718e+15	2.24803e+15	1.42235e+15	2.84472e+15	4.26705e+15	5.6894e+15	7.11176e+15	8.53412e+15	9.95645e+15	1.13788e+16	1.27952e+16	2.32528e+16	3.09708e+17	4.54043e+17	4.68986	4.68986	4.68986	4.68986	4.68986	4.68986	4.68986	4.68986	4.68986	4.68986	4.68986	4.68986	4.68986	4.68986	4.68986	
3512.46	6.86546e+17	2.79491e+17	1.22306e+17	7.73839e+16	1.54768e+17	2.32152e+17	3.09536e+17	3.86919e+17	4.64303e+17	5.41687e+17	6.19071e+17	6.96132e+17	7.5846e+17	3.35208e+17	8.60033e+15	5.62031e+15	5.13718e+15	2.24803e+15	1.42235e+15	2.84471e+15	4.26705e+15	5.6894e+15	7.11175e+15	8.53412e+15	9.95645e+15	1.13788e+16	1.27952e+16	2.3253e+16	3.09707e+17	4.54043e+17	4.68986	4.68986	4.68986	4.68986	4.68986	4.68986	4.68986	4.68986	4.68986	4.68986	4.68986	4.68986	4.68986	4.68986	4.68986	
3763.53	6.86546e+17	2.79491e+17	1.22306e+17	7.73839e+16	1.54768e+17	2.32152e+17	3.09536e+17	3.86919e+17	4.64303e+17	5.41687e+17	6.19071e+17	6.96132e+17	7.58466e+17	3.35207e+17	8.60033e+15	5.62031e+15	5.13718e+15	2.24803e+15	1.42235e+15	2.84471e+15	4.26705e+15	5.6894e+15	7.11175e+15	8.53412e+15	9.95645e+15	1.13788e+16	1.27952e+16	2.32532e+16	3.09706e+17	4.54043e+17	4.68986	4.68986	4.68986	4.68986	4.68986	4.68986	4.68986	4.68986	4.68986	4.68986	4.68986	4.68986	4.68986	4.68986	4.68986	
4014.81	6.86546e+17	2.79491e+17	1.22306e+17	7.73839e+16	1.54768e+17	2.32152e+17	3.09536e+17	3.86919e+17	4.64303e+17	5.41687e+17	6.19071e+17	6.96132e+17	7.5847e+17	3.35207e+17	8.60033e+15	5.62031e+15	5.13718e+15	2.24803e+15	1.42235e+15	2.84471e+15	4.26705e+15	5.6894e+15	7.11175e+15	8.53412e+15	9.95645e+15	1.13788e+16	1.27952e+16	2.32533e+16	3.09706e+17	4.54043e+17	4.68986	4.68986	4.68986	4.68986	4.68986	4.68986	4.68986	4.68986	4.68986	4.68986	4.68986	4.68986	4.68986	4.68986	4.68986	
4265.11	6.86546e+17	2.79491e+17	1.22306e+17	7.73839e+16	1.54768e+17	2.32152e+17	3.09536e+17	3.86919e+17	4.64303e+17	5.41687e+17	6.19071e+17	6.96133e+17	7.58475e+17	3.35206e+17	8.60033e+15	5.6203e+15	5.13718e+15	2.24803e+15	1.42235e+15	2.84471e+15	4.26705e+15	5.6894e+15	7.11175e+15	8.53412e+15	9.95645e+15	1.13788e+16	1.27952e+16	2.32534e+16	3.09706e+17	4.54043e+17	4.68986	4.68986	4.68986	4.68986	4.68986	4.68986	4.68986	4.68986	4.68986	4.68986	4.68986	4.68986	4.68986	4.68986	4.68986	
4516.14	6.86546e+17	2.79491e+17	1.22306e+17	7.73839e+16	1.54768e+17	2.32152e+17	3.09535e+17	3.86919e+17	4.64303e+17	5.41687e+17	6.19071e+17	6.96133e+17	7.5848e+17	3.35206e+17	8.60033e+15	5.6203e+15	5.13717e+15	2.24803e+15	1.42235e+15	2.84471e+15	4.26705e+15	5.6894e+15	7.11175e+15	8.53411e+15	9.95645e+15	1.13788e+16	1.27952e+16	2.32536e+16	3.09705e+17	4.54043e+17	4.68986	4.68986	4.68986	4.68986	4.68986	4.68986	4.68986	4.68986	4.68986	4.68986	4.68986	4.68986	4.68986	4.68986	4.68986	
4766.83	6.86546e+17	2.79491e+17	1.22306e+17	7.73839e+16	1.54768e+17	2.32152e+17	3.09535e+17	3.86919e+17	4.64303e+17	5.41687e+17	6.19071e+17	6.96133e+17	7.58484e+17	3.35206e+17	8.60033e+15	5.6203e+15	5.13717e+15	2.24803e+15	1.42235e+15	2.84471e+15	4.26705e+15	5.6894e+15	7.11175e+15	8.53411e+15	9.95645e+15	1.13788e+16	1.27952e+16	2.32537e+16	3.09705e+17	4.54043e+17	4.68986	4.68986	4.68986	4.68986	4.68986	4.68986	4.68986	4.68986	4.68986	4.68986	4.68986	4.68986	4.68986	4.68986	4.68986	
5017.46	6.86546e+17	2.79491e+17	1.22306e+17	7.73839e+16	1.54768e+17	2.32152e+17	3.09535e+17	3.86919e+17	4.64303e+17	5.41687e+17	6.19071e+17	6.96133e+17	7.58487e+17	3.35206e+17	8.60033e+15	5.6203e+15	5.13717e+15	2.24803e+15	1.42235e+15	2.84471e+15	4.26705e+15	5.6894e+15	7.11175e+15	8.53411e+15	9.95645e+15	1.13788e+16	1.27952e+16	2.32538e+16	3.09705e+17	4.54043e+17	4.68986	4.68986	4.68986	4.68986	4.68986	4.68986	4.68986	4.68986	4.68986	4.68986	4.68986	4.68986	4.68986	4.68986	4.68986	
5268.93	6.86546e+17	2.7949e+17	1.22306e+17	7.73839e+16	1.54768e+17	2.32152e+17	3.09535e+17	3.86919e+17	4.64303e+17	5.41687e+17	6.19071e+17	6.96133e+17	7.58491e+17	3.35205e+17	8.60033e+15	5.6203e+15	5.13717e+15	2.24803e+15	1.42235e+15	2.84471e+15	4.26705e+15	5.6894e+15	7.11175e+15	8.53411e+15	9.95645e+15	1.13788e+16	1.27952e+16	2.32539e+16	3.09705e+17	4.54043e+17	4.68986	4.68986	4.68986	4.68986	4.68986	4.68986	4.68986	4.68986	4.68986	4.68986	4.68986	4.68986	4.68986	4.68986	4.68986	
5522.96	6.86546e+17	2.7949e+17	1.22306e+17	7.73839e+16	1.54768e+17	2.32152e+17	3.09535e+17	3.86919e+17	4.64303e+17	5.41687e+17	6.19071e+17	6.96133e+17	7.58494e+17	3.35205e+17	8.60033e+15	5.6203e+15	5.13717e+15	2.24803e+15	1.42235e+15	2.84471e+15	4.26705e+15	5.6894e+15	7.11175e+15	8.53411e+15	9.95645e+15	1.13788e+16	1.27952e+16	2.3254e+16	3.09705e+17	4.54043e+17	4.68986	4.68986	4.68986	4.68986	4.68986	4.68986	4.68986	4.68986	4.68986	4.68986	4.68986	4.68986	4.68986	4.68986	4.68986	
5773.99	6.86546e+17	2.7949e+17	1.22306e+17	7.73839e+16	1.54768e+17	2.32152e+17	3.09535e+17	3.86919e+17	4.64303e+17	5.41687e+17	6.19071e+17	6.96133e+17	7.58497e+17	3.35205e+17	8.60033e+15	5.6203e+15	5.13717e+15	2.24803e+15	1.42235e+15	2.84471e+15	4.26705e+15	5.6894e+15	7.11175e+15	8.53411e+15	9.95645e+15	1.13788e+16	1.27952e+16	2.32541e+16	3.09705e+17	4.54043e+17	4.68986	4.68986	4.68986	4.68986	4.68986	4.68986	4.68986	4.68986	4.68986	4.68986	4.68986	4.68986	4.68986	4.68986	4.68986	
6024.68	6.86546e+17	2.7949e+17	1.22306e+17	7.73839e+16	1.54768e+17	2.32152e+17	3.09535e+17	3.86919e+17	4.64303e+17	5.41687e+17	6.19071e+17	6.96133e+17	7.585e+17	3.35205e+17	8.60033e+15	5.6203e+15	5.13717e+15	2.24803e+15	1.42235e+15	2.84471e+15	4.26705e+15	5.6894e+15	7.11175e+15	8.53411e+15	9.95645e+15	1.13788e+16	1.27952e+16	2.32542e+16	3.09704e+17	4.54043e+17	4.68986	4.68986	4.68986	4.68986	4.68986	4.68986	4.68986	4.68986	4.68986	4.68986	4.68986	4.68986	4.68986	4.68986	4.68986	
6275.31	6.86546e+17	2.7949e+17	1.22306e+17	7.73839e+16	1.54768e+17	2.32152e+17	3.09535e+17	3.86919e+17	4.64303e+17	5.41687e+17	6.19071e+17	6.96133e+17	7.58502e+17	3.35205e+17	8.60033e+15	5.6203e+15	5.13717e+15	2.24803e+15	1.42235e+15	2.84471e+15	4.26705e+15	5.6894e+15	7.11175e+15	8.53411e+15	9.95645e+15	1.13788e+16	1.27952e+16	2.32543e+16	3.09704e+17	4.54043e+17	4.68986	4.68986	4.68986	4.68986	4.68986	4.68986	4.68986	4.68986	4.68986	4.68986	4.68986	4.68986	4.68986	4.68986	4.68986	
6526.78	6.86546e+17	2.7949e+17	1.22306e+17	7.73839e+16	1.54768e+17	2.32152e+17	3.09535e+17	3.86919e+17	4.64303e+17	5.41687e+17	6.19071e+17	6.96132e+17	7.58505e+17	3.35205e+17	8.60033e+15	5.6203e+15	5.13717e+15	2.24803e+15	1.42235e+15	2.84471e+15	4.26705e+15	5.6894e+15	7.11175e+15	8.53411e+15	9.95645e+15	1.13788e+16	1.27952e+16	2.32544e+16	3.09704e+17	4.54043e+17	4.68986	4.68986	4.68986	4.68986	4.68986	4.68986	4.68986	4.68986	4.68986	4.68986	4.68986	4.68986	4.68986	4.68986	4.68986	
6780.81	6.86546e+17	2.7949e+17	1.22306e+17	7.73839e+16	1.54768e+17	2.32152e+17	3.09535e+17	3.86919e+17	4.64303e+17	5.41687e+17	6.19071e+17	6.96132e+17	7.58507e+17	3.35205e+17	8.60033e+15	5.6203e+15	5.13717e+15	2.24803e+15	1.42235e+15	2.84471e+15	4.26705e+15	5.6894e+15	7.11175e+15	8.53411e+15	9.95645e+15	1.13788e+16	1.27952e+16	2.32544e+16	3.09704e+17	4.54043e+17	4.68986	4.68986	4.68986	4.68986	4.68986	4.68986	4.68986	4.68986	4.68986	4.68986	4.68986	4.68986	4.68986	4.68986	4.68986	
7031.84	6.86546e+17	2.7949e+17	1.22306e+17	7.73839e+16	1.54768e+17	2.32152e+17	3.09535e+17	3.86919e+17	4.64303e+17	5.41687e+17	6.19071e+17	6.96132e+17	7.58509e+17	3.35205e+17	8.60033e+15	5.6203e+15	5.13717e+15	2.24803e+15	1.42235e+15	2.84471e+15	4.26705e+15	5.6894e+15	7.11175e+15	8.53411e+15	9.95645e+15	1.13788e+16	1.27952e+16	2.32545e+16	3.09704e+17	4.54043e+17	4.68986	4.68986	4.68986	4.68986	4.68986	4.68986	4.68986	4.68986	4.68986	4.68986	4.68986	4.68986	4.68986	4.68986	4.68986	
7282.53	6.86546e+17	2.7949e+17	1.22306e+17	7.73839e+16	1.54768e+17	2.32152e+17	3.09535e+17	3.86919e+17	4.64303e+17	5.41687e+17	6.19071e+17	6.96132e+17	7.58511e+17	3.35205e+17	8.60033e+15	5.6203e+15	5.13717e+15	2.24803e+15	1.42235e+15	2.84471e+15	4.26705e+15	5.6894e+15	7.11175e+15	8.53411e+15	9.95645e+15	1.13788e+16	1.27952e+16	2.32546e+16	3.09704e+17	4.54043e+17	4.68986	4.68986	4.68986	4.68986	4.68986	4.68986	4.68986	4.68986	4.68986	4.68986	4.68986	4.68986	4.68986	4.68986	4.68986	
7533.16	6.86546e+17	2.7949e+17	1.22306e+17	7.73838e+16	1.54768e+17	2.32152e+17	3.09535e+17	3.86919e+17	4.64303e+17	5.41687e+17	6.19071e+17	6.96132e+17	7.58513e+17	3.35205e+17	8.60033e+15	5.62031e+15	5.13717e+15	2.24803e+15	1.42235e+15	2.84471e+15	4.26705e+15	5.6894e+15	7.11175e+15	8.53411e+15	9.95645e+15	1.13788e+16	1.27952e+16	2.32546e+16	3.09704e+17	4.54043e+17	4.68986	4.68986	4.68986	4.68986	4.68986	4.68986	4.68986	4.68986	4.68986	4.68986	4.68986	4.68986	4.68986	4.68986	4.68986	
7784.62	6.86546e+17	2.7949e+17	1.22306e+17	7.73838e+16	1.54768e+17	2.32152e+17	3.09535e+17	3.86919e+17	4.64303e+17	5.41687e+17	6.19071e+17	6.96132e+17	7.58515e+17	3.35205e+17	8.60033e+15	5.62031e+15	5.13717e+15	2.24803e+15	1.42235e+15	2.84471e+15	4.26705e+15	5.6894e+15	7.11175e+15	8.53411e+15	9.95645e+15	1.13788e+16	1.27952e+16	2.32547e+16	3.09704e+17	4.54043e+17	4.68986	4.68986	4.68986	4.68986	4.68986	4.68986	4.68986	4.68986	4.68986	4.68986	4.68986	4.68986	4.68986	4.68986	4.68986	
8038.66	6.86546e+17	2.7949e+17	1.22306e+17	7.73838e+16	1.54768e+17	2.32152e+17	3.09535e+17	3.86919e+17	4.64303e+17	5.41687e+17	6.19071e+17	6.96132e+17	7.58517e+17	3.35205e+17	8.60033e+15	5.62031e+15	5.13717e+15	2.24803e+15	1.42235e+15	2.84471e+15	4.26705e+15	5.6894e+15	7.11175e+15	8.53411e+15	9.95645e+15	1.13788e+16	1.27952e+16	2.32547e+16	3.09704e+17	4.54043e+17	4.68986	4.68986	4.68986	4.68986	4.68986	4.68986	4.68986	4.68986	4.68986	4.68986	4.68986	4.68986	4.68986	4.68986	4.68986	
8289.69	6.86546e+17	2.7949e+17	1.22306e+17	7.73838e+16	1.54768e+17	2.32152e+17	3.09535e+17	3.86919e+17	4.64303e+17	5.41687e+17	6.19071e+17	6.96131e+17	7.58519e+17	3.35205e+17	8.60033e+15	5.62031e+15	5.13717e+15	2.24803e+15	1.42235e+15	2.84471e+15	4.26705e+15	5.6894e+15	7.11175e+15	8.53411e+15	9.95645e+15	1.13788e+16	1.27952e+16	2.32548e+16	3.09704e+17	4.54043e+17	4.68987	4.68986	4.68986	4.68986	4.68986	4.68986	4.68986	4.68986	4.68986	4.68986	4.68986	4.68986	4.68986	4.68986	4.68986	
8540.37	6.86546e+17	2.7949e+17	1.22306e+17	7.73838e+16	1.54768e+17	2.32152e+17	3.09535e+17	3.86919e+17	4.64303e+17	5.41687e+17	6.19071e+17	6.96131e+17	7.5852e+17	3.35205e+17	8.60033e+15	5.62031e+15	5.13717e+15	2.24803e+15	1.42235e+15	2.84471e+15	4.26705e+15	5.6894e+15	7.11175e+15	8.53411e+15	9.95645e+15	1.13788e+16	1.27952e+16	2.32548e+16	3.09704e+17	4.54043e+17	4.68987	4.68986	4.68986	4.68986	4.68986	4.68986	4.68986	4.68986	4.68986	4.68986	4.68986	4.68986	4.68986	4.68986	4.68986	
8791	6.86546e+17	2.7949e+17	1.22306e+17	7.73838e+16	1.54768e+17	2.32152e+17	3.09535e+17	3.86919e+17	4.64303e+17	5.41687e+17	6.19071e+17	6.96131e+17	7.58522e+17	3.35205e+17	8.60033e+15	5.62032e+15	5.13717e+15	2.24803e+15	1.42235e+15	2.84471e+15	4.26705e+15	5.6894e+15	7.11175e+15	8.53411e+15	9.95645e+15	1.13788e+16	1.27952e+16	2.32549e+16	3.09704e+17	4.54043e+17	4.68987	4.68986	4.68986	4.68986	4.68986	4.68986	4.68986	4.68986	4.68986	4.68986	4.68986	4.68986	4.68986	4.68986	4.68986	
9042.47	6.86546e+17	2.7949e+17	1.22306e+17	7.73838e+16	1.54768e+17	2.32152e+17	3.09535e+17	3.86919e+17	4.64303e+17	5.41687e+17	6.19071e+17	6.96131e+17	7.58523e+17	3.35205e+17	8.60033e+15	5.62033e+15	5.13717e+15	2.24803e+15	1.42235e+15	2.84471e+15	4.26705e+15	5.6894e+15	7.11175e+15	8.53411e+15	9.95645e+15	1.13788e+16	1.27952e+16	2.32549e+16	3.09704e+17	4.54043e+17	4.68987	4.68986	4.68986	4.68986	4.68986	4.68986	4.68986	4.68986	4.68986	4.68986	4.68986	4.68986	4.68986	4.68986	4.68986	
9296.51	6.86546e+17	2.7949e+17	1.22306e+17	7.73838e+16	1.54768e+17	2.32152e+17	3.09535e+17	3.86919e+17	4.64303e+17	5.41687e+17	6.19071e+17	6.9613e+17	7.58525e+17	3.35205e+17	8.60033e+15	5.62034e+15	5.13717e+15	2.24803e+15	1.42235e+15	2.84471e+15	4.26705e+15	5.6894e+15	7.11175e+15	8.53411e+15	9.95644e+15	1.13788e+16	1.27952e+16	2.3255e+16	3.09704e+17	4.54043e+17	4.68987	4.68986	4.68986	4.68986	4.68986	4.68986	4.68986	4.68986	4.68986	4.68986	4.68986	4.68986	4.68986	4.68986	4.68986	
9547.54	6.86546e+17	2.7949e+17	1.22306e+17	7.73838e+16	1.54768e+17	2.32152e+17	3.09535e+17	3.86919e+17	4.64303e+17	5.41687e+17	6.19071e+17	6.9613e+17	7.58526e+17	3.35205e+17	8.60033e+15	5.62036e+15	5.13717e+15	2.24803e+15	1.42235e+15	2.84471e+15	4.26705e+15	5.6894e+15	7.11175e+15	8.53411e+15	9.95644e+15	1.13788e+16	1.27952e+16	2.3255e+16	3.09704e+17	4.54043e+17	4.68987	4.68986	4.68986	4.68986	4.68986	4.68986	4.68986	4.68986	4.68986	4.68986	4.68986	4.68986	4.68986	4.68986	4.68986	
9798.22	6.86546e+17	2.7949e+17	1.22306e+17	7.73838e+16	1.54768e+17	2.32152e+17	3.09535e+17	3.86919e+17	4.64303e+17	5.41687e+17	6.19071e+17	6.9613e+17	7.58527e+17	3.35205e+17	8.60033e+15	5.62038e+15	5.13717e+15	2.24803e+15	1.42235e+15	2.84471e+15	4.26705e+15	5.6894e+15	7.11175e+15	8.53411e+15	9.95644e+15	1.13788e+16	1.27952e+16	2.3255e+16	3.09704e+17	4.54043e+17	4.68987	4.68986	4.68986	4.68986	4.68986	4.68986	4.68986	4.68986	4.68986	4.68986	4.68986	4.68986	4.68986	4.68986	4.68986	
10048.9	6.86546e+17	2.7949e+17	1.22306e+17	7.73838e+16	1.54768e+17	2.32152e+17	3.09535e+17	3.86919e+17	4.64303e+17	5.41687e+17	6.19071e+17	6.9613e+17	7.58528e+17	3.35205e+17	8.60033e+15	5.62042e+15	5.13717e+15	2.24803e+15	1.42235e+15	2.84471e+15	4.26705e+15	5.6894e+15	7.11175e+15	8.53411e+15	9.95644e+15	1.13788e+16	1.27952e+16	2.32551e+16	3.09704e+17	4.54043e+17	4.68988	4.68986	4.68986	4.68986	4.68986	4.68986	4.68986	4.68986	4.68986	4.68986	4.68986	4.68986	4.68986	4.68986	4.68986	
10300.3	6.86546e+17	2.7949e+17	1.22306e+17	7.73838e+16	1.54768e+17	2.32152e+17	3.09535e+17	3.86919e+17	4.64303e+17	5.41687e+17	6.19071e+17	6.96129e+17	7.5853e+17	3.35205e+17	8.60033e+15	5.62047e+15	5.13717e+15	2.24803e+15	1.42235e+15	2.84471e+15	4.26705e+15	5.6894e+15	7.11175e+15	8.53411e+15	9.95644e+15	1.13788e+16	1.27952e+16	2.32551e+16	3.09705e+17	4.54043e+17	4.68988	4.68986	4.68986	4.68986	4.68986	4.68986	4.68986	4.68986	4.68986	4.68986	4.68986	4.68986	4.68986	4.68986	4.68986	
10554.4	6.86546e+17	2.7949e+17	1.22306e+17	7.73838e+16	1.54768e+17	2.32152e+17	3.09535e+17	3.86919e+17	4.64303e+17	5.41687e+17	6.19071e+17	6.96129e+17	7.58531e+17	3.35205e+17	8.60033e+15	5.62054e+15	5.13717e+15	2.24803e+15	1.42235e+15	2.84471e+15	4.26705e+15	5.6894e+15	7.11175e+15	8.53411e+15	9.95644e+15	1.13788e+16	1.27952e+16	2.32552e+16	3.09705e+17	4.54043e+17	4.68989	4.68986	4.68986	4.68986	4.68986	4.68986	4.68986	4.68986	4.68986	4.68986	4.68986	4.68986	4.68986	4.68986	4.68986	
10805.4	6.86546e+17	2.7949e+17	1.22306e+17	7.73838e+16	1.54768e+17	2.32152e+17	3.09535e+17	3.86919e+17	4.64303e+17	5.41687e+17	6.19071e+17	6.96129e+17	7.58532e+17	3.35205e+17	8.60033e+15	5.62063e+15	5.13717e+15	2.24803e+15	1.42235e+15	2.84471e+15	4.26705e+15	5.6894e+15	7.11175e+15	8.53411e+15	9.95644e+15	1.13788e+16	1.27952e+16	2.32552e+16	3.09705e+17	4.54043e+17	4.6899	4.68986	4.68986	4.68986	4.68986	4.68986	4.68986	4.68986	4.68986	4.68986	4.68986	4.68986	4.68986	4.68986	4.68986	
11056.1	6.86545e+17	2.7949e+17	1.22306e+17	7.73838e+16	1.54768e+17	2.32152e+17	3.09535e+17	3.86919e+17	4.64303e+17	5.41687e+17	6.19071e+17	6.96129e+17	7.58533e+17	3.35205e+17	8.60033e+15	5.62076e+15	5.13717e+15	2.24803e+15	1.42235e+15	2.84471e+15	4.26705e+15	5.6894e+15	7.11175e+15	8.53411e+15	9.95644e+15	1.13788e+16	1.27952e+16	2.32552e+16	3.09705e+17	4.54043e+17	4.68992	4.68986	4.68986	4.68986	4.68986	4.68986	4.68986	4.68986	4.68986	4.68986	4.68986	4.68986	4.68986	4.68986	4.68986	
11306.7	6.86545e+17	2.7949e+17	1.22306e+17	7.73838e+16	1.54768e+17	2.32152e+17	3.09535e+17	3.86919e+17	4.64303e+17	5.41687e+17	6.19071e+17	6.96128e+17	7.58534e+17	3.35205e+17	8.60033e+15	5.62092e+15	5.13717e+15	2.24803e+15	1.42235e+15	2.84471e+15	4.26705e+15	5.6894e+15	7.11175e+15	8.53411e+15	9.95644e+15	1.13788e+16	1.27952e+16	2.32552e+16	3.09705e+17	4.54043e+17	4.68994	4.68986	4.68986	4.68986	4.68986	4.68986	4.68986	4.68986	4.68986	4.68986	4.68986	4.68986	4.68986	4.68986	4.68986	
11558.2	6.86545e+17	2.7949e+17	1.22306e+17	7.73838e+16	1.54768e+17	2.32152e+17	3.09535e+17	3.86919e+17	4.64303e+17	5.41687e+17	6.19071e+17	6.96128e+17	7.58534e+17	3.35205e+17	8.60033e+15	5.62113e+15	5.13717e+15	2.24803e+15	1.42235e+15	2.84471e+15	4.26705e+15	5.6894e+15	7.11175e+15	8.53411e+15	9.95644e+15	1.13788e+16	1.27951e+16	2.32553e+16	3.09705e+17	4.54043e+17	4.68996	4.68986	4.68986	4.68986	4.68986	4.68986	4.68986	4.68986	4.68986	4.68986	4.68986	4.68986	4.68986	4.68986	4.68986	
11812.2	6.86544e+17	2.7949e+17	1.22306e+17	7.73838e+16	1.54768e+17	2.32152e+17	3.09535e+17	3.86919e+17	4.64303e+17	5.41687e+17	6.19071e+17	6.96128e+17	7.58535e+17	3.35205e+17	8.60033e+15	5.62141e+15	5.13717e+15	2.24803e+15	1.42235e+15	2.84471e+15	4.26705e+15	5.6894e+15	7.11175e+15	8.53411e+15	9.95644e+15	1.13788e+16	1.27951e+16	2.32553e+16	3.09705e+17	4.54043e+17	4.69	4.68986	4.68986	4.68986	4.68986	4.68986	4.68986	4.68986	4.68986	4.68986	4.68986	4.68986	4.68986	4.68986	4.68986	
12063.2	6.86544e+17	2.7949e+17	1.22306e+17	7.73838e+16	1.54768e+17	2.32152e+17	3.09535e+17	3.86919e+17	4.64303e+17	5.41687e+17	6.19071e+17	6.96127e+17	7.58536e+17	3.35205e+17	8.60033e+15	5.62175e+15	5.13717e+15	2.24803e+15	1.42235e+15	2.84471e+15	4.26705e+15	5.6894e+15	7.11175e+15	8.53411e+15	9.95644e+15	1.13788e+16	1.27951e+16	2.32553e+16	3.09705e+17	4.54043e+17	4.69004	4.68986	4.68986	4.68986	4.68986	4.68986	4.68986	4.68986	4.68986	4.68986	4.68986	4.68986	4.68986	4.68986	4.68986	
12313.9	6.86543e+17	2.7949e+17	1.22306e+17	7.73838e+16	1.54768e+17	2.32152e+17	3.09535e+17	3.86919e+17	4.64303e+17	5.41687e+17	6.19071e+17	6.96127e+17	7.58537e+17	3.35205e+17	8.60033e+15	5.62219e+15	5.13717e+15	2.24803e+15	1.42235e+15	2.84471e+15	4.26705e+15	5.6894e+15	7.11175e+15	8.53411e+15	9.95644e+15	1.13788e+16	1.27951e+16	2.32553e+16	3.09705e+17	4.54043e+17	4.69009	4.68986	4.68986	4.68986	4.68986	4.68986	4.68986	4.68986	4.68986	4.68986	4.68986	4.68986	4.68986	4.68986	4.68986	
12564.5	6.86542e+17	2.7949e+17	1.22306e+17	7.73838e+16	1.54768e+17	2.32152e+17	3.09535e+17	3.86919e+17	4.64303e+17	5.41687e+17	6.19071e+17	6.96127e+17	7.58537e+17	3.35205e+17	8.60033e+15	5.62273e+15	5.13717e+15	2.24803e+15	1.42235e+15	2.84471e+15	4.26705e+15	5.6894e+15	7.11175e+15	8.53411e+15	9.95644e+15	1.13788e+16	1.27951e+16	2.32554e+16	3.09705e+17	4.54043e+17	4.69016	4.68986	4.68986	4.68986	4.68986	4.68986	4.68986	4.68986	4.68986	4.68986	4.68986	4.68986	4.68986	4.68986	4.68986	
12816	6.86541e+17	2.7949e+17	1.22306e+17	7.73838e+16	1.54768e+17	2.32152e+17	3.09535e+17	3.86919e+17	4.64303e+17	5.41687e+17	6.19071e+17	6.96127e+17	7.58538e+17	3.35205e+17	8.60033e+15	5.6234e+15	5.13717e+15	2.24803e+15	1.42235e+15	2.84471e+15	4.26705e+15	5.6894e+15	7.11175e+15	8.53411e+15	9.95644e+15	1.13788e+16	1.27951e+16	2.32554e+16	3.09705e+17	4.54043e+17	4.69024	4.68986	4.68986	4.68986	4.68986	4.68986	4.68986	4.68986	4.68986	4.68986	4.68986	4.68986	4.68986	4.68986	4.68986	
13070	6.8654e+17	2.7949e+17	1.22306e+17	7.73838e+16	1.54768e+17	2.32152e+17	3.09535e+17	3.86919e+17	4.64303e+17	5.41687e+17	6.19071e+17	6.96126e+17	7.58539e+17	3.35205e+17	8.60033e+15	5.62422e+15	5.13717e+15	2.24803e+15	1.42235e+15	2.84471e+15	4.26705e+15	5.6894e+15	7.11175e+15	8.53411e+15	9.95644e+15	1.13788e+16	1.27951e+16	2.32554e+16	3.09705e+17	4.54043e+17	4.69034	4.68986	4.68986	4.68986	4.68986	4.68986	4.68986	4.68986	4.68986	4.68986	4.68986	4.68986	4.68986	4.68986	4.68986	
13321.1	6.86538e+17	2.7949e+17	1.22306e+17	7.73838e+16	1.54768e+17	2.32152e+17	3.09535e+17	3.86919e+17	4.64303e+17	5.41687e+17	6.19071e+17	6.96126e+17	7.58539e+17	3.35205e+17	8.60033e+15	5.62521e+15	5.13717e+15	2.24803e+15	1.42235e+15	2.84471e+15	4.26705e+15	5.6894e+15	7.11175e+15	8.53411e+15	9.95644e+15	1.13788e+16	1.27951e+16	2.32554e+16	3.09705e+17	4.54043e+17	4.69046	4.68986	4.68986	4.68986	4.68986	4.68986	4.68986	4.68986	4.68986	4.68986	4.68986	4.68986	4.68986	4.68986	4.68986	
13571.8	6.86536e+17	2.7949e+17	1.22306e+17	7.73838e+16	1.54768e+17	2.32152e+17	3.09535e+17	3.86919e+17	4.64303e+17	5.41687e+17	6.19071e+17	6.96126e+17	7.5854e+17	3.35205e+17	8.60033e+15	5.62639e+15	5.13717e+15	2.24803e+15	1.42235e+15	2.84471e+15	4.26705e+15	5.6894e+15	7.11175e+15	8.53411e+15	9.95644e+15	1.13788e+16	1.27951e+16	2.32554e+16	3.09705e+17	4.54043e+17	4.69061	4.68986	4.68986	4.68986	4.68986	4.68986	4.68986	4.68986	4.68986	4.68986	4.68986	4.68986	4.68986	4.68986	4.68986	
13822.4	6.86534e+17	2.7949e+17	1.22306e+17	7.73838e+16	1.54768e+17	2.32152e+17	3.09535e+17	3.86919e+17	4.64303e+17	5.41687e+17	6.19071e+17	6.96125e+17	7.5854e+17	3.35205e+17	8.60033e+15	5.6278e+15	5.13717e+15	2.24803e+15	1.42235e+15	2.84471e+15	4.26705e+15	5.6894e+15	7.11175e+15	8.53411e+15	9.95644e+15	1.13788e+16	1.27951e+16	2.32554e+16	3.09705e+17	4.54043e+17	4.69078	4.68986	4.68986	4.68986	4.68986	4.68986	4.68986	4.68986	4.68986	4.68986	4.68986	4.68986	4.68986	4.68986	4.68986	
14073.9	6.86532e+17	2.7949e+17	1.22306e+17	7.73838e+16	1.54768e+17	2.32152e+17	3.09535e+17	3.86919e+17	4.64303e+17	5.41687e+17	6.19071e+17	6.96125e+17	7.58541e+17	3.35205e+17	8.60033e+15	5.62946e+15	5.13717e+15	2.24803e+15	1.42235e+15	2.84471e+15	4.26705e+15	5.6894e+15	7.11175e+15	8.53411e+15	9.95644e+15	1.13788e+16	1.27951e+16	2.32555e+16	3.09705e+17	4.54043e+17	4.69099	4.68986	4.68986	4.68986	4.68986	4.68986	4.68986	4.68986	4.68986	4.68986	4.68986	4.68986	4.68986	4.68986	4.68986	
14327.9	6.86529e+17	2.7949e+17	1.22306e+17	7.73838e+16	1.54768e+17	2.32152e+17	3.09535e+17	3.86919e+17	4.64303e+17	5.41687e+17	6.19071e+17	6.96125e+17	7.58541e+17	3.35205e+17	8.60033e+15	5.63143e+15	5.13717e+15	2.24803e+15	1.42235e+15	2.84471e+15	4.26705e+15	5.6894e+15	7.11175e+15	8.53411e+15	9.95644e+15	1.13788e+16	1.27951e+16	2.32555e+16	3.09705e+17	4.54043e+17	4.69123	4.68986	4.68986	4.68986	4.68986	4.68986	4.68986	4.68986	4.68986	4.68986	4.68986	4.68986	4.68986	4.68986	4.68986	
14578.9	6.86525e+17	2.7949e+17	1.22306e+17	7.73838e+16	1.54768e+17	2.32152e+17	3.09535e+17	3.86919e+17	4.64303e+17	5.41687e+17	6.19071e+17	6.96124e+17	7.58542e+17	3.35205e+17	8.60033e+15	5.63369e+15	5.13717e+15	2.24803e+15	1.42235e+15	2.84471e+15	4.26705e+15	5.6894e+15	7.11175e+15	8.53411e+15	9.95644e+15	1.13788e+16	1.27951e+16	2.32555e+16	3.09705e+17	4.54043e+17	4.69151	4.68986	4.68986	4.68986	4.68986	4.68986	4.68986	4.68986	4.68986	4.68986	4.68986	4.68986	4.68986	4.68986	4.68986	
14829.6	6.86521e+17	2.7949e+17	1.22306e+17	7.73838e+16	1.54768e+17	2.32152e+17	3.09535e+17	3.86919e+17	4.64303e+17	5.41687e+17	6.19071e+17	6.96124e+17	7.58542e+17	3.35205e+17	8.60033e+15	5.63629e+15	5.13717e+15	2.24803e+15	1.42235e+15	2.84471e+15	4.26705e+15	5.6894e+15	7.11175e+15	8.53411e+15	9.95644e+15	1.13788e+16	1.27951e+16	2.32555e+16	3.09705e+17	4.54043e+17	4.69183	4.68986	4.68986	4.68986	4.68986	4.68986	4.68986	4.68986	4.68986	4.68986	4.68986	4.68986	4.68986	4.68986	4.68986	
15080.2	6.86516e+17	2.7949e+17	1.22306e+17	7.73838e+16	1.54768e+17	2.32152e+17	3.09535e+17	3.86919e+17	4.64303e+17	5.41687e+17	6.19071e+17	6.96124e+17	7.58543e+17	3.35205e+17	8.60033e+15	5.63927e+15	5.13717e+15	2.24803e+15	1.42235e+15	2.84471e+15	4.26705e+15	5.6894e+15	7.11175e+15	8.53411e+15	9.95644e+15	1.13788e+16	1.27951e+16	2.32555e+16	3.09705e+17	4.54043e+17	4.6922	4.68986	4.68986	4.68986	4.68986	4.68986	4.68986	4.68986	4.68986	4.68986	4.68986	4.68986	4.68986	4.68986	4.68986	
15331.7	6.86511e+17	2.7949e+17	1.22306e+17	7.73838e+16	1.54768e+17	2.32152e+17	3.09535e+17	3.86919e+17	4.64303e+17	5.41687e+17	6.19071e+17	6.96123e+17	7.58543e+17	3.35205e+17	8.60033e+15	5.64267e+15	5.13717e+15	2.24803e+15	1.42235e+15	2.84471e+15	4.26705e+15	5.6894e+15	7.11175e+15	8.53411e+15	9.95644e+15	1.13788e+16	1.27951e+16	2.32555e+16	3.09705e+17	4.54043e+17	4.69262	4.68986	4.68986	4.68986	4.68986	4.68986	4.68986	4.68986	4.68986	4.68986	4.68986	4.68986	4.68986	4.68986	4.68986	
15585.7	6.86505e+17	2.7949e+17	1.22306e+17	7.73838e+16	1.54768e+17	2.32152e+17	3.09535e+17	3.86919e+17	4.64303e+17	5.41687e+17	6.19071e+17	6.96123e+17	7.58543e+17	3.35205e+17	8.60033e+15	5.64655e+15	5.13717e+15	2.24803e+15	1.42235e+15	2.84471e+15	4.26705e+15	5.6894e+15	7.11175e+15	8.53411e+15	9.95644e+15	1.13788e+16	1.27951e+16	2.32555e+16	3.09705e+17	4.54043e+17	4.69309	4.68986	4.68986	4.68986	4.68986	4.68986	4.68986	4.68986	4.68986	4.68986	4.68986	4.68986	4.68986	4.68986	4.68986	
15836.8	6.86498e+17	2.7949e+17	1.22306e+17	7.73838e+16	1.54768e+17	2.32152e+17	3.09535e+17	3.86919e+17	4.64303e+17	5.41687e+17	6.19071e+17	6.96123e+17	7.58544e+17	3.35205e+17	8.60033e+15	5.65086e+15	5.13717e+15	2.24803e+15	1.42235e+15	2.84471e+15	4.26705e+15	5.6894e+15	7.11175e+15	8.53411e+15	9.95644e+15	1.13788e+16	1.2795e+16	2.32555e+16	3.09705e+17	4.54043e+17	4.69363	4.68986	4.68986	4.68986	4.68986	4.68986	4.68986	4.68986	4.68986	4.68986	4.68986	4.68986	4.68986	4.68986	4.68986	
16087.5	6.8649e+17	2.7949e+17	1.22306e+17	7.73838e+16	1.54768e+17	2.32151e+17	3.09535e+17	3.86919e+17	4.64303e+17	5.41687e+17	6.19071e+17	6.96122e+17	7.58544e+17	3.35205e+17	8.60033e+15	5.65567e+15	5.13717e+15	2.24803e+15	1.42235e+15	2.84471e+15	4.26705e+15	5.6894e+15	7.11175e+15	8.53411e+15	9.95644e+15	1.13788e+16	1.2795e+16	2.32556e+16	3.09705e+17	4.54043e+17	4.69422	4.68986	4.68986	4.68986	4.68986	4.68986	4.68986	4.68986	4.68986	4.68986	4.68986	4.68986	4.68986	4.68986	4.68986	
16338.1	6.86482e+17	2.7949e+17	1.22306e+17	7.73838e+16	1.54768e+17	2.32151e+17	3.09535e+17	3.86919e+17	4.64303e+17	5.41687e+17	6.19071e+17	6.96122e+17	7.58544e+17	3.35205e+17	8.60033e+15	5.66099e+15	5.13717e+15	2.24803e+15	1.42235e+15	2.84471e+15	4.26705e+15	5.6894e+15	7.11175e+15	8.53411e+15	9.95645e+15	1.13788e+16	1.2795e+16	2.32556e+16	3.09705e+17	4.54043e+17	4.69488	4.68986	4.68986	4.68986	4.68986	4.68986	4.68986	4.68986	4.68986	4.68986	4.68986	4.68986	4.68986	4.68986	4.68986	
16589.6	6.86473e+17	2.7949e+17	1.22306e+17	7.73838e+16	1.54768e+17	2.32151e+17	3.09535e+17	3.86919e+17	4.64303e+17	5.41687e+17	6.19071e+17	6.96122e+17	7.58544e+17	3.35205e+17	8.60033e+15	5.66689e+15	5.13717e+15	2.24803e+15	1.42235e+15	2.84471e+15	4.26705e+15	5.6894e+15	7.11175e+15	8.53411e+15	9.95645e+15	1.13788e+16	1.2795e+16	2.32556e+16	3.09705e+17	4.54043e+17	4.6956	4.68986	4.68986	4.68986	4.68986	4.68986	4.68986	4.68986	4.68986	4.68986	4.68986	4.68986	4.68986	4.68986	4.68986	
16843.6	6.86462e+17	2.7949e+17	1.22306e+17	7.73838e+16	1.54768e+17	2.32151e+17	3.09535e+17	3.86919e+17	4.64303e+17	5.41687e+17	6.19071e+17	6.96121e+17	7.58545e+17	3.35205e+17	8.60033e+15	5.67342e+15	5.13717e+15	2.24803e+15	1.42235e+15	2.84471e+15	4.26705e+15	5.6894e+15	7.11175e+15	8.53411e+15	9.95645e+15	1.13788e+16	1.2795e+16	2.32556e+16	3.09705e+17	4.54043e+17	4.69641	4.68986	4.68986	4.68986	4.68986	4.68986	4.68986	4.68986	4.68986	4.68986	4.68986	4.68986	4.68986	4.68986	4.68986	
17094.6	6.86451e+17	2.7949e+17	1.22306e+17	7.73838e+16	1.54768e+17	2.32151e+17	3.09535e+17	3.86919e+17	4.64303e+17	5.41687e+17	6.19071e+17	6.96121e+17	7.58545e+17	3.35205e+17	8.60033e+15	5.68047e+15	5.13717e+15	2.24803e+15	1.42235e+15	2.84471e+15	4.26705e+15	5.6894e+15	7.11175e+15	8.53411e+15	9.95645e+15	1.13788e+16	1.2795e+16	2.32556e+16	3.09705e+17	4.54043e+17	4.69728	4.68986	4.68986	4.68986	4.68986	4.68986	4.68986	4.68986	4.68986	4.68986	4.68986	4.68986	4.68986	4.68986	4.68986	
17345.3	6.86439e+17	2.7949e+17	1.22306e+17	7.73838e+16	1.54768e+17	2.32151e+17	3.09535e+17	3.86919e+17	4.64303e+17	5.41687e+17	6.19071e+17	6.96121e+17	7.58545e+17	3.35205e+17	8.60033e+15	5.6881e+15	5.13717e+15	2.24803e+15	1.42235e+15	2.84471e+15	4.26705e+15	5.6894e+15	7.11175e+15	8.53411e+15	9.95645e+15	1.13788e+16	1.2795e+16	2.32556e+16	3.09705e+17	4.54043e+17	4.69822	4.68986	4.68986	4.68986	4.68986	4.68986	4.68986	4.68986	4.68986	4.68986	4.68986	4.68986	4.68986	4.68986	4.68986	
17595.9	6.86426e+17	2.7949e+17	1.22306e+17	7.73838e+16	1.54768e+17	2.32151e+17	3.09535e+17	3.86919e+17	4.64303e+17	5.41687e+17	6.19071e+17	6.9612e+17	7.58545e+17	3.35205e+17	8.60033e+15	5.69634e+15	5.13717e+15	2.24803e+15	1.42235e+15	2.84471e+15	4.26705e+15	5.6894e+15	7.11175e+15	8.53411e+15	9.95645e+15	1.13788e+16	1.2795e+16	2.32556e+16	3.09705e+17	4.54043e+17	4.69923	4.68986	4.68986	4.68986	4.68986	4.68986	4.68986	4.68986	4.68986	4.68986	4.68986	4.68986	4.68986	4.68986	4.68986	
17847.4	6.86412e+17	2.7949e+17	1.22306e+17	7.73838e+16	1.54768e+17	2.32151e+17	3.09535e+17	3.86919e+17	4.64303e+17	5.41687e+17	6.19071e+17	6.9612e+17	7.58545e+17	3.35205e+17	8.60033e+15	5.70522e+15	5.13718e+15	2.24803e+15	1.42235e+15	2.84471e+15	4.26705e+15	5.6894e+15	7.11175e+15	8.53412e+15	9.95645e+15	1.13788e+16	1.2795e+16	2.32556e+16	3.09705e+17	4.54043e+17	4.70033	4.68986	4.68986	4.68986	4.68986	4.68986	4.68986	4.68986	4.68986	4.68986	4.68986	4.68986	4.68986	4.68986	4.68986	
18101.4	6.86397e+17	2.7949e+17	1.22306e+17	7.73838e+16	1.54768e+17	2.32151e+17	3.09535e+17	3.86919e+17	4.64303e+17	5.41687e+17	6.19071e+17	6.9612e+17	7.58546e+17	3.35205e+17	8.60033e+15	5.71481e+15	5.13718e+15	2.24803e+15	1.42235e+15	2.84471e+15	4.26705e+15	5.6894e+15	7.11175e+15	8.53412e+15	9.95645e+15	1.13788e+16	1.2795e+16	2.32556e+16	3.09705e+17	4.54043e+17	4.70151	4.68987	4.68987	4.68987	4.68987	4.68987	4.68987	4.68987	4.68987	4.68987	4.68987	4.68986	4.68986	4.68986	4.68986	
18352.5	6.86381e+17	2.7949e+17	1.22306e+17	7.73838e+16	1.54768e+17	2.32151e+17	3.09535e+17	3.86919e+17	4.64303e+17	5.41687e+17	6.19071e+17	6.96119e+17	7.58546e+17	3.35205e+17	8.60033e+15	5.72491e+15	5.13718e+15	2.24803e+15	1.42235e+15	2.84472e+15	4.26705e+15	5.6894e+15	7.11176e+15	8.53412e+15	9.95645e+15	1.13788e+16	1.2795e+16	2.32556e+16	3.09705e+17	4.54043e+17	4.70275	4.68987	4.68987	4.68987	4.68987	4.68987	4.68987	4.68987	4.68987	4.68987	4.68987	4.68986	4.68986	4.68986	4.68986	
18603.2	6.86365e+17	2.7949e+17	1.22306e+17	7.73838e+16	1.54768e+17	2.32151e+17	3.09535e+17	3.86919e+17	4.64303e+17	5.41687e+17	6.19071e+17	6.96119e+17	7.58546e+17	3.35205e+17	8.60033e+15	5.73558e+15	5.13718e+15	2.24803e+15	1.42235e+15	2.84472e+15	4.26705e+15	5.68941e+15	7.11176e+15	8.53412e+15	9.95646e+15	1.13788e+16	1.2795e+16	2.32556e+16	3.09705e+17	4.54043e+17	4.70406	4.68987	4.68987	4.68987	4.68987	4.68987	4.68987	4.68987	4.68987	4.68987	4.68987	4.68986	4.68986	4.68986	4.68986	
18853.8	6.86347e+17	2.7949e+17	1.22306e+17	7.73838e+16	1.54768e+17	2.32151e+17	3.09535e+17	3.86919e+17	4.64303e+17	5.41687e+17	6.19071e+17	6.96119e+17	7.58546e+17	3.35205e+17	8.60033e+15	5.74683e+15	5.13718e+15	2.24803e+15	1.42235e+15	2.84472e+15	4.26705e+15	5.68941e+15	7.11176e+15	8.53412e+15	9.95646e+15	1.13788e+16	1.2795e+16	2.32556e+16	3.09705e+17	4.54043e+17	4.70545	4.68987	4.68987	4.68987	4.68987	4.68987	4.68987	4.68987	4.68987	4.68987	4.68987	4.68986	4.68986	4.68986	4.68986	
19105.2	6.86328e+17	2.7949e+17	1.22306e+17	7.73838e+16	1.54768e+17	2.32151e+17	3.09535e+17	3.86919e+17	4.64303e+17	5.41687e+17	6.19071e+17	6.96118e+17	7.58546e+17	3.35205e+17	8.60033e+15	5.75869e+15	5.13718e+15	2.24803e+15	1.42235e+15	2.84472e+15	4.26705e+15	5.68941e+15	7.11176e+15	8.53413e+15	9.95646e+15	1.13788e+16	1.2795e+16	2.32556e+16	3.09705e+17	4.54043e+17	4.7069	4.68987	4.68987	4.68987	4.68987	4.68987	4.68987	4.68987	4.68987	4.68987	4.68987	4.68986	4.68986	4.68986	4.68986	
19359.3	6.86309e+17	2.7949e+17	1.22306e+17	7.73838e+16	1.54768e+17	2.32151e+17	3.09535e+17	3.86919e+17	4.64303e+17	5.41687e+17	6.19071e+17	6.96118e+17	7.58546e+17	3.35205e+17	8.60033e+15	5.77121e+15	5.13719e+15	2.24804e+15	1.42235e+15	2.84472e+15	4.26706e+15	5.68941e+15	7.11177e+15	8.53413e+15	9.95647e+15	1.13788e+16	1.2795e+16	2.32556e+16	3.09705e+17	4.54043e+17	4.70844	4.68987	4.68987	4.68987	4.68987	4.68987	4.68987	4.68987	4.68987	4.68987	4.68987	4.68986	4.68986	4.68986	4.68986	
19610.3	6.86288e+17	2.7949e+17	1.22306e+17	7.73838e+16	1.54768e+17	2.32151e+17	3.09535e+17	3.86919e+17	4.64303e+17	5.41687e+17	6.19071e+17	6.96118e+17	7.58546e+17	3.35205e+17	8.60033e+15	5.78411e+15	5.13719e+15	2.24804e+15	1.42235e+15	2.84472e+15	4.26706e+15	5.68942e+15	7.11177e+15	8.53414e+15	9.95647e+15	1.13789e+16	1.2795e+16	2.32556e+16	3.09705e+17	4.54043e+17	4.71002	4.68987	4.68987	4.68987	4.68987	4.68987	4.68987	4.68987	4.68987	4.68987	4.68987	4.68986	4.68986	4.68986	4.68986	
19861	6.86267e+17	2.7949e+17	1.22306e+17	7.73838e+16	1.54768e+17	2.32151e+17	3.09535e+17	3.86919e+17	4.64303e+17	5.41687e+17	6.19071e+17	6.96118e+17	7.58546e+17	3.35205e+17	8.60033e+15	5.79746e+15	5.13719e+15	2.24804e+15	1.42235e+15	2.84472e+15	4.26706e+15	5.68942e+15	7.11178e+15	8.53414e+15	9.95648e+15	1.13789e+16	1.2795e+16	2.32556e+16	3.09705e+17	4.54043e+17	4.71166	4.68987	4.68987	4.68987	4.68987	4.68987	4.68987	4.68987	4.68987	4.68987	4.68987	4.68986	4.68986	4.68986	4.68986	
20111.6	6.86246e+17	2.7949e+17	1.22306e+17	7.73838e+16	1.54768e+17	2.32151e+17	3.09535e+17	3.86919e+17	4.64303e+17	5.41687e+17	6.19071e+17	6.96118e+17	7.58547e+17	3.35205e+17	8.60033e+15	5.81125e+15	5.1372e+15	2.24804e+15	1.42235e+15	2.84473e+15	4.26707e+15	5.68942e+15	7.11178e+15	8.53415e+15	9.95649e+15	1.13789e+16	1.2795e+16	2.32556e+16	3.09705e+17	4.54043e+17	4.71335	4.68987	4.68987	4.68987	4.68987	4.68987	4.68987	4.68987	4.68987	4.68987	4.68987	4.68986	4.68986	4.68986	4.68986	
20362.9	6.86224e+17	2.7949e+17	1.22306e+17	7.73838e+16	1.54768e+17	2.32152e+17	3.09535e+17	3.86919e+17	4.64303e+17	5.41687e+17	6.19071e+17	6.96114e+17	7.58543e+17	3.35206e+17	8.60033e+15	5.82548e+15	5.1372e+15	2.24804e+15	1.42236e+15	2.84473e+15	4.26707e+15	5.68943e+15	7.11179e+15	8.53416e+15	9.9565e+15	1.13789e+16	1.27949e+16	2.32555e+16	3.09705e+17	4.54043e+17	4.71509	4.68987	4.68987	4.68987	4.68987	4.68987	4.68987	4.68987	4.68987	4.68987	4.68987	4.68986	4.68986	4.68986	4.68986	
20615.4	6.86201e+17	2.79491e+17	1.22306e+17	7.73839e+16	1.54768e+17	2.32152e+17	3.09535e+17	3.86919e+17	4.64303e+17	5.41687e+17	6.19059e+17	6.96071e+17	7.58503e+17	3.35212e+17	8.60033e+15	5.84016e+15	5.13721e+15	2.24805e+15	1.42236e+15	2.84473e+15	4.26708e+15	5.68944e+15	7.1118e+15	8.53417e+15	9.95652e+15	1.13787e+16	1.27941e+16	2.32543e+16	3.09711e+17	4.54043e+17	4.71688	4.68987	4.68987	4.68987	4.68987	4.68987	4.68987	4.68987	4.68987	4.68987	4.68987	4.68986	4.68986	4.68986	4.68986	
20866.4	6.86178e+17	2.79491e+17	1.22306e+17	7.73839e+16	1.54768e+17	2.32152e+17	3.09536e+17	3.86919e+17	4.64303e+17	5.41687e+17	6.18935e+17	6.95885e+17	7.58422e+17	3.35219e+17	8.60033e+15	5.85507e+15	5.13722e+15	2.24805e+15	1.42236e+15	2.84474e+15	4.26709e+15	5.68945e+15	7.11182e+15	8.53419e+15	9.95654e+15	1.13764e+16	1.27907e+16	2.32518e+16	3.09717e+17	4.54043e+17	4.7187	4.68987	4.68987	4.68987	4.68987	4.68987	4.68987	4.68987	4.68987	4.68987	4.68987	4.68986	4.68986	4.68986	4.68986	
21119.3	6.86155e+17	2.79491e+17	1.22306e+17	7.73839e+16	1.54768e+17	2.32152e+17	3.09536e+17	3.8692e+17	4.64304e+17	5.41687e+17	6.18844e+17	6.95694e+17	7.58364e+17	3.35223e+17	8.60033e+15	5.87037e+15	5.13723e+15	2.24806e+15	1.42236e+15	2.84475e+15	4.2671e+15	5.68946e+15	7.11183e+15	8.53421e+15	9.95656e+15	1.13748e+16	1.27872e+16	2.325e+16	3.09721e+17	4.54043e+17	4.72057	4.68987	4.68987	4.68987	4.68987	4.68987	4.68987	4.68987	4.68987	4.68987	4.68987	4.68986	4.68986	4.68986	4.68986	
21371.4	6.86131e+17	2.79491e+17	1.22306e+17	7.7384e+16	1.54768e+17	2.32152e+17	3.09536e+17	3.8692e+17	4.64304e+17	5.41688e+17	6.18783e+17	6.95451e+17	7.58507e+17	3.35225e+17	8.60033e+15	5.88585e+15	5.13724e+15	2.24806e+15	1.42237e+15	2.84475e+15	4.26711e+15	5.68948e+15	7.11185e+15	8.53423e+15	9.95658e+15	1.13737e+16	1.27827e+16	2.32544e+16	3.09723e+17	4.54043e+17	4.72245	4.68987	4.68987	4.68987	4.68987	4.68987	4.68987	4.68987	4.68987	4.68987	4.68987	4.68986	4.68986	4.68986	4.68986	
21622.1	6.86107e+17	2.79491e+17	1.22306e+17	7.7384e+16	1.54768e+17	2.32152e+17	3.09536e+17	3.8692e+17	4.64304e+17	5.41657e+17	6.18705e+17	6.95091e+17	7.58625e+17	3.35226e+17	8.60033e+15	5.90143e+15	5.13726e+15	2.24807e+15	1.42237e+15	2.84476e+15	4.26712e+15	5.68949e+15	7.11187e+15	8.53425e+15	9.95604e+15	1.13722e+16	1.27761e+16	2.3258e+16	3.09724e+17	4.54043e+17	4.72435	4.68987	4.68987	4.68987	4.68987	4.68987	4.68987	4.68987	4.68987	4.68987	4.68987	4.68986	4.68986	4.68986	4.68986	
21873.8	6.86083e+17	2.79491e+17	1.22306e+17	7.7384e+16	1.54768e+17	2.32152e+17	3.09536e+17	3.8692e+17	4.64304e+17	5.41557e+17	6.18545e+17	6.94601e+17	7.58658e+17	3.35205e+17	8.60033e+15	5.9172e+15	5.13727e+15	2.24807e+15	1.42238e+15	2.84477e+15	4.26713e+15	5.68951e+15	7.11189e+15	8.53428e+15	9.95422e+15	1.13693e+16	1.27671e+16	2.3259e+16	3.09704e+17	4.54043e+17	4.72627	4.68988	4.68988	4.68988	4.68988	4.68988	4.68988	4.68988	4.68988	4.68988	4.68987	4.68986	4.68986	4.68986	4.68986	
22124.1	6.86059e+17	2.79491e+17	1.22306e+17	7.73841e+16	1.54768e+17	2.32152e+17	3.09536e+17	3.8692e+17	4.64304e+17	5.41498e+17	6.18419e+17	6.94057e+17	7.58626e+17	3.35205e+17	8.60033e+15	5.93296e+15	5.13729e+15	2.24808e+15	1.42238e+15	2.84478e+15	4.26715e+15	5.68953e+15	7.11192e+15	8.53431e+15	9.95317e+15	1.1367e+16	1.27571e+16	2.32581e+16	3.09704e+17	4.54043e+17	4.72818	4.68988	4.68988	4.68988	4.68988	4.68988	4.68988	4.68988	4.68988	4.68988	4.68987	4.68986	4.68986	4.68986	4.68986	
22376.4	6.86035e+17	2.79491e+17	1.22306e+17	7.73841e+16	1.54768e+17	2.32152e+17	3.09536e+17	3.8692e+17	4.64304e+17	5.41463e+17	6.18309e+17	6.93554e+17	7.5859e+17	3.35205e+17	8.60033e+15	5.94888e+15	5.13731e+15	2.24809e+15	1.42239e+15	2.84479e+15	4.26716e+15	5.68956e+15	7.11195e+15	8.53435e+15	9.95256e+15	1.1365e+16	1.27478e+16	2.3257e+16	3.09704e+17	4.54043e+17	4.73011	4.68988	4.68988	4.68988	4.68988	4.68988	4.68988	4.68988	4.68988	4.68988	4.68987	4.68986	4.68986	4.68986	4.68986	
22626.5	6.86011e+17	2.79491e+17	1.22306e+17	7.73841e+16	1.54768e+17	2.32152e+17	3.09536e+17	3.86921e+17	4.64305e+17	5.41442e+17	6.18212e+17	6.93175e+17	7.58568e+17	3.35205e+17	8.60033e+15	5.96464e+15	5.13734e+15	2.2481e+15	1.42239e+15	2.84481e+15	4.26719e+15	5.68958e+15	7.11198e+15	8.53439e+15	9.95219e+15	1.13632e+16	1.27409e+16	2.32563e+16	3.09704e+17	4.54043e+17	4.73202	4.68988	4.68988	4.68988	4.68988	4.68988	4.68988	4.68988	4.68988	4.68988	4.68987	4.68986	4.68986	4.68986	4.68986	
22877.5	6.85987e+17	2.79492e+17	1.22306e+17	7.73841e+16	1.54768e+17	2.32152e+17	3.09537e+17	3.86921e+17	4.64305e+17	5.41428e+17	6.18129e+17	6.92934e+17	7.58555e+17	3.35205e+17	8.60033e+15	5.98039e+15	5.13737e+15	2.24811e+15	1.4224e+15	2.84482e+15	4.26721e+15	5.68961e+15	7.11202e+15	8.53443e+15	9.95196e+15	1.13617e+16	1.27364e+16	2.32559e+16	3.09704e+17	4.54043e+17	4.73393	4.68989	4.68989	4.68989	4.68989	4.68989	4.68989	4.68989	4.68989	4.68988	4.68987	4.68986	4.68986	4.68986	4.68986	
23129.3	6.85963e+17	2.79492e+17	1.22306e+17	7.73842e+16	1.54768e+17	2.32153e+17	3.09537e+17	3.86921e+17	4.64305e+17	5.41418e+17	6.18055e+17	6.92823e+17	7.58549e+17	3.35205e+17	8.60033e+15	5.99608e+15	5.1374e+15	2.24813e+15	1.42241e+15	2.84484e+15	4.26724e+15	5.68965e+15	7.11206e+15	8.53449e+15	9.95181e+15	1.13603e+16	1.27344e+16	2.32557e+16	3.09704e+17	4.54043e+17	4.73582	4.68989	4.68989	4.68989	4.68989	4.68989	4.68989	4.68989	4.68989	4.68989	4.68987	4.68986	4.68986	4.68986	4.68986	
23379.4	6.8594e+17	2.79492e+17	1.22306e+17	7.73842e+16	1.54768e+17	2.32153e+17	3.09537e+17	3.86921e+17	4.64305e+17	5.4141e+17	6.17978e+17	6.92789e+17	7.58532e+17	3.35205e+17	8.60033e+15	6.01152e+15	5.13744e+15	2.24814e+15	1.42242e+15	2.84486e+15	4.26726e+15	5.68969e+15	7.11211e+15	8.53455e+15	9.95168e+15	1.13589e+16	1.27338e+16	2.32552e+16	3.09704e+17	4.54043e+17	4.73769	4.6899	4.6899	4.6899	4.6899	4.6899	4.6899	4.6899	4.6899	4.68989	4.68987	4.68986	4.68986	4.68986	4.68986	
23631	6.85916e+17	2.79492e+17	1.22306e+17	7.73842e+16	1.54768e+17	2.32153e+17	3.09537e+17	3.86921e+17	4.64305e+17	5.41408e+17	6.17967e+17	6.93058e+17	7.5852e+17	3.35205e+17	8.60033e+15	6.02684e+15	5.13748e+15	2.24816e+15	1.42243e+15	2.84488e+15	4.2673e+15	5.68973e+15	7.11217e+15	8.53461e+15	9.95168e+15	1.13587e+16	1.27387e+16	2.32548e+16	3.09704e+17	4.54043e+17	4.73954	4.6899	4.6899	4.6899	4.6899	4.6899	4.6899	4.6899	4.6899	4.68989	4.68987	4.68986	4.68986	4.68986	4.68986	
23881.4	6.85893e+17	2.79492e+17	1.22306e+17	7.73842e+16	1.54768e+17	2.32153e+17	3.09537e+17	3.86921e+17	4.64305e+17	5.41413e+17	6.18028e+17	6.93547e+17	7.5852e+17	3.35205e+17	8.60033e+15	6.04186e+15	5.13752e+15	2.24818e+15	1.42244e+15	2.84491e+15	4.26734e+15	5.68978e+15	7.11223e+15	8.53469e+15	9.95182e+15	1.13598e+16	1.27477e+16	2.32548e+16	3.09704e+17	4.54043e+17	4.74135	4.68991	4.68991	4.68991	4.68991	4.68991	4.68991	4.68991	4.68991	4.68989	4.68987	4.68986	4.68986	4.68986	4.68986	
24132.6	6.8587e+17	2.79492e+17	1.22306e+17	7.73842e+16	1.54768e+17	2.32153e+17	3.09537e+17	3.86921e+17	4.64305e+17	5.41422e+17	6.18112e+17	6.94046e+17	7.5852e+17	3.35205e+17	8.60033e+15	6.05665e+15	5.13757e+15	2.2482e+15	1.42246e+15	2.84493e+15	4.26738e+15	5.68984e+15	7.1123e+15	8.53477e+15	9.95203e+15	1.13614e+16	1.27569e+16	2.32548e+16	3.09704e+17	4.54043e+17	4.74313	4.68991	4.68991	4.68991	4.68991	4.68991	4.68991	4.68991	4.68991	4.6899	4.68987	4.68986	4.68986	4.68986	4.68986	
24383.3	6.85848e+17	2.79492e+17	1.22306e+17	7.73842e+16	1.54768e+17	2.32153e+17	3.09537e+17	3.86921e+17	4.64305e+17	5.41435e+17	6.18198e+17	6.94484e+17	7.5852e+17	3.35205e+17	8.60033e+15	6.0711e+15	5.13763e+15	2.24823e+15	1.42247e+15	2.84497e+15	4.26743e+15	5.6899e+15	7.11238e+15	8.53487e+15	9.9523e+15	1.13629e+16	1.27649e+16	2.32548e+16	3.09704e+17	4.54043e+17	4.74487	4.68992	4.68992	4.68992	4.68992	4.68992	4.68992	4.68992	4.68992	4.6899	4.68987	4.68986	4.68986	4.68986	4.68986	
24634.6	6.85826e+17	2.79492e+17	1.22306e+17	7.73842e+16	1.54768e+17	2.32153e+17	3.09537e+17	3.86921e+17	4.64305e+17	5.4145e+17	6.18277e+17	6.9485e+17	7.58521e+17	3.35205e+17	8.60033e+15	6.08525e+15	5.13769e+15	2.24826e+15	1.42249e+15	2.845e+15	4.26748e+15	5.68998e+15	7.11247e+15	8.53498e+15	9.95263e+15	1.13644e+16	1.27717e+16	2.32548e+16	3.09704e+17	4.54043e+17	4.74657	4.68993	4.68993	4.68993	4.68993	4.68993	4.68993	4.68993	4.68993	4.6899	4.68987	4.68986	4.68986	4.68986	4.68986	
24886.6	6.85805e+17	2.79492e+17	1.22306e+17	7.73842e+16	1.54768e+17	2.32153e+17	3.09537e+17	3.86921e+17	4.64305e+17	5.41468e+17	6.18347e+17	6.95154e+17	7.58521e+17	3.35205e+17	8.60033e+15	6.09906e+15	5.13777e+15	2.24829e+15	1.42251e+15	2.84504e+15	4.26754e+15	5.69006e+15	7.11257e+15	8.5351e+15	9.95303e+15	1.13657e+16	1.27772e+16	2.32548e+16	3.09704e+17	4.54043e+17	4.74823	4.68994	4.68994	4.68994	4.68994	4.68994	4.68994	4.68994	4.68994	4.68991	4.68987	4.68986	4.68986	4.68986	4.68986	
25137.8	6.85784e+17	2.79492e+17	1.22306e+17	7.73842e+16	1.54768e+17	2.32153e+17	3.09537e+17	3.86921e+17	4.64305e+17	5.41491e+17	6.18411e+17	6.95419e+17	7.58521e+17	3.35205e+17	8.60033e+15	6.11245e+15	5.13785e+15	2.24833e+15	1.42254e+15	2.84509e+15	4.26761e+15	5.69015e+15	7.11269e+15	8.53524e+15	9.95351e+15	1.13669e+16	1.27821e+16	2.32548e+16	3.09704e+17	4.54043e+17	4.74983	4.68995	4.68995	4.68995	4.68995	4.68995	4.68995	4.68995	4.68995	4.68991	4.68987	4.68986	4.68986	4.68986	4.68986	
25388.3	6.85764e+17	2.79492e+17	1.22306e+17	7.73842e+16	1.54768e+17	2.32152e+17	3.09537e+17	3.86921e+17	4.64305e+17	5.41518e+17	6.18471e+17	6.95562e+17	7.58521e+17	3.35205e+17	8.60033e+15	6.12538e+15	5.13794e+15	2.24837e+15	1.42256e+15	2.84514e+15	4.26769e+15	5.69025e+15	7.11282e+15	8.53539e+15	9.95408e+15	1.1368e+16	1.27847e+16	2.32549e+16	3.09704e+17	4.54043e+17	4.75139	4.68997	4.68997	4.68997	4.68997	4.68997	4.68997	4.68997	4.68997	4.68992	4.68988	4.68986	4.68986	4.68986	4.68986	
25639.9	6.85745e+17	2.79491e+17	1.22306e+17	7.73841e+16	1.54768e+17	2.32152e+17	3.09537e+17	3.86921e+17	4.64305e+17	5.41551e+17	6.1853e+17	6.9558e+17	7.58521e+17	3.35205e+17	8.60033e+15	6.13794e+15	5.13805e+15	2.24841e+15	1.42259e+15	2.8452e+15	4.26777e+15	5.69037e+15	7.11296e+15	8.53557e+15	9.95478e+15	1.13691e+16	1.27851e+16	2.32549e+16	3.09704e+17	4.54043e+17	4.75289	4.68998	4.68998	4.68998	4.68998	4.68998	4.68998	4.68998	4.68998	4.68992	4.68988	4.68986	4.68986	4.68986	4.68986	
25892.3	6.85726e+17	2.79491e+17	1.22306e+17	7.73841e+16	1.54768e+17	2.32152e+17	3.09536e+17	3.86921e+17	4.64305e+17	5.41591e+17	6.18593e+17	6.95582e+17	7.58521e+17	3.35205e+17	8.60033e+15	6.1501e+15	5.13817e+15	2.24846e+15	1.42262e+15	2.84526e+15	4.26787e+15	5.6905e+15	7.11312e+15	8.53576e+15	9.95563e+15	1.13702e+16	1.27851e+16	2.32549e+16	3.09704e+17	4.54043e+17	4.75435	4.69	4.69	4.69	4.69	4.69	4.69	4.69	4.69	4.68993	4.68988	4.68986	4.68986	4.68986	4.68986	
26145.5	6.85708e+17	2.79491e+17	1.22306e+17	7.73841e+16	1.54768e+17	2.32152e+17	3.09536e+17	3.8692e+17	4.64304e+17	5.41639e+17	6.18662e+17	6.9558e+17	7.58521e+17	3.35205e+17	8.60033e+15	6.16184e+15	5.1383e+15	2.24852e+15	1.42266e+15	2.84533e+15	4.26798e+15	5.69064e+15	7.11331e+15	8.53598e+15	9.95664e+15	1.13715e+16	1.27851e+16	2.32549e+16	3.09704e+17	4.54043e+17	4.75576	4.69001	4.69001	4.69001	4.69001	4.69001	4.69001	4.69001	4.69001	4.68994	4.68988	4.68986	4.68986	4.68986	4.68986	
26398.5	6.85691e+17	2.79491e+17	1.22306e+17	7.7384e+16	1.54768e+17	2.32152e+17	3.09536e+17	3.8692e+17	4.64304e+17	5.41685e+17	6.18727e+17	6.95577e+17	7.58521e+17	3.35205e+17	8.60033e+15	6.17309e+15	5.13844e+15	2.24859e+15	1.4227e+15	2.84542e+15	4.2681e+15	5.6908e+15	7.11351e+15	8.53622e+15	9.95763e+15	1.13727e+16	1.2785e+16	2.32549e+16	3.09704e+17	4.54043e+17	4.75711	4.69003	4.69003	4.69003	4.69003	4.69003	4.69003	4.69003	4.69003	4.68995	4.68988	4.68986	4.68986	4.68986	4.68986	
26651.2	6.85674e+17	2.79491e+17	1.22306e+17	7.7384e+16	1.54768e+17	2.32152e+17	3.09536e+17	3.8692e+17	4.64304e+17	5.41685e+17	6.18744e+17	6.95576e+17	7.58515e+17	3.35205e+17	8.60033e+15	6.18386e+15	5.1386e+15	2.24866e+15	1.42274e+15	2.84551e+15	4.26824e+15	5.69098e+15	7.11373e+15	8.53649e+15	9.95781e+15	1.13731e+16	1.2785e+16	2.32547e+16	3.09704e+17	4.54043e+17	4.7584	4.69006	4.69006	4.69006	4.69006	4.69006	4.69006	4.69006	4.69006	4.68996	4.68988	4.68986	4.68986	4.68986	4.68986	
26903.9	6.85658e+17	2.79491e+17	1.22306e+17	7.73839e+16	1.54768e+17	2.32152e+17	3.09536e+17	3.8692e+17	4.64303e+17	5.41686e+17	6.18765e+17	6.95578e+17	7.58507e+17	3.35205e+17	8.60033e+15	6.19416e+15	5.13878e+15	2.24873e+15	1.42279e+15	2.8456e+15	4.26838e+15	5.69118e+15	7.11398e+15	8.53679e+15	9.95802e+15	1.13735e+16	1.2785e+16	2.32544e+16	3.09704e+17	4.54043e+17	4.75963	4.69008	4.69008	4.69008	4.69008	4.69008	4.69008	4.69008	4.69008	4.68997	4.68988	4.68986	4.68986	4.68986	4.68986	
27156.7	6.85643e+17	2.7949e+17	1.22306e+17	7.73838e+16	1.54768e+17	2.32152e+17	3.09535e+17	3.86919e+17	4.64303e+17	5.41686e+17	6.18788e+17	6.95584e+17	7.58499e+17	3.35205e+17	8.60033e+15	6.20397e+15	5.13898e+15	2.24882e+15	1.42285e+15	2.84571e+15	4.26855e+15	5.6914e+15	7.11425e+15	8.53712e+15	9.95825e+15	1.13739e+16	1.27851e+16	2.32542e+16	3.09704e+17	4.54043e+17	4.76081	4.69011	4.69011	4.69011	4.69011	4.69011	4.69011	4.69011	4.69011	4.68999	4.68988	4.68986	4.68986	4.68986	4.68986	
27408.2	6.85629e+17	2.7949e+17	1.22306e+17	7.73838e+16	1.54767e+17	2.32151e+17	3.09535e+17	3.86919e+17	4.64303e+17	5.41686e+17	6.18815e+17	6.95596e+17	7.58492e+17	3.35205e+17	8.60033e+15	6.21327e+15	5.1392e+15	2.24892e+15	1.42291e+15	2.84584e+15	4.26873e+15	5.69164e+15	7.11456e+15	8.53748e+15	9.9585e+15	1.13745e+16	1.27854e+16	2.3254e+16	3.09704e+17	4.54043e+17	4.76193	4.69014	4.69014	4.69014	4.69014	4.69014	4.69014	4.69014	4.69014	4.69001	4.68988	4.68986	4.68986	4.68986	4.68986	
27659.1	6.85615e+17	2.7949e+17	1.22305e+17	7.73837e+16	1.54767e+17	2.32151e+17	3.09535e+17	3.86918e+17	4.64302e+17	5.41686e+17	6.18846e+17	6.95615e+17	7.58485e+17	3.35205e+17	8.60033e+15	6.22208e+15	5.13944e+15	2.24902e+15	1.42298e+15	2.84597e+15	4.26893e+15	5.69191e+15	7.11489e+15	8.53788e+15	9.95877e+15	1.13751e+16	1.27857e+16	2.32537e+16	3.09704e+17	4.54043e+17	4.76299	4.69017	4.69017	4.69017	4.69017	4.69017	4.69017	4.69017	4.69017	4.69003	4.68989	4.68986	4.68986	4.68986	4.68986	
27909.5	6.85602e+17	2.79489e+17	1.22305e+17	7.73836e+16	1.54767e+17	2.32151e+17	3.09534e+17	3.86918e+17	4.64301e+17	5.41686e+17	6.18881e+17	6.95641e+17	7.58266e+17	3.35205e+17	8.60033e+15	6.23042e+15	5.1397e+15	2.24914e+15	1.42305e+15	2.84611e+15	4.26915e+15	5.6922e+15	7.11525e+15	8.53831e+15	9.95908e+15	1.13758e+16	1.27862e+16	2.3247e+16	3.09704e+17	4.54043e+17	4.764	4.69021	4.69021	4.69021	4.69021	4.69021	4.69021	4.69021	4.69021	4.69005	4.68989	4.68986	4.68986	4.68986	4.68986	
28161.2	6.8559e+17	2.79489e+17	1.22305e+17	7.73835e+16	1.54767e+17	2.3215e+17	3.09534e+17	3.86917e+17	4.64301e+17	5.41686e+17	6.18923e+17	6.95678e+17	7.58544e+17	3.35205e+17	8.60033e+15	6.23835e+15	5.13999e+15	2.24926e+15	1.42313e+15	2.84627e+15	4.26939e+15	5.69252e+15	7.11565e+15	8.5388e+15	9.95941e+15	1.13766e+16	1.27869e+16	2.32556e+16	3.09704e+17	4.54043e+17	4.76496	4.69025	4.69025	4.69025	4.69025	4.69025	4.69025	4.69025	4.69025	4.69007	4.68989	4.68986	4.68986	4.68986	4.68986	
28412.1	6.85579e+17	2.79489e+17	1.22305e+17	7.73833e+16	1.54767e+17	2.3215e+17	3.09533e+17	3.86917e+17	4.643e+17	5.41686e+17	6.18967e+17	6.95723e+17	7.58538e+17	3.35205e+17	8.60033e+15	6.24581e+15	5.14031e+15	2.2494e+15	1.42322e+15	2.84645e+15	4.26965e+15	5.69287e+15	7.11609e+15	8.53932e+15	9.95979e+15	1.13774e+16	1.27877e+16	2.32554e+16	3.09704e+17	4.54043e+17	4.76586	4.69029	4.69029	4.69029	4.69029	4.69029	4.69029	4.69029	4.69029	4.6901	4.6899	4.68986	4.68986	4.68986	4.68986	
28664.8	6.85568e+17	2.79488e+17	1.22305e+17	7.73832e+16	1.54766e+17	2.3215e+17	3.09533e+17	3.86916e+17	4.64299e+17	5.41686e+17	6.19013e+17	6.95778e+17	7.58532e+17	3.35205e+17	8.60033e+15	6.25289e+15	5.14066e+15	2.24956e+15	1.42331e+15	2.84664e+15	4.26994e+15	5.69326e+15	7.11658e+15	8.5399e+15	9.9602e+15	1.13784e+16	1.27887e+16	2.32552e+16	3.09704e+17	4.54043e+17	4.76672	4.69034	4.69034	4.69034	4.69034	4.69034	4.69034	4.69034	4.69034	4.69013	4.6899	4.68986	4.68986	4.68986	4.68986	
28916.5	6.85558e+17	2.79488e+17	1.22304e+17	7.73831e+16	1.54766e+17	2.32149e+17	3.09532e+17	3.86915e+17	4.64298e+17	5.41685e+17	6.19056e+17	6.95837e+17	7.58529e+17	3.35205e+17	8.60033e+15	6.25953e+15	5.14104e+15	2.24972e+15	1.42342e+15	2.84685e+15	4.27026e+15	5.69368e+15	7.1171e+15	8.54053e+15	9.96065e+15	1.13792e+16	1.27898e+16	2.32551e+16	3.09704e+17	4.54043e+17	4.76753	4.69039	4.69039	4.69039	4.69039	4.69039	4.69039	4.69039	4.69039	4.69016	4.68991	4.68986	4.68986	4.68986	4.68986	
29169.2	6.85548e+17	2.79487e+17	1.22304e+17	7.73829e+16	1.54766e+17	2.32149e+17	3.09532e+17	3.86914e+17	4.64297e+17	5.41685e+17	6.19059e+17	6.95875e+17	7.58527e+17	3.35203e+17	8.60033e+15	6.26578e+15	5.14145e+15	2.2499e+15	1.42353e+15	2.84708e+15	4.2706e+15	5.69414e+15	7.11768e+15	8.54122e+15	9.96115e+15	1.13794e+16	1.27905e+16	2.3255e+16	3.09702e+17	4.54043e+17	4.76829	4.69045	4.69045	4.69045	4.69045	4.69045	4.69045	4.69045	4.69045	4.69019	4.68991	4.68986	4.68986	4.68986	4.68986	
29420.5	6.85539e+17	2.79486e+17	1.22304e+17	7.73827e+16	1.54765e+17	2.32148e+17	3.09531e+17	3.86913e+17	4.64296e+17	5.41684e+17	6.19061e+17	6.9591e+17	7.58527e+17	3.35199e+17	8.60033e+15	6.27161e+15	5.1419e+15	2.2501e+15	1.42366e+15	2.84733e+15	4.27098e+15	5.69464e+15	7.1183e+15	8.54197e+15	9.9617e+15	1.13796e+16	1.27911e+16	2.3255e+16	3.09699e+17	4.54043e+17	4.76899	4.69051	4.69051	4.69051	4.69051	4.69051	4.69051	4.69051	4.69051	4.69023	4.68992	4.68986	4.68986	4.68986	4.68986	
29673.8	6.85531e+17	2.79486e+17	1.22304e+17	7.73825e+16	1.54765e+17	2.32147e+17	3.0953e+17	3.86912e+17	4.64295e+17	5.41683e+17	6.19063e+17	6.95944e+17	7.5853e+17	3.35196e+17	8.60033e+15	6.27711e+15	5.1424e+15	2.25032e+15	1.42379e+15	2.84761e+15	4.27139e+15	5.69518e+15	7.11898e+15	8.54279e+15	9.9623e+15	1.13797e+16	1.27918e+16	2.32551e+16	3.09696e+17	4.54043e+17	4.76965	4.69058	4.69058	4.69058	4.69058	4.69058	4.69058	4.69058	4.69058	4.69027	4.68993	4.68986	4.68986	4.68986	4.68986	
29924.9	6.85523e+17	2.79485e+17	1.22303e+17	7.73823e+16	1.54765e+17	2.32147e+17	3.09529e+17	3.86911e+17	4.64294e+17	5.41682e+17	6.19065e+17	6.95976e+17	7.58536e+17	3.35193e+17	8.60033e+15	6.28219e+15	5.14292e+15	2.25055e+15	1.42394e+15	2.8479e+15	4.27182e+15	5.69577e+15	7.11971e+15	8.54367e+15	9.96296e+15	1.13799e+16	1.27924e+16	2.32553e+16	3.09693e+17	4.54043e+17	4.77025	4.69065	4.69065	4.69065	4.69065	4.69065	4.69065	4.69065	4.69065	4.69032	4.68994	4.68986	4.68986	4.68986	4.68986	
30176.8	6.85516e+17	2.79484e+17	1.22303e+17	7.7382e+16	1.54764e+17	2.32146e+17	3.09528e+17	3.8691e+17	4.64292e+17	5.41682e+17	6.19066e+17	6.96008e+17	7.58545e+17	3.3519e+17	8.60033e+15	6.28694e+15	5.1435e+15	2.2508e+15	1.4241e+15	2.84822e+15	4.2723e+15	5.6964e+15	7.12051e+15	8.54462e+15	9.96367e+15	1.13801e+16	1.27929e+16	2.32556e+16	3.09691e+17	4.54043e+17	4.77079	4.69073	4.69073	4.69073	4.69073	4.69073	4.69073	4.69073	4.69073	4.69037	4.68995	4.68986	4.68986	4.68986	4.68986	
30427.2	6.85509e+17	2.79483e+17	1.22303e+17	7.73818e+16	1.54764e+17	2.32145e+17	3.09527e+17	3.86909e+17	4.64291e+17	5.41681e+17	6.19067e+17	6.96038e+17	7.58557e+17	3.35188e+17	8.60033e+15	6.29135e+15	5.14411e+15	2.25107e+15	1.42427e+15	2.84856e+15	4.27281e+15	5.69709e+15	7.12136e+15	8.54564e+15	9.96445e+15	1.13803e+16	1.27935e+16	2.32559e+16	3.09689e+17	4.54043e+17	4.77127	4.69081	4.69081	4.69081	4.69081	4.69081	4.69081	4.69081	4.69081	4.69043	4.68996	4.68986	4.68986	4.68986	4.68986	
30678.9	6.85503e+17	2.79482e+17	1.22302e+17	7.73815e+16	1.54763e+17	2.32145e+17	3.09526e+17	3.86908e+17	4.64289e+17	5.41679e+17	6.19068e+17	6.96069e+17	7.58571e+17	3.35186e+17	8.60033e+15	6.29545e+15	5.14478e+15	2.25136e+15	1.42445e+15	2.84893e+15	4.27337e+15	5.69783e+15	7.12228e+15	8.54675e+15	9.9653e+15	1.13806e+16	1.27941e+16	2.32564e+16	3.09687e+17	4.54043e+17	4.77168	4.6909	4.6909	4.6909	4.6909	4.6909	4.6909	4.6909	4.6909	4.69049	4.68997	4.68986	4.68986	4.68986	4.68986	
30931.6	6.85497e+17	2.79481e+17	1.22302e+17	7.73812e+16	1.54762e+17	2.32144e+17	3.09525e+17	3.86906e+17	4.64287e+17	5.41678e+17	6.19069e+17	6.96099e+17	7.58589e+17	3.35185e+17	8.60033e+15	6.29928e+15	5.1455e+15	2.25168e+15	1.42465e+15	2.84933e+15	4.27397e+15	5.69863e+15	7.12328e+15	8.54795e+15	9.96622e+15	1.13808e+16	1.27946e+16	2.32569e+16	3.09686e+17	4.54043e+17	4.77201	4.691	4.691	4.691	4.691	4.691	4.691	4.691	4.691	4.69055	4.68999	4.68986	4.68986	4.68986	4.68986	
31182	6.85492e+17	2.7948e+17	1.22301e+17	7.73809e+16	1.54762e+17	2.32143e+17	3.09524e+17	3.86904e+17	4.64285e+17	5.41677e+17	6.19069e+17	6.96128e+17	7.58609e+17	3.35185e+17	8.60033e+15	6.30279e+15	5.14627e+15	2.25201e+15	1.42487e+15	2.84975e+15	4.27461e+15	5.69948e+15	7.12435e+15	8.54923e+15	9.96721e+15	1.13811e+16	1.27952e+16	2.32576e+16	3.09686e+17	4.54043e+17	4.77224	4.69111	4.69111	4.69111	4.69111	4.69111	4.69111	4.69111	4.69111	4.69062	4.69001	4.68986	4.68986	4.68986	4.68986	
31434.3	6.85487e+17	2.79478e+17	1.22301e+17	7.73805e+16	1.54761e+17	2.32142e+17	3.09522e+17	3.86903e+17	4.64283e+17	5.41675e+17	6.1907e+17	6.96158e+17	7.58632e+17	3.35184e+17	8.60033e+15	6.30606e+15	5.1471e+15	2.25238e+15	1.4251e+15	2.85021e+15	4.2753e+15	5.7004e+15	7.1255e+15	8.55061e+15	9.9683e+15	1.13814e+16	1.27957e+16	2.32583e+16	3.09685e+17	4.54043e+17	4.77237	4.69122	4.69122	4.69122	4.69122	4.69122	4.69122	4.69122	4.69122	4.6907	4.69002	4.68986	4.68986	4.68986	4.68986	
31686.3	6.85483e+17	2.79477e+17	1.223e+17	7.73802e+16	1.5476e+17	2.3214e+17	3.09521e+17	3.86901e+17	4.64281e+17	5.41673e+17	6.1907e+17	6.96187e+17	7.58657e+17	3.35185e+17	8.60033e+15	6.30908e+15	5.14799e+15	2.25277e+15	1.42534e+15	2.8507e+15	4.27604e+15	5.70138e+15	7.12673e+15	8.55209e+15	9.96947e+15	1.13818e+16	1.27962e+16	2.3259e+16	3.09686e+17	4.54043e+17	4.77236	4.69135	4.69135	4.69135	4.69135	4.69135	4.69135	4.69135	4.69135	4.69078	4.69005	4.68986	4.68986	4.68986	4.68986	
31936.9	6.85479e+17	2.79476e+17	1.22299e+17	7.73798e+16	1.54759e+17	2.32139e+17	3.09519e+17	3.86899e+17	4.64279e+17	5.41671e+17	6.1907e+17	6.96215e+17	7.58684e+17	3.35185e+17	8.60033e+15	6.31184e+15	5.14894e+15	2.25318e+15	1.42561e+15	2.85123e+15	4.27682e+15	5.70243e+15	7.12804e+15	8.55366e+15	9.97073e+15	1.13822e+16	1.27968e+16	2.32598e+16	3.09686e+17	4.54043e+17	4.7722	4.69148	4.69148	4.69148	4.69148	4.69148	4.69148	4.69148	4.69148	4.69087	4.69007	4.68986	4.68986	4.68986	4.68986	
32188.3	6.85475e+17	2.79474e+17	1.22299e+17	7.73793e+16	1.54759e+17	2.32138e+17	3.09517e+17	3.86897e+17	4.64276e+17	5.41669e+17	6.1907e+17	6.96243e+17	7.58711e+17	3.35186e+17	8.60033e+15	6.31439e+15	5.14996e+15	2.25362e+15	1.42589e+15	2.85179e+15	4.27766e+15	5.70356e+15	7.12945e+15	8.55535e+15	9.97208e+15	1.13826e+16	1.27973e+16	2.32607e+16	3.09687e+17	4.54043e+17	4.77184	4.69162	4.69162	4.69162	4.69162	4.69162	4.69162	4.69162	4.69162	4.69097	4.69009	4.68986	4.68986	4.68986	4.68986	
32440.3	6.85471e+17	2.79472e+17	1.22298e+17	7.73789e+16	1.54758e+17	2.32137e+17	3.09515e+17	3.86894e+17	4.64273e+17	5.41667e+17	6.1907e+17	6.9627e+17	7.5874e+17	3.35187e+17	8.60033e+15	6.31674e+15	5.15104e+15	2.2541e+15	1.42619e+15	2.85239e+15	4.27857e+15	5.70476e+15	7.13095e+15	8.55715e+15	9.97354e+15	1.13831e+16	1.27978e+16	2.32616e+16	3.09688e+17	4.54043e+17	4.77126	4.69176	4.69176	4.69176	4.69176	4.69176	4.69176	4.69176	4.69176	4.69107	4.69012	4.68986	4.68986	4.68986	4.68986	
32692.5	6.85468e+17	2.79471e+17	1.22297e+17	7.73784e+16	1.54757e+17	2.32135e+17	3.09513e+17	3.86892e+17	4.6427e+17	5.41665e+17	6.19069e+17	6.96297e+17	7.5877e+17	3.35188e+17	8.60033e+15	6.31889e+15	5.1522e+15	2.2546e+15	1.42651e+15	2.85303e+15	4.27953e+15	5.70604e+15	7.13255e+15	8.55907e+15	9.97512e+15	1.13836e+16	1.27982e+16	2.32625e+16	3.09689e+17	4.54043e+17	4.77041	4.69192	4.69192	4.69192	4.69192	4.69192	4.69192	4.69192	4.69192	4.69118	4.69015	4.68986	4.68986	4.68986	4.68986	
32942.9	6.85465e+17	2.79469e+17	1.22296e+17	7.73778e+16	1.54756e+17	2.32134e+17	3.09511e+17	3.86889e+17	4.64267e+17	5.41662e+17	6.19069e+17	6.96322e+17	7.58799e+17	3.35189e+17	8.60033e+15	6.32085e+15	5.15342e+15	2.25514e+15	1.42685e+15	2.85371e+15	4.28054e+15	5.70739e+15	7.13424e+15	8.5611e+15	9.97679e+15	1.13841e+16	1.27987e+16	2.32634e+16	3.0969e+17	4.54043e+17	4.76925	4.69209	4.69209	4.69209	4.69209	4.69209	4.69209	4.69209	4.69209	4.6913	4.69019	4.68986	4.68986	4.68986	4.68986	
33193.9	6.85463e+17	2.79467e+17	1.22295e+17	7.73773e+16	1.54755e+17	2.32132e+17	3.09509e+17	3.86886e+17	4.64264e+17	5.4166e+17	6.19068e+17	6.96346e+17	7.58829e+17	3.3519e+17	8.60033e+15	6.32264e+15	5.15472e+15	2.25571e+15	1.42721e+15	2.85443e+15	4.28162e+15	5.70883e+15	7.13604e+15	8.56326e+15	9.97859e+15	1.13848e+16	1.27992e+16	2.32643e+16	3.09691e+17	4.54043e+17	4.7677	4.69227	4.69227	4.69227	4.69227	4.69227	4.69227	4.69227	4.69227	4.69143	4.69023	4.68986	4.68986	4.68986	4.68986	
33445.3	6.8546e+17	2.79465e+17	1.22294e+17	7.73767e+16	1.54753e+17	2.3213e+17	3.09507e+17	3.86883e+17	4.6426e+17	5.41657e+17	6.19068e+17	6.96369e+17	7.58858e+17	3.35192e+17	8.60033e+15	6.32428e+15	5.1561e+15	2.25631e+15	1.42759e+15	2.85519e+15	4.28277e+15	5.71036e+15	7.13795e+15	8.56555e+15	9.98051e+15	1.13854e+16	1.27996e+16	2.32652e+16	3.09692e+17	4.54043e+17	4.76572	4.69246	4.69246	4.69246	4.69246	4.69246	4.69246	4.69246	4.69246	4.69156	4.69027	4.68986	4.68986	4.68986	4.68986	
33697.6	6.85458e+17	2.79462e+17	1.22293e+17	7.73761e+16	1.54752e+17	2.32128e+17	3.09504e+17	3.8688e+17	4.64256e+17	5.41654e+17	6.19067e+17	6.96391e+17	7.58888e+17	3.35193e+17	8.60033e+15	6.32578e+15	5.15757e+15	2.25695e+15	1.42799e+15	2.85601e+15	4.28399e+15	5.71198e+15	7.13998e+15	8.56799e+15	9.98257e+15	1.13862e+16	1.28e+16	2.32661e+16	3.09693e+17	4.54043e+17	4.7632	4.69266	4.69266	4.69266	4.69266	4.69266	4.69266	4.69266	4.69266	4.69171	4.69031	4.68986	4.68986	4.68986	4.68986	
33950.6	6.85456e+17	2.7946e+17	1.22292e+17	7.73754e+16	1.54751e+17	2.32126e+17	3.09502e+17	3.86877e+17	4.64252e+17	5.4165e+17	6.19066e+17	6.96412e+17	7.58916e+17	3.35194e+17	8.60033e+15	6.32714e+15	5.15912e+15	2.25764e+15	1.42843e+15	2.85687e+15	4.28528e+15	5.71371e+15	7.14214e+15	8.57058e+15	9.98477e+15	1.1387e+16	1.28004e+16	2.3267e+16	3.09694e+17	4.54043e+17	4.76008	4.69287	4.69287	4.69287	4.69287	4.69287	4.69287	4.69287	4.69287	4.69187	4.69036	4.68986	4.68986	4.68986	4.68986	
34203.8	6.85455e+17	2.79457e+17	1.22291e+17	7.73747e+16	1.54749e+17	2.32124e+17	3.09499e+17	3.86873e+17	4.64248e+17	5.41647e+17	6.19065e+17	6.96431e+17	7.58944e+17	3.35195e+17	8.60033e+15	6.32837e+15	5.16077e+15	2.25836e+15	1.42888e+15	2.85778e+15	4.28665e+15	5.71553e+15	7.14442e+15	8.57331e+15	9.98711e+15	1.13878e+16	1.28007e+16	2.32678e+16	3.09695e+17	4.54043e+17	4.75627	4.6931	4.6931	4.6931	4.6931	4.6931	4.6931	4.6931	4.6931	4.69203	4.69042	4.68986	4.68986	4.68986	4.68986	
34454.4	6.85453e+17	2.79455e+17	1.2229e+17	7.73739e+16	1.54748e+17	2.32122e+17	3.09496e+17	3.8687e+17	4.64244e+17	5.41643e+17	6.19063e+17	6.96438e+17	7.58962e+17	3.35197e+17	8.60033e+15	6.32947e+15	5.16249e+15	2.25911e+15	1.42936e+15	2.85873e+15	4.28807e+15	5.71744e+15	7.1468e+15	8.57617e+15	9.98958e+15	1.13888e+16	1.28009e+16	2.32684e+16	3.09697e+17	4.54043e+17	4.75172	4.69333	4.69333	4.69333	4.69333	4.69333	4.69333	4.69333	4.69333	4.69221	4.69047	4.68986	4.68986	4.68986	4.68986	
34706	6.85452e+17	2.79452e+17	1.22289e+17	7.73732e+16	1.54746e+17	2.32119e+17	3.09493e+17	3.86866e+17	4.64239e+17	5.41639e+17	6.19062e+17	6.96442e+17	7.58977e+17	3.35198e+17	8.60031e+15	6.33046e+15	5.16431e+15	2.2599e+15	1.42986e+15	2.85974e+15	4.28958e+15	5.71945e+15	7.14931e+15	8.57919e+15	9.9922e+15	1.13898e+16	1.28009e+16	2.32688e+16	3.09698e+17	4.54042e+17	4.74628	4.69358	4.69358	4.69358	4.69358	4.69358	4.69358	4.69358	4.69358	4.69239	4.69054	4.68986	4.68986	4.68986	4.68986	
34957.4	6.85451e+17	2.79449e+17	1.22288e+17	7.73723e+16	1.54745e+17	2.32117e+17	3.09489e+17	3.86862e+17	4.64234e+17	5.41634e+17	6.1906e+17	6.96445e+17	7.58991e+17	3.35199e+17	8.60029e+15	6.33135e+15	5.16622e+15	2.26074e+15	1.43039e+15	2.8608e+15	4.29117e+15	5.72157e+15	7.15196e+15	8.58236e+15	9.99498e+15	1.13909e+16	1.2801e+16	2.32693e+16	3.09699e+17	4.54041e+17	4.73987	4.69384	4.69384	4.69384	4.69384	4.69384	4.69384	4.69384	4.69384	4.69259	4.69061	4.68986	4.68986	4.68986	4.68986	
35209.2	6.8545e+17	2.79446e+17	1.22286e+17	7.73715e+16	1.54743e+17	2.32114e+17	3.09486e+17	3.86857e+17	4.64229e+17	5.4163e+17	6.19059e+17	6.96448e+17	7.59004e+17	3.352e+17	8.60026e+15	6.33214e+15	5.16823e+15	2.26162e+15	1.43095e+15	2.86191e+15	4.29284e+15	5.72379e+15	7.15474e+15	8.5857e+15	9.99793e+15	1.13922e+16	1.2801e+16	2.32697e+16	3.09699e+17	4.54039e+17	4.73235	4.69412	4.69412	4.69412	4.69412	4.69412	4.69412	4.69412	4.69412	4.6928	4.69068	4.68986	4.68986	4.68986	4.68986	
35461.4	6.85449e+17	2.79442e+17	1.22285e+17	7.73706e+16	1.54741e+17	2.32112e+17	3.09482e+17	3.86853e+17	4.64223e+17	5.41625e+17	6.19057e+17	6.96451e+17	7.59016e+17	3.35201e+17	8.60023e+15	6.33285e+15	5.17034e+15	2.26255e+15	1.43153e+15	2.86308e+15	4.2946e+15	5.72613e+15	7.15767e+15	8.58921e+15	1.00011e+16	1.13935e+16	1.28011e+16	2.327e+16	3.097e+17	4.54038e+17	4.72361	4.69441	4.69441	4.69441	4.69441	4.69441	4.69441	4.69441	4.69441	4.69302	4.69076	4.68986	4.68986	4.68986	4.68986	
35714.7	6.85448e+17	2.79439e+17	1.22283e+17	7.73696e+16	1.54739e+17	2.32109e+17	3.09478e+17	3.86848e+17	4.64218e+17	5.4162e+17	6.19055e+17	6.96453e+17	7.59028e+17	3.35202e+17	8.6002e+15	6.33347e+15	5.17257e+15	2.26352e+15	1.43215e+15	2.86431e+15	4.29645e+15	5.7286e+15	7.16075e+15	8.59291e+15	1.00044e+16	1.13949e+16	1.28011e+16	2.32704e+16	3.09701e+17	4.54037e+17	4.71351	4.69471	4.69471	4.69471	4.69471	4.69471	4.69471	4.69471	4.69471	4.69325	4.69085	4.68986	4.68986	4.68986	4.68986	
35967.8	6.85447e+17	2.79435e+17	1.22282e+17	7.73686e+16	1.54737e+17	2.32106e+17	3.09474e+17	3.86843e+17	4.64211e+17	5.41614e+17	6.19052e+17	6.96454e+17	7.59039e+17	3.35203e+17	8.60018e+15	6.334e+15	5.1749e+15	2.26454e+15	1.43279e+15	2.8656e+15	4.29838e+15	5.73118e+15	7.16398e+15	8.59678e+15	1.00078e+16	1.13964e+16	1.28012e+16	2.32707e+16	3.09702e+17	4.54035e+17	4.70196	4.69503	4.69503	4.69503	4.69503	4.69503	4.69503	4.69503	4.69503	4.6935	4.69095	4.68986	4.68986	4.68986	4.68986	
36221.2	6.85447e+17	2.79431e+17	1.2228e+17	7.73675e+16	1.54735e+17	2.32103e+17	3.0947e+17	3.86838e+17	4.64205e+17	5.41609e+17	6.1905e+17	6.96456e+17	7.5905e+17	3.35204e+17	8.60016e+15	6.33446e+15	5.17734e+15	2.26561e+15	1.43347e+15	2.86695e+15	4.30041e+15	5.73388e+15	7.16736e+15	8.60084e+15	1.00115e+16	1.13981e+16	1.28012e+16	2.32711e+16	3.09703e+17	4.54034e+17	4.68884	4.69537	4.69537	4.69537	4.69537	4.69537	4.69537	4.69537	4.69537	4.69376	4.69105	4.68986	4.68986	4.68986	4.68986	
36474.5	6.85446e+17	2.79427e+17	1.22278e+17	7.73664e+16	1.54733e+17	2.32099e+17	3.09466e+17	3.86832e+17	4.64198e+17	5.41603e+17	6.19047e+17	6.96457e+17	7.5906e+17	3.35205e+17	8.60014e+15	6.33485e+15	5.17989e+15	2.26672e+15	1.43418e+15	2.86837e+15	4.30253e+15	5.73671e+15	7.17088e+15	8.60507e+15	1.00154e+16	1.13998e+16	1.28012e+16	2.32714e+16	3.09704e+17	4.54033e+17	4.67404	4.69571	4.69571	4.69571	4.69571	4.69571	4.69571	4.69571	4.69571	4.69403	4.69116	4.68986	4.68986	4.68986	4.68986	
36725	6.85446e+17	2.79423e+17	1.22276e+17	7.73653e+16	1.54731e+17	2.32096e+17	3.09461e+17	3.86826e+17	4.64192e+17	5.41596e+17	6.19044e+17	6.96458e+17	7.5907e+17	3.35206e+17	8.60013e+15	6.33517e+15	5.18252e+15	2.26787e+15	1.4349e+15	2.86982e+15	4.30471e+15	5.73962e+15	7.17452e+15	8.60944e+15	1.00194e+16	1.14017e+16	1.28013e+16	2.32717e+16	3.09705e+17	4.54033e+17	4.65765	4.69607	4.69607	4.69607	4.69607	4.69607	4.69607	4.69607	4.69607	4.69431	4.69127	4.68986	4.68986	4.68986	4.68986	
36976.3	6.85446e+17	2.79419e+17	1.22275e+17	7.73641e+16	1.54728e+17	2.32092e+17	3.09456e+17	3.8682e+17	4.64185e+17	5.4159e+17	6.19041e+17	6.96459e+17	7.59079e+17	3.35207e+17	8.60012e+15	6.33542e+15	5.18526e+15	2.26908e+15	1.43566e+15	2.87134e+15	4.30699e+15	5.74266e+15	7.17833e+15	8.614e+15	1.00236e+16	1.14037e+16	1.28013e+16	2.32719e+16	3.09706e+17	4.54032e+17	4.63936	4.69645	4.69645	4.69645	4.69645	4.69645	4.69645	4.69645	4.69645	4.69461	4.6914	4.68986	4.68986	4.68986	4.68986	
37227.1	6.85446e+17	2.79415e+17	1.22273e+17	7.73629e+16	1.54726e+17	2.32089e+17	3.09451e+17	3.86814e+17	4.64177e+17	5.41583e+17	6.19038e+17	6.9646e+17	7.59087e+17	3.35208e+17	8.60011e+15	6.3356e+15	5.18812e+15	2.27032e+15	1.43645e+15	2.87292e+15	4.30936e+15	5.74582e+15	7.18228e+15	8.61874e+15	1.0028e+16	1.14059e+16	1.28013e+16	2.32722e+16	3.09707e+17	4.54032e+17	4.61918	4.69684	4.69684	4.69684	4.69684	4.69684	4.69684	4.69684	4.69684	4.69492	4.69153	4.68987	4.68986	4.68986	4.68986	
37478.3	6.85446e+17	2.7941e+17	1.22271e+17	7.73616e+16	1.54723e+17	2.32085e+17	3.09446e+17	3.86808e+17	4.64169e+17	5.41576e+17	6.19034e+17	6.96461e+17	7.59095e+17	3.35209e+17	8.60011e+15	6.33573e+15	5.19109e+15	2.27162e+15	1.43728e+15	2.87457e+15	4.31183e+15	5.74911e+15	7.18639e+15	8.62368e+15	1.00326e+16	1.14082e+16	1.28014e+16	2.32725e+16	3.09708e+17	4.54032e+17	4.59695	4.69724	4.69724	4.69724	4.69724	4.69724	4.69724	4.69724	4.69724	4.69525	4.69167	4.68987	4.68986	4.68986	4.68986	
37730.4	6.85446e+17	2.79405e+17	1.22268e+17	7.73602e+16	1.5472e+17	2.32081e+17	3.09441e+17	3.86801e+17	4.64161e+17	5.41568e+17	6.19031e+17	6.96462e+17	7.59102e+17	3.3521e+17	8.60011e+15	6.3358e+15	5.19419e+15	2.27298e+15	1.43813e+15	2.87628e+15	4.3144e+15	5.75254e+15	7.19068e+15	8.62882e+15	1.00375e+16	1.14106e+16	1.28014e+16	2.32727e+16	3.09709e+17	4.54032e+17	4.57254	4.69766	4.69766	4.69766	4.69766	4.69766	4.69766	4.69766	4.69766	4.69559	4.69182	4.68987	4.68986	4.68986	4.68986	
37982.3	6.85446e+17	2.794e+17	1.22266e+17	7.73588e+16	1.54718e+17	2.32076e+17	3.09435e+17	3.86794e+17	4.64153e+17	5.4156e+17	6.19027e+17	6.96462e+17	7.5911e+17	3.35211e+17	8.60011e+15	6.33581e+15	5.1974e+15	2.27439e+15	1.43902e+15	2.87806e+15	4.31707e+15	5.7561e+15	7.19512e+15	8.63416e+15	1.00425e+16	1.14132e+16	1.28014e+16	2.32729e+16	3.0971e+17	4.54032e+17	4.54601	4.6981	4.6981	4.6981	4.6981	4.6981	4.6981	4.6981	4.6981	4.69595	4.69199	4.68987	4.68986	4.68986	4.68986	
38234.8	6.85446e+17	2.79395e+17	1.22264e+17	7.73574e+16	1.54715e+17	2.32072e+17	3.09429e+17	3.86787e+17	4.64144e+17	5.41552e+17	6.19022e+17	6.96463e+17	7.59116e+17	3.35212e+17	8.60011e+15	6.33576e+15	5.20073e+15	2.27584e+15	1.43995e+15	2.87991e+15	4.31984e+15	5.75979e+15	7.19974e+15	8.6397e+15	1.00478e+16	1.1416e+16	1.28015e+16	2.32731e+16	3.09711e+17	4.54032e+17	4.51721	4.69855	4.69855	4.69855	4.69855	4.69855	4.69855	4.69855	4.69855	4.69632	4.69216	4.68987	4.68986	4.68986	4.68986	
38487.8	6.85447e+17	2.79389e+17	1.22262e+17	7.73559e+16	1.54712e+17	2.32068e+17	3.09423e+17	3.86779e+17	4.64135e+17	5.41543e+17	6.19018e+17	6.96463e+17	7.59123e+17	3.35213e+17	8.60011e+15	6.33566e+15	5.20419e+15	2.27736e+15	1.4409e+15	2.88182e+15	4.32272e+15	5.76362e+15	7.20453e+15	8.64545e+15	1.00533e+16	1.1419e+16	1.28015e+16	2.32733e+16	3.09711e+17	4.54032e+17	4.48613	4.69902	4.69902	4.69902	4.69902	4.69902	4.69902	4.69902	4.69902	4.69671	4.69234	4.68987	4.68986	4.68986	4.68986	
38740.2	6.85447e+17	2.79384e+17	1.22259e+17	7.73543e+16	1.54709e+17	2.32063e+17	3.09417e+17	3.86772e+17	4.64126e+17	5.41534e+17	6.19013e+17	6.96464e+17	7.59129e+17	3.35214e+17	8.60012e+15	6.33551e+15	5.20776e+15	2.27892e+15	1.44189e+15	2.8838e+15	4.32568e+15	5.76758e+15	7.20947e+15	8.65138e+15	1.0059e+16	1.14221e+16	1.28015e+16	2.32735e+16	3.09712e+17	4.54032e+17	4.45288	4.69951	4.69951	4.69951	4.69951	4.69951	4.69951	4.69951	4.69951	4.69711	4.69253	4.68987	4.68986	4.68986	4.68986	
38993.6	6.85448e+17	2.79378e+17	1.22257e+17	7.73527e+16	1.54705e+17	2.32058e+17	3.09411e+17	3.86764e+17	4.64116e+17	5.41525e+17	6.19008e+17	6.96464e+17	7.59134e+17	3.35215e+17	8.60012e+15	6.3353e+15	5.21146e+15	2.28054e+15	1.44292e+15	2.88585e+15	4.32876e+15	5.77168e+15	7.2146e+15	8.65753e+15	1.0065e+16	1.14254e+16	1.28016e+16	2.32737e+16	3.09713e+17	4.54032e+17	4.41727	4.70001	4.70001	4.70001	4.70001	4.70001	4.70001	4.70001	4.70001	4.69753	4.69274	4.68987	4.68986	4.68986	4.68986	
39246.4	6.85448e+17	2.79372e+17	1.22254e+17	7.7351e+16	1.54702e+17	2.32053e+17	3.09404e+17	3.86755e+17	4.64106e+17	5.41515e+17	6.19002e+17	6.96464e+17	7.5914e+17	3.35216e+17	8.60013e+15	6.33504e+15	5.21528e+15	2.28221e+15	1.44397e+15	2.88796e+15	4.33192e+15	5.7759e+15	7.21988e+15	8.66386e+15	1.00712e+16	1.14289e+16	1.28016e+16	2.32738e+16	3.09714e+17	4.54033e+17	4.37955	4.70052	4.70052	4.70052	4.70052	4.70052	4.70052	4.70052	4.70052	4.69796	4.69295	4.68987	4.68986	4.68986	4.68986	
39496.5	6.85449e+17	2.79366e+17	1.22251e+17	7.73494e+16	1.54699e+17	2.32048e+17	3.09397e+17	3.86747e+17	4.64096e+17	5.41505e+17	6.18997e+17	6.96464e+17	7.59144e+17	3.35217e+17	8.60013e+15	6.33473e+15	5.21917e+15	2.28391e+15	1.44505e+15	2.89011e+15	4.33515e+15	5.78021e+15	7.22526e+15	8.67032e+15	1.00775e+16	1.14326e+16	1.28017e+16	2.3274e+16	3.09715e+17	4.54033e+17	4.3401	4.70105	4.70105	4.70105	4.70105	4.70105	4.70105	4.70105	4.70105	4.6984	4.69318	4.68987	4.68986	4.68986	4.68986	
39746.7	6.8545e+17	2.7936e+17	1.22248e+17	7.73476e+16	1.54695e+17	2.32043e+17	3.0939e+17	3.86738e+17	4.64086e+17	5.41495e+17	6.18991e+17	6.96464e+17	7.59149e+17	3.35218e+17	8.60014e+15	6.33438e+15	5.22317e+15	2.28566e+15	1.44616e+15	2.89233e+15	4.33848e+15	5.78464e+15	7.23081e+15	8.67698e+15	1.00841e+16	1.14365e+16	1.28018e+16	2.32741e+16	3.09716e+17	4.54033e+17	4.29858	4.70158	4.70158	4.70158	4.70158	4.70158	4.70158	4.70158	4.70158	4.69886	4.69342	4.68987	4.68986	4.68986	4.68986	
39997.1	6.8545e+17	2.79353e+17	1.22246e+17	7.73458e+16	1.54692e+17	2.32037e+17	3.09383e+17	3.86729e+17	4.64075e+17	5.41484e+17	6.18984e+17	6.96465e+17	7.59153e+17	3.35219e+17	8.60015e+15	6.33397e+15	5.22729e+15	2.28747e+15	1.4473e+15	2.89462e+15	4.34191e+15	5.78921e+15	7.23652e+15	8.68383e+15	1.00909e+16	1.14405e+16	1.28019e+16	2.32742e+16	3.09717e+17	4.54034e+17	4.25504	4.70214	4.70214	4.70214	4.70214	4.70214	4.70214	4.70214	4.70214	4.69934	4.69367	4.68987	4.68986	4.68986	4.68986	
40247.7	6.85451e+17	2.79346e+17	1.22243e+17	7.7344e+16	1.54688e+17	2.32032e+17	3.09376e+17	3.8672e+17	4.64064e+17	5.41473e+17	6.18978e+17	6.96465e+17	7.59158e+17	3.3522e+17	8.60015e+15	6.33352e+15	5.23154e+15	2.28933e+15	1.44848e+15	2.89696e+15	4.34543e+15	5.79391e+15	7.24239e+15	8.69087e+15	1.00979e+16	1.14448e+16	1.2802e+16	2.32744e+16	3.09718e+17	4.54034e+17	4.20959	4.7027	4.7027	4.7027	4.7027	4.7027	4.7027	4.7027	4.7027	4.69983	4.69393	4.68987	4.68986	4.68986	4.68986	
40498.5	6.85452e+17	2.7934e+17	1.2224e+17	7.73421e+16	1.54684e+17	2.32026e+17	3.09368e+17	3.8671e+17	4.64052e+17	5.41462e+17	6.18971e+17	6.96465e+17	7.59161e+17	3.35221e+17	8.60016e+15	6.33302e+15	5.23589e+15	2.29123e+15	1.44968e+15	2.89938e+15	4.34905e+15	5.79874e+15	7.24842e+15	8.69811e+15	1.01052e+16	1.14493e+16	1.28021e+16	2.32745e+16	3.09719e+17	4.54034e+17	4.16229	4.70328	4.70328	4.70328	4.70328	4.70328	4.70328	4.70328	4.70328	4.70034	4.69421	4.68987	4.68986	4.68986	4.68986	
40749.6	6.85453e+17	2.79333e+17	1.22237e+17	7.73401e+16	1.5468e+17	2.3202e+17	3.09361e+17	3.86701e+17	4.64041e+17	5.4145e+17	6.18963e+17	6.96465e+17	7.59165e+17	3.35222e+17	8.60016e+15	6.33247e+15	5.24037e+15	2.29319e+15	1.45092e+15	2.90186e+15	4.35277e+15	5.80369e+15	7.25462e+15	8.70555e+15	1.01127e+16	1.1454e+16	1.28022e+16	2.32746e+16	3.0972e+17	4.54034e+17	4.11328	4.70388	4.70388	4.70388	4.70388	4.70388	4.70388	4.70388	4.70388	4.70086	4.6945	4.68987	4.68986	4.68986	4.68986	
41000.6	6.85454e+17	2.79325e+17	1.22233e+17	7.73381e+16	1.54676e+17	2.32014e+17	3.09353e+17	3.86691e+17	4.64029e+17	5.41438e+17	6.18956e+17	6.96465e+17	7.59168e+17	3.35223e+17	8.60017e+15	6.33187e+15	5.24496e+15	2.2952e+15	1.45219e+15	2.9044e+15	4.35658e+15	5.80877e+15	7.26097e+15	8.71317e+15	1.01204e+16	1.1459e+16	1.28024e+16	2.32747e+16	3.09721e+17	4.54035e+17	4.06273	4.70448	4.70448	4.70448	4.70448	4.70448	4.70448	4.70448	4.70448	4.70139	4.6948	4.68987	4.68986	4.68986	4.68986	
41251.9	6.85456e+17	2.79318e+17	1.2223e+17	7.73361e+16	1.54672e+17	2.32008e+17	3.09344e+17	3.8668e+17	4.64016e+17	5.41425e+17	6.18947e+17	6.96465e+17	7.59172e+17	3.35224e+17	8.60017e+15	6.33124e+15	5.24966e+15	2.29726e+15	1.45349e+15	2.907e+15	4.36049e+15	5.81398e+15	7.26748e+15	8.72098e+15	1.01283e+16	1.14641e+16	1.28026e+16	2.32748e+16	3.09722e+17	4.54035e+17	4.0107	4.7051	4.7051	4.7051	4.7051	4.7051	4.7051	4.7051	4.7051	4.70194	4.69512	4.68988	4.68986	4.68986	4.68986	
41503.4	6.85457e+17	2.7931e+17	1.22227e+17	7.7334e+16	1.54668e+17	2.32002e+17	3.09336e+17	3.8667e+17	4.64004e+17	5.41413e+17	6.18939e+17	6.96464e+17	7.59175e+17	3.35225e+17	8.60017e+15	6.33055e+15	5.25447e+15	2.29936e+15	1.45483e+15	2.90967e+15	4.36448e+15	5.81931e+15	7.27414e+15	8.72898e+15	1.01365e+16	1.14695e+16	1.28028e+16	2.32749e+16	3.09723e+17	4.54035e+17	3.95741	4.70572	4.70572	4.70572	4.70572	4.70572	4.70572	4.70572	4.70572	4.7025	4.69545	4.68988	4.68986	4.68986	4.68986	
41755	6.85458e+17	2.79303e+17	1.22224e+17	7.73318e+16	1.54664e+17	2.31996e+17	3.09327e+17	3.86659e+17	4.63991e+17	5.41399e+17	6.1893e+17	6.96464e+17	7.59178e+17	3.35226e+17	8.60018e+15	6.32983e+15	5.2594e+15	2.30152e+15	1.45619e+15	2.91239e+15	4.36857e+15	5.82477e+15	7.28096e+15	8.73716e+15	1.01449e+16	1.14752e+16	1.2803e+16	2.3275e+16	3.09724e+17	4.54035e+17	3.90298	4.70636	4.70636	4.70636	4.70636	4.70636	4.70636	4.70636	4.70636	4.70308	4.6958	4.68988	4.68986	4.68986	4.68986	
42006.7	6.8546e+17	2.79295e+17	1.2222e+17	7.73296e+16	1.54659e+17	2.31989e+17	3.09319e+17	3.86648e+17	4.63978e+17	5.41386e+17	6.18921e+17	6.96464e+17	7.5918e+17	3.35227e+17	8.60018e+15	6.32907e+15	5.26443e+15	2.30372e+15	1.45758e+15	2.91518e+15	4.37275e+15	5.83034e+15	7.28792e+15	8.74551e+15	1.01536e+16	1.14811e+16	1.28033e+16	2.32751e+16	3.09725e+17	4.54035e+17	3.84761	4.707	4.707	4.707	4.707	4.707	4.707	4.707	4.707	4.70367	4.69616	4.68988	4.68986	4.68986	4.68986	
42258.6	6.85461e+17	2.79287e+17	1.22217e+17	7.73274e+16	1.54655e+17	2.31982e+17	3.0931e+17	3.86637e+17	4.63964e+17	5.41372e+17	6.18911e+17	6.96464e+17	7.59183e+17	3.35228e+17	8.60019e+15	6.32826e+15	5.26956e+15	2.30597e+15	1.45901e+15	2.91802e+15	4.37702e+15	5.83603e+15	7.29503e+15	8.75405e+15	1.01625e+16	1.14872e+16	1.28036e+16	2.32751e+16	3.09726e+17	4.54036e+17	3.79142	4.70766	4.70766	4.70766	4.70766	4.70766	4.70766	4.70766	4.70766	4.70428	4.69654	4.68988	4.68986	4.68986	4.68986	
42510.7	6.85462e+17	2.79278e+17	1.22213e+17	7.73251e+16	1.5465e+17	2.31975e+17	3.093e+17	3.86626e+17	4.63951e+17	5.41357e+17	6.18901e+17	6.96463e+17	7.59185e+17	3.3523e+17	8.60019e+15	6.32742e+15	5.27481e+15	2.30826e+15	1.46046e+15	2.92092e+15	4.38137e+15	5.84183e+15	7.30229e+15	8.76275e+15	1.01716e+16	1.14936e+16	1.28039e+16	2.32752e+16	3.09727e+17	4.54036e+17	3.73461	4.70831	4.70831	4.70831	4.70831	4.70831	4.70831	4.70831	4.70831	4.70489	4.69693	4.68989	4.68986	4.68986	4.68986	
42762.7	6.85464e+17	2.7927e+17	1.22209e+17	7.73228e+16	1.54646e+17	2.31968e+17	3.09291e+17	3.86614e+17	4.63937e+17	5.41343e+17	6.18891e+17	6.96463e+17	7.59187e+17	3.35231e+17	8.60019e+15	6.32654e+15	5.28014e+15	2.3106e+15	1.46193e+15	2.92388e+15	4.3858e+15	5.84774e+15	7.30968e+15	8.77162e+15	1.01809e+16	1.15003e+16	1.28043e+16	2.32753e+16	3.09728e+17	4.54036e+17	3.67741	4.70897	4.70897	4.70897	4.70897	4.70897	4.70897	4.70897	4.70897	4.70552	4.69734	4.68989	4.68986	4.68986	4.68986	
43015.1	6.85466e+17	2.79261e+17	1.22206e+17	7.73204e+16	1.54641e+17	2.31961e+17	3.09282e+17	3.86602e+17	4.63923e+17	5.41328e+17	6.1888e+17	6.96462e+17	7.5919e+17	3.35232e+17	8.6002e+15	6.32563e+15	5.28558e+15	2.31298e+15	1.46344e+15	2.92689e+15	4.39032e+15	5.85376e+15	7.31721e+15	8.78065e+15	1.01904e+16	1.15072e+16	1.28047e+16	2.32754e+16	3.09729e+17	4.54036e+17	3.6199	4.70964	4.70964	4.70964	4.70964	4.70964	4.70964	4.70964	4.70964	4.70615	4.69776	4.68989	4.68986	4.68986	4.68986	
43267.4	6.85467e+17	2.79253e+17	1.22202e+17	7.7318e+16	1.54636e+17	2.31954e+17	3.09272e+17	3.8659e+17	4.63908e+17	5.41312e+17	6.18869e+17	6.96461e+17	7.59192e+17	3.35233e+17	8.6002e+15	6.32469e+15	5.29111e+15	2.3154e+15	1.46497e+15	2.92995e+15	4.39492e+15	5.85989e+15	7.32486e+15	8.78984e+15	1.02002e+16	1.15144e+16	1.28052e+16	2.32754e+16	3.0973e+17	4.54036e+17	3.56233	4.7103	4.7103	4.7103	4.7103	4.7103	4.7103	4.7103	4.7103	4.70679	4.6982	4.6899	4.68986	4.68986	4.68986	
43520	6.85469e+17	2.79244e+17	1.22198e+17	7.73156e+16	1.54631e+17	2.31947e+17	3.09262e+17	3.86578e+17	4.63893e+17	5.41297e+17	6.18857e+17	6.96461e+17	7.59193e+17	3.35234e+17	8.6002e+15	6.32371e+15	5.29673e+15	2.31786e+15	1.46653e+15	2.93307e+15	4.39959e+15	5.86612e+15	7.33265e+15	8.79918e+15	1.02101e+16	1.15219e+16	1.28058e+16	2.32755e+16	3.09731e+17	4.54037e+17	3.50482	4.71096	4.71096	4.71096	4.71096	4.71096	4.71096	4.71096	4.71096	4.70745	4.69865	4.6899	4.68986	4.68986	4.68986	
43772.5	6.85471e+17	2.79235e+17	1.22194e+17	7.73131e+16	1.54626e+17	2.31939e+17	3.09252e+17	3.86565e+17	4.63878e+17	5.41281e+17	6.18845e+17	6.9646e+17	7.59195e+17	3.35235e+17	8.60021e+15	6.32271e+15	5.30244e+15	2.32036e+15	1.46811e+15	2.93623e+15	4.40433e+15	5.87244e+15	7.34055e+15	8.80867e+15	1.02203e+16	1.15296e+16	1.28064e+16	2.32755e+16	3.09732e+17	4.54037e+17	3.44758	4.71162	4.71162	4.71162	4.71162	4.71162	4.71162	4.71162	4.71162	4.7081	4.69912	4.68991	4.68986	4.68986	4.68986	
44025.2	6.85473e+17	2.79226e+17	1.2219e+17	7.73106e+16	1.54621e+17	2.31932e+17	3.09242e+17	3.86553e+17	4.63863e+17	5.41264e+17	6.18832e+17	6.96459e+17	7.59197e+17	3.35236e+17	8.60021e+15	6.32168e+15	5.30824e+15	2.32289e+15	1.46971e+15	2.93944e+15	4.40914e+15	5.87886e+15	7.34858e+15	8.8183e+15	1.02307e+16	1.15376e+16	1.28071e+16	2.32756e+16	3.09733e+17	4.54037e+17	3.39072	4.71228	4.71228	4.71228	4.71228	4.71228	4.71228	4.71228	4.71228	4.70877	4.6996	4.68992	4.68986	4.68986	4.68986	
44278.2	6.85474e+17	2.79216e+17	1.22186e+17	7.7308e+16	1.54616e+17	2.31924e+17	3.09232e+17	3.8654e+17	4.63848e+17	5.41248e+17	6.18819e+17	6.96458e+17	7.59198e+17	3.35237e+17	8.60021e+15	6.32063e+15	5.31412e+15	2.32547e+15	1.47134e+15	2.94269e+15	4.41403e+15	5.88537e+15	7.35672e+15	8.82806e+15	1.02413e+16	1.15459e+16	1.28079e+16	2.32756e+16	3.09734e+17	4.54037e+17	3.3344	4.71292	4.71292	4.71292	4.71292	4.71292	4.71292	4.71292	4.71292	4.70943	4.7001	4.68992	4.68986	4.68986	4.68986	
44530.9	6.85476e+17	2.79207e+17	1.22182e+17	7.73054e+16	1.54611e+17	2.31916e+17	3.09222e+17	3.86527e+17	4.63832e+17	5.41231e+17	6.18806e+17	6.96456e+17	7.592e+17	3.35238e+17	8.60021e+15	6.31955e+15	5.32007e+15	2.32807e+15	1.47299e+15	2.94599e+15	4.41897e+15	5.89196e+15	7.36495e+15	8.83795e+15	1.02521e+16	1.15544e+16	1.28088e+16	2.32757e+16	3.09735e+17	4.54037e+17	3.27883	4.71355	4.71355	4.71355	4.71355	4.71355	4.71355	4.71355	4.71355	4.7101	4.70061	4.68993	4.68986	4.68986	4.68986	
44784	6.85478e+17	2.79198e+17	1.22178e+17	7.73028e+16	1.54606e+17	2.31908e+17	3.09211e+17	3.86514e+17	4.63817e+17	5.41213e+17	6.18792e+17	6.96455e+17	7.59201e+17	3.35239e+17	8.60022e+15	6.31846e+15	5.3261e+15	2.33071e+15	1.47466e+15	2.94933e+15	4.42398e+15	5.89864e+15	7.3733e+15	8.84797e+15	1.02631e+16	1.15632e+16	1.28099e+16	2.32757e+16	3.09736e+17	4.54037e+17	3.22406	4.71417	4.71417	4.71417	4.71417	4.71417	4.71417	4.71417	4.71417	4.71076	4.70114	4.68994	4.68986	4.68986	4.68986	
45037.1	6.8548e+17	2.79188e+17	1.22173e+17	7.73001e+16	1.546e+17	2.319e+17	3.092e+17	3.86501e+17	4.63801e+17	5.41196e+17	6.18778e+17	6.96453e+17	7.59203e+17	3.3524e+17	8.60022e+15	6.31734e+15	5.33219e+15	2.33338e+15	1.47635e+15	2.9527e+15	4.42904e+15	5.90539e+15	7.38174e+15	8.85809e+15	1.02742e+16	1.15724e+16	1.2811e+16	2.32758e+16	3.09737e+17	4.54037e+17	3.17026	4.71477	4.71477	4.71477	4.71477	4.71477	4.71477	4.71477	4.71477	4.71142	4.70168	4.68995	4.68986	4.68986	4.68986	
45287.3	6.85482e+17	2.79178e+17	1.22169e+17	7.72975e+16	1.54595e+17	2.31892e+17	3.0919e+17	3.86487e+17	4.63785e+17	5.41178e+17	6.18763e+17	6.96451e+17	7.59204e+17	3.35241e+17	8.60022e+15	6.31623e+15	5.33828e+15	2.33604e+15	1.47803e+15	2.95608e+15	4.4341e+15	5.91213e+15	7.39017e+15	8.86821e+15	1.02854e+16	1.15816e+16	1.28122e+16	2.32758e+16	3.09737e+17	4.54037e+17	3.11816	4.71533	4.71533	4.71533	4.71533	4.71533	4.71533	4.71533	4.71533	4.71207	4.70222	4.68996	4.68986	4.68986	4.68986	
45539.7	6.85484e+17	2.79169e+17	1.22165e+17	7.72947e+16	1.54589e+17	2.31884e+17	3.09179e+17	3.86474e+17	4.63768e+17	5.4116e+17	6.18748e+17	6.96449e+17	7.59205e+17	3.35242e+17	8.60022e+15	6.31509e+15	5.34449e+15	2.33876e+15	1.47975e+15	2.95951e+15	4.43925e+15	5.919e+15	7.39876e+15	8.87851e+15	1.02969e+16	1.15913e+16	1.28136e+16	2.32758e+16	3.09738e+17	4.54038e+17	3.06677	4.71588	4.71588	4.71588	4.71588	4.71588	4.71588	4.71588	4.71588	4.71272	4.70279	4.68997	4.68986	4.68986	4.68986	
45789.9	6.85486e+17	2.79159e+17	1.22161e+17	7.7292e+16	1.54584e+17	2.31876e+17	3.09168e+17	3.8646e+17	4.63752e+17	5.41142e+17	6.18732e+17	6.96447e+17	7.59206e+17	3.35243e+17	8.60022e+15	6.31395e+15	5.35069e+15	2.34147e+15	1.48147e+15	2.96294e+15	4.4444e+15	5.92587e+15	7.40734e+15	8.88882e+15	1.03085e+16	1.16012e+16	1.28152e+16	2.32759e+16	3.09739e+17	4.54038e+17	3.01708	4.71639	4.71639	4.71639	4.71639	4.71639	4.71639	4.71639	4.71639	4.71335	4.70336	4.68998	4.68986	4.68986	4.68986	
46043.7	6.85488e+17	2.79149e+17	1.22156e+17	7.72893e+16	1.54579e+17	2.31868e+17	3.09157e+17	3.86446e+17	4.63736e+17	5.41123e+17	6.18716e+17	6.96444e+17	7.59207e+17	3.35244e+17	8.60023e+15	6.31279e+15	5.35703e+15	2.34424e+15	1.48322e+15	2.96646e+15	4.44967e+15	5.9329e+15	7.41612e+15	8.89935e+15	1.03204e+16	1.16114e+16	1.28169e+16	2.32759e+16	3.0974e+17	4.54038e+17	2.96806	4.71688	4.71688	4.71688	4.71688	4.71688	4.71688	4.71688	4.71688	4.71397	4.70395	4.69	4.68986	4.68986	4.68986	
46296.8	6.8549e+17	2.79139e+17	1.22152e+17	7.72865e+16	1.54573e+17	2.31859e+17	3.09146e+17	3.86432e+17	4.63719e+17	5.41104e+17	6.18699e+17	6.96441e+17	7.59208e+17	3.35244e+17	8.60023e+15	6.31162e+15	5.3634e+15	2.34703e+15	1.48499e+15	2.96998e+15	4.45496e+15	5.93995e+15	7.42494e+15	8.90994e+15	1.03324e+16	1.1622e+16	1.28188e+16	2.32759e+16	3.09741e+17	4.54038e+17	2.9206	4.71732	4.71732	4.71732	4.71732	4.71732	4.71732	4.71732	4.71732	4.71458	4.70455	4.69001	4.68986	4.68986	4.68986	
46550.3	6.85492e+17	2.79129e+17	1.22147e+17	7.72837e+16	1.54567e+17	2.31851e+17	3.09135e+17	3.86418e+17	4.63702e+17	5.41085e+17	6.18682e+17	6.96438e+17	7.59209e+17	3.35245e+17	8.60023e+15	6.31045e+15	5.36982e+15	2.34984e+15	1.48677e+15	2.97354e+15	4.4603e+15	5.94707e+15	7.43383e+15	8.92061e+15	1.03446e+16	1.16329e+16	1.28209e+16	2.32759e+16	3.09742e+17	4.54038e+17	2.87457	4.71772	4.71772	4.71772	4.71772	4.71772	4.71772	4.71772	4.71772	4.71516	4.70516	4.69003	4.68986	4.68986	4.68986	
46800.9	6.85494e+17	2.79119e+17	1.22143e+17	7.72809e+16	1.54562e+17	2.31843e+17	3.09124e+17	3.86405e+17	4.63685e+17	5.41066e+17	6.18665e+17	6.96434e+17	7.5921e+17	3.35246e+17	8.60023e+15	6.30929e+15	5.37621e+15	2.35264e+15	1.48853e+15	2.97708e+15	4.4656e+15	5.95414e+15	7.44267e+15	8.93121e+15	1.03569e+16	1.16439e+16	1.28233e+16	2.3276e+16	3.09742e+17	4.54038e+17	2.83058	4.71806	4.71806	4.71806	4.71806	4.71806	4.71806	4.71806	4.71806	4.71571	4.70577	4.69005	4.68986	4.68986	4.68986	
47053.9	6.85496e+17	2.79108e+17	1.22139e+17	7.72781e+16	1.54556e+17	2.31834e+17	3.09112e+17	3.8639e+17	4.63668e+17	5.41046e+17	6.18647e+17	6.9643e+17	7.5921e+17	3.35247e+17	8.60023e+15	6.30812e+15	5.38269e+15	2.35547e+15	1.49033e+15	2.98066e+15	4.47099e+15	5.96132e+15	7.45165e+15	8.94198e+15	1.03694e+16	1.16553e+16	1.28259e+16	2.3276e+16	3.09743e+17	4.54038e+17	2.78773	4.71836	4.71836	4.71836	4.71836	4.71836	4.71836	4.71836	4.71836	4.71624	4.70639	4.69007	4.68986	4.68986	4.68986	
47304.3	6.85498e+17	2.79098e+17	1.22134e+17	7.72753e+16	1.54551e+17	2.31826e+17	3.09101e+17	3.86376e+17	4.63652e+17	5.41026e+17	6.18629e+17	6.96426e+17	7.59211e+17	3.35248e+17	8.60024e+15	6.30695e+15	5.38913e+15	2.35829e+15	1.49211e+15	2.98423e+15	4.47634e+15	5.96845e+15	7.46057e+15	8.95268e+15	1.03819e+16	1.1667e+16	1.28287e+16	2.3276e+16	3.09744e+17	4.54038e+17	2.7469	4.71858	4.71858	4.71858	4.71858	4.71858	4.71858	4.71858	4.71858	4.71673	4.70701	4.69009	4.68986	4.68986	4.68986	
47554.8	6.855e+17	2.79088e+17	1.2213e+17	7.72724e+16	1.54545e+17	2.31817e+17	3.0909e+17	3.86362e+17	4.63635e+17	5.41006e+17	6.1861e+17	6.96421e+17	7.59212e+17	3.35249e+17	8.60024e+15	6.30579e+15	5.3956e+15	2.36112e+15	1.4939e+15	2.98781e+15	4.48171e+15	5.97562e+15	7.46952e+15	8.96343e+15	1.03945e+16	1.16789e+16	1.28318e+16	2.3276e+16	3.09745e+17	4.54038e+17	2.70765	4.71874	4.71874	4.71874	4.71874	4.71874	4.71874	4.71874	4.71874	4.71718	4.70763	4.69011	4.68986	4.68986	4.68986	
47805	6.85502e+17	2.79078e+17	1.22125e+17	7.72696e+16	1.54539e+17	2.31809e+17	3.09078e+17	3.86348e+17	4.63618e+17	5.40986e+17	6.18591e+17	6.96416e+17	7.59212e+17	3.35249e+17	8.60024e+15	6.30464e+15	5.40208e+15	2.36396e+15	1.4957e+15	2.9914e+15	4.48709e+15	5.98279e+15	7.47849e+15	8.97419e+15	1.04073e+16	1.16912e+16	1.28353e+16	2.3276e+16	3.09745e+17	4.54038e+17	2.67003	4.71883	4.71883	4.71883	4.71883	4.71883	4.71883	4.71883	4.71883	4.71759	4.70826	4.69013	4.68986	4.68986	4.68986	
48055.1	6.85504e+17	2.79068e+17	1.22121e+17	7.72668e+16	1.54534e+17	2.318e+17	3.09067e+17	3.86334e+17	4.63601e+17	5.40966e+17	6.18571e+17	6.9641e+17	7.59213e+17	3.3525e+17	8.60024e+15	6.30349e+15	5.40857e+15	2.3668e+15	1.49749e+15	2.995e+15	4.49249e+15	5.98998e+15	7.48748e+15	8.98498e+15	1.04202e+16	1.17038e+16	1.28391e+16	2.32761e+16	3.09746e+17	4.54039e+17	2.63404	4.71883	4.71883	4.71883	4.71883	4.71883	4.71883	4.71883	4.71883	4.71795	4.70888	4.69016	4.68986	4.68986	4.68986	
48305.9	6.85506e+17	2.79057e+17	1.22116e+17	7.72639e+16	1.54528e+17	2.31792e+17	3.09056e+17	3.8632e+17	4.63584e+17	5.40945e+17	6.1855e+17	6.96403e+17	7.59213e+17	3.35251e+17	8.60024e+15	6.30234e+15	5.4151e+15	2.36966e+15	1.4993e+15	2.99861e+15	4.4979e+15	5.99721e+15	7.49651e+15	8.99581e+15	1.04333e+16	1.17167e+16	1.28432e+16	2.32761e+16	3.09747e+17	4.54039e+17	2.59952	4.71874	4.71874	4.71874	4.71874	4.71874	4.71874	4.71874	4.71874	4.71826	4.70951	4.69018	4.68986	4.68986	4.68986	
48556.5	6.85508e+17	2.79047e+17	1.22112e+17	7.72611e+16	1.54522e+17	2.31783e+17	3.09044e+17	3.86305e+17	4.63567e+17	5.40925e+17	6.18529e+17	6.96396e+17	7.59214e+17	3.35251e+17	8.60024e+15	6.3012e+15	5.42162e+15	2.37251e+15	1.50111e+15	3.00222e+15	4.50332e+15	6.00443e+15	7.50554e+15	9.00665e+15	1.04465e+16	1.173e+16	1.28478e+16	2.32761e+16	3.09747e+17	4.54039e+17	2.56664	4.71856	4.71856	4.71856	4.71856	4.71856	4.71856	4.71856	4.71856	4.7185	4.71013	4.69021	4.68986	4.68986	4.68986	
48807.3	6.8551e+17	2.79037e+17	1.22107e+17	7.72582e+16	1.54516e+17	2.31775e+17	3.09033e+17	3.86291e+17	4.63549e+17	5.40904e+17	6.18508e+17	6.96388e+17	7.59214e+17	3.35252e+17	8.60025e+15	6.30007e+15	5.42815e+15	2.37537e+15	1.50291e+15	3.00584e+15	4.50874e+15	6.01166e+15	7.51457e+15	9.01749e+15	1.04598e+16	1.17436e+16	1.28528e+16	2.32761e+16	3.09748e+17	4.54039e+17	2.53529	4.71827	4.71827	4.71827	4.71827	4.71827	4.71827	4.71827	4.71827	4.71869	4.71074	4.69024	4.68986	4.68986	4.68986	
49057.9	6.85512e+17	2.79027e+17	1.22103e+17	7.72554e+16	1.54511e+17	2.31766e+17	3.09022e+17	3.86277e+17	4.63532e+17	5.40882e+17	6.18486e+17	6.9638e+17	7.59215e+17	3.35253e+17	8.60025e+15	6.29895e+15	5.43466e+15	2.37822e+15	1.50472e+15	3.00945e+15	4.51416e+15	6.01888e+15	7.5236e+15	9.02832e+15	1.04732e+16	1.17575e+16	1.28583e+16	2.32761e+16	3.09748e+17	4.54039e+17	2.50552	4.71787	4.71787	4.71787	4.71787	4.71787	4.71787	4.71787	4.71787	4.7188	4.71134	4.69027	4.68986	4.68986	4.68986	
49308.2	6.85514e+17	2.79016e+17	1.22098e+17	7.72526e+16	1.54505e+17	2.31758e+17	3.0901e+17	3.86263e+17	4.63515e+17	5.40861e+17	6.18463e+17	6.9637e+17	7.59215e+17	3.35253e+17	8.60025e+15	6.29784e+15	5.44117e+15	2.38107e+15	1.50652e+15	3.01305e+15	4.51956e+15	6.02609e+15	7.53261e+15	9.03914e+15	1.04868e+16	1.17718e+16	1.28644e+16	2.32761e+16	3.09749e+17	4.54039e+17	2.47728	4.71735	4.71735	4.71735	4.71735	4.71735	4.71735	4.71735	4.71735	4.71883	4.71193	4.6903	4.68986	4.68986	4.68986	
49558.7	6.85515e+17	2.79006e+17	1.22094e+17	7.72497e+16	1.54499e+17	2.31749e+17	3.08999e+17	3.86249e+17	4.63498e+17	5.40839e+17	6.1844e+17	6.9636e+17	7.59215e+17	3.35254e+17	8.60025e+15	6.29674e+15	5.44767e+15	2.38391e+15	1.50832e+15	3.01665e+15	4.52496e+15	6.03328e+15	7.5416e+15	9.04993e+15	1.05004e+16	1.17865e+16	1.2871e+16	2.32761e+16	3.09749e+17	4.54039e+17	2.45052	4.7167	4.7167	4.7167	4.7167	4.7167	4.7167	4.7167	4.7167	4.71877	4.71251	4.69033	4.68986	4.68986	4.68986	
49809.6	6.85517e+17	2.78996e+17	1.22089e+17	7.72469e+16	1.54494e+17	2.31741e+17	3.08988e+17	3.86234e+17	4.63481e+17	5.40818e+17	6.18417e+17	6.96348e+17	7.59216e+17	3.35254e+17	8.60025e+15	6.29565e+15	5.45417e+15	2.38675e+15	1.51012e+15	3.02024e+15	4.53036e+15	6.04048e+15	7.5506e+15	9.06072e+15	1.05142e+16	1.18017e+16	1.28782e+16	2.32762e+16	3.0975e+17	4.54039e+17	2.42515	4.71591	4.71591	4.71591	4.71591	4.71591	4.71591	4.71591	4.71591	4.71862	4.71306	4.69035	4.68986	4.68986	4.68986	
50060.8	6.85519e+17	2.78986e+17	1.22085e+17	7.72441e+16	1.54488e+17	2.31732e+17	3.08976e+17	3.8622e+17	4.63464e+17	5.40796e+17	6.18392e+17	6.96336e+17	7.59216e+17	3.35255e+17	8.60025e+15	6.29458e+15	5.46065e+15	2.38959e+15	1.51191e+15	3.02383e+15	4.53574e+15	6.04766e+15	7.55957e+15	9.07149e+15	1.05282e+16	1.18172e+16	1.28861e+16	2.32762e+16	3.09751e+17	4.54039e+17	2.40117	4.71497	4.71497	4.71497	4.71497	4.71497	4.71497	4.71497	4.71497	4.71837	4.7136	4.69038	4.68986	4.68986	4.68986	
50311.2	6.85521e+17	2.78975e+17	1.2208e+17	7.72413e+16	1.54483e+17	2.31724e+17	3.08965e+17	3.86206e+17	4.63448e+17	5.40774e+17	6.18367e+17	6.96322e+17	7.59216e+17	3.35256e+17	8.60025e+15	6.29351e+15	5.46709e+15	2.39241e+15	1.5137e+15	3.0274e+15	4.54109e+15	6.05479e+15	7.56849e+15	9.08219e+15	1.05422e+16	1.18331e+16	1.28948e+16	2.32762e+16	3.09751e+17	4.54039e+17	2.37864	4.71387	4.71387	4.71387	4.71387	4.71387	4.71387	4.71387	4.71387	4.71801	4.7141	4.69041	4.68986	4.68986	4.68986	
50561.8	6.85523e+17	2.78965e+17	1.22076e+17	7.72385e+16	1.54477e+17	2.31715e+17	3.08954e+17	3.86192e+17	4.63431e+17	5.40751e+17	6.18341e+17	6.96308e+17	7.59216e+17	3.35256e+17	8.60026e+15	6.29246e+15	5.47351e+15	2.39522e+15	1.51547e+15	3.03095e+15	4.54642e+15	6.0619e+15	7.57737e+15	9.09285e+15	1.05563e+16	1.18495e+16	1.29042e+16	2.32762e+16	3.09752e+17	4.54039e+17	2.35741	4.7126	4.7126	4.7126	4.7126	4.7126	4.7126	4.7126	4.7126	4.71753	4.71457	4.69043	4.68986	4.68986	4.68986	
50812.9	6.85525e+17	2.78955e+17	1.22072e+17	7.72357e+16	1.54471e+17	2.31707e+17	3.08943e+17	3.86178e+17	4.63414e+17	5.40729e+17	6.18315e+17	6.96291e+17	7.59217e+17	3.35257e+17	8.60026e+15	6.29143e+15	5.47991e+15	2.39802e+15	1.51725e+15	3.0345e+15	4.55174e+15	6.06898e+15	7.58623e+15	9.10348e+15	1.05706e+16	1.18663e+16	1.29145e+16	2.32762e+16	3.09752e+17	4.54039e+17	2.33741	4.71115	4.71115	4.71115	4.71115	4.71115	4.71115	4.71115	4.71115	4.71692	4.71501	4.69046	4.68986	4.68986	4.68986	
51064.4	6.85526e+17	2.78945e+17	1.22067e+17	7.72329e+16	1.54466e+17	2.31699e+17	3.08932e+17	3.86164e+17	4.63397e+17	5.40706e+17	6.18287e+17	6.96274e+17	7.59217e+17	3.35257e+17	8.60026e+15	6.2904e+15	5.48628e+15	2.40081e+15	1.51901e+15	3.03802e+15	4.55703e+15	6.07604e+15	7.59505e+15	9.11406e+15	1.0585e+16	1.18837e+16	1.29257e+16	2.32762e+16	3.09752e+17	4.54039e+17	2.31864	4.7095	4.7095	4.7095	4.7095	4.7095	4.7095	4.7095	4.7095	4.71617	4.7154	4.69048	4.68986	4.68986	4.68986	
51314.8	6.85528e+17	2.78935e+17	1.22063e+17	7.72301e+16	1.5446e+17	2.3169e+17	3.08921e+17	3.86151e+17	4.63381e+17	5.40683e+17	6.18259e+17	6.96254e+17	7.59217e+17	3.35258e+17	8.60026e+15	6.28939e+15	5.49258e+15	2.40357e+15	1.52076e+15	3.04152e+15	4.56227e+15	6.08303e+15	7.60378e+15	9.12454e+15	1.05994e+16	1.19014e+16	1.29379e+16	2.32762e+16	3.09753e+17	4.54039e+17	2.30112	4.70766	4.70766	4.70766	4.70766	4.70766	4.70766	4.70766	4.70766	4.71528	4.71575	4.69049	4.68986	4.68986	4.68986	
51566.2	6.8553e+17	2.78925e+17	1.22058e+17	7.72274e+16	1.54455e+17	2.31682e+17	3.0891e+17	3.86137e+17	4.63364e+17	5.4066e+17	6.1823e+17	6.96234e+17	7.59217e+17	3.35258e+17	8.60026e+15	6.2884e+15	5.49887e+15	2.40632e+15	1.5225e+15	3.045e+15	4.56749e+15	6.08999e+15	7.61249e+15	9.13499e+15	1.0614e+16	1.19198e+16	1.29512e+16	2.32762e+16	3.09753e+17	4.5404e+17	2.28468	4.7056	4.7056	4.7056	4.7056	4.7056	4.7056	4.7056	4.7056	4.71422	4.71605	4.6905	4.68986	4.68986	4.68986	
51816.8	6.85531e+17	2.78916e+17	1.22054e+17	7.72247e+16	1.54449e+17	2.31674e+17	3.08899e+17	3.86123e+17	4.63348e+17	5.40637e+17	6.18201e+17	6.96211e+17	7.59217e+17	3.35258e+17	8.60026e+15	6.28742e+15	5.50509e+15	2.40904e+15	1.52422e+15	3.04844e+15	4.57266e+15	6.09688e+15	7.6211e+15	9.14532e+15	1.06287e+16	1.19386e+16	1.29657e+16	2.32762e+16	3.09754e+17	4.5404e+17	2.26938	4.70332	4.70332	4.70332	4.70332	4.70332	4.70332	4.70332	4.70332	4.71301	4.71628	4.6905	4.68986	4.68986	4.68986	
52068	6.85533e+17	2.78906e+17	1.2205e+17	7.7222e+16	1.54444e+17	2.31666e+17	3.08888e+17	3.8611e+17	4.63332e+17	5.40614e+17	6.1817e+17	6.96186e+17	7.59217e+17	3.35259e+17	8.60026e+15	6.28645e+15	5.51128e+15	2.41175e+15	1.52593e+15	3.05187e+15	4.5778e+15	6.10373e+15	7.62967e+15	9.15561e+15	1.06436e+16	1.1958e+16	1.29814e+16	2.32763e+16	3.09754e+17	4.5404e+17	2.2551	4.7008	4.7008	4.7008	4.7008	4.7008	4.7008	4.7008	4.7008	4.71161	4.71645	4.69049	4.68986	4.68986	4.68986	
52319	6.85535e+17	2.78896e+17	1.22046e+17	7.72193e+16	1.54439e+17	2.31658e+17	3.08877e+17	3.86096e+17	4.63316e+17	5.4059e+17	6.18139e+17	6.96159e+17	7.59217e+17	3.35259e+17	8.60026e+15	6.28549e+15	5.51741e+15	2.41443e+15	1.52763e+15	3.05526e+15	4.58289e+15	6.11052e+15	7.63815e+15	9.16579e+15	1.06585e+16	1.1978e+16	1.29984e+16	2.32763e+16	3.09754e+17	4.5404e+17	2.24182	4.69803	4.69803	4.69803	4.69803	4.69803	4.69803	4.69803	4.69803	4.71003	4.71655	4.69047	4.68986	4.68986	4.68986	
52570.6	6.85536e+17	2.78887e+17	1.22041e+17	7.72166e+16	1.54433e+17	2.3165e+17	3.08867e+17	3.86083e+17	4.633e+17	5.40567e+17	6.18106e+17	6.9613e+17	7.59217e+17	3.3526e+17	8.60026e+15	6.28455e+15	5.5235e+15	2.41709e+15	1.52932e+15	3.05864e+15	4.58795e+15	6.11726e+15	7.64658e+15	9.1759e+15	1.06736e+16	1.19986e+16	1.30169e+16	2.32763e+16	3.09755e+17	4.5404e+17	2.22947	4.695	4.695	4.695	4.695	4.695	4.695	4.695	4.695	4.70824	4.71657	4.69044	4.68986	4.68986	4.68986	
52821.4	6.85538e+17	2.78877e+17	1.22037e+17	7.7214e+16	1.54428e+17	2.31642e+17	3.08856e+17	3.8607e+17	4.63284e+17	5.40543e+17	6.18073e+17	6.96099e+17	7.59217e+17	3.3526e+17	8.60026e+15	6.28363e+15	5.52951e+15	2.41972e+15	1.53098e+15	3.06196e+15	4.59294e+15	6.12392e+15	7.6549e+15	9.18588e+15	1.06887e+16	1.20198e+16	1.30369e+16	2.32763e+16	3.09755e+17	4.5404e+17	2.21807	4.6917	4.6917	4.6917	4.6917	4.6917	4.6917	4.6917	4.6917	4.70624	4.71651	4.6904	4.68986	4.68986	4.68986	
53072.3	6.8554e+17	2.78868e+17	1.22033e+17	7.72114e+16	1.54423e+17	2.31634e+17	3.08846e+17	3.86057e+17	4.63269e+17	5.40519e+17	6.18038e+17	6.96064e+17	7.59217e+17	3.3526e+17	8.60027e+15	6.28272e+15	5.53546e+15	2.42233e+15	1.53263e+15	3.06526e+15	4.59788e+15	6.13051e+15	7.66313e+15	9.19576e+15	1.0704e+16	1.20417e+16	1.30585e+16	2.32763e+16	3.09755e+17	4.5404e+17	2.20752	4.68812	4.68812	4.68812	4.68812	4.68812	4.68812	4.68812	4.68812	4.70403	4.71635	4.69033	4.68986	4.68986	4.68986	
53323.6	6.85541e+17	2.78858e+17	1.22029e+17	7.72089e+16	1.54418e+17	2.31627e+17	3.08835e+17	3.86044e+17	4.63253e+17	5.40494e+17	6.18002e+17	6.96028e+17	7.59217e+17	3.35261e+17	8.60027e+15	6.28182e+15	5.54135e+15	2.42491e+15	1.53426e+15	3.06852e+15	4.60278e+15	6.13703e+15	7.67129e+15	9.20555e+15	1.07193e+16	1.20642e+16	1.30819e+16	2.32764e+16	3.09756e+17	4.5404e+17	2.19777	4.68424	4.68424	4.68424	4.68424	4.68424	4.68424	4.68424	4.68424	4.70157	4.71609	4.69025	4.68986	4.68986	4.68986	
53575.3	6.85543e+17	2.78849e+17	1.22025e+17	7.72063e+16	1.54413e+17	2.31619e+17	3.08825e+17	3.86032e+17	4.63238e+17	5.4047e+17	6.17966e+17	6.95988e+17	7.59217e+17	3.35261e+17	8.60027e+15	6.28093e+15	5.54718e+15	2.42746e+15	1.53587e+15	3.07175e+15	4.60762e+15	6.14349e+15	7.67937e+15	9.21525e+15	1.07349e+16	1.20875e+16	1.31073e+16	2.32764e+16	3.09756e+17	4.5404e+17	2.18879	4.68004	4.68004	4.68004	4.68004	4.68004	4.68004	4.68004	4.68004	4.69887	4.71571	4.69015	4.68986	4.68986	4.68986	
53826.2	6.85544e+17	2.7884e+17	1.22021e+17	7.72038e+16	1.54408e+17	2.31611e+17	3.08815e+17	3.86019e+17	4.63223e+17	5.40445e+17	6.17928e+17	6.95945e+17	7.59217e+17	3.35261e+17	8.60027e+15	6.28006e+15	5.55293e+15	2.42997e+15	1.53746e+15	3.07493e+15	4.61239e+15	6.14986e+15	7.68732e+15	9.22479e+15	1.07505e+16	1.21115e+16	1.31345e+16	2.32764e+16	3.09756e+17	4.5404e+17	2.18058	4.67554	4.67554	4.67554	4.67554	4.67554	4.67554	4.67554	4.67554	4.69592	4.71522	4.69001	4.68986	4.68986	4.68986	
54077.2	6.85546e+17	2.78831e+17	1.22017e+17	7.72013e+16	1.54403e+17	2.31604e+17	3.08805e+17	3.86007e+17	4.63208e+17	5.4042e+17	6.17889e+17	6.95898e+17	7.59217e+17	3.35261e+17	8.60027e+15	6.27921e+15	5.5586e+15	2.43246e+15	1.53903e+15	3.07807e+15	4.61711e+15	6.15614e+15	7.69518e+15	9.23421e+15	1.07662e+16	1.21362e+16	1.31639e+16	2.32765e+16	3.09756e+17	4.5404e+17	2.17305	4.67071	4.67071	4.67071	4.67071	4.67071	4.67071	4.67071	4.67071	4.6927	4.71459	4.68985	4.68986	4.68986	4.68986	
54328.8	6.85547e+17	2.78822e+17	1.22013e+17	7.71989e+16	1.54398e+17	2.31597e+17	3.08796e+17	3.85994e+17	4.63193e+17	5.40395e+17	6.17848e+17	6.95848e+17	7.59217e+17	3.35262e+17	8.60027e+15	6.27836e+15	5.56421e+15	2.43491e+15	1.54059e+15	3.08118e+15	4.62177e+15	6.16235e+15	7.70294e+15	9.24354e+15	1.07821e+16	1.21618e+16	1.31956e+16	2.32765e+16	3.09757e+17	4.5404e+17	2.16618	4.66552	4.66552	4.66552	4.66552	4.66552	4.66552	4.66552	4.66552	4.68918	4.71383	4.68966	4.68986	4.68986	4.68986	
54580.6	6.85549e+17	2.78814e+17	1.2201e+17	7.71965e+16	1.54393e+17	2.31589e+17	3.08786e+17	3.85982e+17	4.63179e+17	5.4037e+17	6.17807e+17	6.95794e+17	7.59217e+17	3.35262e+17	8.60027e+15	6.27752e+15	5.56975e+15	2.43733e+15	1.54212e+15	3.08425e+15	4.62637e+15	6.16849e+15	7.71061e+15	9.25274e+15	1.0798e+16	1.21882e+16	1.32297e+16	2.32766e+16	3.09757e+17	4.5404e+17	2.15992	4.65997	4.65997	4.65997	4.65997	4.65997	4.65997	4.65997	4.65997	4.68537	4.71292	4.68943	4.68986	4.68986	4.68986	
54831.9	6.8555e+17	2.78805e+17	1.22006e+17	7.71941e+16	1.54388e+17	2.31582e+17	3.08776e+17	3.8597e+17	4.63165e+17	5.40345e+17	6.17764e+17	6.95737e+17	7.59216e+17	3.35262e+17	8.60027e+15	6.2767e+15	5.5752e+15	2.43972e+15	1.54363e+15	3.08726e+15	4.63089e+15	6.17452e+15	7.71815e+15	9.26178e+15	1.08141e+16	1.22154e+16	1.32663e+16	2.32767e+16	3.09757e+17	4.5404e+17	2.15426	4.65406	4.65406	4.65406	4.65406	4.65406	4.65406	4.65406	4.65406	4.68127	4.71185	4.68916	4.68986	4.68986	4.68986	
55082.6	6.85552e+17	2.78797e+17	1.22002e+17	7.71918e+16	1.54383e+17	2.31575e+17	3.08767e+17	3.85959e+17	4.63151e+17	5.40319e+17	6.1772e+17	6.95675e+17	7.59216e+17	3.35262e+17	8.60027e+15	6.27589e+15	5.58055e+15	2.44206e+15	1.54511e+15	3.09023e+15	4.63533e+15	6.18044e+15	7.72556e+15	9.27067e+15	1.08303e+16	1.22434e+16	1.33054e+16	2.32768e+16	3.09757e+17	4.5404e+17	2.14918	4.64779	4.64779	4.64779	4.64779	4.64779	4.64779	4.64779	4.64779	4.67685	4.71061	4.68884	4.68986	4.68986	4.68986	
55334.3	6.85553e+17	2.78788e+17	1.21998e+17	7.71894e+16	1.54379e+17	2.31568e+17	3.08758e+17	3.85947e+17	4.63137e+17	5.40294e+17	6.17674e+17	6.95608e+17	7.59216e+17	3.35263e+17	8.60027e+15	6.2751e+15	5.58583e+15	2.44437e+15	1.54658e+15	3.09315e+15	4.63973e+15	6.1863e+15	7.73288e+15	9.27946e+15	1.08466e+16	1.22724e+16	1.33475e+16	2.32769e+16	3.09757e+17	4.5404e+17	2.14459	4.64111	4.64111	4.64111	4.64111	4.64111	4.64111	4.64111	4.64111	4.67209	4.70918	4.68847	4.68986	4.68986	4.68986	
55585.6	6.85554e+17	2.7878e+17	1.21995e+17	7.71872e+16	1.54374e+17	2.31562e+17	3.08749e+17	3.85936e+17	4.63123e+17	5.40268e+17	6.17627e+17	6.95537e+17	7.59216e+17	3.35263e+17	8.60027e+15	6.27431e+15	5.59103e+15	2.44665e+15	1.54801e+15	3.09603e+15	4.64404e+15	6.19206e+15	7.74007e+15	9.28809e+15	1.0863e+16	1.23023e+16	1.33926e+16	2.3277e+16	3.09758e+17	4.5404e+17	2.14051	4.63404	4.63404	4.63404	4.63404	4.63404	4.63404	4.63404	4.63404	4.66699	4.70757	4.68804	4.68986	4.68986	4.68986	
55837.7	6.85556e+17	2.78772e+17	1.21991e+17	7.71849e+16	1.5437e+17	2.31555e+17	3.0874e+17	3.85925e+17	4.6311e+17	5.40242e+17	6.17578e+17	6.95461e+17	7.59215e+17	3.35263e+17	8.60027e+15	6.27353e+15	5.59615e+15	2.44889e+15	1.54943e+15	3.09887e+15	4.6483e+15	6.19773e+15	7.74716e+15	9.29659e+15	1.08795e+16	1.23331e+16	1.34408e+16	2.32772e+16	3.09758e+17	4.5404e+17	2.13688	4.62654	4.62654	4.62654	4.62654	4.62654	4.62654	4.62654	4.62654	4.66153	4.70574	4.68754	4.68986	4.68986	4.68986	
56089.1	6.85557e+17	2.78764e+17	1.21988e+17	7.71828e+16	1.54366e+17	2.31548e+17	3.08731e+17	3.85914e+17	4.63097e+17	5.40215e+17	6.17528e+17	6.9538e+17	7.59215e+17	3.35263e+17	8.60028e+15	6.27276e+15	5.60117e+15	2.45109e+15	1.55082e+15	3.10165e+15	4.65247e+15	6.20329e+15	7.75411e+15	9.30493e+15	1.08961e+16	1.23649e+16	1.34923e+16	2.32774e+16	3.09758e+17	4.5404e+17	2.1337	4.61864	4.61864	4.61864	4.61864	4.61864	4.61864	4.61864	4.61864	4.65571	4.7037	4.68698	4.68986	4.68986	4.68986	
56340.3	6.85558e+17	2.78756e+17	1.21985e+17	7.71806e+16	1.54361e+17	2.31542e+17	3.08722e+17	3.85903e+17	4.63084e+17	5.40189e+17	6.17476e+17	6.95293e+17	7.59214e+17	3.35263e+17	8.60028e+15	6.27201e+15	5.6061e+15	2.45324e+15	1.55218e+15	3.10437e+15	4.65656e+15	6.20874e+15	7.76093e+15	9.31311e+15	1.09128e+16	1.23976e+16	1.3547e+16	2.32776e+16	3.09758e+17	4.5404e+17	2.13093	4.61032	4.61032	4.61032	4.61032	4.61032	4.61032	4.61032	4.61032	4.64952	4.70144	4.68634	4.68986	4.68986	4.68986	
56591.5	6.8556e+17	2.78749e+17	1.21981e+17	7.71785e+16	1.54357e+17	2.31535e+17	3.08714e+17	3.85892e+17	4.63071e+17	5.40163e+17	6.17423e+17	6.95201e+17	7.59214e+17	3.35263e+17	8.60028e+15	6.27127e+15	5.61093e+15	2.45536e+15	1.55352e+15	3.10705e+15	4.66057e+15	6.2141e+15	7.76762e+15	9.32115e+15	1.09296e+16	1.24313e+16	1.36054e+16	2.32779e+16	3.09758e+17	4.5404e+17	2.12855	4.60156	4.60156	4.60156	4.60156	4.60156	4.60156	4.60156	4.60156	4.64294	4.69894	4.68562	4.68986	4.68986	4.68986	
56843.2	6.85561e+17	2.78741e+17	1.21978e+17	7.71764e+16	1.54353e+17	2.31529e+17	3.08706e+17	3.85882e+17	4.63059e+17	5.40136e+17	6.17368e+17	6.95103e+17	7.59213e+17	3.35263e+17	8.60028e+15	6.27053e+15	5.61568e+15	2.45743e+15	1.55484e+15	3.10968e+15	4.66452e+15	6.21936e+15	7.7742e+15	9.32904e+15	1.09466e+16	1.2466e+16	1.36676e+16	2.32782e+16	3.09758e+17	4.5404e+17	2.12653	4.59235	4.59235	4.59235	4.59235	4.59235	4.59235	4.59235	4.59235	4.63595	4.69618	4.68481	4.68986	4.68986	4.68986	
57095.2	6.85562e+17	2.78734e+17	1.21975e+17	7.71744e+16	1.54349e+17	2.31523e+17	3.08698e+17	3.85872e+17	4.63046e+17	5.40109e+17	6.17312e+17	6.94999e+17	7.59213e+17	3.35264e+17	8.60028e+15	6.2698e+15	5.62034e+15	2.45947e+15	1.55613e+15	3.11226e+15	4.66839e+15	6.22452e+15	7.78065e+15	9.33678e+15	1.09636e+16	1.25018e+16	1.37337e+16	2.32785e+16	3.09758e+17	4.54041e+17	2.12485	4.58266	4.58266	4.58266	4.58266	4.58266	4.58266	4.58266	4.58266	4.62854	4.69315	4.68389	4.68986	4.68986	4.68986	
57346.5	6.85564e+17	2.78727e+17	1.21972e+17	7.71724e+16	1.54345e+17	2.31517e+17	3.0869e+17	3.85862e+17	4.63034e+17	5.40082e+17	6.17254e+17	6.94888e+17	7.59212e+17	3.35264e+17	8.60028e+15	6.26908e+15	5.62489e+15	2.46147e+15	1.55739e+15	3.11478e+15	4.67217e+15	6.22956e+15	7.78695e+15	9.34434e+15	1.09807e+16	1.25386e+16	1.38037e+16	2.32789e+16	3.09759e+17	4.54041e+17	2.12349	4.57254	4.57254	4.57254	4.57254	4.57254	4.57254	4.57254	4.57254	4.62074	4.68986	4.68287	4.68985	4.68986	4.68986	
57597.8	6.85565e+17	2.7872e+17	1.21968e+17	7.71705e+16	1.54341e+17	2.31511e+17	3.08682e+17	3.85852e+17	4.63023e+17	5.40055e+17	6.17194e+17	6.94771e+17	7.59211e+17	3.35264e+17	8.60028e+15	6.26837e+15	5.62935e+15	2.46342e+15	1.55862e+15	3.11725e+15	4.67587e+15	6.2345e+15	7.79312e+15	9.35175e+15	1.09978e+16	1.25764e+16	1.38778e+16	2.32794e+16	3.09759e+17	4.54041e+17	2.12244	4.56196	4.56196	4.56196	4.56196	4.56196	4.56196	4.56196	4.56196	4.61251	4.68627	4.68174	4.68985	4.68986	4.68986	
57849.6	6.85566e+17	2.78713e+17	1.21965e+17	7.71686e+16	1.54337e+17	2.31506e+17	3.08674e+17	3.85843e+17	4.63011e+17	5.40028e+17	6.17132e+17	6.94647e+17	7.5921e+17	3.35264e+17	8.60028e+15	6.26767e+15	5.63372e+15	2.46533e+15	1.55983e+15	3.11967e+15	4.6795e+15	6.23934e+15	7.79917e+15	9.35901e+15	1.10151e+16	1.26153e+16	1.39565e+16	2.32799e+16	3.09759e+17	4.54041e+17	2.12167	4.55088	4.55088	4.55088	4.55088	4.55088	4.55088	4.55088	4.55088	4.60382	4.68238	4.68048	4.68985	4.68986	4.68986	
58101.5	6.85567e+17	2.78706e+17	1.21963e+17	7.71667e+16	1.54333e+17	2.315e+17	3.08667e+17	3.85833e+17	4.63e+17	5.4e+17	6.17069e+17	6.94515e+17	7.59209e+17	3.35264e+17	8.60028e+15	6.26698e+15	5.638e+15	2.4672e+15	1.56102e+15	3.12204e+15	4.68305e+15	6.24407e+15	7.80509e+15	9.36611e+15	1.10324e+16	1.26553e+16	1.40395e+16	2.32805e+16	3.09759e+17	4.54041e+17	2.12116	4.53931	4.53931	4.53931	4.53931	4.53931	4.53931	4.53931	4.53931	4.59469	4.67816	4.67908	4.68985	4.68986	4.68986	
58353	6.85569e+17	2.787e+17	1.2196e+17	7.71649e+16	1.5433e+17	2.31495e+17	3.0866e+17	3.85824e+17	4.62989e+17	5.39973e+17	6.17005e+17	6.94377e+17	7.59207e+17	3.35264e+17	8.60028e+15	6.26629e+15	5.64217e+15	2.46903e+15	1.56217e+15	3.12435e+15	4.68652e+15	6.24869e+15	7.81087e+15	9.37304e+15	1.10498e+16	1.26963e+16	1.41271e+16	2.32812e+16	3.09759e+17	4.54041e+17	2.12091	4.52728	4.52728	4.52728	4.52728	4.52728	4.52728	4.52728	4.52728	4.58511	4.67363	4.67754	4.68984	4.68986	4.68986	
58604.3	6.8557e+17	2.78693e+17	1.21957e+17	7.71631e+16	1.54326e+17	2.31489e+17	3.08652e+17	3.85816e+17	4.62979e+17	5.39946e+17	6.16938e+17	6.94231e+17	7.59206e+17	3.35264e+17	8.60028e+15	6.26562e+15	5.64624e+15	2.47081e+15	1.5633e+15	3.1266e+15	4.6899e+15	6.2532e+15	7.8165e+15	9.3798e+15	1.10672e+16	1.27383e+16	1.42193e+16	2.3282e+16	3.09759e+17	4.54041e+17	2.12089	4.51477	4.51477	4.51477	4.51477	4.51477	4.51477	4.51477	4.51477	4.57508	4.66876	4.67584	4.68984	4.68986	4.68986	
58856.4	6.85571e+17	2.78687e+17	1.21954e+17	7.71614e+16	1.54323e+17	2.31484e+17	3.08645e+17	3.85807e+17	4.62968e+17	5.39918e+17	6.1687e+17	6.94077e+17	7.59204e+17	3.35264e+17	8.60028e+15	6.26495e+15	5.65022e+15	2.47255e+15	1.5644e+15	3.12881e+15	4.69321e+15	6.25761e+15	7.82202e+15	9.38642e+15	1.10847e+16	1.27814e+16	1.43167e+16	2.32829e+16	3.09759e+17	4.54041e+17	2.12109	4.50173	4.50173	4.50173	4.50173	4.50173	4.50173	4.50173	4.50173	4.56454	4.66352	4.67398	4.68983	4.68986	4.68986	
59108.2	6.85572e+17	2.78681e+17	1.21951e+17	7.71597e+16	1.54319e+17	2.31479e+17	3.08639e+17	3.85798e+17	4.62958e+17	5.3989e+17	6.168e+17	6.93916e+17	7.59203e+17	3.35264e+17	8.60028e+15	6.26428e+15	5.65411e+15	2.47425e+15	1.56548e+15	3.13096e+15	4.69644e+15	6.26191e+15	7.82739e+15	9.39287e+15	1.11022e+16	1.28256e+16	1.44189e+16	2.32839e+16	3.09759e+17	4.54041e+17	2.1215	4.48821	4.48821	4.48821	4.48821	4.48821	4.48821	4.48821	4.48821	4.55354	4.65792	4.67194	4.68983	4.68986	4.68986	
59360.2	6.85573e+17	2.78675e+17	1.21949e+17	7.7158e+16	1.54316e+17	2.31474e+17	3.08632e+17	3.8579e+17	4.62948e+17	5.39863e+17	6.16729e+17	6.93746e+17	7.59201e+17	3.35264e+17	8.60028e+15	6.26362e+15	5.65789e+15	2.47591e+15	1.56653e+15	3.13306e+15	4.69958e+15	6.26611e+15	7.83263e+15	9.39916e+15	1.11197e+16	1.28708e+16	1.45262e+16	2.32851e+16	3.09759e+17	4.54041e+17	2.1221	4.47419	4.47419	4.47419	4.47419	4.47419	4.47419	4.47419	4.47419	4.54206	4.65194	4.66971	4.68982	4.68986	4.68986	
59611.9	6.85574e+17	2.78669e+17	1.21946e+17	7.71564e+16	1.54313e+17	2.31469e+17	3.08626e+17	3.85782e+17	4.62939e+17	5.39835e+17	6.16656e+17	6.93569e+17	7.59198e+17	3.35264e+17	8.60028e+15	6.26297e+15	5.66158e+15	2.47752e+15	1.56755e+15	3.1351e+15	4.70264e+15	6.27019e+15	7.83773e+15	9.40528e+15	1.11372e+16	1.2917e+16	1.46386e+16	2.32864e+16	3.09759e+17	4.54041e+17	2.12288	4.45968	4.45968	4.45968	4.45968	4.45968	4.45968	4.45968	4.45968	4.53009	4.64557	4.66728	4.68982	4.68986	4.68986	
59863.4	6.85576e+17	2.78663e+17	1.21944e+17	7.71549e+16	1.5431e+17	2.31465e+17	3.08619e+17	3.85774e+17	4.62929e+17	5.39807e+17	6.16582e+17	6.93383e+17	7.59196e+17	3.35264e+17	8.60028e+15	6.26233e+15	5.66516e+15	2.47909e+15	1.56854e+15	3.13708e+15	4.70562e+15	6.27416e+15	7.84269e+15	9.41123e+15	1.11547e+16	1.29641e+16	1.47562e+16	2.32879e+16	3.09759e+17	4.54041e+17	2.12383	4.44468	4.44468	4.44468	4.44468	4.44468	4.44468	4.44468	4.44468	4.51765	4.63881	4.66464	4.68981	4.68986	4.68986	
60114.9	6.85577e+17	2.78658e+17	1.21941e+17	7.71533e+16	1.54307e+17	2.3146e+17	3.08613e+17	3.85767e+17	4.6292e+17	5.3978e+17	6.16506e+17	6.93189e+17	7.59193e+17	3.35264e+17	8.60028e+15	6.26169e+15	5.66864e+15	2.48061e+15	1.5695e+15	3.13901e+15	4.70851e+15	6.27802e+15	7.84752e+15	9.41703e+15	1.11722e+16	1.30122e+16	1.4879e+16	2.32895e+16	3.09759e+17	4.54041e+17	2.12495	4.42919	4.42919	4.42919	4.42919	4.42919	4.42919	4.42919	4.42919	4.50471	4.63164	4.66178	4.6898	4.68986	4.68986	
60366.9	6.85578e+17	2.78653e+17	1.21939e+17	7.71519e+16	1.54304e+17	2.31456e+17	3.08607e+17	3.85759e+17	4.62911e+17	5.39752e+17	6.16428e+17	6.92985e+17	7.5919e+17	3.35264e+17	8.60029e+15	6.26106e+15	5.67204e+15	2.4821e+15	1.57044e+15	3.14089e+15	4.71133e+15	6.28178e+15	7.85222e+15	9.42267e+15	1.11898e+16	1.30613e+16	1.50075e+16	2.32914e+16	3.09759e+17	4.54041e+17	2.12622	4.41318	4.41318	4.41318	4.41318	4.41318	4.41318	4.41318	4.41318	4.49125	4.62404	4.65868	4.68979	4.68986	4.68986	
60619.2	6.85579e+17	2.78647e+17	1.21937e+17	7.71504e+16	1.54301e+17	2.31451e+17	3.08602e+17	3.85752e+17	4.62903e+17	5.39725e+17	6.16349e+17	6.92773e+17	7.59186e+17	3.35264e+17	8.60029e+15	6.26043e+15	5.67534e+15	2.48354e+15	1.57136e+15	3.14272e+15	4.71407e+15	6.28543e+15	7.85679e+15	9.42815e+15	1.12073e+16	1.31113e+16	1.51416e+16	2.32935e+16	3.09759e+17	4.54041e+17	2.12763	4.39665	4.39665	4.39665	4.39665	4.39665	4.39665	4.39665	4.39665	4.47727	4.61598	4.65532	4.68977	4.68986	4.68986	
60870.6	6.8558e+17	2.78642e+17	1.21935e+17	7.7149e+16	1.54298e+17	2.31447e+17	3.08596e+17	3.85745e+17	4.62894e+17	5.39697e+17	6.16269e+17	6.92554e+17	7.59182e+17	3.35264e+17	8.60029e+15	6.25981e+15	5.67853e+15	2.48494e+15	1.57224e+15	3.14449e+15	4.71673e+15	6.28897e+15	7.86121e+15	9.43346e+15	1.12246e+16	1.31621e+16	1.52807e+16	2.32958e+16	3.09759e+17	4.54041e+17	2.12916	4.37969	4.37969	4.37969	4.37969	4.37969	4.37969	4.37969	4.37969	4.46284	4.60752	4.65171	4.68976	4.68986	4.68986	
61122.2	6.85581e+17	2.78637e+17	1.21932e+17	7.71477e+16	1.54295e+17	2.31443e+17	3.08591e+17	3.85738e+17	4.62886e+17	5.3967e+17	6.16187e+17	6.92325e+17	7.59178e+17	3.35264e+17	8.60029e+15	6.2592e+15	5.68164e+15	2.4863e+15	1.5731e+15	3.1462e+15	4.7193e+15	6.2924e+15	7.8655e+15	9.43861e+15	1.1242e+16	1.32137e+16	1.54254e+16	2.32985e+16	3.09759e+17	4.54041e+17	2.13083	4.36223	4.36223	4.36223	4.36223	4.36223	4.36223	4.36223	4.36223	4.44789	4.59859	4.64783	4.68974	4.68986	4.68986	
61374.3	6.85582e+17	2.78633e+17	1.2193e+17	7.71464e+16	1.54293e+17	2.31439e+17	3.08585e+17	3.85732e+17	4.62878e+17	5.39642e+17	6.16104e+17	6.92087e+17	7.59173e+17	3.35264e+17	8.60029e+15	6.25859e+15	5.68465e+15	2.48762e+15	1.57393e+15	3.14787e+15	4.7218e+15	6.29574e+15	7.86967e+15	9.44361e+15	1.12593e+16	1.32663e+16	1.55759e+16	2.33014e+16	3.09759e+17	4.54041e+17	2.13261	4.34425	4.34425	4.34425	4.34425	4.34425	4.34425	4.34425	4.34425	4.43242	4.58919	4.64365	4.68973	4.68986	4.68986	
61626.7	6.85583e+17	2.78628e+17	1.21928e+17	7.71451e+16	1.5429e+17	2.31435e+17	3.0858e+17	3.85726e+17	4.62871e+17	5.39615e+17	6.1602e+17	6.9184e+17	7.59168e+17	3.35264e+17	8.60029e+15	6.25798e+15	5.68757e+15	2.48889e+15	1.57474e+15	3.14949e+15	4.72423e+15	6.29897e+15	7.87372e+15	9.44846e+15	1.12765e+16	1.33196e+16	1.57321e+16	2.33046e+16	3.09759e+17	4.54041e+17	2.13451	4.32577	4.32577	4.32577	4.32577	4.32577	4.32577	4.32577	4.32577	4.41642	4.5793	4.63917	4.68971	4.68986	4.68986	
61878.1	6.85585e+17	2.78624e+17	1.21926e+17	7.71439e+16	1.54288e+17	2.31432e+17	3.08576e+17	3.85719e+17	4.62863e+17	5.39588e+17	6.15935e+17	6.91585e+17	7.59162e+17	3.35264e+17	8.60029e+15	6.25738e+15	5.69038e+15	2.49012e+15	1.57552e+15	3.15105e+15	4.72657e+15	6.30209e+15	7.87761e+15	9.45314e+15	1.12935e+16	1.33734e+16	1.58932e+16	2.33082e+16	3.09759e+17	4.54041e+17	2.13651	4.30689	4.30689	4.30689	4.30689	4.30689	4.30689	4.30689	4.30689	4.39999	4.56897	4.63438	4.68968	4.68986	4.68986	
62130.4	6.85586e+17	2.78619e+17	1.21925e+17	7.71427e+16	1.54285e+17	2.31428e+17	3.08571e+17	3.85713e+17	4.62856e+17	5.39562e+17	6.15848e+17	6.91321e+17	7.59155e+17	3.35264e+17	8.60029e+15	6.25678e+15	5.69311e+15	2.49132e+15	1.57628e+15	3.15256e+15	4.72884e+15	6.30511e+15	7.88139e+15	9.45767e+15	1.13105e+16	1.34281e+16	1.60602e+16	2.33122e+16	3.09759e+17	4.54041e+17	2.13861	4.28748	4.28748	4.28748	4.28748	4.28748	4.28748	4.28748	4.28748	4.383	4.55812	4.62926	4.68966	4.68986	4.68986	
62381.9	6.85587e+17	2.78615e+17	1.21923e+17	7.71415e+16	1.54283e+17	2.31425e+17	3.08566e+17	3.85708e+17	4.62849e+17	5.39535e+17	6.15761e+17	6.91049e+17	7.59148e+17	3.35264e+17	8.60029e+15	6.25619e+15	5.69574e+15	2.49247e+15	1.57701e+15	3.15402e+15	4.73102e+15	6.30803e+15	7.88504e+15	9.46204e+15	1.13273e+16	1.34832e+16	1.62321e+16	2.33166e+16	3.09758e+17	4.54041e+17	2.14079	4.26768	4.26768	4.26768	4.26768	4.26768	4.26768	4.26768	4.26768	4.36557	4.54681	4.62381	4.68963	4.68986	4.68986	
62634	6.85588e+17	2.78611e+17	1.21921e+17	7.71404e+16	1.54281e+17	2.31421e+17	3.08562e+17	3.85702e+17	4.62843e+17	5.39509e+17	6.15673e+17	6.90767e+17	7.5914e+17	3.35264e+17	8.60029e+15	6.2556e+15	5.69829e+15	2.49359e+15	1.57771e+15	3.15543e+15	4.73314e+15	6.31085e+15	7.88856e+15	9.46628e+15	1.1344e+16	1.35389e+16	1.64098e+16	2.33215e+16	3.09758e+17	4.54041e+17	2.14307	4.24738	4.24738	4.24738	4.24738	4.24738	4.24738	4.24738	4.24738	4.34761	4.53498	4.61799	4.68959	4.68986	4.68986	
62885.9	6.85589e+17	2.78607e+17	1.21919e+17	7.71394e+16	1.54279e+17	2.31418e+17	3.08557e+17	3.85697e+17	4.62836e+17	5.39483e+17	6.15584e+17	6.90478e+17	7.59131e+17	3.35263e+17	8.60029e+15	6.25502e+15	5.70074e+15	2.49466e+15	1.57839e+15	3.15678e+15	4.73518e+15	6.31357e+15	7.89196e+15	9.47035e+15	1.13605e+16	1.35951e+16	1.65925e+16	2.33269e+16	3.09758e+17	4.54041e+17	2.14542	4.22667	4.22667	4.22667	4.22667	4.22667	4.22667	4.22667	4.22667	4.32919	4.52265	4.61181	4.68956	4.68986	4.68986	
63138.3	6.8559e+17	2.78604e+17	1.21918e+17	7.71383e+16	1.54277e+17	2.31415e+17	3.08553e+17	3.85692e+17	4.6283e+17	5.39457e+17	6.15495e+17	6.90181e+17	7.59122e+17	3.35263e+17	8.60029e+15	6.25444e+15	5.70311e+15	2.4957e+15	1.57905e+15	3.1581e+15	4.73714e+15	6.31619e+15	7.89524e+15	9.47429e+15	1.13768e+16	1.36518e+16	1.67807e+16	2.33328e+16	3.09758e+17	4.54041e+17	2.14786	4.20547	4.20547	4.20547	4.20547	4.20547	4.20547	4.20547	4.20547	4.31025	4.50979	4.60524	4.68951	4.68986	4.68986	
63389.9	6.85591e+17	2.786e+17	1.21916e+17	7.71373e+16	1.54275e+17	2.31412e+17	3.08549e+17	3.85687e+17	4.62824e+17	5.39432e+17	6.15405e+17	6.89876e+17	7.59111e+17	3.35263e+17	8.60029e+15	6.25386e+15	5.70539e+15	2.49669e+15	1.57968e+15	3.15936e+15	4.73903e+15	6.31871e+15	7.89839e+15	9.47807e+15	1.13929e+16	1.37086e+16	1.69733e+16	2.33393e+16	3.09758e+17	4.54041e+17	2.15036	4.18393	4.18393	4.18393	4.18393	4.18393	4.18393	4.18393	4.18393	4.29089	4.49646	4.5983	4.68947	4.68986	4.68986	
63641.7	6.85592e+17	2.78597e+17	1.21915e+17	7.71364e+16	1.54273e+17	2.31409e+17	3.08546e+17	3.85682e+17	4.62818e+17	5.39407e+17	6.15314e+17	6.89563e+17	7.59099e+17	3.35263e+17	8.60029e+15	6.25329e+15	5.70758e+15	2.49765e+15	1.58028e+15	3.16057e+15	4.74085e+15	6.32114e+15	7.90142e+15	9.48171e+15	1.14087e+16	1.37657e+16	1.71708e+16	2.33465e+16	3.09758e+17	4.54041e+17	2.15293	4.16197	4.16197	4.16197	4.16197	4.16197	4.16197	4.16197	4.16197	4.27107	4.48261	4.59095	4.68941	4.68986	4.68986	
63893.8	6.85593e+17	2.78593e+17	1.21913e+17	7.71355e+16	1.54271e+17	2.31406e+17	3.08542e+17	3.85677e+17	4.62813e+17	5.39382e+17	6.15224e+17	6.89242e+17	7.59087e+17	3.35263e+17	8.60029e+15	6.25272e+15	5.70969e+15	2.49857e+15	1.58087e+15	3.16174e+15	4.7426e+15	6.32347e+15	7.90434e+15	9.48521e+15	1.14244e+16	1.38231e+16	1.73733e+16	2.33543e+16	3.09758e+17	4.54041e+17	2.15557	4.13958	4.13958	4.13958	4.13958	4.13958	4.13958	4.13958	4.13958	4.25076	4.46822	4.58318	4.68935	4.68986	4.68986	
64146.3	6.85594e+17	2.7859e+17	1.21912e+17	7.71346e+16	1.54269e+17	2.31404e+17	3.08538e+17	3.85673e+17	4.62808e+17	5.39358e+17	6.15133e+17	6.88914e+17	7.59073e+17	3.35263e+17	8.60029e+15	6.25216e+15	5.71171e+15	2.49946e+15	1.58143e+15	3.16286e+15	4.74429e+15	6.32572e+15	7.90715e+15	9.48858e+15	1.14398e+16	1.38808e+16	1.75806e+16	2.33628e+16	3.09758e+17	4.54041e+17	2.15827	4.11678	4.11678	4.11678	4.11678	4.11678	4.11678	4.11678	4.11678	4.22997	4.45329	4.57496	4.68929	4.68986	4.68986	
64398	6.85595e+17	2.78587e+17	1.2191e+17	7.71338e+16	1.54268e+17	2.31401e+17	3.08535e+17	3.85669e+17	4.62803e+17	5.39334e+17	6.15042e+17	6.8858e+17	7.59058e+17	3.35263e+17	8.60029e+15	6.2516e+15	5.71365e+15	2.50031e+15	1.58197e+15	3.16393e+15	4.7459e+15	6.32786e+15	7.90983e+15	9.49179e+15	1.14549e+16	1.39382e+16	1.77916e+16	2.33721e+16	3.09758e+17	4.54041e+17	2.16102	4.09369	4.09369	4.09369	4.09369	4.09369	4.09369	4.09369	4.09369	4.20882	4.43789	4.56634	4.68922	4.68986	4.68986	
64649.8	6.85596e+17	2.78584e+17	1.21909e+17	7.7133e+16	1.54266e+17	2.31399e+17	3.08532e+17	3.85665e+17	4.62798e+17	5.3931e+17	6.14951e+17	6.8824e+17	7.59042e+17	3.35263e+17	8.60029e+15	6.25104e+15	5.71551e+15	2.50112e+15	1.58248e+15	3.16496e+15	4.74744e+15	6.32992e+15	7.9124e+15	9.49488e+15	1.14697e+16	1.39957e+16	1.80067e+16	2.33823e+16	3.09758e+17	4.54041e+17	2.16382	4.07023	4.07023	4.07023	4.07023	4.07023	4.07023	4.07023	4.07023	4.18724	4.42197	4.55726	4.68913	4.68986	4.68986	
64902.1	6.85597e+17	2.78582e+17	1.21908e+17	7.71322e+16	1.54264e+17	2.31397e+17	3.08529e+17	3.85661e+17	4.62793e+17	5.39287e+17	6.1486e+17	6.87892e+17	7.59024e+17	3.35262e+17	8.60029e+15	6.25049e+15	5.71729e+15	2.5019e+15	1.58297e+15	3.16595e+15	4.74892e+15	6.33189e+15	7.91486e+15	9.49784e+15	1.14843e+16	1.40531e+16	1.82261e+16	2.33933e+16	3.09757e+17	4.54041e+17	2.16668	4.04639	4.04639	4.04639	4.04639	4.04639	4.04639	4.04639	4.04639	4.16519	4.4055	4.54771	4.68904	4.68986	4.68986	
65154.7	6.85598e+17	2.78579e+17	1.21907e+17	7.71314e+16	1.54263e+17	2.31394e+17	3.08526e+17	3.85657e+17	4.62789e+17	5.39265e+17	6.1477e+17	6.87538e+17	7.59005e+17	3.35262e+17	8.60029e+15	6.24993e+15	5.71899e+15	2.50265e+15	1.58344e+15	3.16689e+15	4.75033e+15	6.33378e+15	7.91722e+15	9.50067e+15	1.14985e+16	1.41104e+16	1.84494e+16	2.34053e+16	3.09757e+17	4.54041e+17	2.16959	4.02219	4.02219	4.02219	4.02219	4.02219	4.02219	4.02219	4.02219	4.14273	4.3885	4.53767	4.68895	4.68986	4.68986	
65406.7	6.85599e+17	2.78576e+17	1.21906e+17	7.71307e+16	1.54261e+17	2.31392e+17	3.08523e+17	3.85654e+17	4.62784e+17	5.39243e+17	6.1468e+17	6.8718e+17	7.58984e+17	3.35262e+17	8.60029e+15	6.24939e+15	5.72061e+15	2.50336e+15	1.58389e+15	3.16779e+15	4.75168e+15	6.33557e+15	7.91947e+15	9.50336e+15	1.15124e+16	1.41673e+16	1.86754e+16	2.34184e+16	3.09757e+17	4.54041e+17	2.17254	3.99774	3.99774	3.99774	3.99774	3.99774	3.99774	3.99774	3.99774	4.11992	4.37103	4.52719	4.68884	4.68986	4.68986	
65658.1	6.856e+17	2.78574e+17	1.21905e+17	7.71301e+16	1.5426e+17	2.3139e+17	3.0852e+17	3.8565e+17	4.6278e+17	5.39222e+17	6.1459e+17	6.86818e+17	7.58961e+17	3.35262e+17	8.60029e+15	6.24884e+15	5.72216e+15	2.50403e+15	1.58432e+15	3.16864e+15	4.75296e+15	6.33728e+15	7.9216e+15	9.50592e+15	1.15259e+16	1.42237e+16	1.89041e+16	2.34324e+16	3.09757e+17	4.54041e+17	2.17553	3.97306	3.97306	3.97306	3.97306	3.97306	3.97306	3.97306	3.97306	4.0968	4.3531	4.51624	4.68872	4.68986	4.68986	
65910.5	6.85601e+17	2.78572e+17	1.21904e+17	7.71294e+16	1.54259e+17	2.31388e+17	3.08518e+17	3.85647e+17	4.62777e+17	5.39201e+17	6.14502e+17	6.8645e+17	7.58937e+17	3.35262e+17	8.60029e+15	6.2483e+15	5.72363e+15	2.50468e+15	1.58473e+15	3.16946e+15	4.75419e+15	6.33891e+15	7.92364e+15	9.50837e+15	1.15391e+16	1.42799e+16	1.91364e+16	2.34477e+16	3.09757e+17	4.54041e+17	2.17856	3.948	3.948	3.948	3.948	3.948	3.948	3.948	3.948	4.07322	4.33459	4.50475	4.68858	4.68986	4.68986	
66162.6	6.85602e+17	2.78569e+17	1.21903e+17	7.71288e+16	1.54258e+17	2.31386e+17	3.08515e+17	3.85644e+17	4.62773e+17	5.39181e+17	6.14414e+17	6.86078e+17	7.5891e+17	3.35262e+17	8.60029e+15	6.24776e+15	5.72503e+15	2.50529e+15	1.58512e+15	3.17023e+15	4.75535e+15	6.34046e+15	7.92558e+15	9.5107e+15	1.15519e+16	1.43354e+16	1.93708e+16	2.34642e+16	3.09757e+17	4.54041e+17	2.18163	3.92272	3.92272	3.92272	3.92272	3.92272	3.92272	3.92272	3.92272	4.04934	4.31561	4.49278	4.68844	4.68986	4.68986	
66415.3	6.85603e+17	2.78567e+17	1.21902e+17	7.71282e+16	1.54256e+17	2.31385e+17	3.08513e+17	3.85641e+17	4.62769e+17	5.39161e+17	6.14327e+17	6.85702e+17	7.58882e+17	3.35262e+17	8.60029e+15	6.24722e+15	5.72636e+15	2.50587e+15	1.58548e+15	3.17097e+15	4.75645e+15	6.34194e+15	7.92742e+15	9.51291e+15	1.15644e+16	1.43905e+16	1.9608e+16	2.3482e+16	3.09757e+17	4.54041e+17	2.18475	3.89713	3.89713	3.89713	3.89713	3.89713	3.89713	3.89713	3.89713	4.02505	4.2961	4.48027	4.68827	4.68986	4.68986	
66667.5	6.85604e+17	2.78565e+17	1.21901e+17	7.71277e+16	1.54255e+17	2.31383e+17	3.08511e+17	3.85639e+17	4.62766e+17	5.39142e+17	6.14241e+17	6.85324e+17	7.58851e+17	3.35261e+17	8.6003e+15	6.24669e+15	5.72762e+15	2.50642e+15	1.58583e+15	3.17167e+15	4.7575e+15	6.34333e+15	7.92917e+15	9.515e+15	1.15764e+16	1.44448e+16	1.98465e+16	2.35011e+16	3.09756e+17	4.54041e+17	2.18788	3.87137	3.87137	3.87137	3.87137	3.87137	3.87137	3.87137	3.87137	4.00052	4.27615	4.46728	4.6881	4.68986	4.68986	
66919.3	6.85605e+17	2.78563e+17	1.219e+17	7.71272e+16	1.54254e+17	2.31382e+17	3.08509e+17	3.85636e+17	4.62763e+17	5.39124e+17	6.14156e+17	6.84944e+17	7.58818e+17	3.35261e+17	8.6003e+15	6.24616e+15	5.72881e+15	2.50694e+15	1.58616e+15	3.17233e+15	4.75849e+15	6.34465e+15	7.93081e+15	9.51698e+15	1.1588e+16	1.44982e+16	2.00862e+16	2.35217e+16	3.09756e+17	4.54041e+17	2.19105	3.84544	3.84544	3.84544	3.84544	3.84544	3.84544	3.84544	3.84544	3.97571	4.25576	4.45379	4.68791	4.68986	4.68986	
67171.3	6.85606e+17	2.78562e+17	1.21899e+17	7.71267e+16	1.54253e+17	2.3138e+17	3.08507e+17	3.85634e+17	4.6276e+17	5.39106e+17	6.14073e+17	6.84562e+17	7.58783e+17	3.35261e+17	8.6003e+15	6.24563e+15	5.72993e+15	2.50743e+15	1.58647e+15	3.17295e+15	4.75942e+15	6.34589e+15	7.93237e+15	9.51884e+15	1.15991e+16	1.45508e+16	2.03271e+16	2.35438e+16	3.09756e+17	4.54041e+17	2.19425	3.81931	3.81931	3.81931	3.81931	3.81931	3.81931	3.81931	3.81931	3.95061	4.23489	4.43977	4.6877	4.68986	4.68986	
67423.6	6.85607e+17	2.7856e+17	1.21899e+17	7.71263e+16	1.54252e+17	2.31379e+17	3.08505e+17	3.85631e+17	4.62757e+17	5.39089e+17	6.13991e+17	6.84179e+17	7.58745e+17	3.35261e+17	8.6003e+15	6.2451e+15	5.73099e+15	2.5079e+15	1.58677e+15	3.17353e+15	4.7603e+15	6.34707e+15	7.93383e+15	9.5206e+15	1.16099e+16	1.46026e+16	2.05691e+16	2.35676e+16	3.09756e+17	4.54041e+17	2.19748	3.79297	3.79297	3.79297	3.79297	3.79297	3.79297	3.79297	3.79297	3.92521	4.21355	4.42521	4.68747	4.68986	4.68986	
67676.3	6.85608e+17	2.78559e+17	1.21898e+17	7.71258e+16	1.54252e+17	2.31377e+17	3.08503e+17	3.85629e+17	4.62755e+17	5.39073e+17	6.13911e+17	6.83794e+17	7.58704e+17	3.35261e+17	8.6003e+15	6.24458e+15	5.73199e+15	2.50833e+15	1.58704e+15	3.17408e+15	4.76113e+15	6.34817e+15	7.93521e+15	9.52225e+15	1.16202e+16	1.46533e+16	2.08118e+16	2.35931e+16	3.09756e+17	4.54041e+17	2.20074	3.76644	3.76644	3.76644	3.76644	3.76644	3.76644	3.76644	3.76644	3.89953	4.19173	4.4101	4.68722	4.68986	4.68986	
67928.2	6.85609e+17	2.78557e+17	1.21897e+17	7.71254e+16	1.54251e+17	2.31376e+17	3.08502e+17	3.85627e+17	4.62753e+17	5.39057e+17	6.13833e+17	6.8341e+17	7.58661e+17	3.3526e+17	8.6003e+15	6.24406e+15	5.73292e+15	2.50874e+15	1.5873e+15	3.1746e+15	4.7619e+15	6.3492e+15	7.9365e+15	9.5238e+15	1.163e+16	1.47029e+16	2.10538e+16	2.36202e+16	3.09756e+17	4.54041e+17	2.20401	3.73987	3.73987	3.73987	3.73987	3.73987	3.73987	3.73987	3.73987	3.8737	4.16956	4.39452	4.68694	4.68986	4.68986	
68180.2	6.8561e+17	2.78556e+17	1.21897e+17	7.7125e+16	1.5425e+17	2.31375e+17	3.085e+17	3.85625e+17	4.6275e+17	5.39043e+17	6.13756e+17	6.83026e+17	7.58614e+17	3.3526e+17	8.6003e+15	6.24354e+15	5.73379e+15	2.50912e+15	1.58754e+15	3.17508e+15	4.76262e+15	6.35016e+15	7.93771e+15	9.52525e+15	1.16394e+16	1.47513e+16	2.12955e+16	2.36493e+16	3.09755e+17	4.54042e+17	2.20731	3.71317	3.71317	3.71317	3.71317	3.71317	3.71317	3.71317	3.71317	3.84765	4.14696	4.37841	4.68665	4.68986	4.68986	
68432.7	6.85611e+17	2.78554e+17	1.21896e+17	7.71247e+16	1.54249e+17	2.31374e+17	3.08499e+17	3.85623e+17	4.62748e+17	5.39029e+17	6.13681e+17	6.82643e+17	7.58565e+17	3.3526e+17	8.6003e+15	6.24302e+15	5.7346e+15	2.50948e+15	1.58777e+15	3.17553e+15	4.7633e+15	6.35106e+15	7.93883e+15	9.5266e+15	1.16483e+16	1.47985e+16	2.15369e+16	2.36804e+16	3.09755e+17	4.54042e+17	2.21064	3.68632	3.68632	3.68632	3.68632	3.68632	3.68632	3.68632	3.68632	3.82136	4.12391	4.36173	4.68632	4.68986	4.68986	
68685.1	6.85612e+17	2.78553e+17	1.21896e+17	7.71244e+16	1.54249e+17	2.31373e+17	3.08497e+17	3.85622e+17	4.62746e+17	5.39015e+17	6.13609e+17	6.82262e+17	7.58512e+17	3.3526e+17	8.6003e+15	6.24251e+15	5.73536e+15	2.50981e+15	1.58798e+15	3.17595e+15	4.76393e+15	6.3519e+15	7.93988e+15	9.52785e+15	1.16567e+16	1.48444e+16	2.17772e+16	2.37135e+16	3.09755e+17	4.54042e+17	2.21399	3.65939	3.65939	3.65939	3.65939	3.65939	3.65939	3.65939	3.65939	3.7949	4.10048	4.34454	4.68597	4.68986	4.68986	
68937.3	6.85612e+17	2.78552e+17	1.21895e+17	7.71241e+16	1.54248e+17	2.31372e+17	3.08496e+17	3.8562e+17	4.62744e+17	5.39003e+17	6.13538e+17	6.81883e+17	7.58456e+17	3.3526e+17	8.6003e+15	6.242e+15	5.73606e+15	2.51011e+15	1.58817e+15	3.17634e+15	4.76451e+15	6.35268e+15	7.94084e+15	9.52901e+15	1.16646e+16	1.48889e+16	2.20157e+16	2.37488e+16	3.09755e+17	4.54042e+17	2.21735	3.63244	3.63244	3.63244	3.63244	3.63244	3.63244	3.63244	3.63244	3.76831	4.07671	4.32684	4.6856	4.68986	4.68986	
69189.3	6.85613e+17	2.78551e+17	1.21895e+17	7.71238e+16	1.54248e+17	2.31371e+17	3.08495e+17	3.85619e+17	4.62743e+17	5.38991e+17	6.1347e+17	6.81508e+17	7.58396e+17	3.35259e+17	8.6003e+15	6.24149e+15	5.7367e+15	2.51039e+15	1.58835e+15	3.17669e+15	4.76504e+15	6.35339e+15	7.94174e+15	9.53008e+15	1.16721e+16	1.49319e+16	2.2252e+16	2.37862e+16	3.09755e+17	4.54042e+17	2.22073	3.60548	3.60548	3.60548	3.60548	3.60548	3.60548	3.60548	3.60548	3.74162	4.0526	4.30865	4.68519	4.68986	4.68986	
69442	6.85614e+17	2.7855e+17	1.21894e+17	7.71235e+16	1.54247e+17	2.31371e+17	3.08494e+17	3.85618e+17	4.62741e+17	5.3898e+17	6.13404e+17	6.81136e+17	7.58332e+17	3.35259e+17	8.6003e+15	6.24098e+15	5.73729e+15	2.51065e+15	1.58851e+15	3.17702e+15	4.76553e+15	6.35404e+15	7.94256e+15	9.53107e+15	1.1679e+16	1.49735e+16	2.24868e+16	2.38261e+16	3.09754e+17	4.54042e+17	2.22414	3.5784	3.5784	3.5784	3.5784	3.5784	3.5784	3.5784	3.5784	3.71472	4.02807	4.28989	4.68474	4.68986	4.68986	
69694.4	6.85615e+17	2.78549e+17	1.21894e+17	7.71233e+16	1.54247e+17	2.3137e+17	3.08493e+17	3.85617e+17	4.6274e+17	5.3897e+17	6.13341e+17	6.80768e+17	7.58265e+17	3.35259e+17	8.6003e+15	6.24048e+15	5.73783e+15	2.51089e+15	1.58866e+15	3.17732e+15	4.76598e+15	6.35464e+15	7.9433e+15	9.53196e+15	1.16855e+16	1.50135e+16	2.27185e+16	2.38684e+16	3.09754e+17	4.54042e+17	2.22756	3.55137	3.55137	3.55137	3.55137	3.55137	3.55137	3.55137	3.55137	3.68776	4.00325	4.27064	4.68427	4.68986	4.68986	
69947	6.85616e+17	2.78549e+17	1.21894e+17	7.71231e+16	1.54246e+17	2.31369e+17	3.08492e+17	3.85616e+17	4.62739e+17	5.38961e+17	6.1328e+17	6.80404e+17	7.58194e+17	3.35259e+17	8.6003e+15	6.23997e+15	5.73832e+15	2.5111e+15	1.5888e+15	3.17759e+15	4.76639e+15	6.35519e+15	7.94398e+15	9.53278e+15	1.16914e+16	1.50519e+16	2.29474e+16	2.39132e+16	3.09754e+17	4.54042e+17	2.23099	3.52432	3.52432	3.52432	3.52432	3.52432	3.52432	3.52432	3.52432	3.66071	3.97811	4.25088	4.68375	4.68986	4.68986	
70199.3	6.85617e+17	2.78548e+17	1.21893e+17	7.71229e+16	1.54246e+17	2.31369e+17	3.08492e+17	3.85615e+17	4.62738e+17	5.38952e+17	6.13222e+17	6.80047e+17	7.58118e+17	3.35259e+17	8.6003e+15	6.23947e+15	5.73876e+15	2.5113e+15	1.58892e+15	3.17784e+15	4.76676e+15	6.35567e+15	7.94459e+15	9.53351e+15	1.16968e+16	1.50885e+16	2.31725e+16	2.39606e+16	3.09754e+17	4.54042e+17	2.23444	3.49735	3.49735	3.49735	3.49735	3.49735	3.49735	3.49735	3.49735	3.63362	3.9527	4.23066	4.6832	4.68986	4.68986	
70451.4	6.85618e+17	2.78547e+17	1.21893e+17	7.71228e+16	1.54246e+17	2.31368e+17	3.08491e+17	3.85614e+17	4.62737e+17	5.38944e+17	6.13167e+17	6.79696e+17	7.58038e+17	3.35258e+17	8.6003e+15	6.23897e+15	5.73916e+15	2.51147e+15	1.58903e+15	3.17806e+15	4.76708e+15	6.35611e+15	7.94514e+15	9.53416e+15	1.17017e+16	1.51235e+16	2.33936e+16	2.40107e+16	3.09754e+17	4.54042e+17	2.23789	3.47044	3.47044	3.47044	3.47044	3.47044	3.47044	3.47044	3.47044	3.60652	3.92705	4.20997	4.6826	4.68986	4.68986	
70703.5	6.85619e+17	2.78547e+17	1.21893e+17	7.71226e+16	1.54245e+17	2.31368e+17	3.0849e+17	3.85613e+17	4.62736e+17	5.38938e+17	6.13115e+17	6.79351e+17	7.57954e+17	3.35258e+17	8.6003e+15	6.23847e+15	5.7395e+15	2.51162e+15	1.58912e+15	3.17825e+15	4.76737e+15	6.3565e+15	7.94562e+15	9.53474e+15	1.17061e+16	1.51566e+16	2.36105e+16	2.40636e+16	3.09753e+17	4.54042e+17	2.24136	3.44361	3.44361	3.44361	3.44361	3.44361	3.44361	3.44361	3.44361	3.5794	3.90114	4.18881	4.68196	4.68986	4.68986	
70956.1	6.8562e+17	2.78546e+17	1.21893e+17	7.71225e+16	1.54245e+17	2.31367e+17	3.0849e+17	3.85612e+17	4.62735e+17	5.38931e+17	6.13065e+17	6.79013e+17	7.57865e+17	3.35258e+17	8.6003e+15	6.23798e+15	5.73981e+15	2.51176e+15	1.58921e+15	3.17842e+15	4.76762e+15	6.35683e+15	7.94604e+15	9.53525e+15	1.17101e+16	1.5188e+16	2.38232e+16	2.41195e+16	3.09753e+17	4.54042e+17	2.24485	3.41681	3.41681	3.41681	3.41681	3.41681	3.41681	3.41681	3.41681	3.55223	3.87496	4.16715	4.68128	4.68986	4.68986	
71209	6.85621e+17	2.78546e+17	1.21892e+17	7.71224e+16	1.54245e+17	2.31367e+17	3.08489e+17	3.85612e+17	4.62734e+17	5.38926e+17	6.13018e+17	6.78683e+17	7.57771e+17	3.35258e+17	8.6003e+15	6.23748e+15	5.74007e+15	2.51187e+15	1.58928e+15	3.17856e+15	4.76784e+15	6.35712e+15	7.9464e+15	9.53568e+15	1.17135e+16	1.52176e+16	2.40312e+16	2.41785e+16	3.09753e+17	4.54042e+17	2.24835	3.39009	3.39009	3.39009	3.39009	3.39009	3.39009	3.39009	3.39009	3.52504	3.84853	4.14502	4.68054	4.68986	4.68986	
71461	6.85622e+17	2.78546e+17	1.21892e+17	7.71223e+16	1.54245e+17	2.31367e+17	3.08489e+17	3.85611e+17	4.62734e+17	5.38921e+17	6.12975e+17	6.78362e+17	7.57673e+17	3.35258e+17	8.6003e+15	6.23699e+15	5.74029e+15	2.51197e+15	1.58934e+15	3.17868e+15	4.76802e+15	6.35737e+15	7.94671e+15	9.53605e+15	1.17164e+16	1.52452e+16	2.42333e+16	2.42403e+16	3.09753e+17	4.54042e+17	2.25185	3.36358	3.36358	3.36358	3.36358	3.36358	3.36358	3.36358	3.36358	3.49799	3.82199	4.12253	4.67975	4.68986	4.68986	
71713.1	6.85622e+17	2.78545e+17	1.21892e+17	7.71222e+16	1.54244e+17	2.31367e+17	3.08489e+17	3.85611e+17	4.62733e+17	5.38918e+17	6.12934e+17	6.78049e+17	7.57569e+17	3.35257e+17	8.6003e+15	6.2365e+15	5.74047e+15	2.51205e+15	1.58939e+15	3.17878e+15	4.76817e+15	6.35757e+15	7.94696e+15	9.53635e+15	1.17187e+16	1.52709e+16	2.44299e+16	2.43055e+16	3.09753e+17	4.54042e+17	2.25535	3.33719	3.33719	3.33719	3.33719	3.33719	3.33719	3.33719	3.33719	3.47097	3.79527	4.0996	4.67891	4.68986	4.68986	
71965.8	6.85623e+17	2.78545e+17	1.21892e+17	7.71222e+16	1.54244e+17	2.31366e+17	3.08489e+17	3.85611e+17	4.62733e+17	5.38915e+17	6.12896e+17	6.77746e+17	7.5746e+17	3.35257e+17	8.6003e+15	6.23602e+15	5.74061e+15	2.51211e+15	1.58943e+15	3.17886e+15	4.76829e+15	6.35772e+15	7.94715e+15	9.53658e+15	1.17206e+16	1.52947e+16	2.4621e+16	2.4374e+16	3.09752e+17	4.54042e+17	2.25888	3.3109	3.3109	3.3109	3.3109	3.3109	3.3109	3.3109	3.3109	3.44396	3.76833	4.07622	4.67801	4.68986	4.68986	
72218.8	6.85624e+17	2.78545e+17	1.21892e+17	7.71221e+16	1.54244e+17	2.31366e+17	3.08488e+17	3.85611e+17	4.62733e+17	5.38913e+17	6.12862e+17	6.77452e+17	7.57346e+17	3.35257e+17	8.6003e+15	6.23553e+15	5.74072e+15	2.51215e+15	1.58946e+15	3.17892e+15	4.76838e+15	6.35784e+15	7.9473e+15	9.53676e+15	1.17221e+16	1.53166e+16	2.48061e+16	2.44461e+16	3.09752e+17	4.54042e+17	2.26242	3.28474	3.28474	3.28474	3.28474	3.28474	3.28474	3.28474	3.28474	3.41702	3.74123	4.05242	4.67705	4.68986	4.68986	
72470.8	6.85625e+17	2.78545e+17	1.21892e+17	7.71221e+16	1.54244e+17	2.31366e+17	3.08488e+17	3.8561e+17	4.62733e+17	5.38911e+17	6.1283e+17	6.77169e+17	7.57226e+17	3.35257e+17	8.6003e+15	6.23504e+15	5.74079e+15	2.51218e+15	1.58948e+15	3.17896e+15	4.76844e+15	6.35791e+15	7.94739e+15	9.53687e+15	1.1723e+16	1.53364e+16	2.49839e+16	2.45213e+16	3.09752e+17	4.54042e+17	2.26595	3.25888	3.25888	3.25888	3.25888	3.25888	3.25888	3.25888	3.25888	3.39029	3.71413	4.02833	4.67602	4.68986	4.68986	
72723.6	6.85626e+17	2.78545e+17	1.21892e+17	7.71221e+16	1.54244e+17	2.31366e+17	3.08488e+17	3.8561e+17	4.62732e+17	5.38911e+17	6.12802e+17	6.76896e+17	7.571e+17	3.35256e+17	8.6003e+15	6.23456e+15	5.74082e+15	2.5122e+15	1.58949e+15	3.17898e+15	4.76846e+15	6.35795e+15	7.94744e+15	9.53693e+15	1.17234e+16	1.53543e+16	2.51556e+16	2.46003e+16	3.09752e+17	4.54042e+17	2.26949	3.23312	3.23312	3.23312	3.23312	3.23312	3.23312	3.23312	3.23312	3.3636	3.68684	4.00381	4.67493	4.68986	4.68986	
72975.7	6.85627e+17	2.78545e+17	1.21892e+17	7.71221e+16	1.54244e+17	2.31366e+17	3.08488e+17	3.8561e+17	4.62733e+17	5.38911e+17	6.12777e+17	6.76635e+17	7.56969e+17	3.35256e+17	8.6003e+15	6.23408e+15	5.74082e+15	2.5122e+15	1.58949e+15	3.17898e+15	4.76846e+15	6.35795e+15	7.94744e+15	9.53693e+15	1.17234e+16	1.53702e+16	2.53197e+16	2.46828e+16	3.09752e+17	4.54042e+17	2.27304	3.20766	3.20766	3.20766	3.20766	3.20766	3.20766	3.20766	3.20766	3.33713	3.65956	3.97902	4.67377	4.68986	4.68986	
73228.4	6.85628e+17	2.78545e+17	1.21892e+17	7.71221e+16	1.54244e+17	2.31366e+17	3.08488e+17	3.85611e+17	4.62733e+17	5.38912e+17	6.12755e+17	6.76385e+17	7.56831e+17	3.35256e+17	8.6003e+15	6.2336e+15	5.74079e+15	2.51218e+15	1.58948e+15	3.17896e+15	4.76844e+15	6.35792e+15	7.9474e+15	9.53688e+15	1.17229e+16	1.53841e+16	2.54769e+16	2.47692e+16	3.09751e+17	4.54042e+17	2.27659	3.18236	3.18236	3.18236	3.18236	3.18236	3.18236	3.18236	3.18236	3.31074	3.63216	3.95384	4.67253	4.68986	4.68986	
73480.8	6.85629e+17	2.78545e+17	1.21892e+17	7.71221e+16	1.54244e+17	2.31366e+17	3.08489e+17	3.85611e+17	4.62733e+17	5.38913e+17	6.12736e+17	6.76147e+17	7.56688e+17	3.35256e+17	8.6003e+15	6.23312e+15	5.74073e+15	2.51216e+15	1.58946e+15	3.17892e+15	4.76839e+15	6.35785e+15	7.94731e+15	9.53677e+15	1.17219e+16	1.53959e+16	2.56263e+16	2.48593e+16	3.09751e+17	4.54042e+17	2.28015	3.15733	3.15733	3.15733	3.15733	3.15733	3.15733	3.15733	3.15733	3.28457	3.60476	3.92839	4.67122	4.68986	4.68986	
73733.8	6.8563e+17	2.78545e+17	1.21892e+17	7.71222e+16	1.54244e+17	2.31367e+17	3.08489e+17	3.85611e+17	4.62733e+17	5.38915e+17	6.12721e+17	6.75922e+17	7.56538e+17	3.35255e+17	8.6003e+15	6.23265e+15	5.74063e+15	2.51212e+15	1.58944e+15	3.17887e+15	4.76831e+15	6.35775e+15	7.94718e+15	9.53662e+15	1.17205e+16	1.54058e+16	2.57684e+16	2.49535e+16	3.09751e+17	4.54042e+17	2.28372	3.1325	3.1325	3.1325	3.1325	3.1325	3.1325	3.1325	3.1325	3.25853	3.57728	3.9026	4.66983	4.68986	4.68986	
73986	6.8563e+17	2.78546e+17	1.21892e+17	7.71222e+16	1.54244e+17	2.31367e+17	3.08489e+17	3.85611e+17	4.62733e+17	5.38918e+17	6.12708e+17	6.75709e+17	7.56383e+17	3.35255e+17	8.6003e+15	6.23217e+15	5.74051e+15	2.51206e+15	1.5894e+15	3.17881e+15	4.76821e+15	6.35761e+15	7.94702e+15	9.53642e+15	1.17186e+16	1.54137e+16	2.59021e+16	2.50514e+16	3.09751e+17	4.54042e+17	2.28729	3.108	3.108	3.108	3.108	3.108	3.108	3.108	3.108	3.23277	3.5499	3.87662	4.66835	4.68986	4.68986	
74238.2	6.85631e+17	2.78546e+17	1.21892e+17	7.71223e+16	1.54245e+17	2.31367e+17	3.08489e+17	3.85612e+17	4.62734e+17	5.38922e+17	6.12699e+17	6.75509e+17	7.5622e+17	3.35255e+17	8.6003e+15	6.2317e+15	5.74037e+15	2.512e+15	1.58936e+15	3.17872e+15	4.76809e+15	6.35745e+15	7.94681e+15	9.53617e+15	1.17163e+16	1.54195e+16	2.60278e+16	2.51533e+16	3.09751e+17	4.54042e+17	2.29085	3.08378	3.08378	3.08378	3.08378	3.08378	3.08378	3.08378	3.08378	3.20722	3.52254	3.85039	4.66679	4.68986	4.68986	
74490.9	6.85632e+17	2.78546e+17	1.21893e+17	7.71224e+16	1.54245e+17	2.31367e+17	3.0849e+17	3.85612e+17	4.62734e+17	5.38926e+17	6.12693e+17	6.75322e+17	7.56051e+17	3.35255e+17	8.6003e+15	6.23123e+15	5.74019e+15	2.51192e+15	1.58931e+15	3.17863e+15	4.76794e+15	6.35725e+15	7.94657e+15	9.53588e+15	1.17136e+16	1.54234e+16	2.61454e+16	2.52595e+16	3.0975e+17	4.54042e+17	2.29443	3.05981	3.05981	3.05981	3.05981	3.05981	3.05981	3.05981	3.05981	3.18186	3.49518	3.82389	4.66513	4.68986	4.68986	
74744	6.85633e+17	2.78547e+17	1.21893e+17	7.71225e+16	1.54245e+17	2.31367e+17	3.0849e+17	3.85612e+17	4.62735e+17	5.38931e+17	6.1269e+17	6.75148e+17	7.55876e+17	3.35255e+17	8.6003e+15	6.23076e+15	5.73999e+15	2.51183e+15	1.58926e+15	3.17852e+15	4.76778e+15	6.35703e+15	7.94629e+15	9.53555e+15	1.17105e+16	1.54254e+16	2.62547e+16	2.53701e+16	3.0975e+17	4.54042e+17	2.29801	3.0361	3.0361	3.0361	3.0361	3.0361	3.0361	3.0361	3.0361	3.15672	3.46785	3.79716	4.66338	4.68986	4.68986	
74996.2	6.85634e+17	2.78547e+17	1.21893e+17	7.71226e+16	1.54245e+17	2.31368e+17	3.0849e+17	3.85613e+17	4.62736e+17	5.38937e+17	6.1269e+17	6.74989e+17	7.55694e+17	3.35254e+17	8.6003e+15	6.23029e+15	5.73977e+15	2.51174e+15	1.5892e+15	3.17839e+15	4.76759e+15	6.35679e+15	7.94598e+15	9.53518e+15	1.17069e+16	1.54254e+16	2.63551e+16	2.54845e+16	3.0975e+17	4.54042e+17	2.30159	3.01278	3.01278	3.01278	3.01278	3.01278	3.01278	3.01278	3.01278	3.13191	3.4407	3.77033	4.66154	4.68986	4.68986	
75248.5	6.85635e+17	2.78547e+17	1.21893e+17	7.71227e+16	1.54245e+17	2.31368e+17	3.08491e+17	3.85614e+17	4.62736e+17	5.38943e+17	6.12693e+17	6.74842e+17	7.55505e+17	3.35254e+17	8.6003e+15	6.22983e+15	5.73952e+15	2.51163e+15	1.58913e+15	3.17826e+15	4.76739e+15	6.35651e+15	7.94564e+15	9.53477e+15	1.1703e+16	1.54235e+16	2.64469e+16	2.56032e+16	3.0975e+17	4.54042e+17	2.30517	2.98977	2.98977	2.98977	2.98977	2.98977	2.98977	2.98977	2.98977	3.10737	3.41364	3.74333	4.65959	4.68986	4.68986	
75501.4	6.85636e+17	2.78548e+17	1.21893e+17	7.71228e+16	1.54246e+17	2.31369e+17	3.08491e+17	3.85614e+17	4.62737e+17	5.3895e+17	6.12699e+17	6.7471e+17	7.55309e+17	3.35254e+17	8.60031e+15	6.22936e+15	5.73925e+15	2.51151e+15	1.58905e+15	3.17811e+15	4.76716e+15	6.35622e+15	7.94527e+15	9.53432e+15	1.16987e+16	1.54197e+16	2.65302e+16	2.57265e+16	3.09749e+17	4.54042e+17	2.30875	2.96704	2.96704	2.96704	2.96704	2.96704	2.96704	2.96704	2.96704	3.08307	3.38664	3.71614	4.65753	4.68986	4.68986	
75754.5	6.85636e+17	2.78548e+17	1.21893e+17	7.7123e+16	1.54246e+17	2.31369e+17	3.08492e+17	3.85615e+17	4.62738e+17	5.38957e+17	6.12708e+17	6.74591e+17	7.55105e+17	3.35254e+17	8.60031e+15	6.2289e+15	5.73896e+15	2.51138e+15	1.58897e+15	3.17795e+15	4.76692e+15	6.35589e+15	7.94487e+15	9.53384e+15	1.16941e+16	1.5414e+16	2.66047e+16	2.58543e+16	3.09749e+17	4.54042e+17	2.31234	2.94462	2.94462	2.94462	2.94462	2.94462	2.94462	2.94462	2.94462	3.05903	3.35976	3.6888	4.65536	4.68986	4.68986	
76007	6.85637e+17	2.78549e+17	1.21894e+17	7.71231e+16	1.54246e+17	2.31369e+17	3.08492e+17	3.85616e+17	4.62739e+17	5.38965e+17	6.1272e+17	6.74487e+17	7.54895e+17	3.35253e+17	8.60031e+15	6.22843e+15	5.73865e+15	2.51125e+15	1.58889e+15	3.17778e+15	4.76666e+15	6.35555e+15	7.94444e+15	9.53333e+15	1.16891e+16	1.54065e+16	2.66702e+16	2.59862e+16	3.09749e+17	4.54042e+17	2.31593	2.9226	2.9226	2.9226	2.9226	2.9226	2.9226	2.9226	2.9226	3.03536	3.3331	3.66144	4.65308	4.68986	4.68986	
76258.9	6.85638e+17	2.78549e+17	1.21894e+17	7.71233e+16	1.54247e+17	2.3137e+17	3.08493e+17	3.85616e+17	4.6274e+17	5.38974e+17	6.12735e+17	6.74397e+17	7.54679e+17	3.35253e+17	8.60031e+15	6.22797e+15	5.73833e+15	2.51111e+15	1.5888e+15	3.17759e+15	4.76639e+15	6.35519e+15	7.94399e+15	9.53278e+15	1.16837e+16	1.53973e+16	2.67268e+16	2.61222e+16	3.09749e+17	4.54042e+17	2.3195	2.90098	2.90098	2.90098	2.90098	2.90098	2.90098	2.90098	2.90098	3.01206	3.30668	3.63407	4.65069	4.68986	4.68986	
76511.9	6.85639e+17	2.7855e+17	1.21894e+17	7.71234e+16	1.54247e+17	2.3137e+17	3.08494e+17	3.85617e+17	4.62741e+17	5.38983e+17	6.12752e+17	6.74321e+17	7.54455e+17	3.35253e+17	8.60031e+15	6.22751e+15	5.73798e+15	2.51095e+15	1.5887e+15	3.1774e+15	4.7661e+15	6.3548e+15	7.94351e+15	9.53221e+15	1.16781e+16	1.53863e+16	2.67746e+16	2.62633e+16	3.09748e+17	4.54042e+17	2.32309	2.87964	2.87964	2.87964	2.87964	2.87964	2.87964	2.87964	2.87964	2.989	3.28035	3.60655	4.64816	4.68986	4.68986	
76764.5	6.8564e+17	2.7855e+17	1.21894e+17	7.71236e+16	1.54247e+17	2.31371e+17	3.08494e+17	3.85618e+17	4.62742e+17	5.38992e+17	6.12773e+17	6.74259e+17	7.54224e+17	3.35253e+17	8.60031e+15	6.22706e+15	5.73761e+15	2.51079e+15	1.5886e+15	3.1772e+15	4.7658e+15	6.3544e+15	7.943e+15	9.5316e+15	1.16721e+16	1.53735e+16	2.68135e+16	2.64086e+16	3.09748e+17	4.54042e+17	2.32668	2.85869	2.85869	2.85869	2.85869	2.85869	2.85869	2.85869	2.85869	2.9663	3.25426	3.57903	4.64551	4.68986	4.68986	
77017.8	6.85641e+17	2.78551e+17	1.21895e+17	7.71238e+16	1.54248e+17	2.31371e+17	3.08495e+17	3.85619e+17	4.62743e+17	5.39002e+17	6.12795e+17	6.74212e+17	7.53985e+17	3.35252e+17	8.60031e+15	6.2266e+15	5.73723e+15	2.51063e+15	1.58849e+15	3.17699e+15	4.76548e+15	6.35398e+15	7.94247e+15	9.53097e+15	1.16658e+16	1.53591e+16	2.68436e+16	2.65588e+16	3.09748e+17	4.54042e+17	2.33027	2.83806	2.83806	2.83806	2.83806	2.83806	2.83806	2.83806	2.83806	2.94389	3.22833	3.55145	4.64273	4.68986	4.68986	
77270.4	6.85641e+17	2.78552e+17	1.21895e+17	7.71239e+16	1.54248e+17	2.31372e+17	3.08496e+17	3.8562e+17	4.62744e+17	5.39013e+17	6.12821e+17	6.74178e+17	7.53739e+17	3.35252e+17	8.60031e+15	6.22615e+15	5.73684e+15	2.51046e+15	1.58839e+15	3.17677e+15	4.76516e+15	6.35354e+15	7.94193e+15	9.53031e+15	1.16593e+16	1.53431e+16	2.68648e+16	2.67132e+16	3.09748e+17	4.54042e+17	2.33386	2.81786	2.81786	2.81786	2.81786	2.81786	2.81786	2.81786	2.81786	2.92189	3.2027	3.52394	4.63982	4.68986	4.68986	
77522.8	6.85642e+17	2.78552e+17	1.21895e+17	7.71241e+16	1.54248e+17	2.31372e+17	3.08496e+17	3.85621e+17	4.62745e+17	5.39024e+17	6.12849e+17	6.74158e+17	7.53486e+17	3.35252e+17	8.60031e+15	6.22569e+15	5.73643e+15	2.51028e+15	1.58827e+15	3.17654e+15	4.76482e+15	6.35309e+15	7.94136e+15	9.52963e+15	1.16524e+16	1.53256e+16	2.68773e+16	2.68719e+16	3.09748e+17	4.54042e+17	2.33744	2.79806	2.79806	2.79806	2.79806	2.79806	2.79806	2.79806	2.79806	2.90027	3.17736	3.49651	4.63677	4.68986	4.68986	
77775.2	6.85643e+17	2.78553e+17	1.21896e+17	7.71243e+16	1.54249e+17	2.31373e+17	3.08497e+17	3.85622e+17	4.62746e+17	5.39035e+17	6.12879e+17	6.74152e+17	7.53227e+17	3.35252e+17	8.60031e+15	6.22524e+15	5.736e+15	2.51009e+15	1.58815e+15	3.17631e+15	4.76446e+15	6.35262e+15	7.94077e+15	9.52893e+15	1.16454e+16	1.53065e+16	2.68811e+16	2.70351e+16	3.09747e+17	4.54042e+17	2.34102	2.77864	2.77864	2.77864	2.77864	2.77864	2.77864	2.77864	2.77864	2.87901	3.15227	3.46913	4.63358	4.68986	4.68986	
78028.1	6.85644e+17	2.78554e+17	1.21896e+17	7.71245e+16	1.54249e+17	2.31374e+17	3.08498e+17	3.85623e+17	4.62747e+17	5.39046e+17	6.12912e+17	6.7416e+17	7.52959e+17	3.35251e+17	8.60031e+15	6.22479e+15	5.73557e+15	2.5099e+15	1.58803e+15	3.17607e+15	4.7641e+15	6.35213e+15	7.94017e+15	9.5282e+15	1.1638e+16	1.52859e+16	2.68763e+16	2.72031e+16	3.09747e+17	4.54042e+17	2.3446	2.75957	2.75957	2.75957	2.75957	2.75957	2.75957	2.75957	2.75957	2.8581	3.12742	3.44179	4.63023	4.68986	4.68986	
78281.3	6.85645e+17	2.78555e+17	1.21896e+17	7.71247e+16	1.54249e+17	2.31374e+17	3.08499e+17	3.85624e+17	4.62748e+17	5.39058e+17	6.12946e+17	6.74181e+17	7.52685e+17	3.35251e+17	8.60031e+15	6.22434e+15	5.73512e+15	2.5097e+15	1.58791e+15	3.17582e+15	4.76373e+15	6.35163e+15	7.93954e+15	9.52745e+15	1.16305e+16	1.52639e+16	2.68629e+16	2.73758e+16	3.09747e+17	4.54042e+17	2.34819	2.74088	2.74088	2.74088	2.74088	2.74088	2.74088	2.74088	2.74088	2.83753	3.10284	3.41452	4.62673	4.68986	4.68986	
78533.7	6.85646e+17	2.78555e+17	1.21897e+17	7.71249e+16	1.5425e+17	2.31375e+17	3.085e+17	3.85625e+17	4.6275e+17	5.39071e+17	6.12983e+17	6.74216e+17	7.52404e+17	3.35251e+17	8.60031e+15	6.22389e+15	5.73466e+15	2.5095e+15	1.58778e+15	3.17556e+15	4.76334e+15	6.35112e+15	7.93891e+15	9.52669e+15	1.16227e+16	1.52406e+16	2.68413e+16	2.75524e+16	3.09747e+17	4.54042e+17	2.35176	2.72264	2.72264	2.72264	2.72264	2.72264	2.72264	2.72264	2.72264	2.81742	3.07865	3.38746	4.62309	4.68986	4.68986	
78786.2	6.85646e+17	2.78556e+17	1.21897e+17	7.71251e+16	1.5425e+17	2.31375e+17	3.08501e+17	3.85626e+17	4.62751e+17	5.39083e+17	6.13022e+17	6.74263e+17	7.52115e+17	3.35251e+17	8.60031e+15	6.22345e+15	5.73418e+15	2.50929e+15	1.58765e+15	3.1753e+15	4.76295e+15	6.3506e+15	7.93825e+15	9.5259e+15	1.16148e+16	1.52159e+16	2.68114e+16	2.77334e+16	3.09746e+17	4.54042e+17	2.35534	2.7048	2.7048	2.7048	2.7048	2.7048	2.7048	2.7048	2.7048	2.79769	3.05476	3.36053	4.61929	4.68986	4.68986	
79039.1	6.85647e+17	2.78557e+17	1.21897e+17	7.71254e+16	1.54251e+17	2.31376e+17	3.08501e+17	3.85627e+17	4.62752e+17	5.39096e+17	6.13064e+17	6.74324e+17	7.5182e+17	3.3525e+17	8.60031e+15	6.223e+15	5.7337e+15	2.50908e+15	1.58752e+15	3.17503e+15	4.76255e+15	6.35007e+15	7.93758e+15	9.5251e+15	1.16066e+16	1.519e+16	2.67734e+16	2.79192e+16	3.09746e+17	4.54042e+17	2.35892	2.68732	2.68732	2.68732	2.68732	2.68732	2.68732	2.68732	2.68732	2.77832	3.03115	3.33371	4.61531	4.68986	4.68986	
79292.1	6.85648e+17	2.78558e+17	1.21898e+17	7.71256e+16	1.54251e+17	2.31377e+17	3.08502e+17	3.85628e+17	4.62753e+17	5.3911e+17	6.13107e+17	6.74397e+17	7.51517e+17	3.3525e+17	8.60031e+15	6.22256e+15	5.73321e+15	2.50887e+15	1.58738e+15	3.17476e+15	4.76214e+15	6.34952e+15	7.9369e+15	9.52428e+15	1.15983e+16	1.51629e+16	2.67274e+16	2.81093e+16	3.09746e+17	4.54042e+17	2.36249	2.67024	2.67024	2.67024	2.67024	2.67024	2.67024	2.67024	2.67024	2.75935	3.00789	3.30708	4.61117	4.68986	4.68986	
79544.8	6.85649e+17	2.78558e+17	1.21898e+17	7.71258e+16	1.54252e+17	2.31377e+17	3.08503e+17	3.85629e+17	4.62755e+17	5.39123e+17	6.13151e+17	6.74483e+17	7.51208e+17	3.3525e+17	8.60031e+15	6.22212e+15	5.73271e+15	2.50865e+15	1.58724e+15	3.17448e+15	4.76172e+15	6.34897e+15	7.93621e+15	9.52345e+15	1.15898e+16	1.51347e+16	2.66737e+16	2.83034e+16	3.09746e+17	4.54042e+17	2.36606	2.65359	2.65359	2.65359	2.65359	2.65359	2.65359	2.65359	2.65359	2.7408	2.98501	3.28068	4.60686	4.68986	4.68986	
79797.2	6.8565e+17	2.78559e+17	1.21898e+17	7.7126e+16	1.54252e+17	2.31378e+17	3.08504e+17	3.8563e+17	4.62756e+17	5.39137e+17	6.13198e+17	6.7458e+17	7.50893e+17	3.3525e+17	8.60031e+15	6.22168e+15	5.7322e+15	2.50842e+15	1.5871e+15	3.1742e+15	4.7613e+15	6.3484e+15	7.9355e+15	9.5226e+15	1.15812e+16	1.51054e+16	2.66125e+16	2.85015e+16	3.09745e+17	4.54042e+17	2.36962	2.63735	2.63735	2.63735	2.63735	2.63735	2.63735	2.63735	2.63735	2.72267	2.9625	3.25452	4.60238	4.68986	4.68986	
80050.5	6.8565e+17	2.7856e+17	1.21899e+17	7.71263e+16	1.54253e+17	2.31379e+17	3.08505e+17	3.85631e+17	4.62758e+17	5.39151e+17	6.13246e+17	6.74689e+17	7.5057e+17	3.35249e+17	8.60031e+15	6.22124e+15	5.73168e+15	2.5082e+15	1.58696e+15	3.17391e+15	4.76087e+15	6.34783e+15	7.93479e+15	9.52174e+15	1.15724e+16	1.5075e+16	2.65437e+16	2.87044e+16	3.09745e+17	4.54042e+17	2.37319	2.62147	2.62147	2.62147	2.62147	2.62147	2.62147	2.62147	2.62147	2.70489	2.94029	3.22851	4.59771	4.68986	4.68986	
80303.3	6.85651e+17	2.78561e+17	1.21899e+17	7.71265e+16	1.54253e+17	2.31379e+17	3.08506e+17	3.85632e+17	4.62759e+17	5.39165e+17	6.13295e+17	6.7481e+17	7.50241e+17	3.35249e+17	8.60031e+15	6.2208e+15	5.73115e+15	2.50797e+15	1.58681e+15	3.17362e+15	4.76044e+15	6.34725e+15	7.93406e+15	9.52087e+15	1.15635e+16	1.50437e+16	2.64679e+16	2.8911e+16	3.09745e+17	4.54042e+17	2.37676	2.60601	2.60601	2.60601	2.60601	2.60601	2.60601	2.60601	2.60601	2.68754	2.91849	3.2028	4.59286	4.68986	4.68986	
80556.4	6.85652e+17	2.78562e+17	1.21899e+17	7.71267e+16	1.54253e+17	2.3138e+17	3.08507e+17	3.85634e+17	4.6276e+17	5.39179e+17	6.13347e+17	6.74942e+17	7.49905e+17	3.35249e+17	8.60031e+15	6.22036e+15	5.73062e+15	2.50773e+15	1.58666e+15	3.17333e+15	4.75999e+15	6.34666e+15	7.93332e+15	9.51999e+15	1.15545e+16	1.50114e+16	2.6385e+16	2.91218e+16	3.09745e+17	4.54042e+17	2.38032	2.59094	2.59094	2.59094	2.59094	2.59094	2.59094	2.59094	2.59094	2.67059	2.89705	3.17733	4.58782	4.68986	4.68986	
80809.2	6.85653e+17	2.78563e+17	1.219e+17	7.7127e+16	1.54254e+17	2.31381e+17	3.08508e+17	3.85635e+17	4.62762e+17	5.39193e+17	6.13399e+17	6.75085e+17	7.49564e+17	3.35249e+17	8.60031e+15	6.21992e+15	5.73008e+15	2.5075e+15	1.58652e+15	3.17303e+15	4.75955e+15	6.34606e+15	7.93258e+15	9.51909e+15	1.15455e+16	1.49784e+16	2.62954e+16	2.93363e+16	3.09745e+17	4.54042e+17	2.38388	2.5763	2.5763	2.5763	2.5763	2.5763	2.5763	2.5763	2.5763	2.65407	2.87603	3.15218	4.58259	4.68986	4.68986	
81061.8	6.85654e+17	2.78564e+17	1.219e+17	7.71272e+16	1.54254e+17	2.31382e+17	3.08509e+17	3.85636e+17	4.62763e+17	5.39208e+17	6.13453e+17	6.75237e+17	7.49216e+17	3.35248e+17	8.60031e+15	6.21949e+15	5.72954e+15	2.50726e+15	1.58637e+15	3.17273e+15	4.7591e+15	6.34546e+15	7.93183e+15	9.51819e+15	1.15363e+16	1.49446e+16	2.61995e+16	2.95543e+16	3.09744e+17	4.54042e+17	2.38743	2.56206	2.56206	2.56206	2.56206	2.56206	2.56206	2.56206	2.56206	2.63797	2.85542	3.12734	4.57717	4.68986	4.68986	
81314.4	6.85654e+17	2.78564e+17	1.21901e+17	7.71275e+16	1.54255e+17	2.31382e+17	3.0851e+17	3.85637e+17	4.62765e+17	5.39222e+17	6.13507e+17	6.754e+17	7.48863e+17	3.35248e+17	8.60031e+15	6.21906e+15	5.72899e+15	2.50702e+15	1.58621e+15	3.17243e+15	4.75864e+15	6.34485e+15	7.93107e+15	9.51728e+15	1.15271e+16	1.491e+16	2.60973e+16	2.97759e+16	3.09744e+17	4.54042e+17	2.39097	2.54822	2.54822	2.54822	2.54822	2.54822	2.54822	2.54822	2.54822	2.62229	2.83521	3.10282	4.57156	4.68986	4.68986	
81567.5	6.85655e+17	2.78565e+17	1.21901e+17	7.71277e+16	1.54255e+17	2.31383e+17	3.08511e+17	3.85639e+17	4.62766e+17	5.39237e+17	6.13563e+17	6.75573e+17	7.48504e+17	3.35248e+17	8.60031e+15	6.21862e+15	5.72844e+15	2.50678e+15	1.58606e+15	3.17212e+15	4.75818e+15	6.34424e+15	7.9303e+15	9.51636e+15	1.15178e+16	1.48748e+16	2.59888e+16	3.00016e+16	3.09744e+17	4.54042e+17	2.39452	2.53476	2.53476	2.53476	2.53476	2.53476	2.53476	2.53476	2.53476	2.60698	2.81537	3.07858	4.56574	4.68986	4.68986	
81820.8	6.85656e+17	2.78566e+17	1.21901e+17	7.7128e+16	1.54256e+17	2.31384e+17	3.08512e+17	3.8564e+17	4.62768e+17	5.39252e+17	6.1362e+17	6.75755e+17	7.48139e+17	3.35248e+17	8.60031e+15	6.21819e+15	5.72788e+15	2.50654e+15	1.58591e+15	3.17181e+15	4.75772e+15	6.34362e+15	7.92953e+15	9.51543e+15	1.15085e+16	1.48388e+16	2.58745e+16	3.02309e+16	3.09744e+17	4.54042e+17	2.39807	2.52167	2.52167	2.52167	2.52167	2.52167	2.52167	2.52167	2.52167	2.59207	2.79592	3.05464	4.5597	4.68986	4.68986	
82073.3	6.85657e+17	2.78567e+17	1.21902e+17	7.71282e+16	1.54256e+17	2.31385e+17	3.08513e+17	3.85641e+17	4.62769e+17	5.39267e+17	6.13678e+17	6.75945e+17	7.47769e+17	3.35247e+17	8.60031e+15	6.21776e+15	5.72732e+15	2.50629e+15	1.58575e+15	3.1715e+15	4.75725e+15	6.343e+15	7.92875e+15	9.5145e+15	1.14991e+16	1.48025e+16	2.5755e+16	3.04628e+16	3.09743e+17	4.54042e+17	2.40161	2.50902	2.50902	2.50902	2.50902	2.50902	2.50902	2.50902	2.50902	2.57761	2.77695	3.03115	4.55347	4.68986	4.68986	
82325.9	6.85658e+17	2.78568e+17	1.21902e+17	7.71285e+16	1.54257e+17	2.31385e+17	3.08514e+17	3.85642e+17	4.62771e+17	5.39282e+17	6.13736e+17	6.76143e+17	7.47394e+17	3.35247e+17	8.60031e+15	6.21734e+15	5.72676e+15	2.50604e+15	1.58559e+15	3.17119e+15	4.75678e+15	6.34238e+15	7.92797e+15	9.51356e+15	1.14898e+16	1.47656e+16	2.56302e+16	3.06979e+16	3.09743e+17	4.54042e+17	2.40514	2.49675	2.49675	2.49675	2.49675	2.49675	2.49675	2.49675	2.49675	2.56356	2.75839	3.00799	4.54704	4.68986	4.68986	
82579.1	6.85658e+17	2.78569e+17	1.21903e+17	7.71287e+16	1.54257e+17	2.31386e+17	3.08515e+17	3.85644e+17	4.62772e+17	5.39297e+17	6.13795e+17	6.7635e+17	7.47014e+17	3.35247e+17	8.60031e+15	6.21691e+15	5.72619e+15	2.50579e+15	1.58544e+15	3.17087e+15	4.75631e+15	6.34175e+15	7.92718e+15	9.51262e+15	1.14803e+16	1.47282e+16	2.55001e+16	3.09366e+16	3.09743e+17	4.54042e+17	2.40868	2.48483	2.48483	2.48483	2.48483	2.48483	2.48483	2.48483	2.48483	2.54987	2.7402	2.98516	4.54037	4.68986	4.68986	
82832.5	6.85659e+17	2.7857e+17	1.21903e+17	7.7129e+16	1.54258e+17	2.31387e+17	3.08516e+17	3.85645e+17	4.62774e+17	5.39312e+17	6.13855e+17	6.76565e+17	7.46629e+17	3.35247e+17	8.60031e+15	6.21648e+15	5.72561e+15	2.50554e+15	1.58528e+15	3.17056e+15	4.75583e+15	6.34111e+15	7.92639e+15	9.51167e+15	1.14709e+16	1.46904e+16	2.5365e+16	3.11784e+16	3.09743e+17	4.54042e+17	2.41221	2.47329	2.47329	2.47329	2.47329	2.47329	2.47329	2.47329	2.47329	2.53658	2.72242	2.96269	4.53348	4.68986	4.68986	
83085	6.8566e+17	2.78571e+17	1.21903e+17	7.71292e+16	1.54258e+17	2.31388e+17	3.08517e+17	3.85646e+17	4.62775e+17	5.39326e+17	6.13915e+17	6.76786e+17	7.4624e+17	3.35246e+17	8.60031e+15	6.21606e+15	5.72504e+15	2.50529e+15	1.58512e+15	3.17024e+15	4.75536e+15	6.34048e+15	7.9256e+15	9.51072e+15	1.14615e+16	1.46524e+16	2.52261e+16	3.1422e+16	3.09742e+17	4.54042e+17	2.41573	2.46217	2.46217	2.46217	2.46217	2.46217	2.46217	2.46217	2.46217	2.52374	2.70513	2.9407	4.5264	4.68986	4.68986	
83338.3	6.85661e+17	2.78572e+17	1.21904e+17	7.71295e+16	1.54259e+17	2.31388e+17	3.08518e+17	3.85647e+17	4.62777e+17	5.39341e+17	6.13976e+17	6.77014e+17	7.45846e+17	3.35246e+17	8.60031e+15	6.21564e+15	5.72447e+15	2.50504e+15	1.58496e+15	3.16992e+15	4.75488e+15	6.33984e+15	7.9248e+15	9.50976e+15	1.14522e+16	1.4614e+16	2.50824e+16	3.16691e+16	3.09742e+17	4.54042e+17	2.41925	2.45139	2.45139	2.45139	2.45139	2.45139	2.45139	2.45139	2.45139	2.51125	2.68821	2.91903	4.51907	4.68986	4.68986	
83590.8	6.85661e+17	2.78573e+17	1.21904e+17	7.71297e+16	1.54259e+17	2.31389e+17	3.08519e+17	3.85649e+17	4.62778e+17	5.39356e+17	6.14037e+17	6.77248e+17	7.4545e+17	3.35246e+17	8.60031e+15	6.21522e+15	5.72389e+15	2.50479e+15	1.5848e+15	3.1696e+15	4.7544e+15	6.3392e+15	7.924e+15	9.5088e+15	1.14428e+16	1.45754e+16	2.49353e+16	3.19178e+16	3.09742e+17	4.54042e+17	2.42276	2.441	2.441	2.441	2.441	2.441	2.441	2.441	2.441	2.49918	2.67177	2.89782	4.51154	4.68986	4.68986	
83844	6.85662e+17	2.78574e+17	1.21905e+17	7.713e+16	1.5426e+17	2.3139e+17	3.0852e+17	3.8565e+17	4.6278e+17	5.39371e+17	6.14099e+17	6.77489e+17	7.45049e+17	3.35246e+17	8.60031e+15	6.21479e+15	5.72331e+15	2.50454e+15	1.58464e+15	3.16928e+15	4.75392e+15	6.33856e+15	7.9232e+15	9.50784e+15	1.14335e+16	1.45366e+16	2.47841e+16	3.21693e+16	3.09742e+17	4.54042e+17	2.42628	2.43096	2.43096	2.43096	2.43096	2.43096	2.43096	2.43096	2.43096	2.48748	2.65571	2.87698	4.50376	4.68986	4.68986	
84096.8	6.85663e+17	2.78575e+17	1.21905e+17	7.71303e+16	1.54261e+17	2.31391e+17	3.08521e+17	3.85651e+17	4.62782e+17	5.39386e+17	6.1416e+17	6.77735e+17	7.44645e+17	3.35245e+17	8.60031e+15	6.21437e+15	5.72273e+15	2.50428e+15	1.58448e+15	3.16896e+15	4.75344e+15	6.33792e+15	7.9224e+15	9.50688e+15	1.14242e+16	1.44977e+16	2.46296e+16	3.24226e+16	3.09742e+17	4.54042e+17	2.42979	2.42129	2.42129	2.42129	2.42129	2.42129	2.42129	2.42129	2.42129	2.47618	2.64009	2.85659	4.49577	4.68986	4.68986	
84350.3	6.85664e+17	2.78576e+17	1.21905e+17	7.71305e+16	1.54261e+17	2.31392e+17	3.08522e+17	3.85653e+17	4.62783e+17	5.394e+17	6.14222e+17	6.77986e+17	7.44237e+17	3.35245e+17	8.60031e+15	6.21396e+15	5.72215e+15	2.50403e+15	1.58432e+15	3.16864e+15	4.75296e+15	6.33727e+15	7.92159e+15	9.50591e+15	1.1415e+16	1.44586e+16	2.44716e+16	3.26784e+16	3.09741e+17	4.54042e+17	2.4333	2.41195	2.41195	2.41195	2.41195	2.41195	2.41195	2.41195	2.41195	2.46524	2.62486	2.83657	4.48752	4.68986	4.68986	
84602.9	6.85664e+17	2.78576e+17	1.21906e+17	7.71308e+16	1.54262e+17	2.31392e+17	3.08523e+17	3.85654e+17	4.62785e+17	5.39415e+17	6.14284e+17	6.78241e+17	7.43828e+17	3.35245e+17	8.60031e+15	6.21354e+15	5.72157e+15	2.50377e+15	1.58416e+15	3.16832e+15	4.75247e+15	6.33663e+15	7.92079e+15	9.50495e+15	1.14058e+16	1.44196e+16	2.43112e+16	3.29351e+16	3.09741e+17	4.54042e+17	2.43679	2.40299	2.40299	2.40299	2.40299	2.40299	2.40299	2.40299	2.40299	2.4547	2.61011	2.81704	4.47907	4.68986	4.68986	
84855.7	6.85665e+17	2.78577e+17	1.21906e+17	7.7131e+16	1.54262e+17	2.31393e+17	3.08524e+17	3.85655e+17	4.62786e+17	5.39429e+17	6.14346e+17	6.785e+17	7.43415e+17	3.35245e+17	8.60031e+15	6.21312e+15	5.72099e+15	2.50352e+15	1.584e+15	3.16799e+15	4.75199e+15	6.33599e+15	7.91998e+15	9.50398e+15	1.13967e+16	1.43806e+16	2.41481e+16	3.31934e+16	3.09741e+17	4.54042e+17	2.44028	2.39438	2.39438	2.39438	2.39438	2.39438	2.39438	2.39438	2.39438	2.44454	2.59576	2.79794	4.47038	4.68986	4.68986	
85108.8	6.85666e+17	2.78578e+17	1.21907e+17	7.71313e+16	1.54263e+17	2.31394e+17	3.08525e+17	3.85657e+17	4.62788e+17	5.39444e+17	6.14408e+17	6.78763e+17	7.43001e+17	3.35244e+17	8.60031e+15	6.21271e+15	5.72041e+15	2.50326e+15	1.58384e+15	3.16767e+15	4.75151e+15	6.33534e+15	7.91918e+15	9.50301e+15	1.13877e+16	1.43415e+16	2.39824e+16	3.34534e+16	3.09741e+17	4.54042e+17	2.44377	2.38609	2.38609	2.38609	2.38609	2.38609	2.38609	2.38609	2.38609	2.43472	2.58182	2.77924	4.46144	4.68986	4.68986	
85362.3	6.85667e+17	2.78579e+17	1.21907e+17	7.71316e+16	1.54263e+17	2.31395e+17	3.08526e+17	3.85658e+17	4.62789e+17	5.39458e+17	6.14469e+17	6.79031e+17	7.42583e+17	3.35244e+17	8.60031e+15	6.2123e+15	5.71982e+15	2.50301e+15	1.58367e+15	3.16735e+15	4.75102e+15	6.3347e+15	7.91837e+15	9.50205e+15	1.13787e+16	1.43025e+16	2.38143e+16	3.37149e+16	3.0974e+17	4.54042e+17	2.44727	2.37812	2.37812	2.37812	2.37812	2.37812	2.37812	2.37812	2.37812	2.42526	2.56827	2.76096	4.45225	4.68986	4.68986	
85615	6.85668e+17	2.7858e+17	1.21907e+17	7.71318e+16	1.54264e+17	2.31395e+17	3.08527e+17	3.85659e+17	4.62791e+17	5.39472e+17	6.14531e+17	6.793e+17	7.42166e+17	3.35244e+17	8.60031e+15	6.21188e+15	5.71924e+15	2.50275e+15	1.58351e+15	3.16703e+15	4.75054e+15	6.33405e+15	7.91757e+15	9.50108e+15	1.13698e+16	1.42637e+16	2.36449e+16	3.39765e+16	3.0974e+17	4.54042e+17	2.45074	2.37051	2.37051	2.37051	2.37051	2.37051	2.37051	2.37051	2.37051	2.41618	2.55518	2.74318	4.44286	4.68986	4.68986	
85867.7	6.85668e+17	2.78581e+17	1.21908e+17	7.71321e+16	1.54264e+17	2.31396e+17	3.08528e+17	3.8566e+17	4.62793e+17	5.39486e+17	6.14592e+17	6.79572e+17	7.41747e+17	3.35244e+17	8.60031e+15	6.21147e+15	5.71866e+15	2.5025e+15	1.58335e+15	3.16671e+15	4.75006e+15	6.33341e+15	7.91676e+15	9.50012e+15	1.13611e+16	1.42251e+16	2.34737e+16	3.42389e+16	3.0974e+17	4.54042e+17	2.45422	2.36322	2.36322	2.36322	2.36322	2.36322	2.36322	2.36322	2.36322	2.40745	2.5425	2.72583	4.43322	4.68986	4.68986	
86121.1	6.85669e+17	2.78582e+17	1.21908e+17	7.71323e+16	1.54265e+17	2.31397e+17	3.08529e+17	3.85662e+17	4.62794e+17	5.395e+17	6.14653e+17	6.79846e+17	7.41326e+17	3.35243e+17	8.60031e+15	6.21106e+15	5.71808e+15	2.50225e+15	1.58319e+15	3.16638e+15	4.74958e+15	6.33277e+15	7.91596e+15	9.49915e+15	1.13524e+16	1.41866e+16	2.33008e+16	3.45025e+16	3.0974e+17	4.54042e+17	2.45769	2.35623	2.35623	2.35623	2.35623	2.35623	2.35623	2.35623	2.35623	2.39906	2.5302	2.70888	4.42333	4.68986	4.68986	
86374.6	6.8567e+17	2.78583e+17	1.21909e+17	7.71326e+16	1.54265e+17	2.31398e+17	3.0853e+17	3.85663e+17	4.62796e+17	5.39513e+17	6.14714e+17	6.80123e+17	7.40905e+17	3.35243e+17	8.60031e+15	6.21065e+15	5.7175e+15	2.50199e+15	1.58303e+15	3.16606e+15	4.74909e+15	6.33212e+15	7.91516e+15	9.49819e+15	1.13437e+16	1.41483e+16	2.31266e+16	3.47666e+16	3.0974e+17	4.54042e+17	2.46117	2.34955	2.34955	2.34955	2.34955	2.34955	2.34955	2.34955	2.34955	2.39099	2.51829	2.69237	4.41318	4.68986	4.68986	
86627.6	6.85671e+17	2.78584e+17	1.21909e+17	7.71329e+16	1.54266e+17	2.31399e+17	3.08531e+17	3.85664e+17	4.62797e+17	5.39527e+17	6.14774e+17	6.80401e+17	7.40484e+17	3.35243e+17	8.60031e+15	6.21025e+15	5.71692e+15	2.50174e+15	1.58287e+15	3.16574e+15	4.74861e+15	6.33148e+15	7.91435e+15	9.49723e+15	1.13353e+16	1.41103e+16	2.29518e+16	3.50301e+16	3.09739e+17	4.54042e+17	2.46463	2.34319	2.34319	2.34319	2.34319	2.34319	2.34319	2.34319	2.34319	2.38328	2.50681	2.67634	4.40282	4.68986	4.68986	
86880	6.85671e+17	2.78585e+17	1.21909e+17	7.71331e+16	1.54266e+17	2.31399e+17	3.08532e+17	3.85666e+17	4.62799e+17	5.3954e+17	6.14833e+17	6.80679e+17	7.40064e+17	3.35243e+17	8.60031e+15	6.20984e+15	5.71634e+15	2.50149e+15	1.58271e+15	3.16542e+15	4.74813e+15	6.33085e+15	7.91356e+15	9.49627e+15	1.13269e+16	1.40728e+16	2.27766e+16	3.5293e+16	3.09739e+17	4.54042e+17	2.46808	2.33715	2.33715	2.33715	2.33715	2.33715	2.33715	2.33715	2.33715	2.37592	2.49574	2.66079	4.39224	4.68986	4.68986	
87133.4	6.85672e+17	2.78586e+17	1.2191e+17	7.71334e+16	1.54267e+17	2.314e+17	3.08534e+17	3.85667e+17	4.628e+17	5.39553e+17	6.14892e+17	6.80959e+17	7.39643e+17	3.35242e+17	8.60032e+15	6.20944e+15	5.71577e+15	2.50123e+15	1.58255e+15	3.1651e+15	4.74765e+15	6.33021e+15	7.91276e+15	9.49531e+15	1.13186e+16	1.40354e+16	2.26003e+16	3.55566e+16	3.09739e+17	4.54042e+17	2.47153	2.33137	2.33137	2.33137	2.33137	2.33137	2.33137	2.33137	2.33137	2.36885	2.48503	2.64561	4.38138	4.68986	4.68986	
87386.4	6.85673e+17	2.78587e+17	1.2191e+17	7.71336e+16	1.54267e+17	2.31401e+17	3.08535e+17	3.85668e+17	4.62802e+17	5.39566e+17	6.14951e+17	6.81239e+17	7.39223e+17	3.35242e+17	8.60032e+15	6.20903e+15	5.71519e+15	2.50098e+15	1.58239e+15	3.16478e+15	4.74718e+15	6.32957e+15	7.91196e+15	9.49435e+15	1.13105e+16	1.39983e+16	2.2424e+16	3.58193e+16	3.09739e+17	4.54042e+17	2.47498	2.3259	2.3259	2.3259	2.3259	2.3259	2.3259	2.3259	2.3259	2.36212	2.47472	2.6309	4.3703	4.68986	4.68986	
87640.1	6.85673e+17	2.78588e+17	1.21911e+17	7.71339e+16	1.54268e+17	2.31402e+17	3.08536e+17	3.85669e+17	4.62803e+17	5.39579e+17	6.15009e+17	6.8152e+17	7.38804e+17	3.35242e+17	8.60032e+15	6.20863e+15	5.71462e+15	2.50073e+15	1.58223e+15	3.16447e+15	4.7467e+15	6.32893e+15	7.91117e+15	9.4934e+15	1.13024e+16	1.39616e+16	2.22471e+16	3.60819e+16	3.09738e+17	4.54042e+17	2.47843	2.32069	2.32069	2.32069	2.32069	2.32069	2.32069	2.32069	2.32069	2.35567	2.46476	2.61659	4.35895	4.68986	4.68986	
87893.2	6.85674e+17	2.78589e+17	1.21911e+17	7.71341e+16	1.54268e+17	2.31402e+17	3.08537e+17	3.85671e+17	4.62805e+17	5.39591e+17	6.15067e+17	6.818e+17	7.38386e+17	3.35242e+17	8.60032e+15	6.20823e+15	5.71405e+15	2.50048e+15	1.58207e+15	3.16415e+15	4.74622e+15	6.3283e+15	7.91037e+15	9.49245e+15	1.12945e+16	1.39254e+16	2.20707e+16	3.6343e+16	3.09738e+17	4.54042e+17	2.48187	2.31577	2.31577	2.31577	2.31577	2.31577	2.31577	2.31577	2.31577	2.34955	2.4552	2.60275	4.34739	4.68986	4.68986	
88146	6.85675e+17	2.7859e+17	1.21912e+17	7.71344e+16	1.54269e+17	2.31403e+17	3.08538e+17	3.85672e+17	4.62806e+17	5.39604e+17	6.15123e+17	6.82079e+17	7.37972e+17	3.35241e+17	8.60032e+15	6.20783e+15	5.71348e+15	2.50023e+15	1.58192e+15	3.16383e+15	4.74575e+15	6.32767e+15	7.90959e+15	9.4915e+15	1.12867e+16	1.38896e+16	2.18948e+16	3.66025e+16	3.09738e+17	4.54043e+17	2.4853	2.31113	2.31113	2.31113	2.31113	2.31113	2.31113	2.31113	2.31113	2.34374	2.44602	2.58936	4.3356	4.68986	4.68986	
88398.9	6.85676e+17	2.7859e+17	1.21912e+17	7.71347e+16	1.54269e+17	2.31404e+17	3.08539e+17	3.85673e+17	4.62808e+17	5.39616e+17	6.15179e+17	6.82358e+17	7.37559e+17	3.35241e+17	8.60032e+15	6.20743e+15	5.71291e+15	2.49998e+15	1.58176e+15	3.16352e+15	4.74528e+15	6.32704e+15	7.9088e+15	9.49056e+15	1.12791e+16	1.38543e+16	2.17194e+16	3.68608e+16	3.09738e+17	4.54043e+17	2.48873	2.30675	2.30675	2.30675	2.30675	2.30675	2.30675	2.30675	2.30675	2.33822	2.43721	2.57639	4.32358	4.68986	4.68986	
88652.2	6.85676e+17	2.78591e+17	1.21912e+17	7.71349e+16	1.5427e+17	2.31405e+17	3.0854e+17	3.85675e+17	4.62809e+17	5.39628e+17	6.15234e+17	6.82636e+17	7.37148e+17	3.35241e+17	8.60032e+15	6.20703e+15	5.71234e+15	2.49974e+15	1.5816e+15	3.16321e+15	4.74481e+15	6.32641e+15	7.90802e+15	9.48962e+15	1.12715e+16	1.38194e+16	2.15443e+16	3.71179e+16	3.09738e+17	4.54043e+17	2.49216	2.30262	2.30262	2.30262	2.30262	2.30262	2.30262	2.30262	2.30262	2.33298	2.42874	2.56382	4.31131	4.68986	4.68986	
88905.8	6.85677e+17	2.78592e+17	1.21913e+17	7.71352e+16	1.5427e+17	2.31405e+17	3.08541e+17	3.85676e+17	4.62811e+17	5.39639e+17	6.15289e+17	6.82913e+17	7.36739e+17	3.35241e+17	8.60032e+15	6.20663e+15	5.71178e+15	2.49949e+15	1.58145e+15	3.16289e+15	4.74434e+15	6.32579e+15	7.90723e+15	9.48868e+15	1.12641e+16	1.37849e+16	2.13698e+16	3.73735e+16	3.09737e+17	4.54043e+17	2.49558	2.29874	2.29874	2.29874	2.29874	2.29874	2.29874	2.29874	2.29874	2.32801	2.42061	2.55166	4.29878	4.68986	4.68986	
89158.6	6.85678e+17	2.78593e+17	1.21913e+17	7.71354e+16	1.54271e+17	2.31406e+17	3.08542e+17	3.85677e+17	4.62812e+17	5.39651e+17	6.15343e+17	6.83187e+17	7.36335e+17	3.35241e+17	8.60032e+15	6.20624e+15	5.71122e+15	2.49924e+15	1.58129e+15	3.16258e+15	4.74387e+15	6.32517e+15	7.90646e+15	9.48775e+15	1.12568e+16	1.3751e+16	2.11968e+16	3.76263e+16	3.09737e+17	4.54043e+17	2.49899	2.29512	2.29512	2.29512	2.29512	2.29512	2.29512	2.29512	2.29512	2.32334	2.41285	2.53996	4.28607	4.68986	4.68986	
89411.5	6.85679e+17	2.78594e+17	1.21913e+17	7.71357e+16	1.54271e+17	2.31407e+17	3.08543e+17	3.85678e+17	4.62814e+17	5.39662e+17	6.15395e+17	6.8346e+17	7.35934e+17	3.3524e+17	8.60032e+15	6.20584e+15	5.71066e+15	2.499e+15	1.58114e+15	3.16227e+15	4.74341e+15	6.32455e+15	7.90568e+15	9.48682e+15	1.12497e+16	1.37177e+16	2.10249e+16	3.78769e+16	3.09737e+17	4.54043e+17	2.5024	2.29173	2.29173	2.29173	2.29173	2.29173	2.29173	2.29173	2.29173	2.31893	2.40543	2.52866	4.27313	4.68986	4.68986	
89664.9	6.85679e+17	2.78595e+17	1.21914e+17	7.71359e+16	1.54272e+17	2.31408e+17	3.08544e+17	3.8568e+17	4.62815e+17	5.39673e+17	6.15448e+17	6.83731e+17	7.35537e+17	3.3524e+17	8.60032e+15	6.20545e+15	5.7101e+15	2.49875e+15	1.58098e+15	3.16196e+15	4.74295e+15	6.32393e+15	7.90491e+15	9.48589e+15	1.12427e+16	1.36848e+16	2.0854e+16	3.81255e+16	3.09737e+17	4.54043e+17	2.50581	2.28858	2.28858	2.28858	2.28858	2.28858	2.28858	2.28858	2.28858	2.31478	2.39834	2.51775	4.25994	4.68986	4.68986	
89918.3	6.8568e+17	2.78596e+17	1.21914e+17	7.71362e+16	1.54272e+17	2.31408e+17	3.08545e+17	3.85681e+17	4.62817e+17	5.39684e+17	6.15499e+17	6.84e+17	7.35143e+17	3.3524e+17	8.60032e+15	6.20506e+15	5.70954e+15	2.49851e+15	1.58083e+15	3.16166e+15	4.74248e+15	6.32331e+15	7.90414e+15	9.48497e+15	1.12358e+16	1.36524e+16	2.06845e+16	3.83715e+16	3.09737e+17	4.54043e+17	2.50921	2.28565	2.28565	2.28565	2.28565	2.28565	2.28565	2.28565	2.28565	2.31088	2.39157	2.50725	4.24652	4.68986	4.68986	
90168.3	6.85681e+17	2.78597e+17	1.21915e+17	7.71364e+16	1.54273e+17	2.31409e+17	3.08546e+17	3.85682e+17	4.62818e+17	5.39695e+17	6.15548e+17	6.84263e+17	7.3476e+17	3.3524e+17	8.60032e+15	6.20467e+15	5.709e+15	2.49827e+15	1.58068e+15	3.16135e+15	4.74203e+15	6.32271e+15	7.90338e+15	9.48406e+15	1.12292e+16	1.3621e+16	2.05188e+16	3.86114e+16	3.09736e+17	4.54043e+17	2.51256	2.28299	2.28299	2.28299	2.28299	2.28299	2.28299	2.28299	2.28299	2.30729	2.38521	2.49727	4.23307	4.68986	4.68986	
90421	6.85681e+17	2.78598e+17	1.21915e+17	7.71367e+16	1.54273e+17	2.3141e+17	3.08547e+17	3.85683e+17	4.6282e+17	5.39705e+17	6.15598e+17	6.84526e+17	7.34376e+17	3.35239e+17	8.60032e+15	6.20428e+15	5.70845e+15	2.49803e+15	1.58052e+15	3.16105e+15	4.74157e+15	6.3221e+15	7.90262e+15	9.48315e+15	1.12226e+16	1.35899e+16	2.03529e+16	3.88508e+16	3.09736e+17	4.54043e+17	2.51594	2.28051	2.28051	2.28051	2.28051	2.28051	2.28051	2.28051	2.28051	2.30389	2.37909	2.48757	4.21926	4.68986	4.68986	
90671.1	6.85682e+17	2.78599e+17	1.21915e+17	7.71369e+16	1.54274e+17	2.31411e+17	3.08548e+17	3.85684e+17	4.62821e+17	5.39715e+17	6.15646e+17	6.84784e+17	7.34003e+17	3.35239e+17	8.60032e+15	6.2039e+15	5.7079e+15	2.49779e+15	1.58037e+15	3.16075e+15	4.74112e+15	6.3215e+15	7.90187e+15	9.48225e+15	1.12162e+16	1.35596e+16	2.01906e+16	3.90845e+16	3.09736e+17	4.54043e+17	2.51929	2.27826	2.27826	2.27826	2.27826	2.27826	2.27826	2.27826	2.27826	2.30077	2.37334	2.47835	4.20539	4.68986	4.68986	
90923.6	6.85683e+17	2.78599e+17	1.21916e+17	7.71371e+16	1.54274e+17	2.31411e+17	3.08549e+17	3.85686e+17	4.62823e+17	5.39726e+17	6.15693e+17	6.85041e+17	7.3363e+17	3.35239e+17	8.60032e+15	6.20351e+15	5.70736e+15	2.49756e+15	1.58022e+15	3.16045e+15	4.74067e+15	6.32089e+15	7.90112e+15	9.48134e+15	1.12099e+16	1.35296e+16	2.00286e+16	3.93171e+16	3.09736e+17	4.54043e+17	2.52266	2.2762	2.2762	2.2762	2.2762	2.2762	2.2762	2.2762	2.2762	2.29785	2.36783	2.46942	4.19117	4.68986	4.68986	
91177.1	6.85684e+17	2.786e+17	1.21916e+17	7.71374e+16	1.54275e+17	2.31412e+17	3.0855e+17	3.85687e+17	4.62824e+17	5.39735e+17	6.1574e+17	6.85296e+17	7.33262e+17	3.35239e+17	8.60032e+15	6.20312e+15	5.70681e+15	2.49732e+15	1.58007e+15	3.16015e+15	4.74022e+15	6.32029e+15	7.90036e+15	9.48044e+15	1.12037e+16	1.35001e+16	1.98678e+16	3.9547e+16	3.09735e+17	4.54043e+17	2.52604	2.27432	2.27432	2.27432	2.27432	2.27432	2.27432	2.27432	2.27432	2.29514	2.3626	2.46082	4.17669	4.68986	4.68986	
91430.3	6.85684e+17	2.78601e+17	1.21917e+17	7.71376e+16	1.54275e+17	2.31413e+17	3.0855e+17	3.85688e+17	4.62826e+17	5.39745e+17	6.15786e+17	6.85547e+17	7.32901e+17	3.35238e+17	8.60032e+15	6.20273e+15	5.70627e+15	2.49708e+15	1.57992e+15	3.15985e+15	4.73977e+15	6.31969e+15	7.89962e+15	9.47954e+15	1.11976e+16	1.34712e+16	1.97095e+16	3.97728e+16	3.09735e+17	4.54043e+17	2.52941	2.27265	2.27265	2.27265	2.27265	2.27265	2.27265	2.27265	2.27265	2.29265	2.35766	2.4526	4.16203	4.68986	4.68986	
91684.1	6.85685e+17	2.78602e+17	1.21917e+17	7.71379e+16	1.54276e+17	2.31414e+17	3.08551e+17	3.85689e+17	4.62827e+17	5.39754e+17	6.15831e+17	6.85795e+17	7.32545e+17	3.35238e+17	8.60032e+15	6.20235e+15	5.70573e+15	2.49684e+15	1.57977e+15	3.15955e+15	4.73932e+15	6.31909e+15	7.89887e+15	9.47864e+15	1.11917e+16	1.34428e+16	1.95528e+16	3.99951e+16	3.09735e+17	4.54043e+17	2.53278	2.27116	2.27116	2.27116	2.27116	2.27116	2.27116	2.27116	2.27116	2.29038	2.353	2.44473	4.14714	4.68986	4.68986	
91937.4	6.85686e+17	2.78603e+17	1.21917e+17	7.71381e+16	1.54276e+17	2.31414e+17	3.08552e+17	3.85691e+17	4.62829e+17	5.39764e+17	6.15874e+17	6.86039e+17	7.32197e+17	3.35238e+17	8.60032e+15	6.20197e+15	5.7052e+15	2.49661e+15	1.57963e+15	3.15925e+15	4.73888e+15	6.3185e+15	7.89813e+15	9.47775e+15	1.11859e+16	1.34152e+16	1.93989e+16	4.02127e+16	3.09735e+17	4.54043e+17	2.53614	2.26986	2.26986	2.26986	2.26986	2.26986	2.26986	2.26986	2.26986	2.28832	2.34862	2.43722	4.13209	4.68986	4.68986	
92190.3	6.85686e+17	2.78604e+17	1.21918e+17	7.71383e+16	1.54277e+17	2.31415e+17	3.08553e+17	3.85692e+17	4.6283e+17	5.39773e+17	6.15917e+17	6.86279e+17	7.31856e+17	3.35238e+17	8.60032e+15	6.20158e+15	5.70467e+15	2.49638e+15	1.57948e+15	3.15896e+15	4.73843e+15	6.31791e+15	7.89739e+15	9.47687e+15	1.11802e+16	1.33881e+16	1.92474e+16	4.04256e+16	3.09735e+17	4.54043e+17	2.53949	2.26874	2.26874	2.26874	2.26874	2.26874	2.26874	2.26874	2.26874	2.28646	2.34452	2.43007	4.11687	4.68986	4.68986	
92443.3	6.85687e+17	2.78605e+17	1.21918e+17	7.71386e+16	1.54277e+17	2.31416e+17	3.08554e+17	3.85693e+17	4.62831e+17	5.39781e+17	6.15959e+17	6.86516e+17	7.31522e+17	3.35238e+17	8.60032e+15	6.2012e+15	5.70413e+15	2.49614e+15	1.57933e+15	3.15866e+15	4.73799e+15	6.31732e+15	7.89665e+15	9.47598e+15	1.11747e+16	1.33616e+16	1.90983e+16	4.06341e+16	3.09734e+17	4.54043e+17	2.54284	2.26779	2.26779	2.26779	2.26779	2.26779	2.26779	2.26779	2.26779	2.28481	2.34068	2.42325	4.10145	4.68986	4.68986	
92696.8	6.85688e+17	2.78605e+17	1.21918e+17	7.71388e+16	1.54278e+17	2.31416e+17	3.08555e+17	3.85694e+17	4.62833e+17	5.3979e+17	6.16e+17	6.86749e+17	7.31195e+17	3.35237e+17	8.60032e+15	6.20082e+15	5.70361e+15	2.49591e+15	1.57918e+15	3.15837e+15	4.73755e+15	6.31674e+15	7.89592e+15	9.47511e+15	1.11693e+16	1.33357e+16	1.89515e+16	4.08383e+16	3.09734e+17	4.54043e+17	2.54618	2.26701	2.26701	2.26701	2.26701	2.26701	2.26701	2.26701	2.26701	2.28334	2.33709	2.41676	4.08584	4.68986	4.68986	
92950.6	6.85688e+17	2.78606e+17	1.21919e+17	7.71391e+16	1.54278e+17	2.31417e+17	3.08556e+17	3.85695e+17	4.62834e+17	5.39798e+17	6.1604e+17	6.86978e+17	7.30875e+17	3.35237e+17	8.60032e+15	6.20044e+15	5.70308e+15	2.49568e+15	1.57904e+15	3.15808e+15	4.73712e+15	6.31615e+15	7.89519e+15	9.47423e+15	1.1164e+16	1.33104e+16	1.88069e+16	4.10378e+16	3.09734e+17	4.54043e+17	2.54953	2.26639	2.26639	2.26639	2.26639	2.26639	2.26639	2.26639	2.26639	2.28205	2.33374	2.41059	4.07003	4.68986	4.68986	
93203.5	6.85689e+17	2.78607e+17	1.21919e+17	7.71393e+16	1.54279e+17	2.31418e+17	3.08557e+17	3.85696e+17	4.62836e+17	5.39807e+17	6.16079e+17	6.87202e+17	7.30564e+17	3.35237e+17	8.60032e+15	6.20006e+15	5.70256e+15	2.49545e+15	1.57889e+15	3.15779e+15	4.73668e+15	6.31558e+15	7.89447e+15	9.47336e+15	1.11588e+16	1.32857e+16	1.86655e+16	4.12317e+16	3.09734e+17	4.54043e+17	2.55286	2.26593	2.26593	2.26593	2.26593	2.26593	2.26593	2.26593	2.26593	2.28095	2.33065	2.40475	4.05411	4.68986	4.68986	
93456.6	6.8569e+17	2.78608e+17	1.2192e+17	7.71395e+16	1.54279e+17	2.31419e+17	3.08558e+17	3.85698e+17	4.62837e+17	5.39814e+17	6.16117e+17	6.87422e+17	7.30262e+17	3.35237e+17	8.60032e+15	6.19969e+15	5.70204e+15	2.49523e+15	1.57875e+15	3.1575e+15	4.73625e+15	6.315e+15	7.89375e+15	9.4725e+15	1.11538e+16	1.32616e+16	1.85265e+16	4.14205e+16	3.09734e+17	4.54043e+17	2.55619	2.26563	2.26563	2.26563	2.26563	2.26563	2.26563	2.26563	2.26563	2.28003	2.32779	2.39922	4.03802	4.68986	4.68986	
93710.1	6.85691e+17	2.78609e+17	1.2192e+17	7.71398e+16	1.5428e+17	2.31419e+17	3.08559e+17	3.85699e+17	4.62839e+17	5.39822e+17	6.16155e+17	6.87638e+17	7.29967e+17	3.35236e+17	8.60032e+15	6.19931e+15	5.70152e+15	2.495e+15	1.57861e+15	3.15721e+15	4.73582e+15	6.31443e+15	7.89303e+15	9.47164e+15	1.11489e+16	1.32381e+16	1.839e+16	4.16044e+16	3.09733e+17	4.54043e+17	2.55951	2.26547	2.26547	2.26547	2.26547	2.26547	2.26547	2.26547	2.26547	2.27927	2.32516	2.39399	4.02174	4.68986	4.68986	
93963.6	6.85691e+17	2.7861e+17	1.2192e+17	7.714e+16	1.5428e+17	2.3142e+17	3.0856e+17	3.857e+17	4.6284e+17	5.3983e+17	6.16191e+17	6.87851e+17	7.29681e+17	3.35236e+17	8.60032e+15	6.19894e+15	5.701e+15	2.49477e+15	1.57846e+15	3.15693e+15	4.73539e+15	6.31385e+15	7.89232e+15	9.47078e+15	1.11441e+16	1.32152e+16	1.82561e+16	4.17828e+16	3.09733e+17	4.54043e+17	2.56284	2.26546	2.26546	2.26546	2.26546	2.26546	2.26546	2.26546	2.26546	2.27868	2.32276	2.38905	4.00531	4.68986	4.68986	
94213.8	6.85692e+17	2.78611e+17	1.21921e+17	7.71402e+16	1.5428e+17	2.31421e+17	3.08561e+17	3.85701e+17	4.62841e+17	5.39837e+17	6.16226e+17	6.88056e+17	7.29408e+17	3.35236e+17	8.60032e+15	6.19857e+15	5.7005e+15	2.49455e+15	1.57832e+15	3.15665e+15	4.73497e+15	6.31329e+15	7.89162e+15	9.46994e+15	1.11395e+16	1.31931e+16	1.81267e+16	4.19534e+16	3.09733e+17	4.54043e+17	2.56611	2.26559	2.26559	2.26559	2.26559	2.26559	2.26559	2.26559	2.26559	2.27826	2.3206	2.38447	3.98896	4.68986	4.68986	
94466.6	6.85693e+17	2.78611e+17	1.21921e+17	7.71404e+16	1.54281e+17	2.31421e+17	3.08562e+17	3.85702e+17	4.62843e+17	5.39844e+17	6.1626e+17	6.88258e+17	7.2914e+17	3.35236e+17	8.60032e+15	6.19819e+15	5.69999e+15	2.49433e+15	1.57818e+15	3.15636e+15	4.73455e+15	6.31273e+15	7.89091e+15	9.46909e+15	1.1135e+16	1.31714e+16	1.79987e+16	4.21202e+16	3.09733e+17	4.54043e+17	2.56941	2.26585	2.26585	2.26585	2.26585	2.26585	2.26585	2.26585	2.26585	2.27798	2.31863	2.38011	3.97229	4.68986	4.68986	
94716.8	6.85693e+17	2.78612e+17	1.21921e+17	7.71407e+16	1.54281e+17	2.31422e+17	3.08563e+17	3.85703e+17	4.62844e+17	5.39851e+17	6.16293e+17	6.88455e+17	7.28885e+17	3.35236e+17	8.60032e+15	6.19783e+15	5.69949e+15	2.49411e+15	1.57804e+15	3.15609e+15	4.73413e+15	6.31217e+15	7.89022e+15	9.46826e+15	1.11306e+16	1.31505e+16	1.78746e+16	4.22795e+16	3.09733e+17	4.54043e+17	2.57267	2.26623	2.26623	2.26623	2.26623	2.26623	2.26623	2.26623	2.26623	2.27786	2.31688	2.37608	3.95568	4.68986	4.68986	
94969.5	6.85694e+17	2.78613e+17	1.21922e+17	7.71409e+16	1.54282e+17	2.31423e+17	3.08564e+17	3.85704e+17	4.62845e+17	5.39858e+17	6.16326e+17	6.88649e+17	7.28636e+17	3.35235e+17	8.60032e+15	6.19746e+15	5.69898e+15	2.49389e+15	1.5779e+15	3.15581e+15	4.73371e+15	6.31162e+15	7.88952e+15	9.46742e+15	1.11263e+16	1.313e+16	1.77521e+16	4.24345e+16	3.09732e+17	4.54043e+17	2.57597	2.26675	2.26675	2.26675	2.26675	2.26675	2.26675	2.26675	2.26675	2.27787	2.31531	2.37226	3.93877	4.68986	4.68986	
95223.1	6.85695e+17	2.78614e+17	1.21922e+17	7.71411e+16	1.54282e+17	2.31423e+17	3.08564e+17	3.85706e+17	4.62847e+17	5.39865e+17	6.16358e+17	6.8884e+17	7.28396e+17	3.35235e+17	8.60032e+15	6.19709e+15	5.69848e+15	2.49367e+15	1.57776e+15	3.15553e+15	4.73329e+15	6.31106e+15	7.88882e+15	9.46659e+15	1.11221e+16	1.31099e+16	1.76319e+16	4.25841e+16	3.09732e+17	4.54043e+17	2.57926	2.26739	2.26739	2.26739	2.26739	2.26739	2.26739	2.26739	2.26739	2.27803	2.31393	2.3687	3.92167	4.68986	4.68986	
95476.5	6.85695e+17	2.78615e+17	1.21922e+17	7.71413e+16	1.54283e+17	2.31424e+17	3.08565e+17	3.85707e+17	4.62848e+17	5.39871e+17	6.16389e+17	6.89025e+17	7.28166e+17	3.35235e+17	8.60032e+15	6.19672e+15	5.69798e+15	2.49345e+15	1.57763e+15	3.15525e+15	4.73288e+15	6.31051e+15	7.88813e+15	9.46576e+15	1.1118e+16	1.30904e+16	1.75146e+16	4.27274e+16	3.09732e+17	4.54043e+17	2.58255	2.26814	2.26814	2.26814	2.26814	2.26814	2.26814	2.26814	2.26814	2.27832	2.31274	2.3654	3.90448	4.68986	4.68986	
95726.6	6.85696e+17	2.78615e+17	1.21923e+17	7.71416e+16	1.54283e+17	2.31425e+17	3.08566e+17	3.85708e+17	4.62849e+17	5.39878e+17	6.16418e+17	6.89205e+17	7.27949e+17	3.35235e+17	8.60032e+15	6.19636e+15	5.69749e+15	2.49324e+15	1.57749e+15	3.15498e+15	4.73247e+15	6.30996e+15	7.88745e+15	9.46494e+15	1.11141e+16	1.30717e+16	1.74015e+16	4.28628e+16	3.09732e+17	4.54043e+17	2.58579	2.269	2.269	2.269	2.269	2.269	2.269	2.269	2.269	2.27874	2.31175	2.36238	3.88741	4.68986	4.68986	
95980.2	6.85697e+17	2.78616e+17	1.21923e+17	7.71418e+16	1.54284e+17	2.31425e+17	3.08567e+17	3.85709e+17	4.62851e+17	5.39884e+17	6.16447e+17	6.89382e+17	7.27739e+17	3.35235e+17	8.60032e+15	6.19599e+15	5.69699e+15	2.49302e+15	1.57735e+15	3.15471e+15	4.73206e+15	6.30941e+15	7.88677e+15	9.46412e+15	1.11102e+16	1.30533e+16	1.72895e+16	4.29939e+16	3.09732e+17	4.54043e+17	2.58908	2.26998	2.26998	2.26998	2.26998	2.26998	2.26998	2.26998	2.26998	2.27929	2.31092	2.35956	3.86999	4.68986	4.68986	
96233.6	6.85697e+17	2.78617e+17	1.21924e+17	7.7142e+16	1.54284e+17	2.31426e+17	3.08568e+17	3.8571e+17	4.62852e+17	5.3989e+17	6.16476e+17	6.89555e+17	7.27539e+17	3.35234e+17	8.60032e+15	6.19562e+15	5.6965e+15	2.4928e+15	1.57722e+15	3.15443e+15	4.73165e+15	6.30887e+15	7.88608e+15	9.4633e+15	1.11064e+16	1.30354e+16	1.71804e+16	4.31184e+16	3.09731e+17	4.54043e+17	2.59235	2.27107	2.27107	2.27107	2.27107	2.27107	2.27107	2.27107	2.27107	2.27996	2.31025	2.35698	3.85251	4.68986	4.68986	
96486.8	6.85698e+17	2.78618e+17	1.21924e+17	7.71422e+16	1.54284e+17	2.31427e+17	3.08569e+17	3.85711e+17	4.62853e+17	5.39896e+17	6.16503e+17	6.89723e+17	7.2735e+17	3.35234e+17	8.60032e+15	6.19526e+15	5.69601e+15	2.49259e+15	1.57708e+15	3.15416e+15	4.73124e+15	6.30832e+15	7.88541e+15	9.46249e+15	1.11027e+16	1.3018e+16	1.70742e+16	4.32364e+16	3.09731e+17	4.54043e+17	2.59562	2.27225	2.27225	2.27225	2.27225	2.27225	2.27225	2.27225	2.27225	2.28075	2.30976	2.35463	3.83495	4.68986	4.68986	
96739.9	6.85699e+17	2.78619e+17	1.21924e+17	7.71424e+16	1.54285e+17	2.31427e+17	3.0857e+17	3.85712e+17	4.62855e+17	5.39901e+17	6.1653e+17	6.89887e+17	7.27171e+17	3.35234e+17	8.60032e+15	6.1949e+15	5.69552e+15	2.49238e+15	1.57695e+15	3.15389e+15	4.73084e+15	6.30778e+15	7.88473e+15	9.46168e+15	1.10992e+16	1.30012e+16	1.69707e+16	4.33479e+16	3.09731e+17	4.54043e+17	2.59888	2.27354	2.27354	2.27354	2.27354	2.27354	2.27354	2.27354	2.27354	2.28166	2.30943	2.3525	3.81731	4.68986	4.68986	
96993.5	6.85699e+17	2.78619e+17	1.21925e+17	7.71427e+16	1.54285e+17	2.31428e+17	3.08571e+17	3.85713e+17	4.62856e+17	5.39907e+17	6.16556e+17	6.90047e+17	7.27002e+17	3.35234e+17	8.60032e+15	6.19453e+15	5.69504e+15	2.49216e+15	1.57681e+15	3.15362e+15	4.73043e+15	6.30725e+15	7.88406e+15	9.46087e+15	1.10957e+16	1.29849e+16	1.68697e+16	4.3453e+16	3.09731e+17	4.54043e+17	2.60214	2.27492	2.27492	2.27492	2.27492	2.27492	2.27492	2.27492	2.27492	2.28267	2.30925	2.35058	3.79957	4.68986	4.68986	
97247.5	6.857e+17	2.7862e+17	1.21925e+17	7.71429e+16	1.54286e+17	2.31429e+17	3.08571e+17	3.85714e+17	4.62857e+17	5.39912e+17	6.16581e+17	6.90202e+17	7.26844e+17	3.35234e+17	8.60032e+15	6.19417e+15	5.69455e+15	2.49195e+15	1.57668e+15	3.15336e+15	4.73003e+15	6.30671e+15	7.88339e+15	9.46007e+15	1.10923e+16	1.2969e+16	1.67713e+16	4.35516e+16	3.09731e+17	4.54043e+17	2.6054	2.2764	2.2764	2.2764	2.2764	2.2764	2.2764	2.2764	2.2764	2.2838	2.30922	2.34887	3.78174	4.68986	4.68986	
97500.5	6.85701e+17	2.78621e+17	1.21925e+17	7.71431e+16	1.54286e+17	2.31429e+17	3.08572e+17	3.85715e+17	4.62859e+17	5.39917e+17	6.16605e+17	6.90354e+17	7.26697e+17	3.35233e+17	8.60032e+15	6.19381e+15	5.69407e+15	2.49174e+15	1.57654e+15	3.15309e+15	4.72963e+15	6.30618e+15	7.88272e+15	9.45927e+15	1.1089e+16	1.29537e+16	1.66759e+16	4.36432e+16	3.09731e+17	4.54043e+17	2.60865	2.27796	2.27796	2.27796	2.27796	2.27796	2.27796	2.27796	2.27796	2.28502	2.30934	2.34736	3.76391	4.68986	4.68986	
97753.7	6.85701e+17	2.78622e+17	1.21926e+17	7.71433e+16	1.54287e+17	2.3143e+17	3.08573e+17	3.85716e+17	4.6286e+17	5.39923e+17	6.16629e+17	6.905e+17	7.2656e+17	3.35233e+17	8.60032e+15	6.19345e+15	5.69359e+15	2.49153e+15	1.57641e+15	3.15282e+15	4.72924e+15	6.30565e+15	7.88206e+15	9.45847e+15	1.10858e+16	1.29388e+16	1.65831e+16	4.37282e+16	3.0973e+17	4.54043e+17	2.61189	2.27961	2.27961	2.27961	2.27961	2.27961	2.27961	2.27961	2.27961	2.28634	2.3096	2.34605	3.74603	4.68986	4.68986	
98007.4	6.85702e+17	2.78622e+17	1.21926e+17	7.71435e+16	1.54287e+17	2.31431e+17	3.08574e+17	3.85718e+17	4.62861e+17	5.39928e+17	6.16651e+17	6.90644e+17	7.26434e+17	3.35233e+17	8.60032e+15	6.19309e+15	5.69312e+15	2.49132e+15	1.57628e+15	3.15256e+15	4.72884e+15	6.30512e+15	7.8814e+15	9.45768e+15	1.10827e+16	1.29244e+16	1.64927e+16	4.38066e+16	3.0973e+17	4.54043e+17	2.61513	2.28134	2.28134	2.28134	2.28134	2.28134	2.28134	2.28134	2.28134	2.28777	2.30999	2.34493	3.72806	4.68986	4.68986	
98261.4	6.85703e+17	2.78623e+17	1.21926e+17	7.71437e+16	1.54287e+17	2.31431e+17	3.08575e+17	3.85719e+17	4.62862e+17	5.39932e+17	6.16674e+17	6.90783e+17	7.26319e+17	3.35233e+17	8.60032e+15	6.19274e+15	5.69264e+15	2.49112e+15	1.57615e+15	3.1523e+15	4.72845e+15	6.3046e+15	7.88075e+15	9.45689e+15	1.10796e+16	1.29104e+16	1.64048e+16	4.38784e+16	3.0973e+17	4.54043e+17	2.61837	2.28315	2.28315	2.28315	2.28315	2.28315	2.28315	2.28315	2.28315	2.28928	2.31052	2.34399	3.71004	4.68986	4.68986	
98514.4	6.85703e+17	2.78624e+17	1.21927e+17	7.71439e+16	1.54288e+17	2.31432e+17	3.08576e+17	3.8572e+17	4.62864e+17	5.39937e+17	6.16695e+17	6.90917e+17	7.26215e+17	3.35233e+17	8.60032e+15	6.19238e+15	5.69217e+15	2.49091e+15	1.57602e+15	3.15204e+15	4.72806e+15	6.30408e+15	7.88009e+15	9.45611e+15	1.10767e+16	1.28969e+16	1.63197e+16	4.39431e+16	3.0973e+17	4.54043e+17	2.62159	2.28504	2.28504	2.28504	2.28504	2.28504	2.28504	2.28504	2.28504	2.29088	2.31117	2.34324	3.69206	4.68986	4.68986	
98764.7	6.85704e+17	2.78625e+17	1.21927e+17	7.71441e+16	1.54288e+17	2.31432e+17	3.08577e+17	3.85721e+17	4.62865e+17	5.39942e+17	6.16715e+17	6.91047e+17	7.26123e+17	3.35232e+17	8.60032e+15	6.19203e+15	5.69171e+15	2.49071e+15	1.57589e+15	3.15178e+15	4.72767e+15	6.30356e+15	7.87945e+15	9.45534e+15	1.10739e+16	1.2884e+16	1.62381e+16	4.40005e+16	3.0973e+17	4.54043e+17	2.62478	2.28697	2.28697	2.28697	2.28697	2.28697	2.28697	2.28697	2.28697	2.29254	2.31193	2.34266	3.67424	4.68986	4.68986	
99017.5	6.85705e+17	2.78625e+17	1.21927e+17	7.71444e+16	1.54289e+17	2.31433e+17	3.08577e+17	3.85722e+17	4.62866e+17	5.39946e+17	6.16735e+17	6.91174e+17	7.2604e+17	3.35232e+17	8.60032e+15	6.19168e+15	5.69124e+15	2.4905e+15	1.57576e+15	3.15152e+15	4.72728e+15	6.30305e+15	7.87881e+15	9.45457e+15	1.10711e+16	1.28714e+16	1.6158e+16	4.40517e+16	3.09729e+17	4.54043e+17	2.62799	2.28899	2.28899	2.28899	2.28899	2.28899	2.28899	2.28899	2.28899	2.2943	2.31282	2.34224	3.65624	4.68986	4.68986	
99271.3	6.85705e+17	2.78626e+17	1.21928e+17	7.71446e+16	1.54289e+17	2.31434e+17	3.08578e+17	3.85723e+17	4.62867e+17	5.3995e+17	6.16755e+17	6.91297e+17	7.25968e+17	3.35232e+17	8.60032e+15	6.19132e+15	5.69078e+15	2.4903e+15	1.57563e+15	3.15127e+15	4.7269e+15	6.30253e+15	7.87816e+15	9.4538e+15	1.10684e+16	1.28591e+16	1.60801e+16	4.40964e+16	3.09729e+17	4.54043e+17	2.63121	2.29109	2.29109	2.29109	2.29109	2.29109	2.29109	2.29109	2.29109	2.29615	2.31382	2.34198	3.63816	4.68986	4.68986	
99521.4	6.85706e+17	2.78627e+17	1.21928e+17	7.71448e+16	1.5429e+17	2.31434e+17	3.08579e+17	3.85724e+17	4.62869e+17	5.39954e+17	6.16773e+17	6.91415e+17	7.25908e+17	3.35232e+17	8.60032e+15	6.19098e+15	5.69032e+15	2.4901e+15	1.57551e+15	3.15101e+15	4.72652e+15	6.30203e+15	7.87753e+15	9.45304e+15	1.10658e+16	1.28474e+16	1.60056e+16	4.41338e+16	3.09729e+17	4.54043e+17	2.63437	2.29322	2.29322	2.29322	2.29322	2.29322	2.29322	2.29322	2.29322	2.29804	2.31492	2.34187	3.62033	4.68986	4.68986	
99774.9	6.85706e+17	2.78628e+17	1.21928e+17	7.7145e+16	1.5429e+17	2.31435e+17	3.0858e+17	3.85725e+17	4.6287e+17	5.39959e+17	6.16791e+17	6.91531e+17	7.25858e+17	3.35232e+17	8.60032e+15	6.19062e+15	5.68986e+15	2.4899e+15	1.57538e+15	3.15076e+15	4.72614e+15	6.30152e+15	7.87689e+15	9.45227e+15	1.10632e+16	1.2836e+16	1.59325e+16	4.41651e+16	3.09729e+17	4.54043e+17	2.63758	2.29545	2.29545	2.29545	2.29545	2.29545	2.29545	2.29545	2.29545	2.30003	2.31613	2.34191	3.60227	4.68986	4.68986	
100029	6.85707e+17	2.78628e+17	1.21929e+17	7.71452e+16	1.5429e+17	2.31436e+17	3.08581e+17	3.85726e+17	4.62871e+17	5.39963e+17	6.16809e+17	6.91643e+17	7.25818e+17	3.35231e+17	8.60032e+15	6.19027e+15	5.6894e+15	2.4897e+15	1.57525e+15	3.1505e+15	4.72576e+15	6.30101e+15	7.87626e+15	9.45151e+15	1.10607e+16	1.28249e+16	1.58615e+16	4.41896e+16	3.09729e+17	4.54043e+17	2.64078	2.29773	2.29773	2.29773	2.29773	2.29773	2.29773	2.29773	2.29773	2.30209	2.31745	2.3421	3.5842	4.68986	4.68986	
100282	6.85708e+17	2.78629e+17	1.21929e+17	7.71454e+16	1.54291e+17	2.31436e+17	3.08582e+17	3.85727e+17	4.62872e+17	5.39966e+17	6.16826e+17	6.91751e+17	7.25789e+17	3.35231e+17	8.60032e+15	6.18993e+15	5.68895e+15	2.4895e+15	1.57513e+15	3.15025e+15	4.72538e+15	6.3005e+15	7.87563e+15	9.45075e+15	1.10583e+16	1.28142e+16	1.5793e+16	4.42074e+16	3.09729e+17	4.54043e+17	2.64398	2.30007	2.30007	2.30007	2.30007	2.30007	2.30007	2.30007	2.30007	2.30422	2.31886	2.34243	3.56618	4.68986	4.68986	
100532	6.85708e+17	2.7863e+17	1.21929e+17	7.71456e+16	1.54291e+17	2.31437e+17	3.08582e+17	3.85728e+17	4.62873e+17	5.3997e+17	6.16842e+17	6.91855e+17	7.25771e+17	3.35231e+17	8.60033e+15	6.18958e+15	5.6885e+15	2.4893e+15	1.575e+15	3.15e+15	4.725e+15	6.30001e+15	7.87501e+15	9.45001e+15	1.10559e+16	1.28041e+16	1.57275e+16	4.42184e+16	3.09728e+17	4.54043e+17	2.64712	2.30243	2.30243	2.30243	2.30243	2.30243	2.30243	2.30243	2.30243	2.30638	2.32035	2.34289	3.54843	4.68986	4.68986	
100785	6.85709e+17	2.78631e+17	1.21929e+17	7.71458e+16	1.54292e+17	2.31437e+17	3.08583e+17	3.85729e+17	4.62875e+17	5.39974e+17	6.16858e+17	6.91956e+17	7.25764e+17	3.35231e+17	8.60033e+15	6.18923e+15	5.68805e+15	2.4891e+15	1.57488e+15	3.14975e+15	4.72463e+15	6.29951e+15	7.87438e+15	9.44926e+15	1.10536e+16	1.27941e+16	1.56634e+16	4.4223e+16	3.09728e+17	4.54043e+17	2.6503	2.30487	2.30487	2.30487	2.30487	2.30487	2.30487	2.30487	2.30487	2.30863	2.32194	2.34348	3.53048	4.68986	4.68986	
101039	6.8571e+17	2.78631e+17	1.2193e+17	7.7146e+16	1.54292e+17	2.31438e+17	3.08584e+17	3.8573e+17	4.62876e+17	5.39977e+17	6.16873e+17	6.92055e+17	7.25766e+17	3.35231e+17	8.60033e+15	6.18889e+15	5.6876e+15	2.48891e+15	1.57475e+15	3.1495e+15	4.72426e+15	6.29901e+15	7.87376e+15	9.44851e+15	1.10514e+16	1.27845e+16	1.56013e+16	4.4221e+16	3.09728e+17	4.54043e+17	2.65348	2.30737	2.30737	2.30737	2.30737	2.30737	2.30737	2.30737	2.30737	2.31094	2.32363	2.3442	3.51257	4.68986	4.68986	
101292	6.8571e+17	2.78632e+17	1.2193e+17	7.71462e+16	1.54292e+17	2.31439e+17	3.08585e+17	3.85731e+17	4.62877e+17	5.39981e+17	6.16888e+17	6.9215e+17	7.2578e+17	3.3523e+17	8.60033e+15	6.18854e+15	5.68715e+15	2.48871e+15	1.57463e+15	3.14926e+15	4.72388e+15	6.29851e+15	7.87314e+15	9.44777e+15	1.10492e+16	1.27752e+16	1.55412e+16	4.42125e+16	3.09728e+17	4.54043e+17	2.65666	2.30991	2.30991	2.30991	2.30991	2.30991	2.30991	2.30991	2.30991	2.31331	2.32539	2.34504	3.49468	4.68986	4.68986	
101546	6.85711e+17	2.78633e+17	1.2193e+17	7.71464e+16	1.54293e+17	2.31439e+17	3.08586e+17	3.85732e+17	4.62878e+17	5.39984e+17	6.16902e+17	6.92242e+17	7.25804e+17	3.3523e+17	8.60033e+15	6.1882e+15	5.6867e+15	2.48852e+15	1.5745e+15	3.14901e+15	4.72351e+15	6.29802e+15	7.87252e+15	9.44702e+15	1.10471e+16	1.27662e+16	1.54831e+16	4.41975e+16	3.09728e+17	4.54043e+17	2.65983	2.31251	2.31251	2.31251	2.31251	2.31251	2.31251	2.31251	2.31251	2.31574	2.32724	2.346	3.47682	4.68986	4.68986	
101797	6.85712e+17	2.78634e+17	1.21931e+17	7.71466e+16	1.54293e+17	2.3144e+17	3.08586e+17	3.85733e+17	4.62879e+17	5.39988e+17	6.16916e+17	6.92329e+17	7.25837e+17	3.3523e+17	8.60033e+15	6.18786e+15	5.68626e+15	2.48832e+15	1.57438e+15	3.14877e+15	4.72315e+15	6.29753e+15	7.87191e+15	9.4463e+15	1.10451e+16	1.27577e+16	1.54279e+16	4.41765e+16	3.09728e+17	4.54043e+17	2.66295	2.31511	2.31511	2.31511	2.31511	2.31511	2.31511	2.31511	2.31511	2.31818	2.32914	2.34705	3.4593	4.68986	4.68986	
102047	6.85712e+17	2.78634e+17	1.21931e+17	7.71468e+16	1.54294e+17	2.3144e+17	3.08587e+17	3.85734e+17	4.62881e+17	5.39991e+17	6.16929e+17	6.92414e+17	7.2588e+17	3.3523e+17	8.60033e+15	6.18752e+15	5.68583e+15	2.48813e+15	1.57426e+15	3.14852e+15	4.72279e+15	6.29705e+15	7.87131e+15	9.44557e+15	1.10431e+16	1.27495e+16	1.53745e+16	4.41493e+16	3.09727e+17	4.54043e+17	2.66607	2.31775	2.31775	2.31775	2.31775	2.31775	2.31775	2.31775	2.31775	2.32067	2.3311	2.34821	3.44184	4.68986	4.68986	
102300	6.85713e+17	2.78635e+17	1.21931e+17	7.7147e+16	1.54294e+17	2.31441e+17	3.08588e+17	3.85735e+17	4.62882e+17	5.39994e+17	6.16941e+17	6.92496e+17	7.25934e+17	3.3523e+17	8.60033e+15	6.18718e+15	5.68539e+15	2.48794e+15	1.57414e+15	3.14828e+15	4.72242e+15	6.29656e+15	7.8707e+15	9.44484e+15	1.10411e+16	1.27414e+16	1.53224e+16	4.41156e+16	3.09727e+17	4.54043e+17	2.66922	2.32046	2.32046	2.32046	2.32046	2.32046	2.32046	2.32046	2.32046	2.32323	2.33317	2.34948	3.42423	4.68986	4.68986	
102550	6.85713e+17	2.78636e+17	1.21932e+17	7.71472e+16	1.54294e+17	2.31442e+17	3.08589e+17	3.85736e+17	4.62883e+17	5.39997e+17	6.16954e+17	6.92575e+17	7.25997e+17	3.3523e+17	8.60033e+15	6.18685e+15	5.68496e+15	2.48775e+15	1.57402e+15	3.14804e+15	4.72206e+15	6.29608e+15	7.8701e+15	9.44412e+15	1.10392e+16	1.27337e+16	1.52727e+16	4.40762e+16	3.09727e+17	4.54043e+17	2.67232	2.32318	2.32318	2.32318	2.32318	2.32318	2.32318	2.32318	2.32318	2.32581	2.33527	2.35084	3.40692	4.68986	4.68986	
102800	6.85714e+17	2.78636e+17	1.21932e+17	7.71474e+16	1.54295e+17	2.31442e+17	3.08589e+17	3.85737e+17	4.62884e+17	5.4e+17	6.16965e+17	6.92651e+17	7.26069e+17	3.35229e+17	8.60033e+15	6.18651e+15	5.68453e+15	2.48756e+15	1.5739e+15	3.1478e+15	4.7217e+15	6.29561e+15	7.86951e+15	9.44341e+15	1.10374e+16	1.27264e+16	1.52247e+16	4.40308e+16	3.09727e+17	4.54043e+17	2.67543	2.32593	2.32593	2.32593	2.32593	2.32593	2.32593	2.32593	2.32593	2.32843	2.33743	2.35229	3.38969	4.68986	4.68986	
103050	6.85715e+17	2.78637e+17	1.21932e+17	7.71476e+16	1.54295e+17	2.31443e+17	3.0859e+17	3.85738e+17	4.62885e+17	5.40003e+17	6.16977e+17	6.92724e+17	7.26151e+17	3.35229e+17	8.60033e+15	6.18618e+15	5.6841e+15	2.48738e+15	1.57378e+15	3.14757e+15	4.72135e+15	6.29513e+15	7.86891e+15	9.4427e+15	1.10356e+16	1.27192e+16	1.51784e+16	4.39796e+16	3.09727e+17	4.54043e+17	2.67852	2.32872	2.32872	2.32872	2.32872	2.32872	2.32872	2.32872	2.32872	2.33109	2.33966	2.35382	3.37255	4.68986	4.68986	
103300	6.85715e+17	2.78638e+17	1.21933e+17	7.71477e+16	1.54295e+17	2.31443e+17	3.08591e+17	3.85739e+17	4.62886e+17	5.40005e+17	6.16987e+17	6.92795e+17	7.26242e+17	3.35229e+17	8.60033e+15	6.18585e+15	5.68367e+15	2.48719e+15	1.57366e+15	3.14733e+15	4.72099e+15	6.29466e+15	7.86832e+15	9.44199e+15	1.10339e+16	1.27124e+16	1.51338e+16	4.39227e+16	3.09727e+17	4.54043e+17	2.68162	2.33154	2.33154	2.33154	2.33154	2.33154	2.33154	2.33154	2.33154	2.33379	2.34194	2.35545	3.3555	4.68986	4.68986	
103550	6.85716e+17	2.78638e+17	1.21933e+17	7.71479e+16	1.54296e+17	2.31444e+17	3.08592e+17	3.8574e+17	4.62888e+17	5.40008e+17	6.16998e+17	6.92863e+17	7.26342e+17	3.35229e+17	8.60033e+15	6.18551e+15	5.68324e+15	2.487e+15	1.57355e+15	3.14709e+15	4.72064e+15	6.29419e+15	7.86773e+15	9.44128e+15	1.10322e+16	1.27057e+16	1.50908e+16	4.386e+16	3.09726e+17	4.54043e+17	2.6847	2.33439	2.33439	2.33439	2.33439	2.33439	2.33439	2.33439	2.33439	2.33653	2.34428	2.35716	3.33856	4.68986	4.68986	
103800	6.85716e+17	2.78639e+17	1.21933e+17	7.71481e+16	1.54296e+17	2.31444e+17	3.08592e+17	3.85741e+17	4.62889e+17	5.40011e+17	6.17008e+17	6.92928e+17	7.26452e+17	3.35229e+17	8.60033e+15	6.18518e+15	5.68282e+15	2.48682e+15	1.57343e+15	3.14686e+15	4.72029e+15	6.29372e+15	7.86715e+15	9.44058e+15	1.10305e+16	1.26993e+16	1.50494e+16	4.37917e+16	3.09726e+17	4.54043e+17	2.68778	2.33727	2.33727	2.33727	2.33727	2.33727	2.33727	2.33727	2.33727	2.3393	2.34667	2.35894	3.32171	4.68986	4.68986	
104050	6.85717e+17	2.7864e+17	1.21933e+17	7.71483e+16	1.54297e+17	2.31445e+17	3.08593e+17	3.85742e+17	4.6289e+17	5.40013e+17	6.17018e+17	6.92991e+17	7.2657e+17	3.35229e+17	8.60033e+15	6.18485e+15	5.6824e+15	2.48663e+15	1.57331e+15	3.14663e+15	4.71994e+15	6.29325e+15	7.86656e+15	9.43988e+15	1.10289e+16	1.26932e+16	1.50095e+16	4.3718e+16	3.09726e+17	4.54043e+17	2.69086	2.34018	2.34018	2.34018	2.34018	2.34018	2.34018	2.34018	2.34018	2.34211	2.34911	2.36081	3.30497	4.68986	4.68986	
104300	6.85718e+17	2.7864e+17	1.21934e+17	7.71485e+16	1.54297e+17	2.31446e+17	3.08594e+17	3.85743e+17	4.62891e+17	5.40016e+17	6.17027e+17	6.93052e+17	7.26696e+17	3.35228e+17	8.60033e+15	6.18452e+15	5.68198e+15	2.48645e+15	1.5732e+15	3.14639e+15	4.71959e+15	6.29279e+15	7.86598e+15	9.43918e+15	1.10273e+16	1.26872e+16	1.49711e+16	4.36388e+16	3.09726e+17	4.54043e+17	2.69394	2.34312	2.34312	2.34312	2.34312	2.34312	2.34312	2.34312	2.34312	2.34495	2.3516	2.36274	3.28835	4.68986	4.68986	
104550	6.85718e+17	2.78641e+17	1.21934e+17	7.71487e+16	1.54297e+17	2.31446e+17	3.08595e+17	3.85743e+17	4.62892e+17	5.40018e+17	6.17036e+17	6.93111e+17	7.26831e+17	3.35228e+17	8.60033e+15	6.1842e+15	5.68156e+15	2.48627e+15	1.57308e+15	3.14616e+15	4.71924e+15	6.29232e+15	7.8654e+15	9.43848e+15	1.10258e+16	1.26815e+16	1.49341e+16	4.35544e+16	3.09726e+17	4.54043e+17	2.697	2.34608	2.34608	2.34608	2.34608	2.34608	2.34608	2.34608	2.34608	2.34782	2.35414	2.36475	3.27185	4.68986	4.68986	
104800	6.85719e+17	2.78642e+17	1.21934e+17	7.71489e+16	1.54298e+17	2.31447e+17	3.08596e+17	3.85744e+17	4.62893e+17	5.40021e+17	6.17045e+17	6.93167e+17	7.26975e+17	3.35228e+17	8.60033e+15	6.18387e+15	5.68114e+15	2.48608e+15	1.57297e+15	3.14593e+15	4.7189e+15	6.29186e+15	7.86483e+15	9.43779e+15	1.10243e+16	1.2676e+16	1.48985e+16	4.34647e+16	3.09726e+17	4.54043e+17	2.70007	2.34907	2.34907	2.34907	2.34907	2.34907	2.34907	2.34907	2.34907	2.35071	2.35672	2.36682	3.25547	4.68986	4.68986	
105050	6.85719e+17	2.78642e+17	1.21935e+17	7.71491e+16	1.54298e+17	2.31447e+17	3.08596e+17	3.85745e+17	4.62894e+17	5.40023e+17	6.17054e+17	6.93221e+17	7.27126e+17	3.35228e+17	8.60033e+15	6.18354e+15	5.68073e+15	2.4859e+15	1.57285e+15	3.1457e+15	4.71855e+15	6.2914e+15	7.86425e+15	9.4371e+15	1.10228e+16	1.26707e+16	1.48642e+16	4.337e+16	3.09725e+17	4.54043e+17	2.70313	2.35208	2.35208	2.35208	2.35208	2.35208	2.35208	2.35208	2.35208	2.35364	2.35934	2.36896	3.23921	4.68986	4.68986	
105301	6.8572e+17	2.78643e+17	1.21935e+17	7.71492e+16	1.54298e+17	2.31448e+17	3.08597e+17	3.85746e+17	4.62895e+17	5.40025e+17	6.17062e+17	6.93273e+17	7.27286e+17	3.35228e+17	8.60033e+15	6.18322e+15	5.68031e+15	2.48572e+15	1.57274e+15	3.14547e+15	4.71821e+15	6.29094e+15	7.86368e+15	9.43641e+15	1.10213e+16	1.26656e+16	1.48312e+16	4.32703e+16	3.09725e+17	4.54043e+17	2.70618	2.35511	2.35511	2.35511	2.35511	2.35511	2.35511	2.35511	2.35511	2.35659	2.362	2.37116	3.2231	4.68986	4.68986	
105551	6.85721e+17	2.78644e+17	1.21935e+17	7.71494e+16	1.54299e+17	2.31448e+17	3.08598e+17	3.85747e+17	4.62897e+17	5.40028e+17	6.1707e+17	6.93324e+17	7.27453e+17	3.35228e+17	8.60033e+15	6.18289e+15	5.6799e+15	2.48554e+15	1.57262e+15	3.14524e+15	4.71786e+15	6.29049e+15	7.86311e+15	9.43573e+15	1.10199e+16	1.26606e+16	1.47996e+16	4.31658e+16	3.09725e+17	4.54043e+17	2.70923	2.35817	2.35817	2.35817	2.35817	2.35817	2.35817	2.35817	2.35817	2.35957	2.36471	2.37341	3.20711	4.68986	4.68986	
105801	6.85721e+17	2.78644e+17	1.21936e+17	7.71496e+16	1.54299e+17	2.31449e+17	3.08598e+17	3.85748e+17	4.62898e+17	5.4003e+17	6.17077e+17	6.93372e+17	7.27628e+17	3.35227e+17	8.60033e+15	6.18257e+15	5.67949e+15	2.48536e+15	1.57251e+15	3.14502e+15	4.71752e+15	6.29003e+15	7.86254e+15	9.43505e+15	1.10186e+16	1.26558e+16	1.47691e+16	4.30565e+16	3.09725e+17	4.54043e+17	2.71228	2.36124	2.36124	2.36124	2.36124	2.36124	2.36124	2.36124	2.36124	2.36257	2.36744	2.37573	3.19127	4.68986	4.68986	
106051	6.85722e+17	2.78645e+17	1.21936e+17	7.71498e+16	1.543e+17	2.31449e+17	3.08599e+17	3.85749e+17	4.62899e+17	5.40032e+17	6.17084e+17	6.93418e+17	7.2781e+17	3.35227e+17	8.60033e+15	6.18225e+15	5.67908e+15	2.48518e+15	1.57239e+15	3.14479e+15	4.71718e+15	6.28958e+15	7.86197e+15	9.43437e+15	1.10172e+16	1.26513e+16	1.47398e+16	4.29426e+16	3.09725e+17	4.54043e+17	2.71532	2.36433	2.36433	2.36433	2.36433	2.36433	2.36433	2.36433	2.36433	2.36559	2.37022	2.37809	3.17558	4.68986	4.68986	
106301	6.85722e+17	2.78646e+17	1.21936e+17	7.715e+16	1.543e+17	2.3145e+17	3.086e+17	3.8575e+17	4.629e+17	5.40034e+17	6.17091e+17	6.93463e+17	7.28e+17	3.35227e+17	8.60033e+15	6.18193e+15	5.67868e+15	2.485e+15	1.57228e+15	3.14456e+15	4.71685e+15	6.28913e+15	7.86141e+15	9.43369e+15	1.10159e+16	1.26468e+16	1.47117e+16	4.28241e+16	3.09725e+17	4.54043e+17	2.71835	2.36744	2.36744	2.36744	2.36744	2.36744	2.36744	2.36744	2.36744	2.36863	2.37302	2.38051	3.16003	4.68986	4.68986	
106551	6.85723e+17	2.78646e+17	1.21936e+17	7.71502e+16	1.543e+17	2.3145e+17	3.08601e+17	3.85751e+17	4.62901e+17	5.40036e+17	6.17098e+17	6.93505e+17	7.28196e+17	3.35227e+17	8.60033e+15	6.1816e+15	5.67827e+15	2.48483e+15	1.57217e+15	3.14434e+15	4.71651e+15	6.28868e+15	7.86085e+15	9.43302e+15	1.10146e+16	1.26426e+16	1.46847e+16	4.27013e+16	3.09725e+17	4.54043e+17	2.72138	2.37057	2.37057	2.37057	2.37057	2.37057	2.37057	2.37057	2.37057	2.3717	2.37586	2.38298	3.14463	4.68986	4.68986	
106801	6.85724e+17	2.78647e+17	1.21937e+17	7.71503e+16	1.54301e+17	2.31451e+17	3.08601e+17	3.85752e+17	4.62902e+17	5.40038e+17	6.17105e+17	6.93546e+17	7.28399e+17	3.35227e+17	8.60033e+15	6.18128e+15	5.67787e+15	2.48465e+15	1.57206e+15	3.14412e+15	4.71617e+15	6.28823e+15	7.86029e+15	9.43235e+15	1.10133e+16	1.26385e+16	1.46588e+16	4.25743e+16	3.09724e+17	4.54043e+17	2.72441	2.37371	2.37371	2.37371	2.37371	2.37371	2.37371	2.37371	2.37371	2.37478	2.37873	2.38549	3.1294	4.68986	4.68986	
107051	6.85724e+17	2.78648e+17	1.21937e+17	7.71505e+16	1.54301e+17	2.31452e+17	3.08602e+17	3.85753e+17	4.62903e+17	5.4004e+17	6.17111e+17	6.93586e+17	7.28609e+17	3.35227e+17	8.60033e+15	6.18097e+15	5.67746e+15	2.48447e+15	1.57195e+15	3.14389e+15	4.71584e+15	6.28778e+15	7.85973e+15	9.43168e+15	1.10121e+16	1.26345e+16	1.46339e+16	4.24431e+16	3.09724e+17	4.54043e+17	2.72743	2.37687	2.37687	2.37687	2.37687	2.37687	2.37687	2.37687	2.37687	2.37788	2.38162	2.38805	3.11432	4.68986	4.68986	
107302	6.85725e+17	2.78648e+17	1.21937e+17	7.71507e+16	1.54301e+17	2.31452e+17	3.08603e+17	3.85754e+17	4.62904e+17	5.40042e+17	6.17117e+17	6.93624e+17	7.28825e+17	3.35226e+17	8.60033e+15	6.18065e+15	5.67706e+15	2.4843e+15	1.57183e+15	3.14367e+15	4.7155e+15	6.28734e+15	7.85917e+15	9.43101e+15	1.10109e+16	1.26307e+16	1.461e+16	4.23079e+16	3.09724e+17	4.54043e+17	2.73045	2.38005	2.38005	2.38005	2.38005	2.38005	2.38005	2.38005	2.38005	2.381	2.38454	2.39065	3.0994	4.68986	4.68986	
107552	6.85725e+17	2.78649e+17	1.21938e+17	7.71509e+16	1.54302e+17	2.31453e+17	3.08604e+17	3.85754e+17	4.62905e+17	5.40044e+17	6.17123e+17	6.9366e+17	7.29048e+17	3.35226e+17	8.60033e+15	6.18033e+15	5.67666e+15	2.48412e+15	1.57172e+15	3.14345e+15	4.71517e+15	6.2869e+15	7.85862e+15	9.43034e+15	1.10097e+16	1.2627e+16	1.45871e+16	4.21688e+16	3.09724e+17	4.54043e+17	2.73346	2.38323	2.38323	2.38323	2.38323	2.38323	2.38323	2.38323	2.38323	2.38413	2.38749	2.39329	3.08465	4.68986	4.68986	
107802	6.85726e+17	2.7865e+17	1.21938e+17	7.71511e+16	1.54302e+17	2.31453e+17	3.08604e+17	3.85755e+17	4.62906e+17	5.40046e+17	6.17129e+17	6.93695e+17	7.29276e+17	3.35226e+17	8.60033e+15	6.18001e+15	5.67626e+15	2.48395e+15	1.57161e+15	3.14323e+15	4.71484e+15	6.28646e+15	7.85807e+15	9.42968e+15	1.10085e+16	1.26234e+16	1.45651e+16	4.2026e+16	3.09724e+17	4.54043e+17	2.73647	2.38643	2.38643	2.38643	2.38643	2.38643	2.38643	2.38643	2.38643	2.38728	2.39047	2.39597	3.07007	4.68986	4.68986	
108052	6.85727e+17	2.7865e+17	1.21938e+17	7.71512e+16	1.54302e+17	2.31454e+17	3.08605e+17	3.85756e+17	4.62907e+17	5.40048e+17	6.17134e+17	6.93728e+17	7.29511e+17	3.35226e+17	8.60033e+15	6.1797e+15	5.67587e+15	2.48377e+15	1.5715e+15	3.14301e+15	4.71451e+15	6.28602e+15	7.85752e+15	9.42902e+15	1.10074e+16	1.262e+16	1.4544e+16	4.18795e+16	3.09724e+17	4.54043e+17	2.73947	2.38964	2.38964	2.38964	2.38964	2.38964	2.38964	2.38964	2.38964	2.39045	2.39346	2.39869	3.05566	4.68986	4.68986	
108302	6.85727e+17	2.78651e+17	1.21938e+17	7.71514e+16	1.54303e+17	2.31454e+17	3.08606e+17	3.85757e+17	4.62909e+17	5.4005e+17	6.17139e+17	6.9376e+17	7.29751e+17	3.35226e+17	8.60033e+15	6.17939e+15	5.67547e+15	2.4836e+15	1.57139e+15	3.14279e+15	4.71418e+15	6.28558e+15	7.85697e+15	9.42837e+15	1.10063e+16	1.26167e+16	1.45238e+16	4.17295e+16	3.09724e+17	4.54043e+17	2.74247	2.39286	2.39286	2.39286	2.39286	2.39286	2.39286	2.39286	2.39286	2.39362	2.39648	2.40144	3.04143	4.68986	4.68986	
108552	6.85728e+17	2.78652e+17	1.21939e+17	7.71516e+16	1.54303e+17	2.31455e+17	3.08606e+17	3.85758e+17	4.6291e+17	5.40051e+17	6.17144e+17	6.93791e+17	7.29996e+17	3.35226e+17	8.60033e+15	6.17907e+15	5.67508e+15	2.48343e+15	1.57129e+15	3.14257e+15	4.71386e+15	6.28514e+15	7.85643e+15	9.42771e+15	1.10051e+16	1.26135e+16	1.45044e+16	4.15762e+16	3.09723e+17	4.54043e+17	2.74546	2.39609	2.39609	2.39609	2.39609	2.39609	2.39609	2.39609	2.39609	2.39681	2.39952	2.40422	3.02737	4.68986	4.68986	
108803	6.85728e+17	2.78652e+17	1.21939e+17	7.71518e+16	1.54304e+17	2.31455e+17	3.08607e+17	3.85759e+17	4.62911e+17	5.40053e+17	6.17149e+17	6.9382e+17	7.30246e+17	3.35226e+17	8.60033e+15	6.17876e+15	5.67468e+15	2.48326e+15	1.57118e+15	3.14235e+15	4.71353e+15	6.28471e+15	7.85588e+15	9.42706e+15	1.10041e+16	1.26104e+16	1.44858e+16	4.14197e+16	3.09723e+17	4.54043e+17	2.74845	2.39933	2.39933	2.39933	2.39933	2.39933	2.39933	2.39933	2.39933	2.40001	2.40257	2.40704	3.0135	4.68986	4.68986	
109053	6.85729e+17	2.78653e+17	1.21939e+17	7.71519e+16	1.54304e+17	2.31456e+17	3.08608e+17	3.8576e+17	4.62912e+17	5.40055e+17	6.17154e+17	6.93848e+17	7.30501e+17	3.35225e+17	8.60033e+15	6.17845e+15	5.67429e+15	2.48308e+15	1.57107e+15	3.14214e+15	4.7132e+15	6.28427e+15	7.85534e+15	9.42641e+15	1.1003e+16	1.26075e+16	1.4468e+16	4.126e+16	3.09723e+17	4.54043e+17	2.75144	2.40259	2.40259	2.40259	2.40259	2.40259	2.40259	2.40259	2.40259	2.40323	2.40565	2.40988	2.9998	4.68986	4.68986	
109303	6.85729e+17	2.78654e+17	1.2194e+17	7.71521e+16	1.54304e+17	2.31456e+17	3.08608e+17	3.85761e+17	4.62913e+17	5.40057e+17	6.17159e+17	6.93875e+17	7.30762e+17	3.35225e+17	8.60033e+15	6.17814e+15	5.6739e+15	2.48291e+15	1.57096e+15	3.14192e+15	4.71288e+15	6.28384e+15	7.8548e+15	9.42576e+15	1.10019e+16	1.26046e+16	1.4451e+16	4.10974e+16	3.09723e+17	4.54043e+17	2.75442	2.40584	2.40584	2.40584	2.40584	2.40584	2.40584	2.40584	2.40584	2.40645	2.40874	2.41275	2.98629	4.68986	4.68986	
109553	6.8573e+17	2.78654e+17	1.2194e+17	7.71523e+16	1.54305e+17	2.31457e+17	3.08609e+17	3.85761e+17	4.62914e+17	5.40058e+17	6.17163e+17	6.93901e+17	7.31026e+17	3.35225e+17	8.60033e+15	6.17783e+15	5.67351e+15	2.48274e+15	1.57085e+15	3.1417e+15	4.71256e+15	6.28341e+15	7.85426e+15	9.42511e+15	1.10009e+16	1.26018e+16	1.44347e+16	4.09319e+16	3.09723e+17	4.54043e+17	2.75739	2.40911	2.40911	2.40911	2.40911	2.40911	2.40911	2.40911	2.40911	2.40968	2.41185	2.41565	2.97296	4.68986	4.68986	
109803	6.85731e+17	2.78655e+17	1.2194e+17	7.71525e+16	1.54305e+17	2.31457e+17	3.0861e+17	3.85762e+17	4.62915e+17	5.4006e+17	6.17167e+17	6.93926e+17	7.31295e+17	3.35225e+17	8.60033e+15	6.17752e+15	5.67313e+15	2.48257e+15	1.57075e+15	3.14149e+15	4.71224e+15	6.28298e+15	7.85373e+15	9.42447e+15	1.09999e+16	1.25991e+16	1.4419e+16	4.07637e+16	3.09723e+17	4.54043e+17	2.76036	2.41239	2.41239	2.41239	2.41239	2.41239	2.41239	2.41239	2.41239	2.41293	2.41497	2.41858	2.95982	4.68986	4.68986	
110053	6.85731e+17	2.78655e+17	1.2194e+17	7.71526e+16	1.54305e+17	2.31458e+17	3.08611e+17	3.85763e+17	4.62916e+17	5.40062e+17	6.17171e+17	6.9395e+17	7.31568e+17	3.35225e+17	8.60033e+15	6.17721e+15	5.67274e+15	2.48241e+15	1.57064e+15	3.14128e+15	4.71191e+15	6.28255e+15	7.85319e+15	9.42383e+15	1.09989e+16	1.25965e+16	1.4404e+16	4.05929e+16	3.09723e+17	4.54043e+17	2.76333	2.41567	2.41567	2.41567	2.41567	2.41567	2.41567	2.41567	2.41567	2.41618	2.41811	2.42153	2.94687	4.68986	4.68986	
110304	6.85732e+17	2.78656e+17	1.21941e+17	7.71528e+16	1.54306e+17	2.31458e+17	3.08611e+17	3.85764e+17	4.62917e+17	5.40063e+17	6.17175e+17	6.93972e+17	7.31845e+17	3.35225e+17	8.60033e+15	6.1769e+15	5.67235e+15	2.48224e+15	1.57053e+15	3.14106e+15	4.7116e+15	6.28213e+15	7.85266e+15	9.42319e+15	1.09979e+16	1.2594e+16	1.43897e+16	4.04196e+16	3.09723e+17	4.54043e+17	2.76629	2.41895	2.41895	2.41895	2.41895	2.41895	2.41895	2.41895	2.41895	2.41944	2.42127	2.4245	2.93411	4.68986	4.68986	
110554	6.85732e+17	2.78657e+17	1.21941e+17	7.7153e+16	1.54306e+17	2.31459e+17	3.08612e+17	3.85765e+17	4.62918e+17	5.40065e+17	6.17179e+17	6.93994e+17	7.32126e+17	3.35225e+17	8.60033e+15	6.1766e+15	5.67197e+15	2.48207e+15	1.57043e+15	3.14085e+15	4.71128e+15	6.2817e+15	7.85213e+15	9.42255e+15	1.09969e+16	1.25916e+16	1.4376e+16	4.02441e+16	3.09722e+17	4.54043e+17	2.76925	2.42225	2.42225	2.42225	2.42225	2.42225	2.42225	2.42225	2.42225	2.4227	2.42443	2.4275	2.92154	4.68986	4.68986	
110804	6.85733e+17	2.78657e+17	1.21941e+17	7.71532e+16	1.54306e+17	2.31459e+17	3.08613e+17	3.85766e+17	4.62919e+17	5.40066e+17	6.17183e+17	6.94015e+17	7.3241e+17	3.35224e+17	8.60033e+15	6.17629e+15	5.67159e+15	2.4819e+15	1.57032e+15	3.14064e+15	4.71096e+15	6.28128e+15	7.8516e+15	9.42192e+15	1.0996e+16	1.25893e+16	1.43628e+16	4.00663e+16	3.09722e+17	4.54043e+17	2.7722	2.42554	2.42554	2.42554	2.42554	2.42554	2.42554	2.42554	2.42554	2.42597	2.42761	2.43051	2.90916	4.68986	4.68986	
111054	6.85733e+17	2.78658e+17	1.21941e+17	7.71533e+16	1.54307e+17	2.3146e+17	3.08613e+17	3.85767e+17	4.6292e+17	5.40068e+17	6.17187e+17	6.94035e+17	7.32697e+17	3.35224e+17	8.60033e+15	6.17599e+15	5.67121e+15	2.48174e+15	1.57021e+15	3.14043e+15	4.71064e+15	6.28086e+15	7.85107e+15	9.42129e+15	1.0995e+16	1.2587e+16	1.43503e+16	3.98864e+16	3.09722e+17	4.54043e+17	2.77515	2.42885	2.42885	2.42885	2.42885	2.42885	2.42885	2.42885	2.42885	2.42925	2.4308	2.43354	2.89698	4.68986	4.68986	
111305	6.85734e+17	2.78659e+17	1.21942e+17	7.71535e+16	1.54307e+17	2.31461e+17	3.08614e+17	3.85768e+17	4.62921e+17	5.40069e+17	6.1719e+17	6.94054e+17	7.32988e+17	3.35224e+17	8.60033e+15	6.17568e+15	5.67083e+15	2.48157e+15	1.57011e+15	3.14022e+15	4.71033e+15	6.28044e+15	7.85055e+15	9.42065e+15	1.09941e+16	1.25848e+16	1.43382e+16	3.97047e+16	3.09722e+17	4.54043e+17	2.77809	2.43215	2.43215	2.43215	2.43215	2.43215	2.43215	2.43215	2.43215	2.43253	2.43399	2.43659	2.88499	4.68986	4.68986	
111555	6.85734e+17	2.78659e+17	1.21942e+17	7.71537e+16	1.54307e+17	2.31461e+17	3.08615e+17	3.85768e+17	4.62922e+17	5.40071e+17	6.17193e+17	6.94072e+17	7.33281e+17	3.35224e+17	8.60033e+15	6.17538e+15	5.67045e+15	2.4814e+15	1.57e+15	3.14001e+15	4.71001e+15	6.28002e+15	7.85002e+15	9.42003e+15	1.09932e+16	1.25827e+16	1.43267e+16	3.9521e+16	3.09722e+17	4.54043e+17	2.78103	2.43546	2.43546	2.43546	2.43546	2.43546	2.43546	2.43546	2.43546	2.43582	2.4372	2.43966	2.8732	4.68986	4.68986	
111805	6.85735e+17	2.7866e+17	1.21942e+17	7.71538e+16	1.54308e+17	2.31462e+17	3.08615e+17	3.85769e+17	4.62923e+17	5.40072e+17	6.17197e+17	6.9409e+17	7.33577e+17	3.35224e+17	8.60033e+15	6.17508e+15	5.67007e+15	2.48124e+15	1.5699e+15	3.1398e+15	4.7097e+15	6.2796e+15	7.8495e+15	9.4194e+15	1.09923e+16	1.25807e+16	1.43157e+16	3.93357e+16	3.09722e+17	4.54043e+17	2.78397	2.43878	2.43878	2.43878	2.43878	2.43878	2.43878	2.43878	2.43878	2.43912	2.44042	2.44275	2.8616	4.68986	4.68986	
112055	6.85736e+17	2.7866e+17	1.21942e+17	7.7154e+16	1.54308e+17	2.31462e+17	3.08616e+17	3.8577e+17	4.62924e+17	5.40074e+17	6.172e+17	6.94106e+17	7.33876e+17	3.35224e+17	8.60033e+15	6.17477e+15	5.6697e+15	2.48107e+15	1.5698e+15	3.13959e+15	4.70939e+15	6.27918e+15	7.84898e+15	9.41877e+15	1.09914e+16	1.25787e+16	1.43052e+16	3.91488e+16	3.09722e+17	4.54043e+17	2.7869	2.4421	2.4421	2.4421	2.4421	2.4421	2.4421	2.4421	2.4421	2.44242	2.44364	2.44584	2.85021	4.68986	4.68986	
112306	6.85736e+17	2.78661e+17	1.21943e+17	7.71542e+16	1.54308e+17	2.31463e+17	3.08617e+17	3.85771e+17	4.62925e+17	5.40075e+17	6.17203e+17	6.94122e+17	7.34177e+17	3.35224e+17	8.60033e+15	6.17447e+15	5.66932e+15	2.48091e+15	1.56969e+15	3.13938e+15	4.70908e+15	6.27877e+15	7.84846e+15	9.41815e+15	1.09905e+16	1.25768e+16	1.42951e+16	3.89605e+16	3.09721e+17	4.54043e+17	2.78982	2.44542	2.44542	2.44542	2.44542	2.44542	2.44542	2.44542	2.44542	2.44572	2.44688	2.44896	2.839	4.68986	4.68986	
112556	6.85737e+17	2.78662e+17	1.21943e+17	7.71543e+16	1.54309e+17	2.31463e+17	3.08617e+17	3.85772e+17	4.62926e+17	5.40076e+17	6.17206e+17	6.94137e+17	7.3448e+17	3.35223e+17	8.60033e+15	6.17417e+15	5.66895e+15	2.48075e+15	1.56959e+15	3.13918e+15	4.70877e+15	6.27835e+15	7.84794e+15	9.41753e+15	1.09896e+16	1.25749e+16	1.42855e+16	3.87708e+16	3.09721e+17	4.54043e+17	2.79275	2.44874	2.44874	2.44874	2.44874	2.44874	2.44874	2.44874	2.44874	2.44902	2.45012	2.45208	2.828	4.68986	4.68986	
112806	6.85737e+17	2.78662e+17	1.21943e+17	7.71545e+16	1.54309e+17	2.31464e+17	3.08618e+17	3.85773e+17	4.62927e+17	5.40078e+17	6.17209e+17	6.94152e+17	7.34785e+17	3.35223e+17	8.60033e+15	6.17388e+15	5.66858e+15	2.48058e+15	1.56949e+15	3.13897e+15	4.70846e+15	6.27794e+15	7.84743e+15	9.41691e+15	1.09888e+16	1.25731e+16	1.42762e+16	3.85799e+16	3.09721e+17	4.54043e+17	2.79566	2.45206	2.45206	2.45206	2.45206	2.45206	2.45206	2.45206	2.45206	2.45233	2.45336	2.45522	2.81719	4.68986	4.68986	
113056	6.85738e+17	2.78663e+17	1.21944e+17	7.71547e+16	1.54309e+17	2.31464e+17	3.08619e+17	3.85773e+17	4.62928e+17	5.40079e+17	6.17212e+17	6.94166e+17	7.35092e+17	3.35223e+17	8.60033e+15	6.17358e+15	5.66821e+15	2.48042e+15	1.56938e+15	3.13877e+15	4.70815e+15	6.27753e+15	7.84691e+15	9.4163e+15	1.09879e+16	1.25713e+16	1.42674e+16	3.83879e+16	3.09721e+17	4.54043e+17	2.79857	2.45539	2.45539	2.45539	2.45539	2.45539	2.45539	2.45539	2.45539	2.45564	2.45661	2.45837	2.80658	4.68986	4.68986	
113307	6.85738e+17	2.78663e+17	1.21944e+17	7.71548e+16	1.5431e+17	2.31465e+17	3.08619e+17	3.85774e+17	4.62929e+17	5.40081e+17	6.17214e+17	6.94179e+17	7.354e+17	3.35223e+17	8.60033e+15	6.17328e+15	5.66784e+15	2.48026e+15	1.56928e+15	3.13856e+15	4.70784e+15	6.27712e+15	7.8464e+15	9.41568e+15	1.09871e+16	1.25696e+16	1.4259e+16	3.81949e+16	3.09721e+17	4.54043e+17	2.80148	2.45872	2.45872	2.45872	2.45872	2.45872	2.45872	2.45872	2.45872	2.45895	2.45987	2.46153	2.79617	4.68986	4.68986	
113557	6.85739e+17	2.78664e+17	1.21944e+17	7.7155e+16	1.5431e+17	2.31465e+17	3.0862e+17	3.85775e+17	4.6293e+17	5.40082e+17	6.17217e+17	6.94192e+17	7.35709e+17	3.35223e+17	8.60033e+15	6.17298e+15	5.66747e+15	2.4801e+15	1.56918e+15	3.13836e+15	4.70753e+15	6.27671e+15	7.84589e+15	9.41507e+15	1.09862e+16	1.25679e+16	1.42509e+16	3.8001e+16	3.09721e+17	4.54043e+17	2.80439	2.46204	2.46204	2.46204	2.46204	2.46204	2.46204	2.46204	2.46204	2.46227	2.46313	2.4647	2.78595	4.68986	4.68986	
113807	6.85739e+17	2.78665e+17	1.21944e+17	7.71552e+16	1.5431e+17	2.31466e+17	3.08621e+17	3.85776e+17	4.62931e+17	5.40083e+17	6.1722e+17	6.94204e+17	7.3602e+17	3.35223e+17	8.60033e+15	6.17269e+15	5.6671e+15	2.47994e+15	1.56908e+15	3.13815e+15	4.70723e+15	6.27631e+15	7.84538e+15	9.41446e+15	1.09854e+16	1.25663e+16	1.42432e+16	3.78064e+16	3.09721e+17	4.54043e+17	2.80729	2.46537	2.46537	2.46537	2.46537	2.46537	2.46537	2.46537	2.46537	2.46558	2.4664	2.46788	2.77594	4.68986	4.68986	
114057	6.8574e+17	2.78665e+17	1.21945e+17	7.71553e+16	1.54311e+17	2.31466e+17	3.08621e+17	3.85777e+17	4.62932e+17	5.40085e+17	6.17222e+17	6.94216e+17	7.36332e+17	3.35223e+17	8.60033e+15	6.1724e+15	5.66673e+15	2.47978e+15	1.56898e+15	3.13795e+15	4.70693e+15	6.2759e+15	7.84488e+15	9.41385e+15	1.09846e+16	1.25648e+16	1.42359e+16	3.76111e+16	3.09721e+17	4.54043e+17	2.81018	2.4687	2.4687	2.4687	2.4687	2.4687	2.4687	2.4687	2.4687	2.4689	2.46967	2.47107	2.76612	4.68986	4.68986	
114308	6.8574e+17	2.78666e+17	1.21945e+17	7.71555e+16	1.54311e+17	2.31467e+17	3.08622e+17	3.85778e+17	4.62933e+17	5.40086e+17	6.17225e+17	6.94227e+17	7.36645e+17	3.35223e+17	8.60033e+15	6.1721e+15	5.66637e+15	2.47962e+15	1.56887e+15	3.13775e+15	4.70662e+15	6.2755e+15	7.84437e+15	9.41324e+15	1.09838e+16	1.25632e+16	1.42288e+16	3.74152e+16	3.09721e+17	4.54043e+17	2.81307	2.47203	2.47203	2.47203	2.47203	2.47203	2.47203	2.47203	2.47203	2.47222	2.47294	2.47427	2.75649	4.68986	4.68986	
114558	6.85741e+17	2.78666e+17	1.21945e+17	7.71557e+16	1.54311e+17	2.31467e+17	3.08623e+17	3.85778e+17	4.62934e+17	5.40087e+17	6.17227e+17	6.94238e+17	7.36958e+17	3.35222e+17	8.60033e+15	6.17181e+15	5.666e+15	2.47946e+15	1.56877e+15	3.13755e+15	4.70632e+15	6.27509e+15	7.84387e+15	9.41264e+15	1.0983e+16	1.25617e+16	1.42221e+16	3.7219e+16	3.0972e+17	4.54043e+17	2.81596	2.47536	2.47536	2.47536	2.47536	2.47536	2.47536	2.47536	2.47536	2.47554	2.47622	2.47747	2.74706	4.68986	4.68986	
114808	6.85742e+17	2.78667e+17	1.21945e+17	7.71558e+16	1.54312e+17	2.31467e+17	3.08623e+17	3.85779e+17	4.62935e+17	5.40088e+17	6.17229e+17	6.94248e+17	7.37272e+17	3.35222e+17	8.60033e+15	6.17152e+15	5.66564e+15	2.4793e+15	1.56867e+15	3.13735e+15	4.70602e+15	6.27469e+15	7.84336e+15	9.41204e+15	1.09822e+16	1.25603e+16	1.42156e+16	3.70223e+16	3.0972e+17	4.54043e+17	2.81884	2.47869	2.47869	2.47869	2.47869	2.47869	2.47869	2.47869	2.47869	2.47886	2.4795	2.48068	2.73783	4.68986	4.68986	
115058	6.85742e+17	2.78667e+17	1.21946e+17	7.7156e+16	1.54312e+17	2.31468e+17	3.08624e+17	3.8578e+17	4.62936e+17	5.4009e+17	6.17232e+17	6.94258e+17	7.37586e+17	3.35222e+17	8.60033e+15	6.17123e+15	5.66528e+15	2.47914e+15	1.56857e+15	3.13714e+15	4.70572e+15	6.27429e+15	7.84286e+15	9.41143e+15	1.09814e+16	1.25589e+16	1.42095e+16	3.68255e+16	3.0972e+17	4.54044e+17	2.82171	2.48202	2.48202	2.48202	2.48202	2.48202	2.48202	2.48202	2.48202	2.48218	2.48278	2.48389	2.72879	4.68986	4.68986	
115309	6.85743e+17	2.78668e+17	1.21946e+17	7.71562e+16	1.54312e+17	2.31468e+17	3.08625e+17	3.85781e+17	4.62937e+17	5.40091e+17	6.17234e+17	6.94267e+17	7.379e+17	3.35222e+17	8.60034e+15	6.17094e+15	5.66492e+15	2.47898e+15	1.56847e+15	3.13695e+15	4.70542e+15	6.27389e+15	7.84236e+15	9.41084e+15	1.09806e+16	1.25575e+16	1.42036e+16	3.66285e+16	3.0972e+17	4.54044e+17	2.82459	2.48535	2.48535	2.48535	2.48535	2.48535	2.48535	2.48535	2.48535	2.4855	2.48607	2.48711	2.71995	4.68986	4.68986	
115559	6.85743e+17	2.78669e+17	1.21946e+17	7.71563e+16	1.54313e+17	2.31469e+17	3.08625e+17	3.85782e+17	4.62938e+17	5.40092e+17	6.17236e+17	6.94276e+17	7.38215e+17	3.35222e+17	8.60034e+15	6.17065e+15	5.66456e+15	2.47883e+15	1.56837e+15	3.13675e+15	4.70512e+15	6.27349e+15	7.84186e+15	9.41024e+15	1.09799e+16	1.25561e+16	1.41979e+16	3.64315e+16	3.0972e+17	4.54044e+17	2.82746	2.48868	2.48868	2.48868	2.48868	2.48868	2.48868	2.48868	2.48868	2.48881	2.48935	2.49034	2.7113	4.68986	4.68986	
115809	6.85744e+17	2.78669e+17	1.21946e+17	7.71565e+16	1.54313e+17	2.31469e+17	3.08626e+17	3.85782e+17	4.62939e+17	5.40093e+17	6.17238e+17	6.94285e+17	7.38529e+17	3.35222e+17	8.60034e+15	6.17036e+15	5.6642e+15	2.47867e+15	1.56827e+15	3.13655e+15	4.70482e+15	6.27309e+15	7.84137e+15	9.40964e+15	1.09791e+16	1.25548e+16	1.41925e+16	3.62345e+16	3.0972e+17	4.54044e+17	2.83032	2.492	2.492	2.492	2.492	2.492	2.492	2.492	2.492	2.49213	2.49264	2.49357	2.70284	4.68986	4.68986	
116060	6.85744e+17	2.7867e+17	1.21947e+17	7.71566e+16	1.54313e+17	2.3147e+17	3.08627e+17	3.85783e+17	4.6294e+17	5.40095e+17	6.1724e+17	6.94293e+17	7.38843e+17	3.35222e+17	8.60034e+15	6.17007e+15	5.66384e+15	2.47851e+15	1.56817e+15	3.13635e+15	4.70452e+15	6.2727e+15	7.84087e+15	9.40905e+15	1.09783e+16	1.25535e+16	1.41874e+16	3.60377e+16	3.0972e+17	4.54044e+17	2.83318	2.49533	2.49533	2.49533	2.49533	2.49533	2.49533	2.49533	2.49533	2.49545	2.49593	2.4968	2.69457	4.68986	4.68986	
116310	6.85745e+17	2.7867e+17	1.21947e+17	7.71568e+16	1.54314e+17	2.3147e+17	3.08627e+17	3.85784e+17	4.62941e+17	5.40096e+17	6.17242e+17	6.94301e+17	7.39156e+17	3.35222e+17	8.60034e+15	6.16978e+15	5.66349e+15	2.47836e+15	1.56808e+15	3.13615e+15	4.70423e+15	6.2723e+15	7.84038e+15	9.40846e+15	1.09776e+16	1.25523e+16	1.41824e+16	3.58411e+16	3.0972e+17	4.54044e+17	2.83603	2.49865	2.49865	2.49865	2.49865	2.49865	2.49865	2.49865	2.49865	2.49877	2.49921	2.50004	2.68649	4.68986	4.68986	
116560	6.85745e+17	2.78671e+17	1.21947e+17	7.7157e+16	1.54314e+17	2.31471e+17	3.08628e+17	3.85785e+17	4.62942e+17	5.40097e+17	6.17244e+17	6.94308e+17	7.39469e+17	3.35221e+17	8.60034e+15	6.1695e+15	5.66313e+15	2.4782e+15	1.56798e+15	3.13596e+15	4.70393e+15	6.27191e+15	7.83989e+15	9.40787e+15	1.09768e+16	1.25511e+16	1.41777e+16	3.56448e+16	3.0972e+17	4.54044e+17	2.83889	2.50198	2.50198	2.50198	2.50198	2.50198	2.50198	2.50198	2.50198	2.50208	2.5025	2.50328	2.6786	4.68986	4.68986	
116811	6.85746e+17	2.78672e+17	1.21947e+17	7.71571e+16	1.54314e+17	2.31471e+17	3.08628e+17	3.85786e+17	4.62943e+17	5.40098e+17	6.17246e+17	6.94316e+17	7.39782e+17	3.35221e+17	8.60034e+15	6.16921e+15	5.66278e+15	2.47805e+15	1.56788e+15	3.13576e+15	4.70364e+15	6.27152e+15	7.8394e+15	9.40728e+15	1.09761e+16	1.25499e+16	1.41732e+16	3.5449e+16	3.09719e+17	4.54044e+17	2.84173	2.5053	2.5053	2.5053	2.5053	2.5053	2.5053	2.5053	2.5053	2.5054	2.50579	2.50653	2.67089	4.68986	4.68986	
117061	6.85746e+17	2.78672e+17	1.21948e+17	7.71573e+16	1.54315e+17	2.31472e+17	3.08629e+17	3.85786e+17	4.62944e+17	5.401e+17	6.17248e+17	6.94322e+17	7.40093e+17	3.35221e+17	8.60034e+15	6.16893e+15	5.66242e+15	2.47789e+15	1.56778e+15	3.13556e+15	4.70335e+15	6.27113e+15	7.83891e+15	9.40669e+15	1.09753e+16	1.25487e+16	1.41688e+16	3.52536e+16	3.09719e+17	4.54044e+17	2.84457	2.50861	2.50861	2.50861	2.50861	2.50861	2.50861	2.50861	2.50861	2.50871	2.50908	2.50977	2.66337	4.68986	4.68986	
117311	6.85747e+17	2.78673e+17	1.21948e+17	7.71574e+16	1.54315e+17	2.31472e+17	3.0863e+17	3.85787e+17	4.62945e+17	5.40101e+17	6.1725e+17	6.94329e+17	7.40404e+17	3.35221e+17	8.60034e+15	6.16864e+15	5.66207e+15	2.47774e+15	1.56768e+15	3.13537e+15	4.70305e+15	6.27074e+15	7.83842e+15	9.40611e+15	1.09746e+16	1.25475e+16	1.41647e+16	3.50588e+16	3.09719e+17	4.54044e+17	2.84741	2.51193	2.51193	2.51193	2.51193	2.51193	2.51193	2.51193	2.51193	2.51202	2.51237	2.51302	2.65604	4.68986	4.68986	
117562	6.85747e+17	2.78673e+17	1.21948e+17	7.71576e+16	1.54315e+17	2.31473e+17	3.0863e+17	3.85788e+17	4.62946e+17	5.40102e+17	6.17252e+17	6.94335e+17	7.40713e+17	3.35221e+17	8.60034e+15	6.16836e+15	5.66172e+15	2.47758e+15	1.56759e+15	3.13517e+15	4.70276e+15	6.27035e+15	7.83794e+15	9.40552e+15	1.09739e+16	1.25464e+16	1.41607e+16	3.48647e+16	3.09719e+17	4.54044e+17	2.85025	2.51524	2.51524	2.51524	2.51524	2.51524	2.51524	2.51524	2.51524	2.51533	2.51566	2.51627	2.64889	4.68986	4.68986	
117812	6.85748e+17	2.78674e+17	1.21948e+17	7.71577e+16	1.54315e+17	2.31473e+17	3.08631e+17	3.85789e+17	4.62946e+17	5.40103e+17	6.17253e+17	6.94341e+17	7.41022e+17	3.35221e+17	8.60034e+15	6.16808e+15	5.66137e+15	2.47743e+15	1.56749e+15	3.13498e+15	4.70247e+15	6.26996e+15	7.83745e+15	9.40494e+15	1.09732e+16	1.25453e+16	1.41569e+16	3.46713e+16	3.09719e+17	4.54044e+17	2.85308	2.51855	2.51855	2.51855	2.51855	2.51855	2.51855	2.51855	2.51855	2.51863	2.51894	2.51952	2.64192	4.68986	4.68986	
118062	6.85748e+17	2.78674e+17	1.21949e+17	7.71579e+16	1.54316e+17	2.31474e+17	3.08632e+17	3.85789e+17	4.62947e+17	5.40104e+17	6.17255e+17	6.94347e+17	7.41329e+17	3.35221e+17	8.60034e+15	6.1678e+15	5.66102e+15	2.47728e+15	1.56739e+15	3.13479e+15	4.70218e+15	6.26958e+15	7.83697e+15	9.40436e+15	1.09724e+16	1.25442e+16	1.41532e+16	3.44787e+16	3.09719e+17	4.54044e+17	2.8559	2.52186	2.52186	2.52186	2.52186	2.52186	2.52186	2.52186	2.52186	2.52194	2.52223	2.52277	2.63513	4.68986	4.68986	
118313	6.85749e+17	2.78675e+17	1.21949e+17	7.71581e+16	1.54316e+17	2.31474e+17	3.08632e+17	3.8579e+17	4.62948e+17	5.40105e+17	6.17257e+17	6.94353e+17	7.41634e+17	3.35221e+17	8.60034e+15	6.16751e+15	5.66067e+15	2.47713e+15	1.5673e+15	3.1346e+15	4.70189e+15	6.26919e+15	7.83649e+15	9.40379e+15	1.09717e+16	1.25431e+16	1.41497e+16	3.4287e+16	3.09719e+17	4.54044e+17	2.85872	2.52517	2.52517	2.52517	2.52517	2.52517	2.52517	2.52517	2.52517	2.52524	2.52551	2.52602	2.62852	4.68986	4.68986	
118563	6.85749e+17	2.78676e+17	1.21949e+17	7.71582e+16	1.54316e+17	2.31475e+17	3.08633e+17	3.85791e+17	4.62949e+17	5.40107e+17	6.17259e+17	6.94358e+17	7.41938e+17	3.35221e+17	8.60034e+15	6.16724e+15	5.66033e+15	2.47697e+15	1.5672e+15	3.1344e+15	4.70161e+15	6.26881e+15	7.83601e+15	9.40321e+15	1.0971e+16	1.25421e+16	1.41464e+16	3.40962e+16	3.09719e+17	4.54044e+17	2.86154	2.52847	2.52847	2.52847	2.52847	2.52847	2.52847	2.52847	2.52847	2.52854	2.52879	2.52928	2.62209	4.68986	4.68986	
118813	6.8575e+17	2.78676e+17	1.21949e+17	7.71584e+16	1.54317e+17	2.31475e+17	3.08633e+17	3.85792e+17	4.6295e+17	5.40108e+17	6.1726e+17	6.94363e+17	7.42241e+17	3.3522e+17	8.60034e+15	6.16696e+15	5.65998e+15	2.47682e+15	1.56711e+15	3.13421e+15	4.70132e+15	6.26842e+15	7.83553e+15	9.40264e+15	1.09703e+16	1.25411e+16	1.41432e+16	3.39064e+16	3.09719e+17	4.54044e+17	2.86435	2.53177	2.53177	2.53177	2.53177	2.53177	2.53177	2.53177	2.53177	2.53183	2.53208	2.53253	2.61583	4.68986	4.68986	
119064	6.8575e+17	2.78677e+17	1.2195e+17	7.71585e+16	1.54317e+17	2.31476e+17	3.08634e+17	3.85793e+17	4.62951e+17	5.40109e+17	6.17262e+17	6.94368e+17	7.42541e+17	3.3522e+17	8.60034e+15	6.16668e+15	5.65964e+15	2.47667e+15	1.56701e+15	3.13402e+15	4.70103e+15	6.26804e+15	7.83505e+15	9.40206e+15	1.09696e+16	1.25401e+16	1.41401e+16	3.37177e+16	3.09719e+17	4.54044e+17	2.86716	2.53507	2.53507	2.53507	2.53507	2.53507	2.53507	2.53507	2.53507	2.53513	2.53535	2.53578	2.60974	4.68986	4.68986	
119314	6.85751e+17	2.78677e+17	1.2195e+17	7.71587e+16	1.54317e+17	2.31476e+17	3.08635e+17	3.85793e+17	4.62952e+17	5.4011e+17	6.17263e+17	6.94373e+17	7.4284e+17	3.3522e+17	8.60034e+15	6.1664e+15	5.65929e+15	2.47652e+15	1.56692e+15	3.13383e+15	4.70075e+15	6.26766e+15	7.83458e+15	9.40149e+15	1.09689e+16	1.25391e+16	1.41371e+16	3.35302e+16	3.09718e+17	4.54044e+17	2.86996	2.53837	2.53837	2.53837	2.53837	2.53837	2.53837	2.53837	2.53837	2.53842	2.53863	2.53903	2.60383	4.68986	4.68986	
119564	6.85751e+17	2.78678e+17	1.2195e+17	7.71588e+16	1.54318e+17	2.31476e+17	3.08635e+17	3.85794e+17	4.62953e+17	5.40111e+17	6.17265e+17	6.94378e+17	7.43137e+17	3.3522e+17	8.60034e+15	6.16612e+15	5.65895e+15	2.47637e+15	1.56682e+15	3.13364e+15	4.70046e+15	6.26728e+15	7.8341e+15	9.40092e+15	1.09682e+16	1.25381e+16	1.41342e+16	3.33438e+16	3.09718e+17	4.54044e+17	2.87276	2.54166	2.54166	2.54166	2.54166	2.54166	2.54166	2.54166	2.54166	2.54171	2.54191	2.54228	2.59808	4.68986	4.68986	
119815	6.85752e+17	2.78678e+17	1.2195e+17	7.7159e+16	1.54318e+17	2.31477e+17	3.08636e+17	3.85795e+17	4.62954e+17	5.40112e+17	6.17267e+17	6.94382e+17	7.43432e+17	3.3522e+17	8.60034e+15	6.16585e+15	5.65861e+15	2.47622e+15	1.56673e+15	3.13345e+15	4.70018e+15	6.2669e+15	7.83363e+15	9.40036e+15	1.09675e+16	1.25371e+16	1.41315e+16	3.31587e+16	3.09718e+17	4.54044e+17	2.87556	2.54495	2.54495	2.54495	2.54495	2.54495	2.54495	2.54495	2.54495	2.54499	2.54518	2.54553	2.59251	4.68986	4.68986	
120065	6.85752e+17	2.78679e+17	1.21951e+17	7.71591e+16	1.54318e+17	2.31477e+17	3.08637e+17	3.85796e+17	4.62955e+17	5.40113e+17	6.17268e+17	6.94386e+17	7.43725e+17	3.3522e+17	8.60034e+15	6.16557e+15	5.65827e+15	2.47607e+15	1.56663e+15	3.13326e+15	4.6999e+15	6.26653e+15	7.83316e+15	9.39979e+15	1.09668e+16	1.25362e+16	1.41289e+16	3.29749e+16	3.09718e+17	4.54044e+17	2.87835	2.54823	2.54823	2.54823	2.54823	2.54823	2.54823	2.54823	2.54823	2.54827	2.54845	2.54878	2.5871	4.68986	4.68986	
120315	6.85753e+17	2.78679e+17	1.21951e+17	7.71593e+16	1.54319e+17	2.31478e+17	3.08637e+17	3.85796e+17	4.62956e+17	5.40114e+17	6.1727e+17	6.9439e+17	7.44015e+17	3.3522e+17	8.60034e+15	6.1653e+15	5.65793e+15	2.47592e+15	1.56654e+15	3.13308e+15	4.69961e+15	6.26615e+15	7.83269e+15	9.39923e+15	1.09662e+16	1.25352e+16	1.41263e+16	3.27925e+16	3.09718e+17	4.54044e+17	2.88113	2.55151	2.55151	2.55151	2.55151	2.55151	2.55151	2.55151	2.55151	2.55155	2.55172	2.55203	2.58185	4.68986	4.68986	
120566	6.85753e+17	2.7868e+17	1.21951e+17	7.71594e+16	1.54319e+17	2.31478e+17	3.08638e+17	3.85797e+17	4.62957e+17	5.40115e+17	6.17271e+17	6.94394e+17	7.44303e+17	3.3522e+17	8.60034e+15	6.16503e+15	5.65759e+15	2.47578e+15	1.56644e+15	3.13289e+15	4.69933e+15	6.26578e+15	7.83222e+15	9.39866e+15	1.09655e+16	1.25343e+16	1.41239e+16	3.26115e+16	3.09718e+17	4.54044e+17	2.88392	2.55479	2.55479	2.55479	2.55479	2.55479	2.55479	2.55479	2.55479	2.55483	2.55498	2.55528	2.57676	4.68986	4.68986	
120816	6.85754e+17	2.7868e+17	1.21951e+17	7.71596e+16	1.54319e+17	2.31479e+17	3.08638e+17	3.85798e+17	4.62958e+17	5.40117e+17	6.17273e+17	6.94398e+17	7.44589e+17	3.3522e+17	8.60034e+15	6.16475e+15	5.65725e+15	2.47563e+15	1.56635e+15	3.1327e+15	4.69905e+15	6.2654e+15	7.83175e+15	9.3981e+15	1.09648e+16	1.25334e+16	1.41215e+16	3.24319e+16	3.09718e+17	4.54044e+17	2.8867	2.55806	2.55806	2.55806	2.55806	2.55806	2.55806	2.55806	2.55806	2.5581	2.55824	2.55852	2.57184	4.68986	4.68986	
121066	6.85754e+17	2.78681e+17	1.21952e+17	7.71597e+16	1.54319e+17	2.31479e+17	3.08639e+17	3.85799e+17	4.62958e+17	5.40118e+17	6.17274e+17	6.94401e+17	7.44873e+17	3.3522e+17	8.60034e+15	6.16448e+15	5.65692e+15	2.47548e+15	1.56626e+15	3.13252e+15	4.69877e+15	6.26503e+15	7.83129e+15	9.39755e+15	1.09641e+16	1.25325e+16	1.41193e+16	3.22539e+16	3.09718e+17	4.54044e+17	2.88947	2.56133	2.56133	2.56133	2.56133	2.56133	2.56133	2.56133	2.56133	2.56137	2.5615	2.56176	2.56707	4.68986	4.68986	
121317	6.85755e+17	2.78682e+17	1.21952e+17	7.71599e+16	1.5432e+17	2.3148e+17	3.0864e+17	3.85799e+17	4.62959e+17	5.40119e+17	6.17276e+17	6.94405e+17	7.45154e+17	3.35219e+17	8.60034e+15	6.16421e+15	5.65658e+15	2.47533e+15	1.56616e+15	3.13233e+15	4.69849e+15	6.26466e+15	7.83082e+15	9.39699e+15	1.09635e+16	1.25316e+16	1.41171e+16	3.20774e+16	3.09718e+17	4.54044e+17	2.89224	2.5646	2.5646	2.5646	2.5646	2.5646	2.5646	2.5646	2.5646	2.56463	2.56476	2.565	2.56246	4.68986	4.68986	
121567	6.85755e+17	2.78682e+17	1.21952e+17	7.716e+16	1.5432e+17	2.3148e+17	3.0864e+17	3.858e+17	4.6296e+17	5.4012e+17	6.17277e+17	6.94408e+17	7.45432e+17	3.35219e+17	8.60034e+15	6.16394e+15	5.65625e+15	2.47519e+15	1.56607e+15	3.13214e+15	4.69822e+15	6.26429e+15	7.83036e+15	9.39643e+15	1.09628e+16	1.25307e+16	1.4115e+16	3.19025e+16	3.09718e+17	4.54044e+17	2.895	2.56786	2.56786	2.56786	2.56786	2.56786	2.56786	2.56786	2.56786	2.56789	2.56801	2.56824	2.55801	4.68986	4.68986	
121817	6.85756e+17	2.78683e+17	1.21952e+17	7.71602e+16	1.5432e+17	2.31481e+17	3.08641e+17	3.85801e+17	4.62961e+17	5.40121e+17	6.17278e+17	6.94411e+17	7.45708e+17	3.35219e+17	8.60034e+15	6.16367e+15	5.65591e+15	2.47504e+15	1.56598e+15	3.13196e+15	4.69794e+15	6.26392e+15	7.8299e+15	9.39588e+15	1.09621e+16	1.25298e+16	1.4113e+16	3.17292e+16	3.09718e+17	4.54044e+17	2.89777	2.57112	2.57112	2.57112	2.57112	2.57112	2.57112	2.57112	2.57112	2.57115	2.57126	2.57148	2.55371	4.68986	4.68986	
122068	6.85756e+17	2.78683e+17	1.21952e+17	7.71603e+16	1.54321e+17	2.31481e+17	3.08641e+17	3.85802e+17	4.62962e+17	5.40122e+17	6.1728e+17	6.94415e+17	7.45981e+17	3.35219e+17	8.60034e+15	6.1634e+15	5.65558e+15	2.4749e+15	1.56589e+15	3.13178e+15	4.69766e+15	6.26355e+15	7.82944e+15	9.39533e+15	1.09615e+16	1.2529e+16	1.4111e+16	3.15576e+16	3.09717e+17	4.54044e+17	2.90052	2.57438	2.57438	2.57438	2.57438	2.57438	2.57438	2.57438	2.57438	2.5744	2.57451	2.57471	2.54955	4.68986	4.68986	
122318	6.85757e+17	2.78684e+17	1.21953e+17	7.71605e+16	1.54321e+17	2.31481e+17	3.08642e+17	3.85802e+17	4.62963e+17	5.40123e+17	6.17281e+17	6.94418e+17	7.46251e+17	3.35219e+17	8.60034e+15	6.16313e+15	5.65525e+15	2.47475e+15	1.5658e+15	3.13159e+15	4.69739e+15	6.26318e+15	7.82898e+15	9.39478e+15	1.09608e+16	1.25281e+16	1.41091e+16	3.13877e+16	3.09717e+17	4.54044e+17	2.90328	2.57763	2.57763	2.57763	2.57763	2.57763	2.57763	2.57763	2.57763	2.57765	2.57775	2.57794	2.54555	4.68986	4.68986	
122569	6.85757e+17	2.78684e+17	1.21953e+17	7.71606e+16	1.54321e+17	2.31482e+17	3.08643e+17	3.85803e+17	4.62964e+17	5.40124e+17	6.17282e+17	6.94421e+17	7.46519e+17	3.35219e+17	8.60034e+15	6.16287e+15	5.65492e+15	2.47461e+15	1.5657e+15	3.13141e+15	4.69711e+15	6.26282e+15	7.82852e+15	9.39423e+15	1.09601e+16	1.25273e+16	1.41073e+16	3.12196e+16	3.09717e+17	4.54044e+17	2.90603	2.58088	2.58088	2.58088	2.58088	2.58088	2.58088	2.58088	2.58088	2.5809	2.58099	2.58117	2.54169	4.68986	4.68986	
122819	6.85758e+17	2.78685e+17	1.21953e+17	7.71608e+16	1.54322e+17	2.31482e+17	3.08643e+17	3.85804e+17	4.62965e+17	5.40125e+17	6.17284e+17	6.94423e+17	7.46784e+17	3.35219e+17	8.60034e+15	6.1626e+15	5.65459e+15	2.47446e+15	1.56561e+15	3.13123e+15	4.69684e+15	6.26245e+15	7.82807e+15	9.39368e+15	1.09595e+16	1.25265e+16	1.41055e+16	3.10532e+16	3.09717e+17	4.54044e+17	2.90877	2.58412	2.58412	2.58412	2.58412	2.58412	2.58412	2.58412	2.58412	2.58414	2.58423	2.58439	2.53797	4.68986	4.68986	
123069	6.85758e+17	2.78685e+17	1.21953e+17	7.71609e+16	1.54322e+17	2.31483e+17	3.08644e+17	3.85805e+17	4.62966e+17	5.40126e+17	6.17285e+17	6.94426e+17	7.47046e+17	3.35219e+17	8.60034e+15	6.16233e+15	5.65426e+15	2.47432e+15	1.56552e+15	3.13104e+15	4.69657e+15	6.26209e+15	7.82761e+15	9.39313e+15	1.09588e+16	1.25256e+16	1.41038e+16	3.08886e+16	3.09717e+17	4.54044e+17	2.91151	2.58736	2.58736	2.58736	2.58736	2.58736	2.58736	2.58736	2.58736	2.58738	2.58746	2.58762	2.5344	4.68986	4.68986	
123320	6.85759e+17	2.78686e+17	1.21954e+17	7.71611e+16	1.54322e+17	2.31483e+17	3.08644e+17	3.85805e+17	4.62966e+17	5.40127e+17	6.17286e+17	6.94429e+17	7.47304e+17	3.35219e+17	8.60034e+15	6.16207e+15	5.65393e+15	2.47418e+15	1.56543e+15	3.13086e+15	4.69629e+15	6.26173e+15	7.82716e+15	9.39259e+15	1.09582e+16	1.25248e+16	1.41021e+16	3.07259e+16	3.09717e+17	4.54044e+17	2.91425	2.59059	2.59059	2.59059	2.59059	2.59059	2.59059	2.59059	2.59059	2.59061	2.59069	2.59084	2.53096	4.68986	4.68986	
123570	6.85759e+17	2.78686e+17	1.21954e+17	7.71612e+16	1.54322e+17	2.31484e+17	3.08645e+17	3.85806e+17	4.62967e+17	5.40128e+17	6.17288e+17	6.94431e+17	7.4756e+17	3.35219e+17	8.60034e+15	6.1618e+15	5.65361e+15	2.47403e+15	1.56534e+15	3.13068e+15	4.69602e+15	6.26136e+15	7.8267e+15	9.39205e+15	1.09576e+16	1.2524e+16	1.41005e+16	3.0565e+16	3.09717e+17	4.54044e+17	2.91698	2.59382	2.59382	2.59382	2.59382	2.59382	2.59382	2.59382	2.59382	2.59384	2.59391	2.59405	2.52767	4.68986	4.68986	
123821	6.8576e+17	2.78687e+17	1.21954e+17	7.71614e+16	1.54323e+17	2.31484e+17	3.08645e+17	3.85807e+17	4.62968e+17	5.40129e+17	6.17289e+17	6.94434e+17	7.47813e+17	3.35219e+17	8.60034e+15	6.16154e+15	5.65328e+15	2.47389e+15	1.56525e+15	3.1305e+15	4.69575e+15	6.261e+15	7.82625e+15	9.3915e+15	1.09569e+16	1.25232e+16	1.40989e+16	3.0406e+16	3.09717e+17	4.54044e+17	2.91971	2.59705	2.59705	2.59705	2.59705	2.59705	2.59705	2.59705	2.59705	2.59707	2.59713	2.59726	2.52451	4.68986	4.68986	
124071	6.8576e+17	2.78687e+17	1.21954e+17	7.71615e+16	1.54323e+17	2.31485e+17	3.08646e+17	3.85808e+17	4.62969e+17	5.4013e+17	6.1729e+17	6.94436e+17	7.48063e+17	3.35218e+17	8.60034e+15	6.16128e+15	5.65296e+15	2.47375e+15	1.56516e+15	3.13032e+15	4.69548e+15	6.26064e+15	7.8258e+15	9.39096e+15	1.09563e+16	1.25224e+16	1.40974e+16	3.02488e+16	3.09717e+17	4.54044e+17	2.92243	2.60027	2.60027	2.60027	2.60027	2.60027	2.60027	2.60027	2.60027	2.60029	2.60035	2.60047	2.52148	4.68986	4.68986	
124321	6.85761e+17	2.78688e+17	1.21955e+17	7.71617e+16	1.54323e+17	2.31485e+17	3.08647e+17	3.85808e+17	4.6297e+17	5.40131e+17	6.17292e+17	6.94439e+17	7.4831e+17	3.35218e+17	8.60034e+15	6.16102e+15	5.65263e+15	2.47361e+15	1.56507e+15	3.13014e+15	4.69521e+15	6.26028e+15	7.82536e+15	9.39043e+15	1.09556e+16	1.25216e+16	1.4096e+16	3.00936e+16	3.09717e+17	4.54044e+17	2.92515	2.60349	2.60349	2.60349	2.60349	2.60349	2.60349	2.60349	2.60349	2.60351	2.60356	2.60368	2.51858	4.68986	4.68986	
124572	6.85761e+17	2.78689e+17	1.21955e+17	7.71618e+16	1.54324e+17	2.31485e+17	3.08647e+17	3.85809e+17	4.62971e+17	5.40132e+17	6.17293e+17	6.94441e+17	7.48554e+17	3.35218e+17	8.60034e+15	6.16075e+15	5.65231e+15	2.47347e+15	1.56498e+15	3.12996e+15	4.69495e+15	6.25993e+15	7.82491e+15	9.38989e+15	1.0955e+16	1.25209e+16	1.40945e+16	2.99404e+16	3.09717e+17	4.54044e+17	2.92787	2.6067	2.6067	2.6067	2.6067	2.6067	2.6067	2.6067	2.6067	2.60672	2.60677	2.60688	2.51581	4.68986	4.68986	
124822	6.85762e+17	2.78689e+17	1.21955e+17	7.7162e+16	1.54324e+17	2.31486e+17	3.08648e+17	3.8581e+17	4.62972e+17	5.40133e+17	6.17294e+17	6.94443e+17	7.48794e+17	3.35218e+17	8.60034e+15	6.16049e+15	5.65199e+15	2.47332e+15	1.56489e+15	3.12979e+15	4.69468e+15	6.25957e+15	7.82446e+15	9.38936e+15	1.09544e+16	1.25201e+16	1.40931e+16	2.9789e+16	3.09716e+17	4.54044e+17	2.93058	2.60991	2.60991	2.60991	2.60991	2.60991	2.60991	2.60991	2.60991	2.60993	2.60998	2.61008	2.51317	4.68986	4.68986	
125072	6.85762e+17	2.7869e+17	1.21955e+17	7.71621e+16	1.54324e+17	2.31486e+17	3.08648e+17	3.8581e+17	4.62973e+17	5.40134e+17	6.17295e+17	6.94445e+17	7.49032e+17	3.35218e+17	8.60034e+15	6.16023e+15	5.65167e+15	2.47318e+15	1.5648e+15	3.12961e+15	4.69441e+15	6.25921e+15	7.82402e+15	9.38882e+15	1.09537e+16	1.25193e+16	1.40918e+16	2.96397e+16	3.09716e+17	4.54044e+17	2.93329	2.61312	2.61312	2.61312	2.61312	2.61312	2.61312	2.61312	2.61312	2.61313	2.61318	2.61327	2.51066	4.68986	4.68986	
125323	6.85763e+17	2.7869e+17	1.21955e+17	7.71622e+16	1.54324e+17	2.31487e+17	3.08649e+17	3.85811e+17	4.62973e+17	5.40136e+17	6.17297e+17	6.94447e+17	7.49266e+17	3.35218e+17	8.60034e+15	6.15997e+15	5.65135e+15	2.47304e+15	1.56472e+15	3.12943e+15	4.69415e+15	6.25886e+15	7.82358e+15	9.38829e+15	1.09531e+16	1.25185e+16	1.40905e+16	2.94923e+16	3.09716e+17	4.54044e+17	2.93599	2.61632	2.61632	2.61632	2.61632	2.61632	2.61632	2.61632	2.61632	2.61633	2.61637	2.61646	2.50827	4.68986	4.68986	
125573	6.85763e+17	2.78691e+17	1.21956e+17	7.71624e+16	1.54325e+17	2.31487e+17	3.0865e+17	3.85812e+17	4.62974e+17	5.40137e+17	6.17298e+17	6.9445e+17	7.49497e+17	3.35218e+17	8.60034e+15	6.15972e+15	5.65103e+15	2.4729e+15	1.56463e+15	3.12925e+15	4.69388e+15	6.25851e+15	7.82313e+15	9.38776e+15	1.09525e+16	1.25178e+16	1.40892e+16	2.93469e+16	3.09716e+17	4.54044e+17	2.93869	2.61951	2.61951	2.61951	2.61951	2.61951	2.61951	2.61951	2.61951	2.61952	2.61957	2.61965	2.506	4.68986	4.68986	
125824	6.85764e+17	2.78691e+17	1.21956e+17	7.71625e+16	1.54325e+17	2.31488e+17	3.0865e+17	3.85813e+17	4.62975e+17	5.40138e+17	6.17299e+17	6.94452e+17	7.49725e+17	3.35218e+17	8.60034e+15	6.15946e+15	5.65071e+15	2.47276e+15	1.56454e+15	3.12908e+15	4.69362e+15	6.25815e+15	7.82269e+15	9.38723e+15	1.09519e+16	1.2517e+16	1.40879e+16	2.92036e+16	3.09716e+17	4.54044e+17	2.94139	2.62271	2.62271	2.62271	2.62271	2.62271	2.62271	2.62271	2.62271	2.62272	2.62275	2.62283	2.50384	4.68986	4.68986	
126074	6.85764e+17	2.78692e+17	1.21956e+17	7.71627e+16	1.54325e+17	2.31488e+17	3.08651e+17	3.85813e+17	4.62976e+17	5.40139e+17	6.173e+17	6.94454e+17	7.49949e+17	3.35218e+17	8.60034e+15	6.1592e+15	5.65039e+15	2.47263e+15	1.56445e+15	3.1289e+15	4.69335e+15	6.2578e+15	7.82225e+15	9.3867e+15	1.09512e+16	1.25163e+16	1.40867e+16	2.90622e+16	3.09716e+17	4.54044e+17	2.94408	2.62589	2.62589	2.62589	2.62589	2.62589	2.62589	2.62589	2.62589	2.6259	2.62594	2.62601	2.50181	4.68986	4.68986	
126324	6.85765e+17	2.78692e+17	1.21956e+17	7.71628e+16	1.54326e+17	2.31488e+17	3.08651e+17	3.85814e+17	4.62977e+17	5.4014e+17	6.17301e+17	6.94455e+17	7.50171e+17	3.35218e+17	8.60034e+15	6.15895e+15	5.65008e+15	2.47249e+15	1.56436e+15	3.12873e+15	4.69309e+15	6.25745e+15	7.82182e+15	9.38618e+15	1.09506e+16	1.25155e+16	1.40855e+16	2.89229e+16	3.09716e+17	4.54044e+17	2.94677	2.62908	2.62908	2.62908	2.62908	2.62908	2.62908	2.62908	2.62908	2.62908	2.62912	2.62919	2.49989	4.68986	4.68986	
126575	6.85765e+17	2.78693e+17	1.21957e+17	7.7163e+16	1.54326e+17	2.31489e+17	3.08652e+17	3.85815e+17	4.62978e+17	5.40141e+17	6.17303e+17	6.94457e+17	7.50389e+17	3.35218e+17	8.60034e+15	6.15869e+15	5.64976e+15	2.47235e+15	1.56428e+15	3.12855e+15	4.69283e+15	6.2571e+15	7.82138e+15	9.38565e+15	1.095e+16	1.25148e+16	1.40843e+16	2.87855e+16	3.09716e+17	4.54044e+17	2.94945	2.63225	2.63225	2.63225	2.63225	2.63225	2.63225	2.63225	2.63225	2.63226	2.63229	2.63236	2.49808	4.68986	4.68986	
126825	6.85766e+17	2.78693e+17	1.21957e+17	7.71631e+16	1.54326e+17	2.31489e+17	3.08652e+17	3.85815e+17	4.62979e+17	5.40142e+17	6.17304e+17	6.94459e+17	7.50604e+17	3.35217e+17	8.60034e+15	6.15844e+15	5.64945e+15	2.47221e+15	1.56419e+15	3.12838e+15	4.69257e+15	6.25675e+15	7.82094e+15	9.38513e+15	1.09494e+16	1.25141e+16	1.40832e+16	2.86502e+16	3.09716e+17	4.54044e+17	2.95213	2.63543	2.63543	2.63543	2.63543	2.63543	2.63543	2.63543	2.63543	2.63543	2.63546	2.63552	2.49638	4.68986	4.68986	
127076	6.85766e+17	2.78694e+17	1.21957e+17	7.71632e+16	1.54326e+17	2.3149e+17	3.08653e+17	3.85816e+17	4.62979e+17	5.40143e+17	6.17305e+17	6.94461e+17	7.50816e+17	3.35217e+17	8.60034e+15	6.15818e+15	5.64913e+15	2.47207e+15	1.5641e+15	3.1282e+15	4.69231e+15	6.25641e+15	7.82051e+15	9.38461e+15	1.09488e+16	1.25133e+16	1.4082e+16	2.8517e+16	3.09716e+17	4.54044e+17	2.95481	2.6386	2.6386	2.6386	2.6386	2.6386	2.6386	2.6386	2.6386	2.6386	2.63863	2.63869	2.49479	4.68986	4.68986	
127326	6.85766e+17	2.78694e+17	1.21957e+17	7.71634e+16	1.54327e+17	2.3149e+17	3.08653e+17	3.85817e+17	4.6298e+17	5.40144e+17	6.17306e+17	6.94463e+17	7.51024e+17	3.35217e+17	8.60034e+15	6.15793e+15	5.64882e+15	2.47194e+15	1.56402e+15	3.12803e+15	4.69205e+15	6.25606e+15	7.82008e+15	9.38409e+15	1.09482e+16	1.25126e+16	1.40809e+16	2.83857e+16	3.09716e+17	4.54044e+17	2.95748	2.64176	2.64176	2.64176	2.64176	2.64176	2.64176	2.64176	2.64176	2.64177	2.64179	2.64184	2.49331	4.68986	4.68986	
127576	6.85767e+17	2.78695e+17	1.21958e+17	7.71635e+16	1.54327e+17	2.31491e+17	3.08654e+17	3.85818e+17	4.62981e+17	5.40144e+17	6.17307e+17	6.94464e+17	7.51229e+17	3.35217e+17	8.60034e+15	6.15768e+15	5.64851e+15	2.4718e+15	1.56393e+15	3.12786e+15	4.69179e+15	6.25572e+15	7.81964e+15	9.38357e+15	1.09476e+16	1.25119e+16	1.40799e+16	2.82565e+16	3.09716e+17	4.54044e+17	2.96015	2.64492	2.64492	2.64492	2.64492	2.64492	2.64492	2.64492	2.64492	2.64493	2.64495	2.645	2.49193	4.68986	4.68986	
127827	6.85767e+17	2.78695e+17	1.21958e+17	7.71637e+16	1.54327e+17	2.31491e+17	3.08655e+17	3.85818e+17	4.62982e+17	5.40145e+17	6.17309e+17	6.94466e+17	7.51431e+17	3.35217e+17	8.60034e+15	6.15742e+15	5.6482e+15	2.47167e+15	1.56384e+15	3.12769e+15	4.69153e+15	6.25537e+15	7.81921e+15	9.38306e+15	1.0947e+16	1.25112e+16	1.40788e+16	2.81293e+16	3.09716e+17	4.54044e+17	2.96281	2.64808	2.64808	2.64808	2.64808	2.64808	2.64808	2.64808	2.64808	2.64808	2.6481	2.64815	2.49065	4.68986	4.68986	
128077	6.85768e+17	2.78696e+17	1.21958e+17	7.71638e+16	1.54328e+17	2.31491e+17	3.08655e+17	3.85819e+17	4.62983e+17	5.40146e+17	6.1731e+17	6.94468e+17	7.5163e+17	3.35217e+17	8.60034e+15	6.15717e+15	5.64789e+15	2.47153e+15	1.56376e+15	3.12751e+15	4.69127e+15	6.25503e+15	7.81878e+15	9.38254e+15	1.09463e+16	1.25105e+16	1.40778e+16	2.80042e+16	3.09715e+17	4.54044e+17	2.96547	2.65123	2.65123	2.65123	2.65123	2.65123	2.65123	2.65123	2.65123	2.65123	2.65125	2.65129	2.48948	4.68986	4.68986	
128328	6.85768e+17	2.78696e+17	1.21958e+17	7.71639e+16	1.54328e+17	2.31492e+17	3.08656e+17	3.8582e+17	4.62984e+17	5.40147e+17	6.17311e+17	6.9447e+17	7.51826e+17	3.35217e+17	8.60034e+15	6.15692e+15	5.64758e+15	2.47139e+15	1.56367e+15	3.12734e+15	4.69101e+15	6.25469e+15	7.81836e+15	9.38203e+15	1.09457e+16	1.25097e+16	1.40767e+16	2.78811e+16	3.09715e+17	4.54044e+17	2.96813	2.65437	2.65437	2.65437	2.65437	2.65437	2.65437	2.65437	2.65437	2.65438	2.6544	2.65444	2.4884	4.68986	4.68986	
128578	6.85769e+17	2.78697e+17	1.21958e+17	7.71641e+16	1.54328e+17	2.31492e+17	3.08656e+17	3.8582e+17	4.62984e+17	5.40148e+17	6.17312e+17	6.94471e+17	7.52018e+17	3.35217e+17	8.60034e+15	6.15667e+15	5.64727e+15	2.47126e+15	1.56359e+15	3.12717e+15	4.69076e+15	6.25434e+15	7.81793e+15	9.38152e+15	1.09451e+16	1.2509e+16	1.40757e+16	2.776e+16	3.09715e+17	4.54044e+17	2.97078	2.65751	2.65751	2.65751	2.65751	2.65751	2.65751	2.65751	2.65751	2.65752	2.65754	2.65757	2.48742	4.68986	4.68986	
128828	6.85769e+17	2.78697e+17	1.21959e+17	7.71642e+16	1.54328e+17	2.31493e+17	3.08657e+17	3.85821e+17	4.62985e+17	5.40149e+17	6.17313e+17	6.94473e+17	7.52207e+17	3.35217e+17	8.60034e+15	6.15642e+15	5.64696e+15	2.47112e+15	1.5635e+15	3.127e+15	4.6905e+15	6.254e+15	7.8175e+15	9.38101e+15	1.09445e+16	1.25083e+16	1.40748e+16	2.76409e+16	3.09715e+17	4.54044e+17	2.97343	2.66065	2.66065	2.66065	2.66065	2.66065	2.66065	2.66065	2.66065	2.66065	2.66067	2.66071	2.48654	4.68986	4.68986	
129079	6.8577e+17	2.78698e+17	1.21959e+17	7.71643e+16	1.54329e+17	2.31493e+17	3.08657e+17	3.85822e+17	4.62986e+17	5.4015e+17	6.17314e+17	6.94474e+17	7.52393e+17	3.35217e+17	8.60034e+15	6.15618e+15	5.64665e+15	2.47099e+15	1.56342e+15	3.12683e+15	4.69025e+15	6.25366e+15	7.81708e+15	9.3805e+15	1.0944e+16	1.25076e+16	1.40738e+16	2.75238e+16	3.09715e+17	4.54044e+17	2.97607	2.66378	2.66378	2.66378	2.66378	2.66378	2.66378	2.66378	2.66378	2.66379	2.6638	2.66383	2.48575	4.68986	4.68986	
129329	6.8577e+17	2.78698e+17	1.21959e+17	7.71645e+16	1.54329e+17	2.31493e+17	3.08658e+17	3.85822e+17	4.62987e+17	5.40151e+17	6.17315e+17	6.94476e+17	7.52575e+17	3.35217e+17	8.60034e+15	6.15593e+15	5.64635e+15	2.47086e+15	1.56333e+15	3.12666e+15	4.68999e+15	6.25333e+15	7.81666e+15	9.37999e+15	1.09434e+16	1.25069e+16	1.40728e+16	2.74088e+16	3.09715e+17	4.54044e+17	2.97871	2.66691	2.66691	2.66691	2.66691	2.66691	2.66691	2.66691	2.66691	2.66691	2.66693	2.66696	2.48505	4.68986	4.68986	
129580	6.85771e+17	2.78699e+17	1.21959e+17	7.71646e+16	1.54329e+17	2.31494e+17	3.08658e+17	3.85823e+17	4.62988e+17	5.40152e+17	6.17317e+17	6.94477e+17	7.52755e+17	3.35217e+17	8.60034e+15	6.15568e+15	5.64604e+15	2.47072e+15	1.56325e+15	3.12649e+15	4.68974e+15	6.25299e+15	7.81624e+15	9.37948e+15	1.09428e+16	1.25062e+16	1.40719e+16	2.72957e+16	3.09715e+17	4.54044e+17	2.98135	2.67003	2.67003	2.67003	2.67003	2.67003	2.67003	2.67003	2.67003	2.67003	2.67005	2.67008	2.48444	4.68986	4.68986	
129830	6.85771e+17	2.78699e+17	1.21959e+17	7.71648e+16	1.5433e+17	2.31494e+17	3.08659e+17	3.85824e+17	4.62989e+17	5.40153e+17	6.17318e+17	6.94479e+17	7.52931e+17	3.35217e+17	8.60034e+15	6.15544e+15	5.64574e+15	2.47059e+15	1.56316e+15	3.12633e+15	4.68949e+15	6.25265e+15	7.81581e+15	9.37898e+15	1.09422e+16	1.25056e+16	1.4071e+16	2.71846e+16	3.09715e+17	4.54044e+17	2.98398	2.67315	2.67315	2.67315	2.67315	2.67315	2.67315	2.67315	2.67315	2.67315	2.67317	2.67319	2.48391	4.68986	4.68986	
130081	6.85772e+17	2.787e+17	1.2196e+17	7.71649e+16	1.5433e+17	2.31495e+17	3.0866e+17	3.85824e+17	4.62989e+17	5.40154e+17	6.17319e+17	6.9448e+17	7.53104e+17	3.35216e+17	8.60034e+15	6.15519e+15	5.64544e+15	2.47046e+15	1.56308e+15	3.12616e+15	4.68924e+15	6.25232e+15	7.8154e+15	9.37847e+15	1.09416e+16	1.25049e+16	1.407e+16	2.70755e+16	3.09715e+17	4.54044e+17	2.98661	2.67626	2.67626	2.67626	2.67626	2.67626	2.67626	2.67626	2.67626	2.67627	2.67628	2.6763	2.48348	4.68986	4.68986	
130331	6.85772e+17	2.787e+17	1.2196e+17	7.7165e+16	1.5433e+17	2.31495e+17	3.0866e+17	3.85825e+17	4.6299e+17	5.40155e+17	6.1732e+17	6.94482e+17	7.53274e+17	3.35216e+17	8.60035e+15	6.15495e+15	5.64514e+15	2.47033e+15	1.563e+15	3.12599e+15	4.68899e+15	6.25198e+15	7.81498e+15	9.37797e+15	1.0941e+16	1.25042e+16	1.40691e+16	2.69683e+16	3.09715e+17	4.54044e+17	2.98923	2.67937	2.67937	2.67937	2.67937	2.67937	2.67937	2.67937	2.67937	2.67937	2.67939	2.67941	2.48312	4.68986	4.68986	
130581	6.85772e+17	2.78701e+17	1.2196e+17	7.71652e+16	1.5433e+17	2.31495e+17	3.08661e+17	3.85826e+17	4.62991e+17	5.40156e+17	6.17321e+17	6.94483e+17	7.53441e+17	3.35216e+17	8.60035e+15	6.1547e+15	5.64483e+15	2.47019e+15	1.56291e+15	3.12582e+15	4.68874e+15	6.25165e+15	7.81456e+15	9.37747e+15	1.09404e+16	1.25035e+16	1.40683e+16	2.68631e+16	3.09715e+17	4.54044e+17	2.99185	2.68248	2.68248	2.68248	2.68248	2.68248	2.68248	2.68248	2.68248	2.68248	2.68249	2.68251	2.48285	4.68986	4.68986	
130832	6.85773e+17	2.78701e+17	1.2196e+17	7.71653e+16	1.54331e+17	2.31496e+17	3.08661e+17	3.85826e+17	4.62992e+17	5.40157e+17	6.17322e+17	6.94485e+17	7.53605e+17	3.35216e+17	8.60035e+15	6.15446e+15	5.64453e+15	2.47006e+15	1.56283e+15	3.12566e+15	4.68849e+15	6.25132e+15	7.81414e+15	9.37697e+15	1.09398e+16	1.25028e+16	1.40674e+16	2.67599e+16	3.09715e+17	4.54044e+17	2.99447	2.68557	2.68557	2.68557	2.68557	2.68557	2.68557	2.68557	2.68557	2.68558	2.68559	2.68561	2.48266	4.68986	4.68986	
131082	6.85773e+17	2.78702e+17	1.21961e+17	7.71654e+16	1.54331e+17	2.31496e+17	3.08662e+17	3.85827e+17	4.62993e+17	5.40158e+17	6.17323e+17	6.94486e+17	7.53766e+17	3.35216e+17	8.60035e+15	6.15422e+15	5.64423e+15	2.46993e+15	1.56275e+15	3.12549e+15	4.68824e+15	6.25098e+15	7.81373e+15	9.37648e+15	1.09392e+16	1.25021e+16	1.40665e+16	2.66585e+16	3.09715e+17	4.54044e+17	2.99708	2.68867	2.68867	2.68867	2.68867	2.68867	2.68867	2.68867	2.68867	2.68867	2.68868	2.6887	2.48255	4.68986	4.68986	
131333	6.85774e+17	2.78702e+17	1.21961e+17	7.71656e+16	1.54331e+17	2.31497e+17	3.08662e+17	3.85828e+17	4.62993e+17	5.40159e+17	6.17324e+17	6.94487e+17	7.53924e+17	3.35216e+17	8.60035e+15	6.15397e+15	5.64394e+15	2.4698e+15	1.56266e+15	3.12533e+15	4.68799e+15	6.25065e+15	7.81332e+15	9.37598e+15	1.09387e+16	1.25015e+16	1.40656e+16	2.65591e+16	3.09715e+17	4.54044e+17	2.99969	2.69176	2.69176	2.69176	2.69176	2.69176	2.69176	2.69176	2.69176	2.69176	2.69177	2.69179	2.48251	4.68986	4.68986	
131583	6.85774e+17	2.78703e+17	1.21961e+17	7.71657e+16	1.54331e+17	2.31497e+17	3.08663e+17	3.85828e+17	4.62994e+17	5.4016e+17	6.17325e+17	6.94489e+17	7.54078e+17	3.35216e+17	8.60035e+15	6.15373e+15	5.64364e+15	2.46967e+15	1.56258e+15	3.12516e+15	4.68774e+15	6.25032e+15	7.8129e+15	9.37549e+15	1.09381e+16	1.25008e+16	1.40648e+16	2.64616e+16	3.09715e+17	4.54044e+17	3.00229	2.69484	2.69484	2.69484	2.69484	2.69484	2.69484	2.69484	2.69484	2.69485	2.69485	2.69487	2.48255	4.68986	4.68986	
131833	6.85775e+17	2.78703e+17	1.21961e+17	7.71658e+16	1.54332e+17	2.31497e+17	3.08663e+17	3.85829e+17	4.62995e+17	5.40161e+17	6.17326e+17	6.9449e+17	7.5423e+17	3.35216e+17	8.60035e+15	6.15349e+15	5.64334e+15	2.46954e+15	1.5625e+15	3.125e+15	4.6875e+15	6.25e+15	7.81249e+15	9.37499e+15	1.09375e+16	1.25001e+16	1.4064e+16	2.63659e+16	3.09714e+17	4.54044e+17	3.00489	2.69792	2.69792	2.69792	2.69792	2.69792	2.69792	2.69792	2.69792	2.69793	2.69793	2.69795	2.48267	4.68986	4.68986	
132084	6.85775e+17	2.78704e+17	1.21961e+17	7.7166e+16	1.54332e+17	2.31498e+17	3.08664e+17	3.8583e+17	4.62996e+17	5.40162e+17	6.17327e+17	6.94492e+17	7.54379e+17	3.35216e+17	8.60035e+15	6.15325e+15	5.64305e+15	2.46941e+15	1.56242e+15	3.12483e+15	4.68725e+15	6.24967e+15	7.81208e+15	9.3745e+15	1.09369e+16	1.24995e+16	1.40631e+16	2.62721e+16	3.09714e+17	4.54044e+17	3.00749	2.701	2.701	2.701	2.701	2.701	2.701	2.701	2.701	2.701	2.70101	2.70102	2.48285	4.68986	4.68986	
132334	6.85776e+17	2.78704e+17	1.21962e+17	7.71661e+16	1.54332e+17	2.31498e+17	3.08664e+17	3.8583e+17	4.62997e+17	5.40163e+17	6.17329e+17	6.94493e+17	7.54525e+17	3.35216e+17	8.60035e+15	6.15301e+15	5.64275e+15	2.46928e+15	1.56234e+15	3.12467e+15	4.68701e+15	6.24934e+15	7.81168e+15	9.37401e+15	1.09364e+16	1.24988e+16	1.40623e+16	2.61802e+16	3.09714e+17	4.54044e+17	3.01008	2.70407	2.70407	2.70407	2.70407	2.70407	2.70407	2.70407	2.70407	2.70407	2.70408	2.70409	2.48311	4.68986	4.68986	
132585	6.85776e+17	2.78704e+17	1.21962e+17	7.71662e+16	1.54332e+17	2.31499e+17	3.08665e+17	3.85831e+17	4.62997e+17	5.40164e+17	6.1733e+17	6.94494e+17	7.54667e+17	3.35216e+17	8.60035e+15	6.15277e+15	5.64246e+15	2.46915e+15	1.56225e+15	3.12451e+15	4.68676e+15	6.24901e+15	7.81127e+15	9.37352e+15	1.09358e+16	1.24981e+16	1.40615e+16	2.60901e+16	3.09714e+17	4.54044e+17	3.01267	2.70714	2.70714	2.70714	2.70714	2.70714	2.70714	2.70714	2.70714	2.70714	2.70715	2.70716	2.48343	4.68986	4.68986	
132835	6.85776e+17	2.78705e+17	1.21962e+17	7.71664e+16	1.54333e+17	2.31499e+17	3.08665e+17	3.85832e+17	4.62998e+17	5.40164e+17	6.17331e+17	6.94495e+17	7.54807e+17	3.35216e+17	8.60035e+15	6.15254e+15	5.64216e+15	2.46903e+15	1.56217e+15	3.12434e+15	4.68652e+15	6.24869e+15	7.81086e+15	9.37303e+15	1.09352e+16	1.24975e+16	1.40607e+16	2.60018e+16	3.09714e+17	4.54044e+17	3.01526	2.7102	2.7102	2.7102	2.7102	2.7102	2.7102	2.7102	2.7102	2.7102	2.71021	2.71022	2.48382	4.68986	4.68986	
133085	6.85777e+17	2.78705e+17	1.21962e+17	7.71665e+16	1.54333e+17	2.31499e+17	3.08666e+17	3.85832e+17	4.62999e+17	5.40165e+17	6.17332e+17	6.94497e+17	7.54945e+17	3.35216e+17	8.60035e+15	6.1523e+15	5.64187e+15	2.4689e+15	1.56209e+15	3.12418e+15	4.68627e+15	6.24837e+15	7.81046e+15	9.37255e+15	1.09347e+16	1.24968e+16	1.40599e+16	2.59153e+16	3.09714e+17	4.54044e+17	3.01784	2.71326	2.71326	2.71326	2.71326	2.71326	2.71326	2.71326	2.71326	2.71326	2.71326	2.71327	2.48428	4.68986	4.68986	
133336	6.85777e+17	2.78706e+17	1.21962e+17	7.71666e+16	1.54333e+17	2.315e+17	3.08666e+17	3.85833e+17	4.63e+17	5.40166e+17	6.17333e+17	6.94498e+17	7.55079e+17	3.35216e+17	8.60035e+15	6.15206e+15	5.64158e+15	2.46877e+15	1.56201e+15	3.12402e+15	4.68603e+15	6.24804e+15	7.81005e+15	9.37206e+15	1.09341e+16	1.24962e+16	1.40591e+16	2.58306e+16	3.09714e+17	4.54044e+17	3.02042	2.71631	2.71631	2.71631	2.71631	2.71631	2.71631	2.71631	2.71631	2.71631	2.71632	2.71633	2.4848	4.68986	4.68986	
133586	6.85778e+17	2.78706e+17	1.21963e+17	7.71668e+16	1.54334e+17	2.315e+17	3.08667e+17	3.85834e+17	4.63001e+17	5.40167e+17	6.17334e+17	6.94499e+17	7.5521e+17	3.35216e+17	8.60035e+15	6.15183e+15	5.64129e+15	2.46864e+15	1.56193e+15	3.12386e+15	4.68579e+15	6.24772e+15	7.80965e+15	9.37158e+15	1.09335e+16	1.24955e+16	1.40583e+16	2.57477e+16	3.09714e+17	4.54044e+17	3.02299	2.71936	2.71936	2.71936	2.71936	2.71936	2.71936	2.71936	2.71936	2.71936	2.71936	2.71937	2.48539	4.68986	4.68986	
133837	6.85778e+17	2.78707e+17	1.21963e+17	7.71669e+16	1.54334e+17	2.31501e+17	3.08668e+17	3.85834e+17	4.63001e+17	5.40168e+17	6.17335e+17	6.94501e+17	7.55339e+17	3.35215e+17	8.60035e+15	6.15159e+15	5.641e+15	2.46852e+15	1.56185e+15	3.1237e+15	4.68555e+15	6.2474e+15	7.80925e+15	9.3711e+15	1.0933e+16	1.24949e+16	1.40575e+16	2.56665e+16	3.09714e+17	4.54044e+17	3.02556	2.7224	2.7224	2.7224	2.7224	2.7224	2.7224	2.7224	2.7224	2.7224	2.72241	2.72241	2.48604	4.68986	4.68986	
134087	6.85779e+17	2.78707e+17	1.21963e+17	7.7167e+16	1.54334e+17	2.31501e+17	3.08668e+17	3.85835e+17	4.63002e+17	5.40169e+17	6.17336e+17	6.94502e+17	7.55465e+17	3.35215e+17	8.60035e+15	6.15136e+15	5.64071e+15	2.46839e+15	1.56177e+15	3.12354e+15	4.68531e+15	6.24708e+15	7.80885e+15	9.37062e+15	1.09324e+16	1.24942e+16	1.40567e+16	2.5587e+16	3.09714e+17	4.54044e+17	3.02813	2.72544	2.72544	2.72544	2.72544	2.72544	2.72544	2.72544	2.72544	2.72544	2.72544	2.72545	2.48674	4.68986	4.68986	
134338	6.85779e+17	2.78708e+17	1.21963e+17	7.71671e+16	1.54334e+17	2.31501e+17	3.08669e+17	3.85836e+17	4.63003e+17	5.4017e+17	6.17337e+17	6.94503e+17	7.55588e+17	3.35215e+17	8.60035e+15	6.15112e+15	5.64042e+15	2.46826e+15	1.56169e+15	3.12338e+15	4.68507e+15	6.24676e+15	7.80845e+15	9.37014e+15	1.09318e+16	1.24936e+16	1.40559e+16	2.55092e+16	3.09714e+17	4.54044e+17	3.03069	2.72847	2.72847	2.72847	2.72847	2.72847	2.72847	2.72847	2.72847	2.72847	2.72848	2.72848	2.48751	4.68986	4.68986	
134588	6.85779e+17	2.78708e+17	1.21963e+17	7.71673e+16	1.54335e+17	2.31502e+17	3.08669e+17	3.85836e+17	4.63004e+17	5.40171e+17	6.17338e+17	6.94504e+17	7.55709e+17	3.35215e+17	8.60035e+15	6.15089e+15	5.64013e+15	2.46814e+15	1.56161e+15	3.12322e+15	4.68483e+15	6.24644e+15	7.80805e+15	9.36966e+15	1.09313e+16	1.24929e+16	1.40552e+16	2.54331e+16	3.09714e+17	4.54044e+17	3.03325	2.7315	2.7315	2.7315	2.7315	2.7315	2.7315	2.7315	2.7315	2.7315	2.7315	2.73151	2.48833	4.68986	4.68986	
134838	6.8578e+17	2.78709e+17	1.21964e+17	7.71674e+16	1.54335e+17	2.31502e+17	3.0867e+17	3.85837e+17	4.63004e+17	5.40172e+17	6.17339e+17	6.94506e+17	7.55827e+17	3.35215e+17	8.60035e+15	6.15066e+15	5.63985e+15	2.46801e+15	1.56153e+15	3.12306e+15	4.68459e+15	6.24612e+15	7.80765e+15	9.36918e+15	1.09307e+16	1.24923e+16	1.40544e+16	2.53587e+16	3.09714e+17	4.54044e+17	3.0358	2.73453	2.73453	2.73453	2.73453	2.73453	2.73453	2.73453	2.73453	2.73453	2.73453	2.73454	2.4892	4.68986	4.68986	
135089	6.8578e+17	2.78709e+17	1.21964e+17	7.71675e+16	1.54335e+17	2.31503e+17	3.0867e+17	3.85838e+17	4.63005e+17	5.40173e+17	6.1734e+17	6.94507e+17	7.55942e+17	3.35215e+17	8.60035e+15	6.15042e+15	5.63956e+15	2.46789e+15	1.56145e+15	3.1229e+15	4.68435e+15	6.24581e+15	7.80726e+15	9.36871e+15	1.09302e+16	1.24917e+16	1.40537e+16	2.52859e+16	3.09714e+17	4.54044e+17	3.03835	2.73754	2.73754	2.73754	2.73754	2.73754	2.73754	2.73754	2.73754	2.73755	2.73755	2.73755	2.49014	4.68986	4.68986	
135339	6.85781e+17	2.7871e+17	1.21964e+17	7.71677e+16	1.54335e+17	2.31503e+17	3.08671e+17	3.85838e+17	4.63006e+17	5.40174e+17	6.17341e+17	6.94508e+17	7.56055e+17	3.35215e+17	8.60035e+15	6.15019e+15	5.63927e+15	2.46776e+15	1.56137e+15	3.12275e+15	4.68412e+15	6.24549e+15	7.80686e+15	9.36824e+15	1.09296e+16	1.2491e+16	1.40529e+16	2.52147e+16	3.09714e+17	4.54044e+17	3.0409	2.74056	2.74056	2.74056	2.74056	2.74056	2.74056	2.74056	2.74056	2.74056	2.74056	2.74057	2.49112	4.68986	4.68986	
135590	6.85781e+17	2.7871e+17	1.21964e+17	7.71678e+16	1.54336e+17	2.31503e+17	3.08671e+17	3.85839e+17	4.63007e+17	5.40174e+17	6.17342e+17	6.94509e+17	7.56165e+17	3.35215e+17	8.60035e+15	6.14996e+15	5.63899e+15	2.46764e+15	1.56129e+15	3.12259e+15	4.68388e+15	6.24518e+15	7.80647e+15	9.36776e+15	1.09291e+16	1.24904e+16	1.40522e+16	2.51452e+16	3.09714e+17	4.54044e+17	3.04344	2.74357	2.74357	2.74357	2.74357	2.74357	2.74357	2.74357	2.74357	2.74357	2.74357	2.74358	2.49215	4.68986	4.68986	
135840	6.85782e+17	2.78711e+17	1.21964e+17	7.71679e+16	1.54336e+17	2.31504e+17	3.08672e+17	3.8584e+17	4.63007e+17	5.40175e+17	6.17343e+17	6.9451e+17	7.56273e+17	3.35215e+17	8.60035e+15	6.14973e+15	5.63871e+15	2.46751e+15	1.56122e+15	3.12243e+15	4.68365e+15	6.24486e+15	7.80608e+15	9.36729e+15	1.09285e+16	1.24898e+16	1.40514e+16	2.50772e+16	3.09714e+17	4.54044e+17	3.04598	2.74658	2.74658	2.74658	2.74658	2.74658	2.74658	2.74658	2.74658	2.74658	2.74658	2.74658	2.49324	4.68986	4.68986	
136090	6.85782e+17	2.78711e+17	1.21965e+17	7.7168e+16	1.54336e+17	2.31504e+17	3.08672e+17	3.8584e+17	4.63008e+17	5.40176e+17	6.17344e+17	6.94512e+17	7.56378e+17	3.35215e+17	8.60035e+15	6.1495e+15	5.63842e+15	2.46739e+15	1.56114e+15	3.12227e+15	4.68341e+15	6.24455e+15	7.80569e+15	9.36682e+15	1.0928e+16	1.24891e+16	1.40507e+16	2.50107e+16	3.09713e+17	4.54044e+17	3.04852	2.74958	2.74958	2.74958	2.74958	2.74958	2.74958	2.74958	2.74958	2.74958	2.74958	2.74958	2.49438	4.68986	4.68986	
136341	6.85782e+17	2.78711e+17	1.21965e+17	7.71682e+16	1.54336e+17	2.31504e+17	3.08673e+17	3.85841e+17	4.63009e+17	5.40177e+17	6.17345e+17	6.94513e+17	7.56481e+17	3.35215e+17	8.60035e+15	6.14927e+15	5.63814e+15	2.46727e+15	1.56106e+15	3.12212e+15	4.68318e+15	6.24424e+15	7.8053e+15	9.36636e+15	1.09274e+16	1.24885e+16	1.405e+16	2.49458e+16	3.09713e+17	4.54044e+17	3.05105	2.75257	2.75257	2.75257	2.75257	2.75257	2.75257	2.75257	2.75257	2.75257	2.75258	2.75258	2.49556	4.68986	4.68986	
136591	6.85783e+17	2.78712e+17	1.21965e+17	7.71683e+16	1.54337e+17	2.31505e+17	3.08673e+17	3.85841e+17	4.6301e+17	5.40178e+17	6.17346e+17	6.94514e+17	7.56581e+17	3.35215e+17	8.60035e+15	6.14905e+15	5.63786e+15	2.46714e+15	1.56098e+15	3.12196e+15	4.68294e+15	6.24393e+15	7.80491e+15	9.36589e+15	1.09269e+16	1.24879e+16	1.40492e+16	2.48825e+16	3.09713e+17	4.54044e+17	3.05358	2.75556	2.75556	2.75556	2.75556	2.75556	2.75556	2.75556	2.75556	2.75556	2.75557	2.75557	2.49679	4.68986	4.68986	
136842	6.85783e+17	2.78712e+17	1.21965e+17	7.71684e+16	1.54337e+17	2.31505e+17	3.08674e+17	3.85842e+17	4.6301e+17	5.40179e+17	6.17347e+17	6.94515e+17	7.56679e+17	3.35215e+17	8.60035e+15	6.14882e+15	5.63758e+15	2.46702e+15	1.5609e+15	3.12181e+15	4.68271e+15	6.24362e+15	7.80452e+15	9.36542e+15	1.09263e+16	1.24873e+16	1.40485e+16	2.48206e+16	3.09713e+17	4.54044e+17	3.05611	2.75855	2.75855	2.75855	2.75855	2.75855	2.75855	2.75855	2.75855	2.75855	2.75855	2.75856	2.49806	4.68986	4.68986	
137092	6.85784e+17	2.78713e+17	1.21965e+17	7.71685e+16	1.54337e+17	2.31506e+17	3.08674e+17	3.85843e+17	4.63011e+17	5.4018e+17	6.17348e+17	6.94516e+17	7.56775e+17	3.35215e+17	8.60035e+15	6.14859e+15	5.6373e+15	2.4669e+15	1.56083e+15	3.12165e+15	4.68248e+15	6.24331e+15	7.80413e+15	9.36496e+15	1.09258e+16	1.24866e+16	1.40478e+16	2.47601e+16	3.09713e+17	4.54044e+17	3.05863	2.76153	2.76153	2.76153	2.76153	2.76153	2.76153	2.76153	2.76153	2.76153	2.76154	2.76154	2.49938	4.68986	4.68986	
137342	6.85784e+17	2.78713e+17	1.21966e+17	7.71687e+16	1.54337e+17	2.31506e+17	3.08675e+17	3.85843e+17	4.63012e+17	5.40181e+17	6.17349e+17	6.94517e+17	7.56868e+17	3.35215e+17	8.60035e+15	6.14837e+15	5.63702e+15	2.46678e+15	1.56075e+15	3.1215e+15	4.68225e+15	6.243e+15	7.80375e+15	9.3645e+15	1.09252e+16	1.2486e+16	1.40471e+16	2.47012e+16	3.09713e+17	4.54044e+17	3.06114	2.76451	2.76451	2.76451	2.76451	2.76451	2.76451	2.76451	2.76451	2.76451	2.76451	2.76452	2.50074	4.68986	4.68986	
137593	6.85784e+17	2.78714e+17	1.21966e+17	7.71688e+16	1.54338e+17	2.31506e+17	3.08675e+17	3.85844e+17	4.63013e+17	5.40182e+17	6.1735e+17	6.94519e+17	7.56959e+17	3.35215e+17	8.60035e+15	6.14814e+15	5.63675e+15	2.46665e+15	1.56067e+15	3.12134e+15	4.68202e+15	6.24269e+15	7.80336e+15	9.36403e+15	1.09247e+16	1.24854e+16	1.40464e+16	2.46436e+16	3.09713e+17	4.54044e+17	3.06366	2.76748	2.76748	2.76748	2.76748	2.76748	2.76748	2.76748	2.76748	2.76749	2.76749	2.76749	2.50215	4.68986	4.68986	
137843	6.85785e+17	2.78714e+17	1.21966e+17	7.71689e+16	1.54338e+17	2.31507e+17	3.08676e+17	3.85845e+17	4.63013e+17	5.40182e+17	6.17351e+17	6.9452e+17	7.57048e+17	3.35214e+17	8.60035e+15	6.14792e+15	5.63647e+15	2.46653e+15	1.5606e+15	3.12119e+15	4.68179e+15	6.24238e+15	7.80298e+15	9.36357e+15	1.09242e+16	1.24848e+16	1.40456e+16	2.45875e+16	3.09713e+17	4.54044e+17	3.06617	2.77045	2.77045	2.77045	2.77045	2.77045	2.77045	2.77045	2.77045	2.77045	2.77046	2.77046	2.50359	4.68986	4.68986	
138094	6.85785e+17	2.78715e+17	1.21966e+17	7.7169e+16	1.54338e+17	2.31507e+17	3.08676e+17	3.85845e+17	4.63014e+17	5.40183e+17	6.17352e+17	6.94521e+17	7.57134e+17	3.35214e+17	8.60035e+15	6.14769e+15	5.63619e+15	2.46641e+15	1.56052e+15	3.12104e+15	4.68156e+15	6.24208e+15	7.8026e+15	9.36312e+15	1.09236e+16	1.24842e+16	1.40449e+16	2.45328e+16	3.09713e+17	4.54044e+17	3.06867	2.77342	2.77342	2.77342	2.77342	2.77342	2.77342	2.77342	2.77342	2.77342	2.77342	2.77342	2.50508	4.68986	4.68986	
138344	6.85786e+17	2.78715e+17	1.21966e+17	7.71692e+16	1.54338e+17	2.31507e+17	3.08677e+17	3.85846e+17	4.63015e+17	5.40184e+17	6.17353e+17	6.94522e+17	7.57219e+17	3.35214e+17	8.60035e+15	6.14747e+15	5.63592e+15	2.46629e+15	1.56044e+15	3.12089e+15	4.68133e+15	6.24177e+15	7.80222e+15	9.36266e+15	1.09231e+16	1.24836e+16	1.40442e+16	2.44794e+16	3.09713e+17	4.54044e+17	3.07117	2.77638	2.77638	2.77638	2.77638	2.77638	2.77638	2.77638	2.77638	2.77638	2.77638	2.77638	2.5066	4.68986	4.68986	
138594	6.85786e+17	2.78716e+17	1.21967e+17	7.71693e+16	1.54339e+17	2.31508e+17	3.08677e+17	3.85846e+17	4.63016e+17	5.40185e+17	6.17354e+17	6.94523e+17	7.57301e+17	3.35214e+17	8.60035e+15	6.14725e+15	5.63564e+15	2.46617e+15	1.56037e+15	3.12073e+15	4.6811e+15	6.24147e+15	7.80183e+15	9.3622e+15	1.09226e+16	1.2483e+16	1.40435e+16	2.44273e+16	3.09713e+17	4.54044e+17	3.07367	2.77933	2.77933	2.77933	2.77933	2.77933	2.77933	2.77933	2.77933	2.77933	2.77933	2.77934	2.50816	4.68986	4.68986	
138845	6.85787e+17	2.78716e+17	1.21967e+17	7.71694e+16	1.54339e+17	2.31508e+17	3.08678e+17	3.85847e+17	4.63016e+17	5.40186e+17	6.17355e+17	6.94524e+17	7.57381e+17	3.35214e+17	8.60035e+15	6.14702e+15	5.63537e+15	2.46605e+15	1.56029e+15	3.12058e+15	4.68087e+15	6.24116e+15	7.80146e+15	9.36175e+15	1.0922e+16	1.24823e+16	1.40428e+16	2.43766e+16	3.09713e+17	4.54044e+17	3.07617	2.78228	2.78228	2.78228	2.78228	2.78228	2.78228	2.78228	2.78228	2.78228	2.78228	2.78229	2.50976	4.68986	4.68986	
139095	6.85787e+17	2.78716e+17	1.21967e+17	7.71695e+16	1.54339e+17	2.31509e+17	3.08678e+17	3.85848e+17	4.63017e+17	5.40187e+17	6.17356e+17	6.94525e+17	7.5746e+17	3.35214e+17	8.60035e+15	6.1468e+15	5.6351e+15	2.46593e+15	1.56022e+15	3.12043e+15	4.68065e+15	6.24086e+15	7.80108e+15	9.36129e+15	1.09215e+16	1.24817e+16	1.40421e+16	2.43272e+16	3.09713e+17	4.54044e+17	3.07866	2.78523	2.78523	2.78523	2.78523	2.78523	2.78523	2.78523	2.78523	2.78523	2.78523	2.78523	2.51139	4.68986	4.68986	
139346	6.85787e+17	2.78717e+17	1.21967e+17	7.71697e+16	1.54339e+17	2.31509e+17	3.08679e+17	3.85848e+17	4.63018e+17	5.40188e+17	6.17357e+17	6.94527e+17	7.57536e+17	3.35214e+17	8.60035e+15	6.14658e+15	5.63482e+15	2.46581e+15	1.56014e+15	3.12028e+15	4.68042e+15	6.24056e+15	7.8007e+15	9.36084e+15	1.0921e+16	1.24811e+16	1.40414e+16	2.4279e+16	3.09713e+17	4.54044e+17	3.08115	2.78817	2.78817	2.78817	2.78817	2.78817	2.78817	2.78817	2.78817	2.78817	2.78817	2.78817	2.51306	4.68986	4.68986	
139596	6.85788e+17	2.78717e+17	1.21967e+17	7.71698e+16	1.5434e+17	2.31509e+17	3.08679e+17	3.85849e+17	4.63019e+17	5.40188e+17	6.17358e+17	6.94528e+17	7.5761e+17	3.35214e+17	8.60035e+15	6.14636e+15	5.63455e+15	2.46569e+15	1.56007e+15	3.12013e+15	4.6802e+15	6.24026e+15	7.80033e+15	9.36039e+15	1.09205e+16	1.24805e+16	1.40408e+16	2.42321e+16	3.09713e+17	4.54044e+17	3.08363	2.7911	2.7911	2.7911	2.7911	2.7911	2.7911	2.7911	2.7911	2.79111	2.79111	2.79111	2.51476	4.68986	4.68986	
139846	6.85788e+17	2.78718e+17	1.21968e+17	7.71699e+16	1.5434e+17	2.3151e+17	3.0868e+17	3.85849e+17	4.63019e+17	5.40189e+17	6.17359e+17	6.94529e+17	7.57682e+17	3.35214e+17	8.60035e+15	6.14614e+15	5.63428e+15	2.46558e+15	1.55999e+15	3.11998e+15	4.67997e+15	6.23996e+15	7.79995e+15	9.35994e+15	1.09199e+16	1.24799e+16	1.40401e+16	2.41865e+16	3.09713e+17	4.54044e+17	3.08611	2.79404	2.79404	2.79404	2.79404	2.79404	2.79404	2.79404	2.79404	2.79404	2.79404	2.79404	2.5165	4.68986	4.68986	
140097	6.85789e+17	2.78718e+17	1.21968e+17	7.717e+16	1.5434e+17	2.3151e+17	3.0868e+17	3.8585e+17	4.6302e+17	5.4019e+17	6.1736e+17	6.9453e+17	7.57752e+17	3.35214e+17	8.60035e+15	6.14592e+15	5.63401e+15	2.46546e+15	1.55992e+15	3.11983e+15	4.67975e+15	6.23966e+15	7.79958e+15	9.35949e+15	1.09194e+16	1.24793e+16	1.40394e+16	2.4142e+16	3.09713e+17	4.54044e+17	3.08859	2.79696	2.79696	2.79696	2.79696	2.79696	2.79696	2.79696	2.79696	2.79696	2.79697	2.79697	2.51827	4.68986	4.68986	
140347	6.85789e+17	2.78719e+17	1.21968e+17	7.71701e+16	1.5434e+17	2.3151e+17	3.08681e+17	3.85851e+17	4.63021e+17	5.40191e+17	6.17361e+17	6.94531e+17	7.57821e+17	3.35214e+17	8.60035e+15	6.1457e+15	5.63374e+15	2.46534e+15	1.55984e+15	3.11968e+15	4.67952e+15	6.23936e+15	7.7992e+15	9.35905e+15	1.09189e+16	1.24787e+16	1.40387e+16	2.40988e+16	3.09713e+17	4.54044e+17	3.09106	2.79989	2.79989	2.79989	2.79989	2.79989	2.79989	2.79989	2.79989	2.79989	2.79989	2.79989	2.52006	4.68986	4.68986	
140598	6.85789e+17	2.78719e+17	1.21968e+17	7.71703e+16	1.54341e+17	2.31511e+17	3.08681e+17	3.85851e+17	4.63022e+17	5.40192e+17	6.17362e+17	6.94532e+17	7.57887e+17	3.35214e+17	8.60035e+15	6.14548e+15	5.63347e+15	2.46522e+15	1.55977e+15	3.11953e+15	4.6793e+15	6.23907e+15	7.79883e+15	9.3586e+15	1.09184e+16	1.24781e+16	1.4038e+16	2.40567e+16	3.09713e+17	4.54044e+17	3.09353	2.80281	2.80281	2.80281	2.80281	2.80281	2.80281	2.80281	2.80281	2.80281	2.80281	2.80281	2.52189	4.68986	4.68986	
140848	6.8579e+17	2.78719e+17	1.21968e+17	7.71704e+16	1.54341e+17	2.31511e+17	3.08682e+17	3.85852e+17	4.63022e+17	5.40193e+17	6.17363e+17	6.94533e+17	7.57952e+17	3.35214e+17	8.60035e+15	6.14527e+15	5.63321e+15	2.46511e+15	1.55969e+15	3.11939e+15	4.67908e+15	6.23877e+15	7.79846e+15	9.35816e+15	1.09178e+16	1.24776e+16	1.40374e+16	2.40158e+16	3.09712e+17	4.54044e+17	3.09599	2.80572	2.80572	2.80572	2.80572	2.80572	2.80572	2.80572	2.80572	2.80572	2.80572	2.80572	2.52375	4.68986	4.68986	
141098	6.8579e+17	2.7872e+17	1.21969e+17	7.71705e+16	1.54341e+17	2.31511e+17	3.08682e+17	3.85852e+17	4.63023e+17	5.40193e+17	6.17364e+17	6.94534e+17	7.58015e+17	3.35214e+17	8.60035e+15	6.14505e+15	5.63294e+15	2.46499e+15	1.55962e+15	3.11924e+15	4.67886e+15	6.23847e+15	7.79809e+15	9.35771e+15	1.09173e+16	1.2477e+16	1.40367e+16	2.39759e+16	3.09712e+17	4.54044e+17	3.09846	2.80863	2.80863	2.80863	2.80863	2.80863	2.80863	2.80863	2.80863	2.80863	2.80863	2.80863	2.52563	4.68986	4.68986	
141349	6.85791e+17	2.7872e+17	1.21969e+17	7.71706e+16	1.54341e+17	2.31512e+17	3.08682e+17	3.85853e+17	4.63024e+17	5.40194e+17	6.17365e+17	6.94535e+17	7.58076e+17	3.35214e+17	8.60035e+15	6.14483e+15	5.63267e+15	2.46487e+15	1.55955e+15	3.11909e+15	4.67864e+15	6.23818e+15	7.79773e+15	9.35727e+15	1.09168e+16	1.24764e+16	1.4036e+16	2.39372e+16	3.09712e+17	4.54044e+17	3.10091	2.81153	2.81153	2.81153	2.81153	2.81153	2.81153	2.81153	2.81153	2.81153	2.81153	2.81153	2.52754	4.68986	4.68986	
141599	6.85791e+17	2.78721e+17	1.21969e+17	7.71707e+16	1.54341e+17	2.31512e+17	3.08683e+17	3.85854e+17	4.63024e+17	5.40195e+17	6.17366e+17	6.94536e+17	7.58135e+17	3.35214e+17	8.60035e+15	6.14462e+15	5.63241e+15	2.46476e+15	1.55947e+15	3.11894e+15	4.67841e+15	6.23789e+15	7.79736e+15	9.35683e+15	1.09163e+16	1.24758e+16	1.40353e+16	2.38996e+16	3.09712e+17	4.54044e+17	3.10337	2.81443	2.81443	2.81443	2.81443	2.81443	2.81443	2.81443	2.81443	2.81443	2.81443	2.81443	2.52948	4.68986	4.68986	
141849	6.85791e+17	2.78721e+17	1.21969e+17	7.71709e+16	1.54342e+17	2.31513e+17	3.08683e+17	3.85854e+17	4.63025e+17	5.40196e+17	6.17367e+17	6.94538e+17	7.58193e+17	3.35214e+17	8.60035e+15	6.1444e+15	5.63214e+15	2.46464e+15	1.5594e+15	3.1188e+15	4.6782e+15	6.23759e+15	7.79699e+15	9.35639e+15	1.09158e+16	1.24752e+16	1.40347e+16	2.38631e+16	3.09712e+17	4.54045e+17	3.10582	2.81733	2.81733	2.81733	2.81733	2.81733	2.81733	2.81733	2.81733	2.81733	2.81733	2.81733	2.53144	4.68986	4.68986	
142100	6.85792e+17	2.78722e+17	1.21969e+17	7.7171e+16	1.54342e+17	2.31513e+17	3.08684e+17	3.85855e+17	4.63026e+17	5.40197e+17	6.17368e+17	6.94539e+17	7.58249e+17	3.35214e+17	8.60035e+15	6.14419e+15	5.63188e+15	2.46453e+15	1.55933e+15	3.11865e+15	4.67798e+15	6.2373e+15	7.79663e+15	9.35595e+15	1.09153e+16	1.24746e+16	1.4034e+16	2.38276e+16	3.09712e+17	4.54045e+17	3.10827	2.82022	2.82022	2.82022	2.82022	2.82022	2.82022	2.82022	2.82022	2.82022	2.82022	2.82022	2.53343	4.68986	4.68986	
142350	6.85792e+17	2.78722e+17	1.21969e+17	7.71711e+16	1.54342e+17	2.31513e+17	3.08684e+17	3.85855e+17	4.63027e+17	5.40198e+17	6.17369e+17	6.9454e+17	7.58303e+17	3.35213e+17	8.60035e+15	6.14398e+15	5.63162e+15	2.46441e+15	1.55925e+15	3.11851e+15	4.67776e+15	6.23701e+15	7.79626e+15	9.35552e+15	1.09148e+16	1.2474e+16	1.40333e+16	2.37931e+16	3.09712e+17	4.54045e+17	3.11071	2.82311	2.82311	2.82311	2.82311	2.82311	2.82311	2.82311	2.82311	2.82311	2.82311	2.82311	2.53545	4.68986	4.68986	
142601	6.85793e+17	2.78722e+17	1.2197e+17	7.71712e+16	1.54342e+17	2.31514e+17	3.08685e+17	3.85856e+17	4.63027e+17	5.40198e+17	6.1737e+17	6.94541e+17	7.58356e+17	3.35213e+17	8.60035e+15	6.14376e+15	5.63136e+15	2.4643e+15	1.55918e+15	3.11836e+15	4.67754e+15	6.23672e+15	7.7959e+15	9.35508e+15	1.09143e+16	1.24734e+16	1.40327e+16	2.37596e+16	3.09712e+17	4.54045e+17	3.11315	2.82599	2.82599	2.82599	2.82599	2.82599	2.82599	2.82599	2.82599	2.82599	2.82599	2.82599	2.53749	4.68986	4.68986	
142851	6.85793e+17	2.78723e+17	1.2197e+17	7.71713e+16	1.54343e+17	2.31514e+17	3.08685e+17	3.85857e+17	4.63028e+17	5.40199e+17	6.17371e+17	6.94542e+17	7.58408e+17	3.35213e+17	8.60035e+15	6.14355e+15	5.63109e+15	2.46418e+15	1.55911e+15	3.11822e+15	4.67732e+15	6.23643e+15	7.79554e+15	9.35465e+15	1.09138e+16	1.24729e+16	1.4032e+16	2.37272e+16	3.09712e+17	4.54045e+17	3.11559	2.82887	2.82887	2.82887	2.82887	2.82887	2.82887	2.82887	2.82887	2.82887	2.82887	2.82887	2.53955	4.68986	4.68986	
143101	6.85793e+17	2.78723e+17	1.2197e+17	7.71714e+16	1.54343e+17	2.31514e+17	3.08686e+17	3.85857e+17	4.63029e+17	5.402e+17	6.17372e+17	6.94543e+17	7.58457e+17	3.35213e+17	8.60035e+15	6.14334e+15	5.63083e+15	2.46407e+15	1.55904e+15	3.11807e+15	4.67711e+15	6.23614e+15	7.79518e+15	9.35421e+15	1.09132e+16	1.24723e+16	1.40314e+16	2.36957e+16	3.09712e+17	4.54045e+17	3.11802	2.83174	2.83174	2.83174	2.83174	2.83174	2.83174	2.83174	2.83174	2.83174	2.83174	2.83174	2.54163	4.68986	4.68986	
143352	6.85794e+17	2.78724e+17	1.2197e+17	7.71716e+16	1.54343e+17	2.31515e+17	3.08686e+17	3.85858e+17	4.63029e+17	5.40201e+17	6.17372e+17	6.94544e+17	7.58505e+17	3.35213e+17	8.60035e+15	6.14313e+15	5.63057e+15	2.46395e+15	1.55896e+15	3.11793e+15	4.67689e+15	6.23585e+15	7.79482e+15	9.35378e+15	1.09127e+16	1.24717e+16	1.40307e+16	2.36651e+16	3.09712e+17	4.54045e+17	3.12045	2.83461	2.83461	2.83461	2.83461	2.83461	2.83461	2.83461	2.83461	2.83461	2.83461	2.83461	2.54373	4.68986	4.68986	
143602	6.85794e+17	2.78724e+17	1.2197e+17	7.71717e+16	1.54343e+17	2.31515e+17	3.08687e+17	3.85858e+17	4.6303e+17	5.40202e+17	6.17373e+17	6.94545e+17	7.58552e+17	3.35213e+17	8.60036e+15	6.14292e+15	5.63031e+15	2.46384e+15	1.55889e+15	3.11778e+15	4.67667e+15	6.23557e+15	7.79446e+15	9.35335e+15	1.09122e+16	1.24711e+16	1.40301e+16	2.36355e+16	3.09712e+17	4.54045e+17	3.12287	2.83747	2.83747	2.83747	2.83747	2.83747	2.83747	2.83747	2.83747	2.83747	2.83747	2.83747	2.54586	4.68986	4.68986	
143852	6.85794e+17	2.78725e+17	1.21971e+17	7.71718e+16	1.54344e+17	2.31515e+17	3.08687e+17	3.85859e+17	4.63031e+17	5.40203e+17	6.17374e+17	6.94546e+17	7.58597e+17	3.35213e+17	8.60036e+15	6.14271e+15	5.63006e+15	2.46373e+15	1.55882e+15	3.11764e+15	4.67646e+15	6.23528e+15	7.7941e+15	9.35292e+15	1.09117e+16	1.24706e+16	1.40294e+16	2.36067e+16	3.09712e+17	4.54045e+17	3.1253	2.84033	2.84033	2.84033	2.84033	2.84033	2.84033	2.84033	2.84033	2.84033	2.84033	2.84033	2.548	4.68986	4.68986	
144103	6.85795e+17	2.78725e+17	1.21971e+17	7.71719e+16	1.54344e+17	2.31516e+17	3.08688e+17	3.8586e+17	4.63031e+17	5.40203e+17	6.17375e+17	6.94547e+17	7.58641e+17	3.35213e+17	8.60036e+15	6.1425e+15	5.6298e+15	2.46361e+15	1.55875e+15	3.1175e+15	4.67625e+15	6.23499e+15	7.79374e+15	9.35249e+15	1.09112e+16	1.247e+16	1.40288e+16	2.35789e+16	3.09712e+17	4.54045e+17	3.12772	2.84319	2.84319	2.84319	2.84319	2.84319	2.84319	2.84319	2.84319	2.84319	2.84319	2.84319	2.55016	4.68986	4.68986	
144353	6.85795e+17	2.78725e+17	1.21971e+17	7.7172e+16	1.54344e+17	2.31516e+17	3.08688e+17	3.8586e+17	4.63032e+17	5.40204e+17	6.17376e+17	6.94548e+17	7.58684e+17	3.35213e+17	8.60036e+15	6.14229e+15	5.62954e+15	2.4635e+15	1.55868e+15	3.11736e+15	4.67603e+15	6.23471e+15	7.79339e+15	9.35207e+15	1.09107e+16	1.24694e+16	1.40281e+16	2.3552e+16	3.09712e+17	4.54045e+17	3.13013	2.84604	2.84604	2.84604	2.84604	2.84604	2.84604	2.84604	2.84604	2.84604	2.84604	2.84604	2.55235	4.68986	4.68986	
144604	6.85796e+17	2.78726e+17	1.21971e+17	7.71721e+16	1.54344e+17	2.31516e+17	3.08689e+17	3.85861e+17	4.63033e+17	5.40205e+17	6.17377e+17	6.94549e+17	7.58725e+17	3.35213e+17	8.60036e+15	6.14208e+15	5.62928e+15	2.46339e+15	1.55861e+15	3.11721e+15	4.67582e+15	6.23443e+15	7.79303e+15	9.35164e+15	1.09102e+16	1.24689e+16	1.40275e+16	2.35259e+16	3.09712e+17	4.54045e+17	3.13254	2.84889	2.84889	2.84889	2.84889	2.84889	2.84889	2.84889	2.84889	2.84889	2.84889	2.84889	2.55455	4.68986	4.68986	
144854	6.85796e+17	2.78726e+17	1.21971e+17	7.71723e+16	1.54345e+17	2.31517e+17	3.08689e+17	3.85861e+17	4.63034e+17	5.40206e+17	6.17378e+17	6.9455e+17	7.58765e+17	3.35213e+17	8.60036e+15	6.14187e+15	5.62903e+15	2.46328e+15	1.55854e+15	3.11707e+15	4.67561e+15	6.23414e+15	7.79268e+15	9.35122e+15	1.09098e+16	1.24683e+16	1.40269e+16	2.35006e+16	3.09712e+17	4.54045e+17	3.13495	2.85173	2.85173	2.85173	2.85173	2.85173	2.85173	2.85173	2.85173	2.85173	2.85173	2.85173	2.55677	4.68986	4.68986	
145104	6.85796e+17	2.78727e+17	1.21972e+17	7.71724e+16	1.54345e+17	2.31517e+17	3.08689e+17	3.85862e+17	4.63034e+17	5.40207e+17	6.17379e+17	6.94551e+17	7.58803e+17	3.35213e+17	8.60036e+15	6.14166e+15	5.62877e+15	2.46317e+15	1.55847e+15	3.11693e+15	4.6754e+15	6.23386e+15	7.79233e+15	9.35079e+15	1.09093e+16	1.24677e+16	1.40262e+16	2.34762e+16	3.09712e+17	4.54045e+17	3.13735	2.85457	2.85457	2.85457	2.85457	2.85457	2.85457	2.85457	2.85457	2.85457	2.85457	2.85457	2.559	4.68986	4.68986	
145355	6.85797e+17	2.78727e+17	1.21972e+17	7.71725e+16	1.54345e+17	2.31517e+17	3.0869e+17	3.85862e+17	4.63035e+17	5.40207e+17	6.1738e+17	6.94552e+17	7.5884e+17	3.35213e+17	8.60036e+15	6.14146e+15	5.62852e+15	2.46306e+15	1.5584e+15	3.11679e+15	4.67519e+15	6.23358e+15	7.79198e+15	9.35037e+15	1.09088e+16	1.24672e+16	1.40256e+16	2.34525e+16	3.09712e+17	4.54045e+17	3.13975	2.8574	2.8574	2.8574	2.8574	2.8574	2.8574	2.8574	2.8574	2.8574	2.8574	2.8574	2.56125	4.68986	4.68986	
145605	6.85797e+17	2.78727e+17	1.21972e+17	7.71726e+16	1.54345e+17	2.31518e+17	3.0869e+17	3.85863e+17	4.63036e+17	5.40208e+17	6.17381e+17	6.94553e+17	7.58876e+17	3.35213e+17	8.60036e+15	6.14125e+15	5.62827e+15	2.46294e+15	1.55832e+15	3.11665e+15	4.67497e+15	6.2333e+15	7.79162e+15	9.34995e+15	1.09083e+16	1.24666e+16	1.4025e+16	2.34297e+16	3.09712e+17	4.54045e+17	3.14215	2.86023	2.86023	2.86023	2.86023	2.86023	2.86023	2.86023	2.86023	2.86023	2.86023	2.86023	2.56352	4.68986	4.68986	
145855	6.85798e+17	2.78728e+17	1.21972e+17	7.71727e+16	1.54345e+17	2.31518e+17	3.08691e+17	3.85864e+17	4.63036e+17	5.40209e+17	6.17382e+17	6.94554e+17	7.58911e+17	3.35213e+17	8.60036e+15	6.14104e+15	5.62801e+15	2.46283e+15	1.55825e+15	3.11651e+15	4.67476e+15	6.23302e+15	7.79127e+15	9.34953e+15	1.09078e+16	1.2466e+16	1.40243e+16	2.34076e+16	3.09712e+17	4.54045e+17	3.14454	2.86305	2.86305	2.86305	2.86305	2.86305	2.86305	2.86305	2.86305	2.86305	2.86305	2.86305	2.5658	4.68986	4.68986	
146106	6.85798e+17	2.78728e+17	1.21972e+17	7.71728e+16	1.54346e+17	2.31518e+17	3.08691e+17	3.85864e+17	4.63037e+17	5.4021e+17	6.17383e+17	6.94555e+17	7.58945e+17	3.35213e+17	8.60036e+15	6.14084e+15	5.62776e+15	2.46272e+15	1.55819e+15	3.11637e+15	4.67456e+15	6.23274e+15	7.79093e+15	9.34911e+15	1.09073e+16	1.24655e+16	1.40237e+16	2.33863e+16	3.09712e+17	4.54045e+17	3.14693	2.86587	2.86587	2.86587	2.86587	2.86587	2.86587	2.86587	2.86587	2.86587	2.86587	2.86587	2.5681	4.68986	4.68986	
146356	6.85798e+17	2.78729e+17	1.21972e+17	7.71729e+16	1.54346e+17	2.31519e+17	3.08692e+17	3.85865e+17	4.63038e+17	5.40211e+17	6.17383e+17	6.94556e+17	7.58977e+17	3.35213e+17	8.60036e+15	6.14064e+15	5.62751e+15	2.46261e+15	1.55812e+15	3.11623e+15	4.67435e+15	6.23246e+15	7.79058e+15	9.34869e+15	1.09068e+16	1.24649e+16	1.40231e+16	2.33657e+16	3.09711e+17	4.54045e+17	3.14932	2.86869	2.86869	2.86869	2.86869	2.86869	2.86869	2.86869	2.86869	2.86869	2.86869	2.86869	2.57041	4.68986	4.68986	
146606	6.85799e+17	2.78729e+17	1.21973e+17	7.7173e+16	1.54346e+17	2.31519e+17	3.08692e+17	3.85865e+17	4.63038e+17	5.40211e+17	6.17384e+17	6.94557e+17	7.59008e+17	3.35213e+17	8.60036e+15	6.14043e+15	5.62726e+15	2.4625e+15	1.55805e+15	3.11609e+15	4.67414e+15	6.23219e+15	7.79023e+15	9.34828e+15	1.09063e+16	1.24644e+16	1.40224e+16	2.33459e+16	3.09711e+17	4.54045e+17	3.1517	2.8715	2.8715	2.8715	2.8715	2.8715	2.8715	2.8715	2.8715	2.8715	2.8715	2.8715	2.57274	4.68986	4.68986	
146857	6.85799e+17	2.7873e+17	1.21973e+17	7.71732e+16	1.54346e+17	2.31519e+17	3.08693e+17	3.85866e+17	4.63039e+17	5.40212e+17	6.17385e+17	6.94558e+17	7.59038e+17	3.35213e+17	8.60036e+15	6.14023e+15	5.62701e+15	2.46239e+15	1.55798e+15	3.11595e+15	4.67393e+15	6.23191e+15	7.78989e+15	9.34786e+15	1.09058e+16	1.24638e+16	1.40218e+16	2.33267e+16	3.09711e+17	4.54045e+17	3.15408	2.87431	2.87431	2.87431	2.87431	2.87431	2.87431	2.87431	2.87431	2.87431	2.87431	2.87431	2.57508	4.68986	4.68986	
147107	6.85799e+17	2.7873e+17	1.21973e+17	7.71733e+16	1.54347e+17	2.3152e+17	3.08693e+17	3.85866e+17	4.6304e+17	5.40213e+17	6.17386e+17	6.94559e+17	7.59067e+17	3.35213e+17	8.60036e+15	6.14003e+15	5.62676e+15	2.46229e+15	1.55791e+15	3.11582e+15	4.67373e+15	6.23163e+15	7.78954e+15	9.34745e+15	1.09054e+16	1.24633e+16	1.40212e+16	2.33083e+16	3.09711e+17	4.54045e+17	3.15646	2.87711	2.87711	2.87711	2.87711	2.87711	2.87711	2.87711	2.87711	2.87711	2.87711	2.87711	2.57743	4.68986	4.68986	
147357	6.858e+17	2.7873e+17	1.21973e+17	7.71734e+16	1.54347e+17	2.3152e+17	3.08694e+17	3.85867e+17	4.6304e+17	5.40214e+17	6.17387e+17	6.9456e+17	7.59095e+17	3.35213e+17	8.60036e+15	6.13982e+15	5.62651e+15	2.46218e+15	1.55784e+15	3.11568e+15	4.67352e+15	6.23136e+15	7.7892e+15	9.34704e+15	1.09049e+16	1.24627e+16	1.40206e+16	2.32905e+16	3.09711e+17	4.54045e+17	3.15883	2.87991	2.87991	2.87991	2.87991	2.87991	2.87991	2.87991	2.87991	2.87991	2.87991	2.87991	2.57979	4.68986	4.68986	
147608	6.858e+17	2.78731e+17	1.21973e+17	7.71735e+16	1.54347e+17	2.3152e+17	3.08694e+17	3.85867e+17	4.63041e+17	5.40214e+17	6.17388e+17	6.94561e+17	7.59122e+17	3.35212e+17	8.60036e+15	6.13962e+15	5.62627e+15	2.46207e+15	1.55777e+15	3.11554e+15	4.67331e+15	6.23108e+15	7.78886e+15	9.34663e+15	1.09044e+16	1.24622e+16	1.402e+16	2.32733e+16	3.09711e+17	4.54045e+17	3.1612	2.8827	2.8827	2.8827	2.8827	2.8827	2.8827	2.8827	2.8827	2.8827	2.8827	2.8827	2.58217	4.68986	4.68986	
147858	6.85801e+17	2.78731e+17	1.21973e+17	7.71736e+16	1.54347e+17	2.31521e+17	3.08694e+17	3.85868e+17	4.63042e+17	5.40215e+17	6.17389e+17	6.94562e+17	7.59148e+17	3.35212e+17	8.60036e+15	6.13942e+15	5.62602e+15	2.46196e+15	1.5577e+15	3.11541e+15	4.67311e+15	6.23081e+15	7.78851e+15	9.34622e+15	1.09039e+16	1.24616e+16	1.40193e+16	2.32568e+16	3.09711e+17	4.54045e+17	3.16357	2.88549	2.88549	2.88549	2.88549	2.88549	2.88549	2.88549	2.88549	2.88549	2.88549	2.88549	2.58456	4.68986	4.68986	
148108	6.85801e+17	2.78732e+17	1.21974e+17	7.71737e+16	1.54347e+17	2.31521e+17	3.08695e+17	3.85869e+17	4.63042e+17	5.40216e+17	6.1739e+17	6.94563e+17	7.59173e+17	3.35212e+17	8.60036e+15	6.13922e+15	5.62577e+15	2.46185e+15	1.55763e+15	3.11527e+15	4.6729e+15	6.23054e+15	7.78817e+15	9.34581e+15	1.09034e+16	1.24611e+16	1.40187e+16	2.3241e+16	3.09711e+17	4.54045e+17	3.16593	2.88828	2.88828	2.88828	2.88828	2.88828	2.88828	2.88828	2.88828	2.88828	2.88828	2.88828	2.58695	4.68986	4.68986	
148359	6.85801e+17	2.78732e+17	1.21974e+17	7.71738e+16	1.54348e+17	2.31521e+17	3.08695e+17	3.85869e+17	4.63043e+17	5.40217e+17	6.17391e+17	6.94564e+17	7.59197e+17	3.35212e+17	8.60036e+15	6.13902e+15	5.62553e+15	2.46175e+15	1.55757e+15	3.11513e+15	4.6727e+15	6.23027e+15	7.78783e+15	9.3454e+15	1.0903e+16	1.24605e+16	1.40181e+16	2.32257e+16	3.09711e+17	4.54045e+17	3.16829	2.89106	2.89106	2.89106	2.89106	2.89106	2.89106	2.89106	2.89106	2.89106	2.89106	2.89106	2.58936	4.68986	4.68986	
148609	6.85802e+17	2.78732e+17	1.21974e+17	7.71739e+16	1.54348e+17	2.31522e+17	3.08696e+17	3.8587e+17	4.63044e+17	5.40218e+17	6.17391e+17	6.94565e+17	7.5922e+17	3.35212e+17	8.60036e+15	6.13882e+15	5.62528e+15	2.46164e+15	1.5575e+15	3.115e+15	4.6725e+15	6.23e+15	7.78749e+15	9.34499e+15	1.09025e+16	1.246e+16	1.40175e+16	2.32111e+16	3.09711e+17	4.54045e+17	3.17064	2.89384	2.89384	2.89384	2.89384	2.89384	2.89384	2.89384	2.89384	2.89384	2.89384	2.89384	2.59178	4.68986	4.68986	
148859	6.85802e+17	2.78733e+17	1.21974e+17	7.7174e+16	1.54348e+17	2.31522e+17	3.08696e+17	3.8587e+17	4.63044e+17	5.40218e+17	6.17392e+17	6.94566e+17	7.59242e+17	3.35212e+17	8.60036e+15	6.13862e+15	5.62504e+15	2.46153e+15	1.55743e+15	3.11486e+15	4.67229e+15	6.22973e+15	7.78716e+15	9.34459e+15	1.0902e+16	1.24595e+16	1.40169e+16	2.31971e+16	3.09711e+17	4.54045e+17	3.17299	2.89661	2.89661	2.89661	2.89661	2.89661	2.89661	2.89661	2.89661	2.89661	2.89661	2.89661	2.59421	4.68986	4.68986	
149110	6.85802e+17	2.78733e+17	1.21974e+17	7.71742e+16	1.54348e+17	2.31522e+17	3.08697e+17	3.85871e+17	4.63045e+17	5.40219e+17	6.17393e+17	6.94567e+17	7.59263e+17	3.35212e+17	8.60036e+15	6.13842e+15	5.6248e+15	2.46143e+15	1.55736e+15	3.11473e+15	4.67209e+15	6.22946e+15	7.78682e+15	9.34418e+15	1.09015e+16	1.24589e+16	1.40163e+16	2.31836e+16	3.09711e+17	4.54045e+17	3.17534	2.89938	2.89938	2.89938	2.89938	2.89938	2.89938	2.89938	2.89938	2.89938	2.89938	2.89938	2.59665	4.68986	4.68986	
149360	6.85803e+17	2.78733e+17	1.21974e+17	7.71743e+16	1.54349e+17	2.31523e+17	3.08697e+17	3.85871e+17	4.63046e+17	5.4022e+17	6.17394e+17	6.94568e+17	7.59283e+17	3.35212e+17	8.60036e+15	6.13823e+15	5.62455e+15	2.46132e+15	1.5573e+15	3.11459e+15	4.67189e+15	6.22919e+15	7.78648e+15	9.34378e+15	1.09011e+16	1.24584e+16	1.40157e+16	2.31707e+16	3.09711e+17	4.54045e+17	3.17768	2.90214	2.90214	2.90214	2.90214	2.90214	2.90214	2.90214	2.90214	2.90214	2.90214	2.90214	2.5991	4.68986	4.68986	
149610	6.85803e+17	2.78734e+17	1.21975e+17	7.71744e+16	1.54349e+17	2.31523e+17	3.08697e+17	3.85872e+17	4.63046e+17	5.40221e+17	6.17395e+17	6.94569e+17	7.59302e+17	3.35212e+17	8.60036e+15	6.13803e+15	5.62431e+15	2.46121e+15	1.55723e+15	3.11446e+15	4.67169e+15	6.22892e+15	7.78615e+15	9.34338e+15	1.09006e+16	1.24578e+16	1.40151e+16	2.31583e+16	3.09711e+17	4.54045e+17	3.18002	2.9049	2.9049	2.9049	2.9049	2.9049	2.9049	2.9049	2.9049	2.9049	2.9049	2.9049	2.60155	4.68986	4.68986	
149861	6.85803e+17	2.78734e+17	1.21975e+17	7.71745e+16	1.54349e+17	2.31523e+17	3.08698e+17	3.85872e+17	4.63047e+17	5.40221e+17	6.17396e+17	6.9457e+17	7.59321e+17	3.35212e+17	8.60036e+15	6.13783e+15	5.62407e+15	2.46111e+15	1.55716e+15	3.11433e+15	4.67149e+15	6.22865e+15	7.78582e+15	9.34298e+15	1.09001e+16	1.24573e+16	1.40145e+16	2.31465e+16	3.09711e+17	4.54045e+17	3.18236	2.90766	2.90766	2.90766	2.90766	2.90766	2.90766	2.90766	2.90766	2.90766	2.90766	2.90766	2.60401	4.68986	4.68986	
150111	6.85804e+17	2.78735e+17	1.21975e+17	7.71746e+16	1.54349e+17	2.31524e+17	3.08698e+17	3.85873e+17	4.63048e+17	5.40222e+17	6.17397e+17	6.94571e+17	7.59339e+17	3.35212e+17	8.60036e+15	6.13764e+15	5.62383e+15	2.461e+15	1.5571e+15	3.11419e+15	4.67129e+15	6.22839e+15	7.78548e+15	9.34258e+15	1.08997e+16	1.24568e+16	1.40139e+16	2.31351e+16	3.09711e+17	4.54045e+17	3.1847	2.91041	2.91041	2.91041	2.91041	2.91041	2.91041	2.91041	2.91041	2.91041	2.91041	2.91041	2.60649	4.68986	4.68986	
150361	6.85804e+17	2.78735e+17	1.21975e+17	7.71747e+16	1.54349e+17	2.31524e+17	3.08699e+17	3.85873e+17	4.63048e+17	5.40223e+17	6.17398e+17	6.94572e+17	7.59355e+17	3.35212e+17	8.60036e+15	6.13744e+15	5.62359e+15	2.4609e+15	1.55703e+15	3.11406e+15	4.67109e+15	6.22812e+15	7.78515e+15	9.34218e+15	1.08992e+16	1.24562e+16	1.40133e+16	2.31243e+16	3.09711e+17	4.54045e+17	3.18703	2.91316	2.91316	2.91316	2.91316	2.91316	2.91316	2.91316	2.91316	2.91316	2.91316	2.91316	2.60896	4.68986	4.68986	
150611	6.85805e+17	2.78735e+17	1.21975e+17	7.71748e+16	1.5435e+17	2.31524e+17	3.08699e+17	3.85874e+17	4.63049e+17	5.40224e+17	6.17398e+17	6.94573e+17	7.59371e+17	3.35212e+17	8.60036e+15	6.13725e+15	5.62335e+15	2.46079e+15	1.55696e+15	3.11393e+15	4.67089e+15	6.22786e+15	7.78482e+15	9.34178e+15	1.08987e+16	1.24557e+16	1.40127e+16	2.3114e+16	3.09711e+17	4.54045e+17	3.18935	2.9159	2.9159	2.9159	2.9159	2.9159	2.9159	2.9159	2.9159	2.9159	2.9159	2.9159	2.61145	4.68986	4.68986	
150862	6.85805e+17	2.78736e+17	1.21976e+17	7.71749e+16	1.5435e+17	2.31525e+17	3.087e+17	3.85875e+17	4.63049e+17	5.40224e+17	6.17399e+17	6.94574e+17	7.59387e+17	3.35212e+17	8.60036e+15	6.13705e+15	5.62311e+15	2.46069e+15	1.5569e+15	3.1138e+15	4.67069e+15	6.22759e+15	7.78449e+15	9.34139e+15	1.08983e+16	1.24552e+16	1.40121e+16	2.31042e+16	3.09711e+17	4.54045e+17	3.19168	2.91864	2.91864	2.91864	2.91864	2.91864	2.91864	2.91864	2.91864	2.91864	2.91864	2.91864	2.61394	4.68986	4.68986	
151112	6.85805e+17	2.78736e+17	1.21976e+17	7.7175e+16	1.5435e+17	2.31525e+17	3.087e+17	3.85875e+17	4.6305e+17	5.40225e+17	6.174e+17	6.94575e+17	7.59401e+17	3.35212e+17	8.60036e+15	6.13686e+15	5.62288e+15	2.46058e+15	1.55683e+15	3.11366e+15	4.6705e+15	6.22733e+15	7.78416e+15	9.34099e+15	1.08978e+16	1.24547e+16	1.40115e+16	2.30948e+16	3.09711e+17	4.54045e+17	3.194	2.92138	2.92138	2.92138	2.92138	2.92138	2.92138	2.92138	2.92138	2.92138	2.92138	2.92138	2.61644	4.68986	4.68986	
151362	6.85806e+17	2.78737e+17	1.21976e+17	7.71751e+16	1.5435e+17	2.31525e+17	3.087e+17	3.85876e+17	4.63051e+17	5.40226e+17	6.17401e+17	6.94576e+17	7.59415e+17	3.35212e+17	8.60036e+15	6.13666e+15	5.62264e+15	2.46048e+15	1.55677e+15	3.11353e+15	4.6703e+15	6.22707e+15	7.78383e+15	9.3406e+15	1.08974e+16	1.24541e+16	1.40109e+16	2.3086e+16	3.09711e+17	4.54045e+17	3.19631	2.92411	2.92411	2.92411	2.92411	2.92411	2.92411	2.92411	2.92411	2.92411	2.92411	2.92411	2.61895	4.68986	4.68986	
151613	6.85806e+17	2.78737e+17	1.21976e+17	7.71752e+16	1.5435e+17	2.31526e+17	3.08701e+17	3.85876e+17	4.63051e+17	5.40227e+17	6.17402e+17	6.94577e+17	7.59428e+17	3.35212e+17	8.60036e+15	6.13647e+15	5.6224e+15	2.46038e+15	1.5567e+15	3.1134e+15	4.6701e+15	6.2268e+15	7.78351e+15	9.34021e+15	1.08969e+16	1.24536e+16	1.40103e+16	2.30775e+16	3.09711e+17	4.54045e+17	3.19863	2.92683	2.92683	2.92683	2.92683	2.92683	2.92683	2.92683	2.92683	2.92683	2.92683	2.92683	2.62146	4.68986	4.68986	
151863	6.85806e+17	2.78737e+17	1.21976e+17	7.71753e+16	1.54351e+17	2.31526e+17	3.08701e+17	3.85877e+17	4.63052e+17	5.40227e+17	6.17403e+17	6.94578e+17	7.59441e+17	3.35212e+17	8.60036e+15	6.13628e+15	5.62217e+15	2.46027e+15	1.55664e+15	3.11327e+15	4.66991e+15	6.22654e+15	7.78318e+15	9.33981e+15	1.08965e+16	1.24531e+16	1.40097e+16	2.30695e+16	3.09711e+17	4.54045e+17	3.20094	2.92955	2.92955	2.92955	2.92955	2.92955	2.92955	2.92955	2.92955	2.92955	2.92955	2.92955	2.62398	4.68986	4.68986	
152113	6.85807e+17	2.78738e+17	1.21976e+17	7.71754e+16	1.54351e+17	2.31526e+17	3.08702e+17	3.85877e+17	4.63053e+17	5.40228e+17	6.17404e+17	6.94579e+17	7.59452e+17	3.35212e+17	8.60037e+15	6.13609e+15	5.62193e+15	2.46017e+15	1.55657e+15	3.11314e+15	4.66971e+15	6.22628e+15	7.78285e+15	9.33942e+15	1.0896e+16	1.24526e+16	1.40091e+16	2.3062e+16	3.09711e+17	4.54045e+17	3.20324	2.93227	2.93227	2.93227	2.93227	2.93227	2.93227	2.93227	2.93227	2.93227	2.93227	2.93227	2.6265	4.68986	4.68986	
152363	6.85807e+17	2.78738e+17	1.21977e+17	7.71755e+16	1.54351e+17	2.31527e+17	3.08702e+17	3.85878e+17	4.63053e+17	5.40229e+17	6.17404e+17	6.9458e+17	7.59463e+17	3.35212e+17	8.60037e+15	6.13589e+15	5.6217e+15	2.46007e+15	1.55651e+15	3.11301e+15	4.66952e+15	6.22602e+15	7.78253e+15	9.33904e+15	1.08955e+16	1.2452e+16	1.40086e+16	2.30548e+16	3.09711e+17	4.54045e+17	3.20554	2.93499	2.93499	2.93499	2.93499	2.93499	2.93499	2.93499	2.93499	2.93499	2.93499	2.93499	2.62903	4.68986	4.68986	
152614	6.85807e+17	2.78739e+17	1.21977e+17	7.71756e+16	1.54351e+17	2.31527e+17	3.08703e+17	3.85878e+17	4.63054e+17	5.4023e+17	6.17405e+17	6.94581e+17	7.59474e+17	3.35212e+17	8.60037e+15	6.1357e+15	5.62146e+15	2.45997e+15	1.55644e+15	3.11288e+15	4.66932e+15	6.22576e+15	7.78221e+15	9.33865e+15	1.08951e+16	1.24515e+16	1.4008e+16	2.30481e+16	3.09711e+17	4.54045e+17	3.20785	2.9377	2.9377	2.9377	2.9377	2.9377	2.9377	2.9377	2.9377	2.9377	2.9377	2.9377	2.63156	4.68986	4.68986	
152864	6.85808e+17	2.78739e+17	1.21977e+17	7.71758e+16	1.54352e+17	2.31527e+17	3.08703e+17	3.85879e+17	4.63055e+17	5.4023e+17	6.17406e+17	6.94582e+17	7.59484e+17	3.35212e+17	8.60037e+15	6.13551e+15	5.62123e+15	2.45986e+15	1.55638e+15	3.11275e+15	4.66913e+15	6.22551e+15	7.78188e+15	9.33826e+15	1.08946e+16	1.2451e+16	1.40074e+16	2.30417e+16	3.0971e+17	4.54045e+17	3.21014	2.9404	2.9404	2.9404	2.9404	2.9404	2.9404	2.9404	2.9404	2.9404	2.9404	2.9404	2.6341	4.68986	4.68986	
153115	6.85808e+17	2.78739e+17	1.21977e+17	7.71759e+16	1.54352e+17	2.31528e+17	3.08703e+17	3.85879e+17	4.63055e+17	5.40231e+17	6.17407e+17	6.94583e+17	7.59493e+17	3.35212e+17	8.60037e+15	6.13532e+15	5.621e+15	2.45976e+15	1.55631e+15	3.11262e+15	4.66894e+15	6.22525e+15	7.78156e+15	9.33787e+15	1.08942e+16	1.24505e+16	1.40068e+16	2.30357e+16	3.0971e+17	4.54045e+17	3.21243	2.9431	2.9431	2.9431	2.9431	2.9431	2.9431	2.9431	2.9431	2.9431	2.9431	2.9431	2.63664	4.68986	4.68986	
153365	6.85808e+17	2.7874e+17	1.21977e+17	7.7176e+16	1.54352e+17	2.31528e+17	3.08704e+17	3.8588e+17	4.63056e+17	5.40232e+17	6.17408e+17	6.94584e+17	7.59501e+17	3.35212e+17	8.60037e+15	6.13513e+15	5.62077e+15	2.45966e+15	1.55625e+15	3.1125e+15	4.66874e+15	6.22499e+15	7.78124e+15	9.33749e+15	1.08937e+16	1.245e+16	1.40062e+16	2.30302e+16	3.0971e+17	4.54045e+17	3.21472	2.9458	2.9458	2.9458	2.9458	2.9458	2.9458	2.9458	2.9458	2.9458	2.9458	2.9458	2.63919	4.68986	4.68986	
153615	6.85809e+17	2.7874e+17	1.21977e+17	7.71761e+16	1.54352e+17	2.31528e+17	3.08704e+17	3.8588e+17	4.63056e+17	5.40232e+17	6.17409e+17	6.94585e+17	7.59509e+17	3.35212e+17	8.60037e+15	6.13495e+15	5.62054e+15	2.45956e+15	1.55618e+15	3.11237e+15	4.66855e+15	6.22474e+15	7.78092e+15	9.3371e+15	1.08933e+16	1.24495e+16	1.40057e+16	2.30249e+16	3.0971e+17	4.54045e+17	3.21701	2.94849	2.94849	2.94849	2.94849	2.94849	2.94849	2.94849	2.94849	2.94849	2.94849	2.94849	2.64173	4.68986	4.68986	
153865	6.85809e+17	2.7874e+17	1.21978e+17	7.71762e+16	1.54352e+17	2.31529e+17	3.08705e+17	3.85881e+17	4.63057e+17	5.40233e+17	6.17409e+17	6.94586e+17	7.59517e+17	3.35211e+17	8.60037e+15	6.13476e+15	5.6203e+15	2.45946e+15	1.55612e+15	3.11224e+15	4.66836e+15	6.22448e+15	7.7806e+15	9.33672e+15	1.08928e+16	1.2449e+16	1.40051e+16	2.30201e+16	3.0971e+17	4.54045e+17	3.21929	2.95118	2.95118	2.95118	2.95118	2.95118	2.95118	2.95118	2.95118	2.95118	2.95118	2.95118	2.64429	4.68986	4.68986	
154116	6.85809e+17	2.78741e+17	1.21978e+17	7.71763e+16	1.54353e+17	2.31529e+17	3.08705e+17	3.85881e+17	4.63058e+17	5.40234e+17	6.1741e+17	6.94586e+17	7.59524e+17	3.35211e+17	8.60037e+15	6.13457e+15	5.62007e+15	2.45936e+15	1.55606e+15	3.11211e+15	4.66817e+15	6.22423e+15	7.78028e+15	9.33634e+15	1.08924e+16	1.24485e+16	1.40045e+16	2.30156e+16	3.0971e+17	4.54045e+17	3.22157	2.95387	2.95387	2.95387	2.95387	2.95387	2.95387	2.95387	2.95387	2.95387	2.95387	2.95387	2.64684	4.68986	4.68986	
154366	6.8581e+17	2.78741e+17	1.21978e+17	7.71764e+16	1.54353e+17	2.31529e+17	3.08706e+17	3.85882e+17	4.63058e+17	5.40235e+17	6.17411e+17	6.94587e+17	7.5953e+17	3.35211e+17	8.60037e+15	6.13438e+15	5.61985e+15	2.45926e+15	1.55599e+15	3.11199e+15	4.66798e+15	6.22397e+15	7.77997e+15	9.33596e+15	1.0892e+16	1.24479e+16	1.40039e+16	2.30114e+16	3.0971e+17	4.54045e+17	3.22385	2.95655	2.95655	2.95655	2.95655	2.95655	2.95655	2.95655	2.95655	2.95655	2.95655	2.95655	2.6494	4.68986	4.68986	
154616	6.8581e+17	2.78741e+17	1.21978e+17	7.71765e+16	1.54353e+17	2.31529e+17	3.08706e+17	3.85882e+17	4.63059e+17	5.40235e+17	6.17412e+17	6.94588e+17	7.59536e+17	3.35211e+17	8.60037e+15	6.1342e+15	5.61962e+15	2.45916e+15	1.55593e+15	3.11186e+15	4.66779e+15	6.22372e+15	7.77965e+15	9.33558e+15	1.08915e+16	1.24474e+16	1.40034e+16	2.30076e+16	3.0971e+17	4.54045e+17	3.22612	2.95923	2.95923	2.95923	2.95923	2.95923	2.95923	2.95923	2.95923	2.95923	2.95923	2.95923	2.65197	4.68986	4.68986	
154866	6.8581e+17	2.78742e+17	1.21978e+17	7.71766e+16	1.54353e+17	2.3153e+17	3.08706e+17	3.85883e+17	4.63059e+17	5.40236e+17	6.17413e+17	6.94589e+17	7.59541e+17	3.35211e+17	8.60037e+15	6.13401e+15	5.61939e+15	2.45906e+15	1.55587e+15	3.11173e+15	4.6676e+15	6.22347e+15	7.77934e+15	9.3352e+15	1.08911e+16	1.24469e+16	1.40028e+16	2.30041e+16	3.0971e+17	4.54045e+17	3.22839	2.9619	2.9619	2.9619	2.9619	2.9619	2.9619	2.9619	2.9619	2.9619	2.9619	2.9619	2.65453	4.68986	4.68986	
155117	6.85811e+17	2.78742e+17	1.21978e+17	7.71767e+16	1.54353e+17	2.3153e+17	3.08707e+17	3.85883e+17	4.6306e+17	5.40237e+17	6.17413e+17	6.9459e+17	7.59546e+17	3.35211e+17	8.60037e+15	6.13382e+15	5.61916e+15	2.45896e+15	1.5558e+15	3.11161e+15	4.66741e+15	6.22322e+15	7.77902e+15	9.33483e+15	1.08906e+16	1.24464e+16	1.40022e+16	2.30009e+16	3.0971e+17	4.54045e+17	3.23065	2.96457	2.96457	2.96457	2.96457	2.96457	2.96457	2.96457	2.96457	2.96457	2.96457	2.96457	2.6571	4.68986	4.68986	
155367	6.85811e+17	2.78743e+17	1.21978e+17	7.71768e+16	1.54354e+17	2.3153e+17	3.08707e+17	3.85884e+17	4.63061e+17	5.40237e+17	6.17414e+17	6.94591e+17	7.5955e+17	3.35211e+17	8.60037e+15	6.13364e+15	5.61894e+15	2.45886e+15	1.55574e+15	3.11148e+15	4.66722e+15	6.22297e+15	7.77871e+15	9.33445e+15	1.08902e+16	1.24459e+16	1.40017e+16	2.2998e+16	3.0971e+17	4.54045e+17	3.23291	2.96723	2.96723	2.96723	2.96723	2.96723	2.96723	2.96723	2.96723	2.96723	2.96723	2.96723	2.65967	4.68986	4.68986	
155617	6.85812e+17	2.78743e+17	1.21979e+17	7.71769e+16	1.54354e+17	2.31531e+17	3.08708e+17	3.85884e+17	4.63061e+17	5.40238e+17	6.17415e+17	6.94592e+17	7.59554e+17	3.35211e+17	8.60037e+15	6.13345e+15	5.61871e+15	2.45876e+15	1.55568e+15	3.11136e+15	4.66704e+15	6.22272e+15	7.77839e+15	9.33407e+15	1.08898e+16	1.24454e+16	1.40011e+16	2.29954e+16	3.0971e+17	4.54045e+17	3.23517	2.96989	2.96989	2.96989	2.96989	2.96989	2.96989	2.96989	2.96989	2.96989	2.96989	2.96989	2.66224	4.68986	4.68986	
155868	6.85812e+17	2.78743e+17	1.21979e+17	7.7177e+16	1.54354e+17	2.31531e+17	3.08708e+17	3.85885e+17	4.63062e+17	5.40239e+17	6.17416e+17	6.94593e+17	7.59557e+17	3.35211e+17	8.60037e+15	6.13327e+15	5.61849e+15	2.45866e+15	1.55562e+15	3.11123e+15	4.66685e+15	6.22247e+15	7.77808e+15	9.3337e+15	1.08893e+16	1.24449e+16	1.40006e+16	2.29931e+16	3.0971e+17	4.54045e+17	3.23743	2.97255	2.97255	2.97255	2.97255	2.97255	2.97255	2.97255	2.97255	2.97255	2.97255	2.97255	2.66481	4.68986	4.68986	
156118	6.85812e+17	2.78744e+17	1.21979e+17	7.71771e+16	1.54354e+17	2.31531e+17	3.08708e+17	3.85885e+17	4.63063e+17	5.4024e+17	6.17417e+17	6.94594e+17	7.5956e+17	3.35211e+17	8.60037e+15	6.13309e+15	5.61826e+15	2.45857e+15	1.55555e+15	3.11111e+15	4.66666e+15	6.22222e+15	7.77777e+15	9.33333e+15	1.08889e+16	1.24444e+16	1.4e+16	2.29911e+16	3.0971e+17	4.54046e+17	3.23968	2.9752	2.9752	2.9752	2.9752	2.9752	2.9752	2.9752	2.9752	2.9752	2.9752	2.9752	2.66739	4.68986	4.68986	
156368	6.85813e+17	2.78744e+17	1.21979e+17	7.71772e+16	1.54354e+17	2.31532e+17	3.08709e+17	3.85886e+17	4.63063e+17	5.4024e+17	6.17418e+17	6.94595e+17	7.59563e+17	3.35211e+17	8.60037e+15	6.1329e+15	5.61804e+15	2.45847e+15	1.55549e+15	3.11099e+15	4.66648e+15	6.22197e+15	7.77746e+15	9.33296e+15	1.08884e+16	1.24439e+16	1.39994e+16	2.29894e+16	3.0971e+17	4.54046e+17	3.24193	2.97785	2.97785	2.97785	2.97785	2.97785	2.97785	2.97785	2.97785	2.97785	2.97785	2.97785	2.66997	4.68986	4.68986	
156618	6.85813e+17	2.78744e+17	1.21979e+17	7.71773e+16	1.54355e+17	2.31532e+17	3.08709e+17	3.85886e+17	4.63064e+17	5.40241e+17	6.17418e+17	6.94596e+17	7.59565e+17	3.35211e+17	8.60037e+15	6.13272e+15	5.61781e+15	2.45837e+15	1.55543e+15	3.11086e+15	4.66629e+15	6.22172e+15	7.77715e+15	9.33258e+15	1.0888e+16	1.24434e+16	1.39989e+16	2.29879e+16	3.0971e+17	4.54046e+17	3.24417	2.98049	2.98049	2.98049	2.98049	2.98049	2.98049	2.98049	2.98049	2.98049	2.98049	2.98049	2.67255	4.68986	4.68986	
156869	6.85813e+17	2.78745e+17	1.21979e+17	7.71774e+16	1.54355e+17	2.31532e+17	3.0871e+17	3.85887e+17	4.63064e+17	5.40242e+17	6.17419e+17	6.94596e+17	7.59566e+17	3.35211e+17	8.60038e+15	6.13254e+15	5.61759e+15	2.45827e+15	1.55537e+15	3.11074e+15	4.66611e+15	6.22148e+15	7.77685e+15	9.33221e+15	1.08876e+16	1.2443e+16	1.39983e+16	2.29867e+16	3.0971e+17	4.54046e+17	3.24642	2.98313	2.98313	2.98313	2.98313	2.98313	2.98313	2.98313	2.98313	2.98313	2.98313	2.98313	2.67513	4.68986	4.68986	
157119	6.85814e+17	2.78745e+17	1.2198e+17	7.71775e+16	1.54355e+17	2.31532e+17	3.0871e+17	3.85887e+17	4.63065e+17	5.40242e+17	6.1742e+17	6.94597e+17	7.59568e+17	3.35211e+17	8.60038e+15	6.13236e+15	5.61737e+15	2.45818e+15	1.55531e+15	3.11062e+15	4.66592e+15	6.22123e+15	7.77654e+15	9.33185e+15	1.08872e+16	1.24425e+16	1.39978e+16	2.29857e+16	3.0971e+17	4.54046e+17	3.24865	2.98577	2.98577	2.98577	2.98577	2.98577	2.98577	2.98577	2.98577	2.98577	2.98577	2.98577	2.67771	4.68986	4.68986	
157369	6.85814e+17	2.78746e+17	1.2198e+17	7.71776e+16	1.54355e+17	2.31533e+17	3.0871e+17	3.85888e+17	4.63066e+17	5.40243e+17	6.17421e+17	6.94598e+17	7.59569e+17	3.35211e+17	8.60038e+15	6.13218e+15	5.61715e+15	2.45808e+15	1.55525e+15	3.11049e+15	4.66574e+15	6.22099e+15	7.77623e+15	9.33148e+15	1.08867e+16	1.2442e+16	1.39972e+16	2.2985e+16	3.0971e+17	4.54046e+17	3.25089	2.9884	2.9884	2.9884	2.9884	2.9884	2.9884	2.9884	2.9884	2.9884	2.9884	2.9884	2.68029	4.68986	4.68986	
157619	6.85814e+17	2.78746e+17	1.2198e+17	7.71777e+16	1.54355e+17	2.31533e+17	3.08711e+17	3.85888e+17	4.63066e+17	5.40244e+17	6.17421e+17	6.94599e+17	7.59569e+17	3.35211e+17	8.60038e+15	6.132e+15	5.61693e+15	2.45798e+15	1.55519e+15	3.11037e+15	4.66556e+15	6.22074e+15	7.77593e+15	9.33111e+15	1.08863e+16	1.24415e+16	1.39967e+16	2.29846e+16	3.0971e+17	4.54046e+17	3.25312	2.99103	2.99103	2.99103	2.99103	2.99103	2.99103	2.99103	2.99103	2.99103	2.99103	2.99103	2.68287	4.68986	4.68986	
157869	6.85815e+17	2.78746e+17	1.2198e+17	7.71778e+16	1.54356e+17	2.31533e+17	3.08711e+17	3.85889e+17	4.63067e+17	5.40244e+17	6.17422e+17	6.946e+17	7.59569e+17	3.35211e+17	8.60038e+15	6.13182e+15	5.61671e+15	2.45789e+15	1.55512e+15	3.11025e+15	4.66537e+15	6.2205e+15	7.77562e+15	9.33075e+15	1.08859e+16	1.2441e+16	1.39961e+16	2.29843e+16	3.0971e+17	4.54046e+17	3.25535	2.99366	2.99366	2.99366	2.99366	2.99366	2.99366	2.99366	2.99366	2.99366	2.99366	2.99366	2.68545	4.68986	4.68986	
158120	6.85815e+17	2.78747e+17	1.2198e+17	7.71779e+16	1.54356e+17	2.31534e+17	3.08712e+17	3.85889e+17	4.63067e+17	5.40245e+17	6.17423e+17	6.94601e+17	7.59569e+17	3.35211e+17	8.60038e+15	6.13164e+15	5.61649e+15	2.45779e+15	1.55506e+15	3.11013e+15	4.66519e+15	6.22025e+15	7.77532e+15	9.33038e+15	1.08854e+16	1.24405e+16	1.39956e+16	2.29843e+16	3.0971e+17	4.54046e+17	3.25757	2.99628	2.99628	2.99628	2.99628	2.99628	2.99628	2.99628	2.99628	2.99628	2.99628	2.99628	2.68804	4.68986	4.68986	
158370	6.85815e+17	2.78747e+17	1.2198e+17	7.7178e+16	1.54356e+17	2.31534e+17	3.08712e+17	3.8589e+17	4.63068e+17	5.40246e+17	6.17424e+17	6.94602e+17	7.59568e+17	3.35211e+17	8.60038e+15	6.13146e+15	5.61627e+15	2.45769e+15	1.555e+15	3.11001e+15	4.66501e+15	6.22001e+15	7.77502e+15	9.33002e+15	1.0885e+16	1.244e+16	1.3995e+16	2.29845e+16	3.0971e+17	4.54046e+17	3.2598	2.99889	2.99889	2.99889	2.99889	2.99889	2.99889	2.99889	2.99889	2.99889	2.99889	2.99889	2.69062	4.68986	4.68986	
158620	6.85816e+17	2.78747e+17	1.21981e+17	7.71781e+16	1.54356e+17	2.31534e+17	3.08712e+17	3.8589e+17	4.63068e+17	5.40247e+17	6.17425e+17	6.94603e+17	7.59567e+17	3.35211e+17	8.60038e+15	6.13128e+15	5.61605e+15	2.4576e+15	1.55494e+15	3.10989e+15	4.66483e+15	6.21977e+15	7.77471e+15	9.32966e+15	1.08846e+16	1.24395e+16	1.39945e+16	2.2985e+16	3.0971e+17	4.54046e+17	3.26201	3.0015	3.0015	3.0015	3.0015	3.0015	3.0015	3.0015	3.0015	3.0015	3.0015	3.0015	2.69321	4.68986	4.68986	
158870	6.85816e+17	2.78748e+17	1.21981e+17	7.71782e+16	1.54356e+17	2.31535e+17	3.08713e+17	3.85891e+17	4.63069e+17	5.40247e+17	6.17425e+17	6.94604e+17	7.59566e+17	3.35211e+17	8.60038e+15	6.1311e+15	5.61583e+15	2.4575e+15	1.55488e+15	3.10976e+15	4.66465e+15	6.21953e+15	7.77441e+15	9.32929e+15	1.08842e+16	1.24391e+16	1.39939e+16	2.29856e+16	3.0971e+17	4.54046e+17	3.26423	3.00411	3.00411	3.00411	3.00411	3.00411	3.00411	3.00411	3.00411	3.00411	3.00411	3.00411	2.69579	4.68986	4.68986	
159121	6.85816e+17	2.78748e+17	1.21981e+17	7.71783e+16	1.54357e+17	2.31535e+17	3.08713e+17	3.85891e+17	4.6307e+17	5.40248e+17	6.17426e+17	6.94603e+17	7.59563e+17	3.35211e+17	8.60038e+15	6.13092e+15	5.61562e+15	2.45741e+15	1.55482e+15	3.10964e+15	4.66447e+15	6.21929e+15	7.77411e+15	9.32893e+15	1.08838e+16	1.24386e+16	1.39934e+16	2.29864e+16	3.0971e+17	4.54046e+17	3.26644	3.00672	3.00672	3.00672	3.00672	3.00672	3.00672	3.00672	3.00672	3.00672	3.00672	3.00672	2.69838	4.68986	4.68986	
159371	6.85817e+17	2.78748e+17	1.21981e+17	7.71784e+16	1.54357e+17	2.31535e+17	3.08713e+17	3.85892e+17	4.6307e+17	5.40249e+17	6.17427e+17	6.94603e+17	7.5956e+17	3.35211e+17	8.60038e+15	6.13074e+15	5.6154e+15	2.45731e+15	1.55476e+15	3.10952e+15	4.66429e+15	6.21905e+15	7.77381e+15	9.32857e+15	1.08833e+16	1.24381e+16	1.39928e+16	2.29875e+16	3.0971e+17	4.54046e+17	3.26865	3.00932	3.00932	3.00932	3.00932	3.00932	3.00932	3.00932	3.00932	3.00932	3.00932	3.00931	2.70095	4.68986	4.68986	
159621	6.85817e+17	2.78749e+17	1.21981e+17	7.71785e+16	1.54357e+17	2.31535e+17	3.08714e+17	3.85892e+17	4.63071e+17	5.40249e+17	6.17428e+17	6.94603e+17	7.59557e+17	3.35211e+17	8.60039e+15	6.13057e+15	5.61518e+15	2.45722e+15	1.5547e+15	3.10941e+15	4.66411e+15	6.21881e+15	7.77351e+15	9.32822e+15	1.08829e+16	1.24376e+16	1.39923e+16	2.29887e+16	3.0971e+17	4.54046e+17	3.27085	3.01191	3.01191	3.01191	3.01191	3.01191	3.01191	3.01191	3.01191	3.01191	3.01191	3.0119	2.70353	4.68986	4.68986	
159871	6.85817e+17	2.78749e+17	1.21981e+17	7.71786e+16	1.54357e+17	2.31536e+17	3.08714e+17	3.85893e+17	4.63071e+17	5.4025e+17	6.17429e+17	6.94603e+17	7.59554e+17	3.35211e+17	8.60039e+15	6.13039e+15	5.61497e+15	2.45713e+15	1.55464e+15	3.10929e+15	4.66393e+15	6.21857e+15	7.77322e+15	9.32786e+15	1.08825e+16	1.24371e+16	1.39917e+16	2.29901e+16	3.0971e+17	4.54046e+17	3.27306	3.01451	3.01451	3.01451	3.01451	3.01451	3.01451	3.01451	3.01451	3.01451	3.01451	3.01448	2.7061	4.68986	4.68986	
160121	6.85817e+17	2.78749e+17	1.21981e+17	7.71787e+16	1.54357e+17	2.31536e+17	3.08715e+17	3.85893e+17	4.63072e+17	5.40251e+17	6.17429e+17	6.94604e+17	7.5955e+17	3.35211e+17	8.60039e+15	6.13022e+15	5.61476e+15	2.45703e+15	1.55458e+15	3.10917e+15	4.66375e+15	6.21834e+15	7.77292e+15	9.3275e+15	1.08821e+16	1.24367e+16	1.39912e+16	2.29917e+16	3.0971e+17	4.54046e+17	3.27525	3.01709	3.01709	3.01709	3.01709	3.01709	3.01709	3.01709	3.01709	3.01709	3.01709	3.01706	2.70866	4.68986	4.68986	
160372	6.85818e+17	2.7875e+17	1.21982e+17	7.71788e+16	1.54358e+17	2.31536e+17	3.08715e+17	3.85894e+17	4.63073e+17	5.40251e+17	6.1743e+17	6.94604e+17	7.59546e+17	3.35211e+17	8.60039e+15	6.13004e+15	5.61454e+15	2.45694e+15	1.55452e+15	3.10905e+15	4.66357e+15	6.2181e+15	7.77262e+15	9.32715e+15	1.08817e+16	1.24362e+16	1.39906e+16	2.29934e+16	3.0971e+17	4.54046e+17	3.27745	3.01968	3.01968	3.01968	3.01968	3.01968	3.01968	3.01968	3.01968	3.01968	3.01968	3.01963	2.71123	4.68986	4.68986	
160622	6.85818e+17	2.7875e+17	1.21982e+17	7.71789e+16	1.54358e+17	2.31537e+17	3.08715e+17	3.85894e+17	4.63073e+17	5.40252e+17	6.17431e+17	6.94604e+17	7.59542e+17	3.35211e+17	8.60039e+15	6.12987e+15	5.61433e+15	2.45684e+15	1.55447e+15	3.10893e+15	4.6634e+15	6.21786e+15	7.77233e+15	9.32679e+15	1.08813e+16	1.24357e+16	1.39901e+16	2.29953e+16	3.09709e+17	4.54046e+17	3.27964	3.02226	3.02226	3.02226	3.02226	3.02226	3.02226	3.02226	3.02226	3.02226	3.02226	3.0222	2.71379	4.68986	4.68986	
160873	6.85818e+17	2.7875e+17	1.21982e+17	7.71789e+16	1.54358e+17	2.31537e+17	3.08716e+17	3.85895e+17	4.63074e+17	5.40253e+17	6.17432e+17	6.94604e+17	7.59538e+17	3.3521e+17	8.60039e+15	6.12969e+15	5.61411e+15	2.45675e+15	1.55441e+15	3.10881e+15	4.66322e+15	6.21763e+15	7.77203e+15	9.32644e+15	1.08808e+16	1.24353e+16	1.39895e+16	2.29974e+16	3.09709e+17	4.54046e+17	3.28184	3.02485	3.02485	3.02485	3.02485	3.02485	3.02485	3.02485	3.02485	3.02485	3.02485	3.02477	2.71635	4.68986	4.68986	
161126	6.85819e+17	2.78751e+17	1.21982e+17	7.7179e+16	1.54358e+17	2.31537e+17	3.08716e+17	3.85895e+17	4.63074e+17	5.40253e+17	6.17432e+17	6.94604e+17	7.59534e+17	3.3521e+17	8.60035e+15	6.12951e+15	5.6139e+15	2.45666e+15	1.55435e+15	3.10869e+15	4.66304e+15	6.21739e+15	7.77174e+15	9.32608e+15	1.08804e+16	1.24348e+16	1.3989e+16	2.29997e+16	3.09709e+17	4.54044e+17	3.28405	3.02745	3.02745	3.02745	3.02745	3.02745	3.02745	3.02745	3.02745	3.02745	3.02745	3.02735	2.71893	4.68986	4.68986	
161379	6.85819e+17	2.78751e+17	1.21982e+17	7.71791e+16	1.54358e+17	2.31537e+17	3.08717e+17	3.85896e+17	4.63075e+17	5.40254e+17	6.17433e+17	6.94604e+17	7.59529e+17	3.3521e+17	8.60035e+15	6.12934e+15	5.61369e+15	2.45656e+15	1.55429e+15	3.10858e+15	4.66286e+15	6.21715e+15	7.77144e+15	9.32573e+15	1.088e+16	1.24343e+16	1.39885e+16	2.30022e+16	3.09709e+17	4.54044e+17	3.28625	3.03005	3.03005	3.03005	3.03005	3.03005	3.03005	3.03005	3.03005	3.03005	3.03005	3.02993	2.72151	4.68986	4.68986	
161633	6.85819e+17	2.78751e+17	1.21982e+17	7.71792e+16	1.54358e+17	2.31538e+17	3.08717e+17	3.85896e+17	4.63075e+17	5.40255e+17	6.17434e+17	6.94605e+17	7.59524e+17	3.3521e+17	8.60035e+15	6.12916e+15	5.61347e+15	2.45647e+15	1.55423e+15	3.10846e+15	4.66269e+15	6.21692e+15	7.77114e+15	9.32537e+15	1.08796e+16	1.24338e+16	1.39879e+16	2.30047e+16	3.09709e+17	4.54044e+17	3.28846	3.03265	3.03265	3.03265	3.03265	3.03265	3.03265	3.03265	3.03265	3.03265	3.03265	3.03251	2.72409	4.68986	4.68986	
161886	6.8582e+17	2.78752e+17	1.21983e+17	7.71793e+16	1.54359e+17	2.31538e+17	3.08717e+17	3.85897e+17	4.63076e+17	5.40255e+17	6.17435e+17	6.94605e+17	7.59519e+17	3.3521e+17	8.60035e+15	6.12899e+15	5.61326e+15	2.45638e+15	1.55417e+15	3.10834e+15	4.66251e+15	6.21668e+15	7.77085e+15	9.32502e+15	1.08792e+16	1.24334e+16	1.39874e+16	2.30075e+16	3.09709e+17	4.54044e+17	3.29067	3.03525	3.03525	3.03525	3.03525	3.03525	3.03525	3.03525	3.03525	3.03525	3.03525	3.03508	2.72667	4.68986	4.68986	
162139	6.8582e+17	2.78752e+17	1.21983e+17	7.71794e+16	1.54359e+17	2.31538e+17	3.08718e+17	3.85897e+17	4.63077e+17	5.40256e+17	6.17435e+17	6.94605e+17	7.59513e+17	3.3521e+17	8.60035e+15	6.12882e+15	5.61305e+15	2.45628e+15	1.55411e+15	3.10822e+15	4.66233e+15	6.21644e+15	7.77056e+15	9.32467e+15	1.08788e+16	1.24329e+16	1.39868e+16	2.30104e+16	3.09709e+17	4.54044e+17	3.29286	3.03783	3.03783	3.03783	3.03783	3.03783	3.03783	3.03783	3.03783	3.03783	3.03783	3.03764	2.72924	4.68986	4.68986	
162390	6.8582e+17	2.78752e+17	1.21983e+17	7.71795e+16	1.54359e+17	2.31539e+17	3.08718e+17	3.85898e+17	4.63077e+17	5.40257e+17	6.17436e+17	6.94605e+17	7.59508e+17	3.3521e+17	8.60035e+15	6.12864e+15	5.61284e+15	2.45619e+15	1.55405e+15	3.10811e+15	4.66216e+15	6.21621e+15	7.77027e+15	9.32432e+15	1.08784e+16	1.24324e+16	1.39863e+16	2.30134e+16	3.09709e+17	4.54044e+17	3.29503	3.04038	3.04038	3.04038	3.04038	3.04038	3.04038	3.04038	3.04038	3.04038	3.04038	3.04017	2.73177	4.68986	4.68986	
162642	6.85821e+17	2.78753e+17	1.21983e+17	7.71796e+16	1.54359e+17	2.31539e+17	3.08718e+17	3.85898e+17	4.63078e+17	5.40257e+17	6.17437e+17	6.94606e+17	7.59502e+17	3.3521e+17	8.60035e+15	6.12847e+15	5.61263e+15	2.4561e+15	1.55399e+15	3.10799e+15	4.66198e+15	6.21598e+15	7.76997e+15	9.32397e+15	1.0878e+16	1.2432e+16	1.39858e+16	2.30165e+16	3.09709e+17	4.54044e+17	3.29722	3.04296	3.04296	3.04296	3.04296	3.04296	3.04296	3.04296	3.04296	3.04296	3.04296	3.04272	2.73433	4.68986	4.68986	
162896	6.85821e+17	2.78753e+17	1.21983e+17	7.71797e+16	1.54359e+17	2.31539e+17	3.08719e+17	3.85899e+17	4.63078e+17	5.40258e+17	6.17438e+17	6.94606e+17	7.59496e+17	3.3521e+17	8.60035e+15	6.1283e+15	5.61242e+15	2.45601e+15	1.55394e+15	3.10787e+15	4.66181e+15	6.21575e+15	7.76968e+15	9.32362e+15	1.08776e+16	1.24315e+16	1.39853e+16	2.30198e+16	3.09709e+17	4.54044e+17	3.29941	3.04554	3.04554	3.04554	3.04554	3.04554	3.04554	3.04554	3.04554	3.04554	3.04554	3.04527	2.73689	4.68986	4.68986	
163146	6.85821e+17	2.78754e+17	1.21983e+17	7.71798e+16	1.5436e+17	2.31539e+17	3.08719e+17	3.85899e+17	4.63079e+17	5.40259e+17	6.17438e+17	6.94606e+17	7.5949e+17	3.3521e+17	8.60035e+15	6.12813e+15	5.61221e+15	2.45592e+15	1.55388e+15	3.10776e+15	4.66164e+15	6.21552e+15	7.7694e+15	9.32328e+15	1.08772e+16	1.2431e+16	1.39847e+16	2.30232e+16	3.09709e+17	4.54044e+17	3.30157	3.04808	3.04808	3.04808	3.04808	3.04808	3.04808	3.04808	3.04808	3.04808	3.04808	3.04778	2.73942	4.68986	4.68986	
163399	6.85822e+17	2.78754e+17	1.21983e+17	7.71799e+16	1.5436e+17	2.3154e+17	3.0872e+17	3.85899e+17	4.63079e+17	5.40259e+17	6.17439e+17	6.94607e+17	7.59483e+17	3.3521e+17	8.60035e+15	6.12796e+15	5.612e+15	2.45583e+15	1.55382e+15	3.10764e+15	4.66146e+15	6.21529e+15	7.76911e+15	9.32293e+15	1.08767e+16	1.24306e+16	1.39842e+16	2.30267e+16	3.09709e+17	4.54044e+17	3.30375	3.05065	3.05065	3.05065	3.05065	3.05065	3.05065	3.05065	3.05065	3.05065	3.05065	3.05032	2.74197	4.68986	4.68986	
163653	6.85822e+17	2.78754e+17	1.21984e+17	7.718e+16	1.5436e+17	2.3154e+17	3.0872e+17	3.859e+17	4.6308e+17	5.4026e+17	6.1744e+17	6.94607e+17	7.59477e+17	3.3521e+17	8.60035e+15	6.12778e+15	5.61179e+15	2.45573e+15	1.55376e+15	3.10753e+15	4.66129e+15	6.21505e+15	7.76882e+15	9.32258e+15	1.08763e+16	1.24301e+16	1.39837e+16	2.30304e+16	3.09709e+17	4.54044e+17	3.30594	3.05322	3.05322	3.05322	3.05322	3.05322	3.05322	3.05322	3.05322	3.05322	3.05322	3.05286	2.74453	4.68986	4.68986	
163906	6.85822e+17	2.78755e+17	1.21984e+17	7.71801e+16	1.5436e+17	2.3154e+17	3.0872e+17	3.859e+17	4.63081e+17	5.40261e+17	6.17441e+17	6.94607e+17	7.5947e+17	3.3521e+17	8.60035e+15	6.12761e+15	5.61158e+15	2.45564e+15	1.55371e+15	3.10741e+15	4.66112e+15	6.21482e+15	7.76853e+15	9.32223e+15	1.08759e+16	1.24296e+16	1.39832e+16	2.30342e+16	3.09709e+17	4.54044e+17	3.30811	3.05579	3.05579	3.05579	3.05579	3.05579	3.05579	3.05579	3.05579	3.05579	3.05579	3.05539	2.74708	4.68986	4.68986	
164160	6.85823e+17	2.78755e+17	1.21984e+17	7.71802e+16	1.5436e+17	2.31541e+17	3.08721e+17	3.85901e+17	4.63081e+17	5.40261e+17	6.17441e+17	6.94608e+17	7.59463e+17	3.3521e+17	8.60035e+15	6.12744e+15	5.61138e+15	2.45555e+15	1.55365e+15	3.1073e+15	4.66095e+15	6.21459e+15	7.76824e+15	9.32189e+15	1.08755e+16	1.24292e+16	1.39826e+16	2.30381e+16	3.09709e+17	4.54044e+17	3.31028	3.05834	3.05834	3.05834	3.05834	3.05834	3.05834	3.05834	3.05834	3.05834	3.05834	3.05791	2.74962	4.68986	4.68986	
164413	6.85823e+17	2.78755e+17	1.21984e+17	7.71803e+16	1.54361e+17	2.31541e+17	3.08721e+17	3.85901e+17	4.63082e+17	5.40262e+17	6.17442e+17	6.94608e+17	7.59456e+17	3.3521e+17	8.60035e+15	6.12727e+15	5.61117e+15	2.45546e+15	1.55359e+15	3.10718e+15	4.66077e+15	6.21436e+15	7.76796e+15	9.32155e+15	1.08751e+16	1.24287e+16	1.39821e+16	2.30421e+16	3.09709e+17	4.54044e+17	3.31245	3.06089	3.06089	3.06089	3.06089	3.06089	3.06089	3.06089	3.06089	3.06089	3.06089	3.06042	2.75216	4.68986	4.68986	
164666	6.85823e+17	2.78756e+17	1.21984e+17	7.71804e+16	1.54361e+17	2.31541e+17	3.08721e+17	3.85902e+17	4.63082e+17	5.40263e+17	6.17443e+17	6.94609e+17	7.59449e+17	3.3521e+17	8.60035e+15	6.1271e+15	5.61096e+15	2.45537e+15	1.55353e+15	3.10707e+15	4.6606e+15	6.21414e+15	7.76767e+15	9.3212e+15	1.08747e+16	1.24283e+16	1.39816e+16	2.30462e+16	3.09709e+17	4.54044e+17	3.31462	3.06345	3.06345	3.06345	3.06345	3.06345	3.06345	3.06345	3.06345	3.06345	3.06345	3.06294	2.7547	4.68986	4.68986	
164920	6.85824e+17	2.78756e+17	1.21984e+17	7.71805e+16	1.54361e+17	2.31541e+17	3.08722e+17	3.85902e+17	4.63083e+17	5.40263e+17	6.17444e+17	6.94609e+17	7.59442e+17	3.3521e+17	8.60035e+15	6.12693e+15	5.61076e+15	2.45528e+15	1.55348e+15	3.10695e+15	4.66043e+15	6.21391e+15	7.76738e+15	9.32086e+15	1.08743e+16	1.24278e+16	1.39811e+16	2.30504e+16	3.09709e+17	4.54044e+17	3.31679	3.066	3.066	3.066	3.066	3.066	3.066	3.066	3.066	3.066	3.066	3.06545	2.75724	4.68986	4.68986	
165173	6.85824e+17	2.78756e+17	1.21984e+17	7.71805e+16	1.54361e+17	2.31542e+17	3.08722e+17	3.85903e+17	4.63083e+17	5.40264e+17	6.17444e+17	6.94609e+17	7.59435e+17	3.3521e+17	8.60035e+15	6.12677e+15	5.61055e+15	2.45519e+15	1.55342e+15	3.10684e+15	4.66026e+15	6.21368e+15	7.7671e+15	9.32052e+15	1.08739e+16	1.24274e+16	1.39806e+16	2.30548e+16	3.09709e+17	4.54044e+17	3.31894	3.06854	3.06854	3.06854	3.06854	3.06854	3.06854	3.06854	3.06854	3.06854	3.06854	3.06795	2.75977	4.68986	4.68986	
165427	6.85824e+17	2.78757e+17	1.21985e+17	7.71806e+16	1.54361e+17	2.31542e+17	3.08723e+17	3.85903e+17	4.63084e+17	5.40264e+17	6.17445e+17	6.9461e+17	7.59427e+17	3.3521e+17	8.60035e+15	6.1266e+15	5.61035e+15	2.4551e+15	1.55336e+15	3.10673e+15	4.66009e+15	6.21345e+15	7.76682e+15	9.32018e+15	1.08735e+16	1.24269e+16	1.39801e+16	2.30592e+16	3.09709e+17	4.54044e+17	3.3211	3.07108	3.07108	3.07108	3.07108	3.07108	3.07108	3.07108	3.07108	3.07108	3.07108	3.07045	2.7623	4.68986	4.68986	
165680	6.85824e+17	2.78757e+17	1.21985e+17	7.71807e+16	1.54361e+17	2.31542e+17	3.08723e+17	3.85904e+17	4.63084e+17	5.40265e+17	6.17446e+17	6.9461e+17	7.59419e+17	3.3521e+17	8.60035e+15	6.12643e+15	5.61014e+15	2.45501e+15	1.55331e+15	3.10661e+15	4.65992e+15	6.21323e+15	7.76654e+15	9.31984e+15	1.08731e+16	1.24265e+16	1.39796e+16	2.30637e+16	3.09709e+17	4.54044e+17	3.32326	3.07362	3.07362	3.07362	3.07362	3.07362	3.07362	3.07362	3.07362	3.07362	3.07362	3.07295	2.76483	4.68986	4.68986	
165934	6.85825e+17	2.78757e+17	1.21985e+17	7.71808e+16	1.54362e+17	2.31542e+17	3.08723e+17	3.85904e+17	4.63085e+17	5.40266e+17	6.17447e+17	6.94611e+17	7.59411e+17	3.3521e+17	8.60035e+15	6.12626e+15	5.60994e+15	2.45492e+15	1.55325e+15	3.1065e+15	4.65975e+15	6.213e+15	7.76625e+15	9.3195e+15	1.08728e+16	1.2426e+16	1.39791e+16	2.30683e+16	3.09709e+17	4.54044e+17	3.32541	3.07616	3.07616	3.07616	3.07616	3.07616	3.07616	3.07616	3.07616	3.07616	3.07616	3.07544	2.76735	4.68986	4.68986	
166187	6.85825e+17	2.78758e+17	1.21985e+17	7.71809e+16	1.54362e+17	2.31543e+17	3.08724e+17	3.85905e+17	4.63085e+17	5.40266e+17	6.17447e+17	6.94611e+17	7.59403e+17	3.3521e+17	8.60035e+15	6.1261e+15	5.60974e+15	2.45484e+15	1.55319e+15	3.10639e+15	4.65958e+15	6.21278e+15	7.76597e+15	9.31917e+15	1.08724e+16	1.24256e+16	1.39786e+16	2.3073e+16	3.09709e+17	4.54044e+17	3.32755	3.07868	3.07868	3.07868	3.07868	3.07868	3.07868	3.07868	3.07868	3.07868	3.07868	3.07793	2.76987	4.68986	4.68986	
166438	6.85825e+17	2.78758e+17	1.21985e+17	7.7181e+16	1.54362e+17	2.31543e+17	3.08724e+17	3.85905e+17	4.63086e+17	5.40267e+17	6.17448e+17	6.94611e+17	7.59395e+17	3.3521e+17	8.60035e+15	6.12593e+15	5.60954e+15	2.45475e+15	1.55314e+15	3.10628e+15	4.65942e+15	6.21256e+15	7.7657e+15	9.31884e+15	1.0872e+16	1.24251e+16	1.39781e+16	2.30777e+16	3.09709e+17	4.54044e+17	3.32967	3.08117	3.08117	3.08117	3.08117	3.08117	3.08117	3.08117	3.08117	3.08117	3.08117	3.08038	2.77235	4.68986	4.68986	
166691	6.85826e+17	2.78758e+17	1.21985e+17	7.71811e+16	1.54362e+17	2.31543e+17	3.08724e+17	3.85905e+17	4.63087e+17	5.40268e+17	6.17449e+17	6.94612e+17	7.59387e+17	3.3521e+17	8.60035e+15	6.12577e+15	5.60934e+15	2.45466e+15	1.55308e+15	3.10617e+15	4.65925e+15	6.21233e+15	7.76542e+15	9.3185e+15	1.08716e+16	1.24247e+16	1.39776e+16	2.30826e+16	3.09709e+17	4.54044e+17	3.33181	3.08369	3.08369	3.08369	3.08369	3.08369	3.08369	3.08369	3.08369	3.08369	3.08369	3.08285	2.77486	4.68986	4.68986	
166944	6.85826e+17	2.78758e+17	1.21985e+17	7.71812e+16	1.54362e+17	2.31544e+17	3.08725e+17	3.85906e+17	4.63087e+17	5.40268e+17	6.17449e+17	6.94612e+17	7.59379e+17	3.3521e+17	8.60035e+15	6.1256e+15	5.60913e+15	2.45457e+15	1.55303e+15	3.10606e+15	4.65908e+15	6.21211e+15	7.76514e+15	9.31817e+15	1.08712e+16	1.24242e+16	1.39771e+16	2.30875e+16	3.09709e+17	4.54044e+17	3.33395	3.08621	3.08621	3.08621	3.08621	3.08621	3.08621	3.08621	3.08621	3.08621	3.08621	3.08532	2.77737	4.68986	4.68986	
167195	6.85826e+17	2.78759e+17	1.21986e+17	7.71813e+16	1.54363e+17	2.31544e+17	3.08725e+17	3.85906e+17	4.63088e+17	5.40269e+17	6.1745e+17	6.94613e+17	7.5937e+17	3.3521e+17	8.60035e+15	6.12544e+15	5.60894e+15	2.45449e+15	1.55297e+15	3.10595e+15	4.65892e+15	6.21189e+15	7.76486e+15	9.31784e+15	1.08708e+16	1.24238e+16	1.39766e+16	2.30925e+16	3.09709e+17	4.54044e+17	3.33605	3.08869	3.08869	3.08869	3.08869	3.08869	3.08869	3.08869	3.08869	3.08869	3.08869	3.08776	2.77985	4.68986	4.68986	
167448	6.85827e+17	2.78759e+17	1.21986e+17	7.71814e+16	1.54363e+17	2.31544e+17	3.08725e+17	3.85907e+17	4.63088e+17	5.4027e+17	6.17451e+17	6.94613e+17	7.59362e+17	3.3521e+17	8.60035e+15	6.12527e+15	5.60874e+15	2.4544e+15	1.55292e+15	3.10583e+15	4.65875e+15	6.21167e+15	7.76459e+15	9.3175e+15	1.08704e+16	1.24233e+16	1.39761e+16	2.30976e+16	3.09709e+17	4.54044e+17	3.33819	3.0912	3.0912	3.0912	3.0912	3.0912	3.0912	3.0912	3.0912	3.0912	3.0912	3.09022	2.78235	4.68986	4.68986	
167702	6.85827e+17	2.78759e+17	1.21986e+17	7.71815e+16	1.54363e+17	2.31544e+17	3.08726e+17	3.85907e+17	4.63089e+17	5.4027e+17	6.17452e+17	6.94614e+17	7.59353e+17	3.3521e+17	8.60035e+15	6.12511e+15	5.60854e+15	2.45431e+15	1.55286e+15	3.10572e+15	4.65859e+15	6.21145e+15	7.76431e+15	9.31717e+15	1.087e+16	1.24229e+16	1.39756e+16	2.31028e+16	3.09709e+17	4.54044e+17	3.34032	3.09371	3.09371	3.09371	3.09371	3.09371	3.09371	3.09371	3.09371	3.09371	3.09371	3.09268	2.78486	4.68986	4.68986	
167956	6.85827e+17	2.7876e+17	1.21986e+17	7.71815e+16	1.54363e+17	2.31545e+17	3.08726e+17	3.85908e+17	4.63089e+17	5.40271e+17	6.17452e+17	6.94614e+17	7.59344e+17	3.3521e+17	8.60035e+15	6.12494e+15	5.60834e+15	2.45422e+15	1.55281e+15	3.10561e+15	4.65842e+15	6.21123e+15	7.76404e+15	9.31684e+15	1.08696e+16	1.24225e+16	1.39751e+16	2.31081e+16	3.09709e+17	4.54044e+17	3.34244	3.09622	3.09622	3.09622	3.09622	3.09622	3.09622	3.09622	3.09622	3.09622	3.09622	3.09513	2.78735	4.68986	4.68986	
168206	6.85827e+17	2.7876e+17	1.21986e+17	7.71816e+16	1.54363e+17	2.31545e+17	3.08727e+17	3.85908e+17	4.6309e+17	5.40271e+17	6.17453e+17	6.94614e+17	7.59335e+17	3.3521e+17	8.60035e+15	6.12478e+15	5.60814e+15	2.45414e+15	1.55275e+15	3.10551e+15	4.65826e+15	6.21101e+15	7.76376e+15	9.31652e+15	1.08693e+16	1.2422e+16	1.39746e+16	2.31133e+16	3.09709e+17	4.54044e+17	3.34453	3.09868	3.09868	3.09868	3.09868	3.09868	3.09868	3.09868	3.09868	3.09868	3.09868	3.09755	2.78981	4.68986	4.68986	
168456	6.85828e+17	2.7876e+17	1.21986e+17	7.71817e+16	1.54363e+17	2.31545e+17	3.08727e+17	3.85909e+17	4.6309e+17	5.40272e+17	6.17454e+17	6.94615e+17	7.59326e+17	3.3521e+17	8.60035e+15	6.12462e+15	5.60795e+15	2.45405e+15	1.5527e+15	3.1054e+15	4.6581e+15	6.2108e+15	7.76349e+15	9.31619e+15	1.08689e+16	1.24216e+16	1.39741e+16	2.31187e+16	3.09709e+17	4.54044e+17	3.34662	3.10114	3.10114	3.10114	3.10114	3.10114	3.10114	3.10114	3.10114	3.10114	3.10114	3.09996	2.79227	4.68986	4.68986	
168709	6.85828e+17	2.78761e+17	1.21986e+17	7.71818e+16	1.54364e+17	2.31545e+17	3.08727e+17	3.85909e+17	4.63091e+17	5.40273e+17	6.17454e+17	6.94615e+17	7.59317e+17	3.3521e+17	8.60035e+15	6.12446e+15	5.60775e+15	2.45397e+15	1.55264e+15	3.10529e+15	4.65793e+15	6.21058e+15	7.76322e+15	9.31587e+15	1.08685e+16	1.24212e+16	1.39736e+16	2.31241e+16	3.09709e+17	4.54044e+17	3.34874	3.10363	3.10363	3.10363	3.10363	3.10363	3.10363	3.10363	3.10363	3.10363	3.10363	3.1024	2.79476	4.68986	4.68986	
168959	6.85828e+17	2.78761e+17	1.21987e+17	7.71819e+16	1.54364e+17	2.31546e+17	3.08728e+17	3.85909e+17	4.63091e+17	5.40273e+17	6.17455e+17	6.94616e+17	7.59308e+17	3.3521e+17	8.60035e+15	6.1243e+15	5.60756e+15	2.45388e+15	1.55259e+15	3.10518e+15	4.65777e+15	6.21036e+15	7.76295e+15	9.31554e+15	1.08681e+16	1.24207e+16	1.39731e+16	2.31296e+16	3.09709e+17	4.54044e+17	3.35082	3.10609	3.10609	3.10609	3.10609	3.10609	3.10609	3.10609	3.10609	3.10609	3.10609	3.1048	2.79721	4.68986	4.68986	
169209	6.85829e+17	2.78761e+17	1.21987e+17	7.7182e+16	1.54364e+17	2.31546e+17	3.08728e+17	3.8591e+17	4.63092e+17	5.40274e+17	6.17456e+17	6.94616e+17	7.59299e+17	3.3521e+17	8.60035e+15	6.12414e+15	5.60736e+15	2.4538e+15	1.55254e+15	3.10507e+15	4.65761e+15	6.21015e+15	7.76269e+15	9.31522e+15	1.08678e+16	1.24203e+16	1.39727e+16	2.31351e+16	3.09709e+17	4.54044e+17	3.3529	3.10854	3.10854	3.10854	3.10854	3.10854	3.10854	3.10854	3.10854	3.10854	3.10854	3.1072	2.79965	4.68986	4.68986	
169459	6.85829e+17	2.78762e+17	1.21987e+17	7.71821e+16	1.54364e+17	2.31546e+17	3.08728e+17	3.8591e+17	4.63092e+17	5.40274e+17	6.17457e+17	6.94617e+17	7.59289e+17	3.3521e+17	8.60035e+15	6.12398e+15	5.60717e+15	2.45371e+15	1.55248e+15	3.10497e+15	4.65745e+15	6.20993e+15	7.76242e+15	9.3149e+15	1.08674e+16	1.24199e+16	1.39722e+16	2.31407e+16	3.09709e+17	4.54044e+17	3.35498	3.11098	3.11098	3.11098	3.11098	3.11098	3.11098	3.11098	3.11098	3.11098	3.11098	3.10959	2.8021	4.68986	4.68986	
169709	6.85829e+17	2.78762e+17	1.21987e+17	7.71822e+16	1.54364e+17	2.31546e+17	3.08729e+17	3.85911e+17	4.63093e+17	5.40275e+17	6.17457e+17	6.94617e+17	7.5928e+17	3.3521e+17	8.60035e+15	6.12382e+15	5.60698e+15	2.45363e+15	1.55243e+15	3.10486e+15	4.65729e+15	6.20972e+15	7.76215e+15	9.31458e+15	1.0867e+16	1.24194e+16	1.39717e+16	2.31463e+16	3.09709e+17	4.54044e+17	3.35705	3.11343	3.11343	3.11343	3.11343	3.11343	3.11343	3.11343	3.11343	3.11343	3.11343	3.11198	2.80454	4.68986	4.68986	
169959	6.8583e+17	2.78762e+17	1.21987e+17	7.71822e+16	1.54364e+17	2.31547e+17	3.08729e+17	3.85911e+17	4.63093e+17	5.40276e+17	6.17458e+17	6.94617e+17	7.59271e+17	3.3521e+17	8.60035e+15	6.12366e+15	5.60679e+15	2.45354e+15	1.55238e+15	3.10475e+15	4.65713e+15	6.20951e+15	7.76189e+15	9.31426e+15	1.08666e+16	1.2419e+16	1.39712e+16	2.3152e+16	3.09709e+17	4.54044e+17	3.35912	3.11587	3.11587	3.11587	3.11587	3.11587	3.11587	3.11587	3.11587	3.11587	3.11587	3.11437	2.80697	4.68986	4.68986	
170209	6.8583e+17	2.78763e+17	1.21987e+17	7.71823e+16	1.54365e+17	2.31547e+17	3.08729e+17	3.85912e+17	4.63094e+17	5.40276e+17	6.17459e+17	6.94618e+17	7.59261e+17	3.3521e+17	8.60035e+15	6.12351e+15	5.60659e+15	2.45346e+15	1.55232e+15	3.10465e+15	4.65697e+15	6.2093e+15	7.76162e+15	9.31395e+15	1.08663e+16	1.24186e+16	1.39708e+16	2.31578e+16	3.09709e+17	4.54044e+17	3.36119	3.1183	3.1183	3.1183	3.1183	3.1183	3.1183	3.1183	3.1183	3.1183	3.1183	3.11675	2.80941	4.68986	4.68986	
170460	6.8583e+17	2.78763e+17	1.21987e+17	7.71824e+16	1.54365e+17	2.31547e+17	3.0873e+17	3.85912e+17	4.63094e+17	5.40277e+17	6.17459e+17	6.94618e+17	7.59251e+17	3.3521e+17	8.60035e+15	6.12335e+15	5.6064e+15	2.45338e+15	1.55227e+15	3.10454e+15	4.65681e+15	6.20909e+15	7.76136e+15	9.31363e+15	1.08659e+16	1.24182e+16	1.39703e+16	2.31636e+16	3.09709e+17	4.54044e+17	3.36325	3.12073	3.12073	3.12073	3.12073	3.12073	3.12073	3.12073	3.12073	3.12073	3.12073	3.11913	2.81184	4.68986	4.68986	
170710	6.8583e+17	2.78763e+17	1.21988e+17	7.71825e+16	1.54365e+17	2.31547e+17	3.0873e+17	3.85912e+17	4.63095e+17	5.40277e+17	6.1746e+17	6.94619e+17	7.59242e+17	3.3521e+17	8.60035e+15	6.12319e+15	5.60621e+15	2.45329e+15	1.55222e+15	3.10444e+15	4.65666e+15	6.20887e+15	7.76109e+15	9.31331e+15	1.08655e+16	1.24177e+16	1.39698e+16	2.31694e+16	3.09709e+17	4.54044e+17	3.36531	3.12316	3.12316	3.12316	3.12316	3.12316	3.12316	3.12316	3.12316	3.12316	3.12316	3.1215	2.81427	4.68986	4.68986	
170960	6.85831e+17	2.78764e+17	1.21988e+17	7.71826e+16	1.54365e+17	2.31548e+17	3.0873e+17	3.85913e+17	4.63095e+17	5.40278e+17	6.17461e+17	6.94619e+17	7.59232e+17	3.3521e+17	8.60035e+15	6.12304e+15	5.60602e+15	2.45321e+15	1.55217e+15	3.10433e+15	4.6565e+15	6.20866e+15	7.76083e+15	9.313e+15	1.08652e+16	1.24173e+16	1.39694e+16	2.31753e+16	3.09709e+17	4.54044e+17	3.36737	3.12559	3.12559	3.12559	3.12559	3.12559	3.12559	3.12559	3.12559	3.12559	3.12559	3.12387	2.81669	4.68986	4.68986	
171210	6.85831e+17	2.78764e+17	1.21988e+17	7.71827e+16	1.54365e+17	2.31548e+17	3.08731e+17	3.85913e+17	4.63096e+17	5.40279e+17	6.17461e+17	6.9462e+17	7.59222e+17	3.3521e+17	8.60035e+15	6.12288e+15	5.60583e+15	2.45313e+15	1.55211e+15	3.10423e+15	4.65634e+15	6.20846e+15	7.76057e+15	9.31268e+15	1.08648e+16	1.24169e+16	1.39689e+16	2.31813e+16	3.09709e+17	4.54044e+17	3.36943	3.12801	3.12801	3.12801	3.12801	3.12801	3.12801	3.12801	3.12801	3.12801	3.12801	3.12623	2.81911	4.68986	4.68986	
171460	6.85831e+17	2.78764e+17	1.21988e+17	7.71827e+16	1.54365e+17	2.31548e+17	3.08731e+17	3.85914e+17	4.63096e+17	5.40279e+17	6.17462e+17	6.9462e+17	7.59212e+17	3.3521e+17	8.60035e+15	6.12272e+15	5.60565e+15	2.45304e+15	1.55206e+15	3.10412e+15	4.65618e+15	6.20825e+15	7.76031e+15	9.31237e+15	1.08644e+16	1.24165e+16	1.39684e+16	2.31873e+16	3.09709e+17	4.54044e+17	3.37148	3.13043	3.13043	3.13043	3.13043	3.13043	3.13043	3.13043	3.13043	3.13043	3.13043	3.12859	2.82153	4.68986	4.68986	
171710	6.85832e+17	2.78764e+17	1.21988e+17	7.71828e+16	1.54366e+17	2.31549e+17	3.08731e+17	3.85914e+17	4.63097e+17	5.4028e+17	6.17463e+17	6.94621e+17	7.59202e+17	3.3521e+17	8.60035e+15	6.12257e+15	5.60546e+15	2.45296e+15	1.55201e+15	3.10402e+15	4.65603e+15	6.20804e+15	7.76005e+15	9.31206e+15	1.08641e+16	1.24161e+16	1.3968e+16	2.31934e+16	3.09709e+17	4.54044e+17	3.37353	3.13285	3.13285	3.13285	3.13285	3.13285	3.13285	3.13285	3.13285	3.13285	3.13285	3.13095	2.82394	4.68986	4.68986	
171961	6.85832e+17	2.78765e+17	1.21988e+17	7.71829e+16	1.54366e+17	2.31549e+17	3.08732e+17	3.85915e+17	4.63098e+17	5.4028e+17	6.17463e+17	6.94621e+17	7.59192e+17	3.3521e+17	8.60035e+15	6.12241e+15	5.60527e+15	2.45288e+15	1.55196e+15	3.10391e+15	4.65587e+15	6.20783e+15	7.75979e+15	9.31174e+15	1.08637e+16	1.24157e+16	1.39675e+16	2.31995e+16	3.09709e+17	4.54044e+17	3.37558	3.13526	3.13526	3.13526	3.13526	3.13526	3.13526	3.13526	3.13526	3.13526	3.13526	3.1333	2.82636	4.68986	4.68986	
172211	6.85832e+17	2.78765e+17	1.21988e+17	7.7183e+16	1.54366e+17	2.31549e+17	3.08732e+17	3.85915e+17	4.63098e+17	5.40281e+17	6.17464e+17	6.94621e+17	7.59182e+17	3.3521e+17	8.60035e+15	6.12226e+15	5.60508e+15	2.4528e+15	1.55191e+15	3.10381e+15	4.65572e+15	6.20762e+15	7.75953e+15	9.31143e+15	1.08633e+16	1.24152e+16	1.3967e+16	2.32056e+16	3.09709e+17	4.54044e+17	3.37762	3.13767	3.13767	3.13767	3.13767	3.13767	3.13767	3.13767	3.13767	3.13767	3.13767	3.13565	2.82876	4.68986	4.68986	
172461	6.85832e+17	2.78765e+17	1.21988e+17	7.71831e+16	1.54366e+17	2.31549e+17	3.08732e+17	3.85915e+17	4.63099e+17	5.40282e+17	6.17465e+17	6.94622e+17	7.59171e+17	3.3521e+17	8.60035e+15	6.12211e+15	5.6049e+15	2.45272e+15	1.55185e+15	3.10371e+15	4.65556e+15	6.20742e+15	7.75927e+15	9.31112e+15	1.0863e+16	1.24148e+16	1.39666e+16	2.32118e+16	3.09709e+17	4.54044e+17	3.37966	3.14007	3.14007	3.14007	3.14007	3.14007	3.14007	3.14007	3.14007	3.14007	3.14007	3.138	2.83117	4.68986	4.68986	
172711	6.85833e+17	2.78766e+17	1.21989e+17	7.71832e+16	1.54366e+17	2.3155e+17	3.08733e+17	3.85916e+17	4.63099e+17	5.40282e+17	6.17465e+17	6.94622e+17	7.59161e+17	3.35209e+17	8.60035e+15	6.12195e+15	5.60471e+15	2.45264e+15	1.5518e+15	3.1036e+15	4.65541e+15	6.20721e+15	7.75901e+15	9.31081e+15	1.08626e+16	1.24144e+16	1.39661e+16	2.3218e+16	3.09709e+17	4.54044e+17	3.3817	3.14247	3.14247	3.14247	3.14247	3.14247	3.14247	3.14247	3.14247	3.14247	3.14247	3.14034	2.83357	4.68986	4.68986	
172961	6.85833e+17	2.78766e+17	1.21989e+17	7.71833e+16	1.54367e+17	2.3155e+17	3.08733e+17	3.85916e+17	4.631e+17	5.40283e+17	6.17466e+17	6.94623e+17	7.59151e+17	3.35209e+17	8.60035e+15	6.1218e+15	5.60452e+15	2.45255e+15	1.55175e+15	3.1035e+15	4.65525e+15	6.207e+15	7.75875e+15	9.31051e+15	1.08623e+16	1.2414e+16	1.39657e+16	2.32243e+16	3.09709e+17	4.54044e+17	3.38373	3.14487	3.14487	3.14487	3.14487	3.14487	3.14487	3.14487	3.14487	3.14487	3.14487	3.14267	2.83597	4.68986	4.68986	
173212	6.85833e+17	2.78766e+17	1.21989e+17	7.71833e+16	1.54367e+17	2.3155e+17	3.08733e+17	3.85917e+17	4.631e+17	5.40283e+17	6.17467e+17	6.94623e+17	7.5914e+17	3.35209e+17	8.60035e+15	6.12165e+15	5.60434e+15	2.45247e+15	1.5517e+15	3.1034e+15	4.6551e+15	6.2068e+15	7.7585e+15	9.3102e+15	1.08619e+16	1.24136e+16	1.39652e+16	2.32306e+16	3.09709e+17	4.54044e+17	3.38576	3.14726	3.14726	3.14726	3.14726	3.14726	3.14726	3.14726	3.14726	3.14726	3.14726	3.145	2.83836	4.68986	4.68986	
173462	6.85833e+17	2.78767e+17	1.21989e+17	7.71834e+16	1.54367e+17	2.3155e+17	3.08734e+17	3.85917e+17	4.63101e+17	5.40284e+17	6.17467e+17	6.94624e+17	7.5913e+17	3.35209e+17	8.60035e+15	6.12149e+15	5.60415e+15	2.45239e+15	1.55165e+15	3.1033e+15	4.65495e+15	6.20659e+15	7.75824e+15	9.30989e+15	1.08615e+16	1.24132e+16	1.39648e+16	2.3237e+16	3.09709e+17	4.54044e+17	3.38779	3.14965	3.14965	3.14965	3.14965	3.14965	3.14965	3.14965	3.14965	3.14965	3.14965	3.14733	2.84075	4.68986	4.68986	
173712	6.85834e+17	2.78767e+17	1.21989e+17	7.71835e+16	1.54367e+17	2.31551e+17	3.08734e+17	3.85918e+17	4.63101e+17	5.40285e+17	6.17468e+17	6.94624e+17	7.59119e+17	3.35209e+17	8.60035e+15	6.12134e+15	5.60397e+15	2.45231e+15	1.5516e+15	3.1032e+15	4.65479e+15	6.20639e+15	7.75799e+15	9.30959e+15	1.08612e+16	1.24128e+16	1.39643e+16	2.32434e+16	3.09709e+17	4.54044e+17	3.38981	3.15204	3.15204	3.15204	3.15204	3.15204	3.15204	3.15204	3.15204	3.15204	3.15204	3.14966	2.84314	4.68986	4.68986	
173963	6.85834e+17	2.78767e+17	1.21989e+17	7.71836e+16	1.54367e+17	2.31551e+17	3.08734e+17	3.85918e+17	4.63101e+17	5.40285e+17	6.17469e+17	6.94624e+17	7.59108e+17	3.35209e+17	8.60035e+15	6.12119e+15	5.60379e+15	2.45223e+15	1.55155e+15	3.10309e+15	4.65464e+15	6.20619e+15	7.75773e+15	9.30928e+15	1.08608e+16	1.24124e+16	1.39638e+16	2.32498e+16	3.09709e+17	4.54044e+17	3.39183	3.15443	3.15443	3.15443	3.15443	3.15443	3.15443	3.15443	3.15443	3.15443	3.15443	3.15198	2.84553	4.68986	4.68986	
174213	6.85834e+17	2.78767e+17	1.21989e+17	7.71837e+16	1.54367e+17	2.31551e+17	3.08735e+17	3.85918e+17	4.63102e+17	5.40286e+17	6.17469e+17	6.94625e+17	7.59098e+17	3.35209e+17	8.60035e+15	6.12104e+15	5.6036e+15	2.45215e+15	1.5515e+15	3.10299e+15	4.65449e+15	6.20598e+15	7.75748e+15	9.30898e+15	1.08605e+16	1.2412e+16	1.39634e+16	2.32563e+16	3.09709e+17	4.54044e+17	3.39385	3.15681	3.15681	3.15681	3.15681	3.15681	3.15681	3.15681	3.15681	3.15681	3.15681	3.15429	2.84791	4.68986	4.68986	
174463	6.85835e+17	2.78768e+17	1.21989e+17	7.71837e+16	1.54367e+17	2.31551e+17	3.08735e+17	3.85919e+17	4.63102e+17	5.40286e+17	6.1747e+17	6.94625e+17	7.59087e+17	3.35209e+17	8.60035e+15	6.12089e+15	5.60342e+15	2.45207e+15	1.55145e+15	3.10289e+15	4.65434e+15	6.20578e+15	7.75723e+15	9.30867e+15	1.08601e+16	1.24116e+16	1.39629e+16	2.32628e+16	3.09709e+17	4.54044e+17	3.39586	3.15918	3.15918	3.15918	3.15918	3.15918	3.15918	3.15918	3.15918	3.15918	3.15918	3.15661	2.85029	4.68986	4.68986	
174713	6.85835e+17	2.78768e+17	1.2199e+17	7.71838e+16	1.54368e+17	2.31551e+17	3.08735e+17	3.85919e+17	4.63103e+17	5.40287e+17	6.17471e+17	6.94626e+17	7.59076e+17	3.35209e+17	8.60035e+15	6.12074e+15	5.60324e+15	2.45199e+15	1.5514e+15	3.10279e+15	4.65419e+15	6.20558e+15	7.75698e+15	9.30837e+15	1.08598e+16	1.24112e+16	1.39625e+16	2.32693e+16	3.09708e+17	4.54044e+17	3.39788	3.16156	3.16156	3.16156	3.16156	3.16156	3.16156	3.16156	3.16156	3.16156	3.16156	3.15891	2.85266	4.68986	4.68986	
174964	6.85835e+17	2.78768e+17	1.2199e+17	7.71839e+16	1.54368e+17	2.31552e+17	3.08736e+17	3.8592e+17	4.63103e+17	5.40287e+17	6.17471e+17	6.94626e+17	7.59065e+17	3.35209e+17	8.60035e+15	6.12059e+15	5.60306e+15	2.45191e+15	1.55134e+15	3.10269e+15	4.65403e+15	6.20538e+15	7.75672e+15	9.30807e+15	1.08594e+16	1.24108e+16	1.39621e+16	2.32759e+16	3.09708e+17	4.54044e+17	3.39988	3.16393	3.16393	3.16393	3.16393	3.16393	3.16393	3.16393	3.16393	3.16393	3.16393	3.16122	2.85503	4.68986	4.68986	
175214	6.85835e+17	2.78769e+17	1.2199e+17	7.7184e+16	1.54368e+17	2.31552e+17	3.08736e+17	3.8592e+17	4.63104e+17	5.40288e+17	6.17472e+17	6.94627e+17	7.59055e+17	3.35209e+17	8.60035e+15	6.12044e+15	5.60288e+15	2.45183e+15	1.55129e+15	3.10259e+15	4.65388e+15	6.20518e+15	7.75647e+15	9.30777e+15	1.08591e+16	1.24104e+16	1.39616e+16	2.32825e+16	3.09708e+17	4.54044e+17	3.40189	3.16629	3.16629	3.16629	3.16629	3.16629	3.16629	3.16629	3.16629	3.16629	3.16629	3.16352	2.8574	4.68986	4.68986	
175464	6.85836e+17	2.78769e+17	1.2199e+17	7.71841e+16	1.54368e+17	2.31552e+17	3.08736e+17	3.8592e+17	4.63104e+17	5.40289e+17	6.17473e+17	6.94627e+17	7.59044e+17	3.35209e+17	8.60035e+15	6.12029e+15	5.60269e+15	2.45175e+15	1.55124e+15	3.10249e+15	4.65373e+15	6.20498e+15	7.75622e+15	9.30747e+15	1.08587e+16	1.241e+16	1.39612e+16	2.32891e+16	3.09708e+17	4.54044e+17	3.40389	3.16866	3.16866	3.16866	3.16866	3.16866	3.16866	3.16866	3.16866	3.16866	3.16866	3.16581	2.85977	4.68986	4.68986	
175715	6.85836e+17	2.78769e+17	1.2199e+17	7.71842e+16	1.54368e+17	2.31552e+17	3.08737e+17	3.85921e+17	4.63105e+17	5.40289e+17	6.17473e+17	6.94627e+17	7.59033e+17	3.35209e+17	8.60035e+15	6.12014e+15	5.60251e+15	2.45167e+15	1.55119e+15	3.10239e+15	4.65358e+15	6.20478e+15	7.75597e+15	9.30717e+15	1.08584e+16	1.24096e+16	1.39607e+16	2.32958e+16	3.09708e+17	4.54044e+17	3.40589	3.17102	3.17102	3.17102	3.17102	3.17102	3.17102	3.17102	3.17102	3.17102	3.17102	3.16811	2.86213	4.68986	4.68986	
175965	6.85836e+17	2.7877e+17	1.2199e+17	7.71842e+16	1.54368e+17	2.31553e+17	3.08737e+17	3.85921e+17	4.63105e+17	5.4029e+17	6.17474e+17	6.94628e+17	7.59022e+17	3.35209e+17	8.60035e+15	6.11999e+15	5.60233e+15	2.4516e+15	1.55114e+15	3.10229e+15	4.65343e+15	6.20458e+15	7.75572e+15	9.30687e+15	1.0858e+16	1.24092e+16	1.39603e+16	2.33025e+16	3.09708e+17	4.54044e+17	3.40788	3.17337	3.17337	3.17337	3.17337	3.17337	3.17337	3.17337	3.17337	3.17337	3.17337	3.1704	2.86449	4.68986	4.68986	
176216	6.85837e+17	2.7877e+17	1.2199e+17	7.71843e+16	1.54369e+17	2.31553e+17	3.08737e+17	3.85922e+17	4.63106e+17	5.4029e+17	6.17475e+17	6.94628e+17	7.5901e+17	3.35209e+17	8.60035e+15	6.11984e+15	5.60216e+15	2.45152e+15	1.5511e+15	3.10219e+15	4.65329e+15	6.20438e+15	7.75548e+15	9.30657e+15	1.08577e+16	1.24088e+16	1.39598e+16	2.33092e+16	3.09708e+17	4.54044e+17	3.40987	3.17573	3.17573	3.17573	3.17573	3.17573	3.17573	3.17573	3.17573	3.17573	3.17573	3.17268	2.86684	4.68986	4.68986	
176466	6.85837e+17	2.7877e+17	1.21991e+17	7.71844e+16	1.54369e+17	2.31553e+17	3.08738e+17	3.85922e+17	4.63106e+17	5.40291e+17	6.17475e+17	6.94629e+17	7.58999e+17	3.35209e+17	8.60035e+15	6.1197e+15	5.60198e+15	2.45144e+15	1.55105e+15	3.10209e+15	4.65314e+15	6.20418e+15	7.75523e+15	9.30628e+15	1.08573e+16	1.24084e+16	1.39594e+16	2.33159e+16	3.09708e+17	4.54044e+17	3.41186	3.17808	3.17808	3.17808	3.17808	3.17808	3.17808	3.17808	3.17808	3.17808	3.17808	3.17496	2.86919	4.68986	4.68986	
176716	6.85837e+17	2.7877e+17	1.21991e+17	7.71845e+16	1.54369e+17	2.31553e+17	3.08738e+17	3.85922e+17	4.63107e+17	5.40291e+17	6.17476e+17	6.94629e+17	7.58988e+17	3.35209e+17	8.60035e+15	6.11955e+15	5.6018e+15	2.45136e+15	1.551e+15	3.10199e+15	4.65299e+15	6.20399e+15	7.75498e+15	9.30598e+15	1.0857e+16	1.2408e+16	1.3959e+16	2.33227e+16	3.09708e+17	4.54044e+17	3.41384	3.18042	3.18042	3.18042	3.18042	3.18042	3.18042	3.18042	3.18042	3.18042	3.18042	3.17724	2.87154	4.68986	4.68986	
176967	6.85837e+17	2.78771e+17	1.21991e+17	7.71846e+16	1.54369e+17	2.31554e+17	3.08738e+17	3.85923e+17	4.63107e+17	5.40292e+17	6.17476e+17	6.94629e+17	7.58977e+17	3.35209e+17	8.60035e+15	6.1194e+15	5.60162e+15	2.45128e+15	1.55095e+15	3.10189e+15	4.65284e+15	6.20379e+15	7.75474e+15	9.30568e+15	1.08566e+16	1.24076e+16	1.39585e+16	2.33295e+16	3.09708e+17	4.54044e+17	3.41582	3.18277	3.18277	3.18277	3.18277	3.18277	3.18277	3.18277	3.18277	3.18277	3.18277	3.17951	2.87389	4.68986	4.68986	
177217	6.85838e+17	2.78771e+17	1.21991e+17	7.71846e+16	1.54369e+17	2.31554e+17	3.08739e+17	3.85923e+17	4.63108e+17	5.40292e+17	6.17477e+17	6.9463e+17	7.58966e+17	3.35209e+17	8.60035e+15	6.11926e+15	5.60144e+15	2.45121e+15	1.5509e+15	3.1018e+15	4.65269e+15	6.20359e+15	7.75449e+15	9.30539e+15	1.08563e+16	1.24072e+16	1.39581e+16	2.33364e+16	3.09708e+17	4.54044e+17	3.4178	3.18511	3.18511	3.18511	3.18511	3.18511	3.18511	3.18511	3.18511	3.18511	3.18511	3.18178	2.87623	4.68986	4.68986	
177468	6.85838e+17	2.78771e+17	1.21991e+17	7.71847e+16	1.54369e+17	2.31554e+17	3.08739e+17	3.85924e+17	4.63108e+17	5.40293e+17	6.17478e+17	6.9463e+17	7.58954e+17	3.35209e+17	8.60035e+15	6.11911e+15	5.60127e+15	2.45113e+15	1.55085e+15	3.1017e+15	4.65255e+15	6.2034e+15	7.75425e+15	9.3051e+15	1.08559e+16	1.24068e+16	1.39577e+16	2.33432e+16	3.09708e+17	4.54044e+17	3.41977	3.18744	3.18744	3.18744	3.18744	3.18744	3.18744	3.18744	3.18744	3.18744	3.18744	3.18405	2.87857	4.68986	4.68986	
177718	6.85838e+17	2.78772e+17	1.21991e+17	7.71848e+16	1.5437e+17	2.31554e+17	3.08739e+17	3.85924e+17	4.63109e+17	5.40294e+17	6.17478e+17	6.94631e+17	7.58943e+17	3.35209e+17	8.60035e+15	6.11896e+15	5.60109e+15	2.45105e+15	1.5508e+15	3.1016e+15	4.6524e+15	6.2032e+15	7.754e+15	9.3048e+15	1.08556e+16	1.24064e+16	1.39572e+16	2.33501e+16	3.09708e+17	4.54044e+17	3.42174	3.18977	3.18977	3.18977	3.18977	3.18977	3.18977	3.18977	3.18977	3.18977	3.18977	3.18631	2.8809	4.68986	4.68986	
177969	6.85838e+17	2.78772e+17	1.21991e+17	7.71849e+16	1.5437e+17	2.31555e+17	3.08739e+17	3.85924e+17	4.63109e+17	5.40294e+17	6.17479e+17	6.94631e+17	7.58932e+17	3.35209e+17	8.60035e+15	6.11882e+15	5.60091e+15	2.45097e+15	1.55075e+15	3.1015e+15	4.65226e+15	6.20301e+15	7.75376e+15	9.30451e+15	1.08553e+16	1.2406e+16	1.39568e+16	2.3357e+16	3.09708e+17	4.54044e+17	3.42371	3.1921	3.1921	3.1921	3.1921	3.1921	3.1921	3.1921	3.1921	3.1921	3.1921	3.18856	2.88323	4.68986	4.68986	
178219	6.85839e+17	2.78772e+17	1.21991e+17	7.71849e+16	1.5437e+17	2.31555e+17	3.0874e+17	3.85925e+17	4.6311e+17	5.40295e+17	6.1748e+17	6.94632e+17	7.5892e+17	3.35209e+17	8.60035e+15	6.11867e+15	5.60074e+15	2.4509e+15	1.5507e+15	3.10141e+15	4.65211e+15	6.20281e+15	7.75352e+15	9.30422e+15	1.08549e+16	1.24056e+16	1.39564e+16	2.3364e+16	3.09708e+17	4.54044e+17	3.42567	3.19443	3.19443	3.19443	3.19443	3.19443	3.19443	3.19443	3.19443	3.19443	3.19443	3.19082	2.88556	4.68986	4.68986	
178470	6.85839e+17	2.78772e+17	1.21992e+17	7.7185e+16	1.5437e+17	2.31555e+17	3.0874e+17	3.85925e+17	4.6311e+17	5.40295e+17	6.1748e+17	6.94632e+17	7.58909e+17	3.35209e+17	8.60035e+15	6.11853e+15	5.60056e+15	2.45082e+15	1.55065e+15	3.10131e+15	4.65196e+15	6.20262e+15	7.75327e+15	9.30393e+15	1.08546e+16	1.24052e+16	1.39559e+16	2.33709e+16	3.09708e+17	4.54044e+17	3.42762	3.19675	3.19675	3.19675	3.19675	3.19675	3.19675	3.19675	3.19675	3.19675	3.19675	3.19307	2.88789	4.68986	4.68986	
178720	6.85839e+17	2.78773e+17	1.21992e+17	7.71851e+16	1.5437e+17	2.31555e+17	3.0874e+17	3.85926e+17	4.63111e+17	5.40296e+17	6.17481e+17	6.94632e+17	7.58897e+17	3.35209e+17	8.60035e+15	6.11839e+15	5.60039e+15	2.45075e+15	1.55061e+15	3.10121e+15	4.65182e+15	6.20243e+15	7.75303e+15	9.30364e+15	1.08542e+16	1.24049e+16	1.39555e+16	2.33779e+16	3.09708e+17	4.54044e+17	3.42958	3.19907	3.19907	3.19907	3.19907	3.19907	3.19907	3.19907	3.19907	3.19907	3.19907	3.19531	2.89021	4.68986	4.68986	
178971	6.85839e+17	2.78773e+17	1.21992e+17	7.71852e+16	1.5437e+17	2.31556e+17	3.08741e+17	3.85926e+17	4.63111e+17	5.40296e+17	6.17481e+17	6.94633e+17	7.58886e+17	3.35209e+17	8.60035e+15	6.11824e+15	5.60022e+15	2.45067e+15	1.55056e+15	3.10112e+15	4.65168e+15	6.20223e+15	7.75279e+15	9.30335e+15	1.08539e+16	1.24045e+16	1.39551e+16	2.33849e+16	3.09708e+17	4.54044e+17	3.43152	3.20139	3.20139	3.20139	3.20139	3.20139	3.20139	3.20139	3.20139	3.20139	3.20139	3.19756	2.89253	4.68986	4.68986	
179221	6.8584e+17	2.78773e+17	1.21992e+17	7.71853e+16	1.54371e+17	2.31556e+17	3.08741e+17	3.85926e+17	4.63112e+17	5.40297e+17	6.17482e+17	6.94633e+17	7.58874e+17	3.35209e+17	8.60035e+15	6.1181e+15	5.60004e+15	2.45059e+15	1.55051e+15	3.10102e+15	4.65153e+15	6.20204e+15	7.75255e+15	9.30306e+15	1.08536e+16	1.24041e+16	1.39547e+16	2.3392e+16	3.09708e+17	4.54044e+17	3.43347	3.2037	3.2037	3.2037	3.2037	3.2037	3.2037	3.2037	3.2037	3.2037	3.2037	3.19979	2.89484	4.68986	4.68986	
179472	6.8584e+17	2.78773e+17	1.21992e+17	7.71853e+16	1.54371e+17	2.31556e+17	3.08741e+17	3.85927e+17	4.63112e+17	5.40297e+17	6.17483e+17	6.94634e+17	7.58863e+17	3.35209e+17	8.60035e+15	6.11796e+15	5.59987e+15	2.45052e+15	1.55046e+15	3.10092e+15	4.65139e+15	6.20185e+15	7.75231e+15	9.30277e+15	1.08532e+16	1.24037e+16	1.39542e+16	2.3399e+16	3.09708e+17	4.54044e+17	3.43541	3.20601	3.20601	3.20601	3.20601	3.20601	3.20601	3.20601	3.20601	3.20601	3.20601	3.20203	2.89715	4.68986	4.68986	
179722	6.8584e+17	2.78774e+17	1.21992e+17	7.71854e+16	1.54371e+17	2.31556e+17	3.08742e+17	3.85927e+17	4.63112e+17	5.40298e+17	6.17483e+17	6.94634e+17	7.58851e+17	3.35209e+17	8.60035e+15	6.11781e+15	5.5997e+15	2.45044e+15	1.55041e+15	3.10083e+15	4.65124e+15	6.20166e+15	7.75207e+15	9.30249e+15	1.08529e+16	1.24033e+16	1.39538e+16	2.34061e+16	3.09708e+17	4.54044e+17	3.43734	3.20831	3.20831	3.20831	3.20831	3.20831	3.20831	3.20831	3.20831	3.20831	3.20831	3.20426	2.89946	4.68986	4.68986	
179973	6.8584e+17	2.78774e+17	1.21992e+17	7.71855e+16	1.54371e+17	2.31556e+17	3.08742e+17	3.85927e+17	4.63113e+17	5.40298e+17	6.17484e+17	6.94634e+17	7.58839e+17	3.35209e+17	8.60035e+15	6.11767e+15	5.59953e+15	2.45037e+15	1.55037e+15	3.10073e+15	4.6511e+15	6.20147e+15	7.75184e+15	9.3022e+15	1.08526e+16	1.24029e+16	1.39534e+16	2.34132e+16	3.09708e+17	4.54044e+17	3.43927	3.21062	3.21062	3.21062	3.21062	3.21062	3.21062	3.21062	3.21062	3.21062	3.21062	3.20649	2.90177	4.68986	4.68986	
180223	6.85841e+17	2.78774e+17	1.21992e+17	7.71856e+16	1.54371e+17	2.31557e+17	3.08742e+17	3.85928e+17	4.63113e+17	5.40299e+17	6.17485e+17	6.94635e+17	7.58828e+17	3.35209e+17	8.60035e+15	6.11753e+15	5.59935e+15	2.45029e+15	1.55032e+15	3.10064e+15	4.65096e+15	6.20128e+15	7.7516e+15	9.30192e+15	1.08522e+16	1.24026e+16	1.3953e+16	2.34203e+16	3.09708e+17	4.54044e+17	3.4412	3.21292	3.21292	3.21292	3.21292	3.21292	3.21292	3.21292	3.21292	3.21292	3.21292	3.20871	2.90407	4.68986	4.68986	
180474	6.85841e+17	2.78775e+17	1.21992e+17	7.71856e+16	1.54371e+17	2.31557e+17	3.08743e+17	3.85928e+17	4.63114e+17	5.403e+17	6.17485e+17	6.94635e+17	7.58816e+17	3.35209e+17	8.60035e+15	6.11739e+15	5.59918e+15	2.45022e+15	1.55027e+15	3.10054e+15	4.65082e+15	6.20109e+15	7.75136e+15	9.30163e+15	1.08519e+16	1.24022e+16	1.39526e+16	2.34275e+16	3.09708e+17	4.54044e+17	3.44312	3.21521	3.21521	3.21521	3.21521	3.21521	3.21521	3.21521	3.21521	3.21521	3.21521	3.21093	2.90637	4.68986	4.68986	
180724	6.85841e+17	2.78775e+17	1.21993e+17	7.71857e+16	1.54371e+17	2.31557e+17	3.08743e+17	3.85929e+17	4.63114e+17	5.403e+17	6.17486e+17	6.94636e+17	7.58804e+17	3.35209e+17	8.60035e+15	6.11725e+15	5.59901e+15	2.45014e+15	1.55022e+15	3.10045e+15	4.65067e+15	6.2009e+15	7.75112e+15	9.30135e+15	1.08516e+16	1.24018e+16	1.39521e+16	2.34346e+16	3.09708e+17	4.54044e+17	3.44504	3.2175	3.2175	3.2175	3.2175	3.2175	3.2175	3.2175	3.2175	3.2175	3.2175	3.21314	2.90866	4.68986	4.68986	
180975	6.85841e+17	2.78775e+17	1.21993e+17	7.71858e+16	1.54372e+17	2.31557e+17	3.08743e+17	3.85929e+17	4.63115e+17	5.40301e+17	6.17486e+17	6.94636e+17	7.58793e+17	3.35209e+17	8.60035e+15	6.11711e+15	5.59884e+15	2.45007e+15	1.55018e+15	3.10036e+15	4.65053e+15	6.20071e+15	7.75089e+15	9.30107e+15	1.08512e+16	1.24014e+16	1.39517e+16	2.34418e+16	3.09708e+17	4.54044e+17	3.44696	3.21979	3.21979	3.21979	3.21979	3.21979	3.21979	3.21979	3.21979	3.21979	3.21979	3.21536	2.91095	4.68986	4.68986	
181226	6.85842e+17	2.78775e+17	1.21993e+17	7.71859e+16	1.54372e+17	2.31558e+17	3.08743e+17	3.85929e+17	4.63115e+17	5.40301e+17	6.17487e+17	6.94636e+17	7.58781e+17	3.35209e+17	8.60035e+15	6.11697e+15	5.59867e+15	2.44999e+15	1.55013e+15	3.10026e+15	4.65039e+15	6.20052e+15	7.75065e+15	9.30079e+15	1.08509e+16	1.2401e+16	1.39513e+16	2.3449e+16	3.09708e+17	4.54044e+17	3.44886	3.22208	3.22208	3.22208	3.22208	3.22208	3.22208	3.22208	3.22208	3.22208	3.22208	3.21756	2.91324	4.68986	4.68986	
181476	6.85842e+17	2.78776e+17	1.21993e+17	7.7186e+16	1.54372e+17	2.31558e+17	3.08744e+17	3.8593e+17	4.63116e+17	5.40302e+17	6.17488e+17	6.94637e+17	7.58769e+17	3.35209e+17	8.60035e+15	6.11683e+15	5.5985e+15	2.44992e+15	1.55008e+15	3.10017e+15	4.65025e+15	6.20034e+15	7.75042e+15	9.3005e+15	1.08506e+16	1.24007e+16	1.39509e+16	2.34562e+16	3.09708e+17	4.54044e+17	3.45077	3.22436	3.22436	3.22436	3.22436	3.22436	3.22436	3.22436	3.22436	3.22436	3.22436	3.21977	2.91553	4.68986	4.68986	
181727	6.85842e+17	2.78776e+17	1.21993e+17	7.7186e+16	1.54372e+17	2.31558e+17	3.08744e+17	3.8593e+17	4.63116e+17	5.40302e+17	6.17488e+17	6.94637e+17	7.58757e+17	3.35209e+17	8.60035e+15	6.11669e+15	5.59833e+15	2.44985e+15	1.55004e+15	3.10007e+15	4.65011e+15	6.20015e+15	7.75019e+15	9.30022e+15	1.08503e+16	1.24003e+16	1.39505e+16	2.34634e+16	3.09708e+17	4.54044e+17	3.45267	3.22664	3.22664	3.22664	3.22664	3.22664	3.22664	3.22664	3.22664	3.22664	3.22664	3.22197	2.91781	4.68986	4.68986	
181978	6.85842e+17	2.78776e+17	1.21993e+17	7.71861e+16	1.54372e+17	2.31558e+17	3.08744e+17	3.85931e+17	4.63117e+17	5.40303e+17	6.17489e+17	6.94637e+17	7.58745e+17	3.35209e+17	8.60035e+15	6.11655e+15	5.59817e+15	2.44977e+15	1.54999e+15	3.09998e+15	4.64997e+15	6.19996e+15	7.74995e+15	9.29994e+15	1.08499e+16	1.23999e+16	1.39501e+16	2.34707e+16	3.09708e+17	4.54044e+17	3.45456	3.22892	3.22892	3.22892	3.22892	3.22892	3.22892	3.22892	3.22892	3.22892	3.22892	3.22417	2.92009	4.68986	4.68986	
182228	6.85843e+17	2.78777e+17	1.21993e+17	7.71862e+16	1.54372e+17	2.31559e+17	3.08745e+17	3.85931e+17	4.63117e+17	5.40303e+17	6.17489e+17	6.94638e+17	7.58733e+17	3.35209e+17	8.60035e+15	6.11641e+15	5.598e+15	2.4497e+15	1.54994e+15	3.09989e+15	4.64983e+15	6.19978e+15	7.74972e+15	9.29967e+15	1.08496e+16	1.23996e+16	1.39497e+16	2.3478e+16	3.09708e+17	4.54044e+17	3.45645	3.23119	3.23119	3.23119	3.23119	3.23119	3.23119	3.23119	3.23119	3.23119	3.23119	3.22636	2.92236	4.68986	4.68986	
182479	6.85843e+17	2.78777e+17	1.21993e+17	7.71863e+16	1.54373e+17	2.31559e+17	3.08745e+17	3.85931e+17	4.63118e+17	5.40304e+17	6.1749e+17	6.94638e+17	7.58721e+17	3.35209e+17	8.60035e+15	6.11627e+15	5.59783e+15	2.44963e+15	1.5499e+15	3.0998e+15	4.64969e+15	6.19959e+15	7.74949e+15	9.29939e+15	1.08493e+16	1.23992e+16	1.39493e+16	2.34853e+16	3.09708e+17	4.54044e+17	3.45834	3.23346	3.23346	3.23346	3.23346	3.23346	3.23346	3.23346	3.23346	3.23346	3.23346	3.22855	2.92463	4.68986	4.68986	
182730	6.85843e+17	2.78777e+17	1.21994e+17	7.71863e+16	1.54373e+17	2.31559e+17	3.08745e+17	3.85932e+17	4.63118e+17	5.40304e+17	6.17491e+17	6.94639e+17	7.58709e+17	3.35209e+17	8.60035e+15	6.11614e+15	5.59766e+15	2.44955e+15	1.54985e+15	3.0997e+15	4.64955e+15	6.19941e+15	7.74926e+15	9.29911e+15	1.0849e+16	1.23988e+16	1.39489e+16	2.34926e+16	3.09708e+17	4.54044e+17	3.46022	3.23572	3.23572	3.23572	3.23572	3.23572	3.23572	3.23572	3.23572	3.23572	3.23572	3.23074	2.9269	4.68986	4.68986	
182980	6.85843e+17	2.78777e+17	1.21994e+17	7.71864e+16	1.54373e+17	2.31559e+17	3.08746e+17	3.85932e+17	4.63118e+17	5.40305e+17	6.17491e+17	6.94639e+17	7.58697e+17	3.35209e+17	8.60035e+15	6.116e+15	5.5975e+15	2.44948e+15	1.54981e+15	3.09961e+15	4.64942e+15	6.19922e+15	7.74903e+15	9.29883e+15	1.08486e+16	1.23984e+16	1.39485e+16	2.34999e+16	3.09708e+17	4.54044e+17	3.4621	3.23798	3.23798	3.23798	3.23798	3.23798	3.23798	3.23798	3.23798	3.23798	3.23798	3.23292	2.92916	4.68986	4.68986	
183231	6.85844e+17	2.78778e+17	1.21994e+17	7.71865e+16	1.54373e+17	2.31559e+17	3.08746e+17	3.85932e+17	4.63119e+17	5.40305e+17	6.17492e+17	6.94639e+17	7.58685e+17	3.35209e+17	8.60035e+15	6.11586e+15	5.59733e+15	2.44941e+15	1.54976e+15	3.09952e+15	4.64928e+15	6.19904e+15	7.7488e+15	9.29856e+15	1.08483e+16	1.23981e+16	1.39481e+16	2.35072e+16	3.09708e+17	4.54044e+17	3.46397	3.24024	3.24024	3.24024	3.24024	3.24024	3.24024	3.24024	3.24024	3.24024	3.24024	3.2351	2.93143	4.68986	4.68986	
183482	6.85844e+17	2.78778e+17	1.21994e+17	7.71865e+16	1.54373e+17	2.3156e+17	3.08746e+17	3.85933e+17	4.63119e+17	5.40306e+17	6.17492e+17	6.9464e+17	7.58673e+17	3.35209e+17	8.60035e+15	6.11573e+15	5.59717e+15	2.44933e+15	1.54971e+15	3.09943e+15	4.64914e+15	6.19885e+15	7.74857e+15	9.29828e+15	1.0848e+16	1.23977e+16	1.39477e+16	2.35146e+16	3.09708e+17	4.54044e+17	3.46583	3.2425	3.2425	3.2425	3.2425	3.2425	3.2425	3.2425	3.2425	3.2425	3.2425	3.23727	2.93368	4.68986	4.68986	
183732	6.85844e+17	2.78778e+17	1.21994e+17	7.71866e+16	1.54373e+17	2.3156e+17	3.08746e+17	3.85933e+17	4.6312e+17	5.40306e+17	6.17493e+17	6.9464e+17	7.58661e+17	3.35209e+17	8.60035e+15	6.11559e+15	5.597e+15	2.44926e+15	1.54967e+15	3.09934e+15	4.649e+15	6.19867e+15	7.74834e+15	9.29801e+15	1.08477e+16	1.23973e+16	1.39473e+16	2.35219e+16	3.09708e+17	4.54044e+17	3.4677	3.24475	3.24475	3.24475	3.24475	3.24475	3.24475	3.24475	3.24475	3.24475	3.24475	3.23944	2.93594	4.68986	4.68986	
183983	6.85844e+17	2.78778e+17	1.21994e+17	7.71867e+16	1.54373e+17	2.3156e+17	3.08747e+17	3.85933e+17	4.6312e+17	5.40307e+17	6.17494e+17	6.9464e+17	7.58649e+17	3.35209e+17	8.60035e+15	6.11546e+15	5.59684e+15	2.44919e+15	1.54962e+15	3.09924e+15	4.64887e+15	6.19849e+15	7.74811e+15	9.29773e+15	1.08474e+16	1.2397e+16	1.39469e+16	2.35293e+16	3.09708e+17	4.54044e+17	3.46955	3.247	3.247	3.247	3.247	3.247	3.247	3.247	3.247	3.247	3.247	3.24161	2.93819	4.68986	4.68986	
184234	6.85845e+17	2.78779e+17	1.21994e+17	7.71868e+16	1.54374e+17	2.3156e+17	3.08747e+17	3.85934e+17	4.63121e+17	5.40307e+17	6.17494e+17	6.94641e+17	7.58637e+17	3.35209e+17	8.60035e+15	6.11532e+15	5.59667e+15	2.44912e+15	1.54958e+15	3.09915e+15	4.64873e+15	6.19831e+15	7.74788e+15	9.29746e+15	1.0847e+16	1.23966e+16	1.39465e+16	2.35367e+16	3.09708e+17	4.54044e+17	3.47141	3.24925	3.24925	3.24925	3.24925	3.24925	3.24925	3.24925	3.24925	3.24925	3.24925	3.24377	2.94044	4.68986	4.68986	
184485	6.85845e+17	2.78779e+17	1.21994e+17	7.71868e+16	1.54374e+17	2.31561e+17	3.08747e+17	3.85934e+17	4.63121e+17	5.40308e+17	6.17495e+17	6.94641e+17	7.58625e+17	3.35209e+17	8.60035e+15	6.11519e+15	5.59651e+15	2.44905e+15	1.54953e+15	3.09906e+15	4.64859e+15	6.19813e+15	7.74766e+15	9.29719e+15	1.08467e+16	1.23963e+16	1.39461e+16	2.35441e+16	3.09708e+17	4.54044e+17	3.47326	3.25149	3.25149	3.25149	3.25149	3.25149	3.25149	3.25149	3.25149	3.25149	3.25149	3.24593	2.94268	4.68986	4.68986	
184736	6.85845e+17	2.78779e+17	1.21994e+17	7.71869e+16	1.54374e+17	2.31561e+17	3.08748e+17	3.85935e+17	4.63122e+17	5.40308e+17	6.17495e+17	6.94641e+17	7.58613e+17	3.35209e+17	8.60035e+15	6.11506e+15	5.59634e+15	2.44897e+15	1.54949e+15	3.09897e+15	4.64846e+15	6.19794e+15	7.74743e+15	9.29692e+15	1.08464e+16	1.23959e+16	1.39458e+16	2.35516e+16	3.09708e+17	4.54044e+17	3.4751	3.25373	3.25373	3.25373	3.25373	3.25373	3.25373	3.25373	3.25373	3.25373	3.25373	3.24809	2.94493	4.68986	4.68986	
184986	6.85845e+17	2.78779e+17	1.21995e+17	7.7187e+16	1.54374e+17	2.31561e+17	3.08748e+17	3.85935e+17	4.63122e+17	5.40309e+17	6.17496e+17	6.94642e+17	7.586e+17	3.35209e+17	8.60035e+15	6.11492e+15	5.59618e+15	2.4489e+15	1.54944e+15	3.09888e+15	4.64832e+15	6.19776e+15	7.74721e+15	9.29665e+15	1.08461e+16	1.23955e+16	1.39454e+16	2.3559e+16	3.09708e+17	4.54044e+17	3.47694	3.25597	3.25597	3.25597	3.25597	3.25597	3.25597	3.25597	3.25597	3.25597	3.25597	3.25024	2.94716	4.68986	4.68986	
185237	6.85846e+17	2.7878e+17	1.21995e+17	7.71871e+16	1.54374e+17	2.31561e+17	3.08748e+17	3.85935e+17	4.63122e+17	5.40309e+17	6.17497e+17	6.94642e+17	7.58588e+17	3.35209e+17	8.60035e+15	6.11479e+15	5.59602e+15	2.44883e+15	1.5494e+15	3.09879e+15	4.64819e+15	6.19758e+15	7.74698e+15	9.29638e+15	1.08458e+16	1.23952e+16	1.3945e+16	2.35665e+16	3.09708e+17	4.54044e+17	3.47877	3.2582	3.2582	3.2582	3.2582	3.2582	3.2582	3.2582	3.2582	3.2582	3.2582	3.25239	2.9494	4.68986	4.68986	
185488	6.85846e+17	2.7878e+17	1.21995e+17	7.71871e+16	1.54374e+17	2.31561e+17	3.08749e+17	3.85936e+17	4.63123e+17	5.4031e+17	6.17497e+17	6.94642e+17	7.58576e+17	3.35209e+17	8.60035e+15	6.11466e+15	5.59586e+15	2.44876e+15	1.54935e+15	3.0987e+15	4.64805e+15	6.1974e+15	7.74676e+15	9.29611e+15	1.08455e+16	1.23948e+16	1.39446e+16	2.3574e+16	3.09708e+17	4.54044e+17	3.4806	3.26043	3.26043	3.26043	3.26043	3.26043	3.26043	3.26043	3.26043	3.26043	3.26043	3.25454	2.95163	4.68986	4.68986	
185739	6.85846e+17	2.7878e+17	1.21995e+17	7.71872e+16	1.54374e+17	2.31562e+17	3.08749e+17	3.85936e+17	4.63123e+17	5.4031e+17	6.17498e+17	6.94643e+17	7.58564e+17	3.35209e+17	8.60035e+15	6.11453e+15	5.59569e+15	2.44869e+15	1.54931e+15	3.09861e+15	4.64792e+15	6.19723e+15	7.74653e+15	9.29584e+15	1.08451e+16	1.23945e+16	1.39443e+16	2.35814e+16	3.09708e+17	4.54044e+17	3.48243	3.26265	3.26265	3.26265	3.26265	3.26265	3.26265	3.26265	3.26265	3.26265	3.26265	3.25668	2.95386	4.68986	4.68986	
185989	6.85846e+17	2.78781e+17	1.21995e+17	7.71873e+16	1.54375e+17	2.31562e+17	3.08749e+17	3.85936e+17	4.63124e+17	5.40311e+17	6.17498e+17	6.94643e+17	7.58551e+17	3.35209e+17	8.60035e+15	6.11439e+15	5.59553e+15	2.44862e+15	1.54926e+15	3.09852e+15	4.64779e+15	6.19705e+15	7.74631e+15	9.29557e+15	1.08448e+16	1.23941e+16	1.39439e+16	2.35889e+16	3.09708e+17	4.54044e+17	3.48425	3.26488	3.26488	3.26488	3.26488	3.26488	3.26488	3.26488	3.26488	3.26488	3.26488	3.25882	2.95609	4.68986	4.68986	
186240	6.85847e+17	2.78781e+17	1.21995e+17	7.71874e+16	1.54375e+17	2.31562e+17	3.08749e+17	3.85937e+17	4.63124e+17	5.40311e+17	6.17499e+17	6.94643e+17	7.58539e+17	3.35209e+17	8.60035e+15	6.11426e+15	5.59537e+15	2.44855e+15	1.54922e+15	3.09843e+15	4.64765e+15	6.19687e+15	7.74609e+15	9.2953e+15	1.08445e+16	1.23937e+16	1.39436e+16	2.35965e+16	3.09708e+17	4.54044e+17	3.48607	3.2671	3.2671	3.2671	3.2671	3.2671	3.2671	3.2671	3.2671	3.2671	3.2671	3.26095	2.95831	4.68986	4.68986	
186491	6.85847e+17	2.78781e+17	1.21995e+17	7.71874e+16	1.54375e+17	2.31562e+17	3.0875e+17	3.85937e+17	4.63125e+17	5.40312e+17	6.17499e+17	6.94644e+17	7.58527e+17	3.35209e+17	8.60035e+15	6.11413e+15	5.59521e+15	2.44848e+15	1.54917e+15	3.09835e+15	4.64752e+15	6.19669e+15	7.74586e+15	9.29504e+15	1.08442e+16	1.23934e+16	1.39432e+16	2.3604e+16	3.09708e+17	4.54044e+17	3.48788	3.26931	3.26931	3.26931	3.26931	3.26931	3.26931	3.26931	3.26931	3.26931	3.26931	3.26308	2.96053	4.68986	4.68986	
186742	6.85847e+17	2.78781e+17	1.21995e+17	7.71875e+16	1.54375e+17	2.31562e+17	3.0875e+17	3.85937e+17	4.63125e+17	5.40312e+17	6.175e+17	6.94644e+17	7.58514e+17	3.35209e+17	8.60035e+15	6.114e+15	5.59505e+15	2.44841e+15	1.54913e+15	3.09826e+15	4.64739e+15	6.19651e+15	7.74564e+15	9.29477e+15	1.08439e+16	1.2393e+16	1.39429e+16	2.36115e+16	3.09708e+17	4.54044e+17	3.48969	3.27153	3.27153	3.27153	3.27153	3.27153	3.27153	3.27153	3.27153	3.27153	3.27153	3.26521	2.96274	4.68986	4.68986	
186993	6.85847e+17	2.78782e+17	1.21996e+17	7.71876e+16	1.54375e+17	2.31563e+17	3.0875e+17	3.85938e+17	4.63125e+17	5.40313e+17	6.17501e+17	6.94644e+17	7.58502e+17	3.35209e+17	8.60035e+15	6.11387e+15	5.59489e+15	2.44834e+15	1.54908e+15	3.09817e+15	4.64725e+15	6.19634e+15	7.74542e+15	9.29451e+15	1.08436e+16	1.23927e+16	1.39425e+16	2.36191e+16	3.09708e+17	4.54044e+17	3.49149	3.27374	3.27374	3.27374	3.27374	3.27374	3.27374	3.27374	3.27374	3.27374	3.27374	3.26733	2.96495	4.68986	4.68986	
187244	6.85848e+17	2.78782e+17	1.21996e+17	7.71876e+16	1.54375e+17	2.31563e+17	3.08751e+17	3.85938e+17	4.63126e+17	5.40313e+17	6.17501e+17	6.94644e+17	7.5849e+17	3.35209e+17	8.60035e+15	6.11374e+15	5.59473e+15	2.44827e+15	1.54904e+15	3.09808e+15	4.64712e+15	6.19616e+15	7.7452e+15	9.29424e+15	1.08433e+16	1.23923e+16	1.39422e+16	2.36266e+16	3.09708e+17	4.54044e+17	3.49329	3.27594	3.27594	3.27594	3.27594	3.27594	3.27594	3.27594	3.27594	3.27594	3.27594	3.26945	2.96716	4.68986	4.68986	
187495	6.85848e+17	2.78782e+17	1.21996e+17	7.71877e+16	1.54375e+17	2.31563e+17	3.08751e+17	3.85939e+17	4.63126e+17	5.40314e+17	6.17502e+17	6.94645e+17	7.58477e+17	3.35209e+17	8.60035e+15	6.11362e+15	5.59457e+15	2.4482e+15	1.549e+15	3.09799e+15	4.64699e+15	6.19599e+15	7.74498e+15	9.29398e+15	1.0843e+16	1.2392e+16	1.39419e+16	2.36342e+16	3.09708e+17	4.54044e+17	3.49508	3.27815	3.27815	3.27815	3.27815	3.27815	3.27815	3.27815	3.27815	3.27815	3.27815	3.27157	2.96937	4.68986	4.68986	
187746	6.85848e+17	2.78782e+17	1.21996e+17	7.71878e+16	1.54376e+17	2.31563e+17	3.08751e+17	3.85939e+17	4.63127e+17	5.40314e+17	6.17502e+17	6.94645e+17	7.58465e+17	3.35209e+17	8.60035e+15	6.11349e+15	5.59442e+15	2.44813e+15	1.54895e+15	3.09791e+15	4.64686e+15	6.19581e+15	7.74476e+15	9.29372e+15	1.08427e+16	1.23916e+16	1.39415e+16	2.36418e+16	3.09708e+17	4.54044e+17	3.49688	3.28035	3.28035	3.28035	3.28035	3.28035	3.28035	3.28035	3.28035	3.28035	3.28035	3.27368	2.97157	4.68986	4.68986	
187997	6.85848e+17	2.78783e+17	1.21996e+17	7.71878e+16	1.54376e+17	2.31564e+17	3.08751e+17	3.85939e+17	4.63127e+17	5.40315e+17	6.17503e+17	6.94645e+17	7.58452e+17	3.35209e+17	8.60035e+15	6.11336e+15	5.59426e+15	2.44806e+15	1.54891e+15	3.09782e+15	4.64673e+15	6.19564e+15	7.74454e+15	9.29345e+15	1.08424e+16	1.23913e+16	1.39412e+16	2.36494e+16	3.09708e+17	4.54044e+17	3.49866	3.28254	3.28254	3.28254	3.28254	3.28254	3.28254	3.28254	3.28254	3.28254	3.28254	3.27579	2.97377	4.68986	4.68986	
188247	6.85848e+17	2.78783e+17	1.21996e+17	7.71879e+16	1.54376e+17	2.31564e+17	3.08752e+17	3.8594e+17	4.63128e+17	5.40315e+17	6.17503e+17	6.94645e+17	7.5844e+17	3.35209e+17	8.60035e+15	6.11323e+15	5.5941e+15	2.44799e+15	1.54887e+15	3.09773e+15	4.6466e+15	6.19546e+15	7.74433e+15	9.29319e+15	1.08421e+16	1.23909e+16	1.39409e+16	2.3657e+16	3.09708e+17	4.54044e+17	3.50044	3.28474	3.28474	3.28474	3.28474	3.28474	3.28474	3.28474	3.28474	3.28474	3.28474	3.2779	2.97597	4.68986	4.68986	
188498	6.85849e+17	2.78783e+17	1.21996e+17	7.7188e+16	1.54376e+17	2.31564e+17	3.08752e+17	3.8594e+17	4.63128e+17	5.40316e+17	6.17504e+17	6.94646e+17	7.58427e+17	3.35209e+17	8.60035e+15	6.11311e+15	5.59394e+15	2.44792e+15	1.54882e+15	3.09764e+15	4.64647e+15	6.19529e+15	7.74411e+15	9.29293e+15	1.08418e+16	1.23906e+16	1.39406e+16	2.36647e+16	3.09708e+17	4.54044e+17	3.50222	3.28693	3.28693	3.28693	3.28693	3.28693	3.28693	3.28693	3.28693	3.28693	3.28693	3.28	2.97816	4.68986	4.68986	
188749	6.85849e+17	2.78783e+17	1.21996e+17	7.71881e+16	1.54376e+17	2.31564e+17	3.08752e+17	3.8594e+17	4.63128e+17	5.40316e+17	6.17504e+17	6.94646e+17	7.58415e+17	3.35209e+17	8.60035e+15	6.11298e+15	5.59379e+15	2.44786e+15	1.54878e+15	3.09756e+15	4.64634e+15	6.19511e+15	7.74389e+15	9.29267e+15	1.08414e+16	1.23902e+16	1.39403e+16	2.36723e+16	3.09708e+17	4.54044e+17	3.504	3.28911	3.28911	3.28911	3.28911	3.28911	3.28911	3.28911	3.28911	3.28911	3.28911	3.2821	2.98035	4.68986	4.68986	
189000	6.85849e+17	2.78784e+17	1.21996e+17	7.71881e+16	1.54376e+17	2.31564e+17	3.08753e+17	3.85941e+17	4.63129e+17	5.40317e+17	6.17505e+17	6.94646e+17	7.58402e+17	3.35209e+17	8.60035e+15	6.11285e+15	5.59363e+15	2.44779e+15	1.54874e+15	3.09747e+15	4.64621e+15	6.19494e+15	7.74368e+15	9.29241e+15	1.08411e+16	1.23899e+16	1.39401e+16	2.368e+16	3.09708e+17	4.54044e+17	3.50577	3.2913	3.2913	3.2913	3.2913	3.2913	3.2913	3.2913	3.2913	3.2913	3.2913	3.28419	2.98254	4.68986	4.68986	
189251	6.85849e+17	2.78784e+17	1.21997e+17	7.71882e+16	1.54376e+17	2.31565e+17	3.08753e+17	3.85941e+17	4.63129e+17	5.40317e+17	6.17506e+17	6.94646e+17	7.5839e+17	3.35209e+17	8.60035e+15	6.11273e+15	5.59348e+15	2.44772e+15	1.54869e+15	3.09738e+15	4.64608e+15	6.19477e+15	7.74346e+15	9.29215e+15	1.08408e+16	1.23895e+16	1.39398e+16	2.36876e+16	3.09708e+17	4.54044e+17	3.50754	3.29348	3.29348	3.29348	3.29348	3.29348	3.29348	3.29348	3.29348	3.29348	3.29348	3.28629	2.98472	4.68986	4.68986	
189502	6.8585e+17	2.78784e+17	1.21997e+17	7.71883e+16	1.54377e+17	2.31565e+17	3.08753e+17	3.85941e+17	4.6313e+17	5.40318e+17	6.17506e+17	6.94646e+17	7.58377e+17	3.35208e+17	8.60035e+15	6.1126e+15	5.59332e+15	2.44765e+15	1.54865e+15	3.0973e+15	4.64595e+15	6.1946e+15	7.74325e+15	9.29189e+15	1.08405e+16	1.23892e+16	1.39395e+16	2.36953e+16	3.09708e+17	4.54044e+17	3.5093	3.29566	3.29566	3.29566	3.29566	3.29566	3.29566	3.29566	3.29566	3.29566	3.29566	3.28837	2.9869	4.68986	4.68986	
189753	6.8585e+17	2.78784e+17	1.21997e+17	7.71883e+16	1.54377e+17	2.31565e+17	3.08753e+17	3.85942e+17	4.6313e+17	5.40318e+17	6.17507e+17	6.94647e+17	7.58365e+17	3.35208e+17	8.60035e+15	6.11248e+15	5.59317e+15	2.44758e+15	1.54861e+15	3.09721e+15	4.64582e+15	6.19443e+15	7.74303e+15	9.29164e+15	1.08402e+16	1.23889e+16	1.39393e+16	2.3703e+16	3.09708e+17	4.54044e+17	3.51106	3.29783	3.29783	3.29783	3.29783	3.29783	3.29783	3.29783	3.29783	3.29783	3.29783	3.29046	2.98908	4.68986	4.68986	
190004	6.8585e+17	2.78785e+17	1.21997e+17	7.71884e+16	1.54377e+17	2.31565e+17	3.08754e+17	3.85942e+17	4.6313e+17	5.40319e+17	6.17507e+17	6.94647e+17	7.58352e+17	3.35208e+17	8.60035e+15	6.11236e+15	5.59301e+15	2.44752e+15	1.54856e+15	3.09713e+15	4.64569e+15	6.19425e+15	7.74282e+15	9.29138e+15	1.08399e+16	1.23885e+16	1.39391e+16	2.37107e+16	3.09708e+17	4.54044e+17	3.51282	3.3	3.3	3.3	3.3	3.3	3.3	3.3	3.3	3.3	3.3	3.29254	2.99125	4.68986	4.68986	
190255	6.8585e+17	2.78785e+17	1.21997e+17	7.71885e+16	1.54377e+17	2.31565e+17	3.08754e+17	3.85942e+17	4.63131e+17	5.40319e+17	6.17508e+17	6.94647e+17	7.5834e+17	3.35208e+17	8.60035e+15	6.11223e+15	5.59286e+15	2.44745e+15	1.54852e+15	3.09704e+15	4.64556e+15	6.19408e+15	7.7426e+15	9.29113e+15	1.08396e+16	1.23882e+16	1.39388e+16	2.37184e+16	3.09708e+17	4.54044e+17	3.51457	3.30217	3.30217	3.30217	3.30217	3.30217	3.30217	3.30217	3.30217	3.30217	3.30217	3.29462	2.99342	4.68986	4.68986	
190506	6.85851e+17	2.78785e+17	1.21997e+17	7.71885e+16	1.54377e+17	2.31566e+17	3.08754e+17	3.85943e+17	4.63131e+17	5.4032e+17	6.17508e+17	6.94647e+17	7.58327e+17	3.35208e+17	8.60035e+15	6.11211e+15	5.5927e+15	2.44738e+15	1.54848e+15	3.09696e+15	4.64543e+15	6.19391e+15	7.74239e+15	9.29087e+15	1.08393e+16	1.23878e+16	1.39386e+16	2.37261e+16	3.09708e+17	4.54044e+17	3.51632	3.30433	3.30433	3.30433	3.30433	3.30433	3.30433	3.30433	3.30433	3.30433	3.30433	3.29669	2.99559	4.68986	4.68986	
190757	6.85851e+17	2.78785e+17	1.21997e+17	7.71886e+16	1.54377e+17	2.31566e+17	3.08754e+17	3.85943e+17	4.63132e+17	5.4032e+17	6.17509e+17	6.94647e+17	7.58314e+17	3.35208e+17	8.60035e+15	6.11199e+15	5.59255e+15	2.44731e+15	1.54844e+15	3.09687e+15	4.64531e+15	6.19374e+15	7.74218e+15	9.29062e+15	1.08391e+16	1.23875e+16	1.39384e+16	2.37338e+16	3.09708e+17	4.54044e+17	3.51807	3.30649	3.30649	3.30649	3.30649	3.30649	3.30649	3.30649	3.30649	3.30649	3.30649	3.29876	2.99775	4.68986	4.68986	
191008	6.85851e+17	2.78786e+17	1.21997e+17	7.71887e+16	1.54377e+17	2.31566e+17	3.08755e+17	3.85943e+17	4.63132e+17	5.40321e+17	6.17509e+17	6.94647e+17	7.58302e+17	3.35208e+17	8.60035e+15	6.11187e+15	5.5924e+15	2.44725e+15	1.54839e+15	3.09679e+15	4.64518e+15	6.19357e+15	7.74197e+15	9.29036e+15	1.08388e+16	1.23871e+16	1.39383e+16	2.37416e+16	3.09708e+17	4.54044e+17	3.51981	3.30865	3.30865	3.30865	3.30865	3.30865	3.30865	3.30865	3.30865	3.30865	3.30865	3.30083	2.99991	4.68986	4.68986	
191259	6.85851e+17	2.78786e+17	1.21997e+17	7.71888e+16	1.54378e+17	2.31566e+17	3.08755e+17	3.85944e+17	4.63133e+17	5.40321e+17	6.1751e+17	6.94647e+17	7.58289e+17	3.35208e+17	8.60035e+15	6.11174e+15	5.59225e+15	2.44718e+15	1.54835e+15	3.0967e+15	4.64505e+15	6.19341e+15	7.74176e+15	9.29011e+15	1.08385e+16	1.23868e+16	1.39381e+16	2.37493e+16	3.09708e+17	4.54044e+17	3.52155	3.3108	3.3108	3.3108	3.3108	3.3108	3.3108	3.3108	3.3108	3.3108	3.3108	3.30289	3.00207	4.68986	4.68986	
191511	6.85851e+17	2.78786e+17	1.21998e+17	7.71888e+16	1.54378e+17	2.31566e+17	3.08755e+17	3.85944e+17	4.63133e+17	5.40322e+17	6.17511e+17	6.94647e+17	7.58276e+17	3.35208e+17	8.60035e+15	6.11162e+15	5.59209e+15	2.44711e+15	1.54831e+15	3.09662e+15	4.64493e+15	6.19324e+15	7.74155e+15	9.28986e+15	1.08382e+16	1.23865e+16	1.3938e+16	2.37571e+16	3.09708e+17	4.54044e+17	3.52328	3.31295	3.31295	3.31295	3.31295	3.31295	3.31295	3.31295	3.31295	3.31295	3.31295	3.30495	3.00423	4.68986	4.68986	
191762	6.85852e+17	2.78786e+17	1.21998e+17	7.71889e+16	1.54378e+17	2.31567e+17	3.08756e+17	3.85944e+17	4.63133e+17	5.40322e+17	6.17511e+17	6.94647e+17	7.58264e+17	3.35208e+17	8.60035e+15	6.1115e+15	5.59194e+15	2.44705e+15	1.54827e+15	3.09653e+15	4.6448e+15	6.19307e+15	7.74134e+15	9.2896e+15	1.08379e+16	1.23861e+16	1.39379e+16	2.37649e+16	3.09708e+17	4.54044e+17	3.52501	3.3151	3.3151	3.3151	3.3151	3.3151	3.3151	3.3151	3.3151	3.3151	3.3151	3.30701	3.00638	4.68986	4.68986	
192013	6.85852e+17	2.78787e+17	1.21998e+17	7.7189e+16	1.54378e+17	2.31567e+17	3.08756e+17	3.85945e+17	4.63134e+17	5.40323e+17	6.17512e+17	6.94647e+17	7.58251e+17	3.35208e+17	8.60035e+15	6.11138e+15	5.59179e+15	2.44698e+15	1.54823e+15	3.09645e+15	4.64468e+15	6.1929e+15	7.74113e+15	9.28935e+15	1.08376e+16	1.23858e+16	1.39377e+16	2.37726e+16	3.09708e+17	4.54044e+17	3.52674	3.31724	3.31724	3.31724	3.31724	3.31724	3.31724	3.31724	3.31724	3.31724	3.31724	3.30906	3.00853	4.68986	4.68986	
192264	6.85852e+17	2.78787e+17	1.21998e+17	7.7189e+16	1.54378e+17	2.31567e+17	3.08756e+17	3.85945e+17	4.63134e+17	5.40323e+17	6.17512e+17	6.94647e+17	7.58238e+17	3.35208e+17	8.60035e+15	6.11126e+15	5.59164e+15	2.44692e+15	1.54818e+15	3.09637e+15	4.64455e+15	6.19273e+15	7.74092e+15	9.2891e+15	1.08373e+16	1.23855e+16	1.39377e+16	2.37804e+16	3.09708e+17	4.54044e+17	3.52847	3.31939	3.31939	3.31939	3.31939	3.31939	3.31939	3.31939	3.31939	3.31939	3.31939	3.31111	3.01067	4.68986	4.68986	
192515	6.85852e+17	2.78787e+17	1.21998e+17	7.71891e+16	1.54378e+17	2.31567e+17	3.08756e+17	3.85945e+17	4.63135e+17	5.40324e+17	6.17513e+17	6.94646e+17	7.58225e+17	3.35208e+17	8.60035e+15	6.11114e+15	5.59149e+15	2.44685e+15	1.54814e+15	3.09628e+15	4.64443e+15	6.19257e+15	7.74071e+15	9.28885e+15	1.0837e+16	1.23851e+16	1.39376e+16	2.37882e+16	3.09708e+17	4.54044e+17	3.53019	3.32152	3.32152	3.32152	3.32152	3.32152	3.32152	3.32152	3.32152	3.32152	3.32152	3.31315	3.01281	4.68986	4.68986	
192766	6.85852e+17	2.78787e+17	1.21998e+17	7.71892e+16	1.54378e+17	2.31567e+17	3.08757e+17	3.85946e+17	4.63135e+17	5.40324e+17	6.17513e+17	6.94646e+17	7.58213e+17	3.35208e+17	8.60035e+15	6.11103e+15	5.59134e+15	2.44678e+15	1.5481e+15	3.0962e+15	4.6443e+15	6.1924e+15	7.7405e+15	9.2886e+15	1.08367e+16	1.23848e+16	1.39376e+16	2.37961e+16	3.09708e+17	4.54044e+17	3.53191	3.32366	3.32366	3.32366	3.32366	3.32366	3.32366	3.32366	3.32366	3.32366	3.32366	3.31519	3.01495	4.68986	4.68986	
193017	6.85853e+17	2.78788e+17	1.21998e+17	7.71892e+16	1.54378e+17	2.31568e+17	3.08757e+17	3.85946e+17	4.63135e+17	5.40325e+17	6.17514e+17	6.94646e+17	7.582e+17	3.35208e+17	8.60035e+15	6.11091e+15	5.59119e+15	2.44672e+15	1.54806e+15	3.09612e+15	4.64418e+15	6.19224e+15	7.7403e+15	9.28836e+15	1.08364e+16	1.23845e+16	1.39375e+16	2.38039e+16	3.09708e+17	4.54044e+17	3.53362	3.32579	3.32579	3.32579	3.32579	3.32579	3.32579	3.32579	3.32579	3.32579	3.32579	3.31723	3.01709	4.68986	4.68986	
193268	6.85853e+17	2.78788e+17	1.21998e+17	7.71893e+16	1.54379e+17	2.31568e+17	3.08757e+17	3.85946e+17	4.63136e+17	5.40325e+17	6.17514e+17	6.94646e+17	7.58187e+17	3.35208e+17	8.60035e+15	6.11079e+15	5.59104e+15	2.44665e+15	1.54802e+15	3.09604e+15	4.64405e+15	6.19207e+15	7.74009e+15	9.28811e+15	1.08361e+16	1.23841e+16	1.39376e+16	2.38117e+16	3.09708e+17	4.54044e+17	3.53534	3.32791	3.32791	3.32791	3.32791	3.32791	3.32791	3.32791	3.32791	3.32791	3.32791	3.31927	3.01922	4.68986	4.68986	
193519	6.85853e+17	2.78788e+17	1.21998e+17	7.71894e+16	1.54379e+17	2.31568e+17	3.08757e+17	3.85947e+17	4.63136e+17	5.40325e+17	6.17515e+17	6.94645e+17	7.58174e+17	3.35208e+17	8.60035e+15	6.11067e+15	5.59089e+15	2.44659e+15	1.54798e+15	3.09595e+15	4.64393e+15	6.19191e+15	7.73988e+15	9.28786e+15	1.08358e+16	1.23838e+16	1.39376e+16	2.38196e+16	3.09708e+17	4.54044e+17	3.53705	3.33004	3.33004	3.33004	3.33004	3.33004	3.33004	3.33004	3.33004	3.33004	3.33004	3.3213	3.02135	4.68986	4.68986	
193771	6.85853e+17	2.78788e+17	1.21998e+17	7.71894e+16	1.54379e+17	2.31568e+17	3.08758e+17	3.85947e+17	4.63137e+17	5.40326e+17	6.17515e+17	6.94645e+17	7.58161e+17	3.35208e+17	8.60035e+15	6.11056e+15	5.59074e+15	2.44652e+15	1.54794e+15	3.09587e+15	4.64381e+15	6.19174e+15	7.73968e+15	9.28761e+15	1.08355e+16	1.23835e+16	1.39376e+16	2.38274e+16	3.09708e+17	4.54044e+17	3.53875	3.33216	3.33216	3.33216	3.33216	3.33216	3.33216	3.33216	3.33216	3.33216	3.33216	3.32333	3.02348	4.68986	4.68986	
194022	6.85854e+17	2.78788e+17	1.21999e+17	7.71895e+16	1.54379e+17	2.31568e+17	3.08758e+17	3.85947e+17	4.63137e+17	5.40326e+17	6.17516e+17	6.94645e+17	7.58149e+17	3.35208e+17	8.60035e+15	6.11044e+15	5.5906e+15	2.44646e+15	1.54789e+15	3.09579e+15	4.64368e+15	6.19158e+15	7.73947e+15	9.28737e+15	1.08353e+16	1.23832e+16	1.39377e+16	2.38353e+16	3.09708e+17	4.54044e+17	3.54046	3.33428	3.33428	3.33428	3.33428	3.33428	3.33428	3.33428	3.33428	3.33428	3.33428	3.32535	3.0256	4.68986	4.68986	
194273	6.85854e+17	2.78789e+17	1.21999e+17	7.71896e+16	1.54379e+17	2.31569e+17	3.08758e+17	3.85948e+17	4.63137e+17	5.40327e+17	6.17516e+17	6.94644e+17	7.58136e+17	3.35208e+17	8.60035e+15	6.11033e+15	5.59045e+15	2.44639e+15	1.54785e+15	3.09571e+15	4.64356e+15	6.19142e+15	7.73927e+15	9.28712e+15	1.0835e+16	1.23828e+16	1.39378e+16	2.38431e+16	3.09708e+17	4.54044e+17	3.54216	3.33639	3.33639	3.33639	3.33639	3.33639	3.33639	3.33639	3.33639	3.33639	3.33639	3.32737	3.02772	4.68986	4.68986	
194524	6.85854e+17	2.78789e+17	1.21999e+17	7.71896e+16	1.54379e+17	2.31569e+17	3.08758e+17	3.85948e+17	4.63138e+17	5.40327e+17	6.17517e+17	6.94644e+17	7.58123e+17	3.35208e+17	8.60035e+15	6.11021e+15	5.5903e+15	2.44633e+15	1.54781e+15	3.09563e+15	4.64344e+15	6.19125e+15	7.73907e+15	9.28688e+15	1.08347e+16	1.23825e+16	1.3938e+16	2.3851e+16	3.09708e+17	4.54044e+17	3.54385	3.3385	3.3385	3.3385	3.3385	3.3385	3.3385	3.3385	3.3385	3.3385	3.3385	3.32939	3.02984	4.68986	4.68986	
194775	6.85854e+17	2.78789e+17	1.21999e+17	7.71897e+16	1.54379e+17	2.31569e+17	3.08759e+17	3.85948e+17	4.63138e+17	5.40328e+17	6.17517e+17	6.94643e+17	7.5811e+17	3.35208e+17	8.60035e+15	6.1101e+15	5.59015e+15	2.44627e+15	1.54777e+15	3.09554e+15	4.64332e+15	6.19109e+15	7.73886e+15	9.28663e+15	1.08344e+16	1.23822e+16	1.39382e+16	2.38589e+16	3.09708e+17	4.54044e+17	3.54555	3.34061	3.34061	3.34061	3.34061	3.34061	3.34061	3.34061	3.34061	3.34061	3.34061	3.3314	3.03195	4.68986	4.68986	
195027	6.85854e+17	2.78789e+17	1.21999e+17	7.71898e+16	1.5438e+17	2.31569e+17	3.08759e+17	3.85949e+17	4.63139e+17	5.40328e+17	6.17518e+17	6.94643e+17	7.58097e+17	3.35208e+17	8.60034e+15	6.10998e+15	5.59001e+15	2.4462e+15	1.54773e+15	3.09546e+15	4.6432e+15	6.19093e+15	7.73866e+15	9.28639e+15	1.08341e+16	1.23819e+16	1.39384e+16	2.38668e+16	3.09708e+17	4.54044e+17	3.54724	3.34271	3.34271	3.34271	3.34271	3.34271	3.34271	3.34271	3.34271	3.34271	3.34271	3.33341	3.03406	4.68986	4.68986	
195278	6.85855e+17	2.7879e+17	1.21999e+17	7.71898e+16	1.5438e+17	2.31569e+17	3.08759e+17	3.85949e+17	4.63139e+17	5.40329e+17	6.17519e+17	6.94642e+17	7.58084e+17	3.35208e+17	8.60034e+15	6.10987e+15	5.58986e+15	2.44614e+15	1.54769e+15	3.09538e+15	4.64307e+15	6.19077e+15	7.73846e+15	9.28615e+15	1.08338e+16	1.23815e+16	1.39386e+16	2.38747e+16	3.09708e+17	4.54044e+17	3.54893	3.34481	3.34481	3.34481	3.34481	3.34481	3.34481	3.34481	3.34481	3.34481	3.34481	3.33542	3.03617	4.68986	4.68986	
195529	6.85855e+17	2.7879e+17	1.21999e+17	7.71899e+16	1.5438e+17	2.3157e+17	3.0876e+17	3.85949e+17	4.63139e+17	5.40329e+17	6.17519e+17	6.94641e+17	7.58071e+17	3.35208e+17	8.60034e+15	6.10975e+15	5.58972e+15	2.44607e+15	1.54765e+15	3.0953e+15	4.64295e+15	6.1906e+15	7.73826e+15	9.28591e+15	1.08336e+16	1.23812e+16	1.39389e+16	2.38826e+16	3.09708e+17	4.54044e+17	3.55061	3.34691	3.34691	3.34691	3.34691	3.34691	3.34691	3.34691	3.34691	3.34691	3.34691	3.33742	3.03827	4.68986	4.68986	
195780	6.85855e+17	2.7879e+17	1.21999e+17	7.71899e+16	1.5438e+17	2.3157e+17	3.0876e+17	3.8595e+17	4.6314e+17	5.4033e+17	6.1752e+17	6.94641e+17	7.58058e+17	3.35208e+17	8.60034e+15	6.10964e+15	5.58957e+15	2.44601e+15	1.54761e+15	3.09522e+15	4.64283e+15	6.19044e+15	7.73806e+15	9.28567e+15	1.08333e+16	1.23809e+16	1.39392e+16	2.38906e+16	3.09708e+17	4.54044e+17	3.5523	3.349	3.349	3.349	3.349	3.349	3.349	3.349	3.349	3.349	3.349	3.33942	3.04038	4.68986	4.68986	
196032	6.85855e+17	2.7879e+17	1.21999e+17	7.719e+16	1.5438e+17	2.3157e+17	3.0876e+17	3.8595e+17	4.6314e+17	5.4033e+17	6.1752e+17	6.9464e+17	7.58045e+17	3.35208e+17	8.60034e+15	6.10953e+15	5.58943e+15	2.44595e+15	1.54757e+15	3.09514e+15	4.64271e+15	6.19028e+15	7.73785e+15	9.28543e+15	1.0833e+16	1.23806e+16	1.39395e+16	2.38985e+16	3.09708e+17	4.54044e+17	3.55398	3.35109	3.35109	3.35109	3.35109	3.35109	3.35109	3.35109	3.35109	3.35109	3.35109	3.34142	3.04248	4.68986	4.68986	
196283	6.85855e+17	2.78791e+17	1.21999e+17	7.71901e+16	1.5438e+17	2.3157e+17	3.0876e+17	3.8595e+17	4.6314e+17	5.40331e+17	6.17521e+17	6.94639e+17	7.58032e+17	3.35208e+17	8.60034e+15	6.10942e+15	5.58928e+15	2.44588e+15	1.54753e+15	3.09506e+15	4.64259e+15	6.19012e+15	7.73765e+15	9.28519e+15	1.08327e+16	1.23802e+16	1.39399e+16	2.39065e+16	3.09708e+17	4.54044e+17	3.55565	3.35318	3.35318	3.35318	3.35318	3.35318	3.35318	3.35318	3.35318	3.35318	3.35318	3.34341	3.04457	4.68986	4.68986	
196534	6.85856e+17	2.78791e+17	1.22e+17	7.71901e+16	1.5438e+17	2.3157e+17	3.08761e+17	3.85951e+17	4.63141e+17	5.40331e+17	6.17521e+17	6.94638e+17	7.58019e+17	3.35208e+17	8.60034e+15	6.10931e+15	5.58914e+15	2.44582e+15	1.54749e+15	3.09498e+15	4.64247e+15	6.18996e+15	7.73746e+15	9.28495e+15	1.08324e+16	1.23799e+16	1.39403e+16	2.39144e+16	3.09708e+17	4.54044e+17	3.55733	3.35526	3.35526	3.35526	3.35526	3.35526	3.35526	3.35526	3.35526	3.35526	3.35526	3.3454	3.04666	4.68986	4.68986	
196786	6.85856e+17	2.78791e+17	1.22e+17	7.71902e+16	1.5438e+17	2.31571e+17	3.08761e+17	3.85951e+17	4.63141e+17	5.40331e+17	6.17522e+17	6.94637e+17	7.58006e+17	3.35208e+17	8.60034e+15	6.1092e+15	5.58899e+15	2.44576e+15	1.54745e+15	3.0949e+15	4.64235e+15	6.18981e+15	7.73726e+15	9.28471e+15	1.08322e+16	1.23796e+16	1.39408e+16	2.39224e+16	3.09708e+17	4.54044e+17	3.559	3.35734	3.35734	3.35734	3.35734	3.35734	3.35734	3.35734	3.35734	3.35734	3.35734	3.34739	3.04875	4.68986	4.68986	
197037	6.85856e+17	2.78791e+17	1.22e+17	7.71903e+16	1.54381e+17	2.31571e+17	3.08761e+17	3.85951e+17	4.63142e+17	5.40332e+17	6.17522e+17	6.94636e+17	7.57993e+17	3.35208e+17	8.60034e+15	6.10909e+15	5.58885e+15	2.4457e+15	1.54741e+15	3.09482e+15	4.64224e+15	6.18965e+15	7.73706e+15	9.28447e+15	1.08319e+16	1.23793e+16	1.39413e+16	2.39303e+16	3.09708e+17	4.54044e+17	3.56067	3.35942	3.35942	3.35942	3.35942	3.35942	3.35942	3.35942	3.35942	3.35942	3.35942	3.34937	3.05084	4.68986	4.68986	
197288	6.85856e+17	2.78792e+17	1.22e+17	7.71903e+16	1.54381e+17	2.31571e+17	3.08761e+17	3.85952e+17	4.63142e+17	5.40332e+17	6.17523e+17	6.94635e+17	7.5798e+17	3.35208e+17	8.60034e+15	6.10898e+15	5.58871e+15	2.44563e+15	1.54737e+15	3.09474e+15	4.64212e+15	6.18949e+15	7.73686e+15	9.28423e+15	1.08316e+16	1.2379e+16	1.39418e+16	2.39383e+16	3.09708e+17	4.54044e+17	3.56234	3.36149	3.36149	3.36149	3.36149	3.36149	3.36149	3.36149	3.36149	3.36149	3.36149	3.35135	3.05292	4.68986	4.68986	
197540	6.85856e+17	2.78792e+17	1.22e+17	7.71904e+16	1.54381e+17	2.31571e+17	3.08762e+17	3.85952e+17	4.63142e+17	5.40333e+17	6.17523e+17	6.94634e+17	7.57967e+17	3.35208e+17	8.60034e+15	6.10887e+15	5.58857e+15	2.44557e+15	1.54733e+15	3.09467e+15	4.642e+15	6.18933e+15	7.73666e+15	9.284e+15	1.08313e+16	1.23787e+16	1.39424e+16	2.39463e+16	3.09708e+17	4.54044e+17	3.564	3.36356	3.36356	3.36356	3.36356	3.36356	3.36356	3.36356	3.36356	3.36356	3.36356	3.35332	3.055	4.68986	4.68986	
197791	6.85857e+17	2.78792e+17	1.22e+17	7.71905e+16	1.54381e+17	2.31571e+17	3.08762e+17	3.85952e+17	4.63143e+17	5.40333e+17	6.17524e+17	6.94633e+17	7.57954e+17	3.35208e+17	8.60034e+15	6.10876e+15	5.58842e+15	2.44551e+15	1.54729e+15	3.09459e+15	4.64188e+15	6.18917e+15	7.73647e+15	9.28376e+15	1.08311e+16	1.23783e+16	1.3943e+16	2.39543e+16	3.09708e+17	4.54044e+17	3.56566	3.36562	3.36562	3.36562	3.36562	3.36562	3.36562	3.36562	3.36562	3.36562	3.36562	3.35529	3.05708	4.68986	4.68986	
198042	6.85857e+17	2.78792e+17	1.22e+17	7.71905e+16	1.54381e+17	2.31572e+17	3.08762e+17	3.85953e+17	4.63143e+17	5.40334e+17	6.17524e+17	6.94631e+17	7.57941e+17	3.35208e+17	8.60034e+15	6.10865e+15	5.58828e+15	2.44545e+15	1.54725e+15	3.09451e+15	4.64176e+15	6.18902e+15	7.73627e+15	9.28353e+15	1.08308e+16	1.2378e+16	1.39437e+16	2.39623e+16	3.09708e+17	4.54044e+17	3.56732	3.36769	3.36769	3.36769	3.36769	3.36769	3.36769	3.36769	3.36769	3.36769	3.36769	3.35726	3.05915	4.68986	4.68986	
198294	6.85857e+17	2.78792e+17	1.22e+17	7.71906e+16	1.54381e+17	2.31572e+17	3.08762e+17	3.85953e+17	4.63144e+17	5.40334e+17	6.17525e+17	6.9463e+17	7.57928e+17	3.35208e+17	8.60034e+15	6.10854e+15	5.58814e+15	2.44539e+15	1.54722e+15	3.09443e+15	4.64165e+15	6.18886e+15	7.73608e+15	9.28329e+15	1.08305e+16	1.23777e+16	1.39444e+16	2.39703e+16	3.09708e+17	4.54044e+17	3.56897	3.36974	3.36974	3.36974	3.36974	3.36974	3.36974	3.36974	3.36974	3.36974	3.36974	3.35922	3.06123	4.68986	4.68986	
198545	6.85857e+17	2.78793e+17	1.22e+17	7.71906e+16	1.54381e+17	2.31572e+17	3.08763e+17	3.85953e+17	4.63144e+17	5.40335e+17	6.17525e+17	6.94629e+17	7.57915e+17	3.35208e+17	8.60034e+15	6.10843e+15	5.588e+15	2.44532e+15	1.54718e+15	3.09435e+15	4.64153e+15	6.1887e+15	7.73588e+15	9.28306e+15	1.08302e+16	1.23774e+16	1.39452e+16	2.39784e+16	3.09708e+17	4.54044e+17	3.57063	3.3718	3.3718	3.3718	3.3718	3.3718	3.3718	3.3718	3.3718	3.3718	3.3718	3.36118	3.0633	4.68986	4.68986	
198796	6.85857e+17	2.78793e+17	1.22e+17	7.71907e+16	1.54381e+17	2.31572e+17	3.08763e+17	3.85954e+17	4.63144e+17	5.40335e+17	6.17526e+17	6.94627e+17	7.57902e+17	3.35208e+17	8.60034e+15	6.10833e+15	5.58786e+15	2.44526e+15	1.54714e+15	3.09427e+15	4.64141e+15	6.18855e+15	7.73569e+15	9.28282e+15	1.083e+16	1.23771e+16	1.3946e+16	2.39864e+16	3.09708e+17	4.54044e+17	3.57228	3.37385	3.37385	3.37385	3.37385	3.37385	3.37385	3.37385	3.37385	3.37385	3.37385	3.36314	3.06536	4.68986	4.68986	
199048	6.85858e+17	2.78793e+17	1.22001e+17	7.71908e+16	1.54382e+17	2.31572e+17	3.08763e+17	3.85954e+17	4.63145e+17	5.40335e+17	6.17526e+17	6.94625e+17	7.57889e+17	3.35208e+17	8.60034e+15	6.10822e+15	5.58772e+15	2.4452e+15	1.5471e+15	3.0942e+15	4.6413e+15	6.18839e+15	7.73549e+15	9.28259e+15	1.08297e+16	1.23768e+16	1.39469e+16	2.39945e+16	3.09708e+17	4.54044e+17	3.57392	3.3759	3.3759	3.3759	3.3759	3.3759	3.3759	3.3759	3.3759	3.3759	3.3759	3.3651	3.06742	4.68986	4.68986	
199299	6.85858e+17	2.78793e+17	1.22001e+17	7.71908e+16	1.54382e+17	2.31573e+17	3.08763e+17	3.85954e+17	4.63145e+17	5.40336e+17	6.17527e+17	6.94624e+17	7.57876e+17	3.35208e+17	8.60034e+15	6.10811e+15	5.58758e+15	2.44514e+15	1.54706e+15	3.09412e+15	4.64118e+15	6.18824e+15	7.7353e+15	9.28236e+15	1.08294e+16	1.23765e+16	1.39478e+16	2.40025e+16	3.09708e+17	4.54044e+17	3.57557	3.37794	3.37794	3.37794	3.37794	3.37794	3.37794	3.37794	3.37794	3.37794	3.37794	3.36705	3.06948	4.68986	4.68986	
199551	6.85858e+17	2.78794e+17	1.22001e+17	7.71909e+16	1.54382e+17	2.31573e+17	3.08764e+17	3.85954e+17	4.63145e+17	5.40336e+17	6.17527e+17	6.94622e+17	7.57862e+17	3.35208e+17	8.60034e+15	6.10801e+15	5.58744e+15	2.44508e+15	1.54702e+15	3.09404e+15	4.64106e+15	6.18809e+15	7.73511e+15	9.28213e+15	1.08291e+16	1.23762e+16	1.39487e+16	2.40106e+16	3.09708e+17	4.54044e+17	3.57721	3.37998	3.37998	3.37998	3.37998	3.37998	3.37998	3.37998	3.37998	3.37998	3.37998	3.36899	3.07154	4.68986	4.68986	
199802	6.85858e+17	2.78794e+17	1.22001e+17	7.7191e+16	1.54382e+17	2.31573e+17	3.08764e+17	3.85955e+17	4.63146e+17	5.40337e+17	6.17528e+17	6.9462e+17	7.57849e+17	3.35208e+17	8.60034e+15	6.1079e+15	5.5873e+15	2.44502e+15	1.54698e+15	3.09397e+15	4.64095e+15	6.18793e+15	7.73491e+15	9.2819e+15	1.08289e+16	1.23759e+16	1.39497e+16	2.40186e+16	3.09708e+17	4.54044e+17	3.57885	3.38202	3.38202	3.38202	3.38202	3.38202	3.38202	3.38202	3.38202	3.38202	3.38202	3.37094	3.07359	4.68986	4.68986	
200000	6.85858e+17	2.78794e+17	1.22001e+17	7.7191e+16	1.54382e+17	2.31573e+17	3.08764e+17	3.85955e+17	4.63146e+17	5.40337e+17	6.17528e+17	6.94619e+17	7.57839e+17	3.35208e+17	8.60034e+15	6.10782e+15	5.58719e+15	2.44497e+15	1.54695e+15	3.09391e+15	4.64086e+15	6.18781e+15	7.73476e+15	9.28172e+15	1.08287e+16	1.23756e+16	1.39506e+16	2.4025e+16	3.09708e+17	4.54044e+17	3.58014	3.38362	3.38362	3.38362	3.38362	3.38362	3.38362	3.38362	3.38362	3.38362	3.38362	3.37246	3.07521	4.68986	4.68986	
