Time	Carb1	Carb2	Carb3	Carb4	Carb5	Carb6	Carb7	Carb8	Carb9	Carb10	Carb11	Carb12	Carb13	Carb14	Carb15	Sil1	Sil2	Sil3	Sil4	Sil5	Sil6	Sil7	Sil8	Sil9	Sil10	Sil11	Sil12	Sil13	Sil14	Sil15	c131	c132	c133	c134	c135	c136	c137	c138	c139	c1310	c1311	c1312	c1313	c1314	c1315	
0	6.8679e+17	2.79524e+17	1.22321e+17	7.73932e+16	1.54786e+17	2.3218e+17	3.09573e+17	3.86966e+17	4.64359e+17	5.41753e+17	6.19146e+17	6.96539e+17	7.5909e+17	2.85587e+17	5.49164e+15	5.6223e+15	5.13779e+15	2.24831e+15	1.42252e+15	2.84505e+15	4.26757e+15	5.69009e+15	7.11261e+15	8.53514e+15	9.95766e+15	1.13802e+16	1.28027e+16	2.32723e+16	2.63861e+17	2.89924e+17	4.68986	4.68986	4.68986	4.68986	4.68986	4.68986	4.68986	4.68986	4.68986	4.68986	4.68986	4.68986	4.68986	4.68986	4.68986	
252.68	6.86548e+17	2.79491e+17	1.22306e+17	7.73841e+16	1.54768e+17	2.32152e+17	3.09536e+17	3.8692e+17	4.64304e+17	5.41689e+17	6.19073e+17	6.96107e+17	7.58208e+17	3.35242e+17	8.58738e+15	5.62032e+15	5.13719e+15	2.24804e+15	1.42235e+15	2.84472e+15	4.26706e+15	5.68942e+15	7.11177e+15	8.53414e+15	9.95648e+15	1.13789e+16	1.27948e+16	2.32453e+16	3.09739e+17	4.53359e+17	4.68986	4.68986	4.68986	4.68986	4.68986	4.68986	4.68986	4.68986	4.68986	4.68986	4.68986	4.68986	4.68986	4.68986	4.68986	
503.026	6.86548e+17	2.79491e+17	1.22306e+17	7.73841e+16	1.54768e+17	2.32152e+17	3.09536e+17	3.8692e+17	4.64304e+17	5.41688e+17	6.19072e+17	6.96118e+17	7.58302e+17	3.35254e+17	8.5872e+15	5.62032e+15	5.13719e+15	2.24804e+15	1.42235e+15	2.84472e+15	4.26706e+15	5.68941e+15	7.11177e+15	8.53414e+15	9.95647e+15	1.13788e+16	1.2795e+16	2.32482e+16	3.0975e+17	4.5335e+17	4.68986	4.68986	4.68986	4.68986	4.68986	4.68986	4.68986	4.68986	4.68986	4.68986	4.68986	4.68986	4.68986	4.68986	4.68986	
753.86	6.86547e+17	2.79491e+17	1.22306e+17	7.7384e+16	1.54768e+17	2.32152e+17	3.09536e+17	3.8692e+17	4.64304e+17	5.41688e+17	6.19072e+17	6.96123e+17	7.58347e+17	3.35245e+17	8.58665e+15	5.62031e+15	5.13719e+15	2.24804e+15	1.42235e+15	2.84472e+15	4.26706e+15	5.68941e+15	7.11177e+15	8.53413e+15	9.95647e+15	1.13788e+16	1.27951e+16	2.32495e+16	3.09742e+17	4.53321e+17	4.68986	4.68986	4.68986	4.68986	4.68986	4.68986	4.68986	4.68986	4.68986	4.68986	4.68986	4.68986	4.68986	4.68986	4.68986	
1005.21	6.86547e+17	2.79491e+17	1.22306e+17	7.7384e+16	1.54768e+17	2.32152e+17	3.09536e+17	3.8692e+17	4.64304e+17	5.41688e+17	6.19072e+17	6.96126e+17	7.58374e+17	3.35236e+17	8.58665e+15	5.62031e+15	5.13718e+15	2.24803e+15	1.42235e+15	2.84472e+15	4.26706e+15	5.68941e+15	7.11177e+15	8.53413e+15	9.95647e+15	1.13788e+16	1.27951e+16	2.32504e+16	3.09733e+17	4.53321e+17	4.68986	4.68986	4.68986	4.68986	4.68986	4.68986	4.68986	4.68986	4.68986	4.68986	4.68986	4.68986	4.68986	4.68986	4.68986	
1255.64	6.86547e+17	2.79491e+17	1.22306e+17	7.7384e+16	1.54768e+17	2.32152e+17	3.09536e+17	3.8692e+17	4.64304e+17	5.41688e+17	6.19072e+17	6.96128e+17	7.58393e+17	3.35228e+17	8.58665e+15	5.62031e+15	5.13718e+15	2.24803e+15	1.42235e+15	2.84472e+15	4.26705e+15	5.68941e+15	7.11176e+15	8.53413e+15	9.95646e+15	1.13788e+16	1.27951e+16	2.32509e+16	3.09725e+17	4.53321e+17	4.68986	4.68986	4.68986	4.68986	4.68986	4.68986	4.68986	4.68986	4.68986	4.68986	4.68986	4.68986	4.68986	4.68986	4.68986	
1506.22	6.86547e+17	2.79491e+17	1.22306e+17	7.7384e+16	1.54768e+17	2.32152e+17	3.09536e+17	3.8692e+17	4.64304e+17	5.41688e+17	6.19072e+17	6.9613e+17	7.58407e+17	3.35222e+17	8.58665e+15	5.62031e+15	5.13718e+15	2.24803e+15	1.42235e+15	2.84472e+15	4.26705e+15	5.68941e+15	7.11176e+15	8.53413e+15	9.95646e+15	1.13788e+16	1.27952e+16	2.32514e+16	3.0972e+17	4.53321e+17	4.68987	4.68986	4.68986	4.68986	4.68986	4.68986	4.68986	4.68986	4.68986	4.68986	4.68986	4.68986	4.68986	4.68986	4.68986	
1757.2	6.86547e+17	2.79491e+17	1.22306e+17	7.7384e+16	1.54768e+17	2.32152e+17	3.09536e+17	3.8692e+17	4.64304e+17	5.41688e+17	6.19072e+17	6.96131e+17	7.58418e+17	3.35218e+17	8.58665e+15	5.62033e+15	5.13718e+15	2.24803e+15	1.42235e+15	2.84472e+15	4.26705e+15	5.68941e+15	7.11176e+15	8.53412e+15	9.95646e+15	1.13788e+16	1.27952e+16	2.32517e+16	3.09716e+17	4.53321e+17	4.68987	4.68986	4.68986	4.68986	4.68986	4.68986	4.68986	4.68986	4.68986	4.68986	4.68986	4.68986	4.68986	4.68986	4.68986	
2007.76	6.86546e+17	2.79491e+17	1.22306e+17	7.73839e+16	1.54768e+17	2.32152e+17	3.09536e+17	3.8692e+17	4.64304e+17	5.41688e+17	6.19072e+17	6.96131e+17	7.58428e+17	3.35214e+17	8.58665e+15	5.62037e+15	5.13718e+15	2.24803e+15	1.42235e+15	2.84472e+15	4.26705e+15	5.68941e+15	7.11176e+15	8.53412e+15	9.95646e+15	1.13788e+16	1.27952e+16	2.3252e+16	3.09713e+17	4.53321e+17	4.68987	4.68986	4.68986	4.68986	4.68986	4.68986	4.68986	4.68986	4.68986	4.68986	4.68986	4.68986	4.68986	4.68986	4.68986	
2258.76	6.86546e+17	2.79491e+17	1.22306e+17	7.73839e+16	1.54768e+17	2.32152e+17	3.09536e+17	3.8692e+17	4.64304e+17	5.41688e+17	6.19071e+17	6.96132e+17	7.58436e+17	3.35212e+17	8.58665e+15	5.62047e+15	5.13718e+15	2.24803e+15	1.42235e+15	2.84472e+15	4.26705e+15	5.68941e+15	7.11176e+15	8.53412e+15	9.95646e+15	1.13788e+16	1.27952e+16	2.32523e+16	3.09711e+17	4.53321e+17	4.68988	4.68986	4.68986	4.68986	4.68986	4.68986	4.68986	4.68986	4.68986	4.68986	4.68986	4.68986	4.68986	4.68986	4.68986	
2510.08	6.86546e+17	2.79491e+17	1.22306e+17	7.73839e+16	1.54768e+17	2.32152e+17	3.09536e+17	3.8692e+17	4.64304e+17	5.41687e+17	6.19071e+17	6.96132e+17	7.58444e+17	3.3521e+17	8.58665e+15	5.62068e+15	5.13718e+15	2.24803e+15	1.42235e+15	2.84472e+15	4.26705e+15	5.6894e+15	7.11176e+15	8.53412e+15	9.95646e+15	1.13788e+16	1.27952e+16	2.32525e+16	3.09709e+17	4.53321e+17	4.68991	4.68986	4.68986	4.68986	4.68986	4.68986	4.68986	4.68986	4.68986	4.68986	4.68986	4.68986	4.68986	4.68986	4.68986	
2760.58	6.86545e+17	2.79491e+17	1.22306e+17	7.73839e+16	1.54768e+17	2.32152e+17	3.09536e+17	3.8692e+17	4.64303e+17	5.41687e+17	6.19071e+17	6.96133e+17	7.58451e+17	3.35209e+17	8.58665e+15	5.62106e+15	5.13718e+15	2.24803e+15	1.42235e+15	2.84472e+15	4.26705e+15	5.6894e+15	7.11176e+15	8.53412e+15	9.95646e+15	1.13788e+16	1.27952e+16	2.32527e+16	3.09708e+17	4.53321e+17	4.68995	4.68986	4.68986	4.68986	4.68986	4.68986	4.68986	4.68986	4.68986	4.68986	4.68986	4.68986	4.68986	4.68986	4.68986	
3011.83	6.86544e+17	2.79491e+17	1.22306e+17	7.73839e+16	1.54768e+17	2.32152e+17	3.09536e+17	3.8692e+17	4.64303e+17	5.41687e+17	6.19071e+17	6.96133e+17	7.58457e+17	3.35207e+17	8.58665e+15	5.62173e+15	5.13718e+15	2.24803e+15	1.42235e+15	2.84472e+15	4.26705e+15	5.68941e+15	7.11176e+15	8.53412e+15	9.95646e+15	1.13788e+16	1.27952e+16	2.32529e+16	3.09706e+17	4.53321e+17	4.69003	4.68986	4.68986	4.68986	4.68986	4.68986	4.68986	4.68986	4.68986	4.68986	4.68986	4.68986	4.68986	4.68986	4.68986	
3262.15	6.86542e+17	2.79491e+17	1.22306e+17	7.73839e+16	1.54768e+17	2.32152e+17	3.09536e+17	3.86919e+17	4.64303e+17	5.41687e+17	6.19071e+17	6.96133e+17	7.58462e+17	3.35206e+17	8.58665e+15	5.6228e+15	5.13718e+15	2.24803e+15	1.42235e+15	2.84472e+15	4.26705e+15	5.68941e+15	7.11176e+15	8.53412e+15	9.95646e+15	1.13788e+16	1.27952e+16	2.32531e+16	3.09706e+17	4.53321e+17	4.69016	4.68987	4.68987	4.68987	4.68987	4.68987	4.68987	4.68987	4.68987	4.68987	4.68987	4.68986	4.68986	4.68986	4.68986	
3512.71	6.8654e+17	2.79491e+17	1.22306e+17	7.73839e+16	1.54768e+17	2.32152e+17	3.09536e+17	3.86919e+17	4.64303e+17	5.41687e+17	6.19071e+17	6.96134e+17	7.58468e+17	3.35206e+17	8.58665e+15	5.62444e+15	5.13718e+15	2.24803e+15	1.42235e+15	2.84472e+15	4.26706e+15	5.68941e+15	7.11177e+15	8.53413e+15	9.95647e+15	1.13788e+16	1.27953e+16	2.32532e+16	3.09705e+17	4.53321e+17	4.69035	4.68987	4.68987	4.68987	4.68987	4.68987	4.68987	4.68987	4.68987	4.68987	4.68987	4.68986	4.68986	4.68986	4.68986	
3764.19	6.86536e+17	2.79491e+17	1.22306e+17	7.73839e+16	1.54768e+17	2.32152e+17	3.09535e+17	3.86919e+17	4.64303e+17	5.41687e+17	6.19071e+17	6.96134e+17	7.58473e+17	3.35205e+17	8.58665e+15	5.62681e+15	5.13719e+15	2.24804e+15	1.42235e+15	2.84472e+15	4.26706e+15	5.68942e+15	7.11178e+15	8.53414e+15	9.95648e+15	1.13789e+16	1.27953e+16	2.32534e+16	3.09704e+17	4.53321e+17	4.69064	4.68987	4.68987	4.68987	4.68987	4.68987	4.68987	4.68987	4.68987	4.68987	4.68987	4.68986	4.68986	4.68986	4.68986	
4014.97	6.86531e+17	2.79491e+17	1.22306e+17	7.73839e+16	1.54768e+17	2.32152e+17	3.09535e+17	3.86919e+17	4.64303e+17	5.41687e+17	6.19071e+17	6.96134e+17	7.58477e+17	3.35205e+17	8.58665e+15	5.6301e+15	5.1372e+15	2.24804e+15	1.42236e+15	2.84473e+15	4.26707e+15	5.68943e+15	7.11179e+15	8.53416e+15	9.9565e+15	1.13789e+16	1.27953e+16	2.32535e+16	3.09704e+17	4.53321e+17	4.69104	4.68987	4.68987	4.68987	4.68987	4.68987	4.68987	4.68987	4.68987	4.68987	4.68987	4.68986	4.68986	4.68986	4.68986	
4265.4	6.86524e+17	2.7949e+17	1.22306e+17	7.73839e+16	1.54768e+17	2.32152e+17	3.09535e+17	3.86919e+17	4.64303e+17	5.41687e+17	6.19071e+17	6.96134e+17	7.58482e+17	3.35204e+17	8.58665e+15	5.63449e+15	5.13722e+15	2.24805e+15	1.42236e+15	2.84474e+15	4.26708e+15	5.68945e+15	7.11181e+15	8.53419e+15	9.95653e+15	1.13789e+16	1.27953e+16	2.32536e+16	3.09704e+17	4.53321e+17	4.69158	4.68987	4.68987	4.68987	4.68987	4.68987	4.68987	4.68987	4.68987	4.68987	4.68987	4.68986	4.68986	4.68986	4.68986	
4516.65	6.86515e+17	2.7949e+17	1.22306e+17	7.73838e+16	1.54768e+17	2.32152e+17	3.09535e+17	3.86919e+17	4.64303e+17	5.41687e+17	6.19071e+17	6.96134e+17	7.58485e+17	3.35204e+17	8.58665e+15	5.64019e+15	5.13724e+15	2.24806e+15	1.42237e+15	2.84475e+15	4.26711e+15	5.68948e+15	7.11185e+15	8.53423e+15	9.95658e+15	1.1379e+16	1.27953e+16	2.32538e+16	3.09703e+17	4.53321e+17	4.69228	4.68987	4.68987	4.68987	4.68987	4.68987	4.68987	4.68987	4.68987	4.68987	4.68987	4.68986	4.68986	4.68986	4.68986	
4767.14	6.86504e+17	2.7949e+17	1.22306e+17	7.73838e+16	1.54768e+17	2.32151e+17	3.09535e+17	3.86919e+17	4.64303e+17	5.41687e+17	6.1907e+17	6.96134e+17	7.58489e+17	3.35204e+17	8.58665e+15	5.64733e+15	5.13728e+15	2.24808e+15	1.42238e+15	2.84477e+15	4.26714e+15	5.68952e+15	7.1119e+15	8.53429e+15	9.95666e+15	1.13791e+16	1.27953e+16	2.32539e+16	3.09703e+17	4.53321e+17	4.69317	4.68988	4.68988	4.68988	4.68988	4.68988	4.68988	4.68988	4.68988	4.68988	4.68988	4.68986	4.68986	4.68986	4.68986	
5018.01	6.8649e+17	2.7949e+17	1.22306e+17	7.73838e+16	1.54768e+17	2.32151e+17	3.09535e+17	3.86919e+17	4.64303e+17	5.41687e+17	6.1907e+17	6.96134e+17	7.58492e+17	3.35204e+17	8.58665e+15	5.65608e+15	5.13733e+15	2.2481e+15	1.42239e+15	2.8448e+15	4.26718e+15	5.68958e+15	7.11197e+15	8.53438e+15	9.95676e+15	1.13792e+16	1.27953e+16	2.3254e+16	3.09703e+17	4.53321e+17	4.69425	4.68989	4.68989	4.68989	4.68989	4.68989	4.68989	4.68989	4.68989	4.68989	4.68989	4.68987	4.68986	4.68986	4.68986	
5269.08	6.86473e+17	2.7949e+17	1.22306e+17	7.73838e+16	1.54767e+17	2.32151e+17	3.09535e+17	3.86919e+17	4.64302e+17	5.41686e+17	6.1907e+17	6.96134e+17	7.58495e+17	3.35204e+17	8.58665e+15	5.66656e+15	5.13741e+15	2.24813e+15	1.42241e+15	2.84484e+15	4.26724e+15	5.68966e+15	7.11208e+15	8.5345e+15	9.9569e+15	1.13793e+16	1.27954e+16	2.32541e+16	3.09703e+17	4.53321e+17	4.69556	4.6899	4.6899	4.6899	4.6899	4.6899	4.6899	4.6899	4.6899	4.6899	4.6899	4.68987	4.68986	4.68986	4.68986	
5519.26	6.86454e+17	2.7949e+17	1.22306e+17	7.73837e+16	1.54767e+17	2.32151e+17	3.09535e+17	3.86919e+17	4.64302e+17	5.41686e+17	6.1907e+17	6.96133e+17	7.58498e+17	3.35203e+17	8.58665e+15	5.67878e+15	5.13751e+15	2.24818e+15	1.42244e+15	2.8449e+15	4.26732e+15	5.68977e+15	7.11221e+15	8.53467e+15	9.95709e+15	1.13796e+16	1.27954e+16	2.32541e+16	3.09703e+17	4.53321e+17	4.69708	4.68991	4.68991	4.68991	4.68991	4.68991	4.68991	4.68991	4.68991	4.68991	4.68991	4.68987	4.68986	4.68986	4.68986	
5770.33	6.86432e+17	2.7949e+17	1.22305e+17	7.73836e+16	1.54767e+17	2.32151e+17	3.09535e+17	3.86918e+17	4.64302e+17	5.41686e+17	6.19069e+17	6.96133e+17	7.585e+17	3.35203e+17	8.58665e+15	5.69285e+15	5.13764e+15	2.24823e+15	1.42248e+15	2.84497e+15	4.26744e+15	5.68992e+15	7.1124e+15	8.53489e+15	9.95735e+15	1.13799e+16	1.27955e+16	2.32542e+16	3.09703e+17	4.53321e+17	4.69884	4.68993	4.68993	4.68993	4.68993	4.68993	4.68993	4.68993	4.68993	4.68993	4.68993	4.68987	4.68986	4.68986	4.68986	
6021.61	6.86407e+17	2.79489e+17	1.22305e+17	7.73836e+16	1.54767e+17	2.32151e+17	3.09534e+17	3.86918e+17	4.64301e+17	5.41685e+17	6.19068e+17	6.96133e+17	7.58503e+17	3.35203e+17	8.58665e+15	5.70873e+15	5.13781e+15	2.24831e+15	1.42253e+15	2.84507e+15	4.26758e+15	5.69011e+15	7.11264e+15	8.53518e+15	9.95769e+15	1.13803e+16	1.27956e+16	2.32543e+16	3.09703e+17	4.53321e+17	4.70083	4.68995	4.68995	4.68995	4.68995	4.68995	4.68995	4.68995	4.68995	4.68995	4.68995	4.68987	4.68986	4.68986	4.68986	
6271.92	6.86379e+17	2.79489e+17	1.22305e+17	7.73835e+16	1.54767e+17	2.3215e+17	3.09534e+17	3.86917e+17	4.64301e+17	5.41684e+17	6.19068e+17	6.96133e+17	7.58505e+17	3.35203e+17	8.58665e+15	5.72629e+15	5.13804e+15	2.24841e+15	1.42259e+15	2.84519e+15	4.26777e+15	5.69036e+15	7.11295e+15	8.53555e+15	9.95812e+15	1.13808e+16	1.27957e+16	2.32544e+16	3.09703e+17	4.53321e+17	4.70303	4.68998	4.68998	4.68998	4.68998	4.68998	4.68998	4.68998	4.68998	4.68998	4.68998	4.68987	4.68986	4.68986	4.68986	
6522.95	6.86349e+17	2.79489e+17	1.22305e+17	7.73833e+16	1.54767e+17	2.3215e+17	3.09533e+17	3.86917e+17	4.643e+17	5.41683e+17	6.19067e+17	6.96132e+17	7.58507e+17	3.35203e+17	8.58665e+15	5.74553e+15	5.13832e+15	2.24853e+15	1.42267e+15	2.84535e+15	4.268e+15	5.69067e+15	7.11334e+15	8.53602e+15	9.95867e+15	1.13814e+16	1.27959e+16	2.32544e+16	3.09703e+17	4.53321e+17	4.70545	4.69002	4.69002	4.69002	4.69002	4.69002	4.69002	4.69002	4.69002	4.69002	4.69002	4.68987	4.68986	4.68986	4.68986	
6773.63	6.86316e+17	2.79488e+17	1.22305e+17	7.73832e+16	1.54766e+17	2.3215e+17	3.09533e+17	3.86916e+17	4.64299e+17	5.41682e+17	6.19065e+17	6.96132e+17	7.58509e+17	3.35203e+17	8.58665e+15	5.76624e+15	5.13867e+15	2.24869e+15	1.42276e+15	2.84554e+15	4.26829e+15	5.69106e+15	7.11383e+15	8.53661e+15	9.95936e+15	1.13822e+16	1.27961e+16	2.32545e+16	3.09703e+17	4.53321e+17	4.70805	4.69007	4.69007	4.69007	4.69007	4.69007	4.69007	4.69007	4.69007	4.69007	4.69007	4.68987	4.68986	4.68986	4.68986	
7024.26	6.86282e+17	2.79487e+17	1.22304e+17	7.7383e+16	1.54766e+17	2.32149e+17	3.09532e+17	3.86915e+17	4.64298e+17	5.41681e+17	6.19064e+17	6.96131e+17	7.58511e+17	3.35203e+17	8.58665e+15	5.78828e+15	5.13911e+15	2.24888e+15	1.42288e+15	2.84579e+15	4.26866e+15	5.69154e+15	7.11443e+15	8.53733e+15	9.9602e+15	1.13832e+16	1.27964e+16	2.32545e+16	3.09703e+17	4.53321e+17	4.71081	4.69013	4.69013	4.69013	4.69013	4.69013	4.69013	4.69013	4.69013	4.69013	4.69013	4.68987	4.68986	4.68986	4.68986	
7275.73	6.86245e+17	2.79486e+17	1.22304e+17	7.73828e+16	1.54765e+17	2.32148e+17	3.09531e+17	3.86914e+17	4.64297e+17	5.41679e+17	6.19062e+17	6.9613e+17	7.58513e+17	3.35203e+17	8.58665e+15	5.81154e+15	5.13964e+15	2.24911e+15	1.42303e+15	2.84608e+15	4.2691e+15	5.69213e+15	7.11517e+15	8.53821e+15	9.96123e+15	1.13843e+16	1.27968e+16	2.32546e+16	3.09703e+17	4.53321e+17	4.71373	4.69021	4.69021	4.69021	4.69021	4.69021	4.69021	4.69021	4.69021	4.69021	4.69021	4.68988	4.68986	4.68986	4.68986	
7529.76	6.86207e+17	2.79485e+17	1.22304e+17	7.73825e+16	1.54765e+17	2.32147e+17	3.0953e+17	3.86912e+17	4.64295e+17	5.41677e+17	6.1906e+17	6.96129e+17	7.58515e+17	3.35203e+17	8.58665e+15	5.83599e+15	5.14029e+15	2.2494e+15	1.42321e+15	2.84644e+15	4.26964e+15	5.69285e+15	7.11607e+15	8.53929e+15	9.96249e+15	1.13858e+16	1.27973e+16	2.32547e+16	3.09703e+17	4.53321e+17	4.71679	4.6903	4.6903	4.6903	4.6903	4.6903	4.6903	4.6903	4.6903	4.6903	4.6903	4.68988	4.68986	4.68986	4.68986	
7780.8	6.86167e+17	2.79484e+17	1.22303e+17	7.73821e+16	1.54764e+17	2.32146e+17	3.09529e+17	3.86911e+17	4.64293e+17	5.41675e+17	6.19057e+17	6.96128e+17	7.58516e+17	3.35203e+17	8.58665e+15	5.86086e+15	5.14106e+15	2.24973e+15	1.42342e+15	2.84687e+15	4.27028e+15	5.6937e+15	7.11713e+15	8.54057e+15	9.96398e+15	1.13875e+16	1.27978e+16	2.32547e+16	3.09703e+17	4.53321e+17	4.71991	4.6904	4.6904	4.6904	4.6904	4.6904	4.6904	4.6904	4.6904	4.6904	4.6904	4.68989	4.68986	4.68986	4.68986	
8031.48	6.86128e+17	2.79483e+17	1.22302e+17	7.73817e+16	1.54763e+17	2.32145e+17	3.09527e+17	3.86909e+17	4.6429e+17	5.41672e+17	6.19054e+17	6.96127e+17	7.58518e+17	3.35203e+17	8.58665e+15	5.88618e+15	5.14197e+15	2.25013e+15	1.42368e+15	2.84737e+15	4.27103e+15	5.69471e+15	7.11839e+15	8.54207e+15	9.96573e+15	1.13895e+16	1.27986e+16	2.32548e+16	3.09703e+17	4.53321e+17	4.72308	4.69053	4.69053	4.69053	4.69053	4.69053	4.69053	4.69053	4.69053	4.69053	4.69053	4.68989	4.68986	4.68986	4.68986	
8282.11	6.86087e+17	2.79481e+17	1.22302e+17	7.73813e+16	1.54763e+17	2.32144e+17	3.09525e+17	3.86906e+17	4.64288e+17	5.41669e+17	6.1905e+17	6.96125e+17	7.58519e+17	3.35203e+17	8.58665e+15	5.91175e+15	5.14303e+15	2.25059e+15	1.42397e+15	2.84795e+15	4.27191e+15	5.69588e+15	7.11985e+15	8.54383e+15	9.96779e+15	1.13919e+16	1.27994e+16	2.32548e+16	3.09703e+17	4.53321e+17	4.72627	4.69068	4.69068	4.69068	4.69068	4.69068	4.69068	4.69068	4.69068	4.69068	4.69068	4.6899	4.68986	4.68986	4.68986	
8533.58	6.86047e+17	2.79479e+17	1.22301e+17	7.73807e+16	1.54761e+17	2.32142e+17	3.09523e+17	3.86904e+17	4.64284e+17	5.41665e+17	6.19046e+17	6.96123e+17	7.58521e+17	3.35203e+17	8.58665e+15	5.93745e+15	5.14426e+15	2.25113e+15	1.42431e+15	2.84864e+15	4.27293e+15	5.69725e+15	7.12156e+15	8.54588e+15	9.97018e+15	1.13946e+16	1.28005e+16	2.32548e+16	3.09703e+17	4.53321e+17	4.72948	4.69085	4.69085	4.69085	4.69085	4.69085	4.69085	4.69085	4.69085	4.69085	4.69085	4.68991	4.68986	4.68986	4.68986	
8787.61	6.86006e+17	2.79477e+17	1.223e+17	7.73801e+16	1.5476e+17	2.3214e+17	3.0952e+17	3.869e+17	4.64281e+17	5.41661e+17	6.19041e+17	6.96121e+17	7.58522e+17	3.35203e+17	8.58665e+15	5.96325e+15	5.1457e+15	2.25176e+15	1.42471e+15	2.84943e+15	4.27413e+15	5.69884e+15	7.12355e+15	8.54827e+15	9.97297e+15	1.13978e+16	1.28018e+16	2.32549e+16	3.09703e+17	4.53321e+17	4.73269	4.69105	4.69105	4.69105	4.69105	4.69105	4.69105	4.69105	4.69105	4.69105	4.69105	4.68992	4.68986	4.68986	4.68986	
9038.64	6.85967e+17	2.79474e+17	1.22299e+17	7.73794e+16	1.54759e+17	2.32138e+17	3.09518e+17	3.86897e+17	4.64276e+17	5.41656e+17	6.19035e+17	6.96118e+17	7.58523e+17	3.35203e+17	8.58665e+15	5.98838e+15	5.14732e+15	2.25247e+15	1.42516e+15	2.85033e+15	4.27548e+15	5.70064e+15	7.1258e+15	8.55097e+15	9.97612e+15	1.14015e+16	1.28034e+16	2.32549e+16	3.09703e+17	4.53321e+17	4.73581	4.69128	4.69128	4.69128	4.69128	4.69128	4.69128	4.69128	4.69128	4.69128	4.69128	4.68994	4.68986	4.68986	4.68986	
9289.33	6.85928e+17	2.79471e+17	1.22297e+17	7.73786e+16	1.54757e+17	2.32136e+17	3.09514e+17	3.86893e+17	4.64271e+17	5.4165e+17	6.19028e+17	6.96115e+17	7.58525e+17	3.35203e+17	8.58665e+15	6.01296e+15	5.14916e+15	2.25328e+15	1.42567e+15	2.85135e+15	4.27701e+15	5.70268e+15	7.12835e+15	8.55403e+15	9.97969e+15	1.14056e+16	1.28052e+16	2.3255e+16	3.09703e+17	4.53321e+17	4.73886	4.69154	4.69154	4.69154	4.69154	4.69154	4.69154	4.69154	4.69154	4.69154	4.69154	4.68995	4.68986	4.68986	4.68986	
9539.96	6.8589e+17	2.79468e+17	1.22296e+17	7.73777e+16	1.54755e+17	2.32133e+17	3.09511e+17	3.86888e+17	4.64266e+17	5.41644e+17	6.19021e+17	6.96111e+17	7.58526e+17	3.35203e+17	8.58665e+15	6.03686e+15	5.15124e+15	2.25419e+15	1.42624e+15	2.8525e+15	4.27873e+15	5.70498e+15	7.13122e+15	8.55748e+15	9.98371e+15	1.14102e+16	1.28073e+16	2.3255e+16	3.09703e+17	4.53321e+17	4.74181	4.69183	4.69183	4.69183	4.69183	4.69183	4.69183	4.69183	4.69183	4.69183	4.69183	4.68997	4.68986	4.68986	4.68986	
9791.43	6.85854e+17	2.79464e+17	1.22294e+17	7.73767e+16	1.54753e+17	2.3213e+17	3.09507e+17	3.86883e+17	4.6426e+17	5.41637e+17	6.19013e+17	6.96107e+17	7.58527e+17	3.35203e+17	8.58665e+15	6.06003e+15	5.15357e+15	2.25521e+15	1.42689e+15	2.85379e+15	4.28067e+15	5.70756e+15	7.13445e+15	8.56135e+15	9.98823e+15	1.14154e+16	1.28098e+16	2.3255e+16	3.09703e+17	4.53321e+17	4.74467	4.69216	4.69216	4.69216	4.69216	4.69216	4.69216	4.69216	4.69216	4.69216	4.69215	4.69	4.68986	4.68986	4.68986	
10045.5	6.85818e+17	2.7946e+17	1.22293e+17	7.73755e+16	1.54751e+17	2.32127e+17	3.09502e+17	3.86877e+17	4.64253e+17	5.41629e+17	6.19004e+17	6.96102e+17	7.58528e+17	3.35203e+17	8.58665e+15	6.08251e+15	5.1562e+15	2.25636e+15	1.42762e+15	2.85525e+15	4.28285e+15	5.71047e+15	7.13809e+15	8.56571e+15	9.99332e+15	1.14212e+16	1.28127e+16	2.32551e+16	3.09703e+17	4.53321e+17	4.74743	4.69252	4.69252	4.69252	4.69252	4.69252	4.69252	4.69252	4.69252	4.69252	4.69252	4.69002	4.68986	4.68986	4.68986	
10296.5	6.85785e+17	2.79456e+17	1.22291e+17	7.73742e+16	1.54748e+17	2.32123e+17	3.09497e+17	3.86871e+17	4.64245e+17	5.4162e+17	6.18993e+17	6.96096e+17	7.58529e+17	3.35203e+17	8.58665e+15	6.10372e+15	5.15907e+15	2.25761e+15	1.42841e+15	2.85684e+15	4.28524e+15	5.71365e+15	7.14206e+15	8.57049e+15	9.99889e+15	1.14276e+16	1.28161e+16	2.32551e+16	3.09703e+17	4.53321e+17	4.75003	4.69293	4.69293	4.69293	4.69293	4.69293	4.69293	4.69293	4.69293	4.69293	4.69292	4.69005	4.68986	4.68986	4.68986	
10547.2	6.85753e+17	2.79451e+17	1.22288e+17	7.73729e+16	1.54746e+17	2.32119e+17	3.09491e+17	3.86864e+17	4.64237e+17	5.4161e+17	6.18982e+17	6.9609e+17	7.5853e+17	3.35203e+17	8.58665e+15	6.12383e+15	5.16223e+15	2.259e+15	1.42929e+15	2.85859e+15	4.28786e+15	5.71715e+15	7.14644e+15	8.57573e+15	1.0005e+16	1.14346e+16	1.28199e+16	2.32551e+16	3.09703e+17	4.53321e+17	4.75249	4.69337	4.69337	4.69337	4.69337	4.69337	4.69337	4.69337	4.69337	4.69337	4.69337	4.69009	4.68986	4.68986	4.68986	
10797.8	6.85723e+17	2.79445e+17	1.22286e+17	7.73713e+16	1.54743e+17	2.32114e+17	3.09485e+17	3.86857e+17	4.64228e+17	5.41599e+17	6.1897e+17	6.96083e+17	7.58531e+17	3.35203e+17	8.58665e+15	6.14283e+15	5.16569e+15	2.26051e+15	1.43024e+15	2.8605e+15	4.29073e+15	5.72098e+15	7.15122e+15	8.58148e+15	1.00117e+16	1.14423e+16	1.28243e+16	2.32552e+16	3.09703e+17	4.53321e+17	4.75481	4.69385	4.69385	4.69385	4.69385	4.69385	4.69385	4.69385	4.69385	4.69385	4.69385	4.69013	4.68986	4.68986	4.68986	
11049.3	6.85695e+17	2.79439e+17	1.22283e+17	7.73697e+16	1.54739e+17	2.32109e+17	3.09479e+17	3.86848e+17	4.64218e+17	5.41588e+17	6.18957e+17	6.96074e+17	7.58532e+17	3.35203e+17	8.58665e+15	6.16076e+15	5.16947e+15	2.26216e+15	1.43129e+15	2.86259e+15	4.29387e+15	5.72516e+15	7.15646e+15	8.58776e+15	1.0019e+16	1.14507e+16	1.28293e+16	2.32552e+16	3.09703e+17	4.53321e+17	4.75698	4.69438	4.69438	4.69438	4.69438	4.69438	4.69438	4.69438	4.69438	4.69438	4.69438	4.69017	4.68986	4.68986	4.68986	
11303.3	6.85669e+17	2.79433e+17	1.22281e+17	7.73679e+16	1.54736e+17	2.32104e+17	3.09472e+17	3.86839e+17	4.64207e+17	5.41575e+17	6.18942e+17	6.96065e+17	7.58533e+17	3.35203e+17	8.58665e+15	6.17769e+15	5.17361e+15	2.26398e+15	1.43244e+15	2.86489e+15	4.29731e+15	5.72975e+15	7.16219e+15	8.59464e+15	1.00271e+16	1.14599e+16	1.2835e+16	2.32552e+16	3.09703e+17	4.53321e+17	4.75904	4.69496	4.69496	4.69496	4.69496	4.69496	4.69496	4.69496	4.69496	4.69496	4.69496	4.69023	4.68986	4.68986	4.68986	
11554.3	6.85644e+17	2.79426e+17	1.22277e+17	7.73659e+16	1.54732e+17	2.32098e+17	3.09464e+17	3.8683e+17	4.64196e+17	5.41562e+17	6.18927e+17	6.96055e+17	7.58534e+17	3.35203e+17	8.58665e+15	6.19328e+15	5.17803e+15	2.26591e+15	1.43366e+15	2.86734e+15	4.30099e+15	5.73465e+15	7.16832e+15	8.60199e+15	1.00356e+16	1.14697e+16	1.28414e+16	2.32552e+16	3.09703e+17	4.53321e+17	4.76092	4.69558	4.69558	4.69558	4.69558	4.69558	4.69558	4.69558	4.69558	4.69558	4.69558	4.69028	4.68986	4.68986	4.68986	
11805	6.85621e+17	2.79418e+17	1.22274e+17	7.73639e+16	1.54728e+17	2.32092e+17	3.09455e+17	3.86819e+17	4.64183e+17	5.41547e+17	6.1891e+17	6.96043e+17	7.58534e+17	3.35203e+17	8.58665e+15	6.20771e+15	5.18278e+15	2.26799e+15	1.43498e+15	2.86997e+15	4.30493e+15	5.73991e+15	7.17489e+15	8.60987e+15	1.00448e+16	1.14803e+16	1.28485e+16	2.32553e+16	3.09703e+17	4.53321e+17	4.76266	4.69624	4.69624	4.69624	4.69624	4.69624	4.69624	4.69624	4.69624	4.69624	4.69624	4.69035	4.68986	4.68986	4.68986	
12055.7	6.856e+17	2.7941e+17	1.22271e+17	7.73616e+16	1.54723e+17	2.32085e+17	3.09447e+17	3.86808e+17	4.6417e+17	5.41532e+17	6.18892e+17	6.9603e+17	7.58535e+17	3.35203e+17	8.58665e+15	6.22104e+15	5.18786e+15	2.27021e+15	1.43638e+15	2.87278e+15	4.30915e+15	5.74553e+15	7.18192e+15	8.61831e+15	1.00547e+16	1.14916e+16	1.28564e+16	2.32553e+16	3.09703e+17	4.53321e+17	4.76426	4.69695	4.69695	4.69695	4.69695	4.69695	4.69695	4.69695	4.69695	4.69695	4.69695	4.69042	4.68986	4.68986	4.68986	
12307.1	6.85581e+17	2.79402e+17	1.22267e+17	7.73593e+16	1.54719e+17	2.32078e+17	3.09437e+17	3.86796e+17	4.64156e+17	5.41515e+17	6.18873e+17	6.96016e+17	7.58536e+17	3.35204e+17	8.58665e+15	6.23334e+15	5.19329e+15	2.27259e+15	1.43789e+15	2.87579e+15	4.31366e+15	5.75155e+15	7.18944e+15	8.62734e+15	1.00652e+16	1.15036e+16	1.28652e+16	2.32553e+16	3.09703e+17	4.53321e+17	4.76574	4.69771	4.69771	4.69771	4.69771	4.69771	4.69771	4.69771	4.69771	4.69771	4.69771	4.6905	4.68986	4.68986	4.68986	
12561.2	6.85563e+17	2.79392e+17	1.22263e+17	7.73567e+16	1.54713e+17	2.3207e+17	3.09427e+17	3.86784e+17	4.6414e+17	5.41497e+17	6.18853e+17	6.96e+17	7.58537e+17	3.35204e+17	8.58665e+15	6.24472e+15	5.19913e+15	2.27514e+15	1.4395e+15	2.87902e+15	4.31851e+15	5.75801e+15	7.19752e+15	8.63703e+15	1.00765e+16	1.15166e+16	1.28751e+16	2.32553e+16	3.09703e+17	4.53321e+17	4.76711	4.69853	4.69853	4.69853	4.69853	4.69853	4.69853	4.69853	4.69853	4.69853	4.69852	4.69059	4.68986	4.68986	4.68986	
12812.2	6.85547e+17	2.79383e+17	1.22259e+17	7.7354e+16	1.54708e+17	2.32062e+17	3.09416e+17	3.8677e+17	4.64124e+17	5.41478e+17	6.18831e+17	6.95983e+17	7.58537e+17	3.35204e+17	8.58665e+15	6.25499e+15	5.20523e+15	2.27781e+15	1.44119e+15	2.8824e+15	4.32358e+15	5.76477e+15	7.20597e+15	8.64717e+15	1.00883e+16	1.15301e+16	1.28859e+16	2.32554e+16	3.09703e+17	4.53321e+17	4.76834	4.69938	4.69938	4.69938	4.69938	4.69938	4.69938	4.69938	4.69938	4.69938	4.69937	4.69069	4.68986	4.68986	4.68986	
13062.9	6.85532e+17	2.79373e+17	1.22254e+17	7.73512e+16	1.54702e+17	2.32054e+17	3.09405e+17	3.86756e+17	4.64107e+17	5.41459e+17	6.18809e+17	6.95964e+17	7.58538e+17	3.35204e+17	8.58665e+15	6.26432e+15	5.21165e+15	2.28062e+15	1.44297e+15	2.88595e+15	4.32891e+15	5.77189e+15	7.21486e+15	8.65784e+15	1.01008e+16	1.15444e+16	1.28977e+16	2.32554e+16	3.09703e+17	4.53321e+17	4.76945	4.70027	4.70027	4.70027	4.70027	4.70027	4.70027	4.70027	4.70027	4.70027	4.70027	4.6908	4.68986	4.68986	4.68986	
13313.5	6.85519e+17	2.79362e+17	1.2225e+17	7.73483e+16	1.54697e+17	2.32045e+17	3.09393e+17	3.86741e+17	4.6409e+17	5.41438e+17	6.18785e+17	6.95943e+17	7.58538e+17	3.35204e+17	8.58665e+15	6.27279e+15	5.2184e+15	2.28358e+15	1.44484e+15	2.88969e+15	4.33452e+15	5.77936e+15	7.2242e+15	8.66905e+15	1.01139e+16	1.15594e+16	1.29106e+16	2.32554e+16	3.09703e+17	4.53321e+17	4.77047	4.70121	4.70121	4.70121	4.70121	4.70121	4.70121	4.70121	4.70121	4.70121	4.70121	4.69092	4.68986	4.68986	4.68986	
13565	6.85507e+17	2.79351e+17	1.22245e+17	7.73452e+16	1.5469e+17	2.32036e+17	3.09381e+17	3.86726e+17	4.64071e+17	5.41416e+17	6.1876e+17	6.9592e+17	7.58539e+17	3.35204e+17	8.58665e+15	6.28047e+15	5.2255e+15	2.28668e+15	1.4468e+15	2.89362e+15	4.34041e+15	5.78722e+15	7.23403e+15	8.68084e+15	1.01276e+16	1.15751e+16	1.29248e+16	2.32554e+16	3.09703e+17	4.53321e+17	4.77139	4.7022	4.7022	4.7022	4.7022	4.7022	4.7022	4.7022	4.7022	4.7022	4.7022	4.69105	4.68986	4.68986	4.68986	
13819	6.85496e+17	2.79339e+17	1.22239e+17	7.73419e+16	1.54684e+17	2.32026e+17	3.09368e+17	3.86709e+17	4.64051e+17	5.41393e+17	6.18734e+17	6.95895e+17	7.5854e+17	3.35204e+17	8.58665e+15	6.28745e+15	5.23298e+15	2.28996e+15	1.44888e+15	2.89776e+15	4.34663e+15	5.79551e+15	7.24439e+15	8.69327e+15	1.01421e+16	1.15917e+16	1.29404e+16	2.32554e+16	3.09703e+17	4.53321e+17	4.77224	4.70324	4.70324	4.70324	4.70324	4.70324	4.70324	4.70324	4.70324	4.70324	4.70324	4.6912	4.68986	4.68986	4.68986	
14070	6.85486e+17	2.79327e+17	1.22234e+17	7.73385e+16	1.54677e+17	2.32016e+17	3.09354e+17	3.86693e+17	4.64031e+17	5.4137e+17	6.18707e+17	6.95868e+17	7.5854e+17	3.35204e+17	8.58665e+15	6.29365e+15	5.24068e+15	2.29333e+15	1.45101e+15	2.90203e+15	4.35303e+15	5.80404e+15	7.25505e+15	8.70607e+15	1.01571e+16	1.16088e+16	1.29571e+16	2.32554e+16	3.09703e+17	4.53321e+17	4.77299	4.70432	4.70432	4.70432	4.70432	4.70432	4.70432	4.70432	4.70432	4.70432	4.70431	4.69135	4.68986	4.68986	4.68986	
14320.7	6.85477e+17	2.79314e+17	1.22229e+17	7.7335e+16	1.5467e+17	2.32005e+17	3.0934e+17	3.86675e+17	4.6401e+17	5.41345e+17	6.18679e+17	6.9584e+17	7.5854e+17	3.35204e+17	8.58665e+15	6.2992e+15	5.24867e+15	2.29682e+15	1.45322e+15	2.90645e+15	4.35966e+15	5.81288e+15	7.2661e+15	8.71933e+15	1.01725e+16	1.16265e+16	1.29751e+16	2.32555e+16	3.09703e+17	4.53321e+17	4.77367	4.70543	4.70543	4.70543	4.70543	4.70543	4.70543	4.70543	4.70543	4.70543	4.70542	4.69152	4.68986	4.68986	4.68986	
14571.3	6.85469e+17	2.79301e+17	1.22223e+17	7.73314e+16	1.54663e+17	2.31994e+17	3.09326e+17	3.86657e+17	4.63989e+17	5.4132e+17	6.1865e+17	6.95808e+17	7.58541e+17	3.35204e+17	8.58665e+15	6.30416e+15	5.25693e+15	2.30044e+15	1.45551e+15	2.91103e+15	4.36652e+15	5.82203e+15	7.27754e+15	8.73306e+15	1.01886e+16	1.16449e+16	1.29946e+16	2.32555e+16	3.09703e+17	4.53321e+17	4.77428	4.70658	4.70658	4.70658	4.70658	4.70658	4.70658	4.70658	4.70658	4.70658	4.70657	4.6917	4.68986	4.68986	4.68986	
14822.8	6.85462e+17	2.79288e+17	1.22217e+17	7.73277e+16	1.54655e+17	2.31983e+17	3.09311e+17	3.86638e+17	4.63966e+17	5.41294e+17	6.1862e+17	6.95775e+17	7.58541e+17	3.35204e+17	8.58665e+15	6.3086e+15	5.26549e+15	2.30418e+15	1.45788e+15	2.91576e+15	4.37363e+15	5.83151e+15	7.28939e+15	8.74727e+15	1.02051e+16	1.16638e+16	1.30156e+16	2.32555e+16	3.09703e+17	4.53321e+17	4.77484	4.70776	4.70776	4.70776	4.70776	4.70776	4.70776	4.70776	4.70776	4.70776	4.70776	4.69189	4.68986	4.68986	4.68986	
15076.8	6.85456e+17	2.79274e+17	1.22211e+17	7.73238e+16	1.54648e+17	2.31971e+17	3.09295e+17	3.86619e+17	4.63943e+17	5.41266e+17	6.18589e+17	6.95739e+17	7.58542e+17	3.35204e+17	8.58665e+15	6.31258e+15	5.27439e+15	2.30808e+15	1.46034e+15	2.92069e+15	4.38103e+15	5.84137e+15	7.30171e+15	8.76206e+15	1.02224e+16	1.16836e+16	1.30384e+16	2.32555e+16	3.09703e+17	4.53321e+17	4.77534	4.709	4.709	4.709	4.709	4.709	4.709	4.709	4.709	4.709	4.709	4.6921	4.68986	4.68986	4.68986	
15327.9	6.85451e+17	2.79259e+17	1.22205e+17	7.73198e+16	1.5464e+17	2.31959e+17	3.09279e+17	3.86599e+17	4.63919e+17	5.41239e+17	6.18557e+17	6.957e+17	7.58542e+17	3.35204e+17	8.58665e+15	6.31607e+15	5.28342e+15	2.31203e+15	1.46284e+15	2.9257e+15	4.38853e+15	5.85138e+15	7.31422e+15	8.77707e+15	1.02399e+16	1.17036e+16	1.30625e+16	2.32555e+16	3.09703e+17	4.53321e+17	4.7758	4.71025	4.71025	4.71025	4.71025	4.71025	4.71025	4.71025	4.71025	4.71025	4.71025	4.69233	4.68986	4.68986	4.68986	
15578.6	6.85446e+17	2.79245e+17	1.22198e+17	7.73158e+16	1.54632e+17	2.31947e+17	3.09263e+17	3.86579e+17	4.63895e+17	5.4121e+17	6.18525e+17	6.95659e+17	7.58542e+17	3.35204e+17	8.58665e+15	6.31916e+15	5.29267e+15	2.31608e+15	1.4654e+15	2.93081e+15	4.39621e+15	5.86161e+15	7.32702e+15	8.79243e+15	1.02578e+16	1.17241e+16	1.30882e+16	2.32555e+16	3.09703e+17	4.53321e+17	4.77621	4.71154	4.71154	4.71154	4.71154	4.71154	4.71154	4.71154	4.71154	4.71154	4.71153	4.69256	4.68986	4.68986	4.68986	
15829.2	6.85441e+17	2.7923e+17	1.22192e+17	7.73117e+16	1.54623e+17	2.31935e+17	3.09247e+17	3.86558e+17	4.6387e+17	5.41182e+17	6.18492e+17	6.95615e+17	7.58543e+17	3.35204e+17	8.58665e+15	6.32188e+15	5.30211e+15	2.32021e+15	1.46802e+15	2.93604e+15	4.40405e+15	5.87207e+15	7.34009e+15	8.80812e+15	1.02761e+16	1.1745e+16	1.31156e+16	2.32555e+16	3.09703e+17	4.53321e+17	4.77658	4.71285	4.71285	4.71285	4.71285	4.71285	4.71285	4.71285	4.71285	4.71285	4.71284	4.69282	4.68986	4.68986	4.68986	
16080.7	6.85438e+17	2.79214e+17	1.22185e+17	7.73074e+16	1.54615e+17	2.31922e+17	3.0923e+17	3.86537e+17	4.63845e+17	5.41152e+17	6.18458e+17	6.95569e+17	7.58543e+17	3.35204e+17	8.58665e+15	6.32429e+15	5.31177e+15	2.32444e+15	1.47069e+15	2.94139e+15	4.41208e+15	5.88277e+15	7.35347e+15	8.82417e+15	1.02949e+16	1.17665e+16	1.31448e+16	2.32555e+16	3.09703e+17	4.53321e+17	4.77692	4.71419	4.71419	4.71419	4.71419	4.71419	4.71419	4.71419	4.71419	4.71419	4.71418	4.69309	4.68986	4.68986	4.68986	
16334.7	6.85434e+17	2.79199e+17	1.22178e+17	7.73031e+16	1.54606e+17	2.31909e+17	3.09212e+17	3.86515e+17	4.63818e+17	5.41122e+17	6.18423e+17	6.95519e+17	7.58543e+17	3.35204e+17	8.58665e+15	6.32643e+15	5.32171e+15	2.32879e+15	1.47344e+15	2.94689e+15	4.42033e+15	5.89377e+15	7.36722e+15	8.84067e+15	1.03141e+16	1.17885e+16	1.3176e+16	2.32555e+16	3.09703e+17	4.53321e+17	4.77724	4.71556	4.71556	4.71556	4.71556	4.71556	4.71556	4.71556	4.71556	4.71556	4.71556	4.69338	4.68986	4.68986	4.68986	
16585.7	6.85431e+17	2.79183e+17	1.22171e+17	7.72987e+16	1.54597e+17	2.31896e+17	3.09195e+17	3.86494e+17	4.63792e+17	5.41091e+17	6.18388e+17	6.95467e+17	7.58544e+17	3.35204e+17	8.58665e+15	6.32829e+15	5.33167e+15	2.33315e+15	1.4762e+15	2.95241e+15	4.42861e+15	5.90481e+15	7.38101e+15	8.85722e+15	1.03334e+16	1.18106e+16	1.32088e+16	2.32556e+16	3.09703e+17	4.53321e+17	4.77753	4.71694	4.71694	4.71694	4.71694	4.71694	4.71694	4.71694	4.71694	4.71694	4.71694	4.69368	4.68986	4.68986	4.68986	
16836.4	6.85429e+17	2.79167e+17	1.22164e+17	7.72943e+16	1.54589e+17	2.31883e+17	3.09177e+17	3.86472e+17	4.63766e+17	5.4106e+17	6.18353e+17	6.95412e+17	7.58544e+17	3.35204e+17	8.58665e+15	6.32992e+15	5.34175e+15	2.33756e+15	1.47899e+15	2.95799e+15	4.43698e+15	5.91597e+15	7.39497e+15	8.87397e+15	1.0353e+16	1.18329e+16	1.32433e+16	2.32556e+16	3.09703e+17	4.53321e+17	4.7778	4.71834	4.71834	4.71834	4.71834	4.71834	4.71834	4.71834	4.71834	4.71834	4.71833	4.694	4.68986	4.68986	4.68986	
17087	6.85427e+17	2.79151e+17	1.22157e+17	7.72899e+16	1.5458e+17	2.3187e+17	3.09159e+17	3.86449e+17	4.63739e+17	5.41029e+17	6.18317e+17	6.95354e+17	7.58544e+17	3.35204e+17	8.58665e+15	6.33134e+15	5.35194e+15	2.34202e+15	1.48181e+15	2.96364e+15	4.44545e+15	5.92726e+15	7.40908e+15	8.8909e+15	1.03727e+16	1.18555e+16	1.32796e+16	2.32556e+16	3.09703e+17	4.53321e+17	4.77804	4.71975	4.71975	4.71975	4.71975	4.71975	4.71975	4.71975	4.71975	4.71975	4.71974	4.69434	4.68986	4.68986	4.68986	
17338.5	6.85425e+17	2.79135e+17	1.2215e+17	7.72853e+16	1.54571e+17	2.31856e+17	3.09141e+17	3.86427e+17	4.63712e+17	5.40997e+17	6.18281e+17	6.95294e+17	7.58544e+17	3.35204e+17	8.58665e+15	6.33259e+15	5.36226e+15	2.34653e+15	1.48467e+15	2.96935e+15	4.45401e+15	5.93868e+15	7.42336e+15	8.90803e+15	1.03927e+16	1.18783e+16	1.3318e+16	2.32556e+16	3.09703e+17	4.53321e+17	4.77828	4.72118	4.72118	4.72118	4.72118	4.72118	4.72118	4.72118	4.72118	4.72118	4.72117	4.6947	4.68986	4.68986	4.68986	
17592.5	6.85423e+17	2.79118e+17	1.22143e+17	7.72807e+16	1.54561e+17	2.31842e+17	3.09123e+17	3.86404e+17	4.63684e+17	5.40965e+17	6.18244e+17	6.95229e+17	7.58545e+17	3.35204e+17	8.58665e+15	6.33369e+15	5.37275e+15	2.35113e+15	1.48758e+15	2.97516e+15	4.46273e+15	5.95031e+15	7.43789e+15	8.92547e+15	1.0413e+16	1.19016e+16	1.33587e+16	2.32556e+16	3.09703e+17	4.53321e+17	4.7785	4.72263	4.72263	4.72263	4.72263	4.72263	4.72263	4.72263	4.72263	4.72263	4.72262	4.69508	4.68986	4.68986	4.68986	
17843.6	6.85421e+17	2.79102e+17	1.22136e+17	7.72762e+16	1.54552e+17	2.31829e+17	3.09105e+17	3.86381e+17	4.63657e+17	5.40933e+17	6.18208e+17	6.95162e+17	7.58545e+17	3.35204e+17	8.58665e+15	6.33464e+15	5.38318e+15	2.35569e+15	1.49046e+15	2.98093e+15	4.47139e+15	5.96186e+15	7.45232e+15	8.94279e+15	1.04332e+16	1.19247e+16	1.34009e+16	2.32556e+16	3.09703e+17	4.53321e+17	4.77871	4.72407	4.72407	4.72407	4.72407	4.72407	4.72407	4.72407	4.72407	4.72407	4.72406	4.69547	4.68986	4.68986	4.68986	
18094.3	6.8542e+17	2.79085e+17	1.22128e+17	7.72716e+16	1.54543e+17	2.31815e+17	3.09086e+17	3.86358e+17	4.6363e+17	5.40901e+17	6.18171e+17	6.95092e+17	7.58545e+17	3.35204e+17	8.58665e+15	6.33547e+15	5.39362e+15	2.36026e+15	1.49336e+15	2.98672e+15	4.48007e+15	5.97343e+15	7.46678e+15	8.96014e+15	1.04535e+16	1.19478e+16	1.34449e+16	2.32556e+16	3.09703e+17	4.53321e+17	4.77891	4.72551	4.72551	4.72551	4.72551	4.72551	4.72551	4.72551	4.72551	4.72551	4.72551	4.69588	4.68986	4.68986	4.68986	
18344.9	6.85419e+17	2.79069e+17	1.22121e+17	7.7267e+16	1.54534e+17	2.31801e+17	3.09068e+17	3.86335e+17	4.63602e+17	5.40869e+17	6.18135e+17	6.95019e+17	7.58545e+17	3.35204e+17	8.58665e+15	6.33619e+15	5.40409e+15	2.36484e+15	1.49625e+15	2.99251e+15	4.48876e+15	5.98501e+15	7.48127e+15	8.97752e+15	1.04738e+16	1.1971e+16	1.34909e+16	2.32556e+16	3.09703e+17	4.53321e+17	4.7791	4.72696	4.72696	4.72696	4.72696	4.72696	4.72696	4.72696	4.72696	4.72696	4.72696	4.69631	4.68986	4.68986	4.68986	
18596.4	6.85418e+17	2.79052e+17	1.22114e+17	7.72624e+16	1.54525e+17	2.31787e+17	3.0905e+17	3.86312e+17	4.63575e+17	5.40837e+17	6.18098e+17	6.94942e+17	7.58545e+17	3.35204e+17	8.58665e+15	6.33682e+15	5.41458e+15	2.36943e+15	1.49916e+15	2.99832e+15	4.49748e+15	5.99664e+15	7.4958e+15	8.99496e+15	1.04941e+16	1.19943e+16	1.3539e+16	2.32556e+16	3.09703e+17	4.53321e+17	4.77928	4.72841	4.72841	4.72841	4.72841	4.72841	4.72841	4.72841	4.72841	4.72841	4.72841	4.69676	4.68986	4.68986	4.68986	
18850.4	6.85417e+17	2.79035e+17	1.22107e+17	7.72578e+16	1.54516e+17	2.31773e+17	3.09031e+17	3.86289e+17	4.63547e+17	5.40805e+17	6.18061e+17	6.94862e+17	7.58545e+17	3.35204e+17	8.58665e+15	6.33737e+15	5.42517e+15	2.37406e+15	1.50209e+15	3.00419e+15	4.50627e+15	6.00836e+15	7.51045e+15	9.01255e+15	1.05146e+16	1.20177e+16	1.35896e+16	2.32556e+16	3.09703e+17	4.53321e+17	4.77946	4.72987	4.72987	4.72987	4.72987	4.72987	4.72987	4.72987	4.72987	4.72987	4.72987	4.69723	4.68986	4.68986	4.68986	
19101.4	6.85416e+17	2.79019e+17	1.22099e+17	7.72532e+16	1.54506e+17	2.3176e+17	3.09013e+17	3.86266e+17	4.63519e+17	5.40773e+17	6.18024e+17	6.9478e+17	7.58546e+17	3.35204e+17	8.58665e+15	6.33784e+15	5.43559e+15	2.37863e+15	1.50498e+15	3.00996e+15	4.51493e+15	6.01991e+15	7.52488e+15	9.02986e+15	1.05348e+16	1.20408e+16	1.36416e+16	2.32556e+16	3.09703e+17	4.53321e+17	4.77964	4.73131	4.73131	4.73131	4.73131	4.73131	4.73131	4.73131	4.73131	4.73131	4.73131	4.69772	4.68986	4.68986	4.68986	
19352.1	6.85416e+17	2.79002e+17	1.22092e+17	7.72487e+16	1.54497e+17	2.31746e+17	3.08995e+17	3.86244e+17	4.63492e+17	5.40741e+17	6.17988e+17	6.94694e+17	7.58546e+17	3.35204e+17	8.58665e+15	6.33825e+15	5.44595e+15	2.38316e+15	1.50784e+15	3.01569e+15	4.52354e+15	6.03138e+15	7.53923e+15	9.04707e+15	1.05549e+16	1.20637e+16	1.36955e+16	2.32556e+16	3.09703e+17	4.53321e+17	4.77981	4.73275	4.73275	4.73275	4.73275	4.73275	4.73275	4.73275	4.73275	4.73275	4.73274	4.69822	4.68986	4.68986	4.68986	
19602.7	6.85415e+17	2.78986e+17	1.22085e+17	7.72442e+16	1.54488e+17	2.31733e+17	3.08977e+17	3.86221e+17	4.63465e+17	5.40709e+17	6.17952e+17	6.94606e+17	7.58546e+17	3.35204e+17	8.58665e+15	6.33861e+15	5.45624e+15	2.38766e+15	1.51069e+15	3.02139e+15	4.53208e+15	6.04278e+15	7.55347e+15	9.06417e+15	1.05749e+16	1.20865e+16	1.37513e+16	2.32556e+16	3.09703e+17	4.53321e+17	4.77998	4.73417	4.73417	4.73417	4.73417	4.73417	4.73417	4.73417	4.73417	4.73417	4.73417	4.69874	4.68986	4.68986	4.68986	
19854.2	6.85414e+17	2.7897e+17	1.22078e+17	7.72397e+16	1.54479e+17	2.31719e+17	3.08959e+17	3.86199e+17	4.63438e+17	5.40678e+17	6.17916e+17	6.94514e+17	7.58546e+17	3.35204e+17	8.58665e+15	6.33893e+15	5.46649e+15	2.39215e+15	1.51353e+15	3.02707e+15	4.54059e+15	6.05412e+15	7.56765e+15	9.08119e+15	1.05947e+16	1.21092e+16	1.38092e+16	2.32556e+16	3.09703e+17	4.53321e+17	4.78015	4.73559	4.73559	4.73559	4.73559	4.73559	4.73559	4.73559	4.73559	4.73559	4.73558	4.69928	4.68986	4.68986	4.68986	
20108.2	6.85414e+17	2.78954e+17	1.22071e+17	7.72352e+16	1.5447e+17	2.31706e+17	3.08941e+17	3.86176e+17	4.63411e+17	5.40647e+17	6.1788e+17	6.94418e+17	7.58546e+17	3.35204e+17	8.58665e+15	6.3392e+15	5.47674e+15	2.39663e+15	1.51637e+15	3.03274e+15	4.54911e+15	6.06547e+15	7.58184e+15	9.09822e+15	1.06146e+16	1.21319e+16	1.38697e+16	2.32556e+16	3.09703e+17	4.53321e+17	4.78031	4.73701	4.73701	4.73701	4.73701	4.73701	4.73701	4.73701	4.73701	4.73701	4.737	4.69985	4.68986	4.68986	4.68986	
20359.3	6.85414e+17	2.78938e+17	1.22064e+17	7.72309e+16	1.54462e+17	2.31693e+17	3.08923e+17	3.86154e+17	4.63385e+17	5.40616e+17	6.17845e+17	6.94318e+17	7.58544e+17	3.35204e+17	8.58665e+15	6.33945e+15	5.48676e+15	2.40102e+15	1.51914e+15	3.03829e+15	4.55743e+15	6.07658e+15	7.59572e+15	9.11487e+15	1.0634e+16	1.21541e+16	1.39314e+16	2.32556e+16	3.09703e+17	4.53321e+17	4.78048	4.73839	4.73839	4.73839	4.73839	4.73839	4.73839	4.73839	4.73839	4.73839	4.73839	4.70042	4.68986	4.68986	4.68986	
20611.7	6.85414e+17	2.78922e+17	1.22057e+17	7.72265e+16	1.54453e+17	2.3168e+17	3.08906e+17	3.86133e+17	4.63359e+17	5.40586e+17	6.17811e+17	6.94201e+17	7.58522e+17	3.35208e+17	8.58665e+15	6.33966e+15	5.49672e+15	2.40538e+15	1.5219e+15	3.04381e+15	4.5657e+15	6.0876e+15	7.60951e+15	9.13141e+15	1.06533e+16	1.21761e+16	1.39938e+16	2.32549e+16	3.09707e+17	4.53321e+17	4.78064	4.73977	4.73977	4.73977	4.73977	4.73977	4.73977	4.73977	4.73977	4.73977	4.73977	4.70101	4.68986	4.68986	4.68986	
20862.8	6.85414e+17	2.78907e+17	1.2205e+17	7.72223e+16	1.54445e+17	2.31667e+17	3.08889e+17	3.86111e+17	4.63334e+17	5.40556e+17	6.17725e+17	6.94023e+17	7.58493e+17	3.35213e+17	8.58665e+15	6.33985e+15	5.50649e+15	2.40965e+15	1.52461e+15	3.04922e+15	4.57382e+15	6.09843e+15	7.62304e+15	9.14765e+15	1.06722e+16	1.21963e+16	1.40519e+16	2.3254e+16	3.09711e+17	4.53321e+17	4.78081	4.74113	4.74113	4.74113	4.74113	4.74113	4.74113	4.74113	4.74113	4.74113	4.7411	4.70157	4.68986	4.68986	4.68986	
21113.1	6.85415e+17	2.78892e+17	1.22044e+17	7.72181e+16	1.54436e+17	2.31654e+17	3.08872e+17	3.86091e+17	4.63309e+17	5.40527e+17	6.17621e+17	6.93834e+17	7.58463e+17	3.35216e+17	8.58665e+15	6.34001e+15	5.51609e+15	2.41385e+15	1.52726e+15	3.05453e+15	4.5818e+15	6.10906e+15	7.63633e+15	9.1636e+15	1.06909e+16	1.22137e+16	1.40977e+16	2.32531e+16	3.09714e+17	4.53321e+17	4.78097	4.74246	4.74246	4.74246	4.74246	4.74246	4.74246	4.74246	4.74246	4.74246	4.74228	4.70202	4.68986	4.68986	4.68986	
21363.2	6.85415e+17	2.78877e+17	1.22037e+17	7.7214e+16	1.54428e+17	2.31642e+17	3.08856e+17	3.8607e+17	4.63284e+17	5.40498e+17	6.17537e+17	6.93674e+17	7.58468e+17	3.35218e+17	8.58665e+15	6.34016e+15	5.52554e+15	2.41799e+15	1.52988e+15	3.05976e+15	4.58964e+15	6.11952e+15	7.6494e+15	9.17928e+15	1.07092e+16	1.22295e+16	1.4132e+16	2.32532e+16	3.09716e+17	4.53321e+17	4.78113	4.74377	4.74377	4.74377	4.74377	4.74377	4.74377	4.74377	4.74377	4.74377	4.74334	4.70236	4.68986	4.68986	4.68986	
21614.4	6.85416e+17	2.78862e+17	1.22031e+17	7.721e+16	1.5442e+17	2.3163e+17	3.0884e+17	3.8605e+17	4.6326e+17	5.4047e+17	6.1747e+17	6.93533e+17	7.5851e+17	3.35219e+17	8.58665e+15	6.34029e+15	5.53486e+15	2.42207e+15	1.53246e+15	3.06493e+15	4.59739e+15	6.12985e+15	7.66231e+15	9.19477e+15	1.07272e+16	1.22442e+16	1.4155e+16	2.32545e+16	3.09717e+17	4.53321e+17	4.78129	4.74507	4.74507	4.74507	4.74507	4.74507	4.74507	4.74507	4.74507	4.74507	4.74432	4.7026	4.68986	4.68986	4.68986	
21866.5	6.85416e+17	2.78848e+17	1.22025e+17	7.7206e+16	1.54412e+17	2.31618e+17	3.08824e+17	3.8603e+17	4.63236e+17	5.40442e+17	6.17414e+17	6.93405e+17	7.58556e+17	3.3522e+17	8.58665e+15	6.34041e+15	5.54405e+15	2.42609e+15	1.53501e+15	3.07001e+15	4.60502e+15	6.14002e+15	7.67503e+15	9.21004e+15	1.0745e+16	1.2258e+16	1.41657e+16	2.32559e+16	3.09718e+17	4.53321e+17	4.78145	4.74634	4.74634	4.74634	4.74634	4.74634	4.74634	4.74634	4.74634	4.74634	4.74522	4.70272	4.68986	4.68986	4.68986	
22118.5	6.85418e+17	2.78834e+17	1.22019e+17	7.72022e+16	1.54404e+17	2.31606e+17	3.08809e+17	3.86011e+17	4.63213e+17	5.40415e+17	6.17386e+17	6.93375e+17	7.58579e+17	3.35203e+17	8.58665e+15	6.34053e+15	5.55306e+15	2.43003e+15	1.5375e+15	3.07501e+15	4.6125e+15	6.15001e+15	7.68751e+15	9.22501e+15	1.07625e+16	1.22715e+16	1.41683e+16	2.32566e+16	3.09702e+17	4.53321e+17	4.7816	4.7476	4.7476	4.7476	4.7476	4.7476	4.7476	4.7476	4.7476	4.7476	4.74608	4.70275	4.68986	4.68986	4.68986	
22370.6	6.8542e+17	2.78821e+17	1.22013e+17	7.71984e+16	1.54397e+17	2.31595e+17	3.08793e+17	3.85992e+17	4.6319e+17	5.40263e+17	6.17118e+17	6.92496e+17	7.58663e+17	3.35203e+17	8.58665e+15	6.34064e+15	5.5619e+15	2.4339e+15	1.53995e+15	3.0799e+15	4.61985e+15	6.15979e+15	7.69974e+15	9.23969e+15	1.07762e+16	1.22775e+16	1.41173e+16	2.32592e+16	3.09702e+17	4.53321e+17	4.78173	4.74883	4.74883	4.74883	4.74883	4.74883	4.74883	4.74883	4.74883	4.74876	4.74678	4.70245	4.68986	4.68986	4.68986	
22622.6	6.85421e+17	2.78807e+17	1.22007e+17	7.71946e+16	1.54389e+17	2.31584e+17	3.08779e+17	3.85973e+17	4.63168e+17	5.40157e+17	6.16906e+17	6.91725e+17	7.58644e+17	3.35203e+17	8.58665e+15	6.34073e+15	5.57054e+15	2.43768e+15	1.54234e+15	3.08469e+15	4.62703e+15	6.16937e+15	7.71171e+15	9.25406e+15	1.0787e+16	1.2278e+16	1.39911e+16	2.32586e+16	3.09702e+17	4.53321e+17	4.78181	4.75004	4.75004	4.75004	4.75004	4.75004	4.75004	4.75004	4.75004	4.74967	4.74706	4.70144	4.68986	4.68986	4.68986	
22872.7	6.85422e+17	2.78794e+17	1.22001e+17	7.7191e+16	1.54382e+17	2.31573e+17	3.08764e+17	3.85955e+17	4.63146e+17	5.40113e+17	6.16799e+17	6.91499e+17	7.58594e+17	3.35203e+17	8.58665e+15	6.34081e+15	5.57893e+15	2.44135e+15	1.54466e+15	3.08933e+15	4.63399e+15	6.17865e+15	7.72331e+15	9.26798e+15	1.07977e+16	1.22768e+16	1.38358e+16	2.32571e+16	3.09702e+17	4.53321e+17	4.7818	4.75121	4.75121	4.75121	4.75121	4.75121	4.75121	4.75121	4.75121	4.75048	4.74712	4.70007	4.68986	4.68986	4.68986	
23123.8	6.85423e+17	2.78781e+17	1.21995e+17	7.71875e+16	1.54375e+17	2.31562e+17	3.0875e+17	3.85937e+17	4.63125e+17	5.4009e+17	6.16768e+17	6.91684e+17	7.58566e+17	3.35203e+17	8.58665e+15	6.34088e+15	5.58714e+15	2.44495e+15	1.54694e+15	3.09388e+15	4.64082e+15	6.18775e+15	7.73469e+15	9.28163e+15	1.08082e+16	1.22753e+16	1.36904e+16	2.32562e+16	3.09702e+17	4.53321e+17	4.78164	4.75237	4.75237	4.75237	4.75237	4.75237	4.75237	4.75237	4.75237	4.75125	4.74707	4.69872	4.68986	4.68986	4.68986	
23375.4	6.85424e+17	2.78769e+17	1.2199e+17	7.7184e+16	1.54368e+17	2.31552e+17	3.08736e+17	3.8592e+17	4.63104e+17	5.40074e+17	6.16778e+17	6.92043e+17	7.58553e+17	3.35203e+17	8.58665e+15	6.34095e+15	5.59518e+15	2.44846e+15	1.54916e+15	3.09833e+15	4.64749e+15	6.19665e+15	7.74581e+15	9.29497e+15	1.08188e+16	1.22745e+16	1.35702e+16	2.32558e+16	3.09702e+17	4.53321e+17	4.78125	4.75349	4.75349	4.75349	4.75349	4.75349	4.75349	4.75349	4.75349	4.75201	4.747	4.69756	4.68986	4.68986	4.68986	
23626.4	6.85425e+17	2.78757e+17	1.21985e+17	7.71807e+16	1.54361e+17	2.31542e+17	3.08723e+17	3.85903e+17	4.63084e+17	5.40062e+17	6.16803e+17	6.92434e+17	7.58547e+17	3.35203e+17	8.58665e+15	6.34101e+15	5.60298e+15	2.45188e+15	1.55132e+15	3.10265e+15	4.65397e+15	6.20529e+15	7.75662e+15	9.30794e+15	1.08292e+16	1.22744e+16	1.34756e+16	2.32556e+16	3.09702e+17	4.53321e+17	4.7805	4.75459	4.75459	4.75459	4.75459	4.75459	4.75459	4.75459	4.75459	4.75276	4.74697	4.69664	4.68986	4.68986	4.68986	
23877.8	6.85426e+17	2.78745e+17	1.21979e+17	7.71774e+16	1.54355e+17	2.31532e+17	3.0871e+17	3.85887e+17	4.63064e+17	5.40051e+17	6.16832e+17	6.92803e+17	7.58545e+17	3.35203e+17	8.58665e+15	6.34106e+15	5.61059e+15	2.45521e+15	1.55343e+15	3.10686e+15	4.66029e+15	6.21372e+15	7.76715e+15	9.32058e+15	1.08396e+16	1.22751e+16	1.34018e+16	2.32556e+16	3.09702e+17	4.53321e+17	4.77925	4.75566	4.75566	4.75566	4.75566	4.75566	4.75566	4.75566	4.75566	4.75351	4.74698	4.6959	4.68986	4.68986	4.68986	
24128	6.85427e+17	2.78733e+17	1.21974e+17	7.71742e+16	1.54348e+17	2.31523e+17	3.08697e+17	3.85871e+17	4.63045e+17	5.40041e+17	6.16857e+17	6.93126e+17	7.5852e+17	3.35203e+17	8.58665e+15	6.3411e+15	5.61795e+15	2.45843e+15	1.55547e+15	3.11094e+15	4.66641e+15	6.22187e+15	7.77734e+15	9.33281e+15	1.085e+16	1.22764e+16	1.33445e+16	2.32548e+16	3.09702e+17	4.53321e+17	4.77731	4.7567	4.7567	4.7567	4.7567	4.7567	4.7567	4.7567	4.7567	4.75425	4.74703	4.69533	4.68986	4.68986	4.68986	
24378.2	6.85428e+17	2.78722e+17	1.2197e+17	7.71712e+16	1.54342e+17	2.31513e+17	3.08685e+17	3.85856e+17	4.63027e+17	5.40031e+17	6.1688e+17	6.9341e+17	7.5852e+17	3.35203e+17	8.58665e+15	6.34112e+15	5.6251e+15	2.46156e+15	1.55745e+15	3.1149e+15	4.67234e+15	6.22979e+15	7.78724e+15	9.34469e+15	1.08602e+16	1.22784e+16	1.32997e+16	2.32548e+16	3.09702e+17	4.53321e+17	4.77444	4.7577	4.7577	4.7577	4.7577	4.7577	4.7577	4.7577	4.7577	4.75499	4.74712	4.69487	4.68986	4.68986	4.68986	
24629.6	6.85429e+17	2.78711e+17	1.21965e+17	7.71682e+16	1.54336e+17	2.31504e+17	3.08673e+17	3.85841e+17	4.63009e+17	5.40022e+17	6.169e+17	6.93658e+17	7.58521e+17	3.35203e+17	8.58665e+15	6.34113e+15	5.63207e+15	2.46461e+15	1.55938e+15	3.11876e+15	4.67814e+15	6.23751e+15	7.79689e+15	9.35627e+15	1.08705e+16	1.22809e+16	1.32642e+16	2.32548e+16	3.09702e+17	4.53321e+17	4.77036	4.75868	4.75868	4.75868	4.75868	4.75868	4.75868	4.75868	4.75868	4.75573	4.74725	4.69451	4.68986	4.68986	4.68986	
24880.9	6.8543e+17	2.78701e+17	1.2196e+17	7.71653e+16	1.54331e+17	2.31496e+17	3.08661e+17	3.85826e+17	4.62992e+17	5.40012e+17	6.16917e+17	6.93875e+17	7.58521e+17	3.35203e+17	8.58665e+15	6.34112e+15	5.63883e+15	2.46757e+15	1.56125e+15	3.1225e+15	4.68375e+15	6.245e+15	7.80625e+15	9.3675e+15	1.08807e+16	1.22838e+16	1.32363e+16	2.32548e+16	3.09702e+17	4.53321e+17	4.76475	4.75962	4.75962	4.75962	4.75962	4.75962	4.75962	4.75962	4.75962	4.75646	4.74741	4.69422	4.68986	4.68986	4.68986	
25132.9	6.85431e+17	2.78691e+17	1.21956e+17	7.71625e+16	1.54325e+17	2.31487e+17	3.0865e+17	3.85812e+17	4.62975e+17	5.40003e+17	6.16931e+17	6.94065e+17	7.58521e+17	3.35203e+17	8.58665e+15	6.34108e+15	5.64539e+15	2.47044e+15	1.56307e+15	3.12613e+15	4.6892e+15	6.25226e+15	7.81533e+15	9.37839e+15	1.08908e+16	1.22872e+16	1.32144e+16	2.32548e+16	3.09702e+17	4.53321e+17	4.75727	4.76053	4.76053	4.76053	4.76053	4.76053	4.76053	4.76053	4.76053	4.75719	4.7476	4.69399	4.68986	4.68986	4.68986	
25385	6.85432e+17	2.78681e+17	1.21952e+17	7.71597e+16	1.54319e+17	2.31479e+17	3.08639e+17	3.85799e+17	4.62958e+17	5.39993e+17	6.16941e+17	6.94232e+17	7.58521e+17	3.35203e+17	8.58665e+15	6.34101e+15	5.65174e+15	2.47321e+15	1.56482e+15	3.12965e+15	4.69447e+15	6.25929e+15	7.82411e+15	9.38894e+15	1.09008e+16	1.2291e+16	1.31974e+16	2.32549e+16	3.09702e+17	4.53321e+17	4.74757	4.76138	4.76138	4.76138	4.76138	4.76138	4.76138	4.76138	4.76138	4.7579	4.74782	4.6938	4.68986	4.68986	4.68986	
25636.1	6.85434e+17	2.78672e+17	1.21947e+17	7.71571e+16	1.54314e+17	2.31471e+17	3.08628e+17	3.85786e+17	4.62943e+17	5.39985e+17	6.16954e+17	6.94391e+17	7.58521e+17	3.35203e+17	8.58665e+15	6.34089e+15	5.65785e+15	2.47589e+15	1.56651e+15	3.13303e+15	4.69954e+15	6.26606e+15	7.83257e+15	9.39909e+15	1.09107e+16	1.22951e+16	1.31846e+16	2.32549e+16	3.09702e+17	4.53321e+17	4.73535	4.76219	4.76219	4.76219	4.76219	4.76219	4.76219	4.76219	4.76219	4.75861	4.74805	4.69366	4.68986	4.68986	4.68986	
25886.3	6.85435e+17	2.78662e+17	1.21943e+17	7.71546e+16	1.54309e+17	2.31464e+17	3.08618e+17	3.85773e+17	4.62927e+17	5.39987e+17	6.16988e+17	6.94577e+17	7.58521e+17	3.35203e+17	8.58665e+15	6.34073e+15	5.66373e+15	2.47846e+15	1.56814e+15	3.13629e+15	4.70443e+15	6.27257e+15	7.84072e+15	9.40886e+15	1.09208e+16	1.23004e+16	1.31771e+16	2.32549e+16	3.09702e+17	4.53321e+17	4.72031	4.76293	4.76293	4.76293	4.76293	4.76293	4.76293	4.76293	4.76293	4.75931	4.74833	4.69356	4.68986	4.68986	4.68986	
26136.4	6.85436e+17	2.78654e+17	1.2194e+17	7.71521e+16	1.54304e+17	2.31456e+17	3.08609e+17	3.85761e+17	4.62913e+17	5.4e+17	6.17033e+17	6.94752e+17	7.58521e+17	3.35203e+17	8.58665e+15	6.34051e+15	5.6694e+15	2.48094e+15	1.56971e+15	3.13943e+15	4.70914e+15	6.27885e+15	7.84856e+15	9.41828e+15	1.09313e+16	1.2307e+16	1.3174e+16	2.32549e+16	3.09702e+17	4.53321e+17	4.70211	4.76361	4.76361	4.76361	4.76361	4.76361	4.76361	4.76361	4.76361	4.76002	4.74869	4.6935	4.68986	4.68986	4.68986	
26387.1	6.85437e+17	2.78645e+17	1.21936e+17	7.71498e+16	1.543e+17	2.31449e+17	3.08599e+17	3.85749e+17	4.62899e+17	5.40022e+17	6.17084e+17	6.94901e+17	7.58521e+17	3.35203e+17	8.58665e+15	6.34022e+15	5.67488e+15	2.48334e+15	1.57123e+15	3.14246e+15	4.71369e+15	6.28492e+15	7.85615e+15	9.42738e+15	1.09423e+16	1.23152e+16	1.31746e+16	2.32549e+16	3.09702e+17	4.53321e+17	4.68042	4.7642	4.7642	4.7642	4.7642	4.7642	4.7642	4.7642	4.7642	4.76075	4.74912	4.69348	4.68986	4.68986	4.68986	
26639.3	6.85438e+17	2.78637e+17	1.21932e+17	7.71475e+16	1.54295e+17	2.31442e+17	3.0859e+17	3.85737e+17	4.62885e+17	5.40053e+17	6.17142e+17	6.94943e+17	7.58521e+17	3.35203e+17	8.58665e+15	6.33985e+15	5.68019e+15	2.48566e+15	1.5727e+15	3.1454e+15	4.7181e+15	6.2908e+15	7.8635e+15	9.4362e+15	1.09541e+16	1.2325e+16	1.3176e+16	2.32549e+16	3.09702e+17	4.53321e+17	4.65491	4.76471	4.76471	4.76471	4.76471	4.76471	4.76471	4.76471	4.76471	4.76149	4.74965	4.69349	4.68986	4.68986	4.68986	
26890.2	6.8544e+17	2.78629e+17	1.21929e+17	7.71453e+16	1.54291e+17	2.31436e+17	3.08581e+17	3.85727e+17	4.62872e+17	5.40094e+17	6.17207e+17	6.94956e+17	7.58522e+17	3.35203e+17	8.58665e+15	6.3394e+15	5.68527e+15	2.48789e+15	1.57411e+15	3.14821e+15	4.72232e+15	6.29642e+15	7.87053e+15	9.44464e+15	1.09665e+16	1.23366e+16	1.31778e+16	2.32549e+16	3.09702e+17	4.53321e+17	4.6257	4.7651	4.7651	4.7651	4.7651	4.7651	4.7651	4.7651	4.7651	4.76225	4.75029	4.6935	4.68986	4.68986	4.68986	
27142.5	6.85441e+17	2.78621e+17	1.21925e+17	7.71432e+16	1.54286e+17	2.3143e+17	3.08573e+17	3.85716e+17	4.62859e+17	5.40078e+17	6.1721e+17	6.94963e+17	7.58516e+17	3.35203e+17	8.58665e+15	6.33886e+15	5.69018e+15	2.49004e+15	1.57547e+15	3.15093e+15	4.7264e+15	6.30186e+15	7.87733e+15	9.45279e+15	1.0978e+16	1.23482e+16	1.31802e+16	2.32547e+16	3.09702e+17	4.53321e+17	4.59236	4.76537	4.76537	4.76537	4.76537	4.76537	4.76537	4.76537	4.76537	4.76299	4.75099	4.69352	4.68986	4.68986	4.68986	
27394.4	6.85443e+17	2.78614e+17	1.21922e+17	7.71412e+16	1.54282e+17	2.31424e+17	3.08565e+17	3.85706e+17	4.62847e+17	5.40061e+17	6.17214e+17	6.94969e+17	7.58507e+17	3.35203e+17	8.58665e+15	6.33821e+15	5.69488e+15	2.4921e+15	1.57677e+15	3.15354e+15	4.73031e+15	6.30708e+15	7.88385e+15	9.46062e+15	1.09891e+16	1.236e+16	1.31829e+16	2.32544e+16	3.09702e+17	4.53321e+17	4.55505	4.76548	4.76548	4.76548	4.76548	4.76548	4.76548	4.76548	4.76548	4.76367	4.75171	4.69355	4.68986	4.68986	4.68986	
27647.1	6.85445e+17	2.78607e+17	1.21919e+17	7.71392e+16	1.54278e+17	2.31418e+17	3.08557e+17	3.85696e+17	4.62835e+17	5.40045e+17	6.17222e+17	6.94977e+17	7.58498e+17	3.35203e+17	8.58665e+15	6.33744e+15	5.69941e+15	2.49408e+15	1.57802e+15	3.15605e+15	4.73407e+15	6.31209e+15	7.89012e+15	9.46814e+15	1.09998e+16	1.23723e+16	1.31863e+16	2.32541e+16	3.09702e+17	4.53321e+17	4.51364	4.76542	4.76542	4.76542	4.76542	4.76542	4.76542	4.76542	4.76542	4.76426	4.75246	4.69358	4.68986	4.68986	4.68986	
27899.9	6.85447e+17	2.786e+17	1.21916e+17	7.71374e+16	1.54275e+17	2.31412e+17	3.08549e+17	3.85687e+17	4.62824e+17	5.40029e+17	6.17235e+17	6.94989e+17	7.58488e+17	3.35203e+17	8.58665e+15	6.33656e+15	5.70376e+15	2.49598e+15	1.57923e+15	3.15845e+15	4.73768e+15	6.3169e+15	7.89613e+15	9.47536e+15	1.10103e+16	1.23852e+16	1.31904e+16	2.32538e+16	3.09702e+17	4.53321e+17	4.4683	4.76516	4.76516	4.76516	4.76516	4.76516	4.76516	4.76516	4.76516	4.76475	4.75324	4.69361	4.68986	4.68986	4.68986	
28152.6	6.85449e+17	2.78594e+17	1.21913e+17	7.71356e+16	1.54271e+17	2.31407e+17	3.08542e+17	3.85678e+17	4.62813e+17	5.40013e+17	6.17252e+17	6.95007e+17	7.52118e+17	3.35203e+17	8.58665e+15	6.33555e+15	5.70791e+15	2.4978e+15	1.58038e+15	3.16075e+15	4.74113e+15	6.32151e+15	7.90188e+15	9.48226e+15	1.10204e+16	1.23987e+16	1.31957e+16	2.30585e+16	3.09702e+17	4.53321e+17	4.41921	4.76466	4.76466	4.76466	4.76466	4.76466	4.76466	4.76466	4.76466	4.76514	4.75405	4.69366	4.68986	4.68986	4.68986	
28404.5	6.85452e+17	2.78588e+17	1.21911e+17	7.71339e+16	1.54268e+17	2.31402e+17	3.08535e+17	3.85669e+17	4.62803e+17	5.39998e+17	6.17278e+17	6.95034e+17	7.58546e+17	3.35203e+17	8.58665e+15	6.33442e+15	5.71188e+15	2.49953e+15	1.58147e+15	3.16295e+15	4.74442e+15	6.3259e+15	7.90737e+15	9.48884e+15	1.10302e+16	1.2413e+16	1.32026e+16	2.32556e+16	3.09702e+17	4.53321e+17	4.36677	4.76389	4.76389	4.76389	4.76389	4.76389	4.76389	4.76389	4.76389	4.76538	4.7549	4.69371	4.68986	4.68986	4.68986	
28655.9	6.85454e+17	2.78582e+17	1.21908e+17	7.71322e+16	1.54264e+17	2.31397e+17	3.08529e+17	3.85661e+17	4.62793e+17	5.39984e+17	6.17306e+17	6.95069e+17	7.58539e+17	3.35203e+17	8.58665e+15	6.33316e+15	5.71566e+15	2.50119e+15	1.58252e+15	3.16504e+15	4.74756e+15	6.33008e+15	7.9126e+15	9.49512e+15	1.10398e+16	1.2428e+16	1.32118e+16	2.32554e+16	3.09702e+17	4.53321e+17	4.31118	4.76282	4.76282	4.76282	4.76282	4.76282	4.76282	4.76282	4.76282	4.76548	4.75579	4.69379	4.68986	4.68986	4.68986	
28906.5	6.85457e+17	2.78576e+17	1.21906e+17	7.71307e+16	1.54261e+17	2.31392e+17	3.08523e+17	3.85653e+17	4.62784e+17	5.39969e+17	6.17337e+17	6.9511e+17	7.58533e+17	3.35203e+17	8.58665e+15	6.33178e+15	5.71925e+15	2.50276e+15	1.58352e+15	3.16703e+15	4.75055e+15	6.33407e+15	7.91758e+15	9.5011e+15	1.10492e+16	1.24438e+16	1.32236e+16	2.32552e+16	3.09702e+17	4.53321e+17	4.25288	4.76142	4.76142	4.76142	4.76142	4.76142	4.76142	4.76142	4.76142	4.76539	4.75672	4.69389	4.68986	4.68986	4.68986	
29159.1	6.8546e+17	2.78571e+17	1.21903e+17	7.71292e+16	1.54258e+17	2.31388e+17	3.08517e+17	3.85646e+17	4.62775e+17	5.39955e+17	6.17355e+17	6.95147e+17	7.58528e+17	3.35203e+17	8.58665e+15	6.33025e+15	5.72271e+15	2.50427e+15	1.58447e+15	3.16895e+15	4.75342e+15	6.3379e+15	7.92237e+15	9.50685e+15	1.10585e+16	1.24601e+16	1.32388e+16	2.32551e+16	3.09702e+17	4.53321e+17	4.19154	4.75963	4.75963	4.75963	4.75963	4.75963	4.75963	4.75963	4.75963	4.7651	4.7577	4.69402	4.68986	4.68986	4.68986	
29411.5	6.85463e+17	2.78566e+17	1.21901e+17	7.71278e+16	1.54256e+17	2.31383e+17	3.08511e+17	3.85639e+17	4.62767e+17	5.39941e+17	6.17333e+17	6.95159e+17	7.58527e+17	3.35199e+17	8.58665e+15	6.3286e+15	5.726e+15	2.50571e+15	1.58539e+15	3.17077e+15	4.75616e+15	6.34154e+15	7.92693e+15	9.51231e+15	1.10678e+16	1.24755e+16	1.32561e+16	2.3255e+16	3.09699e+17	4.53321e+17	4.12812	4.75741	4.75741	4.75741	4.75741	4.75741	4.75741	4.75741	4.75741	4.76456	4.75866	4.69418	4.68986	4.68986	4.68986	
29665	6.85466e+17	2.78561e+17	1.21899e+17	7.71264e+16	1.54253e+17	2.31379e+17	3.08506e+17	3.85632e+17	4.62759e+17	5.39926e+17	6.17312e+17	6.95166e+17	7.58528e+17	3.35195e+17	8.58665e+15	6.32681e+15	5.72915e+15	2.50709e+15	1.58626e+15	3.17251e+15	4.75877e+15	6.34502e+15	7.93128e+15	9.51754e+15	1.10771e+16	1.24907e+16	1.32758e+16	2.32551e+16	3.09695e+17	4.53321e+17	4.06266	4.7547	4.7547	4.7547	4.7547	4.7547	4.7547	4.7547	4.7547	4.76374	4.75959	4.69435	4.68986	4.68986	4.68986	
29917	6.8547e+17	2.78556e+17	1.21897e+17	7.71252e+16	1.5425e+17	2.31376e+17	3.08501e+17	3.85626e+17	4.62751e+17	5.39912e+17	6.17291e+17	6.95168e+17	7.58533e+17	3.35191e+17	8.58665e+15	6.32492e+15	5.73212e+15	2.50839e+15	1.58708e+15	3.17416e+15	4.76123e+15	6.34831e+15	7.93539e+15	9.52247e+15	1.10865e+16	1.25055e+16	1.32976e+16	2.32552e+16	3.09691e+17	4.53321e+17	3.99635	4.7515	4.7515	4.7515	4.7515	4.7515	4.7515	4.7515	4.7515	4.76261	4.76048	4.69455	4.68986	4.68986	4.68986	
30167.6	6.85474e+17	2.78552e+17	1.21895e+17	7.7124e+16	1.54248e+17	2.31372e+17	3.08496e+17	3.8562e+17	4.62744e+17	5.39897e+17	6.1727e+17	6.95166e+17	7.58542e+17	3.35187e+17	8.58665e+15	6.32292e+15	5.73492e+15	2.50961e+15	1.58785e+15	3.17571e+15	4.76356e+15	6.35141e+15	7.93927e+15	9.52712e+15	1.1096e+16	1.252e+16	1.33219e+16	2.32555e+16	3.09688e+17	4.53321e+17	3.92959	4.74775	4.74775	4.74775	4.74775	4.74775	4.74775	4.74775	4.74775	4.76114	4.76131	4.69477	4.68986	4.68986	4.68986	
30419.8	6.85477e+17	2.78548e+17	1.21893e+17	7.71228e+16	1.54246e+17	2.31368e+17	3.08491e+17	3.85614e+17	4.62737e+17	5.39882e+17	6.17248e+17	6.9516e+17	7.58555e+17	3.35184e+17	8.58665e+15	6.3208e+15	5.73759e+15	2.51078e+15	1.58859e+15	3.17719e+15	4.76578e+15	6.35437e+15	7.94296e+15	9.53155e+15	1.11059e+16	1.25346e+16	1.3349e+16	2.32559e+16	3.09685e+17	4.53321e+17	3.86204	4.74337	4.74337	4.74337	4.74337	4.74337	4.74337	4.74337	4.74337	4.75925	4.76209	4.69502	4.68986	4.68986	4.68986	
30670	6.85481e+17	2.78544e+17	1.21892e+17	7.71218e+16	1.54244e+17	2.31365e+17	3.08487e+17	3.85609e+17	4.62731e+17	5.39866e+17	6.17227e+17	6.95149e+17	7.58572e+17	3.35182e+17	8.58665e+15	6.31861e+15	5.74009e+15	2.51188e+15	1.58929e+15	3.17857e+15	4.76786e+15	6.35714e+15	7.94643e+15	9.53571e+15	1.11161e+16	1.25491e+16	1.33787e+16	2.32564e+16	3.09683e+17	4.53321e+17	3.79516	4.73837	4.73837	4.73837	4.73837	4.73837	4.73837	4.73837	4.73837	4.75695	4.7628	4.69529	4.68986	4.68986	4.68986	
30921.7	6.85485e+17	2.7854e+17	1.2189e+17	7.71207e+16	1.54241e+17	2.31362e+17	3.08483e+17	3.85604e+17	4.62724e+17	5.39849e+17	6.17205e+17	6.95134e+17	7.58593e+17	3.3518e+17	8.58665e+15	6.31631e+15	5.74247e+15	2.51292e+15	1.58994e+15	3.17989e+15	4.76983e+15	6.35978e+15	7.94972e+15	9.53967e+15	1.11268e+16	1.2564e+16	1.34116e+16	2.32571e+16	3.09682e+17	4.53321e+17	3.72837	4.73264	4.73264	4.73264	4.73264	4.73264	4.73264	4.73264	4.73264	4.75414	4.76343	4.69559	4.68986	4.68986	4.68986	
31171.8	6.8549e+17	2.78537e+17	1.21888e+17	7.71198e+16	1.5424e+17	2.31359e+17	3.08479e+17	3.85599e+17	4.62719e+17	5.39832e+17	6.17182e+17	6.95113e+17	7.58618e+17	3.3518e+17	8.58665e+15	6.31394e+15	5.7447e+15	2.51389e+15	1.59056e+15	3.18112e+15	4.77168e+15	6.36224e+15	7.9528e+15	9.54336e+15	1.1138e+16	1.25793e+16	1.34476e+16	2.32578e+16	3.09681e+17	4.53321e+17	3.66291	4.7262	4.7262	4.7262	4.7262	4.7262	4.7262	4.7262	4.7262	4.75082	4.76396	4.69592	4.68986	4.68986	4.68986	
31423.2	6.85494e+17	2.78534e+17	1.21887e+17	7.71189e+16	1.54238e+17	2.31357e+17	3.08476e+17	3.85594e+17	4.62713e+17	5.39813e+17	6.17157e+17	6.95086e+17	7.58647e+17	3.35179e+17	8.58665e+15	6.3115e+15	5.7468e+15	2.51481e+15	1.59114e+15	3.18229e+15	4.77343e+15	6.36457e+15	7.95571e+15	9.54686e+15	1.11499e+16	1.25953e+16	1.34873e+16	2.32587e+16	3.09681e+17	4.53321e+17	3.5984	4.71894	4.71894	4.71894	4.71894	4.71894	4.71894	4.71894	4.71894	4.7469	4.76437	4.69628	4.68986	4.68986	4.68986	
31675.4	6.85498e+17	2.7853e+17	1.21886e+17	7.7118e+16	1.54236e+17	2.31354e+17	3.08472e+17	3.8559e+17	4.62708e+17	5.39793e+17	6.17131e+17	6.95053e+17	7.58678e+17	3.3518e+17	8.58665e+15	6.30898e+15	5.74878e+15	2.51568e+15	1.59169e+15	3.18338e+15	4.77507e+15	6.36676e+15	7.95845e+15	9.55014e+15	1.11626e+16	1.26125e+16	1.35309e+16	2.32597e+16	3.09681e+17	4.53321e+17	3.53524	4.71081	4.71081	4.71081	4.71081	4.71081	4.71081	4.71081	4.71081	4.74233	4.76463	4.69668	4.68986	4.68986	4.68986	
31925.6	6.85503e+17	2.78528e+17	1.21884e+17	7.71173e+16	1.54235e+17	2.31352e+17	3.08469e+17	3.85586e+17	4.62704e+17	5.39772e+17	6.17103e+17	6.95014e+17	7.58711e+17	3.35181e+17	8.58665e+15	6.30644e+15	5.75061e+15	2.51648e+15	1.5922e+15	3.1844e+15	4.7766e+15	6.36879e+15	7.96099e+15	9.55319e+15	1.1176e+16	1.2631e+16	1.35781e+16	2.32607e+16	3.09682e+17	4.53321e+17	3.47445	4.70187	4.70187	4.70187	4.70187	4.70187	4.70187	4.70187	4.70187	4.73711	4.76473	4.69711	4.68986	4.68986	4.68986	
32177.2	6.85507e+17	2.78525e+17	1.21883e+17	7.71165e+16	1.54233e+17	2.3135e+17	3.08466e+17	3.85583e+17	4.62699e+17	5.3975e+17	6.17071e+17	6.94966e+17	7.58746e+17	3.35182e+17	8.58665e+15	6.30384e+15	5.75233e+15	2.51723e+15	1.59267e+15	3.18535e+15	4.77802e+15	6.3707e+15	7.96337e+15	9.55605e+15	1.11904e+16	1.26513e+16	1.36298e+16	2.32618e+16	3.09683e+17	4.53321e+17	3.41541	4.69197	4.69197	4.69197	4.69197	4.69197	4.69197	4.69197	4.69197	4.73114	4.76462	4.69759	4.68986	4.68986	4.68986	
32428.9	6.85512e+17	2.78523e+17	1.21882e+17	7.71159e+16	1.54232e+17	2.31348e+17	3.08463e+17	3.85579e+17	4.62695e+17	5.39725e+17	6.17036e+17	6.94911e+17	7.58781e+17	3.35183e+17	8.58665e+15	6.30121e+15	5.75392e+15	2.51793e+15	1.59312e+15	3.18623e+15	4.77935e+15	6.37246e+15	7.96558e+15	9.5587e+15	1.12058e+16	1.26738e+16	1.36861e+16	2.32628e+16	3.09684e+17	4.53321e+17	3.35861	4.6811	4.6811	4.6811	4.6811	4.6811	4.6811	4.6811	4.6811	4.72437	4.76427	4.6981	4.68986	4.68986	4.68986	
32682.4	6.85516e+17	2.7852e+17	1.21881e+17	7.71152e+16	1.5423e+17	2.31346e+17	3.08461e+17	3.85576e+17	4.62691e+17	5.39699e+17	6.16997e+17	6.94846e+17	7.58818e+17	3.35185e+17	8.58665e+15	6.29854e+15	5.75541e+15	2.51858e+15	1.59353e+15	3.18706e+15	4.78058e+15	6.37411e+15	7.96764e+15	9.56116e+15	1.12224e+16	1.26991e+16	1.37476e+16	2.3264e+16	3.09686e+17	4.53321e+17	3.30388	4.66917	4.66917	4.66917	4.66917	4.66917	4.66917	4.66917	4.66917	4.71672	4.76365	4.69866	4.68986	4.68986	4.68986	
32933.4	6.85521e+17	2.78518e+17	1.2188e+17	7.71147e+16	1.54229e+17	2.31344e+17	3.08459e+17	3.85573e+17	4.62688e+17	5.39672e+17	6.16953e+17	6.94771e+17	7.58854e+17	3.35186e+17	8.58665e+15	6.29589e+15	5.75676e+15	2.51917e+15	1.5939e+15	3.1878e+15	4.78171e+15	6.37561e+15	7.96951e+15	9.56341e+15	1.12398e+16	1.27271e+16	1.38137e+16	2.32651e+16	3.09687e+17	4.53321e+17	3.25224	4.65634	4.65634	4.65634	4.65634	4.65634	4.65634	4.65634	4.65634	4.70827	4.7627	4.69926	4.68986	4.68986	4.68986	
33185	6.85525e+17	2.78516e+17	1.21879e+17	7.71141e+16	1.54228e+17	2.31342e+17	3.08457e+17	3.85571e+17	4.62685e+17	5.39643e+17	6.16903e+17	6.94686e+17	7.58889e+17	3.35188e+17	8.58665e+15	6.29323e+15	5.758e+15	2.51972e+15	1.59425e+15	3.18849e+15	4.78274e+15	6.37698e+15	7.97123e+15	9.56547e+15	1.12585e+16	1.27587e+16	1.38855e+16	2.32662e+16	3.09689e+17	4.53321e+17	3.20308	4.64245	4.64245	4.64245	4.64245	4.64245	4.64245	4.64245	4.64245	4.69888	4.76139	4.6999	4.68986	4.68986	4.68986	
33436.9	6.8553e+17	2.78515e+17	1.21879e+17	7.71137e+16	1.54227e+17	2.31341e+17	3.08455e+17	3.85568e+17	4.62682e+17	5.39612e+17	6.16848e+17	6.94589e+17	7.58923e+17	3.3519e+17	8.58665e+15	6.29057e+15	5.75913e+15	2.52021e+15	1.59456e+15	3.18912e+15	4.78367e+15	6.37823e+15	7.97279e+15	9.56735e+15	1.12782e+16	1.27942e+16	1.39634e+16	2.32673e+16	3.0969e+17	4.53321e+17	3.15651	4.62748	4.62748	4.62748	4.62748	4.62748	4.62748	4.62748	4.62748	4.68852	4.75966	4.70057	4.68986	4.68986	4.68986	
33688.2	6.85534e+17	2.78513e+17	1.21878e+17	7.71132e+16	1.54226e+17	2.3134e+17	3.08453e+17	3.85566e+17	4.62679e+17	5.39579e+17	6.16785e+17	6.94464e+17	7.58942e+17	3.35192e+17	8.58664e+15	6.28792e+15	5.76015e+15	2.52066e+15	1.59484e+15	3.18968e+15	4.78452e+15	6.37936e+15	7.9742e+15	9.56903e+15	1.12991e+16	1.2834e+16	1.40466e+16	2.32679e+16	3.09692e+17	4.53321e+17	3.11268	4.61148	4.61148	4.61148	4.61148	4.61148	4.61148	4.61148	4.61148	4.6772	4.75746	4.70127	4.68986	4.68986	4.68986	
33938.8	6.85539e+17	2.78512e+17	1.21877e+17	7.71129e+16	1.54226e+17	2.31339e+17	3.08451e+17	3.85564e+17	4.62677e+17	5.39544e+17	6.16716e+17	6.9433e+17	7.5896e+17	3.35193e+17	8.5866e+15	6.28531e+15	5.76105e+15	2.52105e+15	1.59509e+15	3.19018e+15	4.78527e+15	6.38036e+15	7.97545e+15	9.57054e+15	1.1321e+16	1.28783e+16	1.41352e+16	2.32685e+16	3.09694e+17	4.53319e+17	3.07159	4.59445	4.59445	4.59445	4.59445	4.59445	4.59445	4.59445	4.59445	4.66489	4.75475	4.70198	4.68986	4.68986	4.68986	
34190.1	6.85543e+17	2.78511e+17	1.21877e+17	7.71125e+16	1.54225e+17	2.31338e+17	3.0845e+17	3.85563e+17	4.62675e+17	5.39508e+17	6.16638e+17	6.94185e+17	7.58977e+17	3.35195e+17	8.58656e+15	6.28271e+15	5.76185e+15	2.5214e+15	1.59531e+15	3.19062e+15	4.78593e+15	6.38125e+15	7.97656e+15	9.57187e+15	1.13441e+16	1.29278e+16	1.42304e+16	2.32692e+16	3.09695e+17	4.53317e+17	3.03295	4.57631	4.57631	4.57631	4.57631	4.57631	4.57631	4.57631	4.57631	4.6515	4.75146	4.70269	4.68986	4.68986	4.68986	
34441.6	6.85548e+17	2.78509e+17	1.21876e+17	7.71122e+16	1.54224e+17	2.31337e+17	3.08449e+17	3.85561e+17	4.62673e+17	5.3947e+17	6.16551e+17	6.94027e+17	7.58993e+17	3.35196e+17	8.58653e+15	6.28014e+15	5.76255e+15	2.52171e+15	1.5955e+15	3.19101e+15	4.78652e+15	6.38202e+15	7.97753e+15	9.57303e+15	1.13682e+16	1.29827e+16	1.43332e+16	2.32698e+16	3.09696e+17	4.53315e+17	2.99677	4.55706	4.55706	4.55706	4.55706	4.55706	4.55706	4.55706	4.55706	4.63702	4.74752	4.70339	4.68986	4.68986	4.68986	
34693.6	6.85552e+17	2.78509e+17	1.21876e+17	7.7112e+16	1.54224e+17	2.31336e+17	3.08448e+17	3.8556e+17	4.62672e+17	5.3943e+17	6.16456e+17	6.93854e+17	7.59008e+17	3.35198e+17	8.5865e+15	6.27761e+15	5.76315e+15	2.52197e+15	1.59567e+15	3.19134e+15	4.78701e+15	6.38268e+15	7.97835e+15	9.57402e+15	1.13933e+16	1.30433e+16	1.44446e+16	2.32706e+16	3.09698e+17	4.53313e+17	2.96296	4.53669	4.53669	4.53669	4.53669	4.53669	4.53669	4.53669	4.53669	4.62142	4.74288	4.70406	4.68986	4.68986	4.68986	
34947	6.85556e+17	2.78508e+17	1.21876e+17	7.71118e+16	1.54224e+17	2.31335e+17	3.08447e+17	3.85559e+17	4.62671e+17	5.39389e+17	6.1635e+17	6.93665e+17	7.59021e+17	3.35199e+17	8.58647e+15	6.2751e+15	5.76365e+15	2.52219e+15	1.59581e+15	3.19162e+15	4.78743e+15	6.38324e+15	7.97905e+15	9.57486e+15	1.14196e+16	1.31102e+16	1.45666e+16	2.32714e+16	3.09699e+17	4.53311e+17	2.93131	4.51513	4.51513	4.51513	4.51513	4.51513	4.51513	4.51513	4.51513	4.60461	4.73745	4.70468	4.68986	4.68986	4.68986	
35200.4	6.85561e+17	2.78507e+17	1.21876e+17	7.71116e+16	1.54223e+17	2.31335e+17	3.08447e+17	3.85558e+17	4.6267e+17	5.39346e+17	6.16235e+17	6.93457e+17	7.59034e+17	3.35201e+17	8.58644e+15	6.27263e+15	5.76405e+15	2.52236e+15	1.59592e+15	3.19184e+15	4.78776e+15	6.38368e+15	7.9796e+15	9.57552e+15	1.14466e+16	1.31832e+16	1.46997e+16	2.32725e+16	3.097e+17	4.5331e+17	2.90193	4.49252	4.49252	4.49252	4.49252	4.49252	4.49252	4.49252	4.49252	4.58667	4.7312	4.70522	4.68986	4.68986	4.68986	
35453.7	6.85565e+17	2.78507e+17	1.21875e+17	7.71115e+16	1.54223e+17	2.31335e+17	3.08446e+17	3.85558e+17	4.62669e+17	5.39302e+17	6.1611e+17	6.93228e+17	7.59045e+17	3.35202e+17	8.58642e+15	6.27021e+15	5.76436e+15	2.5225e+15	1.59601e+15	3.19201e+15	4.78802e+15	6.38402e+15	7.98003e+15	9.57603e+15	1.14744e+16	1.32623e+16	1.48457e+16	2.32738e+16	3.09702e+17	4.53309e+17	2.8747	4.46886	4.46886	4.46886	4.46886	4.46886	4.46886	4.46886	4.46886	4.56761	4.72407	4.70565	4.68986	4.68986	4.68986	
35704.4	6.85569e+17	2.78507e+17	1.21875e+17	7.71114e+16	1.54223e+17	2.31334e+17	3.08446e+17	3.85557e+17	4.62669e+17	5.39258e+17	6.15977e+17	6.92979e+17	7.59055e+17	3.35204e+17	8.58641e+15	6.26787e+15	5.76457e+15	2.52259e+15	1.59606e+15	3.19213e+15	4.78819e+15	6.38425e+15	7.98032e+15	9.57638e+15	1.15025e+16	1.33466e+16	1.50044e+16	2.32755e+16	3.09703e+17	4.53308e+17	2.84976	4.44445	4.44445	4.44445	4.44445	4.44445	4.44445	4.44445	4.44445	4.54762	4.71609	4.70594	4.68986	4.68986	4.68986	
35955.9	6.85573e+17	2.78506e+17	1.21875e+17	7.71114e+16	1.54223e+17	2.31334e+17	3.08446e+17	3.85557e+17	4.62668e+17	5.39213e+17	6.15834e+17	6.92704e+17	7.59064e+17	3.35205e+17	8.5864e+15	6.26556e+15	5.76469e+15	2.52264e+15	1.5961e+15	3.19219e+15	4.78829e+15	6.38439e+15	7.98048e+15	9.57658e+15	1.15312e+16	1.34371e+16	1.51796e+16	2.32776e+16	3.09704e+17	4.53308e+17	2.82662	4.41898	4.41898	4.41898	4.41898	4.41898	4.41898	4.41898	4.41898	4.52646	4.7071	4.70604	4.68986	4.68986	4.68986	
36207	6.85577e+17	2.78506e+17	1.21875e+17	7.71114e+16	1.54223e+17	2.31334e+17	3.08446e+17	3.85557e+17	4.62668e+17	5.39167e+17	6.15682e+17	6.92401e+17	7.59071e+17	3.35206e+17	8.58639e+15	6.26332e+15	5.76472e+15	2.52266e+15	1.59611e+15	3.19221e+15	4.78832e+15	6.38442e+15	7.98053e+15	9.57663e+15	1.15602e+16	1.35334e+16	1.53719e+16	2.32805e+16	3.09706e+17	4.53307e+17	2.8053	4.39261	4.39261	4.39261	4.39261	4.39261	4.39261	4.39261	4.39261	4.50425	4.69712	4.70591	4.68986	4.68986	4.68986	
36459	6.8558e+17	2.78507e+17	1.21875e+17	7.71114e+16	1.54223e+17	2.31334e+17	3.08446e+17	3.85557e+17	4.62669e+17	5.39121e+17	6.1552e+17	6.92067e+17	7.59075e+17	3.35208e+17	8.58639e+15	6.26111e+15	5.76467e+15	2.52263e+15	1.59609e+15	3.19218e+15	4.78827e+15	6.38436e+15	7.98045e+15	9.57654e+15	1.15895e+16	1.36355e+16	1.55842e+16	2.32843e+16	3.09707e+17	4.53307e+17	2.78558	4.36525	4.36525	4.36525	4.36525	4.36525	4.36525	4.36525	4.36525	4.48089	4.68603	4.7055	4.68986	4.68986	4.68986	
36711.3	6.85584e+17	2.78507e+17	1.21875e+17	7.71115e+16	1.54223e+17	2.31335e+17	3.08446e+17	3.85558e+17	4.62669e+17	5.39074e+17	6.1535e+17	6.91698e+17	7.59077e+17	3.35209e+17	8.58639e+15	6.25896e+15	5.76453e+15	2.52257e+15	1.59605e+15	3.1921e+15	4.78816e+15	6.38421e+15	7.98026e+15	9.57631e+15	1.1619e+16	1.37432e+16	1.58178e+16	2.32894e+16	3.09708e+17	4.53307e+17	2.76741	4.33698	4.33698	4.33698	4.33698	4.33698	4.33698	4.33698	4.33698	4.45642	4.67381	4.70476	4.68986	4.68986	4.68986	
36964.1	6.85588e+17	2.78507e+17	1.21876e+17	7.71116e+16	1.54223e+17	2.31335e+17	3.08447e+17	3.85558e+17	4.6267e+17	5.39028e+17	6.15172e+17	6.91294e+17	7.59076e+17	3.3521e+17	8.58639e+15	6.25686e+15	5.76431e+15	2.52247e+15	1.59599e+15	3.19198e+15	4.78797e+15	6.38396e+15	7.97995e+15	9.57594e+15	1.16484e+16	1.38561e+16	1.60741e+16	2.32961e+16	3.09709e+17	4.53308e+17	2.75068	4.30785	4.30785	4.30785	4.30785	4.30785	4.30785	4.30785	4.30785	4.43089	4.66042	4.70363	4.68986	4.68986	4.68986	
37217	6.85591e+17	2.78508e+17	1.21876e+17	7.71118e+16	1.54224e+17	2.31335e+17	3.08447e+17	3.85559e+17	4.62671e+17	5.38982e+17	6.14986e+17	6.90851e+17	7.5907e+17	3.35212e+17	8.5864e+15	6.25481e+15	5.764e+15	2.52234e+15	1.59591e+15	3.19181e+15	4.78772e+15	6.38363e+15	7.97953e+15	9.57544e+15	1.16777e+16	1.39736e+16	1.63546e+16	2.33048e+16	3.09711e+17	4.53308e+17	2.73533	4.27791	4.27791	4.27791	4.27791	4.27791	4.27791	4.27791	4.27791	4.40433	4.64583	4.70203	4.68985	4.68986	4.68986	
37470.4	6.85595e+17	2.78509e+17	1.21876e+17	7.7112e+16	1.54224e+17	2.31336e+17	3.08448e+17	3.8556e+17	4.62672e+17	5.38936e+17	6.14794e+17	6.90367e+17	7.59061e+17	3.35213e+17	8.58641e+15	6.2528e+15	5.76362e+15	2.52218e+15	1.5958e+15	3.1916e+15	4.7874e+15	6.38321e+15	7.97901e+15	9.57481e+15	1.17066e+16	1.40954e+16	1.66606e+16	2.33162e+16	3.09712e+17	4.53308e+17	2.72123	4.24719	4.24719	4.24719	4.24719	4.24719	4.24719	4.24719	4.24719	4.37675	4.63	4.6999	4.68985	4.68986	4.68986	
37720.7	6.85598e+17	2.78509e+17	1.21876e+17	7.71122e+16	1.54224e+17	2.31337e+17	3.08449e+17	3.85561e+17	4.62673e+17	5.38892e+17	6.14598e+17	6.89849e+17	7.59045e+17	3.35214e+17	8.58641e+15	6.25088e+15	5.76317e+15	2.52198e+15	1.59568e+15	3.19135e+15	4.78703e+15	6.38271e+15	7.97838e+15	9.57406e+15	1.17348e+16	1.42192e+16	1.69883e+16	2.33305e+16	3.09713e+17	4.53309e+17	2.70849	4.21618	4.21618	4.21618	4.21618	4.21618	4.21618	4.21618	4.21618	4.34861	4.61316	4.69721	4.68983	4.68986	4.68986	
37970.9	6.85601e+17	2.7851e+17	1.21877e+17	7.71124e+16	1.54225e+17	2.31337e+17	3.0845e+17	3.85562e+17	4.62675e+17	5.38848e+17	6.14397e+17	6.8929e+17	7.59024e+17	3.35215e+17	8.58642e+15	6.249e+15	5.76265e+15	2.52175e+15	1.59553e+15	3.19107e+15	4.7866e+15	6.38213e+15	7.97766e+15	9.5732e+15	1.17622e+16	1.43459e+16	1.73418e+16	2.33486e+16	3.09714e+17	4.53309e+17	2.69685	4.18458	4.18458	4.18458	4.18458	4.18458	4.18458	4.18458	4.18458	4.31961	4.5951	4.69388	4.68982	4.68986	4.68986	
38221.5	6.85605e+17	2.78511e+17	1.21877e+17	7.71127e+16	1.54225e+17	2.31338e+17	3.08451e+17	3.85563e+17	4.62676e+17	5.38806e+17	6.14193e+17	6.88688e+17	7.58994e+17	3.35217e+17	8.58643e+15	6.24717e+15	5.76206e+15	2.52149e+15	1.59537e+15	3.19074e+15	4.78611e+15	6.38148e+15	7.97684e+15	9.57221e+15	1.1789e+16	1.44751e+16	1.77221e+16	2.33713e+16	3.09715e+17	4.53309e+17	2.68621	4.15238	4.15238	4.15238	4.15238	4.15238	4.15238	4.15238	4.15238	4.28976	4.57581	4.68982	4.68979	4.68986	4.68986	
38472.6	6.85608e+17	2.78512e+17	1.21878e+17	7.7113e+16	1.54226e+17	2.31339e+17	3.08452e+17	3.85565e+17	4.62678e+17	5.38765e+17	6.13986e+17	6.88043e+17	7.58955e+17	3.35218e+17	8.58644e+15	6.24538e+15	5.7614e+15	2.5212e+15	1.59519e+15	3.19037e+15	4.78556e+15	6.38075e+15	7.97593e+15	9.57112e+15	1.18149e+16	1.46062e+16	1.81297e+16	2.33995e+16	3.09716e+17	4.5331e+17	2.6765	4.11962	4.11962	4.11962	4.11962	4.11962	4.11962	4.11962	4.11962	4.25908	4.55524	4.68495	4.68976	4.68986	4.68986	
38723.7	6.85611e+17	2.78513e+17	1.21878e+17	7.71133e+16	1.54227e+17	2.3134e+17	3.08453e+17	3.85567e+17	4.6268e+17	5.38726e+17	6.13777e+17	6.87357e+17	7.58906e+17	3.35219e+17	8.58645e+15	6.24364e+15	5.76068e+15	2.52089e+15	1.59499e+15	3.18997e+15	4.78496e+15	6.37994e+15	7.97493e+15	9.56992e+15	1.18398e+16	1.47384e+16	1.85633e+16	2.34341e+16	3.09717e+17	4.5331e+17	2.66768	4.08642	4.08642	4.08642	4.08642	4.08642	4.08642	4.08642	4.08642	4.22768	4.53345	4.67922	4.68971	4.68986	4.68986	
38975.6	6.85614e+17	2.78515e+17	1.21879e+17	7.71137e+16	1.54227e+17	2.31341e+17	3.08455e+17	3.85568e+17	4.62682e+17	5.38688e+17	6.13567e+17	6.86628e+17	7.58844e+17	3.3522e+17	8.58645e+15	6.24194e+15	5.75989e+15	2.52054e+15	1.59477e+15	3.18954e+15	4.7843e+15	6.37907e+15	7.97384e+15	9.56861e+15	1.18636e+16	1.48712e+16	1.90237e+16	2.34765e+16	3.09719e+17	4.53311e+17	2.65967	4.05275	4.05275	4.05275	4.05275	4.05275	4.05275	4.05275	4.05275	4.19554	4.51039	4.67254	4.68964	4.68986	4.68986	
39227.6	6.85616e+17	2.78516e+17	1.21879e+17	7.71141e+16	1.54228e+17	2.31342e+17	3.08456e+17	3.8557e+17	4.62684e+17	5.38653e+17	6.13357e+17	6.85858e+17	7.58767e+17	3.35221e+17	8.58646e+15	6.24029e+15	5.75904e+15	2.52017e+15	1.59453e+15	3.18907e+15	4.7836e+15	6.37813e+15	7.97267e+15	9.5672e+15	1.18862e+16	1.50038e+16	1.95092e+16	2.35275e+16	3.0972e+17	4.53311e+17	2.65243	4.01872	4.01872	4.01872	4.01872	4.01872	4.01872	4.01872	4.01872	4.16277	4.48612	4.66484	4.68955	4.68986	4.68986	
39479.3	6.85619e+17	2.78518e+17	1.2188e+17	7.71145e+16	1.54229e+17	2.31343e+17	3.08458e+17	3.85572e+17	4.62687e+17	5.38619e+17	6.13149e+17	6.85053e+17	7.58675e+17	3.35222e+17	8.58647e+15	6.23867e+15	5.75814e+15	2.51978e+15	1.59428e+15	3.18857e+15	4.78285e+15	6.37713e+15	7.97141e+15	9.5657e+15	1.19074e+16	1.51351e+16	2.00173e+16	2.35885e+16	3.09721e+17	4.53312e+17	2.64593	3.98449	3.98449	3.98449	3.98449	3.98449	3.98449	3.98449	3.98449	4.12951	4.46072	4.65609	4.68944	4.68986	4.68986	
39731.9	6.85622e+17	2.78519e+17	1.21881e+17	7.71149e+16	1.5423e+17	2.31345e+17	3.0846e+17	3.85575e+17	4.6269e+17	5.38588e+17	6.12943e+17	6.8421e+17	7.58564e+17	3.35223e+17	8.58648e+15	6.2371e+15	5.75718e+15	2.51935e+15	1.59402e+15	3.18803e+15	4.78205e+15	6.37607e+15	7.97008e+15	9.5641e+15	1.19272e+16	1.52651e+16	2.0549e+16	2.3661e+16	3.09722e+17	4.53312e+17	2.64008	3.94993	3.94993	3.94993	3.94993	3.94993	3.94993	3.94993	3.94993	4.09565	4.43409	4.64617	4.68929	4.68986	4.68986	
39984	6.85625e+17	2.78521e+17	1.21881e+17	7.71154e+16	1.54231e+17	2.31346e+17	3.08462e+17	3.85577e+17	4.62692e+17	5.38559e+17	6.12742e+17	6.83337e+17	7.58433e+17	3.35225e+17	8.58648e+15	6.23556e+15	5.75616e+15	2.51891e+15	1.59374e+15	3.18747e+15	4.78121e+15	6.37494e+15	7.96868e+15	9.56242e+15	1.19455e+16	1.53925e+16	2.10997e+16	2.37461e+16	3.09723e+17	4.53312e+17	2.63488	3.91529	3.91529	3.91529	3.91529	3.91529	3.91529	3.91529	3.91529	4.06143	4.4064	4.63509	4.68909	4.68986	4.68986	
40237	6.85627e+17	2.78523e+17	1.21882e+17	7.71159e+16	1.54232e+17	2.31348e+17	3.08463e+17	3.85579e+17	4.62695e+17	5.38533e+17	6.12544e+17	6.82432e+17	7.58278e+17	3.35226e+17	8.58649e+15	6.23406e+15	5.7551e+15	2.51845e+15	1.59344e+15	3.18688e+15	4.78032e+15	6.37376e+15	7.9672e+15	9.56065e+15	1.19622e+16	1.55172e+16	2.16701e+16	2.38457e+16	3.09724e+17	4.53313e+17	2.63025	3.88044	3.88044	3.88044	3.88044	3.88044	3.88044	3.88044	3.88044	4.02673	4.37756	4.62272	4.68885	4.68986	4.68986	
40490	6.8563e+17	2.78524e+17	1.21883e+17	7.71164e+16	1.54233e+17	2.31349e+17	3.08465e+17	3.85582e+17	4.62698e+17	5.38509e+17	6.12353e+17	6.81503e+17	7.58098e+17	3.35227e+17	8.58649e+15	6.23259e+15	5.75398e+15	2.51796e+15	1.59313e+15	3.18627e+15	4.7794e+15	6.37253e+15	7.96566e+15	9.5588e+15	1.19772e+16	1.56382e+16	2.22556e+16	2.3961e+16	3.09725e+17	4.53313e+17	2.62617	3.84558	3.84558	3.84558	3.84558	3.84558	3.84558	3.84558	3.84558	3.99176	4.34772	4.60908	4.68854	4.68986	4.68986	
40743	6.85632e+17	2.78526e+17	1.21884e+17	7.71169e+16	1.54234e+17	2.31351e+17	3.08468e+17	3.85584e+17	4.62701e+17	5.38488e+17	6.12168e+17	6.80553e+17	7.5789e+17	3.35228e+17	8.5865e+15	6.23116e+15	5.75283e+15	2.51745e+15	1.59281e+15	3.18562e+15	4.77844e+15	6.37125e+15	7.96406e+15	9.55687e+15	1.19905e+16	1.57549e+16	2.2854e+16	2.40934e+16	3.09726e+17	4.53313e+17	2.62261	3.81074	3.81074	3.81074	3.81074	3.81074	3.81074	3.81074	3.81074	3.95655	4.3169	4.5941	4.68817	4.68986	4.68986	
40995.8	6.85635e+17	2.78528e+17	1.21885e+17	7.71174e+16	1.54235e+17	2.31352e+17	3.0847e+17	3.85587e+17	4.62705e+17	5.3847e+17	6.11991e+17	6.79588e+17	7.57653e+17	3.35229e+17	8.58651e+15	6.22976e+15	5.75163e+15	2.51693e+15	1.59248e+15	3.18496e+15	4.77744e+15	6.36992e+15	7.9624e+15	9.55488e+15	1.20021e+16	1.58666e+16	2.34616e+16	2.42444e+16	3.09727e+17	4.53314e+17	2.61954	3.77601	3.77601	3.77601	3.77601	3.77601	3.77601	3.77601	3.77601	3.92121	4.28522	4.57779	4.6877	4.68986	4.68986	
41249.7	6.85637e+17	2.7853e+17	1.21886e+17	7.7118e+16	1.54236e+17	2.31354e+17	3.08472e+17	3.8559e+17	4.62708e+17	5.38455e+17	6.11822e+17	6.78607e+17	7.57383e+17	3.3523e+17	8.58651e+15	6.22839e+15	5.75038e+15	2.51638e+15	1.59214e+15	3.18427e+15	4.77641e+15	6.36855e+15	7.96068e+15	9.55282e+15	1.20119e+16	1.59734e+16	2.4079e+16	2.44163e+16	3.09727e+17	4.53314e+17	2.61691	3.74127	3.74127	3.74127	3.74127	3.74127	3.74127	3.74127	3.74127	3.8856	4.25255	4.56002	4.68714	4.68986	4.68986	
41502.8	6.8564e+17	2.78532e+17	1.21886e+17	7.71186e+16	1.54237e+17	2.31356e+17	3.08474e+17	3.85593e+17	4.62711e+17	5.38442e+17	6.11663e+17	6.77624e+17	7.57079e+17	3.3523e+17	8.58652e+15	6.22706e+15	5.74911e+15	2.51583e+15	1.59178e+15	3.18357e+15	4.77535e+15	6.36713e+15	7.95892e+15	9.5507e+15	1.20199e+16	1.60739e+16	2.46979e+16	2.46092e+16	3.09728e+17	4.53314e+17	2.61471	3.70683	3.70683	3.70683	3.70683	3.70683	3.70683	3.70683	3.70683	3.85008	4.21922	4.54091	4.68646	4.68986	4.68986	
41752.8	6.85642e+17	2.78534e+17	1.21887e+17	7.71191e+16	1.54238e+17	2.31357e+17	3.08477e+17	3.85596e+17	4.62715e+17	5.38433e+17	6.11516e+17	6.76651e+17	7.56742e+17	3.35231e+17	8.58652e+15	6.22576e+15	5.74782e+15	2.51526e+15	1.59142e+15	3.18285e+15	4.77427e+15	6.3657e+15	7.95712e+15	9.54855e+15	1.20261e+16	1.61671e+16	2.53098e+16	2.48223e+16	3.09729e+17	4.53314e+17	2.61293	3.67305	3.67305	3.67305	3.67305	3.67305	3.67305	3.67305	3.67305	3.81501	4.18559	4.52067	4.68566	4.68986	4.68986	
42003.1	6.85644e+17	2.78537e+17	1.21888e+17	7.71197e+16	1.54239e+17	2.31359e+17	3.08479e+17	3.85599e+17	4.62718e+17	5.38426e+17	6.11379e+17	6.75681e+17	7.56368e+17	3.35232e+17	8.58653e+15	6.2245e+15	5.74649e+15	2.51468e+15	1.59106e+15	3.18211e+15	4.77317e+15	6.36423e+15	7.95529e+15	9.54634e+15	1.20305e+16	1.62538e+16	2.59198e+16	2.50591e+16	3.0973e+17	4.53315e+17	2.61151	3.63951	3.63951	3.63951	3.63951	3.63951	3.63951	3.63951	3.63951	3.77999	4.15131	4.49904	4.68472	4.68986	4.68986	
42253.9	6.85646e+17	2.78539e+17	1.21889e+17	7.71203e+16	1.54241e+17	2.31361e+17	3.08481e+17	3.85602e+17	4.62722e+17	5.38422e+17	6.11252e+17	6.74718e+17	7.55953e+17	3.35233e+17	8.58653e+15	6.22326e+15	5.74513e+15	2.51408e+15	1.59068e+15	3.18136e+15	4.77204e+15	6.36273e+15	7.95341e+15	9.54409e+15	1.20331e+16	1.63338e+16	2.65251e+16	2.53213e+16	3.09731e+17	4.53315e+17	2.61042	3.60623	3.60623	3.60623	3.60623	3.60623	3.60623	3.60623	3.60623	3.74503	4.11641	4.47601	4.68361	4.68986	4.68986	
42503.9	6.85649e+17	2.78541e+17	1.2189e+17	7.71209e+16	1.54242e+17	2.31363e+17	3.08484e+17	3.85605e+17	4.62726e+17	5.3842e+17	6.11137e+17	6.73772e+17	7.55498e+17	3.35234e+17	8.58653e+15	6.22204e+15	5.74375e+15	2.51348e+15	1.5903e+15	3.1806e+15	4.7709e+15	6.3612e+15	7.9515e+15	9.5418e+15	1.20341e+16	1.64064e+16	2.71198e+16	2.56084e+16	3.09732e+17	4.53315e+17	2.60965	3.57342	3.57342	3.57342	3.57342	3.57342	3.57342	3.57342	3.57342	3.71037	4.08114	4.45172	4.68232	4.68986	4.68986	
42754.7	6.85651e+17	2.78543e+17	1.21891e+17	7.71216e+16	1.54243e+17	2.31365e+17	3.08486e+17	3.85608e+17	4.62729e+17	5.38421e+17	6.11033e+17	6.72841e+17	7.54999e+17	3.35234e+17	8.58654e+15	6.22085e+15	5.74234e+15	2.51286e+15	1.58991e+15	3.17982e+15	4.76973e+15	6.35964e+15	7.94955e+15	9.53946e+15	1.20333e+16	1.64719e+16	2.77045e+16	2.59231e+16	3.09732e+17	4.53315e+17	2.60918	3.54092	3.54092	3.54092	3.54092	3.54092	3.54092	3.54092	3.54092	3.67584	4.04535	4.42604	4.68083	4.68986	4.68986	
43005.8	6.85653e+17	2.78546e+17	1.21892e+17	7.71222e+16	1.54244e+17	2.31367e+17	3.08489e+17	3.85611e+17	4.62733e+17	5.38425e+17	6.10941e+17	6.71933e+17	7.54456e+17	3.35235e+17	8.58654e+15	6.21967e+15	5.74091e+15	2.51224e+15	1.58951e+15	3.17903e+15	4.76854e+15	6.35805e+15	7.94757e+15	9.53708e+15	1.20309e+16	1.65299e+16	2.82751e+16	2.62658e+16	3.09733e+17	4.53316e+17	2.60899	3.50881	3.50881	3.50881	3.50881	3.50881	3.50881	3.50881	3.50881	3.64155	4.00918	4.39905	4.6791	4.68986	4.68986	
43256.2	6.85655e+17	2.78548e+17	1.21893e+17	7.71229e+16	1.54246e+17	2.31369e+17	3.08491e+17	3.85614e+17	4.62737e+17	5.38432e+17	6.10862e+17	6.71055e+17	7.53869e+17	3.35236e+17	8.58654e+15	6.21852e+15	5.73946e+15	2.5116e+15	1.58911e+15	3.17823e+15	4.76734e+15	6.35645e+15	7.94556e+15	9.53468e+15	1.20269e+16	1.65802e+16	2.88263e+16	2.66355e+16	3.09734e+17	4.53316e+17	2.60906	3.47729	3.47729	3.47729	3.47729	3.47729	3.47729	3.47729	3.47729	3.60772	3.97285	4.3709	4.67714	4.68986	4.68986	
43507.3	6.85657e+17	2.7855e+17	1.21894e+17	7.71235e+16	1.54247e+17	2.31371e+17	3.08494e+17	3.85618e+17	4.62741e+17	5.38441e+17	6.10794e+17	6.70206e+17	7.53235e+17	3.35236e+17	8.58655e+15	6.21739e+15	5.738e+15	2.51096e+15	1.58871e+15	3.17741e+15	4.76612e+15	6.35482e+15	7.94353e+15	9.53224e+15	1.20214e+16	1.66228e+16	2.93588e+16	2.70351e+16	3.09734e+17	4.53316e+17	2.60937	3.44617	3.44617	3.44617	3.44617	3.44617	3.44617	3.44617	3.44617	3.57415	3.93622	4.34148	4.67489	4.68986	4.68986	
43758.4	6.85659e+17	2.78553e+17	1.21895e+17	7.71242e+16	1.54248e+17	2.31373e+17	3.08497e+17	3.85621e+17	4.62745e+17	5.38452e+17	6.10739e+17	6.69395e+17	7.52555e+17	3.35237e+17	8.58655e+15	6.21628e+15	5.73651e+15	2.51031e+15	1.5883e+15	3.17659e+15	4.76489e+15	6.35318e+15	7.94148e+15	9.52977e+15	1.20143e+16	1.66577e+16	2.98681e+16	2.74632e+16	3.09735e+17	4.53316e+17	2.60991	3.41561	3.41561	3.41561	3.41561	3.41561	3.41561	3.41561	3.41561	3.54103	3.8995	4.31094	4.67236	4.68986	4.68986	
44009.5	6.85661e+17	2.78555e+17	1.21896e+17	7.71248e+16	1.5425e+17	2.31375e+17	3.08499e+17	3.85624e+17	4.62749e+17	5.38465e+17	6.10696e+17	6.68623e+17	7.51828e+17	3.35237e+17	8.58655e+15	6.21519e+15	5.73501e+15	2.50966e+15	1.58788e+15	3.17576e+15	4.76364e+15	6.35152e+15	7.9394e+15	9.52728e+15	1.20058e+16	1.66848e+16	3.03524e+16	2.79206e+16	3.09735e+17	4.53316e+17	2.61067	3.38561	3.38561	3.38561	3.38561	3.38561	3.38561	3.38561	3.38561	3.50836	3.8627	4.27931	4.6695	4.68986	4.68986	
44260.8	6.85663e+17	2.78557e+17	1.21897e+17	7.71255e+16	1.54251e+17	2.31377e+17	3.08502e+17	3.85628e+17	4.62753e+17	5.38481e+17	6.10666e+17	6.67894e+17	7.51054e+17	3.35237e+17	8.58656e+15	6.21411e+15	5.7335e+15	2.509e+15	1.58746e+15	3.17493e+15	4.76239e+15	6.34985e+15	7.93731e+15	9.52478e+15	1.19959e+16	1.67043e+16	3.08097e+16	2.84073e+16	3.09736e+17	4.53317e+17	2.61163	3.35617	3.35617	3.35617	3.35617	3.35617	3.35617	3.35617	3.35617	3.47617	3.8259	4.24666	4.6663	4.68986	4.68986	
44512.3	6.85665e+17	2.7856e+17	1.21899e+17	7.71262e+16	1.54252e+17	2.31379e+17	3.08505e+17	3.85631e+17	4.62757e+17	5.38499e+17	6.10647e+17	6.67211e+17	7.50235e+17	3.35238e+17	8.58656e+15	6.21305e+15	5.73198e+15	2.50833e+15	1.58704e+15	3.17408e+15	4.76113e+15	6.34817e+15	7.93521e+15	9.52225e+15	1.19847e+16	1.67161e+16	3.12377e+16	2.89229e+16	3.09736e+17	4.53317e+17	2.61278	3.32734	3.32734	3.32734	3.32734	3.32734	3.32734	3.32734	3.32734	3.4445	3.78917	4.21305	4.66273	4.68986	4.68986	
44763.8	6.85667e+17	2.78562e+17	1.219e+17	7.71269e+16	1.54254e+17	2.31381e+17	3.08508e+17	3.85634e+17	4.62761e+17	5.38519e+17	6.1064e+17	6.66578e+17	7.49369e+17	3.35238e+17	8.58656e+15	6.21201e+15	5.73046e+15	2.50766e+15	1.58662e+15	3.17324e+15	4.75986e+15	6.34647e+15	7.93309e+15	9.51971e+15	1.19723e+16	1.67205e+16	3.16347e+16	2.94667e+16	3.09737e+17	4.53317e+17	2.61411	3.29915	3.29915	3.29915	3.29915	3.29915	3.29915	3.29915	3.29915	3.4134	3.7526	4.17859	4.65877	4.68986	4.68986	
45015.4	6.85668e+17	2.78565e+17	1.21901e+17	7.71276e+16	1.54255e+17	2.31383e+17	3.0851e+17	3.85638e+17	4.62765e+17	5.3854e+17	6.10645e+17	6.65996e+17	7.48459e+17	3.35238e+17	8.58657e+15	6.21098e+15	5.72892e+15	2.50699e+15	1.58619e+15	3.17239e+15	4.75858e+15	6.34478e+15	7.93097e+15	9.51716e+15	1.19587e+16	1.67175e+16	3.19992e+16	3.00385e+16	3.09737e+17	4.53317e+17	2.6156	3.2716	3.2716	3.2716	3.2716	3.2716	3.2716	3.2716	3.2716	3.38289	3.71622	4.14333	4.65439	4.68986	4.68986	
45267	6.8567e+17	2.78567e+17	1.21902e+17	7.71283e+16	1.54257e+17	2.31385e+17	3.08513e+17	3.85641e+17	4.6277e+17	5.38564e+17	6.10661e+17	6.65468e+17	7.47507e+17	3.35239e+17	8.58657e+15	6.20997e+15	5.72738e+15	2.50632e+15	1.58577e+15	3.17154e+15	4.7573e+15	6.34307e+15	7.92884e+15	9.51461e+15	1.19441e+16	1.67075e+16	3.23299e+16	3.0637e+16	3.09737e+17	4.53317e+17	2.61725	3.24472	3.24472	3.24472	3.24472	3.24472	3.24472	3.24472	3.24472	3.353	3.68013	4.10739	4.64956	4.68986	4.68986	
45519.3	6.85672e+17	2.7857e+17	1.21903e+17	7.71289e+16	1.54258e+17	2.31387e+17	3.08516e+17	3.85645e+17	4.62774e+17	5.38588e+17	6.10688e+17	6.64995e+17	7.4651e+17	3.35239e+17	8.58657e+15	6.20897e+15	5.72584e+15	2.50564e+15	1.58534e+15	3.17068e+15	4.75602e+15	6.34136e+15	7.9267e+15	9.51204e+15	1.19284e+16	1.66905e+16	3.26264e+16	3.12629e+16	3.09738e+17	4.53317e+17	2.61905	3.21846	3.21846	3.21846	3.21846	3.21846	3.21846	3.21846	3.21846	3.3237	3.64429	4.07076	4.64426	4.68986	4.68986	
45771.2	6.85674e+17	2.78572e+17	1.21904e+17	7.71296e+16	1.54259e+17	2.31389e+17	3.08519e+17	3.85648e+17	4.62778e+17	5.38615e+17	6.10726e+17	6.6458e+17	7.45474e+17	3.35239e+17	8.58657e+15	6.20799e+15	5.7243e+15	2.50497e+15	1.58491e+15	3.16983e+15	4.75474e+15	6.33965e+15	7.92456e+15	9.50948e+15	1.19118e+16	1.66669e+16	3.28868e+16	3.19128e+16	3.09738e+17	4.53317e+17	2.62099	3.19294	3.19294	3.19294	3.19294	3.19294	3.19294	3.19294	3.19294	3.2951	3.60888	4.03366	4.63848	4.68986	4.68986	
46022.8	6.85676e+17	2.78575e+17	1.21905e+17	7.71303e+16	1.54261e+17	2.31391e+17	3.08521e+17	3.85652e+17	4.62782e+17	5.38642e+17	6.10773e+17	6.64222e+17	7.44403e+17	3.35239e+17	8.58657e+15	6.20702e+15	5.72275e+15	2.50429e+15	1.58449e+15	3.16897e+15	4.75346e+15	6.33794e+15	7.92243e+15	9.50692e+15	1.18944e+16	1.66369e+16	3.31106e+16	3.25851e+16	3.09738e+17	4.53318e+17	2.62306	3.16815	3.16815	3.16815	3.16815	3.16815	3.16815	3.16815	3.16815	3.26724	3.57397	3.99619	4.63219	4.68986	4.68986	
46274.8	6.85677e+17	2.78577e+17	1.21906e+17	7.7131e+16	1.54262e+17	2.31393e+17	3.08524e+17	3.85655e+17	4.62786e+17	5.38671e+17	6.1083e+17	6.63923e+17	7.43295e+17	3.35239e+17	8.58658e+15	6.20606e+15	5.72121e+15	2.50362e+15	1.58406e+15	3.16812e+15	4.75218e+15	6.33624e+15	7.9203e+15	9.50436e+15	1.18761e+16	1.66009e+16	3.32983e+16	3.32802e+16	3.09739e+17	4.53318e+17	2.62525	3.14405	3.14405	3.14405	3.14405	3.14405	3.14405	3.14405	3.14405	3.24004	3.5395	3.95834	4.62536	4.68986	4.68986	
46526.8	6.85679e+17	2.7858e+17	1.21907e+17	7.71317e+16	1.54263e+17	2.31395e+17	3.08527e+17	3.85658e+17	4.6279e+17	5.38701e+17	6.10897e+17	6.63681e+17	7.42153e+17	3.35239e+17	8.58658e+15	6.20512e+15	5.71967e+15	2.50294e+15	1.58363e+15	3.16727e+15	4.7509e+15	6.33453e+15	7.91817e+15	9.5018e+15	1.18573e+16	1.65591e+16	3.34494e+16	3.39957e+16	3.09739e+17	4.53318e+17	2.62755	3.12066	3.12066	3.12066	3.12066	3.12066	3.12066	3.12066	3.12066	3.21357	3.50557	3.92024	4.61798	4.68986	4.68986	
46779	6.85681e+17	2.78582e+17	1.21908e+17	7.71324e+16	1.54265e+17	2.31397e+17	3.08529e+17	3.85662e+17	4.62794e+17	5.38732e+17	6.10971e+17	6.63498e+17	7.40982e+17	3.35239e+17	8.58658e+15	6.20418e+15	5.71814e+15	2.50227e+15	1.58321e+15	3.16642e+15	4.74963e+15	6.33283e+15	7.91604e+15	9.49925e+15	1.18377e+16	1.65119e+16	3.35639e+16	3.473e+16	3.09739e+17	4.53318e+17	2.62996	3.09799	3.09799	3.09799	3.09799	3.09799	3.09799	3.09799	3.09799	3.18782	3.4722	3.88198	4.61003	4.68986	4.68986	
47031.4	6.85682e+17	2.78585e+17	1.21909e+17	7.7133e+16	1.54266e+17	2.31399e+17	3.08532e+17	3.85665e+17	4.62798e+17	5.38764e+17	6.11054e+17	6.63373e+17	7.39782e+17	3.35238e+17	8.58658e+15	6.20326e+15	5.71661e+15	2.5016e+15	1.58278e+15	3.16557e+15	4.74835e+15	6.33114e+15	7.91392e+15	9.49671e+15	1.18177e+16	1.64596e+16	3.36423e+16	3.54818e+16	3.09739e+17	4.53318e+17	2.63248	3.07603	3.07603	3.07603	3.07603	3.07603	3.07603	3.07603	3.07603	3.16279	3.43943	3.84363	4.60147	4.68986	4.68986	
47283.6	6.85684e+17	2.78587e+17	1.2191e+17	7.71337e+16	1.54267e+17	2.31401e+17	3.08535e+17	3.85669e+17	4.62802e+17	5.38797e+17	6.11145e+17	6.63305e+17	7.38558e+17	3.35238e+17	8.58658e+15	6.20235e+15	5.71509e+15	2.50094e+15	1.58236e+15	3.16473e+15	4.74709e+15	6.32945e+15	7.91182e+15	9.49418e+15	1.17972e+16	1.64025e+16	3.36849e+16	3.6248e+16	3.09739e+17	4.53318e+17	2.63509	3.0548	3.0548	3.0548	3.0548	3.0548	3.0548	3.0548	3.0548	3.13852	3.40733	3.80532	4.59232	4.68986	4.68986	
47536	6.85686e+17	2.7859e+17	1.21911e+17	7.71344e+16	1.54269e+17	2.31403e+17	3.08538e+17	3.85672e+17	4.62806e+17	5.3883e+17	6.11243e+17	6.63294e+17	7.37313e+17	3.35238e+17	8.58659e+15	6.20144e+15	5.71357e+15	2.50027e+15	1.58194e+15	3.16389e+15	4.74583e+15	6.32777e+15	7.90972e+15	9.49166e+15	1.17763e+16	1.6341e+16	3.36924e+16	3.70272e+16	3.09739e+17	4.53318e+17	2.6378	3.03429	3.03429	3.03429	3.03429	3.03429	3.03429	3.03429	3.03429	3.115	3.37591	3.76711	4.58254	4.68986	4.68986	
47788.4	6.85687e+17	2.78592e+17	1.21913e+17	7.71351e+16	1.5427e+17	2.31405e+17	3.0854e+17	3.85675e+17	4.6281e+17	5.38863e+17	6.11346e+17	6.63336e+17	7.3605e+17	3.35237e+17	8.58659e+15	6.20055e+15	5.71206e+15	2.49961e+15	1.58153e+15	3.16305e+15	4.74458e+15	6.32611e+15	7.90763e+15	9.48916e+15	1.17551e+16	1.62754e+16	3.36657e+16	3.78172e+16	3.09739e+17	4.53318e+17	2.64059	3.0145	3.0145	3.0145	3.0145	3.0145	3.0145	3.0145	3.0145	3.09224	3.3452	3.72908	4.57213	4.68986	4.68986	
48041	6.85689e+17	2.78594e+17	1.21914e+17	7.71357e+16	1.54271e+17	2.31407e+17	3.08543e+17	3.85679e+17	4.62814e+17	5.38897e+17	6.11456e+17	6.63432e+17	7.34773e+17	3.35237e+17	8.58659e+15	6.19967e+15	5.71057e+15	2.49896e+15	1.58111e+15	3.16222e+15	4.74333e+15	6.32445e+15	7.90556e+15	9.48667e+15	1.17336e+16	1.62062e+16	3.36057e+16	3.8616e+16	3.09739e+17	4.53318e+17	2.64346	2.99542	2.99542	2.99542	2.99542	2.99542	2.99542	2.99542	2.99542	3.07024	3.31521	3.69131	4.56106	4.68986	4.68986	
48293.9	6.85691e+17	2.78597e+17	1.21915e+17	7.71364e+16	1.54273e+17	2.31409e+17	3.08546e+17	3.85682e+17	4.62818e+17	5.38932e+17	6.11572e+17	6.6358e+17	7.33483e+17	3.35237e+17	8.58659e+15	6.1988e+15	5.70908e+15	2.49831e+15	1.5807e+15	3.1614e+15	4.7421e+15	6.3228e+15	7.9035e+15	9.4842e+15	1.17119e+16	1.61335e+16	3.35133e+16	3.94222e+16	3.09739e+17	4.53319e+17	2.64641	2.97704	2.97704	2.97704	2.97704	2.97704	2.97704	2.97704	2.97704	3.04896	3.28596	3.65384	4.54933	4.68986	4.68986	
48546.2	6.85692e+17	2.78599e+17	1.21916e+17	7.71371e+16	1.54274e+17	2.31411e+17	3.08548e+17	3.85685e+17	4.62822e+17	5.38966e+17	6.11691e+17	6.63776e+17	7.3219e+17	3.35236e+17	8.58659e+15	6.19794e+15	5.7076e+15	2.49766e+15	1.58029e+15	3.16058e+15	4.74087e+15	6.32116e+15	7.90146e+15	9.48175e+15	1.16902e+16	1.6058e+16	3.33904e+16	4.02301e+16	3.09739e+17	4.53319e+17	2.64943	2.95941	2.95941	2.95941	2.95941	2.95941	2.95941	2.95941	2.95941	3.02851	3.25758	3.61689	4.53698	4.68986	4.68986	
48799	6.85694e+17	2.78601e+17	1.21917e+17	7.71377e+16	1.54275e+17	2.31413e+17	3.08551e+17	3.85689e+17	4.62826e+17	5.39001e+17	6.11815e+17	6.64021e+17	7.30891e+17	3.35235e+17	8.58659e+15	6.19708e+15	5.70614e+15	2.49702e+15	1.57989e+15	3.15977e+15	4.73966e+15	6.31954e+15	7.89943e+15	9.47931e+15	1.16683e+16	1.59797e+16	3.32376e+16	4.10417e+16	3.09739e+17	4.53319e+17	2.65252	2.94244	2.94244	2.94244	2.94244	2.94244	2.94244	2.94244	2.94244	3.00876	3.22993	3.58034	4.52393	4.68986	4.68986	
49051.7	6.85695e+17	2.78604e+17	1.21918e+17	7.71384e+16	1.54277e+17	2.31415e+17	3.08553e+17	3.85692e+17	4.6283e+17	5.39035e+17	6.11943e+17	6.6431e+17	7.29593e+17	3.35235e+17	8.58659e+15	6.19624e+15	5.70469e+15	2.49639e+15	1.57948e+15	3.15897e+15	4.73845e+15	6.31793e+15	7.89742e+15	9.4769e+15	1.16465e+16	1.58991e+16	3.30568e+16	4.18522e+16	3.09739e+17	4.53319e+17	2.65568	2.92617	2.92617	2.92617	2.92617	2.92617	2.92617	2.92617	2.92617	2.98977	3.20312	3.54437	4.51022	4.68986	4.68986	
49304.5	6.85697e+17	2.78606e+17	1.21919e+17	7.7139e+16	1.54278e+17	2.31417e+17	3.08556e+17	3.85695e+17	4.62834e+17	5.3907e+17	6.12074e+17	6.64641e+17	7.28298e+17	3.35234e+17	8.58659e+15	6.1954e+15	5.70325e+15	2.49576e+15	1.57908e+15	3.15817e+15	4.73725e+15	6.31634e+15	7.89542e+15	9.47451e+15	1.16247e+16	1.58165e+16	3.28492e+16	4.26603e+16	3.09739e+17	4.53319e+17	2.65889	2.91058	2.91058	2.91058	2.91058	2.91058	2.91058	2.91058	2.91058	2.97153	3.17712	3.50898	4.49583	4.68986	4.68986	
49557.3	6.85698e+17	2.78608e+17	1.2192e+17	7.71396e+16	1.54279e+17	2.31419e+17	3.08559e+17	3.85698e+17	4.62838e+17	5.39104e+17	6.12207e+17	6.65013e+17	7.2701e+17	3.35233e+17	8.58659e+15	6.19457e+15	5.70182e+15	2.49513e+15	1.57869e+15	3.15738e+15	4.73607e+15	6.31476e+15	7.89345e+15	9.47214e+15	1.1603e+16	1.57323e+16	3.26166e+16	4.34635e+16	3.09739e+17	4.53319e+17	2.66217	2.89566	2.89566	2.89566	2.89566	2.89566	2.89566	2.89566	2.89566	2.95402	3.15195	3.47425	4.48078	4.68986	4.68986	
49810.4	6.857e+17	2.78611e+17	1.21921e+17	7.71403e+16	1.54281e+17	2.31421e+17	3.08561e+17	3.85701e+17	4.62842e+17	5.39139e+17	6.12343e+17	6.65422e+17	7.25732e+17	3.35233e+17	8.5866e+15	6.19375e+15	5.70041e+15	2.49451e+15	1.5783e+15	3.1566e+15	4.7349e+15	6.3132e+15	7.8915e+15	9.4698e+15	1.15814e+16	1.56466e+16	3.23604e+16	4.42601e+16	3.09739e+17	4.53319e+17	2.6655	2.8814	2.8814	2.8814	2.8814	2.8814	2.8814	2.8814	2.8814	2.93722	3.1276	3.4402	4.46505	4.68986	4.68986	
50063.3	6.85701e+17	2.78613e+17	1.21922e+17	7.71409e+16	1.54282e+17	2.31423e+17	3.08564e+17	3.85704e+17	4.62845e+17	5.39173e+17	6.12481e+17	6.65865e+17	7.2447e+17	3.35232e+17	8.5866e+15	6.19293e+15	5.69901e+15	2.4939e+15	1.57791e+15	3.15582e+15	4.73374e+15	6.31165e+15	7.88956e+15	9.46747e+15	1.156e+16	1.55599e+16	3.20824e+16	4.50471e+16	3.09739e+17	4.53319e+17	2.66888	2.86779	2.86779	2.86779	2.86779	2.86779	2.86779	2.86779	2.86779	2.92115	3.10411	3.40692	4.44868	4.68986	4.68986	
50316.3	6.85703e+17	2.78615e+17	1.21923e+17	7.71415e+16	1.54283e+17	2.31425e+17	3.08566e+17	3.85708e+17	4.62849e+17	5.39206e+17	6.12619e+17	6.66341e+17	7.23224e+17	3.35231e+17	8.5866e+15	6.19213e+15	5.69763e+15	2.4933e+15	1.57753e+15	3.15506e+15	4.73259e+15	6.31012e+15	7.88765e+15	9.46518e+15	1.15388e+16	1.54724e+16	3.17843e+16	4.58229e+16	3.09739e+17	4.53319e+17	2.6723	2.85481	2.85481	2.85481	2.85481	2.85481	2.85481	2.85481	2.85481	2.90579	3.08146	3.37442	4.43165	4.68986	4.68986	
50569.4	6.85704e+17	2.78617e+17	1.21924e+17	7.71421e+16	1.54284e+17	2.31426e+17	3.08568e+17	3.85711e+17	4.62853e+17	5.39239e+17	6.12759e+17	6.66847e+17	7.22e+17	3.3523e+17	8.5866e+15	6.19133e+15	5.69626e+15	2.4927e+15	1.57715e+15	3.1543e+15	4.73145e+15	6.3086e+15	7.88576e+15	9.46291e+15	1.15179e+16	1.53845e+16	3.14678e+16	4.65854e+16	3.09739e+17	4.53319e+17	2.67578	2.84246	2.84246	2.84246	2.84246	2.84246	2.84246	2.84246	2.84246	2.89112	3.05964	3.34274	4.41398	4.68986	4.68986	
50822.6	6.85706e+17	2.7862e+17	1.21925e+17	7.71427e+16	1.54285e+17	2.31428e+17	3.08571e+17	3.85714e+17	4.62856e+17	5.39272e+17	6.12899e+17	6.67379e+17	7.20799e+17	3.35229e+17	8.5866e+15	6.19054e+15	5.69491e+15	2.49211e+15	1.57678e+15	3.15355e+15	4.73033e+15	6.30711e+15	7.88388e+15	9.46066e+15	1.14973e+16	1.52962e+16	3.11342e+16	4.73329e+16	3.09739e+17	4.53319e+17	2.6793	2.83071	2.83071	2.83071	2.83071	2.83071	2.83071	2.83071	2.83071	2.87712	3.03865	3.3119	4.39567	4.68986	4.68986	
51076.2	6.85707e+17	2.78622e+17	1.21926e+17	7.71433e+16	1.54287e+17	2.3143e+17	3.08573e+17	3.85717e+17	4.6286e+17	5.39304e+17	6.13039e+17	6.67936e+17	7.19623e+17	3.35228e+17	8.5866e+15	6.18975e+15	5.69357e+15	2.49152e+15	1.57641e+15	3.15281e+15	4.72922e+15	6.30562e+15	7.88203e+15	9.45844e+15	1.14769e+16	1.52077e+16	3.07851e+16	4.80644e+16	3.09739e+17	4.53319e+17	2.68287	2.81954	2.81954	2.81954	2.81954	2.81954	2.81954	2.81954	2.81954	2.86377	3.01846	3.28189	4.37673	4.68986	4.68986	
51328.9	6.85709e+17	2.78624e+17	1.21927e+17	7.71439e+16	1.54288e+17	2.31432e+17	3.08576e+17	3.85719e+17	4.62863e+17	5.39336e+17	6.13178e+17	6.68512e+17	7.18482e+17	3.35227e+17	8.5866e+15	6.18897e+15	5.69225e+15	2.49094e+15	1.57604e+15	3.15208e+15	4.72812e+15	6.30416e+15	7.88021e+15	9.45625e+15	1.1457e+16	1.51198e+16	3.04238e+16	4.87743e+16	3.09739e+17	4.53319e+17	2.68646	2.80899	2.80899	2.80899	2.80899	2.80899	2.80899	2.80899	2.80899	2.85113	2.99917	3.25288	4.35726	4.68986	4.68986	
51579	6.8571e+17	2.78626e+17	1.21927e+17	7.71445e+16	1.54289e+17	2.31433e+17	3.08578e+17	3.85722e+17	4.62867e+17	5.39366e+17	6.13315e+17	6.69101e+17	7.17384e+17	3.35226e+17	8.5866e+15	6.18821e+15	5.69096e+15	2.49038e+15	1.57568e+15	3.15137e+15	4.72705e+15	6.30274e+15	7.87842e+15	9.45411e+15	1.14376e+16	1.50332e+16	3.00547e+16	4.94565e+16	3.09739e+17	4.5332e+17	2.69005	2.79912	2.79912	2.79912	2.79912	2.79912	2.79912	2.79912	2.79912	2.83924	2.98088	3.22509	4.33742	4.68986	4.68986	
51832.3	6.85711e+17	2.78628e+17	1.21928e+17	7.7145e+16	1.5429e+17	2.31435e+17	3.0858e+17	3.85725e+17	4.6287e+17	5.39397e+17	6.13453e+17	6.69713e+17	7.16308e+17	3.35225e+17	8.5866e+15	6.18744e+15	5.68968e+15	2.48982e+15	1.57533e+15	3.15066e+15	4.72598e+15	6.30131e+15	7.87664e+15	9.45197e+15	1.14184e+16	1.49462e+16	2.96709e+16	5.01253e+16	3.09739e+17	4.5332e+17	2.69373	2.78967	2.78967	2.78967	2.78967	2.78967	2.78967	2.78967	2.78967	2.82783	2.96316	3.19786	4.31679	4.68986	4.68986	
52085.3	6.85713e+17	2.7863e+17	1.21929e+17	7.71456e+16	1.54291e+17	2.31437e+17	3.08582e+17	3.85728e+17	4.62874e+17	5.39427e+17	6.13589e+17	6.70338e+17	7.15271e+17	3.35223e+17	8.5866e+15	6.18669e+15	5.68841e+15	2.48926e+15	1.57498e+15	3.14995e+15	4.72493e+15	6.2999e+15	7.87488e+15	9.44985e+15	1.13997e+16	1.48601e+16	2.92788e+16	5.07695e+16	3.09739e+17	4.5332e+17	2.69743	2.78077	2.78077	2.78077	2.78077	2.78077	2.78077	2.78077	2.78077	2.81704	2.94626	3.17161	4.29564	4.68986	4.68986	
52338.5	6.85714e+17	2.78632e+17	1.2193e+17	7.71462e+16	1.54292e+17	2.31439e+17	3.08585e+17	3.85731e+17	4.62877e+17	5.39456e+17	6.13724e+17	6.70975e+17	7.14272e+17	3.35222e+17	8.5866e+15	6.18593e+15	5.68715e+15	2.48871e+15	1.57463e+15	3.14926e+15	4.72388e+15	6.29851e+15	7.87314e+15	9.44777e+15	1.13813e+16	1.47749e+16	2.88791e+16	5.13897e+16	3.09738e+17	4.5332e+17	2.70116	2.77238	2.77238	2.77238	2.77238	2.77238	2.77238	2.77238	2.77238	2.80684	2.93011	3.14626	4.27396	4.68986	4.68986	
52592	6.85716e+17	2.78634e+17	1.21931e+17	7.71467e+16	1.54293e+17	2.3144e+17	3.08587e+17	3.85734e+17	4.6288e+17	5.39484e+17	6.13858e+17	6.71621e+17	7.13315e+17	3.35221e+17	8.5866e+15	6.18518e+15	5.68591e+15	2.48817e+15	1.57428e+15	3.14857e+15	4.72285e+15	6.29714e+15	7.87142e+15	9.44571e+15	1.13633e+16	1.46907e+16	2.84735e+16	5.19838e+16	3.09738e+17	4.5332e+17	2.70493	2.7645	2.7645	2.7645	2.7645	2.7645	2.7645	2.7645	2.7645	2.79721	2.91473	3.12186	4.25179	4.68986	4.68986	
52842	6.85717e+17	2.78636e+17	1.21932e+17	7.71473e+16	1.54295e+17	2.31442e+17	3.08589e+17	3.85736e+17	4.62884e+17	5.39512e+17	6.13987e+17	6.72265e+17	7.12413e+17	3.35219e+17	8.5866e+15	6.18445e+15	5.6847e+15	2.48764e+15	1.57395e+15	3.1479e+15	4.72185e+15	6.2958e+15	7.86975e+15	9.4437e+15	1.13461e+16	1.46089e+16	2.8069e+16	5.25432e+16	3.09738e+17	4.5332e+17	2.70867	2.75721	2.75721	2.75721	2.75721	2.75721	2.75721	2.75721	2.75721	2.78826	2.90028	3.09871	4.22946	4.68986	4.68986	
53095.6	6.85718e+17	2.78638e+17	1.21933e+17	7.71478e+16	1.54296e+17	2.31443e+17	3.08591e+17	3.85739e+17	4.62887e+17	5.39539e+17	6.14116e+17	6.72923e+17	7.11545e+17	3.35218e+17	8.5866e+15	6.18371e+15	5.68349e+15	2.48711e+15	1.57362e+15	3.14723e+15	4.72085e+15	6.29446e+15	7.86808e+15	9.44169e+15	1.1329e+16	1.45274e+16	2.7656e+16	5.30821e+16	3.09738e+17	4.5332e+17	2.71249	2.7503	2.7503	2.7503	2.7503	2.7503	2.7503	2.7503	2.7503	2.77974	2.88637	3.07617	4.20639	4.68986	4.68986	
53349.1	6.8572e+17	2.7864e+17	1.21934e+17	7.71483e+16	1.54297e+17	2.31445e+17	3.08593e+17	3.85742e+17	4.6289e+17	5.39565e+17	6.14243e+17	6.73584e+17	7.10723e+17	3.35217e+17	8.5866e+15	6.18298e+15	5.6823e+15	2.48659e+15	1.57329e+15	3.14657e+15	4.71986e+15	6.29314e+15	7.86643e+15	9.43971e+15	1.13124e+16	1.44474e+16	2.72411e+16	5.35918e+16	3.09738e+17	4.5332e+17	2.71634	2.74385	2.74385	2.74385	2.74385	2.74385	2.74385	2.74385	2.74385	2.77174	2.87318	3.05458	4.18292	4.68986	4.68986	
53599.5	6.85721e+17	2.78642e+17	1.21934e+17	7.71489e+16	1.54298e+17	2.31447e+17	3.08595e+17	3.85744e+17	4.62893e+17	5.3959e+17	6.14366e+17	6.74237e+17	7.09959e+17	3.35215e+17	8.5866e+15	6.18227e+15	5.68114e+15	2.48608e+15	1.57296e+15	3.14593e+15	4.71889e+15	6.29186e+15	7.86482e+15	9.43778e+15	1.12965e+16	1.437e+16	2.68309e+16	5.40654e+16	3.09738e+17	4.5332e+17	2.72016	2.73793	2.73793	2.73793	2.73793	2.73793	2.73793	2.73793	2.73793	2.76436	2.86085	3.03417	4.15938	4.68986	4.68986	
53853	6.85722e+17	2.78644e+17	1.21935e+17	7.71494e+16	1.54299e+17	2.31448e+17	3.08597e+17	3.85747e+17	4.62896e+17	5.39615e+17	6.14487e+17	6.74897e+17	7.09234e+17	3.35214e+17	8.5866e+15	6.18155e+15	5.67998e+15	2.48557e+15	1.57264e+15	3.14529e+15	4.71793e+15	6.29057e+15	7.86321e+15	9.43586e+15	1.12809e+16	1.42933e+16	2.64162e+16	5.45143e+16	3.09738e+17	4.5332e+17	2.72404	2.73237	2.73237	2.73237	2.73237	2.73237	2.73237	2.73237	2.73237	2.75738	2.84905	3.01442	4.13521	4.68986	4.68986	
54106.5	6.85724e+17	2.78645e+17	1.21936e+17	7.71499e+16	1.543e+17	2.3145e+17	3.086e+17	3.85749e+17	4.62899e+17	5.39639e+17	6.14606e+17	6.75554e+17	7.0856e+17	3.35212e+17	8.5866e+15	6.18083e+15	5.67884e+15	2.48507e+15	1.57233e+15	3.14465e+15	4.71698e+15	6.2893e+15	7.86163e+15	9.43396e+15	1.12657e+16	1.42184e+16	2.60029e+16	5.4932e+16	3.09738e+17	4.5332e+17	2.72795	2.72723	2.72723	2.72723	2.72723	2.72723	2.72723	2.72723	2.72723	2.75088	2.83791	2.99557	4.11073	4.68986	4.68986	
54357.1	6.85725e+17	2.78647e+17	1.21937e+17	7.71504e+16	1.54301e+17	2.31451e+17	3.08602e+17	3.85752e+17	4.62902e+17	5.39662e+17	6.1472e+17	6.762e+17	7.07943e+17	3.3521e+17	8.5866e+15	6.18013e+15	5.67772e+15	2.48458e+15	1.57202e+15	3.14403e+15	4.71605e+15	6.28807e+15	7.86009e+15	9.4321e+15	1.12512e+16	1.41461e+16	2.5597e+16	5.53137e+16	3.09738e+17	4.5332e+17	2.73184	2.72255	2.72255	2.72255	2.72255	2.72255	2.72255	2.72255	2.72255	2.74492	2.82754	2.97782	4.08625	4.68986	4.68986	
54610.1	6.85726e+17	2.78649e+17	1.21938e+17	7.71509e+16	1.54302e+17	2.31453e+17	3.08603e+17	3.85754e+17	4.62905e+17	5.39685e+17	6.14833e+17	6.76846e+17	7.07372e+17	3.35209e+17	8.5866e+15	6.17943e+15	5.67661e+15	2.4841e+15	1.57171e+15	3.14342e+15	4.71513e+15	6.28684e+15	7.85855e+15	9.43026e+15	1.1237e+16	1.4075e+16	2.51906e+16	5.56672e+16	3.09738e+17	4.5332e+17	2.73578	2.71821	2.71821	2.71821	2.71821	2.71821	2.71821	2.71821	2.71821	2.73935	2.81769	2.96077	4.0613	4.68986	4.68986	
54861	6.85727e+17	2.78651e+17	1.21938e+17	7.71514e+16	1.54303e+17	2.31454e+17	3.08605e+17	3.85757e+17	4.62908e+17	5.39706e+17	6.14941e+17	6.7748e+17	7.06857e+17	3.35207e+17	8.5866e+15	6.17874e+15	5.67552e+15	2.48362e+15	1.57141e+15	3.14282e+15	4.71423e+15	6.28563e+15	7.85704e+15	9.42845e+15	1.12234e+16	1.40065e+16	2.47919e+16	5.5986e+16	3.09738e+17	4.5332e+17	2.7397	2.71428	2.71428	2.71428	2.71428	2.71428	2.71428	2.71428	2.71428	2.73425	2.80854	2.94471	4.03635	4.68986	4.68986	
55114.3	6.85729e+17	2.78653e+17	1.21939e+17	7.71518e+16	1.54304e+17	2.31456e+17	3.08607e+17	3.85759e+17	4.62911e+17	5.39727e+17	6.15048e+17	6.78112e+17	7.06389e+17	3.35205e+17	8.5866e+15	6.17804e+15	5.67444e+15	2.48315e+15	1.57111e+15	3.14222e+15	4.71333e+15	6.28444e+15	7.85554e+15	9.42665e+15	1.12101e+16	1.39392e+16	2.43945e+16	5.62755e+16	3.09738e+17	4.5332e+17	2.74367	2.71069	2.71069	2.71069	2.71069	2.71069	2.71069	2.71069	2.71069	2.72953	2.79988	2.92933	4.01099	4.68986	4.68986	
55365	6.8573e+17	2.78654e+17	1.2194e+17	7.71523e+16	1.54305e+17	2.31457e+17	3.08609e+17	3.85762e+17	4.62914e+17	5.39747e+17	6.1515e+17	6.78729e+17	7.05977e+17	3.35203e+17	8.58659e+15	6.17736e+15	5.67338e+15	2.48269e+15	1.57082e+15	3.14163e+15	4.71245e+15	6.28327e+15	7.85408e+15	9.4249e+15	1.11974e+16	1.38746e+16	2.40067e+16	5.65303e+16	3.09738e+17	4.5332e+17	2.74762	2.70747	2.70747	2.70747	2.70747	2.70747	2.70747	2.70747	2.70747	2.72525	2.79188	2.91491	3.98574	4.68986	4.68986	
55618.7	6.85731e+17	2.78656e+17	1.21941e+17	7.71528e+16	1.54306e+17	2.31458e+17	3.08611e+17	3.85764e+17	4.62917e+17	5.39767e+17	6.1525e+17	6.79342e+17	7.05612e+17	3.35202e+17	8.58659e+15	6.17667e+15	5.67233e+15	2.48223e+15	1.57052e+15	3.14105e+15	4.71157e+15	6.2821e+15	7.85262e+15	9.42315e+15	1.1185e+16	1.38113e+16	2.36207e+16	5.67558e+16	3.09738e+17	4.5332e+17	2.75164	2.70455	2.70455	2.70455	2.70455	2.70455	2.70455	2.70455	2.70455	2.72132	2.78433	2.90111	3.96006	4.68986	4.68986	
55872.6	6.85732e+17	2.78658e+17	1.21941e+17	7.71533e+16	1.54307e+17	2.3146e+17	3.08613e+17	3.85766e+17	4.6292e+17	5.39786e+17	6.15347e+17	6.79944e+17	7.05299e+17	3.352e+17	8.58659e+15	6.17599e+15	5.67129e+15	2.48177e+15	1.57024e+15	3.14047e+15	4.71071e+15	6.28094e+15	7.85118e+15	9.42142e+15	1.11731e+16	1.37499e+16	2.32415e+16	5.69491e+16	3.09738e+17	4.5332e+17	2.75566	2.70196	2.70196	2.70196	2.70196	2.70196	2.70196	2.70196	2.70196	2.71775	2.77732	2.8881	3.9343	4.68986	4.68986	
56123.4	6.85734e+17	2.78659e+17	1.21942e+17	7.71537e+16	1.54307e+17	2.31461e+17	3.08615e+17	3.85769e+17	4.62922e+17	5.39804e+17	6.1544e+17	6.80528e+17	7.05041e+17	3.35198e+17	8.58659e+15	6.17532e+15	5.67027e+15	2.48133e+15	1.56996e+15	3.13991e+15	4.70987e+15	6.27982e+15	7.84978e+15	9.41973e+15	1.11617e+16	1.36912e+16	2.28742e+16	5.71085e+16	3.09738e+17	4.5332e+17	2.75965	2.69971	2.69971	2.69971	2.69971	2.69971	2.69971	2.69971	2.69971	2.71459	2.7709	2.87598	3.90879	4.68986	4.68986	
56377	6.85735e+17	2.78661e+17	1.21943e+17	7.71542e+16	1.54308e+17	2.31462e+17	3.08617e+17	3.85771e+17	4.62925e+17	5.39822e+17	6.15531e+17	6.81105e+17	7.04831e+17	3.35196e+17	8.58659e+15	6.17465e+15	5.66926e+15	2.48088e+15	1.56968e+15	3.13935e+15	4.70903e+15	6.2787e+15	7.84838e+15	9.41805e+15	1.11506e+16	1.36339e+16	2.25107e+16	5.72382e+16	3.09738e+17	4.5332e+17	2.7637	2.69774	2.69774	2.69774	2.69774	2.69774	2.69774	2.69774	2.69774	2.71174	2.76491	2.86446	3.88299	4.68986	4.68986	
56627.8	6.85736e+17	2.78662e+17	1.21943e+17	7.71546e+16	1.54309e+17	2.31464e+17	3.08618e+17	3.85773e+17	4.62928e+17	5.39838e+17	6.15617e+17	6.81663e+17	7.04673e+17	3.35194e+17	8.58659e+15	6.17399e+15	5.66827e+15	2.48045e+15	1.5694e+15	3.1388e+15	4.70821e+15	6.27761e+15	7.84701e+15	9.41641e+15	1.114e+16	1.35792e+16	2.21595e+16	5.73357e+16	3.09738e+17	4.53321e+17	2.76771	2.69607	2.69607	2.69607	2.69607	2.69607	2.69607	2.69607	2.69607	2.70925	2.75946	2.85377	3.85748	4.68986	4.68986	
56881.5	6.85737e+17	2.78664e+17	1.21944e+17	7.7155e+16	1.5431e+17	2.31465e+17	3.0862e+17	3.85775e+17	4.6293e+17	5.39855e+17	6.15702e+17	6.82213e+17	7.04562e+17	3.35192e+17	8.58659e+15	6.17333e+15	5.66729e+15	2.48002e+15	1.56913e+15	3.13826e+15	4.70739e+15	6.27652e+15	7.84565e+15	9.41478e+15	1.11298e+16	1.35259e+16	2.18127e+16	5.74035e+16	3.09738e+17	4.53321e+17	2.77178	2.69466	2.69466	2.69466	2.69466	2.69466	2.69466	2.69466	2.69466	2.70705	2.75441	2.84365	3.83172	4.68986	4.68986	
57132.5	6.85739e+17	2.78666e+17	1.21945e+17	7.71555e+16	1.54311e+17	2.31466e+17	3.08622e+17	3.85777e+17	4.62933e+17	5.3987e+17	6.15782e+17	6.82744e+17	7.04501e+17	3.3519e+17	8.58659e+15	6.17268e+15	5.66633e+15	2.4796e+15	1.56886e+15	3.13773e+15	4.70659e+15	6.27545e+15	7.84432e+15	9.41318e+15	1.112e+16	1.34751e+16	2.14786e+16	5.74408e+16	3.09738e+17	4.53321e+17	2.77582	2.69353	2.69353	2.69353	2.69353	2.69353	2.69353	2.69353	2.69353	2.70518	2.74986	2.83429	3.80631	4.68986	4.68986	
57382.7	6.8574e+17	2.78667e+17	1.21945e+17	7.71559e+16	1.54312e+17	2.31468e+17	3.08624e+17	3.85779e+17	4.62935e+17	5.39885e+17	6.1586e+17	6.83258e+17	7.04487e+17	3.35188e+17	8.58659e+15	6.17203e+15	5.66538e+15	2.47919e+15	1.5686e+15	3.1372e+15	4.7058e+15	6.2744e+15	7.84301e+15	9.41161e+15	1.11106e+16	1.34264e+16	2.11544e+16	5.7449e+16	3.09738e+17	4.53321e+17	2.77985	2.69265	2.69265	2.69265	2.69265	2.69265	2.69265	2.69265	2.69265	2.70361	2.74573	2.8256	3.78107	4.68986	4.68986	
57633.1	6.85741e+17	2.78669e+17	1.21946e+17	7.71563e+16	1.54313e+17	2.31469e+17	3.08625e+17	3.85782e+17	4.62938e+17	5.39899e+17	6.15934e+17	6.83759e+17	7.04518e+17	3.35186e+17	8.58659e+15	6.17139e+15	5.66445e+15	2.47878e+15	1.56834e+15	3.13668e+15	4.70503e+15	6.27337e+15	7.84171e+15	9.41005e+15	1.11016e+16	1.33794e+16	2.08391e+16	5.74289e+16	3.09739e+17	4.53321e+17	2.78389	2.69201	2.69201	2.69201	2.69201	2.69201	2.69201	2.69201	2.69201	2.70231	2.74201	2.8175	3.75595	4.68986	4.68986	
57883.6	6.85742e+17	2.7867e+17	1.21947e+17	7.71567e+16	1.54313e+17	2.3147e+17	3.08627e+17	3.85784e+17	4.6294e+17	5.39913e+17	6.16005e+17	6.84245e+17	7.04595e+17	3.35184e+17	8.58658e+15	6.17075e+15	5.66352e+15	2.47837e+15	1.56809e+15	3.13617e+15	4.70426e+15	6.27235e+15	7.84043e+15	9.40852e+15	1.1093e+16	1.33343e+16	2.05328e+16	5.73811e+16	3.09739e+17	4.53321e+17	2.78795	2.6916	2.6916	2.6916	2.6916	2.6916	2.6916	2.6916	2.6916	2.70127	2.73867	2.80998	3.73095	4.68986	4.68986	
58134.3	6.85743e+17	2.78672e+17	1.21947e+17	7.71571e+16	1.54314e+17	2.31471e+17	3.08629e+17	3.85786e+17	4.62943e+17	5.39926e+17	6.16074e+17	6.84716e+17	7.04715e+17	3.35182e+17	8.58658e+15	6.17012e+15	5.66261e+15	2.47797e+15	1.56783e+15	3.13567e+15	4.7035e+15	6.27134e+15	7.83917e+15	9.40701e+15	1.10847e+16	1.3291e+16	2.02358e+16	5.73062e+16	3.09739e+17	4.53321e+17	2.79201	2.69141	2.69141	2.69141	2.69141	2.69141	2.69141	2.69141	2.69141	2.70049	2.7357	2.80303	3.70613	4.68986	4.68986	
58384.7	6.85744e+17	2.78673e+17	1.21948e+17	7.71575e+16	1.54315e+17	2.31473e+17	3.0863e+17	3.85788e+17	4.62945e+17	5.39939e+17	6.1614e+17	6.85172e+17	7.04877e+17	3.3518e+17	8.58658e+15	6.16949e+15	5.66171e+15	2.47758e+15	1.56759e+15	3.13517e+15	4.70276e+15	6.27034e+15	7.83793e+15	9.40551e+15	1.10767e+16	1.32495e+16	1.99484e+16	5.72053e+16	3.09739e+17	4.53321e+17	2.79608	2.69144	2.69144	2.69144	2.69144	2.69144	2.69144	2.69144	2.69144	2.69995	2.73308	2.79663	3.68152	4.68986	4.68986	
58635.9	6.85746e+17	2.78675e+17	1.21949e+17	7.71579e+16	1.54316e+17	2.31474e+17	3.08632e+17	3.8579e+17	4.62948e+17	5.39951e+17	6.16203e+17	6.85614e+17	7.0508e+17	3.35178e+17	8.58658e+15	6.16886e+15	5.66082e+15	2.47719e+15	1.56734e+15	3.13468e+15	4.70202e+15	6.26936e+15	7.8367e+15	9.40403e+15	1.1069e+16	1.32095e+16	1.96697e+16	5.70785e+16	3.09739e+17	4.53321e+17	2.80016	2.69166	2.69166	2.69166	2.69166	2.69166	2.69166	2.69166	2.69166	2.69965	2.7308	2.79073	3.65707	4.68986	4.68986	
58886.1	6.85747e+17	2.78676e+17	1.21949e+17	7.71583e+16	1.54317e+17	2.31475e+17	3.08633e+17	3.85792e+17	4.6295e+17	5.39963e+17	6.16263e+17	6.86039e+17	7.05323e+17	3.35175e+17	8.58658e+15	6.16824e+15	5.65995e+15	2.47681e+15	1.5671e+15	3.13419e+15	4.70129e+15	6.26839e+15	7.83548e+15	9.40258e+15	1.10617e+16	1.31714e+16	1.94014e+16	5.69277e+16	3.0974e+17	4.53321e+17	2.80424	2.69208	2.69208	2.69208	2.69208	2.69208	2.69208	2.69208	2.69208	2.69957	2.72886	2.78536	3.63295	4.68985	4.68986	
59136.9	6.85748e+17	2.78677e+17	1.2195e+17	7.71587e+16	1.54317e+17	2.31476e+17	3.08635e+17	3.85794e+17	4.62952e+17	5.39974e+17	6.16321e+17	6.8645e+17	7.05604e+17	3.35173e+17	8.58658e+15	6.16762e+15	5.65908e+15	2.47643e+15	1.56686e+15	3.13371e+15	4.70057e+15	6.26743e+15	7.83428e+15	9.40114e+15	1.10547e+16	1.31349e+16	1.91419e+16	5.67528e+16	3.0974e+17	4.53321e+17	2.80833	2.69268	2.69268	2.69268	2.69268	2.69268	2.69268	2.69268	2.69268	2.6997	2.72722	2.78045	3.60904	4.68985	4.68986	
59387.7	6.85749e+17	2.78679e+17	1.21951e+17	7.71591e+16	1.54318e+17	2.31477e+17	3.08636e+17	3.85795e+17	4.62955e+17	5.39985e+17	6.16376e+17	6.86847e+17	7.05922e+17	3.35171e+17	8.58657e+15	6.16701e+15	5.65822e+15	2.47605e+15	1.56662e+15	3.13324e+15	4.69986e+15	6.26648e+15	7.8331e+15	9.39972e+15	1.10479e+16	1.31e+16	1.88918e+16	5.65552e+16	3.0974e+17	4.53321e+17	2.81242	2.69346	2.69346	2.69346	2.69346	2.69346	2.69346	2.69346	2.69346	2.70003	2.72588	2.77601	3.58543	4.68985	4.68986	
59638.6	6.8575e+17	2.7868e+17	1.21951e+17	7.71595e+16	1.54319e+17	2.31478e+17	3.08638e+17	3.85797e+17	4.62957e+17	5.39995e+17	6.16429e+17	6.87229e+17	7.06276e+17	3.35169e+17	8.58657e+15	6.1664e+15	5.65738e+15	2.47568e+15	1.56639e+15	3.13277e+15	4.69916e+15	6.26554e+15	7.83193e+15	9.39831e+15	1.10415e+16	1.30666e+16	1.86509e+16	5.63355e+16	3.0974e+17	4.53321e+17	2.81652	2.69441	2.69441	2.69441	2.69441	2.69441	2.69441	2.69441	2.69441	2.70056	2.72483	2.77201	3.56211	4.68985	4.68986	
59889.4	6.85751e+17	2.78681e+17	1.21952e+17	7.71598e+16	1.5432e+17	2.3148e+17	3.08639e+17	3.85799e+17	4.62959e+17	5.40005e+17	6.1648e+17	6.87596e+17	7.06663e+17	3.35166e+17	8.58657e+15	6.16579e+15	5.65654e+15	2.47532e+15	1.56615e+15	3.13231e+15	4.69846e+15	6.26462e+15	7.83077e+15	9.39692e+15	1.10353e+16	1.30347e+16	1.84192e+16	5.60948e+16	3.09741e+17	4.53321e+17	2.82063	2.69552	2.69552	2.69552	2.69552	2.69552	2.69552	2.69552	2.69552	2.70128	2.72405	2.76844	3.53911	4.68985	4.68986	
60140.3	6.85752e+17	2.78683e+17	1.21952e+17	7.71602e+16	1.5432e+17	2.31481e+17	3.08641e+17	3.85801e+17	4.62961e+17	5.40014e+17	6.16528e+17	6.87949e+17	7.07083e+17	3.35164e+17	8.58657e+15	6.16519e+15	5.65572e+15	2.47496e+15	1.56592e+15	3.13185e+15	4.69777e+15	6.2637e+15	7.82962e+15	9.39555e+15	1.10293e+16	1.30042e+16	1.81964e+16	5.5834e+16	3.09741e+17	4.53321e+17	2.82474	2.69679	2.69679	2.69679	2.69679	2.69679	2.69679	2.69679	2.69679	2.70217	2.72353	2.76527	3.51644	4.68985	4.68986	
60391.1	6.85753e+17	2.78684e+17	1.21953e+17	7.71606e+16	1.54321e+17	2.31482e+17	3.08642e+17	3.85803e+17	4.62963e+17	5.40023e+17	6.16574e+17	6.88288e+17	7.07534e+17	3.35162e+17	8.58657e+15	6.16459e+15	5.6549e+15	2.4746e+15	1.5657e+15	3.1314e+15	4.6971e+15	6.2628e+15	7.82849e+15	9.39419e+15	1.10237e+16	1.29752e+16	1.79825e+16	5.55541e+16	3.09741e+17	4.53321e+17	2.82885	2.6982	2.6982	2.6982	2.6982	2.6982	2.6982	2.6982	2.6982	2.70324	2.72326	2.76249	3.49413	4.68985	4.68986	
60642.2	6.85755e+17	2.78685e+17	1.21953e+17	7.71609e+16	1.54322e+17	2.31483e+17	3.08644e+17	3.85805e+17	4.62966e+17	5.40032e+17	6.16618e+17	6.88613e+17	7.08014e+17	3.3516e+17	8.58656e+15	6.16399e+15	5.65409e+15	2.47425e+15	1.56548e+15	3.13095e+15	4.69643e+15	6.2619e+15	7.82738e+15	9.39285e+15	1.10182e+16	1.29475e+16	1.77772e+16	5.52558e+16	3.09742e+17	4.53321e+17	2.83297	2.69975	2.69975	2.69975	2.69975	2.69975	2.69975	2.69975	2.69975	2.70446	2.72322	2.76008	3.47216	4.68985	4.68986	
60893.4	6.85756e+17	2.78687e+17	1.21954e+17	7.71613e+16	1.54323e+17	2.31484e+17	3.08645e+17	3.85807e+17	4.62968e+17	5.4004e+17	6.1666e+17	6.88925e+17	7.08522e+17	3.35157e+17	8.58656e+15	6.1634e+15	5.65329e+15	2.4739e+15	1.56525e+15	3.13051e+15	4.69576e+15	6.26102e+15	7.82627e+15	9.39152e+15	1.1013e+16	1.29211e+16	1.75803e+16	5.49401e+16	3.09742e+17	4.53321e+17	2.8371	2.70144	2.70144	2.70144	2.70144	2.70144	2.70144	2.70144	2.70144	2.70584	2.72341	2.75802	3.45055	4.68985	4.68986	
61144	6.85757e+17	2.78688e+17	1.21955e+17	7.71617e+16	1.54323e+17	2.31485e+17	3.08647e+17	3.85808e+17	4.6297e+17	5.40048e+17	6.16699e+17	6.89223e+17	7.09055e+17	3.35155e+17	8.58656e+15	6.16281e+15	5.65251e+15	2.47355e+15	1.56504e+15	3.13007e+15	4.69511e+15	6.26014e+15	7.82518e+15	9.39022e+15	1.1008e+16	1.2896e+16	1.73922e+16	5.46089e+16	3.09742e+17	4.53321e+17	2.84122	2.70325	2.70325	2.70325	2.70325	2.70325	2.70325	2.70325	2.70325	2.70736	2.72381	2.7563	3.42939	4.68985	4.68986	
61395	6.85758e+17	2.78689e+17	1.21955e+17	7.7162e+16	1.54324e+17	2.31486e+17	3.08648e+17	3.8581e+17	4.62972e+17	5.40056e+17	6.16737e+17	6.89508e+17	7.09614e+17	3.35153e+17	8.58656e+15	6.16223e+15	5.65172e+15	2.47321e+15	1.56482e+15	3.12964e+15	4.69446e+15	6.25928e+15	7.8241e+15	9.38892e+15	1.10032e+16	1.28721e+16	1.7212e+16	5.42619e+16	3.09743e+17	4.53321e+17	2.84535	2.70519	2.70519	2.70519	2.70519	2.70519	2.70519	2.70519	2.70519	2.70903	2.72442	2.7549	3.40859	4.68985	4.68986	
61645.8	6.85759e+17	2.7869e+17	1.21956e+17	7.71623e+16	1.54325e+17	2.31487e+17	3.08649e+17	3.85812e+17	4.62974e+17	5.40063e+17	6.16773e+17	6.89781e+17	7.10195e+17	3.3515e+17	8.58655e+15	6.16165e+15	5.65095e+15	2.47287e+15	1.56461e+15	3.12921e+15	4.69382e+15	6.25843e+15	7.82303e+15	9.38764e+15	1.09986e+16	1.28493e+16	1.70398e+16	5.39009e+16	3.09743e+17	4.53321e+17	2.84948	2.70724	2.70724	2.70724	2.70724	2.70724	2.70724	2.70724	2.70724	2.71082	2.72523	2.75381	3.38822	4.68984	4.68986	
61897.1	6.8576e+17	2.78692e+17	1.21956e+17	7.71627e+16	1.54325e+17	2.31488e+17	3.08651e+17	3.85813e+17	4.62976e+17	5.4007e+17	6.16807e+17	6.90042e+17	7.10798e+17	3.35148e+17	8.58655e+15	6.16107e+15	5.65019e+15	2.47254e+15	1.56439e+15	3.12879e+15	4.69318e+15	6.25758e+15	7.82197e+15	9.38637e+15	1.09942e+16	1.28277e+16	1.68751e+16	5.35258e+16	3.09744e+17	4.53321e+17	2.85363	2.70941	2.70941	2.70941	2.70941	2.70941	2.70941	2.70941	2.70941	2.71275	2.72622	2.75301	3.36822	4.68984	4.68986	
62148	6.85761e+17	2.78693e+17	1.21957e+17	7.7163e+16	1.54326e+17	2.31489e+17	3.08652e+17	3.85815e+17	4.62978e+17	5.40077e+17	6.1684e+17	6.90291e+17	7.11421e+17	3.35146e+17	8.58655e+15	6.16049e+15	5.64943e+15	2.47221e+15	1.56419e+15	3.12837e+15	4.69256e+15	6.25674e+15	7.82093e+15	9.38511e+15	1.099e+16	1.28071e+16	1.6718e+16	5.31387e+16	3.09744e+17	4.53321e+17	2.85776	2.71168	2.71168	2.71168	2.71168	2.71168	2.71168	2.71168	2.71168	2.71479	2.72738	2.75248	3.34868	4.68984	4.68986	
62399.2	6.85762e+17	2.78694e+17	1.21957e+17	7.71634e+16	1.54327e+17	2.3149e+17	3.08653e+17	3.85817e+17	4.6298e+17	5.40083e+17	6.16871e+17	6.90528e+17	7.12062e+17	3.35143e+17	8.58655e+15	6.15992e+15	5.64869e+15	2.47188e+15	1.56398e+15	3.12796e+15	4.69194e+15	6.25591e+15	7.81989e+15	9.38387e+15	1.09859e+16	1.27876e+16	1.65681e+16	5.27398e+16	3.09745e+17	4.53321e+17	2.86191	2.71405	2.71405	2.71405	2.71405	2.71405	2.71405	2.71405	2.71405	2.71695	2.72871	2.75222	3.32954	4.68984	4.68986	
62650.1	6.85763e+17	2.78695e+17	1.21958e+17	7.71637e+16	1.54327e+17	2.31491e+17	3.08655e+17	3.85818e+17	4.62982e+17	5.4009e+17	6.169e+17	6.90754e+17	7.1272e+17	3.35141e+17	8.58654e+15	6.15936e+15	5.64795e+15	2.47156e+15	1.56377e+15	3.12755e+15	4.69132e+15	6.2551e+15	7.81887e+15	9.38264e+15	1.09821e+16	1.27691e+16	1.64253e+16	5.23306e+16	3.09745e+17	4.53322e+17	2.86605	2.71651	2.71651	2.71651	2.71651	2.71651	2.71651	2.71651	2.71651	2.71922	2.7302	2.75221	3.31085	4.68984	4.68986	
62901.4	6.85764e+17	2.78697e+17	1.21958e+17	7.7164e+16	1.54328e+17	2.31492e+17	3.08656e+17	3.8582e+17	4.62984e+17	5.40095e+17	6.16928e+17	6.90969e+17	7.13395e+17	3.35139e+17	8.58654e+15	6.15879e+15	5.64721e+15	2.47124e+15	1.56357e+15	3.12714e+15	4.69071e+15	6.25428e+15	7.81785e+15	9.38143e+15	1.09783e+16	1.27514e+16	1.62892e+16	5.19111e+16	3.09746e+17	4.53322e+17	2.8702	2.71907	2.71907	2.71907	2.71907	2.71907	2.71907	2.71907	2.71907	2.72159	2.73184	2.75244	3.29258	4.68984	4.68986	
63153.1	6.85765e+17	2.78698e+17	1.21959e+17	7.71644e+16	1.54329e+17	2.31493e+17	3.08657e+17	3.85822e+17	4.62986e+17	5.40101e+17	6.16955e+17	6.91175e+17	7.14084e+17	3.35136e+17	8.58654e+15	6.15823e+15	5.64649e+15	2.47092e+15	1.56337e+15	3.12674e+15	4.69011e+15	6.25348e+15	7.81685e+15	9.38022e+15	1.09748e+16	1.27347e+16	1.61595e+16	5.14822e+16	3.09746e+17	4.53322e+17	2.87436	2.72172	2.72172	2.72172	2.72172	2.72172	2.72172	2.72172	2.72172	2.72406	2.73363	2.7529	3.27472	4.68984	4.68986	
63403.5	6.85766e+17	2.78699e+17	1.21959e+17	7.71647e+16	1.54329e+17	2.31494e+17	3.08659e+17	3.85823e+17	4.62988e+17	5.40107e+17	6.1698e+17	6.91369e+17	7.14783e+17	3.35134e+17	8.58653e+15	6.15767e+15	5.64577e+15	2.4706e+15	1.56317e+15	3.12634e+15	4.68952e+15	6.25269e+15	7.81586e+15	9.37903e+15	1.09713e+16	1.27189e+16	1.60368e+16	5.10473e+16	3.09747e+17	4.53322e+17	2.87851	2.72444	2.72444	2.72444	2.72444	2.72444	2.72444	2.72444	2.72444	2.72662	2.73555	2.75357	3.25739	4.68984	4.68986	
63654.9	6.85767e+17	2.787e+17	1.2196e+17	7.7165e+16	1.5433e+17	2.31495e+17	3.0866e+17	3.85825e+17	4.6299e+17	5.40112e+17	6.17004e+17	6.91554e+17	7.15496e+17	3.35132e+17	8.58653e+15	6.15712e+15	5.64506e+15	2.47029e+15	1.56297e+15	3.12595e+15	4.68892e+15	6.2519e+15	7.81487e+15	9.37785e+15	1.0968e+16	1.27039e+16	1.59197e+16	5.06038e+16	3.09748e+17	4.53322e+17	2.88266	2.72724	2.72724	2.72724	2.72724	2.72724	2.72724	2.72724	2.72724	2.72927	2.7376	2.75444	3.24044	4.68983	4.68986	
63905.9	6.85768e+17	2.78701e+17	1.2196e+17	7.71653e+16	1.54331e+17	2.31496e+17	3.08661e+17	3.85827e+17	4.62992e+17	5.40117e+17	6.17026e+17	6.9173e+17	7.16217e+17	3.35129e+17	8.58653e+15	6.15657e+15	5.64436e+15	2.46999e+15	1.56278e+15	3.12556e+15	4.68834e+15	6.25112e+15	7.8139e+15	9.37668e+15	1.09649e+16	1.26896e+16	1.58087e+16	5.01546e+16	3.09748e+17	4.53322e+17	2.88682	2.73012	2.73012	2.73012	2.73012	2.73012	2.73012	2.73012	2.73012	2.73201	2.73977	2.7555	3.22397	4.68983	4.68986	
64157	6.85769e+17	2.78702e+17	1.21961e+17	7.71656e+16	1.54331e+17	2.31497e+17	3.08662e+17	3.85828e+17	4.62994e+17	5.40122e+17	6.17048e+17	6.91897e+17	7.16948e+17	3.35127e+17	8.58652e+15	6.15602e+15	5.64366e+15	2.46968e+15	1.56259e+15	3.12517e+15	4.68776e+15	6.25035e+15	7.81294e+15	9.37552e+15	1.09618e+16	1.26761e+16	1.57032e+16	4.96996e+16	3.09749e+17	4.53322e+17	2.89098	2.73306	2.73306	2.73306	2.73306	2.73306	2.73306	2.73306	2.73306	2.73482	2.74205	2.75675	3.20792	4.68983	4.68986	
64408.5	6.8577e+17	2.78703e+17	1.21961e+17	7.71659e+16	1.54332e+17	2.31498e+17	3.08664e+17	3.8583e+17	4.62996e+17	5.40127e+17	6.17068e+17	6.92056e+17	7.17687e+17	3.35124e+17	8.58652e+15	6.15548e+15	5.64297e+15	2.46938e+15	1.5624e+15	3.12479e+15	4.68719e+15	6.24958e+15	7.81198e+15	9.37438e+15	1.09589e+16	1.26633e+16	1.56031e+16	4.92392e+16	3.09749e+17	4.53322e+17	2.89514	2.73608	2.73608	2.73608	2.73608	2.73608	2.73608	2.73608	2.73608	2.73771	2.74445	2.75817	3.1923	4.68983	4.68986	
64660.3	6.85771e+17	2.78705e+17	1.21962e+17	7.71662e+16	1.54332e+17	2.31499e+17	3.08665e+17	3.85831e+17	4.62997e+17	5.40131e+17	6.17087e+17	6.92206e+17	7.18433e+17	3.35122e+17	8.58652e+15	6.15494e+15	5.64229e+15	2.46908e+15	1.56221e+15	3.12441e+15	4.68662e+15	6.24882e+15	7.81103e+15	9.37324e+15	1.09561e+16	1.26512e+16	1.55081e+16	4.87743e+16	3.0975e+17	4.53322e+17	2.89932	2.73917	2.73917	2.73917	2.73917	2.73917	2.73917	2.73917	2.73917	2.74068	2.74696	2.75976	3.17711	4.68983	4.68986	
64911.1	6.85772e+17	2.78706e+17	1.21962e+17	7.71665e+16	1.54333e+17	2.315e+17	3.08666e+17	3.85833e+17	4.62999e+17	5.40135e+17	6.17105e+17	6.92348e+17	7.19182e+17	3.3512e+17	8.58651e+15	6.1544e+15	5.64161e+15	2.46878e+15	1.56202e+15	3.12404e+15	4.68606e+15	6.24808e+15	7.81009e+15	9.37211e+15	1.09534e+16	1.26397e+16	1.54184e+16	4.83079e+16	3.09751e+17	4.53322e+17	2.90348	2.7423	2.7423	2.7423	2.7423	2.7423	2.7423	2.7423	2.7423	2.74371	2.74955	2.76149	3.16241	4.68983	4.68986	
65162	6.85773e+17	2.78707e+17	1.21963e+17	7.71668e+16	1.54334e+17	2.31501e+17	3.08667e+17	3.85834e+17	4.63001e+17	5.4014e+17	6.17123e+17	6.92482e+17	7.19935e+17	3.35117e+17	8.58651e+15	6.15387e+15	5.64094e+15	2.46849e+15	1.56183e+15	3.12367e+15	4.6855e+15	6.24733e+15	7.80917e+15	9.371e+15	1.09508e+16	1.26289e+16	1.53335e+16	4.78387e+16	3.09752e+17	4.53322e+17	2.90764	2.74549	2.74549	2.74549	2.74549	2.74549	2.74549	2.74549	2.74549	2.7468	2.75223	2.76337	3.14815	4.68982	4.68986	
65413.7	6.85774e+17	2.78708e+17	1.21963e+17	7.71671e+16	1.54334e+17	2.31501e+17	3.08669e+17	3.85836e+17	4.63003e+17	5.40144e+17	6.17139e+17	6.9261e+17	7.20693e+17	3.35115e+17	8.5865e+15	6.15334e+15	5.64027e+15	2.4682e+15	1.56165e+15	3.1233e+15	4.68495e+15	6.2466e+15	7.80824e+15	9.36989e+15	1.09483e+16	1.26185e+16	1.52529e+16	4.73662e+16	3.09752e+17	4.53322e+17	2.91181	2.74875	2.74875	2.74875	2.74875	2.74875	2.74875	2.74875	2.74875	2.74996	2.75502	2.7654	3.13428	4.68982	4.68986	
65664.6	6.85775e+17	2.78709e+17	1.21964e+17	7.71674e+16	1.54335e+17	2.31502e+17	3.0867e+17	3.85837e+17	4.63005e+17	5.40147e+17	6.17154e+17	6.9273e+17	7.2145e+17	3.35112e+17	8.5865e+15	6.15281e+15	5.63961e+15	2.46791e+15	1.56147e+15	3.12293e+15	4.6844e+15	6.24587e+15	7.80733e+15	9.3688e+15	1.09458e+16	1.26088e+16	1.51769e+16	4.68938e+16	3.09753e+17	4.53322e+17	2.91598	2.75204	2.75204	2.75204	2.75204	2.75204	2.75204	2.75204	2.75204	2.75317	2.75787	2.76755	3.12088	4.68982	4.68986	
65916.3	6.85776e+17	2.7871e+17	1.21964e+17	7.71677e+16	1.54335e+17	2.31503e+17	3.08671e+17	3.85839e+17	4.63006e+17	5.40151e+17	6.17169e+17	6.92844e+17	7.22211e+17	3.3511e+17	8.58649e+15	6.15228e+15	5.63896e+15	2.46762e+15	1.56129e+15	3.12257e+15	4.68386e+15	6.24514e+15	7.80643e+15	9.36771e+15	1.09435e+16	1.25996e+16	1.51048e+16	4.64193e+16	3.09754e+17	4.53322e+17	2.92016	2.7554	2.7554	2.7554	2.7554	2.7554	2.7554	2.7554	2.7554	2.75645	2.76082	2.76983	3.10787	4.68982	4.68986	
66167.3	6.85777e+17	2.78711e+17	1.21965e+17	7.7168e+16	1.54336e+17	2.31504e+17	3.08672e+17	3.8584e+17	4.63008e+17	5.40155e+17	6.17183e+17	6.92952e+17	7.22969e+17	3.35108e+17	8.58649e+15	6.15176e+15	5.63831e+15	2.46734e+15	1.56111e+15	3.12221e+15	4.68332e+15	6.24442e+15	7.80553e+15	9.36664e+15	1.09412e+16	1.25908e+16	1.50369e+16	4.59461e+16	3.09755e+17	4.53322e+17	2.92433	2.75879	2.75879	2.75879	2.75879	2.75879	2.75879	2.75879	2.75879	2.75976	2.76382	2.77222	3.09532	4.68982	4.68986	
66419.4	6.85778e+17	2.78712e+17	1.21965e+17	7.71683e+16	1.54337e+17	2.31505e+17	3.08673e+17	3.85842e+17	4.6301e+17	5.40158e+17	6.17196e+17	6.93053e+17	7.2373e+17	3.35105e+17	8.58649e+15	6.15124e+15	5.63767e+15	2.46706e+15	1.56093e+15	3.12186e+15	4.68278e+15	6.24371e+15	7.80464e+15	9.36557e+15	1.0939e+16	1.25825e+16	1.49726e+16	4.54713e+16	3.09756e+17	4.53322e+17	2.92852	2.76225	2.76225	2.76225	2.76225	2.76225	2.76225	2.76225	2.76225	2.76315	2.76692	2.77473	3.08314	4.68981	4.68986	
66669.9	6.85779e+17	2.78713e+17	1.21966e+17	7.71686e+16	1.54337e+17	2.31506e+17	3.08674e+17	3.85843e+17	4.63012e+17	5.40162e+17	6.17209e+17	6.93149e+17	7.24484e+17	3.35103e+17	8.58648e+15	6.15073e+15	5.63703e+15	2.46678e+15	1.56075e+15	3.1215e+15	4.68226e+15	6.24301e+15	7.80376e+15	9.36451e+15	1.09369e+16	1.25747e+16	1.49122e+16	4.50007e+16	3.09757e+17	4.53322e+17	2.93268	2.76572	2.76572	2.76572	2.76572	2.76572	2.76572	2.76572	2.76572	2.76655	2.77005	2.77733	3.07144	4.68981	4.68986	
66922.1	6.8578e+17	2.78714e+17	1.21966e+17	7.71689e+16	1.54338e+17	2.31507e+17	3.08676e+17	3.85844e+17	4.63013e+17	5.40165e+17	6.1722e+17	6.9324e+17	7.2524e+17	3.351e+17	8.58648e+15	6.15022e+15	5.6364e+15	2.4665e+15	1.56058e+15	3.12115e+15	4.68173e+15	6.2423e+15	7.80288e+15	9.36346e+15	1.09349e+16	1.25673e+16	1.48549e+16	4.45284e+16	3.09758e+17	4.53322e+17	2.93687	2.76925	2.76925	2.76925	2.76925	2.76925	2.76925	2.76925	2.76925	2.77003	2.77328	2.78004	3.06007	4.68981	4.68986	
67172.8	6.85781e+17	2.78715e+17	1.21966e+17	7.71692e+16	1.54338e+17	2.31507e+17	3.08677e+17	3.85846e+17	4.63015e+17	5.40168e+17	6.17232e+17	6.93325e+17	7.25989e+17	3.35098e+17	8.58647e+15	6.14971e+15	5.63577e+15	2.46623e+15	1.5604e+15	3.12081e+15	4.68121e+15	6.24161e+15	7.80202e+15	9.36242e+15	1.09329e+16	1.25603e+16	1.48011e+16	4.4061e+16	3.09759e+17	4.53322e+17	2.94104	2.7728	2.7728	2.7728	2.7728	2.7728	2.7728	2.7728	2.7728	2.77352	2.77654	2.78283	3.04918	4.68981	4.68986	
67424.8	6.85782e+17	2.78716e+17	1.21967e+17	7.71694e+16	1.54339e+17	2.31508e+17	3.08678e+17	3.85847e+17	4.63017e+17	5.40171e+17	6.17242e+17	6.93405e+17	7.26737e+17	3.35095e+17	8.58647e+15	6.1492e+15	5.63515e+15	2.46596e+15	1.56023e+15	3.12046e+15	4.68069e+15	6.24092e+15	7.80115e+15	9.36138e+15	1.0931e+16	1.25536e+16	1.47502e+16	4.35936e+16	3.0976e+17	4.53322e+17	2.94524	2.77641	2.77641	2.77641	2.77641	2.77641	2.77641	2.77641	2.77641	2.77707	2.77987	2.78572	3.03862	4.68981	4.68986	
67676	6.85783e+17	2.78717e+17	1.21967e+17	7.71697e+16	1.54339e+17	2.31509e+17	3.08679e+17	3.85849e+17	4.63018e+17	5.40174e+17	6.17252e+17	6.93481e+17	7.27478e+17	3.35093e+17	8.58646e+15	6.1487e+15	5.63453e+15	2.46569e+15	1.56006e+15	3.12012e+15	4.68018e+15	6.24024e+15	7.8003e+15	9.36036e+15	1.09291e+16	1.25473e+16	1.47024e+16	4.31308e+16	3.09761e+17	4.53322e+17	2.94941	2.78004	2.78004	2.78004	2.78004	2.78004	2.78004	2.78004	2.78004	2.78065	2.78324	2.78868	3.02848	4.6898	4.68986	
67927.7	6.85784e+17	2.78718e+17	1.21968e+17	7.717e+16	1.5434e+17	2.3151e+17	3.0868e+17	3.8585e+17	4.6302e+17	5.40177e+17	6.17262e+17	6.93552e+17	7.28214e+17	3.35091e+17	8.58645e+15	6.1482e+15	5.63392e+15	2.46542e+15	1.55989e+15	3.11978e+15	4.67967e+15	6.23956e+15	7.79945e+15	9.35934e+15	1.09273e+16	1.25413e+16	1.46573e+16	4.26704e+16	3.09762e+17	4.53323e+17	2.9536	2.7837	2.7837	2.7837	2.7837	2.7837	2.7837	2.7837	2.7837	2.78427	2.78668	2.79172	3.01871	4.6898	4.68986	
68178.7	6.85785e+17	2.78719e+17	1.21968e+17	7.71703e+16	1.54341e+17	2.31511e+17	3.08681e+17	3.85851e+17	4.63022e+17	5.4018e+17	6.17271e+17	6.93619e+17	7.28942e+17	3.35088e+17	8.58645e+15	6.14771e+15	5.63332e+15	2.46515e+15	1.55972e+15	3.11945e+15	4.67917e+15	6.23889e+15	7.79861e+15	9.35834e+15	1.09256e+16	1.25356e+16	1.4615e+16	4.22152e+16	3.09763e+17	4.53323e+17	2.95778	2.78739	2.78739	2.78739	2.78739	2.78739	2.78739	2.78739	2.78739	2.78791	2.79014	2.79483	3.00935	4.6898	4.68986	
68429.7	6.85786e+17	2.7872e+17	1.21969e+17	7.71705e+16	1.54341e+17	2.31512e+17	3.08682e+17	3.85853e+17	4.63023e+17	5.40183e+17	6.17279e+17	6.93682e+17	7.29664e+17	3.35086e+17	8.58644e+15	6.14722e+15	5.63272e+15	2.46489e+15	1.55956e+15	3.11911e+15	4.67867e+15	6.23823e+15	7.79778e+15	9.35734e+15	1.09239e+16	1.25303e+16	1.45751e+16	4.17639e+16	3.09764e+17	4.53323e+17	2.96196	2.7911	2.7911	2.7911	2.7911	2.7911	2.7911	2.7911	2.7911	2.79159	2.79365	2.79801	3.00035	4.6898	4.68986	
68681.5	6.85786e+17	2.78721e+17	1.21969e+17	7.71708e+16	1.54342e+17	2.31512e+17	3.08683e+17	3.85854e+17	4.63025e+17	5.40185e+17	6.17287e+17	6.93742e+17	7.3038e+17	3.35083e+17	8.58644e+15	6.14672e+15	5.63212e+15	2.46463e+15	1.55939e+15	3.11878e+15	4.67817e+15	6.23756e+15	7.79695e+15	9.35635e+15	1.09222e+16	1.25252e+16	1.45375e+16	4.13158e+16	3.09765e+17	4.53323e+17	2.96616	2.79485	2.79485	2.79485	2.79485	2.79485	2.79485	2.79485	2.79485	2.7953	2.79722	2.80126	2.99168	4.68979	4.68986	
68932.7	6.85787e+17	2.78722e+17	1.21969e+17	7.71711e+16	1.54342e+17	2.31513e+17	3.08684e+17	3.85855e+17	4.63026e+17	5.40188e+17	6.17295e+17	6.93798e+17	7.31087e+17	3.3508e+17	8.58643e+15	6.14624e+15	5.63152e+15	2.46437e+15	1.55923e+15	3.11845e+15	4.67768e+15	6.23691e+15	7.79613e+15	9.35536e+15	1.09206e+16	1.25203e+16	1.45023e+16	4.08735e+16	3.09766e+17	4.53323e+17	2.97034	2.79862	2.79862	2.79862	2.79862	2.79862	2.79862	2.79862	2.79862	2.79904	2.80081	2.80456	2.98339	4.68979	4.68986	
69184.3	6.85788e+17	2.78723e+17	1.2197e+17	7.71713e+16	1.54343e+17	2.31514e+17	3.08685e+17	3.85857e+17	4.63028e+17	5.40191e+17	6.17302e+17	6.9385e+17	7.31787e+17	3.35078e+17	8.58642e+15	6.14575e+15	5.63094e+15	2.46411e+15	1.55906e+15	3.11813e+15	4.67719e+15	6.23626e+15	7.79532e+15	9.35438e+15	1.0919e+16	1.25157e+16	1.44691e+16	4.04355e+16	3.09767e+17	4.53323e+17	2.97454	2.80242	2.80242	2.80242	2.80242	2.80242	2.80242	2.80242	2.80242	2.80281	2.80445	2.80793	2.97544	4.68979	4.68986	
69435.5	6.85789e+17	2.78724e+17	1.2197e+17	7.71716e+16	1.54343e+17	2.31515e+17	3.08686e+17	3.85858e+17	4.6303e+17	5.40193e+17	6.17309e+17	6.939e+17	7.32477e+17	3.35075e+17	8.58642e+15	6.14527e+15	5.63035e+15	2.46386e+15	1.5589e+15	3.11781e+15	4.67671e+15	6.23561e+15	7.79451e+15	9.35342e+15	1.09175e+16	1.25114e+16	1.44379e+16	4.00036e+16	3.09768e+17	4.53323e+17	2.97873	2.80624	2.80624	2.80624	2.80624	2.80624	2.80624	2.80624	2.80624	2.80659	2.80811	2.81134	2.96784	4.68978	4.68986	
69687.2	6.8579e+17	2.78725e+17	1.21971e+17	7.71719e+16	1.54344e+17	2.31516e+17	3.08687e+17	3.85859e+17	4.63031e+17	5.40195e+17	6.17316e+17	6.93946e+17	7.33159e+17	3.35073e+17	8.58641e+15	6.14479e+15	5.62977e+15	2.4636e+15	1.55874e+15	3.11748e+15	4.67623e+15	6.23497e+15	7.79371e+15	9.35245e+15	1.0916e+16	1.25072e+16	1.44086e+16	3.95765e+16	3.0977e+17	4.53323e+17	2.98293	2.81008	2.81008	2.81008	2.81008	2.81008	2.81008	2.81008	2.81008	2.81041	2.81182	2.81481	2.96055	4.68978	4.68986	
69938.4	6.85791e+17	2.78726e+17	1.21971e+17	7.71721e+16	1.54344e+17	2.31516e+17	3.08688e+17	3.85861e+17	4.63033e+17	5.40198e+17	6.17322e+17	6.9399e+17	7.33831e+17	3.3507e+17	8.58641e+15	6.14432e+15	5.6292e+15	2.46335e+15	1.55858e+15	3.11717e+15	4.67575e+15	6.23433e+15	7.79291e+15	9.3515e+15	1.09145e+16	1.25033e+16	1.43811e+16	3.91561e+16	3.09771e+17	4.53323e+17	2.98712	2.81394	2.81394	2.81394	2.81394	2.81394	2.81394	2.81394	2.81394	2.81424	2.81554	2.81832	2.95361	4.68978	4.68986	
70190.1	6.85792e+17	2.78727e+17	1.21972e+17	7.71724e+16	1.54345e+17	2.31517e+17	3.08689e+17	3.85862e+17	4.63034e+17	5.402e+17	6.17328e+17	6.9403e+17	7.34493e+17	3.35067e+17	8.5864e+15	6.14385e+15	5.62863e+15	2.4631e+15	1.55842e+15	3.11685e+15	4.67527e+15	6.2337e+15	7.79212e+15	9.35055e+15	1.09131e+16	1.24995e+16	1.43553e+16	3.87409e+16	3.09772e+17	4.53323e+17	2.99132	2.81783	2.81783	2.81783	2.81783	2.81783	2.81783	2.81783	2.81783	2.8181	2.81931	2.82187	2.94698	4.68978	4.68986	
70441.2	6.85793e+17	2.78728e+17	1.21972e+17	7.71726e+16	1.54345e+17	2.31518e+17	3.08691e+17	3.85863e+17	4.63036e+17	5.40202e+17	6.17334e+17	6.94069e+17	7.35144e+17	3.35065e+17	8.58639e+15	6.14338e+15	5.62806e+15	2.46285e+15	1.55827e+15	3.11654e+15	4.6748e+15	6.23307e+15	7.79134e+15	9.34961e+15	1.09117e+16	1.24959e+16	1.43311e+16	3.83329e+16	3.09774e+17	4.53323e+17	2.99551	2.82172	2.82172	2.82172	2.82172	2.82172	2.82172	2.82172	2.82172	2.82198	2.82309	2.82547	2.94067	4.68977	4.68986	
70693.3	6.85794e+17	2.78729e+17	1.21972e+17	7.71729e+16	1.54346e+17	2.31519e+17	3.08692e+17	3.85864e+17	4.63037e+17	5.40205e+17	6.17339e+17	6.94105e+17	7.35788e+17	3.35062e+17	8.58638e+15	6.14291e+15	5.6275e+15	2.46261e+15	1.55811e+15	3.11622e+15	4.67434e+15	6.23245e+15	7.79056e+15	9.34867e+15	1.09103e+16	1.24925e+16	1.43083e+16	3.79297e+16	3.09775e+17	4.53323e+17	2.99972	2.82565	2.82565	2.82565	2.82565	2.82565	2.82565	2.82565	2.82565	2.82588	2.82691	2.82911	2.93464	4.68977	4.68986	
70944.2	6.85794e+17	2.78729e+17	1.21973e+17	7.71731e+16	1.54346e+17	2.31519e+17	3.08693e+17	3.85866e+17	4.63039e+17	5.40207e+17	6.17345e+17	6.94139e+17	7.36418e+17	3.35059e+17	8.58638e+15	6.14244e+15	5.62694e+15	2.46236e+15	1.55796e+15	3.11591e+15	4.67387e+15	6.23183e+15	7.78979e+15	9.34774e+15	1.09089e+16	1.24893e+16	1.4287e+16	3.75349e+16	3.09776e+17	4.53323e+17	3.00391	2.82957	2.82957	2.82957	2.82957	2.82957	2.82957	2.82957	2.82957	2.82979	2.83074	2.83278	2.92893	4.68977	4.68986	
71196.2	6.85795e+17	2.7873e+17	1.21973e+17	7.71734e+16	1.54347e+17	2.3152e+17	3.08694e+17	3.85867e+17	4.6304e+17	5.40209e+17	6.1735e+17	6.9417e+17	7.37039e+17	3.35056e+17	8.58637e+15	6.14198e+15	5.62638e+15	2.46212e+15	1.5578e+15	3.11561e+15	4.67341e+15	6.23121e+15	7.78902e+15	9.34682e+15	1.09076e+16	1.24862e+16	1.42669e+16	3.71452e+16	3.09778e+17	4.53323e+17	3.00812	2.83353	2.83353	2.83353	2.83353	2.83353	2.83353	2.83353	2.83353	2.83373	2.83461	2.83649	2.92349	4.68976	4.68986	
71447.2	6.85796e+17	2.78731e+17	1.21973e+17	7.71736e+16	1.54347e+17	2.31521e+17	3.08695e+17	3.85868e+17	4.63042e+17	5.40211e+17	6.17354e+17	6.942e+17	7.37647e+17	3.35053e+17	8.58636e+15	6.14152e+15	5.62583e+15	2.46188e+15	1.55765e+15	3.1153e+15	4.67295e+15	6.23061e+15	7.78826e+15	9.34591e+15	1.09063e+16	1.24832e+16	1.42482e+16	3.67637e+16	3.09779e+17	4.53324e+17	3.01232	2.83748	2.83748	2.83748	2.83748	2.83748	2.83748	2.83748	2.83748	2.83767	2.83848	2.84022	2.91836	4.68976	4.68986	
71698.9	6.85797e+17	2.78732e+17	1.21974e+17	7.71739e+16	1.54348e+17	2.31522e+17	3.08695e+17	3.85869e+17	4.63043e+17	5.40213e+17	6.17359e+17	6.94228e+17	7.38246e+17	3.3505e+17	8.58635e+15	6.14107e+15	5.62529e+15	2.46164e+15	1.5575e+15	3.115e+15	4.6725e+15	6.23e+15	7.7875e+15	9.345e+15	1.09051e+16	1.24804e+16	1.42305e+16	3.63882e+16	3.09781e+17	4.53324e+17	3.01653	2.84146	2.84146	2.84146	2.84146	2.84146	2.84146	2.84146	2.84146	2.84163	2.84238	2.844	2.91348	4.68975	4.68986	
71950.3	6.85798e+17	2.78733e+17	1.21974e+17	7.71741e+16	1.54348e+17	2.31522e+17	3.08696e+17	3.85871e+17	4.63045e+17	5.40215e+17	6.17363e+17	6.94254e+17	7.38833e+17	3.35048e+17	8.58635e+15	6.14061e+15	5.62474e+15	2.4614e+15	1.55735e+15	3.1147e+15	4.67205e+15	6.2294e+15	7.78675e+15	9.3441e+15	1.09038e+16	1.24776e+16	1.4214e+16	3.602e+16	3.09782e+17	4.53324e+17	3.02073	2.84545	2.84545	2.84545	2.84545	2.84545	2.84545	2.84545	2.84545	2.84561	2.8463	2.84779	2.90888	4.68975	4.68986	
72201.2	6.85799e+17	2.78734e+17	1.21975e+17	7.71744e+16	1.54349e+17	2.31523e+17	3.08697e+17	3.85872e+17	4.63046e+17	5.40217e+17	6.17367e+17	6.94279e+17	7.39407e+17	3.35045e+17	8.58634e+15	6.14017e+15	5.62421e+15	2.46117e+15	1.5572e+15	3.1144e+15	4.6716e+15	6.2288e+15	7.786e+15	9.3432e+15	1.09026e+16	1.24751e+16	1.41986e+16	3.56597e+16	3.09784e+17	4.53324e+17	3.02493	2.84944	2.84944	2.84944	2.84944	2.84944	2.84944	2.84944	2.84944	2.84959	2.85023	2.85161	2.90454	4.68975	4.68986	
72452.7	6.85799e+17	2.78735e+17	1.21975e+17	7.71746e+16	1.54349e+17	2.31524e+17	3.08698e+17	3.85873e+17	4.63048e+17	5.40219e+17	6.17371e+17	6.94302e+17	7.39971e+17	3.35041e+17	8.58633e+15	6.13972e+15	5.62367e+15	2.46093e+15	1.55705e+15	3.1141e+15	4.67116e+15	6.22821e+15	7.78526e+15	9.34231e+15	1.09014e+16	1.24726e+16	1.4184e+16	3.53056e+16	3.09786e+17	4.53324e+17	3.02915	2.85346	2.85346	2.85346	2.85346	2.85346	2.85346	2.85346	2.85346	2.85359	2.85418	2.85546	2.90045	4.68974	4.68986	
72703.9	6.858e+17	2.78736e+17	1.21975e+17	7.71748e+16	1.5435e+17	2.31525e+17	3.08699e+17	3.85874e+17	4.63049e+17	5.40221e+17	6.17375e+17	6.94323e+17	7.40522e+17	3.35038e+17	8.58632e+15	6.13927e+15	5.62314e+15	2.4607e+15	1.55691e+15	3.11381e+15	4.67072e+15	6.22762e+15	7.78453e+15	9.34143e+15	1.09002e+16	1.24702e+16	1.41704e+16	3.49592e+16	3.09787e+17	4.53324e+17	3.03335	2.85748	2.85748	2.85748	2.85748	2.85748	2.85748	2.85748	2.85748	2.8576	2.85815	2.85932	2.89661	4.68974	4.68986	
72955.7	6.85801e+17	2.78736e+17	1.21976e+17	7.71751e+16	1.5435e+17	2.31525e+17	3.087e+17	3.85875e+17	4.6305e+17	5.40223e+17	6.17379e+17	6.94344e+17	7.41064e+17	3.35035e+17	8.58631e+15	6.13883e+15	5.62261e+15	2.46047e+15	1.55676e+15	3.11352e+15	4.67028e+15	6.22704e+15	7.78379e+15	9.34055e+15	1.0899e+16	1.24679e+16	1.41577e+16	3.46191e+16	3.09789e+17	4.53324e+17	3.03757	2.86152	2.86152	2.86152	2.86152	2.86152	2.86152	2.86152	2.86152	2.86163	2.86213	2.86322	2.89301	4.68973	4.68986	
73206.6	6.85802e+17	2.78737e+17	1.21976e+17	7.71753e+16	1.54351e+17	2.31526e+17	3.08701e+17	3.85877e+17	4.63052e+17	5.40225e+17	6.17382e+17	6.94363e+17	7.41592e+17	3.35032e+17	8.5863e+15	6.13839e+15	5.62209e+15	2.46024e+15	1.55661e+15	3.11323e+15	4.66984e+15	6.22646e+15	7.78307e+15	9.33968e+15	1.08979e+16	1.24657e+16	1.41457e+16	3.42875e+16	3.0979e+17	4.53324e+17	3.04178	2.86556	2.86556	2.86556	2.86556	2.86556	2.86556	2.86556	2.86556	2.86566	2.86612	2.86713	2.88964	4.68973	4.68986	
73458.2	6.85803e+17	2.78738e+17	1.21977e+17	7.71755e+16	1.54351e+17	2.31527e+17	3.08702e+17	3.85878e+17	4.63053e+17	5.40227e+17	6.17386e+17	6.9438e+17	7.42109e+17	3.35029e+17	8.58629e+15	6.13795e+15	5.62157e+15	2.46001e+15	1.55647e+15	3.11294e+15	4.66941e+15	6.22588e+15	7.78235e+15	9.33882e+15	1.08968e+16	1.24636e+16	1.41345e+16	3.39621e+16	3.09792e+17	4.53324e+17	3.046	2.86961	2.86961	2.86961	2.86961	2.86961	2.86961	2.86961	2.86961	2.86971	2.87013	2.87106	2.8865	4.68972	4.68986	
73708.9	6.85804e+17	2.78739e+17	1.21977e+17	7.71758e+16	1.54352e+17	2.31527e+17	3.08703e+17	3.85879e+17	4.63055e+17	5.40228e+17	6.17389e+17	6.94397e+17	7.42613e+17	3.35025e+17	8.58628e+15	6.13752e+15	5.62105e+15	2.45979e+15	1.55633e+15	3.11265e+15	4.66898e+15	6.22531e+15	7.78163e+15	9.33796e+15	1.08956e+16	1.24615e+16	1.4124e+16	3.36453e+16	3.09794e+17	4.53325e+17	3.05021	2.87366	2.87366	2.87366	2.87366	2.87366	2.87366	2.87366	2.87366	2.87375	2.87414	2.875	2.88358	4.68972	4.68986	
73960.8	6.85804e+17	2.7874e+17	1.21977e+17	7.7176e+16	1.54352e+17	2.31528e+17	3.08704e+17	3.8588e+17	4.63056e+17	5.4023e+17	6.17392e+17	6.94413e+17	7.43109e+17	3.35022e+17	8.58627e+15	6.13709e+15	5.62053e+15	2.45956e+15	1.55618e+15	3.11237e+15	4.66855e+15	6.22474e+15	7.78092e+15	9.3371e+15	1.08945e+16	1.24596e+16	1.41141e+16	3.3334e+16	3.09796e+17	4.53325e+17	3.05444	2.87774	2.87774	2.87774	2.87774	2.87774	2.87774	2.87774	2.87774	2.87782	2.87818	2.87898	2.88087	4.68971	4.68986	
74211.3	6.85805e+17	2.78741e+17	1.21978e+17	7.71762e+16	1.54352e+17	2.31529e+17	3.08705e+17	3.85881e+17	4.63057e+17	5.40232e+17	6.17395e+17	6.94427e+17	7.43589e+17	3.35019e+17	8.58627e+15	6.13666e+15	5.62003e+15	2.45934e+15	1.55604e+15	3.11209e+15	4.66813e+15	6.22417e+15	7.78022e+15	9.33626e+15	1.08935e+16	1.24577e+16	1.41048e+16	3.30317e+16	3.09797e+17	4.53325e+17	3.05865	2.88181	2.88181	2.88181	2.88181	2.88181	2.88181	2.88181	2.88181	2.88188	2.88221	2.88294	2.87837	4.68971	4.68986	
74463.1	6.85806e+17	2.78741e+17	1.21978e+17	7.71765e+16	1.54353e+17	2.31529e+17	3.08706e+17	3.85882e+17	4.63059e+17	5.40234e+17	6.17398e+17	6.9444e+17	7.4406e+17	3.35015e+17	8.58626e+15	6.13623e+15	5.61952e+15	2.45912e+15	1.5559e+15	3.11181e+15	4.66771e+15	6.22361e+15	7.77951e+15	9.33542e+15	1.08924e+16	1.24558e+16	1.40961e+16	3.2735e+16	3.09799e+17	4.53325e+17	3.06289	2.8859	2.8859	2.8859	2.8859	2.8859	2.8859	2.8859	2.8859	2.88597	2.88627	2.88695	2.87607	4.6897	4.68986	
74713.8	6.85807e+17	2.78742e+17	1.21978e+17	7.71767e+16	1.54353e+17	2.3153e+17	3.08707e+17	3.85883e+17	4.6306e+17	5.40235e+17	6.17401e+17	6.94449e+17	7.44511e+17	3.35012e+17	8.58625e+15	6.13581e+15	5.61902e+15	2.4589e+15	1.55576e+15	3.11153e+15	4.66729e+15	6.22305e+15	7.77882e+15	9.33458e+15	1.08913e+16	1.24541e+16	1.40879e+16	3.24483e+16	3.09801e+17	4.53325e+17	3.06711	2.88998	2.88998	2.88998	2.88998	2.88998	2.88998	2.88998	2.88998	2.89004	2.89033	2.89093	2.87398	4.6897	4.68986	
74965.1	6.85807e+17	2.78743e+17	1.21979e+17	7.71769e+16	1.54354e+17	2.31531e+17	3.08708e+17	3.85885e+17	4.63062e+17	5.40237e+17	6.17404e+17	6.94457e+17	7.44949e+17	3.35008e+17	8.58623e+15	6.13538e+15	5.61852e+15	2.45868e+15	1.55562e+15	3.11125e+15	4.66687e+15	6.2225e+15	7.77812e+15	9.33375e+15	1.08903e+16	1.24523e+16	1.40802e+16	3.21698e+16	3.09803e+17	4.53325e+17	3.07134	2.89408	2.89408	2.89408	2.89408	2.89408	2.89408	2.89408	2.89408	2.89414	2.8944	2.89492	2.87208	4.68969	4.68986	
75216	6.85808e+17	2.78744e+17	1.21979e+17	7.71771e+16	1.54354e+17	2.31531e+17	3.08709e+17	3.85886e+17	4.63063e+17	5.40239e+17	6.17406e+17	6.94464e+17	7.45372e+17	3.35004e+17	8.58622e+15	6.13496e+15	5.61802e+15	2.45846e+15	1.55549e+15	3.11098e+15	4.66646e+15	6.22195e+15	7.77744e+15	9.33293e+15	1.08892e+16	1.24507e+16	1.4073e+16	3.19005e+16	3.09805e+17	4.53325e+17	3.07557	2.89818	2.89818	2.89818	2.89818	2.89818	2.89818	2.89818	2.89818	2.89823	2.89847	2.8989	2.87038	4.68969	4.68986	
75467.4	6.85809e+17	2.78745e+17	1.21979e+17	7.71774e+16	1.54355e+17	2.31532e+17	3.08709e+17	3.85887e+17	4.63064e+17	5.4024e+17	6.17409e+17	6.94471e+17	7.45784e+17	3.35001e+17	8.58621e+15	6.13455e+15	5.61753e+15	2.45824e+15	1.55535e+15	3.1107e+15	4.66605e+15	6.2214e+15	7.77675e+15	9.3321e+15	1.08882e+16	1.24491e+16	1.40663e+16	3.1639e+16	3.09807e+17	4.53325e+17	3.0798	2.90229	2.90229	2.90229	2.90229	2.90229	2.90229	2.90229	2.90229	2.90234	2.90256	2.90288	2.86885	4.68968	4.68986	
75718.3	6.8581e+17	2.78745e+17	1.2198e+17	7.71776e+16	1.54355e+17	2.31533e+17	3.0871e+17	3.85888e+17	4.63066e+17	5.40242e+17	6.17412e+17	6.94478e+17	7.46182e+17	3.34997e+17	8.5862e+15	6.13413e+15	5.61704e+15	2.45803e+15	1.55522e+15	3.11043e+15	4.66565e+15	6.22086e+15	7.77608e+15	9.33129e+15	1.08872e+16	1.24475e+16	1.406e+16	3.13861e+16	3.09809e+17	4.53326e+17	3.08404	2.9064	2.9064	2.9064	2.9064	2.9064	2.9064	2.9064	2.9064	2.90645	2.90665	2.90685	2.8675	4.68967	4.68986	
75969.6	6.85811e+17	2.78746e+17	1.2198e+17	7.71778e+16	1.54356e+17	2.31533e+17	3.08711e+17	3.85889e+17	4.63067e+17	5.40244e+17	6.17414e+17	6.94484e+17	7.46569e+17	3.34993e+17	8.58619e+15	6.13372e+15	5.61655e+15	2.45782e+15	1.55508e+15	3.11016e+15	4.66524e+15	6.22032e+15	7.7754e+15	9.33048e+15	1.08862e+16	1.2446e+16	1.4054e+16	3.11405e+16	3.09811e+17	4.53326e+17	3.08828	2.91052	2.91052	2.91052	2.91052	2.91052	2.91052	2.91052	2.91052	2.91056	2.91075	2.91083	2.86631	4.68967	4.68986	
76220.5	6.85811e+17	2.78747e+17	1.2198e+17	7.7178e+16	1.54356e+17	2.31534e+17	3.08712e+17	3.8589e+17	4.63068e+17	5.40245e+17	6.17416e+17	6.9449e+17	7.46943e+17	3.34989e+17	8.58618e+15	6.13331e+15	5.61606e+15	2.4576e+15	1.55495e+15	3.10989e+15	4.66484e+15	6.21978e+15	7.77473e+15	9.32968e+15	1.08852e+16	1.24445e+16	1.40485e+16	3.09029e+16	3.09813e+17	4.53326e+17	3.09252	2.91464	2.91464	2.91464	2.91464	2.91464	2.91464	2.91464	2.91464	2.91468	2.91485	2.91479	2.86527	4.68966	4.68986	
76471.5	6.85812e+17	2.78748e+17	1.21981e+17	7.71782e+16	1.54356e+17	2.31535e+17	3.08713e+17	3.85891e+17	4.63069e+17	5.40247e+17	6.17419e+17	6.94495e+17	7.47305e+17	3.34985e+17	8.58616e+15	6.1329e+15	5.61558e+15	2.45739e+15	1.55481e+15	3.10963e+15	4.66444e+15	6.21925e+15	7.77407e+15	9.32888e+15	1.08842e+16	1.2443e+16	1.40432e+16	3.06724e+16	3.09815e+17	4.53326e+17	3.09677	2.91877	2.91877	2.91877	2.91877	2.91877	2.91877	2.91877	2.91877	2.91881	2.91896	2.91875	2.86438	4.68965	4.68986	
76723.5	6.85813e+17	2.78749e+17	1.21981e+17	7.71785e+16	1.54357e+17	2.31535e+17	3.08714e+17	3.85892e+17	4.63071e+17	5.40248e+17	6.17421e+17	6.945e+17	7.47658e+17	3.34981e+17	8.58615e+15	6.13249e+15	5.6151e+15	2.45718e+15	1.55468e+15	3.10936e+15	4.66404e+15	6.21872e+15	7.7734e+15	9.32808e+15	1.08833e+16	1.24416e+16	1.40383e+16	3.04482e+16	3.09817e+17	4.53326e+17	3.10103	2.92292	2.92292	2.92292	2.92292	2.92292	2.92292	2.92292	2.92292	2.92295	2.9231	2.92272	2.86363	4.68965	4.68986	
76974.3	6.85814e+17	2.78749e+17	1.21981e+17	7.71787e+16	1.54357e+17	2.31536e+17	3.08715e+17	3.85893e+17	4.63072e+17	5.4025e+17	6.17423e+17	6.94504e+17	7.47999e+17	3.34976e+17	8.58614e+15	6.13209e+15	5.61463e+15	2.45698e+15	1.55455e+15	3.1091e+15	4.66365e+15	6.2182e+15	7.77275e+15	9.32729e+15	1.08823e+16	1.24402e+16	1.40336e+16	3.02319e+16	3.09819e+17	4.53326e+17	3.10528	2.92705	2.92705	2.92705	2.92705	2.92705	2.92705	2.92705	2.92705	2.92708	2.92722	2.92667	2.86302	4.68964	4.68986	
77225.4	6.85814e+17	2.7875e+17	1.21982e+17	7.71789e+16	1.54358e+17	2.31537e+17	3.08716e+17	3.85894e+17	4.63073e+17	5.40251e+17	6.17425e+17	6.94509e+17	7.48329e+17	3.34972e+17	8.58613e+15	6.13169e+15	5.61416e+15	2.45677e+15	1.55442e+15	3.10884e+15	4.66326e+15	6.21767e+15	7.77209e+15	9.32651e+15	1.08814e+16	1.24389e+16	1.40293e+16	3.0022e+16	3.09821e+17	4.53327e+17	3.10954	2.9312	2.9312	2.9312	2.9312	2.9312	2.9312	2.9312	2.9312	2.93123	2.93135	2.93062	2.86254	4.68963	4.68986	
77476.2	6.85815e+17	2.78751e+17	1.21982e+17	7.71791e+16	1.54358e+17	2.31537e+17	3.08716e+17	3.85895e+17	4.63075e+17	5.40253e+17	6.17428e+17	6.94513e+17	7.48649e+17	3.34968e+17	8.58601e+15	6.13129e+15	5.61369e+15	2.45656e+15	1.55429e+15	3.10858e+15	4.66287e+15	6.21715e+15	7.77144e+15	9.32573e+15	1.08804e+16	1.24376e+16	1.40251e+16	2.98188e+16	3.09823e+17	4.53321e+17	3.11379	2.93534	2.93534	2.93534	2.93534	2.93534	2.93534	2.93534	2.93534	2.93537	2.93548	2.93455	2.86218	4.68962	4.68986	
77729.9	6.85816e+17	2.78752e+17	1.21982e+17	7.71793e+16	1.54359e+17	2.31538e+17	3.08717e+17	3.85897e+17	4.63076e+17	5.40255e+17	6.1743e+17	6.94516e+17	7.48962e+17	3.34963e+17	8.586e+15	6.13089e+15	5.61322e+15	2.45636e+15	1.55416e+15	3.10832e+15	4.66248e+15	6.21663e+15	7.77079e+15	9.32495e+15	1.08795e+16	1.24363e+16	1.40212e+16	2.96198e+16	3.09825e+17	4.53321e+17	3.1181	2.93954	2.93954	2.93954	2.93954	2.93954	2.93954	2.93954	2.93954	2.93956	2.93966	2.93853	2.86193	4.68961	4.68986	
77983.3	6.85817e+17	2.78752e+17	1.21983e+17	7.71795e+16	1.54359e+17	2.31539e+17	3.08718e+17	3.85898e+17	4.63077e+17	5.40256e+17	6.17432e+17	6.94519e+17	7.49265e+17	3.34959e+17	8.58598e+15	6.13049e+15	5.61275e+15	2.45615e+15	1.55403e+15	3.10806e+15	4.66209e+15	6.21612e+15	7.77015e+15	9.32417e+15	1.08785e+16	1.2435e+16	1.40175e+16	2.94273e+16	3.09827e+17	4.53321e+17	3.12241	2.94373	2.94373	2.94373	2.94373	2.94373	2.94373	2.94373	2.94373	2.94375	2.94384	2.9425	2.8618	4.68961	4.68986	
78234.8	6.85817e+17	2.78753e+17	1.21983e+17	7.71797e+16	1.54359e+17	2.31539e+17	3.08719e+17	3.85899e+17	4.63078e+17	5.40258e+17	6.17434e+17	6.94522e+17	7.49556e+17	3.34954e+17	8.58597e+15	6.1301e+15	5.61229e+15	2.45595e+15	1.5539e+15	3.1078e+15	4.6617e+15	6.21561e+15	7.76951e+15	9.32341e+15	1.08776e+16	1.24337e+16	1.4014e+16	2.92422e+16	3.09829e+17	4.53321e+17	3.12668	2.9479	2.9479	2.9479	2.9479	2.9479	2.9479	2.9479	2.9479	2.94792	2.948	2.94644	2.86179	4.6896	4.68985	
78489.2	6.85818e+17	2.78754e+17	1.21983e+17	7.71799e+16	1.5436e+17	2.3154e+17	3.0872e+17	3.859e+17	4.6308e+17	5.40259e+17	6.17436e+17	6.94525e+17	7.49841e+17	3.3495e+17	8.58595e+15	6.1297e+15	5.61183e+15	2.45575e+15	1.55377e+15	3.10755e+15	4.66132e+15	6.21509e+15	7.76887e+15	9.32264e+15	1.08767e+16	1.24325e+16	1.40107e+16	2.9061e+16	3.09831e+17	4.53321e+17	3.13102	2.95212	2.95212	2.95212	2.95212	2.95212	2.95212	2.95212	2.95212	2.95213	2.95221	2.95041	2.86187	4.68959	4.68985	
78743	6.85819e+17	2.78755e+17	1.21984e+17	7.71801e+16	1.5436e+17	2.3154e+17	3.08721e+17	3.85901e+17	4.63081e+17	5.40261e+17	6.17438e+17	6.94528e+17	7.50116e+17	3.34945e+17	8.58593e+15	6.12931e+15	5.61137e+15	2.45555e+15	1.55365e+15	3.10729e+15	4.66094e+15	6.21458e+15	7.76823e+15	9.32188e+15	1.08758e+16	1.24313e+16	1.40075e+16	2.8886e+16	3.09833e+17	4.53321e+17	3.13534	2.95633	2.95633	2.95633	2.95633	2.95633	2.95633	2.95633	2.95633	2.95634	2.95642	2.95437	2.86206	4.68958	4.68985	
78996.8	6.8582e+17	2.78755e+17	1.21984e+17	7.71803e+16	1.54361e+17	2.31541e+17	3.08721e+17	3.85902e+17	4.63082e+17	5.40262e+17	6.1744e+17	6.9453e+17	7.50382e+17	3.3494e+17	8.58592e+15	6.12891e+15	5.61091e+15	2.45535e+15	1.55352e+15	3.10704e+15	4.66056e+15	6.21408e+15	7.7676e+15	9.32112e+15	1.08749e+16	1.24301e+16	1.40045e+16	2.87167e+16	3.09836e+17	4.53321e+17	3.13967	2.96054	2.96054	2.96054	2.96054	2.96054	2.96054	2.96054	2.96054	2.96056	2.96062	2.95833	2.86234	4.68957	4.68985	
79247	6.8582e+17	2.78756e+17	1.21984e+17	7.71805e+16	1.54361e+17	2.31542e+17	3.08722e+17	3.85903e+17	4.63083e+17	5.40263e+17	6.17441e+17	6.94533e+17	7.50636e+17	3.34935e+17	8.5859e+15	6.12853e+15	5.61047e+15	2.45515e+15	1.5534e+15	3.10679e+15	4.66019e+15	6.21358e+15	7.76698e+15	9.32038e+15	1.0874e+16	1.2429e+16	1.40017e+16	2.8555e+16	3.09838e+17	4.53321e+17	3.14394	2.9647	2.9647	2.9647	2.9647	2.9647	2.9647	2.9647	2.9647	2.96471	2.96478	2.96222	2.86271	4.68956	4.68985	
79497.4	6.85821e+17	2.78757e+17	1.21985e+17	7.71807e+16	1.54361e+17	2.31542e+17	3.08723e+17	3.85904e+17	4.63084e+17	5.40265e+17	6.17443e+17	6.94535e+17	7.50882e+17	3.34931e+17	8.58588e+15	6.12815e+15	5.61002e+15	2.45496e+15	1.55327e+15	3.10655e+15	4.65982e+15	6.21309e+15	7.76636e+15	9.31964e+15	1.08731e+16	1.24278e+16	1.3999e+16	2.83985e+16	3.0984e+17	4.53321e+17	3.14821	2.96887	2.96887	2.96887	2.96887	2.96887	2.96887	2.96887	2.96887	2.96888	2.96893	2.96611	2.86317	4.68955	4.68985	
79751.3	6.85822e+17	2.78758e+17	1.21985e+17	7.71809e+16	1.54362e+17	2.31543e+17	3.08724e+17	3.85905e+17	4.63086e+17	5.40266e+17	6.17445e+17	6.94537e+17	7.51123e+17	3.34926e+17	8.58586e+15	6.12776e+15	5.60957e+15	2.45476e+15	1.55315e+15	3.1063e+15	4.65945e+15	6.2126e+15	7.76574e+15	9.31889e+15	1.08722e+16	1.24267e+16	1.39965e+16	2.82448e+16	3.09842e+17	4.53321e+17	3.15255	2.97309	2.97309	2.97309	2.97309	2.97309	2.97309	2.97309	2.97309	2.9731	2.97315	2.97005	2.86372	4.68954	4.68985	
80005.1	6.85822e+17	2.78758e+17	1.21985e+17	7.71811e+16	1.54362e+17	2.31543e+17	3.08725e+17	3.85906e+17	4.63087e+17	5.40268e+17	6.17447e+17	6.94539e+17	7.51357e+17	3.34921e+17	8.58585e+15	6.12738e+15	5.60913e+15	2.45457e+15	1.55303e+15	3.10605e+15	4.65908e+15	6.2121e+15	7.76513e+15	9.31815e+15	1.08713e+16	1.24256e+16	1.3994e+16	2.80962e+16	3.09845e+17	4.53321e+17	3.15689	2.97732	2.97732	2.97732	2.97732	2.97732	2.97732	2.97732	2.97732	2.97733	2.97738	2.97399	2.86435	4.68953	4.68985	
80255.4	6.85823e+17	2.78759e+17	1.21986e+17	7.71813e+16	1.54363e+17	2.31544e+17	3.08725e+17	3.85907e+17	4.63088e+17	5.40269e+17	6.17449e+17	6.9454e+17	7.51579e+17	3.34916e+17	8.58583e+15	6.127e+15	5.60869e+15	2.45438e+15	1.5529e+15	3.10581e+15	4.65871e+15	6.21162e+15	7.76452e+15	9.31743e+15	1.08705e+16	1.24245e+16	1.39918e+16	2.79544e+16	3.09847e+17	4.53321e+17	3.16117	2.98149	2.98149	2.98149	2.98149	2.98149	2.98149	2.98149	2.98149	2.9815	2.98155	2.97787	2.86504	4.68952	4.68985	
80505.8	6.85824e+17	2.7876e+17	1.21986e+17	7.71815e+16	1.54363e+17	2.31545e+17	3.08726e+17	3.85908e+17	4.63089e+17	5.40271e+17	6.1745e+17	6.94542e+17	7.51795e+17	3.34911e+17	8.58581e+15	6.12663e+15	5.60826e+15	2.45419e+15	1.55278e+15	3.10557e+15	4.65835e+15	6.21114e+15	7.76392e+15	9.31671e+15	1.08696e+16	1.24235e+16	1.39896e+16	2.78171e+16	3.09849e+17	4.53321e+17	3.16545	2.98567	2.98567	2.98567	2.98567	2.98567	2.98567	2.98567	2.98567	2.98568	2.98572	2.98174	2.86581	4.68951	4.68985	
80759.7	6.85824e+17	2.7876e+17	1.21986e+17	7.71817e+16	1.54363e+17	2.31545e+17	3.08727e+17	3.85909e+17	4.6309e+17	5.40272e+17	6.17452e+17	6.94543e+17	7.52006e+17	3.34906e+17	8.58579e+15	6.12625e+15	5.60782e+15	2.454e+15	1.55266e+15	3.10533e+15	4.65799e+15	6.21065e+15	7.76332e+15	9.31598e+15	1.08688e+16	1.24224e+16	1.39875e+16	2.76824e+16	3.09852e+17	4.53321e+17	3.1698	2.98991	2.98991	2.98991	2.98991	2.98991	2.98991	2.98991	2.98991	2.98992	2.98995	2.98566	2.86666	4.6895	4.68985	
81013.6	6.85825e+17	2.78761e+17	1.21987e+17	7.71819e+16	1.54364e+17	2.31546e+17	3.08728e+17	3.8591e+17	4.63092e+17	5.40273e+17	6.17454e+17	6.94544e+17	7.5221e+17	3.34901e+17	8.58577e+15	6.12587e+15	5.60739e+15	2.45381e+15	1.55254e+15	3.10509e+15	4.65763e+15	6.21017e+15	7.76272e+15	9.31526e+15	1.08679e+16	1.24213e+16	1.39855e+16	2.75523e+16	3.09854e+17	4.53321e+17	3.17414	2.99415	2.99415	2.99415	2.99415	2.99415	2.99415	2.99415	2.99415	2.99416	2.99419	2.98958	2.86758	4.68949	4.68985	
81263.9	6.85826e+17	2.78762e+17	1.21987e+17	7.71821e+16	1.54364e+17	2.31546e+17	3.08728e+17	3.85911e+17	4.63093e+17	5.40275e+17	6.17456e+17	6.94545e+17	7.52405e+17	3.34895e+17	8.58575e+15	6.1255e+15	5.60696e+15	2.45362e+15	1.55243e+15	3.10485e+15	4.65728e+15	6.2097e+15	7.76213e+15	9.31455e+15	1.08671e+16	1.24203e+16	1.39837e+16	2.74282e+16	3.09856e+17	4.53321e+17	3.17842	2.99834	2.99834	2.99834	2.99834	2.99834	2.99834	2.99834	2.99834	2.99834	2.99837	2.99344	2.86855	4.68948	4.68985	
81514.4	6.85827e+17	2.78763e+17	1.21987e+17	7.71823e+16	1.54365e+17	2.31547e+17	3.08729e+17	3.85912e+17	4.63094e+17	5.40276e+17	6.17457e+17	6.94546e+17	7.52593e+17	3.3489e+17	8.58573e+15	6.12514e+15	5.60654e+15	2.45343e+15	1.55231e+15	3.10462e+15	4.65692e+15	6.20923e+15	7.76154e+15	9.31385e+15	1.08663e+16	1.24193e+16	1.3982e+16	2.73081e+16	3.09859e+17	4.53321e+17	3.18271	3.00253	3.00253	3.00253	3.00253	3.00253	3.00253	3.00253	3.00253	3.00253	3.00256	2.99729	2.86959	4.68946	4.68985	
81768.3	6.85827e+17	2.78763e+17	1.21988e+17	7.71825e+16	1.54365e+17	2.31548e+17	3.0873e+17	3.85913e+17	4.63095e+17	5.40277e+17	6.17459e+17	6.94547e+17	7.52777e+17	3.34885e+17	8.58571e+15	6.12477e+15	5.60611e+15	2.45325e+15	1.55219e+15	3.10438e+15	4.65657e+15	6.20876e+15	7.76095e+15	9.31314e+15	1.08654e+16	1.24183e+16	1.39803e+16	2.71905e+16	3.09861e+17	4.53321e+17	3.18705	3.00678	3.00678	3.00678	3.00678	3.00678	3.00678	3.00678	3.00678	3.00679	3.00681	3.0012	2.8707	4.68945	4.68984	
82022.2	6.85828e+17	2.78764e+17	1.21988e+17	7.71827e+16	1.54365e+17	2.31548e+17	3.08731e+17	3.85913e+17	4.63096e+17	5.40279e+17	6.1746e+17	6.94548e+17	7.52955e+17	3.3488e+17	8.58569e+15	6.1244e+15	5.60568e+15	2.45306e+15	1.55207e+15	3.10414e+15	4.65622e+15	6.20829e+15	7.76036e+15	9.31243e+15	1.08646e+16	1.24173e+16	1.39788e+16	2.70769e+16	3.09864e+17	4.53321e+17	3.19139	3.01103	3.01103	3.01103	3.01103	3.01103	3.01103	3.01103	3.01103	3.01104	3.01106	3.00509	2.87186	4.68944	4.68984	
82272.6	6.85829e+17	2.78765e+17	1.21988e+17	7.71829e+16	1.54366e+17	2.31549e+17	3.08732e+17	3.85914e+17	4.63097e+17	5.4028e+17	6.17462e+17	6.94548e+17	7.53125e+17	3.34874e+17	8.58567e+15	6.12404e+15	5.60527e+15	2.45288e+15	1.55196e+15	3.10391e+15	4.65587e+15	6.20783e+15	7.75979e+15	9.31174e+15	1.08638e+16	1.24163e+16	1.39774e+16	2.69687e+16	3.09866e+17	4.53321e+17	3.19567	3.01523	3.01523	3.01523	3.01523	3.01523	3.01523	3.01523	3.01523	3.01523	3.01526	3.00893	2.87306	4.68943	4.68984	
82523.1	6.85829e+17	2.78765e+17	1.21988e+17	7.71831e+16	1.54366e+17	2.31549e+17	3.08732e+17	3.85915e+17	4.63098e+17	5.40281e+17	6.17464e+17	6.94549e+17	7.53289e+17	3.34869e+17	8.58565e+15	6.12368e+15	5.60486e+15	2.4527e+15	1.55184e+15	3.10369e+15	4.65553e+15	6.20737e+15	7.75921e+15	9.31106e+15	1.0863e+16	1.24153e+16	1.39762e+16	2.68641e+16	3.09869e+17	4.53321e+17	3.19994	3.01943	3.01943	3.01943	3.01943	3.01943	3.01943	3.01943	3.01943	3.01944	3.01946	3.01277	2.87432	4.68941	4.68984	
82777.1	6.8583e+17	2.78766e+17	1.21989e+17	7.71833e+16	1.54367e+17	2.3155e+17	3.08733e+17	3.85916e+17	4.631e+17	5.40283e+17	6.17465e+17	6.94549e+17	7.53449e+17	3.34863e+17	8.58563e+15	6.12331e+15	5.60444e+15	2.45252e+15	1.55173e+15	3.10345e+15	4.65518e+15	6.20691e+15	7.75864e+15	9.31036e+15	1.08622e+16	1.24144e+16	1.3975e+16	2.67617e+16	3.09871e+17	4.53321e+17	3.20427	3.0237	3.0237	3.0237	3.0237	3.0237	3.0237	3.0237	3.0237	3.0237	3.02372	3.01666	2.87564	4.6894	4.68984	
83031.1	6.85831e+17	2.78767e+17	1.21989e+17	7.71834e+16	1.54367e+17	2.3155e+17	3.08734e+17	3.85917e+17	4.63101e+17	5.40284e+17	6.17467e+17	6.94549e+17	7.53603e+17	3.34858e+17	8.58561e+15	6.12295e+15	5.60402e+15	2.45234e+15	1.55161e+15	3.10323e+15	4.65484e+15	6.20645e+15	7.75806e+15	9.30968e+15	1.08613e+16	1.24134e+16	1.3974e+16	2.66628e+16	3.09874e+17	4.53321e+17	3.2086	3.02796	3.02796	3.02796	3.02796	3.02796	3.02796	3.02796	3.02796	3.02796	3.02798	3.02054	2.87702	4.68939	4.68984	
83281.5	6.85831e+17	2.78767e+17	1.21989e+17	7.71836e+16	1.54367e+17	2.31551e+17	3.08734e+17	3.85918e+17	4.63102e+17	5.40285e+17	6.17468e+17	6.94548e+17	7.5375e+17	3.34852e+17	8.58559e+15	6.1226e+15	5.60362e+15	2.45216e+15	1.5515e+15	3.103e+15	4.6545e+15	6.206e+15	7.7575e+15	9.309e+15	1.08606e+16	1.24125e+16	1.39731e+16	2.65688e+16	3.09877e+17	4.53321e+17	3.21286	3.03217	3.03217	3.03217	3.03217	3.03217	3.03217	3.03217	3.03217	3.03217	3.03219	3.02436	2.87842	4.68937	4.68984	
83532.1	6.85832e+17	2.78768e+17	1.2199e+17	7.71838e+16	1.54368e+17	2.31551e+17	3.08735e+17	3.85919e+17	4.63103e+17	5.40287e+17	6.1747e+17	6.94548e+17	7.53892e+17	3.34846e+17	8.58556e+15	6.12224e+15	5.60321e+15	2.45198e+15	1.55139e+15	3.10278e+15	4.65416e+15	6.20555e+15	7.75694e+15	9.30833e+15	1.08598e+16	1.24115e+16	1.39724e+16	2.6478e+16	3.09879e+17	4.53321e+17	3.21711	3.03638	3.03638	3.03638	3.03638	3.03638	3.03638	3.03638	3.03638	3.03639	3.0364	3.02818	2.87986	4.68936	4.68984	
83786.1	6.85832e+17	2.78769e+17	1.2199e+17	7.7184e+16	1.54368e+17	2.31552e+17	3.08736e+17	3.8592e+17	4.63104e+17	5.40288e+17	6.17471e+17	6.94547e+17	7.54031e+17	3.34841e+17	8.58554e+15	6.12189e+15	5.60281e+15	2.4518e+15	1.55128e+15	3.10255e+15	4.65383e+15	6.2051e+15	7.75638e+15	9.30765e+15	1.0859e+16	1.24106e+16	1.39718e+16	2.63892e+16	3.09882e+17	4.53321e+17	3.22142	3.04066	3.04066	3.04066	3.04066	3.04066	3.04066	3.04066	3.04066	3.04066	3.04067	3.03205	2.88136	4.68935	4.68984	
84040.1	6.85833e+17	2.78769e+17	1.2199e+17	7.71842e+16	1.54368e+17	2.31553e+17	3.08737e+17	3.85921e+17	4.63105e+17	5.40289e+17	6.17473e+17	6.94546e+17	7.54165e+17	3.34835e+17	8.58552e+15	6.12153e+15	5.6024e+15	2.45163e+15	1.55116e+15	3.10233e+15	4.65349e+15	6.20465e+15	7.75582e+15	9.30698e+15	1.08582e+16	1.24097e+16	1.39714e+16	2.63036e+16	3.09885e+17	4.53321e+17	3.22572	3.04493	3.04493	3.04493	3.04493	3.04493	3.04493	3.04493	3.04493	3.04493	3.04495	3.03591	2.88291	4.68933	4.68983	
84290.6	6.85834e+17	2.7877e+17	1.2199e+17	7.71843e+16	1.54369e+17	2.31553e+17	3.08737e+17	3.85922e+17	4.63106e+17	5.4029e+17	6.17474e+17	6.94545e+17	7.54292e+17	3.34829e+17	8.58549e+15	6.12119e+15	5.602e+15	2.45145e+15	1.55105e+15	3.10211e+15	4.65316e+15	6.20421e+15	7.75527e+15	9.30632e+15	1.08574e+16	1.24087e+16	1.39712e+16	2.62223e+16	3.09888e+17	4.53321e+17	3.22996	3.04915	3.04915	3.04915	3.04915	3.04915	3.04915	3.04915	3.04915	3.04915	3.04916	3.03972	2.88447	4.68932	4.68983	
84541.2	6.85834e+17	2.78771e+17	1.21991e+17	7.71845e+16	1.54369e+17	2.31554e+17	3.08738e+17	3.85923e+17	4.63107e+17	5.40292e+17	6.17476e+17	6.94543e+17	7.54414e+17	3.34823e+17	8.58547e+15	6.12084e+15	5.60161e+15	2.45128e+15	1.55094e+15	3.10189e+15	4.65283e+15	6.20378e+15	7.75472e+15	9.30566e+15	1.08566e+16	1.24078e+16	1.39712e+16	2.61438e+16	3.0989e+17	4.53321e+17	3.23419	3.05337	3.05337	3.05337	3.05337	3.05337	3.05337	3.05337	3.05337	3.05338	3.05339	3.04352	2.88607	4.6893	4.68983	
84795.3	6.85835e+17	2.78771e+17	1.21991e+17	7.71847e+16	1.54369e+17	2.31554e+17	3.08739e+17	3.85924e+17	4.63108e+17	5.40293e+17	6.17477e+17	6.94542e+17	7.54533e+17	3.34817e+17	8.58545e+15	6.1205e+15	5.60121e+15	2.4511e+15	1.55083e+15	3.10167e+15	4.6525e+15	6.20334e+15	7.75417e+15	9.305e+15	1.08559e+16	1.24069e+16	1.39714e+16	2.60672e+16	3.09893e+17	4.53321e+17	3.23847	3.05766	3.05766	3.05766	3.05766	3.05766	3.05766	3.05766	3.05766	3.05766	3.05767	3.04737	2.88773	4.68929	4.68983	
85049.3	6.85836e+17	2.78772e+17	1.21991e+17	7.71849e+16	1.5437e+17	2.31555e+17	3.0874e+17	3.85924e+17	4.63109e+17	5.40294e+17	6.17479e+17	6.94539e+17	7.54648e+17	3.34811e+17	8.58542e+15	6.12015e+15	5.60082e+15	2.45093e+15	1.55072e+15	3.10145e+15	4.65217e+15	6.2029e+15	7.75362e+15	9.30435e+15	1.08551e+16	1.2406e+16	1.39719e+16	2.59934e+16	3.09896e+17	4.53321e+17	3.24274	3.06194	3.06194	3.06194	3.06194	3.06194	3.06194	3.06194	3.06194	3.06195	3.06195	3.05122	2.88942	4.68927	4.68983	
85299.8	6.85836e+17	2.78772e+17	1.21992e+17	7.71851e+16	1.5437e+17	2.31555e+17	3.0874e+17	3.85925e+17	4.6311e+17	5.40295e+17	6.1748e+17	6.94537e+17	7.54757e+17	3.34805e+17	8.5854e+15	6.11981e+15	5.60043e+15	2.45076e+15	1.55062e+15	3.10123e+15	4.65185e+15	6.20247e+15	7.75308e+15	9.3037e+15	1.08543e+16	1.24052e+16	1.39725e+16	2.59234e+16	3.09899e+17	4.53321e+17	3.24695	3.06617	3.06617	3.06617	3.06617	3.06617	3.06617	3.06617	3.06617	3.06617	3.06618	3.05501	2.89112	4.68925	4.68983	
85550.4	6.85837e+17	2.78773e+17	1.21992e+17	7.71852e+16	1.5437e+17	2.31556e+17	3.08741e+17	3.85926e+17	4.63111e+17	5.40297e+17	6.17482e+17	6.94534e+17	7.54862e+17	3.34799e+17	8.58537e+15	6.11948e+15	5.60004e+15	2.45059e+15	1.55051e+15	3.10102e+15	4.65153e+15	6.20204e+15	7.75255e+15	9.30306e+15	1.08536e+16	1.24043e+16	1.39734e+16	2.5856e+16	3.09902e+17	4.53321e+17	3.25115	3.0704	3.0704	3.0704	3.0704	3.0704	3.0704	3.0704	3.0704	3.07041	3.07041	3.05879	2.89286	4.68924	4.68983	
85804.6	6.85838e+17	2.78774e+17	1.21992e+17	7.71854e+16	1.54371e+17	2.31556e+17	3.08742e+17	3.85927e+17	4.63112e+17	5.40298e+17	6.17483e+17	6.9453e+17	7.54964e+17	3.34793e+17	8.58535e+15	6.11914e+15	5.59965e+15	2.45042e+15	1.5504e+15	3.1008e+15	4.65121e+15	6.20161e+15	7.75201e+15	9.30241e+15	1.08528e+16	1.24034e+16	1.39746e+16	2.57903e+16	3.09905e+17	4.53321e+17	3.2554	3.0747	3.0747	3.0747	3.0747	3.0747	3.0747	3.0747	3.0747	3.0747	3.0747	3.06263	2.89464	4.68922	4.68982	
86058.6	6.85838e+17	2.78774e+17	1.21992e+17	7.71856e+16	1.54371e+17	2.31557e+17	3.08742e+17	3.85928e+17	4.63113e+17	5.40299e+17	6.17484e+17	6.94527e+17	7.55062e+17	3.34787e+17	8.58532e+15	6.1188e+15	5.59927e+15	2.45025e+15	1.5503e+15	3.10059e+15	4.65089e+15	6.20118e+15	7.75148e+15	9.30177e+15	1.08521e+16	1.24025e+16	1.39761e+16	2.57271e+16	3.09907e+17	4.53321e+17	3.25965	3.07899	3.07899	3.07899	3.07899	3.07899	3.07899	3.07899	3.07899	3.07899	3.079	3.06646	2.89645	4.6892	4.68982	
86309.2	6.85839e+17	2.78775e+17	1.21993e+17	7.71857e+16	1.54371e+17	2.31557e+17	3.08743e+17	3.85929e+17	4.63114e+17	5.403e+17	6.17486e+17	6.94522e+17	7.55155e+17	3.34781e+17	8.5853e+15	6.11847e+15	5.59889e+15	2.45009e+15	1.55019e+15	3.10038e+15	4.65057e+15	6.20076e+15	7.75095e+15	9.30114e+15	1.08513e+16	1.24017e+16	1.39778e+16	2.56672e+16	3.0991e+17	4.53321e+17	3.26383	3.08323	3.08323	3.08323	3.08323	3.08323	3.08323	3.08323	3.08323	3.08323	3.08323	3.07023	2.89827	4.68918	4.68982	
86559.8	6.85839e+17	2.78776e+17	1.21993e+17	7.71859e+16	1.54372e+17	2.31558e+17	3.08744e+17	3.8593e+17	4.63116e+17	5.40301e+17	6.17487e+17	6.94518e+17	7.55244e+17	3.34774e+17	8.58527e+15	6.11814e+15	5.59851e+15	2.44992e+15	1.55009e+15	3.10017e+15	4.65026e+15	6.20034e+15	7.75043e+15	9.30051e+15	1.08506e+16	1.24008e+16	1.39798e+16	2.56097e+16	3.09913e+17	4.53321e+17	3.268	3.08746	3.08746	3.08746	3.08746	3.08746	3.08746	3.08746	3.08746	3.08747	3.08747	3.074	2.90011	4.68917	4.68982	
86813.5	6.8584e+17	2.78776e+17	1.21993e+17	7.71861e+16	1.54372e+17	2.31558e+17	3.08744e+17	3.8593e+17	4.63117e+17	5.40303e+17	6.17488e+17	6.94512e+17	7.5533e+17	3.34768e+17	8.58524e+15	6.11781e+15	5.59813e+15	2.44976e+15	1.54998e+15	3.09996e+15	4.64994e+15	6.19992e+15	7.7499e+15	9.29988e+15	1.08499e+16	1.24e+16	1.39822e+16	2.55538e+16	3.09916e+17	4.53321e+17	3.27222	3.09176	3.09176	3.09176	3.09176	3.09176	3.09176	3.09176	3.09176	3.09176	3.09176	3.07781	2.902	4.68915	4.68982	
87064.3	6.85841e+17	2.78777e+17	1.21993e+17	7.71863e+16	1.54373e+17	2.31559e+17	3.08745e+17	3.85931e+17	4.63118e+17	5.40304e+17	6.1749e+17	6.94504e+17	7.55409e+17	3.34762e+17	8.58522e+15	6.11749e+15	5.59776e+15	2.44959e+15	1.54988e+15	3.09975e+15	4.64963e+15	6.19951e+15	7.74939e+15	9.29926e+15	1.08492e+16	1.23991e+16	1.39849e+16	2.55008e+16	3.0992e+17	4.53321e+17	3.27638	3.096	3.096	3.096	3.096	3.096	3.096	3.096	3.096	3.096	3.096	3.08157	2.90388	4.68913	4.68982	
87314.9	6.85841e+17	2.78777e+17	1.21994e+17	7.71864e+16	1.54373e+17	2.31559e+17	3.08746e+17	3.85932e+17	4.63119e+17	5.40305e+17	6.17491e+17	6.94495e+17	7.55482e+17	3.34756e+17	8.58519e+15	6.11717e+15	5.59739e+15	2.44943e+15	1.54977e+15	3.09955e+15	4.64932e+15	6.1991e+15	7.74887e+15	9.29865e+15	1.08484e+16	1.23983e+16	1.39878e+16	2.54504e+16	3.09923e+17	4.53321e+17	3.28053	3.10024	3.10024	3.10024	3.10024	3.10024	3.10024	3.10024	3.10024	3.10024	3.10025	3.08531	2.90576	4.68911	4.68981	
87566.3	6.85842e+17	2.78778e+17	1.21994e+17	7.71866e+16	1.54373e+17	2.3156e+17	3.08746e+17	3.85933e+17	4.6312e+17	5.40306e+17	6.17493e+17	6.94485e+17	7.55551e+17	3.34749e+17	8.58516e+15	6.11685e+15	5.59702e+15	2.44927e+15	1.54967e+15	3.09934e+15	4.64902e+15	6.19869e+15	7.74836e+15	9.29803e+15	1.08477e+16	1.23975e+16	1.39911e+16	2.54025e+16	3.09926e+17	4.53321e+17	3.28469	3.1045	3.1045	3.1045	3.1045	3.1045	3.1045	3.1045	3.1045	3.1045	3.1045	3.08904	2.90765	4.68909	4.68981	
87820.2	6.85842e+17	2.78779e+17	1.21994e+17	7.71868e+16	1.54374e+17	2.3156e+17	3.08747e+17	3.85934e+17	4.63121e+17	5.40307e+17	6.17494e+17	6.94474e+17	7.55616e+17	3.34743e+17	8.58513e+15	6.11653e+15	5.59664e+15	2.44911e+15	1.54957e+15	3.09914e+15	4.64871e+15	6.19828e+15	7.74785e+15	9.29742e+15	1.0847e+16	1.23966e+16	1.39948e+16	2.53565e+16	3.0993e+17	4.53321e+17	3.28888	3.1088	3.1088	3.1088	3.1088	3.1088	3.1088	3.1088	3.1088	3.1088	3.1088	3.09279	2.90956	4.68907	4.68981	
88070.8	6.85843e+17	2.78779e+17	1.21995e+17	7.71869e+16	1.54374e+17	2.31561e+17	3.08748e+17	3.85935e+17	4.63122e+17	5.40308e+17	6.17495e+17	6.94463e+17	7.55677e+17	3.34736e+17	8.5851e+15	6.11622e+15	5.59628e+15	2.44895e+15	1.54947e+15	3.09894e+15	4.6484e+15	6.19787e+15	7.74734e+15	9.29681e+15	1.08463e+16	1.23958e+16	1.39988e+16	2.53135e+16	3.09933e+17	4.53321e+17	3.29301	3.11304	3.11304	3.11304	3.11304	3.11304	3.11304	3.11304	3.11304	3.11304	3.11304	3.09648	2.91144	4.68905	4.68981	
88324.2	6.85844e+17	2.7878e+17	1.21995e+17	7.71871e+16	1.54374e+17	2.31561e+17	3.08748e+17	3.85935e+17	4.63123e+17	5.4031e+17	6.17497e+17	6.94452e+17	7.55736e+17	3.34729e+17	8.58507e+15	6.1159e+15	5.59591e+15	2.44879e+15	1.54937e+15	3.09873e+15	4.6481e+15	6.19747e+15	7.74683e+15	9.2962e+15	1.08456e+16	1.2395e+16	1.40033e+16	2.52723e+16	3.09937e+17	4.53321e+17	3.29718	3.11733	3.11733	3.11733	3.11733	3.11733	3.11733	3.11733	3.11733	3.11733	3.11733	3.10018	2.91333	4.68902	4.6898	
88578.2	6.85844e+17	2.7878e+17	1.21995e+17	7.71873e+16	1.54375e+17	2.31562e+17	3.08749e+17	3.85936e+17	4.63124e+17	5.40311e+17	6.17498e+17	6.9444e+17	7.55792e+17	3.34722e+17	8.58505e+15	6.11559e+15	5.59555e+15	2.44863e+15	1.54927e+15	3.09853e+15	4.6478e+15	6.19706e+15	7.74633e+15	9.29559e+15	1.08449e+16	1.23942e+16	1.40081e+16	2.52332e+16	3.0994e+17	4.53321e+17	3.30136	3.12163	3.12163	3.12163	3.12163	3.12163	3.12163	3.12163	3.12163	3.12163	3.12164	3.10388	2.91523	4.689	4.6898	
88830.7	6.85845e+17	2.78781e+17	1.21995e+17	7.71874e+16	1.54375e+17	2.31562e+17	3.0875e+17	3.85937e+17	4.63125e+17	5.40312e+17	6.17499e+17	6.94428e+17	7.55844e+17	3.34715e+17	8.58502e+15	6.11528e+15	5.59519e+15	2.44847e+15	1.54917e+15	3.09833e+15	4.6475e+15	6.19666e+15	7.74583e+15	9.29499e+15	1.08442e+16	1.23934e+16	1.40133e+16	2.51962e+16	3.09943e+17	4.53321e+17	3.30551	3.12591	3.12591	3.12591	3.12591	3.12591	3.12591	3.12591	3.12591	3.12591	3.12591	3.10754	2.91711	4.68898	4.6898	
89084.4	6.85845e+17	2.78782e+17	1.21996e+17	7.71876e+16	1.54375e+17	2.31563e+17	3.0875e+17	3.85938e+17	4.63125e+17	5.40313e+17	6.17501e+17	6.94416e+17	7.55895e+17	3.34708e+17	8.58499e+15	6.11498e+15	5.59482e+15	2.44831e+15	1.54907e+15	3.09813e+15	4.6472e+15	6.19626e+15	7.74533e+15	9.29439e+15	1.08435e+16	1.23926e+16	1.40189e+16	2.51611e+16	3.09947e+17	4.53321e+17	3.30967	3.13021	3.13021	3.13021	3.13021	3.13021	3.13021	3.13021	3.13021	3.13021	3.13021	3.1112	2.919	4.68896	4.6898	
89336.7	6.85846e+17	2.78782e+17	1.21996e+17	7.71877e+16	1.54375e+17	2.31563e+17	3.08751e+17	3.85939e+17	4.63126e+17	5.40314e+17	6.17502e+17	6.94403e+17	7.55942e+17	3.34701e+17	8.58496e+15	6.11467e+15	5.59447e+15	2.44815e+15	1.54897e+15	3.09793e+15	4.6469e+15	6.19587e+15	7.74483e+15	9.2938e+15	1.08428e+16	1.23918e+16	1.40249e+16	2.51278e+16	3.0995e+17	4.53321e+17	3.3138	3.13448	3.13448	3.13448	3.13448	3.13448	3.13448	3.13448	3.13448	3.13448	3.13448	3.11483	2.92087	4.68893	4.68979	
89589.2	6.85847e+17	2.78783e+17	1.21996e+17	7.71879e+16	1.54376e+17	2.31564e+17	3.08752e+17	3.8594e+17	4.63127e+17	5.40315e+17	6.17503e+17	6.9439e+17	7.55988e+17	3.34693e+17	8.58493e+15	6.11437e+15	5.59411e+15	2.448e+15	1.54887e+15	3.09774e+15	4.6466e+15	6.19547e+15	7.74434e+15	9.29321e+15	1.08421e+16	1.2391e+16	1.40313e+16	2.50963e+16	3.09954e+17	4.53321e+17	3.31793	3.13876	3.13876	3.13876	3.13876	3.13876	3.13876	3.13876	3.13876	3.13876	3.13876	3.11846	2.92274	4.68891	4.68979	
89842.7	6.85847e+17	2.78783e+17	1.21996e+17	7.71881e+16	1.54376e+17	2.31564e+17	3.08752e+17	3.8594e+17	4.63128e+17	5.40316e+17	6.17504e+17	6.94376e+17	7.56031e+17	3.34686e+17	8.58489e+15	6.11407e+15	5.59376e+15	2.44784e+15	1.54877e+15	3.09754e+15	4.64631e+15	6.19508e+15	7.74385e+15	9.29262e+15	1.08414e+16	1.23902e+16	1.40382e+16	2.50662e+16	3.09957e+17	4.53321e+17	3.32206	3.14305	3.14305	3.14305	3.14305	3.14305	3.14305	3.14305	3.14305	3.14305	3.14305	3.12208	2.92462	4.68888	4.68979	
90094.5	6.85848e+17	2.78784e+17	1.21997e+17	7.71882e+16	1.54376e+17	2.31565e+17	3.08753e+17	3.85941e+17	4.63129e+17	5.40318e+17	6.17506e+17	6.94362e+17	7.56072e+17	3.34678e+17	8.58486e+15	6.11378e+15	5.59341e+15	2.44769e+15	1.54867e+15	3.09735e+15	4.64602e+15	6.19469e+15	7.74337e+15	9.29204e+15	1.08407e+16	1.23894e+16	1.40454e+16	2.50379e+16	3.09961e+17	4.53321e+17	3.32615	3.14731	3.14731	3.14731	3.14731	3.14731	3.14731	3.14731	3.14731	3.14731	3.14731	3.12568	2.92648	4.68886	4.68979	
90347.7	6.85848e+17	2.78784e+17	1.21997e+17	7.71884e+16	1.54377e+17	2.31565e+17	3.08754e+17	3.85942e+17	4.6313e+17	5.40319e+17	6.17507e+17	6.94348e+17	7.56111e+17	3.34671e+17	8.58483e+15	6.11348e+15	5.59306e+15	2.44754e+15	1.54858e+15	3.09715e+15	4.64573e+15	6.1943e+15	7.74288e+15	9.29146e+15	1.084e+16	1.23886e+16	1.40531e+16	2.50108e+16	3.09964e+17	4.53321e+17	3.33025	3.1516	3.1516	3.1516	3.1516	3.1516	3.1516	3.1516	3.1516	3.1516	3.1516	3.12928	2.92835	4.68883	4.68978	
90599.5	6.85849e+17	2.78785e+17	1.21997e+17	7.71885e+16	1.54377e+17	2.31566e+17	3.08754e+17	3.85943e+17	4.63131e+17	5.4032e+17	6.17508e+17	6.94333e+17	7.56148e+17	3.34663e+17	8.5848e+15	6.11319e+15	5.59271e+15	2.44738e+15	1.54848e+15	3.09696e+15	4.64544e+15	6.19392e+15	7.7424e+15	9.29088e+15	1.08394e+16	1.23879e+16	1.40611e+16	2.49853e+16	3.09967e+17	4.53321e+17	3.33431	3.15586	3.15586	3.15586	3.15586	3.15586	3.15586	3.15586	3.15586	3.15586	3.15586	3.13286	2.93021	4.68881	4.68978	
90852.5	6.85849e+17	2.78786e+17	1.21997e+17	7.71887e+16	1.54377e+17	2.31566e+17	3.08755e+17	3.85943e+17	4.63132e+17	5.40321e+17	6.1751e+17	6.94317e+17	7.56183e+17	3.34656e+17	8.58477e+15	6.1129e+15	5.59236e+15	2.44723e+15	1.54838e+15	3.09677e+15	4.64515e+15	6.19354e+15	7.74192e+15	9.29031e+15	1.08387e+16	1.23871e+16	1.40696e+16	2.4961e+16	3.09971e+17	4.53321e+17	3.33837	3.16014	3.16014	3.16014	3.16014	3.16014	3.16014	3.16014	3.16014	3.16014	3.16014	3.13644	2.93209	4.68878	4.68978	
91104.4	6.8585e+17	2.78786e+17	1.21998e+17	7.71889e+16	1.54378e+17	2.31567e+17	3.08755e+17	3.85944e+17	4.63133e+17	5.40322e+17	6.17511e+17	6.94301e+17	7.56216e+17	3.34648e+17	8.58473e+15	6.11262e+15	5.59202e+15	2.44708e+15	1.54829e+15	3.09658e+15	4.64487e+15	6.19316e+15	7.74145e+15	9.28974e+15	1.0838e+16	1.23863e+16	1.40786e+16	2.49381e+16	3.09974e+17	4.53321e+17	3.34239	3.1644	3.1644	3.1644	3.1644	3.1644	3.1644	3.1644	3.1644	3.1644	3.1644	3.14	2.93395	4.68875	4.68977	
91356.9	6.8585e+17	2.78787e+17	1.21998e+17	7.7189e+16	1.54378e+17	2.31567e+17	3.08756e+17	3.85945e+17	4.63134e+17	5.40323e+17	6.17512e+17	6.94285e+17	7.56248e+17	3.3464e+17	8.5847e+15	6.11233e+15	5.59168e+15	2.44693e+15	1.5482e+15	3.09639e+15	4.64459e+15	6.19278e+15	7.74098e+15	9.28917e+15	1.08374e+16	1.23856e+16	1.40879e+16	2.49163e+16	3.09978e+17	4.53321e+17	3.34638	3.16867	3.16867	3.16867	3.16867	3.16867	3.16867	3.16867	3.16867	3.16867	3.16867	3.14357	2.93582	4.68872	4.68977	
91609.2	6.85851e+17	2.78787e+17	1.21998e+17	7.71892e+16	1.54378e+17	2.31567e+17	3.08757e+17	3.85946e+17	4.63135e+17	5.40324e+17	6.17513e+17	6.94268e+17	7.56278e+17	3.34633e+17	8.58467e+15	6.11205e+15	5.59134e+15	2.44679e+15	1.5481e+15	3.0962e+15	4.6443e+15	6.19241e+15	7.74051e+15	9.28861e+15	1.08367e+16	1.23848e+16	1.40977e+16	2.48957e+16	3.09981e+17	4.53321e+17	3.35034	3.17293	3.17293	3.17293	3.17293	3.17293	3.17293	3.17293	3.17293	3.17293	3.17293	3.14713	2.93768	4.6887	4.68976	
91860.5	6.85852e+17	2.78788e+17	1.21998e+17	7.71893e+16	1.54379e+17	2.31568e+17	3.08757e+17	3.85947e+17	4.63136e+17	5.40325e+17	6.17514e+17	6.9425e+17	7.56306e+17	3.34625e+17	8.58464e+15	6.11177e+15	5.59101e+15	2.44664e+15	1.54801e+15	3.09602e+15	4.64403e+15	6.19203e+15	7.74004e+15	9.28805e+15	1.08361e+16	1.23841e+16	1.41079e+16	2.48764e+16	3.09985e+17	4.53321e+17	3.35425	3.17717	3.17717	3.17717	3.17717	3.17717	3.17717	3.17717	3.17717	3.17717	3.17717	3.15067	2.93955	4.68867	4.68976	
92113.3	6.85852e+17	2.78788e+17	1.21999e+17	7.71895e+16	1.54379e+17	2.31568e+17	3.08758e+17	3.85947e+17	4.63137e+17	5.40326e+17	6.17516e+17	6.94232e+17	7.56333e+17	3.34617e+17	8.5846e+15	6.11149e+15	5.59067e+15	2.44649e+15	1.54792e+15	3.09583e+15	4.64375e+15	6.19166e+15	7.73958e+15	9.28749e+15	1.08354e+16	1.23833e+16	1.41186e+16	2.4858e+16	3.09989e+17	4.53321e+17	3.35814	3.18144	3.18144	3.18144	3.18144	3.18144	3.18144	3.18144	3.18144	3.18144	3.18144	3.15422	2.94142	4.68864	4.68976	
92364.7	6.85853e+17	2.78789e+17	1.21999e+17	7.71896e+16	1.54379e+17	2.31569e+17	3.08758e+17	3.85948e+17	4.63138e+17	5.40327e+17	6.17517e+17	6.94213e+17	7.56358e+17	3.34609e+17	8.58457e+15	6.11121e+15	5.59034e+15	2.44635e+15	1.54782e+15	3.09565e+15	4.64347e+15	6.19129e+15	7.73912e+15	9.28694e+15	1.08348e+16	1.23826e+16	1.41296e+16	2.48408e+16	3.09992e+17	4.53321e+17	3.36196	3.18568	3.18568	3.18568	3.18568	3.18568	3.18568	3.18568	3.18568	3.18568	3.18568	3.15775	2.94328	4.68861	4.68975	
92617.2	6.85853e+17	2.7879e+17	1.21999e+17	7.71898e+16	1.5438e+17	2.31569e+17	3.08759e+17	3.85949e+17	4.63139e+17	5.40328e+17	6.17518e+17	6.94194e+17	7.56381e+17	3.34601e+17	8.58453e+15	6.11093e+15	5.59001e+15	2.4462e+15	1.54773e+15	3.09546e+15	4.6432e+15	6.19093e+15	7.73866e+15	9.28639e+15	1.08341e+16	1.23819e+16	1.41411e+16	2.48245e+16	3.09996e+17	4.53321e+17	3.36575	3.18993	3.18993	3.18993	3.18993	3.18993	3.18993	3.18993	3.18993	3.18993	3.18993	3.1613	2.94516	4.68858	4.68975	
92869	6.85854e+17	2.7879e+17	1.21999e+17	7.71899e+16	1.5438e+17	2.3157e+17	3.0876e+17	3.8595e+17	4.6314e+17	5.40329e+17	6.17519e+17	6.94174e+17	7.56404e+17	3.34594e+17	8.5845e+15	6.11065e+15	5.58968e+15	2.44606e+15	1.54764e+15	3.09528e+15	4.64292e+15	6.19056e+15	7.7382e+15	9.28584e+15	1.08335e+16	1.23811e+16	1.4153e+16	2.48092e+16	3.09999e+17	4.53321e+17	3.36947	3.19417	3.19417	3.19417	3.19417	3.19417	3.19417	3.19417	3.19417	3.19417	3.19417	3.16482	2.94703	4.68855	4.68975	
93120.4	6.85854e+17	2.78791e+17	1.21999e+17	7.71901e+16	1.5438e+17	2.3157e+17	3.0876e+17	3.8595e+17	4.6314e+17	5.4033e+17	6.17521e+17	6.94153e+17	7.56424e+17	3.34586e+17	8.58446e+15	6.11037e+15	5.58935e+15	2.44592e+15	1.54755e+15	3.0951e+15	4.64265e+15	6.1902e+15	7.73775e+15	9.2853e+15	1.08329e+16	1.23804e+16	1.41653e+16	2.4795e+16	3.10003e+17	4.53321e+17	3.37313	3.1984	3.1984	3.1984	3.1984	3.1984	3.1984	3.1984	3.1984	3.1984	3.1984	3.16835	2.9489	4.68852	4.68974	
93372.9	6.85855e+17	2.78791e+17	1.22e+17	7.71902e+16	1.5438e+17	2.31571e+17	3.08761e+17	3.85951e+17	4.63141e+17	5.40332e+17	6.17522e+17	6.94132e+17	7.56444e+17	3.34578e+17	8.58443e+15	6.1101e+15	5.58903e+15	2.44577e+15	1.54746e+15	3.09492e+15	4.64238e+15	6.18984e+15	7.7373e+15	9.28476e+15	1.08322e+16	1.23797e+16	1.41781e+16	2.47816e+16	3.10007e+17	4.53321e+17	3.37675	3.20265	3.20265	3.20265	3.20265	3.20265	3.20265	3.20265	3.20265	3.20265	3.20265	3.17188	2.95079	4.68849	4.68974	
93624.3	6.85855e+17	2.78792e+17	1.22e+17	7.71904e+16	1.54381e+17	2.31571e+17	3.08761e+17	3.85952e+17	4.63142e+17	5.40333e+17	6.17523e+17	6.9411e+17	7.56462e+17	3.3457e+17	8.58439e+15	6.10982e+15	5.5887e+15	2.44563e+15	1.54737e+15	3.09474e+15	4.64211e+15	6.18948e+15	7.73686e+15	9.28423e+15	1.08316e+16	1.2379e+16	1.41913e+16	2.47693e+16	3.1001e+17	4.53321e+17	3.3803	3.20687	3.20687	3.20687	3.20687	3.20687	3.20687	3.20687	3.20687	3.20687	3.20687	3.17539	2.95266	4.68846	4.68973	
93876.9	6.85856e+17	2.78792e+17	1.22e+17	7.71905e+16	1.54381e+17	2.31572e+17	3.08762e+17	3.85953e+17	4.63143e+17	5.40334e+17	6.17524e+17	6.94088e+17	7.56478e+17	3.34562e+17	8.58436e+15	6.10954e+15	5.58838e+15	2.44549e+15	1.54728e+15	3.09456e+15	4.64185e+15	6.18913e+15	7.73641e+15	9.28369e+15	1.0831e+16	1.23783e+16	1.42049e+16	2.47577e+16	3.10014e+17	4.53321e+17	3.3838	3.2111	3.2111	3.2111	3.2111	3.2111	3.2111	3.2111	3.2111	3.2111	3.2111	3.17892	2.95455	4.68843	4.68973	
94128.1	6.85857e+17	2.78793e+17	1.22e+17	7.71907e+16	1.54381e+17	2.31572e+17	3.08763e+17	3.85953e+17	4.63144e+17	5.40335e+17	6.17525e+17	6.94065e+17	7.56494e+17	3.34554e+17	8.58432e+15	6.10926e+15	5.58806e+15	2.44535e+15	1.54719e+15	3.09439e+15	4.64158e+15	6.18878e+15	7.73597e+15	9.28316e+15	1.08304e+16	1.23776e+16	1.42188e+16	2.47471e+16	3.10018e+17	4.53321e+17	3.38721	3.21531	3.21531	3.21531	3.21531	3.21531	3.21531	3.21531	3.21531	3.21531	3.21531	3.18243	2.95643	4.68839	4.68972	
94380.5	6.85857e+17	2.78793e+17	1.22001e+17	7.71908e+16	1.54382e+17	2.31572e+17	3.08763e+17	3.85954e+17	4.63145e+17	5.40336e+17	6.17526e+17	6.94041e+17	7.56508e+17	3.34546e+17	8.58428e+15	6.10898e+15	5.58775e+15	2.44521e+15	1.54711e+15	3.09421e+15	4.64132e+15	6.18842e+15	7.73553e+15	9.28264e+15	1.08297e+16	1.23769e+16	1.42333e+16	2.47373e+16	3.10021e+17	4.53321e+17	3.39059	3.21953	3.21953	3.21953	3.21953	3.21953	3.21953	3.21953	3.21953	3.21953	3.21953	3.18595	2.95832	4.68836	4.68972	
94631.8	6.85858e+17	2.78794e+17	1.22001e+17	7.71909e+16	1.54382e+17	2.31573e+17	3.08764e+17	3.85955e+17	4.63146e+17	5.40337e+17	6.17528e+17	6.94017e+17	7.56521e+17	3.34538e+17	8.58425e+15	6.1087e+15	5.58743e+15	2.44507e+15	1.54702e+15	3.09404e+15	4.64106e+15	6.18808e+15	7.73509e+15	9.28211e+15	1.08291e+16	1.23762e+16	1.42481e+16	2.47284e+16	3.10025e+17	4.53321e+17	3.39388	3.22372	3.22372	3.22372	3.22372	3.22372	3.22372	3.22372	3.22372	3.22372	3.22372	3.18945	2.96021	4.68833	4.68971	
94883.4	6.85858e+17	2.78794e+17	1.22001e+17	7.71911e+16	1.54382e+17	2.31573e+17	3.08764e+17	3.85955e+17	4.63146e+17	5.40338e+17	6.17529e+17	6.93992e+17	7.56532e+17	3.3453e+17	8.58421e+15	6.10842e+15	5.58712e+15	2.44494e+15	1.54693e+15	3.09386e+15	4.6408e+15	6.18773e+15	7.73466e+15	9.28159e+15	1.08285e+16	1.23755e+16	1.42633e+16	2.47203e+16	3.10029e+17	4.53321e+17	3.39711	3.22792	3.22792	3.22792	3.22792	3.22792	3.22792	3.22792	3.22792	3.22792	3.22792	3.19295	2.9621	4.68829	4.68971	
95136	6.85859e+17	2.78795e+17	1.22001e+17	7.71912e+16	1.54382e+17	2.31574e+17	3.08765e+17	3.85956e+17	4.63147e+17	5.40339e+17	6.1753e+17	6.93967e+17	7.56543e+17	3.34522e+17	8.58417e+15	6.10813e+15	5.58681e+15	2.4448e+15	1.54685e+15	3.09369e+15	4.64054e+15	6.18738e+15	7.73423e+15	9.28107e+15	1.08279e+16	1.23748e+16	1.4279e+16	2.47129e+16	3.10033e+17	4.53321e+17	3.40029	3.23212	3.23212	3.23212	3.23212	3.23212	3.23212	3.23212	3.23212	3.23212	3.23212	3.19647	2.964	4.68826	4.6897	
95387	6.85859e+17	2.78795e+17	1.22002e+17	7.71914e+16	1.54383e+17	2.31574e+17	3.08765e+17	3.85957e+17	4.63148e+17	5.4034e+17	6.17531e+17	6.93941e+17	7.56552e+17	3.34513e+17	8.58413e+15	6.10785e+15	5.5865e+15	2.44467e+15	1.54676e+15	3.09352e+15	4.64028e+15	6.18704e+15	7.7338e+15	9.28056e+15	1.08273e+16	1.23741e+16	1.4295e+16	2.47064e+16	3.10037e+17	4.53321e+17	3.40338	3.23628	3.23628	3.23628	3.23628	3.23628	3.23628	3.23628	3.23628	3.23628	3.23628	3.19996	2.9659	4.68822	4.68969	
95639.5	6.8586e+17	2.78796e+17	1.22002e+17	7.71915e+16	1.54383e+17	2.31575e+17	3.08766e+17	3.85958e+17	4.63149e+17	5.40341e+17	6.17532e+17	6.93914e+17	7.5656e+17	3.34505e+17	8.5841e+15	6.10756e+15	5.58619e+15	2.44453e+15	1.54667e+15	3.09335e+15	4.64002e+15	6.1867e+15	7.73337e+15	9.28005e+15	1.08267e+16	1.23734e+16	1.43114e+16	2.47006e+16	3.10041e+17	4.53321e+17	3.40643	3.24047	3.24047	3.24047	3.24047	3.24047	3.24047	3.24047	3.24047	3.24047	3.24047	3.20347	2.96781	4.68819	4.68969	
95890.7	6.8586e+17	2.78796e+17	1.22002e+17	7.71916e+16	1.54383e+17	2.31575e+17	3.08767e+17	3.85958e+17	4.6315e+17	5.40342e+17	6.17533e+17	6.93887e+17	7.56566e+17	3.34497e+17	8.58406e+15	6.10727e+15	5.58589e+15	2.4444e+15	1.54659e+15	3.09318e+15	4.63977e+15	6.18636e+15	7.73295e+15	9.27954e+15	1.08261e+16	1.23727e+16	1.43282e+16	2.46957e+16	3.10044e+17	4.53321e+17	3.40941	3.24461	3.24461	3.24461	3.24461	3.24461	3.24461	3.24461	3.24461	3.24461	3.24461	3.20696	2.96971	4.68815	4.68968	
96143	6.85861e+17	2.78797e+17	1.22002e+17	7.71918e+16	1.54384e+17	2.31575e+17	3.08767e+17	3.85959e+17	4.63151e+17	5.40342e+17	6.17534e+17	6.93859e+17	7.56572e+17	3.34489e+17	8.58402e+15	6.10698e+15	5.58558e+15	2.44426e+15	1.54651e+15	3.09301e+15	4.63952e+15	6.18602e+15	7.73253e+15	9.27904e+15	1.08255e+16	1.23721e+16	1.43455e+16	2.46914e+16	3.10048e+17	4.53321e+17	3.41233	3.24877	3.24877	3.24877	3.24877	3.24877	3.24877	3.24877	3.24877	3.24877	3.24877	3.21046	2.97162	4.68811	4.68968	
96394.5	6.85862e+17	2.78797e+17	1.22002e+17	7.71919e+16	1.54384e+17	2.31576e+17	3.08768e+17	3.8596e+17	4.63152e+17	5.40343e+17	6.17535e+17	6.93831e+17	7.56577e+17	3.3448e+17	8.58398e+15	6.10669e+15	5.58528e+15	2.44413e+15	1.54642e+15	3.09285e+15	4.63927e+15	6.18569e+15	7.73211e+15	9.27854e+15	1.0825e+16	1.23714e+16	1.43631e+16	2.46879e+16	3.10052e+17	4.53321e+17	3.41519	3.2529	3.2529	3.2529	3.2529	3.2529	3.2529	3.2529	3.2529	3.2529	3.2529	3.21395	2.97353	4.68808	4.68967	
96646.4	6.85862e+17	2.78798e+17	1.22003e+17	7.71921e+16	1.54384e+17	2.31576e+17	3.08768e+17	3.8596e+17	4.63152e+17	5.40344e+17	6.17536e+17	6.93802e+17	7.5658e+17	3.34472e+17	8.58394e+15	6.1064e+15	5.58498e+15	2.444e+15	1.54634e+15	3.09268e+15	4.63902e+15	6.18536e+15	7.7317e+15	9.27804e+15	1.08244e+16	1.23707e+16	1.43811e+16	2.46851e+16	3.10056e+17	4.53321e+17	3.41799	3.25703	3.25703	3.25703	3.25703	3.25703	3.25703	3.25703	3.25703	3.25703	3.25703	3.21744	2.97545	4.68804	4.68966	
96898.3	6.85863e+17	2.78798e+17	1.22003e+17	7.71922e+16	1.54384e+17	2.31577e+17	3.08769e+17	3.85961e+17	4.63153e+17	5.40345e+17	6.17538e+17	6.93772e+17	7.56582e+17	3.34464e+17	8.5839e+15	6.1061e+15	5.58468e+15	2.44387e+15	1.54626e+15	3.09251e+15	4.63877e+15	6.18503e+15	7.73128e+15	9.27754e+15	1.08238e+16	1.23701e+16	1.43995e+16	2.46831e+16	3.1006e+17	4.53321e+17	3.42074	3.26114	3.26114	3.26114	3.26114	3.26114	3.26114	3.26114	3.26114	3.26114	3.26114	3.22092	2.97737	4.688	4.68966	
97149.3	6.85863e+17	2.78799e+17	1.22003e+17	7.71923e+16	1.54385e+17	2.31577e+17	3.08769e+17	3.85962e+17	4.63154e+17	5.40346e+17	6.17539e+17	6.93742e+17	7.56584e+17	3.34455e+17	8.58386e+15	6.10581e+15	5.58438e+15	2.44374e+15	1.54617e+15	3.09235e+15	4.63852e+15	6.1847e+15	7.73087e+15	9.27705e+15	1.08232e+16	1.23694e+16	1.44183e+16	2.46817e+16	3.10064e+17	4.53321e+17	3.42342	3.26522	3.26522	3.26522	3.26522	3.26522	3.26522	3.26522	3.26522	3.26522	3.26522	3.22439	2.97928	4.68796	4.68965	
97401.7	6.85864e+17	2.78799e+17	1.22003e+17	7.71925e+16	1.54385e+17	2.31577e+17	3.0877e+17	3.85962e+17	4.63155e+17	5.40347e+17	6.1754e+17	6.93711e+17	7.56584e+17	3.34447e+17	8.58382e+15	6.10551e+15	5.58409e+15	2.44361e+15	1.54609e+15	3.09218e+15	4.63828e+15	6.18437e+15	7.73046e+15	9.27655e+15	1.08226e+16	1.23687e+16	1.44375e+16	2.46811e+16	3.10068e+17	4.53321e+17	3.42606	3.26931	3.26931	3.26931	3.26931	3.26931	3.26931	3.26931	3.26931	3.26931	3.26931	3.22788	2.98122	4.68792	4.68964	
97652.8	6.85864e+17	2.788e+17	1.22003e+17	7.71926e+16	1.54385e+17	2.31578e+17	3.0877e+17	3.85963e+17	4.63156e+17	5.40348e+17	6.17541e+17	6.9368e+17	7.56583e+17	3.34438e+17	8.58378e+15	6.10521e+15	5.58379e+15	2.44348e+15	1.54601e+15	3.09202e+15	4.63803e+15	6.18404e+15	7.73006e+15	9.27607e+15	1.08221e+16	1.23681e+16	1.44571e+16	2.46811e+16	3.10072e+17	4.53321e+17	3.42864	3.27336	3.27336	3.27336	3.27336	3.27336	3.27336	3.27336	3.27336	3.27336	3.27336	3.23134	2.98314	4.68788	4.68964	
97905.1	6.85865e+17	2.788e+17	1.22004e+17	7.71927e+16	1.54385e+17	2.31578e+17	3.08771e+17	3.85964e+17	4.63156e+17	5.40349e+17	6.17542e+17	6.93648e+17	7.56581e+17	3.34429e+17	8.58374e+15	6.10491e+15	5.5835e+15	2.44335e+15	1.54593e+15	3.09186e+15	4.63779e+15	6.18372e+15	7.72965e+15	9.27558e+15	1.08215e+16	1.23674e+16	1.44771e+16	2.46819e+16	3.10076e+17	4.53321e+17	3.43118	3.27741	3.27741	3.27741	3.27741	3.27741	3.27741	3.27741	3.27741	3.27741	3.27741	3.23482	2.98507	4.68784	4.68963	
98156.6	6.85866e+17	2.78801e+17	1.22004e+17	7.71929e+16	1.54386e+17	2.31579e+17	3.08771e+17	3.85964e+17	4.63157e+17	5.4035e+17	6.17543e+17	6.93616e+17	7.56578e+17	3.34421e+17	8.5837e+15	6.10461e+15	5.58321e+15	2.44323e+15	1.54585e+15	3.0917e+15	4.63755e+15	6.1834e+15	7.72925e+15	9.2751e+15	1.08209e+16	1.23668e+16	1.44974e+16	2.46833e+16	3.10081e+17	4.53321e+17	3.43367	3.28143	3.28143	3.28143	3.28143	3.28143	3.28143	3.28143	3.28143	3.28143	3.28143	3.23828	2.98701	4.6878	4.68962	
98407.8	6.85866e+17	2.78801e+17	1.22004e+17	7.7193e+16	1.54386e+17	2.31579e+17	3.08772e+17	3.85965e+17	4.63158e+17	5.40351e+17	6.17544e+17	6.93582e+17	7.56574e+17	3.34412e+17	8.58366e+15	6.1043e+15	5.58292e+15	2.4431e+15	1.54577e+15	3.09154e+15	4.63731e+15	6.18308e+15	7.72885e+15	9.27462e+15	1.08204e+16	1.23662e+16	1.45181e+16	2.46853e+16	3.10085e+17	4.53321e+17	3.43611	3.28543	3.28543	3.28543	3.28543	3.28543	3.28543	3.28543	3.28543	3.28543	3.28543	3.24173	2.98894	4.68775	4.68961	
98660	6.85867e+17	2.78802e+17	1.22004e+17	7.71931e+16	1.54386e+17	2.31579e+17	3.08773e+17	3.85966e+17	4.63159e+17	5.40352e+17	6.17545e+17	6.93549e+17	7.56569e+17	3.34403e+17	8.58362e+15	6.104e+15	5.58263e+15	2.44297e+15	1.54569e+15	3.09138e+15	4.63707e+15	6.18276e+15	7.72845e+15	9.27414e+15	1.08198e+16	1.23655e+16	1.45393e+16	2.46881e+16	3.10089e+17	4.53321e+17	3.43851	3.28942	3.28942	3.28942	3.28942	3.28942	3.28942	3.28942	3.28942	3.28942	3.28942	3.24518	2.99089	4.68771	4.6896	
98911.4	6.85867e+17	2.78802e+17	1.22005e+17	7.71933e+16	1.54387e+17	2.3158e+17	3.08773e+17	3.85966e+17	4.6316e+17	5.40353e+17	6.17546e+17	6.93514e+17	7.56563e+17	3.34395e+17	8.58358e+15	6.10369e+15	5.58234e+15	2.44285e+15	1.54561e+15	3.09122e+15	4.63683e+15	6.18244e+15	7.72805e+15	9.27366e+15	1.08193e+16	1.23649e+16	1.45608e+16	2.46914e+16	3.10093e+17	4.53321e+17	3.44086	3.29338	3.29338	3.29338	3.29338	3.29338	3.29338	3.29338	3.29338	3.29338	3.29338	3.24862	2.99283	4.68767	4.6896	
99163.8	6.85868e+17	2.78803e+17	1.22005e+17	7.71934e+16	1.54387e+17	2.3158e+17	3.08774e+17	3.85967e+17	4.6316e+17	5.40354e+17	6.17547e+17	6.93479e+17	7.56556e+17	3.34386e+17	8.58354e+15	6.10338e+15	5.58206e+15	2.44272e+15	1.54553e+15	3.09106e+15	4.63659e+15	6.18212e+15	7.72765e+15	9.27318e+15	1.08187e+16	1.23642e+16	1.45828e+16	2.46955e+16	3.10097e+17	4.53321e+17	3.44319	3.29733	3.29733	3.29733	3.29733	3.29733	3.29733	3.29733	3.29733	3.29733	3.29733	3.25207	2.99478	4.68762	4.68959	
99414.8	6.85868e+17	2.78803e+17	1.22005e+17	7.71935e+16	1.54387e+17	2.31581e+17	3.08774e+17	3.85968e+17	4.63161e+17	5.40355e+17	6.17548e+17	6.93444e+17	7.56548e+17	3.34377e+17	8.5835e+15	6.10308e+15	5.58177e+15	2.4426e+15	1.54545e+15	3.0909e+15	4.63636e+15	6.18181e+15	7.72726e+15	9.27271e+15	1.08182e+16	1.23636e+16	1.46051e+16	2.47002e+16	3.10102e+17	4.53321e+17	3.44546	3.30123	3.30123	3.30123	3.30123	3.30123	3.30123	3.30123	3.30123	3.30123	3.30123	3.25549	2.99673	4.68758	4.68958	
99667.2	6.85869e+17	2.78804e+17	1.22005e+17	7.71937e+16	1.54387e+17	2.31581e+17	3.08775e+17	3.85968e+17	4.63162e+17	5.40356e+17	6.17549e+17	6.93407e+17	7.56538e+17	3.34368e+17	8.58346e+15	6.10277e+15	5.58149e+15	2.44247e+15	1.54537e+15	3.09075e+15	4.63612e+15	6.18149e+15	7.72687e+15	9.27224e+15	1.08176e+16	1.2363e+16	1.46278e+16	2.47055e+16	3.10106e+17	4.53321e+17	3.44771	3.30513	3.30513	3.30513	3.30513	3.30513	3.30513	3.30513	3.30513	3.30513	3.30513	3.25893	2.99869	4.68753	4.68957	
99918.4	6.8587e+17	2.78804e+17	1.22005e+17	7.71938e+16	1.54388e+17	2.31581e+17	3.08775e+17	3.85969e+17	4.63163e+17	5.40356e+17	6.1755e+17	6.9337e+17	7.56528e+17	3.34359e+17	8.58342e+15	6.10246e+15	5.58121e+15	2.44235e+15	1.5453e+15	3.09059e+15	4.63589e+15	6.18118e+15	7.72648e+15	9.27177e+15	1.08171e+16	1.23624e+16	1.46509e+16	2.47115e+16	3.1011e+17	4.53321e+17	3.44991	3.30899	3.30899	3.30899	3.30899	3.30899	3.30899	3.30899	3.30899	3.30899	3.30899	3.26233	3.00064	4.68748	4.68956	
100170	6.8587e+17	2.78804e+17	1.22006e+17	7.71939e+16	1.54388e+17	2.31582e+17	3.08776e+17	3.8597e+17	4.63163e+17	5.40357e+17	6.17551e+17	6.93333e+17	7.56517e+17	3.3435e+17	8.58337e+15	6.10215e+15	5.58093e+15	2.44223e+15	1.54522e+15	3.09044e+15	4.63565e+15	6.18087e+15	7.72609e+15	9.27131e+15	1.08165e+16	1.23617e+16	1.46744e+16	2.4718e+16	3.10114e+17	4.53321e+17	3.45208	3.31282	3.31282	3.31282	3.31282	3.31282	3.31282	3.31282	3.31282	3.31282	3.31282	3.26574	3.0026	4.68744	4.68955	
100423	6.85871e+17	2.78805e+17	1.22006e+17	7.7194e+16	1.54388e+17	2.31582e+17	3.08776e+17	3.8597e+17	4.63164e+17	5.40358e+17	6.17552e+17	6.93295e+17	7.56505e+17	3.34341e+17	8.58333e+15	6.10184e+15	5.58065e+15	2.44211e+15	1.54514e+15	3.09028e+15	4.63542e+15	6.18056e+15	7.7257e+15	9.27084e+15	1.0816e+16	1.23611e+16	1.46984e+16	2.47253e+16	3.10119e+17	4.53321e+17	3.45423	3.31665	3.31665	3.31665	3.31665	3.31665	3.31665	3.31665	3.31665	3.31665	3.31665	3.26915	3.00457	4.68739	4.68954	
100673	6.85871e+17	2.78805e+17	1.22006e+17	7.71942e+16	1.54388e+17	2.31582e+17	3.08777e+17	3.85971e+17	4.63165e+17	5.40359e+17	6.17553e+17	6.93256e+17	7.56492e+17	3.34332e+17	8.58329e+15	6.10153e+15	5.58037e+15	2.44198e+15	1.54506e+15	3.09013e+15	4.63519e+15	6.18025e+15	7.72531e+15	9.27038e+15	1.08154e+16	1.23605e+16	1.47226e+16	2.47331e+16	3.10123e+17	4.53321e+17	3.45634	3.32042	3.32042	3.32042	3.32042	3.32042	3.32042	3.32042	3.32042	3.32042	3.32042	3.27253	3.00654	4.68734	4.68953	
100926	6.85872e+17	2.78806e+17	1.22006e+17	7.71943e+16	1.54389e+17	2.31583e+17	3.08777e+17	3.85971e+17	4.63166e+17	5.4036e+17	6.17554e+17	6.93217e+17	7.56478e+17	3.34323e+17	8.58325e+15	6.10122e+15	5.58009e+15	2.44186e+15	1.54499e+15	3.08997e+15	4.63496e+15	6.17994e+15	7.72493e+15	9.26991e+15	1.08149e+16	1.23599e+16	1.47473e+16	2.47416e+16	3.10127e+17	4.53321e+17	3.45843	3.32418	3.32418	3.32418	3.32418	3.32418	3.32418	3.32418	3.32418	3.32418	3.32418	3.27592	3.00851	4.68729	4.68952	
101177	6.85873e+17	2.78806e+17	1.22006e+17	7.71944e+16	1.54389e+17	2.31583e+17	3.08778e+17	3.85972e+17	4.63166e+17	5.40361e+17	6.17555e+17	6.93177e+17	7.56463e+17	3.34313e+17	8.58321e+15	6.1009e+15	5.57981e+15	2.44174e+15	1.54491e+15	3.08982e+15	4.63473e+15	6.17964e+15	7.72454e+15	9.26945e+15	1.08144e+16	1.23593e+16	1.47723e+16	2.47506e+16	3.10132e+17	4.53321e+17	3.46048	3.32789	3.32789	3.32789	3.32789	3.32789	3.32789	3.32789	3.32789	3.32789	3.32789	3.27928	3.01048	4.68724	4.68951	
101429	6.85873e+17	2.78807e+17	1.22007e+17	7.71945e+16	1.54389e+17	2.31584e+17	3.08778e+17	3.85973e+17	4.63167e+17	5.40362e+17	6.17556e+17	6.93136e+17	7.56447e+17	3.34304e+17	8.58316e+15	6.10059e+15	5.57953e+15	2.44162e+15	1.54483e+15	3.08966e+15	4.6345e+15	6.17933e+15	7.72416e+15	9.26899e+15	1.08138e+16	1.23587e+16	1.47978e+16	2.47603e+16	3.10136e+17	4.53321e+17	3.46252	3.33159	3.33159	3.33159	3.33159	3.33159	3.33159	3.33159	3.33159	3.33159	3.33159	3.28264	3.01246	4.68719	4.6895	
101681	6.85874e+17	2.78807e+17	1.22007e+17	7.71947e+16	1.54389e+17	2.31584e+17	3.08779e+17	3.85973e+17	4.63168e+17	5.40363e+17	6.17557e+17	6.93095e+17	7.5643e+17	3.34295e+17	8.58312e+15	6.10028e+15	5.57926e+15	2.4415e+15	1.54476e+15	3.08951e+15	4.63427e+15	6.17902e+15	7.72378e+15	9.26853e+15	1.08133e+16	1.2358e+16	1.48236e+16	2.47706e+16	3.10141e+17	4.53321e+17	3.46452	3.33524	3.33524	3.33524	3.33524	3.33524	3.33524	3.33524	3.33524	3.33524	3.33524	3.28598	3.01444	4.68714	4.68949	
101933	6.85874e+17	2.78808e+17	1.22007e+17	7.71948e+16	1.5439e+17	2.31584e+17	3.08779e+17	3.85974e+17	4.63169e+17	5.40364e+17	6.17558e+17	6.93054e+17	7.56412e+17	3.34285e+17	8.58308e+15	6.09997e+15	5.57898e+15	2.44138e+15	1.54468e+15	3.08936e+15	4.63404e+15	6.17872e+15	7.7234e+15	9.26808e+15	1.08128e+16	1.23574e+16	1.48498e+16	2.47815e+16	3.10145e+17	4.53321e+17	3.46651	3.33887	3.33887	3.33887	3.33887	3.33887	3.33887	3.33887	3.33887	3.33887	3.33887	3.28932	3.01642	4.68708	4.68948	
102185	6.85875e+17	2.78808e+17	1.22007e+17	7.71949e+16	1.5439e+17	2.31585e+17	3.0878e+17	3.85975e+17	4.6317e+17	5.40364e+17	6.17559e+17	6.93011e+17	7.56394e+17	3.34276e+17	8.58304e+15	6.09965e+15	5.57871e+15	2.44126e+15	1.5446e+15	3.08921e+15	4.63381e+15	6.17841e+15	7.72301e+15	9.26762e+15	1.08122e+16	1.23568e+16	1.48764e+16	2.47931e+16	3.1015e+17	4.53321e+17	3.46848	3.34246	3.34246	3.34246	3.34246	3.34246	3.34246	3.34246	3.34246	3.34246	3.34246	3.29264	3.01841	4.68703	4.68946	
102436	6.85876e+17	2.78809e+17	1.22007e+17	7.7195e+16	1.5439e+17	2.31585e+17	3.0878e+17	3.85975e+17	4.6317e+17	5.40365e+17	6.1756e+17	6.92969e+17	7.56374e+17	3.34266e+17	8.58299e+15	6.09934e+15	5.57843e+15	2.44114e+15	1.54453e+15	3.08905e+15	4.63358e+15	6.17811e+15	7.72264e+15	9.26716e+15	1.08117e+16	1.23562e+16	1.49032e+16	2.48051e+16	3.10154e+17	4.53321e+17	3.47042	3.34601	3.34601	3.34601	3.34601	3.34601	3.34601	3.34601	3.34601	3.34601	3.34601	3.29594	3.02039	4.68698	4.68945	
102688	6.85876e+17	2.78809e+17	1.22008e+17	7.71952e+16	1.5439e+17	2.31586e+17	3.08781e+17	3.85976e+17	4.63171e+17	5.40366e+17	6.17561e+17	6.92925e+17	7.56353e+17	3.34257e+17	8.58295e+15	6.09903e+15	5.57816e+15	2.44102e+15	1.54445e+15	3.0889e+15	4.63335e+15	6.1778e+15	7.72226e+15	9.26671e+15	1.08112e+16	1.23556e+16	1.49306e+16	2.48179e+16	3.10159e+17	4.53321e+17	3.47235	3.34954	3.34954	3.34954	3.34954	3.34954	3.34954	3.34954	3.34954	3.34954	3.34954	3.29924	3.02238	4.68692	4.68944	
102939	6.85877e+17	2.78809e+17	1.22008e+17	7.71953e+16	1.54391e+17	2.31586e+17	3.08781e+17	3.85976e+17	4.63172e+17	5.40367e+17	6.17562e+17	6.92881e+17	7.56331e+17	3.34247e+17	8.58291e+15	6.09872e+15	5.57789e+15	2.4409e+15	1.54438e+15	3.08875e+15	4.63313e+15	6.1775e+15	7.72188e+15	9.26625e+15	1.08106e+16	1.2355e+16	1.49581e+16	2.48312e+16	3.10163e+17	4.53321e+17	3.47425	3.35302	3.35302	3.35302	3.35302	3.35302	3.35302	3.35302	3.35302	3.35302	3.35302	3.30251	3.02437	4.68686	4.68943	
103192	6.85877e+17	2.7881e+17	1.22008e+17	7.71954e+16	1.54391e+17	2.31586e+17	3.08782e+17	3.85977e+17	4.63173e+17	5.40368e+17	6.17563e+17	6.92837e+17	7.56309e+17	3.34238e+17	8.58287e+15	6.0984e+15	5.57761e+15	2.44078e+15	1.5443e+15	3.0886e+15	4.6329e+15	6.1772e+15	7.7215e+15	9.2658e+15	1.08101e+16	1.23544e+16	1.49862e+16	2.48451e+16	3.10168e+17	4.53321e+17	3.47615	3.35648	3.35648	3.35648	3.35648	3.35648	3.35648	3.35648	3.35648	3.35648	3.35648	3.30578	3.02637	4.68681	4.68941	
103443	6.85878e+17	2.7881e+17	1.22008e+17	7.71955e+16	1.54391e+17	2.31587e+17	3.08782e+17	3.85978e+17	4.63173e+17	5.40369e+17	6.17564e+17	6.92792e+17	7.56285e+17	3.34228e+17	8.58282e+15	6.09809e+15	5.57734e+15	2.44066e+15	1.54422e+15	3.08845e+15	4.63267e+15	6.1769e+15	7.72112e+15	9.26534e+15	1.08096e+16	1.23538e+16	1.50145e+16	2.48597e+16	3.10173e+17	4.53321e+17	3.47803	3.3599	3.3599	3.3599	3.3599	3.3599	3.3599	3.3599	3.3599	3.3599	3.3599	3.30902	3.02837	4.68675	4.6894	
103695	6.85879e+17	2.78811e+17	1.22008e+17	7.71957e+16	1.54391e+17	2.31587e+17	3.08783e+17	3.85978e+17	4.63174e+17	5.4037e+17	6.17565e+17	6.92746e+17	7.56261e+17	3.34218e+17	8.58278e+15	6.09778e+15	5.57707e+15	2.44054e+15	1.54415e+15	3.0883e+15	4.63245e+15	6.17659e+15	7.72074e+15	9.26489e+15	1.0809e+16	1.23532e+16	1.50431e+16	2.48747e+16	3.10177e+17	4.53321e+17	3.47988	3.36327	3.36327	3.36327	3.36327	3.36327	3.36327	3.36327	3.36327	3.36327	3.36327	3.31225	3.03036	4.68669	4.68939	
103947	6.85879e+17	2.78811e+17	1.22009e+17	7.71958e+16	1.54392e+17	2.31587e+17	3.08783e+17	3.85979e+17	4.63175e+17	5.40371e+17	6.17566e+17	6.927e+17	7.56235e+17	3.34209e+17	8.58274e+15	6.09747e+15	5.57679e+15	2.44042e+15	1.54407e+15	3.08815e+15	4.63222e+15	6.17629e+15	7.72037e+15	9.26444e+15	1.08085e+16	1.23526e+16	1.50721e+16	2.48905e+16	3.10182e+17	4.53321e+17	3.48174	3.36662	3.36662	3.36662	3.36662	3.36662	3.36662	3.36662	3.36662	3.36662	3.36662	3.31547	3.03237	4.68663	4.68937	
104198	6.8588e+17	2.78812e+17	1.22009e+17	7.71959e+16	1.54392e+17	2.31588e+17	3.08784e+17	3.8598e+17	4.63176e+17	5.40371e+17	6.17567e+17	6.92654e+17	7.56209e+17	3.34199e+17	8.58269e+15	6.09716e+15	5.57652e+15	2.4403e+15	1.544e+15	3.088e+15	4.63199e+15	6.17599e+15	7.71999e+15	9.26399e+15	1.0808e+16	1.2352e+16	1.51013e+16	2.49068e+16	3.10187e+17	4.53321e+17	3.48357	3.36992	3.36992	3.36992	3.36992	3.36992	3.36992	3.36992	3.36992	3.36992	3.36992	3.31867	3.03437	4.68657	4.68936	
104451	6.8588e+17	2.78812e+17	1.22009e+17	7.7196e+16	1.54392e+17	2.31588e+17	3.08784e+17	3.8598e+17	4.63176e+17	5.40372e+17	6.17568e+17	6.92607e+17	7.56182e+17	3.34189e+17	8.58265e+15	6.09685e+15	5.57625e+15	2.44018e+15	1.54392e+15	3.08784e+15	4.63177e+15	6.17569e+15	7.71961e+15	9.26353e+15	1.08075e+16	1.23514e+16	1.51309e+16	2.49237e+16	3.10191e+17	4.53321e+17	3.48539	3.3732	3.3732	3.3732	3.3732	3.3732	3.3732	3.3732	3.3732	3.3732	3.3732	3.32185	3.03639	4.68651	4.68935	
104702	6.85881e+17	2.78813e+17	1.22009e+17	7.71962e+16	1.54392e+17	2.31589e+17	3.08785e+17	3.85981e+17	4.63177e+17	5.40373e+17	6.17569e+17	6.92559e+17	7.56153e+17	3.34179e+17	8.58261e+15	6.09654e+15	5.57598e+15	2.44006e+15	1.54385e+15	3.08769e+15	4.63154e+15	6.17539e+15	7.71924e+15	9.26308e+15	1.08069e+16	1.23508e+16	1.51607e+16	2.49412e+16	3.10196e+17	4.53321e+17	3.4872	3.37642	3.37642	3.37642	3.37642	3.37642	3.37642	3.37642	3.37642	3.37642	3.37642	3.32501	3.03839	4.68645	4.68933	
104955	6.85881e+17	2.78813e+17	1.22009e+17	7.71963e+16	1.54393e+17	2.31589e+17	3.08785e+17	3.85981e+17	4.63178e+17	5.40374e+17	6.1757e+17	6.92511e+17	7.56124e+17	3.34169e+17	8.58257e+15	6.09623e+15	5.5757e+15	2.43994e+15	1.54377e+15	3.08754e+15	4.63131e+15	6.17509e+15	7.71886e+15	9.26263e+15	1.08064e+16	1.23502e+16	1.51909e+16	2.49593e+16	3.10201e+17	4.53321e+17	3.489	3.37963	3.37963	3.37963	3.37963	3.37963	3.37963	3.37963	3.37963	3.37963	3.37963	3.32816	3.04041	4.68638	4.68931	
105206	6.85882e+17	2.78814e+17	1.2201e+17	7.71964e+16	1.54393e+17	2.31589e+17	3.08786e+17	3.85982e+17	4.63178e+17	5.40375e+17	6.17571e+17	6.92463e+17	7.56094e+17	3.34159e+17	8.58252e+15	6.09592e+15	5.57543e+15	2.43982e+15	1.5437e+15	3.08739e+15	4.63109e+15	6.17479e+15	7.71848e+15	9.26218e+15	1.08059e+16	1.23496e+16	1.52212e+16	2.4978e+16	3.10206e+17	4.53321e+17	3.49079	3.38278	3.38278	3.38278	3.38278	3.38278	3.38278	3.38278	3.38278	3.38278	3.38278	3.33128	3.04242	4.68632	4.6893	
105457	6.85883e+17	2.78814e+17	1.2201e+17	7.71965e+16	1.54393e+17	2.3159e+17	3.08786e+17	3.85983e+17	4.63179e+17	5.40376e+17	6.17572e+17	6.92415e+17	7.56063e+17	3.34149e+17	8.58248e+15	6.09561e+15	5.57516e+15	2.4397e+15	1.54362e+15	3.08724e+15	4.63086e+15	6.17448e+15	7.71811e+15	9.26173e+15	1.08053e+16	1.2349e+16	1.52518e+16	2.49972e+16	3.1021e+17	4.53321e+17	3.49256	3.38589	3.38589	3.38589	3.38589	3.38589	3.38589	3.38589	3.38589	3.38589	3.38589	3.33439	3.04444	4.68626	4.68928	
105710	6.85883e+17	2.78814e+17	1.2201e+17	7.71967e+16	1.54393e+17	2.3159e+17	3.08787e+17	3.85983e+17	4.6318e+17	5.40377e+17	6.17573e+17	6.92366e+17	7.56031e+17	3.34139e+17	8.58244e+15	6.0953e+15	5.57489e+15	2.43959e+15	1.54355e+15	3.08709e+15	4.63064e+15	6.17418e+15	7.71773e+15	9.26127e+15	1.08048e+16	1.23484e+16	1.52827e+16	2.50172e+16	3.10215e+17	4.53321e+17	3.49434	3.38899	3.38899	3.38899	3.38899	3.38899	3.38899	3.38899	3.38899	3.38899	3.38899	3.33748	3.04646	4.68619	4.68927	
105961	6.85884e+17	2.78815e+17	1.2201e+17	7.71968e+16	1.54394e+17	2.3159e+17	3.08787e+17	3.85984e+17	4.63181e+17	5.40378e+17	6.17574e+17	6.92316e+17	7.55998e+17	3.34129e+17	8.5824e+15	6.095e+15	5.57462e+15	2.43947e+15	1.54347e+15	3.08694e+15	4.63041e+15	6.17388e+15	7.71735e+15	9.26082e+15	1.08043e+16	1.23478e+16	1.53136e+16	2.50376e+16	3.1022e+17	4.53321e+17	3.49609	3.39202	3.39202	3.39202	3.39202	3.39202	3.39202	3.39202	3.39202	3.39202	3.39202	3.34054	3.04848	4.68612	4.68925	
106214	6.85884e+17	2.78815e+17	1.2201e+17	7.71969e+16	1.54394e+17	2.31591e+17	3.08788e+17	3.85985e+17	4.63181e+17	5.40378e+17	6.17575e+17	6.92267e+17	7.55964e+17	3.34119e+17	8.58235e+15	6.09469e+15	5.57434e+15	2.43935e+15	1.54339e+15	3.08679e+15	4.63018e+15	6.17358e+15	7.71697e+15	9.26037e+15	1.08038e+16	1.23472e+16	1.5345e+16	2.50588e+16	3.10225e+17	4.53321e+17	3.49785	3.39504	3.39504	3.39504	3.39504	3.39504	3.39504	3.39504	3.39504	3.39504	3.39504	3.3436	3.05051	4.68605	4.68923	
106465	6.85885e+17	2.78816e+17	1.2201e+17	7.7197e+16	1.54394e+17	2.31591e+17	3.08788e+17	3.85985e+17	4.63182e+17	5.40379e+17	6.17576e+17	6.92217e+17	7.55929e+17	3.34109e+17	8.58231e+15	6.09438e+15	5.57407e+15	2.43923e+15	1.54332e+15	3.08664e+15	4.62996e+15	6.17328e+15	7.7166e+15	9.25992e+15	1.08032e+16	1.23466e+16	1.53763e+16	2.50804e+16	3.1023e+17	4.53321e+17	3.49959	3.398	3.398	3.398	3.398	3.398	3.398	3.398	3.398	3.398	3.398	3.34662	3.05253	4.68599	4.68922	
106718	6.85886e+17	2.78816e+17	1.22011e+17	7.71972e+16	1.54394e+17	2.31591e+17	3.08789e+17	3.85986e+17	4.63183e+17	5.4038e+17	6.17577e+17	6.92167e+17	7.55893e+17	3.34098e+17	8.58227e+15	6.09408e+15	5.5738e+15	2.43911e+15	1.54324e+15	3.08649e+15	4.62973e+15	6.17298e+15	7.71622e+15	9.25947e+15	1.08027e+16	1.2346e+16	1.5408e+16	2.51027e+16	3.10235e+17	4.53321e+17	3.50133	3.40095	3.40095	3.40095	3.40095	3.40095	3.40095	3.40095	3.40095	3.40095	3.40095	3.34963	3.05456	4.68592	4.6892	
106969	6.85886e+17	2.78817e+17	1.22011e+17	7.71973e+16	1.54395e+17	2.31592e+17	3.08789e+17	3.85986e+17	4.63184e+17	5.40381e+17	6.17578e+17	6.92116e+17	7.55857e+17	3.34088e+17	8.58223e+15	6.09377e+15	5.57353e+15	2.43899e+15	1.54317e+15	3.08634e+15	4.62951e+15	6.17268e+15	7.71584e+15	9.25901e+15	1.08022e+16	1.23454e+16	1.54396e+16	2.51256e+16	3.1024e+17	4.53321e+17	3.50306	3.40384	3.40384	3.40384	3.40384	3.40384	3.40384	3.40384	3.40384	3.40384	3.40384	3.35261	3.05659	4.68584	4.68918	
107221	6.85887e+17	2.78817e+17	1.22011e+17	7.71974e+16	1.54395e+17	2.31592e+17	3.0879e+17	3.85987e+17	4.63184e+17	5.40382e+17	6.17579e+17	6.92066e+17	7.55819e+17	3.34078e+17	8.58219e+15	6.09347e+15	5.57325e+15	2.43887e+15	1.54309e+15	3.08619e+15	4.62928e+15	6.17237e+15	7.71547e+15	9.25856e+15	1.08017e+16	1.23447e+16	1.54715e+16	2.51491e+16	3.10245e+17	4.53321e+17	3.50478	3.40671	3.40671	3.40671	3.40671	3.40671	3.40671	3.40671	3.40671	3.40671	3.40671	3.35558	3.05862	4.68577	4.68916	
107473	6.85887e+17	2.78818e+17	1.22011e+17	7.71975e+16	1.54395e+17	2.31593e+17	3.0879e+17	3.85988e+17	4.63185e+17	5.40383e+17	6.1758e+17	6.92015e+17	7.5578e+17	3.34067e+17	8.58215e+15	6.09316e+15	5.57298e+15	2.43875e+15	1.54302e+15	3.08604e+15	4.62905e+15	6.17207e+15	7.71509e+15	9.25811e+15	1.08011e+16	1.23441e+16	1.55035e+16	2.51732e+16	3.1025e+17	4.53321e+17	3.5065	3.40953	3.40953	3.40953	3.40953	3.40953	3.40953	3.40953	3.40953	3.40953	3.40953	3.35852	3.06066	4.6857	4.68914	
107724	6.85888e+17	2.78818e+17	1.22011e+17	7.71977e+16	1.54395e+17	2.31593e+17	3.08791e+17	3.85988e+17	4.63186e+17	5.40384e+17	6.17581e+17	6.91964e+17	7.5574e+17	3.34057e+17	8.5821e+15	6.09286e+15	5.57271e+15	2.43863e+15	1.54294e+15	3.08589e+15	4.62883e+15	6.17177e+15	7.71471e+15	9.25766e+15	1.08006e+16	1.23435e+16	1.55354e+16	2.51979e+16	3.10255e+17	4.53321e+17	3.5082	3.41232	3.41232	3.41232	3.41232	3.41232	3.41232	3.41232	3.41232	3.41232	3.41232	3.36143	3.06268	4.68563	4.68912	
107977	6.85888e+17	2.78818e+17	1.22012e+17	7.71978e+16	1.54396e+17	2.31593e+17	3.08791e+17	3.85989e+17	4.63187e+17	5.40384e+17	6.17582e+17	6.91913e+17	7.557e+17	3.34047e+17	8.58206e+15	6.09256e+15	5.57244e+15	2.43851e+15	1.54287e+15	3.08573e+15	4.6286e+15	6.17147e+15	7.71433e+15	9.2572e+15	1.08001e+16	1.23429e+16	1.55676e+16	2.52233e+16	3.1026e+17	4.53321e+17	3.50991	3.41508	3.41508	3.41508	3.41508	3.41508	3.41508	3.41508	3.41508	3.41508	3.41508	3.36434	3.06473	4.68555	4.6891	
108228	6.85889e+17	2.78819e+17	1.22012e+17	7.71979e+16	1.54396e+17	2.31594e+17	3.08792e+17	3.8599e+17	4.63187e+17	5.40385e+17	6.17583e+17	6.91862e+17	7.55658e+17	3.34036e+17	8.58202e+15	6.09226e+15	5.57216e+15	2.43839e+15	1.54279e+15	3.08558e+15	4.62837e+15	6.17117e+15	7.71396e+15	9.25675e+15	1.07995e+16	1.23423e+16	1.55996e+16	2.52491e+16	3.10265e+17	4.53321e+17	3.5116	3.41779	3.41779	3.41779	3.41779	3.41779	3.41779	3.41779	3.41779	3.41779	3.41779	3.36721	3.06676	4.68547	4.68908	
108481	6.8589e+17	2.78819e+17	1.22012e+17	7.7198e+16	1.54396e+17	2.31594e+17	3.08792e+17	3.8599e+17	4.63188e+17	5.40386e+17	6.17584e+17	6.91811e+17	7.55616e+17	3.34026e+17	8.58198e+15	6.09196e+15	5.57189e+15	2.43827e+15	1.54272e+15	3.08543e+15	4.62815e+15	6.17086e+15	7.71358e+15	9.25629e+15	1.0799e+16	1.23417e+16	1.56319e+16	2.52757e+16	3.1027e+17	4.53321e+17	3.5133	3.42049	3.42049	3.42049	3.42049	3.42049	3.42049	3.42049	3.42049	3.42049	3.42049	3.37007	3.0688	4.6854	4.68906	
108732	6.8589e+17	2.7882e+17	1.22012e+17	7.71982e+16	1.54396e+17	2.31594e+17	3.08793e+17	3.85991e+17	4.63189e+17	5.40387e+17	6.17585e+17	6.9176e+17	7.55572e+17	3.34015e+17	8.58194e+15	6.09166e+15	5.57162e+15	2.43815e+15	1.54264e+15	3.08528e+15	4.62792e+15	6.17056e+15	7.7132e+15	9.25584e+15	1.07985e+16	1.23411e+16	1.5664e+16	2.53029e+16	3.10275e+17	4.53321e+17	3.51498	3.42314	3.42314	3.42314	3.42314	3.42314	3.42314	3.42314	3.42314	3.42314	3.42314	3.37289	3.07084	4.68532	4.68904	
108984	6.85891e+17	2.7882e+17	1.22012e+17	7.71983e+16	1.54397e+17	2.31595e+17	3.08793e+17	3.85991e+17	4.6319e+17	5.40388e+17	6.17586e+17	6.91709e+17	7.55528e+17	3.34004e+17	8.5819e+15	6.09136e+15	5.57134e+15	2.43803e+15	1.54256e+15	3.08513e+15	4.62769e+15	6.17026e+15	7.71282e+15	9.25539e+15	1.0798e+16	1.23405e+16	1.56961e+16	2.53306e+16	3.1028e+17	4.53321e+17	3.51666	3.42575	3.42575	3.42575	3.42575	3.42575	3.42575	3.42575	3.42575	3.42575	3.42575	3.3757	3.07288	4.68524	4.68902	
109236	6.85891e+17	2.78821e+17	1.22013e+17	7.71984e+16	1.54397e+17	2.31595e+17	3.08794e+17	3.85992e+17	4.6319e+17	5.40389e+17	6.17587e+17	6.91658e+17	7.55482e+17	3.33994e+17	8.58186e+15	6.09106e+15	5.57107e+15	2.43791e+15	1.54249e+15	3.08498e+15	4.62747e+15	6.16995e+15	7.71244e+15	9.25493e+15	1.07974e+16	1.23399e+16	1.57283e+16	2.5359e+16	3.10285e+17	4.53321e+17	3.51834	3.42835	3.42835	3.42835	3.42835	3.42835	3.42835	3.42835	3.42835	3.42835	3.42835	3.37849	3.07493	4.68516	4.68899	
109488	6.85892e+17	2.78821e+17	1.22013e+17	7.71985e+16	1.54397e+17	2.31596e+17	3.08794e+17	3.85993e+17	4.63191e+17	5.4039e+17	6.17588e+17	6.91607e+17	7.55436e+17	3.33983e+17	8.58182e+15	6.09076e+15	5.5708e+15	2.4378e+15	1.54241e+15	3.08483e+15	4.62724e+15	6.16965e+15	7.71206e+15	9.25448e+15	1.07969e+16	1.23393e+16	1.57604e+16	2.5388e+16	3.1029e+17	4.53321e+17	3.52001	3.4309	3.4309	3.4309	3.4309	3.4309	3.4309	3.4309	3.4309	3.4309	3.4309	3.38125	3.07698	4.68508	4.68897	
109741	6.85892e+17	2.78822e+17	1.22013e+17	7.71987e+16	1.54397e+17	2.31596e+17	3.08795e+17	3.85993e+17	4.63192e+17	5.40391e+17	6.17589e+17	6.91556e+17	7.55388e+17	3.33972e+17	8.58179e+15	6.09046e+15	5.57052e+15	2.43767e+15	1.54234e+15	3.08467e+15	4.62701e+15	6.16935e+15	7.71168e+15	9.25402e+15	1.07964e+16	1.23387e+16	1.57925e+16	2.54177e+16	3.10295e+17	4.53321e+17	3.52168	3.43343	3.43343	3.43343	3.43343	3.43343	3.43343	3.43343	3.43343	3.43343	3.43343	3.38399	3.07903	4.685	4.68895	
109992	6.85893e+17	2.78822e+17	1.22013e+17	7.71988e+16	1.54398e+17	2.31596e+17	3.08795e+17	3.85994e+17	4.63193e+17	5.40391e+17	6.1759e+17	6.91505e+17	7.5534e+17	3.33961e+17	8.58175e+15	6.09017e+15	5.57025e+15	2.43756e+15	1.54226e+15	3.08452e+15	4.62678e+15	6.16904e+15	7.71131e+15	9.25357e+15	1.07958e+16	1.23381e+16	1.58244e+16	2.54479e+16	3.103e+17	4.53321e+17	3.52334	3.43592	3.43592	3.43592	3.43592	3.43592	3.43592	3.43592	3.43592	3.43592	3.43592	3.3867	3.08107	4.68491	4.68892	
110244	6.85893e+17	2.78822e+17	1.22013e+17	7.71989e+16	1.54398e+17	2.31597e+17	3.08796e+17	3.85995e+17	4.63193e+17	5.40392e+17	6.17591e+17	6.91455e+17	7.5529e+17	3.33951e+17	8.58171e+15	6.08987e+15	5.56997e+15	2.43744e+15	1.54219e+15	3.08437e+15	4.62656e+15	6.16874e+15	7.71093e+15	9.25311e+15	1.07953e+16	1.23375e+16	1.58563e+16	2.54789e+16	3.10305e+17	4.53321e+17	3.52501	3.43839	3.43839	3.43839	3.43839	3.43839	3.43839	3.43839	3.43839	3.43839	3.43839	3.38941	3.08313	4.68483	4.6889	
110496	6.85894e+17	2.78823e+17	1.22014e+17	7.7199e+16	1.54398e+17	2.31597e+17	3.08796e+17	3.85995e+17	4.63194e+17	5.40393e+17	6.17592e+17	6.91404e+17	7.5524e+17	3.3394e+17	8.58167e+15	6.08958e+15	5.5697e+15	2.43732e+15	1.54211e+15	3.08422e+15	4.62633e+15	6.16844e+15	7.71055e+15	9.25266e+15	1.07948e+16	1.23369e+16	1.58879e+16	2.55104e+16	3.10311e+17	4.53321e+17	3.52666	3.44082	3.44082	3.44082	3.44082	3.44082	3.44082	3.44082	3.44082	3.44082	3.44082	3.39207	3.08517	4.68474	4.68887	
110748	6.85895e+17	2.78823e+17	1.22014e+17	7.71992e+16	1.54398e+17	2.31597e+17	3.08797e+17	3.85996e+17	4.63195e+17	5.40394e+17	6.17593e+17	6.91354e+17	7.55188e+17	3.33929e+17	8.58164e+15	6.08929e+15	5.56943e+15	2.4372e+15	1.54203e+15	3.08407e+15	4.6261e+15	6.16813e+15	7.71017e+15	9.2522e+15	1.07942e+16	1.23363e+16	1.59195e+16	2.55425e+16	3.10316e+17	4.53321e+17	3.52831	3.44323	3.44323	3.44323	3.44323	3.44323	3.44323	3.44323	3.44323	3.44323	3.44323	3.39472	3.08722	4.68465	4.68885	
111000	6.85895e+17	2.78824e+17	1.22014e+17	7.71993e+16	1.54399e+17	2.31598e+17	3.08797e+17	3.85996e+17	4.63196e+17	5.40395e+17	6.17594e+17	6.91304e+17	7.55135e+17	3.33918e+17	8.5816e+15	6.08899e+15	5.56915e+15	2.43708e+15	1.54196e+15	3.08391e+15	4.62587e+15	6.16783e+15	7.70979e+15	9.25174e+15	1.07937e+16	1.23357e+16	1.5951e+16	2.55754e+16	3.10321e+17	4.53321e+17	3.52996	3.44562	3.44562	3.44562	3.44562	3.44562	3.44562	3.44562	3.44562	3.44562	3.44562	3.39735	3.08929	4.68457	4.68882	
111252	6.85896e+17	2.78824e+17	1.22014e+17	7.71994e+16	1.54399e+17	2.31598e+17	3.08798e+17	3.85997e+17	4.63196e+17	5.40396e+17	6.17595e+17	6.91255e+17	7.55082e+17	3.33907e+17	8.58156e+15	6.0887e+15	5.56888e+15	2.43696e+15	1.54188e+15	3.08376e+15	4.62565e+15	6.16753e+15	7.70941e+15	9.25129e+15	1.07932e+16	1.23351e+16	1.59822e+16	2.56088e+16	3.10326e+17	4.53321e+17	3.5316	3.44796	3.44796	3.44796	3.44796	3.44796	3.44796	3.44796	3.44796	3.44796	3.44796	3.39995	3.09133	4.68448	4.6888	
111504	6.85896e+17	2.78825e+17	1.22014e+17	7.71995e+16	1.54399e+17	2.31599e+17	3.08798e+17	3.85998e+17	4.63197e+17	5.40397e+17	6.17596e+17	6.91205e+17	7.55027e+17	3.33896e+17	8.58153e+15	6.08841e+15	5.5686e+15	2.43684e+15	1.54181e+15	3.08361e+15	4.62542e+15	6.16722e+15	7.70903e+15	9.25083e+15	1.07926e+16	1.23344e+16	1.60133e+16	2.56429e+16	3.10332e+17	4.53321e+17	3.53324	3.45029	3.45029	3.45029	3.45029	3.45029	3.45029	3.45029	3.45029	3.45029	3.45029	3.40254	3.0934	4.68439	4.68877	
111756	6.85897e+17	2.78825e+17	1.22015e+17	7.71996e+16	1.54399e+17	2.31599e+17	3.08799e+17	3.85998e+17	4.63198e+17	5.40398e+17	6.17597e+17	6.91156e+17	7.54972e+17	3.33885e+17	8.58149e+15	6.08812e+15	5.56833e+15	2.43672e+15	1.54173e+15	3.08346e+15	4.62519e+15	6.16692e+15	7.70865e+15	9.25038e+15	1.07921e+16	1.23338e+16	1.60441e+16	2.56776e+16	3.10337e+17	4.53321e+17	3.53488	3.45258	3.45258	3.45258	3.45258	3.45258	3.45258	3.45258	3.45258	3.45258	3.45258	3.40509	3.09545	4.68429	4.68874	
112008	6.85897e+17	2.78826e+17	1.22015e+17	7.71998e+16	1.544e+17	2.31599e+17	3.08799e+17	3.85999e+17	4.63199e+17	5.40398e+17	6.17598e+17	6.91107e+17	7.54915e+17	3.33874e+17	8.58146e+15	6.08783e+15	5.56805e+15	2.4366e+15	1.54165e+15	3.08331e+15	4.62496e+15	6.16661e+15	7.70827e+15	9.24992e+15	1.07916e+16	1.23332e+16	1.60748e+16	2.57131e+16	3.10342e+17	4.53321e+17	3.53651	3.45486	3.45486	3.45486	3.45486	3.45486	3.45486	3.45486	3.45486	3.45486	3.45486	3.40763	3.09751	4.6842	4.68871	
112260	6.85898e+17	2.78826e+17	1.22015e+17	7.71999e+16	1.544e+17	2.316e+17	3.088e+17	3.85999e+17	4.63199e+17	5.40399e+17	6.17599e+17	6.91059e+17	7.54858e+17	3.33863e+17	8.58142e+15	6.08754e+15	5.56778e+15	2.43648e+15	1.54158e+15	3.08316e+15	4.62473e+15	6.16631e+15	7.70789e+15	9.24947e+15	1.0791e+16	1.23326e+16	1.61052e+16	2.57491e+16	3.10348e+17	4.53321e+17	3.53814	3.45711	3.45711	3.45711	3.45711	3.45711	3.45711	3.45711	3.45711	3.45711	3.45711	3.41015	3.09957	4.68411	4.68868	
112512	6.85898e+17	2.78827e+17	1.22015e+17	7.72e+16	1.544e+17	2.316e+17	3.088e+17	3.86e+17	4.632e+17	5.404e+17	6.176e+17	6.91011e+17	7.54799e+17	3.33852e+17	8.58139e+15	6.08725e+15	5.56751e+15	2.43635e+15	1.5415e+15	3.083e+15	4.62451e+15	6.16601e+15	7.70751e+15	9.24901e+15	1.07905e+16	1.2332e+16	1.61353e+16	2.57858e+16	3.10353e+17	4.53321e+17	3.53977	3.45933	3.45933	3.45933	3.45933	3.45933	3.45933	3.45933	3.45933	3.45933	3.45933	3.41264	3.10163	4.68401	4.68865	
112765	6.85899e+17	2.78827e+17	1.22015e+17	7.72001e+16	1.544e+17	2.316e+17	3.08801e+17	3.86001e+17	4.63201e+17	5.40401e+17	6.17601e+17	6.90964e+17	7.54739e+17	3.3384e+17	8.58136e+15	6.08696e+15	5.56723e+15	2.43623e+15	1.54143e+15	3.08285e+15	4.62428e+15	6.1657e+15	7.70713e+15	9.24855e+15	1.079e+16	1.23314e+16	1.61652e+16	2.58232e+16	3.10358e+17	4.53321e+17	3.54139	3.46154	3.46154	3.46154	3.46154	3.46154	3.46154	3.46154	3.46154	3.46154	3.46154	3.41511	3.10369	4.68392	4.68862	
113016	6.859e+17	2.78827e+17	1.22016e+17	7.72003e+16	1.54401e+17	2.31601e+17	3.08801e+17	3.86001e+17	4.63202e+17	5.40402e+17	6.17602e+17	6.90917e+17	7.54678e+17	3.33829e+17	8.58133e+15	6.08668e+15	5.56696e+15	2.43612e+15	1.54135e+15	3.0827e+15	4.62405e+15	6.1654e+15	7.70675e+15	9.2481e+15	1.07895e+16	1.23308e+16	1.61947e+16	2.58611e+16	3.10364e+17	4.53321e+17	3.54301	3.46371	3.46371	3.46371	3.46371	3.46371	3.46371	3.46371	3.46371	3.46371	3.46371	3.41756	3.10574	4.68382	4.68859	
113269	6.859e+17	2.78828e+17	1.22016e+17	7.72004e+16	1.54401e+17	2.31601e+17	3.08802e+17	3.86002e+17	4.63202e+17	5.40403e+17	6.17603e+17	6.9087e+17	7.54616e+17	3.33818e+17	8.5813e+15	6.08639e+15	5.56668e+15	2.43599e+15	1.54127e+15	3.08255e+15	4.62382e+15	6.1651e+15	7.70637e+15	9.24764e+15	1.07889e+16	1.23302e+16	1.62241e+16	2.58999e+16	3.10369e+17	4.53321e+17	3.54463	3.46587	3.46587	3.46587	3.46587	3.46587	3.46587	3.46587	3.46587	3.46587	3.46587	3.41999	3.10781	4.68372	4.68856	
113520	6.85901e+17	2.78828e+17	1.22016e+17	7.72005e+16	1.54401e+17	2.31602e+17	3.08802e+17	3.86003e+17	4.63203e+17	5.40404e+17	6.17604e+17	6.90824e+17	7.54554e+17	3.33807e+17	8.58127e+15	6.08611e+15	5.56641e+15	2.43588e+15	1.5412e+15	3.0824e+15	4.62359e+15	6.16479e+15	7.70599e+15	9.24719e+15	1.07884e+16	1.23296e+16	1.62531e+16	2.59391e+16	3.10374e+17	4.53321e+17	3.54624	3.468	3.468	3.468	3.468	3.468	3.468	3.468	3.468	3.468	3.468	3.42239	3.10987	4.68362	4.68853	
113773	6.85901e+17	2.78829e+17	1.22016e+17	7.72006e+16	1.54401e+17	2.31602e+17	3.08803e+17	3.86003e+17	4.63204e+17	5.40405e+17	6.17605e+17	6.90779e+17	7.5449e+17	3.33795e+17	8.58124e+15	6.08582e+15	5.56614e+15	2.43576e+15	1.54112e+15	3.08224e+15	4.62337e+15	6.16449e+15	7.70561e+15	9.24673e+15	1.07879e+16	1.2329e+16	1.62818e+16	2.59792e+16	3.1038e+17	4.53321e+17	3.54785	3.47011	3.47011	3.47011	3.47011	3.47011	3.47011	3.47011	3.47011	3.47011	3.47011	3.42478	3.11193	4.68352	4.6885	
114024	6.85902e+17	2.78829e+17	1.22016e+17	7.72008e+16	1.54402e+17	2.31602e+17	3.08803e+17	3.86004e+17	4.63205e+17	5.40405e+17	6.17606e+17	6.90734e+17	7.54425e+17	3.33784e+17	8.58121e+15	6.08554e+15	5.56586e+15	2.43564e+15	1.54105e+15	3.08209e+15	4.62314e+15	6.16419e+15	7.70523e+15	9.24628e+15	1.07873e+16	1.23284e+16	1.63101e+16	2.60199e+16	3.10385e+17	4.53321e+17	3.54946	3.47221	3.47221	3.47221	3.47221	3.47221	3.47221	3.47221	3.47221	3.47221	3.47221	3.42715	3.114	4.68341	4.68847	
114276	6.85902e+17	2.7883e+17	1.22017e+17	7.72009e+16	1.54402e+17	2.31603e+17	3.08804e+17	3.86004e+17	4.63205e+17	5.40406e+17	6.17607e+17	6.90689e+17	7.54359e+17	3.33773e+17	8.58118e+15	6.08526e+15	5.56559e+15	2.43552e+15	1.54097e+15	3.08194e+15	4.62291e+15	6.16388e+15	7.70485e+15	9.24583e+15	1.07868e+16	1.23278e+16	1.63381e+16	2.60612e+16	3.10391e+17	4.53321e+17	3.55106	3.47428	3.47428	3.47428	3.47428	3.47428	3.47428	3.47428	3.47428	3.47428	3.47428	3.42949	3.11606	4.68331	4.68843	
114529	6.85903e+17	2.7883e+17	1.22017e+17	7.7201e+16	1.54402e+17	2.31603e+17	3.08804e+17	3.86005e+17	4.63206e+17	5.40407e+17	6.17608e+17	6.90645e+17	7.54291e+17	3.33761e+17	8.58115e+15	6.08498e+15	5.56532e+15	2.4354e+15	1.5409e+15	3.08179e+15	4.62269e+15	6.16358e+15	7.70448e+15	9.24537e+15	1.07863e+16	1.23272e+16	1.63659e+16	2.61033e+16	3.10396e+17	4.53321e+17	3.55267	3.47633	3.47633	3.47633	3.47633	3.47633	3.47633	3.47633	3.47633	3.47633	3.47633	3.43182	3.11812	4.6832	4.6884	
114780	6.85903e+17	2.78831e+17	1.22017e+17	7.72011e+16	1.54402e+17	2.31603e+17	3.08805e+17	3.86006e+17	4.63207e+17	5.40408e+17	6.17609e+17	6.90602e+17	7.54223e+17	3.3375e+17	8.58112e+15	6.0847e+15	5.56504e+15	2.43528e+15	1.54082e+15	3.08164e+15	4.62246e+15	6.16328e+15	7.7041e+15	9.24492e+15	1.07857e+16	1.23266e+16	1.63932e+16	2.6146e+16	3.10402e+17	4.53321e+17	3.55426	3.47837	3.47837	3.47837	3.47837	3.47837	3.47837	3.47837	3.47837	3.47837	3.47837	3.43412	3.12018	4.6831	4.68836	
115033	6.85904e+17	2.78831e+17	1.22017e+17	7.72013e+16	1.54403e+17	2.31604e+17	3.08805e+17	3.86006e+17	4.63208e+17	5.40409e+17	6.1761e+17	6.90559e+17	7.54154e+17	3.33738e+17	8.5811e+15	6.08442e+15	5.56477e+15	2.43516e+15	1.54074e+15	3.08149e+15	4.62223e+15	6.16298e+15	7.70372e+15	9.24446e+15	1.07852e+16	1.2326e+16	1.64202e+16	2.61895e+16	3.10407e+17	4.53321e+17	3.55586	3.48039	3.48039	3.48039	3.48039	3.48039	3.48039	3.48039	3.48039	3.48039	3.48039	3.43641	3.12225	4.68299	4.68833	
115285	6.85904e+17	2.78831e+17	1.22017e+17	7.72014e+16	1.54403e+17	2.31604e+17	3.08806e+17	3.86007e+17	4.63208e+17	5.4041e+17	6.17611e+17	6.90516e+17	7.54083e+17	3.33727e+17	8.58107e+15	6.08414e+15	5.5645e+15	2.43504e+15	1.54067e+15	3.08134e+15	4.62201e+15	6.16267e+15	7.70334e+15	9.24401e+15	1.07847e+16	1.23253e+16	1.64467e+16	2.62335e+16	3.10413e+17	4.53321e+17	3.55745	3.48239	3.48239	3.48239	3.48239	3.48239	3.48239	3.48239	3.48239	3.48239	3.48239	3.43867	3.12431	4.68288	4.68829	
115537	6.85905e+17	2.78832e+17	1.22018e+17	7.72015e+16	1.54403e+17	2.31605e+17	3.08806e+17	3.86008e+17	4.63209e+17	5.40411e+17	6.17612e+17	6.90475e+17	7.54012e+17	3.33716e+17	8.58105e+15	6.08386e+15	5.56422e+15	2.43492e+15	1.54059e+15	3.08119e+15	4.62178e+15	6.16237e+15	7.70296e+15	9.24356e+15	1.07842e+16	1.23247e+16	1.6473e+16	2.62784e+16	3.10418e+17	4.53321e+17	3.55905	3.48437	3.48437	3.48437	3.48437	3.48437	3.48437	3.48437	3.48437	3.48437	3.48437	3.44093	3.12638	4.68277	4.68825	
115789	6.85905e+17	2.78832e+17	1.22018e+17	7.72016e+16	1.54403e+17	2.31605e+17	3.08807e+17	3.86008e+17	4.6321e+17	5.40411e+17	6.17613e+17	6.90434e+17	7.53939e+17	3.33704e+17	8.58103e+15	6.08358e+15	5.56395e+15	2.4348e+15	1.54052e+15	3.08104e+15	4.62155e+15	6.16207e+15	7.70259e+15	9.24311e+15	1.07836e+16	1.23241e+16	1.64988e+16	2.63237e+16	3.10424e+17	4.53321e+17	3.56063	3.48634	3.48634	3.48634	3.48634	3.48634	3.48634	3.48634	3.48634	3.48634	3.48634	3.44315	3.12844	4.68266	4.68821	
116041	6.85906e+17	2.78833e+17	1.22018e+17	7.72018e+16	1.54404e+17	2.31605e+17	3.08807e+17	3.86009e+17	4.63211e+17	5.40412e+17	6.17614e+17	6.90393e+17	7.53865e+17	3.33692e+17	8.581e+15	6.08331e+15	5.56368e+15	2.43468e+15	1.54044e+15	3.08088e+15	4.62133e+15	6.16177e+15	7.70221e+15	9.24265e+15	1.07831e+16	1.23235e+16	1.65243e+16	2.63698e+16	3.10429e+17	4.53321e+17	3.56222	3.48829	3.48829	3.48829	3.48829	3.48829	3.48829	3.48829	3.48829	3.48829	3.48829	3.44536	3.13051	4.68254	4.68818	
116294	6.85906e+17	2.78833e+17	1.22018e+17	7.72019e+16	1.54404e+17	2.31606e+17	3.08808e+17	3.86009e+17	4.63211e+17	5.40413e+17	6.17615e+17	6.90353e+17	7.5379e+17	3.33681e+17	8.58098e+15	6.08303e+15	5.56341e+15	2.43456e+15	1.54037e+15	3.08073e+15	4.6211e+15	6.16147e+15	7.70183e+15	9.2422e+15	1.07826e+16	1.23229e+16	1.65494e+16	2.64169e+16	3.10435e+17	4.53321e+17	3.56381	3.49023	3.49023	3.49023	3.49023	3.49023	3.49023	3.49023	3.49023	3.49023	3.49023	3.44756	3.13258	4.68243	4.68814	
116545	6.85907e+17	2.78834e+17	1.22018e+17	7.7202e+16	1.54404e+17	2.31606e+17	3.08808e+17	3.8601e+17	4.63212e+17	5.40414e+17	6.17616e+17	6.90314e+17	7.53715e+17	3.33669e+17	8.58096e+15	6.08276e+15	5.56314e+15	2.43444e+15	1.54029e+15	3.08058e+15	4.62088e+15	6.16117e+15	7.70146e+15	9.24175e+15	1.0782e+16	1.23223e+16	1.6574e+16	2.64643e+16	3.1044e+17	4.53321e+17	3.56538	3.49215	3.49215	3.49215	3.49215	3.49215	3.49215	3.49215	3.49215	3.49215	3.49215	3.44973	3.13464	4.68231	4.6881	
116798	6.85907e+17	2.78834e+17	1.22019e+17	7.72021e+16	1.54404e+17	2.31606e+17	3.08809e+17	3.86011e+17	4.63213e+17	5.40415e+17	6.17617e+17	6.90275e+17	7.53637e+17	3.33658e+17	8.58094e+15	6.08248e+15	5.56287e+15	2.43432e+15	1.54022e+15	3.08043e+15	4.62065e+15	6.16087e+15	7.70108e+15	9.2413e+15	1.07815e+16	1.23217e+16	1.65984e+16	2.65126e+16	3.10446e+17	4.53321e+17	3.56696	3.49406	3.49406	3.49406	3.49406	3.49406	3.49406	3.49406	3.49406	3.49406	3.49406	3.45189	3.13671	4.68219	4.68805	
117049	6.85908e+17	2.78835e+17	1.22019e+17	7.72023e+16	1.54405e+17	2.31607e+17	3.08809e+17	3.86011e+17	4.63214e+17	5.40416e+17	6.17618e+17	6.90237e+17	7.53559e+17	3.33646e+17	8.58092e+15	6.08221e+15	5.5626e+15	2.43421e+15	1.54014e+15	3.08028e+15	4.62043e+15	6.16057e+15	7.70071e+15	9.24085e+15	1.0781e+16	1.23211e+16	1.66222e+16	2.65615e+16	3.10451e+17	4.53321e+17	3.56853	3.49595	3.49595	3.49595	3.49595	3.49595	3.49595	3.49595	3.49595	3.49595	3.49595	3.45402	3.13877	4.68207	4.68801	
117302	6.85908e+17	2.78835e+17	1.22019e+17	7.72024e+16	1.54405e+17	2.31607e+17	3.0881e+17	3.86012e+17	4.63214e+17	5.40417e+17	6.17619e+17	6.902e+17	7.5348e+17	3.33634e+17	8.58091e+15	6.08193e+15	5.56232e+15	2.43409e+15	1.54007e+15	3.08013e+15	4.6202e+15	6.16027e+15	7.70034e+15	9.2404e+15	1.07805e+16	1.23205e+16	1.66458e+16	2.66112e+16	3.10457e+17	4.53321e+17	3.57011	3.49784	3.49784	3.49784	3.49784	3.49784	3.49784	3.49784	3.49784	3.49784	3.49784	3.45615	3.14084	4.68195	4.68797	
117554	6.85909e+17	2.78835e+17	1.22019e+17	7.72025e+16	1.54405e+17	2.31607e+17	3.0881e+17	3.86012e+17	4.63215e+17	5.40417e+17	6.1762e+17	6.90163e+17	7.534e+17	3.33623e+17	8.58089e+15	6.08166e+15	5.56206e+15	2.43397e+15	1.53999e+15	3.07999e+15	4.61998e+15	6.15997e+15	7.69996e+15	9.23996e+15	1.07799e+16	1.23199e+16	1.66688e+16	2.66615e+16	3.10462e+17	4.53321e+17	3.57168	3.4997	3.4997	3.4997	3.4997	3.4997	3.4997	3.4997	3.4997	3.4997	3.4997	3.45826	3.1429	4.68183	4.68793	
117807	6.85909e+17	2.78836e+17	1.22019e+17	7.72026e+16	1.54405e+17	2.31608e+17	3.0881e+17	3.86013e+17	4.63216e+17	5.40418e+17	6.17621e+17	6.90127e+17	7.53318e+17	3.33611e+17	8.58088e+15	6.08139e+15	5.56179e+15	2.43385e+15	1.53992e+15	3.07984e+15	4.61975e+15	6.15967e+15	7.69959e+15	9.23951e+15	1.07794e+16	1.23193e+16	1.66915e+16	2.67126e+16	3.10468e+17	4.53321e+17	3.57325	3.50156	3.50156	3.50156	3.50156	3.50156	3.50156	3.50156	3.50156	3.50156	3.50156	3.46035	3.14497	4.68171	4.68788	
118059	6.8591e+17	2.78836e+17	1.2202e+17	7.72027e+16	1.54405e+17	2.31608e+17	3.08811e+17	3.86014e+17	4.63216e+17	5.40419e+17	6.17622e+17	6.90092e+17	7.53235e+17	3.33599e+17	8.58086e+15	6.08112e+15	5.56152e+15	2.43373e+15	1.53984e+15	3.07969e+15	4.61953e+15	6.15937e+15	7.69922e+15	9.23906e+15	1.07789e+16	1.23187e+16	1.67138e+16	2.67644e+16	3.10474e+17	4.53321e+17	3.57481	3.50341	3.50341	3.50341	3.50341	3.50341	3.50341	3.50341	3.50341	3.50341	3.50341	3.46242	3.14703	4.68158	4.68784	
118310	6.8591e+17	2.78837e+17	1.2202e+17	7.72029e+16	1.54406e+17	2.31609e+17	3.08811e+17	3.86014e+17	4.63217e+17	5.4042e+17	6.17623e+17	6.90057e+17	7.53152e+17	3.33588e+17	8.58085e+15	6.08085e+15	5.56125e+15	2.43362e+15	1.53977e+15	3.07954e+15	4.61931e+15	6.15908e+15	7.69885e+15	9.23862e+15	1.07784e+16	1.23182e+16	1.67356e+16	2.68167e+16	3.10479e+17	4.53321e+17	3.57637	3.50524	3.50524	3.50524	3.50524	3.50524	3.50524	3.50524	3.50524	3.50524	3.50524	3.46448	3.14909	4.68145	4.68779	
118563	6.85911e+17	2.78837e+17	1.2202e+17	7.7203e+16	1.54406e+17	2.31609e+17	3.08812e+17	3.86015e+17	4.63218e+17	5.40421e+17	6.17624e+17	6.90023e+17	7.53067e+17	3.33576e+17	8.58084e+15	6.08058e+15	5.56098e+15	2.4335e+15	1.53969e+15	3.07939e+15	4.61908e+15	6.15878e+15	7.69847e+15	9.23817e+15	1.07779e+16	1.23176e+16	1.67571e+16	2.687e+16	3.10485e+17	4.53321e+17	3.57794	3.50706	3.50706	3.50706	3.50706	3.50706	3.50706	3.50706	3.50706	3.50706	3.50706	3.46652	3.15116	4.68132	4.68775	
118815	6.85911e+17	2.78838e+17	1.2202e+17	7.72031e+16	1.54406e+17	2.31609e+17	3.08812e+17	3.86016e+17	4.63219e+17	5.40422e+17	6.17625e+17	6.8999e+17	7.52981e+17	3.33564e+17	8.58083e+15	6.08032e+15	5.56071e+15	2.43338e+15	1.53962e+15	3.07924e+15	4.61886e+15	6.15848e+15	7.6981e+15	9.23773e+15	1.07773e+16	1.2317e+16	1.67781e+16	2.69238e+16	3.10491e+17	4.53321e+17	3.57949	3.50887	3.50887	3.50887	3.50887	3.50887	3.50887	3.50887	3.50887	3.50887	3.50887	3.46855	3.15321	4.6812	4.6877	
119067	6.85912e+17	2.78838e+17	1.2202e+17	7.72032e+16	1.54406e+17	2.3161e+17	3.08813e+17	3.86016e+17	4.63219e+17	5.40423e+17	6.17626e+17	6.89957e+17	7.52894e+17	3.33552e+17	8.58082e+15	6.08005e+15	5.56045e+15	2.43327e+15	1.53955e+15	3.07909e+15	4.61864e+15	6.15819e+15	7.69773e+15	9.23728e+15	1.07768e+16	1.23164e+16	1.67988e+16	2.69784e+16	3.10496e+17	4.53321e+17	3.58105	3.51068	3.51068	3.51068	3.51068	3.51068	3.51068	3.51068	3.51068	3.51068	3.51068	3.47057	3.15528	4.68106	4.68765	
119319	6.85913e+17	2.78839e+17	1.2202e+17	7.72033e+16	1.54407e+17	2.3161e+17	3.08813e+17	3.86017e+17	4.6322e+17	5.40423e+17	6.17627e+17	6.89924e+17	7.52806e+17	3.3354e+17	8.58081e+15	6.07978e+15	5.56018e+15	2.43315e+15	1.53947e+15	3.07895e+15	4.61842e+15	6.15789e+15	7.69736e+15	9.23684e+15	1.07763e+16	1.23158e+16	1.6819e+16	2.70337e+16	3.10502e+17	4.53321e+17	3.5826	3.51247	3.51247	3.51247	3.51247	3.51247	3.51247	3.51247	3.51247	3.51247	3.51247	3.47256	3.15734	4.68093	4.6876	
119571	6.85913e+17	2.78839e+17	1.22021e+17	7.72035e+16	1.54407e+17	2.3161e+17	3.08814e+17	3.86017e+17	4.63221e+17	5.40424e+17	6.17628e+17	6.89893e+17	7.52716e+17	3.33529e+17	8.58081e+15	6.07952e+15	5.55991e+15	2.43303e+15	1.5394e+15	3.0788e+15	4.6182e+15	6.1576e+15	7.697e+15	9.2364e+15	1.07758e+16	1.23152e+16	1.68388e+16	2.70896e+16	3.10508e+17	4.53321e+17	3.58415	3.51424	3.51424	3.51424	3.51424	3.51424	3.51424	3.51424	3.51424	3.51424	3.51424	3.47455	3.1594	4.6808	4.68755	
119824	6.85913e+17	2.78839e+17	1.22021e+17	7.72036e+16	1.54407e+17	2.31611e+17	3.08814e+17	3.86018e+17	4.63222e+17	5.40425e+17	6.17629e+17	6.89862e+17	7.52626e+17	3.33517e+17	8.5808e+15	6.07925e+15	5.55965e+15	2.43292e+15	1.53933e+15	3.07865e+15	4.61798e+15	6.1573e+15	7.69663e+15	9.23595e+15	1.07753e+16	1.23146e+16	1.68583e+16	2.71464e+16	3.10513e+17	4.53321e+17	3.5857	3.51602	3.51602	3.51602	3.51602	3.51602	3.51602	3.51602	3.51602	3.51602	3.51602	3.47652	3.16146	4.68066	4.6875	
120076	6.85914e+17	2.7884e+17	1.22021e+17	7.72037e+16	1.54407e+17	2.31611e+17	3.08815e+17	3.86019e+17	4.63222e+17	5.40426e+17	6.1763e+17	6.89832e+17	7.52534e+17	3.33505e+17	8.5808e+15	6.07899e+15	5.55938e+15	2.4328e+15	1.53925e+15	3.0785e+15	4.61776e+15	6.15701e+15	7.69626e+15	9.23551e+15	1.07748e+16	1.2314e+16	1.68773e+16	2.72037e+16	3.10519e+17	4.53321e+17	3.58724	3.51778	3.51778	3.51778	3.51778	3.51778	3.51778	3.51778	3.51778	3.51778	3.51778	3.47848	3.16351	4.68052	4.68745	
120329	6.85914e+17	2.7884e+17	1.22021e+17	7.72038e+16	1.54408e+17	2.31611e+17	3.08815e+17	3.86019e+17	4.63223e+17	5.40427e+17	6.17631e+17	6.89802e+17	7.52441e+17	3.33493e+17	8.5808e+15	6.07873e+15	5.55912e+15	2.43268e+15	1.53918e+15	3.07836e+15	4.61754e+15	6.15672e+15	7.69589e+15	9.23507e+15	1.07743e+16	1.23134e+16	1.68961e+16	2.7262e+16	3.10525e+17	4.53321e+17	3.58879	3.51954	3.51954	3.51954	3.51954	3.51954	3.51954	3.51954	3.51954	3.51954	3.51954	3.48043	3.16558	4.68038	4.68739	
120580	6.85915e+17	2.78841e+17	1.22021e+17	7.7204e+16	1.54408e+17	2.31612e+17	3.08816e+17	3.8602e+17	4.63224e+17	5.40428e+17	6.17632e+17	6.89773e+17	7.52347e+17	3.33481e+17	8.5808e+15	6.07847e+15	5.55885e+15	2.43257e+15	1.53911e+15	3.07821e+15	4.61732e+15	6.15642e+15	7.69553e+15	9.23464e+15	1.07737e+16	1.23128e+16	1.69143e+16	2.73206e+16	3.1053e+17	4.53321e+17	3.59032	3.52128	3.52128	3.52128	3.52128	3.52128	3.52128	3.52128	3.52128	3.52128	3.52128	3.48235	3.16763	4.68024	4.68734	
120833	6.85915e+17	2.78841e+17	1.22022e+17	7.72041e+16	1.54408e+17	2.31612e+17	3.08816e+17	3.8602e+17	4.63224e+17	5.40428e+17	6.17633e+17	6.89744e+17	7.52252e+17	3.33469e+17	8.5808e+15	6.0782e+15	5.55859e+15	2.43245e+15	1.53903e+15	3.07807e+15	4.6171e+15	6.15613e+15	7.69516e+15	9.2342e+15	1.07732e+16	1.23123e+16	1.69322e+16	2.73803e+16	3.10536e+17	4.53321e+17	3.59187	3.52303	3.52303	3.52303	3.52303	3.52303	3.52303	3.52303	3.52303	3.52303	3.52303	3.48428	3.16969	4.6801	4.68729	
121085	6.85916e+17	2.78842e+17	1.22022e+17	7.72042e+16	1.54408e+17	2.31613e+17	3.08817e+17	3.86021e+17	4.63225e+17	5.40429e+17	6.17634e+17	6.89716e+17	7.52156e+17	3.33457e+17	8.5808e+15	6.07794e+15	5.55833e+15	2.43234e+15	1.53896e+15	3.07792e+15	4.61688e+15	6.15584e+15	7.6948e+15	9.23376e+15	1.07727e+16	1.23117e+16	1.69497e+16	2.74404e+16	3.10542e+17	4.53321e+17	3.5934	3.52476	3.52476	3.52476	3.52476	3.52476	3.52476	3.52476	3.52476	3.52476	3.52476	3.48618	3.17174	4.67996	4.68723	
121337	6.85916e+17	2.78842e+17	1.22022e+17	7.72043e+16	1.54409e+17	2.31613e+17	3.08817e+17	3.86022e+17	4.63226e+17	5.4043e+17	6.17634e+17	6.89689e+17	7.52059e+17	3.33445e+17	8.58081e+15	6.07768e+15	5.55806e+15	2.43222e+15	1.53889e+15	3.07778e+15	4.61666e+15	6.15555e+15	7.69444e+15	9.23333e+15	1.07722e+16	1.23111e+16	1.69669e+16	2.75013e+16	3.10547e+17	4.53321e+17	3.59493	3.52648	3.52648	3.52648	3.52648	3.52648	3.52648	3.52648	3.52648	3.52648	3.52648	3.48808	3.17379	4.67981	4.68717	
121590	6.85917e+17	2.78842e+17	1.22022e+17	7.72044e+16	1.54409e+17	2.31613e+17	3.08818e+17	3.86022e+17	4.63227e+17	5.40431e+17	6.17635e+17	6.89662e+17	7.5196e+17	3.33433e+17	8.58082e+15	6.07742e+15	5.5578e+15	2.43211e+15	1.53881e+15	3.07763e+15	4.61644e+15	6.15526e+15	7.69407e+15	9.23289e+15	1.07717e+16	1.23105e+16	1.69837e+16	2.75632e+16	3.10553e+17	4.53321e+17	3.59647	3.5282	3.5282	3.5282	3.5282	3.5282	3.5282	3.5282	3.5282	3.5282	3.5282	3.48997	3.17585	4.67967	4.68712	
121841	6.85917e+17	2.78843e+17	1.22022e+17	7.72045e+16	1.54409e+17	2.31614e+17	3.08818e+17	3.86023e+17	4.63227e+17	5.40432e+17	6.17636e+17	6.89636e+17	7.51861e+17	3.33422e+17	8.58082e+15	6.07717e+15	5.55754e+15	2.43199e+15	1.53874e+15	3.07749e+15	4.61623e+15	6.15497e+15	7.69371e+15	9.23246e+15	1.07712e+16	1.23099e+16	1.70001e+16	2.76253e+16	3.10559e+17	4.53321e+17	3.59799	3.5299	3.5299	3.5299	3.5299	3.5299	3.5299	3.5299	3.5299	3.5299	3.5299	3.49183	3.1779	4.67952	4.68706	
122094	6.85918e+17	2.78843e+17	1.22023e+17	7.72047e+16	1.54409e+17	2.31614e+17	3.08819e+17	3.86023e+17	4.63228e+17	5.40433e+17	6.17637e+17	6.8961e+17	7.5176e+17	3.3341e+17	8.58083e+15	6.07691e+15	5.55728e+15	2.43188e+15	1.53867e+15	3.07734e+15	4.61601e+15	6.15468e+15	7.69335e+15	9.23202e+15	1.07707e+16	1.23094e+16	1.70162e+16	2.76885e+16	3.10564e+17	4.53321e+17	3.59952	3.53161	3.53161	3.53161	3.53161	3.53161	3.53161	3.53161	3.53161	3.53161	3.53161	3.4937	3.17995	4.67937	4.687	
122346	6.85918e+17	2.78844e+17	1.22023e+17	7.72048e+16	1.5441e+17	2.31614e+17	3.08819e+17	3.86024e+17	4.63229e+17	5.40433e+17	6.17638e+17	6.89585e+17	7.51659e+17	3.33398e+17	8.58084e+15	6.07665e+15	5.55702e+15	2.43177e+15	1.5386e+15	3.0772e+15	4.6158e+15	6.15439e+15	7.69299e+15	9.23159e+15	1.07702e+16	1.23088e+16	1.70318e+16	2.77521e+16	3.1057e+17	4.53321e+17	3.60104	3.5333	3.5333	3.5333	3.5333	3.5333	3.5333	3.5333	3.5333	3.5333	3.5333	3.49555	3.182	4.67922	4.68694	
122599	6.85919e+17	2.78844e+17	1.22023e+17	7.72049e+16	1.5441e+17	2.31615e+17	3.0882e+17	3.86024e+17	4.63229e+17	5.40434e+17	6.17639e+17	6.89561e+17	7.51556e+17	3.33386e+17	8.58086e+15	6.0764e+15	5.55676e+15	2.43165e+15	1.53853e+15	3.07705e+15	4.61558e+15	6.15411e+15	7.69263e+15	9.23116e+15	1.07697e+16	1.23082e+16	1.70472e+16	2.78167e+16	3.10576e+17	4.53321e+17	3.60257	3.535	3.535	3.535	3.535	3.535	3.535	3.535	3.535	3.535	3.535	3.49739	3.18405	4.67906	4.68688	
122851	6.85919e+17	2.78845e+17	1.22023e+17	7.7205e+16	1.5441e+17	2.31615e+17	3.0882e+17	3.86025e+17	4.6323e+17	5.40435e+17	6.1764e+17	6.89537e+17	7.51452e+17	3.33374e+17	8.58087e+15	6.07614e+15	5.5565e+15	2.43154e+15	1.53846e+15	3.07691e+15	4.61537e+15	6.15382e+15	7.69228e+15	9.23073e+15	1.07692e+16	1.23076e+16	1.70623e+16	2.78817e+16	3.10582e+17	4.53321e+17	3.60409	3.53668	3.53668	3.53668	3.53668	3.53668	3.53668	3.53668	3.53668	3.53668	3.53668	3.49922	3.18609	4.67891	4.68681	
123104	6.8592e+17	2.78845e+17	1.22023e+17	7.72051e+16	1.5441e+17	2.31615e+17	3.08821e+17	3.86026e+17	4.63231e+17	5.40436e+17	6.17641e+17	6.89514e+17	7.51347e+17	3.33362e+17	8.58089e+15	6.07589e+15	5.55624e+15	2.43143e+15	1.53838e+15	3.07677e+15	4.61515e+15	6.15353e+15	7.69192e+15	9.2303e+15	1.07687e+16	1.23071e+16	1.7077e+16	2.79476e+16	3.10587e+17	4.53321e+17	3.60561	3.53836	3.53836	3.53836	3.53836	3.53836	3.53836	3.53836	3.53836	3.53836	3.53836	3.50104	3.18814	4.67875	4.68675	
123356	6.8592e+17	2.78845e+17	1.22023e+17	7.72053e+16	1.54411e+17	2.31616e+17	3.08821e+17	3.86026e+17	4.63232e+17	5.40437e+17	6.17642e+17	6.89491e+17	7.51241e+17	3.3335e+17	8.58091e+15	6.07563e+15	5.55599e+15	2.43131e+15	1.53831e+15	3.07662e+15	4.61494e+15	6.15325e+15	7.69156e+15	9.22987e+15	1.07682e+16	1.23065e+16	1.70913e+16	2.80142e+16	3.10593e+17	4.53321e+17	3.60712	3.54003	3.54003	3.54003	3.54003	3.54003	3.54003	3.54003	3.54003	3.54003	3.54003	3.50285	3.19018	4.67859	4.68668	
123607	6.85921e+17	2.78846e+17	1.22024e+17	7.72054e+16	1.54411e+17	2.31616e+17	3.08821e+17	3.86027e+17	4.63232e+17	5.40438e+17	6.17643e+17	6.89468e+17	7.51134e+17	3.33338e+17	8.58093e+15	6.07538e+15	5.55573e+15	2.4312e+15	1.53824e+15	3.07648e+15	4.61472e+15	6.15297e+15	7.69121e+15	9.22945e+15	1.07677e+16	1.23059e+16	1.71053e+16	2.80812e+16	3.10599e+17	4.53321e+17	3.60863	3.54169	3.54169	3.54169	3.54169	3.54169	3.54169	3.54169	3.54169	3.54169	3.54169	3.50465	3.19222	4.67843	4.68662	
123861	6.85921e+17	2.78846e+17	1.22024e+17	7.72055e+16	1.54411e+17	2.31616e+17	3.08822e+17	3.86027e+17	4.63233e+17	5.40438e+17	6.17644e+17	6.89446e+17	7.51025e+17	3.33326e+17	8.58095e+15	6.07513e+15	5.55547e+15	2.43109e+15	1.53817e+15	3.07634e+15	4.61451e+15	6.15268e+15	7.69085e+15	9.22902e+15	1.07672e+16	1.23054e+16	1.71191e+16	2.81492e+16	3.10605e+17	4.53321e+17	3.61014	3.54336	3.54336	3.54336	3.54336	3.54336	3.54336	3.54336	3.54336	3.54336	3.54336	3.50644	3.19427	4.67827	4.68655	
124112	6.85922e+17	2.78847e+17	1.22024e+17	7.72056e+16	1.54411e+17	2.31617e+17	3.08822e+17	3.86028e+17	4.63234e+17	5.40439e+17	6.17645e+17	6.89425e+17	7.50916e+17	3.33314e+17	8.58098e+15	6.07488e+15	5.55522e+15	2.43098e+15	1.5381e+15	3.0762e+15	4.6143e+15	6.1524e+15	7.6905e+15	9.2286e+15	1.07667e+16	1.23048e+16	1.71324e+16	2.82176e+16	3.1061e+17	4.53321e+17	3.61165	3.54501	3.54501	3.54501	3.54501	3.54501	3.54501	3.54501	3.54501	3.54501	3.54501	3.50822	3.1963	4.6781	4.68648	
124365	6.85922e+17	2.78847e+17	1.22024e+17	7.72057e+16	1.54411e+17	2.31617e+17	3.08823e+17	3.86029e+17	4.63234e+17	5.4044e+17	6.17646e+17	6.89404e+17	7.50805e+17	3.33302e+17	8.581e+15	6.07463e+15	5.55496e+15	2.43087e+15	1.53803e+15	3.07606e+15	4.61409e+15	6.15212e+15	7.69014e+15	9.22817e+15	1.07662e+16	1.23042e+16	1.71456e+16	2.8287e+16	3.10616e+17	4.53321e+17	3.61316	3.54667	3.54667	3.54667	3.54667	3.54667	3.54667	3.54667	3.54667	3.54667	3.54667	3.51	3.19834	4.67794	4.68641	
124617	6.85923e+17	2.78848e+17	1.22024e+17	7.72058e+16	1.54412e+17	2.31617e+17	3.08823e+17	3.86029e+17	4.63235e+17	5.40441e+17	6.17647e+17	6.89384e+17	7.50694e+17	3.3329e+17	8.58103e+15	6.07438e+15	5.55471e+15	2.43076e+15	1.53796e+15	3.07592e+15	4.61388e+15	6.15183e+15	7.68979e+15	9.22775e+15	1.07657e+16	1.23037e+16	1.71584e+16	2.83568e+16	3.10622e+17	4.53321e+17	3.61466	3.54831	3.54831	3.54831	3.54831	3.54831	3.54831	3.54831	3.54831	3.54831	3.54831	3.51176	3.20037	4.67777	4.68634	
124869	6.85923e+17	2.78848e+17	1.22025e+17	7.72059e+16	1.54412e+17	2.31618e+17	3.08824e+17	3.8603e+17	4.63236e+17	5.40442e+17	6.17648e+17	6.89364e+17	7.50581e+17	3.33278e+17	8.58106e+15	6.07413e+15	5.55446e+15	2.43064e+15	1.53789e+15	3.07578e+15	4.61367e+15	6.15155e+15	7.68944e+15	9.22733e+15	1.07652e+16	1.23031e+16	1.71709e+16	2.84273e+16	3.10627e+17	4.53321e+17	3.61616	3.54995	3.54995	3.54995	3.54995	3.54995	3.54995	3.54995	3.54995	3.54995	3.54995	3.51351	3.2024	4.6776	4.68627	
125122	6.85924e+17	2.78848e+17	1.22025e+17	7.72061e+16	1.54412e+17	2.31618e+17	3.08824e+17	3.8603e+17	4.63236e+17	5.40442e+17	6.17648e+17	6.89344e+17	7.50468e+17	3.33266e+17	8.58109e+15	6.07388e+15	5.5542e+15	2.43053e+15	1.53782e+15	3.07564e+15	4.61346e+15	6.15127e+15	7.68909e+15	9.22691e+15	1.07647e+16	1.23025e+16	1.71831e+16	2.84986e+16	3.10633e+17	4.53321e+17	3.61766	3.55159	3.55159	3.55159	3.55159	3.55159	3.55159	3.55159	3.55159	3.55159	3.55159	3.51527	3.20444	4.67743	4.6862	
125374	6.85924e+17	2.78849e+17	1.22025e+17	7.72062e+16	1.54412e+17	2.31619e+17	3.08825e+17	3.86031e+17	4.63237e+17	5.40443e+17	6.17649e+17	6.89325e+17	7.50353e+17	3.33254e+17	8.58113e+15	6.07364e+15	5.55395e+15	2.43042e+15	1.53775e+15	3.0755e+15	4.61325e+15	6.15099e+15	7.68874e+15	9.22649e+15	1.07642e+16	1.2302e+16	1.71951e+16	2.85704e+16	3.10639e+17	4.53321e+17	3.61915	3.55322	3.55322	3.55322	3.55322	3.55322	3.55322	3.55322	3.55322	3.55322	3.55322	3.517	3.20646	4.67726	4.68613	
125627	6.85925e+17	2.78849e+17	1.22025e+17	7.72063e+16	1.54413e+17	2.31619e+17	3.08825e+17	3.86031e+17	4.63238e+17	5.40444e+17	6.1765e+17	6.89306e+17	7.50237e+17	3.33242e+17	8.58117e+15	6.07339e+15	5.5537e+15	2.43031e+15	1.53768e+15	3.07536e+15	4.61304e+15	6.15072e+15	7.68839e+15	9.22607e+15	1.07638e+16	1.23014e+16	1.72068e+16	2.86432e+16	3.10645e+17	4.53321e+17	3.62065	3.55485	3.55485	3.55485	3.55485	3.55485	3.55485	3.55485	3.55485	3.55485	3.55485	3.51874	3.2085	4.67708	4.68605	
125879	6.85925e+17	2.7885e+17	1.22025e+17	7.72064e+16	1.54413e+17	2.31619e+17	3.08826e+17	3.86032e+17	4.63238e+17	5.40445e+17	6.17651e+17	6.89288e+17	7.5012e+17	3.3323e+17	8.58121e+15	6.07314e+15	5.55345e+15	2.4302e+15	1.53761e+15	3.07522e+15	4.61283e+15	6.15044e+15	7.68805e+15	9.22566e+15	1.07633e+16	1.23009e+16	1.72182e+16	2.87162e+16	3.1065e+17	4.53321e+17	3.62214	3.55647	3.55647	3.55647	3.55647	3.55647	3.55647	3.55647	3.55647	3.55647	3.55647	3.52046	3.21052	4.67691	4.68598	
126132	6.85925e+17	2.7885e+17	1.22025e+17	7.72065e+16	1.54413e+17	2.3162e+17	3.08826e+17	3.86033e+17	4.63239e+17	5.40446e+17	6.17652e+17	6.8927e+17	7.50002e+17	3.33218e+17	8.58125e+15	6.0729e+15	5.5532e+15	2.43009e+15	1.53754e+15	3.07508e+15	4.61262e+15	6.15016e+15	7.6877e+15	9.22524e+15	1.07628e+16	1.23003e+16	1.72294e+16	2.87902e+16	3.10656e+17	4.53321e+17	3.62363	3.55809	3.55809	3.55809	3.55809	3.55809	3.55809	3.55809	3.55809	3.55809	3.55809	3.52218	3.21255	4.67673	4.6859	
126384	6.85926e+17	2.7885e+17	1.22026e+17	7.72066e+16	1.54413e+17	2.3162e+17	3.08827e+17	3.86033e+17	4.6324e+17	5.40446e+17	6.17653e+17	6.89253e+17	7.49884e+17	3.33206e+17	8.58129e+15	6.07265e+15	5.55295e+15	2.42998e+15	1.53747e+15	3.07494e+15	4.61241e+15	6.14988e+15	7.68736e+15	9.22483e+15	1.07623e+16	1.22998e+16	1.72403e+16	2.88646e+16	3.10662e+17	4.53321e+17	3.62512	3.55971	3.55971	3.55971	3.55971	3.55971	3.55971	3.55971	3.55971	3.55971	3.55971	3.52389	3.21456	4.67655	4.68582	
126636	6.85926e+17	2.78851e+17	1.22026e+17	7.72067e+16	1.54413e+17	2.3162e+17	3.08827e+17	3.86034e+17	4.6324e+17	5.40447e+17	6.17654e+17	6.89236e+17	7.49764e+17	3.33194e+17	8.58134e+15	6.07241e+15	5.5527e+15	2.42988e+15	1.5374e+15	3.0748e+15	4.61221e+15	6.14961e+15	7.68701e+15	9.22441e+15	1.07618e+16	1.22992e+16	1.72509e+16	2.89396e+16	3.10668e+17	4.53321e+17	3.6266	3.56132	3.56132	3.56132	3.56132	3.56132	3.56132	3.56132	3.56132	3.56132	3.56132	3.52559	3.21658	4.67637	4.68574	
126889	6.85927e+17	2.78851e+17	1.22026e+17	7.72069e+16	1.54414e+17	2.31621e+17	3.08827e+17	3.86034e+17	4.63241e+17	5.40448e+17	6.17655e+17	6.89219e+17	7.49643e+17	3.33182e+17	8.58139e+15	6.07217e+15	5.55245e+15	2.42977e+15	1.53733e+15	3.07467e+15	4.612e+15	6.14933e+15	7.68667e+15	9.224e+15	1.07613e+16	1.22987e+16	1.72614e+16	2.90156e+16	3.10673e+17	4.53321e+17	3.62809	3.56293	3.56293	3.56293	3.56293	3.56293	3.56293	3.56293	3.56293	3.56293	3.56293	3.5273	3.2186	4.67618	4.68566	
127141	6.85927e+17	2.78852e+17	1.22026e+17	7.7207e+16	1.54414e+17	2.31621e+17	3.08828e+17	3.86035e+17	4.63242e+17	5.40449e+17	6.17656e+17	6.89203e+17	7.49521e+17	3.3317e+17	8.58144e+15	6.07193e+15	5.5522e+15	2.42966e+15	1.53726e+15	3.07453e+15	4.61179e+15	6.14906e+15	7.68632e+15	9.22359e+15	1.07609e+16	1.22981e+16	1.72716e+16	2.90918e+16	3.10679e+17	4.53321e+17	3.62957	3.56453	3.56453	3.56453	3.56453	3.56453	3.56453	3.56453	3.56453	3.56453	3.56453	3.52898	3.22061	4.676	4.68558	
127394	6.85928e+17	2.78852e+17	1.22026e+17	7.72071e+16	1.54414e+17	2.31621e+17	3.08828e+17	3.86035e+17	4.63242e+17	5.4045e+17	6.17657e+17	6.89187e+17	7.49398e+17	3.33158e+17	8.5815e+15	6.07168e+15	5.55196e+15	2.42955e+15	1.5372e+15	3.07439e+15	4.61159e+15	6.14879e+15	7.68598e+15	9.22318e+15	1.07604e+16	1.22976e+16	1.72816e+16	2.9169e+16	3.10685e+17	4.53321e+17	3.63105	3.56613	3.56613	3.56613	3.56613	3.56613	3.56613	3.56613	3.56613	3.56613	3.56613	3.53067	3.22263	4.67581	4.68549	
127646	6.85928e+17	2.78852e+17	1.22027e+17	7.72072e+16	1.54414e+17	2.31622e+17	3.08829e+17	3.86036e+17	4.63243e+17	5.4045e+17	6.17658e+17	6.89171e+17	7.49274e+17	3.33147e+17	8.58155e+15	6.07144e+15	5.55171e+15	2.42944e+15	1.53713e+15	3.07426e+15	4.61139e+15	6.14851e+15	7.68564e+15	9.22277e+15	1.07599e+16	1.2297e+16	1.72913e+16	2.92465e+16	3.1069e+17	4.53321e+17	3.63252	3.56772	3.56772	3.56772	3.56772	3.56772	3.56772	3.56772	3.56772	3.56772	3.56772	3.53234	3.22464	4.67562	4.68541	
127899	6.85929e+17	2.78853e+17	1.22027e+17	7.72073e+16	1.54415e+17	2.31622e+17	3.08829e+17	3.86037e+17	4.63244e+17	5.40451e+17	6.17658e+17	6.89156e+17	7.49149e+17	3.33135e+17	8.58161e+15	6.0712e+15	5.55146e+15	2.42934e+15	1.53706e+15	3.07412e+15	4.61118e+15	6.14824e+15	7.6853e+15	9.22236e+15	1.07594e+16	1.22965e+16	1.73009e+16	2.93249e+16	3.10696e+17	4.53321e+17	3.634	3.56932	3.56932	3.56932	3.56932	3.56932	3.56932	3.56932	3.56932	3.56932	3.56932	3.53402	3.22665	4.67543	4.68532	
128151	6.85929e+17	2.78853e+17	1.22027e+17	7.72074e+16	1.54415e+17	2.31622e+17	3.0883e+17	3.86037e+17	4.63244e+17	5.40452e+17	6.17659e+17	6.89141e+17	7.49023e+17	3.33123e+17	8.58167e+15	6.07097e+15	5.55122e+15	2.42923e+15	1.53699e+15	3.07399e+15	4.61098e+15	6.14797e+15	7.68496e+15	9.22196e+15	1.07589e+16	1.22959e+16	1.73102e+16	2.94036e+16	3.10702e+17	4.53321e+17	3.63547	3.57091	3.57091	3.57091	3.57091	3.57091	3.57091	3.57091	3.57091	3.57091	3.57091	3.53568	3.22865	4.67523	4.68523	
128403	6.8593e+17	2.78854e+17	1.22027e+17	7.72075e+16	1.54415e+17	2.31623e+17	3.0883e+17	3.86038e+17	4.63245e+17	5.40453e+17	6.1766e+17	6.89126e+17	7.48896e+17	3.33111e+17	8.58174e+15	6.07073e+15	5.55098e+15	2.42912e+15	1.53692e+15	3.07385e+15	4.61077e+15	6.1477e+15	7.68462e+15	9.22155e+15	1.07585e+16	1.22954e+16	1.73193e+16	2.94831e+16	3.10707e+17	4.53321e+17	3.63694	3.5725	3.5725	3.5725	3.5725	3.5725	3.5725	3.5725	3.5725	3.5725	3.5725	3.53734	3.23066	4.67504	4.68514	
128656	6.8593e+17	2.78854e+17	1.22027e+17	7.72076e+16	1.54415e+17	2.31623e+17	3.08831e+17	3.86038e+17	4.63246e+17	5.40453e+17	6.17661e+17	6.89112e+17	7.48769e+17	3.33099e+17	8.58181e+15	6.07049e+15	5.55073e+15	2.42901e+15	1.53686e+15	3.07372e+15	4.61057e+15	6.14743e+15	7.68429e+15	9.22115e+15	1.0758e+16	1.22949e+16	1.73283e+16	2.95632e+16	3.10713e+17	4.53321e+17	3.63841	3.57408	3.57408	3.57408	3.57408	3.57408	3.57408	3.57408	3.57408	3.57408	3.57408	3.539	3.23266	4.67484	4.68505	
128908	6.8593e+17	2.78854e+17	1.22027e+17	7.72077e+16	1.54415e+17	2.31623e+17	3.08831e+17	3.86039e+17	4.63246e+17	5.40454e+17	6.17662e+17	6.89098e+17	7.4864e+17	3.33087e+17	8.58188e+15	6.07025e+15	5.55049e+15	2.42891e+15	1.53679e+15	3.07358e+15	4.61037e+15	6.14716e+15	7.68395e+15	9.22074e+15	1.07575e+16	1.22943e+16	1.7337e+16	2.96436e+16	3.10719e+17	4.53321e+17	3.63987	3.57565	3.57565	3.57565	3.57565	3.57565	3.57565	3.57565	3.57565	3.57565	3.57565	3.54064	3.23465	4.67464	4.68496	
129161	6.85931e+17	2.78855e+17	1.22028e+17	7.72079e+16	1.54416e+17	2.31624e+17	3.08831e+17	3.86039e+17	4.63247e+17	5.40455e+17	6.17663e+17	6.89084e+17	7.4851e+17	3.33075e+17	8.58195e+15	6.07002e+15	5.55025e+15	2.4288e+15	1.53672e+15	3.07345e+15	4.61017e+15	6.14689e+15	7.68362e+15	9.22034e+15	1.07571e+16	1.22938e+16	1.73456e+16	2.9725e+16	3.10724e+17	4.53321e+17	3.64134	3.57723	3.57723	3.57723	3.57723	3.57723	3.57723	3.57723	3.57723	3.57723	3.57723	3.54229	3.23665	4.67444	4.68487	
129413	6.85931e+17	2.78855e+17	1.22028e+17	7.7208e+16	1.54416e+17	2.31624e+17	3.08832e+17	3.8604e+17	4.63248e+17	5.40456e+17	6.17664e+17	6.89071e+17	7.4838e+17	3.33064e+17	8.58202e+15	6.06978e+15	5.55001e+15	2.4287e+15	1.53666e+15	3.07331e+15	4.60997e+15	6.14663e+15	7.68328e+15	9.21994e+15	1.07566e+16	1.22933e+16	1.7354e+16	2.98065e+16	3.1073e+17	4.53321e+17	3.6428	3.5788	3.5788	3.5788	3.5788	3.5788	3.5788	3.5788	3.5788	3.5788	3.5788	3.54392	3.23864	4.67424	4.68477	
129666	6.85932e+17	2.78856e+17	1.22028e+17	7.72081e+16	1.54416e+17	2.31624e+17	3.08832e+17	3.8604e+17	4.63248e+17	5.40456e+17	6.17665e+17	6.89058e+17	7.48249e+17	3.33052e+17	8.5821e+15	6.06955e+15	5.54977e+15	2.42859e+15	1.53659e+15	3.07318e+15	4.60977e+15	6.14636e+15	7.68295e+15	9.21954e+15	1.07561e+16	1.22927e+16	1.73622e+16	2.9889e+16	3.10736e+17	4.53321e+17	3.64426	3.58038	3.58038	3.58038	3.58038	3.58038	3.58038	3.58038	3.58038	3.58038	3.58038	3.54556	3.24063	4.67403	4.68468	
129918	6.85932e+17	2.78856e+17	1.22028e+17	7.72082e+16	1.54416e+17	2.31625e+17	3.08833e+17	3.86041e+17	4.63249e+17	5.40457e+17	6.17665e+17	6.89045e+17	7.48117e+17	3.3304e+17	8.58219e+15	6.06931e+15	5.54953e+15	2.42849e+15	1.53652e+15	3.07305e+15	4.60957e+15	6.14609e+15	7.68262e+15	9.21914e+15	1.07557e+16	1.22922e+16	1.73702e+16	2.99718e+16	3.10741e+17	4.53321e+17	3.64572	3.58194	3.58194	3.58194	3.58194	3.58194	3.58194	3.58194	3.58194	3.58194	3.58194	3.54718	3.24262	4.67382	4.68458	
130170	6.85933e+17	2.78856e+17	1.22028e+17	7.72083e+16	1.54417e+17	2.31625e+17	3.08833e+17	3.86041e+17	4.6325e+17	5.40458e+17	6.17666e+17	6.89032e+17	7.47984e+17	3.33028e+17	8.58227e+15	6.06908e+15	5.54929e+15	2.42838e+15	1.53646e+15	3.07292e+15	4.60937e+15	6.14583e+15	7.68229e+15	9.21875e+15	1.07552e+16	1.22917e+16	1.73781e+16	3.00551e+16	3.10747e+17	4.53321e+17	3.64717	3.5835	3.5835	3.5835	3.5835	3.5835	3.5835	3.5835	3.5835	3.5835	3.5835	3.5488	3.2446	4.67361	4.68448	
130423	6.85933e+17	2.78857e+17	1.22028e+17	7.72084e+16	1.54417e+17	2.31625e+17	3.08834e+17	3.86042e+17	4.6325e+17	5.40459e+17	6.17667e+17	6.8902e+17	7.47849e+17	3.33016e+17	8.58236e+15	6.06885e+15	5.54905e+15	2.42828e+15	1.53639e+15	3.07278e+15	4.60917e+15	6.14557e+15	7.68196e+15	9.21835e+15	1.07547e+16	1.22911e+16	1.73858e+16	3.01392e+16	3.10753e+17	4.53321e+17	3.64863	3.58507	3.58507	3.58507	3.58507	3.58507	3.58507	3.58507	3.58507	3.58507	3.58507	3.55042	3.24658	4.6734	4.68438	
130675	6.85934e+17	2.78857e+17	1.22029e+17	7.72085e+16	1.54417e+17	2.31626e+17	3.08834e+17	3.86043e+17	4.63251e+17	5.4046e+17	6.17668e+17	6.89008e+17	7.47715e+17	3.33005e+17	8.58245e+15	6.06862e+15	5.54881e+15	2.42817e+15	1.53633e+15	3.07265e+15	4.60898e+15	6.1453e+15	7.68163e+15	9.21795e+15	1.07543e+16	1.22906e+16	1.73934e+16	3.02235e+16	3.10758e+17	4.53321e+17	3.65007	3.58662	3.58662	3.58662	3.58662	3.58662	3.58662	3.58662	3.58662	3.58662	3.58662	3.55203	3.24856	4.67319	4.68428	
130928	6.85934e+17	2.78858e+17	1.22029e+17	7.72086e+16	1.54417e+17	2.31626e+17	3.08834e+17	3.86043e+17	4.63252e+17	5.4046e+17	6.17669e+17	6.88996e+17	7.47579e+17	3.32993e+17	8.58254e+15	6.06839e+15	5.54857e+15	2.42807e+15	1.53626e+15	3.07252e+15	4.60878e+15	6.14504e+15	7.6813e+15	9.21756e+15	1.07538e+16	1.22901e+16	1.74008e+16	3.03088e+16	3.10764e+17	4.53321e+17	3.65153	3.58818	3.58818	3.58818	3.58818	3.58818	3.58818	3.58818	3.58818	3.58818	3.58818	3.55364	3.25054	4.67297	4.68418	
131180	6.85934e+17	2.78858e+17	1.22029e+17	7.72087e+16	1.54417e+17	2.31626e+17	3.08835e+17	3.86044e+17	4.63252e+17	5.40461e+17	6.1767e+17	6.88984e+17	7.47442e+17	3.32981e+17	8.58264e+15	6.06816e+15	5.54834e+15	2.42797e+15	1.53619e+15	3.07239e+15	4.60858e+15	6.14478e+15	7.68097e+15	9.21717e+15	1.07534e+16	1.22896e+16	1.74081e+16	3.03941e+16	3.10769e+17	4.53321e+17	3.65297	3.58973	3.58973	3.58973	3.58973	3.58973	3.58973	3.58973	3.58973	3.58973	3.58973	3.55524	3.25251	4.67276	4.68407	
131433	6.85935e+17	2.78858e+17	1.22029e+17	7.72088e+16	1.54418e+17	2.31626e+17	3.08835e+17	3.86044e+17	4.63253e+17	5.40462e+17	6.17671e+17	6.88973e+17	7.47305e+17	3.3297e+17	8.58274e+15	6.06793e+15	5.5481e+15	2.42786e+15	1.53613e+15	3.07226e+15	4.60839e+15	6.14452e+15	7.68065e+15	9.21678e+15	1.07529e+16	1.2289e+16	1.74153e+16	3.04804e+16	3.10775e+17	4.53321e+17	3.65442	3.59128	3.59128	3.59128	3.59128	3.59128	3.59128	3.59128	3.59128	3.59128	3.59128	3.55685	3.25448	4.67254	4.68396	
131685	6.85935e+17	2.78859e+17	1.22029e+17	7.72089e+16	1.54418e+17	2.31627e+17	3.08836e+17	3.86045e+17	4.63254e+17	5.40463e+17	6.17671e+17	6.88961e+17	7.47167e+17	3.32958e+17	8.58284e+15	6.0677e+15	5.54787e+15	2.42776e+15	1.53606e+15	3.07213e+15	4.60819e+15	6.14426e+15	7.68032e+15	9.21639e+15	1.07525e+16	1.22885e+16	1.74223e+16	3.05667e+16	3.10781e+17	4.53321e+17	3.65585	3.59283	3.59283	3.59283	3.59283	3.59283	3.59283	3.59283	3.59283	3.59283	3.59283	3.55844	3.25645	4.67231	4.68386	
131937	6.85936e+17	2.78859e+17	1.22029e+17	7.7209e+16	1.54418e+17	2.31627e+17	3.08836e+17	3.86045e+17	4.63254e+17	5.40463e+17	6.17672e+17	6.8895e+17	7.47028e+17	3.32946e+17	8.58295e+15	6.06747e+15	5.54763e+15	2.42766e+15	1.536e+15	3.072e+15	4.608e+15	6.144e+15	7.68e+15	9.216e+15	1.0752e+16	1.2288e+16	1.74292e+16	3.06537e+16	3.10786e+17	4.53321e+17	3.65729	3.59437	3.59437	3.59437	3.59437	3.59437	3.59437	3.59437	3.59437	3.59437	3.59437	3.56003	3.25841	4.67209	4.68375	
132191	6.85936e+17	2.78859e+17	1.2203e+17	7.72091e+16	1.54418e+17	2.31627e+17	3.08837e+17	3.86046e+17	4.63255e+17	5.40464e+17	6.17673e+17	6.88939e+17	7.46888e+17	3.32935e+17	8.58306e+15	6.06724e+15	5.5474e+15	2.42756e+15	1.53593e+15	3.07187e+15	4.6078e+15	6.14374e+15	7.67967e+15	9.21561e+15	1.07515e+16	1.22875e+16	1.74359e+16	3.07415e+16	3.10792e+17	4.53321e+17	3.65873	3.59591	3.59591	3.59591	3.59591	3.59591	3.59591	3.59591	3.59591	3.59591	3.59591	3.56162	3.26038	4.67186	4.68364	
132442	6.85937e+17	2.7886e+17	1.2203e+17	7.72092e+16	1.54418e+17	2.31628e+17	3.08837e+17	3.86046e+17	4.63255e+17	5.40465e+17	6.17674e+17	6.88929e+17	7.46748e+17	3.32923e+17	8.58318e+15	6.06702e+15	5.54717e+15	2.42745e+15	1.53587e+15	3.07174e+15	4.60761e+15	6.14348e+15	7.67935e+15	9.21522e+15	1.07511e+16	1.2287e+16	1.74426e+16	3.08292e+16	3.10797e+17	4.53321e+17	3.66017	3.59745	3.59745	3.59745	3.59745	3.59745	3.59745	3.59745	3.59745	3.59745	3.59745	3.5632	3.26233	4.67164	4.68352	
132696	6.85937e+17	2.7886e+17	1.2203e+17	7.72094e+16	1.54419e+17	2.31628e+17	3.08837e+17	3.86047e+17	4.63256e+17	5.40465e+17	6.17675e+17	6.88918e+17	7.46606e+17	3.32912e+17	8.58329e+15	6.06679e+15	5.54693e+15	2.42735e+15	1.53581e+15	3.07161e+15	4.60742e+15	6.14322e+15	7.67903e+15	9.21484e+15	1.07506e+16	1.22864e+16	1.74491e+16	3.0918e+16	3.10803e+17	4.53321e+17	3.6616	3.59899	3.59899	3.59899	3.59899	3.59899	3.59899	3.59899	3.59899	3.59899	3.59899	3.56478	3.26429	4.6714	4.68341	
132948	6.85937e+17	2.78861e+17	1.2203e+17	7.72095e+16	1.54419e+17	2.31628e+17	3.08838e+17	3.86047e+17	4.63257e+17	5.40466e+17	6.17676e+17	6.88908e+17	7.46464e+17	3.329e+17	8.58341e+15	6.06657e+15	5.5467e+15	2.42725e+15	1.53574e+15	3.07148e+15	4.60723e+15	6.14297e+15	7.67871e+15	9.21445e+15	1.07502e+16	1.22859e+16	1.74555e+16	3.10067e+16	3.10808e+17	4.53321e+17	3.66303	3.60052	3.60052	3.60052	3.60052	3.60052	3.60052	3.60052	3.60052	3.60052	3.60052	3.56635	3.26623	4.67117	4.68329	
133201	6.85938e+17	2.78861e+17	1.2203e+17	7.72096e+16	1.54419e+17	2.31629e+17	3.08838e+17	3.86048e+17	4.63257e+17	5.40467e+17	6.17677e+17	6.88898e+17	7.46321e+17	3.32889e+17	8.58354e+15	6.06634e+15	5.54647e+15	2.42715e+15	1.53568e+15	3.07136e+15	4.60703e+15	6.14271e+15	7.67839e+15	9.21407e+15	1.07497e+16	1.22854e+16	1.74618e+16	3.10963e+16	3.10814e+17	4.53321e+17	3.66446	3.60205	3.60205	3.60205	3.60205	3.60205	3.60205	3.60205	3.60205	3.60205	3.60205	3.56793	3.26819	4.67094	4.68318	
133453	6.85938e+17	2.78861e+17	1.2203e+17	7.72097e+16	1.54419e+17	2.31629e+17	3.08839e+17	3.86048e+17	4.63258e+17	5.40468e+17	6.17677e+17	6.88888e+17	7.46178e+17	3.32877e+17	8.58367e+15	6.06612e+15	5.54624e+15	2.42705e+15	1.53561e+15	3.07123e+15	4.60684e+15	6.14246e+15	7.67807e+15	9.21369e+15	1.07493e+16	1.22849e+16	1.7468e+16	3.1186e+16	3.10819e+17	4.53321e+17	3.66589	3.60358	3.60358	3.60358	3.60358	3.60358	3.60358	3.60358	3.60358	3.60358	3.60358	3.56949	3.27013	4.6707	4.68306	
133706	6.85939e+17	2.78862e+17	1.22031e+17	7.72098e+16	1.5442e+17	2.31629e+17	3.08839e+17	3.86049e+17	4.63259e+17	5.40468e+17	6.17678e+17	6.88878e+17	7.46034e+17	3.32866e+17	8.5838e+15	6.06589e+15	5.54601e+15	2.42695e+15	1.53555e+15	3.0711e+15	4.60665e+15	6.1422e+15	7.67775e+15	9.2133e+15	1.07489e+16	1.22844e+16	1.74741e+16	3.12763e+16	3.10825e+17	4.53321e+17	3.66731	3.6051	3.6051	3.6051	3.6051	3.6051	3.6051	3.6051	3.6051	3.6051	3.6051	3.57106	3.27207	4.67046	4.68294	
133959	6.85939e+17	2.78862e+17	1.22031e+17	7.72099e+16	1.5442e+17	2.3163e+17	3.0884e+17	3.86049e+17	4.63259e+17	5.40469e+17	6.17679e+17	6.88868e+17	7.45889e+17	3.32854e+17	8.58393e+15	6.06567e+15	5.54578e+15	2.42685e+15	1.53549e+15	3.07097e+15	4.60646e+15	6.14195e+15	7.67744e+15	9.21292e+15	1.07484e+16	1.22839e+16	1.74801e+16	3.13671e+16	3.1083e+17	4.53321e+17	3.66874	3.60663	3.60663	3.60663	3.60663	3.60663	3.60663	3.60663	3.60663	3.60663	3.60663	3.57262	3.27401	4.67022	4.68281	
134210	6.8594e+17	2.78862e+17	1.22031e+17	7.721e+16	1.5442e+17	2.3163e+17	3.0884e+17	3.8605e+17	4.6326e+17	5.4047e+17	6.1768e+17	6.88859e+17	7.45744e+17	3.32843e+17	8.58407e+15	6.06545e+15	5.54556e+15	2.42675e+15	1.53542e+15	3.07085e+15	4.60627e+15	6.1417e+15	7.67712e+15	9.21255e+15	1.0748e+16	1.22834e+16	1.7486e+16	3.14579e+16	3.10835e+17	4.53321e+17	3.67015	3.60814	3.60814	3.60814	3.60814	3.60814	3.60814	3.60814	3.60814	3.60814	3.60814	3.57417	3.27594	4.66998	4.68269	
134464	6.8594e+17	2.78863e+17	1.22031e+17	7.72101e+16	1.5442e+17	2.3163e+17	3.0884e+17	3.8605e+17	4.6326e+17	5.40471e+17	6.17681e+17	6.8885e+17	7.45597e+17	3.32832e+17	8.58422e+15	6.06523e+15	5.54533e+15	2.42665e+15	1.53536e+15	3.07072e+15	4.60608e+15	6.14145e+15	7.67681e+15	9.21217e+15	1.07475e+16	1.22829e+16	1.74919e+16	3.15497e+16	3.10841e+17	4.53321e+17	3.67158	3.60967	3.60967	3.60967	3.60967	3.60967	3.60967	3.60967	3.60967	3.60967	3.60967	3.57573	3.27788	4.66973	4.68256	
134716	6.8594e+17	2.78863e+17	1.22031e+17	7.72102e+16	1.5442e+17	2.31631e+17	3.08841e+17	3.86051e+17	4.63261e+17	5.40471e+17	6.17681e+17	6.8884e+17	7.45451e+17	3.32821e+17	8.58436e+15	6.06501e+15	5.5451e+15	2.42655e+15	1.5353e+15	3.0706e+15	4.6059e+15	6.1412e+15	7.67649e+15	9.21179e+15	1.07471e+16	1.22824e+16	1.74976e+16	3.16413e+16	3.10846e+17	4.53321e+17	3.67299	3.61118	3.61118	3.61118	3.61118	3.61118	3.61118	3.61118	3.61118	3.61118	3.61118	3.57727	3.2798	4.66948	4.68244	
134969	6.85941e+17	2.78864e+17	1.22031e+17	7.72103e+16	1.54421e+17	2.31631e+17	3.08841e+17	3.86051e+17	4.63262e+17	5.40472e+17	6.17682e+17	6.88831e+17	7.45303e+17	3.32809e+17	8.58451e+15	6.06479e+15	5.54488e+15	2.42645e+15	1.53524e+15	3.07047e+15	4.60571e+15	6.14094e+15	7.67618e+15	9.21142e+15	1.07467e+16	1.22819e+16	1.75033e+16	3.17338e+16	3.10852e+17	4.53321e+17	3.6744	3.61269	3.61269	3.61269	3.61269	3.61269	3.61269	3.61269	3.61269	3.61269	3.61269	3.57882	3.28173	4.66923	4.68231	
135221	6.85941e+17	2.78864e+17	1.22032e+17	7.72104e+16	1.54421e+17	2.31631e+17	3.08842e+17	3.86052e+17	4.63262e+17	5.40473e+17	6.17683e+17	6.88822e+17	7.45155e+17	3.32798e+17	8.58467e+15	6.06457e+15	5.54465e+15	2.42635e+15	1.53517e+15	3.07035e+15	4.60552e+15	6.1407e+15	7.67587e+15	9.21104e+15	1.07462e+16	1.22814e+16	1.75088e+16	3.18264e+16	3.10857e+17	4.53321e+17	3.67582	3.6142	3.6142	3.6142	3.6142	3.6142	3.6142	3.6142	3.6142	3.6142	3.6142	3.58037	3.28365	4.66898	4.68217	
135473	6.85942e+17	2.78864e+17	1.22032e+17	7.72105e+16	1.54421e+17	2.31631e+17	3.08842e+17	3.86052e+17	4.63263e+17	5.40473e+17	6.17684e+17	6.88813e+17	7.45007e+17	3.32787e+17	8.58483e+15	6.06435e+15	5.54443e+15	2.42626e+15	1.53511e+15	3.07022e+15	4.60534e+15	6.14045e+15	7.67556e+15	9.21067e+15	1.07458e+16	1.22809e+16	1.75143e+16	3.19193e+16	3.10862e+17	4.53321e+17	3.67722	3.61571	3.61571	3.61571	3.61571	3.61571	3.61571	3.61571	3.61571	3.61571	3.61571	3.5819	3.28557	4.66873	4.68204	
135726	6.85942e+17	2.78865e+17	1.22032e+17	7.72106e+16	1.54421e+17	2.31632e+17	3.08842e+17	3.86053e+17	4.63264e+17	5.40474e+17	6.17685e+17	6.88805e+17	7.44858e+17	3.32776e+17	8.58499e+15	6.06413e+15	5.5442e+15	2.42616e+15	1.53505e+15	3.0701e+15	4.60515e+15	6.1402e+15	7.67525e+15	9.2103e+15	1.07453e+16	1.22804e+16	1.75198e+16	3.20129e+16	3.10868e+17	4.53321e+17	3.67863	3.61721	3.61721	3.61721	3.61721	3.61721	3.61721	3.61721	3.61721	3.61721	3.61721	3.58344	3.28749	4.66847	4.68191	
135979	6.85942e+17	2.78865e+17	1.22032e+17	7.72107e+16	1.54421e+17	2.31632e+17	3.08843e+17	3.86053e+17	4.63264e+17	5.40475e+17	6.17686e+17	6.88796e+17	7.44708e+17	3.32765e+17	8.58516e+15	6.06392e+15	5.54398e+15	2.42606e+15	1.53499e+15	3.06998e+15	4.60496e+15	6.13995e+15	7.67494e+15	9.20993e+15	1.07449e+16	1.22799e+16	1.75251e+16	3.21065e+16	3.10873e+17	4.53321e+17	3.68004	3.61872	3.61872	3.61872	3.61872	3.61872	3.61872	3.61872	3.61872	3.61872	3.61872	3.58497	3.2894	4.66821	4.68177	
136232	6.85943e+17	2.78865e+17	1.22032e+17	7.72108e+16	1.54422e+17	2.31632e+17	3.08843e+17	3.86054e+17	4.63265e+17	5.40476e+17	6.17686e+17	6.88787e+17	7.44558e+17	3.32754e+17	8.58533e+15	6.0637e+15	5.54376e+15	2.42596e+15	1.53493e+15	3.06985e+15	4.60478e+15	6.1397e+15	7.67463e+15	9.20956e+15	1.07445e+16	1.22794e+16	1.75304e+16	3.22008e+16	3.10878e+17	4.53321e+17	3.68144	3.62022	3.62022	3.62022	3.62022	3.62022	3.62022	3.62022	3.62022	3.62022	3.62022	3.58651	3.29131	4.66795	4.68163	
136484	6.85943e+17	2.78866e+17	1.22032e+17	7.72109e+16	1.54422e+17	2.31633e+17	3.08844e+17	3.86054e+17	4.63265e+17	5.40476e+17	6.17687e+17	6.88779e+17	7.44407e+17	3.32743e+17	8.5855e+15	6.06349e+15	5.54354e+15	2.42587e+15	1.53486e+15	3.06973e+15	4.60459e+15	6.13946e+15	7.67432e+15	9.20919e+15	1.07441e+16	1.22789e+16	1.75356e+16	3.2295e+16	3.10883e+17	4.53321e+17	3.68284	3.62171	3.62171	3.62171	3.62171	3.62171	3.62171	3.62171	3.62171	3.62171	3.62171	3.58803	3.29321	4.66769	4.68149	
136737	6.85944e+17	2.78866e+17	1.22033e+17	7.7211e+16	1.54422e+17	2.31633e+17	3.08844e+17	3.86055e+17	4.63266e+17	5.40477e+17	6.17688e+17	6.88771e+17	7.44255e+17	3.32732e+17	8.58568e+15	6.06327e+15	5.54331e+15	2.42577e+15	1.5348e+15	3.06961e+15	4.60441e+15	6.13921e+15	7.67402e+15	9.20882e+15	1.07436e+16	1.22784e+16	1.75407e+16	3.239e+16	3.10889e+17	4.53321e+17	3.68424	3.62321	3.62321	3.62321	3.62321	3.62321	3.62321	3.62321	3.62321	3.62321	3.62321	3.58956	3.29511	4.66742	4.68135	
136989	6.85944e+17	2.78867e+17	1.22033e+17	7.72111e+16	1.54422e+17	2.31633e+17	3.08844e+17	3.86055e+17	4.63267e+17	5.40478e+17	6.17689e+17	6.88763e+17	7.44104e+17	3.32721e+17	8.58587e+15	6.06306e+15	5.54309e+15	2.42567e+15	1.53474e+15	3.06949e+15	4.60423e+15	6.13897e+15	7.67371e+15	9.20846e+15	1.07432e+16	1.22779e+16	1.75458e+16	3.24849e+16	3.10894e+17	4.53321e+17	3.68564	3.6247	3.6247	3.6247	3.6247	3.6247	3.6247	3.6247	3.6247	3.6247	3.6247	3.59108	3.29701	4.66715	4.68121	
137242	6.85944e+17	2.78867e+17	1.22033e+17	7.72112e+16	1.54422e+17	2.31634e+17	3.08845e+17	3.86056e+17	4.63267e+17	5.40478e+17	6.1769e+17	6.88755e+17	7.43952e+17	3.3271e+17	8.58606e+15	6.06285e+15	5.54287e+15	2.42558e+15	1.53468e+15	3.06936e+15	4.60405e+15	6.13873e+15	7.67341e+15	9.20809e+15	1.07428e+16	1.22775e+16	1.75508e+16	3.25801e+16	3.10899e+17	4.53321e+17	3.68703	3.62619	3.62619	3.62619	3.62619	3.62619	3.62619	3.62619	3.62619	3.62619	3.62619	3.5926	3.2989	4.66688	4.68106	
137495	6.85945e+17	2.78867e+17	1.22033e+17	7.72113e+16	1.54423e+17	2.31634e+17	3.08845e+17	3.86056e+17	4.63268e+17	5.40479e+17	6.1769e+17	6.88746e+17	7.43798e+17	3.32699e+17	8.58625e+15	6.06263e+15	5.54265e+15	2.42548e+15	1.53462e+15	3.06924e+15	4.60386e+15	6.13848e+15	7.6731e+15	9.20773e+15	1.07423e+16	1.2277e+16	1.75558e+16	3.26761e+16	3.10904e+17	4.53321e+17	3.68843	3.62769	3.62769	3.62769	3.62769	3.62769	3.62769	3.62769	3.62769	3.62769	3.62769	3.59412	3.30079	4.66661	4.68091	
137747	6.85945e+17	2.78868e+17	1.22033e+17	7.72114e+16	1.54423e+17	2.31634e+17	3.08846e+17	3.86057e+17	4.63268e+17	5.4048e+17	6.17691e+17	6.88739e+17	7.43645e+17	3.32688e+17	8.58645e+15	6.06242e+15	5.54244e+15	2.42538e+15	1.53456e+15	3.06912e+15	4.60368e+15	6.13824e+15	7.6728e+15	9.20736e+15	1.07419e+16	1.22765e+16	1.75607e+16	3.27718e+16	3.10909e+17	4.53321e+17	3.68982	3.62917	3.62917	3.62917	3.62917	3.62917	3.62917	3.62917	3.62917	3.62917	3.62917	3.59563	3.30267	4.66633	4.68076	
138000	6.85946e+17	2.78868e+17	1.22033e+17	7.72115e+16	1.54423e+17	2.31634e+17	3.08846e+17	3.86057e+17	4.63269e+17	5.4048e+17	6.17692e+17	6.88731e+17	7.43491e+17	3.32678e+17	8.58665e+15	6.06221e+15	5.54222e+15	2.42529e+15	1.5345e+15	3.069e+15	4.6035e+15	6.138e+15	7.6725e+15	9.207e+15	1.07415e+16	1.2276e+16	1.75656e+16	3.28683e+16	3.10915e+17	4.53321e+17	3.69121	3.63066	3.63066	3.63066	3.63066	3.63066	3.63066	3.63066	3.63066	3.63066	3.63066	3.59714	3.30456	4.66605	4.68061	
138253	6.85946e+17	2.78868e+17	1.22033e+17	7.72116e+16	1.54423e+17	2.31635e+17	3.08846e+17	3.86058e+17	4.6327e+17	5.40481e+17	6.17693e+17	6.88723e+17	7.43337e+17	3.32667e+17	8.58686e+15	6.062e+15	5.542e+15	2.42519e+15	1.53444e+15	3.06888e+15	4.60332e+15	6.13776e+15	7.6722e+15	9.20664e+15	1.07411e+16	1.22755e+16	1.75704e+16	3.29645e+16	3.1092e+17	4.53321e+17	3.69259	3.63214	3.63214	3.63214	3.63214	3.63214	3.63214	3.63214	3.63214	3.63214	3.63214	3.59864	3.30644	4.66578	4.68046	
138506	6.85946e+17	2.78869e+17	1.22034e+17	7.72117e+16	1.54423e+17	2.31635e+17	3.08847e+17	3.86058e+17	4.6327e+17	5.40482e+17	6.17693e+17	6.88715e+17	7.43182e+17	3.32656e+17	8.58707e+15	6.06179e+15	5.54179e+15	2.4251e+15	1.53438e+15	3.06876e+15	4.60314e+15	6.13752e+15	7.6719e+15	9.20628e+15	1.07407e+16	1.2275e+16	1.75752e+16	3.30615e+16	3.10925e+17	4.53321e+17	3.69398	3.63362	3.63362	3.63362	3.63362	3.63362	3.63362	3.63362	3.63362	3.63362	3.63362	3.60015	3.30831	4.66549	4.6803	
138758	6.85947e+17	2.78869e+17	1.22034e+17	7.72118e+16	1.54424e+17	2.31635e+17	3.08847e+17	3.86059e+17	4.63271e+17	5.40482e+17	6.17694e+17	6.88708e+17	7.43028e+17	3.32646e+17	8.58728e+15	6.06158e+15	5.54157e+15	2.42501e+15	1.53432e+15	3.06864e+15	4.60296e+15	6.13728e+15	7.6716e+15	9.20592e+15	1.07402e+16	1.22746e+16	1.75799e+16	3.31584e+16	3.1093e+17	4.53321e+17	3.69536	3.6351	3.6351	3.6351	3.6351	3.6351	3.6351	3.6351	3.6351	3.6351	3.6351	3.60165	3.31018	4.66521	4.68014	
139011	6.85947e+17	2.78869e+17	1.22034e+17	7.72119e+16	1.54424e+17	2.31636e+17	3.08848e+17	3.86059e+17	4.63271e+17	5.40483e+17	6.17695e+17	6.887e+17	7.42872e+17	3.32635e+17	8.5875e+15	6.06137e+15	5.54135e+15	2.42491e+15	1.53426e+15	3.06852e+15	4.60278e+15	6.13704e+15	7.67131e+15	9.20557e+15	1.07398e+16	1.22741e+16	1.75846e+16	3.32558e+16	3.10935e+17	4.53321e+17	3.69674	3.63657	3.63657	3.63657	3.63657	3.63657	3.63657	3.63657	3.63657	3.63657	3.63657	3.60315	3.31205	4.66492	4.67998	
139264	6.85948e+17	2.7887e+17	1.22034e+17	7.7212e+16	1.54424e+17	2.31636e+17	3.08848e+17	3.8606e+17	4.63272e+17	5.40484e+17	6.17696e+17	6.88693e+17	7.42716e+17	3.32625e+17	8.58773e+15	6.06116e+15	5.54114e+15	2.42482e+15	1.5342e+15	3.0684e+15	4.6026e+15	6.13681e+15	7.67101e+15	9.20521e+15	1.07394e+16	1.22736e+16	1.75892e+16	3.33533e+16	3.1094e+17	4.53321e+17	3.69812	3.63805	3.63805	3.63805	3.63805	3.63805	3.63805	3.63805	3.63805	3.63805	3.63805	3.60465	3.31392	4.66463	4.67982	
139516	6.85948e+17	2.7887e+17	1.22034e+17	7.72121e+16	1.54424e+17	2.31636e+17	3.08848e+17	3.8606e+17	4.63272e+17	5.40485e+17	6.17697e+17	6.88685e+17	7.42561e+17	3.32614e+17	8.58796e+15	6.06096e+15	5.54093e+15	2.42472e+15	1.53414e+15	3.06829e+15	4.60243e+15	6.13657e+15	7.67071e+15	9.20486e+15	1.0739e+16	1.22731e+16	1.75938e+16	3.34507e+16	3.10945e+17	4.53321e+17	3.6995	3.63951	3.63951	3.63951	3.63951	3.63951	3.63951	3.63951	3.63951	3.63951	3.63951	3.60614	3.31577	4.66434	4.67966	
139769	6.85948e+17	2.7887e+17	1.22034e+17	7.72122e+16	1.54424e+17	2.31637e+17	3.08849e+17	3.86061e+17	4.63273e+17	5.40485e+17	6.17697e+17	6.88678e+17	7.42404e+17	3.32604e+17	8.58819e+15	6.06075e+15	5.54071e+15	2.42463e+15	1.53408e+15	3.06817e+15	4.60225e+15	6.13633e+15	7.67042e+15	9.2045e+15	1.07386e+16	1.22727e+16	1.75983e+16	3.35489e+16	3.1095e+17	4.53321e+17	3.70087	3.64098	3.64098	3.64098	3.64098	3.64098	3.64098	3.64098	3.64098	3.64098	3.64098	3.60764	3.31763	4.66404	4.67949	
140021	6.85949e+17	2.78871e+17	1.22035e+17	7.72123e+16	1.54425e+17	2.31637e+17	3.08849e+17	3.86061e+17	4.63274e+17	5.40486e+17	6.17698e+17	6.88671e+17	7.42247e+17	3.32593e+17	8.58843e+15	6.06054e+15	5.5405e+15	2.42454e+15	1.53402e+15	3.06805e+15	4.60207e+15	6.1361e+15	7.67012e+15	9.20415e+15	1.07382e+16	1.22722e+16	1.76028e+16	3.36467e+16	3.10955e+17	4.53321e+17	3.70224	3.64245	3.64245	3.64245	3.64245	3.64245	3.64245	3.64245	3.64245	3.64245	3.64245	3.60912	3.31948	4.66375	4.67933	
140275	6.85949e+17	2.78871e+17	1.22035e+17	7.72124e+16	1.54425e+17	2.31637e+17	3.08849e+17	3.86062e+17	4.63274e+17	5.40487e+17	6.17699e+17	6.88663e+17	7.4209e+17	3.32583e+17	8.58868e+15	6.06034e+15	5.54029e+15	2.42444e+15	1.53397e+15	3.06793e+15	4.6019e+15	6.13586e+15	7.66983e+15	9.2038e+15	1.07378e+16	1.22717e+16	1.76073e+16	3.37452e+16	3.1096e+17	4.53321e+17	3.70362	3.64391	3.64391	3.64391	3.64391	3.64391	3.64391	3.64391	3.64391	3.64391	3.64391	3.61061	3.32133	4.66345	4.67915	
140527	6.8595e+17	2.78871e+17	1.22035e+17	7.72125e+16	1.54425e+17	2.31637e+17	3.0885e+17	3.86062e+17	4.63275e+17	5.40487e+17	6.177e+17	6.88656e+17	7.41933e+17	3.32573e+17	8.58893e+15	6.06013e+15	5.54008e+15	2.42435e+15	1.53391e+15	3.06782e+15	4.60172e+15	6.13563e+15	7.66954e+15	9.20345e+15	1.07374e+16	1.22713e+16	1.76117e+16	3.38436e+16	3.10965e+17	4.53321e+17	3.70498	3.64537	3.64537	3.64537	3.64537	3.64537	3.64537	3.64537	3.64537	3.64537	3.64537	3.61209	3.32317	4.66314	4.67898	
140779	6.8595e+17	2.78872e+17	1.22035e+17	7.72126e+16	1.54425e+17	2.31638e+17	3.0885e+17	3.86063e+17	4.63275e+17	5.40488e+17	6.177e+17	6.88649e+17	7.41775e+17	3.32563e+17	8.58919e+15	6.05993e+15	5.53987e+15	2.42426e+15	1.53385e+15	3.0677e+15	4.60155e+15	6.1354e+15	7.66925e+15	9.2031e+15	1.07369e+16	1.22708e+16	1.76161e+16	3.3942e+16	3.10969e+17	4.53321e+17	3.70635	3.64683	3.64683	3.64683	3.64683	3.64683	3.64683	3.64683	3.64683	3.64683	3.64683	3.61357	3.32501	4.66284	4.67881	
141033	6.8595e+17	2.78872e+17	1.22035e+17	7.72127e+16	1.54425e+17	2.31638e+17	3.08851e+17	3.86063e+17	4.63276e+17	5.40489e+17	6.17701e+17	6.88642e+17	7.41617e+17	3.32553e+17	8.58945e+15	6.05973e+15	5.53966e+15	2.42417e+15	1.53379e+15	3.06758e+15	4.60137e+15	6.13517e+15	7.66896e+15	9.20275e+15	1.07365e+16	1.22703e+16	1.76205e+16	3.40411e+16	3.10974e+17	4.53321e+17	3.70772	3.64829	3.64829	3.64829	3.64829	3.64829	3.64829	3.64829	3.64829	3.64829	3.64829	3.61506	3.32685	4.66253	4.67863	
141285	6.85951e+17	2.78872e+17	1.22035e+17	7.72127e+16	1.54425e+17	2.31638e+17	3.08851e+17	3.86064e+17	4.63276e+17	5.40489e+17	6.17702e+17	6.88635e+17	7.41459e+17	3.32543e+17	8.58971e+15	6.05953e+15	5.53945e+15	2.42408e+15	1.53373e+15	3.06747e+15	4.6012e+15	6.13493e+15	7.66867e+15	9.2024e+15	1.07361e+16	1.22699e+16	1.76248e+16	3.41399e+16	3.10979e+17	4.53321e+17	3.70908	3.64974	3.64974	3.64974	3.64974	3.64974	3.64974	3.64974	3.64974	3.64974	3.64974	3.61653	3.32868	4.66222	4.67845	
141538	6.85951e+17	2.78873e+17	1.22035e+17	7.72128e+16	1.54426e+17	2.31639e+17	3.08851e+17	3.86064e+17	4.63277e+17	5.4049e+17	6.17703e+17	6.88628e+17	7.413e+17	3.32533e+17	8.58998e+15	6.05932e+15	5.53924e+15	2.42399e+15	1.53368e+15	3.06735e+15	4.60103e+15	6.1347e+15	7.66838e+15	9.20205e+15	1.07357e+16	1.22694e+16	1.76292e+16	3.42392e+16	3.10984e+17	4.53321e+17	3.71044	3.6512	3.6512	3.6512	3.6512	3.6512	3.6512	3.6512	3.6512	3.6512	3.6512	3.61801	3.33051	4.66191	4.67827	
141791	6.85951e+17	2.78873e+17	1.22036e+17	7.72129e+16	1.54426e+17	2.31639e+17	3.08852e+17	3.86065e+17	4.63278e+17	5.40491e+17	6.17703e+17	6.88621e+17	7.41142e+17	3.32523e+17	8.59026e+15	6.05912e+15	5.53903e+15	2.4239e+15	1.53362e+15	3.06724e+15	4.60086e+15	6.13447e+15	7.66809e+15	9.20171e+15	1.07353e+16	1.22689e+16	1.76334e+16	3.43382e+16	3.10989e+17	4.53321e+17	3.71179	3.65264	3.65264	3.65264	3.65264	3.65264	3.65264	3.65264	3.65264	3.65264	3.65264	3.61948	3.33233	4.6616	4.67809	
142044	6.85952e+17	2.78874e+17	1.22036e+17	7.7213e+16	1.54426e+17	2.31639e+17	3.08852e+17	3.86065e+17	4.63278e+17	5.40491e+17	6.17704e+17	6.88614e+17	7.40983e+17	3.32513e+17	8.59054e+15	6.05892e+15	5.53883e+15	2.4238e+15	1.53356e+15	3.06712e+15	4.60068e+15	6.13424e+15	7.6678e+15	9.20137e+15	1.07349e+16	1.22685e+16	1.76377e+16	3.44379e+16	3.10993e+17	4.53321e+17	3.71315	3.6541	3.6541	3.6541	3.6541	3.6541	3.6541	3.6541	3.6541	3.6541	3.6541	3.62095	3.33416	4.66128	4.6779	
142296	6.85952e+17	2.78874e+17	1.22036e+17	7.72131e+16	1.54426e+17	2.31639e+17	3.08852e+17	3.86066e+17	4.63279e+17	5.40492e+17	6.17705e+17	6.88608e+17	7.40824e+17	3.32503e+17	8.59083e+15	6.05872e+15	5.53862e+15	2.42371e+15	1.5335e+15	3.06701e+15	4.60051e+15	6.13402e+15	7.66752e+15	9.20102e+15	1.07345e+16	1.2268e+16	1.76419e+16	3.45372e+16	3.10998e+17	4.53321e+17	3.7145	3.65554	3.65554	3.65554	3.65554	3.65554	3.65554	3.65554	3.65554	3.65554	3.65554	3.62241	3.33597	4.66096	4.67772	
142549	6.85953e+17	2.78874e+17	1.22036e+17	7.72132e+16	1.54426e+17	2.3164e+17	3.08853e+17	3.86066e+17	4.63279e+17	5.40493e+17	6.17706e+17	6.88601e+17	7.40665e+17	3.32493e+17	8.59112e+15	6.05852e+15	5.53841e+15	2.42362e+15	1.53345e+15	3.06689e+15	4.60034e+15	6.13379e+15	7.66723e+15	9.20068e+15	1.07341e+16	1.22676e+16	1.76461e+16	3.46367e+16	3.11003e+17	4.53321e+17	3.71586	3.65698	3.65698	3.65698	3.65698	3.65698	3.65698	3.65698	3.65698	3.65698	3.65698	3.62388	3.33778	4.66064	4.67753	
142802	6.85953e+17	2.78875e+17	1.22036e+17	7.72133e+16	1.54427e+17	2.3164e+17	3.08853e+17	3.86067e+17	4.6328e+17	5.40493e+17	6.17706e+17	6.88594e+17	7.40505e+17	3.32483e+17	8.59142e+15	6.05832e+15	5.53821e+15	2.42353e+15	1.53339e+15	3.06678e+15	4.60017e+15	6.13356e+15	7.66695e+15	9.20034e+15	1.07337e+16	1.22671e+16	1.76502e+16	3.47367e+16	3.11007e+17	4.53321e+17	3.71721	3.65843	3.65843	3.65843	3.65843	3.65843	3.65843	3.65843	3.65843	3.65843	3.65843	3.62534	3.3396	4.66031	4.67734	
143054	6.85953e+17	2.78875e+17	1.22036e+17	7.72134e+16	1.54427e+17	2.3164e+17	3.08854e+17	3.86067e+17	4.6328e+17	5.40494e+17	6.17707e+17	6.88587e+17	7.40346e+17	3.32474e+17	8.59173e+15	6.05813e+15	5.538e+15	2.42345e+15	1.53333e+15	3.06667e+15	4.6e+15	6.13333e+15	7.66667e+15	9.2e+15	1.07333e+16	1.22667e+16	1.76544e+16	3.48362e+16	3.11012e+17	4.53321e+17	3.71855	3.65986	3.65986	3.65986	3.65986	3.65986	3.65986	3.65986	3.65986	3.65986	3.65986	3.6268	3.3414	4.65999	4.67714	
143308	6.85954e+17	2.78875e+17	1.22037e+17	7.72135e+16	1.54427e+17	2.3164e+17	3.08854e+17	3.86067e+17	4.63281e+17	5.40494e+17	6.17708e+17	6.88581e+17	7.40186e+17	3.32464e+17	8.59204e+15	6.05793e+15	5.5378e+15	2.42336e+15	1.53328e+15	3.06655e+15	4.59983e+15	6.13311e+15	7.66638e+15	9.19966e+15	1.07329e+16	1.22662e+16	1.76585e+16	3.49364e+16	3.11016e+17	4.53321e+17	3.7199	3.6613	3.6613	3.6613	3.6613	3.6613	3.6613	3.6613	3.6613	3.6613	3.6613	3.62826	3.3432	4.65965	4.67694	
143560	6.85954e+17	2.78876e+17	1.22037e+17	7.72136e+16	1.54427e+17	2.31641e+17	3.08854e+17	3.86068e+17	4.63282e+17	5.40495e+17	6.17709e+17	6.88574e+17	7.40026e+17	3.32455e+17	8.59235e+15	6.05773e+15	5.5376e+15	2.42327e+15	1.53322e+15	3.06644e+15	4.59966e+15	6.13288e+15	7.6661e+15	9.19932e+15	1.07325e+16	1.22658e+16	1.76626e+16	3.50361e+16	3.11021e+17	4.53321e+17	3.72125	3.66274	3.66274	3.66274	3.66274	3.66274	3.66274	3.66274	3.66274	3.66274	3.66274	3.62971	3.34499	4.65932	4.67675	
143814	6.85954e+17	2.78876e+17	1.22037e+17	7.72137e+16	1.54427e+17	2.31641e+17	3.08855e+17	3.86068e+17	4.63282e+17	5.40496e+17	6.17709e+17	6.88567e+17	7.39866e+17	3.32445e+17	8.59267e+15	6.05754e+15	5.53739e+15	2.42318e+15	1.53316e+15	3.06633e+15	4.59949e+15	6.13266e+15	7.66582e+15	9.19899e+15	1.07322e+16	1.22653e+16	1.76667e+16	3.51364e+16	3.11026e+17	4.53321e+17	3.72259	3.66417	3.66417	3.66417	3.66417	3.66417	3.66417	3.66417	3.66417	3.66417	3.66417	3.63117	3.34679	4.65899	4.67654	
144066	6.85955e+17	2.78876e+17	1.22037e+17	7.72138e+16	1.54428e+17	2.31641e+17	3.08855e+17	3.86069e+17	4.63283e+17	5.40496e+17	6.1771e+17	6.88561e+17	7.39706e+17	3.32436e+17	8.593e+15	6.05734e+15	5.53719e+15	2.42309e+15	1.53311e+15	3.06622e+15	4.59933e+15	6.13243e+15	7.66554e+15	9.19865e+15	1.07318e+16	1.22649e+16	1.76707e+16	3.52363e+16	3.1103e+17	4.53321e+17	3.72393	3.6656	3.6656	3.6656	3.6656	3.6656	3.6656	3.6656	3.6656	3.6656	3.6656	3.63262	3.34858	4.65865	4.67634	
144319	6.85955e+17	2.78877e+17	1.22037e+17	7.72139e+16	1.54428e+17	2.31642e+17	3.08855e+17	3.86069e+17	4.63283e+17	5.40497e+17	6.17711e+17	6.88554e+17	7.39546e+17	3.32427e+17	8.59334e+15	6.05715e+15	5.53699e+15	2.423e+15	1.53305e+15	3.06611e+15	4.59916e+15	6.13221e+15	7.66526e+15	9.19832e+15	1.07314e+16	1.22644e+16	1.76747e+16	3.53366e+16	3.11034e+17	4.53321e+17	3.72527	3.66703	3.66703	3.66703	3.66703	3.66703	3.66703	3.66703	3.66703	3.66703	3.66703	3.63407	3.35036	4.65831	4.67613	
144572	6.85956e+17	2.78877e+17	1.22037e+17	7.7214e+16	1.54428e+17	2.31642e+17	3.08856e+17	3.8607e+17	4.63284e+17	5.40498e+17	6.17712e+17	6.88548e+17	7.39385e+17	3.32418e+17	8.59367e+15	6.05695e+15	5.53679e+15	2.42291e+15	1.533e+15	3.06599e+15	4.59899e+15	6.13199e+15	7.66499e+15	9.19798e+15	1.0731e+16	1.2264e+16	1.76787e+16	3.54368e+16	3.11039e+17	4.53321e+17	3.72661	3.66846	3.66846	3.66846	3.66846	3.66846	3.66846	3.66846	3.66846	3.66846	3.66846	3.63552	3.35215	4.65797	4.67593	
144824	6.85956e+17	2.78877e+17	1.22037e+17	7.7214e+16	1.54428e+17	2.31642e+17	3.08856e+17	3.8607e+17	4.63284e+17	5.40498e+17	6.17712e+17	6.88541e+17	7.39225e+17	3.32409e+17	8.59402e+15	6.05676e+15	5.53659e+15	2.42283e+15	1.53294e+15	3.06588e+15	4.59883e+15	6.13177e+15	7.66471e+15	9.19765e+15	1.07306e+16	1.22635e+16	1.76827e+16	3.55367e+16	3.11043e+17	4.53321e+17	3.72794	3.66988	3.66988	3.66988	3.66988	3.66988	3.66988	3.66988	3.66988	3.66988	3.66988	3.63696	3.35392	4.65762	4.67572	
145078	6.85956e+17	2.78877e+17	1.22038e+17	7.72141e+16	1.54428e+17	2.31642e+17	3.08857e+17	3.86071e+17	4.63285e+17	5.40499e+17	6.17713e+17	6.88535e+17	7.39065e+17	3.32399e+17	8.59437e+15	6.05657e+15	5.53639e+15	2.42274e+15	1.53289e+15	3.06577e+15	4.59866e+15	6.13155e+15	7.66443e+15	9.19732e+15	1.07302e+16	1.22631e+16	1.76867e+16	3.56372e+16	3.11047e+17	4.53321e+17	3.72927	3.6713	3.6713	3.6713	3.6713	3.6713	3.6713	3.6713	3.6713	3.6713	3.6713	3.6384	3.35569	4.65727	4.6755	
145330	6.85957e+17	2.78878e+17	1.22038e+17	7.72142e+16	1.54428e+17	2.31643e+17	3.08857e+17	3.86071e+17	4.63285e+17	5.405e+17	6.17714e+17	6.88529e+17	7.38905e+17	3.3239e+17	8.59473e+15	6.05637e+15	5.53619e+15	2.42265e+15	1.53283e+15	3.06566e+15	4.5985e+15	6.13133e+15	7.66416e+15	9.19699e+15	1.07298e+16	1.22627e+16	1.76906e+16	3.57372e+16	3.11052e+17	4.53321e+17	3.7306	3.67272	3.67272	3.67272	3.67272	3.67272	3.67272	3.67272	3.67272	3.67272	3.67272	3.63984	3.35746	4.65692	4.67529	
145583	6.85957e+17	2.78878e+17	1.22038e+17	7.72143e+16	1.54429e+17	2.31643e+17	3.08857e+17	3.86072e+17	4.63286e+17	5.405e+17	6.17714e+17	6.88522e+17	7.38744e+17	3.32382e+17	8.59509e+15	6.05618e+15	5.53599e+15	2.42257e+15	1.53278e+15	3.06555e+15	4.59833e+15	6.13111e+15	7.66388e+15	9.19666e+15	1.07294e+16	1.22622e+16	1.76946e+16	3.58377e+16	3.11056e+17	4.53321e+17	3.73193	3.67414	3.67414	3.67414	3.67414	3.67414	3.67414	3.67414	3.67414	3.67414	3.67414	3.64128	3.35923	4.65657	4.67507	
145836	6.85957e+17	2.78878e+17	1.22038e+17	7.72144e+16	1.54429e+17	2.31643e+17	3.08858e+17	3.86072e+17	4.63286e+17	5.40501e+17	6.17715e+17	6.88516e+17	7.38584e+17	3.32373e+17	8.59546e+15	6.05599e+15	5.5358e+15	2.42248e+15	1.53272e+15	3.06544e+15	4.59817e+15	6.13089e+15	7.66361e+15	9.19633e+15	1.07291e+16	1.22618e+16	1.76985e+16	3.59379e+16	3.1106e+17	4.53321e+17	3.73325	3.67556	3.67556	3.67556	3.67556	3.67556	3.67556	3.67556	3.67556	3.67556	3.67556	3.64272	3.36098	4.65621	4.67485	
146088	6.85958e+17	2.78879e+17	1.22038e+17	7.72145e+16	1.54429e+17	2.31643e+17	3.08858e+17	3.86072e+17	4.63287e+17	5.40501e+17	6.17716e+17	6.8851e+17	7.38424e+17	3.32364e+17	8.59584e+15	6.0558e+15	5.5356e+15	2.42239e+15	1.53267e+15	3.06534e+15	4.598e+15	6.13067e+15	7.66334e+15	9.19601e+15	1.07287e+16	1.22613e+16	1.77024e+16	3.60379e+16	3.11064e+17	4.53321e+17	3.73458	3.67697	3.67697	3.67697	3.67697	3.67697	3.67697	3.67697	3.67697	3.67697	3.67697	3.64415	3.36274	4.65585	4.67463	
146342	6.85958e+17	2.78879e+17	1.22038e+17	7.72146e+16	1.54429e+17	2.31644e+17	3.08858e+17	3.86073e+17	4.63287e+17	5.40502e+17	6.17717e+17	6.88503e+17	7.38263e+17	3.32355e+17	8.59622e+15	6.05561e+15	5.5354e+15	2.42231e+15	1.53261e+15	3.06523e+15	4.59784e+15	6.13045e+15	7.66307e+15	9.19568e+15	1.07283e+16	1.22609e+16	1.77063e+16	3.61384e+16	3.11069e+17	4.53321e+17	3.7359	3.67838	3.67838	3.67838	3.67838	3.67838	3.67838	3.67838	3.67838	3.67838	3.67838	3.64558	3.36449	4.65549	4.6744	
146594	6.85958e+17	2.78879e+17	1.22038e+17	7.72147e+16	1.54429e+17	2.31644e+17	3.08859e+17	3.86073e+17	4.63288e+17	5.40503e+17	6.17717e+17	6.88497e+17	7.38103e+17	3.32347e+17	8.59661e+15	6.05542e+15	5.53521e+15	2.42222e+15	1.53256e+15	3.06512e+15	4.59768e+15	6.13024e+15	7.6628e+15	9.19536e+15	1.07279e+16	1.22605e+16	1.77101e+16	3.62384e+16	3.11073e+17	4.53321e+17	3.73722	3.67979	3.67979	3.67979	3.67979	3.67979	3.67979	3.67979	3.67979	3.67979	3.67979	3.64701	3.36624	4.65513	4.67417	
146848	6.85959e+17	2.7888e+17	1.22038e+17	7.72148e+16	1.5443e+17	2.31644e+17	3.08859e+17	3.86074e+17	4.63289e+17	5.40503e+17	6.17718e+17	6.88491e+17	7.37942e+17	3.32338e+17	8.59701e+15	6.05523e+15	5.53501e+15	2.42214e+15	1.53251e+15	3.06501e+15	4.59752e+15	6.13002e+15	7.66253e+15	9.19503e+15	1.07275e+16	1.226e+16	1.7714e+16	3.63389e+16	3.11077e+17	4.53321e+17	3.73854	3.6812	3.6812	3.6812	3.6812	3.6812	3.6812	3.6812	3.6812	3.6812	3.6812	3.64844	3.36799	4.65476	4.67394	
147100	6.85959e+17	2.7888e+17	1.22039e+17	7.72148e+16	1.5443e+17	2.31645e+17	3.08859e+17	3.86074e+17	4.63289e+17	5.40504e+17	6.17719e+17	6.88485e+17	7.37782e+17	3.3233e+17	8.59741e+15	6.05505e+15	5.53482e+15	2.42205e+15	1.53245e+15	3.0649e+15	4.59735e+15	6.12981e+15	7.66226e+15	9.19471e+15	1.07272e+16	1.22596e+16	1.77178e+16	3.64388e+16	3.11081e+17	4.53321e+17	3.73985	3.6826	3.6826	3.6826	3.6826	3.6826	3.6826	3.6826	3.6826	3.6826	3.6826	3.64986	3.36972	4.65439	4.67371	
147353	6.85959e+17	2.7888e+17	1.22039e+17	7.72149e+16	1.5443e+17	2.31645e+17	3.0886e+17	3.86075e+17	4.6329e+17	5.40505e+17	6.17719e+17	6.88478e+17	7.37622e+17	3.32321e+17	8.59782e+15	6.05486e+15	5.53463e+15	2.42197e+15	1.5324e+15	3.0648e+15	4.59719e+15	6.12959e+15	7.66199e+15	9.19439e+15	1.07268e+16	1.22592e+16	1.77217e+16	3.65392e+16	3.11085e+17	4.53321e+17	3.74117	3.68401	3.68401	3.68401	3.68401	3.68401	3.68401	3.68401	3.68401	3.68401	3.68401	3.65128	3.37146	4.65402	4.67347	
147606	6.8596e+17	2.78881e+17	1.22039e+17	7.7215e+16	1.5443e+17	2.31645e+17	3.0886e+17	3.86075e+17	4.6329e+17	5.40505e+17	6.1772e+17	6.88472e+17	7.37462e+17	3.32313e+17	8.59824e+15	6.05467e+15	5.53443e+15	2.42188e+15	1.53234e+15	3.06469e+15	4.59703e+15	6.12938e+15	7.66172e+15	9.19407e+15	1.07264e+16	1.22588e+16	1.77255e+16	3.6639e+16	3.11089e+17	4.53321e+17	3.74248	3.6854	3.6854	3.6854	3.6854	3.6854	3.6854	3.6854	3.6854	3.6854	3.6854	3.6527	3.37319	4.65364	4.67323	
147858	6.8596e+17	2.78881e+17	1.22039e+17	7.72151e+16	1.5443e+17	2.31645e+17	3.0886e+17	3.86076e+17	4.63291e+17	5.40506e+17	6.17721e+17	6.88466e+17	7.37302e+17	3.32305e+17	8.59866e+15	6.05449e+15	5.53424e+15	2.4218e+15	1.53229e+15	3.06458e+15	4.59687e+15	6.12917e+15	7.66146e+15	9.19375e+15	1.0726e+16	1.22583e+16	1.77293e+16	3.67389e+16	3.11093e+17	4.53321e+17	3.74379	3.6868	3.6868	3.6868	3.6868	3.6868	3.6868	3.6868	3.6868	3.6868	3.6868	3.65412	3.37491	4.65326	4.67299	
148112	6.85961e+17	2.78881e+17	1.22039e+17	7.72152e+16	1.5443e+17	2.31646e+17	3.08861e+17	3.86076e+17	4.63291e+17	5.40506e+17	6.17722e+17	6.8846e+17	7.37141e+17	3.32297e+17	8.59909e+15	6.0543e+15	5.53405e+15	2.42171e+15	1.53224e+15	3.06448e+15	4.59671e+15	6.12895e+15	7.66119e+15	9.19343e+15	1.07257e+16	1.22579e+16	1.77331e+16	3.68392e+16	3.11097e+17	4.53321e+17	3.7451	3.6882	3.6882	3.6882	3.6882	3.6882	3.6882	3.6882	3.6882	3.6882	3.6882	3.65554	3.37664	4.65288	4.67275	
148364	6.85961e+17	2.78882e+17	1.22039e+17	7.72153e+16	1.54431e+17	2.31646e+17	3.08861e+17	3.86076e+17	4.63292e+17	5.40507e+17	6.17722e+17	6.88454e+17	7.36982e+17	3.32289e+17	8.59953e+15	6.05412e+15	5.53386e+15	2.42163e+15	1.53219e+15	3.06437e+15	4.59656e+15	6.12874e+15	7.66093e+15	9.19311e+15	1.07253e+16	1.22575e+16	1.77368e+16	3.69387e+16	3.111e+17	4.53321e+17	3.74641	3.68959	3.68959	3.68959	3.68959	3.68959	3.68959	3.68959	3.68959	3.68959	3.68959	3.65695	3.37836	4.6525	4.6725	
148618	6.85961e+17	2.78882e+17	1.22039e+17	7.72154e+16	1.54431e+17	2.31646e+17	3.08861e+17	3.86077e+17	4.63292e+17	5.40508e+17	6.17723e+17	6.88448e+17	7.36822e+17	3.32281e+17	8.59997e+15	6.05393e+15	5.53367e+15	2.42155e+15	1.53213e+15	3.06426e+15	4.5964e+15	6.12853e+15	7.66066e+15	9.19279e+15	1.07249e+16	1.22571e+16	1.77406e+16	3.70388e+16	3.11104e+17	4.53321e+17	3.74771	3.69099	3.69099	3.69099	3.69099	3.69099	3.69099	3.69099	3.69099	3.69099	3.69099	3.65837	3.38008	4.65211	4.67225	
148870	6.85962e+17	2.78882e+17	1.2204e+17	7.72155e+16	1.54431e+17	2.31646e+17	3.08862e+17	3.86077e+17	4.63293e+17	5.40508e+17	6.17724e+17	6.88442e+17	7.36663e+17	3.32273e+17	8.60042e+15	6.05375e+15	5.53348e+15	2.42146e+15	1.53208e+15	3.06416e+15	4.59624e+15	6.12832e+15	7.6604e+15	9.19248e+15	1.07246e+16	1.22566e+16	1.77444e+16	3.71382e+16	3.11108e+17	4.53321e+17	3.74901	3.69238	3.69238	3.69238	3.69238	3.69238	3.69238	3.69238	3.69238	3.69238	3.69238	3.65977	3.38178	4.65172	4.672	
149124	6.85962e+17	2.78883e+17	1.2204e+17	7.72155e+16	1.54431e+17	2.31647e+17	3.08862e+17	3.86078e+17	4.63293e+17	5.40509e+17	6.17724e+17	6.88436e+17	7.36503e+17	3.32265e+17	8.60088e+15	6.05357e+15	5.53329e+15	2.42138e+15	1.53203e+15	3.06405e+15	4.59608e+15	6.12811e+15	7.66014e+15	9.19216e+15	1.07242e+16	1.22562e+16	1.77481e+16	3.72381e+16	3.11112e+17	4.53321e+17	3.75032	3.69377	3.69377	3.69377	3.69377	3.69377	3.69377	3.69377	3.69377	3.69377	3.69377	3.66118	3.3835	4.65133	4.67175	
149376	6.85962e+17	2.78883e+17	1.2204e+17	7.72156e+16	1.54431e+17	2.31647e+17	3.08862e+17	3.86078e+17	4.63294e+17	5.40509e+17	6.17725e+17	6.8843e+17	7.36344e+17	3.32257e+17	8.60134e+15	6.05338e+15	5.5331e+15	2.4213e+15	1.53198e+15	3.06395e+15	4.59593e+15	6.1279e+15	7.65988e+15	9.19185e+15	1.07238e+16	1.22558e+16	1.77518e+16	3.73375e+16	3.11115e+17	4.53321e+17	3.75162	3.69515	3.69515	3.69515	3.69515	3.69515	3.69515	3.69515	3.69515	3.69515	3.69515	3.66259	3.3852	4.65093	4.67149	
149630	6.85963e+17	2.78883e+17	1.2204e+17	7.72157e+16	1.54431e+17	2.31647e+17	3.08863e+17	3.86079e+17	4.63294e+17	5.4051e+17	6.17726e+17	6.88424e+17	7.36184e+17	3.3225e+17	8.60182e+15	6.0532e+15	5.53291e+15	2.42122e+15	1.53192e+15	3.06385e+15	4.59577e+15	6.12769e+15	7.65961e+15	9.19154e+15	1.07235e+16	1.22554e+16	1.77555e+16	3.7437e+16	3.11119e+17	4.53321e+17	3.75291	3.69654	3.69654	3.69654	3.69654	3.69654	3.69654	3.69654	3.69654	3.69654	3.69654	3.66399	3.3869	4.65054	4.67123	
149883	6.85963e+17	2.78883e+17	1.2204e+17	7.72158e+16	1.54432e+17	2.31647e+17	3.08863e+17	3.86079e+17	4.63295e+17	5.40511e+17	6.17726e+17	6.88418e+17	7.36025e+17	3.32242e+17	8.6023e+15	6.05302e+15	5.53272e+15	2.42113e+15	1.53187e+15	3.06374e+15	4.59561e+15	6.12748e+15	7.65935e+15	9.19123e+15	1.07231e+16	1.2255e+16	1.77593e+16	3.75363e+16	3.11123e+17	4.53321e+17	3.75421	3.69792	3.69792	3.69792	3.69792	3.69792	3.69792	3.69792	3.69792	3.69792	3.69792	3.6654	3.38859	4.65014	4.67096	
150135	6.85963e+17	2.78884e+17	1.2204e+17	7.72159e+16	1.54432e+17	2.31648e+17	3.08864e+17	3.86079e+17	4.63295e+17	5.40511e+17	6.17727e+17	6.88412e+17	7.35867e+17	3.32235e+17	8.60278e+15	6.05284e+15	5.53254e+15	2.42105e+15	1.53182e+15	3.06364e+15	4.59546e+15	6.12728e+15	7.6591e+15	9.19092e+15	1.07227e+16	1.22546e+16	1.77629e+16	3.76352e+16	3.11126e+17	4.53321e+17	3.7555	3.6993	3.6993	3.6993	3.6993	3.6993	3.6993	3.6993	3.6993	3.6993	3.6993	3.66679	3.39028	4.64973	4.6707	
150388	6.85964e+17	2.78884e+17	1.2204e+17	7.7216e+16	1.54432e+17	2.31648e+17	3.08864e+17	3.8608e+17	4.63296e+17	5.40512e+17	6.17728e+17	6.88406e+17	7.35708e+17	3.32227e+17	8.60328e+15	6.05266e+15	5.53235e+15	2.42097e+15	1.53177e+15	3.06354e+15	4.5953e+15	6.12707e+15	7.65884e+15	9.19061e+15	1.07224e+16	1.22541e+16	1.77666e+16	3.77345e+16	3.1113e+17	4.53321e+17	3.75679	3.70068	3.70068	3.70068	3.70068	3.70068	3.70068	3.70068	3.70068	3.70068	3.70068	3.66819	3.39197	4.64933	4.67043	
150641	6.85964e+17	2.78884e+17	1.22041e+17	7.7216e+16	1.54432e+17	2.31648e+17	3.08864e+17	3.8608e+17	4.63296e+17	5.40512e+17	6.17728e+17	6.884e+17	7.3555e+17	3.3222e+17	8.60378e+15	6.05248e+15	5.53216e+15	2.42089e+15	1.53172e+15	3.06343e+15	4.59515e+15	6.12687e+15	7.65858e+15	9.1903e+15	1.0722e+16	1.22537e+16	1.77703e+16	3.78331e+16	3.11133e+17	4.53321e+17	3.75808	3.70205	3.70205	3.70205	3.70205	3.70205	3.70205	3.70205	3.70205	3.70205	3.70205	3.66959	3.39365	4.64892	4.67016	
150894	6.85964e+17	2.78885e+17	1.22041e+17	7.72161e+16	1.54432e+17	2.31648e+17	3.08865e+17	3.86081e+17	4.63297e+17	5.40513e+17	6.17729e+17	6.88394e+17	7.35392e+17	3.32213e+17	8.60429e+15	6.0523e+15	5.53198e+15	2.42081e+15	1.53166e+15	3.06333e+15	4.59499e+15	6.12666e+15	7.65832e+15	9.18999e+15	1.07217e+16	1.22533e+16	1.7774e+16	3.79321e+16	3.11136e+17	4.53321e+17	3.75937	3.70343	3.70343	3.70343	3.70343	3.70343	3.70343	3.70343	3.70343	3.70343	3.70343	3.67098	3.39533	4.6485	4.66989	
151147	6.85965e+17	2.78885e+17	1.22041e+17	7.72162e+16	1.54432e+17	2.31649e+17	3.08865e+17	3.86081e+17	4.63297e+17	5.40513e+17	6.1773e+17	6.88388e+17	7.35234e+17	3.32206e+17	8.6048e+15	6.05213e+15	5.53179e+15	2.42073e+15	1.53161e+15	3.06323e+15	4.59484e+15	6.12646e+15	7.65807e+15	9.18968e+15	1.07213e+16	1.22529e+16	1.77776e+16	3.80307e+16	3.1114e+17	4.53321e+17	3.76065	3.7048	3.7048	3.7048	3.7048	3.7048	3.7048	3.7048	3.7048	3.7048	3.7048	3.67237	3.397	4.64809	4.66961	
151399	6.85965e+17	2.78885e+17	1.22041e+17	7.72163e+16	1.54433e+17	2.31649e+17	3.08865e+17	3.86081e+17	4.63298e+17	5.40514e+17	6.1773e+17	6.88382e+17	7.35076e+17	3.32199e+17	8.60532e+15	6.05195e+15	5.53161e+15	2.42065e+15	1.53156e+15	3.06313e+15	4.59469e+15	6.12625e+15	7.65782e+15	9.18938e+15	1.07209e+16	1.22525e+16	1.77813e+16	3.8129e+16	3.11143e+17	4.53321e+17	3.76193	3.70616	3.70616	3.70616	3.70616	3.70616	3.70616	3.70616	3.70616	3.70616	3.70616	3.67376	3.39867	4.64767	4.66933	
151653	6.85965e+17	2.78886e+17	1.22041e+17	7.72164e+16	1.54433e+17	2.31649e+17	3.08866e+17	3.86082e+17	4.63298e+17	5.40515e+17	6.17731e+17	6.88376e+17	7.34919e+17	3.32192e+17	8.60586e+15	6.05177e+15	5.53143e+15	2.42057e+15	1.53151e+15	3.06302e+15	4.59454e+15	6.12605e+15	7.65756e+15	9.18907e+15	1.07206e+16	1.22521e+16	1.77849e+16	3.82275e+16	3.11146e+17	4.53321e+17	3.76322	3.70753	3.70753	3.70753	3.70753	3.70753	3.70753	3.70753	3.70753	3.70753	3.70753	3.67515	3.40034	4.64725	4.66905	
151906	6.85966e+17	2.78886e+17	1.22041e+17	7.72165e+16	1.54433e+17	2.31649e+17	3.08866e+17	3.86082e+17	4.63299e+17	5.40515e+17	6.17732e+17	6.8837e+17	7.34762e+17	3.32185e+17	8.6064e+15	6.0516e+15	5.53124e+15	2.42049e+15	1.53146e+15	3.06292e+15	4.59438e+15	6.12585e+15	7.65731e+15	9.18877e+15	1.07202e+16	1.22517e+16	1.77885e+16	3.83255e+16	3.1115e+17	4.53321e+17	3.7645	3.7089	3.7089	3.7089	3.7089	3.7089	3.7089	3.7089	3.7089	3.7089	3.7089	3.67653	3.402	4.64683	4.66876	
152159	6.85966e+17	2.78886e+17	1.22041e+17	7.72165e+16	1.54433e+17	2.3165e+17	3.08866e+17	3.86083e+17	4.63299e+17	5.40516e+17	6.17732e+17	6.88364e+17	7.34604e+17	3.32179e+17	8.60694e+15	6.05142e+15	5.53106e+15	2.42041e+15	1.53141e+15	3.06282e+15	4.59423e+15	6.12564e+15	7.65706e+15	9.18847e+15	1.07199e+16	1.22513e+16	1.77922e+16	3.84238e+16	3.11153e+17	4.53321e+17	3.76578	3.71027	3.71027	3.71027	3.71027	3.71027	3.71027	3.71027	3.71027	3.71027	3.71027	3.67792	3.40366	4.6464	4.66847	
152412	6.85966e+17	2.78887e+17	1.22041e+17	7.72166e+16	1.54433e+17	2.3165e+17	3.08867e+17	3.86083e+17	4.633e+17	5.40516e+17	6.17733e+17	6.88358e+17	7.34448e+17	3.32172e+17	8.6075e+15	6.05125e+15	5.53088e+15	2.42033e+15	1.53136e+15	3.06272e+15	4.59408e+15	6.12544e+15	7.6568e+15	9.18817e+15	1.07195e+16	1.22509e+16	1.77958e+16	3.85214e+16	3.11156e+17	4.53321e+17	3.76705	3.71162	3.71162	3.71162	3.71162	3.71162	3.71162	3.71162	3.71162	3.71162	3.71162	3.6793	3.40531	4.64597	4.66818	
152665	6.85967e+17	2.78887e+17	1.22042e+17	7.72167e+16	1.54433e+17	2.3165e+17	3.08867e+17	3.86084e+17	4.633e+17	5.40517e+17	6.17734e+17	6.88353e+17	7.34291e+17	3.32166e+17	8.60806e+15	6.05107e+15	5.5307e+15	2.42025e+15	1.53131e+15	3.06262e+15	4.59393e+15	6.12524e+15	7.65655e+15	9.18786e+15	1.07192e+16	1.22505e+16	1.77994e+16	3.86193e+16	3.11159e+17	4.53321e+17	3.76833	3.71299	3.71299	3.71299	3.71299	3.71299	3.71299	3.71299	3.71299	3.71299	3.71299	3.68068	3.40696	4.64554	4.66789	
152918	6.85967e+17	2.78887e+17	1.22042e+17	7.72168e+16	1.54434e+17	2.3165e+17	3.08867e+17	3.86084e+17	4.63301e+17	5.40518e+17	6.17734e+17	6.88347e+17	7.34135e+17	3.32159e+17	8.60863e+15	6.0509e+15	5.53052e+15	2.42017e+15	1.53126e+15	3.06252e+15	4.59378e+15	6.12504e+15	7.6563e+15	9.18757e+15	1.07188e+16	1.22501e+16	1.7803e+16	3.87166e+16	3.11162e+17	4.53321e+17	3.7696	3.71434	3.71434	3.71434	3.71434	3.71434	3.71434	3.71434	3.71434	3.71434	3.71434	3.68206	3.40861	4.64511	4.66759	
153170	6.85967e+17	2.78887e+17	1.22042e+17	7.72169e+16	1.54434e+17	2.31651e+17	3.08867e+17	3.86084e+17	4.63301e+17	5.40518e+17	6.17735e+17	6.88341e+17	7.33979e+17	3.32153e+17	8.60921e+15	6.05072e+15	5.53034e+15	2.42009e+15	1.53121e+15	3.06242e+15	4.59363e+15	6.12484e+15	7.65606e+15	9.18727e+15	1.07185e+16	1.22497e+16	1.78065e+16	3.88138e+16	3.11165e+17	4.53321e+17	3.77087	3.71569	3.71569	3.71569	3.71569	3.71569	3.71569	3.71569	3.71569	3.71569	3.71569	3.68343	3.41025	4.64467	4.66729	
153424	6.85968e+17	2.78888e+17	1.22042e+17	7.7217e+16	1.54434e+17	2.31651e+17	3.08868e+17	3.86085e+17	4.63302e+17	5.40519e+17	6.17736e+17	6.88335e+17	7.33823e+17	3.32147e+17	8.6098e+15	6.05055e+15	5.53016e+15	2.42001e+15	1.53116e+15	3.06232e+15	4.59348e+15	6.12465e+15	7.65581e+15	9.18697e+15	1.07181e+16	1.22493e+16	1.78101e+16	3.89112e+16	3.11168e+17	4.53321e+17	3.77214	3.71705	3.71705	3.71705	3.71705	3.71705	3.71705	3.71705	3.71705	3.71705	3.71705	3.68481	3.41189	4.64423	4.66698	
153677	6.85968e+17	2.78888e+17	1.22042e+17	7.7217e+16	1.54434e+17	2.31651e+17	3.08868e+17	3.86085e+17	4.63302e+17	5.40519e+17	6.17736e+17	6.88329e+17	7.33668e+17	3.32141e+17	8.61039e+15	6.05038e+15	5.52998e+15	2.41993e+15	1.53111e+15	3.06222e+15	4.59334e+15	6.12445e+15	7.65556e+15	9.18667e+15	1.07178e+16	1.22489e+16	1.78137e+16	3.90078e+16	3.11171e+17	4.53321e+17	3.7734	3.7184	3.7184	3.7184	3.7184	3.7184	3.7184	3.7184	3.7184	3.7184	3.7184	3.68618	3.41352	4.64378	4.66668	
153930	6.85968e+17	2.78888e+17	1.22042e+17	7.72171e+16	1.54434e+17	2.31651e+17	3.08868e+17	3.86086e+17	4.63303e+17	5.4052e+17	6.17737e+17	6.88324e+17	7.33513e+17	3.32135e+17	8.611e+15	6.05021e+15	5.5298e+15	2.41986e+15	1.53106e+15	3.06213e+15	4.59319e+15	6.12425e+15	7.65531e+15	9.18638e+15	1.07174e+16	1.22485e+16	1.78173e+16	3.91048e+16	3.11174e+17	4.53321e+17	3.77467	3.71975	3.71975	3.71975	3.71975	3.71975	3.71975	3.71975	3.71975	3.71975	3.71975	3.68755	3.41515	4.64333	4.66637	
154183	6.85969e+17	2.78889e+17	1.22042e+17	7.72172e+16	1.54434e+17	2.31652e+17	3.08869e+17	3.86086e+17	4.63303e+17	5.4052e+17	6.17738e+17	6.88318e+17	7.33359e+17	3.32129e+17	8.61161e+15	6.05004e+15	5.52963e+15	2.41978e+15	1.53101e+15	3.06203e+15	4.59304e+15	6.12405e+15	7.65507e+15	9.18608e+15	1.07171e+16	1.22481e+16	1.78208e+16	3.92011e+16	3.11177e+17	4.53321e+17	3.77593	3.7211	3.7211	3.7211	3.7211	3.7211	3.7211	3.7211	3.7211	3.7211	3.7211	3.68891	3.41678	4.64289	4.66606	
154436	6.85969e+17	2.78889e+17	1.22042e+17	7.72173e+16	1.54435e+17	2.31652e+17	3.08869e+17	3.86086e+17	4.63304e+17	5.40521e+17	6.17738e+17	6.88312e+17	7.33204e+17	3.32123e+17	8.61223e+15	6.04987e+15	5.52945e+15	2.4197e+15	1.53096e+15	3.06193e+15	4.59289e+15	6.12386e+15	7.65482e+15	9.18579e+15	1.07168e+16	1.22477e+16	1.78244e+16	3.92977e+16	3.11179e+17	4.53321e+17	3.77719	3.72244	3.72244	3.72244	3.72244	3.72244	3.72244	3.72244	3.72244	3.72244	3.72244	3.69028	3.4184	4.64243	4.66574	
154689	6.85969e+17	2.78889e+17	1.22043e+17	7.72174e+16	1.54435e+17	2.31652e+17	3.08869e+17	3.86087e+17	4.63304e+17	5.40521e+17	6.17739e+17	6.88306e+17	7.3305e+17	3.32117e+17	8.61286e+15	6.0497e+15	5.52927e+15	2.41962e+15	1.53092e+15	3.06183e+15	4.59275e+15	6.12366e+15	7.65458e+15	9.1855e+15	1.07164e+16	1.22473e+16	1.78279e+16	3.93936e+16	3.11182e+17	4.53321e+17	3.77845	3.72379	3.72379	3.72379	3.72379	3.72379	3.72379	3.72379	3.72379	3.72379	3.72379	3.69165	3.42002	4.64198	4.66542	
154942	6.8597e+17	2.78889e+17	1.22043e+17	7.72174e+16	1.54435e+17	2.31652e+17	3.0887e+17	3.86087e+17	4.63305e+17	5.40522e+17	6.17739e+17	6.88301e+17	7.32896e+17	3.32112e+17	8.61349e+15	6.04953e+15	5.5291e+15	2.41955e+15	1.53087e+15	3.06173e+15	4.5926e+15	6.12347e+15	7.65434e+15	9.1852e+15	1.07161e+16	1.22469e+16	1.78314e+16	3.94896e+16	3.11185e+17	4.53321e+17	3.77971	3.72513	3.72513	3.72513	3.72513	3.72513	3.72513	3.72513	3.72513	3.72513	3.72513	3.69301	3.42163	4.64152	4.6651	
155196	6.8597e+17	2.7889e+17	1.22043e+17	7.72175e+16	1.54435e+17	2.31653e+17	3.0887e+17	3.86088e+17	4.63305e+17	5.40523e+17	6.1774e+17	6.88295e+17	7.32743e+17	3.32106e+17	8.61414e+15	6.04936e+15	5.52892e+15	2.41947e+15	1.53082e+15	3.06164e+15	4.59246e+15	6.12327e+15	7.65409e+15	9.18491e+15	1.07157e+16	1.22465e+16	1.78349e+16	3.95853e+16	3.11187e+17	4.53321e+17	3.78096	3.72647	3.72647	3.72647	3.72647	3.72647	3.72647	3.72647	3.72647	3.72647	3.72647	3.69437	3.42324	4.64106	4.66477	
155448	6.8597e+17	2.7889e+17	1.22043e+17	7.72176e+16	1.54435e+17	2.31653e+17	3.0887e+17	3.86088e+17	4.63306e+17	5.40523e+17	6.17741e+17	6.88289e+17	7.3259e+17	3.32101e+17	8.61479e+15	6.04919e+15	5.52875e+15	2.41939e+15	1.53077e+15	3.06154e+15	4.59231e+15	6.12308e+15	7.65385e+15	9.18462e+15	1.07154e+16	1.22462e+16	1.78384e+16	3.96805e+16	3.1119e+17	4.53321e+17	3.78221	3.7278	3.7278	3.7278	3.7278	3.7278	3.7278	3.7278	3.7278	3.7278	3.7278	3.69572	3.42485	4.64059	4.66445	
155702	6.8597e+17	2.7889e+17	1.22043e+17	7.72177e+16	1.54435e+17	2.31653e+17	3.08871e+17	3.86088e+17	4.63306e+17	5.40524e+17	6.17741e+17	6.88284e+17	7.32437e+17	3.32096e+17	8.61546e+15	6.04902e+15	5.52857e+15	2.41932e+15	1.53072e+15	3.06144e+15	4.59217e+15	6.12289e+15	7.65361e+15	9.18433e+15	1.07151e+16	1.22458e+16	1.7842e+16	3.9776e+16	3.11192e+17	4.53321e+17	3.78347	3.72914	3.72914	3.72914	3.72914	3.72914	3.72914	3.72914	3.72914	3.72914	3.72914	3.69708	3.42645	4.64012	4.66411	
155954	6.85971e+17	2.78891e+17	1.22043e+17	7.72178e+16	1.54436e+17	2.31653e+17	3.08871e+17	3.86089e+17	4.63307e+17	5.40524e+17	6.17742e+17	6.88278e+17	7.32286e+17	3.32091e+17	8.61613e+15	6.04886e+15	5.5284e+15	2.41924e+15	1.53067e+15	3.06135e+15	4.59202e+15	6.1227e+15	7.65337e+15	9.18405e+15	1.07147e+16	1.22454e+16	1.78455e+16	3.98707e+16	3.11195e+17	4.53321e+17	3.78471	3.73047	3.73047	3.73047	3.73047	3.73047	3.73047	3.73047	3.73047	3.73047	3.73047	3.69843	3.42805	4.63965	4.66378	
156208	6.85971e+17	2.78891e+17	1.22043e+17	7.72178e+16	1.54436e+17	2.31653e+17	3.08871e+17	3.86089e+17	4.63307e+17	5.40525e+17	6.17743e+17	6.88272e+17	7.32133e+17	3.32086e+17	8.61681e+15	6.04869e+15	5.52823e+15	2.41917e+15	1.53063e+15	3.06125e+15	4.59188e+15	6.12251e+15	7.65313e+15	9.18376e+15	1.07144e+16	1.2245e+16	1.7849e+16	3.99657e+16	3.11197e+17	4.53321e+17	3.78597	3.7318	3.7318	3.7318	3.7318	3.7318	3.7318	3.7318	3.7318	3.7318	3.7318	3.69979	3.42964	4.63918	4.66344	
156461	6.85971e+17	2.78891e+17	1.22043e+17	7.72179e+16	1.54436e+17	2.31654e+17	3.08872e+17	3.8609e+17	4.63307e+17	5.40525e+17	6.17743e+17	6.88267e+17	7.31982e+17	3.32081e+17	8.6175e+15	6.04853e+15	5.52805e+15	2.41909e+15	1.53058e+15	3.06116e+15	4.59174e+15	6.12231e+15	7.65289e+15	9.18347e+15	1.07141e+16	1.22446e+16	1.78524e+16	4.00601e+16	3.112e+17	4.53321e+17	3.78721	3.73313	3.73313	3.73313	3.73313	3.73313	3.73313	3.73313	3.73313	3.73313	3.73313	3.70114	3.43123	4.6387	4.6631	
156713	6.85972e+17	2.78891e+17	1.22044e+17	7.7218e+16	1.54436e+17	2.31654e+17	3.08872e+17	3.8609e+17	4.63308e+17	5.40526e+17	6.17744e+17	6.88261e+17	7.31831e+17	3.32076e+17	8.61819e+15	6.04836e+15	5.52788e+15	2.41902e+15	1.53053e+15	3.06106e+15	4.59159e+15	6.12213e+15	7.65266e+15	9.18319e+15	1.07137e+16	1.22443e+16	1.78559e+16	4.01542e+16	3.11202e+17	4.53321e+17	3.78845	3.73446	3.73446	3.73446	3.73446	3.73446	3.73446	3.73446	3.73446	3.73446	3.73446	3.70248	3.43282	4.63822	4.66276	
156967	6.85972e+17	2.78892e+17	1.22044e+17	7.72181e+16	1.54436e+17	2.31654e+17	3.08872e+17	3.8609e+17	4.63308e+17	5.40526e+17	6.17744e+17	6.88255e+17	7.3168e+17	3.32071e+17	8.6189e+15	6.0482e+15	5.52771e+15	2.41894e+15	1.53048e+15	3.06097e+15	4.59145e+15	6.12194e+15	7.65242e+15	9.1829e+15	1.07134e+16	1.22439e+16	1.78594e+16	4.02484e+16	3.11204e+17	4.53321e+17	3.7897	3.73578	3.73578	3.73578	3.73578	3.73578	3.73578	3.73578	3.73578	3.73578	3.73578	3.70383	3.4344	4.63774	4.66241	
157219	6.85972e+17	2.78892e+17	1.22044e+17	7.72181e+16	1.54436e+17	2.31654e+17	3.08873e+17	3.86091e+17	4.63309e+17	5.40527e+17	6.17745e+17	6.8825e+17	7.3153e+17	3.32067e+17	8.61961e+15	6.04803e+15	5.52754e+15	2.41887e+15	1.53044e+15	3.06087e+15	4.59131e+15	6.12175e+15	7.65218e+15	9.18262e+15	1.07131e+16	1.22435e+16	1.78629e+16	4.0342e+16	3.11206e+17	4.53321e+17	3.79093	3.73711	3.73711	3.73711	3.73711	3.73711	3.73711	3.73711	3.73711	3.73711	3.73711	3.70517	3.43598	4.63725	4.66206	
157473	6.85973e+17	2.78892e+17	1.22044e+17	7.72182e+16	1.54436e+17	2.31655e+17	3.08873e+17	3.86091e+17	4.63309e+17	5.40528e+17	6.17746e+17	6.88244e+17	7.3138e+17	3.32062e+17	8.62034e+15	6.04787e+15	5.52737e+15	2.41879e+15	1.53039e+15	3.06078e+15	4.59117e+15	6.12156e+15	7.65195e+15	9.18234e+15	1.07127e+16	1.22431e+16	1.78663e+16	4.04358e+16	3.11208e+17	4.53321e+17	3.79218	3.73843	3.73843	3.73843	3.73843	3.73843	3.73843	3.73843	3.73843	3.73843	3.73843	3.70652	3.43756	4.63676	4.6617	
157726	6.85973e+17	2.78893e+17	1.22044e+17	7.72183e+16	1.54437e+17	2.31655e+17	3.08873e+17	3.86091e+17	4.6331e+17	5.40528e+17	6.17746e+17	6.88239e+17	7.3123e+17	3.32058e+17	8.62107e+15	6.04771e+15	5.5272e+15	2.41872e+15	1.53034e+15	3.06069e+15	4.59103e+15	6.12137e+15	7.65171e+15	9.18206e+15	1.07124e+16	1.22427e+16	1.78698e+16	4.05288e+16	3.11211e+17	4.53321e+17	3.79341	3.73975	3.73975	3.73975	3.73975	3.73975	3.73975	3.73975	3.73975	3.73975	3.73975	3.70786	3.43913	4.63627	4.66135	
157976	6.85973e+17	2.78893e+17	1.22044e+17	7.72184e+16	1.54437e+17	2.31655e+17	3.08873e+17	3.86092e+17	4.6331e+17	5.40529e+17	6.17747e+17	6.88233e+17	7.31083e+17	3.32054e+17	8.62181e+15	6.04755e+15	5.52704e+15	2.41865e+15	1.5303e+15	3.06059e+15	4.59089e+15	6.12119e+15	7.65148e+15	9.18178e+15	1.07121e+16	1.22424e+16	1.78732e+16	4.06207e+16	3.11213e+17	4.53321e+17	3.79463	3.74105	3.74105	3.74105	3.74105	3.74105	3.74105	3.74105	3.74105	3.74105	3.74105	3.70918	3.44067	4.63578	4.66099	
158229	6.85974e+17	2.78893e+17	1.22044e+17	7.72184e+16	1.54437e+17	2.31655e+17	3.08874e+17	3.86092e+17	4.63311e+17	5.40529e+17	6.17748e+17	6.88228e+17	7.30934e+17	3.32049e+17	8.62256e+15	6.04739e+15	5.52687e+15	2.41857e+15	1.53025e+15	3.0605e+15	4.59075e+15	6.121e+15	7.65125e+15	9.1815e+15	1.07118e+16	1.2242e+16	1.78766e+16	4.07134e+16	3.11214e+17	4.53321e+17	3.79586	3.74236	3.74236	3.74236	3.74236	3.74236	3.74236	3.74236	3.74236	3.74236	3.74236	3.71051	3.44224	4.63529	4.66063	
158482	6.85974e+17	2.78893e+17	1.22044e+17	7.72185e+16	1.54437e+17	2.31656e+17	3.08874e+17	3.86093e+17	4.63311e+17	5.4053e+17	6.17748e+17	6.88222e+17	7.30786e+17	3.32045e+17	8.62332e+15	6.04722e+15	5.5267e+15	2.4185e+15	1.5302e+15	3.06041e+15	4.59061e+15	6.12081e+15	7.65102e+15	9.18122e+15	1.07114e+16	1.22416e+16	1.78801e+16	4.08058e+16	3.11216e+17	4.53321e+17	3.79709	3.74367	3.74367	3.74367	3.74367	3.74367	3.74367	3.74367	3.74367	3.74367	3.74367	3.71185	3.44379	4.63479	4.66026	
158735	6.85974e+17	2.78894e+17	1.22045e+17	7.72186e+16	1.54437e+17	2.31656e+17	3.08874e+17	3.86093e+17	4.63312e+17	5.4053e+17	6.17749e+17	6.88216e+17	7.30638e+17	3.32042e+17	8.62409e+15	6.04706e+15	5.52653e+15	2.41843e+15	1.53016e+15	3.06031e+15	4.59047e+15	6.12063e+15	7.65079e+15	9.18094e+15	1.07111e+16	1.22413e+16	1.78835e+16	4.0898e+16	3.11218e+17	4.53321e+17	3.79832	3.74499	3.74499	3.74499	3.74499	3.74499	3.74499	3.74499	3.74499	3.74499	3.74499	3.71318	3.44535	4.63428	4.65989	
158988	6.85974e+17	2.78894e+17	1.22045e+17	7.72187e+16	1.54437e+17	2.31656e+17	3.08875e+17	3.86093e+17	4.63312e+17	5.40531e+17	6.17749e+17	6.88211e+17	7.30491e+17	3.32038e+17	8.62487e+15	6.0469e+15	5.52637e+15	2.41835e+15	1.53011e+15	3.06022e+15	4.59033e+15	6.12045e+15	7.65056e+15	9.18067e+15	1.07108e+16	1.22409e+16	1.78869e+16	4.099e+16	3.1122e+17	4.53321e+17	3.79955	3.74629	3.74629	3.74629	3.74629	3.74629	3.74629	3.74629	3.74629	3.74629	3.74629	3.71451	3.4469	4.63377	4.65952	
159241	6.85975e+17	2.78894e+17	1.22045e+17	7.72187e+16	1.54437e+17	2.31656e+17	3.08875e+17	3.86094e+17	4.63312e+17	5.40531e+17	6.1775e+17	6.88205e+17	7.30344e+17	3.32034e+17	8.62566e+15	6.04675e+15	5.5262e+15	2.41828e+15	1.53007e+15	3.06013e+15	4.5902e+15	6.12026e+15	7.65033e+15	9.18039e+15	1.07105e+16	1.22405e+16	1.78903e+16	4.10817e+16	3.11222e+17	4.53321e+17	3.80077	3.7476	3.7476	3.7476	3.7476	3.7476	3.7476	3.7476	3.7476	3.7476	3.7476	3.71584	3.44845	4.63326	4.65914	
159494	6.85975e+17	2.78894e+17	1.22045e+17	7.72188e+16	1.54438e+17	2.31656e+17	3.08875e+17	3.86094e+17	4.63313e+17	5.40532e+17	6.17751e+17	6.882e+17	7.30197e+17	3.32031e+17	8.62646e+15	6.04659e+15	5.52604e+15	2.41821e+15	1.53002e+15	3.06004e+15	4.59006e+15	6.12008e+15	7.6501e+15	9.18012e+15	1.07101e+16	1.22402e+16	1.78937e+16	4.11731e+16	3.11223e+17	4.53321e+17	3.802	3.74891	3.74891	3.74891	3.74891	3.74891	3.74891	3.74891	3.74891	3.74891	3.74891	3.71717	3.45	4.63275	4.65876	
159748	6.85975e+17	2.78895e+17	1.22045e+17	7.72189e+16	1.54438e+17	2.31657e+17	3.08876e+17	3.86094e+17	4.63313e+17	5.40532e+17	6.17751e+17	6.88194e+17	7.30051e+17	3.32027e+17	8.62727e+15	6.04643e+15	5.52587e+15	2.41813e+15	1.52997e+15	3.05995e+15	4.58992e+15	6.1199e+15	7.64987e+15	9.17984e+15	1.07098e+16	1.22398e+16	1.78971e+16	4.12644e+16	3.11225e+17	4.53321e+17	3.80322	3.75021	3.75021	3.75021	3.75021	3.75021	3.75021	3.75021	3.75021	3.75021	3.75021	3.71849	3.45154	4.63223	4.65837	
160000	6.85976e+17	2.78895e+17	1.22045e+17	7.7219e+16	1.54438e+17	2.31657e+17	3.08876e+17	3.86095e+17	4.63314e+17	5.40533e+17	6.17752e+17	6.88189e+17	7.29905e+17	3.32024e+17	8.62809e+15	6.04627e+15	5.52571e+15	2.41806e+15	1.52993e+15	3.05986e+15	4.58979e+15	6.11971e+15	7.64964e+15	9.17957e+15	1.07095e+16	1.22394e+16	1.79005e+16	4.13551e+16	3.11227e+17	4.53321e+17	3.80444	3.75151	3.75151	3.75151	3.75151	3.75151	3.75151	3.75151	3.75151	3.75151	3.75151	3.71981	3.45307	4.63171	4.65799	
160254	6.85976e+17	2.78895e+17	1.22045e+17	7.7219e+16	1.54438e+17	2.31657e+17	3.08876e+17	3.86095e+17	4.63314e+17	5.40533e+17	6.17752e+17	6.88183e+17	7.29759e+17	3.32021e+17	8.62892e+15	6.04611e+15	5.52554e+15	2.41799e+15	1.52988e+15	3.05977e+15	4.58965e+15	6.11953e+15	7.64941e+15	9.1793e+15	1.07092e+16	1.22391e+16	1.79039e+16	4.14458e+16	3.11228e+17	4.53321e+17	3.80566	3.75281	3.75281	3.75281	3.75281	3.75281	3.75281	3.75281	3.75281	3.75281	3.75281	3.72114	3.45461	4.63119	4.65759	
160507	6.85976e+17	2.78896e+17	1.22045e+17	7.72191e+16	1.54438e+17	2.31657e+17	3.08876e+17	3.86096e+17	4.63315e+17	5.40534e+17	6.17753e+17	6.88178e+17	7.29615e+17	3.32018e+17	8.62975e+15	6.04596e+15	5.52538e+15	2.41792e+15	1.52984e+15	3.05968e+15	4.58951e+15	6.11935e+15	7.64919e+15	9.17903e+15	1.07089e+16	1.22387e+16	1.79073e+16	4.1536e+16	3.1123e+17	4.53321e+17	3.80688	3.75411	3.75411	3.75411	3.75411	3.75411	3.75411	3.75411	3.75411	3.75411	3.75411	3.72245	3.45614	4.63066	4.6572	
160760	6.85977e+17	2.78896e+17	1.22046e+17	7.72192e+16	1.54438e+17	2.31658e+17	3.08877e+17	3.86096e+17	4.63315e+17	5.40534e+17	6.17754e+17	6.88172e+17	7.2947e+17	3.32015e+17	8.6306e+15	6.0458e+15	5.52522e+15	2.41785e+15	1.52979e+15	3.05959e+15	4.58938e+15	6.11917e+15	7.64896e+15	9.17876e+15	1.07085e+16	1.22383e+16	1.79107e+16	4.16261e+16	3.11231e+17	4.53321e+17	3.80809	3.75541	3.75541	3.75541	3.75541	3.75541	3.75541	3.75541	3.75541	3.75541	3.75541	3.72377	3.45766	4.63014	4.6568	
161013	6.85977e+17	2.78896e+17	1.22046e+17	7.72193e+16	1.54439e+17	2.31658e+17	3.08877e+17	3.86096e+17	4.63316e+17	5.40535e+17	6.17754e+17	6.88167e+17	7.29326e+17	3.32012e+17	8.63146e+15	6.04565e+15	5.52505e+15	2.41778e+15	1.52975e+15	3.0595e+15	4.58924e+15	6.11899e+15	7.64874e+15	9.17849e+15	1.07082e+16	1.2238e+16	1.79141e+16	4.17158e+16	3.11232e+17	4.53321e+17	3.8093	3.7567	3.7567	3.7567	3.7567	3.7567	3.7567	3.7567	3.7567	3.7567	3.7567	3.72509	3.45918	4.6296	4.6564	
161266	6.85977e+17	2.78896e+17	1.22046e+17	7.72193e+16	1.54439e+17	2.31658e+17	3.08877e+17	3.86097e+17	4.63316e+17	5.40535e+17	6.17755e+17	6.88161e+17	7.29183e+17	3.32009e+17	8.63233e+15	6.04549e+15	5.52489e+15	2.41771e+15	1.5297e+15	3.05941e+15	4.58911e+15	6.11881e+15	7.64852e+15	9.17822e+15	1.07079e+16	1.22376e+16	1.79174e+16	4.18053e+16	3.11234e+17	4.5332e+17	3.81051	3.75799	3.75799	3.75799	3.75799	3.75799	3.75799	3.75799	3.75799	3.75799	3.75799	3.7264	3.4607	4.62907	4.656	
161520	6.85977e+17	2.78897e+17	1.22046e+17	7.72194e+16	1.54439e+17	2.31658e+17	3.08878e+17	3.86097e+17	4.63316e+17	5.40536e+17	6.17755e+17	6.88156e+17	7.2904e+17	3.32007e+17	8.6332e+15	6.04534e+15	5.52473e+15	2.41764e+15	1.52966e+15	3.05932e+15	4.58898e+15	6.11863e+15	7.64829e+15	9.17795e+15	1.07076e+16	1.22373e+16	1.79208e+16	4.18944e+16	3.11235e+17	4.5332e+17	3.81172	3.75928	3.75928	3.75928	3.75928	3.75928	3.75928	3.75928	3.75928	3.75928	3.75928	3.72771	3.46222	4.62853	4.65559	
161773	6.85978e+17	2.78897e+17	1.22046e+17	7.72195e+16	1.54439e+17	2.31658e+17	3.08878e+17	3.86097e+17	4.63317e+17	5.40536e+17	6.17756e+17	6.88151e+17	7.28897e+17	3.32004e+17	8.63409e+15	6.04518e+15	5.52457e+15	2.41757e+15	1.52961e+15	3.05923e+15	4.58884e+15	6.11846e+15	7.64807e+15	9.17768e+15	1.07073e+16	1.22369e+16	1.79242e+16	4.19833e+16	3.11236e+17	4.5332e+17	3.81293	3.76057	3.76057	3.76057	3.76057	3.76057	3.76057	3.76057	3.76057	3.76057	3.76057	3.72902	3.46373	4.62799	4.65517	
162023	6.85978e+17	2.78897e+17	1.22046e+17	7.72196e+16	1.54439e+17	2.31659e+17	3.08878e+17	3.86098e+17	4.63317e+17	5.40537e+17	6.17756e+17	6.88145e+17	7.28757e+17	3.32002e+17	8.63498e+15	6.04503e+15	5.52441e+15	2.4175e+15	1.52957e+15	3.05914e+15	4.58871e+15	6.11828e+15	7.64785e+15	9.17742e+15	1.0707e+16	1.22366e+16	1.79275e+16	4.20707e+16	3.11237e+17	4.5332e+17	3.81412	3.76184	3.76184	3.76184	3.76184	3.76184	3.76184	3.76184	3.76184	3.76184	3.76184	3.73031	3.46522	4.62745	4.65476	
162275	6.85978e+17	2.78897e+17	1.22046e+17	7.72196e+16	1.54439e+17	2.31659e+17	3.08879e+17	3.86098e+17	4.63318e+17	5.40537e+17	6.17757e+17	6.8814e+17	7.28615e+17	3.32e+17	8.63588e+15	6.04488e+15	5.52425e+15	2.41743e+15	1.52953e+15	3.05905e+15	4.58858e+15	6.11811e+15	7.64763e+15	9.17716e+15	1.07067e+16	1.22362e+16	1.79308e+16	4.21588e+16	3.11238e+17	4.5332e+17	3.81532	3.76312	3.76312	3.76312	3.76312	3.76312	3.76312	3.76312	3.76312	3.76312	3.76312	3.73162	3.46672	4.6269	4.65435	
162529	6.85979e+17	2.78898e+17	1.22046e+17	7.72197e+16	1.54439e+17	2.31659e+17	3.08879e+17	3.86099e+17	4.63318e+17	5.40538e+17	6.17758e+17	6.88134e+17	7.28474e+17	3.31998e+17	8.6368e+15	6.04473e+15	5.52409e+15	2.41736e+15	1.52948e+15	3.05896e+15	4.58845e+15	6.11793e+15	7.64741e+15	9.17689e+15	1.07064e+16	1.22359e+16	1.79341e+16	4.2247e+16	3.11239e+17	4.5332e+17	3.81653	3.76441	3.76441	3.76441	3.76441	3.76441	3.76441	3.76441	3.76441	3.76441	3.76441	3.73292	3.46822	4.62635	4.65392	
162782	6.85979e+17	2.78898e+17	1.22046e+17	7.72198e+16	1.5444e+17	2.31659e+17	3.08879e+17	3.86099e+17	4.63319e+17	5.40538e+17	6.17758e+17	6.88129e+17	7.28333e+17	3.31996e+17	8.63773e+15	6.04457e+15	5.52394e+15	2.41729e+15	1.52944e+15	3.05888e+15	4.58832e+15	6.11775e+15	7.64719e+15	9.17663e+15	1.07061e+16	1.22355e+16	1.79375e+16	4.23345e+16	3.1124e+17	4.5332e+17	3.81772	3.76568	3.76568	3.76568	3.76568	3.76568	3.76568	3.76568	3.76568	3.76568	3.76568	3.73422	3.46972	4.6258	4.6535	
163032	6.85979e+17	2.78898e+17	1.22047e+17	7.72198e+16	1.5444e+17	2.3166e+17	3.08879e+17	3.86099e+17	4.63319e+17	5.40539e+17	6.17759e+17	6.88124e+17	7.28195e+17	3.31994e+17	8.63866e+15	6.04443e+15	5.52378e+15	2.41722e+15	1.5294e+15	3.05879e+15	4.58819e+15	6.11758e+15	7.64698e+15	9.17637e+15	1.07058e+16	1.22352e+16	1.79408e+16	4.24209e+16	3.11241e+17	4.5332e+17	3.81891	3.76695	3.76695	3.76695	3.76695	3.76695	3.76695	3.76695	3.76695	3.76695	3.76695	3.73551	3.47119	4.62525	4.65307	
163285	6.85979e+17	2.78898e+17	1.22047e+17	7.72199e+16	1.5444e+17	2.3166e+17	3.0888e+17	3.861e+17	4.63319e+17	5.40539e+17	6.17759e+17	6.88118e+17	7.28055e+17	3.31992e+17	8.6396e+15	6.04428e+15	5.52362e+15	2.41715e+15	1.52935e+15	3.0587e+15	4.58806e+15	6.11741e+15	7.64676e+15	9.17611e+15	1.07055e+16	1.22348e+16	1.79441e+16	4.25078e+16	3.11242e+17	4.5332e+17	3.8201	3.76822	3.76822	3.76822	3.76822	3.76822	3.76822	3.76822	3.76822	3.76822	3.76822	3.7368	3.47268	4.62469	4.65264	
163538	6.8598e+17	2.78899e+17	1.22047e+17	7.722e+16	1.5444e+17	2.3166e+17	3.0888e+17	3.861e+17	4.6332e+17	5.4054e+17	6.1776e+17	6.88113e+17	7.27916e+17	3.31991e+17	8.64056e+15	6.04412e+15	5.52347e+15	2.41708e+15	1.52931e+15	3.05862e+15	4.58793e+15	6.11723e+15	7.64654e+15	9.17585e+15	1.07052e+16	1.22345e+16	1.79474e+16	4.25948e+16	3.11242e+17	4.5332e+17	3.8213	3.7695	3.7695	3.7695	3.7695	3.7695	3.7695	3.7695	3.7695	3.7695	3.7695	3.7381	3.47417	4.62412	4.6522	
163791	6.8598e+17	2.78899e+17	1.22047e+17	7.72201e+16	1.5444e+17	2.3166e+17	3.0888e+17	3.861e+17	4.6332e+17	5.4054e+17	6.1776e+17	6.88108e+17	7.27777e+17	3.31989e+17	8.64153e+15	6.04398e+15	5.52331e+15	2.41702e+15	1.52927e+15	3.05853e+15	4.5878e+15	6.11706e+15	7.64633e+15	9.17559e+15	1.07049e+16	1.22341e+16	1.79507e+16	4.26812e+16	3.11243e+17	4.5332e+17	3.82249	3.77077	3.77077	3.77077	3.77077	3.77077	3.77077	3.77077	3.77077	3.77077	3.77077	3.7394	3.47565	4.62356	4.65176	
164044	6.8598e+17	2.78899e+17	1.22047e+17	7.72201e+16	1.5444e+17	2.3166e+17	3.08881e+17	3.86101e+17	4.63321e+17	5.40541e+17	6.17761e+17	6.88102e+17	7.27638e+17	3.31988e+17	8.64251e+15	6.04383e+15	5.52316e+15	2.41695e+15	1.52922e+15	3.05844e+15	4.58767e+15	6.11689e+15	7.64611e+15	9.17533e+15	1.07046e+16	1.22338e+16	1.7954e+16	4.27674e+16	3.11244e+17	4.5332e+17	3.82368	3.77204	3.77204	3.77204	3.77204	3.77204	3.77204	3.77204	3.77204	3.77204	3.77204	3.74069	3.47713	4.62299	4.65131	
164297	6.85981e+17	2.78899e+17	1.22047e+17	7.72202e+16	1.5444e+17	2.31661e+17	3.08881e+17	3.86101e+17	4.63321e+17	5.40541e+17	6.17762e+17	6.88097e+17	7.275e+17	3.31987e+17	8.6435e+15	6.04368e+15	5.523e+15	2.41688e+15	1.52918e+15	3.05836e+15	4.58754e+15	6.11672e+15	7.6459e+15	9.17508e+15	1.07043e+16	1.22334e+16	1.79573e+16	4.28533e+16	3.11244e+17	4.5332e+17	3.82487	3.77331	3.77331	3.77331	3.77331	3.77331	3.77331	3.77331	3.77331	3.77331	3.77331	3.74198	3.4786	4.62241	4.65087	
164548	6.85981e+17	2.789e+17	1.22047e+17	7.72203e+16	1.54441e+17	2.31661e+17	3.08881e+17	3.86101e+17	4.63322e+17	5.40542e+17	6.17762e+17	6.88092e+17	7.27365e+17	3.31986e+17	8.64449e+15	6.04353e+15	5.52285e+15	2.41681e+15	1.52914e+15	3.05827e+15	4.58741e+15	6.11655e+15	7.64568e+15	9.17482e+15	1.0704e+16	1.22331e+16	1.79606e+16	4.29379e+16	3.11245e+17	4.5332e+17	3.82605	3.77456	3.77456	3.77456	3.77456	3.77456	3.77456	3.77456	3.77456	3.77456	3.77456	3.74325	3.48006	4.62184	4.65042	
164800	6.85981e+17	2.789e+17	1.22047e+17	7.72203e+16	1.54441e+17	2.31661e+17	3.08881e+17	3.86102e+17	4.63322e+17	5.40542e+17	6.17763e+17	6.88086e+17	7.27228e+17	3.31985e+17	8.6455e+15	6.04339e+15	5.52269e+15	2.41675e+15	1.52909e+15	3.05819e+15	4.58728e+15	6.11638e+15	7.64547e+15	9.17457e+15	1.07037e+16	1.22328e+16	1.79638e+16	4.3023e+16	3.11245e+17	4.5332e+17	3.82723	3.77582	3.77582	3.77582	3.77582	3.77582	3.77582	3.77582	3.77582	3.77582	3.77582	3.74454	3.48152	4.62127	4.64996	
165053	6.85981e+17	2.789e+17	1.22047e+17	7.72204e+16	1.54441e+17	2.31661e+17	3.08882e+17	3.86102e+17	4.63322e+17	5.40543e+17	6.17763e+17	6.88081e+17	7.27092e+17	3.31984e+17	8.64653e+15	6.04324e+15	5.52254e+15	2.41668e+15	1.52905e+15	3.0581e+15	4.58716e+15	6.11621e+15	7.64526e+15	9.17431e+15	1.07034e+16	1.22324e+16	1.79671e+16	4.31079e+16	3.11245e+17	4.5332e+17	3.82841	3.77708	3.77708	3.77708	3.77708	3.77708	3.77708	3.77708	3.77708	3.77708	3.77708	3.74582	3.48299	4.62068	4.6495	
165307	6.85982e+17	2.789e+17	1.22048e+17	7.72205e+16	1.54441e+17	2.31661e+17	3.08882e+17	3.86102e+17	4.63323e+17	5.40543e+17	6.17764e+17	6.88076e+17	7.26955e+17	3.31984e+17	8.64756e+15	6.04309e+15	5.52239e+15	2.41661e+15	1.52901e+15	3.05802e+15	4.58703e+15	6.11604e+15	7.64505e+15	9.17406e+15	1.07031e+16	1.22321e+16	1.79704e+16	4.3193e+16	3.11246e+17	4.5332e+17	3.8296	3.77835	3.77835	3.77835	3.77835	3.77835	3.77835	3.77835	3.77835	3.77835	3.77835	3.74711	3.48445	4.6201	4.64904	
165560	6.85982e+17	2.78901e+17	1.22048e+17	7.72205e+16	1.54441e+17	2.31662e+17	3.08882e+17	3.86103e+17	4.63323e+17	5.40544e+17	6.17764e+17	6.8807e+17	7.2682e+17	3.31983e+17	8.6486e+15	6.04295e+15	5.52223e+15	2.41654e+15	1.52897e+15	3.05793e+15	4.5869e+15	6.11587e+15	7.64484e+15	9.1738e+15	1.07028e+16	1.22317e+16	1.79737e+16	4.32771e+16	3.11246e+17	4.5332e+17	3.83078	3.7796	3.7796	3.7796	3.7796	3.7796	3.7796	3.7796	3.7796	3.7796	3.7796	3.74839	3.48591	4.61951	4.64857	
165814	6.85982e+17	2.78901e+17	1.22048e+17	7.72206e+16	1.54441e+17	2.31662e+17	3.08882e+17	3.86103e+17	4.63324e+17	5.40544e+17	6.17765e+17	6.88065e+17	7.26684e+17	3.31983e+17	8.64966e+15	6.0428e+15	5.52208e+15	2.41648e+15	1.52893e+15	3.05785e+15	4.58678e+15	6.1157e+15	7.64463e+15	9.17355e+15	1.07025e+16	1.22314e+16	1.79769e+16	4.33615e+16	3.11246e+17	4.5332e+17	3.83196	3.78086	3.78086	3.78086	3.78086	3.78086	3.78086	3.78086	3.78086	3.78086	3.78086	3.74967	3.48737	4.61891	4.6481	
166067	6.85982e+17	2.78901e+17	1.22048e+17	7.72207e+16	1.54441e+17	2.31662e+17	3.08883e+17	3.86103e+17	4.63324e+17	5.40545e+17	6.17765e+17	6.8806e+17	7.2655e+17	3.31983e+17	8.65073e+15	6.04266e+15	5.52193e+15	2.41641e+15	1.52888e+15	3.05777e+15	4.58665e+15	6.11553e+15	7.64442e+15	9.1733e+15	1.07022e+16	1.22311e+16	1.79802e+16	4.34451e+16	3.11246e+17	4.5332e+17	3.83313	3.78212	3.78212	3.78212	3.78212	3.78212	3.78212	3.78212	3.78212	3.78212	3.78212	3.75095	3.48882	4.61832	4.64763	
166317	6.85983e+17	2.78901e+17	1.22048e+17	7.72207e+16	1.54441e+17	2.31662e+17	3.08883e+17	3.86104e+17	4.63324e+17	5.40545e+17	6.17766e+17	6.88055e+17	7.26418e+17	3.31982e+17	8.65179e+15	6.04251e+15	5.52178e+15	2.41635e+15	1.52884e+15	3.05768e+15	4.58653e+15	6.11537e+15	7.64421e+15	9.17305e+15	1.07019e+16	1.22307e+16	1.79834e+16	4.35276e+16	3.11246e+17	4.5332e+17	3.8343	3.78336	3.78336	3.78336	3.78336	3.78336	3.78336	3.78336	3.78336	3.78336	3.78336	3.75221	3.49025	4.61773	4.64715	
166570	6.85983e+17	2.78902e+17	1.22048e+17	7.72208e+16	1.54442e+17	2.31662e+17	3.08883e+17	3.86104e+17	4.63325e+17	5.40546e+17	6.17767e+17	6.88049e+17	7.26284e+17	3.31983e+17	8.65288e+15	6.04237e+15	5.52163e+15	2.41628e+15	1.5288e+15	3.0576e+15	4.5864e+15	6.1152e+15	7.644e+15	9.1728e+15	1.07016e+16	1.22304e+16	1.79866e+16	4.36106e+16	3.11246e+17	4.5332e+17	3.83547	3.78461	3.78461	3.78461	3.78461	3.78461	3.78461	3.78461	3.78461	3.78461	3.78461	3.75348	3.49169	4.61713	4.64667	
166823	6.85983e+17	2.78902e+17	1.22048e+17	7.72209e+16	1.54442e+17	2.31663e+17	3.08884e+17	3.86104e+17	4.63325e+17	5.40546e+17	6.17767e+17	6.88044e+17	7.26151e+17	3.31983e+17	8.65398e+15	6.04223e+15	5.52148e+15	2.41621e+15	1.52876e+15	3.05752e+15	4.58628e+15	6.11504e+15	7.64379e+15	9.17255e+15	1.07013e+16	1.22301e+16	1.79899e+16	4.36937e+16	3.11246e+17	4.5332e+17	3.83664	3.78586	3.78586	3.78586	3.78586	3.78586	3.78586	3.78586	3.78586	3.78586	3.78586	3.75476	3.49313	4.61652	4.64619	
167076	6.85984e+17	2.78902e+17	1.22048e+17	7.7221e+16	1.54442e+17	2.31663e+17	3.08884e+17	3.86105e+17	4.63326e+17	5.40547e+17	6.17768e+17	6.88039e+17	7.26018e+17	3.31983e+17	8.65509e+15	6.04208e+15	5.52133e+15	2.41615e+15	1.52872e+15	3.05744e+15	4.58615e+15	6.11487e+15	7.64359e+15	9.17231e+15	1.0701e+16	1.22297e+16	1.79931e+16	4.37761e+16	3.11246e+17	4.5332e+17	3.83781	3.7871	3.7871	3.7871	3.7871	3.7871	3.7871	3.7871	3.7871	3.7871	3.7871	3.75603	3.49457	4.61591	4.6457	
167326	6.85984e+17	2.78902e+17	1.22048e+17	7.7221e+16	1.54442e+17	2.31663e+17	3.08884e+17	3.86105e+17	4.63326e+17	5.40547e+17	6.17768e+17	6.88034e+17	7.25888e+17	3.31983e+17	8.6562e+15	6.04194e+15	5.52119e+15	2.41609e+15	1.52868e+15	3.05735e+15	4.58603e+15	6.11471e+15	7.64338e+15	9.17206e+15	1.07007e+16	1.22294e+16	1.79963e+16	4.38574e+16	3.11246e+17	4.5332e+17	3.83896	3.78833	3.78833	3.78833	3.78833	3.78833	3.78833	3.78833	3.78833	3.78833	3.78833	3.75728	3.49599	4.61531	4.64521	
167579	6.85984e+17	2.78903e+17	1.22049e+17	7.72211e+16	1.54442e+17	2.31663e+17	3.08884e+17	3.86105e+17	4.63327e+17	5.40548e+17	6.17769e+17	6.88028e+17	7.25757e+17	3.31984e+17	8.65733e+15	6.0418e+15	5.52104e+15	2.41602e+15	1.52864e+15	3.05727e+15	4.58591e+15	6.11454e+15	7.64318e+15	9.17182e+15	1.07005e+16	1.22291e+16	1.79995e+16	4.39392e+16	3.11245e+17	4.5332e+17	3.84013	3.78958	3.78958	3.78958	3.78958	3.78958	3.78958	3.78958	3.78958	3.78958	3.78958	3.75854	3.49741	4.6147	4.64471	
167829	6.85984e+17	2.78903e+17	1.22049e+17	7.72212e+16	1.54442e+17	2.31663e+17	3.08885e+17	3.86106e+17	4.63327e+17	5.40548e+17	6.17769e+17	6.88023e+17	7.25627e+17	3.31985e+17	8.65846e+15	6.04166e+15	5.52089e+15	2.41596e+15	1.5286e+15	3.05719e+15	4.58579e+15	6.11438e+15	7.64298e+15	9.17157e+15	1.07002e+16	1.22288e+16	1.80027e+16	4.40199e+16	3.11245e+17	4.5332e+17	3.84128	3.7908	3.7908	3.7908	3.7908	3.7908	3.7908	3.7908	3.7908	3.7908	3.7908	3.75979	3.49882	4.61409	4.64422	
168082	6.85985e+17	2.78903e+17	1.22049e+17	7.72212e+16	1.54442e+17	2.31664e+17	3.08885e+17	3.86106e+17	4.63327e+17	5.40549e+17	6.1777e+17	6.88018e+17	7.25496e+17	3.31986e+17	8.65962e+15	6.04152e+15	5.52075e+15	2.41589e+15	1.52855e+15	3.05711e+15	4.58566e+15	6.11422e+15	7.64277e+15	9.17133e+15	1.06999e+16	1.22284e+16	1.80059e+16	4.41011e+16	3.11245e+17	4.5332e+17	3.84244	3.79204	3.79204	3.79204	3.79204	3.79204	3.79204	3.79204	3.79204	3.79204	3.79204	3.76106	3.50025	4.61346	4.64371	
168332	6.85985e+17	2.78903e+17	1.22049e+17	7.72213e+16	1.54443e+17	2.31664e+17	3.08885e+17	3.86106e+17	4.63328e+17	5.40549e+17	6.1777e+17	6.88013e+17	7.25368e+17	3.31987e+17	8.66077e+15	6.04139e+15	5.5206e+15	2.41583e+15	1.52851e+15	3.05703e+15	4.58554e+15	6.11406e+15	7.64257e+15	9.17109e+15	1.06996e+16	1.22281e+16	1.80091e+16	4.41812e+16	3.11244e+17	4.5332e+17	3.84359	3.79327	3.79327	3.79327	3.79327	3.79327	3.79327	3.79327	3.79327	3.79327	3.79327	3.7623	3.50165	4.61285	4.64321	
168585	6.85985e+17	2.78904e+17	1.22049e+17	7.72213e+16	1.54443e+17	2.31664e+17	3.08885e+17	3.86107e+17	4.63328e+17	5.40549e+17	6.17771e+17	6.88008e+17	7.25238e+17	3.31988e+17	8.66195e+15	6.04125e+15	5.52045e+15	2.41577e+15	1.52847e+15	3.05695e+15	4.58542e+15	6.1139e+15	7.64237e+15	9.17085e+15	1.06993e+16	1.22278e+16	1.80123e+16	4.42617e+16	3.11244e+17	4.5332e+17	3.84475	3.7945	3.7945	3.7945	3.7945	3.7945	3.7945	3.7945	3.7945	3.7945	3.7945	3.76356	3.50307	4.61222	4.6427	
168839	6.85985e+17	2.78904e+17	1.22049e+17	7.72214e+16	1.54443e+17	2.31664e+17	3.08886e+17	3.86107e+17	4.63328e+17	5.4055e+17	6.17771e+17	6.88003e+17	7.25109e+17	3.31989e+17	8.66314e+15	6.04111e+15	5.52031e+15	2.4157e+15	1.52843e+15	3.05687e+15	4.5853e+15	6.11374e+15	7.64217e+15	9.1706e+15	1.0699e+16	1.22275e+16	1.80155e+16	4.43424e+16	3.11243e+17	4.5332e+17	3.84591	3.79574	3.79574	3.79574	3.79574	3.79574	3.79574	3.79574	3.79574	3.79574	3.79574	3.76482	3.50449	4.61159	4.64218	
169091	6.85986e+17	2.78904e+17	1.22049e+17	7.72215e+16	1.54443e+17	2.31664e+17	3.08886e+17	3.86107e+17	4.63329e+17	5.4055e+17	6.17772e+17	6.87997e+17	7.2498e+17	3.3199e+17	8.66434e+15	6.04097e+15	5.52016e+15	2.41564e+15	1.52839e+15	3.05679e+15	4.58518e+15	6.11357e+15	7.64197e+15	9.17036e+15	1.06988e+16	1.22271e+16	1.80187e+16	4.44224e+16	3.11242e+17	4.5332e+17	3.84706	3.79697	3.79697	3.79697	3.79697	3.79697	3.79697	3.79697	3.79697	3.79697	3.79697	3.76607	3.50589	4.61096	4.64166	
169345	6.85986e+17	2.78904e+17	1.22049e+17	7.72215e+16	1.54443e+17	2.31665e+17	3.08886e+17	3.86108e+17	4.63329e+17	5.40551e+17	6.17772e+17	6.87992e+17	7.24851e+17	3.31992e+17	8.66556e+15	6.04083e+15	5.52002e+15	2.41557e+15	1.52835e+15	3.05671e+15	4.58506e+15	6.11341e+15	7.64177e+15	9.17012e+15	1.06985e+16	1.22268e+16	1.80219e+16	4.45025e+16	3.11242e+17	4.5332e+17	3.84822	3.7982	3.7982	3.7982	3.7982	3.7982	3.7982	3.7982	3.7982	3.7982	3.7982	3.76733	3.50731	4.61032	4.64113	
169599	6.85986e+17	2.78905e+17	1.22049e+17	7.72216e+16	1.54443e+17	2.31665e+17	3.08886e+17	3.86108e+17	4.6333e+17	5.40551e+17	6.17773e+17	6.87987e+17	7.24724e+17	3.31994e+17	8.66678e+15	6.04069e+15	5.51987e+15	2.41551e+15	1.52831e+15	3.05663e+15	4.58494e+15	6.11325e+15	7.64157e+15	9.16988e+15	1.06982e+16	1.22265e+16	1.80251e+16	4.4582e+16	3.11241e+17	4.5332e+17	3.84937	3.79943	3.79943	3.79943	3.79943	3.79943	3.79943	3.79943	3.79943	3.79943	3.79943	3.76858	3.50871	4.60968	4.6406	
169851	6.85986e+17	2.78905e+17	1.22049e+17	7.72217e+16	1.54443e+17	2.31665e+17	3.08887e+17	3.86108e+17	4.6333e+17	5.40552e+17	6.17773e+17	6.87982e+17	7.24596e+17	3.31996e+17	8.66802e+15	6.04056e+15	5.51973e+15	2.41545e+15	1.52827e+15	3.05655e+15	4.58482e+15	6.1131e+15	7.64137e+15	9.16964e+15	1.06979e+16	1.22262e+16	1.80283e+16	4.46611e+16	3.1124e+17	4.5332e+17	3.85052	3.80066	3.80066	3.80066	3.80066	3.80066	3.80066	3.80066	3.80066	3.80066	3.80066	3.76983	3.51011	4.60903	4.64007	
170105	6.85987e+17	2.78905e+17	1.2205e+17	7.72217e+16	1.54443e+17	2.31665e+17	3.08887e+17	3.86109e+17	4.6333e+17	5.40552e+17	6.17774e+17	6.87977e+17	7.24469e+17	3.31998e+17	8.66927e+15	6.04042e+15	5.51959e+15	2.41539e+15	1.52823e+15	3.05647e+15	4.5847e+15	6.11294e+15	7.64117e+15	9.16941e+15	1.06976e+16	1.22259e+16	1.80314e+16	4.47403e+16	3.11239e+17	4.5332e+17	3.85167	3.80189	3.80189	3.80189	3.80189	3.80189	3.80189	3.80189	3.80189	3.80189	3.80189	3.77108	3.51151	4.60839	4.63953	
170358	6.85987e+17	2.78905e+17	1.2205e+17	7.72218e+16	1.54444e+17	2.31665e+17	3.08887e+17	3.86109e+17	4.63331e+17	5.40553e+17	6.17774e+17	6.87972e+17	7.24343e+17	3.32e+17	8.67053e+15	6.04028e+15	5.51944e+15	2.41532e+15	1.52819e+15	3.05639e+15	4.58458e+15	6.11278e+15	7.64097e+15	9.16917e+15	1.06974e+16	1.22256e+16	1.80346e+16	4.48188e+16	3.11238e+17	4.5332e+17	3.85282	3.80311	3.80311	3.80311	3.80311	3.80311	3.80311	3.80311	3.80311	3.80311	3.80311	3.77233	3.51291	4.60774	4.63899	
170612	6.85987e+17	2.78905e+17	1.2205e+17	7.72219e+16	1.54444e+17	2.31666e+17	3.08887e+17	3.86109e+17	4.63331e+17	5.40553e+17	6.17775e+17	6.87967e+17	7.24217e+17	3.32002e+17	8.67181e+15	6.04015e+15	5.5193e+15	2.41526e+15	1.52816e+15	3.05631e+15	4.58447e+15	6.11262e+15	7.64078e+15	9.16893e+15	1.06971e+16	1.22252e+16	1.80378e+16	4.48974e+16	3.11237e+17	4.5332e+17	3.85397	3.80433	3.80433	3.80433	3.80433	3.80433	3.80433	3.80433	3.80433	3.80433	3.80433	3.77358	3.51431	4.60708	4.63845	
170865	6.85987e+17	2.78906e+17	1.2205e+17	7.72219e+16	1.54444e+17	2.31666e+17	3.08888e+17	3.8611e+17	4.63332e+17	5.40554e+17	6.17775e+17	6.87961e+17	7.24091e+17	3.32004e+17	8.67309e+15	6.04001e+15	5.51916e+15	2.4152e+15	1.52812e+15	3.05623e+15	4.58435e+15	6.11246e+15	7.64058e+15	9.1687e+15	1.06968e+16	1.22249e+16	1.80409e+16	4.49753e+16	3.11236e+17	4.5332e+17	3.85511	3.80555	3.80555	3.80555	3.80555	3.80555	3.80555	3.80555	3.80555	3.80555	3.80555	3.77482	3.51569	4.60642	4.6379	
171115	6.85988e+17	2.78906e+17	1.2205e+17	7.7222e+16	1.54444e+17	2.31666e+17	3.08888e+17	3.8611e+17	4.63332e+17	5.40554e+17	6.17776e+17	6.87956e+17	7.23968e+17	3.32007e+17	8.67437e+15	6.03988e+15	5.51902e+15	2.41514e+15	1.52808e+15	3.05615e+15	4.58423e+15	6.11231e+15	7.64039e+15	9.16846e+15	1.06965e+16	1.22246e+16	1.8044e+16	4.50521e+16	3.11234e+17	4.5332e+17	3.85624	3.80676	3.80676	3.80676	3.80676	3.80676	3.80676	3.80676	3.80676	3.80676	3.80676	3.77605	3.51706	4.60577	4.63735	
171368	6.85988e+17	2.78906e+17	1.2205e+17	7.72221e+16	1.54444e+17	2.31666e+17	3.08888e+17	3.8611e+17	4.63332e+17	5.40554e+17	6.17776e+17	6.87951e+17	7.23843e+17	3.3201e+17	8.67568e+15	6.03975e+15	5.51888e+15	2.41508e+15	1.52804e+15	3.05608e+15	4.58412e+15	6.11215e+15	7.64019e+15	9.16823e+15	1.06963e+16	1.22243e+16	1.80472e+16	4.51295e+16	3.11233e+17	4.5332e+17	3.85738	3.80797	3.80797	3.80797	3.80797	3.80797	3.80797	3.80797	3.80797	3.80797	3.80797	3.77729	3.51845	4.60511	4.63679	
171619	6.85988e+17	2.78906e+17	1.2205e+17	7.72221e+16	1.54444e+17	2.31666e+17	3.08888e+17	3.86111e+17	4.63333e+17	5.40555e+17	6.17777e+17	6.87946e+17	7.23721e+17	3.32013e+17	8.67699e+15	6.03961e+15	5.51874e+15	2.41502e+15	1.528e+15	3.056e+15	4.584e+15	6.112e+15	7.64e+15	9.168e+15	1.0696e+16	1.2224e+16	1.80503e+16	4.52057e+16	3.11232e+17	4.5332e+17	3.85851	3.80917	3.80917	3.80917	3.80917	3.80917	3.80917	3.80917	3.80917	3.80917	3.80917	3.77851	3.51981	4.60445	4.63624	
171871	6.85988e+17	2.78907e+17	1.2205e+17	7.72222e+16	1.54444e+17	2.31667e+17	3.08889e+17	3.86111e+17	4.63333e+17	5.40555e+17	6.17777e+17	6.87941e+17	7.23598e+17	3.32016e+17	8.67832e+15	6.03948e+15	5.5186e+15	2.41495e+15	1.52796e+15	3.05592e+15	4.58388e+15	6.11185e+15	7.63981e+15	9.16777e+15	1.06957e+16	1.22237e+16	1.80534e+16	4.52824e+16	3.1123e+17	4.5332e+17	3.85964	3.81038	3.81038	3.81038	3.81038	3.81038	3.81038	3.81038	3.81038	3.81038	3.81038	3.77974	3.52118	4.60378	4.63568	
172125	6.85989e+17	2.78907e+17	1.2205e+17	7.72223e+16	1.54445e+17	2.31667e+17	3.08889e+17	3.86111e+17	4.63334e+17	5.40556e+17	6.17778e+17	6.87936e+17	7.23474e+17	3.32019e+17	8.67967e+15	6.03935e+15	5.51846e+15	2.41489e+15	1.52792e+15	3.05585e+15	4.58377e+15	6.11169e+15	7.63961e+15	9.16754e+15	1.06955e+16	1.22234e+16	1.80566e+16	4.53592e+16	3.11229e+17	4.5332e+17	3.86078	3.8116	3.8116	3.8116	3.8116	3.8116	3.8116	3.8116	3.8116	3.8116	3.8116	3.78098	3.52256	4.60311	4.6351	
172378	6.85989e+17	2.78907e+17	1.2205e+17	7.72223e+16	1.54445e+17	2.31667e+17	3.08889e+17	3.86112e+17	4.63334e+17	5.40556e+17	6.17779e+17	6.87931e+17	7.23352e+17	3.32022e+17	8.68102e+15	6.03922e+15	5.51832e+15	2.41483e+15	1.52788e+15	3.05577e+15	4.58365e+15	6.11154e+15	7.63942e+15	9.16731e+15	1.06952e+16	1.22231e+16	1.80597e+16	4.54353e+16	3.11227e+17	4.5332e+17	3.86191	3.8128	3.8128	3.8128	3.8128	3.8128	3.8128	3.8128	3.8128	3.8128	3.8128	3.78221	3.52393	4.60243	4.63453	
172632	6.85989e+17	2.78907e+17	1.22051e+17	7.72224e+16	1.54445e+17	2.31667e+17	3.0889e+17	3.86112e+17	4.63334e+17	5.40557e+17	6.17779e+17	6.87926e+17	7.23229e+17	3.32025e+17	8.6824e+15	6.03909e+15	5.51819e+15	2.41477e+15	1.52785e+15	3.05569e+15	4.58354e+15	6.11139e+15	7.63923e+15	9.16708e+15	1.06949e+16	1.22228e+16	1.80628e+16	4.55115e+16	3.11226e+17	4.5332e+17	3.86305	3.81401	3.81401	3.81401	3.81401	3.81401	3.81401	3.81401	3.81401	3.81401	3.81401	3.78345	3.5253	4.60175	4.63395	
172885	6.85989e+17	2.78907e+17	1.22051e+17	7.72224e+16	1.54445e+17	2.31667e+17	3.0889e+17	3.86112e+17	4.63335e+17	5.40557e+17	6.1778e+17	6.87921e+17	7.23108e+17	3.32029e+17	8.68378e+15	6.03895e+15	5.51805e+15	2.41471e+15	1.52781e+15	3.05562e+15	4.58342e+15	6.11123e+15	7.63904e+15	9.16685e+15	1.06947e+16	1.22225e+16	1.80659e+16	4.55872e+16	3.11224e+17	4.5332e+17	3.86418	3.81522	3.81522	3.81522	3.81522	3.81522	3.81522	3.81522	3.81522	3.81522	3.81522	3.78467	3.52667	4.60107	4.63337	
173138	6.8599e+17	2.78908e+17	1.22051e+17	7.72225e+16	1.54445e+17	2.31667e+17	3.0889e+17	3.86112e+17	4.63335e+17	5.40557e+17	6.1778e+17	6.87916e+17	7.22986e+17	3.32033e+17	8.68517e+15	6.03882e+15	5.51791e+15	2.41465e+15	1.52777e+15	3.05554e+15	4.58331e+15	6.11108e+15	7.63885e+15	9.16662e+15	1.06944e+16	1.22222e+16	1.8069e+16	4.56625e+16	3.11222e+17	4.5332e+17	3.86531	3.81642	3.81642	3.81642	3.81642	3.81642	3.81642	3.81642	3.81642	3.81642	3.81642	3.7859	3.52803	4.60038	4.63279	
173388	6.8599e+17	2.78908e+17	1.22051e+17	7.72226e+16	1.54445e+17	2.31668e+17	3.0889e+17	3.86113e+17	4.63335e+17	5.40558e+17	6.1778e+17	6.87911e+17	7.22867e+17	3.32037e+17	8.68656e+15	6.0387e+15	5.51778e+15	2.41459e+15	1.52773e+15	3.05547e+15	4.5832e+15	6.11093e+15	7.63866e+15	9.1664e+15	1.06941e+16	1.22219e+16	1.80721e+16	4.57366e+16	3.1122e+17	4.5332e+17	3.86642	3.81761	3.81761	3.81761	3.81761	3.81761	3.81761	3.81761	3.81761	3.81761	3.81761	3.78711	3.52937	4.5997	4.6322	
173638	6.8599e+17	2.78908e+17	1.22051e+17	7.72226e+16	1.54445e+17	2.31668e+17	3.0889e+17	3.86113e+17	4.63336e+17	5.40558e+17	6.17781e+17	6.87906e+17	7.22748e+17	3.32041e+17	8.68796e+15	6.03857e+15	5.51764e+15	2.41453e+15	1.5277e+15	3.05539e+15	4.58309e+15	6.11078e+15	7.63848e+15	9.16617e+15	1.06939e+16	1.22216e+16	1.80752e+16	4.58105e+16	3.11218e+17	4.5332e+17	3.86753	3.81879	3.81879	3.81879	3.81879	3.81879	3.81879	3.81879	3.81879	3.81879	3.81879	3.78832	3.53071	4.59902	4.63162	
173891	6.8599e+17	2.78908e+17	1.22051e+17	7.72227e+16	1.54445e+17	2.31668e+17	3.08891e+17	3.86113e+17	4.63336e+17	5.40559e+17	6.17781e+17	6.87901e+17	7.22629e+17	3.32045e+17	8.68939e+15	6.03844e+15	5.51751e+15	2.41448e+15	1.52766e+15	3.05532e+15	4.58297e+15	6.11063e+15	7.63829e+15	9.16595e+15	1.06936e+16	1.22213e+16	1.80783e+16	4.58849e+16	3.11216e+17	4.5332e+17	3.86865	3.81999	3.81999	3.81999	3.81999	3.81999	3.81999	3.81999	3.81999	3.81999	3.81999	3.78954	3.53206	4.59832	4.63102	
174142	6.85991e+17	2.78909e+17	1.22051e+17	7.72227e+16	1.54445e+17	2.31668e+17	3.08891e+17	3.86114e+17	4.63336e+17	5.40559e+17	6.17782e+17	6.87896e+17	7.22511e+17	3.32049e+17	8.69082e+15	6.03831e+15	5.51737e+15	2.41442e+15	1.52762e+15	3.05524e+15	4.58286e+15	6.11048e+15	7.63811e+15	9.16573e+15	1.06933e+16	1.2221e+16	1.80813e+16	4.59583e+16	3.11214e+17	4.5332e+17	3.86976	3.82117	3.82117	3.82117	3.82117	3.82117	3.82117	3.82117	3.82117	3.82117	3.82117	3.79075	3.5334	4.59763	4.63042	
174394	6.85991e+17	2.78909e+17	1.22051e+17	7.72228e+16	1.54446e+17	2.31668e+17	3.08891e+17	3.86114e+17	4.63337e+17	5.4056e+17	6.17782e+17	6.87891e+17	7.22392e+17	3.32054e+17	8.69228e+15	6.03818e+15	5.51724e+15	2.41436e+15	1.52758e+15	3.05517e+15	4.58275e+15	6.11034e+15	7.63792e+15	9.1655e+15	1.06931e+16	1.22207e+16	1.80844e+16	4.60322e+16	3.11212e+17	4.5332e+17	3.87088	3.82237	3.82237	3.82237	3.82237	3.82237	3.82237	3.82237	3.82237	3.82237	3.82237	3.79196	3.53474	4.59693	4.62982	
174648	6.85991e+17	2.78909e+17	1.22051e+17	7.72229e+16	1.54446e+17	2.31669e+17	3.08891e+17	3.86114e+17	4.63337e+17	5.4056e+17	6.17783e+17	6.87886e+17	7.22273e+17	3.32058e+17	8.69375e+15	6.03806e+15	5.5171e+15	2.4143e+15	1.52755e+15	3.05509e+15	4.58264e+15	6.11019e+15	7.63773e+15	9.16528e+15	1.06928e+16	1.22204e+16	1.80875e+16	4.61061e+16	3.1121e+17	4.5332e+17	3.872	3.82356	3.82356	3.82356	3.82356	3.82356	3.82356	3.82356	3.82356	3.82356	3.82356	3.79318	3.53609	4.59622	4.62921	
174901	6.85991e+17	2.78909e+17	1.22051e+17	7.72229e+16	1.54446e+17	2.31669e+17	3.08892e+17	3.86115e+17	4.63338e+17	5.4056e+17	6.17783e+17	6.87881e+17	7.22155e+17	3.32063e+17	8.69523e+15	6.03793e+15	5.51697e+15	2.41424e+15	1.52751e+15	3.05502e+15	4.58253e+15	6.11004e+15	7.63755e+15	9.16506e+15	1.06926e+16	1.22201e+16	1.80906e+16	4.61794e+16	3.11208e+17	4.5332e+17	3.87312	3.82475	3.82475	3.82475	3.82475	3.82475	3.82475	3.82475	3.82475	3.82475	3.82475	3.7944	3.53743	4.59551	4.62859	
175152	6.85992e+17	2.78909e+17	1.22052e+17	7.7223e+16	1.54446e+17	2.31669e+17	3.08892e+17	3.86115e+17	4.63338e+17	5.40561e+17	6.17784e+17	6.87876e+17	7.22039e+17	3.32068e+17	8.69671e+15	6.0378e+15	5.51684e+15	2.41418e+15	1.52747e+15	3.05495e+15	4.58242e+15	6.10989e+15	7.63737e+15	9.16484e+15	1.06923e+16	1.22198e+16	1.80936e+16	4.62516e+16	3.11205e+17	4.5332e+17	3.87422	3.82593	3.82593	3.82593	3.82593	3.82593	3.82593	3.82593	3.82593	3.82593	3.82593	3.79559	3.53875	4.59481	4.62798	
175404	6.85992e+17	2.7891e+17	1.22052e+17	7.7223e+16	1.54446e+17	2.31669e+17	3.08892e+17	3.86115e+17	4.63338e+17	5.40561e+17	6.17784e+17	6.87871e+17	7.21922e+17	3.32073e+17	8.69821e+15	6.03768e+15	5.51671e+15	2.41412e+15	1.52744e+15	3.05487e+15	4.58231e+15	6.10975e+15	7.63718e+15	9.16462e+15	1.06921e+16	1.22195e+16	1.80967e+16	4.63244e+16	3.11203e+17	4.5332e+17	3.87533	3.82711	3.82711	3.82711	3.82711	3.82711	3.82711	3.82711	3.82711	3.82711	3.82711	3.7968	3.54009	4.5941	4.62736	
175655	6.85992e+17	2.7891e+17	1.22052e+17	7.72231e+16	1.54446e+17	2.31669e+17	3.08892e+17	3.86116e+17	4.63339e+17	5.40562e+17	6.17785e+17	6.87866e+17	7.21806e+17	3.32078e+17	8.69972e+15	6.03755e+15	5.51657e+15	2.41407e+15	1.5274e+15	3.0548e+15	4.5822e+15	6.1096e+15	7.637e+15	9.1644e+15	1.06918e+16	1.22192e+16	1.80997e+16	4.63961e+16	3.112e+17	4.5332e+17	3.87643	3.82828	3.82828	3.82828	3.82828	3.82828	3.82828	3.82828	3.82828	3.82828	3.82828	3.798	3.54141	4.59339	4.62674	
175908	6.85992e+17	2.7891e+17	1.22052e+17	7.72232e+16	1.54446e+17	2.31669e+17	3.08893e+17	3.86116e+17	4.63339e+17	5.40562e+17	6.17785e+17	6.87861e+17	7.2169e+17	3.32083e+17	8.70125e+15	6.03743e+15	5.51644e+15	2.41401e+15	1.52736e+15	3.05473e+15	4.58209e+15	6.10945e+15	7.63682e+15	9.16418e+15	1.06915e+16	1.22189e+16	1.81027e+16	4.64684e+16	3.11198e+17	4.5332e+17	3.87754	3.82947	3.82947	3.82947	3.82947	3.82947	3.82947	3.82947	3.82947	3.82947	3.82947	3.79921	3.54274	4.59266	4.62611	
176158	6.85993e+17	2.7891e+17	1.22052e+17	7.72232e+16	1.54446e+17	2.3167e+17	3.08893e+17	3.86116e+17	4.63339e+17	5.40563e+17	6.17786e+17	6.87856e+17	7.21576e+17	3.32089e+17	8.70278e+15	6.03731e+15	5.51631e+15	2.41395e+15	1.52733e+15	3.05466e+15	4.58198e+15	6.10931e+15	7.63664e+15	9.16397e+15	1.06913e+16	1.22186e+16	1.81058e+16	4.65395e+16	3.11195e+17	4.5332e+17	3.87864	3.83064	3.83064	3.83064	3.83064	3.83064	3.83064	3.83064	3.83064	3.83064	3.83064	3.8004	3.54405	4.59195	4.62548	
176411	6.85993e+17	2.78911e+17	1.22052e+17	7.72233e+16	1.54447e+17	2.3167e+17	3.08893e+17	3.86116e+17	4.6334e+17	5.40563e+17	6.17786e+17	6.87852e+17	7.2146e+17	3.32095e+17	8.70434e+15	6.03718e+15	5.51618e+15	2.4139e+15	1.52729e+15	3.05458e+15	4.58187e+15	6.10917e+15	7.63646e+15	9.16375e+15	1.0691e+16	1.22183e+16	1.81088e+16	4.66111e+16	3.11192e+17	4.5332e+17	3.87974	3.83181	3.83181	3.83181	3.83181	3.83181	3.83181	3.83181	3.83181	3.83181	3.83181	3.8016	3.54537	4.59122	4.62484	
176665	6.85993e+17	2.78911e+17	1.22052e+17	7.72233e+16	1.54447e+17	2.3167e+17	3.08893e+17	3.86117e+17	4.6334e+17	5.40563e+17	6.17787e+17	6.87847e+17	7.21345e+17	3.321e+17	8.70591e+15	6.03706e+15	5.51605e+15	2.41384e+15	1.52726e+15	3.05451e+15	4.58177e+15	6.10902e+15	7.63628e+15	9.16353e+15	1.06908e+16	1.2218e+16	1.81119e+16	4.66828e+16	3.1119e+17	4.5332e+17	3.88085	3.833	3.833	3.833	3.833	3.833	3.833	3.833	3.833	3.833	3.833	3.80281	3.5467	4.59049	4.62419	
176918	6.85993e+17	2.78911e+17	1.22052e+17	7.72234e+16	1.54447e+17	2.3167e+17	3.08894e+17	3.86117e+17	4.6334e+17	5.40564e+17	6.17787e+17	6.87842e+17	7.21231e+17	3.32106e+17	8.7075e+15	6.03694e+15	5.51592e+15	2.41378e+15	1.52722e+15	3.05444e+15	4.58166e+15	6.10888e+15	7.6361e+15	9.16332e+15	1.06905e+16	1.22178e+16	1.81149e+16	4.67539e+16	3.11187e+17	4.53319e+17	3.88196	3.83417	3.83417	3.83417	3.83417	3.83417	3.83417	3.83417	3.83417	3.83417	3.83417	3.80401	3.54802	4.58975	4.62355	
177172	6.85993e+17	2.78911e+17	1.22052e+17	7.72235e+16	1.54447e+17	2.3167e+17	3.08894e+17	3.86117e+17	4.63341e+17	5.40564e+17	6.17788e+17	6.87837e+17	7.21116e+17	3.32112e+17	8.7091e+15	6.03681e+15	5.51579e+15	2.41372e+15	1.52718e+15	3.05437e+15	4.58155e+15	6.10873e+15	7.63592e+15	9.1631e+15	1.06903e+16	1.22175e+16	1.81179e+16	4.6825e+16	3.11184e+17	4.53319e+17	3.88306	3.83535	3.83535	3.83535	3.83535	3.83535	3.83535	3.83535	3.83535	3.83535	3.83535	3.80521	3.54934	4.58901	4.62289	
177425	6.85994e+17	2.78911e+17	1.22052e+17	7.72235e+16	1.54447e+17	2.31671e+17	3.08894e+17	3.86118e+17	4.63341e+17	5.40565e+17	6.17788e+17	6.87832e+17	7.21002e+17	3.32119e+17	8.71071e+15	6.03669e+15	5.51566e+15	2.41367e+15	1.52715e+15	3.0543e+15	4.58144e+15	6.10859e+15	7.63574e+15	9.16289e+15	1.069e+16	1.22172e+16	1.8121e+16	4.68957e+16	3.11181e+17	4.53319e+17	3.88416	3.83652	3.83652	3.83652	3.83652	3.83652	3.83652	3.83652	3.83652	3.83652	3.83652	3.80641	3.55065	4.58827	4.62223	
177678	6.85994e+17	2.78912e+17	1.22052e+17	7.72236e+16	1.54447e+17	2.31671e+17	3.08894e+17	3.86118e+17	4.63341e+17	5.40565e+17	6.17789e+17	6.87827e+17	7.20889e+17	3.32125e+17	8.71234e+15	6.03657e+15	5.51553e+15	2.41361e+15	1.52711e+15	3.05422e+15	4.58134e+15	6.10845e+15	7.63556e+15	9.16267e+15	1.06898e+16	1.22169e+16	1.8124e+16	4.6966e+16	3.11178e+17	4.53319e+17	3.88526	3.83769	3.83769	3.83769	3.83769	3.83769	3.83769	3.83769	3.83769	3.83769	3.83769	3.8076	3.55196	4.58753	4.62157	
177929	6.85994e+17	2.78912e+17	1.22053e+17	7.72236e+16	1.54447e+17	2.31671e+17	3.08895e+17	3.86118e+17	4.63342e+17	5.40565e+17	6.17789e+17	6.87822e+17	7.20778e+17	3.32132e+17	8.71395e+15	6.03645e+15	5.51541e+15	2.41356e+15	1.52708e+15	3.05415e+15	4.58123e+15	6.10831e+15	7.63539e+15	9.16246e+15	1.06895e+16	1.22166e+16	1.81269e+16	4.70353e+16	3.11175e+17	4.53319e+17	3.88634	3.83885	3.83885	3.83885	3.83885	3.83885	3.83885	3.83885	3.83885	3.83885	3.83885	3.80878	3.55325	4.58679	4.62092	
178179	6.85994e+17	2.78912e+17	1.22053e+17	7.72237e+16	1.54447e+17	2.31671e+17	3.08895e+17	3.86118e+17	4.63342e+17	5.40566e+17	6.1779e+17	6.87817e+17	7.20667e+17	3.32138e+17	8.71559e+15	6.03633e+15	5.51528e+15	2.4135e+15	1.52704e+15	3.05408e+15	4.58113e+15	6.10817e+15	7.63521e+15	9.16225e+15	1.06893e+16	1.22163e+16	1.81299e+16	4.71043e+16	3.11171e+17	4.53319e+17	3.88743	3.84	3.84	3.84	3.84	3.84	3.84	3.84	3.84	3.84	3.84	3.80996	3.55454	4.58605	4.62025	
178432	6.85995e+17	2.78912e+17	1.22053e+17	7.72237e+16	1.54447e+17	2.31671e+17	3.08895e+17	3.86119e+17	4.63342e+17	5.40566e+17	6.1779e+17	6.87812e+17	7.20555e+17	3.32145e+17	8.71725e+15	6.03621e+15	5.51515e+15	2.41345e+15	1.52701e+15	3.05401e+15	4.58102e+15	6.10803e+15	7.63503e+15	9.16204e+15	1.0689e+16	1.22161e+16	1.81329e+16	4.71738e+16	3.11168e+17	4.53319e+17	3.88852	3.84117	3.84117	3.84117	3.84117	3.84117	3.84117	3.84117	3.84117	3.84117	3.84117	3.81115	3.55584	4.58529	4.61958	
178682	6.85995e+17	2.78912e+17	1.22053e+17	7.72238e+16	1.54448e+17	2.31671e+17	3.08895e+17	3.86119e+17	4.63343e+17	5.40567e+17	6.1779e+17	6.87808e+17	7.20444e+17	3.32152e+17	8.71891e+15	6.03609e+15	5.51503e+15	2.41339e+15	1.52697e+15	3.05394e+15	4.58092e+15	6.10789e+15	7.63486e+15	9.16183e+15	1.06888e+16	1.22158e+16	1.81359e+16	4.72424e+16	3.11165e+17	4.53319e+17	3.8896	3.84232	3.84232	3.84232	3.84232	3.84232	3.84232	3.84232	3.84232	3.84232	3.84232	3.81233	3.55713	4.58454	4.61891	
178935	6.85995e+17	2.78913e+17	1.22053e+17	7.72239e+16	1.54448e+17	2.31672e+17	3.08895e+17	3.86119e+17	4.63343e+17	5.40567e+17	6.17791e+17	6.87803e+17	7.20333e+17	3.32159e+17	8.7206e+15	6.03597e+15	5.5149e+15	2.41334e+15	1.52694e+15	3.05387e+15	4.58081e+15	6.10775e+15	7.63469e+15	9.16162e+15	1.06886e+16	1.22155e+16	1.81389e+16	4.73114e+16	3.11161e+17	4.53319e+17	3.89069	3.84348	3.84348	3.84348	3.84348	3.84348	3.84348	3.84348	3.84348	3.84348	3.84348	3.81351	3.55843	4.58378	4.61823	
179185	6.85995e+17	2.78913e+17	1.22053e+17	7.72239e+16	1.54448e+17	2.31672e+17	3.08896e+17	3.8612e+17	4.63344e+17	5.40567e+17	6.17791e+17	6.87798e+17	7.20224e+17	3.32167e+17	8.72228e+15	6.03585e+15	5.51478e+15	2.41328e+15	1.5269e+15	3.05381e+15	4.58071e+15	6.10761e+15	7.63452e+15	9.16142e+15	1.06883e+16	1.22152e+16	1.81418e+16	4.73794e+16	3.11158e+17	4.53319e+17	3.89176	3.84463	3.84463	3.84463	3.84463	3.84463	3.84463	3.84463	3.84463	3.84463	3.84463	3.81468	3.55971	4.58303	4.61755	
179438	6.85995e+17	2.78913e+17	1.22053e+17	7.7224e+16	1.54448e+17	2.31672e+17	3.08896e+17	3.8612e+17	4.63344e+17	5.40568e+17	6.17792e+17	6.87793e+17	7.20114e+17	3.32174e+17	8.724e+15	6.03574e+15	5.51465e+15	2.41323e+15	1.52687e+15	3.05374e+15	4.58061e+15	6.10747e+15	7.63434e+15	9.16121e+15	1.06881e+16	1.22149e+16	1.81448e+16	4.74479e+16	3.11154e+17	4.53319e+17	3.89285	3.84579	3.84579	3.84579	3.84579	3.84579	3.84579	3.84579	3.84579	3.84579	3.84579	3.81587	3.561	4.58226	4.61686	
179688	6.85996e+17	2.78913e+17	1.22053e+17	7.7224e+16	1.54448e+17	2.31672e+17	3.08896e+17	3.8612e+17	4.63344e+17	5.40568e+17	6.17792e+17	6.87788e+17	7.20005e+17	3.32182e+17	8.72571e+15	6.03562e+15	5.51453e+15	2.41317e+15	1.52683e+15	3.05367e+15	4.5805e+15	6.10734e+15	7.63417e+15	9.16101e+15	1.06878e+16	1.22147e+16	1.81478e+16	4.75154e+16	3.11151e+17	4.53319e+17	3.89392	3.84693	3.84693	3.84693	3.84693	3.84693	3.84693	3.84693	3.84693	3.84693	3.84693	3.81703	3.56227	4.5815	4.61617	
179939	6.85996e+17	2.78913e+17	1.22053e+17	7.72241e+16	1.54448e+17	2.31672e+17	3.08896e+17	3.8612e+17	4.63345e+17	5.40569e+17	6.17793e+17	6.87784e+17	7.19897e+17	3.32189e+17	8.72743e+15	6.0355e+15	5.51441e+15	2.41312e+15	1.5268e+15	3.0536e+15	4.5804e+15	6.1072e+15	7.634e+15	9.1608e+15	1.06876e+16	1.22144e+16	1.81507e+16	4.75826e+16	3.11147e+17	4.53319e+17	3.895	3.84807	3.84807	3.84807	3.84807	3.84807	3.84807	3.84807	3.84807	3.84807	3.84807	3.8182	3.56354	4.58073	4.61548	
180192	6.85996e+17	2.78914e+17	1.22053e+17	7.72241e+16	1.54448e+17	2.31672e+17	3.08897e+17	3.86121e+17	4.63345e+17	5.40569e+17	6.17793e+17	6.87779e+17	7.19787e+17	3.32197e+17	8.72919e+15	6.03539e+15	5.51428e+15	2.41306e+15	1.52677e+15	3.05353e+15	4.5803e+15	6.10706e+15	7.63383e+15	9.1606e+15	1.06874e+16	1.22141e+16	1.81537e+16	4.76505e+16	3.11143e+17	4.53319e+17	3.89608	3.84923	3.84923	3.84923	3.84923	3.84923	3.84923	3.84923	3.84923	3.84923	3.84923	3.81938	3.56483	4.57996	4.61477	
180442	6.85996e+17	2.78914e+17	1.22053e+17	7.72242e+16	1.54448e+17	2.31673e+17	3.08897e+17	3.86121e+17	4.63345e+17	5.40569e+17	6.17794e+17	6.87774e+17	7.1968e+17	3.32205e+17	8.73094e+15	6.03527e+15	5.51416e+15	2.41301e+15	1.52673e+15	3.05346e+15	4.5802e+15	6.10693e+15	7.63366e+15	9.16039e+15	1.06871e+16	1.22139e+16	1.81566e+16	4.77172e+16	3.11139e+17	4.53319e+17	3.89715	3.85036	3.85036	3.85036	3.85036	3.85036	3.85036	3.85036	3.85036	3.85036	3.85036	3.82054	3.5661	4.57919	4.61408	
180695	6.85997e+17	2.78914e+17	1.22054e+17	7.72243e+16	1.54449e+17	2.31673e+17	3.08897e+17	3.86121e+17	4.63346e+17	5.4057e+17	6.17794e+17	6.87769e+17	7.19572e+17	3.32214e+17	8.73273e+15	6.03515e+15	5.51404e+15	2.41296e+15	1.5267e+15	3.0534e+15	4.58009e+15	6.10679e+15	7.63349e+15	9.16019e+15	1.06869e+16	1.22136e+16	1.81596e+16	4.77845e+16	3.11135e+17	4.53319e+17	3.89823	3.85151	3.85151	3.85151	3.85151	3.85151	3.85151	3.85151	3.85151	3.85151	3.85151	3.82171	3.56737	4.5784	4.61336	
180946	6.85997e+17	2.78914e+17	1.22054e+17	7.72243e+16	1.54449e+17	2.31673e+17	3.08897e+17	3.86122e+17	4.63346e+17	5.4057e+17	6.17794e+17	6.87765e+17	7.19465e+17	3.32222e+17	8.7345e+15	6.03504e+15	5.51392e+15	2.4129e+15	1.52666e+15	3.05333e+15	4.57999e+15	6.10666e+15	7.63332e+15	9.15999e+15	1.06867e+16	1.22133e+16	1.81625e+16	4.78508e+16	3.11131e+17	4.53319e+17	3.89929	3.85265	3.85265	3.85265	3.85265	3.85265	3.85265	3.85265	3.85265	3.85265	3.85265	3.82287	3.56864	4.57763	4.61265	
181198	6.85997e+17	2.78914e+17	1.22054e+17	7.72244e+16	1.54449e+17	2.31673e+17	3.08897e+17	3.86122e+17	4.63346e+17	5.40571e+17	6.17795e+17	6.8776e+17	7.19357e+17	3.3223e+17	8.73631e+15	6.03492e+15	5.5138e+15	2.41285e+15	1.52663e+15	3.05326e+15	4.57989e+15	6.10652e+15	7.63315e+15	9.15978e+15	1.06864e+16	1.2213e+16	1.81655e+16	4.79175e+16	3.11127e+17	4.53319e+17	3.90037	3.85379	3.85379	3.85379	3.85379	3.85379	3.85379	3.85379	3.85379	3.85379	3.85379	3.82404	3.56991	4.57684	4.61193	
181449	6.85997e+17	2.78915e+17	1.22054e+17	7.72244e+16	1.54449e+17	2.31673e+17	3.08898e+17	3.86122e+17	4.63346e+17	5.40571e+17	6.17795e+17	6.87755e+17	7.19251e+17	3.32239e+17	8.73812e+15	6.03481e+15	5.51368e+15	2.4128e+15	1.5266e+15	3.05319e+15	4.57979e+15	6.10639e+15	7.63299e+15	9.15958e+15	1.06862e+16	1.22128e+16	1.81684e+16	4.79834e+16	3.11123e+17	4.53319e+17	3.90143	3.85493	3.85493	3.85493	3.85493	3.85493	3.85493	3.85493	3.85493	3.85493	3.85493	3.8252	3.57117	4.57605	4.61121	
181702	6.85997e+17	2.78915e+17	1.22054e+17	7.72245e+16	1.54449e+17	2.31673e+17	3.08898e+17	3.86122e+17	4.63347e+17	5.40571e+17	6.17796e+17	6.8775e+17	7.19144e+17	3.32248e+17	8.73996e+15	6.0347e+15	5.51355e+15	2.41275e+15	1.52656e+15	3.05313e+15	4.57969e+15	6.10626e+15	7.63282e+15	9.15938e+15	1.06859e+16	1.22125e+16	1.81713e+16	4.80498e+16	3.11119e+17	4.53319e+17	3.9025	3.85607	3.85607	3.85607	3.85607	3.85607	3.85607	3.85607	3.85607	3.85607	3.85607	3.82637	3.57244	4.57526	4.61048	
181953	6.85998e+17	2.78915e+17	1.22054e+17	7.72245e+16	1.54449e+17	2.31674e+17	3.08898e+17	3.86123e+17	4.63347e+17	5.40572e+17	6.17796e+17	6.87746e+17	7.19039e+17	3.32257e+17	8.74179e+15	6.03458e+15	5.51344e+15	2.41269e+15	1.52653e+15	3.05306e+15	4.57959e+15	6.10612e+15	7.63265e+15	9.15919e+15	1.06857e+16	1.22122e+16	1.81742e+16	4.81151e+16	3.11115e+17	4.53319e+17	3.90356	3.8572	3.8572	3.8572	3.8572	3.8572	3.8572	3.8572	3.8572	3.8572	3.8572	3.82752	3.57369	4.57447	4.60976	
182205	6.85998e+17	2.78915e+17	1.22054e+17	7.72246e+16	1.54449e+17	2.31674e+17	3.08898e+17	3.86123e+17	4.63347e+17	5.40572e+17	6.17797e+17	6.87741e+17	7.18933e+17	3.32266e+17	8.74366e+15	6.03447e+15	5.51332e+15	2.41264e+15	1.5265e+15	3.053e+15	4.57949e+15	6.10599e+15	7.63249e+15	9.15899e+15	1.06855e+16	1.2212e+16	1.81772e+16	4.81809e+16	3.1111e+17	4.53319e+17	3.90463	3.85834	3.85834	3.85834	3.85834	3.85834	3.85834	3.85834	3.85834	3.85834	3.85834	3.82869	3.57495	4.57366	4.60902	
182455	6.85998e+17	2.78915e+17	1.22054e+17	7.72246e+16	1.54449e+17	2.31674e+17	3.08899e+17	3.86123e+17	4.63348e+17	5.40572e+17	6.17797e+17	6.87736e+17	7.18829e+17	3.32275e+17	8.74551e+15	6.03436e+15	5.5132e+15	2.41259e+15	1.52646e+15	3.05293e+15	4.57939e+15	6.10586e+15	7.63232e+15	9.15879e+15	1.06853e+16	1.22117e+16	1.81801e+16	4.82457e+16	3.11106e+17	4.53319e+17	3.90568	3.85946	3.85946	3.85946	3.85946	3.85946	3.85946	3.85946	3.85946	3.85946	3.85946	3.82984	3.5762	4.57287	4.60829	
182706	6.85998e+17	2.78916e+17	1.22054e+17	7.72247e+16	1.54449e+17	2.31674e+17	3.08899e+17	3.86123e+17	4.63348e+17	5.40573e+17	6.17797e+17	6.87732e+17	7.18725e+17	3.32285e+17	8.74739e+15	6.03425e+15	5.51308e+15	2.41254e+15	1.52643e+15	3.05286e+15	4.5793e+15	6.10573e+15	7.63216e+15	9.15859e+15	1.0685e+16	1.22115e+16	1.81829e+16	4.83104e+16	3.11101e+17	4.53319e+17	3.90674	3.86059	3.86059	3.86059	3.86059	3.86059	3.86059	3.86059	3.86059	3.86059	3.86059	3.83098	3.57745	4.57207	4.60755	
182959	6.85998e+17	2.78916e+17	1.22054e+17	7.72247e+16	1.54449e+17	2.31674e+17	3.08899e+17	3.86124e+17	4.63348e+17	5.40573e+17	6.17798e+17	6.87727e+17	7.1862e+17	3.32294e+17	8.7493e+15	6.03414e+15	5.51296e+15	2.41249e+15	1.5264e+15	3.0528e+15	4.5792e+15	6.1056e+15	7.632e+15	9.1584e+15	1.06848e+16	1.22112e+16	1.81859e+16	4.83755e+16	3.11097e+17	4.53319e+17	3.9078	3.86172	3.86172	3.86172	3.86172	3.86172	3.86172	3.86172	3.86172	3.86172	3.86172	3.83214	3.5787	4.57126	4.6068	
183209	6.85999e+17	2.78916e+17	1.22054e+17	7.72248e+16	1.5445e+17	2.31674e+17	3.08899e+17	3.86124e+17	4.63349e+17	5.40574e+17	6.17798e+17	6.87722e+17	7.18516e+17	3.32304e+17	8.75119e+15	6.03403e+15	5.51284e+15	2.41243e+15	1.52637e+15	3.05273e+15	4.5791e+15	6.10547e+15	7.63183e+15	9.1582e+15	1.06846e+16	1.22109e+16	1.81887e+16	4.84397e+16	3.11092e+17	4.53319e+17	3.90885	3.86284	3.86284	3.86284	3.86284	3.86284	3.86284	3.86284	3.86284	3.86284	3.86284	3.83329	3.57994	4.57045	4.60605	
183462	6.85999e+17	2.78916e+17	1.22054e+17	7.72248e+16	1.5445e+17	2.31675e+17	3.08899e+17	3.86124e+17	4.63349e+17	5.40574e+17	6.17799e+17	6.87717e+17	7.18412e+17	3.32314e+17	8.75313e+15	6.03391e+15	5.51272e+15	2.41238e+15	1.52633e+15	3.05267e+15	4.579e+15	6.10534e+15	7.63167e+15	9.15801e+15	1.06843e+16	1.22107e+16	1.81917e+16	4.85045e+16	3.11087e+17	4.53319e+17	3.90992	3.86397	3.86397	3.86397	3.86397	3.86397	3.86397	3.86397	3.86397	3.86397	3.86397	3.83445	3.58119	4.56963	4.60529	
183713	6.85999e+17	2.78916e+17	1.22055e+17	7.72249e+16	1.5445e+17	2.31675e+17	3.089e+17	3.86124e+17	4.63349e+17	5.40574e+17	6.17799e+17	6.87713e+17	7.18309e+17	3.32324e+17	8.75506e+15	6.03381e+15	5.51261e+15	2.41233e+15	1.5263e+15	3.0526e+15	4.57891e+15	6.10521e+15	7.63151e+15	9.15781e+15	1.06841e+16	1.22104e+16	1.81945e+16	4.85683e+16	3.11082e+17	4.53319e+17	3.91096	3.86509	3.86509	3.86509	3.86509	3.86509	3.86509	3.86509	3.86509	3.86509	3.86509	3.83559	3.58243	4.56882	4.60453	
183966	6.85999e+17	2.78917e+17	1.22055e+17	7.7225e+16	1.5445e+17	2.31675e+17	3.089e+17	3.86125e+17	4.6335e+17	5.40575e+17	6.178e+17	6.87708e+17	7.18206e+17	3.32334e+17	8.75702e+15	6.03369e+15	5.51249e+15	2.41228e+15	1.52627e+15	3.05254e+15	4.57881e+15	6.10508e+15	7.63135e+15	9.15762e+15	1.06839e+16	1.22102e+16	1.81974e+16	4.86325e+16	3.11077e+17	4.53319e+17	3.91202	3.86622	3.86622	3.86622	3.86622	3.86622	3.86622	3.86622	3.86622	3.86622	3.86622	3.83674	3.58368	4.56799	4.60376	
184216	6.86e+17	2.78917e+17	1.22055e+17	7.7225e+16	1.5445e+17	2.31675e+17	3.089e+17	3.86125e+17	4.6335e+17	5.40575e+17	6.178e+17	6.87703e+17	7.18104e+17	3.32345e+17	8.75898e+15	6.03359e+15	5.51238e+15	2.41223e+15	1.52624e+15	3.05248e+15	4.57871e+15	6.10495e+15	7.63119e+15	9.15743e+15	1.06837e+16	1.22099e+16	1.82003e+16	4.86957e+16	3.11073e+17	4.53319e+17	3.91307	3.86733	3.86733	3.86733	3.86733	3.86733	3.86733	3.86733	3.86733	3.86733	3.86733	3.83788	3.58491	4.56717	4.603	
184470	6.86e+17	2.78917e+17	1.22055e+17	7.72251e+16	1.5445e+17	2.31675e+17	3.089e+17	3.86125e+17	4.6335e+17	5.40575e+17	6.178e+17	6.87699e+17	7.18001e+17	3.32355e+17	8.76097e+15	6.03348e+15	5.51226e+15	2.41218e+15	1.52621e+15	3.05241e+15	4.57862e+15	6.10482e+15	7.63103e+15	9.15723e+15	1.06834e+16	1.22096e+16	1.82032e+16	4.87597e+16	3.11067e+17	4.53319e+17	3.91412	3.86846	3.86846	3.86846	3.86846	3.86846	3.86846	3.86846	3.86846	3.86846	3.86846	3.83903	3.58615	4.56634	4.60222	
184720	6.86e+17	2.78917e+17	1.22055e+17	7.72251e+16	1.5445e+17	2.31675e+17	3.089e+17	3.86126e+17	4.63351e+17	5.40576e+17	6.17801e+17	6.87694e+17	7.179e+17	3.32366e+17	8.76296e+15	6.03337e+15	5.51215e+15	2.41213e+15	1.52617e+15	3.05235e+15	4.57852e+15	6.10469e+15	7.63087e+15	9.15704e+15	1.06832e+16	1.22094e+16	1.82061e+16	4.88226e+16	3.11062e+17	4.53319e+17	3.91517	3.86957	3.86957	3.86957	3.86957	3.86957	3.86957	3.86957	3.86957	3.86957	3.86957	3.84016	3.58738	4.56552	4.60144	
184973	6.86e+17	2.78917e+17	1.22055e+17	7.72252e+16	1.5445e+17	2.31675e+17	3.08901e+17	3.86126e+17	4.63351e+17	5.40576e+17	6.17801e+17	6.87689e+17	7.17798e+17	3.32377e+17	8.76498e+15	6.03326e+15	5.51203e+15	2.41208e+15	1.52614e+15	3.05228e+15	4.57843e+15	6.10457e+15	7.63071e+15	9.15685e+15	1.0683e+16	1.22091e+16	1.82089e+16	4.88859e+16	3.11057e+17	4.53319e+17	3.91622	3.87069	3.87069	3.87069	3.87069	3.87069	3.87069	3.87069	3.87069	3.87069	3.87069	3.84131	3.58862	4.56468	4.60066	
185223	6.86e+17	2.78918e+17	1.22055e+17	7.72252e+16	1.5445e+17	2.31676e+17	3.08901e+17	3.86126e+17	4.63351e+17	5.40576e+17	6.17802e+17	6.87685e+17	7.17697e+17	3.32387e+17	8.76699e+15	6.03315e+15	5.51192e+15	2.41203e+15	1.52611e+15	3.05222e+15	4.57833e+15	6.10444e+15	7.63055e+15	9.15666e+15	1.06828e+16	1.22089e+16	1.82118e+16	4.89483e+16	3.11052e+17	4.53319e+17	3.91725	3.8718	3.8718	3.8718	3.8718	3.8718	3.8718	3.8718	3.8718	3.8718	3.8718	3.84244	3.58984	4.56385	4.59987	
185473	6.86001e+17	2.78918e+17	1.22055e+17	7.72253e+16	1.54451e+17	2.31676e+17	3.08901e+17	3.86126e+17	4.63352e+17	5.40577e+17	6.17802e+17	6.8768e+17	7.17597e+17	3.32399e+17	8.76901e+15	6.03305e+15	5.5118e+15	2.41198e+15	1.52608e+15	3.05216e+15	4.57824e+15	6.10432e+15	7.6304e+15	9.15647e+15	1.06826e+16	1.22086e+16	1.82146e+16	4.90106e+16	3.11047e+17	4.53319e+17	3.91829	3.8729	3.8729	3.8729	3.8729	3.8729	3.8729	3.8729	3.8729	3.8729	3.8729	3.84357	3.59106	4.56301	4.59909	
185727	6.86001e+17	2.78918e+17	1.22055e+17	7.72253e+16	1.54451e+17	2.31676e+17	3.08901e+17	3.86127e+17	4.63352e+17	5.40577e+17	6.17803e+17	6.87676e+17	7.17495e+17	3.3241e+17	8.77108e+15	6.03294e+15	5.51169e+15	2.41193e+15	1.52605e+15	3.05209e+15	4.57814e+15	6.10419e+15	7.63024e+15	9.15628e+15	1.06823e+16	1.22084e+16	1.82175e+16	4.90734e+16	3.11041e+17	4.53319e+17	3.91934	3.87402	3.87402	3.87402	3.87402	3.87402	3.87402	3.87402	3.87402	3.87402	3.87402	3.84471	3.59229	4.56216	4.59829	
185980	6.86001e+17	2.78918e+17	1.22055e+17	7.72254e+16	1.54451e+17	2.31676e+17	3.08901e+17	3.86127e+17	4.63352e+17	5.40578e+17	6.17803e+17	6.87671e+17	7.17395e+17	3.32421e+17	8.77315e+15	6.03283e+15	5.51158e+15	2.41188e+15	1.52602e+15	3.05203e+15	4.57805e+15	6.10406e+15	7.63008e+15	9.1561e+15	1.06821e+16	1.22081e+16	1.82204e+16	4.91359e+16	3.11036e+17	4.53319e+17	3.92039	3.87513	3.87513	3.87513	3.87513	3.87513	3.87513	3.87513	3.87513	3.87513	3.87513	3.84585	3.59352	4.56131	4.59748	
186230	6.86001e+17	2.78918e+17	1.22055e+17	7.72254e+16	1.54451e+17	2.31676e+17	3.08902e+17	3.86127e+17	4.63353e+17	5.40578e+17	6.17803e+17	6.87666e+17	7.17295e+17	3.32433e+17	8.77522e+15	6.03273e+15	5.51146e+15	2.41183e+15	1.52598e+15	3.05197e+15	4.57795e+15	6.10394e+15	7.62992e+15	9.15591e+15	1.06819e+16	1.22079e+16	1.82232e+16	4.91975e+16	3.1103e+17	4.53319e+17	3.92142	3.87623	3.87623	3.87623	3.87623	3.87623	3.87623	3.87623	3.87623	3.87623	3.87623	3.84698	3.59473	4.56047	4.59668	
186481	6.86001e+17	2.78918e+17	1.22055e+17	7.72255e+16	1.54451e+17	2.31676e+17	3.08902e+17	3.86127e+17	4.63353e+17	5.40578e+17	6.17804e+17	6.87662e+17	7.17196e+17	3.32445e+17	8.7773e+15	6.03262e+15	5.51135e+15	2.41178e+15	1.52595e+15	3.05191e+15	4.57786e+15	6.10382e+15	7.62977e+15	9.15572e+15	1.06817e+16	1.22076e+16	1.8226e+16	4.9259e+16	3.11025e+17	4.53319e+17	3.92245	3.87733	3.87733	3.87733	3.87733	3.87733	3.87733	3.87733	3.87733	3.87733	3.87733	3.8481	3.59594	4.55962	4.59588	
186734	6.86002e+17	2.78919e+17	1.22056e+17	7.72255e+16	1.54451e+17	2.31677e+17	3.08902e+17	3.86128e+17	4.63353e+17	5.40579e+17	6.17804e+17	6.87657e+17	7.17097e+17	3.32457e+17	8.77942e+15	6.03252e+15	5.51124e+15	2.41173e+15	1.52592e+15	3.05185e+15	4.57777e+15	6.10369e+15	7.62962e+15	9.15554e+15	1.06815e+16	1.22074e+16	1.82289e+16	4.93209e+16	3.11019e+17	4.53319e+17	3.92349	3.87844	3.87844	3.87844	3.87844	3.87844	3.87844	3.87844	3.87844	3.87844	3.87844	3.84924	3.59716	4.55876	4.59506	
186984	6.86002e+17	2.78919e+17	1.22056e+17	7.72256e+16	1.54451e+17	2.31677e+17	3.08902e+17	3.86128e+17	4.63353e+17	5.40579e+17	6.17805e+17	6.87653e+17	7.16998e+17	3.32469e+17	8.78154e+15	6.03241e+15	5.51113e+15	2.41168e+15	1.52589e+15	3.05178e+15	4.57768e+15	6.10357e+15	7.62946e+15	9.15535e+15	1.06812e+16	1.22071e+16	1.82317e+16	4.9382e+16	3.11013e+17	4.53319e+17	3.92452	3.87954	3.87954	3.87954	3.87954	3.87954	3.87954	3.87954	3.87954	3.87954	3.87954	3.85036	3.59837	4.55791	4.59424	
187238	6.86002e+17	2.78919e+17	1.22056e+17	7.72256e+16	1.54451e+17	2.31677e+17	3.08902e+17	3.86128e+17	4.63354e+17	5.40579e+17	6.17805e+17	6.87648e+17	7.16899e+17	3.32481e+17	8.78368e+15	6.03231e+15	5.51102e+15	2.41164e+15	1.52586e+15	3.05172e+15	4.57758e+15	6.10345e+15	7.62931e+15	9.15517e+15	1.0681e+16	1.22069e+16	1.82345e+16	4.94435e+16	3.11007e+17	4.53318e+17	3.92556	3.88064	3.88064	3.88064	3.88064	3.88064	3.88064	3.88064	3.88064	3.88064	3.88064	3.85149	3.59959	4.55704	4.59342	
187488	6.86002e+17	2.78919e+17	1.22056e+17	7.72257e+16	1.54451e+17	2.31677e+17	3.08903e+17	3.86128e+17	4.63354e+17	5.4058e+17	6.17805e+17	6.87643e+17	7.16801e+17	3.32493e+17	8.78582e+15	6.03221e+15	5.51091e+15	2.41159e+15	1.52583e+15	3.05166e+15	4.57749e+15	6.10332e+15	7.62916e+15	9.15499e+15	1.06808e+16	1.22066e+16	1.82373e+16	4.95041e+16	3.11001e+17	4.53318e+17	3.92658	3.88174	3.88174	3.88174	3.88174	3.88174	3.88174	3.88174	3.88174	3.88174	3.88174	3.85261	3.60079	4.55618	4.5926	
187741	6.86002e+17	2.78919e+17	1.22056e+17	7.72257e+16	1.54451e+17	2.31677e+17	3.08903e+17	3.86129e+17	4.63354e+17	5.4058e+17	6.17806e+17	6.87639e+17	7.16703e+17	3.32506e+17	8.788e+15	6.0321e+15	5.5108e+15	2.41154e+15	1.5258e+15	3.0516e+15	4.5774e+15	6.1032e+15	7.629e+15	9.1548e+15	1.06806e+16	1.22064e+16	1.82402e+16	4.95652e+16	3.10995e+17	4.53318e+17	3.92762	3.88284	3.88284	3.88284	3.88284	3.88284	3.88284	3.88284	3.88284	3.88284	3.88284	3.85374	3.602	4.55531	4.59176	
187991	6.86002e+17	2.7892e+17	1.22056e+17	7.72258e+16	1.54452e+17	2.31677e+17	3.08903e+17	3.86129e+17	4.63355e+17	5.4058e+17	6.17806e+17	6.87634e+17	7.16606e+17	3.32518e+17	8.79017e+15	6.032e+15	5.51069e+15	2.41149e+15	1.52577e+15	3.05154e+15	4.57731e+15	6.10308e+15	7.62885e+15	9.15462e+15	1.06804e+16	1.22062e+16	1.8243e+16	4.96254e+16	3.10989e+17	4.53318e+17	3.92864	3.88393	3.88393	3.88393	3.88393	3.88393	3.88393	3.88393	3.88393	3.88393	3.88393	3.85485	3.6032	4.55444	4.59093	
188242	6.86003e+17	2.7892e+17	1.22056e+17	7.72258e+16	1.54452e+17	2.31677e+17	3.08903e+17	3.86129e+17	4.63355e+17	5.40581e+17	6.17807e+17	6.8763e+17	7.16509e+17	3.32531e+17	8.79235e+15	6.0319e+15	5.51058e+15	2.41144e+15	1.52574e+15	3.05148e+15	4.57722e+15	6.10296e+15	7.6287e+15	9.15444e+15	1.06802e+16	1.22059e+16	1.82458e+16	4.96855e+16	3.10983e+17	4.53318e+17	3.92966	3.88502	3.88502	3.88502	3.88502	3.88502	3.88502	3.88502	3.88502	3.88502	3.88502	3.85596	3.6044	4.55357	4.59009	
188495	6.86003e+17	2.7892e+17	1.22056e+17	7.72259e+16	1.54452e+17	2.31678e+17	3.08903e+17	3.86129e+17	4.63355e+17	5.40581e+17	6.17807e+17	6.87625e+17	7.16411e+17	3.32544e+17	8.79457e+15	6.0318e+15	5.51047e+15	2.4114e+15	1.52571e+15	3.05142e+15	4.57713e+15	6.10284e+15	7.62855e+15	9.15426e+15	1.068e+16	1.22057e+16	1.82486e+16	4.97461e+16	3.10977e+17	4.53318e+17	3.93069	3.88612	3.88612	3.88612	3.88612	3.88612	3.88612	3.88612	3.88612	3.88612	3.88612	3.85709	3.6056	4.55269	4.58924	
188746	6.86003e+17	2.7892e+17	1.22056e+17	7.72259e+16	1.54452e+17	2.31678e+17	3.08904e+17	3.8613e+17	4.63355e+17	5.40581e+17	6.17807e+17	6.87621e+17	7.16315e+17	3.32557e+17	8.79678e+15	6.0317e+15	5.51036e+15	2.41135e+15	1.52568e+15	3.05136e+15	4.57704e+15	6.10272e+15	7.6284e+15	9.15408e+15	1.06798e+16	1.22054e+16	1.82514e+16	4.98057e+16	3.10971e+17	4.53318e+17	3.93171	3.8872	3.8872	3.8872	3.8872	3.8872	3.8872	3.8872	3.8872	3.8872	3.8872	3.8582	3.60679	4.55182	4.5884	
188999	6.86003e+17	2.7892e+17	1.22056e+17	7.7226e+16	1.54452e+17	2.31678e+17	3.08904e+17	3.8613e+17	4.63356e+17	5.40582e+17	6.17808e+17	6.87616e+17	7.16218e+17	3.3257e+17	8.79903e+15	6.03159e+15	5.51025e+15	2.4113e+15	1.52565e+15	3.0513e+15	4.57695e+15	6.1026e+15	7.62825e+15	9.1539e+15	1.06796e+16	1.22052e+16	1.82542e+16	4.98659e+16	3.10964e+17	4.53318e+17	3.93274	3.8883	3.8883	3.8883	3.8883	3.8883	3.8883	3.8883	3.8883	3.8883	3.8883	3.85932	3.608	4.55093	4.58754	
189249	6.86003e+17	2.7892e+17	1.22056e+17	7.7226e+16	1.54452e+17	2.31678e+17	3.08904e+17	3.8613e+17	4.63356e+17	5.40582e+17	6.17808e+17	6.87612e+17	7.16122e+17	3.32584e+17	8.80127e+15	6.03149e+15	5.51015e+15	2.41125e+15	1.52562e+15	3.05124e+15	4.57686e+15	6.10248e+15	7.6281e+15	9.15372e+15	1.06793e+16	1.2205e+16	1.8257e+16	4.99253e+16	3.10958e+17	4.53318e+17	3.93375	3.88938	3.88938	3.88938	3.88938	3.88938	3.88938	3.88938	3.88938	3.88938	3.88938	3.86042	3.60919	4.55005	4.58669	
189502	6.86004e+17	2.78921e+17	1.22056e+17	7.72261e+16	1.54452e+17	2.31678e+17	3.08904e+17	3.8613e+17	4.63356e+17	5.40582e+17	6.17808e+17	6.87607e+17	7.16026e+17	3.32597e+17	8.80355e+15	6.03139e+15	5.51004e+15	2.41121e+15	1.52559e+15	3.05118e+15	4.57677e+15	6.10236e+15	7.62795e+15	9.15354e+15	1.06791e+16	1.22047e+16	1.82598e+16	4.9985e+16	3.10951e+17	4.53318e+17	3.93478	3.89047	3.89047	3.89047	3.89047	3.89047	3.89047	3.89047	3.89047	3.89047	3.89047	3.86154	3.61038	4.54915	4.58582	
189753	6.86004e+17	2.78921e+17	1.22056e+17	7.72261e+16	1.54452e+17	2.31678e+17	3.08904e+17	3.86131e+17	4.63357e+17	5.40583e+17	6.17809e+17	6.87603e+17	7.15931e+17	3.32611e+17	8.80582e+15	6.03129e+15	5.50993e+15	2.41116e+15	1.52556e+15	3.05112e+15	4.57668e+15	6.10225e+15	7.62781e+15	9.15337e+15	1.06789e+16	1.22045e+16	1.82625e+16	5.0044e+16	3.10945e+17	4.53318e+17	3.93579	3.89155	3.89155	3.89155	3.89155	3.89155	3.89155	3.89155	3.89155	3.89155	3.89155	3.86264	3.61157	4.54826	4.58496	
190006	6.86004e+17	2.78921e+17	1.22057e+17	7.72262e+16	1.54452e+17	2.31678e+17	3.08905e+17	3.86131e+17	4.63357e+17	5.40583e+17	6.17809e+17	6.87598e+17	7.15835e+17	3.32625e+17	8.80813e+15	6.03119e+15	5.50983e+15	2.41111e+15	1.52553e+15	3.05106e+15	4.5766e+15	6.10213e+15	7.62766e+15	9.15319e+15	1.06787e+16	1.22043e+16	1.82653e+16	5.01035e+16	3.10938e+17	4.53318e+17	3.93681	3.89264	3.89264	3.89264	3.89264	3.89264	3.89264	3.89264	3.89264	3.89264	3.89264	3.86376	3.61276	4.54736	4.58408	
190257	6.86004e+17	2.78921e+17	1.22057e+17	7.72262e+16	1.54452e+17	2.31679e+17	3.08905e+17	3.86131e+17	4.63357e+17	5.40583e+17	6.1781e+17	6.87594e+17	7.1574e+17	3.32639e+17	8.81042e+15	6.0311e+15	5.50972e+15	2.41107e+15	1.5255e+15	3.05101e+15	4.57651e+15	6.10201e+15	7.62751e+15	9.15302e+15	1.06785e+16	1.2204e+16	1.82681e+16	5.01621e+16	3.10931e+17	4.53318e+17	3.93782	3.89371	3.89371	3.89371	3.89371	3.89371	3.89371	3.89371	3.89371	3.89371	3.89371	3.86486	3.61394	4.54647	4.58321	
190510	6.86004e+17	2.78921e+17	1.22057e+17	7.72263e+16	1.54453e+17	2.31679e+17	3.08905e+17	3.86131e+17	4.63358e+17	5.40584e+17	6.1781e+17	6.87589e+17	7.15645e+17	3.32653e+17	8.81276e+15	6.031e+15	5.50962e+15	2.41102e+15	1.52547e+15	3.05095e+15	4.57642e+15	6.10189e+15	7.62737e+15	9.15284e+15	1.06783e+16	1.22038e+16	1.82709e+16	5.02211e+16	3.10925e+17	4.53318e+17	3.93884	3.8948	3.8948	3.8948	3.8948	3.8948	3.8948	3.8948	3.8948	3.8948	3.8948	3.86597	3.61513	4.54556	4.58233	
190760	6.86005e+17	2.78921e+17	1.22057e+17	7.72263e+16	1.54453e+17	2.31679e+17	3.08905e+17	3.86132e+17	4.63358e+17	5.40584e+17	6.1781e+17	6.87585e+17	7.15551e+17	3.32667e+17	8.81508e+15	6.0309e+15	5.50951e+15	2.41098e+15	1.52544e+15	3.05089e+15	4.57633e+15	6.10178e+15	7.62722e+15	9.15267e+15	1.06781e+16	1.22036e+16	1.82736e+16	5.02793e+16	3.10918e+17	4.53318e+17	3.93984	3.89587	3.89587	3.89587	3.89587	3.89587	3.89587	3.89587	3.89587	3.89587	3.89587	3.86706	3.6163	4.54466	4.58145	
191011	6.86005e+17	2.78922e+17	1.22057e+17	7.72263e+16	1.54453e+17	2.31679e+17	3.08905e+17	3.86132e+17	4.63358e+17	5.40584e+17	6.17811e+17	6.8758e+17	7.15458e+17	3.32682e+17	8.81742e+15	6.0308e+15	5.50941e+15	2.41093e+15	1.52542e+15	3.05083e+15	4.57625e+15	6.10166e+15	7.62708e+15	9.15249e+15	1.06779e+16	1.22033e+16	1.82764e+16	5.03374e+16	3.10911e+17	4.53318e+17	3.94085	3.89694	3.89694	3.89694	3.89694	3.89694	3.89694	3.89694	3.89694	3.89694	3.89694	3.86816	3.61748	4.54376	4.58057	
191264	6.86005e+17	2.78922e+17	1.22057e+17	7.72264e+16	1.54453e+17	2.31679e+17	3.08906e+17	3.86132e+17	4.63358e+17	5.40585e+17	6.17811e+17	6.87576e+17	7.15363e+17	3.32697e+17	8.8198e+15	6.0307e+15	5.5093e+15	2.41088e+15	1.52539e+15	3.05077e+15	4.57616e+15	6.10155e+15	7.62693e+15	9.15232e+15	1.06777e+16	1.22031e+16	1.82791e+16	5.0396e+16	3.10904e+17	4.53318e+17	3.94186	3.89802	3.89802	3.89802	3.89802	3.89802	3.89802	3.89802	3.89802	3.89802	3.89802	3.86927	3.61866	4.54284	4.57967	
191514	6.86005e+17	2.78922e+17	1.22057e+17	7.72264e+16	1.54453e+17	2.31679e+17	3.08906e+17	3.86132e+17	4.63359e+17	5.40585e+17	6.17812e+17	6.87571e+17	7.1527e+17	3.32711e+17	8.82217e+15	6.03061e+15	5.5092e+15	2.41084e+15	1.52536e+15	3.05072e+15	4.57607e+15	6.10143e+15	7.62679e+15	9.15215e+15	1.06775e+16	1.22029e+16	1.82819e+16	5.04537e+16	3.10897e+17	4.53318e+17	3.94286	3.89908	3.89908	3.89908	3.89908	3.89908	3.89908	3.89908	3.89908	3.89908	3.89908	3.87036	3.61983	4.54193	4.57878	
191768	6.86005e+17	2.78922e+17	1.22057e+17	7.72265e+16	1.54453e+17	2.31679e+17	3.08906e+17	3.86132e+17	4.63359e+17	5.40585e+17	6.17812e+17	6.87567e+17	7.15176e+17	3.32726e+17	8.82458e+15	6.03051e+15	5.50909e+15	2.41079e+15	1.52533e+15	3.05066e+15	4.57599e+15	6.10132e+15	7.62665e+15	9.15198e+15	1.06773e+16	1.22026e+16	1.82846e+16	5.0512e+16	3.1089e+17	4.53318e+17	3.94388	3.90016	3.90016	3.90016	3.90016	3.90016	3.90016	3.90016	3.90016	3.90016	3.90016	3.87146	3.62101	4.54101	4.57787	
192018	6.86005e+17	2.78922e+17	1.22057e+17	7.72265e+16	1.54453e+17	2.3168e+17	3.08906e+17	3.86133e+17	4.63359e+17	5.40586e+17	6.17812e+17	6.87562e+17	7.15084e+17	3.32741e+17	8.82698e+15	6.03041e+15	5.50899e+15	2.41075e+15	1.5253e+15	3.0506e+15	4.5759e+15	6.1012e+15	7.6265e+15	9.15181e+15	1.06771e+16	1.22024e+16	1.82874e+16	5.05694e+16	3.10882e+17	4.53318e+17	3.94488	3.90123	3.90123	3.90123	3.90123	3.90123	3.90123	3.90123	3.90123	3.90123	3.90123	3.87255	3.62218	4.54009	4.57697	
192272	6.86006e+17	2.78922e+17	1.22057e+17	7.72266e+16	1.54453e+17	2.3168e+17	3.08906e+17	3.86133e+17	4.63359e+17	5.40586e+17	6.17813e+17	6.87558e+17	7.1499e+17	3.32757e+17	8.82942e+15	6.03032e+15	5.50889e+15	2.4107e+15	1.52527e+15	3.05054e+15	4.57582e+15	6.10109e+15	7.62636e+15	9.15163e+15	1.06769e+16	1.22022e+16	1.82901e+16	5.06273e+16	3.10875e+17	4.53318e+17	3.94588	3.9023	3.9023	3.9023	3.9023	3.9023	3.9023	3.9023	3.9023	3.9023	3.9023	3.87365	3.62335	4.53916	4.57605	
192522	6.86006e+17	2.78923e+17	1.22057e+17	7.72266e+16	1.54453e+17	2.3168e+17	3.08907e+17	3.86133e+17	4.6336e+17	5.40586e+17	6.17813e+17	6.87554e+17	7.14898e+17	3.32772e+17	8.83185e+15	6.03022e+15	5.50879e+15	2.41066e+15	1.52524e+15	3.05049e+15	4.57573e+15	6.10098e+15	7.62622e+15	9.15147e+15	1.06767e+16	1.2202e+16	1.82928e+16	5.06843e+16	3.10868e+17	4.53318e+17	3.94688	3.90336	3.90336	3.90336	3.90336	3.90336	3.90336	3.90336	3.90336	3.90336	3.90336	3.87474	3.62451	4.53824	4.57514	
192776	6.86006e+17	2.78923e+17	1.22057e+17	7.72267e+16	1.54453e+17	2.3168e+17	3.08907e+17	3.86133e+17	4.6336e+17	5.40587e+17	6.17813e+17	6.87549e+17	7.14805e+17	3.32788e+17	8.83432e+15	6.03013e+15	5.50869e+15	2.41062e+15	1.52522e+15	3.05043e+15	4.57565e+15	6.10086e+15	7.62608e+15	9.1513e+15	1.06765e+16	1.22017e+16	1.82956e+16	5.0742e+16	3.1086e+17	4.53318e+17	3.94789	3.90443	3.90443	3.90443	3.90443	3.90443	3.90443	3.90443	3.90443	3.90443	3.90443	3.87583	3.62568	4.53731	4.57422	
193026	6.86006e+17	2.78923e+17	1.22057e+17	7.72267e+16	1.54453e+17	2.3168e+17	3.08907e+17	3.86134e+17	4.6336e+17	5.40587e+17	6.17814e+17	6.87545e+17	7.14714e+17	3.32803e+17	8.83678e+15	6.03003e+15	5.50858e+15	2.41057e+15	1.52519e+15	3.05038e+15	4.57556e+15	6.10075e+15	7.62594e+15	9.15113e+15	1.06763e+16	1.22015e+16	1.82983e+16	5.07988e+16	3.10853e+17	4.53318e+17	3.94888	3.90549	3.90549	3.90549	3.90549	3.90549	3.90549	3.90549	3.90549	3.90549	3.90549	3.87692	3.62684	4.53638	4.5733	
193279	6.86006e+17	2.78923e+17	1.22057e+17	7.72268e+16	1.54454e+17	2.3168e+17	3.08907e+17	3.86134e+17	4.63361e+17	5.40587e+17	6.17814e+17	6.8754e+17	7.14621e+17	3.32819e+17	8.83927e+15	6.02994e+15	5.50848e+15	2.41053e+15	1.52516e+15	3.05032e+15	4.57548e+15	6.10064e+15	7.6258e+15	9.15096e+15	1.06761e+16	1.22013e+16	1.8301e+16	5.0856e+16	3.10845e+17	4.53318e+17	3.94988	3.90656	3.90656	3.90656	3.90656	3.90656	3.90656	3.90656	3.90656	3.90656	3.90656	3.87801	3.62801	4.53544	4.57237	
193529	6.86007e+17	2.78923e+17	1.22058e+17	7.72268e+16	1.54454e+17	2.3168e+17	3.08907e+17	3.86134e+17	4.63361e+17	5.40588e+17	6.17814e+17	6.87536e+17	7.1453e+17	3.32835e+17	8.84176e+15	6.02985e+15	5.50838e+15	2.41048e+15	1.52513e+15	3.05026e+15	4.5754e+15	6.10053e+15	7.62566e+15	9.15079e+15	1.06759e+16	1.22011e+16	1.83037e+16	5.09124e+16	3.10837e+17	4.53318e+17	3.95087	3.90761	3.90761	3.90761	3.90761	3.90761	3.90761	3.90761	3.90761	3.90761	3.90761	3.87909	3.62916	4.53451	4.57144	
193780	6.86007e+17	2.78923e+17	1.22058e+17	7.72269e+16	1.54454e+17	2.31681e+17	3.08907e+17	3.86134e+17	4.63361e+17	5.40588e+17	6.17815e+17	6.87532e+17	7.1444e+17	3.32851e+17	8.84426e+15	6.02975e+15	5.50828e+15	2.41044e+15	1.5251e+15	3.05021e+15	4.57531e+15	6.10042e+15	7.62552e+15	9.15063e+15	1.06757e+16	1.22008e+16	1.83064e+16	5.09687e+16	3.1083e+17	4.53318e+17	3.95186	3.90866	3.90866	3.90866	3.90866	3.90866	3.90866	3.90866	3.90866	3.90866	3.90866	3.88017	3.63031	4.53357	4.57051	
194034	6.86007e+17	2.78924e+17	1.22058e+17	7.72269e+16	1.54454e+17	2.31681e+17	3.08908e+17	3.86135e+17	4.63361e+17	5.40588e+17	6.17815e+17	6.87527e+17	7.14348e+17	3.32867e+17	8.84681e+15	6.02966e+15	5.50818e+15	2.4104e+15	1.52508e+15	3.05015e+15	4.57523e+15	6.10031e+15	7.62538e+15	9.15046e+15	1.06755e+16	1.22006e+16	1.83092e+16	5.10255e+16	3.10822e+17	4.53318e+17	3.95286	3.90973	3.90973	3.90973	3.90973	3.90973	3.90973	3.90973	3.90973	3.90973	3.90973	3.88126	3.63148	4.53262	4.56956	
194287	6.86007e+17	2.78924e+17	1.22058e+17	7.72269e+16	1.54454e+17	2.31681e+17	3.08908e+17	3.86135e+17	4.63362e+17	5.40589e+17	6.17816e+17	6.87523e+17	7.14257e+17	3.32884e+17	8.84936e+15	6.02957e+15	5.50808e+15	2.41035e+15	1.52505e+15	3.0501e+15	4.57515e+15	6.1002e+15	7.62525e+15	9.15029e+15	1.06753e+16	1.22004e+16	1.83119e+16	5.10821e+16	3.10814e+17	4.53318e+17	3.95385	3.91079	3.91079	3.91079	3.91079	3.91079	3.91079	3.91079	3.91079	3.91079	3.91079	3.88234	3.63264	4.53166	4.56861	
194537	6.86007e+17	2.78924e+17	1.22058e+17	7.7227e+16	1.54454e+17	2.31681e+17	3.08908e+17	3.86135e+17	4.63362e+17	5.40589e+17	6.17816e+17	6.87518e+17	7.14166e+17	3.329e+17	8.85191e+15	6.02948e+15	5.50799e+15	2.41031e+15	1.52502e+15	3.05004e+15	4.57507e+15	6.10009e+15	7.62511e+15	9.15013e+15	1.06752e+16	1.22002e+16	1.83146e+16	5.1138e+16	3.10806e+17	4.53318e+17	3.95484	3.91184	3.91184	3.91184	3.91184	3.91184	3.91184	3.91184	3.91184	3.91184	3.91184	3.88342	3.63378	4.53072	4.56766	
194788	6.86007e+17	2.78924e+17	1.22058e+17	7.7227e+16	1.54454e+17	2.31681e+17	3.08908e+17	3.86135e+17	4.63362e+17	5.40589e+17	6.17816e+17	6.87514e+17	7.14077e+17	3.32917e+17	8.85447e+15	6.02938e+15	5.50789e+15	2.41027e+15	1.52499e+15	3.04999e+15	4.57498e+15	6.09998e+15	7.62497e+15	9.14997e+15	1.0675e+16	1.22e+16	1.83173e+16	5.11937e+16	3.10798e+17	4.53318e+17	3.95582	3.91289	3.91289	3.91289	3.91289	3.91289	3.91289	3.91289	3.91289	3.91289	3.91289	3.88449	3.63493	4.52977	4.56671	
195041	6.86008e+17	2.78924e+17	1.22058e+17	7.72271e+16	1.54454e+17	2.31681e+17	3.08908e+17	3.86135e+17	4.63362e+17	5.4059e+17	6.17817e+17	6.8751e+17	7.13986e+17	3.32934e+17	8.85707e+15	6.02929e+15	5.50779e+15	2.41022e+15	1.52497e+15	3.04993e+15	4.5749e+15	6.09987e+15	7.62484e+15	9.1498e+15	1.06748e+16	1.21997e+16	1.832e+16	5.12498e+16	3.1079e+17	4.53318e+17	3.95681	3.91394	3.91394	3.91394	3.91394	3.91394	3.91394	3.91394	3.91394	3.91394	3.91394	3.88557	3.63608	4.52881	4.56575	
195292	6.86008e+17	2.78924e+17	1.22058e+17	7.72271e+16	1.54454e+17	2.31681e+17	3.08908e+17	3.86136e+17	4.63363e+17	5.4059e+17	6.17817e+17	6.87505e+17	7.13896e+17	3.32951e+17	8.85966e+15	6.0292e+15	5.50769e+15	2.41018e+15	1.52494e+15	3.04988e+15	4.57482e+15	6.09976e+15	7.6247e+15	9.14964e+15	1.06746e+16	1.21995e+16	1.83227e+16	5.13053e+16	3.10782e+17	4.53317e+17	3.95779	3.91499	3.91499	3.91499	3.91499	3.91499	3.91499	3.91499	3.91499	3.91499	3.91499	3.88664	3.63722	4.52785	4.56479	
195545	6.86008e+17	2.78925e+17	1.22058e+17	7.72272e+16	1.54454e+17	2.31682e+17	3.08909e+17	3.86136e+17	4.63363e+17	5.4059e+17	6.17817e+17	6.87501e+17	7.13806e+17	3.32968e+17	8.86229e+15	6.02911e+15	5.50759e+15	2.41014e+15	1.52491e+15	3.04983e+15	4.57474e+15	6.09965e+15	7.62457e+15	9.14948e+15	1.06744e+16	1.21993e+16	1.83254e+16	5.13612e+16	3.10774e+17	4.53317e+17	3.95878	3.91604	3.91604	3.91604	3.91604	3.91604	3.91604	3.91604	3.91604	3.91604	3.91604	3.88772	3.63837	4.52688	4.56382	
195796	6.86008e+17	2.78925e+17	1.22058e+17	7.72272e+16	1.54454e+17	2.31682e+17	3.08909e+17	3.86136e+17	4.63363e+17	5.4059e+17	6.17818e+17	6.87497e+17	7.13717e+17	3.32985e+17	8.86491e+15	6.02902e+15	5.5075e+15	2.41009e+15	1.52489e+15	3.04977e+15	4.57466e+15	6.09955e+15	7.62443e+15	9.14932e+15	1.06742e+16	1.21991e+16	1.8328e+16	5.14163e+16	3.10765e+17	4.53317e+17	3.95976	3.91708	3.91708	3.91708	3.91708	3.91708	3.91708	3.91708	3.91708	3.91708	3.91708	3.88879	3.63951	4.52593	4.56285	
196049	6.86008e+17	2.78925e+17	1.22058e+17	7.72273e+16	1.54455e+17	2.31682e+17	3.08909e+17	3.86136e+17	4.63364e+17	5.40591e+17	6.17818e+17	6.87492e+17	7.13628e+17	3.33003e+17	8.86757e+15	6.02893e+15	5.5074e+15	2.41005e+15	1.52486e+15	3.04972e+15	4.57458e+15	6.09944e+15	7.6243e+15	9.14916e+15	1.0674e+16	1.21989e+16	1.83307e+16	5.14719e+16	3.10757e+17	4.53317e+17	3.96074	3.91813	3.91813	3.91813	3.91813	3.91813	3.91813	3.91813	3.91813	3.91813	3.91813	3.88986	3.64066	4.52495	4.56187	
196299	6.86008e+17	2.78925e+17	1.22058e+17	7.72273e+16	1.54455e+17	2.31682e+17	3.08909e+17	3.86136e+17	4.63364e+17	5.40591e+17	6.17818e+17	6.87488e+17	7.13539e+17	3.3302e+17	8.87022e+15	6.02884e+15	5.5073e+15	2.41001e+15	1.52483e+15	3.04967e+15	4.5745e+15	6.09933e+15	7.62417e+15	9.149e+15	1.06738e+16	1.21987e+16	1.83334e+16	5.15267e+16	3.10749e+17	4.53317e+17	3.96172	3.91917	3.91917	3.91917	3.91917	3.91917	3.91917	3.91917	3.91917	3.91917	3.91917	3.89093	3.64179	4.52398	4.56089	
196550	6.86009e+17	2.78925e+17	1.22058e+17	7.72273e+16	1.54455e+17	2.31682e+17	3.08909e+17	3.86137e+17	4.63364e+17	5.40591e+17	6.17819e+17	6.87484e+17	7.13451e+17	3.33038e+17	8.87288e+15	6.02876e+15	5.50721e+15	2.40997e+15	1.52481e+15	3.04961e+15	4.57442e+15	6.09923e+15	7.62404e+15	9.14884e+15	1.06736e+16	1.21985e+16	1.8336e+16	5.15814e+16	3.1074e+17	4.53317e+17	3.96269	3.92021	3.92021	3.92021	3.92021	3.92021	3.92021	3.92021	3.92021	3.92021	3.92021	3.89199	3.64292	4.52302	4.55992	
196804	6.86009e+17	2.78925e+17	1.22058e+17	7.72274e+16	1.54455e+17	2.31682e+17	3.0891e+17	3.86137e+17	4.63364e+17	5.40592e+17	6.17819e+17	6.87479e+17	7.13362e+17	3.33056e+17	8.87559e+15	6.02867e+15	5.50711e+15	2.40993e+15	1.52478e+15	3.04956e+15	4.57434e+15	6.09912e+15	7.6239e+15	9.14868e+15	1.06735e+16	1.21982e+16	1.83387e+16	5.16366e+16	3.10731e+17	4.53317e+17	3.96367	3.92125	3.92125	3.92125	3.92125	3.92125	3.92125	3.92125	3.92125	3.92125	3.92125	3.89306	3.64406	4.52203	4.55892	
197054	6.86009e+17	2.78926e+17	1.22059e+17	7.72274e+16	1.54455e+17	2.31682e+17	3.0891e+17	3.86137e+17	4.63365e+17	5.40592e+17	6.17819e+17	6.87475e+17	7.13274e+17	3.33074e+17	8.87828e+15	6.02858e+15	5.50702e+15	2.40989e+15	1.52475e+15	3.04951e+15	4.57426e+15	6.09902e+15	7.62377e+15	9.14853e+15	1.06733e+16	1.2198e+16	1.83414e+16	5.1691e+16	3.10723e+17	4.53317e+17	3.96464	3.92228	3.92228	3.92228	3.92228	3.92228	3.92228	3.92228	3.92228	3.92228	3.92228	3.89412	3.64519	4.52106	4.55793	
197308	6.86009e+17	2.78926e+17	1.22059e+17	7.72275e+16	1.54455e+17	2.31682e+17	3.0891e+17	3.86137e+17	4.63365e+17	5.40592e+17	6.1782e+17	6.87471e+17	7.13185e+17	3.33092e+17	8.88102e+15	6.02849e+15	5.50692e+15	2.40984e+15	1.52473e+15	3.04946e+15	4.57418e+15	6.09891e+15	7.62364e+15	9.14837e+15	1.06731e+16	1.21978e+16	1.8344e+16	5.1746e+16	3.10714e+17	4.53317e+17	3.96562	3.92333	3.92333	3.92333	3.92333	3.92333	3.92333	3.92333	3.92333	3.92333	3.92333	3.89519	3.64633	4.52007	4.55693	
197558	6.86009e+17	2.78926e+17	1.22059e+17	7.72275e+16	1.54455e+17	2.31683e+17	3.0891e+17	3.86138e+17	4.63365e+17	5.40593e+17	6.1782e+17	6.87466e+17	7.13098e+17	3.3311e+17	8.88374e+15	6.0284e+15	5.50683e+15	2.4098e+15	1.5247e+15	3.0494e+15	4.57411e+15	6.09881e+15	7.62351e+15	9.14821e+15	1.06729e+16	1.21976e+16	1.83467e+16	5.18002e+16	3.10705e+17	4.53317e+17	3.96659	3.92436	3.92436	3.92436	3.92436	3.92436	3.92436	3.92436	3.92436	3.92436	3.92436	3.89624	3.64745	4.51909	4.55593	
197811	6.86009e+17	2.78926e+17	1.22059e+17	7.72276e+16	1.54455e+17	2.31683e+17	3.0891e+17	3.86138e+17	4.63365e+17	5.40593e+17	6.1782e+17	6.87462e+17	7.1301e+17	3.33129e+17	8.88651e+15	6.02832e+15	5.50674e+15	2.40976e+15	1.52468e+15	3.04935e+15	4.57403e+15	6.0987e+15	7.62338e+15	9.14806e+15	1.06727e+16	1.21974e+16	1.83493e+16	5.18548e+16	3.10697e+17	4.53317e+17	3.96756	3.9254	3.9254	3.9254	3.9254	3.9254	3.9254	3.9254	3.9254	3.9254	3.9254	3.89731	3.64858	4.51809	4.55492	
198062	6.8601e+17	2.78926e+17	1.22059e+17	7.72276e+16	1.54455e+17	2.31683e+17	3.0891e+17	3.86138e+17	4.63366e+17	5.40593e+17	6.17821e+17	6.87458e+17	7.12923e+17	3.33148e+17	8.88926e+15	6.02823e+15	5.50664e+15	2.40972e+15	1.52465e+15	3.0493e+15	4.57395e+15	6.0986e+15	7.62325e+15	9.1479e+15	1.06726e+16	1.21972e+16	1.8352e+16	5.19087e+16	3.10688e+17	4.53317e+17	3.96853	3.92642	3.92642	3.92642	3.92642	3.92642	3.92642	3.92642	3.92642	3.92642	3.92642	3.89836	3.6497	4.5171	4.55391	
198312	6.8601e+17	2.78926e+17	1.22059e+17	7.72276e+16	1.54455e+17	2.31683e+17	3.08911e+17	3.86138e+17	4.63366e+17	5.40593e+17	6.17821e+17	6.87454e+17	7.12836e+17	3.33166e+17	8.89202e+15	6.02814e+15	5.50655e+15	2.40968e+15	1.52462e+15	3.04925e+15	4.57387e+15	6.0985e+15	7.62312e+15	9.14775e+15	1.06724e+16	1.2197e+16	1.83546e+16	5.19624e+16	3.10679e+17	4.53317e+17	3.96949	3.92745	3.92745	3.92745	3.92745	3.92745	3.92745	3.92745	3.92745	3.92745	3.92745	3.89941	3.65082	4.51612	4.5529	
198566	6.8601e+17	2.78926e+17	1.22059e+17	7.72277e+16	1.54455e+17	2.31683e+17	3.08911e+17	3.86138e+17	4.63366e+17	5.40594e+17	6.17821e+17	6.87449e+17	7.12748e+17	3.33185e+17	8.89484e+15	6.02806e+15	5.50646e+15	2.40964e+15	1.5246e+15	3.0492e+15	4.5738e+15	6.09839e+15	7.62299e+15	9.14759e+15	1.06722e+16	1.21968e+16	1.83572e+16	5.20168e+16	3.1067e+17	4.53317e+17	3.97046	3.92849	3.92849	3.92849	3.92849	3.92849	3.92849	3.92849	3.92849	3.92849	3.92849	3.90048	3.65195	4.51511	4.55188	
198819	6.8601e+17	2.78927e+17	1.22059e+17	7.72277e+16	1.54455e+17	2.31683e+17	3.08911e+17	3.86139e+17	4.63366e+17	5.40594e+17	6.17822e+17	6.87445e+17	7.12661e+17	3.33204e+17	8.89766e+15	6.02797e+15	5.50636e+15	2.4096e+15	1.52457e+15	3.04915e+15	4.57372e+15	6.09829e+15	7.62286e+15	9.14744e+15	1.0672e+16	1.21966e+16	1.83599e+16	5.20709e+16	3.1066e+17	4.53317e+17	3.97143	3.92952	3.92952	3.92952	3.92952	3.92952	3.92952	3.92952	3.92952	3.92952	3.92952	3.90153	3.65308	4.5141	4.55085	
199070	6.8601e+17	2.78927e+17	1.22059e+17	7.72278e+16	1.54456e+17	2.31683e+17	3.08911e+17	3.86139e+17	4.63367e+17	5.40594e+17	6.17822e+17	6.87441e+17	7.12575e+17	3.33223e+17	8.90047e+15	6.02789e+15	5.50627e+15	2.40956e+15	1.52455e+15	3.0491e+15	4.57364e+15	6.09819e+15	7.62274e+15	9.14729e+15	1.06718e+16	1.21964e+16	1.83625e+16	5.21243e+16	3.10651e+17	4.53317e+17	3.97239	3.93054	3.93054	3.93054	3.93054	3.93054	3.93054	3.93054	3.93054	3.93054	3.93054	3.90258	3.65419	4.51311	4.54983	
199321	6.8601e+17	2.78927e+17	1.22059e+17	7.72278e+16	1.54456e+17	2.31683e+17	3.08911e+17	3.86139e+17	4.63367e+17	5.40595e+17	6.17822e+17	6.87437e+17	7.12489e+17	3.33243e+17	8.9033e+15	6.0278e+15	5.50618e+15	2.40952e+15	1.52452e+15	3.04904e+15	4.57357e+15	6.09809e+15	7.62261e+15	9.14713e+15	1.06717e+16	1.21962e+16	1.83651e+16	5.21776e+16	3.10642e+17	4.53317e+17	3.97335	3.93156	3.93156	3.93156	3.93156	3.93156	3.93156	3.93156	3.93156	3.93156	3.93156	3.90362	3.6553	4.51211	4.5488	
199574	6.86011e+17	2.78927e+17	1.22059e+17	7.72278e+16	1.54456e+17	2.31684e+17	3.08911e+17	3.86139e+17	4.63367e+17	5.40595e+17	6.17823e+17	6.87432e+17	7.12402e+17	3.33262e+17	8.90617e+15	6.02772e+15	5.50609e+15	2.40948e+15	1.5245e+15	3.04899e+15	4.57349e+15	6.09799e+15	7.62249e+15	9.14698e+15	1.06715e+16	1.2196e+16	1.83678e+16	5.22314e+16	3.10633e+17	4.53317e+17	3.97431	3.93259	3.93259	3.93259	3.93259	3.93259	3.93259	3.93259	3.93259	3.93259	3.93259	3.90468	3.65642	4.51109	4.54776	
199824	6.86011e+17	2.78927e+17	1.22059e+17	7.72279e+16	1.54456e+17	2.31684e+17	3.08912e+17	3.86139e+17	4.63367e+17	5.40595e+17	6.17823e+17	6.87428e+17	7.12316e+17	3.33282e+17	8.90902e+15	6.02764e+15	5.506e+15	2.40944e+15	1.52447e+15	3.04894e+15	4.57342e+15	6.09789e+15	7.62236e+15	9.14683e+15	1.06713e+16	1.21958e+16	1.83704e+16	5.22844e+16	3.10623e+17	4.53317e+17	3.97527	3.9336	3.9336	3.9336	3.9336	3.9336	3.9336	3.9336	3.9336	3.9336	3.9336	3.90572	3.65753	4.51009	4.54672	
200000	6.86011e+17	2.78927e+17	1.22059e+17	7.72279e+16	1.54456e+17	2.31684e+17	3.08912e+17	3.8614e+17	4.63367e+17	5.40595e+17	6.17823e+17	6.87425e+17	7.12256e+17	3.33295e+17	8.91103e+15	6.02758e+15	5.50594e+15	2.40941e+15	1.52445e+15	3.04891e+15	4.57336e+15	6.09782e+15	7.62227e+15	9.14673e+15	1.06712e+16	1.21956e+16	1.83722e+16	5.23215e+16	3.10617e+17	4.53317e+17	3.97594	3.93432	3.93432	3.93432	3.93432	3.93432	3.93432	3.93432	3.93432	3.93432	3.93432	3.90645	3.65831	4.50938	4.54599	
